着順,枠番,馬番,馬名,性齢,斤量,騎手,タイム,着差,単勝,人気,馬体重,調教師,race_id
1,3,6,スート,牡3,57.0,富田暁,1:26.7,,3.6,2.0,460(0),[東] 林徹,202407010101
2,5,10,ミルトコルサ,牡3,57.0,団野大成,1:27.2,3,6.1,4.0,480(+4),[西] 杉山佳明,202407010101
3,5,9,マイフォーエバー,牡3,57.0,藤岡康太,1:27.3,クビ,2.7,1.0,484(-2),[東] 矢野英一,202407010101
4,7,14,レイム,牝3,51.0,河原田菜,1:27.5,1.1/2,68.0,9.0,426(+2),[西] 高橋康之,202407010101
5,4,8,アストラカ,牡3,57.0,吉田隼人,1:27.6,1/2,4.2,3.0,494(+4),[西] 田中克典,202407010101
6,3,5,ヴィーリヤ,牝3,52.0,永島まな,1:27.7,3/4,29.4,7.0,526(0),[東] 辻哲英,202407010101
7,8,15,ウヌボレヤサン,牡3,55.0,西塚洸二,1:27.9,1.1/4,139.4,12.0,420(-8),[東] 本間忍,202407010101
8,7,13,ビロウィダダ,牡3,57.0,荻野極,1:28.2,2,92.4,11.0,474(+2),[東] 西田雄一,202407010101
9,1,2,ニースライト,牝3,55.0,柴田善臣,1:28.5,1.3/4,46.6,8.0,474(+4),[東] 粕谷昌央,202407010101
10,2,3,デルマヴェーダ,牡3,57.0,菊沢一樹,1:28.6,3/4,23.7,6.0,474(-6),[東] 菊沢隆徳,202407010101
11,4,7,パルマノーヴァ,牝3,54.0,小沢大仁,1:29.3,4,327.9,14.0,456(+2),[西] 牧田和弥,202407010101
12,8,16,リプリー,牝3,54.0,秋山稔樹,1:29.5,1.1/4,470.6,15.0,438(+2),[東] 鈴木慎太,202407010101
13,2,4,ヴェラベレッツァ,牝3,55.0,小林凌大,1:29.6,1/2,17.9,5.0,468(+14),[東] 小島茂之,202407010101
14,6,12,キタノレガーロ,牝3,52.0,川端海翼,1:29.7,1/2,202.5,13.0,448(0),[西] 坂口智康,202407010101
15,6,11,ミッレマンドルリ,牝3,52.0,水沼元輝,1:30.0,1.3/4,537.8,16.0,462(-4),[東] 和田正一,202407010101
16,1,1,ヤマニンフィリア,牝3,55.0,長岡禎仁,1:30.8,5,85.3,10.0,512(0),[西] 奥村豊,202407010101
1,7,13,メリージェーン,牝3,55.0,木幡育也,1:23.1,,5.4,2.0,476(-2),[東] 鹿戸雄一,202407010102
2,8,16,シアター,牝3,55.0,藤岡康太,1:23.1,ハナ,1.9,1.0,440(+2),[西] 茶木太樹,202407010102
3,1,1,エイシンオニキス,牝3,55.0,団野大成,1:23.4,2,34.6,8.0,418(0),[西] 渡辺薫彦,202407010102
4,8,17,エガオニナッテ,牝3,54.0,小沢大仁,1:23.6,1,9.6,4.0,452(+14),[西] 高橋康之,202407010102
5,4,7,マコトジャーベ,牝3,55.0,横山典弘,1:23.6,ハナ,16.8,6.0,468(0),[西] 昆貢,202407010102
6,7,14,ジャヴァネ,牝3,52.0,水沼元輝,1:23.7,1,189.1,15.0,414(0),[東] 加藤和宏,202407010102
7,5,10,クイーンカナロア,牝3,52.0,高杉吏麒,1:23.9,1.1/4,14.0,5.0,436(+8),[西] 藤岡健一,202407010102
8,2,4,アリーバ,牝3,55.0,北村友一,1:23.9,クビ,26.0,7.0,430(0),[西] 田中克典,202407010102
9,4,8,レジーナデッラネラ,牝3,55.0,国分恭介,1:24.0,クビ,7.1,3.0,414(+4),[東] 矢野英一,202407010102
10,1,2,グレナマディー,牝3,55.0,丸山元気,1:24.0,ハナ,37.8,9.0,416(0),[東] 田島俊明,202407010102
11,6,11,タガノアミカル,牝3,55.0,田中健,1:24.0,ハナ,51.0,10.0,452(-4),[西] 荒川義之,202407010102
12,8,18,ナムラアニカ,牝3,55.0,吉田隼人,1:24.0,クビ,81.9,13.0,436(0),[西] 鈴木孝志,202407010102
13,2,3,レッドゲート,牝3,51.0,河原田菜,1:24.2,3/4,87.9,14.0,414(0),[西] 石坂公一,202407010102
14,3,6,ボンジーア,牝3,55.0,中井裕二,1:24.4,1.1/2,369.8,18.0,428(0),[西] 茶木太樹,202407010102
15,5,9,コワン,牝3,53.0,西塚洸二,1:24.7,1.3/4,61.0,12.0,404(0),[西] 吉岡辰弥,202407010102
16,3,5,ヤマニンモルフォ,牝3,55.0,江田照男,1:24.7,クビ,216.5,16.0,458(0),[東] 村田一誠,202407010102
17,6,12,ノレッジギフト,牝3,55.0,斎藤新,1:24.9,1.1/4,243.6,17.0,448(0),[西] 奥村豊,202407010102
18,7,15,ラブリーアーニャ,牝3,52.0,永島まな,1:29.2,大,52.4,11.0,430(0),[西] 石坂公一,202407010102
1,1,1,スノーディーヴァ,牝3,53.0,西塚洸二,2:03.3,,18.0,7.0,452(0),[東] 深山雅史,202407010103
2,2,2,ピースワンデュック,牡3,57.0,柴田善臣,2:03.3,ハナ,26.1,9.0,456(0),[東] 大竹正博,202407010103
3,6,7,ルクスマーベリック,牡3,57.0,横山典弘,2:03.4,3/4,14.5,6.0,452(-4),[西] 松永幹夫,202407010103
4,8,12,シュヴェルトリリエ,牡3,57.0,三浦皇成,2:03.6,1,2.6,1.0,456(+8),[西] 矢作芳人,202407010103
5,4,4,ライフセービング,牡3,57.0,藤岡康太,2:03.9,1.3/4,4.6,3.0,456(+8),[西] 宮徹,202407010103
6,7,10,コスモカノア,牝3,52.0,永島まな,2:03.9,アタマ,25.9,8.0,372(-2),[東] 大和田成,202407010103
7,6,8,クロノネクサス,牝3,55.0,北村友一,2:04.2,2,14.3,5.0,412(0),[西] 斉藤崇史,202407010103
8,7,9,メイケイノヴァ,牝3,55.0,富田暁,2:04.4,1,503.3,10.0,408(+2),[西] 武英智,202407010103
9,5,5,ワイマング,牡3,57.0,荻野極,2:04.5,1,3.7,2.0,486(-2),[西] 池江泰寿,202407010103
10,8,11,バウンスライト,牡3,57.0,野中悠太,2:04.7,1.1/4,557.0,11.0,442(-10),[東] 中川公成,202407010103
11,3,3,カラヲヤブレ,牡3,57.0,長岡禎仁,2:05.0,1.1/2,7.8,4.0,444(0),[西] 吉村圭司,202407010103
12,5,6,サンタルチア,牝3,54.0,秋山稔樹,2:05.3,1.3/4,583.6,12.0,394(+6),[東] 小野次郎,202407010103
1,6,7,クリノフィガロ,牡3,57.0,団野大成,1:56.8,,1.7,1.0,496(-8),[西] 荒川義之,202407010104
2,7,9,メイショウムカバキ,牡3,53.0,河原田菜,1:57.1,1.3/4,7.8,3.0,504(-8),[西] 本田優,202407010104
3,1,1,エナアニマル,牡3,54.0,今村聖奈,1:57.4,1.3/4,3.5,2.0,442(0),[西] 吉田直弘,202407010104
4,7,8,マルカフェリス,牡3,56.0,小沢大仁,1:57.8,2.1/2,16.0,5.0,470(0),[西] 今野貞一,202407010104
5,5,5,レイドデザート,牡3,55.0,西塚洸二,1:58.0,1,12.2,4.0,530(-2),[西] 大根田裕,202407010104
6,4,4,アマントアスク,牝3,54.0,松本大輝,1:59.5,9,17.7,6.0,452(-4),[西] 河内洋,202407010104
7,8,11,タヌキダンス,牡3,54.0,川端海翼,1:59.6,クビ,245.9,10.0,472(0),[西] 木原一良,202407010104
8,8,10,ウインドスピード,牡3,57.0,亀田温心,1:59.7,1/2,41.6,7.0,450(-6),[西] 坂口智康,202407010104
9,6,6,ミルトヒーロー,牡3,54.0,柴田裕一,2:00.5,5,356.6,11.0,552(-20),[西] 中竹和也,202407010104
10,2,2,カスクノワール,牡3,56.0,角田大和,2:01.0,3,74.5,9.0,512(0),[西] 角田晃一,202407010104
11,3,3,キタノベルモント,牡3,54.0,永島まな,2:02.4,9,42.7,8.0,460(0),[西] 坂口智康,202407010104
1,2,3,ケイケイ,セ3,57.0,吉田隼人,1:35.3,,4.6,2.0,460(-4),[東] 杉浦宏昭,202407010105
2,2,2,ブリックワーク,牝3,55.0,斎藤新,1:35.3,アタマ,9.5,5.0,438(-4),[西] 辻野泰之,202407010105
3,8,14,レッドレクス,牡3,57.0,北村友一,1:35.4,クビ,20.0,7.0,480(0),[西] 藤原英昭,202407010105
4,8,15,レッドエヴァンス,牡3,57.0,藤岡康太,1:35.5,3/4,6.2,3.0,486(-10),[西] 音無秀孝,202407010105
5,1,1,ヴォードノエル,牝3,55.0,江田照男,1:35.6,1/2,25.1,8.0,444(+4),[東] 村田一誠,202407010105
5,6,10,エポペア,牝3,55.0,三浦皇成,1:35.6,同着,6.6,4.0,508(0),[西] 中内田充,202407010105
7,3,5,マイネルコンポート,牡3,57.0,丸山元気,1:35.7,3/4,19.9,6.0,482(+6),[東] 清水英克,202407010105
8,6,11,コト,牝3,52.0,今村聖奈,1:35.9,1.1/4,47.7,11.0,464(0),[西] 野中賢二,202407010105
9,4,6,ダノンアルム,牝3,55.0,横山典弘,1:36.1,1.1/4,2.6,1.0,448(+2),[西] 佐々木晶,202407010105
10,3,4,ソルベット,牝3,55.0,亀田温心,1:36.4,1.3/4,161.1,13.0,466(+10),[東] 久保田貴,202407010105
11,4,7,プリズマジコ,牡3,57.0,団野大成,1:36.5,1,127.0,12.0,450(0),[西] 高橋義忠,202407010105
12,7,12,ヴォーグアルタイル,牡3,57.0,柴田善臣,1:36.9,2.1/2,36.0,10.0,440(0),[東] 田中剛,202407010105
13,7,13,クレミーノ,牝3,55.0,川須栄彦,1:37.1,1.1/4,469.7,14.0,452(-16),[東] 和田雄二,202407010105
14,5,9,ラセーヌシュメール,牝3,52.0,永島まな,1:37.7,3.1/2,31.2,9.0,460(0),[東] 菊沢隆徳,202407010105
15,5,8,アブデラザール,牝3,55.0,野中悠太,1:38.2,3,645.5,15.0,366(-16),[東] 牧光二,202407010105
1,3,3,スナークラファエロ,牡3,56.0,小沢大仁,1:54.0,,17.1,6.0,474(+2),[西] 野中賢二,202407010106
2,7,12,サンライズソレイユ,牡3,57.0,藤岡康太,1:54.4,2.1/2,5.0,2.0,508(0),[西] 矢作芳人,202407010106
3,2,2,ロジアデレード,牡3,57.0,野中悠太,1:54.7,1.3/4,2.0,1.0,496(-2),[東] 稲垣幸雄,202407010106
4,7,11,クラウンシエンタ,牡3,57.0,団野大成,1:55.1,2.1/2,92.7,11.0,490(0),[東] 水野貴広,202407010106
5,8,13,パフ,牡3,57.0,三浦皇成,1:55.5,2,5.4,3.0,468(-6),[西] 橋口慎介,202407010106
6,3,4,タイセイアディクト,牡3,57.0,吉田隼人,1:56.5,6,58.6,9.0,488(+2),[東] 池上昌和,202407010106
7,4,6,グラティアスミノル,牡3,57.0,荻野極,1:56.7,3/4,147.6,14.0,496(+4),[西] 北出成人,202407010106
8,5,7,ヤマニンアラクリア,牡3,57.0,田中健,1:57.0,2,123.0,13.0,472(-8),[西] 中村直也,202407010106
9,8,14,アスタールテニウム,牡3,54.0,柴田裕一,1:57.2,1,36.6,8.0,490(-4),[西] 中竹和也,202407010106
10,6,9,ミルトパワー,牡3,57.0,斎藤新,1:57.3,1/2,59.4,10.0,502(-4),[東] 武市康男,202407010106
11,5,8,バナマンテソーロ,牡3,54.0,永島まな,1:57.7,2.1/2,9.7,4.0,500(-4),[東] 加藤士津,202407010106
12,1,1,ファイントパーズ,牝3,55.0,富田暁,1:57.9,1,113.7,12.0,454(-6),[東] 鈴木伸尋,202407010106
13,4,5,デルマヴァルナ,牡3,57.0,菅原隆一,1:57.9,クビ,12.0,5.0,470(+4),[東] 鈴木慎太,202407010106
14,6,10,スペイドアン,牡3,57.0,北村友一,1:58.2,1.3/4,32.1,7.0,496(0),[東] 加藤士津,202407010106
1,6,6,バンフィエルド,牡5,58.0,長岡禎仁,2:13.0,,26.0,5.0,430(0),[西] 緒方努,202407010107
2,4,4,ティムール,牡4,54.0,柴田裕一,2:13.4,2.1/2,1.5,1.0,466(+4),[西] 中竹和也,202407010107
3,8,9,ノートルプロメス,牡5,58.0,富田暁,2:13.4,クビ,14.4,4.0,514(+18),[西] 四位洋文,202407010107
4,1,1,リッチブラック,牡5,58.0,三浦皇成,2:13.5,クビ,5.2,3.0,478(+12),[西] 西村真幸,202407010107
5,3,3,ヴァンナチュール,牡4,57.0,吉田隼人,2:13.8,1.3/4,26.2,6.0,458(-4),[東] 林徹,202407010107
6,8,8,ゲンパチリベロ,牡6,58.0,江田照男,2:14.0,1.1/4,47.2,7.0,496(-12),[東] 西田雄一,202407010107
7,5,5,ラバタンシン,牡4,57.0,菊沢一樹,2:14.1,1/2,4.5,2.0,500(+4),[西] 寺島良,202407010107
8,7,7,マイネルキング,セ5,58.0,野中悠太,2:15.0,5,56.8,8.0,472(-8),[東] 粕谷昌央,202407010107
9,2,2,カシノインディード,牡4,56.0,秋山稔樹,2:17.4,大,98.3,9.0,476(+2),[西] 牧田和弥,202407010107
1,7,7,ダイメイセブン,牡4,54.0,河原田菜,1:55.2,,6.5,3.0,508(-6),[西] 本田優,202407010108
2,8,8,トゥピ,牝4,56.0,菊沢一樹,1:55.5,1.3/4,61.8,7.0,464(-2),[東] 田村康仁,202407010108
3,4,4,メイショウクーガー,牡4,58.0,中井裕二,1:55.5,クビ,1.5,1.0,484(-8),[西] 中内田充,202407010108
4,6,6,グロリアスヒーロー,セ5,58.0,江田照男,1:55.6,クビ,24.4,6.0,480(-2),[東] 高木登,202407010108
5,2,2,コンテナジュニア,牡6,57.0,小沢大仁,1:55.9,1.3/4,3.9,2.0,532(-4),[西] 牧浦充徳,202407010108
6,1,1,マテンロウジョイ,牡4,58.0,富田暁,1:57.3,9,13.1,4.0,456(0),[西] 四位洋文,202407010108
7,3,3,アヘッド,牝4,53.0,柴田裕一,1:57.7,2.1/2,19.0,5.0,474(+2),[西] 中竹和也,202407010108
8,5,5,シャンダス,牡5,58.0,木幡育也,1:57.9,1.1/4,236.2,8.0,484(+2),[東] 杉浦宏昭,202407010108
1,5,10,ロングファイナリー,セ8,58.0,太宰啓介,1:13.0,,16.3,7.0,486(-2),[西] 高橋亮,202407010109
2,2,4,タイキエクセロン,牡5,58.0,国分恭介,1:13.0,ハナ,6.5,3.0,500(-6),[西] 西園翔太,202407010109
3,2,3,カゲマル,牡4,58.0,吉田隼人,1:13.1,1/2,10.8,6.0,506(-6),[西] 西園正都,202407010109
4,8,16,ミユキアイラブユー,セ5,58.0,小林凌大,1:13.1,アタマ,7.9,5.0,560(-6),[東] 小島茂之,202407010109
5,6,12,アイファースキャン,牡4,58.0,丸山元気,1:13.2,クビ,60.3,13.0,490(0),[東] 根本康広,202407010109
6,3,6,ロイヤルソウル,牝5,56.0,菊沢一樹,1:13.2,クビ,85.6,15.0,472(-2),[東] 竹内正洋,202407010109
7,7,14,ヒビキ,牡4,58.0,富田暁,1:13.3,1/2,6.1,2.0,494(-6),[西] 辻野泰之,202407010109
8,4,8,サクハル,牡5,58.0,長岡禎仁,1:13.4,クビ,16.4,8.0,504(0),[西] 今野貞一,202407010109
9,6,11,サイレンスタイム,牡4,58.0,水口優也,1:13.4,クビ,6.6,4.0,492(0),[西] 安達昭夫,202407010109
10,7,13,ブルーノート,牡5,58.0,永島まな,1:13.4,クビ,38.8,11.0,508(0),[西] 梅田智之,202407010109
11,4,7,キュートヘスティア,牝5,56.0,斎藤新,1:13.6,1,27.3,9.0,460(-4),[東] 辻哲英,202407010109
12,3,5,ウイスキータイム,牝5,56.0,野中悠太,1:13.8,1.1/4,34.7,10.0,480(+2),[東] 根本康広,202407010109
13,1,2,ヤマイチエスポ,牝5,56.0,川須栄彦,1:13.8,クビ,44.6,12.0,486(-6),[西] 中尾秀正,202407010109
14,8,15,アタカンテ,牝5,56.0,西塚洸二,1:14.2,2.1/2,262.5,16.0,494(+2),[西] 藤原英昭,202407010109
15,5,9,コパノバークレー,牝4,56.0,角田大和,1:14.5,1.1/2,72.3,14.0,466(-2),[西] 渡辺薫彦,202407010109
16,1,1,エランティス,牝4,56.0,三浦皇成,1:14.6,3/4,3.5,1.0,482(+6),[西] 杉山晴紀,202407010109
1,8,9,エイカイマッケンロ,牡5,58.0,北村友一,2:00.0,,3.2,1.0,500(+4),[西] 藤原英昭,202407010110
2,7,8,ウインオーディン,牡4,58.0,三浦皇成,2:00.1,1/2,3.6,2.0,482(+8),[東] 鹿戸雄一,202407010110
3,3,3,ワレハウミノコ,牝4,56.0,富田暁,2:00.1,クビ,51.4,9.0,456(+4),[西] 武英智,202407010110
4,4,4,エルディアブロ,牡6,58.0,吉田隼人,2:00.2,クビ,21.1,7.0,456(+6),[西] 佐々木晶,202407010110
5,7,7,シーウィザード,牡4,58.0,荻野極,2:00.3,1/2,4.2,3.0,492(+10),[東] 鹿戸雄一,202407010110
6,2,2,ウン,牡5,58.0,斎藤新,2:00.4,3/4,92.4,10.0,476(+4),[西] 吉田直弘,202407010110
7,1,1,リアド,牡5,58.0,藤岡康太,2:00.6,1.1/4,16.9,6.0,484(+2),[西] 友道康夫,202407010110
8,8,10,ラレーヌデリス,牝4,56.0,横山典弘,2:00.7,クビ,4.9,4.0,444(0),[西] 安田翔伍,202407010110
9,5,5,ベリーヴィーナス,牝5,56.0,長岡禎仁,2:01.2,3,16.0,5.0,492(0),[西] 鈴木孝志,202407010110
10,6,6,ヤマニンループ,牡5,58.0,永島まな,2:02.0,5,36.1,8.0,440(0),[西] 松永幹夫,202407010110
1,5,5,アルムブラーヴ,牡5,58.0,丸山元気,1:25.1,,16.7,7.0,498(+6),[西] 川村禎彦,202407010111
2,6,8,スマートアンバー,牝4,56.0,藤岡康太,1:25.2,3/4,9.5,4.0,470(0),[西] 西園翔太,202407010111
3,1,1,ラックスアットゼア,牝4,56.0,斎藤新,1:25.3,3/4,6.9,3.0,458(-2),[東] 斎藤誠,202407010111
4,5,6,メイショウヒューマ,牡6,58.0,角田大和,1:25.5,1.1/4,35.5,11.0,502(-2),[西] 藤岡健一,202407010111
5,2,2,イグザルト,牡5,58.0,柴田善臣,1:25.8,2,2.2,1.0,502(-6),[東] 田中剛,202407010111
6,7,9,メイショウフジタカ,牡6,58.0,北村友一,1:25.9,クビ,105.5,12.0,502(+6),[西] 飯田祐史,202407010111
7,6,7,ドラゴンゴクウ,牡5,58.0,野中悠太,1:26.1,1.1/2,13.6,6.0,482(+2),[東] 根本康広,202407010111
8,7,10,ラヴケリー,牝6,56.0,亀田温心,1:26.3,3/4,13.0,5.0,454(-12),[西] 高柳大輔,202407010111
9,3,3,レーヴリアン,牝6,56.0,富田暁,1:26.3,ハナ,32.3,10.0,504(+10),[西] 緒方努,202407010111
10,8,12,ウナギノボリ,牡5,58.0,国分恭介,1:26.4,3/4,21.4,8.0,468(-4),[西] 音無秀孝,202407010111
11,8,11,フィーカ,牝5,56.0,荻野極,1:27.0,3.1/2,26.0,9.0,486(-6),[東] 矢野英一,202407010111
12,4,4,ダノンミカエル,牝4,56.0,横山典弘,1:28.0,6,4.9,2.0,402(-8),[西] 安田翔伍,202407010111
1,7,14,スクルトゥーラ,牝5,56.0,荻野極,1:21.6,,15.6,8.0,444(+8),[東] 鹿戸雄一,202407010112
2,2,3,サウンドレイラ,牝4,56.0,北村友一,1:21.6,ハナ,15.9,9.0,476(+8),[西] 渡辺薫彦,202407010112
3,4,8,クイーンオブソウル,牝4,56.0,藤岡康太,1:21.7,クビ,8.4,4.0,462(-4),[東] 林徹,202407010112
4,3,5,サク,牝5,55.0,秋山稔樹,1:21.7,クビ,3.8,1.0,460(+10),[西] 北出成人,202407010112
5,5,10,プウスカンドゥール,牝4,56.0,団野大成,1:21.8,クビ,11.6,6.0,444(+2),[西] 坂口智康,202407010112
6,8,18,ヘクトパスカル,牝5,53.0,永島まな,1:21.8,クビ,6.5,3.0,460(-4),[西] 橋口慎介,202407010112
7,8,17,キトゥンズマーチ,牝6,55.0,角田大和,1:21.9,クビ,81.7,14.0,466(-10),[東] 上原博之,202407010112
8,3,6,イコノスタシス,牝4,56.0,丸山元気,1:22.0,1/2,9.0,5.0,490(+6),[東] 古賀慎明,202407010112
9,4,7,エンブレムコード,牝6,56.0,吉田隼人,1:22.0,クビ,16.7,10.0,474(+4),[東] 尾関知人,202407010112
10,7,13,シュヴァルツリーベ,牝4,52.0,河原田菜,1:22.0,クビ,78.1,13.0,444(-4),[東] 林徹,202407010112
11,8,16,ルヴァンノワール,牝6,56.0,斎藤新,1:22.0,アタマ,157.2,16.0,464(+4),[西] 庄野靖志,202407010112
12,2,4,ホウオウカグヤ,牝5,56.0,野中悠太,1:22.2,1,266.7,18.0,418(+2),[東] 池上昌和,202407010112
13,6,12,ロギッシュ,牝4,54.0,西塚洸二,1:22.3,クビ,167.8,17.0,440(+8),[東] 西田雄一,202407010112
14,1,1,クインズカムイ,牝4,56.0,西村太一,1:22.3,ハナ,62.3,12.0,466(-10),[東] 加藤征弘,202407010112
15,7,15,ウィズダムハート,牝4,53.0,今村聖奈,1:22.5,1.1/2,37.5,11.0,430(+2),[東] 上原佑紀,202407010112
16,5,9,サザーランド,牝4,53.0,川端海翼,1:22.7,1.1/4,12.5,7.0,452(+4),[西] 小林真也,202407010112
17,1,2,アイソラシー,牝4,56.0,江田照男,1:22.8,3/4,95.1,15.0,436(0),[東] 加藤征弘,202407010112
18,6,11,トレブランシュ,牝4,56.0,三浦皇成,1:24.2,8,6.2,2.0,424(+8),[東] 稲垣幸雄,202407010112
1,4,4,エスシーヤマト,牝3,55.0,三浦皇成,1:56.7,,10.5,6.0,436(0),[東] 加藤士津,202407010201
2,4,5,ミレニアムヒロイン,牝3,55.0,戸崎圭太,1:57.4,4,6.9,5.0,432(-8),[東] 池上昌和,202407010201
3,5,7,ヒロインズクレスト,牝3,55.0,丸山元気,1:57.6,1,5.3,4.0,452(0),[西] 本田優,202407010201
4,5,6,ノーブルブランカ,牝3,55.0,北村友一,1:58.0,2.1/2,5.0,2.0,424(0),[西] 牧浦充徳,202407010201
5,8,12,エコログラシアス,牝3,55.0,横山典弘,1:59.0,6,5.2,3.0,518(0),[西] 須貝尚介,202407010201
6,3,3,マダムカリーニョ,牝3,55.0,菅原明良,1:59.7,4,32.0,8.0,498(0),[東] 高木登,202407010201
7,7,11,メイケイアリッサム,牝3,52.0,柴田裕一,1:59.7,クビ,298.1,13.0,434(-4),[西] 中竹和也,202407010201
8,1,1,ウェイトゥゴー,牝3,55.0,藤岡康太,2:00.2,3,3.8,1.0,460(-8),[西] 須貝尚介,202407010201
9,2,2,パナマテソーロ,牝3,54.0,原優介,2:01.2,6,17.4,7.0,488(-4),[東] 畠山吉宏,202407010201
10,7,10,テンノナウシカ,牝3,52.0,高杉吏麒,2:01.4,1.1/4,272.1,12.0,414(-12),[西] 高柳大輔,202407010201
11,8,13,グランテミス,牝3,55.0,国分恭介,2:03.7,大,35.0,9.0,444(-6),[西] 牧田和弥,202407010201
12,6,8,ピースソックス,牝3,55.0,幸英明,2:04.2,3,38.1,11.0,426(+4),[東] 牧光二,202407010201
13,6,9,トウエンノチカイ,牝3,55.0,吉田隼人,2:06.7,大,35.5,10.0,544(+4),[東] 竹内正洋,202407010201
1,6,12,ミッキードラマー,牡3,57.0,菊沢一樹,1:13.7,,4.8,2.0,522(-6),[東] 菊沢隆徳,202407010202
2,7,13,ソニックロプロス,牡3,57.0,川田将雅,1:13.9,1,2.4,1.0,498(-4),[東] 加藤士津,202407010202
3,1,2,エブリモーメント,牡3,57.0,菅原明良,1:14.0,3/4,8.4,5.0,480(-6),[西] 牧田和弥,202407010202
4,4,8,ボビーニクビッタケ,牝3,55.0,藤岡康太,1:14.6,3.1/2,6.4,4.0,452(-4),[西] 宮徹,202407010202
5,2,3,デュアル,牡3,53.0,河原田菜,1:14.8,1.1/4,5.6,3.0,486(-2),[西] 野中賢二,202407010202
6,2,4,サンスイシサン,牡3,56.0,秋山稔樹,1:15.3,3.1/2,169.5,12.0,432(-8),[東] 加藤和宏,202407010202
7,3,5,ティファニジェンヌ,牝3,55.0,戸崎圭太,1:15.6,1.1/2,22.5,7.0,450(+2),[東] 和田勇介,202407010202
7,7,14,レンジャーズハウス,牡3,57.0,三浦皇成,1:15.6,同着,83.1,8.0,474(-10),[東] 尾関知人,202407010202
9,4,7,シモグリ,牡3,57.0,丸山元気,1:15.8,1.1/2,159.5,11.0,472(-1),[東] 根本康広,202407010202
10,5,9,ブルパーチェ,セ3,56.0,角田大和,1:16.1,1.3/4,190.1,13.0,506(0),[東] 千葉直人,202407010202
11,5,10,オプションプラン,牡3,57.0,斎藤新,1:16.2,クビ,366.5,14.0,484(0),[東] 加藤和宏,202407010202
12,3,6,タマハガネ,牡3,54.0,川端海翼,1:16.4,1.1/2,637.5,16.0,392(-6),[西] 荒川義之,202407010202
13,8,15,イニシエ,牡3,57.0,幸英明,1:16.7,1.3/4,86.9,9.0,472(0),[西] 飯田祐史,202407010202
14,8,16,パラベイド,牡3,56.0,原優介,1:17.4,4,137.4,10.0,522(0),[東] 堀内岳志,202407010202
15,1,1,ブイキャット,牝3,55.0,横山典弘,1:17.7,1.1/2,10.7,6.0,410(-4),[西] 北出成人,202407010202
16,6,11,プッティー,牝3,53.0,西塚洸二,1:18.4,4,617.6,15.0,448(-10),[東] 本間忍,202407010202
1,4,7,コーティアスマナー,牝3,55.0,川田将雅,1:22.5,,2.4,1.0,442(-2),[西] 高橋義忠,202407010203
2,5,9,ストレイトアスク,牝3,53.0,西塚洸二,1:22.5,クビ,72.2,11.0,424(-14),[西] 藤原英昭,202407010203
3,2,4,リュサントノレ,牝3,54.0,角田大和,1:22.6,クビ,8.9,4.0,440(-16),[西] 音無秀孝,202407010203
4,6,12,シュブロンレーヴル,牝3,55.0,長岡禎仁,1:22.7,3/4,43.8,8.0,416(+10),[西] 杉山佳明,202407010203
5,1,1,シュトローム,牡3,57.0,幸英明,1:22.9,1,5.0,3.0,446(0),[西] 石橋守,202407010203
6,4,8,ツキヨノウサギ,牝3,54.0,秋山稔樹,1:22.9,クビ,70.8,10.0,394(-14),[西] 奥村豊,202407010203
7,1,2,メイザーキック,牝3,55.0,吉田隼人,1:23.0,クビ,3.9,2.0,418(+4),[東] 竹内正洋,202407010203
8,8,16,シャーリーゴールド,牝3,55.0,戸崎圭太,1:23.2,1.1/4,16.9,6.0,446(-6),[西] 須貝尚介,202407010203
9,7,13,メイショウライメイ,牡3,57.0,丸山元気,1:23.2,クビ,123.9,13.0,456(0),[西] 本田優,202407010203
10,3,5,ニエキヤ,牝3,55.0,菅原明良,1:23.2,クビ,11.2,5.0,396(-10),[西] 清水久詞,202407010203
11,5,10,リプレット,牝3,52.0,川端海翼,1:23.4,1.1/4,48.4,9.0,398(-4),[西] 飯田祐史,202407010203
12,3,6,ジオパークピリカ,牝3,55.0,荻野極,1:23.6,1,115.2,12.0,402(-14),[西] 長谷川浩,202407010203
13,8,18,カフジニホニウム,牡3,54.0,柴田裕一,1:24.3,4,284.5,16.0,478(0),[西] 矢作芳人,202407010203
14,6,11,メイゲツ,牡3,56.0,小沢大仁,1:24.8,3.1/2,147.6,14.0,470(0),[西] 庄野靖志,202407010203
15,8,17,セールヴォラン,牡3,57.0,池添謙一,1:25.7,5,35.7,7.0,452(+8),[西] 北出成人,202407010203
16,7,15,エムティリラ,牝3,55.0,菊沢一樹,1:26.2,3,572.2,18.0,412(+2),[東] 小野次郎,202407010203
17,7,14,クリノローレライ,牝3,55.0,川須栄彦,1:26.3,1/2,552.5,17.0,430(+10),[西] 長谷川浩,202407010203
18,2,3,エンタブラチュア,牝3,54.0,原優介,1:26.3,クビ,196.3,15.0,404(0),[西] 小栗実,202407010203
1,8,10,パッカパッカブー,牡3,57.0,戸崎圭太,2:04.0,,6.8,4.0,480(+2),[西] 須貝尚介,202407010204
2,3,3,ケンジョー,牡3,57.0,川田将雅,2:04.0,ハナ,3.3,2.0,480(-10),[西] 中内田充,202407010204
3,6,6,グロバーテソーロ,牡3,57.0,菅原明良,2:04.6,4,4.3,3.0,500(-4),[東] 高木登,202407010204
4,1,1,フランクエフェクト,牡3,57.0,丸山元気,2:05.0,2.1/2,32.5,6.0,560(+2),[東] 木村哲也,202407010204
5,7,8,クリスタルニクス,牡3,57.0,伊藤工真,2:05.5,3,189.3,11.0,448(0),[東] 林徹,202407010204
6,7,9,ブルーワール,牡3,57.0,ルメール,2:05.6,クビ,2.5,1.0,494(-4),[西] 高柳大輔,202407010204
7,5,5,スズノレイライン,牡3,57.0,北村友一,2:05.7,1/2,33.3,7.0,500(-8),[西] 平田修,202407010204
8,2,2,エムバランス,牡3,57.0,国分恭介,2:05.9,1.1/2,104.2,10.0,484(+2),[西] 西園翔太,202407010204
9,8,11,スティングビー,牡3,57.0,三浦皇成,2:06.0,1/2,69.7,9.0,466(-4),[東] 武井亮,202407010204
10,6,7,アーススピリット,牡3,56.0,原優介,2:06.5,2.1/2,57.3,8.0,520(+4),[東] 粕谷昌央,202407010204
11,4,4,サトノジーニー,牡3,57.0,幸英明,2:07.7,7,14.5,5.0,464(+12),[西] 橋口慎介,202407010204
1,2,2,オールセインツ,牡3,57.0,藤岡康太,2:17.1,,9.3,3.0,500(0),[西] 友道康夫,202407010205
2,8,11,アスクカムオンモア,牡3,57.0,北村友一,2:17.2,1/2,3.3,2.0,494(-8),[西] 藤原英昭,202407010205
3,7,9,サンブノワ,牡3,57.0,ルメール,2:17.5,1.3/4,1.5,1.0,516(-2),[西] 斉藤崇史,202407010205
4,1,1,ルクスチェリー,牝3,51.0,河原田菜,2:18.0,3,97.9,8.0,488(-2),[西] 石橋守,202407010205
5,6,6,ジーティーエイト,牡3,57.0,丸山元気,2:18.0,クビ,10.9,4.0,498(0),[西] 畑端省吾,202407010205
6,6,7,ファルギュラント,牡3,57.0,伊藤工真,2:18.0,ハナ,60.1,7.0,414(-2),[東] 林徹,202407010205
7,5,5,ゴールデンステップ,牝3,55.0,菊沢一樹,2:18.1,1/2,146.0,10.0,484(-10),[東] 和田勇介,202407010205
8,8,10,アラナコア,牡3,57.0,幸英明,2:18.4,2,22.3,5.0,502(0),[西] 田中克典,202407010205
9,3,3,レッドハルバード,セ3,57.0,斎藤新,2:18.4,ハナ,103.4,9.0,458(-14),[東] 尾関知人,202407010205
10,7,8,ボスコヴェローチェ,牡3,57.0,吉田隼人,2:19.2,5,42.3,6.0,552(0),[西] 武幸四郎,202407010205
11,4,4,ポーラーシュテルン,牝3,54.0,原優介,2:19.6,2.1/2,168.4,11.0,478(-4),[東] 青木孝文,202407010205
1,5,5,シンボリックレルム,牝5,56.0,三浦皇成,1:55.8,,13.1,6.0,488(-6),[東] 水野貴広,202407010206
2,4,4,ロフティーイデアル,牝4,56.0,戸崎圭太,1:55.8,クビ,1.7,1.0,452(-12),[東] 林徹,202407010206
3,8,10,ラズライト,牝5,54.0,西塚洸二,1:56.0,1,40.2,9.0,442(-6),[東] 松山将樹,202407010206
4,2,2,タガノチョコラータ,牝4,53.0,柴田裕一,1:56.4,2.1/2,6.7,3.0,502(-6),[西] 角田晃一,202407010206
5,6,6,リノアラ,牝5,55.0,小沢大仁,1:57.0,4,33.6,8.0,432(+2),[西] 今野貞一,202407010206
6,3,3,ジュエルマイスター,牝4,56.0,斎藤新,1:57.3,2,8.3,4.0,482(-6),[東] 辻哲英,202407010206
7,1,1,オランジー,牝4,55.0,原優介,1:57.5,1.1/4,21.7,7.0,444(+6),[東] 青木孝文,202407010206
8,7,8,パルメリータ,牝4,56.0,幸英明,1:57.6,クビ,6.5,2.0,482(-4),[西] 西園正都,202407010206
9,7,7,レクランスリール,牝4,56.0,川須栄彦,1:58.3,4,105.8,10.0,456(+4),[西] 小林真也,202407010206
10,8,9,ムガ,牝5,56.0,菅原明良,1:59.2,5,12.2,5.0,474(0),[西] 高橋一哉,202407010206
1,8,9,アイルシャイン,牡4,58.0,横山典弘,1:33.9,,13.9,5.0,486(+2),[西] 新谷功一,202407010207
2,7,8,ホウオウムサシ,牡4,58.0,川田将雅,1:34.0,クビ,1.7,1.0,444(-6),[東] 蛯名正義,202407010207
3,1,1,レオンバローズ,牡5,58.0,菅原明良,1:34.0,クビ,4.7,2.0,472(-6),[西] 渡辺薫彦,202407010207
4,8,10,エールトゥヘヴン,牡5,58.0,ルメール,1:34.1,3/4,6.7,3.0,466(-2),[東] 戸田博文,202407010207
5,2,2,アクートゥス,牡4,56.0,西塚洸二,1:34.3,1,13.4,4.0,466(+2),[西] 藤原英昭,202407010207
6,3,3,レディズビーク,牝5,56.0,戸崎圭太,1:34.3,ハナ,14.8,6.0,464(-2),[西] 池江泰寿,202407010207
7,4,4,レッドアーバイン,牡4,58.0,三浦皇成,1:34.3,ハナ,27.2,7.0,484(-16),[東] 手塚貴久,202407010207
8,7,7,シルバースペード,牡4,57.0,秋山稔樹,1:34.4,1/2,54.6,10.0,482(-6),[東] 小野次郎,202407010207
9,6,6,ノットファウンド,牝4,56.0,幸英明,1:34.7,2,42.3,9.0,498(+8),[東] 国枝栄,202407010207
10,5,5,ダークブロンド,牝4,56.0,北村友一,1:35.1,2,31.8,8.0,420(+2),[西] 高橋亮,202407010207
1,4,4,エゾダイモン,牡4,58.0,ルメール,2:03.4,,1.7,1.0,472(+4),[西] 武幸四郎,202407010208
2,1,1,ネビュルーズ,牡4,58.0,菅原明良,2:03.4,アタマ,5.6,3.0,482(-2),[東] 鹿戸雄一,202407010208
3,2,2,ヴェルテンベルク,牡4,58.0,藤岡康太,2:03.7,1.1/2,3.3,2.0,472(+2),[西] 宮本博,202407010208
4,6,6,フェスティヴビーム,牡4,57.0,原優介,2:04.1,2.1/2,18.4,5.0,456(+8),[東] 畠山吉宏,202407010208
5,8,8,デオヴォレンティ,牝4,55.0,秋山稔樹,2:04.1,アタマ,24.7,6.0,444(-6),[東] 蛯名利弘,202407010208
6,3,3,ブロンディール,牝4,54.0,西塚洸二,2:04.1,クビ,44.9,7.0,466(0),[東] 深山雅史,202407010208
7,7,7,クリノエンジェル,牝4,55.0,角田大和,2:04.5,2.1/2,91.3,8.0,468(+12),[西] 畑端省吾,202407010208
8,5,5,シロノクミキョク,牝4,56.0,戸崎圭太,2:04.8,1.3/4,11.4,4.0,442(0),[東] 鈴木伸尋,202407010208
1,3,3,リュミエールノワル,牡5,55.0,吉田隼人,1:20.6,,3.6,1.0,476(+8),[東] 上原佑紀,202407010209
2,8,10,ベジェサ,牝5,52.0,北村友一,1:20.8,1.1/4,39.2,10.0,488(+4),[西] 飯田祐史,202407010209
3,6,7,ウインバグース,牡5,57.0,三浦皇成,1:20.8,ハナ,10.4,6.0,484(+2),[西] 西園正都,202407010209
4,4,4,サトノグレイト,セ4,56.0,池添謙一,1:21.0,1.1/4,13.9,7.0,498(+8),[西] 中竹和也,202407010209
5,7,8,エールレヴリー,牝4,54.0,ルメール,1:21.1,1/2,4.5,2.0,480(-2),[西] 武英智,202407010209
6,7,9,システムリブート,牡4,55.0,菅原明良,1:21.1,クビ,5.6,4.0,512(-2),[西] 吉岡辰弥,202407010209
7,2,2,ミスヨコハマ,牝4,53.0,斎藤新,1:21.5,2,34.0,9.0,470(-2),[東] 斎藤誠,202407010209
8,5,5,マルクパージュ,牝4,51.0,荻野極,1:21.5,クビ,22.5,8.0,408(-4),[西] 斉藤崇史,202407010209
9,1,1,ビーナスローズ,牝5,53.0,藤岡康太,1:21.7,1.1/2,5.2,3.0,440(-2),[西] 杉山佳明,202407010209
10,6,6,キモンリッキー,牡5,53.0,原優介,1:22.1,2.1/2,161.1,11.0,488(0),[西] 村山明,202407010209
11,8,11,ウルトラソニック,牡6,56.0,川須栄彦,1:22.3,1.1/2,8.6,5.0,482(0),[西] 中尾秀正,202407010209
1,6,6,チカッパ,牡3,57.0,三浦皇成,1:25.4,,5.1,4.0,482(0),[西] 中竹和也,202407010210
2,2,2,ジョージテソーロ,牡3,57.0,原優介,1:25.4,ハナ,3.5,2.0,460(-10),[東] 嘉藤貴行,202407010210
3,7,7,ナスティウェザー,牡3,57.0,ルメール,1:25.5,3/4,4.2,3.0,468(+8),[東] 加藤征弘,202407010210
4,8,8,アイアムユウシュン,牡3,57.0,戸崎圭太,1:25.7,1.1/2,7.4,5.0,506(-2),[東] 奥平雅士,202407010210
5,8,9,フラムリンガム,牡3,57.0,川田将雅,1:26.1,2,2.8,1.0,492(+2),[西] 田中克典,202407010210
6,4,4,ペッパーミル,牡3,57.0,幸英明,1:26.6,3,103.3,8.0,498(0),[東] 加藤士津,202407010210
7,5,5,エンブレムボム,牡3,57.0,吉田隼人,1:27.0,2.1/2,65.0,7.0,506(0),[西] 森秀行,202407010210
8,1,1,タリスマン,牡3,57.0,伊藤工真,1:27.4,2.1/2,270.5,9.0,468(-2),[東] 金成貴史,202407010210
9,3,3,アンシール,牡3,57.0,藤岡康太,1:27.5,3/4,34.6,6.0,480(+6),[西] 小崎憲,202407010210
1,4,4,プログノーシス,牡6,58.0,川田将雅,1:57.6,,2.7,2.0,480(+9),[西] 中内田充,202407010211
2,3,3,ドゥレッツァ,牡4,59.0,ルメール,1:58.4,5,1.9,1.0,472(+4),[東] 尾関知人,202407010211
3,5,6,ヨーホーレイク,牡6,57.0,藤岡康太,1:58.5,1,20.9,6.0,522(+14),[西] 友道康夫,202407010211
4,8,12,ハヤヤッコ,牡8,57.0,幸英明,1:58.7,1.1/2,43.7,8.0,490(+6),[東] 国枝栄,202407010211
5,7,10,アラタ,牡7,57.0,横山典弘,1:58.7,アタマ,53.1,9.0,474(-6),[東] 和田勇介,202407010211
6,2,2,ワイドエンペラー,牡6,57.0,高杉吏麒,1:58.8,クビ,246.4,12.0,504(+4),[西] 藤岡健一,202407010211
7,4,5,ブレイヴロッカー,牡4,57.0,丸山元気,1:58.9,3/4,84.4,10.0,466(-2),[西] 本田優,202407010211
8,7,11,エアサージュ,牡6,57.0,池添謙一,1:59.2,1.3/4,15.7,5.0,530(-2),[西] 池添学,202407010211
9,8,13,レッドジェネシス,セ6,57.0,角田大和,1:59.5,2,362.4,13.0,498(-6),[西] 小林真也,202407010211
10,5,7,ヤマニンサルバム,牡5,57.0,三浦皇成,2:00.0,3,10.2,3.0,512(+10),[西] 中村直也,202407010211
11,6,8,バラジ,セ5,57.0,菅原明良,2:00.2,1,163.5,11.0,508(-4),[東] 鹿戸雄一,202407010211
12,6,9,ノッキングポイント,牡4,57.0,戸崎圭太,2:00.3,3/4,12.6,4.0,494(+2),[東] 木村哲也,202407010211
13,1,1,シーズンリッチ,牡4,57.0,吉田隼人,2:01.3,6,31.6,7.0,518(+26),[東] 久保田貴,202407010211
1,3,5,アルシオーネ,牡6,58.0,川田将雅,1:24.0,,3.6,1.0,514(-2),[西] 須貝尚介,202407010212
2,2,4,エイシンレジューム,牡4,58.0,藤岡康太,1:25.2,7,5.8,4.0,516(-8),[西] 中尾秀正,202407010212
3,3,6,グッドウッドガイ,牡5,58.0,中井裕二,1:25.4,1.1/4,28.5,8.0,526(0),[西] 村山明,202407010212
4,4,7,セミマル,牡4,58.0,三浦皇成,1:25.5,1/2,19.4,6.0,522(+16),[西] 西村真幸,202407010212
5,7,13,スペンサーバローズ,牡4,58.0,吉田隼人,1:25.7,1,14.4,5.0,480(0),[東] 蛯名正義,202407010212
6,8,15,ハッピーロンドン,牡4,58.0,菊沢一樹,1:25.9,1.1/2,3.8,3.0,478(+2),[東] 菊沢隆徳,202407010212
7,6,11,ベネロングポイント,牡5,58.0,戸崎圭太,1:26.3,2.1/2,3.8,2.0,500(0),[東] 和田正一,202407010212
8,7,14,シンエン,牡5,58.0,荻野極,1:26.4,1/2,55.3,9.0,494(-4),[西] 松下武士,202407010212
9,1,1,ロードブライト,牡5,58.0,菅原明良,1:26.5,1/2,20.4,7.0,520(-14),[東] 和田勇介,202407010212
10,4,8,キャロライナリーパ,牝6,56.0,斎藤新,1:26.6,3/4,57.6,10.0,478(-2),[東] 田村康仁,202407010212
11,8,16,クラックオブドーン,セ4,57.0,角田大和,1:26.8,1.1/4,294.2,14.0,464(-10),[東] 中舘英二,202407010212
12,2,3,グランヒマラヤ,牡4,56.0,西塚洸二,1:26.9,1/2,112.5,13.0,508(+4),[東] 松山将樹,202407010212
13,1,2,トリグラフ,牡5,58.0,幸英明,1:27.0,クビ,67.4,11.0,464(+10),[東] 松山将樹,202407010212
14,5,9,アファン,牝5,55.0,小沢大仁,1:27.5,3,76.9,12.0,502(+1),[西] 平田修,202407010212
15,5,10,ピューリファイ,牡5,58.0,北村友一,1:29.6,大,346.2,16.0,450(-9),[西] 小崎憲,202407010212
16,6,12,インセプション,牡4,58.0,丸山元気,1:35.4,大,328.2,15.0,458(-16),[東] 和田雄二,202407010212
1,4,7,クインズシャウラ,牝3,53.0,西塚洸二,1:13.7,,55.8,7.0,416(0),[西] 野中賢二,202407010301
2,1,2,エンジェルスノー,牝3,55.0,幸英明,1:13.7,アタマ,5.1,3.0,460(-6),[西] 岡田稲男,202407010301
3,7,14,ゴールデンチップス,牝3,55.0,三浦皇成,1:13.9,1.1/4,15.5,5.0,500(-10),[西] 須貝尚介,202407010301
4,5,9,トランジェント,牝3,55.0,団野大成,1:14.1,1.1/4,2.9,2.0,474(-6),[西] 長谷川浩,202407010301
5,3,6,ウィズアリープ,牝3,55.0,西村淳也,1:14.3,1.1/2,2.4,1.0,476(-6),[西] 杉山晴紀,202407010301
6,6,11,ガメイラヴァー,牝3,55.0,本田正重,1:15.1,5,130.0,11.0,490(0),[東] 大竹正博,202407010301
7,6,12,シャビーシック,牝3,52.0,高杉吏麒,1:15.2,1/2,175.1,12.0,480(+12),[西] 西村真幸,202407010301
8,1,1,ハーデンベルギア,牝3,55.0,内田博幸,1:15.6,2.1/2,177.6,13.0,434(-4),[東] 南田美知,202407010301
9,2,4,カシノレッヒエルン,牝3,52.0,鷲頭虎太,1:15.6,クビ,181.5,14.0,476(-8),[東] 蛯名利弘,202407010301
10,8,16,ハクサンソヌス,牝3,55.0,藤岡康太,1:15.8,3/4,119.8,10.0,450(-2),[東] 加藤士津,202407010301
11,2,3,ユキノフルマチ,牝3,55.0,菊沢一樹,1:15.8,ハナ,67.0,9.0,470(-4),[東] 矢野英一,202407010301
12,4,8,ルージュルージュ,牝3,52.0,今村聖奈,1:16.0,1.1/2,341.5,16.0,432(-18),[東] 池上昌和,202407010301
13,3,5,アルムラジャスタン,牝3,52.0,永島まな,1:16.1,1/2,38.8,6.0,484(0),[西] 平田修,202407010301
14,8,15,プリドラ,牝3,55.0,吉田隼人,1:16.3,1.1/4,56.7,8.0,498(0),[東] 尾形和幸,202407010301
15,5,10,ライネスヘルツ,牝3,55.0,松山弘平,1:16.8,3,7.8,4.0,414(-8),[東] 上原博之,202407010301
16,7,13,メメフェリーチェ,牝3,51.5,河原田菜,1:18.0,7,210.3,15.0,488(0),[西] 渡辺薫彦,202407010301
1,5,6,タイセイミッション,牡3,57.0,藤岡康太,1:55.0,,4.2,2.0,518(+2),[東] 伊藤圭三,202407010302
2,4,5,アンドゥーラ,牡3,57.0,横山武史,1:55.6,4,11.9,5.0,466(-4),[西] 須貝尚介,202407010302
3,4,4,シェアホルダーズ,牡3,56.0,角田大河,1:56.1,2.1/2,2.0,1.0,470(-4),[西] 松永幹夫,202407010302
4,7,11,クラウンアラビアン,牡3,56.0,角田大和,1:56.6,3,4.5,3.0,476(0),[西] 角田晃一,202407010302
5,1,1,ユイノサンバンカン,牡3,54.0,今村聖奈,1:56.9,1.3/4,38.8,7.0,460(0),[東] 深山雅史,202407010302
6,7,10,シセイダイキ,牡3,54.0,橋木太希,1:57.0,1,169.3,10.0,494(-6),[西] 北出成人,202407010302
7,8,13,レッドモンストル,牡3,57.0,西村淳也,1:57.2,1,8.1,4.0,476(-20),[西] 辻野泰之,202407010302
8,6,9,ヤマニントゥルシー,牡3,57.0,富田暁,1:57.2,クビ,52.3,8.0,474(0),[西] 木原一良,202407010302
9,8,12,ファイアーサイン,牡3,54.0,水沼元輝,1:57.3,クビ,116.0,9.0,452(-4),[東] 石栗龍彦,202407010302
10,5,7,スターティアラ,牝3,52.0,高杉吏麒,1:57.4,1/2,253.2,11.0,462(-2),[西] 高柳大輔,202407010302
11,3,3,マーゴットエクラ,牝3,55.0,本田正重,1:57.6,1.1/4,403.8,13.0,462(+4),[東] 伊坂重信,202407010302
12,6,8,ワンダーハヤセ,牡3,53.0,河原田菜,1:57.8,1.1/2,284.3,12.0,520(0),[西] 渡辺薫彦,202407010302
13,2,2,クアトロジャック,牡3,57.0,幸英明,1:58.1,1.3/4,32.5,6.0,468(+4),[西] 庄野靖志,202407010302
1,4,8,アウェイキング,牡3,57.0,川田将雅,1:08.9,,2.2,1.0,500(+8),[西] 矢作芳人,202407010303
2,3,5,ブルボンクイーン,牝3,54.0,角田大河,1:09.4,3,4.7,2.0,470(-2),[西] 角田晃一,202407010303
3,2,4,サクソフィーナ,牝3,55.0,北村友一,1:09.6,1.1/2,64.7,9.0,476(+4),[東] 田中博康,202407010303
4,8,18,ジョーメッドヴィン,牡3,57.0,松山弘平,1:09.7,クビ,7.1,4.0,500(-2),[西] 清水久詞,202407010303
5,4,7,シームレス,牝3,55.0,斎藤新,1:09.7,ハナ,76.9,10.0,428(-4),[西] 小林真也,202407010303
6,7,14,カチヌキマリコ,牝3,55.0,横山武史,1:09.7,ハナ,20.0,6.0,406(-8),[東] 天間昭一,202407010303
7,7,13,オタルグリーン,牝3,55.0,北村宏司,1:09.7,クビ,27.5,7.0,428(-2),[西] 中竹和也,202407010303
8,6,12,ロードトレイル,牡3,54.0,高杉吏麒,1:09.8,1/2,5.4,3.0,476(+2),[西] 藤岡健一,202407010303
9,8,16,ピエナリオン,牝3,51.5,河原田菜,1:09.9,クビ,149.2,12.0,446(0),[西] 奥村豊,202407010303
10,3,6,マーシャルテイル,牡3,57.0,西村淳也,1:10.2,2,9.8,5.0,468(+6),[西] 池添学,202407010303
11,1,1,オキャン,牝3,55.0,幸英明,1:10.3,クビ,58.8,8.0,426(-4),[東] 加藤士津,202407010303
12,8,17,プエルトガレラ,牡3,57.0,菊沢一樹,1:10.7,2.1/2,538.6,18.0,442(-6),[東] 小笠倫弘,202407010303
13,2,3,キタノワイオリ,牝3,52.0,水沼元輝,1:10.8,1/2,508.3,17.0,390(-18),[東] 本間忍,202407010303
14,6,11,ミッキージャスミン,牝3,55.0,吉田隼人,1:11.3,3,103.9,11.0,442(0),[西] 音無秀孝,202407010303
15,5,10,ビービーピケット,牝3,52.0,鷲頭虎太,1:11.6,2,391.5,15.0,404(-4),[東] 久保田貴,202407010303
16,5,9,キーナイス,牝3,52.0,永島まな,1:11.7,3/4,274.4,13.0,388(-2),[東] 黒岩陽一,202407010303
17,7,15,ニシノプリモ,牝3,52.0,今村聖奈,1:11.9,1.1/4,465.1,16.0,388(-2),[東] 加藤和宏,202407010303
18,1,2,ダイメイコスズ,牡3,57.0,荻野極,1:16.4,大,383.6,14.0,468(0),[西] 森田直行,202407010303
1,4,4,コルレオニス,牡3,57.0,藤岡康太,1:59.6,,2.4,1.0,446(0),[西] 友道康夫,202407010304
2,1,1,ワンダーフェロー,牡3,57.0,高倉稜,1:59.9,1.3/4,25.0,7.0,470(0),[西] 杉山晴紀,202407010304
3,6,8,カリーニョ,牡3,57.0,西村淳也,2:00.4,3,4.8,3.0,458(-6),[西] 杉山晴紀,202407010304
4,3,3,キュクヌス,牝3,55.0,松山弘平,2:00.6,1.1/2,47.6,10.0,444(0),[西] 池江泰寿,202407010304
5,2,2,ロードオールライト,牡3,57.0,川田将雅,2:00.7,1/2,4.5,2.0,518(0),[西] 中内田充,202407010304
6,8,11,タイキジパング,牡3,57.0,菊沢一樹,2:01.5,5,34.0,9.0,478(-10),[東] 菊沢隆徳,202407010304
7,8,12,トーマスフレア,牡3,57.0,浜中俊,2:01.8,2,100.7,11.0,500(+2),[西] 四位洋文,202407010304
8,7,9,コスモベラエステラ,牡3,57.0,横山武史,2:01.9,1/2,12.1,5.0,450(-2),[西] 清水久詞,202407010304
9,5,6,サトノジール,牝3,52.0,永島まな,2:02.1,1.1/4,24.4,6.0,408(-4),[東] 蛯名正義,202407010304
10,7,10,マーゴットメネス,牡3,57.0,本田正重,2:02.3,1.1/4,686.3,12.0,470(-2),[東] 伊坂重信,202407010304
11,6,7,ホウショウリナ,牝3,55.0,幸英明,2:02.3,アタマ,6.5,4.0,492(-6),[西] 河内洋,202407010304
12,5,5,ダンツタロン,牡3,57.0,丸山元気,2:03.2,5,29.8,8.0,480(-8),[西] 本田優,202407010304
1,4,7,カゼノランナー,牡3,57.0,西村淳也,1:58.8,,3.5,2.0,516(+6),[西] 松永幹夫,202407010305
2,2,2,カズタンジャー,牡3,57.0,川田将雅,1:59.8,6,1.6,1.0,484(-8),[西] 新谷功一,202407010305
3,7,12,ショウナンハルク,牡3,57.0,三浦皇成,2:02.0,大,6.9,3.0,506(+2),[東] 栗田徹,202407010305
4,3,5,アルファウィンザー,牡3,57.0,北村宏司,2:03.3,8,101.7,7.0,450(-4),[東] 田村康仁,202407010305
5,3,4,ラブリーポップ,牡3,54.0,水沼元輝,2:03.3,アタマ,177.8,9.0,450(+4),[東] 石栗龍彦,202407010305
6,8,14,アドアプローズ,牡3,57.0,菊沢一樹,2:03.3,ハナ,196.6,11.0,454(+4),[東] 小手川準,202407010305
7,5,8,ヴェントデグロリア,牡3,57.0,内田博幸,2:03.4,3/4,323.1,14.0,504(-4),[東] 堀内岳志,202407010305
8,6,10,ロイドール,牡3,57.0,藤岡康太,2:03.4,ハナ,7.5,4.0,516(-8),[西] 武幸四郎,202407010305
9,1,1,レオボヌール,牡3,57.0,古川吉洋,2:03.5,1/2,78.3,6.0,472(0),[東] 萱野浩二,202407010305
10,4,6,インジケーター,牡3,54.0,今村聖奈,2:03.8,1.3/4,158.3,8.0,492(0),[西] 高橋康之,202407010305
11,6,11,セルリアンコバルト,牡3,57.0,国分恭介,2:04.0,1,230.4,13.0,466(0),[西] 緒方努,202407010305
12,8,15,メイショウコナン,牡3,57.0,団野大成,2:04.0,ハナ,21.5,5.0,512(0),[西] 荒川義之,202407010305
13,5,9,ストーミーラン,牡3,57.0,斎藤新,2:04.3,1.3/4,506.9,15.0,476(-6),[東] 尾形和幸,202407010305
14,2,3,ゴールドプレイ,牡3,57.0,幸英明,2:04.6,1.3/4,190.6,10.0,464(-4),[西] 石坂公一,202407010305
15,7,13,ピースウォリアー,牡3,57.0,荻野極,2:05.9,8,225.9,12.0,482(0),[西] 北出成人,202407010305
1,1,1,ジェモロジー,牝4,56.0,松山弘平,1:59.8,,1.5,1.0,492(0),[西] 橋口慎介,202407010306
2,4,4,エイトスターズ,牝4,56.0,吉田隼人,1:59.9,1/2,10.2,4.0,474(+2),[西] 坂口智康,202407010306
3,6,6,ヴィスパメンテ,牝5,56.0,横山武史,2:01.0,7,4.7,2.0,472(-8),[東] 嘉藤貴行,202407010306
4,7,7,チャイボーグ,牝4,56.0,古川吉洋,2:01.0,クビ,174.7,8.0,470(+4),[東] 的場均,202407010306
5,2,2,ナンヨーウイング,牝4,52.0,河原田菜,2:01.5,3,94.1,6.0,440(+6),[東] 宗像義忠,202407010306
6,5,5,タガノトラリア,牝4,56.0,団野大成,2:01.7,1.1/4,10.4,5.0,442(-4),[西] 斉藤崇史,202407010306
7,8,8,ポジティブガール,牝5,54.0,西塚洸二,2:02.0,2,103.4,7.0,456(-2),[西] 緒方努,202407010306
8,3,3,エルチェリーナ,牝4,56.0,西村淳也,2:03.3,8,5.1,3.0,486(-2),[西] 高野友和,202407010306
1,6,6,ヴィンセドリス,牡4,58.0,川田将雅,2:02.2,,1.4,1.0,488(+8),[西] 友道康夫,202407010307
2,4,4,ダノンブリザード,牡5,58.0,松山弘平,2:02.5,1.3/4,2.5,2.0,494(-8),[西] 池江泰寿,202407010307
3,2,2,スズカキング,牡7,58.0,幸英明,2:02.8,1.3/4,10.8,3.0,462(+4),[西] 谷潔,202407010307
4,5,5,ニホンピロマリブ,牡6,58.0,本田正重,2:03.4,4,41.6,4.0,456(+4),[西] 安達昭夫,202407010307
5,1,1,ナムラマイケル,牡4,58.0,藤岡康太,2:03.6,3/4,57.8,6.0,444(-4),[西] 村山明,202407010307
6,3,3,フォールロワ,牡5,55.0,今村聖奈,2:03.8,1.1/2,44.3,5.0,454(-16),[東] 奥平雅士,202407010307
1,5,7,アクートゥス,牡4,56.0,西塚洸二,1:35.1,,3.2,3.0,466(0),[西] 藤原英昭,202407010308
2,8,13,キトゥンズマーチ,牝6,55.0,角田大和,1:35.2,1,43.9,7.0,470(+4),[東] 上原博之,202407010308
3,7,11,レオンバローズ,牡5,58.0,団野大成,1:35.3,1/2,2.9,1.0,472(0),[西] 渡辺薫彦,202407010308
4,7,10,タミオスター,牡5,58.0,斎藤新,1:35.4,1,37.2,6.0,504(+18),[東] 斎藤誠,202407010308
5,1,1,サクラオーラ,牝5,56.0,菊沢一樹,1:35.6,1,69.5,10.0,424(-4),[東] 田中博康,202407010308
6,2,2,ウインルピナス,牝4,56.0,横山武史,1:35.6,クビ,3.1,2.0,424(-8),[東] 鈴木伸尋,202407010308
7,8,12,ヒシルリアン,牡4,58.0,丸山元気,1:35.8,1,8.8,4.0,506(+6),[東] 宮田敬介,202407010308
8,4,5,エレガントギフト,牝4,56.0,松山弘平,1:35.8,クビ,17.7,5.0,416(-14),[西] 千田輝彦,202407010308
9,6,9,ガルムキャット,牡4,58.0,北村友一,1:35.9,1/2,85.0,11.0,416(+2),[西] 高橋一哉,202407010308
10,5,6,トゥーレツリー,牝5,56.0,幸英明,1:36.0,1,48.9,8.0,448(-8),[西] 小栗実,202407010308
11,4,4,ヴォンヌヴォー,牝4,56.0,本田正重,1:36.2,1.1/4,450.0,13.0,446(-8),[東] 菊川正達,202407010308
12,3,3,セレッソデアモール,牝4,56.0,富田暁,1:36.4,1.1/4,54.0,9.0,478(+6),[西] 庄野靖志,202407010308
13,6,8,アンカリング,牝4,53.0,永島まな,1:37.0,3.1/2,204.3,12.0,452(-2),[東] 土田稔,202407010308
1,4,8,メイショウコガシラ,牡4,55.0,荻野極,1:59.2,,4.8,2.0,500(+4),[西] 本田優,202407010309
2,8,16,ディープリボーン,牡4,56.0,古川吉洋,1:59.4,3/4,4.8,3.0,458(+2),[西] 四位洋文,202407010309
3,1,1,カンピオーネ,牡5,56.0,横山武史,1:59.7,1.3/4,27.5,12.0,520(+6),[東] 栗田徹,202407010309
4,7,14,レッドベルアーム,牡5,56.0,幸英明,2:00.2,3,13.5,6.0,516(-6),[西] 藤原英昭,202407010309
5,2,3,ショウサンキズナ,牡5,56.0,松本大輝,2:00.4,1.1/4,20.5,7.0,526(+4),[西] 松下武士,202407010309
6,5,10,フライヤートゥルー,牡4,55.0,丸山元気,2:00.4,クビ,7.7,4.0,488(+12),[西] 橋口慎介,202407010309
7,1,2,コンティノアール,牡4,58.0,藤岡康太,2:00.4,アタマ,4.3,1.0,552(0),[西] 矢作芳人,202407010309
8,6,11,ジャスパーバローズ,牡4,57.0,北村宏司,2:00.6,1.1/4,42.0,13.0,512(-10),[西] 清水久詞,202407010309
9,3,5,スナークレジスト,牡7,54.0,富田暁,2:00.7,クビ,369.5,16.0,518(+22),[西] 川村禎彦,202407010309
10,2,4,ニホンピロハーバー,牡6,56.0,吉田隼人,2:00.7,クビ,26.3,11.0,512(+2),[西] 安達昭夫,202407010309
11,4,7,マテンロウガイ,牡4,56.0,角田大和,2:00.8,1/2,11.0,5.0,516(+8),[西] 角田晃一,202407010309
12,3,6,メイショウコジョウ,牡7,55.0,浜中俊,2:00.8,アタマ,50.3,15.0,470(-8),[西] 石橋守,202407010309
13,5,9,サンマルパトロール,牡4,55.0,永島まな,2:01.1,1.3/4,23.7,8.0,484(-2),[西] 大橋勇樹,202407010309
14,8,15,キングサーガ,セ7,56.0,西村淳也,2:01.2,1/2,25.8,10.0,496(+6),[西] 池江泰寿,202407010309
15,7,13,ワンダフルトゥデイ,牡5,56.0,水口優也,2:01.4,1.1/2,24.7,9.0,528(+4),[西] 中尾秀正,202407010309
16,6,12,トーホウボルツ,牡6,56.0,三浦皇成,2:01.4,アタマ,43.5,14.0,474(-8),[東] 嘉藤貴行,202407010309
1,8,16,ラリュエル,牝5,56.0,北村友一,1:33.1,,51.2,12.0,422(-8),[西] 矢作芳人,202407010310
2,6,12,ビヨンドザヴァレー,牝4,56.0,松山弘平,1:33.3,1,14.1,4.0,470(+6),[西] 橋口慎介,202407010310
3,6,11,カナテープ,牝5,56.0,藤岡康太,1:33.4,1/2,3.6,2.0,466(+6),[東] 堀宣行,202407010310
4,8,15,マラキナイア,牝4,56.0,川田将雅,1:33.6,1.1/4,2.6,1.0,442(0),[西] 吉岡辰弥,202407010310
5,4,8,アルジーヌ,牝4,56.0,角田大和,1:33.7,1/2,17.8,6.0,438(-12),[西] 中内田充,202407010310
6,7,13,ソレイユヴィータ,牝4,56.0,西村淳也,1:33.7,クビ,40.5,10.0,458(0),[西] 杉山晴紀,202407010310
7,1,1,ミシシッピテソーロ,牝4,56.0,角田大河,1:33.8,1/2,35.9,8.0,436(-4),[東] 畠山吉宏,202407010310
8,2,4,エピプランセス,牝5,56.0,斎藤新,1:34.0,1.1/4,38.4,9.0,450(+8),[西] 池添学,202407010310
9,5,9,ペイシャフラワー,牝4,56.0,永島まな,1:34.1,1/2,80.1,14.0,464(-4),[西] 高橋康之,202407010310
10,1,2,サンカルパ,牝5,56.0,三浦皇成,1:34.1,ハナ,41.0,11.0,496(+2),[東] 田中博康,202407010310
11,2,3,シャイニングフジ,牝6,56.0,富田暁,1:34.2,1/2,52.4,13.0,490(-8),[西] 笹田和秀,202407010310
12,4,7,カーペンタリア,牝5,56.0,北村宏司,1:34.2,クビ,20.5,7.0,496(-6),[東] 木村哲也,202407010310
13,5,10,ホウオウラスカーズ,牝6,56.0,吉田隼人,1:34.4,1,17.8,5.0,454(-2),[東] 高木登,202407010310
14,3,6,メイショウベッピン,牝7,56.0,団野大成,1:34.5,1/2,329.9,16.0,484(-4),[西] 荒川義之,202407010310
15,7,14,セーヌドゥレーヴ,牝4,56.0,横山武史,1:34.6,3/4,4.8,3.0,466(0),[西] 吉岡辰弥,202407010310
16,3,5,ダルエスサラーム,牝4,56.0,幸英明,1:34.9,2,94.1,15.0,462(+8),[西] 高野友和,202407010310
1,8,15,ダノンマッキンリー,牡3,57.0,北村友一,1:20.2,,13.6,7.0,468(0),[西] 藤原英昭,202407010311
2,3,6,オーキッドロマンス,牡3,57.0,内田博幸,1:20.3,1/2,12.3,5.0,482(-4),[東] 手塚貴久,202407010311
3,5,9,ソンシ,牡3,57.0,川田将雅,1:20.6,2,2.3,1.0,478(-8),[西] 中内田充,202407010311
4,6,11,ナムラアトム,牡3,57.0,浜中俊,1:20.8,1,13.5,6.0,484(-6),[西] 長谷川浩,202407010311
5,1,1,ロジリオン,牡3,57.0,三浦皇成,1:20.8,アタマ,5.2,2.0,488(0),[東] 古賀慎明,202407010311
6,7,14,アンクルクロス,牡3,57.0,長岡禎仁,1:20.9,1/2,114.6,15.0,462(0),[西] 高橋亮,202407010311
7,1,2,フェンダー,牡3,57.0,西村淳也,1:20.9,ハナ,89.3,14.0,516(+10),[西] 斉藤崇史,202407010311
8,6,12,エンヤラヴフェイス,牡3,57.0,菊沢一樹,1:20.9,クビ,71.2,13.0,488(0),[西] 森田直行,202407010311
9,3,5,シュトラウス,牡3,57.0,北村宏司,1:21.0,1/2,7.0,3.0,520(+10),[東] 武井亮,202407010311
10,8,16,タイキヴァンクール,牡3,57.0,吉田隼人,1:21.1,クビ,69.5,12.0,508(+2),[西] 中尾秀正,202407010311
11,2,3,サトミノキラリ,牡3,57.0,横山武史,1:21.1,ハナ,10.1,4.0,464(+8),[東] 鈴木伸尋,202407010311
12,4,8,キャプテンネキ,牝3,55.0,松山弘平,1:21.2,1/2,44.8,10.0,530(0),[西] 杉山晴紀,202407010311
13,4,7,ハクサンイーグル,牡3,57.0,丸山元気,1:21.4,1.1/4,180.0,17.0,470(-10),[東] 土田稔,202407010311
14,7,13,エイムフォーエース,牡3,57.0,本田正重,1:21.5,1/2,44.7,9.0,430(0),[地] 山下貴之,202407010311
15,5,10,ヴァルドルチャ,牡3,57.0,団野大成,1:21.6,1/2,50.5,11.0,452(-4),[東] 田中博康,202407010311
16,2,4,クリスアーサー,牡3,57.0,幸英明,1:21.6,クビ,29.9,8.0,504(-8),[西] 渡辺薫彦,202407010311
17,8,17,ミルテンベルク,牡3,57.0,藤岡康太,1:21.9,1.3/4,131.7,16.0,474(-2),[西] 武英智,202407010311
1,7,14,エリーズダイヤ,牝4,56.0,川田将雅,1:25.3,,1.8,1.0,478(-4),[東] 戸田博文,202407010312
2,2,3,リヤンドメテオール,牝4,56.0,松山弘平,1:25.3,クビ,13.1,5.0,486(-2),[西] 中竹和也,202407010312
3,3,5,ローラスノビリス,牝5,56.0,西村淳也,1:25.6,2,4.7,2.0,494(+2),[西] 庄野靖志,202407010312
4,1,1,デアデルマーレ,牝4,56.0,吉田隼人,1:25.7,クビ,17.8,6.0,486(+2),[西] 坂口智康,202407010312
5,1,2,ライブインステラ,牝5,56.0,横山武史,1:25.8,3/4,26.6,8.0,490(-6),[東] 小野次郎,202407010312
6,4,8,モズアンタレス,牝4,53.0,今村聖奈,1:25.9,クビ,12.6,4.0,488(-4),[西] 飯田祐史,202407010312
7,5,10,エテルネル,牝4,52.0,河原田菜,1:26.2,2,7.9,3.0,468(-12),[東] 池上昌和,202407010312
8,6,12,ランプロファイア,牝5,56.0,北村宏司,1:26.4,1.1/2,39.6,10.0,482(+8),[東] 古賀慎明,202407010312
9,8,15,レオキー,牝4,56.0,斎藤新,1:26.5,1/2,156.4,12.0,488(-10),[西] 牧田和弥,202407010312
10,7,13,フルティージャ,牝5,56.0,菊沢一樹,1:26.6,クビ,301.9,15.0,460(+8),[東] 堀内岳志,202407010312
11,4,7,パララヴィクトリア,牝4,56.0,国分恭介,1:26.7,1/2,268.7,14.0,448(+2),[東] 粕谷昌央,202407010312
12,5,9,ガットネロ,牝4,53.0,高杉吏麒,1:26.7,アタマ,19.9,7.0,472(-6),[西] 上村洋行,202407010312
13,8,16,シュテルンロット,牝4,53.0,永島まな,1:27.0,2,100.5,11.0,418(-16),[西] 高橋康之,202407010312
14,2,4,テイエムオードリー,牝5,56.0,富田暁,1:27.1,アタマ,346.7,16.0,458(-12),[東] 加藤和宏,202407010312
15,3,6,メイショウヒメゴゼ,牝5,55.0,角田大和,1:27.1,ハナ,201.2,13.0,448(-22),[西] 飯田祐史,202407010312
16,6,11,マジカルワード,牝4,56.0,幸英明,1:27.5,2.1/2,37.7,9.0,440(+2),[東] 大竹正博,202407010312
1,6,11,サトノアイオライト,牝3,54.0,角田大河,1:53.9,,57.7,9.0,464(+4),[西] 吉村圭司,202407010401
2,5,8,ネバーモア,牝3,55.0,藤岡佑介,1:54.4,3,2.5,2.0,480(-2),[西] 宮本博,202407010401
3,6,10,カンバーランド,牝3,55.0,斎藤新,1:54.8,2.1/2,32.4,7.0,532(+6),[西] 高橋義忠,202407010401
4,3,4,アパイシュナール,牝3,55.0,丸山元気,1:55.0,3/4,102.6,14.0,452(-2),[東] 田村康仁,202407010401
5,2,2,ドレアンティア,牝3,54.0,角田大和,1:55.2,1.1/2,73.8,11.0,458(+8),[西] 飯田祐史,202407010401
6,3,5,コーラルハート,牝3,52.0,柴田裕一,1:56.1,5,2.4,1.0,486(0),[西] 小林真也,202407010401
7,5,9,マリリア,牝3,53.0,西塚洸二,1:56.2,クビ,98.9,13.0,454(-4),[西] 吉田直弘,202407010401
8,8,14,フルリール,牝3,52.0,高杉吏麒,1:56.4,1.1/2,41.9,8.0,426(+2),[西] 藤岡健一,202407010401
9,2,3,マーシャリアーナ,牝3,55.0,松山弘平,1:57.0,3.1/2,14.1,5.0,388(-6),[東] 黒岩陽一,202407010401
10,7,12,セントオブシン,牝3,55.0,鮫島克駿,1:57.3,1.3/4,13.3,4.0,434(+2),[西] 高野友和,202407010401
11,8,15,マダムルーチェ,牝3,52.0,今村聖奈,1:57.4,クビ,60.1,10.0,522(-2),[西] 寺島良,202407010401
12,4,7,ノクターナル,牝3,55.0,古川吉洋,1:58.0,3.1/2,94.8,12.0,430(0),[西] 浜田多実,202407010401
13,4,6,ミスズクライ,牝3,52.0,川端海翼,1:58.2,1.1/4,203.2,15.0,476(0),[西] 谷潔,202407010401
14,1,1,サダージ,牝3,52.0,永島まな,1:58.7,3,29.1,6.0,432(-6),[東] 池上昌和,202407010401
15,7,13,フリーセント,牝3,55.0,藤岡康太,2:07.8,大,7.3,3.0,452(0),[西] 羽月友彦,202407010401
1,7,14,サトノアインス,牡3,57.0,吉田隼人,1:25.3,,2.0,1.0,430(+6),[東] 萩原清,202407010402
2,6,12,ランスオブセヘル,牝3,55.0,藤岡佑介,1:25.4,1/2,30.8,8.0,482(-4),[西] 奥村豊,202407010402
3,8,15,ファビュラスロード,牡3,57.0,富田暁,1:26.0,3.1/2,61.5,11.0,456(+2),[東] 尾関知人,202407010402
4,3,5,メイショウオオコ,牡3,56.0,角田大河,1:26.4,2.1/2,28.0,7.0,460(0),[西] 荒川義之,202407010402
5,2,4,オオタニサーン,牡3,57.0,松山弘平,1:26.5,1/2,4.1,2.0,502(-6),[東] 堀宣行,202407010402
6,2,3,マーブルマウンテン,牝3,55.0,亀田温心,1:26.9,2.1/2,32.9,9.0,466(-10),[西] 田中克典,202407010402
7,3,6,ララモンストル,牡3,57.0,中井裕二,1:26.9,クビ,7.7,3.0,490(0),[西] 辻野泰之,202407010402
8,1,2,タリスカーベイ,牝3,55.0,藤岡康太,1:27.0,クビ,93.4,13.0,476(0),[東] 池上昌和,202407010402
9,1,1,キモンゲーム,牡3,54.0,今村聖奈,1:27.0,ハナ,19.2,6.0,476(-2),[西] 村山明,202407010402
10,4,8,ムーンブルー,牡3,57.0,古川吉洋,1:27.1,1,101.1,14.0,438(+4),[東] 小島茂之,202407010402
11,7,13,オールドマイン,牡3,57.0,鮫島克駿,1:27.7,3.1/2,13.1,5.0,500(+12),[西] 池江泰寿,202407010402
12,5,9,サユリバナ,牝3,52.0,永島まな,1:28.0,2,10.4,4.0,496(0),[東] 大竹正博,202407010402
13,6,11,クロスザウォール,牡3,57.0,斎藤新,1:28.1,クビ,431.0,16.0,504(+12),[東] 栗田徹,202407010402
14,4,7,トクシーカイゼリン,牝3,55.0,丸山元気,1:28.8,4,200.9,15.0,478(0),[東] 小島茂之,202407010402
15,5,10,レヨンドゥソレイユ,牝3,55.0,団野大成,1:29.0,1.1/4,46.0,10.0,462(+10),[東] 和田勇介,202407010402
16,8,16,クルシファー,牝3,55.0,菊沢一樹,1:29.3,2,73.5,12.0,456(0),[東] 矢野英一,202407010402
1,5,10,メルトユアハート,牝3,55.0,鮫島克駿,2:03.6,,2.3,1.0,488(-4),[西] 長谷川浩,202407010403
2,8,18,カテリーナ,牝3,55.0,高倉稜,2:03.7,クビ,67.9,11.0,472(0),[西] 田中克典,202407010403
3,2,4,リノラナキラ,牝3,53.0,西塚洸二,2:04.0,2,5.6,3.0,466(+6),[西] 谷潔,202407010403
4,1,2,エールクイーン,牝3,55.0,水口優也,2:04.0,クビ,14.2,6.0,456(-10),[西] 牧田和弥,202407010403
5,4,8,イズジョーノヒカリ,牝3,55.0,団野大成,2:04.3,2,19.3,8.0,474(0),[西] 中尾秀正,202407010403
6,2,3,ラルンエベール,牝3,54.0,角田大河,2:04.4,3/4,112.3,13.0,422(-12),[東] 田島俊明,202407010403
7,5,9,ルージュアベリア,牝3,55.0,藤岡佑介,2:04.5,1/2,4.8,2.0,492(+4),[東] 田中博康,202407010403
8,6,12,ティラージュ,牝3,55.0,藤岡康太,2:04.6,1/2,10.1,4.0,466(0),[西] 野中賢二,202407010403
9,8,16,ニホンピロマリンバ,牝3,55.0,吉田隼人,2:04.8,1.1/2,46.9,9.0,486(0),[西] 安達昭夫,202407010403
10,6,11,グラスチアー,牝3,52.0,今村聖奈,2:05.1,1.1/2,59.9,10.0,462(+2),[東] 菊川正達,202407010403
11,4,7,リアルセンター,牝3,55.0,中井裕二,2:05.1,クビ,216.5,16.0,486(-4),[東] 牧光二,202407010403
12,8,17,ヴィーナスウインズ,牝3,55.0,富田暁,2:05.2,クビ,161.5,15.0,380(-10),[西] 鮫島一歩,202407010403
13,3,5,シャイニーマンボ,牝3,55.0,丸山元気,2:05.4,1.1/2,159.5,14.0,456(0),[西] 羽月友彦,202407010403
14,1,1,キョウワレイホープ,牝3,52.0,永島まな,2:05.4,ハナ,13.9,5.0,454(0),[西] 佐々木晶,202407010403
15,7,15,ブレイクショット,牝3,55.0,松山弘平,2:05.4,クビ,19.0,7.0,468(0),[東] 村田一誠,202407010403
16,7,14,ニシノココ,牝3,55.0,菊沢一樹,2:05.4,ハナ,221.5,17.0,454(+2),[東] 松山将樹,202407010403
17,7,13,ジャンビ,牝3,55.0,斎藤新,2:05.5,1/2,84.7,12.0,450(0),[西] 牧田和弥,202407010403
18,3,6,ジョウショーローズ,牝3,55.0,小崎綾也,2:05.6,1/2,291.3,18.0,450(+10),[西] 新谷功一,202407010403
1,7,14,ピックアチェリー,牝3,55.0,吉田隼人,1:35.7,,2.7,1.0,426(-12),[東] 和田正一,202407010404
2,2,4,ジャズ,牡3,57.0,斎藤新,1:35.8,1/2,5.2,3.0,468(-10),[西] 辻野泰之,202407010404
3,2,3,ミスズサンダスノー,牝3,55.0,鮫島克駿,1:36.2,2.1/2,7.1,4.0,418(-8),[西] 長谷川浩,202407010404
4,3,5,ゲルタ,牡3,56.0,泉谷楓真,1:36.5,1.1/2,29.2,8.0,516(+6),[西] 奥村豊,202407010404
5,3,6,マサノカナリア,牝3,55.0,国分優作,1:36.6,3/4,8.7,5.0,450(-4),[西] 藤野健太,202407010404
6,8,15,ジーティームテキ,牡3,57.0,藤岡康太,1:36.6,クビ,46.6,9.0,448(+6),[西] 西村真幸,202407010404
7,4,7,ロビンバローズ,牝3,55.0,松山弘平,1:36.7,1/2,17.9,7.0,394(-6),[西] 渡辺薫彦,202407010404
8,1,1,シスコスター,牝3,53.0,西塚洸二,1:36.7,ハナ,127.3,12.0,458(0),[西] 野中賢二,202407010404
9,6,12,チビノシエラザード,牝3,55.0,菊沢一樹,1:36.8,3/4,93.2,11.0,444(-4),[東] 和田勇介,202407010404
10,8,16,エールヴァーゲ,牝3,55.0,藤岡佑介,1:36.9,1/2,75.1,10.0,408(-4),[西] 坂口智康,202407010404
11,4,8,オータムルーチェ,牝3,55.0,鮫島良太,1:37.3,2.1/2,348.5,15.0,456(-2),[西] 緒方努,202407010404
12,6,11,クーリッジテソーロ,牡3,57.0,団野大成,1:37.3,クビ,17.3,6.0,460(+4),[東] 栗田徹,202407010404
13,5,10,カラリパヤット,牡3,57.0,丸山元気,1:37.4,1/2,4.5,2.0,548(0),[西] 音無秀孝,202407010404
14,7,13,サクセスビクトリー,牝3,54.0,秋山稔樹,1:37.6,1.1/2,415.6,16.0,436(+4),[東] 蛯名利弘,202407010404
15,5,9,エデュース,牝3,55.0,国分恭介,1:37.9,2,155.9,14.0,436(0),[西] 牧浦充徳,202407010404
16,1,2,クインズプレアデス,牝3,52.0,永島まな,1:38.0,クビ,131.3,13.0,452(0),[西] 平田修,202407010404
1,1,2,クリノアドバンス,牡3,54.0,永島まな,2:02.2,,2.8,1.0,436(-4),[西] 大橋勇樹,202407010405
2,2,4,コンテナワールド,牡3,56.0,角田大和,2:02.2,1/2,6.7,4.0,466(-2),[西] 中竹和也,202407010405
3,5,9,ディーガレジェンド,牡3,55.0,西塚洸二,2:02.5,1.3/4,3.8,2.0,464(+6),[西] 藤原英昭,202407010405
4,3,6,イルデポート,牡3,57.0,団野大成,2:02.5,クビ,4.9,3.0,462(-2),[西] 杉山佳明,202407010405
5,5,10,クスクス,牝3,54.0,松本大輝,2:02.7,1,55.2,9.0,476(0),[西] 松下武士,202407010405
6,2,3,ナムラドーギー,牡3,54.0,川端海翼,2:03.2,3,40.4,8.0,444(-4),[東] 石栗龍彦,202407010405
7,8,16,オトコギアンパン,牡3,57.0,斎藤新,2:03.3,クビ,8.6,5.0,476(0),[西] 小栗実,202407010405
8,1,1,アリストロシュ,牝3,52.0,柴田裕一,2:03.4,3/4,184.1,11.0,436(-6),[西] 佐々木晶,202407010405
9,8,15,マイネルコモドーア,牡3,56.0,角田大河,2:03.7,2,58.2,10.0,432(-4),[西] 長谷川浩,202407010405
10,3,5,エロース,セ3,54.0,鷲頭虎太,2:03.7,ハナ,14.1,6.0,482(-16),[西] 池江泰寿,202407010405
11,4,8,ラベンダーマカロン,牝3,52.0,橋木太希,2:04.1,2,345.9,14.0,446(+6),[東] 伊藤伸一,202407010405
12,6,11,ルヴェネ,牡3,53.0,河原田菜,2:04.2,3/4,286.5,13.0,442(-10),[東] 尾形和幸,202407010405
13,7,13,ゲインサポート,牡3,54.0,高杉吏麒,2:04.3,1,40.4,7.0,452(-4),[西] 斉藤崇史,202407010405
14,4,7,ポーラーシュテルン,牝3,55.0,亀田温心,2:04.5,1,193.2,12.0,472(-6),[東] 青木孝文,202407010405
15,6,12,ナムラミック,牡3,56.0,秋山稔樹,2:04.9,2.1/2,372.8,15.0,492(-6),[西] 村山明,202407010405
16,7,14,ノイジーボーイ,牡3,54.0,石田拓郎,2:07.2,大,530.8,16.0,470(0),[東] 佐藤吉勝,202407010405
1,6,7,ワイドアウェイク,牝6,56.0,藤岡康太,2:00.6,,13.2,6.0,506(-6),[西] 西園翔太,202407010406
2,8,10,マサハヤウォルズ,牡4,58.0,松山弘平,2:00.6,アタマ,5.7,3.0,462(-10),[西] 今野貞一,202407010406
3,7,8,タッチャブル,牡4,58.0,団野大成,2:00.9,1.1/2,37.7,8.0,510(-8),[西] 中村直也,202407010406
4,8,11,ピュアマークス,牡4,58.0,古川吉洋,2:01.2,1.3/4,99.0,10.0,496(-2),[西] 畑端省吾,202407010406
5,5,5,コンテナジュニア,牡6,58.0,鮫島克駿,2:01.7,3,2.3,1.0,530(-2),[西] 牧浦充徳,202407010406
6,4,4,ジョータルマエ,セ4,58.0,鮫島良太,2:01.8,1/2,92.5,9.0,482(-16),[西] 河嶋宏樹,202407010406
7,6,6,ヒルノデプラーツ,牡5,58.0,亀田温心,2:02.2,2.1/2,13.1,5.0,492(+10),[西] 北出成人,202407010406
8,2,2,ローレルキャニオン,牡4,55.0,永島まな,2:02.3,1/2,3.6,2.0,564(+8),[西] 須貝尚介,202407010406
9,3,3,ニホンピロペリー,牡5,58.0,吉田隼人,2:02.3,クビ,15.7,7.0,524(+8),[西] 大橋勇樹,202407010406
10,1,1,クリスプブリーズ,牡4,58.0,黛弘人,2:02.5,3/4,120.4,11.0,500(-14),[東] 菊川正達,202407010406
11,7,9,ヒロシクン,セ5,58.0,藤岡佑介,2:03.9,9,9.0,4.0,544(+4),[西] 宮本博,202407010406
1,4,7,ユハンヌス,牡4,58.0,藤岡康太,1:21.6,,4.5,3.0,472(-4),[西] 大久保龍,202407010407
2,3,6,トモジャシーマ,牡4,58.0,松山弘平,1:21.6,ハナ,2.3,1.0,510(+14),[東] 鈴木伸尋,202407010407
3,2,3,シタン,牝5,53.0,川端海翼,1:21.7,1,46.4,9.0,424(-6),[西] 吉岡辰弥,202407010407
4,3,5,ポルトドール,牡4,58.0,斎藤新,1:22.0,1.3/4,145.0,13.0,458(-2),[西] 小栗実,202407010407
5,1,1,ディバイングレース,牝4,56.0,吉田隼人,1:22.2,1.1/4,11.0,4.0,424(-6),[東] 蛯名正義,202407010407
6,6,12,アスクドリームモア,牡4,56.0,西塚洸二,1:22.2,アタマ,3.9,2.0,512(-2),[西] 藤原英昭,202407010407
7,4,8,レッドテンペスト,セ4,57.0,角田大和,1:22.3,クビ,29.1,7.0,452(+2),[西] 笹田和秀,202407010407
8,8,15,オールアイウォント,牝4,55.0,角田大河,1:22.3,ハナ,29.6,8.0,464(+4),[西] 森田直行,202407010407
9,7,14,アルファヒディ,セ5,58.0,鮫島克駿,1:22.3,クビ,17.3,6.0,488(+4),[西] 池江泰寿,202407010407
10,7,13,リゴレット,牝5,56.0,亀田温心,1:22.4,クビ,17.1,5.0,440(0),[西] 羽月友彦,202407010407
11,6,11,ゼットカレン,牝4,53.0,高杉吏麒,1:22.5,1,49.6,10.0,470(-2),[西] 宮徹,202407010407
12,2,4,ショウナンラタン,牡5,55.0,橋木太希,1:22.5,ハナ,121.0,12.0,496(+2),[西] 西園正都,202407010407
13,1,2,ハイライフ,牝6,53.0,永島まな,1:22.9,2.1/2,184.5,14.0,442(-2),[西] 藤沢則雄,202407010407
14,8,16,ルプランドル,牝5,56.0,団野大成,1:23.1,1,221.9,15.0,474(+2),[東] 萱野浩二,202407010407
15,5,10,ロンズデールベルト,牡7,58.0,国分優作,1:23.4,2,95.0,11.0,526(+8),[西] 坂口智康,202407010407
16,5,9,キーチズカンパニー,牡5,58.0,菊沢一樹,1:23.6,1.1/4,256.7,16.0,492(+2),[東] 小手川準,202407010407
1,3,3,メジャークオリティ,牡5,58.0,松山弘平,1:53.4,,3.0,1.0,490(-2),[西] 西園正都,202407010408
2,1,1,ティエラサンタ,牡4,58.0,団野大成,1:53.9,3,11.4,6.0,510(+10),[西] 西村真幸,202407010408
3,4,4,ピースオブザライフ,牝4,56.0,富田暁,1:54.4,3,5.6,3.0,488(+6),[西] 野中賢二,202407010408
4,8,10,プレイサーゴールド,牡4,58.0,鮫島克駿,1:54.4,ハナ,3.0,2.0,504(+4),[西] 今野貞一,202407010408
5,7,7,ヤマカツレオン,セ7,58.0,和田翼,1:54.9,3,98.6,9.0,504(-2),[西] 谷潔,202407010408
6,8,9,テンカオーライ,牡4,55.0,永島まな,1:55.1,3/4,11.1,5.0,502(0),[西] 松下武士,202407010408
7,5,5,オリ,牡5,58.0,黛弘人,1:55.2,1/2,31.2,8.0,500(+16),[東] 奥平雅士,202407010408
8,6,6,チャプリ,牝5,56.0,斎藤新,1:55.3,3/4,7.9,4.0,458(-4),[東] 高木登,202407010408
9,7,8,クールシェルタ,牡5,58.0,藤岡佑介,1:56.6,8,14.8,7.0,502(-8),[東] 高橋文雅,202407010408
10,2,2,キャビネットバトル,牡4,55.0,石神深道,2:01.6,大,412.6,10.0,444(-6),[東] 土田稔,202407010408
1,8,10,エポックヴィーナス,牝3,55.0,松山弘平,1:34.7,,3.3,1.0,440(+4),[西] 新谷功一,202407010409
2,2,2,モアニ,牝3,55.0,永島まな,1:34.7,クビ,16.5,6.0,454(-2),[西] 高橋康之,202407010409
3,3,3,タガノデュード,牡3,57.0,古川吉洋,1:34.9,1,4.5,3.0,482(-2),[西] 宮徹,202407010409
4,7,7,ドリーミングアップ,牡3,57.0,藤岡佑介,1:34.9,クビ,9.1,5.0,458(-2),[東] 高橋文雅,202407010409
5,5,5,ブエナオンダ,牡3,57.0,吉田隼人,1:35.1,1,3.4,2.0,454(0),[西] 須貝尚介,202407010409
6,6,6,リメリック,牡3,57.0,斎藤新,1:35.1,クビ,61.4,9.0,456(-8),[東] 宗像義忠,202407010409
7,1,1,バーケンティン,牡3,57.0,富田暁,1:35.6,3.1/2,22.6,7.0,476(0),[西] 平田修,202407010409
8,4,4,サロニコス,牝3,55.0,鮫島克駿,1:35.7,3/4,5.3,4.0,440(-4),[西] 松下武士,202407010409
9,7,8,コパノアントニオ,牡3,57.0,藤岡康太,1:35.8,アタマ,241.7,10.0,476(0),[西] 梅田智之,202407010409
10,8,9,ギヴイットアゴー,牝3,55.0,丸山元気,1:36.3,3,52.0,8.0,452(-6),[西] 昆貢,202407010409
1,4,4,ルミノメテオール,牝4,56.0,松山弘平,1:21.4,,3.3,1.0,456(+14),[東] 金成貴史,202407010410
2,5,5,パルティクラール,牝4,56.0,国分恭介,1:21.4,ハナ,6.9,4.0,528(+10),[西] 牧浦充徳,202407010410
3,1,1,ベジェサ,牝5,56.0,富田暁,1:21.4,アタマ,20.4,7.0,486(-2),[西] 飯田祐史,202407010410
4,6,8,トーホウフランゴ,牝4,56.0,団野大成,1:21.6,1.1/4,32.5,9.0,440(0),[西] 高橋康之,202407010410
5,6,7,フリートオブフット,牝5,56.0,藤岡康太,1:21.7,1/2,10.0,5.0,440(-4),[東] 奥村武,202407010410
6,8,11,ラブリアージェ,牝5,56.0,古川吉洋,1:21.8,3/4,136.0,11.0,474(0),[西] 昆貢,202407010410
7,7,10,セフィロ,牝4,56.0,吉田隼人,1:21.9,3/4,3.9,2.0,466(+8),[東] 菊沢隆徳,202407010410
8,8,12,ポリーフォリア,牝4,56.0,藤岡佑介,1:22.2,1.3/4,11.9,6.0,484(-6),[東] 鈴木伸尋,202407010410
9,3,3,アレマーナ,牝5,56.0,角田大和,1:22.3,1/2,86.9,10.0,502(-2),[西] 松下武士,202407010410
10,5,6,ビッグボーンリタ,牝4,56.0,永島まな,1:22.4,1/2,150.5,12.0,462(0),[西] 高橋康之,202407010410
11,7,9,プレジャークルーズ,牝4,56.0,鮫島克駿,1:23.1,4,4.4,3.0,500(-6),[東] 大竹正博,202407010410
12,2,2,ステルナティーア,牝5,56.0,丸山元気,1:23.4,2,21.8,8.0,454(+4),[東] 木村哲也,202407010410
1,4,5,テーオードレフォン,牡5,58.0,丸山元気,1:52.0,,10.6,4.0,502(+4),[西] 梅田智之,202407010411
2,7,10,テーオーリカード,牡4,58.0,藤岡康太,1:52.4,2.1/2,5.3,2.0,490(-6),[西] 高柳大輔,202407010411
3,6,9,ハピ,牡5,59.0,松山弘平,1:52.6,1.1/4,1.6,1.0,484(0),[西] 大久保龍,202407010411
4,4,4,フルヴォート,牡6,58.0,鮫島克駿,1:52.7,1/2,12.7,5.0,500(-6),[西] 西村真幸,202407010411
5,5,6,マリオロード,牡5,58.0,菊沢一樹,1:52.9,1.1/4,28.8,8.0,506(-4),[西] 安達昭夫,202407010411
6,1,1,ゴーゴーユタカ,牡5,58.0,角田大和,1:53.4,2.1/2,19.0,6.0,482(+6),[東] 武井亮,202407010411
7,3,3,ホウオウルーレット,牡5,58.0,藤岡佑介,1:53.4,ハナ,10.0,3.0,510(+8),[東] 栗田徹,202407010411
8,8,12,インプレス,牡5,58.0,富田暁,1:53.5,1,44.9,9.0,538(+12),[西] 佐々木晶,202407010411
9,2,2,テイエムアトム,牡6,58.0,亀田温心,1:53.6,1/2,256.5,13.0,540(-4),[東] 石栗龍彦,202407010411
10,7,11,リキサントライ,牡6,58.0,西塚洸二,1:53.7,1/2,150.1,10.0,494(0),[西] 緒方努,202407010411
11,6,8,トウセツ,牡5,58.0,吉田隼人,1:53.7,クビ,19.2,7.0,482(0),[西] 杉山佳明,202407010411
12,5,7,パワーブローキング,牡5,58.0,角田大河,1:54.0,1.1/2,206.0,12.0,520(-6),[東] 栗田徹,202407010411
13,8,13,エナハツホ,牝5,56.0,古川吉洋,1:54.0,クビ,161.5,11.0,452(-2),[西] 吉田直弘,202407010411
1,5,10,パスカリ,牝4,56.0,吉田隼人,1:11.8,,3.7,2.0,470(0),[西] 杉山晴紀,202407010412
2,4,7,ビートエモーション,セ5,58.0,松山弘平,1:11.8,ハナ,3.0,1.0,508(-2),[東] 上原佑紀,202407010412
3,1,2,トモジャアルマンド,牡7,56.0,西塚洸二,1:11.8,アタマ,10.7,6.0,500(+2),[西] 大根田裕,202407010412
4,1,1,ルミナスフラックス,セ5,55.0,鷲頭虎太,1:12.1,1.3/4,130.0,12.0,482(-8),[東] 堀内岳志,202407010412
5,3,6,カミーロ,牡4,57.0,松本大輝,1:12.2,クビ,10.5,5.0,486(-2),[西] 石橋守,202407010412
6,3,5,モネ,牝5,56.0,中井裕二,1:12.6,2.1/2,145.6,13.0,474(0),[東] 牧光二,202407010412
7,4,8,ゲキザル,牡5,58.0,菊沢一樹,1:12.8,1,6.2,3.0,480(0),[東] 青木孝文,202407010412
8,7,13,イツモハラペコ,牡4,55.0,川端海翼,1:13.1,1.3/4,36.2,9.0,480(-6),[西] 畑端省吾,202407010412
9,6,11,ゼンリョクダンス,牝4,56.0,丸山元気,1:13.1,アタマ,162.7,14.0,454(-8),[東] 鈴木慎太,202407010412
10,2,4,ノーブルラン,牡4,58.0,斎藤新,1:13.4,2,64.5,11.0,472(-2),[東] 尾形和幸,202407010412
11,7,14,ブリングライト,牡4,58.0,古川吉洋,1:13.5,1/2,423.3,16.0,472(-4),[東] 土田稔,202407010412
12,5,9,メイショウニタボウ,牡7,57.0,角田大和,1:13.6,3/4,322.3,15.0,510(-6),[西] 飯田祐史,202407010412
13,6,12,ノーブルヴィクター,牡4,55.0,石神深道,1:13.7,クビ,27.8,8.0,458(-8),[東] 水野貴広,202407010412
14,8,16,オーブラック,牡5,58.0,団野大成,1:14.4,4,22.6,7.0,502(+6),[西] 高橋義忠,202407010412
15,8,15,モーデン,牡6,55.0,永島まな,1:14.5,アタマ,63.0,10.0,482(+10),[西] 藤沢則雄,202407010412
16,2,3,オーディブルコール,牝4,56.0,鮫島克駿,1:15.7,7,7.3,4.0,504(-10),[西] 池江泰寿,202407010412
1,1,2,ブラックドレス,牝3,52.0,永島まな,1:54.9,,4.6,1.0,426(+4),[西] 谷潔,202407010501
2,7,14,ヴァズレーヌ,牝3,55.0,菱田裕二,1:55.0,クビ,46.0,8.0,454(-6),[東] 嘉藤貴行,202407010501
3,8,16,アオイサクラ,牝3,55.0,吉田豊,1:55.0,クビ,5.2,3.0,434(+4),[東] 小島茂之,202407010501
4,6,11,ミスサラワク,牝3,52.0,水沼元輝,1:55.1,3/4,96.2,11.0,500(-2),[東] 本間忍,202407010501
5,7,13,ソウキュウ,牝3,55.0,斎藤新,1:55.2,クビ,4.7,2.0,476(0),[東] 高木登,202407010501
6,8,15,エコログラシアス,牝3,52.0,高杉吏麒,1:55.2,クビ,8.8,7.0,512(-6),[西] 須貝尚介,202407010501
7,6,12,グッドイナフ,牝3,55.0,菊沢一樹,1:55.8,3.1/2,257.8,15.0,516(-10),[東] 田村康仁,202407010501
8,3,6,ウインルリアン,牝3,55.0,黛弘人,1:56.1,2,5.6,4.0,500(0),[東] 深山雅史,202407010501
9,4,7,ダイシンカーリー,牝3,53.0,西塚洸二,1:56.4,1.1/2,8.3,6.0,442(+16),[西] 吉田直弘,202407010501
10,5,9,クラリオ,牝3,55.0,吉田隼人,1:56.5,3/4,7.4,5.0,440(0),[西] 吉村圭司,202407010501
11,2,3,マダムカリーニョ,牝3,55.0,丸山元気,1:56.5,ハナ,61.2,9.0,496(-2),[東] 高木登,202407010501
12,1,1,マホガニー,牝3,55.0,中井裕二,1:56.9,2,126.1,13.0,440(+2),[東] 大和田成,202407010501
13,2,4,フルクティクルス,牝3,51.0,河原田菜,1:57.2,2,86.7,10.0,370(-12),[東] 西田雄一,202407010501
14,5,10,キタノアイヴォリー,牝3,55.0,荻野極,1:57.3,クビ,282.5,16.0,444(-4),[東] 奥平雅士,202407010501
15,3,5,モニーレ,牝3,55.0,団野大成,1:58.1,5,99.3,12.0,452(-4),[西] 茶木太樹,202407010501
16,4,8,タガノフレミング,牝3,52.0,橋木太希,1:58.3,1.1/4,242.9,14.0,432(0),[西] 北出成人,202407010501
1,4,7,ストレイトアスク,牝3,53.0,西塚洸二,1:23.6,,10.1,5.0,424(0),[西] 藤原英昭,202407010502
2,7,13,スカイハイ,牡3,57.0,丸山元気,1:23.6,クビ,16.6,8.0,528(+8),[西] 清水久詞,202407010502
3,3,5,ビダーヤ,牡3,56.0,角田大和,1:23.7,クビ,5.3,2.0,494(+4),[西] 矢作芳人,202407010502
4,1,2,エコロアモーレ,牝3,55.0,菱田裕二,1:24.2,3,14.4,7.0,460(0),[西] 牧浦充徳,202407010502
5,8,17,ディーエストッキー,牡3,54.0,永島まな,1:24.3,1/2,5.8,3.0,454(+2),[西] 橋口慎介,202407010502
6,5,9,ケイアイプロキオン,牡3,54.0,石神深道,1:24.3,ハナ,421.1,16.0,474(0),[東] 和田正一,202407010502
7,6,12,ウエストチェリー,牝3,54.0,角田大河,1:24.6,2,97.3,11.0,450(-4),[西] 小椋研介,202407010502
8,5,10,ウィップスティッチ,牝3,55.0,富田暁,1:24.7,クビ,12.1,6.0,486(-8),[西] 庄野靖志,202407010502
9,1,1,シャイニングキセキ,牝3,51.0,河原田菜,1:24.8,1/2,137.7,12.0,392(-12),[西] 小林真也,202407010502
10,6,11,ミッキースターダム,牡3,57.0,団野大成,1:24.9,1/2,2.6,1.0,460(-8),[西] 音無秀孝,202407010502
11,2,3,アムールリーベ,牝3,55.0,藤岡佑介,1:24.9,クビ,7.8,4.0,480(+4),[西] 友道康夫,202407010502
12,7,14,ピースラピッド,牡3,54.0,柴田裕一,1:25.0,1/2,73.0,10.0,484(+6),[西] 羽月友彦,202407010502
13,7,15,クールシェリー,牝3,54.0,松本大輝,1:25.1,1/2,200.4,14.0,424(0),[西] 松下武士,202407010502
14,8,18,エイシンオニキス,牝3,55.0,吉田隼人,1:25.1,クビ,40.6,9.0,420(+2),[西] 渡辺薫彦,202407010502
15,3,6,ミストレビノ,牝3,55.0,菊沢一樹,1:25.3,1.1/4,490.3,17.0,426(+4),[東] 矢野英一,202407010502
16,8,16,ケラムール,牝3,54.0,小沢大仁,1:25.7,2.1/2,351.4,15.0,476(0),[西] 高橋康之,202407010502
17,2,4,パネンカポコ,牝3,54.0,秋山稔樹,1:25.9,3/4,792.2,18.0,394(+6),[東] 尾形和幸,202407010502
18,4,8,エナノキセキ,牝3,52.0,今村聖奈,1:26.3,2.1/2,182.5,13.0,426(+16),[西] 鈴木孝志,202407010502
1,3,5,ヨゾラノムコウニ,牡3,57.0,吉田豊,1:25.0,,16.6,6.0,492(-4),[東] 小笠倫弘,202407010503
2,8,16,ワンダーカモン,牡3,57.0,川又賢治,1:25.1,クビ,4.1,3.0,470(-2),[西] 吉村圭司,202407010503
3,5,10,エグマリーヌ,牝3,55.0,荻野極,1:25.1,クビ,12.9,5.0,450(-2),[東] 鹿戸雄一,202407010503
4,7,14,アルナイル,牡3,57.0,藤岡佑介,1:25.2,1/2,3.8,2.0,484(+6),[東] 大竹正博,202407010503
5,5,9,フクチャントウメイ,牡3,57.0,菱田裕二,1:25.3,1/2,3.1,1.0,518(-2),[東] 加藤征弘,202407010503
6,2,3,ファインスカート,牝3,54.0,秋山稔樹,1:25.4,クビ,247.4,11.0,444(+2),[西] 高橋義忠,202407010503
7,4,7,エイブラムス,牡3,54.0,永島まな,1:25.4,クビ,5.8,4.0,454(-2),[東] 鈴木慎太,202407010503
8,2,4,グブリーサビタン,牡3,57.0,丸山元気,1:25.6,1,419.8,15.0,452(+2),[東] 中舘英二,202407010503
9,1,2,ラピダリア,牝3,54.0,角田大河,1:25.7,1/2,18.4,7.0,442(0),[西] 吉田直弘,202407010503
10,3,6,ナリノイングリッド,牝3,55.0,菊沢一樹,1:25.7,クビ,63.0,10.0,438(+2),[東] 上原博之,202407010503
11,6,12,タイセイマーシャル,牡3,57.0,亀田温心,1:25.7,ハナ,52.3,9.0,474(0),[西] 杉山晴紀,202407010503
12,8,15,シュラハト,牡3,57.0,吉田隼人,1:27.0,8,46.7,8.0,506(-8),[西] 石坂公一,202407010503
13,4,8,クリノタンザナイト,牡3,57.0,城戸義政,1:27.1,1,373.5,14.0,446(0),[西] 荒川義之,202407010503
14,6,11,アイアンパシュート,牡3,57.0,原田和真,1:27.8,4,521.1,16.0,504(0),[東] 本間忍,202407010503
15,1,1,ラピダニーニャ,牝3,55.0,小崎綾也,1:27.9,3/4,300.6,12.0,418(-3),[西] 小崎憲,202407010503
16,7,13,スモウブハナヒラク,牡3,54.0,水沼元輝,1:31.8,大,331.3,13.0,504(0),[東] 西田雄一,202407010503
1,2,4,グランエシェゾー,牝3,55.0,斎藤新,1:36.4,,8.9,6.0,480(-2),[西] 新谷功一,202407010504
2,1,2,メイショウソニック,牡3,56.0,角田大河,1:36.4,クビ,8.9,5.0,470(+12),[西] 石橋守,202407010504
3,3,6,インフルブルーム,牝3,55.0,国分優作,1:36.6,3/4,25.8,7.0,440(+14),[西] 矢作芳人,202407010504
4,1,1,ダイジェスト,牡3,57.0,菱田裕二,1:36.9,2,5.4,3.0,456(-6),[西] 坂口智康,202407010504
5,4,7,レッドレクス,牡3,57.0,吉田隼人,1:37.4,3,3.2,1.0,474(-6),[西] 藤原英昭,202407010504
6,6,11,ラインポーチュラカ,牝3,55.0,吉田豊,1:37.5,クビ,59.3,10.0,496(-8),[東] 蛯名正義,202407010504
7,3,5,イグニス,牡3,54.0,永島まな,1:37.5,クビ,40.9,8.0,462(0),[東] 久保田貴,202407010504
8,7,13,ウォーブルースター,牝3,55.0,富田暁,1:37.6,1/2,97.5,11.0,400(-16),[東] 矢嶋大樹,202407010504
9,4,8,レーベンヘルツ,牡3,55.0,西塚洸二,1:37.9,1.1/2,57.4,9.0,446(0),[西] 西園翔太,202407010504
10,7,14,ランブルフィッシュ,牡3,54.0,柴田裕一,1:37.9,クビ,472.2,15.0,442(-10),[西] 中竹和也,202407010504
11,8,15,キャラメルコード,牝3,51.0,河原田菜,1:38.0,クビ,516.0,16.0,384(-6),[東] 千葉直人,202407010504
12,5,10,ウォーオブサウンド,牡3,57.0,団野大成,1:38.2,1.1/4,6.3,4.0,496(+6),[東] 萩原清,202407010504
13,6,12,シビックシャルル,牡3,56.0,秋山稔樹,1:38.4,1.1/2,193.2,13.0,434(0),[西] 高橋義忠,202407010504
14,2,3,ジーティーポライト,牝3,55.0,藤岡佑介,1:38.8,2,3.9,2.0,460(+4),[東] 菊沢隆徳,202407010504
15,5,9,ショウナンマントル,セ3,56.0,松本大輝,1:39.6,5,214.6,14.0,432(-22),[西] 新谷功一,202407010504
16,8,16,クイーンモーガン,牝3,55.0,亀田温心,1:40.8,7,141.2,12.0,522(0),[西] 杉山晴紀,202407010504
1,5,8,ブロッケンボウ,牡3,57.0,藤岡佑介,2:17.2,,5.1,2.0,464(-12),[西] 佐々木晶,202407010505
2,1,1,モンサンケコア,牡3,54.0,柴田裕一,2:17.5,1.3/4,5.3,3.0,514(+8),[西] 中竹和也,202407010505
3,6,9,ジミーバローズ,牡3,57.0,菱田裕二,2:17.5,アタマ,2.8,1.0,488(0),[西] 石坂公一,202407010505
4,3,4,ジュンプラチナ,牡3,57.0,丸山元気,2:17.7,1.1/4,9.2,5.0,470(+4),[東] 中舘英二,202407010505
5,2,2,アラナコア,牡3,56.0,小沢大仁,2:17.7,アタマ,90.8,11.0,502(0),[西] 田中克典,202407010505
6,4,6,スターズウィーク,牡3,57.0,団野大成,2:18.2,2.1/2,174.8,13.0,492(+2),[西] 武英智,202407010505
7,7,11,ノリピー,牝3,55.0,国分恭介,2:18.4,1.1/2,34.9,9.0,448(-4),[西] 西園翔太,202407010505
8,4,5,タガノディオーサ,牝3,54.0,角田大和,2:18.4,クビ,28.6,7.0,450(0),[西] 長谷川浩,202407010505
9,8,13,モルツシャン,牝3,55.0,富田暁,2:18.7,1.3/4,9.4,6.0,440(0),[西] 四位洋文,202407010505
10,7,12,ゴールドブラッサム,牡3,56.0,松本大輝,2:18.8,1/2,424.0,14.0,452(-8),[東] 大竹正博,202407010505
11,6,10,メイショウライメイ,牡3,57.0,荻野極,2:19.1,2,29.1,8.0,456(0),[西] 本田優,202407010505
12,3,3,アルレジャン,牡3,55.0,西塚洸二,2:19.2,クビ,6.2,4.0,508(-6),[西] 藤原英昭,202407010505
13,5,7,サトノジーニー,牡3,54.0,永島まな,2:19.5,1.3/4,85.5,10.0,452(-12),[西] 橋口慎介,202407010505
14,8,14,ボスコヴェローチェ,牡3,57.0,吉田隼人,2:21.1,10,96.6,12.0,540(-12),[西] 武幸四郎,202407010505
1,2,4,コムルヴァン,牝3,52.0,高杉吏麒,1:59.4,,24.4,7.0,458(-2),[西] 藤岡健一,202407010506
2,5,10,オープンワンセルフ,牡3,56.0,角田大和,2:00.0,3.1/2,5.3,2.0,488(0),[西] 小栗実,202407010506
3,1,2,トントンプー,牡3,53.0,河原田菜,2:00.8,5,180.3,14.0,458(-10),[東] 矢嶋大樹,202407010506
4,6,12,エナアニマル,牡3,56.0,角田大河,2:01.1,2,2.4,1.0,442(0),[西] 吉田直弘,202407010506
5,6,11,ボムポット,牡3,57.0,団野大成,2:01.1,クビ,6.9,4.0,490(0),[東] 上原佑紀,202407010506
6,2,3,スズノレイライン,牡3,57.0,亀田温心,2:01.1,アタマ,78.8,11.0,498(-2),[西] 平田修,202407010506
7,4,8,ノアフェイス,牡3,54.0,石神深道,2:01.3,1.1/4,422.2,16.0,518(-2),[東] 武藤善則,202407010506
8,8,15,ノーブルエンペラー,牡3,54.0,川端海翼,2:01.5,1.1/2,37.8,9.0,468(+4),[西] 宮本博,202407010506
9,5,9,プルーフリーダー,牡3,54.0,永島まな,2:01.6,クビ,6.8,3.0,466(-8),[西] 藤野健太,202407010506
10,3,5,マルカフェリス,牡3,56.0,小沢大仁,2:01.7,3/4,8.7,5.0,470(0),[西] 今野貞一,202407010506
11,7,14,ダイキリ,牡3,55.0,西塚洸二,2:01.9,1,11.7,6.0,512(-2),[西] 西園翔太,202407010506
12,4,7,リプリー,牝3,54.0,秋山稔樹,2:02.2,1.3/4,411.6,15.0,432(-6),[東] 鈴木慎太,202407010506
13,7,13,デュランヴェリテ,牡3,54.0,柴田裕一,2:02.9,4,24.8,8.0,548(+4),[西] 河嶋宏樹,202407010506
14,1,1,シンボルザサン,セ3,57.0,斎藤新,2:03.5,3.1/2,95.0,12.0,446(0),[東] 奥村武,202407010506
中,3,6,パラベイド,牡3,54.0,水沼元輝,,,174.7,13.0,518(-4),[東] 堀内岳志,202407010506
中,8,16,ビップチェイス,牡3,54.0,今村聖奈,,,67.6,10.0,478(-2),[東] 田島俊明,202407010506
1,7,12,ビターグラッセ,牝4,53.0,永島まな,1:36.6,,10.0,6.0,502(-4),[東] 栗田徹,202407010507
2,6,10,ハーエクセレンシー,牝4,56.0,藤岡佑介,1:36.6,クビ,10.7,7.0,424(-6),[東] 大和田成,202407010507
3,2,2,ダッチアイリス,牝4,56.0,吉田豊,1:36.7,3/4,24.5,11.0,436(-4),[東] 相沢郁,202407010507
4,5,7,テンクウハット,牝4,56.0,太宰啓介,1:36.7,アタマ,32.9,13.0,470(+8),[西] 渡辺薫彦,202407010507
5,8,13,フォーカルフラワー,牝4,56.0,吉田隼人,1:36.9,1.1/4,8.2,4.0,444(0),[東] 国枝栄,202407010507
6,3,3,エイシンジェンマ,牝4,56.0,富田暁,1:37.1,1.1/4,7.6,2.0,484(-12),[西] 中尾秀正,202407010507
7,1,1,ツッチーフェイス,牝5,55.0,小沢大仁,1:37.1,ハナ,19.0,10.0,472(+6),[西] 今野貞一,202407010507
8,5,8,スウィートスカー,牝5,56.0,丸山元気,1:37.2,1/2,13.7,9.0,476(+6),[西] 鮫島一歩,202407010507
9,8,14,レディズビーク,牝5,56.0,団野大成,1:37.3,3/4,8.0,3.0,464(0),[西] 池江泰寿,202407010507
10,7,11,ヨウシタンレイ,牝4,53.0,今村聖奈,1:37.3,ハナ,4.2,1.0,466(+2),[西] 藤野健太,202407010507
11,4,5,ノレッジビューティ,牝4,53.0,高杉吏麒,1:37.3,ハナ,8.2,5.0,450(+2),[西] 上村洋行,202407010507
12,3,4,テイエムエメラルド,牝6,54.0,西塚洸二,1:37.5,3/4,11.7,8.0,466(-8),[西] 小椋研介,202407010507
13,6,9,ハートループ,牝4,55.0,角田大河,1:37.7,1.1/2,121.6,14.0,456(-14),[西] 小椋研介,202407010507
14,4,6,アリーチェ,牝4,56.0,菊沢一樹,1:38.0,1.3/4,27.9,12.0,444(+10),[東] 戸田博文,202407010507
1,6,11,エイシンレジューム,牡4,58.0,藤岡佑介,1:22.9,,1.9,1.0,516(0),[西] 中尾秀正,202407010508
2,3,5,グッドウッドガイ,牡5,58.0,中井裕二,1:22.9,ハナ,7.7,3.0,526(0),[西] 村山明,202407010508
3,4,7,トーホウキザン,牡4,55.0,永島まな,1:24.0,7,13.1,6.0,482(-4),[西] 高橋康之,202407010508
4,5,9,ハクアイアテナ,牝4,53.0,今村聖奈,1:24.1,クビ,46.8,8.0,422(-4),[西] 今野貞一,202407010508
5,8,15,スペンサーバローズ,牡4,58.0,吉田隼人,1:24.1,クビ,10.1,4.0,482(+2),[東] 蛯名正義,202407010508
6,5,10,バイファーザベスト,牡5,58.0,国分優作,1:24.1,アタマ,50.0,9.0,526(-1),[西] 清水久詞,202407010508
7,4,8,ワンダフルヘヴン,牝5,56.0,亀田温心,1:24.2,1/2,74.6,10.0,490(+6),[東] 久保田貴,202407010508
8,3,6,カズペトシーン,牡4,58.0,斎藤新,1:24.3,3/4,13.9,7.0,498(+10),[西] 池添学,202407010508
9,6,12,メイショウタイゲイ,牡5,58.0,団野大成,1:24.5,1.1/4,5.0,2.0,472(+6),[西] 荒川義之,202407010508
10,7,14,ティーラミレス,牝4,52.0,河原田菜,1:24.5,ハナ,141.1,12.0,446(-6),[東] 辻哲英,202407010508
11,7,13,ユキノエリザベス,牝5,56.0,吉田豊,1:24.7,3/4,251.7,13.0,470(+4),[東] 小野次郎,202407010508
12,2,3,レッドフランカー,セ6,57.0,角田大和,1:24.9,1.1/4,90.5,11.0,474(+4),[西] 音無秀孝,202407010508
13,1,1,アイファーファイト,牡5,58.0,菱田裕二,1:24.9,クビ,12.9,5.0,432(-4),[西] 鮫島一歩,202407010508
14,1,2,サンマルソムニア,牝5,55.0,秋山稔樹,1:25.5,4,343.8,15.0,458(+4),[東] 佐藤吉勝,202407010508
15,2,4,マーベラスアゲン,牡8,55.0,水沼元輝,1:25.9,2.1/2,576.0,16.0,488(+6),[東] 加藤和宏,202407010508
16,8,16,キョウジ,牡6,58.0,菊沢一樹,1:26.0,1/2,305.9,14.0,492(+2),[東] 矢野英一,202407010508
1,2,2,ワンダイレクト,牡4,58.0,藤岡佑介,2:02.4,,2.0,1.0,454(0),[西] 藤岡健一,202407010509
2,6,6,スピーディブレイク,牡4,58.0,吉田豊,2:02.5,1,2.9,2.0,444(-4),[東] 村田一誠,202407010509
3,5,5,キャリーハピネス,牡4,58.0,丸山元気,2:02.5,アタマ,10.5,4.0,488(+16),[西] 河嶋宏樹,202407010509
4,4,4,サスケ,牡4,58.0,団野大成,2:03.0,3,14.1,5.0,474(+2),[西] 西村真幸,202407010509
5,7,7,フォトンブルー,セ4,58.0,吉田隼人,2:03.2,1,4.7,3.0,518(0),[西] 武幸四郎,202407010509
6,1,1,メイショウオオミネ,牡4,58.0,角田大河,2:03.9,4,50.2,6.0,438(+2),[西] 石橋守,202407010509
7,3,3,ロードスパイラル,牡4,58.0,小沢大仁,2:04.6,4,91.6,8.0,486(-8),[西] 清水久詞,202407010509
8,8,8,リツィタル,牝6,56.0,国分恭介,2:04.8,1.1/4,75.9,7.0,416(+6),[西] 牧田和弥,202407010509
1,8,10,ホールネス,牝4,55.0,西塚洸二,2:15.8,,4.0,2.0,524(+6),[西] 藤原英昭,202407010510
2,2,2,シーウィザード,牡4,57.0,荻野極,2:16.1,1.3/4,5.4,4.0,492(0),[東] 鹿戸雄一,202407010510
3,4,4,カンティプール,牝5,56.0,斎藤新,2:16.2,1/2,14.4,8.0,496(-4),[西] 渡辺薫彦,202407010510
4,8,9,ハギノアルデバラン,牡4,57.0,団野大成,2:16.3,1/2,4.8,3.0,522(+6),[西] 鮫島一歩,202407010510
5,3,3,メイショウウネビ,牡5,58.0,角田大和,2:16.4,3/4,14.3,7.0,492(+2),[西] 本田優,202407010510
6,7,7,エルディアブロ,牡6,58.0,藤岡佑介,2:16.5,クビ,12.2,5.0,456(0),[西] 佐々木晶,202407010510
7,1,1,ダディーズトリップ,牡8,58.0,菱田裕二,2:16.7,1.1/2,36.5,9.0,468(+2),[西] 千田輝彦,202407010510
8,5,5,アームブランシュ,牡4,57.0,吉田豊,2:16.8,クビ,3.6,1.0,462(+6),[東] 竹内正洋,202407010510
9,6,6,セラフィナイト,牡6,58.0,丸山元気,2:16.8,ハナ,56.9,10.0,452(-6),[東] 矢嶋大樹,202407010510
10,7,8,コレオグラファー,牡4,57.0,吉田隼人,2:17.1,1.3/4,13.3,6.0,490(+10),[西] 高柳大輔,202407010510
1,5,10,ロコポルティ,牡6,56.0,丸山元気,1:55.6,,19.3,8.0,520(-4),[西] 西園正都,202407010511
2,8,16,ルクスフロンティア,牡4,57.0,荻野極,1:56.1,2.1/2,3.0,1.0,492(+12),[西] 松永幹夫,202407010511
3,7,13,リチャ,牡4,56.0,団野大成,1:56.5,2.1/2,5.5,2.0,496(+2),[東] 田中博康,202407010511
4,4,8,セイクリッドゲイズ,セ6,56.0,吉田隼人,1:56.5,クビ,9.8,5.0,490(-4),[西] 佐々木晶,202407010511
5,6,11,アオイイーグル,牡4,56.0,西塚洸二,1:56.9,2,10.5,6.0,488(+2),[西] 大久保龍,202407010511
6,3,6,タイセイエピソード,牡5,55.0,亀田温心,1:56.9,アタマ,18.7,7.0,494(+12),[西] 杉山晴紀,202407010511
7,3,5,セブンスレター,セ5,53.0,黛弘人,1:57.0,3/4,52.7,11.0,488(+2),[東] 武井亮,202407010511
8,2,4,ワセダハーツ,牡6,54.0,菱田裕二,1:57.1,クビ,86.6,13.0,442(-8),[西] 橋口慎介,202407010511
9,4,7,フランスゴデイナ,牡6,57.0,リョン,1:57.1,クビ,5.8,3.0,498(+2),[西] 森秀行,202407010511
10,2,3,ヴェノム,牡6,50.0,城戸義政,1:57.3,1.1/4,230.9,16.0,538(-14),[東] 天間昭一,202407010511
11,1,2,サトノスライヴ,牡7,53.0,角田大和,1:57.8,3,195.5,15.0,528(+4),[東] 上原佑紀,202407010511
12,1,1,ビップスコーピオン,牡4,56.0,吉田豊,1:57.9,クビ,21.3,9.0,462(+2),[東] 田島俊明,202407010511
13,8,15,カレンアルカンタラ,牡4,55.0,角田大河,1:58.2,2,26.4,10.0,504(+4),[西] 新谷功一,202407010511
14,6,12,トップスティール,牡5,56.0,秋山稔樹,1:58.3,1/2,129.4,14.0,502(-6),[東] 深山雅史,202407010511
15,7,14,キュールエフウジン,牡5,57.0,藤岡佑介,2:00.0,10,7.9,4.0,500(+4),[西] 中尾秀正,202407010511
中,5,9,ラヴォラーレ,牡6,55.0,富田暁,,,55.6,12.0,528(-14),[東] 武市康男,202407010511
1,6,11,リッキーヤスオカ,牡5,58.0,斎藤新,1:09.9,,52.2,11.0,506(0),[西] 高橋一哉,202407010512
2,5,10,グランプレジール,セ5,58.0,藤岡佑介,1:09.9,クビ,2.2,1.0,526(+2),[東] 堀宣行,202407010512
3,4,8,ヨドノゴールド,牡6,55.0,橋木太希,1:10.1,1.1/4,6.8,3.0,474(-6),[西] 西園正都,202407010512
4,2,3,ゴイゴイスー,牡6,58.0,川須栄彦,1:10.2,1/2,10.8,5.0,508(+2),[西] 中尾秀正,202407010512
5,5,9,シルバーキングダム,牡5,55.0,水沼元輝,1:10.7,3,44.4,10.0,496(-2),[東] 西田雄一,202407010512
6,4,7,オブシディアン,牡4,58.0,菱田裕二,1:11.1,2.1/2,19.6,6.0,524(-10),[東] 武藤善則,202407010512
7,3,5,レジーナローズ,牝4,55.0,秋山稔樹,1:11.1,ハナ,27.5,7.0,442(-6),[東] 鈴木慎太,202407010512
8,6,12,タイセイアーメット,牡6,55.0,永島まな,1:11.3,1.1/2,65.2,12.0,478(-4),[東] 青木孝文,202407010512
9,7,14,スイッチオン,牡4,58.0,菊沢一樹,1:11.3,ハナ,38.6,9.0,478(-14),[東] 小手川準,202407010512
10,1,1,クイーンアポーン,牝5,56.0,丸山元気,1:11.4,アタマ,108.7,13.0,462(-12),[東] 土田稔,202407010512
11,8,16,サイモンカーチス,牡5,55.0,高杉吏麒,1:11.9,3,211.0,14.0,498(+4),[西] 梅田智之,202407010512
12,2,4,ロードドミニオン,セ7,58.0,団野大成,1:12.1,1.1/4,9.4,4.0,444(0),[西] 畑端省吾,202407010512
13,8,15,トリオーレ,牡4,58.0,荻野極,1:12.2,1/2,28.6,8.0,474(-2),[東] 嘉藤貴行,202407010512
14,1,2,バウンティハンター,牡7,58.0,黛弘人,1:12.2,ハナ,232.3,15.0,484(-6),[東] 村田一誠,202407010512
15,3,6,モカラエース,牡4,58.0,吉田隼人,1:12.3,1,4.4,2.0,466(-4),[西] 高柳大輔,202407010512
16,7,13,ワタシダケドナニカ,牡4,58.0,原田和真,1:12.4,クビ,233.2,16.0,488(-8),[東] 本間忍,202407010512
1,1,1,テーオードラッカー,牡3,57.0,川田将雅,1:10.7,,1.3,1.0,516(-2),[西] 高柳大輔,202407010601
2,4,8,ストライクオン,牡3,56.0,角田大和,1:11.1,2.1/2,9.5,3.0,470(-6),[西] 角田晃一,202407010601
3,2,4,スリーボビー,牡3,57.0,ルメール,1:11.2,1/2,15.0,5.0,482(-2),[東] 伊藤圭三,202407010601
4,3,6,エイシンホイップ,牝3,55.0,吉田豊,1:11.7,3,181.5,11.0,462(+4),[東] 田中剛,202407010601
5,1,2,ゴールデンスイープ,牝3,55.0,松山弘平,1:12.4,4,93.3,9.0,420(-2),[東] 黒岩陽一,202407010601
6,8,16,ハナチルサト,牝3,52.0,川端海翼,1:12.5,1,422.3,14.0,410(-6),[東] 松永康利,202407010601
7,8,15,ガラシュ,牡3,54.0,永島まな,1:12.8,1.3/4,29.1,7.0,520(+4),[西] 高橋康之,202407010601
8,4,7,リアルカイザー,牡3,57.0,岩田康誠,1:12.8,クビ,128.4,10.0,490(+4),[東] 松永康利,202407010601
9,7,14,ギガストーム,牡3,57.0,三浦皇成,1:12.9,1/2,80.5,8.0,550(+2),[東] 村田一誠,202407010601
10,2,3,マコトジャーベ,牝3,55.0,横山典弘,1:13.0,1/2,23.1,6.0,464(-4),[西] 昆貢,202407010601
11,6,11,エブリモーメント,牡3,57.0,菅原明良,1:13.1,3/4,8.2,2.0,478(-2),[西] 牧田和弥,202407010601
12,6,12,デリングシチー,牡3,56.0,秋山稔樹,1:13.2,クビ,261.3,13.0,466(-4),[東] 奥平雅士,202407010601
13,5,9,スマートビアンカ,牝3,55.0,リョン,1:13.3,3/4,515.3,15.0,430(-4),[西] 小崎憲,202407010601
14,7,13,ステイチューンド,牡3,57.0,ムルザバ,1:13.7,2.1/2,13.0,4.0,464(+12),[西] 清水久詞,202407010601
15,5,10,テンマ,牡3,57.0,長岡禎仁,1:15.5,大,213.9,12.0,522(0),[西] 高橋亮,202407010601
16,3,5,アオイカメリア,牝3,55.0,菊沢一樹,1:24.1,大,525.7,16.0,420(-14),[東] 辻哲英,202407010601
1,1,1,モアナフリューゲル,牝3,55.0,西村淳也,2:02.7,,10.5,5.0,458(-8),[東] 和田勇介,202407010602
2,2,4,スターリングアップ,牝3,55.0,池添謙一,2:03.0,1.1/2,11.9,7.0,432(-8),[西] 松永幹夫,202407010602
3,1,2,エコテーラー,牝3,55.0,浜中俊,2:03.0,アタマ,4.8,3.0,500(+10),[西] 石橋守,202407010602
4,8,17,シルキーガール,牝3,55.0,岩田康誠,2:03.1,1/2,4.5,2.0,454(+2),[西] 上村洋行,202407010602
5,7,14,ルージュルリアン,牝3,55.0,武豊,2:03.1,クビ,3.6,1.0,498(+2),[西] 藤原英昭,202407010602
6,4,7,キューティクローム,牝3,55.0,富田暁,2:03.3,3/4,240.6,15.0,418(0),[東] 中舘英二,202407010602
7,6,11,ダークファンタジー,牝3,55.0,吉田隼人,2:03.8,3,95.6,13.0,410(0),[西] 須貝尚介,202407010602
8,8,18,オレンジダンサー,牝3,55.0,川田将雅,2:03.9,1/2,10.6,6.0,436(-4),[西] 高野友和,202407010602
9,3,6,ピアリ,牝3,55.0,ムルザバ,2:04.1,1.1/2,62.4,10.0,456(-8),[西] 高橋一哉,202407010602
10,8,16,ファミリーツリー,牝3,55.0,坂井瑠星,2:04.2,3/4,86.3,11.0,452(0),[西] 河嶋宏樹,202407010602
11,6,12,アイレント,牝3,52.0,高杉吏麒,2:04.3,クビ,300.7,16.0,404(-6),[西] 四位洋文,202407010602
12,2,3,ファイアクラッカー,牝3,55.0,ルメール,2:04.3,クビ,6.4,4.0,498(-2),[東] 鹿戸雄一,202407010602
13,7,13,コスモブリランテ,牝3,55.0,黛弘人,2:04.4,1/2,804.3,18.0,402(+2),[東] 西田雄一,202407010602
14,5,10,パラダイスリズム,牝3,54.0,秋山稔樹,2:04.4,ハナ,559.0,17.0,430(-10),[東] 蛯名利弘,202407010602
15,5,9,チョボナイノ,牝3,55.0,Ｍ．デム,2:04.5,1/2,91.4,12.0,420(+2),[東] 小手川準,202407010602
16,3,5,シャーリーゴールド,牝3,52.0,永島まな,2:04.6,3/4,47.0,9.0,444(-2),[西] 須貝尚介,202407010602
17,4,8,ブーケドグレイス,牝3,55.0,菅原明良,2:05.3,4,125.2,14.0,472(-16),[東] 相沢郁,202407010602
18,7,15,タクシンイメル,牝3,55.0,藤岡佑介,2:06.8,9,26.6,8.0,462(-10),[西] 武英智,202407010602
1,6,9,シャンパンポップ,牡3,57.0,ムルザバ,1:52.8,,10.8,4.0,546(0),[西] 武幸四郎,202407010603
2,3,4,バスターウルフ,牡3,57.0,三浦皇成,1:53.6,5,14.9,5.0,490(-8),[東] 田村康仁,202407010603
3,8,14,ガーデンカメリア,牝3,55.0,長岡禎仁,1:54.3,4,3.9,2.0,448(+2),[西] 杉山晴紀,202407010603
4,2,2,ケンジョー,牡3,57.0,川田将雅,1:54.3,クビ,1.6,1.0,478(-2),[西] 中内田充,202407010603
5,6,10,レガッタ,牡3,57.0,横山典弘,1:54.5,1,7.0,3.0,472(0),[西] 昆貢,202407010603
6,7,12,シセイダイキ,牡3,54.0,橋木太希,1:54.7,1.1/4,234.9,10.0,492(-2),[西] 北出成人,202407010603
7,4,6,スプランドゥール,牡3,57.0,丸山元気,1:54.8,3/4,211.8,9.0,444(-12),[東] 和田雄二,202407010603
8,1,1,マジックライン,牡3,56.0,秋山稔樹,1:55.0,1.1/4,475.2,13.0,478(-8),[東] 伊藤伸一,202407010603
9,4,5,バティックオーレ,牡3,57.0,黛弘人,1:55.2,1,733.6,14.0,456(-8),[東] 青木孝文,202407010603
10,5,7,アーススピリット,牡3,57.0,菊沢一樹,1:55.3,1/2,327.0,11.0,518(-2),[東] 粕谷昌央,202407010603
11,7,11,シトロンヴェール,牡3,57.0,池添謙一,1:55.7,2.1/2,17.4,6.0,514(-14),[西] 吉田直弘,202407010603
12,5,8,バッジオブオナー,牡3,57.0,西村淳也,1:56.5,5,88.1,8.0,462(+2),[西] 松永幹夫,202407010603
13,8,13,リフトローダー,牝3,55.0,大野拓弥,1:57.3,5,457.1,12.0,470(-4),[東] 菊川正達,202407010603
14,3,3,モーニングヤマト,牡3,57.0,岩田康誠,1:59.2,大,84.7,7.0,440(-16),[東] 土田稔,202407010603
1,5,9,アスクカムオンモア,牡3,57.0,川田将雅,2:03.5,,1.7,1.0,492(-2),[西] 藤原英昭,202407010604
2,2,4,ルクスマーベリック,牡3,57.0,横山典弘,2:03.9,2.1/2,6.6,3.0,454(+2),[西] 松永幹夫,202407010604
3,4,8,ビーンスターク,牡3,57.0,富田暁,2:03.9,アタマ,52.4,10.0,474(+2),[東] 栗田徹,202407010604
4,5,10,プロスペクト,牡3,57.0,吉田隼人,2:04.0,1/2,14.1,5.0,508(+18),[西] 須貝尚介,202407010604
5,8,16,マイファミリー,牡3,57.0,菅原明良,2:04.1,1/2,6.2,2.0,440(+10),[東] 深山雅史,202407010604
6,1,1,コスモカノア,牝3,55.0,ムルザバ,2:04.1,クビ,19.2,7.0,374(+2),[東] 大和田成,202407010604
7,3,6,クーデメイン,牝3,55.0,Ｍ．デム,2:04.7,3.1/2,53.6,11.0,486(-2),[東] 矢嶋大樹,202407010604
8,1,2,スマートレザルト,牡3,57.0,リョン,2:04.9,1.1/4,11.9,4.0,458(-2),[西] 吉田直弘,202407010604
9,6,12,ダンツトレント,牡3,57.0,丸山元気,2:05.0,3/4,17.5,6.0,484(-6),[西] 本田優,202407010604
10,7,14,レッドアスール,牡3,56.0,松本大輝,2:05.4,2,58.6,12.0,402(0),[西] 松下武士,202407010604
11,7,13,リンドバーグ,セ3,57.0,松山弘平,2:05.4,クビ,36.6,8.0,458(-12),[西] 寺島良,202407010604
12,2,3,マリエッティ,牝3,55.0,藤岡佑介,2:05.7,2,89.3,13.0,414(-10),[西] 庄野靖志,202407010604
13,6,11,リクサニー,牡3,57.0,坂井瑠星,2:05.9,1,45.5,9.0,466(0),[西] 武英智,202407010604
14,4,7,ナムラマーヤ,牝3,55.0,原田和真,2:06.1,1.1/2,685.2,15.0,416(-10),[東] 蛯名利弘,202407010604
15,3,5,ソーリャ,牡3,56.0,秋山稔樹,2:06.6,2.1/2,773.2,16.0,376(-6),[東] 尾形和幸,202407010604
16,8,15,セイウンシテンノウ,牡3,57.0,大野拓弥,2:11.4,大,417.4,14.0,510(-24),[東] 上原博之,202407010604
1,5,6,アルゲンテウス,セ5,58.0,Ｍ．デム,1:36.2,,5.5,3.0,470(+6),[東] 小島茂之,202407010605
2,4,5,イスラグランデ,セ5,58.0,大野拓弥,1:36.4,1,19.4,7.0,534(+6),[西] 西園正都,202407010605
3,1,1,クラシックステップ,牡5,58.0,丸山元気,1:36.5,1/2,6.4,4.0,490(+10),[西] 高橋一哉,202407010605
4,8,13,シルバースペード,牡4,58.0,三浦皇成,1:36.7,1.1/4,11.8,6.0,478(-4),[東] 小野次郎,202407010605
5,5,7,オーシャントライブ,牡4,58.0,ムルザバ,1:37.1,2.1/2,2.9,1.0,454(-6),[西] 高柳大輔,202407010605
6,6,9,ノットファウンド,牝4,56.0,西村淳也,1:37.2,1,8.6,5.0,500(+2),[東] 国枝栄,202407010605
7,7,11,シャイニースイフト,牡4,58.0,吉田豊,1:37.3,クビ,21.3,8.0,434(-4),[東] 菊川正達,202407010605
8,8,12,レクランスリール,牝4,56.0,富田暁,1:37.3,アタマ,90.3,9.0,454(-2),[西] 小林真也,202407010605
9,4,4,ロストボール,セ5,55.0,高杉吏麒,1:37.3,アタマ,319.5,13.0,434(+16),[東] 加藤和宏,202407010605
10,6,8,ハッピーアズラリー,牝4,56.0,ルメール,1:37.3,ハナ,4.1,2.0,440(+12),[西] 安田翔伍,202407010605
11,3,3,フェルドランス,牡4,58.0,菊沢一樹,1:37.4,クビ,129.1,11.0,464(-2),[東] 鈴木慎太,202407010605
12,7,10,ショウナンラタン,牡5,55.0,橋木太希,1:37.7,1.3/4,268.5,12.0,496(0),[西] 西園正都,202407010605
13,2,2,クリノエンジェル,牝4,55.0,角田大和,1:37.8,3/4,102.5,10.0,468(0),[西] 畑端省吾,202407010605
1,6,6,レッドラグラス,牡4,58.0,川田将雅,1:51.5,,1.9,1.0,480(-2),[西] 中内田充,202407010606
2,8,10,ヒルノデプラーツ,牡5,57.0,秋山稔樹,1:51.8,1.1/2,45.9,9.0,492(0),[西] 北出成人,202407010606
3,4,4,キレナイカ,牡4,58.0,西村淳也,1:51.8,ハナ,7.7,4.0,524(-10),[西] 須貝尚介,202407010606
4,5,5,グロリアスヒーロー,セ5,58.0,菅原明良,1:52.0,1.1/4,12.1,5.0,476(-4),[東] 高木登,202407010606
5,8,11,マルモルミエール,牡4,58.0,富田暁,1:52.1,3/4,57.1,10.0,488(+8),[西] 木原一良,202407010606
6,3,3,ダノンフューチャー,牡5,58.0,松山弘平,1:52.1,アタマ,6.4,3.0,524(+6),[西] 寺島良,202407010606
7,6,7,アルムエアフォルク,牝4,53.0,永島まな,1:52.4,1.3/4,5.7,2.0,474(+12),[西] 平田修,202407010606
8,1,1,トゥピ,牝4,56.0,菊沢一樹,1:52.5,1/2,16.3,7.0,464(0),[東] 田村康仁,202407010606
9,2,2,テクノダイヤモンド,牡4,58.0,岩田康誠,1:52.6,1/2,13.6,6.0,502(-1),[西] 藤野健太,202407010606
10,7,9,ルフレーヴ,牡4,58.0,吉田隼人,1:53.9,8,34.0,8.0,482(-4),[東] 上原佑紀,202407010606
11,7,8,ジョーカーブラウン,牡5,58.0,原田和真,1:54.2,2,296.0,11.0,520(-2),[東] 松山将樹,202407010606
1,2,2,コパノサントス,牡4,57.0,川田将雅,2:15.0,,1.9,1.0,474(+18),[西] 梅田智之,202407010607
2,5,5,アレナリア,牝5,56.0,坂井瑠星,2:15.3,1.3/4,6.0,3.0,428(+6),[西] 西園翔太,202407010607
3,6,6,フォーグッド,セ5,58.0,ルメール,2:16.1,5,3.5,2.0,512(-2),[東] 国枝栄,202407010607
4,7,7,ネイチャーシップ,牡6,58.0,富田暁,2:16.1,クビ,17.2,5.0,506(-4),[東] 根本康広,202407010607
5,1,1,ヴァンナチュール,牡4,57.0,吉田隼人,2:16.5,2,7.8,4.0,458(0),[東] 林徹,202407010607
6,4,4,ブラックノワール,牡5,58.0,西村淳也,2:17.2,4,28.1,6.0,506(-2),[西] 小栗実,202407010607
7,8,9,ペリプルス,牡4,57.0,丸山元気,2:17.2,ハナ,62.5,9.0,434(0),[東] 佐藤吉勝,202407010607
8,3,3,アオカミ,セ5,58.0,菊沢一樹,2:17.5,1.1/2,31.2,7.0,474(0),[東] 松山将樹,202407010607
9,8,8,タフトテソーロ,牡5,58.0,藤岡佑介,2:21.3,大,61.9,8.0,460(0),[東] 千葉直人,202407010607
1,5,9,アシャカタカ,牡4,58.0,武豊,1:10.3,,4.9,2.0,472(0),[東] 鈴木伸尋,202407010608
2,3,5,コスモアディラート,牡6,58.0,ルメール,1:10.6,2,3.3,1.0,514(-6),[東] 和田正一,202407010608
3,3,6,ジオパーククラウン,牡4,58.0,藤岡佑介,1:10.7,3/4,11.0,5.0,452(+6),[西] 長谷川浩,202407010608
4,5,10,タガノスペルノヴァ,牡6,58.0,富田暁,1:11.0,1.3/4,33.1,9.0,440(+4),[西] 川村禎彦,202407010608
5,2,3,スイープラン,牝4,56.0,高倉稜,1:11.1,3/4,149.7,14.0,434(-14),[西] 渡辺薫彦,202407010608
6,6,12,サク,牝5,55.0,秋山稔樹,1:11.3,1.1/4,5.6,3.0,468(+8),[西] 北出成人,202407010608
7,4,7,ラピカズマ,牡6,58.0,菊沢一樹,1:11.4,3/4,59.8,13.0,500(+4),[東] 高橋文雅,202407010608
8,7,14,アコルダール,牝6,56.0,松山弘平,1:11.5,1/2,36.7,10.0,460(0),[西] 西園翔太,202407010608
9,8,15,タイガーリリー,牝6,56.0,黛弘人,1:11.6,1/2,56.6,12.0,474(+2),[東] 尾関知人,202407010608
10,1,2,ダイヤモンドフジ,牡5,58.0,西村淳也,1:11.7,クビ,6.2,4.0,450(+12),[西] 宮本博,202407010608
11,1,1,チカポコ,牝4,53.0,橋木太希,1:11.7,ハナ,156.6,15.0,418(+6),[西] 西園正都,202407010608
12,4,8,ティフォーザ,牝6,53.0,永島まな,1:11.7,ハナ,161.6,16.0,424(-4),[西] 小椋研介,202407010608
13,2,4,クレセントウイング,牡4,58.0,吉田豊,1:11.9,1.1/2,49.2,11.0,478(+6),[東] 高橋文雅,202407010608
14,7,13,ロッククリーク,セ4,58.0,三浦皇成,1:12.0,1/2,14.6,7.0,494(+4),[東] 栗田徹,202407010608
15,6,11,ラナキラ,牝6,56.0,菅原明良,1:12.3,1.3/4,12.6,6.0,468(+8),[東] 尾関知人,202407010608
16,8,16,ニシノトレンディー,牝4,56.0,Ｍ．デム,1:12.5,1.1/4,22.7,8.0,488(+4),[東] 小手川準,202407010608
1,8,10,シュガークン,牡3,57.0,武豊,2:17.4,,3.4,1.0,498(-6),[西] 清水久詞,202407010609
2,1,1,オールナット,牡3,57.0,ムルザバ,2:17.7,2,4.8,3.0,512(-10),[西] 高野友和,202407010609
3,5,5,コスモレオナルド,牡3,57.0,Ｍ．デム,2:17.8,1,22.3,8.0,456(+6),[東] 鹿戸雄一,202407010609
4,2,2,ジェロニモス,牡3,57.0,坂井瑠星,2:17.9,クビ,45.7,10.0,482(+2),[西] 中村直也,202407010609
5,7,8,ガイアメンテ,牡3,57.0,西村淳也,2:17.9,アタマ,3.6,2.0,490(-2),[西] 須貝尚介,202407010609
6,3,3,リアレスト,牡3,57.0,菅原明良,2:18.0,3/4,27.4,9.0,510(-4),[東] 尾関知人,202407010609
7,8,9,ジャスティンガルフ,牡3,57.0,ルメール,2:18.5,2.1/2,10.4,5.0,490(-4),[西] 安田翔伍,202407010609
8,7,7,ソウルアンドジャズ,牡3,57.0,川田将雅,2:18.5,クビ,6.8,4.0,502(+4),[東] 武井亮,202407010609
9,6,6,インテグレイト,牡3,57.0,藤岡佑介,2:18.7,1.1/4,21.5,7.0,500(+4),[西] 四位洋文,202407010609
10,4,4,ドゥレイクパセージ,牡3,57.0,松山弘平,2:19.2,3,10.8,6.0,464(+6),[東] 堀宣行,202407010609
1,2,4,サンテックス,牡4,58.0,川田将雅,1:50.4,,5.7,3.0,536(+26),[西] 浜田多実,202407010610
2,7,13,パーサヴィアランス,牡5,58.0,坂井瑠星,1:50.4,クビ,20.2,10.0,452(-14),[西] 西村真幸,202407010610
3,2,3,マリアナトレンチ,牡4,58.0,松山弘平,1:50.6,1.1/4,4.1,1.0,472(-6),[西] 音無秀孝,202407010610
4,7,14,フミヤングフェイス,牡4,58.0,松本大輝,1:50.7,1/2,14.9,6.0,502(-14),[西] 新谷功一,202407010610
5,4,8,ダッシュダクラウン,セ6,58.0,藤岡佑介,1:50.9,1.1/4,5.1,2.0,464(+2),[西] 武英智,202407010610
6,1,1,テーオーレガシー,牡4,58.0,秋山稔樹,1:51.0,3/4,14.7,5.0,508(-2),[西] 宮徹,202407010610
7,8,15,シュガーコルト,セ5,58.0,ムルザバ,1:51.1,クビ,19.8,9.0,502(-10),[西] 寺島良,202407010610
8,6,11,シゲルショウグン,牡4,58.0,永島まな,1:51.2,1/2,6.5,4.0,496(+4),[西] 大橋勇樹,202407010610
9,3,6,マコトゴコタイ,牡6,58.0,大野拓弥,1:51.2,アタマ,308.7,16.0,502(-2),[西] 鮫島一歩,202407010610
10,1,2,ルーパステソーロ,牡6,58.0,菊沢一樹,1:51.3,1.1/4,182.8,15.0,546(0),[東] 千葉直人,202407010610
11,4,7,シャドウアイル,セ5,58.0,三浦皇成,1:51.7,2.1/2,56.1,12.0,478(0),[西] 斉藤崇史,202407010610
12,6,12,カフェカルマ,牡5,58.0,菅原明良,1:52.4,4,47.6,11.0,542(-2),[東] 古賀慎明,202407010610
13,8,16,ミヤジシャルマン,牡4,58.0,富田暁,1:52.6,1.1/4,16.7,7.0,502(+2),[西] 川村禎彦,202407010610
14,3,5,ホウオウユニコーン,牡5,58.0,岩田康誠,1:52.6,アタマ,56.8,13.0,476(0),[東] 奥村武,202407010610
15,5,10,ショウサンキズナ,牡5,58.0,池添謙一,1:52.7,1/2,18.9,8.0,520(-6),[西] 松下武士,202407010610
16,5,9,コスモコラッジョ,牡6,58.0,丸山元気,1:54.7,大,147.3,14.0,508(-2),[東] 嘉藤貴行,202407010610
1,1,2,マッドクール,牡5,58.0,坂井瑠星,1:08.9,,9.6,6.0,540(+18),[西] 池添学,202407010611
2,2,3,ナムラクレア,牝5,56.0,浜中俊,1:08.9,アタマ,5.4,2.0,470(-8),[西] 長谷川浩,202407010611
3,5,10,ビクターザウィナー,セ6,58.0,リョン,1:09.4,3,9.6,5.0,494(-1),[外] シャム,202407010611
4,7,13,ウインカーネリアン,牡7,58.0,三浦皇成,1:09.6,1.1/2,32.6,11.0,518(0),[東] 鹿戸雄一,202407010611
5,6,12,ロータスランド,牝7,56.0,岩田康誠,1:09.6,ハナ,35.0,12.0,496(+4),[西] 辻野泰之,202407010611
6,3,5,トウシンマカオ,牡5,58.0,ルメール,1:09.7,1/2,8.4,4.0,478(-2),[東] 高柳瑞樹,202407010611
7,1,1,ビッグシーザー,牡4,58.0,吉田隼人,1:09.8,1/2,21.4,9.0,514(-2),[西] 西園正都,202407010611
8,7,14,ママコチャ,牝5,56.0,川田将雅,1:09.9,3/4,8.0,3.0,488(+2),[西] 池江泰寿,202407010611
9,6,11,メイケイエール,牝6,56.0,池添謙一,1:10.0,1/2,21.9,10.0,486(-8),[西] 武英智,202407010611
10,3,6,ルガル,牡4,58.0,西村淳也,1:10.1,3/4,3.7,1.0,524(+2),[西] 杉山晴紀,202407010611
11,7,15,ディヴィーナ,牝6,56.0,Ｍ．デム,1:10.2,3/4,60.9,13.0,434(+16),[西] 友道康夫,202407010611
12,8,16,ウインマーベル,牡5,58.0,松山弘平,1:10.5,1.1/2,16.9,8.0,482(+6),[東] 深山雅史,202407010611
13,8,18,シュバルツカイザー,セ6,58.0,大野拓弥,1:10.6,3/4,196.1,18.0,502(0),[東] 大竹正博,202407010611
14,4,8,ソーダズリング,牝4,56.0,武豊,1:10.6,クビ,12.3,7.0,472(0),[西] 音無秀孝,202407010611
15,2,4,モズメイメイ,牝4,56.0,藤岡佑介,1:10.8,1.1/4,147.2,16.0,456(-10),[西] 音無秀孝,202407010611
16,8,17,マテンロウオリオン,牡5,58.0,横山典弘,1:10.9,3/4,172.5,17.0,490(+6),[西] 昆貢,202407010611
17,5,9,シャンパンカラー,牡4,58.0,吉田豊,1:11.3,2.1/2,66.8,14.0,510(+2),[東] 田中剛,202407010611
18,4,7,テイエムスパーダ,牝5,56.0,富田暁,1:11.6,1.1/2,104.9,15.0,504(+2),[西] 木原一良,202407010611
1,3,6,ロードフォンス,牡4,58.0,川田将雅,1:23.0,,2.6,1.0,480(+8),[西] 安田翔伍,202407010612
2,8,15,グラスシフォン,牝4,56.0,菅原明良,1:23.2,1.1/4,42.0,11.0,422(-10),[東] 松山将樹,202407010612
3,7,13,ヴィヴァン,牡6,58.0,松山弘平,1:23.2,アタマ,3.3,2.0,498(+4),[西] 池江泰寿,202407010612
4,1,1,ミラキュラスライト,牡5,58.0,大野拓弥,1:23.4,1.1/4,92.5,12.0,490(+6),[東] 萩原清,202407010612
5,2,4,ミルトハンター,牡4,58.0,藤岡佑介,1:23.4,クビ,14.0,5.0,490(+4),[西] 中竹和也,202407010612
6,5,10,ドライブアローカス,牡4,58.0,西村淳也,1:23.4,ハナ,18.4,7.0,450(-2),[東] 小笠倫弘,202407010612
7,6,11,アーバンデザイン,セ5,58.0,吉田隼人,1:23.4,ハナ,117.4,14.0,510(-3),[東] 和田雄二,202407010612
8,3,5,カッティングジェム,牡4,58.0,武豊,1:23.5,1/2,14.9,6.0,512(-4),[西] 小崎憲,202407010612
9,8,16,カゲマル,牡4,58.0,Ｍ．デム,1:23.6,1/2,11.4,4.0,508(+2),[西] 西園正都,202407010612
10,5,9,メイショウキッド,牡5,58.0,丸山元気,1:23.7,3/4,29.3,9.0,514(-4),[西] 本田優,202407010612
11,4,8,テイエムフォンテ,牡5,58.0,菊沢一樹,1:23.9,3/4,358.4,16.0,482(-18),[西] 河嶋宏樹,202407010612
12,6,12,ギョウネン,牝4,56.0,ルメール,1:23.9,クビ,7.9,3.0,432(-4),[東] 竹内正洋,202407010612
13,2,3,バルミュゼット,牡5,58.0,池添謙一,1:24.0,クビ,93.5,13.0,516(-8),[西] 藤野健太,202407010612
14,7,14,カイカノキセキ,牝5,56.0,ムルザバ,1:24.2,1.1/2,21.5,8.0,508(+4),[西] 高橋一哉,202407010612
15,4,7,テイエムファクター,牡5,58.0,高倉稜,1:24.6,2.1/2,300.3,15.0,462(-2),[西] 木原一良,202407010612
16,1,2,エールレヴリー,牝4,56.0,富田暁,1:25.9,8,38.3,10.0,476(-4),[西] 武英智,202407010612
1,1,1,ゼンカイテン,牡5,60.0,伴啓太,3:18.6,,5.8,3.0,476(+6),[東] 矢野英一,202407020101
2,7,7,トーセンオリジン,牡7,60.0,上野翔,3:18.7,1/2,3.2,1.0,462(0),[東] 和田雄二,202407020101
3,8,9,スマートルミエール,牡7,60.0,五十嵐雄,3:18.8,3/4,8.9,6.0,444(-8),[東] 高橋文雅,202407020101
4,4,4,ネッスンドルマ,牡5,57.0,坂口智康,3:19.9,7,6.8,4.0,460(-2),[東] 加藤士津,202407020101
5,3,3,アルカンサス,牡5,60.0,大江原圭,3:20.8,5,27.5,8.0,472(0),[東] 土田稔,202407020101
6,8,10,アップデート,牡5,60.0,小牧加矢,3:21.5,4,3.5,2.0,498(-8),[西] 音無秀孝,202407020101
7,6,6,ハイエストポイント,牡6,60.0,中村将之,3:22.9,8,26.2,7.0,460(-2),[西] 鈴木孝志,202407020101
8,7,8,キタノセレナード,牡5,60.0,小野寺祐,3:23.4,3,55.6,9.0,454(+6),[西] 坂口智康,202407020101
9,2,2,シャドウダッチェス,牝4,58.0,石神深一,3:32.6,大,72.0,10.0,480(-4),[東] 深山雅史,202407020101
中,5,5,パクスオトマニカ,牡4,60.0,草野太郎,,,7.9,5.0,476(+2),[東] 久保田貴,202407020101
1,5,10,アーデルリーベ,牝2,55.0,幸英明,1:12.2,,6.9,3.0,458(+4),[西] 斉藤崇史,202407020102
2,2,4,ジャスパーソレイユ,牡2,55.0,松山弘平,1:13.0,5,1.7,1.0,466(-2),[西] 森秀行,202407020102
3,3,6,ブルドッグワイルド,牡2,55.0,和田竜二,1:13.3,1.3/4,12.6,5.0,470(-2),[西] 西園正都,202407020102
4,3,5,デーモンスレイヤー,牡2,55.0,西村淳也,1:13.5,1,11.4,4.0,472(+2),[西] 庄野靖志,202407020102
5,7,13,ドナポンド,牝2,55.0,藤懸貴志,1:13.6,3/4,25.0,7.0,484(+4),[西] 小林真也,202407020102
6,7,14,ブレイジングスター,牡2,53.0,永島まな,1:13.7,1/2,33.0,8.0,476(-2),[西] 高橋康之,202407020102
7,8,16,リトルサムシング,牡2,55.0,坂井瑠星,1:14.5,5,5.2,2.0,478(-4),[西] 野中賢二,202407020102
8,2,3,マルモリマジック,牝2,52.0,鷲頭虎太,1:14.5,クビ,136.6,12.0,460(0),[西] 川村禎彦,202407020102
9,1,1,コパノオーランド,牡2,51.0,河原田菜,1:14.6,クビ,40.7,9.0,476(-4),[西] 村山明,202407020102
10,8,15,ベラヴィットーリア,牝2,54.0,松本大輝,1:14.7,1/2,67.7,10.0,496(-2),[西] 高柳大輔,202407020102
11,6,11,オデット,牝2,52.0,吉村誠之,1:14.7,アタマ,126.1,11.0,444(-8),[西] 緒方努,202407020102
12,6,12,アンヘリート,牝2,55.0,川須栄彦,1:15.2,3,229.9,13.0,444(0),[西] 高橋一哉,202407020102
13,1,2,カリスパール,牝2,52.0,橋木太希,1:15.2,ハナ,368.5,14.0,468(-8),[西] 村山明,202407020102
14,4,8,カシノシンボル,牡2,55.0,酒井学,1:15.5,2,378.2,15.0,422(+6),[西] 谷潔,202407020102
15,5,9,テイエムダイスター,牝2,54.0,小沢大仁,1:16.1,3.1/2,23.5,6.0,432(-8),[西] 木原一良,202407020102
16,4,7,エハバンディーア,牝2,52.0,柴田裕一,1:16.2,1/2,397.3,16.0,416(-14),[西] 杉山佳明,202407020102
1,7,14,ルージュルリアン,牝3,55.0,松山弘平,1:55.1,,4.5,3.0,484(-4),[西] 藤原英昭,202407020103
2,6,11,アルピニスト,牝3,55.0,団野大成,1:55.1,クビ,7.0,4.0,466(+2),[西] 杉山佳明,202407020103
3,4,7,ウィージャスト,牝3,55.0,川田将雅,1:55.5,2.1/2,4.5,2.0,480(0),[西] 中内田充,202407020103
4,5,10,キタノレガーロ,牝3,52.0,吉村誠之,1:56.3,5,179.9,12.0,442(-8),[西] 坂口智康,202407020103
5,7,13,クラリオ,牝3,52.0,柴田裕一,1:56.4,1/2,392.3,15.0,442(-10),[西] 吉村圭司,202407020103
6,5,9,ピエナフェリーチェ,牝3,54.0,角田大和,1:56.9,3,65.0,8.0,418(-1),[西] 飯田祐史,202407020103
7,1,1,トルタディメーレ,牝3,55.0,Ｍ．デム,1:57.1,1,27.3,6.0,470(+8),[西] 橋口慎介,202407020103
8,8,15,エデュース,牝3,55.0,幸英明,1:57.2,3/4,109.3,10.0,456(-4),[西] 牧浦充徳,202407020103
9,6,12,ナムラリーナ,牝3,55.0,和田竜二,1:57.3,1/2,12.5,5.0,484(0),[西] 川村禎彦,202407020103
10,3,5,フィールアライヴ,牝3,55.0,太宰啓介,1:57.5,1.1/4,323.9,14.0,412(-8),[西] 高橋亮,202407020103
11,1,2,ピケアラベスク,牝3,55.0,川須栄彦,1:58.4,5,148.1,11.0,468(+4),[西] 吉岡辰弥,202407020103
12,8,16,ルージュロンサール,牝3,54.0,小沢大仁,1:58.5,1/2,64.9,7.0,452(+8),[西] 高橋義忠,202407020103
13,3,6,ヤマカツパルフェ,牝3,51.0,河原田菜,1:58.8,1.1/2,184.9,13.0,448(+8),[西] 谷潔,202407020103
14,2,3,エリカルツェルン,牝3,55.0,中井裕二,2:01.4,大,96.0,9.0,454(0),[西] 安田翔伍,202407020103
15,2,4,ケルンピュール,牝3,55.0,小崎綾也,2:03.2,大,451.1,16.0,442(-6),[西] 小崎憲,202407020103
中,4,8,ビターメサイア,牝3,55.0,酒井学,,,2.1,1.0,480(+2),[西] 坂口智康,202407020103
1,3,3,テイエムタツマキ,牡6,60.0,田村太雅,3:36.3,,3.5,2.0,506(-4),[西] 武英智,202407020104
2,5,5,ハーツシンフォニー,セ7,60.0,石神深一,3:36.3,クビ,5.0,3.0,480(+6),[東] 辻哲英,202407020104
3,2,2,イクスプロージョン,牡6,60.0,小牧加矢,3:36.8,3,1.6,1.0,482(+12),[西] 杉山晴紀,202407020104
4,6,6,ラジェドール,セ6,60.0,大江原圭,3:37.2,2.1/2,14.9,4.0,496(0),[東] 小笠倫弘,202407020104
5,4,4,ギガバッケン,セ9,62.0,伴啓太,3:38.2,6,20.5,5.0,536(+2),[東] 岩戸孝樹,202407020104
6,1,1,フロールシュタット,牡5,60.0,草野太郎,3:38.3,3/4,23.0,6.0,470(-2),[東] 戸田博文,202407020104
1,7,12,エイシンワンド,牡2,55.0,幸英明,1:09.2,,2.8,1.0,466(0),[西] 大久保龍,202407020105
2,4,5,クラスペディア,牡2,55.0,小崎綾也,1:09.4,1.1/4,18.5,9.0,490(0),[西] 河嶋宏樹,202407020105
3,6,10,ハイファイスピード,牝2,55.0,国分恭介,1:10.4,6,13.6,7.0,446(0),[西] 宮本博,202407020105
4,3,4,アメリータ,牝2,55.0,坂井瑠星,1:10.4,クビ,12.5,6.0,422(0),[西] 今野貞一,202407020105
5,8,14,コスモエンエン,牡2,53.0,永島まな,1:10.5,1/2,9.1,4.0,460(0),[西] 西園正都,202407020105
6,4,6,エニーサンダー,牡2,55.0,和田竜二,1:11.2,4,45.5,10.0,434(0),[西] 高橋一哉,202407020105
7,5,7,スパイスマン,牡2,52.0,吉村誠之,1:11.3,1/2,105.9,13.0,422(0),[西] 西村真幸,202407020105
8,8,13,ミキノバカラ,牡2,51.0,河原田菜,1:11.3,ハナ,76.6,11.0,458(0),[西] 大橋勇樹,202407020105
9,3,3,ゼンダンタカ,牝2,54.0,角田大和,1:11.3,クビ,6.2,3.0,432(0),[西] 角田晃一,202407020105
10,2,2,ナムラピノコ,牝2,52.0,柴田裕一,1:11.4,クビ,5.3,2.0,436(0),[西] 鈴木孝志,202407020105
11,6,9,アニラ,牝2,55.0,西村淳也,1:11.6,1.1/4,10.1,5.0,436(0),[西] 松下武士,202407020105
12,7,11,テイケイウル,牝2,55.0,酒井学,1:11.9,1.3/4,237.8,14.0,440(0),[西] 大橋勇樹,202407020105
13,1,1,サファリ,牡2,55.0,松山弘平,1:12.9,6,13.8,8.0,462(0),[西] 浜田多実,202407020105
14,5,8,クイーンズグリーン,牝2,55.0,城戸義政,1:12.9,クビ,97.6,12.0,452(0),[西] 奥村豊,202407020105
1,7,14,エノラブエナ,牡3,57.0,松山弘平,1:54.0,,6.9,4.0,532(0),[西] 上村洋行,202407020106
2,3,6,ワーキングアセット,牡3,57.0,川田将雅,1:54.2,1.1/4,2.7,1.0,472(-2),[西] 吉村圭司,202407020106
3,7,13,メイショウオオコ,牡3,57.0,団野大成,1:54.9,4,4.5,3.0,472(+8),[西] 荒川義之,202407020106
4,4,8,ビップライアン,牡3,57.0,川須栄彦,1:55.5,3.1/2,192.5,14.0,494(-5),[西] 小椋研介,202407020106
5,2,3,バンドエース,セ3,54.0,吉村誠之,1:55.8,1.3/4,61.0,10.0,530(-16),[西] 石坂公一,202407020106
6,4,7,ルクスソレイユ,牡3,57.0,Ｍ．デム,1:56.2,2.1/2,9.2,5.0,472(-6),[西] 大久保龍,202407020106
7,3,5,メイショウアラジン,牡3,57.0,坂井瑠星,1:56.6,2.1/2,3.9,2.0,500(-18),[西] 石橋守,202407020106
8,8,15,ジューンバタフライ,牝3,55.0,酒井学,1:56.7,3/4,64.7,11.0,460(-14),[西] 飯田祐史,202407020106
9,6,11,フルオブサクセス,牡3,55.0,永島まな,1:57.2,3,29.0,6.0,520(+4),[西] 須貝尚介,202407020106
10,8,16,ボンジーア,牝3,52.0,柴田裕一,1:57.4,1.1/2,557.5,16.0,420(+2),[西] 茶木太樹,202407020106
11,1,2,ソーラーシステム,牡3,57.0,城戸義政,1:57.5,1/2,528.7,15.0,496(+2),[西] 鈴木孝志,202407020106
12,5,10,ハートストロング,セ3,56.0,角田大和,1:57.7,3/4,77.4,12.0,402(-2),[西] 笹田和秀,202407020106
13,6,12,クリノオデッセイ,牡3,57.0,国分優作,1:57.7,ハナ,57.8,9.0,464(0),[西] 坂口智康,202407020106
14,1,1,カチドキ,牡3,56.0,小沢大仁,1:58.7,6,40.3,7.0,516(-6),[西] 橋口慎介,202407020106
15,2,4,ピンクイーグル,牡3,57.0,和田竜二,1:59.6,5,82.0,13.0,502(0),[西] 森秀行,202407020106
16,5,9,ビスクウィザード,牡3,57.0,西村淳也,2:00.3,4,57.6,8.0,548(-3),[西] 高柳大輔,202407020106
1,6,12,アイルドリアン,牝3,52.0,吉村誠之,1:08.2,,10.9,5.0,500(-8),[西] 音無秀孝,202407020107
2,5,10,ディーエストッキー,牡3,57.0,松山弘平,1:08.4,1.1/4,4.6,3.0,448(0),[西] 橋口慎介,202407020107
3,2,4,ショウナンマリン,牝3,52.0,橋木太希,1:08.4,クビ,24.1,8.0,448(+6),[西] 西園正都,202407020107
4,1,2,メイショウソニック,牡3,57.0,西村淳也,1:08.4,アタマ,3.6,2.0,462(+4),[西] 石橋守,202407020107
5,7,15,リプレット,牝3,54.0,小沢大仁,1:08.6,1.1/4,49.1,9.0,400(-2),[西] 飯田祐史,202407020107
6,3,6,タマモブリリオ,牡3,57.0,幸英明,1:08.7,3/4,3.2,1.0,490(-2),[西] 藤岡健一,202407020107
7,4,7,バラン,牝3,53.0,永島まな,1:08.8,1/2,22.3,7.0,428(0),[西] 中竹和也,202407020107
8,8,16,アーバンエア,牡3,57.0,坂井瑠星,1:08.8,クビ,9.3,4.0,532(-12),[西] 吉岡辰弥,202407020107
9,4,8,サウンドヴェール,牝3,55.0,太宰啓介,1:08.9,クビ,134.7,14.0,468(-10),[西] 安達昭夫,202407020107
10,8,17,レオナルドスター,牡3,57.0,和田竜二,1:09.1,1.1/4,52.7,10.0,458(+6),[西] 長谷川浩,202407020107
11,5,9,チェリアーナ,牡3,56.0,松本大輝,1:09.1,ハナ,124.9,13.0,508(-10),[西] 中竹和也,202407020107
12,7,14,レディーズナイト,牝3,55.0,団野大成,1:09.4,1.3/4,13.1,6.0,456(0),[西] 鮫島一歩,202407020107
13,3,5,アルムラジャスタン,牝3,55.0,藤懸貴志,1:09.6,1,95.5,12.0,466(-8),[西] 平田修,202407020107
14,1,1,フリーセント,牝3,55.0,城戸義政,1:10.2,3.1/2,377.7,16.0,462(+10),[西] 羽月友彦,202407020107
15,6,11,ビッグアンサー,牡3,57.0,小崎綾也,1:10.9,4,359.5,15.0,496(-6),[西] 牧田和弥,202407020107
16,7,13,プティエル,牝3,52.0,柴田裕一,1:11.5,3.1/2,422.4,17.0,344(0),[西] 鮫島一歩,202407020107
17,2,3,プティサンティーユ,牝3,52.0,鷲頭虎太,1:13.8,大,598.0,18.0,370(-6),[西] 本田優,202407020107
中,8,18,キープライジング,牝3,55.0,Ｍ．デム,,,74.0,11.0,458(-2),[西] 緒方努,202407020107
1,5,9,デルマアートマン,セ3,55.0,小崎綾也,1:52.5,,8.3,4.0,472(-4),[西] 友道康夫,202407020108
2,7,13,ジョータルマエ,セ4,58.0,鮫島良太,1:53.0,3,13.4,5.0,484(0),[西] 河嶋宏樹,202407020108
3,8,14,オペラプラージュ,牡3,55.0,川田将雅,1:53.1,アタマ,3.0,2.0,504(+8),[西] 新谷功一,202407020108
4,4,6,エアフォースワン,牡5,58.0,幸英明,1:53.3,1.1/4,20.6,7.0,478(-4),[西] 大根田裕,202407020108
5,6,11,ヒロノラメール,牡3,55.0,和田竜二,1:53.6,1.3/4,6.3,3.0,468(-6),[西] 川村禎彦,202407020108
6,5,8,ティンティンデオ,牡3,52.0,吉村誠之,1:54.0,2.1/2,15.3,6.0,484(+8),[西] 小崎憲,202407020108
7,3,5,ペプチドヒナタ,牡3,54.0,小沢大仁,1:54.0,アタマ,53.0,10.0,476(+2),[西] 武英智,202407020108
8,7,12,グルーヴビート,牡6,58.0,団野大成,1:54.0,ハナ,54.7,11.0,482(-2),[西] 中村直也,202407020108
9,2,3,メイショウクーガー,牡4,58.0,中井裕二,1:54.2,1.1/4,2.9,1.0,480(+2),[西] 中内田充,202407020108
10,6,10,マリオンエール,牝6,56.0,国分恭介,1:54.7,3,142.4,13.0,478(-4),[西] 安達昭夫,202407020108
11,2,2,クロダブシ,牡3,52.0,柴田裕一,1:54.9,3/4,178.3,14.0,456(+4),[西] 松永幹夫,202407020108
12,4,7,カールスタード,牡3,55.0,西村淳也,1:54.9,クビ,41.9,9.0,490(0),[西] 吉岡辰弥,202407020108
13,3,4,アマートカヴァロ,牡4,57.0,角田大和,1:55.7,5,192.2,15.0,474(-4),[西] 笹田和秀,202407020108
14,8,15,ツリーフロッグ,牡3,55.0,高田潤,1:56.6,5,79.3,12.0,498(+2),[西] 辻野泰之,202407020108
15,1,1,ヴィアダクト,牡3,55.0,松山弘平,1:58.1,9,31.6,8.0,528(+8),[西] 吉村圭司,202407020108
1,1,1,ミタマ,牝4,56.0,松山弘平,1:58.6,,5.1,3.0,480(0),[西] 上村洋行,202407020109
2,8,11,ヤマニンループ,牡5,58.0,Ｍ．デム,1:58.7,クビ,26.6,8.0,442(0),[西] 松永幹夫,202407020109
3,7,9,エンタングルメント,牝5,56.0,幸英明,1:59.2,3,19.7,6.0,518(+4),[西] 昆貢,202407020109
4,5,5,レゾンドゥスリール,セ6,58.0,西村淳也,1:59.2,クビ,26.5,7.0,450(-4),[西] 辻野泰之,202407020109
5,7,8,アイザックバローズ,牡4,58.0,坂井瑠星,1:59.3,1/2,3.8,2.0,474(0),[西] 友道康夫,202407020109
6,8,10,ローレルキャニオン,牡4,58.0,川田将雅,1:59.4,クビ,2.3,1.0,568(0),[西] 須貝尚介,202407020109
7,3,3,スタティスティクス,牝5,56.0,和田竜二,1:59.5,1/2,8.9,4.0,446(+6),[西] 石坂公一,202407020109
8,4,4,サクセスドレーク,牡5,58.0,小沢大仁,1:59.5,クビ,14.1,5.0,506(+6),[西] 野中賢二,202407020109
9,6,6,カフジアスール,牡6,58.0,柴田裕一,1:59.7,1.1/4,30.0,10.0,480(0),[西] 中竹和也,202407020109
10,2,2,テリオスマナ,牝6,56.0,藤懸貴志,2:00.3,3.1/2,30.0,9.0,466(-8),[西] 松下武士,202407020109
11,6,7,ヒルノエドワード,牡7,58.0,太宰啓介,2:00.6,2,270.6,11.0,472(-12),[西] 昆貢,202407020109
1,4,8,サンマルパトロール,牡4,58.0,Ｍ．デム,1:53.2,,5.7,2.0,480(-2),[西] 大橋勇樹,202407020110
2,6,11,ムジェロ,牡4,58.0,角田大和,1:53.3,クビ,6.3,3.0,500(-12),[西] 藤原英昭,202407020110
3,6,12,メイトースイ,牡4,58.0,幸英明,1:53.7,2.1/2,22.8,9.0,426(0),[西] 羽月友彦,202407020110
4,1,1,ジョウショーパワー,牡4,58.0,和田竜二,1:53.7,ハナ,26.9,10.0,470(+8),[西] 中尾秀正,202407020110
5,7,13,トクシースタローン,牡5,58.0,川田将雅,1:53.8,1/2,3.0,1.0,506(+4),[東] 辻哲英,202407020110
6,2,4,タイガースパーク,牡4,58.0,国分優作,1:53.9,3/4,12.5,7.0,448(-10),[西] 大橋勇樹,202407020110
7,1,2,インペリアルライン,セ5,58.0,吉村誠之,1:54.2,1.3/4,174.1,15.0,478(+4),[東] 中舘英二,202407020110
8,2,3,クールブロン,牡4,58.0,団野大成,1:54.5,1.3/4,10.0,5.0,522(0),[西] 武幸四郎,202407020110
9,5,10,シンリミテス,牡5,58.0,藤懸貴志,1:54.9,2.1/2,9.5,4.0,490(-4),[西] 大根田裕,202407020110
10,5,9,タガノアレハンドラ,牝4,56.0,国分恭介,1:55.1,1,38.9,11.0,494(+2),[西] 西園翔太,202407020110
11,4,7,テイエムシニスター,牡5,58.0,田中健,1:55.2,クビ,137.4,14.0,508(+6),[西] 木原一良,202407020110
12,3,5,サイモンメガライズ,牡6,58.0,川須栄彦,1:55.3,3/4,405.5,16.0,508(+2),[西] 小林真也,202407020110
13,8,16,メジャークオリティ,牡5,58.0,小沢大仁,1:55.4,1/2,54.5,12.0,492(+4),[西] 西園正都,202407020110
14,8,15,サヨノフィールド,牡5,58.0,酒井学,1:55.5,クビ,16.7,8.0,486(0),[東] 小笠倫弘,202407020110
15,7,14,プリティユニバンス,牝7,56.0,泉谷楓真,1:55.5,ハナ,79.2,13.0,466(0),[西] 村山明,202407020110
中,3,6,ウィズザドリーム,牡4,58.0,西村淳也,,,10.6,6.0,506(+4),[西] 高野友和,202407020110
1,6,6,ドクタードリトル,牡4,57.0,松山弘平,1:58.7,,2.2,1.0,460(+4),[西] 今野貞一,202407020111
2,8,8,ワイドエンペラー,牡6,57.0,西村淳也,1:59.2,3,3.8,3.0,500(-2),[西] 藤岡健一,202407020111
3,7,7,ブラックシールド,牡5,53.0,角田大和,1:59.3,3/4,32.0,7.0,460(-4),[西] 小栗実,202407020111
4,4,4,カランドゥーラ,牡6,56.0,小崎綾也,1:59.4,1/2,7.6,4.0,486(0),[西] 福永祐一,202407020111
5,5,5,ニホンピロタイズ,牡6,54.0,酒井学,1:59.6,3/4,15.2,5.0,506(-8),[西] 大橋勇樹,202407020111
6,1,1,ラスマドレス,牝5,54.0,団野大成,1:59.6,ハナ,3.6,2.0,472(+2),[西] 安田翔伍,202407020111
7,2,2,エターナルヴィテス,牡8,51.0,永島まな,2:00.6,6,31.4,6.0,476(0),[東] 松山将樹,202407020111
8,8,9,ハギノメーテル,牝5,51.0,藤懸貴志,2:01.2,4,42.4,8.0,482(+6),[西] 寺島良,202407020111
取,3,3,ロワンディシー,牡6,55.0,幸英明,,,---,,計不,[西] 北出成人,202407020111
1,6,11,トーホウキザン,牡4,57.0,小沢大仁,1:25.0,,9.5,4.0,476(-14),[西] 高橋康之,202407020112
2,7,14,アンシール,セ3,55.0,松山弘平,1:25.0,クビ,3.5,2.0,470(-10),[西] 小崎憲,202407020112
3,8,16,ファイアネイド,牝4,53.0,吉村誠之,1:25.1,3/4,6.9,3.0,474(+18),[西] 安田翔伍,202407020112
4,8,15,ルールシェーバー,牡7,58.0,国分恭介,1:25.2,クビ,325.1,16.0,482(-2),[西] 北出成人,202407020112
5,4,7,ストロンゲスト,牡5,58.0,酒井学,1:25.3,クビ,20.0,8.0,482(+4),[西] 羽月友彦,202407020112
6,7,13,メイショウナラシバ,牡5,57.0,泉谷楓真,1:25.5,1.1/2,44.9,12.0,432(+4),[西] 石橋守,202407020112
7,2,4,キングツェッペリン,牡3,55.0,西村淳也,1:25.5,ハナ,2.9,1.0,446(-6),[西] 牧田和弥,202407020112
8,1,1,スナークメモリー,牝4,53.0,鷲頭虎太,1:25.6,3/4,14.5,5.0,428(-2),[西] 川村禎彦,202407020112
9,5,10,ラートリー,牝5,56.0,川須栄彦,1:25.8,1,48.0,13.0,474(+2),[西] 小椋研介,202407020112
10,4,8,タイセイミニスター,牡3,51.0,河原田菜,1:25.9,1/2,18.3,6.0,484(+12),[西] 大橋勇樹,202407020112
11,2,3,オーディブルコール,牝4,56.0,団野大成,1:25.9,クビ,18.6,7.0,520(+14),[西] 池江泰寿,202407020112
12,3,5,シンエン,牡5,56.0,永島まな,1:26.3,2.1/2,31.6,9.0,484(-10),[西] 松下武士,202407020112
13,1,2,カレンマウラー,牡3,55.0,岡田祥嗣,1:26.5,3/4,40.2,11.0,456(0),[西] 安田翔伍,202407020112
14,3,6,ララプロフォン,牡4,58.0,中井裕二,1:27.2,4,34.3,10.0,504(-6),[西] 坂口智康,202407020112
15,5,9,ハクサンツキミテイ,牡3,55.0,小崎綾也,1:28.9,10,98.7,15.0,460(+2),[西] 小崎憲,202407020112
中,6,12,レイナアレナ,牝4,55.0,松本大輝,,,96.1,14.0,482(+14),[西] 小椋研介,202407020112
1,4,4,メイショウツヨキ,牡2,55.0,坂井瑠星,1:34.1,,3.1,3.0,458(-4),[西] 飯田祐史,202407020201
2,3,3,オンザムーブ,牡2,55.0,川田将雅,1:34.4,2,5.1,4.0,500(+4),[西] 矢作芳人,202407020201
3,6,6,バダジェフスカ,牝2,55.0,和田竜二,1:34.8,2.1/2,2.8,1.0,468(+2),[西] 新谷功一,202407020201
4,7,7,ゼンダンスバシリ,牡2,53.0,永島まな,1:35.5,4,58.3,5.0,446(-2),[西] 河嶋宏樹,202407020201
5,1,1,ラヴリーチェリー,牝2,52.0,吉村誠之,1:36.2,4,120.2,8.0,392(0),[西] 藤沢則雄,202407020201
6,5,5,ジャスタパーティー,牡2,55.0,西村淳也,1:36.6,2.1/2,2.9,2.0,476(+24),[西] 杉山晴紀,202407020201
7,8,8,アスカノソング,牡2,54.0,小沢大仁,1:37.4,5,92.2,6.0,450(+4),[西] 川村禎彦,202407020201
8,2,2,スマートエクシード,牡2,52.0,柴田裕一,1:37.5,3/4,119.5,7.0,468(+2),[西] 村山明,202407020201
1,7,14,ララバッカナール,牝3,55.0,中井裕二,1:12.2,,2.6,1.0,458(+8),[西] 斉藤崇史,202407020202
2,1,1,エピファドール,牝3,55.0,坂井瑠星,1:12.6,2.1/2,4.8,2.0,464(+4),[西] 石橋守,202407020202
3,8,16,エブリモーメント,牡3,57.0,西村淳也,1:12.8,1.1/2,5.8,4.0,488(+6),[西] 牧田和弥,202407020202
4,5,10,ポートカルタヘナ,牝3,54.0,西塚洸二,1:13.1,1.1/2,8.1,5.0,476(0),[西] 畑端省吾,202407020202
5,5,9,ジャイサルメール,牡3,54.0,柴田裕一,1:13.8,4,150.2,11.0,482(-12),[西] 佐々木晶,202407020202
6,2,4,カームゲイズ,牝3,55.0,菊沢一樹,1:13.9,1,193.6,12.0,414(+8),[西] 安達昭夫,202407020202
7,7,13,ライペニング,牡3,55.0,永島まな,1:13.9,アタマ,28.0,7.0,460(+4),[西] 橋口慎介,202407020202
8,6,11,プルーフリーダー,牡3,57.0,藤懸貴志,1:14.0,クビ,18.1,6.0,478(+12),[西] 藤野健太,202407020202
9,3,5,インペリオ,牡3,53.0,河原田菜,1:14.0,クビ,44.6,9.0,462(-6),[西] 羽月友彦,202407020202
10,1,2,ナインストーンズ,牡3,54.0,吉村誠之,1:14.2,1,5.3,3.0,482(+4),[西] 池添学,202407020202
11,4,8,テーオーダイヤ,牝3,55.0,国分優作,1:14.5,2,324.5,14.0,436(+8),[西] 梅田智之,202407020202
12,8,15,ハッピーモンスター,牡3,57.0,城戸義政,1:14.6,クビ,47.1,10.0,468(+16),[西] 畑端省吾,202407020202
13,3,6,リアルカラー,牡3,57.0,和田竜二,1:14.7,1/2,30.0,8.0,472(-2),[西] 羽月友彦,202407020202
14,4,7,ルナプレス,牝3,54.0,松本大輝,1:15.0,2,230.5,13.0,470(+8),[西] 藤沢則雄,202407020202
15,2,3,トウコンリュウジン,牡3,57.0,古川吉洋,1:15.7,4,424.2,16.0,482(+26),[西] 浜田多実,202407020202
16,6,12,アラタマファルクス,牝3,55.0,田中健,1:16.1,2.1/2,416.8,15.0,398(-4),[西] 浜田多実,202407020202
1,3,5,レディーヴァリュー,牝3,53.0,永島まな,1:58.6,,4.0,2.0,442(+4),[西] 小林真也,202407020203
2,2,4,アクイローネ,牡3,57.0,幸英明,1:59.0,2.1/2,161.6,14.0,420(+6),[西] 北出成人,202407020203
3,6,12,マイネルコモドーア,牡3,57.0,和田竜二,1:59.0,クビ,5.3,3.0,438(+4),[西] 長谷川浩,202407020203
4,7,13,ヘルツアス,牝3,55.0,国分恭介,1:59.1,クビ,69.8,12.0,408(+4),[西] 森田直行,202407020203
5,4,7,スターズウィーク,牡3,56.0,小沢大仁,1:59.2,1/2,50.1,11.0,490(0),[西] 武英智,202407020203
6,1,2,ヴェストリア,牝3,54.0,西塚洸二,1:59.2,ハナ,41.5,10.0,424(+4),[西] 友道康夫,202407020203
7,1,1,ワンモアビスケット,牝3,55.0,国分優作,1:59.5,1.3/4,14.6,7.0,460(-2),[西] 緒方努,202407020203
8,2,3,ヘルト,牡3,57.0,団野大成,1:59.5,ハナ,29.6,8.0,440(+4),[西] 森秀行,202407020203
9,4,8,コスモベラエステラ,牡3,54.0,吉村誠之,1:59.5,ハナ,9.5,5.0,464(-2),[西] 清水久詞,202407020203
10,8,16,クラウンアラビアン,牡3,57.0,浜中俊,1:59.5,クビ,9.7,6.0,468(-6),[西] 角田晃一,202407020203
11,6,11,ダンツトレント,牡3,57.0,菊沢一樹,1:59.7,1.1/4,6.9,4.0,496(-4),[西] 本田優,202407020203
12,5,10,ワイドモヒート,牡3,57.0,酒井学,2:00.0,1.1/2,4.0,1.0,508(-10),[西] 藤岡健一,202407020203
13,8,17,マテンロウソル,牝3,55.0,太宰啓介,2:00.3,1.3/4,225.5,16.0,408(-8),[西] 四位洋文,202407020203
14,3,6,アルヒジュル,セ3,54.0,鷲頭虎太,2:00.3,クビ,109.6,13.0,480(+2),[西] 斉藤崇史,202407020203
15,7,14,ガブリエルアクア,牡3,55.0,西村淳也,2:00.4,1/2,38.3,9.0,456(+4),[西] 橋口慎介,202407020203
16,7,15,ファストチアフル,牝3,55.0,田中健,2:01.5,7,572.7,18.0,434(-4),[西] 荒川義之,202407020203
17,8,18,アイレント,牝3,55.0,古川吉洋,2:01.7,1,382.0,17.0,410(+4),[西] 四位洋文,202407020203
18,5,9,ブルジョンドレーヴ,牡3,54.0,柴田裕一,2:02.1,2.1/2,168.5,15.0,486(0),[西] 松永幹夫,202407020203
1,3,5,ミグラテール,牡3,54.0,吉村誠之,2:00.7,,37.5,9.0,502(0),[西] 小栗実,202407020204
2,4,7,メイショウコナン,牡3,56.0,小沢大仁,2:00.7,ハナ,50.3,10.0,514(+8),[西] 荒川義之,202407020204
3,2,4,アルマーザアミール,牡3,57.0,団野大成,2:00.7,クビ,36.0,7.0,482(+2),[西] 斉藤崇史,202407020204
4,1,2,ダブルジャッジ,牡3,57.0,坂井瑠星,2:00.7,ハナ,5.7,3.0,500(-2),[西] 笹田和秀,202407020204
5,3,6,ヘニーズネフュー,牡3,57.0,川田将雅,2:00.9,3/4,2.4,1.0,464(-2),[西] 橋口慎介,202407020204
6,7,13,アミュニション,牡3,57.0,長岡禎仁,2:01.1,1,6.4,4.0,490(+2),[西] 杉山佳明,202407020204
7,4,8,インジケーター,牡3,55.0,永島まな,2:01.7,3.1/2,256.5,14.0,484(-6),[西] 高橋康之,202407020204
8,6,11,ソルトロング,牡3,57.0,田中健,2:03.0,8,177.2,12.0,448(-6),[西] 木原一良,202407020204
9,6,12,メイショウヨスガラ,セ3,53.0,河原田菜,2:03.4,2.1/2,4.2,2.0,472(+2),[西] 渡辺薫彦,202407020204
10,8,15,メイショウマツリ,牡3,57.0,太宰啓介,2:03.7,1.1/2,8.7,5.0,496(-4),[西] 松永幹夫,202407020204
11,5,10,イイデカンタロウ,牡3,57.0,幸英明,2:04.2,3,28.5,6.0,512(+4),[西] 北出成人,202407020204
12,2,3,ベリーク,牡3,56.0,角田大和,2:04.2,ハナ,192.2,13.0,458(-10),[西] 西村真幸,202407020204
13,1,1,ルパンモージュ,牡3,54.0,柴田裕一,2:04.5,2,340.0,15.0,486(-2),[西] 中竹和也,202407020204
14,8,16,ザフラッグ,牡3,57.0,浜中俊,2:08.2,大,36.2,8.0,466(-2),[西] 武幸四郎,202407020204
15,7,14,フウシカデン,牝3,55.0,小崎綾也,2:09.3,7,525.2,16.0,486(-4),[西] 寺島良,202407020204
16,5,9,パーソナルリバティ,牡3,56.0,西塚洸二,2:09.8,3,112.7,11.0,524(0),[西] 藤原英昭,202407020204
1,1,1,カムニャック,牝2,55.0,川田将雅,2:04.2,,1.2,1.0,476(0),[西] 友道康夫,202407020205
2,2,2,ルージュシークエル,牝2,55.0,西村淳也,2:04.8,3.1/2,12.7,3.0,492(0),[西] 石坂公一,202407020205
2,4,4,ホウオウレイヴン,牡2,55.0,国分優作,2:04.8,同着,23.0,7.0,462(0),[西] 矢作芳人,202407020205
4,8,8,ブーディガ,牝2,55.0,坂井瑠星,2:04.9,1,22.6,6.0,482(0),[西] 奥村豊,202407020205
5,5,5,バルティカ,牡2,55.0,浜中俊,2:05.1,1.1/4,14.7,4.0,432(0),[西] 高橋亮,202407020205
6,7,7,リビングストン,牡2,55.0,団野大成,2:05.1,アタマ,8.0,2.0,530(0),[西] 吉岡辰弥,202407020205
7,3,3,シャインバオバブ,牡2,55.0,和田竜二,2:05.1,アタマ,29.1,8.0,502(0),[西] 本田優,202407020205
8,6,6,ディニテ,牡2,55.0,幸英明,2:05.5,2.1/2,76.7,9.0,490(0),[西] 辻野泰之,202407020205
9,8,9,ソードナイト,牡2,54.0,小沢大仁,2:05.8,1.1/2,16.1,5.0,480(0),[西] 中村直也,202407020205
1,6,11,エイシンコクスン,牝3,55.0,幸英明,1:24.8,,3.3,1.0,466(+8),[西] 大久保龍,202407020206
2,8,16,クインズアトリア,牝3,55.0,藤懸貴志,1:25.4,3.1/2,21.7,7.0,456(+14),[西] 吉岡辰弥,202407020206
3,2,3,ブレイブハートマン,牡3,57.0,坂井瑠星,1:25.5,クビ,3.4,2.0,510(-4),[西] 西村真幸,202407020206
4,8,15,ノイヤーヘルト,牡3,57.0,西村淳也,1:25.9,2.1/2,4.4,3.0,520(+12),[西] 中竹和也,202407020206
5,1,2,ビップジェンマ,牝3,55.0,和田竜二,1:26.2,1.3/4,11.7,6.0,484(+18),[西] 松下武士,202407020206
6,6,12,デュアル,牡3,57.0,団野大成,1:26.2,アタマ,11.3,5.0,480(-6),[西] 野中賢二,202407020206
7,4,8,ラントリサント,牝3,52.0,吉村誠之,1:26.6,2.1/2,10.0,4.0,428(+10),[西] 吉岡辰弥,202407020206
8,7,14,スワルナパクシャ,牝3,54.0,小沢大仁,1:26.6,クビ,54.3,11.0,418(+10),[西] 橋口慎介,202407020206
9,3,6,クリノフロンティア,牡3,57.0,鮫島良太,1:26.6,クビ,191.7,15.0,428(+4),[西] 河嶋宏樹,202407020206
10,4,7,ボワエトワール,牝3,52.0,柴田裕一,1:26.8,3/4,102.3,13.0,424(+4),[西] 牧浦充徳,202407020206
11,2,4,ジュエルドパリ,牡3,57.0,浜中俊,1:26.8,ハナ,41.6,8.0,446(-2),[西] 笹田和秀,202407020206
12,5,9,エナノキセキ,牝3,55.0,古川吉洋,1:27.0,1,46.7,9.0,426(-6),[西] 鈴木孝志,202407020206
13,5,10,ワンダーセイレーン,牝3,51.0,河原田菜,1:27.1,3/4,129.5,14.0,470(0),[西] 今野貞一,202407020206
14,3,5,アンティシパル,牡3,55.0,永島まな,1:27.3,1,54.0,10.0,472(+2),[西] 杉山晴紀,202407020206
15,1,1,ビナカマウ,牡3,56.0,松本大輝,1:27.7,2.1/2,272.5,16.0,464(0),[西] 中尾秀正,202407020206
16,7,13,コンスピリート,牡3,56.0,西塚洸二,1:29.7,大,83.9,12.0,514(+8),[西] 清水久詞,202407020206
1,7,7,ブロッケンボウ,牡3,52.0,柴田裕一,1:58.8,,4.9,3.0,464(-2),[西] 佐々木晶,202407020207
2,2,2,ローザサンリヴァル,牡3,52.0,吉村誠之,1:59.0,3/4,5.9,4.0,504(-2),[西] 高野友和,202407020207
3,8,8,クワイエットホーク,牡5,58.0,坂井瑠星,1:59.5,3,2.6,1.0,538(0),[西] 藤原英昭,202407020207
4,8,9,オルノア,牝4,54.0,永島まな,1:59.5,アタマ,7.3,5.0,482(-14),[西] 新谷功一,202407020207
5,6,6,メイショウヒュウガ,牡4,58.0,国分恭介,1:59.7,1,92.1,8.0,480(-2),[西] 安達昭夫,202407020207
6,1,1,テーオーコンドル,セ5,54.0,河原田菜,1:59.7,クビ,83.0,7.0,476(+2),[西] 宮徹,202407020207
7,3,3,スカイサーベイ,牡3,55.0,西村淳也,2:00.7,6,3.2,2.0,476(0),[西] 池添学,202407020207
8,5,5,ブラックサンライズ,牝3,53.0,和田竜二,2:02.4,10,27.9,6.0,486(+4),[西] 音無秀孝,202407020207
取,4,4,タガノデュード,牡3,55.0,幸英明,,,---,,計不,[西] 宮徹,202407020207
1,4,5,グーヴェルナイユ,牡3,55.0,西村淳也,1:53.1,,4.9,2.0,460(+2),[西] 武幸四郎,202407020208
2,6,9,キングオブフジ,牡3,54.0,角田大和,1:53.2,1/2,39.6,7.0,492(+4),[西] 角田晃一,202407020208
3,5,6,ホルトバージ,牡3,54.0,西塚洸二,1:53.4,1.1/4,7.0,3.0,462(0),[西] 寺島良,202407020208
4,3,3,グランドセントラル,牡3,55.0,和田竜二,1:53.7,2,21.5,5.0,462(-2),[西] 北出成人,202407020208
5,6,8,メイショウジェンマ,牡4,58.0,中井裕二,1:53.9,1,123.5,9.0,466(-18),[西] 飯田祐史,202407020208
6,4,4,ルシュヴァルドール,牡3,55.0,坂井瑠星,1:53.9,アタマ,1.5,1.0,546(+12),[西] 矢作芳人,202407020208
7,8,12,サイモンブーケ,牝4,56.0,川須栄彦,1:54.1,1.1/4,192.9,13.0,522(+16),[西] 梅田智之,202407020208
8,8,13,ニホンピロマリンバ,牝3,53.0,浜中俊,1:54.8,4,7.8,4.0,498(+6),[西] 安達昭夫,202407020208
9,7,11,ロードマグマ,牡5,58.0,長岡禎仁,1:55.0,1.1/4,173.5,11.0,484(+6),[西] 小椋研介,202407020208
10,1,1,サーティファイド,牡5,58.0,幸英明,1:55.1,3/4,34.8,6.0,470(-8),[西] 鮫島一歩,202407020208
11,7,10,ソウルユニバンス,セ7,58.0,国分優作,1:55.2,クビ,132.4,10.0,492(-6),[西] 平田修,202407020208
12,2,2,サンデーヒーロー,牡4,55.0,吉村誠之,1:56.3,7,113.5,8.0,472(-4),[西] 中村直也,202407020208
13,5,7,アシャカデュメ,牡3,55.0,菊沢一樹,1:58.0,10,181.4,12.0,468(-14),[東] 小笠倫弘,202407020208
1,8,10,ベラジオボンド,牡3,55.0,川田将雅,1:32.4,,1.6,1.0,496(+22),[西] 上村洋行,202407020209
2,8,9,ダイシンビヨンド,牝5,56.0,永島まな,1:32.5,1/2,60.2,6.0,460(+4),[西] 梅田智之,202407020209
3,3,3,リアライズ,牡4,58.0,太宰啓介,1:32.7,1.1/4,17.5,5.0,504(+4),[西] 石橋守,202407020209
4,6,6,サクラオーラ,牝5,56.0,酒井学,1:32.8,1/2,111.1,8.0,432(+8),[西] 河嶋宏樹,202407020209
5,4,4,ゴーマックス,セ4,58.0,団野大成,1:32.9,1,120.0,9.0,492(-12),[西] 武幸四郎,202407020209
6,2,2,ザパリスマッチ,牝3,53.0,松本大輝,1:33.0,3/4,143.5,10.0,472(-2),[西] 茶木太樹,202407020209
7,7,8,ジャズ,牡3,55.0,浜中俊,1:33.0,アタマ,3.8,2.0,478(+2),[西] 辻野泰之,202407020209
8,7,7,ジュントネフ,牡3,55.0,西村淳也,1:33.1,1/2,11.4,4.0,508(+2),[西] 清水久詞,202407020209
9,5,5,ゴールドローズ,牝5,56.0,幸英明,1:33.3,1,80.8,7.0,440(-14),[西] 飯田祐史,202407020209
10,1,1,アンジョルラス,牡3,55.0,国分優作,1:33.5,1.1/2,5.4,3.0,506(+10),[西] 松下武士,202407020209
1,6,6,オシゲ,牝4,56.0,酒井学,1:52.4,,7.6,4.0,488(0),[西] 須貝尚介,202407020210
2,3,3,メイショウカゲカツ,牡5,58.0,和田竜二,1:52.8,2.1/2,3.1,2.0,502(-8),[西] 西園正都,202407020210
3,7,7,フレンチギフト,牝5,56.0,西村淳也,1:52.9,クビ,2.4,1.0,470(-2),[東] 中川公成,202407020210
4,8,9,ゼウスバイオ,牡5,58.0,幸英明,1:53.0,1/2,5.9,3.0,520(-10),[西] 畑端省吾,202407020210
5,5,5,ビシャモンテン,牡6,58.0,藤懸貴志,1:53.0,アタマ,83.9,10.0,504(-2),[東] 矢嶋大樹,202407020210
6,7,8,ナリタフォルテ,牡6,58.0,小沢大仁,1:54.6,10,22.7,7.0,588(-8),[西] 木原一良,202407020210
7,2,2,シゲルバクハツ,牡6,58.0,国分恭介,1:54.8,1.1/4,32.7,8.0,508(+12),[西] 谷潔,202407020210
8,8,10,サンライズジャスト,牡5,58.0,吉村誠之,1:54.9,クビ,13.3,5.0,538(0),[西] 羽月友彦,202407020210
9,4,4,フォルテデイマルミ,牡6,58.0,団野大成,1:54.9,クビ,78.1,9.0,486(-14),[西] 須貝尚介,202407020210
10,1,1,グラストンベリー,牝5,56.0,永島まな,1:55.9,6,20.2,6.0,432(-6),[西] 藤岡健一,202407020210
1,1,1,リフレーミング,牡6,57.0,川田将雅,1:56.5,,4.2,1.0,466(-4),[西] 鮫島一歩,202407020211
2,7,10,コスタボニータ,牝5,56.0,坂井瑠星,1:56.6,クビ,6.8,4.0,476(-4),[西] 杉山佳明,202407020211
3,8,11,ディープモンスター,牡6,58.5,浜中俊,1:56.7,3/4,4.3,2.0,464(-4),[西] 池江泰寿,202407020211
4,5,5,ヴェローナシチー,牡5,54.0,団野大成,1:56.8,1/2,16.2,8.0,508(-12),[西] 佐々木晶,202407020211
5,8,12,セントカメリア,牝5,53.0,幸英明,1:56.8,クビ,18.5,9.0,454(+4),[西] 高野友和,202407020211
6,2,2,グランスラムアスク,牝5,52.0,永島まな,1:56.9,1/2,19.5,10.0,474(+6),[西] 矢作芳人,202407020211
7,3,3,レッドランメルト,牡5,56.0,吉田豊,1:57.0,3/4,12.7,6.0,504(-12),[東] 国枝栄,202407020211
8,7,9,ファユエン,牝6,53.0,菊沢一樹,1:57.2,1,12.6,5.0,470(+6),[東] 勢司和浩,202407020211
9,6,7,シリウスコルト,牡3,54.0,西村淳也,1:57.3,3/4,4.8,3.0,478(0),[東] 宗像義忠,202407020211
10,4,4,メモリーレゾン,牝5,54.0,古川吉洋,1:57.4,クビ,15.1,7.0,456(-4),[西] 長谷川浩,202407020211
11,5,6,テーオーシリウス,牡6,54.0,酒井学,1:58.0,3.1/2,30.3,11.0,458(-12),[西] 奥村豊,202407020211
12,6,8,コスモカレンドゥラ,牡8,53.0,和田竜二,1:58.1,1/2,147.5,12.0,478(+6),[東] 粕谷昌央,202407020211
1,2,2,ヤマニンアンフィル,牝5,56.0,団野大成,1:07.3,,4.4,2.0,482(+4),[西] 斉藤崇史,202407020212
2,1,1,テーオースパロー,牡5,58.0,吉村誠之,1:07.4,1,7.0,4.0,498(0),[西] 清水久詞,202407020212
3,8,9,ロードトレゾール,牡3,56.0,西塚洸二,1:07.7,1.3/4,3.1,1.0,522(-2),[西] 清水久詞,202407020212
4,6,6,モズトキキ,牝3,54.0,永島まな,1:07.8,1/2,7.5,5.0,552(+24),[西] 村山明,202407020212
5,5,5,エールレヴリー,牝4,56.0,西村淳也,1:07.9,クビ,5.8,3.0,492(+16),[西] 武英智,202407020212
6,8,10,インプロバイザー,牡5,58.0,幸英明,1:07.9,クビ,7.8,6.0,486(-10),[西] 音無秀孝,202407020212
7,3,3,プレジールミノル,牡6,58.0,和田竜二,1:08.1,1,39.1,9.0,488(+2),[西] 北出成人,202407020212
8,7,7,テンジュイン,牝7,56.0,小沢大仁,1:08.3,1.1/4,29.3,8.0,464(-4),[西] 千田輝彦,202407020212
9,4,4,クインズプリーズ,牝5,56.0,中井裕二,1:08.6,2,15.9,7.0,442(-8),[西] 藤野健太,202407020212
10,7,8,エスパダアスール,牝6,56.0,菊沢一樹,1:09.2,3.1/2,106.9,10.0,444(+2),[東] 武藤善則,202407020212
1,8,9,ブルーサンセット,牝2,55.0,西村淳也,1:09.0,,2.8,2.0,438(-8),[西] 奥村豊,202407020301
2,6,6,テーオーシュターデ,牝2,54.0,泉谷楓真,1:09.6,3.1/2,2.5,1.0,412(0),[西] 宮徹,202407020301
3,5,5,プレインコート,牝2,52.0,吉村誠之,1:09.8,1,4.7,3.0,408(+8),[西] 吉岡辰弥,202407020301
4,1,1,ウインコンパス,牡2,55.0,団野大成,1:09.9,1,13.4,5.0,434(0),[西] 西園正都,202407020301
5,4,4,テイエムバゴオウ,牡2,55.0,田中健,1:10.0,1/2,54.4,7.0,450(-4),[西] 木原一良,202407020301
6,7,8,ボル,牡2,55.0,幸英明,1:10.1,1/2,21.4,6.0,436(+4),[西] 河内洋,202407020301
7,2,2,ワンウェイトゥヘル,牡2,53.0,永島まな,1:10.2,1/2,7.3,4.0,464(0),[西] 中村直也,202407020301
8,3,3,シナモンショコラ,牡2,54.0,秋山稔樹,1:10.3,3/4,143.0,9.0,478(-2),[西] 村山明,202407020301
9,7,7,クリノモノリス,牝2,55.0,中井裕二,1:10.3,クビ,226.3,10.0,444(+4),[西] 庄野靖志,202407020301
10,8,10,シルバーサクラコ,牝2,51.0,河原田菜,1:11.5,7,62.5,8.0,410(+2),[西] 鈴木孝志,202407020301
1,6,11,ゼットレジーナ,牝3,55.0,川田将雅,1:54.9,,2.0,1.0,434(+2),[西] 吉田直弘,202407020302
2,4,7,ミクロフィラム,牝3,55.0,団野大成,1:55.2,1.1/2,29.6,9.0,446(-2),[西] 斉藤崇史,202407020302
3,4,8,バンデルアース,牝3,55.0,坂井瑠星,1:55.6,2.1/2,23.4,8.0,448(-2),[西] 矢作芳人,202407020302
4,8,15,タマモポロネーズ,牝3,55.0,Ｍ．デム,1:55.9,2,13.8,5.0,460(0),[東] 伊藤圭三,202407020302
5,3,6,メタルハート,牝3,54.0,西塚洸二,1:56.0,クビ,17.4,6.0,446(+2),[西] 音無秀孝,202407020302
6,3,5,ヴェロクオーレ,牝3,52.0,吉村誠之,1:56.8,5,4.7,2.0,488(-2),[西] 石坂公一,202407020302
7,5,9,メイケイアリッサム,牝3,52.0,柴田裕一,1:57.7,5,382.0,16.0,442(0),[西] 中竹和也,202407020302
8,8,16,メイショウベル,牝3,52.0,橋木太希,1:57.8,クビ,94.9,11.0,482(0),[西] 西園正都,202407020302
9,2,4,ダイシンサンディー,牝3,53.0,永島まな,1:58.0,1.1/2,6.7,3.0,478(-6),[西] 梅田智之,202407020302
10,1,2,ラブリーメイク,牝3,55.0,幸英明,1:58.1,1/2,60.4,10.0,446(+6),[西] 鮫島一歩,202407020302
11,5,10,コウソクテツドウ,牝3,54.0,小沢大仁,1:58.3,1,110.2,12.0,472(-2),[西] 小栗実,202407020302
12,6,12,テイエムスマック,牝3,55.0,田中健,1:58.4,3/4,112.3,13.0,494(-18),[西] 浜田多実,202407020302
13,7,13,クリノラリマール,牝3,55.0,川須栄彦,1:59.7,8,175.2,14.0,448(+4),[西] 中尾秀正,202407020302
14,2,3,セクシーガール,牝3,52.0,鷲頭虎太,2:00.2,3,344.1,15.0,458(-6),[西] 大根田裕,202407020302
15,1,1,シャローム,牝3,55.0,和田竜二,2:00.3,1/2,22.9,7.0,464(+4),[西] 茶木太樹,202407020302
16,7,14,ハーツクライアスク,牝3,55.0,西村淳也,2:00.6,1.3/4,9.3,4.0,472(0),[西] 中内田充,202407020302
1,8,11,カレンワッツアップ,牡3,56.0,角田大和,2:01.0,,18.1,5.0,462(-10),[西] 小林真也,202407020303
2,7,8,フェヴリエ,牡3,57.0,坂井瑠星,2:01.0,クビ,2.2,1.0,576(+14),[西] 松永幹夫,202407020303
3,6,6,レッドクレメンス,牡3,57.0,西村淳也,2:01.4,2.1/2,19.0,7.0,488(+2),[西] 茶木太樹,202407020303
4,7,9,ジーティームテキ,牡3,54.0,吉村誠之,2:01.7,1.3/4,10.2,3.0,450(-2),[西] 西村真幸,202407020303
5,3,3,ドゥータップ,牡3,57.0,川田将雅,2:01.7,クビ,2.3,2.0,500(-2),[西] 藤原英昭,202407020303
6,5,5,ライスベリー,牡3,57.0,和田竜二,2:02.4,4,12.8,4.0,456(-12),[西] 吉田直弘,202407020303
7,2,2,クリノルイーズ,牝3,55.0,国分優作,2:03.0,3.1/2,121.4,9.0,508(0),[西] 大橋勇樹,202407020303
8,8,10,オックスブラッド,牝3,55.0,国分恭介,2:03.2,3/4,18.7,6.0,512(+2),[西] 西園翔太,202407020303
9,1,1,タガノアミカル,牝3,55.0,田中健,2:05.2,大,59.0,8.0,454(+6),[西] 荒川義之,202407020303
10,4,4,ビッグアンサー,牡3,57.0,小崎綾也,2:07.7,大,364.0,11.0,490(-6),[西] 牧田和弥,202407020303
11,6,7,ラドロテア,牝3,55.0,団野大成,2:09.0,8,139.9,10.0,444(+10),[西] 斉藤崇史,202407020303
1,8,16,マックスセレナーデ,牝3,55.0,幸英明,1:13.2,,3.8,1.0,508(-2),[西] 橋口慎介,202407020304
2,2,3,アクロスザシーズ,牝3,52.0,柴田裕一,1:13.2,クビ,22.3,10.0,420(-8),[西] 牧浦充徳,202407020304
3,6,12,ファストフライト,牝3,55.0,国分恭介,1:13.4,1.1/4,12.9,6.0,490(+4),[西] 宮本博,202407020304
4,5,10,プレジャー,牝3,51.0,河原田菜,1:13.6,1,26.3,11.0,486(-2),[西] 飯田祐史,202407020304
5,5,9,デビルシズカチャン,牝3,55.0,西村淳也,1:13.7,クビ,16.1,8.0,472(+10),[西] 武幸四郎,202407020304
6,1,1,ミリオンタイムズ,牝3,52.0,吉村誠之,1:13.8,3/4,13.6,7.0,450(+2),[西] 小椋研介,202407020304
7,3,5,ラムテリオス,牝3,53.0,永島まな,1:14.2,2.1/2,8.9,4.0,440(+4),[西] 吉村圭司,202407020304
8,7,14,ユウスペシャル,牝3,54.0,松本大輝,1:14.3,クビ,12.9,5.0,466(+2),[西] 新谷功一,202407020304
9,6,11,リッカローラ,牝3,54.0,秋山稔樹,1:14.6,1.3/4,328.7,16.0,414(-2),[西] 鮫島一歩,202407020304
10,7,13,メイショウメイボク,牝3,54.0,角田大和,1:14.7,1/2,22.0,9.0,470(0),[西] 本田優,202407020304
11,4,8,ベラコルサ,牝3,55.0,川須栄彦,1:14.7,ハナ,274.0,14.0,440(0),[西] 長谷川浩,202407020304
12,8,15,ラスダシャン,牝3,55.0,和田竜二,1:14.7,アタマ,188.9,13.0,454(-12),[西] 鈴木孝志,202407020304
13,1,2,リリーズブルーム,牝3,54.0,西塚洸二,1:14.8,クビ,4.0,2.0,454(-10),[西] 牧浦充徳,202407020304
14,2,4,シスコスター,牝3,55.0,団野大成,1:14.8,アタマ,36.5,12.0,456(+6),[西] 野中賢二,202407020304
15,4,7,アジアノハナ,牝3,54.0,小沢大仁,1:15.5,4,5.7,3.0,482(+8),[西] 牧田和弥,202407020304
16,3,6,シャインネイト,牝3,55.0,高倉稜,1:15.5,クビ,275.9,15.0,466(-2),[西] 本田優,202407020304
1,2,4,ラヴェンデル,牝2,55.0,川田将雅,1:22.0,,4.3,3.0,408(0),[西] 吉村圭司,202407020305
2,3,5,ハリウッドメモリー,牝2,55.0,西村淳也,1:22.1,3/4,3.0,1.0,448(0),[西] 長谷川浩,202407020305
3,8,18,パリコレジェンヌ,牝2,55.0,和田竜二,1:22.2,1/2,20.7,6.0,446(0),[西] 鈴木孝志,202407020305
4,6,12,シドニーホバート,牡2,55.0,坂井瑠星,1:22.6,2.1/2,11.4,4.0,496(0),[西] 杉山佳明,202407020305
5,6,11,シンゼンカガ,牡2,54.0,角田大和,1:22.9,1.1/2,217.6,15.0,434(0),[西] 荒川義之,202407020305
6,3,6,エイプリルインパリ,牝2,54.0,秋山稔樹,1:22.9,ハナ,29.2,7.0,446(0),[西] 高橋義忠,202407020305
7,7,15,セイルロケット,牡2,55.0,Ｍ．デム,1:22.9,クビ,3.1,2.0,426(0),[西] 橋口慎介,202407020305
8,5,10,アスターニルギリ,牡2,52.0,柴田裕一,1:23.2,1.3/4,157.7,14.0,406(0),[西] 中竹和也,202407020305
9,4,8,マーゴットレジーナ,牝2,53.0,永島まな,1:23.5,1.3/4,46.2,10.0,440(0),[西] 小林真也,202407020305
10,5,9,スーパーチャンド,牝2,52.0,吉村誠之,1:23.5,アタマ,98.3,13.0,450(0),[西] 西村真幸,202407020305
11,8,17,シャンパンゴールド,牝2,51.0,河原田菜,1:23.5,アタマ,15.3,5.0,456(0),[西] 今野貞一,202407020305
12,4,7,メイショウマサツラ,牡2,54.0,西塚洸二,1:23.6,3/4,40.0,8.0,512(0),[西] 本田優,202407020305
13,1,2,インマイブラッド,牝2,55.0,団野大成,1:23.7,クビ,42.4,9.0,428(0),[西] 中尾秀正,202407020305
14,7,13,ジーティーグロウ,牝2,55.0,国分恭介,1:24.0,2,86.7,12.0,420(0),[東] 岩戸孝樹,202407020305
15,8,16,タナノイナリー,牡2,55.0,国分優作,1:24.0,ハナ,221.6,16.0,450(0),[西] 大根田裕,202407020305
16,2,3,クリノホムラ,牡2,54.0,泉谷楓真,1:24.3,1.3/4,267.7,17.0,466(0),[西] 石橋守,202407020305
17,1,1,トーアローダンテ,牝2,55.0,幸英明,1:25.1,5,54.0,11.0,434(0),[西] 羽月友彦,202407020305
18,7,14,クリノアルフォンス,牡2,52.0,鷲頭虎太,1:25.4,1.3/4,364.5,18.0,458(0),[西] 大根田裕,202407020305
1,3,6,クァンタムウェーブ,牡2,55.0,坂井瑠星,1:54.6,,1.5,1.0,504(0),[西] 松永幹夫,202407020306
2,7,13,メイショウハチロー,牡2,55.0,団野大成,1:55.2,3.1/2,4.9,2.0,502(0),[西] 福永祐一,202407020306
3,6,11,ブライトイメル,牡2,55.0,幸英明,1:56.3,7,32.3,7.0,426(0),[西] 本田優,202407020306
4,7,14,ヴォルクメア,牝2,55.0,西村淳也,1:56.4,クビ,6.3,3.0,496(0),[西] 新谷功一,202407020306
5,2,3,カガセブンスター,牡2,55.0,国分恭介,1:56.9,3,197.4,15.0,450(0),[西] 安達昭夫,202407020306
6,6,12,ピンクオハラ,牝2,52.0,吉村誠之,1:58.2,8,17.3,4.0,446(0),[西] 小林真也,202407020306
7,3,5,クリノエニシ,牡2,55.0,高倉稜,1:58.5,2,75.2,10.0,482(0),[西] 武英智,202407020306
8,8,15,メイショウヤシマ,牡2,55.0,和田竜二,1:58.9,2,29.1,5.0,466(0),[西] 高橋亮,202407020306
9,4,8,シャドーストライク,牡2,54.0,松本大輝,1:59.1,1.1/4,214.6,16.0,474(0),[西] 茶木太樹,202407020306
10,2,4,ポルトセグロ,牡2,54.0,泉谷楓真,2:00.4,8,137.1,12.0,474(0),[西] 吉田直弘,202407020306
11,5,10,トゥルプ,牝2,55.0,Ｍ．デム,2:00.7,1.3/4,32.2,6.0,466(0),[西] 高橋亮,202407020306
12,8,16,ヨドギミ,牝2,53.0,永島まな,2:01.4,4,81.6,11.0,482(0),[西] 中村直也,202407020306
13,4,7,エイユーファイヤー,牡2,54.0,西塚洸二,2:01.5,1/2,163.7,14.0,486(0),[西] 森田直行,202407020306
14,1,1,ルルーディ,牝2,54.0,小沢大仁,2:01.8,1.1/2,138.9,13.0,438(0),[西] 庄野靖志,202407020306
15,5,9,ビーマックス,牡2,55.0,中井裕二,2:02.9,7,37.2,8.0,504(0),[西] 藤野健太,202407020306
16,1,2,シンゼンヤマト,牡2,54.0,角田大和,2:04.9,大,41.9,9.0,482(0),[西] 飯田祐史,202407020306
1,4,8,オタルグリーン,牝3,54.0,松本大輝,1:33.1,,11.9,7.0,440(0),[西] 中竹和也,202407020307
2,2,4,ベルファスト,牝3,51.0,河原田菜,1:33.1,クビ,6.6,4.0,484(-2),[西] 今野貞一,202407020307
3,6,12,レッドレクス,牡3,56.0,西塚洸二,1:33.3,1,3.4,1.0,470(-6),[西] 藤原英昭,202407020307
4,4,7,マルモア,牝3,55.0,Ｍ．デム,1:33.4,クビ,5.4,2.0,420(+6),[西] 松永幹夫,202407020307
5,7,13,テイケイモハラ,牝3,55.0,幸英明,1:33.5,3/4,32.1,9.0,446(+8),[西] 大橋勇樹,202407020307
6,3,6,ハッピーベル,牝3,52.0,柴田裕一,1:34.1,3.1/2,205.4,12.0,410(+10),[西] 茶木太樹,202407020307
7,1,2,ウロボロス,牡3,57.0,和田竜二,1:34.2,1/2,65.2,10.0,458(-10),[西] 杉山晴紀,202407020307
8,6,11,ルージュラメンテ,牝3,55.0,西村淳也,1:34.2,ハナ,5.5,3.0,456(+6),[西] 斉藤崇史,202407020307
9,3,5,ホウオウアムルーズ,牝3,55.0,岡田祥嗣,1:34.3,1/2,12.1,8.0,430(0),[西] 安田翔伍,202407020307
10,2,3,ギルトエッジ,牡3,55.0,永島まな,1:34.4,3/4,11.3,6.0,490(+4),[西] 森田直行,202407020307
11,7,14,プティトゥ,牝3,52.0,鷲頭虎太,1:34.6,1.1/4,223.4,14.0,388(0),[西] 石橋守,202407020307
12,1,1,ミヤビネルソン,牡3,57.0,小崎綾也,1:34.6,クビ,293.6,15.0,478(+2),[西] 笹田和秀,202407020307
13,5,9,シャリティ,牝3,55.0,坂井瑠星,1:36.0,8,8.1,5.0,472(+6),[西] 四位洋文,202407020307
14,5,10,テーオーエジソン,牡3,54.0,吉村誠之,1:37.4,8,221.0,13.0,542(-2),[西] 清水久詞,202407020307
15,8,15,マーブルカリクロ,セ3,56.0,小沢大仁,1:38.0,3.1/2,432.2,16.0,448(-10),[西] 茶木太樹,202407020307
16,8,16,トレジャーボックス,牡3,56.0,秋山稔樹,1:45.8,大,198.4,11.0,464(0),[西] 杉山佳明,202407020307
1,8,10,ショーヘーフェイス,牡4,58.0,団野大成,1:53.3,,2.4,2.0,536(-6),[西] 荒川義之,202407020308
2,8,11,ブルーワール,牡3,52.0,吉村誠之,1:53.8,3,6.2,3.0,496(+1),[西] 高柳大輔,202407020308
3,6,7,イージスバローズ,セ4,58.0,西村淳也,1:54.2,2.1/2,17.8,5.0,460(+4),[西] 中内田充,202407020308
4,3,3,ハイグッドワールド,牡3,52.0,柴田裕一,1:54.3,3/4,14.8,4.0,488(-6),[西] 谷潔,202407020308
5,6,6,ヒルノアントラ,セ7,58.0,太宰啓介,1:54.8,3,87.5,7.0,474(+8),[西] 昆貢,202407020308
6,7,8,ポジティブガール,牝5,55.0,西塚洸二,1:55.5,4,113.5,9.0,460(+8),[西] 緒方努,202407020308
7,2,2,ピエナクレスコ,牡3,55.0,幸英明,1:55.6,クビ,192.2,11.0,456(-4),[西] 谷潔,202407020308
8,7,9,サンライズウェーヴ,牡3,54.0,小沢大仁,1:56.1,3,20.6,6.0,496(+14),[西] 石坂公一,202407020308
9,4,4,オールスティール,牡4,56.0,永島まな,1:57.0,5,91.6,8.0,466(0),[西] 高橋康之,202407020308
10,5,5,クリノイザナミ,牝3,50.0,河原田菜,1:58.9,大,126.3,10.0,488(+2),[西] 大根田裕,202407020308
11,1,1,ターゲサンブルック,牡5,58.0,坂井瑠星,2:02.3,大,2.1,1.0,478(-8),[西] 奥村豊,202407020308
1,1,1,フレミングフープ,牝3,53.0,川田将雅,1:58.9,,2.0,1.0,480(0),[西] 友道康夫,202407020309
2,6,6,アクアヴァーナル,牝3,53.0,坂井瑠星,1:59.2,1.1/2,3.0,2.0,440(-6),[西] 四位洋文,202407020309
3,8,8,サスケ,牡4,58.0,団野大成,1:59.7,3,7.6,4.0,472(+2),[西] 西村真幸,202407020309
4,5,5,フラッシュフリーズ,牝3,53.0,和田竜二,1:59.7,ハナ,24.6,5.0,394(+4),[西] 吉村圭司,202407020309
5,8,9,ジョセフィーナ,牝3,53.0,西村淳也,1:59.9,1.1/4,39.3,6.0,388(+10),[西] 今野貞一,202407020309
6,2,2,マルクパージュ,牝4,56.0,幸英明,1:59.9,クビ,51.0,7.0,422(-2),[西] 斉藤崇史,202407020309
7,4,4,ワンダーフェロー,牡3,55.0,高倉稜,2:00.1,1,4.7,3.0,476(-2),[西] 杉山晴紀,202407020309
8,7,7,プロミシングギャル,牝4,56.0,国分優作,2:00.6,3,194.8,8.0,462(+10),[西] 河嶋宏樹,202407020309
9,3,3,スーパーバウンディ,牡3,55.0,小崎綾也,2:02.1,9,349.7,9.0,524(-6),[西] 牧田和弥,202407020309
1,5,10,エメラルドビーチ,牡4,58.0,Ｍ．デム,1:24.1,,34.2,8.0,528(0),[西] 大久保龍,202407020310
2,5,9,ヴィヴァン,牡6,58.0,川田将雅,1:24.3,1.1/4,2.5,1.0,494(+6),[西] 池江泰寿,202407020310
3,8,16,アンジュフィールド,牝4,56.0,国分優作,1:24.3,クビ,8.7,4.0,462(-20),[西] 矢作芳人,202407020310
4,7,13,ブリーズオンチーク,牝3,53.0,西村淳也,1:24.4,クビ,9.6,5.0,464(+2),[西] 高野友和,202407020310
5,3,5,ペプチドハドソン,牡4,58.0,小沢大仁,1:24.6,3/4,21.3,7.0,480(+2),[西] 小椋研介,202407020310
6,7,14,ベネロングポイント,牡5,58.0,秋山稔樹,1:24.6,アタマ,45.3,10.0,488(-4),[東] 和田正一,202407020310
7,4,8,ミエノナイスガイ,牡5,58.0,団野大成,1:24.7,1/2,165.5,15.0,478(0),[東] 上原佑紀,202407020310
8,2,3,ワーズワース,牡6,58.0,吉村誠之,1:24.8,1/2,59.4,11.0,502(-6),[西] 清水久詞,202407020310
9,4,7,ヤマニンルリュール,牝6,56.0,角田大和,1:24.8,クビ,151.2,14.0,470(-28),[西] 木原一良,202407020310
10,2,4,キャプテンネキ,牝3,53.0,永島まな,1:24.9,1/2,7.8,3.0,528(-4),[西] 杉山晴紀,202407020310
11,8,15,エヴィダンシア,牡5,58.0,幸英明,1:25.1,1.1/4,90.1,13.0,496(+2),[西] 緒方努,202407020310
12,6,12,ミルトハンター,牡4,58.0,柴田裕一,1:25.6,3,42.1,9.0,478(+10),[西] 中竹和也,202407020310
13,1,1,パンテレリア,牡5,58.0,伊藤工真,1:25.6,ハナ,71.1,12.0,490(-6),[東] 林徹,202407020310
14,6,11,モックモック,牡4,58.0,西塚洸二,1:26.6,6,3.6,2.0,488(+10),[西] 寺島良,202407020310
15,3,6,スズカダブル,牡4,58.0,和田竜二,1:27.1,3,17.3,6.0,488(-8),[西] 西村真幸,202407020310
除,1,2,アスクアイルビゼア,牡3,55.0,坂井瑠星,,,---,,466(-4),[西] 矢作芳人,202407020310
1,7,11,クランフォード,牝3,53.0,西村淳也,1:19.0,,2.2,1.0,456(+2),[西] 杉山晴紀,202407020311
2,3,4,エピプランセス,牝5,56.0,幸英明,1:19.1,1/2,118.8,9.0,446(-2),[西] 池添学,202407020311
3,4,6,ユハンヌス,牡4,58.0,西塚洸二,1:19.1,アタマ,37.9,7.0,476(+2),[西] 大久保龍,202407020311
4,7,12,ティニア,牡4,58.0,坂井瑠星,1:19.1,クビ,9.1,4.0,502(-2),[西] 池江泰寿,202407020311
5,5,8,ビヨンドザヴァレー,牝4,56.0,川田将雅,1:19.2,クビ,3.6,2.0,464(-4),[西] 橋口慎介,202407020311
6,4,5,ジュノー,セ6,58.0,川須栄彦,1:19.2,アタマ,43.3,8.0,524(+6),[西] 音無秀孝,202407020311
7,1,1,トーホウディアス,牡6,58.0,和田竜二,1:19.3,1/2,16.2,6.0,458(0),[西] 小栗実,202407020311
8,2,2,プリモカリーナ,牝5,56.0,団野大成,1:19.5,1.1/4,12.9,5.0,442(0),[西] 福永祐一,202407020311
9,6,9,ヒルノローザンヌ,牝5,56.0,国分恭介,1:19.6,3/4,128.9,10.0,490(+2),[西] 西村真幸,202407020311
10,8,13,サウンドブライアン,牡6,58.0,小崎綾也,1:19.9,1.3/4,191.6,12.0,490(+2),[西] 村山明,202407020311
11,6,10,ヤマニンデンファレ,牝6,56.0,小沢大仁,1:20.1,1,149.7,11.0,490(+2),[東] 辻哲英,202407020311
12,3,3,タツリュウオー,牝6,56.0,永島まな,1:20.2,1/2,220.0,13.0,454(-16),[西] 藤野健太,202407020311
13,5,7,レッドシュヴェルト,牡4,58.0,Ｍ．デム,1:20.3,3/4,5.2,3.0,470(+2),[東] 尾関知人,202407020311
14,8,14,ビアイ,牝7,56.0,国分優作,1:20.7,2,253.4,14.0,530(+12),[西] 畑端省吾,202407020311
1,8,16,セレッソデアモール,牝4,56.0,川須栄彦,1:08.0,,21.5,7.0,468(-2),[西] 庄野靖志,202407020312
2,5,10,クリノハレルヤ,牝3,54.0,坂井瑠星,1:08.1,1/2,7.9,5.0,472(+4),[西] 武英智,202407020312
3,4,7,ピースフルナイト,牝4,54.0,永島まな,1:08.1,ハナ,121.6,13.0,396(-8),[西] 高野友和,202407020312
4,2,4,フェリーニ,牡3,56.0,西村淳也,1:08.2,クビ,3.9,2.0,498(-8),[西] 橋口慎介,202407020312
5,3,5,チカポコ,牝4,53.0,橋木太希,1:08.3,1/2,304.6,18.0,422(-2),[西] 西園正都,202407020312
6,5,9,メイショウサチダケ,牡3,52.0,河原田菜,1:08.3,アタマ,5.9,3.0,468(-10),[西] 鈴木孝志,202407020312
7,7,15,レディメローラ,牝4,56.0,和田竜二,1:08.3,ハナ,15.2,6.0,410(-2),[西] 北出成人,202407020312
8,3,6,バーニングパワー,牝6,56.0,団野大成,1:08.4,1/2,31.6,11.0,482(-2),[西] 鮫島一歩,202407020312
9,6,12,サトノプリエール,牝5,56.0,幸英明,1:08.4,ハナ,3.8,1.0,480(0),[西] 斉藤崇史,202407020312
10,2,3,ブライトアゲイン,牝3,51.0,吉村誠之,1:08.5,3/4,30.4,10.0,472(+2),[西] 森秀行,202407020312
11,8,18,ラブカムーン,牝3,51.0,鷲頭虎太,1:08.5,アタマ,28.5,9.0,456(-8),[西] 千田輝彦,202407020312
12,1,2,ケイティバトラー,牡3,53.0,柴田裕一,1:08.6,1/2,121.8,14.0,504(+18),[西] 高橋康之,202407020312
13,7,14,クリノエンジェル,牝4,56.0,森裕太朗,1:08.6,クビ,120.4,12.0,470(-2),[西] 畑端省吾,202407020312
14,7,13,ラブディーヴァ,牝3,53.0,小沢大仁,1:08.8,1,6.6,4.0,446(+2),[西] 杉山晴紀,202407020312
15,8,17,プルミエプランタン,牡3,56.0,国分恭介,1:09.2,2.1/2,178.8,16.0,482(-2),[西] 音無秀孝,202407020312
16,1,1,ナリタヴィクトリー,牝3,53.0,西塚洸二,1:09.4,1,129.3,15.0,440(-2),[西] 藤沢則雄,202407020312
17,6,11,マイキオラ,牝3,53.0,角田大和,1:10.0,3.1/2,28.2,8.0,424(0),[西] 角田晃一,202407020312
18,4,8,イツモハラペコ,牡4,58.0,国分優作,1:12.6,大,227.6,17.0,472(-2),[西] 畑端省吾,202407020312
1,2,2,プリモスペランツァ,牡5,60.0,田村太雅,3:15.8,,1.7,1.0,504(+4),[西] 中竹和也,202407020401
2,8,11,トーアモルペウス,セ4,60.0,石神深一,3:16.2,2.1/2,7.8,4.0,484(-2),[東] 辻哲英,202407020401
3,5,5,テンコマンドゥール,牡4,57.0,坂口智康,3:16.4,1.1/4,62.6,8.0,484(0),[東] 矢野英一,202407020401
4,7,10,カイトレッド,牝7,58.0,上野翔,3:17.1,4,9.1,5.0,482(0),[東] 和田雄二,202407020401
5,5,6,トップスターサン,牡6,60.0,小野寺祐,3:17.9,5,25.3,6.0,524(+2),[西] 小椋研介,202407020401
6,3,3,ヨドノマックス,牡5,60.0,大江原圭,3:18.9,6,173.8,12.0,466(+14),[東] 矢嶋大樹,202407020401
7,8,12,サンライズグリット,牡6,60.0,井上敏樹,3:19.1,1,70.8,11.0,462(+18),[西] 音無秀孝,202407020401
8,6,8,テイエムマジック,牡6,60.0,難波剛健,3:20.1,6,5.3,2.0,510(-2),[西] 鈴木孝志,202407020401
9,4,4,シャーマンズケイブ,牡5,60.0,五十嵐雄,3:20.2,クビ,7.8,3.0,518(+4),[東] 尾関知人,202407020401
10,7,9,タイセイスラッガー,牡6,60.0,伴啓太,3:24.2,大,60.6,7.0,562(+26),[東] 古賀慎明,202407020401
11,1,1,ディベルティール,セ6,60.0,小牧加矢,3:28.4,大,68.7,9.0,510(+16),[西] 藤野健太,202407020401
中,6,7,テンカオーライ,牡4,60.0,中村将之,,,69.9,10.0,514(+10),[西] 松下武士,202407020401
1,5,6,ダブルハートボンド,牝3,55.0,坂井瑠星,1:53.2,,7.4,4.0,476(0),[西] 大久保龍,202407020402
2,7,11,ポップスター,牡3,56.0,秋山稔樹,1:54.2,6,27.3,8.0,506(-4),[東] 南田美知,202407020402
3,4,5,モズユイユイ,牡3,54.0,吉村誠之,1:54.5,1.3/4,3.1,1.0,478(0),[西] 清水久詞,202407020402
4,2,2,メイショウヴァイゼ,牡3,57.0,幸英明,1:55.0,2.1/2,6.1,3.0,502(-6),[西] 安達昭夫,202407020402
5,8,12,カラリパヤット,牡3,57.0,鮫島克駿,1:55.3,1.3/4,8.3,6.0,542(+8),[西] 音無秀孝,202407020402
6,8,13,グラスフラッグ,牡3,57.0,藤懸貴志,1:55.4,3/4,180.2,12.0,422(-6),[東] 小笠倫弘,202407020402
7,7,10,サイモンプレジール,牡3,57.0,西村淳也,1:55.6,1,7.5,5.0,462(-2),[東] 稲垣幸雄,202407020402
8,6,8,レグノ,牡3,54.0,橋木太希,1:56.1,3,151.8,10.0,454(0),[西] 西園正都,202407020402
9,1,1,ゼンノジーニー,牡3,56.0,角田大和,1:56.5,2.1/2,152.7,11.0,464(0),[西] 飯田祐史,202407020402
10,6,9,タマハガネ,牡3,57.0,城戸義政,1:58.6,大,541.9,13.0,394(-8),[西] 荒川義之,202407020402
11,5,7,スピークイージー,牡3,53.0,河原田菜,1:59.9,8,24.2,7.0,476(-4),[西] 本田優,202407020402
12,4,4,エクセレンアーサー,牡3,56.0,小沢大仁,2:00.0,クビ,53.2,9.0,484(+2),[西] 武英智,202407020402
13,3,3,ソングライター,牡3,57.0,団野大成,2:00.9,5,3.7,2.0,496(-6),[西] 野中賢二,202407020402
1,1,1,サラコスティ,牡2,55.0,坂井瑠星,2:00.4,,1.1,1.0,462(0),[西] 池添学,202407020403
2,2,2,バッケンレコード,牡2,54.0,角田大和,2:01.9,9,11.3,3.0,456(-2),[西] 河内洋,202407020403
3,4,4,ウインポセイドン,牡2,55.0,和田竜二,2:02.5,3.1/2,11.8,4.0,470(0),[西] 奥村豊,202407020403
4,3,3,シーク,牡2,55.0,鮫島克駿,2:02.7,1,5.6,2.0,514(+6),[西] 角田晃一,202407020403
5,5,5,アルマリアルト,牡2,54.0,小沢大仁,2:04.9,大,104.5,5.0,498(-4),[西] 庄野靖志,202407020403
6,6,6,ヤッホーキリシマ,牡2,51.0,河原田菜,2:05.2,1.3/4,129.8,6.0,476(0),[西] 笹田和秀,202407020403
1,7,13,ベルダイナフェロー,牝3,55.0,酒井学,1:25.3,,12.9,7.0,480(-8),[西] 須貝尚介,202407020404
2,3,6,ヤマニントゥルシー,牡3,53.0,河原田菜,1:25.9,3.1/2,84.4,11.0,470(-2),[西] 木原一良,202407020404
3,6,12,ノイヤーヘルト,牡3,57.0,団野大成,1:26.0,3/4,3.4,1.0,516(-4),[西] 中竹和也,202407020404
4,4,8,アリスヴィクトリア,牝3,52.0,吉村誠之,1:26.2,3/4,34.1,9.0,450(-4),[西] 中内田充,202407020404
5,8,16,キエンバンジョウ,牡3,57.0,幸英明,1:26.3,1/2,56.3,10.0,514(+2),[西] 笹田和秀,202407020404
6,5,10,エクステンシヴリー,牡3,57.0,西村淳也,1:26.3,アタマ,6.1,3.0,520(0),[西] 小栗実,202407020404
7,7,14,シャッフルガール,牝3,55.0,川須栄彦,1:26.3,クビ,9.7,5.0,452(-2),[西] 河嶋宏樹,202407020404
8,6,11,ヴァルタリ,牡3,57.0,北村友一,1:26.6,1.3/4,24.9,8.0,516(-6),[西] 宮本博,202407020404
9,2,3,アンモード,牡3,57.0,坂井瑠星,1:26.7,1/2,3.4,2.0,494(+2),[西] 西村真幸,202407020404
10,1,1,ダイジェスト,牡3,57.0,国分優作,1:26.7,ハナ,8.8,4.0,448(0),[西] 坂口智康,202407020404
11,1,2,ロードクルーガー,牡3,57.0,長岡禎仁,1:27.2,3,145.1,14.0,488(+4),[西] 小栗実,202407020404
12,2,4,シェルブールレイン,牝3,52.0,柴田裕一,1:27.6,2.1/2,84.7,12.0,506(+30),[西] 牧浦充徳,202407020404
13,3,5,ダイシンアレス,牡3,57.0,鮫島克駿,1:27.9,1.1/2,12.8,6.0,470(+12),[西] 庄野靖志,202407020404
14,4,7,ベストリターナー,セ3,57.0,城戸義政,1:28.3,2.1/2,371.7,15.0,514(-2),[西] 羽月友彦,202407020404
15,5,9,ジャコムスビ,牡3,57.0,田中健,1:29.0,4,415.4,16.0,468(+10),[西] 荒川義之,202407020404
16,8,15,カリンテラス,牝3,53.0,永島まな,1:29.3,1.1/2,96.9,13.0,470(+8),[西] 松下武士,202407020404
1,1,2,ビップデイジー,牝2,55.0,幸英明,1:34.7,,18.5,5.0,426(0),[西] 松下武士,202407020405
2,3,6,ウォーターガーベラ,牝2,54.0,西塚洸二,1:34.9,1,82.1,14.0,442(0),[西] 河内洋,202407020405
3,5,10,ショウナンカゼルタ,牝2,52.0,吉村誠之,1:35.1,1.1/2,19.4,6.0,472(0),[西] 新谷功一,202407020405
4,5,9,セイキュート,牝2,55.0,坂井瑠星,1:35.4,1.3/4,5.0,3.0,454(0),[西] 四位洋文,202407020405
5,6,11,レストプレドゥモア,牝2,55.0,酒井学,1:35.5,1/2,20.8,7.0,456(0),[西] 小林真也,202407020405
6,7,13,マリエンプラッツ,牝2,55.0,鮫島克駿,1:35.7,1,3.8,2.0,442(0),[西] 橋口慎介,202407020405
7,7,14,ベルヴィヴァン,牝2,55.0,西村淳也,1:35.8,3/4,2.9,1.0,474(0),[西] 西村真幸,202407020405
8,3,5,ラヴスティンガー,牝2,55.0,川須栄彦,1:36.0,3/4,27.1,9.0,484(0),[西] 牧田和弥,202407020405
9,8,16,インナモラート,牝2,54.0,小沢大仁,1:36.2,1.1/2,150.1,15.0,472(0),[西] 千田輝彦,202407020405
10,2,4,エイシンナザレ,牝2,55.0,横山和生,1:36.3,3/4,35.7,10.0,440(0),[西] 中尾秀正,202407020405
11,4,8,フォビドゥンラヴ,牝2,55.0,国分優作,1:36.4,1/2,151.3,16.0,450(0),[西] 千田輝彦,202407020405
12,4,7,マーゴットジェム,牝2,55.0,長岡禎仁,1:36.6,1,9.1,4.0,438(0),[西] 今野貞一,202407020405
13,8,15,ナリタボニー,牝2,55.0,北村友一,1:36.6,クビ,45.4,12.0,436(0),[西] 高橋亮,202407020405
14,1,1,ヴァリラプトル,牝2,55.0,斎藤新,1:36.7,1/2,38.6,11.0,408(0),[西] 高野友和,202407020405
15,2,3,エンジェルトリガー,牝2,55.0,和田竜二,1:37.6,5,63.1,13.0,444(0),[西] 吉村圭司,202407020405
16,6,12,エイユージュメイラ,牝2,55.0,国分恭介,1:37.6,ハナ,24.6,8.0,442(0),[西] 鈴木孝志,202407020405
1,4,8,モズマーヴェリック,牡3,57.0,国分恭介,2:00.2,,8.0,3.0,480(-18),[西] 牧浦充徳,202407020406
2,3,6,ファミリータイム,牡3,57.0,和田竜二,2:00.2,クビ,5.6,2.0,474(-2),[西] 石坂公一,202407020406
3,8,16,パフュームセント,牝3,55.0,坂井瑠星,2:00.3,クビ,1.6,1.0,432(-10),[西] 斉藤崇史,202407020406
4,1,1,ラスク,牝3,54.0,西塚洸二,2:00.7,2.1/2,29.6,8.0,460(-6),[西] 中村直也,202407020406
5,1,2,グランパリッシュ,牝3,54.0,泉谷楓真,2:00.9,1.1/2,41.2,9.0,434(+2),[西] 杉山晴紀,202407020406
6,3,5,セルリアンコバルト,牡3,57.0,中井裕二,2:01.2,1.1/2,213.0,14.0,444(+2),[西] 緒方努,202407020406
7,8,17,ウエストチェリー,牝3,55.0,西村淳也,2:01.4,1.1/4,15.3,4.0,450(+8),[西] 小椋研介,202407020406
8,5,10,ピアレイジレディ,牝3,51.0,河原田菜,2:01.5,クビ,101.5,12.0,412(-16),[西] 池江泰寿,202407020406
9,8,18,コスモモアナ,牡3,57.0,団野大成,2:01.8,1.3/4,294.1,17.0,460(+3),[西] 宮徹,202407020406
10,2,3,サトノオーブ,牝3,55.0,川須栄彦,2:01.8,クビ,214.0,15.0,424(-4),[西] 杉山晴紀,202407020406
11,4,7,ブリージョドラード,牡3,54.0,鷲頭虎太,2:01.8,クビ,153.3,13.0,446(-4),[西] 中内田充,202407020406
12,2,4,キョウワレイホープ,牝3,55.0,斎藤新,2:01.9,クビ,15.9,5.0,452(-2),[西] 佐々木晶,202407020406
13,5,9,ルクスリーベン,牝3,54.0,角田大和,2:01.9,クビ,364.6,18.0,440(+6),[西] 河内洋,202407020406
14,7,13,マテンロウウイング,セ3,57.0,太宰啓介,2:02.0,クビ,51.5,10.0,506(+6),[西] 松永幹夫,202407020406
15,7,15,リノラナキラ,牝3,55.0,酒井学,2:02.5,3,20.9,7.0,470(-2),[西] 谷潔,202407020406
16,6,12,レッドアスール,牡3,56.0,小沢大仁,2:02.7,1.1/4,52.7,11.0,408(+6),[西] 松下武士,202407020406
17,6,11,セングンバンバ,セ3,57.0,幸英明,2:03.0,1.3/4,20.0,6.0,432(+2),[西] 松永幹夫,202407020406
18,7,14,ドゥラシェーナ,牝3,52.0,柴田裕一,2:03.7,4,274.2,16.0,466(-10),[西] 佐々木晶,202407020406
1,1,1,バスタードサフラン,牝3,53.0,酒井学,1:52.9,,1.9,1.0,462(-2),[西] 渡辺薫彦,202407020407
2,4,5,メイショウタムシバ,牝3,53.0,北村友一,1:53.0,クビ,4.5,2.0,424(-4),[西] 飯田祐史,202407020407
3,7,11,ヒヒーン,牝3,51.0,永島まな,1:54.0,6,5.4,3.0,476(+32),[西] 須貝尚介,202407020407
4,6,8,リノアラ,牝5,55.0,小沢大仁,1:54.3,1.3/4,69.5,11.0,434(-4),[西] 今野貞一,202407020407
5,8,13,ブラックドレス,牝3,50.0,柴田裕一,1:54.5,1.1/4,63.8,10.0,430(+2),[西] 谷潔,202407020407
6,3,3,アルムエアフォルク,牝4,56.0,和田竜二,1:54.7,3/4,27.1,8.0,474(+6),[西] 平田修,202407020407
7,8,12,アキミューミュー,牝3,53.0,斎藤新,1:55.2,3,99.2,12.0,464(-6),[西] 池添学,202407020407
8,5,6,マハナ,牝3,53.0,鮫島克駿,1:55.2,クビ,54.2,9.0,446(+12),[西] 鮫島一歩,202407020407
9,5,7,メイショウホタルビ,牝6,56.0,幸英明,1:55.3,1/2,15.9,5.0,448(+6),[西] 大橋勇樹,202407020407
10,7,10,パルメリータ,牝4,53.0,吉村誠之,1:55.5,1.1/4,23.2,7.0,490(+8),[西] 西園正都,202407020407
11,2,2,サンマルソムニア,牝5,55.0,秋山稔樹,1:56.1,3.1/2,333.7,13.0,456(-2),[東] 佐藤吉勝,202407020407
12,6,9,リエータメンテ,牝3,52.0,西塚洸二,1:57.4,8,13.3,4.0,474(+18),[西] 藤原英昭,202407020407
13,4,4,タガノディガー,牝3,50.0,河原田菜,2:00.5,大,18.5,6.0,434(-18),[西] 岡田稲男,202407020407
1,6,11,ヘルモーズ,牡3,52.0,吉村誠之,1:23.8,,10.7,5.0,504(+2),[西] 小林真也,202407020408
2,3,6,メイショウミシガン,牡3,55.0,団野大成,1:24.4,3.1/2,3.6,1.0,450(-6),[西] 鮫島一歩,202407020408
3,8,15,ハリウッドブルース,牡3,55.0,水口優也,1:24.4,クビ,8.0,4.0,462(+6),[西] 浜田多実,202407020408
4,4,8,ニホンピロカラット,牡3,55.0,酒井学,1:24.8,2.1/2,3.8,2.0,506(+6),[西] 大橋勇樹,202407020408
5,6,12,アンジュグルーヴ,牝3,53.0,横山和生,1:24.8,クビ,11.0,6.0,492(+16),[西] 安田翔伍,202407020408
6,8,16,アルファヒディ,セ5,58.0,西村淳也,1:25.2,2,55.1,11.0,492(+14),[西] 石坂公一,202407020408
7,2,4,スターザサンライズ,牝5,55.0,西塚洸二,1:25.3,1/2,40.0,9.0,450(-6),[西] 小椋研介,202407020408
8,4,7,フォティック,牡4,58.0,北村友一,1:25.6,1.3/4,267.5,14.0,470(+8),[西] 飯田祐史,202407020408
9,7,13,イエデゴロゴロ,牝3,53.0,和田竜二,1:25.9,1.3/4,31.5,7.0,438(+2),[西] 畑端省吾,202407020408
10,3,5,モアリジット,牡3,55.0,杉原誠人,1:25.9,ハナ,155.2,12.0,490(+10),[西] 西村真幸,202407020408
11,2,3,トウカイエルデ,牡3,55.0,坂井瑠星,1:25.9,ハナ,3.9,3.0,456(+4),[西] 茶木太樹,202407020408
12,7,14,ドライグ,牡4,58.0,国分優作,1:25.9,クビ,32.3,8.0,460(-2),[西] 大根田裕,202407020408
13,1,1,マンノライトニング,牡4,55.0,柴田裕一,1:26.1,1.1/2,359.2,16.0,464(+18),[西] 角田晃一,202407020408
14,5,9,ゴットゴーゴー,牝6,55.0,角田大和,1:26.2,1/2,194.2,13.0,462(-2),[西] 木原一良,202407020408
15,5,10,エリカグロリア,牝4,56.0,中井裕二,1:26.9,4,324.8,15.0,482(-4),[西] 安田翔伍,202407020408
16,1,2,サドル,牡5,58.0,斎藤新,1:26.9,ハナ,43.9,10.0,490(-12),[西] 庄野靖志,202407020408
1,4,8,サトノアイオライト,牝3,53.0,西村淳也,1:52.9,,2.2,1.0,468(+2),[西] 吉村圭司,202407020409
2,5,9,アコークロー,牝5,56.0,和田竜二,1:53.0,3/4,21.2,6.0,490(-2),[東] 大竹正博,202407020409
3,8,15,オーケーカルメン,牝3,53.0,団野大成,1:53.1,1/2,10.7,3.0,418(+2),[西] 奥村豊,202407020409
4,7,14,ワイルドベティ,牝5,56.0,小沢大仁,1:53.3,1,144.6,13.0,430(+2),[西] 今野貞一,202407020409
5,1,1,ランスオブサターン,牝4,56.0,酒井学,1:53.7,2.1/2,35.9,8.0,448(+4),[西] 本田優,202407020409
6,3,6,ルージュスタニング,牝3,53.0,坂井瑠星,1:54.0,2,2.7,2.0,502(+2),[西] 友道康夫,202407020409
7,1,2,エバーハピネス,牝4,56.0,北村友一,1:54.1,3/4,11.2,4.0,478(+6),[東] 久保田貴,202407020409
8,6,11,キープスマイリング,牝4,56.0,西塚洸二,1:54.4,1.1/2,13.9,5.0,560(+6),[東] 武井亮,202407020409
9,5,10,クリノニキータ,牝7,56.0,国分恭介,1:54.7,1.3/4,441.7,16.0,478(-10),[西] 大根田裕,202407020409
10,2,4,サルサディーバ,牝5,56.0,川須栄彦,1:55.3,4,82.9,10.0,480(0),[西] 緒方努,202407020409
11,7,13,ウィルフルネス,牝5,56.0,国分優作,1:56.0,4,27.4,7.0,480(-10),[西] 四位洋文,202407020409
12,4,7,ヴォードヴィル,牝4,56.0,柴田裕一,1:56.0,クビ,357.0,15.0,464(+2),[西] 中竹和也,202407020409
13,2,3,アイタカ,牝3,53.0,幸英明,1:56.3,1.1/2,163.7,14.0,408(+11),[西] 谷潔,202407020409
14,6,12,ノッテルーナ,牝4,56.0,角田大和,1:56.7,2.1/2,53.9,9.0,458(-4),[西] 宮本博,202407020409
15,8,16,レディアス,牝4,56.0,永島まな,1:57.1,2.1/2,143.3,12.0,446(-4),[東] 鈴木慎太,202407020409
16,3,5,タマモベローナ,牝5,56.0,太宰啓介,1:57.2,3/4,120.7,11.0,496(0),[西] 高橋亮,202407020409
1,4,7,アクートゥス,牡4,58.0,西塚洸二,1:20.1,,23.5,8.0,454(-14),[西] 藤原英昭,202407020410
2,5,9,メイショウピース,牝4,56.0,和田竜二,1:20.1,クビ,7.4,4.0,474(+6),[西] 高橋亮,202407020410
3,6,11,リチャードバローズ,牡3,55.0,坂井瑠星,1:20.2,3/4,2.9,1.0,502(+8),[西] 上村洋行,202407020410
4,7,13,トウシンカーリン,牝4,56.0,長岡禎仁,1:20.3,1/2,109.7,14.0,466(0),[西] 杉山晴紀,202407020410
5,5,10,テラメリタ,牝3,53.0,酒井学,1:20.3,クビ,9.6,5.0,464(+2),[西] 須貝尚介,202407020410
6,4,8,シンプリーオーサム,牡4,58.0,西村淳也,1:20.5,1.1/4,10.9,6.0,544(+4),[西] 吉岡辰弥,202407020410
7,2,4,ワーフデール,牝5,56.0,北村友一,1:20.6,1/2,148.7,16.0,462(-4),[西] 西園翔太,202407020410
8,2,3,トーホウフランゴ,牝4,56.0,小沢大仁,1:20.6,クビ,42.2,9.0,440(-2),[西] 高橋康之,202407020410
9,7,14,テラステラ,牡4,58.0,幸英明,1:20.7,クビ,6.0,3.0,476(-2),[西] 矢作芳人,202407020410
10,6,12,ベレザニーニャ,牝4,56.0,藤懸貴志,1:20.9,1.1/4,75.2,12.0,478(+4),[西] 小崎憲,202407020410
11,3,5,アロマデローサ,牝4,56.0,鮫島克駿,1:21.0,1/2,4.4,2.0,458(0),[西] 池添学,202407020410
12,3,6,ピラティス,牝5,56.0,横山和生,1:21.0,クビ,49.0,10.0,470(+10),[西] 松永幹夫,202407020410
13,8,16,キタノブライド,牝4,56.0,国分優作,1:21.1,3/4,71.1,11.0,426(+2),[西] 坂口智康,202407020410
14,8,15,メイショウコギク,牝4,56.0,泉谷楓真,1:21.2,クビ,131.0,15.0,446(+2),[西] 石橋守,202407020410
15,1,2,ショウナンナダル,牝5,56.0,永島まな,1:21.3,3/4,75.3,13.0,446(-4),[西] 須貝尚介,202407020410
16,1,1,アイオブザストーム,牝4,56.0,団野大成,1:21.6,1.3/4,22.7,7.0,472(+10),[西] 岡田稲男,202407020410
1,1,1,ドロップオブライト,牝5,54.0,幸英明,1:07.5,,10.8,6.0,440(+4),[西] 福永祐一,202407020411
2,3,6,スズハローム,牡4,56.0,鮫島克駿,1:07.5,クビ,6.5,3.0,450(-2),[西] 牧田和弥,202407020411
3,3,5,グランテスト,牝4,52.0,坂井瑠星,1:07.6,3/4,6.5,2.0,470(-6),[西] 今野貞一,202407020411
4,7,15,メイショウソラフネ,牡5,56.0,酒井学,1:07.7,1/2,109.3,16.0,444(+2),[西] 石橋守,202407020411
5,4,7,ジャスティンスカイ,牡5,57.5,北村友一,1:07.7,アタマ,9.5,5.0,522(-16),[西] 友道康夫,202407020411
6,6,12,カンチェンジュンガ,牡4,55.0,斎藤新,1:07.9,3/4,13.6,8.0,486(0),[西] 庄野靖志,202407020411
7,1,2,キタノエクスプレス,牡6,55.0,国分優作,1:08.0,1/2,4.0,1.0,504(-4),[西] 坂口智康,202407020411
8,2,4,スコールユニバンス,牝5,51.0,藤懸貴志,1:08.0,ハナ,187.0,18.0,458(+8),[西] 矢作芳人,202407020411
9,5,9,ブーケファロス,牡4,55.0,和田竜二,1:08.0,クビ,70.3,13.0,444(0),[東] 清水英克,202407020411
10,6,11,グレイトゲイナー,牡7,56.5,吉村誠之,1:08.1,1/2,38.2,11.0,470(-4),[西] 森秀行,202407020411
11,2,3,バースクライ,牝4,54.0,横山和生,1:08.1,アタマ,11.5,7.0,492(0),[西] 千田輝彦,202407020411
12,5,10,ヤクシマ,牡4,55.0,西塚洸二,1:08.1,アタマ,143.3,17.0,510(-10),[西] 寺島良,202407020411
13,7,14,レッドヒルシューズ,牝4,53.0,団野大成,1:08.2,クビ,16.6,9.0,448(-4),[西] 武英智,202407020411
14,8,17,カリボール,牡8,56.0,杉原誠人,1:08.2,アタマ,78.8,14.0,484(-2),[西] 西村真幸,202407020411
15,7,13,ショウナンハクラク,牡5,56.0,小沢大仁,1:08.2,クビ,65.4,12.0,472(-2),[西] 松下武士,202407020411
16,4,8,サウンドビバーチェ,牝5,56.0,永島まな,1:08.3,1/2,30.9,10.0,498(-8),[西] 高柳大輔,202407020411
17,8,16,アグリ,牡5,58.5,西村淳也,1:08.5,1,6.7,4.0,494(0),[西] 杉山晴紀,202407020411
18,8,18,アネゴハダ,牝5,53.0,角田大和,1:09.1,3.1/2,96.4,15.0,460(+8),[西] 佐々木晶,202407020411
1,8,16,パドマ,牝3,54.0,加藤祥太,1:11.4,,4.3,2.0,500(+6),[西] 杉山晴紀,202407020412
2,7,13,クリノオリーブ,牝3,54.0,幸英明,1:11.6,1.1/4,5.4,3.0,460(-2),[西] 谷潔,202407020412
3,8,15,イミュータブル,牡4,58.0,西村淳也,1:12.0,2.1/2,32.2,9.0,478(+6),[西] 浜田多実,202407020412
4,2,4,フィルムアクトレス,牝4,56.0,酒井学,1:12.1,1/2,6.4,4.0,502(+12),[西] 石橋守,202407020412
5,2,3,フレイミングパイ,牝3,51.0,柴田裕一,1:12.2,クビ,3.5,1.0,444(-2),[西] 中竹和也,202407020412
6,3,5,ストームバンガード,牡3,56.0,和田竜二,1:12.2,クビ,15.0,7.0,484(+2),[西] 岡田稲男,202407020412
7,5,10,レッドフランカー,セ6,55.0,吉村誠之,1:12.5,1.1/2,198.1,15.0,454(-20),[西] 音無秀孝,202407020412
8,4,7,フェニックスループ,牡5,58.0,藤懸貴志,1:12.6,1/2,221.3,16.0,464(-4),[西] 平田修,202407020412
9,7,14,モーデン,牡6,54.0,河原田菜,1:12.7,3/4,99.7,13.0,480(-2),[西] 藤沢則雄,202407020412
10,6,12,クインズシャウラ,牝3,53.0,西塚洸二,1:13.3,3.1/2,18.8,8.0,418(+14),[西] 野中賢二,202407020412
11,1,1,レインメーカー,牡4,58.0,横山和生,1:13.6,2,91.5,12.0,456(-6),[西] 安田翔伍,202407020412
12,5,9,マイネルサンテ,牡4,58.0,斎藤新,1:13.6,クビ,175.8,14.0,502(+26),[西] 緒方努,202407020412
13,1,2,ウエスタンシーズン,牡3,54.0,永島まな,1:13.7,アタマ,10.9,5.0,546(-2),[西] 西園正都,202407020412
14,3,6,ノースディーバ,牡4,58.0,鮫島克駿,1:14.5,5,42.7,10.0,524(-2),[西] 鮫島一歩,202407020412
15,6,11,スマイルバック,牝5,56.0,団野大成,1:14.6,3/4,12.1,6.0,464(-4),[西] 西園翔太,202407020412
16,4,8,プライムレート,牝4,56.0,水口優也,1:20.4,大,66.1,11.0,496(+24),[西] 笹田和秀,202407020412
1,5,5,ラヴァブル,牝2,55.0,西村淳也,1:35.3,,2.1,1.0,488(+4),[西] 松下武士,202407020501
2,7,7,マイネルフルムーン,牡2,55.0,和田竜二,1:35.4,1/2,7.4,3.0,452(-6),[西] 吉田直弘,202407020501
3,8,8,スナークピカソ,牡2,54.0,小沢大仁,1:35.6,1.1/2,12.5,5.0,454(+2),[西] 庄野靖志,202407020501
4,8,9,ゴッドヴァレー,牡2,55.0,岩田望来,1:35.8,1.1/4,2.6,2.0,456(+4),[西] 渡辺薫彦,202407020501
5,6,6,ヴィータレヴィス,牡2,55.0,Ｍ．デム,1:35.9,クビ,15.9,6.0,492(0),[西] 池添学,202407020501
6,1,1,ダブルシルバー,牡2,55.0,鮫島克駿,1:36.3,2.1/2,8.4,4.0,462(-4),[西] 小椋研介,202407020501
7,2,2,クイーンズグリーン,牝2,55.0,城戸義政,1:36.7,2.1/2,315.3,9.0,454(+2),[西] 奥村豊,202407020501
8,4,4,ラヴリーチェリー,牝2,52.0,吉村誠之,1:36.9,1.1/4,78.3,7.0,384(-8),[西] 藤沢則雄,202407020501
9,3,3,コパノオーランド,牡2,51.0,河原田菜,1:37.1,1.1/2,116.5,8.0,468(-8),[西] 村山明,202407020501
1,7,14,クインズアトリア,牝3,52.0,吉村誠之,1:25.3,,2.1,1.0,454(-2),[西] 吉岡辰弥,202407020502
2,8,16,アンナバローズ,牝3,54.0,西塚洸二,1:25.9,3.1/2,3.9,3.0,492(-4),[西] 辻野泰之,202407020502
3,1,2,プレジャー,牝3,51.0,河原田菜,1:25.9,クビ,15.1,4.0,482(-4),[西] 飯田祐史,202407020502
4,4,8,ルミナスボディ,牝3,55.0,中井裕二,1:25.9,クビ,19.0,5.0,460(+6),[西] 坂口智康,202407020502
5,2,4,ケンブリッジユウ,牝3,55.0,鮫島良太,1:25.9,ハナ,161.0,12.0,492(+6),[西] 牧浦充徳,202407020502
6,5,10,アルピニスト,牝3,55.0,団野大成,1:26.1,1,3.5,2.0,474(+8),[西] 杉山佳明,202407020502
7,3,5,タガノグランエース,牝3,55.0,菱田裕二,1:27.7,10,24.6,6.0,454(0),[西] 鮫島一歩,202407020502
8,5,9,ヨシノアカツキ,牝3,55.0,高倉稜,1:28.1,2,239.0,14.0,428(0),[西] 武英智,202407020502
9,7,13,チュウワギフト,牝3,55.0,加藤祥太,1:28.2,3/4,102.4,9.0,430(0),[西] 庄野靖志,202407020502
10,1,1,メイショウボヌール,牝3,55.0,西村淳也,1:28.3,1/2,29.2,7.0,438(-16),[西] 中内田充,202407020502
11,2,3,カシノフロイデ,牝3,55.0,森裕太朗,1:28.7,2.1/2,431.0,16.0,432(+25),[西] 藤沢則雄,202407020502
12,4,7,セロリ,牝3,55.0,太宰啓介,1:30.2,9,47.6,8.0,454(-4),[西] 高橋亮,202407020502
13,6,12,メメフェリーチェ,牝3,52.0,橋木太希,1:30.6,2,394.7,15.0,506(+18),[西] 渡辺薫彦,202407020502
14,8,15,ハギノアネラ,牝3,52.0,柴田裕一,1:31.2,4,121.0,10.0,460(-12),[西] 高野友和,202407020502
15,3,6,メイショウミソハギ,牝3,55.0,酒井学,1:35.6,大,194.0,13.0,434(0),[西] 藤沢則雄,202407020502
16,6,11,パステルパレット,牝3,54.0,小沢大仁,1:39.1,大,150.1,11.0,410(0),[西] 高橋一哉,202407020502
1,3,6,エブリモーメント,牡3,57.0,西村淳也,1:11.8,,3.0,2.0,496(+8),[西] 牧田和弥,202407020503
2,2,3,タイヘイノヨ,セ3,56.0,小沢大仁,1:12.6,5,8.9,5.0,514(-12),[西] 庄野靖志,202407020503
3,8,16,ウインオーブ,牡3,57.0,幸英明,1:12.6,ハナ,2.9,1.0,442(-4),[西] 宮本博,202407020503
4,4,7,ミルトコルサ,牡3,54.0,鷲頭虎太,1:12.6,クビ,9.7,6.0,480(-5),[西] 杉山佳明,202407020503
5,5,9,ジュンフィレンツェ,牡3,54.0,吉村誠之,1:13.2,3.1/2,84.8,9.0,504(-4),[西] 清水久詞,202407020503
6,5,10,ポートカルタヘナ,牝3,54.0,西塚洸二,1:13.4,1.1/4,6.5,3.0,480(+4),[西] 畑端省吾,202407020503
7,2,4,プロトアステール,牝3,55.0,岩田望来,1:13.5,クビ,27.8,7.0,436(-6),[西] 寺島良,202407020503
8,1,1,シレンツィオ,牡3,57.0,菱田裕二,1:13.8,1.3/4,316.9,14.0,418(0),[西] 音無秀孝,202407020503
9,1,2,ルミリオン,牡3,53.0,河原田菜,1:13.8,アタマ,161.9,11.0,454(+6),[西] 坂口智康,202407020503
10,6,12,メイショウマダケ,牡3,57.0,加藤祥太,1:13.8,アタマ,357.2,15.0,428(-10),[西] 梅田智之,202407020503
11,7,14,ロードトワイライト,牡3,54.0,柴田裕一,1:14.1,2,46.6,8.0,478(-12),[西] 牧浦充徳,202407020503
12,7,13,メロディアスハード,牝3,55.0,鮫島克駿,1:14.7,3.1/2,8.9,4.0,444(-2),[西] 杉山佳明,202407020503
13,8,15,ヤマニンブライトン,牡3,57.0,田中健,1:15.1,2.1/2,213.1,12.0,490(0),[西] 中村直也,202407020503
14,3,5,メイショウナニクソ,牡3,57.0,長岡禎仁,1:15.6,3,271.1,13.0,470(+6),[西] 高橋亮,202407020503
15,4,8,ランドシュール,牡3,57.0,国分恭介,1:15.9,1.3/4,110.7,10.0,492(+6),[西] 安達昭夫,202407020503
取,6,11,クレスコウェイ,牡3,57.0,中井裕二,,,---,,計不,[西] 羽月友彦,202407020503
1,5,5,ロスコフ,牡6,60.0,草野太郎,3:33.5,,1.8,1.0,504(+2),[東] 久保田貴,202407020504
2,6,6,ニューツーリズム,セ8,60.0,伴啓太,3:34.3,5,7.6,4.0,510(-8),[東] 黒岩陽一,202407020504
3,4,4,メイショウハチク,セ10,60.0,森一馬,3:40.4,大,46.9,5.0,470(-12),[西] 安達昭夫,202407020504
4,1,1,ヴィジュネル,牡6,60.0,中村将之,3:41.2,5,2.6,2.0,482(-4),[西] 渡辺薫彦,202407020504
中,3,3,トゥルボー,牡8,60.0,石神深一,,,5.4,3.0,518(+4),[東] 小笠倫弘,202407020504
取,2,2,ホッコーメヴィウス,セ8,60.0,小牧加矢,,,---,,計不,[西] 清水久詞,202407020504
1,5,9,ショウナンラフィネ,牝2,55.0,鮫島克駿,1:35.1,,60.4,10.0,390(0),[西] 高野友和,202407020505
2,6,12,ランフォースマイル,牝2,55.0,酒井学,1:35.2,1/2,15.0,7.0,440(0),[西] 渡辺薫彦,202407020505
3,1,1,ミュージアムマイル,牡2,55.0,幸英明,1:35.5,1.3/4,5.4,4.0,500(0),[西] 高柳大輔,202407020505
4,5,10,ロイヤルウィル,牝2,52.0,橋木太希,1:35.7,1.1/4,178.9,15.0,462(0),[西] 村山明,202407020505
5,7,13,ワイドメテオール,牡2,55.0,岩田望来,1:36.1,2,13.7,6.0,438(0),[西] 福永祐一,202407020505
6,2,3,オーシンブーケ,牝2,55.0,団野大成,1:36.1,クビ,104.1,13.0,422(0),[東] 斎藤誠,202407020505
7,3,5,レイザリオ,牡2,55.0,西村淳也,1:36.3,1.1/2,4.4,1.0,468(0),[西] 橋口慎介,202407020505
8,2,4,ウォーターパラディ,牡2,55.0,菱田裕二,1:36.4,1/2,36.2,8.0,458(0),[西] 岡田稲男,202407020505
9,1,2,ロードシュヴァリエ,牡2,52.0,吉村誠之,1:36.7,1.1/2,44.9,9.0,476(0),[西] 森田直行,202407020505
10,8,15,アルムチャーチル,牡2,54.0,秋山稔樹,1:36.8,3/4,101.0,12.0,464(0),[西] 北出成人,202407020505
11,8,16,ダノンカゼルタ,牡2,54.0,西塚洸二,1:37.0,1.1/4,4.5,2.0,470(0),[西] 寺島良,202407020505
12,3,6,シティオブロンドン,牡2,55.0,和田竜二,1:37.0,ハナ,6.2,5.0,514(0),[西] 吉村圭司,202407020505
13,4,8,カペルブリュッケ,牡2,55.0,国分恭介,1:38.1,7,61.9,11.0,446(0),[西] 浜田多実,202407020505
14,7,14,ワンダーエバー,牡2,54.0,角田大和,1:38.7,3.1/2,265.7,16.0,484(0),[西] 河内洋,202407020505
15,4,7,イージーゴーイング,牡2,54.0,小沢大仁,1:39.0,1.3/4,130.1,14.0,470(0),[西] 飯田祐史,202407020505
16,6,11,シュネーグロッケン,牡2,55.0,Ｍ．デム,1:40.6,10,4.9,3.0,474(0),[西] 清水久詞,202407020505
1,5,9,ボックスオフィス,牡3,57.0,和田竜二,1:54.4,,172.6,13.0,510(+6),[西] 吉村圭司,202407020506
2,3,5,メイショウコナン,牡3,56.0,小沢大仁,1:54.9,3,6.9,4.0,514(0),[西] 荒川義之,202407020506
3,6,12,フェヴリエ,牡3,57.0,鮫島克駿,1:55.2,2,2.2,1.0,570(-6),[西] 松永幹夫,202407020506
4,7,13,メイショウヴァイゼ,牡3,57.0,西村淳也,1:55.3,3/4,5.6,3.0,502(0),[西] 安達昭夫,202407020506
5,4,7,メイショウエレジー,牝3,54.0,角田大和,1:55.4,1/2,26.6,5.0,452(-4),[西] 角田晃一,202407020506
6,2,3,レッドモンストル,牡3,56.0,西塚洸二,1:55.6,3/4,27.0,6.0,474(-10),[西] 辻野泰之,202407020506
7,4,8,シントーキズナ,牝3,54.0,秋山稔樹,1:55.6,クビ,40.9,9.0,514(+10),[西] 北出成人,202407020506
8,7,14,アルマーザアミール,牡3,57.0,団野大成,1:55.7,3/4,3.8,2.0,482(0),[西] 斉藤崇史,202407020506
9,5,10,メイケイノヴァ,牝3,55.0,高倉稜,1:56.0,1.3/4,299.9,14.0,414(+4),[西] 武英智,202407020506
10,6,11,キタノレガーロ,牝3,52.0,吉村誠之,1:56.7,4,117.3,12.0,446(+4),[西] 坂口智康,202407020506
11,1,2,ビップライアン,牡3,57.0,川須栄彦,1:56.8,1/2,35.8,8.0,492(-2),[西] 小椋研介,202407020506
12,1,1,ビカムキング,牡3,57.0,小崎綾也,1:56.8,アタマ,27.1,7.0,482(-6),[西] 藤原英昭,202407020506
13,8,16,アーガイルプレイド,牡3,57.0,幸英明,1:59.0,大,104.3,11.0,498(+11),[西] 杉山佳明,202407020506
14,3,6,ルージュベラドンナ,牝3,51.0,河原田菜,2:00.5,9,61.3,10.0,424(+4),[西] 平田修,202407020506
15,8,15,メイショウコフデ,牝3,55.0,中井裕二,2:02.1,10,442.0,15.0,436(+6),[西] 飯田祐史,202407020506
中,2,4,ユウトザルンルン,牡3,57.0,森裕太朗,,,506.6,16.0,522(+8),[西] 藤沢則雄,202407020506
1,2,4,エコテーラー,牝3,55.0,西村淳也,1:59.6,,3.3,2.0,498(+18),[西] 石橋守,202407020507
2,7,15,ヘルツアス,牝3,55.0,国分恭介,1:59.9,2,14.8,5.0,404(-4),[西] 森田直行,202407020507
3,6,11,スズカミエール,牝3,55.0,和田竜二,2:00.0,1/2,3.6,3.0,466(+4),[西] 吉村圭司,202407020507
4,1,1,オクシタニア,牝3,55.0,高倉稜,2:00.2,1.1/4,28.2,8.0,414(+2),[西] 武英智,202407020507
5,8,16,ルミエールドゥース,牝3,55.0,川須栄彦,2:00.2,クビ,245.0,16.0,478(0),[西] 辻野泰之,202407020507
6,6,12,パステルツェ,牝3,52.0,吉村誠之,2:00.4,1.1/4,75.3,10.0,448(+2),[西] 清水久詞,202407020507
7,4,7,モルツシャン,牝3,55.0,岩田望来,2:00.7,1.1/2,71.4,9.0,434(-12),[西] 四位洋文,202407020507
8,8,18,ドゥラエンヌ,牝3,54.0,小沢大仁,2:00.8,1/2,220.6,15.0,432(0),[西] 杉山晴紀,202407020507
9,1,2,ルージュクライト,牝3,55.0,小崎綾也,2:00.9,3/4,16.4,6.0,428(+4),[西] 寺島良,202407020507
10,5,9,タガノディオーサ,牝3,54.0,角田大和,2:01.1,1.1/2,22.1,7.0,452(-4),[西] 長谷川浩,202407020507
11,7,13,シークレットレーン,牝3,55.0,鮫島克駿,2:01.2,クビ,12.6,4.0,502(-4),[西] 矢作芳人,202407020507
12,8,17,トラウムビルト,牝3,52.0,柴田裕一,2:01.2,ハナ,156.4,13.0,450(+6),[西] 中尾秀正,202407020507
13,7,14,バトゥーラ,牝3,51.0,河原田菜,2:01.2,ハナ,444.7,18.0,416(0),[西] 坂口智康,202407020507
14,3,5,セプテンバーソング,牝3,55.0,幸英明,2:01.6,2.1/2,192.7,14.0,378(-4),[西] 森田直行,202407020507
15,4,8,ブーケドボワ,牝3,55.0,国分優作,2:01.7,3/4,139.5,11.0,470(0),[西] 坂口智康,202407020507
16,3,6,シルヴァリームーン,牝3,55.0,菱田裕二,2:01.7,クビ,3.0,1.0,500(-12),[西] 渡辺薫彦,202407020507
17,5,10,カノティエ,牝3,52.0,鷲頭虎太,2:02.0,1.3/4,403.0,17.0,410(0),[西] 小崎憲,202407020507
18,2,3,カムフラージュ,牝3,55.0,亀田温心,2:02.7,4,149.4,12.0,448(0),[西] 村山明,202407020507
1,4,5,スリリングチェイス,牡4,58.0,西村淳也,1:53.7,,3.0,1.0,510(0),[西] 渡辺薫彦,202407020508
2,6,9,モモンウールー,牝3,50.0,吉村誠之,1:53.8,1/2,3.9,2.0,448(-10),[西] 池添学,202407020508
3,2,2,エアフォースワン,牡5,58.0,幸英明,1:54.4,3.1/2,5.6,3.0,472(-6),[西] 大根田裕,202407020508
4,5,7,ワンパット,牡3,55.0,太宰啓介,1:54.5,3/4,13.7,7.0,474(+2),[西] 高橋亮,202407020508
5,6,8,ハッピーマインド,牡3,55.0,鮫島克駿,1:54.7,1.1/2,17.3,8.0,510(+8),[西] 緒方努,202407020508
6,8,12,ピカレスクノベル,牡3,54.0,小沢大仁,1:54.8,1/2,22.3,9.0,512(+4),[西] 高橋義忠,202407020508
7,7,10,グランドセントラル,牡3,55.0,和田竜二,1:55.1,1.3/4,9.5,4.0,464(+2),[西] 北出成人,202407020508
8,7,11,サイモンブーケ,牝4,56.0,川須栄彦,1:55.3,1,102.0,11.0,524(+2),[西] 梅田智之,202407020508
9,3,3,カツラノキサノキ,牡3,55.0,岩田望来,1:55.6,2,12.1,6.0,486(0),[西] 庄野靖志,202407020508
10,1,1,タイセイミニスター,牡3,51.0,河原田菜,1:56.1,3,64.7,10.0,482(-2),[西] 大橋勇樹,202407020508
11,4,4,メイショウベル,牝3,50.0,橋木太希,1:56.2,1/2,285.0,12.0,474(-8),[西] 西園正都,202407020508
12,5,6,メイショウカシワデ,牡3,54.0,角田大和,1:56.4,1,9.9,5.0,446(-2),[西] 角田晃一,202407020508
13,8,13,ツヨポンフェイス,牝3,50.0,鷲頭虎太,1:57.1,4,302.2,13.0,420(-6),[西] 清水久詞,202407020508
1,5,6,ヤマニンステラータ,牡3,55.0,Ｍ．デム,2:13.0,,5.3,3.0,466(+2),[西] 松永幹夫,202407020509
2,2,2,サンセットビュー,牝3,53.0,鮫島克駿,2:13.1,1/2,2.1,1.0,452(+4),[西] 新谷功一,202407020509
3,1,1,タガノデュード,牡3,55.0,幸英明,2:13.3,1.1/4,5.5,4.0,488(-2),[西] 宮徹,202407020509
4,7,10,サクソンジェンヌ,牝3,53.0,団野大成,2:13.5,1,9.3,5.0,448(-8),[西] 高橋義忠,202407020509
5,6,8,ゼンノインヴォーク,牡5,58.0,岩田望来,2:13.7,1.1/2,5.3,2.0,464(+8),[西] 四位洋文,202407020509
6,5,7,ヴァンデスト,牝5,56.0,菱田裕二,2:14.0,1.3/4,89.0,9.0,418(-2),[西] 藤沢則雄,202407020509
7,8,12,ヴェストリア,牝3,53.0,西塚洸二,2:14.1,クビ,70.1,8.0,420(-4),[西] 友道康夫,202407020509
8,4,5,ワンモアビスケット,牝3,53.0,秋山稔樹,2:14.1,ハナ,165.7,10.0,456(-4),[西] 緒方努,202407020509
9,6,9,ラブカ,牡3,55.0,小沢大仁,2:14.1,クビ,58.7,7.0,448(-2),[西] 今野貞一,202407020509
10,7,11,シセイダイキ,牡3,55.0,高倉稜,2:14.3,1,501.3,12.0,482(-14),[西] 北出成人,202407020509
11,4,4,ブラックライズ,牡3,55.0,吉村誠之,2:15.8,9,281.0,11.0,454(-18),[西] 清水久詞,202407020509
中,3,3,ジャスティンライズ,牡3,55.0,西村淳也,,,14.5,6.0,518(+4),[西] 吉岡辰弥,202407020509
取,8,13,ディアマイサン,牡4,58.0,和田竜二,,,---,,計不,[西] 松下武士,202407020509
1,1,1,ヒビキ,牡4,58.0,岩田望来,1:11.3,,7.7,3.0,494(-12),[西] 辻野泰之,202407020510
2,7,14,プレイテシア,牝5,56.0,角田大和,1:11.5,1.1/2,9.4,5.0,436(+4),[西] 羽月友彦,202407020510
3,2,3,スペシャルナンバー,牡5,58.0,西村淳也,1:11.6,1,16.3,9.0,488(+2),[西] 西村真幸,202407020510
4,3,5,ジョヴィアン,牡4,58.0,鮫島克駿,1:11.7,クビ,2.6,1.0,508(+4),[西] 奥村豊,202407020510
5,4,8,プレシオーソ,セ7,58.0,菱田裕二,1:11.9,1,13.9,8.0,474(-4),[西] 岡田稲男,202407020510
6,4,7,カゲマル,牡4,58.0,和田竜二,1:11.9,ハナ,13.8,7.0,502(-10),[西] 西園正都,202407020510
7,6,12,タイキエクセロン,牡5,58.0,国分恭介,1:11.9,クビ,11.8,6.0,502(0),[西] 西園翔太,202407020510
8,7,13,キュムロンニンバス,牡6,58.0,長岡禎仁,1:12.0,クビ,83.7,11.0,510(+4),[東] 南田美知,202407020510
9,8,16,マリブパイン,牝5,56.0,西塚洸二,1:12.0,クビ,93.5,14.0,498(+2),[西] 大根田裕,202407020510
10,8,15,ヤマニンプレシオサ,牝7,56.0,小沢大仁,1:12.1,1/2,201.6,15.0,474(0),[東] 辻哲英,202407020510
11,1,2,ルヴェルジェ,牝5,56.0,川須栄彦,1:12.2,クビ,91.4,13.0,480(-2),[西] 小林真也,202407020510
12,6,11,ウインアウォード,牡5,58.0,Ｍ．デム,1:12.6,2,25.4,10.0,510(0),[西] 西園翔太,202407020510
13,2,4,メイショウヒヅクリ,牝5,56.0,酒井学,1:12.8,1.1/4,90.6,12.0,472(0),[西] 角田晃一,202407020510
14,5,9,プレヴィスト,牝3,54.0,団野大成,1:13.0,1.1/4,7.2,2.0,448(-4),[西] 池添学,202407020510
15,5,10,トールキン,牡4,58.0,幸英明,1:13.0,アタマ,7.8,4.0,494(-2),[西] 西園正都,202407020510
除,3,6,リッキーヤスオカ,牡5,58.0,吉村誠之,,,---,,498(0),[西] 高橋一哉,202407020510
1,2,2,サンマルパトロール,牡4,55.0,菱田裕二,1:59.5,,4.1,1.0,484(+4),[西] 大橋勇樹,202407020511
2,4,6,マテンロウガイ,牡4,55.0,角田大和,1:59.8,2,7.8,4.0,504(+4),[西] 角田晃一,202407020511
3,3,5,ビップスコーピオン,牡4,56.0,Ｍ．デム,1:59.8,アタマ,21.4,10.0,456(+6),[東] 田島俊明,202407020511
4,2,3,フジマサインパクト,牡6,54.0,西村淳也,1:59.8,ハナ,58.1,13.0,422(-2),[東] 菊川正達,202407020511
5,5,9,フタイテンロック,牡5,53.0,加藤祥太,2:00.2,2.1/2,13.1,7.0,480(0),[東] 佐藤吉勝,202407020511
6,4,7,メイクザビート,牡4,55.0,幸英明,2:00.2,ハナ,6.0,3.0,490(0),[西] 西園正都,202407020511
7,7,13,クレメダンジュ,牝4,54.0,和田竜二,2:00.5,1.3/4,9.1,5.0,458(-10),[西] 鈴木孝志,202407020511
8,8,15,ペイシャモノノフ,牡4,55.0,酒井学,2:00.6,アタマ,5.7,2.0,484(+4),[西] 畑端省吾,202407020511
9,8,14,ミアステラ,牡5,52.0,西塚洸二,2:00.8,1.1/2,44.5,12.0,506(+12),[西] 大根田裕,202407020511
10,3,4,ゲンパチハマジ,牡6,53.0,鮫島克駿,2:01.0,3/4,16.2,9.0,500(-16),[西] 佐々木晶,202407020511
11,6,11,ダディーズウォリア,牡4,54.0,岩田望来,2:01.0,クビ,10.1,6.0,466(+6),[西] 千田輝彦,202407020511
12,1,1,サンライズジャスト,牡5,55.0,吉村誠之,2:01.3,1.1/2,14.9,8.0,542(+4),[西] 羽月友彦,202407020511
13,5,8,ナリタフォルテ,牡6,55.0,小沢大仁,2:02.5,7,92.1,14.0,590(+2),[西] 木原一良,202407020511
14,7,12,ビシャモンテン,牡6,54.0,小崎綾也,2:03.2,4,41.7,11.0,508(+4),[東] 矢嶋大樹,202407020511
15,6,10,ホウオウエクレール,牡7,56.0,秋山稔樹,2:03.4,3/4,134.4,15.0,496(-10),[西] 宮徹,202407020511
1,7,14,ケーブパール,牝3,53.0,小崎綾也,1:19.9,,3.2,1.0,436(+6),[西] 友道康夫,202407020512
2,8,17,メイショウノブカ,牝4,56.0,Ｍ．デム,1:20.1,1.1/4,11.0,4.0,514(+2),[西] 本田優,202407020512
3,1,2,ビーグラッド,牝3,53.0,池添謙一,1:20.2,3/4,12.0,5.0,442(0),[西] 岡田稲男,202407020512
4,4,7,コト,牝3,52.0,角田大和,1:20.2,ハナ,16.5,9.0,478(+18),[西] 野中賢二,202407020512
5,7,15,ガットネロ,牝4,56.0,岩田望来,1:20.3,1/2,66.0,13.0,482(0),[西] 上村洋行,202407020512
6,8,16,プウスカンドゥール,牝4,56.0,国分優作,1:20.7,2.1/2,79.0,14.0,452(+8),[西] 坂口智康,202407020512
7,7,13,ルミッキ,牝3,53.0,鮫島克駿,1:20.7,ハナ,13.7,6.0,450(-10),[西] 橋口慎介,202407020512
8,2,4,グローブアマランス,牝3,53.0,和田竜二,1:20.7,クビ,4.9,2.0,454(+6),[西] 中尾秀正,202407020512
9,4,8,ステラスプレンダー,牝3,50.0,吉村誠之,1:20.8,クビ,7.2,3.0,440(+8),[西] 石坂公一,202407020512
10,3,6,ホウオウペトリュス,牝3,53.0,酒井学,1:21.2,2.1/2,62.3,12.0,454(+14),[西] 須貝尚介,202407020512
11,3,5,ドゥーカスコーリ,牝3,52.0,小沢大仁,1:21.3,1,53.8,11.0,452(+10),[西] 石坂公一,202407020512
12,1,1,オールアイウォント,牝4,53.0,柴田裕一,1:21.4,3/4,110.0,16.0,458(-8),[西] 森田直行,202407020512
13,5,10,ストレイトアスク,牝3,52.0,西塚洸二,1:21.5,3/4,16.9,10.0,436(+12),[西] 藤原英昭,202407020512
14,6,11,サウンドレイラ,牝4,56.0,団野大成,1:21.6,1/2,14.0,7.0,474(0),[西] 渡辺薫彦,202407020512
15,6,12,ジャマン,牝5,56.0,幸英明,1:21.6,アタマ,208.8,17.0,492(+8),[西] 高橋康之,202407020512
16,5,9,コルルディ,牝3,53.0,亀田温心,1:21.9,1.3/4,391.7,18.0,450(+4),[西] 高柳大輔,202407020512
17,2,3,ランランガール,牝3,53.0,菱田裕二,1:22.2,1.3/4,98.4,15.0,422(+4),[西] 寺島良,202407020512
中,8,18,アトロルーベンス,牝3,53.0,西村淳也,,,14.1,8.0,482(+10),[西] 高野友和,202407020512
1,8,12,ウィルサヴァイブ,牝2,55.0,団野大成,1:22.0,,3.5,2.0,428(-4),[西] 須貝尚介,202407020601
2,2,2,モンテディアーナ,牝2,55.0,菱田裕二,1:22.0,クビ,3.1,1.0,460(+4),[西] 四位洋文,202407020601
3,5,6,オールザレイジ,牝2,55.0,西村淳也,1:22.2,1.1/4,6.6,4.0,490(-2),[西] 寺島良,202407020601
4,6,8,セレーネアステール,牝2,55.0,鮫島克駿,1:22.3,クビ,23.9,7.0,406(0),[西] 武幸四郎,202407020601
5,5,7,ルジャーダ,牝2,54.0,西塚洸二,1:22.3,ハナ,4.2,3.0,482(-2),[西] 河内洋,202407020601
6,3,3,ナムラピノコ,牝2,55.0,幸英明,1:22.4,1,47.8,8.0,432(-4),[西] 鈴木孝志,202407020601
7,4,4,レーニス,牝2,54.0,秋山稔樹,1:23.4,6,8.9,5.0,422(-16),[西] 宮徹,202407020601
8,7,10,エニグマティーク,牝2,55.0,岩田望来,1:23.9,3,20.9,6.0,454(0),[西] 小崎憲,202407020601
9,7,11,キッシングセーラー,牝2,55.0,国分優作,1:23.9,アタマ,140.1,10.0,414(-10),[西] 緒方努,202407020601
10,8,13,ゼンダンタカ,牝2,54.0,角田大和,1:24.0,1/2,151.3,11.0,432(0),[西] 角田晃一,202407020601
11,4,5,エイユーサブリナ,牝2,55.0,藤懸貴志,1:24.0,アタマ,48.9,9.0,460(0),[西] 高橋義忠,202407020601
12,1,1,リップブリス,牝2,55.0,酒井学,1:24.4,2.1/2,187.7,12.0,410(-12),[西] 谷潔,202407020601
13,6,9,プリンセスカノヤ,牝2,51.0,河原田菜,1:25.0,3.1/2,312.8,13.0,360(-4),[西] 高橋義忠,202407020601
1,1,2,ダブルジャッジ,牡3,56.0,西塚洸二,1:54.0,,5.1,2.0,502(+2),[西] 笹田和秀,202407020602
2,8,16,メイショウオオコ,牡3,57.0,団野大成,1:54.6,3.1/2,7.2,3.0,470(-2),[西] 荒川義之,202407020602
3,4,7,ファセット,牝3,55.0,幸英明,1:54.6,ハナ,15.0,5.0,488(+2),[西] 斉藤崇史,202407020602
4,2,4,ワーキングアセット,牡3,57.0,岩田望来,1:55.1,3,2.0,1.0,472(0),[西] 吉村圭司,202407020602
5,2,3,トゥラッタッタ,牡3,56.0,小沢大仁,1:55.5,2,12.0,4.0,458(+4),[西] 石坂公一,202407020602
6,8,15,ユウトザキンパツ,牡3,57.0,小崎綾也,1:55.5,クビ,36.1,10.0,476(-2),[西] 小崎憲,202407020602
7,6,11,レイナドラーダ,牝3,52.0,吉村誠之,1:55.6,3/4,62.9,11.0,430(+10),[西] 高野友和,202407020602
8,5,10,メイショウアンゾフ,牡3,57.0,酒井学,1:55.7,1/2,94.8,12.0,444(-2),[西] 四位洋文,202407020602
9,3,5,シュムック,牡3,57.0,西村淳也,1:56.2,3,17.4,8.0,510(+10),[西] 千田輝彦,202407020602
10,5,9,トウカイリーゼ,牝3,55.0,亀田温心,1:56.3,クビ,463.1,16.0,384(-10),[西] 北出成人,202407020602
11,6,12,エールクイーン,牝3,54.0,秋山稔樹,1:56.5,1,310.4,14.0,468(-6),[西] 牧田和弥,202407020602
12,1,1,スティルザワン,牡3,54.0,鷲頭虎太,1:56.5,アタマ,153.7,13.0,448(+6),[西] 野中賢二,202407020602
13,7,13,メイショウライメイ,牡3,56.0,松本大輝,1:56.6,1/2,15.6,6.0,470(+4),[西] 本田優,202407020602
14,7,14,ヤマニントレモロ,牡3,54.0,柴田裕一,1:57.1,3,35.2,9.0,502(+2),[西] 茶木太樹,202407020602
15,4,8,リリーピンシャー,牡3,57.0,藤懸貴志,1:58.8,10,398.9,15.0,506(-2),[西] 平田修,202407020602
16,3,6,スカイイズユアーズ,牡3,56.0,角田大和,2:01.2,大,15.9,7.0,482(-6),[西] 飯田祐史,202407020602
1,2,4,アラナコア,牡3,56.0,小沢大仁,2:13.2,,11.3,5.0,492(+2),[西] 田中克典,202407020603
2,2,3,フォートポータル,セ3,57.0,川須栄彦,2:13.3,1/2,77.0,13.0,450(-6),[西] 吉岡辰弥,202407020603
3,8,18,オメガナビゲーター,セ3,57.0,岩田望来,2:13.4,3/4,57.4,11.0,488(+8),[西] 安田翔伍,202407020603
4,3,5,ナリタセレーノ,牝3,51.0,河原田菜,2:13.6,1.1/2,28.3,8.0,380(0),[西] 宮本博,202407020603
5,4,7,スターズウィーク,牡3,57.0,高倉稜,2:13.7,クビ,45.6,10.0,490(0),[西] 武英智,202407020603
6,3,6,ショウナンダダン,牡3,57.0,池添謙一,2:13.7,アタマ,45.4,9.0,490(+8),[西] 清水久詞,202407020603
7,6,12,ベルノレイズ,牡3,57.0,鮫島克駿,2:13.7,ハナ,6.9,3.0,500(+6),[西] 小林真也,202407020603
8,1,2,メイショウカイコン,牡3,57.0,団野大成,2:13.9,1.1/4,10.9,4.0,502(-4),[西] 千田輝彦,202407020603
9,8,16,ブラックルチル,牡3,54.0,吉村誠之,2:14.0,クビ,4.8,2.0,494(+10),[西] 池江泰寿,202407020603
10,7,13,プレカーサー,牡3,57.0,国分優作,2:14.0,ハナ,452.5,18.0,522(-5),[西] 渡辺薫彦,202407020603
11,4,8,テイクザクラウン,牡3,57.0,Ｍ．デム,2:14.2,1.1/4,2.1,1.0,440(+8),[西] 吉村圭司,202407020603
12,8,17,ダノンウィルヘルム,牡3,57.0,菱田裕二,2:14.2,クビ,68.7,12.0,492(+6),[西] 池江泰寿,202407020603
13,1,1,アクイローネ,牡3,57.0,幸英明,2:14.3,1/2,16.2,6.0,424(+4),[西] 北出成人,202407020603
14,6,11,チャンドラ,牡3,56.0,西塚洸二,2:14.6,1.3/4,26.5,7.0,448(+4),[西] 藤原英昭,202407020603
15,5,9,スリーモーメント,牡3,56.0,秋山稔樹,2:14.6,クビ,84.0,14.0,440(0),[西] 高橋義忠,202407020603
16,7,14,ナムラスカー,牡3,57.0,小崎綾也,2:14.7,1/2,89.0,15.0,486(-2),[西] 高橋一哉,202407020603
17,5,10,マイネルアットーレ,牡3,56.0,角田大和,2:16.1,8,162.8,17.0,454(-8),[西] 清水久詞,202407020603
18,7,15,オンザプラネット,牡3,57.0,酒井学,2:16.2,3/4,141.1,16.0,488(-10),[西] 佐々木晶,202407020603
1,5,9,サーナーティオン,牡3,57.0,鮫島克駿,1:20.6,,3.7,2.0,486(-8),[西] 藤岡健一,202407020604
2,4,8,エリカマルゲリータ,牝3,55.0,岩田望来,1:20.9,1.3/4,2.6,1.0,472(+6),[西] 安田翔伍,202407020604
3,7,14,レッドエヴァンス,牡3,57.0,団野大成,1:21.2,2,3.7,3.0,490(+8),[西] 音無秀孝,202407020604
4,6,11,リーゼダムール,牝3,55.0,国分優作,1:21.5,1.3/4,70.6,11.0,408(+4),[西] 辻野泰之,202407020604
5,2,4,デヴォート,牝3,54.0,西塚洸二,1:21.6,1/2,39.4,9.0,432(-2),[西] 橋口慎介,202407020604
6,3,5,カワ,牝3,55.0,菱田裕二,1:21.6,クビ,39.1,8.0,450(+10),[西] 武幸四郎,202407020604
7,1,2,テーオーロバート,牡3,56.0,小沢大仁,1:21.6,アタマ,14.7,4.0,422(-10),[西] 奥村豊,202407020604
8,1,1,アンクローシュ,牝3,55.0,西村淳也,1:21.8,3/4,14.8,5.0,422(+12),[西] 小椋研介,202407020604
9,8,16,シノノメ,牝3,55.0,Ｍ．デム,1:21.9,3/4,38.0,7.0,438(0),[西] 大久保龍,202407020604
10,7,13,ニシノミニョンヌ,牝3,55.0,幸英明,1:22.1,1.1/2,80.6,13.0,400(+8),[西] 宮本博,202407020604
11,3,6,サインオブハピネス,牝3,54.0,泉谷楓真,1:22.2,クビ,339.7,17.0,400(+2),[西] 小栗実,202407020604
12,4,7,アキノサザン,牡3,57.0,鮫島良太,1:22.3,1,72.1,12.0,488(-2),[西] 河嶋宏樹,202407020604
13,5,10,アスセナ,牝3,55.0,川須栄彦,1:22.4,1/2,57.7,10.0,480(+4),[西] 牧田和弥,202407020604
14,8,15,ジーティーウルス,牡3,54.0,鷲頭虎太,1:22.4,ハナ,265.5,14.0,474(-4),[西] 森田直行,202407020604
15,8,17,ベイステート,牡3,54.0,吉村誠之,1:23.0,3.1/2,18.1,6.0,498(+4),[西] 清水久詞,202407020604
16,6,12,エザルターレ,牝3,54.0,角田大和,1:23.1,クビ,291.2,15.0,414(-8),[西] 角田晃一,202407020604
17,2,3,メイショウアユカゼ,牝3,51.0,河原田菜,1:23.6,3.1/2,303.8,16.0,382(+10),[西] 荒川義之,202407020604
1,7,8,クラウディアイ,牡2,55.0,西村淳也,2:02.6,,3.8,2.0,416(0),[西] 橋口慎介,202407020605
2,8,10,サトノクローザー,牡2,55.0,Ｍ．デム,2:02.9,1.3/4,3.9,3.0,518(0),[西] 友道康夫,202407020605
3,8,9,ロカヒ,牡2,55.0,酒井学,2:03.3,2,3.5,1.0,460(0),[西] 飯田祐史,202407020605
4,5,5,ノボリディアマン,牡2,55.0,幸英明,2:03.5,1.1/2,14.7,6.0,438(0),[西] 緒方努,202407020605
5,6,6,アイルランズコール,牡2,55.0,鮫島克駿,2:04.3,5,15.5,7.0,488(0),[西] 吉岡辰弥,202407020605
6,7,7,サンライズフーガ,牡2,55.0,菱田裕二,2:04.4,3/4,68.2,9.0,454(0),[西] 河内洋,202407020605
7,3,3,トルストイ,牡2,55.0,団野大成,2:04.6,1.1/4,8.4,5.0,508(0),[西] 杉山晴紀,202407020605
8,2,2,ルセルマンダムール,牡2,55.0,池添謙一,2:05.1,3,7.9,4.0,466(0),[西] 松永幹夫,202407020605
9,4,4,ノーザトゥルース,牝2,52.0,柴田裕一,2:05.3,1,90.3,10.0,456(0),[西] 村山明,202407020605
10,1,1,インディゴアスール,牡2,55.0,国分恭介,2:05.3,クビ,18.5,8.0,504(0),[西] 鈴木孝志,202407020605
1,5,9,ブループリマドンナ,牝3,53.0,酒井学,1:24.9,,13.1,6.0,472(+14),[西] 小林真也,202407020606
2,8,15,タガノミスト,牝3,50.0,鷲頭虎太,1:24.9,クビ,3.6,1.0,468(+6),[西] 庄野靖志,202407020606
3,2,3,ライズンシャイン,牝6,53.0,柴田裕一,1:25.1,1.1/4,69.5,13.0,514(+18),[西] 岡田稲男,202407020606
4,7,13,ルージュシェノン,牝5,56.0,鮫島克駿,1:25.4,1.3/4,12.5,5.0,460(+10),[西] 石坂公一,202407020606
5,7,14,キスオンザチーク,牝4,56.0,小崎綾也,1:25.5,クビ,40.8,11.0,504(-5),[西] 小崎憲,202407020606
6,4,7,チアフルヴォイス,牝3,53.0,菱田裕二,1:25.8,2,93.4,14.0,446(-2),[西] 坂口智康,202407020606
7,2,4,セットリスト,牝5,56.0,Ｍ．デム,1:25.9,1/2,7.6,4.0,500(+2),[西] 畑端省吾,202407020606
8,3,6,クインズセレネ,牝3,53.0,岩田望来,1:26.1,1.1/2,28.0,9.0,476(+12),[西] 野中賢二,202407020606
9,6,11,ファイアネイド,牝4,53.0,吉村誠之,1:26.2,3/4,6.4,3.0,478(+4),[西] 安田翔伍,202407020606
10,4,8,シャウラ,牝4,56.0,団野大成,1:26.3,クビ,48.0,12.0,462(-4),[西] 高橋義忠,202407020606
11,6,12,セイウンデセオ,牝3,53.0,幸英明,1:26.8,3,14.2,7.0,476(+6),[西] 吉村圭司,202407020606
12,5,10,デアデルマーレ,牝4,56.0,長岡禎仁,1:27.0,1.1/2,28.7,10.0,482(-6),[西] 坂口智康,202407020606
13,3,5,スマートジェイナ,牝4,52.0,河原田菜,1:27.5,3,3.7,2.0,446(+2),[西] 大久保龍,202407020606
14,8,16,ディーノサンライズ,牝3,52.0,西塚洸二,1:27.7,1.1/4,287.3,15.0,438(-6),[西] 高橋康之,202407020606
15,1,2,ジョウゲンノツキ,牝3,53.0,西村淳也,1:28.6,5,20.9,8.0,460(+24),[西] 牧田和弥,202407020606
取,1,1,フォルテローザ,牝3,53.0,池添謙一,,,---,,計不,[西] 斉藤崇史,202407020606
1,8,13,カズタンジャー,牡3,55.0,西村淳也,1:59.6,,4.8,2.0,492(+4),[西] 新谷功一,202407020607
2,6,9,アスクデビューモア,牡3,54.0,小沢大仁,1:59.9,1.3/4,5.7,4.0,468(+4),[西] 福永祐一,202407020607
3,7,12,ジョータルマエ,セ4,58.0,鮫島良太,2:00.0,3/4,5.5,3.0,488(+4),[西] 河嶋宏樹,202407020607
4,8,14,マサハヤウォルズ,牡4,54.0,河原田菜,2:00.7,4,18.8,8.0,462(-12),[西] 今野貞一,202407020607
5,4,6,ディズレーリ,セ4,58.0,菱田裕二,2:01.1,2.1/2,16.0,6.0,506(+2),[東] 池上昌和,202407020607
6,5,8,ルシュヴァルドール,牡3,55.0,岩田望来,2:01.2,3/4,2.8,1.0,534(-12),[西] 矢作芳人,202407020607
7,4,5,レジェンドシップ,セ4,58.0,Ｍ．デム,2:01.3,3/4,21.0,9.0,436(-2),[西] 奥村豊,202407020607
8,5,7,ウィンターガーデン,牝3,50.0,吉村誠之,2:01.5,3/4,17.7,7.0,478(+12),[西] 武幸四郎,202407020607
9,6,10,オープンワンセルフ,牡3,55.0,鮫島克駿,2:02.4,5,10.4,5.0,498(+8),[西] 小栗実,202407020607
10,3,3,マテンロウミラクル,牡3,52.0,柴田裕一,2:02.8,2.1/2,125.3,11.0,500(-4),[西] 佐々木晶,202407020607
11,3,4,メイショウマツリ,牡3,55.0,太宰啓介,2:03.1,1.3/4,89.8,10.0,494(-2),[西] 松永幹夫,202407020607
12,1,1,ショウナンサルヴォ,牡6,55.0,鷲頭虎太,2:04.2,7,168.7,12.0,510(-6),[東] 西田雄一,202407020607
13,7,11,ユウトザアシゲ,牡3,55.0,国分優作,2:05.6,8,428.1,14.0,492(-18),[西] 藤沢則雄,202407020607
14,2,2,オックスブラッド,牝3,50.0,橋木太希,2:06.5,5,228.2,13.0,508(-4),[西] 西園翔太,202407020607
1,7,14,ハワイアンティアレ,牝3,53.0,Ｍ．デム,1:33.3,,4.0,2.0,428(+8),[西] 松永幹夫,202407020608
2,2,4,バレルターン,牡3,55.0,西村淳也,1:33.4,1,3.5,1.0,476(-6),[西] 茶木太樹,202407020608
3,3,6,ダイヤモンドハンズ,牡4,58.0,鮫島克駿,1:33.4,アタマ,4.7,3.0,518(+12),[西] 池江泰寿,202407020608
4,6,12,エガオニナッテ,牝3,52.0,秋山稔樹,1:33.9,3,187.8,13.0,448(+8),[西] 高橋康之,202407020608
5,5,9,レオンバローズ,牡5,58.0,岩田望来,1:34.0,1,15.1,6.0,472(+2),[西] 渡辺薫彦,202407020608
6,5,10,サンライズプルート,牡4,54.0,河原田菜,1:34.6,3.1/2,17.0,7.0,480(+12),[西] 音無秀孝,202407020608
7,4,7,ゴーマックス,セ4,58.0,団野大成,1:34.6,クビ,31.9,8.0,488(-4),[西] 武幸四郎,202407020608
8,3,5,モアニ,牝3,52.0,小沢大仁,1:34.7,クビ,6.9,4.0,462(+10),[西] 高橋康之,202407020608
9,8,15,テクノデザイン,牝4,53.0,鷲頭虎太,1:34.8,1/2,96.0,10.0,432(0),[西] 千田輝彦,202407020608
10,4,8,ポルトドール,牡4,58.0,幸英明,1:34.8,ハナ,127.6,12.0,454(-4),[西] 小栗実,202407020608
11,1,2,ウインステファノス,牡3,55.0,長岡禎仁,1:35.0,1,113.4,11.0,494(-6),[西] 西園正都,202407020608
12,8,16,ニックオブタイム,牡3,55.0,中井裕二,1:35.1,1/2,6.9,5.0,472(-10),[西] 中内田充,202407020608
13,7,13,ジュントネフ,牡3,52.0,吉村誠之,1:35.4,2,33.9,9.0,506(-2),[西] 清水久詞,202407020608
14,6,11,クヴェレ,牡3,55.0,菱田裕二,1:35.6,1.1/4,338.3,14.0,448(-5),[西] 鈴木孝志,202407020608
15,2,3,ツェルニー,牝3,50.0,柴田裕一,1:36.6,6,369.8,15.0,436(-2),[西] 坂口智康,202407020608
取,1,1,リアライズ,牡4,58.0,太宰啓介,,,---,,計不,[西] 石橋守,202407020608
1,8,15,カズペトシーン,牡4,58.0,鮫島克駿,1:52.2,,5.9,3.0,488(+4),[西] 池添学,202407020609
2,5,10,ポッドロゴ,牡3,55.0,西村淳也,1:53.2,6,1.9,1.0,470(+4),[西] 西園正都,202407020609
3,6,11,ダディーズトリップ,牡8,58.0,幸英明,1:53.3,1/2,76.4,13.0,462(-6),[西] 千田輝彦,202407020609
4,4,7,サンライズゴラッソ,牡6,58.0,菱田裕二,1:53.5,1.1/2,25.6,5.0,502(0),[西] 河内洋,202407020609
5,3,5,ワンダフルトゥデイ,牡5,58.0,水口優也,1:53.6,1/2,41.6,8.0,528(-2),[西] 中尾秀正,202407020609
6,7,14,ムジェロ,牡4,58.0,角田大和,1:53.8,1,3.5,2.0,504(+4),[西] 藤原英昭,202407020609
7,7,13,レッドベルアーム,牡5,58.0,小崎綾也,1:53.8,クビ,32.1,6.0,514(-10),[西] 藤原英昭,202407020609
8,5,9,プレイサーゴールド,牡4,58.0,小沢大仁,1:54.0,1.1/4,57.2,11.0,492(0),[西] 今野貞一,202407020609
9,4,8,タッチャブル,牡4,58.0,団野大成,1:54.2,1,36.1,7.0,510(-8),[西] 中村直也,202407020609
10,1,2,プラチナドリーム,牡5,58.0,Ｍ．デム,1:54.5,1.1/2,64.1,12.0,470(+2),[西] 平田修,202407020609
11,6,12,ディヴァージオン,牝4,56.0,池添謙一,1:55.2,4,55.4,10.0,444(-4),[西] 藤岡健一,202407020609
12,2,3,ハイラブハンター,牡6,58.0,柴田裕一,1:55.5,1.1/2,426.8,16.0,492(+2),[西] 谷潔,202407020609
13,1,1,コウユーパパニニテ,牡5,58.0,吉村誠之,1:55.6,1/2,302.0,15.0,528(+2),[東] 辻哲英,202407020609
14,3,6,インテンスフレイム,牡6,58.0,岩田望来,1:55.8,1,16.2,4.0,526(+10),[西] 千田輝彦,202407020609
15,2,4,エンプレスペイ,牝4,56.0,国分優作,1:55.8,アタマ,125.3,14.0,450(-2),[西] 小栗実,202407020609
16,8,16,グレン,牡4,58.0,西塚洸二,1:56.2,2.1/2,45.1,9.0,494(+4),[西] 野中賢二,202407020609
1,6,6,チルカーノ,牝3,53.0,西村淳也,1:59.2,,5.0,3.0,456(+4),[西] 高野友和,202407020610
2,3,3,イトカワサクラ,牝4,56.0,国分恭介,1:59.3,3/4,6.8,4.0,466(+18),[西] 牧田和弥,202407020610
3,1,1,マンデヴィラ,牝4,56.0,小崎綾也,1:59.5,1.1/2,13.7,5.0,438(+6),[西] 福永祐一,202407020610
4,5,5,カンティプール,牝5,56.0,岩田望来,2:00.2,4,1.8,1.0,488(0),[西] 渡辺薫彦,202407020610
5,4,4,メルトユアハート,牝3,53.0,鮫島克駿,2:00.5,2,3.7,2.0,492(-2),[西] 長谷川浩,202407020610
6,2,2,コイニョウボウ,牝4,56.0,幸英明,2:00.6,クビ,34.3,6.0,418(+2),[西] 中尾秀正,202407020610
7,7,7,アイタカ,牝3,53.0,角田大和,2:01.9,8,148.2,7.0,408(0),[西] 谷潔,202407020610
1,7,10,バハルダール,牡5,57.0,水口優也,1:51.6,,15.4,6.0,500(-18),[西] 池江泰寿,202407020611
2,6,9,リチュアル,セ5,57.0,団野大成,1:51.6,アタマ,5.1,2.0,516(0),[西] 田中克典,202407020611
3,8,12,サンデーファンデー,牡4,57.0,池添謙一,1:51.6,ハナ,21.8,8.0,508(-16),[西] 音無秀孝,202407020611
4,5,6,ザイツィンガー,牡8,57.0,国分恭介,1:51.7,クビ,51.2,11.0,430(-8),[西] 牧田和弥,202407020611
5,2,2,トウセツ,牡5,57.0,Ｍ．デム,1:51.8,1/2,6.5,3.0,482(-12),[西] 杉山佳明,202407020611
6,1,1,メイショウユズルハ,牡5,57.0,菱田裕二,1:52.2,2.1/2,32.7,10.0,488(+4),[西] 岡田稲男,202407020611
7,3,3,ブライアンセンス,牡4,57.0,岩田望来,1:52.6,2,2.3,1.0,522(+8),[東] 斎藤誠,202407020611
8,4,5,タイセイドレフォン,牡5,58.0,幸英明,1:52.9,2,7.5,4.0,504(+2),[西] 西村真幸,202407020611
9,7,11,サンマルレジェンド,牡6,57.0,酒井学,1:54.3,8,27.3,9.0,482(+4),[西] 大橋勇樹,202407020611
10,5,7,ハギノアトラス,セ8,57.0,小沢大仁,1:54.4,1/2,87.0,12.0,478(0),[西] 鮫島一歩,202407020611
11,6,8,ロードヴァレンチ,セ5,57.0,川須栄彦,1:56.0,10,15.0,5.0,490(-8),[東] 中舘英二,202407020611
12,8,13,メイショウドヒョウ,牡7,57.0,太宰啓介,1:57.4,9,103.4,13.0,492(-8),[西] 西園正都,202407020611
13,4,4,テーオーサンドニ,牡5,57.0,鮫島克駿,2:03.7,大,16.0,7.0,472(0),[西] 高柳大輔,202407020611
1,5,8,スターターン,牡3,56.0,幸英明,1:11.6,,1.6,1.0,478(+14),[西] 坂口智康,202407020612
2,5,9,ライジン,牡4,58.0,岩田望来,1:12.0,2,17.5,5.0,492(-4),[西] 池添学,202407020612
3,6,10,ボブズヤアンクル,セ5,58.0,菱田裕二,1:12.2,1.1/2,42.6,8.0,536(-8),[西] 大久保龍,202407020612
4,7,12,ワークソング,牡3,56.0,西村淳也,1:12.3,クビ,64.3,10.0,484(0),[西] 牧浦充徳,202407020612
5,8,14,ラブコメディ,牝3,54.0,鮫島克駿,1:12.5,1.1/2,8.6,3.0,446(-6),[西] 寺島良,202407020612
6,4,7,モンシェリ,牝3,51.0,吉村誠之,1:12.6,クビ,41.7,7.0,452(+2),[西] 牧田和弥,202407020612
7,4,6,エブライト,牝3,54.0,長岡禎仁,1:12.6,クビ,132.1,14.0,476(+2),[西] 橋口慎介,202407020612
8,7,13,マルモリキング,牡4,57.0,泉谷楓真,1:12.9,1.3/4,48.0,9.0,532(-2),[西] 大橋勇樹,202407020612
9,3,4,ハイクライテリア,セ4,58.0,国分優作,1:13.0,クビ,191.1,15.0,454(-14),[西] 羽月友彦,202407020612
10,6,11,ロードドミニオン,セ7,57.0,小沢大仁,1:13.0,クビ,80.9,11.0,434(0),[西] 畑端省吾,202407020612
11,3,5,ジェネラーレ,牡3,56.0,団野大成,1:13.1,3/4,9.1,4.0,472(0),[西] 野中賢二,202407020612
12,2,2,ウエスタンシーズン,牡3,53.0,橋木太希,1:13.1,アタマ,93.0,12.0,542(-4),[西] 西園正都,202407020612
13,2,3,アメリカンチケット,牡3,55.0,西塚洸二,1:13.2,1/2,5.2,2.0,500(+4),[西] 藤原英昭,202407020612
14,1,1,レイム,牝3,51.0,柴田裕一,1:13.9,4,100.9,13.0,448(+4),[西] 高橋康之,202407020612
15,8,15,ストライクオン,牡3,55.0,角田大和,1:14.6,4,39.1,6.0,468(+2),[西] 角田晃一,202407020612
1,4,4,ロードラビリンス,牡2,54.0,西塚洸二,1:54.1,,7.4,4.0,474(+4),[西] 松下武士,202407020701
2,8,11,イサナ,牡2,55.0,松山弘平,1:54.5,2.1/2,2.2,1.0,510(-4),[西] 橋口慎介,202407020701
3,1,1,ダノンフェルゼン,牡2,55.0,坂井瑠星,1:54.9,2.1/2,6.3,3.0,480(0),[西] 音無秀孝,202407020701
4,7,9,タイセイアビリティ,牡2,52.0,吉村誠之,1:55.4,3,14.0,6.0,472(-4),[西] 小林真也,202407020701
5,8,10,ブライトイメル,牡2,55.0,幸英明,1:55.9,3,4.6,2.0,424(-2),[西] 本田優,202407020701
6,2,2,ゴルティス,牝2,55.0,藤懸貴志,1:56.2,1.3/4,29.8,8.0,450(+4),[西] 藤野健太,202407020701
7,3,3,パワーストーン,牝2,52.0,柴田裕一,1:56.5,1.1/2,70.6,10.0,464(+2),[西] 中竹和也,202407020701
8,5,5,ソードナイト,牡2,55.0,岩田望来,1:56.7,1.1/2,9.3,5.0,480(0),[西] 中村直也,202407020701
9,7,8,ディクシャ,牡2,55.0,酒井学,1:57.0,1.1/2,28.6,7.0,476(+14),[西] 西村真幸,202407020701
10,6,7,ヒカルノキミ,牡2,55.0,森裕太朗,1:57.1,1/2,243.0,11.0,458(-2),[西] 牧田和弥,202407020701
11,6,6,テーオーシュタルク,牡2,54.0,小沢大仁,1:57.3,1,36.6,9.0,470(-4),[西] 岡田稲男,202407020701
1,5,5,カロローザ,牝2,55.0,坂井瑠星,1:22.9,,1.4,1.0,468(0),[西] 松永幹夫,202407020702
2,8,9,カルミアクラウン,牝2,55.0,川田将雅,1:23.9,6,3.8,2.0,440(-4),[西] 吉岡辰弥,202407020702
3,6,6,ゼンダンスバシリ,牡2,55.0,酒井学,1:23.9,クビ,28.1,6.0,444(-2),[西] 河嶋宏樹,202407020702
4,4,4,シンゼンカガ,牡2,54.0,角田大和,1:24.0,クビ,14.9,4.0,430(-4),[西] 荒川義之,202407020702
5,7,7,レディエンス,牝2,54.0,西塚洸二,1:24.1,1,35.2,7.0,442(-6),[西] 藤野健太,202407020702
6,3,3,サンライズブレイク,牡2,55.0,幸英明,1:25.1,6,12.8,3.0,480(-14),[西] 浜田多実,202407020702
7,1,1,スパイスマン,牡2,52.0,吉村誠之,1:25.2,1,126.0,8.0,422(0),[西] 西村真幸,202407020702
8,8,8,コスモエンエン,牡2,53.0,永島まな,1:25.3,クビ,15.7,5.0,462(+2),[西] 西園正都,202407020702
取,2,2,マイネルチケット,牡2,55.0,和田竜二,,,---,,計不,[西] 宮徹,202407020702
1,4,7,ブライトルピナス,牝3,52.0,吉村誠之,1:11.0,,8.2,4.0,470(+4),[西] 杉山晴紀,202407020703
2,8,15,エピファドール,牝3,55.0,坂井瑠星,1:11.6,4,3.2,1.0,468(+4),[西] 石橋守,202407020703
3,5,9,ドゥータップ,牡3,56.0,西塚洸二,1:11.7,クビ,4.3,2.0,498(-2),[西] 藤原英昭,202407020703
4,3,5,ファストフライト,牝3,55.0,国分恭介,1:12.0,1.3/4,26.1,9.0,490(0),[西] 宮本博,202407020703
5,2,4,デビルシズカチャン,牝3,55.0,西村淳也,1:12.2,1.1/2,58.3,11.0,472(0),[西] 武幸四郎,202407020703
6,7,14,ウインオーブ,牡3,57.0,幸英明,1:12.2,ハナ,6.5,3.0,444(+2),[西] 宮本博,202407020703
7,7,13,シンパティカ,牝3,55.0,太宰啓介,1:12.3,クビ,178.0,15.0,402(-8),[西] 昆貢,202407020703
8,1,1,メイショウロージー,牝3,54.0,泉谷楓真,1:12.3,クビ,18.8,8.0,428(-2),[西] 石橋守,202407020703
9,1,2,ナナン,牡3,54.0,鷲頭虎太,1:12.8,3,44.8,10.0,468(-6),[西] 石橋守,202407020703
10,6,11,ジャイサルメール,牡3,54.0,柴田裕一,1:12.8,クビ,135.7,12.0,482(0),[西] 佐々木晶,202407020703
11,2,3,アクロスザシーズ,牝3,55.0,岩田望来,1:12.9,クビ,16.2,7.0,426(+6),[西] 牧浦充徳,202407020703
12,6,12,タイヘイノヨ,セ3,56.0,小沢大仁,1:13.0,1,9.2,5.0,508(-6),[西] 庄野靖志,202407020703
13,3,6,ゲーベル,牡3,57.0,団野大成,1:13.1,1/2,9.4,6.0,508(+4),[西] 渡辺薫彦,202407020703
14,4,8,オラクル,牝3,55.0,長岡禎仁,1:14.9,大,421.3,16.0,436(+8),[西] 吉村圭司,202407020703
15,5,10,ドナドナ,牝3,51.0,河原田菜,1:15.6,4,168.7,14.0,404(-4),[西] 小崎憲,202407020703
16,8,16,ジュンフィレンツェ,牡3,57.0,亀田温心,1:15.8,1,156.8,13.0,500(-4),[西] 清水久詞,202407020703
1,5,10,レッドエヴァンス,牡3,57.0,団野大成,1:23.0,,4.9,2.0,486(-4),[西] 音無秀孝,202407020704
2,4,8,ショウナンマリン,牝3,52.0,橋木太希,1:23.1,クビ,17.9,7.0,446(-2),[西] 西園正都,202407020704
3,8,16,アーニャワクワク,牝3,52.0,鷲頭虎太,1:23.6,3,149.8,16.0,424(-4),[西] 藤沢則雄,202407020704
4,2,3,ハギノインスパイア,牝3,55.0,岩田望来,1:23.7,1/2,8.5,5.0,434(+2),[西] 寺島良,202407020704
5,3,5,ディーエストッキー,牡3,57.0,松山弘平,1:23.7,ハナ,5.0,3.0,452(+4),[西] 橋口慎介,202407020704
6,2,4,ヒルノセビリア,牝3,55.0,太宰啓介,1:24.0,2,90.1,13.0,446(0),[西] 昆貢,202407020704
7,4,7,ルージュレイナス,牝3,53.0,永島まな,1:24.0,クビ,6.7,4.0,474(-2),[西] 橋口慎介,202407020704
8,1,2,スマートレイヴ,牝3,54.0,角田大和,1:24.1,クビ,91.5,14.0,422(+4),[西] 笹田和秀,202407020704
9,8,18,エコロアモーレ,牝3,55.0,国分恭介,1:24.2,3/4,32.6,9.0,460(+4),[西] 牧浦充徳,202407020704
10,5,9,メイショウソニック,牡3,57.0,西村淳也,1:24.4,1,3.4,1.0,462(0),[西] 石橋守,202407020704
11,3,6,センチュリクィーン,牝3,55.0,幸英明,1:24.7,2,197.6,18.0,446(-2),[西] 庄野靖志,202407020704
12,7,15,デヴォート,牝3,54.0,西塚洸二,1:25.0,1.3/4,87.6,12.0,432(0),[西] 橋口慎介,202407020704
13,6,11,リプレット,牝3,54.0,小沢大仁,1:25.1,クビ,53.8,11.0,400(0),[西] 飯田祐史,202407020704
14,7,14,エルミラージュ,セ3,54.0,吉村誠之,1:25.2,1,36.2,10.0,472(-4),[西] 池江泰寿,202407020704
15,1,1,テーオーサファイア,牝3,51.0,河原田菜,1:25.5,1.3/4,30.3,8.0,434(+2),[西] 宮徹,202407020704
16,6,12,ソルトロック,牝3,52.0,柴田裕一,1:25.9,2,15.3,6.0,440(-6),[西] 四位洋文,202407020704
17,7,13,ミエノソニック,牡3,57.0,長岡禎仁,1:25.9,クビ,170.4,17.0,444(-5),[西] 高橋亮,202407020704
18,8,17,ハヤブサソンタクン,牡3,57.0,藤懸貴志,1:26.5,3.1/2,95.9,15.0,450(+6),[西] 寺島良,202407020704
1,3,3,カレンラップスター,牡2,55.0,松山弘平,2:08.7,,9.9,6.0,498(0),[西] 小林真也,202407020705
2,8,8,サンライズグラシア,牡2,55.0,坂井瑠星,2:09.0,2,4.0,2.0,472(0),[西] 矢作芳人,202407020705
3,1,1,ヤマトマンタル,牡2,55.0,国分恭介,2:09.1,クビ,5.8,4.0,440(0),[西] 安達昭夫,202407020705
4,2,2,ホウオウアーネスト,牡2,55.0,岩田望来,2:09.4,1.3/4,7.6,5.0,498(0),[西] 安田翔伍,202407020705
5,6,6,サーリアル,牝2,55.0,幸英明,2:09.4,アタマ,11.8,7.0,402(0),[西] 宮徹,202407020705
6,5,5,サマーナイト,牡2,55.0,和田竜二,2:09.5,1,3.1,1.0,498(0),[西] 寺島良,202407020705
7,7,7,ノボリユーミン,牝2,55.0,西村淳也,2:10.4,5,5.2,3.0,478(0),[西] 石橋守,202407020705
8,4,4,ハッピールンナ,牝2,55.0,国分優作,2:11.3,5,120.1,8.0,474(0),[西] 大根田裕,202407020705
1,7,13,ハリーケーン,牡2,55.0,水口優也,1:27.0,,8.4,5.0,494(0),[西] 大根田裕,202407020706
2,2,4,トラヴェリンバンド,牡2,55.0,岩田望来,1:27.5,3,3.5,1.0,470(0),[西] 西村真幸,202407020706
3,8,16,ヤマニンシュラ,牡2,55.0,団野大成,1:27.7,1.1/4,7.1,4.0,464(0),[西] 斉藤崇史,202407020706
4,5,9,ボールドハーテッド,牡2,55.0,和田竜二,1:28.0,2,15.6,7.0,446(0),[西] 鈴木孝志,202407020706
5,4,7,タケルハーロック,牡2,55.0,松山弘平,1:28.1,クビ,5.3,3.0,490(0),[西] 高柳大輔,202407020706
6,1,1,ブルックリンダンス,牡2,55.0,亀田温心,1:28.1,クビ,21.3,8.0,488(0),[西] 田中克典,202407020706
7,5,10,ランワールドワン,牡2,55.0,国分優作,1:28.7,3.1/2,94.8,15.0,470(0),[西] 中尾秀正,202407020706
8,2,3,ケングロリア,牝2,53.0,永島まな,1:29.0,2,72.1,12.0,460(0),[西] 高橋康之,202407020706
9,6,12,ヤングアメリカンズ,牡2,54.0,角田大和,1:29.1,1/2,35.5,9.0,490(0),[西] 奥村豊,202407020706
10,6,11,ディープボウ,牝2,55.0,中井裕二,1:29.8,4,53.0,10.0,460(0),[西] 庄野靖志,202407020706
11,1,2,ユウトザユウト,牡2,55.0,川田将雅,1:30.0,3/4,4.5,2.0,484(0),[西] 小崎憲,202407020706
12,7,14,ソイジャガー,牝2,55.0,川須栄彦,1:30.1,3/4,84.1,14.0,456(0),[西] 中尾秀正,202407020706
13,8,15,トモジャー,牡2,52.0,吉村誠之,1:30.1,アタマ,81.9,13.0,488(0),[東] 小笠倫弘,202407020706
14,3,6,ホワイトアッシュ,牡2,55.0,酒井学,1:30.2,クビ,66.2,11.0,470(0),[西] 庄野靖志,202407020706
15,3,5,テイエムダイタカ,牡2,55.0,高倉稜,1:31.1,5,196.2,16.0,446(0),[西] 木原一良,202407020706
16,4,8,ミユンガー,牡2,55.0,幸英明,1:31.5,2.1/2,13.9,6.0,470(0),[西] 岡田稲男,202407020706
1,8,15,マルモア,牝3,55.0,Ｍ．デム,1:39.9,,11.6,7.0,416(-4),[西] 松永幹夫,202407020707
2,3,6,エリカマルゲリータ,牝3,55.0,岩田望来,1:40.0,3/4,5.9,2.0,470(-2),[西] 安田翔伍,202407020707
3,1,1,フリーダムレイン,牡3,57.0,坂井瑠星,1:40.2,1,31.5,8.0,470(-2),[西] 友道康夫,202407020707
4,5,10,ベルファスト,牝3,51.0,河原田菜,1:40.2,クビ,6.1,3.0,488(+4),[西] 今野貞一,202407020707
5,1,2,レッドレクス,牡3,57.0,松山弘平,1:40.3,クビ,7.7,4.0,464(-6),[西] 藤原英昭,202407020707
6,4,7,グランパリッシュ,牝3,54.0,泉谷楓真,1:40.3,クビ,109.3,13.0,436(+2),[西] 杉山晴紀,202407020707
7,8,16,ロストシークレット,牡3,57.0,川田将雅,1:40.4,1/2,2.4,1.0,454(-2),[西] 中内田充,202407020707
8,6,12,サウンドガネーシャ,牡3,56.0,小沢大仁,1:40.5,1/2,107.2,12.0,490(0),[西] 安達昭夫,202407020707
9,2,3,テイケイモハラ,牝3,55.0,幸英明,1:40.6,クビ,11.2,6.0,442(-4),[西] 大橋勇樹,202407020707
10,7,13,ダノンモンブラン,牡3,56.0,角田大和,1:41.0,2.1/2,58.0,9.0,478(-4),[西] 中内田充,202407020707
11,7,14,サンブノワ,牡3,57.0,団野大成,1:41.3,1.3/4,67.1,10.0,502(-2),[西] 斉藤崇史,202407020707
12,5,9,ウィッシングスター,牝3,55.0,西村淳也,1:41.7,2.1/2,9.7,5.0,496(+4),[西] 松下武士,202407020707
13,3,5,ピースフルワールド,牝3,52.0,吉村誠之,1:42.3,3.1/2,284.9,15.0,440(+10),[西] 吉村圭司,202407020707
14,6,11,ワイマング,セ3,57.0,水口優也,1:43.4,7,71.3,11.0,474(+6),[西] 池江泰寿,202407020707
15,4,8,ヤマニンエジェリー,牝3,55.0,藤懸貴志,1:43.6,1.1/4,127.9,14.0,514(-4),[西] 中村直也,202407020707
16,2,4,カフジレニウム,牝3,55.0,国分優作,1:43.9,1.3/4,407.8,16.0,400(0),[西] 森田直行,202407020707
1,6,6,チカミリオン,牝3,53.0,川田将雅,1:53.4,,1.7,1.0,482(0),[西] 大久保龍,202407020708
2,8,8,アルムエアフォルク,牝4,56.0,和田竜二,1:53.5,3/4,20.2,4.0,476(+2),[西] 平田修,202407020708
3,2,2,メイショウホタルビ,牝6,56.0,幸英明,1:53.9,2.1/2,29.1,7.0,446(-2),[西] 大橋勇樹,202407020708
4,3,3,ユキカゼ,牝3,52.0,小沢大仁,1:54.3,2.1/2,73.0,9.0,452(-2),[西] 小崎憲,202407020708
5,7,7,リエータメンテ,牝3,52.0,西塚洸二,1:54.4,3/4,23.5,6.0,472(-2),[西] 藤原英昭,202407020708
6,5,5,ゴーダンシング,牝3,50.0,吉村誠之,1:55.4,6,42.3,8.0,466(+16),[西] 武英智,202407020708
7,1,1,シブースト,牝4,56.0,亀田温心,1:55.8,2,23.1,5.0,510(+8),[西] 高野友和,202407020708
8,4,4,タガノエクレール,牝3,50.0,橋木太希,1:55.8,ハナ,5.2,3.0,462(+2),[西] 西園正都,202407020708
9,8,9,コーラルハート,牝3,53.0,西村淳也,2:02.3,大,3.4,2.0,502(+4),[西] 小林真也,202407020708
1,8,10,クレオメデス,牡4,58.0,松山弘平,2:05.7,,5.0,4.0,510(0),[西] 武英智,202407020709
2,6,6,サスケ,牡4,58.0,団野大成,2:06.0,2,3.1,2.0,474(+2),[西] 西村真幸,202407020709
3,3,3,カリーニョ,牡3,55.0,小沢大仁,2:06.3,1.1/2,2.9,1.0,460(+6),[西] 杉山晴紀,202407020709
4,4,4,コスモダークナイト,牡5,58.0,川須栄彦,2:06.3,クビ,65.3,7.0,506(+6),[西] 吉田直弘,202407020709
5,8,9,グラヴィテ,牝6,56.0,秋山稔樹,2:06.5,1,27.0,6.0,494(+2),[西] 鮫島一歩,202407020709
6,2,2,ファミリーツリー,牝3,53.0,坂井瑠星,2:06.6,3/4,4.1,3.0,440(+4),[西] 河嶋宏樹,202407020709
7,7,7,ナムラマイケル,牡4,58.0,泉谷楓真,2:06.8,1,91.6,8.0,438(-6),[西] 村山明,202407020709
8,5,5,ゴールドローズ,牝5,56.0,幸英明,2:07.0,1.1/2,12.4,5.0,438(-2),[西] 飯田祐史,202407020709
9,7,8,ヴァルトラウテ,牝4,56.0,田中健,2:07.4,2.1/2,150.2,9.0,450(+4),[西] 中村直也,202407020709
取,1,1,メイショウカイコン,牡3,55.0,鷲頭虎太,,,---,,計不,[西] 千田輝彦,202407020709
1,2,2,カズゴルティス,牡3,55.0,和田竜二,1:23.4,,3.1,1.0,506(+2),[西] 杉山晴紀,202407020710
2,6,11,カフェニクス,牝3,53.0,松山弘平,1:23.7,1.3/4,4.2,2.0,496(+2),[東] 中舘英二,202407020710
3,8,14,リンクスルーファス,牝5,56.0,永島まな,1:23.9,1.1/4,122.7,13.0,504(-8),[東] 手塚貴久,202407020710
4,4,7,リンドラゴ,牡5,58.0,西村淳也,1:24.1,1.1/4,6.4,4.0,476(0),[西] 杉山佳明,202407020710
5,2,3,クリノクリスタル,牝4,56.0,小沢大仁,1:24.1,アタマ,143.5,14.0,470(-4),[西] 大橋勇樹,202407020710
6,1,1,カッティングジェム,牡4,58.0,川田将雅,1:24.4,2,5.7,3.0,510(0),[西] 小崎憲,202407020710
7,6,10,ノボリクレバー,牝4,56.0,酒井学,1:24.5,1/2,18.6,7.0,500(+6),[西] 石橋守,202407020710
8,5,9,ミヤジレガリア,牝4,56.0,幸英明,1:24.9,2,6.8,5.0,508(+2),[西] 鈴木孝志,202407020710
9,4,6,サヨノフィールド,牡5,58.0,西塚洸二,1:25.4,3,58.6,10.0,488(+2),[東] 小笠倫弘,202407020710
10,8,15,メイショウキッド,牡5,58.0,泉谷楓真,1:25.4,クビ,110.8,12.0,524(+14),[西] 本田優,202407020710
11,7,13,タイガースパーク,牡4,58.0,国分優作,1:25.4,ハナ,15.9,6.0,448(0),[西] 大橋勇樹,202407020710
12,5,8,ルーパステソーロ,牡6,58.0,岩田望来,1:25.6,1,84.7,11.0,538(0),[東] 千葉直人,202407020710
13,3,4,ナサ,牝6,56.0,亀田温心,1:25.6,クビ,322.1,15.0,482(+6),[西] 藤沢則雄,202407020710
14,7,12,バルミュゼット,牡5,58.0,団野大成,1:25.9,1.1/2,49.4,9.0,524(-10),[西] 藤野健太,202407020710
15,3,5,シュバルツガイスト,牡4,58.0,Ｍ．デム,1:28.0,大,32.6,8.0,496(-8),[東] 国枝栄,202407020710
1,6,11,ティニア,牡4,57.0,坂井瑠星,1:10.2,,7.0,4.0,506(+4),[西] 池江泰寿,202407020711
2,5,9,ロードフォアエース,牡3,55.0,川田将雅,1:10.2,クビ,2.6,1.0,530(+4),[西] 友道康夫,202407020711
3,2,4,シロン,牝5,54.0,酒井学,1:10.3,1/2,8.3,5.0,526(-2),[西] 小栗実,202407020711
4,8,17,ヤマニンアンフィル,牝5,54.0,岩田望来,1:10.4,1/2,6.4,2.0,480(-2),[西] 斉藤崇史,202407020711
5,7,13,ヴェールアンレーヴ,牝5,53.0,幸英明,1:10.7,2,39.8,11.0,450(+8),[東] 宮田敬介,202407020711
6,4,7,シュヴェルトライテ,牝5,54.0,Ｍ．デム,1:11.0,1.3/4,18.3,6.0,446(+6),[東] 池上昌和,202407020711
6,6,12,ピピオラ,牝4,53.0,団野大成,1:11.0,同着,28.5,9.0,474(+8),[西] 武幸四郎,202407020711
8,5,10,アバンチュリエ,セ5,55.0,柴田善臣,1:11.1,1/2,82.9,13.0,462(-4),[東] 大竹正博,202407020711
9,2,3,タツダイヤモンド,牡4,56.0,和田竜二,1:11.2,1/2,6.4,3.0,482(+4),[西] 鮫島一歩,202407020711
10,8,16,メイショウエニシア,牝6,54.0,泉谷楓真,1:11.4,1.1/4,52.9,12.0,460(+8),[西] 本田優,202407020711
11,7,14,ジャスパーノワール,牡3,54.0,松山弘平,1:11.4,ハナ,19.7,7.0,504(0),[西] 森秀行,202407020711
12,4,8,ロードラスター,牡6,56.0,西村淳也,1:11.5,1/2,21.5,8.0,510(-4),[西] 千田輝彦,202407020711
13,1,1,フロムダスク,牡4,56.0,永島まな,1:11.7,1.1/4,35.6,10.0,504(0),[西] 森秀行,202407020711
14,3,6,メイショウツツジ,牝6,52.0,角田大和,1:11.7,アタマ,95.9,14.0,442(0),[西] 木原一良,202407020711
15,3,5,サニーオーシャン,セ6,52.0,吉村誠之,1:11.8,クビ,240.8,18.0,440(-2),[東] 杉浦宏昭,202407020711
16,1,2,プライムライン,セ7,54.0,高倉稜,1:11.9,3/4,141.4,15.0,446(-4),[西] 田中克典,202407020711
17,7,15,ダンツイノーバ,牝7,52.0,太宰啓介,1:11.9,クビ,162.9,16.0,472(+10),[西] 谷潔,202407020711
18,8,18,ワンスカイ,牡7,54.0,小沢大仁,1:12.3,2.1/2,205.6,17.0,512(-2),[東] 斎藤誠,202407020711
1,3,3,メイショウミシガン,牡3,55.0,川田将雅,1:23.5,,2.5,1.0,452(+2),[西] 鮫島一歩,202407020712
2,1,1,グリーズマン,牡3,55.0,松山弘平,1:24.0,3,4.5,2.0,506(+10),[西] 小栗実,202407020712
3,8,12,アンシール,セ3,55.0,岩田望来,1:24.0,ハナ,5.2,4.0,470(0),[西] 小崎憲,202407020712
4,4,5,レッドダンルース,牡4,58.0,坂井瑠星,1:24.0,アタマ,19.5,6.0,472(+6),[西] 福永祐一,202407020712
5,6,9,ルールシェーバー,牡7,58.0,国分恭介,1:24.3,1.3/4,112.0,12.0,480(-2),[西] 北出成人,202407020712
6,6,8,ルフトクス,牝3,50.0,吉村誠之,1:24.6,2,22.8,7.0,460(+8),[西] 杉山晴紀,202407020712
7,7,10,ハクアイアテナ,牝4,55.0,小沢大仁,1:24.7,クビ,107.7,11.0,432(+10),[西] 今野貞一,202407020712
8,5,7,アマミツツキ,牝3,52.0,角田大和,1:24.7,クビ,237.7,13.0,462(-4),[西] 宮本博,202407020712
9,8,13,ストロンゲスト,牡5,58.0,酒井学,1:24.7,アタマ,65.4,9.0,486(+4),[西] 羽月友彦,202407020712
10,5,6,モズパシュート,牡3,55.0,高倉稜,1:24.9,1.1/4,46.0,8.0,504(0),[西] 田中克典,202407020712
11,2,2,ニホンピロカラット,牡3,55.0,和田竜二,1:25.1,1.1/4,5.0,3.0,498(-8),[西] 大橋勇樹,202407020712
12,4,4,ベレニーチェ,牝3,51.0,永島まな,1:27.1,大,12.5,5.0,468(+24),[西] 武英智,202407020712
13,7,11,モカラエース,牡4,58.0,西村淳也,1:27.7,3.1/2,77.1,10.0,468(+4),[西] 高柳大輔,202407020712
1,4,4,サディーク,牝2,55.0,西村淳也,1:24.8,,2.4,1.0,430(+2),[西] 河嶋宏樹,202407030101
2,8,9,ボル,牡2,51.0,河原田菜,1:25.2,2.1/2,12.3,5.0,436(0),[西] 河内洋,202407030101
3,8,10,カペルブリュッケ,牡2,52.0,高杉吏麒,1:25.7,3,17.8,7.0,448(+2),[西] 浜田多実,202407030101
4,7,7,ヴァカンツァ,牝2,54.0,角田大和,1:25.8,3/4,14.5,6.0,470(-10),[西] 高橋亮,202407030101
5,2,2,ラヴスティンガー,牝2,55.0,川須栄彦,1:25.9,1/2,3.6,2.0,480(-4),[西] 牧田和弥,202407030101
6,3,3,アートレスマインド,牡2,55.0,松山弘平,1:26.2,2,5.1,3.0,456(+4),[西] 坂口智康,202407030101
7,1,1,レーンアジリティ,牡2,55.0,幸英明,1:26.3,クビ,25.2,8.0,454(-4),[西] 中尾秀正,202407030101
8,7,8,テイエムバゴオウ,牡2,55.0,田中健,1:27.1,5,11.5,4.0,450(0),[西] 木原一良,202407030101
9,5,5,テーオーシュタルク,牡2,55.0,菱田裕二,1:27.6,3,68.6,10.0,468(-2),[西] 岡田稲男,202407030101
10,6,6,アスカノソング,牡2,52.0,吉村誠之,1:29.0,8,45.6,9.0,452(+2),[西] 庄野靖志,202407030101
1,8,8,メイショウハチロー,牡2,55.0,団野大成,1:54.0,,1.1,1.0,496(-6),[西] 福永祐一,202407030102
2,3,3,サンダーロード,牡2,55.0,川田将雅,1:54.5,3,5.0,2.0,532(+10),[西] 杉山晴紀,202407030102
3,5,5,アルムチャーチル,牡2,55.0,秋山稔樹,1:55.9,8,26.3,4.0,470(+6),[西] 北出成人,202407030102
4,6,6,マーウォルス,牡2,55.0,幸英明,1:55.9,クビ,39.9,5.0,480(+12),[西] 茶木太樹,202407030102
5,1,1,ワンダーエバー,牡2,51.0,河原田菜,1:57.1,7,155.2,7.0,488(+4),[西] 河内洋,202407030102
6,4,4,ヴォルクメア,牝2,55.0,西村淳也,1:57.2,3/4,14.1,3.0,484(-12),[西] 新谷功一,202407030102
7,7,7,カルドゥッチョ,牝2,52.0,高杉吏麒,1:59.4,大,92.9,6.0,420(-6),[西] 石坂公一,202407030102
取,2,2,アルマリアルト,牡2,54.0,小沢大仁,,,---,,計不,[西] 庄野靖志,202407030102
1,2,2,モルティフレーバー,牝2,55.0,坂井瑠星,2:01.5,,2.7,2.0,456(+4),[西] 清水久詞,202407030103
2,3,3,バズアップビート,牡2,55.0,川田将雅,2:01.8,1.3/4,1.3,1.0,494(0),[西] 友道康夫,202407030103
3,5,5,ショウナンカゼルタ,牝2,55.0,西村淳也,2:02.0,1.1/2,9.5,3.0,468(-4),[西] 新谷功一,202407030103
4,1,1,メイショウヤシマ,牡2,55.0,太宰啓介,2:03.3,8,41.1,4.0,458(-8),[西] 高橋亮,202407030103
5,4,4,クイーンズグリーン,牝2,55.0,城戸義政,2:04.2,5,106.1,5.0,446(-8),[西] 奥村豊,202407030103
1,7,7,トリポリタニア,牡2,55.0,岩田望来,1:55.4,,5.0,3.0,478(0),[西] 上村洋行,202407030104
2,2,2,チュウワチーフ,牡2,55.0,北村友一,1:55.9,3.1/2,11.0,4.0,466(0),[西] 小崎憲,202407030104
3,4,4,アメリカンステージ,牡2,55.0,坂井瑠星,1:56.3,2,1.6,1.0,506(0),[西] 矢作芳人,202407030104
4,7,8,ハルフロンティア,牡2,55.0,松山弘平,1:57.1,5,26.8,6.0,480(0),[西] 池添学,202407030104
5,1,1,ペプチドシナノ,牡2,55.0,藤岡佑介,1:57.1,クビ,14.0,5.0,462(0),[西] 武英智,202407030104
6,8,9,エスタア,牡2,55.0,川田将雅,1:57.9,5,4.8,2.0,492(0),[西] 須貝尚介,202407030104
7,5,5,テクノグルーヴ,牡2,55.0,幸英明,1:58.6,4,116.7,8.0,482(0),[西] 宮本博,202407030104
8,6,6,メイショウアイク,牡2,55.0,西村淳也,1:59.4,5,31.0,7.0,502(0),[西] 石橋守,202407030104
中,3,3,アイファーオウジャ,牡2,55.0,藤懸貴志,,,183.5,9.0,424(0),[西] 鮫島一歩,202407030104
取,8,10,ガンナール,牡2,55.0,Ｍ．デム,,,---,,計不,[西] 宮本博,202407030104
1,4,4,タイセイカレント,牡2,55.0,西村淳也,1:36.5,,13.2,5.0,486(0),[西] 矢作芳人,202407030105
2,5,5,ベイリークロア,牡2,55.0,坂井瑠星,1:36.8,2,1.9,1.0,466(0),[西] 大久保龍,202407030105
3,2,2,ビッキーファースト,牡2,55.0,松山弘平,1:37.5,4,3.8,2.0,486(0),[西] 武幸四郎,202407030105
4,8,8,タガノマカシヤ,牡2,55.0,田中健,1:37.6,3/4,6.0,3.0,498(0),[西] 中村直也,202407030105
5,6,6,ペイルブルードット,牡2,55.0,国分恭介,1:37.7,1/2,17.5,6.0,462(0),[西] 緒方努,202407030105
6,1,1,ディンプルフェイス,牝2,55.0,岩田望来,1:38.0,2,6.4,4.0,430(0),[西] 鈴木孝志,202407030105
7,7,7,ウインドラブハーツ,牝2,55.0,北村友一,1:38.1,クビ,70.9,8.0,434(0),[西] 牧田和弥,202407030105
8,3,3,フクキタテーラー,牝2,51.0,河原田菜,1:38.6,3,49.6,7.0,428(0),[西] 河内洋,202407030105
1,8,14,ストライクオン,牡3,55.0,角田大和,1:11.9,,23.5,6.0,464(-4),[西] 角田晃一,202407030106
2,5,8,マイネルフォーコン,牡4,58.0,松山弘平,1:12.0,1/2,4.5,2.0,488(+12),[西] 西園翔太,202407030106
3,5,7,スパークルジョイ,牝3,54.0,斎藤新,1:12.7,4,21.0,5.0,452(+4),[西] 鮫島一歩,202407030106
4,4,5,マイネルサンテ,牡4,57.0,西塚洸二,1:12.7,クビ,40.0,8.0,494(-8),[西] 緒方努,202407030106
5,3,4,ナムラルッコラ,牝3,51.0,川端海翼,1:12.8,クビ,105.9,11.0,476(-14),[西] 大橋勇樹,202407030106
6,4,6,マーゴットエクラ,牝3,51.0,吉村誠之,1:13.0,1.1/2,86.7,9.0,464(+3),[東] 伊坂重信,202407030106
7,1,1,ミルミナーヴァ,牝3,51.0,橋木太希,1:13.1,1/2,1.5,1.0,484(0),[西] 西園正都,202407030106
8,3,3,チュウワギフト,牝3,54.0,加藤祥太,1:13.3,1.1/2,260.6,13.0,430(0),[西] 庄野靖志,202407030106
9,8,13,ジーティーノーブル,牝3,51.0,高杉吏麒,1:13.4,クビ,13.7,4.0,426(+2),[東] 宗像義忠,202407030106
10,2,2,イツモニコニコ,牝3,54.0,田中健,1:13.7,1.3/4,7.4,3.0,482(+6),[西] 浜田多実,202407030106
11,6,10,ジオパーククラウン,牡4,58.0,酒井学,1:13.7,クビ,31.4,7.0,446(-2),[西] 長谷川浩,202407030106
12,6,9,メイショウゴルシ,牡4,58.0,藤懸貴志,1:13.8,クビ,188.7,12.0,438(0),[西] 高橋義忠,202407030106
13,7,12,パクスロマーナ,牝4,56.0,荻野琢真,1:14.5,4,98.8,10.0,422(-4),[西] 藤沢則雄,202407030106
14,7,11,ブルーデイジー,牝5,52.0,古川奈穂,1:14.5,アタマ,285.9,14.0,448(-6),[東] 的場均,202407030106
1,7,8,アルゴナヴィス,牡3,55.0,西村淳也,1:51.8,,16.0,5.0,474(-2),[西] 池江泰寿,202407030107
2,2,2,ヒロノラメール,牡3,52.0,吉村誠之,1:52.1,2,2.6,2.0,466(-2),[西] 庄野靖志,202407030107
3,5,5,ティンティンデオ,牡3,55.0,川田将雅,1:52.7,3.1/2,5.1,3.0,482(-2),[西] 小崎憲,202407030107
4,1,1,リリーアロー,牡5,58.0,富田暁,1:54.0,8,219.0,10.0,496(-17),[西] 平田修,202407030107
5,6,7,タイセイミニスター,牡3,55.0,幸英明,1:54.4,2,37.8,6.0,486(+4),[西] 大橋勇樹,202407030107
6,7,9,エノラブエナ,牡3,55.0,松山弘平,1:54.6,1.1/4,2.0,1.0,520(-12),[西] 上村洋行,202407030107
7,4,4,ハイグッドワールド,牡3,52.0,柴田裕一,1:54.6,ハナ,15.9,4.0,496(+8),[西] 谷潔,202407030107
8,3,3,ポジティブガール,牝5,55.0,西塚洸二,1:55.0,2.1/2,122.5,9.0,462(+2),[西] 緒方努,202407030107
9,6,6,サイレントミニスタ,牡3,52.0,鷲頭虎太,1:55.2,3/4,44.8,7.0,456(-3),[西] 杉山佳明,202407030107
10,8,10,クールジャーマン,牡4,57.0,松本大輝,1:55.2,クビ,103.6,8.0,468(0),[西] 松下武士,202407030107
11,8,11,クレアツィオーネ,牡3,52.0,高杉吏麒,1:57.6,大,263.2,11.0,492(+2),[東] 千葉直人,202407030107
1,4,7,サトノプリエール,牝5,56.0,幸英明,1:08.3,,7.2,4.0,486(+6),[西] 斉藤崇史,202407030108
2,2,3,アドマイヤジェイ,牡5,58.0,坂井瑠星,1:08.4,クビ,3.3,1.0,504(+2),[西] 友道康夫,202407030108
3,2,4,ガットネロ,牝4,56.0,岩田望来,1:08.6,1.1/4,4.8,2.0,490(+8),[西] 上村洋行,202407030108
4,7,15,チカポコ,牝4,53.0,橋木太希,1:08.6,1/2,66.3,12.0,422(0),[西] 西園正都,202407030108
5,5,10,アエリーゾ,牝5,56.0,北村友一,1:08.7,アタマ,20.3,8.0,468(+8),[西] 庄野靖志,202407030108
6,3,5,バーニングパワー,牝6,56.0,川須栄彦,1:08.7,アタマ,36.5,10.0,484(+2),[西] 鮫島一歩,202407030108
7,6,12,フェリーニ,牡3,56.0,西村淳也,1:08.7,クビ,7.1,3.0,502(+4),[西] 橋口慎介,202407030108
8,5,9,ピースフルナイト,牝4,54.0,永島まな,1:08.9,1.1/4,13.7,7.0,404(+8),[西] 高野友和,202407030108
9,8,16,ステラスプレンダー,牝3,54.0,松山弘平,1:08.9,ハナ,8.2,5.0,440(0),[西] 石坂公一,202407030108
10,4,8,サンライズタイソン,牡4,57.0,小沢大仁,1:09.1,3/4,78.4,13.0,418(0),[西] 平田修,202407030108
11,1,1,アナベルエクラ,牝3,51.0,吉村誠之,1:09.3,1.1/4,112.1,14.0,460(+14),[西] 清水久詞,202407030108
12,7,13,ソアラ,牝4,56.0,古川吉洋,1:09.3,ハナ,136.2,16.0,474(-6),[西] 高橋康之,202407030108
13,8,18,アパショナード,牡5,55.0,鷲頭虎太,1:09.3,ハナ,166.7,17.0,426(+10),[西] 千田輝彦,202407030108
14,8,17,ソルトクィーン,牝3,54.0,高倉稜,1:09.5,1.1/2,11.7,6.0,450(+22),[西] 武英智,202407030108
15,6,11,マテンロウナイト,牡4,58.0,横山典弘,1:09.6,アタマ,55.9,11.0,464(+2),[西] 坂口智康,202407030108
16,7,14,ポルトドール,牡4,58.0,斎藤新,1:09.6,クビ,121.4,15.0,452(-2),[西] 小栗実,202407030108
17,3,6,ハルカナネガイ,牝5,52.0,河原田菜,1:10.7,7,256.8,18.0,456(+26),[西] 藤沢則雄,202407030108
18,1,2,ルクルス,牡4,57.0,角田大和,1:10.8,1/2,33.8,9.0,508(-14),[西] 松永幹夫,202407030108
1,5,5,セブンサミット,牡6,58.0,坂井瑠星,2:00.9,,3.5,3.0,516(0),[西] 西村真幸,202407030109
2,4,4,タガノカイ,牡6,58.0,秋山稔樹,2:01.0,3/4,13.3,4.0,502(-18),[西] 宮徹,202407030109
3,1,1,マンデヴィラ,牝4,56.0,小崎綾也,2:01.1,1/2,3.2,2.0,438(0),[西] 福永祐一,202407030109
4,7,7,ヤマニンループ,牡5,58.0,Ｍ．デム,2:01.2,1/2,2.1,1.0,446(+4),[西] 松永幹夫,202407030109
5,2,2,デルマグレムリン,牡5,58.0,団野大成,2:01.8,3.1/2,18.6,5.0,456(-6),[西] 緒方努,202407030109
6,8,8,ダンツエスプリ,牡5,58.0,藤懸貴志,2:02.0,1.1/4,19.3,6.0,494(+2),[西] 本田優,202407030109
7,6,6,キングダムウイナー,牡7,58.0,国分優作,2:02.3,2,149.7,7.0,504(-4),[西] 藤野健太,202407030109
8,3,3,サイモンメガライズ,牡6,58.0,幸英明,2:03.1,5,165.5,8.0,510(+2),[西] 小林真也,202407030109
1,2,3,ケイアイサンデラ,牡4,57.0,藤懸貴志,2:11.1,,6.9,4.0,440(+6),[西] 小林真也,202407030110
2,8,15,シェイクユアハート,牡4,57.0,古川吉洋,2:11.1,ハナ,9.2,7.0,440(+6),[西] 宮徹,202407030110
3,8,16,ルシフェル,牝3,52.0,団野大成,2:11.2,1/2,4.9,1.0,500(+16),[西] 斉藤崇史,202407030110
4,6,11,ミステリーウェイ,セ6,55.0,浜中俊,2:11.4,3/4,46.6,11.0,500(0),[西] 小林真也,202407030110
5,7,14,ロードプレジール,牡6,56.0,岩田望来,2:11.6,1.1/4,11.6,8.0,494(-2),[西] 中内田充,202407030110
6,6,12,ワイドエンペラー,牡6,57.0,藤岡佑介,2:11.7,1/2,7.3,5.0,496(-4),[西] 藤岡健一,202407030110
7,7,13,マイネルカンパーナ,牡4,54.0,幸英明,2:11.7,ハナ,102.3,13.0,404(0),[東] 青木孝文,202407030110
8,3,6,シリアルノヴェル,牡4,56.0,坂井瑠星,2:11.7,ハナ,6.0,2.0,480(-2),[東] 伊藤圭三,202407030110
9,2,4,ナイトインロンドン,牡4,56.0,西村淳也,2:11.8,クビ,6.3,3.0,488(+4),[東] 大竹正博,202407030110
10,5,9,シーウィザード,牡4,56.0,荻野極,2:11.9,3/4,22.4,9.0,492(-2),[東] 鹿戸雄一,202407030110
11,4,7,シルキーヴォイス,牡6,52.0,水口優也,2:12.0,1/2,215.4,15.0,482(-10),[西] 池江泰寿,202407030110
12,3,5,ミタマ,牝4,53.0,松山弘平,2:12.2,1.1/4,8.4,6.0,486(+6),[西] 上村洋行,202407030110
13,5,10,ニホンピロタイズ,牡6,54.0,酒井学,2:12.5,1.3/4,49.6,12.0,506(0),[西] 大橋勇樹,202407030110
14,1,1,ウインエアフォルク,牡7,55.0,丸山元気,2:12.9,2.1/2,204.4,14.0,476(-2),[東] 根本康広,202407030110
15,4,8,アスティ,セ8,53.0,菱田裕二,2:13.1,1.1/2,277.1,16.0,422(-6),[東] 武市康男,202407030110
16,1,2,ウィズユアドリーム,牡4,55.0,北村友一,2:13.3,1.1/2,34.6,10.0,504(-10),[西] 吉岡辰弥,202407030110
1,2,2,エンペラーワケア,牡4,59.0,川田将雅,1:22.4,,1.2,1.0,536(+2),[西] 杉山晴紀,202407030111
2,6,6,ロードエクレール,牡6,57.0,斎藤新,1:22.5,3/4,25.4,6.0,470(-6),[東] 斎藤誠,202407030111
3,1,1,サンライズフレイム,牡4,59.0,藤岡佑介,1:22.8,1.1/2,7.4,2.0,528(+22),[西] 石坂公一,202407030111
4,7,8,ライツフォル,牡4,57.0,坂井瑠星,1:23.0,1.1/2,12.2,3.0,492(0),[西] 高橋義忠,202407030111
5,4,4,ペースセッティング,牡4,57.0,団野大成,1:23.6,3.1/2,13.2,4.0,506(+14),[西] 安田翔伍,202407030111
6,3,3,デンコウリジエール,牡7,59.0,松山弘平,1:23.8,1.1/4,111.7,9.0,478(0),[西] 荒川義之,202407030111
7,7,7,コパノニコルソン,牡5,57.0,内田博幸,1:23.9,1/2,37.0,7.0,530(0),[西] 宮徹,202407030111
8,5,5,レオノーレ,牝5,55.0,岩田望来,1:23.9,クビ,14.7,5.0,500(+8),[西] 福永祐一,202407030111
9,8,9,グッドウッドガイ,牡5,57.0,中井裕二,1:24.2,1.1/2,114.8,10.0,504(-4),[西] 村山明,202407030111
10,8,10,ワールドウインズ,セ7,57.0,幸英明,1:24.7,3.1/2,86.0,8.0,454(+2),[西] 笹田和秀,202407030111
1,6,6,スターターン,牡3,56.0,坂井瑠星,1:10.7,,1.6,1.0,476(-2),[西] 坂口智康,202407030112
2,7,8,タカネノハナコサン,牝4,56.0,松山弘平,1:11.1,2.1/2,6.4,3.0,486(-14),[西] 緒方努,202407030112
3,3,3,ロイヤルソウル,牝5,56.0,木幡初也,1:11.3,1.1/2,47.7,8.0,468(-8),[東] 竹内正洋,202407030112
4,8,11,メイショウホウレン,牡3,56.0,浜中俊,1:11.3,ハナ,6.9,4.0,492(-2),[西] 安達昭夫,202407030112
5,6,7,カナウ,牡4,58.0,西村淳也,1:11.4,クビ,5.3,2.0,536(-4),[西] 杉山晴紀,202407030112
6,7,9,プレシオーソ,セ7,58.0,菱田裕二,1:11.4,1/2,19.9,5.0,478(+4),[西] 岡田稲男,202407030112
7,5,5,サウスジェラート,牝6,56.0,横山典弘,1:11.5,クビ,42.7,7.0,484(-2),[東] 伊坂重信,202407030112
8,4,4,アネモス,牝4,56.0,秋山稔樹,1:11.8,1.3/4,93.9,10.0,494(-10),[西] 北出成人,202407030112
9,8,10,オースミメッシーナ,牝5,56.0,幸英明,1:12.1,1.3/4,38.9,6.0,456(+8),[西] 宮本博,202407030112
10,1,1,サクハル,牡5,58.0,長岡禎仁,1:12.4,1.3/4,51.7,9.0,498(0),[西] 今野貞一,202407030112
11,2,2,タカラマドンナ,牝5,53.0,鷲頭虎太,1:12.6,1.1/2,115.5,11.0,470(+3),[西] 杉山佳明,202407030112
1,6,6,トーセンオリジン,牡7,60.0,上野翔,3:21.5,,1.7,1.0,456(-6),[東] 和田雄二,202407030201
2,7,7,トップスターサン,牡6,60.0,難波剛健,3:21.9,2,8.1,4.0,514(-10),[西] 小椋研介,202407030201
3,5,5,テクネチウム,牡3,58.0,中村将之,3:23.3,9,30.5,6.0,486(-4),[西] 木原一良,202407030201
4,2,2,リトルクレバー,セ7,60.0,小牧加矢,3:23.5,1.1/2,3.5,2.0,474(+20),[西] 佐々木晶,202407030201
5,8,9,スズノイナズマ,セ6,60.0,大江原圭,3:23.7,1,5.3,3.0,476(+2),[東] 深山雅史,202407030201
6,8,8,ゴーツウキリシマ,牝4,58.0,黒岩悠,3:24.3,4,87.6,8.0,462(+8),[西] 牧田和弥,202407030201
7,1,1,サンマルクレイジー,牡5,57.0,坂口智康,3:25.4,7,85.3,7.0,426(+8),[東] 土田稔,202407030201
8,4,4,ポリトナリティー,牝3,56.0,石神深一,3:36.0,大,29.2,5.0,394(-12),[東] 和田雄二,202407030201
9,3,3,ゴールデンルーキー,牡3,58.0,草野太郎,3:36.0,アタマ,111.2,9.0,464(-6),[東] 粕谷昌央,202407030201
1,7,7,シャインミラカナ,牡2,55.0,亀田温心,1:13.6,,24.8,7.0,472(-8),[西] 北出成人,202407030202
2,6,6,マルモリマジック,牝2,54.0,泉谷楓真,1:13.7,1/2,6.6,3.0,454(-6),[西] 庄野靖志,202407030202
3,2,2,アウダース,牡2,55.0,鮫島克駿,1:13.8,1/2,3.8,2.0,474(0),[東] 加藤士津,202407030202
4,1,1,スナークメスナー,牡2,55.0,岩田望来,1:13.9,3/4,2.1,1.0,468(-2),[西] 野中賢二,202407030202
5,4,4,テイエムダイスター,牝2,54.0,小沢大仁,1:14.1,1.1/4,7.4,4.0,426(-6),[西] 木原一良,202407030202
6,3,3,アカオー,牡2,55.0,松山弘平,1:14.2,クビ,9.3,5.0,436(0),[西] 浜田多実,202407030202
7,5,5,タナノイナリー,牡2,55.0,国分優作,1:14.9,4,46.5,8.0,444(-6),[西] 大根田裕,202407030202
8,8,8,アスターニルギリ,牡2,52.0,柴田裕一,1:15.2,1.3/4,17.6,6.0,402(-4),[西] 中竹和也,202407030202
9,8,9,ジョウショータイガ,牡2,54.0,松本大輝,1:15.7,2.1/2,201.9,9.0,492(+4),[西] 中尾秀正,202407030202
1,1,1,マイネルチケット,牡2,55.0,戸崎圭太,1:34.5,,5.0,2.0,454(+6),[西] 宮徹,202407030203
2,3,3,シドニーホバート,牡2,55.0,坂井瑠星,1:34.6,クビ,14.1,4.0,498(+2),[西] 杉山佳明,202407030203
3,7,7,ラトラース,牡2,55.0,西村淳也,1:34.6,クビ,1.2,1.0,462(0),[西] 中内田充,202407030203
4,4,4,ポルタフェリーチェ,牝2,52.0,高杉吏麒,1:35.4,5,54.6,7.0,448(-6),[西] 長谷川浩,202407030203
5,2,2,シーク,牡2,55.0,鮫島克駿,1:36.2,5,8.0,3.0,506(-8),[西] 角田晃一,202407030203
6,6,6,メイショウマサツラ,牡2,55.0,松山弘平,1:36.5,1.3/4,44.4,6.0,508(-4),[西] 本田優,202407030203
7,5,5,シティオブロンドン,牡2,55.0,津村明秀,1:39.1,大,33.0,5.0,508(-6),[西] 吉村圭司,202407030203
1,3,3,パンジャタワー,牡2,55.0,松山弘平,1:09.7,,1.6,1.0,468(0),[西] 橋口慎介,202407030204
2,7,7,タガノアンファン,牡2,55.0,藤懸貴志,1:09.8,1/2,6.3,3.0,466(0),[西] 石坂公一,202407030204
3,5,5,テーオーエルビス,牡2,55.0,鮫島克駿,1:09.8,アタマ,6.9,4.0,492(0),[西] 高柳大輔,202407030204
4,1,1,ソニックサンライズ,牝2,55.0,西村淳也,1:10.0,1.1/4,10.6,5.0,416(0),[西] 河内洋,202407030204
5,6,6,アーサーズウェイン,牝2,53.0,永島まな,1:10.4,2.1/2,4.8,2.0,436(0),[西] 高橋一哉,202407030204
6,4,4,ドラマツルギー,牝2,55.0,国分優作,1:10.5,3/4,68.4,7.0,414(0),[西] 大根田裕,202407030204
7,2,2,メイショウバスク,牝2,55.0,国分恭介,1:10.5,ハナ,66.4,6.0,466(0),[西] 梅田智之,202407030204
1,3,3,ゲルチュタール,牡2,55.0,坂井瑠星,2:02.9,,2.2,1.0,508(0),[西] 杉山晴紀,202407030205
2,2,2,キタサンハナビラ,牝2,55.0,幸英明,2:03.0,1,4.0,3.0,444(0),[西] 斉藤崇史,202407030205
3,1,1,シュパネントダイヤ,牝2,55.0,鮫島克駿,2:03.4,2,9.0,5.0,474(0),[西] 吉村圭司,202407030205
4,4,4,ビジュードネージュ,牝2,55.0,西村淳也,2:03.6,1.1/4,23.2,6.0,420(0),[西] 高柳大輔,202407030205
5,6,6,レッドヴァリアート,牡2,55.0,松山弘平,2:04.0,2.1/2,7.4,4.0,446(0),[西] 大久保龍,202407030205
6,5,5,グランツリッター,牡2,53.0,永島まな,2:06.3,大,30.4,7.0,444(0),[西] 高橋康之,202407030205
7,7,7,リューデリッツ,牡2,55.0,菱田裕二,2:06.5,1.1/2,4.0,2.0,502(0),[西] 岡田稲男,202407030205
1,2,2,ダブルハートボンド,牝3,53.0,坂井瑠星,1:51.2,,1.1,1.0,472(-4),[西] 大久保龍,202407030206
2,1,1,ヒヒーン,牝3,53.0,酒井学,1:53.1,大,8.8,2.0,470(-6),[西] 須貝尚介,202407030206
3,7,8,スナークメモリー,牝4,56.0,国分恭介,1:53.3,1.1/2,35.7,5.0,434(+6),[西] 庄野靖志,202407030206
4,5,5,オウケンヴィーナス,牝3,53.0,川又賢治,1:53.5,3/4,262.9,9.0,406(+4),[東] 宮田敬介,202407030206
5,4,4,アキミューミュー,牝3,53.0,松山弘平,1:53.8,1.1/2,61.8,6.0,458(-6),[西] 池添学,202407030206
6,7,7,ウィンターガーデン,牝3,53.0,戸崎圭太,1:54.0,1.1/4,13.4,3.0,476(-2),[西] 武幸四郎,202407030206
7,6,6,ブラックドレス,牝3,50.0,柴田裕一,1:54.0,クビ,32.0,4.0,436(+6),[西] 谷潔,202407030206
8,8,9,サンマルソムニア,牝5,56.0,秋山稔樹,1:54.2,1,281.6,10.0,450(-6),[東] 佐藤吉勝,202407030206
9,3,3,レクランスリール,牝4,55.0,角田大和,1:55.6,8,77.8,7.0,456(+4),[西] 小林真也,202407030206
10,8,10,ヴァルトラウテ,牝4,56.0,田中健,1:57.6,大,185.7,8.0,450(0),[西] 中村直也,202407030206
1,6,6,リューデスハイム,牡3,55.0,池添謙一,1:59.1,,1.7,1.0,508(0),[西] 牧田和弥,202407030207
2,5,5,マサハヤウォルズ,牡4,55.0,吉村誠之,2:00.0,5,8.5,4.0,470(+8),[西] 今野貞一,202407030207
3,3,3,イージスバローズ,セ4,58.0,西村淳也,2:00.4,2.1/2,12.4,5.0,460(0),[西] 中内田充,202407030207
4,1,1,アルベリック,牡3,52.0,柴田裕一,2:00.7,1.3/4,17.7,6.0,472(-4),[西] 中竹和也,202407030207
5,7,7,ヒルノデプラーツ,牡5,58.0,松山弘平,2:00.9,1.1/2,8.2,3.0,488(0),[西] 北出成人,202407030207
6,2,2,ホルトバージ,牡3,54.0,西塚洸二,2:00.9,クビ,3.7,2.0,468(+6),[西] 寺島良,202407030207
7,4,4,メイショウフィガロ,牡5,58.0,秋山稔樹,2:01.2,1.3/4,115.1,7.0,464(+2),[西] 高橋義忠,202407030207
8,8,8,アマートカヴァロ,牡4,57.0,角田大和,2:01.7,3,129.1,8.0,482(+8),[西] 笹田和秀,202407030207
9,8,9,ピエナクレスコ,牡3,55.0,幸英明,2:03.2,9,159.9,9.0,458(+2),[西] 谷潔,202407030207
1,6,6,スターリングアップ,牝3,53.0,池添謙一,1:59.8,,2.2,1.0,430(0),[西] 松永幹夫,202407030208
2,8,11,ニホンピロアリー,牝4,56.0,丸山元気,2:00.0,1,40.5,8.0,426(-6),[西] 中尾秀正,202407030208
3,1,1,フラッシングレート,牝4,53.0,吉村誠之,2:00.0,クビ,7.6,4.0,476(+4),[西] 音無秀孝,202407030208
4,8,10,アリストクラシア,牝3,53.0,岩田望来,2:00.1,1/2,4.3,3.0,462(-4),[西] 吉岡辰弥,202407030208
5,6,7,オルノア,牝4,56.0,西村淳也,2:00.3,1.1/4,3.6,2.0,490(+8),[西] 新谷功一,202407030208
6,4,4,マハナ,牝3,53.0,鮫島克駿,2:00.6,1.3/4,35.1,7.0,450(+4),[西] 鮫島一歩,202407030208
7,2,2,メイショウヒュウガ,牡4,58.0,国分恭介,2:00.9,2,23.5,5.0,480(0),[西] 安達昭夫,202407030208
8,7,9,オールタイムハイ,牡5,58.0,幸英明,2:01.0,クビ,63.7,9.0,486(-2),[西] 高橋康之,202407030208
9,3,3,ジャマン,牝5,54.0,永島まな,2:01.0,クビ,25.0,6.0,492(0),[西] 高橋康之,202407030208
10,7,8,ストラクチャー,セ3,55.0,古川吉洋,2:01.6,3.1/2,76.3,10.0,430(+2),[西] 浜田多実,202407030208
11,5,5,エナジーポケット,牡3,55.0,酒井学,2:01.6,ハナ,196.4,11.0,420(+2),[西] 森田直行,202407030208
1,2,2,ムルソー,牡3,55.0,戸崎圭太,1:51.6,,1.4,1.0,514(+12),[西] 斉藤崇史,202407030209
2,7,12,メイショウマントル,牡6,58.0,国分優作,1:52.6,6,238.7,13.0,520(+4),[西] 安達昭夫,202407030209
3,3,3,ブレイゼスト,牡4,58.0,Ｍ．デム,1:52.9,1.3/4,11.1,4.0,530(-4),[東] 牧光二,202407030209
4,8,14,ワンダーブレット,セ5,58.0,角田大和,1:53.1,1.1/4,91.0,9.0,510(+6),[西] 笹田和秀,202407030209
5,4,6,ショーヘーフェイス,牡4,58.0,松山弘平,1:53.1,アタマ,12.5,5.0,542(+6),[西] 荒川義之,202407030209
6,6,9,メイトースイ,牡4,58.0,幸英明,1:53.1,クビ,41.4,7.0,426(0),[西] 羽月友彦,202407030209
7,1,1,ジーニアスバローズ,牡4,58.0,岩田望来,1:53.2,1/2,8.3,3.0,460(+4),[西] 辻野泰之,202407030209
8,4,5,テイエムシニスター,牡5,58.0,古川吉洋,1:53.4,1.1/4,274.9,14.0,500(-8),[西] 木原一良,202407030209
9,6,10,デルマアートマン,セ3,55.0,小崎綾也,1:53.7,2,6.1,2.0,470(-2),[西] 友道康夫,202407030209
10,8,13,レッドベルアーム,牡5,58.0,菱田裕二,1:53.8,1/2,74.9,8.0,518(+4),[西] 藤原英昭,202407030209
11,7,11,ドンアチェカ,牡4,58.0,菅原明良,1:54.1,1.1/2,132.4,11.0,484(+8),[西] 千田輝彦,202407030209
12,5,8,ヒデノレインボー,牡5,58.0,丸山元気,1:54.5,2.1/2,121.9,10.0,488(-2),[西] 梅田智之,202407030209
13,3,4,メジェド,牡4,58.0,藤岡佑介,1:55.1,3.1/2,26.1,6.0,538(+4),[西] 佐々木晶,202407030209
14,5,7,ピジョンブラッド,牝5,56.0,西村淳也,1:55.4,1.3/4,135.8,12.0,502(-4),[西] 荒川義之,202407030209
1,2,4,ヒビキ,牡4,58.0,岩田望来,1:10.9,,4.8,3.0,494(0),[西] 辻野泰之,202407030210
2,4,8,ペプチドヤマト,牡5,58.0,松山弘平,1:11.1,1,4.0,1.0,486(+2),[西] 武英智,202407030210
3,8,15,ホワイトガーベラ,牡5,58.0,菅原明良,1:11.1,ハナ,126.6,16.0,506(+6),[東] 千葉直人,202407030210
4,1,2,ミレヴィーナス,牝5,56.0,菱田裕二,1:11.2,1/2,7.8,4.0,448(-2),[西] 茶木太樹,202407030210
5,3,5,ミラバーグマン,牝6,56.0,杉原誠人,1:11.2,アタマ,26.9,9.0,454(0),[西] 西村真幸,202407030210
6,2,3,ジュストコル,牡6,58.0,Ｍ．デム,1:11.2,クビ,8.1,5.0,508(+4),[西] 大久保龍,202407030210
7,6,11,カネコメシスター,牝5,56.0,丸山元気,1:11.5,2,67.4,14.0,504(0),[西] 中尾秀正,202407030210
8,1,1,クロデメニル,牝5,56.0,永島まな,1:11.5,アタマ,18.0,6.0,504(+10),[西] 森秀行,202407030210
9,3,6,メイショウフジタカ,牡6,58.0,幸英明,1:11.7,3/4,41.5,11.0,498(+8),[西] 飯田祐史,202407030210
10,8,16,ベンダバリラビア,牡4,58.0,戸崎圭太,1:11.8,1/2,23.0,8.0,524(-10),[西] 寺島良,202407030210
11,5,9,マルカラピッド,牝4,56.0,小沢大仁,1:11.8,クビ,19.5,7.0,478(-4),[西] 今野貞一,202407030210
12,7,14,ウナギノボリ,牡5,58.0,吉村誠之,1:12.0,3/4,60.1,13.0,468(-8),[西] 音無秀孝,202407030210
13,7,13,アイファーシアトル,牝4,56.0,藤懸貴志,1:12.0,クビ,45.9,12.0,482(+8),[西] 鮫島一歩,202407030210
14,4,7,ラインガルーダ,牡7,58.0,川須栄彦,1:13.0,6,35.0,10.0,472(+4),[西] 長谷川浩,202407030210
15,6,12,エコロアイ,牝4,56.0,西村淳也,1:13.1,クビ,4.2,2.0,512(-4),[西] 森秀行,202407030210
16,5,10,ジャスティンエース,牡5,58.0,高倉稜,1:13.3,1.1/4,100.6,15.0,464(-4),[西] 杉山晴紀,202407030210
1,8,17,トウシンマカオ,牡5,57.0,菅原明良,1:07.7,,6.4,2.0,474(-6),[東] 高柳瑞樹,202407030211
2,8,18,ママコチャ,牝5,57.0,鮫島克駿,1:07.8,1/2,8.0,4.0,498(+10),[西] 池江泰寿,202407030211
3,1,1,モズメイメイ,牝4,55.0,国分恭介,1:07.9,3/4,10.9,7.0,464(0),[西] 音無秀孝,202407030211
4,1,2,アネゴハダ,牝5,55.0,角田大和,1:08.1,1.1/4,189.8,17.0,466(+6),[西] 佐々木晶,202407030211
5,6,11,トゥラヴェスーラ,牡9,57.0,藤岡佑介,1:08.1,ハナ,79.5,14.0,480(+4),[西] 高橋康之,202407030211
6,7,15,アサカラキング,牡4,57.0,斎藤新,1:08.1,アタマ,12.9,9.0,524(0),[東] 斎藤誠,202407030211
7,6,12,テンハッピーローズ,牝6,56.0,津村明秀,1:08.2,クビ,10.7,6.0,466(+8),[西] 高柳大輔,202407030211
8,4,7,ヨシノイースター,牡6,57.0,丸山元気,1:08.2,ハナ,7.8,3.0,488(+4),[西] 中尾秀正,202407030211
9,3,5,サウザンサニー,牡4,57.0,菱田裕二,1:08.2,クビ,11.6,8.0,520(-6),[東] 岩戸孝樹,202407030211
10,4,8,キミワクイーン,牝5,55.0,岩田望来,1:08.2,ハナ,30.7,10.0,446(-4),[東] 奥村武,202407030211
11,3,6,ジョウショーホープ,牡4,57.0,西村淳也,1:08.2,クビ,36.8,11.0,474(-4),[西] 新谷功一,202407030211
12,7,14,ダノンスコーピオン,牡5,58.0,戸崎圭太,1:08.3,アタマ,9.0,5.0,478(+8),[西] 福永祐一,202407030211
13,7,13,ピューロマジック,牝3,53.0,横山和生,1:08.4,3/4,3.9,1.0,456(+4),[西] 安田翔伍,202407030211
14,2,3,グレイトゲイナー,牡7,57.0,池添謙一,1:08.4,クビ,155.6,16.0,468(-2),[西] 森秀行,202407030211
15,2,4,ストーンリッジ,牡7,57.0,松山弘平,1:08.5,1/2,102.0,15.0,464(-10),[西] 藤原英昭,202407030211
16,5,10,テイエムスパーダ,牝5,56.0,酒井学,1:08.8,1.1/2,69.3,13.0,494(+4),[西] 木原一良,202407030211
17,5,9,ミッキーハーモニー,牝5,55.0,浜中俊,1:08.8,クビ,54.8,12.0,462(-2),[東] 萩原清,202407030211
18,8,16,カリボール,牡8,57.0,杉原誠人,1:09.0,1.1/2,268.1,18.0,492(+8),[西] 西村真幸,202407030211
1,1,1,ストレングス,牡3,56.0,松山弘平,1:24.2,,3.8,2.0,468(0),[西] 寺島良,202407030212
2,4,5,ハリウッドブルース,牡3,56.0,水口優也,1:24.5,1.1/2,2.5,1.0,460(-2),[西] 浜田多実,202407030212
3,5,6,ドゥータップ,牡3,55.0,西塚洸二,1:24.7,1.1/2,6.2,4.0,500(+2),[西] 藤原英昭,202407030212
4,4,4,グラティアスミノル,牡3,56.0,幸英明,1:25.0,1.1/2,68.4,10.0,512(+4),[西] 北出成人,202407030212
5,7,10,メイプルギャング,牡3,53.0,柴田裕一,1:25.0,クビ,18.7,5.0,490(+10),[西] 中竹和也,202407030212
6,3,3,カズラポニアン,牡5,55.0,高杉吏麒,1:25.1,3/4,32.1,8.0,488(-2),[西] 高橋一哉,202407030212
7,6,9,スナークシュンソウ,牡6,58.0,小崎綾也,1:25.2,アタマ,36.2,9.0,528(-10),[西] 野中賢二,202407030212
8,8,12,マルモリキング,牡4,57.0,泉谷楓真,1:25.5,2,19.6,6.0,528(-4),[西] 大橋勇樹,202407030212
9,7,11,スターチスブーケ,牝3,54.0,鮫島克駿,1:25.9,2.1/2,21.8,7.0,500(+2),[西] 清水久詞,202407030212
10,5,7,テーオールノワール,セ6,58.0,加藤祥太,1:26.1,1.1/4,320.3,13.0,500(-4),[西] 梅田智之,202407030212
11,2,2,グランファラオ,牡4,55.0,吉村誠之,1:26.2,クビ,5.3,3.0,512(0),[西] 高橋義忠,202407030212
12,8,13,オールドマイン,牡3,56.0,西村淳也,1:26.8,3.1/2,80.5,11.0,502(-4),[西] 池江泰寿,202407030212
13,6,8,フリースタイル,牝4,56.0,国分優作,1:27.1,2,173.6,12.0,492(-2),[西] 畑端省吾,202407030212
1,3,3,ヤマニンシュラ,牡2,55.0,川田将雅,1:25.3,,2.0,1.0,462(-2),[西] 斉藤崇史,202407030301
2,8,8,モレポブラーノ,牡2,55.0,鮫島克駿,1:25.4,1/2,2.5,2.0,526(+10),[西] 庄野靖志,202407030301
3,2,2,サンライズブレイク,牡2,55.0,幸英明,1:25.8,2.1/2,18.9,5.0,488(+8),[西] 浜田多実,202407030301
4,5,5,ウォーターパラディ,牡2,55.0,菱田裕二,1:25.8,クビ,6.2,3.0,452(-6),[西] 岡田稲男,202407030301
5,6,6,ボールドハーテッド,牡2,55.0,和田竜二,1:26.3,3,8.8,4.0,446(0),[西] 鈴木孝志,202407030301
6,1,1,ホワイトアッシュ,牡2,51.0,河原田菜,1:26.7,2.1/2,97.3,7.0,474(+4),[西] 庄野靖志,202407030301
7,8,9,ランワールドワン,牡2,55.0,国分優作,1:27.3,3.1/2,51.2,6.0,474(+4),[西] 中尾秀正,202407030301
8,7,7,スパイスマン,牡2,52.0,吉村誠之,1:27.3,クビ,121.0,9.0,426(+4),[西] 西村真幸,202407030301
9,4,4,プライムクオリティ,牡2,55.0,国分恭介,1:28.3,6,120.2,8.0,466(0),[西] 西園翔太,202407030301
1,6,6,メルキオル,牡2,55.0,川田将雅,1:53.4,,2.3,1.0,474(+6),[西] 松永幹夫,202407030302
2,1,1,ニヒトツーゼーア,牡2,52.0,柴田裕一,1:55.7,大,3.9,3.0,502(-12),[西] 中竹和也,202407030302
3,7,7,サンライズフーガ,牡2,55.0,菱田裕二,1:55.8,1,9.6,5.0,462(+8),[西] 河内洋,202407030302
4,4,4,カガセブンスター,牡2,55.0,中井裕二,1:55.9,1/2,6.2,4.0,452(+2),[西] 安達昭夫,202407030302
5,2,2,ハッピールンナ,牝2,55.0,国分優作,1:56.5,4,73.1,7.0,474(0),[西] 大根田裕,202407030302
6,3,3,イージーゴーイング,牡2,54.0,小沢大仁,1:56.7,3/4,90.0,8.0,464(-6),[西] 飯田祐史,202407030302
7,5,5,ムーンナイト,牡2,55.0,ルメール,1:59.2,大,3.8,2.0,520(0),[東] 黒岩陽一,202407030302
8,8,8,アカイツメ,牝2,55.0,亀田温心,1:59.7,3,47.2,6.0,428(-8),[西] 北出成人,202407030302
1,6,11,ウォーターガーベラ,牝2,54.0,西塚洸二,1:34.3,,12.8,5.0,440(-2),[西] 河内洋,202407030303
2,3,5,ニシノイツキムスメ,牝2,55.0,和田竜二,1:34.4,1/2,19.5,7.0,402(-24),[西] 北出成人,202407030303
3,4,6,アメリータ,牝2,55.0,西村淳也,1:34.5,クビ,97.2,12.0,424(+2),[西] 今野貞一,202407030303
4,6,10,ランフォースマイル,牝2,55.0,酒井学,1:34.6,1/2,5.8,2.0,450(+10),[西] 渡辺薫彦,202407030303
5,3,4,ハリウッドメモリー,牝2,55.0,川田将雅,1:34.7,1/2,2.0,1.0,446(-2),[西] 長谷川浩,202407030303
6,8,15,エイプリルインパリ,牝2,55.0,鮫島克駿,1:34.8,1/2,6.9,3.0,442(-4),[西] 高橋義忠,202407030303
7,7,13,セレーネアステール,牝2,55.0,松山弘平,1:34.9,1,27.6,10.0,408(+2),[西] 武幸四郎,202407030303
8,1,1,ノワナ,牝2,55.0,Ｍ．デム,1:35.1,1,98.3,13.0,432(+2),[西] 浜田多実,202407030303
9,5,9,ギザキズラヴ,牝2,55.0,北村友一,1:35.1,クビ,14.3,6.0,436(-4),[西] 藤原英昭,202407030303
10,8,14,サーリアル,牝2,55.0,幸英明,1:35.1,クビ,84.9,11.0,406(+4),[西] 宮徹,202407030303
11,5,8,アスターシッキム,牝2,55.0,富田暁,1:35.2,1/2,25.0,8.0,464(+4),[西] 森田直行,202407030303
12,2,2,スーパーチャンド,牝2,52.0,高杉吏麒,1:35.3,1/2,274.1,15.0,446(-4),[西] 西村真幸,202407030303
13,4,7,カルミアクラウン,牝2,55.0,ルメール,1:35.5,1.1/4,12.1,4.0,444(+4),[西] 吉岡辰弥,202407030303
14,2,3,ドラゴンガール,牝2,55.0,岩田望来,1:35.6,1/2,26.8,9.0,468(-2),[西] 鈴木孝志,202407030303
15,7,12,インナモラート,牝2,55.0,武豊,1:35.7,クビ,115.3,14.0,472(0),[西] 千田輝彦,202407030303
1,4,5,ラミアストラーダ,牡4,55.0,高杉吏麒,2:00.2,,20.3,8.0,476(+24),[西] 田中克典,202407030304
2,5,7,ジュンラトゥール,牡3,55.0,和田竜二,2:00.4,1.1/4,5.5,3.0,468(+12),[西] 浜田多実,202407030304
3,8,13,エアフォースワン,牡5,58.0,幸英明,2:00.5,1/2,5.7,4.0,470(-2),[西] 大根田裕,202407030304
4,3,3,ワンパット,牡3,55.0,太宰啓介,2:00.8,1.3/4,3.1,1.0,478(+4),[西] 高橋亮,202407030304
5,6,8,ディズレーリ,セ4,58.0,西村淳也,2:01.0,1.1/2,12.6,6.0,504(-2),[東] 池上昌和,202407030304
6,1,1,ニホンピロゴルディ,牡3,55.0,菱田裕二,2:01.2,1.1/2,96.6,13.0,452(-2),[西] 安達昭夫,202407030304
7,7,10,メイショウマジック,牡4,55.0,川端海翼,2:01.2,ハナ,12.4,5.0,496(-2),[西] 四位洋文,202407030304
8,7,11,ベファーナ,牝4,56.0,川須栄彦,2:01.3,クビ,43.9,9.0,502(+7),[西] 松下武士,202407030304
9,2,2,オイデレオ,牡3,55.0,城戸義政,2:01.7,2.1/2,61.8,11.0,500(-4),[西] 荒川義之,202407030304
10,4,4,ハットリ,牡4,58.0,川又賢治,2:01.8,1/2,94.8,12.0,512(-2),[西] 吉村圭司,202407030304
11,5,6,レーヴドレフォン,牝3,50.0,古川奈穂,2:02.0,1.1/2,4.3,2.0,466(-10),[西] 矢作芳人,202407030304
12,8,12,ピカレスクノベル,牡3,54.0,小沢大仁,2:02.7,4,17.2,7.0,518(+6),[西] 高橋義忠,202407030304
13,6,9,アスターチェンチ,牡4,58.0,国分優作,2:03.1,2.1/2,58.0,10.0,514(-14),[西] 河嶋宏樹,202407030304
1,8,10,ナムラクララ,牝2,55.0,浜中俊,1:22.2,,6.4,5.0,472(0),[西] 長谷川浩,202407030305
2,6,6,コルドンブルー,牝2,55.0,鮫島克駿,1:22.4,3/4,16.8,8.0,438(0),[西] 松永幹夫,202407030305
3,7,8,モンタルチーノ,牡2,55.0,西村淳也,1:22.5,1,3.5,1.0,500(0),[西] 庄野靖志,202407030305
4,1,1,ヘルヴェティオス,牡2,55.0,ルメール,1:22.5,ハナ,4.6,2.0,440(0),[東] 金成貴史,202407030305
5,4,4,エスペシャリー,牝2,55.0,藤岡佑介,1:22.5,アタマ,15.3,7.0,446(0),[西] 四位洋文,202407030305
6,3,3,レインオンミー,牡2,55.0,川田将雅,1:22.6,1/2,6.1,3.0,470(0),[西] 福永祐一,202407030305
7,8,11,グリフォン,牝2,55.0,団野大成,1:23.1,2.1/2,74.6,10.0,416(0),[西] 小椋研介,202407030305
8,2,2,セサンパ,牝2,55.0,松山弘平,1:23.1,アタマ,19.2,9.0,438(0),[西] 寺島良,202407030305
9,6,7,オルミラベル,牝2,55.0,岩田望来,1:23.2,3/4,6.3,4.0,458(0),[西] 上村洋行,202407030305
10,7,9,ラミントン,牝2,55.0,北村友一,1:23.3,クビ,12.1,6.0,484(0),[西] 清水久詞,202407030305
11,5,5,カルストンブランド,牝2,55.0,国分優作,1:24.5,7,197.2,11.0,422(0),[西] 大根田裕,202407030305
1,3,6,レディントン,牡3,56.0,団野大成,1:32.4,,26.0,9.0,482(+2),[西] 杉山晴紀,202407030306
2,8,16,ブリックワーク,牝3,53.0,西塚洸二,1:32.7,2,9.0,6.0,432(0),[西] 辻野泰之,202407030306
3,4,8,オタルグリーン,牝3,54.0,ルメール,1:32.8,アタマ,7.2,5.0,442(+2),[西] 中竹和也,202407030306
4,7,13,グロリアラウス,セ3,56.0,幸英明,1:32.8,アタマ,17.5,7.0,484(-12),[西] 斉藤崇史,202407030306
5,5,10,デルシエロ,牡3,56.0,三浦皇成,1:32.8,クビ,57.0,11.0,408(+6),[西] 清水久詞,202407030306
6,6,12,アンテロース,牡4,58.0,菱田裕二,1:32.9,クビ,86.8,14.0,450(+6),[西] 岡田稲男,202407030306
7,6,11,メイショウノブカ,牝4,56.0,Ｍ．デム,1:32.9,クビ,4.7,2.0,514(0),[西] 本田優,202407030306
8,7,14,アルトゥーム,牡3,56.0,藤岡佑介,1:32.9,アタマ,4.4,1.0,424(-4),[西] 藤岡健一,202407030306
9,3,5,ニホンピロマリブ,牡6,58.0,高倉稜,1:33.1,1.1/4,220.0,16.0,450(-14),[西] 安達昭夫,202407030306
10,4,7,クラシックステップ,牡5,55.0,吉村誠之,1:33.1,ハナ,66.5,12.0,490(+4),[西] 高橋一哉,202407030306
11,1,1,パシフィックハイ,牝3,54.0,川田将雅,1:33.2,3/4,6.8,4.0,460(+12),[西] 杉山佳明,202407030306
12,2,4,ナムライリス,牝3,51.0,柴田裕一,1:33.3,アタマ,74.3,13.0,442(+12),[西] 中竹和也,202407030306
13,2,3,テンクウハット,牝4,52.0,河原田菜,1:33.4,1,24.4,8.0,470(0),[西] 渡辺薫彦,202407030306
14,5,9,グラヴィス,牡3,56.0,北村友一,1:33.7,2,5.4,3.0,494(-8),[西] 矢作芳人,202407030306
15,8,15,レオンバローズ,牡5,58.0,岩田望来,1:33.8,クビ,34.1,10.0,472(0),[西] 渡辺薫彦,202407030306
16,1,2,ハートループ,牝4,56.0,斎藤新,1:34.0,1.1/2,95.6,15.0,476(+6),[西] 小椋研介,202407030306
1,7,13,ルージュシェノン,牝5,56.0,西村淳也,1:11.6,,7.4,4.0,460(0),[西] 石坂公一,202407030307
2,8,15,ヤマカツパトリシア,牝7,53.0,吉村誠之,1:11.6,ハナ,7.1,3.0,472(-2),[西] 谷潔,202407030307
3,2,3,クリニエールグラス,牝5,53.0,高杉吏麒,1:11.7,3/4,8.3,5.0,462(+2),[西] 浜田多実,202407030307
4,8,14,イエデゴロゴロ,牝3,54.0,和田竜二,1:11.9,3/4,26.1,10.0,430(-8),[西] 畑端省吾,202407030307
5,1,1,カネトシフラム,牝4,56.0,太宰啓介,1:12.0,3/4,16.9,8.0,474(+10),[西] 大橋勇樹,202407030307
6,3,4,アンジュグルーヴ,牝3,54.0,横山典弘,1:12.1,クビ,3.9,1.0,498(+6),[西] 安田翔伍,202407030307
7,2,2,ペレグリン,牝3,52.0,永島まな,1:12.1,アタマ,4.9,2.0,430(-6),[西] 河嶋宏樹,202407030307
8,3,5,ロンシャンクイーン,牝4,53.0,鷲頭虎太,1:12.2,クビ,42.6,12.0,440(+8),[西] 野中賢二,202407030307
9,7,12,クインズシャウラ,牝3,53.0,西塚洸二,1:12.2,ハナ,32.5,11.0,410(-8),[西] 野中賢二,202407030307
10,5,9,チアフルヴォイス,牝3,54.0,菱田裕二,1:12.3,1/2,19.2,9.0,450(+4),[西] 坂口智康,202407030307
11,4,7,アマミツツキ,牝3,51.0,柴田裕一,1:12.5,1.1/4,45.5,13.0,462(0),[西] 宮本博,202407030307
12,6,10,ノビル,牝3,54.0,岩田望来,1:12.8,1.3/4,13.1,7.0,428(-4),[西] 鈴木孝志,202407030307
13,4,6,エリカソレイユ,牝4,55.0,小沢大仁,1:13.3,3.1/2,92.9,14.0,422(+8),[西] 茶木太樹,202407030307
14,5,8,エンジェルスノー,牝3,54.0,幸英明,1:13.3,ハナ,12.5,6.0,472(+2),[西] 岡田稲男,202407030307
15,6,11,ニュージェネラル,牝3,54.0,高倉稜,1:13.6,1.3/4,101.0,15.0,458(0),[西] 武英智,202407030307
1,1,1,サペラヴィ,牡7,60.0,江田勇亮,3:39.0,,4.4,3.0,480(+6),[東] 南田美知,202407030308
2,2,2,テイエムタツマキ,牡6,60.0,田村太雅,3:39.7,4,4.2,2.0,508(+2),[西] 武英智,202407030308
3,3,3,ネビーイーム,牡6,60.0,小牧加矢,3:39.9,1.1/4,3.1,1.0,536(0),[西] 佐々木晶,202407030308
4,5,6,ファルヴォーレ,牡6,60.0,難波剛健,3:40.0,クビ,29.9,9.0,454(-2),[西] 高橋義忠,202407030308
5,6,7,レディステディゴー,牡6,60.0,中村将之,3:40.5,3,25.4,7.0,508(-6),[西] 中村直也,202407030308
6,6,8,メイショウハチク,セ10,60.0,森一馬,3:40.6,3/4,38.8,10.0,466(-4),[西] 安達昭夫,202407030308
7,8,11,ケンアンビシャス,牡6,60.0,五十嵐雄,3:40.7,1/2,13.4,6.0,482(0),[東] 久保田貴,202407030308
8,7,10,オメガリッチマン,牡4,60.0,高田潤,3:40.8,1/2,7.2,4.0,446(-6),[西] 安田翔伍,202407030308
9,4,4,ザメイダン,牡8,60.0,上野翔,3:40.8,クビ,9.5,5.0,482(-14),[東] 新開幸一,202407030308
10,5,5,プラチナドリーム,牡5,60.0,黒岩悠,3:42.1,8,26.0,8.0,474(+4),[西] 平田修,202407030308
11,7,9,ジャディード,牡9,60.0,石神深一,3:42.9,5,129.7,12.0,462(-2),[東] 小島茂之,202407030308
中,8,12,コルドゥーン,牡8,60.0,坂口智康,,,106.1,11.0,468(+4),[東] 石栗龍彦,202407030308
1,3,3,スリールミニョン,牝2,55.0,永島まな,1:20.7,,15.0,5.0,436(+2),[西] 高橋康之,202407030309
2,5,5,ブルーサンセット,牝2,55.0,西村淳也,1:20.8,クビ,4.5,4.0,436(-2),[西] 奥村豊,202407030309
3,2,2,ウィルサヴァイブ,牝2,55.0,川田将雅,1:21.0,1.1/4,3.1,2.0,428(0),[西] 須貝尚介,202407030309
4,1,1,メイショウツヨキ,牡2,55.0,北村友一,1:21.0,クビ,2.7,1.0,458(0),[西] 飯田祐史,202407030309
5,4,4,ブルーレース,牝2,55.0,三浦皇成,1:21.9,5,3.6,3.0,454(-2),[西] 宮本博,202407030309
1,2,2,ポッドロゴ,牡3,55.0,松山弘平,1:52.9,,3.4,2.0,470(0),[西] 西園正都,202407030310
2,5,5,ダノンピレネー,牡3,55.0,川田将雅,1:53.1,1.1/2,1.5,1.0,534(-6),[西] 高柳大輔,202407030310
3,1,1,ダディーズトリップ,牡8,58.0,幸英明,1:53.4,2,43.0,7.0,460(-2),[西] 千田輝彦,202407030310
4,7,10,ワンダフルトゥデイ,牡5,58.0,水口優也,1:53.5,アタマ,19.9,5.0,530(+2),[西] 中尾秀正,202407030310
5,8,12,メイショウシロガネ,牡6,58.0,浜中俊,1:53.5,アタマ,160.4,11.0,462(-2),[西] 笹田和秀,202407030310
6,4,4,オーケーカルメン,牝3,53.0,団野大成,1:53.5,クビ,8.7,3.0,420(+2),[西] 奥村豊,202407030310
7,7,9,スナークレジスト,牡7,58.0,和田竜二,1:53.8,1.3/4,161.2,12.0,518(-4),[西] 庄野靖志,202407030310
8,6,7,クリノクリスタル,牝4,56.0,小沢大仁,1:53.9,クビ,125.7,9.0,466(-4),[西] 大橋勇樹,202407030310
9,3,3,トーアライデン,牡4,58.0,鮫島克駿,1:54.3,2.1/2,28.7,6.0,500(0),[西] 河嶋宏樹,202407030310
10,8,11,サルサディーバ,牝5,56.0,川須栄彦,1:54.3,ハナ,143.3,10.0,476(-4),[西] 緒方努,202407030310
11,6,8,シュガーコルト,セ5,58.0,小崎綾也,1:58.6,大,98.5,8.0,500(+10),[西] 寺島良,202407030310
中,5,6,クリノグローリー,牡4,58.0,菱田裕二,,,19.0,4.0,478(-8),[西] 谷潔,202407030310
1,6,6,フライライクバード,セ7,56.0,ルメール,1:58.2,,5.3,3.0,456(+4),[西] 福永祐一,202407030311
2,6,7,マキシ,牡4,56.0,川田将雅,1:58.5,1.1/2,3.0,1.0,518(+18),[西] 辻野泰之,202407030311
3,4,4,ベラジオソノダラブ,牡4,53.0,国分優作,1:58.8,2,288.0,11.0,472(-8),[西] 小椋研介,202407030311
4,3,3,マイネルケレリウス,牡4,55.0,石川裕紀,1:58.8,クビ,6.2,5.0,424(+2),[東] 奥村武,202407030311
5,8,10,マイネルメモリー,牡4,55.0,和田竜二,1:58.9,クビ,5.1,2.0,454(-6),[西] 宮徹,202407030311
6,5,5,ダンディズム,セ8,57.0,富田暁,1:59.0,1,7.8,6.0,468(+2),[西] 野中賢二,202407030311
7,1,1,ハーランズハーツ,牡7,54.0,藤岡佑介,1:59.7,4,139.2,9.0,436(-8),[西] 橋口慎介,202407030311
8,7,8,カレンルシェルブル,牡6,57.0,中井裕二,1:59.8,3/4,33.2,7.0,512(0),[西] 安田翔伍,202407030311
9,7,9,ガストリック,牡4,57.0,三浦皇成,2:00.0,1.1/2,5.6,4.0,536(-4),[東] 上原博之,202407030311
10,8,11,アスクワイルドモア,牡5,55.0,小崎綾也,2:00.2,1,143.0,10.0,474(-14),[西] 藤原英昭,202407030311
11,2,2,ニホンピロスクーロ,セ7,54.0,高倉稜,2:00.9,4,40.6,8.0,510(+2),[西] 安達昭夫,202407030311
1,3,4,ラブコメディ,牝3,54.0,鮫島克駿,1:23.6,,5.9,4.0,448(+2),[西] 寺島良,202407030312
2,6,11,タイセイブロウ,牡3,56.0,Ｍ．デム,1:24.1,3,9.6,5.0,496(-10),[西] 平田修,202407030312
3,7,13,エコロネオ,牡3,56.0,武豊,1:24.4,1.1/2,4.6,2.0,480(+6),[西] 森秀行,202407030312
4,1,1,テイエムヒショウ,牡4,58.0,田中健,1:24.7,2,51.3,13.0,484(-17),[西] 浜田多実,202407030312
5,3,5,タイセイレスポンス,牡3,56.0,横山典弘,1:24.7,クビ,4.1,1.0,502(+8),[西] 安田翔伍,202407030312
6,5,8,レゾルシオン,牡4,58.0,三浦皇成,1:24.7,ハナ,63.1,14.0,480(+2),[西] 鈴木孝志,202407030312
7,6,10,ウインドワンピース,牡4,58.0,幸英明,1:24.9,1.1/4,93.8,15.0,500(-2),[西] 藤沢則雄,202407030312
8,2,3,サドル,牡5,58.0,岩田康誠,1:25.0,クビ,35.8,11.0,488(-2),[西] 庄野靖志,202407030312
9,4,6,ルールシェーバー,牡7,58.0,国分恭介,1:25.0,クビ,15.8,6.0,478(-2),[西] 北出成人,202407030312
10,8,14,スターチスブーケ,牝3,51.0,吉村誠之,1:25.1,1/2,41.4,12.0,494(-6),[西] 清水久詞,202407030312
11,4,7,サンダーバース,牡3,53.0,高杉吏麒,1:25.2,クビ,5.3,3.0,476(+2),[西] 高柳大輔,202407030312
12,2,2,キスオンザチーク,牝4,56.0,小崎綾也,1:25.9,4,27.0,9.0,510(+6),[西] 小崎憲,202407030312
13,7,12,ドライグ,牡4,58.0,国分優作,1:26.4,3,19.2,8.0,444(-6),[西] 大根田裕,202407030312
14,8,15,ベレニーチェ,牝3,54.0,高倉稜,1:26.6,1.1/2,28.2,10.0,470(+2),[西] 武英智,202407030312
15,5,9,エコロカイザー,牡3,56.0,松山弘平,1:26.8,1.1/4,18.7,7.0,518(-12),[東] 堀宣行,202407030312
1,7,7,ニシノパプルブリリ,牝4,58.0,伴啓太,3:19.3,,3.0,2.0,480(+4),[東] 矢野英一,202407030401
2,8,9,カイトレッド,牝7,58.0,上野翔,3:19.9,3.1/2,9.2,4.0,482(0),[東] 和田雄二,202407030401
3,8,10,ザスリーサーティ,牡9,60.0,五十嵐雄,3:20.0,1/2,2.5,1.0,484(0),[東] 尾形和幸,202407030401
4,5,5,プリンセスララア,牝7,58.0,大江原圭,3:20.9,5,167.2,9.0,424(-8),[東] 的場均,202407030401
5,1,1,テイエムエメラルド,牝6,58.0,難波剛健,3:21.0,クビ,23.7,7.0,462(+2),[西] 小椋研介,202407030401
6,4,4,ヨドノマックス,牡5,60.0,石神深一,3:23.8,大,10.3,5.0,464(-2),[東] 矢嶋大樹,202407030401
7,3,3,ヒルノショパン,牡5,60.0,森一馬,3:25.1,8,5.5,3.0,444(-2),[西] 昆貢,202407030401
8,7,8,クラウンアラビアン,牡3,58.0,小牧加矢,3:26.5,9,11.6,6.0,472(+4),[西] 角田晃一,202407030401
9,2,2,リュウノハイル,牡3,58.0,江田勇亮,3:26.9,2.1/2,105.9,8.0,460(0),[東] 伊藤伸一,202407030401
中,6,6,ディベルティール,セ6,60.0,中村将之,,,167.7,10.0,506(-4),[西] 藤野健太,202407030401
1,6,6,オトメナシャチョウ,牝2,55.0,松山弘平,1:10.7,,1.1,1.0,478(-2),[西] 森秀行,202407030402
2,8,9,サファリ,牡2,55.0,幸英明,1:11.6,5,22.3,3.0,462(0),[西] 浜田多実,202407030402
3,1,1,ソイジャガー,牝2,55.0,川須栄彦,1:11.7,3/4,120.2,8.0,458(+2),[西] 中尾秀正,202407030402
4,8,8,テイエムダイタカ,牡2,55.0,富田暁,1:11.8,クビ,120.5,9.0,440(-6),[西] 木原一良,202407030402
5,2,2,ダイメイハマダ,牡2,52.0,高杉吏麒,1:12.3,3,39.9,5.0,460(+12),[西] 本田優,202407030402
6,7,7,カリスパール,牝2,52.0,橋木太希,1:12.9,3.1/2,101.6,7.0,478(+10),[西] 村山明,202407030402
7,4,4,ディープボウ,牝2,55.0,中井裕二,1:12.9,ハナ,31.0,4.0,454(-6),[西] 庄野靖志,202407030402
8,5,5,コパノキュラソー,牡2,51.0,河原田菜,1:13.2,1.3/4,46.2,6.0,506(0),[西] 宮徹,202407030402
9,3,3,サマーエンジェル,牝2,55.0,西村淳也,1:14.3,7,10.6,2.0,452(-4),[西] 高橋一哉,202407030402
1,3,3,ハイファイスピード,牝2,55.0,国分恭介,1:09.5,,4.0,3.0,452(+6),[西] 宮本博,202407030403
2,5,5,マギームーン,牝2,55.0,武豊,1:10.0,3,18.8,6.0,406(-10),[西] 庄野靖志,202407030403
3,1,1,パリコレジェンヌ,牝2,55.0,和田竜二,1:10.1,1/2,2.9,1.0,456(+10),[西] 鈴木孝志,202407030403
4,8,8,テーオーシュターデ,牝2,54.0,泉谷楓真,1:10.4,2,3.7,2.0,412(0),[西] 宮徹,202407030403
5,7,7,エルモッソペンドロ,牡2,52.0,吉村誠之,1:10.4,ハナ,19.5,7.0,408(+6),[西] 西村真幸,202407030403
6,6,6,バイオサファイア,牝2,53.0,永島まな,1:10.4,ハナ,5.4,4.0,394(-6),[西] 中村直也,202407030403
7,2,2,ウインコンパス,牡2,55.0,西村淳也,1:12.3,大,10.0,5.0,434(0),[西] 西園正都,202407030403
8,4,4,ラッキーキャット,牝2,52.0,鷲頭虎太,1:12.3,アタマ,150.4,8.0,390(+2),[西] 大根田裕,202407030403
1,1,1,キタノサワヤカ,牡2,55.0,池添謙一,1:53.9,,74.3,8.0,446(0),[西] 吉田直弘,202407030404
2,6,6,ザハント,牡2,55.0,浜中俊,1:54.2,1.1/2,11.3,6.0,486(0),[西] 田中克典,202407030404
3,7,7,ロックウイズユー,牡2,52.0,橋木太希,1:54.4,1.1/2,9.9,5.0,444(0),[西] 西園正都,202407030404
4,3,3,ヴァンアグレアブル,牝2,55.0,松山弘平,1:54.5,クビ,3.2,2.0,514(0),[西] 橋口慎介,202407030404
5,2,2,ディアマイハニー,牝2,55.0,水口優也,1:55.1,3.1/2,38.4,7.0,456(0),[西] 中尾秀正,202407030404
6,4,4,エンゲージプライド,牡2,55.0,西村淳也,1:56.8,10,4.8,3.0,486(0),[西] 新谷功一,202407030404
7,5,5,メイショウテンテン,牡2,55.0,岩田望来,1:56.8,アタマ,8.2,4.0,448(0),[西] 牧浦充徳,202407030404
8,8,9,メイショウサノサ,牝2,55.0,加藤祥太,1:56.9,クビ,102.2,9.0,420(0),[西] 庄野靖志,202407030404
中,8,8,テイエムライダー,牡2,55.0,ルメール,,,2.6,1.0,468(0),[東] 伊藤圭三,202407030404
1,5,5,スリーキングス,牡2,55.0,岩田康誠,2:02.9,,1.7,1.0,494(0),[西] 上村洋行,202407030405
2,3,3,キントラダンサー,牝2,54.0,西塚洸二,2:03.0,1/2,14.2,5.0,460(0),[西] 長谷川浩,202407030405
3,1,1,エンマ,牡2,55.0,ルメール,2:04.1,7,10.0,4.0,462(0),[西] 武英智,202407030405
4,7,7,サンライズロジャー,牡2,52.0,吉村誠之,2:04.6,3,60.4,9.0,502(0),[西] 新谷功一,202407030405
5,2,2,アスクコモンタレヴ,牡2,55.0,岩田望来,2:04.7,1/2,30.1,7.0,454(0),[西] 梅田智之,202407030405
6,6,6,ネトル,牝2,53.0,永島まな,2:04.8,1/2,51.8,8.0,390(0),[西] 高橋康之,202407030405
7,8,8,スルーザナイト,牝2,55.0,松山弘平,2:05.4,3.1/2,5.5,3.0,462(0),[西] 西園翔太,202407030405
8,4,4,フェアリーグレン,牝2,55.0,川田将雅,2:05.9,3.1/2,5.2,2.0,434(0),[西] 吉田直弘,202407030405
9,8,9,セレジェイラ,牝2,55.0,西村淳也,2:06.2,1.3/4,15.3,6.0,478(0),[西] 西村真幸,202407030405
1,2,2,ゼットレジーナ,牝3,53.0,川田将雅,1:51.5,,9.2,4.0,438(+4),[西] 吉田直弘,202407030406
2,7,10,メイショウタムシバ,牝3,53.0,武豊,1:51.6,1/2,2.3,1.0,426(+2),[西] 飯田祐史,202407030406
3,7,9,モモンウールー,牝3,50.0,吉村誠之,1:51.7,クビ,3.1,2.0,450(+2),[西] 池添学,202407030406
4,8,12,シンコーナホチャン,牝3,53.0,国分優作,1:51.8,3/4,7.0,3.0,472(+6),[西] 畑端省吾,202407030406
5,8,11,ラッキーマリリン,牝3,53.0,和田竜二,1:52.5,4,22.3,6.0,468(-10),[西] 鈴木孝志,202407030406
6,3,3,ハイウェイスター,牝3,53.0,北村友一,1:52.8,1.3/4,14.4,5.0,488(+14),[西] 宮本博,202407030406
7,5,5,タマモナポリ,牝3,50.0,柴田裕一,1:52.9,1,27.3,8.0,458(+8),[西] 河嶋宏樹,202407030406
8,4,4,マベルシュシュット,牝3,53.0,鮫島克駿,1:53.6,4,71.3,10.0,478(+22),[西] 今野貞一,202407030406
9,5,6,ジュリアスローズ,牝3,52.0,松本大輝,1:54.0,2.1/2,97.2,11.0,452(-1),[西] 新谷功一,202407030406
10,6,7,ゴーダンシング,牝3,51.0,永島まな,1:54.9,5,110.1,12.0,466(0),[西] 武英智,202407030406
11,1,1,リエータメンテ,牝3,52.0,西塚洸二,1:55.0,クビ,35.7,9.0,470(-2),[西] 藤原英昭,202407030406
12,6,8,コムルヴァン,牝3,53.0,Ｍ．デム,1:55.1,1,22.8,7.0,476(+18),[西] 藤岡健一,202407030406
1,6,9,ライジン,牡4,58.0,岩田望来,1:09.8,,2.9,1.0,488(-4),[西] 池添学,202407030407
2,7,11,キーウィル,牡4,55.0,川端海翼,1:10.1,1.3/4,126.6,12.0,498(-11),[西] 宮徹,202407030407
3,4,5,モンシェリ,牝3,51.0,吉村誠之,1:10.3,1.1/4,13.1,5.0,458(+6),[西] 牧田和弥,202407030407
4,1,1,エピファドール,牝3,54.0,武豊,1:10.5,1.1/4,4.9,3.0,470(+2),[西] 石橋守,202407030407
5,5,7,ワークソング,牡3,56.0,西村淳也,1:10.5,アタマ,9.3,4.0,482(-2),[西] 牧浦充徳,202407030407
6,6,8,スターザサンライズ,牝5,55.0,西塚洸二,1:10.6,3/4,31.1,8.0,462(+12),[西] 小椋研介,202407030407
7,8,13,ニホンピロカラット,牡3,56.0,和田竜二,1:10.7,クビ,2.9,2.0,504(+6),[西] 大橋勇樹,202407030407
8,8,12,ウエスタンシーズン,牡3,53.0,橋木太希,1:10.7,クビ,67.3,10.0,542(0),[西] 西園正都,202407030407
9,3,3,アナスタシス,牝3,50.0,河原田菜,1:10.9,1,24.8,7.0,462(-10),[西] 岡田稲男,202407030407
10,4,4,レインメーカー,牡4,58.0,藤岡佑介,1:10.9,クビ,104.6,11.0,454(-2),[西] 安田翔伍,202407030407
11,5,6,シグルドリーヴァ,牝5,55.0,角田大和,1:11.0,1/2,19.8,6.0,472(+6),[西] 佐々木晶,202407030407
12,2,2,セントキルダ,牡3,53.0,高杉吏麒,1:12.7,10,51.8,9.0,470(-6),[西] 音無秀孝,202407030407
13,7,10,サンシャインドナウ,牝3,54.0,古川吉洋,1:14.1,8,226.8,13.0,502(+10),[西] 牧田和弥,202407030407
1,4,4,スリリングチェイス,牡4,58.0,西村淳也,1:50.5,,1.8,1.0,510(0),[西] 渡辺薫彦,202407030408
2,5,5,アリエスキング,牡3,55.0,戸崎圭太,1:50.9,2.1/2,3.0,2.0,454(+4),[西] 庄野靖志,202407030408
3,8,12,グランドセントラル,牡3,55.0,和田竜二,1:50.9,クビ,17.8,5.0,466(+2),[西] 北出成人,202407030408
4,7,10,レーウィン,セ3,55.0,岩田康誠,1:51.5,3.1/2,7.1,3.0,506(0),[西] 上村洋行,202407030408
5,1,1,ケイアイメキラ,セ4,58.0,亀田温心,1:51.6,3/4,18.1,6.0,466(+16),[西] 村山明,202407030408
6,8,11,フラッシング,牡3,55.0,Ｍ．デム,1:52.3,4,17.0,4.0,474(-4),[西] 牧浦充徳,202407030408
7,6,8,ヒルノアントラ,セ7,58.0,太宰啓介,1:52.4,クビ,94.0,10.0,470(-4),[西] 昆貢,202407030408
8,2,2,ララマルシュドロワ,セ4,58.0,国分優作,1:52.6,1.1/2,36.7,7.0,478(+4),[西] 坂口智康,202407030408
9,5,6,フユソウビ,牡3,55.0,川須栄彦,1:52.6,クビ,296.0,12.0,460(-6),[東] 青木孝文,202407030408
10,6,7,ジャスパーワールド,セ4,55.0,吉村誠之,1:53.4,5,60.5,9.0,512(-20),[西] 森秀行,202407030408
11,3,3,ナムラレイ,牡3,55.0,団野大成,1:53.5,1/2,109.9,11.0,440(-20),[西] 荒川義之,202407030408
12,7,9,ゴールドローズ,牝5,52.0,河原田菜,1:53.7,1,56.2,8.0,438(0),[西] 飯田祐史,202407030408
1,2,2,アドマイヤテラ,牡3,55.0,ルメール,2:12.4,,1.5,1.0,478(-2),[西] 友道康夫,202407030409
2,7,8,ナムラフッカー,牡3,54.0,武豊,2:12.7,2,4.3,2.0,470(0),[西] 村山明,202407030409
3,3,3,ウインオーディン,牡4,58.0,岩田望来,2:12.8,1/2,5.3,3.0,482(-2),[東] 鹿戸雄一,202407030409
4,6,6,キングサーガ,セ7,55.0,北村友一,2:13.4,3.1/2,32.0,6.0,488(-6),[西] 小栗実,202407030409
5,4,4,リッチブラック,牡5,54.0,西村淳也,2:13.9,3,15.7,4.0,470(0),[西] 西村真幸,202407030409
6,5,5,ライフセービング,牡3,54.0,鮫島克駿,2:14.1,1.1/4,30.8,5.0,440(-10),[西] 宮徹,202407030409
7,7,7,ミアステラ,牡5,54.0,幸英明,2:14.1,ハナ,67.6,8.0,506(0),[西] 大根田裕,202407030409
8,1,1,ダノンソフィア,牝5,53.0,角田大和,2:15.1,6,33.8,7.0,512(-2),[西] 佐々木晶,202407030409
9,8,10,サイモンルモンド,セ7,53.0,永島まな,2:15.6,3,161.3,9.0,450(+2),[東] 根本康広,202407030409
10,8,9,キタノセレナード,牡5,54.0,国分優作,2:16.8,7,189.1,10.0,448(-6),[西] 坂口智康,202407030409
1,1,2,ペイシャフラワー,牝4,56.0,永島まな,1:33.5,,39.7,12.0,464(+2),[西] 高橋康之,202407030410
2,2,4,サクセスアイ,牝4,56.0,池添謙一,1:33.7,1.1/2,12.1,5.0,440(-2),[西] 北出成人,202407030410
3,5,10,ユハンヌス,牡4,58.0,西塚洸二,1:33.7,クビ,17.1,6.0,476(0),[西] 大久保龍,202407030410
4,8,15,テーオーグランビル,牡4,58.0,岩田望来,1:33.9,3/4,21.2,7.0,496(0),[西] 上村洋行,202407030410
5,1,1,タイゲン,牡5,58.0,和田竜二,1:34.0,3/4,35.4,11.0,472(0),[西] 平田修,202407030410
6,4,8,アルセナール,牝3,54.0,ルメール,1:34.0,クビ,3.5,1.0,450(+6),[東] 木村哲也,202407030410
7,4,7,アイスグリーン,牡4,58.0,松山弘平,1:34.0,ハナ,4.5,3.0,482(+4),[西] 池添学,202407030410
8,3,6,ダルエスサラーム,牝4,56.0,北村友一,1:34.1,クビ,149.9,16.0,468(+10),[西] 高野友和,202407030410
9,7,13,チュウワノキセキ,セ7,58.0,幸英明,1:34.2,1,87.7,14.0,476(+6),[西] 大久保龍,202407030410
10,7,14,ヴィアルークス,牡6,58.0,小沢大仁,1:34.3,クビ,129.8,15.0,506(+4),[西] 藤原英昭,202407030410
11,6,12,ルミノメテオール,牝4,56.0,武豊,1:34.3,アタマ,27.9,10.0,468(+12),[東] 金成貴史,202407030410
12,3,5,シュタールヴィント,牡4,58.0,戸崎圭太,1:34.3,クビ,24.3,8.0,444(+2),[西] 矢作芳人,202407030410
13,6,11,エアミアーニ,セ6,58.0,西村淳也,1:34.3,ハナ,69.2,13.0,446(0),[西] 笹田和秀,202407030410
14,2,3,テンノメッセージ,牝4,56.0,鮫島克駿,1:34.6,1.1/2,8.0,4.0,462(-12),[西] 高柳大輔,202407030410
15,5,9,アレンジャー,牡3,56.0,横山典弘,1:34.8,1.1/2,25.0,9.0,460(0),[西] 昆貢,202407030410
16,8,16,ゴートゥファースト,牡4,58.0,川田将雅,1:35.0,1.1/2,4.3,2.0,468(-16),[西] 新谷功一,202407030410
1,2,2,クイーンズウォーク,牝3,55.0,川田将雅,1:59.9,,4.9,2.0,522(0),[西] 中内田充,202407030411
2,3,4,チェレスタ,牝3,55.0,西村淳也,2:00.1,1.1/2,26.8,7.0,486(-2),[西] 松下武士,202407030411
3,6,10,セキトバイースト,牝3,55.0,藤岡佑介,2:00.1,アタマ,51.6,11.0,452(+14),[西] 四位洋文,202407030411
4,3,5,タガノエルピーダ,牝3,55.0,幸英明,2:00.2,1/2,12.3,4.0,452(+12),[西] 斉藤崇史,202407030411
5,8,15,レガレイラ,牝3,55.0,ルメール,2:00.3,クビ,1.7,1.0,468(+10),[東] 木村哲也,202407030411
6,4,6,レディーヴァリュー,牝3,55.0,永島まな,2:00.3,1/2,45.3,9.0,442(0),[西] 小林真也,202407030411
7,5,9,ラヴァンダ,牝3,55.0,岩田望来,2:00.5,3/4,29.2,8.0,476(+10),[西] 中村直也,202407030411
8,1,1,カニキュル,牝3,55.0,戸崎圭太,2:00.7,1.1/2,17.7,5.0,494(-4),[東] 菊沢隆徳,202407030411
9,2,3,オーロラエックス,牝3,55.0,松山弘平,2:00.8,1,8.1,3.0,488(+4),[西] 杉山晴紀,202407030411
10,4,7,サンセットビュー,牝3,55.0,鮫島克駿,2:00.9,1/2,108.0,14.0,458(+6),[西] 新谷功一,202407030411
11,8,14,サフィラ,牝3,55.0,北村友一,2:01.0,クビ,67.0,12.0,454(+6),[西] 池添学,202407030411
12,7,13,ハワイアンティアレ,牝3,55.0,池添謙一,2:01.3,1.1/2,80.9,13.0,434(+6),[西] 松永幹夫,202407030411
13,6,11,フレミングフープ,牝3,55.0,Ｍ．デム,2:01.7,2.1/2,20.8,6.0,482(+2),[西] 友道康夫,202407030411
14,7,12,ザブライド,牝3,55.0,和田竜二,2:01.9,1.1/2,111.3,15.0,474(+8),[西] 西村真幸,202407030411
15,5,8,ラビットアイ,牝3,55.0,横山典弘,2:03.6,10,50.5,10.0,488(+14),[西] 鈴木孝志,202407030411
1,2,2,ヴィヴァン,牡6,58.0,松山弘平,1:23.0,,3.0,1.0,496(+2),[西] 池江泰寿,202407030412
2,4,4,メイショウキッド,牡5,55.0,高杉吏麒,1:23.0,クビ,50.7,8.0,518(-6),[西] 本田優,202407030412
3,7,10,フライヤートゥルー,牡4,58.0,戸崎圭太,1:23.3,2,6.9,5.0,476(-4),[西] 橋口慎介,202407030412
4,8,12,ローズバルサム,牝4,56.0,武豊,1:23.5,1.1/4,4.2,2.0,444(+10),[西] 吉村圭司,202407030412
5,7,11,ジョヴィアン,牡4,58.0,鮫島克駿,1:23.6,クビ,4.3,3.0,502(-6),[西] 奥村豊,202407030412
6,4,5,マコトゴコタイ,牡6,58.0,川須栄彦,1:23.7,3/4,62.3,9.0,498(-4),[西] 鮫島一歩,202407030412
7,6,8,ウインアウォード,牡5,58.0,岩田望来,1:23.8,クビ,17.2,6.0,510(0),[西] 西園翔太,202407030412
8,6,9,ヴィブラツィオーネ,牡5,58.0,和田竜二,1:24.1,1.3/4,102.2,11.0,482(+6),[東] 辻哲英,202407030412
9,3,3,タイキエクセロン,牡5,58.0,国分恭介,1:24.1,クビ,25.9,7.0,502(0),[西] 西園翔太,202407030412
10,1,1,ペプチドハドソン,牡4,57.0,小沢大仁,1:24.5,2.1/2,6.6,4.0,480(0),[西] 小椋研介,202407030412
11,5,6,ミキノプリンス,牡5,58.0,幸英明,1:24.5,クビ,157.3,12.0,500(0),[西] 大橋勇樹,202407030412
12,8,13,ヤマニンルリュール,牝6,56.0,富田暁,1:24.7,3/4,79.6,10.0,478(+8),[西] 木原一良,202407030412
13,5,7,カッコヨカ,牡5,54.0,河原田菜,1:25.3,4,188.7,13.0,476(+22),[西] 笹田和秀,202407030412
1,4,4,ヴァカンツァ,牝2,54.0,角田大和,1:25.9,,3.1,1.0,468(-2),[西] 高橋亮,202407030501
2,8,9,インマイブラッド,牝2,55.0,団野大成,1:27.1,7,18.8,8.0,426(-2),[西] 中尾秀正,202407030501
3,7,8,ナムラピノコ,牝2,55.0,幸英明,1:27.4,1.3/4,6.1,3.0,430(-2),[西] 鈴木孝志,202407030501
4,8,10,リリードリーマー,牝2,53.0,永島まな,1:27.4,アタマ,13.8,6.0,450(+6),[西] 平田修,202407030501
5,1,1,テーオーテバルディ,牝2,55.0,松山弘平,1:27.5,3/4,7.5,4.0,442(0),[西] 藤野健太,202407030501
6,6,6,ロワン,牝2,52.0,高杉吏麒,1:27.7,1.1/4,10.0,5.0,418(-8),[西] 高柳大輔,202407030501
7,5,5,クリノモノリス,牝2,55.0,高倉稜,1:27.7,クビ,27.3,9.0,444(0),[西] 庄野靖志,202407030501
8,3,3,アニラ,牝2,52.0,吉村誠之,1:27.8,3/4,18.1,7.0,442(+6),[西] 松下武士,202407030501
9,2,2,モーリシャスアロマ,牝2,55.0,鮫島克駿,1:30.2,大,4.0,2.0,462(-6),[西] 新谷功一,202407030501
10,7,7,スイングムスメ,牝2,54.0,泉谷楓真,1:32.9,大,72.6,10.0,424(+4),[西] 村山明,202407030501
1,4,4,パワーストーン,牝2,52.0,柴田裕一,1:55.7,,44.9,7.0,468(+4),[西] 中竹和也,202407030502
2,8,10,ブルックリンダンス,牡2,55.0,亀田温心,1:55.9,1.1/2,3.2,2.0,480(-8),[西] 田中克典,202407030502
3,6,6,タケルハーロック,牡2,55.0,松山弘平,1:56.0,3/4,2.8,1.0,490(0),[西] 高柳大輔,202407030502
4,7,7,ポセイドンバローズ,牡2,55.0,池添謙一,1:56.2,3/4,7.5,4.0,470(+4),[西] 石坂公一,202407030502
5,3,3,ブライトイメル,牡2,55.0,幸英明,1:56.2,ハナ,4.5,3.0,424(0),[西] 本田優,202407030502
6,7,8,ヤングアメリカンズ,牡2,54.0,小沢大仁,1:56.3,1/2,14.8,5.0,488(-2),[西] 奥村豊,202407030502
7,2,2,シャドーストライク,牡2,52.0,吉村誠之,1:57.5,7,68.8,9.0,470(-4),[西] 茶木太樹,202407030502
8,5,5,コックリサン,牝2,55.0,木幡初也,1:57.6,1/2,55.0,8.0,424(0),[東] 深山雅史,202407030502
9,8,9,スマートシエラ,牝2,52.0,高杉吏麒,1:58.2,4,15.0,6.0,436(+6),[西] 音無秀孝,202407030502
10,1,1,ポルトセグロ,牡2,55.0,和田竜二,2:01.2,大,176.3,10.0,474(0),[西] 吉田直弘,202407030502
1,5,5,サトノクローザー,牡2,55.0,岩田望来,2:01.5,,1.9,1.0,518(0),[西] 友道康夫,202407030503
2,6,8,テーオーシュタイン,牡2,55.0,古川吉洋,2:01.5,クビ,12.2,5.0,460(+6),[西] 梅田智之,202407030503
3,1,1,ラージギャラリー,牝2,55.0,鮫島克駿,2:01.6,1/2,10.2,4.0,468(+6),[西] 高橋亮,202407030503
4,7,9,ホウオウレイヴン,牡2,55.0,国分優作,2:01.7,1/2,7.5,3.0,464(-2),[西] 矢作芳人,202407030503
5,3,3,ルージュシークエル,牝2,55.0,西村淳也,2:01.9,1,4.1,2.0,496(+4),[西] 石坂公一,202407030503
6,4,4,ノボリディアマン,牡2,55.0,幸英明,2:02.3,2.1/2,16.1,6.0,442(+4),[西] 緒方努,202407030503
7,6,7,ヴォラヴィア,牡2,55.0,川又賢治,2:02.9,3.1/2,263.5,12.0,448(+2),[西] 杉山佳明,202407030503
8,2,2,ロードシュヴァリエ,牡2,54.0,西塚洸二,2:03.3,2.1/2,73.4,8.0,484(+8),[西] 森田直行,202407030503
9,8,12,シャインバオバブ,牡2,55.0,和田竜二,2:03.4,3/4,43.4,7.0,490(-12),[西] 本田優,202407030503
10,8,11,エイシンナザレ,牝2,55.0,団野大成,2:03.7,1.3/4,154.5,11.0,438(-2),[西] 中尾秀正,202407030503
11,7,10,キッシングセーラー,牝2,51.0,河原田菜,2:04.0,1.3/4,108.2,10.0,412(-2),[西] 緒方努,202407030503
12,5,6,エイユーサブリナ,牝2,55.0,藤懸貴志,2:04.3,1.1/2,103.7,9.0,450(-10),[西] 高橋義忠,202407030503
1,1,1,ミリアッドラヴ,牝2,55.0,西村淳也,1:23.9,,4.9,3.0,470(0),[西] 新谷功一,202407030504
2,3,4,ダノンフィーゴ,牡2,55.0,岩田望来,1:24.0,1/2,3.9,2.0,460(0),[西] 友道康夫,202407030504
3,3,3,タヴァネスタン,牡2,55.0,藤岡佑介,1:26.2,大,3.5,1.0,470(0),[西] 藤岡健一,202407030504
4,5,7,ドンパッショーネ,牡2,55.0,池添謙一,1:27.6,9,8.3,5.0,538(0),[西] 斉藤崇史,202407030504
5,4,6,フェアリーブルー,牝2,55.0,松山弘平,1:27.8,1,27.8,7.0,480(0),[西] 西園翔太,202407030504
6,6,10,クールハッカー,牡2,55.0,酒井学,1:27.9,3/4,54.8,11.0,462(0),[西] 小栗実,202407030504
7,2,2,ヒロノランド,牡2,55.0,鮫島克駿,1:28.0,1/2,26.5,6.0,534(0),[西] 庄野靖志,202407030504
8,8,13,アレスグート,牡2,55.0,古川吉洋,1:28.1,クビ,105.1,13.0,444(0),[東] 牧光二,202407030504
9,7,12,セントールビースト,牡2,55.0,藤懸貴志,1:28.1,アタマ,7.7,4.0,420(0),[西] 羽月友彦,202407030504
10,8,14,クリスタルテン,牝2,54.0,小沢大仁,1:28.2,クビ,48.7,10.0,446(0),[東] 水野貴広,202407030504
11,6,9,ニシノエンデヴァー,牡2,55.0,幸英明,1:29.0,5,46.9,9.0,458(0),[西] 宮本博,202407030504
12,5,8,ヒルノガリシア,牡2,55.0,亀田温心,1:29.2,1.1/2,57.3,12.0,436(0),[西] 北出成人,202407030504
13,7,11,テイエムヘルメット,牡2,55.0,和田竜二,1:29.4,1,38.4,8.0,484(0),[西] 鈴木孝志,202407030504
14,4,5,タケノリッチ,牝2,51.0,河原田菜,1:29.5,3/4,107.5,14.0,456(0),[西] 村山明,202407030504
1,8,11,ゴージャス,牝2,55.0,浜中俊,1:36.7,,7.4,3.0,424(0),[西] 四位洋文,202407030505
2,8,12,アイサイト,牝2,55.0,藤岡佑介,1:36.8,3/4,2.6,1.0,436(0),[西] 藤岡健一,202407030505
3,2,2,パドメ,牝2,55.0,岩田望来,1:37.1,2,9.2,4.0,486(0),[西] 清水久詞,202407030505
4,3,3,ヒオウギ,牝2,52.0,吉村誠之,1:37.1,クビ,26.2,9.0,412(0),[西] 長谷川浩,202407030505
5,4,4,アドマイヤアーデル,牝2,55.0,団野大成,1:37.2,1/2,23.6,8.0,400(0),[西] 大久保龍,202407030505
6,7,10,アンピュルシオン,牝2,55.0,横山典弘,1:37.5,1.1/2,12.8,5.0,446(0),[西] 庄野靖志,202407030505
7,6,7,エイシンサイネリア,牝2,55.0,小崎綾也,1:37.5,ハナ,96.0,11.0,454(0),[西] 大久保龍,202407030505
8,5,5,ジョウショーサクラ,牝2,55.0,幸英明,1:37.9,2.1/2,83.9,10.0,446(0),[西] 中尾秀正,202407030505
9,6,8,デュアルロール,牝2,55.0,富田暁,1:38.1,3/4,14.8,6.0,468(0),[西] 笹田和秀,202407030505
10,5,6,ピリナマアナ,牝2,55.0,鮫島克駿,1:38.4,2,3.8,2.0,460(0),[西] 橋口慎介,202407030505
11,7,9,バストス,牝2,55.0,和田竜二,1:38.7,2,16.0,7.0,462(0),[西] 吉田直弘,202407030505
取,1,1,エルモドンナ,牝2,55.0,松山弘平,,,---,,計不,[西] 杉山晴紀,202407030505
1,8,14,ライズンシャイン,牝6,53.0,柴田裕一,1:23.9,,14.5,6.0,514(0),[西] 岡田稲男,202407030506
2,8,15,テーオードラッカー,牡3,56.0,川田将雅,1:24.1,1.1/4,2.6,1.0,516(+2),[西] 高柳大輔,202407030506
3,1,1,ワンダーカモン,牡3,56.0,川又賢治,1:24.1,ハナ,8.2,3.0,460(-22),[西] 吉村圭司,202407030506
4,6,11,ハギノインスパイア,牝3,53.0,西塚洸二,1:24.6,3,34.7,12.0,436(+2),[西] 寺島良,202407030506
5,5,8,イイデカンタロウ,牡3,56.0,幸英明,1:24.6,クビ,81.2,15.0,518(+6),[西] 北出成人,202407030506
6,7,12,ヨゾラノムコウニ,牡3,56.0,団野大成,1:24.7,3/4,15.3,7.0,490(-8),[東] 小笠倫弘,202407030506
7,2,2,モアリジット,牡3,53.0,高杉吏麒,1:24.8,クビ,15.5,8.0,484(-6),[西] 西村真幸,202407030506
8,4,7,ストロンゲスト,牡5,58.0,酒井学,1:25.1,1.3/4,41.4,13.0,486(0),[西] 羽月友彦,202407030506
9,3,4,ジョウゲンノツキ,牝3,51.0,吉村誠之,1:25.4,1.3/4,13.8,4.0,456(-4),[西] 牧田和弥,202407030506
10,7,13,セットリスト,牝5,56.0,岩田望来,1:25.5,クビ,14.1,5.0,492(-8),[西] 畑端省吾,202407030506
11,5,9,マルモリキング,牡4,57.0,泉谷楓真,1:25.5,クビ,27.4,10.0,532(+4),[西] 大橋勇樹,202407030506
12,4,6,ローガンパス,牡3,56.0,西村淳也,1:26.0,3,7.5,2.0,492(+2),[西] 奥村豊,202407030506
13,3,5,ホウショウリナ,牝3,54.0,鮫島克駿,1:26.1,クビ,41.5,14.0,498(+4),[西] 河内洋,202407030506
14,2,3,ランゲル,牝3,54.0,和田竜二,1:26.3,1.1/2,28.2,11.0,428(-6),[西] 鈴木孝志,202407030506
15,6,10,イスラグランデ,セ5,56.0,永島まな,1:27.9,10,18.4,9.0,532(+2),[西] 西園正都,202407030506
1,7,9,モンブランミノル,牡3,55.0,松山弘平,1:51.6,,2.4,1.0,496(+6),[西] 小栗実,202407030507
2,6,6,ソーニーイシュー,牡3,55.0,団野大成,1:51.6,クビ,3.2,2.0,514(+8),[西] 千田輝彦,202407030507
3,8,11,メイショウカシワデ,牡3,54.0,角田大和,1:52.4,5,12.9,4.0,444(-2),[西] 角田晃一,202407030507
4,5,5,フイノマジワリ,牝3,53.0,木幡初也,1:53.0,3.1/2,13.4,5.0,434(0),[東] 竹内正洋,202407030507
5,4,4,キタサンシデン,牡3,55.0,酒井学,1:53.1,クビ,7.5,3.0,498(+2),[西] 本田優,202407030507
6,6,7,カツラノキサノキ,牡3,55.0,岩田望来,1:53.2,1,21.3,8.0,486(0),[西] 庄野靖志,202407030507
7,8,10,サイレントミニスタ,牡3,52.0,鷲頭虎太,1:54.5,8,231.3,11.0,452(-4),[西] 杉山佳明,202407030507
8,2,2,ボックスオフィス,牡3,55.0,和田竜二,1:54.9,2.1/2,16.4,6.0,504(-6),[西] 吉村圭司,202407030507
9,7,8,ピエスダルジャン,牡3,55.0,鮫島克駿,1:56.3,8,73.7,9.0,438(-6),[西] 茶木太樹,202407030507
10,1,1,サンブノワ,牡3,52.0,吉村誠之,1:56.3,1/2,124.3,10.0,508(+6),[西] 斉藤崇史,202407030507
中,3,3,キタノハヤブサ,牡3,51.0,河原田菜,,,17.9,7.0,462(-4),[西] 吉田直弘,202407030507
1,1,2,コト,牝3,54.0,岩田望来,1:21.1,,3.7,1.0,484(+6),[西] 野中賢二,202407030508
2,4,7,サンライズプルート,牡4,58.0,松山弘平,1:21.2,1,8.3,4.0,472(-8),[西] 音無秀孝,202407030508
3,8,17,ビーグラッド,牝3,54.0,池添謙一,1:21.3,クビ,7.1,3.0,436(-6),[西] 岡田稲男,202407030508
4,1,1,デアデルマーレ,牝4,56.0,団野大成,1:21.3,1/2,27.5,10.0,474(-8),[西] 坂口智康,202407030508
5,8,16,ストレイトアスク,牝3,53.0,西塚洸二,1:21.4,クビ,11.3,5.0,434(-2),[西] 藤原英昭,202407030508
6,7,13,テクノデザイン,牝4,53.0,鷲頭虎太,1:21.4,クビ,89.5,13.0,432(0),[西] 千田輝彦,202407030508
7,3,6,ヤブサメ,牡3,56.0,幸英明,1:21.5,クビ,4.6,2.0,480(+6),[西] 石橋守,202407030508
8,5,9,オールアイウォント,牝4,53.0,柴田裕一,1:21.5,クビ,169.1,17.0,456(-2),[西] 森田直行,202407030508
9,2,4,エーデルサンライズ,牝4,56.0,西村淳也,1:21.6,1/2,12.1,6.0,432(+4),[西] 小林真也,202407030508
10,6,11,プウスカンドゥール,牝4,56.0,国分優作,1:21.7,3/4,31.1,11.0,456(+4),[西] 坂口智康,202407030508
11,5,10,ファルシオン,牝4,54.0,永島まな,1:21.8,1/2,26.7,9.0,454(+12),[西] 羽月友彦,202407030508
12,3,5,シュブロンレーヴル,牝3,54.0,長岡禎仁,1:21.8,ハナ,127.0,15.0,408(+12),[西] 杉山佳明,202407030508
13,7,14,ヴィヴィッシモ,牡4,58.0,藤岡佑介,1:21.8,アタマ,13.8,7.0,464(+4),[西] 松永幹夫,202407030508
14,6,12,ハクサンミニョン,牝4,55.0,小沢大仁,1:22.0,1,85.7,12.0,450(+16),[西] 高橋康之,202407030508
15,8,18,ミスキャサリン,牝3,54.0,加藤祥太,1:22.6,3.1/2,379.4,18.0,436(+12),[西] 庄野靖志,202407030508
16,7,15,クラックオブドーン,セ4,55.0,高杉吏麒,1:22.9,1.3/4,139.0,16.0,474(0),[西] 藤野健太,202407030508
17,4,8,インクルードダイヤ,牝4,56.0,亀田温心,1:23.0,3/4,113.7,14.0,468(+2),[西] 藤野健太,202407030508
18,2,3,ザパリスマッチ,牝3,53.0,松本大輝,1:25.4,大,24.3,8.0,472(0),[西] 茶木太樹,202407030508
1,5,5,ショウナンハウル,牡3,55.0,池添謙一,2:13.1,,9.8,4.0,502(+14),[西] 松下武士,202407030509
2,8,9,オルトパラティウム,牡3,55.0,藤岡佑介,2:13.3,1.1/4,2.0,1.0,504(-4),[西] 安田翔伍,202407030509
3,3,3,グルーヴビート,牡6,58.0,岩田望来,2:13.3,クビ,18.5,5.0,478(-4),[西] 中村直也,202407030509
4,8,8,アドミラルシップ,牡3,55.0,川田将雅,2:13.3,アタマ,3.1,2.0,466(-4),[東] 相沢郁,202407030509
5,7,7,ホウオウセイメイ,セ3,55.0,松山弘平,2:13.4,クビ,6.4,3.0,470(-4),[西] 音無秀孝,202407030509
6,1,1,ラスク,牝3,53.0,小崎綾也,2:13.6,1.1/2,73.4,7.0,458(-2),[西] 中村直也,202407030509
7,2,2,ミラキュラスドラマ,牡3,55.0,西村淳也,2:13.6,クビ,22.1,6.0,456(-4),[西] 杉山晴紀,202407030509
8,6,6,ナムラマイケル,牡4,58.0,亀田温心,2:13.8,1.1/2,181.7,9.0,438(0),[西] 村山明,202407030509
9,4,4,プロミシングギャル,牝4,56.0,国分優作,2:13.9,1/2,141.4,8.0,464(+2),[西] 河嶋宏樹,202407030509
1,5,7,ソンシ,牡3,56.0,川田将雅,1:20.7,,1.9,1.0,484(0),[西] 中内田充,202407030510
2,3,3,リチャードバローズ,牡3,56.0,岩田望来,1:21.0,2,4.7,2.0,510(+8),[西] 上村洋行,202407030510
3,4,5,シンプリーオーサム,牡4,58.0,西村淳也,1:21.3,1.1/2,19.2,6.0,550(+6),[西] 吉岡辰弥,202407030510
4,1,1,デルマカンノン,牝6,56.0,鮫島克駿,1:21.4,3/4,109.7,11.0,462(+12),[西] 緒方努,202407030510
5,6,8,サトノヴィレ,セ4,58.0,団野大成,1:21.5,クビ,58.1,9.0,494(0),[東] 鹿戸雄一,202407030510
6,2,2,メイショウピース,牝4,56.0,和田竜二,1:21.5,ハナ,5.2,3.0,474(0),[西] 高橋亮,202407030510
7,6,9,テラメリタ,牝3,54.0,永島まな,1:21.8,2,14.7,4.0,472(+12),[西] 須貝尚介,202407030510
8,7,10,テーオーアリエス,牝5,56.0,小沢大仁,1:22.0,1,223.0,12.0,512(+16),[西] 岡田稲男,202407030510
9,8,12,ロゼフレア,牝3,54.0,松山弘平,1:22.0,クビ,17.0,5.0,442(-10),[西] 中村直也,202407030510
10,5,6,ピラティス,牝5,56.0,横山典弘,1:22.1,クビ,52.4,8.0,468(-2),[西] 松永幹夫,202407030510
11,8,13,エンファサイズ,牡4,58.0,富田暁,1:22.1,クビ,51.5,7.0,436(-16),[西] 四位洋文,202407030510
12,7,11,ケイアイオメガ,牡5,58.0,荻野琢真,1:22.3,1.1/4,291.9,13.0,458(-16),[西] 梅田智之,202407030510
13,4,4,スプリングノヴァ,牝3,54.0,幸英明,1:22.3,クビ,86.1,10.0,400(+4),[西] 鮫島一歩,202407030510
1,1,2,カズペトシーン,牡4,58.0,西村淳也,1:51.1,,2.7,1.0,488(0),[西] 池添学,202407030511
2,6,11,フルオール,牡5,58.0,団野大成,1:51.3,1.1/4,43.9,11.0,464(-6),[東] 斎藤誠,202407030511
3,4,8,ダノンブレット,牡6,58.0,横山典弘,1:51.5,1.1/2,33.1,9.0,522(0),[東] 菊沢隆徳,202407030511
4,8,16,サイモンザナドゥ,牡4,58.0,岩田望来,1:51.5,クビ,10.2,4.0,470(0),[西] 小林真也,202407030511
5,5,10,メイクザビート,牡4,58.0,小沢大仁,1:51.7,1.1/4,22.1,7.0,492(+2),[西] 西園正都,202407030511
6,6,12,クレメダンジュ,牝4,56.0,和田竜二,1:52.0,2,87.1,14.0,464(+6),[西] 鈴木孝志,202407030511
7,2,4,フランスゴデイナ,牡6,58.0,池添謙一,1:52.3,2,26.4,8.0,498(+6),[西] 森秀行,202407030511
8,2,3,ゴッドブルービー,牡4,58.0,浜中俊,1:52.5,3/4,10.5,5.0,456(-12),[西] 角田晃一,202407030511
9,8,15,メイショウミカワ,牡6,58.0,川田将雅,1:52.6,3/4,16.6,6.0,502(+4),[西] 千田輝彦,202407030511
10,5,9,ペイシャモノノフ,牡4,58.0,酒井学,1:52.7,3/4,34.7,10.0,478(-6),[西] 畑端省吾,202407030511
11,1,1,ナリタフォルテ,牡6,58.0,富田暁,1:53.4,4,202.6,16.0,590(0),[西] 木原一良,202407030511
12,3,5,ゼウスバイオ,牡5,58.0,幸英明,1:53.7,2,55.7,12.0,524(+4),[西] 畑端省吾,202407030511
13,7,14,カレンアルカンタラ,牡4,58.0,藤岡佑介,1:54.2,3,141.6,15.0,500(+2),[西] 新谷功一,202407030511
14,7,13,コルドンルージュ,牝5,56.0,鮫島克駿,1:55.8,10,5.2,2.0,514(-12),[西] 斉藤崇史,202407030511
15,4,7,シゲルバクハツ,牡6,58.0,永島まな,1:57.7,大,67.8,13.0,514(+6),[西] 谷潔,202407030511
中,3,6,ヘニータイフーン,牝4,56.0,松山弘平,,,6.1,3.0,500(-2),[西] 中村直也,202407030511
1,6,8,フェンダー,牡3,53.0,吉村誠之,1:10.5,,1.8,1.0,512(0),[西] 斉藤崇史,202407030512
2,8,11,ストームバンガード,牡3,56.0,和田竜二,1:10.8,1.3/4,5.4,2.0,486(+2),[西] 岡田稲男,202407030512
3,7,10,ヨシノヤッタルデー,牡3,53.0,柴田裕一,1:10.8,クビ,10.9,5.0,452(-4),[西] 中竹和也,202407030512
4,8,12,メイショウキルギス,牡3,52.0,河原田菜,1:11.4,3.1/2,7.2,3.0,476(+8),[西] 高橋亮,202407030512
5,4,4,ジークシュベルト,牡4,55.0,高杉吏麒,1:11.9,3,35.0,7.0,460(-12),[西] 高橋一哉,202407030512
6,5,6,レーヌガレット,牝3,51.0,橋木太希,1:12.1,1.1/4,89.4,9.0,444(+6),[西] 宮徹,202407030512
7,5,5,ロードリレーション,牡3,55.0,西塚洸二,1:12.5,2.1/2,33.4,6.0,452(-6),[西] 辻野泰之,202407030512
8,3,3,テーオールノワール,セ6,58.0,加藤祥太,1:12.9,2.1/2,311.2,12.0,498(-2),[西] 梅田智之,202407030512
9,2,2,エスペラード,牡3,56.0,古川吉洋,1:13.4,3,144.2,10.0,522(+2),[東] 青木孝文,202407030512
10,6,7,タマモアルタイル,牡3,56.0,武藤雅,1:13.6,1.1/2,43.0,8.0,484(-6),[東] 水野貴広,202407030512
11,1,1,シリウス,牡3,56.0,西村淳也,1:14.3,4,7.6,4.0,450(+4),[西] 石坂公一,202407030512
中,7,9,ブルーデイジー,牝5,56.0,藤懸貴志,,,292.5,11.0,458(+10),[東] 的場均,202407030512
1,7,7,フィドルファドル,牝2,55.0,坂井瑠星,1:25.2,,3.9,3.0,442(+6),[西] 矢作芳人,202407030601
2,6,6,メイショウバスク,牝2,55.0,国分恭介,1:25.3,アタマ,25.8,5.0,458(-8),[西] 梅田智之,202407030601
3,5,5,カフェロワイヤル,牝2,55.0,岩田望来,1:26.3,6,2.6,1.0,464(+2),[西] 小林真也,202407030601
4,1,1,アンジュアルディ,牝2,55.0,横山典弘,1:26.6,2,3.8,2.0,464(+6),[西] 昆貢,202407030601
5,4,4,ブライアーヒル,牝2,55.0,小崎綾也,1:26.7,3/4,26.4,6.0,456(-12),[西] 中尾秀正,202407030601
6,2,2,ラヴスティンガー,牝2,55.0,松山弘平,1:27.1,2,4.2,4.0,480(0),[西] 牧田和弥,202407030601
7,3,3,ケングロリア,牝2,53.0,永島まな,1:28.3,7,38.5,7.0,466(+6),[西] 高橋康之,202407030601
8,8,8,クリノモノリス,牝2,54.0,小沢大仁,1:28.7,2,80.2,8.0,438(-6),[西] 庄野靖志,202407030601
9,8,9,ラッキーキャット,牝2,52.0,鷲頭虎太,1:30.6,大,127.8,9.0,388(-2),[西] 大根田裕,202407030601
1,6,6,サンライズグラシア,牡2,55.0,坂井瑠星,2:02.3,,2.9,1.0,478(+6),[西] 矢作芳人,202407030602
2,2,2,センツブラッド,牡2,55.0,幸英明,2:02.4,クビ,3.9,2.0,458(+8),[西] 斉藤崇史,202407030602
3,7,7,メイショウヤシマ,牡2,55.0,太宰啓介,2:02.6,1.1/2,72.5,9.0,456(-2),[西] 高橋亮,202407030602
4,4,4,シャルクハフト,牡2,55.0,シュタル,2:02.7,クビ,10.7,6.0,472(-6),[西] 清水久詞,202407030602
5,8,9,ロカヒ,牡2,55.0,酒井学,2:02.7,アタマ,4.9,3.0,466(+6),[西] 飯田祐史,202407030602
6,5,5,サイモンベローチェ,牡2,55.0,団野大成,2:02.7,ハナ,8.1,4.0,518(-8),[西] 佐々木晶,202407030602
7,8,8,ヤマトマンタル,牡2,55.0,国分恭介,2:03.4,4,9.6,5.0,444(+4),[西] 安達昭夫,202407030602
8,1,1,メイショウアゴナス,牡2,55.0,松山弘平,2:03.6,1.1/2,11.5,7.0,458(0),[西] 本田優,202407030602
9,3,3,ノボリユーミン,牝2,55.0,西村淳也,2:03.6,クビ,35.7,8.0,476(-2),[西] 石橋守,202407030602
1,5,9,ユウトザユウト,牡2,55.0,団野大成,1:25.2,,14.2,5.0,488(+4),[西] 小崎憲,202407030603
2,2,4,アメリカンステージ,牡2,55.0,坂井瑠星,1:25.9,4,2.2,1.0,508(+2),[西] 矢作芳人,202407030603
3,8,15,トラヴェリンバンド,牡2,55.0,岩田望来,1:26.2,1.3/4,3.6,2.0,472(+2),[西] 西村真幸,202407030603
4,6,12,メイショウアイク,牡2,55.0,西村淳也,1:26.2,アタマ,132.6,13.0,502(0),[西] 石橋守,202407030603
5,5,10,アンノドミニ,牡2,52.0,吉村誠之,1:26.5,1.3/4,109.0,11.0,438(-2),[西] 佐々木晶,202407030603
6,3,6,ソードナイト,牡2,54.0,小沢大仁,1:26.8,1.3/4,132.8,14.0,482(+2),[西] 中村直也,202407030603
7,8,16,イダイ,牡2,55.0,Ｍ．デム,1:26.8,クビ,72.6,10.0,458(0),[西] 庄野靖志,202407030603
8,6,11,ブレイジングスター,牡2,53.0,永島まな,1:26.9,クビ,22.8,6.0,478(+2),[西] 高橋康之,202407030603
9,3,5,ビーマックス,牡2,55.0,中井裕二,1:26.9,クビ,140.8,15.0,502(-2),[西] 藤野健太,202407030603
10,1,2,ボル,牡2,55.0,松山弘平,1:27.3,2.1/2,6.6,4.0,438(+2),[西] 河内洋,202407030603
11,7,14,ゴンクール,牡2,52.0,高杉吏麒,1:27.5,1.1/4,250.5,16.0,474(-14),[西] 石坂公一,202407030603
12,4,7,ピースシャイニー,牡2,55.0,鮫島克駿,1:27.5,ハナ,42.2,8.0,472(+6),[西] 河嶋宏樹,202407030603
13,2,3,シルフズミスチーフ,牝2,55.0,川田将雅,1:27.8,1.3/4,6.6,3.0,444(+14),[西] 池江泰寿,202407030603
14,4,8,レーンアジリティ,牡2,55.0,幸英明,1:27.9,クビ,38.7,7.0,452(-2),[西] 中尾秀正,202407030603
15,7,13,テイエムパイロット,牡2,55.0,酒井学,1:28.1,3/4,120.2,12.0,482(+4),[西] 木原一良,202407030603
16,1,1,ロイヤルイブキ,牡2,54.0,西塚洸二,1:28.1,クビ,65.7,9.0,474(+4),[西] 大根田裕,202407030603
1,8,10,ザクシス,牡2,55.0,団野大成,1:14.0,,6.2,3.0,444(0),[東] 加藤士津,202407030604
2,2,2,アイルビリーヴ,牡2,55.0,岩田望来,1:14.0,ハナ,7.0,4.0,460(0),[西] 新谷功一,202407030604
3,7,9,キャリーグレイス,牝2,55.0,坂井瑠星,1:14.4,2.1/2,3.5,2.0,454(0),[西] 寺島良,202407030604
4,7,8,リポジノ,牝2,55.0,鮫島克駿,1:14.5,3/4,3.5,1.0,466(0),[西] 中村直也,202407030604
5,4,4,スナークサンダー,牡2,55.0,富田暁,1:14.8,1.1/2,25.4,8.0,460(0),[西] 庄野靖志,202407030604
6,6,6,ブラックデザイア,牝2,55.0,松山弘平,1:15.6,5,33.5,9.0,376(0),[西] 杉山佳明,202407030604
7,8,11,リケアマキアート,セ2,52.0,吉村誠之,1:15.8,1.1/2,15.0,7.0,436(0),[西] 坂口智康,202407030604
8,5,5,クリノウィリアム,牡2,55.0,幸英明,1:16.7,5,9.7,6.0,464(0),[西] 畑端省吾,202407030604
9,3,3,ヒマラヤベロス,牡2,55.0,川須栄彦,1:16.9,3/4,8.3,5.0,458(0),[西] 河嶋宏樹,202407030604
10,6,7,アスタイクウス,牡2,55.0,西村淳也,1:17.2,2,40.7,10.0,480(0),[西] 岡田稲男,202407030604
取,1,1,テイエムパンサー,牝2,55.0,田中健,,,---,,計不,[西] 浜田多実,202407030604
1,3,4,ザラタン,牝2,55.0,池添謙一,1:35.9,,5.1,2.0,434(0),[西] 中竹和也,202407030605
2,4,5,アルサクレイグ,牝2,53.0,永島まな,1:36.0,クビ,40.6,12.0,404(0),[西] 高橋康之,202407030605
3,4,6,ブラックケリー,牝2,55.0,岩田望来,1:36.0,アタマ,14.4,6.0,430(0),[西] 長谷川浩,202407030605
4,8,14,コンセントレイト,牡2,55.0,幸英明,1:36.3,2,34.8,10.0,446(0),[西] 渡辺薫彦,202407030605
5,6,9,サトノスピカ,牝2,55.0,川田将雅,1:36.4,クビ,3.0,1.0,458(0),[西] 須貝尚介,202407030605
6,7,11,ジーティードレス,牝2,55.0,藤岡佑介,1:36.4,1/2,5.7,3.0,432(0),[西] 辻野泰之,202407030605
7,1,1,ドラゴンブースト,牡2,54.0,田口貫太,1:36.5,クビ,38.1,11.0,458(0),[西] 藤野健太,202407030605
8,2,2,サラダ,牝2,55.0,富田暁,1:36.5,アタマ,16.1,8.0,440(0),[西] 武英智,202407030605
9,5,8,マテンロウブレイブ,牡2,55.0,横山典弘,1:36.6,クビ,8.0,4.0,492(0),[西] 高橋亮,202407030605
10,6,10,ファウストラーゼン,牡2,52.0,吉村誠之,1:36.6,アタマ,29.3,9.0,462(0),[西] 西村真幸,202407030605
11,8,13,ストンプ,牝2,55.0,武豊,1:37.2,3.1/2,10.0,5.0,456(0),[西] 清水久詞,202407030605
12,3,3,ゼンダントモニ,牡2,55.0,角田大和,1:38.6,8,151.9,14.0,476(0),[西] 角田晃一,202407030605
13,5,7,ボーヌロマネ,牡2,55.0,松山弘平,1:39.5,5,71.1,13.0,448(0),[西] 橋口慎介,202407030605
14,7,12,ブリックンクリック,牡2,55.0,シュタル,1:41.8,大,14.5,7.0,484(0),[西] 藤原英昭,202407030605
1,8,8,グランオース,牡3,55.0,角田大和,2:00.6,,11.6,4.0,514(+10),[西] 角田晃一,202407030606
2,3,3,マジックブルー,牡3,55.0,団野大成,2:00.7,1/2,25.5,6.0,486(+20),[西] 荒川義之,202407030606
3,7,7,ムーンスカイ,牡4,57.0,田口貫太,2:01.1,2.1/2,41.4,7.0,440(0),[西] 牧田和弥,202407030606
4,5,5,アスクデビューモア,牡3,54.0,小沢大仁,2:01.3,3/4,1.4,1.0,468(0),[西] 福永祐一,202407030606
5,2,2,ヒルノデプラーツ,牡5,58.0,松山弘平,2:01.4,1,5.7,2.0,488(0),[西] 北出成人,202407030606
6,4,4,メイショウフィガロ,牡5,58.0,秋山稔樹,2:02.3,5,115.0,8.0,462(-2),[西] 高橋義忠,202407030606
7,6,6,ウインラウダ,牡3,55.0,Ｍ．デム,2:02.3,クビ,6.5,3.0,496(+6),[西] 梅田智之,202407030606
8,1,1,オールウェズキズナ,牝3,50.0,古川奈穂,2:02.5,1.1/2,13.6,5.0,448(+10),[西] 矢作芳人,202407030606
1,4,7,ヤングスカーレット,牡3,55.0,坂井瑠星,2:00.4,,2.2,1.0,542(+12),[西] 杉山晴紀,202407030607
2,7,14,パレハ,牝3,53.0,鮫島克駿,2:00.8,2.1/2,4.7,3.0,442(+14),[西] 新谷功一,202407030607
3,1,1,オリーボーレン,牝3,50.0,高杉吏麒,2:00.8,クビ,27.9,7.0,466(+4),[西] 藤岡健一,202407030607
4,6,11,レッセパッセ,牝3,53.0,幸英明,2:01.0,1.1/4,25.6,6.0,386(+16),[西] 西園翔太,202407030607
5,3,5,コントリビューター,牡4,58.0,富田暁,2:01.1,1/2,53.1,9.0,482(+8),[西] 野中賢二,202407030607
6,3,6,ローザサンリヴァル,牡3,52.0,吉村誠之,2:01.1,1/2,4.6,2.0,500(-4),[西] 高野友和,202407030607
7,8,16,フラッシュフリーズ,牝3,53.0,和田竜二,2:01.1,ハナ,67.2,11.0,392(-2),[西] 吉村圭司,202407030607
8,6,12,キュクヌス,牝3,53.0,松山弘平,2:01.3,1.1/4,10.1,5.0,454(+8),[西] 池江泰寿,202407030607
9,8,15,アークドール,牡3,55.0,横山典弘,2:01.5,3/4,45.0,8.0,438(-4),[西] 松永幹夫,202407030607
10,2,4,シャドフ,牝3,51.0,永島まな,2:01.5,クビ,60.7,10.0,464(-11),[西] 庄野靖志,202407030607
11,2,3,ラブカ,牡3,54.0,小沢大仁,2:01.7,3/4,151.4,14.0,450(+2),[西] 今野貞一,202407030607
12,5,9,ストラクチャー,セ3,55.0,古川吉洋,2:01.7,1/2,266.3,16.0,432(+2),[西] 浜田多実,202407030607
13,1,2,サウンドガネーシャ,牡3,55.0,酒井学,2:01.9,3/4,109.6,12.0,490(0),[西] 安達昭夫,202407030607
14,5,10,アリストクラシア,牝3,53.0,岩田望来,2:01.9,ハナ,9.0,4.0,456(-6),[西] 吉岡辰弥,202407030607
15,4,8,トゥラッタッタ,牡3,54.0,田口貫太,2:02.3,2.1/2,191.3,15.0,464(+6),[西] 石坂公一,202407030607
16,7,13,ヒメナデシコ,牝4,56.0,北村友一,2:03.0,4,121.3,13.0,450(+14),[西] 森田直行,202407030607
1,1,1,エリキング,牡2,55.0,川田将雅,2:02.8,,1.4,1.0,498(+14),[西] 中内田充,202407030608
2,2,2,ジョバンニ,牡2,55.0,松山弘平,2:02.9,1/2,3.5,2.0,484(+2),[西] 杉山晴紀,202407030608
3,3,3,ワンモアスマイル,牡2,55.0,武豊,2:03.3,2.1/2,5.3,3.0,446(+6),[西] 藤岡健一,202407030608
4,5,5,ラッキーベイ,牡2,55.0,岩田望来,2:04.1,5,11.4,4.0,454(0),[西] 今野貞一,202407030608
5,4,4,スーパーチャンド,牝2,55.0,小崎綾也,2:04.2,1/2,111.6,5.0,446(0),[西] 西村真幸,202407030608
1,8,13,アメリカンチケット,牡3,56.0,シュタル,1:11.3,,4.6,1.0,494(-6),[西] 藤原英昭,202407030609
2,5,8,トモジャアルマンド,牡7,58.0,幸英明,1:12.0,4,4.9,2.0,500(0),[西] 大根田裕,202407030609
3,7,12,メイショウタイゲイ,牡5,58.0,団野大成,1:12.1,1/2,5.9,3.0,454(0),[西] 荒川義之,202407030609
4,3,4,ボブズヤアンクル,セ5,58.0,Ｍ．デム,1:12.2,1/2,6.6,5.0,534(-2),[西] 大久保龍,202407030609
5,4,6,タガノヒナタ,牝3,53.0,小沢大仁,1:12.3,1/2,7.8,6.0,498(-6),[西] 石橋守,202407030609
6,3,3,マイネルサンテ,牡4,57.0,西塚洸二,1:12.5,1.1/4,17.0,8.0,492(-2),[西] 緒方努,202407030609
7,6,9,レッドフランカー,セ6,58.0,角田大和,1:12.5,アタマ,9.8,7.0,456(+2),[西] 音無秀孝,202407030609
8,4,5,モーデン,牡6,54.0,古川奈穂,1:12.6,3/4,48.1,9.0,478(0),[西] 藤沢則雄,202407030609
9,1,1,ジェネラーレ,牡3,56.0,岩田望来,1:12.6,アタマ,6.1,4.0,470(-2),[西] 野中賢二,202407030609
10,7,11,リリーエクスプレス,牡3,56.0,鮫島克駿,1:13.1,3,65.5,11.0,552(-4),[西] 茶木太樹,202407030609
11,6,10,ルクルス,牡4,57.0,田口貫太,1:13.4,2,54.6,10.0,508(0),[西] 松永幹夫,202407030609
12,8,14,フリースタイル,牝4,53.0,高杉吏麒,1:13.9,3,240.0,13.0,494(+2),[西] 畑端省吾,202407030609
13,2,2,コルルディ,牝3,54.0,酒井学,1:14.5,3.1/2,94.0,12.0,452(+2),[西] 高柳大輔,202407030609
除,5,7,イナウィンク,牡4,58.0,西村淳也,,,---,,434(-26),[西] 吉田直弘,202407030609
1,8,15,フィオライア,牝3,53.0,坂井瑠星,1:08.4,,4.6,2.0,458(-6),[西] 西園正都,202407030610
2,2,3,ジョーメッドヴィン,牡3,55.0,シュタル,1:08.4,ハナ,17.4,8.0,502(0),[西] 清水久詞,202407030610
3,3,6,トーラスシャイン,牡3,54.0,武豊,1:08.8,2.1/2,15.1,7.0,474(-6),[西] 田中克典,202407030610
4,1,2,イグニション,牡4,56.0,幸英明,1:08.9,1/2,21.5,9.0,468(-4),[西] 畑端省吾,202407030610
5,7,13,エールレヴリー,牝4,54.0,西村淳也,1:08.9,アタマ,42.7,11.0,484(-8),[西] 武英智,202407030610
6,3,5,クインズプリーズ,牝5,54.0,中井裕二,1:09.0,クビ,188.1,15.0,444(+2),[西] 藤野健太,202407030610
7,1,1,スカプラリオ,牝4,51.0,酒井学,1:09.0,クビ,190.7,16.0,460(+2),[西] 佐々木晶,202407030610
7,2,4,ゴールドサーベル,牡3,54.0,Ｍ．デム,1:09.0,同着,40.8,10.0,462(-6),[西] 大久保龍,202407030610
9,4,8,ジュンヴァンケット,牡3,55.0,岩田望来,1:09.2,1.1/2,3.2,1.0,460(0),[西] 友道康夫,202407030610
10,5,9,プロトポロス,牡4,56.0,松山弘平,1:09.3,クビ,6.6,3.0,484(-6),[西] 西村真幸,202407030610
11,5,10,メイショウハボタン,牝6,54.0,和田竜二,1:09.5,1.1/4,94.5,14.0,474(+2),[西] 本田優,202407030610
12,6,11,トーホウジュナール,牝6,52.0,永島まな,1:09.6,クビ,67.6,13.0,492(+6),[西] 谷潔,202407030610
13,8,16,メイショウミリオレ,牝3,52.0,高杉吏麒,1:09.6,アタマ,9.6,5.0,486(-8),[西] 藤岡健一,202407030610
14,4,7,ワーフデール,牝5,53.0,北村友一,1:09.6,クビ,58.3,12.0,464(+2),[西] 西園翔太,202407030610
15,6,12,テーオースパロー,牡5,57.0,吉村誠之,1:09.7,3/4,8.5,4.0,496(-2),[西] 清水久詞,202407030610
16,7,14,レーヴジーニアル,牡3,53.0,横山典弘,1:09.9,1.1/4,12.2,6.0,484(-6),[西] 松永幹夫,202407030610
1,7,13,エミサキホコル,牡4,54.0,長岡禎仁,1:23.2,,27.6,8.0,492(+4),[西] 杉山佳明,202407030611
2,6,10,ローズスター,牡4,57.0,団野大成,1:23.3,3/4,11.3,3.0,450(-8),[西] 上村洋行,202407030611
3,3,5,バトゥーキ,牡4,56.0,水口優也,1:23.5,1,15.0,5.0,498(+10),[西] 浜田多実,202407030611
4,2,3,ペプチドタイガー,牡4,57.0,岩田望来,1:23.5,クビ,11.6,4.0,460(0),[西] 吉村圭司,202407030611
5,1,1,テイエムリステット,牡3,56.0,酒井学,1:23.7,3/4,1.6,1.0,474(0),[西] 木原一良,202407030611
6,7,12,ヴアーサ,牡6,55.0,鮫島克駿,1:23.8,3/4,87.1,14.0,454(-6),[西] 鮫島一歩,202407030611
7,8,15,ビオグラフィア,牡6,55.0,幸英明,1:23.8,クビ,33.3,9.0,490(-6),[西] 松下武士,202407030611
8,4,7,マーブルマカロン,牝4,54.0,松山弘平,1:24.1,1.3/4,20.2,6.0,430(0),[東] 林徹,202407030611
9,2,2,カズゴルティス,牡3,55.0,和田竜二,1:24.3,1.1/2,7.2,2.0,506(0),[西] 杉山晴紀,202407030611
10,8,14,シークレットキー,牡3,54.0,小沢大仁,1:24.4,1/2,45.2,11.0,488(+4),[西] 杉山晴紀,202407030611
11,5,8,パーティーベル,牡5,56.0,坂井瑠星,1:24.5,1/2,22.0,7.0,456(-4),[西] 松永幹夫,202407030611
12,5,9,フラップシグナス,牡5,55.0,シュタル,1:24.8,2,51.2,13.0,486(0),[西] 千田輝彦,202407030611
13,4,6,メイショウモズ,牡4,55.0,田口貫太,1:24.9,アタマ,45.4,12.0,510(+8),[西] 石橋守,202407030611
14,6,11,レッドラマンシュ,牡5,54.0,武豊,1:25.0,1.1/4,37.2,10.0,482(+2),[西] 庄野靖志,202407030611
15,3,4,ビアイ,牝7,52.0,川須栄彦,1:25.5,3,202.9,15.0,522(-8),[西] 畑端省吾,202407030611
1,1,1,バンドマスター,牡4,55.0,吉村誠之,1:52.7,,3.6,1.0,498(-6),[西] 茶木太樹,202407030612
2,5,9,タイトニット,牡4,57.0,小沢大仁,1:52.7,ハナ,5.5,3.0,550(+8),[西] 今野貞一,202407030612
3,7,13,クリニクラウン,牝4,56.0,西村淳也,1:53.1,2.1/2,27.3,10.0,484(-4),[東] 小手川準,202407030612
4,1,2,ランスオブサターン,牝4,56.0,松山弘平,1:53.3,1.1/2,16.7,8.0,450(+2),[西] 本田優,202407030612
5,5,10,スズカマジェスタ,牡5,58.0,荻野琢真,1:53.5,1.1/2,47.7,11.0,432(-4),[西] 須貝尚介,202407030612
6,4,8,クォーツァイト,牝3,53.0,岩田望来,1:53.7,1.1/4,10.7,5.0,454(-12),[東] 斎藤誠,202407030612
7,4,7,サンダーアラート,セ3,54.0,田口貫太,1:53.8,クビ,7.9,4.0,474(+2),[東] 田中博康,202407030612
8,2,4,ヒデノレインボー,牡5,58.0,浜中俊,1:54.0,1.1/2,101.7,13.0,488(0),[西] 梅田智之,202407030612
9,6,12,ワンダースティング,牡6,58.0,太宰啓介,1:54.2,1.1/4,16.7,9.0,522(+4),[西] 渡辺薫彦,202407030612
10,6,11,ノボリクレバー,牝4,56.0,酒井学,1:54.2,ハナ,15.9,7.0,498(-2),[西] 石橋守,202407030612
11,3,6,ルージュブラゾン,牝5,54.0,永島まな,1:54.7,3,109.6,14.0,492(+3),[東] 小島茂之,202407030612
12,8,16,オーバーザドリーム,牡4,58.0,坂井瑠星,1:54.7,ハナ,4.5,2.0,472(-2),[西] 清水久詞,202407030612
13,3,5,バンブーグローブ,牡4,58.0,団野大成,1:54.9,3/4,193.7,15.0,502(0),[東] 斎藤誠,202407030612
14,2,3,レタラ,牝5,53.0,高杉吏麒,1:55.4,3,54.4,12.0,464(-18),[西] 吉村圭司,202407030612
15,7,14,インテンソ,牡4,58.0,角田大和,1:55.6,1.1/2,14.4,6.0,490(+4),[西] 松永幹夫,202407030612
16,8,15,ケイアイメビウス,牡5,58.0,小崎綾也,1:56.5,5,194.9,16.0,502(-8),[西] 村山明,202407030612
1,5,7,タイセイスラッガー,牡6,60.0,伴啓太,3:21.3,,30.1,8.0,568(+6),[東] 古賀慎明,202407030701
2,8,12,スマートルミエール,牡7,60.0,五十嵐雄,3:22.1,5,2.0,1.0,442(-2),[東] 高橋文雅,202407030701
3,3,3,アップデート,牡5,60.0,小牧加矢,3:22.1,クビ,3.0,2.0,494(-4),[西] 音無秀孝,202407030701
4,4,5,バラードインミラノ,牡6,60.0,草野太郎,3:22.6,2.1/2,29.1,7.0,436(0),[東] 小野次郎,202407030701
5,7,11,パープルアドミラル,牡4,60.0,金子光希,3:22.9,2,54.3,10.0,440(0),[東] 堀内岳志,202407030701
6,7,10,ディープマインド,牡4,60.0,中村将之,3:23.2,2,38.4,9.0,542(-4),[西] 本田優,202407030701
7,6,8,ハイエストポイント,牡6,60.0,難波剛健,3:23.5,1.3/4,17.7,6.0,458(0),[西] 鈴木孝志,202407030701
8,6,9,アルカンサス,牡5,60.0,大江原圭,3:24.1,3.1/2,8.7,3.0,478(+12),[東] 土田稔,202407030701
9,1,1,タロントゥーズ,牡4,60.0,森一馬,3:24.5,2.1/2,17.4,5.0,474(0),[西] 大久保龍,202407030701
10,8,13,ユキノエリザベス,牝5,58.0,上野翔,3:25.6,7,17.3,4.0,460(-8),[東] 小野次郎,202407030701
11,4,4,サハラ,牡5,60.0,石神深一,3:30.4,大,55.7,11.0,496(-2),[東] 粕谷昌央,202407030701
12,5,6,クリノオデッセイ,牡3,58.0,井上敏樹,3:30.9,3,188.1,13.0,466(+2),[西] 坂口智康,202407030701
13,2,2,アジアノハナ,牝3,56.0,黒岩悠,3:35.4,大,67.3,12.0,478(-4),[西] 牧田和弥,202407030701
1,7,9,イサナ,牡2,55.0,松山弘平,1:55.3,,1.8,1.0,514(+4),[西] 橋口慎介,202407030702
2,5,5,ヴェーヌドール,牡2,55.0,坂井瑠星,1:55.5,3/4,10.5,5.0,530(+10),[西] 武英智,202407030702
3,8,10,ダイヤノエース,牡2,52.0,吉村誠之,1:57.4,大,7.3,4.0,514(-8),[西] 清水久詞,202407030702
4,6,7,バルミラクル,牡2,54.0,田口貫太,1:57.4,クビ,26.1,6.0,428(+12),[西] 河嶋宏樹,202407030702
5,3,3,ハックルベリー,牡2,55.0,秋山稔樹,1:57.5,3/4,41.7,7.0,492(+26),[西] 村山明,202407030702
6,2,2,ホウオウアーネスト,牡2,55.0,岩田望来,1:57.7,3/4,5.1,2.0,504(+6),[西] 安田翔伍,202407030702
7,4,4,テクノグルーヴ,牡2,55.0,幸英明,1:57.9,1.1/2,156.7,10.0,482(0),[西] 宮本博,202407030702
8,8,11,スナークピカソ,牡2,55.0,和田竜二,1:58.3,2.1/2,5.6,3.0,454(0),[西] 庄野靖志,202407030702
9,6,6,ワンダーエバー,牡2,52.0,高杉吏麒,1:58.7,2.1/2,160.6,11.0,486(-2),[西] 河内洋,202407030702
10,7,8,ゴルティス,牝2,55.0,藤懸貴志,1:59.0,1.3/4,93.8,9.0,444(-6),[西] 藤野健太,202407030702
11,1,1,スカイテーラー,牝2,51.0,河原田菜,2:00.4,9,74.9,8.0,454(+4),[西] 河内洋,202407030702
1,1,1,キャッスルレイク,牝2,52.0,高杉吏麒,1:21.9,,7.0,4.0,462(+2),[西] 松下武士,202407030703
2,5,9,ネーヴェフレスカ,牝2,55.0,和田竜二,1:22.1,1.1/4,3.2,1.0,436(+10),[西] 石坂公一,202407030703
3,1,2,メイショウセツゲツ,牝2,53.0,永島まな,1:22.4,2,17.8,6.0,474(-6),[西] 高橋義忠,202407030703
4,3,6,イリフィ,牝2,55.0,鮫島克駿,1:22.7,1.3/4,37.4,11.0,418(+4),[西] 高野友和,202407030703
5,3,5,レディエンス,牝2,54.0,西塚洸二,1:23.0,1.3/4,100.7,15.0,432(-10),[西] 藤野健太,202407030703
6,2,3,エニーサンダー,牡2,55.0,北村友一,1:23.1,1/2,120.5,17.0,434(0),[西] 高橋一哉,202407030703
7,5,10,ダイヤモンド,牡2,55.0,武豊,1:23.3,1.1/2,4.0,2.0,504(-2),[西] 清水久詞,202407030703
8,6,12,シンゼンカガ,牡2,55.0,角田大和,1:23.4,1/2,46.9,12.0,428(-2),[西] 荒川義之,202407030703
9,7,15,ソニックサンライズ,牝2,55.0,幸英明,1:23.6,1.1/4,33.6,8.0,418(+2),[西] 河内洋,202407030703
10,8,17,ゼットエイト,牡2,52.0,吉村誠之,1:23.8,1.1/4,85.2,14.0,438(-2),[西] 庄野靖志,202407030703
11,4,8,ヒルノカーディフ,牝2,55.0,古川吉洋,1:24.0,1.1/4,27.5,7.0,424(-10),[西] 昆貢,202407030703
12,6,11,オニムシャ,牡2,55.0,横山和生,1:24.2,3/4,36.9,10.0,444(+4),[西] 松永幹夫,202407030703
13,7,13,ジャスタパーティー,牡2,55.0,西村淳也,1:24.7,3.1/2,14.5,5.0,460(-16),[西] 杉山晴紀,202407030703
14,4,7,マサウッドテール,牡2,55.0,小崎綾也,1:24.9,1.1/4,321.7,18.0,446(+6),[西] 河嶋宏樹,202407030703
15,8,16,エコログローリー,牡2,52.0,柴田裕一,1:25.2,1.3/4,70.5,13.0,474(-6),[西] 牧浦充徳,202407030703
16,2,4,ルーティーン,牡2,54.0,田口貫太,1:25.3,1/2,110.8,16.0,454(-6),[西] 高橋康之,202407030703
17,7,14,ゴッドヴァレー,牡2,55.0,岩田望来,1:25.4,クビ,5.0,3.0,452(-4),[西] 渡辺薫彦,202407030703
18,8,18,ミッキーショット,牡2,55.0,坂井瑠星,1:25.8,2.1/2,35.2,9.0,466(-14),[西] 矢作芳人,202407030703
1,7,8,プロミストジーン,牝2,55.0,川田将雅,1:27.1,,1.4,1.0,452(0),[東] 上原佑紀,202407030704
2,8,10,キョラムン,牝2,54.0,小沢大仁,1:27.4,1.1/2,10.9,4.0,454(0),[西] 石橋守,202407030704
3,7,9,サイラモナムール,牝2,55.0,武豊,1:27.8,2.1/2,13.1,5.0,438(0),[西] 辻野泰之,202407030704
4,8,11,メイショウセオト,牝2,55.0,角田大和,1:28.5,4,10.0,2.0,466(0),[西] 笹田和秀,202407030704
5,3,3,フクノジョヴァンニ,牝2,55.0,横山和生,1:28.7,1.1/4,57.3,10.0,432(0),[東] 伊藤圭三,202407030704
6,1,1,メレサンク,牝2,55.0,北村友一,1:29.0,1.3/4,10.1,3.0,462(0),[西] 田中克典,202407030704
7,4,4,コリエドール,牝2,54.0,田口貫太,1:29.0,ハナ,15.8,6.0,456(0),[西] 茶木太樹,202407030704
8,5,5,ベルサ,牝2,55.0,和田竜二,1:29.3,1.1/2,26.7,7.0,444(0),[西] 鈴木孝志,202407030704
9,6,6,クレベール,牝2,55.0,坂井瑠星,1:29.5,1.1/2,35.0,8.0,448(0),[西] 寺島良,202407030704
10,2,2,バイアーナ,牝2,52.0,柴田裕一,1:30.1,3.1/2,40.9,9.0,476(0),[西] 羽月友彦,202407030704
11,6,7,ドクターサクラ,牝2,55.0,鮫島良太,1:30.4,2,111.2,11.0,436(0),[西] 河嶋宏樹,202407030704
1,6,6,サトノシャイニング,牡2,55.0,松山弘平,2:04.3,,3.6,2.0,490(0),[西] 杉山晴紀,202407030705
2,1,1,ミラージュナイト,牡2,55.0,川田将雅,2:04.6,1.1/2,2.3,1.0,478(0),[西] 辻野泰之,202407030705
3,4,4,タイセイリコルド,牡2,55.0,鮫島克駿,2:04.6,クビ,27.1,8.0,470(0),[西] 小栗実,202407030705
4,8,11,ドルチェリターン,牡2,55.0,北村友一,2:05.2,3.1/2,33.6,9.0,454(0),[西] 池添学,202407030705
5,5,5,ロンティケチャップ,牡2,54.0,田口貫太,2:05.9,4,18.7,7.0,486(0),[西] 牧田和弥,202407030705
6,7,8,ロードステイタス,牡2,55.0,岩田望来,2:06.0,3/4,9.9,4.0,462(0),[西] 四位洋文,202407030705
7,3,3,サイモンイロハニー,牝2,55.0,西村淳也,2:06.0,ハナ,74.3,11.0,416(0),[西] 吉田直弘,202407030705
8,2,2,メイケイレイン,牡2,55.0,武豊,2:06.1,1/2,16.3,6.0,448(0),[西] 中竹和也,202407030705
9,7,9,バッドガール,牝2,55.0,横山和生,2:06.5,2,7.1,3.0,448(0),[西] 安田翔伍,202407030705
10,6,7,サンライズアレス,牡2,55.0,坂井瑠星,2:07.6,7,11.5,5.0,540(0),[西] 矢作芳人,202407030705
11,8,10,ニシノプロテア,牡2,55.0,幸英明,2:08.2,3.1/2,53.5,10.0,440(0),[西] 橋口慎介,202407030705
1,3,3,タクシンイメル,牝3,53.0,坂井瑠星,1:54.0,,2.3,2.0,464(-20),[西] 武英智,202407030706
2,7,7,ヒヒーン,牝3,53.0,川田将雅,1:54.7,4,2.1,1.0,472(+2),[西] 須貝尚介,202407030706
3,4,4,アルムエアフォルク,牝4,56.0,和田竜二,1:54.8,1/2,6.3,3.0,472(-4),[西] 平田修,202407030706
4,5,5,タガノエクレール,牝3,50.0,橋木太希,1:55.0,1,19.9,5.0,462(0),[西] 西園正都,202407030706
5,8,9,シゲルオトヒメ,牝5,56.0,酒井学,1:55.4,2.1/2,12.4,4.0,430(0),[西] 谷潔,202407030706
6,1,1,オウケンヴィーナス,牝3,53.0,川又賢治,1:55.4,クビ,72.1,7.0,402(-4),[東] 宮田敬介,202407030706
7,6,6,ポジティブガール,牝5,55.0,西塚洸二,1:55.4,ハナ,178.9,9.0,460(-2),[西] 緒方努,202407030706
8,8,8,ツッチーフェイス,牝5,55.0,小沢大仁,1:55.8,2,31.8,6.0,484(0),[西] 今野貞一,202407030706
9,2,2,メイショウヒメゴゼ,牝5,56.0,太宰啓介,1:56.5,4,138.6,8.0,480(+20),[西] 飯田祐史,202407030706
1,6,8,レッドダンルース,牡4,58.0,坂井瑠星,1:24.6,,4.1,3.0,474(+2),[西] 福永祐一,202407030707
2,8,12,アンシール,セ3,56.0,松山弘平,1:24.6,アタマ,2.5,1.0,478(+8),[西] 小崎憲,202407030707
3,7,10,タガノミスト,牝3,54.0,和田竜二,1:25.0,2.1/2,2.8,2.0,472(+4),[西] 庄野靖志,202407030707
4,7,9,エフエイト,牡3,56.0,秋山稔樹,1:25.1,3/4,60.0,9.0,438(+8),[西] 北出成人,202407030707
5,5,5,ナッカーフェイス,牡5,58.0,亀田温心,1:25.4,1.1/2,26.9,7.0,466(+6),[西] 北出成人,202407030707
6,3,3,ラウダブル,牡3,56.0,水口優也,1:26.2,5,17.8,5.0,510(+2),[西] 池江泰寿,202407030707
7,4,4,ルクスアドラー,牡3,53.0,高杉吏麒,1:26.3,クビ,14.9,4.0,460(-12),[西] 須貝尚介,202407030707
8,6,7,サンダーバース,牡3,53.0,吉村誠之,1:26.4,3/4,23.0,6.0,474(-2),[西] 高柳大輔,202407030707
9,5,6,ワイドカイゼリン,牝4,56.0,富田暁,1:26.5,3/4,67.5,10.0,492(+10),[西] 奥村豊,202407030707
10,2,2,ベンダバール,牡3,53.0,柴田裕一,1:26.8,1.1/2,51.5,8.0,456(-6),[西] 牧浦充徳,202407030707
11,8,11,メイショウマタベエ,牡3,55.0,西塚洸二,1:27.5,4,294.9,12.0,428(+4),[西] 河内洋,202407030707
12,1,1,ゴーダンシング,牝3,52.0,永島まな,1:29.2,10,70.0,11.0,462(-4),[西] 武英智,202407030707
1,6,6,オボッチャマ,牡4,58.0,松山弘平,1:53.7,,6.2,3.0,498(0),[西] 音無秀孝,202407030708
2,7,7,ホークフィールド,牡3,55.0,坂井瑠星,1:53.7,クビ,1.8,1.0,478(+6),[西] 武英智,202407030708
3,5,5,メイショウジェンマ,牡4,58.0,中井裕二,1:53.8,クビ,11.9,5.0,464(-4),[西] 飯田祐史,202407030708
4,7,8,タイセイミニスター,牡3,55.0,幸英明,1:54.6,5,23.2,6.0,484(-2),[西] 大橋勇樹,202407030708
5,8,10,レッドクレメンス,牡3,55.0,長岡禎仁,1:55.2,3.1/2,29.0,7.0,488(0),[西] 茶木太樹,202407030708
6,8,9,タカサンフェイス,牡4,55.0,吉村誠之,1:55.2,クビ,7.6,4.0,468(0),[西] 森田直行,202407030708
7,3,3,デンタルフロス,牝3,53.0,小崎綾也,1:55.3,1/2,43.5,8.0,426(-6),[西] 高橋一哉,202407030708
8,2,2,ソウルユニバンス,セ7,58.0,国分優作,1:55.8,3,156.8,10.0,496(+4),[西] 平田修,202407030708
9,4,4,ダンツビガー,牡4,58.0,横山和生,1:56.1,2,4.6,2.0,482(-10),[西] 四位洋文,202407030708
10,1,1,ヨッシーステージ,牡3,55.0,秋山稔樹,1:57.0,5,135.4,9.0,470(-3),[西] 北出成人,202407030708
1,6,7,タイセイフェリーク,牝4,56.0,藤懸貴志,2:00.6,,23.7,6.0,426(+10),[西] 田中克典,202407030709
2,7,9,タケトンボ,牝5,56.0,秋山稔樹,2:00.6,ハナ,51.6,8.0,446(0),[西] 宮徹,202407030709
3,6,6,ランスオブクイーン,牝3,53.0,川田将雅,2:00.6,アタマ,1.3,1.0,438(-4),[西] 奥村豊,202407030709
4,7,8,リラボニート,牝3,53.0,浜中俊,2:00.8,1.1/4,15.3,4.0,464(-6),[西] 須貝尚介,202407030709
5,8,10,イトカワサクラ,牝4,56.0,幸英明,2:01.1,1.1/2,6.2,2.0,466(0),[西] 牧田和弥,202407030709
6,1,1,アウフヘーベン,牝4,56.0,松山弘平,2:01.2,3/4,22.6,5.0,460(-2),[西] 高橋亮,202407030709
7,8,11,エンタングルメント,牝5,56.0,横山和生,2:01.4,1,32.0,7.0,516(-2),[西] 昆貢,202407030709
8,3,3,カンティプール,牝5,56.0,西村淳也,2:01.5,1/2,8.4,3.0,488(0),[西] 渡辺薫彦,202407030709
9,4,4,フォーチュンコード,牝4,56.0,藤岡佑介,2:01.6,1.1/4,60.8,10.0,478(+2),[西] 小林真也,202407030709
10,2,2,コイニョウボウ,牝4,56.0,永島まな,2:01.8,1.1/4,53.3,9.0,418(0),[西] 中尾秀正,202407030709
11,5,5,フォーランマリア,牝5,56.0,田口貫太,2:02.5,4,169.2,11.0,412(+6),[西] 森田直行,202407030709
1,3,6,ミルトクレイモー,牡4,58.0,岩田望来,1:08.5,,7.5,2.0,510(-2),[西] 中村直也,202407030710
2,6,12,ロードフォアエース,牡3,56.0,川田将雅,1:09.1,3.1/2,1.6,1.0,536(+6),[西] 友道康夫,202407030710
3,2,3,ツインクルトーズ,牝4,56.0,古川吉洋,1:09.1,クビ,15.2,5.0,512(+2),[東] 牧光二,202407030710
4,3,5,ラキエータ,牝5,56.0,北村友一,1:09.3,1,32.1,7.0,422(-4),[西] 音無秀孝,202407030710
5,5,9,ワックスフラワー,牝4,56.0,黛弘人,1:09.7,2.1/2,108.4,15.0,460(+12),[東] 深山雅史,202407030710
6,2,4,アルーリングビュー,牝4,56.0,藤岡佑介,1:09.7,ハナ,58.9,11.0,476(-6),[西] 吉村圭司,202407030710
7,8,15,シュヴェルトライテ,牝5,56.0,Ｍ．デム,1:09.8,クビ,77.1,13.0,442(-4),[東] 池上昌和,202407030710
8,4,8,ピンクマクフィー,牝5,56.0,松山弘平,1:09.9,1,8.6,3.0,438(+6),[西] 四位洋文,202407030710
9,7,13,メイショウエニシア,牝6,56.0,幸英明,1:10.0,3/4,55.2,10.0,460(0),[西] 本田優,202407030710
10,6,11,スーサンアッシャー,牡5,58.0,和田竜二,1:10.1,クビ,36.4,8.0,466(-10),[西] 鈴木孝志,202407030710
11,7,14,ナリタローゼ,牝6,56.0,田口貫太,1:10.2,1,65.5,12.0,496(+4),[西] 高橋亮,202407030710
12,5,10,ポエットリー,牝3,54.0,鮫島克駿,1:10.4,1,10.9,4.0,466(-2),[西] 平田修,202407030710
13,1,2,ラウラーナ,牝4,56.0,浜中俊,1:10.7,1.3/4,124.5,16.0,430(-8),[東] 宗像義忠,202407030710
14,4,7,ショウナンラスボス,牡6,58.0,横山和生,1:10.7,クビ,39.2,9.0,472(-2),[東] 奥村武,202407030710
15,1,1,ヒルノローザンヌ,牝5,56.0,西村淳也,1:11.0,1.3/4,87.1,14.0,490(0),[西] 西村真幸,202407030710
16,8,17,ワンスカイ,牡7,58.0,斎藤新,1:11.1,3/4,269.8,17.0,510(-2),[東] 斎藤誠,202407030710
17,8,16,ドーバーホーク,牡4,58.0,坂井瑠星,1:11.3,3/4,23.5,6.0,478(-4),[東] 清水英克,202407030710
1,8,15,メイショウタバル,牡3,57.0,浜中俊,2:11.8,,5.4,2.0,496(-4),[西] 石橋守,202407030711
2,1,1,ジューンテイク,牡3,57.0,藤岡佑介,2:11.9,1/2,5.9,3.0,496(+12),[西] 武英智,202407030711
3,6,11,ショウナンラプンタ,牡3,57.0,鮫島克駿,2:12.2,2,8.2,4.0,530(-6),[西] 高野友和,202407030711
4,3,5,オールセインツ,牡3,57.0,坂井瑠星,2:12.5,1.3/4,11.2,6.0,486(-6),[西] 友道康夫,202407030711
5,4,6,メリオーレム,牡3,57.0,川田将雅,2:12.6,クビ,3.7,1.0,486(+2),[西] 友道康夫,202407030711
6,8,14,ビザンチンドリーム,牡3,57.0,幸英明,2:12.9,2,17.9,9.0,458(0),[西] 坂口智康,202407030711
7,2,2,バッデレイト,牡3,57.0,岩田望来,2:13.0,3/4,12.0,7.0,468(+2),[西] 上村洋行,202407030711
8,5,8,ヤマニンステラータ,牡3,57.0,Ｍ．デム,2:13.1,クビ,41.4,12.0,470(+4),[西] 松永幹夫,202407030711
9,4,7,ヴィレム,牡3,57.0,松山弘平,2:13.3,1.1/2,18.9,10.0,506(-4),[西] 藤原英昭,202407030711
10,6,10,ミスタージーティー,牡3,57.0,北村友一,2:13.4,クビ,16.5,8.0,472(+12),[西] 矢作芳人,202407030711
11,7,12,ウエストナウ,牡3,57.0,西村淳也,2:13.4,アタマ,8.7,5.0,492(+18),[西] 佐々木晶,202407030711
12,5,9,トラストボス,牡3,57.0,富田暁,2:13.5,3/4,238.5,14.0,424(+4),[東] 高橋文雅,202407030711
13,2,3,ゴージョニーゴー,牡3,57.0,横山和生,2:13.8,2,40.8,11.0,514(-2),[西] 四位洋文,202407030711
14,7,13,インテグレイト,牡3,57.0,荻野極,2:13.9,1/2,142.4,13.0,514(+4),[西] 四位洋文,202407030711
取,3,4,サブマリーナ,牡3,57.0,武豊,,,---,,計不,[西] 庄野靖志,202407030711
1,8,10,インユアパレス,牡3,56.0,川田将雅,1:11.1,,1.6,1.0,474(-8),[西] 須貝尚介,202407030712
2,8,9,プレイテシア,牝5,56.0,角田大和,1:11.7,3.1/2,7.5,3.0,432(-4),[西] 羽月友彦,202407030712
3,5,5,ビップシュプリーム,牝5,56.0,荻野極,1:11.8,1/2,18.3,6.0,504(0),[西] 松下武士,202407030712
4,2,2,スペシャルナンバー,牡5,58.0,西村淳也,1:12.1,2,15.8,4.0,490(+2),[西] 西村真幸,202407030712
5,7,8,ストリンジェンド,牡4,58.0,松山弘平,1:12.1,クビ,3.9,2.0,476(0),[西] 音無秀孝,202407030712
6,6,6,サウスジェラート,牝6,56.0,和田竜二,1:12.7,3.1/2,125.2,9.0,484(0),[東] 伊坂重信,202407030712
7,7,7,ストライクオン,牡3,56.0,幸英明,1:12.7,クビ,18.2,5.0,462(-2),[西] 角田晃一,202407030712
8,3,3,クルールデュヴァン,牝5,56.0,鮫島克駿,1:12.8,1/2,30.1,7.0,494(-16),[東] 竹内正洋,202407030712
9,1,1,ミキノプリンス,牡5,55.0,高杉吏麒,1:13.2,2.1/2,165.2,10.0,496(-4),[西] 大橋勇樹,202407030712
10,4,4,カイザーブリッツ,セ4,55.0,吉村誠之,1:13.3,クビ,34.3,8.0,472(-2),[東] 伊藤圭三,202407030712
1,8,8,ドンパッショーネ,牡2,55.0,池添謙一,1:11.7,,6.7,5.0,532(-6),[西] 斉藤崇史,202407030801
2,3,3,カペルブリュッケ,牡2,52.0,高杉吏麒,1:12.6,5,4.0,3.0,452(+4),[西] 浜田多実,202407030801
3,7,7,テイエムバゴオウ,牡2,55.0,田中健,1:13.2,3.1/2,102.1,7.0,452(+2),[西] 木原一良,202407030801
4,6,6,スナークメスナー,牡2,55.0,岩田望来,1:13.6,2.1/2,3.7,2.0,466(-2),[西] 野中賢二,202407030801
5,4,4,コパノマロン,牝2,52.0,柴田裕一,1:13.7,クビ,14.8,6.0,426(-10),[西] 村山明,202407030801
6,2,2,サファリ,牡2,55.0,幸英明,1:13.7,クビ,3.3,1.0,458(-4),[西] 浜田多実,202407030801
7,8,9,マルモリマジック,牝2,54.0,泉谷楓真,1:14.4,4,4.9,4.0,452(-2),[西] 庄野靖志,202407030801
8,5,5,プライムクオリティ,牡2,55.0,国分恭介,1:14.8,2.1/2,216.3,9.0,466(0),[西] 西園翔太,202407030801
9,1,1,シンゼンヤマト,牡2,55.0,角田大和,1:15.6,5,119.5,8.0,474(-8),[西] 飯田祐史,202407030801
1,2,2,ニヒトツーゼーア,牡2,52.0,柴田裕一,1:54.6,,4.9,2.0,502(0),[西] 中竹和也,202407030802
2,7,9,ヤングアメリカンズ,牡2,54.0,小沢大仁,1:54.8,1,11.0,6.0,480(-8),[西] 奥村豊,202407030802
3,4,4,カルテシウス,牡2,55.0,横山武史,1:54.8,ハナ,2.4,1.0,468(0),[西] 福永祐一,202407030802
4,8,10,ハルフロンティア,牡2,55.0,松山弘平,1:55.0,1.1/2,6.3,4.0,478(-2),[西] 池添学,202407030802
5,8,11,レッドヴァリアート,牡2,55.0,坂井瑠星,1:55.8,5,5.2,3.0,442(-4),[西] 大久保龍,202407030802
6,1,1,ディアマイハニー,牝2,55.0,水口優也,1:56.1,2,33.3,8.0,456(0),[西] 中尾秀正,202407030802
7,6,7,イージーゴーイング,牡2,52.0,吉村誠之,1:56.6,3,130.7,11.0,466(+2),[西] 飯田祐史,202407030802
8,6,6,マーウォルス,牡2,55.0,幸英明,1:56.8,1.1/2,18.3,7.0,470(-10),[西] 茶木太樹,202407030802
9,7,8,スパイスマン,牡2,52.0,高杉吏麒,1:58.5,10,126.7,10.0,422(-4),[西] 西村真幸,202407030802
10,3,3,ポセイドンバローズ,牡2,55.0,池添謙一,1:59.5,6,10.7,5.0,464(-6),[西] 石坂公一,202407030802
11,5,5,ドリームジャック,牡2,55.0,古川吉洋,1:59.6,クビ,61.2,9.0,472(-6),[西] 昆貢,202407030802
1,5,5,ブルクトーア,牡2,55.0,鮫島克駿,1:35.5,,6.4,3.0,482(+6),[西] 長谷川浩,202407030803
2,6,6,モンタルチーノ,牡2,55.0,西村淳也,1:35.8,1.1/2,3.6,2.0,490(-10),[西] 庄野靖志,202407030803
3,8,10,カルドウェル,牝2,55.0,岩田望来,1:35.9,1,9.6,5.0,466(0),[西] 中村直也,202407030803
4,7,8,レイザリオ,牡2,55.0,横山武史,1:36.2,2,8.6,4.0,472(+4),[西] 橋口慎介,202407030803
5,3,3,マジェスティルール,牡2,52.0,高杉吏麒,1:36.4,1,37.5,6.0,406(-2),[西] 荒川義之,202407030803
6,2,2,ポンペルモ,牡2,52.0,橋木太希,1:36.5,1/2,50.7,7.0,424(+12),[西] 西園正都,202407030803
7,8,9,ベイリークロア,牡2,55.0,坂井瑠星,1:37.0,3,1.9,1.0,472(+6),[西] 大久保龍,202407030803
8,1,1,ペイルブルードット,牡2,55.0,国分恭介,1:37.2,1,51.3,8.0,462(0),[西] 緒方努,202407030803
9,7,7,プリスクリプション,牡2,52.0,鷲頭虎太,1:37.5,2,256.6,10.0,382(-4),[西] 杉山佳明,202407030803
10,4,4,ローレルゼロ,牡2,53.0,永島まな,1:38.6,7,121.4,9.0,462(-10),[西] 高橋康之,202407030803
1,1,2,ローランドバローズ,牡2,55.0,岩田康誠,1:53.5,,2.7,2.0,486(0),[西] 上村洋行,202407030804
2,1,1,シュパネントウィル,牡2,55.0,武豊,1:53.7,1,13.6,4.0,488(0),[西] 吉村圭司,202407030804
3,5,9,ゴールデンカイト,牡2,55.0,川田将雅,1:53.9,1.1/2,2.5,1.0,464(0),[西] 中内田充,202407030804
4,4,8,モルテンコア,牡2,54.0,田口貫太,1:54.3,2,18.7,6.0,462(0),[西] 岡田稲男,202407030804
5,6,12,タイセイレグノ,牡2,55.0,鮫島克駿,1:55.2,5,55.9,10.0,464(0),[西] 浜田多実,202407030804
6,6,11,オドラニャソンソン,牡2,52.0,吉村誠之,1:55.7,3.1/2,104.0,14.0,454(0),[西] 音無秀孝,202407030804
7,2,3,ダイシンリンク,牡2,55.0,坂井瑠星,1:55.7,ハナ,16.6,5.0,442(0),[西] 森秀行,202407030804
8,8,16,ミスティマウンテン,牡2,55.0,幸英明,1:55.7,ハナ,78.6,13.0,450(0),[東] 池上昌和,202407030804
9,4,7,メイショウスゴウデ,牡2,51.0,河原田菜,1:55.8,クビ,46.5,8.0,456(0),[西] 渡辺薫彦,202407030804
10,7,13,エジプシャンブルー,牡2,55.0,松山弘平,1:56.0,1,6.3,3.0,494(0),[西] 寺島良,202407030804
11,7,14,スリーレジェンド,牡2,55.0,酒井学,1:56.5,3,65.3,11.0,486(0),[西] 石橋守,202407030804
12,3,5,タガノビギニング,牡2,55.0,シュタル,1:57.0,3,69.4,12.0,530(0),[西] 中村直也,202407030804
13,5,10,ロワゾブルーチヌ,牡2,55.0,小崎綾也,1:57.5,3,167.9,15.0,492(0),[西] 中尾秀正,202407030804
14,2,4,アグネスヒーロー,牡2,55.0,西村淳也,1:57.8,1.3/4,37.0,7.0,482(0),[東] 和田勇介,202407030804
15,8,15,カレンスカーレル,牝2,55.0,富田暁,1:58.9,7,192.2,16.0,462(0),[西] 小林真也,202407030804
16,3,6,ジャストキングダム,牡2,53.0,永島まな,1:59.8,5,53.8,9.0,532(0),[西] 高橋康之,202407030804
1,8,17,ロケベンドラ,牝2,55.0,北村友一,2:03.6,,11.8,5.0,422(0),[西] 西園翔太,202407030805
2,6,11,プレミアシップ,牡2,55.0,松山弘平,2:04.2,3.1/2,5.6,3.0,488(0),[西] 吉岡辰弥,202407030805
3,7,13,インターポーザー,牡2,55.0,鮫島克駿,2:04.4,1.1/4,12.5,6.0,474(0),[西] 高野友和,202407030805
4,4,7,ダノンジャガー,牡2,55.0,シュタル,2:04.4,アタマ,3.3,1.0,522(0),[西] 池江泰寿,202407030805
5,2,4,スイッチビスケット,牡2,55.0,丸山元気,2:04.5,1/2,133.2,15.0,466(0),[西] 森田直行,202407030805
6,1,1,ディープサミット,牡2,55.0,古川吉洋,2:04.5,クビ,17.2,7.0,494(0),[西] 四位洋文,202407030805
7,1,2,ジェントルバローズ,牡2,55.0,西村淳也,2:04.6,クビ,22.3,9.0,498(0),[西] 杉山晴紀,202407030805
8,7,14,メイショウキンタイ,牡2,55.0,岩田望来,2:04.6,クビ,20.3,8.0,476(0),[西] 高橋亮,202407030805
9,3,6,ワンハート,牝2,55.0,小崎綾也,2:05.0,2.1/2,108.9,13.0,422(0),[西] 小崎憲,202407030805
10,2,3,コスモサンビタリア,牝2,55.0,斎藤新,2:05.0,クビ,170.7,17.0,424(0),[西] 西園翔太,202407030805
11,6,12,ブラックプレイズ,牡2,55.0,岩田康誠,2:05.5,3,3.6,2.0,552(0),[西] 上村洋行,202407030805
12,5,10,ジャックオダモ,牡2,55.0,坂井瑠星,2:05.6,1/2,10.0,4.0,498(0),[西] 矢作芳人,202407030805
13,3,5,チョウハチ,牡2,55.0,和田竜二,2:06.3,4,147.2,16.0,452(0),[西] 高橋一哉,202407030805
14,8,15,コスモチャンティ,牝2,55.0,横山武史,2:06.4,1/2,91.5,12.0,426(0),[西] 吉田直弘,202407030805
15,8,16,ニシノミチアキ,牡2,55.0,幸英明,2:06.4,クビ,124.2,14.0,470(0),[西] 吉村圭司,202407030805
16,4,8,バルナバ,牡2,55.0,武豊,2:06.4,ハナ,48.5,11.0,512(0),[西] 浜田多実,202407030805
17,5,9,ファーニスクリーク,牡2,55.0,団野大成,2:10.3,大,45.5,10.0,502(0),[西] 斉藤崇史,202407030805
1,1,1,レッドリベルタ,牡3,54.0,田口貫太,1:52.1,,3.5,3.0,444(-2),[西] 庄野靖志,202407030806
2,3,3,ピコニ,牡3,55.0,松山弘平,1:52.9,5,2.8,1.0,494(-4),[東] 牧光二,202407030806
3,5,5,ウッドショック,牡5,58.0,岩田望来,1:53.1,3/4,35.8,9.0,508(-8),[東] 杉浦宏昭,202407030806
4,7,8,ミグラテール,牡3,52.0,吉村誠之,1:53.1,アタマ,28.8,7.0,502(0),[西] 小栗実,202407030806
5,8,9,ゲインサポート,牡3,55.0,団野大成,1:53.2,1/2,35.7,8.0,454(+2),[西] 斉藤崇史,202407030806
6,2,2,テイエムシップ,牡5,58.0,鮫島良太,1:53.3,1,27.5,6.0,518(+8),[西] 河嶋宏樹,202407030806
7,4,4,キングオブフジ,牡3,55.0,角田大和,1:53.4,クビ,3.0,2.0,494(+6),[西] 角田晃一,202407030806
8,8,10,リリーアロー,牡5,58.0,富田暁,1:53.5,1/2,114.7,10.0,488(-8),[西] 平田修,202407030806
9,7,7,マリンバンカー,牡3,55.0,秋山稔樹,1:54.0,3,8.9,4.0,490(-2),[東] 南田美知,202407030806
10,6,6,ヴィアダクト,牡3,55.0,シュタル,1:59.4,大,22.1,5.0,526(-2),[西] 吉村圭司,202407030806
1,7,12,シャイニングソード,牡3,55.0,川田将雅,2:12.4,,1.6,1.0,520(+6),[西] 中内田充,202407030807
2,2,2,アラナコア,牡3,54.0,小沢大仁,2:12.5,1/2,18.2,7.0,494(+2),[西] 田中克典,202407030807
3,6,10,ベトルス,牡3,55.0,岩田望来,2:12.5,ハナ,10.3,3.0,516(+6),[西] 友道康夫,202407030807
4,3,3,ディーガレジェンド,牡3,55.0,シュタル,2:12.7,1.1/4,17.2,5.0,464(+12),[西] 藤原英昭,202407030807
5,8,13,ヴィスマール,牡3,55.0,鮫島克駿,2:12.9,1.1/2,16.5,4.0,444(-2),[西] 奥村豊,202407030807
6,5,8,スパークタイムリー,牝4,56.0,西村淳也,2:13.2,2,51.7,8.0,472(+4),[東] 小島茂之,202407030807
7,4,6,グランアルティスタ,牡3,55.0,松山弘平,2:13.3,1/2,4.0,2.0,512(+2),[西] 寺島良,202407030807
8,5,7,グルーヴビート,牡6,58.0,岩田康誠,2:13.4,1/2,17.3,6.0,478(0),[西] 中村直也,202407030807
9,7,11,コスモダークナイト,牡5,58.0,丸山元気,2:13.8,2,122.1,12.0,504(-2),[西] 吉田直弘,202407030807
10,6,9,オイデレオ,牡3,55.0,田中健,2:13.8,クビ,112.9,10.0,500(0),[西] 荒川義之,202407030807
11,3,4,ウィンターガーデン,牝3,53.0,横山武史,2:14.0,1.1/2,113.5,11.0,474(-2),[西] 武幸四郎,202407030807
12,4,5,ノートルプロメス,牡5,58.0,坂井瑠星,2:14.1,アタマ,86.4,9.0,494(-4),[西] 四位洋文,202407030807
13,1,1,アスクヒロイズガイ,牡3,54.0,西塚洸二,2:14.6,3,130.7,13.0,494(0),[西] 野中賢二,202407030807
14,8,14,ニシノザイホウ,牡3,54.0,松本大輝,2:16.3,10,268.2,14.0,428(0),[西] 新谷功一,202407030807
1,6,8,スズカダブル,牡4,58.0,西村淳也,1:34.0,,12.7,6.0,486(-2),[西] 西村真幸,202407030808
2,5,6,ムーンリットナイト,牡5,58.0,川田将雅,1:34.2,1,5.6,3.0,506(+4),[西] 杉山佳明,202407030808
3,4,5,マイシンフォニー,牝5,56.0,武豊,1:34.4,1.1/2,9.6,5.0,492(-6),[西] 松永幹夫,202407030808
4,4,4,エポックヴィーナス,牝3,54.0,和田竜二,1:34.5,1/2,3.1,1.0,440(0),[西] 新谷功一,202407030808
5,1,1,ジュンゴールド,牡3,56.0,荻野極,1:34.5,クビ,6.0,4.0,480(+4),[西] 友道康夫,202407030808
6,2,2,トーホウガレオン,牡4,57.0,田口貫太,1:34.6,クビ,57.5,11.0,504(-6),[西] 谷潔,202407030808
7,5,7,スマートスピア,牡3,56.0,横山武史,1:34.8,1.1/4,4.7,2.0,512(0),[西] 池江泰寿,202407030808
8,8,12,リアド,牡5,58.0,坂井瑠星,1:34.9,3/4,29.8,9.0,476(-8),[西] 友道康夫,202407030808
9,8,13,ハワイアンタイム,セ4,58.0,横山典弘,1:35.5,3.1/2,19.6,7.0,496(+12),[西] 昆貢,202407030808
10,6,9,クロニクルノヴァ,セ5,55.0,吉村誠之,1:35.5,クビ,96.7,12.0,482(+6),[西] 小栗実,202407030808
11,3,3,スペクトログラム,牡5,58.0,シュタル,1:35.6,クビ,120.7,13.0,500(-6),[西] 池江泰寿,202407030808
12,7,10,モズアンタレス,牝4,56.0,松山弘平,1:35.7,1/2,22.1,8.0,496(0),[西] 飯田祐史,202407030808
13,7,11,アイオブザストーム,牝4,56.0,団野大成,1:35.7,アタマ,36.8,10.0,472(0),[西] 岡田稲男,202407030808
1,1,1,アメリカンビキニ,牝2,55.0,団野大成,1:23.6,,3.8,2.0,494(+2),[西] 斉藤崇史,202407030809
2,4,4,スカイブルー,牡2,55.0,西村淳也,1:24.0,2.1/2,18.5,6.0,502(+2),[西] 杉山晴紀,202407030809
3,5,5,クレーキング,牡2,55.0,岩田康誠,1:24.0,アタマ,2.7,1.0,482(+4),[東] 中舘英二,202407030809
4,8,10,ハッピーマン,牡2,55.0,坂井瑠星,1:24.2,1.1/4,3.8,3.0,458(+2),[西] 寺島良,202407030809
5,2,2,エコロアゼル,牡2,55.0,武豊,1:24.6,2.1/2,8.5,4.0,502(+8),[西] 森秀行,202407030809
6,8,9,ソロモン,牡2,55.0,松山弘平,1:25.1,3,9.7,5.0,526(+2),[東] 堀宣行,202407030809
7,3,3,コスモストーム,牡2,55.0,秋山稔樹,1:25.8,4,19.7,7.0,486(-10),[西] 北出成人,202407030809
8,6,6,ケイアイマハナ,牡2,55.0,岩田望来,1:26.2,2.1/2,44.4,8.0,486(+8),[西] 村山明,202407030809
9,7,8,カガバベル,牡2,55.0,横山武史,1:26.3,アタマ,71.3,9.0,510(+2),[東] 萱野浩二,202407030809
10,7,7,アースミューズ,牝2,55.0,丸山元気,1:27.1,5,124.2,10.0,442(+14),[東] 粕谷昌央,202407030809
1,6,8,マコトヴェリーキー,牡4,58.0,岩田望来,1:59.9,,3.9,2.0,484(+8),[西] 上村洋行,202407030810
2,5,7,シホノスペランツァ,牡5,58.0,西村淳也,2:00.0,クビ,44.7,12.0,478(0),[西] 寺島良,202407030810
3,4,4,マイネルエンペラー,牡4,58.0,シュタル,2:00.1,1/2,7.7,4.0,474(-14),[西] 清水久詞,202407030810
4,1,1,シュタールヴィント,牡4,58.0,鮫島克駿,2:00.1,クビ,34.9,11.0,442(-2),[西] 矢作芳人,202407030810
5,6,9,コパノサントス,牡4,58.0,松山弘平,2:00.2,クビ,8.0,5.0,472(-2),[西] 梅田智之,202407030810
6,2,2,フェステスバント,牝4,56.0,藤岡佑介,2:00.2,クビ,21.5,7.0,444(+12),[西] 藤岡健一,202407030810
7,8,12,ショウナンアデイブ,牡5,58.0,池添謙一,2:00.4,3/4,13.1,6.0,510(+4),[西] 高野友和,202407030810
8,7,11,オープンファイア,牡4,58.0,川田将雅,2:01.0,3.1/2,3.3,1.0,508(+6),[西] 斉藤崇史,202407030810
9,3,3,ワールドスケール,牡7,58.0,小崎綾也,2:01.2,1.1/2,282.2,13.0,480(-8),[西] 村山明,202407030810
10,7,10,ラスマドレス,牝5,56.0,横山典弘,2:01.3,1/2,25.7,9.0,474(+2),[西] 安田翔伍,202407030810
11,5,6,ヤマニンエンディマ,牡4,58.0,横山武史,2:01.4,3/4,21.6,8.0,508(+2),[東] 辻哲英,202407030810
12,8,13,リビアングラス,牡4,58.0,坂井瑠星,2:01.9,3,6.7,3.0,508(0),[西] 矢作芳人,202407030810
13,4,5,ポッドボレット,牡5,58.0,中井裕二,2:02.1,1,28.9,10.0,514(-8),[西] 辻野泰之,202407030810
1,1,1,ハギノアレグリアス,牡7,59.5,岩田望来,1:57.1,,10.8,5.0,496(+2),[西] 四位洋文,202407030811
2,2,2,オメガギネス,牡4,59.0,松山弘平,1:57.3,1.1/4,2.8,1.0,496(0),[東] 大和田成,202407030811
3,4,6,フタイテンロック,牡5,50.0,秋山稔樹,1:57.6,1.1/2,101.2,13.0,484(+4),[東] 佐藤吉勝,202407030811
4,6,10,カンピオーネ,牡5,55.0,横山武史,1:57.6,クビ,24.3,8.0,516(-2),[東] 栗田徹,202407030811
5,3,4,ロコポルティ,牡6,57.0,丸山元気,1:57.7,3/4,5.5,3.0,520(0),[西] 西園正都,202407030811
6,2,3,エナハツホ,牝5,52.0,藤懸貴志,1:57.8,1/2,203.2,15.0,450(-18),[西] 吉田直弘,202407030811
7,5,9,ビヨンドザファザー,牡5,57.5,北村友一,1:57.9,1/2,23.5,7.0,506(-2),[西] 藤岡健一,202407030811
8,3,5,ヴァンヤール,牡6,57.0,荻野極,1:58.6,4,9.8,4.0,538(+6),[西] 庄野靖志,202407030811
9,7,12,サンライズアリオン,牡5,55.0,富田暁,1:58.6,クビ,47.3,10.0,524(0),[西] 平田修,202407030811
10,8,15,ハピ,牡5,58.0,坂井瑠星,1:58.7,クビ,3.8,2.0,488(+4),[西] 大久保龍,202407030811
11,8,14,カフジオクタゴン,牡5,57.0,藤岡佑介,1:59.8,7,32.9,9.0,554(+10),[西] 矢作芳人,202407030811
12,4,7,グリューヴルム,牡5,55.0,シュタル,2:00.3,3.1/2,59.6,12.0,502(0),[西] 大久保龍,202407030811
13,7,13,サンマルレジェンド,牡6,54.0,酒井学,2:00.5,3/4,152.9,14.0,488(+8),[西] 大橋勇樹,202407030811
14,5,8,サンデーファンデー,牡4,55.0,武豊,2:01.0,3,14.7,6.0,506(-2),[西] 音無秀孝,202407030811
15,6,11,ヴィクティファルス,セ6,57.5,池添謙一,2:01.1,クビ,53.8,11.0,484(+4),[西] 池添学,202407030811
1,2,2,シンエン,牡5,58.0,荻野極,1:24.1,,95.5,11.0,486(+2),[西] 松下武士,202407030812
2,8,10,エフエイト,牡3,56.0,秋山稔樹,1:24.2,クビ,10.2,2.0,432(-6),[西] 北出成人,202407030812
3,4,4,ポンピエ,牡3,56.0,鮫島克駿,1:24.3,1/2,11.0,3.0,450(-2),[西] 西園正都,202407030812
4,6,6,グリーズマン,牡3,56.0,松山弘平,1:24.4,3/4,1.3,1.0,510(+4),[西] 小栗実,202407030812
5,7,9,カツラノキサノキ,牡3,56.0,岩田康誠,1:24.7,2,16.7,6.0,486(0),[西] 庄野靖志,202407030812
6,6,7,カズラポニアン,牡5,58.0,北村友一,1:24.8,クビ,71.2,10.0,482(-6),[西] 高橋一哉,202407030812
7,3,3,ヨゾラノムコウニ,牡3,56.0,団野大成,1:24.8,クビ,11.8,4.0,490(0),[東] 小笠倫弘,202407030812
8,7,8,グラティアスミノル,牡3,56.0,幸英明,1:25.1,1.1/2,15.6,5.0,514(+2),[西] 北出成人,202407030812
9,8,11,カールスタード,牡3,56.0,西村淳也,1:25.4,2,23.7,7.0,482(-8),[西] 吉岡辰弥,202407030812
10,1,1,タッケンイッキ,牡4,56.0,永島まな,1:25.6,1.1/2,45.2,9.0,516(+1),[西] 高橋康之,202407030812
11,5,5,フェールブリエ,牡3,56.0,坂井瑠星,1:26.8,7,32.6,8.0,422(+6),[西] 鮫島一歩,202407030812
1,4,4,ダノンフェルゼン,牡2,52.0,高杉吏麒,1:53.1,,4.0,3.0,472(-8),[西] 音無秀孝,202407030901
2,6,6,チムニートップス,牡2,55.0,亀田温心,1:53.1,アタマ,3.5,2.0,486(+2),[西] 杉山晴紀,202407030901
3,5,5,ザハント,牡2,55.0,団野大成,1:53.9,5,2.8,1.0,484(-2),[西] 田中克典,202407030901
4,3,3,フクキタテーラー,牝2,54.0,西塚洸二,1:54.1,1,125.6,10.0,434(+6),[西] 河内洋,202407030901
5,1,1,タイセイアビリティ,牡2,52.0,吉村誠之,1:54.1,ハナ,14.5,6.0,474(+2),[西] 小林真也,202407030901
6,8,10,ペプチドシナノ,牡2,55.0,高倉稜,1:55.7,10,10.5,5.0,460(-2),[西] 武英智,202407030901
7,2,2,ヒロノランド,牡2,55.0,鮫島克駿,1:55.9,3/4,80.3,9.0,530(-4),[西] 庄野靖志,202407030901
8,7,8,ホワイトアッシュ,牡2,51.0,河原田菜,1:56.5,3.1/2,44.3,7.0,470(-4),[西] 庄野靖志,202407030901
9,7,7,アルデフォックス,牡2,55.0,藤岡佑介,1:57.5,6,6.6,4.0,520(-2),[西] 藤岡健一,202407030901
10,8,9,グランツリッター,牡2,53.0,永島まな,1:59.2,10,54.0,8.0,448(+4),[西] 高橋康之,202407030901
1,4,4,バルティカ,牡2,55.0,岩田望来,2:07.3,,7.2,4.0,434(+2),[西] 高橋亮,202407030902
2,2,2,サリーチェ,牝2,55.0,鮫島克駿,2:07.3,アタマ,2.0,1.0,472(-12),[西] 池添学,202407030902
3,3,3,エンマ,牡2,55.0,藤岡佑介,2:08.0,4,6.0,3.0,462(0),[西] 武英智,202407030902
4,6,6,テーオーシュタイン,牡2,55.0,古川吉洋,2:08.0,クビ,2.7,2.0,460(0),[西] 梅田智之,202407030902
5,7,7,サンライズアレス,牡2,55.0,北村友一,2:08.5,3,30.4,5.0,538(-2),[西] 矢作芳人,202407030902
6,8,8,サンライズロジャー,牡2,52.0,吉村誠之,2:08.8,1.1/2,37.2,6.0,508(+6),[西] 新谷功一,202407030902
7,1,1,メリトーリアス,牡2,52.0,高杉吏麒,2:08.8,クビ,82.5,8.0,508(0),[西] 寺島良,202407030902
8,5,5,ケアンズ,牡2,55.0,杉原誠人,2:09.0,3/4,72.3,7.0,462(0),[東] 武藤善則,202407030902
9,8,9,グレースシャルマン,牝2,53.0,永島まな,2:09.3,2,128.6,9.0,430(-8),[西] 奥村豊,202407030902
1,2,2,アートコレクション,牡2,55.0,角田大和,1:25.3,,7.0,5.0,480(0),[西] 角田晃一,202407030903
2,8,15,ウルスクローム,牡2,52.0,高杉吏麒,1:25.6,2,35.8,10.0,472(0),[西] 大橋勇樹,202407030903
3,5,8,キングコロネット,牡2,54.0,田口貫太,1:25.6,アタマ,8.2,6.0,444(0),[西] 大橋勇樹,202407030903
4,8,14,ユウメモリー,牝2,54.0,松本大輝,1:25.7,クビ,43.8,11.0,440(0),[西] 新谷功一,202407030903
5,5,9,アメリカンビーチ,牡2,55.0,団野大成,1:25.8,3/4,4.5,1.0,534(0),[東] 国枝栄,202407030903
6,4,7,サントモナルカ,牡2,53.0,永島まな,1:26.8,6,6.9,4.0,448(0),[西] 平田修,202407030903
7,6,11,テルモピュライ,牡2,55.0,北村友一,1:27.1,1.1/2,5.5,3.0,466(0),[西] 飯田祐史,202407030903
8,7,13,スピードイエロー,牡2,52.0,吉村誠之,1:27.1,ハナ,87.3,12.0,416(0),[西] 佐々木晶,202407030903
9,1,1,ヤヌシサンダー,牡2,54.0,小沢大仁,1:28.3,7,96.9,13.0,422(0),[西] 牧田和弥,202407030903
10,3,5,ワンダーブリング,牡2,54.0,泉谷楓真,1:28.4,1,121.5,14.0,536(0),[西] 石橋守,202407030903
11,7,12,テイエムファラオ,牡2,55.0,幸英明,1:28.5,1/2,26.3,9.0,460(0),[東] 伊藤圭三,202407030903
12,6,10,ウィッシュソング,牝2,55.0,鮫島克駿,1:29.7,7,16.1,8.0,504(0),[西] 中村直也,202407030903
13,3,4,ナムラジョコ,牡2,52.0,柴田裕一,1:29.9,1.1/2,138.3,15.0,464(0),[西] 中竹和也,202407030903
14,4,6,マゴイチタ,牡2,55.0,藤岡佑介,1:30.2,1.3/4,5.4,2.0,468(0),[西] 武英智,202407030903
15,2,3,ハギビス,牝2,55.0,秋山稔樹,1:34.6,大,14.1,7.0,480(0),[西] 杉山佳明,202407030903
1,2,2,アルベリック,牡3,52.0,柴田裕一,1:59.1,,5.3,4.0,470(-2),[西] 中竹和也,202407030904
2,7,7,マサハヤウォルズ,牡4,55.0,吉村誠之,1:59.7,3.1/2,3.8,2.0,468(-2),[西] 今野貞一,202407030904
3,3,3,ジュンラトゥール,牡3,55.0,和田竜二,1:59.7,クビ,2.1,1.0,462(-6),[西] 浜田多実,202407030904
4,6,6,ベファーナ,牝4,56.0,川須栄彦,1:59.8,クビ,25.4,5.0,500(-2),[西] 松下武士,202407030904
5,8,9,スマートプレシャス,牝3,53.0,田中健,2:00.0,1.1/4,4.6,3.0,506(+10),[西] 中村直也,202407030904
6,4,4,スティーロポリス,牡4,58.0,幸英明,2:00.4,2.1/2,27.9,6.0,502(-12),[西] 西村真幸,202407030904
7,5,5,ニホンピロゴルディ,牡3,55.0,三浦皇成,2:00.6,3/4,35.9,7.0,456(+4),[西] 安達昭夫,202407030904
8,1,1,オールタイムハイ,牡5,56.0,永島まな,2:02.0,9,50.2,8.0,492(+6),[西] 高橋康之,202407030904
9,8,8,ヒロピアーナ,牡4,58.0,富田暁,2:02.0,クビ,224.4,9.0,530(-5),[西] 庄野靖志,202407030904
1,8,15,ワース,牡2,55.0,鮫島克駿,1:24.5,,3.5,1.0,488(0),[東] 上原佑紀,202407030905
2,7,13,スライビングロード,牝2,55.0,岩田望来,1:24.5,ハナ,4.7,2.0,446(0),[西] 福永祐一,202407030905
3,4,6,スマートサターン,牡2,55.0,秋山稔樹,1:25.0,3,15.7,7.0,438(0),[西] 小林真也,202407030905
4,2,3,バヤシーフェイス,牡2,55.0,団野大成,1:25.3,1.1/2,27.0,9.0,524(0),[西] 西園翔太,202407030905
5,7,12,サンナイアガラ,牝2,54.0,松本大輝,1:25.3,ハナ,68.6,13.0,488(0),[西] 宮本博,202407030905
6,5,8,サニースマイル,牡2,54.0,田口貫太,1:25.3,クビ,4.8,3.0,458(0),[西] 羽月友彦,202407030905
7,1,1,エイシンヤタガラス,牡2,55.0,幸英明,1:25.4,1/2,14.5,6.0,442(0),[西] 渡辺薫彦,202407030905
8,3,5,ジョウショーポプリ,牝2,52.0,吉村誠之,1:25.4,クビ,30.5,10.0,444(0),[西] 新谷功一,202407030905
9,3,4,メイショウコウキ,牝2,55.0,酒井学,1:25.5,3/4,11.3,5.0,464(0),[西] 石橋守,202407030905
10,6,11,サラサハウナイス,牡2,55.0,和田竜二,1:25.5,ハナ,60.0,12.0,490(0),[西] 岡田稲男,202407030905
11,5,9,カリスティア,牝2,54.0,西塚洸二,1:25.6,クビ,78.9,14.0,408(0),[西] 河内洋,202407030905
12,6,10,ユニークカラー,牡2,55.0,藤岡佑介,1:25.6,クビ,24.6,8.0,446(0),[西] 河嶋宏樹,202407030905
13,4,7,クリプトス,牡2,52.0,高杉吏麒,1:25.9,2,82.4,15.0,478(0),[東] 和田勇介,202407030905
14,2,2,インユアアイズ,牝2,55.0,三浦皇成,1:25.9,ハナ,6.6,4.0,464(0),[西] 高野友和,202407030905
15,8,14,モズノセイギ,牡2,53.0,永島まな,1:26.5,3.1/2,58.7,11.0,460(0),[西] 荒川義之,202407030905
1,8,15,シャープソーン,牝4,53.0,橋木太希,1:24.1,,7.0,4.0,462(+14),[西] 西園正都,202407030906
2,5,10,ディクレアブルーム,牝4,54.0,永島まな,1:24.6,3,9.1,5.0,484(+10),[西] 辻野泰之,202407030906
3,7,13,ロンシャンクイーン,牝4,53.0,鷲頭虎太,1:24.6,クビ,18.9,8.0,440(0),[西] 野中賢二,202407030906
4,2,3,シグルドリーヴァ,牝5,53.0,吉村誠之,1:24.7,3/4,10.5,6.0,474(+2),[西] 佐々木晶,202407030906
5,4,8,テンホワイトラブ,牝4,56.0,杉原誠人,1:25.0,1.1/2,50.4,11.0,504(-12),[東] 小西一男,202407030906
6,8,16,カネトシフラム,牝4,56.0,太宰啓介,1:25.3,2,6.6,3.0,468(-6),[西] 大橋勇樹,202407030906
7,4,7,シャウラ,牝4,56.0,幸英明,1:25.3,ハナ,45.8,9.0,456(-6),[西] 高橋義忠,202407030906
8,5,9,ラピダリア,牝3,54.0,和田竜二,1:25.4,クビ,79.6,14.0,450(+10),[西] 吉田直弘,202407030906
9,3,6,ベレニーチェ,牝3,54.0,高倉稜,1:25.4,クビ,87.4,15.0,464(-6),[西] 武英智,202407030906
10,6,11,リヤンドメテオール,牝4,56.0,鮫島克駿,1:25.5,1/2,4.4,2.0,488(+16),[西] 中竹和也,202407030906
11,1,2,ルージュルミナス,牝5,55.0,田口貫太,1:25.8,1.1/2,16.1,7.0,474(+12),[西] 平田修,202407030906
12,7,14,ランゲル,牝3,54.0,三浦皇成,1:26.0,1.1/2,47.8,10.0,432(+4),[西] 鈴木孝志,202407030906
13,1,1,シウン,牝5,56.0,岩田望来,1:26.5,3,55.2,12.0,466(-4),[東] 矢野英一,202407030906
14,3,5,スイープラン,牝4,52.0,河原田菜,1:26.8,1.3/4,64.4,13.0,450(+4),[西] 渡辺薫彦,202407030906
15,2,4,オアシスドール,牝3,51.0,高杉吏麒,1:26.9,1/2,3.4,1.0,450(-2),[西] 高柳大輔,202407030906
16,6,12,オーケーミネルバ,牝3,53.0,泉谷楓真,1:28.9,大,214.1,16.0,472(+2),[西] 奥村豊,202407030906
1,6,12,ヨウシタンレイ,牝4,56.0,Ｍ．デム,1:35.0,,5.0,2.0,470(+12),[西] 藤野健太,202407030907
2,1,1,インペリアルコート,牝4,56.0,斎藤新,1:35.3,1.3/4,167.2,15.0,438(-8),[西] 畑端省吾,202407030907
3,8,15,スカイハイ,牡3,56.0,岩田望来,1:35.4,クビ,3.1,1.0,526(-4),[西] 清水久詞,202407030907
4,3,5,サマーアゲイン,牡3,52.0,河原田菜,1:35.7,2,20.7,9.0,480(-2),[西] 渡辺薫彦,202407030907
5,7,13,サクラオーラ,牝5,56.0,酒井学,1:35.7,クビ,53.0,12.0,444(+12),[西] 河嶋宏樹,202407030907
6,7,14,オーシャントライブ,セ4,58.0,鮫島克駿,1:36.1,2.1/2,14.4,6.0,442(-14),[西] 高柳大輔,202407030907
7,4,7,コーラルムーン,牝3,53.0,小沢大仁,1:36.2,3/4,21.8,10.0,442(+8),[西] 牧田和弥,202407030907
8,4,8,デルシエロ,牡3,56.0,三浦皇成,1:36.3,クビ,16.2,7.0,412(+4),[西] 清水久詞,202407030907
9,5,10,ダイシンビヨンド,牝5,54.0,永島まな,1:36.3,クビ,8.8,4.0,476(+16),[西] 梅田智之,202407030907
10,8,16,メイショウタクボク,牡4,58.0,太宰啓介,1:36.4,クビ,113.7,14.0,456(-4),[西] 高橋亮,202407030907
11,6,11,マルモア,牝3,54.0,池添謙一,1:36.5,1/2,6.1,3.0,416(0),[西] 松永幹夫,202407030907
12,2,4,キーパフォーマー,牝3,51.0,吉村誠之,1:36.6,3/4,26.8,11.0,452(-4),[西] 佐々木晶,202407030907
13,5,9,ロスティチェーレ,牝4,55.0,田口貫太,1:36.7,1/2,17.0,8.0,474(+8),[西] 松下武士,202407030907
14,2,3,サトノエンパイア,牡3,55.0,西塚洸二,1:36.7,ハナ,59.1,13.0,428(+16),[西] 藤原英昭,202407030907
15,3,6,タガノヘラクレス,牡3,53.0,鷲頭虎太,1:36.8,クビ,12.2,5.0,502(+6),[西] 千田輝彦,202407030907
16,1,2,ウイングスオブラヴ,セ5,55.0,高杉吏麒,1:36.8,クビ,295.6,16.0,474(+14),[西] 笹田和秀,202407030907
1,6,11,リューデスハイム,牡3,55.0,池添謙一,1:58.3,,2.0,1.0,508(0),[西] 牧田和弥,202407030908
2,2,4,ワンダーブレット,セ5,58.0,角田大和,1:58.6,2,36.9,9.0,506(-4),[西] 笹田和秀,202407030908
3,3,5,カズタンジャー,牡3,55.0,鮫島克駿,1:58.6,ハナ,5.0,2.0,494(+2),[西] 新谷功一,202407030908
4,4,7,アコークロー,牝5,56.0,和田竜二,1:58.9,1.3/4,8.9,4.0,496(+6),[東] 大竹正博,202407030908
5,5,9,メイトースイ,牡4,58.0,幸英明,1:59.4,3,34.7,7.0,430(+4),[西] 羽月友彦,202407030908
6,8,15,ピエナパイロ,牝4,52.0,河原田菜,1:59.6,3/4,212.9,15.0,492(+10),[西] 渡辺薫彦,202407030908
7,1,1,ショウサンキズナ,牡5,57.0,松本大輝,1:59.7,3/4,44.3,10.0,522(+4),[西] 松下武士,202407030908
8,3,6,テイエムシニスター,牡5,55.0,川端海翼,1:59.7,ハナ,132.7,13.0,504(+4),[西] 木原一良,202407030908
9,1,2,メイショウマントル,牡6,58.0,国分優作,1:59.7,クビ,51.5,11.0,522(+2),[西] 安達昭夫,202407030908
10,5,10,ラミアストラーダ,牡4,55.0,高杉吏麒,1:59.8,クビ,13.4,5.0,476(0),[西] 田中克典,202407030908
11,6,12,シャンバラ,牡5,58.0,三浦皇成,2:00.0,1.1/4,7.1,3.0,524(-4),[西] 橋口慎介,202407030908
12,7,14,スナークレジスト,牡7,55.0,吉村誠之,2:00.1,3/4,183.2,14.0,522(+4),[西] 庄野靖志,202407030908
13,4,8,クールブロン,牡4,58.0,団野大成,2:00.3,1.1/4,35.6,8.0,522(0),[西] 武幸四郎,202407030908
14,2,3,モズアカボス,牡4,54.0,古川奈穂,2:00.4,1/2,66.1,12.0,512(+6),[西] 矢作芳人,202407030908
15,8,16,ガンウルフ,牡4,57.0,田口貫太,2:00.7,1.3/4,14.9,6.0,498(+14),[西] 藤岡健一,202407030908
16,7,13,アナザーエース,牡4,55.0,柴田裕一,2:01.3,3.1/2,304.1,16.0,516(+6),[西] 宮徹,202407030908
1,4,4,ショーモン,セ4,58.0,池添謙一,2:02.5,,7.3,5.0,498(+16),[西] 橋口慎介,202407030909
2,8,9,クレオメデス,牡4,58.0,藤岡佑介,2:02.5,ハナ,4.1,3.0,504(-6),[西] 武英智,202407030909
3,7,7,ベレザニーニャ,牝4,56.0,小崎綾也,2:02.6,クビ,110.9,8.0,482(+4),[西] 小崎憲,202407030909
4,1,1,ジュンツバメガエシ,牡4,58.0,岩田望来,2:02.7,3/4,3.8,2.0,506(-10),[西] 友道康夫,202407030909
5,5,5,ブリタニア,牡4,58.0,鮫島克駿,2:02.8,クビ,8.4,6.0,496(+4),[西] 杉山佳明,202407030909
6,2,2,ダノンフロイデ,牡5,58.0,北村友一,2:03.0,1.1/2,3.3,1.0,486(+4),[西] 藤原英昭,202407030909
7,6,6,ヤマニンループ,牡5,58.0,Ｍ．デム,2:03.1,クビ,6.2,4.0,444(-2),[西] 松永幹夫,202407030909
8,3,3,デルマグレムリン,牡5,58.0,団野大成,2:03.1,クビ,63.3,7.0,450(-6),[西] 緒方努,202407030909
9,8,8,キングダムウイナー,牡7,58.0,国分優作,2:04.8,10,155.3,9.0,502(-2),[西] 藤野健太,202407030909
1,8,15,ディープリボーン,牡4,58.0,古川吉洋,1:51.8,,6.0,3.0,468(+8),[西] 四位洋文,202407030910
2,3,4,ハビレ,牡3,55.0,三浦皇成,1:52.0,1.1/4,3.5,2.0,500(0),[東] 武井亮,202407030910
3,5,9,ジーサイクロン,牡3,55.0,岩田望来,1:52.0,クビ,3.4,1.0,482(0),[西] 吉岡辰弥,202407030910
4,1,1,リチャ,牡4,58.0,北村友一,1:52.1,クビ,21.1,7.0,492(+4),[東] 田中博康,202407030910
5,5,8,コルドンルージュ,牝5,56.0,幸英明,1:52.2,1,10.0,5.0,512(-2),[西] 斉藤崇史,202407030910
6,2,3,メイショウシナノ,牡4,58.0,田口貫太,1:52.4,3/4,13.8,6.0,498(+8),[西] 大橋勇樹,202407030910
7,8,14,キュールエフウジン,牡5,58.0,藤岡佑介,1:52.4,ハナ,63.4,12.0,496(0),[西] 中尾秀正,202407030910
8,6,10,フルオール,牡5,58.0,団野大成,1:52.5,1.1/4,8.6,4.0,458(-6),[東] 斎藤誠,202407030910
9,4,6,ハッスルダンク,牡4,58.0,杉原誠人,1:52.7,1,28.5,10.0,442(-4),[東] 中川公成,202407030910
10,4,7,サンライズグルーヴ,牡4,58.0,西塚洸二,1:52.7,クビ,190.7,14.0,512(+4),[西] 河内洋,202407030910
11,6,11,マリアナトレンチ,牡4,58.0,和田竜二,1:53.3,3.1/2,21.9,8.0,468(-2),[西] 音無秀孝,202407030910
12,2,2,ダイメイセブン,牡4,58.0,酒井学,1:53.4,3/4,24.9,9.0,514(-2),[西] 本田優,202407030910
13,3,5,サトノアポロン,セ6,58.0,小崎綾也,1:53.7,1.3/4,37.5,11.0,496(-6),[西] 福永祐一,202407030910
14,7,13,フームスムート,牡7,58.0,斎藤新,1:53.9,1.1/2,229.2,15.0,522(-8),[東] 水野貴広,202407030910
15,7,12,アスクビックスター,牡5,58.0,古川奈穂,1:54.3,2.1/2,132.5,13.0,494(+14),[西] 矢作芳人,202407030910
1,8,13,アスクコンナモンダ,牡5,57.0,岩田望来,1:34.4,,7.0,3.0,460(+2),[西] 中内田充,202407030911
2,5,7,フリームファクシ,牡4,58.0,Ｍ．デム,1:34.5,1/2,8.4,4.0,518(+8),[西] 須貝尚介,202407030911
3,4,6,ジューンオレンジ,牝4,55.0,富田暁,1:34.5,クビ,11.0,6.0,456(+2),[西] 長谷川浩,202407030911
4,5,8,シングザットソング,牝4,56.0,鮫島克駿,1:34.6,クビ,11.5,7.0,438(+4),[西] 高野友和,202407030911
5,4,5,ニホンピロキーフ,牡4,57.0,田口貫太,1:34.6,クビ,3.7,2.0,484(+10),[西] 大橋勇樹,202407030911
6,2,2,ノーブルロジャー,牡3,56.0,北村友一,1:35.1,3,3.0,1.0,480(-8),[西] 吉岡辰弥,202407030911
7,7,12,ボーデン,セ6,57.0,団野大成,1:35.2,3/4,23.5,8.0,486(+4),[東] 上原佑紀,202407030911
8,7,11,バレエマスター,牡5,57.0,斎藤新,1:35.2,クビ,49.6,9.0,472(+6),[西] 梅田智之,202407030911
9,3,4,エミュー,牝4,55.0,荻野極,1:35.2,クビ,100.5,12.0,430(-4),[東] 和田正一,202407030911
10,1,1,カレンシュトラウス,牡7,58.0,池添謙一,1:35.3,クビ,50.1,10.0,518(-4),[西] 平田修,202407030911
11,6,9,ゴールデンシロップ,牡6,57.0,和田竜二,1:35.3,クビ,80.2,11.0,530(-6),[東] 鈴木慎太,202407030911
12,6,10,エナジーグラン,牡5,57.0,永島まな,1:35.8,2.1/2,132.3,13.0,472(-4),[西] 高柳大輔,202407030911
13,3,3,ニホンピロスクーロ,セ7,57.0,高倉稜,1:35.9,3/4,134.1,14.0,502(-8),[西] 安達昭夫,202407030911
14,8,14,エエヤン,牡4,59.0,杉原誠人,1:37.2,8,9.6,5.0,486(-4),[東] 伊藤大士,202407030911
1,5,9,リンドラゴ,牡5,58.0,北村友一,1:23.4,,7.8,4.0,474(-2),[西] 杉山佳明,202407030912
2,5,10,ヘルモーズ,牡3,53.0,吉村誠之,1:23.4,アタマ,3.4,1.0,504(0),[西] 小林真也,202407030912
3,4,8,シゲルソロソロ,牝4,56.0,鮫島克駿,1:23.4,ハナ,10.0,6.0,478(+6),[西] 谷潔,202407030912
4,1,1,メイショウミシガン,牡3,56.0,団野大成,1:23.6,1.1/4,4.2,2.0,452(0),[西] 鮫島一歩,202407030912
5,3,5,ストレングス,牡3,53.0,高杉吏麒,1:23.7,クビ,7.0,3.0,466(-2),[西] 寺島良,202407030912
6,4,7,プロミシングスター,牡3,56.0,和田竜二,1:24.0,1.3/4,25.9,9.0,448(+10),[西] 高橋義忠,202407030912
7,3,6,マイド,牡4,58.0,岩田望来,1:24.1,3/4,21.2,8.0,470(+6),[西] 野中賢二,202407030912
8,2,4,トウカイポワール,牝3,54.0,幸英明,1:24.4,1.3/4,14.8,7.0,446(0),[西] 北出成人,202407030912
9,8,15,カナウ,牡4,57.0,田口貫太,1:24.4,アタマ,8.2,5.0,532(-4),[西] 杉山晴紀,202407030912
10,8,16,トーホウキザン,牡4,57.0,小沢大仁,1:24.5,3/4,108.1,12.0,476(0),[西] 高橋康之,202407030912
11,6,12,ライズンシャイン,牝6,53.0,柴田裕一,1:24.6,1/2,48.5,11.0,516(+2),[西] 岡田稲男,202407030912
12,1,2,リンクスルーファス,牝5,54.0,永島まな,1:24.6,クビ,36.1,10.0,508(+4),[東] 手塚貴久,202407030912
13,6,11,サヴァイヴ,牡7,58.0,三浦皇成,1:24.7,1/2,168.3,15.0,482(-10),[西] 河嶋宏樹,202407030912
14,2,3,スターペスカオリ,牝4,56.0,酒井学,1:24.8,クビ,136.2,14.0,460(+6),[西] 石橋守,202407030912
15,7,14,ベルウッドウズメ,セ5,57.0,西塚洸二,1:25.2,2.1/2,110.7,13.0,490(+6),[東] 本間忍,202407030912
16,7,13,リュクスウォリアー,牡7,58.0,藤懸貴志,1:26.2,6,219.3,16.0,508(0),[西] 平田修,202407030912
1,4,8,フルドド,牝2,55.0,長岡禎仁,1:25.1,,16.3,6.0,468(+10),[西] 茶木太樹,202407040101
2,8,16,ライツユーアップ,牝2,52.0,古川奈穂,1:25.2,3/4,17.4,7.0,438(-4),[西] 角田晃一,202407040101
3,7,14,チムニーパイプ,牝2,53.0,高杉吏麒,1:25.7,3,5.8,4.0,416(-8),[西] 岡田稲男,202407040101
4,4,7,ユージュアーナ,牝2,54.0,小沢大仁,1:26.0,2,5.6,3.0,456(+2),[西] 奥村豊,202407040101
5,5,9,シュレン,牝2,53.0,吉村誠之,1:26.1,1/2,6.2,5.0,376(0),[東] 千葉直人,202407040101
6,8,15,メイショウセツゲツ,牝2,52.0,川端海翼,1:26.3,1.1/4,3.9,1.0,482(+4),[西] 高橋義忠,202407040101
7,1,1,メルローズ,牝2,55.0,川須栄彦,1:26.5,1.1/4,61.6,11.0,472(-4),[西] 笹田和秀,202407040101
8,3,6,ヒルノカーディフ,牝2,55.0,横山和生,1:26.6,1/2,97.4,13.0,418(-2),[西] 昆貢,202407040101
9,6,12,ペップトーク,牝2,52.0,柴田裕一,1:26.6,アタマ,351.7,16.0,410(0),[東] 千葉直人,202407040101
10,3,5,ワイドレッド,牝2,52.0,石神深道,1:26.7,1/2,47.0,9.0,430(-6),[東] 武井亮,202407040101
11,2,4,ロベルタカリーナ,牝2,55.0,岩田康誠,1:26.7,クビ,70.8,12.0,452(-2),[東] 牧光二,202407040101
12,6,11,ヴォルクメア,牝2,55.0,鮫島克駿,1:26.8,クビ,4.3,2.0,486(+2),[西] 新谷功一,202407040101
13,7,13,ブリックダルジャン,牝2,54.0,西塚洸二,1:27.0,1.1/2,219.9,14.0,422(+2),[東] 鈴木慎太,202407040101
14,2,3,サマーブライド,牝2,55.0,藤懸貴志,1:27.2,1,259.3,15.0,446(-2),[東] 的場均,202407040101
15,5,10,リリードリーマー,牝2,53.0,永島まな,1:27.5,1.3/4,51.6,10.0,452(0),[西] 平田修,202407040101
16,1,2,ミストラルフェザー,牝2,55.0,ドイル,1:27.5,ハナ,21.9,8.0,478(+10),[西] 茶木太樹,202407040101
1,3,5,イミュータブル,牡4,58.0,鮫島克駿,1:12.3,,4.5,2.0,488(+4),[西] 浜田多実,202407040102
2,5,9,ダミエ,牡4,58.0,岩田康誠,1:12.6,1.3/4,11.6,6.0,472(+12),[西] 武幸四郎,202407040102
3,7,14,イリュージョン,牝4,56.0,横山和生,1:12.6,ハナ,40.4,11.0,478(-2),[東] 西田雄一,202407040102
4,4,7,スターザサンライズ,牝5,55.0,西塚洸二,1:12.8,1.1/2,2.7,1.0,464(-2),[西] 小椋研介,202407040102
5,1,2,フェールブリエ,牡3,56.0,小沢大仁,1:12.9,1/2,148.7,14.0,432(+10),[西] 鮫島一歩,202407040102
6,3,6,ブリスフル,牡3,57.0,藤懸貴志,1:13.1,1,11.8,7.0,496(-4),[東] 武市康男,202407040102
7,1,1,パワポケビー,牝5,54.0,高杉吏麒,1:13.3,1.1/4,9.0,3.0,498(-2),[東] 矢嶋大樹,202407040102
8,2,4,ゴイゴイスー,牡6,55.0,柴田裕一,1:13.3,アタマ,9.0,4.0,522(+6),[西] 中尾秀正,202407040102
9,2,3,ラセーヌシュメール,牝3,55.0,吉田隼人,1:13.3,ハナ,50.8,12.0,444(0),[東] 杉浦宏昭,202407040102
10,7,13,クレイジーディス,牡3,54.0,川端海翼,1:13.3,クビ,59.4,13.0,502(+8),[東] 千葉直人,202407040102
11,4,8,シベリアンポラリス,牡3,57.0,長岡禎仁,1:13.4,クビ,23.9,8.0,550(-8),[東] 蛯名正義,202407040102
12,8,16,スマイルバック,牝5,54.0,吉村誠之,1:13.6,1.1/2,37.4,9.0,476(+6),[西] 西園翔太,202407040102
13,5,10,ヴォンヌヴォー,牝4,53.0,石神深道,1:13.8,3/4,321.1,15.0,450(+2),[東] 菊川正達,202407040102
14,6,11,チャコール,牝3,55.0,ドイル,1:13.9,3/4,38.3,10.0,514(-4),[東] 矢野英一,202407040102
15,8,15,ジェットブレイク,牡3,57.0,斎藤新,1:14.1,1,9.8,5.0,490(+14),[東] 斎藤誠,202407040102
16,6,12,カツノテンス,牡4,56.0,永島まな,1:14.7,3.1/2,337.4,16.0,440(+4),[東] 伊藤伸一,202407040102
1,6,8,ザブライド,牝3,54.0,鮫島克駿,1:54.2,,3.0,1.0,470(+2),[西] 西村真幸,202407040103
2,7,10,サイモンブーケ,牝4,53.0,古川奈穂,1:54.4,1.1/4,7.8,4.0,514(+2),[西] 梅田智之,202407040103
3,8,12,ローマンレイク,牝3,54.0,ドイル,1:54.5,3/4,7.9,5.0,428(-4),[西] 松永幹夫,202407040103
4,3,3,ミスサラワク,牝3,53.0,西塚洸二,1:54.7,1.1/2,8.9,6.0,504(+4),[東] 本間忍,202407040103
5,8,13,パルメリータ,牝4,54.0,永島まな,1:54.8,クビ,19.6,7.0,502(+12),[西] 西園正都,202407040103
6,1,1,サイモンコーラル,牝4,56.0,長岡禎仁,1:54.9,1/2,34.3,9.0,468(-2),[西] 羽月友彦,202407040103
7,5,6,リヴァイデント,牝3,51.0,石神深道,1:54.9,クビ,236.3,13.0,406(0),[東] 畠山吉宏,202407040103
8,4,5,フイノマジワリ,牝3,54.0,木幡初也,1:55.0,アタマ,5.8,3.0,438(+2),[東] 竹内正洋,202407040103
8,6,9,タマモネモフィラ,牝4,54.0,高杉吏麒,1:55.0,同着,64.6,12.0,484(+4),[西] 大橋勇樹,202407040103
10,5,7,ベルイストワール,牝3,52.0,吉村誠之,1:55.1,3/4,4.8,2.0,534(-4),[東] 宮田敬介,202407040103
11,4,4,トゥピ,牝4,56.0,斎藤新,1:55.8,4,26.9,8.0,474(-2),[東] 田村康仁,202407040103
12,2,2,グレイスオブゴッド,牝4,56.0,川須栄彦,1:55.8,ハナ,36.8,10.0,492(+4),[西] 緒方努,202407040103
13,7,11,スナークサファイア,牝3,51.0,柴田裕一,1:55.9,1/2,50.5,11.0,490(+12),[西] 宮地貴稔,202407040103
1,3,6,タガノアンファン,牡2,56.0,藤懸貴志,1:09.1,,1.8,1.0,466(+2),[西] 石坂公一,202407040104
2,1,1,エイシンパンタレイ,牡2,56.0,斎藤新,1:09.1,1/2,5.2,2.0,488(-2),[西] 中尾秀正,202407040104
3,3,5,ペガサスノース,牝2,55.0,亀田温心,1:09.5,2.1/2,38.6,8.0,478(+4),[西] 高柳大輔,202407040104
4,7,14,カウンターセブン,牡2,56.0,岩田康誠,1:09.6,クビ,6.2,3.0,482(0),[東] 村田一誠,202407040104
5,8,15,テーオーシュターデ,牝2,53.0,高杉吏麒,1:09.8,1.1/4,11.7,4.0,420(+2),[西] 宮徹,202407040104
6,5,10,アーサーズウェイン,牝2,54.0,西塚洸二,1:10.0,1.1/2,83.4,11.0,436(-8),[西] 高橋一哉,202407040104
7,8,17,ゲレル,牝2,55.0,横山和生,1:10.4,2.1/2,29.4,7.0,442(+6),[西] 長谷川浩,202407040104
8,6,12,ペイドラロワール,牡2,56.0,長岡禎仁,1:10.4,ハナ,88.2,12.0,446(+2),[西] 清水久詞,202407040104
9,2,4,メイショウイチモン,牡2,55.0,小沢大仁,1:10.6,1.1/4,119.1,14.0,494(+4),[西] 飯田祐史,202407040104
10,6,11,パリコレジェンヌ,牝2,55.0,藤岡佑介,1:10.6,アタマ,13.3,5.0,458(0),[西] 鈴木孝志,202407040104
11,1,2,マギームーン,牝2,55.0,鮫島克駿,1:10.7,1/2,17.1,6.0,408(+2),[西] 庄野靖志,202407040104
12,8,16,スネーフリンガ,牝2,55.0,吉田隼人,1:10.7,クビ,78.0,10.0,452(-4),[西] 森田直行,202407040104
13,4,8,タケノリッチ,牝2,52.0,柴田裕一,1:10.8,3/4,39.6,9.0,452(0),[西] 村山明,202407040104
14,7,13,フジサンエンヤス,牝2,52.0,川端海翼,1:11.4,3.1/2,609.5,16.0,378(-2),[東] 松山将樹,202407040104
15,2,3,ベルオーブ,牝2,53.0,永島まな,1:12.1,4,264.2,15.0,434(-2),[西] 高橋義忠,202407040104
16,4,7,ノワールエブラン,牝2,53.0,吉村誠之,1:12.6,3,117.2,13.0,412(+14),[西] 藤野健太,202407040104
17,5,9,エコロジェイド,牡2,55.0,松本大輝,1:17.2,大,639.5,17.0,492(+8),[東] 小西一男,202407040104
1,7,7,フィングステン,牝2,55.0,亀田温心,1:58.2,,4.5,3.0,464(0),[西] 西園正都,202407040105
2,6,6,レズルレクティオ,牡2,55.0,松本大輝,1:58.4,1.1/4,3.8,2.0,480(0),[西] 安田翔伍,202407040105
3,8,8,アファリン,牝2,55.0,鮫島克駿,1:59.4,6,5.5,4.0,466(0),[西] 新谷功一,202407040105
4,4,4,イリバーレ,牡2,55.0,小沢大仁,1:59.7,1.3/4,39.0,6.0,478(0),[西] 牧田和弥,202407040105
5,3,3,ジューンアルテミス,牝2,55.0,横山和生,1:59.7,クビ,2.6,1.0,486(0),[西] 長谷川浩,202407040105
6,2,2,バルトゥール,牝2,54.0,西塚洸二,1:59.9,1.1/4,53.5,7.0,476(0),[東] 矢野英一,202407040105
7,5,5,フロンティエール,牡2,56.0,ドイル,2:00.2,1.3/4,6.2,5.0,516(0),[西] 池添学,202407040105
8,1,1,ダストボウル,牡2,56.0,国分恭介,2:02.1,大,82.6,8.0,450(0),[西] 安達昭夫,202407040105
1,5,10,アンシール,セ3,57.0,鮫島克駿,1:24.6,,1.6,1.0,474(-4),[西] 小崎憲,202407040106
2,6,11,ララマルシュドロワ,セ4,58.0,中井裕二,1:24.7,3/4,20.7,5.0,480(0),[西] 坂口智康,202407040106
3,3,5,ダンツビガー,牡4,58.0,藤岡佑介,1:25.4,4,10.7,3.0,492(+2),[西] 四位洋文,202407040106
4,4,7,マイレーヌ,牝4,56.0,斎藤新,1:25.5,1/2,71.9,9.0,516(0),[東] 斎藤誠,202407040106
5,3,6,アメリカンチーフ,牡3,56.0,西塚洸二,1:25.6,クビ,29.4,7.0,472(+2),[西] 音無秀孝,202407040106
6,1,2,タイキバルドル,牡4,58.0,国分恭介,1:26.0,2.1/2,184.9,11.0,466(-6),[東] 勢司和浩,202407040106
7,2,4,スート,セ3,55.0,高杉吏麒,1:26.2,1.1/4,14.3,4.0,452(-8),[東] 林徹,202407040106
8,6,12,クアトロジャック,牡3,55.0,永島まな,1:26.3,クビ,3.4,2.0,490(+4),[西] 庄野靖志,202407040106
9,8,16,オリンポスカズマ,牡4,58.0,藤懸貴志,1:26.6,1.3/4,264.4,13.0,500(+2),[西] 平田修,202407040106
10,7,13,ソニックロプロス,牡3,57.0,岩田康誠,1:26.6,ハナ,22.4,6.0,492(-14),[東] 加藤士津,202407040106
11,5,9,カルツァクライン,牡3,57.0,伊藤工真,1:26.8,1.1/2,408.9,16.0,442(-6),[東] 林徹,202407040106
12,2,3,クリノミニスター,牡5,58.0,城戸義政,1:26.8,ハナ,235.9,12.0,462(-2),[西] 荒川義之,202407040106
13,8,15,ラウダブル,牡3,57.0,ドイル,1:27.0,1.1/4,30.8,8.0,522(+12),[西] 池江泰寿,202407040106
14,1,1,アイファーファイト,牡5,57.0,小沢大仁,1:27.7,4,77.3,10.0,446(0),[西] 鮫島一歩,202407040106
15,7,14,ウィンウッドテール,牝4,53.0,石神深道,1:27.9,1.1/4,325.3,14.0,438(-6),[東] 清水英克,202407040106
16,4,8,カンタベリーハヤテ,牡4,58.0,黛弘人,1:28.4,3,345.5,15.0,496(-4),[東] 的場均,202407040106
1,7,10,ユメハハテシナク,牡4,56.0,高杉吏麒,1:54.4,,8.5,5.0,488(-2),[西] 石坂公一,202407040107
2,4,4,フリーマントル,牡3,56.0,斎藤新,1:54.5,1/2,5.8,3.0,492(-14),[東] 斎藤誠,202407040107
3,6,7,カレンワッツアップ,牡3,55.0,西塚洸二,1:54.6,1/2,5.4,2.0,478(+16),[西] 小林真也,202407040107
4,3,3,ザロック,セ3,53.0,石神深道,1:54.6,クビ,18.3,7.0,476(+4),[東] 武井亮,202407040107
5,1,1,キタサンシデン,牡3,54.0,吉村誠之,1:54.9,1.3/4,2.5,1.0,512(+14),[西] 本田優,202407040107
6,5,6,ディアスポラ,牡3,53.0,柴田裕一,1:55.2,1.3/4,7.5,4.0,506(-2),[東] 田中剛,202407040107
7,8,12,ワンダーウィルク,牡5,57.0,小沢大仁,1:55.2,ハナ,22.7,9.0,516(+2),[西] 今野貞一,202407040107
8,5,5,ウッドショック,牡5,58.0,亀田温心,1:55.2,ハナ,16.0,6.0,514(-10),[東] 杉浦宏昭,202407040107
9,6,8,スズカキング,牡7,56.0,永島まな,1:55.3,1/2,27.0,10.0,456(+4),[西] 谷潔,202407040107
10,8,11,ピエナオルフェ,牡3,53.0,川端海翼,1:55.6,2,103.3,11.0,446(0),[西] 荒川義之,202407040107
11,2,2,シュヴァルツナーガ,牝4,55.0,松本大輝,1:56.1,3,378.6,12.0,450(-8),[東] 畠山吉宏,202407040107
12,7,9,アークレアル,牝3,51.0,古川奈穂,1:58.5,大,19.3,8.0,496(+4),[東] 蛯名利弘,202407040107
1,8,16,ダズリングブレイヴ,セ4,58.0,亀田温心,1:33.5,,5.7,4.0,484(-4),[西] 斉藤崇史,202407040108
2,1,1,スカイハイ,牡3,55.0,吉村誠之,1:33.5,クビ,3.2,1.0,546(+14),[西] 清水久詞,202407040108
3,4,8,インマイポケット,牝3,55.0,吉田隼人,1:34.1,3.1/2,5.7,3.0,436(+8),[西] 武幸四郎,202407040108
4,1,2,インペリアルコート,牝4,56.0,斎藤新,1:34.6,3,24.1,9.0,438(0),[西] 畑端省吾,202407040108
5,4,7,オタルグリーン,牝3,54.0,松本大輝,1:34.6,クビ,4.9,2.0,442(0),[西] 中竹和也,202407040108
6,2,4,クラシックステップ,牡5,58.0,藤岡佑介,1:34.7,1/2,20.8,7.0,494(+4),[西] 高橋一哉,202407040108
7,6,12,ウィズダムハート,牝4,56.0,横山和生,1:34.8,3/4,55.5,12.0,430(-6),[東] 上原佑紀,202407040108
8,5,10,シャーリーゴールド,牝3,55.0,ドイル,1:34.9,クビ,23.9,8.0,456(+12),[西] 須貝尚介,202407040108
9,3,5,ゼットスパンキー,牡3,54.0,柴田裕一,1:35.0,1/2,192.6,15.0,472(+12),[西] 宮徹,202407040108
10,8,15,アランヴェリテ,セ5,57.0,西塚洸二,1:35.0,クビ,52.3,11.0,492(+4),[西] 中竹和也,202407040108
11,5,9,キセキノエンジェル,牝5,56.0,黛弘人,1:35.3,2,236.7,16.0,466(-2),[東] 石毛善彦,202407040108
12,6,11,マーゴットメネス,牡3,57.0,長岡禎仁,1:35.4,クビ,98.1,13.0,476(-2),[東] 伊坂重信,202407040108
13,7,13,ゴーマックス,セ4,56.0,高杉吏麒,1:35.6,1.1/2,24.3,10.0,500(+16),[西] 武幸四郎,202407040108
14,3,6,パシフィックルート,牡3,57.0,鮫島克駿,1:36.3,4,11.2,5.0,586(+14),[西] 高野友和,202407040108
15,2,3,シークレットイスラ,牡3,57.0,岩田康誠,1:36.7,2.1/2,13.2,6.0,460(+2),[東] 辻哲英,202407040108
16,7,14,プリュムドランジュ,牝4,55.0,小沢大仁,1:47.3,大,186.9,14.0,452(+4),[西] 藤沢則雄,202407040108
1,2,3,メイショウポペット,牝4,56.0,横山和生,1:53.0,,7.8,6.0,498(+2),[西] 角田晃一,202407040109
2,1,2,ルナビス,牝4,56.0,鮫島克駿,1:53.1,1,3.2,1.0,486(-2),[西] 森田直行,202407040109
3,4,8,メロウヴォイス,牝5,56.0,高杉吏麒,1:53.4,1.3/4,139.5,13.0,454(-10),[東] 上原博之,202407040109
4,7,14,ルージュアベリア,牝3,54.0,斎藤新,1:53.6,3/4,6.8,2.0,480(-12),[東] 田中博康,202407040109
5,6,11,チカミリオン,牝3,54.0,西塚洸二,1:53.8,1.1/2,12.6,7.0,478(-2),[西] 大久保龍,202407040109
6,5,10,アコークロー,牝5,56.0,吉田隼人,1:54.0,1.1/4,7.2,3.0,490(-8),[東] 大竹正博,202407040109
7,7,13,ワイルドベティ,牝5,56.0,小沢大仁,1:54.1,1/2,39.9,10.0,424(-10),[西] 今野貞一,202407040109
8,1,1,クリニクラウン,牝4,56.0,岩田康誠,1:54.3,1,13.5,8.0,480(-4),[東] 小手川準,202407040109
9,8,15,アーレンダール,牝5,56.0,ドイル,1:54.3,アタマ,56.9,12.0,496(0),[東] 宮田敬介,202407040109
10,2,4,ピュアグルーヴ,牝4,56.0,藤岡佑介,1:54.4,1/2,7.5,4.0,468(-4),[西] 藤岡健一,202407040109
11,3,5,アルムエアフォルク,牝4,56.0,永島まな,1:54.4,クビ,38.3,9.0,474(-4),[西] 平田修,202407040109
12,8,16,キタノブライド,牝4,56.0,藤懸貴志,1:54.8,2.1/2,143.6,14.0,432(-8),[西] 坂口智康,202407040109
13,4,7,アルタビスタ,牝4,56.0,吉村誠之,1:55.1,1.3/4,7.7,5.0,466(-4),[西] 松永幹夫,202407040109
14,3,6,スカンジナビア,牝5,56.0,国分恭介,1:55.9,5,49.5,11.0,484(0),[西] 安達昭夫,202407040109
15,5,9,ノーブルマルシェ,牝4,56.0,亀田温心,1:56.1,1.1/2,247.9,15.0,466(-4),[東] 久保田貴,202407040109
16,6,12,タマモベローナ,牝5,56.0,長岡禎仁,1:57.2,7,275.0,16.0,504(+8),[西] 高橋亮,202407040109
1,4,5,メルトユアハート,牝3,53.0,横山和生,1:33.9,,6.8,5.0,500(0),[西] 長谷川浩,202407040110
2,5,6,ケイデンシーマーク,牝4,55.0,藤岡佑介,1:34.0,クビ,5.7,4.0,448(-4),[西] 福永祐一,202407040110
3,4,4,レディントン,牡3,55.0,鮫島克駿,1:34.1,3/4,4.7,2.0,484(+2),[西] 杉山晴紀,202407040110
4,7,11,パンドレア,牝5,52.0,亀田温心,1:34.2,1/2,53.3,9.0,448(-12),[西] 斉藤崇史,202407040110
5,3,3,ララマセラシオン,牡3,55.0,岩田康誠,1:34.2,アタマ,10.2,6.0,516(-6),[東] 大竹正博,202407040110
6,7,10,アルゲンテウス,セ5,55.0,吉田隼人,1:34.3,1/2,28.0,8.0,458(-4),[東] 小島茂之,202407040110
7,8,12,ビーナスローズ,牝5,53.0,斎藤新,1:34.5,1,16.2,7.0,446(0),[西] 杉山佳明,202407040110
8,6,9,アイオブザストーム,牝4,52.0,小沢大仁,1:34.7,1.1/2,78.0,10.0,470(-4),[西] 岡田稲男,202407040110
9,5,7,ラレーヌデリス,牝4,55.0,ドイル,1:34.8,クビ,5.5,3.0,472(+12),[西] 安田翔伍,202407040110
10,6,8,ユイノオトコヤマ,牡4,52.0,木幡初也,1:34.9,1/2,94.4,11.0,472(0),[東] 深山雅史,202407040110
11,2,2,ハワイアンティアレ,牝3,54.0,西塚洸二,1:34.9,クビ,3.4,1.0,422(-12),[西] 松永幹夫,202407040110
12,1,1,ジッピーレーサー,セ7,54.0,黛弘人,1:36.0,7,177.8,13.0,470(-14),[東] 天間昭一,202407040110
13,8,13,ビッグボーンリタ,牝4,51.0,永島まな,1:36.1,1/2,109.6,12.0,466(-4),[西] 高橋康之,202407040110
1,6,8,ベガリス,牝4,56.0,藤懸貴志,1:21.4,,8.2,6.0,430(+6),[西] 高橋義忠,202407040111
2,5,7,ユハンヌス,牡4,58.0,西塚洸二,1:21.4,クビ,3.6,1.0,476(-2),[西] 大久保龍,202407040111
3,1,1,アクートゥス,牡4,58.0,小沢大仁,1:21.5,1/2,13.0,7.0,456(+2),[西] 藤原英昭,202407040111
4,3,3,コスモエスパーダ,牡8,58.0,ドイル,1:21.8,1.1/2,97.8,13.0,502(-6),[東] 天間昭一,202407040111
5,4,5,エピプランセス,牝5,56.0,鮫島克駿,1:21.8,クビ,7.3,4.0,446(-2),[西] 池添学,202407040111
6,2,2,アバンチュリエ,セ5,58.0,吉田隼人,1:21.9,3/4,39.5,11.0,468(-4),[東] 大竹正博,202407040111
7,4,4,フルメタルボディー,セ4,58.0,吉村誠之,1:22.0,1/2,6.0,3.0,502(+4),[西] 清水久詞,202407040111
8,7,10,ジュノー,セ6,58.0,川須栄彦,1:22.1,1/2,7.3,5.0,530(-4),[西] 音無秀孝,202407040111
9,8,12,プリモカリーナ,牝5,56.0,斎藤新,1:22.3,1,48.4,12.0,448(-4),[西] 福永祐一,202407040111
10,6,9,リサリサ,牝4,56.0,藤岡佑介,1:22.4,3/4,5.6,2.0,488(-2),[東] 田村康仁,202407040111
11,8,13,ルミノメテオール,牝4,56.0,永島まな,1:22.6,1,22.4,8.0,464(-2),[東] 金成貴史,202407040111
12,7,11,イティネラートル,牝4,56.0,横山和生,1:22.6,クビ,35.1,10.0,428(+4),[西] 長谷川浩,202407040111
13,5,6,シュヴェルトライテ,牝5,56.0,岩田康誠,1:23.0,2.1/2,27.5,9.0,448(+6),[東] 池上昌和,202407040111
1,2,4,サダムオプシス,牡3,54.0,永島まな,2:00.8,,37.3,8.0,470(-4),[西] 平田修,202407040112
2,7,13,ファーヴェント,牡3,55.0,西塚洸二,2:00.9,クビ,2.1,1.0,502(+2),[西] 藤原英昭,202407040112
3,1,1,シルキーガール,牝3,54.0,岩田康誠,2:01.4,3,6.2,4.0,464(+8),[西] 上村洋行,202407040112
4,1,2,ジーティームソウ,牡3,56.0,国分恭介,2:01.5,1/2,27.8,7.0,496(+4),[西] 西村真幸,202407040112
5,6,12,デアパーディタ,牝3,52.0,高杉吏麒,2:01.9,2.1/2,70.5,10.0,430(-2),[東] 武井亮,202407040112
6,2,3,ティムール,牡4,58.0,鮫島克駿,2:01.9,クビ,4.4,2.0,468(0),[西] 中竹和也,202407040112
7,3,6,トラストエムシー,牡4,58.0,亀田温心,2:02.0,1/2,17.1,5.0,432(0),[西] 北出成人,202407040112
8,8,17,バレンタインソング,牡4,56.0,吉村誠之,2:02.2,1,306.0,16.0,458(-5),[西] 小崎憲,202407040112
9,4,8,ダノンブリザード,牡5,58.0,ドイル,2:02.3,3/4,5.6,3.0,488(-6),[西] 池江泰寿,202407040112
10,7,14,ワンモアビスケット,牝3,54.0,藤懸貴志,2:02.3,クビ,205.7,14.0,458(-2),[東] 本間忍,202407040112
11,8,16,ヤマニンアラクリア,牡3,56.0,田中健,2:02.3,クビ,41.7,9.0,490(-2),[西] 中村直也,202407040112
12,6,11,コスモエスメラルダ,牝3,54.0,斎藤新,2:02.6,1.3/4,298.3,15.0,500(-6),[東] 畠山吉宏,202407040112
13,5,9,ガルデルクラージュ,牡3,55.0,小沢大仁,2:02.7,クビ,176.8,13.0,500(-4),[西] 武英智,202407040112
14,3,5,モアナフリューゲル,牝3,51.0,柴田裕一,2:02.9,1.1/4,24.8,6.0,460(+2),[東] 和田勇介,202407040112
15,5,10,パーセルペーパー,牡3,56.0,川須栄彦,2:03.2,2,166.9,12.0,444(-2),[東] 和田雄二,202407040112
16,4,7,アナベルエクラ,牝3,51.0,川端海翼,2:03.3,3/4,318.5,17.0,452(-2),[西] 清水久詞,202407040112
17,8,15,ジャンバラヤ,牡3,56.0,横山和生,2:03.3,アタマ,88.8,11.0,426(+4),[東] 小野次郎,202407040112
1,6,7,ミライヘノカギ,牡2,56.0,川田将雅,1:53.2,,4.5,2.0,526(+4),[東] 上原佑紀,202407040201
2,8,12,メイショウズイウン,牡2,56.0,武豊,1:53.4,1,6.4,3.0,500(0),[西] 本田優,202407040201
3,7,9,ダノンヴェステル,牡2,56.0,ムーア,1:54.2,5,1.4,1.0,474(-2),[西] 高柳大輔,202407040201
4,6,8,ロードシュヴァリエ,牡2,56.0,中井裕二,1:54.7,3,92.1,8.0,488(+2),[西] 森田直行,202407040201
5,7,10,ウィズマスタング,牡2,56.0,岩田望来,1:55.2,3,38.3,6.0,444(+8),[西] 西園翔太,202407040201
6,5,6,エポエポサン,牡2,56.0,Ｃ．デム,1:55.3,1/2,15.4,4.0,470(-4),[西] 須貝尚介,202407040201
7,3,3,タナハシ,牡2,56.0,横山武史,1:56.3,6,36.8,5.0,506(+4),[東] 伊坂重信,202407040201
8,1,1,サヨノミッキー,牡2,56.0,坂井瑠星,1:56.8,2.1/2,63.9,7.0,464(+4),[西] 羽月友彦,202407040201
9,4,4,タイセイルシエル,牡2,56.0,国分優作,1:57.0,1.1/4,265.3,11.0,422(-10),[西] 松下武士,202407040201
10,2,2,ゲンタツ,牡2,54.0,永島まな,1:57.1,クビ,181.6,10.0,498(+8),[西] 中竹和也,202407040201
11,5,5,アスタイクウス,牡2,56.0,長岡禎仁,1:58.3,7,95.6,9.0,484(+6),[西] 岡田稲男,202407040201
12,8,11,シャトーホークビル,牡2,52.0,河原田菜,1:59.9,10,503.7,12.0,436(-8),[東] 加藤和宏,202407040201
1,6,12,ディクレアブルーム,牝4,54.0,永島まな,1:25.2,,10.1,6.0,484(0),[西] 辻野泰之,202407040202
2,6,11,フォルテローザ,牝3,55.0,Ｃ．デム,1:25.5,2,3.5,1.0,442(-4),[西] 斉藤崇史,202407040202
3,5,10,ルミッキ,牝3,55.0,菱田裕二,1:25.6,クビ,20.5,8.0,450(-8),[西] 橋口慎介,202407040202
4,2,4,プウスカンドゥール,牝4,56.0,国分優作,1:25.8,1.1/2,5.4,2.0,464(+4),[西] 坂口智康,202407040202
5,4,8,レーヴドレフォン,牝3,55.0,坂井瑠星,1:25.9,3/4,6.0,4.0,468(+2),[西] 矢作芳人,202407040202
6,2,3,イッツオンリーユー,牝4,56.0,横山武史,1:25.9,ハナ,8.3,5.0,480(+6),[東] 矢嶋大樹,202407040202
7,8,15,イリディセント,牝3,55.0,北村宏司,1:26.0,クビ,32.6,9.0,464(+2),[東] 田中剛,202407040202
8,8,16,ロンシャンクイーン,牝4,53.0,鷲頭虎太,1:26.0,クビ,5.5,3.0,438(-2),[西] 野中賢二,202407040202
9,1,1,シュテルンロット,牝4,56.0,秋山稔樹,1:26.1,1/2,240.8,14.0,446(0),[西] 高橋康之,202407040202
10,3,5,ラピダリア,牝3,55.0,松山弘平,1:26.1,ハナ,37.1,10.0,454(-2),[西] 吉田直弘,202407040202
11,7,13,ホワイトターフ,牝5,56.0,岩田望来,1:26.2,1/2,51.9,12.0,460(+4),[東] 清水英克,202407040202
12,5,9,ホウオウジュビリー,牝4,56.0,横山和生,1:26.4,1,42.1,11.0,482(+4),[東] 西田雄一,202407040202
13,7,14,エレガントギフト,牝4,56.0,ルメール,1:26.7,1.3/4,18.6,7.0,436(-4),[西] 千田輝彦,202407040202
14,4,7,リオサラ,牝3,55.0,国分恭介,1:26.7,クビ,288.6,16.0,474(0),[東] 的場均,202407040202
15,1,2,ジャンヌローサ,牝3,55.0,長岡禎仁,1:26.9,1,110.3,13.0,450(-6),[東] 蛯名正義,202407040202
16,3,6,シウン,牝5,56.0,斎藤新,1:27.1,1.1/4,246.8,15.0,468(+2),[東] 矢野英一,202407040202
1,5,5,セレクティオ,牡4,58.0,菱田裕二,1:59.7,,51.2,7.0,488(+8),[西] 橋口慎介,202407040203
2,7,7,ペンナヴェローチェ,牡3,56.0,ムーア,1:59.9,3/4,2.3,2.0,496(+10),[西] 須貝尚介,202407040203
3,2,2,ダブルジャッジ,牡3,56.0,坂井瑠星,2:00.5,4,5.6,3.0,504(+2),[西] 笹田和秀,202407040203
4,3,3,バナマンテソーロ,牡3,56.0,横山武史,2:00.8,2,1.9,1.0,494(-4),[東] 加藤士津,202407040203
5,1,1,リリーアロー,牡5,56.0,永島まな,2:01.1,1.3/4,50.9,6.0,492(+4),[西] 平田修,202407040203
6,6,6,タケルゴールド,牡3,56.0,岩田望来,2:01.2,クビ,17.6,4.0,460(+6),[東] 加藤征弘,202407040203
7,4,4,ジーティージン,牡3,52.0,河原田菜,2:02.5,8,296.2,8.0,480(+4),[東] 石栗龍彦,202407040203
8,8,8,カシノインディード,牡4,55.0,鷲頭虎太,2:03.5,6,351.9,9.0,482(-4),[東] 天間昭一,202407040203
9,8,9,モルトヴェローチェ,牡4,58.0,北村宏司,2:03.6,1/2,23.8,5.0,464(+4),[東] 大竹正博,202407040203
1,3,4,ラージギャラリー,牝2,55.0,ルメール,1:34.9,,7.1,4.0,470(+2),[西] 高橋亮,202407040204
2,6,10,シドニーホバート,牡2,56.0,坂井瑠星,1:35.4,3,7.1,3.0,504(0),[西] 杉山佳明,202407040204
3,3,5,ラトラース,牡2,56.0,川田将雅,1:35.4,アタマ,1.7,1.0,474(+12),[西] 中内田充,202407040204
4,8,14,エスタンシア,牝2,55.0,Ｃ．デム,1:35.8,2.1/2,6.2,2.0,444(-4),[西] 松下武士,202407040204
5,2,2,ポッドデューク,牡2,56.0,菱田裕二,1:35.8,ハナ,28.6,7.0,480(+4),[西] 辻野泰之,202407040204
6,4,7,バントック,牡2,56.0,武豊,1:35.9,1/2,12.8,5.0,450(+16),[西] 浜田多実,202407040204
7,5,8,シティオブロンドン,牡2,56.0,川又賢治,1:36.1,1,60.6,8.0,518(+10),[西] 吉村圭司,202407040204
8,7,12,フィーユチャン,牝2,55.0,松山弘平,1:36.2,1/2,13.7,6.0,438(-4),[東] 斎藤誠,202407040204
9,2,3,セラヴィーナス,牝2,52.0,古川奈穂,1:36.4,1.1/4,94.5,9.0,472(+8),[東] 矢嶋大樹,202407040204
10,5,9,ヒルノガリシア,牡2,56.0,北村宏司,1:36.5,1/2,550.0,14.0,442(-6),[西] 北出成人,202407040204
11,6,11,ディープカインズ,牡2,52.0,河原田菜,1:36.6,3/4,220.9,11.0,434(+4),[西] 本田優,202407040204
12,1,1,ジェイルブレイク,牡2,56.0,秋山稔樹,1:36.8,1.1/4,323.8,12.0,440(-4),[東] 蛯名利弘,202407040204
13,7,13,スティルシャイニン,牡2,56.0,斎藤新,1:37.3,3,443.6,13.0,458(+4),[東] 天間昭一,202407040204
14,8,15,シンゼンマルノスケ,牡2,56.0,国分恭介,1:37.6,1.3/4,607.7,15.0,482(+12),[西] 荒川義之,202407040204
15,4,6,オオイリブクロ,牡2,54.0,永島まな,1:39.7,大,210.8,10.0,422(+12),[西] 高橋一哉,202407040204
1,7,7,インターポーザー,牡2,56.0,Ｃ．デム,2:02.7,,2.2,1.0,486(+12),[西] 高野友和,202407040205
2,8,8,エリーナストーム,牝2,55.0,ルメール,2:03.0,1.3/4,2.6,2.0,512(-4),[東] 鹿戸雄一,202407040205
3,1,1,ロードアルディート,牡2,56.0,松山弘平,2:03.5,3,4.4,3.0,454(+4),[西] 杉山晴紀,202407040205
4,5,5,メイショウアゴナス,牡2,54.0,永島まな,2:03.5,クビ,16.7,5.0,462(+4),[西] 本田優,202407040205
5,6,6,オデット,牝2,55.0,国分優作,2:03.9,2.1/2,108.2,7.0,446(0),[西] 緒方努,202407040205
6,3,3,スイッチビスケット,牡2,56.0,岩田望来,2:04.1,1.1/4,9.9,4.0,476(+10),[西] 森田直行,202407040205
7,2,2,ニシノミチアキ,牡2,56.0,北村宏司,2:04.4,2,174.4,8.0,476(+6),[西] 吉村圭司,202407040205
8,4,4,ペプチドシナノ,牡2,56.0,横山和生,2:05.6,7,25.7,6.0,470(+8),[西] 武英智,202407040205
1,1,2,ズバットマサムネ,牡3,57.0,川又賢治,1:12.4,,7.9,3.0,498(-2),[西] 杉山佳明,202407040206
2,1,1,クールソル,牝3,55.0,岩田望来,1:12.6,1.1/4,7.9,4.0,466(+8),[東] 斎藤誠,202407040206
3,4,8,ケロシンドリームズ,牡3,57.0,Ｃ．デム,1:12.8,1,8.5,5.0,512(-8),[西] 新谷功一,202407040206
4,4,7,グランプレジール,セ5,58.0,ムーア,1:13.0,1.1/4,2.2,1.0,526(+10),[東] 堀宣行,202407040206
5,5,9,レーベンヘルツ,牡3,57.0,国分恭介,1:13.1,1/2,20.0,7.0,460(0),[西] 西園翔太,202407040206
6,8,15,ゴルデールスカー,牡4,58.0,松山弘平,1:13.1,アタマ,32.2,9.0,470(+6),[西] 大久保龍,202407040206
7,5,10,ノーブルミステリー,牝4,56.0,宮崎北斗,1:13.2,1/2,111.2,12.0,454(+2),[東] 菊川正達,202407040206
8,7,14,ノアスペシャル,牝3,55.0,秋山稔樹,1:13.2,アタマ,147.7,14.0,436(+4),[東] 鈴木慎太,202407040206
9,8,16,トルーマンテソーロ,牡5,58.0,横山武史,1:13.2,クビ,6.9,2.0,528(0),[東] 小手川準,202407040206
10,6,11,ペプチドヒナタ,牡3,57.0,北村宏司,1:13.3,クビ,9.8,6.0,478(-10),[西] 武英智,202407040206
11,3,5,レッドフランカー,セ6,56.0,永島まな,1:13.3,クビ,25.8,8.0,476(+20),[西] 音無秀孝,202407040206
12,3,6,テンホワイトラブ,牝4,56.0,横山和生,1:13.5,1.1/4,109.6,11.0,512(-4),[東] 小西一男,202407040206
13,2,4,グレイスカリヨン,牝4,53.0,鷲頭虎太,1:13.6,3/4,34.1,10.0,444(-12),[東] 堀内岳志,202407040206
14,6,12,メイプルリーフラグ,牝4,52.0,河原田菜,1:14.5,5,347.6,15.0,450(0),[東] 的場均,202407040206
15,7,13,シャドウダッチェス,牝4,56.0,長岡禎仁,1:14.7,1.1/4,141.5,13.0,488(+4),[東] 深山雅史,202407040206
16,2,3,ヴォルスパシアル,セ5,58.0,国分優作,1:15.8,7,583.0,16.0,518(+2),[東] 加藤和宏,202407040206
1,7,10,ホークフィールド,牡3,56.0,Ｃ．デム,1:51.9,,2.2,1.0,484(+2),[西] 武英智,202407040207
2,2,2,ストーンズ,牡3,56.0,ムーア,1:51.9,クビ,3.1,2.0,498(0),[西] 友道康夫,202407040207
3,6,8,プルナチャンドラ,牡3,56.0,横山和生,1:52.1,1.1/4,20.4,6.0,504(0),[東] 小野次郎,202407040207
4,3,3,アークドール,牡3,56.0,菱田裕二,1:52.5,2,63.4,8.0,434(-4),[西] 松永幹夫,202407040207
5,8,11,タナバタ,牡3,56.0,北村宏司,1:53.4,5,13.1,5.0,498(-4),[東] 武井亮,202407040207
6,5,5,サーティファイド,牡5,58.0,斎藤新,1:53.6,1.1/4,27.3,7.0,484(-4),[西] 鮫島一歩,202407040207
7,4,4,デスティノ,牡4,58.0,岩田望来,1:54.1,3,8.7,4.0,536(-4),[東] 矢野英一,202407040207
8,6,7,ダオラダオラ,セ4,58.0,長岡禎仁,1:54.1,ハナ,195.5,11.0,472(-6),[西] 羽月友彦,202407040207
9,7,9,エースアビリティ,牡3,56.0,ルメール,1:54.9,5,5.6,3.0,494(-14),[東] 堀内岳志,202407040207
10,1,1,サノノゴールド,牡3,54.0,永島まな,1:55.0,1/2,84.9,9.0,498(-2),[東] 栗田徹,202407040207
11,8,12,ポジティブガール,牝5,56.0,国分恭介,1:55.6,4,177.0,10.0,462(+2),[西] 緒方努,202407040207
12,5,6,レリッシュ,牝3,51.0,鷲頭虎太,1:56.3,4,488.3,12.0,466(-4),[東] 天間昭一,202407040207
1,5,10,グロリアラウス,セ3,57.0,Ｃ．デム,1:20.7,,3.9,2.0,490(+6),[西] 斉藤崇史,202407040208
2,2,3,ソルトクィーン,牝3,55.0,藤岡佑介,1:20.7,クビ,13.5,7.0,446(+2),[西] 武英智,202407040208
3,8,16,ビダーヤ,牡3,57.0,坂井瑠星,1:21.2,3,3.9,1.0,490(0),[西] 矢作芳人,202407040208
4,7,15,ビーグラッド,牝3,55.0,武豊,1:21.4,1,8.9,6.0,436(0),[西] 岡田稲男,202407040208
5,6,11,アウクソー,牝4,56.0,秋山稔樹,1:21.6,1.1/4,235.2,13.0,428(+2),[西] 平田修,202407040208
6,3,5,アストラッド,牝3,55.0,ルメール,1:21.6,クビ,8.9,5.0,410(-10),[東] 和田正一,202407040208
7,6,12,マーシーラン,牝3,51.0,河原田菜,1:21.7,1/2,5.1,3.0,464(+14),[西] 渡辺薫彦,202407040208
8,7,14,シュブロンレーヴル,牝3,55.0,岩田望来,1:21.7,ハナ,198.2,11.0,414(+6),[西] 杉山佳明,202407040208
9,1,1,モラトリアム,牝6,56.0,斎藤新,1:21.9,1.1/4,73.1,8.0,458(-6),[西] 河内洋,202407040208
10,3,6,ブライテン,牝4,56.0,国分優作,1:21.9,ハナ,320.9,17.0,432(-13),[西] 高橋亮,202407040208
11,5,9,トモジャシーマ,牡4,58.0,横山武史,1:22.0,3/4,5.5,4.0,508(+2),[東] 鈴木伸尋,202407040208
12,4,8,ポマール,牝3,55.0,長岡禎仁,1:22.1,1/2,293.8,16.0,440(-12),[西] 小栗実,202407040208
13,7,13,フーレイ,牝5,53.0,古川奈穂,1:22.2,クビ,273.2,15.0,468(+3),[西] 藤沢則雄,202407040208
14,8,17,グローリーアテイン,牡3,57.0,松山弘平,1:22.7,3,88.7,9.0,488(-4),[東] 金成貴史,202407040208
15,2,4,アフィリオン,セ3,57.0,浜中俊,1:22.7,ハナ,101.3,10.0,472(-12),[東] 古賀慎明,202407040208
16,8,18,エンブレムコード,牝6,56.0,北村宏司,1:22.7,ハナ,220.4,12.0,460(-18),[東] 尾関知人,202407040208
17,1,2,ハウファアイルゴー,牝5,53.0,鷲頭虎太,1:22.8,3/4,408.5,18.0,464(0),[東] 天間昭一,202407040208
18,4,7,ヴェラグエリエロ,牡4,58.0,菱田裕二,1:23.2,2,239.0,14.0,448(+4),[東] 辻哲英,202407040208
1,4,4,カラマティアノス,牡2,56.0,川田将雅,1:35.1,,4.5,2.0,462(+4),[東] 奥村武,202407040209
2,2,2,ワース,牡2,56.0,松山弘平,1:35.1,クビ,5.5,4.0,492(+4),[東] 上原佑紀,202407040209
3,1,1,ネーブルオレンジ,牝2,55.0,坂井瑠星,1:35.5,2,13.2,6.0,464(+8),[西] 杉山佳明,202407040209
4,5,5,シルバーレイン,牡2,56.0,ルメール,1:35.6,1,2.2,1.0,470(-2),[東] 萩原清,202407040209
5,3,3,ダイシンラー,牡2,56.0,岩田望来,1:35.7,クビ,7.8,5.0,504(0),[西] 梅田智之,202407040209
6,6,6,サウンドバッハ,牡2,56.0,北村宏司,1:36.6,5,138.2,7.0,488(+10),[東] 根本康広,202407040209
7,7,7,プロクレイア,牝2,55.0,Ｃ．デム,1:36.6,クビ,4.9,3.0,454(-8),[西] 小林真也,202407040209
1,3,5,ライジン,牡4,58.0,岩田望来,1:10.9,,6.4,3.0,492(+4),[西] 池添学,202407040210
2,7,14,ドゥータップ,牡3,57.0,ルメール,1:11.0,1/2,2.8,1.0,504(0),[西] 藤原英昭,202407040210
3,3,6,エブリモーメント,牡3,57.0,松山弘平,1:11.3,1.3/4,11.3,5.0,496(+2),[西] 牧田和弥,202407040210
4,2,4,ロンズデーライト,牡6,58.0,Ｃ．デム,1:11.3,クビ,18.2,8.0,516(0),[西] 高橋一哉,202407040210
5,2,3,ルージュスタニング,牝3,55.0,ムーア,1:11.5,1.1/4,5.7,2.0,510(+4),[西] 友道康夫,202407040210
6,6,11,ヒルノピレネー,牡4,58.0,浜中俊,1:11.6,3/4,17.9,6.0,460(+4),[西] 北出成人,202407040210
7,4,7,タイキエクセロン,牡5,58.0,国分恭介,1:11.8,1.1/2,72.3,11.0,504(+2),[西] 西園翔太,202407040210
8,5,9,サイレンスゴールド,牡4,58.0,秋山稔樹,1:11.9,クビ,83.0,13.0,514(+2),[西] 杉山佳明,202407040210
9,4,8,フィルムアクトレス,牝4,56.0,武豊,1:11.9,ハナ,6.6,4.0,496(0),[西] 石橋守,202407040210
10,8,16,ペプチドシュチク,牡3,57.0,菱田裕二,1:12.1,1,41.2,10.0,490(+12),[西] 武英智,202407040210
11,8,15,アイファースキャン,牡4,58.0,永島まな,1:12.2,1,233.3,15.0,488(+2),[東] 根本康広,202407040210
12,1,2,ウインアウォード,牡5,58.0,長岡禎仁,1:12.3,クビ,95.3,14.0,514(-6),[西] 西園翔太,202407040210
13,5,10,ウォルラス,牡4,58.0,宮崎北斗,1:12.4,1/2,75.1,12.0,506(+2),[東] 中川公成,202407040210
14,6,12,タカネノハナコサン,牝4,56.0,国分優作,1:12.5,3/4,18.1,7.0,486(-6),[西] 緒方努,202407040210
15,1,1,マヴォロンテ,牝4,56.0,坂井瑠星,1:12.9,2.1/2,36.4,9.0,472(+6),[西] 松永幹夫,202407040210
16,7,13,ライブリームーラン,牝4,56.0,北村宏司,1:13.3,2,416.7,16.0,524(+14),[東] 大竹正博,202407040210
1,1,2,レモンポップ,牡6,58.0,坂井瑠星,1:50.1,,2.2,1.0,516(+2),[東] 田中博康,202407040211
2,4,8,ウィルソンテソーロ,牡5,58.0,川田将雅,1:50.1,ハナ,5.5,2.0,482(-4),[東] 小手川準,202407040211
3,3,6,ドゥラエレーデ,牡4,58.0,ムーア,1:50.4,1.1/2,42.6,9.0,512(-6),[西] 池添学,202407040211
4,2,3,ハギノアレグリアス,牡7,58.0,岩田望来,1:50.5,3/4,15.3,6.0,498(+2),[西] 四位洋文,202407040211
5,2,4,ペプチドナイル,牡6,58.0,藤岡佑介,1:50.5,ハナ,6.8,3.0,534(+4),[西] 武英智,202407040211
6,6,12,サンライズジパング,牡3,56.0,武豊,1:50.6,1/2,7.4,4.0,520(+8),[西] 音無秀孝,202407040211
7,5,10,アーテルアストレア,牝5,56.0,菱田裕二,1:50.6,クビ,82.9,12.0,476(+2),[西] 橋口慎介,202407040211
8,3,5,ペイシャエス,牡5,58.0,横山和生,1:50.8,1,72.7,11.0,500(+2),[東] 小西一男,202407040211
9,8,15,グロリアムンディ,牡6,58.0,北村宏司,1:51.3,3,258.0,16.0,502(+2),[西] 大久保龍,202407040211
10,6,11,ミトノオー,牡4,58.0,松山弘平,1:51.4,1,167.5,15.0,514(+12),[東] 牧光二,202407040211
11,1,1,クラウンプライド,牡5,58.0,横山武史,1:52.0,3.1/2,16.6,7.0,508(+4),[西] 新谷功一,202407040211
12,4,7,セラフィックコール,牡4,58.0,Ｃ．デム,1:52.4,2,18.3,8.0,538(0),[西] 寺島良,202407040211
13,7,13,ミックファイア,牡4,58.0,ルメール,1:52.4,クビ,60.5,10.0,500(-5),[地] 渡辺和雄,202407040211
14,5,9,テーオードレフォン,牡5,58.0,三浦皇成,1:52.8,2.1/2,107.7,14.0,494(+2),[西] 梅田智之,202407040211
15,8,16,ガイアフォース,牡5,58.0,長岡禎仁,1:53.7,5,13.7,5.0,496(+2),[西] 杉山晴紀,202407040211
16,7,14,スレイマン,牡6,58.0,斎藤新,1:53.8,1/2,107.1,13.0,548(+6),[西] 池添学,202407040211
1,2,3,オルトパラティウム,牡3,56.0,ムーア,2:12.6,,1.9,1.0,508(+4),[西] 安田翔伍,202407040212
2,2,4,キャントウェイト,牡3,56.0,国分優作,2:12.8,1.1/4,23.7,6.0,462(+14),[東] 萱野浩二,202407040212
3,4,7,グラヴィス,牡3,56.0,坂井瑠星,2:12.9,3/4,10.8,4.0,492(-12),[西] 矢作芳人,202407040212
4,4,8,アメジストブラック,牡5,58.0,藤岡佑介,2:13.2,1.3/4,30.2,8.0,528(-4),[西] 小椋研介,202407040212
5,6,12,ミッキーキャンバス,牡4,58.0,浜中俊,2:13.3,1/2,5.6,2.0,506(+14),[西] 池江泰寿,202407040212
6,7,14,ダイヤモンドレイン,牝3,54.0,Ｃ．デム,2:13.5,1.1/4,6.2,3.0,496(-4),[西] 池添学,202407040212
7,3,5,ジャスティンライズ,牡3,56.0,北村宏司,2:13.6,1/2,37.1,10.0,528(-2),[西] 吉岡辰弥,202407040212
8,8,15,サラトガチップス,牡3,56.0,横山武史,2:13.8,1.1/4,25.4,7.0,434(+2),[西] 新谷功一,202407040212
9,6,11,ジェロニモス,牡3,56.0,岩田望来,2:13.8,アタマ,40.9,11.0,468(-18),[西] 中村直也,202407040212
10,8,16,ナムラブーニン,牡3,56.0,武豊,2:13.9,1/2,17.3,5.0,462(+2),[西] 高橋一哉,202407040212
11,1,2,フェスティヴビーム,牡4,58.0,秋山稔樹,2:13.9,クビ,218.2,15.0,466(0),[東] 畠山吉宏,202407040212
12,5,9,イケイケドンドン,牡4,58.0,斎藤新,2:14.0,クビ,64.5,12.0,474(0),[東] 松山将樹,202407040212
13,5,10,タナサンブラック,牡4,58.0,長岡禎仁,2:14.3,2,30.6,9.0,500(-2),[東] 伊坂重信,202407040212
14,7,13,デザートスター,セ5,58.0,菱田裕二,2:14.6,2,207.8,14.0,464(+2),[西] 笹田和秀,202407040212
15,3,6,ヴァンデスト,牝5,56.0,永島まな,2:14.9,1.3/4,87.7,13.0,416(-2),[西] 藤沢則雄,202407040212
16,1,1,マコトヴィエルジ,牝3,54.0,国分恭介,2:15.2,1.3/4,326.2,16.0,470(0),[東] 大竹正博,202407040212
1,3,3,プリンセッサ,牝2,55.0,鮫島克駿,1:54.5,,1.1,1.0,496(-10),[西] 牧田和弥,202407040301
2,8,9,シウダーエヴィータ,牝2,55.0,ドイル,1:55.8,8,8.3,2.0,456(-12),[東] 田中博康,202407040301
3,8,10,マンノミューズ,牝2,55.0,角田大和,1:56.4,3.1/2,37.3,3.0,422(-4),[西] 角田晃一,202407040301
4,5,5,トリュフチョコ,牝2,55.0,丹内祐次,1:56.6,1.1/4,37.9,4.0,430(-4),[東] 林徹,202407040301
5,7,8,デスティニーホープ,牝2,54.0,小沢大仁,1:56.7,アタマ,79.9,7.0,428(-4),[東] 松山将樹,202407040301
6,4,4,ミルキーハニー,牝2,52.0,石田拓郎,1:57.0,2,300.0,9.0,468(+2),[東] 尾形和幸,202407040301
7,7,7,モンサンヴデット,牝2,55.0,池添謙一,1:57.4,2.1/2,39.1,5.0,448(-10),[西] 平田修,202407040301
8,1,1,カネトシエテルノ,牝2,53.0,高杉吏麒,1:58.8,8,121.5,8.0,488(0),[西] 大橋勇樹,202407040301
9,2,2,ダイタヴァルキリー,牝2,52.0,石神深道,2:00.1,8,491.5,10.0,462(-8),[東] 和田雄二,202407040301
10,6,6,ジーナアクトレス,牝2,52.0,川端海翼,2:00.1,クビ,52.1,6.0,474(-6),[西] 高橋義忠,202407040301
1,6,8,トクシーカイザー,牡4,58.0,Ｍ．デム,1:24.0,,2.5,2.0,482(0),[東] 小島茂之,202407040302
2,7,11,マクミランテソーロ,牡3,57.0,松山弘平,1:24.4,2.1/2,3.3,3.0,478(+6),[東] 田中剛,202407040302
3,8,12,ベンダバール,牡3,57.0,国分恭介,1:25.2,5,47.5,5.0,466(+7),[西] 牧浦充徳,202407040302
4,7,10,ハリウッドブルース,牡3,57.0,西村淳也,1:25.6,2.1/2,2.4,1.0,458(-2),[西] 浜田多実,202407040302
5,1,1,ドリームクルーズ,牝3,55.0,松岡正海,1:25.8,1.1/2,21.9,4.0,484(-12),[東] 戸田博文,202407040302
6,3,3,フォンメイリー,牝5,54.0,永島まな,1:25.9,1/2,78.2,8.0,486(-4),[東] 粕谷昌央,202407040302
7,4,4,ドンアレス,牡3,57.0,小崎綾也,1:26.0,1/2,264.0,12.0,484(+10),[西] 牧浦充徳,202407040302
8,4,5,リゼレインボー,牡5,57.0,小沢大仁,1:26.0,ハナ,53.9,7.0,494(-2),[東] 松山将樹,202407040302
9,2,2,スナイチゴールド,牡4,58.0,角田大和,1:26.5,3,100.9,9.0,544(+4),[東] 加藤和宏,202407040302
10,6,9,マイネルトゥルネー,牡3,57.0,丹内祐次,1:27.3,5,190.4,10.0,494(+8),[西] 梅田智之,202407040302
11,5,6,ケンヴァイザッハ,牡4,57.0,西塚洸二,1:27.7,2.1/2,255.9,11.0,442(-4),[東] 石栗龍彦,202407040302
12,5,7,エルプロフェッサー,牝3,55.0,酒井学,1:27.8,クビ,50.2,6.0,418(-2),[西] 高橋康之,202407040302
13,8,13,インセプション,牡4,55.0,石神深道,1:29.6,大,533.4,13.0,462(0),[東] 和田雄二,202407040302
1,4,4,モモンウールー,牝3,55.0,松山弘平,1:53.5,,1.3,1.0,454(-4),[西] 池添学,202407040303
2,7,7,サクソンジェンヌ,牝3,55.0,団野大成,1:53.5,クビ,3.7,2.0,456(+2),[西] 高橋義忠,202407040303
3,6,6,ヒラリーステップ,牝4,56.0,丹内祐次,1:54.4,5,104.9,8.0,482(0),[東] 天間昭一,202407040303
4,8,8,ブルーペクトライト,牝4,56.0,Ｍ．デム,1:54.6,1.1/4,26.2,4.0,486(+4),[西] 宮地貴稔,202407040303
5,5,5,タマモネモフィラ,牝4,54.0,高杉吏麒,1:54.8,1.1/4,33.0,6.0,482(-2),[西] 大橋勇樹,202407040303
6,1,1,タガノエクレール,牝3,52.0,橋木太希,1:55.0,1.1/4,32.0,5.0,466(+4),[西] 西園正都,202407040303
7,3,3,ショーヴァロンス,牝3,55.0,横山武史,1:55.5,3,56.4,7.0,456(-8),[東] 鈴木伸尋,202407040303
8,2,2,ルージュルリアン,牝3,54.0,西塚洸二,1:57.8,大,8.8,3.0,486(+2),[西] 藤原英昭,202407040303
1,5,5,マテンロウムーブ,牡2,56.0,横山典弘,2:01.5,,3.6,3.0,492(+4),[西] 松永幹夫,202407040304
2,6,6,ロードレジェロ,牡2,56.0,西村淳也,2:01.5,クビ,2.1,1.0,478(-10),[西] 藤野健太,202407040304
3,8,9,プレミアシップ,牡2,56.0,松山弘平,2:02.4,5,3.2,2.0,498(+10),[西] 吉岡辰弥,202407040304
4,7,7,ヴィーデ,牡2,56.0,丹内祐次,2:02.8,2,15.5,4.0,474(-4),[東] 戸田博文,202407040304
5,7,8,プロスペクトパーク,牡2,56.0,横山武史,2:02.8,クビ,29.1,7.0,498(+6),[東] 高柳瑞樹,202407040304
6,3,3,ショウリュウアサヒ,牡2,56.0,角田大和,2:03.0,1.1/4,27.4,6.0,452(-2),[西] 四位洋文,202407040304
7,1,1,コパカバーナ,牝2,54.0,小沢大仁,2:03.2,1,63.4,8.0,392(-2),[西] 森田直行,202407040304
8,8,10,ジェットエアー,牡2,56.0,岩田望来,2:03.2,クビ,19.1,5.0,508(0),[西] 清水久詞,202407040304
9,4,4,エイシンカーバイン,牡2,56.0,ドイル,2:03.8,3.1/2,216.5,9.0,456(-2),[西] 吉村圭司,202407040304
10,2,2,チョウハチ,牡2,54.0,高杉吏麒,2:04.1,1.3/4,255.7,10.0,452(0),[西] 高橋一哉,202407040304
1,4,7,トゥロン,牝2,55.0,西村淳也,1:25.2,,8.6,4.0,522(0),[西] 佐々木晶,202407040305
2,1,1,ゲイルライダー,牡2,54.0,高杉吏麒,1:25.2,クビ,2.9,1.0,490(0),[西] 牧浦充徳,202407040305
3,2,4,ジュエルハウス,牝2,55.0,国分恭介,1:25.7,3,4.7,2.0,470(0),[西] 西園翔太,202407040305
4,8,15,エコロレオナ,牝2,55.0,岩田康誠,1:25.8,1/2,18.9,7.0,434(0),[西] 森秀行,202407040305
5,6,12,オキョンピー,牡2,54.0,永島まな,1:26.5,4,33.8,10.0,438(0),[東] 高柳瑞樹,202407040305
6,7,13,レインボーラッキー,牝2,55.0,岩田望来,1:26.6,1/2,8.7,5.0,440(0),[東] 斎藤誠,202407040305
7,3,6,ウインエンデバー,牡2,56.0,松山弘平,1:27.1,3,6.9,3.0,456(0),[西] 吉田直弘,202407040305
8,4,8,フェアゴー,牡2,56.0,古川吉洋,1:27.2,3/4,77.6,14.0,502(0),[東] 西田雄一,202407040305
9,1,2,ホシクズロンリネス,牝2,55.0,Ｍ．デム,1:27.2,アタマ,26.2,9.0,466(0),[西] 藤野健太,202407040305
10,5,10,ララアヴリル,牡2,56.0,団野大成,1:27.3,1/2,11.9,6.0,472(0),[西] 斉藤崇史,202407040305
11,2,3,スマートクラビ,牡2,55.0,小沢大仁,1:27.9,3.1/2,47.1,11.0,490(0),[西] 中村直也,202407040305
12,5,9,デザフィアドール,牝2,55.0,池添謙一,1:28.1,1.1/2,64.6,13.0,436(0),[西] 宮本博,202407040305
13,3,5,ラクスノカミカザリ,牝2,52.0,石神深道,1:28.4,1.1/2,211.1,15.0,424(0),[東] 加藤和宏,202407040305
14,8,16,シヴァガミ,牡2,56.0,松岡正海,1:28.7,2,23.9,8.0,478(0),[東] 小野次郎,202407040305
15,6,11,ゼンダンマイウェイ,牝2,55.0,小崎綾也,1:29.3,3.1/2,221.1,16.0,422(0),[西] 小崎憲,202407040305
16,7,14,カナメイシ,牝2,55.0,亀田温心,1:29.5,1.1/2,51.5,12.0,452(0),[西] 北出成人,202407040305
1,8,15,ジャスパーワールド,セ4,56.0,高杉吏麒,1:59.4,,64.9,12.0,532(+20),[西] 森秀行,202407040306
2,1,2,レイワサンサン,牡3,57.0,鮫島克駿,2:00.0,3.1/2,3.1,2.0,484(-6),[西] 高柳大輔,202407040306
3,3,5,サンノーブル,セ3,56.0,松本大輝,2:00.4,2.1/2,122.2,16.0,470(-10),[西] 谷潔,202407040306
4,7,14,レッドライトニング,牡3,57.0,ドイル,2:00.5,1/2,29.4,8.0,466(0),[東] 鹿戸雄一,202407040306
5,6,12,メイショウコナン,牡3,57.0,団野大成,2:00.6,1/2,21.3,7.0,504(-2),[西] 荒川義之,202407040306
6,7,13,ファルコンミノル,牡4,58.0,田辺裕信,2:00.8,1.1/2,10.6,4.0,448(+4),[東] 中舘英二,202407040306
7,3,6,ヒットアンドロール,牡3,54.0,石田拓郎,2:01.0,1.1/4,19.4,6.0,446(+4),[東] 宗像義忠,202407040306
8,6,11,マテンロウタイム,牡3,57.0,横山典弘,2:01.1,3/4,13.5,5.0,480(0),[西] 昆貢,202407040306
9,5,9,コレクテイニア,牡4,58.0,古川吉洋,2:01.3,1,63.8,11.0,468(-2),[東] 戸田博文,202407040306
10,5,10,メイショウソウタ,牡3,57.0,松山弘平,2:01.6,2,4.9,3.0,534(+4),[西] 岡田稲男,202407040306
11,8,16,ヒロノラメール,牡3,57.0,西村淳也,2:01.7,アタマ,3.0,1.0,478(0),[西] 宮地貴稔,202407040306
12,2,4,ホウオウプレシャス,牡4,58.0,丹内祐次,2:01.7,クビ,108.8,15.0,490(+2),[東] 天間昭一,202407040306
13,4,8,サーティファイド,牡5,57.0,小沢大仁,2:01.8,クビ,86.9,13.0,492(+8),[西] 鮫島一歩,202407040306
14,1,1,タケルルーク,牡4,58.0,Ｍ．デム,2:02.2,2.1/2,58.0,9.0,482(+14),[東] 小島茂之,202407040306
15,2,3,ダノンタイムリー,牡3,57.0,岩田望来,2:02.8,3.1/2,59.8,10.0,448(+2),[東] 尾関知人,202407040306
16,4,7,ピンクイーグル,牡3,54.0,川端海翼,2:03.0,1.1/2,95.8,14.0,512(+10),[西] 森秀行,202407040306
1,8,17,ファミリータイム,牡3,56.0,鮫島克駿,2:11.8,,8.9,5.0,472(0),[西] 石坂公一,202407040307
2,7,13,レジェンドシップ,セ4,58.0,西村淳也,2:11.9,1/2,23.8,8.0,446(+10),[西] 奥村豊,202407040307
3,1,2,マイネルフランツ,牡3,56.0,丹内祐次,2:12.1,1.1/4,5.1,2.0,478(-4),[東] 和田正一,202407040307
4,2,4,オメガナビゲーター,セ3,56.0,岩田康誠,2:12.2,クビ,8.0,4.0,500(+16),[西] 安田翔伍,202407040307
5,7,15,アラナコア,牡3,55.0,小沢大仁,2:12.3,3/4,5.8,3.0,490(0),[西] 田中克典,202407040307
6,3,5,ショウナンガチ,牡3,56.0,池添謙一,2:12.6,1.3/4,4.3,1.0,506(+6),[西] 須貝尚介,202407040307
7,3,6,グルーヴビート,牡6,58.0,松山弘平,2:12.7,3/4,40.1,12.0,496(+18),[西] 中村直也,202407040307
8,2,3,フェスティヴビーム,牡4,58.0,黛弘人,2:12.8,クビ,162.8,16.0,462(-4),[東] 畠山吉宏,202407040307
9,4,7,グランアトミカ,牝3,54.0,角田大和,2:12.9,1,25.6,11.0,554(+14),[東] 手塚貴久,202407040307
10,6,11,カシノインディード,牡4,55.0,石神深道,2:13.0,1/2,521.0,18.0,476(-6),[東] 天間昭一,202407040307
11,5,9,マイネルシーマー,牡5,58.0,団野大成,2:13.1,3/4,98.5,15.0,490(+14),[東] 青木孝文,202407040307
12,1,1,ロードオールライト,牡3,56.0,ドイル,2:13.2,クビ,25.5,10.0,516(-12),[西] 中内田充,202407040307
13,6,12,マグマオーシャン,牡5,58.0,吉田隼人,2:13.2,クビ,65.8,14.0,510(0),[東] 武藤善則,202407040307
14,8,16,アレナリア,牝5,56.0,岩田望来,2:13.2,ハナ,14.1,7.0,438(+8),[西] 西園翔太,202407040307
15,5,10,ディーガレジェンド,牡3,55.0,西塚洸二,2:13.4,1.1/4,9.4,6.0,468(+10),[西] 藤原英昭,202407040307
16,7,14,マウリノ,牡3,54.0,高杉吏麒,2:15.7,大,169.0,17.0,452(-9),[東] 水野貴広,202407040307
17,4,8,リアルファインド,牡3,54.0,永島まな,2:16.0,1.3/4,47.7,13.0,508(0),[東] 栗田徹,202407040307
中,8,18,クラッシファイド,牡3,56.0,横山武史,,,24.8,9.0,468(-2),[東] 黒岩陽一,202407040307
1,3,4,カツラノキサノキ,牡3,57.0,岩田康誠,1:12.1,,9.5,4.0,492(+4),[西] 庄野靖志,202407040308
2,8,14,ヨドノゴールド,牡6,55.0,橋木太希,1:12.2,クビ,18.8,6.0,470(0),[西] 西園正都,202407040308
3,6,10,ザウリ,牡5,58.0,岩田望来,1:12.3,1/2,5.0,2.0,538(+18),[西] 森田直行,202407040308
4,3,5,ヨシノヤッタルデー,牡3,54.0,柴田裕一,1:12.3,アタマ,2.0,1.0,450(-2),[西] 中竹和也,202407040308
5,1,1,トモジャアルマンド,牡7,57.0,小沢大仁,1:12.3,クビ,15.3,5.0,506(+6),[西] 大根田裕,202407040308
6,4,7,ムコウジマランプ,牡4,58.0,黛弘人,1:12.5,3/4,23.5,7.0,510(+4),[東] 森一誠,202407040308
7,7,12,パレフォーコン,牡5,56.0,高杉吏麒,1:12.7,1.1/4,34.9,9.0,444(-2),[西] 鮫島一歩,202407040308
8,2,2,フェスティヴルディ,牡3,57.0,丹内祐次,1:12.7,ハナ,214.4,15.0,496(+2),[東] 清水英克,202407040308
9,5,9,テイエムタリスマ,牡3,54.0,古川奈穂,1:12.7,クビ,35.5,10.0,468(-6),[西] 木原一良,202407040308
10,4,6,ピカリ,牝3,55.0,西村淳也,1:13.1,2.1/2,6.2,3.0,500(+18),[西] 森秀行,202407040308
11,2,3,ボタニカルガーデン,牝4,55.0,西塚洸二,1:13.2,クビ,32.1,8.0,442(-3),[西] 緒方努,202407040308
12,6,11,ロマンスライト,牝3,52.0,石田拓郎,1:13.4,1.1/2,95.9,12.0,440(-8),[東] 宗像義忠,202407040308
13,7,13,コウユーユメノヨウ,牝3,55.0,古川吉洋,1:13.8,2.1/2,204.6,14.0,446(-8),[東] 竹内正洋,202407040308
14,5,8,フルラインナップ,セ4,58.0,Ｍ．デム,1:15.0,7,168.5,13.0,438(-10),[東] 小島茂之,202407040308
15,8,15,サクソフィーナ,牝3,55.0,ドイル,1:15.3,2,52.0,11.0,490(-2),[東] 田中博康,202407040308
1,7,9,ルージュラナキラ,牝2,55.0,岩田康誠,1:21.9,,13.6,7.0,466(0),[東] 加藤征弘,202407040309
2,4,4,ナムラクララ,牝2,55.0,西村淳也,1:21.9,クビ,3.8,2.0,472(-6),[西] 長谷川浩,202407040309
3,2,2,ピコローズ,牝2,55.0,田辺裕信,1:22.1,1.1/4,11.9,5.0,434(0),[東] 伊藤大士,202407040309
4,1,1,テレサ,牝2,55.0,松山弘平,1:22.1,アタマ,2.9,1.0,424(-4),[西] 吉岡辰弥,202407040309
5,8,12,ウィルサヴァイブ,牝2,55.0,団野大成,1:22.2,1/2,16.8,8.0,430(-6),[西] 須貝尚介,202407040309
6,8,11,キョウエイボニータ,牝2,55.0,酒井学,1:22.4,1.1/4,17.4,9.0,444(-2),[東] 伊藤伸一,202407040309
7,3,3,ウォーターガーベラ,牝2,55.0,西塚洸二,1:22.6,1.1/4,7.8,3.0,446(0),[西] 河内洋,202407040309
8,5,5,イリフィ,牝2,55.0,鮫島克駿,1:22.9,2,10.4,4.0,418(-6),[西] 高野友和,202407040309
9,6,7,アスタールフナ,牝2,55.0,柴田裕一,1:23.3,2.1/2,42.9,11.0,440(0),[西] 中竹和也,202407040309
10,5,6,クロユキ,牝2,55.0,高杉吏麒,1:23.5,1.1/4,12.4,6.0,422(-10),[西] 松永幹夫,202407040309
11,7,10,ラヴェンデル,牝2,55.0,岩田望来,1:23.8,1.3/4,37.8,10.0,424(+2),[西] 吉村圭司,202407040309
12,6,8,サンナイアガラ,牝2,55.0,松本大輝,1:23.9,1/2,43.4,12.0,480(-8),[西] 宮本博,202407040309
1,3,5,スナークラファエロ,セ3,57.0,西村淳也,1:52.0,,2.9,2.0,486(+12),[西] 野中賢二,202407040310
2,7,13,アルファヒディ,セ5,58.0,亀田温心,1:52.3,1.3/4,6.3,3.0,476(-4),[西] 石坂公一,202407040310
3,1,1,シャパリュ,セ3,57.0,吉田隼人,1:52.5,1.1/4,8.2,4.0,520(0),[東] 菊沢隆徳,202407040310
4,6,11,メイショウジェンマ,牡4,58.0,小沢大仁,1:52.9,2.1/2,17.8,5.0,460(+4),[西] 飯田祐史,202407040310
5,2,4,コスモオピニオン,牡4,58.0,丹内祐次,1:53.0,1/2,23.5,7.0,506(0),[東] 黒岩陽一,202407040310
6,5,9,プレイサーゴールド,牡4,58.0,鮫島克駿,1:53.0,クビ,22.9,6.0,504(+2),[西] 今野貞一,202407040310
7,8,16,クロドラバール,セ3,57.0,高倉稜,1:53.1,1/2,103.1,13.0,520(+4),[西] 杉山晴紀,202407040310
8,6,12,ショウサンキズナ,牡5,58.0,松本大輝,1:53.1,クビ,192.6,15.0,528(+6),[西] 松下武士,202407040310
9,4,8,アルベリック,牡3,57.0,柴田裕一,1:53.2,クビ,33.8,8.0,464(-6),[西] 中竹和也,202407040310
10,7,14,ヘヴンリーハンド,セ3,57.0,黛弘人,1:53.2,クビ,90.7,11.0,504(0),[東] 武井亮,202407040310
11,8,15,レッドリベルタ,牡3,57.0,松山弘平,1:53.4,1.1/4,2.8,1.0,450(-2),[西] 庄野靖志,202407040310
12,2,3,タイセイミッション,牡3,57.0,酒井学,1:53.9,2.1/2,96.2,12.0,524(+10),[東] 伊藤圭三,202407040310
13,4,7,ラミアストラーダ,牡4,58.0,高杉吏麒,1:54.6,4,34.9,9.0,484(+8),[西] 田中克典,202407040310
14,1,2,メイショウフウドウ,牡3,57.0,西塚洸二,1:54.7,3/4,36.1,10.0,488(0),[西] 藤原英昭,202407040310
15,3,6,スタボーンイメル,牡4,58.0,小崎綾也,1:54.9,1,280.8,16.0,512(+6),[西] 高橋義忠,202407040310
16,5,10,バンブーグローブ,牡4,58.0,Ｍ．デム,1:55.1,1.1/2,140.3,14.0,514(+12),[東] 斎藤誠,202407040310
1,4,8,デシエルト,牡5,58.0,岩田康誠,1:58.4,,5.2,3.0,532(+4),[西] 安田翔伍,202407040311
2,5,10,ロードデルレイ,牡4,57.5,西村淳也,1:58.8,2,3.7,1.0,486(0),[西] 中内田充,202407040311
3,1,2,マテンロウレオ,牡5,58.5,横山典弘,1:58.8,アタマ,14.2,6.0,482(+4),[西] 昆貢,202407040311
4,3,5,トーセンリョウ,牡5,55.0,団野大成,1:58.8,アタマ,12.8,5.0,462(+2),[東] 加藤征弘,202407040311
5,2,3,キングズパレス,牡5,57.5,Ｍ．デム,1:58.9,1/2,6.5,4.0,502(+2),[東] 戸田博文,202407040311
6,5,9,コスモキュランダ,牡3,58.0,横山武史,1:59.1,1.1/4,4.5,2.0,504(-8),[東] 加藤士津,202407040311
7,8,16,クルゼイロドスル,牡4,57.0,ドイル,1:59.4,1.1/2,54.8,13.0,500(+12),[西] 高橋義忠,202407040311
8,7,15,ジェイパームス,セ4,56.0,鮫島克駿,1:59.5,クビ,23.6,8.0,502(-6),[東] 堀宣行,202407040311
9,6,12,エヒト,牡7,59.0,浜中俊,1:59.7,1.1/4,28.7,9.0,474(0),[西] 森秀行,202407040311
10,7,14,ドクタードリトル,牡4,56.0,松山弘平,1:59.7,クビ,18.8,7.0,462(+2),[西] 今野貞一,202407040311
11,8,17,マコトヴェリーキー,牡4,55.0,岩田望来,1:59.8,1,33.9,10.0,480(-4),[西] 上村洋行,202407040311
12,7,13,フライライクバード,セ7,57.0,小崎綾也,1:59.8,ハナ,38.4,11.0,458(+2),[西] 福永祐一,202407040311
13,6,11,マイネルメモリー,牡4,55.0,丹内祐次,1:59.8,ハナ,48.0,12.0,468(+2),[西] 宮徹,202407040311
14,3,6,エリカヴァレリア,牝6,53.0,池添謙一,2:00.1,1.1/2,102.7,16.0,476(+4),[東] 久保田貴,202407040311
15,1,1,ベリーヴィーナス,牝5,53.0,藤懸貴志,2:00.4,2,84.8,15.0,510(+14),[西] 鈴木孝志,202407040311
16,8,18,アドマイヤハレー,牡6,55.0,田辺裕信,2:00.5,クビ,77.4,14.0,466(-2),[東] 宮田敬介,202407040311
17,4,7,タマモブラックタイ,牡4,55.0,角田大和,2:01.1,3.1/2,207.7,17.0,522(+4),[西] 角田晃一,202407040311
18,2,4,アスクワイルドモア,牡5,54.0,西塚洸二,2:01.6,3,249.3,18.0,486(+10),[西] 藤原英昭,202407040311
1,2,4,アイルドリアン,牝3,55.0,ドイル,1:09.8,,5.5,2.0,492(-8),[西] 音無秀孝,202407040312
2,5,10,シルバーダイヤ,牝4,54.0,高杉吏麒,1:10.0,1.1/2,19.2,8.0,466(+2),[東] 小野次郎,202407040312
3,4,8,ガットネロ,牝4,56.0,岩田望来,1:10.2,1.1/4,3.0,1.0,488(-2),[西] 上村洋行,202407040312
4,3,5,ソレントフレイバー,牡5,58.0,亀田温心,1:10.4,1,8.3,4.0,492(-2),[東] 久保田貴,202407040312
5,7,15,スピニングマーリン,牝4,56.0,丹内祐次,1:10.5,1/2,355.6,17.0,486(0),[東] 西田雄一,202407040312
6,6,11,フライングブレード,牡4,58.0,浜中俊,1:10.5,クビ,6.3,3.0,490(-2),[西] 飯田祐史,202407040312
7,6,12,クレセントウイング,セ4,57.0,西塚洸二,1:10.5,アタマ,28.1,9.0,458(-2),[東] 高橋文雅,202407040312
8,5,9,セリオーソ,牝4,55.0,小沢大仁,1:10.6,クビ,223.5,16.0,440(-12),[東] 高柳瑞樹,202407040312
9,1,1,オベイユアマスター,牡3,57.0,古川吉洋,1:10.7,1,17.4,7.0,456(-2),[西] 昆貢,202407040312
10,7,13,スプリングデイ,牝3,55.0,黛弘人,1:10.8,1/2,43.3,13.0,428(+2),[東] 伊藤大士,202407040312
11,3,6,ノースディーバ,牡4,58.0,鮫島克駿,1:10.9,1/2,8.8,5.0,540(+4),[西] 鮫島一歩,202407040312
12,7,14,ベルタソ,牝4,56.0,藤懸貴志,1:11.0,3/4,61.5,15.0,458(+16),[西] 小崎憲,202407040312
13,1,2,ニシノトキメキ,牝4,56.0,高倉稜,1:11.0,ハナ,41.8,11.0,480(+6),[西] 北出成人,202407040312
14,2,3,セレッソフレイム,牝6,56.0,和田翼,1:11.1,1/2,476.8,18.0,458(+13),[西] 小椋研介,202407040312
15,8,16,ラブカムーン,牝3,51.0,河原田菜,1:11.1,ハナ,35.3,10.0,462(-2),[西] 千田輝彦,202407040312
16,4,7,ダイヤモンドフジ,牡5,58.0,国分恭介,1:11.3,1.1/4,16.4,6.0,462(+4),[西] 宮本博,202407040312
17,8,17,モンレーヴ,牝3,55.0,Ｍ．デム,1:11.5,1.1/2,51.2,14.0,476(+12),[東] 金成貴史,202407040312
18,8,18,ギヴイットアゴー,牝3,55.0,横山典弘,1:11.8,1.1/2,42.4,12.0,484(+32),[西] 昆貢,202407040312
1,6,7,モズタチアガレ,牡2,53.0,柴田裕一,1:13.0,,2.0,1.0,480(+10),[西] 中尾秀正,202407040401
2,2,2,リクエイ,牝2,55.0,長岡禎仁,1:13.2,1.1/4,15.4,4.0,420(+4),[東] 竹内正洋,202407040401
3,8,12,テイエムバゴオウ,牡2,56.0,田中健,1:13.6,2.1/2,16.0,5.0,462(+10),[西] 木原一良,202407040401
4,5,6,コンパクトファイト,牡2,53.0,石神深道,1:13.6,クビ,121.1,9.0,422(-2),[東] 天間昭一,202407040401
5,1,1,ハルサメ,牝2,53.0,高杉吏麒,1:13.8,1.1/4,5.6,3.0,416(-4),[西] 西園翔太,202407040401
6,7,10,ビアンカネーヴェ,牝2,55.0,亀田温心,1:14.0,1,2.4,2.0,462(+6),[西] 北出成人,202407040401
7,5,5,スマートピリカ,牝2,51.0,河原田菜,1:14.1,1/2,210.3,11.0,478(-2),[西] 渡辺薫彦,202407040401
8,4,4,フォラメン,牝2,55.0,川須栄彦,1:14.2,1/2,96.9,8.0,428(+2),[西] 森田直行,202407040401
9,3,3,ヘッズアップ,牡2,55.0,小沢大仁,1:14.2,クビ,95.8,6.0,458(+14),[東] 松山将樹,202407040401
10,8,11,シュガープリンセス,牝2,52.0,長浜鴻緒,1:14.3,クビ,164.2,10.0,426(-6),[東] 萱野浩二,202407040401
11,7,9,ジークマインド,牝2,52.0,川端海翼,1:14.4,1,266.1,12.0,456(0),[東] 和田雄二,202407040401
12,6,8,リノベーション,牡2,53.0,古川奈穂,1:14.5,クビ,96.1,7.0,460(+18),[東] 青木孝文,202407040401
1,6,12,タイセイレグノ,牡2,54.0,高杉吏麒,1:55.9,,2.3,1.0,470(+6),[西] 浜田多実,202407040402
2,2,4,ロードトルネード,牡2,56.0,長岡禎仁,1:55.9,クビ,6.1,3.0,472(-4),[西] 辻野泰之,202407040402
3,4,7,トーアジョウトウ,牡2,56.0,江田照男,1:57.3,8,27.8,8.0,492(0),[東] 村田一誠,202407040402
4,2,3,シュタールペスカ,牡2,55.0,小沢大仁,1:57.8,3,12.7,5.0,500(+14),[西] 福永祐一,202407040402
5,8,16,チェンジオブハート,牡2,56.0,ドイル,1:57.9,クビ,3.6,2.0,482(+2),[東] 田中博康,202407040402
6,5,9,バレアリックシー,牡2,56.0,亀田温心,1:58.0,1,14.5,6.0,474(+8),[東] 菊沢隆徳,202407040402
7,3,5,トーセンディーン,牡2,56.0,荻野極,1:58.1,クビ,32.2,9.0,460(-12),[東] 池上昌和,202407040402
8,6,11,アルヴェッター,牡2,53.0,長浜鴻緒,1:58.3,1.1/4,19.4,7.0,466(+4),[東] 辻哲英,202407040402
9,1,2,ルグランシャリオ,牡2,56.0,秋山稔樹,1:58.4,1/2,239.9,14.0,524(-6),[東] 石栗龍彦,202407040402
10,5,10,ブレイクバウンズ,牡2,56.0,伊藤工真,1:58.9,3,143.1,10.0,482(-4),[東] 林徹,202407040402
11,1,1,イエヤス,牡2,54.0,小林脩斗,1:58.9,アタマ,158.4,12.0,478(+4),[東] 杉浦宏昭,202407040402
12,3,6,カスミヅキ,牡2,53.0,石神深道,2:00.8,大,306.7,15.0,442(-2),[東] 和田雄二,202407040402
13,7,14,アクロスザリバー,牡2,55.0,西塚洸二,2:00.8,アタマ,158.2,11.0,428(-6),[東] 田島俊明,202407040402
14,7,13,オッフェンバック,牡2,56.0,国分優作,2:01.7,5,211.5,13.0,446(-2),[東] 小笠倫弘,202407040402
15,4,8,メリトーリアス,牡2,53.0,今村聖奈,2:02.5,5,10.5,4.0,520(+12),[西] 寺島良,202407040402
16,8,15,シンゼンマルノスケ,牡2,56.0,城戸義政,2:04.3,大,340.7,16.0,476(-6),[西] 荒川義之,202407040402
1,4,8,ゼンノツキヨミ,牝3,55.0,荻野極,1:12.5,,7.3,2.0,442(+8),[西] 武幸四郎,202407040403
2,2,3,マケズギライ,牝3,53.0,小林脩斗,1:12.5,アタマ,7.6,3.0,456(+4),[東] 石栗龍彦,202407040403
3,7,13,ソーニャシュニク,牝3,52.0,今村聖奈,1:12.8,1.3/4,15.9,4.0,456(-10),[東] 武井亮,202407040403
4,8,15,ペイシャスウィフト,牝3,52.0,柴田裕一,1:12.8,クビ,50.5,9.0,494(+4),[東] 本間忍,202407040403
5,3,5,ヤマカツパトリシア,牝7,56.0,丸山元気,1:13.2,2.1/2,22.8,6.0,476(0),[西] 谷潔,202407040403
6,4,7,グリモワール,牝5,56.0,川須栄彦,1:13.4,3/4,189.3,15.0,494(-8),[東] 奥平雅士,202407040403
7,6,11,ドレシャス,牝3,52.0,橋木太希,1:13.5,1/2,75.6,11.0,478(+8),[西] 西園正都,202407040403
8,7,14,オンザヴィーナス,牝3,55.0,ドイル,1:13.5,クビ,36.5,8.0,430(-2),[東] 大和田成,202407040403
9,1,1,サクラファシナンテ,牝6,54.0,高杉吏麒,1:13.5,ハナ,77.0,12.0,526(+8),[東] 尾関知人,202407040403
10,8,16,シュヴァルツリーベ,牝4,56.0,伊藤工真,1:13.7,1,21.4,5.0,448(-2),[東] 林徹,202407040403
11,6,12,サンダーアリュール,牝3,54.0,西塚洸二,1:13.8,3/4,24.7,7.0,442(-6),[東] 菊川正達,202407040403
12,1,2,ベニシア,牝3,52.0,川端海翼,1:14.1,1.3/4,61.0,10.0,434(-2),[東] 加藤士津,202407040403
13,5,10,サンマルブーケ,牝3,55.0,秋山稔樹,1:14.2,1/2,153.8,14.0,484(-6),[東] 中川公成,202407040403
14,5,9,ブルーデイジー,牝5,53.0,古川奈穂,1:14.5,1.3/4,376.8,16.0,456(-2),[東] 的場均,202407040403
15,2,4,カンフーダンス,牝4,55.0,小沢大仁,1:15.4,5,112.6,13.0,494(+8),[西] 平田修,202407040403
中,3,6,イノセントキャット,牝3,52.0,長浜鴻緒,,,1.4,1.0,452(-4),[東] 久保田貴,202407040403
1,5,8,デリュージョン,牡2,55.0,西塚洸二,1:22.7,,3.0,2.0,464(-6),[西] 奥村豊,202407040404
2,6,10,ユーティジャーニー,牝2,55.0,丸山元気,1:22.8,1/2,12.1,5.0,418(-6),[東] 矢嶋大樹,202407040404
3,3,5,ガジュノリホワイト,牡2,52.0,河原田菜,1:23.3,2.1/2,4.7,3.0,456(0),[東] 尾形和幸,202407040404
4,2,3,エコロディーナ,牝2,53.0,高杉吏麒,1:23.5,1.1/4,11.6,4.0,444(+2),[西] 牧浦充徳,202407040404
5,6,11,シーク,牡2,55.0,小沢大仁,1:23.6,1/2,23.3,6.0,510(-4),[西] 角田晃一,202407040404
6,7,13,ニューウォーク,牝2,53.0,小林脩斗,1:23.7,3/4,343.8,13.0,440(+4),[東] 粕谷昌央,202407040404
7,5,9,プレミアブルー,牡2,53.0,柴田裕一,1:23.7,ハナ,33.6,7.0,450(0),[東] 菊川正達,202407040404
8,1,1,カリヨンベル,牝2,55.0,国分優作,1:23.8,クビ,359.2,14.0,428(-6),[東] 萱野浩二,202407040404
9,4,7,トーアローダンテ,牝2,52.0,古川奈穂,1:23.8,アタマ,94.2,10.0,438(+4),[西] 羽月友彦,202407040404
10,2,2,コスモヴェントゥス,牡2,56.0,川須栄彦,1:23.8,アタマ,303.4,12.0,436(-2),[東] 宗像義忠,202407040404
11,8,15,グレートシューター,牡2,53.0,橋木太希,1:23.9,1/2,43.9,8.0,438(0),[東] 伊藤伸一,202407040404
12,3,4,ネーヴェフレスカ,牝2,55.0,ドイル,1:23.9,1/2,2.4,1.0,438(+2),[西] 石坂公一,202407040404
13,7,12,プロメトル,牝2,55.0,荻野極,1:24.1,1,75.5,9.0,432(-2),[西] 武幸四郎,202407040404
14,4,6,ビップマリン,牝2,52.0,今村聖奈,1:24.9,5,207.4,11.0,380(-10),[東] 高柳瑞樹,202407040404
15,8,14,エンジェルスター,牝2,52.0,石神深道,1:25.5,3.1/2,409.9,15.0,442(0),[東] 伊藤伸一,202407040404
1,5,6,エムズ,牡2,56.0,荻野極,2:03.9,,1.3,1.0,438(0),[西] 池江泰寿,202407040405
2,6,7,フェアリーライク,牝2,55.0,秋山稔樹,2:04.0,3/4,40.0,8.0,458(0),[西] 笹田和秀,202407040405
3,2,2,アメリカンバー,牡2,56.0,亀田温心,2:04.4,2.1/2,6.3,2.0,496(0),[西] 宮地貴稔,202407040405
4,8,12,レジーテソーロ,牡2,55.0,西塚洸二,2:04.6,1.1/4,14.6,4.0,486(0),[東] 加藤士津,202407040405
5,1,1,ドゥマーヴェリック,牡2,54.0,高杉吏麒,2:04.7,1/2,20.6,5.0,472(0),[東] 萩原清,202407040405
6,6,8,ポテチ,牡2,52.0,河原田菜,2:04.9,1.1/2,53.0,9.0,396(0),[西] 鈴木孝志,202407040405
7,3,3,グラースオショコラ,牝2,55.0,川須栄彦,2:05.3,2,87.7,11.0,464(0),[西] 小林真也,202407040405
8,7,10,ルナティックアイ,牡2,56.0,江田照男,2:05.3,クビ,56.3,10.0,432(0),[東] 村田一誠,202407040405
9,7,9,スパイラルビジョン,牡2,55.0,小沢大仁,2:05.7,2,11.4,3.0,486(0),[西] 佐々木晶,202407040405
10,8,11,ララエキリーブル,牡2,56.0,国分優作,2:05.8,3/4,26.4,6.0,442(0),[西] 坂口智康,202407040405
11,5,5,カーラ,牝2,52.0,柴田裕一,2:06.4,3.1/2,183.3,12.0,390(0),[西] 森田直行,202407040405
12,4,4,セブンスプリングス,牡2,56.0,ドイル,2:07.1,4,36.6,7.0,488(0),[西] 中村直也,202407040405
1,8,11,アスクデビューモア,牡3,54.0,今村聖奈,1:53.7,,3.0,2.0,468(0),[西] 福永祐一,202407040406
2,8,10,ルフトクス,牝3,55.0,亀田温心,1:53.7,ハナ,12.2,5.0,458(-2),[西] 杉山佳明,202407040406
3,1,1,クヴェレ,牡3,54.0,川端海翼,1:54.7,6,215.7,11.0,448(0),[西] 鈴木孝志,202407040406
4,6,7,ゼンダンスカイ,牡3,54.0,柴田裕一,1:54.8,クビ,2.1,1.0,456(-8),[西] 角田晃一,202407040406
5,7,9,ロストボール,セ5,54.0,河原田菜,1:54.9,1/2,58.5,8.0,446(+8),[東] 加藤和宏,202407040406
6,4,4,エスオーライジング,牡3,56.0,小沢大仁,1:55.2,2,38.2,7.0,468(-2),[西] 木原一良,202407040406
7,2,2,サンライズウェーヴ,牡3,55.0,小林脩斗,1:55.2,クビ,109.4,10.0,488(-6),[西] 石坂公一,202407040406
8,3,3,リヴァイデント,牝3,52.0,石神深道,1:55.3,1/2,94.5,9.0,406(0),[東] 畠山吉宏,202407040406
9,5,5,アルプスオジョー,牝3,52.0,長浜鴻緒,1:55.5,1.1/4,36.2,6.0,510(0),[東] 小西一男,202407040406
10,7,8,レッドクレメンス,牡3,55.0,高杉吏麒,1:57.0,9,6.4,3.0,490(+2),[西] 茶木太樹,202407040406
11,6,6,ウヌボレヤサン,牡3,56.0,西塚洸二,1:57.9,5,8.0,4.0,420(-4),[東] 本間忍,202407040406
1,4,7,スズカミエール,牝3,55.0,川須栄彦,2:01.4,,16.1,4.0,478(+8),[西] 吉村圭司,202407040407
2,1,1,オリーボーレン,牝3,53.0,高杉吏麒,2:01.5,1/2,4.7,3.0,462(0),[西] 藤岡健一,202407040407
3,3,6,ジョセフィーナ,牝3,54.0,小沢大仁,2:01.6,1/2,43.3,7.0,394(-4),[西] 今野貞一,202407040407
4,8,18,ナムララジベラ,牝4,54.0,小林脩斗,2:01.9,1.1/2,169.0,16.0,476(-2),[東] 石栗龍彦,202407040407
5,7,14,ウインデイジー,牝3,55.0,長岡禎仁,2:02.0,3/4,82.0,12.0,446(0),[西] 宮徹,202407040407
6,1,2,キヨラ,牝6,56.0,ドイル,2:02.0,アタマ,53.9,9.0,478(-4),[東] 堀内岳志,202407040407
7,7,13,レイピカケ,牝3,52.0,川端海翼,2:02.1,3/4,17.2,5.0,462(+12),[西] 野中賢二,202407040407
8,2,3,アクアヴァーナル,牝3,55.0,荻野極,2:02.2,1/2,3.1,2.0,464(+24),[西] 四位洋文,202407040407
9,8,16,ウインリュクス,牝4,56.0,秋山稔樹,2:02.2,ハナ,94.3,14.0,438(+18),[西] 吉田直弘,202407040407
10,5,10,スノーディザイア,牝5,56.0,亀田温心,2:02.3,1/2,258.1,17.0,480(+6),[東] 粕谷昌央,202407040407
11,5,9,ラルンエベール,牝3,55.0,中井裕二,2:02.3,ハナ,85.0,13.0,428(-4),[東] 田島俊明,202407040407
12,4,8,オーパンバル,牝6,55.0,西塚洸二,2:02.4,クビ,47.8,8.0,466(+2),[西] 野中賢二,202407040407
13,6,12,キトゥンヒール,牝3,55.0,江田照男,2:02.4,クビ,63.5,10.0,450(-12),[東] 村田一誠,202407040407
14,8,17,ラガークイン,牝3,52.0,柴田裕一,2:02.4,アタマ,17.5,6.0,422(+26),[西] 大久保龍,202407040407
15,6,11,ウマピョイ,牝4,53.0,今村聖奈,2:02.5,クビ,64.1,11.0,432(-10),[東] 萱野浩二,202407040407
16,7,15,トロピカルティー,牝3,55.0,丸山元気,2:02.8,1.3/4,2.5,1.0,432(0),[東] 林徹,202407040407
17,2,4,アンジェリカル,牝4,56.0,国分優作,2:03.2,2.1/2,166.5,15.0,450(-11),[西] 河嶋宏樹,202407040407
18,3,5,コスモエスメラルダ,牝3,52.0,石神深道,2:03.6,2.1/2,315.9,18.0,510(+10),[東] 畠山吉宏,202407040407
1,1,2,エチャケナ,牝3,55.0,伊藤工真,1:25.5,,26.3,7.0,442(-6),[東] 金成貴史,202407040408
2,2,3,フレイムジョーカー,牡5,58.0,長岡禎仁,1:25.5,アタマ,16.2,5.0,488(+2),[東] 岩戸孝樹,202407040408
3,4,8,メイショウマジック,牡4,55.0,川端海翼,1:25.8,1.3/4,6.8,4.0,490(-6),[西] 四位洋文,202407040408
4,7,14,ノルドヴェスト,牡4,58.0,丸山元気,1:25.9,クビ,3.3,1.0,468(-4),[東] 萩原清,202407040408
5,3,5,メッエフアパラ,牡3,53.0,河原田菜,1:26.3,2,4.2,3.0,466(0),[東] 辻哲英,202407040408
6,3,6,カネコメファミリー,牝3,52.0,柴田裕一,1:26.6,2,37.8,9.0,492(+6),[西] 中尾秀正,202407040408
7,6,12,ブリッツクリーク,牡3,57.0,秋山稔樹,1:26.8,1,3.4,2.0,510(0),[西] 北出成人,202407040408
8,7,13,エテルネル,牝4,56.0,荻野極,1:26.9,1/2,32.4,8.0,486(-6),[東] 池上昌和,202407040408
9,4,7,エコロカレン,牝3,54.0,西塚洸二,1:26.9,クビ,40.4,11.0,468(-6),[東] 奥平雅士,202407040408
10,6,11,ジャーニーメモリー,牡4,56.0,小林脩斗,1:27.2,1.1/2,412.1,16.0,474(+2),[東] 粕谷昌央,202407040408
11,8,15,クリノミニスター,牡5,58.0,城戸義政,1:27.4,1.1/2,164.4,14.0,462(0),[西] 荒川義之,202407040408
12,5,10,ポルトドール,牡4,57.0,小沢大仁,1:27.4,クビ,56.7,12.0,466(+14),[西] 小栗実,202407040408
13,1,1,ミッキードラマー,牡3,57.0,亀田温心,1:27.5,アタマ,40.4,10.0,528(0),[東] 菊沢隆徳,202407040408
14,5,9,エンドレスロード,牡5,56.0,高杉吏麒,1:27.6,3/4,26.2,6.0,482(-2),[西] 高橋一哉,202407040408
15,8,16,ヨドノルミナス,牝3,55.0,中井裕二,1:27.8,1,150.7,13.0,466(-14),[東] 杉浦宏昭,202407040408
16,2,4,マリヨンヌ,牝5,56.0,江田照男,1:28.0,1.1/4,177.6,15.0,440(+2),[東] 本間忍,202407040408
1,8,8,キングオブフジ,牡3,57.0,中井裕二,1:53.6,,4.7,3.0,502(+8),[西] 角田晃一,202407040409
2,5,5,ヒヒーン,牝3,55.0,丸山元気,1:54.1,3,3.6,2.0,474(0),[西] 須貝尚介,202407040409
3,2,2,ワンパット,牡3,57.0,長岡禎仁,1:54.2,クビ,3.4,1.0,484(+6),[西] 高橋亮,202407040409
4,1,1,アイファーキャップ,牡3,57.0,小沢大仁,1:54.8,3.1/2,38.2,8.0,458(+2),[西] 鮫島一歩,202407040409
5,4,4,ビルンバウム,牡3,57.0,亀田温心,1:54.9,クビ,17.3,7.0,558(-8),[西] 渡辺薫彦,202407040409
6,3,3,スマートリアファル,牡3,57.0,西塚洸二,1:55.2,1.3/4,5.7,4.0,496(+12),[西] 辻野泰之,202407040409
7,8,9,キャストロペペ,牡3,57.0,国分優作,1:55.2,クビ,10.0,6.0,474(+8),[東] 堀内岳志,202407040409
8,6,6,レリッシュ,牝3,55.0,石神深道,1:56.2,6,357.0,9.0,466(0),[東] 天間昭一,202407040409
9,7,7,ブライテストドーン,セ4,58.0,荻野極,1:56.5,2,8.1,5.0,520(+4),[東] 田島俊明,202407040409
1,4,7,ナヴォーナ,牡4,58.0,川端海翼,2:00.9,,12.9,4.0,484(+4),[西] 矢作芳人,202407040410
2,7,14,ナイトスラッガー,牡3,57.0,中井裕二,2:01.0,クビ,3.7,2.0,524(-2),[西] 小栗実,202407040410
3,1,1,インテグレイト,牡3,57.0,荻野極,2:01.2,1.1/4,3.0,1.0,514(-2),[西] 四位洋文,202407040410
4,1,2,ヴィゴラスダンサー,牝5,56.0,西塚洸二,2:01.4,1.1/4,20.7,7.0,454(+4),[西] 友道康夫,202407040410
5,5,9,グランドゴールド,牡5,58.0,国分優作,2:01.4,ハナ,55.8,13.0,470(+8),[西] 羽月友彦,202407040410
6,4,8,マイネルオーシャン,牡3,57.0,丸山元気,2:01.4,クビ,4.2,3.0,460(-4),[東] 鹿戸雄一,202407040410
7,2,3,メイショウラナキラ,牡5,58.0,江田照男,2:01.6,3/4,44.2,11.0,464(+6),[西] 高橋亮,202407040410
8,2,4,バンフィエルド,牡5,58.0,長岡禎仁,2:01.6,ハナ,169.8,16.0,424(-6),[西] 緒方努,202407040410
9,5,10,コレオグラファー,牡4,58.0,柴田裕一,2:01.6,クビ,63.1,14.0,482(+2),[西] 高柳大輔,202407040410
10,6,11,ウン,牡5,58.0,川須栄彦,2:01.6,アタマ,109.5,15.0,484(+2),[西] 吉田直弘,202407040410
11,3,5,ロードプレイヤー,牡4,58.0,長浜鴻緒,2:02.0,2.1/2,47.5,12.0,462(0),[東] 尾形和幸,202407040410
12,3,6,エルディアブロ,牡6,58.0,小沢大仁,2:02.1,クビ,39.0,8.0,454(+4),[西] 佐々木晶,202407040410
13,7,13,タケトンボ,牝5,56.0,秋山稔樹,2:02.3,1,13.1,5.0,450(+6),[西] 宮徹,202407040410
14,8,16,クレバーテースト,セ5,58.0,亀田温心,2:02.4,3/4,17.3,6.0,454(+6),[西] 武幸四郎,202407040410
15,8,15,レゾンドゥスリール,セ6,58.0,ドイル,2:03.0,3.1/2,43.1,10.0,454(-6),[西] 辻野泰之,202407040410
16,6,12,ハイディージェン,牡3,57.0,高杉吏麒,2:03.3,2,42.1,9.0,484(+2),[西] 森田直行,202407040410
1,8,12,スリーアイランド,牝4,56.0,ドイル,1:08.8,,3.2,2.0,492(-4),[西] 中竹和也,202407040411
2,4,5,アンクルクロス,牡3,57.0,長岡禎仁,1:08.8,ハナ,3.1,1.0,468(0),[西] 高橋亮,202407040411
3,5,7,ヤマニンアンフィル,牝5,56.0,亀田温心,1:09.1,1.3/4,5.3,3.0,488(+8),[西] 斉藤崇史,202407040411
4,7,10,アドヴァイス,牝5,56.0,田中健,1:09.3,1.1/2,34.9,8.0,496(+4),[西] 中村直也,202407040411
5,5,6,プロスペリダード,牝4,56.0,西塚洸二,1:09.6,1.1/2,12.3,6.0,446(-6),[西] 西園翔太,202407040411
6,3,3,トーホウディアス,牡6,58.0,中井裕二,1:09.7,3/4,10.9,5.0,468(+8),[西] 小栗実,202407040411
7,1,1,スーサンアッシャー,牡5,58.0,城戸義政,1:09.7,ハナ,57.4,9.0,470(+4),[西] 鈴木孝志,202407040411
8,4,4,ヴェールアンレーヴ,牝5,56.0,荻野極,1:09.8,クビ,28.9,7.0,452(+2),[東] 宮田敬介,202407040411
9,8,13,シュヴェルトライテ,牝5,56.0,高杉吏麒,1:09.8,ハナ,123.1,11.0,446(-2),[東] 池上昌和,202407040411
10,7,11,タイセイキューティ,牝4,56.0,小沢大仁,1:09.9,1/2,133.8,12.0,460(0),[東] 奥村武,202407040411
11,2,2,メイショウツツジ,牝6,56.0,国分優作,1:10.0,1,184.3,13.0,444(+4),[西] 木原一良,202407040411
12,6,8,アシャカタカ,牡4,58.0,丸山元気,1:10.0,クビ,6.5,4.0,472(-4),[東] 鈴木伸尋,202407040411
13,6,9,アスクビギンアゲン,牡5,58.0,川須栄彦,1:10.5,3,83.1,10.0,564(-2),[西] 梅田智之,202407040411
1,8,15,アルトゥーム,牡3,55.0,高杉吏麒,1:35.0,,4.1,2.0,426(+2),[西] 藤岡健一,202407040412
2,8,16,ダークブロンド,牝4,53.0,川端海翼,1:35.3,2,52.0,8.0,420(-2),[西] 高橋亮,202407040412
3,6,11,レオンバローズ,牡5,58.0,丸山元気,1:35.3,クビ,62.0,9.0,480(+8),[西] 渡辺薫彦,202407040412
4,5,10,シャンパンマーク,牡3,57.0,荻野極,1:35.3,アタマ,7.3,3.0,492(0),[東] 蛯名正義,202407040412
5,3,6,オトコギアンパン,牡3,56.0,西塚洸二,1:35.4,クビ,102.1,12.0,488(+4),[西] 小栗実,202407040412
6,6,12,デルシエロ,牡3,54.0,古川奈穂,1:35.6,1,10.4,4.0,412(-2),[西] 清水久詞,202407040412
7,5,9,アイファーバトル,牡3,54.0,長浜鴻緒,1:35.6,ハナ,16.1,6.0,462(+8),[東] 根本康広,202407040412
8,4,7,バレルターン,牡3,57.0,ドイル,1:35.6,ハナ,2.0,1.0,484(+12),[西] 茶木太樹,202407040412
9,4,8,ホウオウバローロ,牡3,57.0,川須栄彦,1:35.6,クビ,26.1,7.0,458(0),[西] 音無秀孝,202407040412
10,1,2,サンライズタイソン,牡4,57.0,小沢大仁,1:35.7,クビ,70.8,10.0,422(0),[西] 平田修,202407040412
11,3,5,シャイニースイフト,牡4,56.0,小林脩斗,1:35.8,1,79.7,11.0,432(-4),[東] 菊川正達,202407040412
12,2,3,クリノゴッホ,セ4,55.0,柴田裕一,1:35.9,3/4,140.8,13.0,462(0),[東] 岩戸孝樹,202407040412
13,7,14,クィーンズハット,牝3,55.0,長岡禎仁,1:37.4,9,175.6,14.0,474(-6),[東] 石毛善彦,202407040412
14,1,1,レアリゼアンレーヴ,牝3,55.0,亀田温心,1:37.7,2,243.1,15.0,422(-10),[西] 高橋一哉,202407040412
15,2,4,アスキステソーロ,牡4,58.0,秋山稔樹,1:37.7,クビ,256.0,16.0,494(+6),[東] 千葉直人,202407040412
16,7,13,ニックオブタイム,セ3,57.0,中井裕二,1:39.1,8,11.3,5.0,486(+14),[西] 中内田充,202407040412
1,4,8,カペルブリュッケ,牡2,54.0,高杉吏麒,1:26.1,,2.5,1.0,456(+4),[西] 浜田多実,202407040501
2,6,12,セルズパワー,牡2,56.0,岩田康誠,1:26.3,1.1/4,29.2,8.0,464(+2),[西] 牧田和弥,202407040501
3,8,15,ショウナンヤッホー,牡2,55.0,田口貫太,1:26.4,1/2,3.3,2.0,480(0),[東] 栗田徹,202407040501
4,3,5,スマートテンペスト,牡2,56.0,荻野極,1:26.6,1.1/2,15.4,6.0,476(+6),[西] 西園翔太,202407040501
5,5,9,ボーヌロマネ,牡2,56.0,鮫島克駿,1:26.7,クビ,20.1,7.0,448(0),[西] 橋口慎介,202407040501
6,7,14,クリプトス,牡2,56.0,ドイル,1:27.1,2.1/2,11.3,4.0,476(-4),[東] 和田勇介,202407040501
7,1,1,ボル,牡2,52.0,河原田菜,1:27.5,2.1/2,5.3,3.0,440(+2),[西] 河内洋,202407040501
8,6,11,エコロスヴァル,牡2,53.0,川端海翼,1:27.6,クビ,12.5,5.0,502(0),[西] 森秀行,202407040501
9,7,13,マニーヒーロー,牡2,56.0,長岡禎仁,1:27.9,2,93.5,10.0,474(-2),[西] 寺島良,202407040501
10,4,7,クラウンジュエル,牡2,53.0,長浜鴻緒,1:28.0,クビ,171.1,12.0,480(+8),[東] 尾関知人,202407040501
11,5,10,ポッドバディ,牡2,56.0,亀田温心,1:28.0,アタマ,169.8,11.0,480(0),[東] 畠山吉宏,202407040501
12,2,4,メイショウテンテン,牡2,53.0,柴田裕一,1:28.2,1.1/2,57.9,9.0,464(+16),[西] 牧浦充徳,202407040501
13,3,6,コウバイ,牝2,52.0,石田拓郎,1:28.4,1.1/4,225.5,13.0,430(+4),[東] 宗像義忠,202407040501
14,8,16,シバノストムキット,牡2,53.0,佐藤翔馬,1:28.7,1.1/2,378.9,15.0,466(-2),[東] 大和田成,202407040501
15,2,3,テイエムファルクス,牡2,56.0,古川吉洋,1:31.0,大,243.9,14.0,488(+8),[西] 鈴木孝志,202407040501
16,1,2,ナックカイザー,牡2,56.0,原田和真,1:31.3,1.3/4,408.0,16.0,458(+8),[東] 小野次郎,202407040501
1,2,3,サイモンブーケ,牝4,53.0,古川奈穂,1:52.9,,3.8,2.0,514(0),[西] 梅田智之,202407040502
2,8,15,ヒヒーン,牝3,55.0,丸山元気,1:53.0,3/4,2.3,1.0,472(-2),[西] 須貝尚介,202407040502
3,1,2,スターチョウサン,牝3,55.0,江田照男,1:53.6,3.1/2,66.3,11.0,490(+4),[東] 小島茂之,202407040502
4,3,5,エーリアル,牝3,55.0,杉原誠人,1:53.7,1/2,4.3,3.0,498(-2),[東] 西田雄一,202407040502
5,6,12,ホウオウシンデレラ,牝3,55.0,岩田康誠,1:53.9,1,18.6,5.0,470(+7),[東] 奥村武,202407040502
6,7,14,サイモンコーラル,牝4,56.0,長岡禎仁,1:54.0,1/2,69.1,12.0,464(-4),[西] 羽月友彦,202407040502
7,4,7,オールウェズキズナ,牝3,55.0,国分恭介,1:54.7,4,47.2,9.0,456(+8),[西] 音無秀孝,202407040502
8,7,13,シゲルオトヒメ,牝5,53.0,柴田裕一,1:54.7,アタマ,22.4,7.0,434(+2),[西] 谷潔,202407040502
9,2,4,パルメリータ,牝4,56.0,亀田温心,1:55.0,2,21.2,6.0,498(-4),[西] 西園正都,202407040502
10,1,1,アシセバイラ,牝3,52.0,川端海翼,1:55.2,3/4,177.8,13.0,490(0),[東] 辻哲英,202407040502
11,6,11,サンマルソムニア,牝5,53.0,石田拓郎,1:55.5,1.1/2,180.5,14.0,466(+16),[東] 佐藤吉勝,202407040502
12,5,10,イッツオンリーユー,牝4,56.0,荻野極,1:55.6,1/2,12.1,4.0,484(+4),[東] 矢嶋大樹,202407040502
13,4,8,キューティクローム,牝3,52.0,長浜鴻緒,1:55.7,1/2,36.2,8.0,436(-2),[東] 中舘英二,202407040502
14,3,6,ホーリーホック,牝4,55.0,田口貫太,1:56.0,1.3/4,61.4,10.0,480(-2),[西] 小崎憲,202407040502
15,5,9,フィルムスコア,牝6,55.0,小沢大仁,1:56.8,5,382.5,15.0,454(0),[西] 平田修,202407040502
16,8,16,マコトヴィエルジ,牝3,55.0,古川吉洋,1:57.2,2.1/2,429.5,16.0,472(+2),[東] 大竹正博,202407040502
1,5,9,ビバップ,牡3,57.0,鮫島克駿,1:11.6,,1.9,1.0,486(-4),[西] 清水久詞,202407040503
2,7,14,ニホンピロトッティ,牝3,54.0,田口貫太,1:11.9,1.3/4,13.9,4.0,400(0),[西] 緒方努,202407040503
3,1,2,ケイエイト,牡4,55.0,川端海翼,1:12.1,1.1/2,19.5,6.0,470(+4),[西] 羽月友彦,202407040503
4,6,11,ミスエル,牡3,54.0,石神深道,1:12.5,2.1/2,19.6,7.0,472(+4),[東] 菊沢隆徳,202407040503
5,5,10,フェールブリエ,牡3,56.0,小沢大仁,1:12.6,1/2,42.1,8.0,434(+2),[西] 鮫島一歩,202407040503
6,2,4,チェイスザウェイ,牝4,53.0,石田拓郎,1:12.9,1.3/4,144.4,12.0,470(-4),[東] 伊藤圭三,202407040503
7,4,7,メイショウイヌワシ,牡5,57.0,泉谷楓真,1:12.9,ハナ,9.1,3.0,514(+10),[西] 石橋守,202407040503
8,7,13,レッドカメリア,牝4,56.0,長岡禎仁,1:13.0,1/2,178.6,13.0,448(0),[東] 佐藤吉勝,202407040503
9,8,15,スターザサンライズ,牝5,55.0,西塚洸二,1:13.1,1,3.3,2.0,464(0),[西] 小椋研介,202407040503
10,6,12,ドントレットゴー,牝3,53.0,高杉吏麒,1:13.1,クビ,52.5,10.0,440(-6),[西] 藤野健太,202407040503
11,3,6,サリーピルエット,牡4,55.0,佐藤翔馬,1:13.3,3/4,239.3,14.0,514(+16),[東] 鈴木伸尋,202407040503
12,4,8,トロピカルヒーロー,牡4,55.0,長浜鴻緒,1:13.6,2,17.3,5.0,522(-8),[東] 根本康広,202407040503
13,3,5,ヒデシンイメル,牡3,57.0,高倉稜,1:14.0,2.1/2,94.3,11.0,472(+12),[西] 武英智,202407040503
14,2,3,バスケットカウント,牝4,56.0,古川吉洋,1:14.5,3,456.5,16.0,464(-6),[東] 的場均,202407040503
15,8,16,フーレイ,牝5,53.0,古川奈穂,1:15.2,4,255.5,15.0,472(+4),[西] 藤沢則雄,202407040503
中,1,1,ブリスフル,牡3,57.0,藤懸貴志,,,42.8,9.0,492(-4),[東] 武市康男,202407040503
1,6,12,コルドンブルー,牝2,55.0,鮫島克駿,1:22.3,,2.2,1.0,438(0),[西] 松永幹夫,202407040504
2,3,6,ロイヤルウィル,牝2,52.0,橋木太希,1:22.6,1.1/2,18.6,6.0,452(-6),[西] 村山明,202407040504
3,8,16,セイプリーズ,牝2,55.0,古川吉洋,1:22.6,クビ,44.0,9.0,428(-8),[西] 宮徹,202407040504
4,3,5,セレーネアステール,牝2,55.0,岩田康誠,1:22.6,クビ,22.6,7.0,410(+2),[西] 武幸四郎,202407040504
5,4,7,エイプリルインパリ,牝2,55.0,小崎綾也,1:22.6,アタマ,10.2,4.0,458(+16),[西] 高橋義忠,202407040504
6,2,3,ハーモニーソング,牝2,52.0,長浜鴻緒,1:23.0,2.1/2,4.1,2.0,450(+2),[東] 田島俊明,202407040504
7,2,4,ブラックケリー,牝2,54.0,西塚洸二,1:23.1,1/2,7.1,3.0,432(0),[西] 長谷川浩,202407040504
8,7,13,ネティフラウ,牝2,55.0,亀田温心,1:23.2,クビ,73.1,13.0,482(+16),[西] 音無秀孝,202407040504
9,4,8,ミッシングユー,牝2,54.0,小沢大仁,1:23.2,アタマ,52.3,10.0,466(-10),[西] 橋口慎介,202407040504
10,8,17,リッスンクロース,牝2,52.0,川端海翼,1:23.2,クビ,97.2,14.0,440(-2),[東] 林徹,202407040504
11,6,11,ブラックティンカー,牝2,52.0,石神深道,1:23.3,クビ,294.7,18.0,440(-2),[東] 和田雄二,202407040504
12,7,15,ハーフェン,牝2,52.0,石田拓郎,1:23.3,クビ,26.5,8.0,398(-8),[東] 新開幸一,202407040504
13,7,14,カルミアクラウン,牝2,55.0,ドイル,1:23.6,1.3/4,62.1,11.0,432(-12),[西] 吉岡辰弥,202407040504
14,5,9,エリカサンタモニカ,牝2,55.0,長岡禎仁,1:23.9,2,15.6,5.0,466(+6),[西] 茶木太樹,202407040504
15,5,10,ドラゴンガール,牝2,55.0,藤懸貴志,1:24.0,クビ,159.0,16.0,468(0),[西] 鈴木孝志,202407040504
16,1,2,リュウノハミング,牝2,52.0,佐藤翔馬,1:24.0,クビ,165.6,17.0,444(-8),[東] 伊藤伸一,202407040504
17,1,1,コトリノウタウウタ,牝2,54.0,田口貫太,1:24.5,3,72.1,12.0,418(-12),[西] 庄野靖志,202407040504
18,8,18,ルージュフレイヤ,牝2,55.0,荻野極,1:24.8,2,132.2,15.0,420(-2),[東] 鹿戸雄一,202407040504
1,5,10,ノラリクラリ,牡2,54.0,高杉吏麒,2:02.6,,6.6,4.0,438(+12),[西] 藤岡健一,202407040505
2,5,9,ロカヒ,牡2,56.0,荻野極,2:02.7,1/2,6.1,3.0,466(0),[西] 飯田祐史,202407040505
3,4,8,レッドサジェス,牡2,56.0,鮫島克駿,2:03.0,1.1/2,1.6,1.0,494(+6),[西] 清水久詞,202407040505
4,7,15,エキサイトバイオ,牡2,55.0,小沢大仁,2:03.0,ハナ,38.2,5.0,476(-2),[西] 今野貞一,202407040505
5,3,6,レーヌマロン,牝2,55.0,長岡禎仁,2:03.6,4,81.4,8.0,434(0),[西] 小栗実,202407040505
6,7,13,マイネルビスマルク,牡2,56.0,丸山元気,2:03.6,ハナ,90.5,9.0,482(-2),[西] 梅田智之,202407040505
7,2,4,クラリヴィデンシア,牡2,55.0,西塚洸二,2:03.8,1,4.9,2.0,458(+6),[西] 野中賢二,202407040505
8,6,11,エルモドンナ,牝2,55.0,高倉稜,2:03.9,1/2,159.2,16.0,466(+6),[西] 杉山晴紀,202407040505
9,3,5,メイショウアゴナス,牡2,53.0,長浜鴻緒,2:03.9,クビ,45.0,6.0,462(0),[西] 本田優,202407040505
10,8,16,レネガード,牡2,53.0,石神深道,2:04.0,3/4,593.9,17.0,478(-2),[東] 土田稔,202407040505
11,2,3,セラヴィーナス,牝2,55.0,岩田康誠,2:04.1,3/4,53.7,7.0,470(-2),[東] 矢嶋大樹,202407040505
12,8,18,ホウオウアーネスト,牡2,55.0,松本大輝,2:04.2,クビ,141.5,13.0,512(-2),[西] 安田翔伍,202407040505
13,6,12,ココレカ,牝2,54.0,田口貫太,2:04.2,クビ,107.6,10.0,476(-4),[西] 小椋研介,202407040505
14,1,2,バーニングフレーム,牝2,55.0,古川吉洋,2:04.4,1,133.1,12.0,462(-12),[東] 鈴木慎太,202407040505
15,4,7,エポカルモナーク,牡2,56.0,亀田温心,2:04.8,2.1/2,153.6,15.0,450(0),[東] 堀内岳志,202407040505
16,8,17,ソアトアメーム,牝2,55.0,杉原誠人,2:04.9,3/4,619.0,18.0,418(-2),[東] 武藤善則,202407040505
17,7,14,シャインローザ,牝2,55.0,中井裕二,2:05.5,4,128.6,11.0,464(-2),[西] 中村直也,202407040505
18,1,1,コンサートツアー,牝2,55.0,江田照男,2:05.5,アタマ,152.2,14.0,450(+4),[東] 武井亮,202407040505
1,4,8,ミッドナイトラスタ,牝3,55.0,岩田康誠,1:24.1,,12.2,6.0,480(-16),[東] 加藤征弘,202407040506
2,1,2,ララマルシュドロワ,セ4,58.0,中井裕二,1:24.3,1,4.2,1.0,480(0),[西] 坂口智康,202407040506
3,3,5,アオカミ,セ5,58.0,原田和真,1:24.5,1.1/2,138.1,14.0,480(+2),[東] 松山将樹,202407040506
4,6,12,メイプルギャング,牡3,54.0,柴田裕一,1:24.8,2,18.0,11.0,498(+6),[西] 中竹和也,202407040506
5,7,14,グランデスフィーダ,牡4,58.0,水口優也,1:25.0,3/4,4.2,2.0,556(+2),[西] 池江泰寿,202407040506
6,2,4,ゴンザーゴ,牡3,57.0,ドイル,1:25.0,クビ,12.0,4.0,462(+4),[東] 黒岩陽一,202407040506
7,7,13,ジーベック,牡3,54.0,古川奈穂,1:25.1,クビ,17.2,9.0,466(+12),[西] 矢作芳人,202407040506
8,1,1,イエルバブエナ,牡4,58.0,江田照男,1:25.1,クビ,51.6,12.0,472(-12),[東] 村田一誠,202407040506
9,8,16,モアリジット,牡3,57.0,杉原誠人,1:25.2,クビ,15.0,7.0,494(+10),[西] 西村真幸,202407040506
10,5,9,ディバイングレース,牝4,56.0,丸山元気,1:25.2,クビ,15.3,8.0,434(-6),[東] 蛯名正義,202407040506
11,2,3,ウインアルドーレ,牡3,57.0,鮫島克駿,1:25.3,1/2,12.0,5.0,480(+4),[西] 西園翔太,202407040506
12,4,7,クインズアトリア,牝3,55.0,藤懸貴志,1:25.5,1.1/4,5.4,3.0,464(+10),[西] 吉岡辰弥,202407040506
13,3,6,ドゥライト,牡4,55.0,長浜鴻緒,1:26.8,8,152.2,15.0,504(-2),[東] 堀内岳志,202407040506
14,8,15,テイエムボビーダン,牡3,57.0,古川吉洋,1:27.0,1,398.0,16.0,496(-19),[西] 木原一良,202407040506
15,5,10,コネッシオーネ,牝3,54.0,泉谷楓真,1:28.0,6,17.8,10.0,452(-4),[西] 杉山晴紀,202407040506
中,6,11,ウィウィルウィン,牡3,57.0,荻野極,,,124.4,13.0,522(+10),[東] 中川公成,202407040506
1,7,13,アークドール,牡3,57.0,丸山元気,1:54.3,,3.8,2.0,434(0),[西] 松永幹夫,202407040507
2,2,3,カレンワッツアップ,牡3,57.0,鮫島克駿,1:54.3,クビ,3.1,1.0,468(-10),[西] 小林真也,202407040507
3,6,11,テイエムデンセツ,牡3,56.0,田口貫太,1:54.6,1.1/2,18.3,6.0,488(+20),[西] 木原一良,202407040507
4,8,15,ベルイストワール,牝3,55.0,杉原誠人,1:54.6,クビ,34.2,7.0,538(+4),[東] 宮田敬介,202407040507
5,5,10,ガルデルクラージュ,牡3,57.0,亀田温心,1:54.7,アタマ,74.9,12.0,502(+2),[西] 武英智,202407040507
6,2,4,ゼンダンスカイ,牡3,54.0,柴田裕一,1:54.7,アタマ,4.2,3.0,456(0),[西] 角田晃一,202407040507
7,3,6,ミスサラワク,牝3,54.0,西塚洸二,1:54.8,1/2,37.8,9.0,504(0),[東] 本間忍,202407040507
8,4,7,エリカヴェネチア,牝3,55.0,岩田康誠,1:55.0,1.1/4,17.0,5.0,480(-4),[西] 吉岡辰弥,202407040507
9,7,14,ソニックライン,牡3,57.0,ドイル,1:55.0,ハナ,6.1,4.0,502(+2),[東] 木村哲也,202407040507
10,1,2,ティエラサンタ,牡4,58.0,国分恭介,1:55.3,2,37.8,8.0,514(-12),[西] 西村真幸,202407040507
11,3,5,テンカオーライ,牡4,58.0,荻野極,1:55.6,1.3/4,46.2,10.0,510(-4),[西] 松下武士,202407040507
12,1,1,テイクノーティス,牡3,54.0,長浜鴻緒,1:55.6,ハナ,107.8,13.0,448(-10),[東] 伊坂重信,202407040507
13,5,9,ジュウオウ,牡3,55.0,長岡禎仁,1:55.7,1/2,207.2,15.0,552(+24),[東] 伊藤大士,202407040507
14,6,12,フイノマジワリ,牝3,52.0,今村聖奈,1:55.7,アタマ,47.8,11.0,438(0),[東] 竹内正洋,202407040507
15,8,16,イーサンハンター,牡3,57.0,古川吉洋,1:55.8,クビ,121.7,14.0,526(-4),[西] 宮地貴稔,202407040507
16,4,8,ディアマンドロップ,牝3,55.0,太宰啓介,1:56.5,4,233.2,16.0,466(+4),[西] 昆貢,202407040507
1,8,15,タガノデュード,牡3,57.0,室陽一朗,2:01.2,,2.7,1.0,490(+18),[西] 宮徹,202407040508
2,4,7,シルキーガール,牝3,55.0,望月洵輝,2:01.3,1/2,3.1,2.0,464(0),[西] 上村洋行,202407040508
3,3,6,バガン,牡6,58.0,田口貫太,2:01.9,4,16.5,7.0,476(+6),[西] 宮地貴稔,202407040508
4,1,2,サルヴィアーノ,牝3,55.0,古川奈穂,2:02.2,1.3/4,16.4,6.0,474(-4),[東] 栗田徹,202407040508
5,7,13,ショウナンガチ,牡3,57.0,加藤翔馬,2:02.8,4,7.2,3.0,506(0),[西] 須貝尚介,202407040508
6,4,8,ダノンブリザード,牡5,58.0,土田真翔,2:03.3,3,8.0,4.0,492(+4),[西] 池江泰寿,202407040508
7,1,1,アンブロジアーナ,牝5,56.0,鷹見陸,2:03.6,1.1/2,37.8,9.0,432(-8),[東] 上原博之,202407040508
8,2,3,バレンタインソング,牡4,58.0,及川烈,2:03.7,1/2,101.2,10.0,462(+4),[西] 小崎憲,202407040508
9,2,4,キングリスティア,セ8,58.0,橋木太希,2:03.8,3/4,159.4,15.0,522(+2),[西] 河内洋,202407040508
10,8,16,ゼアズノープレイス,牡5,58.0,石田拓郎,2:03.8,ハナ,34.8,8.0,514(+22),[東] 的場均,202407040508
11,6,11,ネイサン,牡3,57.0,土方颯太,2:03.8,アタマ,167.4,16.0,474(+14),[東] 粕谷昌央,202407040508
12,3,5,ヤマニンアラクリア,牡3,57.0,長浜鴻緒,2:03.9,クビ,12.4,5.0,490(0),[西] 中村直也,202407040508
13,5,10,デオヴォレンティ,牝4,56.0,長江慶悟,2:04.0,3/4,152.2,13.0,458(-14),[東] 蛯名利弘,202407040508
14,5,9,チャイボーグ,牝4,56.0,谷内貫太,2:04.1,1,147.0,12.0,492(+18),[東] 的場均,202407040508
15,7,14,スコプルス,牝4,56.0,河原田菜,2:04.2,アタマ,116.2,11.0,448(-2),[東] 天間昭一,202407040508
16,6,12,ローゼンモンターク,牝3,55.0,佐藤翔馬,2:06.0,大,157.5,14.0,422(-10),[東] 佐藤吉勝,202407040508
1,3,3,アメリカンステージ,牡2,57.0,岩田康誠,1:09.1,,2.2,1.0,506(0),[西] 矢作芳人,202407040509
2,7,8,ポッドベイダー,牡2,57.0,荻野極,1:09.7,3.1/2,3.1,2.0,480(+6),[東] 上原佑紀,202407040509
3,4,4,ドゥアムール,牝2,55.0,鮫島克駿,1:09.9,1.1/4,9.3,4.0,474(+12),[西] 中竹和也,202407040509
4,2,2,ナムラトロム,牡2,56.0,田口貫太,1:10.0,1/2,24.2,6.0,448(+10),[東] 石栗龍彦,202407040509
5,5,5,タガノアンファン,牡2,56.0,藤懸貴志,1:10.2,1.1/4,4.6,3.0,464(-2),[西] 石坂公一,202407040509
6,6,7,ロードヴェルト,牡2,56.0,高杉吏麒,1:10.3,1,30.5,7.0,424(+12),[西] 牧浦充徳,202407040509
7,1,1,ハイファイスピード,牝2,55.0,国分恭介,1:10.4,クビ,18.7,5.0,454(-4),[西] 宮本博,202407040509
8,8,11,ブリッツアロング,牡2,56.0,丸山元気,1:10.4,1/2,107.8,9.0,492(+2),[東] 上原博之,202407040509
9,8,10,ラブアイミー,牝2,55.0,西塚洸二,1:10.5,1/2,114.5,10.0,410(-8),[西] 森田直行,202407040509
10,6,6,ヤマニンシュラ,牡2,56.0,亀田温心,1:10.7,3/4,44.6,8.0,474(+6),[西] 斉藤崇史,202407040509
11,7,9,ブラックトルネード,牡2,56.0,水口優也,1:11.9,7,247.0,11.0,462(0),[東] 佐藤吉勝,202407040509
1,2,3,アイファースキャン,牡4,58.0,望月洵輝,1:25.0,,99.0,15.0,488(0),[東] 根本康広,202407040510
2,2,4,ランスオブサターン,牝4,56.0,佐藤翔馬,1:25.0,クビ,7.4,5.0,452(+4),[西] 本田優,202407040510
3,1,2,エムズマインド,牡4,58.0,河原田菜,1:25.2,1.1/4,4.0,1.0,522(+4),[西] 荒川義之,202407040510
4,3,6,ロードオルデン,牡5,58.0,田口貫太,1:25.3,1/2,6.2,4.0,486(-2),[西] 辻野泰之,202407040510
5,8,16,トウカイファクター,セ5,58.0,土田真翔,1:25.5,1,36.7,10.0,466(-6),[東] 菊川正達,202407040510
6,6,12,ファイヴレター,牡7,58.0,古川奈穂,1:25.7,1,61.1,13.0,474(+4),[東] 佐藤吉勝,202407040510
7,4,7,タイキエクセロン,牡5,58.0,及川烈,1:25.7,ハナ,40.2,11.0,508(+4),[西] 西園翔太,202407040510
8,7,14,リンクスルーファス,牝5,56.0,土方颯太,1:25.7,クビ,14.4,6.0,508(0),[東] 手塚貴久,202407040510
9,5,9,マコトゴコタイ,牡6,58.0,谷内貫太,1:25.8,1/2,22.4,8.0,514(+6),[西] 鮫島一歩,202407040510
10,5,10,ノーブルマルシェ,牝4,56.0,石田拓郎,1:25.8,クビ,131.8,16.0,470(+4),[東] 久保田貴,202407040510
11,1,1,アイオブザストーム,牝4,56.0,長浜鴻緒,1:26.2,2.1/2,48.1,12.0,468(-2),[西] 岡田稲男,202407040510
12,4,8,ワイワイレジェンド,牡3,57.0,室陽一朗,1:26.3,1/2,4.4,2.0,478(-12),[西] 矢作芳人,202407040510
13,3,5,パンデアスカル,牡4,58.0,鷹見陸,1:26.3,アタマ,19.8,7.0,504(-6),[西] 小椋研介,202407040510
14,8,15,クリノクリスタル,牝4,56.0,長江慶悟,1:26.4,クビ,75.7,14.0,466(0),[西] 大橋勇樹,202407040510
15,7,13,メイショウホオズキ,牝6,56.0,橋木太希,1:27.9,9,25.4,9.0,476(+2),[東] 高柳瑞樹,202407040510
16,6,11,ユイノイチゲキ,牡4,58.0,加藤翔馬,1:29.0,7,6.2,3.0,512(+8),[東] 深山雅史,202407040510
1,7,10,フタイテンロック,牡5,58.0,小崎綾也,1:51.3,,20.0,8.0,502(+6),[東] 佐藤吉勝,202407040511
2,1,1,フルオール,牡5,58.0,高杉吏麒,1:51.4,クビ,11.3,7.0,474(+16),[東] 斎藤誠,202407040511
3,3,3,マルブツプライド,牡5,58.0,岩田康誠,1:51.4,クビ,3.8,1.0,524(+6),[西] 福永祐一,202407040511
4,6,9,メイショウコガシラ,牡4,58.0,荻野極,1:51.6,1.1/4,5.3,2.0,506(+10),[西] 本田優,202407040511
5,6,8,フジマサインパクト,牡6,58.0,西塚洸二,1:51.8,1.1/4,73.2,12.0,434(+4),[東] 菊川正達,202407040511
6,8,12,リチャ,牡4,58.0,ドイル,1:52.1,1.1/2,6.6,4.0,496(+4),[東] 田中博康,202407040511
7,2,2,ヘニータイフーン,牝4,56.0,鮫島克駿,1:52.2,1/2,5.4,3.0,498(0),[西] 中村直也,202407040511
8,7,11,レプンカムイ,牡6,58.0,田口貫太,1:52.3,3/4,50.2,11.0,474(-2),[西] 橋口慎介,202407040511
9,8,13,ハッスルダンク,牡4,58.0,杉原誠人,1:52.6,1.1/2,42.2,10.0,454(+2),[東] 中川公成,202407040511
10,5,7,コルドンルージュ,牝5,56.0,亀田温心,1:52.9,1.3/4,9.1,6.0,502(-10),[西] 斉藤崇史,202407040511
11,5,6,メイクザビート,牡4,58.0,小沢大仁,1:53.6,4,8.8,5.0,496(+4),[西] 西園正都,202407040511
12,4,5,ベンテイガ,牡5,58.0,国分恭介,1:54.0,2.1/2,154.7,13.0,520(+14),[西] 音無秀孝,202407040511
13,4,4,メイショウカゲカツ,牡5,58.0,丸山元気,1:54.5,3,24.9,9.0,502(0),[西] 西園正都,202407040511
1,3,6,スカイハイ,牡3,57.0,古川吉洋,1:21.2,,2.8,1.0,540(-6),[西] 清水久詞,202407040512
2,2,4,ベストオブユー,牡3,54.0,長浜鴻緒,1:21.3,クビ,179.9,15.0,434(+14),[東] 久保田貴,202407040512
3,6,12,ビダーヤ,牡3,54.0,古川奈穂,1:21.3,クビ,8.6,4.0,488(-2),[西] 矢作芳人,202407040512
4,5,9,ソルトクィーン,牝3,52.0,柴田裕一,1:21.4,1/2,5.4,2.0,442(-4),[西] 武英智,202407040512
5,4,8,レオンバローズ,牡5,58.0,丸山元気,1:21.8,2.1/2,33.7,9.0,480(0),[西] 渡辺薫彦,202407040512
6,7,13,ソングオブライフ,牡3,57.0,国分恭介,1:21.9,1/2,13.8,7.0,502(0),[西] 森田直行,202407040512
7,2,3,グリーズマン,牡3,57.0,鮫島克駿,1:22.0,1/2,5.7,3.0,504(-6),[西] 小栗実,202407040512
8,6,11,アンテロース,牡4,57.0,田口貫太,1:22.6,4,53.4,12.0,458(+8),[西] 岡田稲男,202407040512
9,1,1,メイショウオオミネ,牡4,57.0,小沢大仁,1:22.7,クビ,142.4,14.0,446(+10),[西] 石橋守,202407040512
10,8,18,ダノンモンテローザ,セ3,57.0,長岡禎仁,1:22.8,1/2,41.2,10.0,498(-8),[西] 茶木太樹,202407040512
11,4,7,ベランジェール,牝3,55.0,杉原誠人,1:22.8,クビ,13.1,6.0,462(+2),[東] 木村哲也,202407040512
12,8,17,グローブアマランス,牝3,53.0,高杉吏麒,1:22.9,クビ,17.7,8.0,466(+12),[西] 中尾秀正,202407040512
13,1,2,ジュントネフ,牡3,56.0,西塚洸二,1:22.9,クビ,49.4,11.0,510(+4),[西] 清水久詞,202407040512
14,3,5,マランジュ,牝4,56.0,藤懸貴志,1:22.9,ハナ,202.4,17.0,442(-2),[西] 田中克典,202407040512
15,7,14,トンジンチ,牝4,53.0,今村聖奈,1:23.0,クビ,59.2,13.0,464(-4),[西] 福永祐一,202407040512
16,8,16,ガットネロ,牝4,56.0,岩田康誠,1:23.0,クビ,10.7,5.0,490(+2),[西] 上村洋行,202407040512
17,5,10,ライズタイガ,牡3,57.0,原田和真,1:24.4,8,311.7,18.0,450(-15),[東] 小野次郎,202407040512
18,7,15,キングヴァージル,牡3,56.0,松本大輝,1:24.4,クビ,184.0,16.0,494(0),[東] 田島俊明,202407040512
1,2,2,ヤングアメリカンズ,牡2,55.0,小沢大仁,1:55.0,,3.6,2.0,492(+12),[西] 奥村豊,202407040601
2,7,13,エポエポサン,牡2,56.0,佐々木大,1:55.1,1,20.9,8.0,470(0),[西] 須貝尚介,202407040601
3,4,7,レズルレクティオ,牡2,55.0,松本大輝,1:56.1,6,6.3,4.0,484(+4),[西] 安田翔伍,202407040601
4,4,6,エイユーファイヤー,牡2,56.0,中井裕二,1:56.2,3/4,123.9,12.0,496(+10),[西] 森田直行,202407040601
5,3,5,タイセイバンクール,牡2,56.0,鮫島克駿,1:56.2,ハナ,5.3,3.0,456(+2),[西] 西村真幸,202407040601
6,5,8,ウィズマスタング,牡2,55.0,原優介,1:56.6,2.1/2,21.8,9.0,442(-2),[西] 西園翔太,202407040601
7,1,1,ハイアップグレード,牡2,56.0,酒井学,1:56.6,ハナ,18.5,7.0,472(-2),[西] 谷潔,202407040601
8,8,15,ボールドハーテッド,牡2,55.0,西塚洸二,1:56.8,1.1/2,63.7,10.0,446(-6),[西] 鈴木孝志,202407040601
9,6,11,バヤシーフェイス,牡2,56.0,団野大成,1:56.9,クビ,15.1,6.0,522(+8),[西] 西園翔太,202407040601
10,5,9,ホウオウレイヴン,牡2,53.0,川端海翼,1:57.1,1,10.4,5.0,468(+4),[西] 矢作芳人,202407040601
11,7,12,サイモンベローチェ,牡2,54.0,高杉吏麒,1:57.2,3/4,3.6,1.0,522(+4),[西] 佐々木晶,202407040601
12,2,3,プリスクリプション,牡2,56.0,長岡禎仁,1:57.3,クビ,318.2,14.0,386(+4),[西] 杉山佳明,202407040601
13,8,14,スウィープレジーナ,牝2,55.0,国分恭介,1:57.5,1,88.6,11.0,508(-2),[西] 西園翔太,202407040601
14,6,10,イリバーレ,牡2,56.0,川又賢治,1:57.7,1.1/2,201.4,13.0,474(-4),[西] 牧田和弥,202407040601
15,3,4,ジェイルブレイク,牡2,56.0,菅原隆一,1:58.5,5,374.7,15.0,446(+6),[東] 蛯名利弘,202407040601
1,2,4,メイショウキルギス,牡3,55.0,高杉吏麒,1:11.5,,2.6,1.0,478(+2),[西] 高橋亮,202407040602
2,3,6,ヨドノゴールド,牡6,55.0,橋木太希,1:11.9,2.1/2,3.7,2.0,474(+4),[西] 西園正都,202407040602
3,5,9,サンレイマリー,牡3,57.0,佐々木大,1:12.3,2.1/2,55.9,13.0,482(+18),[東] 伊藤圭三,202407040602
4,3,5,ペッパーミル,牡3,57.0,吉田隼人,1:12.8,3,59.9,15.0,506(-4),[東] 加藤士津,202407040602
5,7,14,オオゾラヒバリ,牝3,55.0,丸山元気,1:12.9,1/2,23.3,7.0,456(+18),[東] 根本康広,202407040602
6,5,10,マーゴットファブ,牡3,57.0,西村淳也,1:13.0,1/2,18.7,6.0,532(+8),[東] 伊坂重信,202407040602
7,6,12,スマートオリーブ,牝5,55.0,原優介,1:13.0,ハナ,8.0,3.0,480(0),[東] 蛯名利弘,202407040602
8,8,16,レイワホマレ,牡5,55.0,石田拓郎,1:13.1,1/2,10.3,4.0,536(+12),[西] 高柳大輔,202407040602
9,7,13,ワンリオン,牡5,58.0,亀田温心,1:13.2,1/2,45.1,11.0,506(+20),[西] 北出成人,202407040602
10,1,1,イエスウィズキャン,牡4,58.0,酒井学,1:13.4,1,25.2,8.0,548(+8),[西] 羽月友彦,202407040602
11,2,3,ジェットブレイク,牡3,57.0,斎藤新,1:13.7,1.3/4,53.4,12.0,490(0),[東] 斎藤誠,202407040602
12,8,15,タガノヒナタ,牝3,54.0,小沢大仁,1:13.8,クビ,11.6,5.0,498(-4),[西] 石橋守,202407040602
13,6,11,カルツァクライン,牡3,57.0,伊藤工真,1:13.8,クビ,366.2,16.0,450(+8),[東] 林徹,202407040602
14,4,7,ペイシャニット,牝3,53.0,永島まな,1:13.9,クビ,33.8,10.0,468(-2),[東] 伊藤伸一,202407040602
15,4,8,ピコサン,牡3,57.0,鮫島克駿,1:14.9,6,33.2,9.0,500(+28),[西] 宮地貴稔,202407040602
16,1,2,ゴーゴーケイコ,牝3,54.0,横山琉人,1:15.2,1.3/4,56.2,14.0,460(-2),[東] 中舘英二,202407040602
1,6,11,ボックスオフィス,牡3,57.0,川又賢治,1:53.1,,25.0,5.0,516(-8),[西] 吉村圭司,202407040603
2,6,12,ペンナヴェローチェ,牡3,57.0,佐々木大,1:53.1,ハナ,3.0,2.0,496(0),[西] 須貝尚介,202407040603
3,4,7,アルゴナヴィス,牡3,57.0,西村淳也,1:53.1,ハナ,1.6,1.0,484(+10),[西] 池江泰寿,202407040603
4,1,1,リュケイオン,牡3,57.0,浜中俊,1:53.6,3,12.1,3.0,438(+14),[東] 奥村武,202407040603
5,1,2,カビーリア,牡4,58.0,太宰啓介,1:53.8,1.1/4,159.2,12.0,494(0),[西] 飯田祐史,202407040603
6,7,13,デスティノ,牡4,57.0,原優介,1:53.9,クビ,66.1,9.0,544(+8),[東] 矢野英一,202407040603
7,3,6,サトノルクソン,牡4,57.0,小沢大仁,1:53.9,アタマ,27.0,6.0,488(+12),[西] 藤原英昭,202407040603
8,2,4,オブシディアン,牡4,57.0,西塚洸二,1:54.2,2,263.7,14.0,528(-12),[東] 武藤善則,202407040603
9,5,9,ガウラスパーク,牡3,54.0,石田拓郎,1:54.3,クビ,47.7,8.0,538(+12),[西] 高柳大輔,202407040603
10,3,5,ゲインサポート,牡3,57.0,団野大成,1:54.4,1/2,19.4,4.0,466(+10),[西] 斉藤崇史,202407040603
11,2,3,ダイユウファリーナ,牡3,57.0,酒井学,1:54.7,2,224.4,13.0,484(+2),[東] 松永康利,202407040603
12,7,14,スマイルヴィヴァン,牝6,53.0,川端海翼,1:55.4,4,543.2,15.0,420(-8),[東] 高橋文雅,202407040603
13,4,8,ジャマン,牝5,54.0,永島まな,1:55.6,1.1/4,140.9,11.0,494(+12),[西] 高橋康之,202407040603
14,8,15,ベストディシジョン,セ3,55.0,高杉吏麒,1:56.0,2.1/2,94.8,10.0,498(-1),[東] 武井亮,202407040603
15,8,16,スノーブリザード,牡3,57.0,鮫島良太,1:57.1,7,34.6,7.0,484(+12),[西] 畑端省吾,202407040603
除,5,10,カーマンライン,牡3,56.0,横山琉人,,,---,,506(0),[東] 小島茂之,202407040603
1,3,5,オンザムーブ,牡2,56.0,西村淳也,1:34.6,,4.4,3.0,504(0),[西] 矢作芳人,202407040604
2,1,2,タイセイフィオーレ,牡2,56.0,斎藤新,1:34.6,アタマ,2.7,1.0,466(+2),[西] 高野友和,202407040604
3,6,12,ケリフレッドアスク,牝2,54.0,西塚洸二,1:34.7,1/2,66.6,11.0,442(+10),[西] 藤原英昭,202407040604
4,5,9,ダノンジャガー,牡2,56.0,佐々木大,1:35.2,2.1/2,4.2,2.0,524(-6),[西] 池江泰寿,202407040604
5,4,8,ワイドクリーガー,牡2,54.0,高杉吏麒,1:35.2,アタマ,6.2,4.0,468(0),[西] 奥村豊,202407040604
6,2,3,ナンヨーエンペラー,牡2,55.0,泉谷楓真,1:35.2,クビ,15.0,6.0,454(+6),[西] 松永幹夫,202407040604
7,3,6,クイーンズデイ,牝2,52.0,柴田裕一,1:35.7,2.1/2,121.9,13.0,432(-8),[西] 岡田稲男,202407040604
8,7,13,ジュルナール,牝2,55.0,亀田温心,1:35.7,クビ,47.5,8.0,456(-6),[西] 池添学,202407040604
9,8,16,ソルレーヴ,牡2,56.0,団野大成,1:35.8,1,58.1,10.0,488(-2),[西] 高橋義忠,202407040604
10,8,15,レディエンス,牝2,55.0,鮫島克駿,1:35.8,アタマ,47.7,9.0,444(+4),[西] 藤野健太,202407040604
11,5,10,ワールドキッス,牡2,56.0,浜中俊,1:36.1,1.3/4,13.5,5.0,446(+2),[西] 河嶋宏樹,202407040604
12,4,7,コンセントレイト,牡2,56.0,Ｍ．デム,1:36.4,1.1/2,31.7,7.0,450(+2),[西] 渡辺薫彦,202407040604
13,6,11,エーオ,牡2,56.0,酒井学,1:36.6,1.1/4,357.2,14.0,438(+2),[西] 長谷川浩,202407040604
14,1,1,マーゴットレジーナ,牝2,55.0,長岡禎仁,1:36.6,クビ,78.0,12.0,432(-2),[西] 小林真也,202407040604
15,2,4,グラスティアラ,牝2,51.0,河原田菜,1:37.3,4,418.0,15.0,452(0),[東] 菊川正達,202407040604
16,7,14,ロアヴィヴィエンヌ,牡2,53.0,川端海翼,1:38.1,5,521.9,16.0,468(-2),[東] 本間忍,202407040604
1,2,3,ホーリーブラッサム,牝2,55.0,団野大成,1:23.0,,6.3,2.0,488(0),[西] 斉藤崇史,202407040605
2,4,7,アパッシメント,牡2,56.0,佐々木大,1:23.4,2.1/2,1.3,1.0,478(0),[東] 堀宣行,202407040605
3,1,1,クアトロイヴェール,牡2,53.0,川端海翼,1:23.4,クビ,71.3,10.0,438(0),[西] 庄野靖志,202407040605
4,5,10,ピカッティー,牝2,54.0,原優介,1:23.7,1.3/4,99.8,12.0,466(0),[西] 森田直行,202407040605
5,8,16,テイエムリアリティ,牝2,55.0,酒井学,1:24.0,1.1/2,60.2,9.0,478(0),[西] 木原一良,202407040605
6,8,18,クルールローザンヌ,牝2,55.0,鮫島克駿,1:24.1,3/4,8.9,3.0,440(0),[西] 橋口慎介,202407040605
7,7,15,メイショウクメハチ,牡2,55.0,小沢大仁,1:24.1,アタマ,217.9,16.0,500(0),[西] 荒川義之,202407040605
8,3,6,シンクロボンバイエ,牡2,56.0,西村淳也,1:24.2,3/4,23.0,5.0,404(0),[西] 西園翔太,202407040605
9,6,12,テーオーライマン,牡2,56.0,亀田温心,1:24.3,クビ,18.1,4.0,470(0),[西] 宮徹,202407040605
10,1,2,グラスビーチ,牡2,54.0,高杉吏麒,1:24.5,1,58.1,8.0,482(0),[西] 池江泰寿,202407040605
11,8,17,ハヤブサナンデヒメ,牝2,55.0,吉田隼人,1:24.8,2,50.4,7.0,452(0),[西] 小栗実,202407040605
12,7,13,ショウリュウシエル,牝2,52.0,柴田裕一,1:24.9,1,23.4,6.0,480(0),[西] 佐々木晶,202407040605
13,5,9,ハクサンビューティ,牝2,52.0,古川奈穂,1:25.0,1/2,227.3,17.0,416(0),[東] 土田稔,202407040605
14,7,14,フォードワン,牝2,51.0,河原田菜,1:25.2,1.1/4,280.4,18.0,396(0),[西] 清水久詞,202407040605
15,2,4,グロリアスアスペン,牝2,54.0,横山琉人,1:25.4,1.1/4,181.8,14.0,434(0),[東] 村田一誠,202407040605
16,4,8,モズプリヴェール,牡2,56.0,国分恭介,1:25.5,クビ,133.8,13.0,488(0),[西] 森田直行,202407040605
17,6,11,ウェルウィッチア,牡2,56.0,鮫島良太,1:26.6,7,207.9,15.0,456(0),[西] 牧浦充徳,202407040605
18,3,5,キッスミーアイ,牝2,54.0,松本大輝,1:27.0,2.1/2,72.7,11.0,458(0),[西] 安田翔伍,202407040605
1,1,1,ワンパット,牡3,57.0,太宰啓介,2:00.5,,8.2,3.0,484(0),[西] 高橋亮,202407040606
2,6,10,シャハザマーン,牡3,56.0,西塚洸二,2:00.5,クビ,8.6,4.0,484(0),[西] 藤原英昭,202407040606
3,2,3,モーメントキャッチ,牡4,58.0,原田和真,2:00.6,クビ,44.0,9.0,526(+26),[東] 松山将樹,202407040606
4,2,2,アンバードール,牡3,57.0,鮫島克駿,2:00.9,1.3/4,1.8,1.0,518(+10),[西] 吉岡辰弥,202407040606
5,4,7,メイショウコナン,牡3,57.0,団野大成,2:01.0,1/2,27.6,7.0,508(+4),[西] 荒川義之,202407040606
6,8,14,ダブルジャッジ,牡3,56.0,小沢大仁,2:01.2,1.1/4,10.8,5.0,506(+2),[西] 笹田和秀,202407040606
7,4,6,ポルポラジール,牡3,57.0,斎藤新,2:01.5,2,4.5,2.0,514(+4),[西] 新谷功一,202407040606
8,7,12,レグロスヴァーグ,牡3,55.0,高杉吏麒,2:01.8,2,118.0,10.0,522(+12),[西] 鈴木孝志,202407040606
9,5,8,アイファーキャップ,牡3,57.0,佐々木大,2:02.8,6,42.2,8.0,458(0),[西] 鮫島一歩,202407040606
10,8,15,モズバンディット,牡4,55.0,柴田裕一,2:02.8,ハナ,123.8,11.0,460(+18),[西] 中尾秀正,202407040606
11,3,4,リリーアロー,牡5,56.0,永島まな,2:02.8,ハナ,152.9,12.0,490(-2),[西] 平田修,202407040606
12,6,11,ラキアレクサンダー,牡3,57.0,西村淳也,2:02.8,クビ,27.1,6.0,512(-2),[東] 竹内正洋,202407040606
13,7,13,ピエナオルフェ,牡3,54.0,川端海翼,2:03.1,1.3/4,479.9,15.0,440(-6),[西] 荒川義之,202407040606
14,5,9,ホウオウプレシャス,牡4,58.0,酒井学,2:03.2,3/4,470.7,14.0,492(+2),[東] 天間昭一,202407040606
15,3,5,キトゥンヒール,牝3,54.0,横山琉人,2:03.2,アタマ,323.7,13.0,450(0),[東] 村田一誠,202407040606
1,3,5,レッドフランカー,セ6,57.0,原優介,1:24.5,,33.9,7.0,468(-8),[西] 音無秀孝,202407040607
2,2,3,ロサンゼルス,牡3,57.0,団野大成,1:24.6,クビ,43.0,10.0,514(-10),[東] 伊藤圭三,202407040607
3,5,10,ワンダーウィルク,牡5,54.0,河原田菜,1:24.6,クビ,34.6,8.0,516(0),[西] 今野貞一,202407040607
4,8,16,マイレーヌ,牝4,56.0,斎藤新,1:24.8,3/4,10.5,4.0,518(+2),[東] 斎藤誠,202407040607
5,1,1,ジークシュベルト,牡4,57.0,横山琉人,1:24.8,ハナ,54.4,11.0,462(+2),[西] 高橋一哉,202407040607
6,5,9,リヤンドゥミラクル,牝3,54.0,小沢大仁,1:24.8,アタマ,65.1,12.0,424(-12),[東] 和田勇介,202407040607
7,8,15,フレイムジョーカー,牡5,58.0,西村淳也,1:25.1,1.1/2,3.6,2.0,488(0),[東] 岩戸孝樹,202407040607
8,3,6,ゴルデールスカー,牡4,57.0,西塚洸二,1:25.2,1/2,11.4,5.0,470(0),[西] 大久保龍,202407040607
9,7,14,ニシノアウェイク,牡3,54.0,川端海翼,1:25.3,1/2,19.7,6.0,480(-4),[東] 伊藤圭三,202407040607
10,6,12,キタノライジン,牡3,56.0,松本大輝,1:25.5,1.1/2,241.8,16.0,502(+6),[東] 尾関知人,202407040607
11,4,7,ファストレーン,牡3,55.0,高杉吏麒,1:25.6,1/2,2.4,1.0,492(+12),[西] 野中賢二,202407040607
12,2,4,テンフェリーチェ,牝4,53.0,古川奈穂,1:25.7,クビ,86.1,13.0,474(-4),[東] 辻哲英,202407040607
13,1,2,カーリングホリデー,牝3,52.0,石田拓郎,1:25.8,1/2,197.2,14.0,466(-4),[東] 宗像義忠,202407040607
14,7,13,スナークメモリー,牝4,54.0,永島まな,1:25.9,クビ,42.4,9.0,436(-2),[西] 宮地貴稔,202407040607
15,4,8,レディーエンジェル,牝3,52.0,柴田裕一,1:26.5,3.1/2,197.2,14.0,472(+8),[西] 岡田稲男,202407040607
16,6,11,オーサムデアラー,牡4,58.0,佐々木大,1:26.5,クビ,5.9,3.0,506(+4),[東] 上原博之,202407040607
1,5,10,サクラオーラ,牝5,56.0,酒井学,1:34.2,,18.1,7.0,442(+2),[西] 河嶋宏樹,202407040608
2,1,2,ブリックワーク,牝3,54.0,西塚洸二,1:34.3,1,3.2,1.0,432(-2),[西] 辻野泰之,202407040608
3,1,1,ビーグラッド,牝3,55.0,浜中俊,1:34.3,ハナ,7.2,4.0,440(+4),[西] 岡田稲男,202407040608
4,7,13,サク,牝5,56.0,団野大成,1:34.4,クビ,6.3,3.0,454(+2),[西] 北出成人,202407040608
5,5,9,インペリアルコート,牝4,56.0,斎藤新,1:34.6,1.1/2,25.7,10.0,436(-2),[西] 畑端省吾,202407040608
6,8,15,フラッシングレート,牝4,56.0,鮫島克駿,1:34.7,クビ,9.4,6.0,486(+10),[西] 音無秀孝,202407040608
7,2,4,オタルグリーン,牝3,51.0,河原田菜,1:34.7,ハナ,8.9,5.0,436(-6),[西] 中竹和也,202407040608
8,7,14,デアデルマーレ,牝4,56.0,長岡禎仁,1:35.0,1.3/4,40.9,12.0,486(+8),[西] 坂口智康,202407040608
9,4,8,マルカシャルマン,牝4,53.0,柴田裕一,1:35.0,クビ,126.6,13.0,454(+16),[西] 浜田多実,202407040608
10,6,11,ラブカヒルー,牝5,56.0,国分恭介,1:35.3,1.3/4,289.7,16.0,444(-11),[西] 森田直行,202407040608
11,3,6,スマートジェイナ,牝4,55.0,泉谷楓真,1:35.4,アタマ,6.2,2.0,458(+12),[西] 大久保龍,202407040608
12,2,3,ネクストヒロイン,牝3,55.0,吉田隼人,1:35.4,クビ,203.4,15.0,412(-12),[東] 戸田博文,202407040608
13,4,7,ルージュラメンテ,牝3,53.0,高杉吏麒,1:35.7,1.3/4,31.4,11.0,450(-6),[西] 高橋一哉,202407040608
14,6,12,テクノデザイン,牝4,56.0,佐々木大,1:35.9,1,22.5,9.0,432(+4),[西] 千田輝彦,202407040608
15,8,16,オールアイウォント,牝4,55.0,原優介,1:36.1,1.1/2,135.5,14.0,462(+6),[西] 森田直行,202407040608
16,3,5,カフジキアッキエレ,牝4,56.0,丸山元気,1:41.4,大,19.3,8.0,416(-10),[西] 森田直行,202407040608
1,6,6,ポールセン,牡2,56.0,斎藤新,1:24.9,,1.8,1.0,476(+6),[東] 斎藤誠,202407040609
2,7,7,ユウトザユウト,牡2,56.0,団野大成,1:25.6,4,2.7,2.0,504(+8),[西] 小崎憲,202407040609
3,5,5,クニノハッピー,牡2,56.0,丸山元気,1:25.8,1.1/2,20.3,5.0,468(-2),[東] 田中剛,202407040609
4,1,1,アレスグート,牡2,56.0,Ｍ．デム,1:26.0,1,10.6,4.0,460(+14),[東] 牧光二,202407040609
5,2,2,サディーク,牝2,55.0,鮫島克駿,1:26.0,クビ,5.1,3.0,434(-6),[西] 河嶋宏樹,202407040609
6,3,3,ピーチマカロン,牝2,55.0,水口優也,1:26.7,4,61.9,6.0,470(-2),[西] 大根田裕,202407040609
7,4,4,ゼンダンマイウェイ,牝2,55.0,小沢大仁,1:30.3,大,205.5,7.0,426(+4),[西] 小崎憲,202407040609
1,7,8,ブロッケンボウ,牡3,56.0,団野大成,2:13.6,,3.5,2.0,472(+6),[西] 佐々木晶,202407040610
2,3,3,ジュンツバメガエシ,牡4,58.0,鮫島克駿,2:13.9,1.3/4,2.0,1.0,504(-2),[西] 友道康夫,202407040610
3,8,10,スカーズ,牡4,58.0,浜中俊,2:14.3,2.1/2,14.2,5.0,496(+14),[西] 武幸四郎,202407040610
4,7,7,ライフセービング,牡3,56.0,西村淳也,2:14.3,クビ,7.5,4.0,450(+10),[西] 宮徹,202407040610
5,2,2,ラーテル,セ4,58.0,原田和真,2:15.0,4,254.0,10.0,468(0),[東] 南田美知,202407040610
6,6,6,キャルレイ,牡5,58.0,佐々木大,2:15.4,2.1/2,5.9,3.0,486(+10),[東] 鹿戸雄一,202407040610
7,8,9,アスカノミライ,牡6,58.0,中井裕二,2:15.4,ハナ,54.4,7.0,518(+2),[西] 宮地貴稔,202407040610
8,1,1,バンフィエルド,牡5,58.0,長岡禎仁,2:15.4,クビ,14.4,6.0,428(+4),[西] 緒方努,202407040610
9,4,4,フィデリオグリーン,牡8,58.0,原優介,2:15.7,1.3/4,125.6,8.0,502(+8),[東] 根本康広,202407040610
10,5,5,プレカーサー,牡3,56.0,ドイル,2:16.9,7,125.8,9.0,542(+20),[東] 加藤和宏,202407040610
1,8,16,フリームファクシ,牡4,59.0,Ｍ．デム,1:22.9,,5.7,3.0,520(+2),[西] 須貝尚介,202407040611
2,6,12,バトゥーキ,牡4,58.0,水口優也,1:23.6,4,4.9,2.0,488(0),[西] 浜田多実,202407040611
3,3,5,タイセイブレイズ,牡6,58.0,西村淳也,1:23.9,2,20.2,8.0,474(+4),[西] 牧浦充徳,202407040611
4,5,10,エミサキホコル,牡4,58.0,長岡禎仁,1:24.0,クビ,8.3,5.0,502(+10),[西] 杉山佳明,202407040611
5,4,7,レオノーレ,牝5,56.0,酒井学,1:24.1,1/2,35.5,9.0,506(+6),[西] 福永祐一,202407040611
6,6,11,ユティタム,牡4,59.0,佐々木大,1:24.2,1/2,7.2,4.0,504(-10),[西] 須貝尚介,202407040611
7,7,13,ミラクルティアラ,牝4,56.0,西塚洸二,1:24.3,3/4,9.4,7.0,444(+2),[西] 野中賢二,202407040611
8,8,15,スマートフォルス,牡4,57.0,団野大成,1:24.4,クビ,3.7,1.0,484(+4),[西] 吉村圭司,202407040611
9,1,2,ハギノアトラス,セ8,58.0,斎藤新,1:24.4,ハナ,234.0,15.0,490(0),[西] 鮫島一歩,202407040611
10,3,6,サクセスローレル,牡5,58.0,国分恭介,1:24.6,1.1/2,85.6,12.0,530(-2),[西] 北出成人,202407040611
11,5,9,エルバリオ,牡5,58.0,亀田温心,1:24.9,1.1/2,77.3,11.0,540(0),[西] 高野友和,202407040611
12,7,14,バグラダス,牡4,58.0,浜中俊,1:25.1,1.1/2,9.2,6.0,482(0),[東] 嘉藤貴行,202407040611
13,4,8,ゼルトザーム,牡3,56.0,鮫島克駿,1:25.2,3/4,58.2,10.0,500(+10),[西] 藤野健太,202407040611
14,2,4,ゴールドパラディン,牡7,58.0,小沢大仁,1:25.3,アタマ,122.8,13.0,450(+16),[西] 小椋研介,202407040611
15,2,3,エナジーグラン,牡5,58.0,柴田裕一,1:26.9,10,201.0,14.0,478(+6),[西] 高柳大輔,202407040611
除,1,1,サトノテンペスト,牡6,58.0,ドイル,,,---,,506(+4),[西] 高橋亮,202407040611
1,3,6,デイトナモード,牡4,55.0,ドイル,1:09.0,,97.3,12.0,538(-4),[西] 千田輝彦,202407040612
2,1,2,レオテミス,牝3,53.0,石田拓郎,1:09.1,1/2,3.6,1.0,490(+4),[西] 高柳大輔,202407040612
3,1,1,アスクエピソード,牡4,55.0,西塚洸二,1:09.2,クビ,48.4,11.0,472(+12),[西] 藤原英昭,202407040612
4,7,14,マサノカナリア,牝3,53.0,鮫島克駿,1:09.3,1,14.3,6.0,468(-6),[西] 藤野健太,202407040612
5,6,12,ソノママソノママ,牝4,53.0,泉谷楓真,1:09.4,クビ,20.9,8.0,444(0),[西] 奥村豊,202407040612
6,2,4,ライブリームーラン,牝4,52.0,小沢大仁,1:09.4,ハナ,256.6,18.0,520(-4),[東] 大竹正博,202407040612
7,3,5,クインズプリーズ,牝5,54.0,中井裕二,1:09.4,クビ,109.9,14.0,440(-4),[西] 藤野健太,202407040612
8,6,11,ジョーメッドヴィン,牡3,56.0,佐々木大,1:09.6,1,5.5,3.0,506(0),[西] 清水久詞,202407040612
9,8,16,タイキヴァンクール,牡3,57.0,浜中俊,1:09.6,クビ,4.2,2.0,514(+4),[西] 中尾秀正,202407040612
10,5,10,ディオアステリア,牝5,54.0,Ｍ．デム,1:09.7,1/2,15.3,7.0,482(-6),[東] 小野次郎,202407040612
11,8,18,ベジェサ,牝5,54.0,団野大成,1:09.7,ハナ,109.9,13.0,490(+4),[西] 飯田祐史,202407040612
12,2,3,モズトキキ,牝3,55.0,亀田温心,1:09.8,1/2,6.7,4.0,556(+8),[西] 村山明,202407040612
13,4,7,テーオーアリエス,牝5,50.0,柴田裕一,1:10.1,2,46.6,10.0,500(-10),[西] 岡田稲男,202407040612
14,8,17,ジオパーククラウン,牡4,55.0,酒井学,1:10.2,3/4,169.0,15.0,448(+2),[西] 長谷川浩,202407040612
15,5,9,トリップトゥムーン,牡5,55.0,横山琉人,1:10.3,1/2,236.2,17.0,452(+6),[東] 粕谷昌央,202407040612
16,7,13,ファイツオン,牡3,56.0,高杉吏麒,1:10.4,クビ,11.0,5.0,508(+2),[西] 藤岡健一,202407040612
17,4,8,セレッソデアモール,牝4,53.0,永島まな,1:10.9,3,21.7,9.0,486(0),[西] 庄野靖志,202407040612
18,7,15,ワイアウ,牝4,52.0,原優介,1:11.3,2.1/2,185.1,16.0,466(-8),[東] 鈴木慎太,202407040612
