着順,枠番,馬番,馬名,性齢,斤量,騎手,タイム,着差,単勝,人気,馬体重,調教師,race_id
1,1,1,バンデルオーラ,牡3,56.0,西村淳也,1:08.5,,2.7,1.0,480(+16),[西] 牧浦充徳,202202010101
2,6,11,ショウナンラブリー,牝3,54.0,岩田康誠,1:09.0,3,71.7,12.0,412(0),[東] 稲垣幸雄,202202010101
3,1,2,オマツサマ,牝3,54.0,藤岡佑介,1:09.1,1/2,6.4,3.0,476(0),[西] 藤岡健一,202202010101
4,3,5,デルマカミーラ,牝3,54.0,荻野琢真,1:09.1,ハナ,16.1,8.0,480(+8),[西] 牧田和弥,202202010101
5,7,14,フーレイ,牝3,54.0,鮫島克駿,1:09.1,クビ,82.7,13.0,440(-10),[西] 新谷功一,202202010101
6,4,8,ムーディナイル,牝3,51.0,横山琉人,1:09.2,1/2,8.5,5.0,518(-2),[東] 林徹,202202010101
7,2,3,セイショウスマイル,牝3,54.0,丹内祐次,1:09.2,アタマ,50.9,10.0,474(-4),[東] 本間忍,202202010101
8,3,6,アメトリンルナ,牝3,54.0,丸山元気,1:09.2,ハナ,14.3,7.0,444(+20),[東] 畠山吉宏,202202010101
9,7,13,アルマイメル,牡3,56.0,池添謙一,1:09.2,ハナ,6.0,2.0,458(-8),[西] 武英智,202202010101
10,6,12,ハッピーノリクン,牡3,56.0,菊沢一樹,1:09.3,クビ,139.5,15.0,430(-4),[東] 鈴木伸尋,202202010101
10,8,15,ディージェーサン,牝3,54.0,横山武史,1:09.3,同着,9.7,6.0,404(-12),[東] 小桧山悟,202202010101
12,5,9,バーニーフォールズ,牝3,54.0,菱田裕二,1:09.5,1,8.4,4.0,446(+4),[東] 加藤征弘,202202010101
13,2,4,フロムドーヴィル,牝3,54.0,横山和生,1:09.5,ハナ,63.0,11.0,440(-6),[東] 加藤士津,202202010101
14,4,7,ララサンシャイン,牝3,51.0,鷲頭虎太,1:09.5,クビ,336.3,16.0,412(0),[西] 千田輝彦,202202010101
15,8,16,ザナイトカフェ,牡3,56.0,黛弘人,1:09.9,2,132.7,14.0,474(-2),[東] 宗像義忠,202202010101
中,5,10,アンジーニョ,牝3,53.0,秋山稔樹,,,49.5,9.0,414(-2),[西] 高橋義忠,202202010101
1,3,3,カンティプール,牝3,54.0,和田竜二,1:47.2,,1.8,1.0,482(0),[西] 渡辺薫彦,202202010102
2,6,6,エピファニアペスカ,牝3,51.0,鷲頭虎太,1:47.3,3/4,21.8,5.0,466(+4),[西] 松永昌博,202202010102
3,1,1,ラブミーディザイア,牝3,54.0,菱田裕二,1:47.3,クビ,5.1,3.0,478(0),[東] 和田勇介,202202010102
4,7,8,レディベル,牝3,50.0,古川奈穂,1:47.4,クビ,4.9,2.0,498(-2),[西] 矢作芳人,202202010102
5,8,10,フォンメイリー,牝3,54.0,斎藤新,1:47.6,1,26.0,6.0,464(+4),[西] 四位洋文,202202010102
6,6,7,コスモパンドラ,牝3,54.0,丹内祐次,1:47.7,3/4,92.5,10.0,452(0),[東] 粕谷昌央,202202010102
7,5,5,サトノゼノビア,牝3,54.0,横山和生,1:48.1,2.1/2,34.1,7.0,474(-10),[東] 国枝栄,202202010102
8,7,9,ディスコ,牝3,54.0,武豊,1:48.5,2,6.6,4.0,474(0),[西] 音無秀孝,202202010102
9,8,11,ステラフィオーレ,牝3,52.0,角田大和,1:48.7,1.1/4,47.7,9.0,450(-16),[西] 松永幹夫,202202010102
中,4,4,デルマエルフ,牝3,54.0,浜中俊,,,37.1,8.0,466(-2),[東] 鹿戸雄一,202202010102
除,2,2,ケデシュ,牝3,54.0,松田大作,,,---,,468(0),[西] 上村洋行,202202010102
1,8,11,ラージベル,牝3,52.0,山田敬士,1:00.0,,17.7,5.0,462(+6),[東] 松永康利,202202010103
2,8,12,トキメキナイト,牡3,56.0,丹内祐次,1:00.2,1.1/2,4.9,3.0,470(+2),[東] 武藤善則,202202010103
3,6,7,タイガークリスエス,牡3,56.0,鮫島克駿,1:00.3,クビ,5.1,4.0,474(-2),[西] 大橋勇樹,202202010103
4,7,9,レッドブレンナー,牡3,56.0,岩田康誠,1:00.6,1.3/4,4.0,2.0,474(+2),[西] 安田隆行,202202010103
5,5,6,ブラザリーラヴ,牡3,55.0,秋山稔樹,1:00.6,クビ,28.5,7.0,430(-8),[東] 大竹正博,202202010103
6,3,3,サリーチャン,牝3,54.0,菊沢一樹,1:00.7,クビ,142.3,11.0,444(-8),[東] 石栗龍彦,202202010103
7,1,1,ウインオワーズ,牡3,56.0,西村淳也,1:00.9,1.1/4,28.5,6.0,476(-2),[東] 高木登,202202010103
8,7,10,カルーナブルガリス,牝3,51.0,小林凌大,1:01.1,1,2.4,1.0,444(0),[東] 伊藤圭三,202202010103
9,4,4,アマゴ,牝3,51.0,小林脩斗,1:01.2,3/4,46.4,9.0,444(0),[東] 田島俊明,202202010103
10,2,2,ピオニール,牝3,51.0,横山琉人,1:01.3,3/4,191.5,12.0,444(-4),[東] 斎藤誠,202202010103
11,6,8,スターオブフェイス,牡3,56.0,丸山元気,1:01.7,2.1/2,32.2,8.0,424(0),[東] 土田稔,202202010103
12,5,5,アイスキング,セ3,54.0,角田大和,1:02.3,3.1/2,64.0,10.0,456(0),[西] 高柳大輔,202202010103
1,8,11,ノートルプロメス,牡3,56.0,藤岡佑介,2:01.2,,11.8,4.0,504(+4),[西] 四位洋文,202202010104
2,4,4,ベアーザベル,牝3,54.0,岩田康誠,2:01.4,1.1/4,7.0,3.0,436(-2),[西] 渡辺薫彦,202202010104
3,6,6,ブローザホーン,牡3,56.0,横山武史,2:01.5,3/4,5.6,2.0,424(+18),[東] 中野栄治,202202010104
4,5,5,メイショウホーコン,牡3,56.0,池添謙一,2:01.6,クビ,14.2,6.0,486(-2),[西] 池添兼雄,202202010104
5,1,1,ナンベイコー,牝3,54.0,吉田隼人,2:01.6,クビ,20.7,7.0,416(-4),[東] 尾形和幸,202202010104
6,7,9,ララアンセストラル,牡3,56.0,鮫島克駿,2:01.6,アタマ,12.0,5.0,470(+2),[西] 松下武士,202202010104
7,2,2,グロー,牡3,56.0,和田竜二,2:01.8,1.1/4,1.7,1.0,476(+4),[西] 鈴木孝志,202202010104
8,7,8,マイネルユヌスール,牡3,56.0,丹内祐次,2:02.0,1,65.3,10.0,478(+2),[西] 五十嵐忠,202202010104
9,3,3,リアルモンスター,牡3,55.0,泉谷楓真,2:02.0,アタマ,22.1,8.0,488(+4),[西] 大橋勇樹,202202010104
10,6,7,ラッフルズプレース,牡3,53.0,横山琉人,2:03.9,大,56.6,9.0,446(+2),[東] 林徹,202202010104
11,8,10,メイショウヒシャ,牡3,56.0,西村淳也,2:04.0,1,156.8,11.0,524(+6),[西] 荒川義之,202202010104
1,1,1,ニーナブランド,牝2,54.0,鮫島克駿,0:57.5,,10.4,4.0,420(0),[東] 高橋裕,202202010105
2,4,4,カマラードマリー,牝2,52.0,角田大和,0:57.8,1.1/2,12.9,5.0,448(0),[東] 小笠倫弘,202202010105
3,6,6,イティネラートル,牝2,54.0,藤岡佑介,0:57.8,ハナ,4.0,2.0,408(0),[西] 長谷川浩,202202010105
4,5,5,ワイアウ,牝2,54.0,吉田隼人,0:58.0,1.1/4,1.8,1.0,436(0),[西] 武幸四郎,202202010105
5,8,8,コパカバーナビーチ,牝2,54.0,黛弘人,0:58.2,1.1/2,30.3,7.0,446(0),[東] 中野栄治,202202010105
6,7,7,クリノゴッホ,牡2,54.0,丹内祐次,0:58.4,1.1/4,8.1,3.0,460(0),[東] 岩戸孝樹,202202010105
7,2,2,ピアブルー,牝2,53.0,秋山稔樹,0:58.8,2.1/2,63.4,8.0,386(0),[東] 浅野洋一,202202010105
8,3,3,スナークメモリー,牝2,54.0,和田竜二,0:59.2,2.1/2,26.1,6.0,412(0),[西] 川村禎彦,202202010105
9,8,9,オスカーレイ,牝2,52.0,山田敬士,0:59.7,3,122.5,9.0,410(0),[東] 小桧山悟,202202010105
1,5,7,エコログロリアス,牡3,56.0,横山武史,1:47.0,,4.7,2.0,480(-4),[東] 加藤征弘,202202010106
2,2,2,トーホウテンリュウ,牡3,56.0,菱田裕二,1:47.0,アタマ,47.3,10.0,478(0),[西] 石坂公一,202202010106
3,7,12,メイショウタイゲイ,牡3,56.0,吉田隼人,1:47.1,3/4,24.6,8.0,440(-10),[西] 荒川義之,202202010106
4,3,4,ロルバーンスカイ,牡3,56.0,勝浦正樹,1:47.3,1.1/4,2.5,1.0,444(+6),[東] 新開幸一,202202010106
5,6,9,シャンダス,牡3,56.0,丹内祐次,1:47.4,3/4,196.3,14.0,462(-4),[東] 杉浦宏昭,202202010106
6,5,8,インブリウム,牡3,55.0,秋山稔樹,1:47.6,3/4,21.5,7.0,446(0),[東] 鹿戸雄一,202202010106
7,3,3,テイエムビシャモン,牡3,56.0,古川吉洋,1:47.7,3/4,7.4,4.0,496(+8),[西] 木原一良,202202010106
8,8,13,ハヤブサウィッシュ,牡3,56.0,川又賢治,1:47.8,クビ,8.0,5.0,456(-6),[西] 吉村圭司,202202010106
9,8,14,スリードゥラメンテ,牡3,55.0,泉谷楓真,1:47.9,1/2,43.2,9.0,460(-4),[西] 南井克巳,202202010106
10,4,6,マーゴットワーズ,牡3,56.0,荻野琢真,1:48.7,5,81.4,12.0,466(+6),[西] 小林真也,202202010106
11,1,1,ヴィオレントアズル,牡3,56.0,黛弘人,1:48.9,1.1/2,137.2,13.0,412(+2),[東] 加藤和宏,202202010106
12,7,11,ノアラヴィータ,牡3,56.0,西村淳也,1:50.3,8,17.1,6.0,514(+2),[西] 牧浦充徳,202202010106
13,6,10,タマモケンタウルス,牡3,53.0,横山琉人,1:51.6,8,49.4,11.0,466(-14),[東] 水野貴広,202202010106
14,4,5,モロキニムーン,牡3,56.0,武豊,1:55.0,大,6.1,3.0,504(0),[西] 須貝尚介,202202010106
1,6,9,スワヤンブナート,セ3,54.0,武豊,2:01.0,,2.4,1.0,500(0),[西] 須貝尚介,202202010107
2,2,2,ルーパステソーロ,牡4,57.0,浜中俊,2:01.1,3/4,5.5,2.0,542(+4),[東] 加藤士津,202202010107
3,7,12,フィレンツェ,牡3,54.0,横山和生,2:01.4,2,9.2,5.0,446(-4),[東] 加藤士津,202202010107
4,3,4,マイネルデステリョ,牡5,57.0,丹内祐次,2:01.4,アタマ,12.0,7.0,454(-2),[東] 畠山吉宏,202202010107
5,3,3,デルマアシュラ,牡4,54.0,鷲頭虎太,2:01.5,1/2,8.7,4.0,420(-10),[西] 友道康夫,202202010107
6,6,10,クロスザルビコン,牡5,57.0,吉田隼人,2:01.6,クビ,7.2,3.0,452(0),[東] 大和田成,202202010107
7,4,5,ブルーゲート,牝3,49.0,小林脩斗,2:01.6,クビ,9.9,6.0,424(-8),[東] 武井亮,202202010107
8,7,11,キャニオニング,牝4,52.0,横山琉人,2:01.6,アタマ,92.6,12.0,446(+16),[東] 村田一誠,202202010107
9,8,13,セツメンノトビウオ,牡5,57.0,斎藤新,2:01.7,クビ,202.1,14.0,476(+12),[西] 牧田和弥,202202010107
10,1,1,ゾロ,牡6,57.0,西村淳也,2:01.9,1.1/4,81.2,10.0,478(+6),[東] 小手川準,202202010107
11,4,6,タケルジャック,牡4,55.0,山田敬士,2:02.2,2,93.1,13.0,476(+4),[東] 小桧山悟,202202010107
12,5,8,ウインアステロイド,牡5,54.0,小林凌大,2:02.3,クビ,26.0,8.0,464(-6),[東] 和田正一,202202010107
13,5,7,ナムラドン,牡5,54.0,大久保友,2:02.4,3/4,38.0,9.0,498(+8),[西] 清水久詞,202202010107
14,8,14,ザレストノーウェア,牡4,57.0,勝浦正樹,2:02.5,1,84.3,11.0,460(+4),[東] 新開幸一,202202010107
1,4,4,チェイスザドリーム,牝3,49.0,古川奈穂,0:58.2,,4.7,3.0,474(+6),[西] 矢作芳人,202202010108
2,6,8,カルネアサーダ,牝3,52.0,鮫島克駿,0:58.6,2.1/2,1.9,1.0,454(-2),[西] 加用正,202202010108
3,7,9,ポメラート,牝3,49.0,横山琉人,0:59.0,2.1/2,14.1,4.0,482(+4),[西] 茶木太樹,202202010108
4,2,2,マキアージュ,牝3,52.0,丹内祐次,0:59.4,2.1/2,18.6,6.0,458(+12),[東] 菊川正達,202202010108
5,3,3,スンヌンタイ,牝3,52.0,横山武史,0:59.6,1.1/4,4.4,2.0,494(+2),[東] 岩戸孝樹,202202010108
6,6,7,ミツカネプルート,牝3,51.0,秋山稔樹,0:59.9,1.3/4,69.1,10.0,436(0),[東] 清水英克,202202010108
7,5,6,ベルマーレミノル,牝3,52.0,丸山元気,0:59.9,クビ,83.4,11.0,490(+8),[西] 本田優,202202010108
7,8,11,ドナテッラ,牝4,55.0,菱田裕二,0:59.9,同着,45.6,8.0,472(0),[東] 加藤征弘,202202010108
9,5,5,エコロマリン,牝4,55.0,菊沢一樹,1:00.7,5,106.9,12.0,456(-15),[東] 菊沢隆徳,202202010108
10,7,10,クリオズナ,牝4,55.0,池添謙一,1:01.0,1.1/2,56.3,9.0,450(+10),[西] 浜田多実,202202010108
11,8,12,カグラマツリウタ,牝3,50.0,角田大和,1:01.1,1/2,17.7,5.0,466(+10),[西] 角田晃一,202202010108
12,1,1,モモサン,牝3,49.0,小林凌大,1:01.4,1.3/4,31.5,7.0,492(0),[東] 伊藤圭三,202202010108
1,3,3,シェルビーズアイ,牡3,53.0,松田大作,2:39.9,,3.3,2.0,470(+2),[西] 武英智,202202010109
2,7,10,マケルナマサムネ,牡4,57.0,川又賢治,2:40.0,クビ,11.6,5.0,468(-6),[西] 杉山佳明,202202010109
3,8,11,ブラックボイス,牡3,53.0,横山和生,2:40.0,アタマ,2.8,1.0,504(-4),[東] 宮田敬介,202202010109
4,5,6,タイラーテソーロ,牡3,53.0,鮫島克駿,2:40.2,1.1/4,11.4,4.0,472(-2),[東] 栗田徹,202202010109
5,7,9,タイミングハート,牡5,57.0,武豊,2:40.4,1.1/2,5.5,3.0,454(-2),[西] 武幸四郎,202202010109
6,5,5,デルマラッキーガイ,牡5,57.0,西村淳也,2:40.4,クビ,26.4,10.0,480(-4),[東] 小手川準,202202010109
7,6,8,ウインヴァカンス,牝4,55.0,丹内祐次,2:40.6,1,18.4,7.0,464(+2),[西] 寺島良,202202010109
8,1,1,ミッキーセレスタ,牡4,57.0,吉田隼人,2:40.9,1.3/4,14.9,6.0,520(-12),[東] 国枝栄,202202010109
9,2,2,トラウンシュタイン,牡4,57.0,岩田康誠,2:41.0,1,26.4,9.0,458(+4),[西] 奥村豊,202202010109
10,6,7,ウインローズブーケ,牝5,55.0,和田竜二,2:41.1,クビ,25.2,8.0,454(0),[西] 吉田直弘,202202010109
11,4,4,ランドリュウオー,牡6,57.0,菱田裕二,2:43.5,大,132.6,11.0,456(+4),[西] 安達昭夫,202202010109
取,8,12,サンデイビス,牡4,57.0,丸山元気,,,---,,計不,[東] 村田一誠,202202010109
1,1,2,メモリーレゾン,牝3,51.0,古川吉洋,1:47.0,,3.8,1.0,450(+10),[西] 長谷川浩,202202010110
2,4,8,ブラックデビル,セ7,53.0,丹内祐次,1:47.2,1.1/4,127.4,15.0,466(-6),[東] 中野栄治,202202010110
3,4,7,カフジアスール,牡4,56.0,角田大和,1:47.2,クビ,5.7,3.0,474(-2),[西] 中竹和也,202202010110
4,7,13,ポールトゥウィン,牡5,54.0,浜中俊,1:47.3,1/2,23.4,7.0,514(-4),[西] 田中克典,202202010110
5,5,9,リーブルミノル,牡4,54.0,武豊,1:47.4,クビ,29.7,9.0,482(-4),[西] 本田優,202202010110
6,8,15,プレトリア,セ7,55.0,秋山稔樹,1:47.4,アタマ,73.4,13.0,470(-2),[東] 中川公成,202202010110
7,2,3,ルヴェルソー,牝5,53.0,和田竜二,1:47.4,アタマ,45.0,11.0,456(-2),[東] 田中博康,202202010110
8,3,6,ペドラフォルカ,牝4,52.0,横山武史,1:47.4,クビ,11.1,5.0,462(+4),[西] 上村洋行,202202010110
9,8,16,ジャミールフエルテ,セ6,53.0,松田大作,1:47.4,ハナ,164.4,16.0,452(-10),[西] 大久保龍,202202010110
10,6,12,ヴェルザスカ,牝5,52.0,斎藤新,1:47.7,1.3/4,25.5,8.0,444(-6),[西] 今野貞一,202202010110
11,2,4,アオイゴールド,牝4,54.0,黛弘人,1:47.9,1.1/4,3.9,2.0,472(-2),[東] 和田雄二,202202010110
12,1,1,ルーツドール,牝5,52.0,藤岡佑介,1:48.0,1/2,6.5,4.0,530(-8),[西] 藤岡健一,202202010110
13,6,11,グレースオブナイル,牝5,52.0,菱田裕二,1:48.1,クビ,31.1,10.0,446(-4),[東] 小笠倫弘,202202010110
14,5,10,アラモードバイオ,牡4,55.0,鮫島克駿,1:48.4,2,11.5,6.0,520(+4),[西] 新谷功一,202202010110
15,7,14,イルヴェントデーア,牝6,51.0,丸山元気,1:48.5,クビ,94.2,14.0,478(+12),[東] 金成貴史,202202010110
16,3,5,ラヴィンジャー,牝6,53.0,西村淳也,1:49.1,3.1/2,46.4,12.0,444(+10),[東] 小島茂之,202202010110
1,4,5,オタルエバー,牡3,54.0,横山武史,1:08.0,,2.3,1.0,480(0),[西] 中竹和也,202202010111
2,3,3,モンファボリ,牝4,55.0,武豊,1:08.3,1.1/2,5.7,3.0,454(+10),[西] 須貝尚介,202202010111
3,6,10,グラウクス,セ6,57.0,秋山稔樹,1:08.4,1,116.0,13.0,500(+6),[西] 西園正都,202202010111
4,1,1,アスクキングコング,セ4,57.0,浜中俊,1:08.6,1.1/4,9.9,4.0,442(+2),[西] 梅田智之,202202010111
5,3,4,メイショウハボタン,牝4,55.0,泉谷楓真,1:08.6,ハナ,11.1,5.0,464(-6),[西] 南井克巳,202202010111
6,5,7,カバーガール,牝4,55.0,横山和生,1:08.7,クビ,62.8,11.0,476(0),[西] 清水久詞,202202010111
7,5,8,ブロンズレッド,牡4,57.0,西村淳也,1:08.7,クビ,39.2,9.0,522(+2),[西] 牧浦充徳,202202010111
8,6,9,デルマカンノン,牝4,55.0,岩田康誠,1:08.7,ハナ,15.7,6.0,450(+2),[西] 五十嵐忠,202202010111
9,7,12,サニーオーシャン,牡4,57.0,鮫島克駿,1:08.7,アタマ,141.4,14.0,462(0),[東] 中野栄治,202202010111
10,4,6,リトス,牝3,52.0,吉田隼人,1:08.8,クビ,4.5,2.0,406(-4),[東] 高橋裕,202202010111
11,8,14,タピオカ,牝5,55.0,丹内祐次,1:09.0,1.1/2,19.4,7.0,524(+6),[東] 牧光二,202202010111
12,7,11,アセンダント,牝6,55.0,和田竜二,1:09.1,クビ,47.1,10.0,466(-4),[東] 田島俊明,202202010111
13,2,2,イルヴェントドーロ,牝6,55.0,池添謙一,1:09.4,1.3/4,34.2,8.0,460(+6),[西] 池添学,202202010111
14,8,13,エーアイダンサー,牝4,55.0,丸山元気,1:10.0,3.1/2,111.3,12.0,432(+2),[東] 畠山吉宏,202202010111
1,3,3,コパノニコルソン,牡3,53.0,泉谷楓真,1:46.4,,2.0,1.0,504(-4),[西] 宮徹,202202010112
2,5,7,リアルシング,牡5,57.0,池添謙一,1:46.7,1.1/2,25.7,8.0,548(+2),[西] 池添兼雄,202202010112
3,4,5,カラフルキューブ,牝3,52.0,藤岡佑介,1:46.9,1.1/4,8.5,3.0,466(+8),[西] 高野友和,202202010112
4,5,8,ロードヴァレンチ,セ3,54.0,松田大作,1:46.9,ハナ,8.8,4.0,468(+2),[東] 中舘英二,202202010112
5,4,6,ダノンマジック,牡3,54.0,菱田裕二,1:47.2,2,24.2,7.0,442(0),[東] 田中博康,202202010112
6,2,2,ハイアーグレード,牝5,55.0,荻野琢真,1:47.3,3/4,95.7,11.0,464(+14),[西] 今野貞一,202202010112
7,3,4,マダムシュシュ,牝4,55.0,鮫島克駿,1:47.4,クビ,49.5,9.0,474(+2),[東] 田村康仁,202202010112
8,6,10,ディーエスボンバー,牡4,57.0,古川吉洋,1:47.4,ハナ,19.4,6.0,488(-4),[西] 岡田稲男,202202010112
9,8,13,ウインホノカ,牝6,54.0,秋山稔樹,1:47.7,1.3/4,197.0,13.0,418(-2),[東] 本間忍,202202010112
10,6,9,オーホンブリック,牡4,55.0,角田大和,1:47.8,3/4,147.7,12.0,504(-2),[西] 吉村圭司,202202010112
11,7,12,デライトアゲン,牡3,54.0,丹内祐次,1:48.1,1.3/4,12.8,5.0,484(+4),[東] 岩戸孝樹,202202010112
12,8,14,マンオブカレッジ,セ4,57.0,横山和生,1:48.3,3/4,3.8,2.0,526(+2),[西] 松永幹夫,202202010112
13,1,1,タマモモンレーブ,牡3,54.0,吉田隼人,1:48.4,1/2,56.8,10.0,500(+6),[西] 大橋勇樹,202202010112
14,7,11,インテグラルシチー,牡4,57.0,斎藤新,1:48.5,3/4,205.9,14.0,522(+2),[西] 牧田和弥,202202010112
1,1,2,メルヴィル,牝3,54.0,武豊,1:08.8,,2.0,1.0,428(-2),[西] 音無秀孝,202202010201
2,1,1,キューランブラー,牝3,54.0,斎藤新,1:09.3,3,117.1,12.0,444(+26),[西] 牧田和弥,202202010201
3,8,15,マヒナライズ,牝3,54.0,藤岡佑介,1:09.3,ハナ,2.6,2.0,414(-2),[西] 藤岡健一,202202010201
4,6,11,レッドベスティア,牡3,56.0,横山和生,1:09.4,3/4,18.0,5.0,436(+6),[西] 昆貢,202202010201
5,2,3,ミッキージェンヌ,牝3,54.0,菊沢一樹,1:09.4,アタマ,47.1,7.0,436(0),[東] 菊沢隆徳,202202010201
6,4,8,シンゼンコイチャン,牝3,54.0,池添謙一,1:09.4,ハナ,12.7,4.0,458(+6),[西] 飯田祐史,202202010201
7,7,13,シウン,牝3,54.0,松田大作,1:09.6,1,68.5,10.0,456(+10),[西] 須貝尚介,202202010201
8,3,5,テンコウバヒ,牡3,56.0,横山武史,1:09.7,1/2,9.1,3.0,446(-6),[東] 矢野英一,202202010201
9,2,4,グンター,牡3,53.0,大久保友,1:09.9,1.1/4,64.9,9.0,466(-4),[西] 池添兼雄,202202010201
10,7,14,シゲルボス,セ3,53.0,横山琉人,1:09.9,ハナ,222.3,15.0,474(+10),[東] 小島茂之,202202010201
11,5,10,メロンチャン,牝3,54.0,黛弘人,1:09.9,ハナ,59.7,8.0,466(0),[東] 大和田成,202202010201
12,8,16,デルマゴモリー,牝3,51.0,小林脩斗,1:09.9,クビ,117.9,13.0,414(-4),[東] 天間昭一,202202010201
13,5,9,イデアファイブ,牝3,54.0,川又賢治,1:10.2,1.3/4,161.0,14.0,410(-12),[東] 本間忍,202202010201
14,4,7,ヘクトゴン,牡3,56.0,古川吉洋,1:10.5,1.3/4,111.4,11.0,420(+4),[西] 木原一良,202202010201
15,6,12,ナザレ,牝3,53.0,秋山稔樹,1:10.6,クビ,24.4,6.0,448(0),[東] 武井亮,202202010201
16,3,6,ハクサンディーバ,牝3,51.0,小林凌大,1:11.7,7,347.0,16.0,440(0),[東] 土田稔,202202010201
1,3,4,アレマーナ,牝3,54.0,鮫島克駿,1:47.3,,6.0,3.0,470(+2),[西] 松下武士,202202010202
2,8,14,ミルトイグニス,牡3,56.0,斎藤新,1:47.6,2,12.8,5.0,500(-2),[東] 武市康男,202202010202
3,2,2,パフオブウインド,牡3,54.0,山田敬士,1:47.7,3/4,13.8,6.0,474(+2),[東] 小桧山悟,202202010202
4,1,1,ホウオウベリテ,牡3,56.0,横山和生,1:48.2,3,2.6,1.0,454(+4),[東] 高木登,202202010202
5,5,8,フジシュウセツ,牡3,56.0,丹内祐次,1:48.5,1.3/4,64.8,10.0,514(-8),[東] 岩戸孝樹,202202010202
6,6,10,ダンスデミルリトン,牡3,53.0,横山琉人,1:48.7,3/4,200.7,13.0,454(+1),[西] 鈴木孝志,202202010202
7,4,5,フランベルジュ,牡3,56.0,武豊,1:48.7,ハナ,6.0,4.0,502(-4),[東] 大竹正博,202202010202
8,3,3,スイートザーズ,牝3,54.0,勝浦正樹,1:48.8,3/4,95.9,12.0,432(+10),[東] 石毛善彦,202202010202
9,8,13,フジフォンテ,牡3,56.0,松田大作,1:48.8,クビ,18.7,7.0,452(-2),[東] 尾形和幸,202202010202
10,7,12,テンクウノツバサ,牡3,56.0,和田竜二,1:49.2,2,4.3,2.0,482(-2),[東] 中舘英二,202202010202
11,4,6,モーゲン,牡3,56.0,吉田隼人,1:50.5,8,74.7,11.0,446(-4),[西] 浜田多実,202202010202
12,6,9,カネトシマティーニ,牡3,56.0,川島信二,1:51.1,3.1/2,396.6,14.0,426(-4),[西] 畑端省吾,202202010202
13,7,11,ジャスティンパワー,牡3,56.0,横山武史,1:52.6,9,23.5,8.0,460(+6),[東] 伊藤圭三,202202010202
14,5,7,アルファロッソ,牝3,50.0,古川奈穂,1:54.3,10,50.9,9.0,444(+12),[西] 矢作芳人,202202010202
1,3,3,エバニスタ,牡3,54.0,角田大和,0:59.2,,2.5,2.0,484(+2),[西] 角田晃一,202202010203
2,2,2,キリシマタウン,牡3,53.0,小林脩斗,0:59.5,1.3/4,6.1,3.0,440(0),[東] 天間昭一,202202010203
3,1,1,オクシデンタル,牡3,56.0,和田竜二,0:59.9,2.1/2,7.4,4.0,522(-4),[東] 加藤征弘,202202010203
4,7,8,フェアリーランド,牝3,54.0,黛弘人,1:00.2,1.3/4,77.4,9.0,446(0),[東] 加藤和宏,202202010203
5,8,10,バオバブスピリット,牝3,54.0,斎藤新,1:00.3,クビ,2.4,1.0,440(+10),[東] 斎藤誠,202202010203
6,5,5,チョロヤマ,牡3,56.0,菱田裕二,1:00.4,クビ,43.6,7.0,426(-5),[東] 小手川準,202202010203
7,7,7,テイエムシチーボー,牝3,54.0,菊沢一樹,1:00.4,アタマ,95.0,10.0,452(-10),[東] 石栗龍彦,202202010203
8,8,9,タイコネン,牝3,51.0,横山琉人,1:00.8,2.1/2,43.3,6.0,448(-8),[東] 水野貴広,202202010203
9,6,6,ノットクラッシュ,牝3,54.0,丸山元気,1:00.8,クビ,63.5,8.0,472(0),[東] 土田稔,202202010203
10,4,4,アフォガート,牡3,55.0,秋山稔樹,1:00.9,1/2,14.4,5.0,474(+8),[東] 浅野洋一,202202010203
1,2,3,ゴルトシュミーデ,牝3,54.0,西村淳也,2:01.0,,3.3,2.0,430(0),[西] 村山明,202202010204
2,8,14,ヴァンデスト,牝3,54.0,丹内祐次,2:01.1,3/4,21.4,7.0,392(+2),[東] 松山将樹,202202010204
3,4,6,ムガ,牝3,54.0,古川吉洋,2:01.2,3/4,20.6,6.0,450(-2),[西] 大根田裕,202202010204
4,7,13,ベッラアルバ,牝3,54.0,鮫島克駿,2:01.3,クビ,2.3,1.0,454(-2),[西] 中竹和也,202202010204
5,8,15,ジェンヌ,牝3,54.0,吉田隼人,2:01.3,クビ,14.4,4.0,420(+4),[西] 安達昭夫,202202010204
6,1,1,ビューティフルラブ,牝3,53.0,秋山稔樹,2:01.4,3/4,16.0,5.0,428(+2),[西] 高橋義忠,202202010204
7,5,8,ユイ,牝3,54.0,斎藤新,2:01.5,1/2,68.1,10.0,444(+4),[西] 高橋康之,202202010204
8,3,4,ホヲユイットウ,牝3,54.0,菱田裕二,2:01.5,アタマ,96.2,11.0,418(+10),[東] 和田勇介,202202010204
9,6,10,ライチトゥーム,牝3,54.0,勝浦正樹,2:01.9,2,294.9,14.0,412(+4),[東] 伊坂重信,202202010204
10,4,7,スズカマース,牝3,54.0,浜中俊,2:02.4,3,42.0,9.0,470(0),[西] 橋田満,202202010204
11,5,9,フロックス,牝3,54.0,菊沢一樹,2:02.8,2.1/2,22.4,8.0,466(-4),[東] 松山将樹,202202010204
12,3,5,スマイリールリカ,牝3,51.0,西塚洸二,2:02.8,ハナ,203.6,12.0,476(0),[東] 鹿戸雄一,202202010204
13,2,2,ヴァルドマルヌ,牝3,54.0,横山武史,2:03.5,4,5.0,3.0,412(+4),[東] 大和田成,202202010204
14,6,11,ハートディザイア,牝3,51.0,横山琉人,2:04.2,4,262.3,13.0,388(-2),[東] 斎藤誠,202202010204
除,7,12,ラエール,牝3,54.0,武豊,,,---,,404(-8),[西] 平田修,202202010204
1,8,8,クリダーム,牡2,54.0,武豊,1:09.5,,2.8,2.0,468(0),[西] 須貝尚介,202202010205
2,7,7,ミシェラドラータ,牡2,54.0,鮫島克駿,1:09.6,1/2,38.1,7.0,478(0),[西] 清水久詞,202202010205
3,4,4,トラネスハープ,牝2,54.0,横山武史,1:09.6,クビ,6.1,3.0,422(0),[東] 武井亮,202202010205
4,5,5,タリエシン,牡2,54.0,Ｍ．デム,1:09.9,1.3/4,26.5,6.0,416(0),[東] 金成貴史,202202010205
5,2,2,ベルサーナ,牝2,54.0,吉田隼人,1:10.0,1/2,6.3,4.0,466(0),[東] 高橋裕,202202010205
6,6,6,ベベ,牡2,54.0,勝浦正樹,1:10.1,1/2,74.9,8.0,480(0),[東] 武市康男,202202010205
7,3,3,エリカキルシェ,牝2,54.0,横山和生,1:10.2,3/4,2.7,1.0,456(0),[東] 宮田敬介,202202010205
8,1,1,レイズミーアップ,牡2,54.0,川島信二,1:11.2,6,124.5,9.0,414(0),[西] 荒川義之,202202010205
9,8,9,ツキガミ,牡2,54.0,和田竜二,1:11.9,4,12.4,5.0,410(0),[西] 川村禎彦,202202010205
1,2,2,ファインバーグ,牡3,56.0,池添謙一,1:48.2,,4.8,2.0,494(-4),[西] 清水久詞,202202010206
2,4,5,シャノワール,牝3,54.0,丹内祐次,1:48.4,1.1/4,19.3,7.0,418(+6),[東] 小手川準,202202010206
3,3,3,イルモンド,牝3,54.0,横山武史,1:48.4,ハナ,1.7,1.0,474(+10),[東] 池上昌和,202202010206
4,5,7,モズユウガ,牡3,56.0,荻野琢真,1:48.7,2,163.5,12.0,484(-4),[西] 大久保龍,202202010206
5,5,6,クリノインパクト,牡3,56.0,武豊,1:49.0,1.1/2,18.8,6.0,464(+4),[西] 南井克巳,202202010206
6,8,13,サルサロッサ,牝3,54.0,斎藤新,1:49.0,アタマ,16.9,5.0,446(-2),[東] 高柳瑞樹,202202010206
7,6,8,ジャスティンエース,牡3,56.0,吉田隼人,1:49.0,アタマ,6.2,3.0,462(-10),[西] 杉山晴紀,202202010206
8,1,1,モルレー,牝3,54.0,鮫島克駿,1:49.0,ハナ,14.0,4.0,432(+6),[西] 長谷川浩,202202010206
9,7,10,ララパラプリュイ,牝3,54.0,和田竜二,1:49.2,1,73.3,9.0,448(+2),[東] 田中博康,202202010206
10,8,12,シードザブレイク,牡3,56.0,藤岡佑介,1:49.7,3,23.4,8.0,496(+10),[西] 庄野靖志,202202010206
11,6,9,タイキモンストル,牡3,53.0,小林凌大,1:49.8,クビ,138.4,11.0,486(0),[西] 西園正都,202202010206
12,7,11,デルマセイレーン,牝3,54.0,菊沢一樹,1:50.2,2.1/2,75.4,10.0,428(-2),[東] 鈴木慎太,202202010206
除,4,4,ミラモンテ,牝3,51.0,小林脩斗,,,---,,444(-2),[東] 岩戸孝樹,202202010206
1,7,9,ダンスウィズジョイ,牝3,49.0,小林凌大,0:58.7,,3.8,1.0,436(+4),[東] 伊藤圭三,202202010207
2,6,8,ユスティニアン,牡4,57.0,黛弘人,0:58.9,1.1/2,9.9,7.0,434(+4),[西] 新谷功一,202202010207
3,6,7,ヨドノゴールド,牡4,55.0,角田大和,0:59.0,クビ,6.8,4.0,476(+2),[西] 西園正都,202202010207
4,5,5,ニシノアナ,牝3,51.0,秋山稔樹,0:59.1,1/2,12.2,8.0,464(0),[東] 相沢郁,202202010207
5,2,2,アウトパフォーム,牡3,54.0,横山和生,0:59.2,3/4,5.6,3.0,444(+2),[東] 栗田徹,202202010207
6,8,12,サウンドブライアン,牡4,53.0,古川奈穂,0:59.5,2,7.8,5.0,482(+2),[西] 村山明,202202010207
7,1,1,ケルンコンサート,牡3,54.0,武豊,0:59.5,ハナ,8.5,6.0,460(+4),[西] 森秀行,202202010207
8,4,4,チアフルローズ,牝6,55.0,勝浦正樹,0:59.8,1.1/2,112.2,11.0,494(+12),[東] 水野貴広,202202010207
9,3,3,ドクターマンボウ,牡3,51.0,横山琉人,1:00.1,2,4.9,2.0,456(+6),[西] 牧浦充徳,202202010207
10,8,11,キャンユーキッス,牝4,52.0,大久保友,1:00.2,3/4,97.6,10.0,436(-10),[西] 鈴木孝志,202202010207
11,7,10,ラインアルテア,牡3,54.0,丹内祐次,1:01.0,5,71.2,9.0,460(-6),[東] 武藤善則,202202010207
12,5,6,グッドステージ,牡5,56.0,泉谷楓真,1:01.4,2.1/2,166.1,12.0,516(-6),[西] 宮徹,202202010207
1,6,9,ヤマニンルリュール,牝4,55.0,鮫島克駿,1:08.9,,6.5,4.0,476(+10),[西] 木原一良,202202010208
2,7,11,メイケイバートン,牡3,54.0,吉田隼人,1:09.0,1/2,4.7,2.0,456(-4),[西] 中竹和也,202202010208
3,4,5,タッカーシルバー,牝3,52.0,横山武史,1:09.0,ハナ,17.5,6.0,450(-4),[東] 鈴木伸尋,202202010208
4,7,12,ラピカズマ,牡4,57.0,菱田裕二,1:09.0,アタマ,18.3,7.0,502(-4),[東] 高橋文雅,202202010208
5,4,6,タガノスペルノヴァ,牡4,54.0,鷲頭虎太,1:09.0,ハナ,42.8,9.0,428(+2),[西] 川村禎彦,202202010208
6,2,2,グラスミヤラビ,牝3,52.0,横山和生,1:09.1,1/2,6.3,3.0,482(+4),[東] 大江原哲,202202010208
7,1,1,グランデ,牡3,54.0,松田大作,1:09.2,クビ,31.4,8.0,472(-4),[西] 吉田直弘,202202010208
8,8,14,ケヴィンズクロス,牡4,57.0,菊沢一樹,1:09.2,アタマ,96.7,13.0,506(-6),[東] 菊沢隆徳,202202010208
9,3,4,グランアプロウソ,牡3,54.0,武豊,1:09.3,クビ,2.2,1.0,490(+8),[西] 松永幹夫,202202010208
10,5,7,アヴァノス,セ4,57.0,丸山元気,1:09.3,クビ,65.5,10.0,456(+2),[東] 和田正一,202202010208
11,6,10,ユキヤナギ,牝3,52.0,勝浦正樹,1:09.4,1,174.3,14.0,440(+4),[東] 的場均,202202010208
12,3,3,グレイトミッション,牝4,55.0,丹内祐次,1:09.4,ハナ,16.2,5.0,462(+2),[東] 菊川正達,202202010208
13,5,8,ナンヨーローズ,牡4,57.0,Ｍ．デム,1:09.7,1.1/2,68.3,11.0,454(0),[東] 畠山吉宏,202202010208
14,8,13,イチローイチロー,牡3,54.0,池添謙一,1:09.9,1.1/4,84.3,12.0,428(+10),[西] 北出成人,202202010208
1,6,10,ブルトンクール,牝3,52.0,Ｍ．デム,1:47.3,,17.1,7.0,444(+4),[東] 新開幸一,202202010209
2,1,1,モチベーション,牝3,52.0,菱田裕二,1:47.4,1/2,13.8,5.0,434(+4),[東] 清水英克,202202010209
3,8,14,ヴェントボニート,牝5,55.0,池添謙一,1:47.4,ハナ,2.8,1.0,428(+6),[西] 池添学,202202010209
4,3,4,ハーツラプソディ,牝4,55.0,藤岡康太,1:47.5,クビ,8.4,4.0,502(+8),[西] 今野貞一,202202010209
5,4,6,ホウオウプリンセス,牝6,55.0,吉田隼人,1:47.6,1/2,24.7,9.0,450(-4),[西] 吉岡辰弥,202202010209
6,8,13,レディナビゲーター,牝3,52.0,横山武史,1:47.6,クビ,6.4,3.0,492(+8),[東] 萩原清,202202010209
7,5,7,スマートルグラン,牝4,55.0,浜中俊,1:47.7,3/4,68.8,11.0,436(0),[東] 鹿戸雄一,202202010209
8,7,12,オーソレミオ,牝3,52.0,横山和生,1:47.8,クビ,3.5,2.0,448(+10),[西] 昆貢,202202010209
9,7,11,ミント,牝3,52.0,荻野琢真,1:47.9,1/2,41.9,10.0,498(+12),[西] 友道康夫,202202010209
10,4,5,エレフセリア,牝4,55.0,丹内祐次,1:47.9,クビ,15.5,6.0,446(+6),[東] 武藤善則,202202010209
11,6,9,スパークオブライフ,牝6,55.0,菊沢一樹,1:48.0,クビ,149.0,13.0,424(+4),[東] 小島茂之,202202010209
12,5,8,カタリーナ,牝4,55.0,藤岡佑介,1:48.1,3/4,19.5,8.0,446(-4),[西] 武英智,202202010209
13,2,2,キュンストラー,牝4,55.0,斎藤新,1:48.1,クビ,101.9,12.0,408(+10),[東] 松永康利,202202010209
14,3,3,シューラヴァーグ,牝5,55.0,川又賢治,1:48.2,1/2,189.2,14.0,452(-4),[西] 畑端省吾,202202010209
1,7,8,オセアダイナスティ,牡4,57.0,横山武史,1:45.1,,2.6,1.0,518(-2),[東] 加藤征弘,202202010210
2,7,7,レッドエランドール,セ5,57.0,西村淳也,1:45.2,1/2,5.4,4.0,496(+10),[西] 田中克典,202202010210
3,5,5,タイセイシェダル,牡4,57.0,吉田隼人,1:45.3,1/2,4.0,2.0,458(-2),[西] 高橋義忠,202202010210
4,3,3,メイショウナリヒラ,牡4,57.0,武豊,1:45.5,1.1/2,17.8,6.0,464(-4),[西] 南井克巳,202202010210
5,1,1,カサデガ,牡4,57.0,川又賢治,1:45.9,2.1/2,36.7,9.0,460(+4),[西] 寺島良,202202010210
6,8,10,バルサミックムーン,セ5,57.0,菱田裕二,1:46.1,1.1/4,5.0,3.0,492(-8),[東] 武藤善則,202202010210
7,4,4,ヴェノム,牡4,57.0,池添謙一,1:46.3,1.1/2,17.7,5.0,536(+10),[西] 池添兼雄,202202010210
8,2,2,グリニッジシチー,セ6,57.0,丹内祐次,1:46.4,クビ,22.0,7.0,472(+4),[東] 相沢郁,202202010210
9,8,9,テンウォークライ,牡4,57.0,丸山元気,1:46.4,クビ,25.6,8.0,476(+2),[東] 金成貴史,202202010210
10,6,6,メイショウハナモモ,牝4,55.0,古川吉洋,1:47.2,5,41.8,10.0,468(+2),[西] 松永昌博,202202010210
1,4,7,ナムラクレア,牝3,50.0,浜中俊,1:07.2,,2.1,1.0,462(0),[西] 長谷川浩,202202010211
2,6,11,ジュビリーヘッド,牡5,56.0,横山和生,1:07.6,2.1/2,25.8,7.0,480(+6),[西] 安田隆行,202202010211
3,3,5,タイセイアベニール,牡7,56.0,鮫島克駿,1:07.7,3/4,101.4,13.0,488(-4),[西] 西村真幸,202202010211
4,8,16,レイハリア,牝4,54.0,松岡正海,1:07.7,アタマ,41.3,8.0,460(+8),[東] 田島俊明,202202010211
5,1,2,キャプテンドレイク,牡5,56.0,藤岡康太,1:07.7,クビ,87.6,12.0,482(-6),[西] 今野貞一,202202010211
6,2,4,キルロード,セ7,57.0,菊沢一樹,1:07.7,ハナ,20.8,6.0,506(+6),[東] 田村康仁,202202010211
7,4,8,ヴェントヴォーチェ,牡5,56.0,西村淳也,1:07.7,アタマ,4.8,2.0,518(0),[西] 牧浦充徳,202202010211
8,8,15,ダイメイフジ,牡8,57.0,菱田裕二,1:07.8,クビ,297.1,15.0,532(+4),[西] 森田直行,202202010211
9,7,14,ローレルアイリス,牝5,54.0,川又賢治,1:07.8,クビ,258.3,14.0,444(0),[西] 杉山佳明,202202010211
10,3,6,シゲルピンクルビー,牝4,54.0,和田竜二,1:07.8,アタマ,7.5,4.0,466(-4),[西] 渡辺薫彦,202202010211
11,6,12,ファーストフォリオ,牝5,54.0,武豊,1:07.9,クビ,52.3,10.0,442(-2),[西] 須貝尚介,202202010211
12,5,9,ボンセルヴィーソ,牡8,56.0,池添謙一,1:08.0,3/4,68.9,11.0,486(-6),[西] 池添学,202202010211
13,2,3,ライトオンキュー,牡7,58.0,古川吉洋,1:08.1,クビ,48.4,9.0,520(+2),[西] 昆貢,202202010211
14,5,10,ペプチドバンブー,牡7,56.0,松田大作,1:08.1,クビ,317.0,16.0,506(-2),[西] 武英智,202202010211
15,1,1,プルパレイ,牡3,52.0,Ｍ．デム,1:08.2,クビ,10.7,5.0,490(-6),[西] 須貝尚介,202202010211
16,7,13,ビアンフェ,セ5,57.0,藤岡佑介,1:08.3,3/4,6.2,3.0,560(+4),[西] 中竹和也,202202010211
1,5,7,ビジン,牝3,52.0,池添謙一,1:46.6,,3.4,2.0,464(+8),[西] 武英智,202202010212
2,5,8,サトノスライヴ,牡5,56.0,泉谷楓真,1:46.7,1/2,18.3,7.0,510(0),[西] 南井克巳,202202010212
3,6,9,アポロリリー,牝5,52.0,小林凌大,1:46.8,1/2,143.8,13.0,414(+4),[東] 鈴木伸尋,202202010212
4,7,12,ゲットアップ,セ4,57.0,松田大作,1:46.8,クビ,33.2,8.0,478(-2),[東] 牧光二,202202010212
5,8,14,メタルゴッド,牝3,49.0,古川奈穂,1:46.9,1/2,8.3,4.0,456(+16),[西] 矢作芳人,202202010212
6,4,6,センタースリール,牝3,52.0,丹内祐次,1:46.9,ハナ,69.3,11.0,464(+6),[東] 本間忍,202202010212
7,3,3,ヒデノレインボー,牡3,51.0,大久保友,1:47.0,クビ,10.1,6.0,466(-10),[西] 梅田智之,202202010212
8,2,2,ヨロシオスナ,牡4,55.0,角田大和,1:47.1,1/2,2.9,1.0,504(+6),[西] 角田晃一,202202010212
9,3,4,アテンパーティ,牡3,54.0,菱田裕二,1:47.2,3/4,55.4,10.0,448(+10),[西] 谷潔,202202010212
10,1,1,ガムラン,牡4,57.0,勝浦正樹,1:47.2,ハナ,8.9,5.0,502(-8),[西] 高橋義忠,202202010212
11,4,5,ディサイド,牡3,54.0,鮫島克駿,1:47.3,クビ,37.3,9.0,478(+2),[西] 高野友和,202202010212
12,7,11,ジョイナイト,牡6,57.0,菊沢一樹,1:47.3,クビ,177.3,14.0,530(0),[東] 武市康男,202202010212
13,6,10,シュルレアリスト,牡4,57.0,横山和生,1:47.5,3/4,8.2,3.0,444(+4),[西] 清水久詞,202202010212
14,8,13,ヤマイチエスポ,牝3,52.0,古川吉洋,1:47.8,2,87.6,12.0,474(+2),[西] 中尾秀正,202202010212
1,3,5,ドロップオブライト,牝3,51.0,鷲頭虎太,1:09.6,,3.4,1.0,440(+4),[西] 松永昌博,202202010301
2,6,11,ピースキーパー,牝3,54.0,浜中俊,1:09.6,クビ,6.0,3.0,434(0),[西] 奥村豊,202202010301
3,6,12,コスモプルエバ,牝3,54.0,丹内祐次,1:09.8,1.1/4,9.1,5.0,426(-2),[東] 伊藤大士,202202010301
4,7,14,ジェネラルウィル,牝3,54.0,横山武史,1:10.1,2,5.5,2.0,458(-6),[東] 林徹,202202010301
5,2,3,バリオーレ,牝3,54.0,松田大作,1:10.2,クビ,76.2,14.0,444(+2),[西] 上村洋行,202202010301
6,5,10,ジャジャカバージョ,牝3,54.0,藤岡佑介,1:10.2,クビ,23.1,8.0,462(+8),[西] 藤岡健一,202202010301
7,8,16,マエマエ,牝3,54.0,吉田隼人,1:10.4,1.1/4,11.8,6.0,428(-6),[東] 久保田貴,202202010301
8,1,1,メイショウオオルリ,牝3,54.0,菱田裕二,1:10.5,クビ,15.9,7.0,466(-2),[西] 高橋亮,202202010301
9,8,15,プティアンジュ,牝3,54.0,岩田康誠,1:10.7,1.1/2,30.5,11.0,394(-4),[東] 田中剛,202202010301
10,4,7,レクレールドパリ,牝3,54.0,池添謙一,1:10.8,クビ,38.8,12.0,480(0),[東] 稲垣幸雄,202202010301
11,5,9,ファイアーコード,牝3,52.0,角田大和,1:10.8,クビ,104.1,15.0,422(+12),[西] 平田修,202202010301
12,1,2,クリノニーナ,牝3,53.0,秋山稔樹,1:10.9,1/2,7.5,4.0,420(-2),[西] 高橋義忠,202202010301
13,4,8,ジュース,牝3,54.0,斎藤新,1:11.0,クビ,25.6,10.0,412(-2),[西] 加用正,202202010301
14,2,4,アルコローザ,牝3,51.0,西塚洸二,1:11.3,1.3/4,58.3,13.0,446(-6),[西] 佐々木晶,202202010301
15,7,13,フルールボーテ,牝3,51.0,横山琉人,1:11.5,1.1/2,25.0,9.0,468(-2),[西] 西園正都,202202010301
16,3,6,ビッグローズ,牝3,51.0,土田真翔,1:11.6,クビ,260.0,16.0,432(+8),[東] 尾形和幸,202202010301
1,5,5,ヘキクウ,牡3,56.0,横山武史,1:46.1,,11.3,6.0,530(+6),[東] 鈴木伸尋,202202010302
2,6,7,タロファイター,牡3,56.0,吉田隼人,1:46.1,クビ,10.9,5.0,456(-2),[西] 中尾秀正,202202010302
3,2,2,パリヘンジ,牡3,56.0,横山和生,1:46.5,2.1/2,6.4,4.0,492(+22),[東] 嘉藤貴行,202202010302
4,6,8,アスリエル,牡3,56.0,岩田康誠,1:47.1,3.1/2,52.4,10.0,458(-6),[東] 奥村武,202202010302
5,8,11,ロルバーンスカイ,牡3,56.0,勝浦正樹,1:47.1,クビ,3.4,1.0,446(+2),[東] 新開幸一,202202010302
6,1,1,ユリシーズ,セ3,56.0,古川吉洋,1:47.8,4,33.5,9.0,450(-8),[西] 大根田裕,202202010302
7,7,9,アウゲンブリック,牡3,56.0,武豊,1:47.8,アタマ,4.0,2.0,490(-2),[東] 堀内岳志,202202010302
8,4,4,セイウンガレオン,牡3,56.0,菱田裕二,1:48.0,1,5.2,3.0,526(0),[東] 奥平雅士,202202010302
9,5,6,ベルアクトリス,牝3,52.0,角田大和,1:48.4,2,11.7,7.0,460(+14),[西] 杉山晴紀,202202010302
10,8,12,スターオブフェイス,牡3,53.0,小林凌大,1:49.1,4,95.9,11.0,422(-2),[東] 土田稔,202202010302
11,7,10,ダンスデミルリトン,牡3,53.0,横山琉人,1:49.6,3,127.9,12.0,450(-4),[西] 鈴木孝志,202202010302
12,3,3,シンゼンコイチャン,牝3,54.0,池添謙一,1:49.7,1/2,31.0,8.0,450(-8),[西] 飯田祐史,202202010302
1,3,3,ルアル,牡3,56.0,吉田隼人,0:59.1,,5.0,3.0,512(+10),[西] 安達昭夫,202202010303
2,5,6,オーブラック,牡3,56.0,丹内祐次,0:59.2,クビ,5.4,4.0,500(+12),[東] 青木孝文,202202010303
3,1,1,グラットンラッシー,牝3,54.0,横山武史,0:59.4,1.1/2,3.8,2.0,516(-2),[東] 加藤征弘,202202010303
4,4,4,カルド,牡3,55.0,秋山稔樹,0:59.7,1.3/4,2.7,1.0,448(-4),[西] 高橋義忠,202202010303
5,7,10,タイガークリスエス,牡3,56.0,武豊,0:59.9,1,7.6,5.0,472(-2),[西] 大橋勇樹,202202010303
6,8,12,ペイシャアート,牝3,51.0,小林凌大,1:00.2,2,94.7,10.0,500(+6),[東] 土田稔,202202010303
7,7,9,モリノドリーム,牝3,54.0,丸山元気,1:00.5,2,34.4,7.0,462(+6),[東] 大江原哲,202202010303
8,6,7,ライブリインパクト,牡3,56.0,水口優也,1:00.9,2,97.5,11.0,468(0),[西] 石橋守,202202010303
9,5,5,タイコネン,牝3,51.0,西塚洸二,1:01.1,1.1/4,163.3,12.0,448(0),[東] 水野貴広,202202010303
10,8,11,エントリーコード,牝3,52.0,角田大和,1:01.5,2.1/2,47.2,8.0,412(-8),[西] 吉岡辰弥,202202010303
11,2,2,レッドコーラル,牝3,51.0,大久保友,1:01.6,1/2,31.4,6.0,442(-8),[東] 伊藤伸一,202202010303
12,6,8,ソプラノナイト,牝3,54.0,斎藤新,1:02.1,3,67.3,9.0,464(-4),[東] 和田正一,202202010303
1,2,2,ヒドゥンキング,牡3,53.0,横山琉人,1:48.6,,8.5,4.0,454(+6),[東] 伊藤大士,202202010304
2,4,4,ユイ,牝3,54.0,斎藤新,1:48.8,1.1/2,23.5,7.0,440(-4),[西] 高橋康之,202202010304
3,5,7,キセキノエンジェル,牝3,54.0,勝浦正樹,1:48.9,クビ,10.2,6.0,452(+2),[東] 石毛善彦,202202010304
4,6,8,バレル,牡3,56.0,吉田隼人,1:49.0,1,2.4,1.0,474(0),[西] 杉山晴紀,202202010304
5,7,11,ジョーカーブラウン,牡3,55.0,秋山稔樹,1:49.0,クビ,3.9,2.0,518(+2),[東] 松山将樹,202202010304
6,4,5,ゴッドスイートビー,牝3,52.0,角田大和,1:49.1,3/4,85.9,10.0,408(+8),[西] 飯田祐史,202202010304
7,8,12,タレントゥーサ,牝3,54.0,松田大作,1:49.3,1.1/4,31.0,8.0,444(+6),[西] 池江泰寿,202202010304
8,5,6,ベアビリーブ,牝3,51.0,西塚洸二,1:49.4,1/2,35.0,9.0,448(-6),[東] 杉浦宏昭,202202010304
9,8,13,フレイムリリー,牝3,54.0,丹内祐次,1:49.6,1.1/4,195.4,12.0,414(-8),[東] 深山雅史,202202010304
10,1,1,チムドンドン,牝3,53.0,泉谷楓真,1:50.0,2.1/2,7.1,3.0,444(+8),[東] 中舘英二,202202010304
11,3,3,リアルモンスター,牡3,56.0,菱田裕二,1:50.0,ハナ,10.2,5.0,488(0),[西] 大橋勇樹,202202010304
12,7,10,フレンドオパール,牝3,51.0,小林凌大,1:50.3,1.3/4,183.2,11.0,410(+4),[東] 南田美知,202202010304
13,6,9,コウガンカレン,牝3,54.0,川又賢治,1:50.6,2,217.4,13.0,406(-8),[西] 宮本博,202202010304
1,7,7,ゴキゲンサン,牝2,54.0,藤岡佑介,1:10.3,,3.0,2.0,488(0),[東] 伊藤大士,202202010305
2,5,5,ブルジュドバイ,牝2,54.0,武豊,1:10.3,クビ,4.9,3.0,460(0),[西] 森秀行,202202010305
3,8,9,コスモレンブランサ,牝2,54.0,丹内祐次,1:10.7,2,23.1,5.0,404(0),[東] 武藤善則,202202010305
4,3,3,ウィズアットダンス,牝2,53.0,秋山稔樹,1:10.8,1,44.0,10.0,392(0),[東] 和田雄二,202202010305
5,1,1,シュガーベイビー,牝2,54.0,菱田裕二,1:10.9,1/2,39.8,9.0,442(0),[西] 新谷功一,202202010305
6,8,10,ピスティス,牝2,54.0,丸山元気,1:10.9,クビ,38.4,7.0,416(0),[東] 大江原哲,202202010305
7,6,6,エリカフォンテーヌ,牝2,54.0,横山武史,1:11.3,2.1/2,2.3,1.0,470(0),[東] 伊藤圭三,202202010305
8,2,2,ダイヤノジャック,牝2,54.0,斎藤新,1:11.5,1.1/4,25.6,6.0,444(0),[西] 加用正,202202010305
9,4,4,ハナサキポプラ,牝2,54.0,川又賢治,1:14.1,大,39.2,8.0,440(0),[西] 杉山佳明,202202010305
10,7,8,テイエムノーブル,牝2,54.0,吉田隼人,1:14.5,2,17.3,4.0,464(0),[西] 五十嵐忠,202202010305
1,5,5,オマツリオトコ,牡2,54.0,横山武史,1:00.3,,3.5,1.0,484(0),[東] 伊藤圭三,202202010306
2,3,3,リンデザ,牝2,54.0,城戸義政,1:01.2,5,4.0,3.0,456(0),[西] 茶木太樹,202202010306
3,6,6,ダンツターセル,牡2,54.0,丸山元気,1:01.4,1,3.7,2.0,484(0),[西] 本田優,202202010306
4,8,8,ルーチェステラーレ,牝2,54.0,勝浦正樹,1:01.4,ハナ,10.2,6.0,450(0),[東] 伊藤大士,202202010306
5,2,2,フクノワカバ,牝2,54.0,川又賢治,1:01.6,1.1/4,9.5,5.0,462(0),[西] 杉山佳明,202202010306
6,7,7,ベアカワイコチャン,牝2,54.0,丹内祐次,1:02.5,5,7.8,4.0,470(0),[東] 杉浦宏昭,202202010306
7,4,4,トータルプラン,牡2,52.0,山田敬士,1:02.6,クビ,27.0,7.0,462(0),[東] 小桧山悟,202202010306
8,1,1,キースケデシュ,牝2,51.0,横山琉人,1:03.2,3.1/2,70.2,8.0,450(0),[東] 伊藤伸一,202202010306
1,5,5,レッドファーロ,牡3,56.0,藤岡佑介,2:41.6,,7.9,4.0,494(-12),[西] 松永幹夫,202202010307
2,1,1,ヴァーグエスタード,牡3,56.0,池添謙一,2:41.8,1.1/4,5.9,3.0,462(+8),[西] 石坂公一,202202010307
3,8,8,ホウオウユニコーン,牡3,56.0,岩田康誠,2:41.9,1/2,2.8,1.0,456(+2),[東] 奥村武,202202010307
4,4,4,デザートスター,牡3,56.0,黛弘人,2:42.1,1.1/4,11.8,6.0,466(0),[東] 武井亮,202202010307
5,8,9,コスモゴレアドール,牡3,56.0,丹内祐次,2:42.1,ハナ,31.3,7.0,422(0),[西] 吉田直弘,202202010307
6,6,6,クラシカルオーサー,牡3,56.0,吉田隼人,2:42.8,4,10.4,5.0,458(+6),[東] 大和田成,202202010307
7,3,3,サンドレス,牝3,54.0,横山武史,2:43.3,3,2.8,2.0,512(+8),[東] 大竹正博,202202010307
8,2,2,ソレジャートポスト,牡3,56.0,斎藤新,2:44.0,4,79.1,9.0,458(0),[西] 高柳大輔,202202010307
9,7,7,クルベリ,セ3,53.0,横山琉人,2:44.6,3.1/2,41.3,8.0,512(-14),[東] 手塚貴久,202202010307
1,8,12,ニシノアナ,牝3,51.0,秋山稔樹,0:58.8,,8.0,5.0,460(-4),[東] 相沢郁,202202010308
2,1,1,スズカサウスソング,牡5,56.0,泉谷楓真,0:59.0,3/4,106.2,12.0,508(+8),[西] 橋田満,202202010308
3,2,2,イスラアネーロ,牡3,54.0,岩田康誠,0:59.1,3/4,3.2,1.0,436(-6),[西] 吉村圭司,202202010308
4,6,8,タカラマドンナ,牝3,52.0,川又賢治,0:59.4,1.1/2,4.0,2.0,446(0),[西] 杉山佳明,202202010308
5,3,3,メッザノッテ,牝4,55.0,横山武史,0:59.5,1,12.0,6.0,468(+14),[西] 寺島良,202202010308
6,7,10,セイウンハルカニ,牡3,51.0,横山琉人,0:59.7,3/4,5.5,3.0,462(-2),[東] 竹内正洋,202202010308
7,4,4,キョウエイゾロ,牝3,49.0,小林凌大,0:59.7,ハナ,49.7,10.0,464(+2),[東] 伊坂重信,202202010308
8,8,11,コンバットマーチ,牝5,51.0,古川奈穂,0:59.8,1/2,33.0,9.0,478(-2),[西] 藤沢則雄,202202010308
9,6,7,ヨドノゴールド,牡4,54.0,大久保友,0:59.8,ハナ,7.8,4.0,480(+4),[西] 西園正都,202202010308
10,5,6,ブルーコーラル,牝6,55.0,丹内祐次,1:00.0,1.1/2,64.3,11.0,432(-2),[東] 清水英克,202202010308
11,5,5,アスターヘキサゴン,牡3,52.0,角田大和,1:00.0,アタマ,20.1,8.0,478(+14),[西] 中竹和也,202202010308
12,7,9,ケルンコンサート,牡3,54.0,武豊,1:00.4,2.1/2,17.9,7.0,460(0),[西] 森秀行,202202010308
1,7,7,ハギノモーリス,牡3,54.0,池添謙一,1:08.9,,1.4,1.0,480(+8),[西] 高野友和,202202010309
2,1,1,プラソン,牝3,52.0,藤岡佑介,1:09.2,1.3/4,22.3,5.0,438(+2),[西] 寺島良,202202010309
3,8,8,コスモアディラート,牡4,56.0,丹内祐次,1:09.3,3/4,12.2,4.0,484(-14),[東] 和田正一,202202010309
4,4,4,レコレータ,牝4,55.0,泉谷楓真,1:09.5,1.1/4,8.0,3.0,490(+12),[東] 中舘英二,202202010309
5,3,3,ショウナンナウシカ,牝3,52.0,秋山稔樹,1:09.6,1,22.6,6.0,466(+6),[東] 大竹正博,202202010309
6,6,6,フミバレンタイン,牝3,52.0,武豊,1:09.7,クビ,4.5,2.0,462(+6),[東] 鹿戸雄一,202202010309
7,2,2,デフィデリ,牡3,54.0,勝浦正樹,1:09.7,クビ,52.4,7.0,460(+4),[東] 南田美知,202202010309
8,5,5,イチローイチロー,牡3,54.0,古川吉洋,1:10.2,3,115.3,8.0,428(0),[西] 北出成人,202202010309
1,1,1,フィデル,牡3,54.0,武豊,2:00.9,,1.4,1.0,484(+10),[西] 友道康夫,202202010310
2,4,4,フローレスクイーン,牝4,55.0,吉田隼人,2:01.1,1.1/4,9.2,3.0,504(-4),[西] 田中克典,202202010310
2,6,6,カンティプール,牝3,52.0,斎藤新,2:01.1,同着,13.9,5.0,480(-2),[西] 渡辺薫彦,202202010310
4,7,7,コスモフロイデ,牡3,54.0,丹内祐次,2:01.2,1/2,21.3,6.0,460(0),[東] 天間昭一,202202010310
5,8,8,スカイフォール,牡3,54.0,横山和生,2:01.4,1.1/4,5.6,2.0,482(+6),[西] 昆貢,202202010310
6,3,3,エレフセリア,牝4,55.0,菱田裕二,2:01.4,クビ,34.8,8.0,444(-2),[東] 武藤善則,202202010310
7,8,9,ノートルプロメス,牡3,54.0,藤岡佑介,2:01.5,3/4,10.3,4.0,504(0),[西] 四位洋文,202202010310
8,2,2,ゼンダンピューマ,セ4,57.0,勝浦正樹,2:01.7,1.1/4,66.9,9.0,470(+16),[東] 村田一誠,202202010310
9,5,5,ラフシー,牡3,54.0,横山武史,2:01.9,1.1/4,31.9,7.0,532(-2),[東] 大竹正博,202202010310
1,5,5,ダークペイジ,牝3,52.0,横山武史,1:07.9,,2.2,1.0,452(+8),[西] 吉村圭司,202202010311
2,4,4,メイショウエニシア,牝4,55.0,藤岡佑介,1:08.0,3/4,3.6,2.0,446(-4),[西] 本田優,202202010311
3,6,8,スマートルシーダ,牡4,57.0,武豊,1:08.4,2.1/2,10.3,5.0,470(+4),[西] 音無秀孝,202202010311
4,7,10,バトーデュシエル,牝5,55.0,横山和生,1:08.4,ハナ,7.8,3.0,480(0),[西] 安田翔伍,202202010311
5,8,11,メイショウハボタン,牝4,55.0,泉谷楓真,1:08.5,クビ,9.3,4.0,464(0),[西] 南井克巳,202202010311
6,3,3,アラモードバイオ,牡4,57.0,吉田隼人,1:08.5,クビ,21.9,7.0,516(-4),[西] 新谷功一,202202010311
7,7,9,カシノフォワード,セ4,57.0,秋山稔樹,1:08.6,クビ,28.7,8.0,438(+10),[東] 蛯名利弘,202202010311
8,6,7,スズカフェラリー,牝7,55.0,岩田康誠,1:08.6,ハナ,50.9,10.0,446(-12),[西] 橋田満,202202010311
9,1,1,チャイブテソーロ,牝4,55.0,菱田裕二,1:08.7,1/2,38.2,9.0,484(+8),[東] 武市康男,202202010311
10,5,6,カバーガール,牝4,55.0,池添謙一,1:08.8,3/4,14.0,6.0,474(-2),[西] 清水久詞,202202010311
11,8,12,ハッピーホンコン,牡4,57.0,落合玄太,1:09.1,2,161.4,11.0,454(+6),[地] 田中淳司,202202010311
12,2,2,ボウトロイ,牡4,57.0,斎藤新,1:09.9,5,211.2,12.0,500(-6),[地] 田中正二,202202010311
1,7,11,ブラッティーキッド,牡4,57.0,水口優也,1:44.0,,10.6,5.0,502(-1),[西] 中尾秀正,202202010312
2,8,13,アウグスト,牡3,54.0,斎藤新,1:44.6,3.1/2,7.8,4.0,512(+8),[東] 斎藤誠,202202010312
3,3,3,トランセンドパスト,牡4,57.0,丸山元気,1:45.5,5,157.2,14.0,460(-4),[東] 田中剛,202202010312
4,3,4,サクセスエース,牡4,57.0,木幡初也,1:45.7,1.1/2,4.5,2.0,484(-8),[東] 竹内正洋,202202010312
5,1,1,デルマタモン,牡4,57.0,横山和生,1:45.9,3/4,12.8,7.0,516(+4),[東] 勢司和浩,202202010312
6,6,9,チャプリ,牝3,52.0,横山武史,1:46.2,2,2.9,1.0,468(+6),[東] 高木登,202202010312
7,5,7,エヴィダンシア,牡3,54.0,松田大作,1:46.5,1.3/4,11.2,6.0,492(+8),[西] 藤原英昭,202202010312
8,5,8,マヤローザ,牝4,54.0,泉谷楓真,1:46.6,1/2,79.5,12.0,446(+8),[西] 大橋勇樹,202202010312
9,4,5,サーティファイド,牡3,54.0,川又賢治,1:46.8,3/4,52.7,10.0,476(-8),[西] 鮫島一歩,202202010312
10,2,2,テンナイトパール,牝6,52.0,小林凌大,1:46.9,3/4,78.8,11.0,496(+2),[東] 小西一男,202202010312
11,4,6,パトリオットラン,牡3,52.0,角田大和,1:47.0,1/2,22.4,9.0,514(-12),[西] 渡辺薫彦,202202010312
12,8,14,キュン,牝4,55.0,丹内祐次,1:47.9,5,21.5,8.0,456(+6),[東] 戸田博文,202202010312
13,7,12,ナリノペッパー,牡4,54.0,土田真翔,1:48.0,1/2,93.7,13.0,480(-6),[東] 上原博之,202202010312
14,6,10,メタルゴッド,牝3,49.0,古川奈穂,1:52.0,大,6.6,3.0,456(0),[西] 矢作芳人,202202010312
1,1,1,スカンジナビア,牝3,52.0,角田大和,1:46.4,,1.7,1.0,450(-2),[西] 四位洋文,202202010401
2,6,9,クオーレドーロ,牝3,54.0,横山武史,1:47.4,6,6.3,3.0,438(-6),[東] 上原博之,202202010401
3,2,2,レインボーエンゼル,牝3,54.0,横山和生,1:48.3,5,4.0,2.0,462(-4),[東] 小野次郎,202202010401
4,4,4,テーオーシャンス,牝3,54.0,菱田裕二,1:48.4,1/2,74.4,10.0,420(+10),[西] 吉岡辰弥,202202010401
5,7,10,オーラライト,牝3,54.0,吉田隼人,1:48.5,1/2,19.5,5.0,440(-4),[西] 西村真幸,202202010401
6,3,3,ララパラプリュイ,牝3,50.0,古川奈穂,1:48.6,3/4,17.3,4.0,448(0),[東] 田中博康,202202010401
7,4,5,ブレディバンチ,牝3,54.0,丹内祐次,1:48.6,ハナ,40.8,9.0,452(+8),[東] 戸田博文,202202010401
8,5,6,アドマイヤカーム,牝3,54.0,岩田康誠,1:48.6,ハナ,24.7,6.0,438(-2),[西] 友道康夫,202202010401
9,8,13,オフショアガール,牝3,54.0,川島信二,1:49.1,3,114.4,11.0,436(+6),[西] 宮本博,202202010401
10,8,12,サトノゼノビア,牝3,51.0,西塚洸二,1:49.5,2.1/2,25.4,7.0,478(+4),[東] 国枝栄,202202010401
11,6,8,カホウハネテマテ,牝3,51.0,大久保友,1:49.7,1.1/2,220.2,13.0,466(+6),[西] 村山明,202202010401
12,5,7,ルージュノブレス,牝3,51.0,横山琉人,1:50.6,5,38.5,8.0,434(-4),[東] 手塚貴久,202202010401
13,7,11,ベルトゥジュール,牝3,53.0,秋山稔樹,1:53.0,大,123.4,12.0,464(+6),[東] 蛯名利弘,202202010401
1,7,13,エナジーグラン,牡3,56.0,鮫島克駿,1:09.0,,4.0,2.0,458(+6),[西] 高柳大輔,202202010402
2,3,6,ラミアヴィータ,牝3,54.0,柴山雄一,1:09.0,アタマ,3.2,1.0,448(0),[西] 昆貢,202202010402
3,1,2,ダイヤモンドフジ,牡3,56.0,横山武史,1:09.3,2,4.1,3.0,454(-2),[西] 宮本博,202202010402
4,3,5,ウォータージーニー,牡3,53.0,鷲頭虎太,1:09.5,1.1/4,66.5,12.0,490(+10),[西] 石橋守,202202010402
5,1,1,シェリーココ,牝3,51.0,西塚洸二,1:09.5,アタマ,247.7,16.0,438(+18),[西] 佐々木晶,202202010402
6,4,8,ミスピュアハート,牝3,51.0,大久保友,1:09.6,3/4,28.5,10.0,430(+8),[西] 大久保龍,202202010402
7,6,12,ナーサック,牡3,54.0,角田大和,1:09.6,アタマ,9.5,4.0,432(-2),[西] 牧浦充徳,202202010402
8,6,11,ベルウッドスカイ,牡3,56.0,松田大作,1:09.7,1/2,168.1,15.0,490(0),[東] 牧光二,202202010402
9,2,4,オリンピッカー,牡3,56.0,藤岡佑介,1:09.9,1.1/4,19.7,7.0,460(-16),[西] 藤岡健一,202202010402
10,5,9,レーヌデゼトワール,牝3,51.0,横山琉人,1:09.9,ハナ,18.3,6.0,420(0),[東] 林徹,202202010402
11,2,3,マーナーパス,牡3,56.0,菱田裕二,1:10.0,1,27.9,9.0,476(+8),[西] 岡田稲男,202202010402
12,4,7,ブラザリーラヴ,牡3,55.0,秋山稔樹,1:10.2,1.1/4,21.0,8.0,426(-4),[東] 大竹正博,202202010402
13,7,14,エスティメート,牡3,56.0,黛弘人,1:10.2,アタマ,114.4,13.0,464(+12),[東] 加藤和宏,202202010402
14,8,15,カラウヌ,牝3,50.0,古川奈穂,1:10.4,1,52.4,11.0,448(+10),[西] 小崎憲,202202010402
15,8,16,ゴールデンベリル,牝3,52.0,丹内祐次,1:10.9,3,14.2,5.0,448(+20),[東] 粕谷昌央,202202010402
16,5,10,ミヤビルーナ,牝3,53.0,泉谷楓真,1:11.3,2.1/2,157.0,14.0,462(+4),[西] 笹田和秀,202202010402
1,5,6,エヴリーサンクス,牝3,51.0,鷲頭虎太,0:59.4,,20.2,5.0,472(+2),[東] 小手川準,202202010403
2,7,9,キュートヘスティア,牝3,54.0,横山武史,0:59.4,ハナ,1.8,1.0,440(-4),[東] 辻哲英,202202010403
3,1,1,マーブルケイケー,牝3,54.0,横山和生,0:59.9,3,3.7,2.0,480(+12),[西] 茶木太樹,202202010403
4,6,8,サバンナチャンス,牝3,51.0,横山琉人,0:59.9,クビ,6.5,3.0,468(+10),[東] 竹内正洋,202202010403
5,6,7,エリークラウン,牝3,54.0,丹内祐次,1:00.1,1,28.6,7.0,458(0),[東] 武市康男,202202010403
6,8,12,キソー,牝3,54.0,岩田康誠,1:00.2,3/4,32.1,8.0,426(+8),[東] 小島茂之,202202010403
7,3,3,フリフリ,牝3,54.0,勝浦正樹,1:00.4,1,39.8,10.0,436(+8),[東] 伊藤大士,202202010403
8,8,11,クリスタルローズ,牝3,54.0,丸山元気,1:00.5,クビ,15.6,4.0,480(-4),[東] 土田稔,202202010403
9,2,2,メイショウカンギク,牝3,52.0,角田大和,1:00.6,3/4,54.3,11.0,464(+6),[西] 飯田祐史,202202010403
10,7,10,シナモンロール,牝3,54.0,黛弘人,1:00.7,1/2,21.7,6.0,414(0),[東] 小野次郎,202202010403
11,5,5,ナムラジュリア,牝3,54.0,古川吉洋,1:01.0,2,166.5,12.0,410(+14),[西] 大根田裕,202202010403
12,4,4,ヴェロニカマジック,牝3,54.0,藤岡佑介,1:01.2,1.1/4,38.0,9.0,456(+12),[東] 稲垣幸雄,202202010403
1,6,6,ミラキュラスライト,牡3,56.0,横山武史,1:47.0,,4.4,3.0,480(0),[東] 萩原清,202202010404
2,4,4,レディベル,牝3,50.0,古川奈穂,1:47.4,2,2.7,1.0,496(-2),[西] 矢作芳人,202202010404
3,7,8,テイエムビシャモン,牡3,56.0,古川吉洋,1:47.5,3/4,7.9,5.0,492(-4),[西] 木原一良,202202010404
4,8,10,ヤマニンクイッカー,牡3,56.0,勝浦正樹,1:47.9,2.1/2,7.4,4.0,452(+2),[東] 田島俊明,202202010404
5,2,2,タフトテソーロ,牡3,56.0,浜中俊,1:48.2,1.1/2,12.4,6.0,464(+4),[東] 高木登,202202010404
6,7,7,アローゴールド,牡3,56.0,川又賢治,1:48.8,3.1/2,155.4,10.0,440(+8),[西] 高橋康之,202202010404
7,5,5,ドレミフォン,牝3,51.0,横山琉人,1:49.0,1.1/4,33.5,7.0,452(+2),[東] 手塚貴久,202202010404
8,1,1,アトランティス,牡3,56.0,岩田康誠,1:49.3,2,3.7,2.0,492(-4),[西] 安田翔伍,202202010404
9,8,9,サクソフォン,牡3,56.0,菱田裕二,1:49.5,1,116.7,9.0,420(+2),[東] 田村康仁,202202010404
10,3,3,クールボス,牡3,53.0,西塚洸二,1:49.7,1.1/2,84.7,8.0,486(-6),[東] 栗田徹,202202010404
1,6,6,スプレモフレイバー,牡2,54.0,吉田隼人,1:09.9,,1.7,1.0,470(0),[東] 久保田貴,202202010405
2,7,7,ミスヨコハマ,牝2,54.0,斎藤新,1:10.2,2,6.8,4.0,460(0),[東] 斎藤誠,202202010405
3,4,4,サンライズフォルス,牡2,54.0,丸山元気,1:10.4,1.1/4,9.4,5.0,494(0),[西] 羽月友彦,202202010405
4,3,3,ゴコウサス,牡2,54.0,浜中俊,1:10.4,クビ,33.6,6.0,442(0),[西] 笹田和秀,202202010405
5,2,2,シンゼンイズモ,牡2,54.0,鮫島克駿,1:10.8,2,6.3,2.0,490(0),[西] 荒川義之,202202010405
6,8,8,ヒルノピレネー,牡2,54.0,池添謙一,1:10.8,クビ,6.8,3.0,460(0),[西] 北出成人,202202010405
7,1,1,カナ,牝2,51.0,小林凌大,1:11.1,2,45.6,7.0,402(0),[東] 粕谷昌央,202202010405
8,5,5,ヘイトアルーズ,牡2,51.0,横山琉人,1:11.6,3,62.5,8.0,416(0),[東] 和田正一,202202010405
1,2,2,マーゴットワーズ,牡3,56.0,荻野琢真,2:02.6,,214.9,10.0,460(-6),[西] 小林真也,202202010406
2,7,9,マイネルイージス,牡3,56.0,丹内祐次,2:02.7,1,19.0,6.0,472(+4),[東] 清水英克,202202010406
3,4,4,グロー,牡3,56.0,池添謙一,2:02.9,1.1/4,3.0,2.0,470(-6),[西] 鈴木孝志,202202010406
4,6,7,サトノドルチェ,牡3,55.0,泉谷楓真,2:03.0,3/4,6.0,3.0,474(0),[西] 池江泰寿,202202010406
5,1,1,ウィングローリー,牡3,53.0,鷲頭虎太,2:03.1,3/4,48.8,8.0,462(-22),[西] 四位洋文,202202010406
6,5,5,ダノンフロイデ,牡3,56.0,藤岡佑介,2:03.3,1.1/4,2.3,1.0,468(+4),[西] 藤原英昭,202202010406
7,6,6,ミアステラ,牡3,56.0,古川吉洋,2:03.4,クビ,6.9,4.0,494(+10),[西] 大根田裕,202202010406
8,3,3,ウィズザタイムズ,牝3,51.0,横山琉人,2:03.6,1.1/2,28.3,7.0,446(-2),[東] 竹内正洋,202202010406
9,7,8,ラッフルズプレース,牡3,56.0,吉田隼人,2:03.7,3/4,106.4,9.0,446(0),[東] 林徹,202202010406
10,8,10,クトゥネシリカ,牡3,56.0,岩田康誠,2:04.1,2.1/2,18.0,5.0,416(-6),[東] 堀内岳志,202202010406
11,8,11,カネトシマティーニ,牡3,56.0,川島信二,2:04.3,1.1/4,384.7,11.0,428(+2),[西] 畑端省吾,202202010406
1,7,12,テーオーメアリー,牝4,55.0,古川吉洋,1:08.8,,32.2,10.0,472(+6),[西] 梅田智之,202202010407
2,3,3,ネレイド,牝3,52.0,丸山元気,1:08.8,ハナ,2.9,1.0,440(0),[東] 粕谷昌央,202202010407
3,4,6,フリートオブフット,牝3,52.0,横山武史,1:08.8,クビ,5.5,4.0,450(+2),[東] 奥村武,202202010407
4,4,5,クレマチステソーロ,牝4,55.0,鮫島克駿,1:08.9,クビ,14.2,5.0,476(+4),[東] 勢司和浩,202202010407
5,6,10,スカイトレイル,牝3,50.0,角田大和,1:08.9,クビ,18.9,8.0,458(+26),[西] 西村真幸,202202010407
6,3,4,スクリーンショット,牝3,52.0,浜中俊,1:08.9,クビ,5.3,3.0,482(0),[東] 杉浦宏昭,202202010407
7,8,14,レインボークラウド,牝4,55.0,吉田隼人,1:09.0,1/2,99.4,13.0,462(+14),[西] 石坂公一,202202010407
8,6,9,タツリュウオー,牝4,53.0,山田敬士,1:09.1,クビ,95.0,12.0,456(0),[西] 加用正,202202010407
9,5,8,エターナルハート,牝5,55.0,斎藤新,1:09.1,クビ,18.0,7.0,416(+24),[西] 今野貞一,202202010407
10,7,11,グラスミヤラビ,牝3,52.0,横山和生,1:09.1,アタマ,5.1,2.0,478(-4),[東] 大江原哲,202202010407
11,8,13,コスモサンレミ,牝4,55.0,丹内祐次,1:09.2,クビ,55.1,11.0,468(+14),[東] 中野栄治,202202010407
12,2,2,ウェストファリア,牝3,49.0,横山琉人,1:09.2,クビ,15.8,6.0,384(-8),[東] 手塚貴久,202202010407
13,1,1,キャットリング,牝4,55.0,菱田裕二,1:09.4,1.1/4,135.2,14.0,426(0),[西] 藤沢則雄,202202010407
14,5,7,ナムラデイリリー,牝3,51.0,泉谷楓真,1:09.4,ハナ,30.7,9.0,470(+2),[西] 大橋勇樹,202202010407
1,6,8,キュールエフウジン,牡3,54.0,斎藤新,1:46.0,,11.4,6.0,484(-4),[西] 中尾秀正,202202010408
2,7,10,トミケンベレムド,牡4,54.0,小林凌大,1:46.1,クビ,31.6,9.0,534(+8),[東] 小西一男,202202010408
3,2,2,ヒデノレインボー,牡3,54.0,岩田康誠,1:46.1,クビ,5.2,2.0,468(+2),[西] 梅田智之,202202010408
4,7,9,サトノスライヴ,牡5,56.0,泉谷楓真,1:46.2,クビ,6.2,3.0,510(0),[西] 南井克巳,202202010408
5,3,3,ワンダーアマルフィ,牡5,57.0,水口優也,1:46.6,2,26.4,8.0,490(-6),[西] 石橋守,202202010408
6,5,5,ダノンマジック,牡3,54.0,菱田裕二,1:46.6,アタマ,8.1,5.0,442(0),[東] 田中博康,202202010408
7,6,7,オーマイオーマイ,牡5,57.0,浜中俊,1:46.8,1.1/4,11.9,7.0,478(+3),[西] 小崎憲,202202010408
8,4,4,ディーエスボンバー,牡4,57.0,古川吉洋,1:47.0,1.1/2,32.7,10.0,488(0),[西] 岡田稲男,202202010408
9,1,1,ウインホノカ,牝6,54.0,秋山稔樹,1:47.0,アタマ,206.9,12.0,420(+2),[東] 本間忍,202202010408
10,8,11,タマモエース,牡3,54.0,鮫島克駿,1:47.1,1/2,7.0,4.0,458(+2),[西] 川村禎彦,202202010408
11,8,12,イエヴァンポルッカ,牡3,54.0,横山武史,1:47.2,クビ,2.8,1.0,486(+4),[東] 伊藤圭三,202202010408
12,5,6,タマモモンレーブ,牡3,51.0,大久保友,1:47.6,2.1/2,129.9,11.0,500(0),[西] 大橋勇樹,202202010408
1,7,8,コルベイユ,牝3,52.0,勝浦正樹,1:48.3,,6.0,3.0,424(+2),[東] 新開幸一,202202010409
2,2,2,マイネルエニグマ,牡4,57.0,丹内祐次,1:48.4,1/2,7.5,4.0,460(-6),[西] 五十嵐忠,202202010409
3,6,6,ハイエログリフ,牝4,55.0,浜中俊,1:48.6,1.1/4,15.4,6.0,442(-8),[西] 田中克典,202202010409
4,4,4,ヴェントボニート,牝5,55.0,池添謙一,1:49.0,2.1/2,2.1,1.0,430(+2),[西] 池添学,202202010409
5,5,5,スマートワン,牡4,57.0,横山和生,1:49.0,クビ,3.7,2.0,478(+6),[東] 加藤士津,202202010409
6,1,1,ラニュイエトワール,セ3,54.0,鮫島克駿,1:49.3,2,12.5,5.0,458(-8),[東] 尾形和幸,202202010409
7,8,11,コスモミローディア,牡6,57.0,斎藤新,1:49.4,1/2,77.6,9.0,480(-2),[東] 天間昭一,202202010409
8,6,7,レッドカムイ,牡4,57.0,古川吉洋,1:49.5,3/4,37.0,7.0,528(+2),[西] 松永幹夫,202202010409
9,7,9,タケルジャック,牡4,57.0,山田敬士,1:49.9,2,65.5,8.0,470(-6),[東] 小桧山悟,202202010409
10,8,10,ゾロ,牡6,57.0,角田大和,1:50.0,1/2,86.4,10.0,482(+4),[東] 小手川準,202202010409
11,3,3,ワールドクルーズ,牝4,55.0,秋山稔樹,1:50.4,2.1/2,101.7,11.0,466(+4),[東] 和田雄二,202202010409
1,7,12,タイセイシェダル,牡4,56.0,吉田隼人,1:45.1,,3.7,1.0,454(-4),[西] 高橋義忠,202202010410
2,4,6,レッドエランドール,セ5,56.0,浜中俊,1:45.2,1/2,4.6,2.0,492(-4),[西] 田中克典,202202010410
3,4,5,アースライザー,セ5,53.0,丹内祐次,1:45.2,アタマ,33.6,10.0,478(-4),[東] 鈴木慎太,202202010410
4,6,9,モズピンポン,牡5,55.0,古川奈穂,1:45.3,クビ,11.5,6.0,518(-4),[西] 矢作芳人,202202010410
5,8,13,ロスコフ,牡4,56.0,横山和生,1:45.3,クビ,6.3,3.0,498(0),[東] 久保田貴,202202010410
6,6,10,シンヨモギネス,牡4,54.0,菱田裕二,1:45.4,1/2,10.4,5.0,480(0),[東] 伊藤圭三,202202010410
7,5,7,キゾク,牡4,54.0,池添謙一,1:45.5,クビ,13.0,7.0,494(-4),[西] 池添兼雄,202202010410
8,2,2,ブルーコンパクタ,牡6,54.0,鮫島克駿,1:45.6,1/2,15.5,9.0,462(+4),[西] 大橋勇樹,202202010410
9,3,4,サヴァビアン,牡4,54.0,丸山元気,1:45.7,1,8.9,4.0,432(-10),[西] 羽月友彦,202202010410
10,8,14,コスモセイリュウ,牡5,54.0,横山武史,1:45.8,1/2,15.2,8.0,500(+2),[東] 中野栄治,202202010410
11,1,1,カサデガ,牡4,54.0,川又賢治,1:46.0,1.1/4,48.4,12.0,462(+2),[西] 寺島良,202202010410
12,5,8,ヴェノム,牡4,54.0,斎藤新,1:46.1,1/2,36.5,11.0,522(-14),[西] 池添兼雄,202202010410
13,3,3,インナーアリュール,牡5,54.0,山田敬士,1:46.5,2.1/2,55.4,14.0,470(+2),[東] 小桧山悟,202202010410
14,7,11,ピクトルテソーロ,セ4,54.0,黛弘人,1:46.8,1.3/4,54.4,13.0,472(-18),[東] 田中博康,202202010410
1,2,3,マウンテンムスメ,牝4,55.0,横山武史,1:08.3,,4.9,3.0,460(-10),[東] 中野栄治,202202010411
2,3,5,シュアーヴアリア,牝4,55.0,吉田隼人,1:08.4,クビ,4.6,2.0,482(-6),[東] 高橋裕,202202010411
3,7,14,コスモアンジュ,牝5,55.0,丹内祐次,1:08.5,1/2,9.4,5.0,498(+10),[東] 武藤善則,202202010411
4,5,10,オメガラヴィサン,セ7,57.0,横山和生,1:08.5,ハナ,4.4,1.0,476(-4),[西] 安田翔伍,202202010411
5,6,12,ヴィズサクセス,牡5,57.0,岩田康誠,1:08.5,クビ,7.5,4.0,472(-12),[東] 奥村武,202202010411
6,4,8,ディヴィナシオン,牡5,57.0,松田大作,1:08.6,クビ,21.3,8.0,462(+2),[西] 森秀行,202202010411
7,8,15,スンリ,牝4,55.0,鮫島克駿,1:08.6,ハナ,19.3,7.0,478(0),[西] 清水久詞,202202010411
8,8,16,ジョニーズララバイ,牡6,57.0,勝浦正樹,1:08.6,ハナ,31.8,12.0,452(-4),[西] 音無秀孝,202202010411
9,1,1,クリノアリエル,牝7,55.0,柴山雄一,1:08.6,クビ,84.9,15.0,426(0),[西] 武英智,202202010411
10,5,9,ネクストストーリー,牝4,55.0,菱田裕二,1:08.7,3/4,28.1,10.0,490(+4),[東] 中川公成,202202010411
11,3,6,ミスビアンカ,牝5,55.0,角田大和,1:08.8,クビ,98.4,16.0,458(+8),[西] 高橋義忠,202202010411
12,2,4,ノクターンノーツ,牝5,55.0,斎藤新,1:08.9,1/2,21.5,9.0,520(+6),[西] 田中克典,202202010411
13,4,7,ミニオンペール,牝6,55.0,黛弘人,1:08.9,クビ,16.7,6.0,480(+4),[東] 小手川準,202202010411
14,1,2,オレンジペコ,牝5,55.0,藤岡佑介,1:08.9,アタマ,31.1,11.0,480(-10),[西] 武英智,202202010411
15,6,11,ショウナンアリアナ,牝6,55.0,古川吉洋,1:09.0,クビ,70.6,14.0,438(-4),[西] 高野友和,202202010411
16,7,13,フミロア,牝4,55.0,秋山稔樹,1:09.0,クビ,38.4,13.0,458(+8),[東] 黒岩陽一,202202010411
1,7,7,ラブリネスオーバー,牝3,49.0,西塚洸二,1:08.4,,1.8,1.0,498(+2),[東] 高柳瑞樹,202202010412
2,2,2,マイネルチューダ,牡5,57.0,丹内祐次,1:08.6,1.1/4,4.9,2.0,452(+2),[東] 奥平雅士,202202010412
3,1,1,シューラヴァーグ,牝5,55.0,川又賢治,1:08.6,クビ,121.4,10.0,448(-4),[西] 畑端省吾,202202010412
4,4,4,エスオーライアン,牡3,54.0,鮫島克駿,1:08.7,1/2,8.3,4.0,430(-4),[西] 木原一良,202202010412
5,7,8,ヒノクニ,牝3,50.0,山田敬士,1:08.9,1.1/4,13.9,5.0,448(+6),[東] 深山雅史,202202010412
6,8,10,ピュリフィアン,牝5,52.0,横山琉人,1:09.1,1.1/4,16.1,6.0,434(+8),[西] 松下武士,202202010412
7,8,9,ベストチャーム,牝6,53.0,角田大和,1:09.2,3/4,22.0,7.0,432(+8),[西] 松下武士,202202010412
8,5,5,ソリッドグロウ,牝3,52.0,池添謙一,1:09.3,3/4,6.2,3.0,448(+4),[東] 池上昌和,202202010412
9,3,3,スリーマイトコーズ,牝4,55.0,丸山元気,1:09.6,1.1/2,42.1,8.0,454(+4),[東] 田中剛,202202010412
10,6,6,ルワンジュ,牡3,54.0,勝浦正樹,1:10.1,3.1/2,105.6,9.0,482(+4),[東] 上原博之,202202010412
1,3,3,ミシェラドラータ,牡2,54.0,鮫島克駿,1:10.4,,4.8,2.0,478(0),[西] 清水久詞,202202010501
2,7,10,ベベ,牡2,54.0,勝浦正樹,1:10.5,1,97.0,10.0,480(0),[東] 武市康男,202202010501
3,8,12,トラネスハープ,牝2,54.0,横山武史,1:10.6,クビ,10.2,4.0,426(+4),[東] 武井亮,202202010501
4,6,7,コパカバーナビーチ,牝2,54.0,黛弘人,1:10.7,1/2,60.8,8.0,444(-2),[東] 中野栄治,202202010501
5,2,2,タリエシン,牡2,54.0,丸山元気,1:10.8,クビ,22.1,6.0,418(+2),[東] 金成貴史,202202010501
6,4,4,ツキガミ,牡2,51.0,横山琉人,1:11.0,1.1/2,60.9,9.0,420(+10),[西] 川村禎彦,202202010501
7,8,11,マニバドラ,牡2,54.0,武豊,1:11.1,クビ,1.9,1.0,494(+4),[西] 森秀行,202202010501
8,7,9,ベルサーナ,牝2,54.0,吉田隼人,1:11.3,1.1/2,14.9,5.0,474(+8),[東] 高橋裕,202202010501
9,5,5,クリノゴッホ,牡2,54.0,丹内祐次,1:11.8,3,58.1,7.0,456(-4),[東] 岩戸孝樹,202202010501
10,1,1,スナークメモリー,牝2,51.0,小林凌大,1:11.8,クビ,154.2,11.0,418(+6),[西] 川村禎彦,202202010501
11,5,6,カマラードマリー,牝2,52.0,角田大和,1:12.5,4,5.1,3.0,456(+8),[東] 小笠倫弘,202202010501
12,6,8,ピアブルー,牝2,53.0,秋山稔樹,1:14.6,大,211.0,12.0,392(+6),[東] 浅野洋一,202202010501
1,5,5,メイショウタイゲイ,牡3,56.0,吉田隼人,1:45.8,,4.2,3.0,440(0),[西] 荒川義之,202202010502
2,4,4,シャンダス,牡3,56.0,丹内祐次,1:46.1,2,16.9,5.0,464(+2),[東] 杉浦宏昭,202202010502
3,8,8,アルマイメル,牡3,56.0,池添謙一,1:46.3,1.1/4,3.5,2.0,462(+4),[西] 武英智,202202010502
4,6,6,タマモケンタウルス,牡3,56.0,勝浦正樹,1:46.4,クビ,22.4,6.0,466(0),[東] 水野貴広,202202010502
5,1,1,エステラ,牡3,56.0,横山武史,1:46.8,2.1/2,1.9,1.0,494(-8),[東] 萩原清,202202010502
6,7,7,メイショウオオルリ,牝3,54.0,菱田裕二,1:47.2,2.1/2,11.9,4.0,466(0),[西] 高橋亮,202202010502
7,2,2,アイスキング,セ3,54.0,角田大和,1:47.6,2.1/2,63.6,7.0,456(0),[西] 高柳大輔,202202010502
8,3,3,クルベリ,セ3,53.0,横山琉人,1:47.9,1.3/4,99.5,8.0,508(-4),[東] 手塚貴久,202202010502
1,2,3,ネイキッドハート,牝3,54.0,吉田隼人,1:09.5,,14.2,5.0,420(-4),[東] 辻哲英,202202010503
2,8,16,セイショウスマイル,牝3,54.0,丹内祐次,1:09.6,1/2,25.2,9.0,480(+6),[東] 本間忍,202202010503
3,6,12,ルナエルモッサ,牝3,53.0,秋山稔樹,1:09.6,ハナ,20.3,8.0,418(-6),[東] 栗田徹,202202010503
4,2,4,バオバブスピリット,牝3,54.0,斎藤新,1:09.8,1.1/4,18.5,7.0,436(-4),[東] 斎藤誠,202202010503
5,1,2,フーレイ,牝3,54.0,鮫島克駿,1:09.8,クビ,7.6,4.0,440(0),[西] 新谷功一,202202010503
6,5,10,ピースキーパー,牝3,54.0,浜中俊,1:09.8,アタマ,2.6,1.0,438(+4),[西] 奥村豊,202202010503
7,4,7,レッドベスティア,牡3,56.0,横山和生,1:10.0,1.1/4,5.5,3.0,440(+4),[西] 昆貢,202202010503
8,6,11,デルマカミーラ,牝3,54.0,荻野琢真,1:10.0,アタマ,4.9,2.0,486(+6),[西] 牧田和弥,202202010503
9,5,9,マコトカラカシワ,牝3,54.0,勝浦正樹,1:10.2,1.1/4,125.8,13.0,438(+6),[西] 鮫島一歩,202202010503
10,7,14,ダイメイミライ,牡3,52.0,古川奈穂,1:10.2,クビ,43.5,11.0,472(+2),[東] 中野栄治,202202010503
11,3,5,キタノラズベリ,牝3,51.0,小林凌大,1:10.5,1.3/4,179.1,15.0,436(-2),[東] 土田稔,202202010503
12,4,8,ゼフィアス,牝3,51.0,大久保友,1:10.6,クビ,222.3,16.0,430(+34),[西] 小林真也,202202010503
13,3,6,ザナイトカフェ,牡3,56.0,黛弘人,1:10.9,2,153.1,14.0,474(0),[東] 宗像義忠,202202010503
14,1,1,ルージュブラゾン,牝3,54.0,岩田康誠,1:11.0,クビ,16.6,6.0,466(-4),[東] 小島茂之,202202010503
15,8,15,ジュエルシティー,牝3,54.0,古川吉洋,1:11.3,2,38.9,10.0,440(+12),[西] 松永昌博,202202010503
16,7,13,スリーエクセレント,牡3,56.0,菱田裕二,1:12.3,6,93.4,12.0,486(-4),[西] 藤岡健一,202202010503
1,6,6,ミアステラ,牡3,56.0,古川吉洋,2:33.4,,3.3,1.0,494(0),[西] 大根田裕,202202010504
2,8,8,ワンダフルヘヴン,牝3,54.0,吉田隼人,2:33.5,アタマ,8.8,6.0,490(+2),[東] 久保田貴,202202010504
3,5,5,バレストラ,牝3,50.0,古川奈穂,2:34.2,4,5.0,3.0,466(-8),[西] 矢作芳人,202202010504
4,1,1,フジフォンテ,牡3,56.0,丹内祐次,2:34.2,アタマ,8.1,5.0,454(+2),[東] 尾形和幸,202202010504
5,4,4,アスリエル,牡3,56.0,岩田康誠,2:35.2,6,5.1,4.0,454(-4),[東] 奥村武,202202010504
6,8,9,サンウエストウッド,牡3,56.0,菱田裕二,2:35.8,3.1/2,4.3,2.0,506(+10),[西] 谷潔,202202010504
7,2,2,メイショウヒシャ,牡3,55.0,泉谷楓真,2:36.9,7,22.5,7.0,526(+2),[西] 荒川義之,202202010504
8,7,7,モーゲン,牡3,56.0,横山和生,2:37.7,5,63.2,9.0,442(-4),[西] 浜田多実,202202010504
9,3,3,ヴィオレントアズル,牡3,53.0,横山琉人,2:38.0,1.3/4,37.8,8.0,414(+2),[東] 加藤和宏,202202010504
1,7,7,フミサウンド,牡2,54.0,武豊,1:10.1,,2.8,2.0,424(0),[東] 鹿戸雄一,202202010505
2,6,6,イコサン,牡2,54.0,池添謙一,1:10.1,ハナ,1.8,1.0,456(0),[西] 長谷川浩,202202010505
3,5,5,ベッラフロー,牝2,54.0,黛弘人,1:10.9,5,20.1,4.0,444(0),[東] 加藤和宏,202202010505
4,4,4,スノーパトロール,牝2,54.0,横山武史,1:11.0,1/2,7.3,3.0,480(0),[東] 上原博之,202202010505
5,8,8,ホーリーホック,牝2,54.0,丸山元気,1:11.7,4,25.6,5.0,466(0),[東] 大江原哲,202202010505
6,3,3,タガノマカロン,牝2,54.0,丹内祐次,1:12.1,2.1/2,30.8,6.0,428(0),[西] 藤沢則雄,202202010505
7,2,2,ビービータンバム,牡2,54.0,松田大作,1:12.6,3,85.9,8.0,436(0),[西] 千田輝彦,202202010505
8,1,1,サノノビスケッツ,牡2,53.0,秋山稔樹,1:13.4,5,59.6,7.0,438(0),[東] 蛯名利弘,202202010505
1,6,7,ブローザホーン,牡3,56.0,横山武史,2:02.5,,5.8,3.0,426(+2),[東] 中野栄治,202202010506
2,7,9,ベアーザベル,牝3,54.0,岩田康誠,2:02.6,3/4,5.1,2.0,436(0),[西] 渡辺薫彦,202202010506
3,1,1,ホーリーウェル,牝3,51.0,西塚洸二,2:02.8,3/4,31.2,10.0,400(0),[西] 藤原英昭,202202010506
4,7,10,ジェンヌ,牝3,54.0,吉田隼人,2:02.9,1/2,7.7,4.0,420(0),[西] 安達昭夫,202202010506
5,5,6,メイショウホーコン,牡3,56.0,池添謙一,2:02.9,クビ,12.6,7.0,474(-12),[西] 池添兼雄,202202010506
6,6,8,ヴァンデスト,牝3,54.0,丹内祐次,2:02.9,アタマ,10.8,5.0,394(+2),[東] 松山将樹,202202010506
7,8,12,ララアンセストラル,牡3,56.0,鮫島克駿,2:03.0,クビ,15.2,8.0,470(0),[西] 松下武士,202202010506
8,3,3,ラエール,牝3,51.0,横山琉人,2:03.0,ハナ,11.0,6.0,408(-4),[西] 平田修,202202010506
9,8,11,アクロビンジャー,牡3,56.0,武豊,2:03.0,クビ,3.1,1.0,460(+8),[東] 戸田博文,202202010506
10,4,4,ホヲユイットウ,牝3,54.0,菱田裕二,2:03.3,1.1/2,36.4,11.0,416(-2),[東] 和田勇介,202202010506
11,5,5,ムガ,牝3,54.0,古川吉洋,2:03.3,クビ,21.5,9.0,458(+8),[西] 大根田裕,202202010506
12,2,2,ビービーアルカイコ,牡3,56.0,松田大作,2:04.1,5,177.3,12.0,470(+10),[西] 野中賢二,202202010506
1,5,5,メッザノッテ,牝4,55.0,岩田康誠,1:44.6,,10.8,6.0,466(-2),[西] 寺島良,202202010507
2,8,12,リキサンハート,牝4,55.0,菱田裕二,1:45.1,3,3.4,1.0,496(+4),[東] 奥平雅士,202202010507
3,1,1,センタースリール,牝3,52.0,丹内祐次,1:45.2,1/2,8.9,5.0,466(+2),[東] 本間忍,202202010507
4,8,11,エアーレジーナ,牝4,55.0,黛弘人,1:45.2,クビ,64.6,11.0,492(-8),[東] 和田雄二,202202010507
5,5,6,マリノプリエール,牝3,49.0,横山琉人,1:45.2,クビ,7.5,3.0,454(-4),[東] 伊藤圭三,202202010507
6,6,8,アポロリリー,牝5,52.0,小林凌大,1:45.5,2,16.7,8.0,408(-6),[東] 鈴木伸尋,202202010507
7,2,2,マダムシュシュ,牝4,54.0,秋山稔樹,1:45.6,アタマ,10.8,7.0,480(+6),[東] 田村康仁,202202010507
8,3,3,ユキノプリンセス,牝3,50.0,角田大和,1:45.6,クビ,7.9,4.0,470(+2),[西] 南井克巳,202202010507
9,6,7,アレマーナ,牝3,52.0,鮫島克駿,1:45.8,1.1/4,4.1,2.0,474(+4),[西] 松下武士,202202010507
10,7,9,キュン,牝4,55.0,浜中俊,1:46.4,3.1/2,22.6,9.0,456(0),[東] 戸田博文,202202010507
11,4,4,ジョブックルーチェ,牝4,53.0,山田敬士,1:46.7,1.3/4,181.7,12.0,462(-10),[東] 小桧山悟,202202010507
12,7,10,ジョリーブレス,牝4,54.0,泉谷楓真,1:47.1,2.1/2,25.1,10.0,450(-6),[西] 奥村豊,202202010507
1,2,2,ユキノフラッシュ,牡4,57.0,菱田裕二,1:09.9,,10.8,6.0,490(+8),[西] 牧田和弥,202202010508
2,8,11,ユキヤナギ,牝3,52.0,勝浦正樹,1:10.0,3/4,93.4,12.0,444(+4),[東] 的場均,202202010508
3,1,1,メイケイバートン,牡3,52.0,角田大和,1:10.0,ハナ,3.4,1.0,456(0),[西] 中竹和也,202202010508
4,6,7,タッカーシルバー,牝3,49.0,小林凌大,1:10.0,アタマ,5.8,3.0,452(+2),[東] 鈴木伸尋,202202010508
5,7,10,シゲルチキュウ,セ5,54.0,横山琉人,1:10.1,1/2,30.9,9.0,472(-2),[東] 伊藤圭三,202202010508
6,6,8,タガノスペルノヴァ,牡4,57.0,鮫島克駿,1:10.1,クビ,9.6,5.0,428(0),[西] 川村禎彦,202202010508
7,8,12,ベストチャーム,牝6,55.0,岩田康誠,1:10.2,1/2,42.1,10.0,430(-2),[西] 松下武士,202202010508
8,3,3,グランデ,牡3,54.0,松田大作,1:10.3,1/2,8.1,4.0,472(0),[西] 吉田直弘,202202010508
9,4,4,ホウオウジュレップ,牝4,55.0,丹内祐次,1:10.3,ハナ,83.2,11.0,416(+4),[東] 牧光二,202202010508
10,7,9,メイショウフンケイ,牡4,57.0,池添謙一,1:10.4,クビ,11.8,7.0,524(+2),[西] 池添兼雄,202202010508
11,5,5,クインズムーン,牝4,55.0,横山武史,1:10.5,1/2,28.4,8.0,466(-6),[東] 中川公成,202202010508
12,5,6,トータルリコール,牡3,51.0,西塚洸二,1:10.5,クビ,3.7,2.0,458(-4),[東] 鹿戸雄一,202202010508
1,5,7,ハーツラプソディ,牝4,55.0,荻野琢真,1:47.9,,13.9,6.0,496(-6),[西] 今野貞一,202202010509
2,4,5,ダイム,牝3,52.0,横山和生,1:48.1,3/4,2.1,1.0,440(+2),[西] 昆貢,202202010509
3,5,8,ハイエログリフ,牝4,55.0,浜中俊,1:48.2,3/4,22.4,9.0,442(0),[西] 田中克典,202202010509
4,7,11,ホウオウプリンセス,牝6,55.0,吉田隼人,1:48.3,1/2,22.2,8.0,460(+10),[西] 吉岡辰弥,202202010509
5,1,1,デルマアシュラ,牡4,57.0,丸山元気,1:48.3,クビ,10.0,4.0,420(0),[西] 友道康夫,202202010509
6,3,4,モチベーション,牝3,52.0,菱田裕二,1:48.4,クビ,5.1,2.0,434(0),[東] 清水英克,202202010509
7,6,9,ヒドゥンキング,牡3,54.0,横山琉人,1:48.4,クビ,62.3,11.0,450(-4),[東] 伊藤大士,202202010509
8,6,10,グーデンドラーク,牡3,54.0,武豊,1:48.7,1.3/4,8.7,3.0,534(+22),[西] 池添学,202202010509
9,2,2,キュンストラー,牝4,55.0,斎藤新,1:49.0,1.1/2,105.3,13.0,414(+6),[東] 松永康利,202202010509
10,3,3,マイネルデステリョ,牡5,57.0,丹内祐次,1:49.0,ハナ,19.3,7.0,456(+2),[東] 畠山吉宏,202202010509
11,8,14,ファインバーグ,牡3,54.0,池添謙一,1:49.0,クビ,10.7,5.0,496(+2),[西] 清水久詞,202202010509
12,4,6,ウインアステロイド,牡5,57.0,黛弘人,1:49.1,1/2,88.5,12.0,466(+2),[東] 和田正一,202202010509
13,7,12,タケルジャック,牡4,57.0,山田敬士,1:49.2,1/2,271.2,14.0,474(+4),[東] 小桧山悟,202202010509
14,8,13,フラリオナ,牝4,55.0,松田大作,1:49.4,1.1/2,27.5,10.0,426(+16),[西] 平田修,202202010509
1,3,3,ビジン,牝3,52.0,池添謙一,1:44.3,,2.6,1.0,462(-2),[西] 武英智,202202010510
2,8,10,リファインドマナー,牝4,55.0,川又賢治,1:44.6,1.3/4,6.3,4.0,450(-8),[西] 杉山佳明,202202010510
3,8,9,メイショウイッコン,牝4,55.0,菱田裕二,1:44.8,1.1/4,3.4,2.0,472(+10),[西] 高橋亮,202202010510
4,7,7,ダイナストーン,牝4,55.0,武豊,1:44.8,ハナ,5.4,3.0,534(-4),[東] 蛯名正義,202202010510
5,4,4,タイトロープウィン,牝6,55.0,勝浦正樹,1:44.9,1/2,27.8,7.0,450(+2),[東] 村田一誠,202202010510
6,1,1,サンキーウエスト,牝5,55.0,浜中俊,1:45.4,3,11.8,5.0,456(+6),[東] 萱野浩二,202202010510
7,5,5,ペイルライダー,牝4,55.0,岩田康誠,1:45.4,ハナ,39.4,8.0,482(-4),[西] 角田晃一,202202010510
8,2,2,メイショウハナモモ,牝4,55.0,古川吉洋,1:45.9,3,45.2,9.0,470(+2),[西] 松永昌博,202202010510
9,7,8,アルヴェント,牝5,55.0,柴山雄一,1:46.0,クビ,75.0,10.0,500(+4),[東] 伊坂重信,202202010510
10,6,6,エイカイステラ,牝4,55.0,松田大作,1:47.6,10,14.7,6.0,452(-8),[西] 藤原英昭,202202010510
1,7,14,ヴァトレニ,セ4,56.0,横山武史,1:08.6,,7.4,3.0,440(0),[西] 長谷川浩,202202010511
2,8,15,ジュビリーヘッド,牡5,57.0,横山和生,1:08.9,1.3/4,3.6,1.0,472(-8),[西] 安田隆行,202202010511
3,8,16,マイネルジェロディ,牡4,56.0,丹内祐次,1:09.0,クビ,7.7,4.0,468(-2),[西] 西園正都,202202010511
4,7,13,リンゴアメ,牝4,54.0,泉谷楓真,1:09.0,クビ,30.2,9.0,450(0),[東] 菊川正達,202202010511
5,3,5,ダイメイフジ,牡8,58.0,池添謙一,1:09.2,1.1/2,45.4,13.0,528(-4),[西] 森田直行,202202010511
6,2,3,チェアリングソング,牡5,56.0,黛弘人,1:09.3,クビ,33.0,10.0,474(0),[東] 青木孝文,202202010511
7,4,7,グルーヴィット,牡6,57.0,藤岡佑介,1:09.3,ハナ,11.9,6.0,488(-6),[西] 松永幹夫,202202010511
8,1,2,マイネルアルケミー,牡6,56.0,斎藤新,1:09.3,アタマ,70.9,14.0,482(+6),[東] 中野栄治,202202010511
9,6,12,シーズンズギフト,牝5,54.0,丸山元気,1:09.4,クビ,39.9,12.0,494(-4),[東] 黒岩陽一,202202010511
10,5,10,コロラトゥーレ,牝8,54.0,荻野琢真,1:09.5,1/2,195.4,16.0,476(0),[西] 梅田智之,202202010511
11,1,1,ショウナンアニメ,牡5,56.0,浜中俊,1:09.6,クビ,39.6,11.0,500(+4),[西] 吉村圭司,202202010511
12,5,9,プルパレイ,牡3,53.0,武豊,1:09.8,1.1/2,3.8,2.0,484(-6),[西] 須貝尚介,202202010511
13,6,11,タイセイアベニール,牡7,57.0,鮫島克駿,1:10.0,1.1/4,9.3,5.0,490(+2),[西] 西村真幸,202202010511
14,2,4,ペプチドバンブー,牡7,57.0,松田大作,1:10.1,1/2,82.1,15.0,498(-8),[西] 武英智,202202010511
中,3,6,ローレルアイリス,牝5,54.0,川又賢治,,,24.0,8.0,446(+2),[西] 杉山佳明,202202010511
中,4,8,トップオブメジャー,牡6,56.0,吉田隼人,,,18.4,7.0,496(+2),[西] 辻野泰之,202202010511
1,6,7,ポメラート,牝3,49.0,横山琉人,0:58.6,,3.5,1.0,480(-2),[西] 茶木太樹,202202010512
2,5,5,ユスティニアン,牡4,57.0,黛弘人,0:58.7,1/2,4.2,2.0,432(-2),[西] 新谷功一,202202010512
3,7,9,エバニスタ,牡3,52.0,角田大和,0:58.7,ハナ,4.4,3.0,480(-4),[西] 角田晃一,202202010512
4,6,8,トランペットシェル,セ5,54.0,西塚洸二,0:58.8,1,34.3,9.0,494(-12),[東] 大江原哲,202202010512
5,8,12,チアフルローズ,牝6,55.0,勝浦正樹,0:58.8,アタマ,30.5,7.0,488(-6),[東] 水野貴広,202202010512
6,8,11,ボルタドマール,牡3,53.0,秋山稔樹,0:59.2,2,5.1,4.0,508(-8),[東] 黒岩陽一,202202010512
7,5,6,ヤマイチエスポ,牝3,52.0,古川吉洋,0:59.2,アタマ,58.6,10.0,470(-4),[西] 中尾秀正,202202010512
8,3,3,マキアージュ,牝3,52.0,丹内祐次,0:59.3,1/2,7.1,5.0,458(0),[東] 菊川正達,202202010512
9,7,10,ドナテッラ,牝4,55.0,菱田裕二,1:00.2,5,71.6,11.0,474(+2),[東] 加藤征弘,202202010512
10,4,4,ラージベル,牝3,50.0,山田敬士,1:00.2,ハナ,32.5,8.0,468(+6),[東] 松永康利,202202010512
11,1,1,メイム,牝4,55.0,柴山雄一,1:00.7,3,190.4,12.0,398(-18),[東] 小桧山悟,202202010512
12,2,2,モモサン,牝3,49.0,小林凌大,1:01.3,3.1/2,25.6,6.0,498(+6),[東] 伊藤圭三,202202010512
1,6,12,ヒルノローザンヌ,牝3,53.0,泉谷楓真,1:09.5,,12.4,6.0,480(+16),[西] 西村真幸,202202010601
2,4,8,オマツサマ,牝3,54.0,藤岡佑介,1:10.0,3,5.2,3.0,480(+4),[西] 藤岡健一,202202010601
3,6,11,ワンリオン,牡3,53.0,横山琉人,1:10.1,3/4,7.1,4.0,490(+8),[西] 牧浦充徳,202202010601
4,8,16,ベルウッドツクバ,牡3,56.0,丸山元気,1:10.2,クビ,4.8,2.0,474(+12),[東] 伊藤大士,202202010601
5,3,6,ハッピーノリクン,牡3,53.0,小林凌大,1:10.2,クビ,51.3,10.0,436(+6),[東] 鈴木伸尋,202202010601
6,2,3,キューランブラー,牝3,54.0,斎藤新,1:10.3,クビ,23.6,8.0,442(-2),[西] 牧田和弥,202202010601
7,5,10,ラミアヴィータ,牝3,54.0,柴山雄一,1:10.5,1.1/4,3.5,1.0,444(-4),[西] 昆貢,202202010601
8,2,4,ミスピュアハート,牝3,54.0,浜中俊,1:10.5,クビ,34.8,9.0,430(0),[西] 大久保龍,202202010601
9,8,15,シウン,牝3,54.0,松田大作,1:10.6,クビ,67.8,12.0,456(0),[西] 須貝尚介,202202010601
10,7,14,アルコローザ,牝3,54.0,鮫島克駿,1:10.6,クビ,52.8,11.0,446(0),[西] 佐々木晶,202202010601
11,1,1,ステラフィオーレ,牝3,52.0,角田大和,1:10.6,ハナ,103.8,13.0,460(+10),[西] 松永幹夫,202202010601
12,4,7,ショウナンラブリー,牝3,54.0,岩田康誠,1:10.9,1.3/4,7.3,5.0,420(+8),[東] 稲垣幸雄,202202010601
13,3,5,ヘクトゴン,牡3,56.0,古川吉洋,1:11.0,1,228.5,16.0,420(0),[西] 木原一良,202202010601
14,5,9,ラブストーリー,牝3,54.0,菱田裕二,1:11.1,クビ,118.7,14.0,440(+4),[東] 高橋文雅,202202010601
15,7,13,ナザレ,牝3,53.0,秋山稔樹,1:11.3,1.1/4,130.6,15.0,450(+2),[東] 武井亮,202202010601
16,1,2,ミッキージェンヌ,牝3,54.0,丹内祐次,1:11.4,1/2,16.9,7.0,436(0),[東] 菊沢隆徳,202202010601
1,7,10,ヴァルドマルヌ,牝3,51.0,横山琉人,1:47.0,,11.3,7.0,412(0),[東] 大和田成,202202010602
2,2,2,フォンメイリー,牝3,54.0,斎藤新,1:47.2,3/4,9.7,5.0,470(+6),[西] 四位洋文,202202010602
3,4,4,ベガスバケーション,牝3,54.0,丹内祐次,1:47.3,3/4,25.9,9.0,430(0),[東] 矢野英一,202202010602
4,8,12,ベルアクトリス,牝3,50.0,古川奈穂,1:47.5,1.1/4,11.2,6.0,450(-10),[西] 杉山晴紀,202202010602
5,7,9,エピファニアペスカ,牝3,54.0,藤岡佑介,1:47.9,2.1/2,4.3,2.0,476(+10),[西] 松永昌博,202202010602
6,1,1,ケデシュ,牝3,54.0,松田大作,1:48.3,2.1/2,6.0,3.0,478(+10),[西] 上村洋行,202202010602
7,8,11,ドレミフォン,牝3,52.0,角田大和,1:48.5,3/4,62.5,10.0,444(-8),[東] 手塚貴久,202202010602
8,6,7,ラブミーディザイア,牝3,54.0,菱田裕二,1:49.2,4,3.1,1.0,476(-2),[東] 和田勇介,202202010602
9,3,3,コスモパンドラ,牝3,51.0,小林凌大,1:49.6,2.1/2,16.7,8.0,448(-4),[東] 粕谷昌央,202202010602
10,5,5,ビューティフルラブ,牝3,53.0,秋山稔樹,1:49.6,ハナ,7.7,4.0,426(-2),[西] 高橋義忠,202202010602
11,6,8,ヴェロニカマジック,牝3,53.0,泉谷楓真,1:53.5,大,134.8,11.0,456(0),[東] 稲垣幸雄,202202010602
12,5,6,スマイリールリカ,牝3,51.0,西塚洸二,2:00.6,大,150.6,12.0,478(+2),[東] 鹿戸雄一,202202010602
1,5,6,マーブルケイケー,牝3,54.0,藤岡佑介,0:59.0,,3.2,2.0,484(+4),[西] 茶木太樹,202202010603
2,6,7,カルーナブルガリス,牝3,54.0,鮫島克駿,0:59.3,2,6.4,3.0,450(+6),[東] 伊藤圭三,202202010603
3,8,11,サリーチャン,牝3,53.0,秋山稔樹,0:59.7,2,45.1,8.0,444(0),[東] 石栗龍彦,202202010603
4,4,4,フェアリーランド,牝3,54.0,黛弘人,1:00.2,3,6.7,4.0,450(+4),[東] 加藤和宏,202202010603
5,7,10,イデアファイブ,牝3,51.0,横山琉人,1:00.3,1/2,78.5,11.0,418(+8),[東] 本間忍,202202010603
6,6,8,アフォガート,牡3,56.0,岩田康誠,1:00.4,1/2,65.8,10.0,472(-2),[東] 浅野洋一,202202010603
7,1,1,ウインオワーズ,牡3,56.0,石川裕紀,1:00.6,1.1/4,20.1,7.0,474(-2),[東] 高木登,202202010603
8,7,9,フロムドーヴィル,牝3,51.0,小林凌大,1:00.6,ハナ,10.0,5.0,444(+4),[東] 加藤士津,202202010603
9,5,5,カンタベリーホープ,牡3,56.0,勝浦正樹,1:00.7,1/2,49.7,9.0,448(+4),[東] 的場均,202202010603
10,2,2,テイエムシチーボー,牝3,52.0,山田敬士,1:00.8,3/4,133.9,12.0,454(+2),[東] 石栗龍彦,202202010603
11,3,3,モズフェニックス,牝3,54.0,菱田裕二,1:01.3,3,10.7,6.0,484(+2),[西] 森田直行,202202010603
12,8,12,トキメキナイト,牡3,56.0,丹内祐次,1:01.3,アタマ,3.1,1.0,476(+6),[東] 武藤善則,202202010603
1,6,11,マカンマカン,牡3,56.0,浜中俊,1:49.1,,3.1,1.0,466(0),[西] 音無秀孝,202202010604
2,3,5,シャノワール,牝3,54.0,丹内祐次,1:49.2,3/4,4.6,3.0,418(0),[東] 小手川準,202202010604
3,5,10,ミラモンテ,牝3,54.0,黛弘人,1:49.2,クビ,20.9,6.0,458(+12),[東] 岩戸孝樹,202202010604
4,4,7,ベッラアルバ,牝3,52.0,角田大和,1:49.3,1/2,3.3,2.0,458(+4),[西] 中竹和也,202202010604
5,2,3,キスアンドテル,牝3,54.0,丸山元気,1:49.5,1.1/4,6.9,4.0,492(+4),[東] 金成貴史,202202010604
6,6,12,マイネルユヌスール,牡3,56.0,菱田裕二,1:49.7,1,46.4,10.0,478(0),[西] 五十嵐忠,202202010604
7,2,4,ララサンシャイン,牝3,51.0,西塚洸二,1:49.7,クビ,126.2,12.0,408(-4),[西] 千田輝彦,202202010604
8,8,16,ルクスレジーナ,牝3,50.0,古川奈穂,1:49.8,1/2,40.9,8.0,462(+2),[西] 須貝尚介,202202010604
9,5,9,シードザブレイク,牡3,56.0,藤岡佑介,1:50.0,1.1/2,158.0,14.0,496(0),[西] 庄野靖志,202202010604
10,7,14,ジャジャカバージョ,牝3,54.0,鮫島克駿,1:50.3,1.1/2,46.9,11.0,454(-8),[西] 藤岡健一,202202010604
11,3,6,カルネドボヤージュ,牡3,55.0,泉谷楓真,1:50.6,1.3/4,34.8,7.0,512(+14),[西] 杉山晴紀,202202010604
12,1,1,スイートザーズ,牝3,53.0,秋山稔樹,1:50.9,2,324.1,16.0,432(0),[東] 石毛善彦,202202010604
13,8,15,メイショウトツカ,牡3,56.0,古川吉洋,1:50.9,ハナ,126.7,13.0,466(+10),[西] 松永幹夫,202202010604
14,7,13,フロックス,牝3,51.0,小林凌大,1:51.4,3,42.1,9.0,468(+2),[東] 松山将樹,202202010604
15,1,2,モズユウガ,牡3,56.0,荻野琢真,1:51.6,3/4,12.8,5.0,490(+6),[西] 大久保龍,202202010604
16,4,8,ライチトゥーム,牝3,54.0,勝浦正樹,1:53.5,大,181.9,15.0,412(0),[東] 伊坂重信,202202010604
1,2,2,カワキタマックス,牝2,51.0,横山琉人,1:11.7,,7.8,5.0,430(0),[西] 鈴木孝志,202202010605
2,1,1,ニシノピウモッソ,牡2,54.0,勝浦正樹,1:11.8,1/2,13.3,6.0,448(0),[東] 西田雄一,202202010605
3,7,7,オボロヅキヨ,牡2,54.0,松田大作,1:12.0,1.1/4,4.5,2.0,422(0),[西] 渡辺薫彦,202202010605
4,3,3,エターナルジェイド,牡2,54.0,丹内祐次,1:12.1,3/4,5.7,4.0,432(0),[東] 宗像義忠,202202010605
5,5,5,コズミックコール,牝2,54.0,菱田裕二,1:12.1,クビ,4.7,3.0,424(0),[東] 高柳瑞樹,202202010605
6,4,4,メイショウギシオー,牡2,54.0,丸山元気,1:12.2,1/2,2.9,1.0,514(0),[西] 池添兼雄,202202010605
7,6,6,フルコンタクト,牡2,52.0,角田大和,1:13.1,5,28.5,7.0,454(0),[西] 角田晃一,202202010605
8,8,8,ナブラチロワ,牝2,52.0,山田敬士,1:13.8,4,73.8,8.0,476(0),[東] 小桧山悟,202202010605
1,2,2,ハヤブサウィッシュ,牡3,56.0,浜中俊,1:46.2,,4.8,3.0,456(0),[西] 吉村圭司,202202010606
2,7,7,トーホウテンリュウ,牡3,56.0,菱田裕二,1:46.3,3/4,3.8,2.0,490(+12),[西] 石坂公一,202202010606
3,3,3,ウォータージオード,牡3,56.0,鮫島克駿,1:46.4,クビ,12.5,6.0,490(+4),[西] 岡田稲男,202202010606
4,8,8,ミルトイグニス,牡3,56.0,斎藤新,1:47.0,3.1/2,3.4,1.0,502(+2),[東] 武市康男,202202010606
5,8,9,ロードアライアンス,牡3,54.0,角田大和,1:48.0,6,10.4,5.0,426(+2),[西] 野中賢二,202202010606
6,4,4,シュガービート,牡3,55.0,秋山稔樹,1:48.1,クビ,12.9,7.0,452(+6),[東] 池上昌和,202202010606
7,6,6,フジシュウセツ,牡3,56.0,丹内祐次,1:48.3,1.1/4,35.4,9.0,516(+2),[東] 岩戸孝樹,202202010606
8,5,5,テンクウノツバサ,牡3,56.0,岩田康誠,1:48.7,2.1/2,5.8,4.0,480(-2),[東] 中舘英二,202202010606
9,1,1,ノアラヴィータ,牡3,53.0,横山琉人,1:55.1,大,24.9,8.0,520(+6),[西] 牧浦充徳,202202010606
1,1,1,ウインヴァカンス,牝4,53.0,角田大和,2:41.6,,9.0,4.0,460(-4),[西] 寺島良,202202010607
2,8,11,フィレンツェ,牡3,53.0,藤岡佑介,2:42.1,3.1/2,4.8,3.0,450(+4),[東] 加藤士津,202202010607
3,6,7,シングマイハート,牝4,55.0,岩田康誠,2:42.4,1.1/2,4.6,2.0,454(-10),[東] 尾関知人,202202010607
4,4,4,アイスジェイド,牡5,57.0,斎藤新,2:42.4,クビ,10.0,5.0,488(+4),[西] 牧田和弥,202202010607
5,2,2,タイラーテソーロ,牡3,53.0,鮫島克駿,2:42.6,1.1/4,2.5,1.0,474(+2),[東] 栗田徹,202202010607
6,6,8,クロスザルビコン,牡5,54.0,横山琉人,2:42.6,クビ,14.0,6.0,458(+6),[東] 大和田成,202202010607
7,7,9,デルマラッキーガイ,牡5,57.0,石川裕紀,2:42.7,1/2,14.9,7.0,482(+2),[東] 小手川準,202202010607
8,8,12,ホウオウニンジャ,牡3,53.0,丹内祐次,2:42.8,1/2,18.1,8.0,532(-4),[東] 大竹正博,202202010607
9,3,3,ザレストノーウェア,牡4,57.0,勝浦正樹,2:42.9,1/2,127.2,11.0,458(-2),[東] 新開幸一,202202010607
10,5,5,メイレンシュタイン,セ4,57.0,丸山元気,2:43.0,1/2,66.0,9.0,450(+2),[東] 勢司和浩,202202010607
11,7,10,チュウワエンジェル,牝4,55.0,荻野琢真,2:43.1,クビ,118.8,10.0,502(+12),[西] 大久保龍,202202010607
12,5,6,ランドリュウオー,牡6,57.0,菱田裕二,2:50.7,大,131.5,12.0,450(-6),[西] 安達昭夫,202202010607
1,6,7,アメリカンエール,牡4,57.0,菱田裕二,1:45.4,,24.8,9.0,502(+8),[東] 戸田博文,202202010608
2,2,2,バルムンク,牡3,54.0,鮫島克駿,1:45.5,3/4,5.4,2.0,512(+4),[西] 池添学,202202010608
3,8,12,ロードヴァレンチ,セ3,52.0,角田大和,1:45.5,ハナ,3.5,1.0,464(-4),[東] 中舘英二,202202010608
4,7,9,フェズカズマ,牡3,54.0,岩田康誠,1:45.7,1.1/4,8.0,5.0,478(+8),[西] 安田隆行,202202010608
5,6,8,フームスムート,牡5,57.0,丹内祐次,1:45.8,クビ,8.1,6.0,544(+18),[東] 水野貴広,202202010608
6,5,6,リアルシング,牡5,57.0,丸山元気,1:45.9,1/2,6.0,3.0,552(+4),[西] 池添兼雄,202202010608
7,5,5,クールライズ,牡3,51.0,小林凌大,1:47.9,大,7.2,4.0,472(+2),[東] 伊藤圭三,202202010608
8,8,11,プリファードラン,牝4,54.0,泉谷楓真,1:47.9,アタマ,208.4,12.0,436(+5),[西] 吉岡辰弥,202202010608
9,4,4,サンレブンワース,牡3,54.0,浜中俊,1:48.3,2.1/2,21.4,8.0,510(+4),[西] 長谷川浩,202202010608
10,3,3,デライトアゲン,牡3,51.0,西塚洸二,1:49.1,5,29.3,11.0,484(0),[東] 岩戸孝樹,202202010608
11,1,1,ゲットアップ,セ4,57.0,松田大作,1:49.7,3.1/2,14.6,7.0,478(0),[東] 牧光二,202202010608
12,7,10,サイモンルグラン,牡5,57.0,藤岡佑介,1:50.4,4,25.6,10.0,498(-2),[東] 勢司和浩,202202010608
1,7,10,ビューティーウェイ,牝4,55.0,松田大作,2:01.3,,10.0,6.0,432(+6),[西] 須貝尚介,202202010609
2,5,5,スズカノロッソ,セ7,57.0,丹内祐次,2:01.3,クビ,8.9,5.0,484(-6),[東] 小島茂之,202202010609
3,4,4,カフジアスール,牡4,57.0,角田大和,2:01.4,3/4,5.9,4.0,476(+2),[西] 中竹和也,202202010609
4,7,9,ポールトゥウィン,牡5,57.0,石川裕紀,2:01.7,1.1/2,15.2,8.0,520(+6),[西] 田中克典,202202010609
5,8,11,リンフレスカンテ,牡4,57.0,岩田康誠,2:01.7,クビ,5.5,3.0,444(+2),[西] 宮本博,202202010609
6,3,3,メタルスパーク,セ5,57.0,柴山雄一,2:01.9,1.1/4,28.5,10.0,490(-2),[東] 菊川正達,202202010609
7,8,12,マジカルステージ,牝4,55.0,丸山元気,2:02.3,2.1/2,4.5,1.0,440(+10),[西] 須貝尚介,202202010609
8,5,6,インペリアルフィズ,牡8,57.0,古川吉洋,2:02.4,3/4,80.4,12.0,480(+10),[東] 和田勇介,202202010609
9,2,2,シュバルツボンバー,セ7,57.0,菱田裕二,2:02.8,2.1/2,45.8,11.0,500(-26),[西] 藤沢則雄,202202010609
10,6,8,プレミアエンブレム,牝4,55.0,浜中俊,2:02.8,ハナ,4.6,2.0,474(0),[東] 田村康仁,202202010609
11,1,1,ウインアルカンナ,牝5,55.0,横山琉人,2:03.1,1.3/4,22.0,9.0,480(+4),[東] 武市康男,202202010609
12,6,7,サウンドレベッカ,牝5,55.0,鮫島克駿,2:03.6,3,13.4,7.0,468(-2),[西] 安達昭夫,202202010609
1,7,13,グランアリエル,牡3,53.0,角田大和,1:08.9,,5.5,2.0,474(0),[東] 小野次郎,202202010610
2,1,1,ソウテン,牡3,53.0,藤岡佑介,1:08.9,アタマ,4.0,1.0,498(+2),[東] 加藤征弘,202202010610
3,3,4,アスクキングコング,セ4,55.0,浜中俊,1:09.0,アタマ,6.3,4.0,440(-2),[西] 梅田智之,202202010610
4,2,2,アセンダント,牝6,52.0,丹内祐次,1:09.1,3/4,22.8,9.0,464(-2),[東] 田島俊明,202202010610
5,2,3,クムシラコ,牡4,54.0,勝浦正樹,1:09.1,クビ,22.5,8.0,462(-2),[東] 石毛善彦,202202010610
6,4,6,ヤマニンルリュール,牝4,53.0,鮫島克駿,1:09.3,1.1/4,5.7,3.0,478(+2),[西] 木原一良,202202010610
7,5,8,スマートルシーダ,牡4,55.0,泉谷楓真,1:09.3,アタマ,16.0,7.0,470(0),[西] 音無秀孝,202202010610
8,3,5,デルマカンノン,牝4,53.0,斎藤新,1:09.4,クビ,39.9,13.0,452(+2),[西] 五十嵐忠,202202010610
9,7,12,ニシノレバンテ,牡3,53.0,石川裕紀,1:09.4,クビ,8.2,5.0,494(+2),[東] 栗田徹,202202010610
10,8,15,ペドラフォルカ,牝4,52.0,古川吉洋,1:09.4,クビ,31.8,11.0,462(0),[西] 上村洋行,202202010610
11,6,11,アルムブラスト,セ5,55.0,丸山元気,1:09.5,1/2,39.8,12.0,518(-2),[東] 高橋文雅,202202010610
12,6,10,ジャガード,牡4,54.0,黛弘人,1:09.6,1/2,103.4,15.0,428(+6),[東] 和田雄二,202202010610
13,8,14,グラウクス,セ6,55.0,秋山稔樹,1:09.6,ハナ,30.0,10.0,500(0),[西] 西園正都,202202010610
14,5,9,ヴィアドロローサ,牡3,53.0,菱田裕二,1:09.6,ハナ,12.4,6.0,448(-2),[西] 安田隆行,202202010610
15,4,7,シセイタイガ,牡6,54.0,岩田康誠,1:09.9,2,61.0,14.0,466(-6),[東] 高橋文雅,202202010610
1,3,3,アイオライト,牡5,57.0,菱田裕二,1:43.7,,12.6,7.0,484(0),[東] 武藤善則,202202010611
2,6,6,ロッシュローブ,牡5,56.0,浜中俊,1:43.8,3/4,14.1,8.0,504(-2),[西] 田中克典,202202010611
3,7,7,ロードエクレール,牡4,56.0,石川裕紀,1:44.1,2,4.6,2.0,482(+12),[東] 斎藤誠,202202010611
4,5,5,ブラックアーメット,牡4,56.0,藤岡佑介,1:44.3,1.1/4,3.2,1.0,508(+2),[西] 角田晃一,202202010611
5,1,1,ショーム,牡7,57.0,松田大作,1:44.7,2.1/2,25.1,9.0,504(-2),[東] 鈴木伸尋,202202010611
6,8,10,ダンツキャッスル,牡6,57.0,鮫島克駿,1:44.7,ハナ,7.6,4.0,486(+6),[西] 谷潔,202202010611
7,7,8,スマッシャー,牡4,56.0,岩田康誠,1:45.0,1.3/4,9.5,6.0,480(-4),[西] 吉岡辰弥,202202010611
8,4,4,フルデプスリーダー,牡5,56.0,斎藤新,1:45.1,1/2,7.5,3.0,494(0),[東] 斎藤誠,202202010611
9,8,9,ヴァニラアイス,牝6,54.0,丹内祐次,1:45.3,1.1/4,7.6,5.0,460(-6),[西] 高柳大輔,202202010611
10,2,2,クロパラントゥ,セ4,56.0,古川吉洋,1:46.0,4,25.4,10.0,508(-10),[東] 蛯名正義,202202010611
1,4,4,タツリュウオー,牝4,53.0,山田敬士,1:09.5,,30.9,9.0,462(+6),[西] 加用正,202202010612
2,3,3,グレイトミッション,牝4,55.0,丹内祐次,1:09.5,クビ,26.6,7.0,464(+2),[東] 菊川正達,202202010612
3,5,6,アヴァノス,セ4,57.0,丸山元気,1:09.6,1/2,28.3,8.0,458(+2),[東] 和田正一,202202010612
4,5,7,バンデルオーラ,牡3,54.0,浜中俊,1:09.6,ハナ,1.6,1.0,484(+4),[西] 牧浦充徳,202202010612
5,6,8,デフィデリ,牡3,54.0,勝浦正樹,1:09.7,3/4,58.3,11.0,458(-2),[東] 南田美知,202202010612
6,4,5,エスオーライアン,牡3,54.0,鮫島克駿,1:09.9,1.1/4,6.1,2.0,432(+2),[西] 木原一良,202202010612
7,7,11,ピュリフィアン,牝5,52.0,横山琉人,1:10.0,1/2,24.8,6.0,432(-2),[西] 松下武士,202202010612
8,7,10,ゼンダンピューマ,セ4,54.0,西塚洸二,1:10.0,アタマ,120.0,12.0,468(-2),[東] 村田一誠,202202010612
9,8,13,スカイトレイル,牝3,50.0,角田大和,1:10.1,クビ,6.5,3.0,462(+4),[西] 西村真幸,202202010612
10,8,12,クローリスノキセキ,牝4,52.0,小林凌大,1:10.2,1/2,14.4,4.0,446(-4),[東] 西田雄一,202202010612
11,6,9,ルワンジュ,牡3,50.0,古川奈穂,1:10.7,3,150.2,13.0,484(+2),[東] 上原博之,202202010612
12,2,2,ナムラデイリリー,牝3,51.0,泉谷楓真,1:11.0,2,53.2,10.0,474(+4),[西] 大橋勇樹,202202010612
13,1,1,ケヴィンズクロス,牡4,57.0,黛弘人,1:11.4,2.1/2,18.8,5.0,508(+2),[東] 菊沢隆徳,202202010612
1,6,6,ミスヨコハマ,牝2,54.0,斎藤新,1:11.1,,2.3,2.0,460(0),[東] 斎藤誠,202202010701
2,4,4,ブルジュドバイ,牝2,54.0,武豊,1:11.1,クビ,1.8,1.0,456(-4),[西] 森秀行,202202010701
3,2,2,コスモレンブランサ,牝2,54.0,丹内祐次,1:12.3,7,11.1,4.0,406(+2),[東] 武藤善則,202202010701
4,3,3,クニ,牝2,52.0,山田敬士,1:12.4,1/2,74.4,5.0,414(-6),[東] 小桧山悟,202202010701
5,5,5,スナークメモリー,牝2,51.0,小林凌大,1:12.7,2,74.5,6.0,410(-8),[西] 川村禎彦,202202010701
6,1,1,シュガーベイビー,牝2,54.0,菱田裕二,1:13.9,7,10.5,3.0,436(-6),[西] 新谷功一,202202010701
1,1,1,タロファイター,牡3,56.0,吉田隼人,1:45.3,,1.6,1.0,452(-4),[西] 中尾秀正,202202010702
2,8,14,ワンダフルヘヴン,牝3,54.0,菱田裕二,1:45.4,1/2,6.8,3.0,490(0),[東] 久保田貴,202202010702
3,3,4,ヤマニンクイッカー,牡3,56.0,柴山雄一,1:45.4,ハナ,7.6,4.0,458(+6),[東] 田島俊明,202202010702
4,5,8,ホウオウベリテ,牡3,56.0,横山和生,1:46.3,5,5.0,2.0,450(-4),[東] 高木登,202202010702
5,2,2,オフショアガール,牝3,54.0,川島信二,1:46.9,3.1/2,274.2,12.0,432(-4),[西] 宮本博,202202010702
6,6,9,ルージュブラゾン,牝3,54.0,岩田康誠,1:47.0,クビ,18.7,5.0,470(+4),[東] 小島茂之,202202010702
7,5,7,アテンハピネス,牡3,53.0,小林凌大,1:47.1,1/2,147.6,10.0,530(-14),[東] 伊藤伸一,202202010702
8,4,5,テイエムシチーボー,牝3,52.0,山田敬士,1:47.5,2.1/2,289.4,13.0,452(-2),[東] 石栗龍彦,202202010702
9,8,13,モズフェニックス,牝3,53.0,秋山稔樹,1:47.5,ハナ,133.9,9.0,484(0),[西] 森田直行,202202010702
10,4,6,ナムラジュリア,牝3,52.0,角田大和,1:47.6,1/2,304.0,14.0,414(+4),[西] 大根田裕,202202010702
11,3,3,クレバーテースト,セ3,56.0,鮫島克駿,1:48.5,5,28.9,7.0,444(+2),[西] 武幸四郎,202202010702
12,6,10,ケーリエール,牡3,55.0,泉谷楓真,1:48.8,1.3/4,59.8,8.0,492(-8),[西] 本田優,202202010702
13,7,12,ヘクトゴン,牡3,56.0,古川吉洋,1:49.0,1,224.5,11.0,418(-2),[西] 木原一良,202202010702
14,7,11,クラシカルオーサー,牡3,53.0,横山琉人,1:51.6,大,21.1,6.0,456(-2),[東] 大和田成,202202010702
1,6,11,クロニクルノヴァ,牡3,56.0,浜中俊,1:49.1,,6.4,3.0,478(+2),[西] 武幸四郎,202202010703
2,2,2,キセキノエンジェル,牝3,54.0,勝浦正樹,1:49.3,3/4,9.2,4.0,452(0),[東] 石毛善彦,202202010703
3,5,9,イルモンド,牝3,54.0,横山武史,1:49.3,ハナ,2.4,1.0,472(-2),[東] 池上昌和,202202010703
4,5,8,ジョーカーブラウン,牡3,56.0,丹内祐次,1:49.6,2,9.8,5.0,518(0),[東] 松山将樹,202202010703
5,8,14,ジャスティンエース,牡3,56.0,鮫島克駿,1:49.7,1/2,13.3,7.0,462(0),[西] 杉山晴紀,202202010703
6,6,10,シエル,牝3,54.0,岩田康誠,1:49.8,1/2,4.6,2.0,462(+10),[西] 安田翔伍,202202010703
7,3,5,ゴッドスイートビー,牝3,52.0,角田大和,1:50.0,1,75.9,10.0,410(+2),[西] 飯田祐史,202202010703
8,2,3,ベアビリーブ,牝3,51.0,土田真翔,1:50.3,1.3/4,189.9,12.0,448(0),[東] 杉浦宏昭,202202010703
9,7,13,ニューヴァージョン,牡3,56.0,吉田隼人,1:50.7,2.1/2,63.2,9.0,502(+24),[西] 坂口智康,202202010703
10,4,7,ユリシーズ,セ3,56.0,古川吉洋,1:51.0,1.1/2,11.7,6.0,454(+4),[西] 大根田裕,202202010703
11,4,6,ナーサック,牡3,56.0,池添謙一,1:51.0,アタマ,25.9,8.0,430(-2),[西] 牧浦充徳,202202010703
12,3,4,ビーイング,牡3,56.0,黛弘人,1:51.5,3,381.5,15.0,484(-6),[東] 加藤和宏,202202010703
13,7,12,フレンドオパール,牝3,51.0,小林凌大,1:52.0,3,340.5,14.0,410(0),[東] 南田美知,202202010703
14,1,1,テーオーノブレス,牝3,54.0,菱田裕二,1:52.2,1.1/4,97.6,11.0,410(+4),[西] 岡田稲男,202202010703
15,8,15,フジシュウセツ,牡3,53.0,横山琉人,1:53.7,9,233.4,13.0,510(-6),[東] 岩戸孝樹,202202010703
1,5,8,クオーレドーロ,牝3,54.0,横山武史,1:46.1,,2.4,1.0,438(0),[東] 上原博之,202202010704
2,8,13,レディベル,牝3,50.0,古川奈穂,1:46.1,クビ,3.0,2.0,508(+12),[西] 矢作芳人,202202010704
3,2,2,コルティーナ,牝3,54.0,鮫島克駿,1:46.5,2.1/2,19.9,6.0,492(+16),[西] 橋口慎介,202202010704
4,4,5,ジョブックフィオリ,牝3,52.0,山田敬士,1:47.0,3,57.0,12.0,426(-4),[東] 小桧山悟,202202010704
5,7,11,シゲルハナミザケ,牝3,51.0,横山琉人,1:47.2,1.1/4,12.4,4.0,464(-8),[西] 鈴木孝志,202202010704
6,3,3,テーオーシャンス,牝3,54.0,菱田裕二,1:47.2,アタマ,29.6,7.0,420(0),[西] 吉岡辰弥,202202010704
7,3,4,レインボーエンゼル,牝3,54.0,横山和生,1:47.3,クビ,5.9,3.0,462(0),[東] 小野次郎,202202010704
8,6,9,ピッコロバンビーナ,牝3,54.0,勝浦正樹,1:47.4,1/2,44.2,11.0,436(-6),[東] 村田一誠,202202010704
9,4,6,オーラライト,牝3,54.0,吉田隼人,1:48.1,4,41.6,10.0,442(+2),[西] 西村真幸,202202010704
10,1,1,リンクスアイ,牝3,54.0,丸山元気,1:48.6,3,153.2,13.0,472(+4),[東] 土田稔,202202010704
11,6,10,ボルダーズビーチ,牝3,52.0,角田大和,1:48.8,1.1/4,39.2,9.0,446(-2),[西] 寺島良,202202010704
12,7,12,クリノソプラノ,牝3,51.0,小林凌大,1:49.2,2.1/2,244.8,14.0,478(0),[東] 伊藤伸一,202202010704
13,8,14,ラウレッタ,牝3,54.0,丹内祐次,1:51.0,大,34.6,8.0,474(-6),[東] 木村哲也,202202010704
中,5,7,ルナソル,牝3,54.0,岩田康誠,,,16.3,5.0,496(+8),[東] 国枝栄,202202010704
1,6,6,ブトンドール,牝2,54.0,鮫島克駿,1:11.1,,9.2,4.0,486(0),[西] 池添学,202202010705
2,5,5,アネモス,牝2,54.0,池添謙一,1:11.3,1.1/2,2.8,2.0,496(0),[西] 北出成人,202202010705
3,3,3,マルモリディライト,牝2,54.0,武豊,1:11.7,2.1/2,10.2,5.0,448(0),[西] 石橋守,202202010705
4,1,1,ジャスティンカプリ,牡2,54.0,横山和生,1:11.8,1/2,2.7,1.0,472(0),[西] 安田隆行,202202010705
5,4,4,ソアラ,牝2,54.0,斎藤新,1:11.9,1,23.5,6.0,474(0),[西] 高橋康之,202202010705
6,7,7,アフロビート,牡2,54.0,横山武史,1:12.4,3,4.8,3.0,444(0),[東] 栗田徹,202202010705
7,2,2,ワキアプリンセス,牝2,53.0,泉谷楓真,1:12.9,3,70.5,7.0,440(0),[西] 橋田満,202202010705
8,8,8,ゴレイジョウ,牝2,52.0,山田敬士,1:13.4,3,83.8,8.0,456(0),[東] 小桧山悟,202202010705
1,4,4,ニシノシークレット,牡2,54.0,勝浦正樹,0:59.7,,2.7,1.0,472(0),[東] 村田一誠,202202010706
2,2,2,ワタシダケドナニカ,牡2,54.0,丹内祐次,1:00.6,5,4.5,3.0,470(0),[東] 新開幸一,202202010706
3,5,5,フォルテース,牡2,54.0,菱田裕二,1:00.9,1.3/4,3.0,2.0,442(0),[西] 高橋亮,202202010706
4,6,6,ペイシャアップ,牝2,54.0,丸山元気,1:02.6,10,18.7,5.0,432(0),[東] 土田稔,202202010706
5,7,7,ヘルスケア,牝2,51.0,土田真翔,1:02.6,クビ,51.1,6.0,456(0),[東] 小桧山悟,202202010706
6,1,1,ニシノシャイニング,牡2,54.0,武豊,1:04.3,10,4.7,4.0,446(0),[東] 中野栄治,202202010706
7,3,3,シャトンブリヤント,牝2,52.0,山田敬士,1:04.9,3.1/2,92.6,7.0,396(0),[東] 小桧山悟,202202010706
1,5,5,マイネルエニグマ,牡4,57.0,丹内祐次,2:01.8,,4.6,4.0,468(+8),[西] 五十嵐忠,202202010707
2,1,1,ラニュイエトワール,セ3,54.0,鮫島克駿,2:02.2,2,48.9,8.0,460(+2),[東] 尾形和幸,202202010707
3,4,4,ファンタジア,牝3,52.0,横山武史,2:02.2,クビ,4.3,3.0,496(+20),[東] 堀宣行,202202010707
4,3,3,エレフセリア,牝4,52.0,横山琉人,2:02.6,2.1/2,11.9,5.0,444(0),[東] 武藤善則,202202010707
5,7,7,ブラックボイス,牡3,54.0,横山和生,2:02.6,クビ,2.6,1.0,506(+2),[東] 宮田敬介,202202010707
6,2,2,デルマラッキーガイ,牡5,57.0,菱田裕二,2:02.7,1/2,31.4,6.0,480(-2),[東] 小手川準,202202010707
7,8,9,ルーパステソーロ,牡4,57.0,浜中俊,2:03.5,5,4.1,2.0,548(+6),[東] 加藤士津,202202010707
8,8,8,フラリオナ,牝4,55.0,松田大作,2:03.6,1/2,51.7,9.0,422(-4),[西] 平田修,202202010707
9,6,6,タイセイマーベル,牡4,57.0,吉田隼人,2:03.7,1/2,33.9,7.0,498(+4),[東] 池上昌和,202202010707
1,5,5,ヤマノマタカ,牡5,57.0,丹内祐次,2:32.2,,5.6,3.0,486(+6),[東] 相沢郁,202202010708
2,4,4,ディサイド,牡3,54.0,岩田康誠,2:33.8,10,21.9,9.0,484(+6),[西] 高野友和,202202010708
3,5,6,イーサンバーニング,牡3,52.0,角田大和,2:33.8,ハナ,6.2,4.0,496(+6),[東] 中野栄治,202202010708
4,1,1,マンオブカレッジ,セ4,57.0,横山和生,2:34.1,1.3/4,5.5,2.0,530(+4),[西] 松永幹夫,202202010708
5,8,12,ハナキリ,牡3,54.0,松田大作,2:34.2,1/2,23.1,10.0,480(+16),[西] 森秀行,202202010708
6,6,7,オブジェダート,牡3,54.0,鮫島克駿,2:34.2,クビ,3.7,1.0,486(-2),[西] 橋口慎介,202202010708
7,8,11,ラピドゥス,牝3,52.0,吉田隼人,2:34.3,1/2,10.1,6.0,478(0),[西] 高柳大輔,202202010708
8,6,8,エヴィダンシア,牡3,54.0,横山武史,2:34.5,1.1/2,7.2,5.0,492(0),[西] 藤原英昭,202202010708
9,7,9,タマモモンレーブ,牡3,51.0,大久保友,2:34.6,クビ,165.4,12.0,502(+2),[西] 大橋勇樹,202202010708
10,3,3,ルージュジャドール,牝4,55.0,勝浦正樹,2:34.8,1,16.1,7.0,446(+6),[東] 伊坂重信,202202010708
11,2,2,タイガ,牡5,53.0,古川奈穂,2:36.1,8,19.3,8.0,498(+2),[東] 堀内岳志,202202010708
12,7,10,サーティファイド,牡3,54.0,菱田裕二,2:38.7,大,52.3,11.0,478(+2),[西] 鮫島一歩,202202010708
1,8,14,ラキエータ,牝3,52.0,武豊,1:09.7,,29.2,9.0,412(+2),[西] 音無秀孝,202202010709
2,4,5,サトノレーヴ,牡3,54.0,浜中俊,1:09.7,アタマ,3.4,2.0,534(0),[東] 堀宣行,202202010709
3,4,6,エナジーグラン,牡3,54.0,鮫島克駿,1:10.0,1.1/2,7.0,3.0,458(0),[西] 高柳大輔,202202010709
4,3,4,ホウオウジュレップ,牝4,55.0,丹内祐次,1:10.2,1,109.5,13.0,412(-4),[東] 牧光二,202202010709
5,7,12,プラソン,牝3,52.0,藤岡佑介,1:10.3,1,12.6,5.0,438(0),[西] 寺島良,202202010709
6,5,7,スウィートプロミス,牝3,52.0,池添謙一,1:10.4,3/4,9.5,4.0,470(+18),[東] 尾関知人,202202010709
7,1,1,タガノスペルノヴァ,牡4,57.0,横山和生,1:10.6,1,20.7,7.0,434(+6),[西] 川村禎彦,202202010709
8,2,2,ショウナンナウシカ,牝3,52.0,吉田隼人,1:10.6,アタマ,18.9,6.0,462(-4),[東] 大竹正博,202202010709
9,5,8,タナキーボー,牡4,57.0,斎藤新,1:10.7,1/2,42.8,10.0,500(-4),[西] 清水久詞,202202010709
10,6,9,スカイトレイル,牝3,52.0,角田大和,1:10.8,クビ,28.6,8.0,458(-4),[西] 西村真幸,202202010709
11,3,3,ナリタエール,牝4,55.0,丸山元気,1:10.9,1/2,82.4,12.0,408(+6),[西] 宮本博,202202010709
11,6,10,ワールドクルーズ,牝4,55.0,黛弘人,1:10.9,同着,260.8,14.0,468(+2),[東] 和田雄二,202202010709
13,7,11,スクルトゥーラ,牝3,52.0,横山武史,1:11.1,1.1/2,2.5,1.0,428(0),[東] 鹿戸雄一,202202010709
14,8,13,グランチェイサー,セ5,57.0,岩田康誠,1:11.3,1,55.0,11.0,448(-8),[東] 矢野英一,202202010709
1,7,7,クライミングリリー,牝4,55.0,横山武史,1:48.9,,1.5,1.0,462(-4),[東] 国枝栄,202202010710
2,7,8,オブデュモンド,セ4,57.0,武豊,1:49.1,1.1/4,8.9,3.0,514(+6),[東] 蛯名正義,202202010710
3,3,3,ロッソモラーレ,牡5,57.0,黛弘人,1:49.3,1.1/4,41.9,8.0,470(-2),[東] 清水英克,202202010710
4,4,4,ジャミールフエルテ,セ6,57.0,松田大作,1:49.3,アタマ,74.1,10.0,454(+2),[西] 大久保龍,202202010710
5,1,1,アインゲーブング,牝4,55.0,丹内祐次,1:49.3,ハナ,4.3,2.0,448(+2),[東] 黒岩陽一,202202010710
6,8,10,デルマセイシ,牝4,55.0,丸山元気,1:49.5,1,16.9,5.0,480(+12),[西] 音無秀孝,202202010710
7,8,9,プレトリア,セ7,57.0,秋山稔樹,1:50.0,3,14.4,4.0,466(-4),[東] 中川公成,202202010710
8,5,5,ルヴェルソー,牝5,55.0,池添謙一,1:50.2,1.1/4,24.7,6.0,456(0),[東] 田中博康,202202010710
9,2,2,グレースオブナイル,牝5,55.0,藤岡佑介,1:50.4,1.1/4,30.5,7.0,448(+2),[東] 小笠倫弘,202202010710
10,6,6,ブラックデビル,セ7,57.0,小林凌大,1:50.4,クビ,44.2,9.0,474(+8),[東] 中野栄治,202202010710
1,6,11,ヴィズサクセス,牡5,55.0,岩田康誠,1:10.2,,5.4,3.0,478(+6),[東] 奥村武,202202010711
2,5,9,イルクオーレ,セ4,55.0,菱田裕二,1:10.2,クビ,4.1,1.0,498(+6),[東] 高橋文雅,202202010711
3,8,15,ショウナンバニラ,牝6,53.0,丸山元気,1:10.2,クビ,29.2,10.0,452(0),[東] 武市康男,202202010711
4,5,10,スンリ,牝4,52.0,鮫島克駿,1:10.2,アタマ,7.9,5.0,478(0),[西] 清水久詞,202202010711
5,7,13,クリノアリエル,牝7,52.0,武豊,1:10.3,1/2,29.2,9.0,418(-8),[西] 武英智,202202010711
6,3,5,マリーナ,牝4,53.0,藤岡佑介,1:10.3,ハナ,7.4,4.0,442(+6),[西] 矢作芳人,202202010711
7,8,16,ショウナンアリアナ,牝6,52.0,古川吉洋,1:10.4,1/2,139.9,15.0,436(-2),[西] 高野友和,202202010711
8,4,8,シュアーヴアリア,牝4,54.0,吉田隼人,1:10.4,クビ,4.3,2.0,480(-2),[東] 高橋裕,202202010711
9,3,6,ミニオンペール,牝6,51.0,黛弘人,1:10.4,ハナ,28.8,8.0,478(-2),[東] 小手川準,202202010711
10,1,2,フォイアーロート,牡4,54.0,斎藤新,1:10.7,1.3/4,11.9,6.0,466(0),[西] 中村直也,202202010711
11,2,3,ノクターンノーツ,牝5,51.0,荻野琢真,1:11.2,2.1/2,29.9,11.0,520(0),[西] 田中克典,202202010711
12,4,7,カヌメラビーチ,牡6,55.0,横山武史,1:11.3,3/4,18.2,7.0,472(-6),[西] 須貝尚介,202202010711
13,2,4,ノアヴィグラス,牝4,51.0,秋山稔樹,1:11.3,クビ,68.0,13.0,470(-4),[東] 天間昭一,202202010711
14,7,14,スーパーウーパー,牝4,52.0,浜中俊,1:11.3,ハナ,100.9,14.0,480(+4),[西] 森秀行,202202010711
15,1,1,メイショウハナモリ,牡6,54.0,松田大作,1:11.4,1/2,203.6,16.0,518(+4),[西] 本田優,202202010711
16,6,12,クルークヴァール,牡7,53.0,池添謙一,1:13.2,大,44.2,12.0,472(-14),[西] 中村直也,202202010711
1,5,7,バルムンク,牡3,51.0,大久保友,1:44.6,,5.6,2.0,510(-2),[西] 池添学,202202010712
2,2,2,シャインフォール,牡3,52.0,角田大和,1:45.4,5,24.1,7.0,474(-8),[東] 小野次郎,202202010712
3,7,11,ヒデノレインボー,牡3,54.0,岩田康誠,1:45.4,クビ,6.3,4.0,472(+4),[西] 梅田智之,202202010712
4,8,12,ラブエスポー,牝5,54.0,泉谷楓真,1:45.5,1/2,39.7,9.0,468(+2),[東] 蛯名利弘,202202010712
5,1,1,アウグスト,牡3,54.0,斎藤新,1:45.6,クビ,2.1,1.0,506(-6),[東] 斎藤誠,202202010712
6,8,13,カズラポニアン,牡3,54.0,横山和生,1:45.9,1.1/2,6.0,3.0,488(+8),[東] 宮田敬介,202202010712
7,6,9,オーマイオーマイ,牡5,57.0,武豊,1:46.0,3/4,34.8,8.0,486(+8),[西] 小崎憲,202202010712
8,4,5,ワンダーアマルフィ,牡5,57.0,水口優也,1:46.2,1.1/4,64.9,11.0,486(-4),[西] 石橋守,202202010712
9,7,10,トランセンドパスト,牡4,57.0,丸山元気,1:46.4,1.1/4,45.9,10.0,458(-2),[東] 田中剛,202202010712
10,3,3,エコログロリアス,牡3,54.0,横山武史,1:46.5,クビ,18.3,6.0,480(0),[東] 加藤征弘,202202010712
11,5,6,エルデスペラード,牡3,54.0,鮫島克駿,1:47.1,3.1/2,11.7,5.0,438(+8),[西] 橋口慎介,202202010712
12,4,4,アトラスエース,牡4,54.0,小林凌大,1:47.3,1.1/2,306.6,13.0,490(-2),[東] 伊藤伸一,202202010712
13,6,8,パトリオットラン,牡3,54.0,菱田裕二,1:47.4,1/2,71.9,12.0,516(+2),[西] 渡辺薫彦,202202010712
1,3,3,シンゼンイズモ,牡2,54.0,鮫島克駿,1:11.0,,4.8,2.0,492(+2),[西] 荒川義之,202202010801
2,4,4,ゴコウサス,牡2,54.0,浜中俊,1:11.0,ハナ,2.9,1.0,450(+8),[西] 笹田和秀,202202010801
3,8,10,ルーチェステラーレ,牝2,54.0,勝浦正樹,1:11.1,アタマ,7.4,4.0,456(+6),[東] 伊藤大士,202202010801
4,2,2,メイショウギシオー,牡2,54.0,岩田康誠,1:11.3,1.1/2,6.1,3.0,508(-6),[西] 池添兼雄,202202010801
5,6,7,ヒルノピレネー,牡2,54.0,池添謙一,1:11.7,2,8.6,5.0,460(0),[西] 北出成人,202202010801
6,7,8,トロピカルヒーロー,牡2,54.0,菱田裕二,1:11.8,1,18.9,7.0,476(+10),[東] 武藤善則,202202010801
7,5,5,レイズミーアップ,牡2,54.0,川島信二,1:12.3,3,152.7,10.0,414(0),[西] 荒川義之,202202010801
8,6,6,ツキガミ,牡2,54.0,丹内祐次,1:12.8,3.1/2,24.9,8.0,416(-4),[西] 川村禎彦,202202010801
9,8,11,ピスティス,牝2,54.0,丸山元気,1:12.9,1/2,35.4,9.0,418(+2),[東] 大江原哲,202202010801
10,1,1,ウィズアットダンス,牝2,53.0,秋山稔樹,1:13.3,2.1/2,9.4,6.0,398(+6),[東] 和田雄二,202202010801
11,7,9,ヘイトアルーズ,牡2,51.0,横山琉人,1:13.9,3.1/2,222.1,11.0,410(-6),[東] 和田正一,202202010801
1,2,2,タイガークリスエス,牡3,56.0,武豊,0:59.4,,7.6,4.0,470(-2),[西] 大橋勇樹,202202010802
2,8,11,オーブラック,牡3,56.0,丹内祐次,0:59.4,クビ,1.7,1.0,502(+2),[東] 青木孝文,202202010802
3,6,8,キリシマタウン,牡3,54.0,角田大和,0:59.6,1,4.7,2.0,444(+4),[東] 天間昭一,202202010802
4,5,5,ルルネージュ,牝3,54.0,勝浦正樹,1:00.0,2.1/2,85.6,10.0,476(+2),[東] 武市康男,202202010802
5,3,3,メイショウカンギク,牝3,53.0,泉谷楓真,1:00.1,1/2,70.8,9.0,466(+2),[西] 飯田祐史,202202010802
6,7,10,イデアファイブ,牝3,54.0,黛弘人,1:00.1,アタマ,165.0,11.0,422(+4),[東] 本間忍,202202010802
7,1,1,サリーチャン,牝3,53.0,秋山稔樹,1:00.4,1.1/2,17.5,5.0,442(-2),[東] 石栗龍彦,202202010802
8,6,7,タイセイプロシード,牡3,56.0,鮫島克駿,1:00.4,アタマ,6.8,3.0,484(+22),[東] 高橋裕,202202010802
9,4,4,タイセイレーヴ,牡3,52.0,古川奈穂,1:00.6,1.1/4,38.3,7.0,504(-4),[西] 矢作芳人,202202010802
10,8,12,シゲルボス,セ3,56.0,松田大作,1:00.7,1/2,20.8,6.0,466(-8),[東] 小島茂之,202202010802
11,5,6,アマゴ,牝3,54.0,柴山雄一,1:01.1,2.1/2,180.5,12.0,454(+10),[東] 田島俊明,202202010802
12,7,9,オーケードリーム,牝3,51.0,横山琉人,1:01.2,3/4,39.3,8.0,460(+14),[東] 相沢郁,202202010802
1,6,7,キタノセレナード,牡3,56.0,吉田隼人,1:45.2,,1.5,1.0,444(-2),[西] 坂口智康,202202010803
2,8,12,テイエムビシャモン,牡3,56.0,古川吉洋,1:46.6,9,7.2,3.0,490(-2),[西] 木原一良,202202010803
3,7,9,ロルバーンスカイ,牡3,56.0,丹内祐次,1:47.0,2.1/2,4.5,2.0,448(+2),[東] 新開幸一,202202010803
4,4,4,タロマイスター,牡3,53.0,大久保友,1:47.1,3/4,221.1,11.0,480(+4),[西] 杉山佳明,202202010803
5,6,8,アトランティス,牡3,56.0,岩田康誠,1:48.2,7,10.7,4.0,490(-2),[西] 安田翔伍,202202010803
6,3,3,メルト,牡3,56.0,的場勇人,1:48.6,2.1/2,10.8,5.0,490(0),[東] 的場均,202202010803
7,1,1,タフトテソーロ,牡3,56.0,浜中俊,1:49.0,2.1/2,24.6,6.0,470(+6),[東] 高木登,202202010803
8,2,2,ラッフルズプレース,牡3,56.0,丸山元気,1:49.2,3/4,108.8,8.0,448(+2),[東] 林徹,202202010803
9,5,6,ダンスデミルリトン,牡3,53.0,横山琉人,1:49.2,アタマ,192.5,10.0,450(0),[西] 鈴木孝志,202202010803
10,5,5,ライブリインパクト,牡3,56.0,水口優也,1:49.8,3.1/2,308.6,12.0,466(-2),[西] 石橋守,202202010803
11,7,10,ビューティフルラブ,牝3,53.0,秋山稔樹,1:50.8,6,74.7,7.0,422(-4),[西] 高橋義忠,202202010803
12,8,11,デエスデュヴァン,牝3,54.0,鮫島克駿,1:57.9,大,165.8,9.0,454(+18),[東] 斎藤誠,202202010803
1,6,12,スーリールダンジュ,牝3,54.0,武豊,1:10.2,,3.8,1.0,476(+10),[西] 中内田充,202202010804
2,4,8,ウムラウト,牝3,54.0,斎藤新,1:10.4,3/4,41.2,12.0,382(+10),[西] 吉村圭司,202202010804
3,6,11,マヒナライズ,牝3,54.0,藤岡佑介,1:10.5,3/4,4.4,2.0,418(+4),[西] 藤岡健一,202202010804
4,1,1,ジェネラルウィル,牝3,53.0,秋山稔樹,1:10.6,1/2,38.1,10.0,456(-2),[東] 林徹,202202010804
5,1,2,ヒロシゲパール,牝3,54.0,松田大作,1:10.6,クビ,12.1,7.0,482(+8),[西] 坂口智康,202202010804
6,2,4,ウォータージーニー,牡3,56.0,浜中俊,1:10.7,クビ,22.2,8.0,486(-4),[西] 石橋守,202202010804
7,4,7,ニャンチンノン,牡3,55.0,泉谷楓真,1:10.7,クビ,48.0,13.0,454(+4),[西] 中竹和也,202202010804
8,8,15,リーセフィヨルド,牝3,54.0,池添謙一,1:10.9,1.1/4,8.8,4.0,468(-4),[東] 菊沢隆徳,202202010804
9,3,6,フーレイ,牝3,54.0,鮫島克駿,1:11.0,1/2,11.1,5.0,442(+2),[西] 新谷功一,202202010804
10,2,3,ダイヤモンドフジ,牡3,56.0,横山武史,1:11.0,ハナ,5.0,3.0,460(+6),[西] 宮本博,202202010804
11,5,9,コスモプルエバ,牝3,54.0,丹内祐次,1:11.2,1.1/4,11.8,6.0,432(+6),[東] 伊藤大士,202202010804
12,7,13,アメトリンルナ,牝3,54.0,丸山元気,1:11.2,アタマ,39.1,11.0,440(-4),[東] 畠山吉宏,202202010804
13,8,16,バリオーレ,牝3,52.0,角田大和,1:11.4,3/4,28.5,9.0,440(-4),[西] 上村洋行,202202010804
14,3,5,ワンダフルサマー,セ3,56.0,丸田恭介,1:11.4,アタマ,373.9,16.0,472(-6),[東] 小島茂之,202202010804
15,7,14,フウジンショウジョ,牝3,51.0,横山琉人,1:11.4,アタマ,174.7,15.0,496(+16),[東] 田島俊明,202202010804
16,5,10,ルージュエピス,牝3,54.0,岩田康誠,1:12.3,5,92.2,14.0,464(+4),[東] 小島茂之,202202010804
1,8,8,シーウィザード,牡2,54.0,浜中俊,1:51.7,,8.9,5.0,456(0),[東] 鹿戸雄一,202202010805
2,6,6,ルクスグローリア,牡2,54.0,横山武史,1:51.8,1/2,2.0,1.0,494(0),[東] 宮田敬介,202202010805
3,2,2,ヴェンチュラムーン,牡2,51.0,横山琉人,1:52.7,5,5.8,2.0,420(0),[東] 小島茂之,202202010805
4,1,1,アオラキ,牡2,54.0,池添謙一,1:53.1,2.1/2,5.9,3.0,444(0),[東] 田村康仁,202202010805
5,3,3,ジューンナックル,牡2,54.0,横山和生,1:54.0,5,50.7,7.0,446(0),[東] 小桧山悟,202202010805
6,5,5,プエルトボニータ,牡2,54.0,武豊,1:54.1,3/4,6.6,4.0,484(0),[西] 今野貞一,202202010805
7,4,4,カイラシ,牝2,54.0,藤岡佑介,1:54.4,2,14.2,6.0,428(0),[東] 伊藤大士,202202010805
8,7,7,キタノグリエル,牡2,54.0,吉田隼人,1:55.2,5,68.8,8.0,468(0),[東] 萱野浩二,202202010805
1,7,11,ビヨンドザリミット,牝3,52.0,角田大和,2:02.6,,56.4,11.0,462(+10),[東] 武井亮,202202010806
2,2,2,バレル,牡3,56.0,吉田隼人,2:02.8,1,6.2,4.0,470(-4),[西] 杉山晴紀,202202010806
3,6,9,ダノンフロイデ,牡3,56.0,藤岡佑介,2:02.8,クビ,14.2,7.0,472(+4),[西] 藤原英昭,202202010806
4,7,10,オウケンムーンアイ,牝3,54.0,鮫島克駿,2:02.9,クビ,16.7,8.0,434(+12),[東] 宮田敬介,202202010806
5,4,5,コスモゴレアドール,牡3,56.0,丹内祐次,2:03.1,1.1/4,33.2,10.0,422(0),[西] 吉田直弘,202202010806
6,3,3,マイネルキング,牡3,56.0,横山武史,2:03.1,ハナ,4.2,1.0,480(0),[東] 相沢郁,202202010806
7,6,8,ウィングローリー,牡3,56.0,松田大作,2:03.1,ハナ,13.2,5.0,468(+6),[西] 四位洋文,202202010806
8,1,1,グランドゴールド,牡3,56.0,丸山元気,2:03.2,3/4,4.3,3.0,440(-10),[西] 羽月友彦,202202010806
9,8,13,グロー,牡3,56.0,池添謙一,2:03.5,2,4.3,2.0,472(+2),[西] 鈴木孝志,202202010806
10,8,12,クリノインパクト,牡3,56.0,武豊,2:03.8,1.1/2,26.4,9.0,462(-2),[西] 南井克巳,202202010806
11,5,6,ウインシュプリーム,牡3,56.0,岩田康誠,2:03.8,アタマ,13.6,6.0,450(0),[西] 加用正,202202010806
12,4,4,スズカマース,牝3,54.0,浜中俊,2:03.8,アタマ,80.1,13.0,472(+2),[西] 橋田満,202202010806
13,5,7,マルカフロンターレ,牡3,56.0,横山和生,2:03.9,1/2,69.1,12.0,490(+12),[西] 浜田多実,202202010806
1,3,4,フローラルビアンカ,牝3,52.0,藤岡佑介,1:45.4,,27.3,9.0,480(+10),[西] 田中克典,202202010807
2,5,7,レリジールダモーレ,牝3,49.0,横山琉人,1:45.6,1.1/4,23.2,7.0,448(+18),[西] 高橋義忠,202202010807
3,4,5,ラズライト,牝3,51.0,秋山稔樹,1:45.8,1.1/4,14.0,6.0,434(+8),[東] 松山将樹,202202010807
4,6,10,スカンジナビア,牝3,50.0,角田大和,1:46.0,3/4,3.0,1.0,444(-6),[西] 四位洋文,202202010807
5,7,12,チャプリ,牝3,52.0,横山武史,1:46.3,2,4.8,3.0,474(+6),[東] 高木登,202202010807
6,3,3,セレッソ,牝3,52.0,横山和生,1:46.3,アタマ,9.4,5.0,478(+22),[西] 長谷川浩,202202010807
7,1,1,テンナイトパール,牝6,55.0,勝浦正樹,1:46.5,1.1/4,154.8,13.0,490(-6),[東] 小西一男,202202010807
8,8,13,ケイツーマルカ,牝4,55.0,武豊,1:46.9,2.1/2,23.9,8.0,502(-2),[東] 鈴木伸尋,202202010807
9,4,6,レスペディーザ,牝4,55.0,池添謙一,1:46.9,ハナ,4.4,2.0,440(+12),[西] 松永幹夫,202202010807
10,5,8,ウインホノカ,牝6,53.0,山田敬士,1:47.0,3/4,238.3,14.0,426(+6),[東] 本間忍,202202010807
11,2,2,マヤローザ,牝4,54.0,泉谷楓真,1:47.4,2.1/2,49.2,10.0,448(+2),[西] 大橋勇樹,202202010807
12,6,9,スリーマイトコーズ,牝4,55.0,丸山元気,1:47.6,1,85.8,11.0,452(-2),[東] 田中剛,202202010807
13,8,14,メイショウヒメゴゼ,牝3,52.0,浜中俊,1:48.0,2.1/2,7.0,4.0,470(0),[西] 南井克巳,202202010807
14,7,11,キャットリング,牝4,51.0,古川奈穂,1:48.0,クビ,147.7,12.0,428(+2),[西] 藤沢則雄,202202010807
1,5,5,オンリーオピニオン,牝3,52.0,丹内祐次,1:49.0,,2.7,2.0,480(-2),[東] 伊藤大士,202202010808
2,2,2,ダイム,牝3,52.0,横山和生,1:49.3,2,2.0,1.0,444(+4),[西] 昆貢,202202010808
3,4,4,ユキノプリンセス,牝3,50.0,角田大和,1:49.4,1/2,28.0,5.0,468(-2),[西] 南井克巳,202202010808
4,7,7,アルマイナンナ,牝5,55.0,菱田裕二,1:49.7,2,56.4,8.0,450(-8),[東] 高橋文雅,202202010808
5,8,10,クリノサンシャイン,牝5,55.0,古川吉洋,1:49.8,クビ,136.1,10.0,448(+22),[東] 石毛善彦,202202010808
6,6,6,コスモミローディア,牡6,57.0,斎藤新,1:50.0,1.1/4,34.8,7.0,480(0),[東] 天間昭一,202202010808
7,7,8,ショベルヘッド,セ4,57.0,藤岡佑介,1:50.0,クビ,30.9,6.0,472(+4),[東] 古賀慎明,202202010808
8,3,3,スマートワン,牡4,57.0,武豊,1:50.0,ハナ,4.7,3.0,486(+8),[東] 加藤士津,202202010808
9,1,1,ガルブグリーン,牝3,49.0,横山琉人,1:51.0,6,23.3,4.0,442(0),[東] 相沢郁,202202010808
10,8,9,タマモエース,牡3,51.0,小林凌大,1:52.4,8,73.2,9.0,458(0),[西] 川村禎彦,202202010808
1,6,11,バトーデュシエル,牝5,55.0,岩田康誠,1:09.4,,13.3,6.0,478(-2),[西] 安田翔伍,202202010809
2,4,8,モンファボリ,牝4,55.0,武豊,1:09.6,1.1/4,3.1,1.0,452(-2),[西] 須貝尚介,202202010809
3,3,6,テーオーメアリー,牝4,55.0,古川吉洋,1:09.6,クビ,76.9,13.0,480(+8),[西] 梅田智之,202202010809
4,8,15,メイショウエニシア,牝4,55.0,藤岡佑介,1:09.6,ハナ,7.7,3.0,450(+4),[西] 本田優,202202010809
5,2,4,エコロデイジー,牝4,55.0,菱田裕二,1:09.7,1/2,35.6,11.0,490(+8),[西] 牧浦充徳,202202010809
6,5,10,デルマカンノン,牝4,55.0,秋山稔樹,1:09.8,クビ,61.8,12.0,454(+2),[西] 五十嵐忠,202202010809
7,5,9,カバーガール,牝4,55.0,浜中俊,1:09.9,3/4,91.7,14.0,478(+4),[西] 清水久詞,202202010809
8,7,13,リトス,牝3,52.0,斎藤新,1:10.0,1/2,23.0,9.0,410(+4),[東] 高橋裕,202202010809
9,7,14,メイショウツワブキ,牝4,55.0,松田大作,1:10.0,ハナ,26.3,10.0,494(-2),[西] 南井克巳,202202010809
10,2,3,メイショウツツジ,牝4,55.0,泉谷楓真,1:10.1,3/4,22.4,8.0,428(-4),[西] 南井克巳,202202010809
11,6,12,トップキャスト,牝3,52.0,鮫島克駿,1:10.3,1,9.3,5.0,440(+4),[西] 高橋康之,202202010809
12,3,5,ラヴケリー,牝4,55.0,池添謙一,1:10.4,3/4,9.0,4.0,454(0),[西] 高柳大輔,202202010809
13,1,1,イルヴェントドーロ,牝6,55.0,角田大和,1:10.4,ハナ,125.5,16.0,458(-2),[西] 池添学,202202010809
14,1,2,ディキシークイーン,牝5,55.0,横山和生,1:10.4,クビ,103.2,15.0,498(+6),[西] 昆貢,202202010809
15,4,7,セリノーフォス,牝3,52.0,吉田隼人,1:10.5,1/2,4.3,2.0,460(+14),[西] 本田優,202202010809
16,8,16,エテルナメンテ,牝3,52.0,横山琉人,1:10.8,1.3/4,15.0,7.0,468(+4),[東] 小島茂之,202202010809
1,5,5,ブラッティーキッド,牡4,57.0,水口優也,1:44.1,,1.5,1.0,500(-2),[西] 中尾秀正,202202010810
2,8,9,ラヴィータエベラ,牡5,57.0,吉田隼人,1:44.1,クビ,5.6,2.0,506(-2),[西] 田中克典,202202010810
3,8,10,キュールエフウジン,牡3,54.0,斎藤新,1:44.2,1/2,12.1,4.0,488(+4),[西] 中尾秀正,202202010810
4,7,7,メイショウナリヒラ,牡4,57.0,武豊,1:44.6,2.1/2,22.9,7.0,468(+4),[西] 南井克巳,202202010810
5,1,1,シンヨモギネス,牡4,57.0,横山武史,1:45.0,2,16.0,5.0,480(0),[東] 伊藤圭三,202202010810
6,2,2,ブルーコンパクタ,牡6,57.0,鮫島克駿,1:45.0,ハナ,77.8,10.0,464(+2),[西] 大橋勇樹,202202010810
7,6,6,アースライザー,セ5,57.0,丹内祐次,1:45.4,2.1/2,26.3,8.0,482(+4),[東] 鈴木慎太,202202010810
8,4,4,バルサミックムーン,セ5,57.0,菱田裕二,1:45.6,3/4,17.9,6.0,504(+12),[東] 武藤善則,202202010810
9,7,8,サクセスエース,牡4,57.0,横山琉人,1:45.6,アタマ,76.0,9.0,484(0),[東] 竹内正洋,202202010810
10,3,3,ロスコフ,牡4,57.0,横山和生,1:46.3,4,7.1,3.0,496(-2),[東] 久保田貴,202202010810
1,3,3,ホウオウピースフル,牝5,54.0,丸田恭介,1:48.4,,6.3,4.0,496(-6),[東] 大竹正博,202202010811
2,7,9,ワールドリバイバル,牡4,56.0,菱田裕二,1:48.4,ハナ,4.8,1.0,510(-4),[西] 牧田和弥,202202010811
3,2,2,サトノクロニクル,牡8,57.0,斎藤新,1:48.6,1,49.5,10.0,472(-6),[西] 池江泰寿,202202010811
4,5,6,ウインイクシード,牡8,57.0,横山武史,1:48.7,1/2,6.1,3.0,500(+2),[東] 鈴木伸尋,202202010811
5,7,10,モンブランテソーロ,牡6,56.0,横山和生,1:48.7,クビ,5.2,2.0,484(-2),[東] 田中博康,202202010811
6,8,11,ランフォザローゼス,セ6,57.0,武豊,1:48.8,1/2,24.4,8.0,496(-4),[東] 蛯名正義,202202010811
7,5,5,ロードマックス,牡4,56.0,松田大作,1:48.9,クビ,6.8,5.0,448(+8),[西] 藤原英昭,202202010811
8,6,7,ハーメティキスト,牡6,56.0,池添謙一,1:48.9,クビ,7.4,6.0,464(0),[東] 木村哲也,202202010811
9,8,12,ウインアグライア,牝4,54.0,黛弘人,1:49.1,1.1/4,65.3,12.0,478(0),[東] 和田雄二,202202010811
10,1,1,アイスバブル,牡7,59.0,水口優也,1:49.1,ハナ,34.3,9.0,474(+6),[西] 池江泰寿,202202010811
11,4,4,ジェネラーレウーノ,牡7,59.0,丹内祐次,1:49.6,3,63.0,11.0,520(+6),[東] 矢野英一,202202010811
12,6,8,ベルダーイメル,牡5,56.0,吉田隼人,1:50.7,7,7.5,7.0,458(0),[西] 本田優,202202010811
1,7,10,カルネアサーダ,牝3,52.0,鮫島克駿,0:58.3,,1.4,1.0,460(+6),[西] 加用正,202202010812
2,8,12,スズカサウスソング,牡5,56.0,泉谷楓真,0:58.6,1.1/2,14.5,4.0,508(0),[西] 橋田満,202202010812
3,6,7,サウンドブライアン,牡4,57.0,池添謙一,0:59.0,2.1/2,21.2,5.0,482(0),[西] 村山明,202202010812
4,8,11,アカザ,牝3,52.0,丹内祐次,0:59.3,2,23.4,6.0,432(0),[東] 伊坂重信,202202010812
5,3,3,スンヌンタイ,牝3,52.0,横山武史,0:59.6,1.1/2,7.0,3.0,496(+2),[東] 岩戸孝樹,202202010812
6,7,9,サンランシング,牝4,52.0,小林凌大,0:59.6,クビ,91.8,10.0,482(+12),[東] 新開幸一,202202010812
7,2,2,ルアル,牡3,54.0,吉田隼人,0:59.7,1/2,5.5,2.0,510(-2),[西] 安達昭夫,202202010812
8,5,5,クレイジーリッチ,牡4,57.0,菱田裕二,0:59.7,クビ,61.5,9.0,498(-2),[東] 小手川準,202202010812
9,6,8,ディアナグラン,牝4,54.0,秋山稔樹,1:00.4,4,60.5,8.0,484(-7),[東] 大竹正博,202202010812
10,5,6,マイネルアミスター,牡4,54.0,横山琉人,1:01.2,5,32.5,7.0,504(+6),[東] 古賀慎明,202202010812
11,4,4,クリオズナ,牝4,53.0,角田大和,1:01.5,1.1/2,157.5,11.0,450(0),[西] 浜田多実,202202010812
除,1,1,サノカポ,牝4,51.0,古川奈穂,,,---,,434(-2),[東] 中野栄治,202202010812
1,2,2,イコサン,牡2,54.0,池添謙一,1:09.9,,1.1,1.0,460(+4),[西] 長谷川浩,202202010901
2,3,3,トラネスハープ,牝2,54.0,横山武史,1:10.3,2.1/2,4.9,2.0,428(+2),[東] 武井亮,202202010901
3,5,5,ベッラフロー,牝2,54.0,黛弘人,1:10.5,1.1/4,14.4,3.0,446(+2),[東] 加藤和宏,202202010901
4,6,6,スノーパトロール,牝2,54.0,丸山元気,1:10.7,1.1/2,28.4,5.0,484(+4),[東] 上原博之,202202010901
5,4,4,エターナルジェイド,牡2,54.0,丹内祐次,1:11.1,2.1/2,27.2,4.0,434(+2),[東] 宗像義忠,202202010901
6,7,7,タガノマカロン,牝2,51.0,土田真翔,1:11.2,3/4,117.3,7.0,430(+2),[西] 藤沢則雄,202202010901
7,1,1,ヘルスケア,牝2,52.0,山田敬士,1:11.5,1.1/2,80.9,6.0,450(-6),[東] 小桧山悟,202202010901
1,5,6,キュートヘスティア,牝3,54.0,横山武史,0:59.5,,1.6,1.0,446(+6),[東] 辻哲英,202202010902
2,8,11,サバンナチャンス,牝3,51.0,横山琉人,1:00.0,3,7.1,3.0,468(0),[東] 竹内正洋,202202010902
3,2,2,ファンタジックラン,牝3,52.0,角田大和,1:00.2,1.1/2,49.5,9.0,456(+12),[西] 飯田祐史,202202010902
4,5,5,ルルネージュ,牝3,54.0,勝浦正樹,1:00.3,クビ,18.4,5.0,478(+2),[東] 武市康男,202202010902
5,6,8,クリスタルローズ,牝3,54.0,丸山元気,1:00.8,3,47.4,8.0,480(0),[東] 土田稔,202202010902
6,8,12,フェアリーランド,牝3,54.0,黛弘人,1:00.9,1/2,32.5,7.0,448(-2),[東] 加藤和宏,202202010902
7,7,10,カルーナブルガリス,牝3,54.0,鮫島克駿,1:01.0,3/4,4.4,2.0,448(-2),[東] 伊藤圭三,202202010902
8,6,7,プティアンジュ,牝3,54.0,岩田康誠,1:01.0,アタマ,59.1,10.0,398(+4),[東] 田中剛,202202010902
9,4,4,リカステ,牝3,51.0,鷲頭虎太,1:01.1,クビ,113.5,12.0,444(-10),[西] 武英智,202202010902
10,7,9,タレントゥーサ,牝3,54.0,松田大作,1:01.5,2.1/2,23.3,6.0,448(+4),[西] 池江泰寿,202202010902
11,3,3,レクレールドパリ,牝3,54.0,池添謙一,1:02.3,5,73.8,11.0,476(-4),[東] 稲垣幸雄,202202010902
12,1,1,クリノニーナ,牝3,53.0,秋山稔樹,1:02.5,1.1/4,11.1,4.0,428(+8),[西] 高橋義忠,202202010902
1,7,12,フォンメイリー,牝3,54.0,斎藤新,1:47.4,,3.1,1.0,468(-2),[西] 四位洋文,202202010903
2,5,7,シャンダス,牡3,56.0,丹内祐次,1:47.8,2.1/2,3.3,2.0,462(-2),[東] 杉浦宏昭,202202010903
3,4,6,チアフルモーション,牝3,54.0,吉田隼人,1:48.7,5,4.0,3.0,464(+22),[西] 坂口智康,202202010903
4,8,13,タマモケンタウルス,牡3,56.0,勝浦正樹,1:48.7,クビ,13.5,5.0,464(-2),[東] 水野貴広,202202010903
5,2,2,ブレディバンチ,牝3,51.0,大久保友,1:48.8,3/4,46.3,10.0,446(-6),[東] 戸田博文,202202010903
6,1,1,テンクウノツバサ,牡3,55.0,秋山稔樹,1:48.9,1/2,15.1,6.0,482(+2),[東] 中舘英二,202202010903
7,6,9,アドマイヤカーム,牝3,54.0,岩田康誠,1:49.4,2.1/2,44.2,9.0,436(-2),[西] 友道康夫,202202010903
8,4,5,ヴィオレントアズル,牡3,55.0,泉谷楓真,1:49.4,クビ,242.3,13.0,410(-4),[東] 加藤和宏,202202010903
9,7,11,モーゲン,牡3,56.0,古川吉洋,1:49.5,クビ,285.8,14.0,442(0),[西] 浜田多実,202202010903
10,3,4,ファイナルアンサー,牝3,51.0,横山琉人,1:49.6,1/2,37.9,8.0,486(0),[東] 手塚貴久,202202010903
11,6,10,メイショウヒシャ,牡3,56.0,川島信二,1:49.8,1.1/4,48.7,11.0,522(-4),[西] 荒川義之,202202010903
12,8,14,サンウエストウッド,牡3,56.0,松田大作,1:49.8,クビ,35.8,7.0,494(-12),[西] 谷潔,202202010903
13,5,8,シュガービート,牡3,56.0,横山和生,1:49.8,ハナ,9.0,4.0,450(-2),[東] 池上昌和,202202010903
14,3,3,ゲーテ,セ3,54.0,角田大和,1:50.1,1.1/2,100.6,12.0,480(-4),[西] 武幸四郎,202202010903
1,5,8,ナックフローラ,牝3,52.0,角田大和,1:49.1,,84.1,12.0,484(+8),[東] 杉浦宏昭,202202010904
2,3,3,シャノワール,牝3,54.0,丹内祐次,1:49.4,1.3/4,5.7,3.0,418(0),[東] 小手川準,202202010904
3,4,6,ホーリーウェル,牝3,51.0,西塚洸二,1:49.6,1.1/4,41.4,10.0,398(-2),[西] 藤原英昭,202202010904
4,8,14,イルモンド,牝3,54.0,藤岡佑介,1:49.7,クビ,4.9,2.0,472(0),[東] 池上昌和,202202010904
5,6,9,ミラモンテ,牝3,54.0,黛弘人,1:49.9,1.1/4,27.1,9.0,450(-8),[東] 岩戸孝樹,202202010904
6,3,4,マルアズール,牝3,54.0,岩田康誠,1:49.9,クビ,10.5,6.0,410(+2),[東] 牧光二,202202010904
7,5,7,サクラオーラ,牝3,54.0,武豊,1:50.1,1,10.2,5.0,432(+6),[東] 田中博康,202202010904
8,2,2,フレイムリリー,牝3,54.0,菱田裕二,1:50.2,1/2,250.9,14.0,430(+16),[東] 深山雅史,202202010904
9,8,13,マニカルニカ,牝3,54.0,横山武史,1:50.3,3/4,3.6,1.0,494(+2),[東] 鹿戸雄一,202202010904
10,6,10,ヴィルトブリーゼ,牝3,54.0,池添謙一,1:50.5,1.1/4,15.6,8.0,440(+12),[東] 古賀慎明,202202010904
11,7,12,ディープクイーン,牝3,54.0,松田大作,1:50.6,クビ,56.8,11.0,390(+8),[西] 武英智,202202010904
12,1,1,ユイ,牝3,54.0,斎藤新,1:50.6,クビ,10.6,7.0,442(+2),[西] 高橋康之,202202010904
13,7,11,プラティナマリア,牝3,54.0,鮫島克駿,1:51.0,2,6.8,4.0,456(+12),[西] 橋口慎介,202202010904
14,4,5,ゲンパチソル,牝3,50.0,古川奈穂,1:51.4,2.1/2,156.2,13.0,450(-6),[西] 矢作芳人,202202010904
1,8,12,アスクドリームモア,牡2,54.0,藤岡佑介,1:11.1,,4.5,2.0,482(0),[西] 藤原英昭,202202010905
2,4,5,トーセンローリエ,牝2,54.0,鮫島克駿,1:11.2,1/2,12.6,6.0,430(0),[東] 小笠倫弘,202202010905
3,2,2,サクラトップクリス,牝2,54.0,横山和生,1:11.6,2,27.3,7.0,442(0),[東] 田村康仁,202202010905
4,7,11,タイセイサーマル,牡2,51.0,横山琉人,1:11.6,クビ,60.8,9.0,422(0),[西] 牧浦充徳,202202010905
5,3,3,セクシーコマンドー,牡2,54.0,丸山元気,1:11.7,クビ,93.6,11.0,452(0),[東] 鈴木慎太,202202010905
6,6,8,エースオブスペーズ,牡2,54.0,池添謙一,1:11.7,アタマ,12.3,5.0,456(0),[西] 池添兼雄,202202010905
7,1,1,ラクサパーナ,牝2,54.0,横山武史,1:11.7,クビ,1.9,1.0,434(0),[東] 矢野英一,202202010905
8,4,4,デイズオブドリーム,牝2,54.0,丹内祐次,1:11.8,クビ,10.3,3.0,400(0),[東] 加藤征弘,202202010905
9,7,10,ビッグヒップ,牝2,54.0,菱田裕二,1:11.9,1/2,10.9,4.0,432(0),[西] 四位洋文,202202010905
10,6,9,シャイナライ,牝2,54.0,黛弘人,1:11.9,1/2,227.4,13.0,432(0),[東] 宗像義忠,202202010905
11,8,13,チャイボーグ,牝2,54.0,勝浦正樹,1:12.1,1.1/4,178.8,12.0,470(0),[東] 的場均,202202010905
12,5,7,モルデュール,牡2,54.0,水口優也,1:12.3,1.1/2,56.2,8.0,456(0),[西] 池添兼雄,202202010905
13,5,6,イズミアマゾネス,牝2,54.0,岩田康誠,1:12.4,クビ,92.2,10.0,456(0),[西] 北出成人,202202010905
1,3,4,アメジストブラック,牡3,56.0,藤岡佑介,2:02.5,,2.2,1.0,520(+4),[西] 中内田充,202202010906
2,8,14,マイネルイージス,牡3,56.0,丹内祐次,2:02.7,1.1/2,5.5,3.0,476(+4),[東] 清水英克,202202010906
3,1,1,モズユウガ,牡3,56.0,荻野琢真,2:02.8,1/2,69.4,11.0,484(-6),[西] 大久保龍,202202010906
4,7,12,タフトテソーロ,牡3,56.0,鮫島克駿,2:02.9,1/2,50.5,10.0,468(-2),[東] 高木登,202202010906
5,4,6,シルバーリング,牝3,54.0,池添謙一,2:03.0,1/2,5.0,2.0,452(+2),[西] 上村洋行,202202010906
6,5,7,デザートスター,牡3,56.0,黛弘人,2:03.1,1,12.6,5.0,464(-2),[東] 武井亮,202202010906
7,5,8,ロードアライアンス,牡3,54.0,角田大和,2:03.2,クビ,32.7,7.0,428(+2),[西] 野中賢二,202202010906
8,4,5,ウィズザタイムズ,牝3,51.0,横山琉人,2:03.3,1/2,34.0,9.0,446(0),[東] 竹内正洋,202202010906
9,6,10,ルクスレジーナ,牝3,54.0,吉田隼人,2:03.4,1/2,16.4,6.0,464(+2),[西] 須貝尚介,202202010906
10,6,9,ロードブライト,牡3,56.0,岩田康誠,2:03.4,クビ,33.6,8.0,504(-2),[西] 安田翔伍,202202010906
11,2,2,ニューヴァージョン,牡3,56.0,国分恭介,2:03.7,1.1/2,77.0,13.0,494(-8),[西] 坂口智康,202202010906
12,3,3,フレンドオパール,牝3,52.0,山田敬士,2:04.4,4,400.1,14.0,412(+2),[東] 南田美知,202202010906
13,8,13,サトノドルチェ,牡3,55.0,泉谷楓真,2:04.4,クビ,7.7,4.0,474(0),[西] 池江泰寿,202202010906
14,7,11,ララサンシャイン,牝3,51.0,西塚洸二,2:04.6,3/4,70.4,12.0,404(-4),[西] 千田輝彦,202202010906
1,7,9,イスラアネーロ,牡3,54.0,岩田康誠,0:58.9,,3.4,2.0,438(+2),[西] 吉村圭司,202202010907
2,7,10,ユスティニアン,牡4,57.0,黛弘人,0:59.2,2,3.4,1.0,426(-6),[西] 新谷功一,202202010907
3,1,1,ヨドノゴールド,牡4,54.0,小林凌大,0:59.6,2.1/2,8.9,4.0,476(-4),[西] 西園正都,202202010907
4,8,11,ミツカネプルート,牝3,51.0,秋山稔樹,0:59.8,3/4,24.8,8.0,432(-4),[東] 清水英克,202202010907
5,8,12,ヤマイチエスポ,牝3,52.0,古川吉洋,0:59.8,ハナ,56.2,11.0,472(+2),[西] 中尾秀正,202202010907
6,4,4,グランデ,牡3,54.0,松田大作,0:59.8,アタマ,15.7,6.0,474(+2),[西] 吉田直弘,202202010907
7,2,2,エヴリーサンクス,牝3,49.0,鷲頭虎太,1:00.0,1.1/4,8.9,5.0,480(+8),[東] 小手川準,202202010907
8,6,7,チアフルローズ,牝6,55.0,勝浦正樹,1:00.1,クビ,21.4,7.0,492(+4),[東] 水野貴広,202202010907
9,6,8,キュン,牝4,55.0,菱田裕二,1:00.2,1/2,49.3,10.0,460(+4),[東] 戸田博文,202202010907
10,5,6,エバニスタ,牡3,52.0,角田大和,1:00.7,3,4.3,3.0,482(+2),[西] 角田晃一,202202010907
11,3,3,マキアージュ,牝3,52.0,丹内祐次,1:00.7,クビ,37.7,9.0,458(0),[東] 菊川正達,202202010907
12,5,5,コンバットマーチ,牝5,51.0,古川奈穂,1:00.9,1.1/2,145.3,12.0,476(-2),[西] 藤沢則雄,202202010907
1,8,10,ロードヴァレンチ,セ3,52.0,角田大和,1:45.5,,2.5,1.0,468(+4),[東] 中舘英二,202202010908
2,3,3,リアルシング,牡5,57.0,池添謙一,1:45.6,クビ,4.7,3.0,552(0),[西] 池添兼雄,202202010908
3,2,2,ミラキュラスライト,牡3,54.0,横山武史,1:45.7,1/2,5.5,4.0,482(+2),[東] 萩原清,202202010908
4,6,6,ヴィクトリオン,セ4,57.0,丸山元気,1:46.1,2.1/2,119.7,10.0,496(-14),[西] 羽月友彦,202202010908
5,4,4,ワンダーアマルフィ,牡5,57.0,水口優也,1:46.4,1.3/4,42.7,7.0,484(-2),[西] 石橋守,202202010908
6,6,7,パーティーベル,牡3,54.0,横山和生,1:46.4,ハナ,3.3,2.0,452(-6),[西] 松永幹夫,202202010908
7,7,8,サイモンルグラン,牡5,57.0,武豊,1:46.8,2.1/2,50.1,8.0,494(-4),[東] 勢司和浩,202202010908
8,1,1,ソヨギ,牝5,53.0,山田敬士,1:46.9,1,124.3,11.0,478(+2),[東] 粕谷昌央,202202010908
9,5,5,サンレブンワース,牡3,54.0,浜中俊,1:47.0,クビ,76.2,9.0,498(-12),[西] 長谷川浩,202202010908
10,8,11,ベネロングポイント,牡3,53.0,秋山稔樹,1:48.0,6,19.3,5.0,482(-2),[東] 和田正一,202202010908
11,7,9,ジランドール,セ4,54.0,横山琉人,1:49.6,10,25.4,6.0,532(-8),[東] 蛯名正義,202202010908
1,5,5,フラワリングナイト,牝5,55.0,横山武史,2:01.2,,7.9,4.0,436(-8),[東] 金成貴史,202202010909
2,7,7,フローレスクイーン,牝4,55.0,吉田隼人,2:01.6,2.1/2,2.6,2.0,506(+2),[西] 田中克典,202202010909
3,2,2,プリファードラン,牝4,55.0,泉谷楓真,2:02.2,3.1/2,77.7,6.0,436(0),[西] 吉岡辰弥,202202010909
4,3,3,メイショウゲキリン,牡3,54.0,池添謙一,2:02.3,3/4,2.3,1.0,502(-2),[西] 池添兼雄,202202010909
5,6,6,コアレスロング,牝4,55.0,角田大和,2:02.9,3.1/2,64.8,5.0,472(+10),[東] 小野次郎,202202010909
6,4,4,カメハメハタイム,牡3,54.0,横山和生,2:04.4,9,3.5,3.0,510(+4),[東] 栗田徹,202202010909
7,1,1,ポンフー,牡4,57.0,黛弘人,2:05.3,5,101.2,7.0,500(+3),[東] 浅野洋一,202202010909
1,8,12,ソウテン,牡3,54.0,藤岡佑介,1:09.9,,3.8,2.0,496(-2),[東] 加藤征弘,202202010910
2,4,4,シゲルファンノユメ,牡3,54.0,横山武史,1:09.9,クビ,6.2,3.0,484(0),[東] 伊藤圭三,202202010910
3,7,10,アラモードバイオ,牡4,57.0,吉田隼人,1:09.9,アタマ,11.0,5.0,518(+2),[西] 新谷功一,202202010910
4,6,9,ヴィアドロローサ,牡3,54.0,横山和生,1:10.0,アタマ,50.3,7.0,452(+4),[西] 安田隆行,202202010910
5,5,6,ラブリネスオーバー,牝3,52.0,西塚洸二,1:10.0,ハナ,6.6,4.0,500(+2),[東] 高柳瑞樹,202202010910
6,7,11,ハギノモーリス,牡3,54.0,池添謙一,1:10.0,クビ,2.2,1.0,484(+4),[西] 高野友和,202202010910
7,8,13,クムシラコ,牡4,57.0,勝浦正樹,1:10.0,ハナ,67.4,9.0,464(+2),[東] 石毛善彦,202202010910
8,6,8,メイショウツツジ,牝4,55.0,古川吉洋,1:10.1,クビ,95.9,11.0,428(0),[西] 南井克巳,202202010910
9,2,2,アスクキングコング,セ4,57.0,浜中俊,1:10.3,1.1/4,18.7,6.0,444(+4),[西] 梅田智之,202202010910
10,5,7,ジャガード,牡4,57.0,黛弘人,1:10.3,1/2,293.5,13.0,426(-2),[東] 和田雄二,202202010910
11,1,1,レオパルドミノル,セ4,57.0,丸山元気,1:10.3,アタマ,86.9,10.0,478(-4),[西] 本田優,202202010910
11,3,3,マイステージ,牝4,55.0,松田大作,1:10.3,同着,148.3,12.0,438(-2),[東] 伊藤伸一,202202010910
13,4,5,アセンダント,牝6,55.0,丹内祐次,1:10.6,1.1/2,57.2,8.0,466(+2),[東] 田島俊明,202202010910
1,2,2,フルデプスリーダー,牡5,55.0,横山武史,1:44.0,,16.1,6.0,490(-4),[東] 斎藤誠,202202010911
2,7,11,ウェルドーン,牝4,53.0,武豊,1:44.0,ハナ,21.0,7.0,518(+18),[西] 角田晃一,202202010911
3,5,8,ロードエクレール,牡4,55.0,斎藤新,1:44.1,1,6.1,3.0,474(-8),[東] 斎藤誠,202202010911
4,7,12,オメガレインボー,牡6,56.5,横山和生,1:44.3,1.1/4,3.3,1.0,464(-2),[西] 安田翔伍,202202010911
5,6,9,プリティーチャンス,牝5,53.0,吉田隼人,1:44.4,クビ,7.3,5.0,464(-2),[西] 野中賢二,202202010911
6,5,7,ダンツキャッスル,牡6,56.0,菱田裕二,1:44.4,アタマ,26.7,8.0,476(-10),[西] 谷潔,202202010911
7,4,6,ロッシュローブ,牡5,55.0,浜中俊,1:44.6,1.1/2,5.2,2.0,504(0),[西] 田中克典,202202010911
8,6,10,ブラックアーメット,牡4,55.0,藤岡佑介,1:44.8,1,6.2,4.0,510(+2),[西] 角田晃一,202202010911
9,3,4,ヴィーダ,セ7,54.0,勝浦正樹,1:44.8,クビ,118.3,13.0,444(-6),[東] 鈴木慎太,202202010911
10,1,1,ペプチドバンブー,牡7,55.0,松田大作,1:44.9,クビ,123.0,14.0,492(-6),[西] 武英智,202202010911
11,4,5,バティスティーニ,牡9,57.0,鮫島克駿,1:44.9,クビ,27.4,10.0,498(-2),[西] 池添学,202202010911
12,8,14,スマッシャー,牡4,55.0,岩田康誠,1:45.1,1,27.4,9.0,482(+2),[西] 吉岡辰弥,202202010911
13,8,13,ディサーニング,セ7,55.0,池添謙一,1:45.2,3/4,27.5,11.0,506(+4),[東] 加藤征弘,202202010911
14,3,3,リアンヴェリテ,牡8,57.5,国分恭介,1:46.7,9,28.7,12.0,482(-8),[西] 中竹和也,202202010911
1,3,4,ドロップオブライト,牝3,49.0,鷲頭虎太,1:09.4,,5.9,4.0,442(+2),[西] 松永昌博,202202010912
2,2,2,ブランデーロック,牡3,54.0,武豊,1:09.6,1.1/2,4.2,2.0,460(-10),[東] 小桧山悟,202202010912
3,5,7,メイケイバートン,牡3,52.0,角田大和,1:09.7,アタマ,4.3,3.0,456(0),[西] 中竹和也,202202010912
4,7,12,ボルタドマール,牡3,53.0,秋山稔樹,1:09.7,クビ,28.4,8.0,506(-2),[東] 黒岩陽一,202202010912
5,3,3,レインボークラウド,牝4,55.0,吉田隼人,1:09.8,クビ,27.7,7.0,470(+8),[西] 石坂公一,202202010912
6,7,11,ピュリフィアン,牝5,52.0,横山琉人,1:09.9,3/4,43.2,10.0,430(-2),[西] 松下武士,202202010912
7,1,1,ヒルノローザンヌ,牝3,51.0,泉谷楓真,1:09.9,クビ,8.4,5.0,486(+6),[西] 西村真幸,202202010912
8,4,6,アヴァノス,セ4,57.0,丸山元気,1:10.0,1/2,28.9,9.0,456(-2),[東] 和田正一,202202010912
9,8,14,ナバロン,牡3,54.0,菱田裕二,1:10.2,1.1/4,13.9,6.0,480(+6),[西] 杉山佳明,202202010912
10,4,5,フリートオブフット,牝3,52.0,横山武史,1:10.2,ハナ,3.7,1.0,452(+2),[東] 奥村武,202202010912
11,8,13,ビップアクア,牝3,49.0,小林凌大,1:10.5,1.1/2,95.2,11.0,434(-4),[東] 田島俊明,202202010912
12,6,9,リーチザサミット,セ6,57.0,柴山雄一,1:10.5,アタマ,137.8,13.0,460(+18),[東] 的場均,202202010912
13,5,8,タナキーボー,牡4,54.0,大久保友,1:10.5,クビ,136.0,12.0,502(+2),[西] 清水久詞,202202010912
14,6,10,グランチェイサー,セ5,57.0,荻野琢真,1:10.6,3/4,186.1,14.0,442(-6),[東] 矢野英一,202202010912
