着順,枠番,馬番,馬名,性齢,斤量,騎手,タイム,着差,単勝,人気,馬体重,調教師,race_id
1,3,5,ナムラローズマリー,牝3,55.0,武豊,1:07.9,,1.7,1.0,442(+10),[西] 羽月友彦,202402010101
2,1,2,プレアデスグループ,牝3,55.0,丹内祐次,1:08.4,2.1/2,3.4,2.0,430(-4),[西] 吉岡辰弥,202402010101
3,6,12,ルクスアドラー,牡3,57.0,佐々木大,1:09.1,4,16.3,4.0,462(+4),[西] 須貝尚介,202402010101
4,7,14,カチヌキマリコ,牝3,55.0,大野拓弥,1:09.2,1/2,26.8,6.0,406(0),[東] 天間昭一,202402010101
5,2,3,ステイチューンド,牡3,57.0,北村友一,1:09.3,1/2,29.6,7.0,458(-6),[西] 清水久詞,202402010101
6,7,13,メイショウマサユメ,牝3,52.0,高杉吏麒,1:09.4,1,53.6,10.0,462(-1),[西] 角田晃一,202402010101
7,1,1,ジャヴァネ,牝3,52.0,長浜鴻緒,1:09.6,1,79.5,12.0,408(+2),[東] 加藤和宏,202402010101
8,5,10,キタノワイオリ,牝3,55.0,菱田裕二,1:09.7,1/2,490.4,16.0,392(+2),[東] 本間忍,202402010101
9,5,9,サクラリゲル,牡3,57.0,横山和生,1:09.7,クビ,48.8,9.0,484(+8),[東] 勢司和浩,202402010101
10,2,4,ルチェッタ,牝3,51.0,小林美駒,1:09.9,1.1/2,14.6,3.0,442(+6),[東] 青木孝文,202402010101
11,8,16,ボナール,牡3,57.0,富田暁,1:10.0,1/2,32.1,8.0,434(-12),[西] 武英智,202402010101
12,3,6,リルフロスト,牡3,57.0,鮫島克駿,1:10.1,1/2,61.6,11.0,486(+4),[東] 牧光二,202402010101
13,4,7,モズイージス,牡3,56.0,松本大輝,1:10.2,3/4,135.4,14.0,462(+6),[西] 松下武士,202402010101
14,6,11,プレシャスシル,牝3,52.0,今村聖奈,1:10.2,ハナ,346.3,15.0,422(+2),[東] 菊川正達,202402010101
15,8,15,ブイキャット,牝3,55.0,池添謙一,1:10.4,3/4,106.5,13.0,428(+24),[西] 北出成人,202402010101
16,4,8,フジゴウキャク,牡3,57.0,横山武史,1:10.4,アタマ,16.8,5.0,486(+6),[東] 岩戸孝樹,202402010101
1,7,11,ネバーモア,牝3,55.0,藤岡佑介,1:47.0,,1.6,1.0,482(+4),[西] 宮本博,202402010102
2,7,12,エリカポラリス,牝3,54.0,永野猛蔵,1:47.3,2,6.7,2.0,434(-6),[東] 伊藤圭三,202402010102
3,3,3,ノーブルブランカ,牝3,55.0,鮫島克駿,1:47.5,1,13.6,4.0,428(+10),[西] 牧浦充徳,202402010102
4,2,2,エールヴァーゲ,牝3,55.0,佐々木大,1:47.5,アタマ,40.1,9.0,412(+2),[西] 坂口智康,202402010102
5,5,7,ローマンレイク,牝3,55.0,北村友一,1:47.7,1.1/4,19.7,6.0,414(0),[西] 松永幹夫,202402010102
6,1,1,ナリノイングリッド,牝3,55.0,大野拓弥,1:47.7,ハナ,25.4,8.0,440(+2),[東] 上原博之,202402010102
7,4,6,フルリール,牝3,52.0,高杉吏麒,1:47.9,1.1/4,82.3,12.0,434(+8),[西] 藤岡健一,202402010102
8,6,9,ダンツドール,牝3,55.0,古川吉洋,1:47.9,ハナ,18.1,5.0,456(+2),[西] 四位洋文,202402010102
9,8,13,ブレイクショット,牝3,55.0,横山武史,1:48.2,1.1/2,7.3,3.0,470(+2),[東] 村田一誠,202402010102
10,6,10,シーメジャー,牝3,55.0,池添謙一,1:48.2,ハナ,69.9,11.0,452(+10),[西] 奥村豊,202402010102
11,5,8,フェイマスグラース,牝3,52.0,小林勝太,1:48.2,クビ,103.7,13.0,470(0),[西] 谷潔,202402010102
12,3,4,マルモリミッション,牝3,54.0,角田大河,1:48.7,3,41.6,10.0,466(-6),[西] 大橋勇樹,202402010102
13,8,14,ファイアンス,牝3,55.0,丹内祐次,1:49.8,7,21.2,7.0,458(0),[東] 武市康男,202402010102
14,4,5,タイセイアルテミス,牝3,55.0,富田暁,1:50.8,6,281.1,14.0,432(+12),[西] 高橋義忠,202402010102
1,1,1,サザンカ,牝3,54.0,角田大河,0:58.7,,5.4,2.0,466(+2),[西] 角田晃一,202402010103
2,6,7,ノブノリッキー,牡3,53.0,小林美駒,0:59.1,2,1.4,1.0,514(+4),[東] 中舘英二,202402010103
3,3,3,ラントゥリーダンス,牝3,55.0,小林凌大,0:59.6,3.1/2,98.9,11.0,448(-6),[東] 石栗龍彦,202402010103
4,5,5,アマモト,牡3,57.0,横山和生,1:00.6,6,10.8,3.0,474(+6),[東] 田村康仁,202402010103
5,6,8,アルヘンティニータ,牝3,54.0,永野猛蔵,1:00.7,1/2,57.2,10.0,436(0),[東] 伊藤圭三,202402010103
6,4,4,シュブロンレーヴル,牝3,52.0,川端海翼,1:01.0,2,13.3,4.0,408(0),[西] 杉山佳明,202402010103
7,8,11,テイエムミステリー,牡3,57.0,富田暁,1:01.0,ハナ,23.8,6.0,480(-8),[西] 木原一良,202402010103
8,7,9,シャトーディフ,牝3,52.0,長浜鴻緒,1:01.2,1.1/4,38.4,9.0,428(-12),[東] 矢嶋大樹,202402010103
9,5,6,ミルキーメモリー,牝3,52.0,小林勝太,1:01.2,アタマ,27.5,7.0,452(-2),[東] 牧光二,202402010103
10,7,10,グランヴィルローズ,牝3,52.0,石神深道,1:01.7,2.1/2,487.6,12.0,406(-6),[東] 和田正一,202402010103
11,2,2,ラインアルファ,牡3,57.0,丹内祐次,1:01.8,3/4,19.3,5.0,462(-4),[東] 水野貴広,202402010103
12,8,12,レッドマーレ,牡3,54.0,高杉吏麒,1:01.8,ハナ,34.7,8.0,430(+8),[西] 小椋研介,202402010103
1,3,6,マルカオペラ,牝3,55.0,北村友一,1:48.7,,3.1,1.0,468(-2),[西] 浜田多実,202402010104
2,8,16,スウィートリワード,牝3,55.0,武豊,1:48.7,クビ,4.4,2.0,454(+2),[西] 宮本博,202402010104
3,4,7,ダークファンタジー,牝3,55.0,佐々木大,1:49.0,1.1/2,9.1,5.0,410(0),[西] 須貝尚介,202402010104
4,1,1,マイネルバーテクス,牡3,57.0,富田暁,1:49.0,ハナ,28.0,10.0,494(-2),[東] 水野貴広,202402010104
5,2,3,ラストスピリッツ,牡3,57.0,菱田裕二,1:49.0,アタマ,14.5,7.0,504(+6),[西] 緒方努,202402010104
6,3,5,シャーリーゴールド,牝3,55.0,浜中俊,1:49.2,1,30.1,11.0,452(+8),[西] 須貝尚介,202402010104
7,1,2,ツキガキレイデスネ,牝3,54.0,永野猛蔵,1:49.2,クビ,12.9,6.0,448(+12),[東] 小島茂之,202402010104
8,8,15,シュプリームアロー,牡3,57.0,古川吉洋,1:49.4,1,300.0,15.0,450(-6),[西] 藤野健太,202402010104
9,5,9,ウーロン,牝3,55.0,横山和生,1:49.4,クビ,16.2,8.0,470(0),[東] 上原佑紀,202402010104
10,5,10,タガノエイリアス,牡3,56.0,角田大河,1:49.6,1,21.3,9.0,470(-2),[西] 本田優,202402010104
11,4,8,ファイアクラッカー,牝3,55.0,池添謙一,1:49.7,1/2,8.2,4.0,496(-2),[東] 鹿戸雄一,202402010104
12,6,12,リトルアイドル,牝3,52.0,小林勝太,1:49.7,ハナ,297.1,14.0,372(+2),[東] 加藤和宏,202402010104
13,7,13,ビッグロードヒマリ,牡3,57.0,黛弘人,1:49.7,クビ,564.1,16.0,460(+12),[東] 尾形和幸,202402010104
14,2,4,リート,牝3,52.0,今村聖奈,1:50.5,5,191.3,13.0,450(-10),[西] 高橋一哉,202402010104
15,6,11,ランオブザワールド,牡3,57.0,丹内祐次,1:50.7,1.1/4,7.7,3.0,498(+30),[西] 西村真幸,202402010104
16,7,14,メイショウタッピ,牡3,57.0,斎藤新,1:51.5,5,120.3,12.0,494(0),[西] 池添学,202402010104
1,6,6,ヒデノブルースカイ,牡2,52.0,高杉吏麒,0:57.6,,3.3,1.0,420(0),[西] 梅田智之,202402010105
2,6,7,ワイルドゴーア,牡2,52.0,小林勝太,0:57.9,2,4.4,2.0,450(0),[東] 加藤士津,202402010105
3,5,5,シュードタキライト,牡2,55.0,佐々木大,0:58.0,1,11.5,6.0,488(0),[東] 菊川正達,202402010105
4,8,10,メイショウアゴナス,牡2,54.0,角田大河,0:58.2,1.1/4,5.2,3.0,466(0),[西] 本田優,202402010105
5,2,2,ディラードテソーロ,牡2,54.0,永野猛蔵,0:58.2,アタマ,7.1,4.0,424(0),[東] 畠山吉宏,202402010105
6,1,1,リケアエスプレッソ,牡2,55.0,横山和生,0:58.5,1.1/2,30.4,8.0,424(0),[東] 小野次郎,202402010105
7,4,4,ハッピーダンシング,牝2,52.0,石神深道,0:58.5,アタマ,31.8,9.0,430(0),[東] 和田正一,202402010105
8,3,3,ペタルブランシュ,牝2,55.0,横山武史,0:58.6,1/2,7.5,5.0,396(0),[東] 村田一誠,202402010105
9,7,9,タイセイフランク,牡2,55.0,丹内祐次,0:58.9,2,12.3,7.0,470(0),[東] 栗田徹,202402010105
10,8,11,オールマイタイム,牝2,55.0,北村友一,0:59.3,2,63.3,11.0,388(0),[東] 千葉直人,202402010105
11,7,8,プリスクリプション,牡2,51.0,小林美駒,0:59.9,3.1/2,57.3,10.0,384(0),[西] 杉山佳明,202402010105
1,6,9,セクシーブーケ,牝3,55.0,北村友一,1:46.0,,4.0,3.0,448(+4),[西] 田中克典,202402010106
2,1,1,ミッションルース,牡3,57.0,藤岡佑介,1:46.9,5,7.1,5.0,448(+12),[西] 平田修,202402010106
3,8,14,エコロブレード,牡3,57.0,横山武史,1:47.6,4,3.7,1.0,446(+2),[東] 加藤征弘,202402010106
4,5,7,ジーティースピード,牝3,51.0,古川奈穂,1:47.7,3/4,6.5,4.0,520(0),[西] 矢作芳人,202402010106
5,4,5,ゼットメルベーユ,牝3,55.0,斎藤新,1:47.8,クビ,101.4,10.0,454(-8),[西] 吉田直弘,202402010106
6,2,2,アプラド,牝3,54.0,松本大輝,1:48.1,2,36.7,8.0,468(+8),[西] 新谷功一,202402010106
7,7,11,マテンロウノカゼ,牡3,57.0,横山和生,1:48.3,1.1/4,12.8,6.0,490(+10),[西] 昆貢,202402010106
8,6,10,ヤマトホマレ,牝3,55.0,大野拓弥,1:48.8,3,349.1,14.0,452(+2),[東] 田村康仁,202402010106
9,3,4,クワイトポッシブル,牝3,52.0,川端海翼,1:48.8,クビ,319.9,13.0,412(+4),[西] 小崎憲,202402010106
10,4,6,ドウアドバンテージ,牡3,57.0,武豊,1:48.8,アタマ,3.9,2.0,480(0),[西] 四位洋文,202402010106
11,8,13,ララモンストル,牡3,57.0,菱田裕二,1:49.0,3/4,26.1,7.0,496(+12),[西] 辻野泰之,202402010106
12,5,8,ストレンジャー,牡3,56.0,角田大河,1:49.1,1/2,37.0,9.0,446(+10),[西] 角田晃一,202402010106
13,7,12,クリノタンザナイト,牡3,54.0,高杉吏麒,1:49.2,1/2,290.5,12.0,450(0),[西] 荒川義之,202402010106
14,3,3,フトコロガタナ,牡3,57.0,古川吉洋,1:49.3,1/2,153.7,11.0,484(0),[東] 土田稔,202402010106
1,5,6,フロムナウオン,牡4,55.0,長浜鴻緒,2:00.6,,12.3,5.0,542(-2),[東] 手塚貴久,202402010107
2,6,8,ヴェルテンベルク,牡4,58.0,藤岡佑介,2:00.6,クビ,11.5,3.0,488(+8),[西] 宮本博,202402010107
3,7,11,シルバーカレッジ,牡3,55.0,武豊,2:00.7,クビ,3.8,2.0,500(-2),[西] 武幸四郎,202402010107
4,4,4,ステラクラウン,牝3,53.0,横山武史,2:00.7,ハナ,1.9,1.0,500(+8),[西] 上村洋行,202402010107
5,6,9,マイバラード,牡4,58.0,佐々木大,2:00.7,アタマ,65.6,11.0,470(+2),[東] 松永康利,202402010107
6,2,2,コスモエクスプレス,牡5,58.0,丹内祐次,2:00.7,クビ,19.8,7.0,482(-10),[東] 松永康利,202402010107
7,8,13,ソウルアンドジャズ,牡3,55.0,富田暁,2:00.9,1.1/4,16.6,6.0,500(+2),[東] 武井亮,202402010107
8,5,7,クロスライセンス,牡4,55.0,高杉吏麒,2:01.0,3/4,41.1,9.0,456(0),[東] 鹿戸雄一,202402010107
9,1,1,ミラキュラスドラマ,牡3,55.0,鮫島克駿,2:01.2,1,11.7,4.0,460(+4),[西] 杉山晴紀,202402010107
10,7,10,ニホンピロアリー,牝4,53.0,川端海翼,2:01.2,クビ,220.7,13.0,424(0),[西] 中尾秀正,202402010107
11,3,3,マイネルヒッツェ,牡6,54.0,小林美駒,2:01.4,1,71.8,12.0,468(-2),[東] 粕谷昌央,202402010107
12,8,12,ジーククローネ,牡4,55.0,小林勝太,2:01.4,クビ,64.6,10.0,466(+10),[東] 宮田敬介,202402010107
13,4,5,ラバタンシン,牡4,55.0,今村聖奈,2:01.9,3,23.1,8.0,496(+2),[西] 寺島良,202402010107
1,3,3,パルプフィクション,牝3,53.0,北村友一,0:58.6,,5.8,3.0,446(+16),[西] 飯田祐史,202402010108
2,7,8,リリージェーン,牝4,56.0,丹内祐次,0:58.9,2,16.4,6.0,416(-4),[東] 小手川準,202402010108
3,7,9,フーコサンライズ,牝3,52.0,松本大輝,0:59.0,クビ,2.3,1.0,502(+6),[西] 新谷功一,202402010108
4,1,1,ムーム,牝3,53.0,川又賢治,0:59.2,1,6.4,4.0,454(+2),[西] 杉山佳明,202402010108
5,6,7,サイモンオリーブ,牝4,53.0,高杉吏麒,0:59.3,3/4,39.8,9.0,462(-4),[西] 梅田智之,202402010108
6,8,11,フリントロック,牝4,53.0,小林勝太,0:59.5,1.1/4,28.0,8.0,430(-2),[東] 菊沢隆徳,202402010108
7,6,6,フクノルッカ,牝6,56.0,小林凌大,0:59.8,2,52.4,10.0,456(-6),[東] 堀内岳志,202402010108
8,4,4,サザンレイク,牝4,53.0,長浜鴻緒,0:59.9,3/4,4.5,2.0,490(0),[東] 根本康広,202402010108
9,2,2,ジェニファー,牝3,52.0,角田大河,1:00.2,1.1/2,22.6,7.0,458(+20),[西] 浜田多実,202402010108
10,5,5,バクレツマホウ,牝4,53.0,川端海翼,1:00.3,1,202.9,11.0,434(-4),[東] 本間忍,202402010108
11,8,10,ルクスパラディ,牝3,50.0,小林美駒,1:01.1,5,10.5,5.0,404(0),[東] 上原佑紀,202402010108
1,7,12,メイクユーマイン,牡3,54.0,藤岡佑介,2:39.2,,4.3,2.0,500(-2),[西] 田中克典,202402010109
2,1,1,カムフライ,牡3,54.0,丹内祐次,2:39.5,2,6.0,4.0,512(-4),[東] 辻哲英,202402010109
3,3,5,ペリプルス,牡4,58.0,永野猛蔵,2:39.6,1/2,89.5,12.0,430(+2),[東] 佐藤吉勝,202402010109
4,3,4,ヴィスマール,牡3,54.0,横山武史,2:39.8,1.1/4,5.9,3.0,442(-8),[西] 奥村豊,202402010109
5,5,8,モンブランミノル,牡3,54.0,横山和生,2:40.1,2,2.8,1.0,502(+10),[西] 小栗実,202402010109
6,6,10,オールアイズオン,セ4,58.0,菱田裕二,2:40.2,1/2,95.8,15.0,482(0),[東] 蛯名正義,202402010109
7,2,3,ステラポイント,牝4,56.0,鮫島克駿,2:40.3,クビ,18.7,7.0,448(+2),[西] 杉山晴紀,202402010109
8,8,15,モルトヴェローチェ,牡4,58.0,佐々木大,2:40.4,1/2,18.7,6.0,464(+8),[東] 大竹正博,202402010109
9,4,7,ビッグベルーガ,牡4,58.0,松岡正海,2:40.6,1,60.6,11.0,470(+6),[西] 牧浦充徳,202402010109
10,8,14,ベッラアルバ,牝5,56.0,角田大河,2:40.7,3/4,20.5,8.0,456(-2),[西] 中竹和也,202402010109
11,5,9,タイセイアーサー,牡6,58.0,斎藤新,2:40.8,クビ,49.1,9.0,494(+8),[東] 斎藤誠,202402010109
12,4,6,マケルナマサムネ,牡6,58.0,川又賢治,2:40.9,1/2,91.6,14.0,466(-10),[西] 畑端省吾,202402010109
13,2,2,ノートルプロメス,牡5,58.0,浜中俊,2:41.0,3/4,13.5,5.0,490(-10),[西] 四位洋文,202402010109
14,7,13,ニシノザイホウ,牡3,54.0,松本大輝,2:41.3,1.1/2,90.7,13.0,438(+6),[西] 新谷功一,202402010109
15,6,11,ガウラスパーク,牡3,54.0,池添謙一,2:43.2,大,53.3,10.0,530(+12),[西] 高柳大輔,202402010109
1,3,6,エープラス,牝6,56.0,永野猛蔵,1:47.2,,23.6,9.0,490(0),[東] 池上昌和,202402010110
2,8,15,ラファドゥラ,牝4,56.0,丹内祐次,1:47.3,クビ,4.5,2.0,484(-6),[東] 小島茂之,202402010110
3,2,3,ウィステリアリヴァ,牡4,58.0,横山武史,1:47.4,1,19.5,7.0,498(+2),[東] 小野次郎,202402010110
4,3,5,ナックイルシーブ,牡6,58.0,大野拓弥,1:47.5,クビ,267.6,16.0,518(0),[東] 杉浦宏昭,202402010110
5,2,4,フラミニア,牝4,56.0,鮫島克駿,1:47.5,ハナ,7.6,4.0,470(0),[東] 森一誠,202402010110
6,1,1,マンクスホップ,牝5,56.0,斎藤新,1:47.5,クビ,72.5,14.0,452(+8),[西] 小椋研介,202402010110
7,1,2,ディープレイヤー,牡5,58.0,佐々木大,1:47.6,クビ,24.5,10.0,490(+6),[東] 大和田成,202402010110
8,5,9,コスモフロイデ,牡5,58.0,松岡正海,1:47.6,アタマ,40.1,12.0,476(0),[東] 天間昭一,202402010110
9,7,14,ドラゴンヘッド,牡4,58.0,藤岡佑介,1:47.6,アタマ,22.5,8.0,448(-2),[東] 武藤善則,202402010110
10,6,12,シャドウソニック,牡4,58.0,北村友一,1:47.9,1.3/4,38.7,11.0,508(+2),[西] 辻野泰之,202402010110
11,6,11,エゾダイモン,牡4,58.0,武豊,1:47.9,ハナ,5.8,3.0,470(-6),[西] 武幸四郎,202402010110
12,4,8,タガノチュール,牡6,58.0,富田暁,1:48.2,1.1/2,132.0,15.0,472(-2),[西] 西園翔太,202402010110
13,5,10,ユイ,牝5,56.0,古川奈穂,1:48.4,1.1/4,54.1,13.0,448(0),[西] 高橋康之,202402010110
14,7,13,ピンクジン,牝4,56.0,黛弘人,1:48.6,1.1/4,10.5,5.0,438(+2),[東] 南田美知,202402010110
15,8,16,パワーホール,牡3,55.0,横山和生,1:49.3,4,3.3,1.0,474(-2),[西] 昆貢,202402010110
16,4,7,クレバーテースト,セ5,58.0,浜中俊,1:52.2,大,16.3,6.0,456(-4),[西] 武幸四郎,202402010110
1,2,3,ナリタローゼ,牝6,56.0,角田大河,1:08.6,,21.4,10.0,494(+12),[西] 高橋亮,202402010111
2,4,8,コーティアスマナー,牝3,53.0,鮫島克駿,1:08.6,アタマ,7.1,2.0,438(0),[西] 高橋義忠,202402010111
3,3,5,ポルタフォルトゥナ,牝5,56.0,古川吉洋,1:08.8,1,15.8,8.0,476(+4),[東] 土田稔,202402010111
4,8,16,ワイアウ,牝4,56.0,永野猛蔵,1:08.8,アタマ,115.2,13.0,468(-12),[東] 鈴木慎太,202402010111
5,1,1,スクルプトーリス,牝4,56.0,富田暁,1:08.8,ハナ,54.7,11.0,460(+6),[西] 松下武士,202402010111
6,5,10,アップストローク,セ5,58.0,大野拓弥,1:08.8,クビ,13.5,6.0,456(-4),[東] 杉浦宏昭,202402010111
7,7,14,ニシノコウダイ,牡4,58.0,藤岡佑介,1:08.9,1/2,19.1,9.0,488(-2),[西] 長谷川浩,202402010111
8,1,2,ヴィアドロローサ,牡5,58.0,北村友一,1:09.0,1/2,10.4,3.0,460(+6),[西] 高橋一哉,202402010111
9,6,11,ショウナンアメリア,牝5,56.0,横山和生,1:09.1,クビ,55.4,12.0,452(+6),[東] 奥村武,202402010111
10,5,9,ディオアステリア,牝5,56.0,小林勝太,1:09.2,1/2,15.0,7.0,478(+6),[東] 小野次郎,202402010111
11,3,6,スマートルシーダ,牡6,58.0,武豊,1:09.2,ハナ,13.4,5.0,464(+4),[西] 音無秀孝,202402010111
12,4,7,ミスヨコハマ,牝4,56.0,斎藤新,1:09.3,1,12.8,4.0,474(0),[東] 斎藤誠,202402010111
13,2,4,アララララ,牡3,55.0,丹内祐次,1:09.3,ハナ,1.9,1.0,448(0),[東] 清水英克,202402010111
14,7,13,アンビバレント,牡4,58.0,亀田温心,1:09.8,3,275.5,16.0,466(-6),[西] 藤野健太,202402010111
15,8,15,フクノワカバ,牝4,56.0,菱田裕二,1:10.1,1.1/2,214.0,15.0,436(-12),[西] 杉山佳明,202402010111
16,6,12,オカンモシャチョウ,牝5,56.0,松岡正海,1:10.2,3/4,189.3,14.0,478(+2),[西] 森秀行,202402010111
1,7,11,コパノアントニオ,牡3,52.0,高杉吏麒,1:44.6,,54.1,11.0,470(-8),[西] 梅田智之,202402010112
2,8,13,メジャーデビュー,牝3,50.0,小林美駒,1:44.8,1,51.4,10.0,430(-6),[東] 鈴木慎太,202402010112
3,4,5,エクリプスルバン,牡3,55.0,北村友一,1:44.8,クビ,4.4,2.0,454(-4),[東] 田中博康,202402010112
4,1,1,クォーツァイト,牝3,53.0,斎藤新,1:45.5,4,10.8,6.0,464(+14),[東] 斎藤誠,202402010112
5,4,6,ヤマニンクイッカー,牡5,58.0,丹内祐次,1:45.6,クビ,8.2,4.0,480(+22),[東] 田島俊明,202402010112
6,5,8,カリフォルニア,牡3,55.0,小林凌大,1:45.6,クビ,4.5,3.0,484(+4),[東] 伊藤圭三,202402010112
7,6,10,マーベリックシチー,牡3,55.0,鮫島克駿,1:45.7,クビ,67.0,12.0,462(0),[西] 岡田稲男,202402010112
8,6,9,ナンヨークリスタル,セ4,58.0,藤岡佑介,1:45.7,アタマ,39.7,9.0,480(-8),[西] 松永幹夫,202402010112
9,7,12,リーゼノアール,牡4,58.0,佐々木大,1:46.3,3.1/2,9.1,5.0,498(+4),[東] 国枝栄,202402010112
10,2,2,ケイエイト,牡4,58.0,菱田裕二,1:46.6,2,19.2,8.0,470(+10),[西] 羽月友彦,202402010112
11,8,14,ラーンザロープス,牝3,53.0,武豊,1:46.7,クビ,3.4,1.0,454(+4),[西] 武幸四郎,202402010112
12,3,3,ビッグパレード,牝5,55.0,永野猛蔵,1:46.9,1.1/2,143.0,14.0,508(0),[東] 伊藤大士,202402010112
13,5,7,バルミーウェザー,牡3,55.0,亀田温心,1:47.5,3.1/2,18.9,7.0,464(0),[西] 鮫島一歩,202402010112
14,3,4,チュウワエース,牡5,58.0,大野拓弥,1:47.5,ハナ,135.2,13.0,474(-17),[東] 栗田徹,202402010112
1,4,8,ベアゴーゴー,牝3,55.0,大野拓弥,1:08.4,,1.8,1.0,476(+10),[東] 杉浦宏昭,202402010201
2,3,6,ニシノシャミナード,牝3,54.0,永野猛蔵,1:08.8,2.1/2,6.2,2.0,424(+16),[東] 嘉藤貴行,202402010201
3,2,4,グランテレーズ,牝3,55.0,斎藤新,1:09.0,1.1/2,10.2,4.0,436(+2),[西] 渡辺薫彦,202402010201
4,7,14,ノイヤー,牝3,54.0,角田大河,1:09.2,3/4,16.8,6.0,454(-2),[西] 高橋亮,202402010201
5,5,9,セジールレーヴ,牝3,55.0,坂井瑠星,1:09.3,3/4,18.8,7.0,464(+14),[西] 友道康夫,202402010201
6,8,16,オレンジサファイア,牝3,55.0,菱田裕二,1:09.5,1.1/2,56.2,11.0,462(-4),[西] 岡田稲男,202402010201
7,6,12,フィローシャ,牡3,54.0,小林勝太,1:09.6,クビ,59.3,12.0,464(-6),[東] 菊川正達,202402010201
8,2,3,カフジニホニウム,牡3,53.0,古川奈穂,1:09.7,1/2,12.8,5.0,480(+2),[西] 矢作芳人,202402010201
9,1,2,メイショウマゴイチ,牡3,57.0,武豊,1:09.7,アタマ,7.5,3.0,476(+4),[西] 武幸四郎,202402010201
10,6,11,ライズガール,牝3,55.0,池添謙一,1:09.7,クビ,51.0,10.0,444(+2),[東] 牧光二,202402010201
11,1,1,カントゥータ,牝3,55.0,鮫島克駿,1:10.1,2.1/2,50.3,9.0,444(-6),[西] 茶木太樹,202402010201
12,3,5,シナモンデイジー,牝3,55.0,富田暁,1:10.3,1.1/2,329.8,15.0,462(-4),[東] 菊川正達,202402010201
13,7,13,ズーキャンベラ,牝3,53.0,横山和生,1:10.3,ハナ,120.9,14.0,466(0),[東] 上原佑紀,202402010201
14,4,7,ラインメジャー,牡3,57.0,藤岡佑介,1:11.3,6,82.8,13.0,436(-4),[東] 水野貴広,202402010201
15,8,15,ロマンスシアター,牝3,55.0,亀田温心,1:11.4,1/2,37.6,8.0,462(+20),[西] 鮫島一歩,202402010201
16,5,10,コウエツ,牝3,52.0,長浜鴻緒,1:11.9,3,412.4,16.0,386(-12),[東] 宗像義忠,202402010201
1,7,12,ワンダーカモン,牡3,57.0,川又賢治,1:46.5,,4.3,2.0,470(0),[西] 吉村圭司,202402010202
2,3,3,プラムダンディ,牡3,57.0,丹内祐次,1:46.6,1/2,13.7,5.0,442(+2),[東] 尾形和幸,202402010202
3,6,9,レガッタ,牡3,57.0,横山和生,1:46.8,1,15.1,6.0,474(+2),[西] 昆貢,202402010202
4,8,13,リネアグローリア,牡3,57.0,鮫島克駿,1:46.9,1/2,2.4,1.0,474(+4),[西] 小崎憲,202402010202
5,2,2,ヒデシンイメル,牡3,57.0,藤岡佑介,1:47.1,1.1/2,4.4,3.0,460(0),[西] 武英智,202402010202
6,5,8,オセアトップガン,牡3,57.0,横山武史,1:47.6,3,8.9,4.0,500(+4),[東] 加藤征弘,202402010202
7,5,7,ニホンピロトッティ,牝3,55.0,菱田裕二,1:48.2,3.1/2,146.5,12.0,396(+6),[西] 緒方努,202402010202
8,1,1,サンネリネ,牝3,55.0,古川吉洋,1:48.3,3/4,327.5,14.0,456(+4),[西] 畑端省吾,202402010202
9,3,4,タイガノイッテキ,セ3,57.0,佐々木大,1:48.3,アタマ,79.2,11.0,484(+8),[東] 土田稔,202402010202
10,4,6,メイショウヤスマサ,牡3,56.0,角田大河,1:48.4,クビ,48.4,9.0,462(-4),[西] 本田優,202402010202
11,4,5,アヌーク,牝3,55.0,小林凌大,1:48.9,3,246.2,13.0,420(+12),[東] 石栗龍彦,202402010202
12,6,10,パレスパートナー,牝3,51.0,小林美駒,1:48.9,クビ,25.1,7.0,480(+4),[東] 鈴木伸尋,202402010202
13,7,11,ダイシンカーリー,牝3,52.0,今村聖奈,1:49.1,1,71.2,10.0,434(+2),[西] 吉田直弘,202402010202
14,8,14,アルレジャン,牡3,57.0,坂井瑠星,1:49.5,2.1/2,26.8,8.0,506(-2),[西] 藤原英昭,202402010202
1,8,10,ブレーザー,牡3,57.0,嶋田純次,0:58.7,,3.1,1.0,514(-16),[東] 伊坂重信,202402010203
2,2,2,テイエムタリスマ,牡3,57.0,富田暁,0:59.1,2.1/2,4.7,4.0,468(+6),[西] 木原一良,202402010203
3,5,5,タマモアルタイル,牡3,57.0,横山和生,0:59.5,2.1/2,4.2,2.0,486(0),[東] 水野貴広,202402010203
4,7,8,バッファローライズ,牡3,53.0,小林美駒,0:59.5,アタマ,4.6,3.0,506(-2),[東] 伊藤圭三,202402010203
5,6,6,ヒカルエリザベス,牝3,55.0,古川吉洋,1:00.1,3.1/2,88.1,7.0,462(-4),[東] 的場均,202402010203
6,4,4,フォートボヤール,牡3,54.0,小林勝太,1:00.1,クビ,5.3,5.0,490(-2),[東] 辻哲英,202402010203
7,7,7,スマートレパード,牡3,54.0,高杉吏麒,1:00.6,3,20.4,6.0,508(0),[西] 西園翔太,202402010203
8,8,9,キチロクサクラ,牝3,55.0,佐々木大,1:01.0,2.1/2,140.4,9.0,426(+4),[東] 松永康利,202402010203
9,1,1,キタノスティール,牡3,56.0,永野猛蔵,1:01.2,1,127.2,8.0,460(-2),[東] 粕谷昌央,202402010203
10,3,3,ピカイチキリシマ,牡3,53.0,古川奈穂,1:02.7,9,166.2,10.0,456(+10),[東] 天間昭一,202402010203
1,3,4,サンライズガッツ,牡3,57.0,横山武史,2:40.1,,6.1,3.0,484(+2),[西] 茶木太樹,202402010204
2,2,2,カラーオブジアース,牡3,57.0,横山和生,2:40.2,クビ,8.8,4.0,482(+6),[東] 上原佑紀,202402010204
3,4,6,アークドール,牡3,57.0,武豊,2:40.2,アタマ,13.8,5.0,436(0),[西] 松永幹夫,202402010204
4,8,13,サトノファントム,牡3,57.0,坂井瑠星,2:40.4,1,4.1,2.0,508(-2),[西] 友道康夫,202402010204
5,3,3,ミスガリレオアスク,牝3,51.0,古川奈穂,2:40.4,ハナ,17.6,6.0,432(-4),[西] 矢作芳人,202402010204
6,1,1,ウインメラナイト,牡3,57.0,丹内祐次,2:40.6,1.1/4,20.9,9.0,492(0),[西] 寺島良,202402010204
7,8,14,ヤルダバオト,牡3,54.0,小林勝太,2:40.8,1.1/2,18.1,7.0,430(+8),[東] 蛯名利弘,202402010204
8,6,10,グランドブレーカー,牡3,57.0,松岡正海,2:41.0,3/4,80.1,12.0,518(+4),[東] 西田雄一,202402010204
9,7,12,スターチョウサン,牝3,54.0,永野猛蔵,2:41.1,1/2,2.8,1.0,488(+2),[東] 小島茂之,202402010204
10,5,8,ユーキャンドゥイッ,牡3,57.0,斎藤新,2:42.2,7,27.8,10.0,464(0),[西] 池江泰寿,202402010204
11,6,9,スマートマナリス,牡3,54.0,高杉吏麒,2:42.3,クビ,122.9,14.0,468(0),[西] 石橋守,202402010204
12,4,5,エムバランス,牡3,57.0,富田暁,2:42.7,2.1/2,119.1,13.0,470(-2),[西] 西園翔太,202402010204
13,7,11,ピークブルーム,牝3,55.0,佐々木大,2:42.8,3/4,32.0,11.0,452(0),[東] 蛯名正義,202402010204
14,5,7,ジャンビ,牝3,51.0,小林美駒,2:44.8,大,19.4,8.0,444(-6),[西] 牧田和弥,202402010204
1,3,4,エメラヴィ,牝2,55.0,横山武史,1:09.7,,18.6,8.0,440(0),[西] 松永幹夫,202402010205
2,5,8,カルミネイション,牝2,55.0,菱田裕二,1:10.1,2.1/2,10.8,5.0,426(0),[西] 緒方努,202402010205
3,6,9,グランカメリア,牡2,55.0,池添謙一,1:10.2,3/4,4.1,2.0,480(0),[西] 吉田直弘,202402010205
4,1,1,リンゲルブルーメ,牝2,55.0,鮫島克駿,1:10.4,1,11.1,6.0,482(0),[西] 池添学,202402010205
5,4,6,イガッチ,牡2,55.0,浜中俊,1:10.4,アタマ,5.4,3.0,462(0),[西] 笹田和秀,202402010205
6,6,10,モジャーリオ,牡2,55.0,斎藤新,1:10.4,クビ,3.8,1.0,454(0),[東] 斎藤誠,202402010205
7,8,13,アイヨトワニ,牝2,51.0,小林美駒,1:10.5,クビ,68.8,12.0,446(0),[東] 千葉直人,202402010205
8,8,14,メイショウホダワラ,牝2,55.0,武豊,1:10.6,3/4,8.2,4.0,472(0),[西] 荒川義之,202402010205
9,4,5,アールプロスト,牡2,55.0,藤岡佑介,1:10.6,ハナ,12.4,7.0,486(0),[東] 伊藤大士,202402010205
10,3,3,リケアダージリン,牝2,55.0,横山和生,1:10.9,1.3/4,36.9,11.0,416(0),[東] 小野次郎,202402010205
11,2,2,ニシノクードクール,牝2,54.0,永野猛蔵,1:10.9,ハナ,34.1,10.0,452(0),[東] 武藤善則,202402010205
12,7,12,マハートマーベル,牡2,55.0,佐々木大,1:11.5,4,31.9,9.0,458(0),[西] 西村真幸,202402010205
13,5,7,トリリオンボーイ,牡2,55.0,松岡正海,1:11.9,2.1/2,80.1,13.0,448(0),[東] 武井亮,202402010205
14,7,11,イサチルカムカム,牡2,55.0,川又賢治,1:12.9,6,80.2,14.0,422(0),[東] 竹内正洋,202402010205
1,6,10,ロードオールライト,牡3,57.0,藤岡佑介,2:01.9,,4.6,2.0,514(-4),[西] 中内田充,202402010206
2,5,7,コンテナワールド,牡3,57.0,鮫島克駿,2:02.1,3/4,5.4,3.0,468(+2),[西] 中竹和也,202402010206
3,5,8,サラトガチップス,牡3,57.0,横山武史,2:02.1,ハナ,1.9,1.0,440(-2),[西] 新谷功一,202402010206
4,8,14,プロスペクト,牡3,57.0,佐々木大,2:02.1,クビ,11.3,4.0,512(+10),[西] 須貝尚介,202402010206
5,4,5,トーセンオリックス,牡3,57.0,大野拓弥,2:02.3,1,63.9,10.0,454(+16),[東] 池上昌和,202402010206
6,2,2,ダンツタロン,牡3,56.0,角田大河,2:02.4,1/2,80.7,12.0,486(+6),[西] 本田優,202402010206
7,3,4,ダイユウファリーナ,牡3,57.0,松岡正海,2:02.5,1/2,13.6,5.0,484(0),[東] 松永康利,202402010206
8,3,3,マウリノ,牡3,54.0,長浜鴻緒,2:02.7,1.1/2,65.4,11.0,456(+4),[東] 手塚貴久,202402010206
9,4,6,クライミーアリバー,牝3,55.0,池添謙一,2:02.7,クビ,29.2,8.0,418(+6),[西] 松下武士,202402010206
10,7,12,マイネルガンナー,牡3,57.0,丹内祐次,2:03.0,1.1/2,21.6,6.0,458(0),[東] 畠山吉宏,202402010206
11,1,1,ワイドマルガリータ,牝3,51.0,小林美駒,2:03.2,1.1/4,27.6,7.0,464(0),[西] 西園正都,202402010206
12,6,9,シビックシャルル,牡3,57.0,菱田裕二,2:03.5,2,275.2,14.0,448(+14),[西] 高橋義忠,202402010206
13,7,11,イズジョーノヒカリ,牝3,52.0,川端海翼,2:03.6,クビ,59.4,9.0,478(+4),[西] 中尾秀正,202402010206
14,8,13,ボールドホーク,牡3,53.0,古川奈穂,2:03.6,クビ,232.8,13.0,444(+12),[東] 鈴木慎太,202402010206
1,6,6,レアグリフォン,牡3,52.0,小林勝太,0:58.8,,3.2,1.0,464(0),[東] 稲垣幸雄,202402010207
2,8,9,ミッキースピナッチ,牡4,58.0,浜中俊,0:59.4,3.1/2,3.7,2.0,510(+8),[西] 音無秀孝,202402010207
3,8,10,オオゾラヒバリ,牝3,50.0,長浜鴻緒,0:59.6,1.1/2,4.5,4.0,454(+12),[東] 根本康広,202402010207
4,4,4,ロザシアニン,牝5,56.0,丹内祐次,0:59.7,クビ,74.5,8.0,466(-4),[東] 佐藤吉勝,202402010207
5,2,2,ヨドノゴールド,牡6,54.0,小林美駒,0:59.9,1.1/4,3.8,3.0,472(-2),[西] 西園正都,202402010207
6,1,1,シンゼンシャイン,牡6,55.0,今村聖奈,1:00.0,1/2,16.5,6.0,514(+2),[西] 飯田祐史,202402010207
7,3,3,ニシノルミリオン,牡3,54.0,永野猛蔵,1:00.2,1.1/2,15.0,5.0,482(+6),[東] 武藤善則,202402010207
8,5,5,ヒメカミノイタダキ,牡5,58.0,古川吉洋,1:00.4,1.1/4,25.2,7.0,498(-6),[東] 武市康男,202402010207
9,7,7,キーチズカンパニー,牡5,54.0,古川奈穂,1:00.6,1,161.4,10.0,482(-10),[東] 小手川準,202402010207
10,7,8,ナムラシベラ,牝6,53.0,川端海翼,1:01.3,4,88.8,9.0,448(+4),[西] 藤沢則雄,202402010207
1,4,4,クファシル,牡4,58.0,池添謙一,1:08.8,,38.1,8.0,500(+8),[西] 池添学,202402010208
2,5,6,フィオライア,牝3,53.0,坂井瑠星,1:08.9,3/4,4.6,3.0,458(-2),[西] 西園正都,202402010208
3,7,11,ジョーメッドヴィン,牡3,55.0,佐々木大,1:09.0,クビ,6.0,4.0,500(0),[西] 清水久詞,202402010208
4,6,9,カレンナオトメ,牝3,53.0,黛弘人,1:09.0,アタマ,47.8,9.0,418(-4),[東] 小野次郎,202402010208
5,6,8,スピニングマーリン,牝4,53.0,小林勝太,1:09.0,クビ,120.1,12.0,478(-14),[東] 西田雄一,202402010208
6,5,7,ハッピーパンニャ,牡4,54.0,小林美駒,1:09.0,ハナ,13.2,5.0,506(+6),[東] 鈴木伸尋,202402010208
7,1,1,ゴールドサーベル,牡3,55.0,武豊,1:09.1,1/2,14.7,6.0,464(-4),[西] 大久保龍,202402010208
8,2,2,ワンリオン,牡5,58.0,亀田温心,1:09.2,1/2,63.4,10.0,488(-12),[西] 北出成人,202402010208
9,4,5,メージャーテソーロ,牡4,58.0,丹内祐次,1:09.3,クビ,67.5,11.0,438(-2),[東] 畠山吉宏,202402010208
10,7,10,ヤマニンアストロン,牡3,54.0,角田大河,1:09.3,ハナ,3.1,1.0,492(+12),[西] 石橋守,202402010208
11,8,13,カフェクロニクル,牡5,58.0,菱田裕二,1:09.3,クビ,22.5,7.0,458(-10),[東] 堀宣行,202402010208
12,8,12,カツノテンス,牡4,58.0,松岡正海,1:10.3,6,146.7,13.0,436(-6),[東] 伊藤伸一,202402010208
13,3,3,スカイキャンバス,牝3,53.0,横山武史,1:12.6,大,3.6,2.0,436(-2),[東] 武井亮,202402010208
1,7,7,エラトー,牝3,53.0,横山和生,1:47.9,,3.7,2.0,490(+8),[西] 上村洋行,202402010209
2,1,1,エイシンジェンマ,牝4,56.0,菱田裕二,1:48.4,3,13.1,5.0,498(+4),[西] 中尾秀正,202402010209
3,6,6,ラヴスコール,牝3,53.0,横山武史,1:48.7,1.3/4,2.6,1.0,416(-2),[東] 加藤征弘,202402010209
4,8,8,キーパフォーマー,牝3,53.0,古川吉洋,1:48.7,クビ,56.1,9.0,454(+14),[西] 佐々木晶,202402010209
5,3,3,レディマリオン,牝3,53.0,鮫島克駿,1:48.7,アタマ,4.9,3.0,452(+20),[西] 長谷川浩,202402010209
6,2,2,エイトスターズ,牝4,56.0,武豊,1:48.8,アタマ,5.4,4.0,476(+2),[西] 坂口智康,202402010209
7,4,4,パルクリチュード,牝4,56.0,池添謙一,1:48.9,3/4,20.1,6.0,438(-8),[西] 松永幹夫,202402010209
8,5,5,サトノリーベ,牝5,56.0,坂井瑠星,1:48.9,ハナ,28.0,8.0,432(+2),[西] 藤原英昭,202402010209
9,8,9,ランカグア,牝4,56.0,丹内祐次,1:49.1,1.1/2,27.8,7.0,452(0),[東] 奥村武,202402010209
1,8,13,シゲルショウグン,牡4,55.0,角田大河,1:43.2,,4.6,2.0,508(+12),[西] 大橋勇樹,202402010210
2,6,10,ビーアイオラクル,牡5,57.0,鮫島克駿,1:44.9,10,5.6,3.0,490(+6),[西] 牧田和弥,202402010210
3,1,1,タシロ,牡7,53.0,永野猛蔵,1:45.3,2.1/2,117.0,14.0,534(-2),[東] 伊藤大士,202402010210
4,2,2,レディーシス,牝5,52.0,富田暁,1:45.4,3/4,93.5,13.0,438(+10),[西] 小崎憲,202402010210
5,6,9,アレクサ,牡4,54.0,斎藤新,1:45.8,2.1/2,14.1,6.0,500(-2),[東] 斎藤誠,202402010210
6,7,12,スズカマジェスタ,牡5,56.0,横山和生,1:46.0,1,21.4,8.0,438(0),[西] 須貝尚介,202402010210
7,3,3,メジャークオリティ,牡5,56.0,坂井瑠星,1:46.2,1.1/4,9.2,5.0,490(0),[西] 西園正都,202402010210
8,8,14,ディサイド,牡5,55.0,佐々木大,1:46.4,1,16.5,7.0,486(+2),[西] 高野友和,202402010210
9,5,7,クリノグローリー,牡4,57.0,小林勝太,1:46.4,クビ,2.9,1.0,482(+10),[西] 谷潔,202402010210
10,4,5,ベルシャンソン,牝4,53.0,丹内祐次,1:46.6,1,24.6,9.0,472(+8),[東] 西田雄一,202402010210
11,3,4,ヴァンルーラー,牝5,52.0,菱田裕二,1:47.1,3,53.8,11.0,458(-4),[西] 河嶋宏樹,202402010210
12,5,8,ヒドゥンキング,牡5,57.0,黛弘人,1:47.6,3,8.9,4.0,462(+2),[東] 伊藤大士,202402010210
13,7,11,タロントゥーズ,牡4,56.0,池添謙一,1:47.6,アタマ,32.6,10.0,466(-4),[西] 大久保龍,202402010210
14,4,6,ピッチパーフェクト,牝4,53.0,小林凌大,1:48.8,7,58.3,12.0,490(+2),[東] 伊藤圭三,202402010210
1,2,4,サトノレーヴ,牡5,57.0,浜中俊,1:08.4,,3.6,2.0,532(-2),[東] 堀宣行,202402010211
2,5,10,ウイングレイテスト,牡7,59.0,松岡正海,1:08.6,1.1/4,18.5,5.0,504(0),[東] 畠山吉宏,202402010211
3,7,13,ビッグシーザー,牡4,57.0,坂井瑠星,1:08.6,クビ,7.6,3.0,516(+2),[西] 西園正都,202402010211
4,1,1,サウザンサニー,牡4,57.0,菱田裕二,1:08.6,クビ,24.3,7.0,526(+8),[東] 岩戸孝樹,202402010211
5,3,5,オタルエバー,牡5,57.0,角田大河,1:08.7,アタマ,69.9,13.0,490(0),[西] 中竹和也,202402010211
6,8,16,ゾンニッヒ,牡6,57.0,武豊,1:08.8,1/2,31.0,9.0,476(+2),[西] 池江泰寿,202402010211
7,5,9,キミワクイーン,牝5,56.0,横山武史,1:08.9,1/2,22.7,6.0,454(+2),[東] 奥村武,202402010211
8,7,14,セッション,牡4,57.0,藤岡佑介,1:08.9,ハナ,34.3,11.0,514(-2),[西] 斉藤崇史,202402010211
9,2,3,アサカラキング,牡4,57.0,斎藤新,1:08.9,アタマ,2.3,1.0,524(0),[東] 斎藤誠,202402010211
10,6,11,ジャスティンスカイ,牡5,57.0,池添謙一,1:08.9,クビ,9.9,4.0,538(+2),[西] 友道康夫,202402010211
11,3,6,シナモンスティック,牝5,55.0,丹内祐次,1:09.1,1,33.8,10.0,470(-2),[東] 宗像義忠,202402010211
12,4,7,シュバルツカイザー,セ6,57.0,大野拓弥,1:09.3,1,44.2,12.0,492(-10),[東] 大竹正博,202402010211
13,8,15,マテンロウオリオン,牡5,57.0,横山和生,1:09.4,1/2,98.9,15.0,496(+6),[西] 昆貢,202402010211
14,6,12,ジュビリーヘッド,牡7,57.0,富田暁,1:09.4,ハナ,97.7,14.0,474(-8),[西] 西園翔太,202402010211
15,1,2,カイザーメランジェ,牡9,57.0,佐々木大,1:09.5,3/4,265.4,16.0,490(0),[東] 矢嶋大樹,202402010211
16,4,8,カルネアサーダ,牝5,55.0,鮫島克駿,1:10.6,7,29.2,8.0,472(+6),[西] 福永祐一,202402010211
1,5,5,メリタテス,牝4,52.0,古川奈穂,1:44.2,,7.9,4.0,438(+2),[西] 矢作芳人,202402010212
2,2,2,オーバーザドリーム,牡4,58.0,坂井瑠星,1:44.6,2,9.0,5.0,468(+2),[西] 清水久詞,202402010212
3,1,1,コスモオピニオン,牡4,58.0,丹内祐次,1:44.7,1/2,4.3,2.0,498(0),[東] 黒岩陽一,202402010212
4,5,6,ロードブレイズ,牡3,55.0,横山和生,1:44.7,クビ,2.6,1.0,480(-8),[東] 稲垣幸雄,202402010212
5,4,4,メイショウクモイ,牡4,58.0,武豊,1:45.0,2,5.9,3.0,480(+2),[西] 飯田祐史,202402010212
6,8,12,トウロウノオノ,牝4,52.0,小林美駒,1:46.2,7,11.2,6.0,438(-4),[東] 竹内正洋,202402010212
7,3,3,リードアクトレス,牝3,53.0,古川吉洋,1:46.2,クビ,164.5,11.0,474(+10),[西] 安達昭夫,202402010212
8,6,8,ダノンフューチャー,牡5,55.0,今村聖奈,1:46.3,1/2,31.3,8.0,506(-10),[西] 寺島良,202402010212
9,7,9,アベベ,牡3,52.0,長浜鴻緒,1:46.8,3,14.7,7.0,460(0),[東] 根本康広,202402010212
10,7,10,オリンポスカズマ,牡4,58.0,菱田裕二,1:47.2,2.1/2,49.6,9.0,506(0),[西] 平田修,202402010212
11,6,7,ソルトゴールド,牡5,58.0,富田暁,1:47.2,クビ,253.8,12.0,504(-2),[西] 木原一良,202402010212
12,8,11,サルトルーヴィル,牡4,55.0,高杉吏麒,1:48.4,7,55.9,10.0,508(+10),[東] 牧光二,202402010212
1,8,16,ロードトレイル,牡3,54.0,高杉吏麒,1:09.3,,4.1,2.0,476(0),[西] 藤岡健一,202402010301
2,7,14,テキーラワルツ,牝3,52.0,川端海翼,1:09.4,1,135.8,15.0,428(+4),[西] 大根田裕,202402010301
3,4,7,サニイアール,牝3,55.0,丹内祐次,1:09.5,クビ,8.3,4.0,450(+10),[東] 田村康仁,202402010301
4,8,15,ルクスアドラー,牡3,57.0,佐々木大,1:09.5,クビ,4.9,3.0,460(-2),[西] 須貝尚介,202402010301
5,5,10,ナリタマフディー,牝3,54.0,角田大河,1:09.5,ハナ,31.0,10.0,480(+6),[西] 高橋亮,202402010301
6,5,9,セジールレーヴ,牝3,55.0,鮫島克駿,1:09.6,1/2,13.0,7.0,452(-12),[西] 友道康夫,202402010301
7,2,3,マースフルガール,牝3,55.0,大野拓弥,1:09.7,1,10.1,5.0,400(-6),[東] 杉浦宏昭,202402010301
8,4,8,サクソフィーナ,牝3,55.0,横山武史,1:09.7,ハナ,3.9,1.0,482(0),[東] 田中博康,202402010301
9,1,1,プラビータ,牝3,54.0,永野猛蔵,1:09.7,ハナ,28.5,9.0,488(+2),[東] 矢野英一,202402010301
10,6,11,ポリトナリティー,牝3,52.0,土田真翔,1:09.7,ハナ,80.4,13.0,412(+10),[東] 和田雄二,202402010301
11,3,6,リベリアンガール,牝3,52.0,小林勝太,1:10.0,1.1/2,62.0,12.0,428(+4),[東] 金成貴史,202402010301
12,6,12,ルージュエリシア,牝3,55.0,横山和生,1:10.1,1/2,12.5,6.0,436(+2),[東] 栗田徹,202402010301
13,1,2,シンパティカ,牝3,55.0,古川吉洋,1:10.1,ハナ,21.1,8.0,414(+2),[西] 昆貢,202402010301
14,2,4,スリータイガー,牝3,55.0,斎藤新,1:10.1,アタマ,56.1,11.0,430(+2),[西] 高橋義忠,202402010301
15,3,5,グランバイオレット,牝3,52.0,長浜鴻緒,1:10.4,1.1/2,183.6,16.0,412(+4),[東] 和田正一,202402010301
16,7,13,シャイニングキセキ,牝3,51.0,小林美駒,1:10.4,アタマ,93.0,14.0,418(+26),[西] 小林真也,202402010301
1,4,6,ヨリナエスポワール,牡3,57.0,古川吉洋,1:46.4,,103.4,10.0,528(0),[東] 牧光二,202402010302
2,6,9,スターゲット,牡3,57.0,横山武史,1:46.8,2.1/2,1.6,1.0,454(+6),[東] 中舘英二,202402010302
3,3,4,ハヤブサキンチャン,牝3,52.0,小林勝太,1:47.0,1,65.4,9.0,466(0),[東] 稲垣幸雄,202402010302
4,8,14,フルリール,牝3,52.0,高杉吏麒,1:47.3,2,17.1,5.0,432(-2),[西] 藤岡健一,202402010302
5,5,7,レガッタ,牡3,57.0,横山和生,1:47.4,クビ,5.9,3.0,474(0),[西] 昆貢,202402010302
6,6,10,ラフォンターナ,牡3,57.0,丹内祐次,1:48.1,4,63.5,8.0,526(+6),[東] 中川公成,202402010302
7,7,11,マルモリミッション,牝3,54.0,角田大河,1:48.3,1.1/4,276.6,13.0,474(+8),[西] 大橋勇樹,202402010302
8,5,8,リルフロスト,牡3,57.0,小林凌大,1:48.8,2.1/2,343.6,14.0,490(+4),[東] 牧光二,202402010302
9,1,1,ガルニエ,牡3,53.0,小林美駒,1:48.9,3/4,12.7,4.0,452(+6),[東] 萱野浩二,202402010302
10,2,2,ナムラカメジロー,牡3,57.0,川又賢治,1:49.0,クビ,5.1,2.0,502(0),[西] 杉山佳明,202402010302
11,3,3,アルデリシャス,牝3,55.0,松岡正海,1:49.0,アタマ,275.9,12.0,494(-2),[東] 田中剛,202402010302
12,7,12,ツマヤ,牡3,54.0,長浜鴻緒,1:50.1,7,33.3,7.0,534(0),[東] 相沢郁,202402010302
13,4,5,イズモ,牝3,54.0,永野猛蔵,1:52.1,大,275.5,11.0,452(-2),[東] 水野貴広,202402010302
中,8,13,ランオブザワールド,牡3,57.0,佐々木大,,,18.4,6.0,488(-10),[西] 西村真幸,202402010302
1,8,11,サンマルブーケ,牝3,53.0,藤田菜七,1:00.2,,3.0,1.0,474(-4),[東] 中川公成,202402010303
2,5,6,ディディット,牝3,55.0,富田暁,1:00.3,1/2,7.3,5.0,442(-2),[西] 木原一良,202402010303
3,1,1,ヴェラリーシャ,牝3,54.0,永野猛蔵,1:00.3,クビ,4.0,2.0,482(0),[東] 伊藤圭三,202402010303
4,8,12,コパマエチャン,牝3,52.0,石田拓郎,1:00.4,クビ,6.6,4.0,476(-8),[東] 大和田成,202402010303
5,7,10,ヒカルエリザベス,牝3,55.0,古川吉洋,1:00.9,3,41.5,8.0,464(+2),[東] 的場均,202402010303
6,6,7,ウィスピースノー,牝3,54.0,角田大河,1:01.1,1.1/2,12.1,6.0,434(-4),[西] 今野貞一,202402010303
7,3,3,ポッピン,牝3,52.0,長浜鴻緒,1:01.2,1/2,137.5,12.0,432(0),[東] 和田正一,202402010303
8,4,4,ビービーピケット,牝3,52.0,小林勝太,1:01.3,クビ,109.5,11.0,414(+10),[東] 久保田貴,202402010303
9,6,8,ミツカネエリーズ,牝3,55.0,丹内祐次,1:01.3,アタマ,22.0,7.0,444(-10),[東] 清水英克,202402010303
10,5,5,フタバ,牝3,52.0,今村聖奈,1:01.3,クビ,51.5,9.0,408(+4),[西] 西村真幸,202402010303
11,2,2,ミトロージア,牝3,55.0,佐々木大,1:01.5,1.1/4,95.3,10.0,434(+2),[東] 勢司和浩,202402010303
12,7,9,サトミノエガオ,牝3,55.0,横山武史,1:01.7,1.1/4,5.3,3.0,452(+8),[東] 鈴木伸尋,202402010303
1,7,14,パンジャ,牡3,54.0,小林勝太,2:00.0,,6.3,3.0,470(-4),[東] 金成貴史,202402010304
2,8,16,テンダーデイズ,牝3,55.0,武豊,2:00.8,5,7.8,4.0,482(+8),[西] 笹田和秀,202402010304
3,7,13,ソウルプラウド,牡3,57.0,北村友一,2:00.8,アタマ,52.4,12.0,470(-2),[西] 高橋亮,202402010304
4,6,11,コンドライト,牡3,57.0,横山武史,2:00.8,クビ,3.0,1.0,474(0),[東] 菊沢隆徳,202402010304
5,2,4,レディマキシマ,牝3,55.0,丹内祐次,2:00.9,クビ,20.4,10.0,484(0),[東] 伊藤大士,202402010304
6,4,8,ガルバナム,牡3,57.0,鮫島克駿,2:00.9,ハナ,16.1,7.0,472(0),[西] 渡辺薫彦,202402010304
7,1,1,ブラックバラード,牡3,57.0,横山和生,2:01.1,1.1/4,4.7,2.0,456(-2),[東] 嘉藤貴行,202402010304
8,8,15,プロスペクト,牡3,57.0,浜中俊,2:01.4,1.3/4,13.1,5.0,502(-10),[西] 須貝尚介,202402010304
9,1,2,オンザプラネット,牡3,57.0,菱田裕二,2:02.0,3.1/2,14.1,6.0,490(-8),[西] 佐々木晶,202402010304
10,3,5,ワイドマルガリータ,牝3,52.0,高杉吏麒,2:02.1,1/2,148.2,15.0,462(-2),[西] 西園正都,202402010304
11,4,7,クライミーアリバー,牝3,52.0,長浜鴻緒,2:02.1,クビ,117.0,13.0,418(0),[西] 松下武士,202402010304
12,3,6,サイコウダネ,牡3,53.0,古川奈穂,2:02.3,3/4,18.7,8.0,458(+12),[西] 清水久詞,202402010304
13,2,3,ポーラーシュテルン,牝3,51.0,小林美駒,2:02.3,アタマ,123.5,14.0,490(+12),[東] 青木孝文,202402010304
14,5,10,カリナンラホーヤ,牝3,54.0,松本大輝,2:03.3,6,363.9,16.0,432(+11),[西] 小椋研介,202402010304
15,6,12,フェスティヴカレン,牝3,55.0,佐々木大,2:03.3,アタマ,43.3,11.0,450(+2),[東] 天間昭一,202402010304
16,5,9,ブリージョドラード,牡3,57.0,藤岡佑介,2:03.5,1.1/2,19.6,9.0,444(-2),[西] 中内田充,202402010304
1,2,2,ヴーレヴー,牝2,55.0,浜中俊,1:09.2,,3.2,2.0,466(0),[西] 武幸四郎,202402010305
2,3,3,チギリ,牝2,55.0,横山武史,1:09.4,1.1/2,4.1,3.0,456(0),[東] 鹿戸雄一,202402010305
3,7,7,ドゥアムール,牝2,55.0,横山和生,1:09.5,1/2,2.6,1.0,460(0),[西] 中竹和也,202402010305
4,4,4,ラピッドグロウス,牝2,55.0,鮫島克駿,1:10.0,3,6.8,4.0,400(0),[西] 長谷川浩,202402010305
5,5,5,ラーナローザ,牝2,55.0,丹内祐次,1:10.1,クビ,7.9,5.0,484(0),[東] 畠山吉宏,202402010305
6,6,6,ビップジェシー,牝2,55.0,佐々木大,1:11.5,9,67.2,7.0,410(0),[東] 田島俊明,202402010305
7,1,1,モモイロタンポポ,牝2,55.0,大野拓弥,1:14.4,大,36.7,6.0,398(0),[東] 高木登,202402010305
1,7,7,リリーフィールド,牝2,55.0,武豊,0:59.0,,2.8,2.0,436(0),[西] 小崎憲,202402010306
2,1,1,オカメノコイ,牝2,55.0,藤岡佑介,1:00.0,6,8.4,4.0,448(0),[東] 小笠倫弘,202402010306
3,8,8,ユリ,牝2,54.0,永野猛蔵,1:00.9,5,2.6,1.0,472(0),[東] 伊藤圭三,202402010306
4,6,6,ゴールドシリカ,牝2,54.0,角田大河,1:01.1,1,14.8,5.0,426(0),[西] 浜田多実,202402010306
5,5,5,ジョイナーテソーロ,牝2,55.0,丹内祐次,1:01.5,2.1/2,3.8,3.0,426(0),[東] 小手川準,202402010306
6,4,4,サノノスウィフト,牝2,52.0,長浜鴻緒,1:02.0,3,46.9,7.0,400(0),[東] 蛯名利弘,202402010306
7,2,2,ロジディーズ,牝2,52.0,石田拓郎,1:02.1,3/4,20.8,6.0,432(0),[東] 新開幸一,202402010306
除,3,3,ローレルゼロ,牡2,55.0,斎藤新,,,---,,458(0),[西] 高橋康之,202402010306
1,2,3,カテリーナ,牝3,55.0,北村友一,1:47.9,,2.4,1.0,460(-8),[西] 田中克典,202402010307
2,3,6,スウィートリワード,牝3,55.0,武豊,1:48.1,1.1/2,2.9,2.0,454(0),[西] 宮本博,202402010307
3,2,4,オレンジダンサー,牝3,55.0,鮫島克駿,1:48.5,2.1/2,16.7,5.0,436(0),[西] 高野友和,202402010307
4,7,14,シャーリーゴールド,牝3,55.0,浜中俊,1:48.6,3/4,54.1,9.0,448(-4),[西] 須貝尚介,202402010307
5,4,8,ルージュピルエット,牝3,55.0,菱田裕二,1:48.7,アタマ,8.9,4.0,478(0),[西] 大久保龍,202402010307
6,5,10,ヴァレリア,牝3,53.0,藤田菜七,1:48.7,ハナ,19.4,6.0,448(+2),[東] 青木孝文,202402010307
7,8,16,アミアン,牝3,55.0,横山武史,1:48.7,アタマ,24.4,7.0,414(+6),[東] 鹿戸雄一,202402010307
8,4,7,ウインキャロライン,牝3,55.0,丹内祐次,1:48.8,1,7.8,3.0,506(+10),[西] 杉山晴紀,202402010307
9,7,13,エグザルテーション,牝3,52.0,高杉吏麒,1:48.9,クビ,74.9,11.0,442(0),[西] 渡辺薫彦,202402010307
10,3,5,ヴァイゼ,牝3,55.0,横山和生,1:49.1,1.1/4,239.5,16.0,424(+8),[西] 中村直也,202402010307
11,6,12,チビノシエラザード,牝3,55.0,佐々木大,1:49.1,アタマ,34.4,8.0,442(-4),[東] 和田勇介,202402010307
12,6,11,エールクイーン,牝3,55.0,松岡正海,1:49.3,1.1/4,159.1,14.0,476(+14),[西] 牧田和弥,202402010307
13,8,15,モカラルビー,牝3,52.0,川端海翼,1:49.5,1.1/4,75.0,12.0,406(0),[西] 四位洋文,202402010307
14,1,2,マリガーネット,牝3,52.0,小林勝太,1:49.5,ハナ,68.8,10.0,388(+6),[東] 久保田貴,202402010307
15,5,9,ブーケドグレイス,牝3,52.0,長浜鴻緒,1:49.6,3/4,211.0,15.0,474(+2),[東] 相沢郁,202402010307
16,1,1,マリノエルドラド,牝3,55.0,藤岡佑介,1:49.8,1.1/4,106.0,13.0,430(+2),[西] 藤岡健一,202402010307
1,5,6,ニルアドミラリ,セ6,55.0,高杉吏麒,0:59.0,,3.6,3.0,552(+4),[東] 和田正一,202402010308
2,7,9,ヨドノゴールド,牡6,58.0,横山武史,0:59.7,4,3.2,2.0,472(0),[西] 西園正都,202402010308
3,8,12,スピードパンサー,牡3,51.0,小林美駒,0:59.7,アタマ,3.1,1.0,490(-2),[東] 尾形和幸,202402010308
4,8,11,カップッチョ,牡7,58.0,黛弘人,0:59.9,1.1/2,39.4,8.0,492(-4),[東] 石毛善彦,202402010308
5,3,3,サザンレイク,牝4,54.0,藤田菜七,0:59.9,クビ,6.1,4.0,490(0),[東] 根本康広,202402010308
6,6,7,ジェニファー,牝3,52.0,角田大河,1:00.0,クビ,19.5,5.0,452(-6),[西] 浜田多実,202402010308
7,5,5,タッカー,牡3,55.0,丹内祐次,1:00.3,1.3/4,29.1,7.0,482(+6),[東] 清水英克,202402010308
8,4,4,パクスロマーナ,牝4,56.0,荻野琢真,1:00.4,3/4,89.7,10.0,420(-8),[西] 藤沢則雄,202402010308
9,7,10,イテマエダセン,牡4,58.0,古川吉洋,1:00.5,クビ,107.2,11.0,478(-8),[東] 的場均,202402010308
10,6,8,カツノテンス,牡4,58.0,松岡正海,1:00.5,クビ,89.2,9.0,436(0),[東] 伊藤伸一,202402010308
11,2,2,アップフルーク,牡5,55.0,小林勝太,1:00.6,1/2,20.8,6.0,512(-4),[東] 松山将樹,202402010308
除,1,1,サイモンオリーブ,牝4,52.0,古川奈穂,,,---,,468(+6),[西] 梅田智之,202402010308
1,6,6,ジューンブレア,牝3,53.0,武豊,1:08.1,,3.9,2.0,478(+10),[西] 武英智,202402010309
2,3,3,アンドアイラヴハー,牝3,53.0,横山武史,1:08.2,3/4,1.5,1.0,478(-2),[東] 田村康仁,202402010309
3,4,4,バシレウスシチー,牡5,58.0,菱田裕二,1:08.5,1.1/2,12.5,4.0,452(+4),[西] 岡田稲男,202402010309
4,5,5,セイウンサニー,牝3,53.0,永野猛蔵,1:08.6,1,102.9,8.0,454(+10),[東] 伊坂重信,202402010309
5,8,8,レイニングキャット,牡3,55.0,丹内祐次,1:08.6,クビ,5.8,3.0,506(+16),[東] 岩戸孝樹,202402010309
6,1,1,アンタノバラード,牝4,56.0,黛弘人,1:08.6,ハナ,15.8,5.0,444(+10),[東] 伊藤大士,202402010309
7,2,2,クラックオブドーン,セ4,58.0,北村友一,1:09.1,3,42.1,6.0,476(+2),[西] 藤野健太,202402010309
8,7,7,ブラヴィーノ,牡5,58.0,佐々木大,1:09.1,クビ,73.9,7.0,470(+20),[東] 天間昭一,202402010309
1,2,2,キットハナガサク,牝3,53.0,佐々木大,1:59.8,,3.4,1.0,446(-4),[東] 武井亮,202402010310
2,5,5,エイトスターズ,牝4,56.0,武豊,1:59.9,3/4,3.5,2.0,476(0),[西] 坂口智康,202402010310
3,5,6,ノーブルスカイ,牡3,55.0,鮫島克駿,1:59.9,クビ,7.2,3.0,468(+2),[西] 高柳大輔,202402010310
4,4,4,コスモエクスプレス,牡5,58.0,丹内祐次,2:00.1,1.1/4,12.3,7.0,484(+2),[東] 松永康利,202402010310
5,3,3,ルークスヘリオス,牡5,58.0,横山和生,2:00.2,クビ,10.9,5.0,486(-4),[東] 中川公成,202402010310
6,7,9,ノートルプロメス,牡5,58.0,藤岡佑介,2:00.3,1/2,21.2,8.0,492(+2),[西] 四位洋文,202402010310
7,8,12,ブリスキー,セ4,58.0,菱田裕二,2:00.5,1.1/4,11.9,6.0,466(-4),[東] 堀宣行,202402010310
8,8,11,ジーククローネ,牡4,58.0,大野拓弥,2:00.5,クビ,76.6,12.0,458(-8),[東] 宮田敬介,202402010310
9,1,1,ユイノオトコヤマ,牡4,58.0,松岡正海,2:00.6,3/4,26.9,9.0,470(+6),[東] 深山雅史,202402010310
10,6,8,ポーレット,牝4,56.0,北村友一,2:00.8,1.1/4,7.3,4.0,482(+6),[西] 吉岡辰弥,202402010310
11,7,10,ゼットスパンキー,牡3,55.0,古川吉洋,2:01.5,4,41.6,10.0,460(+6),[西] 宮徹,202402010310
12,6,7,マイモーメント,セ4,58.0,永野猛蔵,2:03.0,9,45.7,11.0,504(+2),[東] 国枝栄,202402010310
1,6,8,レッドアヴァンティ,牡5,58.0,武豊,1:08.8,,4.8,3.0,508(+18),[東] 尾関知人,202402010311
2,6,7,ニシノコウダイ,牡4,58.0,藤岡佑介,1:08.9,1,9.8,5.0,482(-6),[西] 長谷川浩,202402010311
3,2,2,トーセンサンダー,牡5,58.0,大野拓弥,1:08.9,ハナ,4.0,2.0,484(-4),[東] 杉浦宏昭,202402010311
4,5,6,サウンドクレア,牝5,56.0,鮫島克駿,1:09.0,1/2,22.7,7.0,446(-6),[西] 安達昭夫,202402010311
5,5,5,イグニション,牡4,58.0,菱田裕二,1:09.0,ハナ,36.6,10.0,470(0),[西] 畑端省吾,202402010311
6,8,11,ジョリダム,牝4,56.0,富田暁,1:09.0,アタマ,63.3,11.0,444(-2),[西] 武英智,202402010311
7,7,9,アンビバレント,牡4,58.0,池添謙一,1:09.0,アタマ,116.4,12.0,464(-2),[西] 藤野健太,202402010311
8,4,4,オルフェスト,牝4,56.0,横山武史,1:09.1,クビ,3.5,1.0,450(+8),[東] 池上昌和,202402010311
9,3,3,ステルナティーア,牝5,56.0,丹内祐次,1:09.1,ハナ,13.9,6.0,448(-4),[東] 木村哲也,202402010311
10,1,1,ニシノレバンテ,牡5,58.0,永野猛蔵,1:09.2,1/2,23.9,8.0,492(+4),[東] 栗田徹,202402010311
11,7,10,ミズノコキュウ,牝5,56.0,松岡正海,1:09.3,3/4,36.3,9.0,426(+4),[東] 水野貴広,202402010311
12,8,12,ランドオブラヴ,牝4,56.0,佐々木大,1:09.4,クビ,5.7,4.0,432(+8),[東] 蛯名正義,202402010311
1,6,9,テンクウジョー,牡3,55.0,横山和生,1:46.3,,4.5,2.0,472(0),[東] 小西一男,202402010312
2,8,14,カリフォルニア,牡3,55.0,小林凌大,1:46.4,1/2,4.8,3.0,480(-4),[東] 伊藤圭三,202402010312
3,7,12,エーデル,牝3,53.0,丹内祐次,1:46.7,2,5.3,4.0,462(0),[東] 金成貴史,202402010312
4,4,5,エンセリオ,牝3,53.0,鮫島克駿,1:47.0,1.3/4,36.0,9.0,442(+8),[東] 小笠倫弘,202402010312
5,8,13,フェルンマンボ,牝5,56.0,横山武史,1:47.1,1/2,3.7,1.0,470(+4),[西] 辻野泰之,202402010312
6,4,6,スート,牡3,55.0,富田暁,1:47.2,クビ,14.5,6.0,460(-4),[東] 林徹,202402010312
7,3,3,フォンメイリー,牝5,55.0,永野猛蔵,1:47.2,クビ,24.4,8.0,482(0),[東] 粕谷昌央,202402010312
8,2,2,ガウラスパーク,牡3,55.0,池添謙一,1:47.7,3,22.0,7.0,526(-4),[西] 高柳大輔,202402010312
9,1,1,アカツキロットリー,牡4,55.0,長浜鴻緒,1:48.2,3,46.9,11.0,476(0),[東] 根本康広,202402010312
10,5,8,ソルトゴールド,牡5,58.0,古川吉洋,1:48.2,ハナ,275.5,14.0,506(+2),[西] 木原一良,202402010312
11,3,4,ワンダーウィルク,牡5,58.0,荻野琢真,1:48.3,クビ,38.0,10.0,504(-2),[西] 今野貞一,202402010312
12,5,7,スマイルヴィヴァン,牝6,56.0,菱田裕二,1:48.6,2,258.0,13.0,430(-4),[東] 高橋文雅,202402010312
13,7,11,チュウワエース,牡5,55.0,小林勝太,1:49.0,2.1/2,166.3,12.0,466(-8),[東] 栗田徹,202402010312
14,6,10,ベルメサイア,牝3,53.0,佐々木大,1:55.6,大,7.7,5.0,494(+12),[西] 西村真幸,202402010312
1,3,3,タマモプルメリア,牝3,52.0,高杉吏麒,1:46.7,,10.1,6.0,446(-2),[西] 大橋勇樹,202402010401
2,1,1,イラーナ,牝3,52.0,小林勝太,1:47.1,2.1/2,4.6,3.0,436(0),[東] 林徹,202402010401
3,3,4,ゴルトヴェーレ,牝3,54.0,角田大河,1:48.4,8,134.3,12.0,476(-4),[東] 水野貴広,202402010401
4,5,7,カネコメファミリー,牝3,55.0,菱田裕二,1:48.5,アタマ,7.8,5.0,490(+6),[西] 中尾秀正,202402010401
5,4,5,ラブリーサイン,牝3,55.0,横山武史,1:48.7,1.1/2,7.5,4.0,492(-2),[西] 牧浦充徳,202402010401
6,6,10,ベストベルシック,牝3,51.0,小林美駒,1:48.8,1/2,125.2,11.0,416(+6),[東] 森一誠,202402010401
7,8,13,プレゼンティーア,牝3,55.0,藤岡佑介,1:48.8,アタマ,3.1,1.0,474(-6),[西] 田中克典,202402010401
8,5,8,リヴィングカラー,牝3,55.0,丹内祐次,1:49.1,1.3/4,56.0,10.0,400(-6),[東] 小笠倫弘,202402010401
9,7,12,ダークファンタジー,牝3,55.0,佐々木大,1:49.1,クビ,18.1,7.0,410(0),[西] 須貝尚介,202402010401
10,8,14,サテフィカ,牝3,55.0,亀田温心,1:49.3,1,55.9,9.0,500(0),[西] 鮫島一歩,202402010401
11,2,2,メイショウコオロギ,牝3,55.0,武豊,1:49.5,1.1/2,4.3,2.0,434(+2),[東] 和田勇介,202402010401
12,6,9,ギースバッハ,牝3,54.0,永野猛蔵,1:50.0,3,48.0,8.0,444(-2),[東] 加藤征弘,202402010401
13,7,11,ヘルツアス,牝3,55.0,大野拓弥,1:50.6,3.1/2,195.6,13.0,404(+2),[西] 森田直行,202402010401
14,4,6,ウィンドブレイク,牝3,52.0,川端海翼,1:50.8,1.1/4,233.0,14.0,412(-2),[西] 野中賢二,202402010401
1,3,5,ヘキルリ,牝3,54.0,永野猛蔵,1:09.4,,36.5,10.0,442(-4),[東] 小笠倫弘,202402010402
2,5,9,アムールリーベ,牝3,54.0,角田大河,1:09.5,1/2,12.3,5.0,486(+6),[西] 友道康夫,202402010402
3,2,4,テリオスソラ,牝3,55.0,鮫島克駿,1:09.5,クビ,13.6,6.0,466(-6),[西] 松下武士,202402010402
4,1,2,モリエヌス,牝3,52.0,高杉吏麒,1:09.6,クビ,28.8,9.0,392(+4),[西] 荒川義之,202402010402
5,2,3,ヴィーケン,牡3,54.0,長浜鴻緒,1:09.8,1,5.7,3.0,494(+12),[西] 高橋康之,202402010402
6,4,8,シンデレラタイム,牝3,55.0,横山武史,1:09.8,クビ,12.1,4.0,454(-2),[東] 大竹正博,202402010402
7,1,1,イロンデル,牡3,57.0,菱田裕二,1:09.9,3/4,25.8,8.0,460(-18),[東] 小手川準,202402010402
8,7,13,ドレッド,牡3,57.0,丹内祐次,1:09.9,クビ,2.2,1.0,462(-6),[東] 栗田徹,202402010402
9,5,10,ノブアンドホワイト,牝3,52.0,小林勝太,1:10.1,1,125.2,13.0,438(0),[東] 堀内岳志,202402010402
10,7,14,ココモローズ,牝3,55.0,大野拓弥,1:10.1,アタマ,87.4,12.0,424(+4),[東] 高木登,202402010402
11,6,12,シームレス,牝3,55.0,佐々木大,1:10.3,1.1/2,21.4,7.0,434(+6),[西] 小林真也,202402010402
12,6,11,カネトシテミス,牝3,52.0,川端海翼,1:10.5,1.1/4,263.4,15.0,420(0),[西] 大根田裕,202402010402
13,4,7,モズマサニャン,牡3,57.0,武豊,1:10.6,クビ,4.9,2.0,452(+2),[東] 加藤征弘,202402010402
14,8,16,ラインメジャー,牡3,54.0,今村聖奈,1:10.7,1/2,303.7,16.0,436(0),[東] 水野貴広,202402010402
15,8,15,アルーリングソレル,牝3,55.0,池添謙一,1:11.1,2.1/2,143.1,14.0,450(+2),[西] 渡辺薫彦,202402010402
16,3,6,レッドマーレ,牡3,53.0,小林美駒,1:11.1,クビ,51.8,11.0,426(-4),[西] 小椋研介,202402010402
1,6,7,バッファローライズ,牡3,56.0,永野猛蔵,0:59.4,,11.7,5.0,508(+2),[東] 伊藤圭三,202402010403
2,6,8,ペレグリン,牝3,55.0,鮫島克駿,0:59.8,2.1/2,6.0,3.0,428(+2),[西] 河嶋宏樹,202402010403
3,2,2,マリノルージュ,牝3,55.0,佐々木大,1:00.3,3,7.8,4.0,462(+10),[東] 田島俊明,202402010403
4,8,11,アイリュール,牝3,55.0,松岡正海,1:00.6,2,91.6,11.0,458(-4),[東] 田中剛,202402010403
5,7,10,クーリッジテソーロ,牡3,57.0,丹内祐次,1:00.8,3/4,5.5,2.0,464(+6),[東] 栗田徹,202402010403
6,7,9,ミッキーイーグル,牡3,54.0,長浜鴻緒,1:01.0,1.1/4,86.9,10.0,454(-2),[東] 久保田貴,202402010403
7,5,5,ノブノリッキー,牡3,53.0,小林美駒,1:01.1,1/2,1.8,1.0,518(+4),[東] 中舘英二,202402010403
8,1,1,スマートレパード,牡3,56.0,角田大河,1:01.1,ハナ,60.9,9.0,504(-4),[西] 西園翔太,202402010403
9,5,6,デリングシチー,牡3,54.0,小林勝太,1:01.6,3,28.9,7.0,472(+6),[東] 奥平雅士,202402010403
10,3,3,スリークロス,牡3,54.0,高杉吏麒,1:01.8,1.1/4,58.6,8.0,562(0),[西] 千田輝彦,202402010403
11,8,12,オレンジブルボン,牡3,54.0,今村聖奈,1:01.9,1/2,20.6,6.0,486(+14),[東] 武市康男,202402010403
12,4,4,クィーンミツコ,牝3,55.0,黛弘人,1:02.4,3,274.7,12.0,482(+2),[東] 勢司和浩,202402010403
1,7,11,コパノエビータ,牝3,52.0,長浜鴻緒,1:46.6,,6.0,4.0,406(+4),[東] 手塚貴久,202402010404
2,3,3,サンライズシア,牡3,57.0,佐々木大,1:47.0,2.1/2,3.6,2.0,502(+4),[西] 石坂公一,202402010404
3,6,10,テトラード,牡3,57.0,武豊,1:47.3,2,6.0,3.0,462(+4),[西] 坂口智康,202402010404
4,4,5,サンマルミッション,牡3,56.0,永野猛蔵,1:47.8,3,17.3,7.0,444(+2),[東] 和田勇介,202402010404
5,8,14,ジューンサレンダー,牡3,54.0,今村聖奈,1:48.2,2.1/2,36.0,8.0,454(+6),[西] 今野貞一,202402010404
6,1,1,サンティーラ,牡3,54.0,小林勝太,1:48.2,クビ,73.0,9.0,446(+14),[東] 竹内正洋,202402010404
7,8,13,ネオクラウン,牡3,53.0,小林美駒,1:48.3,クビ,133.7,10.0,486(+10),[東] 鈴木伸尋,202402010404
8,4,6,スターティアラ,牝3,55.0,亀田温心,1:48.9,3.1/2,286.6,13.0,454(-2),[西] 高柳大輔,202402010404
9,2,2,ハテナビト,牡3,57.0,丹内祐次,1:49.1,1.1/2,3.3,1.0,470(+14),[西] 吉岡辰弥,202402010404
10,7,12,タロサンダー,牡3,56.0,秋山稔樹,1:49.4,1.1/2,12.0,6.0,488(-6),[西] 杉山佳明,202402010404
11,6,9,ダブルブラック,牡3,57.0,小林凌大,1:49.7,2,219.1,12.0,446(-4),[東] 小西一男,202402010404
12,5,7,ワンダーアレグリア,牝3,55.0,大野拓弥,1:54.3,大,217.1,11.0,426(+8),[西] 森田直行,202402010404
13,5,8,リュクスレオン,牡3,57.0,鮫島克駿,1:54.9,3.1/2,7.0,5.0,474(+6),[東] 高柳瑞樹,202402010404
取,3,4,ユイノサンバンカン,牡3,56.0,角田大河,,,---,,計不,[東] 深山雅史,202402010404
1,5,5,ニシノラヴァンダ,牝2,54.0,永野猛蔵,1:09.3,,2.0,1.0,416(0),[東] 奥平雅士,202402010405
2,2,2,ダイチラポール,牡2,52.0,長浜鴻緒,1:10.0,4,54.5,7.0,460(0),[東] 蛯名利弘,202402010405
3,3,3,スリーピース,牡2,55.0,佐々木大,1:10.1,3/4,3.6,2.0,460(0),[東] 武井亮,202402010405
4,4,4,ワイルドブッター,牡2,55.0,横山武史,1:10.2,1/2,3.6,3.0,482(0),[西] 武英智,202402010405
5,7,7,ヒロノエクスカリバ,牡2,51.0,小林美駒,1:11.1,5,20.4,5.0,438(0),[東] 小手川準,202402010405
6,6,6,サスペンスクィーン,牝2,55.0,丹内祐次,1:11.1,アタマ,8.4,4.0,440(0),[東] 和田雄二,202402010405
7,1,1,シンゼンマルノスケ,牡2,52.0,高杉吏麒,1:12.4,8,36.7,6.0,454(0),[西] 荒川義之,202402010405
1,8,16,オトコギアンパン,牡3,54.0,高杉吏麒,1:49.1,,5.0,2.0,486(+10),[西] 小栗実,202402010406
2,6,11,サンウリエル,牡3,57.0,横山武史,1:49.3,1,2.5,1.0,476(+4),[西] 宮本博,202402010406
3,2,3,レジーナチェリ,牡3,57.0,松岡正海,1:49.5,1.1/2,8.0,4.0,428(-4),[東] 伊藤伸一,202402010406
4,6,12,ホウオウダイアン,牝3,55.0,大野拓弥,1:49.6,3/4,37.3,12.0,412(-6),[東] 高柳瑞樹,202402010406
5,4,7,フォルティシーム,セ3,57.0,鮫島克駿,1:49.7,1/2,31.2,9.0,450(-16),[西] 佐々木晶,202402010406
6,5,9,スターシャワー,牝3,54.0,永野猛蔵,1:49.9,1.1/4,6.7,3.0,490(+8),[東] 古賀慎明,202402010406
7,3,6,ベルベットハンマー,牝3,55.0,丹内祐次,1:49.9,ハナ,67.6,14.0,432(-10),[東] 天間昭一,202402010406
8,7,13,スターメイデン,牝3,55.0,菱田裕二,1:50.1,1.1/2,34.2,10.0,470(0),[西] 吉村圭司,202402010406
9,1,1,グディンナ,牝3,51.0,小林美駒,1:50.3,1,12.8,5.0,404(-4),[西] 牧田和弥,202402010406
10,4,8,ポッドロイ,牡3,56.0,角田大河,1:50.4,1/2,37.1,11.0,464(-12),[西] 小林真也,202402010406
11,2,4,クリノエクリプス,牡3,54.0,川端海翼,1:50.4,アタマ,258.7,16.0,462(-14),[西] 大根田裕,202402010406
12,1,2,フォルガイル,牡3,54.0,長浜鴻緒,1:50.5,1/2,20.5,7.0,444(+6),[東] 加藤和宏,202402010406
13,8,15,スカイレディ,牝3,52.0,小林勝太,1:50.7,1.1/4,37.3,13.0,486(0),[東] 宮田敬介,202402010406
14,3,5,ペアスリール,牝3,55.0,黛弘人,1:51.0,1.3/4,182.1,15.0,434(-8),[東] 青木孝文,202402010406
15,7,14,キツネノヨメイリ,牝3,55.0,佐々木大,1:51.0,クビ,21.8,8.0,484(+6),[東] 上原佑紀,202402010406
16,5,10,キガタレイ,牝3,55.0,横山和生,1:51.8,5,19.5,6.0,482(+8),[東] 竹内正洋,202402010406
1,7,12,ミッキーマカロン,牝4,56.0,菱田裕二,1:45.3,,29.2,9.0,442(+12),[西] 大久保龍,202402010407
2,7,11,ウェイトゥゴー,牝3,53.0,横山和生,1:45.3,クビ,17.8,7.0,462(-2),[西] 須貝尚介,202402010407
3,4,5,ランスノーブル,牝4,56.0,大野拓弥,1:45.9,3.1/2,3.2,1.0,468(+8),[東] 上原博之,202402010407
4,1,1,アイスリンディ,牝3,53.0,亀田温心,1:46.0,3/4,72.5,13.0,448(+6),[西] 高柳大輔,202402010407
5,8,14,チャプリ,牝5,56.0,藤岡佑介,1:46.2,3/4,13.0,6.0,474(+16),[東] 高木登,202402010407
6,5,8,モデルハント,牝3,52.0,角田大河,1:46.3,3/4,4.0,2.0,442(+4),[東] 武藤善則,202402010407
7,3,3,レーヴドレフォン,牝3,50.0,川端海翼,1:46.4,クビ,11.8,5.0,474(+18),[西] 矢作芳人,202402010407
8,8,13,イモータルフェイム,牝5,56.0,丹内祐次,1:46.4,クビ,5.7,3.0,488(-10),[東] 鹿戸雄一,202402010407
9,3,4,ビップレーヌ,牝3,53.0,横山武史,1:46.6,1.1/4,6.9,4.0,468(+4),[東] 高柳瑞樹,202402010407
10,5,7,タマモネモフィラ,牝4,53.0,高杉吏麒,1:46.9,2,47.5,10.0,478(+10),[西] 大橋勇樹,202402010407
11,4,6,サンマルリアン,牝4,56.0,古川吉洋,1:47.5,3.1/2,134.2,14.0,440(-4),[東] 土田稔,202402010407
12,6,9,リキサンハート,牝6,56.0,黛弘人,1:48.2,4,64.5,12.0,508(-4),[東] 奥平雅士,202402010407
13,2,2,セラドナイト,牝4,52.0,小林美駒,1:49.0,5,53.1,11.0,452(+6),[東] 木村哲也,202402010407
14,6,10,イーストウィッチ,牝3,50.0,小林勝太,1:49.3,1.3/4,18.0,8.0,456(+12),[東] 蛯名正義,202402010407
1,8,13,スイミーユニバンス,牝4,52.0,小林美駒,1:08.8,,21.9,6.0,442(+22),[西] 平田修,202402010408
2,5,7,ジョーメッドヴィン,牡3,55.0,佐々木大,1:08.9,1/2,4.4,3.0,498(-2),[西] 清水久詞,202402010408
3,5,8,ホークレア,牝3,53.0,横山武史,1:08.9,クビ,2.6,1.0,442(0),[東] 尾関知人,202402010408
4,6,9,ゴーインマイウェイ,牡3,55.0,武豊,1:09.0,1/2,4.4,2.0,472(+4),[東] 矢野英一,202402010408
5,7,12,カフェクロニクル,牡5,58.0,菱田裕二,1:09.0,クビ,26.7,8.0,458(0),[東] 堀宣行,202402010408
6,1,1,ワンリオン,牡5,55.0,長浜鴻緒,1:09.1,アタマ,26.0,7.0,482(-6),[西] 北出成人,202402010408
7,3,3,フリントロック,牝4,53.0,小林勝太,1:09.1,クビ,65.3,13.0,434(+4),[東] 菊沢隆徳,202402010408
8,4,6,アコルダール,牝6,56.0,丹内祐次,1:09.4,1.1/2,62.7,12.0,466(+6),[西] 西園翔太,202402010408
9,3,4,イコノスタシス,牝4,56.0,藤岡佑介,1:09.4,クビ,7.5,4.0,486(-4),[東] 古賀慎明,202402010408
10,7,11,ハピアーザンエバー,牡3,55.0,黛弘人,1:09.5,1/2,40.7,10.0,446(+14),[西] 羽月友彦,202402010408
11,2,2,ノボリショウリュウ,牡3,54.0,角田大河,1:09.7,1.1/4,53.6,11.0,456(+4),[西] 石橋守,202402010408
12,6,10,アフトクラーティラ,牝4,56.0,横山和生,1:09.7,アタマ,19.4,5.0,490(+10),[東] 上原佑紀,202402010408
13,4,5,メージャーテソーロ,牡4,58.0,鮫島克駿,1:09.7,クビ,97.1,14.0,436(-2),[東] 畠山吉宏,202402010408
14,8,14,テーオーヴァイナー,牡4,55.0,高杉吏麒,1:09.8,クビ,33.9,9.0,510(-6),[西] 藤岡健一,202402010408
1,8,9,ジャスティンアース,牡3,55.0,鮫島克駿,1:48.1,,2.0,1.0,472(-8),[西] 杉山晴紀,202402010409
2,3,3,ブルーアイドガール,牝3,53.0,丹内祐次,1:48.2,1/2,6.8,4.0,438(+12),[西] 吉岡辰弥,202402010409
2,8,10,ボーモンド,牡3,55.0,横山武史,1:48.2,同着,6.7,3.0,482(-2),[東] 国枝栄,202402010409
4,1,1,トゥルーサクセサー,牡3,55.0,藤岡佑介,1:48.7,3.1/2,4.4,2.0,464(-4),[東] 高木登,202402010409
5,2,2,ユメハハテシナク,牡4,58.0,佐々木大,1:48.9,1.1/4,23.3,7.0,482(-6),[西] 石坂公一,202402010409
5,7,7,ガジュノリ,牝3,53.0,永野猛蔵,1:48.9,同着,16.7,6.0,468(+6),[東] 尾形和幸,202402010409
7,6,6,ノレッジビューティ,牝4,56.0,横山和生,1:49.1,1.1/4,12.9,5.0,458(+8),[西] 上村洋行,202402010409
8,7,8,セレスト,牡3,55.0,川端海翼,1:49.3,1,64.4,9.0,432(+6),[西] 羽月友彦,202402010409
9,4,4,シエロエスティーボ,牡4,58.0,小林勝太,1:49.3,クビ,39.5,8.0,498(+4),[東] 小手川準,202402010409
10,5,5,ポワンキュルミナン,牡4,58.0,菱田裕二,1:49.3,クビ,66.7,10.0,426(-2),[西] 岡田稲男,202402010409
1,1,1,ヒドゥンキング,牡5,58.0,黛弘人,1:45.1,,25.4,8.0,462(0),[東] 伊藤大士,202402010410
2,5,5,アレクサ,牡4,58.0,秋山稔樹,1:45.1,ハナ,22.8,7.0,500(0),[東] 斎藤誠,202402010410
3,7,9,スズカマジェスタ,牡5,58.0,佐々木大,1:45.2,クビ,14.0,6.0,438(0),[西] 須貝尚介,202402010410
4,2,2,メリタテス,牝4,56.0,菱田裕二,1:45.2,ハナ,6.1,4.0,432(-6),[西] 矢作芳人,202402010410
5,7,8,ラファドゥラ,牝4,56.0,丹内祐次,1:45.3,1,3.1,1.0,482(-2),[東] 小島茂之,202402010410
6,4,4,モンドプリューム,牡4,58.0,横山和生,1:45.6,1.3/4,7.5,5.0,500(+16),[東] 水野貴広,202402010410
7,8,11,コパノアントニオ,牡3,55.0,高杉吏麒,1:45.8,3/4,4.3,2.0,464(-6),[西] 梅田智之,202402010410
8,3,3,タケルペガサス,牡6,58.0,武豊,1:46.0,1.1/4,5.7,3.0,492(+4),[東] 加藤征弘,202402010410
9,6,6,タシロ,牡7,58.0,永野猛蔵,1:46.0,クビ,42.8,10.0,528(-6),[東] 伊藤大士,202402010410
10,8,10,グッドグロウス,牡5,58.0,古川吉洋,1:48.0,大,27.1,9.0,470(-12),[西] 大根田裕,202402010410
11,6,7,メジャークオリティ,牡5,58.0,鮫島克駿,1:48.4,2,44.9,11.0,488(-2),[西] 西園正都,202402010410
1,3,6,マメコ,牝5,53.0,永野猛蔵,1:08.8,,21.6,10.0,460(0),[西] 武英智,202402010411
2,2,3,エイシンエイト,牝4,55.0,大野拓弥,1:08.9,1/2,10.1,4.0,492(+2),[東] 田中剛,202402010411
3,3,5,ドーバーホーク,牡4,57.0,横山武史,1:09.0,1/2,6.9,3.0,480(0),[東] 清水英克,202402010411
4,2,4,アドヴァイス,牝5,53.0,松岡正海,1:09.0,クビ,23.6,11.0,502(+18),[西] 中村直也,202402010411
5,7,13,オードゥメール,牝5,54.0,藤岡佑介,1:09.0,ハナ,10.7,5.0,482(0),[東] 斎藤誠,202402010411
6,1,1,サトノグレイト,セ4,55.0,池添謙一,1:09.1,クビ,14.2,7.0,488(-4),[西] 中竹和也,202402010411
7,5,9,スカイロケット,牡4,55.0,佐々木大,1:09.2,1/2,11.5,6.0,436(+6),[西] 須貝尚介,202402010411
8,5,10,ドナベティ,牝3,52.0,丹内祐次,1:09.2,ハナ,4.3,2.0,424(+4),[西] 矢作芳人,202402010411
9,1,2,サニーオーシャン,セ6,54.0,小林勝太,1:09.2,ハナ,131.6,15.0,448(-2),[東] 杉浦宏昭,202402010411
10,4,8,ブッシュガーデン,牝5,55.0,黛弘人,1:09.3,1/2,20.8,9.0,464(0),[東] 武井亮,202402010411
11,7,14,ジャスティンエース,牡5,55.0,鮫島克駿,1:09.3,ハナ,46.5,14.0,470(-2),[西] 杉山晴紀,202402010411
12,6,12,タツリュウオー,牝6,54.0,古川吉洋,1:09.4,3/4,42.2,13.0,470(+2),[西] 藤野健太,202402010411
13,8,16,プライムライン,セ7,55.0,菱田裕二,1:09.4,ハナ,40.0,12.0,446(-18),[西] 田中克典,202402010411
14,4,7,エコロレジーナ,牝4,55.0,横山和生,1:09.6,1.1/4,18.7,8.0,488(-6),[東] 菊沢隆徳,202402010411
15,6,11,ラキエータ,牝5,55.0,武豊,1:09.6,ハナ,3.9,1.0,432(-4),[西] 音無秀孝,202402010411
16,8,15,トーセンアラン,牡6,53.0,今村聖奈,1:10.1,3,134.8,16.0,534(+4),[西] 池江泰寿,202402010411
1,8,14,ポエットリー,牝3,53.0,鮫島克駿,1:09.1,,2.8,1.0,470(+12),[西] 平田修,202402010412
2,3,3,ラリベラ,牝5,56.0,菱田裕二,1:09.1,クビ,60.7,12.0,470(-2),[西] 藤野健太,202402010412
3,7,12,スミレファースト,牝3,53.0,横山武史,1:09.2,クビ,6.4,3.0,452(+2),[東] 加藤征弘,202402010412
4,6,9,ビッグパレード,牝5,53.0,長浜鴻緒,1:09.3,1,142.4,13.0,506(-2),[東] 伊藤大士,202402010412
5,5,8,タガノミア,牝5,56.0,武豊,1:09.4,1/2,4.6,2.0,456(-4),[西] 河内洋,202402010412
6,6,10,ディージェーサン,牝5,56.0,松岡正海,1:09.6,1,27.7,9.0,428(-6),[東] 堀内岳志,202402010412
7,2,2,セイウンティーダ,牝3,52.0,永野猛蔵,1:09.6,クビ,14.0,7.0,418(0),[東] 松山将樹,202402010412
8,7,11,ソングフォーユー,牝5,56.0,大野拓弥,1:09.8,1.1/4,178.1,14.0,456(0),[東] 上原博之,202402010412
9,3,4,レターマイハート,牝4,56.0,佐々木大,1:09.9,1/2,44.2,11.0,470(+2),[東] 萩原清,202402010412
10,4,5,ハートホイップ,牝5,56.0,丹内祐次,1:09.9,アタマ,16.2,8.0,492(+2),[東] 蛯名利弘,202402010412
11,1,1,シャインヴィーナス,牝3,50.0,小林美駒,1:10.0,クビ,13.3,6.0,444(+12),[東] 伊坂重信,202402010412
12,5,7,コートリーバウ,牝3,53.0,池添謙一,1:10.2,1.1/2,38.1,10.0,406(-2),[西] 池添学,202402010412
13,4,6,サンディブロンド,牝3,50.0,小林勝太,1:10.4,1,7.7,4.0,472(+6),[東] 田中博康,202402010412
14,8,13,ウィルダネス,牝3,53.0,藤岡佑介,1:11.0,3.1/2,12.4,5.0,448(+8),[西] 野中賢二,202402010412
1,6,6,モジャーリオ,牡2,55.0,横山武史,1:09.9,,2.8,1.0,448(-6),[東] 斎藤誠,202402010501
2,8,8,ニシノクードクール,牝2,52.0,長浜鴻緒,1:10.0,クビ,126.0,8.0,454(+2),[東] 武藤善則,202402010501
3,1,1,シュードタキライト,牡2,55.0,佐々木大,1:10.0,クビ,3.8,3.0,482(-6),[東] 菊川正達,202402010501
4,7,7,ディラードテソーロ,牡2,55.0,永野猛蔵,1:10.6,3.1/2,17.9,6.0,426(+2),[東] 畠山吉宏,202402010501
5,2,2,メイショウアゴナス,牡2,54.0,角田大河,1:10.6,ハナ,7.0,4.0,464(-2),[西] 本田優,202402010501
6,5,5,リンゲルブルーメ,牝2,55.0,鮫島克駿,1:10.9,1.3/4,11.1,5.0,484(+2),[西] 池添学,202402010501
7,4,4,オールマイタイム,牝2,51.0,小林美駒,1:10.9,クビ,134.2,9.0,388(0),[東] 千葉直人,202402010501
8,3,3,ユリ,牝2,52.0,鷲頭虎太,1:11.8,5,20.1,7.0,470(-2),[東] 伊藤圭三,202402010501
9,8,9,ワイルドゴーア,牡2,52.0,小林勝太,1:11.8,アタマ,3.5,2.0,448(-2),[東] 加藤士津,202402010501
1,2,2,カンバーランド,牝3,55.0,武豊,1:46.5,,2.7,1.0,532(-6),[西] 高橋義忠,202402010502
2,5,6,エリカポラリス,牝3,55.0,永野猛蔵,1:46.9,2.1/2,3.2,2.0,434(0),[東] 伊藤圭三,202402010502
3,6,7,ノーブルブランカ,牝3,55.0,鮫島克駿,1:47.1,1,4.1,3.0,432(+4),[西] 牧浦充徳,202402010502
4,1,1,ナリノイングリッド,牝3,55.0,大野拓弥,1:47.7,3.1/2,22.6,8.0,446(+6),[東] 上原博之,202402010502
5,5,5,パレスパートナー,牝3,51.0,小林美駒,1:48.1,2.1/2,21.5,7.0,480(0),[東] 鈴木伸尋,202402010502
6,8,12,ブレイクショット,牝3,55.0,横山武史,1:48.2,クビ,12.9,4.0,464(-6),[東] 村田一誠,202402010502
7,7,9,ベイジーニョ,牝3,55.0,黛弘人,1:48.4,1,157.4,11.0,450(0),[東] 田中剛,202402010502
8,3,3,ゴルトヴェーレ,牝3,54.0,角田大河,1:48.4,クビ,44.1,10.0,472(-4),[東] 水野貴広,202402010502
9,6,8,エールヴァーゲ,牝3,55.0,佐々木大,1:48.5,クビ,16.4,5.0,416(+4),[西] 坂口智康,202402010502
10,4,4,ブランシール,牝3,55.0,丸山元気,1:48.7,1.1/4,17.2,6.0,452(+2),[東] 稲垣幸雄,202402010502
11,8,11,ファイアンス,牝3,55.0,丹内祐次,1:48.9,1.1/4,43.5,9.0,458(0),[東] 武市康男,202402010502
12,7,10,シアンカーン,牝3,55.0,菱田裕二,1:49.0,3/4,220.8,12.0,454(-8),[東] 田島俊明,202402010502
1,1,2,ヴィヴァクラウン,牡3,57.0,大野拓弥,1:09.1,,5.7,3.0,462(0),[東] 杉浦宏昭,202402010503
2,1,1,キアロヴェローチェ,セ3,57.0,浜中俊,1:09.2,1/2,9.6,5.0,466(0),[西] 武幸四郎,202402010503
3,3,5,グランテレーズ,牝3,55.0,鮫島克駿,1:09.3,クビ,8.4,4.0,438(+2),[西] 渡辺薫彦,202402010503
4,2,4,ポトマックテソーロ,牝3,55.0,丹内祐次,1:09.4,3/4,3.8,1.0,428(-4),[東] 嘉藤貴行,202402010503
5,4,8,カウネウス,牝3,55.0,岩田康誠,1:09.7,1.1/2,30.8,11.0,444(-8),[東] 宗像義忠,202402010503
6,5,9,ポリトナリティー,牝3,55.0,丸山元気,1:09.8,1/2,102.5,13.0,414(+2),[東] 和田雄二,202402010503
7,6,12,ステイチューンド,牡3,57.0,佐々木大,1:09.9,1/2,14.8,8.0,468(+10),[西] 清水久詞,202402010503
8,4,7,シンデレラタイム,牝3,55.0,横山武史,1:10.0,1/2,23.2,9.0,452(-2),[東] 大竹正博,202402010503
9,3,6,ノイヤー,牝3,54.0,角田大河,1:10.0,クビ,13.8,7.0,458(+4),[西] 高橋亮,202402010503
10,2,3,ガーデンプランナー,牝3,55.0,松岡正海,1:10.1,クビ,4.8,2.0,446(0),[東] 堀内岳志,202402010503
11,7,14,フィローシャ,牡3,54.0,今村聖奈,1:10.1,ハナ,137.8,14.0,476(+12),[東] 菊川正達,202402010503
12,7,13,ミラルージュ,牝3,55.0,北村友一,1:10.1,クビ,300.2,16.0,416(+8),[西] 森田直行,202402010503
13,6,11,ヴィーケン,牡3,56.0,松本大輝,1:10.1,ハナ,26.5,10.0,488(-6),[西] 高橋康之,202402010503
14,8,15,オーヴァーザトップ,牡3,57.0,永野猛蔵,1:10.2,1/2,54.5,12.0,478(+4),[東] 伊藤伸一,202402010503
15,5,10,キタノワイオリ,牝3,52.0,川端海翼,1:10.2,ハナ,141.3,15.0,390(-2),[東] 本間忍,202402010503
16,8,16,ドレッド,牡3,57.0,横山和生,1:10.7,3,11.1,6.0,464(+2),[東] 栗田徹,202402010503
1,7,9,ダンツドール,牝3,55.0,藤岡佑介,2:35.8,,5.6,3.0,456(0),[西] 四位洋文,202402010504
2,5,5,ウインメラナイト,牡3,57.0,丹内祐次,2:36.9,7,7.2,5.0,490(-2),[西] 寺島良,202402010504
3,8,10,サンマルミッション,牡3,57.0,永野猛蔵,2:37.0,1/2,5.2,2.0,444(0),[東] 和田勇介,202402010504
4,3,3,シンクグッド,牡3,54.0,今村聖奈,2:38.0,6,7.7,6.0,516(+16),[西] 福永祐一,202402010504
5,6,6,クリノエクリプス,牡3,54.0,川端海翼,2:38.3,1.3/4,184.8,10.0,474(+12),[西] 大根田裕,202402010504
6,8,11,ナムラカメジロー,牡3,57.0,川又賢治,2:38.5,1.1/2,6.9,4.0,498(-4),[西] 杉山佳明,202402010504
7,2,2,サトノファントム,牡3,57.0,鮫島克駿,2:38.8,1.3/4,2.4,1.0,500(-8),[西] 友道康夫,202402010504
8,4,4,シュタイフブリーゼ,牝3,52.0,長浜鴻緒,2:39.0,1,136.5,9.0,460(0),[東] 高橋文雅,202402010504
9,1,1,デュランヴェリテ,牡3,57.0,大野拓弥,2:39.3,1.3/4,51.1,8.0,560(+12),[西] 河嶋宏樹,202402010504
10,6,7,ボールドホーク,牡3,53.0,小林美駒,2:41.9,大,38.2,7.0,434(-10),[東] 鈴木慎太,202402010504
除,7,8,ラフォンターナ,牡3,57.0,横山武史,,,---,,526(0),[東] 中川公成,202402010504
1,2,2,カルプスペルシュ,牝2,55.0,鮫島克駿,1:09.7,,6.7,4.0,448(0),[西] 石坂公一,202402010505
2,7,7,ポッドベイダー,牡2,55.0,佐々木大,1:09.8,クビ,1.7,1.0,464(0),[東] 上原佑紀,202402010505
3,6,6,ミッドナイトゲイル,牝2,52.0,小林勝太,1:09.8,クビ,14.9,5.0,454(0),[西] 小栗実,202402010505
4,4,4,ラパンチュール,牝2,55.0,武豊,1:09.9,クビ,4.8,3.0,454(0),[東] 蛯名正義,202402010505
5,3,3,ソレイケドンチャン,牝2,55.0,横山武史,1:10.4,3,4.8,2.0,436(0),[東] 岩戸孝樹,202402010505
6,1,1,グランシャット,牝2,55.0,横山和生,1:10.8,2.1/2,82.7,7.0,428(0),[東] 宮田敬介,202402010505
7,5,5,キスメット,牡2,55.0,内田博幸,1:12.5,10,31.2,6.0,456(0),[東] 大和田成,202402010505
1,4,7,コーラルムーン,牝3,55.0,横山武史,2:01.0,,5.2,2.0,436(+6),[西] 牧田和弥,202402010506
2,8,15,トーセンオリックス,牡3,57.0,横山和生,2:01.1,1/2,20.7,8.0,456(+2),[東] 池上昌和,202402010506
3,7,14,ヤルダバオト,牡3,53.0,小林美駒,2:01.1,クビ,24.0,9.0,430(0),[東] 蛯名利弘,202402010506
4,7,13,ルクスチェリー,牝3,54.0,角田大河,2:01.2,クビ,46.2,11.0,482(-4),[西] 石橋守,202402010506
5,5,10,マイネルバーテクス,牡3,57.0,丹内祐次,2:01.2,クビ,16.3,7.0,498(+4),[東] 水野貴広,202402010506
6,4,8,アークドール,牡3,57.0,武豊,2:01.2,クビ,5.7,3.0,438(+2),[西] 松永幹夫,202402010506
7,3,5,モズマーヴェリック,牡3,57.0,鮫島克駿,2:01.5,1.3/4,3.3,1.0,498(+6),[西] 牧浦充徳,202402010506
8,6,11,ジュンプラチナ,牡3,57.0,岩田康誠,2:01.6,クビ,7.6,4.0,478(+2),[東] 中舘英二,202402010506
9,5,9,スターチョウサン,牝3,55.0,永野猛蔵,2:01.7,3/4,7.8,5.0,484(-4),[東] 小島茂之,202402010506
10,2,4,ララモンストル,牡3,57.0,藤岡佑介,2:01.9,1.1/4,107.3,14.0,486(-10),[西] 辻野泰之,202402010506
11,3,6,クラペ,牝3,52.0,小林勝太,2:01.9,クビ,41.5,10.0,422(+8),[東] 中川公成,202402010506
12,1,2,マイネルガンナー,牡3,57.0,佐々木大,2:02.1,1,73.5,12.0,464(+6),[東] 畠山吉宏,202402010506
13,6,12,プレットリンド,牝3,55.0,菱田裕二,2:02.1,アタマ,156.1,15.0,422(-4),[西] 岡田稲男,202402010506
14,2,3,ウインサマースノー,牡3,57.0,北村友一,2:02.3,1,11.4,6.0,470(0),[西] 緒方努,202402010506
15,1,1,グランドブレーカー,牡3,57.0,松岡正海,2:03.4,7,183.1,16.0,516(-2),[東] 西田雄一,202402010506
16,8,16,ダンツタロン,牡3,57.0,古川吉洋,2:04.0,3.1/2,73.6,13.0,482(-4),[西] 本田優,202402010506
1,5,5,ゴールドサーベル,牡3,55.0,武豊,1:09.2,,3.3,2.0,468(+4),[西] 大久保龍,202402010507
2,6,6,アンタノバラード,牝4,56.0,黛弘人,1:09.2,クビ,4.8,3.0,444(0),[東] 伊藤大士,202402010507
3,7,7,ワンリオン,牡5,55.0,長浜鴻緒,1:09.3,アタマ,8.5,5.0,488(+6),[西] 北出成人,202402010507
4,2,2,ナムラシベラ,牝6,53.0,川端海翼,1:09.5,1.1/4,62.2,6.0,450(+2),[西] 藤沢則雄,202402010507
5,3,3,セイウンサニー,牝3,53.0,永野猛蔵,1:09.5,ハナ,5.5,4.0,452(-2),[東] 伊坂重信,202402010507
6,1,1,レイニングキャット,牡3,55.0,丹内祐次,1:09.6,1/2,2.4,1.0,498(-8),[東] 岩戸孝樹,202402010507
7,4,4,マケルナマサムネ,牡6,58.0,川又賢治,1:09.6,ハナ,63.6,7.0,466(0),[西] 畑端省吾,202402010507
1,3,3,サザンカ,牝3,52.0,角田大河,0:59.1,,2.2,1.0,466(0),[西] 角田晃一,202402010508
2,6,8,フーコサンライズ,牝3,52.0,松本大輝,0:59.1,クビ,4.5,2.0,496(-6),[西] 新谷功一,202402010508
3,6,7,ミッキースピナッチ,牡4,58.0,浜中俊,0:59.4,1.1/2,6.2,3.0,510(0),[西] 音無秀孝,202402010508
4,1,1,スピードパンサー,牡3,51.0,小林美駒,0:59.5,1,6.9,4.0,490(0),[東] 尾形和幸,202402010508
5,8,12,ヒメカミノイタダキ,牡5,58.0,古川吉洋,0:59.7,1.1/4,63.3,10.0,498(0),[東] 武市康男,202402010508
6,8,11,オリンポスカズマ,牡4,58.0,富田暁,0:59.8,クビ,55.2,8.0,508(+2),[西] 平田修,202402010508
7,7,10,シンゼンシャイン,牡6,55.0,今村聖奈,0:59.9,3/4,38.7,7.0,514(0),[西] 飯田祐史,202402010508
8,7,9,サンマルリアン,牝4,53.0,小林勝太,0:59.9,ハナ,178.4,12.0,438(-2),[東] 土田稔,202402010508
9,4,4,グランヒマラヤ,牡4,58.0,大野拓弥,0:59.9,クビ,10.3,5.0,502(-4),[東] 松山将樹,202402010508
10,5,6,サリーチャン,牝5,56.0,小林凌大,1:00.0,クビ,118.3,11.0,474(+6),[東] 石栗龍彦,202402010508
11,2,2,ロザシアニン,牝5,56.0,丹内祐次,1:00.0,アタマ,60.7,9.0,470(+4),[東] 佐藤吉勝,202402010508
中,5,5,オオゾラヒバリ,牝3,50.0,長浜鴻緒,,,11.5,6.0,450(-4),[東] 根本康広,202402010508
1,4,4,ワンブランチ,牝3,53.0,佐々木大,1:47.5,,3.7,1.0,436(-2),[東] 上原佑紀,202402010509
2,8,10,エイシンジェンマ,牝4,56.0,菱田裕二,1:47.6,3/4,4.3,2.0,498(0),[西] 中尾秀正,202402010509
3,6,7,マイバラード,牡4,58.0,丹内祐次,1:47.9,1.1/2,10.9,7.0,466(-4),[東] 松永康利,202402010509
4,8,11,ヴェルテンベルク,牡4,58.0,藤岡佑介,1:47.9,クビ,4.5,3.0,482(-6),[西] 宮本博,202402010509
5,1,1,ダミエ,牡4,58.0,武豊,1:48.0,1/2,7.1,4.0,464(0),[西] 武幸四郎,202402010509
6,5,5,ディープグラビティ,セ5,58.0,鮫島克駿,1:48.5,3,28.2,9.0,456(+10),[東] 矢嶋大樹,202402010509
7,6,6,マルカオペラ,牝3,53.0,北村友一,1:48.5,アタマ,8.4,5.0,470(+2),[西] 浜田多実,202402010509
8,7,8,ニホンピロアリー,牝4,56.0,川端海翼,1:48.7,3/4,279.4,11.0,422(-2),[西] 中尾秀正,202402010509
9,7,9,マイネルヒッツェ,牡6,58.0,丸山元気,1:48.8,3/4,122.0,10.0,476(+8),[東] 粕谷昌央,202402010509
10,3,3,キーパフォーマー,牝3,53.0,古川吉洋,1:49.0,1.1/4,24.3,8.0,454(0),[西] 佐々木晶,202402010509
11,2,2,エピメテウス,牡4,58.0,大野拓弥,1:49.2,1.1/4,10.5,6.0,532(+2),[東] 堀宣行,202402010509
1,8,8,レディーシス,牝5,56.0,富田暁,1:45.4,,29.6,7.0,438(0),[西] 小崎憲,202402010510
2,1,1,フローラルビアンカ,牝5,56.0,藤岡佑介,1:45.8,2.1/2,4.7,2.0,488(+4),[西] 田中克典,202402010510
3,7,7,シャドウレディー,牝4,56.0,北村友一,1:45.8,クビ,17.3,6.0,444(+6),[東] 金成貴史,202402010510
4,4,4,タマモネモフィラ,牝4,56.0,菱田裕二,1:46.3,3,63.3,9.0,474(-4),[西] 大橋勇樹,202402010510
5,2,2,ビターゼノビア,牝4,56.0,永野猛蔵,1:46.7,2.1/2,12.4,5.0,460(+8),[東] 手塚貴久,202402010510
6,6,6,レリッシュ,牝3,53.0,黛弘人,1:46.9,1.1/4,44.4,8.0,468(+2),[東] 南田美知,202402010510
7,8,9,メテオールライト,牝4,56.0,横山武史,1:46.9,ハナ,1.5,1.0,430(+4),[東] 萩原清,202402010510
8,5,5,トゥーテイルズ,牝4,56.0,武豊,1:47.7,5,11.5,4.0,468(+8),[西] 藤原英昭,202402010510
9,3,3,エルザストラウム,牝5,56.0,佐々木大,1:47.8,1/2,8.7,3.0,476(+16),[東] 堀内岳志,202402010510
1,4,8,モリノドリーム,牝5,55.0,横山武史,1:08.8,,3.8,2.0,490(+12),[東] 鹿戸雄一,202402010511
2,5,10,カンティーユ,牡6,57.0,横山和生,1:08.8,クビ,5.1,3.0,488(-12),[東] 嘉藤貴行,202402010511
3,3,6,コムストックロード,牝5,55.0,松岡正海,1:08.9,クビ,39.1,10.0,454(0),[東] 宗像義忠,202402010511
4,6,12,マメコ,牝5,55.0,永野猛蔵,1:08.9,クビ,13.5,6.0,458(-2),[西] 武英智,202402010511
5,2,4,レイベリング,牡4,57.0,丹内祐次,1:09.2,1.1/2,10.2,4.0,478(0),[東] 鹿戸雄一,202402010511
6,7,14,ビッグシーザー,牡4,59.0,鮫島克駿,1:09.2,ハナ,2.9,1.0,516(0),[西] 西園正都,202402010511
7,4,7,ブトンドール,牝4,55.0,北村友一,1:09.3,3/4,11.1,5.0,496(+4),[西] 池添学,202402010511
8,7,13,ユキノファラオ,牡6,57.0,内田博幸,1:09.5,1,58.6,12.0,490(-8),[東] 石毛善彦,202402010511
9,6,11,クリノマジン,牡5,57.0,大野拓弥,1:09.5,ハナ,50.1,11.0,462(0),[西] 高橋義忠,202402010511
10,1,2,レッドベルオーブ,牡6,58.0,菱田裕二,1:09.6,1,78.1,13.0,500(+4),[西] 河嶋宏樹,202402010511
11,3,5,ソウテン,牡5,57.0,藤岡佑介,1:09.8,1,33.8,9.0,526(+10),[西] 斉藤崇史,202402010511
12,8,15,カワキタレブリー,牡5,57.0,岩田康誠,1:09.8,ハナ,25.8,7.0,430(-10),[西] 杉山佳明,202402010511
13,5,9,カルロヴェローチェ,牡4,57.0,佐々木大,1:09.8,クビ,30.2,8.0,504(0),[西] 須貝尚介,202402010511
14,2,3,ラビュリントス,牝4,55.0,岩橋勇二,1:09.8,クビ,461.6,15.0,450(-12),[地] 田中淳司,202402010511
15,1,1,サトノラムセス,牡6,57.0,古川吉洋,1:09.9,クビ,180.3,14.0,476(-8),[西] 橋口慎介,202402010511
16,8,16,イーサンパンサー,牡8,57.0,角田大河,1:10.2,2,494.7,16.0,476(-14),[東] 千葉直人,202402010511
1,7,7,アセレラシオン,牡3,55.0,鮫島克駿,1:45.1,,2.6,2.0,522(-4),[西] 浜田多実,202402010512
2,6,6,レーヴドレフォン,牝3,53.0,北村友一,1:45.3,1,9.1,3.0,476(+2),[西] 矢作芳人,202402010512
3,8,8,オーバーザドリーム,牡4,58.0,佐々木大,1:45.3,クビ,2.0,1.0,474(+6),[西] 清水久詞,202402010512
4,1,1,ケイエイト,牡4,58.0,菱田裕二,1:45.5,1,21.5,6.0,462(-8),[西] 羽月友彦,202402010512
5,3,3,リードアクトレス,牝3,53.0,古川吉洋,1:48.0,大,160.5,8.0,466(-8),[西] 安達昭夫,202402010512
6,4,4,ナンヨークリスタル,セ4,54.0,小林美駒,1:48.1,1/2,9.9,4.0,486(+6),[西] 松永幹夫,202402010512
7,5,5,ミラキュラスドラマ,牡3,55.0,岩橋勇二,1:48.3,1,14.2,5.0,460(0),[西] 杉山晴紀,202402010512
8,2,2,アベベ,牡3,52.0,小林勝太,1:49.7,9,26.2,7.0,462(+2),[東] 根本康広,202402010512
1,1,2,プレアデスグループ,牝3,55.0,丹内祐次,1:08.9,,1.7,1.0,436(+6),[西] 吉岡辰弥,202402010601
2,2,4,ラーリア,牝3,55.0,大野拓弥,1:09.3,2.1/2,14.7,4.0,400(0),[東] 大竹正博,202402010601
3,6,11,コアクト,牝3,55.0,黛弘人,1:09.5,1.1/4,189.4,13.0,438(-8),[東] 宗像義忠,202402010601
4,5,9,ハイボーン,牝3,55.0,岩田康誠,1:09.6,3/4,8.8,3.0,444(+10),[西] 上村洋行,202402010601
5,8,15,ニシノシャミナード,牝3,55.0,永野猛蔵,1:09.8,3/4,3.3,2.0,428(+4),[東] 嘉藤貴行,202402010601
6,3,6,メイショウマサユメ,牝3,54.0,角田大河,1:09.8,クビ,44.0,8.0,464(+2),[西] 角田晃一,202402010601
7,4,7,バニーホップ,牝3,52.0,川端海翼,1:09.9,クビ,18.5,5.0,410(+4),[西] 辻野泰之,202402010601
8,3,5,ジャヴァネ,牝3,54.0,松本大輝,1:09.9,クビ,95.6,10.0,410(+2),[東] 加藤和宏,202402010601
9,8,16,ドゥザキャッチ,牝3,55.0,菱田裕二,1:10.1,1.1/2,60.5,9.0,454(0),[東] 田中博康,202402010601
10,5,10,プロトアステール,牝3,55.0,北村友一,1:10.3,1.1/4,39.7,7.0,440(-2),[西] 寺島良,202402010601
11,4,8,ピクラリーダ,牝3,51.0,小林美駒,1:10.4,3/4,100.0,11.0,452(+2),[東] 森一誠,202402010601
12,7,14,レターフロムパリ,牝3,55.0,佐々木大,1:10.7,1.1/2,21.9,6.0,438(+4),[東] 西田雄一,202402010601
13,6,12,プレシャスシル,牝3,52.0,今村聖奈,1:11.0,2,372.5,15.0,420(-2),[東] 菊川正達,202402010601
14,2,3,ミルキーメモリー,牝3,55.0,古川吉洋,1:11.1,1/2,133.5,12.0,454(+2),[東] 牧光二,202402010601
15,1,1,キョウエイチアフル,牝3,52.0,小林勝太,1:11.6,3,190.8,14.0,442(-6),[東] 勢司和浩,202402010601
16,7,13,シナモンデイジー,牝3,52.0,鷲頭虎太,1:13.0,8,385.0,16.0,470(+8),[東] 菊川正達,202402010601
1,8,10,リネアグローリア,牡3,57.0,鮫島克駿,1:45.5,,1.7,1.0,474(0),[西] 小崎憲,202402010602
2,6,6,ミッションルース,牡3,57.0,藤岡佑介,1:45.5,アタマ,2.7,2.0,448(0),[西] 平田修,202402010602
3,8,11,シャトーディフ,牝3,55.0,佐々木大,1:47.5,大,31.4,6.0,438(+10),[東] 矢嶋大樹,202402010602
4,2,2,ガラシュ,牡3,57.0,富田暁,1:47.6,クビ,29.1,5.0,506(-8),[西] 高橋康之,202402010602
5,3,3,ワカメチャン,牝3,52.0,小林勝太,1:47.8,1.1/4,7.2,3.0,474(-20),[東] 鈴木慎太,202402010602
6,7,9,メイショウヤスマサ,牡3,56.0,角田大河,1:48.5,4,27.0,4.0,474(+12),[西] 本田優,202402010602
7,7,8,エールクイーン,牝3,55.0,松岡正海,1:48.8,1.3/4,48.9,8.0,474(-2),[西] 牧田和弥,202402010602
8,1,1,ネオクラウン,牡3,53.0,小林美駒,1:48.8,クビ,44.1,7.0,484(-2),[東] 鈴木伸尋,202402010602
9,6,7,クリノタンザナイト,牡3,54.0,川端海翼,1:49.0,1,194.4,11.0,454(+4),[西] 荒川義之,202402010602
10,4,4,リルフロスト,牡3,57.0,小林凌大,1:49.2,1.1/2,136.6,10.0,490(0),[東] 牧光二,202402010602
11,5,5,フトコロガタナ,牡3,57.0,古川吉洋,1:49.4,3/4,117.7,9.0,488(+4),[東] 土田稔,202402010602
1,6,7,カフジニホニウム,牡3,57.0,佐々木大,0:59.2,,4.0,2.0,480(0),[西] 矢作芳人,202402010603
2,6,8,ヴェラリーシャ,牝3,55.0,永野猛蔵,0:59.3,3/4,4.5,3.0,480(-2),[東] 伊藤圭三,202402010603
3,3,3,テイエムタリスマ,牡3,57.0,富田暁,0:59.6,1.3/4,1.9,1.0,466(-2),[西] 木原一良,202402010603
4,7,10,サトミノエガオ,牝3,55.0,丹内祐次,0:59.7,1/2,34.3,7.0,448(-4),[東] 鈴木伸尋,202402010603
5,5,5,ラントゥリーダンス,牝3,55.0,小林凌大,0:59.9,1.1/2,9.9,4.0,456(+8),[東] 石栗龍彦,202402010603
6,8,12,アマモト,牡3,57.0,大野拓弥,1:00.2,1.3/4,44.5,8.0,476(+2),[東] 田村康仁,202402010603
7,4,4,ミッキーイーグル,牡3,54.0,鷲頭虎太,1:00.7,3,132.3,10.0,454(0),[東] 久保田貴,202402010603
8,1,1,アルヘンティニータ,牝3,52.0,小林勝太,1:00.7,クビ,30.8,6.0,436(0),[東] 伊藤圭三,202402010603
9,8,11,ミトロージア,牝3,54.0,角田大河,1:00.8,1/2,130.3,9.0,440(+6),[東] 勢司和浩,202402010603
10,5,6,コパマエチャン,牝3,52.0,川端海翼,1:00.8,クビ,14.7,5.0,480(+4),[東] 大和田成,202402010603
11,7,9,キタノスティール,牡3,57.0,黛弘人,1:01.3,3,234.4,11.0,464(+4),[東] 粕谷昌央,202402010603
除,2,2,フジゴウキャク,牡3,53.0,小林美駒,,,---,,488(+2),[東] 岩戸孝樹,202402010603
1,7,13,サトノメルベイユ,牝3,55.0,大野拓弥,1:49.4,,18.4,8.0,404(0),[東] 高柳瑞樹,202402010604
2,3,6,コンテナワールド,牡3,57.0,鮫島克駿,1:49.6,1.1/2,1.9,1.0,470(+2),[西] 中竹和也,202402010604
3,4,8,ダイユウファリーナ,牡3,57.0,松岡正海,1:49.9,1.3/4,16.1,7.0,484(0),[東] 松永康利,202402010604
4,8,15,モズイージス,牡3,57.0,藤岡佑介,1:49.9,ハナ,45.9,12.0,460(-2),[西] 松下武士,202402010604
5,6,12,バスティオン,牡3,57.0,丹内祐次,1:50.0,クビ,15.3,5.0,562(-8),[東] 西田雄一,202402010604
6,5,9,ファピオラ,牝3,52.0,今村聖奈,1:50.1,1/2,10.8,4.0,406(+4),[西] 武幸四郎,202402010604
7,6,11,グランドフューチャ,牡3,57.0,古川吉洋,1:50.1,クビ,210.5,15.0,470(-6),[西] 鈴木孝志,202402010604
8,2,4,タガノエイリアス,牡3,56.0,角田大河,1:50.1,クビ,42.9,10.0,468(-2),[西] 本田優,202402010604
9,5,10,ジャンビ,牝3,51.0,小林美駒,1:50.5,2,76.1,13.0,444(0),[西] 牧田和弥,202402010604
10,1,1,ヴァラムノス,牝3,55.0,岩田康誠,1:50.5,クビ,15.4,6.0,418(0),[東] 田村康仁,202402010604
11,3,5,セブンオーシャン,牡3,57.0,佐々木大,1:50.6,クビ,32.2,9.0,468(+6),[東] 伊藤大士,202402010604
12,4,7,ボナール,牡3,57.0,富田暁,1:50.6,クビ,44.0,11.0,436(+2),[西] 武英智,202402010604
13,8,16,ラストスピリッツ,牡3,57.0,菱田裕二,1:50.6,アタマ,8.4,3.0,500(-4),[西] 緒方努,202402010604
14,7,14,カントゥータ,牝3,55.0,荻野琢真,1:50.7,クビ,165.7,14.0,444(0),[西] 茶木太樹,202402010604
15,1,2,ビッグロードヒマリ,牡3,57.0,黛弘人,1:50.7,クビ,332.3,16.0,448(-12),[東] 尾形和幸,202402010604
16,2,3,ツキガキレイデスネ,牝3,55.0,永野猛蔵,1:50.9,1,6.9,2.0,452(+4),[東] 小島茂之,202402010604
1,5,5,ヤンキーバローズ,牡2,55.0,岩田康誠,1:09.8,,1.2,1.0,470(0),[西] 上村洋行,202402010605
2,2,2,ティピティーナ,牝2,55.0,丹内祐次,1:10.0,1,4.8,2.0,404(0),[東] 林徹,202402010605
3,1,1,ブリッツアロング,牡2,55.0,大野拓弥,1:10.5,3,22.6,5.0,474(0),[東] 上原博之,202402010605
4,3,3,メイショウマクジキ,牡2,54.0,角田大河,1:10.7,1.1/4,12.8,4.0,466(0),[西] 角田晃一,202402010605
5,4,4,サラサエンペラー,牡2,55.0,永野猛蔵,1:11.2,3,8.3,3.0,468(0),[東] 村田一誠,202402010605
1,4,4,ヒデシンイメル,牡3,53.0,小林美駒,1:46.6,,3.7,3.0,458(-2),[西] 武英智,202402010606
2,6,6,メイショウヘール,牡3,56.0,角田大河,1:46.7,1/2,2.4,1.0,476(-4),[西] 大橋勇樹,202402010606
3,2,2,プラムダンディ,牡3,57.0,丹内祐次,1:46.8,1/2,2.7,2.0,450(+8),[東] 尾形和幸,202402010606
4,6,7,サンネリネ,牝3,55.0,古川吉洋,1:47.3,2.1/2,103.6,8.0,460(+4),[西] 畑端省吾,202402010606
5,5,5,テイエムミステリー,牡3,57.0,富田暁,1:47.4,1/2,46.7,6.0,480(0),[西] 木原一良,202402010606
6,7,9,フクノスナノバラ,牡3,54.0,小林勝太,1:48.1,4,41.0,5.0,484(-6),[東] 小野次郎,202402010606
7,8,10,ヤマトホマレ,牝3,55.0,大野拓弥,1:48.4,2,173.4,10.0,456(+4),[東] 田村康仁,202402010606
8,8,11,ゼットメルベーユ,牝3,55.0,鮫島克駿,1:48.5,1/2,7.6,4.0,464(+10),[西] 吉田直弘,202402010606
9,7,8,クワイトポッシブル,牝3,52.0,川端海翼,1:49.3,5,192.5,11.0,416(+4),[西] 小崎憲,202402010606
10,3,3,メイショウタッピ,牡3,57.0,永野猛蔵,1:49.5,3/4,62.5,7.0,500(+6),[西] 池添学,202402010606
中,1,1,キチロクサクラ,牝3,55.0,佐々木大,,,113.6,9.0,430(+4),[東] 松永康利,202402010606
1,2,2,オールナット,牡3,54.0,北村友一,2:39.8,,1.6,1.0,514(+2),[西] 高野友和,202402010607
2,3,3,ペリプルス,牡4,58.0,永野猛蔵,2:40.4,3.1/2,12.7,5.0,434(+4),[東] 佐藤吉勝,202402010607
3,7,7,ビッグベルーガ,牡4,58.0,松岡正海,2:40.6,1,81.6,10.0,474(+4),[西] 牧浦充徳,202402010607
4,8,9,アメジストブラック,牡5,58.0,藤岡佑介,2:40.6,クビ,6.0,2.0,526(+4),[西] 中内田充,202402010607
5,4,4,サンライズガッツ,牡3,54.0,丹内祐次,2:40.7,クビ,9.6,4.0,484(0),[西] 茶木太樹,202402010607
6,7,8,ステラポイント,牝4,56.0,佐々木大,2:41.1,2.1/2,25.4,7.0,450(+2),[西] 杉山晴紀,202402010607
7,5,5,スノーブリザード,牡3,54.0,鮫島克駿,2:41.4,2,8.3,3.0,500(0),[西] 畑端省吾,202402010607
8,8,10,ベッラアルバ,牝5,55.0,角田大河,2:41.5,クビ,28.9,8.0,462(+6),[西] 中竹和也,202402010607
9,1,1,リアルファインド,牡3,54.0,岩田康誠,2:41.8,2,18.5,6.0,508(+2),[東] 栗田徹,202402010607
10,6,6,ラバタンシン,牡4,55.0,今村聖奈,2:42.5,4,50.9,9.0,494(-2),[西] 寺島良,202402010607
1,7,8,グランドエスケープ,牡3,55.0,水口優也,1:45.0,,4.3,3.0,468(-10),[西] 藤沢則雄,202402010608
2,1,1,パフ,牡3,55.0,鮫島克駿,1:45.0,アタマ,3.3,2.0,470(+6),[西] 橋口慎介,202402010608
3,8,9,コスモオピニオン,牡4,58.0,丹内祐次,1:45.6,4,2.7,1.0,498(0),[東] 黒岩陽一,202402010608
4,2,2,ワンダーウィルク,牡5,58.0,荻野琢真,1:46.2,3.1/2,188.5,10.0,502(-2),[西] 今野貞一,202402010608
5,8,10,アースイオス,牡3,55.0,小林凌大,1:46.2,アタマ,11.8,6.0,530(+18),[東] 小西一男,202402010608
6,3,3,トリグラフ,牡5,58.0,永野猛蔵,1:46.3,クビ,23.4,7.0,458(-4),[東] 松山将樹,202402010608
7,4,4,キングリスティア,セ8,57.0,角田大河,1:46.9,3.1/2,136.1,9.0,516(0),[西] 河内洋,202402010608
8,6,6,スペシャリスト,牝4,52.0,小林美駒,1:47.6,4,11.7,5.0,470(+12),[東] 手塚貴久,202402010608
9,5,5,マーベリックシチー,牡3,55.0,浜中俊,1:47.9,1.3/4,25.0,8.0,460(-2),[西] 岡田稲男,202402010608
10,7,7,ヨリナエスポワール,牡3,55.0,古川吉洋,1:47.9,クビ,10.7,4.0,530(+2),[東] 牧光二,202402010608
1,1,1,コスモフロイデ,牡5,58.0,松岡正海,2:00.7,,10.5,4.0,476(0),[東] 天間昭一,202402010609
2,5,5,ナックイルシーブ,牡6,58.0,大野拓弥,2:00.8,クビ,36.5,9.0,516(-2),[東] 杉浦宏昭,202402010609
3,8,8,タイキラフター,牡4,58.0,佐々木大,2:00.8,ハナ,3.1,2.0,526(+4),[東] 大竹正博,202402010609
4,8,9,ソリダリティ,牡5,58.0,北村友一,2:00.9,3/4,14.0,5.0,506(0),[西] 西園翔太,202402010609
5,7,7,ドラゴンヘッド,牡4,58.0,藤岡佑介,2:01.0,3/4,4.9,3.0,446(-2),[東] 武藤善則,202402010609
6,6,6,ピンクジン,牝4,56.0,黛弘人,2:01.0,ハナ,18.7,7.0,440(+2),[東] 南田美知,202402010609
7,3,3,バンフィエルド,牡5,58.0,鮫島克駿,2:01.1,クビ,24.6,8.0,436(+6),[西] 緒方努,202402010609
8,4,4,ディープレイヤー,牡5,58.0,丹内祐次,2:01.2,1/2,17.9,6.0,486(-4),[東] 大和田成,202402010609
9,2,2,キットハナガサク,牝3,53.0,富田暁,2:01.2,クビ,2.5,1.0,448(+2),[東] 武井亮,202402010609
1,8,12,トーセンサンダー,牡5,57.0,大野拓弥,1:08.5,,6.1,4.0,480(-4),[東] 杉浦宏昭,202402010610
2,5,7,クファシル,牡4,56.0,鮫島克駿,1:08.6,クビ,4.7,1.0,496(-4),[西] 池添学,202402010610
3,8,13,スクルプトーリス,牝4,53.0,富田暁,1:08.8,1,24.8,10.0,460(0),[西] 松下武士,202402010610
4,6,9,スマートルシーダ,牡6,57.0,浜中俊,1:08.8,ハナ,20.0,9.0,464(0),[西] 音無秀孝,202402010610
5,6,8,ゴキゲンサン,牝4,53.0,丹内祐次,1:08.8,クビ,10.3,7.0,498(+14),[東] 伊藤大士,202402010610
6,5,6,ブルトンクール,牝5,52.0,松岡正海,1:08.9,1/2,62.4,11.0,460(-2),[東] 新開幸一,202402010610
7,4,5,ヒロノゴウカイ,牡5,53.0,水口優也,1:08.9,アタマ,99.7,13.0,494(+2),[東] 蛯名利弘,202402010610
8,3,3,ニシノレバンテ,牡5,56.0,岩田康誠,1:09.0,3/4,8.9,6.0,490(-2),[東] 栗田徹,202402010610
9,7,11,ワイアウ,牝4,53.0,永野猛蔵,1:09.1,1/2,8.0,5.0,470(+2),[東] 鈴木慎太,202402010610
10,4,4,ポルタフォルトゥナ,牝5,54.0,古川吉洋,1:09.2,1/2,5.1,2.0,480(+4),[東] 土田稔,202402010610
11,7,10,グッドグロウス,牡5,54.0,角田大河,1:09.3,クビ,98.7,12.0,466(-4),[西] 大根田裕,202402010610
12,2,2,タイセイフェスタ,牡3,53.0,佐々木大,1:09.3,アタマ,5.8,3.0,484(0),[東] 森一誠,202402010610
13,1,1,ヴィアドロローサ,牡5,56.0,北村友一,1:09.4,1/2,19.3,8.0,460(0),[西] 高橋一哉,202402010610
1,3,3,サヴァ,牡6,58.0,岩田康誠,1:44.3,,17.8,7.0,532(-6),[西] 上村洋行,202402010611
2,3,4,ナチュラルハイ,牡4,57.0,永野猛蔵,1:44.4,1/2,20.5,8.0,482(+6),[東] 黒岩陽一,202402010611
3,5,7,アクションプラン,牡4,57.0,菱田裕二,1:44.6,1.1/4,3.0,1.0,508(0),[東] 池上昌和,202402010611
4,7,11,テーオードレフォン,牡5,58.0,丸山元気,1:44.6,クビ,3.7,2.0,496(-4),[西] 梅田智之,202402010611
5,2,2,フルム,牡5,58.0,水口優也,1:44.8,1.1/2,8.1,3.0,494(-2),[西] 浜田多実,202402010611
6,1,1,プリンスミノル,牡5,57.0,丹内祐次,1:44.8,ハナ,8.3,4.0,466(0),[東] 中舘英二,202402010611
7,5,8,ライラボンド,牡5,57.0,大野拓弥,1:44.9,クビ,28.5,10.0,520(0),[東] 杉浦宏昭,202402010611
8,4,6,メイショウユズルハ,牡5,57.0,浜中俊,1:45.1,1.1/2,27.9,9.0,490(0),[西] 岡田稲男,202402010611
9,6,9,タガノクリステル,牝5,56.0,古川吉洋,1:45.4,2,51.0,11.0,494(+6),[西] 長谷川浩,202402010611
10,6,10,ゴーゴーユタカ,牡5,57.0,黛弘人,1:45.6,3/4,51.4,12.0,476(-6),[東] 武井亮,202402010611
11,8,14,ルコルセール,牡6,58.0,佐々木大,1:45.7,3/4,10.5,5.0,532(+12),[東] 堀宣行,202402010611
12,4,5,ホールシバン,セ6,57.0,富田暁,1:46.2,3,54.9,13.0,530(-14),[西] 高橋義忠,202402010611
13,8,13,バトルクライ,牡5,59.0,鮫島克駿,1:47.4,7,13.3,6.0,502(0),[東] 高木登,202402010611
14,7,12,サブライムアンセム,牝5,57.0,北村友一,1:50.2,大,87.9,14.0,500(+2),[西] 藤原英昭,202402010611
1,8,8,ヤマニンアストロン,牡3,54.0,角田大河,1:08.7,,2.7,2.0,486(-6),[西] 石橋守,202402010612
2,8,9,ハートホイップ,牝5,56.0,永野猛蔵,1:08.8,3/4,12.7,4.0,488(-4),[東] 蛯名利弘,202402010612
3,2,2,アコルダール,牝6,56.0,丹内祐次,1:08.9,クビ,22.2,5.0,460(-6),[西] 西園翔太,202402010612
4,1,1,ソングフォーユー,牝5,56.0,大野拓弥,1:09.1,1.1/4,28.3,7.0,458(+2),[東] 上原博之,202402010612
5,4,4,カレンナオトメ,牝3,53.0,黛弘人,1:09.4,2,3.8,3.0,416(-2),[東] 小野次郎,202402010612
6,6,6,パクスロマーナ,牝4,56.0,荻野琢真,1:09.6,1.1/4,101.5,8.0,428(+8),[西] 藤沢則雄,202402010612
7,3,3,アップフルーク,牡5,55.0,小林勝太,1:09.8,1.1/4,27.1,6.0,512(0),[東] 松山将樹,202402010612
8,7,7,イテマエダセン,牡4,58.0,古川吉洋,1:09.9,3/4,110.6,9.0,484(+6),[東] 的場均,202402010612
中,5,5,ゴーインマイウェイ,牡3,51.0,小林美駒,,,2.4,1.0,472(0),[東] 矢野英一,202402010612
1,5,5,チギリ,牝2,55.0,横山武史,1:09.9,,1.5,1.0,458(+2),[東] 鹿戸雄一,202402010701
2,2,2,ドゥアムール,牝2,55.0,武豊,1:10.2,1.3/4,2.1,2.0,458(-2),[西] 中竹和也,202402010701
3,3,3,ラピッドグロウス,牝2,52.0,高杉吏麒,1:10.9,4,8.2,3.0,406(+6),[西] 長谷川浩,202402010701
4,1,1,サノノスウィフト,牝2,52.0,長浜鴻緒,1:11.7,5,59.2,5.0,400(0),[東] 蛯名利弘,202402010701
5,4,4,サスペンスクィーン,牝2,55.0,丹内祐次,1:11.9,1,41.9,4.0,440(0),[東] 和田雄二,202402010701
1,6,8,フォートボヤール,牡3,54.0,高杉吏麒,0:59.0,,5.8,3.0,492(+2),[東] 辻哲英,202402010702
2,7,9,ロケットホームラン,牡3,57.0,小林凌大,0:59.6,4,7.8,5.0,504(+8),[東] 小西一男,202402010702
3,3,3,マリノルージュ,牝3,55.0,佐々木大,0:59.8,1.1/4,5.2,2.0,468(+6),[東] 田島俊明,202402010702
4,8,12,タマモアルタイル,牡3,57.0,横山和生,1:00.0,1.1/4,1.9,1.0,490(+4),[東] 水野貴広,202402010702
5,1,1,ココモローズ,牝3,55.0,大野拓弥,1:00.6,3.1/2,28.8,6.0,426(+2),[東] 高木登,202402010702
6,5,6,ルクスミッシェル,牡3,57.0,亀田温心,1:00.8,1.1/4,151.6,12.0,544(-6),[西] 村山明,202402010702
7,2,2,リベリアンガール,牝3,55.0,永野猛蔵,1:01.3,3,47.9,7.0,430(+2),[東] 金成貴史,202402010702
8,4,4,キガタレイ,牝3,52.0,長浜鴻緒,1:01.3,ハナ,7.4,4.0,488(+6),[東] 竹内正洋,202402010702
9,8,11,ランポレッキオ,牝3,52.0,小林勝太,1:01.5,1.1/4,52.6,8.0,448(+12),[東] 林徹,202402010702
10,6,7,ミツカネエリーズ,牝3,55.0,丹内祐次,1:01.5,ハナ,77.0,9.0,452(+8),[東] 清水英克,202402010702
11,5,5,グレナマディー,牝3,52.0,川端海翼,1:01.8,2,103.8,10.0,408(-6),[東] 田島俊明,202402010702
12,7,10,ピエナリオン,牝3,55.0,古川吉洋,1:03.0,7,114.9,11.0,450(-4),[西] 奥村豊,202402010702
1,7,13,サンウリエル,牡3,57.0,横山武史,1:50.2,,3.1,1.0,470(-6),[西] 宮本博,202402010703
2,5,9,オメガインペリアル,牡3,57.0,藤岡佑介,1:50.2,アタマ,4.7,2.0,456(-6),[西] 安田翔伍,202402010703
3,2,3,イズジョーノヒカリ,牝3,55.0,大野拓弥,1:50.5,2,92.7,11.0,474(-4),[西] 中尾秀正,202402010703
4,1,1,アリーバ,牝3,55.0,浜中俊,1:50.6,クビ,13.4,6.0,420(-10),[西] 田中克典,202402010703
5,3,5,レジーナチェリ,牡3,57.0,丹内祐次,1:50.6,ハナ,5.9,4.0,434(+6),[東] 伊藤伸一,202402010703
6,3,6,ソウルプラウド,牡3,57.0,北村友一,1:50.7,1/2,15.6,7.0,478(+8),[西] 高橋亮,202402010703
7,1,2,モズイージス,牡3,57.0,岩田康誠,1:50.7,ハナ,17.3,8.0,464(+4),[西] 松下武士,202402010703
8,6,11,エバーアリエル,牝3,55.0,佐々木大,1:50.8,1/2,138.1,14.0,432(+2),[東] 小島茂之,202402010703
9,8,15,オレンジダンサー,牝3,55.0,鮫島克駿,1:50.8,ハナ,5.1,3.0,436(0),[西] 高野友和,202402010703
10,4,7,ケイアイプロキオン,牡3,54.0,高杉吏麒,1:50.8,クビ,11.6,5.0,470(-2),[東] 和田正一,202402010703
11,2,4,ヤルヤン,牡3,52.0,小林勝太,1:51.0,1.1/4,48.1,9.0,440(-4),[東] 伊藤大士,202402010703
12,8,16,シーメジャー,牝3,54.0,角田大河,1:51.1,1/2,132.5,13.0,462(+10),[西] 奥村豊,202402010703
13,7,14,タイキトレコローネ,牡3,57.0,永野猛蔵,1:51.2,クビ,217.2,15.0,426(+6),[東] 西田雄一,202402010703
14,6,12,ブイキャット,牝3,52.0,長浜鴻緒,1:51.5,2,122.2,12.0,432(+4),[西] 北出成人,202402010703
15,5,10,タイガノイッテキ,セ3,57.0,古川吉洋,1:51.6,クビ,74.2,10.0,488(+4),[東] 土田稔,202402010703
16,4,8,ヤシマ,牡3,57.0,黛弘人,1:53.2,10,350.1,16.0,488(-16),[西] 藤野健太,202402010703
1,6,9,エコロブレード,牡3,57.0,岩田康誠,1:46.9,,5.5,3.0,450(+4),[東] 加藤征弘,202402010704
2,7,11,テトラード,牡3,57.0,武豊,1:47.2,1.3/4,5.4,2.0,460(-2),[西] 坂口智康,202402010704
3,1,1,スターゲット,牡3,57.0,横山武史,1:47.4,1,1.7,1.0,458(+4),[東] 中舘英二,202402010704
4,5,6,フェイマスグラース,牝3,55.0,菱田裕二,1:47.8,2.1/2,128.5,11.0,474(+4),[西] 谷潔,202402010704
5,7,10,サテフィカ,牝3,55.0,亀田温心,1:47.9,クビ,148.7,13.0,498(-2),[西] 鮫島一歩,202402010704
6,6,8,プラチナバンド,牡3,57.0,永野猛蔵,1:48.0,3/4,34.8,7.0,508(+2),[東] 新開幸一,202402010704
7,5,7,プロトアステール,牝3,55.0,北村友一,1:49.2,7,37.3,8.0,442(+2),[西] 寺島良,202402010704
8,3,3,ハテナビト,牡3,57.0,丹内祐次,1:49.4,1.1/2,13.2,5.0,466(-4),[西] 吉岡辰弥,202402010704
9,8,12,ガルニエ,牡3,57.0,古川吉洋,1:49.8,2.1/2,111.1,10.0,454(+2),[東] 萱野浩二,202402010704
10,4,5,ヴァレリア,牝3,52.0,長浜鴻緒,1:50.6,5,9.8,4.0,444(-4),[東] 青木孝文,202402010704
11,8,13,フェスティヴカレン,牝3,52.0,高杉吏麒,1:51.2,4,33.3,6.0,458(+8),[東] 天間昭一,202402010704
12,4,4,クリノアイリス,牝3,52.0,小林勝太,1:51.7,2.1/2,74.6,9.0,456(0),[西] 谷潔,202402010704
中,2,2,マルモリミッション,牝3,54.0,角田大河,,,139.4,12.0,478(+4),[西] 大橋勇樹,202402010704
1,5,5,エンドレスサマー,牡2,55.0,横山武史,1:09.4,,3.4,2.0,492(0),[東] 上原佑紀,202402010705
2,2,2,モズナナスター,牝2,55.0,鮫島克駿,1:10.2,5,5.1,4.0,464(0),[西] 矢作芳人,202402010705
3,8,8,デコピン,牡2,55.0,武豊,1:10.2,クビ,4.5,3.0,476(0),[東] 村田一誠,202402010705
4,6,6,シャドウキャッスル,牡2,55.0,北村友一,1:10.3,3/4,2.3,1.0,464(0),[西] 藤原英昭,202402010705
5,8,9,ピースシャイニー,牡2,55.0,佐々木大,1:11.5,7,15.0,5.0,474(0),[西] 河嶋宏樹,202402010705
6,7,7,ポップグルーヴ,牝2,52.0,高杉吏麒,1:11.8,2,41.5,6.0,400(0),[東] 小手川準,202402010705
7,1,1,デスティニーホープ,牝2,55.0,荻野琢真,1:12.6,5,47.7,7.0,432(0),[東] 松山将樹,202402010705
8,4,4,アルピナセブン,牝2,55.0,亀田温心,1:13.3,4,98.9,8.0,456(0),[西] 北出成人,202402010705
9,3,3,カンタベリーバイク,牡2,55.0,古川吉洋,1:14.5,7,114.4,9.0,440(0),[東] 的場均,202402010705
1,4,4,アースミューズ,牝2,52.0,小林勝太,0:59.8,,44.0,9.0,428(0),[東] 粕谷昌央,202402010706
2,7,9,フラッシュポイント,牝2,55.0,横山武史,1:00.0,1.1/4,2.7,1.0,470(0),[東] 西田雄一,202402010706
3,1,1,ルークススペイ,牡2,55.0,永野猛蔵,1:00.2,1.1/2,5.6,3.0,476(0),[東] 伊藤圭三,202402010706
4,6,6,トゥインクルアップ,牝2,55.0,鮫島克駿,1:00.7,3,8.7,5.0,470(0),[西] 杉山佳明,202402010706
5,7,8,オオタチ,牡2,55.0,亀田温心,1:01.1,2,81.1,11.0,450(0),[東] 久保田貴,202402010706
6,8,10,サフランキララ,牝2,55.0,菱田裕二,1:01.7,4,27.2,7.0,406(0),[西] 北出成人,202402010706
7,5,5,スパーク,牡2,52.0,長浜鴻緒,1:02.1,2,65.7,10.0,482(0),[東] 池上昌和,202402010706
8,8,11,ディヴァンカドー,牡2,55.0,古川吉洋,1:02.1,アタマ,9.3,6.0,482(0),[西] 宮徹,202402010706
9,3,3,ウインラテアート,牝2,55.0,丹内祐次,1:02.3,1,4.4,2.0,462(0),[東] 宗像義忠,202402010706
10,2,2,ローレルランウェイ,牝2,55.0,横山和生,1:03.1,5,7.0,4.0,444(0),[西] 昆貢,202402010706
11,6,7,ローレルゼロ,牡2,55.0,佐々木大,1:04.0,5,33.4,8.0,472(0),[西] 高橋康之,202402010706
1,6,6,マイノワール,牡3,55.0,武豊,2:00.6,,6.0,4.0,484(+16),[西] 笹田和秀,202402010707
2,2,2,モンブランミノル,牡3,55.0,佐々木大,2:00.8,1,5.3,2.0,496(-6),[西] 小栗実,202402010707
3,5,5,ソウルアンドジャズ,牡3,54.0,角田大河,2:00.8,クビ,20.9,9.0,498(-2),[東] 武井亮,202402010707
4,7,8,ノーブルスカイ,牡3,55.0,鮫島克駿,2:00.9,クビ,5.6,3.0,468(0),[西] 高柳大輔,202402010707
5,7,9,コスモエクスプレス,牡5,58.0,丹内祐次,2:01.0,1,18.1,7.0,492(+8),[東] 松永康利,202402010707
6,1,1,ルークスヘリオス,牡5,58.0,永野猛蔵,2:01.1,1/2,18.2,8.0,486(0),[東] 中川公成,202402010707
7,4,4,ステラクラウン,牝3,53.0,横山和生,2:01.2,1/2,2.5,1.0,496(-4),[西] 上村洋行,202402010707
8,3,3,テリオスルル,牝3,53.0,古川吉洋,2:01.2,ハナ,17.1,6.0,474(+14),[東] 田島俊明,202402010707
9,6,7,ポーレット,牝4,53.0,高杉吏麒,2:01.7,3,33.7,10.0,478(-4),[西] 吉岡辰弥,202402010707
10,8,10,ロードオールライト,牡3,55.0,藤岡佑介,2:02.1,2,12.7,5.0,514(0),[西] 中内田充,202402010707
11,8,11,ヒナノコバン,セ7,55.0,小林勝太,2:02.5,2.1/2,240.5,11.0,456(-2),[東] 本間忍,202402010707
1,7,8,アーマルコライト,牡3,54.0,武豊,2:34.7,,3.0,2.0,512(+6),[西] 寺島良,202402010708
2,8,10,サトノレイズ,牡3,51.0,小林勝太,2:35.0,1.1/2,2.9,1.0,462(+4),[東] 田中博康,202402010708
3,8,9,クロスザルビコン,牡7,58.0,永野猛蔵,2:35.4,2.1/2,6.9,3.0,464(0),[東] 大和田成,202402010708
4,3,3,ポイズンアロウ,セ5,58.0,大野拓弥,2:35.5,クビ,42.4,10.0,534(0),[東] 古賀慎明,202402010708
5,5,5,ブレイヴアロウ,牡4,58.0,横山武史,2:35.6,1/2,9.1,5.0,494(+2),[東] 辻哲英,202402010708
6,2,2,フロンタルジェダイ,牡5,58.0,佐々木大,2:35.8,1.1/4,12.2,6.0,546(+4),[西] 高橋義忠,202402010708
7,7,7,アルデドゥオーモ,牡3,54.0,丹内祐次,2:36.1,1.3/4,9.0,4.0,478(0),[東] 矢野英一,202402010708
8,6,6,スペシャリスト,牝4,53.0,長浜鴻緒,2:36.2,1/2,34.3,9.0,464(-6),[東] 手塚貴久,202402010708
9,1,1,エミサソウツバサ,牡5,58.0,川又賢治,2:36.7,3.1/2,27.9,8.0,512(+4),[西] 杉山佳明,202402010708
10,4,4,ジェミニキング,セ8,58.0,浜中俊,2:38.2,9,21.1,7.0,512(+20),[西] 庄野靖志,202402010708
1,7,9,ナムラローズマリー,牝3,53.0,武豊,1:08.7,,1.5,1.0,454(+12),[西] 羽月友彦,202402010709
2,6,6,ビッグパレード,牝5,56.0,丹内祐次,1:08.9,1,41.8,6.0,510(+4),[東] 伊藤大士,202402010709
3,1,1,バシレウスシチー,牡5,58.0,菱田裕二,1:08.9,クビ,13.3,5.0,452(0),[西] 岡田稲男,202402010709
4,5,5,ディージェーサン,牝5,56.0,小林勝太,1:09.0,1/2,109.4,10.0,438(+10),[東] 堀内岳志,202402010709
5,2,2,ミッドナイトラスタ,牝3,53.0,鮫島克駿,1:09.0,ハナ,4.7,2.0,490(+8),[東] 加藤征弘,202402010709
6,7,8,セイウンティーダ,牝3,53.0,永野猛蔵,1:09.2,1.1/4,58.1,7.0,416(-2),[東] 松山将樹,202402010709
7,4,4,フライングブレード,牡4,58.0,藤岡佑介,1:09.2,ハナ,8.4,4.0,490(+2),[西] 飯田祐史,202402010709
8,6,7,トラペジスト,牡3,55.0,北村友一,1:09.3,アタマ,7.1,3.0,514(-6),[西] 音無秀孝,202402010709
9,3,3,フリントロック,牝4,56.0,大野拓弥,1:09.3,ハナ,84.3,8.0,430(-4),[東] 菊沢隆徳,202402010709
10,8,10,クラックオブドーン,セ4,58.0,古川吉洋,1:09.8,3,129.0,11.0,470(-6),[西] 藤野健太,202402010709
11,8,11,テーオーヴァイナー,牡4,58.0,高杉吏麒,1:10.9,7,97.5,9.0,506(-4),[西] 藤岡健一,202402010709
1,3,3,エラトー,牝3,52.0,横山和生,1:47.3,,1.9,1.0,492(+2),[西] 上村洋行,202402010710
2,2,2,タイキラフター,牡4,57.0,大野拓弥,1:47.6,1.3/4,10.1,5.0,528(+2),[東] 大竹正博,202402010710
3,5,5,アナレンマ,セ6,53.0,北村友一,1:47.9,2,169.8,11.0,452(+6),[西] 藤原英昭,202402010710
4,8,12,フラミニア,牝4,54.0,鮫島克駿,1:47.9,クビ,6.6,2.0,478(+8),[東] 森一誠,202402010710
5,5,6,ウィステリアリヴァ,牡4,56.0,横山武史,1:48.0,1/2,12.3,6.0,502(+4),[東] 小野次郎,202402010710
6,7,10,スカイフォール,牡5,56.0,丹内祐次,1:48.1,クビ,41.4,9.0,488(+8),[西] 昆貢,202402010710
7,7,9,テイデ,セ6,55.0,佐々木大,1:48.1,ハナ,8.0,4.0,474(-4),[東] 堀宣行,202402010710
8,1,1,ホウオウプレミア,牡5,55.0,岩田康誠,1:48.1,クビ,6.6,3.0,488(+4),[東] 奥村武,202402010710
9,4,4,スカーズ,牡4,56.0,浜中俊,1:48.3,1.1/2,26.4,8.0,482(-10),[西] 武幸四郎,202402010710
10,6,7,メタルスパーク,セ7,55.0,永野猛蔵,1:48.4,クビ,67.7,10.0,500(+2),[東] 菊川正達,202402010710
11,8,11,スプリングノヴァ,牝3,51.0,亀田温心,1:49.4,6,16.3,7.0,406(+10),[西] 鮫島一歩,202402010710
除,6,8,レッドバレンティア,牡4,55.0,藤岡佑介,,,---,,462(+2),[東] 矢嶋大樹,202402010710
1,5,9,ミッキーハーモニー,牝5,56.0,横山和生,1:08.5,,10.8,5.0,464(0),[東] 萩原清,202402010711
2,8,15,エイシンフェンサー,牝4,56.0,川又賢治,1:08.5,クビ,12.5,6.0,480(+12),[西] 吉村圭司,202402010711
3,6,12,レッドアヴァンティ,牡5,58.0,武豊,1:08.7,1.1/4,3.5,1.0,510(+2),[東] 尾関知人,202402010711
4,5,10,ドーバーホーク,牡4,58.0,横山武史,1:08.7,ハナ,4.9,2.0,480(0),[東] 清水英克,202402010711
5,8,16,ブルーシンフォニー,牡6,58.0,永野猛蔵,1:08.8,クビ,32.5,12.0,488(+12),[東] 伊藤圭三,202402010711
6,7,14,マイネルレノン,牡5,58.0,丹内祐次,1:08.8,ハナ,21.8,10.0,486(+2),[西] 宮徹,202402010711
7,2,4,ナリタローゼ,牝6,56.0,角田大河,1:08.8,クビ,20.7,8.0,492(-2),[西] 高橋亮,202402010711
8,4,8,スリーアイランド,牝4,56.0,浜中俊,1:08.9,クビ,21.6,9.0,482(+2),[西] 中竹和也,202402010711
9,3,5,シュヴェルトライテ,牝5,56.0,菱田裕二,1:09.0,1,28.7,11.0,440(-2),[東] 池上昌和,202402010711
10,6,11,ショウナンマッハ,セ5,58.0,鮫島克駿,1:09.1,クビ,43.3,13.0,496(-2),[西] 茶木太樹,202402010711
11,7,13,タリア,牝4,56.0,北村友一,1:09.1,ハナ,89.5,14.0,436(+4),[東] 矢野英一,202402010711
12,4,7,エイシンエイト,牝4,56.0,大野拓弥,1:09.3,1,6.2,3.0,492(0),[東] 田中剛,202402010711
13,1,2,サニーオーシャン,セ6,58.0,小林勝太,1:09.3,アタマ,257.7,16.0,452(+4),[東] 杉浦宏昭,202402010711
14,2,3,アルーリングビュー,牝4,56.0,藤岡佑介,1:09.7,2.1/2,9.0,4.0,478(+10),[西] 吉村圭司,202402010711
15,3,6,クリダーム,牡4,58.0,佐々木大,1:10.7,6,14.4,7.0,496(+4),[東] 上原佑紀,202402010711
16,1,1,ロックユアハート,牝5,56.0,岩田康誠,1:11.0,1.1/2,100.1,15.0,456(-4),[西] 矢作芳人,202402010711
1,3,3,コパノエビータ,牝3,50.0,長浜鴻緒,1:45.5,,11.7,6.0,406(0),[東] 手塚貴久,202402010712
2,7,9,チャプリ,牝5,56.0,大野拓弥,1:46.0,3,29.6,8.0,476(+2),[東] 高木登,202402010712
3,4,4,タマモプルメリア,牝3,50.0,高杉吏麒,1:46.1,3/4,6.9,4.0,454(+8),[西] 大橋勇樹,202402010712
4,8,11,ネバーモア,牝3,53.0,藤岡佑介,1:46.2,1/2,8.1,5.0,478(-4),[西] 宮本博,202402010712
5,5,6,モデルハント,牝3,52.0,角田大河,1:46.2,アタマ,18.0,7.0,442(0),[東] 武藤善則,202402010712
6,2,2,フォンメイリー,牝5,56.0,永野猛蔵,1:46.4,1.1/4,98.3,12.0,476(-6),[東] 粕谷昌央,202402010712
7,6,8,ウェイトゥゴー,牝3,53.0,横山和生,1:46.4,アタマ,2.5,1.0,460(-2),[西] 須貝尚介,202402010712
8,6,7,ポマール,牝3,53.0,佐々木大,1:46.8,2.1/2,58.2,10.0,448(+12),[西] 小栗実,202402010712
9,1,1,クォーツァイト,牝3,53.0,鮫島克駿,1:46.8,アタマ,5.1,2.0,466(+2),[東] 斎藤誠,202402010712
10,8,12,ビップレーヌ,牝3,53.0,横山武史,1:47.1,1.3/4,34.2,9.0,478(+10),[東] 高柳瑞樹,202402010712
11,5,5,エーデル,牝3,53.0,丹内祐次,1:47.3,1.1/2,6.3,3.0,464(+2),[東] 金成貴史,202402010712
12,7,10,トウロウノオノ,牝4,53.0,小林勝太,1:47.5,1.1/4,62.9,11.0,448(+10),[東] 竹内正洋,202402010712
1,4,4,シュードタキライト,牡2,55.0,佐々木大,1:10.0,,3.1,2.0,478(-4),[東] 菊川正達,202402010801
2,3,3,ミッドナイトゲイル,牝2,52.0,小林勝太,1:10.2,1.1/2,1.7,1.0,456(+2),[西] 小栗実,202402010801
3,1,1,ベルスバラード,牝2,55.0,丹内祐次,1:11.0,5,25.6,4.0,412(-2),[東] 牧光二,202402010801
4,2,2,シンゼンマルノスケ,牡2,52.0,高杉吏麒,1:11.4,2.1/2,40.3,5.0,462(+8),[西] 荒川義之,202402010801
5,5,5,ダイチラポール,牡2,52.0,長浜鴻緒,1:11.8,2.1/2,3.3,3.0,464(+4),[東] 蛯名利弘,202402010801
1,7,12,プルーヴンウィナー,牝3,55.0,佐々木大,1:47.2,,15.6,7.0,488(-4),[西] 矢作芳人,202402010802
2,6,9,ブーケドグレイス,牝3,52.0,長浜鴻緒,1:47.3,1/2,116.8,13.0,474(0),[東] 相沢郁,202402010802
3,5,7,アイリュール,牝3,55.0,丹内祐次,1:47.5,1.1/2,26.5,8.0,456(-2),[東] 田中剛,202402010802
4,4,6,カネコメファミリー,牝3,55.0,菱田裕二,1:47.6,1/2,4.2,3.0,488(-2),[西] 中尾秀正,202402010802
5,3,3,グディンナ,牝3,55.0,永野猛蔵,1:47.9,1.1/2,42.3,9.0,410(+6),[西] 牧田和弥,202402010802
6,6,10,リヴィングカラー,牝3,55.0,荻野琢真,1:48.0,1,134.6,14.0,402(+2),[東] 小笠倫弘,202402010802
7,4,5,ラブリーサイン,牝3,55.0,横山武史,1:48.1,クビ,4.2,2.0,500(+8),[西] 牧浦充徳,202402010802
8,7,11,メイショウコオロギ,牝3,55.0,武豊,1:48.1,クビ,6.1,4.0,432(-2),[東] 和田勇介,202402010802
9,1,1,ココボロ,牝3,52.0,土田真翔,1:48.4,1.1/2,15.4,6.0,508(-4),[東] 松山将樹,202402010802
10,8,14,ベストベルシック,牝3,55.0,黛弘人,1:48.4,アタマ,45.0,10.0,422(+6),[東] 森一誠,202402010802
11,8,13,ウォーターリッシュ,牝3,52.0,川端海翼,1:49.2,5,61.4,11.0,446(+26),[西] 高柳大輔,202402010802
12,3,4,フタバ,牝3,55.0,大野拓弥,1:49.3,クビ,113.3,12.0,412(+4),[西] 西村真幸,202402010802
13,2,2,チャルドーニ,牝3,52.0,高杉吏麒,1:49.8,3,3.5,1.0,466(+8),[東] 林徹,202402010802
14,5,8,ビーラヴゼアー,牝3,55.0,鮫島克駿,1:51.0,7,12.3,5.0,464(+10),[西] 小林真也,202402010802
1,1,2,ルクスアドラー,牡3,57.0,佐々木大,1:09.8,,8.3,4.0,462(+2),[西] 須貝尚介,202402010803
2,7,14,フェアアイル,牝3,52.0,長浜鴻緒,1:09.9,1/2,40.7,14.0,402(+4),[西] 音無秀孝,202402010803
3,2,3,サニイアール,牝3,52.0,小林勝太,1:10.0,クビ,14.2,7.0,450(0),[東] 田村康仁,202402010803
4,8,16,テキーラワルツ,牝3,52.0,川端海翼,1:10.0,ハナ,34.4,11.0,432(+4),[西] 大根田裕,202402010803
5,4,8,カチヌキマリコ,牝3,55.0,大野拓弥,1:10.0,アタマ,11.1,5.0,414(+8),[東] 天間昭一,202402010803
6,4,7,ロジカルワーズ,牡3,57.0,横山武史,1:10.1,1/2,3.5,1.0,508(+2),[東] 大竹正博,202402010803
7,1,1,セントオブシン,牝3,55.0,亀田温心,1:10.2,1/2,214.5,16.0,430(+2),[西] 高野友和,202402010803
8,5,9,キアロヴェローチェ,セ3,57.0,浜中俊,1:10.3,3/4,5.7,2.0,466(0),[西] 武幸四郎,202402010803
9,5,10,ナリタマフディー,牝3,55.0,永野猛蔵,1:10.4,1/2,39.2,13.0,484(+4),[西] 高橋亮,202402010803
10,2,4,リーサムギニー,牡3,57.0,藤岡佑介,1:10.4,クビ,15.3,8.0,486(-4),[西] 矢作芳人,202402010803
11,6,12,ダイナミックス,牝3,55.0,菱田裕二,1:10.6,1.1/4,19.6,9.0,438(-8),[東] 林徹,202402010803
12,7,13,テリオスソラ,牝3,55.0,鮫島克駿,1:10.6,ハナ,24.1,10.0,470(+4),[西] 松下武士,202402010803
13,3,5,ライズタイガ,牡3,57.0,古川吉洋,1:10.8,1.1/4,109.8,15.0,456(0),[東] 小野次郎,202402010803
14,6,11,クーリッジテソーロ,牡3,57.0,武豊,1:10.9,3/4,37.1,12.0,466(+2),[東] 栗田徹,202402010803
15,3,6,コスモバシレウス,牡3,57.0,丹内祐次,1:11.0,3/4,6.1,3.0,452(+8),[西] 西園正都,202402010803
16,8,15,モリエヌス,牝3,52.0,高杉吏麒,1:11.1,1/2,13.7,6.0,390(-2),[西] 荒川義之,202402010803
1,8,11,プレゼンティーア,牝3,55.0,藤岡佑介,1:46.4,,7.1,4.0,470(-4),[西] 田中克典,202402010804
2,1,1,サンライズシア,牡3,57.0,佐々木大,1:46.6,1.1/4,1.9,1.0,508(+6),[西] 石坂公一,202402010804
3,6,8,トモジャシャトー,牡3,54.0,長浜鴻緒,1:47.5,5,5.2,3.0,470(-6),[東] 小笠倫弘,202402010804
4,5,6,フィージビリティー,牡3,57.0,横山武史,1:47.5,クビ,4.7,2.0,508(-2),[東] 栗田徹,202402010804
5,2,2,キモンキャリントン,牡3,54.0,高杉吏麒,1:47.7,3/4,24.6,5.0,430(+4),[西] 渡辺薫彦,202402010804
6,5,5,ガラシュ,牡3,57.0,永野猛蔵,1:47.7,クビ,37.4,8.0,504(-2),[西] 高橋康之,202402010804
7,3,3,アールヴヘイム,牝3,55.0,菱田裕二,1:48.2,3,58.6,10.0,448(+13),[西] 小崎憲,202402010804
8,7,10,アウストラリス,牝3,52.0,小林勝太,1:48.7,3.1/2,61.4,11.0,426(-12),[東] 高橋文雅,202402010804
9,7,9,キタノワイオリ,牝3,52.0,川端海翼,1:49.7,6,206.5,12.0,392(+2),[東] 本間忍,202402010804
10,6,7,ジューンサレンダー,牡3,57.0,鮫島克駿,1:50.6,5,25.6,6.0,450(-4),[西] 今野貞一,202402010804
11,4,4,ロマンスシアター,牝3,55.0,亀田温心,1:51.8,7,52.6,9.0,464(+2),[西] 鮫島一歩,202402010804
12,8,12,ゴールデンルーキー,牡3,57.0,丹内祐次,1:52.0,1.1/4,30.5,7.0,470(+2),[東] 牧光二,202402010804
1,2,2,ゴーゴータカシ,牡2,55.0,横山武史,1:50.9,,2.5,1.0,488(0),[東] 武井亮,202402010805
2,8,11,ブルータス,牡2,55.0,大野拓弥,1:51.0,1/2,3.7,2.0,446(0),[東] 高柳瑞樹,202402010805
3,1,1,プレシャスデイ,牡2,55.0,佐々木大,1:51.2,1,11.5,5.0,488(0),[東] 伊坂重信,202402010805
4,8,10,サッカレッロ,牝2,55.0,藤岡佑介,1:51.6,2.1/2,45.9,10.0,430(0),[西] 坂口智康,202402010805
5,4,4,ガンバルマン,牡2,55.0,永野猛蔵,1:51.6,ハナ,32.5,9.0,448(0),[東] 萱野浩二,202402010805
6,5,5,ナンナンプー,牝2,55.0,菱田裕二,1:51.6,クビ,23.4,8.0,446(0),[東] 矢嶋大樹,202402010805
7,6,7,セイフウサツキ,牡2,55.0,武豊,1:51.8,1,5.3,3.0,452(0),[西] 松永幹夫,202402010805
8,7,9,ヤコブセン,牡2,55.0,鮫島克駿,1:51.8,クビ,19.6,6.0,490(0),[東] 斎藤誠,202402010805
9,6,6,ラルフテソーロ,牡2,55.0,丹内祐次,1:52.0,1,9.0,4.0,502(0),[東] 小手川準,202402010805
10,3,3,ゴーゴーゴウト,牡2,52.0,小林勝太,1:53.4,9,97.1,11.0,470(0),[東] 加藤士津,202402010805
11,7,8,アディクテッドラン,牡2,55.0,岩田康誠,1:53.8,2,23.1,7.0,466(0),[西] 新谷功一,202402010805
1,3,5,サラトガチップス,牡3,57.0,横山武史,2:01.7,,1.9,1.0,440(0),[西] 新谷功一,202402010806
2,5,9,レディマキシマ,牝3,55.0,丹内祐次,2:01.9,1.1/4,12.2,4.0,488(+4),[東] 伊藤大士,202402010806
3,1,2,ドウアドバンテージ,牡3,57.0,藤岡佑介,2:02.1,1.1/4,16.9,6.0,486(+6),[西] 四位洋文,202402010806
4,2,3,リュラグリーン,牝3,52.0,長浜鴻緒,2:02.2,クビ,5.7,2.0,466(-6),[東] 相沢郁,202402010806
5,3,6,ヴァイゼ,牝3,55.0,菱田裕二,2:02.3,1/2,149.9,15.0,418(-6),[西] 中村直也,202402010806
6,7,13,シーグリント,牝3,55.0,佐々木大,2:02.4,1,75.6,12.0,396(-4),[西] 高橋一哉,202402010806
7,5,10,ホームアンドドライ,牡3,57.0,亀田温心,2:02.5,1/2,25.1,8.0,476(+16),[西] 高柳大輔,202402010806
8,4,8,マウリノ,牡3,57.0,黛弘人,2:02.6,3/4,67.4,11.0,452(-4),[東] 手塚貴久,202402010806
9,8,15,テンダーデイズ,牝3,55.0,武豊,2:02.8,1.1/4,5.8,3.0,476(-6),[西] 笹田和秀,202402010806
10,4,7,ワイドマルガリータ,牝3,52.0,高杉吏麒,2:03.0,3/4,146.8,14.0,464(+2),[西] 西園正都,202402010806
11,2,4,ハワイアンアイコン,牡3,57.0,永野猛蔵,2:03.7,4,58.2,9.0,490(-18),[西] 藤原英昭,202402010806
12,6,11,レッドアウェイク,牡3,57.0,大野拓弥,2:03.7,クビ,17.6,7.0,476(+4),[西] 福永祐一,202402010806
13,7,14,オンザプラネット,牡3,57.0,古川吉洋,2:03.8,クビ,110.2,13.0,498(+8),[西] 佐々木晶,202402010806
14,6,12,ガルバナム,牡3,57.0,鮫島克駿,2:03.8,アタマ,13.2,5.0,478(+6),[西] 渡辺薫彦,202402010806
15,8,16,フォルガイル,牡3,54.0,小林勝太,2:03.9,1/2,255.8,16.0,444(0),[東] 加藤和宏,202402010806
16,1,1,サイコウダネ,牡3,54.0,川端海翼,2:04.1,1.1/4,59.5,10.0,460(+2),[西] 清水久詞,202402010806
1,5,5,エンセリオ,牝3,53.0,鮫島克駿,1:46.1,,8.3,5.0,442(0),[東] 小笠倫弘,202402010807
2,8,8,メジャーデビュー,牝3,53.0,丹内祐次,1:46.3,1.1/4,2.9,2.0,436(+6),[東] 鈴木慎太,202402010807
3,1,1,ポワンキュルミナン,牡4,58.0,菱田裕二,1:46.7,2.1/2,34.0,7.0,426(0),[西] 岡田稲男,202402010807
4,6,6,ゼンダンスカイ,牡3,52.0,小林勝太,1:46.7,アタマ,2.7,1.0,456(+2),[西] 角田晃一,202402010807
5,7,7,ベイビールビオ,牡5,58.0,佐々木大,1:47.0,1.3/4,16.9,6.0,500(0),[東] 田村康仁,202402010807
6,2,2,メイショウクモイ,牡4,58.0,武豊,1:47.8,5,5.4,3.0,476(-4),[西] 飯田祐史,202402010807
7,4,4,ワンダージュノ,セ5,58.0,黛弘人,1:48.4,3.1/2,123.0,8.0,478(-10),[西] 森田直行,202402010807
8,3,3,ピースヒロフェイス,牝3,53.0,古川吉洋,1:48.8,2.1/2,6.9,4.0,460(-4),[東] 牧光二,202402010807
1,3,5,ガジュノリ,牝3,53.0,永野猛蔵,1:48.8,,23.0,8.0,468(0),[東] 尾形和幸,202402010808
2,6,10,ブルーアイドガール,牝3,53.0,丹内祐次,1:48.8,クビ,2.6,1.0,440(+2),[西] 吉岡辰弥,202402010808
3,8,15,レディマリオン,牝3,53.0,鮫島克駿,1:49.3,3,22.6,7.0,452(0),[西] 長谷川浩,202402010808
4,1,1,ルージュアマルフィ,牝4,56.0,佐々木大,1:49.3,クビ,9.6,5.0,494(+12),[東] 鹿戸雄一,202402010808
5,2,3,ゼットスパンキー,牡3,52.0,長浜鴻緒,1:49.4,1/2,127.6,13.0,462(+2),[西] 宮徹,202402010808
6,4,6,トゥルーサクセサー,牡3,55.0,大野拓弥,1:49.4,ハナ,5.1,2.0,470(+6),[東] 高木登,202402010808
7,2,2,カエルム,牡3,55.0,藤岡佑介,1:49.5,3/4,9.2,4.0,470(-6),[西] 安田翔伍,202402010808
8,8,14,バルミーウェザー,牡3,55.0,亀田温心,1:49.5,アタマ,157.2,15.0,460(-4),[西] 鮫島一歩,202402010808
9,6,11,ノレッジビューティ,牝4,56.0,横山武史,1:49.6,クビ,33.8,10.0,456(-2),[西] 上村洋行,202402010808
10,7,13,ユイノオトコヤマ,牡4,58.0,黛弘人,1:49.6,クビ,102.3,11.0,470(0),[東] 深山雅史,202402010808
11,5,9,シエロエスティーボ,牡4,55.0,小林勝太,1:49.7,アタマ,130.1,14.0,498(0),[東] 小手川準,202402010808
12,4,7,オトコギアンパン,牡3,52.0,高杉吏麒,1:49.7,クビ,13.5,6.0,486(0),[西] 小栗実,202402010808
13,5,8,ラパンラピッド,セ4,58.0,岩田康誠,1:49.7,クビ,5.1,3.0,488(+2),[東] 武井亮,202402010808
14,7,12,セレスト,牡3,52.0,川端海翼,1:49.8,1/2,114.7,12.0,434(+2),[西] 羽月友彦,202402010808
15,3,4,ユメハハテシナク,牡4,58.0,武豊,1:51.1,8,29.9,9.0,490(+8),[西] 石坂公一,202402010808
1,7,7,ダノンボレロ,牡4,58.0,浜中俊,1:45.3,,2.3,1.0,552(+4),[東] 堀宣行,202402010809
2,5,5,モンドプリューム,牡4,58.0,横山武史,1:45.6,1.3/4,3.9,2.0,506(+6),[東] 水野貴広,202402010809
3,2,2,サハラヴァンクール,牡6,58.0,永野猛蔵,1:45.7,1/2,13.7,5.0,480(-4),[東] 和田勇介,202402010809
4,6,6,コパノアントニオ,牡3,55.0,高杉吏麒,1:46.0,1.3/4,6.7,4.0,470(+6),[西] 梅田智之,202402010809
5,8,9,フローラルビアンカ,牝5,56.0,藤岡佑介,1:46.0,クビ,4.0,3.0,482(-6),[西] 田中克典,202402010809
6,4,4,ベイパーコーン,セ5,58.0,佐々木大,1:46.1,1/2,62.1,8.0,470(+12),[西] 鈴木孝志,202402010809
7,3,3,ディサイド,牡5,58.0,鮫島克駿,1:46.2,クビ,23.4,6.0,490(+4),[西] 高野友和,202402010809
8,8,8,スズカルビコン,牡6,58.0,黛弘人,1:46.2,クビ,161.2,9.0,520(+2),[東] 堀内岳志,202402010809
9,1,1,タロントゥーズ,牡4,58.0,丹内祐次,1:46.9,4,32.8,7.0,474(+8),[西] 大久保龍,202402010809
1,1,1,オウバイトウリ,牝3,53.0,浜中俊,1:08.8,,3.8,1.0,470(0),[西] 武幸四郎,202402010810
2,7,13,ジョリダム,牝4,56.0,小林勝太,1:08.9,3/4,26.8,11.0,446(+2),[西] 武英智,202402010810
3,1,2,ランドオブラヴ,牝4,56.0,丹内祐次,1:09.1,1.1/4,7.5,3.0,430(-2),[東] 蛯名正義,202402010810
4,6,12,ポルタフォルトゥナ,牝5,56.0,古川吉洋,1:09.2,3/4,10.9,6.0,478(-2),[東] 土田稔,202402010810
5,2,3,スムースベルベット,牝4,56.0,黛弘人,1:09.3,クビ,19.1,10.0,490(0),[東] 手塚貴久,202402010810
6,4,8,スイミーユニバンス,牝4,56.0,武豊,1:09.3,ハナ,6.2,2.0,442(0),[西] 平田修,202402010810
7,2,4,ミスヨコハマ,牝4,56.0,横山武史,1:09.4,クビ,15.3,9.0,476(+2),[東] 斎藤誠,202402010810
8,3,6,ショウナンアメリア,牝5,56.0,岩田康誠,1:09.5,3/4,36.9,12.0,458(+6),[東] 奥村武,202402010810
9,7,14,メイショウハボタン,牝6,56.0,藤岡佑介,1:09.5,クビ,11.2,7.0,482(-4),[西] 本田優,202402010810
10,8,15,ガビーズシスター,牝3,53.0,小林凌大,1:09.5,ハナ,9.0,4.0,468(+2),[東] 森一誠,202402010810
11,5,10,ロゼクラン,牝6,56.0,荻野琢真,1:09.6,クビ,12.2,8.0,452(+4),[西] 藤沢則雄,202402010810
12,4,7,スクルプトーリス,牝4,56.0,鮫島克駿,1:09.6,クビ,9.8,5.0,460(0),[西] 松下武士,202402010810
13,5,9,ブルトンクール,牝5,56.0,大野拓弥,1:09.9,1.1/2,69.5,14.0,456(-4),[東] 新開幸一,202402010810
14,6,11,ヴァンルーラー,牝5,56.0,菱田裕二,1:10.1,1,191.0,15.0,464(+6),[西] 河嶋宏樹,202402010810
15,8,16,トゥーテイルズ,牝4,56.0,佐々木大,1:10.1,クビ,42.2,13.0,460(-8),[西] 藤原英昭,202402010810
取,3,5,ゴキゲンサン,牝4,56.0,永野猛蔵,,,---,,計不,[東] 伊藤大士,202402010810
1,5,9,ホウオウビスケッツ,牡4,57.0,岩田康誠,1:46.8,,4.0,2.0,510(-6),[東] 奥村武,202402010811
2,6,12,デビットバローズ,牡5,57.0,武豊,1:47.1,2,3.7,1.0,518(0),[西] 上村洋行,202402010811
3,8,15,アケルナルスター,牡5,57.0,丹内祐次,1:47.1,ハナ,13.2,5.0,472(-2),[東] 清水英克,202402010811
4,7,14,オニャンコポン,牡5,58.0,菱田裕二,1:47.2,クビ,6.5,4.0,488(+6),[東] 小島茂之,202402010811
5,3,6,ラリュエル,牝5,55.0,高杉吏麒,1:47.3,1,32.2,11.0,428(+10),[西] 矢作芳人,202402010811
6,2,3,サンストックトン,牡5,57.0,横山武史,1:47.4,クビ,5.7,3.0,472(-2),[東] 鹿戸雄一,202402010811
7,1,1,ナイママ,牡8,57.0,亀田温心,1:47.4,アタマ,200.2,16.0,488(+2),[東] 武藤善則,202402010811
8,8,16,ショウナンバシット,牡4,57.0,佐々木大,1:47.4,アタマ,21.0,9.0,500(+6),[西] 須貝尚介,202402010811
9,4,7,ショウナンマグマ,牡5,58.0,永野猛蔵,1:47.6,1.1/2,15.4,6.0,516(+4),[東] 尾関知人,202402010811
10,5,10,グリューネグリーン,牡4,57.0,浜中俊,1:47.7,クビ,18.9,7.0,502(+2),[東] 相沢郁,202402010811
11,3,5,サトノエルドール,牡8,58.0,大野拓弥,1:47.7,クビ,94.5,13.0,482(0),[東] 国枝栄,202402010811
12,1,2,リューベック,牡5,57.0,荻野琢真,1:47.8,1/2,56.4,12.0,498(-6),[西] 須貝尚介,202402010811
13,2,4,エミュー,牝4,55.0,藤岡佑介,1:48.0,1.1/4,27.7,10.0,430(+2),[東] 和田正一,202402010811
14,6,11,ワールドリバイバル,牡6,57.0,鮫島克駿,1:48.1,1/2,21.0,8.0,510(-6),[西] 牧田和弥,202402010811
15,4,8,フォワードアゲン,セ7,57.0,黛弘人,1:48.2,1/2,135.8,15.0,444(+6),[東] 加藤和宏,202402010811
16,7,13,モントライゼ,牡6,58.0,古川吉洋,1:49.8,10,107.6,14.0,520(+2),[西] 松永幹夫,202402010811
1,2,2,フーコサンライズ,牝3,53.0,佐々木大,0:58.8,,1.5,1.0,496(0),[西] 新谷功一,202402010812
2,8,9,サザンレイク,牝4,53.0,長浜鴻緒,0:59.0,1,13.8,4.0,490(0),[東] 根本康広,202402010812
3,7,8,ヨドノゴールド,牡6,58.0,横山武史,0:59.1,1/2,4.7,2.0,466(-6),[西] 西園正都,202402010812
4,4,4,ノボリショウリュウ,牡3,52.0,高杉吏麒,0:59.5,2.1/2,8.0,3.0,458(+2),[西] 石橋守,202402010812
5,5,5,カップッチョ,牡7,58.0,黛弘人,0:59.6,1/2,25.9,6.0,488(-4),[東] 石毛善彦,202402010812
6,7,7,コウユーママニニテ,牝5,56.0,川又賢治,1:00.0,2.1/2,14.1,5.0,462(+2),[東] 竹内正洋,202402010812
7,6,6,メージャーテソーロ,牡4,58.0,鮫島克駿,1:00.3,1.1/2,56.5,9.0,444(+8),[東] 畠山吉宏,202402010812
8,1,1,グランヒマラヤ,牡4,55.0,小林勝太,1:00.4,3/4,26.8,7.0,506(+4),[東] 松山将樹,202402010812
9,8,10,タッカー,牡3,55.0,丹内祐次,1:00.7,2,44.4,8.0,476(-6),[東] 清水英克,202402010812
10,3,3,ジェニファー,牝3,53.0,大野拓弥,1:00.9,1.1/4,81.0,10.0,452(0),[西] 浜田多実,202402010812
1,1,1,ラパンチュール,牝2,55.0,武豊,1:11.2,,2.4,1.0,458(+4),[東] 蛯名正義,202402010901
2,3,3,オンザブルースカイ,牡2,52.0,小林勝太,1:11.2,アタマ,3.8,3.0,454(-2),[西] 谷潔,202402010901
3,6,6,ティピティーナ,牝2,55.0,丹内祐次,1:11.4,1.1/2,3.1,2.0,408(+4),[東] 林徹,202402010901
4,4,4,ブリッツアロング,牡2,55.0,大野拓弥,1:11.6,1,25.9,6.0,472(-2),[東] 上原博之,202402010901
5,2,2,カルミネイション,牝2,55.0,菱田裕二,1:11.6,ハナ,5.9,4.0,436(+10),[西] 緒方努,202402010901
6,5,5,ディラードテソーロ,牡2,52.0,高杉吏麒,1:11.6,クビ,20.9,5.0,432(+6),[東] 畠山吉宏,202402010901
7,7,7,サノノスウィフト,牝2,52.0,長浜鴻緒,1:13.0,8,87.6,7.0,400(0),[東] 蛯名利弘,202402010901
1,7,10,ニホンピロトッティ,牝3,55.0,菱田裕二,0:58.9,,15.9,6.0,400(+4),[西] 緒方努,202402010902
2,1,1,タカラバディウス,牝3,52.0,小林勝太,0:59.2,2,111.6,10.0,420(-4),[東] 堀内岳志,202402010902
3,8,12,タイセイフォルテ,牡3,54.0,高杉吏麒,0:59.4,1.1/4,4.0,2.0,486(0),[西] 西村真幸,202402010902
4,6,7,ラントゥリーダンス,牝3,55.0,小林凌大,0:59.4,アタマ,8.3,4.0,460(+4),[東] 石栗龍彦,202402010902
5,3,3,マーシャルテイル,牡3,57.0,鮫島克駿,1:00.1,4,21.8,7.0,458(-8),[西] 池添学,202402010902
6,6,8,モズマサニャン,牡3,57.0,岩田康誠,1:00.1,ハナ,5.5,3.0,450(-2),[東] 加藤征弘,202402010902
7,8,11,オーヴァーザトップ,牡3,57.0,黛弘人,1:00.5,2.1/2,94.1,9.0,478(0),[東] 伊藤伸一,202402010902
8,5,6,アルテミーナ,牝3,55.0,亀田温心,1:00.5,アタマ,258.3,12.0,486(-2),[西] 村山明,202402010902
9,2,2,ノブノリッキー,牡3,57.0,横山武史,1:00.6,1/2,2.3,1.0,518(0),[東] 中舘英二,202402010902
10,7,9,プラビータ,牝3,52.0,長浜鴻緒,1:00.6,ハナ,9.1,5.0,490(+2),[東] 矢野英一,202402010902
11,5,5,ペプチドアーニャ,牝3,55.0,古川吉洋,1:00.8,1,29.6,8.0,412(0),[西] 畑端省吾,202402010902
12,4,4,カネトシテミス,牝3,52.0,川端海翼,1:01.8,6,158.7,11.0,428(+8),[西] 大根田裕,202402010902
1,1,2,ルージュピルエット,牝3,55.0,菱田裕二,2:02.2,,8.7,3.0,478(0),[西] 大久保龍,202402010903
2,2,4,ディアアリーチェ,牝3,55.0,鮫島克駿,2:02.3,クビ,28.0,8.0,454(-2),[西] 武幸四郎,202402010903
3,4,8,スウィートリワード,牝3,55.0,武豊,2:02.4,3/4,1.8,1.0,456(+2),[西] 宮本博,202402010903
4,7,14,アリーバ,牝3,55.0,浜中俊,2:02.5,1/2,33.0,10.0,418(-2),[西] 田中克典,202402010903
5,4,7,ルクスチェリー,牝3,54.0,角田大河,2:02.6,1/2,12.6,4.0,480(-2),[西] 石橋守,202402010903
6,7,13,レイピカケ,牝3,52.0,川端海翼,2:02.6,クビ,243.1,16.0,454(-10),[西] 野中賢二,202402010903
7,2,3,ベルベットハンマー,牝3,55.0,丸山元気,2:02.8,1,138.4,14.0,438(+6),[東] 天間昭一,202402010903
8,5,10,ホウオウダイアン,牝3,55.0,大野拓弥,2:02.8,アタマ,17.0,5.0,412(0),[東] 高柳瑞樹,202402010903
9,6,11,ラインポーチュラカ,牝3,55.0,佐々木大,2:02.8,ハナ,5.5,2.0,500(-2),[東] 蛯名正義,202402010903
10,5,9,アミアン,牝3,55.0,岩田康誠,2:02.8,アタマ,41.0,12.0,418(+4),[東] 鹿戸雄一,202402010903
11,8,16,リトルアイドル,牝3,52.0,小林勝太,2:03.1,1.1/2,192.9,15.0,374(+2),[東] 加藤和宏,202402010903
12,1,1,ティラージュ,牝3,55.0,富田暁,2:03.1,アタマ,43.7,13.0,466(+2),[西] 野中賢二,202402010903
13,3,5,スターシャワー,牝3,55.0,永野猛蔵,2:03.2,1/2,41.0,11.0,492(+2),[東] 古賀慎明,202402010903
14,3,6,ダークファンタジー,牝3,55.0,横山和生,2:03.2,アタマ,21.0,6.0,410(0),[西] 須貝尚介,202402010903
15,6,12,ロールオブアームズ,牝3,55.0,丹内祐次,2:05.3,大,28.1,9.0,484(+6),[東] 田村康仁,202402010903
16,8,15,セウタ,牝3,52.0,高杉吏麒,2:05.6,2,23.2,7.0,486(+8),[西] 辻野泰之,202402010903
1,6,6,メイショウヘール,牡3,56.0,角田大河,1:45.9,,1.9,1.0,480(+4),[西] 大橋勇樹,202402010904
2,8,10,イッツナッシング,牝3,55.0,丹内祐次,1:47.0,7,18.7,6.0,420(+4),[東] 水野貴広,202402010904
3,4,4,オセアトップガン,牡3,57.0,岩田康誠,1:47.0,ハナ,5.6,3.0,500(0),[東] 加藤征弘,202402010904
4,8,11,サトノフォルテ,牡3,57.0,佐々木大,1:47.4,2.1/2,3.9,2.0,488(-4),[東] 国枝栄,202402010904
5,3,3,テイエムミステリー,牡3,57.0,富田暁,1:47.5,クビ,19.5,7.0,476(-4),[西] 木原一良,202402010904
6,2,2,ニースライト,牝3,55.0,永野猛蔵,1:47.7,1.1/2,27.0,8.0,476(+2),[東] 粕谷昌央,202402010904
7,7,8,クリノタンザナイト,牡3,54.0,川端海翼,1:48.7,6,212.7,11.0,456(+2),[西] 荒川義之,202402010904
8,6,7,ユイノサンバンカン,牡3,54.0,長浜鴻緒,1:48.9,1,28.6,9.0,462(+10),[東] 深山雅史,202402010904
9,1,1,ワイワイサンデー,牡3,57.0,菱田裕二,1:49.8,5,18.0,4.0,472(+4),[東] 岩戸孝樹,202402010904
10,5,5,ブリージョドラード,牡3,54.0,高杉吏麒,1:50.7,5,18.6,5.0,450(+6),[西] 中内田充,202402010904
11,7,9,ライブリボイル,牝3,55.0,黛弘人,1:52.5,大,190.5,10.0,412(-6),[西] 森田直行,202402010904
1,4,4,ピコローズ,牝2,55.0,佐々木大,1:10.8,,8.0,5.0,424(0),[東] 伊藤大士,202402010905
2,6,6,ルージュアマリア,牝2,55.0,永野猛蔵,1:11.0,1,5.5,4.0,404(0),[東] 黒岩陽一,202402010905
3,3,3,アンジュアルディ,牝2,55.0,横山和生,1:11.0,1/2,3.1,1.0,458(0),[西] 昆貢,202402010905
4,8,11,ベールドインパクト,牡2,55.0,武豊,1:11.1,クビ,4.8,2.0,442(0),[東] 小島茂之,202402010905
5,6,7,モーニングスター,牝2,52.0,小林勝太,1:11.3,1.1/2,63.2,11.0,422(0),[東] 加藤和宏,202402010905
6,8,10,トーケンサワー,牝2,55.0,丸山元気,1:11.4,1/2,35.7,9.0,440(0),[東] 根本康広,202402010905
7,7,9,オイランブチ,牝2,55.0,藤岡佑介,1:11.6,1.1/4,5.1,3.0,434(0),[東] 的場均,202402010905
8,5,5,ニシノヘリオトロプ,牝2,55.0,大野拓弥,1:11.9,2,53.4,10.0,432(0),[東] 杉浦宏昭,202402010905
9,2,2,ファイアトリック,牡2,52.0,長浜鴻緒,1:12.0,3/4,29.6,8.0,446(0),[東] 伊坂重信,202402010905
10,7,8,クールマーロウ,牡2,55.0,丹内祐次,1:12.2,1,13.6,6.0,428(0),[東] 矢野英一,202402010905
11,1,1,エスパノーラ,牝2,55.0,菱田裕二,1:13.3,7,18.8,7.0,452(0),[東] 池上昌和,202402010905
1,4,4,ミスガリレオアスク,牝3,55.0,北村友一,2:45.0,,3.8,2.0,432(0),[西] 矢作芳人,202402010906
2,6,7,アークドール,牡3,57.0,武豊,2:45.6,4,4.9,3.0,440(+2),[西] 松永幹夫,202402010906
3,3,3,ダノンロッキー,牡3,57.0,横山武史,2:45.8,1.1/4,1.9,1.0,492(-4),[東] 萩原清,202402010906
4,6,8,ユーキャンドゥイッ,牡3,56.0,角田大河,2:46.0,1.1/4,99.4,9.0,462(-2),[西] 池江泰寿,202402010906
5,5,5,マイネルガンナー,牡3,57.0,佐々木大,2:46.0,アタマ,35.9,6.0,462(-2),[東] 畠山吉宏,202402010906
6,5,6,ポーラーシュテルン,牝3,55.0,丹内祐次,2:46.1,1/2,61.3,7.0,490(0),[東] 青木孝文,202402010906
7,8,11,シビックシャルル,牡3,57.0,菱田裕二,2:46.6,3,142.5,11.0,444(-4),[西] 高橋義忠,202402010906
8,8,12,ウインサマースノー,牡3,57.0,藤岡佑介,2:46.7,1/2,22.4,5.0,470(0),[西] 緒方努,202402010906
9,7,9,ジュンプラチナ,牡3,54.0,高杉吏麒,2:47.7,6,7.6,4.0,476(-2),[東] 中舘英二,202402010906
10,7,10,トゥラムプラッツ,牡3,54.0,小林勝太,2:47.9,3/4,151.3,12.0,478(+10),[東] 千葉直人,202402010906
11,2,2,デュランヴェリテ,牡3,54.0,長浜鴻緒,2:49.1,7,68.1,8.0,558(-2),[西] 河嶋宏樹,202402010906
12,1,1,カリナンラホーヤ,牝3,55.0,岩田康誠,2:50.1,6,107.6,10.0,430(-2),[西] 小椋研介,202402010906
1,6,7,ホークレア,牝3,53.0,横山武史,0:58.3,,1.3,1.0,432(-10),[東] 尾関知人,202402010907
2,3,3,スコーピオン,牡3,52.0,高杉吏麒,0:58.6,2,6.1,2.0,470(+10),[東] 武藤善則,202402010907
3,6,6,ステラシティ,牝3,53.0,菱田裕二,0:59.2,3.1/2,23.7,4.0,464(+2),[東] 伊坂重信,202402010907
4,7,8,スピードパンサー,牡3,55.0,丹内祐次,0:59.7,3,7.9,3.0,488(-2),[東] 尾形和幸,202402010907
5,2,2,セイゲン,牡5,58.0,佐々木大,0:59.9,1.1/4,72.2,10.0,482(+2),[東] 中川公成,202402010907
6,7,9,ヒメカミノイタダキ,牡5,58.0,古川吉洋,1:00.0,3/4,24.0,5.0,504(+6),[東] 武市康男,202402010907
7,8,10,ロザシアニン,牝5,56.0,永野猛蔵,1:00.0,クビ,51.0,8.0,470(0),[東] 佐藤吉勝,202402010907
8,1,1,オリンポスカズマ,牡4,58.0,富田暁,1:00.1,1/2,40.0,7.0,510(+2),[西] 平田修,202402010907
9,5,5,アベベ,牡3,52.0,長浜鴻緒,1:00.3,1,25.6,6.0,462(0),[東] 根本康広,202402010907
10,4,4,グレイウェザーズ,牝4,56.0,丸山元気,1:00.5,1,56.3,9.0,448(+3),[東] 西田雄一,202402010907
11,8,11,サンマルリアン,牝4,53.0,小林勝太,1:00.5,クビ,96.3,11.0,442(+4),[東] 土田稔,202402010907
1,3,3,パフ,牡3,55.0,鮫島克駿,1:45.7,,1.8,1.0,476(+6),[西] 橋口慎介,202402010908
2,1,1,ワイドブリザード,セ3,52.0,高杉吏麒,1:45.9,1.1/2,4.6,2.0,432(+4),[東] 武井亮,202402010908
3,6,6,ヤマニンクイッカー,牡5,58.0,丹内祐次,1:46.1,3/4,6.3,3.0,470(-10),[東] 田島俊明,202402010908
4,4,4,トリグラフ,牡5,58.0,永野猛蔵,1:46.5,2.1/2,37.2,7.0,456(-2),[東] 松山将樹,202402010908
5,8,9,ポリクシニーズ,牡5,58.0,佐々木大,1:46.9,2.1/2,34.3,6.0,506(0),[東] 黒岩陽一,202402010908
6,7,8,ケイエイト,牡4,58.0,菱田裕二,1:47.1,1.1/4,7.9,4.0,464(+2),[西] 羽月友彦,202402010908
7,8,10,ビップレーヌ,牝3,52.0,角田大河,1:47.1,クビ,103.6,9.0,484(+6),[東] 高柳瑞樹,202402010908
8,5,5,マコタイガ,牡3,55.0,横山和生,1:47.1,クビ,8.7,5.0,506(0),[東] 小野次郎,202402010908
9,2,2,トウロウノオノ,牝4,53.0,長浜鴻緒,1:48.0,5,57.6,8.0,442(-6),[東] 竹内正洋,202402010908
10,7,7,リードアクトレス,牝3,50.0,小林勝太,1:48.1,1,108.9,10.0,470(+4),[西] 安達昭夫,202402010908
1,6,6,ブラックヴァール,牝4,56.0,横山和生,2:02.2,,7.0,4.0,456(0),[東] 菊川正達,202402010909
2,8,11,ナイトスラッガー,牡3,55.0,鮫島克駿,2:02.3,1/2,4.4,2.0,522(+4),[西] 小栗実,202402010909
3,4,4,マイバラード,牡4,58.0,丹内祐次,2:02.3,クビ,27.1,7.0,468(+2),[東] 松永康利,202402010909
4,8,10,ヴェルテンベルク,牡4,58.0,藤岡佑介,2:02.6,2,7.1,5.0,482(0),[西] 宮本博,202402010909
5,6,7,ミッキーラッキー,牡3,55.0,佐々木大,2:02.7,クビ,3.1,1.0,568(+18),[東] 堀宣行,202402010909
6,1,1,コーラルムーン,牝3,53.0,横山武史,2:02.8,1/2,8.5,6.0,434(-2),[西] 牧田和弥,202402010909
7,7,8,フェスティヴビーム,牡4,58.0,永野猛蔵,2:03.0,1.1/2,42.2,8.0,462(+6),[東] 畠山吉宏,202402010909
8,7,9,エイトスターズ,牝4,56.0,武豊,2:03.1,クビ,4.6,3.0,478(+2),[西] 坂口智康,202402010909
9,3,3,メイショウオオミネ,牡4,58.0,角田大河,2:03.1,クビ,140.7,10.0,442(+4),[西] 石橋守,202402010909
10,5,5,スティーロポリス,牡4,58.0,富田暁,2:03.7,3.1/2,166.1,11.0,524(+34),[西] 西村真幸,202402010909
11,2,2,ゴルデールスカー,牡4,58.0,菱田裕二,2:03.8,1/2,49.7,9.0,472(+6),[西] 大久保龍,202402010909
1,1,1,ポエットリー,牝3,53.0,鮫島克駿,1:10.0,,2.3,1.0,468(-2),[西] 平田修,202402010910
2,5,5,ランドオブラヴ,牝4,56.0,横山武史,1:10.1,1,5.3,3.0,428(-2),[東] 蛯名正義,202402010910
3,2,2,ロゼクラン,牝6,56.0,荻野琢真,1:10.2,1/2,41.5,9.0,444(-8),[西] 藤沢則雄,202402010910
4,8,9,イグニション,牡4,58.0,丹内祐次,1:10.2,アタマ,8.9,5.0,470(0),[西] 畑端省吾,202402010910
5,4,4,イイヒニナル,牝4,56.0,角田大河,1:10.2,ハナ,17.2,6.0,406(+26),[西] 千田輝彦,202402010910
6,7,7,スマートルシーダ,牡6,58.0,浜中俊,1:10.2,ハナ,8.6,4.0,468(+4),[西] 音無秀孝,202402010910
7,3,3,トリップトゥムーン,牡5,58.0,菱田裕二,1:10.6,2,30.3,8.0,448(-4),[西] 新谷功一,202402010910
8,8,10,ニシノコウダイ,牡4,58.0,藤岡佑介,1:10.6,クビ,4.2,2.0,486(+4),[西] 長谷川浩,202402010910
9,6,6,スクルプトーリス,牝4,56.0,富田暁,1:10.7,クビ,19.8,7.0,466(+6),[西] 松下武士,202402010910
10,7,8,グッドグロウス,牡5,58.0,古川吉洋,1:11.1,2.1/2,169.1,10.0,470(+4),[西] 大根田裕,202402010910
1,3,3,ナチュラルハイ,牡4,56.5,永野猛蔵,1:43.6,,7.1,5.0,476(-6),[東] 黒岩陽一,202402010911
2,4,6,サンテックス,牡4,55.0,武豊,1:43.8,1,4.2,1.0,538(+6),[西] 浜田多実,202402010911
3,4,5,テーオードレフォン,牡5,57.0,丸山元気,1:43.9,1/2,4.3,2.0,496(0),[西] 梅田智之,202402010911
4,3,4,トウセツ,牡5,56.0,鮫島克駿,1:44.0,クビ,13.9,7.0,494(+12),[西] 杉山佳明,202402010911
5,5,8,サトノロイヤル,牡6,54.0,富田暁,1:44.0,ハナ,49.4,9.0,504(0),[西] 新谷功一,202402010911
6,2,2,キングストンボーイ,セ6,56.0,岩田康誠,1:44.1,3/4,5.1,3.0,496(0),[東] 鹿戸雄一,202402010911
7,8,14,ホウオウルーレット,牡5,56.0,横山武史,1:44.2,クビ,5.6,4.0,502(+2),[東] 栗田徹,202402010911
8,7,12,ベルダーイメル,牡7,58.0,藤岡佑介,1:44.3,1/2,9.2,6.0,468(-4),[西] 本田優,202402010911
9,6,10,リキサントライ,牡6,54.0,横山和生,1:44.4,1/2,107.4,13.0,494(+6),[西] 緒方努,202402010911
10,5,7,クロパラントゥ,セ6,54.0,浜中俊,1:44.6,1.1/2,50.4,10.0,516(+8),[東] 古賀慎明,202402010911
11,7,11,サンライズジーク,牡4,55.0,佐々木大,1:45.8,7,76.1,11.0,518(+10),[西] 矢作芳人,202402010911
12,1,1,リリーミニスター,セ7,54.0,菱田裕二,1:46.5,4,45.8,8.0,480(-8),[西] 緒方努,202402010911
13,6,9,レッドゲイル,牡5,55.0,丹内祐次,1:46.8,1.3/4,91.6,12.0,478(+4),[東] 手塚貴久,202402010911
除,8,13,バトルクライ,牡5,58.0,北村友一,,,---,,504(+2),[東] 高木登,202402010911
1,6,6,スミレファースト,牝3,53.0,鮫島克駿,1:09.7,,1.9,1.0,454(+2),[東] 加藤征弘,202402010912
2,2,2,ハピアーザンエバー,牡3,55.0,黛弘人,1:10.0,1.1/2,16.5,5.0,448(+2),[西] 羽月友彦,202402010912
3,4,4,ソングフォーユー,牝5,56.0,大野拓弥,1:10.1,1/2,6.7,3.0,460(+2),[東] 上原博之,202402010912
4,1,1,ナムラシベラ,牝6,53.0,川端海翼,1:10.6,3,17.6,6.0,448(-2),[西] 藤沢則雄,202402010912
5,3,3,ラリベラ,牝5,56.0,菱田裕二,1:10.6,ハナ,3.5,2.0,472(+2),[西] 藤野健太,202402010912
6,5,5,レディーエンジェル,牝3,52.0,角田大河,1:10.6,クビ,7.4,4.0,472(+8),[西] 岡田稲男,202402010912
7,8,8,フタバ,牝3,50.0,小林勝太,1:11.0,2,72.1,8.0,412(0),[西] 西村真幸,202402010912
8,7,7,アスクメークシェア,牡4,55.0,高杉吏麒,1:11.1,1/2,32.5,7.0,472(-10),[西] 河内洋,202402010912
1,3,3,オカメノコイ,牝2,55.0,藤岡佑介,0:59.5,,2.0,1.0,448(0),[東] 小笠倫弘,202402011001
2,8,11,ラヴィングユー,牝2,52.0,小林勝太,1:00.0,2.1/2,7.4,3.0,484(+2),[西] 谷潔,202402011001
3,1,1,ピースシャイニー,牡2,55.0,鮫島克駿,1:00.4,2.1/2,28.1,7.0,474(0),[西] 河嶋宏樹,202402011001
4,6,6,メイショウホダワラ,牝2,52.0,高杉吏麒,1:00.4,ハナ,2.8,2.0,470(-2),[西] 荒川義之,202402011001
5,2,2,オオタチ,牡2,55.0,亀田温心,1:00.5,1/2,31.1,8.0,446(-4),[東] 久保田貴,202402011001
6,5,5,サラサエンペラー,牡2,55.0,永野猛蔵,1:00.6,1/2,15.5,4.0,462(-6),[東] 村田一誠,202402011001
7,4,4,ゴールドシリカ,牝2,54.0,角田大河,1:00.7,1/2,47.1,9.0,430(+4),[西] 浜田多実,202402011001
8,8,10,サフランキララ,牝2,55.0,富田暁,1:01.3,3.1/2,130.7,10.0,410(+4),[西] 北出成人,202402011001
9,6,7,ディヴァンカドー,牡2,55.0,古川吉洋,1:02.1,5,131.7,11.0,476(-6),[西] 宮徹,202402011001
10,7,9,サスペンスクィーン,牝2,55.0,佐々木大,1:02.6,2.1/2,22.7,6.0,440(0),[東] 和田雄二,202402011001
11,7,8,ベルスバラード,牝2,55.0,丹内祐次,1:02.8,1.1/4,17.3,5.0,414(+2),[東] 牧光二,202402011001
1,5,5,ピクラリーダ,牝3,52.0,川端海翼,1:45.3,,88.0,10.0,454(+2),[東] 森一誠,202402011002
2,2,2,クラウンクーロン,牡3,57.0,丹内祐次,1:45.5,1,22.3,7.0,448(-2),[東] 牧光二,202402011002
3,1,1,モッドフレイム,牡3,57.0,佐々木大,1:46.2,4,10.8,4.0,506(-6),[西] 矢作芳人,202402011002
4,3,3,メイショウヤスマサ,牡3,57.0,富田暁,1:46.4,1.1/4,98.3,11.0,472(-2),[西] 本田優,202402011002
5,8,12,ワカメチャン,牝3,55.0,永野猛蔵,1:46.6,1,22.1,6.0,476(+2),[東] 鈴木慎太,202402011002
6,7,9,ココボロ,牝3,55.0,大野拓弥,1:46.7,1/2,21.2,5.0,504(-4),[東] 松山将樹,202402011002
7,6,8,レガッタ,牡3,57.0,横山和生,1:46.8,1/2,4.7,3.0,474(0),[西] 昆貢,202402011002
8,5,6,エクレシア,牝3,52.0,高杉吏麒,1:47.2,2.1/2,133.6,12.0,480(0),[西] 西園翔太,202402011002
9,6,7,ダイクロアイト,牡3,57.0,横山武史,1:47.5,1.1/2,2.0,1.0,460(0),[東] 萩原清,202402011002
10,4,4,フォルティシーム,セ3,57.0,鮫島克駿,1:47.5,アタマ,4.1,2.0,458(+8),[西] 佐々木晶,202402011002
11,7,10,サンティーラ,牡3,54.0,小林勝太,1:47.9,2.1/2,33.0,8.0,448(+2),[東] 竹内正洋,202402011002
12,8,11,ポッドロイ,牡3,56.0,角田大河,1:48.1,1,54.0,9.0,462(-2),[西] 小林真也,202402011002
1,8,11,ヴェラリーシャ,牝3,55.0,永野猛蔵,0:58.9,,2.2,1.0,482(+2),[東] 伊藤圭三,202402011003
2,5,6,ラブリーサイン,牝3,55.0,浜中俊,0:59.0,1/2,12.5,5.0,494(-6),[西] 牧浦充徳,202402011003
3,7,9,ペレグリン,牝3,55.0,鮫島克駿,0:59.2,1,3.8,2.0,426(-2),[西] 河嶋宏樹,202402011003
4,7,10,アルヘンティニータ,牝3,55.0,佐々木大,0:59.3,3/4,61.4,8.0,434(-2),[東] 伊藤圭三,202402011003
5,4,4,コパマエチャン,牝3,55.0,丹内祐次,0:59.6,1.3/4,14.5,6.0,476(-4),[東] 大和田成,202402011003
6,8,12,ニシノサイエン,牝3,52.0,高杉吏麒,0:59.7,クビ,42.9,7.0,460(-6),[東] 小手川準,202402011003
7,3,3,ディディット,牝3,55.0,富田暁,0:59.7,クビ,5.5,3.0,442(0),[西] 木原一良,202402011003
8,6,8,ガーデンプランナー,牝3,52.0,小林勝太,1:00.1,2,7.6,4.0,448(+2),[東] 堀内岳志,202402011003
9,5,5,アヌーク,牝3,55.0,小林凌大,1:00.1,アタマ,66.6,9.0,426(+6),[東] 石栗龍彦,202402011003
10,1,1,ヒカルエリザベス,牝3,55.0,古川吉洋,1:00.2,1,67.2,10.0,464(0),[東] 的場均,202402011003
11,2,2,ビービーピケット,牝3,55.0,野中悠太,1:01.7,9,173.6,12.0,420(+6),[東] 久保田貴,202402011003
12,6,7,パサデナノアサ,牝3,52.0,長浜鴻緒,1:01.8,1/2,147.8,11.0,374(+14),[東] 天間昭一,202402011003
1,1,2,ソルレース,牝3,55.0,北村友一,1:10.6,,2.3,1.0,470(+8),[東] 田中博康,202402011004
2,6,11,アムールリーベ,牝3,54.0,角田大河,1:10.7,1/2,8.4,4.0,492(+6),[西] 友道康夫,202402011004
3,4,8,ファイツオン,牡3,54.0,高杉吏麒,1:10.8,クビ,4.7,2.0,514(+8),[西] 藤岡健一,202402011004
4,6,12,ラーリア,牝3,55.0,大野拓弥,1:10.9,1/2,10.6,5.0,402(+2),[東] 大竹正博,202402011004
5,3,6,イロンデル,牡3,57.0,古川吉洋,1:11.0,3/4,56.0,11.0,468(+8),[東] 小手川準,202402011004
6,5,9,ヒラボクヒーロー,牡3,57.0,荻野琢真,1:11.1,3/4,36.1,8.0,480(+6),[東] 大竹正博,202402011004
7,5,10,ジーティーポライト,牝3,55.0,横山和生,1:11.4,1.1/2,13.4,6.0,456(-4),[東] 菊沢隆徳,202402011004
8,8,16,ロンフォン,牝3,55.0,横山武史,1:11.5,3/4,7.3,3.0,420(-8),[東] 久保田貴,202402011004
9,7,14,ソルセルリ,牝3,55.0,永野猛蔵,1:11.5,クビ,36.1,9.0,418(+8),[西] 小椋研介,202402011004
10,2,3,カーモス,牝3,52.0,長浜鴻緒,1:11.7,1,100.3,12.0,426(-2),[西] 高橋義忠,202402011004
11,1,1,シームレス,牝3,55.0,富田暁,1:11.7,クビ,109.3,13.0,436(+2),[西] 小林真也,202402011004
11,7,13,グレンノアラシ,牡3,57.0,丹内祐次,1:11.7,同着,14.4,7.0,486(0),[東] 岩戸孝樹,202402011004
13,4,7,ビアメントブラスト,牝3,52.0,川端海翼,1:11.9,1.1/4,364.8,16.0,428(+10),[東] 本間忍,202402011004
14,8,15,ファストフィール,牡3,57.0,佐々木大,1:12.1,3/4,54.1,10.0,476(-6),[東] 菊川正達,202402011004
15,3,5,ヴェラベレッツァ,牝3,52.0,小林勝太,1:12.2,3/4,150.1,14.0,466(+6),[東] 小島茂之,202402011004
16,2,4,サイモンモーニング,牡3,57.0,藤岡佑介,1:12.3,クビ,215.8,15.0,428(0),[東] 勢司和浩,202402011004
1,6,6,マジックサンズ,牡2,55.0,佐々木大,1:54.0,,2.0,1.0,502(0),[西] 須貝尚介,202402011005
2,7,8,ビーオンザカバー,牡2,55.0,横山武史,1:54.3,2,5.7,3.0,456(0),[東] 伊藤圭三,202402011005
3,1,1,ルージュマローネ,牝2,55.0,横山和生,1:54.4,1/2,9.0,4.0,474(0),[東] 栗田徹,202402011005
4,5,5,アンズアメ,牝2,55.0,鮫島克駿,1:54.9,3,39.2,8.0,470(0),[西] 高柳大輔,202402011005
5,3,3,リュウゼツラン,牝2,55.0,丹内祐次,1:55.0,1/2,21.6,7.0,446(0),[東] 水野貴広,202402011005
6,7,7,シマサンブラック,牡2,55.0,北村友一,1:55.0,アタマ,9.5,5.0,466(0),[東] 蛯名正義,202402011005
7,4,4,ローレルオーブ,牡2,55.0,富田暁,1:55.1,3/4,19.0,6.0,456(0),[西] 杉山佳明,202402011005
8,8,9,カルテシウス,牡2,55.0,藤岡佑介,1:55.3,1,4.3,2.0,468(0),[西] 福永祐一,202402011005
9,8,10,ヤマノインパクト,牡2,55.0,永野猛蔵,1:55.4,1/2,74.5,9.0,446(0),[東] 本間忍,202402011005
10,2,2,ドリームジャック,牡2,55.0,古川吉洋,1:57.0,10,97.3,10.0,478(0),[西] 昆貢,202402011005
1,3,3,ブラックバラード,牡3,57.0,横山武史,2:05.3,,4.7,3.0,456(0),[東] 嘉藤貴行,202402011006
2,6,8,モカラルビー,牝3,55.0,藤岡佑介,2:05.3,クビ,11.3,6.0,410(+4),[西] 四位洋文,202402011006
3,6,7,ファインライン,牡3,57.0,鮫島克駿,2:05.3,アタマ,3.2,1.0,464(+4),[西] 松永幹夫,202402011006
4,4,4,ファイアンス,牝3,52.0,高杉吏麒,2:05.6,1.3/4,68.6,10.0,464(+6),[東] 武市康男,202402011006
5,2,2,トーセンオリックス,牡3,57.0,横山和生,2:05.6,アタマ,4.0,2.0,454(-2),[東] 池上昌和,202402011006
6,7,9,ヤルダバオト,牡3,57.0,丹内祐次,2:05.7,クビ,8.7,4.0,432(+2),[東] 蛯名利弘,202402011006
7,8,11,ソウルプラウド,牡3,57.0,北村友一,2:05.7,ハナ,9.2,5.0,474(-4),[西] 高橋亮,202402011006
8,8,12,サトノアライヴ,牡3,57.0,佐々木大,2:05.9,1.1/4,25.1,8.0,436(0),[西] 須貝尚介,202402011006
9,5,5,アーベントイアー,牡3,57.0,野中悠太,2:06.1,1.1/4,34.5,9.0,490(-8),[東] 水野貴広,202402011006
10,1,1,アークレアル,牝3,52.0,長浜鴻緒,2:06.9,5,14.8,7.0,494(-4),[西] 杉山晴紀,202402011006
11,5,6,ソノパッツァディテ,牝3,55.0,大野拓弥,2:07.7,5,92.8,12.0,426(0),[東] 高木登,202402011006
12,7,10,ダンツタロン,牡3,56.0,角田大河,2:07.7,ハナ,78.7,11.0,486(+4),[西] 本田優,202402011006
1,8,8,エクリプスルバン,牡3,55.0,北村友一,1:43.3,,2.0,1.0,450(-4),[東] 田中博康,202402011007
2,8,9,ロードブレイズ,牡3,55.0,横山和生,1:43.6,1.1/2,4.4,3.0,484(+4),[東] 稲垣幸雄,202402011007
3,5,5,ゼンダンスカイ,牡3,54.0,角田大河,1:43.7,3/4,3.9,2.0,456(0),[西] 角田晃一,202402011007
4,3,3,イッツオンリーユー,牝4,53.0,小林勝太,1:43.9,1.1/4,18.3,5.0,474(-2),[東] 矢嶋大樹,202402011007
5,1,1,ダノンペドロ,セ4,55.0,高杉吏麒,1:44.1,1.1/2,9.9,4.0,482(+12),[西] 寺島良,202402011007
6,7,7,ザロック,牡3,55.0,佐々木大,1:44.4,1.3/4,22.6,6.0,494(+2),[東] 武井亮,202402011007
7,2,2,リキサンハート,牝6,56.0,永野猛蔵,1:44.8,2,144.3,9.0,510(+2),[東] 奥平雅士,202402011007
8,6,6,ブルーペクトライト,牝4,56.0,藤岡佑介,1:45.3,3,26.7,7.0,480(+10),[西] 池添学,202402011007
9,4,4,ディープグラビティ,セ5,58.0,鮫島克駿,1:47.8,大,29.1,8.0,454(-2),[東] 矢嶋大樹,202402011007
1,7,7,カテリーナ,牝3,53.0,北村友一,2:04.2,,2.2,1.0,462(+2),[西] 田中克典,202402011008
2,4,4,トレミニョン,牝3,53.0,佐々木大,2:04.4,1.1/4,5.8,3.0,460(0),[東] 和田勇介,202402011008
3,6,6,ニホンピロアリー,牝4,53.0,川端海翼,2:04.7,2,86.3,9.0,422(0),[西] 中尾秀正,202402011008
4,8,9,キヨラ,牝6,56.0,永野猛蔵,2:04.9,1.1/4,14.2,6.0,484(+10),[東] 堀内岳志,202402011008
5,3,3,ウインルピナス,牝4,56.0,横山武史,2:04.9,アタマ,3.7,2.0,436(+4),[東] 鈴木伸尋,202402011008
6,2,2,スパークタイムリー,牝4,56.0,野中悠太,2:04.9,ハナ,20.0,7.0,468(+8),[東] 小島茂之,202402011008
7,1,1,アイスランドポピー,牝5,56.0,丹内祐次,2:05.2,2,13.7,5.0,478(-2),[東] 中川公成,202402011008
8,5,5,キーパフォーマー,牝3,53.0,古川吉洋,2:05.6,2,45.7,8.0,456(+2),[西] 佐々木晶,202402011008
9,7,8,シュライフェ,牝4,56.0,黛弘人,2:05.7,1/2,129.8,10.0,486(-6),[東] 和田雄二,202402011008
10,8,10,チュウワダンス,牝5,56.0,荻野琢真,2:06.3,3.1/2,6.8,4.0,470(+8),[西] 大久保龍,202402011008
1,8,12,レアグリフォン,牡3,55.0,小林勝太,0:57.9,,4.0,2.0,464(0),[東] 稲垣幸雄,202402011009
2,3,3,サイレンスゴールド,牡4,58.0,川又賢治,0:58.1,3/4,19.6,8.0,508(0),[西] 杉山佳明,202402011009
3,2,2,カンザシ,牝5,56.0,横山武史,0:58.2,3/4,6.0,3.0,512(+18),[東] 蛯名正義,202402011009
4,1,1,パルプフィクション,牝3,53.0,北村友一,0:58.4,1.1/4,2.9,1.0,444(-2),[西] 飯田祐史,202402011009
5,7,9,マキアージュ,牝5,56.0,丹内祐次,0:58.4,クビ,8.0,4.0,452(-14),[東] 菊川正達,202402011009
6,6,7,シュガーフロート,牝5,56.0,古川吉洋,0:58.5,クビ,115.0,11.0,426(+4),[西] 藤野健太,202402011009
7,4,4,ニルアドミラリ,セ6,58.0,佐々木大,0:58.7,1.1/4,24.2,9.0,558(+6),[東] 和田正一,202402011009
8,8,11,クルールデュヴァン,牝5,56.0,鮫島克駿,0:58.9,1.1/4,19.4,7.0,510(+4),[東] 竹内正洋,202402011009
9,5,5,ダラムキャッスル,牝4,56.0,永野猛蔵,0:58.9,クビ,12.6,6.0,508(+4),[東] 斎藤誠,202402011009
10,5,6,メイショウオトギ,牝4,56.0,浜中俊,0:59.0,クビ,8.2,5.0,434(+2),[西] 池添学,202402011009
11,6,8,バサラ,牝4,56.0,小林凌大,0:59.1,3/4,46.5,10.0,448(-4),[東] 伊藤圭三,202402011009
除,7,10,ポメラート,牝5,56.0,富田暁,,,---,,500(+4),[西] 茶木太樹,202402011009
1,7,9,シリアルノヴェル,牡4,58.0,横山武史,2:44.2,,6.6,3.0,482(+6),[東] 伊藤圭三,202402011010
2,1,1,アドマイヤサジー,牝4,56.0,丹内祐次,2:45.1,5,6.2,2.0,442(+4),[東] 宮田敬介,202402011010
3,5,5,ノーブルクライ,牡4,58.0,佐々木大,2:45.2,1/2,29.1,6.0,504(0),[東] 田村康仁,202402011010
4,2,2,オールナット,牡3,55.0,北村友一,2:45.7,3,1.5,1.0,514(0),[西] 高野友和,202402011010
5,6,6,ディープレイヤー,牡5,58.0,野中悠太,2:45.9,1,77.3,10.0,482(-4),[東] 大和田成,202402011010
6,7,8,ウェイビー,牝4,56.0,鮫島克駿,2:46.2,1.3/4,43.8,7.0,550(+22),[西] 西村真幸,202402011010
7,8,10,タイラーテソーロ,牡5,58.0,永野猛蔵,2:46.5,2,51.6,9.0,474(+4),[東] 栗田徹,202402011010
8,4,4,バンフィエルド,牡5,58.0,角田大河,2:47.0,3,50.9,8.0,434(-2),[西] 緒方努,202402011010
9,3,3,カナオールウェイズ,牡4,58.0,高杉吏麒,2:47.4,2.1/2,9.4,4.0,508(-6),[西] 藤岡健一,202402011010
10,6,7,ヴェルミセル,牝4,56.0,横山和生,2:47.9,3,12.6,5.0,456(+6),[西] 吉村圭司,202402011010
除,8,11,ボーンイングランデ,牡4,58.0,浜中俊,,,---,,468(+2),[西] 吉田直弘,202402011010
1,5,8,キミノナハマリア,牝4,56.0,鮫島克駿,1:49.4,,3.1,1.0,508(+4),[西] 千田輝彦,202402011011
2,6,9,マイネルエンペラー,牡4,58.0,横山武史,1:49.7,2,7.8,3.0,480(+10),[西] 清水久詞,202402011011
3,2,2,ニューノーマル,牝5,56.0,浜中俊,1:49.9,1.1/4,28.6,10.0,466(+2),[東] 上原佑紀,202402011011
4,8,14,アスクドゥポルテ,牡4,58.0,富田暁,1:49.9,ハナ,45.2,13.0,480(+10),[西] 河内洋,202402011011
5,6,10,ホウオウスーペリア,牡4,58.0,丹内祐次,1:49.9,ハナ,4.1,2.0,482(+4),[西] 吉岡辰弥,202402011011
6,4,5,エープラス,牝6,56.0,永野猛蔵,1:50.0,1/2,15.4,6.0,492(+2),[東] 池上昌和,202402011011
7,7,12,ミスフィガロ,牝6,56.0,古川吉洋,1:50.1,1/2,32.4,11.0,440(+16),[西] 友道康夫,202402011011
8,5,7,ハウゼ,牡4,58.0,北村友一,1:50.1,アタマ,18.9,8.0,512(-2),[東] 田中博康,202402011011
9,8,13,カヨウネンカ,牝5,56.0,黛弘人,1:50.2,クビ,25.9,9.0,462(0),[東] 斎藤誠,202402011011
10,1,1,フェアエールング,牝4,56.0,角田大河,1:50.4,1,17.6,7.0,458(+10),[東] 和田正一,202402011011
11,7,11,ポッドボレット,牡5,58.0,藤岡佑介,1:50.4,アタマ,39.2,12.0,538(+12),[西] 辻野泰之,202402011011
12,4,6,ダークエクリプス,牡5,58.0,大野拓弥,1:50.8,2.1/2,49.3,14.0,482(+4),[西] 今野貞一,202402011011
13,3,4,タシット,牡5,58.0,佐々木大,1:51.0,1,8.1,4.0,462(-2),[東] 中川公成,202402011011
14,3,3,インスタキング,牡4,58.0,野中悠太,1:51.1,1/2,11.1,5.0,522(+4),[東] 蛯名正義,202402011011
1,4,4,ハッピーロンドン,牡4,55.0,長浜鴻緒,1:11.4,,2.7,1.0,482(-2),[東] 菊沢隆徳,202402011012
2,8,8,シンデレラスマイル,牝4,53.0,高杉吏麒,1:11.5,クビ,12.1,5.0,446(+14),[東] 武藤善則,202402011012
3,2,2,パクスロマーナ,牝4,56.0,荻野琢真,1:11.6,1/2,82.4,9.0,424(-4),[西] 藤沢則雄,202402011012
4,7,7,ワンリオン,牡5,55.0,小林勝太,1:11.7,3/4,7.1,4.0,482(-6),[西] 北出成人,202402011012
5,6,6,アンタノバラード,牝4,56.0,黛弘人,1:11.9,1.1/2,3.8,2.0,446(+2),[東] 伊藤大士,202402011012
6,5,5,マケルナマサムネ,牡6,58.0,川又賢治,1:12.1,1.1/4,42.3,8.0,466(0),[西] 畑端省吾,202402011012
7,8,9,ステイチューンド,牡3,55.0,佐々木大,1:12.2,クビ,16.3,6.0,464(-4),[西] 清水久詞,202402011012
8,1,1,レイニングキャット,牡3,55.0,横山武史,1:12.3,1/2,3.8,3.0,490(-8),[東] 岩戸孝樹,202402011012
9,3,3,ナックブレイブ,牡4,58.0,大野拓弥,1:12.7,2.1/2,23.1,7.0,486(+4),[東] 杉浦宏昭,202402011012
1,3,3,イガッチ,牡2,55.0,浜中俊,1:51.4,,4.0,2.0,462(0),[西] 笹田和秀,202402011101
2,5,5,プレシャスデイ,牡2,55.0,佐々木大,1:51.8,2.1/2,1.5,1.0,484(-4),[東] 伊坂重信,202402011101
3,2,2,リュウゼツラン,牝2,55.0,丹内祐次,1:52.0,3/4,12.1,5.0,446(0),[東] 水野貴広,202402011101
4,6,8,ヤコブセン,牡2,55.0,鮫島克駿,1:52.0,クビ,12.1,4.0,492(+2),[東] 斎藤誠,202402011101
5,7,9,サッカレッロ,牝2,52.0,高杉吏麒,1:52.8,5,10.6,3.0,424(-6),[西] 坂口智康,202402011101
6,6,7,デスティニーホープ,牝2,55.0,荻野琢真,1:52.9,1/2,176.0,10.0,430(-2),[東] 松山将樹,202402011101
7,5,6,ゴーゴーゴウト,牡2,52.0,小林勝太,1:53.6,4,131.7,9.0,476(+6),[東] 加藤士津,202402011101
8,4,4,メイショウマクジキ,牡2,54.0,角田大河,1:53.6,ハナ,19.8,6.0,464(-2),[西] 角田晃一,202402011101
9,8,12,アディクテッドラン,牡2,52.0,長浜鴻緒,1:54.7,7,90.4,7.0,480(+14),[西] 新谷功一,202402011101
10,7,10,スパーク,牡2,52.0,川端海翼,1:54.9,1.1/4,101.6,8.0,484(+2),[東] 池上昌和,202402011101
取,1,1,ブルータス,牡2,55.0,大野拓弥,,,---,,計不,[東] 高柳瑞樹,202402011101
除,8,11,ガンバルマン,牡2,55.0,永野猛蔵,,,---,,452(+4),[東] 萱野浩二,202402011101
1,8,13,イラーナ,牝3,52.0,小林勝太,1:46.3,,2.6,1.0,434(-2),[東] 林徹,202402011102
2,1,1,エリカポラリス,牝3,55.0,永野猛蔵,1:46.6,1.1/2,3.2,2.0,438(+4),[東] 伊藤圭三,202402011102
3,4,5,ノーブルブランカ,牝3,55.0,鮫島克駿,1:46.6,クビ,7.1,4.0,438(+6),[西] 牧浦充徳,202402011102
4,2,2,ココシャンパーニュ,牝3,55.0,北村友一,1:47.0,2.1/2,8.6,5.0,464(+10),[西] 音無秀孝,202402011102
5,8,14,ブーケドグレイス,牝3,52.0,長浜鴻緒,1:47.1,1/2,7.0,3.0,482(+8),[東] 相沢郁,202402011102
6,3,4,ディアマンドロップ,牝3,52.0,高杉吏麒,1:47.1,ハナ,45.9,8.0,464(-4),[東] 小手川準,202402011102
7,5,7,ウキヨノユメ,牝3,55.0,古川吉洋,1:47.6,3,213.9,14.0,450(+6),[西] 千田輝彦,202402011102
8,5,8,ゼットメルベーユ,牝3,55.0,池添謙一,1:47.8,1.1/4,73.6,11.0,466(+2),[西] 吉田直弘,202402011102
9,7,11,ヤマメクィーン,牝3,55.0,大野拓弥,1:48.1,1.1/2,68.3,9.0,436(-6),[東] 高柳瑞樹,202402011102
10,6,10,レイヌドサーブル,牝3,55.0,横山武史,1:48.2,3/4,20.0,6.0,466(0),[東] 萩原清,202402011102
11,4,6,ビアンヴェニュー,牝3,55.0,丹内祐次,1:48.3,クビ,91.6,12.0,478(-8),[東] 稲垣幸雄,202402011102
12,7,12,フィアマフルミネ,牝3,55.0,横山和生,1:48.5,1.1/4,24.1,7.0,428(+22),[西] 飯田祐史,202402011102
13,6,9,サテフィカ,牝3,55.0,亀田温心,1:48.7,3/4,72.5,10.0,502(+4),[西] 鮫島一歩,202402011102
14,3,3,マウンテンピオニー,牝3,55.0,黛弘人,1:50.9,大,172.9,13.0,470(-10),[東] 田中剛,202402011102
1,2,4,マサノカナリア,牝3,52.0,高杉吏麒,1:09.1,,2.9,1.0,454(-6),[西] 藤野健太,202402011103
2,7,14,ピーエムドレミ,牝3,55.0,佐々木大,1:09.4,1.1/2,36.9,10.0,390(-8),[東] 和田正一,202402011103
3,6,12,アムールリーベ,牝3,54.0,角田大河,1:09.5,1,3.3,2.0,488(-4),[西] 友道康夫,202402011103
4,3,6,ブライティアダイヤ,牝3,55.0,永野猛蔵,1:09.7,1.1/4,19.7,6.0,458(-8),[東] 稲垣幸雄,202402011103
5,4,7,ポトマックテソーロ,牝3,55.0,丹内祐次,1:09.9,1,4.2,3.0,442(+14),[東] 嘉藤貴行,202402011103
6,8,16,サニイアール,牝3,52.0,小林勝太,1:09.9,ハナ,13.2,4.0,450(0),[東] 田村康仁,202402011103
7,4,8,オレンジサファイア,牝3,55.0,菱田裕二,1:10.0,1/2,16.3,5.0,472(+10),[西] 岡田稲男,202402011103
8,3,5,コアクト,牝3,55.0,黛弘人,1:10.3,1.3/4,23.0,7.0,440(+2),[東] 宗像義忠,202402011103
9,1,1,マースフルガール,牝3,55.0,大野拓弥,1:10.3,アタマ,51.5,11.0,406(+6),[東] 杉浦宏昭,202402011103
10,1,2,マニーブルース,牡3,57.0,古川吉洋,1:10.4,3/4,177.5,15.0,438(-14),[東] 小手川準,202402011103
11,6,11,マーシャルテイル,牡3,57.0,鮫島克駿,1:10.6,3/4,35.4,9.0,452(-6),[西] 池添学,202402011103
12,5,10,イングリッドローズ,牝3,55.0,浜中俊,1:10.7,1,103.7,12.0,410(+4),[東] 加藤士津,202402011103
13,5,9,クィーンミツコ,牝3,55.0,松岡正海,1:10.7,アタマ,364.5,16.0,490(+8),[東] 勢司和浩,202402011103
14,2,3,ムーンブルー,牡3,57.0,岩田康誠,1:10.8,クビ,156.2,14.0,434(-6),[東] 小島茂之,202402011103
15,7,13,イーブンナウ,牝3,55.0,北村友一,1:10.8,クビ,31.5,8.0,430(-14),[西] 田中克典,202402011103
16,8,15,チャンスメーカー,牡3,57.0,亀田温心,1:11.8,6,140.9,13.0,482(-14),[東] 上原佑紀,202402011103
1,1,1,タケルゴールド,牡3,57.0,岩田康誠,2:35.2,,5.9,3.0,450(-2),[東] 加藤征弘,202402011104
2,8,12,ウインメラナイト,牡3,57.0,丹内祐次,2:36.4,7,3.0,1.0,490(0),[西] 寺島良,202402011104
3,3,3,シンクグッド,牡3,57.0,藤岡佑介,2:37.4,6,13.2,7.0,516(0),[西] 福永祐一,202402011104
4,2,2,エルキーオ,牡3,57.0,大野拓弥,2:37.4,クビ,8.0,4.0,488(+2),[東] 新開幸一,202402011104
5,4,4,ウインラムセス,牡3,54.0,小林勝太,2:37.6,1.1/4,72.9,10.0,460(0),[東] 松山将樹,202402011104
6,5,6,サンマルミッション,牡3,57.0,永野猛蔵,2:37.7,3/4,3.8,2.0,446(+2),[東] 和田勇介,202402011104
7,5,5,ミレフォス,牡3,57.0,佐々木大,2:37.8,クビ,8.6,5.0,530(-9),[西] 矢作芳人,202402011104
8,6,8,フルリール,牝3,52.0,高杉吏麒,2:38.1,2,9.0,6.0,432(0),[西] 藤岡健一,202402011104
9,8,11,クリノエクリプス,牡3,54.0,川端海翼,2:38.2,1/2,68.1,9.0,486(+12),[西] 大根田裕,202402011104
10,6,7,メイショウヤスマサ,牡3,57.0,富田暁,2:38.6,2,33.0,8.0,472(0),[西] 本田優,202402011104
11,7,9,ガルニエ,牡3,54.0,長浜鴻緒,2:39.3,4,107.2,11.0,454(0),[東] 萱野浩二,202402011104
除,7,10,トゥラムプラッツ,牡3,57.0,菱田裕二,,,---,,472(-6),[東] 千葉直人,202402011104
1,4,5,ミッキースピネル,牝3,55.0,藤岡佑介,1:49.4,,2.8,1.0,486(0),[西] 中内田充,202402011105
2,4,6,シャーリーゴールド,牝3,55.0,浜中俊,1:49.7,2,8.5,4.0,444(-4),[西] 須貝尚介,202402011105
3,3,4,マイネルバーテクス,牡3,57.0,丹内祐次,1:49.7,アタマ,9.6,5.0,498(0),[東] 水野貴広,202402011105
4,7,12,コンテナワールド,牡3,57.0,鮫島克駿,1:50.2,3,3.0,2.0,470(0),[西] 中竹和也,202402011105
5,5,7,イズジョーノヒカリ,牝3,55.0,大野拓弥,1:50.3,1/2,38.9,9.0,478(+4),[西] 中尾秀正,202402011105
6,2,2,アスロス,牡3,57.0,岩田康誠,1:50.4,1/2,13.5,6.0,456(0),[東] 蛯名正義,202402011105
7,3,3,アンナネーヴェ,牝3,55.0,永野猛蔵,1:50.5,1,28.3,7.0,444(+16),[東] 金成貴史,202402011105
8,6,10,ウインキャロライン,牝3,55.0,横山武史,1:50.5,アタマ,6.5,3.0,496(-10),[西] 杉山晴紀,202402011105
9,6,9,マジマックサラン,牡3,57.0,佐々木大,1:50.7,1,100.9,11.0,484(-6),[東] 和田雄二,202402011105
10,1,1,ダイユウファリーナ,牡3,57.0,松岡正海,1:50.7,アタマ,35.0,8.0,482(-2),[東] 松永康利,202402011105
11,5,8,ナリタマフディー,牝3,52.0,川端海翼,1:50.7,ハナ,63.6,10.0,488(+4),[西] 高橋亮,202402011105
12,7,11,グランドフューチャ,牡3,57.0,菱田裕二,1:50.8,1/2,196.6,13.0,470(0),[西] 鈴木孝志,202402011105
13,8,13,ニシノココ,牝3,51.0,大江原比,1:51.3,3,137.1,12.0,456(0),[東] 松山将樹,202402011105
14,8,14,シャイニングキセキ,牝3,52.0,長浜鴻緒,1:51.3,クビ,315.2,14.0,420(+2),[西] 小林真也,202402011105
1,4,5,サンライズシア,牡3,54.0,高杉吏麒,1:44.6,,1.9,1.0,506(-2),[西] 石坂公一,202402011106
2,6,10,ウインアルドーレ,牡3,57.0,佐々木大,1:45.6,6,8.5,3.0,482(+16),[西] 西園翔太,202402011106
3,6,9,プラムダンディ,牡3,57.0,丹内祐次,1:46.3,4,4.8,2.0,446(-4),[東] 尾形和幸,202402011106
4,4,6,プレットリンド,牝3,55.0,菱田裕二,1:47.0,4,204.1,12.0,420(-2),[西] 岡田稲男,202402011106
5,1,1,スピンザブラッド,牡3,57.0,横山武史,1:47.4,2,8.7,4.0,442(+8),[東] 萩原清,202402011106
6,3,3,ゴルトヴェーレ,牝3,51.0,大江原比,1:47.9,3,116.3,10.0,482(+10),[東] 水野貴広,202402011106
7,7,11,アマモト,牡3,57.0,大野拓弥,1:48.0,1,132.8,11.0,472(-4),[東] 田村康仁,202402011106
8,8,14,サイモンプレジール,牡3,57.0,永野猛蔵,1:48.1,クビ,14.0,7.0,464(0),[東] 稲垣幸雄,202402011106
9,7,12,フクノスナノバラ,牡3,54.0,小林勝太,1:48.4,2,98.5,8.0,482(-2),[東] 小野次郎,202402011106
10,3,4,スラーヴァ,牡3,57.0,松岡正海,1:49.4,6,102.8,9.0,472(+8),[東] 村田一誠,202402011106
11,5,7,カーロアヴァンティ,牡3,57.0,鮫島克駿,1:49.5,3/4,9.2,5.0,512(+6),[西] 中村直也,202402011106
12,8,13,グアラニア,牡3,57.0,藤岡佑介,1:50.0,3,11.8,6.0,476(-2),[東] 矢野英一,202402011106
13,5,8,ボンウィークエンド,牡3,55.0,亀田温心,1:50.1,クビ,246.2,13.0,442(+14),[西] 渡辺薫彦,202402011106
14,2,2,ヤマニンファロ,牡3,54.0,長浜鴻緒,1:57.5,大,358.4,14.0,494(+4),[東] 辻哲英,202402011106
1,6,8,ゴージョニーゴー,牡3,55.0,横山和生,2:42.5,,5.6,3.0,516(-6),[西] 四位洋文,202402011107
2,5,5,パンジャ,牡3,52.0,小林勝太,2:42.9,2.1/2,3.3,1.0,472(+2),[東] 金成貴史,202402011107
3,7,10,クリフハンガー,牡3,55.0,佐々木大,2:43.3,2,15.8,7.0,456(+10),[東] 堀宣行,202402011107
4,8,12,タイセイアーサー,牡6,58.0,丹内祐次,2:43.3,アタマ,75.2,10.0,488(-6),[東] 斎藤誠,202402011107
5,2,2,ヴィスマール,牡3,55.0,鮫島克駿,2:43.4,1/2,6.5,4.0,446(+4),[西] 奥村豊,202402011107
6,4,4,ペリプルス,牡4,58.0,永野猛蔵,2:43.7,1.3/4,8.9,6.0,438(+4),[東] 佐藤吉勝,202402011107
7,6,7,アメジストブラック,牡5,58.0,藤岡佑介,2:43.8,3/4,17.0,8.0,518(-8),[西] 中内田充,202402011107
8,1,1,モンブランミノル,牡3,55.0,岩田康誠,2:44.2,2,4.8,2.0,490(-6),[西] 小栗実,202402011107
9,5,6,ノートルプロメス,牡5,58.0,富田暁,2:44.3,3/4,78.6,11.0,496(+4),[西] 四位洋文,202402011107
10,8,11,ミラキュラスドラマ,牡3,55.0,菱田裕二,2:44.3,ハナ,47.8,9.0,458(-2),[西] 杉山晴紀,202402011107
11,7,9,エクレシア,牝3,52.0,角田大河,2:44.7,2.1/2,321.9,12.0,484(+4),[西] 西園翔太,202402011107
12,3,3,エリカヴェネチア,牝3,53.0,横山武史,2:46.8,大,7.5,5.0,474(0),[西] 吉岡辰弥,202402011107
1,1,1,スコーピオン,牡3,55.0,菱田裕二,0:58.8,,4.1,2.0,468(-2),[東] 武藤善則,202402011108
2,6,7,サザンレイク,牝4,53.0,長浜鴻緒,0:59.0,1.1/2,7.6,4.0,490(0),[東] 根本康広,202402011108
3,3,3,ヨドノゴールド,牡6,58.0,横山武史,0:59.3,1.1/2,7.3,3.0,470(+4),[西] 西園正都,202402011108
4,4,4,カップッチョ,牡7,58.0,黛弘人,0:59.6,2,43.9,8.0,492(+4),[東] 石毛善彦,202402011108
5,5,6,スイッチオン,牡4,58.0,大野拓弥,0:59.7,1/2,183.5,11.0,476(-6),[東] 小手川準,202402011108
6,5,5,ホーリーブライト,牝3,53.0,川又賢治,1:00.1,2,8.2,5.0,446(+8),[東] 竹内正洋,202402011108
7,8,12,ステラシティ,牝3,53.0,佐々木大,1:00.1,クビ,9.8,6.0,464(0),[東] 伊坂重信,202402011108
8,2,2,タッカー,牡3,55.0,丹内祐次,1:00.3,1,178.9,10.0,476(0),[東] 清水英克,202402011108
9,6,8,メイプルリーフラグ,牝4,56.0,永野猛蔵,1:00.5,1.1/4,118.2,9.0,446(+2),[東] 的場均,202402011108
10,8,11,メイショウクモイ,牡4,58.0,武豊,1:00.6,1,14.9,7.0,476(0),[西] 飯田祐史,202402011108
11,7,9,オアシスドール,牝3,50.0,高杉吏麒,1:00.7,1/2,2.4,1.0,452(+6),[西] 高柳大輔,202402011108
12,7,10,タイコネン,牝5,53.0,川端海翼,1:02.3,10,326.4,12.0,478(+10),[東] 松永康利,202402011108
1,1,1,セクシーブーケ,牝3,53.0,北村友一,1:45.8,,3.4,2.0,446(-2),[西] 田中克典,202402011109
2,7,10,レーヴドレフォン,牝3,53.0,横山武史,1:46.4,3.1/2,7.9,4.0,462(-14),[西] 矢作芳人,202402011109
3,6,8,ランスノーブル,牝4,56.0,大野拓弥,1:46.6,1.1/2,8.0,5.0,476(+8),[東] 上原博之,202402011109
4,6,7,ベイビールビオ,牡5,58.0,佐々木大,1:46.6,ハナ,48.4,9.0,498(-2),[東] 田村康仁,202402011109
5,8,11,リネアグローリア,牡3,55.0,鮫島克駿,1:46.7,3/4,4.2,3.0,476(+2),[西] 小崎憲,202402011109
6,5,5,アースイオス,牡3,55.0,横山和生,1:46.8,1/2,28.7,7.0,528(-2),[東] 小西一男,202402011109
7,2,2,ヒデシンイメル,牡3,55.0,富田暁,1:46.8,ハナ,38.5,8.0,458(0),[西] 武英智,202402011109
8,8,12,キープブライトン,牡4,58.0,岩田康誠,1:47.2,2.1/2,81.8,10.0,462(-4),[東] 栗田徹,202402011109
9,7,9,ワンダーカモン,牡3,55.0,川又賢治,1:47.3,クビ,20.7,6.0,482(+12),[西] 吉村圭司,202402011109
10,3,3,マーベリックシチー,牡3,55.0,松岡正海,1:47.4,1/2,186.4,12.0,458(-2),[西] 岡田稲男,202402011109
11,5,6,ミッキーラッキー,牡3,55.0,菱田裕二,1:48.0,3.1/2,3.1,1.0,568(0),[東] 堀宣行,202402011109
12,4,4,グランルーチェ,牡3,55.0,浜中俊,1:50.3,大,107.0,11.0,480(+4),[西] 庄野靖志,202402011109
1,4,6,ワンブランチ,牝3,53.0,佐々木大,1:48.9,,3.5,1.0,440(+4),[東] 上原佑紀,202402011110
2,8,14,アマイ,牝4,56.0,永野猛蔵,1:49.0,1,28.6,8.0,454(+2),[東] 伊藤大士,202402011110
3,2,2,エリダヌス,牝4,56.0,丹内祐次,1:49.2,1,32.9,9.0,492(+8),[東] 青木孝文,202402011110
4,8,13,ユイ,牝5,56.0,亀田温心,1:49.6,2.1/2,80.7,11.0,456(+8),[西] 高橋康之,202402011110
5,5,8,ピンクジン,牝4,56.0,黛弘人,1:49.6,ハナ,22.4,7.0,440(0),[東] 南田美知,202402011110
6,1,1,アップトゥミー,牝4,56.0,浜中俊,1:49.6,アタマ,9.4,6.0,500(+6),[東] 国枝栄,202402011110
7,7,11,フェミナフォルテ,牝4,56.0,横山和生,1:49.6,クビ,6.2,4.0,416(-4),[東] 小島茂之,202402011110
8,3,4,ワレハウミノコ,牝4,56.0,武豊,1:49.8,1,9.3,5.0,464(+8),[西] 武英智,202402011110
9,6,10,エグランタイン,牝5,56.0,横山武史,1:50.4,3.1/2,3.6,2.0,452(+4),[西] 笹田和秀,202402011110
10,6,9,マンクスホップ,牝5,56.0,北村友一,1:50.5,クビ,57.7,10.0,458(+6),[西] 小椋研介,202402011110
11,7,12,ジェモロジー,牝4,56.0,鮫島克駿,1:50.6,1,6.1,3.0,504(+12),[西] 橋口慎介,202402011110
12,5,7,トゥーテイルズ,牝4,56.0,菱田裕二,1:51.5,5,303.3,14.0,462(+2),[西] 藤原英昭,202402011110
13,4,5,ダノンソフィア,牝5,56.0,藤岡佑介,1:51.8,1.3/4,107.6,12.0,514(+8),[西] 佐々木晶,202402011110
14,3,3,アレマーナ,牝5,56.0,富田暁,1:51.9,1/2,159.5,13.0,506(+4),[西] 松下武士,202402011110
1,5,7,サトノカルナバル,牡2,55.0,佐々木大,1:09.2,,3.4,1.0,496(+2),[東] 堀宣行,202402011111
2,4,5,ニシノラヴァンダ,牝2,55.0,永野猛蔵,1:09.4,1.1/4,10.0,8.0,420(+4),[東] 奥平雅士,202402011111
3,1,1,エンドレスサマー,牡2,55.0,横山和生,1:09.4,アタマ,6.2,2.0,500(+8),[東] 上原佑紀,202402011111
4,8,14,ヤンキーバローズ,牡2,55.0,岩田康誠,1:09.5,1/2,8.9,5.0,466(-4),[西] 上村洋行,202402011111
5,6,10,カルプスペルシュ,牝2,55.0,鮫島克駿,1:09.5,クビ,7.0,4.0,452(+4),[西] 石坂公一,202402011111
6,3,3,リリーフィールド,牝2,55.0,武豊,1:09.7,1,9.5,6.0,428(-8),[西] 小崎憲,202402011111
7,4,6,モズナナスター,牝2,55.0,菱田裕二,1:09.8,1,97.3,12.0,454(-10),[西] 矢作芳人,202402011111
8,2,2,チギリ,牝2,55.0,北村友一,1:09.9,クビ,28.9,9.0,456(-2),[東] 鹿戸雄一,202402011111
9,6,9,ヴーレヴー,牝2,55.0,浜中俊,1:09.9,ハナ,9.7,7.0,468(+2),[西] 武幸四郎,202402011111
10,8,13,エメラヴィ,牝2,55.0,横山武史,1:10.0,クビ,6.8,3.0,450(+10),[西] 松永幹夫,202402011111
11,3,4,ヒデノブルースカイ,牡2,55.0,高杉吏麒,1:10.2,1.1/4,45.9,10.0,420(0),[西] 梅田智之,202402011111
12,7,11,シュードタキライト,牡2,55.0,丹内祐次,1:10.5,2,84.2,11.0,476(-2),[東] 菊川正達,202402011111
13,5,8,ラインパシオン,牝2,55.0,大江原比,1:11.0,3,209.1,14.0,394(-4),[東] 水野貴広,202402011111
14,7,12,オカメノコイ,牝2,55.0,藤岡佑介,1:13.8,大,131.6,13.0,452(+4),[東] 小笠倫弘,202402011111
1,7,11,ハートホイップ,牝5,56.0,永野猛蔵,1:10.1,,6.6,5.0,490(+2),[東] 蛯名利弘,202402011112
2,6,9,ギルティプレジャー,牝3,50.0,高杉吏麒,1:10.2,クビ,10.9,6.0,434(+8),[西] 寺島良,202402011112
3,7,10,タガノミア,牝5,56.0,武豊,1:10.3,3/4,5.7,3.0,464(+8),[西] 河内洋,202402011112
4,4,4,ディージェーサン,牝5,53.0,小林勝太,1:10.3,クビ,11.1,7.0,432(-6),[東] 堀内岳志,202402011112
5,6,8,ビッグパレード,牝5,56.0,丹内祐次,1:10.3,クビ,4.4,1.0,512(+2),[東] 伊藤大士,202402011112
6,5,7,カレンナオトメ,牝3,53.0,黛弘人,1:10.4,クビ,14.2,8.0,416(0),[東] 小野次郎,202402011112
7,1,1,オオゾラヒバリ,牝3,50.0,長浜鴻緒,1:10.5,1/2,5.1,2.0,450(0),[東] 根本康広,202402011112
8,4,5,ブルーペクトライト,牝4,53.0,川端海翼,1:10.5,ハナ,70.1,11.0,476(-4),[西] 池添学,202402011112
9,3,3,ダークブロンド,牝4,56.0,北村友一,1:10.5,クビ,28.4,10.0,432(+12),[西] 高橋亮,202402011112
10,5,6,ジークルーネ,牝3,53.0,横山武史,1:10.6,クビ,6.5,4.0,462(-4),[東] 栗田徹,202402011112
11,8,12,インクルードダイヤ,牝4,56.0,富田暁,1:10.8,1.1/2,27.5,9.0,472(+14),[西] 藤野健太,202402011112
12,2,2,フタバ,牝3,52.0,角田大河,1:11.0,3/4,186.0,13.0,408(-4),[西] 西村真幸,202402011112
13,8,13,ロザシアニン,牝5,52.0,大江原比,1:11.2,1.1/4,113.9,12.0,468(-2),[東] 佐藤吉勝,202402011112
1,8,9,ドゥアムール,牝2,55.0,武豊,1:10.0,,2.1,1.0,462(+4),[西] 中竹和也,202402011201
2,7,7,グランカメリア,牡2,55.0,池添謙一,1:10.4,2.1/2,8.0,5.0,474(-6),[西] 吉田直弘,202402011201
3,4,4,スリーピース,牡2,55.0,佐々木大,1:10.5,1/2,6.8,4.0,458(-2),[東] 武井亮,202402011201
4,2,2,カルミネイション,牝2,55.0,菱田裕二,1:10.6,クビ,22.1,6.0,432(-4),[西] 緒方努,202402011201
5,6,6,オンザブルースカイ,牡2,52.0,小林勝太,1:10.7,1/2,5.0,3.0,450(-4),[西] 谷潔,202402011201
6,1,1,デコピン,牡2,55.0,富田暁,1:10.8,1/2,4.4,2.0,466(-10),[東] 村田一誠,202402011201
7,7,8,ウインラテアート,牝2,52.0,長浜鴻緒,1:11.1,2,40.5,7.0,468(+6),[東] 宗像義忠,202402011201
8,3,3,クールマーロウ,牡2,55.0,丹内祐次,1:11.2,クビ,84.2,8.0,428(0),[東] 矢野英一,202402011201
9,5,5,アルピナセブン,牝2,55.0,亀田温心,1:11.3,3/4,235.0,10.0,450(-6),[西] 北出成人,202402011201
10,8,10,シンゼンマルノスケ,牡2,52.0,高杉吏麒,1:13.4,大,112.8,9.0,470(+8),[西] 荒川義之,202402011201
1,4,5,マテンロウノカゼ,牡3,57.0,横山和生,1:46.9,,25.6,7.0,484(-6),[西] 昆貢,202402011202
2,1,1,ケーヴァラ,牡3,57.0,鮫島克駿,1:47.3,2.1/2,2.4,1.0,468(-12),[西] 羽月友彦,202402011202
3,7,12,フィージビリティー,牡3,57.0,横山武史,1:47.4,1/2,6.1,3.0,504(-4),[東] 栗田徹,202402011202
4,7,11,テトラード,牡3,57.0,武豊,1:47.7,1.1/2,3.4,2.0,462(+2),[西] 坂口智康,202402011202
5,8,14,ハヤブサキンチャン,牝3,52.0,小林勝太,1:47.7,アタマ,6.9,4.0,474(+8),[東] 稲垣幸雄,202402011202
6,6,10,フォレストゲート,牡3,57.0,永野猛蔵,1:47.9,1.1/4,20.3,6.0,460(-4),[東] 小手川準,202402011202
7,6,9,エールヴァーゲ,牝3,55.0,藤岡佑介,1:48.0,3/4,81.2,9.0,412(-4),[西] 坂口智康,202402011202
8,5,8,キモンキャリントン,牡3,54.0,高杉吏麒,1:49.0,6,39.6,8.0,432(+2),[西] 渡辺薫彦,202402011202
9,3,4,ネオクラウン,牡3,57.0,古川吉洋,1:49.8,5,213.9,14.0,498(+14),[東] 鈴木伸尋,202402011202
10,2,2,リゼルージュセリエ,牡3,57.0,大野拓弥,1:51.3,9,150.0,12.0,494(-4),[東] 松山将樹,202402011202
11,3,3,バスティオン,牡3,57.0,丹内祐次,1:51.3,クビ,12.9,5.0,560(-2),[東] 西田雄一,202402011202
12,5,7,フミソニック,牝3,55.0,黛弘人,1:51.7,2.1/2,100.8,11.0,412(-2),[東] 黒岩陽一,202402011202
13,4,6,カリスイモン,牝3,55.0,小林凌大,1:52.0,2,97.5,10.0,422(-8),[東] 松山将樹,202402011202
14,8,13,ベイジーニョ,牝3,55.0,岩田康誠,1:52.8,5,197.7,13.0,452(+2),[東] 田中剛,202402011202
1,4,7,エヴァンスウィート,牝3,55.0,鮫島克駿,1:09.5,,8.4,3.0,438(+16),[西] 友道康夫,202402011203
2,6,11,スプリングデイ,牝3,55.0,黛弘人,1:09.7,1.1/4,71.2,11.0,434(+8),[東] 伊藤大士,202402011203
3,3,5,インマイポケット,牝3,55.0,武豊,1:09.8,クビ,2.1,1.0,430(-4),[西] 武幸四郎,202402011203
4,8,15,カチヌキマリコ,牝3,55.0,大野拓弥,1:09.9,1/2,18.9,8.0,412(-2),[東] 天間昭一,202402011203
5,6,12,コスモララバイ,牝3,55.0,丹内祐次,1:09.9,クビ,12.8,6.0,412(+16),[西] 吉田直弘,202402011203
6,5,9,ルチェッタ,牝3,55.0,佐々木大,1:09.9,アタマ,24.4,9.0,440(-2),[東] 青木孝文,202402011203
7,4,8,テキーラワルツ,牝3,52.0,川端海翼,1:10.0,クビ,24.5,10.0,434(+2),[西] 大根田裕,202402011203
8,2,4,ニシノシャミナード,牝3,55.0,永野猛蔵,1:10.1,1/2,6.5,2.0,428(0),[東] 嘉藤貴行,202402011203
9,1,1,ハイボーン,牝3,55.0,岩田康誠,1:10.2,1/2,9.3,4.0,450(+6),[西] 上村洋行,202402011203
10,7,13,メイショウハコブネ,牝3,55.0,古川吉洋,1:10.2,クビ,155.0,14.0,442(+8),[西] 千田輝彦,202402011203
11,8,16,エコロアモーレ,牝3,55.0,横山武史,1:10.3,1/2,18.4,7.0,456(-2),[西] 牧浦充徳,202402011203
12,5,10,フェアアイル,牝3,52.0,長浜鴻緒,1:10.5,3/4,10.9,5.0,398(-4),[西] 音無秀孝,202402011203
13,1,2,プエルタセクレタ,牝3,54.0,角田大河,1:10.9,2.1/2,127.4,12.0,418(0),[西] 野中賢二,202402011203
14,2,3,ミッシーフォール,牝3,55.0,津村明秀,1:11.2,1.1/2,185.0,15.0,414(+16),[東] 矢野英一,202402011203
15,3,6,ゴールデンリープ,牝3,52.0,小林勝太,1:11.6,2.1/2,128.3,13.0,386(+18),[東] 上原佑紀,202402011203
16,7,14,マドモアゼルハポン,牝3,55.0,藤岡佑介,1:11.7,クビ,261.7,16.0,436(0),[西] 角田晃一,202402011203
1,3,3,ペレグリン,牝3,52.0,長浜鴻緒,0:59.3,,3.6,1.0,432(+6),[西] 河嶋宏樹,202402011204
2,5,5,ココモローズ,牝3,55.0,大野拓弥,1:00.0,4,48.5,10.0,430(+4),[東] 高木登,202402011204
3,7,10,リュウノシンクウハ,牡3,57.0,鮫島克駿,1:00.0,ハナ,12.6,7.0,486(-4),[西] 牧田和弥,202402011204
4,5,6,ドルフィンスクエア,牝3,52.0,川端海翼,1:00.0,ハナ,47.2,9.0,448(+6),[西] 清水久詞,202402011204
5,1,1,テイエムタリスマ,牡3,57.0,富田暁,1:00.1,アタマ,3.8,2.0,470(+4),[西] 木原一良,202402011204
6,4,4,ラセーヌシュメール,牝3,52.0,小林勝太,1:00.3,1.1/2,9.3,6.0,444(-10),[東] 菊沢隆徳,202402011204
7,8,11,ロケットホームラン,牡3,57.0,小林凌大,1:00.5,1.1/4,4.9,3.0,504(0),[東] 小西一男,202402011204
8,2,2,サトミノエガオ,牝3,55.0,丹内祐次,1:00.5,ハナ,19.3,8.0,458(+10),[東] 鈴木伸尋,202402011204
9,6,7,ユーライナー,牝3,55.0,菱田裕二,1:01.0,3,212.0,12.0,420(-4),[東] 高橋文雅,202402011204
10,8,12,ペイシャアゲイン,牝3,55.0,黛弘人,1:01.5,2.1/2,9.0,5.0,482(-4),[東] 伊藤伸一,202402011204
11,7,9,マリノルージュ,牝3,55.0,佐々木大,1:01.8,2,8.4,4.0,466(-2),[東] 田島俊明,202402011204
12,6,8,ゴルトシュトラール,牡3,57.0,岩田康誠,1:02.4,3.1/2,119.8,11.0,440(+10),[東] 小島茂之,202402011204
1,4,4,アスクシュタイン,牡2,55.0,北村友一,1:51.7,,4.7,2.0,492(0),[西] 藤原英昭,202402011205
2,7,7,リアライズオーラム,牡2,55.0,佐々木大,1:52.0,1.1/2,1.7,1.0,492(0),[西] 須貝尚介,202402011205
3,8,8,ドーバーブライト,牡2,55.0,丹内祐次,1:52.2,1.1/2,17.6,5.0,498(0),[東] 西田雄一,202402011205
4,3,3,トリプレーテ,牡2,55.0,富田暁,1:52.5,2,7.2,4.0,474(0),[西] 武英智,202402011205
5,1,1,アスゴッド,牡2,55.0,武豊,1:52.9,2,5.1,3.0,494(0),[西] 矢作芳人,202402011205
6,5,5,フタリセゾン,牝2,55.0,横山和生,1:53.6,4,25.1,6.0,420(0),[東] 勢司和浩,202402011205
7,8,9,アルビス,牡2,52.0,小林勝太,1:53.6,クビ,94.7,9.0,472(0),[東] 金成貴史,202402011205
8,2,2,ウォーターバンドル,牡2,55.0,菱田裕二,1:55.6,大,41.7,7.0,460(0),[西] 岡田稲男,202402011205
9,6,6,ミルトオーケストラ,牡2,55.0,古川吉洋,1:55.8,1,73.5,8.0,444(0),[東] 武市康男,202402011205
1,8,15,ドウアドバンテージ,牡3,57.0,武豊,2:01.9,,7.2,3.0,486(0),[西] 四位洋文,202402011206
2,6,12,ウイントレメンデス,牡3,57.0,横山武史,2:02.0,1/2,1.7,1.0,480(0),[東] 鈴木伸尋,202402011206
3,3,6,ピエスダルジャン,牡3,57.0,鮫島克駿,2:02.3,2,10.8,4.0,448(+4),[西] 茶木太樹,202402011206
4,4,8,レディマキシマ,牝3,55.0,丹内祐次,2:02.4,1,4.5,2.0,488(0),[東] 伊藤大士,202402011206
5,2,3,シュプリームアロー,牡3,57.0,古川吉洋,2:02.4,ハナ,54.2,8.0,464(+14),[西] 藤野健太,202402011206
6,7,14,ギンレイ,牝3,55.0,荻野琢真,2:02.8,2,150.5,15.0,462(0),[西] 大久保龍,202402011206
7,5,10,ミヤビエクセレント,牝3,55.0,三浦皇成,2:03.0,1.1/4,18.3,5.0,470(+6),[東] 小島茂之,202402011206
8,4,7,ヴァイゼ,牝3,55.0,横山和生,2:03.0,クビ,25.4,6.0,420(+2),[西] 中村直也,202402011206
9,8,16,ピースソックス,牝3,55.0,津村明秀,2:03.1,クビ,86.6,13.0,428(-2),[東] 牧光二,202402011206
10,5,9,ダイナミックス,牝3,55.0,永野猛蔵,2:03.1,クビ,64.0,9.0,434(-4),[東] 林徹,202402011206
11,7,13,スターメイデン,牝3,55.0,菱田裕二,2:03.3,1,131.1,14.0,478(+8),[西] 吉村圭司,202402011206
12,6,11,サイコウダネ,牡3,54.0,川端海翼,2:03.3,ハナ,65.8,10.0,460(0),[西] 清水久詞,202402011206
13,1,2,ララモンストル,牡3,56.0,角田大河,2:03.4,クビ,75.1,12.0,478(-8),[西] 辻野泰之,202402011206
14,2,4,ラブビーチ,牝3,55.0,佐々木大,2:03.9,3,70.2,11.0,430(+4),[東] 蛯名利弘,202402011206
15,1,1,リエラ,牝3,55.0,富田暁,2:03.9,ハナ,183.4,16.0,400(+4),[西] 高橋康之,202402011206
16,3,5,ジャヴァネ,牝3,52.0,長浜鴻緒,2:04.6,4,40.7,7.0,424(+14),[東] 加藤和宏,202402011206
1,5,8,エリカサファイア,牝3,53.0,佐々木大,1:44.7,,1.9,1.0,490(-6),[東] 堀宣行,202402011207
2,1,1,サウンドアレグリア,牝3,53.0,富田暁,1:45.1,2.1/2,8.8,4.0,496(-6),[西] 武英智,202402011207
3,3,4,メジャーデビュー,牝3,53.0,丹内祐次,1:45.1,クビ,5.1,2.0,434(-2),[東] 鈴木慎太,202402011207
4,7,12,リキサンハート,牝6,56.0,黛弘人,1:46.2,7,194.9,13.0,506(-4),[東] 奥平雅士,202402011207
5,3,3,ハイランドリンクス,牝4,56.0,藤岡佑介,1:46.3,3/4,12.6,5.0,482(-6),[西] 奥村豊,202402011207
6,6,9,エーリアル,牝3,53.0,横山武史,1:46.4,クビ,16.7,6.0,502(+4),[東] 西田雄一,202402011207
7,5,7,フォンメイリー,牝5,56.0,永野猛蔵,1:46.5,1/2,107.8,12.0,486(+10),[東] 粕谷昌央,202402011207
8,8,14,チャプリ,牝5,56.0,大野拓弥,1:46.7,1.1/4,31.7,8.0,478(+2),[東] 高木登,202402011207
9,8,13,カフェノワール,牝4,56.0,武豊,1:47.7,6,6.5,3.0,476(+6),[西] 池江泰寿,202402011207
10,6,10,アイスリンディ,牝3,53.0,亀田温心,1:47.8,3/4,50.2,9.0,454(+6),[西] 高柳大輔,202402011207
11,2,2,ヴィラーゴスリーブ,牝4,53.0,川端海翼,1:48.0,1.1/4,269.1,14.0,504(0),[西] 高橋一哉,202402011207
12,7,11,タマモネモフィラ,牝4,56.0,菱田裕二,1:48.7,4,60.5,10.0,480(+6),[西] 大橋勇樹,202402011207
13,4,5,ピクラリーダ,牝3,50.0,高杉吏麒,1:49.6,5,31.6,7.0,454(0),[東] 森一誠,202402011207
中,4,6,ベッラアルバ,牝5,55.0,角田大河,,,77.8,11.0,466(+4),[西] 中竹和也,202402011207
1,4,6,アコルダール,牝6,56.0,丹内祐次,1:09.0,,10.5,4.0,460(0),[西] 西園翔太,202402011208
2,4,7,ラホーヤストーム,牝4,56.0,菱田裕二,1:09.1,クビ,46.2,11.0,466(+2),[西] 藤野健太,202402011208
3,3,5,アンタノバラード,牝4,56.0,黛弘人,1:09.1,ハナ,19.2,8.0,444(-2),[東] 伊藤大士,202402011208
4,3,4,オオタニサーン,牡3,55.0,佐々木大,1:09.1,クビ,4.7,3.0,516(+4),[東] 堀宣行,202402011208
5,7,12,シンデレラスマイル,牝4,53.0,高杉吏麒,1:09.1,ハナ,14.4,6.0,446(0),[東] 武藤善則,202402011208
6,6,11,ワンリオン,牡5,55.0,小林勝太,1:09.2,1/2,29.8,10.0,486(+4),[西] 北出成人,202402011208
7,6,10,ナックブレイブ,牡4,58.0,大野拓弥,1:09.2,クビ,250.1,15.0,484(-2),[東] 杉浦宏昭,202402011208
8,5,8,ミッドナイトラスタ,牝3,53.0,鮫島克駿,1:09.3,クビ,3.3,1.0,488(-2),[東] 加藤征弘,202402011208
9,8,14,カイコウ,セ3,55.0,永野猛蔵,1:09.3,ハナ,20.8,9.0,456(+16),[東] 田島俊明,202402011208
10,7,13,ルージュレベッカ,牝3,53.0,古川吉洋,1:09.4,3/4,61.5,13.0,460(+18),[西] 昆貢,202402011208
11,1,1,ダルタニアン,牡4,58.0,津村明秀,1:09.5,アタマ,15.5,7.0,500(-4),[東] 牧光二,202402011208
12,2,3,フライングブレード,牡4,58.0,池添謙一,1:09.5,クビ,4.1,2.0,486(-4),[西] 飯田祐史,202402011208
13,2,2,マンダリンボレロ,牡4,58.0,水口優也,1:09.8,2,56.3,12.0,484(-10),[東] 伊藤伸一,202402011208
14,8,15,アフィリオン,牡3,55.0,三浦皇成,1:10.3,3,12.7,5.0,484(+8),[東] 古賀慎明,202402011208
15,5,9,マケルナマサムネ,牡6,58.0,川又賢治,1:10.7,2.1/2,164.0,14.0,458(-8),[西] 畑端省吾,202402011208
1,8,13,ノレッジビューティ,牝4,56.0,岩田康誠,1:49.0,,30.3,7.0,454(-2),[西] 上村洋行,202402011209
2,8,12,ハーエクセレンシー,牝4,56.0,佐々木大,1:49.0,クビ,5.7,3.0,432(+4),[東] 大和田成,202402011209
3,2,2,ウインアクトゥール,牡3,55.0,黛弘人,1:49.2,1.1/4,10.4,5.0,432(+2),[東] 栗田徹,202402011209
4,4,4,ヒナノコバン,セ7,58.0,小林勝太,1:49.2,クビ,251.8,13.0,454(-2),[東] 本間忍,202402011209
5,7,10,レイワサンサン,牡3,55.0,浜中俊,1:49.5,2,18.5,6.0,498(+12),[西] 高柳大輔,202402011209
6,5,6,マイネルヒッツェ,牡6,58.0,津村明秀,1:49.6,1/2,75.2,10.0,476(0),[東] 粕谷昌央,202402011209
7,1,1,キングリスティア,セ8,58.0,古川吉洋,1:49.8,1,246.8,12.0,516(0),[西] 河内洋,202402011209
8,7,11,バルミーウェザー,牡3,55.0,亀田温心,1:50.0,1,35.8,8.0,460(0),[西] 鮫島一歩,202402011209
9,5,7,コスモエクスプレス,牡5,58.0,丹内祐次,1:50.0,クビ,10.0,4.0,490(-2),[東] 松永康利,202402011209
10,3,3,ドンアレス,牡3,55.0,鮫島克駿,1:50.1,クビ,5.0,2.0,480(+6),[西] 牧浦充徳,202402011209
11,4,5,ゼットスパンキー,牡3,55.0,長浜鴻緒,1:50.2,3/4,109.4,11.0,458(-4),[西] 宮徹,202402011209
12,6,8,キングヴァージル,牡3,55.0,永野猛蔵,1:50.3,3/4,56.8,9.0,506(+12),[西] 矢作芳人,202402011209
中,6,9,エイシンジェンマ,牝4,56.0,菱田裕二,,,1.9,1.0,500(+2),[西] 中尾秀正,202402011209
1,5,7,レッドラグラス,牡4,58.0,藤岡佑介,1:45.4,,9.1,5.0,494(+14),[西] 中内田充,202402011210
2,2,2,ビーアイオラクル,牡5,58.0,横山武史,1:45.7,1.3/4,3.7,1.0,490(0),[西] 牧田和弥,202402011210
3,8,13,メリタテス,牝4,56.0,菱田裕二,1:45.7,ハナ,7.7,4.0,428(-4),[西] 矢作芳人,202402011210
4,3,4,アセレラシオン,牡3,55.0,鮫島克駿,1:45.8,3/4,5.5,3.0,526(+4),[西] 浜田多実,202402011210
5,8,14,スズカマジェスタ,牡5,58.0,佐々木大,1:46.3,3,13.1,6.0,442(+4),[西] 須貝尚介,202402011210
6,4,6,サヴァビアン,牡6,58.0,小林凌大,1:46.3,アタマ,105.9,13.0,436(-2),[西] 羽月友彦,202402011210
7,7,12,ディサイド,牡5,58.0,三浦皇成,1:46.4,クビ,117.4,14.0,488(-2),[西] 高野友和,202402011210
8,7,11,ベイパーコーン,セ5,58.0,角田大河,1:46.4,クビ,79.8,12.0,464(-6),[西] 鈴木孝志,202402011210
9,4,5,グランドエスケープ,牡3,55.0,水口優也,1:46.5,クビ,4.4,2.0,468(0),[西] 藤沢則雄,202402011210
10,6,9,コパノアントニオ,牡3,55.0,高杉吏麒,1:46.5,ハナ,17.4,8.0,472(+2),[西] 梅田智之,202402011210
11,5,8,シャドウレディー,牝4,56.0,北村友一,1:46.5,クビ,38.1,11.0,434(-10),[東] 金成貴史,202402011210
12,1,1,サハラヴァンクール,牡6,58.0,永野猛蔵,1:46.8,1.1/2,29.6,10.0,482(+2),[東] 和田勇介,202402011210
13,6,10,テンクウジョー,牡3,55.0,横山和生,1:46.8,ハナ,15.7,7.0,480(+8),[東] 小西一男,202402011210
14,3,3,タケルペガサス,牡6,58.0,岩田康誠,1:47.3,3,18.9,9.0,496(+4),[東] 加藤征弘,202402011210
1,6,12,ホウオウビスケッツ,牡4,57.5,岩田康誠,1:59.2,,7.2,3.0,506(-4),[東] 奥村武,202402011211
2,2,4,グランディア,セ5,56.0,三浦皇成,1:59.8,3.1/2,8.3,4.0,476(-6),[西] 中内田充,202402011211
3,5,9,アウスヴァール,セ6,54.0,古川吉洋,1:59.9,3/4,58.3,14.0,494(+10),[西] 昆貢,202402011211
4,1,1,サヴォーナ,牡4,57.5,池添謙一,1:59.9,ハナ,4.5,1.0,530(-2),[西] 中竹和也,202402011211
5,4,8,プラチナトレジャー,牡6,55.0,永野猛蔵,2:00.1,3/4,60.9,15.0,480(-6),[東] 国枝栄,202402011211
6,8,15,チャックネイト,セ6,58.5,佐々木大,2:00.1,ハナ,11.5,6.0,476(-6),[東] 堀宣行,202402011211
7,3,5,サンストックトン,牡5,55.0,藤岡佑介,2:00.3,1.1/4,16.0,9.0,470(-2),[東] 鹿戸雄一,202402011211
8,3,6,リカンカブール,牡5,58.0,津村明秀,2:00.3,クビ,20.7,11.0,490(-8),[西] 田中克典,202402011211
9,8,16,マイネルクリソーラ,牡5,56.0,丹内祐次,2:00.3,ハナ,19.3,10.0,456(-4),[東] 手塚貴久,202402011211
10,5,10,トップナイフ,牡4,57.5,横山和生,2:00.4,3/4,6.3,2.0,480(-2),[西] 昆貢,202402011211
11,6,11,アケルナルスター,牡5,56.0,黛弘人,2:00.6,3/4,30.1,13.0,472(0),[東] 清水英克,202402011211
12,7,14,ハヤヤッコ,牡8,58.5,浜中俊,2:00.6,ハナ,28.9,12.0,484(+2),[東] 国枝栄,202402011211
13,1,2,オニャンコポン,牡5,57.0,菱田裕二,2:00.7,3/4,13.2,8.0,486(-2),[東] 小島茂之,202402011211
14,4,7,エミュー,牝4,54.0,鮫島克駿,2:00.7,アタマ,126.0,16.0,434(+4),[東] 和田正一,202402011211
15,2,3,エンパイアウエスト,牝5,53.0,横山武史,2:00.8,1/2,13.0,7.0,500(-8),[東] 黒岩陽一,202402011211
16,7,13,デビットバローズ,牡5,56.0,武豊,2:02.9,大,9.6,5.0,522(+4),[西] 上村洋行,202402011211
1,2,2,ラウラーナ,牝4,56.0,浜中俊,1:09.7,,23.0,9.0,434(+12),[東] 宗像義忠,202402011212
2,7,9,カイカノキセキ,牝5,56.0,北村友一,1:09.7,アタマ,21.2,7.0,498(-4),[西] 高橋一哉,202402011212
3,4,4,ゴルトリッチ,牡4,58.0,横山武史,1:09.7,ハナ,5.9,3.0,506(+10),[西] 牧浦充徳,202402011212
4,6,8,アップストローク,セ5,58.0,大野拓弥,1:09.9,1.1/4,7.7,4.0,460(+4),[東] 杉浦宏昭,202402011212
5,5,6,リジル,牝3,53.0,藤岡佑介,1:10.0,クビ,2.6,1.0,484(+6),[西] 奥村豊,202402011212
6,8,11,トリップトゥムーン,牡5,58.0,菱田裕二,1:10.0,ハナ,73.9,11.0,446(-2),[西] 新谷功一,202402011212
7,3,3,ゴキゲンサン,牝4,56.0,丹内祐次,1:10.0,クビ,12.0,5.0,498(0),[東] 伊藤大士,202402011212
8,1,1,ヤマニンアストロン,牡3,55.0,角田大河,1:10.0,ハナ,4.1,2.0,478(-8),[西] 石橋守,202402011212
9,5,5,グッドグロウス,牡5,58.0,古川吉洋,1:10.1,クビ,251.9,12.0,470(0),[西] 大根田裕,202402011212
10,6,7,アンビバレント,牡4,58.0,池添謙一,1:10.3,1.1/4,17.7,6.0,464(0),[西] 藤野健太,202402011212
11,8,12,ワイアウ,牝4,56.0,永野猛蔵,1:10.3,クビ,26.3,10.0,472(+2),[東] 鈴木慎太,202402011212
12,7,10,タイセイフェスタ,牡3,55.0,佐々木大,1:10.6,1.1/2,22.1,8.0,486(+2),[東] 森一誠,202402011212
