着順,枠番,馬番,馬名,性齢,斤量,騎手,タイム,着差,単勝,人気,馬体重,調教師,race_id
1,4,8,ウェザーコック,牡3,56.0,吉田隼人,1:45.4,,3.5,1.0,442(-6),[西] 岡田稲男,202310010101
2,6,11,カルンウェナン,牡3,55.0,角田大和,1:46.8,8,11.9,6.0,514(+2),[西] 角田晃一,202310010101
3,1,1,ヘラクレスノット,セ3,55.0,泉谷楓真,1:47.2,2.1/2,61.4,11.0,464(-2),[西] 奥村豊,202310010101
4,1,2,ミヤジシャルマン,牡3,53.0,今村聖奈,1:47.3,1/2,4.3,2.0,482(+6),[西] 川村禎彦,202310010101
5,3,5,サイタブラウン,牡3,56.0,丹内祐次,1:47.3,クビ,7.5,4.0,468(+4),[東] 杉浦宏昭,202310010101
6,5,9,サンタモニカビーチ,牡3,56.0,黛弘人,1:47.4,1/2,27.8,9.0,520(-4),[東] 中野栄治,202310010101
7,8,16,シゲルソロソロ,牝3,54.0,和田翼,1:47.8,2.1/2,21.9,8.0,470(-2),[西] 谷潔,202310010101
8,5,10,デルマアビセタオシ,牡3,56.0,荻野琢真,1:48.0,1.1/2,186.6,16.0,472(-4),[西] 牧田和弥,202310010101
9,8,15,レオマニフィク,牡3,55.0,亀田温心,1:48.0,アタマ,5.9,3.0,468(-4),[西] 高柳大輔,202310010101
10,4,7,レインボーウォリア,牡3,56.0,長岡禎仁,1:48.5,2.1/2,141.9,15.0,446(+10),[東] 伊坂重信,202310010101
11,6,12,ドナスウェット,牝3,54.0,北村友一,1:48.5,アタマ,9.5,5.0,460(-10),[西] 矢作芳人,202310010101
12,3,6,ドーバーファルコン,牡3,52.0,永島まな,1:48.5,クビ,28.5,10.0,474(+8),[西] 牧田和弥,202310010101
13,2,3,スターリングナウ,牡3,56.0,古川吉洋,1:49.0,3,75.1,12.0,450(-8),[西] 昆貢,202310010101
14,7,13,ティーティースター,牡3,56.0,藤岡康太,1:49.2,3/4,15.1,7.0,438(+10),[西] 羽月友彦,202310010101
15,7,14,ケイツークローン,セ3,53.0,佐々木大,1:49.5,1.3/4,78.9,13.0,470(0),[東] 大江原哲,202310010101
16,2,4,シュハリ,牡3,55.0,小沢大仁,1:50.1,3.1/2,93.2,14.0,422(-2),[西] 鈴木孝志,202310010101
1,1,1,ジューンオレンジ,牝3,54.0,富田暁,1:08.5,,3.9,1.0,456(0),[西] 長谷川浩,202310010102
2,3,5,イースターエッグ,牝3,51.0,水沼元輝,1:08.6,3/4,15.9,8.0,434(-4),[東] 加藤和宏,202310010102
3,7,15,トーセンエスクード,牡3,56.0,菊沢一樹,1:08.7,3/4,7.8,4.0,442(-6),[東] 菊沢隆徳,202310010102
4,3,6,エーデルサンライズ,牝3,54.0,西村淳也,1:09.2,2.1/2,14.0,7.0,426(+2),[西] 小林真也,202310010102
5,2,3,ウィルオブラガー,牡3,56.0,ムルザバ,1:09.2,1/2,6.0,3.0,492(+4),[西] 清水久詞,202310010102
6,2,4,ヴァルダリス,牝3,54.0,吉田隼人,1:09.2,ハナ,4.9,2.0,446(-8),[西] 杉山佳明,202310010102
7,6,12,キースケデシュ,牝3,54.0,水口優也,1:09.5,1.3/4,152.0,15.0,448(-4),[東] 伊藤伸一,202310010102
8,4,7,フェアリープト,牝3,54.0,松若風馬,1:09.6,クビ,25.5,10.0,470(-2),[西] 加用正,202310010102
9,5,9,ケサランパサラン,牝3,50.0,永島まな,1:09.6,クビ,67.9,12.0,418(0),[西] 中村直也,202310010102
10,4,8,グスタール,牡3,54.0,原優介,1:09.6,ハナ,10.1,5.0,472(+10),[東] 粕谷昌央,202310010102
11,8,16,カッテミル,牝3,52.0,藤田菜七,1:09.6,アタマ,10.4,6.0,436(0),[東] 奥平雅士,202310010102
12,7,14,オザナリ,牝3,54.0,長岡禎仁,1:09.9,1.3/4,152.6,16.0,386(-4),[東] 深山雅史,202310010102
13,1,2,オスカーメロディ,牝3,51.0,佐々木大,1:10.4,3,230.3,18.0,416(+4),[東] 牧光二,202310010102
14,6,11,エメイヴェイモン,牝3,54.0,幸英明,1:10.6,1,88.5,13.0,478(-20),[西] 中竹和也,202310010102
15,8,18,ハイネス,牝3,54.0,田中勝春,1:10.9,1.3/4,100.2,14.0,416(+4),[東] 尾形和幸,202310010102
16,8,17,ニードレストゥセイ,牝3,53.0,角田大和,1:10.9,アタマ,24.5,9.0,456(-4),[西] 吉村圭司,202310010102
17,7,13,コーヒーブレイク,牝3,54.0,丹内祐次,1:11.1,3/4,31.6,11.0,448(+6),[西] 西園正都,202310010102
18,5,10,テイケイヴォーグ,牡3,56.0,田中健,1:12.0,5,202.9,17.0,476(+8),[西] 荒川義之,202310010102
1,1,1,サルフトピッチ,牝3,51.0,佐々木大,0:58.6,,4.6,2.0,442(+2),[東] 新開幸一,202310010103
2,5,7,タノムデホンマ,セ3,56.0,水口優也,0:59.1,2.1/2,75.3,12.0,418(0),[西] 服部利之,202310010103
3,5,8,フクノワカバ,牝3,54.0,吉田隼人,0:59.1,クビ,2.2,1.0,448(-4),[西] 杉山佳明,202310010103
4,6,9,アイファーシアトル,牝3,54.0,藤懸貴志,0:59.2,クビ,20.1,7.0,454(-2),[西] 鮫島一歩,202310010103
5,6,10,バサラ,牝3,52.0,小林凌大,0:59.2,ハナ,10.5,4.0,446(-2),[東] 伊藤圭三,202310010103
6,3,4,メイショウコウラン,牝3,54.0,団野大成,0:59.2,ハナ,93.1,13.0,382(-4),[西] 荒川義之,202310010103
7,3,3,ミヤジトレヴ,牝3,50.0,永島まな,0:59.3,1,8.1,3.0,508(-4),[西] 川村禎彦,202310010103
8,4,5,ディアドコス,牡3,56.0,幸英明,0:59.5,1.1/4,35.0,10.0,454(+2),[西] 羽月友彦,202310010103
9,2,2,ピスティス,牝3,53.0,秋山稔樹,0:59.8,1.1/2,34.7,9.0,422(-6),[東] 大江原哲,202310010103
10,4,6,クリノビッグママ,牝3,54.0,黛弘人,0:59.9,3/4,130.6,14.0,420(-10),[東] 石毛善彦,202310010103
11,8,13,カシノビルボード,牡3,54.0,藤田菜七,1:00.1,1.1/4,21.5,8.0,452(-10),[東] 天間昭一,202310010103
12,7,11,ビヴァアカプルコ,牝3,54.0,丹内祐次,1:00.5,2.1/2,12.0,5.0,492(-6),[東] 杉浦宏昭,202310010103
13,8,14,スナークメモリー,牝3,51.0,鷲頭虎太,1:00.5,クビ,35.7,11.0,418(+8),[西] 川村禎彦,202310010103
14,7,12,メイショウトップウ,牝3,51.0,今村聖奈,1:00.8,2,12.2,6.0,480(-8),[西] 飯田祐史,202310010103
1,8,11,ゴールドフレーム,セ7,60.0,石神深一,3:10.0,,19.4,8.0,482(+4),[東] 新開幸一,202310010104
2,1,1,テイエムナイスラン,牡4,59.0,伴啓太,3:10.5,3,8.4,3.0,520(0),[東] 石栗龍彦,202310010104
3,6,7,アスタースウィング,牡9,60.0,西谷誠,3:11.0,3,2.3,1.0,522(+6),[西] 中竹和也,202310010104
4,2,2,ドンシャーク,牡4,59.0,森一馬,3:12.4,9,12.6,6.0,506(+4),[西] 今野貞一,202310010104
5,7,10,ロンギングバース,セ5,60.0,五十嵐雄,3:13.0,3.1/2,15.6,7.0,464(+10),[東] 竹内正洋,202310010104
6,8,12,バレッティ,セ9,60.0,草野太郎,3:13.6,3.1/2,8.4,4.0,508(-2),[東] 久保田貴,202310010104
7,4,4,ブレイニーラン,牡8,57.0,小牧加矢,3:14.1,3,4.2,2.0,482(+8),[西] 畑端省吾,202310010104
8,5,5,メイショウカムロ,牡6,60.0,小野寺祐,3:14.4,1.1/2,125.1,12.0,452(-6),[西] 荒川義之,202310010104
9,3,3,ザレストノーウェア,牡5,60.0,大江原圭,3:14.8,2.1/2,12.0,5.0,458(+6),[東] 新開幸一,202310010104
10,6,8,ガムラン,牡5,60.0,難波剛健,3:15.2,2.1/2,68.0,11.0,522(+6),[西] 高橋義忠,202310010104
11,7,9,スマートウィザード,牡6,60.0,平沢健治,3:15.7,3,39.0,9.0,488(+4),[西] 吉田直弘,202310010104
12,5,6,サンシロウ,セ9,60.0,金子光希,3:15.8,3/4,59.1,10.0,484(-16),[東] 堀内岳志,202310010104
1,7,8,ホッコーハナミチ,セ5,60.0,黒岩悠,3:12.7,,6.2,4.0,466(-6),[西] 長谷川浩,202310010105
2,7,9,ライブリスマイル,牡4,59.0,難波剛健,3:13.0,2,84.6,10.0,492(+30),[西] 森田直行,202310010105
3,1,1,ダンツキタイ,牝4,57.0,小牧加矢,3:13.1,クビ,2.3,1.0,486(+2),[西] 谷潔,202310010105
4,6,7,モーニングアヤメ,牝5,58.0,蓑島靖典,3:13.5,2.1/2,6.8,5.0,440(-12),[東] 浅野洋一,202310010105
5,6,6,シングンジョーイ,牡5,60.0,石神深一,3:13.8,1.3/4,4.7,2.0,456(+4),[東] 伊坂重信,202310010105
6,2,2,メイショウキョウジ,牡8,60.0,森一馬,3:14.0,1,5.6,3.0,480(0),[西] 松永昌博,202310010105
7,8,10,フロールシュタット,牡4,59.0,草野太郎,3:14.5,3,50.3,8.0,460(+4),[東] 戸田博文,202310010105
8,3,3,フェブキラナ,セ5,60.0,小野寺祐,3:14.7,1.1/4,19.8,6.0,462(-6),[西] 川村禎彦,202310010105
9,8,11,リネンスイング,牡4,59.0,大江原圭,3:15.8,7,95.0,11.0,462(+10),[東] 粕谷昌央,202310010105
10,5,5,クリノツッチャン,牡4,59.0,五十嵐雄,3:25.2,大,74.1,9.0,484(0),[東] 伊藤伸一,202310010105
中,4,4,ユーベルント,牝5,58.0,大庭和弥,,,30.7,7.0,442(-4),[東] 堀内岳志,202310010105
1,7,10,エールミネルヴァ,牝3,54.0,松若風馬,2:01.9,,8.1,6.0,462(-4),[西] 橋口慎介,202310010106
2,1,1,ディオファントス,牡3,56.0,ムルザバ,2:02.1,1.1/4,4.9,1.0,498(+8),[西] 斉藤崇史,202310010106
2,5,7,ショウナンハルカゼ,牝3,50.0,永島まな,2:02.1,同着,20.8,8.0,466(-8),[西] 清水久詞,202310010106
4,8,12,フォレスタドーロ,牝3,54.0,浜中俊,2:02.3,1.1/4,5.1,3.0,430(-2),[西] 武幸四郎,202310010106
5,2,2,サスケ,牡3,56.0,団野大成,2:02.4,3/4,6.0,5.0,464(+26),[西] 西村真幸,202310010106
6,6,9,プレシャスストーン,牝3,54.0,丹内祐次,2:02.5,1,89.1,10.0,398(+2),[東] 松山将樹,202310010106
7,4,4,アグネスアース,牡3,56.0,吉田隼人,2:02.6,1/2,28.5,9.0,458(-8),[西] 小崎憲,202310010106
8,6,8,ナムラマイケル,牡3,55.0,亀田温心,2:02.8,1,16.0,7.0,432(-4),[西] 村山明,202310010106
9,7,11,アウローラシエル,牡3,56.0,幸英明,2:02.8,クビ,5.3,4.0,494(+8),[西] 森田直行,202310010106
10,4,5,テーオーエンゲルス,牡3,55.0,角田大和,2:03.0,3/4,99.9,11.0,460(-2),[西] 須貝尚介,202310010106
11,8,13,メイショウイッシン,牡3,56.0,西村淳也,2:03.2,1,5.0,2.0,436(0),[西] 藤原英昭,202310010106
12,5,6,アイアンオー,牡3,55.0,秋山稔樹,2:03.3,1,217.7,13.0,462(-6),[東] 本間忍,202310010106
13,3,3,ドゥライト,牡3,56.0,野中悠太,2:04.9,10,113.7,12.0,486(+4),[東] 大和田成,202310010106
1,6,6,クインズジュピタ,牝4,55.0,藤懸貴志,1:43.9,,3.8,2.0,476(-6),[西] 新谷功一,202310010107
2,4,4,スカンジナビア,牝4,55.0,富田暁,1:43.9,ハナ,5.4,3.0,462(+14),[西] 四位洋文,202310010107
3,3,3,クリノニキータ,牝6,55.0,角田大和,1:43.9,クビ,41.2,9.0,472(-9),[西] 大根田裕,202310010107
4,8,11,ラニカイ,牝4,52.0,今村聖奈,1:44.3,2.1/2,2.4,1.0,500(+6),[西] 松永幹夫,202310010107
5,2,2,シアープレジャー,牝6,53.0,佐々木大,1:44.5,1.1/2,147.1,11.0,430(-8),[東] 大江原哲,202310010107
6,6,7,ベルカノア,牝4,53.0,原優介,1:44.9,2.1/2,7.5,4.0,460(-2),[東] 武藤善則,202310010107
7,1,1,ビップシュプリーム,牝4,55.0,松岡正海,1:45.5,3.1/2,18.4,6.0,510(+30),[西] 松下武士,202310010107
8,7,8,レヴィーアクイーン,牝5,56.0,吉田隼人,1:45.6,3/4,18.9,7.0,478(-6),[西] 笹田和秀,202310010107
9,8,10,ワイルドベティ,牝4,54.0,小沢大仁,1:45.7,クビ,11.8,5.0,418(0),[西] 今野貞一,202310010107
10,7,9,テーオーアラジン,牝4,52.0,鷲頭虎太,1:47.5,大,106.2,10.0,454(-20),[西] 宮徹,202310010107
11,5,5,キットクル,牝4,55.0,丹内祐次,1:47.9,2.1/2,30.3,8.0,448(-13),[東] 竹内正洋,202310010107
1,6,11,ジャスティンエース,牡4,57.0,西村淳也,1:48.6,,10.4,5.0,468(+4),[西] 杉山晴紀,202310010108
2,3,6,サルサロッサ,牝4,55.0,団野大成,1:48.7,1,22.4,11.0,456(+10),[東] 高柳瑞樹,202310010108
3,8,16,クラシックステップ,牡4,57.0,北村友一,1:48.8,3/4,5.4,2.0,476(+6),[西] 安田隆行,202310010108
4,8,15,ヒルノアントラ,セ6,58.0,古川吉洋,1:49.0,1.1/4,52.6,14.0,460(0),[西] 昆貢,202310010108
5,1,2,レヴォリオ,牡5,58.0,ムルザバ,1:49.0,ハナ,10.2,4.0,490(+2),[東] 伊坂重信,202310010108
6,4,8,マイネルパリオート,牡5,58.0,丸山元気,1:49.1,1/2,11.7,7.0,474(+2),[東] 高橋裕,202310010108
7,3,5,ロードラプソディ,牡4,57.0,幸英明,1:49.2,1/2,73.4,16.0,488(+8),[西] 松下武士,202310010108
8,6,12,バルタザール,牡4,57.0,吉田隼人,1:49.3,1/2,6.2,3.0,482(-2),[西] 茶木太樹,202310010108
9,7,13,アドマイヤハイジ,牝5,53.0,今村聖奈,1:49.4,3/4,35.2,12.0,420(-6),[西] 友道康夫,202310010108
10,4,7,オメガデラックス,セ6,58.0,野中悠太,1:49.4,ハナ,4.9,1.0,436(-4),[西] 安田翔伍,202310010108
11,2,4,ウインアステロイド,牡6,58.0,松岡正海,1:49.5,クビ,61.6,15.0,476(+10),[東] 和田正一,202310010108
12,1,1,エヴィダンシア,牡4,54.0,鷲頭虎太,1:49.5,クビ,15.6,9.0,488(+4),[西] 藤原英昭,202310010108
13,5,10,タケトンボ,牝4,55.0,岩田康誠,1:50.0,2.1/2,16.8,10.0,440(+14),[西] 飯田雄三,202310010108
14,2,3,アールチャレンジ,牡4,57.0,田中勝春,1:50.0,クビ,11.0,6.0,480(+8),[西] 千田輝彦,202310010108
15,5,9,マカンマカン,牡4,57.0,松若風馬,1:50.4,2.1/2,15.1,8.0,460(+8),[西] 音無秀孝,202310010108
16,7,14,エクラノーブル,牝4,54.0,小沢大仁,1:50.6,1,42.5,13.0,436(+8),[西] 中村直也,202310010108
1,7,14,フィレンツェ,牡4,57.0,丸山元気,2:40.4,,35.3,10.0,448(0),[東] 加藤士津,202310010109
2,8,16,マケルナマサムネ,牡5,58.0,吉田隼人,2:40.4,ハナ,7.1,4.0,470(0),[西] 杉山佳明,202310010109
3,6,11,ゼンノインヴォーク,牡4,57.0,富田暁,2:40.7,2,8.9,6.0,454(+12),[西] 四位洋文,202310010109
4,5,9,エスポワールミノル,牡6,58.0,藤岡康太,2:40.8,3/4,4.5,1.0,524(+4),[西] 本田優,202310010109
5,4,8,アスカノミライ,牡5,58.0,西村淳也,2:40.8,ハナ,20.0,9.0,532(+10),[西] 川村禎彦,202310010109
6,6,12,ヴィルトブリーゼ,牝4,55.0,菊沢一樹,2:41.1,1.3/4,8.2,5.0,432(-4),[東] 古賀慎明,202310010109
7,7,13,ウインマイルート,牡4,57.0,松岡正海,2:41.5,2.1/2,10.0,7.0,456(+14),[東] 鈴木慎太,202310010109
8,1,2,ダノンフロンティア,牡4,57.0,藤岡佑介,2:41.8,2,5.1,2.0,498(+12),[西] 中内田充,202310010109
9,2,4,ヒルノロワール,牡4,57.0,亀田温心,2:42.0,1.1/2,89.1,13.0,486(0),[西] 北出成人,202310010109
10,4,7,キュンストラー,牝5,56.0,黛弘人,2:42.1,1/2,14.5,8.0,400(+6),[東] 松永康利,202310010109
11,5,10,クリノイヴァンカ,牝7,56.0,和田翼,2:42.3,1.1/4,252.5,16.0,468(-10),[西] 谷潔,202310010109
12,3,5,ラフダイヤモンド,牝6,56.0,松若風馬,2:42.7,2.1/2,103.6,14.0,474(-14),[西] 高橋康之,202310010109
13,2,3,マンクスホップ,牝4,55.0,北村友一,2:42.8,1/2,51.1,11.0,442(-2),[西] 松永幹夫,202310010109
14,3,6,マイネルカグラ,牡4,57.0,丹内祐次,2:43.4,3.1/2,60.5,12.0,520(+28),[東] 相沢郁,202310010109
15,8,15,アテンパーティ,牡4,57.0,幸英明,2:43.4,クビ,202.1,15.0,448(+6),[西] 谷潔,202310010109
16,1,1,コナブラック,牡4,57.0,ムルザバ,2:43.9,3,6.5,3.0,508(-4),[西] 清水久詞,202310010109
1,8,16,メタルゴッド,牝4,55.0,幸英明,1:43.7,,8.0,4.0,444(-6),[西] 矢作芳人,202310010110
2,4,7,メイショウホマレ,牝4,55.0,小沢大仁,1:43.7,アタマ,4.3,2.0,458(-4),[西] 松永昌博,202310010110
3,6,12,コンスタンティン,牝4,55.0,吉田隼人,1:43.8,1/2,4.2,1.0,468(-6),[西] 石坂公一,202310010110
4,3,6,メイショウハナモモ,牝5,56.0,浜中俊,1:43.9,1/2,39.6,13.0,462(-4),[西] 松永昌博,202310010110
5,2,4,ドローム,牝5,56.0,森裕太朗,1:43.9,クビ,20.9,8.0,468(-6),[西] 飯田雄三,202310010110
6,5,10,スマートムーラン,牝4,55.0,秋山真一,1:43.9,ハナ,12.7,6.0,454(+2),[西] 大久保龍,202310010110
7,3,5,ジュリエットパール,牝5,56.0,菊沢一樹,1:44.1,1.1/4,8.1,5.0,478(+6),[西] 西村真幸,202310010110
8,1,1,ペイシャオウユー,牝5,56.0,黛弘人,1:44.4,1.1/2,22.4,9.0,472(+4),[東] 石栗龍彦,202310010110
9,6,11,ラフリッグフェル,牝6,56.0,西村淳也,1:44.5,3/4,65.9,14.0,438(0),[西] 寺島良,202310010110
10,5,9,カラレーション,牝5,56.0,ムルザバ,1:44.6,1/2,7.7,3.0,426(-8),[西] 松下武士,202310010110
11,7,14,デルマセドナ,牝4,55.0,藤岡康太,1:44.6,ハナ,34.6,12.0,472(+2),[西] 田中克典,202310010110
12,2,3,リファインドマナー,牝5,56.0,川又賢治,1:44.6,アタマ,25.6,10.0,454(+10),[西] 杉山佳明,202310010110
13,1,2,メデタシメデタシ,牝6,56.0,古川吉洋,1:44.7,クビ,180.2,16.0,472(+14),[東] 古賀慎明,202310010110
14,4,8,スミ,牝4,55.0,角田大和,1:44.9,1.1/4,13.8,7.0,468(+4),[西] 高橋亮,202310010110
15,7,13,マテンロウルビー,牝5,56.0,今村聖奈,1:45.0,クビ,27.2,11.0,448(-10),[西] 野中賢二,202310010110
16,8,15,レアシャンパーニュ,牝5,56.0,松若風馬,1:45.0,クビ,85.1,15.0,472(+18),[西] 音無秀孝,202310010110
1,1,2,ウインピクシス,牝4,53.0,松岡正海,1:47.3,,8.8,5.0,448(+2),[東] 上原博之,202310010111
2,1,1,リューベック,牡4,57.0,吉田隼人,1:47.4,1/2,5.5,3.0,506(+20),[西] 須貝尚介,202310010111
3,5,10,タガノパッション,牝5,55.0,浜中俊,1:47.5,3/4,8.2,4.0,478(-2),[西] 武幸四郎,202310010111
4,3,5,アナゴサン,牡5,57.0,岩田康誠,1:47.6,3/4,5.1,2.0,468(-10),[西] 牧田和弥,202310010111
5,3,6,ストロングウィル,牡4,56.0,西村淳也,1:47.8,1.1/4,4.8,1.0,486(0),[西] 橋口慎介,202310010111
6,2,3,イリマ,牝5,53.0,藤岡康太,1:47.9,クビ,27.2,10.0,466(+16),[西] 高橋亮,202310010111
7,7,13,アウスヴァール,セ5,57.0,古川吉洋,1:47.9,アタマ,17.3,8.0,490(-6),[西] 昆貢,202310010111
8,6,11,シャイニングフジ,牝5,54.0,富田暁,1:47.9,ハナ,15.4,7.0,490(-12),[西] 笹田和秀,202310010111
9,6,12,レヴェッツァ,セ5,55.0,団野大成,1:48.1,1.1/4,35.0,12.0,476(-16),[西] 斉藤崇史,202310010111
10,8,15,ワールドスケール,牡6,55.0,藤岡佑介,1:48.4,1.3/4,104.5,15.0,482(+22),[西] 野中賢二,202310010111
11,8,16,ブルーロワイヤル,セ4,56.0,角田大和,1:48.4,クビ,9.3,6.0,520(-6),[西] 音無秀孝,202310010111
12,2,4,シャンブル,牝5,54.0,川又賢治,1:48.5,クビ,56.1,14.0,490(-2),[西] 吉村圭司,202310010111
13,4,8,エターナルヴィテス,牡7,53.0,田中勝春,1:48.9,2.1/2,159.9,16.0,480(-4),[東] 松山将樹,202310010111
14,7,14,ウィンドリッパー,牡5,55.0,ムルザバ,1:48.9,クビ,30.2,11.0,486(+4),[西] 清水久詞,202310010111
15,5,9,ストゥーティ,牝5,55.0,北村友一,1:49.0,クビ,21.1,9.0,438(-2),[西] 奥村豊,202310010111
16,4,7,ルース,牝5,55.0,幸英明,1:49.5,3,35.1,13.0,494(0),[西] 池添兼雄,202310010111
1,1,2,ブランデーロック,牡4,58.0,幸英明,1:09.3,,6.4,4.0,476(+4),[東] 小桧山悟,202310010112
2,2,4,メイショウグラニー,牝4,56.0,藤岡佑介,1:09.4,3/4,10.1,6.0,462(+14),[西] 藤岡健一,202310010112
3,3,5,ポルタフォルトゥナ,牝4,56.0,丸山元気,1:09.5,3/4,22.0,9.0,458(-10),[東] 土田稔,202310010112
4,6,12,タムロキュラムン,牝4,52.0,永島まな,1:09.6,1/2,33.2,13.0,456(+16),[西] 西園正都,202310010112
5,8,16,ヤマニンアンフィル,牝4,56.0,団野大成,1:09.6,クビ,8.6,5.0,464(-8),[西] 斉藤崇史,202310010112
6,2,3,ラヴォルタ,牝5,56.0,ムルザバ,1:09.7,クビ,4.6,1.0,500(+4),[東] 田村康仁,202310010112
7,6,11,デルマヤクシ,牡5,58.0,藤岡康太,1:09.7,クビ,19.3,8.0,462(0),[西] 田中克典,202310010112
8,5,10,ポメランチェ,牝4,53.0,今村聖奈,1:09.9,1.1/4,28.5,11.0,398(-6),[西] 牧田和弥,202310010112
9,4,8,メイショウヒゾッコ,牝5,55.0,小沢大仁,1:09.9,ハナ,148.7,17.0,420(+6),[西] 石橋守,202310010112
10,1,1,プラウドルック,牝5,56.0,岩田康誠,1:10.0,1/2,26.1,10.0,456(-4),[西] 茶木太樹,202310010112
11,3,6,ユナイテッドハーツ,牡5,55.0,佐々木大,1:10.1,1/2,127.8,15.0,440(0),[東] 新開幸一,202310010112
12,8,17,イラーレ,牝4,55.0,亀田温心,1:10.2,1/2,5.2,2.0,444(+4),[西] 北出成人,202310010112
13,5,9,メイケイバートン,牡4,57.0,角田大和,1:10.2,クビ,6.4,3.0,472(+4),[西] 中竹和也,202310010112
14,7,14,コイニオチテ,牡4,58.0,松若風馬,1:10.3,3/4,106.3,14.0,510(+9),[西] 森秀行,202310010112
15,7,15,アドヴァイス,牝4,56.0,吉田隼人,1:10.3,アタマ,31.5,12.0,478(+24),[西] 石坂公一,202310010112
16,4,7,サッポロゲッカオウ,牡4,58.0,富田暁,1:10.4,クビ,130.0,16.0,454(0),[西] 武英智,202310010112
17,8,18,フィルムスコア,牝5,56.0,北村友一,1:10.4,アタマ,19.2,7.0,450(-6),[西] 平田修,202310010112
18,7,13,アランチオーネ,牝7,52.0,古川奈穂,1:11.8,8,183.1,18.0,432(-22),[東] 高橋裕,202310010112
1,5,8,ミッキーマカロン,牝3,50.0,永島まな,1:45.3,,3.1,1.0,444(+10),[西] 大久保龍,202310010201
2,7,11,パラディ,牝3,54.0,藤岡康太,1:45.4,1,3.5,2.0,480(-10),[西] 四位洋文,202310010201
3,2,2,アナベルヒマワリ,牝3,53.0,角田大和,1:45.8,2.1/2,4.1,3.0,442(0),[西] 渡辺薫彦,202310010201
4,5,7,テイケイヴィーノ,牝3,54.0,田中健,1:46.6,5,26.2,7.0,432(+6),[西] 荒川義之,202310010201
5,6,9,グッドハビッツ,牝3,54.0,丹内祐次,1:46.9,1.1/2,11.4,5.0,408(-2),[西] 吉田直弘,202310010201
6,8,14,ポピュラーダンサー,牝3,51.0,鷲頭虎太,1:46.9,アタマ,97.1,14.0,448(+4),[西] 加用正,202310010201
7,8,13,シュテルンロット,牝3,51.0,今村聖奈,1:47.2,2,29.8,9.0,438(+4),[西] 奥村豊,202310010201
8,1,1,ミスフライデー,牝3,54.0,幸英明,1:47.3,クビ,11.1,4.0,440(0),[西] 浜田多実,202310010201
9,3,3,マグノリアレーン,牝3,51.0,佐々木大,1:47.4,1,65.0,13.0,426(+2),[東] 新開幸一,202310010201
10,4,5,ラプンタ,牝3,52.0,小林凌大,1:47.5,クビ,58.6,12.0,444(+4),[東] 小島茂之,202310010201
11,6,10,クルチェット,牝3,54.0,岩田康誠,1:47.5,クビ,25.0,6.0,434(-6),[西] 辻野泰之,202310010201
12,7,12,ヴィヴラガレット,牝3,54.0,鮫島良太,1:47.6,クビ,37.1,10.0,430(0),[西] 宮徹,202310010201
13,3,4,リーフカレント,牝3,54.0,菊沢一樹,1:48.6,6,28.0,8.0,444(0),[東] 菊沢隆徳,202310010201
14,4,6,トゥルブレンツ,牝3,54.0,西村淳也,1:51.0,大,48.7,11.0,414(-2),[西] 須貝尚介,202310010201
1,4,8,ユカリプレリュード,牝3,52.0,藤田菜七,1:09.1,,7.1,4.0,486(-6),[東] 根本康広,202310010202
2,6,11,ステークホルダー,牡3,56.0,藤岡佑介,1:09.3,1,4.6,1.0,450(-14),[東] 斎藤誠,202310010202
3,2,4,サンタアナテソーロ,牝3,52.0,原優介,1:09.9,3.1/2,5.5,3.0,390(-4),[東] 栗田徹,202310010202
4,6,12,エルディアナ,牝3,54.0,北村友一,1:09.9,クビ,5.4,2.0,400(-4),[西] 渡辺薫彦,202310010202
5,5,9,ピンポンマム,牝3,54.0,丹内祐次,1:10.3,2.1/2,40.4,12.0,414(-14),[東] 青木孝文,202310010202
6,5,10,カンチェンジュンガ,牡3,53.0,今村聖奈,1:10.3,アタマ,9.2,5.0,470(0),[西] 庄野靖志,202310010202
7,8,17,ロスマリンブルー,牝3,54.0,松若風馬,1:10.4,3/4,74.5,13.0,460(-4),[西] 音無秀孝,202310010202
8,1,2,コロネット,牝3,53.0,泉谷楓真,1:10.5,1/2,161.6,15.0,412(-4),[西] 飯田雄三,202310010202
9,7,15,ベストバディ,牝3,54.0,岩田康誠,1:10.6,クビ,11.0,6.0,386(+2),[東] 牧光二,202310010202
10,3,6,ラピッドクイーン,牝3,50.0,永島まな,1:10.7,1/2,17.6,9.0,432(-8),[西] 高橋義忠,202310010202
10,4,7,スクリプタム,牝3,54.0,原田和真,1:10.7,同着,224.0,17.0,466(0),[東] 小桧山悟,202310010202
12,1,1,ベルボールドナイン,牡3,56.0,勝浦正樹,1:10.7,クビ,22.1,10.0,468(0),[東] 菊沢隆徳,202310010202
13,8,18,サカジロレインボー,牝3,54.0,荻野極,1:11.0,1.3/4,104.4,14.0,412(+12),[西] 高橋康之,202310010202
14,7,14,オーケードラゴン,牡3,56.0,ムルザバ,1:11.2,1.1/4,14.6,7.0,446(-6),[西] 杉山佳明,202310010202
15,3,5,シゲルダンガン,牡3,56.0,酒井学,1:11.3,1/2,15.2,8.0,504(-4),[西] 谷潔,202310010202
16,8,16,テナシティー,牝3,54.0,幸英明,1:11.5,1.1/4,31.2,11.0,456(+6),[西] 中村直也,202310010202
17,7,13,ワイワイスマイル,牡3,53.0,水沼元輝,1:11.8,2,457.3,18.0,480(+4),[東] 天間昭一,202310010202
18,2,3,アシリパ,牝3,53.0,松本大輝,1:12.6,5,175.8,16.0,452(+16),[西] 武英智,202310010202
1,4,5,プリティインピンク,牝5,56.0,菊沢一樹,0:57.7,,6.2,3.0,430(-6),[東] 小手川準,202310010203
2,3,3,アカザ,牝4,56.0,丹内祐次,0:57.8,3/4,8.6,5.0,436(0),[東] 伊坂重信,202310010203
3,4,6,デルマシルフ,牝4,53.0,鷲頭虎太,0:58.4,3.1/2,11.0,6.0,458(+5),[西] 畑端省吾,202310010203
4,7,12,クインズプリーズ,牝4,56.0,藤岡康太,0:58.7,1.3/4,4.6,2.0,432(-14),[西] 吉岡辰弥,202310010203
5,3,4,エコロワカ,牝5,55.0,松本大輝,0:58.7,ハナ,25.9,10.0,454(-4),[東] 深山雅史,202310010203
6,8,13,ノアファンタジー,牝5,55.0,秋山稔樹,0:58.8,3/4,33.7,11.0,494(+6),[東] 大江原哲,202310010203
7,2,2,フウゲツムヘン,牝4,53.0,佐々木大,0:58.8,ハナ,64.7,12.0,428(-4),[東] 新開幸一,202310010203
8,8,14,メリヴェイユ,牝4,54.0,小林凌大,0:59.0,3/4,19.8,8.0,442(-2),[東] 伊藤圭三,202310010203
9,6,10,ワンエルメス,牝4,56.0,岩田康誠,0:59.1,1/2,6.4,4.0,468(+2),[東] 大和田成,202310010203
10,1,1,エヴァジョーネ,牝6,52.0,永島まな,0:59.2,1/2,14.7,7.0,434(0),[東] 堀内岳志,202310010203
11,7,11,ナムラデイリリー,牝4,56.0,酒井学,0:59.3,1,3.8,1.0,470(-6),[西] 大橋勇樹,202310010203
12,5,7,ミッキーレタス,牝4,53.0,今村聖奈,1:00.0,4,25.7,9.0,480(-8),[西] 高橋亮,202310010203
13,6,9,ハイレリーフ,牝5,56.0,黛弘人,1:00.0,クビ,109.3,13.0,462(+12),[東] 菊川正達,202310010203
14,5,8,エスペシャルストア,牝4,53.0,大久保友,1:00.3,1.3/4,155.8,14.0,406(-18),[西] 村山明,202310010203
1,5,5,スリーケイエヌ,牡5,60.0,北沢伸也,3:13.3,,4.0,1.0,470(-4),[西] 藤沢則雄,202310010204
2,5,6,スマートルミエール,牡6,60.0,五十嵐雄,3:13.5,3/4,9.7,7.0,446(-2),[東] 高橋文雅,202310010204
3,8,11,イロゴトシ,牡6,60.0,黒岩悠,3:13.8,1.3/4,5.9,3.0,478(+2),[西] 牧田和弥,202310010204
4,4,4,カサデガ,牡5,57.0,小牧加矢,3:14.1,1.3/4,6.3,4.0,458(+6),[西] 寺島良,202310010204
5,6,7,デザートスター,セ4,59.0,石神深一,3:14.2,3/4,7.0,5.0,458(-4),[東] 武井亮,202310010204
6,8,12,ワンダークローバー,牡5,60.0,難波剛健,3:15.5,8,41.2,11.0,480(+14),[西] 森田直行,202310010204
7,7,9,アサクサトラマル,牡5,60.0,蓑島靖典,3:15.8,2,38.5,10.0,456(-6),[東] 戸田博文,202310010204
7,7,10,ニホンピロマドン,牡8,60.0,中村将之,3:15.8,同着,17.3,8.0,530(+8),[西] 服部利之,202310010204
9,6,8,オーホンブリック,牡5,60.0,森一馬,3:15.8,ハナ,5.7,2.0,512(+20),[西] 吉村圭司,202310010204
10,2,2,ウェイマーク,牝4,57.0,草野太郎,3:16.4,3.1/2,30.2,9.0,496(+8),[東] 宮田敬介,202310010204
11,3,3,テーオーコンドル,セ4,59.0,西谷誠,3:19.4,大,8.9,6.0,456(-2),[西] 宮徹,202310010204
12,1,1,ドリームウィーバー,牡5,60.0,江田勇亮,3:19.9,2.1/2,189.8,12.0,480(-2),[東] 伊藤伸一,202310010204
1,1,2,テーオーヴァイナー,牡3,56.0,藤岡康太,1:09.9,,7.8,4.0,490(0),[西] 藤岡健一,202310010205
2,6,12,ジャミーレ,牝3,54.0,団野大成,1:10.1,1.1/2,2.9,1.0,468(0),[西] 斉藤崇史,202310010205
3,8,18,アスクダイアムーン,牡3,56.0,浜中俊,1:10.2,3/4,7.2,2.0,496(0),[西] 武幸四郎,202310010205
4,7,14,レイレフア,牝3,54.0,丹内祐次,1:10.5,1.1/2,22.5,8.0,450(0),[東] 加藤士津,202310010205
5,5,10,キャリーハピネス,牡3,56.0,ムルザバ,1:10.8,2,7.2,3.0,460(0),[西] 清水久詞,202310010205
6,5,9,ハクサンミニョン,牝3,54.0,酒井学,1:11.2,2.1/2,8.1,5.0,440(0),[西] 高橋康之,202310010205
7,1,1,ロゼアクアリオ,牝3,53.0,亀田温心,1:11.2,クビ,30.8,11.0,392(0),[西] 高柳大輔,202310010205
8,7,13,ウィンザーロア,牡3,56.0,藤岡佑介,1:11.4,1.1/2,14.2,6.0,486(0),[西] 矢作芳人,202310010205
9,2,4,ランドヴァッサー,牝3,54.0,岩田康誠,1:11.5,クビ,28.6,10.0,410(0),[西] 牧田和弥,202310010205
10,8,16,ロンスアンドロンス,牡3,53.0,今村聖奈,1:11.7,1.1/4,44.1,12.0,444(0),[西] 松永昌博,202310010205
11,7,15,ショウナンタバルア,牡3,56.0,菱田裕二,1:11.8,3/4,80.3,14.0,410(0),[西] 高橋義忠,202310010205
12,6,11,ファルマリン,牝3,54.0,西村淳也,1:12.1,1.3/4,47.7,13.0,416(0),[西] 森田直行,202310010205
13,2,3,ニホンピロベイリー,牝3,51.0,鷲頭虎太,1:12.1,クビ,146.0,18.0,430(0),[西] 服部利之,202310010205
14,4,7,メイショウオオミネ,牡3,55.0,角田大和,1:12.3,1,14.5,7.0,450(0),[西] 石橋守,202310010205
15,3,5,ペルセ,牡3,56.0,水口優也,1:12.4,1/2,103.8,16.0,484(0),[西] 池添兼雄,202310010205
16,3,6,カワカミエレガンス,牝3,50.0,永島まな,1:12.6,1.1/4,24.1,9.0,418(0),[西] 本田優,202310010205
17,4,8,スキダッチ,牝3,54.0,荻野琢真,1:12.9,2,126.8,17.0,424(0),[西] 小林真也,202310010205
18,8,17,サンライズクリード,牡3,56.0,幸英明,1:12.9,ハナ,91.0,15.0,464(0),[西] 浜田多実,202310010205
1,5,8,ホウオウスーペリア,牡3,56.0,西村淳也,1:49.2,,3.5,1.0,454(+6),[西] 吉岡辰弥,202310010206
2,3,4,トーセンアウローラ,牡3,56.0,丹内祐次,1:49.2,クビ,4.3,3.0,468(+22),[東] 尾形和幸,202310010206
3,6,9,サンライズタイソン,牡3,56.0,北村友一,1:49.4,1.1/4,62.8,10.0,424(-2),[西] 平田修,202310010206
4,3,3,ワカタツフェイス,牝3,54.0,幸英明,1:49.6,1,6.6,4.0,456(+8),[西] 森田直行,202310010206
5,1,1,フルラインナップ,牡3,54.0,小林凌大,1:50.0,2.1/2,80.7,12.0,452(+2),[東] 小島茂之,202310010206
6,6,10,ネザーランドリマ,牝3,52.0,原優介,1:50.2,1.1/4,40.2,8.0,414(+2),[東] 小桧山悟,202310010206
7,8,13,チアーズ,牝3,54.0,岩田康誠,1:50.3,クビ,3.6,2.0,478(-4),[西] 杉山晴紀,202310010206
8,4,5,トーセンサウダージ,牡3,56.0,勝浦正樹,1:50.9,3.1/2,8.3,5.0,494(+8),[東] 杉浦宏昭,202310010206
9,7,11,フェリシエンヌ,牝3,54.0,荻野琢真,1:51.6,4,148.3,14.0,418(+4),[西] 小林真也,202310010206
10,5,7,ウワサノアノコ,牝3,54.0,黛弘人,1:51.8,1.1/2,134.6,13.0,420(0),[東] 石栗龍彦,202310010206
11,8,14,マサハヤヴァンス,牝3,50.0,永島まな,1:51.8,アタマ,40.2,9.0,426(+8),[西] 中尾秀正,202310010206
12,4,6,オーケーボニータ,牝3,54.0,団野大成,1:52.4,3.1/2,20.5,6.0,486(-8),[西] 奥村豊,202310010206
13,7,12,トゥルーキーノ,牡3,56.0,松岡正海,1:59.8,大,69.0,11.0,452(+6),[東] 堀内岳志,202310010206
14,2,2,シュタイナー,牡3,56.0,荻野極,2:01.0,7,24.7,7.0,456(-6),[西] 池江泰寿,202310010206
1,8,12,エバーシャドネー,牝4,55.0,藤岡佑介,2:01.6,,1.8,1.0,450(+2),[西] 藤岡健一,202310010207
2,7,10,ベッラアルバ,牝4,54.0,角田大和,2:01.6,1/2,16.5,6.0,458(-2),[西] 中竹和也,202310010207
3,8,13,タンジェリンムーン,牝6,56.0,ムルザバ,2:01.7,アタマ,21.9,7.0,454(+2),[西] 松永昌博,202310010207
4,6,8,エレフセリア,牝5,56.0,丹内祐次,2:01.7,クビ,35.4,8.0,448(-2),[東] 武藤善則,202310010207
5,4,4,ラスマドレス,牝4,55.0,岩田康誠,2:01.8,1/2,5.8,2.0,456(+4),[西] 安田隆行,202310010207
6,5,6,サトノヴィーナス,牝6,56.0,北村友一,2:02.1,1.3/4,10.0,5.0,484(+8),[西] 平田修,202310010207
7,6,9,ポルテーニャ,牝4,55.0,小崎綾也,2:02.2,1/2,144.2,12.0,436(+4),[西] 西村真幸,202310010207
8,1,1,サトノリーベ,牝4,55.0,西村淳也,2:02.5,1.1/2,7.1,3.0,436(0),[西] 藤原英昭,202310010207
9,2,2,ネージュプドルーズ,牝4,52.0,今村聖奈,2:02.7,1.1/4,65.0,10.0,416(0),[東] 尾関知人,202310010207
10,7,11,ウインメイユール,牝5,56.0,黛弘人,2:02.8,1,123.7,11.0,426(+2),[東] 青木孝文,202310010207
11,4,5,ジェラペッシュ,牝6,54.0,原優介,2:02.9,1/2,182.3,13.0,452(-2),[東] 南田美知,202310010207
12,3,3,レディーシス,牝4,55.0,藤岡康太,2:03.3,2.1/2,63.7,9.0,416(0),[西] 小崎憲,202310010207
13,5,7,ダイシンビヨンド,牝4,55.0,松若風馬,2:03.8,2.1/2,8.3,4.0,466(+18),[西] 梅田智之,202310010207
1,2,4,サンライズジャスト,牡4,57.0,藤岡康太,1:43.2,,4.6,2.0,532(-2),[西] 羽月友彦,202310010208
2,4,8,トップスターサン,牡5,58.0,団野大成,1:43.3,クビ,4.0,1.0,518(+4),[西] 四位洋文,202310010208
3,3,5,スペクトログラム,牡4,57.0,ムルザバ,1:43.6,1.3/4,5.4,3.0,494(0),[西] 池江泰寿,202310010208
4,7,14,キングレリック,牡4,57.0,松若風馬,1:43.7,1/2,5.7,4.0,518(-6),[西] 高野友和,202310010208
5,3,6,クリノパイソン,セ5,55.0,佐々木大,1:43.8,1,30.1,10.0,478(0),[東] 蛯名利弘,202310010208
6,6,11,エアフォースワン,牡4,57.0,菱田裕二,1:44.1,1.1/2,11.7,6.0,458(-4),[西] 大根田裕,202310010208
7,8,15,サンライズスコール,牡4,57.0,幸英明,1:44.2,3/4,27.8,9.0,460(+10),[西] 石坂公一,202310010208
8,7,13,グッドフェイス,牡4,56.0,松本大輝,1:44.3,3/4,12.6,7.0,480(+2),[西] 松下武士,202310010208
9,4,7,フリークボンバー,牡6,57.0,角田大和,1:44.6,1.3/4,11.0,5.0,490(+6),[西] 岡田稲男,202310010208
10,1,2,レッドアウレア,セ5,58.0,黛弘人,1:44.7,1/2,126.2,13.0,492(+4),[東] 尾関知人,202310010208
11,1,1,ブレイクザアイス,牡4,57.0,勝浦正樹,1:44.9,1,19.9,8.0,468(+18),[東] 高橋裕,202310010208
12,5,10,オーマイオーマイ,牡6,58.0,小崎綾也,1:45.0,1/2,63.5,11.0,478(0),[西] 小崎憲,202310010208
13,8,16,クリノザウルス,牡5,57.0,秋山稔樹,1:45.2,1.1/4,266.2,16.0,486(0),[東] 本間忍,202310010208
14,2,3,マグナムハート,牡5,58.0,菊沢一樹,1:45.4,1.1/4,205.2,14.0,514(+2),[東] 浅野洋一,202310010208
15,6,12,コウエイキズナ,牡4,57.0,西村淳也,1:45.8,2.1/2,68.6,12.0,502(+10),[西] 新谷功一,202310010208
16,5,9,メイマックス,セ4,57.0,丹内祐次,1:46.6,5,214.2,15.0,470(+10),[東] 和田正一,202310010208
1,6,12,バンデルオーラ,牡4,58.0,浜中俊,1:09.1,,5.6,3.0,478(+8),[西] 牧浦充徳,202310010209
2,7,15,ウインモナーク,牡4,58.0,松岡正海,1:09.1,ハナ,3.3,1.0,496(+16),[東] 奥平雅士,202310010209
3,6,11,トーセンサンダー,牡4,58.0,勝浦正樹,1:09.3,1,8.7,4.0,470(-18),[東] 杉浦宏昭,202310010209
4,5,9,ジュストコル,牡5,58.0,丸山元気,1:09.4,1/2,17.6,8.0,522(+16),[西] 大久保龍,202310010209
5,4,7,マイネルレノン,牡4,58.0,泉谷楓真,1:09.6,1.1/4,13.3,6.0,472(+2),[西] 宮徹,202310010209
6,8,16,サニーオーシャン,セ5,58.0,幸英明,1:09.6,アタマ,219.6,16.0,454(+4),[東] 中野栄治,202310010209
7,2,3,オードゥメール,牝4,56.0,藤岡佑介,1:09.8,1.1/4,30.3,10.0,466(+6),[東] 斎藤誠,202310010209
8,8,18,エテルナメンテ,牝4,56.0,野中悠太,1:09.8,クビ,94.9,14.0,466(+2),[東] 小島茂之,202310010209
9,7,14,サクセスハーモニー,牝6,56.0,菱田裕二,1:09.9,クビ,353.6,18.0,442(-6),[東] 久保田貴,202310010209
10,1,2,ハギノモーリス,牡4,58.0,松若風馬,1:10.0,1/2,10.7,5.0,470(-8),[西] 高野友和,202310010209
11,2,4,ゼットレヨン,牡4,58.0,酒井学,1:10.0,ハナ,29.9,9.0,474(-4),[西] 吉田直弘,202310010209
12,8,17,ミズノコキュウ,牝4,56.0,丹内祐次,1:10.1,1,81.0,13.0,424(+4),[東] 水野貴広,202310010209
13,1,1,ショウナンマッハ,牡4,58.0,岩田康誠,1:10.2,クビ,4.8,2.0,504(+2),[西] 茶木太樹,202310010209
14,4,8,メルヴィル,牝4,56.0,北村友一,1:10.3,1/2,17.6,7.0,432(+4),[西] 音無秀孝,202310010209
15,7,13,ステラダイヤ,牝5,56.0,藤岡康太,1:10.3,アタマ,131.3,15.0,498(+2),[東] 高柳瑞樹,202310010209
16,5,10,チャイカ,牝6,56.0,西村淳也,1:10.5,1.1/4,31.3,11.0,478(+2),[西] 今野貞一,202310010209
17,3,5,セリノーフォス,牝4,56.0,荻野極,1:10.6,3/4,32.6,12.0,466(+2),[西] 本田優,202310010209
18,3,6,ミキノバスドラム,牡5,58.0,原優介,1:11.3,4,230.5,17.0,504(0),[東] 南田美知,202310010209
1,7,12,テーオーシリウス,牡5,58.0,藤岡佑介,1:48.4,,18.8,8.0,470(+6),[西] 奥村豊,202310010210
2,5,9,エニシノウタ,牝5,56.0,藤田菜七,1:48.5,1/2,11.5,5.0,452(0),[西] 笹田和秀,202310010210
3,3,4,ジュンブルースカイ,牡5,58.0,西村淳也,1:48.5,ハナ,2.8,1.0,448(-4),[西] 友道康夫,202310010210
4,8,15,スウィートブルーム,牝5,56.0,丸山元気,1:48.7,1.1/4,40.8,11.0,432(-2),[東] 和田雄二,202310010210
5,7,13,メイショウカクウン,牡8,58.0,団野大成,1:48.7,アタマ,105.9,13.0,464(-4),[西] 石橋守,202310010210
6,4,6,マイネルダグラス,牡5,58.0,丹内祐次,1:48.7,ハナ,25.5,10.0,514(0),[東] 相沢郁,202310010210
7,5,8,サウンドウォリアー,牡5,58.0,幸英明,1:48.7,アタマ,5.5,2.0,496(-6),[西] 高橋康之,202310010210
8,2,2,シューラヴァラ,牡5,58.0,ムルザバ,1:49.0,1.3/4,19.5,9.0,466(0),[西] 川村禎彦,202310010210
9,6,11,シティレインボー,牡5,58.0,菱田裕二,1:49.2,1.1/4,14.5,6.0,480(-2),[西] 池添兼雄,202310010210
10,3,5,ホウオウジョルノ,牡5,58.0,野中悠太,1:49.3,1,6.1,3.0,464(-10),[西] 安田翔伍,202310010210
11,4,7,ケルンキングダム,セ7,58.0,小崎綾也,1:49.4,1/2,173.4,15.0,452(-4),[西] 小崎憲,202310010210
12,8,14,シゲルローズマリー,牡4,57.0,岩田康誠,1:49.6,1,7.5,4.0,474(+2),[西] 渡辺薫彦,202310010210
13,6,10,シーリアスラブ,牡7,58.0,荻野極,1:49.7,1,57.0,12.0,466(+8),[西] 杉山佳明,202310010210
14,1,1,ヴェルザスカ,牝6,56.0,松若風馬,1:49.9,1.1/4,17.9,7.0,452(0),[西] 今野貞一,202310010210
15,2,3,マイネルアルザス,牡4,57.0,松岡正海,1:50.6,4,157.1,14.0,466(+2),[東] 菊川正達,202310010210
1,6,9,ロッシュローブ,牡6,57.0,浜中俊,1:42.0,,11.9,5.0,506(-2),[西] 田中克典,202310010211
2,6,10,アラジンバローズ,セ6,58.0,西村淳也,1:42.1,3/4,3.7,1.0,480(-4),[西] 中内田充,202310010211
3,5,7,ブリッツファング,牡4,57.0,秋山真一,1:42.3,1.1/4,4.4,3.0,478(+12),[西] 大久保龍,202310010211
4,5,8,クリノフラッシュ,牝8,56.0,藤岡佑介,1:42.6,2,50.5,11.0,446(-4),[西] 橋田満,202310010211
5,4,5,ダノンファスト,牡6,60.0,菊沢一樹,1:42.7,1/2,15.4,7.0,470(-2),[東] 菊沢隆徳,202310010211
6,1,1,ジャズブルース,牡4,57.0,団野大成,1:42.8,1/2,4.0,2.0,458(0),[西] 吉村圭司,202310010211
7,3,4,プリマジア,牡6,58.0,荻野極,1:42.9,1/2,170.4,14.0,468(+6),[東] 金成貴史,202310010211
8,2,2,ハギノアトラス,セ7,58.0,藤岡康太,1:43.1,1.1/4,56.6,12.0,484(+2),[西] 鮫島一歩,202310010211
9,3,3,ダンツキャッスル,牡7,60.0,菱田裕二,1:43.2,1/2,104.9,13.0,492(0),[西] 谷潔,202310010211
10,7,12,ミステリオーソ,牡6,58.0,ムルザバ,1:43.6,2.1/2,8.3,4.0,492(+4),[西] 武幸四郎,202310010211
11,7,11,ディパッセ,牡4,57.0,松若風馬,1:43.7,クビ,17.5,8.0,492(+12),[西] 高柳大輔,202310010211
12,4,6,ファシネートゼット,牝6,56.0,北村友一,1:43.9,1.1/4,49.2,10.0,482(+6),[西] 平田修,202310010211
13,8,14,ソリタリオ,牡4,56.0,岩田康誠,1:44.4,3,12.9,6.0,480(+2),[西] 西村真幸,202310010211
14,8,13,メイショウダジン,牡6,58.0,幸英明,1:44.9,3,29.5,9.0,476(-6),[西] 松永昌博,202310010211
1,7,13,ヒノクニ,牝4,53.0,今村聖奈,1:09.0,,9.5,4.0,448(0),[東] 深山雅史,202310010212
2,4,8,バトルシャイニング,牡4,57.0,泉谷楓真,1:09.0,アタマ,74.5,13.0,514(+18),[西] 本田優,202310010212
3,1,2,ダレモトメラレナイ,牝4,56.0,丹内祐次,1:09.1,1/2,3.2,1.0,480(-8),[東] 竹内正洋,202310010212
4,5,10,サミュエル,牝4,56.0,菊沢一樹,1:09.2,3/4,20.6,8.0,470(+4),[東] 菊沢隆徳,202310010212
5,6,11,ナリタローゼ,牝5,56.0,酒井学,1:09.3,クビ,3.5,2.0,480(+2),[西] 高橋亮,202310010212
6,7,14,アキバ,牝4,56.0,高倉稜,1:09.5,1.1/4,10.3,6.0,430(+2),[西] 田中克典,202310010212
7,4,7,タガノスペルノヴァ,牡5,54.0,永島まな,1:09.6,1/2,10.0,5.0,424(-10),[西] 川村禎彦,202310010212
8,8,15,ラッシュアップ,セ6,58.0,勝浦正樹,1:09.7,クビ,33.3,10.0,520(+8),[東] 金成貴史,202310010212
9,6,12,クインズコスモス,牝4,56.0,西村淳也,1:09.8,3/4,18.2,7.0,434(+4),[東] 加藤士津,202310010212
10,2,3,ファタリテ,牡7,58.0,幸英明,1:09.8,ハナ,27.4,9.0,456(+12),[西] 大根田裕,202310010212
11,2,4,エイシンディアデム,牝5,54.0,藤田菜七,1:09.8,クビ,66.3,11.0,436(-6),[東] 根本康広,202310010212
12,3,6,イチローイチロー,牡4,57.0,亀田温心,1:09.8,ハナ,106.8,15.0,430(-8),[西] 北出成人,202310010212
13,1,1,ハーディローズ,牝4,52.0,古川奈穂,1:09.8,ハナ,97.3,14.0,440(-4),[東] 土田稔,202310010212
14,5,9,ルクスランページ,牡4,55.0,大久保友,1:09.9,クビ,72.6,12.0,466(-10),[西] 村山明,202310010212
15,3,5,プルサティーラ,牝4,56.0,藤岡佑介,1:09.9,クビ,8.1,3.0,432(-4),[西] 中内田充,202310010212
16,8,16,ヨンウォニ,牝6,56.0,松岡正海,1:10.0,クビ,185.5,16.0,460(-2),[東] 伊藤伸一,202310010212
1,8,16,ツインビスケッツ,牝3,51.0,佐々木大,1:46.5,,59.2,11.0,438(-10),[東] 新開幸一,202310010301
2,4,8,エンプレスペイ,牝3,54.0,藤岡康太,1:46.6,1,5.3,3.0,436(+2),[西] 武幸四郎,202310010301
3,2,4,リグレイアー,牝3,53.0,亀田温心,1:46.8,1,12.8,5.0,464(0),[西] 北出成人,202310010301
4,6,12,レオキー,牝3,54.0,幸英明,1:46.9,1/2,4.3,2.0,478(-18),[西] 牧田和弥,202310010301
5,5,9,グァルジャー,牝3,53.0,角田大和,1:47.3,2.1/2,2.4,1.0,460(-2),[西] 吉田直弘,202310010301
6,3,5,ナウズザタイム,牝3,54.0,富田暁,1:47.4,1/2,68.3,12.0,462(-2),[西] 安田隆行,202310010301
7,8,15,ウィンウッドテール,牝3,54.0,小崎綾也,1:47.4,クビ,18.3,6.0,420(0),[西] 新谷功一,202310010301
8,1,2,キャロルビアンカ,牝3,54.0,団野大成,1:47.5,1/2,39.0,8.0,470(-10),[西] 荒川義之,202310010301
9,4,7,テキーラプリティ,牝3,50.0,永島まな,1:47.5,アタマ,35.8,7.0,482(-4),[西] 杉山佳明,202310010301
10,3,6,オシゲ,牝3,51.0,今村聖奈,1:47.5,クビ,6.8,4.0,474(-2),[西] 須貝尚介,202310010301
11,2,3,サノノタルマエ,牝3,51.0,土田真翔,1:48.3,5,46.4,9.0,450(+6),[東] 尾形和幸,202310010301
12,5,10,ブライトノート,牝3,54.0,森裕太朗,1:48.5,1.1/2,122.5,13.0,436(-20),[西] 羽月友彦,202310010301
13,7,14,ビルトインアデイ,牝3,54.0,秋山真一,1:48.7,3/4,53.2,10.0,454(-4),[西] 谷潔,202310010301
14,6,11,キープアドーラブル,牝3,51.0,鷲頭虎太,1:48.8,3/4,255.5,15.0,460(0),[西] 寺島良,202310010301
15,1,1,モンテナルス,牝3,54.0,北村友一,1:49.0,1.1/4,173.3,14.0,438(+8),[西] 中尾秀正,202310010301
16,7,13,シャイナライ,牝3,54.0,城戸義政,1:49.7,4,271.5,16.0,438(0),[東] 宗像義忠,202310010301
1,4,4,ミントマーク,牡3,56.0,ムルザバ,1:49.2,,1.6,1.0,464(-6),[西] 池添学,202310010302
2,1,1,シャイニースイフト,牡3,53.0,佐々木大,1:49.3,3/4,20.4,6.0,436(+14),[東] 菊川正達,202310010302
3,8,12,スイーツバイキング,牝3,51.0,今村聖奈,1:49.4,クビ,6.5,3.0,434(-4),[東] 大竹正博,202310010302
4,4,5,ツクヨミ,牡3,56.0,藤岡康太,1:49.4,アタマ,16.0,5.0,460(-4),[西] 坂口智康,202310010302
5,6,9,ネザーランドリマ,牝3,52.0,原優介,1:49.5,3/4,91.6,10.0,412(-2),[東] 小桧山悟,202310010302
6,2,2,ニシノカナン,牡3,56.0,勝浦正樹,1:49.5,アタマ,34.0,8.0,504(-2),[東] 杉浦宏昭,202310010302
7,3,3,メイショウケンセイ,牡3,55.0,角田大和,1:49.9,2.1/2,42.5,9.0,436(0),[西] 笹田和秀,202310010302
8,7,11,ポワンキュルミナン,牡3,56.0,幸英明,1:50.1,1.1/2,9.2,4.0,420(-6),[西] 岡田稲男,202310010302
9,7,10,ウイントルヴェール,牡3,54.0,藤田菜七,1:50.7,3.1/2,121.9,11.0,442(+16),[東] 宗像義忠,202310010302
10,6,8,レインボーウォリア,牡3,56.0,長岡禎仁,1:50.8,クビ,433.8,13.0,450(+4),[東] 伊坂重信,202310010302
11,8,13,ショウナンハルカゼ,牝3,50.0,永島まな,1:51.1,2,5.9,2.0,468(+2),[西] 清水久詞,202310010302
12,5,6,クラウンエンペラー,牡3,54.0,小林凌大,1:51.3,3/4,213.0,12.0,428(-2),[東] 田島俊明,202310010302
13,5,7,ダリオールショコラ,牝3,54.0,丹内祐次,1:51.4,1/2,33.4,7.0,426(0),[東] 栗田徹,202310010302
1,6,10,メタマックス,牡3,56.0,ムルザバ,0:58.4,,3.4,2.0,514(0),[西] 森秀行,202310010303
2,3,3,クリーデンス,牝3,51.0,佐々木大,0:58.4,アタマ,17.5,3.0,486(-8),[西] 吉村圭司,202310010303
3,7,11,コスモジョセフ,牡3,56.0,丹内祐次,0:58.9,3,22.8,4.0,468(-6),[東] 伊藤大士,202310010303
4,8,13,アイファースキャン,牡3,54.0,藤田菜七,0:58.9,アタマ,176.7,11.0,482(+8),[東] 根本康広,202310010303
5,4,5,ウォーターレモン,牡3,54.0,小林凌大,0:59.4,3,34.2,5.0,472(-4),[東] 伊藤圭三,202310010303
6,3,4,カンフーダンス,牝3,51.0,今村聖奈,0:59.5,1/2,1.3,1.0,452(0),[西] 平田修,202310010303
7,5,7,パガファンタス,牡3,55.0,角田大和,0:59.6,1/2,57.3,8.0,478(+12),[西] 角田晃一,202310010303
8,2,2,アシャカデュラン,牡3,56.0,幸英明,0:59.8,1.1/4,39.7,6.0,494(+6),[西] 大根田裕,202310010303
9,4,6,カラフルラグーン,牝3,50.0,永島まな,0:59.9,クビ,56.5,7.0,430(-6),[西] 茶木太樹,202310010303
10,5,8,ウマオト,牝3,54.0,富田暁,1:00.0,1,495.8,14.0,404(-8),[西] 川村禎彦,202310010303
11,8,14,ルクスシュナイダー,牡3,56.0,小崎綾也,1:00.2,1.1/4,131.1,10.0,482(-4),[西] 村山明,202310010303
12,6,9,ヤマニンリジッド,牡3,53.0,鷲頭虎太,1:00.5,1.1/2,241.2,12.0,476(0),[西] 石橋守,202310010303
13,7,12,シュンセツ,牝3,52.0,原優介,1:00.6,3/4,361.2,13.0,448(-4),[東] 小桧山悟,202310010303
14,1,1,ジーゲルマン,牝3,54.0,国分優作,1:00.8,1.1/2,126.6,9.0,370(+2),[西] 松下武士,202310010303
1,3,3,グレンガリー,セ8,60.0,蓑島靖典,3:08.6,,16.1,8.0,442(-6),[東] 萩原清,202310010304
2,7,9,ハーメティキスト,牡7,60.0,小野寺祐,3:09.8,7,7.8,4.0,464(-10),[東] 木村哲也,202310010304
3,6,7,ミリタリータンゴ,牡5,60.0,西谷誠,3:11.1,8,13.6,6.0,460(-4),[西] 中竹和也,202310010304
4,2,2,レディステディゴー,牡5,60.0,難波剛健,3:12.3,7,51.7,9.0,518(+6),[西] 中村直也,202310010304
5,7,10,ワイドレッジャドロ,牡6,57.0,小牧加矢,3:13.0,4,4.5,3.0,518(-8),[西] 加用正,202310010304
6,5,5,トーセンオリジン,牡6,60.0,江田勇亮,3:13.1,1/2,12.5,5.0,452(+4),[東] 和田雄二,202310010304
7,1,1,ファジュル,牡4,59.0,北沢伸也,3:16.7,大,14.9,7.0,454(+4),[西] 藤沢則雄,202310010304
8,6,8,ホウオウカトリーヌ,牝7,58.0,草野太郎,3:18.0,8,72.7,10.0,498(+8),[東] 加藤和宏,202310010304
9,8,11,クリノキングボス,牡6,60.0,伴啓太,3:32.5,大,116.8,11.0,494(+20),[東] 天間昭一,202310010304
10,8,12,ジョット,牡5,60.0,大江原圭,3:32.7,1.1/4,137.0,12.0,478(0),[東] 粕谷昌央,202310010304
中,4,4,トーセンインパルス,牡5,60.0,石神深一,,,3.9,2.0,498(+4),[東] 池上昌和,202310010304
中,5,6,ニシノガブリヨリ,牡5,60.0,五十嵐雄,,,3.1,1.0,486(-16),[東] 村田一誠,202310010304
1,6,8,ジューンベロシティ,牡5,60.0,西谷誠,3:12.4,,19.3,9.0,470(+6),[西] 武英智,202310010305
2,8,11,グレートバローズ,牡6,60.0,小坂忠士,3:12.7,1.1/2,8.2,4.0,488(+10),[西] 辻野泰之,202310010305
3,8,12,ポートロイヤル,セ7,60.0,伴啓太,3:13.3,4,12.6,8.0,472(+10),[東] 高柳瑞樹,202310010305
4,7,10,アストラエンブレム,セ10,60.0,北沢伸也,3:13.4,クビ,9.0,5.0,486(0),[東] 小島茂之,202310010305
5,1,1,ニューツーリズム,セ7,62.0,小野寺祐,3:14.0,3.1/2,9.4,6.0,502(-6),[東] 黒岩陽一,202310010305
6,4,4,タマモワカムシャ,セ4,57.0,小牧加矢,3:14.0,クビ,9.7,7.0,476(+6),[西] 五十嵐忠,202310010305
7,5,6,モーガン,牡5,60.0,平沢健治,3:14.5,3,24.2,10.0,488(0),[西] 橋口慎介,202310010305
8,6,7,ファルヴォーレ,牡5,60.0,難波剛健,3:14.6,1,5.0,2.0,464(+12),[西] 高橋義忠,202310010305
9,5,5,デストロイ,セ9,60.0,蓑島靖典,3:15.1,2.1/2,55.1,12.0,508(+2),[東] 高橋裕,202310010305
10,3,3,アンブロジオ,セ8,60.0,石神深一,3:15.7,3.1/2,4.1,1.0,458(-4),[東] 菊沢隆徳,202310010305
11,2,2,アームストロング,牡5,60.0,草野太郎,3:15.9,1.1/4,36.5,11.0,506(+10),[東] 南田美知,202310010305
12,7,9,リーガルマナー,セ6,60.0,森一馬,3:15.9,クビ,6.5,3.0,496(-6),[西] 四位洋文,202310010305
1,2,3,ゴールドレコーダー,牝3,51.0,水沼元輝,1:49.0,,14.1,7.0,418(-2),[東] 南田美知,202310010306
2,7,13,ハクサンビーナス,牝3,51.0,今村聖奈,1:49.2,1.1/4,9.2,6.0,438(0),[西] 寺島良,202310010306
3,2,2,サトノキャサリン,牝3,54.0,団野大成,1:49.3,3/4,4.5,1.0,422(-2),[西] 吉村圭司,202310010306
4,4,6,インペリアルコート,牝3,54.0,富田暁,1:49.3,クビ,4.7,2.0,432(-16),[東] 鹿戸雄一,202310010306
5,1,1,キタノチェロキー,牝3,52.0,原優介,1:49.7,2.1/2,52.7,11.0,454(-6),[東] 粕谷昌央,202310010306
6,8,15,クレーンロケット,牝3,52.0,小林凌大,1:49.7,アタマ,146.9,13.0,438(-2),[東] 宗像義忠,202310010306
7,7,12,アルアマル,牝3,54.0,野中悠太,1:50.1,2.1/2,6.8,5.0,418(-8),[西] 安田隆行,202310010306
8,3,5,コスモチプリア,牝3,54.0,丹内祐次,1:50.2,クビ,6.7,4.0,428(+2),[東] 田村康仁,202310010306
9,3,4,ヘアピンシュプール,牝3,54.0,加藤祥太,1:50.5,1.3/4,198.6,14.0,438(-4),[西] 庄野靖志,202310010306
10,4,7,メグスタス,牝3,54.0,北村友一,1:50.6,クビ,5.0,3.0,422(+2),[西] 森田直行,202310010306
11,5,9,ハヤブサゲキレア,牝3,54.0,丸山元気,1:50.6,クビ,29.4,9.0,482(-2),[西] 坂口智康,202310010306
12,8,14,コスモアリス,牝3,53.0,角田大和,1:51.5,5,36.0,10.0,420(-16),[西] 吉田直弘,202310010306
13,6,11,ミルレーヴ,牝3,50.0,永島まな,1:52.4,5,24.3,8.0,434(0),[東] 上原博之,202310010306
14,5,8,パープルダイヤ,牝3,51.0,佐々木大,1:52.9,3.1/2,97.4,12.0,428(-8),[東] 和田正一,202310010306
15,6,10,ベリーアーリー,牝3,51.0,土田真翔,1:53.2,1.1/2,226.6,15.0,396(-4),[東] 松山将樹,202310010306
1,4,4,ホウオウユニコーン,牡4,57.0,団野大成,2:41.1,,3.5,2.0,464(-2),[東] 奥村武,202310010307
2,5,5,ルヴェルディ,牡4,57.0,丸山元気,2:41.2,1,5.7,3.0,480(+12),[東] 木村哲也,202310010307
3,3,3,ケンハービンジャー,牡5,54.0,永島まな,2:41.3,クビ,7.3,4.0,434(-10),[西] 本田優,202310010307
4,2,2,ロックバウンド,牡4,57.0,ムルザバ,2:41.7,2.1/2,2.9,1.0,474(+10),[西] 松永昌博,202310010307
5,1,1,ミアステラ,牡4,57.0,国分優作,2:41.7,クビ,9.3,6.0,506(+14),[西] 大根田裕,202310010307
6,7,7,ブリングトゥライフ,牝5,56.0,幸英明,2:41.8,3/4,7.4,5.0,468(-2),[西] 畑端省吾,202310010307
7,6,6,キュンストラー,牝5,56.0,丹内祐次,2:42.1,2,21.9,7.0,400(0),[東] 松永康利,202310010307
8,8,8,グロー,牡4,57.0,富田暁,2:42.6,2.1/2,35.3,8.0,478(+14),[西] 鈴木孝志,202310010307
9,8,9,デリカテス,牡4,57.0,難波剛健,2:43.2,3.1/2,138.4,9.0,460(+4),[西] 高橋義忠,202310010307
1,3,5,ヴィブラフォン,牝4,55.0,藤岡康太,1:45.1,,5.2,3.0,448(+2),[東] 高木登,202310010308
2,2,2,ウォーターウキウキ,牝6,56.0,幸英明,1:45.1,アタマ,10.4,6.0,468(-8),[西] 岡田稲男,202310010308
3,3,4,カラーインデックス,牝4,55.0,北村友一,1:45.2,クビ,7.4,4.0,520(-10),[西] 長谷川浩,202310010308
4,2,3,トレッファー,牝6,55.0,泉谷楓真,1:45.7,3,34.9,9.0,442(-8),[西] 本田優,202310010308
5,7,13,タガノリバイバー,牝5,55.0,角田大和,1:45.7,クビ,4.8,2.0,496(-6),[西] 大根田裕,202310010308
6,4,6,テリオスリノ,牝4,55.0,国分優作,1:45.8,1/2,77.2,12.0,438(+2),[西] 松下武士,202310010308
7,6,11,グレナデンシロップ,牝4,52.0,鷲頭虎太,1:46.1,1.3/4,215.6,14.0,442(+6),[西] 浜田多実,202310010308
8,8,15,サクラジェンヌ,牝4,55.0,丹内祐次,1:46.3,1,8.4,5.0,478(+8),[東] 和田勇介,202310010308
9,5,8,タマモベローナ,牝4,52.0,大久保友,1:46.3,クビ,43.9,10.0,478(+4),[西] 高橋亮,202310010308
9,5,9,ミツカネヴィーナス,牝4,51.0,永島まな,1:46.3,同着,55.4,11.0,450(+8),[東] 鈴木伸尋,202310010308
11,6,10,カンパニュール,牝4,52.0,佐々木大,1:46.3,ハナ,101.2,13.0,480(-2),[東] 堀内岳志,202310010308
12,4,7,マテンロウアイ,牝4,52.0,今村聖奈,1:46.5,3/4,3.8,1.0,522(-6),[西] 寺島良,202310010308
13,7,12,ブリンク,牝5,56.0,ムルザバ,1:47.2,4,16.2,8.0,454(-2),[西] 吉岡辰弥,202310010308
14,8,14,レディベル,牝4,55.0,団野大成,1:47.3,クビ,11.8,7.0,512(0),[西] 矢作芳人,202310010308
15,1,1,レセダ,牝4,55.0,原田和真,1:47.5,1.1/4,215.8,15.0,422(+2),[東] 金成貴史,202310010308
1,7,7,ルーフ,牝3,54.0,藤岡康太,1:08.7,,3.3,2.0,480(-6),[西] 清水久詞,202310010309
2,6,6,タマモブラックタイ,牡3,56.0,角田大和,1:08.8,3/4,8.2,3.0,518(-10),[西] 角田晃一,202310010309
3,4,4,ニシノトキメキ,牝3,54.0,亀田温心,1:08.9,クビ,17.5,6.0,470(+2),[西] 北出成人,202310010309
4,5,5,アウクソー,牝3,54.0,野中悠太,1:09.0,1,71.5,8.0,412(-10),[西] 安田隆行,202310010309
5,8,8,ブライトサイン,牝3,54.0,幸英明,1:09.7,4,34.1,7.0,452(+2),[西] 須貝尚介,202310010309
6,1,1,フォルテース,牡3,56.0,北村友一,1:09.7,アタマ,9.8,4.0,450(0),[西] 高橋亮,202310010309
7,2,2,ダンシングニードル,牝3,54.0,団野大成,1:09.9,3/4,1.7,1.0,466(-8),[西] 斉藤崇史,202310010309
8,3,3,オーサムサンライズ,牝3,54.0,永島まな,1:10.0,3/4,14.3,5.0,400(-6),[西] 石坂公一,202310010309
1,5,8,テーオーソロス,牡5,58.0,泉谷楓真,2:00.2,,31.4,9.0,466(-2),[西] 宮徹,202310010310
2,3,4,バガン,牡5,58.0,藤岡康太,2:00.3,1/2,9.4,4.0,470(0),[西] 野中賢二,202310010310
3,8,14,マイネルジャッカル,牡5,58.0,丹内祐次,2:00.4,クビ,9.5,5.0,486(+16),[東] 西田雄一,202310010310
4,4,6,メイショウウネビ,牡4,57.0,富田暁,2:00.4,クビ,7.1,3.0,486(+22),[西] 本田優,202310010310
5,1,1,ミッキーセレスタ,牡5,58.0,藤岡佑介,2:00.5,1/2,17.7,7.0,534(-2),[東] 国枝栄,202310010310
6,3,5,サンズオブタイム,牡5,58.0,幸英明,2:00.5,アタマ,39.7,11.0,502(+16),[東] 和田勇介,202310010310
7,7,13,サムハンター,牡5,58.0,野中悠太,2:00.6,1/2,84.6,13.0,502(+6),[西] 高橋康之,202310010310
8,6,10,マイネルデステリョ,牡6,58.0,丸山元気,2:00.8,1,21.2,8.0,466(+4),[東] 畠山吉宏,202310010310
9,8,15,グランドゴールド,牡4,57.0,小林凌大,2:00.9,3/4,12.7,6.0,456(+2),[西] 羽月友彦,202310010310
10,2,2,セルケト,牝4,55.0,団野大成,2:01.0,1/2,2.5,1.0,490(-10),[西] 斉藤崇史,202310010310
11,2,3,ビレッジスター,セ4,57.0,ムルザバ,2:01.1,1,5.2,2.0,434(+2),[西] 田中克典,202310010310
12,6,11,シュホ,牝4,55.0,勝浦正樹,2:01.2,クビ,32.1,10.0,414(+12),[東] 尾関知人,202310010310
13,5,9,ピエドラアギーラ,牡5,58.0,松若風馬,2:01.5,1.3/4,61.8,12.0,492(+22),[西] 小崎憲,202310010310
14,4,7,ビヨンドザタイム,牡4,57.0,原田和真,2:02.0,3,93.5,14.0,454(+6),[東] 金成貴史,202310010310
15,7,12,ウインメイユール,牝5,56.0,国分優作,2:02.2,1.1/2,240.1,15.0,422(-4),[東] 青木孝文,202310010310
1,1,2,メイクアリープ,牡4,57.0,幸英明,1:43.8,,2.2,1.0,474(-4),[西] 大根田裕,202310010311
2,3,6,メイショウジブリ,牡4,57.0,泉谷楓真,1:43.9,3/4,13.6,7.0,504(-4),[西] 南井克巳,202310010311
3,2,3,マジック,牡5,58.0,亀田温心,1:44.5,3.1/2,12.4,6.0,508(-6),[西] 高柳大輔,202310010311
4,5,9,ハイエストポイント,牡5,58.0,藤岡康太,1:44.6,1,5.7,2.0,456(+4),[西] 鈴木孝志,202310010311
5,1,1,リアルシング,牡6,58.0,富田暁,1:44.7,1/2,62.4,12.0,542(0),[西] 池添兼雄,202310010311
6,6,11,ハイパーノヴァ,セ9,58.0,国分優作,1:44.9,1.1/4,184.4,16.0,496(+6),[西] 大根田裕,202310010311
7,8,16,ウインアウォード,牡4,57.0,松若風馬,1:45.0,クビ,9.0,4.0,514(-2),[西] 五十嵐忠,202310010311
8,3,5,フームスムート,牡6,58.0,丹内祐次,1:45.1,3/4,16.8,8.0,540(+32),[東] 水野貴広,202310010311
9,2,4,ウインホノカ,牝7,56.0,勝浦正樹,1:45.3,3/4,157.3,15.0,422(-6),[東] 本間忍,202310010311
10,5,10,サヴァビアン,牡5,58.0,丸山元気,1:45.5,1.1/2,41.0,9.0,438(+12),[西] 羽月友彦,202310010311
11,4,7,シゲルヒカルダイヤ,牡7,58.0,秋山真一,1:45.7,1.1/4,107.4,13.0,540(+4),[西] 藤沢則雄,202310010311
12,6,12,キョウワウォール,牡7,58.0,中井裕二,1:45.8,クビ,8.7,3.0,478(0),[西] 飯田雄三,202310010311
13,7,14,マイネルレンカ,牡9,58.0,ムルザバ,1:45.9,3/4,47.5,10.0,470(-6),[東] 鈴木慎太,202310010311
14,4,8,ダノンフォーナイン,牡4,57.0,藤岡佑介,1:46.1,1.1/4,10.8,5.0,514(0),[西] 音無秀孝,202310010311
15,7,13,センタースリール,牝4,55.0,団野大成,1:47.1,6,133.3,14.0,476(+16),[東] 本間忍,202310010311
16,8,15,トーアエレクトロン,牡5,58.0,松本大輝,1:47.1,アタマ,57.1,11.0,486(+6),[西] 羽月友彦,202310010311
1,7,14,ロードラスター,牡5,58.0,松若風馬,1:09.0,,15.2,7.0,520(+12),[西] 千田輝彦,202310010312
2,1,1,ディオアステリア,牝4,56.0,原田和真,1:09.0,クビ,14.0,6.0,458(-6),[東] 小野次郎,202310010312
3,8,16,バトルシャイニング,牡4,57.0,泉谷楓真,1:09.0,ハナ,5.9,3.0,504(-10),[西] 本田優,202310010312
4,3,5,ミッキーチャレンジ,牡4,58.0,ムルザバ,1:09.1,1/2,2.8,1.0,502(+4),[西] 中内田充,202310010312
5,5,10,ホウオウエンジェル,牝6,55.0,亀田温心,1:09.2,1/2,11.1,4.0,472(-2),[東] 加藤和宏,202310010312
6,1,2,オラヴェリタス,牡4,55.0,今村聖奈,1:09.3,1/2,4.3,2.0,508(0),[西] 寺島良,202310010312
7,2,3,ダブルスナッチ,牝5,56.0,丹内祐次,1:09.4,1/2,22.1,9.0,442(+28),[東] 宗像義忠,202310010312
8,8,17,アランヴェリテ,牡4,58.0,幸英明,1:09.4,クビ,18.9,8.0,482(-4),[西] 中竹和也,202310010312
9,3,6,グレイトミッション,牝5,53.0,佐々木大,1:09.6,1,12.1,5.0,460(+6),[東] 菊川正達,202310010312
10,4,8,コスモサンレミ,牝5,54.0,藤田菜七,1:09.7,1/2,72.7,12.0,464(+6),[東] 中野栄治,202310010312
11,8,15,アスクチャンプガイ,牡4,58.0,富田暁,1:09.7,クビ,75.7,13.0,476(+2),[西] 野中賢二,202310010312
12,4,7,クインズコスモス,牝4,53.0,鷲頭虎太,1:09.8,クビ,45.5,10.0,430(-4),[東] 加藤士津,202310010312
13,2,4,ネイキッドハート,牝4,54.0,小林凌大,1:09.8,クビ,56.2,11.0,426(+4),[東] 辻哲英,202310010312
14,7,13,ヨンウォニ,牝6,54.0,原優介,1:09.8,クビ,198.6,16.0,454(-6),[東] 伊藤伸一,202310010312
15,6,12,ニホンピロポート,牝4,55.0,角田大和,1:10.3,3,98.4,14.0,448(+14),[西] 安達昭夫,202310010312
16,5,9,ハーディローズ,牝4,53.0,水沼元輝,1:10.5,1.1/4,355.2,17.0,440(0),[東] 土田稔,202310010312
17,6,11,ミミグッド,牝4,52.0,永島まな,1:10.6,1/2,103.2,15.0,426(+10),[西] 中尾秀正,202310010312
1,8,15,オウギノカナメ,牡3,56.0,丹内祐次,1:47.1,,2.3,1.0,462(0),[東] 高木登,202310010401
2,2,3,ビービーグラーテス,牡3,53.0,鷲頭虎太,1:47.2,1/2,7.2,3.0,480(-2),[西] 加用正,202310010401
3,6,10,セクシーコマンドー,牡3,56.0,丸山元気,1:47.7,3,9.7,5.0,470(+14),[東] 鈴木慎太,202310010401
4,3,4,リアルマーヴェル,牡3,55.0,角田大和,1:47.9,1.1/4,16.7,7.0,490(+6),[東] 小桧山悟,202310010401
5,5,8,キリンジ,牡3,52.0,永島まな,1:48.1,1,39.1,10.0,482(+8),[西] 佐々木晶,202310010401
6,4,6,サイタブラウン,牡3,56.0,勝浦正樹,1:48.3,1.1/2,11.4,6.0,468(0),[東] 杉浦宏昭,202310010401
7,5,9,ケイアイメキラ,セ3,56.0,中井裕二,1:48.3,アタマ,6.4,2.0,456(+2),[西] 村山明,202310010401
8,4,7,イテマエダセン,牡3,56.0,的場勇人,1:48.7,2,25.7,9.0,470(0),[東] 的場均,202310010401
9,1,1,ブロードイメル,セ3,56.0,富田暁,1:48.7,クビ,16.9,8.0,446(-6),[西] 武英智,202310010401
10,7,12,ベルボールドナイン,牡3,54.0,小林凌大,1:48.7,ハナ,51.9,12.0,466(-2),[東] 菊沢隆徳,202310010401
11,7,13,タイガーミノル,牡3,55.0,亀田温心,1:48.9,3/4,9.3,4.0,500(+4),[西] 北出成人,202310010401
12,2,2,レイズミーアップ,牡3,53.0,大久保友,1:50.4,9,294.9,15.0,430(+4),[西] 荒川義之,202310010401
13,6,11,ニシノセイラン,牡3,56.0,野中悠太,1:53.1,大,161.6,13.0,444(+8),[東] 根本康広,202310010401
14,8,14,ヨドノストーリー,牡3,54.0,原優介,1:53.2,クビ,41.7,11.0,426(-8),[西] 西園正都,202310010401
15,3,5,ワイキキビーチ,牡3,53.0,水沼元輝,1:53.2,クビ,195.1,14.0,448(+12),[東] 上原博之,202310010401
1,8,18,トーホウフランゴ,牝3,50.0,永島まな,1:08.7,,6.3,3.0,428(-4),[西] 高橋康之,202310010402
2,7,13,ミレディ,牝3,54.0,丹内祐次,1:08.9,1.1/4,21.4,9.0,456(+20),[東] 田島俊明,202310010402
3,2,3,スイープラン,牝3,54.0,菱田裕二,1:09.0,1,10.2,5.0,450(-2),[西] 渡辺薫彦,202310010402
4,5,9,グランツベリー,牝3,54.0,北村友一,1:09.1,クビ,6.3,4.0,434(+4),[西] 田中克典,202310010402
5,4,7,スマートメイプル,牝3,50.0,古川奈穂,1:09.3,1.1/2,5.1,2.0,452(-10),[西] 矢作芳人,202310010402
6,8,17,バロックダンス,牝3,51.0,今村聖奈,1:09.4,クビ,3.9,1.0,462(+10),[東] 小手川準,202310010402
7,8,16,グローブフェイム,牝3,52.0,藤田菜七,1:09.5,1/2,47.0,11.0,446(0),[東] 田中剛,202310010402
8,1,2,ウインターズテイル,牝3,53.0,松本大輝,1:09.8,1.3/4,13.1,8.0,452(-6),[西] 吉岡辰弥,202310010402
9,5,10,ヨウシタンレイ,牝3,54.0,浜中俊,1:09.8,クビ,11.2,6.0,456(0),[西] 松永昌博,202310010402
10,3,5,ウィズアウト,牝3,54.0,勝浦正樹,1:09.9,1/2,90.2,13.0,436(0),[東] 水野貴広,202310010402
11,4,8,ブーバー,牝3,51.0,佐々木大,1:10.0,3/4,11.7,7.0,416(-4),[東] 新開幸一,202310010402
12,7,14,ワタシハマジョ,牝3,52.0,原優介,1:10.3,1.1/2,114.5,14.0,460(+2),[東] 矢野英一,202310010402
13,2,4,コズミックコール,牝3,54.0,藤岡康太,1:10.5,1.1/4,82.7,12.0,436(+2),[東] 高柳瑞樹,202310010402
14,6,11,レモンオーラ,牝3,54.0,西村淳也,1:10.6,3/4,36.3,10.0,438(+4),[西] 須貝尚介,202310010402
15,7,15,パワポケプレミア,牝3,54.0,小崎綾也,1:11.0,2.1/2,429.0,17.0,380(-14),[西] 牧田和弥,202310010402
16,1,1,ニジノテンシ,牝3,54.0,長岡禎仁,1:12.0,6,496.9,18.0,398(+8),[東] 蛯名利弘,202310010402
17,6,12,カシノロマネ,牝3,53.0,亀田温心,1:13.5,9,268.9,16.0,398(+22),[西] 藤沢則雄,202310010402
18,3,6,スマートミラージュ,牝3,54.0,松若風馬,1:13.7,1.1/2,167.6,15.0,436(-10),[西] 音無秀孝,202310010402
1,7,12,ララシャンドン,牡5,58.0,中井裕二,0:58.3,,4.8,3.0,508(+16),[西] 坂口智康,202310010403
2,7,11,ペイシャカレン,牝4,53.0,今村聖奈,0:58.4,1/2,7.9,4.0,454(+6),[東] 粕谷昌央,202310010403
3,3,3,アカザ,牝4,56.0,丹内祐次,0:58.6,1.1/2,3.8,2.0,436(0),[東] 伊坂重信,202310010403
4,2,2,ルヴェルジェ,牝4,52.0,永島まな,0:58.7,クビ,2.9,1.0,472(0),[西] 杉山晴紀,202310010403
5,8,14,デルマカミーラ,牝4,56.0,浜中俊,0:58.8,1,13.2,6.0,474(+2),[西] 牧田和弥,202310010403
6,6,10,グランデフィオーレ,牝5,56.0,藤岡康太,0:58.9,1/2,30.8,8.0,470(+6),[西] 藤岡健一,202310010403
7,6,9,キュートヘスティア,牝4,53.0,佐々木大,0:59.0,1/2,12.0,5.0,440(+2),[東] 辻哲英,202310010403
8,5,7,ラージベル,牝4,54.0,原優介,0:59.0,ハナ,75.5,12.0,474(+18),[東] 松永康利,202310010403
9,4,5,サンランシング,牝5,54.0,小林凌大,0:59.0,クビ,70.6,11.0,474(-8),[東] 堀内岳志,202310010403
10,1,1,タマモテラコッタ,牡4,57.0,亀田温心,0:59.1,1/2,39.3,10.0,486(-16),[西] 南井克巳,202310010403
11,5,8,キリシマタウン,牡4,57.0,角田大和,0:59.4,1.3/4,37.9,9.0,462(+18),[東] 天間昭一,202310010403
12,3,4,ミルトクリーガー,牡4,57.0,松本大輝,0:59.5,クビ,130.2,13.0,468(-8),[西] 中竹和也,202310010403
13,4,6,メイム,牝5,54.0,藤田菜七,0:59.5,クビ,158.0,14.0,410(+8),[東] 小桧山悟,202310010403
14,8,13,ニシノコチ,牝4,56.0,勝浦正樹,0:59.6,クビ,24.8,7.0,484(-12),[東] 杉浦宏昭,202310010403
1,4,4,リアム,牡6,60.0,蓑島靖典,3:11.0,,3.8,2.0,536(+4),[東] 萩原清,202310010404
2,5,6,メリディアンローグ,牡6,60.0,大江原圭,3:11.0,クビ,3.1,1.0,496(+8),[東] 蛯名正義,202310010404
3,3,3,アランデル,セ5,60.0,中村将之,3:11.5,3,17.0,7.0,534(+4),[東] 大竹正博,202310010404
4,2,2,ティートラップ,牡6,60.0,小野寺祐,3:12.3,5,10.4,4.0,466(-6),[西] 五十嵐忠,202310010404
5,7,9,マイネルグロース,牡5,60.0,草野太郎,3:12.4,クビ,18.4,8.0,486(+18),[東] 金成貴史,202310010404
6,6,8,イロエンピツ,牝5,58.0,難波剛健,3:12.7,2,11.3,6.0,486(-6),[西] 大根田裕,202310010404
7,1,1,ドラウプニル,セ7,60.0,伴啓太,3:13.1,2.1/2,5.5,3.0,490(+2),[東] 黒岩陽一,202310010404
8,8,12,イメル,牡7,57.0,小牧加矢,3:15.0,大,10.9,5.0,492(-2),[西] 音無秀孝,202310010404
9,5,5,オノーレペスカ,牝7,58.0,江田勇亮,3:18.3,大,22.8,9.0,444(-12),[東] 小桧山悟,202310010404
10,7,10,フミローグ,セ4,59.0,石神深一,3:19.7,8,31.1,10.0,452(0),[東] 鹿戸雄一,202310010404
11,8,11,オーマオ,牡7,60.0,小坂忠士,3:19.8,3/4,64.5,11.0,458(+6),[西] 村山明,202310010404
12,6,7,ベストインクラス,牡5,60.0,大庭和弥,3:23.1,大,101.5,12.0,506(+2),[東] 伊藤伸一,202310010404
1,5,10,ベレザニーニャ,牝3,54.0,小崎綾也,1:50.3,,21.0,9.0,458(0),[西] 小崎憲,202310010405
2,8,16,ウマピョイ,牝3,53.0,角田大和,1:50.5,1.1/2,13.3,6.0,440(0),[西] 角田晃一,202310010405
3,1,1,ビヨンドザドリーム,牡3,56.0,西村淳也,1:50.5,クビ,4.2,1.0,422(0),[西] 中内田充,202310010405
4,8,15,ガーランドスタイル,牡3,56.0,吉田隼人,1:50.9,2,4.2,2.0,446(0),[西] 橋口慎介,202310010405
5,2,4,ナムララジベラ,牝3,54.0,高倉稜,1:51.0,1/2,7.4,4.0,454(0),[西] 杉山晴紀,202310010405
6,7,14,タイキウルトラ,牡3,56.0,藤岡康太,1:51.3,1.3/4,12.4,5.0,464(0),[西] 橋田満,202310010405
7,4,8,デルマスソバライ,牝3,51.0,鷲頭虎太,1:51.4,1/2,44.6,13.0,446(0),[西] 千田輝彦,202310010405
8,6,12,タイセイリリック,牝3,54.0,北村友一,1:51.5,3/4,32.0,12.0,422(0),[西] 小林真也,202310010405
9,3,6,トプシー,牝3,54.0,富田暁,1:51.5,クビ,15.7,7.0,404(0),[西] 吉田直弘,202310010405
10,1,2,オーロラバローズ,牝3,54.0,菱田裕二,1:51.7,1.1/2,19.2,8.0,442(0),[西] 長谷川浩,202310010405
11,3,5,ルクスシャロン,牝3,54.0,藤岡佑介,1:51.9,1.1/4,6.5,3.0,454(0),[西] 四位洋文,202310010405
12,4,7,テイエムユキフブキ,牝3,54.0,浜中俊,1:52.7,5,25.9,11.0,470(0),[西] 鈴木孝志,202310010405
13,5,9,アイビーデゼル,牝3,53.0,松本大輝,1:53.2,3,82.7,15.0,430(0),[西] 吉村圭司,202310010405
14,6,11,コントロッロ,牡3,56.0,古川吉洋,1:53.9,4,69.1,14.0,542(0),[西] 松永昌博,202310010405
15,2,3,ジャージー,牡3,56.0,勝浦正樹,1:54.0,クビ,128.7,16.0,546(0),[西] 森田直行,202310010405
16,7,13,ラミュロス,牝3,50.0,永島まな,1:54.2,1.1/4,21.9,10.0,388(0),[西] 角田晃一,202310010405
1,5,10,カミーロ,牡3,55.0,松本大輝,1:09.2,,19.6,10.0,486(+20),[西] 石橋守,202310010406
2,3,6,ピースフルナイト,牝3,54.0,吉田隼人,1:09.4,3/4,8.8,4.0,392(-6),[西] 高野友和,202310010406
3,6,12,アスキーアート,牝3,54.0,原田和真,1:09.4,クビ,217.2,17.0,406(-14),[東] 小野次郎,202310010406
4,2,4,タツダイヤモンド,牡3,56.0,藤岡康太,1:09.5,1/2,4.6,2.0,484(+16),[西] 鮫島一歩,202310010406
5,2,3,カシノインディード,牡3,56.0,北村友一,1:09.5,ハナ,49.2,13.0,454(+2),[西] 牧田和弥,202310010406
6,4,7,ゴコウサス,牡3,56.0,浜中俊,1:09.6,3/4,4.2,1.0,458(+6),[西] 笹田和秀,202310010406
7,8,18,モノセーラス,牝3,50.0,永島まな,1:09.7,アタマ,10.1,5.0,396(-8),[西] 中村直也,202310010406
8,6,11,メイショウタイジュ,牡3,56.0,田中健,1:09.7,クビ,34.0,11.0,434(-4),[西] 南井克巳,202310010406
9,8,16,ヨドノルーキー,牡3,56.0,藤岡佑介,1:09.7,クビ,188.7,16.0,392(+2),[西] 飯田雄三,202310010406
10,5,9,アナザームーン,牡3,53.0,佐々木大,1:09.8,クビ,107.8,15.0,462(+4),[東] 水野貴広,202310010406
11,7,15,ウィルオブラガー,牡3,53.0,大久保友,1:10.0,1.1/4,13.6,7.0,496(+4),[西] 清水久詞,202310010406
12,7,13,ハナサキポプラ,牝3,54.0,長岡禎仁,1:10.1,1/2,49.2,14.0,430(-4),[西] 杉山佳明,202310010406
13,8,17,シンリンゲンカイ,牝3,53.0,角田大和,1:10.1,ハナ,13.6,6.0,454(+2),[東] 石栗龍彦,202310010406
14,1,2,トーホウビエント,牝3,54.0,菱田裕二,1:10.5,2.1/2,6.6,3.0,442(-2),[西] 高橋亮,202310010406
15,3,5,トーホウランボ,牝3,54.0,富田暁,1:10.5,クビ,17.3,9.0,416(-12),[西] 川村禎彦,202310010406
16,1,1,エイユーマックス,牡3,56.0,西村淳也,1:10.7,3/4,13.7,8.0,478(+4),[西] 岡田稲男,202310010406
17,4,8,テセラフィリア,牝3,51.0,鷲頭虎太,1:10.7,クビ,378.4,18.0,426(+6),[西] 高橋義忠,202310010406
18,7,14,サトノラピス,牝3,51.0,今村聖奈,1:11.0,1.3/4,46.9,12.0,444(-4),[西] 須貝尚介,202310010406
1,4,4,ブレイヴロッカー,牡3,56.0,藤岡康太,2:03.7,,4.2,3.0,452(-2),[西] 本田優,202310010407
2,8,8,ラバタンシン,牡3,53.0,今村聖奈,2:03.9,3/4,5.5,4.0,490(+2),[西] 寺島良,202310010407
3,1,1,アスターブジエ,牡3,56.0,西村淳也,2:03.9,クビ,4.0,2.0,452(-10),[西] 中竹和也,202310010407
4,5,5,シェアザグローリー,牡3,56.0,北村友一,2:04.1,1.1/2,2.6,1.0,538(-2),[西] 梅田智之,202310010407
5,3,3,プロヴァーブ,牝3,54.0,藤岡佑介,2:04.3,1.1/4,11.4,5.0,416(-8),[西] 佐々木晶,202310010407
6,2,2,メイショウタクボク,牡3,55.0,角田大和,2:04.5,1.1/4,26.4,7.0,480(-2),[西] 高橋亮,202310010407
7,7,7,ドゥワー,牝3,54.0,丹内祐次,2:05.0,3,12.7,6.0,444(+4),[東] 小笠倫弘,202310010407
8,6,6,アプレイザー,牡3,56.0,菱田裕二,2:07.8,大,153.3,8.0,420(+2),[西] 森田直行,202310010407
1,5,10,サトノスライヴ,牡6,57.0,亀田温心,1:45.7,,7.5,5.0,524(+4),[西] 南井克巳,202310010408
2,5,9,シルバーブレッド,牡4,57.0,菱田裕二,1:45.7,アタマ,15.3,6.0,422(-2),[西] 石坂公一,202310010408
3,4,7,ガラパゴス,牡4,57.0,藤岡康太,1:45.8,1/2,3.5,1.0,494(0),[西] 野中賢二,202310010408
4,4,8,グローバルブラッド,牡4,56.0,角田大和,1:45.8,クビ,6.0,4.0,486(-8),[西] 藤岡健一,202310010408
5,3,6,エルザストラウム,牝4,52.0,今村聖奈,1:46.0,3/4,5.4,3.0,462(+14),[西] 武幸四郎,202310010408
6,7,14,サトミノマロン,牡4,57.0,丹内祐次,1:46.1,3/4,5.2,2.0,530(+4),[東] 鈴木伸尋,202310010408
7,6,11,ディーエスボンバー,牡5,58.0,古川吉洋,1:46.5,2.1/2,52.7,11.0,502(-8),[西] 岡田稲男,202310010408
8,1,1,テイエムシップ,牡4,57.0,国分優作,1:46.6,1/2,16.0,7.0,518(0),[西] 飯田雄三,202310010408
9,2,3,ブラックワンダー,セ7,55.0,土田真翔,1:46.8,3/4,108.0,14.0,454(-6),[東] 尾形和幸,202310010408
10,1,2,ブレイヴルーラー,牡4,57.0,水口優也,1:47.3,3,208.1,16.0,504(0),[西] 藤沢則雄,202310010408
11,8,16,チャールストン,セ4,57.0,原田和真,1:47.4,1/2,119.2,15.0,480(-37),[東] 小桧山悟,202310010408
12,2,4,サノラキ,牡4,53.0,永島まな,1:47.6,1.1/4,41.5,10.0,486(-8),[東] 中舘英二,202310010408
13,7,13,セイウンガレオン,牡4,57.0,勝浦正樹,1:47.6,クビ,66.8,13.0,540(+14),[東] 奥平雅士,202310010408
14,6,12,エイシンティップス,牡5,55.0,大久保友,1:47.6,クビ,23.0,8.0,478(-4),[西] 大久保龍,202310010408
15,3,5,バンクロール,牡4,57.0,田中健,1:47.8,3/4,36.0,9.0,458(-4),[西] 田中克典,202310010408
16,8,15,ブールタング,セ5,58.0,小崎綾也,1:47.9,1/2,63.4,12.0,518(+8),[西] 小崎憲,202310010408
1,2,2,ビップシュプリーム,牝4,56.0,松若風馬,1:08.8,,20.4,8.0,508(-2),[西] 松下武士,202310010409
2,8,11,ダレモトメラレナイ,牝4,56.0,丹内祐次,1:09.0,1.1/4,2.8,1.0,476(-4),[東] 竹内正洋,202310010409
3,8,12,サミュエル,牝4,56.0,勝浦正樹,1:09.1,クビ,13.9,5.0,460(-10),[東] 菊沢隆徳,202310010409
4,7,9,ナバロン,牡4,58.0,吉田隼人,1:09.2,1/2,4.2,2.0,494(-2),[西] 杉山佳明,202310010409
5,4,4,ラナキラ,牝5,56.0,藤岡佑介,1:09.2,クビ,6.2,3.0,452(+2),[東] 尾関知人,202310010409
6,1,1,ユキヤナギ,牝4,56.0,的場勇人,1:09.3,クビ,117.5,12.0,446(+6),[東] 的場均,202310010409
7,7,10,ショウナンアメリア,牝4,56.0,西村淳也,1:09.3,ハナ,14.9,7.0,464(+6),[東] 奥村武,202310010409
8,6,7,クランシリーニー,牝4,56.0,菱田裕二,1:09.3,クビ,7.8,4.0,496(0),[西] 新谷功一,202310010409
9,3,3,テセウス,牡5,58.0,長岡禎仁,1:09.6,1.3/4,42.6,11.0,462(+8),[東] 奥平雅士,202310010409
10,5,6,ショウナンナウシカ,牝4,56.0,浜中俊,1:09.9,1.1/2,23.3,9.0,464(+6),[東] 大竹正博,202310010409
11,5,5,テンジュイン,牝6,56.0,藤岡康太,1:10.0,3/4,14.3,6.0,456(0),[西] 千田輝彦,202310010409
12,6,8,ロックユアハート,牝4,56.0,小崎綾也,1:10.1,3/4,24.1,10.0,454(0),[西] 矢作芳人,202310010409
1,8,12,メイショウブレゲ,牡4,57.0,今村聖奈,2:41.6,,6.5,2.0,464(0),[西] 本田優,202310010410
2,3,3,ミステリーウェイ,セ5,58.0,吉田隼人,2:41.9,2,7.5,3.0,494(-4),[西] 小林真也,202310010410
3,2,2,シーグラス,牝4,55.0,丹内祐次,2:42.0,クビ,7.9,4.0,426(-8),[東] 武藤善則,202310010410
4,1,1,サトノシャローム,牡6,58.0,藤岡康太,2:42.0,アタマ,13.7,5.0,506(-8),[西] 池江泰寿,202310010410
5,6,8,ブローザホーン,牡4,57.0,西村淳也,2:42.0,ハナ,14.0,6.0,428(0),[東] 中野栄治,202310010410
6,8,13,アルバーシャ,牡5,58.0,菱田裕二,2:42.1,3/4,40.8,10.0,510(+12),[西] 岡田稲男,202310010410
7,7,11,シホノスペランツァ,牡4,57.0,浜中俊,2:42.2,クビ,1.8,1.0,490(+12),[西] 寺島良,202310010410
8,5,6,ジャンカズマ,牡5,58.0,野中悠太,2:42.2,クビ,36.3,9.0,480(+4),[西] 安田翔伍,202310010410
9,4,5,ハーツオブシャカ,牡5,58.0,北村友一,2:42.4,3/4,30.1,8.0,470(-6),[西] 鮫島一歩,202310010410
10,6,9,マイネルメサイア,牡4,57.0,丸山元気,2:42.4,クビ,23.1,7.0,486(+4),[東] 水野貴広,202310010410
11,7,10,ウインミニヨン,牝5,56.0,松若風馬,2:42.6,1.1/4,112.1,13.0,424(0),[西] 長谷川浩,202310010410
12,4,4,サンデージャック,牡5,58.0,勝浦正樹,2:42.7,クビ,52.4,11.0,478(+2),[西] 宮本博,202310010410
13,5,7,スカイテラス,牡6,58.0,富田暁,2:42.8,3/4,91.8,12.0,506(+4),[東] 和田正一,202310010410
1,5,9,ラヴィータエベラ,牡6,56.0,西村淳也,1:43.8,,7.7,4.0,510(+6),[西] 田中克典,202310010411
2,6,11,サトノロイヤル,牡5,57.0,浜中俊,1:43.8,ハナ,4.3,2.0,500(-8),[西] 南井克巳,202310010411
3,1,2,コパノニコルソン,牡4,56.0,藤岡康太,1:44.1,1.1/2,3.7,1.0,520(-2),[西] 宮徹,202310010411
4,4,8,ラボエーム,牝6,54.0,国分優作,1:44.1,クビ,20.2,9.0,444(-4),[西] 大根田裕,202310010411
5,3,5,テイエムマグマ,牡5,56.0,高倉稜,1:44.3,3/4,9.9,5.0,498(-10),[西] 杉山晴紀,202310010411
6,2,4,レガーメペスカ,牡6,56.0,北村友一,1:44.5,1.1/4,14.9,8.0,498(-18),[西] 松永昌博,202310010411
7,1,1,モズマゾク,牡5,56.0,丹内祐次,1:44.5,アタマ,12.7,7.0,486(-4),[西] 南井克巳,202310010411
8,7,14,ロコポルティ,牡5,55.0,丸山元気,1:44.5,クビ,72.9,14.0,528(-4),[西] 西園正都,202310010411
9,6,12,ペガサス,牡7,55.0,角田大和,1:44.7,3/4,66.0,13.0,460(+4),[西] 大久保龍,202310010411
10,8,16,エースレイジング,牡6,53.0,小崎綾也,1:44.7,アタマ,135.7,15.0,472(+16),[西] 小崎憲,202310010411
11,3,6,モズピンポン,牡6,55.0,勝浦正樹,1:44.8,クビ,55.3,12.0,518(-8),[西] 矢作芳人,202310010411
11,4,7,ゴールドティア,牝6,54.0,富田暁,1:44.8,同着,40.5,11.0,476(-6),[西] 池添学,202310010411
13,8,15,ハンディーズピーク,牡5,56.0,藤岡佑介,1:44.8,アタマ,7.6,3.0,512(+4),[西] 大久保龍,202310010411
14,5,10,ロードインファイト,牡6,56.0,吉田隼人,1:45.0,1,12.6,6.0,462(+10),[西] 野中賢二,202310010411
15,2,3,オレンジペコ,牝6,53.0,古川吉洋,1:45.4,2.1/2,31.9,10.0,484(0),[西] 武英智,202310010411
16,7,13,リノキアナ,牝6,53.0,菱田裕二,1:45.5,1/2,178.5,16.0,438(-4),[西] 谷潔,202310010411
1,8,15,ゴールドエクリプス,牝4,55.0,荻野琢真,1:48.5,,6.3,4.0,486(+10),[西] 大久保龍,202310010412
2,1,1,ゴルトシュミーデ,牝4,54.0,亀田温心,1:48.5,アタマ,23.6,8.0,430(+8),[西] 村山明,202310010412
3,2,4,フォレスタ,牝5,56.0,丹内祐次,1:48.6,クビ,5.3,2.0,420(-6),[東] 嘉藤貴行,202310010412
4,5,9,ロムネヤ,牝4,53.0,小林凌大,1:49.1,3,6.1,3.0,418(-4),[東] 国枝栄,202310010412
5,3,5,エルバルーチェ,牝6,54.0,原優介,1:49.2,1/2,77.3,13.0,462(-8),[東] 西田雄一,202310010412
6,1,2,ジューンレインボー,牝4,55.0,富田暁,1:49.2,アタマ,16.7,6.0,418(-8),[西] 武英智,202310010412
7,7,14,クインズステラ,牝4,55.0,藤岡佑介,1:49.3,1/2,28.4,9.0,470(+10),[東] 池上昌和,202310010412
8,4,7,プリペアード,牝5,53.0,今村聖奈,1:49.4,1/2,51.6,11.0,414(+8),[西] 宮徹,202310010412
9,3,6,バトルキャット,牝4,55.0,西村淳也,1:49.5,クビ,6.4,5.0,478(-4),[西] 杉山晴紀,202310010412
10,8,16,クオンタム,牝5,54.0,藤田菜七,1:49.7,1.1/4,102.5,16.0,454(0),[東] 村田一誠,202310010412
11,5,10,フェブサンカラ,牝4,52.0,鷲頭虎太,1:49.8,3/4,78.2,14.0,404(-12),[西] 川村禎彦,202310010412
12,4,8,パープルグローリー,牝4,51.0,永島まな,1:49.9,1/2,69.3,12.0,490(-23),[西] 高橋康之,202310010412
13,7,13,スウィートスカー,牝4,55.0,藤岡康太,1:50.1,1.1/2,3.6,1.0,460(-8),[西] 鮫島一歩,202310010412
14,6,12,ナックフローラ,牝4,55.0,勝浦正樹,1:50.2,クビ,31.3,10.0,488(+10),[東] 杉浦宏昭,202310010412
15,2,3,ヘクトパスカル,牝4,55.0,菱田裕二,1:50.9,4,17.2,7.0,452(-4),[西] 橋口慎介,202310010412
16,6,11,ナオミニデレデレヤ,牝4,55.0,浜中俊,1:53.9,大,78.3,15.0,476(+14),[西] 畑端省吾,202310010412
1,3,3,ツウカイノキズナ,牡3,56.0,富田暁,1:45.0,,17.7,7.0,492(+4),[西] 千田輝彦,202310010501
2,7,10,コパノパサディナ,牡3,56.0,藤岡康太,1:45.1,1/2,8.7,4.0,528(+6),[西] 村山明,202310010501
3,1,1,タカサンフェイス,牡3,56.0,菱田裕二,1:45.3,1.1/2,33.1,8.0,486(+26),[西] 森田直行,202310010501
4,4,4,タロントゥーズ,牡3,56.0,幸英明,1:45.4,3/4,6.6,2.0,464(+6),[西] 大久保龍,202310010501
5,8,11,イサイアス,牡3,54.0,角田大河,1:45.7,1.3/4,1.8,1.0,460(+8),[西] 吉村圭司,202310010501
6,5,5,ミヤジシャルマン,牡3,53.0,今村聖奈,1:45.9,1,10.2,6.0,478(-4),[西] 川村禎彦,202310010501
7,7,9,アイアンオー,牡3,55.0,秋山稔樹,1:46.4,3,126.3,10.0,464(+2),[東] 本間忍,202310010501
8,8,12,メイショウスイケイ,牡3,56.0,団野大成,1:47.3,5,314.6,12.0,446(-10),[西] 荒川義之,202310010501
9,5,6,ランドティターン,牡3,56.0,西村淳也,1:47.3,クビ,66.3,9.0,494(0),[西] 安達昭夫,202310010501
10,2,2,サブエガ,牡3,52.0,永島まな,1:47.3,アタマ,8.2,3.0,494(0),[西] 池江泰寿,202310010501
11,6,8,グランツベリー,牝3,54.0,北村友一,1:48.5,7,9.8,5.0,426(-8),[西] 田中克典,202310010501
12,6,7,レイズザリミッツ,牡3,56.0,小崎綾也,1:48.7,1.1/4,262.1,11.0,490(+16),[西] 寺島良,202310010501
1,7,13,ステークホルダー,牡3,56.0,藤岡佑介,1:10.3,,2.0,1.0,456(+6),[東] 斎藤誠,202310010502
2,7,14,ライクアフラワー,牡3,56.0,西村淳也,1:10.6,2,28.1,9.0,498(+6),[西] 新谷功一,202310010502
3,2,4,サンスレッド,牡3,54.0,藤田菜七,1:10.9,1.3/4,124.1,12.0,460(+4),[東] 深山雅史,202310010502
4,3,5,トリプルウイナー,牡3,52.0,永島まな,1:10.9,クビ,8.0,3.0,430(+4),[西] 佐々木晶,202310010502
5,3,6,モズメルベイユ,牝3,51.0,今村聖奈,1:11.0,1/2,17.8,7.0,428(-4),[西] 南井克巳,202310010502
6,8,16,トーセンサウダージ,牡3,56.0,松若風馬,1:11.0,ハナ,17.7,6.0,504(+10),[東] 杉浦宏昭,202310010502
7,5,10,カッテミル,牝3,54.0,原田和真,1:11.1,クビ,17.4,5.0,434(-2),[東] 奥平雅士,202310010502
8,6,12,オータムクイーン,牝3,54.0,菱田裕二,1:11.1,クビ,13.0,4.0,452(+8),[西] 鮫島一歩,202310010502
9,2,3,ケイアイクビラ,牡3,56.0,藤懸貴志,1:11.1,ハナ,4.1,2.0,496(-6),[西] 宮本博,202310010502
10,1,1,ダイシンベスパ,牝3,53.0,松本大輝,1:11.3,1,143.3,13.0,384(-2),[西] 吉田直弘,202310010502
11,8,15,ビービータンバム,牡3,53.0,鷲頭虎太,1:11.4,3/4,246.2,14.0,450(+16),[西] 千田輝彦,202310010502
12,6,11,オリビアミノル,牝3,53.0,泉谷楓真,1:11.6,1.1/2,22.9,8.0,458(0),[西] 本田優,202310010502
13,5,9,アントルメグラッセ,牝3,54.0,幸英明,1:11.7,クビ,50.3,11.0,440(-6),[東] 土田稔,202310010502
14,4,8,ブロックバスター,牡3,56.0,藤岡康太,1:11.8,3/4,29.5,10.0,452(+12),[西] 藤岡健一,202310010502
15,1,2,レジーナルージュ,牝3,54.0,斎藤新,1:12.4,3.1/2,268.9,15.0,428(-6),[東] 佐藤吉勝,202310010502
16,4,7,アゲマセン,牝3,54.0,小崎綾也,1:14.0,10,364.1,16.0,420(-20),[西] 牧田和弥,202310010502
1,8,13,ゲンパチレオニダス,牡4,54.0,古川奈穂,0:58.1,,10.2,4.0,494(-2),[西] 牧浦充徳,202310010503
2,6,10,ナツイロノオトメ,牝4,52.0,永島まな,0:58.2,3/4,2.1,1.0,488(+10),[西] 角田晃一,202310010503
3,3,4,サンランシング,牝5,54.0,藤田菜七,0:58.4,1.1/4,17.9,8.0,474(0),[東] 堀内岳志,202310010503
4,2,2,クリノヴァニラ,牝5,56.0,野中悠太,0:58.5,1/2,276.6,14.0,482(-4),[西] 高橋康之,202310010503
5,5,7,ワンエルメス,牝4,56.0,丸山元気,0:58.5,ハナ,9.6,3.0,468(0),[東] 大和田成,202310010503
6,4,5,キリシマタウン,牡4,55.0,水沼元輝,0:58.8,1.1/2,47.2,10.0,460(-2),[東] 天間昭一,202310010503
7,5,8,ザモウコダマシイ,牝5,54.0,角田大河,0:59.0,1.1/2,28.2,9.0,436(-14),[西] 坂口智康,202310010503
8,3,3,エルメニア,牝4,53.0,今村聖奈,0:59.2,3/4,11.0,6.0,448(+2),[西] 吉田直弘,202310010503
9,7,11,エコロワカ,牝5,55.0,松本大輝,0:59.3,3/4,14.7,7.0,456(+2),[東] 深山雅史,202310010503
10,1,1,ドラゴンズアイ,牝4,56.0,原田和真,0:59.3,アタマ,243.6,12.0,460(+10),[東] 天間昭一,202310010503
11,7,12,クリノツッチャン,牡4,58.0,荻野琢真,0:59.3,ハナ,249.4,13.0,494(+10),[東] 伊藤伸一,202310010503
12,6,9,マーブルケイケー,牝4,56.0,西村淳也,0:59.3,クビ,5.2,2.0,484(0),[西] 茶木太樹,202310010503
13,8,14,アルティマボス,牡4,55.0,佐々木大,0:59.4,クビ,69.5,11.0,528(+15),[東] 和田正一,202310010503
14,4,6,メリヴェイユ,牝4,54.0,小林凌大,1:01.4,大,10.8,5.0,450(+8),[東] 伊藤圭三,202310010503
1,7,8,シングンジョーイ,牡5,60.0,石神深一,3:13.3,,3.3,2.0,460(+4),[東] 伊坂重信,202310010504
2,2,2,ロンギングバース,セ5,60.0,五十嵐雄,3:13.4,1/2,5.0,3.0,466(+2),[東] 竹内正洋,202310010504
3,6,6,メイショウコホク,牡6,60.0,北沢伸也,3:15.8,大,15.7,5.0,514(0),[西] 藤沢則雄,202310010504
4,8,10,サクラトップラン,牝4,57.0,小牧加矢,3:16.1,2,7.1,4.0,448(+4),[西] 中尾秀正,202310010504
5,5,5,フェブキラナ,セ5,60.0,小野寺祐,3:16.8,4,16.5,6.0,470(+8),[西] 川村禎彦,202310010504
6,1,1,アサクサトラマル,牡5,60.0,蓑島靖典,3:18.1,8,23.7,8.0,470(+14),[東] 戸田博文,202310010504
7,3,3,ショウナンバルディ,牡7,60.0,中村将之,3:18.2,クビ,2.8,1.0,468(+6),[西] 松下武士,202310010504
8,7,9,レオテソーロ,牡5,60.0,草野太郎,3:18.3,3/4,44.0,9.0,484(+22),[東] 畠山吉宏,202310010504
9,8,11,オノーレペスカ,牝7,58.0,大江原圭,3:18.4,3/4,18.4,7.0,448(+4),[東] 小桧山悟,202310010504
10,4,4,ドリームウィーバー,牡5,60.0,江田勇亮,3:19.2,5,177.0,11.0,480(0),[東] 伊藤伸一,202310010504
中,6,7,サンシロウ,セ9,60.0,大庭和弥,,,84.6,10.0,492(+8),[東] 堀内岳志,202310010504
1,4,4,ゴールドプリンセス,牝3,51.0,今村聖奈,2:02.8,,3.7,2.0,474(-8),[西] 寺島良,202310010505
2,2,2,ソレイユヴィータ,牝3,54.0,西村淳也,2:02.8,クビ,25.7,8.0,450(-12),[西] 杉山晴紀,202310010505
3,7,8,ルソルティール,牝3,54.0,丸山元気,2:03.4,3.1/2,8.5,5.0,426(-2),[西] 清水久詞,202310010505
4,3,3,リヤンドメテオール,牝3,54.0,北村友一,2:03.6,1.1/4,6.8,4.0,470(-6),[西] 中竹和也,202310010505
5,5,5,サザンショア,牝3,54.0,団野大成,2:03.8,1.1/2,30.7,9.0,428(+4),[西] 吉村圭司,202310010505
6,7,7,シルバーニース,牝3,54.0,丹内祐次,2:04.2,2.1/2,4.5,3.0,444(-2),[東] 田村康仁,202310010505
7,8,9,ツーウィング,牝3,50.0,永島まな,2:04.3,3/4,14.1,7.0,426(0),[西] 橋口慎介,202310010505
8,8,10,アイヲヨブテーラー,牝3,54.0,幸英明,2:04.4,1/2,3.6,1.0,478(0),[西] 河内洋,202310010505
9,1,1,ジャッドノワール,牝3,54.0,小牧太,2:06.2,大,119.9,10.0,428(-16),[西] 笹田和秀,202310010505
10,6,6,クリイロ,牝3,54.0,藤岡佑介,2:06.8,4,13.2,6.0,404(+10),[東] 高橋裕,202310010505
1,3,3,トーセンアウローラ,牡3,56.0,丹内祐次,1:50.5,,3.0,2.0,470(+2),[東] 尾形和幸,202310010506
2,7,8,ポルトドール,牡3,52.0,永島まな,1:51.1,3.1/2,6.5,4.0,476(-4),[西] 池江泰寿,202310010506
3,7,7,ケイデンシーマーク,牝3,54.0,北村友一,1:51.1,クビ,4.3,3.0,430(-4),[西] 安田隆行,202310010506
4,5,5,ガルヴァナイズ,牡3,53.0,今村聖奈,1:51.2,1/2,2.2,1.0,504(+6),[西] 友道康夫,202310010506
5,8,9,シホノインプルソ,牡3,56.0,藤岡康太,1:51.6,2,116.7,8.0,444(0),[西] 杉山佳明,202310010506
6,1,1,レインボーウォリア,牡3,56.0,原田和真,1:52.1,3.1/2,223.5,10.0,446(-4),[東] 伊坂重信,202310010506
7,2,2,タガノルビー,牝3,53.0,泉谷楓真,1:52.4,1.1/2,27.4,5.0,422(-10),[西] 宮徹,202310010506
8,8,10,リッタースポーツ,牡3,56.0,松若風馬,1:52.7,2,55.4,7.0,466(+4),[西] 鮫島一歩,202310010506
9,4,4,サンタモニカビーチ,牡3,56.0,松岡正海,1:52.9,1.1/4,42.6,6.0,526(+6),[東] 中野栄治,202310010506
10,6,6,ウインガレオン,牡3,56.0,黒岩悠,1:55.8,大,139.1,9.0,484(0),[西] 飯田雄三,202310010506
1,7,12,トップスターサン,牡5,58.0,斎藤新,1:44.2,,3.5,1.0,514(-4),[西] 四位洋文,202310010507
2,8,14,ミキノプリンス,牡4,53.0,古川奈穂,1:44.2,クビ,16.4,8.0,498(+6),[西] 大橋勇樹,202310010507
3,8,15,モズミツボシ,牡4,54.0,今村聖奈,1:44.3,アタマ,40.2,9.0,542(+12),[西] 飯田祐史,202310010507
4,1,1,クリノパイソン,セ5,55.0,佐々木大,1:44.5,1.1/2,11.8,5.0,476(-2),[東] 蛯名利弘,202310010507
5,7,13,ロイヤルダンス,牡5,58.0,丹内祐次,1:44.6,1/2,3.9,2.0,504(0),[東] 清水英克,202310010507
6,2,3,ベイビールビオ,牡4,57.0,柴山雄一,1:44.7,1/2,41.4,10.0,500(0),[東] 田村康仁,202310010507
7,5,8,チャールストン,セ4,57.0,原田和真,1:44.8,1/2,234.9,12.0,484(+4),[東] 小桧山悟,202310010507
8,4,7,キングレリック,牡4,57.0,松若風馬,1:44.8,クビ,6.2,4.0,518(0),[西] 高野友和,202310010507
9,5,9,クリノザウルス,牡5,57.0,秋山稔樹,1:44.9,1/2,314.3,14.0,486(0),[東] 本間忍,202310010507
10,3,5,ベンチャーアウト,牡5,58.0,西村淳也,1:45.0,1/2,5.3,3.0,498(-2),[西] 庄野靖志,202310010507
11,2,2,ケイティレインボー,牡4,53.0,永島まな,1:45.0,クビ,12.1,6.0,490(-8),[西] 杉山佳明,202310010507
12,6,10,サノラキ,牡4,55.0,小林凌大,1:45.2,1,117.2,11.0,486(0),[東] 中舘英二,202310010507
13,3,4,アテンパーティ,牡4,57.0,和田翼,1:45.6,2.1/2,254.3,13.0,442(-6),[西] 谷潔,202310010507
14,6,11,メジャークオリティ,牡4,57.0,藤岡康太,1:45.6,ハナ,14.0,7.0,488(-4),[西] 西園正都,202310010507
15,4,6,メイマックス,セ4,57.0,富田暁,1:47.0,9,351.9,15.0,472(+2),[東] 和田正一,202310010507
1,7,7,テーオーソクラテス,牡6,60.0,小坂忠士,3:51.4,,7.9,4.0,466(+4),[西] 奥村豊,202310010508
2,3,3,キャプテンペリー,セ10,60.0,草野太郎,3:51.6,1.1/2,13.6,6.0,514(+2),[東] 岩戸孝樹,202310010508
3,4,4,ナギサ,牝5,58.0,森一馬,3:51.8,1,5.9,3.0,506(-6),[西] 本田優,202310010508
4,7,8,ポルタフォリオ,牡5,59.0,北沢伸也,3:51.8,クビ,14.9,7.0,514(0),[西] 角田晃一,202310010508
5,8,10,スマートアペックス,牡6,61.0,中村将之,3:51.9,クビ,2.2,1.0,478(-8),[西] 中村直也,202310010508
6,8,9,リバーシブルレーン,牡7,60.0,石神深一,3:52.0,3/4,5.2,2.0,448(+10),[東] 辻哲英,202310010508
7,2,2,メイショウハチク,セ9,59.0,黒岩悠,3:52.0,クビ,21.0,8.0,476(0),[西] 南井克巳,202310010508
8,1,1,マリオ,牡8,60.0,平沢健治,3:52.6,3.1/2,9.9,5.0,504(+4),[西] 安達昭夫,202310010508
9,5,5,バルンストック,セ6,59.0,伴啓太,3:53.4,5,55.5,9.0,488(-4),[東] 天間昭一,202310010508
10,6,6,ダイメイコスモス,牡7,59.0,難波剛健,3:53.6,1.1/4,83.1,10.0,508(-4),[西] 森田直行,202310010508
1,2,2,レヴォリオ,牡5,58.0,西村淳也,1:50.1,,23.7,10.0,492(+2),[東] 伊坂重信,202310010509
2,6,9,サルサロッサ,牝4,55.0,団野大成,1:50.1,ハナ,10.6,7.0,456(0),[東] 高柳瑞樹,202310010509
3,4,6,オウケンボルト,牡4,57.0,丸山元気,1:50.2,クビ,18.9,8.0,460(0),[東] 土田稔,202310010509
4,3,3,ラウルピドゥ,牡4,57.0,斎藤新,1:50.3,3/4,7.6,5.0,480(+10),[西] 吉村圭司,202310010509
5,8,13,オーダーナチュラル,牡4,57.0,菱田裕二,1:50.4,1/2,7.0,3.0,462(+4),[西] 高橋亮,202310010509
6,8,14,コスモエクスプレス,牡4,57.0,丹内祐次,1:50.5,1/2,37.6,11.0,476(+4),[東] 松永康利,202310010509
7,6,10,コスモアシュラ,牡5,58.0,松若風馬,1:50.7,1.1/4,20.4,9.0,530(+16),[東] 中野栄治,202310010509
8,5,8,ミツルハピネス,牝5,56.0,泉谷楓真,1:50.7,ハナ,3.4,1.0,518(+2),[西] 南井克巳,202310010509
9,5,7,スズカキング,牡6,58.0,藤岡佑介,1:50.8,3/4,41.7,12.0,462(-2),[西] 橋田満,202310010509
10,4,5,パーサヴィアランス,牡4,57.0,富田暁,1:50.9,クビ,7.2,4.0,470(+12),[西] 西村真幸,202310010509
11,7,12,クロニクルノヴァ,セ4,57.0,藤岡康太,1:51.5,3.1/2,6.7,2.0,476(-6),[西] 武幸四郎,202310010509
12,7,11,グルーヴビート,牡5,58.0,幸英明,1:51.5,クビ,10.0,6.0,488(-1),[西] 中村直也,202310010509
13,1,1,ウインアステロイド,牡6,58.0,松岡正海,1:51.6,クビ,91.2,13.0,480(+4),[東] 和田正一,202310010509
14,3,4,レッドアダン,セ6,58.0,秋山稔樹,1:52.2,3.1/2,174.0,14.0,472(+8),[東] 尾関知人,202310010509
1,5,9,コンスタンティン,牝4,55.0,幸英明,1:44.3,,3.0,1.0,476(+8),[西] 石坂公一,202310010510
2,7,12,メイショウハナモモ,牝5,56.0,角田大河,1:44.3,クビ,9.3,3.0,468(+6),[西] 松永昌博,202310010510
3,8,14,ドローム,牝5,56.0,松岡正海,1:44.4,クビ,10.7,6.0,472(+4),[西] 飯田雄三,202310010510
4,4,7,リファインドマナー,牝5,56.0,松本大輝,1:44.6,3/4,22.2,10.0,454(0),[西] 杉山佳明,202310010510
5,7,13,ジャルジェ,牝6,56.0,藤岡康太,1:44.8,1.1/2,12.5,7.0,494(+2),[西] 千田輝彦,202310010510
6,3,4,センタースリール,牝4,55.0,丹内祐次,1:44.8,クビ,111.5,14.0,476(0),[東] 本間忍,202310010510
7,5,8,サンバデジャネイロ,牝5,56.0,団野大成,1:44.9,クビ,58.7,13.0,446(-6),[西] 奥村豊,202310010510
8,1,1,ペイシャオウユー,牝5,56.0,丸山元気,1:45.0,3/4,16.8,8.0,476(+4),[東] 石栗龍彦,202310010510
9,6,11,バライロノキセキ,牝5,56.0,藤岡佑介,1:45.1,3/4,10.6,5.0,482(-10),[西] 中竹和也,202310010510
10,2,2,ウインホノカ,牝7,56.0,野中悠太,1:45.3,1.1/2,185.5,15.0,424(+2),[東] 本間忍,202310010510
11,3,5,ウォーターアンク,牝5,56.0,菱田裕二,1:45.5,1.1/4,35.0,11.0,486(-8),[西] 岡田稲男,202310010510
12,2,3,タイセイヴィーナス,牝5,56.0,富田暁,1:45.5,アタマ,19.1,9.0,462(-12),[西] 大橋勇樹,202310010510
13,4,6,リースタル,牝4,55.0,西村淳也,1:45.6,クビ,10.2,4.0,440(+2),[西] 森田直行,202310010510
14,8,15,フローラルビアンカ,牝4,55.0,北村友一,1:46.2,4,4.6,2.0,486(+6),[西] 田中克典,202310010510
15,6,10,エレファンティネ,牝5,56.0,斎藤新,1:49.8,大,51.0,12.0,434(+6),[東] 斎藤誠,202310010510
1,4,7,エナジーグラン,牡4,58.0,亀田温心,1:09.2,,23.0,10.0,466(+12),[西] 高柳大輔,202310010511
2,7,13,アルムファーツリー,牝5,56.0,丸山元気,1:09.2,クビ,120.5,16.0,470(-12),[西] 川村禎彦,202310010511
3,1,1,メイショウハボタン,牝5,56.0,泉谷楓真,1:09.5,2,17.0,6.0,474(-6),[西] 南井克巳,202310010511
4,7,14,ウインモナーク,牡4,58.0,松岡正海,1:09.6,1/2,2.6,1.0,496(0),[東] 奥平雅士,202310010511
5,8,16,ダテボレアス,牡4,58.0,幸英明,1:09.7,クビ,14.8,5.0,490(0),[西] 西園正都,202310010511
6,2,3,コスモカッティーボ,牡6,58.0,団野大成,1:09.7,クビ,301.7,18.0,500(+2),[東] 畠山吉宏,202310010511
7,5,10,メイショウエニシア,牝5,56.0,藤岡佑介,1:09.7,ハナ,22.0,9.0,456(-2),[西] 本田優,202310010511
8,1,2,アスクキングコング,セ5,58.0,荻野琢真,1:09.7,ハナ,69.2,12.0,450(+8),[西] 梅田智之,202310010511
9,3,5,ブッシュガーデン,牝4,56.0,富田暁,1:10.0,1.1/2,4.2,2.0,472(+6),[東] 武井亮,202310010511
10,2,4,ワンダーカタリナ,牡6,58.0,松若風馬,1:10.0,アタマ,9.8,4.0,520(0),[西] 河内洋,202310010511
11,6,11,アラモードバイオ,牡5,58.0,菱田裕二,1:10.0,ハナ,21.7,8.0,508(-6),[西] 新谷功一,202310010511
12,8,18,メイショウイジゲン,牡5,58.0,角田大和,1:10.1,1/2,72.1,14.0,448(0),[西] 南井克巳,202310010511
13,4,8,トーセンサンダー,牡4,58.0,西村淳也,1:10.2,クビ,7.7,3.0,470(0),[東] 杉浦宏昭,202310010511
14,6,12,クープドクール,牝5,56.0,斎藤新,1:10.4,1,71.6,13.0,476(0),[西] 高橋義忠,202310010511
15,5,9,リーゼントフラム,牡6,58.0,藤岡康太,1:10.5,1,159.6,17.0,490(+4),[西] 矢作芳人,202310010511
16,8,17,トーホウラビアン,牝4,56.0,丹内祐次,1:10.7,1,35.2,11.0,414(-16),[西] 川村禎彦,202310010511
17,3,6,ヒノクニ,牝4,56.0,今村聖奈,1:10.9,1.1/4,19.9,7.0,450(+2),[東] 深山雅史,202310010511
18,7,15,サニーオーシャン,セ5,58.0,永島まな,1:11.1,1.1/4,102.0,15.0,454(0),[東] 中野栄治,202310010511
1,6,12,ショウナンアメリア,牝4,56.0,団野大成,1:09.7,,10.1,6.0,458(-6),[東] 奥村武,202310010512
2,5,9,トーホウジュナール,牝5,54.0,角田大河,1:09.8,1/2,5.8,4.0,476(-2),[西] 高橋亮,202310010512
3,2,4,ダノンカオス,セ6,54.0,永島まな,1:10.0,1.1/2,8.8,5.0,496(-2),[西] 佐々木晶,202310010512
4,7,15,イラーレ,牝4,52.0,古川奈穂,1:10.1,1/2,5.3,3.0,440(-4),[西] 北出成人,202310010512
5,8,16,デイトンウェイ,牡5,57.0,亀田温心,1:10.2,1/2,16.4,7.0,508(-2),[西] 野中賢二,202310010512
6,4,8,スカイトレイル,牝4,56.0,小崎綾也,1:10.2,ハナ,82.1,17.0,458(0),[西] 西村真幸,202310010512
7,7,14,センドハーマイラブ,牝5,54.0,藤田菜七,1:10.2,クビ,32.5,8.0,446(+10),[東] 高橋文雅,202310010512
8,3,5,プリモカリーナ,牝4,56.0,北村友一,1:10.2,アタマ,5.1,2.0,434(-4),[西] 安田隆行,202310010512
9,8,18,ラッシュアップ,セ6,58.0,丸山元気,1:10.3,アタマ,32.7,9.0,528(+8),[東] 金成貴史,202310010512
10,6,11,メイショウヒゾッコ,牝5,55.0,泉谷楓真,1:10.4,1/2,51.3,14.0,420(0),[西] 石橋守,202310010512
11,4,7,ユナイテッドハーツ,牡5,55.0,佐々木大,1:10.4,クビ,79.3,16.0,444(+4),[東] 新開幸一,202310010512
12,7,13,タイニープライド,牝4,56.0,川又賢治,1:10.6,3/4,75.8,15.0,444(+16),[西] 杉山佳明,202310010512
13,1,2,テンジュイン,牝6,56.0,富田暁,1:10.7,3/4,47.7,13.0,456(0),[西] 千田輝彦,202310010512
14,5,10,スウィートメリナ,牝6,54.0,小林凌大,1:10.7,ハナ,108.4,18.0,450(+8),[西] 羽月友彦,202310010512
15,1,1,トーホウデュラン,牡4,58.0,西村淳也,1:11.0,2,4.9,1.0,488(+4),[西] 石坂公一,202310010512
16,2,3,ピンクセイラー,牝4,55.0,秋山稔樹,1:11.4,2,33.2,10.0,460(+14),[東] 小笠倫弘,202310010512
17,8,17,プラソン,牝4,55.0,角田大和,1:11.6,3/4,44.9,11.0,450(+6),[西] 寺島良,202310010512
18,3,6,メリトクラシー,牝4,56.0,菱田裕二,1:12.5,5,45.3,12.0,516(0),[西] 武幸四郎,202310010512
1,4,5,ワレハウミノコ,牝3,54.0,富田暁,1:46.4,,2.8,1.0,446(0),[西] 武英智,202310010601
2,3,3,ワイドカイゼリン,牝3,54.0,藤岡佑介,1:46.6,1.1/4,8.5,4.0,476(+6),[西] 奥村豊,202310010601
3,7,11,メイショウマニス,牝3,54.0,西村淳也,1:46.7,3/4,7.3,3.0,418(+4),[西] 高橋義忠,202310010601
4,1,1,オンリーサンライズ,牝3,54.0,野中悠太,1:47.1,2.1/2,24.1,9.0,474(-2),[西] 安田翔伍,202310010601
5,8,12,ウィンウッドテール,牝3,54.0,幸英明,1:47.1,クビ,15.1,6.0,420(0),[西] 新谷功一,202310010601
6,5,6,テイケイヴィーノ,牝3,54.0,田中健,1:47.8,4,21.7,8.0,428(-4),[西] 荒川義之,202310010601
7,7,10,ミルザム,牝3,53.0,松本大輝,1:48.1,1.3/4,24.3,10.0,484(-6),[西] 牧田和弥,202310010601
8,6,8,マグノリアレーン,牝3,51.0,佐々木大,1:48.1,アタマ,67.8,12.0,430(+4),[東] 新開幸一,202310010601
9,5,7,フルール,牝3,50.0,古川奈穂,1:48.4,1.3/4,21.3,7.0,470(-4),[西] 矢作芳人,202310010601
10,8,13,アルマケルブ,牝3,54.0,松若風馬,1:48.7,2,109.6,13.0,452(+4),[西] 川村禎彦,202310010601
11,4,4,コウエイダイヤ,牝3,53.0,小沢大仁,1:48.7,アタマ,4.2,2.0,498(+2),[西] 新谷功一,202310010601
12,6,9,インディストーン,牝3,54.0,北村友一,1:49.1,2.1/2,9.3,5.0,428(-4),[東] 田中博康,202310010601
13,2,2,ヤマニンリーリオ,牝3,51.0,鷲頭虎太,1:49.2,3/4,30.7,11.0,458(-2),[西] 奥村豊,202310010601
1,8,16,スリーアイランド,牝3,54.0,藤岡佑介,1:09.7,,1.9,1.0,460(-8),[西] 橋田満,202310010602
2,6,12,グスタール,牡3,55.0,松本大輝,1:10.2,3,7.4,2.0,472(0),[東] 粕谷昌央,202310010602
3,5,10,リサリサ,牝3,54.0,幸英明,1:10.4,1.1/4,10.6,5.0,482(+18),[東] 田村康仁,202310010602
4,5,9,リッスンアップ,牝3,54.0,斎藤新,1:10.7,2,8.8,4.0,440(+4),[西] 藤岡健一,202310010602
5,2,4,クリノリアルレディ,牝3,52.0,小林凌大,1:10.9,1,100.8,13.0,484(+8),[東] 伊藤伸一,202310010602
6,8,17,マテンロウナイト,牡3,56.0,太宰啓介,1:10.9,クビ,22.6,7.0,470(-10),[西] 坂口智康,202310010602
7,8,18,フォミルマジック,牝3,51.0,鷲頭虎太,1:10.9,アタマ,19.4,6.0,450(+2),[西] 藤原英昭,202310010602
8,2,3,シュハリ,牡3,55.0,秋山稔樹,1:11.0,クビ,218.5,16.0,424(+2),[西] 鈴木孝志,202310010602
9,7,15,ピンポンマム,牝3,54.0,丹内祐次,1:11.0,クビ,28.3,8.0,424(+10),[東] 青木孝文,202310010602
10,1,2,メイショウコウテツ,牡3,55.0,亀田温心,1:11.1,クビ,34.1,11.0,436(+10),[西] 南井克巳,202310010602
11,7,13,キースケデシュ,牝3,54.0,勝浦正樹,1:11.2,3/4,71.7,12.0,450(+2),[東] 伊藤伸一,202310010602
12,1,1,レイレフア,牝3,54.0,西村淳也,1:11.3,3/4,7.8,3.0,452(+2),[東] 加藤士津,202310010602
13,4,7,リュウノステルス,牡3,53.0,佐々木大,1:11.3,クビ,189.0,15.0,442(+10),[東] 岩戸孝樹,202310010602
14,3,5,クリノタカラブネ,牡3,53.0,水沼元輝,1:11.5,1,322.1,17.0,440(0),[東] 天間昭一,202310010602
15,3,6,ロンスアンドロンス,牡3,55.0,小沢大仁,1:11.5,クビ,366.8,18.0,442(-2),[西] 松永昌博,202310010602
16,4,8,レッジェンダペスカ,牡3,55.0,角田大和,1:11.8,1.3/4,30.3,10.0,486(-10),[西] 角田晃一,202310010602
17,6,11,ビッグベルーガ,牡3,56.0,ムルザバ,1:11.9,クビ,28.8,9.0,464(+2),[西] 牧浦充徳,202310010602
18,7,14,ヌンフェルモ,牝3,52.0,藤田菜七,1:12.3,2.1/2,184.6,14.0,444(-4),[東] 本間忍,202310010602
1,6,7,ミヤジトレヴ,牝3,54.0,西村淳也,0:58.7,,3.9,2.0,510(+2),[西] 川村禎彦,202310010603
2,5,5,アイファースキャン,牡3,54.0,藤田菜七,0:58.9,3/4,5.8,4.0,478(-4),[東] 根本康広,202310010603
3,8,10,デアシュトゥルム,牡3,56.0,斎藤新,0:59.3,2.1/2,4.0,3.0,446(-6),[西] 吉田直弘,202310010603
4,1,1,コスモジョセフ,牡3,56.0,丹内祐次,0:59.4,3/4,3.1,1.0,464(-4),[東] 伊藤大士,202310010603
5,2,2,クリノビッグママ,牝3,52.0,小林凌大,0:59.5,1/2,126.9,11.0,422(+2),[東] 石毛善彦,202310010603
6,3,3,セントランサス,牝3,51.0,鷲頭虎太,0:59.6,1,46.3,9.0,394(0),[西] 吉岡辰弥,202310010603
7,7,9,オザナリ,牝3,51.0,水沼元輝,1:00.2,3.1/2,44.8,8.0,386(0),[東] 深山雅史,202310010603
8,7,8,コウセイエミオト,牝3,50.0,古川奈穂,1:00.5,1.1/2,13.8,6.0,390(-8),[東] 中野栄治,202310010603
9,6,6,デジタルテーラー,牡3,56.0,菱田裕二,1:00.5,クビ,12.8,5.0,540(0),[西] 河内洋,202310010603
10,8,11,タマモガーベラ,牝3,51.0,佐々木大,1:00.9,2.1/2,62.0,10.0,404(0),[東] 水野貴広,202310010603
11,4,4,ロックジャム,牝3,54.0,富田暁,1:00.9,ハナ,28.5,7.0,456(-6),[西] 安達昭夫,202310010603
1,7,9,ビクトリーシューズ,牡6,60.0,難波剛健,3:15.4,,2.4,1.0,472(0),[西] 中村直也,202310010604
2,2,2,ザレストノーウェア,牡5,60.0,蓑島靖典,3:15.7,1.1/2,11.8,6.0,462(+4),[東] 新開幸一,202310010604
3,5,6,グリニッチヴィレジ,牝10,58.0,伴啓太,3:16.2,3,8.0,4.0,450(-10),[東] 天間昭一,202310010604
4,7,10,ベラコリーダ,牝4,57.0,森一馬,3:16.6,2.1/2,7.0,3.0,452(-2),[西] 斉藤崇史,202310010604
5,3,3,サンデイビス,牡5,60.0,五十嵐雄,3:18.5,大,17.3,8.0,506(-8),[東] 村田一誠,202310010604
6,4,4,テイエムケントオー,牡4,59.0,小野寺祐,3:19.5,6,50.4,11.0,460(+18),[西] 五十嵐忠,202310010604
7,6,8,ユーベルント,牝5,58.0,大庭和弥,3:20.4,5,35.2,9.0,444(+2),[東] 堀内岳志,202310010604
8,6,7,マイネルアルケミー,牡7,60.0,石神深一,3:20.4,クビ,5.1,2.0,490(+2),[東] 中野栄治,202310010604
9,8,12,アイファーロブスト,牡4,59.0,大江原圭,3:20.6,3/4,111.6,12.0,424(0),[東] 蛯名利弘,202310010604
10,5,5,スマートウィザード,牡6,60.0,平沢健治,3:21.8,7,39.6,10.0,490(+2),[西] 吉田直弘,202310010604
11,1,1,スターファースト,牡4,57.0,小牧加矢,3:22.3,3,10.7,5.0,488(-8),[西] 小崎憲,202310010604
12,8,11,ランドフェニックス,牡4,59.0,中村将之,3:23.5,7,14.7,7.0,500(0),[西] 安達昭夫,202310010604
1,7,15,シンプリーオーサム,牡3,56.0,西村淳也,1:10.2,,4.9,2.0,528(0),[西] 吉岡辰弥,202310010605
2,7,13,エイシンエマーユ,牝3,54.0,丹内祐次,1:10.3,1/2,24.0,10.0,444(0),[東] 田中剛,202310010605
3,2,3,ウォーターリーダー,牡3,56.0,北村友一,1:10.5,1.1/2,8.5,4.0,440(0),[西] 安田隆行,202310010605
4,5,9,レディメローラ,牝3,53.0,亀田温心,1:10.7,1.1/4,18.4,9.0,402(0),[西] 北出成人,202310010605
5,4,7,ジョーイルムシュ,牝3,54.0,斎藤新,1:10.7,クビ,5.6,3.0,446(0),[西] 清水久詞,202310010605
6,6,11,フィオーレシチー,牡3,56.0,幸英明,1:10.8,1/2,4.8,1.0,456(0),[西] 西園正都,202310010605
7,8,17,メリトリオ,牡3,56.0,丸山元気,1:10.9,1/2,13.5,6.0,478(0),[東] 大竹正博,202310010605
8,8,18,ラヴユアセルフ,牝3,50.0,古川奈穂,1:11.2,2,14.1,7.0,428(0),[西] 松永幹夫,202310010605
9,8,16,アンジュアムール,牝3,53.0,秋山稔樹,1:11.2,クビ,86.8,17.0,430(0),[東] 矢野英一,202310010605
10,6,12,ショウナンマナ,牝3,54.0,松若風馬,1:11.3,1/2,26.2,11.0,456(0),[西] 吉村圭司,202310010605
11,1,1,ファリガ,牝3,54.0,藤岡佑介,1:11.3,クビ,11.8,5.0,408(0),[西] 笹田和秀,202310010605
12,3,6,プロスパーバイオ,牝3,54.0,菱田裕二,1:11.6,2,82.9,16.0,440(0),[西] 畑端省吾,202310010605
13,2,4,エッセンシャリティ,牝3,51.0,佐々木大,1:11.8,3/4,30.8,12.0,394(0),[東] 蛯名正義,202310010605
14,3,5,アンジェリア,牝3,53.0,泉谷楓真,1:11.8,ハナ,75.1,14.0,422(0),[西] 牧浦充徳,202310010605
15,7,14,タマモコンペイトウ,牝3,51.0,鷲頭虎太,1:11.8,クビ,125.4,18.0,466(0),[西] 新谷功一,202310010605
16,4,8,ヒットザフロント,牝3,54.0,富田暁,1:12.0,1,14.8,8.0,484(0),[西] 武英智,202310010605
17,1,2,エコロミューズ,牝3,53.0,小沢大仁,1:12.2,1.1/2,80.5,15.0,482(0),[西] 牧浦充徳,202310010605
18,5,10,ゼンノアマテラス,牝3,53.0,角田大和,1:12.6,2.1/2,34.2,13.0,424(0),[西] 武幸四郎,202310010605
1,7,8,アウフヘーベン,牝3,54.0,太宰啓介,2:04.6,,4.2,2.0,450(-2),[西] 高橋亮,202310010606
2,3,3,スズカハービン,牡3,56.0,藤岡佑介,2:04.8,1.1/4,8.2,4.0,464(+2),[西] 橋田満,202310010606
3,1,1,キャリーハピネス,牡3,56.0,ムルザバ,2:04.9,3/4,5.3,3.0,470(+10),[西] 清水久詞,202310010606
4,6,7,アワビキング,牡3,54.0,小林凌大,2:04.9,ハナ,26.7,8.0,464(-4),[東] 尾形和幸,202310010606
5,8,10,プレシャスストーン,牝3,54.0,丹内祐次,2:05.0,3/4,9.7,6.0,396(-2),[東] 松山将樹,202310010606
6,2,2,カズボニファシオ,牡3,56.0,野中悠太,2:05.1,3/4,2.7,1.0,500(-8),[西] 安田翔伍,202310010606
7,4,4,フォーチュンコード,牝3,54.0,北村友一,2:05.3,1.1/4,79.1,9.0,472(0),[西] 小林真也,202310010606
8,7,9,ウィングマン,牡3,56.0,斎藤新,2:05.6,1.3/4,14.0,7.0,456(-4),[東] 斎藤誠,202310010606
9,6,6,ニシノオスマン,牡3,56.0,幸英明,2:05.7,1/2,9.0,5.0,474(-6),[西] 橋口慎介,202310010606
10,8,11,フォルテカヴァロ,牡3,55.0,小沢大仁,2:06.4,4,122.0,10.0,476(-2),[西] 石橋守,202310010606
11,5,5,ドゥライト,牡3,53.0,鷲頭虎太,2:06.7,1.1/2,227.6,11.0,486(0),[東] 大和田成,202310010606
1,7,11,ブランアルディ,牝4,55.0,西村淳也,1:45.6,,6.4,3.0,468(-10),[西] 辻野泰之,202310010607
2,8,12,クリノニキータ,牝6,55.0,角田大和,1:45.7,クビ,6.9,4.0,478(+6),[西] 大根田裕,202310010607
3,4,4,スカンジナビア,牝4,55.0,富田暁,1:46.1,2.1/2,2.2,1.0,456(-6),[西] 四位洋文,202310010607
4,3,3,ワイルドベティ,牝4,54.0,小沢大仁,1:46.2,3/4,37.7,7.0,412(-6),[西] 今野貞一,202310010607
5,6,9,レリジールダモーレ,牝4,55.0,菱田裕二,1:46.4,1.1/4,8.5,5.0,434(-8),[西] 高橋義忠,202310010607
6,4,5,ベルカノア,牝4,53.0,藤田菜七,1:46.5,クビ,15.0,6.0,460(0),[東] 武藤善則,202310010607
7,2,2,シアープレジャー,牝6,53.0,佐々木大,1:46.6,3/4,70.8,9.0,434(+4),[東] 大江原哲,202310010607
8,5,7,カンパニュール,牝4,55.0,野中悠太,1:47.0,2.1/2,74.6,10.0,476(-4),[東] 堀内岳志,202310010607
9,7,10,パタゴニア,牝5,56.0,ムルザバ,1:47.0,ハナ,4.4,2.0,502(+4),[西] 池添学,202310010607
10,6,8,パリスデージー,牝6,56.0,斎藤新,1:47.6,4,172.1,13.0,442(-12),[東] 佐藤吉勝,202310010607
11,1,1,サルサディーバ,牝4,54.0,秋山稔樹,1:48.2,3.1/2,81.4,11.0,494(0),[西] 森田直行,202310010607
12,5,6,キットクル,牝4,55.0,丹内祐次,1:49.5,8,145.7,12.0,454(+6),[東] 竹内正洋,202310010607
13,8,13,ネージュプドルーズ,牝4,51.0,古川奈穂,1:49.7,1.1/4,49.9,8.0,422(+6),[東] 尾関知人,202310010607
1,7,13,コーリングユー,牝4,56.0,斎藤新,1:09.6,,11.7,5.0,438(0),[西] 安田隆行,202310010608
2,1,1,ホウオウエンジェル,牝6,56.0,丹内祐次,1:09.8,1,14.5,6.0,472(0),[東] 加藤和宏,202310010608
3,8,15,ジョーブリッランテ,牡4,58.0,西村淳也,1:09.8,クビ,7.4,2.0,508(-12),[西] 清水久詞,202310010608
4,2,2,オリンピックデイ,牡5,58.0,ムルザバ,1:09.9,3/4,1.9,1.0,504(-2),[西] 西村真幸,202310010608
5,7,12,タイキバンディエラ,牡4,57.0,小沢大仁,1:10.0,クビ,16.1,7.0,504(0),[西] 牧浦充徳,202310010608
6,4,6,タツオウカケンラン,牝6,56.0,松若風馬,1:10.2,1,37.4,10.0,458(0),[西] 鮫島一歩,202310010608
7,5,9,ソルトキャピタル,牡6,58.0,太宰啓介,1:10.2,アタマ,10.2,4.0,536(-12),[西] 木原一良,202310010608
8,5,8,テセウス,牡5,58.0,原田和真,1:10.2,ハナ,60.0,12.0,464(+2),[東] 奥平雅士,202310010608
9,6,11,エクロール,牝4,55.0,角田大和,1:10.3,1/2,7.7,3.0,430(-6),[西] 長谷川浩,202310010608
10,8,14,エイシンディアデム,牝5,54.0,藤田菜七,1:10.6,2,120.7,13.0,442(+6),[東] 根本康広,202310010608
11,3,4,ファタリテ,牡7,55.0,佐々木大,1:10.6,アタマ,50.8,11.0,452(-4),[西] 大根田裕,202310010608
12,4,7,クレイジーリッチ,牡5,55.0,鷲頭虎太,1:10.8,1.1/4,132.5,14.0,508(+10),[東] 小手川準,202310010608
13,2,3,マスキエッタ,牝4,55.0,亀田温心,1:11.3,3,18.2,8.0,460(-6),[西] 野中賢二,202310010608
14,3,5,ランスオブミューズ,牝5,56.0,城戸義政,1:13.2,大,30.3,9.0,450(+18),[西] 奥村豊,202310010608
取,6,10,キャニオニング,牝5,56.0,勝浦正樹,,,---,,計不,[東] 村田一誠,202310010608
1,1,1,ツウカイリアル,牡3,56.0,幸英明,1:44.4,,5.9,3.0,480(-10),[西] 庄野靖志,202310010609
2,6,9,ブライトファントム,牡3,56.0,松若風馬,1:44.9,2.1/2,20.5,10.0,520(+18),[西] 杉山晴紀,202310010609
3,8,13,メイショウポペット,牝3,54.0,角田大和,1:45.0,1/2,8.4,5.0,484(-4),[西] 角田晃一,202310010609
4,2,2,オウギノカナメ,牡3,56.0,勝浦正樹,1:45.0,ハナ,26.9,11.0,462(0),[東] 高木登,202310010609
5,6,10,リチャ,牡3,56.0,菱田裕二,1:45.1,1,14.5,7.0,482(-2),[東] 田中博康,202310010609
6,7,12,ロードラディウス,牡3,56.0,秋山稔樹,1:45.3,1,8.4,4.0,474(-6),[西] 森田直行,202310010609
7,3,3,フライヤートゥルー,牡3,56.0,ムルザバ,1:45.4,1/2,9.1,6.0,480(+14),[西] 橋口慎介,202310010609
8,5,8,ケイエイト,牡3,56.0,丸山元気,1:45.6,1.1/4,17.1,8.0,460(-4),[西] 羽月友彦,202310010609
9,8,14,サンライズジーク,牡3,56.0,藤岡佑介,1:45.7,クビ,4.3,1.0,510(+18),[西] 矢作芳人,202310010609
10,7,11,ライオットガール,牝3,54.0,小沢大仁,1:45.8,3/4,45.7,14.0,462(-8),[西] 中村直也,202310010609
11,4,5,トゥービートライン,牡3,56.0,丹内祐次,1:46.5,4,44.2,13.0,478(+6),[東] 尾形和幸,202310010609
12,5,7,バンブーグローブ,牡3,56.0,斎藤新,1:47.7,7,29.4,12.0,490(+6),[東] 斎藤誠,202310010609
13,4,6,サグアロ,牡3,56.0,北村友一,1:47.9,1,5.9,2.0,524(-6),[西] 高野友和,202310010609
中,3,4,ルクルス,牡3,56.0,西村淳也,,,20.5,9.0,504(-4),[西] 松永幹夫,202310010609
1,2,2,エヴィダンシア,牡4,57.0,角田大和,2:42.1,,18.0,6.0,482(-6),[西] 藤原英昭,202310010610
2,5,5,ウインマイルート,牡4,57.0,丹内祐次,2:42.7,4,4.2,3.0,462(+6),[東] 鈴木慎太,202310010610
3,7,7,タガノバルコス,牡4,57.0,菱田裕二,2:43.3,3.1/2,13.4,5.0,482(-6),[西] 鮫島一歩,202310010610
4,6,6,ロックバウンド,牡4,57.0,ムルザバ,2:43.4,3/4,2.8,1.0,468(-6),[西] 松永昌博,202310010610
5,1,1,アスカノミライ,牡5,58.0,西村淳也,2:43.6,1.1/4,3.2,2.0,536(+4),[西] 川村禎彦,202310010610
6,3,3,ヴィルトブリーゼ,牝4,55.0,野中悠太,2:44.3,4,4.9,4.0,438(+6),[東] 古賀慎明,202310010610
7,4,4,クリノイヴァンカ,牝7,56.0,和田翼,2:44.7,2.1/2,58.5,7.0,464(-4),[西] 谷潔,202310010610
1,8,18,スンリ,牝5,56.0,ムルザバ,1:09.1,,5.7,2.0,486(0),[西] 清水久詞,202310010611
2,4,8,クリノマジン,牡4,57.0,小沢大仁,1:09.2,1/2,8.3,5.0,450(-6),[西] 高橋義忠,202310010611
3,6,11,グランレイ,牡6,57.0,北村友一,1:09.3,3/4,24.1,8.0,478(+14),[西] 池添学,202310010611
4,1,2,ジャカランダレーン,牝5,54.0,藤岡佑介,1:09.4,クビ,29.7,11.0,454(-4),[西] 中内田充,202310010611
5,7,15,ダノンシティ,牡7,56.0,幸英明,1:09.4,クビ,64.6,16.0,494(+4),[西] 橋口慎介,202310010611
6,6,12,ドグマ,牡4,56.0,西村淳也,1:09.4,アタマ,4.1,1.0,496(+6),[西] 武幸四郎,202310010611
7,5,10,メイショウツツジ,牝5,53.0,泉谷楓真,1:09.5,クビ,25.5,10.0,436(+2),[西] 南井克巳,202310010611
8,7,14,モンファボリ,牝5,54.0,荻野琢真,1:09.6,3/4,47.8,15.0,450(-2),[西] 須貝尚介,202310010611
9,3,6,カバーガール,牝5,53.0,勝浦正樹,1:09.6,ハナ,41.9,14.0,474(-6),[西] 清水久詞,202310010611
10,8,17,ファイアダンサー,牝5,54.0,丹内祐次,1:09.6,クビ,11.6,6.0,458(-4),[東] 鈴木慎太,202310010611
11,2,4,サトノジヴェルニー,牡6,55.0,松若風馬,1:09.7,クビ,34.8,13.0,472(+6),[西] 音無秀孝,202310010611
12,4,7,コスモアンジュ,牝6,54.0,野中悠太,1:09.7,クビ,75.6,17.0,502(-4),[東] 武藤善則,202310010611
13,2,3,ブレスレスリー,牝4,55.0,斎藤新,1:09.7,ハナ,7.6,4.0,468(+10),[西] 藤岡健一,202310010611
14,5,9,カフジテトラゴン,牝4,54.0,富田暁,1:09.9,1,6.7,3.0,450(-6),[西] 武英智,202310010611
15,7,13,フォイアーロート,牡5,55.0,田中健,1:10.0,1/2,33.0,12.0,478(+4),[西] 中村直也,202310010611
16,8,16,タマモティータイム,牝6,54.0,亀田温心,1:10.1,1,24.6,9.0,472(+2),[西] 南井克巳,202310010611
17,1,1,ビアイ,牝6,54.0,菱田裕二,1:10.2,1/2,17.7,7.0,504(-6),[西] 畑端省吾,202310010611
18,3,5,テーオーマルクス,牡6,54.0,鮫島良太,1:10.4,3/4,124.6,18.0,512(+14),[西] 宮徹,202310010611
1,8,11,テリオスマナ,牝5,56.0,西村淳也,2:02.9,,9.1,6.0,466(+12),[西] 松下武士,202310010612
2,6,8,エレフセリア,牝5,56.0,丹内祐次,2:03.1,1.1/4,4.9,2.0,454(+6),[東] 武藤善則,202310010612
3,4,4,ポルテーニャ,牝4,55.0,鮫島良太,2:03.5,2.1/2,39.0,9.0,434(-2),[西] 西村真幸,202310010612
4,2,2,シャトンアンジュ,牝4,55.0,北村友一,2:03.6,1/2,3.3,1.0,428(+4),[西] 池添学,202310010612
5,6,7,ツッチーフェイス,牝4,54.0,小沢大仁,2:03.6,アタマ,4.9,3.0,448(-4),[西] 今野貞一,202310010612
6,1,1,キタサンシンドー,牝5,56.0,ムルザバ,2:03.7,1/2,8.3,5.0,486(+6),[西] 斉藤崇史,202310010612
7,3,3,アールフォルス,牝4,55.0,幸英明,2:03.7,クビ,8.1,4.0,456(-4),[西] 橋口慎介,202310010612
8,7,10,ダノンティアラ,牝4,52.0,佐々木大,2:03.9,1.1/4,10.3,7.0,442(-8),[東] 大竹正博,202310010612
9,8,12,フェブサンカラ,牝4,55.0,富田暁,2:04.0,クビ,81.9,10.0,404(0),[西] 川村禎彦,202310010612
10,5,5,サツキハピネス,牝5,55.0,角田大和,2:04.2,1.1/4,23.2,8.0,458(+2),[西] 寺島良,202310010612
11,5,6,クオンタム,牝5,56.0,勝浦正樹,2:04.5,2,120.7,11.0,456(+2),[東] 村田一誠,202310010612
12,7,9,ジェラペッシュ,牝6,54.0,小林凌大,2:05.0,3,154.2,12.0,452(0),[東] 南田美知,202310010612
1,7,9,スマートアイ,牝3,54.0,武豊,1:47.5,,1.9,1.0,500(-4),[西] 寺島良,202310010701
2,6,7,ショウナンアキドン,牡3,56.0,福永祐一,1:47.6,3/4,2.1,2.0,474(+2),[西] 高野友和,202310010701
3,8,12,イツモハラペコ,牡3,56.0,富田暁,1:48.8,7,9.2,3.0,466(0),[西] 畑端省吾,202310010701
4,1,1,マカーリオ,牝3,54.0,幸英明,1:49.4,3.1/2,30.1,6.0,480(-6),[西] 飯田祐史,202310010701
5,2,2,フルール,牝3,50.0,古川奈穂,1:49.5,3/4,41.8,7.0,464(-6),[西] 矢作芳人,202310010701
6,5,5,コスモチプリア,牝3,54.0,丹内祐次,1:50.2,4,22.4,4.0,430(+2),[東] 田村康仁,202310010701
7,6,8,シャイナライ,牝3,54.0,黛弘人,1:50.4,1,434.3,11.0,436(-2),[東] 宗像義忠,202310010701
8,4,4,ハーベストデイ,牡3,56.0,ムルザバ,1:50.4,アタマ,25.6,5.0,480(-4),[西] 松下武士,202310010701
9,8,11,オボロヅキヨ,牡3,52.0,永島まな,1:51.0,4,137.7,9.0,430(+4),[西] 渡辺薫彦,202310010701
10,5,6,ハイエナジー,セ3,53.0,今村聖奈,1:53.0,大,113.2,8.0,448(+6),[西] 高橋亮,202310010701
11,7,10,ニホンピロシーガー,牡3,56.0,小牧太,1:53.3,1.1/2,452.6,12.0,448(+2),[西] 服部利之,202310010701
12,3,3,サンクスギビング,牡3,56.0,城戸義政,1:53.7,2.1/2,173.8,10.0,466(-4),[西] 羽月友彦,202310010701
1,4,5,ドナウパール,牝3,54.0,福永祐一,1:47.6,,1.7,1.0,434(+2),[西] 斉藤崇史,202310010702
2,6,8,シャイニースイフト,牡3,53.0,佐々木大,1:48.0,2.1/2,9.5,4.0,436(0),[東] 菊川正達,202310010702
3,8,12,ダミエ,牡3,56.0,武豊,1:48.3,1.3/4,4.7,2.0,476(-8),[西] 武幸四郎,202310010702
4,6,9,キタノチェロキー,牝3,52.0,原優介,1:48.9,3.1/2,35.0,7.0,454(0),[東] 粕谷昌央,202310010702
5,5,6,メイショウオオミネ,牡3,55.0,角田大和,1:48.9,クビ,135.2,10.0,448(-2),[西] 石橋守,202310010702
6,3,3,ダリオールショコラ,牝3,54.0,丹内祐次,1:49.0,1/2,227.8,12.0,428(+2),[東] 栗田徹,202310010702
7,2,2,サマニテイオー,牡3,56.0,的場勇人,1:49.1,クビ,174.4,11.0,420(-2),[東] 的場均,202310010702
8,7,11,ギルデッドフレーム,牡3,52.0,永島まな,1:49.1,クビ,35.5,8.0,438(0),[西] 坂口智康,202310010702
9,1,1,スイーツバイキング,牝3,51.0,今村聖奈,1:49.2,クビ,6.4,3.0,444(+10),[東] 大竹正博,202310010702
10,7,10,ヒノタマボーイ,牡3,56.0,藤岡康太,1:49.2,ハナ,62.3,9.0,438(+10),[西] 安達昭夫,202310010702
11,5,7,モンテナルス,牝3,52.0,小林凌大,1:49.4,1.1/4,503.9,13.0,438(0),[西] 中尾秀正,202310010702
12,4,4,ウォーターハウス,牡3,56.0,ムルザバ,1:50.2,5,13.1,5.0,492(+6),[西] 高野友和,202310010702
13,8,13,ニシノカナン,牡3,56.0,幸英明,1:50.5,2,23.6,6.0,506(+2),[東] 杉浦宏昭,202310010702
1,3,4,ジャスパーロイヤル,牡3,56.0,武豊,0:59.2,,1.9,1.0,476(+2),[西] 森秀行,202310010703
2,6,10,タノムデホンマ,セ3,53.0,今村聖奈,1:00.1,5,7.2,3.0,420(+2),[西] 服部利之,202310010703
3,4,6,シゲルダンガン,牡3,56.0,菱田裕二,1:00.1,クビ,9.4,4.0,500(-4),[西] 谷潔,202310010703
4,3,3,フクノワカバ,牝3,50.0,永島まな,1:00.3,1,3.3,2.0,446(-2),[西] 杉山佳明,202310010703
5,8,13,イナホ,牝3,54.0,勝浦正樹,1:00.8,3,206.6,13.0,448(-6),[東] 小桧山悟,202310010703
6,2,2,グラスヴィガー,牡3,53.0,土田真翔,1:01.0,1,18.0,6.0,466(+8),[東] 尾形和幸,202310010703
7,1,1,メローラ,牝3,51.0,水沼元輝,1:01.3,2,38.1,7.0,454(+8),[東] 村田一誠,202310010703
8,5,8,カシノビルボード,牡3,56.0,森裕太朗,1:01.3,アタマ,231.7,14.0,452(0),[東] 天間昭一,202310010703
9,4,5,ウォーターレモン,牡3,54.0,小林凌大,1:01.4,1/2,16.5,5.0,470(-2),[東] 伊藤圭三,202310010703
10,6,9,メイショウコウラン,牝3,54.0,幸英明,1:01.7,2,71.3,8.0,384(+2),[西] 荒川義之,202310010703
11,5,7,サンアルフィー,牝3,52.0,藤田菜七,1:01.9,1.1/2,177.8,11.0,406(+12),[東] 水野貴広,202310010703
12,7,11,チキチキチータ,牝3,54.0,浜中俊,1:02.2,1.1/2,197.8,12.0,412(-2),[東] 杉浦宏昭,202310010703
13,8,14,ニトウリュウ,牝3,51.0,鷲頭虎太,1:02.3,1/2,150.2,10.0,398(+2),[西] 鈴木孝志,202310010703
14,7,12,トップモーリス,牝3,54.0,藤岡康太,1:02.7,2.1/2,129.9,9.0,426(+6),[西] 牧田和弥,202310010703
1,6,9,ロードアクア,牡7,61.0,難波剛健,3:49.6,,1.8,1.0,480(-6),[西] 中村直也,202310010704
2,7,11,ショウナンサルヴォ,牡5,60.0,中村将之,3:50.0,2.1/2,8.5,3.0,506(-2),[西] 吉村圭司,202310010704
3,3,3,グレートバローズ,牡6,60.0,小坂忠士,3:50.1,1/2,4.5,2.0,488(0),[西] 辻野泰之,202310010704
4,8,13,ポートロイヤル,セ7,60.0,伴啓太,3:50.7,3.1/2,23.9,7.0,472(0),[東] 高柳瑞樹,202310010704
5,6,10,ジャディード,牡8,60.0,石神深一,3:50.8,クビ,24.1,8.0,456(+4),[東] 小島茂之,202310010704
6,3,4,マイネルダンク,牡5,60.0,五十嵐雄,3:50.8,ハナ,8.9,4.0,452(+6),[東] 青木孝文,202310010704
7,4,5,タガノペルマネンテ,牝6,58.0,黒岩悠,3:51.5,4,43.2,9.0,438(-20),[西] 平田修,202310010704
8,1,1,デストロイ,セ9,60.0,蓑島靖典,3:51.8,1.1/2,145.9,13.0,508(0),[東] 高橋裕,202310010704
9,7,12,スーパーフェイバー,牡5,60.0,小野寺祐,3:51.8,ハナ,61.1,10.0,508(+4),[西] 矢作芳人,202310010704
10,8,14,メイショウベンガル,牡6,60.0,森一馬,3:51.9,1/2,22.0,6.0,494(+4),[西] 松永昌博,202310010704
11,5,8,スリーケイエヌ,牡5,60.0,北沢伸也,3:52.0,3/4,110.5,11.0,472(+2),[西] 藤沢則雄,202310010704
12,2,2,スマートキャノン,牡4,57.0,小牧加矢,3:52.1,3/4,15.8,5.0,478(+6),[西] 音無秀孝,202310010704
13,4,6,ヤマノグリッターズ,牡5,60.0,草野太郎,3:52.5,2.1/2,128.3,12.0,502(-4),[東] 松山将樹,202310010704
14,5,7,キタノテイオウ,牡8,60.0,大江原圭,3:53.4,5,271.6,14.0,458(-8),[東] 和田雄二,202310010704
1,6,7,スマッシャー,牡5,60.0,平沢健治,3:14.1,,1.5,1.0,494(+8),[西] 吉岡辰弥,202310010705
2,4,4,ヴァンクールシルク,セ9,60.0,伴啓太,3:14.8,4,21.7,7.0,582(+2),[東] 黒岩陽一,202310010705
3,3,3,モーニングアヤメ,牝5,58.0,蓑島靖典,3:14.9,1/2,15.1,5.0,444(+4),[東] 浅野洋一,202310010705
4,5,6,シゲルキンセイ,牡6,57.0,小牧加矢,3:15.4,3,6.9,3.0,486(+6),[西] 五十嵐忠,202310010705
5,7,10,タイセイモンストル,牡6,60.0,小野寺祐,3:15.9,3,13.5,4.0,486(-2),[西] 矢作芳人,202310010705
6,5,5,ワンダーサーイター,牡6,60.0,西村太一,3:15.9,アタマ,114.4,10.0,450(-18),[東] 畠山吉宏,202310010705
7,7,9,ベストインクラス,牡5,60.0,大庭和弥,3:16.3,2.1/2,255.3,12.0,508(+2),[東] 伊藤伸一,202310010705
8,6,8,メイショウカムロ,牡6,60.0,西谷誠,3:18.3,大,85.0,9.0,454(+2),[西] 荒川義之,202310010705
9,1,1,イントロバート,牝4,57.0,大江原圭,3:22.6,大,69.9,8.0,486(-2),[東] 的場均,202310010705
中,2,2,ホウオウフラッシュ,牝4,57.0,草野太郎,,,188.7,11.0,452(+8),[東] 松山将樹,202310010705
中,8,11,スマートルミエール,牡6,60.0,五十嵐雄,,,5.5,2.0,448(+2),[東] 高橋文雅,202310010705
中,8,12,バレッティ,セ9,60.0,石神深一,,,16.2,6.0,514(+6),[東] 久保田貴,202310010705
1,4,4,サスケ,牡3,56.0,福永祐一,2:01.2,,2.8,2.0,464(0),[西] 西村真幸,202310010706
2,2,2,リリーバローズ,牝3,51.0,今村聖奈,2:01.4,1.1/4,5.2,3.0,434(0),[西] 寺島良,202310010706
3,3,3,ディオファントス,牡3,56.0,ムルザバ,2:01.6,1.1/4,2.0,1.0,500(+2),[西] 斉藤崇史,202310010706
4,6,6,ウインエクラン,牡3,56.0,丹内祐次,2:02.0,2.1/2,37.2,6.0,464(-6),[西] 宮徹,202310010706
5,8,8,ダノンワンナップ,牡3,55.0,角田大和,2:02.1,1/2,21.2,5.0,474(-4),[東] 田中博康,202310010706
6,1,1,カズキ,牡3,56.0,荻野琢真,2:02.2,クビ,56.2,7.0,444(-12),[西] 梅田智之,202310010706
7,7,7,ロジウムエポック,牡3,56.0,富田暁,2:02.5,2,9.4,4.0,474(-6),[西] 四位洋文,202310010706
8,8,9,ケイツークローン,セ3,53.0,佐々木大,2:02.9,2.1/2,109.9,8.0,464(-6),[東] 大江原哲,202310010706
9,5,5,ヌンフェルモ,牝3,52.0,藤田菜七,2:05.6,大,149.6,9.0,440(-4),[東] 本間忍,202310010706
1,1,1,サトミノマロン,牡4,57.0,武豊,1:46.1,,4.5,3.0,528(-2),[東] 鈴木伸尋,202310010707
2,4,5,ラニカイ,牝4,55.0,福永祐一,1:46.1,アタマ,3.0,2.0,506(+6),[西] 松永幹夫,202310010707
3,4,4,アウグスト,牡4,57.0,丹内祐次,1:46.3,1,5.8,4.0,516(-4),[東] 斎藤誠,202310010707
4,5,7,オーマイオーマイ,牡6,58.0,小崎綾也,1:46.8,3,177.1,10.0,476(-2),[西] 小崎憲,202310010707
5,8,13,トーホウテンリュウ,牡4,57.0,幸英明,1:46.9,3/4,29.5,7.0,482(-20),[西] 谷潔,202310010707
6,7,11,ブレイクザアイス,牡4,57.0,勝浦正樹,1:47.3,2.1/2,19.5,5.0,464(-4),[東] 高橋裕,202310010707
7,2,2,クラップサンダー,牡4,54.0,今村聖奈,1:47.8,3.1/2,28.3,6.0,448(-8),[西] 五十嵐忠,202310010707
8,5,6,ケイティレインボー,牡4,57.0,長岡禎仁,1:47.8,アタマ,31.2,8.0,488(-2),[西] 杉山佳明,202310010707
9,8,12,スペクトログラム,牡4,57.0,ムルザバ,1:48.2,2.1/2,2.8,1.0,492(-2),[西] 池江泰寿,202310010707
10,7,10,マイネルキング,牡4,57.0,丸山元気,1:48.4,1.1/4,38.8,9.0,488(0),[東] 相沢郁,202310010707
11,3,3,カップッチョ,牡6,55.0,佐々木大,1:49.2,5,402.5,12.0,486(+8),[東] 大江原哲,202310010707
12,6,8,インテグラルシチー,牡5,58.0,亀田温心,1:49.7,3,316.2,11.0,510(-6),[西] 牧田和弥,202310010707
13,6,9,マグナムハート,牡5,58.0,黛弘人,1:51.5,大,415.6,13.0,502(-12),[東] 浅野洋一,202310010707
1,6,11,モカフラワー,牝4,55.0,藤岡康太,2:00.0,,4.0,1.0,454(-4),[東] 相沢郁,202310010708
2,2,3,セレブレイトガイズ,牡4,57.0,ムルザバ,2:00.1,クビ,7.8,5.0,492(+10),[西] 石坂公一,202310010708
3,7,13,シャトンアンジュ,牝4,55.0,西村淳也,2:00.5,2.1/2,4.7,2.0,426(-2),[西] 池添学,202310010708
4,7,12,サトノリーベ,牝4,55.0,福永祐一,2:00.6,1/2,5.1,4.0,436(0),[西] 藤原英昭,202310010708
5,5,8,マイネルジャッカル,牡5,58.0,丹内祐次,2:00.8,1.1/4,4.7,3.0,486(0),[東] 西田雄一,202310010708
6,3,5,ニホンピロマリブ,牡5,55.0,佐々木大,2:00.8,アタマ,87.1,10.0,464(+2),[西] 服部利之,202310010708
7,4,6,グラヴィテ,牝5,56.0,秋山真一,2:01.0,1.1/4,20.0,8.0,488(-2),[西] 鮫島一歩,202310010708
8,3,4,グランドゴールド,牡4,54.0,今村聖奈,2:01.0,クビ,10.6,6.0,462(+6),[西] 羽月友彦,202310010708
9,4,7,シュホ,牝4,55.0,勝浦正樹,2:01.0,アタマ,131.0,12.0,412(-2),[東] 尾関知人,202310010708
10,5,9,ウェイオブライト,セ5,54.0,永島まな,2:01.1,3/4,76.4,9.0,522(+22),[西] 高橋康之,202310010708
11,6,10,アイスランドポピー,牝4,55.0,丸山元気,2:01.2,クビ,15.7,7.0,470(+8),[東] 中川公成,202310010708
12,8,14,セイウンガレオン,牡4,57.0,黛弘人,2:01.3,1/2,192.1,14.0,534(-6),[東] 奥平雅士,202310010708
13,1,1,メイショウイナセ,セ6,54.0,古川奈穂,2:01.3,ハナ,101.1,11.0,438(+10),[東] 南田美知,202310010708
14,2,2,ミミグッド,牝4,54.0,松本大輝,2:02.6,8,421.1,15.0,426(0),[西] 中尾秀正,202310010708
15,8,15,ドット,牡4,56.0,角田大和,2:03.0,2.1/2,181.1,13.0,514(+13),[西] 角田晃一,202310010708
1,4,5,トールキン,牡3,56.0,ムルザバ,1:08.3,,10.0,5.0,496(+8),[西] 西園正都,202310010709
2,4,4,トレンディスター,牝3,54.0,菱田裕二,1:08.8,3,2.7,1.0,494(+6),[西] 高柳大輔,202310010709
3,1,1,アスクドリームモア,牡3,56.0,福永祐一,1:08.8,クビ,5.8,3.0,502(-6),[西] 藤原英昭,202310010709
4,5,6,エコロレジーナ,牝3,54.0,丹内祐次,1:08.9,クビ,20.3,7.0,478(0),[東] 菊沢隆徳,202310010709
5,7,11,ジューンオレンジ,牝3,54.0,富田暁,1:09.0,1/2,3.8,2.0,450(-6),[西] 長谷川浩,202310010709
6,8,13,メイショウコギク,牝3,54.0,武豊,1:09.2,1.1/4,8.4,4.0,424(0),[西] 南井克巳,202310010709
7,8,12,ステークホルダー,牡3,56.0,藤岡佑介,1:09.2,アタマ,12.1,6.0,454(-2),[東] 斎藤誠,202310010709
8,7,10,ユカリプレリュード,牝3,54.0,藤田菜七,1:09.5,2,32.5,8.0,486(0),[東] 根本康広,202310010709
9,2,2,プライムレート,牝3,54.0,松若風馬,1:10.0,3,53.1,10.0,468(-4),[西] 笹田和秀,202310010709
10,6,8,ハウピア,牝3,54.0,幸英明,1:10.3,1.3/4,37.3,9.0,414(+2),[西] 岡田稲男,202310010709
11,6,9,セロンテソーロ,牝3,54.0,永島まな,1:10.4,3/4,140.2,12.0,432(+7),[東] 加藤和宏,202310010709
12,5,7,ルイス,牡3,56.0,角田大和,1:10.6,1.1/4,194.3,13.0,498(+8),[西] 角田晃一,202310010709
13,3,3,アトモストリミッツ,牝3,54.0,北村友一,1:10.9,1.1/2,86.6,11.0,432(-12),[西] 池添学,202310010709
1,3,3,ララシャンドン,牡5,58.0,中井裕二,0:58.9,,4.6,3.0,506(-2),[西] 坂口智康,202310010710
2,1,1,ハギノオーロ,牝6,56.0,藤懸貴志,0:59.0,3/4,26.0,8.0,520(-12),[西] 高野友和,202310010710
3,3,4,プリティインピンク,牝5,56.0,原優介,0:59.2,1.1/4,15.2,7.0,438(+8),[東] 小手川準,202310010710
4,8,14,ダンスウィズジョイ,牝4,56.0,小林凌大,0:59.2,アタマ,7.9,4.0,460(+16),[東] 伊藤圭三,202310010710
5,4,5,フチサンメルチャン,牡6,58.0,小牧太,0:59.3,クビ,28.8,10.0,472(+2),[西] 服部利之,202310010710
6,6,9,ユウグロスファクタ,牝4,56.0,ムルザバ,0:59.3,クビ,4.3,2.0,496(-4),[西] 新谷功一,202310010710
7,8,13,ジェットマックス,牡6,58.0,武豊,0:59.4,クビ,8.5,5.0,524(-6),[西] 森秀行,202310010710
8,5,7,サウンドブライアン,牡5,58.0,今村聖奈,0:59.4,クビ,62.9,12.0,482(+2),[西] 村山明,202310010710
9,7,12,デアリングウーマン,牝5,56.0,幸英明,0:59.5,クビ,32.7,11.0,448(+6),[西] 角田晃一,202310010710
10,2,2,イプノーズ,牝4,56.0,福永祐一,0:59.6,1/2,4.0,1.0,452(+4),[西] 大久保龍,202310010710
11,5,8,ルピナステソーロ,牝5,56.0,永島まな,0:59.7,3/4,86.1,14.0,466(-16),[東] 畠山吉宏,202310010710
12,4,6,テンクウフラワー,牝4,56.0,菱田裕二,0:59.9,1.1/4,14.2,6.0,418(-6),[西] 渡辺薫彦,202310010710
13,7,11,ミツカネプルート,牝4,56.0,丹内祐次,1:00.1,1.1/2,66.3,13.0,440(0),[東] 清水英克,202310010710
14,6,10,フェイマスダンディ,牡5,58.0,柴山雄一,1:00.5,2,28.2,9.0,484(+20),[東] 深山雅史,202310010710
1,5,7,ダークエクリプス,牡4,57.0,松若風馬,1:47.2,,4.7,2.0,490(-2),[西] 今野貞一,202310010711
2,8,14,ジャスティンエース,牡4,57.0,西村淳也,1:47.3,1,4.8,3.0,470(+2),[西] 杉山晴紀,202310010711
3,6,10,エアミアーニ,牡5,58.0,福永祐一,1:47.4,3/4,7.7,4.0,444(0),[西] 笹田和秀,202310010711
4,3,3,マイシンフォニー,牝4,55.0,武豊,1:47.5,1/2,3.2,1.0,480(-2),[西] 松永幹夫,202310010711
5,2,2,シーニックウェイ,牝5,56.0,藤岡康太,1:47.7,1.1/4,7.8,5.0,482(0),[西] 武幸四郎,202310010711
6,1,1,マイネルダグラス,牡5,58.0,丹内祐次,1:47.9,1.1/4,34.6,9.0,520(+6),[東] 相沢郁,202310010711
7,5,8,メイショウカクウン,牡8,58.0,富田暁,1:48.3,2.1/2,62.4,12.0,458(-6),[西] 石橋守,202310010711
8,6,9,ホウオウジョルノ,牡5,58.0,野中悠太,1:48.3,アタマ,22.9,8.0,464(0),[西] 安田翔伍,202310010711
9,4,5,シゲルローズマリー,牡4,57.0,高倉稜,1:48.6,1.3/4,36.1,10.0,470(-4),[西] 渡辺薫彦,202310010711
10,3,4,オーソレミオ,牝4,55.0,勝浦正樹,1:48.6,アタマ,14.8,6.0,448(0),[西] 昆貢,202310010711
11,8,13,タイクーンバゴ,牡6,58.0,松本大輝,1:48.7,1/2,217.0,14.0,492(0),[西] 浜田多実,202310010711
12,4,6,シューラヴァラ,牡5,58.0,ムルザバ,1:48.9,1,45.7,11.0,462(-4),[西] 川村禎彦,202310010711
13,7,11,スウィートブルーム,牝5,56.0,丸山元気,1:49.2,2,19.8,7.0,436(+4),[東] 和田雄二,202310010711
14,7,12,ポールトゥウィン,牡6,58.0,幸英明,1:49.6,2.1/2,116.2,13.0,518(-2),[西] 坂口智康,202310010711
1,1,1,メイショウグラニー,牝4,56.0,藤岡佑介,1:08.7,,6.4,3.0,460(-2),[西] 藤岡健一,202310010712
2,1,2,ディオアステリア,牝4,56.0,原田和真,1:08.8,1/2,12.8,6.0,462(+4),[東] 小野次郎,202310010712
3,3,5,スズノナデシコ,牝5,52.0,永島まな,1:08.9,1/2,20.8,10.0,502(-12),[西] 石坂公一,202310010712
4,8,18,ラナキラ,牝5,52.0,古川奈穂,1:09.0,3/4,11.4,5.0,456(+4),[東] 尾関知人,202310010712
5,5,10,レインボークラウド,牝5,55.0,角田大和,1:09.1,1/2,113.7,17.0,458(0),[西] 石坂公一,202310010712
6,7,15,ポルタフォルトゥナ,牝4,56.0,丸山元気,1:09.1,クビ,13.2,7.0,462(+4),[東] 土田稔,202310010712
7,6,11,テンメジャーガール,牝4,56.0,菱田裕二,1:09.2,クビ,5.0,1.0,502(-6),[西] 高柳大輔,202310010712
8,6,12,コルカノン,牝4,56.0,西村淳也,1:09.2,クビ,14.8,9.0,450(-4),[西] 吉岡辰弥,202310010712
9,7,13,フラッシュアーク,牝4,54.0,原優介,1:09.2,ハナ,31.7,12.0,468(0),[東] 青木孝文,202310010712
10,2,3,マメコ,牝4,56.0,富田暁,1:09.4,3/4,6.2,2.0,450(-2),[西] 武英智,202310010712
11,5,9,ハルカナネガイ,牝4,53.0,佐々木大,1:09.4,クビ,81.8,16.0,410(-13),[西] 服部利之,202310010712
12,2,4,キャニオニング,牝5,56.0,勝浦正樹,1:09.4,ハナ,24.5,11.0,442(+10),[東] 村田一誠,202310010712
13,4,8,タムロキュラムン,牝4,56.0,幸英明,1:09.4,アタマ,13.3,8.0,458(+2),[西] 西園正都,202310010712
14,8,17,パラティーノヒル,牝6,56.0,黛弘人,1:09.6,1.1/4,360.3,18.0,416(+12),[東] 南田美知,202310010712
15,7,14,ピースキーパー,牝4,55.0,泉谷楓真,1:09.6,ハナ,7.2,4.0,436(-6),[西] 奥村豊,202310010712
16,4,7,ユキノエリザベス,牝4,53.0,今村聖奈,1:09.7,3/4,39.7,14.0,470(+6),[東] 竹内正洋,202310010712
17,8,16,シゲルオテンバ,牝5,56.0,丹内祐次,1:10.0,1.1/2,37.2,13.0,448(0),[東] 松山将樹,202310010712
18,3,6,ヴィルチュオーズ,牝4,56.0,ムルザバ,1:10.0,ハナ,47.7,15.0,424(-4),[西] 武幸四郎,202310010712
1,2,2,アイファーテイオー,牡3,56.0,藤懸貴志,1:48.8,,19.7,7.0,450(+22),[西] 鮫島一歩,202310010801
2,3,4,バロックダンス,牝3,54.0,西村淳也,1:48.8,クビ,4.5,3.0,462(0),[東] 小手川準,202310010801
3,7,12,キャロルビアンカ,牝3,54.0,田中健,1:48.9,クビ,52.2,10.0,468(-2),[西] 荒川義之,202310010801
4,1,1,ヘラクレスノット,セ3,55.0,泉谷楓真,1:49.2,1.3/4,19.7,8.0,464(0),[西] 奥村豊,202310010801
5,4,6,サウンドズーム,牡3,56.0,富田暁,1:49.2,クビ,3.3,1.0,474(-4),[西] 武英智,202310010801
6,5,8,パクパクデスワ,牝3,50.0,永島まな,1:49.3,1/2,22.2,9.0,416(-2),[西] 高橋康之,202310010801
7,2,3,セクシーコマンドー,牡3,56.0,丸山元気,1:49.5,1.1/2,6.0,4.0,470(0),[東] 鈴木慎太,202310010801
8,4,7,チュウワヒーロー,牡3,56.0,加藤祥太,1:49.6,1/2,86.2,11.0,436(-10),[西] 庄野靖志,202310010801
9,6,10,ハワイアンパレス,牝3,54.0,小牧太,1:49.8,3/4,234.2,12.0,466(0),[西] 服部利之,202310010801
10,8,14,グリューンヴァルト,牡3,54.0,原優介,1:49.9,1,413.9,15.0,468(-2),[東] 小桧山悟,202310010801
11,3,5,ハクアイジュピター,牡3,55.0,小沢大仁,1:50.6,4,17.4,6.0,492(-2),[西] 松永昌博,202310010801
12,8,15,サンライズクリード,牡3,53.0,鷲頭虎太,1:52.6,大,275.6,13.0,464(0),[西] 浜田多実,202310010801
13,5,9,テイエムスペシャル,セ3,53.0,大久保友,1:52.6,ハナ,316.3,14.0,478(0),[西] 五十嵐忠,202310010801
14,7,13,ハートフルアース,牡3,56.0,団野大成,1:52.7,アタマ,12.9,5.0,482(+4),[西] 吉岡辰弥,202310010801
15,6,11,カルンウェナン,牡3,55.0,角田大和,1:52.8,3/4,4.1,2.0,522(+8),[西] 角田晃一,202310010801
1,3,3,アグラシアド,牝3,54.0,北村友一,1:49.0,,2.5,1.0,470(+2),[西] 中村直也,202310010802
2,6,9,サトノキャサリン,牝3,54.0,西村淳也,1:49.0,クビ,7.8,4.0,420(-2),[西] 吉村圭司,202310010802
3,8,14,デアデルマーレ,牝3,54.0,団野大成,1:49.0,ハナ,3.6,2.0,484(-2),[西] 坂口智康,202310010802
4,7,12,アイヤナ,牝3,51.0,鷲頭虎太,1:49.1,1/2,336.3,14.0,450(+10),[西] 高橋義忠,202310010802
5,4,6,アイサマン,牝3,54.0,藤岡佑介,1:49.3,1.1/4,8.1,5.0,420(0),[西] 藤岡健一,202310010802
6,8,13,ダッチアイリス,牝3,54.0,丹内祐次,1:49.6,1.3/4,37.1,8.0,424(-8),[東] 相沢郁,202310010802
7,7,11,クレーンロケット,牝3,50.0,古川奈穂,1:49.7,1/2,44.1,9.0,438(0),[東] 宗像義忠,202310010802
8,5,8,アムブロシアー,牝3,53.0,角田大和,1:49.7,アタマ,28.5,7.0,432(-6),[西] 大久保龍,202310010802
9,1,1,パルメリータ,牝3,54.0,幸英明,1:50.0,1.1/2,7.3,3.0,480(-8),[西] 西園正都,202310010802
10,3,4,ジーファー,牝3,51.0,今村聖奈,1:50.1,3/4,48.5,10.0,464(+4),[西] 寺島良,202310010802
11,5,7,インクルードダイヤ,牝3,54.0,富田暁,1:50.3,1.1/4,13.8,6.0,448(+2),[西] 武英智,202310010802
12,2,2,チョウウマクイク,牝3,54.0,丸山元気,1:50.3,クビ,297.6,13.0,420(-8),[西] 羽月友彦,202310010802
13,6,10,アイラブユー,牝3,54.0,黛弘人,1:50.6,1.3/4,150.6,11.0,428(+6),[東] 蛯名利弘,202310010802
14,4,5,タマモガーベラ,牝3,52.0,藤田菜七,1:50.7,1/2,255.3,12.0,408(+4),[東] 水野貴広,202310010802
1,8,14,デルマシルフ,牝4,53.0,鷲頭虎太,0:58.5,,11.5,5.0,466(+8),[西] 畑端省吾,202310010803
2,6,9,ナツイロノオトメ,牝4,52.0,永島まな,0:58.7,1.1/2,2.6,1.0,482(-6),[西] 角田晃一,202310010803
3,2,2,フレンドパル,牝5,54.0,藤田菜七,0:59.2,3,23.3,8.0,462(+10),[東] 深山雅史,202310010803
4,4,6,クインズプリーズ,牝4,56.0,西村淳也,0:59.3,1/2,6.0,4.0,440(+8),[西] 吉岡辰弥,202310010803
5,5,7,ブリュットミレジメ,牡4,58.0,川島信二,0:59.4,1/2,5.6,3.0,522(+10),[西] 荒川義之,202310010803
6,8,13,アカザ,牝4,56.0,丹内祐次,0:59.5,クビ,4.0,2.0,438(+2),[東] 伊坂重信,202310010803
7,3,4,タイガークリスエス,牡4,58.0,幸英明,0:59.8,1.1/2,88.2,11.0,486(-4),[西] 大橋勇樹,202310010803
8,3,3,エヴリーサンクス,牝4,54.0,原優介,0:59.9,1/2,136.4,12.0,464(-6),[東] 小手川準,202310010803
9,7,12,フウゲツムヘン,牝4,53.0,佐々木大,1:00.3,2.1/2,82.8,10.0,428(0),[東] 新開幸一,202310010803
10,1,1,キュートヘスティア,牝4,55.0,角田大和,1:00.4,1/2,17.9,6.0,442(+2),[東] 辻哲英,202310010803
11,4,5,コンバットマーチ,牝6,56.0,亀田温心,1:00.7,1.3/4,281.2,13.0,472(-9),[西] 藤沢則雄,202310010803
12,5,8,スズカロココ,牝6,56.0,森裕太朗,1:01.0,1.3/4,43.0,9.0,472(-8),[西] 橋田満,202310010803
13,6,10,イカロス,牡4,58.0,富田暁,1:01.1,1,20.8,7.0,474(-18),[東] 武藤善則,202310010803
除,7,11,ペイシャカレン,牝4,53.0,今村聖奈,,,---,,456(+2),[東] 粕谷昌央,202310010803
1,7,10,イロゴトシ,牡6,60.0,黒岩悠,3:09.2,,4.1,2.0,476(-2),[西] 牧田和弥,202310010804
2,2,2,メリディアンローグ,牡6,60.0,大江原圭,3:10.1,5,1.8,1.0,492(-4),[東] 蛯名正義,202310010804
3,4,4,レディステディゴー,牡5,60.0,難波剛健,3:10.7,3.1/2,10.6,5.0,520(+2),[西] 中村直也,202310010804
4,6,8,ドンシャーク,牡4,59.0,森一馬,3:11.6,5,9.0,4.0,508(+2),[西] 今野貞一,202310010804
5,7,9,トライフォーリアル,セ6,60.0,五十嵐雄,3:12.4,5,27.2,7.0,500(+6),[東] 萩原清,202310010804
6,1,1,パーディシャー,牡6,60.0,草野太郎,3:12.5,1/2,6.5,3.0,452(+12),[東] 久保田貴,202310010804
7,3,3,アコルドエール,セ6,60.0,伴啓太,3:14.4,大,26.2,6.0,492(-4),[東] 中川公成,202310010804
8,5,5,プリンスオブジオン,牡6,60.0,小野寺祐,3:14.9,3,208.3,11.0,472(+10),[西] 服部利之,202310010804
9,5,6,キーストーリー,牡5,60.0,中村将之,3:18.9,大,60.5,9.0,496(+18),[西] 宮徹,202310010804
10,8,12,スズカモービル,牡4,59.0,北沢伸也,3:21.7,大,168.1,10.0,460(+6),[西] 橋田満,202310010804
11,8,11,エムズジャガー,牡4,59.0,小坂忠士,3:22.6,5,57.7,8.0,490(+4),[西] 北出成人,202310010804
取,6,7,エンプティチェア,牡6,57.0,小牧加矢,,,---,,計不,[西] 音無秀孝,202310010804
1,2,3,ジオパーククラウン,牡3,56.0,団野大成,2:03.6,,23.3,10.0,444(0),[西] 長谷川浩,202310010805
2,5,10,ブレイクボーイ,牡3,56.0,藤岡佑介,2:03.7,クビ,5.3,2.0,478(0),[西] 四位洋文,202310010805
3,3,5,プロミシングギャル,牝3,54.0,丹内祐次,2:03.7,クビ,49.7,12.0,440(0),[西] 森田直行,202310010805
4,4,7,マコトヴェリーキー,牡3,56.0,北村友一,2:04.0,1.3/4,7.5,4.0,466(0),[西] 上村洋行,202310010805
5,1,2,フォティック,牡3,56.0,富田暁,2:04.1,クビ,11.0,7.0,490(0),[西] 飯田祐史,202310010805
6,8,15,セルリアンロケット,牡3,55.0,泉谷楓真,2:04.5,2.1/2,29.2,11.0,464(0),[西] 庄野靖志,202310010805
7,4,8,オクタグラム,牡3,56.0,西村淳也,2:04.6,1/2,5.4,3.0,474(0),[西] 友道康夫,202310010805
8,5,9,スカーレットアリア,牝3,54.0,野中悠太,2:04.7,1/2,5.2,1.0,458(0),[西] 安田翔伍,202310010805
9,6,11,ディーエスソフィア,牡3,56.0,菱田裕二,2:04.9,1.1/4,23.1,9.0,458(0),[西] 岡田稲男,202310010805
10,7,14,モズマワシゲリ,牡3,56.0,松若風馬,2:05.5,4,14.6,8.0,502(0),[西] 鮫島一歩,202310010805
11,2,4,マリノビューティー,牝3,50.0,永島まな,2:05.6,クビ,53.2,13.0,430(0),[西] 梅田智之,202310010805
12,6,12,ヴェルミセル,牝3,54.0,浜中俊,2:06.1,3.1/2,10.1,6.0,442(0),[西] 吉村圭司,202310010805
13,3,6,サンジャックマン,牡3,55.0,角田大和,2:06.2,1/2,95.9,15.0,478(0),[西] 角田晃一,202310010805
14,1,1,シャイニーコンドル,牡3,56.0,田中健,2:06.8,3.1/2,66.9,14.0,518(0),[西] 佐々木晶,202310010805
15,8,16,ウインリージェント,牡3,56.0,加藤祥太,2:07.2,2.1/2,123.7,16.0,472(0),[西] 梅田智之,202310010805
16,7,13,ツァウバークライス,牝3,54.0,幸英明,2:08.6,9,9.4,5.0,456(0),[西] 高橋亮,202310010805
1,4,8,トーセンエスクード,牡3,56.0,丹内祐次,1:08.9,,2.4,1.0,438(-4),[東] 菊沢隆徳,202310010806
2,7,15,ライクアフラワー,牡3,56.0,菱田裕二,1:09.1,1.1/2,19.5,7.0,494(-4),[西] 新谷功一,202310010806
3,8,16,サトノグレイト,牡3,56.0,幸英明,1:09.2,アタマ,16.7,6.0,494(+4),[西] 中竹和也,202310010806
4,7,14,カシノインディード,牡3,56.0,北村友一,1:09.2,クビ,24.5,9.0,458(+4),[西] 牧田和弥,202310010806
5,1,2,アスキーアート,牝3,54.0,原田和真,1:09.3,1/2,36.9,10.0,408(+2),[東] 小野次郎,202310010806
6,8,17,ワタシハマジョ,牝3,51.0,佐々木大,1:09.6,1.3/4,382.1,17.0,458(-2),[東] 矢野英一,202310010806
7,3,6,ファルマリン,牝3,54.0,富田暁,1:09.7,1/2,308.8,16.0,412(-4),[西] 森田直行,202310010806
8,3,5,ジョーイルムシュ,牝3,54.0,松若風馬,1:09.7,アタマ,39.2,11.0,450(+4),[西] 清水久詞,202310010806
9,2,4,アスクダイアムーン,牡3,56.0,浜中俊,1:09.7,クビ,5.8,2.0,488(-8),[西] 武幸四郎,202310010806
10,1,1,サンライズサラー,牡3,56.0,西村淳也,1:09.7,ハナ,7.4,4.0,454(-2),[西] 庄野靖志,202310010806
11,4,7,サンタアナテソーロ,牝3,52.0,原優介,1:09.8,クビ,23.4,8.0,390(0),[東] 栗田徹,202310010806
12,8,18,スカプラリオ,牝3,50.0,永島まな,1:09.9,1/2,15.4,5.0,468(-6),[西] 佐々木晶,202310010806
13,5,9,ハイネス,牝3,50.0,古川奈穂,1:10.0,1/2,91.8,14.0,410(-6),[東] 尾形和幸,202310010806
14,2,3,イースターエッグ,牝3,51.0,水沼元輝,1:10.3,2,6.0,3.0,432(-2),[東] 加藤和宏,202310010806
15,5,10,ニホンピロベイリー,牝3,51.0,鷲頭虎太,1:10.4,1/2,461.4,18.0,426(-4),[西] 服部利之,202310010806
16,7,13,ゴーゴーオンリー,牝3,52.0,藤田菜七,1:10.5,クビ,74.9,13.0,416(0),[東] 本間忍,202310010806
17,6,12,ネオトキオ,牡3,53.0,大久保友,1:10.5,クビ,163.7,15.0,452(-2),[西] 池添学,202310010806
18,6,11,ウィズアットダンス,牝3,51.0,今村聖奈,1:10.6,1/2,60.7,12.0,406(+14),[東] 和田雄二,202310010806
1,4,4,ラレーヌデリス,牝3,54.0,藤岡佑介,2:01.1,,1.7,1.0,434(-10),[西] 安田翔伍,202310010807
2,2,2,フィールザオーラ,牝3,54.0,黛弘人,2:01.6,3,7.8,4.0,460(-2),[東] 武井亮,202310010807
3,7,7,ラバタンシン,牡3,53.0,今村聖奈,2:01.7,3/4,3.9,2.0,486(-4),[西] 寺島良,202310010807
4,8,9,ドゥワー,牝3,54.0,丹内祐次,2:02.6,5,48.3,6.0,444(0),[東] 小笠倫弘,202310010807
5,3,3,ウイントルヴェール,牡3,54.0,藤田菜七,2:03.2,3.1/2,87.7,7.0,442(0),[東] 宗像義忠,202310010807
6,6,6,キトリ,牝3,54.0,西村淳也,2:03.3,クビ,21.6,5.0,466(-10),[西] 杉山晴紀,202310010807
7,1,1,クラウンエンペラー,牡3,56.0,柴山雄一,2:03.5,1.1/4,177.2,8.0,430(+2),[東] 田島俊明,202310010807
8,8,8,ピヌスアモリス,牝3,54.0,北村友一,2:04.0,3.1/2,4.6,3.0,478(-10),[西] 松下武士,202310010807
9,5,5,サンシンシア,牡3,53.0,佐々木大,2:05.1,7,327.0,9.0,444(-6),[東] 新開幸一,202310010807
1,8,11,ケリーズノベル,セ4,57.0,富田暁,2:35.4,,37.3,9.0,524(+16),[東] 武井亮,202310010808
2,1,1,フロンタルジェダイ,牡4,57.0,菱田裕二,2:36.1,4,3.7,1.0,516(-2),[西] 高橋義忠,202310010808
3,5,6,タマモモンレーブ,牡4,57.0,幸英明,2:36.6,3,25.0,8.0,502(-4),[西] 大橋勇樹,202310010808
4,7,10,タマモエイトビート,牡4,57.0,田中健,2:36.8,1,6.1,4.0,512(-6),[西] 武英智,202310010808
5,6,7,ダノンフロンティア,牡4,57.0,藤岡佑介,2:36.8,アタマ,4.5,2.0,502(+4),[西] 中内田充,202310010808
6,3,3,アンノウンウォリア,牡4,57.0,藤懸貴志,2:36.8,ハナ,99.3,12.0,458(-4),[西] 平田修,202310010808
7,5,5,グランメテオール,セ5,54.0,永島まな,2:36.9,クビ,41.3,10.0,492(+4),[西] 松永幹夫,202310010808
8,7,9,イーサンバーニング,牡4,56.0,角田大和,2:36.9,アタマ,5.7,3.0,508(+4),[東] 中野栄治,202310010808
9,8,12,シュガーコルト,セ4,54.0,今村聖奈,2:37.1,1,7.5,5.0,496(-12),[西] 寺島良,202310010808
10,4,4,メイショウシヅキ,牡4,56.0,小沢大仁,2:37.3,1.1/2,44.3,11.0,470(-6),[西] 池添兼雄,202310010808
11,6,8,ワンダフルヘヴン,牝4,55.0,西村淳也,2:37.6,2,17.9,7.0,482(-4),[東] 久保田貴,202310010808
12,2,2,サムハンター,牡5,58.0,野中悠太,2:38.0,2.1/2,8.8,6.0,506(+4),[西] 高橋康之,202310010808
1,3,6,タイセイブリリオ,牡4,58.0,幸英明,1:08.1,,5.8,2.0,478(+6),[西] 大橋勇樹,202310010809
2,7,13,ヤマニンアンフィル,牝4,56.0,団野大成,1:08.4,1.3/4,10.3,5.0,462(-2),[西] 斉藤崇史,202310010809
3,1,1,タガノスペルノヴァ,牡5,58.0,高倉稜,1:08.6,1.1/4,83.8,15.0,430(+6),[西] 川村禎彦,202310010809
4,8,17,ダブルスナッチ,牝5,56.0,勝浦正樹,1:08.6,ハナ,41.1,10.0,438(-4),[東] 宗像義忠,202310010809
5,5,10,ミッキーチャレンジ,牡4,58.0,西村淳也,1:08.7,クビ,3.1,1.0,496(-6),[西] 中内田充,202310010809
6,6,12,ウナギノボリ,牡4,58.0,富田暁,1:08.7,アタマ,16.8,8.0,466(+2),[西] 音無秀孝,202310010809
7,4,8,ニューノーマル,牝4,56.0,浜中俊,1:08.7,ハナ,47.3,11.0,454(-4),[西] 武幸四郎,202310010809
8,8,16,ゼンノテンバ,牝4,56.0,原優介,1:08.8,1/2,70.1,14.0,438(+2),[東] 小手川準,202310010809
9,6,11,ビップシュプリーム,牝4,56.0,松若風馬,1:09.0,1,6.6,3.0,504(-4),[西] 松下武士,202310010809
10,4,7,スクリーンショット,牝4,56.0,丹内祐次,1:09.1,1/2,9.5,4.0,490(-10),[東] 杉浦宏昭,202310010809
11,2,3,パルフェアンジュ,牝7,56.0,北村友一,1:09.1,クビ,338.2,18.0,472(-10),[西] 飯田雄三,202310010809
12,8,18,トリップトゥムーン,牡4,58.0,菱田裕二,1:09.2,アタマ,11.3,6.0,458(+6),[西] 新谷功一,202310010809
13,2,4,タマモテラコッタ,牡4,58.0,亀田温心,1:09.2,クビ,49.8,12.0,488(+2),[西] 南井克巳,202310010809
14,3,5,ジョーブリッランテ,牡4,58.0,丸山元気,1:09.2,アタマ,18.9,9.0,510(+2),[西] 清水久詞,202310010809
15,1,2,マイネルチューダ,牡6,58.0,野中悠太,1:09.3,クビ,58.1,13.0,466(+2),[東] 奥平雅士,202310010809
16,7,15,テーオースパロー,牡4,58.0,藤岡佑介,1:09.3,ハナ,12.0,7.0,500(+2),[西] 清水久詞,202310010809
17,5,9,ショウナンナウシカ,牝4,56.0,小沢大仁,1:09.4,1/2,143.0,17.0,470(+6),[東] 大竹正博,202310010809
18,7,14,エヴァジョーネ,牝6,56.0,今村聖奈,1:09.4,ハナ,91.9,16.0,430(-4),[東] 堀内岳志,202310010809
1,6,12,イチネンエーグミ,牡4,56.0,団野大成,1:45.8,,18.6,10.0,558(+6),[西] 茶木太樹,202310010810
2,4,7,メイショウホマレ,牝4,55.0,小沢大仁,1:45.8,アタマ,4.1,1.0,460(+2),[西] 松永昌博,202310010810
3,1,1,タイキドミニオン,牡5,57.0,松若風馬,1:46.0,1.1/4,6.2,4.0,528(0),[西] 高野友和,202310010810
4,4,8,ワンダーブレット,セ4,55.0,小牧太,1:46.1,クビ,5.3,2.0,500(0),[西] 笹田和秀,202310010810
5,7,13,マジックスピーチ,セ6,55.0,今村聖奈,1:46.3,1.1/2,5.8,3.0,468(-2),[西] 飯田祐史,202310010810
6,1,2,コスモルーテウス,牡4,54.0,丸山元気,1:46.3,ハナ,50.4,13.0,468(0),[東] 伊藤大士,202310010810
7,3,6,ヴィブラフォン,牝4,53.0,藤岡佑介,1:46.6,1.1/2,15.1,7.0,448(0),[東] 高木登,202310010810
8,5,9,フローラルドレス,牝6,51.0,古川奈穂,1:46.6,ハナ,100.7,15.0,432(+8),[西] 森田直行,202310010810
9,5,10,サトノスライヴ,牡6,55.0,亀田温心,1:46.6,クビ,16.0,8.0,528(+4),[西] 南井克巳,202310010810
10,8,16,サンライズグリット,牡5,54.0,角田大和,1:47.3,4,43.5,12.0,462(0),[西] 音無秀孝,202310010810
11,6,11,トーホウボルツ,牡5,55.0,野中悠太,1:47.3,クビ,30.7,11.0,486(-2),[東] 嘉藤貴行,202310010810
12,8,15,ユウゲン,牡6,56.0,菱田裕二,1:47.4,1/2,13.2,6.0,498(+2),[西] 橋口慎介,202310010810
13,2,4,サバンナモンキー,牡4,54.0,勝浦正樹,1:47.4,クビ,85.8,14.0,466(-4),[東] 相沢郁,202310010810
14,3,5,ビーアイフェリペ,牡5,55.0,幸英明,1:47.5,1/2,18.6,9.0,524(-4),[西] 新谷功一,202310010810
15,2,3,フラッグアドミラル,牡9,55.0,佐々木大,1:48.5,6,161.7,16.0,486(+8),[東] 新開幸一,202310010810
16,7,14,ダイシンピスケス,牡5,57.0,西村淳也,1:48.6,1/2,13.0,5.0,504(-8),[西] 森秀行,202310010810
1,7,13,ディープモンスター,牡5,57.0,浜中俊,1:57.9,,2.8,1.0,464(0),[西] 池江泰寿,202310010811
2,3,4,ダンディズム,セ7,57.0,富田暁,1:58.2,1.1/2,12.1,5.0,478(+6),[西] 野中賢二,202310010811
3,7,12,ビッグリボン,牝5,55.0,西村淳也,1:58.4,1.1/2,3.5,2.0,502(-10),[西] 中内田充,202310010811
4,1,1,バジオウ,牡5,57.0,菱田裕二,1:58.7,1.1/2,7.7,4.0,480(+8),[東] 田中博康,202310010811
5,5,8,ジェットモーション,セ7,57.0,藤岡佑介,1:58.7,クビ,46.4,9.0,546(+16),[西] 藤岡健一,202310010811
6,8,15,プレシャスブルー,牡9,57.0,勝浦正樹,1:58.8,クビ,74.0,12.0,438(-4),[東] 相沢郁,202310010811
7,4,6,ニホンピロスクーロ,セ6,57.0,高倉稜,1:59.0,1.1/4,48.1,10.0,502(+2),[西] 服部利之,202310010811
8,6,10,ゴールドギア,牡8,58.0,丸山元気,1:59.0,クビ,93.8,13.0,490(+8),[東] 伊藤圭三,202310010811
9,8,14,プリマヴィスタ,牡6,57.0,幸英明,1:59.1,3/4,16.0,6.0,478(-4),[西] 矢作芳人,202310010811
10,3,5,レッドベルオーブ,牡5,58.0,北村友一,1:59.1,ハナ,5.7,3.0,486(-18),[西] 藤原英昭,202310010811
11,2,2,ラセット,牡8,58.0,加藤祥太,1:59.2,クビ,50.2,11.0,488(-6),[西] 庄野靖志,202310010811
12,4,7,ナイママ,牡7,57.0,丹内祐次,1:59.2,クビ,30.7,8.0,484(-4),[東] 武藤善則,202310010811
13,2,3,ヴァンランディ,牡7,57.0,団野大成,1:59.3,1/2,112.5,14.0,470(+6),[東] 武井亮,202310010811
14,6,11,エヴァーガーデン,牝6,55.0,黛弘人,1:59.6,1.1/2,27.2,7.0,498(+2),[東] 深山雅史,202310010811
15,5,9,バイオスパーク,牡8,59.0,角田大和,2:00.3,4,272.5,15.0,484(+22),[西] 浜田多実,202310010811
1,1,2,モズゴールドバレル,牝4,55.0,菱田裕二,1:47.0,,7.0,4.0,434(-4),[西] 藤岡健一,202310010812
2,5,9,ロムネヤ,牝4,52.0,今村聖奈,1:47.1,クビ,8.0,5.0,414(-4),[東] 国枝栄,202310010812
3,1,1,ピエドラアギーラ,牡5,58.0,団野大成,1:47.1,クビ,59.5,11.0,482(-10),[西] 小崎憲,202310010812
4,2,3,ロードラプソディ,牡4,57.0,松若風馬,1:47.5,2.1/2,49.6,10.0,498(+10),[西] 松下武士,202310010812
5,3,6,フォレスタ,牝5,56.0,丹内祐次,1:47.5,アタマ,6.2,3.0,418(-2),[東] 嘉藤貴行,202310010812
6,5,10,ヴィスパメンテ,牝4,55.0,藤岡佑介,1:47.6,クビ,3.3,1.0,476(+10),[西] 中内田充,202310010812
7,7,14,エイムトゥルー,牡5,58.0,幸英明,1:47.6,クビ,10.3,6.0,526(-2),[東] 奥村武,202310010812
8,4,7,クラシックステップ,牡4,57.0,北村友一,1:47.8,1,3.4,2.0,478(+2),[西] 安田隆行,202310010812
9,4,8,キヨラ,牝5,54.0,原優介,1:48.1,1.1/2,255.4,14.0,472(-6),[東] 堀内岳志,202310010812
10,6,11,ユイ,牝4,51.0,古川奈穂,1:48.1,アタマ,69.8,12.0,434(-23),[西] 高橋康之,202310010812
11,8,15,ヒルノアントラ,セ6,58.0,勝浦正樹,1:48.2,1/2,43.8,8.0,460(0),[西] 昆貢,202310010812
12,6,12,タイニープライド,牝4,55.0,川又賢治,1:48.2,クビ,262.6,15.0,442(-2),[西] 杉山佳明,202310010812
13,7,13,フィルムスコア,牝5,52.0,永島まな,1:48.4,1.1/4,49.4,9.0,454(+4),[西] 平田修,202310010812
14,2,4,ヨンウォニ,牝6,53.0,水沼元輝,1:48.5,クビ,363.7,16.0,460(+6),[東] 伊藤伸一,202310010812
15,3,5,クオンタム,牝5,56.0,黛弘人,1:48.7,1.1/4,220.9,13.0,452(-4),[東] 村田一誠,202310010812
16,8,16,マイネルパリオート,牡5,58.0,丸山元気,1:49.2,3.1/2,32.8,7.0,474(0),[東] 高橋裕,202310010812
1,7,13,ワイドカイゼリン,牝3,54.0,藤岡佑介,1:46.2,,2.8,1.0,474(-2),[西] 奥村豊,202310020101
2,4,8,グッドハビッツ,牝3,54.0,丹内祐次,1:46.3,1,20.0,6.0,408(0),[西] 吉田直弘,202310020101
3,5,9,カンノーリ,牝3,54.0,富田暁,1:46.5,3/4,44.5,10.0,424(-10),[西] 木原一良,202310020101
4,5,10,レオキー,牝3,54.0,幸英明,1:46.5,クビ,3.4,2.0,482(+4),[西] 牧田和弥,202310020101
5,1,2,エーテルノカゼ,牝3,54.0,西村淳也,1:46.7,1,11.6,5.0,416(-2),[西] 渡辺薫彦,202310020101
6,3,5,テイエムユキフブキ,牝3,54.0,藤懸貴志,1:46.7,ハナ,83.2,13.0,470(0),[西] 鈴木孝志,202310020101
7,2,4,リグレイアー,牝3,54.0,亀田温心,1:46.8,3/4,4.9,3.0,464(0),[西] 北出成人,202310020101
8,2,3,シャイナライ,牝3,54.0,黛弘人,1:46.8,ハナ,263.1,16.0,432(-4),[東] 宗像義忠,202310020101
9,3,6,ビッグヒップ,牝3,53.0,角田大和,1:47.1,1.3/4,11.4,4.0,436(+2),[西] 四位洋文,202310020101
10,8,15,シルバービスケッツ,牝3,52.0,小林凌大,1:47.4,1.3/4,72.8,12.0,430(-2),[東] 新開幸一,202310020101
11,4,7,アエディフィカータ,牝3,54.0,松田大作,1:47.4,ハナ,34.3,8.0,438(-4),[西] 武英智,202310020101
12,6,12,ドナビスケット,牝3,53.0,小沢大仁,1:48.4,6,47.8,11.0,418(-6),[西] 牧浦充徳,202310020101
13,7,14,メイショウリリアム,牝3,51.0,今村聖奈,1:48.4,ハナ,21.8,7.0,454(-6),[西] 高橋亮,202310020101
14,6,11,ポピュラーダンサー,牝3,51.0,鷲頭虎太,1:48.5,3/4,38.3,9.0,436(-12),[西] 加用正,202310020101
15,8,16,パープルダイヤ,牝3,54.0,斎藤新,1:49.0,3,219.7,15.0,436(+8),[東] 和田正一,202310020101
16,1,1,プレンティーハーツ,牝3,51.0,佐々木大,1:50.4,8,159.8,14.0,478(0),[西] 佐々木晶,202310020101
1,5,6,サンライズタイソン,牡3,56.0,北村友一,1:50.0,,6.5,4.0,418(-6),[西] 平田修,202310020102
2,7,10,ウマピョイ,牝3,53.0,角田大和,1:50.3,1.3/4,5.7,2.0,442(+2),[西] 角田晃一,202310020102
3,6,8,アラメダ,牝3,54.0,浜中俊,1:50.5,1,2.0,1.0,432(-4),[西] 池江泰寿,202310020102
4,8,12,ハガネ,牡3,56.0,斎藤新,1:50.5,クビ,20.9,6.0,456(-4),[東] 斎藤誠,202310020102
5,4,5,コイニョウボウ,牝3,54.0,幸英明,1:50.7,1.1/4,28.5,7.0,404(+4),[西] 中尾秀正,202310020102
6,4,4,シャドウレディー,牝3,54.0,西村淳也,1:50.7,クビ,14.3,5.0,430(-8),[西] 吉岡辰弥,202310020102
7,2,2,コスモアメジスト,牝3,54.0,丹内祐次,1:50.8,1/2,37.9,10.0,410(-6),[東] 加藤士津,202310020102
8,8,13,シルバープリペット,牡3,56.0,嶋田純次,1:50.9,クビ,42.1,11.0,456(-2),[東] 松山将樹,202310020102
9,6,9,エイトキングゴッド,牡3,56.0,黛弘人,1:51.0,3/4,33.6,9.0,482(+6),[東] 青木孝文,202310020102
10,3,3,ナンヨークリスタル,牡3,55.0,泉谷楓真,1:51.1,3/4,6.2,3.0,474(-2),[西] 松永幹夫,202310020102
11,1,1,メイショウケンセイ,牡3,56.0,富田暁,1:51.2,1/2,28.9,8.0,440(+4),[西] 笹田和秀,202310020102
12,7,11,ロンスアンドロンス,牡3,55.0,小沢大仁,1:51.5,1.3/4,422.1,13.0,438(-4),[西] 松永昌博,202310020102
13,5,7,リッタースポーツ,牡3,56.0,松若風馬,1:51.9,2.1/2,295.3,12.0,466(0),[西] 鮫島一歩,202310020102
1,4,6,デルマカミーラ,牝4,56.0,浜中俊,0:57.2,,2.8,1.0,472(-2),[西] 牧田和弥,202310020103
2,8,14,エバニスタ,牡4,55.0,鷲頭虎太,0:57.8,4,27.7,10.0,476(0),[西] 角田晃一,202310020103
3,4,5,ヤマタカフェイス,牡4,58.0,国分優作,0:57.9,アタマ,4.5,2.0,494(+6),[西] 辻野泰之,202310020103
4,3,3,テイエムヒマラヤ,牡4,58.0,松田大作,0:57.9,クビ,5.0,3.0,470(+2),[西] 武英智,202310020103
5,1,1,ワンエルメス,牝4,56.0,丸山元気,0:58.3,2.1/2,11.5,5.0,460(-8),[東] 大和田成,202310020103
6,2,2,サンランシング,牝5,54.0,藤田菜七,0:58.6,1.1/2,7.8,4.0,480(+6),[東] 堀内岳志,202310020103
7,3,4,ラージベル,牝4,55.0,秋山稔樹,0:58.6,クビ,21.8,7.0,484(+10),[東] 松永康利,202310020103
8,6,9,クリノアンビシャス,セ5,58.0,田中健,0:58.7,クビ,50.2,11.0,480(-8),[西] 荒川義之,202310020103
9,7,12,ニシノコチ,牝4,53.0,佐々木大,0:58.9,1.1/2,15.8,6.0,490(+6),[東] 杉浦宏昭,202310020103
10,6,10,キリシマタウン,牡4,55.0,水沼元輝,0:59.0,1/2,26.1,9.0,462(+2),[東] 天間昭一,202310020103
11,5,8,ネイキッドハート,牝4,55.0,角田大和,0:59.1,3/4,22.9,8.0,422(-4),[東] 辻哲英,202310020103
12,7,11,アルティマボス,牡4,56.0,小林凌大,0:59.2,クビ,111.9,12.0,528(0),[東] 和田正一,202310020103
13,8,13,フラスティー,牝4,54.0,山田敬士,0:59.2,クビ,120.7,13.0,428(-4),[東] 小桧山悟,202310020103
14,5,7,スズカメジャー,牡9,58.0,藤岡康太,1:00.1,5,129.9,14.0,504(-6),[西] 橋田満,202310020103
1,8,12,ダンツキタイ,牝4,57.0,小牧加矢,3:13.2,,4.1,2.0,488(+2),[西] 谷潔,202310020104
2,6,7,トーセンオリジン,牡6,60.0,江田勇亮,3:14.0,5,21.5,7.0,462(+10),[東] 和田雄二,202310020104
3,6,8,アスタースウィング,牡9,60.0,西谷誠,3:14.1,1/2,2.3,1.0,524(+2),[西] 中竹和也,202310020104
4,7,10,ライブリスマイル,牡4,59.0,難波剛健,3:14.2,1/2,4.8,3.0,488(-4),[西] 森田直行,202310020104
5,5,6,ワイドレッジャドロ,牡6,60.0,小野寺祐,3:15.0,5,11.0,5.0,522(+4),[西] 加用正,202310020104
6,8,11,トーセンクライマー,牡5,60.0,西村太一,3:15.5,3,61.1,9.0,474(+4),[東] 加藤征弘,202310020104
7,4,4,オーホンブリック,牡5,60.0,森一馬,3:15.7,3/4,8.5,4.0,508(-4),[西] 吉村圭司,202310020104
8,3,3,ウェイマーク,牝4,57.0,草野太郎,3:15.8,3/4,45.2,8.0,500(+4),[東] 宮田敬介,202310020104
9,7,9,クリノサンシャイン,牝6,58.0,井上敏樹,3:16.6,5,262.6,12.0,438(-12),[東] 石毛善彦,202310020104
10,5,5,ホウオウカトリーヌ,牝7,58.0,蓑島靖典,3:18.6,大,117.6,11.0,492(-6),[東] 加藤和宏,202310020104
11,1,1,サンメディル,セ6,60.0,鈴木慶太,3:22.2,大,116.2,10.0,502(+6),[東] 尾形和幸,202310020104
中,2,2,ヴェスターヴァルト,セ6,60.0,五十嵐雄,,,13.3,6.0,472(+2),[東] 加藤征弘,202310020104
1,5,5,フォッサマグナ,セ7,60.0,伴啓太,3:12.3,,2.2,1.0,486(+12),[東] 黒岩陽一,202310020105
2,6,6,オメガエリタージュ,セ6,60.0,森一馬,3:12.4,1,10.1,5.0,442(+4),[西] 辻野泰之,202310020105
3,4,4,クリノオウジャ,牡7,60.0,難波剛健,3:12.5,1/2,23.0,8.0,458(+8),[西] 高橋義忠,202310020105
4,6,7,レザネフォール,牡6,57.0,小牧加矢,3:12.8,2,5.9,3.0,468(-6),[西] 池江泰寿,202310020105
5,7,9,テイエムチューハイ,牡9,60.0,小野寺祐,3:12.9,3/4,14.9,7.0,466(+2),[西] 五十嵐忠,202310020105
6,3,3,ストレイライトラン,セ8,60.0,草野太郎,3:14.1,7,85.0,11.0,508(+8),[東] 和田正一,202310020105
7,8,11,イベリア,牡8,60.0,北沢伸也,3:14.1,アタマ,12.8,6.0,514(-18),[西] 橋田満,202310020105
8,8,10,ホッコーハナミチ,セ5,60.0,黒岩悠,3:14.3,1,4.9,2.0,464(-2),[西] 長谷川浩,202310020105
9,1,1,ブラックワンダー,セ7,60.0,鈴木慶太,3:14.3,アタマ,61.7,10.0,454(0),[東] 尾形和幸,202310020105
10,2,2,エナジーロッソ,牝5,58.0,平沢健治,3:16.7,大,10.0,4.0,492(-6),[西] 高柳大輔,202310020105
11,7,8,モーガン,牡5,60.0,西谷誠,3:16.9,1,52.9,9.0,486(-2),[西] 橋口慎介,202310020105
1,8,16,タツダイヤモンド,牡3,56.0,藤岡康太,1:08.8,,4.0,1.0,486(+2),[西] 鮫島一歩,202310020106
2,7,14,ゴコウサス,牡3,56.0,浜中俊,1:08.9,クビ,4.2,2.0,460(+2),[西] 笹田和秀,202310020106
3,4,8,エーデルサンライズ,牝3,54.0,西村淳也,1:09.0,1/2,6.8,4.0,418(-8),[西] 小林真也,202310020106
4,2,3,ヨドノルーキー,牡3,56.0,藤岡佑介,1:09.1,1,83.6,12.0,394(+2),[西] 飯田雄三,202310020106
5,7,13,クリノアグレッシブ,牡3,56.0,田中健,1:09.2,3/4,7.8,5.0,498(+8),[西] 荒川義之,202310020106
6,5,10,マーレイン,牝3,54.0,菱田裕二,1:09.6,2,37.7,9.0,464(-8),[西] 高橋亮,202310020106
7,6,11,クリノエンジェル,牝3,51.0,今村聖奈,1:09.6,ハナ,13.6,7.0,458(-4),[西] 畑端省吾,202310020106
8,8,18,ミルレーヴ,牝3,51.0,水沼元輝,1:09.6,ハナ,319.5,17.0,434(0),[東] 上原博之,202310020106
9,7,15,ダイシンベスパ,牝3,54.0,富田暁,1:09.8,1.1/4,438.3,18.0,376(-8),[西] 吉田直弘,202310020106
10,8,17,シャコンヌ,牡3,56.0,丹内祐次,1:09.8,クビ,50.7,10.0,452(+8),[東] 小手川準,202310020106
11,5,9,テイエムクリエイト,牡3,56.0,黛弘人,1:10.0,1.1/4,108.6,13.0,438(-4),[東] 石栗龍彦,202310020106
12,4,7,ニシノリンドウ,牝3,50.0,古川奈穂,1:10.1,クビ,82.4,11.0,496(-2),[東] 土田稔,202310020106
13,3,5,スクリプタム,牝3,52.0,山田敬士,1:10.1,クビ,211.1,16.0,462(-4),[東] 小桧山悟,202310020106
14,3,6,キースケデシュ,牝3,54.0,勝浦正樹,1:10.1,アタマ,172.0,15.0,454(+4),[東] 伊藤伸一,202310020106
15,1,2,グスタール,牡3,55.0,松本大輝,1:10.4,1.1/2,5.4,3.0,474(+2),[東] 粕谷昌央,202310020106
16,1,1,ケサランパサラン,牝3,51.0,鷲頭虎太,1:10.4,クビ,117.8,14.0,416(-2),[西] 中村直也,202310020106
17,6,12,サンスレッド,牡3,54.0,藤田菜七,1:10.6,1,25.6,8.0,458(-2),[東] 深山雅史,202310020106
18,2,4,メーテルコート,牝3,54.0,藤懸貴志,1:10.9,2,10.7,6.0,456(-4),[西] 加用正,202310020106
1,7,8,ニホンピロキーフ,牡3,56.0,富田暁,1:49.2,,2.0,1.0,462(-6),[西] 大橋勇樹,202310020107
2,6,7,スリリングチェイス,牡3,56.0,斎藤新,1:49.6,2.1/2,14.2,6.0,502(0),[西] 渡辺薫彦,202310020107
3,8,11,ワカタツフェイス,牝3,54.0,西村淳也,1:49.6,クビ,4.6,2.0,446(-10),[西] 森田直行,202310020107
4,7,9,ハレアカラフラ,牝3,51.0,今村聖奈,1:49.7,クビ,4.8,3.0,462(0),[西] 音無秀孝,202310020107
5,3,3,プレッジ,牝3,51.0,佐々木大,1:50.2,3.1/2,7.0,4.0,466(+4),[西] 中内田充,202310020107
6,5,5,フルラインナップ,牡3,54.0,小林凌大,1:50.3,クビ,12.6,5.0,452(0),[東] 小島茂之,202310020107
7,2,2,シホノインプルソ,牡3,55.0,松本大輝,1:50.8,3,65.8,7.0,450(+6),[西] 杉山佳明,202310020107
8,4,4,テーオーレーズン,牝3,51.0,鷲頭虎太,1:51.2,2.1/2,147.4,9.0,426(-2),[西] 宮徹,202310020107
9,6,6,オザナリ,牝3,51.0,水沼元輝,1:51.2,クビ,156.1,10.0,380(-6),[東] 深山雅史,202310020107
10,1,1,ティリア,牝3,54.0,亀田温心,1:52.0,5,79.2,8.0,448(-5),[西] 村山明,202310020107
11,8,10,レジーナルージュ,牝3,53.0,秋山稔樹,1:53.7,10,293.0,11.0,432(+4),[東] 佐藤吉勝,202310020107
1,2,4,タガノリバイバー,牝5,55.0,角田大和,1:44.2,,6.3,3.0,500(+4),[西] 大根田裕,202310020108
2,4,8,トラストベル,牝4,55.0,勝浦正樹,1:44.2,クビ,154.4,14.0,436(-4),[東] 田村康仁,202310020108
3,5,9,カラーインデックス,牝4,55.0,北村友一,1:44.3,クビ,3.3,1.0,520(0),[西] 長谷川浩,202310020108
4,1,1,サクラジェンヌ,牝4,55.0,丹内祐次,1:44.3,ハナ,12.0,6.0,482(+4),[東] 和田勇介,202310020108
5,4,7,パタゴニア,牝5,56.0,西村淳也,1:44.3,クビ,8.9,5.0,494(-8),[西] 池添学,202310020108
6,5,10,ウォーターウキウキ,牝6,56.0,幸英明,1:44.9,3.1/2,4.3,2.0,468(0),[西] 岡田稲男,202310020108
7,7,14,リノアラ,牝4,54.0,小沢大仁,1:45.1,1.1/4,14.8,7.0,428(0),[西] 今野貞一,202310020108
8,3,6,リキサンハート,牝5,56.0,菱田裕二,1:45.2,クビ,22.3,9.0,496(+6),[東] 奥平雅士,202310020108
9,7,13,トレッファー,牝6,55.0,泉谷楓真,1:45.4,1.1/2,35.4,10.0,446(+4),[西] 本田優,202310020108
10,1,2,クロンヌドラレーヌ,牝4,52.0,今村聖奈,1:45.5,クビ,8.5,4.0,426(-8),[西] 高橋義忠,202310020108
11,8,16,エアーレジーナ,牝5,55.0,秋山稔樹,1:45.5,クビ,90.4,13.0,496(+4),[東] 和田雄二,202310020108
12,6,11,レヴィーアクイーン,牝5,56.0,酒井学,1:45.8,2,49.6,11.0,484(+6),[西] 笹田和秀,202310020108
13,6,12,レスペディーザ,牝5,56.0,藤岡康太,1:46.2,2.1/2,21.1,8.0,436(-4),[西] 松永幹夫,202310020108
14,2,3,ラピスデラビオス,牝5,56.0,藤懸貴志,1:46.4,1.1/4,66.7,12.0,422(-16),[西] 高野友和,202310020108
15,3,5,マリノプリエール,牝4,53.0,小林凌大,1:46.4,クビ,168.8,15.0,456(-10),[東] 伊藤圭三,202310020108
16,8,15,スノーハレーション,牝5,53.0,佐々木大,1:47.5,7,183.6,16.0,432(-2),[東] 金成貴史,202310020108
1,7,10,カイザー,牡4,57.0,西村淳也,2:02.0,,4.0,2.0,486(-4),[西] 森田直行,202310020109
2,6,8,ヒルノアントラ,セ6,58.0,勝浦正樹,2:02.0,クビ,36.7,10.0,460(0),[西] 昆貢,202310020109
3,4,4,オウケンボルト,牡4,57.0,丸山元気,2:02.1,クビ,14.2,7.0,458(-2),[東] 土田稔,202310020109
4,5,6,タイラーテソーロ,牡4,57.0,菱田裕二,2:02.1,クビ,33.6,9.0,472(+4),[東] 栗田徹,202310020109
5,7,9,ラウルピドゥ,牡4,57.0,斎藤新,2:02.2,3/4,5.9,3.0,470(-10),[西] 吉村圭司,202310020109
6,2,2,バガン,牡5,58.0,藤岡康太,2:02.2,ハナ,3.8,1.0,472(+2),[西] 野中賢二,202310020109
7,8,12,サンズオブタイム,牡5,58.0,幸英明,2:02.3,クビ,14.6,8.0,504(+2),[東] 和田勇介,202310020109
8,1,1,コスモフロイデ,牡4,57.0,丹内祐次,2:02.4,3/4,7.8,5.0,474(+2),[東] 天間昭一,202310020109
9,8,11,サトノヴィーナス,牝6,56.0,北村友一,2:02.4,ハナ,7.0,4.0,484(0),[西] 平田修,202310020109
10,6,7,ハイエログリフ,牝5,56.0,浜中俊,2:02.6,1,10.8,6.0,450(-12),[西] 田中克典,202310020109
11,3,3,フェブサンカラ,牝4,55.0,富田暁,2:03.7,7,242.7,12.0,404(0),[西] 川村禎彦,202310020109
12,5,5,マイネルカグラ,牡4,57.0,国分優作,2:03.9,1.1/4,78.8,11.0,516(-4),[東] 相沢郁,202310020109
1,7,15,ドロップオブライト,牝4,53.0,小沢大仁,1:08.3,,21.4,10.0,438(+2),[西] 松永昌博,202310020110
2,1,1,マイネルレノン,牡4,56.0,泉谷楓真,1:08.3,クビ,5.2,1.0,466(-6),[西] 宮徹,202310020110
3,5,10,カレンヒメ,牝6,54.0,藤岡康太,1:08.4,1/2,18.9,9.0,424(-6),[西] 安田翔伍,202310020110
4,3,5,ロードラスター,牡5,55.0,松若風馬,1:08.6,1.1/4,13.0,7.0,514(-6),[西] 千田輝彦,202310020110
5,7,14,ジュストコル,牡5,57.0,丸山元気,1:08.6,ハナ,8.4,4.0,516(-6),[西] 大久保龍,202310020110
6,6,12,メイショウイジゲン,牡5,54.0,角田大和,1:08.7,1/2,57.0,15.0,440(-8),[西] 南井克巳,202310020110
7,8,16,コスモカッティーボ,牡6,54.0,斎藤新,1:08.7,クビ,59.8,16.0,496(-4),[東] 畠山吉宏,202310020110
8,4,7,アスクキングコング,セ5,56.0,荻野琢真,1:08.8,クビ,13.9,8.0,446(-4),[西] 梅田智之,202310020110
9,7,13,ミズノコキュウ,牝4,53.0,丹内祐次,1:08.8,ハナ,48.2,14.0,424(0),[東] 水野貴広,202310020110
10,6,11,ワンダーカタリナ,牡6,57.0,富田暁,1:08.8,クビ,5.8,2.0,520(0),[西] 河内洋,202310020110
11,4,8,ジューンヨシツネ,牡4,55.0,松本大輝,1:08.9,クビ,27.5,13.0,468(0),[西] 松下武士,202310020110
12,8,17,ショウナンマッハ,牡4,57.0,藤岡佑介,1:08.9,クビ,9.9,5.0,506(+2),[西] 茶木太樹,202310020110
13,8,18,マイトレジャーフジ,牡5,55.0,野中悠太,1:08.9,クビ,25.4,12.0,478(+6),[西] 牧田和弥,202310020110
14,1,2,チャイカ,牝6,54.0,菱田裕二,1:09.2,1.3/4,82.9,17.0,480(+2),[西] 今野貞一,202310020110
15,3,6,タッカーシルバー,牝4,53.0,西村淳也,1:09.2,ハナ,10.1,6.0,456(-2),[東] 鈴木伸尋,202310020110
16,5,9,ミラクル,牝5,54.0,今村聖奈,1:09.7,3,22.5,11.0,468(-8),[西] 加用正,202310020110
17,2,4,ミキノバスドラム,牡5,54.0,勝浦正樹,1:10.2,2.1/2,135.2,18.0,510(+6),[東] 南田美知,202310020110
18,2,3,コンクパール,牝4,54.0,幸英明,1:10.8,3.1/2,7.7,3.0,488(-6),[西] 中竹和也,202310020110
1,3,4,メイショウジブリ,牡4,57.0,泉谷楓真,1:42.5,,2.4,1.0,504(0),[西] 南井克巳,202310020111
2,8,15,サンライズジャスト,牡4,57.0,藤岡康太,1:42.7,1.1/2,5.1,2.0,540(+8),[西] 羽月友彦,202310020111
3,6,10,ハイエストポイント,牡5,58.0,藤岡佑介,1:42.9,1.1/4,5.4,3.0,456(0),[西] 鈴木孝志,202310020111
4,6,11,アスクビックスター,牡4,57.0,古川奈穂,1:42.9,クビ,12.1,5.0,466(-10),[西] 矢作芳人,202310020111
5,8,14,リアルシング,牡6,58.0,富田暁,1:43.2,1.3/4,22.1,8.0,550(+8),[西] 池添兼雄,202310020111
6,4,7,トゥルブレンシア,セ6,58.0,幸英明,1:43.3,クビ,21.9,7.0,462(-2),[西] 藤沢則雄,202310020111
7,7,13,ハイパーノヴァ,セ9,58.0,国分優作,1:43.5,1.1/4,78.1,11.0,490(-6),[西] 大根田裕,202310020111
8,5,8,フームスムート,牡6,58.0,丹内祐次,1:43.5,ハナ,31.8,9.0,542(+2),[東] 水野貴広,202310020111
9,5,9,トーホウボルツ,牡5,58.0,野中悠太,1:43.6,1/2,144.2,14.0,488(+2),[東] 嘉藤貴行,202310020111
10,1,1,プレジールミノル,牡5,58.0,酒井学,1:43.6,クビ,83.3,13.0,498(-2),[西] 北出成人,202310020111
11,2,3,テイエムファクター,牡4,57.0,北村友一,1:43.6,ハナ,7.5,4.0,460(-2),[西] 木原一良,202310020111
12,7,12,ペイシャオウユー,牝5,56.0,黛弘人,1:43.8,1.1/4,57.8,10.0,472(-4),[東] 石栗龍彦,202310020111
13,2,2,サヴァビアン,牡5,58.0,丸山元気,1:44.6,5,16.1,6.0,432(-6),[西] 羽月友彦,202310020111
14,3,5,フラッグアドミラル,牡9,58.0,佐々木大,1:45.2,3.1/2,157.1,15.0,480(-6),[東] 新開幸一,202310020111
15,4,6,タイセイヴィーナス,牝5,56.0,菱田裕二,1:46.9,10,79.5,12.0,456(-6),[西] 大橋勇樹,202310020111
1,5,8,エレフセリア,牝5,56.0,丹内祐次,2:01.7,,6.5,4.0,452(-2),[東] 武藤善則,202310020112
2,7,12,ルージュラジョア,牝4,55.0,藤岡康太,2:01.7,クビ,4.0,2.0,462(-2),[西] 西村真幸,202310020112
3,6,10,アールフォルス,牝4,55.0,幸英明,2:01.8,1/2,17.7,7.0,452(-4),[西] 橋口慎介,202310020112
4,8,13,ビヨンドザリミット,牝4,52.0,佐々木大,2:02.1,1.3/4,140.5,13.0,458(-2),[東] 武井亮,202310020112
5,8,14,ミナモトフェイス,牝4,53.0,藤田菜七,2:02.2,1/2,54.7,9.0,450(-4),[西] 清水久詞,202310020112
6,4,5,リュクスフレンド,牝5,53.0,鷲頭虎太,2:02.4,1,12.3,6.0,458(-2),[東] 加藤士津,202310020112
7,3,3,エルバルーチェ,牝6,53.0,今村聖奈,2:02.4,クビ,24.6,8.0,466(+4),[東] 西田雄一,202310020112
8,4,6,ラスマドレス,牝4,55.0,西村淳也,2:02.4,ハナ,3.8,1.0,450(-6),[西] 安田隆行,202310020112
9,5,7,ベッラアルバ,牝4,54.0,角田大和,2:02.5,1/2,4.1,3.0,450(-8),[西] 中竹和也,202310020112
10,2,2,ライブインステラ,牝4,55.0,斎藤新,2:02.8,1.3/4,9.5,5.0,472(+4),[東] 小野次郎,202310020112
11,1,1,ブリンク,牝5,55.0,松本大輝,2:03.0,1.1/2,77.4,11.0,458(+4),[西] 吉岡辰弥,202310020112
12,7,11,ユイ,牝4,51.0,古川奈穂,2:03.1,クビ,71.0,10.0,432(-2),[西] 高橋康之,202310020112
13,3,4,ヴァイオルナ,牝4,55.0,野中悠太,2:03.7,3.1/2,110.7,12.0,404(0),[東] 中川公成,202310020112
14,6,9,ジェラペッシュ,牝6,54.0,小林凌大,2:04.6,5,338.1,14.0,446(-6),[東] 南田美知,202310020112
1,3,5,ノーブルアクト,牝3,51.0,水沼元輝,1:45.3,,18.6,5.0,490(-2),[東] 上原博之,202310020201
2,6,11,アッチャゴーラ,牡3,56.0,斎藤新,1:45.5,1.1/4,7.0,3.0,500(+22),[西] 村山明,202310020201
3,2,4,モズバンディット,牡3,56.0,幸英明,1:45.6,1/2,11.1,4.0,452(+10),[西] 中尾秀正,202310020201
4,8,15,アヘッド,牝3,54.0,藤岡康太,1:45.6,クビ,30.7,8.0,446(-4),[西] 中竹和也,202310020201
5,7,13,タガノフリューゲル,牡3,56.0,松若風馬,1:45.8,1,1.7,1.0,486(-4),[西] 鮫島一歩,202310020201
6,6,12,ローズスター,牡3,56.0,西村淳也,1:46.0,1,4.5,2.0,462(0),[西] 上村洋行,202310020201
7,3,6,ダンツターセル,牡3,56.0,丸山元気,1:46.0,クビ,18.8,6.0,496(-2),[西] 本田優,202310020201
8,1,2,コーラフロート,牡3,56.0,丹内祐次,1:46.8,5,68.0,10.0,476(+8),[東] 和田勇介,202310020201
9,2,3,エイジアンスター,牡3,56.0,嶋田純次,1:46.9,クビ,26.3,7.0,528(+8),[東] 手塚貴久,202310020201
10,8,16,カールポメロ,牝3,52.0,小林凌大,1:47.1,1.1/4,245.2,14.0,470(-10),[東] 小西一男,202310020201
11,4,8,ワンダーアウメント,牡3,56.0,亀田温心,1:47.4,2,514.4,16.0,436(+2),[西] 羽月友彦,202310020201
12,4,7,ベルウッドシキシマ,牡3,53.0,佐々木大,1:47.8,2.1/2,49.8,9.0,434(-4),[東] 辻哲英,202310020201
13,5,9,カネトシストーム,牡3,53.0,今村聖奈,1:48.7,5,152.6,11.0,438(+8),[西] 飯田祐史,202310020201
14,7,14,アラモードジェンヌ,牝3,54.0,富田暁,1:48.8,3/4,178.6,12.0,448(-13),[西] 高橋義忠,202310020201
15,5,10,コントロッロ,牡3,56.0,古川吉洋,1:49.7,5,273.2,15.0,532(-10),[西] 松永昌博,202310020201
16,1,1,キョウエイボンバー,牡3,56.0,勝浦正樹,1:51.2,9,223.2,13.0,474(+6),[東] 伊坂重信,202310020201
1,3,6,リサリサ,牝3,54.0,幸英明,1:09.2,,6.4,4.0,482(0),[東] 田村康仁,202310020202
2,4,8,ミレディ,牝3,54.0,丹内祐次,1:09.3,1,5.2,2.0,454(-2),[東] 田島俊明,202310020202
3,2,4,シンリンゲンカイ,牝3,54.0,黛弘人,1:09.4,1,40.3,11.0,460(+6),[東] 石栗龍彦,202310020202
4,5,9,ハクサンミニョン,牝3,54.0,酒井学,1:09.6,1.1/4,43.6,12.0,432(-8),[西] 高橋康之,202310020202
5,1,2,ラブスレンダー,牝3,54.0,丸山元気,1:09.7,クビ,33.2,9.0,438(-2),[東] 田中剛,202310020202
6,6,11,エルディアナ,牝3,54.0,北村友一,1:09.8,1/2,10.3,5.0,400(0),[西] 渡辺薫彦,202310020202
7,5,10,ゼットカレン,牝3,54.0,古川吉洋,1:09.8,クビ,2.8,1.0,472(+2),[西] 宮徹,202310020202
8,1,1,ジャストザヴァルス,牝3,50.0,古川奈穂,1:09.9,クビ,56.0,13.0,418(+8),[西] 牧浦充徳,202310020202
9,6,12,ナムララン,牝3,54.0,浜中俊,1:10.0,3/4,38.3,10.0,412(0),[西] 長谷川浩,202310020202
10,8,16,クリノリアルレディ,牝3,52.0,小林凌大,1:10.0,クビ,74.7,14.0,476(-8),[東] 伊藤伸一,202310020202
11,7,13,シャングリラ,牝3,54.0,西村淳也,1:10.1,3/4,16.7,6.0,424(-4),[西] 杉山晴紀,202310020202
12,7,15,キタサンエルピス,牝3,54.0,荻野極,1:10.3,1,6.1,3.0,470(-2),[西] 本田優,202310020202
13,4,7,シャインルピナス,牝3,52.0,藤田菜七,1:10.5,1.1/4,201.2,15.0,386(-4),[東] 小桧山悟,202310020202
14,2,3,ローザ,牝3,54.0,藤岡康太,1:10.5,クビ,30.7,8.0,502(0),[西] 大久保龍,202310020202
15,7,14,スピルクリスティ,牝3,54.0,菱田裕二,1:10.5,ハナ,450.2,18.0,426(-8),[西] 藤沢則雄,202310020202
16,8,18,フェアムーン,牝3,51.0,今村聖奈,1:10.6,1/2,19.7,7.0,436(-14),[東] 天間昭一,202310020202
17,3,5,キャロリン,牝3,54.0,小牧太,1:10.8,1.1/4,281.2,16.0,400(-14),[西] 笹田和秀,202310020202
18,8,17,カナ,牝3,51.0,佐々木大,1:10.9,1/2,287.3,17.0,382(-6),[東] 粕谷昌央,202310020202
1,7,12,ミッキースピナッチ,牡3,56.0,松若風馬,0:58.3,,20.2,7.0,498(+2),[西] 音無秀孝,202310020203
2,2,2,アイファースキャン,牡3,54.0,藤田菜七,0:58.7,2.1/2,6.0,3.0,478(0),[東] 根本康広,202310020203
3,5,7,カツノテンス,牡3,56.0,勝浦正樹,0:58.7,ハナ,26.3,9.0,436(-8),[東] 伊藤伸一,202310020203
4,5,8,リラスカイ,牝3,54.0,浜中俊,0:58.9,1.1/2,2.1,1.0,454(-6),[東] 高橋裕,202310020203
5,6,9,コスモジョセフ,牡3,56.0,丹内祐次,0:58.9,ハナ,8.7,4.0,468(+4),[東] 伊藤大士,202310020203
6,6,10,プラウドウィッチ,牝3,54.0,藤岡康太,0:59.0,クビ,12.0,5.0,446(0),[西] 今野貞一,202310020203
7,3,3,デアシュトゥルム,牡3,56.0,斎藤新,0:59.2,1.1/4,17.1,6.0,444(-2),[西] 吉田直弘,202310020203
8,4,5,フルオブプレイズ,牡3,56.0,西村淳也,0:59.3,1/2,4.9,2.0,480(+6),[西] 小林真也,202310020203
9,4,6,クリノヒーロー,牡3,56.0,菱田裕二,0:59.4,1/2,38.2,10.0,482(0),[西] 谷潔,202310020203
10,1,1,テーオーミシュラン,牡3,56.0,古川吉洋,1:01.0,10,22.8,8.0,492(0),[西] 上村洋行,202310020203
11,3,4,アオシロツルバミ,牝3,52.0,小林凌大,1:01.2,1.1/2,600.8,13.0,378(+4),[東] 新開幸一,202310020203
12,7,11,ミラクルレインボー,牝3,54.0,嶋田純次,1:02.0,5,253.0,12.0,434(+6),[東] 水野貴広,202310020203
13,8,13,ディオーネ,牝3,54.0,城戸義政,1:02.0,ハナ,186.4,11.0,434(+4),[西] 杉山佳明,202310020203
14,8,14,トムワールド,牡3,55.0,秋山稔樹,1:03.1,7,757.8,14.0,442(-8),[東] 伊藤伸一,202310020203
1,7,9,サンデイビス,牡5,60.0,五十嵐雄,3:13.1,,7.6,6.0,514(+8),[東] 村田一誠,202310020204
2,3,3,マイネルグロース,牡5,60.0,草野太郎,3:13.3,1,7.6,5.0,480(-6),[東] 金成貴史,202310020204
3,2,2,ティートラップ,牡6,60.0,小野寺祐,3:13.3,クビ,6.9,3.0,470(+4),[西] 五十嵐忠,202310020204
4,5,5,コルドゥーン,牡7,60.0,伴啓太,3:14.3,6,33.2,7.0,456(-8),[東] 石栗龍彦,202310020204
5,7,10,デザートスター,セ4,59.0,蓑島靖典,3:14.4,1/2,7.3,4.0,454(-4),[東] 武井亮,202310020204
6,5,6,イザトナレバ,セ4,59.0,金子光希,3:15.5,7,79.0,9.0,462(0),[東] 伊坂重信,202310020204
7,8,11,ミリタリータンゴ,牡5,60.0,平沢健治,3:15.9,2,3.0,1.0,462(+2),[西] 中竹和也,202310020204
8,6,7,セルリアンルネッタ,牡4,57.0,小牧加矢,3:16.2,2,3.3,2.0,466(-4),[西] 高橋康之,202310020204
9,8,12,スマートブリーズ,セ5,60.0,難波剛健,3:17.9,10,82.2,10.0,524(+6),[西] 畑端省吾,202310020204
10,4,4,フェブキラナ,セ5,60.0,中村将之,3:19.1,7,58.6,8.0,468(-2),[西] 川村禎彦,202310020204
中,1,1,ノーティアス,牡4,59.0,江田勇亮,,,154.8,11.0,504(+8),[東] 宗像義忠,202310020204
中,6,8,アイファーベア,牡5,60.0,大江原圭,,,274.4,12.0,470(0),[東] 根本康広,202310020204
1,6,9,ミッキーキャンバス,牡3,56.0,浜中俊,2:01.8,,3.6,1.0,494(0),[西] 池江泰寿,202310020205
2,2,2,スピーディブレイク,牡3,53.0,今村聖奈,2:02.1,1.1/2,4.7,3.0,432(+2),[東] 村田一誠,202310020205
3,5,7,アスターブジエ,牡3,56.0,西村淳也,2:02.2,3/4,6.6,5.0,454(+2),[西] 中竹和也,202310020205
4,4,5,ボールドステート,牡3,56.0,丹内祐次,2:02.8,3.1/2,8.5,6.0,472(0),[東] 尾形和幸,202310020205
5,7,11,トノパー,牡3,56.0,藤岡佑介,2:03.1,2,4.1,2.0,502(+14),[西] 四位洋文,202310020205
6,1,1,フィールザオーラ,牝3,54.0,黛弘人,2:03.1,ハナ,6.5,4.0,460(0),[東] 武井亮,202310020205
7,4,4,アイラブユー,牝3,54.0,原田和真,2:03.5,2.1/2,231.6,11.0,428(0),[東] 蛯名利弘,202310020205
8,7,10,ディヴァインアロー,牡3,56.0,古川吉洋,2:03.6,1/2,25.6,7.0,484(-2),[西] 昆貢,202310020205
9,8,13,ウィングマン,牡3,56.0,斎藤新,2:04.3,4,56.7,9.0,456(0),[東] 斎藤誠,202310020205
10,3,3,ウインステイトリー,牡3,54.0,藤田菜七,2:04.4,1/2,153.7,10.0,516(+2),[東] 上原博之,202310020205
11,6,8,ブライトクラウン,牡3,56.0,嶋田純次,2:04.5,1/2,293.0,12.0,434(0),[東] 和田正一,202310020205
12,8,12,ヤマカツキントーン,牡3,56.0,幸英明,2:04.5,クビ,25.9,8.0,484(-4),[西] 谷潔,202310020205
13,5,6,ドゥライト,牡3,53.0,鷲頭虎太,2:05.3,5,294.9,13.0,488(+2),[東] 大和田成,202310020205
1,8,16,インプロバイザー,牡4,58.0,松若風馬,1:08.2,,10.4,7.0,478(+18),[西] 音無秀孝,202310020206
2,7,15,アドヴァイス,牝4,55.0,角田大和,1:08.2,クビ,15.9,9.0,478(0),[西] 石坂公一,202310020206
3,6,11,ナリタローゼ,牝5,56.0,酒井学,1:08.3,1/2,7.9,4.0,486(+6),[西] 高橋亮,202310020206
4,1,2,タウゼントシェーン,牝5,56.0,藤岡康太,1:08.4,1,6.2,2.0,442(-2),[西] 小林真也,202310020206
5,7,13,アリシアン,牝4,56.0,浜中俊,1:08.6,1,7.5,3.0,488(-6),[東] 加藤征弘,202310020206
6,2,4,ホウオウエンジェル,牝6,56.0,丹内祐次,1:08.6,ハナ,10.7,8.0,480(+8),[東] 加藤和宏,202310020206
7,3,5,ドラゴンゴクウ,牡4,58.0,丸山元気,1:08.9,1.3/4,96.5,15.0,472(+6),[東] 根本康広,202310020206
8,5,9,イラーレ,牝4,52.0,古川奈穂,1:08.9,クビ,8.9,6.0,442(+2),[西] 北出成人,202310020206
9,4,8,クリーンジーニアス,牝4,56.0,団野大成,1:09.2,1.3/4,5.3,1.0,448(-6),[西] 荒川義之,202310020206
10,8,17,カメハメハタイム,牡4,58.0,菱田裕二,1:09.3,クビ,33.4,12.0,510(0),[東] 栗田徹,202310020206
11,3,6,エメラルアポロン,牡4,56.0,小林凌大,1:09.3,ハナ,101.0,16.0,492(+4),[東] 相沢郁,202310020206
12,2,3,プリファードラン,牝5,56.0,幸英明,1:09.3,アタマ,78.1,14.0,430(+2),[西] 吉岡辰弥,202310020206
13,1,1,デフィデリ,牡4,58.0,勝浦正樹,1:09.3,クビ,8.8,5.0,468(-8),[東] 南田美知,202310020206
14,5,10,プルサティーラ,牝4,56.0,藤岡佑介,1:09.4,クビ,24.3,11.0,430(-2),[西] 中内田充,202310020206
15,7,14,スターライトキス,牝8,56.0,黛弘人,1:09.8,2.1/2,23.2,10.0,510(-8),[東] 新開幸一,202310020206
16,4,7,シーズアクイーン,牝4,56.0,嶋田純次,1:09.9,1/2,298.9,18.0,436(+2),[東] 石毛善彦,202310020206
17,6,12,グリュレーヴ,牝5,53.0,佐々木大,1:10.0,3/4,67.3,13.0,492(-8),[西] 佐々木晶,202310020206
18,8,18,メイショウツガミネ,牡4,57.0,泉谷楓真,1:10.2,1.1/2,187.8,17.0,480(0),[西] 南井克巳,202310020206
1,5,5,セツメンノトビウオ,牡6,57.0,松本大輝,2:41.6,,33.5,7.0,470(+2),[西] 牧田和弥,202310020207
2,7,7,ケンハービンジャー,牡5,55.0,今村聖奈,2:41.7,3/4,1.9,1.0,436(+2),[西] 本田優,202310020207
3,8,8,ミアステラ,牡4,57.0,古川吉洋,2:41.9,1.1/4,3.7,2.0,500(-6),[西] 大根田裕,202310020207
4,6,6,カルトゥーシュ,牡4,54.0,鷲頭虎太,2:43.1,7,5.4,3.0,482(+14),[西] 松下武士,202310020207
5,3,3,キュンストラー,牝5,56.0,丹内祐次,2:43.6,3,8.6,4.0,404(+4),[東] 松永康利,202310020207
6,2,2,ヒロノタイリク,牡8,57.0,角田大和,2:43.9,2,33.9,8.0,522(+18),[西] 宮本博,202310020207
7,1,1,ホウオウスミヨシ,牡4,57.0,藤岡康太,2:44.1,1,26.8,6.0,530(-6),[西] 宮徹,202310020207
8,4,4,ロックグラス,セ6,58.0,幸英明,2:44.2,1/2,16.3,5.0,466(+2),[西] 谷潔,202310020207
1,8,14,ミキノプリンス,牡4,53.0,古川奈穂,1:44.5,,2.8,1.0,494(-4),[西] 大橋勇樹,202310020208
2,6,9,トリプルスリル,牡4,56.0,泉谷楓真,1:44.5,クビ,9.1,5.0,464(-4),[西] 村山明,202310020208
3,2,2,サンライズスコール,牡4,57.0,斎藤新,1:44.5,ハナ,8.9,4.0,460(0),[西] 石坂公一,202310020208
4,7,11,レッドヴァイス,セ5,58.0,富田暁,1:44.6,クビ,14.9,7.0,502(-2),[西] 高橋義忠,202310020208
5,4,5,タイセイアーメット,牡5,58.0,西村淳也,1:44.7,3/4,68.5,11.0,470(-12),[西] 浜田多実,202310020208
6,5,7,ベイビールビオ,牡4,55.0,小林凌大,1:45.0,1.3/4,7.5,3.0,498(-2),[東] 田村康仁,202310020208
7,6,10,ジョイフルダンサー,牝5,56.0,亀田温心,1:45.2,1,88.4,12.0,442(-8),[西] 北出成人,202310020208
8,7,12,グロリアスアポイ,牝4,53.0,藤田菜七,1:45.4,1.1/4,116.1,14.0,458(-24),[西] 千田輝彦,202310020208
9,4,6,ハローサブリナ,牝4,54.0,秋山稔樹,1:45.5,3/4,32.3,9.0,514(-16),[東] 黒岩陽一,202310020208
10,1,1,ダノンマジック,牡4,57.0,団野大成,1:45.5,ハナ,15.1,8.0,444(+4),[東] 田中博康,202310020208
11,3,3,クリノザウルス,牡5,55.0,水沼元輝,1:45.9,2.1/2,107.1,13.0,480(-6),[東] 本間忍,202310020208
12,5,8,ミッキーフランケル,セ5,57.0,角田大和,1:46.0,クビ,34.3,10.0,476(-4),[西] 池添学,202310020208
13,3,4,モズミツボシ,牡4,54.0,今村聖奈,1:46.2,1.1/2,4.2,2.0,542(0),[西] 飯田祐史,202310020208
中,8,13,クリノパイソン,セ5,55.0,佐々木大,,,13.2,6.0,472(-4),[東] 蛯名利弘,202310020208
1,7,12,アイスグリーン,牡3,56.0,幸英明,2:00.8,,4.0,1.0,486(+4),[西] 池添学,202310020209
2,5,8,ブレイヴロッカー,牡3,56.0,藤岡康太,2:00.8,クビ,14.6,8.0,450(-2),[西] 本田優,202310020209
3,6,9,アウフヘーベン,牝3,54.0,太宰啓介,2:00.9,クビ,40.4,14.0,442(-8),[西] 高橋亮,202310020209
4,3,4,バロッサヴァレー,牝3,54.0,北村友一,2:01.1,1.1/4,4.2,2.0,446(0),[西] 高野友和,202310020209
5,8,14,ドットクルー,牡3,56.0,丸山元気,2:01.4,1.3/4,11.5,4.0,456(+4),[西] 笹田和秀,202310020209
6,7,11,エールミネルヴァ,牝3,54.0,松若風馬,2:01.4,クビ,14.1,6.0,462(0),[西] 橋口慎介,202310020209
7,8,13,トーアライデン,牡3,56.0,中井裕二,2:01.7,1.1/2,20.3,11.0,478(+6),[西] 村山明,202310020209
8,3,3,カネフラ,牡3,56.0,斎藤新,2:01.7,アタマ,16.1,10.0,448(-18),[西] 高橋康之,202310020209
9,5,7,マスキュリン,牝3,54.0,浜中俊,2:01.7,アタマ,14.5,7.0,432(-2),[西] 新谷功一,202310020209
10,4,5,ベレザニーニャ,牝3,54.0,小崎綾也,2:02.0,2,35.0,13.0,452(-6),[西] 小崎憲,202310020209
11,4,6,リチャ,牡3,56.0,藤岡佑介,2:02.1,1/2,16.1,9.0,480(-2),[東] 田中博康,202310020209
12,6,10,スカパラダイス,牡3,56.0,今村聖奈,2:02.4,1.3/4,20.5,12.0,458(-6),[西] 寺島良,202310020209
13,2,2,エレガントルビー,牝3,54.0,菱田裕二,2:03.2,5,8.2,3.0,468(0),[西] 森田直行,202310020209
14,1,1,フリンジティアラ,牝3,54.0,西村淳也,2:05.1,大,13.0,5.0,464(-8),[西] 上村洋行,202310020209
1,6,11,ヒヅルジョウ,牝4,55.0,菱田裕二,1:49.5,,4.9,2.0,476(-2),[西] 岡田稲男,202310020210
2,7,13,イザニコス,牝5,56.0,丹内祐次,1:49.7,1.1/4,55.6,11.0,456(+2),[東] 和田正一,202310020210
3,4,7,ルージュメサージュ,牝5,56.0,団野大成,1:49.7,クビ,8.7,5.0,470(0),[西] 斉藤崇史,202310020210
4,1,2,エンジェルサークル,牝6,56.0,丸山元気,1:50.0,1.3/4,97.5,12.0,442(-10),[東] 中川公成,202310020210
5,5,10,エピプランセス,牝4,55.0,西村淳也,1:50.0,アタマ,9.6,6.0,434(+2),[西] 池添学,202310020210
6,5,9,エバーシャドネー,牝4,55.0,藤岡佑介,1:50.0,ハナ,5.4,3.0,446(-4),[西] 藤岡健一,202310020210
7,6,12,エニシノウタ,牝5,56.0,藤田菜七,1:50.1,3/4,6.8,4.0,452(0),[西] 笹田和秀,202310020210
8,2,3,ヴェルザスカ,牝6,56.0,松若風馬,1:50.1,ハナ,128.6,14.0,448(-4),[西] 今野貞一,202310020210
9,4,8,ハッピーオーサム,牝5,56.0,荻野極,1:50.2,クビ,48.4,10.0,508(+12),[西] 藤原英昭,202310020210
10,8,15,ウインヴァカンス,牝5,56.0,角田大和,1:50.2,クビ,233.6,16.0,452(-8),[西] 寺島良,202310020210
11,3,5,アメリカンスター,牝4,55.0,藤岡康太,1:50.3,3/4,18.8,7.0,494(-4),[西] 武幸四郎,202310020210
12,2,4,ペドラフォルカ,牝5,56.0,古川吉洋,1:50.3,ハナ,131.5,15.0,470(-4),[西] 上村洋行,202310020210
13,7,14,オーソレミオ,牝4,55.0,勝浦正樹,1:50.3,ハナ,28.1,8.0,442(-6),[西] 昆貢,202310020210
14,1,1,シンシアウィッシュ,牝4,55.0,浜中俊,1:50.5,3/4,3.2,1.0,448(-2),[西] 吉村圭司,202310020210
15,8,16,ヴァンルーラー,牝4,55.0,北村友一,1:50.5,クビ,32.1,9.0,460(+8),[西] 吉岡辰弥,202310020210
16,3,6,トレデマンド,牝5,56.0,幸英明,1:50.8,1.1/2,113.1,13.0,470(-6),[西] 松永幹夫,202310020210
1,6,11,ヴァトレニ,セ5,58.0,幸英明,1:08.2,,7.7,4.0,450(-4),[西] 長谷川浩,202310020211
2,6,12,キャプテンドレイク,牡6,57.0,藤岡康太,1:08.2,ハナ,12.0,8.0,482(-8),[西] 今野貞一,202310020211
3,8,17,ストーンリッジ,牡6,57.0,藤岡佑介,1:08.2,アタマ,7.5,3.0,478(+8),[西] 藤原英昭,202310020211
4,2,4,リレーションシップ,牡6,57.0,西村淳也,1:08.3,1/2,8.3,5.0,508(+2),[西] 須貝尚介,202310020211
5,8,16,ハリーバローズ,牡6,57.0,北村友一,1:08.3,クビ,15.0,9.0,502(+4),[西] 上村洋行,202310020211
6,7,13,ロードマックス,牡5,58.0,団野大成,1:08.4,クビ,10.6,6.0,450(+6),[西] 藤原英昭,202310020211
7,1,2,ロードベイリーフ,牡6,57.0,酒井学,1:08.4,クビ,35.8,13.0,492(-6),[西] 森田直行,202310020211
8,8,18,カリボール,牡7,57.0,小崎綾也,1:08.4,アタマ,33.3,12.0,496(0),[西] 西村真幸,202310020211
9,4,8,カルネアサーダ,牝4,55.0,松若風馬,1:08.5,クビ,4.8,1.0,466(0),[西] 加用正,202310020211
10,5,9,ダークペイジ,牝4,55.0,荻野極,1:08.5,クビ,7.5,2.0,464(+8),[西] 吉村圭司,202310020211
11,3,5,メイショウケイメイ,牝7,55.0,泉谷楓真,1:08.5,ハナ,158.5,18.0,432(-2),[西] 南井克巳,202310020211
12,3,6,ビップウインク,牝6,55.0,富田暁,1:08.6,1/2,80.4,15.0,522(+8),[西] 清水久詞,202310020211
13,7,14,シセイヒテン,牡8,57.0,田中勝春,1:08.7,クビ,116.2,16.0,466(-2),[東] 宗像義忠,202310020211
14,7,15,ジュニパーベリー,牝6,55.0,嶋田純次,1:08.7,アタマ,22.9,11.0,480(-4),[東] 手塚貴久,202310020211
15,5,10,サトノファビュラス,牝6,55.0,秋山稔樹,1:09.0,1.3/4,76.3,14.0,430(+4),[東] 宗像義忠,202310020211
16,2,3,マウンテンムスメ,牝5,55.0,菱田裕二,1:09.1,3/4,20.1,10.0,468(-2),[東] 中野栄治,202310020211
17,4,7,レジェーロ,牝6,56.0,斎藤新,1:09.2,クビ,121.3,17.0,426(-2),[西] 西村真幸,202310020211
18,1,1,ヤマトコウセイ,牝4,55.0,小林脩斗,1:09.6,2.1/2,11.6,7.0,466(+8),[東] 武井亮,202310020211
1,8,16,シルバーブレッド,牡4,57.0,菱田裕二,1:43.9,,2.8,1.0,422(0),[西] 石坂公一,202310020212
2,3,6,マナウス,牝4,51.0,古川奈穂,1:44.5,3.1/2,11.8,5.0,462(+6),[西] 田中克典,202310020212
3,1,1,メイショウピスカリ,牡5,57.0,角田大和,1:44.7,1.1/4,74.5,12.0,440(+4),[西] 飯田祐史,202310020212
4,1,2,ミツカネヴィーナス,牝4,55.0,団野大成,1:44.8,クビ,58.8,10.0,460(+10),[東] 鈴木伸尋,202310020212
5,8,15,ブレイクザアイス,牡4,57.0,幸英明,1:44.9,1/2,29.1,9.0,462(-2),[東] 高橋裕,202310020212
6,2,4,スターザサンライズ,牝4,55.0,斎藤新,1:45.1,1.1/2,14.7,6.0,448(+2),[西] 安田隆行,202310020212
7,7,13,ビナホイアン,牡4,56.0,松本大輝,1:45.4,1.3/4,8.8,4.0,438(-24),[西] 杉山佳明,202310020212
8,5,9,ソルトキャピタル,牡6,58.0,古川吉洋,1:45.5,クビ,23.3,8.0,534(-2),[西] 木原一良,202310020212
9,7,14,パリスデージー,牝6,55.0,秋山稔樹,1:45.5,ハナ,163.0,15.0,436(-6),[東] 佐藤吉勝,202310020212
10,3,5,タイキスパルタン,牡4,57.0,柴山雄一,1:45.7,1,18.5,7.0,518(+16),[西] 辻野泰之,202310020212
11,6,11,イカロス,牡4,55.0,小林脩斗,1:45.7,クビ,58.8,10.0,476(+2),[東] 武藤善則,202310020212
12,5,10,ハヤブサウィッシュ,牡4,57.0,浜中俊,1:45.7,ハナ,6.8,3.0,464(-2),[西] 吉村圭司,202310020212
13,6,12,マスケティアーズ,牡5,58.0,勝浦正樹,1:45.8,1/2,251.2,16.0,472(-4),[東] 小桧山悟,202310020212
14,4,7,シアープレジャー,牝6,53.0,佐々木大,1:46.1,1.1/2,89.3,13.0,434(0),[東] 大江原哲,202310020212
15,2,3,エイシンディアデム,牝5,54.0,藤田菜七,1:46.7,3.1/2,155.6,14.0,440(-2),[東] 根本康広,202310020212
16,4,8,アウグスト,牡4,57.0,丹内祐次,1:47.9,7,3.6,2.0,518(+2),[東] 斎藤誠,202310020212
1,5,10,コパノパサディナ,牡3,56.0,藤岡康太,1:45.9,,2.9,2.0,522(-6),[西] 村山明,202310020301
2,7,14,タロントゥーズ,牡3,56.0,幸英明,1:46.9,6,7.9,3.0,462(-2),[西] 大久保龍,202310020301
3,8,15,ガンウルフ,牡3,56.0,藤岡佑介,1:48.2,8,1.7,1.0,502(-2),[西] 藤岡健一,202310020301
4,4,7,キャロルビアンカ,牝3,54.0,田中健,1:48.9,4,23.7,5.0,470(+2),[西] 荒川義之,202310020301
5,1,2,ダンツセリカ,牡3,56.0,和田翼,1:49.2,1.1/2,206.8,12.0,480(-2),[西] 谷潔,202310020301
6,4,8,ゲットザフェイム,牡3,56.0,丸山元気,1:49.5,1.3/4,154.1,10.0,464(+2),[西] 清水久詞,202310020301
7,3,6,アーユーレディ,牡3,55.0,角田大和,1:49.6,3/4,155.6,11.0,496(-6),[東] 相沢郁,202310020301
8,2,3,コーラフロート,牡3,56.0,中井裕二,1:49.7,クビ,133.5,8.0,470(-6),[東] 和田勇介,202310020301
9,7,13,ラフト,牡3,56.0,斎藤新,1:49.9,1.1/4,46.2,6.0,456(0),[東] 畠山吉宏,202310020301
10,8,16,ジューンスパーク,牡3,56.0,富田暁,1:49.9,ハナ,141.6,9.0,478(+10),[西] 武英智,202310020301
11,3,5,アイアンオー,牡3,56.0,丹内祐次,1:49.9,クビ,71.1,7.0,456(-8),[東] 本間忍,202310020301
12,2,4,オボロヅキヨ,牡3,53.0,佐々木大,1:50.0,1/2,442.2,14.0,428(-2),[西] 渡辺薫彦,202310020301
13,1,1,リリーブースター,牡3,56.0,水口優也,1:50.1,1/2,210.1,13.0,550(-6),[西] 池添兼雄,202310020301
14,5,9,ヘラクレスノット,セ3,55.0,泉谷楓真,1:50.5,2.1/2,11.3,4.0,462(-2),[西] 奥村豊,202310020301
15,6,11,テリオスカイ,牡3,55.0,松本大輝,1:51.6,7,443.6,15.0,498(+2),[西] 松下武士,202310020301
16,6,12,テイエムスペシャル,セ3,53.0,鷲頭虎太,1:53.0,8,458.2,16.0,478(0),[西] 五十嵐忠,202310020301
1,5,9,ウインスノーライト,牡3,56.0,長岡禎仁,2:02.7,,2.8,1.0,480(-2),[西] 杉山晴紀,202310020302
2,1,2,スズカハービン,牡3,56.0,藤岡佑介,2:02.8,クビ,5.3,3.0,466(+2),[西] 橋田満,202310020302
3,7,13,モンテコルノ,牡3,55.0,角田大和,2:02.9,1/2,10.0,5.0,460(+2),[西] 奥村豊,202310020302
4,7,14,エイトキングゴッド,牡3,53.0,佐々木大,2:02.9,クビ,85.8,13.0,484(+2),[東] 青木孝文,202310020302
5,8,15,リリーバローズ,牝3,51.0,今村聖奈,2:03.0,クビ,3.8,2.0,434(0),[西] 寺島良,202310020302
6,8,17,カズキ,牡3,54.0,原優介,2:03.2,1.1/4,59.0,10.0,434(-10),[西] 梅田智之,202310020302
7,6,11,ドゥワー,牝3,54.0,丹内祐次,2:03.3,3/4,19.9,7.0,448(+4),[東] 小笠倫弘,202310020302
8,4,7,シルバープリペット,牡3,56.0,勝浦正樹,2:03.3,クビ,72.2,11.0,456(0),[東] 松山将樹,202310020302
9,2,4,サダムターゲット,牡3,56.0,藤岡康太,2:03.4,1/2,144.8,15.0,478(+4),[西] 中尾秀正,202310020302
10,3,6,ウイントルヴェール,牡3,54.0,藤田菜七,2:03.8,2.1/2,82.8,12.0,440(-2),[東] 宗像義忠,202310020302
11,5,10,ダノンワンナップ,牡3,56.0,北村友一,2:03.9,アタマ,13.7,6.0,470(-4),[東] 田中博康,202310020302
12,8,16,オフィスバトル,牡3,56.0,菱田裕二,2:03.9,クビ,39.2,8.0,500(-2),[西] 高橋亮,202310020302
13,6,12,ジューンフリーダム,牡3,56.0,富田暁,2:04.0,クビ,41.5,9.0,484(0),[西] 武英智,202310020302
14,1,1,ディーエスソフィア,牡3,55.0,小沢大仁,2:04.1,1/2,117.0,14.0,458(0),[西] 岡田稲男,202310020302
15,3,5,ウインステイトリー,牡3,53.0,水沼元輝,2:04.8,4,455.7,16.0,516(0),[東] 上原博之,202310020302
16,4,8,クラシカルビジュー,牝3,54.0,幸英明,2:04.9,クビ,9.2,4.0,470(-6),[西] 清水久詞,202310020302
17,2,3,ファーレンジョー,牡3,56.0,黛弘人,2:05.3,2.1/2,607.6,17.0,440(0),[東] 中野栄治,202310020302
1,3,3,カンフーダンス,牝3,51.0,今村聖奈,0:59.3,,3.9,3.0,460(+8),[西] 平田修,202310020303
2,7,11,クリーデンス,牝3,51.0,佐々木大,0:59.4,1/2,3.0,2.0,484(-2),[西] 吉村圭司,202310020303
3,6,9,セレッソサンライズ,牝3,54.0,幸英明,0:59.5,3/4,19.3,6.0,400(0),[西] 新谷功一,202310020303
4,4,5,バスドラムガール,牝3,54.0,水口優也,0:59.6,3/4,2.5,1.0,454(-2),[西] 羽月友彦,202310020303
5,4,6,バサラ,牝3,52.0,小林凌大,0:59.7,1/2,16.7,5.0,446(0),[東] 伊藤圭三,202310020303
6,7,12,アルティジャナーレ,牝3,54.0,菱田裕二,1:00.1,2,42.4,7.0,444(0),[西] 茶木太樹,202310020303
7,1,1,ライメイウィザード,牝3,51.0,鷲頭虎太,1:00.2,1/2,103.7,11.0,414(-4),[西] 浜田多実,202310020303
8,5,7,ロックジャム,牝3,54.0,富田暁,1:00.5,1.3/4,213.8,13.0,452(-4),[西] 安達昭夫,202310020303
9,5,8,ピスティス,牝3,51.0,水沼元輝,1:00.9,2.1/2,48.1,8.0,426(+4),[東] 大江原哲,202310020303
10,8,14,コウセイエミオト,牝3,54.0,黛弘人,1:01.1,1.1/4,121.6,12.0,384(-6),[東] 中野栄治,202310020303
11,6,10,テイエムサンローズ,牝3,54.0,田中健,1:01.1,ハナ,86.5,10.0,456(0),[西] 飯田雄三,202310020303
12,3,4,レイレフア,牝3,54.0,丹内祐次,1:01.1,アタマ,15.3,4.0,450(-2),[東] 加藤士津,202310020303
13,2,2,ナリタアンビション,牝3,53.0,小沢大仁,1:01.2,クビ,265.5,14.0,394(0),[西] 宮本博,202310020303
14,8,13,アントルメグラッセ,牝3,53.0,松本大輝,1:01.2,アタマ,73.1,9.0,442(+2),[東] 土田稔,202310020303
1,3,3,テイエムナイスラン,牡4,59.0,伴啓太,3:12.7,,1.8,1.0,524(+4),[東] 石栗龍彦,202310020304
2,6,7,モルタル,セ6,60.0,小野寺祐,3:12.8,クビ,15.7,6.0,460(-4),[東] 加藤征弘,202310020304
3,4,4,アースブレイブ,セ6,60.0,江田勇亮,3:13.2,2.1/2,12.5,5.0,458(-12),[東] 宗像義忠,202310020304
4,8,11,ダノンセレスタ,牡6,58.0,小牧加矢,3:14.0,5,4.6,2.0,510(+12),[西] 音無秀孝,202310020304
5,1,1,メイショウキョウジ,牡8,60.0,森一馬,3:14.1,1/2,10.0,4.0,488(+8),[西] 松永昌博,202310020304
6,5,6,マイネルアルケミー,牡7,60.0,大江原圭,3:15.4,8,9.4,3.0,486(-4),[東] 中野栄治,202310020304
7,7,10,コズミックマインド,セ5,60.0,五十嵐雄,3:15.5,1,25.8,8.0,448(+6),[東] 田島俊明,202310020304
8,8,12,ブレイニーラン,牡8,60.0,中村将之,3:15.7,1,17.4,7.0,490(+8),[西] 畑端省吾,202310020304
9,7,9,アサクサトラマル,牡5,60.0,蓑島靖典,3:16.6,5,102.2,10.0,470(0),[東] 戸田博文,202310020304
10,6,8,ソヨギ,牝6,58.0,草野太郎,3:17.2,3.1/2,278.5,12.0,490(+6),[東] 粕谷昌央,202310020304
11,5,5,サンシロウ,セ9,60.0,大庭和弥,3:20.5,大,200.5,11.0,482(-10),[東] 堀内岳志,202310020304
12,2,2,レッドレビン,セ6,60.0,難波剛健,3:24.0,大,48.2,9.0,496(-4),[西] 小林真也,202310020304
1,7,9,セデックカズマ,牡7,60.0,平沢健治,3:51.6,,14.5,6.0,512(-10),[西] 高柳大輔,202310020305
2,8,11,ポルタフォリオ,牡5,60.0,北沢伸也,3:51.7,クビ,7.7,3.0,506(-8),[西] 角田晃一,202310020305
3,4,4,スーパーフェイバー,牡5,60.0,小野寺祐,3:51.9,1.1/2,31.2,9.0,506(-2),[西] 矢作芳人,202310020305
4,7,10,メイショウハチク,セ9,60.0,森一馬,3:51.9,クビ,10.6,4.0,470(-6),[西] 南井克巳,202310020305
5,3,3,タマモワカムシャ,セ4,57.0,小牧加矢,3:52.1,1.1/4,19.3,8.0,476(0),[西] 五十嵐忠,202310020305
6,8,12,ホシルミエール,セ10,60.0,小坂忠士,3:52.2,1/2,18.4,7.0,464(-2),[西] 庄野靖志,202310020305
7,6,7,メイショウアツイタ,牡5,60.0,難波剛健,3:52.3,クビ,12.8,5.0,502(+12),[西] 高橋義忠,202310020305
8,6,8,サンティーニ,セ8,61.0,五十嵐雄,3:52.5,1.1/4,3.5,2.0,496(-6),[東] 尾関知人,202310020305
9,2,2,ショウナンサルヴォ,牡5,60.0,中村将之,3:53.3,5,2.3,1.0,512(+6),[西] 吉村圭司,202310020305
10,5,6,デストロイ,セ9,60.0,蓑島靖典,3:53.7,2.1/2,93.1,12.0,516(+8),[東] 高橋裕,202310020305
11,1,1,ヤマノグリッターズ,牡5,60.0,大江原圭,3:54.1,2.1/2,71.2,10.0,502(0),[東] 松山将樹,202310020305
12,5,5,アームストロング,牡5,60.0,草野太郎,3:56.7,大,78.5,11.0,502(-4),[東] 南田美知,202310020305
1,7,15,ゴルトリッチ,牡3,56.0,浜中俊,1:09.3,,6.7,4.0,484(-4),[西] 牧浦充徳,202310020306
2,5,10,タリア,牝3,51.0,佐々木大,1:09.4,クビ,16.7,6.0,428(0),[東] 矢野英一,202310020306
3,6,11,エイシンエマーユ,牝3,54.0,丹内祐次,1:09.5,1/2,3.3,1.0,444(0),[東] 田中剛,202310020306
4,4,7,ピンポンマム,牝3,53.0,松本大輝,1:09.5,クビ,160.8,15.0,414(-10),[東] 青木孝文,202310020306
5,6,12,スプレンディダ,牝3,53.0,角田大和,1:09.6,クビ,6.5,3.0,420(-4),[西] 茶木太樹,202310020306
6,1,2,ラインガウディ,牡3,56.0,中井裕二,1:09.7,1,19.6,8.0,462(+2),[西] 長谷川浩,202310020306
7,1,1,アナザームーン,牡3,55.0,小沢大仁,1:09.7,ハナ,112.6,13.0,468(+6),[東] 水野貴広,202310020306
8,8,16,カシノインディード,牡3,56.0,北村友一,1:09.8,1/2,7.7,5.0,456(-2),[西] 牧田和弥,202310020306
9,8,17,ビッグボーンリタ,牝3,54.0,斎藤新,1:09.9,3/4,139.9,14.0,438(0),[西] 高橋康之,202310020306
10,3,6,ミスファイト,牝3,54.0,黛弘人,1:10.0,1/2,276.6,17.0,454(-10),[東] 和田雄二,202310020306
11,5,9,スイープラン,牝3,54.0,菱田裕二,1:10.2,1,4.9,2.0,446(-4),[西] 渡辺薫彦,202310020306
12,4,8,モズメルベイユ,牝3,51.0,今村聖奈,1:10.2,ハナ,24.7,9.0,424(-4),[西] 南井克巳,202310020306
13,2,4,アスキーアート,牝3,54.0,原田和真,1:10.2,ハナ,28.8,11.0,410(+2),[東] 小野次郎,202310020306
14,7,13,ライコウノヒカリ,牡3,56.0,藤岡康太,1:10.2,ハナ,28.3,10.0,422(0),[東] 菊川正達,202310020306
15,7,14,カグヤ,牝3,54.0,富田暁,1:10.3,3/4,18.5,7.0,428(-2),[西] 池江泰寿,202310020306
16,2,3,アスクエブリーワン,牡3,54.0,藤田菜七,1:11.3,6,171.8,16.0,426(+4),[東] 青木孝文,202310020306
17,8,18,カイラシ,牝3,54.0,藤岡佑介,1:12.5,7,93.7,12.0,448(+20),[東] 伊藤大士,202310020306
中,3,5,クリノルージュ,牝3,54.0,荻野琢真,,,519.5,18.0,394(-8),[西] 藤沢則雄,202310020306
1,6,8,イーサンバーニング,牡4,54.0,今村聖奈,2:34.2,,5.8,5.0,512(+4),[東] 中野栄治,202310020307
2,1,1,ウインアラジン,牡4,56.0,角田大和,2:34.9,4,3.5,1.0,496(+22),[西] 寺島良,202310020307
3,2,2,アンノウンウォリア,牡4,55.0,藤田菜七,2:35.2,1.3/4,28.8,7.0,456(-2),[西] 平田修,202310020307
4,7,10,タマモモンレーブ,牡4,57.0,幸英明,2:35.4,1.1/4,4.9,3.0,502(0),[西] 大橋勇樹,202310020307
5,8,12,テーオーインパクト,牡4,54.0,鷲頭虎太,2:35.5,1/2,60.9,9.0,504(+10),[西] 宮徹,202310020307
6,4,4,ヴォーグマチネ,牡5,58.0,原田和真,2:35.6,3/4,45.5,8.0,498(-4),[東] 堀内岳志,202310020307
7,8,11,ロイヤルダンス,牡5,58.0,丹内祐次,2:35.8,1.1/4,3.8,2.0,508(+4),[東] 清水英克,202310020307
8,5,6,ベイビールビオ,牡4,55.0,小林凌大,2:36.4,3.1/2,5.4,4.0,494(-4),[東] 田村康仁,202310020307
9,5,5,スズカモービル,牡4,57.0,森裕太朗,2:37.4,6,290.7,12.0,458(-2),[西] 橋田満,202310020307
10,7,9,サルサディーバ,牝4,54.0,小沢大仁,2:38.5,7,181.8,11.0,498(+4),[西] 森田直行,202310020307
11,6,7,ウラエウス,牡5,58.0,藤岡康太,2:40.2,10,14.4,6.0,460(-14),[西] 本田優,202310020307
12,3,3,クリノマンゲツ,牡6,57.0,松本大輝,2:40.9,4,160.0,10.0,532(+9),[西] 藤沢則雄,202310020307
1,5,10,ロムネヤ,牝4,52.0,佐々木大,1:49.4,,3.3,1.0,414(0),[東] 国枝栄,202310020308
2,6,12,ポルテーニャ,牝4,55.0,鮫島良太,1:49.5,1/2,16.4,8.0,434(0),[西] 西村真幸,202310020308
3,6,11,クインズステラ,牝4,55.0,藤岡佑介,1:49.5,アタマ,20.9,9.0,464(-6),[東] 池上昌和,202310020308
4,1,1,イヴィステラ,牝4,55.0,北村友一,1:49.7,1.1/4,15.5,7.0,462(+4),[東] 小島茂之,202310020308
5,4,7,キヨラ,牝5,54.0,原優介,1:49.9,1.1/2,180.1,14.0,476(+4),[東] 堀内岳志,202310020308
6,5,9,クインズグレイト,牝4,55.0,富田暁,1:50.0,クビ,64.0,12.0,446(-8),[西] 野中賢二,202310020308
7,1,2,ゴルトシュミーデ,牝4,55.0,亀田温心,1:50.0,アタマ,5.4,2.0,434(+4),[西] 村山明,202310020308
8,8,16,キャニオニング,牝5,56.0,勝浦正樹,1:50.0,ハナ,21.3,10.0,442(0),[東] 村田一誠,202310020308
9,7,13,グラヴィテ,牝5,56.0,藤岡康太,1:50.4,2,15.3,6.0,482(-6),[西] 鮫島一歩,202310020308
10,3,5,レディアリエス,牝5,56.0,松若風馬,1:50.4,アタマ,9.4,5.0,480(-8),[西] 橋口慎介,202310020308
11,2,4,プリペアード,牝5,56.0,丹内祐次,1:50.5,1,93.3,13.0,420(+6),[西] 宮徹,202310020308
12,3,6,リュクスフレンド,牝5,53.0,鷲頭虎太,1:50.7,1,8.4,4.0,460(+2),[東] 加藤士津,202310020308
13,4,8,ソルティエラ,牝5,54.0,小林凌大,1:51.2,3,185.1,15.0,468(+2),[東] 尾形和幸,202310020308
14,2,3,ヨンウォニ,牝6,53.0,水沼元輝,1:51.4,1.1/4,419.1,16.0,460(0),[東] 伊藤伸一,202310020308
15,7,14,アンダーユアスペル,牝4,55.0,丸山元気,1:51.5,クビ,24.0,11.0,456(-6),[東] 小西一男,202310020308
中,8,15,レディズビーク,牝4,52.0,今村聖奈,,,5.6,3.0,438(-6),[西] 池江泰寿,202310020308
1,8,12,ガラパゴス,牡4,57.0,藤岡康太,1:45.3,,2.0,1.0,488(-6),[西] 野中賢二,202310020309
2,6,7,サムハンター,牡5,58.0,丸山元気,1:45.4,1,18.5,7.0,498(-8),[西] 高橋康之,202310020309
3,3,3,サクラソーレ,牡4,57.0,佐々木大,1:45.6,1.1/4,13.9,6.0,470(0),[東] 堀宣行,202310020309
4,8,11,ララモンドール,牡5,58.0,黛弘人,1:46.4,5,25.8,8.0,434(-8),[東] 和田雄二,202310020309
5,4,4,トーホウテンリュウ,牡4,57.0,菱田裕二,1:46.8,2.1/2,8.8,5.0,476(-6),[西] 谷潔,202310020309
6,1,1,ダノンアーリー,牡4,57.0,斎藤新,1:47.0,1.1/2,7.8,3.0,468(0),[西] 安田隆行,202310020309
7,7,10,ワールドハート,牡4,57.0,幸英明,1:47.2,1.1/4,8.2,4.0,444(-8),[西] 杉山佳明,202310020309
8,7,9,チャールストン,セ4,57.0,原田和真,1:47.4,1.1/4,64.7,11.0,482(-2),[東] 小桧山悟,202310020309
9,2,2,メイショウシヅキ,牡4,57.0,小沢大仁,1:47.4,アタマ,37.8,9.0,470(0),[西] 池添兼雄,202310020309
10,6,8,シャランガーナ,牡4,57.0,角田大和,1:47.8,2,43.1,10.0,496(+22),[西] 清水久詞,202310020309
11,5,6,サノラキ,牡4,57.0,丹内祐次,1:47.9,1/2,79.5,12.0,492(+6),[東] 中舘英二,202310020309
12,5,5,グレートキャンベラ,牡4,57.0,松若風馬,1:49.2,8,6.2,2.0,514(+5),[西] 矢作芳人,202310020309
1,8,11,ジャンカズマ,牡5,55.0,野中悠太,2:41.3,,12.9,7.0,478(-2),[西] 安田翔伍,202310020310
2,7,9,サンセットクラウド,牡4,56.0,松若風馬,2:41.6,1.1/2,3.6,1.0,452(-2),[西] 矢作芳人,202310020310
3,4,4,ダイム,牝4,54.0,勝浦正樹,2:42.0,2.1/2,5.9,4.0,438(-4),[西] 昆貢,202310020310
4,6,7,ハーツオブシャカ,牡5,55.0,藤岡康太,2:42.2,1.1/4,11.3,5.0,470(0),[西] 鮫島一歩,202310020310
5,1,1,シーグラス,牝4,54.0,丹内祐次,2:42.7,3,3.9,2.0,432(+6),[東] 武藤善則,202310020310
6,8,10,ブラックラテ,牡5,56.0,北村友一,2:43.0,2,12.2,6.0,494(-2),[西] 梅田智之,202310020310
7,3,3,アトミックフレア,牝5,53.0,泉谷楓真,2:43.1,3/4,19.3,8.0,448(-4),[西] 渡辺薫彦,202310020310
8,5,5,ホウオウユニコーン,牡4,55.0,幸英明,2:43.4,2,5.1,3.0,466(+2),[東] 奥村武,202310020310
9,7,8,クリノキングボス,牡6,52.0,小林凌大,2:43.8,2.1/2,251.7,11.0,484(-4),[東] 天間昭一,202310020310
10,6,6,スカイテラス,牡6,54.0,富田暁,2:43.8,ハナ,30.2,9.0,498(-8),[東] 和田正一,202310020310
11,2,2,ウインヴァカンス,牝5,52.0,角田大和,2:43.9,クビ,40.1,10.0,452(0),[西] 寺島良,202310020310
1,5,10,メイショウゲンセン,牝6,56.0,藤岡康太,1:08.4,,22.9,10.0,440(-8),[西] 武幸四郎,202310020311
2,7,13,ショウナンアメリア,牝4,56.0,浜中俊,1:08.9,3,15.4,8.0,458(0),[東] 奥村武,202310020311
3,6,11,メイショウグラニー,牝4,56.0,藤岡佑介,1:09.0,クビ,7.0,2.0,462(+2),[西] 藤岡健一,202310020311
4,8,18,タイセイブリリオ,牡4,58.0,富田暁,1:09.0,アタマ,4.2,1.0,480(+2),[西] 大橋勇樹,202310020311
5,3,6,ベンガン,牡6,58.0,亀田温心,1:09.0,クビ,23.6,11.0,470(+4),[西] 千田輝彦,202310020311
6,4,7,メイショウハボタン,牝5,56.0,泉谷楓真,1:09.0,ハナ,7.6,4.0,466(-8),[西] 南井克巳,202310020311
7,1,2,ラキエータ,牝4,56.0,北村友一,1:09.0,アタマ,7.6,5.0,418(-2),[西] 音無秀孝,202310020311
8,8,17,アスターディゴン,牡4,58.0,角田大和,1:09.2,1,30.5,12.0,478(+4),[西] 中竹和也,202310020311
9,3,5,サトノルーチェ,牝5,56.0,幸英明,1:09.3,1/2,20.7,9.0,430(-2),[西] 吉村圭司,202310020311
10,5,9,ケリアテソーロ,牝5,56.0,原優介,1:09.3,アタマ,119.4,17.0,434(-6),[東] 伊坂重信,202310020311
11,7,15,カシノフォワード,セ5,58.0,斎藤新,1:09.4,1/2,54.3,14.0,438(0),[東] 蛯名利弘,202310020311
12,8,16,ルルルージュ,牝5,56.0,小牧太,1:09.4,ハナ,62.2,15.0,482(0),[東] 菊沢隆徳,202310020311
13,7,14,シゲルファンノユメ,牡4,58.0,丹内祐次,1:09.5,1/2,7.2,3.0,490(+2),[東] 伊藤圭三,202310020311
14,6,12,セリノーフォス,牝4,56.0,松若風馬,1:09.7,1.1/4,39.5,13.0,460(-6),[西] 本田優,202310020311
15,4,8,アルムファーツリー,牝5,56.0,丸山元気,1:09.7,クビ,11.1,6.0,468(-2),[西] 川村禎彦,202310020311
16,2,3,セイレーン,牝5,56.0,小沢大仁,1:10.0,1.1/2,68.7,16.0,402(-8),[西] 佐々木晶,202310020311
17,1,1,ダテボレアス,牡4,58.0,菱田裕二,1:10.2,1.1/2,15.4,7.0,490(0),[西] 西園正都,202310020311
18,2,4,ヴィクトワールメイ,牝7,56.0,黛弘人,1:10.7,2.1/2,267.4,18.0,444(-4),[東] 萱野浩二,202310020311
1,6,12,ヒルノエドワード,牡6,58.0,勝浦正樹,1:48.8,,14.7,7.0,478(0),[西] 昆貢,202310020312
2,8,16,タケトンボ,牝4,52.0,今村聖奈,1:49.0,1.1/2,7.6,4.0,442(+2),[西] 飯田雄三,202310020312
3,5,9,スズカキング,牡6,58.0,菱田裕二,1:49.3,1.1/2,39.6,12.0,460(-2),[西] 橋田満,202310020312
4,1,1,バトルシャイニング,牡4,56.0,泉谷楓真,1:49.3,クビ,10.7,5.0,508(+4),[西] 本田優,202310020312
5,3,6,グルーヴビート,牡5,58.0,幸英明,1:49.4,3/4,13.8,6.0,486(-2),[西] 中村直也,202310020312
6,4,8,セルジュ,牡5,58.0,丸山元気,1:49.5,アタマ,21.3,11.0,502(+12),[東] 中川公成,202310020312
7,6,11,パーサヴィアランス,牡4,57.0,藤岡康太,1:49.5,クビ,5.5,2.0,468(-2),[西] 西村真幸,202310020312
8,2,3,ニホンピロマリブ,牡5,58.0,小牧太,1:49.6,1/2,54.2,14.0,458(-6),[西] 服部利之,202310020312
9,1,2,ピエドラアギーラ,牡5,58.0,松若風馬,1:49.8,1,4.0,1.0,486(+4),[西] 小崎憲,202310020312
10,8,15,ショウナンラタン,牡4,55.0,原優介,1:50.1,2,17.6,10.0,494(+18),[西] 西園正都,202310020312
11,3,5,ミッキーブンブン,牡4,57.0,浜中俊,1:50.1,ハナ,7.6,3.0,512(0),[東] 菊沢隆徳,202310020312
12,5,10,ユキノエリザベス,牝4,52.0,佐々木大,1:50.1,アタマ,66.3,16.0,474(+4),[東] 竹内正洋,202310020312
13,2,4,コスモアシュラ,牡5,58.0,丹内祐次,1:50.3,1,15.0,8.0,518(-12),[東] 中野栄治,202310020312
14,7,14,メイショウイヌワシ,牡4,56.0,角田大和,1:50.3,アタマ,15.9,9.0,476(+12),[西] 南井克巳,202310020312
15,4,7,マイネルパリオート,牡5,57.0,松本大輝,1:51.0,4,47.3,13.0,474(0),[東] 高橋裕,202310020312
16,7,13,カメハメハタイム,牡4,57.0,富田暁,1:51.3,2,58.2,15.0,508(-2),[東] 栗田徹,202310020312
1,8,16,スマイルスルー,牡3,56.0,ムルザバ,1:46.2,,5.5,3.0,504(+2),[西] 斉藤崇史,202310020401
2,2,4,タカサンフェイス,牡3,56.0,菱田裕二,1:46.5,1.3/4,5.6,4.0,480(-6),[西] 森田直行,202310020401
3,3,6,ナイトアクアリウム,牡3,56.0,幸英明,1:46.6,1/2,9.3,6.0,492(0),[西] 杉山佳明,202310020401
4,6,12,ヨシノクラウン,牡3,56.0,団野大成,1:46.8,1.1/4,7.7,5.0,476(-2),[西] 中尾秀正,202310020401
5,4,7,ハクアイジュピター,牡3,55.0,小沢大仁,1:46.9,1/2,67.6,11.0,492(0),[西] 松永昌博,202310020401
6,3,5,セクシーコマンドー,牡3,56.0,田辺裕信,1:46.9,クビ,19.8,9.0,470(0),[東] 鈴木慎太,202310020401
7,1,1,マウンテンエース,牡3,56.0,黛弘人,1:47.8,5,150.8,12.0,460(+3),[東] 中野栄治,202310020401
8,6,11,フッカツノアカシ,牡3,54.0,山田敬士,1:48.0,3/4,403.8,16.0,500(-2),[東] 小桧山悟,202310020401
9,4,8,サウンドズーム,牡3,56.0,富田暁,1:48.1,3/4,10.7,7.0,476(+2),[西] 武英智,202310020401
10,5,10,ビービーグラーテス,牡3,53.0,鷲頭虎太,1:48.2,クビ,5.1,2.0,478(-2),[西] 加用正,202310020401
11,1,2,バロックダンス,牝3,54.0,西村淳也,1:48.2,ハナ,5.0,1.0,464(+2),[東] 小手川準,202310020401
12,2,3,プロスペリダード,牝3,54.0,吉田隼人,1:49.2,6,14.9,8.0,442(0),[西] 西園正都,202310020401
13,7,13,ピエナナイスガイ,セ3,55.0,角田大和,1:50.2,6,62.0,10.0,484(-8),[西] 飯田祐史,202310020401
14,7,14,ユメミゴコチ,牡3,55.0,松本大輝,1:50.3,クビ,178.4,13.0,450(0),[西] 羽月友彦,202310020401
15,5,9,ストーリーテラー,牝3,54.0,北村友一,1:51.5,7,270.5,14.0,488(-6),[西] 角田晃一,202310020401
16,8,15,タガノグラジオラス,牝3,54.0,田中健,1:52.2,4,318.0,15.0,474(-6),[西] 荒川義之,202310020401
1,5,9,カンチェンジュンガ,牡3,56.0,西村淳也,1:10.6,,10.8,6.0,460(-10),[西] 庄野靖志,202310020402
2,7,15,ルリイロ,牝3,51.0,佐々木大,1:10.7,1,23.0,9.0,480(-2),[東] 菊川正達,202310020402
3,4,8,マルプリ,牝3,54.0,丸田恭介,1:10.8,1/2,5.3,3.0,450(-12),[東] 青木孝文,202310020402
4,5,10,ウォーターリーダー,牡3,56.0,北村友一,1:10.8,クビ,3.6,1.0,438(-2),[西] 安田隆行,202310020402
5,8,17,エイシンテムジン,牡3,56.0,松若風馬,1:10.9,クビ,10.3,5.0,474(+8),[西] 今野貞一,202310020402
6,1,1,トリプルウイナー,牡3,53.0,今村聖奈,1:10.9,クビ,9.1,4.0,430(0),[西] 佐々木晶,202310020402
7,2,3,ピースフルナイト,牝3,54.0,吉田隼人,1:11.0,3/4,4.7,2.0,388(-4),[西] 高野友和,202310020402
8,3,5,ショウナンダグラス,牡3,56.0,団野大成,1:11.2,3/4,15.8,8.0,482(0),[西] 茶木太樹,202310020402
9,3,6,サンエスペランス,牡3,54.0,小林凌大,1:11.2,ハナ,124.5,15.0,460(+2),[東] 小野次郎,202310020402
10,7,14,レディメローラ,牝3,54.0,亀田温心,1:11.3,3/4,13.7,7.0,392(-10),[西] 北出成人,202310020402
11,8,16,クリノビッグママ,牝3,54.0,黛弘人,1:11.5,1.1/4,64.0,12.0,424(+2),[東] 石毛善彦,202310020402
12,7,13,ウィズアウト,牝3,54.0,勝浦正樹,1:11.7,1.1/4,99.3,13.0,438(+2),[東] 水野貴広,202310020402
13,4,7,ショウナンアウリイ,牝3,54.0,幸英明,1:11.9,1.1/2,34.7,10.0,448(-4),[西] 松下武士,202310020402
14,6,12,サーフライド,牡3,56.0,野中悠太,1:12.1,1,167.2,16.0,462(-10),[東] 和田正一,202310020402
15,2,4,カシノフェリクス,牝3,51.0,大久保友,1:12.3,1.1/4,291.6,17.0,414(-16),[西] 藤沢則雄,202310020402
16,1,2,アタックタイガー,牡3,56.0,丹内祐次,1:12.7,2.1/2,102.7,14.0,444(+6),[東] 西田雄一,202310020402
17,6,11,キボウノワダチ,牝3,54.0,藤岡佑介,1:13.2,3,61.1,11.0,460(0),[西] 藤岡健一,202310020402
18,8,18,キラールージュ,牝3,51.0,水沼元輝,1:13.5,1.3/4,392.3,18.0,418(+6),[東] 粕谷昌央,202310020402
1,2,2,テイエムヒマラヤ,牡4,58.0,富田暁,0:58.6,,4.2,1.0,474(+4),[西] 武英智,202310020403
2,8,14,トランザクト,牡5,58.0,ムルザバ,0:58.7,1/2,5.0,2.0,516(-14),[東] 武藤善則,202310020403
3,1,1,キュートハイカー,牝4,56.0,丹内祐次,0:58.7,クビ,16.4,7.0,412(+2),[東] 深山雅史,202310020403
4,8,13,フレンドパル,牝5,54.0,藤田菜七,0:58.8,3/4,8.8,6.0,460(-2),[東] 深山雅史,202310020403
5,4,6,ブリュットミレジメ,牡4,58.0,川島信二,0:58.8,クビ,5.2,3.0,510(-12),[西] 荒川義之,202310020403
6,5,7,アイファーリンクス,牝5,56.0,菱田裕二,0:58.9,1/2,8.0,5.0,478(-4),[西] 鮫島一歩,202310020403
7,7,12,ブルーノート,牡4,58.0,松若風馬,0:59.0,クビ,31.1,9.0,496(+6),[西] 梅田智之,202310020403
8,7,11,タイガークリスエス,牡4,58.0,幸英明,0:59.3,2,85.9,12.0,490(+4),[西] 大橋勇樹,202310020403
9,6,10,ザモウコダマシイ,牝5,53.0,鷲頭虎太,0:59.3,ハナ,91.9,13.0,436(0),[西] 坂口智康,202310020403
10,3,3,クリノヴァニラ,牝5,56.0,野中悠太,0:59.5,1,31.9,10.0,486(+4),[西] 高橋康之,202310020403
11,6,9,ランスオブミューズ,牝5,56.0,小坂忠士,0:59.7,1.1/4,21.8,8.0,462(+12),[西] 奥村豊,202310020403
12,5,8,キョウエイゾロ,牝4,54.0,小林凌大,0:59.8,1/2,63.8,11.0,452(-6),[東] 伊坂重信,202310020403
13,4,5,ドラゴンズアイ,牝4,53.0,水沼元輝,0:59.8,クビ,225.2,14.0,460(0),[東] 天間昭一,202310020403
14,3,4,エンピレオ,牝5,53.0,今村聖奈,1:00.5,4,5.5,4.0,470(-8),[東] 菊沢隆徳,202310020403
1,4,4,ワンダークローバー,牡5,60.0,難波剛健,3:15.7,,8.4,3.0,480(0),[西] 森田直行,202310020404
2,7,10,フロールシュタット,牡4,59.0,草野太郎,3:15.9,1,9.5,5.0,472(+12),[東] 戸田博文,202310020404
3,6,8,ザレストノーウェア,牡5,60.0,蓑島靖典,3:16.7,5,5.7,2.0,466(+4),[東] 新開幸一,202310020404
4,8,11,ロンギングバース,セ5,60.0,五十嵐雄,3:17.1,2,1.8,1.0,466(0),[東] 竹内正洋,202310020404
5,7,9,アドマイヤレビン,牡5,60.0,小野寺祐,3:17.3,1.1/4,33.8,8.0,496(+2),[東] 加藤征弘,202310020404
6,8,12,グランシャーク,牡4,59.0,中村将之,3:18.7,8,110.1,12.0,504(0),[東] 田島俊明,202310020404
7,2,2,ワンダーサーイター,牡6,60.0,江田勇亮,3:19.2,3,45.4,9.0,460(+10),[東] 畠山吉宏,202310020404
8,1,1,ベストインクラス,牡5,60.0,大庭和弥,3:19.7,3,59.6,10.0,510(+2),[東] 伊藤伸一,202310020404
9,3,3,オーマオ,牡7,60.0,小坂忠士,3:21.4,10,109.9,11.0,456(-2),[西] 村山明,202310020404
10,5,5,エンプティチェア,牡6,58.0,小牧加矢,3:22.3,5,14.5,6.0,490(+12),[西] 音無秀孝,202310020404
11,5,6,ベラコリーダ,牝4,57.0,森一馬,3:24.3,大,8.7,4.0,444(-8),[西] 斉藤崇史,202310020404
12,6,7,イーサンパンサー,牡7,60.0,伴啓太,3:27.2,大,23.8,7.0,478(+8),[東] 中野栄治,202310020404
1,5,10,ミッキーゴージャス,牝3,54.0,斎藤新,2:04.2,,3.8,1.0,440(0),[西] 安田隆行,202310020405
2,8,16,フォーチュンコード,牝3,54.0,北村友一,2:05.0,5,45.5,11.0,470(-2),[西] 小林真也,202310020405
3,1,1,コスモアメジスト,牝3,54.0,黛弘人,2:05.2,1.1/2,70.6,14.0,408(-2),[東] 加藤士津,202310020405
4,7,13,メイショウマンゲツ,牝3,54.0,藤岡佑介,2:05.3,クビ,13.4,7.0,468(-6),[西] 藤岡健一,202310020405
5,6,11,スリーミスラピス,牝3,54.0,吉田隼人,2:05.4,3/4,6.0,2.0,464(-6),[西] 橋田満,202310020405
6,7,15,プレシャスストーン,牝3,54.0,丹内祐次,2:05.7,1.3/4,16.7,8.0,396(0),[東] 松山将樹,202310020405
7,7,14,スノーファンタジー,牝3,54.0,野中悠太,2:05.7,ハナ,8.0,4.0,450(0),[西] 安田翔伍,202310020405
8,3,5,ルソルティール,牝3,54.0,丸山元気,2:05.9,1.1/4,6.2,3.0,428(+2),[西] 清水久詞,202310020405
9,3,6,クレーンロケット,牝3,50.0,古川奈穂,2:06.0,クビ,58.4,13.0,436(-2),[東] 宗像義忠,202310020405
10,2,3,アンジェリカル,牝3,54.0,富田暁,2:06.1,3/4,47.5,12.0,426(-18),[西] 武英智,202310020405
11,8,18,サザンショア,牝3,54.0,団野大成,2:06.3,1,24.2,10.0,424(-4),[西] 吉村圭司,202310020405
12,4,7,カフェノワール,牝3,54.0,幸英明,2:06.3,クビ,17.8,9.0,448(-16),[西] 池江泰寿,202310020405
13,8,17,ブルーペクトライト,牝3,54.0,西村淳也,2:07.0,4,9.4,5.0,466(+4),[西] 池添学,202310020405
14,5,9,ニシノリンドウ,牝3,52.0,小林凌大,2:07.1,1/2,170.8,17.0,498(+2),[東] 土田稔,202310020405
15,2,4,スナークメーテル,牝3,54.0,亀田温心,2:07.3,1.1/4,91.5,15.0,478(0),[西] 野中賢二,202310020405
16,1,2,バトルトウショウ,牝3,51.0,佐々木大,2:07.3,クビ,220.1,18.0,434(-2),[東] 杉浦宏昭,202310020405
17,6,12,コウエイダイヤ,牝3,53.0,松本大輝,2:07.5,3/4,10.4,6.0,480(-18),[西] 新谷功一,202310020405
18,4,8,ハイネス,牝3,54.0,田辺裕信,2:09.1,10,99.5,16.0,412(+2),[東] 尾形和幸,202310020405
1,1,2,ダズリングブレイヴ,牡3,56.0,団野大成,1:51.5,,3.8,1.0,498(0),[西] 斉藤崇史,202310020406
2,8,15,ガーランドスタイル,牡3,56.0,吉田隼人,1:51.6,1/2,6.6,3.0,440(-6),[西] 橋口慎介,202310020406
3,4,7,バレンタインソング,牡3,56.0,西村淳也,1:51.7,1/2,20.8,8.0,458(0),[西] 小崎憲,202310020406
4,3,6,ハガネ,牡3,56.0,斎藤新,1:51.8,1,9.1,5.0,460(+4),[東] 斎藤誠,202310020406
5,8,16,メイショウオオミネ,牡3,55.0,角田大和,1:52.1,2,17.8,7.0,440(-8),[西] 石橋守,202310020406
6,2,4,キャリーハピネス,牡3,56.0,幸英明,1:52.3,3/4,7.4,4.0,470(0),[西] 清水久詞,202310020406
7,6,11,ヤマカツラナウェイ,牡3,53.0,鷲頭虎太,1:52.5,1.1/4,170.9,16.0,504(0),[西] 池添兼雄,202310020406
8,2,3,シャイニーゼネラル,セ3,56.0,黛弘人,1:52.5,クビ,35.0,10.0,460(-12),[東] 武井亮,202310020406
9,5,9,マルカブリッツ,牡3,55.0,小沢大仁,1:52.8,1.1/2,9.7,6.0,504(+8),[西] 松永昌博,202310020406
10,7,13,ポルトドール,牡3,56.0,ムルザバ,1:53.0,1.1/4,3.9,2.0,474(-2),[西] 池江泰寿,202310020406
11,7,14,ナイトフォールサン,牡3,56.0,菱田裕二,1:53.0,クビ,86.5,13.0,448(-6),[東] 相沢郁,202310020406
12,5,10,コスモチプリア,牝3,54.0,丹内祐次,1:53.6,3.1/2,24.7,9.0,432(+2),[東] 田村康仁,202310020406
13,4,8,ザレットイットビー,牡3,52.0,古川奈穂,1:53.8,1.1/2,112.7,14.0,406(-12),[西] 梅田智之,202310020406
14,3,5,シェーヌダンクル,牝3,51.0,今村聖奈,1:54.8,6,62.6,12.0,420(0),[西] 寺島良,202310020406
15,1,1,サマニテイオー,牡3,56.0,的場勇人,1:58.7,大,128.2,15.0,422(+2),[東] 的場均,202310020406
16,6,12,ダリオールショコラ,牝3,54.0,丸山元気,2:03.4,大,58.3,11.0,430(+2),[東] 栗田徹,202310020406
1,1,1,クリノニキータ,牝6,55.0,角田大和,1:44.9,,2.0,1.0,480(+2),[西] 大根田裕,202310020407
2,4,4,デームフォーチュン,牝4,55.0,吉田隼人,1:45.1,1,8.9,5.0,470(-2),[西] 高野友和,202310020407
3,5,5,シアープレジャー,牝6,53.0,佐々木大,1:45.5,2.1/2,63.9,8.0,430(-4),[東] 大江原哲,202310020407
4,2,2,グッドインパクト,牝5,53.0,鷲頭虎太,1:46.3,5,69.0,9.0,438(-4),[西] 宮徹,202310020407
5,8,8,トゥーレツリー,牝4,55.0,岡田祥嗣,1:46.5,1.1/4,24.5,6.0,442(-12),[西] 安田翔伍,202310020407
6,3,3,アレマーナ,牝4,55.0,ムルザバ,1:46.6,1,5.3,3.0,482(+4),[西] 松下武士,202310020407
7,7,7,ミーナティエルナ,牝4,52.0,今村聖奈,1:46.6,アタマ,4.4,2.0,440(+10),[西] 寺島良,202310020407
8,8,9,エンブレムコード,牝5,56.0,田辺裕信,1:47.4,5,7.6,4.0,468(-2),[東] 尾関知人,202310020407
9,6,6,ルージュティアーモ,牝4,55.0,団野大成,1:52.1,大,39.2,7.0,448(-16),[西] 斉藤崇史,202310020407
1,3,6,ダノンカオス,セ6,55.0,佐々木大,1:10.3,,11.1,5.0,498(+2),[西] 佐々木晶,202310020408
2,7,14,ウインアステロイド,牡6,58.0,丹内祐次,1:10.4,クビ,46.4,10.0,478(-2),[東] 和田正一,202310020408
3,3,5,アドマイヤラヴィ,牝4,53.0,今村聖奈,1:10.4,アタマ,7.2,3.0,466(+2),[西] 友道康夫,202310020408
4,7,15,トーホウジュナール,牝5,55.0,角田大和,1:10.4,ハナ,3.5,2.0,472(-4),[西] 高橋亮,202310020408
5,6,12,テンジュイン,牝6,53.0,鷲頭虎太,1:10.4,クビ,69.0,15.0,456(0),[西] 千田輝彦,202310020408
6,8,18,ウインドラブリーナ,牝6,56.0,幸英明,1:10.5,1/2,50.9,12.0,440(+18),[西] 飯田雄三,202310020408
7,5,9,ニホンピロポート,牝4,52.0,古川奈穂,1:10.6,クビ,65.6,14.0,450(+2),[西] 安達昭夫,202310020408
8,2,4,スカイトレイル,牝4,56.0,丸田恭介,1:10.7,1/2,63.5,13.0,464(+6),[西] 西村真幸,202310020408
9,4,8,ファタリテ,牡7,56.0,山田敬士,1:10.8,1/2,126.4,16.0,448(-4),[西] 大根田裕,202310020408
10,8,16,コルカノン,牝4,56.0,北村友一,1:10.8,クビ,15.5,6.0,460(+10),[西] 吉岡辰弥,202310020408
11,5,10,ピンクセイラー,牝4,55.0,松本大輝,1:10.8,ハナ,49.7,11.0,464(+4),[東] 小笠倫弘,202310020408
12,6,11,タツオウカケンラン,牝6,56.0,松若風馬,1:10.8,ハナ,36.4,9.0,454(-4),[西] 鮫島一歩,202310020408
13,8,17,トーホウデュラン,牡4,58.0,吉田隼人,1:11.1,1.3/4,7.6,4.0,484(-4),[西] 石坂公一,202310020408
14,4,7,ソニックムーヴ,牡5,58.0,田辺裕信,1:11.2,3/4,16.4,7.0,490(-4),[東] 伊坂重信,202310020408
15,7,13,ユキヤナギ,牝4,56.0,的場勇人,1:11.7,2.1/2,19.1,8.0,454(+8),[東] 的場均,202310020408
16,1,1,モンストルシチー,牡5,56.0,藤田菜七,1:11.7,アタマ,163.1,17.0,458(0),[西] 北出成人,202310020408
17,1,2,スウィートメリナ,牝6,56.0,藤懸貴志,1:11.9,1.1/4,328.2,18.0,452(+2),[西] 羽月友彦,202310020408
18,2,3,リヴォリ,牝4,56.0,藤岡佑介,1:13.0,7,3.5,1.0,492(+2),[西] 藤原英昭,202310020408
1,6,6,セレブレイトガイズ,牡4,57.0,幸英明,2:04.6,,3.5,2.0,486(-6),[西] 石坂公一,202310020409
2,6,7,ウェイオブライト,セ5,58.0,西村淳也,2:04.9,2,20.4,7.0,528(+6),[西] 高橋康之,202310020409
3,3,3,タンジェリンムーン,牝6,56.0,ムルザバ,2:05.1,1.1/4,3.2,1.0,456(+2),[西] 松永昌博,202310020409
4,5,5,ヒルノアントラ,セ6,58.0,勝浦正樹,2:05.2,3/4,8.1,5.0,460(0),[西] 昆貢,202310020409
5,8,10,グランドゴールド,牡4,57.0,田辺裕信,2:05.3,クビ,7.1,4.0,458(-4),[西] 羽月友彦,202310020409
6,4,4,ダンツエスプリ,牡4,57.0,藤懸貴志,2:05.3,ハナ,21.1,8.0,490(+16),[西] 本田優,202310020409
7,7,9,セイウンガレオン,牡4,57.0,黛弘人,2:05.3,アタマ,107.9,11.0,530(-4),[東] 奥平雅士,202310020409
8,7,8,マイネルジャッカル,牡5,58.0,丹内祐次,2:05.4,1/2,6.3,3.0,488(+2),[東] 西田雄一,202310020409
9,8,11,オメガデラックス,セ6,58.0,野中悠太,2:06.0,4,9.9,6.0,438(-8),[西] 安田翔伍,202310020409
10,2,2,メイショウイナセ,セ6,58.0,丸田恭介,2:06.4,2,104.0,10.0,436(-2),[東] 南田美知,202310020409
11,1,1,ブラックワンダー,セ7,58.0,小林凌大,2:06.9,3.1/2,60.7,9.0,456(+2),[東] 尾形和幸,202310020409
1,7,12,アルバミノル,牡5,58.0,丹内祐次,0:57.6,,14.1,6.0,482(+2),[東] 中舘英二,202310020410
2,2,2,プリティインピンク,牝5,56.0,西村淳也,0:57.8,1.1/4,5.4,2.0,438(0),[東] 小手川準,202310020410
3,1,1,ハギノオーロ,牝6,56.0,藤懸貴志,0:58.0,1,10.6,5.0,516(-4),[西] 高野友和,202310020410
4,4,5,ユスティニアン,牡5,58.0,黛弘人,0:58.0,クビ,2.9,1.0,442(+4),[西] 新谷功一,202310020410
5,6,10,パロットビーク,牝5,56.0,田辺裕信,0:58.1,1/2,14.7,7.0,470(-4),[西] 松永幹夫,202310020410
6,5,8,グレタ,牝4,56.0,ムルザバ,0:58.2,1/2,19.2,8.0,466(0),[東] 清水英克,202310020410
7,8,13,サイモンルピナス,牝5,56.0,斎藤新,0:58.3,1/2,45.0,11.0,444(-4),[西] 羽月友彦,202310020410
8,3,4,フチサンメルチャン,牡6,58.0,小牧太,0:58.4,アタマ,19.9,9.0,478(+6),[西] 服部利之,202310020410
9,3,3,シャスティーナ,牝5,56.0,田中健,0:58.6,1.1/4,45.6,12.0,480(-10),[西] 中村直也,202310020410
10,7,11,フルールドネージュ,牝6,56.0,藤岡佑介,0:58.7,3/4,7.5,4.0,442(-6),[西] 鈴木孝志,202310020410
11,8,14,チャーミングアクト,牝6,56.0,幸英明,0:58.7,ハナ,25.4,10.0,474(+2),[西] 飯田雄三,202310020410
12,4,6,ルーリング,牡5,58.0,松若風馬,0:59.0,2,50.2,13.0,516(-6),[西] 中村直也,202310020410
13,5,7,ファンタジックラン,牝4,56.0,角田大和,0:59.1,クビ,63.4,14.0,446(0),[西] 飯田祐史,202310020410
14,6,9,デルマシルフ,牝4,56.0,鷲頭虎太,0:59.1,クビ,7.3,3.0,470(+4),[西] 畑端省吾,202310020410
1,3,6,ヒンドゥタイムズ,セ7,57.5,ムルザバ,1:49.7,,4.9,2.0,468(-4),[西] 斉藤崇史,202310020411
2,1,1,カテドラル,牡7,58.0,団野大成,1:49.7,ハナ,17.7,9.0,494(+6),[西] 池添学,202310020411
3,4,7,バジオウ,牡5,55.0,菱田裕二,1:49.8,1/2,18.8,10.0,472(-8),[東] 田中博康,202310020411
4,7,14,ロングラン,セ5,55.0,丹内祐次,1:49.9,1/2,6.9,3.0,476(-10),[東] 和田勇介,202310020411
5,7,13,ホウオウエミーズ,牝6,54.0,丸田恭介,1:50.3,2.1/2,7.7,4.0,454(+10),[東] 池上昌和,202310020411
6,5,9,サトノエルドール,牡7,56.0,藤岡佑介,1:50.4,クビ,51.3,14.0,476(-4),[東] 国枝栄,202310020411
7,6,11,ダンディズム,セ7,56.0,富田暁,1:50.5,3/4,15.0,7.0,472(-6),[西] 野中賢二,202310020411
8,6,12,ウイングレイテスト,牡6,57.0,松岡正海,1:50.5,クビ,8.1,5.0,506(-6),[東] 畠山吉宏,202310020411
9,8,15,フォワードアゲン,セ6,54.0,黛弘人,1:50.6,クビ,21.5,11.0,426(-10),[東] 中野栄治,202310020411
10,1,2,レッドランメルト,牡4,55.0,吉田隼人,1:50.6,アタマ,4.6,1.0,506(-4),[東] 国枝栄,202310020411
11,4,8,インテンスライト,牡7,55.0,勝浦正樹,1:50.7,1/2,112.5,15.0,496(-6),[東] 菊沢隆徳,202310020411
12,8,16,アルサトワ,牡6,57.5,幸英明,1:51.6,5,42.5,12.0,512(+4),[西] 斉藤崇史,202310020411
13,5,10,フォルコメン,セ7,56.0,田辺裕信,1:52.5,5,13.9,6.0,508(+10),[東] 堀宣行,202310020411
14,3,5,ゴールドギア,牡8,55.0,丸山元気,1:52.6,クビ,136.7,16.0,490(0),[東] 伊藤圭三,202310020411
15,2,4,レッドベルオーブ,牡5,57.5,北村友一,1:53.1,3.1/2,16.2,8.0,482(-4),[西] 藤原英昭,202310020411
16,2,3,テイエムスパーダ,牝4,54.0,今村聖奈,1:53.8,4,51.2,13.0,494(0),[西] 五十嵐忠,202310020411
1,5,9,グッドグロウス,牡4,58.0,藤懸貴志,1:10.3,,11.9,6.0,470(+6),[西] 加用正,202310020412
2,8,17,フォレクラフト,牝4,55.0,角田大和,1:10.3,ハナ,89.8,15.0,478(+10),[西] 四位洋文,202310020412
3,7,14,ハピネスアゲン,牝4,56.0,丸山元気,1:10.3,クビ,4.3,2.0,452(+6),[東] 萱野浩二,202310020412
4,7,13,フローレンスハニー,牝4,56.0,亀田温心,1:10.5,1.1/2,8.4,4.0,422(-12),[西] 高柳大輔,202310020412
5,4,7,メイショウヒゾッコ,牝5,53.0,鷲頭虎太,1:10.6,クビ,59.4,12.0,420(0),[西] 石橋守,202310020412
6,7,15,タイキバンディエラ,牡4,57.0,小沢大仁,1:10.8,1.1/4,7.9,3.0,508(+4),[西] 牧浦充徳,202310020412
7,5,10,デイトンウェイ,牡5,58.0,富田暁,1:10.8,クビ,9.0,5.0,502(-6),[西] 野中賢二,202310020412
8,8,18,オラヴェリタス,牡4,55.0,今村聖奈,1:11.0,3/4,3.6,1.0,502(-6),[西] 寺島良,202310020412
9,4,8,センドハーマイラブ,牝5,54.0,藤田菜七,1:11.1,1/2,37.8,10.0,446(0),[東] 高橋文雅,202310020412
10,3,6,バーニングパワー,牝5,56.0,菱田裕二,1:11.2,3/4,29.2,9.0,482(-9),[西] 鮫島一歩,202310020412
11,1,2,ミーハディビーナ,牝6,55.0,松本大輝,1:11.2,クビ,164.4,18.0,444(+2),[東] 和田雄二,202310020412
12,2,4,グレイトミッション,牝5,53.0,佐々木大,1:11.4,1.1/4,17.4,8.0,462(+2),[東] 菊川正達,202310020412
13,8,16,テセウス,牡5,58.0,黛弘人,1:11.5,クビ,46.8,11.0,462(-2),[東] 奥平雅士,202310020412
14,1,1,オールマイフレンズ,牝5,56.0,勝浦正樹,1:11.5,ハナ,158.1,17.0,450(-22),[東] 新開幸一,202310020412
15,3,5,マリーナドンナ,牝4,56.0,ムルザバ,1:11.7,1.1/2,12.0,7.0,458(+20),[西] 安田隆行,202310020412
16,6,11,イチローイチロー,牡4,54.0,古川奈穂,1:11.7,アタマ,68.8,14.0,420(-10),[西] 北出成人,202310020412
17,2,3,アーダレイ,牝5,56.0,西村淳也,1:11.9,1,63.6,13.0,448(-2),[西] 庄野靖志,202310020412
18,6,12,デロリス,牝6,56.0,松若風馬,1:14.9,大,90.2,16.0,450(-4),[西] 鮫島一歩,202310020412
1,4,7,ウインステイトリー,牡3,53.0,水沼元輝,1:45.7,,215.0,13.0,516(0),[東] 上原博之,202310020501
2,6,11,イツモハラペコ,牡3,56.0,幸英明,1:45.7,アタマ,6.5,3.0,468(+2),[西] 畑端省吾,202310020501
3,7,13,エンプレスペイ,牝3,51.0,今村聖奈,1:46.5,5,1.9,1.0,436(0),[西] 武幸四郎,202310020501
4,7,12,セブンスストリート,牡3,56.0,西村淳也,1:46.8,1.1/2,3.8,2.0,446(-14),[西] 吉岡辰弥,202310020501
5,8,15,ダンツターセル,牡3,56.0,丸山元気,1:46.8,クビ,10.1,4.0,490(-6),[西] 本田優,202310020501
6,2,2,マクギリス,牡3,56.0,斎藤新,1:47.3,3,32.3,6.0,466(-6),[西] 長谷川浩,202310020501
7,8,14,ニシノシャイニング,牡3,52.0,永島まな,1:47.5,1,13.7,5.0,430(-6),[東] 中野栄治,202310020501
8,1,1,メイショウゴルシ,牡3,56.0,菱田裕二,1:47.7,1,42.3,9.0,422(-4),[西] 高橋義忠,202310020501
9,3,4,モズマワシゲリ,牡3,56.0,秋山真一,1:47.9,1.1/2,33.5,7.0,504(+2),[西] 鮫島一歩,202310020501
10,3,5,ワンダーマーシー,牡3,56.0,丹内祐次,1:48.1,1.1/4,162.1,11.0,522(0),[西] 森田直行,202310020501
11,5,8,ハワイアンパレス,牝3,54.0,小牧太,1:48.6,3,209.7,12.0,468(+2),[西] 服部利之,202310020501
12,2,3,メイショウメイプル,牡3,56.0,古川吉洋,1:49.0,2.1/2,53.2,10.0,512(0),[西] 河内洋,202310020501
13,5,9,コントロッロ,牡3,55.0,小沢大仁,1:49.7,4,246.4,14.0,532(0),[西] 松永昌博,202310020501
14,4,6,パープルダイヤ,牝3,52.0,小林凌大,1:49.9,1.1/2,552.4,15.0,436(0),[東] 和田正一,202310020501
15,6,10,クレシューズ,牡3,56.0,藤岡康太,1:50.2,1.1/2,42.1,8.0,450(0),[西] 岡田稲男,202310020501
1,7,14,サトノグレイト,牡3,56.0,幸英明,1:09.9,,3.8,2.0,490(-4),[西] 中竹和也,202310020502
2,5,10,スカプラリオ,牝3,54.0,田中健,1:10.0,1/2,101.0,16.0,466(-2),[西] 佐々木晶,202310020502
3,3,5,オータムクイーン,牝3,54.0,西村淳也,1:10.1,クビ,15.6,6.0,444(-8),[西] 鮫島一歩,202310020502
4,1,1,タリア,牝3,51.0,佐々木大,1:10.5,2.1/2,9.8,3.0,430(+2),[東] 矢野英一,202310020502
5,4,7,イースターエッグ,牝3,51.0,水沼元輝,1:10.5,クビ,10.8,5.0,432(0),[東] 加藤和宏,202310020502
6,7,15,ラブスレンダー,牝3,54.0,丸山元気,1:10.5,ハナ,29.3,9.0,440(+2),[東] 田中剛,202310020502
7,2,3,ニシノカナン,牡3,56.0,野中悠太,1:10.7,1.1/4,52.8,11.0,502(-4),[東] 杉浦宏昭,202310020502
8,4,8,モノセーラス,牝3,50.0,永島まな,1:10.8,クビ,10.3,4.0,394(-2),[西] 中村直也,202310020502
9,1,2,ピンポンマム,牝3,54.0,丹内祐次,1:10.8,アタマ,33.0,10.0,414(0),[東] 青木孝文,202310020502
10,8,17,カレンチャンキー,牝3,54.0,秋山真一,1:10.8,アタマ,53.9,12.0,456(-4),[西] 鈴木孝志,202310020502
11,6,12,ゴコウサス,牡3,56.0,藤岡佑介,1:11.0,3/4,2.7,1.0,460(0),[西] 笹田和秀,202310020502
12,8,18,エコロマックス,牡3,55.0,松本大輝,1:11.1,3/4,23.8,8.0,466(+4),[西] 杉山佳明,202310020502
13,3,6,メローラ,牝3,50.0,古川奈穂,1:11.2,1,78.0,14.0,450(-4),[東] 村田一誠,202310020502
14,7,13,シンリンゲンカイ,牝3,54.0,黛弘人,1:11.3,クビ,15.9,7.0,456(-4),[東] 石栗龍彦,202310020502
15,2,4,ブロックバスター,牡3,56.0,藤岡康太,1:11.6,2,148.2,17.0,448(-4),[西] 藤岡健一,202310020502
16,6,11,グランデスパーダ,牡3,56.0,加藤祥太,1:11.7,1/2,299.9,18.0,452(-14),[東] 本間忍,202310020502
17,8,16,マーマネ,牝3,52.0,藤田菜七,1:12.2,3,58.3,13.0,430(0),[西] 梅田智之,202310020502
18,5,9,マテンロウナスカ,牝3,51.0,今村聖奈,1:13.1,5,79.2,15.0,434(+2),[西] 寺島良,202310020502
1,6,9,ナツイロノオトメ,牝4,52.0,永島まな,0:58.2,,1.9,1.0,482(0),[西] 角田晃一,202310020503
2,3,3,エバニスタ,牡4,54.0,古川奈穂,0:58.6,2.1/2,11.7,4.0,478(+2),[西] 角田晃一,202310020503
3,4,6,サンダビューク,牡4,56.0,小林凌大,0:58.7,クビ,20.6,8.0,464(0),[東] 蛯名利弘,202310020503
4,1,1,ルワンジュ,牡4,55.0,佐々木大,0:58.8,1/2,8.3,3.0,490(-4),[西] 千田輝彦,202310020503
5,6,10,ルクスディオン,牝4,53.0,鷲頭虎太,0:58.9,1,40.0,9.0,432(-15),[西] 吉村圭司,202310020503
6,5,7,ラージベル,牝4,55.0,松本大輝,0:58.9,アタマ,59.7,10.0,482(-2),[東] 松永康利,202310020503
7,4,5,エヴリーサンクス,牝4,56.0,菱田裕二,0:59.1,1,169.8,14.0,464(0),[東] 小手川準,202310020503
8,7,11,キーチズカンパニー,牡4,56.0,山田敬士,0:59.1,アタマ,90.3,11.0,490(+2),[東] 小手川準,202310020503
9,2,2,キュートハイカー,牝4,56.0,丹内祐次,0:59.2,1/2,12.7,6.0,416(+4),[東] 深山雅史,202310020503
10,8,14,トランザクト,牡5,58.0,西村淳也,0:59.4,1.1/2,5.6,2.0,516(0),[東] 武藤善則,202310020503
11,3,4,フレンドパル,牝5,54.0,藤田菜七,0:59.6,1.1/4,14.4,7.0,460(0),[東] 深山雅史,202310020503
12,5,8,ポメランチェ,牝4,53.0,今村聖奈,1:00.3,4,12.1,5.0,400(+2),[西] 牧田和弥,202310020503
13,7,12,ブルックレット,牝4,56.0,幸英明,1:00.3,クビ,160.4,13.0,454(-14),[西] 北出成人,202310020503
14,8,13,ハイレリーフ,牝5,56.0,黛弘人,1:00.9,3.1/2,155.0,12.0,460(-2),[東] 菊川正達,202310020503
1,5,6,ヒストリアノワール,セ5,60.0,伴啓太,3:13.2,,13.4,7.0,438(-4),[東] 嘉藤貴行,202310020504
2,8,12,シゲルキンセイ,牡6,58.0,小牧加矢,3:13.4,1.1/4,4.7,3.0,486(0),[西] 五十嵐忠,202310020504
3,3,3,ハイオソラール,牡7,60.0,北沢伸也,3:13.8,2.1/2,8.9,5.0,526(+6),[西] 木原一良,202310020504
4,4,4,マイネルグロース,牡5,60.0,草野太郎,3:13.8,アタマ,3.5,1.0,478(-2),[東] 金成貴史,202310020504
5,6,8,アコルドエール,セ6,60.0,五十嵐雄,3:14.4,3.1/2,20.2,8.0,502(+10),[東] 中川公成,202310020504
6,5,5,タイセイモンストル,牡6,60.0,小野寺祐,3:14.9,3,3.9,2.0,482(-4),[西] 矢作芳人,202310020504
7,7,9,ミリタリータンゴ,牡5,60.0,平沢健治,3:15.1,1.1/4,11.2,6.0,456(-6),[西] 中竹和也,202310020504
8,8,11,モーニングアヤメ,牝5,58.0,蓑島靖典,3:16.0,5,7.4,4.0,444(0),[東] 浅野洋一,202310020504
9,6,7,ガムラン,牡5,60.0,難波剛健,3:17.1,7,48.6,9.0,516(-6),[西] 高橋義忠,202310020504
10,7,10,マルス,牡5,60.0,金子光希,3:19.7,大,118.6,11.0,460(+4),[東] 浅野洋一,202310020504
11,1,1,ホウオウフラッシュ,牝4,57.0,大江原圭,3:22.0,大,134.0,12.0,450(-2),[東] 松山将樹,202310020504
12,2,2,ランドフェニックス,牡4,59.0,中村将之,3:22.9,5,87.5,10.0,498(-2),[西] 安達昭夫,202310020504
1,1,1,コイニョウボウ,牝3,50.0,永島まな,1:49.6,,43.0,10.0,398(-6),[西] 中尾秀正,202310020505
2,4,7,オークアンドモルト,牝3,51.0,今村聖奈,1:49.7,1/2,6.7,4.0,430(-2),[東] 武井亮,202310020505
3,7,13,サトノキャサリン,牝3,54.0,西村淳也,1:50.1,2,5.0,3.0,412(-8),[西] 吉村圭司,202310020505
4,5,9,アイサマン,牝3,54.0,藤岡康太,1:50.3,1.1/4,9.7,5.0,416(-4),[西] 藤岡健一,202310020505
5,1,2,コスモアメジスト,牝3,54.0,黛弘人,1:50.7,2.1/2,34.5,8.0,410(+2),[東] 加藤士津,202310020505
6,2,3,デアデルマーレ,牝3,54.0,富田暁,1:50.9,1.1/4,2.6,1.0,482(-2),[西] 坂口智康,202310020505
7,7,14,アイヤナ,牝3,51.0,鷲頭虎太,1:51.3,2.1/2,14.8,6.0,446(-4),[西] 高橋義忠,202310020505
8,3,5,ハイランドリンクス,牝3,54.0,藤岡佑介,1:51.4,アタマ,5.0,2.0,462(0),[西] 奥村豊,202310020505
9,4,8,ルージュサクシード,牝3,54.0,菱田裕二,1:51.4,ハナ,76.7,11.0,450(0),[西] 松永幹夫,202310020505
10,8,16,フクノカトレア,牝3,54.0,秋山真一,1:51.5,3/4,29.2,7.0,424(-2),[西] 鈴木孝志,202310020505
11,8,15,アイラブユー,牝3,54.0,原田和真,1:51.7,1.1/4,252.3,15.0,428(0),[東] 蛯名利弘,202310020505
12,6,11,ラーク,牝3,54.0,加藤祥太,1:52.0,1.3/4,434.7,16.0,418(+2),[西] 庄野靖志,202310020505
13,3,6,スマイリングデイズ,牝3,54.0,丸山元気,1:52.2,1.1/4,36.2,9.0,454(0),[東] 田中剛,202310020505
14,5,10,クリノジルバ,牝3,51.0,佐々木大,1:52.3,3/4,76.9,12.0,390(+2),[西] 大根田裕,202310020505
15,6,12,ピュアゴールド,牝3,52.0,藤田菜七,1:52.4,3/4,160.6,14.0,412(-4),[西] 小崎憲,202310020505
16,2,4,ゼッタイ,牝3,50.0,古川奈穂,1:52.8,2,102.4,13.0,416(+2),[東] 村田一誠,202310020505
1,6,9,スズカハービン,牡3,56.0,藤岡佑介,2:03.1,,4.0,3.0,464(-2),[西] 橋田満,202310020506
2,8,13,ビヨンドザドリーム,牡3,56.0,西村淳也,2:03.2,クビ,3.9,2.0,420(-2),[西] 中内田充,202310020506
3,7,10,ツージーフェイス,牝3,54.0,富田暁,2:03.4,1.1/2,4.7,4.0,454(+6),[西] 四位洋文,202310020506
4,4,4,スピーディブレイク,牡3,53.0,今村聖奈,2:03.7,1.1/2,3.8,1.0,436(+4),[東] 村田一誠,202310020506
5,5,7,ウインフランシーズ,牝3,53.0,小沢大仁,2:03.9,1.1/2,25.8,6.0,444(-6),[西] 飯田雄三,202310020506
6,2,2,シャイニーコンドル,牡3,56.0,田中健,2:04.4,3,198.6,12.0,512(-6),[西] 佐々木晶,202310020506
7,7,11,ドナビスケット,牝3,50.0,古川奈穂,2:04.4,クビ,96.3,11.0,416(-2),[西] 牧浦充徳,202310020506
8,1,1,ホームラン,牡3,56.0,和田翼,2:04.5,1/2,57.8,8.0,496(-4),[西] 谷潔,202310020506
9,6,8,フォティック,牡3,56.0,幸英明,2:04.9,2.1/2,6.8,5.0,474(-16),[西] 飯田祐史,202310020506
10,3,3,アムブロシアー,牝3,53.0,松本大輝,2:05.4,3,29.8,7.0,424(-8),[西] 大久保龍,202310020506
11,5,6,タイセイラプソディ,牡3,56.0,斎藤新,2:05.4,アタマ,88.3,9.0,476(-6),[東] 栗田徹,202310020506
12,4,5,リョウライライ,牡3,56.0,丹内祐次,2:05.6,1.1/4,89.7,10.0,498(-2),[東] 松永康利,202310020506
13,8,12,エピックライズ,牡3,56.0,亀田温心,2:06.2,4,287.6,13.0,442(-2),[西] 高柳大輔,202310020506
1,5,6,ラニカイ,牝4,55.0,幸英明,1:44.4,,2.0,1.0,500(-6),[西] 松永幹夫,202310020507
2,5,5,ジョイフルダンサー,牝5,56.0,亀田温心,1:44.7,1.3/4,28.9,8.0,442(0),[西] 北出成人,202310020507
3,4,4,デームフォーチュン,牝4,54.0,角田大和,1:45.0,1.1/2,11.4,6.0,470(0),[西] 高野友和,202310020507
4,6,8,レリジールダモーレ,牝4,55.0,菱田裕二,1:45.2,1.1/2,6.8,3.0,436(+2),[西] 高橋義忠,202310020507
5,2,2,トラストベル,牝4,55.0,勝浦正樹,1:45.4,3/4,8.2,5.0,436(0),[東] 田村康仁,202310020507
6,7,10,サクラジェンヌ,牝4,55.0,丹内祐次,1:45.6,1.1/4,7.4,4.0,476(-6),[東] 和田勇介,202310020507
7,1,1,センドハーマイラブ,牝5,52.0,永島まな,1:46.1,3,44.0,9.0,450(+4),[東] 高橋文雅,202310020507
8,8,11,ワイルドベティ,牝4,54.0,小沢大仁,1:46.3,1.1/2,26.4,7.0,406(-6),[西] 今野貞一,202310020507
9,6,7,ガールズヒロイン,牝5,53.0,鷲頭虎太,1:46.4,クビ,222.8,12.0,432(-10),[西] 服部利之,202310020507
10,3,3,ユキヤナギ,牝4,55.0,的場勇人,1:46.8,2.1/2,203.3,11.0,448(-6),[東] 的場均,202310020507
11,7,9,グランデレジーナ,牝4,52.0,大久保友,1:48.4,10,124.5,10.0,440(+2),[西] 茶木太樹,202310020507
12,8,12,エイミーバローズ,牝4,52.0,今村聖奈,1:48.5,3/4,6.3,2.0,470(+24),[西] 松下武士,202310020507
1,5,7,テーオーソクラテス,牡6,60.0,小坂忠士,3:48.0,,4.5,2.0,462(-4),[西] 奥村豊,202310020508
2,1,1,ジューンベロシティ,牡5,60.0,西谷誠,3:48.2,1.1/4,9.4,4.0,470(0),[西] 武英智,202310020508
3,6,9,キャプテンペリー,セ10,60.0,草野太郎,3:48.3,クビ,17.7,8.0,514(0),[東] 岩戸孝樹,202310020508
4,4,5,ニューツーリズム,セ7,60.0,伴啓太,3:48.4,1/2,18.6,9.0,504(+2),[東] 黒岩陽一,202310020508
5,7,11,スマッシャー,牡5,59.0,平沢健治,3:49.1,4,2.9,1.0,496(+2),[西] 吉岡辰弥,202310020508
6,8,14,イベリア,牡8,59.0,大江原圭,3:51.2,大,108.6,14.0,512(-2),[西] 橋田満,202310020508
7,8,13,ウインガヴァナー,牡5,59.0,熊沢重文,3:51.3,3/4,61.7,12.0,516(+10),[西] 西園正都,202310020508
8,7,12,マイネルダンク,牡5,59.0,五十嵐雄,3:51.4,クビ,15.3,5.0,450(-2),[東] 青木孝文,202310020508
9,4,6,レザネフォール,牡6,59.0,小牧加矢,3:51.6,1.1/2,15.8,7.0,472(+4),[西] 池江泰寿,202310020508
10,6,10,ゲインスプレマシー,セ7,59.0,蓑島靖典,3:51.8,3/4,53.4,10.0,482(+2),[東] 高柳瑞樹,202310020508
11,2,2,スズカフロンティア,牡9,60.0,北沢伸也,3:54.0,大,15.4,6.0,448(+4),[西] 橋田満,202310020508
12,5,8,マイネルオフィール,牡11,60.0,黒岩悠,3:55.5,9,106.8,13.0,518(+20),[西] 飯田雄三,202310020508
13,3,3,ビクトリーシューズ,牡6,59.0,難波剛健,3:57.2,10,58.9,11.0,468(-4),[西] 中村直也,202310020508
中,3,4,マサハヤドリーム,セ11,60.0,森一馬,,,4.6,3.0,464(0),[西] 今野貞一,202310020508
1,6,10,タマモブラックタイ,牡3,56.0,幸英明,1:09.7,,5.4,3.0,522(+4),[西] 角田晃一,202310020509
2,7,12,シンプリーオーサム,牡3,56.0,西村淳也,1:09.8,3/4,5.6,4.0,530(+2),[西] 吉岡辰弥,202310020509
3,8,15,リサリサ,牝3,54.0,丹内祐次,1:10.2,2.1/2,12.0,6.0,480(-2),[東] 田村康仁,202310020509
4,2,3,ユカリプレリュード,牝3,54.0,藤田菜七,1:10.3,1/2,58.0,10.0,482(-4),[東] 根本康広,202310020509
5,1,1,トレンディスター,牝3,54.0,菱田裕二,1:10.4,クビ,4.4,2.0,488(-6),[西] 高柳大輔,202310020509
6,2,2,スリーアイランド,牝3,54.0,藤岡佑介,1:10.4,ハナ,4.0,1.0,462(+2),[西] 橋田満,202310020509
7,6,11,ミシェラドラータ,牡3,56.0,斎藤新,1:10.5,1/2,12.8,7.0,482(-4),[西] 清水久詞,202310020509
8,8,14,ニシノトキメキ,牝3,54.0,亀田温心,1:10.6,1/2,14.5,8.0,468(-2),[西] 北出成人,202310020509
9,5,8,サザーランド,牝3,54.0,北村友一,1:10.7,3/4,9.6,5.0,434(+2),[西] 小林真也,202310020509
10,3,4,シャーマンロック,牡3,56.0,藤岡康太,1:10.7,クビ,108.0,12.0,508(-8),[西] 新谷功一,202310020509
11,4,7,メイショウコギク,牝3,54.0,富田暁,1:10.7,アタマ,27.7,9.0,414(-10),[西] 南井克巳,202310020509
12,3,5,ミヤジトレヴ,牝3,54.0,丸山元気,1:10.9,1,91.9,11.0,504(-6),[西] 川村禎彦,202310020509
13,5,9,ルイス,牡3,56.0,角田大和,1:11.0,1/2,213.8,13.0,486(-12),[西] 角田晃一,202310020509
14,4,6,オンネマトカ,牝3,54.0,飛田愛斗,1:12.0,6,257.8,14.0,440(-5),[地] 手島勝利,202310020509
15,7,13,カナ,牝3,54.0,佐々木大,1:12.4,2.1/2,326.0,15.0,388(+6),[東] 粕谷昌央,202310020509
1,8,12,アスカノミライ,牡5,58.0,西村淳也,2:42.2,,14.0,5.0,528(-8),[西] 川村禎彦,202310020510
2,6,7,ゼンノインヴォーク,牡4,57.0,富田暁,2:42.2,クビ,4.0,2.0,448(-6),[西] 四位洋文,202310020510
3,3,3,キュンストラー,牝5,56.0,黛弘人,2:42.3,クビ,62.2,11.0,402(-2),[東] 松永康利,202310020510
4,5,6,タガノバルコス,牡4,57.0,秋山真一,2:42.6,1.1/2,27.9,9.0,478(-4),[西] 鮫島一歩,202310020510
5,4,4,タイミングハート,牡6,58.0,菱田裕二,2:42.8,1.1/4,15.6,6.0,454(+14),[西] 武幸四郎,202310020510
6,6,8,マケルナマサムネ,牡5,58.0,藤岡康太,2:42.9,1,2.3,1.0,466(-4),[西] 杉山佳明,202310020510
7,8,11,ミアステラ,牡4,57.0,古川吉洋,2:43.1,3/4,9.6,4.0,502(+2),[西] 大根田裕,202310020510
8,7,9,ウインマイルート,牡4,57.0,丹内祐次,2:43.2,1/2,6.0,3.0,462(0),[東] 鈴木慎太,202310020510
9,7,10,グレートキャンベラ,牡4,57.0,幸英明,2:43.3,3/4,21.8,8.0,502(-12),[西] 矢作芳人,202310020510
10,2,2,ギンノサジ,牝5,56.0,丸山元気,2:43.9,3.1/2,20.8,7.0,474(-6),[東] 松永康利,202310020510
11,1,1,ヒロノタイリク,牡8,58.0,角田大和,2:46.4,大,149.6,12.0,518(-4),[西] 宮本博,202310020510
12,5,5,テーオーアストル,牡4,57.0,北村友一,2:56.5,大,52.4,10.0,518(-4),[西] 藤岡健一,202310020510
1,3,6,ブランアルディ,牝4,53.0,西村淳也,1:44.5,,13.0,7.0,466(-2),[西] 辻野泰之,202310020511
2,2,4,タガノリバイバー,牝5,53.0,角田大和,1:44.6,1/2,32.7,13.0,504(+4),[西] 大根田裕,202310020511
3,4,7,ラルフ,牡5,56.0,永島まな,1:44.6,クビ,34.1,14.0,494(-12),[西] 荒川義之,202310020511
4,5,9,リアルシング,牡6,55.0,富田暁,1:44.8,1.1/4,19.6,9.0,550(0),[西] 池添兼雄,202310020511
5,2,3,メリディアン,牝6,51.0,亀田温心,1:44.9,1/2,77.2,16.0,440(-2),[西] 坂口智康,202310020511
6,7,14,ワンダーブレット,セ4,55.0,小牧太,1:45.1,1,5.2,2.0,500(0),[西] 笹田和秀,202310020511
7,7,13,スマートムーラン,牝4,52.0,秋山真一,1:45.4,1.3/4,5.9,3.0,454(0),[西] 大久保龍,202310020511
8,6,11,メイショウハナモモ,牝5,54.0,小沢大仁,1:45.4,ハナ,10.1,5.0,472(+4),[西] 松永昌博,202310020511
9,6,12,タイキドミニオン,牡5,57.0,北村友一,1:45.5,1/2,8.2,4.0,530(+2),[西] 高野友和,202310020511
10,8,15,タイスケフェイス,牡5,55.0,幸英明,1:45.6,1,26.1,10.0,470(-2),[西] 石橋守,202310020511
11,5,10,シホノディレット,牡4,54.0,松本大輝,1:45.7,1/2,31.5,12.0,540(+16),[西] 杉山佳明,202310020511
12,1,2,ミキノプリンス,牡4,54.0,古川奈穂,1:45.8,1/2,36.2,15.0,492(-2),[西] 大橋勇樹,202310020511
13,1,1,コバルトブルー,牡7,55.0,今村聖奈,1:46.0,3/4,27.7,11.0,474(+4),[西] 池江泰寿,202310020511
14,8,16,トップスターサン,牡5,56.0,斎藤新,1:46.1,1/2,12.1,6.0,508(-6),[西] 四位洋文,202310020511
15,3,5,シルバーブレッド,牡4,55.0,菱田裕二,1:46.1,ハナ,5.1,1.0,422(0),[西] 石坂公一,202310020511
16,4,8,クリノナイスガイ,セ6,56.0,藤岡佑介,1:46.8,4,16.4,8.0,468(-4),[西] 橋田満,202310020511
1,6,11,ハピネスアゲン,牝4,56.0,丸山元気,1:09.3,,5.7,3.0,448(-4),[東] 萱野浩二,202310020512
2,3,6,マメコ,牝4,54.0,小林凌大,1:09.3,クビ,15.4,7.0,446(-4),[西] 武英智,202310020512
3,8,16,スズノナデシコ,牝5,52.0,永島まな,1:09.4,クビ,6.2,4.0,504(+2),[西] 石坂公一,202310020512
4,7,15,デルマヤクシ,牡5,58.0,荻野琢真,1:09.5,1/2,28.8,9.0,460(-2),[西] 田中克典,202310020512
4,8,17,タウゼントシェーン,牝5,56.0,藤岡康太,1:09.5,同着,5.5,2.0,440(-2),[西] 小林真也,202310020512
6,1,2,フラッシュアーク,牝4,56.0,菱田裕二,1:09.6,1,41.3,14.0,466(-2),[東] 青木孝文,202310020512
7,2,4,テーオースパロー,牡4,58.0,西村淳也,1:09.7,1/2,17.7,8.0,498(-2),[西] 清水久詞,202310020512
8,7,13,ヴェールクレール,牝5,55.0,角田大和,1:09.7,アタマ,8.7,5.0,472(0),[西] 高橋亮,202310020512
9,8,18,テンジュイン,牝6,53.0,鷲頭虎太,1:09.7,ハナ,41.1,13.0,456(0),[西] 千田輝彦,202310020512
10,7,14,ミエノベルル,牡5,55.0,佐々木大,1:09.8,3/4,30.0,11.0,450(+2),[西] 高橋亮,202310020512
11,6,12,ドラゴンゴクウ,牡4,58.0,野中悠太,1:09.9,1/2,55.8,15.0,472(0),[東] 根本康広,202310020512
12,4,7,ドリームアゲイン,牝5,56.0,幸英明,1:10.3,2,11.9,6.0,456(-10),[西] 田中克典,202310020512
13,2,3,ディオアステリア,牝4,56.0,原田和真,1:10.3,アタマ,4.7,1.0,464(+2),[東] 小野次郎,202310020512
14,5,10,アインシュペンナー,牝4,55.0,小沢大仁,1:10.4,クビ,29.8,10.0,440(-4),[西] 牧田和弥,202310020512
15,1,1,シャウビンダー,牝4,56.0,富田暁,1:10.6,1.1/4,38.4,12.0,412(+8),[西] 須貝尚介,202310020512
16,3,5,スターライトキス,牝8,56.0,黛弘人,1:11.2,3.1/2,160.8,16.0,514(+4),[東] 新開幸一,202310020512
17,5,9,アルティマボス,牡4,58.0,亀田温心,1:11.4,1.1/2,304.2,18.0,524(-4),[東] 和田正一,202310020512
18,4,8,シュアーウィナー,牡5,58.0,斎藤新,1:11.5,クビ,232.2,17.0,474(+6),[西] 安田隆行,202310020512
1,8,16,リヤンドメテオール,牝3,53.0,小沢大仁,1:46.3,,10.5,6.0,476(+6),[西] 中竹和也,202310020601
2,6,12,パラディ,牝3,54.0,藤岡康太,1:46.6,2,2.6,1.0,480(0),[西] 四位洋文,202310020601
3,4,8,アナベルヒマワリ,牝3,53.0,角田大和,1:47.1,3,4.9,2.0,448(+6),[西] 渡辺薫彦,202310020601
4,2,3,ウィンウッドテール,牝3,54.0,菱田裕二,1:47.1,クビ,10.9,7.0,420(0),[西] 新谷功一,202310020601
5,2,4,リグレイアー,牝3,54.0,丹内祐次,1:47.3,1.1/4,8.1,4.0,468(+4),[西] 北出成人,202310020601
6,1,1,ロイヤルナタール,牝3,50.0,古川奈穂,1:47.5,1.1/4,53.1,11.0,406(-2),[西] 石坂公一,202310020601
7,3,6,タガノドゥリ,牝3,51.0,鷲頭虎太,1:48.6,7,52.9,10.0,432(-14),[西] 五十嵐忠,202310020601
8,4,7,パクパクデスワ,牝3,50.0,永島まな,1:48.8,1,38.3,9.0,414(-2),[西] 高橋康之,202310020601
9,3,5,メイショウマニス,牝3,54.0,西村淳也,1:49.2,2,7.7,3.0,414(-4),[西] 高橋義忠,202310020601
10,5,9,テーオーレーズン,牝3,53.0,泉谷楓真,1:49.5,1.3/4,103.6,12.0,430(+4),[西] 宮徹,202310020601
11,1,2,シャイナライ,牝3,54.0,黛弘人,1:49.9,2.1/2,128.8,13.0,438(+6),[東] 宗像義忠,202310020601
12,6,11,メイショウスイセン,牝3,54.0,太宰啓介,1:49.9,クビ,26.4,8.0,442(-8),[西] 荒川義之,202310020601
13,7,14,キースケデシュ,牝3,54.0,勝浦正樹,1:50.4,2.1/2,257.5,16.0,450(-4),[東] 伊藤伸一,202310020601
14,5,10,カールポメロ,牝3,52.0,小林凌大,1:50.4,ハナ,218.4,15.0,474(+4),[東] 小西一男,202310020601
15,7,13,マテンロウウェイ,牝3,54.0,藤岡佑介,1:50.7,2,10.2,5.0,482(+10),[西] 中内田充,202310020601
16,8,15,メイショウマオヒメ,牝3,54.0,田中健,1:52.4,10,129.0,14.0,470(0),[西] 安達昭夫,202310020601
1,3,6,リトルミム,牝3,54.0,西村淳也,1:09.8,,11.8,7.0,516(-4),[西] 鮫島一歩,202310020602
2,4,8,ライクアフラワー,牡3,56.0,菱田裕二,1:09.8,クビ,6.1,3.0,488(-6),[西] 新谷功一,202310020602
3,6,12,ケイアイクビラ,牡3,56.0,藤懸貴志,1:09.8,クビ,4.4,2.0,494(-2),[西] 宮本博,202310020602
4,5,9,セレッソデアモール,牝3,54.0,藤岡康太,1:10.0,1.1/4,9.7,5.0,466(-6),[西] 庄野靖志,202310020602
5,3,5,マルプリ,牝3,54.0,丸山元気,1:10.2,1.1/4,10.8,6.0,448(-2),[東] 青木孝文,202310020602
6,2,4,ミレディ,牝3,54.0,丹内祐次,1:10.4,3/4,4.3,1.0,452(-2),[東] 田島俊明,202310020602
7,1,2,エイルリシュリュー,牝3,54.0,秋山真一,1:10.4,アタマ,26.8,10.0,462(-4),[西] 飯田祐史,202310020602
8,7,14,ルリイロ,牝3,51.0,佐々木大,1:10.6,1.1/4,9.1,4.0,482(+2),[東] 菊川正達,202310020602
9,8,17,ヨドノルーキー,牡3,56.0,藤岡佑介,1:10.8,1.1/4,12.1,8.0,398(+4),[西] 飯田雄三,202310020602
10,7,15,フェアリープト,牝3,51.0,鷲頭虎太,1:10.8,クビ,83.9,13.0,472(0),[西] 加用正,202310020602
11,1,1,アンジュアムール,牝3,52.0,山田敬士,1:10.8,アタマ,312.2,17.0,428(-2),[東] 矢野英一,202310020602
12,4,7,マテンロウナイト,牡3,56.0,太宰啓介,1:11.2,2.1/2,75.0,12.0,464(-6),[西] 坂口智康,202310020602
12,7,13,ナックブライアン,牡3,56.0,野中悠太,1:11.2,同着,393.0,18.0,466(0),[東] 杉浦宏昭,202310020602
14,5,10,クリノアグレッシブ,牡3,56.0,田中健,1:11.2,ハナ,20.8,9.0,488(-10),[西] 荒川義之,202310020602
15,8,16,ヘイワ,牡3,56.0,原田和真,1:11.3,3/4,68.1,11.0,442(+16),[東] 金成貴史,202310020602
16,8,18,コロネット,牝3,53.0,泉谷楓真,1:11.3,ハナ,90.7,15.0,408(-4),[西] 飯田雄三,202310020602
17,2,3,デイムティアス,牝3,54.0,勝浦正樹,1:11.3,ハナ,127.8,16.0,478(+2),[東] 武井亮,202310020602
18,6,11,コンスタンシア,牝3,52.0,藤田菜七,1:12.1,5,84.4,14.0,446(+4),[東] 田中剛,202310020602
1,7,12,コスモジョセフ,牡3,56.0,丹内祐次,0:58.9,,15.9,8.0,472(+4),[東] 伊藤大士,202310020603
2,7,11,アイファースキャン,牡3,54.0,藤田菜七,0:59.3,2.1/2,3.8,1.0,476(-2),[東] 根本康広,202310020603
3,8,13,タムロショウリュー,牡3,52.0,永島まな,0:59.5,1.1/4,7.3,5.0,476(+10),[西] 西園正都,202310020603
4,3,4,バサラ,牝3,52.0,小林凌大,0:59.5,クビ,20.7,9.0,442(-4),[東] 伊藤圭三,202310020603
5,3,3,リュウノステルス,牡3,53.0,佐々木大,0:59.6,クビ,147.8,13.0,444(+2),[東] 岩戸孝樹,202310020603
6,1,1,ヴェラグエリエロ,牡3,56.0,亀田温心,0:59.7,1/2,7.1,3.0,430(+2),[西] 高柳大輔,202310020603
7,5,7,シゲルダンガン,牡3,56.0,菱田裕二,1:00.4,4,8.1,6.0,498(-2),[西] 谷潔,202310020603
8,4,6,ゼンノエヴェック,牡3,54.0,山田敬士,1:00.4,クビ,119.1,11.0,492(+20),[東] 小手川準,202310020603
9,5,8,タノムデホンマ,セ3,56.0,西村淳也,1:00.5,クビ,7.2,4.0,422(+2),[西] 服部利之,202310020603
10,6,10,セレッソサンライズ,牝3,54.0,藤岡康太,1:00.5,クビ,6.2,2.0,396(-4),[西] 新谷功一,202310020603
11,4,5,ヘイローグラン,牡3,56.0,富田暁,1:00.7,1.1/4,8.7,7.0,454(+14),[西] 笹田和秀,202310020603
12,2,2,イチザラブオー,牡3,53.0,水沼元輝,1:00.8,1/2,141.4,12.0,446(+2),[東] 的場均,202310020603
13,6,9,ホーリーイノセンス,牝3,54.0,藤懸貴志,1:01.0,1,223.1,14.0,390(0),[西] 斉藤崇史,202310020603
14,8,14,クリスプオブウォー,牡3,56.0,小崎綾也,1:01.4,2.1/2,23.1,10.0,484(+8),[西] 寺島良,202310020603
1,1,1,ドンシャーク,牡4,59.0,森一馬,3:13.7,,7.2,4.0,508(0),[西] 今野貞一,202310020604
2,4,4,ティートラップ,牡6,60.0,小野寺祐,3:14.0,2,3.9,2.0,472(+2),[西] 五十嵐忠,202310020604
3,5,6,ブリヨンカズマ,牡4,59.0,蓑島靖典,3:14.6,3.1/2,10.1,5.0,520(0),[東] 高橋文雅,202310020604
4,8,11,メイショウコホク,牡6,60.0,北沢伸也,3:14.8,1.1/4,17.4,7.0,514(0),[西] 藤沢則雄,202310020604
5,6,8,レディステディゴー,牡5,60.0,難波剛健,3:14.9,1/2,2.7,1.0,516(-4),[西] 中村直也,202310020604
6,2,2,パーディシャー,牡6,60.0,草野太郎,3:15.0,1/2,17.4,6.0,454(+2),[東] 久保田貴,202310020604
7,7,9,テーオーコンドル,セ4,59.0,五十嵐雄,3:16.1,7,37.6,10.0,458(+2),[西] 宮徹,202310020604
8,6,7,コルドゥーン,牡7,60.0,伴啓太,3:16.3,1.1/4,28.6,9.0,456(0),[東] 石栗龍彦,202310020604
9,7,10,アイファーロブスト,牡4,59.0,大江原圭,3:16.6,1.3/4,154.7,12.0,428(+4),[東] 蛯名利弘,202310020604
10,3,3,ヴァレッタカズマ,牡4,59.0,平沢健治,3:17.0,2.1/2,20.4,8.0,502(+4),[西] 安田隆行,202310020604
11,5,5,タイキモンストル,牡4,59.0,金子光希,3:19.3,大,141.8,11.0,504(+10),[東] 松永康利,202310020604
中,8,12,サクラトップラン,牝4,57.0,小牧加矢,,,6.5,3.0,442(-6),[西] 中尾秀正,202310020604
1,5,10,ソレイユヴィータ,牝3,54.0,西村淳也,1:50.7,,5.3,2.0,444(-6),[西] 杉山晴紀,202310020605
2,8,16,シャイニースイフト,牡3,53.0,佐々木大,1:51.1,2.1/2,7.8,4.0,436(0),[東] 菊川正達,202310020605
3,6,11,マイバラード,牡3,56.0,丹内祐次,1:51.6,3,8.2,5.0,462(-2),[東] 松永康利,202310020605
4,3,6,モズマーカッシン,牡3,56.0,藤岡康太,1:51.6,クビ,9.2,6.0,458(+6),[西] 高柳大輔,202310020605
5,8,15,ディオース,牡3,55.0,松本大輝,1:51.8,1,11.0,7.0,496(0),[西] 牧田和弥,202310020605
6,1,1,エドワーズクラウン,牡3,52.0,永島まな,1:51.8,クビ,6.7,3.0,450(+10),[西] 大久保龍,202310020605
7,1,2,ヒノタマボーイ,牡3,56.0,斎藤新,1:52.1,1.1/2,165.4,12.0,438(0),[西] 安達昭夫,202310020605
8,2,3,サンライズプルート,牡3,55.0,角田大和,1:52.1,クビ,2.6,1.0,462(0),[西] 音無秀孝,202310020605
9,4,8,ウインヴィオラ,牝3,53.0,泉谷楓真,1:52.2,クビ,165.5,13.0,470(-8),[西] 加用正,202310020605
10,2,4,クリノリアルレディ,牝3,52.0,小林凌大,1:53.0,5,200.9,16.0,472(-4),[東] 伊藤伸一,202310020605
11,5,9,ディヴァインアロー,牡3,56.0,古川吉洋,1:53.0,クビ,64.3,10.0,484(0),[西] 昆貢,202310020605
12,4,7,ライヴァル,牡3,52.0,古川奈穂,1:53.8,5,55.8,8.0,478(-4),[西] 牧浦充徳,202310020605
13,7,14,シュタイナー,牡3,53.0,鷲頭虎太,1:53.9,1/2,200.3,15.0,460(+4),[西] 池江泰寿,202310020605
14,7,13,メイショウコウテツ,牡3,56.0,太宰啓介,1:54.0,3/4,59.8,9.0,428(-8),[西] 南井克巳,202310020605
15,6,12,ショウナンアシベ,牝3,54.0,菱田裕二,1:55.0,6,151.2,11.0,464(-4),[東] 西田雄一,202310020605
16,3,5,サトミノアサヒ,牝3,54.0,中井裕二,1:55.1,1/2,186.0,14.0,470(-4),[西] 茶木太樹,202310020605
1,7,15,スーリールダンジュ,牝4,56.0,藤岡佑介,1:09.6,,2.7,1.0,486(+8),[西] 中内田充,202310020606
2,8,18,グランアプロウソ,牡4,54.0,古川奈穂,1:09.7,1/2,11.2,5.0,490(-10),[西] 松永幹夫,202310020606
3,3,6,コーリングユー,牝4,56.0,斎藤新,1:09.8,クビ,11.9,6.0,434(-4),[西] 安田隆行,202310020606
4,6,11,ナリタローゼ,牝5,56.0,菱田裕二,1:09.9,3/4,6.1,2.0,482(-4),[西] 高橋亮,202310020606
5,8,17,ウインアステロイド,牡6,58.0,丹内祐次,1:10.1,1.1/4,28.3,10.0,474(-4),[東] 和田正一,202310020606
6,7,14,ファムスパーブ,牝4,56.0,富田暁,1:10.2,クビ,110.0,15.0,458(-8),[西] 小林真也,202310020606
7,5,10,ポルタフォルトゥナ,牝4,56.0,丸山元気,1:10.2,クビ,23.4,9.0,462(0),[東] 土田稔,202310020606
8,2,4,ショウナンハクラク,牡4,58.0,西村淳也,1:10.3,1/2,7.1,3.0,488(+2),[西] 松下武士,202310020606
9,1,2,アドヴァイス,牝4,55.0,角田大和,1:10.5,1.1/4,8.8,4.0,480(+2),[西] 石坂公一,202310020606
10,4,8,レインボークラウド,牝5,52.0,永島まな,1:10.5,ハナ,50.2,12.0,456(-2),[西] 石坂公一,202310020606
11,3,5,ヴィントミューレ,セ5,55.0,佐々木大,1:10.5,ハナ,22.1,8.0,426(-22),[東] 木村哲也,202310020606
12,1,1,オリンピックデイ,牡5,58.0,藤岡康太,1:10.6,1,13.7,7.0,498(-6),[西] 西村真幸,202310020606
13,5,9,タガノスペルノヴァ,牡5,56.0,山田敬士,1:10.7,クビ,55.1,13.0,434(+4),[西] 川村禎彦,202310020606
14,6,12,メイショウヒゾッコ,牝5,53.0,鷲頭虎太,1:10.8,1/2,95.8,14.0,414(-6),[西] 石橋守,202310020606
15,4,7,スズアンジー,牝5,55.0,松本大輝,1:11.0,1.1/2,573.5,18.0,440(-18),[西] 牧田和弥,202310020606
16,8,16,アリビオ,牝4,56.0,勝浦正樹,1:11.7,4,159.8,16.0,438(+8),[東] 相沢郁,202310020606
17,2,3,チカリヨン,牝5,54.0,藤田菜七,1:11.9,1.1/4,35.5,11.0,482(-2),[西] 松永幹夫,202310020606
18,7,13,カグラマツリウタ,牝4,56.0,秋山真一,1:12.0,クビ,169.1,17.0,472(0),[西] 角田晃一,202310020606
1,8,12,サトノゼノビア,牝4,55.0,藤岡佑介,2:02.6,,16.5,6.0,480(+6),[東] 国枝栄,202310020607
2,8,13,フォレスタ,牝5,56.0,丹内祐次,2:02.8,1.1/4,3.6,2.0,414(-4),[東] 嘉藤貴行,202310020607
3,6,9,ヴァンデスト,牝4,52.0,鷲頭虎太,2:03.0,1,158.7,10.0,398(0),[西] 服部利之,202310020607
4,1,1,プリティユニバンス,牝6,56.0,藤懸貴志,2:03.1,3/4,16.3,5.0,466(+4),[西] 村山明,202310020607
5,6,8,ダノンソフィア,牝4,52.0,佐々木大,2:03.3,1.1/4,1.9,1.0,504(0),[西] 佐々木晶,202310020607
6,4,5,ホウオウプリンセス,牝7,52.0,永島まな,2:03.4,1/2,13.0,4.0,442(-10),[西] 吉岡辰弥,202310020607
7,5,7,ミナモトフェイス,牝4,53.0,藤田菜七,2:03.5,1/2,16.9,7.0,454(+4),[西] 清水久詞,202310020607
8,4,4,キヨラ,牝5,52.0,古川奈穂,2:03.6,1,26.7,8.0,472(-4),[東] 堀内岳志,202310020607
9,7,11,アエリーゾ,牝4,55.0,西村淳也,2:03.8,1,8.5,3.0,458(-4),[西] 庄野靖志,202310020607
10,3,3,クリノエルサ,牝5,56.0,太宰啓介,2:04.3,3.1/2,293.4,12.0,454(-2),[東] 本間忍,202310020607
11,2,2,ソヨギ,牝6,56.0,勝浦正樹,2:05.5,7,267.9,11.0,486(-4),[東] 粕谷昌央,202310020607
12,7,10,シロン,牝4,55.0,菱田裕二,2:05.6,1/2,47.0,9.0,502(-5),[西] 高柳大輔,202310020607
13,5,6,シーズアクイーン,牝4,55.0,黛弘人,2:05.6,クビ,296.7,13.0,430(-6),[東] 石毛善彦,202310020607
1,2,4,アイファーテイオー,牡3,56.0,藤懸貴志,1:45.1,,51.4,13.0,446(-4),[西] 鮫島一歩,202310020608
2,6,12,コパノパサディナ,牡3,55.0,泉谷楓真,1:45.3,1.1/4,8.1,3.0,522(0),[西] 村山明,202310020608
3,4,7,メイショウコボケ,牝3,54.0,丹内祐次,1:45.7,2.1/2,23.5,8.0,492(-2),[西] 河内洋,202310020608
4,6,11,ロードラディウス,牡3,56.0,斎藤新,1:46.1,2.1/2,8.9,4.0,472(-2),[西] 森田直行,202310020608
5,1,2,スマートハンター,牡3,56.0,古川吉洋,1:46.1,ハナ,130.1,16.0,508(-4),[西] 中村直也,202310020608
6,1,1,スマートサニー,牡3,55.0,小沢大仁,1:46.1,アタマ,3.5,2.0,460(-6),[西] 松永昌博,202310020608
7,2,3,レッドソリッド,牡3,55.0,角田大和,1:46.2,1/2,13.1,6.0,516(+2),[西] 音無秀孝,202310020608
8,4,8,ウェザーコック,牡3,56.0,菱田裕二,1:46.4,1,10.1,5.0,442(0),[西] 岡田稲男,202310020608
9,8,15,ノーブルアクト,牝3,51.0,水沼元輝,1:46.4,クビ,29.2,9.0,494(+4),[東] 上原博之,202310020608
10,5,9,スタボーンイメル,牡3,56.0,秋山真一,1:46.5,クビ,50.9,12.0,492(+10),[西] 高橋義忠,202310020608
11,7,14,ミッキーマカロン,牝3,50.0,永島まな,1:46.6,1,14.1,7.0,432(-12),[西] 大久保龍,202310020608
12,3,5,ロイガヴェーグル,牡3,56.0,丸山元気,1:46.7,クビ,38.2,11.0,428(-14),[西] 浜田多実,202310020608
13,3,6,ブライトファントム,牡3,56.0,西村淳也,1:47.7,6,3.4,1.0,516(-4),[西] 杉山晴紀,202310020608
14,7,13,ユアフラッシュ,牝3,54.0,富田暁,1:48.2,3,91.1,14.0,456(+16),[西] 辻野泰之,202310020608
15,5,10,タガノチョコラータ,牝3,54.0,太宰啓介,1:48.6,2.1/2,93.1,15.0,516(+4),[西] 角田晃一,202310020608
16,8,16,テンカオーライ,牡3,55.0,松本大輝,1:48.7,3/4,34.4,10.0,504(+10),[西] 松下武士,202310020608
1,6,11,オウケンボルト,牡4,57.0,丸山元気,1:50.0,,4.5,2.0,456(-2),[東] 土田稔,202310020609
2,6,10,スズカキング,牡6,58.0,藤岡康太,1:50.1,3/4,23.2,8.0,460(0),[西] 橋田満,202310020609
3,7,12,ゴルトシュミーデ,牝4,55.0,亀田温心,1:50.2,3/4,11.7,6.0,432(-2),[西] 村山明,202310020609
4,5,8,アウサンガテ,牡6,58.0,西村淳也,1:50.2,ハナ,3.8,1.0,446(+8),[西] 中内田充,202310020609
5,3,5,バトルシャイニング,牡4,57.0,泉谷楓真,1:50.3,3/4,9.7,5.0,504(-4),[西] 本田優,202310020609
6,7,13,ヤマニンループ,牡4,57.0,藤懸貴志,1:50.4,クビ,4.9,3.0,434(+10),[西] 松永幹夫,202310020609
7,1,1,チェンジザワールド,牡4,57.0,角田大和,1:50.7,1.3/4,45.1,12.0,502(-16),[西] 五十嵐忠,202310020609
8,4,7,タイラーテソーロ,牡4,57.0,菱田裕二,1:50.9,1.1/2,7.7,4.0,468(-4),[東] 栗田徹,202310020609
9,2,2,コスモエクスプレス,牡4,57.0,丹内祐次,1:50.9,アタマ,15.2,7.0,482(+6),[東] 松永康利,202310020609
10,8,14,ライブインステラ,牝4,55.0,斎藤新,1:51.3,2,30.9,11.0,472(0),[東] 小野次郎,202310020609
11,2,3,メイショウサンガ,牡6,58.0,富田暁,1:51.3,ハナ,28.1,9.0,530(+6),[西] 千田輝彦,202310020609
12,8,15,ヨンウォニ,牝6,56.0,水沼元輝,1:51.3,クビ,261.1,15.0,458(-2),[東] 伊藤伸一,202310020609
13,3,4,キタサンシンドー,牝5,56.0,藤岡佑介,1:51.6,2,30.6,10.0,478(-8),[西] 斉藤崇史,202310020609
14,5,9,タムロキュラムン,牝4,55.0,小沢大仁,1:51.7,クビ,80.7,13.0,460(+2),[西] 西園正都,202310020609
15,4,6,メイショウイナセ,セ6,58.0,古川吉洋,1:52.0,1.3/4,233.7,14.0,432(-4),[東] 南田美知,202310020609
1,5,10,ハーランズハーツ,牡6,58.0,菱田裕二,2:01.5,,7.7,3.0,444(0),[西] 橋口慎介,202310020610
2,5,9,ストップザタイム,牡4,57.0,古川吉洋,2:01.6,1,1.7,1.0,512(-10),[西] 昆貢,202310020610
3,4,8,タイセイドリーマー,牡5,58.0,富田暁,2:01.8,1,45.4,13.0,508(-4),[西] 矢作芳人,202310020610
4,3,6,エレフセリア,牝5,56.0,丹内祐次,2:01.9,3/4,31.7,8.0,450(-2),[東] 武藤善則,202310020610
5,8,16,テーオーソロス,牡5,58.0,泉谷楓真,2:01.9,アタマ,28.0,7.0,466(0),[西] 宮徹,202310020610
6,8,18,レヴォリオ,牡5,58.0,勝浦正樹,2:02.2,1.3/4,44.8,12.0,490(-2),[東] 伊坂重信,202310020610
7,3,5,オオキニ,牡4,57.0,藤岡佑介,2:02.4,1.1/4,15.9,6.0,448(-8),[西] 鈴木孝志,202310020610
8,4,7,テリオスマナ,牝5,56.0,西村淳也,2:02.4,クビ,12.7,4.0,468(+2),[西] 松下武士,202310020610
9,1,2,イザニコス,牝5,56.0,斎藤新,2:02.5,3/4,39.0,11.0,458(+2),[東] 和田正一,202310020610
10,1,1,エニシノウタ,牝5,56.0,藤田菜七,2:02.6,1/2,15.9,5.0,454(+2),[西] 笹田和秀,202310020610
11,7,14,スウィートブルーム,牝5,56.0,中井裕二,2:02.7,クビ,199.9,16.0,432(-4),[東] 和田雄二,202310020610
12,8,17,マイネルメサイア,牡4,57.0,丸山元気,2:02.8,1,35.0,10.0,484(-2),[東] 水野貴広,202310020610
13,2,4,ファジェス,牝5,56.0,野中悠太,2:03.0,1,95.6,14.0,486(-4),[西] 安田隆行,202310020610
14,6,11,モズゴールドバレル,牝4,55.0,藤岡康太,2:03.0,ハナ,7.5,2.0,436(+2),[西] 藤岡健一,202310020610
15,6,12,ブラックデビル,セ8,58.0,小林凌大,2:03.6,4,190.9,15.0,468(-10),[東] 中野栄治,202310020610
16,7,15,ホウオウジョルノ,牡5,58.0,角田大和,2:03.7,アタマ,34.6,9.0,462(-2),[西] 安田翔伍,202310020610
17,7,13,ロッソモラーレ,牡6,58.0,黛弘人,2:04.2,3.1/2,245.3,17.0,470(0),[東] 清水英克,202310020610
18,2,3,フラッグアドミラル,牡9,58.0,佐々木大,2:06.7,大,389.4,18.0,482(+2),[東] 新開幸一,202310020610
1,6,11,エナジーグラン,牡4,58.0,亀田温心,1:09.0,,4.9,2.0,466(0),[西] 高柳大輔,202310020611
2,4,8,グランレイ,牡6,58.0,藤懸貴志,1:09.0,クビ,9.7,5.0,472(-6),[西] 池添学,202310020611
3,6,12,ルクルト,牡6,58.0,斎藤新,1:09.1,3/4,12.6,6.0,468(+6),[西] 吉村圭司,202310020611
4,2,4,クリノマジン,牡4,58.0,小沢大仁,1:09.4,1.1/2,5.3,3.0,462(+12),[西] 高橋義忠,202310020611
5,5,9,インフィナイト,牝5,56.0,角田大和,1:09.4,ハナ,16.6,7.0,510(-2),[西] 音無秀孝,202310020611
6,7,14,グレイトゲイナー,牡6,58.0,松本大輝,1:09.4,ハナ,46.6,14.0,484(-8),[西] 森秀行,202310020611
7,3,6,メイショウツツジ,牝5,56.0,泉谷楓真,1:09.4,ハナ,41.8,12.0,426(-10),[西] 南井克巳,202310020611
8,8,16,スイートクラウン,牝5,56.0,勝浦正樹,1:09.6,1.1/4,33.7,10.0,468(-24),[東] 石毛善彦,202310020611
9,7,13,ブレスレスリー,牝4,56.0,藤岡康太,1:09.7,1/2,7.5,4.0,464(-4),[西] 藤岡健一,202310020611
10,5,10,スズカマクフィ,牝5,56.0,太宰啓介,1:09.7,クビ,107.9,17.0,424(-6),[西] 橋田満,202310020611
11,1,1,メイショウホシアイ,牝5,56.0,菱田裕二,1:09.7,アタマ,4.3,1.0,486(-4),[西] 高橋亮,202310020611
12,4,7,オースミカテドラル,牡7,58.0,富田暁,1:09.7,ハナ,102.4,16.0,460(0),[西] 高橋亮,202310020611
13,8,15,ジャストザビアンカ,牝5,56.0,丸山元気,1:09.8,クビ,36.4,11.0,460(-10),[西] 牧浦充徳,202310020611
14,8,17,ダノンシティ,牡7,58.0,丹内祐次,1:09.8,クビ,18.1,8.0,492(-2),[西] 橋口慎介,202310020611
15,1,2,オメガラヴィサン,セ8,58.0,野中悠太,1:09.9,3/4,21.7,9.0,480(+12),[西] 安田翔伍,202310020611
16,2,3,ビアイ,牝6,56.0,柴山雄一,1:10.1,3/4,87.7,15.0,508(+4),[西] 畑端省吾,202310020611
17,3,5,フォドラ,牝5,56.0,西村淳也,1:10.8,4,42.8,13.0,402(-8),[西] 牧浦充徳,202310020611
1,2,3,エルバリオ,牡4,57.0,藤岡康太,1:45.5,,2.3,1.0,526(+4),[西] 高野友和,202310020612
2,1,2,トリプルスリル,牡4,56.0,泉谷楓真,1:45.6,1/2,7.1,3.0,466(+2),[西] 村山明,202310020612
3,8,16,ロイヤルダンス,牡5,57.0,松本大輝,1:46.0,2.1/2,10.1,5.0,508(0),[東] 清水英克,202310020612
4,1,1,タイセイアーメット,牡5,58.0,古川吉洋,1:46.0,クビ,69.7,11.0,470(0),[西] 浜田多実,202310020612
5,5,9,ワンダフルヘヴン,牝4,55.0,亀田温心,1:46.1,3/4,89.6,13.0,484(+2),[東] 久保田貴,202310020612
6,3,6,ブライトホルン,牡4,53.0,古川奈穂,1:46.4,1.3/4,5.0,2.0,484(+10),[西] 渡辺薫彦,202310020612
7,2,4,オーマイオーマイ,牡6,58.0,小崎綾也,1:46.5,1/2,86.2,12.0,480(+4),[西] 小崎憲,202310020612
8,6,12,レッドヴァイス,セ5,58.0,斎藤新,1:47.0,3,8.8,4.0,504(+2),[西] 高橋義忠,202310020612
9,7,14,エアフォースワン,牡4,57.0,菱田裕二,1:47.1,3/4,13.5,6.0,454(-6),[西] 大根田裕,202310020612
10,3,5,サクララージャン,牡7,55.0,佐々木大,1:47.2,クビ,111.7,14.0,494(0),[東] 金成貴史,202310020612
11,6,11,サードフォース,牡4,57.0,勝浦正樹,1:47.2,ハナ,118.1,15.0,568(-14),[西] 昆貢,202310020612
12,5,10,チュイション,牡5,58.0,西村淳也,1:47.2,ハナ,15.1,7.0,494(0),[東] 高柳瑞樹,202310020612
13,4,8,メイショウピスカリ,牡5,57.0,角田大和,1:47.2,クビ,33.4,8.0,444(+4),[西] 飯田祐史,202310020612
14,4,7,ブレイクザアイス,牡4,57.0,丹内祐次,1:47.4,3/4,41.1,9.0,466(+4),[東] 高橋裕,202310020612
15,7,13,メイショウケンコン,牡5,58.0,富田暁,1:48.5,7,122.3,16.0,490(+19),[西] 河内洋,202310020612
16,8,15,アスタートリゴン,牡4,53.0,永島まな,1:50.6,大,50.9,10.0,496(+14),[西] 南井克巳,202310020612
1,8,12,テーオーコンドル,セ4,60.0,五十嵐雄,3:10.8,,34.1,10.0,464(-8),[西] 宮徹,202310030101
2,5,6,シゲルタヌキ,牡4,60.0,小坂忠士,3:10.9,3/4,7.4,5.0,478(+2),[西] 大橋勇樹,202310030101
3,7,10,リメンバーメモリー,牡6,59.0,小牧加矢,3:11.3,2.1/2,4.3,2.0,476(-4),[西] 佐々木晶,202310030101
4,6,7,ダノンフロンティア,牡4,60.0,西谷誠,3:11.7,2,3.3,1.0,492(+4),[西] 中内田充,202310030101
5,8,11,モーニングアヤメ,牝5,58.0,上野翔,3:11.8,1,19.4,7.0,452(+8),[東] 浅野洋一,202310030101
6,2,2,イバル,牡6,60.0,平沢健治,3:11.9,1/2,7.4,4.0,512(-14),[西] 小崎憲,202310030101
7,4,4,ノアチェリー,牝4,58.0,大江原圭,3:12.0,3/4,8.9,6.0,478(-2),[東] 小笠倫弘,202310030101
8,3,3,ルモンド,牡7,60.0,小野寺祐,3:12.1,クビ,6.9,3.0,482(0),[西] 坂口智康,202310030101
9,5,5,メイショウアポイ,牡4,60.0,中村将之,3:13.2,7,26.9,9.0,468(0),[西] 松下武士,202310030101
10,1,1,サダムラピュタ,牡8,60.0,黒岩悠,3:14.9,10,26.5,8.0,480(-2),[西] 平田修,202310030101
11,7,9,メイショウストーム,セ5,60.0,森一馬,3:17.4,大,57.9,12.0,458(-6),[西] 松永昌博,202310030101
12,6,8,スカリーワグ,牡5,60.0,石神深一,3:28.1,大,35.9,11.0,508(-8),[東] 粕谷昌央,202310030101
1,7,7,ドナヴィーナス,牝2,55.0,川島信二,1:08.3,,1.7,1.0,444(+12),[西] 庄野靖志,202310030102
2,8,8,ソルトロック,牝2,55.0,酒井学,1:08.6,2,12.4,4.0,452(+2),[西] 四位洋文,202310030102
3,5,5,プエルタセクレタ,牝2,55.0,岩田望来,1:08.7,クビ,2.8,2.0,416(-4),[西] 野中賢二,202310030102
4,2,2,ポッドロイ,牡2,55.0,西村淳也,1:09.1,2.1/2,7.5,3.0,490(+4),[西] 小林真也,202310030102
5,4,4,メイショウムーヴ,牝2,55.0,団野大成,1:09.4,1.1/2,43.9,5.0,430(-2),[西] 荒川義之,202310030102
6,1,1,オーブラボー,牡2,52.0,西塚洸二,1:09.5,3/4,55.7,6.0,450(+4),[西] 加用正,202310030102
7,3,3,カシノディオーサ,牝2,55.0,岩部純二,1:10.8,8,213.2,8.0,416(-2),[東] 天間昭一,202310030102
8,6,6,スイートウィル,牝2,55.0,城戸義政,1:10.9,クビ,164.6,7.0,414(-10),[西] 村山明,202310030102
1,4,6,サイレンスゴールド,牡3,56.0,西村淳也,0:57.6,,1.5,1.0,500(-4),[西] 杉山佳明,202310030103
2,8,14,ルクスメテオール,牡3,53.0,永島まな,0:58.1,3,6.5,3.0,478(0),[西] 小林真也,202310030103
3,2,2,メイショウバラッド,牝3,54.0,和田竜二,0:58.3,1.1/4,6.1,2.0,472(+2),[西] 長谷川浩,202310030103
4,1,1,ティタン,牝3,54.0,長岡禎仁,0:58.4,3/4,42.8,7.0,464(-4),[西] 杉山佳明,202310030103
5,3,3,メイショウリリアム,牝3,54.0,太宰啓介,0:59.0,3.1/2,109.2,11.0,442(-7),[西] 高橋亮,202310030103
6,7,12,ブリックスダール,セ3,53.0,川端海翼,0:59.1,3/4,82.7,8.0,408(+6),[西] 清水久詞,202310030103
7,6,9,ホビイスト,牡3,53.0,西塚洸二,0:59.4,1.3/4,105.6,10.0,438(+2),[西] 緒方努,202310030103
8,5,7,アエディフィカータ,牝3,51.0,田口貫太,1:00.4,6,9.8,4.0,444(+6),[西] 武英智,202310030103
9,4,5,ヤマニンエカ,牝3,54.0,高倉稜,1:00.6,1.1/4,265.3,13.0,480(-10),[西] 田中克典,202310030103
10,3,4,ラミュロス,牝3,50.0,河原田菜,1:00.6,アタマ,94.9,9.0,408(+4),[西] 角田晃一,202310030103
11,6,10,アシュアビクトリー,牝3,54.0,国分優作,1:01.0,2,32.6,6.0,506(0),[西] 矢作芳人,202310030103
12,7,11,ホウオウレンジャー,牡3,55.0,秋山稔樹,1:01.2,1,280.2,14.0,452(+4),[西] 宮徹,202310030103
13,8,13,ショウナンマナ,牝3,51.0,今村聖奈,1:01.3,1/2,10.5,5.0,468(+8),[西] 吉村圭司,202310030103
14,5,8,インサラー,牡3,56.0,中井裕二,1:10.7,大,134.9,12.0,498(0),[西] 今野貞一,202310030103
1,8,8,ダンツキタイ,牝4,57.0,小牧加矢,3:08.3,,3.2,2.0,486(-4),[西] 谷潔,202310030104
2,1,1,ショウナンアーチー,牡5,60.0,中村将之,3:08.4,クビ,2.1,1.0,500(-12),[西] 松下武士,202310030104
3,4,4,スーパーフェイバー,牡5,60.0,小野寺祐,3:09.0,3.1/2,7.5,3.0,502(-2),[西] 西園翔太,202310030104
4,7,7,セルリアンルネッタ,牡4,60.0,北沢伸也,3:09.5,3,8.7,4.0,458(-4),[西] 高橋康之,202310030104
5,5,5,シングンジョーイ,牡5,60.0,石神深一,3:09.5,クビ,26.8,8.0,454(+2),[東] 伊坂重信,202310030104
6,6,6,タマモワカムシャ,セ4,60.0,平沢健治,3:10.0,3,14.6,6.0,464(-10),[西] 川村禎彦,202310030104
7,2,2,ラジェドール,セ5,60.0,草野太郎,3:11.2,7,25.4,7.0,492(-6),[東] 小笠倫弘,202310030104
8,3,3,ホシルミエール,セ10,60.0,小坂忠士,3:11.4,1.1/4,13.1,5.0,470(-4),[西] 庄野靖志,202310030104
1,8,14,アイタカ,牝2,51.0,河原田菜,1:10.1,,4.1,2.0,410(0),[西] 谷潔,202310030105
2,6,10,テイエムシマジン,牡2,55.0,和田竜二,1:10.3,1.1/4,2.1,1.0,474(0),[西] 鈴木孝志,202310030105
3,1,1,マーティー,牡2,52.0,川端海翼,1:10.9,3.1/2,119.6,11.0,438(0),[西] 藤沢則雄,202310030105
4,5,7,カシノマーメイド,牝2,55.0,幸英明,1:10.9,クビ,19.6,6.0,484(0),[西] 谷潔,202310030105
5,2,2,タイセイマロン,牝2,55.0,Ｍ．デム,1:11.0,クビ,7.3,4.0,458(0),[西] 牧浦充徳,202310030105
6,3,3,コウユーカメサンヨ,牡2,55.0,団野大成,1:11.0,クビ,6.5,3.0,494(0),[西] 斉藤崇史,202310030105
7,7,11,アツヒメ,牝2,54.0,秋山稔樹,1:11.4,2.1/2,47.0,7.0,430(0),[東] 鈴木慎太,202310030105
8,5,8,カシノテンダー,牡2,52.0,永島まな,1:12.2,5,62.3,8.0,488(0),[西] 北出成人,202310030105
9,8,13,キリシマエアヒメ,牝2,55.0,小牧太,1:12.3,1,78.9,9.0,408(0),[西] 笹田和秀,202310030105
10,4,5,トンコツラーメン,牡2,52.0,田口貫太,1:12.4,1/2,16.6,5.0,440(0),[西] 牧田和弥,202310030105
11,3,4,ラブショータイム,牝2,55.0,加藤祥太,1:13.0,3.1/2,123.7,12.0,406(0),[西] 大橋勇樹,202310030105
12,7,12,アベベ,牡2,52.0,西塚洸二,1:13.1,3/4,94.4,10.0,440(0),[東] 根本康広,202310030105
13,6,9,テイエムキングラン,牡2,55.0,田中健,1:13.6,3,152.5,13.0,444(0),[西] 浜田多実,202310030105
中,4,6,キリシマアトム,牡2,55.0,岩部純二,,,219.6,14.0,438(0),[東] 石毛善彦,202310030105
1,3,4,セイウンデセオ,牝2,52.0,今村聖奈,1:09.1,,7.3,4.0,460(0),[西] 吉村圭司,202310030106
2,2,3,ミライハーモニー,牝2,51.0,河原田菜,1:09.3,1,66.3,11.0,394(0),[西] 鈴木孝志,202310030106
3,7,12,フォルテローザ,牝2,55.0,団野大成,1:09.3,クビ,3.2,1.0,426(0),[西] 斉藤崇史,202310030106
4,2,2,テイケイモハラ,牝2,55.0,幸英明,1:09.6,1.1/2,75.6,13.0,422(0),[西] 大橋勇樹,202310030106
5,3,5,ギルティプレジャー,牝2,55.0,岩田望来,1:09.6,アタマ,6.3,3.0,444(0),[西] 寺島良,202310030106
6,1,1,ウインラグラス,牝2,52.0,永島まな,1:10.0,2.1/2,13.0,5.0,408(0),[西] 吉田直弘,202310030106
7,6,10,ラヴィンローゼス,牝2,55.0,西村淳也,1:10.1,クビ,27.3,9.0,374(0),[西] 西村真幸,202310030106
8,5,8,リベルティーヌ,牝2,55.0,坂井瑠星,1:10.3,1.1/2,23.3,8.0,412(0),[西] 安田隆行,202310030106
9,8,14,ユウスペシャル,牝2,55.0,松山弘平,1:10.3,クビ,4.4,2.0,452(0),[西] 新谷功一,202310030106
10,7,13,ペルドリ,牝2,55.0,Ｍ．デム,1:10.7,2.1/2,15.8,7.0,452(0),[東] 小手川準,202310030106
11,4,6,ブラヴォージャパン,牝2,52.0,田口貫太,1:10.7,クビ,14.8,6.0,404(0),[西] 坂口智康,202310030106
12,8,15,イエデゴロゴロ,牝2,52.0,西塚洸二,1:10.9,1.1/4,36.7,10.0,424(0),[西] 畑端省吾,202310030106
13,6,11,テーオーダイヤ,牝2,52.0,川端海翼,1:11.1,1,251.2,15.0,426(0),[西] 梅田智之,202310030106
14,4,7,ピエサエルモソ,牝2,55.0,和田竜二,1:11.1,ハナ,73.3,12.0,482(0),[西] 加用正,202310030106
15,5,9,メイショウポワロ,牝2,54.0,角田大河,1:11.3,1.1/4,134.5,14.0,434(0),[西] 笹田和秀,202310030106
1,7,13,メイショウクーガー,牡3,56.0,中井裕二,1:45.1,,3.2,2.0,480(-4),[西] 中内田充,202310030107
2,6,11,セブンスストリート,牡3,56.0,和田竜二,1:45.7,3.1/2,5.8,4.0,442(0),[西] 吉岡辰弥,202310030107
3,7,14,ロットゥーラ,牡3,53.0,西塚洸二,1:46.2,3,88.7,10.0,452(-2),[西] 辻野泰之,202310030107
4,4,8,デイトナモード,牡3,56.0,川田将雅,1:47.2,6,2.8,1.0,520(+2),[西] 千田輝彦,202310030107
5,3,6,イサイアス,牡3,56.0,団野大成,1:47.3,クビ,4.7,3.0,446(0),[西] 吉村圭司,202310030107
6,5,10,ゴッドホーネット,牡3,55.0,角田大河,1:47.4,3/4,203.2,15.0,422(-16),[西] 飯田祐史,202310030107
7,1,1,スナークドリアン,牡3,56.0,岩田望来,1:47.8,2.1/2,43.0,7.0,506(+4),[西] 川村禎彦,202310030107
8,6,12,マックロスキー,牡3,56.0,坂井瑠星,1:47.9,クビ,16.4,5.0,492(-2),[西] 茶木太樹,202310030107
9,2,4,フレッチャネーラ,牡3,56.0,高倉稜,1:47.9,クビ,150.4,14.0,474(0),[西] 荒川義之,202310030107
10,1,2,ブルクラシコ,牡3,56.0,松若風馬,1:48.1,1.1/4,81.1,9.0,470(+14),[西] 松下武士,202310030107
11,3,5,ハカイシン,牡3,56.0,Ｍ．デム,1:48.4,1.3/4,31.4,6.0,524(+14),[西] 安田翔伍,202310030107
12,5,9,モストロネーロ,牡3,56.0,小牧太,1:48.8,2.1/2,433.8,16.0,472(+4),[西] 笹田和秀,202310030107
13,8,16,クリプティクコード,牡3,56.0,岡田祥嗣,1:49.4,3.1/2,144.6,13.0,494(-6),[西] 藤原英昭,202310030107
14,4,7,ガルミッシュ,牡3,53.0,田口貫太,1:49.7,2,89.7,11.0,476(-4),[西] 松永幹夫,202310030107
15,2,3,アンジェララヴ,牝3,51.0,永島まな,1:50.8,7,120.3,12.0,512(-16),[西] 佐々木晶,202310030107
16,8,15,シャトランジ,牡3,56.0,西村淳也,1:52.8,大,46.2,8.0,470(0),[西] 橋口慎介,202310030107
1,2,4,メイショウモズ,牡3,55.0,幸英明,1:44.0,,1.9,1.0,494(-2),[西] 松永昌博,202310030108
2,5,10,バンボーレ,牝5,53.0,今村聖奈,1:44.7,4,32.8,9.0,456(+6),[西] 飯田祐史,202310030108
3,7,13,プレイサーゴールド,牡3,55.0,松山弘平,1:45.0,2,6.9,3.0,494(-9),[西] 今野貞一,202310030108
4,8,16,サンライズパスカル,牡3,52.0,田口貫太,1:45.1,3/4,22.4,6.0,538(+14),[西] 石坂公一,202310030108
5,3,5,アッチャゴーラ,牡3,55.0,和田竜二,1:45.3,1,12.7,5.0,494(+6),[西] 村山明,202310030108
6,6,11,ミルトプライム,牡3,55.0,Ｍ．デム,1:45.5,1,25.5,7.0,472(-2),[西] 杉山晴紀,202310030108
7,1,1,タガノエリザベス,牝3,52.0,角田大河,1:45.6,1/2,9.8,4.0,468(-4),[西] 岡田稲男,202310030108
8,2,3,イエスウィズキャン,牡3,55.0,国分優作,1:45.8,1.1/2,37.5,10.0,546(-2),[西] 松永昌博,202310030108
9,6,12,マスキエッタ,牝4,56.0,藤岡康太,1:46.0,3/4,82.8,11.0,470(+10),[西] 野中賢二,202310030108
10,8,15,ライジングラパス,牝3,53.0,国分恭介,1:46.1,3/4,5.3,2.0,428(+8),[西] 宮本博,202310030108
11,4,7,ビービーモノローグ,セ5,55.0,西塚洸二,1:46.3,1.1/4,250.6,14.0,444(0),[西] 加用正,202310030108
12,1,2,ランスオブウェイブ,牝4,56.0,城戸義政,1:46.3,アタマ,411.7,16.0,492(-8),[西] 奥村豊,202310030108
13,7,14,ビナカントー,牝3,50.0,河原田菜,1:47.0,4,95.5,12.0,478(0),[西] 大橋勇樹,202310030108
14,5,9,フスカル,牡3,55.0,坂井瑠星,1:47.1,クビ,28.0,8.0,484(+4),[西] 池添学,202310030108
15,4,8,キュールエライジン,牡5,55.0,川端海翼,1:47.4,2,391.9,15.0,532(+8),[西] 中尾秀正,202310030108
16,3,6,エーティースピカ,牝3,53.0,高倉稜,1:49.0,10,206.1,13.0,488(-8),[西] 木原一良,202310030108
1,3,6,マイネルメモリー,牡3,55.0,和田竜二,1:45.6,,22.5,7.0,456(+6),[西] 宮徹,202310030109
2,6,11,サクセスドレーク,牡4,58.0,藤岡康太,1:45.8,1.1/2,18.3,6.0,498(-10),[西] 野中賢二,202310030109
3,3,5,アリスヴェリテ,牝3,53.0,岩田望来,1:46.3,3,3.9,2.0,444(+6),[西] 中竹和也,202310030109
4,5,9,フラリオナ,牝5,56.0,秋山真一,1:46.3,1/2,139.2,13.0,424(-2),[西] 平田修,202310030109
5,4,8,ポルカリズム,牝3,53.0,川田将雅,1:46.4,3/4,2.5,1.0,470(0),[西] 中内田充,202310030109
6,2,3,ベレザニーニャ,牝3,53.0,Ｍ．デム,1:46.8,2,32.6,8.0,474(+14),[西] 小崎憲,202310030109
7,1,2,シュタールヴィント,牡3,55.0,坂井瑠星,1:46.9,3/4,5.7,3.0,432(-6),[西] 矢作芳人,202310030109
8,8,16,エクロール,牝4,56.0,松山弘平,1:47.5,3.1/2,123.7,12.0,420(+2),[西] 長谷川浩,202310030109
9,6,12,サンライズプルート,牡3,55.0,松若風馬,1:47.5,クビ,11.7,5.0,460(+6),[西] 音無秀孝,202310030109
10,2,4,シルヴァーデューク,牡3,55.0,西村淳也,1:47.7,1.1/4,7.0,4.0,452(-4),[西] 西村真幸,202310030109
11,1,1,ゾロ,牡7,58.0,藤懸貴志,1:47.8,クビ,351.7,15.0,472(+2),[東] 小手川準,202310030109
12,7,13,トーアライデン,牡3,55.0,中井裕二,1:47.8,アタマ,37.5,9.0,474(-2),[西] 村山明,202310030109
13,4,7,シブースト,牝3,53.0,川須栄彦,1:48.3,3,160.9,14.0,504(+6),[西] 高野友和,202310030109
14,8,15,ステラメテオール,牝3,53.0,国分優作,1:48.4,クビ,415.6,16.0,442(-2),[西] 大根田裕,202310030109
15,5,10,マイネルカーライル,牡3,55.0,団野大成,1:48.5,1/2,71.0,10.0,494(+6),[西] 西園正都,202310030109
16,7,14,ビレッジスター,セ4,58.0,幸英明,1:49.3,5,120.4,11.0,434(-2),[西] 田中克典,202310030109
1,6,7,ウィズユアドリーム,牡3,55.0,松山弘平,1:59.9,,3.7,3.0,496(0),[西] 吉岡辰弥,202310030110
2,5,5,セブンマジシャン,牡3,55.0,西村淳也,2:00.0,3/4,2.7,1.0,488(+2),[西] 高野友和,202310030110
3,7,9,ファベル,牡4,58.0,坂井瑠星,2:00.2,3/4,3.5,2.0,438(0),[西] 友道康夫,202310030110
4,7,8,ブレイヴロッカー,牡3,55.0,藤岡康太,2:00.3,3/4,5.6,4.0,460(0),[西] 本田優,202310030110
5,2,2,エヴィダンシア,牡4,58.0,荻野極,2:00.3,クビ,37.8,7.0,486(-6),[西] 藤原英昭,202310030110
6,8,10,ウインミニヨン,牝5,56.0,松若風馬,2:00.7,2.1/2,14.2,5.0,422(-6),[西] 長谷川浩,202310030110
7,4,4,セグレドスペリオル,牡7,58.0,藤懸貴志,2:00.9,1,110.9,9.0,466(-2),[西] 宮本博,202310030110
8,6,6,テーオーソロス,牡5,58.0,泉谷楓真,2:00.9,アタマ,38.8,8.0,462(+4),[西] 宮徹,202310030110
9,3,3,カイザー,牡4,58.0,岩田望来,2:00.9,ハナ,37.0,6.0,468(-6),[西] 森田直行,202310030110
10,8,11,カサデガ,牡5,58.0,今村聖奈,2:01.8,5,167.7,10.0,456(-6),[西] 寺島良,202310030110
取,1,1,マイネルエニグマ,牡5,58.0,和田竜二,,,---,,計不,[西] 吉田直弘,202310030110
1,2,4,キングズソード,牡4,58.0,川田将雅,1:42.0,,2.1,1.0,502(0),[西] 寺島良,202310030111
2,3,6,スレイマン,牡5,57.0,団野大成,1:42.2,1.1/4,33.6,9.0,550(+4),[西] 池添学,202310030111
3,7,13,ダンツキャッスル,牡7,58.0,酒井学,1:42.3,1/2,402.4,16.0,484(+6),[西] 谷潔,202310030111
4,6,12,ブラックアーメット,牡5,58.0,泉谷楓真,1:42.3,アタマ,26.8,8.0,510(-2),[西] 角田晃一,202310030111
5,4,8,アラジンバローズ,セ6,57.0,西村淳也,1:42.3,ハナ,4.7,2.0,476(+8),[西] 中内田充,202310030111
6,8,16,メイショウテンスイ,牡6,58.0,太宰啓介,1:42.8,3,40.2,10.0,524(-4),[西] 河内洋,202310030111
7,5,10,ベルダーイメル,牡6,58.0,藤岡康太,1:43.0,1.1/4,24.4,7.0,460(+2),[西] 本田優,202310030111
8,7,14,ビヨンドザファザー,牡4,57.0,坂井瑠星,1:43.5,3,7.7,3.0,512(0),[西] 藤岡健一,202310030111
9,3,5,ブラッティーキッド,牡5,57.0,水口優也,1:43.7,1,45.1,11.0,518(-2),[西] 中尾秀正,202310030111
10,1,1,ウェルカムニュース,牡4,57.0,岩田望来,1:44.0,1.1/2,13.3,6.0,484(-12),[西] 池江泰寿,202310030111
11,8,15,リアンクール,牝5,55.0,和田竜二,1:44.0,クビ,81.0,13.0,494(0),[西] 安田隆行,202310030111
12,6,11,エマージングロール,牡5,57.0,荻野極,1:44.2,1,280.2,15.0,502(+4),[西] 橋口慎介,202310030111
13,1,2,ラヴィータエベラ,牡6,57.0,幸英明,1:44.5,1.1/2,13.2,5.0,508(+2),[西] 田中克典,202310030111
14,5,9,ダノンハーロック,牡5,57.0,角田大河,1:44.5,クビ,72.2,12.0,536(-6),[西] 音無秀孝,202310030111
15,4,7,ミステリオーソ,牡6,57.0,Ｍ．デム,1:46.2,10,85.1,14.0,496(+4),[西] 武幸四郎,202310030111
16,2,3,ブリッツファング,牡4,57.0,松山弘平,1:46.6,2.1/2,10.3,4.0,490(+12),[西] 大久保龍,202310030111
1,8,18,アンフィニドール,牝5,56.0,川田将雅,1:07.7,,5.5,2.0,496(-8),[西] 千田輝彦,202310030112
2,4,8,レッドヒルシューズ,牝3,54.0,坂井瑠星,1:07.8,1,13.3,8.0,446(0),[西] 武英智,202310030112
3,1,1,ダイヤモンドフジ,牡4,58.0,国分恭介,1:07.9,1/2,57.2,13.0,438(-12),[西] 宮本博,202310030112
4,4,7,セレッソデアモール,牝3,51.0,今村聖奈,1:08.0,クビ,5.8,3.0,460(-4),[西] 庄野靖志,202310030112
5,1,2,アキバ,牝4,56.0,高倉稜,1:08.2,1.1/2,36.3,11.0,434(+2),[西] 田中克典,202310030112
6,2,4,メイショウヒゾッコ,牝5,56.0,太宰啓介,1:08.3,クビ,135.9,16.0,424(-4),[西] 石橋守,202310030112
7,3,6,タガノスペルノヴァ,牡5,58.0,和田竜二,1:08.3,ハナ,148.6,17.0,424(-8),[西] 川村禎彦,202310030112
8,5,10,ラブリアージェ,牝4,56.0,幸英明,1:08.4,1/2,58.8,14.0,462(-22),[西] 昆貢,202310030112
9,8,16,トーホウフランゴ,牝3,51.0,永島まな,1:08.6,1.1/4,9.3,5.0,426(-8),[西] 高橋康之,202310030112
10,6,11,シュガーフロート,牝4,53.0,西塚洸二,1:08.6,クビ,13.2,7.0,410(-10),[西] 高柳大輔,202310030112
11,7,14,プロティオスミノル,牝4,55.0,角田大河,1:08.6,ハナ,22.2,10.0,440(+2),[西] 北出成人,202310030112
12,8,17,サトノグレイト,牡3,56.0,藤岡康太,1:08.6,アタマ,17.2,9.0,502(+4),[西] 中竹和也,202310030112
13,7,15,フォレクラフト,牝4,56.0,岩田望来,1:08.8,1,46.4,12.0,484(+16),[西] 四位洋文,202310030112
14,2,3,ニシノコウダイ,牡3,56.0,松若風馬,1:08.8,ハナ,9.5,6.0,486(0),[西] 長谷川浩,202310030112
15,5,9,オーサムサンライズ,牝3,50.0,河原田菜,1:09.0,3/4,105.9,15.0,404(+8),[西] 石坂公一,202310030112
16,3,5,スイープラン,牝3,54.0,松山弘平,1:09.2,1,9.0,4.0,448(+4),[西] 渡辺薫彦,202310030112
17,6,12,シンプリーオーサム,牡3,56.0,西村淳也,1:09.2,クビ,4.7,1.0,536(+10),[西] 吉岡辰弥,202310030112
18,7,13,ファタリテ,牡7,55.0,田口貫太,1:09.5,1.3/4,395.0,18.0,448(-6),[西] 大根田裕,202310030112
1,7,8,ホウオウプロサンゲ,牡2,55.0,坂井瑠星,1:50.0,,3.7,3.0,472(-10),[西] 矢作芳人,202310030201
2,5,5,アンモード,牡2,55.0,松山弘平,1:50.3,1.3/4,3.7,2.0,488(0),[西] 西村真幸,202310030201
3,1,1,ペンナヴェローチェ,牡2,55.0,岩田望来,1:50.3,クビ,2.3,1.0,482(+4),[西] 須貝尚介,202310030201
4,7,7,ロカブルン,牝2,55.0,藤岡康太,1:50.4,3/4,10.6,4.0,448(-6),[西] 吉田直弘,202310030201
5,8,10,ベルベストランナー,牡2,55.0,団野大成,1:50.5,クビ,79.6,7.0,458(0),[西] 西村真幸,202310030201
6,4,4,タガノエクレール,牝2,55.0,和田竜二,1:50.5,クビ,14.9,5.0,448(-2),[西] 西園正都,202310030201
7,8,9,ブルーサン,牡2,55.0,飛田愛斗,1:50.6,3/4,130.2,9.0,504(-6),[西] 川村禎彦,202310030201
8,2,2,タイキエルキーオ,牡2,55.0,酒井学,1:51.3,4,95.7,8.0,462(-8),[西] 谷潔,202310030201
9,3,3,ガラシュ,牡2,52.0,永島まな,1:52.8,9,134.8,10.0,500(-4),[西] 高橋康之,202310030201
中,6,6,ストロベリーナイト,牡2,51.0,河原田菜,,,53.4,6.0,460(-2),[東] 根本康広,202310030201
1,4,7,ユハンヌス,牡3,56.0,川田将雅,1:09.4,,1.9,1.0,472(0),[西] 大久保龍,202310030202
2,1,2,マカーリオ,牝3,54.0,和田竜二,1:09.4,ハナ,145.7,14.0,488(0),[西] 飯田祐史,202310030202
3,7,15,ドウフォルス,牡3,56.0,藤岡康太,1:09.4,ハナ,16.0,6.0,490(+2),[西] 友道康夫,202310030202
4,1,1,ジョーシーゲル,牝3,54.0,川須栄彦,1:09.6,1.1/4,9.8,4.0,478(-8),[西] 松下武士,202310030202
5,6,12,モノセーラス,牝3,54.0,松若風馬,1:09.6,ハナ,43.9,9.0,412(0),[西] 中村直也,202310030202
6,8,16,ヒットザフロント,牝3,51.0,田口貫太,1:09.6,ハナ,52.2,10.0,462(-10),[西] 武英智,202310030202
7,2,4,オミコシ,牝3,54.0,加藤祥太,1:09.6,クビ,83.5,11.0,442(-2),[西] 杉山佳明,202310030202
8,7,13,サトノアルペジオ,牡3,56.0,高倉稜,1:09.6,アタマ,103.0,12.0,496(-4),[西] 田中克典,202310030202
9,5,9,ナリタシン,牡3,56.0,岩田望来,1:09.7,クビ,27.4,7.0,448(-6),[西] 藤沢則雄,202310030202
10,4,8,メイショウタイジュ,牡3,52.0,河原田菜,1:09.7,クビ,30.6,8.0,446(+4),[西] 渡辺薫彦,202310030202
11,8,18,フェリキタス,牝3,54.0,松山弘平,1:09.7,ハナ,6.4,3.0,430(+4),[西] 羽月友彦,202310030202
12,3,5,オンリーラヴ,牝3,53.0,角田大河,1:09.8,クビ,221.2,16.0,418(+6),[西] 森田直行,202310030202
13,3,6,ディオファントス,牡3,56.0,団野大成,1:09.8,クビ,14.4,5.0,490(-14),[西] 斉藤崇史,202310030202
14,5,10,メイショウヒナギク,牝3,51.0,今村聖奈,1:10.0,1.1/4,188.9,15.0,438(-6),[西] 飯田祐史,202310030202
15,6,11,シュガープラム,牝3,54.0,酒井学,1:10.3,1.1/2,239.4,17.0,438(+4),[西] 高橋康之,202310030202
16,7,14,シュプール,牝3,54.0,長岡禎仁,1:10.6,1.3/4,408.7,18.0,430(-2),[西] 杉山佳明,202310030202
17,8,17,ニトウリュウ,牝3,51.0,永島まな,1:11.4,5,138.9,13.0,402(-6),[西] 鈴木孝志,202310030202
18,2,3,サトノアダマス,牝3,54.0,西村淳也,1:11.8,2.1/2,5.7,2.0,472(+10),[西] 杉山晴紀,202310030202
1,4,8,プレッジ,牝3,54.0,西村淳也,1:45.3,,2.4,1.0,472(0),[西] 中内田充,202310030203
2,6,12,ファイブレイナ,牝3,50.0,河原田菜,1:46.1,5,17.9,6.0,420(+2),[西] 渡辺薫彦,202310030203
3,6,11,メイショウネムノキ,牝3,53.0,角田大河,1:46.1,クビ,7.5,5.0,506(+12),[西] 池添学,202310030203
4,3,5,スーパーファルクス,牝3,51.0,田口貫太,1:46.5,2.1/2,6.6,4.0,440(-4),[西] 武英智,202310030203
5,2,3,ヘウレシス,牝3,51.0,西塚洸二,1:46.8,2,203.3,12.0,426(0),[西] 辻野泰之,202310030203
6,8,16,プレシャスアロー,牝3,54.0,藤岡康太,1:46.8,アタマ,5.2,2.0,526(+12),[西] 藤岡健一,202310030203
7,8,15,エルーシア,牝3,54.0,飛田愛斗,1:46.9,3/4,89.4,9.0,468(+6),[西] 飯田雄三,202310030203
8,2,4,ハッピーバンド,牝3,54.0,松若風馬,1:47.2,1.3/4,18.7,7.0,520(+30),[西] 石坂公一,202310030203
9,5,9,メイショウコナツ,牝3,53.0,泉谷楓真,1:47.6,2.1/2,144.8,11.0,428(-8),[西] 本田優,202310030203
10,3,6,リボンピーチ,牝3,54.0,川須栄彦,1:47.6,クビ,33.6,8.0,460(+2),[西] 羽月友彦,202310030203
11,4,7,ナリタアワユキ,牝3,54.0,太宰啓介,1:48.0,2.1/2,232.7,13.0,476(-10),[西] 高橋亮,202310030203
12,1,2,アンジェリア,牝3,54.0,斎藤新,1:48.2,1.1/4,287.0,15.0,422(+4),[西] 牧浦充徳,202310030203
13,1,1,ハギノセフィーラ,牝3,54.0,藤懸貴志,1:48.4,1,259.0,14.0,424(+4),[西] 鮫島一歩,202310030203
14,7,13,チアーズ,牝3,54.0,松山弘平,1:48.8,2.1/2,5.4,3.0,486(-2),[西] 杉山晴紀,202310030203
15,7,14,チャパリータ,牝3,51.0,永島まな,1:49.3,3,107.8,10.0,420(0),[西] 四位洋文,202310030203
16,5,10,アネラアーニャ,牝3,54.0,団野大成,1:49.3,ハナ,324.0,16.0,426(+4),[西] 安田翔伍,202310030203
1,7,15,ハギノアルデバラン,牡3,56.0,川田将雅,2:00.3,,2.8,1.0,494(-4),[西] 鮫島一歩,202310030204
2,4,7,トレチーメ,牡3,56.0,西村淳也,2:00.5,1.1/4,6.0,4.0,518(+8),[西] 中内田充,202310030204
3,7,13,シュハリ,牡3,56.0,和田竜二,2:00.6,クビ,53.5,7.0,424(0),[西] 鈴木孝志,202310030204
4,8,18,ローブドゥマリエ,牝3,54.0,松若風馬,2:00.6,ハナ,11.9,5.0,460(-4),[西] 梅田智之,202310030204
5,4,8,デルマスソバライ,牝3,54.0,岩田望来,2:00.7,クビ,169.2,15.0,426(+8),[西] 千田輝彦,202310030204
6,7,14,ティータイム,牝3,54.0,酒井学,2:00.8,1/2,62.6,8.0,446(-6),[西] 長谷川浩,202310030204
7,3,6,エストラーダ,セ3,53.0,川端海翼,2:00.8,クビ,73.5,11.0,460(+4),[西] 宮本博,202310030204
8,5,9,ルージュサクシード,牝3,51.0,西塚洸二,2:01.3,3,69.6,10.0,452(+10),[西] 松永幹夫,202310030204
9,8,17,ハイランドリンクス,牝3,54.0,藤岡康太,2:01.5,1.1/4,3.7,2.0,460(+2),[西] 奥村豊,202310030204
10,2,4,ニホンピロパークス,牝3,54.0,水口優也,2:01.7,1,68.1,9.0,418(-2),[西] 大橋勇樹,202310030204
11,8,16,プロミシングギャル,牝3,54.0,松山弘平,2:01.8,クビ,4.8,3.0,444(-8),[西] 森田直行,202310030204
12,6,11,フリップアコイン,牝3,50.0,河原田菜,2:02.0,1.1/4,173.0,16.0,434(-4),[西] 小林真也,202310030204
13,5,10,バスキュラント,牝3,51.0,今村聖奈,2:02.2,1.1/4,249.1,17.0,428(0),[西] 安達昭夫,202310030204
14,2,3,ドリームラッシュ,牝3,54.0,団野大成,2:02.3,3/4,262.9,18.0,414(+6),[西] 荒川義之,202310030204
15,1,1,テーオーエンゲルス,牡3,53.0,田口貫太,2:02.3,クビ,106.2,13.0,460(+2),[西] 須貝尚介,202310030204
16,6,12,ハワイアンタイム,牡3,56.0,幸英明,2:03.2,5,118.8,14.0,500(0),[西] 昆貢,202310030204
17,1,2,マリオキュート,牝3,51.0,永島まな,2:03.5,1.3/4,101.9,12.0,468(+4),[西] 安達昭夫,202310030204
18,3,5,カルンウェナン,牡3,56.0,坂井瑠星,2:09.2,大,19.0,6.0,500(+4),[西] 角田晃一,202310030204
1,7,13,テイエムチュララン,牝2,55.0,太宰啓介,1:10.5,,8.8,4.0,486(0),[西] 畑端省吾,202310030205
2,7,14,ウエルカムキリシマ,牝2,55.0,飛田愛斗,1:10.7,1.1/4,2.8,1.0,450(0),[西] 笹田和秀,202310030205
3,1,2,ユメカナウケン,牝2,54.0,角田大河,1:10.8,1/2,6.3,3.0,416(0),[西] 谷潔,202310030205
4,5,10,ブリッツクリーク,牡2,55.0,幸英明,1:11.1,2,3.2,2.0,488(0),[西] 北出成人,202310030205
5,1,1,ヒマワリクン,牡2,55.0,和田竜二,1:11.2,クビ,30.3,8.0,442(0),[西] 緒方努,202310030205
6,4,8,コウジョウノツキ,牝2,52.0,永島まな,1:11.9,4,20.1,6.0,434(0),[西] 中村直也,202310030205
7,6,12,カシノフロイデ,牝2,55.0,森裕太朗,1:12.2,1.3/4,62.9,11.0,418(0),[西] 藤沢則雄,202310030205
8,4,7,カシノディーバ,牝2,55.0,川須栄彦,1:12.2,クビ,127.2,14.0,456(0),[東] 和田雄二,202310030205
9,2,3,カシノブロッサム,牝2,51.0,河原田菜,1:12.4,1,54.6,10.0,388(0),[西] 牧田和弥,202310030205
10,8,15,キリシマジョイナー,牝2,55.0,岩部純二,1:12.5,3/4,36.5,9.0,468(0),[東] 石毛善彦,202310030205
11,5,9,フォーザウィン,牡2,52.0,西塚洸二,1:13.2,4,167.0,16.0,424(0),[東] 加藤和宏,202310030205
12,3,6,カシノポノ,牝2,54.0,秋山稔樹,1:13.4,1.1/4,121.1,13.0,418(0),[東] 蛯名利弘,202310030205
13,8,16,ポンズ,牝2,52.0,田口貫太,1:13.5,1/2,19.4,5.0,438(0),[西] 大根田裕,202310030205
14,6,11,タイバ,牡2,55.0,水口優也,1:14.4,5,138.6,15.0,498(0),[東] 浅野洋一,202310030205
15,3,5,ダイチノカムイ,牡2,55.0,藤懸貴志,1:14.4,ハナ,28.7,7.0,456(0),[西] 松永幹夫,202310030205
16,2,4,エイヨーアイビー,牝2,55.0,酒井学,1:16.9,大,85.3,12.0,448(0),[東] 天間昭一,202310030205
1,1,1,パッシングシャワー,牡2,55.0,西村淳也,1:09.1,,4.2,2.0,478(0),[西] 安田翔伍,202310030206
2,3,3,エトヴプレ,牝2,55.0,藤岡康太,1:09.3,1.1/4,8.6,5.0,462(0),[西] 藤岡健一,202310030206
3,8,11,スウィープフィート,牝2,52.0,永島まな,1:09.9,3.1/2,7.3,3.0,454(0),[西] 庄野靖志,202310030206
4,8,12,エフエイト,牡2,54.0,秋山稔樹,1:10.0,クビ,51.5,9.0,434(0),[西] 北出成人,202310030206
5,5,6,ドンアポロン,牡2,55.0,幸英明,1:10.1,3/4,7.8,4.0,440(0),[西] 西園正都,202310030206
6,6,8,ヨシノヤッタルデー,牡2,55.0,和田竜二,1:10.4,1.3/4,11.9,6.0,452(0),[西] 中竹和也,202310030206
7,5,5,イズジョーゴモリー,牝2,52.0,今村聖奈,1:10.6,1.1/4,56.4,10.0,436(0),[西] 北出成人,202310030206
8,6,7,ヒットチャート,牝2,55.0,松山弘平,1:11.3,4,20.2,7.0,466(0),[西] 安達昭夫,202310030206
9,7,10,エーアイキリシマ,牡2,55.0,城戸義政,1:12.2,5,135.0,12.0,432(0),[西] 村山明,202310030206
10,2,2,ガーデンオブエデン,牝2,55.0,国分恭介,1:12.4,1.1/2,43.9,8.0,460(0),[西] 緒方努,202310030206
11,7,9,ソルベック,牝2,52.0,西塚洸二,1:12.9,3,116.6,11.0,394(0),[西] 河内洋,202310030206
12,4,4,ロードフロンティア,牡2,55.0,坂井瑠星,1:16.9,大,2.7,1.0,458(0),[西] 松下武士,202310030206
1,6,12,カズペトシーン,牡3,56.0,坂井瑠星,1:46.0,,4.1,1.0,480(+2),[西] 池添学,202310030207
2,7,13,タイセイラヴィータ,牡3,56.0,藤懸貴志,1:46.1,1/2,43.3,10.0,544(0),[西] 田中克典,202310030207
3,1,1,メイショウランザン,牡3,56.0,太宰啓介,1:46.2,1/2,133.6,15.0,450(-4),[西] 松永幹夫,202310030207
4,5,9,サンライズプラーナ,牡3,56.0,国分恭介,1:46.3,1/2,12.6,6.0,534(0),[西] 牧浦充徳,202310030207
5,4,7,タンバッフェ,牝3,54.0,和田竜二,1:46.3,クビ,119.3,14.0,456(-4),[西] 飯田雄三,202310030207
6,2,4,レヴィアタン,牡3,56.0,酒井学,1:46.3,ハナ,4.1,2.0,492(-2),[西] 梅田智之,202310030207
7,1,2,メイショウジェンマ,牡3,56.0,幸英明,1:46.7,2.1/2,5.4,3.0,464(+10),[西] 飯田祐史,202310030207
8,8,16,シュナップス,牡3,52.0,河原田菜,1:47.3,3.1/2,13.0,7.0,518(+8),[西] 渡辺薫彦,202310030207
9,2,3,エドワーズクラウン,牡3,56.0,岩田望来,1:47.7,2.1/2,18.9,8.0,446(+2),[西] 大久保龍,202310030207
10,6,11,アズマサクラエモン,牡3,56.0,松若風馬,1:48.0,2,46.9,11.0,500(-30),[西] 加用正,202310030207
11,3,6,エスカミーリョ,セ3,56.0,団野大成,1:48.1,クビ,105.0,13.0,440(-8),[西] 音無秀孝,202310030207
12,3,5,メイショウイッシン,牡3,53.0,西塚洸二,1:48.3,1.1/2,10.7,5.0,446(+10),[西] 藤原英昭,202310030207
13,5,10,メイショウケンセイ,牡3,53.0,今村聖奈,1:48.5,1,19.7,9.0,440(+4),[西] 笹田和秀,202310030207
14,8,15,テイエムエポック,牡3,56.0,城戸義政,1:48.7,1.1/2,436.8,16.0,470(-2),[西] 鈴木孝志,202310030207
15,7,14,ドミネートシチー,牡3,55.0,泉谷楓真,1:48.8,1/2,100.8,12.0,472(+12),[西] 奥村豊,202310030207
16,4,8,ジャスティンユウジ,牡3,56.0,松山弘平,1:49.1,1.3/4,6.5,4.0,520(+4),[西] 吉岡辰弥,202310030207
1,7,9,シカゴスティング,牝2,55.0,川田将雅,1:10.3,,1.1,1.0,428(-2),[西] 庄野靖志,202310030208
2,2,2,フタバ,牝2,55.0,団野大成,1:10.8,3,9.8,3.0,398(-6),[西] 西村真幸,202310030208
3,4,4,マクッテソフィア,牝2,55.0,国分恭介,1:10.9,クビ,40.6,6.0,408(-2),[西] 川村禎彦,202310030208
4,6,7,ジョウゲンノツキ,牝2,55.0,坂井瑠星,1:11.1,1,8.8,2.0,430(-8),[西] 牧田和弥,202310030208
5,8,11,ハヤブサソンタクン,牡2,55.0,田口貫太,1:11.2,3/4,20.6,4.0,446(-6),[西] 寺島良,202310030208
6,3,3,グッドタイミング,牝2,55.0,和田竜二,1:11.4,1.1/2,21.6,5.0,462(-2),[地] 九日俊光,202310030208
7,1,1,トゥールリー,牡2,55.0,飛田愛斗,1:11.5,クビ,83.6,9.0,428(-13),[地] 北村欣也,202310030208
8,5,5,フェブソラーレ,牝2,55.0,岩田望来,1:11.6,3/4,57.6,7.0,428(0),[西] 川村禎彦,202310030208
9,8,10,フェノーウルフ,牡2,55.0,山下裕貴,1:11.8,1.1/4,139.9,10.0,434(+2),[地] 鮫島克也,202310030208
10,7,8,ヒロアプリオリ,牡2,55.0,西村淳也,1:12.6,5,71.8,8.0,422(+10),[西] 川村禎彦,202310030208
11,6,6,フライトブルー,牝2,55.0,倉富隆一,1:12.9,1.1/2,184.9,11.0,408(-7),[地] 川田孝好,202310030208
1,2,4,ルーカスミノル,牡3,55.0,荻野極,1:44.4,,5.6,2.0,520(+4),[西] 本田優,202310030209
2,1,2,ゴッドブルービー,牡3,55.0,松山弘平,1:44.4,クビ,2.2,1.0,456(-2),[西] 角田晃一,202310030209
3,5,9,タイキドミニオン,牡5,58.0,西村淳也,1:44.5,1/2,11.2,6.0,520(-6),[西] 高野友和,202310030209
4,6,11,トウシンカーリン,牝3,53.0,長岡禎仁,1:44.8,1.1/2,8.4,3.0,452(-2),[西] 杉山晴紀,202310030209
5,1,1,フォーランマリア,牝4,56.0,幸英明,1:44.9,1,33.2,9.0,408(-4),[西] 森田直行,202310030209
6,7,14,テイエムシニスター,牡4,58.0,高倉稜,1:45.4,2.1/2,10.9,5.0,490(-8),[西] 木原一良,202310030209
7,4,7,カズロレアート,牡5,58.0,斎藤新,1:45.4,クビ,47.2,11.0,490(+6),[西] 安田隆行,202310030209
8,3,6,シュルレアリスト,牡5,58.0,和田竜二,1:45.5,3/4,23.8,8.0,446(0),[西] 中村直也,202310030209
9,6,12,メイショウハナモモ,牝5,56.0,角田大河,1:45.6,1/2,9.0,4.0,474(+2),[西] 松永昌博,202310030209
10,8,16,コパノオースティン,セ4,58.0,松若風馬,1:45.6,クビ,44.7,10.0,494(+2),[西] 村山明,202310030209
11,2,3,エルザストラウム,牝4,56.0,藤岡康太,1:45.7,クビ,13.1,7.0,460(+6),[西] 武幸四郎,202310030209
12,8,15,ワールドハート,牡4,58.0,加藤祥太,1:45.9,1.1/4,199.8,15.0,446(0),[西] 杉山佳明,202310030209
13,3,5,シューラヴァラ,牡5,58.0,中井裕二,1:46.0,1/2,154.2,13.0,470(+10),[西] 川村禎彦,202310030209
14,4,8,ウインジョイフル,牡6,58.0,秋山稔樹,1:46.3,1.3/4,164.3,14.0,502(+2),[東] 鈴木慎太,202310030209
15,7,13,ニホンピロマドン,牡8,58.0,小牧太,1:46.3,クビ,363.8,16.0,514(-16),[西] 大橋勇樹,202310030209
16,5,10,ミステリーボックス,セ4,58.0,岩田望来,1:46.8,3,64.1,12.0,490(-6),[西] 羽月友彦,202310030209
1,6,9,ダンテスヴュー,牡4,57.0,坂井瑠星,1:46.7,,26.0,7.0,470(-4),[西] 友道康夫,202310030210
2,4,5,ウインリブルマン,牡5,56.0,松若風馬,1:47.0,1.3/4,9.5,4.0,512(+6),[西] 飯田雄三,202310030210
3,8,12,タガノパッション,牝5,55.0,秋山真一,1:47.0,ハナ,15.2,5.0,476(-2),[西] 武幸四郎,202310030210
4,6,8,オールザワールド,牡6,55.0,角田大河,1:47.1,1/2,124.0,13.0,476(+8),[西] 中竹和也,202310030210
5,2,2,ハートオブアシティ,牡5,55.0,岩田望来,1:47.2,1/2,37.1,11.0,434(+4),[西] 森田直行,202310030210
6,5,7,アサケレディ,牝5,54.0,田口貫太,1:47.2,アタマ,33.1,10.0,494(0),[西] 大橋勇樹,202310030210
7,7,10,ブラックシールド,牡4,56.0,藤岡康太,1:47.2,ハナ,15.4,6.0,460(+8),[西] 武幸四郎,202310030210
8,3,3,イリマ,牝5,53.0,和田竜二,1:47.4,1.1/4,26.6,8.0,454(-4),[西] 高橋亮,202310030210
9,5,6,チャンスザローゼス,牡3,55.0,川田将雅,1:47.5,1,1.7,1.0,492(+14),[西] 中内田充,202310030210
10,7,11,ハーランズハーツ,牡6,55.0,団野大成,1:47.6,クビ,32.6,9.0,438(-2),[西] 橋口慎介,202310030210
11,1,1,エターナルヴィテス,牡7,52.0,酒井学,1:47.6,ハナ,64.9,12.0,480(+8),[東] 松山将樹,202310030210
12,8,13,セントカメリア,牝4,54.0,西村淳也,1:48.2,3.1/2,6.7,2.0,464(+12),[西] 高野友和,202310030210
13,4,4,トウシンモンブラン,牝5,54.0,松山弘平,1:48.4,1,9.1,3.0,492(-8),[西] 杉山晴紀,202310030210
1,2,3,エヒト,牡6,58.0,川田将雅,1:57.8,,6.8,3.0,472(+2),[西] 森秀行,202310030211
2,1,2,テーオーシリウス,牡5,55.0,西村淳也,1:58.2,2.1/2,10.5,5.0,470(-12),[西] 奥村豊,202310030211
3,4,7,ゴールドエクリプス,牝4,51.0,角田大河,1:58.4,1,4.5,2.0,496(+8),[西] 大久保龍,202310030211
4,2,4,マリアエレーナ,牝5,56.5,松山弘平,1:58.4,クビ,2.7,1.0,428(-2),[西] 吉田直弘,202310030211
5,1,1,カレンルシェルブル,牡5,57.0,斎藤新,1:58.5,クビ,20.4,7.0,512(+2),[西] 安田翔伍,202310030211
6,5,10,ククナ,牝5,54.0,岩田望来,1:58.9,2.1/2,7.5,4.0,460(0),[東] 栗田徹,202310030211
7,8,15,レヴェッツァ,セ5,53.0,酒井学,1:59.0,1/2,57.4,12.0,476(+6),[西] 斉藤崇史,202310030211
8,5,9,スタッドリー,牡5,56.0,坂井瑠星,1:59.2,1,33.2,10.0,518(0),[西] 奥村豊,202310030211
9,4,8,エニシノウタ,牝5,50.0,永島まな,1:59.3,1/2,18.6,6.0,454(+2),[西] 笹田和秀,202310030211
10,3,5,モズナガレボシ,牡6,55.0,小野寺祐,1:59.4,3/4,118.4,14.0,506(-4),[西] 荒川義之,202310030211
11,3,6,カテドラル,牡7,58.5,団野大成,1:59.5,1/2,21.7,8.0,488(-6),[西] 池添学,202310030211
12,7,13,アップデート,牡4,53.0,松若風馬,1:59.6,1/2,34.3,11.0,504(-4),[西] 杉山晴紀,202310030211
13,6,12,ザイツィンガー,牡7,54.0,国分恭介,1:59.7,3/4,134.3,15.0,428(-8),[西] 牧田和弥,202310030211
14,7,14,ヴァンケドミンゴ,牡7,56.0,藤岡康太,1:59.8,クビ,252.8,16.0,468(0),[西] 藤岡健一,202310030211
15,6,11,ワンダフルタウン,牡5,58.0,和田竜二,2:00.5,4,24.6,9.0,472(+4),[西] 高橋義忠,202310030211
16,8,16,スカーフェイス,牡7,57.0,幸英明,2:01.3,5,92.2,13.0,462(+4),[西] 中竹和也,202310030211
1,2,2,ダノンセシボン,牝3,54.0,岩田望来,0:58.0,,4.2,1.0,504(+10),[西] 千田輝彦,202310030212
2,3,3,タイキエクセロン,牡4,58.0,国分恭介,0:58.5,3,24.9,10.0,506(+4),[西] 西園翔太,202310030212
3,1,1,ヤマイチエスポ,牝4,53.0,田口貫太,0:58.6,3/4,90.2,12.0,474(+4),[西] 中尾秀正,202310030212
4,4,5,シンゼンシャイン,牡5,55.0,川端海翼,0:58.6,クビ,64.2,11.0,506(+10),[西] 飯田祐史,202310030212
5,7,11,アネモス,牝3,53.0,秋山稔樹,0:58.6,ハナ,9.2,5.0,496(+4),[西] 北出成人,202310030212
6,8,13,ザモウコダマシイ,牝5,56.0,藤懸貴志,0:58.7,クビ,151.0,14.0,456(+10),[西] 坂口智康,202310030212
7,5,7,グランファラオ,牡3,56.0,坂井瑠星,0:58.7,クビ,10.8,7.0,500(+18),[西] 高橋義忠,202310030212
8,5,8,ゴーウィズフェイス,牝4,53.0,永島まな,0:58.8,1/2,5.5,3.0,482(+10),[西] 長谷川浩,202310030212
9,3,4,ピンクムーン,牝4,52.0,河原田菜,0:58.9,1/2,10.2,6.0,446(+12),[西] 渡辺薫彦,202310030212
10,4,6,グレアミラージュ,牡6,58.0,小牧太,0:59.1,1,106.9,13.0,468(+8),[西] 笹田和秀,202310030212
11,6,10,ジャスパーロイヤル,牡3,56.0,松若風馬,0:59.2,1/2,5.1,2.0,474(-2),[西] 森秀行,202310030212
12,6,9,ルクスレガート,牝4,56.0,幸英明,0:59.4,1.1/2,15.4,8.0,444(-4),[西] 松永昌博,202310030212
13,7,12,アドバンスファラオ,牡3,56.0,松山弘平,1:00.1,4,18.9,9.0,480(-8),[西] 森秀行,202310030212
14,8,14,エリカグロリア,牝3,54.0,西村淳也,1:00.2,クビ,7.1,4.0,490(+8),[西] 安田翔伍,202310030212
1,8,16,ユメカナウケン,牝2,54.0,角田大河,1:09.6,,7.4,4.0,414(-2),[西] 谷潔,202310030301
2,8,17,テイエムシマジン,牡2,55.0,和田竜二,1:10.4,5,3.5,2.0,478(+4),[西] 鈴木孝志,202310030301
3,1,2,ヒマワリクン,牡2,55.0,国分優作,1:10.5,1/2,61.7,8.0,442(0),[西] 緒方努,202310030301
4,7,15,ブリッツクリーク,牡2,55.0,幸英明,1:10.6,クビ,17.6,7.0,484(-4),[西] 北出成人,202310030301
5,5,9,ウエルカムキリシマ,牝2,55.0,松山弘平,1:10.7,1/2,3.0,1.0,450(0),[西] 笹田和秀,202310030301
6,7,13,アツヒメ,牝2,55.0,国分恭介,1:10.7,クビ,108.9,9.0,430(0),[東] 鈴木慎太,202310030301
7,8,18,ポンズ,牝2,52.0,川端海翼,1:11.0,1.1/2,255.9,13.0,436(-2),[西] 大根田裕,202310030301
8,7,14,コウユーカメサンヨ,牡2,55.0,団野大成,1:11.1,1/2,12.7,5.0,488(-6),[西] 斉藤崇史,202310030301
9,3,6,キリシマジョイナー,牝2,55.0,城戸義政,1:11.2,3/4,299.5,14.0,470(+2),[東] 石毛善彦,202310030301
10,4,8,タイセイマロン,牝2,52.0,今村聖奈,1:11.4,1,12.9,6.0,458(0),[西] 牧浦充徳,202310030301
11,4,7,コウジョウノツキ,牝2,52.0,永島まな,1:11.9,3,142.1,11.0,436(+2),[西] 中村直也,202310030301
12,2,4,タイバ,牡2,55.0,水口優也,1:12.0,3/4,417.1,17.0,500(+2),[東] 浅野洋一,202310030301
13,1,1,カシノマーメイド,牝2,51.0,河原田菜,1:12.0,ハナ,5.8,3.0,484(0),[西] 谷潔,202310030301
14,5,10,カシノディーバ,牝2,55.0,川須栄彦,1:12.1,3/4,244.2,12.0,456(0),[東] 和田雄二,202310030301
15,6,12,アベベ,牡2,52.0,西塚洸二,1:12.2,クビ,373.8,16.0,436(-4),[東] 根本康広,202310030301
16,6,11,トンコツラーメン,牡2,52.0,田口貫太,1:12.2,クビ,134.3,10.0,452(+12),[西] 牧田和弥,202310030301
17,3,5,カシノポノ,牝2,54.0,秋山稔樹,1:12.5,2,424.0,18.0,418(0),[東] 蛯名利弘,202310030301
中,2,3,カシノフロイデ,牝2,55.0,森裕太朗,,,353.3,15.0,422(+4),[西] 藤沢則雄,202310030301
1,2,3,オーバーザドリーム,牡3,56.0,坂井瑠星,1:45.8,,4.1,3.0,468(+2),[西] 清水久詞,202310030302
2,1,2,メイショウホウセン,牡3,55.0,角田大河,1:45.9,クビ,3.1,1.0,496(0),[西] 千田輝彦,202310030302
3,6,12,アルファゼウス,牡3,52.0,河原田菜,1:46.4,3,8.6,4.0,458(-6),[西] 松永昌博,202310030302
4,2,4,ヘヴンズタイム,牡3,53.0,田口貫太,1:46.4,クビ,15.8,5.0,484(+10),[西] 北出成人,202310030302
5,1,1,ヴォランテ,牡3,53.0,川端海翼,1:46.7,1.1/2,63.1,11.0,448(-6),[西] 羽月友彦,202310030302
6,7,14,サウンドシエル,牝3,54.0,松若風馬,1:46.8,3/4,75.9,13.0,464(-8),[西] 安達昭夫,202310030302
7,3,6,セルリアンミナギル,牡3,56.0,酒井学,1:46.9,クビ,40.9,9.0,486(-2),[西] 谷潔,202310030302
8,4,7,エイカイビクター,セ3,56.0,国分優作,1:47.7,5,98.2,14.0,448(+8),[西] 坂口智康,202310030302
9,5,10,レオマニフィク,牡3,56.0,岩田望来,1:48.0,2,4.1,2.0,466(-4),[西] 高柳大輔,202310030302
10,7,13,ダノンクロム,牡3,56.0,幸英明,1:48.4,2.1/2,17.9,7.0,506(+12),[西] 音無秀孝,202310030302
11,8,16,アルティメットサガ,牡3,56.0,川須栄彦,1:48.6,1,149.6,15.0,444(0),[西] 羽月友彦,202310030302
12,6,11,ツァウバークライス,牝3,51.0,永島まな,1:49.1,3,73.9,12.0,440(-6),[西] 高橋亮,202310030302
13,8,15,エペ,牡3,56.0,松山弘平,1:49.3,3/4,23.4,8.0,512(+10),[西] 清水久詞,202310030302
14,5,9,マコトベルゲルミル,牡3,53.0,西塚洸二,1:51.9,大,16.9,6.0,510(0),[西] 吉岡辰弥,202310030302
15,4,8,グランドグラン,牡3,56.0,城戸義政,1:53.7,大,269.8,16.0,510(+8),[西] 鈴木孝志,202310030302
16,3,5,ヴァリアントゴッド,牡3,53.0,今村聖奈,1:56.7,大,41.4,10.0,512(0),[西] 松永幹夫,202310030302
1,3,6,テンクウハット,牝3,54.0,太宰啓介,1:48.0,,9.8,5.0,458(-6),[西] 渡辺薫彦,202310030303
2,4,8,タイセイフェリーク,牝3,54.0,松若風馬,1:48.1,クビ,3.4,1.0,416(-6),[西] 田中克典,202310030303
3,6,12,メレク,牡3,56.0,団野大成,1:48.2,1/2,6.8,3.0,534(-8),[西] 斉藤崇史,202310030303
4,5,9,ロジウムエポック,牡3,53.0,今村聖奈,1:48.2,ハナ,61.6,13.0,474(-2),[西] 四位洋文,202310030303
5,2,3,ウォーターフルール,牝3,54.0,酒井学,1:48.3,1/2,33.4,12.0,440(-2),[西] 石橋守,202310030303
6,1,2,ミカヅキ,牝3,51.0,田口貫太,1:48.3,ハナ,17.7,8.0,466(-10),[西] 四位洋文,202310030303
7,1,1,ワンダーグラン,牡3,55.0,角田大河,1:48.6,1.3/4,186.9,14.0,464(0),[西] 吉村圭司,202310030303
8,4,7,ウインフランシーズ,牝3,51.0,永島まな,1:48.6,ハナ,10.7,7.0,460(+2),[西] 飯田雄三,202310030303
9,8,16,メイショウタクボク,牡3,56.0,和田竜二,1:48.6,ハナ,24.2,9.0,462(-2),[西] 高橋亮,202310030303
10,2,4,シテ,牡3,56.0,Ｍ．デム,1:48.6,ハナ,26.3,11.0,468(0),[西] 石坂公一,202310030303
11,3,5,キスオンザビーチ,牝3,54.0,松山弘平,1:49.2,3.1/2,5.5,2.0,462(0),[西] 中村直也,202310030303
12,5,10,ワカタツフェイス,牝3,54.0,荻野極,1:49.2,クビ,25.1,10.0,442(-8),[西] 森田直行,202310030303
13,8,15,ルージュアウラ,牝3,54.0,坂井瑠星,1:49.6,2,9.5,4.0,430(-8),[西] 西村真幸,202310030303
14,6,11,ルージュエクセル,牝3,54.0,中井裕二,1:50.4,5,243.1,16.0,420(-2),[西] 安田隆行,202310030303
15,7,14,アルベルト,牡3,56.0,藤岡康太,1:52.6,大,233.9,15.0,446(-10),[西] 杉山佳明,202310030303
16,7,13,ジュンフカリ,牡3,56.0,岩田望来,1:53.3,4,9.8,6.0,438(-2),[西] 友道康夫,202310030303
1,4,8,プロスペリダード,牝3,54.0,岩田望来,1:07.5,,1.7,1.0,440(-6),[西] 西園翔太,202310030304
2,7,14,ゴレアドール,牝3,51.0,永島まな,1:07.6,3/4,4.0,2.0,406(+2),[西] 大久保龍,202310030304
3,1,1,ジャパンノウレッジ,牝3,54.0,藤懸貴志,1:07.8,1.1/2,38.9,7.0,446(-8),[西] 寺島良,202310030304
4,5,9,インクルードダイヤ,牝3,54.0,幸英明,1:07.9,1/2,12.4,4.0,452(0),[西] 武英智,202310030304
5,7,15,ラホーヤストーム,牝3,50.0,河原田菜,1:08.0,3/4,79.6,10.0,456(-4),[西] 松永昌博,202310030304
6,5,10,フェネストラ,牝3,53.0,秋山稔樹,1:08.1,3/4,31.2,6.0,414(+2),[西] 清水久詞,202310030304
7,8,17,メリーコッカー,牝3,54.0,酒井学,1:08.3,1.1/4,124.1,13.0,430(+12),[西] 千田輝彦,202310030304
8,6,11,オータムクイーン,牝3,54.0,団野大成,1:08.3,ハナ,21.4,5.0,456(+2),[西] 鮫島一歩,202310030304
9,3,6,ユレマー,牝3,54.0,Ｍ．デム,1:08.4,クビ,54.0,8.0,422(+8),[西] 石坂公一,202310030304
10,8,16,ダンツクリスタル,牝3,53.0,角田大河,1:08.6,1.1/2,6.4,3.0,426(-4),[西] 本田優,202310030304
11,6,12,エイカ,牝3,54.0,高倉稜,1:09.0,2,84.5,12.0,452(+2),[西] 渡辺薫彦,202310030304
12,4,7,ジャストザヴァルス,牝3,51.0,西塚洸二,1:09.0,ハナ,316.8,18.0,418(+8),[西] 牧浦充徳,202310030304
13,2,3,アスターフラッペ,牝3,54.0,藤岡康太,1:09.5,3,82.6,11.0,434(0),[西] 杉山佳明,202310030304
14,7,13,スリーガーニッシュ,牝3,53.0,泉谷楓真,1:09.7,1.1/4,170.5,15.0,472(-12),[西] 吉村圭司,202310030304
15,1,2,リーチエミネンス,牝3,54.0,松若風馬,1:09.9,1.1/2,72.8,9.0,440(+12),[西] 杉山晴紀,202310030304
16,8,18,テスティファイ,牝3,54.0,国分恭介,1:10.4,3,288.1,17.0,470(-4),[西] 野中賢二,202310030304
17,2,4,ヴゼットマシェリ,牝3,51.0,田口貫太,1:10.5,3/4,159.0,14.0,434(+14),[西] 牧浦充徳,202310030304
18,3,5,メイショウカミノコ,牝3,54.0,和田竜二,1:12.7,大,180.7,16.0,470(-2),[西] 飯田祐史,202310030304
1,6,8,シークレットキー,牡2,55.0,松山弘平,1:10.3,,3.1,2.0,494(0),[西] 杉山晴紀,202310030305
2,7,11,マニーブルース,牡2,55.0,団野大成,1:10.5,3/4,19.1,6.0,446(0),[東] 小手川準,202310030305
3,4,5,ホウショウディーバ,牝2,55.0,幸英明,1:10.7,1.1/2,20.2,7.0,426(0),[西] 河内洋,202310030305
4,7,10,セブンスリーローズ,牝2,55.0,秋山真一,1:10.7,クビ,16.5,4.0,424(0),[西] 飯田祐史,202310030305
5,5,7,フーコサンライズ,牝2,55.0,坂井瑠星,1:10.8,3/4,2.8,1.0,504(0),[西] 新谷功一,202310030305
6,5,6,ワンダーセイレーン,牝2,55.0,和田竜二,1:11.0,1.1/4,16.5,5.0,470(0),[西] 今野貞一,202310030305
7,4,4,シャイニングローズ,牝2,52.0,田口貫太,1:11.0,アタマ,73.8,11.0,450(0),[西] 大橋勇樹,202310030305
8,8,12,バガリーロータス,牝2,55.0,藤懸貴志,1:11.1,クビ,30.3,8.0,458(0),[西] 石坂公一,202310030305
9,1,1,タプファーアイ,牡2,55.0,岩田望来,1:11.2,1/2,5.4,3.0,460(0),[西] 四位洋文,202310030305
10,8,13,クリノブルームーン,牡2,55.0,国分恭介,1:11.2,クビ,46.3,10.0,478(0),[西] 川村禎彦,202310030305
11,2,2,ベント,牡2,55.0,Ｍ．デム,1:11.4,1.1/4,30.4,9.0,434(0),[西] 小崎憲,202310030305
12,6,9,ウルフキング,牡2,52.0,西塚洸二,1:11.5,3/4,166.0,13.0,428(0),[西] 加用正,202310030305
13,3,3,タガノディミトラ,牝2,51.0,河原田菜,1:11.6,1/2,108.0,12.0,424(0),[西] 加用正,202310030305
1,6,11,コパノアントニオ,牡2,52.0,永島まな,1:48.2,,35.8,9.0,460(0),[西] 梅田智之,202310030306
2,6,12,ジャスパーロブスト,牡2,55.0,松若風馬,1:48.2,ハナ,12.8,5.0,500(0),[西] 森秀行,202310030306
3,8,16,アンデスビエント,牝2,55.0,酒井学,1:48.5,2,2.6,1.0,464(0),[西] 西園正都,202310030306
4,2,4,ハリウッドパーク,牝2,55.0,松山弘平,1:48.9,2.1/2,7.9,3.0,492(0),[西] 長谷川浩,202310030306
5,5,9,テトラード,牡2,55.0,団野大成,1:49.2,1.3/4,46.8,10.0,446(0),[西] 坂口智康,202310030306
6,1,1,ナムライリス,牝2,55.0,Ｍ．デム,1:49.5,1.3/4,13.0,6.0,426(0),[西] 中竹和也,202310030306
7,8,15,ファインプリンセス,牝2,55.0,岩田望来,1:49.6,1/2,4.2,2.0,500(0),[西] 昆貢,202310030306
8,4,8,クリノフロンティア,牡2,52.0,田口貫太,1:49.8,1.1/2,74.0,12.0,410(0),[西] 松永昌博,202310030306
9,7,13,ハクアイレオ,牡2,55.0,荻野極,1:50.1,1.1/2,146.9,14.0,454(0),[西] 今野貞一,202310030306
10,1,2,シリウス,牡2,55.0,和田竜二,1:50.2,1/2,12.4,4.0,438(0),[西] 石坂公一,202310030306
11,4,7,ルクスソレイユ,牡2,52.0,西塚洸二,1:50.3,3/4,48.9,11.0,460(0),[西] 大久保龍,202310030306
12,5,10,ブリザードベアー,牡2,55.0,水口優也,1:51.3,6,191.9,16.0,474(0),[西] 川村禎彦,202310030306
13,3,6,サンプルメリア,牝2,54.0,泉谷楓真,1:51.9,3.1/2,33.1,8.0,474(0),[西] 角田晃一,202310030306
14,3,5,ショウブウン,牡2,55.0,藤岡康太,1:53.9,大,13.6,7.0,502(0),[西] 小林真也,202310030306
15,2,3,ダイシンサンディー,牝2,55.0,国分恭介,1:53.9,アタマ,101.4,13.0,478(0),[西] 梅田智之,202310030306
16,7,14,ヤマカツピーチ,牝2,51.0,河原田菜,1:54.1,1,152.1,15.0,446(0),[西] 谷潔,202310030306
1,1,2,タガノトラリア,牝3,54.0,団野大成,2:00.6,,5.0,2.0,464(+8),[西] 斉藤崇史,202310030307
2,3,5,シュハリ,牡3,56.0,和田竜二,2:00.7,1/2,12.2,6.0,422(-2),[西] 鈴木孝志,202310030307
3,2,3,コパノサントス,牡3,56.0,幸英明,2:00.9,1.1/4,2.7,1.0,448(-12),[西] 梅田智之,202310030307
4,4,8,イーヴイ,牡3,56.0,川須栄彦,2:00.9,クビ,42.5,11.0,442(+4),[西] 鮫島一歩,202310030307
5,7,13,エルモサミオ,牝3,54.0,Ｍ．デム,2:01.5,3.1/2,5.4,3.0,494(+20),[西] 安田翔伍,202310030307
6,6,11,アウローラシエル,牡3,55.0,角田大河,2:01.7,1,20.1,8.0,488(-6),[西] 森田直行,202310030307
7,5,10,クリスタルダムール,牝3,54.0,荻野極,2:01.9,1.1/2,164.3,14.0,444(+2),[西] 森田直行,202310030307
8,6,12,ティータイム,牝3,54.0,酒井学,2:02.0,3/4,19.2,7.0,450(+4),[西] 長谷川浩,202310030307
9,4,7,フェゲフォイア,牡3,56.0,秋山真一,2:02.1,クビ,26.1,9.0,450(+2),[西] 岡田稲男,202310030307
10,2,4,ユメヲカケル,牡3,53.0,田口貫太,2:02.7,3.1/2,244.4,16.0,458(-8),[西] 音無秀孝,202310030307
11,8,16,シゲルテイオウ,牡3,52.0,河原田菜,2:02.8,クビ,48.4,12.0,420(-8),[西] 渡辺薫彦,202310030307
12,3,6,ホウショウルキナ,牝3,54.0,岩田望来,2:03.4,3.1/2,12.1,5.0,472(-8),[西] 河内洋,202310030307
13,5,9,ハギノカノア,牡3,56.0,松若風馬,2:03.6,1.1/4,9.9,4.0,492(0),[西] 鮫島一歩,202310030307
14,8,18,アーリーショベル,牡3,53.0,今村聖奈,2:03.7,1/2,138.2,13.0,468(+8),[西] 緒方努,202310030307
15,8,17,ブランラパン,セ3,53.0,西塚洸二,2:04.2,3.1/2,218.8,15.0,430(-2),[西] 大久保龍,202310030307
16,7,14,ダノンプレジャー,牡3,56.0,中井裕二,2:05.0,5,375.6,18.0,484(+4),[西] 安田隆行,202310030307
17,1,1,ロブロイズハート,牡3,56.0,藤岡康太,2:05.3,2,266.8,17.0,438(+2),[西] 鮫島一歩,202310030307
18,7,15,メイショウオウカ,牝3,51.0,永島まな,2:05.7,2.1/2,40.2,10.0,442(-1),[西] 岡田稲男,202310030307
1,6,11,ニホンピロキーフ,牡3,52.0,田口貫太,1:46.9,,6.1,3.0,466(-8),[西] 大橋勇樹,202310030308
2,1,2,ビヨンドザヴァレー,牝3,53.0,松山弘平,1:47.2,1.3/4,4.0,2.0,450(0),[西] 橋口慎介,202310030308
3,3,5,シランケド,牝3,53.0,国分恭介,1:47.5,2,20.4,6.0,500(0),[西] 牧浦充徳,202310030308
4,7,14,フェイト,牡3,55.0,坂井瑠星,1:47.5,ハナ,2.4,1.0,486(-8),[西] 矢作芳人,202310030308
5,2,3,キャリーハピネス,牡3,55.0,岩田望来,1:47.6,1/2,13.2,5.0,480(0),[西] 清水久詞,202310030308
6,1,1,ドリアード,牝5,53.0,永島まな,1:47.6,クビ,29.8,9.0,466(-2),[西] 佐々木晶,202310030308
7,4,8,ミントマーク,牡3,55.0,幸英明,1:47.7,クビ,24.5,8.0,478(+10),[西] 池添学,202310030308
8,7,13,ニホンピロマリブ,牡5,58.0,高倉稜,1:47.7,クビ,230.5,15.0,460(+6),[西] 大橋勇樹,202310030308
9,6,12,ダズリングブレイヴ,牡3,55.0,団野大成,1:47.8,クビ,9.2,4.0,494(+4),[西] 斉藤崇史,202310030308
10,3,6,ロードラプソディ,牡4,58.0,川須栄彦,1:47.9,3/4,172.1,13.0,482(-8),[西] 松下武士,202310030308
11,5,9,ブルーウィン,牝3,50.0,今村聖奈,1:47.9,アタマ,22.3,7.0,446(+2),[西] 清水久詞,202310030308
12,8,15,シャウラ,牝3,53.0,Ｍ．デム,1:48.1,1,53.0,11.0,458(+10),[西] 高橋義忠,202310030308
13,4,7,クワイエット,牝7,52.0,河原田菜,1:48.1,クビ,525.2,16.0,460(+8),[西] 大橋勇樹,202310030308
14,5,10,タガノミア,牝4,55.0,角田大河,1:48.8,4,40.7,10.0,462(+4),[西] 河内洋,202310030308
15,2,4,アランヴェリテ,セ4,55.0,西塚洸二,1:49.1,2,174.7,14.0,470(-24),[西] 中竹和也,202310030308
16,8,16,リゴレット,牝4,56.0,藤岡康太,1:49.4,2,71.9,12.0,430(-16),[西] 羽月友彦,202310030308
1,6,9,ロックユアハート,牝4,56.0,坂井瑠星,0:57.2,,2.9,1.0,456(-14),[西] 矢作芳人,202310030309
2,4,5,ミラクル,牝5,56.0,和田竜二,0:57.8,3.1/2,51.6,13.0,460(-6),[西] 加用正,202310030309
3,3,3,スカーレットジンク,牡5,58.0,秋山稔樹,0:57.9,1/2,15.4,7.0,470(0),[西] 宮徹,202310030309
4,2,2,オカリナ,牡6,58.0,太宰啓介,0:58.0,3/4,27.3,10.0,524(-10),[西] 宮徹,202310030309
5,1,1,コウバコ,牝5,56.0,藤懸貴志,0:58.1,3/4,15.0,6.0,478(-8),[西] 北出成人,202310030309
6,5,8,テンクウフラワー,牝4,56.0,河原田菜,0:58.5,2,37.4,12.0,438(+20),[西] 渡辺薫彦,202310030309
7,5,7,リンドラゴ,牡4,58.0,Ｍ．デム,0:58.5,クビ,12.5,5.0,488(+4),[西] 杉山佳明,202310030309
8,6,10,ワセダタンク,牡4,58.0,松山弘平,0:58.6,3/4,4.3,2.0,510(+2),[西] 橋口慎介,202310030309
9,7,11,サエールフェイス,牝4,56.0,団野大成,0:58.7,1/2,6.4,3.0,478(0),[西] 石橋守,202310030309
10,7,12,オースミメッシーナ,牝4,56.0,今村聖奈,0:58.8,1/2,20.2,9.0,446(-2),[西] 宮本博,202310030309
11,4,6,デアリングウーマン,牝5,56.0,角田大河,0:58.9,1/2,29.4,11.0,448(0),[西] 角田晃一,202310030309
12,3,4,エバーサニーハート,牡5,58.0,松若風馬,0:58.9,アタマ,105.4,14.0,496(-8),[東] 小手川準,202310030309
13,8,14,イプノーズ,牝4,56.0,岩田望来,0:59.8,5,16.3,8.0,454(+6),[西] 大久保龍,202310030309
14,8,13,ハギノオーロ,牝6,56.0,田口貫太,1:00.5,4,11.9,4.0,524(+8),[西] 高野友和,202310030309
1,5,5,コンクシェル,牝3,53.0,坂井瑠星,1:46.6,,1.3,1.0,462(0),[西] 清水久詞,202310030310
2,4,4,ジュンブルースカイ,牡5,58.0,藤岡康太,1:47.5,5,7.8,3.0,448(-10),[西] 友道康夫,202310030310
3,6,6,エヴィダンシア,牡4,58.0,松山弘平,1:47.9,2.1/2,7.9,4.0,488(+2),[西] 藤原英昭,202310030310
4,8,10,トーホウバロン,牡5,58.0,藤懸貴志,1:48.0,クビ,22.7,5.0,490(-4),[西] 石坂公一,202310030310
5,1,1,レヴォリオ,牡5,58.0,和田竜二,1:48.3,2,62.1,9.0,484(-2),[東] 伊坂重信,202310030310
6,2,2,スカパラダイス,牡3,55.0,岩田望来,1:48.6,1.1/2,50.7,7.0,448(-4),[西] 寺島良,202310030310
7,8,9,シーリアスラブ,牡7,58.0,泉谷楓真,1:48.7,3/4,176.0,10.0,450(-6),[西] 杉山佳明,202310030310
8,3,3,アサケエース,牡6,58.0,田口貫太,1:48.8,クビ,31.5,6.0,436(+2),[西] 大橋勇樹,202310030310
9,7,7,サンデージャック,牡5,58.0,水口優也,1:49.3,3.1/2,51.6,8.0,468(-8),[西] 宮本博,202310030310
10,7,8,ロンズデーライト,牡5,58.0,Ｍ．デム,1:49.4,クビ,7.3,2.0,512(-4),[西] 池添学,202310030310
1,7,9,メイショウゲンセン,牝6,56.0,藤岡康太,1:07.1,,3.7,1.0,430(-22),[西] 武幸四郎,202310030311
2,8,11,ヒルノローザンヌ,牝4,56.0,松山弘平,1:07.3,1.1/4,16.2,7.0,478(+8),[西] 西村真幸,202310030311
3,1,1,ブレスレスリー,牝4,56.0,Ｍ．デム,1:07.4,1,10.8,6.0,476(+18),[西] 藤岡健一,202310030311
4,2,2,オタルエバー,牡4,58.0,幸英明,1:07.6,1.1/2,3.7,2.0,494(+2),[西] 中竹和也,202310030311
5,6,7,トーホウディアス,牡5,58.0,秋山真一,1:07.6,ハナ,17.9,8.0,458(+4),[西] 小栗実,202310030311
6,7,8,グランレイ,牡6,58.0,藤懸貴志,1:07.7,アタマ,8.5,5.0,472(-12),[西] 池添学,202310030311
7,5,5,タツリュウオー,牝5,56.0,松若風馬,1:07.7,アタマ,91.9,11.0,456(0),[西] 加用正,202310030311
8,6,6,セリシア,牝5,56.0,岩田望来,1:07.7,クビ,7.3,4.0,470(-6),[西] 中竹和也,202310030311
9,3,3,ペプチドヤマト,牡4,58.0,坂井瑠星,1:08.0,1.1/2,5.5,3.0,484(-2),[西] 武英智,202310030311
10,8,10,メイショウツツジ,牝5,56.0,角田大河,1:08.0,クビ,62.3,10.0,432(-6),[西] 木原一良,202310030311
11,4,4,シゲルカチョウ,牝5,56.0,永島まな,1:08.0,アタマ,20.5,9.0,494(-6),[西] 高橋康之,202310030311
1,8,15,タイセイウォリアー,牡3,52.0,田口貫太,1:45.3,,16.0,8.0,484(+2),[西] 大橋勇樹,202310030312
2,4,7,シンリミテス,牡4,55.0,西塚洸二,1:45.4,1/2,7.9,4.0,492(-8),[西] 大根田裕,202310030312
3,7,13,ダイヤグラフ,牡3,55.0,松若風馬,1:45.6,1.1/4,14.6,7.0,478(-2),[西] 角田晃一,202310030312
4,5,10,テレパシー,牝3,53.0,和田竜二,1:45.7,3/4,17.2,9.0,508(+8),[西] 石坂公一,202310030312
5,5,9,グランデスフィーダ,牡3,55.0,松山弘平,1:46.3,3.1/2,3.5,1.0,522(-2),[西] 池江泰寿,202310030312
6,1,2,ブライトホルン,牡4,54.0,河原田菜,1:46.3,アタマ,6.1,2.0,488(+8),[西] 渡辺薫彦,202310030312
7,2,4,ハクアイアテナ,牝3,50.0,今村聖奈,1:46.4,クビ,8.0,5.0,432(+8),[西] 今野貞一,202310030312
8,6,12,カラーインデックス,牝4,56.0,荻野極,1:46.8,2.1/2,7.0,3.0,518(+12),[西] 長谷川浩,202310030312
9,7,14,ジョイフルダンサー,牝5,55.0,秋山稔樹,1:46.8,アタマ,77.9,13.0,462(+12),[西] 北出成人,202310030312
10,4,8,フリーウィーリング,牡3,55.0,岩田望来,1:46.8,アタマ,20.5,11.0,542(+4),[西] 中内田充,202310030312
11,3,6,タマモエース,牡4,57.0,角田大河,1:46.9,クビ,54.6,12.0,480(+2),[西] 川村禎彦,202310030312
12,6,11,レガーミ,牝4,56.0,酒井学,1:47.1,1.1/4,109.6,14.0,500(-12),[西] 木原一良,202310030312
13,1,1,ウラエウス,セ5,58.0,藤岡康太,1:47.1,アタマ,298.9,15.0,444(-8),[西] 中村直也,202310030312
14,3,5,ジャカランダ,牡4,58.0,太宰啓介,1:47.2,1/2,415.8,16.0,572(-12),[西] 河内洋,202310030312
15,2,3,タマモエイトビート,牡4,58.0,坂井瑠星,1:47.3,クビ,12.7,6.0,496(-20),[西] 武英智,202310030312
16,8,16,ツウカイノキズナ,牡3,55.0,幸英明,1:47.5,1.1/4,18.4,10.0,488(-6),[西] 千田輝彦,202310030312
1,7,9,ロックユー,セ5,60.0,西谷誠,3:08.3,,4.3,2.0,446(-8),[西] 中内田充,202310030401
2,6,7,コバルトブルー,牡7,59.0,小牧加矢,3:10.7,大,1.7,1.0,474(-6),[西] 池江泰寿,202310030401
3,1,1,トーセンオリジン,牡6,60.0,上野翔,3:12.3,10,7.5,3.0,458(0),[東] 和田雄二,202310030401
4,7,10,スズカデレヤ,牡6,60.0,中村将之,3:12.7,2.1/2,13.5,5.0,514(-2),[西] 大橋勇樹,202310030401
5,5,5,タイセイモンストル,牡6,60.0,小野寺祐,3:12.9,1.1/2,10.8,4.0,482(+2),[西] 矢作芳人,202310030401
6,4,4,テイエムマグマ,牡5,60.0,黒岩悠,3:13.2,1.1/2,25.5,7.0,506(0),[西] 杉山晴紀,202310030401
7,3,3,ピンクダイヤ,牡4,60.0,森一馬,3:13.5,2,32.6,8.0,476(-4),[西] 森秀行,202310030401
8,5,6,ツカサ,セ5,60.0,五十嵐雄,3:13.7,1,20.1,6.0,478(0),[東] 天間昭一,202310030401
9,8,11,ビネッサ,牡3,58.0,難波剛健,3:13.7,クビ,156.5,11.0,456(-8),[西] 中竹和也,202310030401
10,8,12,プリンスオブジオン,牡6,60.0,田村太雅,3:14.3,3.1/2,51.9,9.0,474(+6),[西] 大橋勇樹,202310030401
11,6,8,アイファーロブスト,牡4,60.0,大江原圭,3:14.7,2.1/2,195.3,12.0,434(-4),[東] 蛯名利弘,202310030401
12,2,2,キボウノダイチ,セ8,60.0,石神深一,3:16.1,8,62.5,10.0,492(-10),[西] 飯田雄三,202310030401
1,5,5,モアリジット,牡2,55.0,団野大成,1:51.0,,3.7,2.0,478(-2),[西] 西村真幸,202310030402
2,4,4,ナムラエデン,牝2,52.0,永島まな,1:51.1,3/4,14.5,4.0,412(+2),[西] 小栗実,202310030402
3,1,1,コートリーバウ,牝2,55.0,鮫島克駿,1:51.3,1.1/4,1.3,1.0,400(+4),[西] 池添学,202310030402
4,3,3,マイネルトゥルネー,牡2,55.0,Ｍ．デム,1:51.9,4,7.8,3.0,466(-8),[西] 梅田智之,202310030402
5,2,2,オーケーカルメン,牝2,54.0,角田大河,1:52.4,3,63.3,5.0,420(-6),[西] 奥村豊,202310030402
1,3,5,アウロス,牝3,54.0,岩田望来,1:46.1,,2.6,1.0,470(-6),[西] 上村洋行,202310030403
2,5,9,スノーファンタジー,牝3,54.0,鮫島克駿,1:46.5,2.1/2,99.0,11.0,452(0),[西] 安田翔伍,202310030403
3,7,13,メイショウネムノキ,牝3,53.0,角田大河,1:46.6,1,4.9,3.0,500(-6),[西] 池添学,202310030403
4,6,12,サンマルブライト,牝3,51.0,今村聖奈,1:46.9,1.1/2,192.8,14.0,440(-4),[西] 千田輝彦,202310030403
5,1,1,ブライテン,牝3,54.0,太宰啓介,1:46.9,クビ,74.5,10.0,418(+4),[西] 高橋亮,202310030403
6,1,2,スーパーファルクス,牝3,51.0,田口貫太,1:47.0,3/4,14.5,5.0,440(0),[西] 武英智,202310030403
7,4,8,ニホンピロラグーナ,牝3,50.0,河原田菜,1:47.2,1,184.0,13.0,440(+8),[西] 大橋勇樹,202310030403
8,3,6,エーテルノカゼ,牝3,54.0,団野大成,1:47.5,2,50.8,8.0,408(-8),[西] 渡辺薫彦,202310030403
9,7,14,テーオーシルビア,牝3,54.0,松山弘平,1:47.5,ハナ,3.5,2.0,482(+8),[西] 吉岡辰弥,202310030403
10,2,4,ゲンパチルミナス,牝3,51.0,永島まな,1:47.6,1/2,21.7,7.0,472(0),[西] 佐々木晶,202310030403
11,5,10,ジャッドノワール,牝3,54.0,荻野極,1:47.8,1.1/4,106.5,12.0,446(+4),[西] 笹田和秀,202310030403
12,4,7,トゥルーサンライズ,牝3,54.0,藤懸貴志,1:49.1,8,53.6,9.0,430(-8),[西] 平田修,202310030403
13,8,15,ルージュベルメール,牝3,51.0,西塚洸二,1:49.3,1,14.8,6.0,486(0),[西] 藤原英昭,202310030403
14,2,3,ロングエール,牝3,51.0,川端海翼,1:49.7,2.1/2,254.1,15.0,500(+12),[西] 大根田裕,202310030403
15,6,11,エクセルシオール,牝3,54.0,松若風馬,1:50.2,3,8.6,4.0,444(-14),[西] 渡辺薫彦,202310030403
16,8,16,ヤマニンバシリーサ,牝3,54.0,酒井学,1:51.6,9,295.2,16.0,474(+10),[西] 千田輝彦,202310030403
1,5,9,デイトナモード,牡3,56.0,藤岡康太,1:08.4,,9.3,4.0,522(+2),[西] 千田輝彦,202310030404
2,8,16,タマモメガジョッキ,牡3,56.0,川須栄彦,1:08.5,1/2,106.8,15.0,458(-2),[西] 緒方努,202310030404
3,7,13,リアライズ,牡3,55.0,角田大河,1:08.5,アタマ,2.3,1.0,492(+4),[西] 石橋守,202310030404
4,4,8,タイセイサーマル,牡3,56.0,Ｍ．デム,1:08.7,1.1/4,83.0,13.0,454(+18),[西] 牧浦充徳,202310030404
5,2,4,ホウオウマーメイド,牝3,54.0,団野大成,1:08.7,クビ,6.6,3.0,476(+4),[西] 安田翔伍,202310030404
6,2,3,アジュールブルー,牝3,53.0,秋山稔樹,1:08.9,1,39.1,10.0,402(0),[西] 清水久詞,202310030404
7,8,17,ニホンピロソラーナ,牝3,54.0,幸英明,1:08.9,クビ,21.0,7.0,456(+10),[西] 大橋勇樹,202310030404
8,5,10,スプル,牝3,54.0,坂井瑠星,1:09.0,1/2,11.4,5.0,450(+4),[西] 橋口慎介,202310030404
9,6,12,ショウナンアウリイ,牝3,54.0,藤懸貴志,1:09.1,1/2,408.5,18.0,440(0),[西] 松下武士,202310030404
10,3,5,ウインルベライト,牝3,51.0,今村聖奈,1:09.1,アタマ,33.2,9.0,412(+2),[西] 寺島良,202310030404
11,1,2,モズキラー,牡3,56.0,松若風馬,1:09.2,1/2,308.8,17.0,446(+2),[西] 森田直行,202310030404
12,7,15,コスモグングニール,牡3,53.0,永島まな,1:09.2,アタマ,5.3,2.0,498(+14),[西] 長谷川浩,202310030404
13,3,6,イナウィンク,牡3,53.0,西塚洸二,1:09.3,1/2,13.9,6.0,444(+2),[西] 新谷功一,202310030404
14,6,11,プリモカヴァロ,牝3,50.0,河原田菜,1:09.4,3/4,80.0,12.0,412(-10),[西] 飯田祐史,202310030404
15,8,18,モンテコルノ,牡3,56.0,荻野極,1:09.4,ハナ,78.0,11.0,464(+18),[西] 奥村豊,202310030404
16,4,7,ハナサキポプラ,牝3,54.0,長岡禎仁,1:09.8,2.1/2,102.9,14.0,430(+2),[西] 杉山佳明,202310030404
17,7,14,グレイコード,牝3,53.0,泉谷楓真,1:10.1,2,129.0,16.0,388(-10),[西] 高柳大輔,202310030404
18,1,1,ブルジュドバイ,牝3,54.0,菅原明良,1:10.4,1.3/4,22.9,8.0,436(-8),[西] 森秀行,202310030404
1,1,1,ジュンゴールド,牡2,55.0,坂井瑠星,1:49.9,,3.0,1.0,490(0),[西] 友道康夫,202310030405
2,7,13,ロードバルベーラ,牡2,55.0,川須栄彦,1:50.5,3.1/2,22.3,8.0,462(0),[西] 奥村豊,202310030405
3,8,16,ピカリ,牝2,55.0,菅原明良,1:50.6,1/2,5.9,3.0,476(0),[西] 森秀行,202310030405
4,6,11,ラビットアイ,牝2,55.0,鮫島克駿,1:50.8,1,7.4,4.0,492(0),[西] 鈴木孝志,202310030405
5,1,2,テイクザクラウン,牡2,52.0,今村聖奈,1:51.0,1.1/4,32.4,9.0,446(0),[西] 吉村圭司,202310030405
6,4,8,メイショウヘール,牡2,55.0,太宰啓介,1:51.1,1/2,35.9,10.0,450(0),[西] 大橋勇樹,202310030405
7,2,3,ニシノザイホウ,牡2,52.0,永島まな,1:51.3,1.1/4,36.2,11.0,428(0),[西] 新谷功一,202310030405
8,7,14,ウインアルドーレ,牡2,54.0,角田大河,1:51.5,1.1/2,125.5,14.0,458(0),[西] 西園翔太,202310030405
9,3,5,ブリーズオンチーク,牝2,55.0,西村淳也,1:51.7,1,17.4,6.0,466(0),[西] 高野友和,202310030405
10,5,9,ウインメラナイト,牡2,55.0,松若風馬,1:51.8,1/2,68.2,12.0,494(0),[西] 寺島良,202310030405
11,8,15,テイエムゴールドン,牡2,55.0,田中健,1:51.8,クビ,82.7,13.0,474(0),[西] 木原一良,202310030405
12,2,4,テーオーカルドア,牡2,55.0,幸英明,1:52.8,6,145.4,15.0,458(0),[西] 岡田稲男,202310030405
13,6,12,ベラジオハルカ,牝2,55.0,藤岡康太,1:53.3,3,5.2,2.0,458(0),[西] 上村洋行,202310030405
14,5,10,スマートストラグル,牡2,55.0,秋山真一,1:54.2,5,22.1,7.0,452(0),[西] 四位洋文,202310030405
15,3,6,ホウオウセイメイ,牡2,55.0,岩田望来,1:54.5,2,11.1,5.0,502(0),[西] 音無秀孝,202310030405
除,4,7,ジンセイ,牡2,55.0,Ｍ．デム,,,---,,494(0),[西] 庄野靖志,202310030405
1,3,3,アイファーシアトル,牝3,54.0,藤懸貴志,0:57.9,,15.8,7.0,472(-4),[西] 鮫島一歩,202310030406
2,3,4,カナウ,牡3,56.0,西村淳也,0:58.5,3.1/2,3.4,1.0,542(-8),[西] 杉山晴紀,202310030406
3,2,2,テイエムサンローズ,牝3,54.0,田中健,0:58.5,アタマ,9.4,5.0,448(-10),[西] 飯田雄三,202310030406
4,8,14,イセベイ,牡3,56.0,鮫島克駿,0:58.5,ハナ,9.6,6.0,462(+2),[西] 岡田稲男,202310030406
5,6,10,ミヅキ,牝3,54.0,団野大成,0:59.0,3,27.2,9.0,428(0),[西] 笹田和秀,202310030406
6,4,6,ウィービースティ,牡3,56.0,藤岡康太,0:59.0,クビ,46.5,11.0,502(-10),[西] 北出成人,202310030406
7,7,11,シゲルマッハ,牡3,56.0,幸英明,0:59.2,1.1/4,4.7,2.0,496(+14),[西] 藤沢則雄,202310030406
8,7,12,モズミヤビ,牝3,54.0,坂井瑠星,0:59.4,1.1/4,18.5,8.0,432(+6),[西] 矢作芳人,202310030406
9,1,1,ダイゴショウリュウ,牡3,56.0,松若風馬,0:59.7,1.1/2,122.9,12.0,446(+6),[西] 鮫島一歩,202310030406
10,6,9,ユメミゴコチ,牡3,56.0,酒井学,0:59.7,アタマ,175.9,13.0,444(-6),[西] 羽月友彦,202310030406
11,8,13,タッケンイッキ,牡3,56.0,荻野極,0:59.8,クビ,209.6,14.0,508(-4),[西] 池江泰寿,202310030406
12,4,5,サクセスハチハチ,牡3,56.0,亀田温心,0:59.9,1,6.2,3.0,516(+10),[西] 北出成人,202310030406
13,5,7,ロスマリンブルー,牝3,54.0,松山弘平,1:00.7,5,6.3,4.0,444(-14),[西] 音無秀孝,202310030406
14,5,8,メイショウトップウ,牝3,53.0,角田大河,1:01.0,2,43.5,10.0,484(+4),[西] 飯田祐史,202310030406
1,7,14,レッドヒルシューズ,牝3,54.0,坂井瑠星,1:07.7,,2.1,1.0,446(0),[西] 武英智,202310030407
2,6,11,ヨウシタンレイ,牝3,51.0,今村聖奈,1:08.1,2.1/2,39.6,11.0,464(+6),[西] 松永昌博,202310030407
3,1,1,トーホウジュナール,牝5,56.0,荻野極,1:08.2,1/2,7.8,3.0,476(0),[西] 谷潔,202310030407
4,6,12,ハルカナネガイ,牝4,52.0,河原田菜,1:08.3,3/4,32.6,10.0,428(+2),[西] 大橋勇樹,202310030407
5,3,6,ビッグボーンリタ,牝3,51.0,永島まな,1:08.4,1/2,82.7,13.0,452(-2),[西] 高橋康之,202310030407
6,1,2,マイネルフォーコン,牡3,53.0,田口貫太,1:08.5,1/2,4.9,2.0,482(-18),[西] 西園翔太,202310030407
7,4,7,メイケイバートン,牡4,55.0,川端海翼,1:08.6,クビ,16.0,6.0,458(-8),[西] 中竹和也,202310030407
8,5,9,アキバ,牝4,56.0,高倉稜,1:08.6,クビ,20.6,7.0,444(+10),[西] 田中克典,202310030407
9,7,13,カミーロ,牡3,55.0,角田大河,1:08.6,クビ,14.4,5.0,486(+10),[西] 石橋守,202310030407
10,8,16,バトルシャイニング,牡4,57.0,泉谷楓真,1:08.7,クビ,28.8,9.0,506(+2),[西] 本田優,202310030407
11,5,10,アントニオヒロキ,牡3,55.0,秋山稔樹,1:08.7,クビ,273.4,14.0,450(0),[西] 北出成人,202310030407
12,2,4,テンジュイン,牝6,56.0,岩田望来,1:09.2,3,79.2,12.0,466(+10),[西] 千田輝彦,202310030407
13,4,8,ネイキッド,牡3,56.0,鮫島克駿,1:09.2,ハナ,24.6,8.0,486(+8),[西] 宮本博,202310030407
14,2,3,メイショウコギク,牝3,54.0,秋山真一,1:09.3,1/2,8.5,4.0,432(-2),[西] 石橋守,202310030407
15,3,5,クリノビックリバゴ,牡5,58.0,幸英明,1:09.4,1/2,309.7,15.0,452(-1),[西] 藤沢則雄,202310030407
16,8,15,シュガープラム,牝3,54.0,酒井学,1:09.8,2.1/2,556.5,16.0,440(+2),[西] 高橋康之,202310030407
1,6,7,アスクドゥポルテ,牡3,55.0,岩田望来,1:59.7,,3.6,2.0,478(+16),[西] 河内洋,202310030408
2,5,5,ゴルトシュミーデ,牝4,56.0,西村淳也,1:59.8,3/4,7.2,4.0,436(+4),[西] 村山明,202310030408
3,3,3,イリスレーン,牝3,50.0,永島まな,2:00.3,3,5.4,3.0,480(0),[西] 清水久詞,202310030408
4,8,10,サトノクローク,牡3,55.0,松山弘平,2:00.5,1.1/4,2.3,1.0,472(+14),[西] 橋口慎介,202310030408
5,1,1,グルーヴビート,牡5,58.0,坂井瑠星,2:00.5,ハナ,17.5,6.0,482(+4),[西] 中村直也,202310030408
6,4,4,ミアステラ,牡4,55.0,西塚洸二,2:00.9,2.1/2,8.6,5.0,492(-6),[西] 大根田裕,202310030408
7,7,9,ヴァンデスト,牝4,53.0,田口貫太,2:00.9,クビ,52.2,8.0,406(-2),[西] 大橋勇樹,202310030408
8,2,2,カメハメハタイム,セ4,58.0,Ｍ．デム,2:01.2,2,42.6,7.0,490(+2),[西] 坂口智康,202310030408
9,8,11,カライカマウリオラ,牡4,58.0,松若風馬,2:01.5,1.3/4,64.8,9.0,480(-4),[西] 西園翔太,202310030408
10,7,8,ゾロ,牡7,58.0,藤懸貴志,2:01.9,2.1/2,181.7,10.0,474(+2),[東] 小手川準,202310030408
11,6,6,コンバットマーチ,牝6,52.0,河原田菜,2:03.9,大,262.1,11.0,468(-6),[西] 藤沢則雄,202310030408
1,8,15,アドマイヤラヴィ,牝4,56.0,坂井瑠星,1:08.3,,4.3,2.0,464(0),[西] 友道康夫,202310030409
2,6,11,ショウナンマッハ,牡4,58.0,幸英明,1:08.5,1,33.1,9.0,494(+4),[西] 茶木太樹,202310030409
3,3,5,サトノルーチェ,牝5,56.0,Ｍ．デム,1:08.5,クビ,25.1,8.0,430(+6),[西] 吉村圭司,202310030409
4,5,10,アルムファーツリー,牝5,56.0,団野大成,1:08.6,3/4,90.0,12.0,464(-4),[西] 川村禎彦,202310030409
5,5,9,ウインバグース,牡4,58.0,松若風馬,1:08.7,3/4,13.2,6.0,476(-4),[西] 西園正都,202310030409
6,2,4,トールキン,牡3,56.0,松山弘平,1:08.7,アタマ,5.5,3.0,496(+6),[西] 西園正都,202310030409
7,7,13,エテルナメンテ,牝4,56.0,菅原明良,1:08.8,1/2,71.7,10.0,454(-4),[東] 小島茂之,202310030409
8,3,6,ロングファイナリー,セ7,58.0,長岡禎仁,1:09.0,1,151.7,15.0,474(-2),[西] 高橋亮,202310030409
9,6,12,ティニア,牡3,56.0,鮫島克駿,1:09.1,3/4,6.8,4.0,482(-6),[西] 池江泰寿,202310030409
10,1,1,ニシノデフィレ,牡4,58.0,西村淳也,1:09.2,クビ,8.0,5.0,492(-2),[西] 宮本博,202310030409
11,7,14,メイショウハボタン,牝5,56.0,泉谷楓真,1:09.2,クビ,23.4,7.0,474(-4),[西] 本田優,202310030409
12,2,3,グッドグロウス,牡4,58.0,藤懸貴志,1:09.2,ハナ,217.0,16.0,462(-6),[西] 加用正,202310030409
13,4,8,メイショウイジゲン,牡5,58.0,角田大河,1:09.3,クビ,146.2,14.0,458(+12),[西] 牧浦充徳,202310030409
14,1,2,カーフライターク,牡6,58.0,高倉稜,1:09.3,アタマ,138.4,13.0,480(0),[西] 田中克典,202310030409
15,4,7,メイショウクリフト,牡4,58.0,岩田望来,1:09.3,ハナ,3.1,1.0,450(+6),[西] 笹田和秀,202310030409
16,8,16,フチサンメルチャン,牡6,58.0,田口貫太,1:09.3,クビ,87.3,11.0,468(-4),[西] 大橋勇樹,202310030409
1,4,7,フルヴォート,牡5,58.0,幸英明,1:43.2,,3.8,1.0,502(-2),[西] 西村真幸,202310030410
2,5,9,ロコポルティ,牡5,58.0,Ｍ．デム,1:43.2,ハナ,14.0,6.0,528(-4),[西] 西園正都,202310030410
3,2,3,リキサントライ,牡5,58.0,団野大成,1:43.9,4,32.4,9.0,504(+6),[西] 緒方努,202310030410
4,7,13,ダッチマン,セ6,58.0,川須栄彦,1:44.4,3,122.0,15.0,464(-2),[西] 音無秀孝,202310030410
5,4,8,コンスタンティン,牝4,56.0,坂井瑠星,1:44.5,クビ,5.2,3.0,484(+6),[西] 石坂公一,202310030410
6,2,4,イチネンエーグミ,牡4,58.0,高倉稜,1:44.5,ハナ,14.2,7.0,544(-8),[西] 茶木太樹,202310030410
7,6,12,コパノニコルソン,牡4,58.0,藤岡康太,1:44.7,1.1/2,4.0,2.0,530(0),[西] 宮徹,202310030410
8,8,16,ロードインファイト,牡6,58.0,岩田望来,1:44.8,クビ,45.9,10.0,440(-16),[西] 野中賢二,202310030410
9,1,1,カシノブレンド,セ7,58.0,秋山稔樹,1:44.9,1/2,190.5,16.0,458(+2),[東] 蛯名利弘,202310030410
10,5,10,ダノンドリーマー,牡5,58.0,菅原明良,1:45.0,1/2,50.5,12.0,484(0),[西] 藤原英昭,202310030410
11,7,14,リバプールタウン,牡8,58.0,角田大河,1:45.0,クビ,95.1,14.0,490(-2),[西] 石橋守,202310030410
12,1,2,アルメイダミノル,牡5,58.0,荻野極,1:45.2,1.1/4,54.9,13.0,522(-10),[西] 北出成人,202310030410
13,3,6,スワヤンブナート,セ4,58.0,酒井学,1:46.0,5,50.2,11.0,502(-6),[西] 須貝尚介,202310030410
14,6,11,マルカラピッド,牝3,53.0,松若風馬,1:46.3,1.3/4,15.5,8.0,472(+9),[西] 今野貞一,202310030410
15,8,15,ゼウスバイオ,牡4,58.0,松山弘平,1:48.0,10,10.4,5.0,516(+16),[西] 畑端省吾,202310030410
16,3,5,ブランアルディ,牝4,56.0,西村淳也,1:51.3,大,8.8,4.0,466(-4),[西] 辻野泰之,202310030410
1,7,15,ジャスパークローネ,牡4,57.0,団野大成,1:07.3,,13.1,5.0,482(+2),[西] 森秀行,202310030411
2,5,9,ママコチャ,牝4,55.5,鮫島克駿,1:07.4,1/2,3.0,1.0,492(+8),[西] 池江泰寿,202310030411
3,1,1,ストーンリッジ,牡6,55.0,坂井瑠星,1:07.4,クビ,24.4,9.0,474(+2),[西] 藤原英昭,202310030411
4,8,16,スマートリアン,牝6,55.0,柴田善臣,1:07.5,1/2,18.2,8.0,476(+2),[西] 石橋守,202310030411
5,1,2,ボンボヤージ,牝6,54.0,川須栄彦,1:07.6,1,32.3,11.0,448(+12),[西] 梅田智之,202310030411
6,6,11,トゥラヴェスーラ,牡8,58.0,藤岡康太,1:07.8,1.1/4,16.3,7.0,478(-8),[西] 高橋康之,202310030411
7,5,10,ロードベイリーフ,牡6,55.0,Ｍ．デム,1:07.9,1/2,60.7,16.0,486(+6),[西] 森田直行,202310030411
8,7,14,ロンドンプラン,牡3,55.0,松山弘平,1:07.9,アタマ,10.2,4.0,514(+16),[西] 宮本博,202310030411
9,3,5,エナジーグラン,牡4,55.0,亀田温心,1:08.0,1/2,37.9,13.0,466(-2),[西] 高柳大輔,202310030411
10,8,18,モズメイメイ,牝3,54.0,松若風馬,1:08.0,アタマ,5.3,2.0,458(-8),[西] 音無秀孝,202310030411
11,3,6,リプレーザ,牡5,55.0,藤懸貴志,1:08.1,1/2,137.3,18.0,486(-8),[西] 大根田裕,202310030411
12,4,7,クリノマジン,牡4,55.0,田口貫太,1:08.1,ハナ,36.5,12.0,460(+8),[西] 高橋義忠,202310030411
13,6,12,テイエムスパーダ,牝4,55.0,今村聖奈,1:08.2,1/2,51.1,15.0,494(0),[西] 木原一良,202310030411
14,2,3,スティクス,牝5,52.0,幸英明,1:08.3,3/4,26.8,10.0,500(-4),[西] 武幸四郎,202310030411
15,8,17,シゲルピンクルビー,牝5,55.0,高倉稜,1:08.3,クビ,41.8,14.0,480(+2),[西] 渡辺薫彦,202310030411
16,7,13,デュガ,牡4,55.0,菅原明良,1:08.4,クビ,7.4,3.0,508(+6),[西] 森秀行,202310030411
17,4,8,レジェーロ,牝6,53.0,岩田望来,1:08.5,3/4,127.1,17.0,428(0),[西] 西村真幸,202310030411
18,2,4,サンキューユウガ,牡7,55.0,西村淳也,1:08.6,クビ,13.9,6.0,506(-8),[西] 西村真幸,202310030411
1,3,5,ドゥラリアル,牡3,55.0,西村淳也,1:44.8,,1.6,1.0,494(-10),[西] 上村洋行,202310030412
2,2,3,タロントゥーズ,牡3,52.0,永島まな,1:45.0,1.1/2,5.2,2.0,466(-4),[西] 大久保龍,202310030412
3,6,12,ケイエイト,牡3,55.0,藤懸貴志,1:45.3,1.3/4,13.4,5.0,464(-8),[西] 羽月友彦,202310030412
4,3,6,ワイドアウェイク,牝5,53.0,西塚洸二,1:45.8,3,284.4,14.0,502(-4),[西] 加用正,202310030412
5,8,16,アイファーファイト,牡4,58.0,松若風馬,1:45.8,アタマ,82.5,10.0,430(+6),[西] 鮫島一歩,202310030412
6,1,2,ピエトラサンタ,牡5,58.0,岩田望来,1:46.0,1,81.4,9.0,516(-10),[西] 友道康夫,202310030412
7,4,7,ディーエスソフィア,牡3,55.0,Ｍ．デム,1:46.2,1.1/4,17.3,6.0,458(+4),[西] 岡田稲男,202310030412
8,5,10,モノクロームスター,牡3,55.0,長岡禎仁,1:46.2,ハナ,34.2,8.0,496(0),[西] 今野貞一,202310030412
9,7,13,テイエムファルコン,牡6,55.0,川端海翼,1:46.3,1/2,324.3,15.0,508(+2),[西] 飯田雄三,202310030412
10,7,14,エムズマインド,牡3,55.0,川島信二,1:46.3,ハナ,9.2,3.0,500(+8),[西] 荒川義之,202310030412
11,2,4,メイショウオグマ,牡4,58.0,松山弘平,1:47.4,7,12.2,4.0,522(+24),[西] 安達昭夫,202310030412
12,8,15,アイヤナ,牝3,52.0,秋山稔樹,1:47.6,1.1/2,105.3,11.0,448(+12),[西] 高橋義忠,202310030412
13,1,1,ユメハハテシナク,牡3,55.0,幸英明,1:50.1,大,24.4,7.0,462(-2),[西] 石坂公一,202310030412
14,5,9,ミヤジトレヴ,牝3,52.0,角田大河,1:50.2,1/2,156.3,12.0,498(-12),[西] 川村禎彦,202310030412
15,4,8,ソアラ,牝3,50.0,河原田菜,1:52.1,大,192.3,13.0,474(+8),[西] 高橋康之,202310030412
除,6,11,タマモネモフィラ,牝3,50.0,田口貫太,,,---,,460(+2),[西] 大橋勇樹,202310030412
1,2,2,フナデ,牡2,52.0,田口貫太,1:49.5,,2.9,2.0,424(-2),[西] 飯田雄三,202310030501
2,6,6,ゲンヨウサイ,牡2,55.0,松山弘平,1:49.9,2.1/2,1.7,1.0,474(-4),[西] 西園翔太,202310030501
3,4,4,オールラウンダー,牡2,55.0,松若風馬,1:50.0,1/2,38.7,7.0,452(-12),[西] 宮本博,202310030501
4,8,10,ベルベットハンマー,牝2,55.0,飛田愛斗,1:50.2,1,17.0,4.0,422(-4),[東] 天間昭一,202310030501
5,1,1,ブルーサン,牡2,55.0,和田竜二,1:50.6,2.1/2,12.5,3.0,494(-10),[西] 川村禎彦,202310030501
6,3,3,スノーライトニング,牡2,55.0,西村淳也,1:51.1,3,24.3,5.0,456(+2),[西] 松下武士,202310030501
7,7,8,ブラヴォージャパン,牝2,52.0,永島まな,1:51.3,1.1/4,52.1,8.0,402(-2),[西] 坂口智康,202310030501
8,8,11,テーオーカルドア,牡2,55.0,幸英明,1:51.4,1/2,98.7,9.0,458(0),[西] 岡田稲男,202310030501
9,7,9,カシノマーメイド,牝2,51.0,河原田菜,1:51.4,クビ,26.5,6.0,484(0),[西] 谷潔,202310030501
10,5,5,トンコツラーメン,牡2,54.0,角田大河,1:53.8,大,132.9,10.0,456(+4),[西] 牧田和弥,202310030501
11,6,7,テイエムキングラン,牡2,55.0,田中健,1:54.5,4,328.2,11.0,442(-2),[西] 浜田多実,202310030501
1,6,12,パープルクラウド,牡3,56.0,和田竜二,2:42.0,,12.5,5.0,518(+8),[西] 吉村圭司,202310030502
2,5,10,エストラーダ,セ3,56.0,藤懸貴志,2:42.0,ハナ,41.6,9.0,462(+2),[西] 宮本博,202310030502
3,2,4,コスモフランメ,牝3,53.0,角田大河,2:42.0,ハナ,117.6,14.0,436(-5),[西] 宮徹,202310030502
4,4,7,タガノフリューゲル,牡3,56.0,松若風馬,2:42.1,クビ,2.4,1.0,492(+2),[西] 鮫島一歩,202310030502
5,1,1,ダノンジュリアス,牡3,53.0,西塚洸二,2:42.1,アタマ,74.6,11.0,462(+4),[西] 藤原英昭,202310030502
6,5,9,サツキスマイル,牝3,51.0,田口貫太,2:42.2,1/2,18.6,6.0,400(0),[西] 寺島良,202310030502
7,7,13,ウインリュクス,牝3,54.0,松山弘平,2:42.2,クビ,51.8,10.0,430(-2),[西] 大久保龍,202310030502
8,4,8,ドゥヴァンスマン,牡3,56.0,西村淳也,2:42.2,アタマ,3.6,2.0,470(-6),[西] 矢作芳人,202310030502
9,3,6,ツーウィング,牝3,51.0,永島まな,2:42.2,ハナ,6.7,3.0,428(-2),[西] 橋口慎介,202310030502
10,3,5,チュウワステート,牡3,56.0,飛田愛斗,2:42.3,アタマ,28.1,7.0,492(+8),[西] 小崎憲,202310030502
11,1,2,ピーシャ,牝3,51.0,今村聖奈,2:42.3,クビ,7.2,4.0,472(+4),[西] 武幸四郎,202310030502
12,8,16,ジュジュジューン,牝3,50.0,河原田菜,2:42.4,3/4,97.5,13.0,432(+2),[西] 今野貞一,202310030502
13,6,11,センチュリヒーロー,牡3,56.0,加藤祥太,2:42.8,2.1/2,37.5,8.0,412(+2),[西] 庄野靖志,202310030502
14,7,14,サダムターゲット,牡3,53.0,川端海翼,2:43.0,1.1/4,78.5,12.0,498(0),[西] 中尾秀正,202310030502
15,2,3,マイクロレディ,牝3,53.0,秋山稔樹,2:44.3,8,221.9,15.0,346(+6),[西] 北出成人,202310030502
16,8,15,マックスアデュー,牡3,56.0,城戸義政,2:44.8,3,292.0,16.0,506(+12),[西] 安達昭夫,202310030502
1,5,8,シゲルミライ,牝3,51.0,田口貫太,0:57.9,,6.9,4.0,470(-6),[西] 川村禎彦,202310030503
2,1,1,カナウ,牡3,56.0,西村淳也,0:58.0,クビ,3.8,1.0,540(-2),[西] 杉山晴紀,202310030503
3,2,2,レインメーカー,牡3,56.0,藤岡康太,0:58.2,1,8.8,6.0,436(-8),[西] 安田翔伍,202310030503
4,8,13,メイショウバラッド,牝3,54.0,和田竜二,0:58.3,3/4,7.8,5.0,470(-2),[西] 長谷川浩,202310030503
5,4,5,ティタン,牝3,54.0,長岡禎仁,0:58.4,1,17.9,8.0,464(0),[西] 杉山佳明,202310030503
6,8,14,ホッコーアリス,牝3,54.0,中井裕二,0:58.7,1.3/4,11.7,7.0,434(-2),[西] 飯田祐史,202310030503
7,7,11,ジャスティンカプリ,牡3,56.0,松山弘平,0:58.9,1.1/4,5.0,3.0,484(+6),[西] 安田隆行,202310030503
8,6,10,メイショウフェリオ,牝3,54.0,国分優作,0:59.0,クビ,226.6,13.0,430(-8),[西] 安達昭夫,202310030503
9,4,6,センスオブピース,牝3,51.0,永島まな,0:59.0,クビ,123.1,12.0,434(0),[西] 安田翔伍,202310030503
10,7,12,イセベイ,牡3,56.0,幸英明,0:59.9,5,4.9,2.0,458(-4),[西] 岡田稲男,202310030503
11,3,4,シャインフェアリー,牝3,54.0,川須栄彦,1:00.0,3/4,122.1,11.0,484(+8),[西] 畑端省吾,202310030503
12,5,7,サトノレティシア,牝3,50.0,河原田菜,1:00.4,2.1/2,42.1,9.0,502(0),[西] 池江泰寿,202310030503
13,3,3,カルストンラック,牡3,56.0,城戸義政,1:01.3,5,577.6,14.0,438(+2),[西] 村山明,202310030503
中,6,9,クルーエルワーク,牝3,54.0,松若風馬,,,64.6,10.0,482(+8),[西] 安達昭夫,202310030503
1,7,8,テーオーソクラテス,牡6,60.0,小坂忠士,3:47.2,,2.2,1.0,458(-2),[西] 奥村豊,202310030504
2,5,5,ナギサ,牝5,58.0,森一馬,3:47.3,1/2,27.8,8.0,504(0),[西] 本田優,202310030504
3,4,4,マイネルヴァッサー,牡10,60.0,小野寺祐,3:47.5,1,11.8,5.0,430(+2),[東] 土田稔,202310030504
4,8,10,アサクサゲンキ,セ8,60.0,小牧加矢,3:47.5,クビ,4.5,2.0,460(-8),[西] 音無秀孝,202310030504
5,2,2,イベリア,牡8,60.0,北沢伸也,3:47.7,1.1/4,79.3,9.0,510(-14),[西] 藤沢則雄,202310030504
6,3,3,ホッコーメヴィウス,セ7,60.0,黒岩悠,3:48.2,3,9.1,4.0,476(0),[西] 清水久詞,202310030504
7,8,9,リバーシブルレーン,牡7,60.0,石神深一,3:49.3,7,18.3,7.0,446(0),[東] 辻哲英,202310030504
8,6,6,ポルトラーノ,セ7,60.0,草野太郎,3:49.5,3/4,12.4,6.0,500(+6),[東] 萩原清,202310030504
9,7,7,ディアマンミノル,牡6,60.0,中村将之,3:49.6,1/2,4.9,3.0,468(0),[西] 本田優,202310030504
10,1,1,シングンジョーイ,牡5,60.0,五十嵐雄,3:49.9,1.3/4,114.9,10.0,458(+4),[東] 伊坂重信,202310030504
1,6,8,メイショウゴーフル,牝2,55.0,秋山真一,2:03.7,,16.2,5.0,484(0),[西] 高橋亮,202310030505
2,8,11,ゲインサポート,牡2,55.0,団野大成,2:04.0,1.3/4,20.5,7.0,452(0),[西] 斉藤崇史,202310030505
3,7,9,メリオーレム,牡2,54.0,角田大河,2:04.0,ハナ,2.4,1.0,480(0),[西] 友道康夫,202310030505
4,6,7,セレスト,牡2,52.0,川端海翼,2:04.4,2.1/2,272.8,12.0,422(0),[西] 羽月友彦,202310030505
5,8,12,ディスペランツァ,牡2,55.0,西村淳也,2:04.7,1.1/2,4.2,2.0,528(0),[西] 吉岡辰弥,202310030505
6,7,10,モスコビウム,牡2,55.0,和田竜二,2:05.3,3.1/2,54.7,9.0,432(0),[西] 浜田多実,202310030505
7,5,6,パフ,牡2,55.0,幸英明,2:05.6,2,6.1,3.0,464(0),[西] 橋口慎介,202310030505
8,5,5,ナムラフッカー,牡2,55.0,藤岡康太,2:05.8,1,23.1,8.0,476(0),[西] 村山明,202310030505
9,2,2,リンドバーグ,牡2,55.0,松山弘平,2:05.8,クビ,7.0,4.0,460(0),[西] 寺島良,202310030505
10,1,1,エクレシア,牝2,55.0,松若風馬,2:06.0,1.1/4,20.4,6.0,474(0),[西] 西園翔太,202310030505
11,3,3,オスピタリテ,牝2,55.0,国分恭介,2:07.5,9,71.4,10.0,462(0),[西] 森田直行,202310030505
12,4,4,ダイゴホマレリュウ,牡2,52.0,西塚洸二,2:09.6,大,162.6,11.0,510(0),[西] 小林真也,202310030505
1,2,4,ララマルシュドロワ,牡3,56.0,和田竜二,1:44.0,,10.1,6.0,496(+12),[西] 坂口智康,202310030506
2,4,8,イサイアス,牡3,53.0,田口貫太,1:44.9,5,7.4,4.0,442(-4),[西] 吉村圭司,202310030506
3,5,10,タンバッフェ,牝3,54.0,幸英明,1:45.5,3.1/2,17.0,8.0,456(0),[西] 飯田雄三,202310030506
4,6,11,ヴォランテ,牡3,53.0,川端海翼,1:45.5,ハナ,41.2,11.0,448(0),[西] 羽月友彦,202310030506
5,1,2,ホッコーソムニウム,牡3,56.0,松山弘平,1:45.6,3/4,13.7,7.0,484(+8),[西] 長谷川浩,202310030506
6,1,1,ファイブレイナ,牝3,50.0,河原田菜,1:45.8,1.1/4,4.9,2.0,420(0),[西] 渡辺薫彦,202310030506
7,4,7,カッチュッコ,牝3,54.0,国分恭介,1:46.0,1,47.6,12.0,534(+8),[西] 吉村圭司,202310030506
8,6,12,ヴィヴラガレット,牝3,54.0,国分優作,1:46.2,1.1/2,160.9,14.0,434(+2),[西] 宮徹,202310030506
9,8,16,テイエムハヤカケン,牡3,56.0,高倉稜,1:46.3,クビ,40.7,10.0,504(+2),[西] 木原一良,202310030506
10,3,5,ティエラボニータ,牡3,56.0,飛田愛斗,1:47.3,6,198.9,15.0,492(+16),[西] 茶木太樹,202310030506
11,2,3,ロットゥーラ,牡3,53.0,西塚洸二,1:47.7,2.1/2,9.0,5.0,444(-8),[西] 辻野泰之,202310030506
12,8,15,フィッシュポンド,牡3,55.0,角田大河,1:47.7,クビ,3.7,1.0,500(+10),[西] 大久保龍,202310030506
13,3,6,マレフィセントラヴ,牝3,53.0,秋山稔樹,1:47.7,ハナ,6.2,3.0,532(-2),[西] 四位洋文,202310030506
14,7,13,メイショウサツマ,牡3,53.0,今村聖奈,1:48.3,3.1/2,111.6,13.0,482(-6),[西] 高橋亮,202310030506
15,7,14,レグナム,牡3,56.0,藤岡康太,1:53.0,大,17.5,9.0,484(-18),[西] 野中賢二,202310030506
除,5,9,マテンロウイーグル,牡3,56.0,太宰啓介,,,---,,556(+18),[西] 昆貢,202310030506
1,7,13,インクルードダイヤ,牝3,54.0,松山弘平,1:08.6,,4.1,2.0,456(+4),[西] 武英智,202310030507
2,8,16,ハッピーアズラリー,牝3,51.0,今村聖奈,1:08.8,1.1/4,9.8,4.0,434(+8),[西] 安田翔伍,202310030507
3,7,15,リアライズ,牡3,55.0,角田大河,1:08.8,アタマ,4.7,3.0,490(-2),[西] 石橋守,202310030507
4,3,6,ジョーシーゲル,牝3,54.0,川須栄彦,1:09.0,1.1/2,18.1,7.0,480(+2),[西] 松下武士,202310030507
5,5,10,マカーリオ,牝3,54.0,和田竜二,1:09.0,アタマ,19.3,8.0,486(-2),[西] 飯田祐史,202310030507
6,4,7,マイド,牡3,56.0,団野大成,1:09.1,クビ,3.4,1.0,460(+14),[西] 野中賢二,202310030507
7,1,2,メイショウフラム,牝3,54.0,秋山真一,1:09.2,1/2,21.4,9.0,420(-8),[西] 飯田祐史,202310030507
8,7,14,カリブルヌス,牡3,56.0,藤岡康太,1:09.2,クビ,42.2,11.0,494(+8),[西] 藤岡健一,202310030507
9,8,18,モノセーラス,牝3,54.0,松若風馬,1:09.2,アタマ,36.3,10.0,410(-2),[西] 中村直也,202310030507
10,2,4,デルレイビーチ,牝3,54.0,西村淳也,1:09.5,1.1/2,13.7,6.0,410(+10),[西] 渡辺薫彦,202310030507
11,4,8,ヴイエルジュ,牝3,51.0,永島まな,1:09.5,クビ,104.8,13.0,436(0),[西] 坂口智康,202310030507
12,6,12,ラホーヤストーム,牝3,50.0,河原田菜,1:09.9,2.1/2,11.4,5.0,452(-4),[西] 松永昌博,202310030507
13,5,9,アズワンウイッシュ,牝3,51.0,田口貫太,1:10.0,3/4,157.4,14.0,436(+8),[西] 庄野靖志,202310030507
14,1,1,セレッソプラテアド,牝3,54.0,国分優作,1:10.1,クビ,195.0,15.0,442(-4),[西] 松下武士,202310030507
15,8,17,ジェミースター,牝3,51.0,大久保友,1:10.2,3/4,445.0,18.0,420(-20),[西] 松永昌博,202310030507
16,6,11,サイレントストーム,牝3,54.0,飛田愛斗,1:11.2,6,75.5,12.0,450(+24),[西] 小崎憲,202310030507
17,3,5,レイジングウェイブ,牡3,53.0,川端海翼,1:11.4,1.1/4,215.3,16.0,478(-8),[西] 牧田和弥,202310030507
18,2,3,オーブアンドセプタ,牝3,51.0,西塚洸二,1:13.2,大,295.7,17.0,386(-10),[西] 辻野泰之,202310030507
1,3,6,スマートカリス,牝3,53.0,松山弘平,1:44.9,,5.9,4.0,448(-4),[西] 池江泰寿,202310030508
2,7,13,メイショウコボケ,牝3,50.0,河原田菜,1:45.6,4,5.1,2.0,484(-12),[西] 河内洋,202310030508
3,4,8,ウィルフルネス,牝4,56.0,団野大成,1:45.6,ハナ,14.5,7.0,490(+2),[西] 四位洋文,202310030508
4,6,11,チョッピー,牝4,55.0,秋山稔樹,1:45.6,クビ,52.3,10.0,462(-2),[西] 北出成人,202310030508
5,4,7,ヤエベニシダレ,牝3,50.0,川端海翼,1:45.8,1,104.1,11.0,452(0),[西] 梅田智之,202310030508
6,6,12,カラーインデックス,牝4,53.0,西塚洸二,1:45.9,クビ,13.6,6.0,520(+2),[西] 長谷川浩,202310030508
7,7,14,タガノマカロン,牝3,53.0,国分恭介,1:45.9,ハナ,195.6,13.0,440(-16),[西] 藤沢則雄,202310030508
8,1,2,バンボーレ,牝5,53.0,今村聖奈,1:46.0,3/4,5.3,3.0,464(+8),[西] 飯田祐史,202310030508
9,5,9,シュニー,牝3,50.0,永島まな,1:46.0,クビ,22.1,8.0,458(+8),[西] 小崎憲,202310030508
10,1,1,フライングバレル,牝5,56.0,斎藤新,1:46.2,1.1/4,117.6,12.0,450(-8),[西] 安田隆行,202310030508
11,8,16,ビューティーワン,牝3,53.0,幸英明,1:46.2,クビ,3.6,1.0,518(+20),[西] 武英智,202310030508
12,2,4,ワイドカイゼリン,牝3,50.0,田口貫太,1:46.4,3/4,24.0,9.0,474(+4),[西] 奥村豊,202310030508
13,5,10,フェアリーハイ,牝3,53.0,藤懸貴志,1:46.6,1.1/2,305.3,16.0,482(-8),[西] 平田修,202310030508
14,2,3,パルメリータ,牝3,53.0,西村淳也,1:48.2,10,6.6,5.0,478(+8),[西] 西園正都,202310030508
15,3,5,アシュアビクトリー,牝3,53.0,国分優作,1:48.5,1.3/4,290.1,15.0,502(-4),[西] 矢作芳人,202310030508
16,8,15,バーニングアイズ,牝4,56.0,松若風馬,1:49.2,4,213.8,14.0,418(-12),[西] 森田直行,202310030508
1,4,8,テイエムチュララン,牝2,55.0,太宰啓介,1:09.3,,3.8,2.0,482(-4),[西] 畑端省吾,202310030509
2,8,16,アイタカ,牝2,55.0,幸英明,1:09.9,3.1/2,3.9,3.0,414(+4),[西] 谷潔,202310030509
3,2,4,ユメカナウケン,牝2,55.0,角田大河,1:10.0,1/2,2.6,1.0,418(+4),[西] 谷潔,202310030509
4,6,12,ヒマワリクン,牡2,53.0,国分優作,1:10.2,1.1/2,15.8,6.0,436(-6),[西] 緒方努,202310030509
5,5,10,キリシマジョイナー,牝2,53.0,城戸義政,1:11.1,5,302.6,11.0,470(0),[東] 石毛善彦,202310030509
6,2,3,カシノルーカス,牡2,55.0,川島拓,1:11.2,クビ,266.7,9.0,450(-3),[地] 古賀光範,202310030509
7,3,5,カシノフロイデ,牝2,53.0,森裕太朗,1:11.9,4,327.0,13.0,422(0),[西] 藤沢則雄,202310030509
8,5,9,タイバ,牡2,53.0,水口優也,1:12.0,クビ,317.5,12.0,502(+2),[東] 浅野洋一,202310030509
9,6,11,ラブショータイム,牝2,53.0,加藤祥太,1:12.0,クビ,418.4,16.0,414(+8),[西] 大橋勇樹,202310030509
10,3,6,カシノディーバ,牝2,53.0,川須栄彦,1:12.3,1.1/2,336.9,14.0,452(-4),[東] 和田雄二,202310030509
11,7,14,エイシンチョンパ,牡2,55.0,西村淳也,1:12.4,3/4,9.0,4.0,480(0),[西] 小崎憲,202310030509
12,8,17,エイヨーカルム,牡2,55.0,飛田愛斗,1:12.5,1/2,358.5,15.0,458(+2),[地] 古賀光範,202310030509
13,4,7,テイエムサガドン,牡2,55.0,石川慎将,1:12.6,1/2,129.0,7.0,474(+4),[地] 平山宏秀,202310030509
14,8,18,ウエルカムキリシマ,牝2,53.0,松山弘平,1:12.6,クビ,12.7,5.0,442(-8),[西] 笹田和秀,202310030509
15,7,13,フォーザウィン,牡2,53.0,泉谷楓真,1:12.7,クビ,428.8,17.0,426(+2),[東] 加藤和宏,202310030509
16,1,2,アベベ,牡2,53.0,西塚洸二,1:14.1,8,296.2,10.0,432(-4),[東] 根本康広,202310030509
17,7,15,コウジョウノツキ,牝2,53.0,松若風馬,1:14.8,4,214.3,8.0,432(-4),[西] 中村直也,202310030509
中,1,1,カシノポノ,牝2,53.0,秋山稔樹,,,617.6,18.0,412(-6),[東] 蛯名利弘,202310030509
1,6,6,ピピオラ,牝3,53.0,藤岡康太,2:01.0,,4.1,2.0,484(+10),[西] 武幸四郎,202310030510
2,7,8,アトミックフレア,牝5,56.0,泉谷楓真,2:01.0,アタマ,75.4,8.0,450(+10),[西] 渡辺薫彦,202310030510
3,5,5,シンシアリダーリン,牝5,56.0,角田大河,2:01.0,ハナ,44.2,6.0,446(-6),[西] 上村洋行,202310030510
4,1,1,ウインミニヨン,牝5,56.0,和田竜二,2:01.1,クビ,7.4,3.0,426(+4),[西] 長谷川浩,202310030510
5,8,9,ミッキーゴージャス,牝3,53.0,斎藤新,2:01.1,ハナ,1.4,1.0,448(+8),[西] 安田隆行,202310030510
6,4,4,ワーフデール,牝4,56.0,団野大成,2:01.4,2,16.7,4.0,466(0),[西] 森田直行,202310030510
7,3,3,プリマヴィータ,牝4,56.0,高倉稜,2:01.6,3/4,19.6,5.0,438(+4),[西] 大橋勇樹,202310030510
8,7,7,ハッピーオーサム,牝5,56.0,西塚洸二,2:01.7,3/4,50.9,7.0,498(0),[西] 藤原英昭,202310030510
9,2,2,チハヤ,牝3,53.0,今村聖奈,2:02.9,7,88.1,9.0,428(-12),[西] 畑端省吾,202310030510
10,8,10,アイティーテーラー,牝3,53.0,川端海翼,2:03.6,4,323.9,10.0,466(-2),[西] 飯田雄三,202310030510
1,5,7,アッティーヴォ,牡9,58.0,秋山真一,0:57.0,,131.5,13.0,454(-2),[西] 大根田裕,202310030511
2,4,4,ラインガルーダ,牡6,58.0,角田大河,0:57.0,ハナ,7.1,4.0,474(+6),[西] 松永昌博,202310030511
3,6,8,ユスティニアン,牡5,58.0,松本大輝,0:57.0,ハナ,38.0,10.0,434(-8),[西] 新谷功一,202310030511
4,5,6,クロデメニル,牝4,56.0,松山弘平,0:57.1,クビ,13.8,6.0,494(-4),[西] 森秀行,202310030511
5,1,1,ロックユアハート,牝4,56.0,藤岡康太,0:57.2,3/4,2.8,1.0,460(+4),[西] 矢作芳人,202310030511
6,2,2,プラチナムレイアー,牡5,58.0,西村淳也,0:57.2,ハナ,17.6,8.0,498(+4),[西] 吉岡辰弥,202310030511
7,8,13,ペプチドヤマト,牡4,58.0,松若風馬,0:57.2,ハナ,11.1,5.0,478(-6),[西] 武英智,202310030511
8,6,9,エコロアイ,牝3,54.0,幸英明,0:57.3,1/2,4.2,2.0,510(+8),[西] 森秀行,202310030511
9,7,11,ショウゲッコウ,牝6,56.0,長岡禎仁,0:57.4,クビ,33.7,9.0,476(-4),[西] 杉山佳明,202310030511
10,8,12,イスラアネーロ,牡4,58.0,和田竜二,0:57.6,1.1/4,6.6,3.0,444(-4),[西] 吉村圭司,202310030511
11,3,3,アルバミノル,牡5,58.0,斎藤新,0:57.9,1.3/4,104.9,12.0,484(0),[東] 中舘英二,202310030511
12,4,5,トーセンアラン,牡5,58.0,団野大成,0:57.9,クビ,91.8,11.0,534(-10),[西] 池江泰寿,202310030511
13,7,10,ララシャンドン,牡5,58.0,中井裕二,0:58.0,3/4,13.8,7.0,496(-2),[西] 坂口智康,202310030511
1,4,6,ハクサンパイオニア,牡3,56.0,幸英明,1:08.2,,7.1,3.0,486(0),[西] 清水久詞,202310030512
2,7,12,ニシノコウダイ,牡3,53.0,田口貫太,1:08.3,1,4.3,2.0,492(+6),[西] 長谷川浩,202310030512
3,3,3,トーホウフランゴ,牝3,54.0,藤岡康太,1:08.3,ハナ,3.8,1.0,434(+8),[西] 高橋康之,202310030512
4,1,1,タガノスペルノヴァ,牡5,58.0,和田竜二,1:08.4,1/2,14.6,8.0,426(+2),[西] 川村禎彦,202310030512
5,7,11,シャングリラ,牝3,51.0,今村聖奈,1:08.7,1.3/4,9.3,5.0,418(-2),[西] 杉山晴紀,202310030512
6,4,5,タガノタント,牡3,56.0,城戸義政,1:08.9,1.1/4,10.2,7.0,514(+12),[西] 鈴木孝志,202310030512
7,6,9,ジョーイルムシュ,牝3,51.0,大久保友,1:09.1,1.1/4,9.8,6.0,458(-6),[西] 清水久詞,202310030512
8,5,8,ビレッジスター,セ4,54.0,河原田菜,1:09.2,クビ,54.8,12.0,438(+4),[西] 田中克典,202310030512
9,6,10,メイショウタイゲイ,牡4,58.0,団野大成,1:09.2,クビ,51.8,11.0,458(-2),[西] 荒川義之,202310030512
10,8,13,ピースキーパー,牝4,56.0,西村淳也,1:09.3,3/4,8.4,4.0,442(+6),[西] 奥村豊,202310030512
11,3,4,ファタリテ,牡7,55.0,川端海翼,1:09.4,クビ,198.4,14.0,444(-4),[西] 大根田裕,202310030512
12,8,14,ソパーズレーン,牝3,53.0,松本大輝,1:10.3,5,33.0,10.0,472(-10),[西] 奥村豊,202310030512
13,5,7,ジュールヒート,牝3,54.0,斎藤新,1:10.6,2,79.7,13.0,432(-13),[西] 西園正都,202310030512
14,2,2,ルージュアウラ,牝3,51.0,西塚洸二,1:13.0,大,24.8,9.0,426(-4),[西] 西村真幸,202310030512
1,1,1,アートフォーム,牝2,55.0,幸英明,1:09.0,,3.6,2.0,422(-2),[西] 畑端省吾,202310030601
2,2,2,グレースルージュ,牝2,55.0,和田竜二,1:09.4,2.1/2,36.7,6.0,414(0),[西] 吉村圭司,202310030601
3,7,11,カーモス,牝2,52.0,今村聖奈,1:09.4,クビ,2.9,1.0,426(-6),[西] 高橋義忠,202310030601
4,8,13,ダイメイイチョウ,牝2,52.0,田口貫太,1:09.5,クビ,4.3,3.0,436(+4),[西] 本田優,202310030601
5,6,9,ペルドリ,牝2,52.0,西塚洸二,1:09.8,1.3/4,88.6,10.0,450(-2),[東] 小手川準,202310030601
6,6,8,ディーノサンライズ,牝2,55.0,藤岡康太,1:09.8,ハナ,7.0,4.0,434(+6),[西] 高橋康之,202310030601
7,4,5,ウインラグラス,牝2,51.0,河原田菜,1:09.8,アタマ,37.4,7.0,412(+4),[西] 吉田直弘,202310030601
8,5,6,マクッテソフィア,牝2,55.0,国分恭介,1:09.9,3/4,51.1,9.0,410(+2),[西] 川村禎彦,202310030601
9,5,7,アツヒメ,牝2,54.0,秋山稔樹,1:10.5,3.1/2,46.0,8.0,430(0),[東] 鈴木慎太,202310030601
10,4,4,フタバ,牝2,55.0,団野大成,1:11.2,4,11.4,5.0,402(+4),[西] 西村真幸,202310030601
11,3,3,ヤマカツピーチ,牝2,55.0,秋山真一,1:11.5,2,198.7,11.0,442(-4),[西] 谷潔,202310030601
12,8,12,カシノブロッサム,牝2,52.0,川端海翼,1:11.7,1.1/4,537.4,13.0,386(-2),[西] 牧田和弥,202310030601
13,7,10,メイショウポワロ,牝2,55.0,荻野極,1:12.6,5,273.5,12.0,426(-8),[西] 笹田和秀,202310030601
1,6,8,エスカル,牡2,55.0,松若風馬,0:58.1,,2.4,1.0,454(0),[西] 森秀行,202310030602
2,7,10,ドンアポロン,牡2,55.0,幸英明,0:59.2,7,4.5,3.0,444(+4),[西] 西園正都,202310030602
3,7,9,ボビーニクビッタケ,牝2,55.0,藤岡康太,1:00.0,5,7.3,4.0,456(+10),[西] 宮徹,202310030602
4,6,7,コパノマイアミ,牝2,54.0,秋山稔樹,1:00.1,クビ,4.0,2.0,460(-2),[西] 宮徹,202310030602
5,3,3,カネトシショウカ,牡2,52.0,今村聖奈,1:00.1,クビ,38.1,6.0,436(-8),[西] 寺島良,202310030602
6,4,4,アルテミーナ,牝2,54.0,泉谷楓真,1:00.2,1/2,53.2,9.0,492(-4),[西] 村山明,202310030602
7,2,2,コパノアマンダ,牝2,51.0,河原田菜,1:00.6,2.1/2,242.9,12.0,438(-4),[西] 村山明,202310030602
8,8,12,ラヴィンローゼス,牝2,55.0,団野大成,1:00.7,クビ,14.8,5.0,378(+4),[西] 西村真幸,202310030602
9,8,11,バガリーロータス,牝2,55.0,藤懸貴志,1:00.7,クビ,44.2,8.0,462(+4),[西] 石坂公一,202310030602
10,5,6,コウユーカメサンヨ,牡2,52.0,田口貫太,1:00.8,クビ,38.5,7.0,488(0),[西] 斉藤崇史,202310030602
11,5,5,フェブソラーレ,牝2,55.0,和田竜二,1:01.5,4,104.9,11.0,434(+6),[西] 川村禎彦,202310030602
12,1,1,ポンズ,牝2,52.0,川端海翼,1:01.8,1.3/4,99.1,10.0,430(-6),[西] 大根田裕,202310030602
1,5,10,タイセイフェリーク,牝3,54.0,松若風馬,1:48.0,,1.9,1.0,420(+4),[西] 田中克典,202310030603
2,4,8,ウォーターフルール,牝3,54.0,和田竜二,1:48.0,クビ,15.4,7.0,436(-4),[西] 石橋守,202310030603
3,8,16,アルアマル,牝3,54.0,斎藤新,1:48.1,1/2,10.0,4.0,438(0),[西] 安田隆行,202310030603
4,6,11,サトノキャサリン,牝3,54.0,団野大成,1:48.2,クビ,7.1,3.0,408(-2),[西] 吉村圭司,202310030603
5,1,1,ローブドゥマリエ,牝3,54.0,川須栄彦,1:48.4,1.1/4,6.1,2.0,452(-8),[西] 梅田智之,202310030603
6,4,7,キタサンエルピス,牝3,53.0,泉谷楓真,1:48.4,クビ,12.8,6.0,472(+6),[西] 本田優,202310030603
7,2,3,デルマスソバライ,牝3,51.0,今村聖奈,1:48.7,1.1/2,34.5,9.0,422(-4),[西] 千田輝彦,202310030603
8,2,4,ファイブセンス,牝3,54.0,中井裕二,1:48.8,3/4,11.3,5.0,446(-2),[西] 中内田充,202310030603
9,7,14,ピヌスアモリス,牝3,54.0,幸英明,1:48.8,ハナ,46.0,10.0,488(+6),[西] 松下武士,202310030603
10,7,13,ムティアラ,牝3,51.0,田口貫太,1:49.0,1.1/4,232.4,13.0,436(+6),[西] 高橋義忠,202310030603
11,6,12,レガリア,牝3,50.0,河原田菜,1:49.1,3/4,174.2,12.0,434(-6),[西] 田中克典,202310030603
12,5,9,シャンドゥルン,牝3,54.0,国分優作,1:49.1,ハナ,112.4,11.0,440(+2),[西] 安達昭夫,202310030603
13,3,5,トプシー,牝3,54.0,藤懸貴志,1:49.6,3,250.1,14.0,394(+4),[西] 吉田直弘,202310030603
14,3,6,アイリーン,牝3,54.0,藤岡康太,1:49.7,1/2,32.8,8.0,478(0),[西] 安田翔伍,202310030603
15,8,15,カーメルビーチ,牝3,51.0,西塚洸二,1:50.0,2,706.8,15.0,466(-2),[西] 浜田多実,202310030603
除,1,2,インダイアリー,牝3,54.0,荻野極,,,---,,444(-16),[西] 渡辺薫彦,202310030603
1,5,10,タイセイラヴィータ,牡3,56.0,藤懸貴志,1:46.1,,2.4,1.0,542(-2),[西] 田中克典,202310030604
2,1,2,モズマワシゲリ,牡3,56.0,団野大成,1:46.3,1.1/2,60.4,11.0,496(+4),[西] 鮫島一歩,202310030604
3,5,9,ホペロア,牡3,56.0,和田竜二,1:46.4,1/2,10.9,4.0,510(-8),[西] 友道康夫,202310030604
4,8,16,サンライズプラーナ,牡3,56.0,国分恭介,1:46.5,クビ,6.0,3.0,532(-2),[西] 牧浦充徳,202310030604
5,4,7,リードブロー,牡3,56.0,藤岡康太,1:46.5,アタマ,4.3,2.0,524(-8),[西] 安田翔伍,202310030604
6,2,4,クロニオス,牡3,56.0,幸英明,1:46.8,1.3/4,23.7,8.0,532(+10),[西] 西村真幸,202310030604
7,6,11,ランドティターン,牡3,56.0,国分優作,1:47.4,3.1/2,12.2,5.0,490(+2),[西] 安達昭夫,202310030604
8,7,13,ワンダフルグレイス,牝3,54.0,斎藤新,1:47.5,1/2,24.4,9.0,470(+10),[西] 長谷川浩,202310030604
9,2,3,プレミアマイン,牝3,51.0,田口貫太,1:47.6,1/2,18.4,6.0,470(-10),[西] 坂口智康,202310030604
10,4,8,アルファゼウス,牡3,52.0,河原田菜,1:47.9,2,21.3,7.0,458(0),[西] 松永昌博,202310030604
11,7,14,ダンスフォーユー,牝3,51.0,今村聖奈,1:48.3,2.1/2,105.9,13.0,468(-4),[西] 石坂公一,202310030604
12,8,15,キスウマイ,牡3,53.0,大久保友,1:48.5,1,308.9,15.0,496(-2),[西] 松永幹夫,202310030604
13,1,1,ライアンバローズ,牡3,56.0,松若風馬,1:48.7,1.1/4,27.6,10.0,508(+3),[西] 渡辺薫彦,202310030604
14,3,5,サザンショア,牝3,54.0,秋山真一,1:48.7,クビ,79.5,12.0,420(+2),[西] 吉村圭司,202310030604
15,6,12,ディヴァインアロー,牡3,53.0,川端海翼,1:49.7,6,327.0,16.0,484(+6),[西] 昆貢,202310030604
16,3,6,バージャンフォース,牡3,56.0,荻野極,1:56.3,大,110.8,14.0,504(-4),[西] 矢作芳人,202310030604
1,3,3,トレンシャリー,牡2,55.0,幸英明,1:09.8,,17.2,5.0,438(0),[西] 寺島良,202310030605
2,8,8,モズトキキ,牝2,54.0,泉谷楓真,1:10.0,1.1/2,24.3,7.0,538(0),[西] 村山明,202310030605
3,2,2,プロトアステール,牝2,52.0,今村聖奈,1:10.2,1.1/4,3.5,2.0,428(0),[西] 寺島良,202310030605
4,7,7,サンウリエル,牡2,55.0,松若風馬,1:10.5,1.3/4,5.3,4.0,468(0),[西] 宮本博,202310030605
5,4,4,ウェディングケーキ,牝2,55.0,水口優也,1:10.5,クビ,4.4,3.0,440(0),[西] 羽月友彦,202310030605
6,8,9,ダディーズアイル,牡2,55.0,藤岡康太,1:10.6,1/2,3.4,1.0,452(0),[西] 千田輝彦,202310030605
7,6,6,ランウインディ,牝2,55.0,川須栄彦,1:11.2,3.1/2,19.8,6.0,450(0),[西] 中尾秀正,202310030605
8,5,5,クリノスピネル,牝2,55.0,和田竜二,1:11.3,3/4,34.8,8.0,444(0),[西] 川村禎彦,202310030605
9,1,1,マルモリハピネス,牝2,51.0,河原田菜,1:11.8,3,38.5,9.0,472(0),[西] 石橋守,202310030605
1,8,17,ピースオブザライフ,牝3,54.0,団野大成,2:01.1,,8.2,5.0,474(-4),[西] 野中賢二,202310030606
2,7,14,レッドマジック,牡3,56.0,幸英明,2:01.1,アタマ,7.6,4.0,474(+4),[西] 矢作芳人,202310030606
3,3,5,コントリビューター,牡3,56.0,国分恭介,2:01.3,1.1/4,6.5,3.0,464(-2),[西] 野中賢二,202310030606
4,7,13,イーヴイ,牡3,56.0,川須栄彦,2:01.5,3/4,9.5,6.0,442(0),[西] 鮫島一歩,202310030606
5,2,3,シャンデルナゴル,牡3,56.0,藤岡康太,2:01.6,1/2,3.0,1.0,486(0),[西] 石坂公一,202310030606
6,7,15,ワンダーミズキ,牡3,53.0,西塚洸二,2:01.6,ハナ,63.1,12.0,392(0),[西] 高柳大輔,202310030606
7,6,11,ナンゴクタフネット,セ3,56.0,松若風馬,2:01.6,クビ,28.5,7.0,522(-2),[西] 鮫島一歩,202310030606
8,8,18,コステロアスール,牡3,56.0,和田竜二,2:01.7,3/4,4.2,2.0,450(+2),[西] 鈴木孝志,202310030606
9,8,16,デルマモナーク,牡3,56.0,斎藤新,2:02.0,1.3/4,86.9,14.0,444(-4),[西] 安田翔伍,202310030606
10,5,9,スパーキングブルー,牡3,55.0,秋山稔樹,2:02.5,3,222.7,17.0,478(0),[西] 牧田和弥,202310030606
11,2,4,ショウナンダグラス,牡3,53.0,大久保友,2:02.6,1,33.3,8.0,472(+2),[西] 茶木太樹,202310030606
12,5,10,ランスオブビーナス,牝3,53.0,泉谷楓真,2:02.6,アタマ,56.6,10.0,498(+2),[西] 本田優,202310030606
13,4,7,キタイノオノコ,牡3,56.0,藤懸貴志,2:02.9,1.3/4,168.2,16.0,436(-10),[西] 本田優,202310030606
14,6,12,レインシュプリーム,牡3,53.0,田口貫太,2:03.4,3,58.8,11.0,382(-10),[西] 橋口慎介,202310030606
15,4,8,ダイヤモンドロワ,牡3,56.0,小牧太,2:03.8,2.1/2,55.6,9.0,428(-8),[西] 笹田和秀,202310030606
16,3,6,メイショウコウテツ,牡3,52.0,河原田菜,2:03.9,1/2,73.7,13.0,416(-12),[西] 角田晃一,202310030606
17,1,1,メイショウマニス,牝3,51.0,今村聖奈,2:04.0,3/4,121.9,15.0,410(-4),[西] 高橋義忠,202310030606
18,1,2,グレースレニー,牝3,54.0,高倉稜,2:05.0,6,268.4,18.0,468(+2),[西] 羽月友彦,202310030606
1,2,4,マルベリーシチー,牡3,55.0,斎藤新,1:45.4,,8.4,3.0,476(+14),[西] 橋口慎介,202310030607
2,5,9,スマラグドス,牡3,52.0,田口貫太,1:45.6,1.1/4,2.3,1.0,460(0),[西] 西園正都,202310030607
3,3,5,スマートハンター,牡3,55.0,団野大成,1:45.6,ハナ,35.9,9.0,506(+2),[西] 中村直也,202310030607
4,1,2,カズペトシーン,牡3,55.0,和田竜二,1:46.0,2.1/2,4.0,2.0,488(+8),[西] 池添学,202310030607
5,8,16,ワンダーウィルク,牡4,58.0,松若風馬,1:46.1,クビ,10.4,5.0,508(+6),[西] 今野貞一,202310030607
6,6,11,サーティファイド,牡4,58.0,幸英明,1:46.1,クビ,39.5,10.0,482(+6),[西] 鮫島一歩,202310030607
7,3,6,サンライズジョワ,牡4,58.0,川須栄彦,1:46.4,1.3/4,236.3,15.0,470(+10),[西] 音無秀孝,202310030607
8,4,7,テイエムシップ,牡4,55.0,西塚洸二,1:46.5,クビ,16.9,6.0,522(-4),[西] 飯田雄三,202310030607
9,7,13,コンドリュール,牡3,55.0,藤岡康太,1:46.6,1/2,9.9,4.0,460(-6),[西] 安田翔伍,202310030607
10,5,10,メルテミア,牡5,55.0,今村聖奈,1:46.6,クビ,140.2,14.0,470(+10),[西] 小栗実,202310030607
11,1,1,ソルトゴールド,牡4,58.0,国分恭介,1:46.7,3/4,60.5,11.0,522(+10),[西] 木原一良,202310030607
12,4,8,イエスウィズキャン,牡3,55.0,国分優作,1:46.8,クビ,21.2,7.0,552(+6),[西] 松永昌博,202310030607
13,8,15,ワンダーアマルフィ,牡6,54.0,河原田菜,1:46.9,3/4,70.1,12.0,484(-6),[西] 石橋守,202310030607
14,6,12,ソウルユニバンス,セ6,58.0,藤懸貴志,1:46.9,クビ,79.7,13.0,486(-10),[西] 平田修,202310030607
15,7,14,トーホウレーゲン,牡3,55.0,秋山真一,1:46.9,アタマ,22.3,8.0,442(0),[西] 石坂公一,202310030607
16,2,3,クロノスミノル,牡4,57.0,泉谷楓真,1:48.6,10,273.5,16.0,560(+10),[西] 本田優,202310030607
1,6,7,フォーチュンコード,牝3,53.0,秋山真一,1:59.2,,45.3,10.0,466(0),[西] 小林真也,202310030608
2,4,4,アウフヘーベン,牝3,53.0,太宰啓介,1:59.4,1.1/4,5.4,3.0,452(+4),[西] 高橋亮,202310030608
3,8,11,ドナウパール,牝3,53.0,団野大成,1:59.6,1.1/4,3.6,2.0,446(+8),[西] 斉藤崇史,202310030608
4,5,5,ゴルトシュミーデ,牝4,53.0,今村聖奈,1:59.6,クビ,5.4,4.0,430(-6),[西] 村山明,202310030608
5,1,1,ラスマドレス,牝4,56.0,斎藤新,1:59.7,クビ,18.5,6.0,458(+6),[西] 安田隆行,202310030608
6,5,6,ロスティチェーレ,牝3,53.0,幸英明,1:59.9,1.1/4,3.1,1.0,462(-2),[西] 松下武士,202310030608
7,3,3,ベレザニーニャ,牝3,53.0,和田竜二,2:00.0,3/4,21.5,8.0,476(+2),[西] 小崎憲,202310030608
8,6,8,ナムララジベラ,牝3,53.0,高倉稜,2:00.3,2,46.5,11.0,462(+8),[西] 杉山晴紀,202310030608
9,7,9,コイニョウボウ,牝3,50.0,田口貫太,2:00.5,1.1/4,14.1,5.0,396(-6),[西] 中尾秀正,202310030608
10,7,10,ルソルティール,牝3,53.0,藤岡康太,2:01.0,3,20.2,7.0,426(+2),[西] 清水久詞,202310030608
11,2,2,エクローサ,牝3,53.0,松若風馬,2:01.0,クビ,39.6,9.0,448(+2),[西] 坂口智康,202310030608
12,8,12,ハイラブサンケイ,牝5,53.0,川端海翼,2:04.2,大,349.5,12.0,518(-6),[西] 大根田裕,202310030608
1,7,10,サクセスドレーク,牡4,58.0,国分恭介,1:48.3,,2.0,1.0,496(-2),[西] 野中賢二,202310030609
2,8,11,スカーズ,牡3,55.0,団野大成,1:48.5,1.1/2,21.4,6.0,496(+8),[西] 武幸四郎,202310030609
3,2,2,サンライズタイソン,牡3,55.0,秋山真一,1:48.5,クビ,13.6,4.0,422(-8),[西] 平田修,202310030609
4,5,6,エクロール,牝4,56.0,荻野極,1:48.6,クビ,49.4,9.0,426(+6),[西] 長谷川浩,202310030609
5,7,9,テイエムエメラルド,牝5,56.0,田中健,1:48.7,1/2,15.3,5.0,466(-4),[西] 飯田雄三,202310030609
6,1,1,パーサヴィアランス,牡4,58.0,和田竜二,1:48.7,クビ,8.2,3.0,458(0),[西] 西村真幸,202310030609
7,8,12,シテ,牡3,55.0,幸英明,1:48.8,1/2,58.1,11.0,464(-4),[西] 石坂公一,202310030609
8,5,5,コスモエポラール,牝3,53.0,泉谷楓真,1:48.9,クビ,49.4,10.0,428(-6),[西] 長谷川浩,202310030609
9,6,8,フォミルマジック,牝3,53.0,西塚洸二,1:48.9,クビ,24.0,7.0,454(+8),[西] 藤原英昭,202310030609
10,3,3,アルタビスタ,牝3,53.0,藤岡康太,1:49.1,1.1/4,2.9,2.0,462(+4),[西] 松永幹夫,202310030609
11,4,4,ニホンピロパークス,牝3,53.0,水口優也,1:49.4,1.1/2,140.4,12.0,414(-4),[西] 大橋勇樹,202310030609
12,6,7,ホープインザダーク,牡4,58.0,斎藤新,1:51.0,10,42.6,8.0,504(-11),[西] 庄野靖志,202310030609
1,2,4,グラストンベリー,牝4,52.0,川須栄彦,1:43.9,,176.4,16.0,432(-2),[西] 藤岡健一,202310030610
2,3,5,メイショウモズ,牡3,55.0,幸英明,1:44.7,5,1.5,1.0,502(+8),[西] 松永昌博,202310030610
3,6,12,トゥルブレンシア,セ6,54.0,田口貫太,1:45.0,1.1/2,25.4,8.0,456(0),[西] 藤沢則雄,202310030610
4,1,2,モズブーナー,牝4,53.0,松若風馬,1:45.0,クビ,15.5,4.0,480(-14),[西] 音無秀孝,202310030610
5,5,10,メイショウヨシテル,牡5,56.0,太宰啓介,1:45.1,クビ,27.2,10.0,482(+6),[西] 安達昭夫,202310030610
6,2,3,トーアシオン,セ7,55.0,斎藤新,1:45.1,クビ,23.6,6.0,478(-6),[東] 辻哲英,202310030610
7,4,7,エナジーポコアポコ,牡3,53.0,今村聖奈,1:45.2,1/2,23.9,7.0,456(-6),[西] 高柳大輔,202310030610
8,3,6,アレマーナ,牝4,52.0,団野大成,1:45.4,1.1/4,57.5,12.0,490(+2),[西] 松下武士,202310030610
9,4,8,クリノニキータ,牝6,52.0,藤懸貴志,1:45.5,1/2,21.5,5.0,478(-10),[西] 大根田裕,202310030610
10,7,14,エルザストラウム,牝4,53.0,藤岡康太,1:45.7,1,25.9,9.0,456(-4),[西] 武幸四郎,202310030610
11,5,9,ラブスピール,牝6,51.0,高倉稜,1:45.7,アタマ,156.3,15.0,450(-4),[西] 森田直行,202310030610
12,8,15,タケルラスティ,牡6,55.0,国分恭介,1:46.1,2.1/2,116.6,14.0,506(-4),[西] 小崎憲,202310030610
13,8,16,アルムラトゥール,牡3,54.0,水口優也,1:46.8,4,28.6,11.0,504(0),[西] 川村禎彦,202310030610
14,7,13,グラシアス,牡3,54.0,和田竜二,1:47.4,4,12.2,3.0,446(+2),[東] 中舘英二,202310030610
15,6,11,オバケノキンタ,牡3,52.0,国分優作,1:47.5,1/2,81.1,13.0,462(0),[西] 大根田裕,202310030610
16,1,1,メイショウゲキリン,牡4,56.0,荻野極,1:49.2,10,8.6,2.0,528(0),[西] 笹田和秀,202310030610
1,4,4,カントル,牡7,57.0,団野大成,1:45.9,,8.4,5.0,472(-10),[西] 藤原英昭,202310030611
2,2,2,ワールドリバイバル,牡5,57.0,松若風馬,1:45.9,クビ,13.9,7.0,514(+4),[西] 牧田和弥,202310030611
3,7,10,グラティアス,牡5,57.0,和田竜二,1:46.5,3.1/2,5.2,2.0,500(+6),[西] 安田隆行,202310030611
4,7,9,タガノパッション,牝5,55.0,秋山真一,1:46.7,1,5.6,3.0,474(-2),[西] 武幸四郎,202310030611
5,8,12,トップオブメジャー,牡7,57.0,国分優作,1:46.7,ハナ,99.8,12.0,492(-4),[西] 辻野泰之,202310030611
6,5,6,シュヴァリエローズ,牡5,57.0,藤岡康太,1:47.0,1.1/2,3.5,1.0,454(-8),[西] 清水久詞,202310030611
7,3,3,ヴィクティファルス,セ5,58.0,荻野極,1:47.1,3/4,16.6,8.0,470(-4),[西] 池添学,202310030611
8,8,11,ソリタリオ,牡4,57.0,斎藤新,1:47.1,ハナ,22.4,9.0,478(+2),[西] 西村真幸,202310030611
9,5,5,カレンシュトラウス,牡6,58.0,藤懸貴志,1:47.4,1.1/2,6.4,4.0,518(-2),[西] 平田修,202310030611
10,6,8,ラセット,牡8,58.0,加藤祥太,1:47.6,1.1/4,36.7,11.0,472(-10),[西] 庄野靖志,202310030611
11,1,1,ヴィゴーレ,牡5,57.0,幸英明,1:48.3,4,31.1,10.0,488(-4),[地] 高野毅,202310030611
12,6,7,ノルカソルカ,牡6,57.0,川須栄彦,1:51.1,大,12.6,6.0,500(-6),[西] 藤岡健一,202310030611
1,7,11,フォルティーナ,牝3,51.0,川端海翼,0:57.9,,89.6,13.0,434(+4),[西] 石橋守,202310030612
2,1,1,エランティス,牝3,54.0,松若風馬,0:57.9,ハナ,1.4,1.0,478(0),[西] 杉山晴紀,202310030612
3,6,9,マルモリキング,牡3,53.0,田口貫太,0:58.1,1.1/4,11.4,4.0,520(+4),[西] 大橋勇樹,202310030612
4,8,14,ザモウコダマシイ,牝5,56.0,藤懸貴志,0:58.4,1.3/4,24.5,6.0,454(-2),[西] 坂口智康,202310030612
5,3,4,グッドウッドガイ,牡4,58.0,中井裕二,0:58.5,1/2,16.3,5.0,520(+16),[西] 村山明,202310030612
6,6,10,ルパルテール,牝4,53.0,西塚洸二,0:58.6,1/2,46.4,9.0,430(+1),[西] 新谷功一,202310030612
7,5,7,ラブミーモナコ,牝3,53.0,秋山稔樹,0:58.6,アタマ,52.3,10.0,440(+5),[西] 村山明,202310030612
8,8,13,パクスロマーナ,牝3,54.0,国分優作,0:58.6,クビ,27.0,8.0,424(-2),[西] 大橋勇樹,202310030612
9,2,2,プライムレート,牝3,54.0,水口優也,0:58.9,1.1/2,8.7,2.0,478(+6),[西] 笹田和秀,202310030612
10,7,12,カネトシディーバ,牝5,56.0,国分恭介,0:59.2,1.3/4,57.7,12.0,474(-6),[西] 高橋康之,202310030612
11,5,8,シンゼンシャイン,牡5,58.0,太宰啓介,0:59.2,アタマ,11.4,3.0,506(0),[西] 飯田祐史,202310030612
12,4,5,レインボーウェザー,牝3,51.0,今村聖奈,0:59.2,ハナ,25.1,7.0,464(+2),[西] 今野貞一,202310030612
13,3,3,オーサムサンライズ,牝3,54.0,斎藤新,0:59.2,クビ,53.8,11.0,404(0),[西] 石坂公一,202310030612
14,4,6,ニホンピロラブリー,牝5,52.0,河原田菜,0:59.4,3/4,135.6,14.0,490(+10),[西] 大橋勇樹,202310030612
1,2,2,ルシフェル,牝2,55.0,団野大成,2:05.2,,1.1,1.0,482(+6),[西] 斉藤崇史,202310030701
2,7,7,チョメチョメ,牡2,52.0,田口貫太,2:05.9,4,29.1,5.0,454(-2),[西] 牧田和弥,202310030701
3,1,1,スマートストラグル,牡2,55.0,秋山真一,2:06.0,クビ,109.7,8.0,444(-8),[西] 四位洋文,202310030701
4,8,9,オイデレオ,牡2,55.0,太宰啓介,2:06.0,クビ,19.7,4.0,500(-2),[西] 荒川義之,202310030701
5,8,8,ベルベットハンマー,牝2,54.0,角田大河,2:06.2,1.1/4,17.6,3.0,424(+2),[東] 天間昭一,202310030701
6,6,6,チョウゲンキ,牡2,55.0,松若風馬,2:06.2,クビ,72.3,7.0,432(+2),[西] 羽月友彦,202310030701
7,3,3,ブルボンクイーン,牝2,55.0,酒井学,2:06.3,クビ,11.5,2.0,456(+12),[西] 角田晃一,202310030701
8,4,4,ヴァシロペス,牡2,55.0,藤岡康太,2:07.4,7,37.0,6.0,450(-14),[西] 大久保龍,202310030701
9,5,5,タイバ,牡2,55.0,水口優也,2:11.1,大,219.7,9.0,498(-4),[東] 浅野洋一,202310030701
1,3,6,イーグルノワール,牡2,52.0,永島まな,1:46.1,,3.8,2.0,522(+4),[西] 音無秀孝,202310030702
2,4,7,エートラックス,牡2,55.0,団野大成,1:46.4,1.1/2,4.4,3.0,496(+10),[西] 宮本博,202310030702
3,6,11,ハリウッドパーク,牝2,55.0,和田竜二,1:46.6,1.1/2,10.2,4.0,490(-2),[西] 長谷川浩,202310030702
4,6,12,アイスリンディ,牝2,55.0,松若風馬,1:47.2,3.1/2,38.3,9.0,424(-12),[西] 高柳大輔,202310030702
5,3,5,アンモシエラ,牝2,55.0,幸英明,1:47.6,2.1/2,16.3,7.0,494(-6),[西] 松永幹夫,202310030702
6,5,10,ドゥマイシング,牡2,55.0,荻野極,1:48.1,3,3.5,1.0,488(-4),[西] 矢作芳人,202310030702
7,1,2,イエデゴロゴロ,牝2,55.0,国分恭介,1:48.1,ハナ,138.6,12.0,422(-2),[西] 畑端省吾,202310030702
8,5,9,エーアイキリシマ,牡2,55.0,川島信二,1:48.5,2,239.2,14.0,428(-4),[西] 村山明,202310030702
9,7,13,タガノエクレール,牝2,51.0,河原田菜,1:48.5,クビ,15.0,6.0,450(+2),[西] 西園正都,202310030702
10,2,4,ノリピー,牝2,52.0,今村聖奈,1:48.7,1,48.9,10.0,444(0),[西] 西園翔太,202310030702
11,1,1,ピエサエルモソ,牝2,52.0,西塚洸二,1:48.9,1.1/4,337.2,16.0,480(-2),[西] 加用正,202310030702
12,7,14,サザンカ,牝2,54.0,角田大河,1:49.3,2.1/2,13.0,5.0,474(+2),[西] 角田晃一,202310030702
13,4,8,ノットイナフ,牡2,55.0,岩田望来,1:49.4,1/2,33.3,8.0,456(+2),[西] 浜田多実,202310030702
14,2,3,ダイヤフレンド,牝2,55.0,森裕太朗,1:50.2,5,270.3,15.0,466(+4),[西] 羽月友彦,202310030702
15,8,16,ランブルフィッシュ,牡2,52.0,田口貫太,1:52.0,大,156.8,13.0,428(-8),[西] 中竹和也,202310030702
16,8,15,タイキエルキーオ,牡2,55.0,酒井学,1:52.4,2.1/2,66.5,11.0,462(0),[西] 谷潔,202310030702
1,3,6,レディメローラ,牝3,54.0,幸英明,1:08.7,,28.8,10.0,402(-2),[西] 北出成人,202310030703
2,6,12,ジャパンノウレッジ,牝3,54.0,藤懸貴志,1:08.8,1,16.9,8.0,446(0),[西] 寺島良,202310030703
3,2,4,ハッピーアズラリー,牝3,51.0,今村聖奈,1:08.9,1/2,10.3,4.0,430(-4),[西] 安田翔伍,202310030703
4,7,13,タマモメガジョッキ,牡3,56.0,川須栄彦,1:08.9,アタマ,15.1,6.0,460(+2),[西] 緒方努,202310030703
5,6,11,リアライズ,牡3,55.0,角田大河,1:09.1,1.1/4,7.7,2.0,494(+4),[西] 石橋守,202310030703
6,8,18,ジョーシーゲル,牝3,51.0,田口貫太,1:09.3,1,16.4,7.0,476(-4),[西] 松下武士,202310030703
7,5,10,メイショウエース,牡3,56.0,太宰啓介,1:09.6,2,55.2,13.0,500(-2),[西] 西園正都,202310030703
8,2,3,メイショウミチロク,牡3,56.0,田中健,1:09.6,アタマ,270.7,16.0,492(+7),[西] 荒川義之,202310030703
9,5,9,ドウフォルス,牡3,56.0,藤岡康太,1:09.7,クビ,8.5,3.0,486(-4),[西] 友道康夫,202310030703
10,7,15,マカーリオ,牝3,54.0,和田竜二,1:09.7,クビ,33.4,11.0,486(0),[西] 飯田祐史,202310030703
11,1,2,タイセイサーマル,牡3,56.0,岩田望来,1:09.9,3/4,11.5,5.0,456(+2),[西] 牧浦充徳,202310030703
12,8,17,イストロス,セ3,56.0,荻野極,1:10.1,1.1/2,28.7,9.0,494(-6),[西] 音無秀孝,202310030703
13,4,8,ミエノリュウセイ,牡3,56.0,長岡禎仁,1:10.4,1.3/4,239.3,15.0,478(+4),[西] 高橋亮,202310030703
14,1,1,カシノフェリクス,牝3,51.0,大久保友,1:10.4,アタマ,578.8,18.0,414(-4),[西] 藤沢則雄,202310030703
15,7,14,ゴレアドール,牝3,51.0,永島まな,1:10.6,1.1/4,2.1,1.0,402(-4),[西] 大久保龍,202310030703
16,4,7,ワンダーカラフル,牡3,53.0,西塚洸二,1:10.8,1.1/4,34.3,12.0,502(+8),[西] 河内洋,202310030703
17,8,16,トラヴォルジェンテ,牡3,53.0,川端海翼,1:11.7,5,113.0,14.0,538(+4),[西] 安田隆行,202310030703
18,3,5,ルーラーソニオ,牝3,50.0,河原田菜,1:11.8,1/2,437.2,17.0,410(-10),[西] 笹田和秀,202310030703
1,8,16,ウインエーデル,牝3,51.0,永島まな,1:48.4,,3.1,1.0,444(0),[西] 吉田直弘,202310030704
2,4,7,ローブドゥマリエ,牝3,54.0,松若風馬,1:48.6,1.1/4,17.8,8.0,450(-2),[西] 梅田智之,202310030704
3,2,3,ロジウムエポック,牡3,53.0,今村聖奈,1:48.7,1/2,28.0,11.0,470(-4),[西] 四位洋文,202310030704
4,7,13,コントリビューター,牡3,56.0,岩田望来,1:48.7,アタマ,14.0,6.0,456(-8),[西] 野中賢二,202310030704
5,6,12,コパノサントス,牡3,56.0,幸英明,1:48.7,アタマ,5.0,2.0,456(+8),[西] 梅田智之,202310030704
6,7,14,マテンロウシップ,牡3,56.0,太宰啓介,1:48.9,1.1/4,28.0,10.0,482(+8),[西] 昆貢,202310030704
7,2,4,ウォーターフルール,牝3,54.0,酒井学,1:49.1,1.1/4,14.2,7.0,436(0),[西] 石橋守,202310030704
8,3,5,サトノキャサリン,牝3,54.0,団野大成,1:49.2,1/2,7.6,3.0,408(0),[西] 吉村圭司,202310030704
9,4,8,レオナイン,牡3,56.0,国分恭介,1:49.2,クビ,30.3,13.0,464(+14),[西] 西園翔太,202310030704
10,1,1,プロヴァーブ,牝3,54.0,和田竜二,1:49.4,1,12.0,4.0,432(+4),[西] 佐々木晶,202310030704
11,5,9,イーヴイ,牡3,56.0,川須栄彦,1:49.4,クビ,29.4,12.0,444(+2),[西] 鮫島一歩,202310030704
12,6,11,サンライズサラー,牡3,55.0,角田大河,1:49.9,3,68.1,16.0,448(-4),[西] 庄野靖志,202310030704
13,3,6,アメイジングスター,牡3,56.0,荻野極,1:50.0,1/2,13.5,5.0,448(-6),[西] 茶木太樹,202310030704
14,1,2,カースソーサラー,牡3,52.0,河原田菜,1:51.1,7,23.2,9.0,492(0),[西] 吉岡辰弥,202310030704
15,5,10,グラシリスティラ,牝3,51.0,田口貫太,1:51.3,1.1/4,39.5,15.0,456(+18),[西] 吉村圭司,202310030704
16,8,15,ワイズメアリー,牝3,54.0,藤岡康太,1:51.6,2,35.4,14.0,478(+8),[西] 千田輝彦,202310030704
1,7,11,カルチャーデイ,牝2,55.0,酒井学,1:10.1,,10.5,4.0,418(0),[西] 四位洋文,202310030705
2,8,13,ロードマイライフ,牡2,55.0,岩田望来,1:10.3,1.1/4,2.4,1.0,480(0),[西] 杉山晴紀,202310030705
3,5,6,エルプロフェッサー,牝2,52.0,永島まな,1:10.5,1.1/4,23.0,7.0,408(0),[西] 高橋康之,202310030705
4,2,2,メイショウハッブル,牡2,54.0,角田大河,1:10.5,クビ,8.7,3.0,468(0),[西] 石橋守,202310030705
5,1,1,ワキノルーチェ,牝2,54.0,秋山稔樹,1:10.7,1.1/4,53.6,9.0,398(0),[西] 高橋義忠,202310030705
6,6,9,ジャスパーノワール,牡2,55.0,団野大成,1:10.9,1,3.1,2.0,508(0),[西] 森秀行,202310030705
7,6,8,ミランカ,牝2,55.0,幸英明,1:11.0,3/4,55.3,10.0,448(0),[西] 中尾秀正,202310030705
8,5,7,グッドムード,牝2,52.0,今村聖奈,1:11.4,2.1/2,17.4,6.0,420(0),[西] 寺島良,202310030705
9,7,10,テクノドラゴン,牡2,51.0,河原田菜,1:11.7,1.3/4,36.9,8.0,436(0),[西] 宮本博,202310030705
10,8,12,ヤシマ,牡2,55.0,和田竜二,1:11.8,クビ,66.8,11.0,496(0),[西] 加用正,202310030705
11,4,4,メイケイアリッサム,牝2,55.0,藤岡康太,1:12.3,3,15.4,5.0,442(0),[西] 中竹和也,202310030705
12,4,5,タイガーエルドラド,牝2,52.0,田口貫太,1:12.9,3.1/2,170.6,13.0,450(0),[西] 大橋勇樹,202310030705
13,3,3,エスオーライジング,牡2,55.0,高倉稜,1:13.0,3/4,125.6,12.0,474(0),[西] 木原一良,202310030705
1,3,4,レインメーカー,牡3,56.0,藤岡康太,0:58.4,,6.5,3.0,436(0),[西] 安田翔伍,202310030706
2,6,9,カナウ,牡3,53.0,田口貫太,0:58.7,1.1/2,2.8,1.0,542(+2),[西] 杉山晴紀,202310030706
3,1,1,ライリーミノル,牡3,55.0,泉谷楓真,0:58.8,3/4,51.7,11.0,506(+12),[西] 本田優,202310030706
4,8,14,ルクスメテオール,牡3,53.0,永島まな,0:58.8,クビ,3.7,2.0,484(+6),[西] 小林真也,202310030706
5,2,2,ミヅキ,牝3,54.0,団野大成,0:59.0,1,28.8,10.0,428(0),[西] 笹田和秀,202310030706
6,8,13,フルオブプレイズ,牡3,53.0,西塚洸二,0:59.1,3/4,24.2,8.0,478(0),[西] 小林真也,202310030706
7,4,6,ジナ,牝3,54.0,高倉稜,0:59.1,ハナ,19.7,7.0,492(0),[西] 田中克典,202310030706
8,4,5,テイエムサンローズ,牝3,54.0,田中健,0:59.2,3/4,12.8,5.0,448(0),[西] 飯田雄三,202310030706
9,5,8,ティタン,牝3,54.0,長岡禎仁,0:59.5,1.1/2,15.0,6.0,464(0),[西] 杉山佳明,202310030706
10,7,11,ウルトラワールド,牡3,56.0,川須栄彦,0:59.6,3/4,26.0,9.0,462(+2),[西] 中尾秀正,202310030706
11,6,10,ピエルナフェルテ,牡3,56.0,藤懸貴志,0:59.7,クビ,145.2,14.0,496(+1),[西] 小崎憲,202310030706
12,7,12,メイショウリリアム,牝3,54.0,太宰啓介,0:59.8,3/4,127.8,13.0,444(+2),[西] 高橋亮,202310030706
13,3,3,メイショウバラッド,牝3,54.0,和田竜二,0:59.8,ハナ,8.3,4.0,478(+8),[西] 長谷川浩,202310030706
14,5,7,クルチェット,牝3,54.0,国分優作,1:00.5,4,96.2,12.0,444(-4),[西] 辻野泰之,202310030706
1,7,14,バースクライ,牝3,54.0,岩田望来,1:08.4,,1.9,1.0,482(+8),[西] 千田輝彦,202310030707
2,5,10,マメコ,牝4,56.0,藤岡康太,1:08.5,1/2,9.0,4.0,440(-8),[西] 武英智,202310030707
3,1,1,ビーナスローズ,牝4,56.0,長岡禎仁,1:08.8,2,25.1,8.0,434(+8),[西] 杉山佳明,202310030707
4,5,9,アコルダール,牝5,56.0,松若風馬,1:09.1,2,28.7,9.0,460(+4),[西] 西園翔太,202310030707
5,8,16,アエリーゾ,牝4,55.0,角田大河,1:09.3,1,38.5,10.0,464(+2),[西] 庄野靖志,202310030707
6,7,15,トーホウジュナール,牝5,56.0,荻野極,1:09.3,クビ,6.5,2.0,472(-4),[西] 谷潔,202310030707
7,8,18,エリカフェリーチェ,牝4,56.0,和田竜二,1:09.4,1/2,86.4,13.0,474(+2),[西] 吉岡辰弥,202310030707
8,3,6,ラブリアージェ,牝4,56.0,幸英明,1:09.6,1,20.8,6.0,474(+12),[西] 昆貢,202310030707
9,2,4,ハルカナネガイ,牝4,52.0,河原田菜,1:09.6,ハナ,14.3,5.0,426(-2),[西] 大橋勇樹,202310030707
10,1,2,レガーミ,牝4,56.0,高倉稜,1:09.6,アタマ,154.3,16.0,500(0),[西] 木原一良,202310030707
11,8,17,イザベラフジン,牝3,54.0,川島信二,1:09.7,3/4,431.2,18.0,436(-20),[西] 荒川義之,202310030707
12,7,13,ニホンピロポート,牝4,53.0,田口貫太,1:09.9,1.1/4,128.5,15.0,454(+4),[西] 安達昭夫,202310030707
13,6,11,カレンラファータ,牝4,56.0,秋山真一,1:10.0,クビ,62.7,12.0,446(+14),[西] 鈴木孝志,202310030707
14,4,7,ピースキーパー,牝4,56.0,森一馬,1:10.2,1.1/4,104.7,14.0,434(-8),[西] 奥村豊,202310030707
15,3,5,ベルタソ,牝3,54.0,国分恭介,1:10.2,アタマ,21.2,7.0,450(+12),[西] 小崎憲,202310030707
16,6,12,アイヴォリーアイ,牝5,56.0,団野大成,1:10.2,アタマ,40.7,11.0,498(+4),[西] 坂口智康,202310030707
17,4,8,シュガープラム,牝3,51.0,永島まな,1:10.4,1,276.5,17.0,440(0),[西] 高橋康之,202310030707
18,2,3,カンフーダンス,牝3,51.0,今村聖奈,1:11.5,7,8.0,3.0,474(+14),[西] 平田修,202310030707
1,5,5,ブリンク,牝5,55.0,角田大河,2:01.0,,51.7,9.0,482(+4),[西] 吉岡辰弥,202310030708
2,8,10,アリスヴェリテ,牝3,53.0,岩田望来,2:01.1,クビ,1.6,1.0,446(+2),[西] 中竹和也,202310030708
3,6,6,イリスレーン,牝3,50.0,永島まな,2:01.2,1/2,4.4,2.0,474(-6),[西] 清水久詞,202310030708
4,8,9,フラリオナ,牝5,56.0,秋山真一,2:01.3,3/4,9.0,3.0,424(0),[西] 平田修,202310030708
5,3,3,サトノヴィーナス,牝6,53.0,今村聖奈,2:02.3,6,25.3,7.0,492(+6),[西] 平田修,202310030708
6,1,1,タガノタント,牡3,55.0,国分恭介,2:02.3,クビ,34.5,8.0,512(-2),[西] 鈴木孝志,202310030708
7,7,7,メモリーズオブユー,牡3,55.0,藤岡康太,2:02.5,1,13.5,5.0,514(+4),[西] 高橋義忠,202310030708
8,7,8,サトノマジェスタ,牡5,58.0,和田竜二,2:02.5,クビ,20.1,6.0,486(-2),[西] 音無秀孝,202310030708
9,4,4,ヴァンデスト,牝4,53.0,田口貫太,2:02.9,2,81.5,10.0,406(0),[西] 大橋勇樹,202310030708
10,2,2,カシノインディード,牡3,55.0,松若風馬,2:03.8,5,9.9,4.0,462(-2),[西] 牧田和弥,202310030708
1,7,11,ビオグラフィア,牡5,58.0,幸英明,1:44.9,,35.3,8.0,494(+6),[西] 松下武士,202310030709
2,3,3,メイショウマントル,牡5,58.0,国分優作,1:45.1,1,80.2,13.0,520(0),[西] 安達昭夫,202310030709
3,1,1,タイセイウォリアー,牡3,55.0,田口貫太,1:45.1,アタマ,19.6,6.0,484(0),[西] 大橋勇樹,202310030709
4,5,7,フェルヴェンテ,牡3,55.0,団野大成,1:45.2,1/2,2.8,1.0,462(-6),[西] 加用正,202310030709
5,4,6,タイキドミニオン,牡5,58.0,藤岡康太,1:45.2,ハナ,11.8,5.0,524(+4),[西] 高野友和,202310030709
6,3,4,アイファーテイオー,牡3,55.0,藤懸貴志,1:45.5,1.3/4,8.2,4.0,444(-4),[西] 鮫島一歩,202310030709
7,6,9,ワンダフルトゥデイ,牡4,58.0,水口優也,1:45.6,3/4,44.9,9.0,520(-2),[西] 中尾秀正,202310030709
8,6,10,テーオーレガシー,牡3,55.0,秋山稔樹,1:45.8,1.1/4,6.8,3.0,516(+4),[西] 宮徹,202310030709
9,2,2,スマートアリエル,牝6,56.0,泉谷楓真,1:46.2,2.1/2,57.7,12.0,476(0),[西] 辻野泰之,202310030709
10,5,8,テイエムシニスター,牡4,58.0,高倉稜,1:46.5,1.3/4,32.0,7.0,490(0),[西] 木原一良,202310030709
11,8,14,フォーランマリア,牝4,56.0,酒井学,1:46.6,クビ,47.9,10.0,410(+2),[西] 森田直行,202310030709
12,7,12,ミステリーボックス,セ4,58.0,松若風馬,1:47.5,5,162.2,14.0,496(+6),[西] 羽月友彦,202310030709
中,4,5,ゴッドブルービー,牡3,55.0,角田大河,,,2.9,2.0,454(-2),[西] 角田晃一,202310030709
中,8,13,メイショウハナモモ,牝5,56.0,和田竜二,,,51.8,11.0,480(+6),[西] 松永昌博,202310030709
1,6,6,マテンロウアレス,セ5,58.0,太宰啓介,1:48.9,,5.4,2.0,498(+2),[西] 昆貢,202310030710
2,1,1,マイネルメモリー,牡3,55.0,和田竜二,1:48.9,クビ,1.8,1.0,452(-4),[西] 宮徹,202310030710
3,2,2,ナリタザクラ,牡6,58.0,松若風馬,1:49.0,1/2,23.3,6.0,500(-12),[西] 高橋亮,202310030710
4,7,8,デルマグレムリン,牡4,58.0,幸英明,1:49.0,クビ,15.2,5.0,454(+4),[西] 緒方努,202310030710
5,3,3,ヒルノエドワード,牡6,58.0,酒井学,1:49.2,1.1/4,26.9,7.0,478(0),[西] 昆貢,202310030710
6,7,7,ハッピーオーサム,牝5,56.0,西塚洸二,1:49.5,2,31.8,9.0,500(+2),[西] 藤原英昭,202310030710
7,4,4,シーリアスラブ,牡7,58.0,泉谷楓真,1:49.6,1/2,90.9,10.0,456(+6),[西] 杉山佳明,202310030710
8,8,10,パタゴニア,牝5,56.0,団野大成,1:50.2,3.1/2,5.5,3.0,506(+4),[西] 池添学,202310030710
9,5,5,レヴォリオ,牡5,58.0,岩田望来,1:50.5,2,30.3,8.0,488(+4),[東] 伊坂重信,202310030710
10,8,9,エヴィダンシア,牡4,58.0,荻野極,1:50.8,1.1/2,7.8,4.0,496(+8),[西] 藤原英昭,202310030710
1,7,11,バンデルオーラ,牡4,56.0,国分恭介,1:08.2,,16.1,8.0,470(0),[西] 牧浦充徳,202310030711
2,8,13,タツリュウオー,牝5,53.0,団野大成,1:08.3,クビ,18.5,9.0,462(+6),[西] 加用正,202310030711
3,4,5,グランレイ,牡6,57.0,藤懸貴志,1:08.3,クビ,15.2,6.0,464(-8),[西] 池添学,202310030711
4,5,7,ショウナンハクラク,牡4,56.0,松若風馬,1:08.3,アタマ,11.2,5.0,472(+4),[西] 松下武士,202310030711
5,4,4,メイショウエニシア,牝5,53.0,泉谷楓真,1:08.5,3/4,19.0,10.0,454(0),[西] 本田優,202310030711
6,2,2,ブレスレスリー,牝4,55.0,藤岡康太,1:08.7,1.1/4,7.8,3.0,472(-4),[西] 藤岡健一,202310030711
7,8,12,トーホウディアス,牡5,56.0,和田竜二,1:08.7,ハナ,9.5,4.0,458(0),[西] 小栗実,202310030711
8,6,8,エグレムニ,牡6,56.0,川須栄彦,1:08.7,クビ,32.0,12.0,508(0),[西] 加用正,202310030711
9,6,9,ビアイ,牝6,54.0,国分優作,1:08.8,クビ,25.9,11.0,518(+4),[西] 畑端省吾,202310030711
10,3,3,メイショウツツジ,牝5,52.0,酒井学,1:08.8,クビ,53.4,13.0,430(-2),[西] 木原一良,202310030711
11,1,1,セリシア,牝5,54.0,岩田望来,1:09.0,1,15.6,7.0,472(+2),[西] 中竹和也,202310030711
12,7,10,メイショウソラフネ,牡4,56.0,角田大河,1:09.0,クビ,2.8,1.0,452(+8),[西] 石橋守,202310030711
13,5,6,アネゴハダ,牝4,56.0,幸英明,1:09.5,3,5.2,2.0,454(0),[西] 佐々木晶,202310030711
1,7,13,サイモンザナドゥ,牡3,52.0,永島まな,1:44.9,,24.5,10.0,484(+6),[西] 小林真也,202310030712
2,8,16,メイショウクーガー,牡3,55.0,中井裕二,1:44.9,ハナ,5.3,1.0,496(+16),[西] 中内田充,202310030712
3,2,4,ケイエイト,牡3,55.0,藤懸貴志,1:44.9,ハナ,6.6,4.0,470(+6),[西] 羽月友彦,202310030712
4,1,1,サンライズパスカル,牡3,52.0,田口貫太,1:45.2,1.3/4,10.8,7.0,536(-2),[西] 石坂公一,202310030712
5,4,8,シンリミテス,牡4,55.0,西塚洸二,1:45.3,1/2,9.4,5.0,492(0),[西] 大根田裕,202310030712
6,5,9,プレイサーゴールド,牡3,55.0,藤岡康太,1:45.6,2,9.5,6.0,498(+4),[西] 今野貞一,202310030712
7,8,15,ダイヤグラフ,牡3,55.0,幸英明,1:45.7,クビ,13.4,8.0,470(-8),[西] 角田晃一,202310030712
8,6,11,バイコーン,牡4,55.0,今村聖奈,1:45.9,1,89.1,15.0,478(-2),[西] 今野貞一,202310030712
9,3,6,マルカブリッツ,牡3,54.0,角田大河,1:45.9,アタマ,5.8,2.0,482(+2),[西] 松永昌博,202310030712
10,7,14,インヒズアイズ,牝3,53.0,和田竜二,1:45.9,ハナ,5.9,3.0,466(-2),[西] 矢作芳人,202310030712
11,3,5,ソクラテス,牡4,58.0,松若風馬,1:46.0,3/4,35.6,11.0,488(-14),[西] 音無秀孝,202310030712
12,4,7,アイファーファイト,牡4,58.0,秋山真一,1:46.2,1.1/4,51.4,12.0,426(-4),[西] 鮫島一歩,202310030712
13,2,3,リヤンドメテオール,牝3,53.0,団野大成,1:46.4,3/4,17.7,9.0,482(+10),[西] 中竹和也,202310030712
14,1,2,イツモハラペコ,牡3,55.0,国分恭介,1:46.9,3,55.0,13.0,466(-8),[西] 畑端省吾,202310030712
15,5,10,ヤエベニシダレ,牝3,50.0,川端海翼,1:47.0,1/2,80.3,14.0,452(0),[西] 梅田智之,202310030712
16,6,12,プメハナ,牝3,53.0,岩田望来,1:47.4,2.1/2,126.4,16.0,454(+4),[西] 鮫島一歩,202310030712
1,3,3,フィロロッソ,牡6,60.0,北沢伸也,3:06.3,,4.4,2.0,502(+4),[西] 中竹和也,202310030801
2,1,1,トーセンオリジン,牡6,60.0,上野翔,3:09.4,大,3.7,1.0,456(-2),[東] 和田雄二,202310030801
3,7,8,カイザーバローズ,牡5,60.0,西谷誠,3:10.4,6,7.0,6.0,460(+6),[西] 中内田充,202310030801
4,6,6,ワールドスケール,牡6,59.0,小牧加矢,3:10.6,1,27.7,8.0,480(-10),[西] 村山明,202310030801
5,4,4,タイセイモンストル,牡6,60.0,小野寺祐,3:11.7,7,13.0,7.0,484(+2),[西] 矢作芳人,202310030801
6,6,7,モズナガレボシ,牡6,60.0,中村将之,3:12.0,1.3/4,6.8,5.0,512(+6),[西] 荒川義之,202310030801
7,2,2,ヴァレッタカズマ,牡4,60.0,平沢健治,3:13.2,7,5.6,3.0,500(-2),[西] 安田隆行,202310030801
8,5,5,テイエムスーペリア,牡3,58.0,黒岩悠,3:13.9,4,70.4,9.0,472(+8),[西] 武英智,202310030801
9,8,11,ビービーモノローグ,セ5,60.0,難波剛健,3:15.1,7,88.5,10.0,446(+2),[西] 加用正,202310030801
10,7,9,アイファーロブスト,牡4,60.0,大江原圭,3:15.4,1.1/2,201.5,11.0,434(0),[東] 蛯名利弘,202310030801
中,8,10,モーニングアヤメ,牝5,58.0,蓑島靖典,,,6.7,4.0,460(+8),[東] 浅野洋一,202310030801
1,5,8,モンシュマン,牡2,55.0,松山弘平,1:09.1,,6.6,3.0,456(+2),[西] 上村洋行,202310030802
2,4,5,エトヴプレ,牝2,55.0,藤岡康太,1:09.4,1.3/4,3.0,1.0,458(-4),[西] 藤岡健一,202310030802
3,7,11,エコロガイア,牡2,55.0,岩田望来,1:09.4,アタマ,6.9,4.0,464(0),[西] 森秀行,202310030802
4,3,4,ソルトロック,牝2,55.0,酒井学,1:09.6,3/4,4.0,2.0,448(-4),[西] 四位洋文,202310030802
5,8,14,ジョウゲンノツキ,牝2,55.0,坂井瑠星,1:09.6,クビ,28.0,9.0,434(+4),[西] 牧田和弥,202310030802
6,4,6,ニシノミニョンヌ,牝2,51.0,河原田菜,1:09.8,1,19.2,6.0,400(-4),[西] 宮本博,202310030802
7,6,9,テイケイモハラ,牝2,55.0,幸英明,1:09.8,ハナ,27.2,8.0,422(0),[西] 大橋勇樹,202310030802
8,1,1,ヨシノヤッタルデー,牡2,54.0,角田大河,1:09.9,3/4,145.2,13.0,446(-6),[西] 中竹和也,202310030802
9,6,10,マニーブルース,牡2,55.0,西村淳也,1:10.1,1.1/4,21.1,7.0,446(0),[東] 小手川準,202310030802
10,5,7,ボビーニクビッタケ,牝2,52.0,今村聖奈,1:10.1,クビ,28.5,10.0,450(-6),[西] 宮徹,202310030802
11,8,13,エフエイト,牡2,54.0,秋山稔樹,1:10.2,クビ,12.5,5.0,428(-6),[西] 北出成人,202310030802
12,3,3,アクロスザシーズ,牝2,52.0,田口貫太,1:10.2,クビ,77.4,12.0,420(+2),[西] 牧浦充徳,202310030802
13,7,12,オーブラボー,牡2,52.0,西塚洸二,1:10.7,2.1/2,184.5,14.0,456(+6),[西] 加用正,202310030802
14,2,2,メイショウムーヴ,牝2,55.0,団野大成,1:11.6,5,70.8,11.0,428(-2),[西] 荒川義之,202310030802
1,5,9,スマートケープ,牝3,54.0,坂井瑠星,1:44.9,,6.6,3.0,488(+16),[西] 辻野泰之,202310030803
2,3,6,メイショウニコヒメ,牝3,51.0,大久保友,1:46.4,9,197.6,16.0,464(-4),[西] 松永昌博,202310030803
3,2,4,サンマルブライト,牝3,51.0,今村聖奈,1:46.4,ハナ,18.4,7.0,448(+8),[西] 千田輝彦,202310030803
4,2,3,ブライテン,牝3,54.0,太宰啓介,1:46.5,1/2,14.1,6.0,414(-4),[西] 高橋亮,202310030803
5,7,14,ヘウレシス,牝3,51.0,西塚洸二,1:46.6,1/2,47.1,10.0,424(-2),[西] 辻野泰之,202310030803
6,6,11,キャロルビアンカ,牝3,54.0,城戸義政,1:46.7,3/4,44.7,9.0,464(+2),[西] 荒川義之,202310030803
7,8,16,タンバッフェ,牝3,54.0,幸英明,1:47.1,2.1/2,6.7,4.0,454(-2),[西] 飯田雄三,202310030803
8,8,15,メイショウネムノキ,牝3,53.0,角田大河,1:47.4,1.3/4,3.6,2.0,498(-2),[西] 池添学,202310030803
9,6,12,スノーファンタジー,牝3,54.0,西村淳也,1:47.7,1.3/4,2.9,1.0,456(+4),[西] 安田翔伍,202310030803
10,7,13,カゲツ,牝3,50.0,河原田菜,1:48.3,4,71.2,12.0,450(+8),[西] 坂口智康,202310030803
11,1,1,テイエムフジッコ,牝3,51.0,川端海翼,1:49.0,4,133.0,13.0,486(+4),[西] 木原一良,202310030803
12,4,7,キュールエスグリ,牝3,51.0,田口貫太,1:49.5,3,29.6,8.0,440(-6),[西] 中尾秀正,202310030803
13,1,2,アーケイディア,牝3,54.0,川島信二,1:49.6,1/2,174.3,14.0,482(+12),[西] 飯田祐史,202310030803
14,3,5,ネーブル,牝3,54.0,藤懸貴志,1:50.2,3.1/2,58.8,11.0,456(+8),[西] 平田修,202310030803
15,4,8,ケークウォーク,牝3,53.0,泉谷楓真,1:50.5,2,191.4,15.0,492(-4),[西] 本田優,202310030803
中,5,10,ステラノーツ,牝3,54.0,団野大成,,,11.4,5.0,524(-2),[西] 奥村豊,202310030803
1,8,18,アスターブジエ,牡3,56.0,藤岡康太,2:00.8,,11.7,5.0,458(+8),[西] 中竹和也,202310030804
2,5,10,タガノフリューゲル,牡3,56.0,松若風馬,2:00.9,クビ,6.1,3.0,494(+2),[西] 鮫島一歩,202310030804
3,1,2,エルモサミオ,牝3,54.0,岩田望来,2:01.4,3,17.1,9.0,494(0),[西] 安田翔伍,202310030804
4,6,12,トレチーメ,牡3,56.0,西村淳也,2:01.5,クビ,3.3,1.0,514(-4),[西] 中内田充,202310030804
5,2,4,エストラーダ,セ3,56.0,藤懸貴志,2:01.7,1.1/4,26.4,10.0,464(+2),[西] 宮本博,202310030804
6,1,1,レッドマジック,牡3,56.0,坂井瑠星,2:01.9,1.1/4,4.9,2.0,474(0),[西] 矢作芳人,202310030804
7,8,17,ルージュワトル,牝3,54.0,団野大成,2:02.3,2.1/2,157.1,16.0,450(+2),[西] 斉藤崇史,202310030804
8,3,6,シュハリ,牡3,56.0,和田竜二,2:02.5,1.1/4,13.2,7.0,416(-6),[西] 鈴木孝志,202310030804
9,4,7,アーテルナイト,牡3,56.0,高倉稜,2:02.8,2,12.4,6.0,504(+14),[西] 杉山晴紀,202310030804
10,2,3,オーシンエンジェル,牡3,55.0,秋山稔樹,2:03.2,2.1/2,314.0,18.0,420(-10),[西] 宮徹,202310030804
11,7,13,ダノンジュリアス,牡3,53.0,西塚洸二,2:03.2,ハナ,72.0,12.0,458(-4),[西] 藤原英昭,202310030804
12,7,14,メンヒ,牡3,56.0,酒井学,2:03.7,3,121.6,14.0,492(-10),[西] 河内洋,202310030804
13,6,11,アルアマル,牝3,54.0,松山弘平,2:03.7,クビ,9.8,4.0,434(-4),[西] 安田隆行,202310030804
14,3,5,イサイアス,牡3,53.0,田口貫太,2:04.2,3,37.5,11.0,448(+6),[西] 吉村圭司,202310030804
15,4,8,アスクビビットモア,牝3,51.0,川端海翼,2:04.2,ハナ,307.1,17.0,408(0),[西] 梅田智之,202310030804
16,8,16,シュタイナー,牡3,53.0,永島まな,2:04.6,2,133.9,15.0,460(-14),[西] 池江泰寿,202310030804
17,7,15,ガルヴァナイズ,牡3,56.0,荻野極,2:05.9,8,13.8,8.0,504(+2),[西] 友道康夫,202310030804
18,5,9,メイショウコムスビ,牡3,55.0,泉谷楓真,2:08.3,大,118.5,13.0,454(0),[西] 本田優,202310030804
1,6,12,アナベルエクラ,牝2,55.0,岩田望来,1:51.2,,3.8,1.0,454(0),[西] 清水久詞,202310030805
2,4,8,ジンセイ,牡2,55.0,藤岡康太,1:51.6,2.1/2,7.9,4.0,492(0),[西] 庄野靖志,202310030805
3,7,13,オールデュスヴラン,牡2,55.0,荻野極,1:51.6,クビ,5.4,3.0,472(0),[西] 池江泰寿,202310030805
4,6,11,フィオリトゥーラ,牝2,55.0,川須栄彦,1:51.7,1/2,51.9,12.0,424(0),[西] 森田直行,202310030805
5,4,7,シュガーフリー,牡2,55.0,松山弘平,1:52.1,2.1/2,21.4,7.0,444(0),[西] 大久保龍,202310030805
6,3,5,ダノンアルム,牝2,52.0,永島まな,1:52.4,1.3/4,7.9,5.0,452(0),[西] 佐々木晶,202310030805
7,8,15,サトノジーニー,牡2,55.0,幸英明,1:52.4,ハナ,68.4,14.0,444(0),[西] 橋口慎介,202310030805
8,2,4,コーントップス,牝2,55.0,和田竜二,1:52.4,クビ,40.3,11.0,420(0),[西] 音無秀孝,202310030805
9,3,6,グラス,牝2,55.0,松若風馬,1:52.8,2.1/2,20.7,6.0,446(0),[西] 上村洋行,202310030805
10,5,9,ニシノメロディ,牝2,52.0,田口貫太,1:53.3,3,36.3,10.0,512(0),[西] 北出成人,202310030805
11,8,16,ウインラウダ,牡2,55.0,団野大成,1:53.4,1/2,31.2,9.0,488(0),[西] 梅田智之,202310030805
12,7,14,キセキヒカル,牡2,54.0,角田大河,1:53.4,クビ,57.8,13.0,486(0),[西] 河内洋,202310030805
13,5,10,キングプリンス,牡2,51.0,河原田菜,1:53.4,アタマ,135.2,16.0,454(0),[西] 浜田多実,202310030805
14,2,3,ワイドステラ,牝2,52.0,今村聖奈,1:53.5,クビ,22.4,8.0,468(0),[西] 寺島良,202310030805
15,1,2,ユウトザキンパツ,牡2,55.0,西村淳也,1:53.8,1.3/4,82.3,15.0,468(0),[西] 小崎憲,202310030805
16,1,1,フォートポータル,牡2,55.0,坂井瑠星,2:04.3,大,5.2,2.0,476(0),[西] 吉岡辰弥,202310030805
1,4,7,ヘヴンズタイム,牡3,53.0,田口貫太,1:46.0,,12.9,6.0,486(+2),[西] 北出成人,202310030806
2,7,14,セブンスストリート,牡3,56.0,和田竜二,1:46.0,ハナ,6.8,3.0,454(+12),[西] 吉岡辰弥,202310030806
3,8,15,メイショウホウセン,牡3,55.0,角田大河,1:46.2,1.1/4,4.4,2.0,496(0),[西] 千田輝彦,202310030806
4,4,8,セザンワールド,牡3,56.0,国分優作,1:46.5,1.3/4,7.9,4.0,482(0),[西] 畑端省吾,202310030806
5,6,12,ホッコーソムニウム,牡3,56.0,松山弘平,1:46.5,ハナ,44.9,12.0,480(-4),[西] 長谷川浩,202310030806
6,2,4,ヴォランテ,牡3,53.0,川端海翼,1:46.6,クビ,85.8,14.0,452(+4),[西] 羽月友彦,202310030806
7,3,5,モズマワシゲリ,牡3,56.0,団野大成,1:46.8,1.1/2,16.5,7.0,500(+4),[西] 鮫島一歩,202310030806
8,8,16,メイショウランザン,牡3,56.0,太宰啓介,1:46.9,クビ,29.7,10.0,452(+2),[西] 松永幹夫,202310030806
9,1,1,シャンデルナゴル,牡3,56.0,幸英明,1:46.9,クビ,8.7,5.0,488(+2),[西] 石坂公一,202310030806
10,5,9,リードブロー,牡3,56.0,藤岡康太,1:46.9,ハナ,28.2,9.0,522(-2),[西] 安田翔伍,202310030806
11,5,10,ジャスティンボルト,牡3,56.0,坂井瑠星,1:46.9,クビ,3.5,1.0,532(0),[西] 友道康夫,202310030806
12,1,2,アオイリキマル,牡3,53.0,大久保友,1:47.4,3,199.8,16.0,500(0),[西] 清水久詞,202310030806
13,6,11,サンライズプラーナ,牡3,56.0,国分恭介,1:48.7,8,30.2,11.0,538(+6),[西] 牧浦充徳,202310030806
14,7,13,タイトニット,牡3,56.0,松若風馬,1:49.4,4,47.5,13.0,542(0),[西] 今野貞一,202310030806
15,3,6,ホペロア,牡3,56.0,岩田望来,1:51.4,大,19.7,8.0,512(+2),[西] 友道康夫,202310030806
16,2,3,ヒュプノス,牡3,56.0,水口優也,1:51.8,2.1/2,128.5,15.0,488(0),[西] 吉田直弘,202310030806
1,8,18,トーホウフランゴ,牝3,51.0,永島まな,1:08.2,,4.2,1.0,436(+2),[西] 高橋康之,202310030807
2,8,17,シンプリーオーサム,牡3,56.0,西村淳也,1:08.3,1,8.0,5.0,538(+2),[西] 吉岡辰弥,202310030807
3,7,15,ダミエ,牡3,56.0,藤岡康太,1:08.4,アタマ,12.8,7.0,458(-4),[西] 武幸四郎,202310030807
4,6,11,ダイヤモンドフジ,牡4,58.0,国分恭介,1:08.5,3/4,6.9,2.0,438(0),[西] 宮本博,202310030807
5,1,1,ゴルトリッチ,牡3,56.0,坂井瑠星,1:08.6,1/2,24.4,11.0,488(+4),[西] 牧浦充徳,202310030807
6,7,13,テンジュイン,牝6,56.0,和田竜二,1:08.7,1/2,65.9,15.0,460(-6),[西] 千田輝彦,202310030807
7,7,14,ヨウシタンレイ,牝3,51.0,今村聖奈,1:08.7,ハナ,7.9,3.0,474(+10),[西] 松永昌博,202310030807
8,5,10,メイケイバートン,牡4,58.0,岩田望来,1:08.7,クビ,9.4,6.0,456(-2),[西] 中竹和也,202310030807
9,3,5,ヒトヨギリ,牝5,55.0,角田大河,1:08.8,1/2,45.8,13.0,472(-2),[西] 中竹和也,202310030807
10,6,12,バーニングパワー,牝5,56.0,酒井学,1:08.9,1/2,112.6,16.0,486(-2),[西] 鮫島一歩,202310030807
11,2,4,スカプラリオ,牝3,54.0,田中健,1:08.9,アタマ,18.3,9.0,456(-4),[西] 佐々木晶,202310030807
12,2,3,フィルムスコア,牝5,56.0,藤懸貴志,1:08.9,クビ,62.3,14.0,458(+2),[西] 平田修,202310030807
13,5,9,ニシノコウダイ,牡3,53.0,田口貫太,1:08.9,ハナ,8.0,4.0,482(-10),[西] 長谷川浩,202310030807
14,4,7,アントニオヒロキ,牡3,55.0,秋山稔樹,1:09.0,1/2,128.8,17.0,452(+2),[西] 北出成人,202310030807
15,1,2,メイショウヒゾッコ,牝5,56.0,太宰啓介,1:09.0,アタマ,32.4,12.0,428(+4),[西] 石橋守,202310030807
16,3,6,マイド,牡3,56.0,団野大成,1:09.1,クビ,19.9,10.0,456(-4),[西] 野中賢二,202310030807
17,8,16,ニシノベストワン,牡3,56.0,幸英明,1:09.2,3/4,16.3,8.0,464(0),[西] 新谷功一,202310030807
18,4,8,モノセーラス,牝3,54.0,松若風馬,1:10.0,5,161.2,18.0,408(-2),[西] 中村直也,202310030807
1,7,10,メイショウカゼマチ,牡3,53.0,西塚洸二,0:57.8,,8.3,3.0,446(0),[西] 角田晃一,202310030808
2,4,4,ストリンジェンド,牡3,56.0,松山弘平,0:58.1,1.3/4,2.6,1.0,468(-4),[西] 音無秀孝,202310030808
3,3,3,フェリ,牝3,54.0,田中健,0:58.1,アタマ,17.9,7.0,490(+4),[西] 佐々木晶,202310030808
4,4,5,アインシュペンナー,牝4,56.0,国分恭介,0:58.2,クビ,28.4,11.0,452(+4),[西] 牧田和弥,202310030808
5,6,9,モーデン,牡5,54.0,河原田菜,0:58.3,1/2,31.6,12.0,478(-6),[西] 大橋勇樹,202310030808
6,5,6,ルワンジュ,牡4,58.0,岩田望来,0:58.5,1.1/4,26.8,10.0,498(+14),[西] 千田輝彦,202310030808
7,8,12,ヤマイチエスポ,牝4,53.0,川端海翼,0:58.8,1.3/4,13.9,5.0,472(-2),[西] 中尾秀正,202310030808
8,1,1,タイキエクセロン,牡4,58.0,坂井瑠星,0:58.8,ハナ,4.3,2.0,506(0),[西] 西園翔太,202310030808
9,5,7,ザモウコダマシイ,牝5,56.0,藤懸貴志,0:58.9,3/4,15.6,6.0,452(-2),[西] 坂口智康,202310030808
10,7,11,タイガークリスエス,牡4,55.0,田口貫太,0:59.1,1.1/4,10.3,4.0,494(+6),[西] 大橋勇樹,202310030808
11,6,8,プレシャスアロー,牝3,54.0,藤岡康太,0:59.2,クビ,19.8,9.0,512(-14),[西] 藤岡健一,202310030808
12,2,2,モズメルベイユ,牝3,54.0,西村淳也,0:59.3,1/2,37.7,13.0,436(+3),[西] 杉山佳明,202310030808
13,8,13,アルティジャナーレ,牝3,51.0,永島まな,0:59.8,3,19.6,8.0,454(+4),[西] 茶木太樹,202310030808
1,8,17,ロードラスター,牡5,58.0,西村淳也,1:08.2,,8.5,3.0,514(+6),[西] 千田輝彦,202310030809
2,7,14,プレジールミノル,牡5,58.0,荻野極,1:08.2,クビ,43.9,9.0,496(-8),[西] 北出成人,202310030809
3,6,12,エテルナメンテ,牝4,56.0,長岡禎仁,1:08.4,1,59.7,12.0,458(+4),[東] 小島茂之,202310030809
4,8,16,メイショウイジゲン,牡5,58.0,国分恭介,1:08.4,ハナ,82.0,16.0,452(-6),[西] 牧浦充徳,202310030809
5,4,7,フチサンメルチャン,牡6,58.0,小牧太,1:08.5,1/2,120.5,17.0,470(+2),[西] 大橋勇樹,202310030809
6,8,15,ダンツイノーバ,牝6,56.0,秋山真一,1:08.5,アタマ,16.2,7.0,462(-2),[西] 谷潔,202310030809
7,5,9,アルムファーツリー,牝5,56.0,団野大成,1:08.6,1/2,22.3,8.0,460(-4),[西] 川村禎彦,202310030809
8,2,4,イラーレ,牝4,56.0,幸英明,1:08.6,クビ,12.8,6.0,462(+20),[西] 北出成人,202310030809
9,1,1,アスクキングコング,セ5,58.0,川須栄彦,1:08.8,1.1/4,46.6,10.0,460(+6),[西] 梅田智之,202310030809
10,3,6,ミルトクレイモー,牡3,56.0,岩田望来,1:08.8,ハナ,2.2,1.0,506(+4),[西] 中村直也,202310030809
11,1,2,サウンドブライアン,牡5,58.0,松山弘平,1:08.9,クビ,60.5,13.0,484(+4),[西] 村山明,202310030809
12,4,8,カンチェンジュンガ,牡3,56.0,藤岡康太,1:08.9,アタマ,5.7,2.0,470(+6),[西] 庄野靖志,202310030809
13,3,5,メイショウハボタン,牝5,56.0,泉谷楓真,1:08.9,ハナ,66.8,15.0,472(-2),[西] 本田優,202310030809
14,5,10,インプロバイザー,牡4,58.0,角田大河,1:09.2,2,10.2,4.0,470(-6),[西] 音無秀孝,202310030809
15,2,3,ジュストコル,牡5,58.0,松若風馬,1:09.3,1/2,47.3,11.0,502(-8),[西] 大久保龍,202310030809
16,6,11,ウインバグース,牡4,58.0,和田竜二,1:09.5,1.1/4,11.5,5.0,484(+8),[西] 西園正都,202310030809
17,7,13,イールテソーロ,牝4,56.0,永島まな,1:10.3,5,61.9,14.0,474(+4),[東] 加藤和宏,202310030809
1,3,5,リキサントライ,牡5,58.0,松山弘平,1:44.8,,5.0,2.0,496(-8),[西] 緒方努,202310030810
2,5,9,メイショウミカワ,牡5,58.0,西村淳也,1:44.9,クビ,5.4,3.0,510(0),[西] 千田輝彦,202310030810
3,7,12,レッドエランドール,セ6,58.0,酒井学,1:44.9,ハナ,14.6,7.0,492(-12),[西] 田中克典,202310030810
4,6,11,ラズルダズル,牡6,58.0,幸英明,1:44.9,ハナ,6.8,5.0,468(-2),[西] 茶木太樹,202310030810
5,4,7,カシノブレンド,セ7,58.0,秋山稔樹,1:45.0,3/4,92.3,15.0,458(0),[東] 蛯名利弘,202310030810
6,2,2,コパノリッチマン,牡6,58.0,松若風馬,1:45.1,クビ,41.4,13.0,512(0),[西] 村山明,202310030810
7,3,4,モズマゾク,牡5,58.0,長岡禎仁,1:45.5,2.1/2,24.1,8.0,496(+10),[西] 杉山佳明,202310030810
8,1,1,ダッチマン,セ6,58.0,川須栄彦,1:45.7,1.1/2,30.4,9.0,468(+4),[西] 音無秀孝,202310030810
9,4,6,ムエックス,牡5,58.0,国分優作,1:45.8,1/2,37.9,12.0,502(-6),[西] 大根田裕,202310030810
10,2,3,グットディール,セ4,58.0,坂井瑠星,1:46.0,3/4,6.0,4.0,492(-10),[西] 須貝尚介,202310030810
11,6,10,リバプールタウン,牡8,58.0,角田大河,1:46.4,2.1/2,54.7,14.0,494(+4),[西] 石橋守,202310030810
12,8,14,ロードインファイト,牡6,58.0,藤岡康太,1:46.4,クビ,35.3,10.0,444(+4),[西] 野中賢二,202310030810
13,8,15,ストームゾーン,牡4,58.0,団野大成,1:46.8,2.1/2,12.6,6.0,514(0),[西] 上村洋行,202310030810
14,7,13,サウンドウォリアー,牡5,58.0,岩田望来,1:48.9,大,4.9,1.0,502(+10),[西] 高橋康之,202310030810
15,5,8,ケイサンフリーゼ,牝5,56.0,太宰啓介,1:49.2,1.1/2,37.5,11.0,484(-10),[西] 畑端省吾,202310030810
1,8,10,アスクワンタイム,牡2,55.0,岩田望来,1:08.6,,7.1,5.0,438(0),[西] 梅田智之,202310030811
2,8,9,ミルテンベルク,牡2,55.0,藤岡康太,1:08.6,アタマ,4.1,2.0,474(+14),[西] 武英智,202310030811
3,5,5,キャンシーエンゼル,牝2,55.0,松山弘平,1:08.9,1.1/2,6.5,4.0,446(+4),[西] 鈴木孝志,202310030811
4,7,7,ビッグドリーム,牡2,55.0,幸英明,1:08.9,クビ,3.5,1.0,518(+2),[西] 西園正都,202310030811
5,2,2,フォルテローザ,牝2,55.0,団野大成,1:09.0,1/2,35.3,8.0,420(-6),[西] 斉藤崇史,202310030811
6,6,6,パッシングシャワー,牡2,55.0,西村淳也,1:09.1,1/2,4.9,3.0,476(-2),[西] 安田翔伍,202310030811
7,3,3,セイウンデセオ,牝2,55.0,今村聖奈,1:09.1,クビ,48.3,9.0,474(+14),[西] 吉村圭司,202310030811
8,4,4,ドナヴィーナス,牝2,55.0,川島信二,1:09.1,ハナ,16.4,6.0,448(+4),[西] 庄野靖志,202310030811
9,7,8,メイプルギャング,牡2,55.0,角田大河,1:09.3,1.1/4,58.1,10.0,458(-2),[西] 中竹和也,202310030811
10,1,1,テイエムチュララン,牝2,55.0,太宰啓介,1:09.4,1/2,22.4,7.0,482(0),[西] 畑端省吾,202310030811
1,6,8,ジューンレインボー,牝4,53.0,田口貫太,2:40.0,,3.5,1.0,442(-2),[西] 武英智,202310030812
2,8,11,シリンガバルガリス,セ3,55.0,幸英明,2:40.9,5,5.0,3.0,486(-6),[西] 松永幹夫,202310030812
3,5,6,ドゥヴァンスマン,牡3,55.0,坂井瑠星,2:41.6,4,4.8,2.0,470(0),[西] 矢作芳人,202310030812
4,7,10,ルージュサクシード,牝3,50.0,今村聖奈,2:41.8,1.1/2,23.1,9.0,458(+6),[西] 松永幹夫,202310030812
5,8,12,ハナビマンカイ,セ6,58.0,国分優作,2:42.0,1,14.1,7.0,420(-16),[西] 坂口智康,202310030812
6,7,9,アマートカヴァロ,牡3,55.0,藤岡康太,2:42.6,3.1/2,15.2,8.0,468(0),[西] 笹田和秀,202310030812
7,3,3,メイショウイッシン,牡3,52.0,永島まな,2:42.7,クビ,13.9,6.0,458(+12),[西] 藤原英昭,202310030812
8,1,1,リヴァーレ,牝3,53.0,太宰啓介,2:42.9,1.1/4,62.8,11.0,394(+2),[西] 松永幹夫,202310030812
9,6,7,シュアーウィナー,牡5,55.0,川端海翼,2:43.5,3.1/2,125.6,12.0,470(-4),[西] 安田隆行,202310030812
10,2,2,アウローラシエル,牡3,55.0,和田竜二,2:43.6,3/4,9.8,5.0,496(+8),[西] 森田直行,202310030812
11,4,4,ハイグッドエース,牡4,55.0,西塚洸二,2:43.7,3/4,37.2,10.0,440(-2),[西] 大根田裕,202310030812
12,5,5,コスモフランメ,牝3,52.0,角田大河,2:44.1,2.1/2,6.2,4.0,442(+6),[西] 宮徹,202310030812
