着順,枠番,馬番,馬名,性齢,斤量,騎手,タイム,着差,単勝,人気,馬体重,調教師,race_id
1,2,2,クロドラバール,牡3,57.0,川田将雅,1:48.4,,2.1,1.0,514(-8),[西] 杉山晴紀,202410010101
2,5,7,グラティアスミノル,牡3,54.0,永島まな,1:48.9,3.1/2,8.2,4.0,496(+6),[西] 北出成人,202410010101
3,5,8,ビーコング,牡3,54.0,西塚洸二,1:49.0,1/2,7.9,3.0,498(0),[西] 新谷功一,202410010101
4,3,4,ハイグッドワールド,牡3,57.0,幸英明,1:49.2,1.1/4,10.9,6.0,508(-4),[西] 谷潔,202410010101
5,4,6,ミツカネトーラス,牡3,53.0,小林美駒,1:49.4,1.1/4,30.1,8.0,490(0),[東] 鈴木伸尋,202410010101
6,1,1,ジャコムスビ,牡3,57.0,城戸義政,1:49.6,1.1/4,316.6,13.0,456(-4),[西] 荒川義之,202410010101
7,8,14,メイショウマゴイチ,牡3,57.0,鮫島克駿,1:49.8,1,8.3,5.0,466(-6),[西] 武幸四郎,202410010101
8,7,11,エイシンロッキー,牡3,57.0,荻野琢真,1:50.2,2.1/2,26.6,7.0,480(-8),[西] 大久保龍,202410010101
9,7,12,ワイワイサンデー,牡3,57.0,菊沢一樹,1:50.5,2,115.7,10.0,470(0),[東] 岩戸孝樹,202410010101
10,6,10,アーベントイアー,牡3,57.0,丹内祐次,1:50.6,アタマ,128.4,11.0,486(+18),[東] 水野貴広,202410010101
11,4,5,サンライズダマシイ,牡3,57.0,斎藤新,1:51.1,3,279.2,12.0,500(-6),[西] 羽月友彦,202410010101
12,8,13,カラツノ,牡3,54.0,川端海翼,1:51.3,1.1/2,359.4,14.0,466(+2),[西] 畑端省吾,202410010101
13,3,3,オールドマイン,牡3,57.0,西村淳也,1:51.4,1,4.5,2.0,488(0),[西] 池江泰寿,202410010101
14,6,9,ビッグロードヒマリ,牡3,56.0,佐々木大,1:51.6,1,115.7,9.0,450(+4),[東] 尾形和幸,202410010101
1,4,4,ノーブルスカイ,牡3,57.0,鮫島克駿,2:00.7,,5.2,2.0,466(-6),[西] 高柳大輔,202410010102
2,1,1,ペンナヴェローチェ,牡3,57.0,川田将雅,2:00.8,3/4,1.4,1.0,492(+6),[西] 須貝尚介,202410010102
3,6,7,サンウリエル,牡3,57.0,古川吉洋,2:00.9,3/4,14.1,5.0,480(+6),[西] 宮本博,202410010102
4,5,6,レディアマゾネス,牝3,54.0,佐々木大,2:00.9,クビ,28.2,6.0,432(-16),[東] 尾形和幸,202410010102
5,3,3,サンライズガッツ,牡3,57.0,藤岡康太,2:01.3,2.1/2,8.7,3.0,482(-4),[西] 安田翔伍,202410010102
6,7,9,ヴィーケン,牡3,54.0,西塚洸二,2:01.6,1.3/4,149.1,11.0,482(-2),[西] 高橋康之,202410010102
7,5,5,ピエスダルジャン,牡3,54.0,川端海翼,2:01.7,1/2,45.7,7.0,444(-2),[西] 茶木太樹,202410010102
8,8,12,スティングビー,牡3,57.0,黛弘人,2:01.7,クビ,375.2,12.0,482(0),[東] 武井亮,202410010102
9,2,2,ワイドマルガリータ,牝3,52.0,永島まな,2:01.8,1/2,10.9,4.0,462(+4),[西] 西園正都,202410010102
10,7,10,カチドキ,牡3,57.0,モリス,2:02.1,1.1/2,95.6,9.0,516(+8),[西] 橋口慎介,202410010102
11,6,8,マイネルブラボー,牡3,57.0,丹内祐次,2:02.1,クビ,121.2,10.0,426(-2),[東] 小笠倫弘,202410010102
12,8,11,ウィナールーツ,牡3,57.0,松岡正海,2:02.7,3.1/2,88.1,8.0,430(-2),[東] 堀内岳志,202410010102
1,5,5,ナリタヴィクトリー,牝3,52.0,川端海翼,1:00.2,,16.2,6.0,442(0),[西] 藤沢則雄,202410010103
2,8,11,メトゥス,牡3,57.0,松岡正海,1:00.3,クビ,9.2,4.0,448(-6),[東] 堀内岳志,202410010103
3,8,12,グレッソネイ,牡3,53.0,河原田菜,1:00.5,1.1/4,4.9,2.0,520(0),[西] 高野友和,202410010103
4,7,10,ラインアルファ,牡3,53.0,小林美駒,1:00.9,2.1/2,15.9,5.0,472(+2),[東] 水野貴広,202410010103
5,3,3,サンスイレン,牝3,54.0,秋山稔樹,1:01.4,2.1/2,55.3,10.0,434(-8),[東] 深山雅史,202410010103
6,2,2,ダンテズセヴン,牝3,52.0,永島まな,1:01.5,1/2,32.4,8.0,392(-6),[西] 緒方努,202410010103
7,5,6,ツーエムピシュー,牡3,56.0,角田大和,1:01.5,クビ,6.0,3.0,468(+2),[西] 本田優,202410010103
8,6,7,テーオーダイヤ,牝3,53.0,藤田菜七,1:01.7,1,157.0,11.0,422(-2),[西] 梅田智之,202410010103
9,4,4,メイショウバンリ,牝3,54.0,小沢大仁,1:01.8,1,30.0,7.0,460(+8),[西] 松永昌博,202410010103
10,1,1,レフトフィールダー,牡3,56.0,佐々木大,1:01.9,クビ,39.1,9.0,430(+8),[東] 菊川正達,202410010103
11,6,8,ドランクマン,牡3,54.0,鷲頭虎太,1:02.3,2.1/2,1.8,1.0,470(+20),[西] 新谷功一,202410010103
12,7,9,クリノビバーチェ,牝3,55.0,黛弘人,1:03.0,4,608.7,12.0,432(-6),[東] 石毛善彦,202410010103
1,8,12,ベレヌス,牡7,60.0,小牧加矢,3:10.4,,1.8,1.0,528(+6),[西] 杉山晴紀,202410010104
2,4,4,メイショウキョウジ,牡9,60.0,森一馬,3:11.2,5,4.1,2.0,484(+8),[西] 松永昌博,202410010104
3,5,6,ピーターサイト,牡4,59.0,五十嵐雄,3:11.6,2.1/2,16.1,6.0,470(+2),[東] 村田一誠,202410010104
4,3,3,メイショウコホク,セ7,60.0,小野寺祐,3:12.1,3,14.9,5.0,492(-16),[西] 藤沢則雄,202410010104
5,7,10,コスモチプリア,牝4,57.0,草野太郎,3:12.5,2.1/2,35.7,8.0,436(+12),[東] 松永康利,202410010104
6,8,11,レイメイ,牡5,60.0,大江原圭,3:12.7,1.1/4,59.2,10.0,482(+2),[東] 的場均,202410010104
7,2,2,ダノンクロム,牡4,59.0,中村将之,3:14.1,9,26.8,7.0,514(+2),[西] 音無秀孝,202410010104
8,7,9,ワイドレッジャドロ,牡7,57.0,鷲頭虎太,3:14.7,3.1/2,11.3,4.0,528(-8),[西] 加用正,202410010104
9,5,5,アルファインディ,牡4,59.0,上野翔,3:15.1,2,150.1,12.0,442(0),[東] 武藤善則,202410010104
10,6,8,ジューンアマデウス,牡5,60.0,高田潤,3:17.2,大,7.5,3.0,488(+6),[西] 今野貞一,202410010104
11,1,1,ビネッサ,セ4,59.0,田村太雅,3:22.4,大,142.2,11.0,448(-8),[西] 中竹和也,202410010104
12,6,7,ファルコンビーク,牡7,60.0,石神深一,3:24.4,大,47.8,9.0,530(+21),[東] 本間忍,202410010104
1,6,7,ヴィジュネル,牡6,60.0,中村将之,3:09.3,,1.7,1.0,488(-10),[西] 渡辺薫彦,202410010105
2,7,10,スマイルスルー,牡4,59.0,森一馬,3:09.5,1.1/2,10.4,4.0,510(+4),[西] 斉藤崇史,202410010105
3,1,1,ヒルノダカール,牡8,60.0,高田潤,3:10.8,8,5.1,3.0,526(+12),[西] 北出成人,202410010105
4,2,2,サインオブサクセス,牡5,60.0,上野翔,3:11.7,5,51.1,9.0,476(+6),[東] 伊藤圭三,202410010105
5,3,3,フィレンツェ,牡5,60.0,石神深一,3:11.8,1,18.4,5.0,460(+8),[東] 加藤士津,202410010105
6,5,5,トーセンオリジン,牡7,60.0,江田勇亮,3:12.6,5,5.1,2.0,468(+12),[東] 和田雄二,202410010105
7,8,12,ライアン,牡5,60.0,大江原圭,3:12.8,1,116.5,10.0,510(+18),[東] 小桧山悟,202410010105
8,5,6,セイウンデイスター,牡4,59.0,伴啓太,3:15.0,大,150.4,11.0,450(+2),[東] 萱野浩二,202410010105
9,6,8,アズマサクラエモン,牡4,57.0,鷲頭虎太,3:15.2,1.1/4,29.2,7.0,526(+4),[西] 加用正,202410010105
10,4,4,サトノレギオン,牡5,60.0,五十嵐雄,3:15.6,2.1/2,39.1,8.0,498(+2),[東] 萩原清,202410010105
11,8,11,ルイナールカズマ,牡5,60.0,小坂忠士,3:18.0,大,28.6,6.0,508(+2),[西] 奥村豊,202410010105
12,7,9,ゼニット,牡5,60.0,草野太郎,3:18.1,アタマ,222.5,12.0,508(-14),[東] 久保田貴,202410010105
1,6,12,カナオールウェイズ,牡4,57.0,藤岡佑介,2:38.9,,4.2,3.0,508(+20),[西] 藤岡健一,202410010106
2,1,1,マイネルジャッカル,牡6,58.0,丹内祐次,2:39.3,2.1/2,13.5,5.0,480(0),[東] 西田雄一,202410010106
3,3,6,ムーンスカイ,牡4,56.0,小沢大仁,2:39.6,2,274.6,15.0,434(-8),[西] 牧田和弥,202410010106
4,2,4,ウインマイルート,牡5,57.0,佐々木大,2:39.7,クビ,4.1,2.0,456(+12),[東] 鈴木慎太,202410010106
5,5,10,アレナリア,牝5,56.0,藤岡康太,2:39.7,アタマ,7.1,4.0,422(-8),[西] 西園翔太,202410010106
6,4,8,リッチブラック,牡5,58.0,幸英明,2:39.8,3/4,17.3,7.0,470(+10),[西] 西村真幸,202410010106
7,4,7,ステラポイント,牝4,52.0,永島まな,2:39.8,クビ,3.1,1.0,444(0),[西] 杉山晴紀,202410010106
8,8,15,ギンノサジ,牝6,56.0,黛弘人,2:40.1,1.3/4,44.8,10.0,488(+4),[東] 松永康利,202410010106
9,6,11,マイネルヒッツェ,牡6,58.0,丸山元気,2:40.3,1,85.8,11.0,480(+4),[東] 粕谷昌央,202410010106
10,7,14,ピエトラサンタ,牡6,58.0,モリス,2:40.4,3/4,38.2,9.0,520(-2),[西] 友道康夫,202410010106
11,7,13,チャイボーグ,牝4,55.0,古川吉洋,2:40.5,3/4,308.0,16.0,478(+6),[東] 的場均,202410010106
12,5,9,コスモダークナイト,牡5,58.0,富田暁,2:40.6,クビ,147.2,13.0,502(0),[西] 吉田直弘,202410010106
13,8,16,ペリプルス,牡4,57.0,松岡正海,2:40.6,1/2,87.3,12.0,436(+6),[東] 佐藤吉勝,202410010106
14,2,3,タイセイアーサー,牡6,58.0,斎藤新,2:40.7,1/2,17.0,6.0,482(-2),[東] 斎藤誠,202410010106
15,3,5,アウサンガテ,牡7,58.0,中井裕二,2:40.9,1.1/4,30.3,8.0,450(+2),[西] 中内田充,202410010106
16,1,2,ロストボール,セ5,58.0,藤懸貴志,2:42.3,9,218.2,14.0,414(0),[西] 小栗実,202410010106
1,1,2,ヴァンドゥラン,牡4,57.0,鮫島克駿,1:47.4,,3.4,2.0,490(-2),[西] 高柳大輔,202410010107
2,7,14,ブラックサウザー,牡5,55.0,西塚洸二,1:47.5,1.1/4,96.3,12.0,438(0),[西] 大根田裕,202410010107
3,6,11,クリノグローリー,牡4,55.0,小林凌大,1:47.6,クビ,9.2,4.0,482(+14),[西] 谷潔,202410010107
4,2,3,ツヴァイシュテルネ,牡5,58.0,吉田隼人,1:47.7,1/2,44.8,11.0,488(-6),[西] 羽月友彦,202410010107
5,5,10,サンライズスコール,牡5,58.0,斎藤新,1:47.8,3/4,3.4,1.0,466(+8),[西] 石坂公一,202410010107
6,1,1,アイファーファイト,牡5,58.0,藤懸貴志,1:47.9,3/4,27.9,10.0,428(-4),[西] 鮫島一歩,202410010107
7,8,16,マンノライトニング,牡4,56.0,角田大和,1:48.3,2,23.6,9.0,470(-5),[西] 角田晃一,202410010107
8,8,15,イエルバブエナ,牡4,57.0,西村淳也,1:48.3,クビ,10.4,5.0,486(+6),[西] 須貝尚介,202410010107
9,5,9,ヒルノピレネー,牡4,54.0,永島まな,1:48.5,3/4,6.3,3.0,456(+20),[西] 北出成人,202410010107
10,3,5,ナムラマイケル,牡4,53.0,河原田菜,1:48.7,1,130.3,15.0,436(-5),[西] 村山明,202410010107
11,4,8,クリノミニスター,牡5,58.0,城戸義政,1:48.8,1/2,97.7,13.0,454(-26),[西] 荒川義之,202410010107
12,2,4,ウッドショック,牡5,58.0,丹内祐次,1:48.9,1/2,21.1,8.0,518(0),[東] 杉浦宏昭,202410010107
13,7,13,ルフレーヴ,牡4,56.0,佐々木大,1:48.9,クビ,16.7,7.0,486(-13),[東] 上原佑紀,202410010107
14,3,6,トニトゥルス,牡4,54.0,鷲頭虎太,1:49.2,1.1/2,16.2,6.0,482(+12),[東] 新開幸一,202410010107
15,4,7,サノラキ,牡5,54.0,小林美駒,1:49.7,3,113.7,14.0,506(+8),[東] 蛯名利弘,202410010107
16,6,12,スペースザリッパー,牡5,58.0,菊沢一樹,1:49.8,クビ,161.3,16.0,524(-33),[東] 戸田博文,202410010107
1,8,16,レッドバレンティア,牡4,56.0,佐々木大,1:46.7,,10.7,6.0,450(+2),[東] 手塚貴久,202410010108
2,7,14,コスモエクスプレス,牡5,58.0,丹内祐次,1:46.9,1.1/4,36.0,9.0,488(-4),[東] 松永康利,202410010108
3,4,8,シャドウソニック,牡4,57.0,幸英明,1:47.0,3/4,10.0,5.0,506(+10),[西] 辻野泰之,202410010108
4,2,4,ブルーウィン,牝4,54.0,秋山稔樹,1:47.3,1.3/4,19.8,7.0,440(-14),[西] 清水久詞,202410010108
5,6,11,スズカキング,牡7,58.0,菱田裕二,1:47.3,ハナ,31.7,8.0,460(-10),[西] 谷潔,202410010108
6,5,9,ヒドゥンキング,牡5,58.0,丸山元気,1:47.6,1.1/2,257.7,15.0,468(+6),[東] 伊藤大士,202410010108
7,3,6,バロックダンス,牝4,55.0,菊沢一樹,1:47.6,クビ,62.5,10.0,470(+24),[東] 小手川準,202410010108
8,2,3,ノーブルマルシェ,牝4,55.0,黛弘人,1:47.7,クビ,63.4,11.0,456(+8),[東] 久保田貴,202410010108
9,6,12,エゾダイモン,牡4,57.0,吉田隼人,1:47.7,クビ,2.9,1.0,468(+8),[西] 武幸四郎,202410010108
10,1,1,ソウルユニバンス,セ7,58.0,黒岩悠,1:47.7,アタマ,243.0,14.0,492(0),[西] 平田修,202410010108
11,5,10,フリンジティアラ,牝4,51.0,小林美駒,1:47.8,1/2,302.8,16.0,452(+2),[東] 尾形和幸,202410010108
12,7,13,インペリアルコート,牝4,55.0,荻野極,1:48.0,1,82.3,12.0,450(+16),[東] 鹿戸雄一,202410010108
13,1,2,ヘネラリーフェ,牝6,54.0,藤田菜七,1:48.0,クビ,198.5,13.0,456(-10),[西] 藤沢則雄,202410010108
14,8,15,ベルシャンブル,牝4,55.0,川田将雅,1:48.0,アタマ,3.5,2.0,460(0),[西] 中内田充,202410010108
15,3,5,トーアライデン,牡4,57.0,中井裕二,1:48.1,クビ,7.1,3.0,486(-8),[西] 村山明,202410010108
16,4,7,ハレアカラフラ,牝4,52.0,永島まな,1:48.8,4,8.2,4.0,452(-16),[西] 音無秀孝,202410010108
1,5,9,ラニカイ,牝5,56.0,鮫島克駿,1:45.6,,6.5,3.0,498(-8),[西] 松永幹夫,202410010109
2,3,6,エルザストラウム,牝5,56.0,藤岡康太,1:45.6,クビ,79.4,11.0,462(+6),[西] 武幸四郎,202410010109
3,8,15,メイショウホマレ,牝5,56.0,小沢大仁,1:45.7,クビ,20.5,6.0,462(0),[西] 松永昌博,202410010109
4,4,8,モントブレッチア,牝5,56.0,斎藤新,1:45.8,3/4,54.0,10.0,462(+14),[東] 斎藤誠,202410010109
5,5,10,スマートケープ,牝4,55.0,西村淳也,1:46.2,2,2.0,1.0,484(-12),[西] 辻野泰之,202410010109
6,6,11,ワイルドベティ,牝5,56.0,モリス,1:46.2,クビ,131.7,12.0,410(-6),[西] 今野貞一,202410010109
7,1,1,カラレーション,牝6,56.0,富田暁,1:46.3,クビ,24.1,7.0,434(0),[西] 松下武士,202410010109
8,6,12,ランスオブサターン,牝4,55.0,丹内祐次,1:46.5,1.1/2,13.4,4.0,436(-4),[西] 本田優,202410010109
9,2,3,ヴォードヴィル,牝4,55.0,藤岡佑介,1:46.6,3/4,134.9,13.0,450(0),[西] 中竹和也,202410010109
10,2,4,ソールズベリー,牝5,56.0,佐々木大,1:46.9,1.1/2,189.4,16.0,442(0),[東] 竹内正洋,202410010109
11,4,7,メイショウポペット,牝4,55.0,角田大和,1:47.1,1.1/4,3.7,2.0,484(-8),[西] 角田晃一,202410010109
12,7,13,スカンジナビア,牝5,56.0,幸英明,1:47.2,1/2,29.2,8.0,480(+4),[西] 安達昭夫,202410010109
13,3,5,プメハナ,牝4,55.0,丸山元気,1:47.2,クビ,14.8,5.0,454(+2),[西] 鮫島一歩,202410010109
14,7,14,バライロノキセキ,牝6,56.0,菱田裕二,1:47.5,1.1/2,38.5,9.0,490(-16),[西] 中竹和也,202410010109
15,8,16,パープルグローリー,牝5,56.0,永島まな,1:47.7,1.1/2,154.3,14.0,492(-4),[西] 高橋康之,202410010109
16,1,2,チュウワモーニング,牝4,55.0,松岡正海,1:48.1,2.1/2,186.1,15.0,450(-10),[西] 小崎憲,202410010109
1,7,8,ダンツイノーバ,牝7,56.0,秋山真一,1:08.2,,43.6,11.0,470(+2),[西] 谷潔,202410010110
2,8,11,メイショウハボタン,牝6,56.0,丸山元気,1:08.3,1.1/4,11.8,6.0,474(-4),[西] 本田優,202410010110
3,4,4,ジュストコル,牡6,58.0,藤岡康太,1:08.5,1.1/4,8.9,5.0,512(+4),[西] 大久保龍,202410010110
4,6,6,ヨール,牝5,56.0,丹内祐次,1:08.5,ハナ,13.7,7.0,442(-2),[東] 手塚貴久,202410010110
5,6,7,ハクサンパイオニア,牡4,58.0,幸英明,1:08.6,1/2,4.6,2.0,498(-2),[西] 清水久詞,202410010110
6,1,1,スーリールダンジュ,牝5,56.0,藤岡佑介,1:08.8,1.1/4,7.0,4.0,486(-2),[西] 中内田充,202410010110
7,5,5,グランツベリー,牝4,56.0,藤懸貴志,1:09.0,1,3.7,1.0,446(0),[西] 田中克典,202410010110
8,3,3,カンチェンジュンガ,牡4,58.0,西村淳也,1:09.1,3/4,5.3,3.0,476(+6),[西] 庄野靖志,202410010110
9,8,10,ナリタローゼ,牝6,56.0,菱田裕二,1:09.6,3,14.4,8.0,486(-2),[西] 高橋亮,202410010110
10,7,9,アンビバレント,牡4,58.0,佐々木大,1:10.1,3,26.6,10.0,476(+14),[東] 青木孝文,202410010110
11,2,2,ニシノデフィレ,セ5,58.0,古川吉洋,1:10.2,1/2,25.1,9.0,516(+24),[西] 宮本博,202410010110
1,7,12,ミッキーゴージャス,牝4,54.0,川田将雅,1:57.9,,2.0,1.0,450(+2),[西] 安田隆行,202410010111
2,3,3,タガノパッション,牝6,53.0,菱田裕二,1:58.0,1/2,20.9,8.0,482(-6),[西] 武幸四郎,202410010111
3,2,2,コスタボニータ,牝5,55.0,鮫島克駿,1:58.1,3/4,6.3,2.0,468(+4),[西] 杉山佳明,202410010111
4,4,5,アレグロモデラート,牝5,51.0,富田暁,1:58.4,1.3/4,19.3,6.0,484(-2),[東] 武井亮,202410010111
5,8,14,テリオスマナ,牝6,49.0,藤懸貴志,1:58.4,クビ,93.7,13.0,468(-4),[西] 松下武士,202410010111
6,8,13,フラーズダルム,牝6,54.0,斎藤新,1:58.6,1,25.6,9.0,504(+8),[西] 松永昌博,202410010111
7,5,8,ローゼライト,牝6,53.0,幸英明,1:58.6,クビ,19.9,7.0,460(+4),[西] 清水久詞,202410010111
8,5,7,ルージュスティリア,牝5,54.0,モリス,1:58.6,アタマ,15.9,5.0,492(+2),[西] 藤原英昭,202410010111
9,7,11,セントカメリア,牝5,54.0,西村淳也,1:58.8,1,7.2,3.0,454(+2),[西] 高野友和,202410010111
10,6,10,エリカヴィータ,牝5,55.0,佐々木大,1:58.8,クビ,40.2,10.0,460(-2),[東] 国枝栄,202410010111
11,6,9,エニシノウタ,牝6,51.0,永島まな,1:58.9,クビ,110.4,14.0,450(-10),[西] 笹田和秀,202410010111
12,4,6,ミスフィガロ,牝6,52.0,藤岡康太,1:58.9,ハナ,46.7,11.0,424(-14),[西] 友道康夫,202410010111
13,3,4,ウインピクシス,牝5,55.0,松岡正海,2:00.2,8,7.9,4.0,458(+2),[東] 上原博之,202410010111
14,1,1,グランスラムアスク,牝5,53.0,丸山元気,2:01.1,5,64.5,12.0,468(+8),[西] 矢作芳人,202410010111
1,7,15,キャニオニング,牝6,52.0,小林美駒,1:08.7,,73.2,14.0,442(+4),[東] 村田一誠,202410010112
2,2,4,アドマイヤジェイ,牡5,58.0,モリス,1:08.8,3/4,4.7,2.0,502(+2),[西] 友道康夫,202410010112
3,8,18,ディオアステリア,牝5,56.0,原田和真,1:09.0,1.1/4,20.9,9.0,484(+20),[東] 小野次郎,202410010112
4,6,11,ステークホルダー,牡4,58.0,斎藤新,1:09.1,アタマ,9.1,4.0,466(+10),[東] 斎藤誠,202410010112
5,5,9,シャウビンダー,牝5,55.0,佐々木大,1:09.2,1/2,9.9,5.0,420(+2),[西] 須貝尚介,202410010112
6,8,16,タムロキュラムン,牝5,53.0,永島まな,1:09.2,クビ,15.9,8.0,458(+10),[西] 西園正都,202410010112
7,5,10,プリンスノット,牡4,58.0,富田暁,1:09.2,ハナ,44.3,13.0,472(-4),[西] 奥村豊,202410010112
8,3,5,スイープラン,牝4,52.0,河原田菜,1:09.5,1.1/2,22.1,11.0,446(-8),[西] 渡辺薫彦,202410010112
9,8,17,エリカソレイユ,牝4,56.0,鮫島克駿,1:09.5,クビ,77.5,15.0,392(-26),[西] 茶木太樹,202410010112
10,7,14,アキバ,牝5,55.0,小沢大仁,1:09.5,ハナ,30.0,12.0,436(-4),[西] 田中克典,202410010112
11,1,2,ホウオウエンジェル,牝7,56.0,丹内祐次,1:09.6,クビ,7.7,3.0,482(0),[東] 加藤和宏,202410010112
12,4,7,デイトンウェイ,牡6,55.0,西塚洸二,1:09.6,クビ,13.5,7.0,502(-2),[西] 野中賢二,202410010112
13,3,6,キュベリン,牝4,54.0,藤田菜七,1:09.7,1,10.6,6.0,428(+2),[東] 嘉藤貴行,202410010112
14,1,1,プリティーメモリー,牝5,54.0,小林凌大,1:09.8,クビ,280.7,17.0,402(+8),[東] 粕谷昌央,202410010112
15,4,8,レイカットスルー,牡4,58.0,黛弘人,1:09.8,クビ,79.7,16.0,450(+6),[東] 加藤士津,202410010112
16,2,3,アイリッシュパール,牝4,56.0,丸山元気,1:09.9,クビ,21.4,10.0,480(+6),[東] 栗田徹,202410010112
17,6,12,レディメローラ,牝4,56.0,幸英明,1:09.9,アタマ,4.3,1.0,400(-2),[西] 北出成人,202410010112
18,7,13,ユキヤナギ,牝5,56.0,古川吉洋,1:10.0,3/4,340.3,18.0,466(+6),[東] 的場均,202410010112
1,8,12,レーヴドレフォン,牝3,55.0,鮫島克駿,1:48.3,,2.9,1.0,456(-12),[西] 矢作芳人,202410010201
2,4,4,オテンバムスメ,牝3,53.0,藤田菜七,1:48.6,1.1/2,24.6,7.0,432(-2),[西] 北出成人,202410010201
3,1,1,ハイウェイスター,牝3,55.0,藤岡佑介,1:48.6,アタマ,4.2,2.0,480(-10),[西] 宮本博,202410010201
4,5,6,ブラックドレス,牝3,52.0,永島まな,1:48.8,1.1/2,40.4,8.0,426(-10),[西] 加用正,202410010201
5,3,3,ミランカ,牝3,52.0,川端海翼,1:49.1,1.1/2,41.1,9.0,454(+10),[西] 中尾秀正,202410010201
6,6,8,ショーヴァロンス,牝3,51.0,小林美駒,1:49.5,2.1/2,9.1,5.0,452(-8),[東] 鈴木伸尋,202410010201
7,7,10,フォルチューヌ,牝3,55.0,藤懸貴志,1:50.2,4,9.9,6.0,470(+12),[西] 平田修,202410010201
8,5,5,ドゥーカスコーリ,牝3,54.0,佐々木大,1:52.2,大,5.3,3.0,448(+8),[西] 石坂公一,202410010201
9,7,9,リラボニート,牝3,55.0,モリス,1:52.2,アタマ,6.7,4.0,488(-8),[西] 須貝尚介,202410010201
10,2,2,キンコンテーラー,牝3,52.0,西塚洸二,1:52.7,2.1/2,194.9,12.0,426(-2),[西] 緒方努,202410010201
11,8,11,アイスノート,牝3,55.0,藤岡康太,1:53.0,2,45.5,10.0,452(+10),[西] 高橋義忠,202410010201
12,6,7,ヴィレーラ,牝3,51.0,河原田菜,1:53.8,5,144.3,11.0,438(+6),[西] 渡辺薫彦,202410010201
1,7,15,ナムラアトム,牡3,57.0,浜中俊,1:08.2,,2.3,1.0,496(+2),[西] 長谷川浩,202410010202
2,5,10,ロードトレイル,牡3,57.0,藤岡康太,1:08.3,1/2,8.4,3.0,472(-6),[西] 藤岡健一,202410010202
3,2,4,ウインラグラス,牝3,52.0,永島まな,1:08.5,1.1/4,63.9,12.0,406(-6),[西] 吉田直弘,202410010202
4,1,2,ディーエストッキー,牡3,57.0,鮫島克駿,1:08.7,1.1/4,3.9,2.0,456(0),[西] 橋口慎介,202410010202
5,5,9,クリーゲリン,牝3,55.0,丸山元気,1:08.8,1/2,145.0,16.0,430(-2),[東] 和田正一,202410010202
6,4,8,ポリトナリティー,牝3,53.0,小林凌大,1:08.8,ハナ,34.7,9.0,414(0),[東] 和田雄二,202410010202
7,1,1,カワカミガンビエ,牝3,54.0,泉谷楓真,1:09.0,1.1/2,10.1,4.0,486(-4),[西] 本田優,202410010202
8,7,13,サニイアール,牝3,55.0,丹内祐次,1:09.0,クビ,33.0,8.0,444(+6),[東] 田村康仁,202410010202
9,6,11,トウカイポワール,牝3,55.0,亀田温心,1:09.3,1.1/2,12.4,5.0,444(+6),[西] 北出成人,202410010202
10,8,16,サクラリゲル,牡3,57.0,菊沢一樹,1:09.4,3/4,502.9,18.0,490(+10),[東] 勢司和浩,202410010202
11,8,17,レギウス,牡3,54.0,鷲頭虎太,1:09.6,3/4,71.9,13.0,458(+16),[東] 高橋裕,202410010202
12,2,3,アクロスザシーズ,牝3,52.0,西塚洸二,1:09.6,ハナ,200.9,17.0,426(+6),[西] 牧浦充徳,202410010202
13,4,7,グロリアスグレイス,牡3,57.0,斎藤新,1:09.8,1.1/4,14.0,6.0,498(+14),[西] 鮫島一歩,202410010202
14,3,6,マンダリア,牝3,51.0,小林美駒,1:09.8,ハナ,84.3,14.0,420(-2),[東] 水野貴広,202410010202
15,6,12,ルクスリーベン,牝3,54.0,小沢大仁,1:09.8,ハナ,127.7,15.0,440(-10),[西] 松永昌博,202410010202
16,3,5,モリエヌス,牝3,55.0,川島信二,1:09.9,3/4,22.0,7.0,386(-4),[西] 荒川義之,202410010202
17,7,14,ケイアイプロキオン,牡3,56.0,佐々木大,1:10.0,クビ,48.5,10.0,474(+2),[東] 和田正一,202410010202
18,8,18,ウーナグローリア,牝3,55.0,菱田裕二,1:10.0,1/2,59.7,11.0,440(+4),[西] 吉田直弘,202410010202
1,6,10,ルクスメテオール,牡4,58.0,浜中俊,0:59.0,,3.9,1.0,484(0),[西] 小林真也,202410010203
2,4,6,ミッキースピナッチ,牡4,58.0,松若風馬,0:59.4,2.1/2,6.0,4.0,500(+6),[西] 音無秀孝,202410010203
3,7,12,クリノヴァニラ,牝6,53.0,永島まな,0:59.5,3/4,101.5,12.0,500(+4),[西] 高橋康之,202410010203
4,8,14,アカザ,牝5,56.0,丹内祐次,0:59.7,3/4,4.1,2.0,444(0),[東] 伊坂重信,202410010203
5,6,9,ヒメカミノイタダキ,牡5,58.0,菊沢一樹,0:59.7,ハナ,31.9,9.0,496(+26),[東] 武市康男,202410010203
6,4,5,カップッチョ,牡7,58.0,黛弘人,0:59.9,1.1/4,108.8,13.0,498(+6),[東] 石毛善彦,202410010203
7,1,1,ザモウコダマシイ,牝6,56.0,藤懸貴志,0:59.9,ハナ,31.0,8.0,460(+8),[西] 坂口智康,202410010203
8,5,7,シゲルミライ,牝4,56.0,富田暁,1:00.0,クビ,4.3,3.0,476(+6),[西] 川村禎彦,202410010203
9,5,8,レターマイハート,牝4,55.0,佐々木大,1:00.0,ハナ,9.2,5.0,468(+2),[東] 萩原清,202410010203
10,2,2,サリーチャン,牝5,56.0,菱田裕二,1:00.2,1.1/2,30.5,7.0,468(+6),[東] 石栗龍彦,202410010203
11,8,13,クインズミント,牝6,53.0,佐藤翔馬,1:00.4,1.1/2,481.1,14.0,470(+10),[東] 小桧山悟,202410010203
12,3,4,オコジュ,牝4,53.0,水沼元輝,1:00.6,1.1/4,68.0,11.0,460(+2),[東] 中野栄治,202410010203
13,7,11,スパークリングアイ,牡6,55.0,鷲頭虎太,1:01.0,2.1/2,51.2,10.0,516(-14),[西] 大根田裕,202410010203
14,3,3,メリヴェイユ,牝5,54.0,小林凌大,1:01.1,3/4,10.2,6.0,446(+2),[東] 伊藤圭三,202410010203
1,6,7,パーカッション,セ5,60.0,草野太郎,3:08.2,,10.5,5.0,542(+2),[東] 田中博康,202410010204
2,6,8,ノアチェリー,牝5,58.0,大江原圭,3:08.9,4,3.5,2.0,470(0),[東] 小笠倫弘,202410010204
3,4,4,ヴァリアメンテ,牡6,60.0,西谷誠,3:09.9,6,2.4,1.0,474(+2),[西] 中内田充,202410010204
4,5,5,トランペットシェル,セ7,60.0,伴啓太,3:11.6,10,45.0,9.0,490(-2),[東] 戸田博文,202410010204
5,3,3,キガン,牝4,57.0,石神深一,3:12.5,5,15.2,6.0,474(+10),[東] 小島茂之,202410010204
6,7,9,ラッセルリー,牝6,58.0,田村太雅,3:14.7,大,5.5,3.0,454(+2),[西] 鮫島一歩,202410010204
7,8,11,ウェンス,牡4,57.0,水沼元輝,3:15.3,3.1/2,169.2,12.0,446(+12),[東] 杉浦宏昭,202410010204
8,7,10,ウインエタンセル,牡4,59.0,黒岩悠,3:16.3,6,36.0,8.0,510(+2),[西] 飯田雄三,202410010204
9,1,1,トラファルガー,セ4,59.0,蓑島靖典,3:16.4,1/2,83.1,11.0,494(+6),[東] 加藤和宏,202410010204
10,5,6,ラバタンシン,牡4,59.0,小牧加矢,3:18.8,大,9.3,4.0,496(+16),[西] 寺島良,202410010204
11,2,2,プロトカルチャー,牡4,59.0,上野翔,3:23.0,大,29.1,7.0,494(+6),[東] 新開幸一,202410010204
中,8,12,ルクスランページ,牡5,60.0,小野寺祐,,,69.6,10.0,494(+12),[西] 村山明,202410010204
1,3,3,インテグレイト,牡3,57.0,藤岡佑介,2:01.6,,6.4,4.0,496(0),[西] 四位洋文,202410010205
2,5,7,ジミーバローズ,牡3,57.0,菱田裕二,2:01.7,1/2,9.9,5.0,488(0),[西] 石坂公一,202410010205
3,8,14,メルトユアハート,牝3,55.0,鮫島克駿,2:02.1,2.1/2,3.3,1.0,496(0),[西] 長谷川浩,202410010205
4,7,11,グランアルティスタ,牡3,57.0,藤岡康太,2:02.1,ハナ,5.3,3.0,510(0),[西] 寺島良,202410010205
5,8,13,ヘルト,牡3,56.0,松本大輝,2:02.3,1,13.5,6.0,458(0),[西] 森秀行,202410010205
6,4,6,エグザルテーション,牝3,54.0,角田大和,2:02.9,3.1/2,44.8,11.0,444(0),[西] 渡辺薫彦,202410010205
7,3,4,ミッキーストライク,牡3,57.0,幸英明,2:03.1,1.1/2,5.0,2.0,516(0),[西] 矢作芳人,202410010205
8,7,12,ロイドバローズ,牡3,57.0,松若風馬,2:03.5,2,45.1,12.0,474(0),[西] 渡辺薫彦,202410010205
9,5,8,スターズウィーク,牡3,56.0,小沢大仁,2:03.6,1/2,111.8,14.0,504(0),[西] 武英智,202410010205
10,1,1,スナークラファエロ,牡3,57.0,富田暁,2:03.8,1.1/4,21.0,8.0,478(0),[西] 野中賢二,202410010205
11,4,5,キタサンバンビーナ,牝3,51.0,河原田菜,2:03.9,1/2,18.3,7.0,416(0),[西] 梅田智之,202410010205
12,6,9,アールヴヘイム,牝3,55.0,斎藤新,2:04.2,2,101.5,13.0,424(0),[西] 小崎憲,202410010205
13,6,10,ルクスクロワール,牡3,54.0,永島まな,2:04.4,1.1/4,39.6,10.0,460(0),[西] 新谷功一,202410010205
14,2,2,タンタルイーズ,牝3,54.0,佐々木大,2:04.6,1.1/4,22.0,9.0,402(0),[東] 上原佑紀,202410010205
1,3,6,ペアポルックス,牡3,57.0,松若風馬,1:07.8,,2.5,1.0,480(+2),[西] 梅田智之,202410010206
2,4,7,ナムラローズマリー,牝3,55.0,藤岡康太,1:08.1,2,5.0,3.0,438(+2),[西] 羽月友彦,202410010206
3,3,5,メティエダール,牝3,55.0,鮫島克駿,1:08.1,クビ,3.2,2.0,470(-8),[西] 松永幹夫,202410010206
4,1,1,レオナルドスター,牡3,56.0,佐々木大,1:08.4,1.3/4,16.3,5.0,466(+2),[西] 長谷川浩,202410010206
5,2,4,スパークルジョイ,牝3,55.0,斎藤新,1:08.6,1.1/4,61.1,8.0,440(+4),[西] 鮫島一歩,202410010206
6,4,8,エクストラバック,牡3,54.0,永島まな,1:08.7,1/2,7.3,4.0,486(-2),[西] 西園正都,202410010206
7,7,13,ジュエルドレーサー,牡3,53.0,河原田菜,1:09.6,5,17.3,6.0,486(+2),[西] 小林真也,202410010206
8,1,2,ノーブルビーチ,牡3,54.0,鷲頭虎太,1:09.8,1.1/4,426.3,16.0,452(+12),[東] 菊川正達,202410010206
9,7,15,ダイシンオリーブ,牝3,54.0,松本大輝,1:09.8,クビ,83.9,9.0,444(-6),[西] 森秀行,202410010206
10,7,14,スリーロマンス,牝3,53.0,小林凌大,1:09.8,ハナ,295.5,15.0,470(+2),[東] 伊藤圭三,202410010206
11,8,17,カナアミデスマッチ,牝3,51.0,小林美駒,1:09.9,アタマ,29.3,7.0,410(+10),[東] 竹内正洋,202410010206
12,5,10,フォカッチャ,牝3,53.0,藤田菜七,1:10.0,1,96.8,10.0,426(+4),[東] 小手川準,202410010206
13,2,3,プチフレーシュ,牝3,55.0,丹内祐次,1:10.1,クビ,129.1,12.0,410(-16),[東] 加藤士津,202410010206
14,5,9,イマジンレノン,牡3,56.0,角田大和,1:10.4,2,289.3,14.0,476(+6),[西] 角田晃一,202410010206
15,6,12,ロッキンドア,牡3,57.0,菊沢一樹,1:10.5,1/2,288.6,13.0,442(+18),[東] 岩戸孝樹,202410010206
16,6,11,ヨシミツ,牡3,56.0,小沢大仁,1:11.6,7,119.3,11.0,456(+12),[西] 飯田祐史,202410010206
17,8,18,デンタルフロス,牝3,52.0,川端海翼,1:12.8,7,439.2,17.0,430(-16),[西] 飯田雄三,202410010206
取,8,16,ナムラドーギー,牡3,57.0,幸英明,,,---,,計不,[東] 石栗龍彦,202410010206
1,6,11,ドンアレス,牡3,57.0,鮫島克駿,1:48.1,,3.0,1.0,472(+6),[西] 牧浦充徳,202410010207
2,6,12,クイーンズワーフ,牝3,54.0,佐々木大,1:48.6,3,20.8,9.0,450(+10),[東] 青木孝文,202410010207
3,5,10,クリノアドバンス,牡3,57.0,菱田裕二,1:48.6,ハナ,5.2,2.0,454(-4),[西] 大橋勇樹,202410010207
4,8,16,ピナクルポイント,牡3,56.0,角田大和,1:48.7,1/2,14.0,7.0,504(+4),[西] 中竹和也,202410010207
5,1,1,レッセパッセ,牝3,55.0,丹内祐次,1:48.8,クビ,8.2,4.0,372(0),[西] 西園翔太,202410010207
6,1,2,リノラナキラ,牝3,55.0,幸英明,1:48.9,3/4,55.2,10.0,464(-8),[西] 谷潔,202410010207
7,3,6,リケアヴィオレ,牡3,56.0,秋山稔樹,1:49.0,1/2,184.0,11.0,454(-2),[東] 蛯名利弘,202410010207
8,7,13,ヒシグランディヴァ,牝3,55.0,モリス,1:49.0,アタマ,10.2,6.0,450(-2),[西] 友道康夫,202410010207
9,3,5,インフルブルーム,牝3,52.0,永島まな,1:49.5,3,8.8,5.0,426(-6),[西] 矢作芳人,202410010207
10,7,14,ジューンサレンダー,牡3,57.0,松若風馬,1:49.6,1/2,6.0,3.0,450(+8),[西] 今野貞一,202410010207
11,2,4,タッケンウルル,牝3,52.0,鷲頭虎太,1:49.6,ハナ,14.1,8.0,450(-18),[西] 池江泰寿,202410010207
12,2,3,リフレクトザムーン,牝3,51.0,河原田菜,1:49.6,ハナ,193.1,12.0,444(-16),[東] 尾形和幸,202410010207
13,5,9,リケアオランジュ,牝3,55.0,原田和真,1:49.7,3/4,363.6,15.0,372(0),[東] 小野次郎,202410010207
14,4,8,ダッシュチョウサン,牝3,55.0,荻野極,1:49.9,1.1/4,249.9,13.0,440(-12),[東] 和田正一,202410010207
15,4,7,ヴェルディッキオ,牝3,55.0,黛弘人,1:50.7,5,436.0,16.0,470(+10),[東] 武市康男,202410010207
16,8,15,インセンブレ,牝3,51.0,小林美駒,1:50.7,クビ,301.1,14.0,450(-10),[西] 高橋康之,202410010207
1,8,12,メイショウコボケ,牝4,52.0,西塚洸二,1:47.0,,2.6,1.0,490(0),[西] 河内洋,202410010208
2,7,10,オシゲ,牝4,54.0,佐々木大,1:47.1,1/2,10.3,5.0,474(-12),[西] 須貝尚介,202410010208
3,8,11,ナックダンス,牝4,52.0,永島まな,1:47.6,3,17.5,6.0,498(-2),[東] 杉浦宏昭,202410010208
4,2,2,ニシノパプルブリリ,牝4,51.0,河原田菜,1:47.6,ハナ,23.0,7.0,478(+10),[東] 矢野英一,202410010208
5,5,6,トウロウノオノ,牝4,51.0,小林美駒,1:47.6,ハナ,5.4,3.0,440(+4),[東] 竹内正洋,202410010208
6,6,7,プレッジ,牝4,55.0,中井裕二,1:47.7,クビ,5.7,4.0,466(-8),[西] 中内田充,202410010208
7,5,5,スマイルヴィヴァン,牝6,56.0,丹内祐次,1:48.2,3,58.3,10.0,428(+6),[東] 高橋裕,202410010208
8,4,4,マーゴットミニモ,牝4,55.0,鮫島克駿,1:48.2,クビ,4.0,2.0,482(+10),[東] 伊坂重信,202410010208
9,6,8,トゥピ,牝4,52.0,鷲頭虎太,1:48.3,1/2,36.0,8.0,466(-2),[東] 田村康仁,202410010208
10,1,1,テンナイトパール,牝8,54.0,小林凌大,1:48.4,クビ,459.5,12.0,492(-2),[東] 小西一男,202410010208
11,3,3,ベレン,牝5,56.0,富田暁,1:49.4,6,119.3,11.0,490(-12),[西] 斉藤崇史,202410010208
12,7,9,イノセンス,牝4,55.0,荻野極,1:50.6,7,50.6,9.0,474(0),[東] 高木登,202410010208
1,4,5,ウインシュクラン,セ6,58.0,丹内祐次,1:59.7,,22.3,6.0,464(+6),[東] 鹿戸雄一,202410010209
2,2,2,ホウオウスーペリア,牡4,57.0,吉田隼人,1:59.7,ハナ,3.2,2.0,476(+10),[西] 吉岡辰弥,202410010209
3,6,9,チェルノボーグ,セ5,58.0,藤岡佑介,2:00.0,2,7.8,4.0,490(-10),[西] 藤原英昭,202410010209
4,5,7,セブンマジシャン,牡4,57.0,藤岡康太,2:00.1,3/4,2.1,1.0,502(+10),[西] 高野友和,202410010209
5,1,1,ディープレイヤー,牡5,58.0,佐々木大,2:00.3,3/4,94.0,11.0,494(+10),[東] 大和田成,202410010209
6,4,4,アトミックフレア,牝6,56.0,泉谷楓真,2:00.3,ハナ,50.9,8.0,448(-6),[西] 渡辺薫彦,202410010209
7,8,12,フルール,牝4,55.0,鮫島克駿,2:00.4,3/4,66.7,9.0,484(-6),[東] 上原佑紀,202410010209
8,3,3,ホウオウユニコーン,牡5,58.0,浜中俊,2:00.4,クビ,37.9,7.0,470(+2),[東] 奥村武,202410010209
9,7,10,ダンツエスプリ,牡5,58.0,藤懸貴志,2:00.5,1/2,284.2,12.0,496(+14),[西] 本田優,202410010209
10,5,6,サクセスドレーク,牡5,58.0,富田暁,2:00.6,3/4,6.4,3.0,502(-2),[西] 野中賢二,202410010209
11,6,8,リアド,牡5,58.0,モリス,2:00.8,1.1/4,19.1,5.0,478(+2),[西] 友道康夫,202410010209
12,7,11,セグレドスペリオル,牡8,58.0,幸英明,2:00.9,1/2,86.9,10.0,492(+6),[西] 宮本博,202410010209
13,8,13,レヴォリオ,牡6,58.0,勝浦正樹,2:01.5,3.1/2,300.8,13.0,478(-14),[東] 伊坂重信,202410010209
1,1,1,ハーランズハーツ,牡7,58.0,藤岡佑介,1:46.5,,73.5,13.0,444(+2),[西] 橋口慎介,202410010210
2,3,3,ダークエクリプス,牡5,58.0,松若風馬,1:46.5,ハナ,8.2,5.0,484(+2),[西] 今野貞一,202410010210
3,5,8,ケイアイセナ,牡5,58.0,秋山真一,1:46.6,1/2,3.9,1.0,480(-6),[西] 平田修,202410010210
4,3,4,トゥルーヴィル,牡7,58.0,斎藤新,1:46.7,クビ,10.6,6.0,466(-4),[西] 小林真也,202410010210
5,2,2,フィデル,牡5,58.0,モリス,1:46.7,クビ,12.8,7.0,498(+4),[西] 友道康夫,202410010210
6,4,5,ニューノーマル,牝5,56.0,佐々木大,1:46.7,アタマ,5.5,2.0,458(-4),[東] 上原佑紀,202410010210
7,5,7,ウィズユアドリーム,牡4,57.0,吉田隼人,1:46.7,ハナ,7.0,4.0,500(-4),[西] 吉岡辰弥,202410010210
8,7,11,ゴーゴーユタカ,牡5,58.0,黛弘人,1:46.9,1.1/4,112.7,14.0,482(+2),[東] 武井亮,202410010210
9,6,10,ウインリブルマン,牡6,58.0,丹内祐次,1:47.0,アタマ,12.9,8.0,526(+6),[西] 飯田雄三,202410010210
10,8,14,シャイニングフジ,牝6,56.0,富田暁,1:47.0,クビ,40.9,11.0,500(-6),[西] 笹田和秀,202410010210
11,4,6,サウンドウォリアー,牡6,58.0,永島まな,1:47.0,アタマ,31.7,10.0,512(+10),[西] 高橋康之,202410010210
12,6,9,オメガリッチマン,牡4,57.0,藤岡康太,1:47.2,1,17.3,9.0,440(+2),[西] 安田翔伍,202410010210
13,7,12,ブラックシールド,牡5,58.0,幸英明,1:47.7,3.1/2,52.3,12.0,452(-2),[西] 武幸四郎,202410010210
14,8,13,ソレイユヴィータ,牝4,55.0,菱田裕二,1:47.9,1,6.6,3.0,460(+2),[西] 杉山晴紀,202410010210
1,6,12,スレイマン,牡6,58.0,斎藤新,1:44.2,,4.9,2.0,548(-2),[西] 池添学,202410010211
2,4,8,ペースセッティング,牡4,56.0,鮫島克駿,1:44.9,4,3.7,1.0,498(+4),[西] 安田隆行,202410010211
3,5,10,トウセツ,牡5,58.0,吉田隼人,1:45.1,3/4,11.7,7.0,482(0),[西] 杉山佳明,202410010211
4,3,6,フルヴォート,牡6,58.0,幸英明,1:45.2,3/4,5.5,3.0,512(+16),[西] 西村真幸,202410010211
5,4,7,ジャズブルース,牡5,58.0,角田大和,1:45.3,クビ,111.2,12.0,466(-6),[西] 吉村圭司,202410010211
6,3,5,ロッシュローブ,牡7,59.0,浜中俊,1:45.5,1.1/4,13.2,8.0,510(+4),[西] 田中克典,202410010211
7,1,2,クロパラントゥ,セ6,57.0,松若風馬,1:45.5,クビ,222.0,15.0,520(-4),[東] 古賀慎明,202410010211
8,2,3,スマートサニー,牡4,57.0,小沢大仁,1:45.6,3/4,9.2,5.0,464(+2),[西] 松永昌博,202410010211
9,7,14,ブリッツファング,牡5,58.0,亀田温心,1:46.2,3.1/2,10.8,6.0,478(-10),[西] 大久保龍,202410010211
10,6,11,カラフルキューブ,牝5,56.0,モリス,1:46.3,3/4,39.2,11.0,484(-6),[西] 高野友和,202410010211
11,1,1,ライラボンド,牡5,58.0,佐々木大,1:46.4,クビ,34.7,10.0,530(+12),[東] 杉浦宏昭,202410010211
12,2,4,サンマルレジェンド,牡6,58.0,菱田裕二,1:46.5,3/4,23.7,9.0,486(-10),[西] 大橋勇樹,202410010211
13,8,15,ハギノアトラス,セ8,58.0,藤岡康太,1:46.5,クビ,216.5,14.0,480(-4),[西] 鮫島一歩,202410010211
14,7,13,デリカダ,牝5,55.0,富田暁,1:46.5,ハナ,8.6,4.0,502(+16),[西] 吉田直弘,202410010211
15,5,9,ニホンピロスクーロ,セ7,58.0,高倉稜,1:47.4,5,345.9,16.0,500(-8),[西] 安達昭夫,202410010211
16,8,16,メイショウドヒョウ,牡7,58.0,太宰啓介,1:48.7,8,201.3,13.0,494(-2),[西] 西園正都,202410010211
1,8,17,ニシノコウダイ,牡4,58.0,勝浦正樹,1:07.9,,8.2,3.0,490(+2),[西] 長谷川浩,202410010212
2,6,12,コスモグングニール,牡4,58.0,丹内祐次,1:07.9,クビ,22.4,10.0,518(-8),[西] 緒方努,202410010212
3,5,10,ウインアステロイド,牡7,57.0,佐々木大,1:08.0,1/2,56.2,13.0,472(+4),[東] 和田正一,202410010212
4,4,8,マキアージュ,牝5,55.0,小沢大仁,1:08.1,クビ,12.4,6.0,462(+8),[東] 菊川正達,202410010212
5,4,7,クリノゴッホ,牡4,58.0,丸山元気,1:08.1,クビ,62.8,15.0,466(0),[東] 岩戸孝樹,202410010212
6,3,6,シンデレラスマイル,牝4,56.0,富田暁,1:08.1,ハナ,22.1,9.0,430(+2),[東] 武藤善則,202410010212
7,3,5,ミネヒメ,牝4,56.0,黛弘人,1:08.1,ハナ,47.8,12.0,430(+8),[東] 本間忍,202410010212
8,7,13,ヴィエンヌ,牝4,56.0,藤岡佑介,1:08.1,ハナ,4.3,2.0,478(-4),[西] 中尾秀正,202410010212
9,6,11,サザーランド,牝4,53.0,川端海翼,1:08.2,クビ,10.8,5.0,448(+4),[西] 小林真也,202410010212
10,8,15,トーセンエスクード,牡4,58.0,菊沢一樹,1:08.2,クビ,3.2,1.0,446(+8),[東] 菊沢隆徳,202410010212
11,2,4,タガノスペルノヴァ,牡6,55.0,鷲頭虎太,1:08.3,3/4,19.6,8.0,428(-8),[西] 川村禎彦,202410010212
12,2,3,バーニングパワー,牝6,56.0,菱田裕二,1:08.6,1.1/2,43.6,11.0,490(+6),[西] 鮫島一歩,202410010212
13,7,14,ルージュルミナス,牝5,53.0,永島まな,1:08.7,クビ,9.8,4.0,450(-20),[西] 平田修,202410010212
14,8,16,シルバーダイヤ,牝4,56.0,原田和真,1:08.7,クビ,81.0,16.0,456(0),[東] 小野次郎,202410010212
15,1,1,ビップクロエ,牝4,56.0,松若風馬,1:09.0,1.3/4,57.4,14.0,452(-8),[西] 松下武士,202410010212
16,5,9,クリノリアルレディ,牝4,52.0,小林美駒,1:09.3,1.3/4,16.8,7.0,482(+12),[東] 伊藤伸一,202410010212
17,1,2,ジークシュベルト,牡4,58.0,藤懸貴志,1:09.3,クビ,95.1,17.0,462(-4),[西] 高橋義忠,202410010212
1,8,13,コパノマイアミ,牝3,54.0,秋山稔樹,1:46.4,,6.4,4.0,454(-14),[西] 宮徹,202410010301
2,1,1,ルージュシュエット,牝3,55.0,鮫島克駿,1:47.0,4,3.2,1.0,434(-8),[西] 矢作芳人,202410010301
3,6,9,リリーズブルーム,牝3,52.0,西塚洸二,1:47.3,1.1/2,4.6,2.0,448(-16),[西] 牧浦充徳,202410010301
4,4,4,グレイトフルペイン,牝3,55.0,西村淳也,1:47.3,アタマ,4.8,3.0,464(-2),[西] 茶木太樹,202410010301
5,5,6,シャローム,牝3,51.0,河原田菜,1:48.1,5,18.8,8.0,458(+2),[西] 茶木太樹,202410010301
6,7,10,ジョウショータイプ,牝3,55.0,小崎綾也,1:48.5,2.1/2,94.0,10.0,472(-12),[西] 中尾秀正,202410010301
7,3,3,フォーレ,牝3,52.0,永島まな,1:48.6,クビ,18.3,7.0,412(-10),[西] 浜田多実,202410010301
8,2,2,アケノミョウジョウ,牝3,55.0,黛弘人,1:48.7,1/2,262.4,13.0,446(-4),[東] 伊藤伸一,202410010301
9,4,5,フルリール,牝3,54.0,角田大和,1:49.0,2,17.1,6.0,428(-6),[西] 藤岡健一,202410010301
10,6,8,テイケイモハラ,牝3,55.0,岡部誠,1:49.0,クビ,7.5,5.0,430(-8),[西] 大橋勇樹,202410010301
11,5,7,アムールベル,牝3,52.0,川端海翼,1:49.3,1.3/4,249.2,12.0,430(-6),[西] 荒川義之,202410010301
12,8,12,ヨリノサルティア,牝3,53.0,藤田菜七,1:49.3,アタマ,99.9,11.0,512(-4),[東] 根本康広,202410010301
13,7,11,プエルタセクレタ,牝3,55.0,藤岡康太,1:49.7,2,23.0,9.0,410(-8),[西] 野中賢二,202410010301
1,8,16,ロードトレゾール,牡3,57.0,西村淳也,1:08.5,,10.7,5.0,514(-4),[西] 清水久詞,202410010302
2,7,13,モズトキキ,牝3,55.0,亀田温心,1:09.1,4,5.5,4.0,538(-2),[西] 村山明,202410010302
3,4,7,ジョーメッドヴィン,牡3,54.0,川端海翼,1:09.2,3/4,38.0,9.0,502(+16),[西] 清水久詞,202410010302
4,8,15,ミスサン,牝3,51.0,小林美駒,1:09.4,1.1/4,16.6,7.0,436(+6),[東] 伊藤伸一,202410010302
5,4,8,セイウンティーダ,牝3,54.0,佐々木大,1:09.4,ハナ,26.2,8.0,424(0),[東] 松山将樹,202410010302
6,2,3,エクストラドライ,牡3,57.0,藤岡康太,1:09.4,アタマ,3.9,2.0,476(-8),[西] 藤岡健一,202410010302
7,3,5,オーヴァーザトップ,牡3,57.0,丹内祐次,1:09.5,3/4,4.4,3.0,476(+8),[東] 伊藤伸一,202410010302
8,1,1,エルプロフェッサー,牝3,52.0,永島まな,1:09.8,1.1/2,15.7,6.0,416(+6),[西] 高橋康之,202410010302
9,2,4,メイショウハッブル,牡3,57.0,幸英明,1:10.0,1.1/4,3.6,1.0,468(+8),[西] 石橋守,202410010302
10,3,6,フォカッチャ,牝3,53.0,藤田菜七,1:10.0,クビ,180.8,13.0,426(0),[東] 小手川準,202410010302
11,7,14,カナアミデスマッチ,牝3,55.0,吉田隼人,1:10.0,ハナ,89.9,10.0,400(-10),[東] 竹内正洋,202410010302
12,1,2,ボナール,牡3,56.0,小沢大仁,1:10.4,2.1/2,208.4,14.0,450(+12),[西] 武英智,202410010302
13,5,9,ヴェッターホルン,牡3,57.0,武藤雅,1:10.5,1/2,165.1,12.0,464(+10),[西] 吉田直弘,202410010302
14,5,10,ヴェルディッキオ,牝3,55.0,黛弘人,1:10.6,クビ,511.4,16.0,472(+2),[東] 武市康男,202410010302
15,6,11,マルジェラ,牡3,56.0,秋山稔樹,1:10.7,1/2,433.7,15.0,496(+14),[東] 佐藤吉勝,202410010302
16,6,12,ゴージャスゴールド,牝3,51.0,河原田菜,1:10.9,1.1/4,139.7,11.0,400(+2),[西] 高橋亮,202410010302
1,7,11,ニシノルミリオン,牡3,57.0,武藤雅,0:58.9,,12.9,4.0,476(+4),[東] 武藤善則,202410010303
2,7,10,ジェネラーレ,牡3,54.0,西塚洸二,0:59.0,3/4,1.7,1.0,484(+4),[西] 野中賢二,202410010303
3,1,1,アプラド,牝3,55.0,西村淳也,0:59.0,クビ,15.8,5.0,448(-10),[西] 新谷功一,202410010303
4,5,7,ラインアルファ,牡3,54.0,永島まな,0:59.1,1/2,11.4,3.0,474(+2),[東] 水野貴広,202410010303
5,3,3,サンスイレン,牝3,54.0,秋山稔樹,0:59.9,5,65.3,8.0,438(+4),[東] 深山雅史,202410010303
6,8,12,マンダリア,牝3,53.0,藤田菜七,1:00.0,3/4,69.5,9.0,414(-6),[東] 水野貴広,202410010303
7,6,8,エイルドゥノン,牝3,54.0,角田大和,1:00.4,2.1/2,79.9,10.0,424(-4),[西] 飯田祐史,202410010303
8,4,4,イデアガウディ,牡3,53.0,小林美駒,1:00.4,アタマ,3.1,2.0,478(-6),[東] 中野栄治,202410010303
9,6,9,プチフレーシュ,牝3,52.0,水沼元輝,1:00.6,1.1/4,50.0,7.0,414(+4),[東] 加藤士津,202410010303
10,8,13,スリーロマンス,牝3,53.0,小林凌大,1:00.9,1.1/2,166.5,11.0,472(+2),[東] 伊藤圭三,202410010303
11,4,5,クリノビバーチェ,牝3,55.0,黛弘人,1:01.3,2.1/2,658.6,13.0,430(-2),[東] 石毛善彦,202410010303
12,5,6,マーティー,セ3,57.0,亀田温心,1:01.4,1/2,19.3,6.0,456(+18),[西] 藤沢則雄,202410010303
13,2,2,ロッキンドア,牡3,57.0,菊沢一樹,1:01.7,2,181.6,12.0,444(+2),[東] 岩戸孝樹,202410010303
1,2,2,オールザワールド,牡7,60.0,森一馬,3:13.2,,1.8,1.0,484(-6),[西] 中竹和也,202410010304
2,8,12,クラップサンダー,牡5,60.0,黒岩悠,3:13.3,1/2,3.5,2.0,466(+8),[西] 牧田和弥,202410010304
3,7,10,ニシノフウジン,牡5,60.0,大江原圭,3:14.4,7,35.8,6.0,476(+2),[東] 中野栄治,202410010304
4,5,5,ヘイセイメジャー,牡7,60.0,小野寺祐,3:14.7,1.3/4,5.5,3.0,498(0),[西] 木原一良,202410010304
5,5,6,ワンダーサーイター,牡7,60.0,草野太郎,3:14.9,1,98.5,9.0,460(-6),[東] 畠山吉宏,202410010304
6,8,11,ノーティアス,牡5,60.0,五十嵐雄,3:15.8,5,90.4,8.0,508(+12),[東] 宗像義忠,202410010304
7,6,7,ゴールドブリーズ,牡6,60.0,石神深一,3:15.9,1/2,8.5,4.0,514(+6),[東] 深山雅史,202410010304
8,4,4,ノイアーターク,セ4,59.0,中村将之,3:15.9,クビ,53.0,7.0,450(0),[西] 安田隆行,202410010304
9,1,1,キタノブレイド,牡5,60.0,上野翔,3:16.5,3.1/2,19.2,5.0,474(+8),[東] 萱野浩二,202410010304
10,6,8,クリノユキツバキ,牝5,57.0,水沼元輝,3:19.2,大,274.9,11.0,440(-4),[東] 天間昭一,202410010304
11,7,9,ラコンチャ,牡4,57.0,鷲頭虎太,3:21.7,大,187.7,10.0,466(+6),[西] 大根田裕,202410010304
取,3,3,ジロー,牡7,60.0,小牧加矢,,,---,,計不,[西] 岡田稲男,202410010304
1,1,1,ブラックボイス,牡5,60.0,石神深一,3:07.8,,6.1,4.0,522(+6),[東] 宮田敬介,202410010305
2,8,12,ヴェイルネビュラ,セ6,60.0,草野太郎,3:08.0,1,5.9,3.0,500(0),[東] 大竹正博,202410010305
3,8,11,エンデュミオン,牡7,60.0,小牧加矢,3:08.6,4,4.2,1.0,462(-4),[西] 清水久詞,202410010305
4,5,5,メリディアンローグ,牡7,60.0,大江原圭,3:09.5,5,5.2,2.0,496(+6),[東] 蛯名正義,202410010305
5,7,9,サンデイビス,牡6,60.0,上野翔,3:09.6,1,37.0,11.0,506(-2),[東] 村田一誠,202410010305
6,6,7,レディステディゴー,牡6,60.0,中村将之,3:09.7,1/2,14.2,7.0,516(-6),[西] 中村直也,202410010305
7,3,3,プンタアレナス,セ6,60.0,蓑島靖典,3:09.8,1/2,7.1,5.0,488(+6),[東] 古賀慎明,202410010305
8,4,4,ヒストリアノワール,セ6,60.0,伴啓太,3:11.4,10,34.0,10.0,440(-4),[東] 嘉藤貴行,202410010305
9,6,8,プラチナドリーム,牡5,60.0,黒岩悠,3:11.6,1.1/4,52.4,12.0,480(+8),[西] 平田修,202410010305
10,5,6,リバーシブルレーン,牡8,59.0,水沼元輝,3:12.1,3,31.6,9.0,452(+14),[東] 辻哲英,202410010305
11,7,10,ファルヴォーレ,牡6,60.0,小坂忠士,3:13.4,8,19.8,8.0,472(+10),[西] 高橋義忠,202410010305
中,2,2,オシリスブレイン,牡7,60.0,五十嵐雄,,,7.9,6.0,504(+2),[東] 田村康仁,202410010305
1,2,2,エレクトリックブギ,牡3,57.0,荻野極,1:50.4,,8.6,3.0,428(0),[東] 鹿戸雄一,202410010306
2,7,8,セレスト,牡3,54.0,川端海翼,1:50.5,クビ,36.0,9.0,426(-6),[西] 羽月友彦,202410010306
3,1,1,ヴィダル,牝3,55.0,北村友一,1:50.6,1/2,12.3,5.0,448(0),[西] 寺島良,202410010306
4,5,5,マイネルブラボー,牡3,53.0,小林美駒,1:50.6,ハナ,118.1,10.0,428(+2),[東] 小笠倫弘,202410010306
5,3,3,シュンプウ,牡3,57.0,水口優也,1:50.8,1,16.9,7.0,442(-6),[西] 吉田直弘,202410010306
6,7,9,オレンジダンサー,牝3,54.0,佐々木大,1:51.1,2,13.1,6.0,442(+6),[西] 高野友和,202410010306
7,4,4,モンディーン,牝3,52.0,永島まな,1:51.2,3/4,10.8,4.0,414(+4),[西] 西園翔太,202410010306
8,8,11,ビッグロードヒマリ,牡3,55.0,藤田菜七,1:51.3,1/2,153.8,11.0,448(-2),[東] 尾形和幸,202410010306
9,8,10,スターオブステップ,牡3,57.0,菱田裕二,1:51.4,クビ,25.8,8.0,450(-4),[東] 奥平雅士,202410010306
10,6,6,フローラルセント,牝3,55.0,藤岡康太,1:51.7,2,1.8,1.0,460(+4),[西] 松下武士,202410010306
11,6,7,レディマキシマ,牝3,55.0,丹内祐次,1:51.8,1,4.6,2.0,472(-8),[東] 中野栄治,202410010306
1,2,2,フォレスタ,牝6,56.0,丹内祐次,2:02.1,,9.9,3.0,424(+4),[東] 嘉藤貴行,202410010307
2,4,6,アリスヴェリテ,牝4,55.0,鮫島克駿,2:02.2,クビ,1.4,1.0,452(-6),[西] 中竹和也,202410010307
3,3,4,キュンストラー,牝6,55.0,佐々木大,2:02.5,2,28.8,6.0,414(0),[東] 松永康利,202410010307
4,5,8,キヨラ,牝6,56.0,菊沢一樹,2:02.5,ハナ,91.3,14.0,484(0),[東] 堀内岳志,202410010307
5,2,3,イゾレエオリア,牝4,55.0,吉田隼人,2:02.7,1.1/4,12.3,4.0,460(+6),[東] 伊藤大士,202410010307
6,4,7,スノーディザイア,牝5,56.0,幸英明,2:03.0,1.3/4,57.8,10.0,478(+10),[東] 畠山吉宏,202410010307
7,3,5,エレアイム,牝5,56.0,西村淳也,2:03.0,クビ,82.1,13.0,486(-8),[西] 奥村豊,202410010307
8,5,9,ユイ,牝5,55.0,小沢大仁,2:03.0,ハナ,82.0,12.0,452(-10),[西] 高橋康之,202410010307
9,7,13,ウインリュクス,牝4,55.0,岡部誠,2:03.0,クビ,248.0,15.0,446(+16),[西] 飯田雄三,202410010307
10,1,1,テンクウハット,牝4,55.0,太宰啓介,2:03.1,1/2,30.6,9.0,464(+2),[西] 渡辺薫彦,202410010307
11,6,11,トリオンファルマン,牝4,54.0,角田大和,2:03.1,アタマ,7.6,2.0,422(-4),[西] 笹田和秀,202410010307
12,6,10,アイベラ,牝4,55.0,荻野極,2:03.2,クビ,67.4,11.0,456(-4),[東] 田中博康,202410010307
13,8,15,サトノヴィーナス,牝7,53.0,永島まな,2:03.2,クビ,15.7,5.0,490(0),[西] 平田修,202410010307
14,8,14,マーゴットミニモ,牝4,52.0,鷲頭虎太,2:03.5,1.1/2,30.2,8.0,484(+2),[東] 伊坂重信,202410010307
15,7,12,ピースオブザライフ,牝4,55.0,富田暁,2:04.4,5,29.4,7.0,482(-6),[西] 野中賢二,202410010307
1,4,5,ダノンボレロ,牡4,57.0,菱田裕二,2:32.2,,8.9,6.0,556(+20),[東] 堀宣行,202410010308
2,8,13,ムジェロ,牡4,57.0,北村友一,2:32.9,4,4.9,2.0,512(0),[西] 藤原英昭,202410010308
3,3,3,フロンタルジェダイ,牡5,58.0,富田暁,2:32.9,ハナ,5.9,3.0,548(+14),[西] 高橋義忠,202410010308
4,7,11,クールブロン,牡4,57.0,西村淳也,2:33.0,1,6.4,4.0,532(+2),[西] 武幸四郎,202410010308
5,6,9,サトノバトラー,セ6,57.0,佐々木大,2:33.0,ハナ,27.2,10.0,504(0),[東] 堀宣行,202410010308
6,5,7,ユアフラッシュ,牝4,55.0,藤岡康太,2:33.1,クビ,21.8,7.0,458(+6),[西] 辻野泰之,202410010308
7,1,1,スターグロウ,牝4,55.0,武藤雅,2:33.1,クビ,3.9,1.0,450(+2),[東] 田中博康,202410010308
8,2,2,タイセイアーサー,牡6,58.0,斎藤新,2:33.2,1/2,25.9,9.0,482(0),[東] 斎藤誠,202410010308
9,5,6,エミサソウツバサ,牡5,58.0,鮫島克駿,2:34.0,5,61.5,12.0,516(+22),[西] 杉山佳明,202410010308
10,4,4,アオラキ,牡4,54.0,鷲頭虎太,2:34.0,クビ,23.5,8.0,470(+14),[東] 田村康仁,202410010308
11,8,12,アンノウンウォリア,牡5,56.0,藤田菜七,2:34.3,1.3/4,7.4,5.0,462(+8),[西] 平田修,202410010308
12,6,8,ウインアラジン,牡5,58.0,小崎綾也,2:34.5,1,27.2,11.0,504(0),[西] 寺島良,202410010308
中,7,10,ホープインザダーク,牡5,58.0,荻野極,,,140.2,13.0,508(-2),[西] 庄野靖志,202410010308
1,1,1,ビッグドリーム,牡3,57.0,吉田隼人,1:09.9,,1.8,1.0,522(0),[西] 西園正都,202410010309
2,3,3,ロードマイライフ,牡3,57.0,西村淳也,1:10.0,1/2,4.1,3.0,486(0),[西] 杉山晴紀,202410010309
3,2,2,シュークリーム,牝3,55.0,幸英明,1:10.0,クビ,3.1,2.0,430(+12),[西] 西村真幸,202410010309
4,5,5,ユメカナウケン,牝3,55.0,丸山元気,1:10.5,3,44.1,6.0,410(-2),[西] 谷潔,202410010309
5,7,7,コールミーメイビー,牝3,55.0,岡部誠,1:11.4,5,178.0,7.0,428(-5),[地] 角田輝也,202410010309
6,6,6,グレースルージュ,牝3,55.0,佐々木大,1:11.4,ハナ,13.8,4.0,406(-14),[西] 吉村圭司,202410010309
7,4,4,パルプフィクション,牝3,55.0,北村友一,1:11.5,クビ,17.0,5.0,438(0),[西] 飯田祐史,202410010309
1,3,6,シランケド,牝4,55.0,国分恭介,2:01.6,,2.7,1.0,516(+14),[西] 牧浦充徳,202410010310
2,6,12,マイネルシーマー,牡5,58.0,丹内祐次,2:02.5,5,15.9,6.0,494(+8),[東] 青木孝文,202410010310
3,8,17,ゼアズノープレイス,牡5,58.0,勝浦正樹,2:02.6,クビ,54.7,11.0,506(0),[東] 的場均,202410010310
4,5,9,テラフォーミング,牡5,58.0,鮫島克駿,2:02.6,アタマ,7.5,4.0,486(+8),[東] 相沢郁,202410010310
5,7,13,ツッチーフェイス,牝5,56.0,小沢大仁,2:02.7,3/4,53.2,9.0,460(-6),[西] 今野貞一,202410010310
6,1,1,メイショウウネビ,牡5,58.0,藤岡康太,2:02.9,3/4,5.1,3.0,494(+6),[西] 本田優,202410010310
7,8,15,ヴィトーリア,牡6,58.0,富田暁,2:03.1,1.1/4,18.7,7.0,448(+4),[西] 武英智,202410010310
8,6,11,ヒドゥンキング,牡5,58.0,黛弘人,2:03.2,1/2,164.1,14.0,470(+2),[東] 伊藤大士,202410010310
9,8,16,ペリプルス,牡4,57.0,武藤雅,2:03.2,ハナ,187.9,15.0,440(+4),[東] 佐藤吉勝,202410010310
10,2,4,タイラーテソーロ,牡5,58.0,佐々木大,2:03.8,3.1/2,27.8,8.0,472(+8),[東] 栗田徹,202410010310
11,4,7,ショウナンアキドン,牡4,57.0,斎藤新,2:03.9,クビ,66.8,12.0,474(+6),[西] 高野友和,202410010310
12,5,10,タナサンブラック,牡4,57.0,西村淳也,2:04.2,2,4.8,2.0,514(+16),[東] 伊坂重信,202410010310
13,7,14,マイネルデステリョ,牡7,58.0,丸山元気,2:04.2,ハナ,156.9,13.0,462(-8),[東] 畠山吉宏,202410010310
14,4,8,ポリクシニーズ,牡5,58.0,荻野極,2:04.5,1.3/4,54.1,10.0,498(-2),[東] 黒岩陽一,202410010310
15,1,2,サスケ,牡4,57.0,幸英明,2:04.6,1/2,9.0,5.0,478(+22),[西] 西村真幸,202410010310
16,2,3,シュハリ,牡4,57.0,菊沢一樹,2:04.8,1.1/2,270.7,16.0,444(+6),[東] 粕谷昌央,202410010310
17,3,5,メイショウホーコン,牡5,58.0,角田大和,2:06.1,8,336.7,17.0,482(-8),[西] 安達昭夫,202410010310
1,8,13,ゴッドブルービー,牡4,57.0,角田大和,1:42.9,,3.2,1.0,462(-16),[西] 角田晃一,202410010311
2,7,10,タイセイウォリアー,牡4,57.0,菱田裕二,1:43.7,5,7.1,4.0,496(+8),[西] 大橋勇樹,202410010311
3,1,1,アイファーテイオー,牡4,57.0,藤懸貴志,1:43.7,ハナ,4.6,2.0,470(+8),[西] 鮫島一歩,202410010311
4,4,4,ミヤジシャルマン,牡4,57.0,富田暁,1:43.9,3/4,20.3,8.0,502(-4),[西] 川村禎彦,202410010311
5,2,2,タロントゥーズ,牡4,57.0,佐々木大,1:44.1,1.1/2,5.3,3.0,468(0),[西] 大久保龍,202410010311
6,6,8,メイショウシナノ,牡4,57.0,小沢大仁,1:44.2,クビ,39.0,10.0,484(-6),[西] 大橋勇樹,202410010311
7,5,7,サムハンター,牡6,58.0,丸山元気,1:44.2,クビ,40.0,11.0,496(-4),[西] 高橋康之,202410010311
8,8,12,サイレンスタイム,牡4,57.0,水口優也,1:44.6,2,19.7,7.0,492(-2),[西] 安達昭夫,202410010311
9,5,6,ベイパーコーン,セ5,58.0,永島まな,1:44.7,3/4,21.1,9.0,468(+2),[西] 鈴木孝志,202410010311
10,6,9,サヴァビアン,牡6,58.0,藤岡康太,1:44.9,1,52.7,12.0,440(+4),[西] 羽月友彦,202410010311
11,7,11,トップスターサン,牡6,58.0,斎藤新,1:45.1,1,16.9,6.0,520(-12),[西] 四位洋文,202410010311
12,3,3,ワンダーブレット,セ5,58.0,小牧太,1:45.1,アタマ,8.6,5.0,504(-8),[西] 笹田和秀,202410010311
13,4,5,キョウワウォール,牡8,58.0,中井裕二,1:45.2,クビ,75.3,13.0,496(+20),[西] 飯田雄三,202410010311
1,4,7,オックスリップ,牝4,56.0,西村淳也,1:09.2,,3.8,1.0,454(+4),[西] 杉山晴紀,202410010312
2,8,17,オルフェスト,牝4,56.0,丸山元気,1:09.3,3/4,7.1,4.0,438(0),[東] 池上昌和,202410010312
3,5,9,サンポーニャ,牝4,53.0,鷲頭虎太,1:09.5,3/4,4.2,2.0,434(+2),[西] 池江泰寿,202410010312
4,7,13,サミュエル,牝5,56.0,菊沢一樹,1:09.7,1.1/2,13.8,7.0,470(+2),[東] 菊沢隆徳,202410010312
5,7,14,アエリーゾ,牝5,53.0,川端海翼,1:09.8,1/2,22.5,8.0,460(-4),[西] 庄野靖志,202410010312
6,3,6,シュライエン,牝6,56.0,鮫島克駿,1:09.8,アタマ,26.0,9.0,446(+4),[西] 高野友和,202410010312
7,6,11,トーホウジュナール,牝6,56.0,菱田裕二,1:10.0,1.1/4,6.7,3.0,468(-8),[西] 谷潔,202410010312
8,2,3,メイショウヒゾッコ,牝6,55.0,小沢大仁,1:10.3,1.3/4,44.3,11.0,424(-4),[西] 石橋守,202410010312
9,6,12,クリノリアルレディ,牝4,52.0,小林美駒,1:10.4,3/4,46.7,12.0,482(0),[東] 伊藤伸一,202410010312
10,4,8,カフジヴィオレッタ,牝6,56.0,幸英明,1:10.5,1/2,74.4,15.0,490(+8),[西] 森田直行,202410010312
11,5,10,レガーミ,牝5,56.0,富田暁,1:10.5,アタマ,33.0,10.0,522(0),[西] 木原一良,202410010312
12,8,16,フルティージャ,牝5,55.0,佐々木大,1:10.6,クビ,111.8,16.0,452(-8),[東] 堀内岳志,202410010312
13,1,2,スピニングマーリン,牝4,56.0,勝浦正樹,1:10.6,ハナ,47.2,13.0,494(+10),[東] 西田雄一,202410010312
14,8,15,スマートメイプル,牝4,53.0,永島まな,1:10.8,1.1/2,12.7,6.0,452(-20),[西] 矢作芳人,202410010312
15,3,5,セイウンスイート,牝4,54.0,藤田菜七,1:11.0,3/4,60.5,14.0,440(+12),[東] 栗田徹,202410010312
16,2,4,ヨウシタンレイ,牝4,52.0,河原田菜,1:11.3,1.3/4,10.8,5.0,460(-4),[西] 松永昌博,202410010312
17,1,1,ヤマニンパニータ,牝5,53.0,水沼元輝,1:11.8,3,160.0,17.0,466(-2),[東] 辻哲英,202410010312
1,1,1,サンドブラスト,牡3,57.0,丹内祐次,1:45.4,,2.2,1.0,500(0),[東] 鈴木慎太,202410010401
2,4,8,ズバットマサムネ,牡3,54.0,永島まな,1:45.7,1.3/4,6.1,4.0,486(+2),[西] 杉山佳明,202410010401
3,6,12,グランドエスケープ,牡3,57.0,荻野琢真,1:46.2,3,11.9,5.0,474(+6),[西] 藤沢則雄,202410010401
4,5,10,ワイワイサンデー,牡3,57.0,富田暁,1:46.2,クビ,58.3,8.0,468(-2),[東] 岩戸孝樹,202410010401
5,3,6,サンカルミア,牡3,56.0,佐々木大,1:46.6,2,5.9,3.0,458(-4),[東] 伊坂重信,202410010401
6,2,4,ギルトエッジ,牡3,57.0,菱田裕二,1:46.7,1,26.9,6.0,492(-6),[西] 森田直行,202410010401
7,5,9,アンバードール,牡3,57.0,吉田隼人,1:46.9,1.1/4,3.5,2.0,512(-4),[西] 吉岡辰弥,202410010401
8,4,7,ブロットキャスター,牡3,57.0,藤岡康太,1:47.3,2.1/2,322.4,12.0,502(+2),[東] 相沢郁,202410010401
9,1,2,カシノカンピオーネ,牡3,57.0,菊沢一樹,1:47.3,ハナ,137.4,10.0,488(0),[東] 天間昭一,202410010401
10,3,5,ローレルロイズ,牡3,56.0,秋山稔樹,1:47.4,3/4,51.5,7.0,442(+2),[西] 北出成人,202410010401
11,7,14,クリノフロンティア,牡3,54.0,鷲頭虎太,1:47.8,2.1/2,438.9,15.0,424(-4),[西] 松永昌博,202410010401
12,8,16,サットサンガ,牡3,54.0,佐藤翔馬,1:48.0,1,335.0,13.0,458(+2),[東] 水野貴広,202410010401
13,6,11,テイエムノジギク,牝3,52.0,水沼元輝,1:48.8,5,402.5,14.0,450(-16),[東] 石栗龍彦,202410010401
14,2,3,シングンアーメット,牡3,53.0,小林美駒,1:49.1,2,165.0,11.0,464(-2),[東] 伊坂重信,202410010401
15,8,15,ニホンピロジェシカ,牝3,54.0,角田大和,1:50.1,6,443.1,16.0,462(-2),[西] 安達昭夫,202410010401
16,7,13,クラージュミノル,牡3,57.0,荻野極,1:54.6,大,95.4,9.0,536(+4),[西] 北出成人,202410010401
1,3,3,レディマリオン,牝3,55.0,鮫島克駿,1:51.4,,1.9,1.0,438(-8),[西] 長谷川浩,202410010402
2,5,7,エリカエレガンテ,牝3,55.0,北村友一,1:51.7,2,4.7,2.0,462(-2),[西] 吉岡辰弥,202410010402
3,7,12,ダークファンタジー,牝3,54.0,佐々木大,1:52.3,3.1/2,7.2,3.0,410(0),[西] 須貝尚介,202410010402
4,7,11,ピリー,牝3,52.0,永島まな,1:52.4,1/2,13.7,6.0,500(+4),[西] 西園正都,202410010402
5,6,10,ブルーパール,牝3,55.0,富田暁,1:52.4,クビ,10.7,4.0,460(-4),[西] 武英智,202410010402
6,1,1,ウインベルレーヌ,牝3,55.0,黛弘人,1:52.5,1/2,30.5,8.0,432(0),[東] 宗像義忠,202410010402
7,3,4,マテンロウソル,牝3,54.0,角田大和,1:52.8,1.3/4,152.2,10.0,408(-6),[西] 四位洋文,202410010402
8,2,2,アリスヴィクトリア,牝3,52.0,西塚洸二,1:52.9,クビ,10.9,5.0,454(-4),[西] 中内田充,202410010402
9,4,5,バノフィー,牝3,55.0,丹内祐次,1:53.1,1.1/2,19.3,7.0,420(+6),[東] 田島俊明,202410010402
10,8,14,フミソニック,牝3,55.0,荻野極,1:53.2,3/4,43.6,9.0,398(0),[東] 黒岩陽一,202410010402
11,8,13,ワイドセレブ,牝3,55.0,吉田隼人,1:53.2,ハナ,317.1,13.0,458(-2),[西] 笹田和秀,202410010402
12,4,6,ルージュセレスト,牝3,52.0,鷲頭虎太,1:53.4,3/4,175.9,11.0,478(-6),[西] 池江泰寿,202410010402
13,5,8,シカンスイヨウ,牝3,51.0,河原田菜,1:53.4,クビ,310.4,12.0,450(-2),[西] 坂口智康,202410010402
14,6,9,アオイエクラタン,牝3,54.0,秋山稔樹,1:53.5,1/2,569.6,14.0,392(-6),[西] 高橋康之,202410010402
1,7,11,コウソクカレン,牝6,52.0,小林美駒,0:57.6,,7.6,4.0,500(+6),[東] 中舘英二,202410010403
2,8,14,フェイマスドクター,牡4,55.0,水沼元輝,0:57.8,1,5.0,2.0,508(+10),[東] 中川公成,202410010403
3,4,5,ジェットグリッター,牝5,56.0,菊沢一樹,0:58.0,1.1/4,38.4,10.0,440(-4),[東] 勢司和浩,202410010403
4,3,4,カップッチョ,牡7,58.0,黛弘人,0:58.0,アタマ,127.4,14.0,494(-4),[東] 石毛善彦,202410010403
5,1,1,アカザ,牝5,56.0,丹内祐次,0:58.0,ハナ,3.0,1.0,442(-2),[東] 伊坂重信,202410010403
6,8,13,ルワンジュ,牡5,58.0,藤懸貴志,0:58.2,3/4,12.1,6.0,500(-4),[西] 千田輝彦,202410010403
7,4,6,ワンダーヘイルネス,セ8,58.0,富田暁,0:58.3,1/2,18.1,7.0,492(0),[西] 河内洋,202410010403
8,2,2,ヨドノゴールド,牡6,55.0,永島まな,0:58.3,ハナ,5.2,3.0,474(+2),[西] 西園正都,202410010403
9,5,7,ディアドコス,牡4,57.0,松本大輝,0:58.3,アタマ,59.4,12.0,494(-4),[西] 羽月友彦,202410010403
10,6,9,サザンレイク,牝4,53.0,佐藤翔馬,0:58.3,クビ,120.7,13.0,494(+4),[東] 根本康広,202410010403
11,7,12,シックザイン,牡5,58.0,勝浦正樹,0:58.6,1.3/4,42.1,11.0,478(+2),[東] 水野貴広,202410010403
12,3,3,シャドウダッチェス,牝4,54.0,藤田菜七,0:58.8,1.1/4,21.2,8.0,482(-4),[東] 深山雅史,202410010403
13,6,10,ワンエルメス,牝5,52.0,河原田菜,0:59.0,1.1/2,24.7,9.0,470(-6),[東] 大和田成,202410010403
14,5,8,スノーヴァース,牝4,53.0,鷲頭虎太,0:59.2,1.1/4,10.4,5.0,402(-14),[西] 大根田裕,202410010403
1,6,7,ティートラップ,牡7,60.0,上野翔,3:09.1,,6.3,5.0,466(-6),[東] 伊藤伸一,202410010404
2,4,4,エイカイステラ,牝6,58.0,小牧加矢,3:10.0,5,5.3,3.0,458(-28),[西] 藤原英昭,202410010404
3,6,8,アルマドラード,セ6,60.0,草野太郎,3:11.0,6,3.8,2.0,522(+2),[東] 宮田敬介,202410010404
4,1,1,アスターディゴン,牡5,60.0,黒岩悠,3:11.0,ハナ,5.7,4.0,496(+2),[西] 中竹和也,202410010404
5,8,12,ガイフウカイセイ,牡5,60.0,五十嵐雄,3:11.8,5,3.3,1.0,540(0),[東] 松山将樹,202410010404
6,5,6,カースソーサラー,牡4,59.0,伴啓太,3:12.2,2.1/2,84.5,10.0,502(+10),[東] 奥平雅士,202410010404
7,8,11,トーアモルペウス,セ4,59.0,石神深一,3:14.4,大,43.6,9.0,476(-4),[東] 辻哲英,202410010404
8,5,5,トーカイキング,牡6,60.0,蓑島靖典,3:15.6,7,165.3,11.0,468(-14),[東] 南田美知,202410010404
9,7,10,パワータイショウ,牡5,60.0,小野寺祐,3:16.0,2.1/2,38.7,8.0,532(+4),[西] 村山明,202410010404
10,2,2,メイショウオキビ,牡6,60.0,森一馬,3:16.0,アタマ,15.2,6.0,516(+12),[西] 松永昌博,202410010404
11,7,9,レベランス,牡6,60.0,中村将之,3:16.2,1,27.2,7.0,468(+2),[西] 松下武士,202410010404
12,3,3,ハイレリーフ,牝6,58.0,大庭和弥,3:19.1,大,264.3,12.0,458(-4),[東] 粕谷昌央,202410010404
1,8,16,メイショウヤマモモ,牝3,55.0,秋山真一,1:11.5,,7.7,4.0,454(0),[西] 高橋亮,202410010405
2,2,4,サンドロナイト,牝3,53.0,鮫島克駿,1:11.6,1/2,3.8,1.0,460(0),[西] 茶木太樹,202410010405
3,3,6,シアーエレガンス,牝3,54.0,小沢大仁,1:11.8,1.1/4,4.7,2.0,464(0),[西] 長谷川浩,202410010405
4,6,11,テーオーサファイア,牝3,55.0,藤岡康太,1:12.1,2,11.2,6.0,438(0),[西] 宮徹,202410010405
5,5,10,ホルガーダンスク,牡3,57.0,吉田隼人,1:12.1,ハナ,5.0,3.0,424(0),[西] 西村真幸,202410010405
6,4,7,カネトシテミス,牝3,52.0,川端海翼,1:12.1,クビ,67.7,13.0,406(0),[西] 大根田裕,202410010405
7,6,12,アナレクタ,牡3,56.0,佐々木大,1:12.2,クビ,30.7,9.0,452(0),[西] 千田輝彦,202410010405
8,3,5,ツェルニー,牝3,55.0,亀田温心,1:12.4,1.1/4,14.2,7.0,446(0),[西] 坂口智康,202410010405
9,1,1,イエローサファイア,牝3,55.0,中井裕二,1:12.5,1/2,126.7,15.0,536(0),[西] 高橋亮,202410010405
10,7,14,ラボニータ,牝3,55.0,丸山元気,1:12.5,アタマ,93.4,14.0,428(0),[西] 浜田多実,202410010405
11,1,2,レッドマーレ,牡3,57.0,北村友一,1:12.5,ハナ,9.5,5.0,420(0),[西] 安田隆行,202410010405
12,2,3,ファストチアフル,牝3,55.0,城戸義政,1:12.8,2,150.4,17.0,470(0),[西] 荒川義之,202410010405
13,5,9,マダムリエート,牝3,52.0,永島まな,1:12.8,ハナ,25.6,8.0,436(0),[西] 安田隆行,202410010405
14,8,17,ソウルノット,牝3,52.0,西塚洸二,1:13.5,4,127.6,16.0,368(0),[西] 辻野泰之,202410010405
15,7,15,ニシノヴィヴィ,牝3,51.0,河原田菜,1:13.7,1,35.9,10.0,446(0),[東] 矢野英一,202410010405
16,7,13,メイショウユメカゼ,牡3,56.0,角田大和,1:14.3,3.1/2,42.2,11.0,532(0),[西] 飯田祐史,202410010405
17,8,18,エイシンゾディアク,牡3,57.0,荻野琢真,1:14.3,クビ,62.8,12.0,428(0),[西] 今野貞一,202410010405
18,4,8,アラタマファルクス,牝3,55.0,田中健,1:14.9,3.1/2,265.8,18.0,402(0),[西] 浜田多実,202410010405
1,1,1,コスモヴィーコ,牡3,57.0,丹内祐次,2:03.4,,9.0,7.0,476(+2),[東] 黒岩陽一,202410010406
2,3,3,ゴールドブレス,牡3,57.0,藤岡康太,2:03.7,2,8.1,5.0,432(0),[西] 西園翔太,202410010406
3,8,10,マルカオペラ,牝3,55.0,北村友一,2:03.8,3/4,8.4,6.0,462(-8),[西] 浜田多実,202410010406
4,4,4,ジェロニモス,牡3,57.0,鮫島克駿,2:03.9,1/2,5.5,2.0,492(-2),[西] 中村直也,202410010406
5,2,2,ロードバルベーラ,牡3,57.0,吉田隼人,2:04.0,クビ,2.5,1.0,458(0),[西] 奥村豊,202410010406
6,6,7,エウロス,牡3,57.0,黛弘人,2:04.9,5,166.7,9.0,436(+4),[東] 奥平雅士,202410010406
7,7,9,ガルバナム,牡3,53.0,河原田菜,2:05.4,3,7.4,4.0,472(-4),[西] 渡辺薫彦,202410010406
8,8,11,リエンダ,牡3,55.0,小林凌大,2:05.4,1/2,250.3,10.0,476(+6),[東] 岩戸孝樹,202410010406
9,6,6,ユーキャンドゥイッ,牡3,57.0,水口優也,2:05.5,1/2,127.4,8.0,462(+2),[西] 池江泰寿,202410010406
10,7,8,グランルチャドール,牡3,56.0,佐々木大,2:06.6,7,5.8,3.0,516(+10),[東] 上原佑紀,202410010406
11,5,5,カシノエタンセル,牡3,54.0,土田真翔,2:06.6,アタマ,476.8,11.0,446(-2),[東] 和田雄二,202410010406
1,1,1,ビアフォーナウ,牝3,53.0,小林凌大,1:10.9,,20.8,8.0,442(+8),[東] 池上昌和,202410010407
2,3,6,オレンジサファイア,牝3,55.0,吉田隼人,1:11.3,2.1/2,21.2,9.0,466(-8),[西] 岡田稲男,202410010407
3,8,16,ドーヴィル,牝3,55.0,丹内祐次,1:11.4,クビ,4.8,2.0,458(+8),[西] 武英智,202410010407
4,8,18,スマートレイヴ,牝3,54.0,角田大和,1:11.4,ハナ,11.7,6.0,414(-8),[西] 笹田和秀,202410010407
5,4,7,クイーンカナロア,牝3,55.0,鮫島克駿,1:11.5,1/2,4.0,1.0,438(-4),[西] 藤岡健一,202410010407
6,8,17,オオゾラヒバリ,牝3,55.0,丸山元気,1:11.5,クビ,83.4,13.0,436(+2),[東] 根本康広,202410010407
7,7,15,カワ,牝3,55.0,藤岡康太,1:11.5,ハナ,6.0,4.0,440(+6),[西] 武幸四郎,202410010407
8,3,5,ラムテリオス,牝3,52.0,永島まな,1:11.7,1,27.1,10.0,442(-2),[西] 吉村圭司,202410010407
9,5,10,ザハーフェル,牝3,52.0,川端海翼,1:11.8,1/2,496.9,18.0,462(-2),[西] 宮本博,202410010407
10,7,13,ソルセルリ,牝3,55.0,北村友一,1:11.9,1/2,10.8,5.0,410(-4),[西] 安田隆行,202410010407
11,5,9,ナムライリス,牝3,54.0,小沢大仁,1:12.0,3/4,19.8,7.0,430(-8),[西] 中竹和也,202410010407
12,2,4,スワルナパクシャ,牝3,55.0,菱田裕二,1:12.0,クビ,90.2,14.0,406(-6),[西] 橋口慎介,202410010407
13,6,12,コムルヴァン,牝3,51.0,河原田菜,1:12.0,クビ,69.8,12.0,462(-2),[西] 藤岡健一,202410010407
14,2,3,カーモス,牝3,54.0,佐々木大,1:12.3,1.3/4,5.1,3.0,428(+2),[西] 高橋義忠,202410010407
15,6,11,コトブキボタン,牝3,55.0,原田和真,1:12.4,クビ,319.5,17.0,432(-8),[東] 金成貴史,202410010407
16,7,14,ウィンドブレイク,牝3,55.0,富田暁,1:12.4,クビ,46.8,11.0,420(-6),[西] 野中賢二,202410010407
17,1,2,グッドムード,牝3,55.0,小崎綾也,1:12.8,2.1/2,224.3,16.0,446(+20),[西] 寺島良,202410010407
18,4,8,ニシノプリモ,牝3,52.0,水沼元輝,1:12.8,クビ,123.4,15.0,398(-2),[東] 加藤和宏,202410010407
1,1,1,ガンウルフ,牡4,57.0,藤岡康太,1:43.6,,3.9,2.0,488(-4),[西] 藤岡健一,202410010408
2,2,3,プレイサーゴールド,牡4,57.0,鮫島克駿,1:43.8,1.1/4,8.3,5.0,500(+8),[西] 今野貞一,202410010408
3,3,5,ダノンフューチャー,牡5,58.0,菊沢一樹,1:44.1,1.1/2,7.8,4.0,522(-4),[西] 寺島良,202410010408
4,6,12,オブシディアン,牡4,57.0,富田暁,1:44.1,クビ,14.6,8.0,542(+20),[東] 武藤善則,202410010408
5,8,15,トロピカルタウン,牡4,57.0,荻野極,1:44.2,クビ,107.8,12.0,468(+2),[東] 伊坂重信,202410010408
6,1,2,チャプリ,牝5,56.0,斎藤新,1:44.3,1/2,45.0,10.0,462(-6),[東] 高木登,202410010408
7,7,14,サンライズフォルス,牡4,57.0,藤懸貴志,1:44.5,1.1/4,12.2,6.0,508(-8),[西] 羽月友彦,202410010408
8,5,9,バンボーレ,牝6,52.0,河原田菜,1:44.6,1/2,22.9,9.0,460(-4),[西] 飯田祐史,202410010408
9,2,4,ララマルシュドロワ,牡4,57.0,中井裕二,1:45.1,3,7.6,3.0,480(-6),[西] 坂口智康,202410010408
10,7,13,メリタテス,牝4,55.0,北村友一,1:45.3,3/4,3.5,1.0,446(+2),[西] 矢作芳人,202410010408
11,5,10,ミユキザストロング,牡5,58.0,勝浦正樹,1:45.8,3,13.4,7.0,550(+18),[東] 小西一男,202410010408
12,6,11,ヤマカツレオン,セ7,58.0,和田翼,1:45.8,ハナ,126.4,13.0,504(-11),[西] 谷潔,202410010408
13,8,16,アークデトリオンフ,牡5,57.0,角田大和,1:46.4,3.1/2,287.7,15.0,496(+12),[西] 角田晃一,202410010408
14,4,8,ウィービースティ,牡4,57.0,亀田温心,1:46.5,1,70.2,11.0,502(-5),[西] 北出成人,202410010408
15,3,6,ジュリエンヌ,牝5,53.0,水沼元輝,1:46.7,1,473.3,16.0,462(+4),[東] 天間昭一,202410010408
16,4,7,ソングオブバラード,牝5,52.0,小林美駒,1:48.0,8,139.4,14.0,470(-10),[東] 辻哲英,202410010408
1,8,15,トーセンエスクード,牡4,58.0,吉田隼人,1:10.3,,2.9,1.0,444(-2),[東] 菊沢隆徳,202410010409
2,6,10,ニシノピウモッソ,牡4,58.0,勝浦正樹,1:10.3,クビ,5.0,3.0,460(+4),[東] 西田雄一,202410010409
3,7,12,バシレウスシチー,牡5,58.0,藤岡康太,1:10.4,クビ,14.6,6.0,446(-4),[西] 岡田稲男,202410010409
4,4,6,サトノプリエール,牝5,56.0,鮫島克駿,1:10.6,1.1/2,31.7,9.0,464(-13),[西] 斉藤崇史,202410010409
5,3,4,エイムインライフ,牝4,56.0,角田大和,1:10.6,ハナ,10.1,4.0,474(0),[西] 角田晃一,202410010409
6,5,9,リシャールケリー,牡4,58.0,川須栄彦,1:10.6,ハナ,3.8,2.0,512(+2),[西] 茶木太樹,202410010409
7,3,5,オコジュ,牝4,56.0,城戸義政,1:10.8,3/4,214.6,15.0,460(0),[東] 中野栄治,202410010409
8,2,3,ホイッスルソング,牝4,56.0,丹内祐次,1:10.9,1/2,19.3,7.0,470(-4),[東] 黒岩陽一,202410010409
9,5,8,ピースフルナイト,牝4,56.0,北村友一,1:11.0,1,28.6,8.0,404(+4),[西] 高野友和,202410010409
10,4,7,メリトリオ,牡4,58.0,佐々木大,1:11.3,1.1/2,35.3,10.0,474(+2),[東] 大竹正博,202410010409
11,8,14,レイカットスルー,牡4,58.0,国分恭介,1:11.3,クビ,89.0,13.0,448(-2),[東] 加藤士津,202410010409
12,1,1,ブルーグロット,牡5,58.0,菊沢一樹,1:11.6,2,14.1,5.0,534(-6),[東] 伊藤伸一,202410010409
13,6,11,ジュエルピーチ,牝4,56.0,小崎綾也,1:11.7,クビ,43.3,11.0,446(+6),[西] 西村真幸,202410010409
14,2,2,ヘレンキムゼー,牡5,58.0,荻野極,1:11.9,1.1/4,43.6,12.0,482(0),[東] 鹿戸雄一,202410010409
15,7,13,ラッキーミーティア,牝5,56.0,黛弘人,1:12.1,1.1/4,117.3,14.0,464(+6),[東] 伊坂重信,202410010409
1,1,1,スマートファントム,牡4,57.0,藤岡康太,2:41.9,,2.1,1.0,464(-8),[西] 石橋守,202410010410
2,8,11,フルール,牝4,55.0,鮫島克駿,2:42.0,クビ,14.4,6.0,484(0),[東] 上原佑紀,202410010410
3,4,4,シーグラス,牝5,56.0,丹内祐次,2:42.3,1.1/2,6.1,3.0,434(-10),[東] 武藤善則,202410010410
4,6,8,アスカノミライ,牡6,58.0,中井裕二,2:42.8,3,39.4,9.0,520(-10),[西] 川村禎彦,202410010410
5,2,2,シリンガバルガリス,セ4,57.0,富田暁,2:43.1,2,5.4,2.0,490(0),[西] 松永幹夫,202410010410
6,5,6,タガノバルコス,牡5,58.0,丸山元気,2:43.5,2.1/2,9.4,5.0,486(0),[西] 鮫島一歩,202410010410
7,7,10,サンデージャック,牡6,58.0,水口優也,2:43.9,2.1/2,85.4,11.0,476(-2),[西] 宮本博,202410010410
8,5,5,ジェンヌ,牝5,56.0,吉田隼人,2:44.0,クビ,7.1,4.0,430(+2),[西] 安達昭夫,202410010410
9,6,7,エヴィダンシア,牡5,58.0,西塚洸二,2:45.6,10,24.4,7.0,488(0),[西] 藤原英昭,202410010410
10,7,9,アナレンマ,セ6,58.0,岡田祥嗣,2:48.9,大,139.7,12.0,446(-8),[西] 藤原英昭,202410010410
11,3,3,プリマヴィータ,牝5,56.0,永島まな,2:50.2,8,33.8,8.0,422(-10),[西] 藤沢則雄,202410010410
12,8,12,ヴォルゴグラード,牡5,58.0,斎藤新,2:52.7,大,74.9,10.0,512(-8),[西] 牧田和弥,202410010410
1,8,15,サンライズアリオン,牡5,57.0,富田暁,1:42.2,,3.4,1.0,524(-2),[西] 平田修,202410010411
2,7,13,レリジールダモーレ,牝5,52.0,佐々木大,1:42.7,3,36.6,11.0,454(+8),[西] 高橋義忠,202410010411
3,1,1,タガノエスコート,牡5,57.0,鮫島克駿,1:42.7,クビ,5.3,2.0,490(-10),[西] 小林真也,202410010411
4,5,9,ハンディーズピーク,牡6,55.0,小崎綾也,1:43.0,2,154.5,15.0,526(+2),[西] 大久保龍,202410010411
5,7,14,ウラヤ,牡5,55.0,藤岡康太,1:43.0,クビ,17.0,9.0,482(+10),[西] 野中賢二,202410010411
6,6,12,ロコポルティ,牡6,56.0,丸山元気,1:43.2,1,23.6,10.0,530(+2),[西] 西園正都,202410010411
7,3,6,ハイエストポイント,牡6,55.0,北村友一,1:43.2,アタマ,66.1,12.0,458(+4),[西] 鈴木孝志,202410010411
8,2,3,リファインドマナー,牝6,51.0,秋山稔樹,1:43.5,1.1/2,193.9,16.0,454(+10),[西] 杉山佳明,202410010411
9,4,7,ビオグラフィア,牡6,55.0,斎藤新,1:43.9,2.1/2,11.7,6.0,496(+6),[西] 松下武士,202410010411
10,1,2,ローズスター,牡4,55.0,丹内祐次,1:44.0,1/2,15.1,8.0,464(+4),[西] 上村洋行,202410010411
11,3,5,シルバーブレッド,牡5,55.0,荻野極,1:44.0,クビ,90.4,13.0,428(-8),[西] 石坂公一,202410010411
12,6,11,サトノスライヴ,牡7,54.0,菱田裕二,1:44.1,1/2,97.7,14.0,524(-4),[東] 上原佑紀,202410010411
13,2,4,グラストンベリー,牝5,52.0,永島まな,1:44.3,1,8.4,4.0,440(+2),[西] 藤岡健一,202410010411
14,5,10,メイショウモズ,牡4,56.0,小沢大仁,1:45.0,4,6.8,3.0,512(+6),[西] 松永昌博,202410010411
15,8,16,メイクザビート,牡4,55.0,吉田隼人,1:45.5,3,12.5,7.0,496(+2),[西] 西園正都,202410010411
16,4,8,メイショウジブリ,牡5,55.0,角田大和,1:45.7,1.1/2,9.8,5.0,504(+2),[西] 角田晃一,202410010411
1,8,15,パルティクラール,牝4,55.0,国分恭介,1:49.3,,4.4,2.0,518(+2),[西] 牧浦充徳,202410010412
2,6,10,マイネルラッシュ,牡4,57.0,丹内祐次,1:49.3,クビ,3.9,1.0,464(0),[東] 水野貴広,202410010412
3,5,8,テイエムエメラルド,牝6,53.0,西塚洸二,1:50.0,4,11.0,6.0,474(0),[西] 飯田雄三,202410010412
4,5,9,セルジュ,牡6,58.0,丸山元気,1:50.1,クビ,70.5,14.0,502(+6),[東] 中川公成,202410010412
5,7,13,ダークモード,牡4,57.0,藤岡康太,1:50.3,1.1/2,27.2,9.0,488(-6),[西] 藤岡健一,202410010412
6,8,14,マイレーヌ,牝4,55.0,斎藤新,1:50.6,1.3/4,29.3,11.0,502(-2),[東] 斎藤誠,202410010412
7,2,3,バラードインミラノ,牡6,58.0,原田和真,1:50.8,1.1/4,161.7,15.0,430(-4),[東] 小野次郎,202410010412
8,3,4,バガン,牡6,55.0,鷲頭虎太,1:50.8,クビ,7.6,4.0,470(+14),[西] 野中賢二,202410010412
9,4,7,クラシックステップ,牡5,58.0,鮫島克駿,1:50.9,1/2,4.8,3.0,480(-2),[西] 安田隆行,202410010412
10,4,6,ミナモトフェイス,牝5,56.0,秋山真一,1:51.0,1/2,28.3,10.0,468(0),[東] 上原博之,202410010412
11,7,12,ショウナンハクウン,牡4,57.0,中井裕二,1:51.1,3/4,25.1,8.0,508(0),[東] 大竹正博,202410010412
12,2,2,マイネルフォルツァ,牡4,56.0,佐々木大,1:51.2,アタマ,19.9,7.0,514(+16),[東] 金成貴史,202410010412
13,1,1,ゴールドレコーダー,牝4,55.0,荻野琢真,1:51.5,2,54.9,12.0,428(-2),[東] 南田美知,202410010412
14,3,5,サンライズタイソン,牡4,57.0,北村友一,1:52.1,3.1/2,10.6,5.0,418(+2),[西] 平田修,202410010412
15,6,11,タイセイクラージュ,セ4,57.0,荻野極,1:53.2,7,56.6,13.0,442(-10),[西] 矢作芳人,202410010412
1,8,11,グラティアスミノル,牡3,54.0,永島まな,1:47.8,,3.3,2.0,496(0),[西] 北出成人,202410010501
2,8,12,ケイアイアルタイル,牡3,57.0,松若風馬,1:48.3,3,1.8,1.0,516(+2),[西] 梅田智之,202410010501
3,7,9,フェイマスグラース,牝3,55.0,幸英明,1:48.8,3,30.1,7.0,466(-8),[西] 谷潔,202410010501
4,5,6,ヒロインズクレスト,牝3,55.0,丸山元気,1:48.9,3/4,36.9,8.0,456(-2),[西] 本田優,202410010501
5,2,2,ウインメラナイト,牡3,57.0,菊沢一樹,1:49.0,3/4,90.4,9.0,498(-4),[西] 寺島良,202410010501
6,5,5,ミランカ,牝3,52.0,川端海翼,1:49.1,クビ,15.4,5.0,450(-4),[西] 中尾秀正,202410010501
7,1,1,ヒロイックロイ,牡3,53.0,河原田菜,1:49.1,アタマ,93.0,10.0,472(+8),[西] 鈴木孝志,202410010501
8,7,10,ゼットスパンキー,牡3,57.0,藤岡康太,1:49.1,クビ,10.6,4.0,460(+8),[西] 宮徹,202410010501
9,6,7,グランレザンドール,牡3,57.0,富田暁,1:49.7,3.1/2,26.4,6.0,508(-2),[西] 高橋義忠,202410010501
10,3,3,タイセイマーシャル,牡3,57.0,西村淳也,1:51.3,10,8.1,3.0,474(-6),[西] 杉山晴紀,202410010501
11,4,4,ユーベルメンシュ,牡3,57.0,北村友一,1:54.0,大,110.8,11.0,550(-4),[西] 畑端省吾,202410010501
12,6,8,ダイチノカムイ,牡3,55.0,藤田菜七,1:58.3,大,195.3,12.0,468(+12),[西] 松永幹夫,202410010501
1,5,8,サイレントグルーヴ,牝3,55.0,藤岡康太,2:02.4,,9.3,5.0,484(+4),[西] 角田晃一,202410010502
2,8,13,レディアマゾネス,牝3,54.0,佐々木大,2:02.7,1.3/4,2.4,1.0,438(+6),[東] 尾形和幸,202410010502
3,2,2,バーキン,牝3,55.0,国分恭介,2:02.9,1.1/4,17.9,7.0,474(-10),[西] 西園翔太,202410010502
4,8,14,アリストクラシア,牝3,55.0,西村淳也,2:02.9,クビ,5.5,3.0,462(-8),[西] 吉岡辰弥,202410010502
5,4,6,センドネージュ,牝3,51.0,小林美駒,2:03.8,5,155.2,12.0,458(+16),[東] 武井亮,202410010502
6,3,4,シーメジャー,牝3,55.0,吉田隼人,2:03.9,クビ,10.7,6.0,438(-6),[西] 奥村豊,202410010502
7,6,10,ピアリ,牝3,55.0,北村友一,2:04.1,1.1/2,8.6,4.0,464(-8),[西] 安田隆行,202410010502
8,4,5,カルテメトレス,牝3,55.0,加藤祥太,2:04.3,1,36.0,8.0,456(-8),[西] 梅田智之,202410010502
9,3,3,エグザルテーション,牝3,54.0,角田大和,2:04.4,1,66.1,10.0,432(-12),[西] 渡辺薫彦,202410010502
10,5,7,カーリングホリデー,牝3,52.0,石田拓郎,2:04.6,1.1/4,189.6,14.0,462(-2),[東] 宗像義忠,202410010502
11,7,12,ミクロフィラム,牝3,55.0,鮫島克駿,2:04.9,2,4.9,2.0,446(+16),[西] 斉藤崇史,202410010502
12,7,11,プリモパッソ,牝3,55.0,幸英明,2:05.4,2.1/2,51.0,9.0,412(-4),[西] 牧田和弥,202410010502
13,6,9,ガンバリキ,牝3,55.0,勝浦正樹,2:05.8,2.1/2,123.0,11.0,448(0),[東] 的場均,202410010502
14,1,1,メロディーダンサー,牝3,53.0,藤田菜七,2:09.1,大,179.0,13.0,466(+2),[東] 新開幸一,202410010502
1,6,6,フーコサンライズ,牝3,54.0,松本大輝,0:58.6,,2.3,1.0,496(-6),[西] 新谷功一,202410010503
2,1,1,テイエムタリスマ,牡3,57.0,富田暁,0:59.1,2.1/2,9.4,5.0,464(+2),[西] 木原一良,202410010503
3,2,2,メトゥス,牡3,56.0,佐々木大,0:59.5,2.1/2,3.9,2.0,446(-2),[東] 堀内岳志,202410010503
4,3,3,オルマジェス,セ3,53.0,小林美駒,1:00.0,3,28.6,7.0,450(-18),[東] 武藤善則,202410010503
5,8,10,デビルシズカチャン,牝3,53.0,藤田菜七,1:00.1,3/4,7.5,4.0,462(-2),[西] 武幸四郎,202410010503
6,7,8,イデアガウディ,牡3,55.0,小林凌大,1:00.1,ハナ,6.7,3.0,486(+8),[東] 中野栄治,202410010503
7,5,5,ミツカネエリーズ,牝3,55.0,丹内祐次,1:00.2,1/2,35.0,9.0,448(-10),[東] 清水英克,202410010503
8,7,9,サンダーバース,牡3,57.0,藤岡康太,1:00.2,クビ,11.8,6.0,486(-10),[西] 高柳大輔,202410010503
9,4,4,ベニスズメ,牝3,52.0,永島まな,1:00.8,3.1/2,29.2,8.0,446(-2),[西] 高橋康之,202410010503
10,6,7,ダンテズセヴン,牝3,52.0,西塚洸二,1:01.0,1.1/4,196.4,10.0,388(-4),[西] 緒方努,202410010503
11,8,11,レフトフィールダー,牡3,54.0,水沼元輝,1:01.2,1.1/4,343.6,11.0,428(-2),[東] 菊川正達,202410010503
1,6,8,サインオブサクセス,牡5,60.0,上野翔,3:09.1,,4.0,3.0,484(+8),[東] 伊藤圭三,202410010504
2,7,10,ノアチェリー,牝5,58.0,大江原圭,3:09.4,1.3/4,2.8,1.0,474(+4),[東] 小笠倫弘,202410010504
3,8,12,ヴァレッタカズマ,牡5,60.0,森一馬,3:10.6,7,17.3,6.0,504(+4),[西] 安田隆行,202410010504
4,2,2,ケンアンビシャス,牡6,60.0,五十嵐雄,3:11.7,7,19.2,7.0,484(+6),[東] 久保田貴,202410010504
5,5,6,ユーベルント,牝6,58.0,大庭和弥,3:11.8,クビ,70.8,10.0,454(+6),[東] 堀内岳志,202410010504
6,1,1,ロードシュトローム,牡6,60.0,田村太雅,3:12.8,6,46.9,8.0,514(0),[西] 清水久詞,202410010504
7,3,3,ゼンカイテン,牡5,60.0,伴啓太,3:12.8,アタマ,3.4,2.0,476(+4),[東] 矢野英一,202410010504
8,4,4,メリーセンス,牡5,60.0,黒岩悠,3:12.8,ハナ,84.6,11.0,498(-6),[西] 森秀行,202410010504
9,8,11,タガノカイ,牡6,60.0,西谷誠,3:13.6,5,9.8,4.0,520(+12),[西] 宮徹,202410010504
10,6,7,プラチナムレイアー,牡6,60.0,小牧加矢,3:15.2,10,11.6,5.0,510(+4),[西] 吉岡辰弥,202410010504
11,5,5,ステラナビゲーター,牡5,60.0,石神深一,3:15.8,3.1/2,62.5,9.0,522(+16),[東] 菊川正達,202410010504
12,7,9,アニマルキリシマ,牡4,59.0,草野太郎,3:16.1,1.3/4,209.9,12.0,460(-20),[東] 蛯名利弘,202410010504
1,5,7,ログラール,牡3,57.0,北村友一,1:49.5,,1.6,1.0,470(-8),[西] 松永幹夫,202410010505
2,4,4,プラムダンディ,牡3,57.0,吉田隼人,1:49.7,1.1/4,4.4,2.0,440(0),[東] 尾形和幸,202410010505
3,4,5,ラストスピリッツ,牡3,57.0,菱田裕二,1:49.9,1.1/4,17.1,5.0,502(+6),[西] 緒方努,202410010505
3,7,11,リケアヴィオレ,牡3,56.0,秋山稔樹,1:49.9,同着,82.3,12.0,458(+4),[東] 蛯名利弘,202410010505
5,7,10,ブライティアブエナ,牝3,53.0,小林凌大,1:50.1,3/4,362.8,13.0,458(-18),[西] 佐々木晶,202410010505
6,8,13,ヴィーケン,牡3,54.0,西塚洸二,1:50.3,1.1/4,23.9,7.0,478(-4),[西] 高橋康之,202410010505
7,2,2,ペルフェツィオーネ,牡3,57.0,鮫島克駿,1:50.3,クビ,31.4,8.0,470(+16),[西] 杉山佳明,202410010505
8,5,6,フィッツロイ,牡3,57.0,西村淳也,1:50.4,1/2,34.2,9.0,472(+2),[西] 矢作芳人,202410010505
9,3,3,クールクラバート,牡3,57.0,藤岡康太,1:50.5,クビ,18.8,6.0,460(0),[西] 清水久詞,202410010505
10,6,9,ホワイトリバー,牡3,57.0,丹内祐次,1:50.7,1.1/4,70.4,11.0,460(+14),[西] 武英智,202410010505
11,6,8,レイム,牝3,52.0,永島まな,1:51.4,4,42.6,10.0,424(-6),[西] 高橋康之,202410010505
12,1,1,クランベリーダンス,牝3,54.0,佐々木大,1:51.4,クビ,15.2,4.0,380(-8),[西] 庄野靖志,202410010505
13,8,12,ジョニール,牝3,55.0,幸英明,1:51.8,2.1/2,10.4,3.0,458(-8),[西] 森田直行,202410010505
1,4,5,ワールドシリーズ,牡3,57.0,藤岡佑介,1:09.8,,4.9,2.0,452(0),[西] 中内田充,202410010506
2,8,14,ノイヤー,牝3,54.0,角田大和,1:10.0,1,3.0,1.0,454(-6),[西] 高橋亮,202410010506
3,3,4,サニイアール,牝3,55.0,丹内祐次,1:10.1,3/4,18.6,8.0,446(+2),[東] 田村康仁,202410010506
4,2,2,レギウス,牡3,54.0,鷲頭虎太,1:10.1,クビ,122.6,10.0,462(+4),[東] 高橋裕,202410010506
5,8,13,プラビータ,牝3,51.0,河原田菜,1:10.2,クビ,8.0,4.0,482(-18),[東] 矢野英一,202410010506
6,6,9,サクソフィーナ,牝3,55.0,西村淳也,1:10.3,3/4,8.1,5.0,472(-8),[東] 田中博康,202410010506
7,5,7,ポリトナリティー,牝3,53.0,小林凌大,1:10.3,アタマ,14.4,7.0,412(-2),[東] 和田雄二,202410010506
8,6,10,タガノアミカル,牝3,55.0,田中健,1:10.3,ハナ,170.1,14.0,446(-6),[西] 荒川義之,202410010506
9,5,8,リケアオランジュ,牝3,54.0,秋山稔樹,1:10.3,ハナ,124.8,11.0,376(+4),[東] 小野次郎,202410010506
10,7,12,グローリーロード,牡3,57.0,幸英明,1:10.4,1/2,136.2,12.0,454(+4),[西] 西園翔太,202410010506
11,7,11,レアグリフォン,牡3,56.0,佐々木大,1:10.5,クビ,6.5,3.0,460(0),[東] 稲垣幸雄,202410010506
12,4,6,ダイメイイチョウ,牝3,52.0,西塚洸二,1:10.8,2,8.8,6.0,438(0),[西] 本田優,202410010506
13,1,1,セブンスリーローズ,牝3,54.0,小沢大仁,1:11.0,1.1/4,19.4,9.0,426(+6),[西] 飯田祐史,202410010506
14,3,3,ロッキンドア,牡3,53.0,小林美駒,1:12.8,大,168.2,13.0,442(-2),[東] 岩戸孝樹,202410010506
1,4,7,マイネルカーライル,牡4,57.0,丹内祐次,1:44.3,,6.2,4.0,512(+10),[西] 西園正都,202410010507
2,4,8,ヤマニンクイッカー,牡5,58.0,西村淳也,1:45.3,6,4.8,3.0,460(-12),[東] 田島俊明,202410010507
3,6,11,クールジャーマン,牡4,56.0,松本大輝,1:46.4,7,78.9,12.0,480(+12),[西] 松下武士,202410010507
4,8,15,ヒルノピレネー,牡4,54.0,永島まな,1:46.7,1.1/2,26.6,9.0,454(-2),[西] 北出成人,202410010507
5,3,6,ニシノシークレット,牡4,57.0,勝浦正樹,1:47.0,1.1/2,55.8,10.0,494(+10),[東] 村田一誠,202410010507
6,7,14,ワンダーウィルク,牡5,58.0,松若風馬,1:47.1,1/2,4.7,2.0,504(-6),[西] 今野貞一,202410010507
7,1,1,メッセージソング,セ5,55.0,川端海翼,1:47.4,1.3/4,72.8,11.0,492(-12),[西] 渡辺薫彦,202410010507
7,8,16,ポワンキュルミナン,牡4,57.0,菱田裕二,1:47.4,同着,18.0,8.0,422(-4),[西] 岡田稲男,202410010507
9,5,9,スマートハンター,牡4,56.0,小沢大仁,1:47.4,クビ,4.2,1.0,512(+10),[西] 中村直也,202410010507
10,2,4,トロピカルタウン,牡4,57.0,鮫島克駿,1:47.8,2.1/2,11.7,6.0,470(+2),[東] 伊坂重信,202410010507
11,1,2,オブシディアン,牡4,57.0,富田暁,1:48.2,2,10.1,5.0,532(-10),[東] 武藤善則,202410010507
12,5,10,ブラックサウザー,牡5,55.0,西塚洸二,1:48.4,1.1/2,11.8,7.0,436(-2),[西] 大根田裕,202410010507
13,6,12,ジョーカーブラウン,牡5,58.0,原田和真,1:48.5,クビ,107.3,13.0,522(-8),[東] 松山将樹,202410010507
14,3,5,ハガネ,牡4,57.0,斎藤新,1:49.2,4,124.1,14.0,468(+22),[東] 斎藤誠,202410010507
15,2,3,サルジュターグ,牡4,53.0,小林美駒,1:49.4,3/4,131.7,15.0,474(-8),[東] 村田一誠,202410010507
16,7,13,スペースザリッパー,牡5,58.0,菊沢一樹,1:51.7,大,254.0,16.0,526(+2),[東] 戸田博文,202410010507
1,8,14,ケイティクレバー,牡9,61.0,上野翔,3:44.7,,7.3,4.0,464(+2),[東] 清水英克,202410010508
2,4,5,サイード,セ5,60.0,小牧加矢,3:44.9,1,15.4,5.0,498(+2),[西] 角田晃一,202410010508
3,4,6,サクセッション,セ7,61.0,蓑島靖典,3:45.0,1/2,4.5,3.0,524(-2),[東] 国枝栄,202410010508
4,5,8,グレートバローズ,牡7,60.0,高田潤,3:46.8,大,3.0,1.0,490(+6),[西] 辻野泰之,202410010508
5,3,3,ブレッシングレイン,セ7,59.0,小野寺祐,3:46.8,クビ,16.7,6.0,502(+4),[東] 木村哲也,202410010508
6,6,9,タイキフロリゼル,牡6,60.0,黒岩悠,3:47.0,1.1/4,53.0,9.0,478(-2),[西] 谷潔,202410010508
7,6,10,エクスパートラン,牡9,59.0,小坂忠士,3:47.5,2.1/2,154.4,13.0,474(0),[西] 小崎憲,202410010508
8,7,12,ビップランバン,牡6,59.0,中村将之,3:48.0,3,38.6,8.0,480(-2),[西] 清水久詞,202410010508
9,3,4,フォッサマグナ,セ8,60.0,伴啓太,3:48.1,1/2,3.2,2.0,482(0),[東] 黒岩陽一,202410010508
10,1,1,ブリヨンカズマ,牡5,59.0,五十嵐雄,3:49.0,5,19.1,7.0,514(0),[東] 高橋文雅,202410010508
11,5,7,テイエムタツマキ,牡6,59.0,田村太雅,3:49.2,1,119.6,12.0,494(0),[西] 武英智,202410010508
12,8,13,ジャディード,牡9,59.0,石神深一,3:50.5,8,107.2,11.0,466(+8),[東] 小島茂之,202410010508
13,2,2,シャイニーズラン,牡7,59.0,大江原圭,3:51.7,7,177.1,14.0,470(-8),[西] 森田直行,202410010508
中,7,11,イベリア,牡9,59.0,草野太郎,,,86.4,10.0,520(-10),[西] 藤沢則雄,202410010508
1,8,13,トロピカルライト,牝4,55.0,丸田恭介,2:40.2,,4.6,3.0,478(+14),[東] 宗像義忠,202410010509
2,3,3,パープルクラウド,牡4,57.0,鮫島克駿,2:40.3,1/2,54.1,10.0,510(-16),[西] 吉村圭司,202410010509
3,8,14,ティムール,牡4,57.0,佐々木大,2:40.8,3,2.4,1.0,462(+2),[西] 中竹和也,202410010509
4,7,12,グルーヴビート,牡6,58.0,藤岡康太,2:41.1,2,15.8,6.0,488(-6),[西] 中村直也,202410010509
5,2,2,ギンノサジ,牝6,56.0,丸山元気,2:41.2,クビ,86.9,12.0,490(+2),[東] 松永康利,202410010509
6,7,11,マケルナマサムネ,牡6,58.0,北村友一,2:41.3,クビ,43.7,9.0,474(+12),[西] 杉山佳明,202410010509
7,6,10,マイネルジャッカル,牡6,58.0,丹内祐次,2:41.3,クビ,9.9,5.0,490(+10),[東] 西田雄一,202410010509
8,1,1,ウインマイルート,牡5,58.0,西村淳也,2:41.3,ハナ,4.6,2.0,460(+4),[東] 鈴木慎太,202410010509
9,4,5,ムーンスカイ,牡4,57.0,小沢大仁,2:41.5,1.1/4,26.9,7.0,438(+4),[西] 牧田和弥,202410010509
10,6,9,ウェイビー,牝4,55.0,幸英明,2:41.8,1.3/4,8.9,4.0,534(+14),[西] 西村真幸,202410010509
11,5,7,チャイボーグ,牝4,55.0,勝浦正樹,2:41.9,クビ,290.0,14.0,478(0),[東] 的場均,202410010509
12,4,6,アオラキ,牡4,57.0,鷲頭虎太,2:42.3,2.1/2,66.2,11.0,468(-2),[東] 田村康仁,202410010509
13,3,4,サツキスマイル,牝4,55.0,菊沢一樹,2:42.5,1.1/4,149.6,13.0,396(-14),[西] 寺島良,202410010509
14,5,8,ティズグロリアス,牝5,56.0,藤岡佑介,2:45.0,大,41.4,8.0,434(0),[東] 上原佑紀,202410010509
1,4,8,メイショウオーロラ,牝4,55.0,藤岡康太,1:45.8,,3.9,2.0,488(0),[西] 本田優,202410010510
2,8,16,ルナビス,牝4,55.0,北村友一,1:46.0,1.1/4,6.2,4.0,476(-4),[西] 森田直行,202410010510
3,1,2,エピックジョイ,牝5,56.0,鮫島克駿,1:46.1,クビ,3.7,1.0,496(-4),[西] 武幸四郎,202410010510
4,5,9,メイショウコボケ,牝4,55.0,西塚洸二,1:46.2,1/2,16.9,7.0,488(-2),[西] 河内洋,202410010510
5,4,7,トゥーテイルズ,牝4,55.0,西村淳也,1:46.3,3/4,46.8,11.0,468(0),[西] 藤原英昭,202410010510
6,6,12,モントブレッチア,牝5,56.0,斎藤新,1:46.4,3/4,5.1,3.0,458(-4),[東] 斎藤誠,202410010510
7,7,13,エナジーロッソ,牝6,56.0,小沢大仁,1:46.5,クビ,144.5,15.0,490(-10),[西] 高柳大輔,202410010510
8,2,3,フローラルビアンカ,牝5,56.0,藤岡佑介,1:46.6,3/4,72.2,12.0,484(+4),[西] 田中克典,202410010510
9,3,5,エルザストラウム,牝5,56.0,菱田裕二,1:46.7,クビ,8.8,5.0,464(+2),[西] 武幸四郎,202410010510
10,2,4,スカンジナビア,牝5,56.0,角田大和,1:46.7,クビ,82.4,13.0,480(0),[西] 安達昭夫,202410010510
11,5,10,リースタル,牝5,56.0,松若風馬,1:46.8,1/2,46.2,10.0,444(+4),[西] 森田直行,202410010510
12,1,1,ノッテルーナ,牝4,55.0,古川吉洋,1:47.0,1.1/4,15.4,6.0,462(-6),[西] 宮本博,202410010510
13,7,14,クリノニキータ,牝7,56.0,幸英明,1:47.1,3/4,100.3,14.0,480(-8),[西] 大根田裕,202410010510
14,6,11,ソールズベリー,牝5,56.0,丹内祐次,1:48.1,6,302.6,16.0,450(+8),[東] 竹内正洋,202410010510
15,3,6,トウシンカーリン,牝4,55.0,長岡禎仁,1:48.8,4,36.8,9.0,466(-4),[西] 杉山晴紀,202410010510
16,8,15,モンネトワ,牝4,55.0,佐々木大,1:49.2,2.1/2,35.4,8.0,426(-6),[西] 橋口慎介,202410010510
1,2,2,カンチェンジュンガ,牡4,58.0,西村淳也,1:08.6,,8.1,6.0,478(+2),[西] 庄野靖志,202410010511
2,7,8,トールキン,牡4,58.0,北村友一,1:08.9,2,4.6,3.0,504(+4),[西] 西園正都,202410010511
3,3,3,ベンガン,牡7,58.0,佐々木大,1:08.9,クビ,7.3,5.0,474(0),[西] 千田輝彦,202410010511
4,7,7,メイショウハボタン,牝6,56.0,藤岡康太,1:09.0,クビ,3.9,1.0,470(-4),[西] 本田優,202410010511
5,8,10,スカイロケット,牡4,58.0,鮫島克駿,1:09.0,ハナ,17.9,7.0,440(0),[西] 須貝尚介,202410010511
6,8,9,ミズノコキュウ,牝5,56.0,丹内祐次,1:09.0,ハナ,5.9,4.0,422(-2),[東] 水野貴広,202410010511
7,6,6,サニーオーシャン,セ6,58.0,斎藤新,1:09.1,クビ,120.0,10.0,458(0),[東] 中野栄治,202410010511
8,1,1,ハクサンパイオニア,牡4,58.0,幸英明,1:09.4,2,4.1,2.0,502(+4),[西] 清水久詞,202410010511
9,5,5,トーホウラビアン,牝5,56.0,富田暁,1:09.9,3,35.2,8.0,424(-14),[西] 川村禎彦,202410010511
10,4,4,ニシノデフィレ,セ5,58.0,古川吉洋,1:10.4,3,59.2,9.0,508(-8),[西] 宮本博,202410010511
1,7,15,サトノグレイト,セ4,58.0,鮫島克駿,1:09.0,,6.7,3.0,496(0),[西] 中竹和也,202410010512
2,7,14,ディオアステリア,牝5,56.0,原田和真,1:09.0,アタマ,3.4,1.0,484(0),[東] 小野次郎,202410010512
3,8,16,ゴルトリッチ,牡4,58.0,国分恭介,1:09.2,1.1/4,6.4,2.0,492(0),[西] 牧浦充徳,202410010512
4,3,6,クリノゴッホ,牡4,58.0,丸山元気,1:09.4,1.1/4,18.6,8.0,468(+2),[東] 岩戸孝樹,202410010512
5,8,18,シャウビンダー,牝5,55.0,佐々木大,1:09.5,クビ,14.1,6.0,424(+4),[西] 須貝尚介,202410010512
6,4,8,メリトリオ,牡4,58.0,丹内祐次,1:09.5,クビ,52.8,14.0,472(-2),[東] 大竹正博,202410010512
7,8,17,エリカフェリーチェ,牝5,56.0,藤岡康太,1:09.5,クビ,53.7,15.0,472(-2),[西] 吉岡辰弥,202410010512
8,4,7,シンデレラスマイル,牝4,56.0,富田暁,1:09.6,クビ,6.9,4.0,432(+2),[東] 武藤善則,202410010512
9,7,13,フォレクラフト,牝5,55.0,角田大和,1:09.7,1,9.4,5.0,462(-8),[西] 四位洋文,202410010512
10,5,9,マテンロウナイト,牡4,58.0,古川吉洋,1:09.7,アタマ,40.1,12.0,472(+2),[西] 坂口智康,202410010512
11,3,5,スイープラン,牝4,52.0,河原田菜,1:09.8,クビ,43.3,13.0,448(+2),[西] 渡辺薫彦,202410010512
12,6,12,トーセンサマンサ,牝4,54.0,藤田菜七,1:09.8,クビ,106.0,16.0,418(-2),[東] 深山雅史,202410010512
13,2,4,スピニングマーリン,牝4,56.0,勝浦正樹,1:09.8,クビ,112.1,17.0,488(-6),[東] 西田雄一,202410010512
14,5,10,ミネヒメ,牝4,56.0,黛弘人,1:09.9,1/2,15.2,7.0,428(-2),[東] 本間忍,202410010512
15,2,3,プリンスノット,牡4,58.0,吉田隼人,1:10.0,クビ,21.8,9.0,474(+2),[西] 奥村豊,202410010512
16,1,2,クリノリアルレディ,牝4,52.0,小林美駒,1:10.0,クビ,35.7,11.0,486(+4),[東] 伊藤伸一,202410010512
17,1,1,ロードリライアブル,牡5,58.0,菱田裕二,1:10.0,クビ,27.5,10.0,502(-2),[西] 清水久詞,202410010512
18,6,11,プリティーメモリー,牝5,54.0,小林凌大,1:10.5,3,351.8,18.0,400(-2),[東] 粕谷昌央,202410010512
1,3,3,ヤマニンアラクリア,牡3,57.0,田中健,1:48.3,,6.6,4.0,480(0),[西] 中村直也,202410010601
2,6,6,アメリカンチーフ,牡3,54.0,西塚洸二,1:48.5,1.1/4,3.0,2.0,460(-8),[西] 音無秀孝,202410010601
3,7,9,ゼンダンスカイ,牡3,57.0,菱田裕二,1:48.5,クビ,19.6,7.0,470(0),[西] 角田晃一,202410010601
4,5,5,ミツカネトーラス,牡3,53.0,小林美駒,1:49.0,3,6.4,3.0,486(-4),[東] 鈴木伸尋,202410010601
5,8,10,ライトピラー,牝3,52.0,水沼元輝,1:49.1,1/2,35.4,9.0,496(+2),[東] 村田一誠,202410010601
6,2,2,サンライズシア,牡3,57.0,鮫島克駿,1:49.1,ハナ,14.2,6.0,494(-2),[西] 石坂公一,202410010601
7,4,4,ビーコング,牡3,57.0,幸英明,1:49.2,クビ,2.9,1.0,500(+2),[西] 新谷功一,202410010601
8,8,11,アーベントイアー,牡3,57.0,丹内祐次,1:49.2,アタマ,213.5,11.0,484(-2),[東] 水野貴広,202410010601
9,7,8,ジャコムスビ,牡3,53.0,河原田菜,1:49.4,1,22.9,8.0,462(+6),[西] 荒川義之,202410010601
10,1,1,ゼンノジーニー,牡3,57.0,秋山真一,1:49.6,1.1/4,13.5,5.0,470(0),[西] 飯田祐史,202410010601
11,6,7,エンジェルスノー,牝3,55.0,国分恭介,1:49.6,ハナ,64.8,10.0,468(+6),[西] 岡田稲男,202410010601
1,2,4,クィーンズハット,牝3,55.0,藤岡佑介,1:09.2,,26.6,10.0,462(-6),[東] 石毛善彦,202410010602
2,8,15,ゴールドジャンパー,牝3,54.0,秋山稔樹,1:09.2,アタマ,16.7,8.0,414(-2),[東] 深山雅史,202410010602
3,6,11,コスモララバイ,牝3,53.0,藤田菜七,1:09.3,クビ,4.4,2.0,400(-12),[西] 吉田直弘,202410010602
4,6,12,ドレッド,牡3,57.0,鮫島克駿,1:09.3,クビ,3.6,1.0,470(+10),[東] 栗田徹,202410010602
5,2,3,カワカミガンビエ,牝3,55.0,丸山元気,1:09.4,3/4,6.2,3.0,480(-6),[西] 本田優,202410010602
6,1,2,オーヴァーザトップ,牡3,57.0,勝浦正樹,1:09.5,クビ,8.1,4.0,476(0),[東] 伊藤伸一,202410010602
7,3,6,スパークルジョイ,牝3,55.0,斎藤新,1:09.5,アタマ,8.2,5.0,440(0),[西] 鮫島一歩,202410010602
8,3,5,クリーゲリン,牝3,54.0,佐々木大,1:09.6,1/2,14.1,7.0,438(+8),[東] 和田正一,202410010602
9,1,1,ノーブルビーチ,牡3,54.0,鷲頭虎太,1:09.6,クビ,200.5,14.0,458(+6),[東] 菊川正達,202410010602
10,4,8,サクラリゲル,牡3,57.0,菊沢一樹,1:09.7,1/2,231.5,15.0,492(+2),[東] 勢司和浩,202410010602
11,7,13,カントゥータ,牝3,55.0,吉田隼人,1:10.1,2,11.2,6.0,452(+2),[西] 茶木太樹,202410010602
12,7,14,クリノモルガナイト,牡3,57.0,丹内祐次,1:10.2,1/2,111.5,12.0,464(+4),[東] 本間忍,202410010602
13,8,16,クリノカグヤ,牝3,52.0,西塚洸二,1:10.5,2,377.3,16.0,434(-4),[西] 坂口智康,202410010602
14,5,10,リート,牝3,52.0,川端海翼,1:10.6,クビ,45.9,11.0,472(+26),[西] 加用正,202410010602
15,4,7,ショウナンラジョア,牝3,51.0,河原田菜,1:10.9,2,26.4,9.0,460(-6),[西] 梅田智之,202410010602
16,5,9,カンバセーショナル,牝3,51.0,小林美駒,1:12.1,7,157.4,13.0,400(+10),[西] 宮徹,202410010602
1,8,14,マキアージュ,牝5,52.0,小林美駒,0:58.1,,2.5,1.0,462(0),[東] 菊川正達,202410010603
2,6,9,アカザ,牝5,56.0,丹内祐次,0:59.2,7,4.3,2.0,446(+4),[東] 伊坂重信,202410010603
3,7,12,シンゼンシャイン,牡6,57.0,小沢大仁,0:59.5,2,28.0,9.0,514(+2),[西] 飯田祐史,202410010603
4,3,4,アドバンスファラオ,牡4,57.0,松本大輝,0:59.6,クビ,9.8,5.0,490(-7),[西] 森秀行,202410010603
5,7,11,ランベントライト,牝4,56.0,吉田隼人,0:59.8,1.1/2,8.7,4.0,452(+4),[東] 田島俊明,202410010603
6,5,8,ウェイオブサクセス,牝4,53.0,鷲頭虎太,0:59.8,クビ,16.9,6.0,454(-6),[西] 野中賢二,202410010603
7,8,13,アップフルーク,牡5,55.0,水沼元輝,1:00.0,1,182.9,12.0,512(+2),[東] 松山将樹,202410010603
8,1,1,ベアカワイコチャン,牝4,53.0,佐藤翔馬,1:00.3,1.3/4,298.4,14.0,490(+12),[東] 杉浦宏昭,202410010603
9,6,10,カンフーダンス,牝4,56.0,藤懸貴志,1:00.3,ハナ,18.1,8.0,486(+10),[西] 平田修,202410010603
10,5,7,フェリ,牝4,52.0,河原田菜,1:00.4,クビ,6.9,3.0,480(-6),[西] 佐々木晶,202410010603
11,4,6,ヒメカミノイタダキ,牡5,58.0,菊沢一樹,1:00.6,1.1/4,17.2,7.0,496(0),[東] 武市康男,202410010603
12,4,5,レインボーウェザー,牝4,56.0,荻野極,1:00.7,1/2,215.0,13.0,458(-5),[西] 今野貞一,202410010603
13,2,2,メルティーショコラ,牝4,55.0,佐々木大,1:01.2,3,41.5,10.0,474(+16),[東] 武藤善則,202410010603
14,3,3,アスターヘキサゴン,牡5,55.0,西塚洸二,1:01.4,1.1/4,49.7,11.0,504(+26),[西] 中竹和也,202410010603
1,6,8,ヴァリアメンテ,牡6,60.0,西谷誠,3:10.8,,3.0,1.0,476(+2),[西] 中内田充,202410010604
2,1,1,ファルコニア,牡7,60.0,石神深一,3:10.9,1/2,3.4,2.0,474(+6),[東] 和田正一,202410010604
3,8,12,メルテミア,牡6,60.0,小坂忠士,3:11.0,3/4,3.7,3.0,472(0),[西] 小栗実,202410010604
4,5,6,イフティファール,牡6,60.0,森一馬,3:11.2,1.1/2,9.7,5.0,478(-4),[西] 大久保龍,202410010604
5,4,4,シゲルヒラトリ,牡6,60.0,上野翔,3:13.3,大,39.7,7.0,478(0),[東] 水野貴広,202410010604
6,7,10,デシマルサーガ,牡4,59.0,伴啓太,3:13.6,2,149.4,10.0,466(+6),[東] 粕谷昌央,202410010604
7,7,9,パーリーブラック,牡4,59.0,草野太郎,3:13.6,アタマ,9.7,4.0,468(+6),[東] 伊坂重信,202410010604
8,6,7,ユイノオトコヤマ,牡4,59.0,大江原圭,3:13.7,1/2,72.4,9.0,480(+6),[東] 深山雅史,202410010604
9,8,11,スマートルミエール,牡7,60.0,五十嵐雄,3:14.5,5,11.2,6.0,458(+10),[東] 高橋文雅,202410010604
10,5,5,スターファースト,牡5,60.0,高田潤,3:15.3,5,61.7,8.0,504(+18),[西] 小崎憲,202410010604
11,3,3,ゴーツウキリシマ,牝4,57.0,黒岩悠,3:18.0,大,253.4,12.0,450(-16),[西] 牧田和弥,202410010604
12,2,2,ナオミニデレデレヤ,牝5,58.0,田村太雅,3:18.1,1/2,153.0,11.0,488(+2),[西] 畑端省吾,202410010604
1,5,8,ウィルダネス,牝3,55.0,藤岡佑介,1:10.3,,5.1,3.0,440(0),[西] 野中賢二,202410010605
2,6,10,スピークイージー,牡3,57.0,丸山元気,1:10.3,クビ,51.1,12.0,472(0),[西] 本田優,202410010605
3,3,3,ロマンスシアター,牝3,55.0,亀田温心,1:10.5,1,12.6,6.0,448(0),[西] 鮫島一歩,202410010605
4,6,9,シュトローム,牡3,56.0,佐々木大,1:10.6,1/2,12.6,7.0,450(0),[西] 石橋守,202410010605
5,5,7,アングリフ,牡3,57.0,丹内祐次,1:10.9,1.3/4,4.7,2.0,478(0),[西] 西園翔太,202410010605
6,7,11,ケイティバトラー,牡3,54.0,西塚洸二,1:11.0,1/2,67.5,13.0,526(0),[西] 高橋康之,202410010605
7,4,6,トーセンシエンタ,牝3,55.0,菊沢一樹,1:11.1,1/2,6.8,4.0,458(0),[東] 菊沢隆徳,202410010605
8,8,13,ベンダバール,牡3,57.0,鮫島克駿,1:11.1,クビ,4.6,1.0,460(0),[西] 牧浦充徳,202410010605
9,2,2,サインオブハピネス,牝3,54.0,泉谷楓真,1:11.1,アタマ,106.9,14.0,384(0),[西] 小栗実,202410010605
10,8,14,テンメリーアーサー,牝3,55.0,幸英明,1:11.1,クビ,7.8,5.0,476(0),[西] 西園翔太,202410010605
11,1,1,キャンディタフト,牝3,51.0,河原田菜,1:11.6,3,26.7,9.0,396(0),[東] 稲垣幸雄,202410010605
12,7,12,キルケロッソ,牝3,54.0,秋山稔樹,1:11.7,3/4,41.8,11.0,436(0),[西] 村山明,202410010605
13,3,4,ラブアンドラッキー,牝3,51.0,小林美駒,1:11.8,1/2,16.1,8.0,454(0),[西] 本田優,202410010605
14,4,5,ダノンボーンレディ,牝3,55.0,吉田隼人,1:12.0,1.1/4,26.8,10.0,418(0),[西] 坂口智康,202410010605
1,1,1,グラヴィス,牡3,57.0,鮫島克駿,2:03.1,,2.1,1.0,500(+6),[西] 矢作芳人,202410010606
2,3,5,マイノワール,牡3,57.0,北村友一,2:03.1,ハナ,4.4,2.0,468(+4),[西] 笹田和秀,202410010606
3,7,13,ディーガレジェンド,牡3,54.0,西塚洸二,2:03.7,3.1/2,9.2,5.0,460(+2),[西] 藤原英昭,202410010606
4,8,14,マイネルバーテクス,牡3,57.0,丹内祐次,2:03.7,クビ,7.6,4.0,502(-2),[東] 水野貴広,202410010606
5,8,15,リフレクトザムーン,牝3,51.0,河原田菜,2:04.2,3,317.2,14.0,454(+10),[東] 尾形和幸,202410010606
6,3,4,テーオーダグラス,牡3,56.0,佐々木大,2:04.2,ハナ,6.6,3.0,486(+12),[西] 須貝尚介,202410010606
7,6,10,ヘルツアス,牝3,55.0,菱田裕二,2:04.2,ハナ,11.6,6.0,414(-2),[西] 森田直行,202410010606
8,4,6,オーヴァーマスター,牡3,57.0,幸英明,2:04.5,1.3/4,71.8,8.0,446(+2),[西] 石坂公一,202410010606
9,5,8,スティングビー,牡3,57.0,黛弘人,2:04.6,1/2,75.6,9.0,478(-4),[東] 武井亮,202410010606
10,6,11,デクランシェ,牡3,57.0,菊沢一樹,2:05.0,2,79.5,10.0,472(+2),[西] 寺島良,202410010606
11,5,9,ヴェストラン,牡3,56.0,小沢大仁,2:05.1,1/2,60.6,7.0,448(-2),[西] 大根田裕,202410010606
12,7,12,リエンダ,牡3,55.0,小林凌大,2:05.6,3,98.7,11.0,480(+4),[東] 岩戸孝樹,202410010606
13,4,7,キングプリンス,牡3,57.0,斎藤新,2:05.9,1.3/4,209.5,13.0,466(+20),[西] 浜田多実,202410010606
14,2,3,スターズウィーク,牡3,57.0,藤岡佑介,2:05.9,クビ,101.0,12.0,490(-14),[西] 武英智,202410010606
15,2,2,カシノエタンセル,牡3,54.0,土田真翔,2:06.0,3/4,398.0,15.0,444(-2),[東] 和田雄二,202410010606
1,4,6,オシゲ,牝4,54.0,佐々木大,1:47.0,,1.6,1.0,482(+8),[西] 須貝尚介,202410010607
2,8,13,ワイドカイゼリン,牝4,55.0,藤岡佑介,1:47.2,3/4,10.3,3.0,480(0),[西] 奥村豊,202410010607
3,7,11,トウロウノオノ,牝4,51.0,小林美駒,1:47.3,3/4,5.5,2.0,446(+6),[東] 竹内正洋,202410010607
4,6,10,ツインビスケッツ,牝4,52.0,石田拓郎,1:47.3,ハナ,41.7,9.0,458(+12),[東] 新開幸一,202410010607
5,4,5,ノーブルアクト,牝4,52.0,水沼元輝,1:47.5,1,69.4,12.0,500(0),[東] 上原博之,202410010607
6,2,2,スマイルヴィヴァン,牝6,56.0,丹内祐次,1:48.1,3.1/2,65.6,11.0,430(+2),[東] 高橋裕,202410010607
7,5,7,テンナイトパール,牝8,56.0,勝浦正樹,1:48.6,3,348.9,14.0,498(+6),[東] 小西一男,202410010607
8,3,3,リグレイアー,牝4,55.0,亀田温心,1:48.6,ハナ,52.3,10.0,470(-4),[西] 北出成人,202410010607
9,7,12,ヴィラーゴスリーブ,牝4,52.0,西塚洸二,1:48.7,クビ,12.4,4.0,488(-6),[西] 藤原英昭,202410010607
10,8,14,イノセンス,牝4,55.0,菊沢一樹,1:49.0,2,78.6,13.0,474(0),[東] 高木登,202410010607
11,3,4,サクラオーラ,牝5,54.0,藤田菜七,1:49.5,3,40.0,8.0,428(-22),[東] 田中博康,202410010607
12,5,8,インペリアルコート,牝4,55.0,荻野極,1:49.7,1.1/2,15.0,6.0,452(+2),[東] 鹿戸雄一,202410010607
13,1,1,スパークルアイズ,牝5,56.0,鮫島克駿,1:49.8,1/2,14.5,5.0,488(-4),[西] 武幸四郎,202410010607
14,6,9,オーサムサンライズ,牝4,51.0,河原田菜,1:50.0,3/4,20.3,7.0,412(-10),[西] 石坂公一,202410010607
1,4,6,コナブラック,牡5,55.0,川端海翼,1:09.0,,23.4,6.0,520(-2),[西] 清水久詞,202410010608
2,3,3,ニシノピウモッソ,牡4,58.0,勝浦正樹,1:09.1,3/4,2.5,1.0,460(0),[東] 西田雄一,202410010608
3,3,4,ヴァルトラウテ,牝4,56.0,鮫島克駿,1:09.3,1.1/4,32.2,9.0,448(-2),[西] 中村直也,202410010608
4,6,10,ホイッスルソング,牝4,56.0,丹内祐次,1:09.4,クビ,10.7,5.0,470(0),[東] 黒岩陽一,202410010608
5,5,8,タガノスペルノヴァ,牡6,58.0,吉田隼人,1:09.5,1/2,5.9,4.0,438(+10),[西] 川村禎彦,202410010608
6,8,13,ウインアステロイド,牡7,57.0,佐々木大,1:09.6,3/4,5.1,2.0,470(-2),[東] 和田正一,202410010608
7,7,12,ステークホルダー,牡4,58.0,斎藤新,1:09.6,クビ,5.2,3.0,466(0),[東] 斎藤誠,202410010608
8,2,2,セイウンシリウス,牡4,56.0,小林凌大,1:09.7,クビ,23.4,7.0,448(-4),[東] 尾形和幸,202410010608
9,8,14,サイモンオリーブ,牝4,52.0,河原田菜,1:09.7,クビ,24.7,8.0,468(-4),[西] 梅田智之,202410010608
10,5,7,ハイライフ,牝6,52.0,小林美駒,1:09.8,1/2,167.0,13.0,450(+2),[西] 藤沢則雄,202410010608
11,1,1,ロッソランパンテ,牝4,53.0,佐藤翔馬,1:09.8,クビ,262.8,14.0,470(+10),[東] 杉浦宏昭,202410010608
12,7,11,ゴールドレコーダー,牝4,53.0,水沼元輝,1:10.0,1.1/4,77.5,11.0,428(0),[東] 南田美知,202410010608
13,6,9,オコジュ,牝4,56.0,黛弘人,1:10.3,1.3/4,56.4,10.0,460(0),[東] 中野栄治,202410010608
14,4,5,ブルーグロット,牡5,58.0,菊沢一樹,1:10.3,ハナ,82.5,12.0,534(0),[東] 伊藤伸一,202410010608
1,8,10,シークレットキー,牡3,57.0,亀田温心,1:47.0,,4.8,3.0,494(+4),[西] 杉山晴紀,202410010609
2,1,1,ヘルモーズ,牡3,57.0,鮫島克駿,1:47.1,3/4,6.8,4.0,516(+18),[西] 小林真也,202410010609
3,7,7,パフ,牡3,57.0,佐々木大,1:47.2,1/2,3.5,1.0,474(+8),[西] 橋口慎介,202410010609
4,4,4,オーケーカルメン,牝3,55.0,藤岡佑介,1:47.6,2,52.6,10.0,420(0),[西] 奥村豊,202410010609
5,8,9,タケノシンセイ,牡3,57.0,泉谷楓真,1:47.7,1/2,51.5,9.0,448(-2),[西] 村山明,202410010609
6,6,6,ブリーズオンチーク,牝3,55.0,北村友一,1:47.8,1,8.9,5.0,458(-4),[西] 高野友和,202410010609
7,3,3,カンジ,牡3,57.0,丹内祐次,1:47.9,3/4,3.6,2.0,488(0),[東] 武井亮,202410010609
8,2,2,バルミーウェザー,牡3,57.0,斎藤新,1:48.1,1.1/4,9.8,6.0,468(+2),[西] 鮫島一歩,202410010609
9,7,8,ワキノノーブル,牝3,55.0,幸英明,1:48.6,3,16.6,7.0,444(-4),[西] 宮本博,202410010609
10,5,5,メイショウトム,牡3,57.0,西塚洸二,1:49.1,3,33.2,8.0,484(+4),[西] 河内洋,202410010609
1,2,4,ピンクジン,牝4,55.0,黛弘人,1:49.9,,5.5,2.0,440(0),[東] 南田美知,202410010610
2,5,9,ランカグア,牝4,55.0,丸山元気,1:50.0,1,18.3,7.0,450(-4),[東] 奥村武,202410010610
3,4,8,マスキュリン,牝4,55.0,幸英明,1:50.2,1,5.9,3.0,440(-2),[西] 新谷功一,202410010610
4,1,1,ブルーウィン,牝4,55.0,秋山稔樹,1:50.2,クビ,11.0,5.0,448(+8),[西] 清水久詞,202410010610
5,5,10,フラッシングレート,牝4,55.0,北村友一,1:50.3,クビ,13.9,6.0,480(+22),[西] 音無秀孝,202410010610
6,2,3,ニホンピロアリー,牝4,55.0,秋山真一,1:50.3,ハナ,96.1,13.0,430(-8),[西] 中尾秀正,202410010610
7,4,7,バロックダンス,牝4,55.0,菊沢一樹,1:50.3,クビ,38.1,8.0,468(-2),[東] 小手川準,202410010610
8,3,5,サトノリーベ,牝5,56.0,西塚洸二,1:50.4,1/2,6.6,4.0,438(-4),[西] 藤原英昭,202410010610
9,6,11,アンノウンレディ,牝4,55.0,佐々木大,1:50.5,1/2,70.6,11.0,442(-6),[東] 清水英克,202410010610
10,7,14,コートパルフェ,牝5,56.0,小沢大仁,1:50.6,1/2,45.6,10.0,450(+2),[西] 緒方努,202410010610
11,1,2,エクローサ,牝4,55.0,吉田隼人,1:50.7,1/2,137.2,14.0,444(+6),[西] 坂口智康,202410010610
12,6,12,サルサロッサ,牝5,56.0,斎藤新,1:50.8,3/4,39.5,9.0,456(+10),[東] 高柳瑞樹,202410010610
13,8,15,ノレッジビューティ,牝4,55.0,丹内祐次,1:51.0,1,2.4,1.0,448(-8),[西] 上村洋行,202410010610
14,3,6,シルバーダイヤ,牝4,55.0,原田和真,1:51.7,4,84.4,12.0,460(+4),[東] 小野次郎,202410010610
15,7,13,ビヨンドザリミット,牝5,56.0,菱田裕二,1:51.9,1.1/4,142.2,15.0,474(0),[東] 稲垣幸雄,202410010610
16,8,16,ヴァレンシアスノー,牝4,55.0,国分恭介,1:54.2,大,166.2,16.0,418(-20),[西] 宮本博,202410010610
1,6,11,ヤクシマ,牡4,56.0,丹内祐次,1:09.0,,13.7,7.0,524(+8),[西] 寺島良,202410010611
2,6,12,ピンクマクフィー,牝5,53.0,北村友一,1:09.1,3/4,5.3,2.0,436(0),[西] 四位洋文,202410010611
3,7,13,ハギノモーリス,牡5,55.0,藤懸貴志,1:09.1,ハナ,13.6,6.0,480(-8),[西] 高野友和,202410010611
4,7,15,タツリュウオー,牝6,54.0,小沢大仁,1:09.3,1.1/4,19.5,10.0,472(+2),[西] 加用正,202410010611
5,4,7,アドマイヤラヴィ,牝5,54.0,鮫島克駿,1:09.4,1,4.6,1.0,470(+6),[西] 友道康夫,202410010611
6,5,9,ダンツイノーバ,牝7,53.0,幸英明,1:09.4,アタマ,22.8,12.0,474(+4),[西] 谷潔,202410010611
7,2,3,スリーアイランド,牝4,55.0,勝浦正樹,1:09.5,クビ,15.2,9.0,470(0),[西] 中竹和也,202410010611
8,8,16,シゲルカチョウ,牝6,53.0,西塚洸二,1:09.5,アタマ,30.3,13.0,508(0),[西] 高橋康之,202410010611
9,8,18,アドヴァイス,牝5,54.0,秋山真一,1:09.6,クビ,12.2,4.0,488(-12),[西] 中村直也,202410010611
10,3,6,ロードラスター,牡6,56.0,佐々木大,1:09.7,クビ,7.0,3.0,514(+2),[西] 千田輝彦,202410010611
11,1,1,グランレイ,牡7,57.0,斎藤新,1:09.7,クビ,14.8,8.0,476(+8),[西] 池添学,202410010611
12,2,4,イラーレ,牝5,53.0,亀田温心,1:09.8,クビ,12.9,5.0,458(-2),[西] 北出成人,202410010611
13,8,17,ジョニーズララバイ,セ8,54.0,国分恭介,1:09.8,アタマ,56.7,16.0,470(+10),[西] 音無秀孝,202410010611
14,5,10,アジアノジュンシン,牝6,53.0,荻野極,1:09.9,クビ,83.3,17.0,474(0),[東] 奥村武,202410010611
15,4,8,スズカマクフィ,牝6,52.0,小林凌大,1:09.9,アタマ,130.3,18.0,440(-4),[東] 伊藤圭三,202410010611
16,1,2,スズノナデシコ,牝6,53.0,吉田隼人,1:10.2,1.3/4,55.6,15.0,516(+2),[西] 石坂公一,202410010611
17,7,14,フロムダスク,牡4,56.0,藤岡佑介,1:10.7,3,19.7,11.0,510(+4),[西] 森秀行,202410010611
18,3,5,トレンディスター,牝4,55.0,菱田裕二,1:11.2,3,30.5,14.0,480(-8),[西] 高柳大輔,202410010611
1,7,11,ヴィンセドリス,牡4,57.0,鮫島克駿,2:01.9,,3.7,2.0,488(+6),[西] 友道康夫,202410010612
2,3,3,コスモエクスプレス,牡5,58.0,丹内祐次,2:02.0,クビ,4.3,3.0,488(0),[東] 松永康利,202410010612
3,1,1,ラバタンシン,牡4,57.0,菊沢一樹,2:02.3,1.3/4,65.6,9.0,498(+2),[西] 寺島良,202410010612
4,6,8,コスモダークナイト,牡5,57.0,佐々木大,2:02.3,ハナ,70.7,10.0,502(0),[西] 吉田直弘,202410010612
5,2,2,ポリクシニーズ,牡5,58.0,荻野極,2:02.4,1/2,104.9,12.0,496(-2),[東] 黒岩陽一,202410010612
6,5,6,ノーブルライジング,牡4,57.0,国分恭介,2:02.4,ハナ,2.3,1.0,518(+10),[西] 宮本博,202410010612
7,5,7,マイネルヒッツェ,牡6,58.0,丸山元気,2:02.4,アタマ,48.5,7.0,484(+4),[東] 粕谷昌央,202410010612
8,6,9,フリンジティアラ,牝4,51.0,小林美駒,2:02.8,2.1/2,82.0,11.0,452(0),[東] 尾形和幸,202410010612
9,8,13,ジーニアスバローズ,牡4,57.0,幸英明,2:02.8,クビ,8.1,4.0,464(-4),[西] 辻野泰之,202410010612
10,4,5,イヴィステラ,牝5,54.0,小林凌大,2:03.3,3,51.9,8.0,470(+20),[東] 小島茂之,202410010612
11,4,4,ナミブ,セ8,58.0,黛弘人,2:03.5,1,238.5,13.0,474(0),[東] 南田美知,202410010612
12,8,12,サンズオブタイム,牡6,58.0,菱田裕二,2:03.7,1.1/4,11.5,5.0,506(+18),[東] 和田勇介,202410010612
13,7,10,アルファヒディ,セ5,58.0,北村友一,2:04.5,5,33.3,6.0,484(-10),[西] 池江泰寿,202410010612
1,2,3,マーベリックシチー,牡3,57.0,鮫島克駿,1:47.8,,7.0,5.0,458(+4),[西] 岡田稲男,202410010701
2,6,11,ザロック,牡3,54.0,石田拓郎,1:47.9,3/4,40.6,9.0,492(-2),[東] 武井亮,202410010701
3,4,7,アベベ,牡3,55.0,藤田菜七,1:48.1,1.1/4,55.4,11.0,466(+4),[東] 根本康広,202410010701
4,1,2,テイエムゴールドン,牡3,56.0,小沢大仁,1:48.3,3/4,126.4,13.0,470(+4),[西] 木原一良,202410010701
5,3,6,サンカルミア,牡3,56.0,佐々木大,1:48.3,クビ,3.6,1.0,462(+4),[東] 伊坂重信,202410010701
6,3,5,オイデレオ,牡3,57.0,川島信二,1:48.6,1.1/2,16.6,8.0,514(+14),[西] 荒川義之,202410010701
7,8,15,レイエル,牝3,55.0,小崎綾也,1:48.6,クビ,134.4,14.0,444(0),[西] 小崎憲,202410010701
8,5,9,レッドクレメンス,牡3,57.0,北村友一,1:48.7,クビ,5.0,2.0,474(-10),[西] 安田隆行,202410010701
9,1,1,ワイワイサンデー,牡3,57.0,富田暁,1:48.7,クビ,13.9,7.0,468(0),[東] 岩戸孝樹,202410010701
10,6,12,マテンロウガーデン,牡3,57.0,藤岡佑介,1:48.8,クビ,6.5,3.0,500(-2),[西] 武英智,202410010701
11,5,10,タロサンダー,牡3,56.0,秋山稔樹,1:49.3,3,93.4,12.0,484(+4),[西] 杉山佳明,202410010701
12,2,4,ローレルロイズ,牡3,57.0,菊沢一樹,1:50.2,5,200.0,15.0,434(-8),[西] 北出成人,202410010701
13,7,13,カリフォルニア,牡3,57.0,丹内祐次,1:50.3,クビ,9.2,6.0,480(+8),[東] 伊藤圭三,202410010701
14,4,8,ケイアイエルナト,牡3,57.0,亀田温心,1:50.5,1.1/4,6.8,4.0,484(0),[西] 村山明,202410010701
15,7,14,モズイージス,牡3,56.0,松本大輝,1:50.8,1.1/2,45.6,10.0,452(+6),[西] 松下武士,202410010701
16,8,16,ボールドチャー,牡3,55.0,小林凌大,1:50.9,3/4,413.8,16.0,434(-6),[西] 羽月友彦,202410010701
1,7,12,レッセパッセ,牝3,55.0,丹内祐次,2:03.7,,5.0,3.0,372(0),[西] 西園翔太,202410010702
2,2,2,リノラナキラ,牝3,52.0,西塚洸二,2:04.2,3,7.7,5.0,460(-4),[西] 谷潔,202410010702
3,5,7,ジュリアスローズ,牝3,54.0,松本大輝,2:04.3,1/2,93.4,12.0,446(-10),[西] 新谷功一,202410010702
4,8,14,ダークファンタジー,牝3,55.0,吉田隼人,2:04.4,3/4,6.4,4.0,410(0),[西] 須貝尚介,202410010702
5,7,11,リフレクトザムーン,牝3,55.0,斎藤新,2:04.5,1/2,56.4,9.0,452(-2),[東] 尾形和幸,202410010702
6,6,10,ヒルノセビリア,牝3,55.0,古川吉洋,2:04.5,ハナ,14.5,7.0,428(-6),[西] 昆貢,202410010702
7,4,6,マリエッティ,牝3,54.0,佐々木大,2:04.6,1/2,17.2,8.0,416(-4),[西] 庄野靖志,202410010702
8,6,9,クライミーアリバー,牝3,55.0,荻野極,2:04.6,クビ,4.3,2.0,420(+2),[西] 松下武士,202410010702
9,1,1,トウカイレイナ,牝3,55.0,鮫島克駿,2:04.7,1/2,11.7,6.0,480(-4),[西] 長谷川浩,202410010702
10,3,4,ナイトプラネット,牝3,55.0,黛弘人,2:05.0,1.1/2,330.4,14.0,444(-8),[東] 青木孝文,202410010702
11,5,8,ブリッジワン,牝3,55.0,富田暁,2:05.5,3,122.0,13.0,444(-6),[西] 武英智,202410010702
12,3,3,レクエルダメ,牝3,53.0,藤田菜七,2:05.5,アタマ,60.0,10.0,440(0),[東] 天間昭一,202410010702
13,4,5,ミスティッククイン,牝3,55.0,藤岡康太,2:05.6,1/2,3.9,1.0,482(-2),[西] 野中賢二,202410010702
14,8,13,センドネージュ,牝3,51.0,小林美駒,2:06.4,5,61.2,11.0,460(+2),[東] 武井亮,202410010702
1,6,9,ジェネラーレ,牡3,54.0,西塚洸二,0:58.9,,1.4,1.0,482(-2),[西] 野中賢二,202410010703
2,7,12,ビーコング,牡3,56.0,松本大輝,0:59.0,3/4,4.8,2.0,496(-4),[西] 新谷功一,202410010703
3,8,14,インファンタ,牝3,52.0,水沼元輝,0:59.5,3,36.1,7.0,476(+4),[東] 堀内岳志,202410010703
4,3,3,コパマエチャン,牝3,51.0,小林美駒,0:59.8,1.3/4,6.8,3.0,480(-4),[東] 大和田成,202410010703
5,5,7,オオゾラヒバリ,牝3,55.0,丸山元気,1:00.4,4,16.1,4.0,444(+8),[東] 根本康広,202410010703
6,8,13,ルーナ,牝3,55.0,丹内祐次,1:00.7,1.3/4,21.3,5.0,440(-6),[東] 牧光二,202410010703
7,1,1,マンダリア,牝3,53.0,藤田菜七,1:00.9,1,62.0,8.0,416(+2),[東] 水野貴広,202410010703
8,2,2,シルバーブリッジ,牝3,52.0,鷲頭虎太,1:00.9,ハナ,181.5,10.0,390(-14),[西] 杉山佳明,202410010703
9,3,4,ジーズデイズ,牝3,53.0,小林凌大,1:01.0,1/2,396.0,13.0,452(-2),[東] 伊坂重信,202410010703
10,5,8,マーティー,セ3,56.0,秋山稔樹,1:01.1,1/2,125.9,9.0,456(0),[西] 藤沢則雄,202410010703
11,7,11,ニシノウインド,牡3,54.0,佐藤翔馬,1:01.3,1.1/4,231.4,11.0,454(-8),[東] 深山雅史,202410010703
12,4,6,ホウオウペトリュス,牝3,54.0,佐々木大,1:01.4,1/2,26.3,6.0,438(+8),[西] 須貝尚介,202410010703
13,6,10,ヒロノワカ,セ3,57.0,小崎綾也,1:01.8,2.1/2,253.3,12.0,442(-12),[西] 川村禎彦,202410010703
14,4,5,クリノビバーチェ,牝3,52.0,土田真翔,1:01.8,クビ,648.1,14.0,424(-6),[東] 石毛善彦,202410010703
1,7,12,サンデイビス,牡6,60.0,上野翔,3:45.7,,10.8,5.0,504(-2),[東] 村田一誠,202410010704
2,2,2,タマモワカムシャ,セ5,60.0,井上敏樹,3:46.3,3.1/2,87.6,12.0,488(-4),[西] 川村禎彦,202410010704
3,4,6,メモリーズオブユー,牡4,59.0,森一馬,3:46.5,1.1/4,3.8,2.0,518(-2),[西] 高橋義忠,202410010704
4,7,11,ナギサ,牝6,58.0,鷲頭虎太,3:46.9,2.1/2,14.9,7.0,510(+2),[西] 本田優,202410010704
5,8,13,レディステディゴー,牡6,60.0,中村将之,3:47.1,1.1/2,25.8,8.0,514(-2),[西] 中村直也,202410010704
6,6,9,ワンダークローバー,牡6,60.0,高田潤,3:47.2,クビ,6.1,3.0,478(+4),[西] 森田直行,202410010704
7,1,1,テーオーコンドル,セ5,60.0,五十嵐雄,3:49.3,大,92.3,13.0,476(+6),[西] 宮徹,202410010704
8,6,10,オメガエリタージュ,セ7,60.0,小坂忠士,3:49.6,2,8.4,4.0,448(0),[西] 辻野泰之,202410010704
9,8,14,テイエムナイスラン,牡5,60.0,伴啓太,3:49.8,3/4,95.1,14.0,530(-10),[東] 石栗龍彦,202410010704
10,5,7,ベレヌス,牡7,60.0,小牧加矢,3:51.2,9,2.8,1.0,524(-4),[西] 杉山晴紀,202410010704
11,3,4,フィルムスコア,牝6,58.0,黒岩悠,3:52.3,7,75.2,11.0,450(0),[西] 平田修,202410010704
12,5,8,ティートラップ,牡7,60.0,小野寺祐,3:56.1,大,14.6,6.0,466(0),[東] 伊藤伸一,202410010704
13,4,5,スカイテラス,牡7,60.0,石神深一,3:59.8,大,39.6,9.0,508(+12),[東] 和田正一,202410010704
中,3,3,ルヴォルグ,セ8,60.0,江田勇亮,,,57.5,10.0,520(-2),[東] 和田正一,202410010704
1,5,6,ニシノフウジン,牡5,57.0,水沼元輝,3:13.8,,9.4,5.0,476(0),[東] 中野栄治,202410010705
2,4,4,クリノクオン,牡4,59.0,上野翔,3:14.0,1.1/4,7.7,4.0,460(+12),[東] 伊藤伸一,202410010705
3,6,7,カイザーバローズ,牡6,60.0,小牧加矢,3:14.2,1.1/4,4.0,2.0,458(+2),[西] 音無秀孝,202410010705
4,8,12,メイショウコホク,セ7,60.0,小野寺祐,3:14.4,1.1/4,14.4,7.0,494(+2),[西] 藤沢則雄,202410010705
5,8,11,ヒルノダカール,牡8,60.0,高田潤,3:15.1,4,3.0,1.0,518(-8),[西] 北出成人,202410010705
6,3,3,オステリア,牡5,60.0,井上敏樹,3:15.2,3/4,49.1,10.0,520(-2),[西] 宮本博,202410010705
7,1,1,シルバースピリット,セ6,60.0,大江原圭,3:15.7,3,36.0,9.0,466(+18),[東] 蛯名正義,202410010705
8,6,8,タガノチョコラータ,牝4,57.0,黒岩悠,3:16.4,4,88.4,11.0,508(-2),[西] 角田晃一,202410010705
9,7,9,サンライズホープ,牡7,60.0,中村将之,3:16.5,クビ,5.4,3.0,524(-10),[西] 浜田多実,202410010705
10,5,5,トランペットシェル,セ7,60.0,伴啓太,3:21.0,大,25.6,8.0,492(+2),[東] 戸田博文,202410010705
11,7,10,シュマンドロワ,牡4,57.0,鷲頭虎太,3:21.8,5,202.0,12.0,484(+10),[東] 加藤和宏,202410010705
中,2,2,コマンドライン,セ5,60.0,石神深一,,,11.0,6.0,532(+10),[東] 武井亮,202410010705
1,5,6,オオナミコナミ,牝3,55.0,鮫島克駿,1:50.2,,1.6,1.0,482(+6),[西] 牧浦充徳,202410010706
2,7,9,ハイディージェン,牡3,57.0,丸山元気,1:50.3,1/2,33.1,6.0,476(-10),[西] 森田直行,202410010706
3,6,7,フォルテフィオーレ,牡3,56.0,佐々木大,1:50.5,1.1/4,4.6,2.0,442(0),[東] 上原佑紀,202410010706
4,8,11,ジューンサレンダー,牡3,57.0,松若風馬,1:50.7,1.1/4,7.5,3.0,444(-6),[西] 今野貞一,202410010706
5,3,3,フミソニック,牝3,55.0,荻野極,1:50.8,3/4,106.9,10.0,400(+2),[東] 黒岩陽一,202410010706
6,5,5,エウロス,牡3,57.0,黛弘人,1:50.8,ハナ,51.6,8.0,442(+6),[東] 奥平雅士,202410010706
7,1,1,ボナール,牡3,57.0,富田暁,1:51.4,3.1/2,160.7,12.0,442(-8),[西] 武英智,202410010706
8,4,4,バノフィー,牝3,55.0,丹内祐次,1:51.4,クビ,45.7,7.0,416(-4),[東] 田島俊明,202410010706
9,6,8,ビッグロードヒマリ,牡3,55.0,藤田菜七,1:51.4,クビ,106.5,9.0,450(+2),[東] 尾形和幸,202410010706
10,2,2,マイネルブラボー,牡3,53.0,小林美駒,1:51.5,1/2,10.2,5.0,432(+4),[東] 小笠倫弘,202410010706
11,7,10,アルシャリフ,牡3,57.0,藤岡佑介,1:51.8,2,9.2,4.0,544(0),[西] 藤岡健一,202410010706
12,8,12,デルマエウロパ,牡3,57.0,川島信二,1:52.9,7,138.3,11.0,448(0),[西] 荒川義之,202410010706
1,1,1,ヴェルミセル,牝4,54.0,佐々木大,2:41.7,,5.9,3.0,452(-6),[西] 吉村圭司,202410010707
2,5,9,アスターブジエ,牡4,57.0,藤岡康太,2:42.2,3,15.6,8.0,458(-2),[西] 中竹和也,202410010707
3,8,14,スピーディブレイク,牡4,57.0,北村友一,2:42.2,クビ,3.7,1.0,442(+4),[東] 村田一誠,202410010707
4,7,13,リニュー,牡5,58.0,丹内祐次,2:42.5,1.3/4,8.9,5.0,456(+8),[東] 清水英克,202410010707
5,2,3,ウインリュクス,牝4,55.0,亀田温心,2:42.5,クビ,108.3,13.0,440(-6),[西] 飯田雄三,202410010707
6,6,11,エルバルーチェ,牝7,56.0,藤岡佑介,2:42.7,1,10.3,7.0,478(+2),[東] 西田雄一,202410010707
7,3,4,ティータイム,牝4,52.0,西塚洸二,2:42.8,1/2,173.4,14.0,440(-15),[西] 長谷川浩,202410010707
8,7,12,ピクシレーション,牝4,55.0,菊沢一樹,2:42.8,アタマ,8.6,4.0,468(-2),[東] 菊沢隆徳,202410010707
9,3,5,ブロンドケリー,牡5,56.0,藤田菜七,2:43.0,1,177.0,15.0,454(-6),[西] 藤沢則雄,202410010707
10,4,6,マイネルヒッツェ,牡6,58.0,丸山元気,2:43.1,クビ,40.9,12.0,484(0),[東] 粕谷昌央,202410010707
11,2,2,タガノフリューゲル,牡4,57.0,斎藤新,2:43.3,1.1/4,9.3,6.0,494(-4),[西] 鮫島一歩,202410010707
12,5,8,バレンタインソング,牡4,57.0,松若風馬,2:43.9,3.1/2,37.0,11.0,454(+6),[西] 小崎憲,202410010707
13,4,7,アドマイヤハイジ,牝6,56.0,鮫島克駿,2:44.4,3,5.8,2.0,416(-6),[西] 友道康夫,202410010707
14,8,15,シュライフェ,牝4,55.0,黛弘人,2:49.3,大,36.5,10.0,492(-2),[東] 和田雄二,202410010707
15,6,10,レッドヴァジュラ,牡4,57.0,富田暁,2:49.8,3,20.9,9.0,494(+6),[西] 池江泰寿,202410010707
1,6,12,モディカ,牝5,56.0,小崎綾也,1:45.0,,3.4,1.0,496(-6),[西] 石坂公一,202410010708
2,5,10,クリノグローリー,牡4,55.0,小林凌大,1:45.6,3.1/2,3.8,2.0,476(-6),[西] 谷潔,202410010708
3,3,5,リゼレインボー,牡5,58.0,菊沢一樹,1:46.0,2.1/2,31.6,8.0,488(0),[東] 松山将樹,202410010708
4,4,8,リーゼノアール,牡4,56.0,佐々木大,1:46.2,1,12.1,7.0,498(0),[東] 国枝栄,202410010708
5,2,3,ウッドショック,牡5,58.0,勝浦正樹,1:46.2,クビ,103.8,14.0,514(-4),[東] 杉浦宏昭,202410010708
6,1,1,ベイビールビオ,牡5,56.0,藤田菜七,1:46.3,クビ,7.5,3.0,510(+2),[東] 田村康仁,202410010708
7,5,9,エイトワン,牡4,56.0,松本大輝,1:46.5,1.1/2,44.3,13.0,546(+17),[西] 森秀行,202410010708
8,3,6,ツヴァイシュテルネ,牡5,58.0,吉田隼人,1:46.6,1/2,11.4,6.0,488(0),[西] 羽月友彦,202410010708
9,2,4,レッドアウレア,セ6,58.0,黛弘人,1:46.7,クビ,39.6,11.0,500(+8),[東] 尾関知人,202410010708
10,8,15,ビービーグラーテス,牡4,57.0,藤岡康太,1:46.9,1.1/4,10.3,5.0,486(-2),[西] 加用正,202410010708
11,8,16,ウェザーコック,牡4,57.0,国分恭介,1:47.2,2,8.3,4.0,440(-6),[西] 岡田稲男,202410010708
12,4,7,サンライズジョワ,牡5,55.0,西塚洸二,1:47.8,3.1/2,36.6,10.0,476(+6),[西] 音無秀孝,202410010708
13,1,2,メイショウゴルシ,牡4,56.0,秋山稔樹,1:48.4,3.1/2,193.9,16.0,432(+6),[西] 高橋義忠,202410010708
14,7,14,ナムラスワガー,牡6,58.0,川島信二,1:48.6,1,43.4,12.0,492(-8),[西] 荒川義之,202410010708
15,6,11,ゼニット,牡5,54.0,小林美駒,1:48.6,アタマ,169.7,15.0,504(-4),[東] 久保田貴,202410010708
16,7,13,トニトゥルス,牡4,54.0,鷲頭虎太,1:48.8,1.1/4,36.1,9.0,482(0),[東] 新開幸一,202410010708
1,7,10,ペアポルックス,牡3,57.0,松若風馬,1:08.7,,2.2,1.0,474(-6),[西] 梅田智之,202410010709
2,8,11,ロードトレゾール,牡3,57.0,丹内祐次,1:09.0,1.1/2,4.0,2.0,516(+2),[西] 清水久詞,202410010709
3,2,2,クリノハレルヤ,牝3,55.0,富田暁,1:09.5,3,7.4,3.0,466(0),[西] 武英智,202410010709
4,5,6,アートフォーム,牝3,55.0,斎藤新,1:09.6,1/2,27.1,7.0,440(+12),[西] 畑端省吾,202410010709
5,1,1,パルプフィクション,牝3,55.0,秋山真一,1:09.7,3/4,73.5,12.0,430(-8),[西] 飯田祐史,202410010709
6,5,5,セントキルダ,牡3,57.0,北村友一,1:09.7,クビ,44.8,9.0,466(-2),[西] 音無秀孝,202410010709
7,6,8,ビアフォーナウ,牝3,55.0,小林凌大,1:09.9,1.1/4,9.0,5.0,438(-4),[東] 池上昌和,202410010709
8,4,4,ベネメレンティ,牝3,55.0,佐々木大,1:10.0,クビ,18.9,6.0,432(-2),[西] 河内洋,202410010709
9,8,12,ハピアーザンエバー,牡3,57.0,藤岡康太,1:10.1,1/2,73.0,11.0,434(-4),[西] 羽月友彦,202410010709
10,6,7,アイタカ,牝3,55.0,藤田菜七,1:10.1,クビ,50.8,10.0,402(-12),[西] 谷潔,202410010709
11,3,3,ルージュレベッカ,牝3,55.0,古川吉洋,1:10.3,1.1/4,42.3,8.0,442(-6),[西] 昆貢,202410010709
12,7,9,シュークリーム,牝3,55.0,吉田隼人,1:10.3,ハナ,7.6,4.0,426(-4),[西] 西村真幸,202410010709
1,4,6,ユウグロスファクタ,牝5,56.0,松本大輝,0:57.5,,9.1,6.0,506(-4),[西] 新谷功一,202410010710
2,2,2,デルマシルフ,牝5,56.0,松若風馬,0:57.8,2,33.5,10.0,480(+10),[西] 畑端省吾,202410010710
3,6,10,ルクスメテオール,牡4,58.0,富田暁,0:58.1,1.3/4,4.3,1.0,484(0),[西] 小林真也,202410010710
4,1,1,プリティインピンク,牝6,56.0,菊沢一樹,0:58.3,3/4,5.8,3.0,446(+4),[東] 小手川準,202410010710
5,4,5,オーロベルディ,牝5,56.0,国分恭介,0:58.5,1.1/2,20.9,8.0,496(+16),[西] 緒方努,202410010710
6,5,8,フォルティーナ,牝4,56.0,西塚洸二,0:59.0,3,39.5,11.0,420(-18),[西] 石橋守,202410010710
7,3,3,ペイシャカレン,牝5,56.0,江田照男,0:59.2,1.1/2,4.5,2.0,454(+4),[東] 粕谷昌央,202410010710
8,7,12,テンクウフラワー,牝5,56.0,秋山真一,0:59.2,クビ,27.4,9.0,422(-22),[西] 渡辺薫彦,202410010710
9,6,9,ファーストリッキー,セ5,58.0,佐々木大,0:59.2,アタマ,80.7,14.0,486(0),[西] 村山明,202410010710
10,5,7,アイファースキャン,牡4,58.0,丸山元気,0:59.3,クビ,6.8,4.0,490(+6),[東] 根本康広,202410010710
11,7,11,フチサンメルチャン,牡7,58.0,小牧太,0:59.4,3/4,40.2,12.0,480(0),[西] 笹田和秀,202410010710
12,3,4,デルマカミーラ,牝5,56.0,小沢大仁,0:59.6,1,14.6,7.0,488(+4),[西] 牧田和弥,202410010710
13,8,13,フラッシュアーク,牝5,56.0,黛弘人,0:59.6,ハナ,66.3,13.0,486(+12),[東] 青木孝文,202410010710
14,8,14,コウソクカレン,牝6,56.0,丹内祐次,0:59.9,1.3/4,8.9,5.0,500(0),[東] 中舘英二,202410010710
1,8,10,ヴァモスロード,牡5,58.0,丸山元気,1:49.7,,11.4,3.0,524(-2),[西] 西園正都,202410010711
2,8,11,シランケド,牝4,55.0,国分恭介,1:49.9,1.1/2,1.7,1.0,512(-4),[西] 牧浦充徳,202410010711
3,7,9,コスモフロイデ,牡5,58.0,丹内祐次,1:50.1,3/4,55.5,7.0,480(-6),[東] 天間昭一,202410010711
4,5,5,ホウオウスーペリア,牡4,57.0,吉田隼人,1:50.1,クビ,2.9,2.0,480(+4),[西] 吉岡辰弥,202410010711
5,7,8,ボーンイングランデ,牡4,57.0,斎藤新,1:50.7,3.1/2,24.2,6.0,472(+6),[西] 吉田直弘,202410010711
6,4,4,ナックイルシーブ,牡6,58.0,佐々木大,1:50.8,クビ,219.8,10.0,510(-8),[東] 杉浦宏昭,202410010711
7,1,1,クリオミニーズ,牡5,58.0,鮫島克駿,1:51.0,1,11.4,4.0,498(+4),[西] 西園翔太,202410010711
8,6,7,コルベイユ,牝5,56.0,勝浦正樹,1:51.3,2,227.8,11.0,438(-2),[東] 新開幸一,202410010711
9,6,6,ヒルノエドワード,牡7,58.0,古川吉洋,1:51.5,1,90.9,8.0,484(0),[西] 昆貢,202410010711
10,3,3,スカーズ,牡4,57.0,藤岡康太,1:51.5,クビ,17.4,5.0,490(+4),[西] 武幸四郎,202410010711
11,2,2,ゼンカイテン,牡5,58.0,荻野極,1:52.6,7,117.0,9.0,474(-2),[東] 矢野英一,202410010711
1,2,2,マリネロ,牝5,56.0,丹内祐次,2:02.8,,2.5,1.0,428(-4),[東] 嘉藤貴行,202410010712
2,3,3,キヨラ,牝6,56.0,菊沢一樹,2:03.5,4,20.9,8.0,480(-4),[東] 堀内岳志,202410010712
3,8,10,キュンストラー,牝6,56.0,丸山元気,2:03.7,1.1/2,6.2,3.0,412(-2),[東] 松永康利,202410010712
4,5,5,イゾレエオリア,牝4,55.0,吉田隼人,2:04.0,1.3/4,18.3,7.0,464(+4),[東] 伊藤大士,202410010712
5,7,9,ツッチーフェイス,牝5,55.0,小沢大仁,2:04.4,2,15.2,6.0,460(0),[西] 今野貞一,202410010712
6,4,4,ポルテーニャ,牝5,56.0,富田暁,2:04.8,2.1/2,38.6,9.0,446(+6),[西] 西村真幸,202410010712
7,1,1,イリスレーン,牝4,53.0,藤田菜七,2:04.9,1/2,6.9,4.0,478(-6),[西] 清水久詞,202410010712
8,6,6,アームテイル,牝4,54.0,佐々木大,2:05.1,1,8.7,5.0,458(+10),[東] 和田勇介,202410010712
9,6,7,ステラポイント,牝4,55.0,鮫島克駿,2:06.0,5,4.5,2.0,438(-6),[西] 杉山晴紀,202410010712
10,7,8,ソングオブバラード,牝5,52.0,小林美駒,2:06.8,5,175.6,11.0,474(+4),[東] 辻哲英,202410010712
11,8,11,フィレット,牝4,53.0,小林凌大,2:07.7,5,41.7,10.0,490(+20),[西] 藤岡健一,202410010712
1,6,10,テーオールビー,牝3,55.0,藤岡康太,1:45.6,,2.1,1.0,450(-2),[西] 宮徹,202410010801
2,8,14,ベルメサイア,牝3,54.0,佐々木大,1:46.4,5,5.0,2.0,484(-8),[西] 西村真幸,202410010801
3,3,5,スナークサファイア,牝3,55.0,丹内祐次,1:47.3,5,58.7,10.0,478(+2),[西] 川村禎彦,202410010801
4,8,15,オテンバムスメ,牝3,53.0,藤田菜七,1:47.5,1.1/4,12.9,6.0,430(-2),[西] 北出成人,202410010801
5,2,3,サンピアノソナタ,牝3,53.0,小林凌大,1:47.9,2.1/2,45.5,8.0,448(-2),[西] 佐々木晶,202410010801
6,4,7,ショーヴァロンス,牝3,51.0,小林美駒,1:48.0,3/4,86.0,11.0,458(+6),[東] 鈴木伸尋,202410010801
7,7,12,ハイウェイスター,牝3,55.0,秋山真一,1:48.0,クビ,6.8,3.0,474(-6),[西] 宮本博,202410010801
8,4,6,ベレニーチェ,牝3,55.0,富田暁,1:48.0,クビ,6.8,4.0,450(-6),[西] 武英智,202410010801
9,2,2,ブラックドレス,牝3,52.0,永島まな,1:48.3,1.3/4,9.5,5.0,426(0),[西] 加用正,202410010801
10,1,1,リケアブロンシュ,牝3,54.0,秋山稔樹,1:48.3,ハナ,380.6,15.0,454(+10),[東] 新開幸一,202410010801
11,5,9,スマートビアンカ,牝3,51.0,河原田菜,1:48.3,クビ,267.6,13.0,434(-6),[西] 小崎憲,202410010801
12,7,13,ニホンピロマリンバ,牝3,55.0,高倉稜,1:48.6,1.3/4,58.4,9.0,492(-4),[西] 安達昭夫,202410010801
13,3,4,アケノミョウジョウ,牝3,55.0,黛弘人,1:48.7,1/2,240.3,12.0,450(+4),[東] 伊藤伸一,202410010801
14,5,8,リュクスブリランテ,牝3,54.0,小沢大仁,1:48.7,アタマ,356.0,14.0,416(-6),[西] 庄野靖志,202410010801
15,6,11,フォルチューヌ,牝3,55.0,菱田裕二,1:49.3,3.1/2,29.8,7.0,464(-6),[西] 平田修,202410010801
1,3,3,クイーンズワーフ,牝3,54.0,佐々木大,1:52.6,,4.8,3.0,452(+2),[東] 青木孝文,202410010802
2,4,4,クリノアドバンス,牡3,57.0,菱田裕二,1:52.8,1,3.5,2.0,450(-4),[西] 大橋勇樹,202410010802
3,8,11,キーチパルフェ,牡3,57.0,藤岡康太,1:52.8,クビ,3.4,1.0,466(+8),[西] 高柳大輔,202410010802
4,8,12,レトロタイプ,牡3,57.0,丹内祐次,1:53.3,3,7.4,5.0,514(+6),[東] 加藤士津,202410010802
5,5,6,プラムダンディ,牡3,57.0,吉田隼人,1:53.4,クビ,5.7,4.0,454(+14),[東] 尾形和幸,202410010802
6,6,8,ベアウェイトゥゴー,牝3,55.0,勝浦正樹,1:53.8,2.1/2,50.8,8.0,488(-14),[東] 杉浦宏昭,202410010802
7,7,10,クリノモルガナイト,牡3,54.0,水沼元輝,1:53.8,クビ,189.4,11.0,466(+2),[東] 本間忍,202410010802
8,7,9,オープンワンセルフ,牡3,54.0,永島まな,1:53.8,ハナ,11.0,6.0,488(-12),[西] 小栗実,202410010802
9,1,1,スターオブステップ,牡3,57.0,菊沢一樹,1:54.0,1,116.2,10.0,454(+4),[東] 奥平雅士,202410010802
10,5,5,グレースアイリス,牝3,54.0,横山琉人,1:54.6,3.1/2,39.8,7.0,418(-8),[東] 相沢郁,202410010802
11,6,7,ミラルージュ,牝3,55.0,松若風馬,1:56.5,大,103.4,9.0,414(-4),[西] 森田直行,202410010802
12,2,2,マグノオンゾウシ,牡3,57.0,富田暁,1:56.9,2.1/2,275.7,12.0,464(+20),[西] 笹田和秀,202410010802
1,7,11,フェイマスドクター,牡4,55.0,水沼元輝,0:58.1,,2.2,1.0,514(+6),[東] 中川公成,202410010803
2,3,3,ミッキースピナッチ,牡4,58.0,松若風馬,0:58.1,クビ,3.6,2.0,500(0),[西] 音無秀孝,202410010803
3,4,6,ジェットグリッター,牝5,56.0,菊沢一樹,0:58.2,クビ,14.4,6.0,444(+4),[東] 勢司和浩,202410010803
4,8,13,ブリラーノ,牝5,55.0,佐々木大,0:58.7,3,126.5,13.0,490(-18),[東] 土田稔,202410010803
5,5,7,シルバーキングダム,牡5,56.0,小林凌大,0:58.7,クビ,28.2,8.0,500(+12),[東] 西田雄一,202410010803
6,3,4,ザアトム,牡5,57.0,松本大輝,0:58.7,アタマ,14.2,5.0,506(-4),[東] 田島俊明,202410010803
7,4,5,コスモジョセフ,牡4,54.0,小林美駒,0:58.8,クビ,14.1,4.0,486(+20),[東] 伊藤大士,202410010803
8,1,1,レインメーカー,牡4,58.0,藤岡康太,0:58.9,1/2,6.5,3.0,444(-12),[西] 安田翔伍,202410010803
9,5,8,ユナイテッドハーツ,牡6,58.0,丹内祐次,0:59.0,3/4,78.9,10.0,446(-10),[東] 新開幸一,202410010803
10,7,12,サンマルセレッソ,牝6,56.0,丸山元気,0:59.0,ハナ,83.3,12.0,442(-6),[東] 土田稔,202410010803
11,6,10,フクノルッカ,牝6,53.0,鷲頭虎太,0:59.1,1/2,51.2,9.0,460(-22),[東] 堀内岳志,202410010803
12,2,2,ザモウコダマシイ,牝6,56.0,古川吉洋,0:59.2,1/2,81.3,11.0,464(+4),[西] 坂口智康,202410010803
13,8,14,クリノヴァニラ,牝6,53.0,永島まな,0:59.3,3/4,14.5,7.0,500(0),[西] 高橋康之,202410010803
14,6,9,タイコネン,牝5,54.0,藤田菜七,0:59.4,3/4,203.4,14.0,468(0),[東] 松永康利,202410010803
1,5,6,ワールドスケール,牡7,60.0,小牧加矢,3:14.1,,1.7,1.0,490(+2),[西] 村山明,202410010804
2,8,12,フィレンツェ,牡5,60.0,石神深一,3:14.2,3/4,4.1,2.0,458(-2),[東] 加藤士津,202410010804
3,5,5,ジューンヨシツネ,牡5,60.0,大庭和弥,3:15.1,5,14.2,5.0,470(-4),[西] 松下武士,202410010804
4,6,8,ヴラディア,牡5,60.0,上野翔,3:15.8,4,9.9,4.0,494(+8),[東] 小西一男,202410010804
5,8,11,キールロワイヤル,牡4,59.0,森一馬,3:16.1,2,7.2,3.0,466(+4),[西] 斉藤崇史,202410010804
6,1,1,クリノマイスター,牡4,59.0,中村将之,3:16.1,アタマ,29.0,6.0,484(+12),[西] 中尾秀正,202410010804
7,6,7,エクセレントラン,セ7,60.0,草野太郎,3:16.2,クビ,120.3,11.0,488(+4),[東] 伊藤伸一,202410010804
8,2,2,タマモエース,牡5,60.0,小野寺祐,3:16.4,1.1/2,49.6,8.0,494(0),[西] 川村禎彦,202410010804
9,7,10,サトノミスチーフ,牡4,59.0,黒岩悠,3:18.4,大,73.8,9.0,498(-8),[西] 平田修,202410010804
10,3,3,テンコマンドゥール,牡4,59.0,五十嵐雄,3:19.6,7,154.4,12.0,480(0),[東] 矢野英一,202410010804
11,4,4,イシュタルゲート,牡8,60.0,井上敏樹,3:21.8,大,75.3,10.0,520(-6),[西] 茶木太樹,202410010804
12,7,9,ビッグスコール,牡8,57.0,水沼元輝,3:21.9,3/4,30.8,7.0,558(+16),[東] 天間昭一,202410010804
1,7,10,ジャスティンガルフ,牡3,57.0,富田暁,2:05.6,,2.8,1.0,494(0),[西] 安田翔伍,202410010805
2,4,4,メイショウカイコン,牡3,54.0,鷲頭虎太,2:05.9,2,43.2,10.0,496(0),[西] 千田輝彦,202410010805
3,6,7,オトコギアンパン,牡3,56.0,佐々木大,2:06.2,1.3/4,6.3,3.0,476(0),[西] 小栗実,202410010805
4,2,2,マベルシュシュット,牝3,55.0,松若風馬,2:06.3,3/4,18.5,7.0,460(0),[西] 今野貞一,202410010805
5,5,6,テーオーマーシャル,牡3,57.0,亀田温心,2:06.3,ハナ,3.8,2.0,484(0),[西] 高柳大輔,202410010805
6,3,3,ダノンウィルヘルム,牡3,57.0,丸山元気,2:06.4,1/2,9.3,5.0,472(0),[西] 池江泰寿,202410010805
7,8,11,ラブカ,牡3,56.0,小沢大仁,2:07.4,6,108.1,12.0,454(0),[西] 今野貞一,202410010805
8,8,12,デイトゥリメンバー,牝3,55.0,藤岡康太,2:07.8,2.1/2,7.2,4.0,456(0),[西] 今野貞一,202410010805
9,7,9,ゴーダンシング,牝3,51.0,河原田菜,2:08.0,1,49.8,11.0,464(0),[西] 武英智,202410010805
10,1,1,トンボ,牡3,57.0,丹内祐次,2:08.5,3,17.2,6.0,518(0),[西] 本田優,202410010805
11,6,8,オーケーミネルバ,牝3,52.0,永島まな,2:10.7,大,34.2,9.0,460(0),[西] 奥村豊,202410010805
12,5,5,エイジランナー,牡3,57.0,荻野極,2:16.6,大,25.0,8.0,564(0),[西] 池江泰寿,202410010805
1,8,16,トラペジスト,牡3,57.0,松若風馬,1:10.0,,4.9,2.0,516(-12),[西] 音無秀孝,202410010806
2,6,12,ジョーメッドヴィン,牡3,54.0,川端海翼,1:10.1,1/2,10.0,5.0,504(+2),[西] 清水久詞,202410010806
3,3,5,レオナルドスター,牡3,56.0,佐々木大,1:10.7,3.1/2,5.4,3.0,464(-2),[西] 長谷川浩,202410010806
4,1,2,ハヤブサソンタクン,牡3,57.0,川又賢治,1:10.7,クビ,107.1,10.0,450(-8),[西] 寺島良,202410010806
5,6,11,ウインラグラス,牝3,52.0,永島まな,1:10.7,ハナ,14.0,6.0,412(+6),[西] 吉田直弘,202410010806
6,2,3,ロードトレイル,牡3,57.0,藤岡康太,1:10.7,アタマ,2.7,1.0,474(+2),[西] 藤岡健一,202410010806
7,4,7,マサノカナリア,牝3,51.0,河原田菜,1:11.1,2.1/2,5.6,4.0,462(+4),[西] 加用正,202410010806
8,5,9,セブンセコンズ,牝3,55.0,菱田裕二,1:11.4,1.1/2,108.5,11.0,404(-8),[西] 森田直行,202410010806
9,7,14,レモンスフレ,牝3,55.0,水口優也,1:11.4,ハナ,176.4,13.0,424(-6),[西] 羽月友彦,202410010806
10,8,18,ビアメントブラスト,牝3,54.0,横山琉人,1:11.4,アタマ,283.1,15.0,438(-10),[東] 本間忍,202410010806
11,3,6,オレンジサファイア,牝3,55.0,吉田隼人,1:11.6,1.1/4,18.7,7.0,466(0),[西] 岡田稲男,202410010806
12,5,10,キラン,牝3,55.0,黛弘人,1:11.7,1/2,440.1,17.0,380(-12),[東] 佐藤吉勝,202410010806
13,7,15,メイショウノワキ,牝3,55.0,高倉稜,1:11.7,クビ,426.1,16.0,420(-16),[西] 安達昭夫,202410010806
14,2,4,ルクスルイナール,牝3,52.0,西塚洸二,1:11.8,1/2,235.6,14.0,432(-10),[西] 小崎憲,202410010806
15,7,13,ブラヴォージャパン,牝3,52.0,鷲頭虎太,1:11.9,クビ,527.7,18.0,394(-2),[西] 坂口智康,202410010806
16,1,1,リルフロスト,牡3,57.0,丹内祐次,1:11.9,ハナ,28.3,8.0,480(0),[東] 牧光二,202410010806
17,8,17,ビッグアンサー,牡3,57.0,富田暁,1:12.1,1.1/2,45.9,9.0,488(-6),[西] 牧田和弥,202410010806
18,4,8,ダンデライオン,牝3,54.0,小沢大仁,1:12.2,クビ,143.3,12.0,464(-10),[西] 佐々木晶,202410010806
1,1,1,ペンナヴェローチェ,牡3,56.0,佐々木大,2:04.9,,1.9,1.0,492(0),[西] 須貝尚介,202410010807
2,2,2,グランアルティスタ,牡3,57.0,藤岡康太,2:04.9,クビ,7.1,4.0,506(-4),[西] 寺島良,202410010807
3,5,5,サンウリエル,牡3,57.0,古川吉洋,2:05.0,クビ,5.9,2.0,476(-4),[西] 宮本博,202410010807
4,7,7,マイネルバーテクス,牡3,57.0,丹内祐次,2:05.4,2.1/2,10.4,5.0,498(-4),[東] 水野貴広,202410010807
5,6,6,サンライズガッツ,牡3,53.0,河原田菜,2:05.5,1/2,18.4,8.0,482(0),[西] 安田翔伍,202410010807
5,8,9,アルゴナヴィス,牡3,57.0,富田暁,2:05.5,同着,6.4,3.0,468(-4),[西] 池江泰寿,202410010807
7,4,4,ヒシグランディヴァ,牝3,52.0,永島まな,2:06.2,4,15.5,7.0,438(-12),[西] 友道康夫,202410010807
8,3,3,アマルフィレモン,牡3,54.0,鷲頭虎太,2:06.3,3/4,236.8,9.0,414(+12),[東] 天間昭一,202410010807
9,7,8,マルカフェリス,牡3,56.0,小沢大仁,2:06.3,クビ,15.4,6.0,464(-10),[西] 今野貞一,202410010807
10,8,10,リエンダ,牡3,55.0,小林凌大,2:06.7,2.1/2,381.8,10.0,478(-2),[東] 岩戸孝樹,202410010807
1,4,4,アルタビスタ,牝4,55.0,藤岡康太,1:45.7,,24.0,9.0,444(-14),[西] 松永幹夫,202410010808
2,5,6,プレッジ,牝4,54.0,佐々木大,1:45.8,クビ,4.2,1.0,466(0),[西] 中内田充,202410010808
3,3,3,チャプリ,牝5,56.0,丹内祐次,1:45.8,クビ,6.1,3.0,460(-2),[東] 高木登,202410010808
4,8,11,エールミネルヴァ,牝4,55.0,松若風馬,1:45.9,クビ,8.8,6.0,466(-2),[西] 橋口慎介,202410010808
5,6,8,リヤンドメテオール,牝4,55.0,富田暁,1:45.9,アタマ,31.7,10.0,486(+1),[西] 中竹和也,202410010808
6,5,5,リノアラ,牝5,55.0,小沢大仁,1:46.1,1.1/2,75.3,11.0,436(-4),[西] 今野貞一,202410010808
7,7,9,セットリスト,牝5,56.0,吉田隼人,1:46.8,4,4.8,2.0,496(+12),[西] 畑端省吾,202410010808
8,7,10,ナックダンス,牝4,52.0,永島まな,1:47.1,1.3/4,6.4,4.0,498(0),[東] 杉浦宏昭,202410010808
9,6,7,ニシノパプルブリリ,牝4,51.0,河原田菜,1:47.1,ハナ,12.3,7.0,472(-6),[東] 矢野英一,202410010808
10,8,12,ヘネラリーフェ,牝6,52.0,小林美駒,1:47.6,3,131.0,12.0,456(0),[西] 藤沢則雄,202410010808
11,2,2,ファルシオン,牝4,55.0,丸山元気,1:52.7,大,19.8,8.0,452(+4),[西] 羽月友彦,202410010808
12,1,1,トラストベル,牝5,53.0,西塚洸二,1:57.8,大,6.6,5.0,438(-6),[東] 田村康仁,202410010808
1,1,1,ロードマンハイム,牡4,57.0,吉田隼人,1:50.0,,16.8,6.0,502(-6),[西] 友道康夫,202410010809
2,7,8,ショウナンアキドン,牡4,57.0,松本大輝,1:50.6,3.1/2,87.2,8.0,474(0),[西] 高野友和,202410010809
3,6,6,ドラゴンヘッド,牡4,57.0,菊沢一樹,1:51.0,2.1/2,5.2,3.0,454(+14),[東] 武藤善則,202410010809
4,8,10,セルジュ,牡6,58.0,丸山元気,1:51.3,1.3/4,27.3,7.0,506(+4),[東] 中川公成,202410010809
5,7,9,マイネルフォルツァ,牡4,57.0,富田暁,1:51.3,アタマ,102.5,10.0,512(-2),[東] 金成貴史,202410010809
6,3,3,マイネルラッシュ,牡4,57.0,丹内祐次,1:51.5,1,2.0,1.0,470(+6),[東] 水野貴広,202410010809
7,4,4,ニホンピロマリブ,牡6,58.0,高倉稜,1:51.6,3/4,93.5,9.0,446(-8),[西] 安達昭夫,202410010809
8,8,11,マイネルシーマー,牡5,58.0,佐々木大,1:51.6,ハナ,7.5,4.0,490(-4),[東] 青木孝文,202410010809
9,6,7,スズカキング,牡7,58.0,菱田裕二,1:51.9,1.3/4,16.4,5.0,458(-2),[西] 谷潔,202410010809
10,2,2,シャドウソニック,牡4,57.0,松若風馬,1:52.3,2.1/2,4.1,2.0,506(0),[西] 辻野泰之,202410010809
11,5,5,ジークシュベルト,牡4,57.0,秋山稔樹,1:53.3,6,330.9,11.0,470(+8),[西] 高橋義忠,202410010809
1,4,8,サンライズグルーヴ,牡4,55.0,西塚洸二,1:44.6,,17.5,7.0,510(-6),[西] 河内洋,202410010810
2,3,6,ライツフォル,牡4,55.0,富田暁,1:44.6,ハナ,2.5,1.0,500(+10),[西] 高橋義忠,202410010810
3,3,5,ディサイド,牡5,55.0,佐々木大,1:44.7,3/4,22.7,10.0,488(+20),[西] 高野友和,202410010810
4,2,3,タマモタップダンス,牝5,53.0,丹内祐次,1:44.9,3/4,11.8,4.0,500(+4),[東] 伊藤圭三,202410010810
5,7,13,テイエムシニスター,牡5,55.0,松若風馬,1:45.0,1/2,11.5,3.0,492(-14),[西] 木原一良,202410010810
6,6,11,インテンスフレイム,牡6,56.0,荻野極,1:45.0,クビ,33.5,12.0,526(-4),[西] 千田輝彦,202410010810
7,6,12,アレクサ,牡4,54.0,秋山稔樹,1:45.1,クビ,40.0,13.0,508(-6),[東] 斎藤誠,202410010810
8,8,15,フロンタルクリス,牡6,54.0,菊沢一樹,1:45.2,クビ,145.9,15.0,500(+4),[東] 伊坂重信,202410010810
9,4,7,ワールドハート,牡5,53.0,丸山元気,1:45.4,1.1/4,203.3,16.0,460(+6),[西] 杉山佳明,202410010810
10,7,14,カラレーション,牝6,53.0,吉田隼人,1:45.4,クビ,17.5,6.0,438(+4),[西] 松下武士,202410010810
11,8,16,オースミリン,牝5,53.0,秋山真一,1:45.4,アタマ,31.3,11.0,452(-8),[西] 荒川義之,202410010810
12,5,9,シンリミテス,牡5,54.0,古川吉洋,1:45.5,1/2,22.6,9.0,490(0),[西] 大根田裕,202410010810
13,2,4,テーオーサンドニ,牡5,56.0,小沢大仁,1:45.7,1,19.6,8.0,474(-2),[西] 高柳大輔,202410010810
14,5,10,タガノカンデラ,牝5,53.0,藤岡康太,1:45.8,クビ,14.3,5.0,460(-10),[西] 奥村豊,202410010810
15,1,2,ヴェールアップ,牝6,53.0,亀田温心,1:48.1,大,111.3,14.0,490(+2),[西] 橋口慎介,202410010810
16,1,1,ガンウルフ,牡4,55.0,菱田裕二,1:48.6,3,3.8,2.0,488(0),[西] 藤岡健一,202410010810
1,5,5,ダンディズム,セ8,58.0,富田暁,2:04.1,,2.4,1.0,478(+6),[西] 野中賢二,202410010811
2,3,3,フォワードアゲン,セ7,57.0,黛弘人,2:04.2,1/2,22.0,6.0,434(-2),[東] 中野栄治,202410010811
3,2,2,ライトクオンタム,牝4,54.0,吉田隼人,2:04.2,クビ,4.3,3.0,422(-4),[西] 武幸四郎,202410010811
4,4,4,ハーランズハーツ,牡7,57.0,秋山真一,2:04.3,クビ,7.6,4.0,442(-2),[西] 橋口慎介,202410010811
5,8,8,ニホンピロスクーロ,セ7,57.0,高倉稜,2:04.5,1.1/2,49.3,8.0,508(+8),[西] 安達昭夫,202410010811
6,8,9,シークレットラン,牡8,57.0,藤岡康太,2:04.8,1.1/2,147.7,9.0,496(-14),[西] 村山明,202410010811
7,6,6,ダークエクリプス,牡5,57.0,松若風馬,2:04.9,1/2,4.0,2.0,488(+4),[西] 今野貞一,202410010811
8,7,7,ニューノーマル,牝5,55.0,佐々木大,2:04.9,クビ,8.4,5.0,460(+2),[東] 上原佑紀,202410010811
9,1,1,コスモカレンドゥラ,牡8,58.0,丹内祐次,2:06.9,大,25.3,7.0,474(0),[東] 田中博康,202410010811
1,7,12,バラードインミラノ,牡6,57.0,秋山稔樹,1:09.5,,76.7,12.0,436(+6),[東] 小野次郎,202410010812
2,8,13,マイレーヌ,牝4,52.0,小林美駒,1:09.7,1.1/4,11.7,5.0,502(0),[東] 斎藤誠,202410010812
3,1,1,メイショウコギク,牝4,56.0,富田暁,1:09.9,1,37.2,10.0,438(-12),[西] 石橋守,202410010812
4,3,4,サミュエル,牝5,56.0,菊沢一樹,1:09.9,クビ,8.8,4.0,470(0),[東] 菊沢隆徳,202410010812
5,5,8,コスモグングニール,牡4,58.0,丹内祐次,1:09.9,クビ,2.0,1.0,514(-4),[西] 緒方努,202410010812
6,2,2,トリップトゥムーン,牡5,58.0,菱田裕二,1:10.2,1.3/4,13.1,7.0,450(+4),[西] 新谷功一,202410010812
7,3,3,ニシノタマユラ,牝5,52.0,河原田菜,1:10.3,アタマ,70.4,11.0,474(+18),[東] 深山雅史,202410010812
8,7,11,ディナトセレーネ,牝4,55.0,佐々木大,1:10.3,アタマ,7.4,2.0,464(0),[東] 尾関知人,202410010812
9,6,9,マテンロウアネモス,牝4,56.0,吉田隼人,1:10.4,3/4,22.4,8.0,436(0),[東] 久保田貴,202410010812
10,4,6,エイムインライフ,牝4,56.0,藤岡康太,1:10.4,アタマ,12.4,6.0,468(-6),[西] 角田晃一,202410010812
11,6,10,ハクサンミニョン,牝4,53.0,永島まな,1:10.5,1/2,7.5,3.0,434(-6),[西] 高橋康之,202410010812
12,5,7,クオンタム,牝6,56.0,黛弘人,1:10.5,ハナ,438.2,14.0,462(-6),[東] 石毛善彦,202410010812
13,4,5,セイウンスイート,牝4,56.0,原田和真,1:10.8,1.1/2,304.0,13.0,436(-4),[東] 栗田徹,202410010812
14,8,14,ソングフォーユー,牝5,53.0,水沼元輝,1:11.1,1.3/4,23.2,9.0,442(-11),[東] 上原博之,202410010812
1,6,9,ルフトクス,牝3,55.0,亀田温心,1:47.2,,2.0,1.0,454(-2),[西] 杉山晴紀,202410020101
2,4,5,メイショウリリー,牝3,55.0,藤岡康太,1:47.5,1.1/2,24.8,8.0,430(+2),[西] 高橋義忠,202410020101
3,2,2,カネコメファミリー,牝3,55.0,菱田裕二,1:47.6,3/4,4.7,2.0,488(0),[西] 中尾秀正,202410020101
4,8,13,ヒロインズクレスト,牝3,55.0,丸山元気,1:47.6,アタマ,13.8,5.0,452(-4),[西] 本田優,202410020101
5,6,10,ウェイトゥゴー,牝3,54.0,佐々木大,1:47.9,2,10.3,4.0,474(+20),[西] 須貝尚介,202410020101
6,5,7,シーメジャー,牝3,52.0,西塚洸二,1:48.4,2.1/2,14.1,6.0,442(+4),[西] 奥村豊,202410020101
7,3,4,カンカール,牝3,55.0,丹内祐次,1:48.4,アタマ,36.8,9.0,436(-8),[西] 池添学,202410020101
8,4,6,ナムラリーナ,牝3,55.0,富田暁,1:49.1,4,46.1,11.0,502(0),[西] 川村禎彦,202410020101
9,5,8,テリオスソラ,牝3,55.0,鮫島克駿,1:49.2,3/4,20.4,7.0,472(-6),[西] 松下武士,202410020101
10,7,12,フェイマスグラース,牝3,55.0,幸英明,1:49.4,1.1/4,8.2,3.0,466(0),[西] 谷潔,202410020101
11,1,1,タマモキサキ,牝3,55.0,長岡禎仁,1:49.7,1.1/2,102.9,13.0,418(-10),[西] 高橋亮,202410020101
12,8,14,リベリアンガール,牝3,52.0,土田真翔,1:50.1,2.1/2,42.0,10.0,422(+2),[東] 金成貴史,202410020101
13,7,11,スマートヌーメン,牝3,51.0,河原田菜,1:50.6,3,93.2,12.0,460(-2),[西] 石坂公一,202410020101
14,3,3,クイーンブラッド,牝3,54.0,松本大輝,1:52.0,8,223.7,14.0,440(-2),[東] 加藤征弘,202410020101
1,7,12,ジェロニモス,牡3,57.0,鮫島克駿,1:49.6,,2.0,1.0,480(-12),[西] 中村直也,202410020102
2,6,9,オレンジダンサー,牝3,54.0,佐々木大,1:49.9,2,22.7,8.0,440(-2),[西] 高野友和,202410020102
3,4,6,ソウルプラウド,牡3,57.0,北村友一,1:49.9,ハナ,10.2,4.0,470(-14),[西] 高橋亮,202410020102
4,4,5,クヴェレ,牡3,53.0,河原田菜,1:50.0,クビ,11.2,5.0,454(0),[西] 鈴木孝志,202410020102
5,7,11,バンデルアース,牝3,55.0,吉田隼人,1:50.2,1.1/2,29.8,9.0,444(-6),[西] 矢作芳人,202410020102
6,5,7,エクセルゴールド,牡3,57.0,丹内祐次,1:50.2,クビ,6.1,2.0,470(+6),[東] 武市康男,202410020102
7,1,1,ラブリーサイン,牝3,55.0,菱田裕二,1:50.2,アタマ,30.1,10.0,488(0),[西] 牧浦充徳,202410020102
8,2,2,ディアマンドロップ,牝3,55.0,藤懸貴志,1:50.3,アタマ,51.5,12.0,468(+8),[東] 小手川準,202410020102
9,3,4,アスクヒロイズガイ,牡3,57.0,富田暁,1:50.3,クビ,9.4,3.0,488(-6),[西] 野中賢二,202410020102
10,8,14,ブルーパール,牝3,55.0,藤岡康太,1:50.3,クビ,12.0,6.0,448(-12),[西] 武英智,202410020102
11,3,3,ベイステート,牡3,57.0,幸英明,1:50.4,クビ,39.1,11.0,498(-2),[西] 清水久詞,202410020102
12,8,13,ウインパルファン,牝3,55.0,菊沢一樹,1:50.7,2,97.8,14.0,454(-2),[東] 田中剛,202410020102
13,5,8,タプファーアイ,牡3,57.0,藤岡佑介,1:51.0,1.3/4,18.1,7.0,458(-4),[西] 四位洋文,202410020102
14,6,10,ウインベルレーヌ,牝3,55.0,黛弘人,1:52.0,6,72.0,13.0,446(+14),[東] 宗像義忠,202410020102
1,3,3,セッテイロク,牝3,51.0,小林美駒,0:58.0,,2.6,1.0,434(+4),[東] 竹内正洋,202410020103
2,7,11,メトゥス,牡3,56.0,佐々木大,0:59.2,7,2.7,2.0,452(+6),[東] 堀内岳志,202410020103
3,1,1,サンプルメリア,牝3,52.0,川端海翼,0:59.5,1.1/2,10.9,4.0,468(+4),[西] 角田晃一,202410020103
4,6,10,リナリア,牝3,55.0,黛弘人,0:59.8,1.3/4,81.1,13.0,430(-16),[東] 伊坂重信,202410020103
5,5,7,ミツカネエリーズ,牝3,55.0,富田暁,0:59.9,1,80.1,12.0,450(+2),[東] 清水英克,202410020103
6,3,4,カネトシショウカ,牡3,57.0,川又賢治,1:00.1,1.1/4,39.7,9.0,454(+10),[西] 寺島良,202410020103
7,7,12,サンスイレン,牝3,54.0,秋山稔樹,1:00.1,ハナ,26.0,7.0,434(-4),[東] 深山雅史,202410020103
8,8,13,タイセイタリスマン,牡3,57.0,藤懸貴志,1:00.3,1,17.4,5.0,448(-4),[西] 小栗実,202410020103
9,4,6,ラインアルファ,牡3,57.0,丹内祐次,1:00.6,1.1/2,6.4,3.0,474(0),[東] 水野貴広,202410020103
10,2,2,オルマジェス,セ3,53.0,河原田菜,1:00.6,アタマ,36.8,8.0,464(+14),[東] 武藤善則,202410020103
11,8,14,ライヴパトラッシュ,セ3,57.0,吉田隼人,1:00.7,1/2,73.2,11.0,494(+8),[東] 尾形和幸,202410020103
12,5,8,ウィンドブレイク,牝3,52.0,鷲頭虎太,1:00.9,1.1/4,56.6,10.0,414(-6),[西] 野中賢二,202410020103
13,6,9,ペレグリン,牝3,55.0,幸英明,1:00.9,ハナ,24.1,6.0,424(-12),[西] 杉山佳明,202410020103
14,4,5,シャインネイト,牝3,52.0,西塚洸二,1:01.3,2,107.0,14.0,454(-10),[西] 本田優,202410020103
1,1,1,ユーベルント,牝6,58.0,大庭和弥,3:12.3,,45.7,9.0,454(0),[東] 堀内岳志,202410020104
2,7,10,メイショウキョウジ,牡9,60.0,森一馬,3:12.8,3,1.8,1.0,480(-4),[西] 松永昌博,202410020104
3,8,11,サンマルグレイト,牡4,59.0,大江原圭,3:13.0,1.1/4,22.7,8.0,452(0),[東] 佐藤吉勝,202410020104
4,6,7,ウインアキレウス,牡6,60.0,小野寺祐,3:13.3,1.3/4,9.5,4.0,504(-6),[西] 加用正,202410020104
5,3,3,キガン,牝4,57.0,草野太郎,3:14.2,5,9.2,3.0,482(+8),[東] 小島茂之,202410020104
6,5,6,セイウンデイスター,牡4,57.0,水沼元輝,3:14.3,1/2,184.7,10.0,460(+10),[東] 萱野浩二,202410020104
7,4,4,ジロー,牡7,60.0,小牧加矢,3:14.9,3.1/2,14.1,5.0,484(+6),[西] 岡田稲男,202410020104
8,6,8,レストア,牡4,59.0,五十嵐雄,3:15.0,1.1/4,20.0,7.0,526(+24),[東] 小笠倫弘,202410020104
9,8,12,カイトレッド,牝7,58.0,蓑島靖典,3:15.2,3/4,17.2,6.0,474(0),[東] 和田雄二,202410020104
10,7,9,クリノハニー,牝5,58.0,伴啓太,3:19.3,大,227.5,11.0,468(+10),[東] 的場均,202410020104
中,2,2,ルレーヴドゥリリ,牝7,58.0,上野翔,,,3.9,2.0,516(-2),[東] 田中剛,202410020104
中,5,5,クリノサンシャイン,牝7,58.0,井上敏樹,,,273.5,12.0,450(-12),[東] 石毛善彦,202410020104
1,8,12,アランデル,セ6,60.0,大江原圭,3:10.2,,5.1,3.0,536(-4),[東] 大竹正博,202410020105
2,2,2,ヴィジュネル,牡6,60.0,中村将之,3:10.5,1.3/4,3.2,1.0,490(+2),[西] 渡辺薫彦,202410020105
3,5,6,スマッシャー,牡6,60.0,小牧加矢,3:10.6,1,3.7,2.0,496(+2),[西] 吉岡辰弥,202410020105
4,8,11,ニンギルス,牡7,57.0,鷲頭虎太,3:10.8,3/4,12.8,5.0,458(0),[西] 鈴木孝志,202410020105
5,5,5,キスラー,牡8,60.0,五十嵐雄,3:11.4,4,22.3,8.0,482(-6),[西] 池江泰寿,202410020105
6,1,1,アンブロジオ,セ9,60.0,金子光希,3:12.5,7,35.6,9.0,466(+2),[東] 菊沢隆徳,202410020105
7,3,3,パトリック,牡8,60.0,森一馬,3:15.0,大,12.8,6.0,474(-12),[西] 岡田稲男,202410020105
8,7,10,ルヴェルディ,牡5,60.0,伴啓太,3:15.1,1,18.3,7.0,488(+2),[東] 黒岩陽一,202410020105
9,6,8,ジゲン,牡7,60.0,小野寺祐,3:16.0,5,46.3,10.0,468(+2),[西] 中村直也,202410020105
10,4,4,ビップランバン,牡6,60.0,小坂忠士,3:16.8,5,65.5,11.0,482(+2),[西] 清水久詞,202410020105
11,7,9,エターナルボンド,セ7,60.0,草野太郎,3:23.5,大,111.2,12.0,528(+6),[東] 伊藤圭三,202410020105
中,6,7,グレンガリー,セ9,60.0,蓑島靖典,,,6.8,4.0,444(0),[東] 萩原清,202410020105
1,7,10,モンディーン,牝3,52.0,西塚洸二,1:49.8,,18.7,8.0,412(-2),[西] 西園翔太,202410020106
2,3,3,ホウオウペトリュス,牝3,55.0,亀田温心,1:49.9,クビ,96.5,11.0,436(-2),[西] 須貝尚介,202410020106
3,4,4,リケアオランジュ,牝3,52.0,佐藤翔馬,1:50.1,1.1/4,65.0,10.0,372(-4),[東] 小野次郎,202410020106
4,6,8,アンクローシュ,牝3,55.0,斎藤新,1:50.1,アタマ,5.3,3.0,404(-4),[西] 安田翔伍,202410020106
5,7,9,レトロタイプ,牡3,54.0,水沼元輝,1:50.2,クビ,5.3,2.0,506(-8),[東] 加藤士津,202410020106
6,5,5,ピリー,牝3,51.0,河原田菜,1:50.4,1.1/2,6.5,4.0,500(0),[西] 西園正都,202410020106
7,1,1,ランデヴーローズ,牝3,55.0,富田暁,1:50.7,1.1/2,13.6,7.0,420(-4),[東] 上原佑紀,202410020106
8,8,11,リケアヴィオレ,牡3,56.0,秋山稔樹,1:51.0,2,9.4,6.0,460(+2),[東] 蛯名利弘,202410020106
9,2,2,シグネチャーセント,牡3,56.0,佐々木大,1:51.7,4,7.7,5.0,484(+6),[西] 橋口慎介,202410020106
10,6,7,スマートマナリス,牡3,56.0,小沢大仁,1:51.7,クビ,103.3,12.0,476(+6),[西] 石橋守,202410020106
11,8,12,セレスト,牡3,54.0,川端海翼,1:51.9,1.1/4,3.4,1.0,424(-2),[西] 羽月友彦,202410020106
12,5,6,ノーブルビーチ,牡3,54.0,鷲頭虎太,1:52.4,2.1/2,27.4,9.0,450(-8),[東] 菊川正達,202410020106
1,4,4,ブーバー,牝4,51.0,河原田菜,1:47.2,,15.6,7.0,428(+6),[東] 新開幸一,202410020107
2,3,3,トウロウノオノ,牝4,51.0,小林美駒,1:47.3,1/2,5.0,3.0,442(-4),[東] 竹内正洋,202410020107
3,6,6,ミッキーマカロン,牝4,55.0,藤岡康太,1:47.4,1/2,9.4,4.0,432(-4),[西] 大久保龍,202410020107
4,7,8,ツインビスケッツ,牝4,52.0,石田拓郎,1:47.5,3/4,9.7,5.0,456(-2),[東] 新開幸一,202410020107
5,1,1,リグレイアー,牝4,55.0,亀田温心,1:47.5,クビ,81.7,8.0,470(0),[西] 北出成人,202410020107
6,8,10,ワイドカイゼリン,牝4,55.0,藤岡佑介,1:47.6,クビ,2.8,1.0,480(0),[西] 奥村豊,202410020107
7,5,5,レタラ,牝5,53.0,鷲頭虎太,1:47.7,1/2,145.3,11.0,456(-10),[西] 吉村圭司,202410020107
8,8,11,ノーブルアクト,牝4,52.0,水沼元輝,1:47.9,1.1/2,10.8,6.0,508(+8),[東] 上原博之,202410020107
9,7,9,スマイルヴィヴァン,牝6,56.0,丹内祐次,1:48.4,2.1/2,82.5,9.0,432(+2),[東] 高橋裕,202410020107
10,2,2,パルメリータ,牝4,54.0,佐々木大,1:48.7,1.3/4,3.3,2.0,486(0),[西] 西園正都,202410020107
11,6,7,テンナイトパール,牝8,56.0,勝浦正樹,1:48.8,1.1/4,131.7,10.0,498(0),[東] 小西一男,202410020107
1,1,1,タイキラフター,牡4,56.0,佐々木大,2:01.3,,2.6,2.0,520(+4),[東] 大竹正博,202410020108
2,5,5,アンテロース,牡4,57.0,吉田隼人,2:01.5,3/4,6.5,3.0,444(-6),[西] 岡田稲男,202410020108
3,3,3,サンズオブタイム,牡6,58.0,菱田裕二,2:01.6,3/4,24.1,6.0,502(-4),[東] 和田勇介,202410020108
4,7,8,パーリーブラック,牡4,57.0,菊沢一樹,2:01.7,3/4,64.4,9.0,472(+4),[東] 伊坂重信,202410020108
5,4,4,ダークモード,牡4,57.0,藤岡康太,2:01.7,クビ,16.4,5.0,484(-4),[西] 藤岡健一,202410020108
6,6,7,コスモエクスプレス,牡5,58.0,丹内祐次,2:01.8,1/2,2.4,1.0,490(+2),[東] 松永康利,202410020108
7,8,11,コスモダークナイト,牡5,58.0,丸山元気,2:02.0,3/4,30.4,8.0,502(0),[西] 吉田直弘,202410020108
8,2,2,コスモバラタ,牡4,57.0,幸英明,2:02.0,クビ,9.6,4.0,480(+6),[東] 武市康男,202410020108
9,6,6,デザートスター,セ5,58.0,黛弘人,2:02.3,1.1/2,67.8,10.0,460(0),[東] 武井亮,202410020108
10,7,9,ハガネ,牡4,57.0,斎藤新,2:02.8,3.1/2,120.3,11.0,460(-8),[東] 斎藤誠,202410020108
11,8,10,ダイメイセブン,牡4,53.0,河原田菜,2:02.9,1/2,27.0,7.0,518(+18),[西] 本田優,202410020108
1,4,4,シリアルノヴェル,牡4,57.0,吉田隼人,2:41.3,,7.6,3.0,480(+6),[東] 伊藤圭三,202410020109
2,3,3,ゼンノインヴォーク,牡5,58.0,北村友一,2:41.6,2,1.7,1.0,454(0),[西] 四位洋文,202410020109
3,5,5,ドーバーイーグル,牡4,57.0,丹内祐次,2:41.9,2,4.3,2.0,496(-4),[東] 奥村武,202410020109
4,2,2,リッチブラック,牡5,58.0,幸英明,2:41.9,クビ,10.3,5.0,466(-4),[西] 西村真幸,202410020109
5,8,8,マイネルジャッカル,牡6,58.0,佐々木大,2:42.2,1.3/4,9.9,4.0,486(-4),[東] 西田雄一,202410020109
6,1,1,アレナリア,牝5,56.0,藤岡康太,2:42.4,1,12.2,6.0,422(0),[西] 西園翔太,202410020109
7,7,7,ドゥヴァンスマン,牡4,57.0,富田暁,2:42.5,1,54.3,8.0,494(0),[西] 茶木太樹,202410020109
8,6,6,ギンノサジ,牝6,56.0,丸山元気,2:42.8,1.1/2,39.6,7.0,490(0),[東] 松永康利,202410020109
1,4,6,サニーオーシャン,セ6,54.0,幸英明,1:08.6,,36.2,11.0,458(0),[東] 中野栄治,202410020110
2,6,9,アップストローク,セ5,57.0,丹内祐次,1:08.7,クビ,4.1,2.0,458(-4),[東] 杉浦宏昭,202410020110
3,3,3,アスクキングコング,セ6,55.0,荻野琢真,1:08.7,クビ,16.4,6.0,454(-16),[西] 梅田智之,202410020110
4,7,12,ジョリダム,牝4,53.0,富田暁,1:08.7,アタマ,7.2,4.0,444(0),[西] 武英智,202410020110
5,4,5,ナリタローゼ,牝6,53.0,北村友一,1:08.7,アタマ,17.7,7.0,482(-4),[西] 高橋亮,202410020110
6,7,11,サトノルーチェ,牝6,54.0,藤岡佑介,1:08.8,1/2,11.3,5.0,436(-10),[西] 吉村圭司,202410020110
7,8,13,スムースベルベット,牝4,55.0,佐々木大,1:08.8,アタマ,5.3,3.0,496(+4),[東] 手塚貴久,202410020110
8,8,14,サトノグレイト,セ4,56.0,鮫島克駿,1:08.9,1/2,3.8,1.0,490(-6),[西] 中竹和也,202410020110
9,5,8,テンジュイン,牝7,53.0,藤岡康太,1:08.9,ハナ,42.5,12.0,462(0),[西] 千田輝彦,202410020110
10,1,1,スカプラリオ,牝4,53.0,小林凌大,1:09.0,クビ,48.1,13.0,460(-8),[西] 佐々木晶,202410020110
11,6,10,ベジェサ,牝5,52.0,小沢大仁,1:09.0,クビ,22.6,10.0,484(+2),[西] 飯田祐史,202410020110
12,2,2,スクルプトーリス,牝4,53.0,泉谷楓真,1:09.1,1/2,19.5,8.0,450(-10),[西] 松下武士,202410020110
13,3,4,ショウナンアメリア,牝5,54.0,吉田隼人,1:09.2,クビ,22.4,9.0,460(+2),[東] 奥村武,202410020110
14,5,7,ソールズベリー,牝5,51.0,藤懸貴志,1:10.7,9,125.1,14.0,448(-2),[東] 竹内正洋,202410020110
1,2,3,ドゥラレジリエント,牡4,57.0,鮫島克駿,1:44.3,,1.8,1.0,512(-2),[西] 牧田和弥,202410020111
2,8,15,ミヤジシャルマン,牡4,57.0,富田暁,1:44.6,1.3/4,36.4,8.0,498(-4),[西] 川村禎彦,202410020111
3,5,10,ヴィンテージボンド,牡5,58.0,幸英明,1:44.6,クビ,27.9,6.0,496(+2),[西] 西園正都,202410020111
4,3,6,アイファーテイオー,牡4,57.0,藤懸貴志,1:44.8,1,4.7,2.0,464(-6),[西] 鮫島一歩,202410020111
5,1,1,ベイパーコーン,セ5,58.0,丸山元気,1:45.0,1.1/4,73.1,12.0,466(-2),[西] 鈴木孝志,202410020111
6,5,9,ロイガヴェーグル,牡4,57.0,北村友一,1:45.0,クビ,17.7,5.0,450(-6),[西] 浜田多実,202410020111
7,4,7,オセアフラッグ,牡4,57.0,丹内祐次,1:45.1,クビ,38.1,9.0,490(+2),[東] 加藤征弘,202410020111
8,7,13,メイショウホマレ,牝5,56.0,小沢大仁,1:45.2,1/2,15.7,4.0,458(-4),[西] 松永昌博,202410020111
9,7,14,ナイトアクアリウム,牡4,57.0,長岡禎仁,1:45.3,3/4,34.8,7.0,486(+6),[西] 杉山佳明,202410020111
10,6,12,タイセイウォリアー,牡4,57.0,菱田裕二,1:45.8,3,5.5,3.0,494(-2),[西] 大橋勇樹,202410020111
11,8,16,アカノストロング,牡5,58.0,松本大輝,1:45.9,クビ,338.1,15.0,526(+14),[西] 松下武士,202410020111
12,4,8,トップスターサン,牡6,58.0,吉田隼人,1:45.9,クビ,96.6,13.0,510(-10),[西] 四位洋文,202410020111
13,1,2,パープルグローリー,牝5,56.0,秋山稔樹,1:46.0,1/2,412.2,16.0,492(0),[西] 高橋康之,202410020111
14,2,4,マルベリーシチー,牡4,57.0,斎藤新,1:46.1,1/2,65.3,11.0,474(0),[西] 橋口慎介,202410020111
15,6,11,アタカンテ,牝5,56.0,西塚洸二,1:46.6,3,240.6,14.0,492(+2),[西] 藤原英昭,202410020111
16,3,5,スマートセプター,牡5,58.0,藤岡康太,1:47.1,3,52.7,10.0,492(-2),[西] 須貝尚介,202410020111
1,8,16,リシャールケリー,牡4,58.0,藤岡康太,1:07.7,,4.6,2.0,508(-4),[西] 茶木太樹,202410020112
2,2,3,ディオアステリア,牝5,55.0,佐々木大,1:08.1,2.1/2,3.8,1.0,490(+6),[東] 小野次郎,202410020112
3,7,13,ワンリオン,牡5,57.0,秋山稔樹,1:08.5,2.1/2,113.9,16.0,492(+4),[西] 北出成人,202410020112
4,4,8,アコルダール,牝6,53.0,西塚洸二,1:08.5,ハナ,23.8,9.0,460(-4),[西] 西園翔太,202410020112
5,1,1,シュライエン,牝6,56.0,斎藤新,1:08.5,クビ,76.4,14.0,444(-2),[西] 高野友和,202410020112
6,6,12,ヴィエンヌ,牝4,56.0,菱田裕二,1:08.6,クビ,6.8,3.0,480(+2),[西] 中尾秀正,202410020112
7,2,4,ジオパーククラウン,牡4,58.0,鮫島克駿,1:08.6,クビ,12.5,6.0,446(-2),[西] 長谷川浩,202410020112
8,7,15,サンポーニャ,牝4,53.0,鷲頭虎太,1:08.7,3/4,7.1,4.0,434(0),[西] 池江泰寿,202410020112
9,8,18,ニシノトキメキ,牝4,56.0,亀田温心,1:08.7,アタマ,62.4,13.0,476(0),[西] 北出成人,202410020112
10,7,14,インクルードダイヤ,牝4,56.0,富田暁,1:08.7,ハナ,34.8,12.0,458(-2),[西] 武英智,202410020112
11,6,11,バレル,牡5,58.0,北村友一,1:08.8,クビ,9.5,5.0,476(-8),[西] 鮫島一歩,202410020112
12,8,17,トーホウジュナール,牝6,56.0,幸英明,1:08.8,クビ,22.1,8.0,470(+2),[西] 谷潔,202410020112
13,5,10,ステークホルダー,牡4,54.0,小林美駒,1:09.0,1.1/4,15.6,7.0,464(-2),[東] 斎藤誠,202410020112
14,3,5,ウインエイムハイ,牡5,58.0,丹内祐次,1:09.0,ハナ,136.3,18.0,476(0),[東] 畠山吉宏,202410020112
15,4,7,シャングリラ,牝4,56.0,吉田隼人,1:09.0,ハナ,113.1,15.0,418(-8),[西] 杉山晴紀,202410020112
16,1,2,タイキバルドル,牡4,58.0,荻野琢真,1:09.0,ハナ,31.3,11.0,478(+8),[西] 大久保龍,202410020112
17,5,9,クリノゴッホ,牡4,58.0,丸山元気,1:09.3,1.1/2,29.5,10.0,466(-2),[東] 岩戸孝樹,202410020112
18,3,6,ウインクルシャープ,牝5,56.0,長岡禎仁,1:09.7,2.1/2,127.5,17.0,472(+10),[西] 高橋亮,202410020112
1,6,10,ケイアイアルタイル,牡3,57.0,鮫島克駿,1:46.4,,2.9,1.0,516(0),[西] 梅田智之,202410020201
2,8,14,キングベルベット,牡3,57.0,丹内祐次,1:46.5,1/2,4.0,2.0,488(-2),[東] 国枝栄,202410020201
3,2,3,パッカパッカブー,牡3,56.0,佐々木大,1:47.7,7,13.6,6.0,486(+12),[西] 須貝尚介,202410020201
4,3,4,ガーデンカメリア,牝3,55.0,長岡禎仁,1:48.0,1.1/2,4.8,3.0,442(0),[西] 杉山晴紀,202410020201
5,7,12,ランドマックス,牡3,57.0,菱田裕二,1:48.0,ハナ,9.6,5.0,488(+2),[東] 本間忍,202410020201
6,6,11,メイショウムカバキ,牡3,57.0,丸山元気,1:48.3,1.1/2,26.1,8.0,512(+6),[西] 本田優,202410020201
7,5,9,ハイグッドワールド,牡3,57.0,幸英明,1:48.4,1/2,8.4,4.0,492(-16),[西] 谷潔,202410020201
8,2,2,ジョナ,牡3,57.0,吉田隼人,1:48.6,1.1/2,16.3,7.0,502(+16),[東] 伊藤圭三,202410020201
9,7,13,ウインメラナイト,牡3,57.0,菊沢一樹,1:48.7,クビ,75.9,10.0,504(+6),[西] 寺島良,202410020201
10,1,1,ジョウショータイプ,牝3,55.0,小崎綾也,1:49.0,2,258.5,14.0,470(-2),[西] 中尾秀正,202410020201
11,3,5,マシュー,牡3,54.0,佐藤翔馬,1:49.1,1/2,60.0,9.0,466(-4),[東] 小桧山悟,202410020201
12,4,7,ソルトロング,牡3,57.0,富田暁,1:49.2,クビ,133.6,12.0,474(0),[西] 木原一良,202410020201
13,5,8,センカラット,牡3,53.0,河原田菜,1:49.9,4,95.1,11.0,474(+10),[西] 渡辺薫彦,202410020201
14,8,15,アーベントイアー,牡3,57.0,勝浦正樹,1:50.3,2.1/2,319.2,15.0,488(+4),[東] 水野貴広,202410020201
15,4,6,アアル,牡3,56.0,小沢大仁,1:54.9,大,209.6,13.0,482(+12),[西] 中竹和也,202410020201
1,2,3,ホウオウドルーリー,牝3,55.0,藤岡康太,1:09.1,,4.4,2.0,454(-2),[西] 宮徹,202410020202
2,3,5,ドレッド,牡3,57.0,鮫島克駿,1:09.3,1,3.6,1.0,464(-6),[東] 栗田徹,202410020202
3,6,12,スウィートリワード,牝3,55.0,秋山真一,1:09.3,アタマ,8.9,5.0,440(-6),[西] 宮本博,202410020202
4,8,17,ゴーインマイウェイ,牡3,57.0,菊沢一樹,1:09.4,クビ,12.8,7.0,466(0),[東] 矢野英一,202410020202
5,1,2,マーメイド,牝3,52.0,永島まな,1:09.7,2,28.2,8.0,444(0),[西] 寺島良,202410020202
6,6,11,イズジョーゴモリー,牝3,53.0,藤田菜七,1:09.8,3/4,128.2,13.0,450(+2),[西] 北出成人,202410020202
7,1,1,ケイティバトラー,牡3,54.0,西塚洸二,1:09.8,ハナ,72.7,11.0,514(-12),[西] 高橋康之,202410020202
8,8,16,メイショウハッブル,牡3,57.0,幸英明,1:09.9,クビ,5.4,3.0,462(-6),[西] 石橋守,202410020202
9,5,9,ビートメイカー,牝3,55.0,丹内祐次,1:10.0,1,50.2,9.0,428(0),[東] 大竹正博,202410020202
10,4,8,スピークイージー,牡3,57.0,丸山元気,1:10.0,アタマ,9.9,6.0,470(-2),[西] 本田優,202410020202
11,7,14,バードオブハピネス,牝3,55.0,菱田裕二,1:10.0,ハナ,162.0,14.0,446(+2),[東] 本間忍,202410020202
12,3,6,ロードアルフィーネ,牡3,57.0,北村友一,1:10.1,クビ,6.2,4.0,436(+6),[西] 吉岡辰弥,202410020202
13,2,4,デルミオクオーレ,牡3,53.0,河原田菜,1:10.3,3/4,227.5,16.0,446(-2),[東] 村田一誠,202410020202
14,5,10,オジョウ,牝3,54.0,佐々木大,1:10.3,ハナ,191.1,15.0,426(-6),[西] 中尾秀正,202410020202
15,7,13,オキャン,牝3,52.0,水沼元輝,1:10.3,クビ,67.2,10.0,430(-8),[東] 加藤士津,202410020202
16,4,7,コトブキボタン,牝3,55.0,原田和真,1:10.6,1.3/4,363.3,18.0,434(+2),[東] 金成貴史,202410020202
17,7,15,メイショウバンリ,牝3,54.0,小沢大仁,1:10.9,1.3/4,99.3,12.0,458(-2),[西] 松永昌博,202410020202
18,8,18,ボールドホーク,牡3,53.0,小林美駒,1:11.7,5,298.5,17.0,436(+4),[東] 鈴木慎太,202410020202
1,6,9,マリブパイン,牝5,53.0,鷲頭虎太,0:58.4,,4.4,2.0,496(-22),[西] 大根田裕,202410020203
2,5,7,シンゼンシャイン,牡6,57.0,小沢大仁,0:58.5,1/2,18.3,7.0,506(-8),[西] 飯田祐史,202410020203
3,3,3,シルヴァーゴースト,牝4,56.0,丹内祐次,0:58.6,1/2,43.4,10.0,458(+8),[東] 岩戸孝樹,202410020203
4,1,1,サザンレイク,牝4,54.0,藤田菜七,0:58.6,ハナ,71.7,12.0,498(+4),[東] 根本康広,202410020203
5,4,6,ニルアドミラリ,セ6,58.0,丸山元気,0:58.7,クビ,39.7,9.0,558(+6),[東] 和田正一,202410020203
6,2,2,ルソレイユ,牡4,55.0,永島まな,0:58.7,ハナ,2.1,1.0,518(+14),[西] 北出成人,202410020203
7,4,5,セロンテソーロ,牝4,56.0,鮫島克駿,0:59.2,3,79.8,13.0,438(+2),[東] 加藤和宏,202410020203
8,8,14,フレンドパル,牝6,52.0,小林美駒,0:59.2,ハナ,13.0,5.0,462(+2),[東] 深山雅史,202410020203
9,6,10,ディアドコス,牡4,57.0,松本大輝,0:59.3,アタマ,12.3,4.0,498(+4),[西] 羽月友彦,202410020203
10,5,8,シルバーキングダム,牡5,56.0,小林凌大,0:59.3,1/2,20.3,8.0,498(-2),[東] 西田雄一,202410020203
11,3,4,ワタシダケドナニカ,牡4,57.0,佐々木大,0:59.4,クビ,55.1,11.0,506(-4),[東] 本間忍,202410020203
12,7,12,カップッチョ,牡7,58.0,黛弘人,0:59.5,1/2,17.2,6.0,496(+2),[東] 石毛善彦,202410020203
13,7,11,サニーサフラン,牡4,55.0,西塚洸二,0:59.5,アタマ,7.2,3.0,512(-4),[東] 中野栄治,202410020203
14,8,13,インゴットバード,牡6,58.0,藤岡康太,1:01.1,10,96.8,14.0,502(+12),[西] 牧田和弥,202410020203
1,1,1,ルリアン,牡7,60.0,小牧加矢,3:10.8,,5.7,2.0,526(-10),[西] 佐々木晶,202410020204
2,8,12,トラファルガー,セ4,59.0,大庭和弥,3:11.4,3.1/2,134.7,12.0,504(+10),[東] 加藤和宏,202410020204
3,7,10,スマイルスルー,牡4,59.0,森一馬,3:11.9,3,1.3,1.0,512(+2),[西] 斉藤崇史,202410020204
4,4,4,サクセスエース,牡6,60.0,井上敏樹,3:12.1,1,41.5,9.0,500(+10),[東] 竹内正洋,202410020204
5,2,2,アルカンサス,牡5,57.0,水沼元輝,3:12.8,4,24.6,6.0,472(-2),[東] 土田稔,202410020204
6,3,3,テンメジャーガール,牝5,58.0,小野寺祐,3:13.9,7,23.7,5.0,498(-4),[西] 高柳大輔,202410020204
7,6,8,スズカワールド,牡5,60.0,中村将之,3:14.5,3.1/2,12.8,3.0,518(-6),[西] 大橋勇樹,202410020204
8,5,5,カイザーレオン,牡5,60.0,草野太郎,3:16.9,大,35.1,8.0,474(+4),[東] 伊坂重信,202410020204
9,6,7,アズマサクラエモン,牡4,59.0,黒岩悠,3:17.7,5,93.2,10.0,522(-4),[西] 加用正,202410020204
10,5,6,ヴィナクローナ,牡4,59.0,大江原圭,3:17.8,1/2,13.2,4.0,482(+12),[東] 武市康男,202410020204
11,7,9,ライアン,牡5,60.0,伴啓太,3:20.2,大,30.2,7.0,502(-8),[東] 小桧山悟,202410020204
12,8,11,タリスアマゾン,牡4,59.0,五十嵐雄,3:20.5,2,130.9,11.0,462(+6),[東] 中舘英二,202410020204
1,8,10,ゴールドブレス,牡3,57.0,藤岡康太,2:04.4,,2.4,1.0,438(+6),[西] 西園翔太,202410020205
2,5,5,ブラックルチル,牡3,57.0,鮫島克駿,2:04.4,クビ,3.8,2.0,484(-8),[西] 池江泰寿,202410020205
3,1,1,ホウオウリムジン,牡3,57.0,北村友一,2:04.5,3/4,5.5,4.0,454(-6),[西] 安田翔伍,202410020205
4,6,6,ダンツトレント,牡3,57.0,丸山元気,2:04.6,1/2,28.5,6.0,490(0),[西] 本田優,202410020205
5,3,3,ホワイトシップ,セ3,55.0,藤田菜七,2:04.9,1.1/2,87.6,9.0,420(-6),[東] 武井亮,202410020205
6,4,4,グレースアイリス,牝3,52.0,永島まな,2:05.0,1,49.0,8.0,420(+2),[東] 相沢郁,202410020205
7,7,7,タガノディオーサ,牝3,54.0,角田大和,2:05.0,アタマ,14.2,5.0,452(-2),[西] 長谷川浩,202410020205
8,8,9,サンデーダイヤ,牡3,57.0,斎藤新,2:05.1,1/2,42.3,7.0,484(-8),[東] 斎藤誠,202410020205
9,7,8,レディアマゾネス,牝3,54.0,佐々木大,2:05.2,1/2,4.2,3.0,444(+6),[東] 尾形和幸,202410020205
10,2,2,ルクスクロワール,牡3,54.0,西塚洸二,2:05.5,1.1/2,174.2,10.0,452(-8),[西] 新谷功一,202410020205
1,5,10,セイウンティーダ,牝3,54.0,佐々木大,1:08.9,,22.3,9.0,424(0),[東] 松山将樹,202410020206
2,8,17,サンドロナイト,牝3,53.0,鮫島克駿,1:09.2,2,2.6,1.0,454(-6),[西] 茶木太樹,202410020206
3,4,8,プレイソフトリー,牡3,57.0,藤岡康太,1:09.4,1.1/4,6.8,3.0,480(-6),[西] 藤岡健一,202410020206
4,1,2,コスモララバイ,牝3,53.0,藤田菜七,1:09.6,3/4,3.8,2.0,400(0),[西] 吉田直弘,202410020206
5,2,3,ムーンセット,牝3,52.0,永島まな,1:09.7,1,29.6,11.0,442(-2),[西] 小栗実,202410020206
6,1,1,モノノフノミチ,牡3,57.0,黛弘人,1:09.8,1/2,192.9,16.0,460(-8),[東] 蛯名利弘,202410020206
7,4,7,ミスサン,牝3,51.0,小林美駒,1:09.8,クビ,19.6,7.0,438(+2),[東] 伊藤伸一,202410020206
8,6,11,レギウス,牡3,54.0,鷲頭虎太,1:09.9,クビ,14.8,5.0,462(0),[東] 高橋裕,202410020206
9,7,14,リオサラ,牝3,52.0,西塚洸二,1:10.0,1/2,21.3,8.0,484(+12),[西] 牧浦充徳,202410020206
10,8,18,オーヴァーザトップ,牡3,57.0,勝浦正樹,1:10.1,1,11.7,4.0,472(-4),[東] 伊藤伸一,202410020206
11,5,9,ザハーフェル,牝3,52.0,川端海翼,1:10.2,1/2,372.9,18.0,460(-2),[西] 宮本博,202410020206
12,8,16,タイプフェイス,牝3,55.0,菊沢一樹,1:10.3,アタマ,91.0,12.0,432(+2),[東] 小手川準,202410020206
13,2,4,エマニエル,牡3,57.0,幸英明,1:10.3,ハナ,26.7,10.0,472(0),[西] 大久保龍,202410020206
14,7,13,マイネルズコット,牡3,53.0,河原田菜,1:10.6,1.3/4,18.6,6.0,536(0),[西] 吉田直弘,202410020206
15,6,12,ポルカドットタイ,牡3,57.0,富田暁,1:11.0,2.1/2,95.9,13.0,472(-16),[西] 小林真也,202410020206
16,3,5,ニシノプリモ,牝3,52.0,水沼元輝,1:11.1,1.1/4,302.7,17.0,390(-8),[東] 加藤和宏,202410020206
17,7,15,サノノスピード,牡3,57.0,丹内祐次,1:11.3,1.1/4,108.1,14.0,490(+18),[東] 尾形和幸,202410020206
18,3,6,ウヌボレヤサン,牡3,57.0,菱田裕二,1:11.7,2,118.9,15.0,428(+12),[東] 本間忍,202410020206
1,6,8,アストロフィライト,牝5,56.0,藤岡佑介,1:49.1,,3.5,2.0,462(+8),[西] 中内田充,202410020207
2,7,10,ユイ,牝5,55.0,小沢大仁,1:49.3,1,30.5,9.0,450(-2),[西] 高橋康之,202410020207
3,5,6,ポルテーニャ,牝5,55.0,佐々木大,1:49.4,1/2,20.0,7.0,452(+6),[西] 西村真幸,202410020207
4,7,11,プウスカンドゥール,牝4,55.0,吉田隼人,1:49.4,アタマ,5.9,4.0,442(-10),[西] 坂口智康,202410020207
5,4,5,テンクウハット,牝4,55.0,太宰啓介,1:49.4,クビ,12.6,5.0,462(-2),[西] 渡辺薫彦,202410020207
6,6,9,キヨラ,牝6,56.0,菊沢一樹,1:49.6,1.1/4,5.6,3.0,478(-2),[東] 堀内岳志,202410020207
7,3,3,パルクリチュード,牝4,55.0,鮫島克駿,1:49.6,アタマ,3.1,1.0,446(+16),[西] 松永幹夫,202410020207
8,8,13,サトノヴィーナス,牝7,53.0,永島まな,1:49.9,1.1/2,24.0,8.0,480(-10),[西] 平田修,202410020207
9,2,2,シルバーダイヤ,牝4,52.0,佐藤翔馬,1:49.9,クビ,255.2,13.0,458(-2),[東] 小野次郎,202410020207
10,4,4,タケトンボ,牝5,53.0,西塚洸二,1:50.3,2,16.6,6.0,444(-6),[西] 飯田雄三,202410020207
11,5,7,クリノリアルレディ,牝4,51.0,小林美駒,1:50.3,クビ,120.8,12.0,482(-4),[東] 伊藤伸一,202410020207
12,8,12,サルサロッサ,牝5,55.0,角田大和,1:51.0,4,84.2,11.0,456(0),[東] 高柳瑞樹,202410020207
13,1,1,イノセンス,牝4,55.0,丹内祐次,1:51.1,クビ,78.3,10.0,472(-2),[東] 高木登,202410020207
1,6,7,ダノンボレロ,牡4,56.0,佐々木大,1:45.3,,1.5,1.0,554(-2),[東] 堀宣行,202410020208
2,6,6,ミユキザストロング,牡5,56.0,小林凌大,1:46.2,5,39.4,8.0,548(-2),[東] 小西一男,202410020208
3,8,10,クールジャーマン,牡4,56.0,松本大輝,1:46.5,1.3/4,20.3,6.0,476(-4),[西] 松下武士,202410020208
4,2,2,スマートハンター,牡4,56.0,小沢大仁,1:46.5,アタマ,14.4,4.0,514(+2),[西] 中村直也,202410020208
5,7,9,レッドアウレア,セ6,55.0,水沼元輝,1:46.5,クビ,102.0,10.0,502(+2),[東] 尾関知人,202410020208
6,7,8,バンボーレ,牝6,52.0,河原田菜,1:47.1,3.1/2,24.6,7.0,456(-4),[西] 飯田祐史,202410020208
7,4,4,スカパラダイス,牡4,54.0,永島まな,1:47.2,1/2,6.1,2.0,464(0),[西] 寺島良,202410020208
8,8,11,サンライズスコール,牡5,58.0,斎藤新,1:47.5,2,6.3,3.0,466(0),[西] 石坂公一,202410020208
9,1,1,ウィービースティ,牡4,56.0,角田大和,1:48.3,5,137.0,11.0,506(+4),[西] 北出成人,202410020208
10,3,3,マカンマカン,牡5,55.0,西塚洸二,1:48.4,1/2,48.4,9.0,470(+8),[西] 音無秀孝,202410020208
中,5,5,インテンソ,牡4,54.0,川端海翼,,,18.7,5.0,492(+2),[西] 松永幹夫,202410020208
1,4,4,サトノシュトラーセ,牡3,57.0,藤岡康太,2:02.2,,1.7,1.0,506(-6),[西] 友道康夫,202410020209
2,7,7,ガイアメンテ,牡3,57.0,佐々木大,2:02.2,アタマ,5.8,3.0,492(+4),[西] 須貝尚介,202410020209
3,3,3,オールナット,牡3,57.0,北村友一,2:02.3,1/2,4.1,2.0,522(+6),[西] 高野友和,202410020209
4,2,2,ヴァンヴィーヴ,牡3,57.0,菱田裕二,2:02.3,クビ,20.1,7.0,496(+4),[西] 牧浦充徳,202410020209
5,5,5,スノーブリザード,牡3,57.0,鮫島良太,2:02.6,1.1/2,206.3,10.0,496(+8),[西] 畑端省吾,202410020209
6,7,8,マイネルブリックス,牡3,57.0,鮫島克駿,2:02.8,1.1/4,18.9,6.0,442(-2),[東] 黒岩陽一,202410020209
7,8,9,ヴィクトリアドール,牝3,55.0,幸英明,2:02.9,1/2,71.1,9.0,506(-4),[西] 奥村豊,202410020209
8,1,1,ミッドナイトホーク,牡3,57.0,富田暁,2:03.0,3/4,16.7,5.0,474(+2),[西] 四位洋文,202410020209
9,8,10,コスモヴィーコ,牡3,57.0,吉田隼人,2:03.3,1.3/4,53.7,8.0,482(+6),[東] 黒岩陽一,202410020209
10,6,6,マイネルレグルス,牡3,57.0,丹内祐次,2:04.1,5,14.4,4.0,478(-6),[東] 手塚貴久,202410020209
1,3,3,アルジーヌ,牝4,55.0,藤岡佑介,1:48.1,,2.5,1.0,450(-2),[西] 中内田充,202410020210
2,7,11,エクロール,牝5,56.0,佐々木大,1:48.3,3/4,45.9,11.0,436(+2),[西] 長谷川浩,202410020210
3,5,6,アグラシアド,牝4,55.0,鮫島克駿,1:48.4,1,5.0,2.0,480(+12),[西] 中村直也,202410020210
4,4,4,アトミックフレア,牝6,56.0,泉谷楓真,1:48.5,3/4,31.5,10.0,448(0),[西] 渡辺薫彦,202410020210
5,1,1,ウインミニヨン,牝6,56.0,菱田裕二,1:48.6,1/2,24.8,8.0,424(-10),[西] 長谷川浩,202410020210
6,5,7,ピンクジン,牝4,55.0,黛弘人,1:48.6,ハナ,18.3,7.0,440(0),[東] 南田美知,202410020210
7,6,9,コイニョウボウ,牝4,55.0,永島まな,1:48.7,クビ,6.4,3.0,420(+4),[西] 中尾秀正,202410020210
8,2,2,フォレスタ,牝6,56.0,丹内祐次,1:48.7,ハナ,13.1,6.0,426(+2),[東] 嘉藤貴行,202410020210
9,6,8,ヴィゴラスダンサー,牝5,56.0,藤岡康太,1:49.2,2.1/2,29.9,9.0,446(0),[西] 友道康夫,202410020210
10,7,10,ワレハウミノコ,牝4,55.0,富田暁,1:49.3,1/2,8.4,4.0,446(-4),[西] 武英智,202410020210
11,4,5,ハッピーオーサム,牝6,56.0,西塚洸二,1:49.7,2.1/2,80.8,12.0,502(-4),[西] 藤原英昭,202410020210
12,8,13,レミージュ,牝4,55.0,荻野極,1:50.0,2,9.4,5.0,440(-6),[西] 松永幹夫,202410020210
13,8,12,トップキャスト,牝5,56.0,丸山元気,1:53.5,大,138.2,13.0,450(-2),[西] 高橋康之,202410020210
1,7,13,ヨシノイースター,牡6,57.0,丸山元気,1:08.0,,10.9,5.0,486(-2),[西] 中尾秀正,202410020211
2,7,15,ゾンニッヒ,牡6,58.0,鮫島克駿,1:08.2,3/4,3.4,1.0,472(-14),[西] 池江泰寿,202410020211
3,2,3,ブトンドール,牝4,55.0,斎藤新,1:08.2,クビ,27.5,10.0,492(-2),[西] 池添学,202410020211
4,8,17,バルサムノート,牡4,57.0,北村友一,1:08.2,クビ,6.3,3.0,498(-2),[西] 高野友和,202410020211
5,1,1,アビッグチア,牝6,55.0,藤岡佑介,1:08.2,ハナ,38.7,12.0,520(+2),[東] 水野貴広,202410020211
5,8,16,マイネルジェロディ,牡6,57.0,佐々木大,1:08.2,同着,43.5,13.0,478(+4),[西] 西園正都,202410020211
7,5,10,タマモブラックタイ,牡4,58.0,角田大和,1:08.3,1/2,7.3,4.0,520(+8),[西] 角田晃一,202410020211
8,5,9,ジレトール,牡5,57.0,小沢大仁,1:08.4,クビ,28.7,11.0,480(-8),[西] 松永幹夫,202410020211
9,6,11,ヤクシマ,牡4,57.0,秋山真一,1:08.4,アタマ,15.7,6.0,524(0),[西] 寺島良,202410020211
10,4,8,ファロロジー,牝5,55.0,泉谷楓真,1:08.4,アタマ,20.4,8.0,476(-2),[東] 高橋裕,202410020211
11,8,18,バンデルオーラ,牡5,57.0,幸英明,1:08.5,1/2,20.6,9.0,474(-4),[西] 牧浦充徳,202410020211
12,6,12,サトノアイ,牝6,55.0,富田暁,1:08.6,1/2,105.7,15.0,456(0),[西] 須貝尚介,202410020211
13,3,5,ハリーバローズ,牡7,57.0,丹内祐次,1:08.6,クビ,50.7,14.0,494(-8),[西] 上村洋行,202410020211
14,7,14,カリボール,牡8,57.0,小崎綾也,1:08.7,1/2,168.6,16.0,494(+2),[西] 西村真幸,202410020211
15,2,4,ロンドンプラン,牡4,57.0,吉田隼人,1:08.8,クビ,16.0,7.0,512(-10),[西] 宮本博,202410020211
16,1,2,イーサンパンサー,牡8,57.0,小林美駒,1:08.8,ハナ,292.5,18.0,490(+4),[東] 中野栄治,202410020211
17,4,7,メイショウゲンセン,牝7,56.0,藤岡康太,1:09.3,3,5.3,2.0,438(-2),[西] 武幸四郎,202410020211
18,3,6,マウンテンムスメ,牝6,55.0,菱田裕二,1:09.7,2.1/2,193.1,17.0,470(-4),[東] 中野栄治,202410020211
1,8,13,サパテアール,セ5,57.0,佐々木大,1:44.7,,6.5,3.0,520(-8),[東] 畠山吉宏,202410020212
2,4,5,サンライズパスカル,牡4,57.0,藤岡康太,1:44.8,1/2,2.6,1.0,536(-6),[西] 石坂公一,202410020212
3,7,11,ヤマニンクイッカー,牡5,58.0,丹内祐次,1:45.2,2.1/2,4.2,2.0,458(-2),[東] 田島俊明,202410020212
4,1,1,ダノンフューチャー,牡5,58.0,菊沢一樹,1:45.9,4,11.8,6.0,518(-4),[西] 寺島良,202410020212
5,2,2,ベイビールビオ,牡5,55.0,鷲頭虎太,1:46.0,1/2,23.7,8.0,506(-4),[東] 田村康仁,202410020212
6,6,8,ヒルノピレネー,牡4,54.0,永島まな,1:46.1,1,39.7,10.0,454(0),[西] 北出成人,202410020212
7,4,4,ニシノシークレット,牡4,57.0,勝浦正樹,1:46.2,クビ,80.8,12.0,486(-8),[東] 村田一誠,202410020212
8,6,9,サンライズフォルス,牡4,57.0,藤懸貴志,1:46.3,3/4,9.5,4.0,506(-2),[西] 羽月友彦,202410020212
9,8,12,オブシディアン,牡4,57.0,富田暁,1:46.9,3.1/2,30.7,9.0,534(+2),[東] 武藤善則,202410020212
10,7,10,ウォーターハウス,牡4,57.0,鮫島克駿,1:47.1,1.1/4,9.7,5.0,486(-4),[西] 高野友和,202410020212
11,3,3,ブルーグロット,牡5,58.0,黛弘人,1:47.2,1/2,128.1,13.0,526(-8),[東] 伊藤伸一,202410020212
12,5,6,トリオンファーレ,セ4,57.0,斎藤新,1:47.2,アタマ,17.7,7.0,472(0),[東] 斎藤誠,202410020212
13,5,7,ボールドトップ,牡4,53.0,小林美駒,1:47.5,1.1/2,72.8,11.0,462(-2),[東] 鈴木慎太,202410020212
1,1,1,ベルメサイア,牝3,54.0,佐々木大,1:47.6,,2.4,1.0,486(+2),[西] 西村真幸,202410020301
2,6,12,オテンバムスメ,牝3,52.0,永島まな,1:47.8,3/4,9.2,4.0,434(+4),[西] 北出成人,202410020301
3,2,4,サンセットブライト,牝3,54.0,横山琉人,1:48.1,1.3/4,71.5,8.0,494(-4),[東] 相沢郁,202410020301
4,1,2,アオイサクラ,牝3,53.0,小林凌大,1:49.0,5,124.1,12.0,430(-2),[東] 小島茂之,202410020301
5,4,8,ミランカ,牝3,52.0,川端海翼,1:49.0,クビ,19.4,5.0,446(-4),[西] 中尾秀正,202410020301
6,7,14,ローマンレイク,牝3,55.0,藤岡康太,1:49.2,3/4,6.3,3.0,414(-18),[西] 松永幹夫,202410020301
7,6,11,スナークサファイア,牝3,55.0,丹内祐次,1:49.2,ハナ,21.6,6.0,470(-8),[西] 川村禎彦,202410020301
8,4,7,マックスセレナーデ,牝3,55.0,幸英明,1:49.6,2.1/2,2.5,2.0,512(+6),[西] 橋口慎介,202410020301
9,3,5,バタフライロック,牝3,53.0,西塚洸二,1:49.9,2,91.5,10.0,454(-8),[西] 新谷功一,202410020301
10,8,16,ライトピラー,牝3,51.0,小林美駒,1:50.1,3/4,37.2,7.0,498(+2),[東] 村田一誠,202410020301
11,8,15,グッドレイン,牝3,52.0,鷲頭虎太,1:50.1,ハナ,409.6,16.0,448(-2),[西] 緒方努,202410020301
12,7,13,キャラメルショコラ,牝3,55.0,嶋田純次,1:50.4,2,90.6,9.0,500(+6),[東] 手塚貴久,202410020301
13,2,3,マサノナデシコ,牝3,55.0,斎藤新,1:50.6,1.1/4,100.9,11.0,414(0),[西] 高橋康之,202410020301
14,5,9,メイケイアリッサム,牝3,51.0,河原田菜,1:50.7,1/2,221.5,14.0,438(-6),[西] 中竹和也,202410020301
15,5,10,ラストヒロイン,牝3,55.0,黛弘人,1:51.5,5,321.2,15.0,450(0),[東] 武井亮,202410020301
16,3,6,サクラヒメ,牝3,52.0,石田拓郎,1:54.4,大,174.4,13.0,430(+6),[東] 新開幸一,202410020301
1,2,4,ウインラグラス,牝3,52.0,永島まな,1:09.1,,8.4,5.0,408(-4),[西] 吉田直弘,202410020302
2,2,3,フェアアイル,牝3,55.0,斎藤新,1:09.3,1.1/2,65.5,11.0,400(+2),[西] 音無秀孝,202410020302
3,6,11,レオナルドスター,牡3,57.0,藤岡佑介,1:09.4,クビ,3.4,1.0,462(-2),[西] 長谷川浩,202410020302
4,7,15,シュトローム,牡3,57.0,幸英明,1:09.5,3/4,4.7,2.0,446(-4),[西] 石橋守,202410020302
5,8,17,ニシノアヤカゼ,牝3,51.0,小林美駒,1:09.6,3/4,5.1,3.0,460(-2),[東] 鈴木伸尋,202410020302
6,3,5,ブーケドボワ,牝3,55.0,吉田隼人,1:09.6,クビ,33.8,9.0,454(-10),[西] 坂口智康,202410020302
7,5,10,シャッフルガール,牝3,54.0,横山琉人,1:09.9,1.1/2,39.5,10.0,450(-10),[西] 森田直行,202410020302
8,8,16,アングリフ,牡3,57.0,丹内祐次,1:09.9,1/2,18.1,7.0,472(-6),[西] 西園翔太,202410020302
9,8,18,メイショウテンヨウ,牝3,55.0,国分恭介,1:10.0,1/2,121.2,13.0,442(-2),[西] 牧浦充徳,202410020302
10,6,12,レディーズナイト,牝3,55.0,藤懸貴志,1:10.1,1/2,7.1,4.0,464(+2),[西] 鮫島一歩,202410020302
11,1,1,プレザントウインド,牝3,55.0,小崎綾也,1:10.1,クビ,308.4,18.0,394(+2),[西] 小崎憲,202410020302
12,4,8,ニシノミニョンヌ,牝3,51.0,河原田菜,1:10.2,クビ,12.8,6.0,398(-6),[西] 宮本博,202410020302
13,1,2,ドルフィンスクエア,牝3,54.0,佐々木大,1:10.3,1,20.3,8.0,450(-4),[西] 清水久詞,202410020302
14,3,6,ドラムライム,セ3,57.0,藤岡康太,1:10.4,クビ,118.6,12.0,526(+14),[西] 武幸四郎,202410020302
15,4,7,シアワセレシピ,牝3,55.0,勝浦正樹,1:10.4,ハナ,129.8,14.0,390(-10),[東] 粕谷昌央,202410020302
16,5,9,リエラ,牝3,52.0,鷲頭虎太,1:10.5,1,220.2,16.0,398(+6),[東] 伊坂重信,202410020302
17,7,14,ショウナンサーガ,牝3,55.0,菊沢一樹,1:10.6,クビ,276.4,17.0,428(+2),[東] 戸田博文,202410020302
18,7,13,マイラッキーデイ,牡3,57.0,荻野極,1:12.2,10,200.7,15.0,484(+6),[西] 森田直行,202410020302
1,5,7,レアグリフォン,牡3,56.0,秋山稔樹,0:58.9,,7.6,5.0,464(+4),[東] 稲垣幸雄,202410020303
2,3,3,スパークルジョイ,牝3,55.0,斎藤新,0:59.4,3,18.7,7.0,440(0),[西] 鮫島一歩,202410020303
3,5,8,ガラスノブルース,牡3,54.0,鷲頭虎太,0:59.5,クビ,6.9,4.0,442(+12),[東] 田村康仁,202410020303
4,4,6,エブリモーメント,牡3,57.0,勝浦正樹,0:59.6,1/2,20.7,9.0,486(-10),[西] 牧田和弥,202410020303
5,6,9,テイエムタリスマ,牡3,57.0,富田暁,0:59.7,3/4,3.7,2.0,462(-2),[西] 木原一良,202410020303
6,4,5,ミスエル,牡3,57.0,菊沢一樹,0:59.9,3/4,20.0,8.0,470(+2),[東] 菊沢隆徳,202410020303
7,2,2,ドンアポロン,牡3,57.0,幸英明,1:00.3,2.1/2,5.6,3.0,464(+6),[西] 西園正都,202410020303
8,7,11,リナリア,牝3,53.0,小林凌大,1:00.8,3,81.2,11.0,434(+4),[東] 伊坂重信,202410020303
9,7,12,アプラド,牝3,52.0,永島まな,1:00.8,クビ,3.5,1.0,458(+10),[西] 新谷功一,202410020303
10,1,1,サンリコリス,牝3,52.0,石田拓郎,1:01.5,4,78.2,10.0,426(-16),[東] 萱野浩二,202410020303
11,3,4,クリノカグヤ,牝3,53.0,西塚洸二,1:01.8,2,413.7,14.0,428(-6),[西] 坂口智康,202410020303
12,8,13,ポッドジャスパー,牡3,54.0,佐藤翔馬,1:01.9,1/2,261.2,13.0,460(-4),[西] 西園翔太,202410020303
13,6,10,クリーゲリン,牝3,54.0,佐々木大,1:02.0,1/2,16.5,6.0,444(+6),[東] 和田正一,202410020303
14,8,14,アイビーイダテン,セ3,53.0,河原田菜,1:02.5,3,115.3,12.0,432(+2),[東] 青木孝文,202410020303
1,6,8,オールザワールド,牡7,60.0,森一馬,3:45.7,,5.1,4.0,478(-6),[西] 中竹和也,202410020304
2,1,1,スワヤンブナート,セ5,60.0,五十嵐雄,3:46.1,2.1/2,3.5,1.0,516(-4),[西] 坂口智康,202410020304
3,7,11,ヴァリアメンテ,牡6,60.0,西谷誠,3:46.4,1.1/2,3.5,2.0,478(+2),[西] 中内田充,202410020304
4,3,3,プラチナドリーム,牡5,60.0,黒岩悠,3:47.1,4,74.2,9.0,468(-12),[西] 平田修,202410020304
5,8,12,グレートバローズ,牡7,62.0,高田潤,3:47.6,2.1/2,4.6,3.0,492(+2),[西] 辻野泰之,202410020304
6,4,5,テイエムタツマキ,牡6,60.0,田村太雅,3:47.6,ハナ,118.9,11.0,488(-6),[西] 武英智,202410020304
7,5,6,シングンジョーイ,牡6,57.0,水沼元輝,3:48.1,3.1/2,163.0,12.0,458(+4),[東] 伊坂重信,202410020304
8,8,13,メリディアンローグ,牡7,60.0,大江原圭,3:48.7,3.1/2,11.0,5.0,496(0),[東] 蛯名正義,202410020304
9,4,4,ジャディード,牡9,60.0,石神深一,3:49.2,3,83.4,10.0,462(-4),[東] 小島茂之,202410020304
10,6,9,ホッコーハナミチ,セ6,60.0,小牧加矢,3:49.3,1/2,30.3,8.0,476(0),[西] 長谷川浩,202410020304
11,7,10,フロールシュタット,牡5,60.0,草野太郎,3:49.4,1/2,15.4,6.0,478(0),[東] 戸田博文,202410020304
12,5,7,スーパーフェイバー,牡6,60.0,小野寺祐,3:49.7,2,25.8,7.0,504(-4),[西] 西園翔太,202410020304
13,2,2,デストロイ,セ10,60.0,伴啓太,3:52.6,大,207.6,13.0,498(-2),[東] 土田稔,202410020304
1,7,9,クラップサンダー,牡5,60.0,黒岩悠,3:11.0,,1.7,1.0,464(-2),[西] 牧田和弥,202410020305
2,1,1,ヴァレッタカズマ,牡5,60.0,森一馬,3:12.3,8,4.1,2.0,498(-6),[西] 安田隆行,202410020305
3,5,6,ケンアンビシャス,牡6,60.0,五十嵐雄,3:12.7,2,6.5,3.0,478(-6),[東] 久保田貴,202410020305
4,5,5,エナジーポコアポコ,牡4,59.0,中村将之,3:13.4,4,38.1,6.0,466(+6),[西] 高柳大輔,202410020305
5,2,2,ダノンクロム,牡4,57.0,水沼元輝,3:13.6,1.1/2,45.0,7.0,512(-2),[西] 音無秀孝,202410020305
6,4,4,ヘイセイメジャー,牡7,60.0,小野寺祐,3:13.8,1,9.5,4.0,494(-4),[西] 木原一良,202410020305
7,8,11,ユーカリグニー,牡4,57.0,鷲頭虎太,3:15.7,大,87.9,9.0,494(-2),[西] 大根田裕,202410020305
8,7,10,ワンダーサーイター,牡7,60.0,草野太郎,3:16.5,5,50.4,8.0,460(0),[東] 畠山吉宏,202410020305
9,3,3,トーカイキング,牡6,60.0,大庭和弥,3:18.0,9,107.1,11.0,468(0),[東] 南田美知,202410020305
10,6,8,トーセンウォルト,牡4,59.0,伴啓太,3:19.3,8,182.3,12.0,482(+2),[東] 小桧山悟,202410020305
11,6,7,ゴライコウ,牡4,59.0,小牧加矢,3:19.3,クビ,17.7,5.0,542(+14),[西] 新谷功一,202410020305
12,8,12,ココロノエンジェル,牝6,58.0,石神深一,3:26.2,大,90.5,10.0,450(-4),[東] 石栗龍彦,202410020305
1,6,11,アリストクラシア,牝3,55.0,吉田隼人,2:01.1,,8.9,4.0,466(+4),[西] 吉岡辰弥,202410020306
2,2,3,キットハナガサク,牝3,55.0,藤岡康太,2:01.3,3/4,3.6,1.0,450(0),[東] 武井亮,202410020306
3,3,6,ルージュピルエット,牝3,55.0,荻野極,2:01.3,ハナ,3.9,2.0,472(-6),[西] 大久保龍,202410020306
4,5,10,パステルツェ,牝3,55.0,北村友一,2:01.3,クビ,10.6,6.0,440(0),[西] 清水久詞,202410020306
5,1,2,バーキン,牝3,55.0,国分恭介,2:01.4,3/4,7.4,3.0,464(-10),[西] 西園翔太,202410020306
6,7,13,マベルシュシュット,牝3,52.0,永島まな,2:01.6,1.1/4,14.5,7.0,458(-2),[西] 今野貞一,202410020306
7,8,15,ダークファンタジー,牝3,54.0,佐々木大,2:01.7,クビ,9.9,5.0,410(0),[西] 須貝尚介,202410020306
8,7,14,ウーバークイーン,牝3,54.0,横山琉人,2:01.7,ハナ,15.7,8.0,482(0),[東] 相沢郁,202410020306
9,1,1,モカラルビー,牝3,55.0,幸英明,2:01.7,アタマ,45.2,11.0,404(+4),[西] 四位洋文,202410020306
10,6,12,セントオブシン,牝3,55.0,丹内祐次,2:01.7,アタマ,33.7,10.0,432(-2),[西] 高野友和,202410020306
11,5,9,ナイトプラネット,牝3,55.0,黛弘人,2:01.8,1/2,412.1,16.0,444(0),[東] 青木孝文,202410020306
12,8,17,ワイドセレブ,牝3,55.0,富田暁,2:02.2,2.1/2,380.0,15.0,442(-16),[西] 笹田和秀,202410020306
13,2,4,シナモンデイジー,牝3,54.0,秋山稔樹,2:03.0,5,48.5,12.0,464(-8),[東] 菊川正達,202410020306
14,4,7,アストロラヴ,牝3,51.0,小林美駒,2:03.2,1.1/4,17.0,9.0,442(-2),[東] 村田一誠,202410020306
15,3,5,ビーチピーチピール,牝3,52.0,鷲頭虎太,2:03.2,ハナ,420.2,17.0,464(-9),[西] 大根田裕,202410020306
16,8,16,ファミリー,牝3,51.0,河原田菜,2:05.8,大,273.2,13.0,420(-14),[西] 渡辺薫彦,202410020306
17,4,8,リケアブロンシュ,牝3,52.0,石田拓郎,2:05.9,1/2,304.8,14.0,452(-2),[東] 新開幸一,202410020306
1,7,11,バックトゥザライト,牡4,55.0,西塚洸二,1:46.6,,3.0,1.0,514(-6),[西] 辻野泰之,202410020307
2,2,2,アイファーファイト,牡5,58.0,藤懸貴志,1:46.6,クビ,8.7,5.0,434(-2),[西] 鮫島一歩,202410020307
3,8,13,リーゼノアール,牡4,56.0,佐々木大,1:46.8,1.1/4,15.2,7.0,502(+4),[東] 国枝栄,202410020307
4,7,10,ファルコンミノル,牡4,57.0,吉田隼人,1:47.0,3/4,5.8,3.0,446(+4),[東] 中舘英二,202410020307
5,5,6,ニシノシークレット,牡4,57.0,勝浦正樹,1:47.2,1.1/4,18.4,8.0,494(+8),[東] 村田一誠,202410020307
6,4,4,チョッピー,牝5,53.0,永島まな,1:47.3,クビ,8.6,4.0,466(-2),[西] 北出成人,202410020307
7,1,1,フロスティクォーツ,牡6,58.0,丸山元気,1:47.4,1,72.9,11.0,484(+10),[東] 加藤和宏,202410020307
8,8,12,ロードマゼラン,牡5,58.0,丹内祐次,1:47.6,1.1/4,4.2,2.0,512(-6),[西] 奥村豊,202410020307
9,5,7,ヤマカツレオン,セ7,58.0,和田翼,1:47.7,クビ,41.6,9.0,506(-4),[西] 谷潔,202410020307
10,6,8,リゼレインボー,牡5,58.0,菊沢一樹,1:47.9,1.1/4,10.2,6.0,488(0),[東] 松山将樹,202410020307
11,6,9,ボールドトップ,牡4,53.0,小林美駒,1:48.2,1.3/4,50.7,10.0,458(-4),[東] 鈴木慎太,202410020307
12,4,5,シンゼンハット,牡5,57.0,角田大和,1:48.5,2,115.6,12.0,458(-8),[西] 飯田祐史,202410020307
13,3,3,ロザシアニン,牝5,53.0,佐藤翔馬,1:49.9,8,247.9,13.0,470(0),[東] 小桧山悟,202410020307
1,6,8,ポルカリズム,牝4,55.0,藤岡佑介,1:48.1,,2.6,1.0,484(+14),[西] 中内田充,202410020308
2,8,11,ドラゴンヘッド,牡4,57.0,藤岡康太,1:48.1,アタマ,10.8,4.0,456(+2),[東] 武藤善則,202410020308
3,2,2,イッツオンリーユー,牝4,55.0,北村友一,1:48.2,1/2,12.1,6.0,472(-2),[東] 手塚貴久,202410020308
4,1,1,エピメテウス,牡4,56.0,佐々木大,1:48.4,1,4.3,2.0,534(+18),[東] 堀宣行,202410020308
5,8,12,タイラーテソーロ,牡5,58.0,丹内祐次,1:48.6,1.1/4,34.1,9.0,464(-8),[東] 栗田徹,202410020308
6,3,3,バレンタインソング,牡4,57.0,斎藤新,1:48.6,アタマ,118.9,11.0,446(-8),[西] 小崎憲,202410020308
7,5,5,テイエムエメラルド,牝6,54.0,西塚洸二,1:48.7,1/2,21.2,8.0,474(0),[西] 飯田雄三,202410020308
8,4,4,ヴェルテンベルク,牡4,57.0,富田暁,1:48.8,1/2,4.4,3.0,470(-14),[西] 宮本博,202410020308
9,7,9,ディープグラビティ,セ5,55.0,鷲頭虎太,1:48.8,クビ,19.4,7.0,452(0),[東] 菊沢隆徳,202410020308
10,7,10,セルジュ,牡6,58.0,丸山元気,1:48.9,クビ,81.4,10.0,512(+6),[東] 中川公成,202410020308
11,5,6,コウセイマリア,牝4,52.0,土田真翔,1:49.6,4,193.7,12.0,412(+16),[東] 和田雄二,202410020308
12,6,7,ブルーウィン,牝4,54.0,秋山稔樹,1:49.8,1.1/2,11.9,5.0,446(-2),[西] 清水久詞,202410020308
1,1,1,メイショウウネビ,牡5,58.0,藤岡康太,1:59.3,,2.8,1.0,490(-4),[西] 本田優,202410020309
2,8,9,フォトンブルー,セ4,57.0,吉田隼人,1:59.3,クビ,3.6,2.0,518(+18),[西] 武幸四郎,202410020309
3,3,3,マイネルシーマー,牡5,58.0,丹内祐次,1:59.6,1.3/4,5.3,3.0,484(-6),[東] 青木孝文,202410020309
4,4,4,クロスライセンス,牡4,57.0,荻野極,2:00.0,2.1/2,6.1,4.0,456(+6),[東] 鹿戸雄一,202410020309
5,8,8,カズキ,牡4,57.0,国分恭介,2:00.0,ハナ,11.8,6.0,440(-6),[西] 梅田智之,202410020309
6,5,5,マテンロウジョイ,牡4,57.0,藤岡佑介,2:00.6,3.1/2,20.5,7.0,456(+6),[西] 四位洋文,202410020309
7,2,2,ペリプルス,牡4,57.0,佐々木大,2:01.2,3.1/2,43.6,8.0,438(-2),[東] 佐藤吉勝,202410020309
8,7,7,ソングオブバラード,牝5,56.0,小林美駒,2:01.8,3.1/2,158.9,9.0,470(-4),[東] 辻哲英,202410020309
9,6,6,ゼアズノープレイス,牡5,58.0,勝浦正樹,2:03.9,大,8.1,5.0,508(+2),[東] 的場均,202410020309
1,2,3,サトノクローク,牡4,57.0,幸英明,2:39.5,,6.3,2.0,478(+4),[西] 橋口慎介,202410020310
2,1,1,タガノバルコス,牡5,58.0,斎藤新,2:39.6,クビ,46.9,11.0,484(-2),[西] 鮫島一歩,202410020310
3,3,6,マイネルメサイア,牡5,58.0,黛弘人,2:39.6,クビ,22.1,9.0,484(+4),[東] 水野貴広,202410020310
4,7,14,カナオールウェイズ,牡4,57.0,藤岡佑介,2:39.8,1.1/4,2.0,1.0,514(+6),[西] 藤岡健一,202410020310
5,1,2,アスカノミライ,牡6,58.0,中井裕二,2:39.8,クビ,50.3,13.0,518(-2),[西] 川村禎彦,202410020310
6,6,12,ナムアミダブツ,牡7,58.0,藤懸貴志,2:39.9,アタマ,104.5,15.0,472(+4),[西] 石坂公一,202410020310
7,7,13,ケンハービンジャー,牡6,58.0,角田大和,2:40.2,1.3/4,150.3,16.0,442(-4),[西] 本田優,202410020310
8,3,5,フルール,牝4,55.0,丸山元気,2:40.2,クビ,9.2,4.0,482(-2),[東] 上原佑紀,202410020310
9,6,11,リアド,牡5,58.0,藤岡康太,2:40.2,クビ,16.3,6.0,482(+4),[西] 友道康夫,202410020310
10,2,4,ホウオウユニコーン,牡5,58.0,荻野極,2:40.3,3/4,48.6,12.0,480(+10),[東] 奥村武,202410020310
11,8,16,ラウルピドゥ,牡5,58.0,佐々木大,2:40.4,1/2,14.8,5.0,486(+12),[西] 吉村圭司,202410020310
12,4,8,ジェンヌ,牝5,56.0,吉田隼人,2:40.5,クビ,33.3,10.0,426(-4),[西] 安達昭夫,202410020310
13,5,10,シルバープリペット,牡4,57.0,嶋田純次,2:40.6,3/4,81.3,14.0,476(+12),[東] 松山将樹,202410020310
14,5,9,シーグラス,牝5,56.0,丹内祐次,2:40.7,1,8.5,3.0,434(0),[東] 武藤善則,202410020310
15,8,15,ジューンレインボー,牝5,56.0,富田暁,2:40.9,1.1/4,21.5,8.0,434(-10),[西] 武英智,202410020310
中,4,7,サトノシャローム,牡7,58.0,北村友一,,,20.4,7.0,512(+2),[西] 池江泰寿,202410020310
1,3,6,プリンスミノル,牡5,58.0,吉田隼人,1:44.7,,5.2,3.0,468(-2),[東] 中舘英二,202410020311
2,2,3,ロコポルティ,牡6,58.0,丸山元気,1:44.9,1.1/2,13.1,5.0,524(-6),[西] 西園正都,202410020311
3,3,5,タガノエスコート,牡5,58.0,富田暁,1:45.1,1.1/4,5.1,2.0,492(+2),[西] 小林真也,202410020311
4,5,10,イチネンエーグミ,牡5,58.0,国分恭介,1:45.1,アタマ,23.1,8.0,556(0),[西] 茶木太樹,202410020311
5,6,11,ハンディーズピーク,牡6,58.0,小崎綾也,1:45.2,クビ,24.6,9.0,526(0),[西] 大久保龍,202410020311
6,1,1,ゴッドブルービー,牡4,57.0,角田大和,1:45.3,クビ,2.9,1.0,460(-2),[西] 角田晃一,202410020311
7,4,7,ロードバルドル,牡5,58.0,勝浦正樹,1:45.4,1/2,98.6,15.0,486(+8),[東] 稲垣幸雄,202410020311
8,7,14,グラストンベリー,牝5,56.0,藤岡佑介,1:45.5,3/4,50.6,11.0,440(0),[西] 藤岡健一,202410020311
9,8,15,コパノニコルソン,牡5,58.0,藤岡康太,1:45.6,クビ,7.5,4.0,528(-8),[西] 宮徹,202410020311
10,8,16,スマートムーラン,牝5,56.0,佐々木大,1:45.6,ハナ,21.7,7.0,466(0),[西] 大久保龍,202410020311
11,4,8,サンライズグルーヴ,牡4,57.0,西塚洸二,1:45.6,アタマ,71.3,13.0,508(-2),[西] 河内洋,202410020311
12,2,4,レリジールダモーレ,牝5,56.0,横山琉人,1:45.7,1/2,13.3,6.0,454(0),[西] 高橋義忠,202410020311
13,7,13,モズマゾク,牡6,58.0,秋山稔樹,1:45.8,3/4,85.5,14.0,512(-2),[西] 杉山佳明,202410020311
14,5,9,シルバーブレッド,牡5,58.0,藤懸貴志,1:47.1,8,123.9,16.0,426(-2),[西] 石坂公一,202410020311
15,1,2,プレミアムスマイル,牝5,56.0,北村友一,1:47.8,4,56.2,12.0,510(+8),[西] 池添学,202410020311
16,6,12,ヴィルヘルム,牡6,58.0,荻野極,1:51.5,大,28.8,10.0,516(0),[西] 池江泰寿,202410020311
1,6,11,シャウビンダー,牝5,55.0,佐々木大,1:08.0,,11.0,7.0,422(-2),[西] 須貝尚介,202410020312
2,1,2,サトノプリエール,牝5,56.0,幸英明,1:08.0,クビ,9.1,6.0,470(+6),[西] 斉藤崇史,202410020312
3,8,17,バシレウスシチー,牡5,58.0,藤岡康太,1:08.1,アタマ,4.9,2.0,448(+2),[西] 岡田稲男,202410020312
4,7,13,ゴルトリッチ,牡4,58.0,国分恭介,1:08.2,1/2,4.6,1.0,494(+2),[西] 牧浦充徳,202410020312
5,7,14,コスモアディラート,牡6,58.0,丹内祐次,1:08.2,クビ,8.7,5.0,514(+12),[東] 和田正一,202410020312
6,3,5,アイムファイン,牝5,56.0,黛弘人,1:08.3,1/2,22.0,9.0,410(+4),[東] 奥平雅士,202410020312
7,5,10,マテンロウナイト,牡4,58.0,太宰啓介,1:08.4,クビ,44.4,11.0,466(-6),[西] 坂口智康,202410020312
8,7,15,アパショナード,牡5,55.0,鷲頭虎太,1:08.4,クビ,15.7,8.0,424(-6),[西] 千田輝彦,202410020312
9,8,16,ヴェールクレール,牝6,55.0,角田大和,1:08.5,3/4,7.2,4.0,460(-12),[西] 高橋亮,202410020312
10,2,3,ブラヴィーノ,牡5,56.0,小林凌大,1:08.6,クビ,201.2,18.0,458(-8),[東] 天間昭一,202410020312
11,4,7,ベルタソ,牝4,56.0,藤懸貴志,1:08.6,クビ,52.5,12.0,446(-4),[西] 小崎憲,202410020312
12,2,4,ハイライフ,牝6,53.0,川端海翼,1:08.8,1.1/2,144.0,15.0,442(-8),[西] 藤沢則雄,202410020312
13,8,18,ゴレイジョウ,牝4,53.0,佐藤翔馬,1:08.9,クビ,199.2,17.0,452(-14),[東] 小桧山悟,202410020312
14,6,12,トーセンサマンサ,牝4,54.0,西塚洸二,1:09.0,3/4,75.5,13.0,420(+2),[東] 深山雅史,202410020312
15,1,1,メリオルヴィータ,牝4,55.0,横山琉人,1:09.1,1/2,79.9,14.0,488(-2),[東] 池上昌和,202410020312
16,3,6,ハウファアイルゴー,牝5,56.0,嶋田純次,1:09.2,3/4,186.7,16.0,454(-4),[東] 松山将樹,202410020312
17,4,8,ユアデスティニー,牝4,55.0,秋山稔樹,1:09.4,1.1/4,39.5,10.0,480(-13),[東] 小野次郎,202410020312
18,5,9,ジャマン,牝5,53.0,永島まな,1:09.8,2.1/2,6.3,3.0,482(-2),[西] 高橋康之,202410020312
1,7,14,スナークラファエロ,牡3,56.0,小沢大仁,1:46.4,,6.8,3.0,472(-6),[西] 野中賢二,202410020401
2,5,9,ズバットマサムネ,牡3,54.0,永島まな,1:46.6,1.1/4,3.9,2.0,490(+4),[西] 杉山佳明,202410020401
3,3,5,タマモキャリコ,セ3,57.0,丸山元気,1:46.6,クビ,8.5,4.0,420(-8),[西] 川村禎彦,202410020401
4,3,6,ベルノレイズ,牡3,57.0,富田暁,1:47.2,3.1/2,2.2,1.0,502(-4),[西] 小林真也,202410020401
5,5,10,キモンキャリントン,牡3,53.0,河原田菜,1:47.7,2.1/2,57.9,10.0,432(+4),[西] 渡辺薫彦,202410020401
6,1,1,ゼンダンスカイ,牡3,57.0,菱田裕二,1:47.8,1/2,12.9,5.0,460(-10),[西] 角田晃一,202410020401
7,2,4,ウェイトゥゴー,牝3,54.0,佐々木大,1:48.2,2.1/2,13.4,6.0,468(-6),[西] 須貝尚介,202410020401
8,6,12,エスオーライジング,牡3,57.0,高倉稜,1:48.5,1.1/2,312.4,16.0,480(+12),[西] 木原一良,202410020401
9,1,2,カシノカンピオーネ,牡3,57.0,菊沢一樹,1:49.0,3.1/2,125.4,13.0,492(+4),[東] 天間昭一,202410020401
10,2,3,ドナアフロディテ,牝3,55.0,浜中俊,1:49.1,1/2,48.5,8.0,456(+2),[西] 庄野靖志,202410020401
11,6,11,ミリオーレアルバ,牡3,57.0,鮫島克駿,1:49.3,1.1/2,55.8,9.0,484(-2),[西] 杉山晴紀,202410020401
12,4,7,ダンツニーヴァ,牡3,57.0,秋山真一,1:49.5,1,23.2,7.0,562(-6),[西] 谷潔,202410020401
13,8,15,シンボルザサン,セ3,57.0,荻野極,1:50.0,3,239.3,14.0,452(+8),[東] 奥村武,202410020401
14,4,8,ベストオブキング,牡3,57.0,水口優也,1:50.6,3.1/2,286.1,15.0,486(+6),[西] 藤沢則雄,202410020401
15,7,13,カルデナール,牡3,55.0,西塚洸二,1:51.0,2.1/2,103.6,12.0,478(-14),[西] 池添学,202410020401
16,8,16,アドーネ,牡3,54.0,今村聖奈,1:51.6,3.1/2,81.9,11.0,468(+10),[西] 鈴木孝志,202410020401
1,7,14,モズトキキ,牝3,55.0,亀田温心,1:08.8,,2.6,1.0,536(-2),[西] 村山明,202410020402
2,4,7,ブルボンクイーン,牝3,55.0,鮫島克駿,1:08.9,1/2,4.1,2.0,472(+6),[西] 角田晃一,202410020402
3,8,18,サニイアール,牝3,55.0,丹内祐次,1:09.0,1/2,27.3,8.0,444(-2),[東] 田村康仁,202410020402
4,5,10,ユッカラン,牝3,55.0,大野拓弥,1:09.2,1.1/4,34.5,10.0,450(+4),[東] 松山将樹,202410020402
5,8,16,クイーンカナロア,牝3,52.0,今村聖奈,1:09.3,1,9.9,4.0,428(-10),[西] 藤岡健一,202410020402
6,1,1,テキーラワルツ,牝3,53.0,西塚洸二,1:09.4,1/2,403.3,18.0,438(-4),[西] 大根田裕,202410020402
7,6,11,テーオーサファイア,牝3,54.0,秋山稔樹,1:09.5,クビ,32.8,9.0,430(-8),[西] 宮徹,202410020402
8,6,12,バニッツア,牝3,52.0,石田拓郎,1:10.0,3,336.8,17.0,376(+2),[西] 牧田和弥,202410020402
9,8,17,カワカミガンビエ,牝3,55.0,丸山元気,1:10.0,クビ,11.3,5.0,486(+6),[西] 本田優,202410020402
10,7,13,ノイヤー,牝3,54.0,角田大和,1:10.0,ハナ,5.0,3.0,456(+2),[西] 高橋亮,202410020402
11,2,4,スマートレイヴ,牝3,54.0,角田大河,1:10.1,1,25.1,7.0,412(-2),[西] 笹田和秀,202410020402
12,5,9,オーシーズウォーム,牝3,52.0,永島まな,1:10.6,3,56.8,11.0,404(+2),[西] 四位洋文,202410020402
13,3,6,プラビータ,牝3,51.0,河原田菜,1:10.7,クビ,18.0,6.0,492(+10),[東] 矢野英一,202410020402
14,2,3,トゥームレイダー,牝3,55.0,川又賢治,1:10.7,クビ,202.2,15.0,440(0),[西] 吉村圭司,202410020402
15,7,15,ラッキーラン,牝3,54.0,小沢大仁,1:10.8,クビ,302.8,16.0,404(0),[西] 高橋康之,202410020402
16,1,2,エレンバローズ,牝3,54.0,松本大輝,1:11.0,1.1/4,193.7,14.0,416(0),[西] 松下武士,202410020402
17,3,5,ジュエルソング,牝3,51.0,小林美駒,1:11.4,2.1/2,188.2,13.0,354(-8),[東] 宗像義忠,202410020402
18,4,8,ゼンノツキヨミ,牝3,55.0,秋山真一,1:11.7,1.3/4,75.3,12.0,440(0),[西] 武幸四郎,202410020402
1,7,11,クロンヌドラレーヌ,牝5,54.0,小林凌大,0:59.1,,30.8,9.0,450(+4),[東] 奥平雅士,202410020403
2,4,5,ピンクムーン,牝5,52.0,河原田菜,0:59.2,クビ,6.3,3.0,452(-10),[西] 渡辺薫彦,202410020403
3,3,4,ヒメカミノイタダキ,牡5,58.0,菊沢一樹,0:59.2,クビ,94.1,12.0,512(+16),[東] 武市康男,202410020403
4,6,9,シックザイン,牡5,58.0,勝浦正樹,0:59.3,1/2,68.6,11.0,480(+2),[東] 水野貴広,202410020403
5,8,14,ワンダーヘイルネス,セ8,58.0,富田暁,0:59.4,1/2,8.0,5.0,490(-2),[西] 河内洋,202410020403
6,4,6,スターザサンライズ,牝5,54.0,西塚洸二,0:59.5,1/2,11.0,6.0,448(-4),[西] 安田隆行,202410020403
7,3,3,サザンレイク,牝4,53.0,佐藤翔馬,0:59.6,1/2,7.9,4.0,498(0),[東] 根本康広,202410020403
8,2,2,カフェクロニクル,牡5,57.0,佐々木大,0:59.6,クビ,5.5,2.0,474(+4),[東] 堀宣行,202410020403
9,8,13,シャドウダッチェス,牝4,53.0,永島まな,0:59.7,クビ,29.0,8.0,484(+2),[東] 深山雅史,202410020403
10,6,10,パワポケビー,牝5,52.0,小林美駒,0:59.8,1/2,2.5,1.0,508(+12),[東] 中野栄治,202410020403
11,5,7,ラージベル,牝5,53.0,水沼元輝,0:59.8,クビ,130.8,14.0,476(-4),[東] 松永康利,202410020403
12,1,1,スパークリングアイ,牡6,57.0,小沢大仁,1:00.2,2.1/2,95.5,13.0,504(-12),[西] 大根田裕,202410020403
13,7,12,カンフーダンス,牝4,53.0,川端海翼,1:00.6,2,22.1,7.0,480(-6),[西] 平田修,202410020403
14,5,8,メルティーショコラ,牝4,53.0,石田拓郎,1:02.0,9,58.7,10.0,474(0),[東] 武藤善則,202410020403
1,5,5,クリノクオン,牡4,59.0,金子光希,3:10.6,,3.2,1.0,460(0),[東] 伊藤伸一,202410020404
2,8,12,アスターディゴン,牡5,60.0,黒岩悠,3:11.3,4,3.3,2.0,490(-6),[西] 中竹和也,202410020404
3,5,6,ソリタリオ,牡5,60.0,小牧加矢,3:12.5,7,6.5,3.0,480(-8),[西] 西村真幸,202410020404
4,4,4,ノーティアス,牡5,60.0,五十嵐雄,3:12.5,クビ,65.3,12.0,512(+4),[東] 宗像義忠,202410020404
5,7,10,キタノブレイド,牡5,57.0,水沼元輝,3:12.7,1.1/4,12.7,6.0,474(0),[東] 萱野浩二,202410020404
6,7,9,トーアモルペウス,セ4,59.0,石神深一,3:13.0,1.1/2,40.5,10.0,484(+8),[東] 辻哲英,202410020404
7,2,2,ユキノグローリー,牡7,60.0,草野太郎,3:13.4,2.1/2,9.3,5.0,502(-4),[東] 石毛善彦,202410020404
8,3,3,ローディアマント,セ4,59.0,大庭和弥,3:14.2,5,37.9,9.0,478(+6),[東] 尾関知人,202410020404
9,1,1,ヴラディア,牡5,60.0,伴啓太,3:14.5,2,19.3,7.0,494(0),[東] 小西一男,202410020404
10,8,11,ヴァトレニ,セ6,60.0,森一馬,3:14.7,1.1/4,7.2,4.0,448(0),[西] 長谷川浩,202410020404
11,6,7,ノイアーターク,セ4,59.0,中村将之,3:16.0,8,48.3,11.0,454(+4),[西] 安田隆行,202410020404
中,6,8,テイエムクロマル,牡5,60.0,大江原圭,,,28.8,8.0,494(-16),[東] 石栗龍彦,202410020404
1,5,10,ラブカ,牡3,56.0,小沢大仁,2:00.7,,288.8,16.0,444(-10),[西] 今野貞一,202410020405
1,7,13,マイノワール,牡3,57.0,鮫島克駿,2:00.7,同着,3.3,2.0,468(0),[西] 笹田和秀,202410020405
3,1,1,クインズスピカ,牝3,55.0,菊沢一樹,2:00.9,1,94.2,10.0,450(-16),[東] 村田一誠,202410020405
4,8,17,ライフセービング,牡3,56.0,秋山稔樹,2:01.0,3/4,8.5,4.0,448(-4),[西] 宮徹,202410020405
5,2,4,メイショウマドロス,牡3,56.0,角田大河,2:01.2,1,25.7,6.0,482(-2),[西] 石橋守,202410020405
6,4,7,ホウオウトランプ,牡3,57.0,浜中俊,2:01.2,ハナ,2.8,1.0,516(0),[西] 池江泰寿,202410020405
7,2,3,リフレクトザムーン,牝3,51.0,小林美駒,2:01.5,2,63.2,9.0,458(+6),[東] 尾形和幸,202410020405
8,7,14,エイシンボナパルト,牡3,57.0,吉田隼人,2:01.5,アタマ,3.4,3.0,482(-6),[西] 吉村圭司,202410020405
9,6,11,マイネルブラボー,牡3,57.0,丹内祐次,2:01.5,アタマ,55.2,8.0,432(0),[東] 小笠倫弘,202410020405
10,1,2,サイコウダネ,牡3,54.0,川端海翼,2:02.1,3.1/2,202.8,14.0,452(+14),[西] 清水久詞,202410020405
11,7,15,サンデーダイヤ,牡3,57.0,富田暁,2:02.1,アタマ,173.1,13.0,474(-10),[東] 斎藤誠,202410020405
12,5,9,ゴーダンシング,牝3,51.0,河原田菜,2:02.3,1,370.2,17.0,458(-6),[西] 武英智,202410020405
13,6,12,ウインボレロ,牡3,54.0,永島まな,2:02.4,1,18.4,5.0,436(+8),[東] 手塚貴久,202410020405
14,3,5,アーベントイアー,牡3,57.0,勝浦正樹,2:02.5,1/2,271.4,15.0,484(-4),[東] 水野貴広,202410020405
15,8,16,ヒャクシキ,牡3,56.0,佐々木大,2:02.5,ハナ,53.4,7.0,406(-8),[東] 中野栄治,202410020405
16,3,6,マイネルコモドーア,牡3,57.0,斎藤新,2:02.6,1/2,113.2,11.0,440(-6),[西] 長谷川浩,202410020405
17,4,8,ホワイトシップ,セ3,57.0,黛弘人,2:03.1,3,119.4,12.0,420(0),[東] 武井亮,202410020405
除,8,18,サトノアライヴ,牡3,57.0,丸山元気,,,---,,442(+6),[西] 須貝尚介,202410020405
1,4,4,ムジェロ,牡4,57.0,幸英明,2:35.4,,1.7,1.0,514(+2),[西] 藤原英昭,202410020406
2,7,10,サトノバトラー,セ6,57.0,佐々木大,2:35.4,クビ,6.9,3.0,510(+6),[東] 堀宣行,202410020406
3,6,9,アマートカヴァロ,牡4,56.0,角田大河,2:35.7,1.3/4,37.6,8.0,478(+2),[西] 笹田和秀,202410020406
4,6,8,フロンタルジェダイ,牡5,58.0,富田暁,2:36.1,2.1/2,4.2,2.0,546(-2),[西] 高橋義忠,202410020406
5,8,13,ジャスパーワールド,牡4,56.0,松本大輝,2:36.2,3/4,48.9,9.0,522(-10),[西] 森秀行,202410020406
6,2,2,エミサソウツバサ,牡5,55.0,鷲頭虎太,2:36.4,3/4,84.0,11.0,518(+2),[西] 杉山佳明,202410020406
7,5,7,ウインアラジン,牡5,58.0,菊沢一樹,2:36.6,3/4,51.1,10.0,506(+2),[西] 寺島良,202410020406
8,3,3,ユアフラッシュ,牝4,55.0,丹内祐次,2:36.8,1.1/2,11.2,4.0,460(+2),[西] 辻野泰之,202410020406
9,1,1,タッチャブル,牡4,57.0,鮫島克駿,2:36.8,アタマ,30.9,7.0,518(-2),[西] 中村直也,202410020406
10,4,5,リオンエトワール,牡4,54.0,永島まな,2:37.0,1,19.3,5.0,444(+4),[東] 堀内岳志,202410020406
11,5,6,アンノウンウォリア,牡5,54.0,小林美駒,2:37.0,ハナ,24.6,6.0,456(-6),[西] 平田修,202410020406
12,8,12,アットアブラスト,牡4,57.0,水口優也,2:37.0,ハナ,250.0,13.0,466(0),[西] 牧田和弥,202410020406
13,7,11,スカイドゥエラー,牡6,58.0,和田翼,2:37.7,4,85.9,12.0,462(+16),[西] 谷潔,202410020406
1,4,7,グレイトクラウン,牝3,55.0,大野拓弥,1:48.1,,36.1,12.0,452(-8),[東] 松山将樹,202410020407
2,2,3,ホワイトビーチ,牡3,55.0,小林凌大,1:48.3,1.1/2,36.0,10.0,482(-14),[東] 中野栄治,202410020407
3,6,12,ラストスピリッツ,牡3,57.0,菱田裕二,1:48.6,2,4.6,2.0,498(-4),[西] 緒方努,202410020407
4,2,4,ウインサマースノー,牡3,57.0,鮫島克駿,1:48.7,1/2,22.2,7.0,466(+4),[西] 飯田雄三,202410020407
5,5,10,ジューンバタフライ,牝3,55.0,秋山真一,1:48.9,1,7.6,5.0,468(0),[西] 飯田祐史,202410020407
6,1,2,クリノモルガナイト,牡3,54.0,水沼元輝,1:49.0,クビ,129.7,14.0,464(-2),[東] 本間忍,202410020407
7,1,1,ゴトク,牡3,57.0,丹内祐次,1:49.0,クビ,3.4,1.0,452(-8),[西] 西村真幸,202410020407
8,7,14,ネムレスクイーン,牝3,54.0,佐々木大,1:49.0,ハナ,39.4,13.0,418(-8),[東] 上原佑紀,202410020407
9,7,13,ヴィーケン,牡3,55.0,西塚洸二,1:49.3,1.1/2,21.5,6.0,484(+6),[西] 高橋康之,202410020407
10,3,5,テイエムシマジン,牡3,54.0,今村聖奈,1:49.3,クビ,29.6,8.0,474(-7),[西] 鈴木孝志,202410020407
11,4,8,ルクスマーベリック,牡3,57.0,丸山元気,1:49.6,2,5.6,3.0,456(+10),[西] 松永幹夫,202410020407
12,3,6,ウインドスピード,牡3,57.0,吉田隼人,1:49.8,3/4,36.0,11.0,456(+14),[西] 坂口智康,202410020407
13,8,16,ビキニオンザビーチ,牝3,52.0,永島まな,1:49.9,1,6.1,4.0,444(0),[西] 池江泰寿,202410020407
14,6,11,ニシノリピート,牝3,55.0,杉原誠人,1:50.0,1/2,35.1,9.0,450(-8),[東] 小島茂之,202410020407
15,8,15,タニオブカンナ,牝3,55.0,斎藤新,1:52.0,大,240.0,16.0,430(0),[西] 鮫島一歩,202410020407
中,5,9,マリリン,牝3,51.0,小林美駒,,,138.6,15.0,498(-8),[東] 村田一誠,202410020407
1,6,6,エリダヌス,牝4,55.0,丹内祐次,2:01.1,,3.9,2.0,488(+2),[東] 青木孝文,202410020408
2,3,3,ピクシレーション,牝4,55.0,菊沢一樹,2:01.2,1/2,5.1,4.0,464(-4),[東] 菊沢隆徳,202410020408
3,5,5,ビヨンドザリミット,牝5,56.0,菱田裕二,2:01.2,アタマ,65.4,9.0,470(-4),[東] 稲垣幸雄,202410020408
4,1,1,ルソルティール,牝4,54.0,佐々木大,2:01.3,1/2,3.4,1.0,422(-20),[西] 清水久詞,202410020408
5,4,4,キュンストラー,牝6,56.0,丸山元気,2:01.3,アタマ,4.9,3.0,410(-2),[東] 松永康利,202410020408
6,8,8,アームテイル,牝4,55.0,鮫島克駿,2:01.4,1/2,9.6,6.0,448(-10),[東] 和田勇介,202410020408
7,8,9,ヴィラーゴスリーブ,牝4,53.0,西塚洸二,2:02.0,3.1/2,17.7,7.0,484(-4),[西] 藤原英昭,202410020408
8,2,2,スノーディザイア,牝5,56.0,幸英明,2:02.2,1,8.8,5.0,466(-12),[東] 畠山吉宏,202410020408
9,7,7,プロミシングギャル,牝4,55.0,吉田隼人,2:02.2,アタマ,39.9,8.0,434(-28),[西] 森田直行,202410020408
1,4,5,オーロベルディ,牝5,56.0,浜中俊,0:58.5,,5.0,2.0,498(+2),[西] 緒方努,202410020409
2,5,8,デルマシルフ,牝5,56.0,菱田裕二,0:58.7,1.1/2,4.3,1.0,480(0),[西] 畑端省吾,202410020409
3,1,1,オースミメッシーナ,牝5,56.0,幸英明,0:58.7,クビ,16.2,8.0,448(-8),[西] 宮本博,202410020409
4,3,4,フェズカズマ,牡5,58.0,斎藤新,0:59.2,2.1/2,7.3,4.0,492(+4),[西] 安田隆行,202410020409
5,7,11,マキアージュ,牝5,56.0,小林美駒,0:59.2,クビ,5.1,3.0,464(+2),[東] 菊川正達,202410020409
6,4,6,ミユキアイラブユー,セ5,58.0,杉原誠人,0:59.2,ハナ,8.9,5.0,566(-12),[東] 小島茂之,202410020409
7,3,3,ルヴェルジェ,牝5,56.0,荻野琢真,0:59.5,1.3/4,61.0,13.0,470(+2),[西] 小林真也,202410020409
8,2,2,バスドラムガール,牝4,56.0,水口優也,0:59.5,ハナ,24.3,10.0,452(-2),[西] 羽月友彦,202410020409
9,6,10,ヤマイチエスポ,牝5,56.0,川須栄彦,0:59.6,3/4,30.3,11.0,492(+22),[西] 中尾秀正,202410020409
10,8,13,コパノバークレー,牝4,56.0,角田大和,0:59.6,ハナ,13.7,6.0,468(+24),[西] 渡辺薫彦,202410020409
11,8,14,テイエムスイスイ,牝4,56.0,菊沢一樹,0:59.9,1.1/2,64.3,14.0,516(+12),[東] 石栗龍彦,202410020409
12,6,9,ニシノラーナ,牝5,56.0,勝浦正樹,1:00.0,1/2,42.6,12.0,496(-2),[東] 加藤和宏,202410020409
13,7,12,フェイマスドクター,牡4,58.0,水沼元輝,1:00.3,1.3/4,15.9,7.0,520(+6),[東] 中川公成,202410020409
14,5,7,バサラ,牝4,56.0,小林凌大,1:00.4,3/4,18.9,9.0,440(-4),[東] 伊藤圭三,202410020409
1,2,3,アルーリングビュー,牝4,56.0,佐々木大,1:07.8,,4.1,1.0,468(+2),[西] 吉村圭司,202410020410
2,2,4,サウンドクレア,牝5,56.0,亀田温心,1:07.9,3/4,71.9,14.0,450(0),[西] 安達昭夫,202410020410
3,1,2,ラウラーナ,牝4,56.0,浜中俊,1:07.9,ハナ,13.1,6.0,424(-2),[東] 宗像義忠,202410020410
4,7,15,テンジュイン,牝7,56.0,松本大輝,1:07.9,アタマ,97.3,17.0,462(0),[西] 千田輝彦,202410020410
5,1,1,ナリタローゼ,牝6,56.0,角田大河,1:08.0,クビ,27.5,10.0,476(-6),[西] 高橋亮,202410020410
6,4,8,メイショウハボタン,牝6,56.0,丸山元気,1:08.0,アタマ,7.2,4.0,470(0),[西] 本田優,202410020410
7,8,16,プリモカリーナ,牝5,56.0,斎藤新,1:08.0,ハナ,5.1,2.0,442(-2),[西] 安田隆行,202410020410
8,7,14,ハピネスアゲン,牝5,56.0,勝浦正樹,1:08.0,ハナ,8.9,5.0,456(+2),[東] 萱野浩二,202410020410
9,3,6,アルムファーツリー,牝6,56.0,吉田隼人,1:08.1,1/2,40.4,12.0,462(-14),[西] 川村禎彦,202410020410
10,6,11,ヨール,牝5,56.0,丹内祐次,1:08.2,1/2,14.4,7.0,442(0),[東] 手塚貴久,202410020410
11,8,17,ヤマニンアンフィル,牝5,56.0,鮫島克駿,1:08.3,クビ,6.4,3.0,480(+8),[西] 斉藤崇史,202410020410
12,6,12,ジョリダム,牝4,56.0,富田暁,1:08.4,3/4,19.6,8.0,442(-2),[西] 武英智,202410020410
13,3,5,トーホウフランゴ,牝4,56.0,永島まな,1:08.4,アタマ,27.6,11.0,438(0),[西] 高橋康之,202410020410
14,5,10,シルフィードレーヴ,牝4,56.0,幸英明,1:08.4,アタマ,22.1,9.0,450(+4),[西] 西園正都,202410020410
15,5,9,メイショウオトギ,牝4,56.0,荻野極,1:08.6,1,79.5,15.0,432(+6),[西] 池添学,202410020410
16,8,18,ステラダイヤ,牝6,56.0,大野拓弥,1:08.6,アタマ,87.8,16.0,494(-4),[東] 高柳瑞樹,202410020410
17,4,7,イイヒニナル,牝4,56.0,鷲頭虎太,1:08.7,1/2,65.4,13.0,380(-4),[西] 千田輝彦,202410020410
18,7,13,シンリンゲンカイ,牝4,56.0,菊沢一樹,1:08.9,1.1/2,161.7,18.0,462(-10),[東] 石栗龍彦,202410020410
1,6,12,エピファニー,牡5,57.0,杉原誠人,1:45.1,,5.8,3.0,504(-2),[東] 宮田敬介,202410020411
2,6,11,ロングラン,セ6,57.0,丹内祐次,1:45.3,1,6.6,4.0,478(-4),[東] 和田勇介,202410020411
3,5,9,セルバーグ,牡5,57.0,今村聖奈,1:45.4,1/2,18.8,10.0,442(+2),[西] 鈴木孝志,202410020411
4,4,7,アルナシーム,牡5,57.0,鮫島克駿,1:45.4,ハナ,4.7,1.0,444(-2),[西] 橋口慎介,202410020411
5,4,8,フェーングロッテン,セ5,58.0,幸英明,1:45.8,2.1/2,17.7,9.0,478(-8),[西] 宮本博,202410020411
6,3,5,クリノプレミアム,牝7,55.5,勝浦正樹,1:45.8,アタマ,15.6,7.0,486(-2),[東] 伊藤伸一,202410020411
7,1,2,カテドラル,牡8,58.5,斎藤新,1:45.9,アタマ,14.3,6.0,490(+2),[西] 池添学,202410020411
8,2,3,ダンディズム,セ8,57.0,富田暁,1:45.9,アタマ,8.8,5.0,478(0),[西] 野中賢二,202410020411
9,7,13,イクスプロージョン,牡6,57.0,亀田温心,1:45.9,クビ,100.1,15.0,484(+8),[西] 杉山晴紀,202410020411
10,3,6,アドマイヤビルゴ,牡7,57.5,荻野極,1:46.0,1/2,44.6,12.0,444(0),[西] 友道康夫,202410020411
11,2,4,アサマノイタズラ,牡6,55.0,嶋田純次,1:46.1,クビ,27.2,11.0,506(0),[東] 手塚貴久,202410020411
12,7,14,ゴールドエクリプス,牝5,53.0,角田大河,1:46.2,3/4,4.8,2.0,492(0),[西] 大久保龍,202410020411
13,5,10,マイネルファンロン,牡9,56.0,丸山元気,1:46.5,2,73.2,13.0,492(+2),[東] 手塚貴久,202410020411
14,8,16,シフルマン,牡8,56.0,角田大和,1:46.9,2.1/2,86.2,14.0,508(-8),[西] 中尾秀正,202410020411
中,8,15,ホウオウアマゾン,牡6,58.0,佐々木大,,,16.4,8.0,510(-2),[西] 矢作芳人,202410020411
取,1,1,ディープモンスター,牡6,58.5,浜中俊,,,---,,計不,[西] 池江泰寿,202410020411
1,4,8,トリップトゥムーン,牡5,57.0,松本大輝,1:08.0,,12.2,7.0,450(0),[西] 新谷功一,202410020412
2,3,6,アイヲツグモノ,牝4,56.0,菊沢一樹,1:08.0,クビ,20.5,11.0,488(-2),[西] 牧浦充徳,202410020412
3,7,15,ウインアステロイド,牡7,58.0,丸山元気,1:08.1,クビ,9.0,4.0,474(+4),[東] 和田正一,202410020412
4,5,10,タガノスペルノヴァ,牡6,58.0,吉田隼人,1:08.2,1/2,6.2,2.0,436(-2),[西] 川村禎彦,202410020412
5,7,13,マテンロウアネモス,牝4,52.0,小林美駒,1:08.2,アタマ,15.7,10.0,436(0),[東] 久保田貴,202410020412
6,6,12,ディナトセレーネ,牝4,56.0,大野拓弥,1:08.3,1/2,15.5,9.0,466(+2),[東] 尾関知人,202410020412
7,4,7,シンデレラスマイル,牝4,56.0,菱田裕二,1:08.3,アタマ,11.6,6.0,432(0),[東] 武藤善則,202410020412
8,8,16,アエリーゾ,牝5,53.0,川端海翼,1:08.4,1/2,9.7,5.0,454(-6),[西] 庄野靖志,202410020412
9,6,11,ルールザウイングス,牝5,56.0,富田暁,1:08.4,アタマ,69.7,17.0,468(-10),[西] 飯田雄三,202410020412
10,7,14,ロードリライアブル,牡5,57.0,小沢大仁,1:08.6,1,58.7,15.0,500(-2),[西] 清水久詞,202410020412
11,1,1,デイトンウェイ,牡6,56.0,西塚洸二,1:08.7,クビ,15.3,8.0,500(-2),[西] 野中賢二,202410020412
11,2,3,ヴァルトラウテ,牝4,56.0,鮫島克駿,1:08.7,同着,5.7,1.0,434(-14),[西] 中村直也,202410020412
13,8,18,ノーブルラン,牡4,58.0,丹内祐次,1:08.7,1/2,27.5,14.0,474(+2),[東] 尾形和幸,202410020412
14,8,17,ミネヒメ,牝4,56.0,黛弘人,1:08.9,1,26.1,13.0,430(+2),[東] 本間忍,202410020412
15,1,2,ショッキングブルー,牝4,53.0,永島まな,1:09.0,3/4,68.8,16.0,444(0),[東] 清水英克,202410020412
16,3,5,エリカフェリーチェ,牝5,56.0,浜中俊,1:09.1,クビ,24.9,12.0,470(-2),[西] 吉岡辰弥,202410020412
17,2,4,レディメローラ,牝4,56.0,幸英明,1:10.0,5,7.4,3.0,394(-6),[西] 北出成人,202410020412
取,5,9,ランスオブサウンド,牝4,55.0,角田大河,,,---,,計不,[西] 奥村豊,202410020412
1,4,8,キングベルベット,牡3,57.0,丹内祐次,1:44.4,,1.3,1.0,490(+2),[東] 国枝栄,202410020501
2,4,7,カリフォルニア,牡3,55.0,小林凌大,1:45.6,7,34.1,6.0,480(0),[東] 伊藤圭三,202410020501
3,2,3,ゼンノジーニー,牡3,57.0,秋山真一,1:46.0,2.1/2,54.8,8.0,472(+2),[西] 飯田祐史,202410020501
4,6,12,サンライズシア,牡3,56.0,佐々木大,1:46.3,1.3/4,17.1,5.0,492(-2),[西] 石坂公一,202410020501
5,1,1,フルリール,牝3,51.0,小林美駒,1:47.2,5,44.6,7.0,424(-4),[西] 藤岡健一,202410020501
6,7,14,ブロットキャスター,牡3,57.0,藤岡康太,1:47.5,2,114.2,10.0,500(-2),[東] 相沢郁,202410020501
7,5,10,マルカフェリス,牡3,56.0,小沢大仁,1:47.6,クビ,14.7,4.0,470(+6),[西] 今野貞一,202410020501
8,7,13,タイセイフォルテ,牡3,57.0,和田竜二,1:47.8,1.1/2,5.9,2.0,482(-8),[西] 西村真幸,202410020501
9,3,5,カシノテンダー,牡3,57.0,亀田温心,1:47.9,3/4,123.1,11.0,492(+5),[西] 北出成人,202410020501
10,1,2,ファインデイ,牝3,55.0,勝浦正樹,1:48.1,3/4,347.7,15.0,450(-4),[東] 上原博之,202410020501
11,6,11,カシノレッヒエルン,牝3,52.0,石田拓郎,1:48.4,2,154.7,12.0,484(+3),[東] 蛯名利弘,202410020501
12,2,4,ノアファラオ,牡3,57.0,黛弘人,1:48.5,クビ,228.1,14.0,448(-4),[東] 石毛善彦,202410020501
13,3,6,バッジオブオナー,牡3,57.0,藤岡佑介,1:48.7,1,12.3,3.0,460(+6),[西] 松永幹夫,202410020501
14,8,16,ブリーズアップ,牡3,54.0,鷲頭虎太,1:49.6,5,480.5,16.0,432(-8),[西] 坂口智康,202410020501
15,5,9,ウインパルファン,牝3,55.0,菊沢一樹,1:49.9,2,85.1,9.0,454(0),[東] 田中剛,202410020501
16,8,15,モズクマチー,牝3,52.0,永島まな,1:53.7,大,168.3,13.0,468(-10),[西] 中尾秀正,202410020501
1,2,4,エクストラバック,牡3,57.0,吉田隼人,1:09.7,,4.6,2.0,488(+2),[西] 西園正都,202410020502
2,3,5,ナムラローズマリー,牝3,55.0,藤岡康太,1:09.9,1.1/4,1.8,1.0,432(-6),[西] 羽月友彦,202410020502
3,1,2,ゴーインマイウェイ,牡3,57.0,菊沢一樹,1:09.9,クビ,9.9,4.0,466(0),[東] 矢野英一,202410020502
4,2,3,コスモマチュアー,牝3,51.0,小林美駒,1:10.4,3,214.0,14.0,486(-6),[東] 松山将樹,202410020502
5,3,6,スウィートリワード,牝3,55.0,秋山真一,1:10.4,ハナ,6.8,3.0,440(0),[西] 宮本博,202410020502
6,4,7,グラスチアー,牝3,52.0,水沼元輝,1:10.5,クビ,57.9,12.0,460(+2),[東] 菊川正達,202410020502
7,8,16,ハクサンクリスタル,牝3,55.0,和田竜二,1:10.5,ハナ,46.2,9.0,444(-6),[西] 飯田雄三,202410020502
8,7,15,ホーギー,牡3,57.0,丹内祐次,1:10.7,1,16.5,5.0,478(-12),[西] 吉村圭司,202410020502
9,6,12,フィクストスター,牡3,57.0,黛弘人,1:10.7,クビ,55.5,11.0,506(+16),[東] 久保田貴,202410020502
10,5,9,セブンセコンズ,牝3,55.0,国分恭介,1:10.8,クビ,177.0,13.0,402(-2),[西] 森田直行,202410020502
11,1,1,ロマンスシアター,牝3,55.0,亀田温心,1:10.8,クビ,22.6,6.0,442(-6),[西] 鮫島一歩,202410020502
12,5,10,サバイバルリベラル,牝3,52.0,土田真翔,1:10.8,クビ,460.9,18.0,436(+8),[東] 和田雄二,202410020502
13,8,17,イズジョーゴモリー,牝3,52.0,永島まな,1:10.9,クビ,55.0,10.0,450(0),[西] 北出成人,202410020502
14,6,11,シャイニングベル,牝3,55.0,富田暁,1:10.9,ハナ,40.8,8.0,406(0),[西] 笹田和秀,202410020502
15,7,13,コーントップス,牝3,53.0,西塚洸二,1:11.3,2.1/2,307.7,17.0,426(0),[西] 音無秀孝,202410020502
16,7,14,エクレシア,牝3,55.0,丸山元気,1:11.5,1.1/4,35.5,7.0,476(+2),[西] 西園翔太,202410020502
17,4,8,トントンプー,牡3,54.0,佐藤翔馬,1:11.6,1/2,300.4,16.0,468(+8),[東] 中野栄治,202410020502
18,8,18,キングプロフィット,牡3,57.0,勝浦正樹,1:11.8,1,268.7,15.0,470(+10),[東] 新開幸一,202410020502
1,1,1,インファンタ,牝3,52.0,水沼元輝,0:58.5,,7.0,4.0,474(-2),[東] 堀内岳志,202410020503
2,2,2,コパマエチャン,牝3,52.0,石田拓郎,0:58.6,1/2,12.2,6.0,476(-4),[東] 大和田成,202410020503
3,6,10,ヴェラリーシャ,牝3,53.0,小林凌大,0:58.8,1.1/4,3.5,1.0,480(-10),[東] 伊藤圭三,202410020503
4,7,12,ネオアステーリ,牝3,55.0,長岡禎仁,0:59.0,1.1/2,11.3,5.0,448(-6),[西] 岡田稲男,202410020503
5,3,4,マンダリア,牝3,54.0,小沢大仁,0:59.2,1,195.9,12.0,408(-8),[東] 水野貴広,202410020503
6,5,7,マーメイド,牝3,52.0,永島まな,0:59.3,1/2,4.6,3.0,442(-2),[西] 寺島良,202410020503
7,4,5,ミスサン,牝3,51.0,小林美駒,0:59.4,3/4,17.1,8.0,438(0),[東] 伊藤伸一,202410020503
8,5,8,サンプルメリア,牝3,52.0,川端海翼,0:59.5,クビ,14.0,7.0,460(-8),[西] 角田晃一,202410020503
9,4,6,フェアアイル,牝3,51.0,河原田菜,0:59.7,1.1/4,4.1,2.0,398(-2),[西] 音無秀孝,202410020503
10,7,11,ルーナ,牝3,55.0,丹内祐次,1:00.0,1.3/4,39.8,10.0,444(+4),[東] 牧光二,202410020503
11,3,3,テイエムボニータ,牝3,53.0,西塚洸二,1:00.8,5,181.4,11.0,452(-12),[東] 石栗龍彦,202410020503
12,8,14,ヴェネラリア,牝3,52.0,鷲頭虎太,1:01.7,5,506.7,14.0,424(-4),[東] 伊坂重信,202410020503
13,6,9,レインボートパーズ,牝3,55.0,大庭和弥,1:03.4,10,276.6,13.0,440(-20),[東] 松永康利,202410020503
中,8,13,ヴィシェラ,牝3,54.0,佐々木大,,,31.4,9.0,418(-14),[西] 石坂公一,202410020503
1,3,3,イフティファール,牡6,60.0,森一馬,3:13.5,,1.7,1.0,480(+2),[西] 大久保龍,202410020504
2,2,2,デシマルサーガ,牡4,59.0,伴啓太,3:14.1,4,32.5,7.0,470(+4),[東] 粕谷昌央,202410020504
3,8,10,シゲルヒラトリ,牡6,60.0,五十嵐雄,3:15.0,5,18.2,5.0,480(+2),[東] 水野貴広,202410020504
4,7,8,トーセンヴァンノ,セ5,60.0,大江原圭,3:16.0,6,5.5,3.0,474(-14),[東] 小桧山悟,202410020504
5,7,7,エクセレントラン,セ7,60.0,草野太郎,3:16.0,アタマ,28.1,6.0,482(-6),[東] 伊藤伸一,202410020504
6,8,9,プリモスペランツァ,牡5,60.0,田村太雅,3:16.4,2.1/2,16.1,4.0,512(+6),[西] 中竹和也,202410020504
7,5,5,ヒルノダカール,牡8,60.0,高田潤,3:17.4,6,4.1,2.0,520(+2),[西] 北出成人,202410020504
8,1,1,カイザーレオン,牡5,60.0,石神深一,3:17.4,クビ,43.1,9.0,472(-2),[東] 伊坂重信,202410020504
9,6,6,ウインエタンセル,牡4,59.0,黒岩悠,3:18.8,8,122.6,10.0,510(0),[西] 飯田雄三,202410020504
10,4,4,ポメラート,牝5,58.0,小牧加矢,3:22.5,大,35.3,8.0,496(+4),[西] 茶木太樹,202410020504
1,1,1,ゴージョニーゴー,牡3,57.0,藤岡康太,2:02.5,,6.4,4.0,522(+14),[西] 四位洋文,202410020505
2,6,11,クリノアドバンス,牡3,54.0,永島まな,2:02.7,3/4,3.2,1.0,440(-10),[西] 大橋勇樹,202410020505
3,5,9,キットハナガサク,牝3,55.0,富田暁,2:02.9,1.1/4,5.0,2.0,448(-2),[東] 武井亮,202410020505
4,6,12,ウインボレロ,牡3,57.0,和田竜二,2:03.2,1.3/4,56.3,11.0,432(-4),[東] 手塚貴久,202410020505
5,7,15,ディアマンドロップ,牝3,55.0,菊沢一樹,2:04.2,6,58.9,12.0,472(+4),[東] 小手川準,202410020505
6,2,3,ボールドホーク,牡3,53.0,小林美駒,2:04.4,1.1/4,399.0,17.0,438(+2),[東] 鈴木慎太,202410020505
7,3,5,エクセルゴールド,牡3,57.0,丹内祐次,2:04.6,1.1/4,12.4,6.0,474(+4),[東] 武市康男,202410020505
8,3,6,デイトゥリメンバー,牝3,54.0,小沢大仁,2:04.8,1.1/4,67.5,13.0,450(-6),[西] 今野貞一,202410020505
9,2,4,パステルツェ,牝3,55.0,斎藤新,2:04.8,クビ,5.9,3.0,442(+2),[西] 清水久詞,202410020505
10,7,14,テーオーマーシャル,牡3,57.0,亀田温心,2:04.9,1/2,8.0,5.0,480(-4),[西] 高柳大輔,202410020505
11,4,7,レディアマゾネス,牝3,53.0,小林凌大,2:05.0,1/2,24.1,9.0,442(-2),[東] 尾形和幸,202410020505
12,5,10,シーグリント,牝3,55.0,丸山元気,2:05.0,アタマ,23.6,8.0,392(-6),[西] 牧浦充徳,202410020505
13,7,13,エイシンローテイト,牡3,55.0,西塚洸二,2:05.1,1/2,228.9,15.0,506(+6),[西] 高橋康之,202410020505
14,8,18,レトロタイプ,牡3,57.0,吉田隼人,2:05.2,クビ,23.3,7.0,508(+2),[東] 加藤士津,202410020505
15,8,17,レクエルダメ,牝3,55.0,菱田裕二,2:05.7,3,220.3,14.0,434(-6),[東] 天間昭一,202410020505
16,4,8,アスクストライク,牡3,57.0,秋山真一,2:05.8,1,45.6,10.0,512(-12),[西] 坂口智康,202410020505
17,8,16,ラウドワルド,牡3,57.0,荻野極,2:07.0,7,235.0,16.0,474(0),[東] 黒岩陽一,202410020505
18,1,2,サノノスピード,牡3,57.0,黛弘人,2:07.5,3,501.4,18.0,486(-4),[東] 尾形和幸,202410020505
1,1,1,トーアライデン,牡4,57.0,亀田温心,1:49.1,,3.8,2.0,486(0),[西] 村山明,202410020506
2,8,13,コスモエクスプレス,牡5,58.0,丹内祐次,1:49.3,1.1/4,4.0,3.0,494(+4),[東] 松永康利,202410020506
3,8,12,タケトンボ,牝5,56.0,和田竜二,1:49.3,アタマ,25.6,6.0,442(-2),[西] 飯田雄三,202410020506
4,6,8,エイトスターズ,牝4,52.0,永島まな,1:49.5,3/4,7.2,4.0,472(+8),[西] 坂口智康,202410020506
5,5,6,スズカキング,牡7,58.0,菱田裕二,1:49.5,クビ,30.1,7.0,458(0),[西] 谷潔,202410020506
6,7,10,ショウナンアキドン,牡4,56.0,松本大輝,1:49.7,1,8.3,5.0,472(-2),[西] 高野友和,202410020506
7,4,4,フロスティクォーツ,牡6,58.0,丸山元気,1:49.8,1/2,130.4,11.0,482(-2),[東] 加藤和宏,202410020506
8,5,7,ヒドゥンキング,牡5,58.0,黛弘人,1:49.9,3/4,77.4,10.0,474(+4),[東] 伊藤大士,202410020506
9,6,9,エピメテウス,牡4,57.0,藤岡康太,1:49.9,アタマ,2.9,1.0,534(0),[東] 堀宣行,202410020506
10,3,3,サトノマジェスタ,セ6,56.0,西塚洸二,1:50.4,3,45.2,9.0,480(-6),[西] 音無秀孝,202410020506
11,2,2,ユリシーズ,セ5,55.0,川端海翼,1:50.6,1.1/2,265.5,13.0,462(-12),[西] 大根田裕,202410020506
12,4,5,ファタリテ,牡8,55.0,鷲頭虎太,1:50.7,1/2,150.9,12.0,452(+8),[西] 大根田裕,202410020506
13,7,11,ドゥヴァンスマン,牡4,57.0,藤岡佑介,1:50.8,1/2,44.9,8.0,496(+2),[西] 茶木太樹,202410020506
1,1,1,エールミネルヴァ,牝4,55.0,和田竜二,1:44.9,,7.7,5.0,468(+2),[西] 橋口慎介,202410020507
2,6,10,バイロイト,牝5,52.0,小林美駒,1:45.0,1/2,14.6,9.0,482(-8),[東] 栗田徹,202410020507
3,3,3,チャプリ,牝5,56.0,斎藤新,1:45.1,1/2,6.0,2.0,462(+2),[東] 高木登,202410020507
4,3,4,リヤンドメテオール,牝4,55.0,富田暁,1:45.3,1.1/4,13.6,8.0,488(+2),[西] 中竹和也,202410020507
5,2,2,リノアラ,牝5,55.0,小沢大仁,1:45.4,1/2,35.2,10.0,430(-6),[西] 今野貞一,202410020507
6,5,7,リグレイアー,牝4,55.0,亀田温心,1:45.5,1/2,53.0,12.0,472(+2),[西] 北出成人,202410020507
7,4,6,ブルーペクトライト,牝4,55.0,藤岡佑介,1:45.6,3/4,6.4,3.0,464(-10),[西] 池添学,202410020507
8,8,13,ワイドカイゼリン,牝4,51.0,河原田菜,1:45.8,3/4,10.9,7.0,482(+2),[西] 奥村豊,202410020507
9,5,8,ニシノパプルブリリ,牝4,55.0,菊沢一樹,1:46.0,1.1/4,41.0,11.0,472(0),[東] 矢野英一,202410020507
10,7,11,パラディ,牝4,55.0,丹内祐次,1:46.1,1,4.3,1.0,464(-10),[西] 四位洋文,202410020507
11,4,5,ナムララジベラ,牝4,55.0,高倉稜,1:46.1,ハナ,7.2,4.0,464(-6),[西] 杉山晴紀,202410020507
12,7,12,シャウラ,牝4,55.0,藤岡康太,1:46.2,クビ,8.7,6.0,462(+4),[西] 高橋義忠,202410020507
13,8,14,イノセンス,牝4,55.0,荻野極,1:46.4,1.1/2,223.7,14.0,470(-2),[東] 高木登,202410020507
14,6,9,サイモンブーケ,牝4,52.0,永島まな,1:48.4,大,118.8,13.0,488(-4),[西] 梅田智之,202410020507
1,1,1,ブラックボイス,牡5,60.0,石神深一,3:48.6,,4.3,2.0,518(-4),[東] 宮田敬介,202410020508
2,7,8,ジューンベロシティ,牡6,61.0,高田潤,3:48.9,1.3/4,2.2,1.0,466(-2),[西] 武英智,202410020508
3,3,3,ニューツーリズム,セ8,60.0,伴啓太,3:49.1,1.1/4,12.3,6.0,516(-4),[東] 黒岩陽一,202410020508
4,8,10,タイキフロリゼル,牡6,60.0,黒岩悠,3:49.2,1/2,74.8,8.0,476(-2),[西] 谷潔,202410020508
5,4,4,スヴァルナ,牡9,60.0,森一馬,3:49.5,1.3/4,11.5,5.0,526(+4),[西] 池江泰寿,202410020508
6,7,7,ロードトゥフェイム,牡6,60.0,五十嵐雄,3:49.8,2,6.0,4.0,502(-16),[東] 尾形和幸,202410020508
7,8,9,マイネルヴァッサー,牡11,60.0,小野寺祐,3:49.9,クビ,42.5,7.0,424(+2),[東] 土田稔,202410020508
8,5,5,アサクサゲンキ,セ9,61.0,小牧加矢,3:50.0,1,5.4,3.0,480(+2),[西] 音無秀孝,202410020508
9,6,6,シングンジョーイ,牡6,59.0,水沼元輝,3:53.9,大,199.7,10.0,462(+4),[東] 伊坂重信,202410020508
中,2,2,タガノペルマネンテ,牝7,57.0,中村将之,,,110.1,9.0,450(-6),[西] 平田修,202410020508
1,3,3,レッドアヴァンティ,牡5,58.0,吉田隼人,1:09.2,,3.1,1.0,504(0),[東] 尾関知人,202410020509
2,4,6,コーリングユー,牝5,56.0,斎藤新,1:09.5,2,5.6,4.0,442(0),[西] 安田隆行,202410020509
3,4,5,フライングブレード,牡4,58.0,和田竜二,1:09.7,1,3.1,2.0,488(0),[西] 飯田祐史,202410020509
4,5,7,ディアドコス,牡4,58.0,松本大輝,1:09.7,クビ,107.0,12.0,500(+2),[西] 羽月友彦,202410020509
5,5,8,インクルードダイヤ,牝4,56.0,藤岡佑介,1:09.7,クビ,23.2,7.0,458(0),[西] 武英智,202410020509
6,7,11,ソノママソノママ,牝4,56.0,泉谷楓真,1:09.9,1.1/4,49.9,9.0,428(-10),[西] 奥村豊,202410020509
7,1,1,コスモグングニール,牡4,58.0,丹内祐次,1:09.9,ハナ,5.1,3.0,520(+6),[西] 緒方努,202410020509
8,3,4,アイムファイン,牝5,56.0,黛弘人,1:10.0,クビ,20.2,6.0,410(0),[東] 奥平雅士,202410020509
9,7,12,ウインエイムハイ,牡5,58.0,小林凌大,1:10.1,3/4,233.5,13.0,480(+4),[東] 畠山吉宏,202410020509
10,2,2,クリノゴッホ,牡4,58.0,丸山元気,1:10.3,1.1/2,67.9,10.0,472(+6),[東] 岩戸孝樹,202410020509
11,8,13,メイショウコギク,牝4,56.0,富田暁,1:10.3,アタマ,16.5,5.0,436(-2),[西] 石橋守,202410020509
12,6,10,フリントロック,牝4,56.0,菊沢一樹,1:10.4,1/2,33.3,8.0,432(0),[東] 菊沢隆徳,202410020509
13,8,14,ロッソランパンテ,牝4,56.0,佐藤翔馬,1:10.6,1.1/4,422.1,14.0,466(-4),[東] 杉浦宏昭,202410020509
14,6,9,イミュータブル,牡4,58.0,秋山真一,1:10.8,1.1/2,98.5,11.0,472(-2),[西] 浜田多実,202410020509
1,6,11,マイネルカーライル,牡4,57.0,丹内祐次,1:43.4,,1.4,1.0,516(+4),[西] 西園正都,202410020510
2,5,9,サムハンター,牡6,58.0,丸山元気,1:43.8,2.1/2,37.4,8.0,496(0),[西] 高橋康之,202410020510
3,5,10,ニホンピロハーバー,牡6,58.0,吉田隼人,1:43.9,クビ,27.9,7.0,510(+10),[西] 安達昭夫,202410020510
4,4,7,ジルバーン,牡5,58.0,藤岡康太,1:44.0,1/2,13.7,4.0,430(-4),[西] 緒方努,202410020510
5,2,4,フローラルビアンカ,牝5,56.0,藤岡佑介,1:44.1,3/4,61.8,12.0,484(0),[西] 田中克典,202410020510
6,7,14,シゲルショウグン,牡4,57.0,永島まな,1:44.2,3/4,7.7,2.0,490(-6),[西] 大橋勇樹,202410020510
7,7,13,アッチャゴーラ,牡4,57.0,小崎綾也,1:44.3,アタマ,25.9,6.0,498(+6),[西] 村山明,202410020510
8,8,15,メイショウコボケ,牝4,55.0,西塚洸二,1:44.4,3/4,11.9,3.0,490(+2),[西] 河内洋,202410020510
9,6,12,コパノオースティン,セ5,58.0,亀田温心,1:44.5,3/4,300.8,16.0,498(+1),[西] 村山明,202410020510
10,1,2,ディサイド,牡5,58.0,松本大輝,1:44.7,1.1/4,14.9,5.0,488(0),[西] 高野友和,202410020510
11,4,8,テンウォークライ,牡6,58.0,勝浦正樹,1:44.7,ハナ,62.8,13.0,478(-8),[東] 金成貴史,202410020510
12,8,16,オースミリン,牝5,56.0,秋山真一,1:44.8,アタマ,40.3,9.0,448(-4),[西] 荒川義之,202410020510
13,3,6,フロンタルクリス,牡6,58.0,菊沢一樹,1:44.9,1/2,150.3,14.0,500(0),[東] 伊坂重信,202410020510
14,3,5,リアルシング,牡7,58.0,斎藤新,1:45.0,1/2,152.1,15.0,524(-10),[西] 緒方努,202410020510
15,1,1,トゥーテイルズ,牝4,55.0,菱田裕二,1:45.0,クビ,47.6,10.0,464(-4),[西] 藤原英昭,202410020510
16,2,3,アレクサ,牡4,57.0,和田竜二,1:45.3,1.3/4,58.3,11.0,514(+6),[東] 斎藤誠,202410020510
1,4,7,マリネロ,牝5,53.0,丹内祐次,2:02.2,,3.2,1.0,430(+2),[東] 嘉藤貴行,202410020511
2,5,8,アトミックフレア,牝6,54.0,泉谷楓真,2:02.2,ハナ,15.7,5.0,448(0),[西] 渡辺薫彦,202410020511
3,4,6,レミージュ,牝4,53.0,荻野極,2:02.2,クビ,20.6,9.0,436(-4),[西] 松永幹夫,202410020511
4,7,12,スズカハービン,牡4,54.0,菱田裕二,2:02.2,クビ,22.3,10.0,466(+4),[西] 高橋義忠,202410020511
5,7,13,テリオスマナ,牝6,53.0,和田竜二,2:02.3,1/2,5.1,3.0,464(-2),[西] 松下武士,202410020511
6,2,2,チュウワモーニング,牝4,51.0,小崎綾也,2:02.3,ハナ,125.9,13.0,448(-2),[西] 小崎憲,202410020511
7,3,5,ディープレイヤー,牡5,56.0,長岡禎仁,2:02.4,1/2,18.3,7.0,484(-10),[東] 大和田成,202410020511
8,3,4,マイネルメモリー,牡4,56.0,吉田隼人,2:02.4,アタマ,4.5,2.0,468(-4),[西] 宮徹,202410020511
9,8,15,ダディーズトリップ,牡8,55.0,秋山真一,2:02.5,クビ,26.8,11.0,466(+10),[西] 千田輝彦,202410020511
10,1,1,コスモフロイデ,牡5,56.0,富田暁,2:02.6,3/4,16.5,6.0,476(-4),[東] 天間昭一,202410020511
11,2,3,ヤマニンループ,牡5,55.0,永島まな,2:02.8,1,7.1,4.0,440(-4),[西] 松永幹夫,202410020511
12,8,14,コルベイユ,牝5,52.0,石田拓郎,2:02.8,クビ,199.8,14.0,436(-2),[東] 新開幸一,202410020511
13,6,10,ホウオウユニコーン,牡5,55.0,丸山元気,2:02.9,3/4,19.7,8.0,476(-4),[東] 奥村武,202410020511
14,6,11,ヒルノエドワード,牡7,54.0,勝浦正樹,2:03.4,2.1/2,115.3,12.0,478(-6),[西] 昆貢,202410020511
15,5,9,クリノキングボス,牡7,50.0,城戸義政,2:03.9,3,307.8,15.0,470(-2),[東] 天間昭一,202410020511
1,7,15,マテンロウボンド,牡5,58.0,藤岡佑介,1:09.3,,6.5,3.0,498(-10),[西] 野中賢二,202410020512
2,3,5,アドマイヤジェイ,牡5,58.0,藤岡康太,1:09.3,クビ,2.2,1.0,502(0),[西] 友道康夫,202410020512
3,4,7,カフェクロニクル,牡5,58.0,菱田裕二,1:09.4,1/2,17.4,7.0,468(-6),[東] 堀宣行,202410020512
4,7,14,オリアメンディ,牝6,56.0,黛弘人,1:09.6,1,116.0,15.0,478(+2),[東] 石毛善彦,202410020512
5,5,10,ミネヒメ,牝4,53.0,水沼元輝,1:09.7,3/4,42.0,11.0,430(0),[東] 本間忍,202410020512
6,6,11,メリトリオ,牡4,58.0,和田竜二,1:09.8,クビ,24.4,9.0,474(+2),[東] 大竹正博,202410020512
7,8,17,シルバーダイヤ,牝4,53.0,佐藤翔馬,1:09.8,ハナ,168.5,16.0,458(0),[東] 小野次郎,202410020512
8,1,1,ワンリオン,牡5,58.0,亀田温心,1:09.8,クビ,14.2,5.0,498(+6),[西] 北出成人,202410020512
9,3,6,ホイッスルソング,牝4,56.0,丹内祐次,1:09.9,クビ,6.3,2.0,468(-2),[東] 黒岩陽一,202410020512
10,8,18,ハクサンミニョン,牝4,53.0,永島まな,1:09.9,クビ,10.5,4.0,430(-4),[西] 高橋康之,202410020512
11,2,3,ショッキングブルー,牝4,55.0,松本大輝,1:10.0,1/2,227.2,17.0,440(-4),[東] 清水英克,202410020512
12,8,16,ノーブルラン,牡4,56.0,小林凌大,1:10.1,3/4,50.0,12.0,474(0),[東] 尾形和幸,202410020512
13,4,8,サルサロッサ,牝5,52.0,河原田菜,1:10.1,クビ,79.0,14.0,446(-10),[東] 高柳瑞樹,202410020512
14,7,13,リトルミム,牝4,56.0,斎藤新,1:10.2,1/2,17.3,6.0,516(-4),[西] 鮫島一歩,202410020512
15,2,4,パワポケビー,牝5,56.0,荻野極,1:10.3,クビ,23.6,8.0,508(0),[東] 中野栄治,202410020512
16,6,12,アウクソー,牝4,52.0,小林美駒,1:10.5,1.1/4,41.8,10.0,412(-8),[西] 平田修,202410020512
17,5,9,クリノアンビシャス,セ6,58.0,城戸義政,1:10.9,2.1/2,348.2,18.0,480(0),[西] 荒川義之,202410020512
18,1,2,アクアマリンブルー,セ6,58.0,菊沢一樹,1:10.9,アタマ,51.1,13.0,434(-2),[東] 戸田博文,202410020512
1,3,5,アスクナサニエル,牡3,55.0,西塚洸二,1:46.0,,2.4,1.0,510(+4),[西] 藤原英昭,202410020601
2,7,13,パレスパートナー,牝3,51.0,小林美駒,1:46.4,2.1/2,12.9,5.0,482(0),[東] 鈴木伸尋,202410020601
3,6,11,ヒデシンイメル,牡3,57.0,藤岡佑介,1:46.4,アタマ,6.1,3.0,464(-4),[西] 武英智,202410020601
4,1,1,パッカパッカブー,牡3,57.0,丸山元気,1:47.0,3.1/2,5.8,2.0,478(-8),[西] 須貝尚介,202410020601
5,7,14,クアトロジャック,牡3,57.0,幸英明,1:47.0,アタマ,16.7,8.0,464(0),[西] 庄野靖志,202410020601
6,5,10,テイエムゴールドン,牡3,56.0,小沢大仁,1:47.3,1.1/2,15.1,7.0,464(-6),[西] 木原一良,202410020601
7,1,2,アルピニスト,牝3,54.0,秋山稔樹,1:47.3,クビ,31.8,10.0,458(+2),[西] 杉山佳明,202410020601
8,8,16,イズジョーノヒカリ,牝3,55.0,秋山真一,1:48.2,5,13.4,6.0,474(+2),[西] 中尾秀正,202410020601
9,5,9,インジケーター,牡3,54.0,永島まな,1:48.2,ハナ,99.8,12.0,494(-8),[西] 高橋康之,202410020601
10,4,7,メイショウウミカゼ,牡3,57.0,丹内祐次,1:48.5,1.3/4,8.3,4.0,450(+4),[東] 和田勇介,202410020601
11,8,15,タイセイガスト,牡3,57.0,富田暁,1:48.7,1,88.8,11.0,482(-6),[西] 浜田多実,202410020601
12,2,3,アケノミョウジョウ,牝3,55.0,黛弘人,1:49.1,2.1/2,357.8,15.0,450(0),[東] 伊藤伸一,202410020601
13,4,8,エンジェルズキッス,牝3,52.0,川端海翼,1:49.8,4,216.8,14.0,444(+12),[西] 辻野泰之,202410020601
14,2,4,シングマイブルース,牡3,57.0,鮫島克駿,1:50.8,6,22.2,9.0,488(0),[西] 中竹和也,202410020601
15,3,6,モナビジュー,牝3,52.0,鷲頭虎太,1:52.4,10,385.4,16.0,444(0),[東] 上原博之,202410020601
16,6,12,トラストバシレウス,牡3,57.0,菱田裕二,1:57.9,大,165.2,13.0,412(+2),[西] 羽月友彦,202410020601
1,6,12,サクソンジェンヌ,牝3,55.0,富田暁,1:49.8,,19.4,6.0,458(+10),[西] 高橋義忠,202410020602
2,7,14,パシフィックハイ,牝3,55.0,鮫島克駿,1:50.1,1.3/4,3.0,2.0,448(-2),[西] 杉山佳明,202410020602
3,4,8,バーキン,牝3,53.0,西塚洸二,1:50.6,3,19.9,7.0,462(-2),[西] 西園翔太,202410020602
4,2,4,タガノアミカル,牝3,55.0,城戸義政,1:51.1,3.1/2,236.1,12.0,456(+10),[西] 荒川義之,202410020602
5,2,3,ヴェルダージ,牝3,52.0,永島まな,1:51.3,3/4,6.7,4.0,504(+4),[西] 寺島良,202410020602
6,3,6,ラントリサント,牝3,55.0,北村友一,1:51.3,クビ,6.2,3.0,406(0),[西] 吉岡辰弥,202410020602
7,6,11,タクシンイメル,牝3,55.0,藤岡佑介,1:51.5,3/4,2.7,1.0,472(+20),[西] 武英智,202410020602
8,8,15,ジュリアスローズ,牝3,54.0,松本大輝,1:51.7,1.1/4,53.0,8.0,452(+6),[西] 新谷功一,202410020602
9,5,10,リケアオランジュ,牝3,52.0,佐藤翔馬,1:52.1,2.1/2,86.7,9.0,372(0),[東] 小野次郎,202410020602
10,8,16,ペイシャラブリー,牝3,51.0,小林美駒,1:52.2,1/2,260.5,13.0,448(+4),[西] 高橋康之,202410020602
11,7,13,チカミリオン,牝3,55.0,秋山真一,1:52.3,3/4,12.3,5.0,494(0),[西] 大久保龍,202410020602
12,1,2,ルージュプリエール,牝3,55.0,菱田裕二,1:52.3,クビ,125.3,11.0,408(0),[西] 松永幹夫,202410020602
13,5,9,ガケップチー,牝3,55.0,菊沢一樹,1:52.4,3/4,287.7,14.0,470(-14),[東] 青木孝文,202410020602
14,3,5,ガンバリキ,牝3,55.0,勝浦正樹,1:52.7,1.1/2,297.0,15.0,450(+2),[東] 的場均,202410020602
15,4,7,スターティアラ,牝3,55.0,丹内祐次,1:53.7,6,89.8,10.0,464(0),[西] 高柳大輔,202410020602
16,1,1,アイノユメテーラー,牝3,52.0,川端海翼,1:54.9,7,343.1,16.0,468(0),[西] 緒方努,202410020602
1,3,3,ジューンアース,牝4,56.0,秋山真一,0:57.5,,1.6,1.0,526(+8),[西] 飯田祐史,202410020603
2,4,6,ニルアドミラリ,セ6,58.0,丸山元気,0:58.0,3,15.3,5.0,560(+2),[東] 和田正一,202410020603
3,3,4,ヒメカミノイタダキ,牡5,54.0,小林美駒,0:58.0,クビ,25.0,7.0,504(-8),[東] 武市康男,202410020603
4,4,5,アネモス,牝4,55.0,秋山稔樹,0:58.1,1/2,9.2,4.0,490(-2),[西] 北出成人,202410020603
5,5,8,シルヴァーゴースト,牝4,56.0,丹内祐次,0:58.3,1.1/2,7.5,3.0,458(0),[東] 岩戸孝樹,202410020603
6,7,11,ジェットグリッター,牝5,56.0,菊沢一樹,0:58.4,1/2,5.9,2.0,444(0),[東] 勢司和浩,202410020603
7,7,12,ザアトム,牡5,57.0,松本大輝,0:58.4,アタマ,35.7,8.0,506(0),[東] 田島俊明,202410020603
8,6,9,モーデン,牡6,58.0,幸英明,0:58.6,3/4,23.6,6.0,472(-12),[西] 藤沢則雄,202410020603
9,5,7,イツモハラペコ,牡4,56.0,西塚洸二,0:58.7,1/2,38.4,9.0,486(+2),[西] 畑端省吾,202410020603
10,8,14,モメチョッタ,牝8,53.0,水沼元輝,0:58.7,クビ,148.4,12.0,472(-2),[東] 石毛善彦,202410020603
11,6,10,フクノルッカ,牝6,53.0,鷲頭虎太,0:58.7,ハナ,120.7,11.0,452(-8),[東] 堀内岳志,202410020603
12,8,13,ベアカワイコチャン,牝4,53.0,佐藤翔馬,0:59.0,1.1/2,180.8,13.0,488(-2),[東] 杉浦宏昭,202410020603
13,2,2,サンマルセレッソ,牝6,53.0,永島まな,0:59.0,クビ,67.1,10.0,448(+6),[東] 土田稔,202410020603
14,1,1,ボルドーネセバル,牡4,58.0,黛弘人,1:00.6,10,341.9,14.0,464(+12),[東] 石毛善彦,202410020603
1,8,9,カイザーバローズ,牡6,60.0,小牧加矢,3:12.1,,1.9,1.0,456(-2),[西] 音無秀孝,202410020604
2,7,8,メイショウコホク,セ7,60.0,小野寺祐,3:12.8,4,11.0,5.0,488(-6),[西] 藤沢則雄,202410020604
3,6,6,ジューンヨシツネ,牡5,60.0,中村将之,3:13.7,5,4.9,2.0,468(-2),[西] 松下武士,202410020604
4,7,7,オメガリッチマン,牡4,59.0,高田潤,3:14.0,2,10.0,4.0,442(+2),[西] 安田翔伍,202410020604
5,4,4,トーセンアウローラ,牡4,59.0,五十嵐雄,3:15.1,7,24.5,8.0,462(+10),[東] 尾形和幸,202410020604
6,2,2,アイファーチーター,牡6,60.0,草野太郎,3:16.0,5,23.7,7.0,480(+10),[東] 的場均,202410020604
7,8,10,ネッスンドルマ,牡5,60.0,伴啓太,3:16.3,1.3/4,103.7,10.0,458(-2),[東] 加藤士津,202410020604
8,3,3,ニャンチンノン,牡5,60.0,黒岩悠,3:18.0,10,41.3,9.0,482(+16),[西] 中竹和也,202410020604
9,5,5,キールロワイヤル,牡4,59.0,森一馬,3:18.9,5,6.6,3.0,462(-4),[西] 斉藤崇史,202410020604
10,1,1,シルバースピリット,セ6,60.0,大江原圭,3:20.8,大,13.2,6.0,462(-4),[東] 蛯名正義,202410020604
1,7,14,セレスト,牡3,54.0,川端海翼,1:49.7,,24.9,8.0,426(+2),[西] 羽月友彦,202410020605
2,2,3,ファインライン,牡3,57.0,幸英明,1:49.8,1,18.2,7.0,454(+10),[西] 松永幹夫,202410020605
3,8,16,ロードクロンヌ,牡3,57.0,北村友一,1:50.1,1.3/4,27.5,9.0,460(0),[西] 四位洋文,202410020605
4,2,4,ホワイトビーチ,牡3,55.0,小林凌大,1:50.4,1.1/2,6.2,3.0,486(+4),[東] 中野栄治,202410020605
5,6,12,ホームアンドドライ,牡3,57.0,菱田裕二,1:50.4,クビ,11.0,6.0,470(0),[西] 高柳大輔,202410020605
6,1,2,イルデポート,牡3,57.0,鮫島克駿,1:50.6,1,3.4,1.0,464(+4),[西] 杉山佳明,202410020605
7,6,11,アルゴナヴィス,牡3,57.0,富田暁,1:50.8,1.1/4,7.2,4.0,466(-2),[西] 池江泰寿,202410020605
8,3,6,メイショウマゴイチ,牡3,57.0,秋山真一,1:51.2,2.1/2,9.4,5.0,470(+4),[西] 武幸四郎,202410020605
9,5,9,エマロア,牝3,52.0,永島まな,1:51.6,2.1/2,3.6,2.0,480(-4),[西] 平田修,202410020605
10,1,1,ウインオーブ,牡3,57.0,丹内祐次,1:51.7,3/4,83.6,11.0,444(+12),[西] 宮本博,202410020605
11,5,10,マーゴットメネス,牡3,57.0,菊沢一樹,1:51.8,クビ,184.4,14.0,478(+10),[東] 伊坂重信,202410020605
12,7,13,ウォーターリッシュ,牝3,53.0,西塚洸二,1:51.8,アタマ,216.0,16.0,430(-4),[西] 安田隆行,202410020605
13,4,7,メイケイノヴァ,牝3,55.0,藤岡佑介,1:51.8,クビ,99.4,12.0,406(-4),[西] 武英智,202410020605
14,8,15,メイショウノワキ,牝3,55.0,亀田温心,1:52.3,3,212.5,15.0,420(0),[西] 安達昭夫,202410020605
15,4,8,リケアヴィオレ,牡3,56.0,秋山稔樹,1:52.7,2,62.0,10.0,462(+2),[東] 蛯名利弘,202410020605
16,3,5,ガンバルフトシ,牡3,57.0,小牧太,1:53.4,4,130.8,13.0,508(+26),[西] 笹田和秀,202410020605
1,8,18,トーラスシャイン,牡3,57.0,北村友一,1:09.8,,11.2,6.0,476(0),[西] 田中克典,202410020606
2,5,9,シアター,牝3,55.0,藤岡佑介,1:09.9,1/2,4.2,1.0,438(+2),[西] 茶木太樹,202410020606
3,1,2,ヤブサメ,牡3,57.0,富田暁,1:10.1,1.1/4,5.2,4.0,476(-2),[西] 石橋守,202410020606
4,3,6,ゴールドジャンパー,牝3,54.0,秋山稔樹,1:10.3,3/4,4.9,2.0,414(0),[東] 深山雅史,202410020606
5,2,3,リベリアンガール,牝3,52.0,土田真翔,1:10.5,1.1/4,369.5,16.0,418(-4),[東] 金成貴史,202410020606
6,4,7,コスモララバイ,牝3,55.0,丹内祐次,1:10.6,3/4,5.0,3.0,402(+2),[西] 吉田直弘,202410020606
7,1,1,アンコーナ,牝3,55.0,丸山元気,1:10.6,ハナ,6.5,5.0,446(+2),[東] 菊川正達,202410020606
8,3,5,サクラリゲル,牡3,57.0,菊沢一樹,1:10.6,ハナ,57.0,11.0,490(-2),[東] 勢司和浩,202410020606
9,5,10,ラムテリオス,牝3,52.0,永島まな,1:10.7,クビ,28.8,7.0,438(-4),[西] 吉村圭司,202410020606
10,4,8,ファストチアフル,牝3,55.0,城戸義政,1:11.0,2,420.4,18.0,460(0),[西] 荒川義之,202410020606
11,6,12,ライヴパトラッシュ,セ3,55.0,小林凌大,1:11.0,ハナ,329.3,15.0,490(-4),[東] 尾形和幸,202410020606
12,2,4,デヴォート,牝3,55.0,秋山真一,1:11.3,1.1/2,62.1,12.0,418(+4),[西] 橋口慎介,202410020606
13,6,11,ワイドジャイキリ,牝3,51.0,小林美駒,1:11.4,3/4,28.9,8.0,420(+6),[西] 藤岡健一,202410020606
14,7,14,ミッキーイーグル,牡3,57.0,黛弘人,1:11.7,1.1/2,35.3,10.0,450(-6),[東] 久保田貴,202410020606
15,7,15,キラン,牝3,55.0,勝浦正樹,1:11.9,1.1/2,373.8,17.0,384(+4),[東] 佐藤吉勝,202410020606
16,7,13,リルフロスト,牡3,57.0,幸英明,1:12.2,1.1/2,34.0,9.0,482(+2),[東] 牧光二,202410020606
17,8,16,セブンスリーローズ,牝3,54.0,小沢大仁,1:12.5,2,108.7,13.0,418(-8),[西] 飯田祐史,202410020606
18,8,17,ラブリーメイク,牝3,55.0,菱田裕二,1:12.8,1.3/4,198.9,14.0,434(0),[西] 鮫島一歩,202410020606
1,5,6,リニュー,牡5,58.0,丹内祐次,2:43.2,,3.3,1.0,454(-2),[東] 清水英克,202410020607
2,4,5,イゾレエオリア,牝4,55.0,富田暁,2:43.4,1.1/4,17.1,7.0,466(+2),[東] 伊藤大士,202410020607
3,7,10,ラバタンシン,牡4,57.0,菊沢一樹,2:43.5,3/4,10.0,5.0,496(-2),[西] 寺島良,202410020607
4,6,8,マケルナマサムネ,牡6,58.0,北村友一,2:43.5,アタマ,8.3,4.0,472(-2),[西] 杉山佳明,202410020607
5,2,2,ティータイム,牝4,53.0,西塚洸二,2:43.7,3/4,26.1,9.0,438(-2),[西] 長谷川浩,202410020607
6,5,7,ディアマイサン,牡4,57.0,菱田裕二,2:43.7,アタマ,17.6,8.0,538(+16),[西] 松下武士,202410020607
7,7,11,ブロンドケリー,牡5,54.0,小林美駒,2:43.9,1,121.7,13.0,446(-8),[西] 藤沢則雄,202410020607
8,4,4,エルバルーチェ,牝7,56.0,藤岡佑介,2:44.4,3.1/2,7.4,3.0,476(-2),[東] 西田雄一,202410020607
9,8,13,テラフォーミング,牡5,58.0,鮫島克駿,2:44.8,2,3.4,2.0,486(0),[東] 相沢郁,202410020607
10,6,9,ギンノサジ,牝6,56.0,丸山元気,2:44.9,1/2,34.5,10.0,492(+2),[東] 松永康利,202410020607
11,1,1,ウインリュクス,牝4,55.0,亀田温心,2:45.0,3/4,12.0,6.0,438(-2),[西] 飯田雄三,202410020607
12,3,3,ハットリ,牡4,56.0,小沢大仁,2:45.1,3/4,57.5,11.0,502(-19),[西] 吉村圭司,202410020607
13,8,12,リオンエトワール,牡4,54.0,鷲頭虎太,2:45.2,1/2,57.8,12.0,442(-2),[東] 堀内岳志,202410020607
1,6,7,タマモヴェナトル,牡4,57.0,菊沢一樹,1:44.2,,4.6,3.0,448(0),[東] 菊沢隆徳,202410020608
2,7,8,クリノグローリー,牡4,55.0,小林凌大,1:44.4,1.1/2,6.4,5.0,480(+4),[西] 谷潔,202410020608
3,3,3,アルシオーネ,牡6,55.0,永島まな,1:44.9,3,5.8,4.0,516(0),[西] 須貝尚介,202410020608
4,2,2,プレイサーゴールド,牡4,57.0,鮫島克駿,1:45.0,クビ,3.7,1.0,500(0),[西] 今野貞一,202410020608
5,4,4,ヤマニンクイッカー,牡5,58.0,丹内祐次,1:45.1,1/2,3.9,2.0,458(0),[東] 田島俊明,202410020608
6,1,1,ミユキザストロング,牡5,58.0,勝浦正樹,1:45.1,クビ,18.5,7.0,544(-4),[東] 小西一男,202410020608
7,5,5,ヒルノデプラーツ,牡5,58.0,亀田温心,1:45.3,1,32.0,8.0,490(+6),[西] 北出成人,202410020608
8,7,9,フェニックスループ,牡5,58.0,富田暁,1:45.9,3.1/2,84.3,10.0,478(+6),[西] 平田修,202410020608
9,8,11,トリオンファーレ,セ4,57.0,幸英明,1:46.2,1.1/2,13.4,6.0,468(-4),[東] 斎藤誠,202410020608
10,8,10,ボールドトップ,牡4,56.0,秋山稔樹,1:47.2,6,241.3,11.0,456(-2),[東] 鈴木慎太,202410020608
11,6,6,ヴィクトリーロード,牡4,53.0,小林美駒,1:50.4,大,83.1,9.0,480(-10),[東] 畠山吉宏,202410020608
1,7,10,エートラックス,牡3,57.0,鮫島克駿,1:44.9,,1.9,1.0,500(-8),[西] 宮本博,202410020609
2,6,8,コトホドサヨウニ,牡3,57.0,城戸義政,1:45.1,1.1/4,6.4,2.0,502(+4),[西] 奥村豊,202410020609
3,2,2,オーケーカルメン,牝3,55.0,藤岡佑介,1:45.5,2,26.5,10.0,416(-4),[西] 奥村豊,202410020609
4,7,9,クロドラバール,牡3,57.0,幸英明,1:45.5,クビ,14.8,6.0,524(+10),[西] 杉山晴紀,202410020609
5,3,3,タケノシンセイ,牡3,57.0,亀田温心,1:45.8,1.3/4,21.4,9.0,442(-6),[西] 村山明,202410020609
6,1,1,アンジュグルーヴ,牝3,55.0,北村友一,1:45.8,アタマ,10.0,4.0,474(+6),[西] 安田翔伍,202410020609
7,6,7,コパノアントニオ,牡3,57.0,丹内祐次,1:45.8,クビ,63.9,11.0,470(-10),[西] 梅田智之,202410020609
8,5,5,フォーディアライフ,牡3,57.0,秋山真一,1:45.9,1/2,18.1,8.0,528(0),[西] 武幸四郎,202410020609
9,8,12,バスタードサフラン,牝3,55.0,丸山元気,1:46.0,クビ,9.6,3.0,456(-10),[西] 渡辺薫彦,202410020609
10,4,4,グラティアスミノル,牡3,57.0,永島まな,1:46.0,ハナ,11.9,5.0,492(-4),[西] 北出成人,202410020609
11,8,11,ハクサンツキミテイ,牡3,57.0,富田暁,1:47.0,6,343.7,12.0,446(-7),[西] 小崎憲,202410020609
12,5,6,コパノマイアミ,牝3,55.0,秋山稔樹,1:49.3,大,17.0,7.0,460(+6),[西] 宮徹,202410020609
1,2,2,シャドウソニック,牡4,57.0,幸英明,2:02.4,,11.9,4.0,500(-6),[西] 辻野泰之,202410020610
2,6,6,スピーディブレイク,牡4,57.0,北村友一,2:02.5,1/2,3.5,2.0,448(+6),[東] 村田一誠,202410020610
3,7,7,フロムナウオン,牡4,57.0,秋山真一,2:02.6,1/2,6.8,3.0,544(-2),[東] 手塚貴久,202410020610
4,4,4,ヴィンセドリス,牡4,57.0,鮫島克駿,2:02.9,1.3/4,1.7,1.0,480(-8),[西] 友道康夫,202410020610
5,8,9,コスモダークナイト,牡5,58.0,丸山元気,2:02.9,クビ,50.8,7.0,498(-4),[西] 吉田直弘,202410020610
6,8,8,コスモバラタ,牡4,57.0,丹内祐次,2:02.9,ハナ,22.1,6.0,480(0),[東] 武市康男,202410020610
7,1,1,バンフィエルド,牡5,58.0,西塚洸二,2:03.0,1/2,88.6,8.0,436(+12),[西] 緒方努,202410020610
8,5,5,サンズオブタイム,牡6,58.0,菱田裕二,2:03.3,1.3/4,13.8,5.0,500(-2),[東] 和田勇介,202410020610
9,3,3,ポリクシニーズ,牡5,58.0,荻野極,2:03.6,1.3/4,90.4,9.0,502(+6),[東] 黒岩陽一,202410020610
1,8,16,カンチェンジュンガ,牡4,58.0,北村友一,1:09.0,,7.7,3.0,478(0),[西] 庄野靖志,202410020611
2,6,11,エコロレジーナ,牝4,56.0,菊沢一樹,1:09.3,2,13.7,7.0,494(0),[東] 菊沢隆徳,202410020611
3,7,13,エイシンフェンサー,牝4,56.0,川又賢治,1:09.3,クビ,14.1,8.0,464(-8),[西] 吉村圭司,202410020611
4,2,3,グランテスト,牝4,56.0,鮫島克駿,1:09.3,ハナ,3.3,1.0,458(-12),[西] 今野貞一,202410020611
5,7,14,グランレイ,牡7,58.0,荻野極,1:09.3,ハナ,19.9,10.0,472(-4),[西] 池添学,202410020611
6,4,7,カフジテトラゴン,牝5,56.0,丹内祐次,1:09.4,クビ,7.7,4.0,456(-12),[西] 武英智,202410020611
7,4,8,スリーアイランド,牝4,56.0,勝浦正樹,1:09.5,3/4,11.4,5.0,472(+2),[西] 中竹和也,202410020611
8,8,15,タツリュウオー,牝6,56.0,小沢大仁,1:09.7,1.1/4,32.6,11.0,468(-4),[西] 加用正,202410020611
9,8,17,メイショウエニシア,牝6,56.0,丸山元気,1:09.8,クビ,17.1,9.0,456(+2),[西] 本田優,202410020611
10,6,12,サニーオーシャン,セ6,58.0,幸英明,1:09.8,ハナ,46.3,13.0,454(-4),[東] 中野栄治,202410020611
11,1,2,ピンクマクフィー,牝5,56.0,藤岡佑介,1:09.9,1/2,5.8,2.0,428(-8),[西] 四位洋文,202410020611
12,1,1,ダンツイノーバ,牝7,56.0,秋山真一,1:10.0,3/4,13.7,6.0,472(-2),[西] 谷潔,202410020611
13,5,9,テイエムイダテン,牡7,58.0,西塚洸二,1:10.0,アタマ,81.3,15.0,484(-2),[西] 飯田雄三,202410020611
14,3,6,メイショウツツジ,牝6,56.0,富田暁,1:10.2,1,41.1,12.0,436(-4),[西] 木原一良,202410020611
15,3,5,クムシラコ,牡6,58.0,黛弘人,1:10.2,クビ,255.2,17.0,480(+8),[東] 石毛善彦,202410020611
16,2,4,テーオーメアリー,牝6,56.0,菱田裕二,1:10.6,2.1/2,74.9,14.0,476(-6),[西] 梅田智之,202410020611
17,5,10,ニホンピロタイズ,牡6,58.0,永島まな,1:10.6,クビ,124.2,16.0,514(-8),[西] 大橋勇樹,202410020611
1,5,5,ユイ,牝5,55.0,小沢大仁,1:51.3,,8.0,5.0,448(-2),[西] 高橋康之,202410020612
2,8,10,フラッシングレート,牝4,55.0,鮫島克駿,1:51.3,クビ,3.7,2.0,470(-10),[西] 音無秀孝,202410020612
3,1,1,クインズステラ,牝5,56.0,藤岡佑介,1:51.3,ハナ,13.4,6.0,462(+4),[東] 池上昌和,202410020612
4,7,7,マスキュリン,牝4,55.0,幸英明,1:51.4,クビ,4.4,3.0,440(0),[西] 新谷功一,202410020612
5,3,3,サトノリーベ,牝5,56.0,北村友一,1:51.6,1.1/4,6.6,4.0,432(-6),[西] 藤原英昭,202410020612
6,4,4,ムガ,牝5,53.0,鷲頭虎太,1:51.6,クビ,55.3,8.0,474(+10),[西] 大根田裕,202410020612
7,6,6,イッツオンリーユー,牝4,55.0,丹内祐次,1:51.7,1/2,3.1,1.0,468(-4),[東] 手塚貴久,202410020612
8,8,9,コウセイマリア,牝4,52.0,土田真翔,1:53.2,9,156.7,9.0,410(-2),[東] 和田雄二,202410020612
9,2,2,セイレジーナ,牝4,53.0,小林凌大,1:57.3,大,319.8,10.0,438(-12),[東] 天間昭一,202410020612
中,7,8,モンサンメリッサ,牝4,55.0,丸山元気,,,15.3,7.0,518(+24),[西] 杉山佳明,202410020612
1,2,4,クインズスピカ,牝3,55.0,菊沢一樹,1:51.3,,4.6,2.0,458(+8),[東] 村田一誠,202410020701
2,1,2,オレンジダンサー,牝3,55.0,幸英明,1:51.4,3/4,3.1,1.0,440(0),[西] 高野友和,202410020701
3,1,1,ラブリーサイン,牝3,55.0,岡部誠,1:52.1,4,25.0,10.0,490(+2),[西] 牧浦充徳,202410020701
4,8,15,タガノディオーサ,牝3,54.0,角田大和,1:52.2,1,18.9,9.0,450(-2),[西] 長谷川浩,202410020701
5,5,9,ベルベットハンマー,牝3,52.0,土田真翔,1:52.4,1,110.3,12.0,436(+6),[東] 天間昭一,202410020701
6,7,13,ニホンピロマリンバ,牝3,55.0,吉田隼人,1:52.4,アタマ,183.1,15.0,486(-6),[西] 安達昭夫,202410020701
7,6,11,グディンナ,牝3,51.0,河原田菜,1:52.4,クビ,39.1,11.0,410(-8),[西] 牧田和弥,202410020701
8,4,7,ホウオウペトリュス,牝3,55.0,亀田温心,1:52.5,1/2,5.8,3.0,436(0),[西] 須貝尚介,202410020701
9,6,12,アリスヴィクトリア,牝3,54.0,松本大輝,1:52.6,クビ,11.2,5.0,458(+4),[西] 中内田充,202410020701
10,7,14,フラッシュフリーズ,牝3,55.0,藤岡康太,1:52.8,1.1/2,13.8,7.0,384(-8),[西] 吉村圭司,202410020701
11,3,5,フェブラリースカイ,牝3,55.0,丹内祐次,1:52.9,クビ,15.0,8.0,472(0),[西] 西園翔太,202410020701
12,3,6,ピリー,牝3,52.0,橋木太希,1:52.9,クビ,13.5,6.0,496(-4),[西] 西園正都,202410020701
13,4,8,ヒルノセビリア,牝3,55.0,古川吉洋,1:53.1,1,10.7,4.0,430(+2),[西] 昆貢,202410020701
14,2,3,メイショウシオン,牝3,54.0,小沢大仁,1:53.4,1.3/4,149.1,14.0,458(-14),[西] 石橋守,202410020701
15,8,16,ニシノフルール,牝3,55.0,勝浦正樹,1:54.2,5,120.7,13.0,454(-6),[東] 杉浦宏昭,202410020701
16,5,10,プレミアヒロイン,牝3,55.0,黛弘人,1:58.9,大,208.1,16.0,416(0),[西] 飯田雄三,202410020701
1,8,16,ゴーインマイウェイ,牡3,57.0,菊沢一樹,1:10.3,,3.9,2.0,466(0),[東] 矢野英一,202410020702
2,4,7,ファイツオン,牡3,54.0,高杉吏麒,1:10.4,クビ,2.9,1.0,510(0),[西] 藤岡健一,202410020702
3,8,17,オキャン,牝3,55.0,富田暁,1:10.9,3,228.4,14.0,430(0),[東] 加藤士津,202410020702
4,2,3,ハヤブサソンタクン,牡3,57.0,川又賢治,1:10.9,ハナ,16.9,6.0,452(+2),[西] 寺島良,202410020702
5,1,2,ステイチューンド,牡3,57.0,幸英明,1:10.9,アタマ,4.2,3.0,452(0),[西] 清水久詞,202410020702
6,7,13,リベリアンガール,牝3,52.0,土田真翔,1:11.0,3/4,125.7,11.0,422(+4),[東] 金成貴史,202410020702
7,7,15,ベンダバール,牡3,57.0,岡部誠,1:11.2,1,27.8,7.0,456(-4),[西] 牧浦充徳,202410020702
8,6,12,ルクスアルム,牡3,57.0,太宰啓介,1:11.2,クビ,52.0,9.0,472(-2),[西] 高橋亮,202410020702
9,5,10,ムーンセット,牝3,52.0,吉村誠之,1:11.6,2.1/2,70.4,10.0,438(-4),[西] 小栗実,202410020702
10,8,18,ショウナンマリン,牝3,52.0,橋木太希,1:11.7,1/2,15.6,5.0,436(-10),[西] 西園正都,202410020702
11,6,11,ニシノアヤカゼ,牝3,55.0,丹内祐次,1:11.7,アタマ,5.9,4.0,464(+4),[東] 鈴木伸尋,202410020702
12,2,4,ウインウェイウェイ,牝3,54.0,秋山稔樹,1:11.8,クビ,234.1,15.0,402(-10),[東] 本間忍,202410020702
13,3,6,コムダビチュード,牝3,55.0,黛弘人,1:11.9,1/2,210.2,13.0,454(-2),[東] 南田美知,202410020702
14,1,1,フォカッチャ,牝3,51.0,河原田菜,1:12.0,1/2,311.7,17.0,424(-2),[東] 小手川準,202410020702
15,4,8,クイーンオブリリー,牝3,54.0,泉谷楓真,1:12.5,3,235.8,16.0,458(-4),[西] 宮徹,202410020702
16,3,5,コスモマチュアー,牝3,52.0,永島まな,1:12.5,クビ,31.5,8.0,486(0),[東] 松山将樹,202410020702
17,7,14,ゲッワイエンタン,牡3,56.0,小沢大仁,1:12.9,2.1/2,517.8,18.0,448(+2),[西] 高橋康之,202410020702
18,5,9,マーティー,セ3,54.0,川端海翼,1:13.2,2,148.4,12.0,442(-14),[西] 藤沢則雄,202410020702
1,1,1,スパークルジョイ,牝3,55.0,斎藤新,0:58.3,,4.3,2.0,446(+6),[西] 鮫島一歩,202410020703
2,4,5,ビーコング,牡3,56.0,松本大輝,0:58.8,3,1.8,1.0,492(-4),[西] 新谷功一,202410020703
3,4,6,スリーボビー,牡3,54.0,水沼元輝,0:58.9,1/2,48.1,9.0,484(-4),[東] 伊藤圭三,202410020703
4,8,14,ストライクオン,牡3,56.0,角田大和,0:59.1,1.1/4,47.5,8.0,476(+2),[西] 角田晃一,202410020703
5,5,8,スターチスブーケ,牝3,52.0,吉村誠之,0:59.2,3/4,9.0,4.0,492(-6),[西] 清水久詞,202410020703
6,7,12,フレイミングパイ,牝3,52.0,柴田裕一,0:59.3,クビ,72.8,11.0,434(+2),[西] 中竹和也,202410020703
7,5,7,ヒロブライト,牡3,57.0,富田暁,0:59.3,クビ,218.6,12.0,506(-8),[西] 川村禎彦,202410020703
8,2,2,コパマエチャン,牝3,52.0,石田拓郎,0:59.6,1.1/2,6.5,3.0,484(+8),[東] 大和田成,202410020703
9,6,9,ドランクマン,牡3,54.0,鷲頭虎太,0:59.7,1/2,10.6,5.0,462(-8),[西] 新谷功一,202410020703
10,6,10,ライスネイチャ,牡3,56.0,小沢大仁,0:59.9,1.1/2,39.3,6.0,436(0),[西] 松永昌博,202410020703
11,3,4,メイショウニコニコ,牝3,52.0,永島まな,1:00.2,1.3/4,47.3,7.0,440(-6),[西] 高橋亮,202410020703
12,3,3,ココロオドル,牝3,55.0,黛弘人,1:00.3,1/2,321.8,13.0,436(-14),[東] 伊藤大士,202410020703
13,8,13,オープンソース,牝3,55.0,菱田裕二,1:01.1,5,432.5,14.0,428(0),[東] 辻哲英,202410020703
14,7,11,ルクスリーベン,牝3,51.0,河原田菜,1:01.5,2,60.7,10.0,436(-4),[西] 松永昌博,202410020703
1,5,8,ウォータープイプイ,牝3,55.0,幸英明,2:03.2,,6.1,3.0,454(-10),[西] 岡田稲男,202410020706
2,6,10,ホワイトビーチ,牡3,57.0,黛弘人,2:03.3,3/4,10.6,6.0,478(-8),[東] 中野栄治,202410020706
3,3,4,サンライズガッツ,牡3,57.0,丹内祐次,2:03.5,3/4,7.5,4.0,474(-8),[西] 安田翔伍,202410020706
4,4,7,ロイドール,牡3,57.0,藤岡康太,2:04.1,3.1/2,3.2,1.0,524(+12),[西] 武幸四郎,202410020706
5,7,13,エイユーキュート,牝3,55.0,菱田裕二,2:04.1,アタマ,3.3,2.0,440(0),[西] 森田直行,202410020706
6,4,6,アーベントイアー,牡3,57.0,勝浦正樹,2:04.1,クビ,373.7,15.0,484(0),[東] 水野貴広,202410020706
7,5,9,マイネルコモドーア,牡3,57.0,富田暁,2:04.3,1.1/4,99.8,11.0,436(-4),[西] 長谷川浩,202410020706
8,2,2,クヴェレ,牡3,53.0,河原田菜,2:04.5,1,9.2,5.0,454(0),[西] 鈴木孝志,202410020706
9,8,14,サンデーダイヤ,牡3,57.0,斎藤新,2:04.5,ハナ,140.8,12.0,488(+14),[東] 斎藤誠,202410020706
10,6,11,マリエッティ,牝3,55.0,岡部誠,2:04.5,ハナ,28.6,8.0,424(+8),[西] 庄野靖志,202410020706
11,2,3,マテンロウマルス,牡3,57.0,太宰啓介,2:04.7,1,36.8,9.0,508(-10),[西] 昆貢,202410020706
12,1,1,カシノカンピオーネ,牡3,54.0,鷲頭虎太,2:04.8,3/4,93.6,10.0,486(-6),[東] 天間昭一,202410020706
13,8,15,マーゴットメネス,牡3,57.0,菊沢一樹,2:05.0,1.1/4,341.7,14.0,472(-6),[東] 伊坂重信,202410020706
14,7,12,アストロラヴ,牝3,55.0,吉田隼人,2:05.3,1.3/4,22.8,7.0,446(+4),[東] 村田一誠,202410020706
15,3,5,シナモンデイジー,牝3,52.0,水沼元輝,2:05.3,ハナ,274.3,13.0,466(+2),[東] 菊川正達,202410020706
1,5,10,カリフォルニア,牡3,57.0,小林凌大,1:44.7,,4.8,3.0,480(0),[東] 伊藤圭三,202410020707
2,1,1,カセノルーパス,牡3,54.0,川端海翼,1:45.7,6,3.3,1.0,474(-4),[西] 中尾秀正,202410020707
3,7,13,アーロンイメル,牡3,57.0,藤懸貴志,1:46.0,1.1/2,4.0,2.0,484(+14),[西] 高橋義忠,202410020707
4,2,3,ハイグッドワールド,牡3,57.0,幸英明,1:46.2,1.1/2,11.4,5.0,498(+6),[西] 谷潔,202410020707
5,3,5,プルーフリーダー,牡3,56.0,小沢大仁,1:46.5,2,67.1,13.0,474(+3),[西] 松永昌博,202410020707
6,1,2,テトラード,牡3,57.0,丹内祐次,1:46.9,2,50.1,12.0,460(+2),[西] 坂口智康,202410020707
7,4,8,ドレアンティア,牝3,54.0,角田大和,1:47.0,1/2,96.7,14.0,450(0),[西] 飯田祐史,202410020707
8,5,9,キモンキャリントン,牡3,54.0,高杉吏麒,1:47.0,ハナ,49.9,11.0,426(-6),[西] 渡辺薫彦,202410020707
9,8,15,オルデラン,牡3,54.0,永島まな,1:47.2,1,8.4,4.0,478(+4),[西] 寺島良,202410020707
10,8,16,クロマク,牡3,53.0,河原田菜,1:47.2,ハナ,19.6,7.0,486(-6),[西] 大久保龍,202410020707
11,2,4,トントンプー,牡3,57.0,勝浦正樹,1:47.4,1.1/2,327.8,15.0,468(0),[東] 中野栄治,202410020707
12,6,11,クリノフロンティア,牡3,57.0,古川吉洋,1:47.5,クビ,389.3,16.0,424(0),[西] 松永昌博,202410020707
13,4,7,ボーズマン,牡3,57.0,富田暁,1:47.8,1.3/4,19.7,8.0,488(0),[西] 西園翔太,202410020707
14,7,14,エクササイズ,牡3,54.0,柴田裕一,1:48.6,5,18.4,6.0,466(0),[西] 角田晃一,202410020707
15,3,6,ウィズキッド,牡3,57.0,藤岡康太,1:48.7,3/4,49.8,10.0,478(0),[西] 吉岡辰弥,202410020707
16,6,12,スキルハンター,牡3,57.0,川又賢治,1:51.4,大,24.8,9.0,470(-14),[西] 吉村圭司,202410020707
1,5,6,アリスヴェリテ,牝4,53.0,柴田裕一,2:01.7,,1.9,1.0,454(+2),[西] 中竹和也,202410020708
2,8,13,キヨラ,牝6,56.0,黛弘人,2:02.6,5,16.7,5.0,474(-4),[東] 堀内岳志,202410020708
3,6,9,ピクシレーション,牝4,56.0,菊沢一樹,2:02.7,1/2,4.5,2.0,462(-2),[東] 菊沢隆徳,202410020708
4,4,4,ツッチーフェイス,牝5,55.0,小沢大仁,2:02.7,ハナ,34.1,9.0,466(+6),[西] 今野貞一,202410020708
5,2,2,オーパンバル,牝6,56.0,富田暁,2:03.0,2,10.2,4.0,458(-14),[西] 野中賢二,202410020708
6,7,11,アームテイル,牝4,56.0,斎藤新,2:03.1,3/4,32.6,8.0,446(-2),[東] 和田勇介,202410020708
7,8,12,トゥルブレンツ,牝4,56.0,藤岡康太,2:03.7,3.1/2,34.4,10.0,424(0),[西] 小栗実,202410020708
8,4,5,アンノウンレディ,牝4,56.0,丹内祐次,2:03.8,クビ,64.5,12.0,448(+6),[東] 清水英克,202410020708
9,3,3,チョッピー,牝5,56.0,岡部誠,2:04.1,2,60.4,11.0,462(-4),[西] 北出成人,202410020708
10,7,10,ビヨンドザリミット,牝5,56.0,菱田裕二,2:04.1,アタマ,17.6,6.0,470(0),[東] 稲垣幸雄,202410020708
11,5,7,プロミシングギャル,牝4,56.0,吉田隼人,2:04.3,1,270.7,13.0,438(+4),[西] 森田直行,202410020708
12,6,8,セルケト,牝5,56.0,幸英明,2:04.6,1.1/2,23.6,7.0,492(-4),[西] 斉藤崇史,202410020708
13,1,1,イリスレーン,牝4,53.0,永島まな,2:05.2,4,7.8,3.0,468(-10),[西] 清水久詞,202410020708
1,5,6,アンクルクロス,牡3,57.0,長岡禎仁,1:09.8,,3.0,1.0,462(0),[西] 高橋亮,202410020709
2,3,3,クールベイビー,牝3,55.0,荻野極,1:10.0,1.1/4,28.2,8.0,464(0),[東] 矢野英一,202410020709
3,6,9,ワールドシリーズ,牡3,57.0,藤岡康太,1:10.2,1.1/4,4.2,2.0,454(+2),[西] 中内田充,202410020709
4,4,4,ベネメレンティ,牝3,55.0,富田暁,1:10.2,クビ,24.5,7.0,438(+6),[西] 河内洋,202410020709
5,7,11,セントキルダ,牡3,57.0,永島まな,1:10.2,ハナ,36.4,10.0,466(0),[西] 音無秀孝,202410020709
6,5,7,ルクスパラディ,牝3,55.0,丹内祐次,1:10.2,ハナ,28.2,9.0,406(+4),[東] 上原佑紀,202410020709
7,8,13,ラストクリスマス,牝3,55.0,菱田裕二,1:10.4,1.1/4,23.2,6.0,458(+6),[西] 西園正都,202410020709
8,1,1,イリスアスール,牝3,55.0,角田大和,1:10.5,クビ,8.4,5.0,448(-2),[西] 角田晃一,202410020709
9,7,10,チュウワキャリア,牝3,55.0,勝浦正樹,1:10.8,2,5.6,4.0,504(+4),[東] 栗田徹,202410020709
10,8,12,セイウンデセオ,牝3,55.0,幸英明,1:11.0,1,5.0,3.0,470(-4),[西] 吉村圭司,202410020709
11,6,8,テイエムボニータ,牝3,55.0,小林凌大,1:11.0,アタマ,505.6,12.0,456(+4),[東] 石栗龍彦,202410020709
12,4,5,コールミーメイビー,牝3,55.0,岡部誠,1:11.1,クビ,315.4,11.0,428(-10),[地] 角田輝也,202410020709
13,2,2,キラン,牝3,55.0,黛弘人,1:11.1,アタマ,536.1,13.0,376(-8),[東] 佐藤吉勝,202410020709
1,8,12,ドラゴンヘッド,牡4,58.0,藤岡康太,1:49.0,,2.6,1.0,450(-6),[東] 武藤善則,202410020710
2,7,11,コスモバラタ,牡4,58.0,幸英明,1:49.2,1.1/2,25.9,8.0,476(-4),[東] 武市康男,202410020710
3,6,8,タケトンボ,牝5,56.0,斎藤新,1:49.7,3,10.9,5.0,438(-4),[西] 飯田雄三,202410020710
4,4,4,グランドゴールド,牡5,58.0,岡部誠,1:49.7,クビ,5.8,3.0,456(-4),[西] 羽月友彦,202410020710
5,5,7,クインズステラ,牝5,56.0,藤懸貴志,1:49.7,アタマ,18.0,7.0,458(-4),[東] 池上昌和,202410020710
6,6,9,カズキ,牡4,58.0,国分恭介,1:50.1,2.1/2,15.1,6.0,438(-2),[西] 梅田智之,202410020710
7,2,2,コスモエクスプレス,牡5,58.0,丹内祐次,1:50.1,ハナ,4.0,2.0,492(-2),[東] 松永康利,202410020710
8,4,5,ウッドショック,牡5,58.0,勝浦正樹,1:50.2,1/2,55.1,11.0,512(-2),[東] 杉浦宏昭,202410020710
9,3,3,マイバラード,牡4,58.0,菱田裕二,1:50.2,ハナ,9.4,4.0,470(+12),[東] 松永康利,202410020710
10,5,6,ニホンピロマリブ,牡6,58.0,吉田隼人,1:50.3,クビ,47.9,10.0,452(+6),[西] 安達昭夫,202410020710
11,8,13,メイショウオオミネ,牡4,58.0,富田暁,1:50.8,3,29.5,9.0,436(-4),[西] 石橋守,202410020710
12,7,10,カシノインディード,牡4,58.0,川又賢治,1:51.2,2.1/2,102.3,13.0,474(+6),[西] 牧田和弥,202410020710
13,1,1,エントラップメント,牝4,56.0,吉村誠之,1:52.2,6,79.8,12.0,462(+6),[西] 清水久詞,202410020710
1,8,15,アイファーテイオー,牡4,57.0,藤懸貴志,1:43.7,,5.0,1.0,464(0),[西] 鮫島一歩,202410020711
2,5,10,タマモヴェナトル,牡4,56.0,菊沢一樹,1:43.8,1/2,6.3,3.0,442(-6),[東] 菊沢隆徳,202410020711
3,8,16,サパテアール,セ5,55.0,斎藤新,1:44.0,1.1/2,10.6,7.0,518(-2),[東] 畠山吉宏,202410020711
4,4,8,ヴィンテージボンド,牡5,57.0,幸英明,1:44.1,クビ,7.1,4.0,494(-2),[西] 西園正都,202410020711
5,4,7,タイキドミニオン,牡6,56.0,国分恭介,1:44.4,2,19.9,9.0,534(+6),[西] 畑端省吾,202410020711
6,1,1,メイショウホマレ,牝5,55.0,小沢大仁,1:44.5,クビ,9.5,6.0,456(-2),[西] 松永昌博,202410020711
7,6,11,テーオーレガシー,牡4,55.0,秋山稔樹,1:44.5,クビ,36.0,11.0,510(-2),[西] 宮徹,202410020711
8,7,14,ワイルドベティ,牝5,53.0,荻野極,1:44.5,ハナ,61.1,13.0,418(+8),[西] 今野貞一,202410020711
9,3,5,ミエノナイスガイ,牡5,54.0,菱田裕二,1:44.5,アタマ,79.9,14.0,482(+12),[東] 上原佑紀,202410020711
10,3,6,ミヤジシャルマン,牡4,57.0,富田暁,1:44.5,ハナ,6.2,2.0,500(+2),[西] 川村禎彦,202410020711
11,6,12,タマモタップダンス,牝5,53.0,丹内祐次,1:45.1,3.1/2,7.7,5.0,494(-6),[東] 伊藤圭三,202410020711
12,7,13,テイエムシニスター,牡5,55.0,角田大和,1:45.5,2,33.6,10.0,492(0),[西] 木原一良,202410020711
13,5,9,タマモベローナ,牝5,51.0,永島まな,1:45.8,2,143.6,16.0,500(-4),[西] 高橋亮,202410020711
14,2,3,ミヤビクライ,牡5,55.0,長岡禎仁,1:46.2,2,43.0,12.0,494(-8),[東] 小島茂之,202410020711
15,2,4,モディカ,牝5,54.0,小崎綾也,1:48.0,大,11.3,8.0,498(+2),[西] 石坂公一,202410020711
16,1,2,ブーバー,牝4,53.0,河原田菜,1:49.0,6,80.9,15.0,424(-4),[東] 新開幸一,202410020711
1,3,6,イグニション,牡4,57.0,角田大和,1:09.9,,21.0,8.0,460(+4),[西] 畑端省吾,202410020712
2,7,15,コーリングユー,牝5,56.0,斎藤新,1:09.9,クビ,2.6,1.0,436(-6),[西] 安田隆行,202410020712
3,7,14,コスモアディラート,牡6,58.0,丹内祐次,1:10.2,1.1/2,3.7,2.0,520(+6),[東] 和田正一,202410020712
4,7,13,タイガーリリー,牝6,56.0,黛弘人,1:10.3,3/4,36.1,10.0,472(-6),[東] 尾関知人,202410020712
5,2,4,ベルタソ,牝4,56.0,藤懸貴志,1:10.3,アタマ,36.2,11.0,442(-4),[西] 小崎憲,202410020712
6,4,8,ニシノタマユラ,牝5,56.0,勝浦正樹,1:10.4,1/2,10.8,4.0,462(-12),[東] 深山雅史,202410020712
7,5,10,サンライズタイソン,牡4,57.0,小沢大仁,1:10.4,クビ,18.1,6.0,418(0),[西] 平田修,202410020712
8,6,11,セレッソデアモール,牝4,56.0,富田暁,1:10.4,クビ,7.7,3.0,472(0),[西] 庄野靖志,202410020712
9,8,16,メリトリオ,牡4,58.0,藤岡康太,1:10.6,3/4,11.9,5.0,474(0),[東] 大竹正博,202410020712
10,2,3,トーホウジュナール,牝6,56.0,幸英明,1:10.6,クビ,18.7,7.0,468(-2),[西] 谷潔,202410020712
11,8,18,ウインエイムハイ,牡5,58.0,岡部誠,1:10.7,3/4,103.7,13.0,476(-4),[東] 畠山吉宏,202410020712
12,8,17,マテンロウナイト,牡4,58.0,太宰啓介,1:10.8,クビ,23.3,9.0,466(0),[西] 坂口智康,202410020712
13,6,12,ショッキングブルー,牝4,53.0,永島まな,1:10.8,クビ,74.7,12.0,446(+6),[東] 清水英克,202410020712
14,1,2,ハイライフ,牝6,52.0,河原田菜,1:11.0,1,186.6,16.0,444(+2),[西] 藤沢則雄,202410020712
15,4,7,メイショウゴルシ,牡4,57.0,秋山稔樹,1:11.1,1,143.4,15.0,438(+6),[西] 高橋義忠,202410020712
16,1,1,クインズミント,牝6,53.0,佐藤翔馬,1:11.3,1,315.1,18.0,466(-4),[東] 小桧山悟,202410020712
17,3,5,アースビート,牝4,53.0,水沼元輝,1:12.0,4,125.5,14.0,446(+20),[東] 萱野浩二,202410020712
18,5,9,ユアデスティニー,牝4,53.0,吉村誠之,1:12.2,1.1/4,211.7,17.0,480(0),[東] 小野次郎,202410020712
1,1,1,ラブカムーン,牝3,52.0,永島まな,1:10.0,,115.6,14.0,466(-6),[西] 千田輝彦,202410020801
2,3,5,ディーエストッキー,牡3,57.0,鮫島克駿,1:10.2,1,3.6,2.0,452(-4),[西] 橋口慎介,202410020801
3,6,12,ジョーメッドヴィン,牡3,54.0,吉村誠之,1:10.2,クビ,2.0,1.0,502(-2),[西] 清水久詞,202410020801
4,8,16,ウエストチェリー,牝3,54.0,小沢大仁,1:10.4,1.1/4,366.2,18.0,454(-2),[西] 松永昌博,202410020801
5,5,9,ピエナリオン,牝3,51.0,河原田菜,1:10.4,ハナ,68.6,11.0,446(-4),[西] 奥村豊,202410020801
6,2,3,ソルトロック,牝3,55.0,古川吉洋,1:10.5,クビ,13.4,4.0,436(0),[西] 四位洋文,202410020801
7,3,6,レオナルドスター,牡3,57.0,藤岡佑介,1:10.5,アタマ,5.1,3.0,462(0),[西] 長谷川浩,202410020801
8,8,17,メイショウメイボク,牝3,55.0,丸山元気,1:10.6,1/2,137.5,16.0,458(0),[西] 本田優,202410020801
9,1,2,サンウイキョウ,牡3,56.0,秋山稔樹,1:10.8,1.1/4,66.6,9.0,448(0),[東] 蛯名利弘,202410020801
10,2,4,ユッカラン,牝3,55.0,黛弘人,1:10.9,1/2,23.9,5.0,450(0),[東] 松山将樹,202410020801
11,7,13,グシチャンノホシ,牡3,56.0,田口貫太,1:11.0,3/4,68.6,10.0,496(+3),[東] 田中博康,202410020801
12,7,14,アナレクタ,牡3,57.0,吉田隼人,1:11.1,1,69.8,12.0,456(+4),[西] 千田輝彦,202410020801
13,4,7,シャッフルガール,牝3,55.0,菱田裕二,1:11.3,1,127.2,15.0,450(0),[西] 森田直行,202410020801
14,7,15,タイキエルキーオ,牡3,54.0,高杉吏麒,1:11.3,クビ,96.5,13.0,476(+14),[西] 谷潔,202410020801
15,6,11,タイプフェイス,牝3,55.0,菊沢一樹,1:11.3,ハナ,235.6,17.0,442(+10),[東] 小手川準,202410020801
16,8,18,ネムレスクイーン,牝3,55.0,幸英明,1:11.4,1/2,40.3,7.0,424(+6),[東] 上原佑紀,202410020801
17,5,10,ナックアテナ,牝3,55.0,丹内祐次,1:11.7,2,30.8,6.0,474(+8),[東] 杉浦宏昭,202410020801
18,4,8,カントゥータ,牝3,55.0,藤岡康太,1:12.0,1.1/2,41.0,8.0,450(-2),[西] 茶木太樹,202410020801
1,8,14,キーチパルフェ,牡3,57.0,藤岡康太,1:50.9,,2.7,1.0,458(-8),[西] 高柳大輔,202410020802
2,3,4,ヴィダル,牝3,55.0,北村友一,1:51.0,3/4,5.1,3.0,446(-2),[西] 寺島良,202410020802
3,7,12,オメガインペリアル,牡3,57.0,藤岡佑介,1:51.0,ハナ,5.2,4.0,456(0),[西] 安田翔伍,202410020802
4,3,3,サンウリエル,牡3,57.0,古川吉洋,1:51.0,ハナ,3.9,2.0,472(-4),[西] 宮本博,202410020802
5,1,1,クリノモルガナイト,牡3,54.0,水沼元輝,1:51.2,3/4,57.1,11.0,468(+4),[東] 本間忍,202410020802
6,6,9,ディアマンドロップ,牝3,55.0,菊沢一樹,1:51.5,1.3/4,31.8,7.0,478(+6),[東] 小手川準,202410020802
7,7,11,スターメイデン,牝3,55.0,鮫島克駿,1:51.5,ハナ,12.7,5.0,476(0),[西] 吉村圭司,202410020802
8,5,7,アルヒジュル,牡3,56.0,小沢大仁,1:52.6,7,48.0,9.0,494(+6),[西] 斉藤崇史,202410020802
9,2,2,タガノエイリアス,牡3,57.0,丸山元気,1:52.6,ハナ,48.1,10.0,482(0),[西] 本田優,202410020802
10,8,13,サウンドノバ,牡3,57.0,吉田隼人,1:52.6,アタマ,28.2,6.0,470(-2),[西] 安達昭夫,202410020802
11,6,10,ダックアンドレイク,牡3,54.0,柴田裕一,1:53.3,4,83.4,12.0,468(0),[西] 中竹和也,202410020802
12,4,6,テイエムシマジン,牡3,53.0,河原田菜,1:53.5,1.1/4,36.0,8.0,482(+8),[西] 鈴木孝志,202410020802
13,5,8,シアワセレシピ,牝3,55.0,斎藤新,1:53.6,1/2,308.6,14.0,388(-2),[東] 粕谷昌央,202410020802
14,4,5,リエラ,牝3,52.0,鷲頭虎太,1:53.7,1,263.7,13.0,402(+4),[東] 伊坂重信,202410020802
1,5,8,アネモス,牝4,55.0,秋山稔樹,0:58.4,,5.0,3.0,496(+6),[西] 北出成人,202410020803
2,7,12,ミッキースピナッチ,牡4,55.0,永島まな,0:58.6,1,2.7,1.0,492(-8),[西] 音無秀孝,202410020803
3,2,2,ヨドノゴールド,牡6,55.0,橋木太希,0:58.7,3/4,8.4,5.0,480(+6),[西] 西園正都,202410020803
4,3,3,ピンクムーン,牝5,52.0,河原田菜,0:58.8,3/4,7.2,4.0,452(0),[西] 渡辺薫彦,202410020803
5,6,10,リッキーヤスオカ,牡5,58.0,斎藤新,0:58.9,クビ,26.9,7.0,506(-8),[西] 安田隆行,202410020803
6,1,1,ワンダーヘイルネス,セ8,58.0,富田暁,0:58.9,クビ,21.6,6.0,496(+6),[西] 河内洋,202410020803
7,6,9,テーオートルネード,牡5,58.0,菱田裕二,0:59.1,3/4,35.6,9.0,484(+6),[西] 岡田稲男,202410020803
8,4,6,サザンレイク,牝4,56.0,丸山元気,0:59.2,3/4,35.5,8.0,498(0),[東] 根本康広,202410020803
9,5,7,シックザイン,牡5,58.0,勝浦正樹,0:59.2,クビ,58.1,10.0,480(0),[東] 水野貴広,202410020803
10,4,5,シンゼンシャイン,牡6,57.0,小沢大仁,0:59.2,アタマ,4.2,2.0,512(+6),[西] 飯田祐史,202410020803
11,8,13,パクスロマーナ,牝4,56.0,幸英明,0:59.5,1.3/4,141.8,14.0,428(+4),[西] 藤沢則雄,202410020803
12,7,11,フレンドパル,牝6,53.0,石田拓郎,0:59.6,1/2,63.1,11.0,464(+2),[東] 深山雅史,202410020803
13,8,14,アスターヘキサゴン,牡5,57.0,角田大和,1:00.2,3.1/2,123.6,13.0,504(0),[西] 中竹和也,202410020803
14,3,4,ハローメリールー,牝5,56.0,丹内祐次,1:01.1,5,101.8,12.0,472(+10),[東] 伊藤伸一,202410020803
1,8,12,ホウオウリムジン,牡3,57.0,北村友一,2:04.4,,3.5,2.0,454(0),[西] 安田翔伍,202410020805
2,4,4,コスモベラエステラ,牡3,57.0,丹内祐次,2:04.8,2.1/2,7.4,3.0,452(-10),[西] 清水久詞,202410020805
3,6,7,オリエンタルナイト,牡3,57.0,浜中俊,2:05.1,2,1.8,1.0,518(-2),[西] 寺島良,202410020805
4,1,1,ヤマニンステラータ,牡3,57.0,古川吉洋,2:05.3,1.1/4,55.7,8.0,460(+2),[西] 松永幹夫,202410020805
5,7,10,ダンツタロン,牡3,57.0,丸山元気,2:05.5,1.1/4,11.3,4.0,488(0),[西] 本田優,202410020805
6,5,5,メイショウウミカゼ,牡3,57.0,幸英明,2:05.8,1.3/4,18.3,6.0,446(-4),[東] 和田勇介,202410020805
7,7,9,モスコビウム,牡3,57.0,田中健,2:05.9,3/4,38.4,7.0,428(-10),[西] 浜田多実,202410020805
8,6,8,ペイシャラブリー,牝3,52.0,永島まな,2:06.9,6,64.1,9.0,438(-10),[西] 高橋康之,202410020805
9,8,11,ゴルトヴェーレ,牝3,55.0,藤岡佑介,2:07.3,2.1/2,11.8,5.0,484(+6),[東] 水野貴広,202410020805
10,2,2,ファインデイ,牝3,52.0,水沼元輝,2:07.5,1,275.1,11.0,446(-4),[東] 上原博之,202410020805
11,3,3,ウォーターリッシュ,牝3,55.0,斎藤新,2:08.2,4,108.7,10.0,420(-10),[西] 安田隆行,202410020805
12,5,6,ヴェネラリア,牝3,52.0,鷲頭虎太,2:08.3,1/2,317.0,12.0,426(+2),[東] 伊坂重信,202410020805
1,7,12,メイショウリリー,牝3,55.0,藤岡康太,1:47.6,,2.9,1.0,432(+2),[西] 高橋義忠,202410020806
2,4,6,カネコメファミリー,牝3,55.0,菱田裕二,1:48.0,2.1/2,4.8,3.0,482(-6),[西] 中尾秀正,202410020806
3,3,3,ブラックドレス,牝3,52.0,永島まな,1:48.4,2.1/2,19.8,6.0,422(-4),[西] 加用正,202410020806
4,3,4,オテンバムスメ,牝3,54.0,田口貫太,1:48.7,1.1/2,3.7,2.0,430(-4),[西] 北出成人,202410020806
5,2,2,コムルヴァン,牝3,52.0,高杉吏麒,1:48.8,3/4,43.1,9.0,460(-2),[西] 藤岡健一,202410020806
6,6,10,ファインプリンセス,牝3,55.0,古川吉洋,1:49.4,3.1/2,20.0,7.0,504(-26),[西] 昆貢,202410020806
7,5,7,デビルシズカチャン,牝3,55.0,浜中俊,1:49.6,1.1/4,13.8,5.0,462(+4),[西] 武幸四郎,202410020806
8,8,13,ウキヨノユメ,牝3,52.0,鷲頭虎太,1:49.9,1.1/2,94.5,10.0,452(0),[西] 千田輝彦,202410020806
9,7,11,ランデヴーローズ,牝3,55.0,富田暁,1:50.1,1.1/2,25.3,8.0,428(+8),[東] 上原佑紀,202410020806
10,4,5,マサノナデシコ,牝3,52.0,吉村誠之,1:50.6,2.1/2,360.7,14.0,416(+2),[西] 高橋康之,202410020806
11,8,14,ガンバリキ,牝3,55.0,勝浦正樹,1:50.7,1,266.6,13.0,446(-4),[東] 的場均,202410020806
12,1,1,ラブアンドラッキー,牝3,51.0,河原田菜,1:50.8,クビ,106.2,11.0,442(-12),[西] 本田優,202410020806
13,6,9,ワクワクドリーム,牝3,52.0,川端海翼,1:50.8,1/2,162.0,12.0,502(0),[西] 宮本博,202410020806
14,5,8,リルト,牝3,55.0,斎藤新,1:52.6,大,5.9,4.0,484(-6),[西] 安田隆行,202410020806
1,7,14,ディオアステリア,牝5,55.0,田口貫太,1:09.2,,1.7,1.0,492(+2),[東] 小野次郎,202410020807
2,8,16,シュライエン,牝6,56.0,鮫島克駿,1:09.6,2.1/2,16.3,6.0,444(0),[西] 高野友和,202410020807
3,3,5,シンデレラスマイル,牝4,56.0,菱田裕二,1:09.7,クビ,20.5,7.0,432(0),[東] 武藤善則,202410020807
4,6,12,ウインアステロイド,牡7,58.0,丸山元気,1:09.9,1,11.7,4.0,474(0),[東] 和田正一,202410020807
5,1,1,アコルダール,牝6,56.0,丹内祐次,1:09.9,クビ,20.6,8.0,460(0),[西] 西園翔太,202410020807
6,6,11,タガノスペルノヴァ,牡6,58.0,吉田隼人,1:09.9,クビ,13.8,5.0,436(0),[西] 川村禎彦,202410020807
7,5,10,ダノンアーリー,牡5,58.0,北村友一,1:10.0,クビ,6.8,2.0,476(+10),[西] 安田隆行,202410020807
8,3,6,ゴールドレコーダー,牝4,55.0,秋山稔樹,1:10.2,1,217.1,14.0,422(-6),[東] 南田美知,202410020807
9,1,2,ワンリオン,牡5,58.0,古川吉洋,1:10.2,アタマ,51.4,11.0,500(+2),[西] 北出成人,202410020807
10,2,3,ミネヒメ,牝4,53.0,水沼元輝,1:10.2,クビ,68.5,12.0,430(0),[東] 本間忍,202410020807
11,4,7,ランスオブサウンド,牝4,56.0,藤岡佑介,1:10.4,3/4,31.5,10.0,444(0),[西] 奥村豊,202410020807
12,8,15,モメチョッタ,牝8,56.0,黛弘人,1:10.4,アタマ,345.4,16.0,468(-4),[東] 石毛善彦,202410020807
13,7,13,アクアマリンブルー,セ6,58.0,菊沢一樹,1:10.5,クビ,242.7,15.0,430(-4),[東] 戸田博文,202410020807
14,5,9,ニシノトレンディー,牝4,56.0,勝浦正樹,1:10.7,1.1/2,10.7,3.0,484(+4),[東] 小手川準,202410020807
15,2,4,ラピカズマ,牡6,55.0,永島まな,1:10.7,ハナ,23.1,9.0,496(-6),[東] 高橋文雅,202410020807
16,4,8,サンタアナテソーロ,牝4,56.0,幸英明,1:11.0,2,88.0,13.0,398(+10),[東] 加藤和宏,202410020807
1,7,9,ライジングラパス,牝4,56.0,国分恭介,1:46.3,,9.3,6.0,426(-12),[西] 宮本博,202410020808
2,8,10,タガノチョコラータ,牝4,53.0,柴田裕一,1:46.4,3/4,11.1,7.0,508(0),[西] 角田晃一,202410020808
3,6,7,ツインビスケッツ,牝4,53.0,石田拓郎,1:46.5,1/2,7.3,5.0,466(+10),[東] 新開幸一,202410020808
4,6,6,ミッキーマカロン,牝4,56.0,藤岡康太,1:47.2,4,6.9,4.0,434(+2),[西] 大久保龍,202410020808
5,2,2,トウロウノオノ,牝4,53.0,永島まな,1:47.3,1/2,3.7,2.0,442(0),[東] 竹内正洋,202410020808
6,1,1,エリカグロリア,牝4,56.0,北村友一,1:47.4,クビ,79.8,9.0,486(0),[西] 安田翔伍,202410020808
7,8,11,ヘネラリーフェ,牝6,55.0,小沢大仁,1:47.4,アタマ,394.4,11.0,448(-8),[西] 藤沢則雄,202410020808
8,7,8,セットリスト,牝5,56.0,吉田隼人,1:47.6,1,5.1,3.0,486(-10),[西] 畑端省吾,202410020808
9,3,3,フライングバレル,牝6,56.0,斎藤新,1:47.7,1/2,40.6,8.0,460(-10),[西] 安田隆行,202410020808
10,4,4,レインボーウェザー,牝4,53.0,吉村誠之,1:48.2,3,203.8,10.0,454(-4),[西] 今野貞一,202410020808
11,5,5,バイロイト,牝5,56.0,丹内祐次,1:48.9,4,3.7,1.0,480(-2),[東] 栗田徹,202410020808
1,6,7,パープルクラウド,牡4,57.0,鮫島克駿,2:42.2,,3.4,2.0,510(0),[西] 吉村圭司,202410020809
2,7,9,ゼンノインヴォーク,牡5,58.0,北村友一,2:42.4,1.1/4,2.1,1.0,456(+2),[西] 四位洋文,202410020809
3,8,10,マイネルジャッカル,牡6,58.0,幸英明,2:43.0,3.1/2,18.8,5.0,476(-10),[東] 西田雄一,202410020809
4,5,5,ビッグベルーガ,牡4,57.0,国分恭介,2:43.0,アタマ,127.1,9.0,462(-2),[西] 牧浦充徳,202410020809
5,8,11,ペリプルス,牡4,57.0,丸山元気,2:43.5,3,130.0,10.0,434(-4),[東] 佐藤吉勝,202410020809
6,3,3,ドーバーイーグル,牡4,57.0,丹内祐次,2:43.6,3/4,4.8,3.0,502(+6),[東] 奥村武,202410020809
7,1,1,ネイチャーシップ,牡6,58.0,古川吉洋,2:43.6,ハナ,25.6,6.0,510(+6),[東] 根本康広,202410020809
8,4,4,ディアマイサン,牡4,57.0,菱田裕二,2:44.0,2.1/2,27.3,7.0,532(-6),[西] 松下武士,202410020809
9,2,2,アスターブジエ,牡4,57.0,柴田裕一,2:44.0,ハナ,9.2,4.0,452(-6),[西] 中竹和也,202410020809
10,7,8,チャイボーグ,牝4,55.0,勝浦正樹,2:44.2,1,173.3,11.0,466(-12),[東] 的場均,202410020809
11,6,6,スノーディザイア,牝5,56.0,藤岡康太,2:45.7,9,47.8,8.0,470(+4),[東] 畠山吉宏,202410020809
1,6,12,メイショウフンケイ,牡6,58.0,小沢大仁,1:09.0,,34.2,11.0,542(+32),[西] 高橋亮,202410020810
2,4,7,ワンダーカタリナ,牡7,58.0,角田大和,1:09.5,3,69.9,16.0,514(-14),[西] 河内洋,202410020810
3,7,13,タツダイヤモンド,牡4,58.0,藤岡康太,1:09.5,ハナ,5.6,3.0,488(-2),[西] 鮫島一歩,202410020810
4,3,5,サウンドブライアン,牡6,58.0,鮫島克駿,1:09.6,1/2,60.8,15.0,482(-6),[西] 村山明,202410020810
5,2,3,ヴィアドロローサ,牡5,58.0,北村友一,1:09.7,クビ,22.1,7.0,454(-2),[西] 安田隆行,202410020810
6,7,15,ニシノコウダイ,牡4,58.0,勝浦正樹,1:09.8,1/2,11.1,5.0,500(+10),[西] 長谷川浩,202410020810
7,8,16,ガリレイ,セ7,58.0,菱田裕二,1:09.8,アタマ,6.3,4.0,520(+8),[西] 高橋亮,202410020810
8,5,9,アップストローク,セ5,58.0,丹内祐次,1:09.9,1/2,4.4,1.0,460(+2),[東] 杉浦宏昭,202410020810
9,1,1,ブロンズレッド,牡6,58.0,国分恭介,1:09.9,ハナ,56.2,14.0,526(-6),[西] 牧浦充徳,202410020810
10,3,6,アスクキングコング,セ6,58.0,荻野琢真,1:09.9,ハナ,26.7,8.0,454(0),[西] 梅田智之,202410020810
11,6,11,トリップトゥムーン,牡5,58.0,松本大輝,1:09.9,クビ,36.4,12.0,456(+6),[西] 新谷功一,202410020810
12,7,14,テンジュイン,牝7,56.0,藤岡佑介,1:10.0,1/2,30.2,10.0,458(-4),[西] 千田輝彦,202410020810
13,5,10,サウンドクレア,牝5,56.0,亀田温心,1:10.1,1/2,11.6,6.0,452(+2),[西] 安達昭夫,202410020810
14,4,8,ビッグボーンリタ,牝4,56.0,永島まな,1:10.1,クビ,47.2,13.0,462(0),[西] 高橋康之,202410020810
15,1,2,ナバロン,牡5,58.0,丸山元気,1:10.2,クビ,27.3,9.0,504(+4),[西] 杉山佳明,202410020810
16,2,4,スズノヤマト,セ7,58.0,黛弘人,1:10.2,アタマ,96.9,18.0,454(-2),[東] 尾関知人,202410020810
17,8,18,ディアナグラン,牝6,56.0,古川吉洋,1:10.4,1.1/4,94.1,17.0,490(-6),[東] 大竹正博,202410020810
18,8,17,ラウラーナ,牝4,56.0,浜中俊,1:10.9,3,4.6,2.0,424(0),[東] 宗像義忠,202410020810
1,3,4,ニホンピロキーフ,牡4,58.0,田口貫太,2:01.7,,3.0,1.0,480(-6),[西] 大橋勇樹,202410020811
2,8,14,マテンロウアレス,セ6,58.0,太宰啓介,2:02.1,2.1/2,63.3,12.0,504(-4),[西] 昆貢,202410020811
3,2,2,シェイクユアハート,牡4,58.0,古川吉洋,2:02.2,クビ,8.0,4.0,440(-14),[西] 宮徹,202410020811
4,5,7,エーデルブルーメ,牝5,56.0,北村友一,2:02.3,3/4,3.6,2.0,478(-2),[西] 安田隆行,202410020811
5,1,1,フィデル,牡5,58.0,藤岡康太,2:02.3,アタマ,14.4,6.0,504(+6),[西] 友道康夫,202410020811
6,3,3,シホノスペランツァ,牡5,58.0,浜中俊,2:02.4,3/4,6.0,3.0,488(0),[西] 寺島良,202410020811
7,4,5,ナムラカミカゼ,牡7,58.0,亀田温心,2:02.6,1.1/4,66.5,13.0,512(+22),[西] 村山明,202410020811
8,8,13,フェアエールング,牝4,56.0,幸英明,2:02.7,3/4,25.7,8.0,448(-6),[東] 和田正一,202410020811
9,6,9,ウインシュクラン,セ6,58.0,丹内祐次,2:02.8,1/2,17.7,7.0,466(+2),[東] 鹿戸雄一,202410020811
10,5,8,カヨウネンカ,牝5,56.0,黛弘人,2:02.8,アタマ,26.4,9.0,464(-2),[東] 斎藤誠,202410020811
11,4,6,バレエマスター,牡5,58.0,丸山元気,2:03.0,1.1/4,46.0,10.0,474(-4),[西] 梅田智之,202410020811
12,6,10,ヒヅルジョウ,牝5,56.0,菱田裕二,2:03.1,クビ,69.4,14.0,492(-4),[西] 岡田稲男,202410020811
13,7,12,パーソナルハイ,牝5,56.0,鮫島克駿,2:03.2,1,63.1,11.0,490(+2),[西] 矢作芳人,202410020811
14,7,11,ウィズユアドリーム,牡4,58.0,吉田隼人,2:06.0,大,14.2,5.0,504(+4),[西] 吉岡辰弥,202410020811
1,5,8,ヒドゥンキング,牡5,58.0,黛弘人,1:45.1,,115.4,13.0,470(-4),[東] 伊藤大士,202410020812
2,7,13,リーゼノアール,牡4,55.0,永島まな,1:45.2,1/2,14.0,4.0,494(-8),[東] 国枝栄,202410020812
3,3,4,サンライズパスカル,牡4,58.0,藤岡康太,1:46.2,6,1.4,1.0,538(+2),[西] 石坂公一,202410020812
4,3,5,ポワンキュルミナン,牡4,58.0,菱田裕二,1:46.2,ハナ,41.2,9.0,426(+4),[西] 岡田稲男,202410020812
5,6,11,ナチュラルリバー,牡4,58.0,鮫島克駿,1:46.6,2.1/2,13.2,3.0,474(0),[西] 武英智,202410020812
6,8,15,リゼレインボー,牡5,58.0,菊沢一樹,1:46.7,クビ,70.9,10.0,488(0),[東] 松山将樹,202410020812
7,4,6,ナンヨークリスタル,セ4,58.0,藤岡佑介,1:46.8,1/2,20.2,7.0,472(-23),[西] 松永幹夫,202410020812
8,8,14,スマートハンター,牡4,57.0,小沢大仁,1:46.8,クビ,19.7,5.0,514(0),[西] 中村直也,202410020812
9,7,12,ヒルノデプラーツ,牡5,58.0,亀田温心,1:46.9,3/4,36.4,8.0,482(-8),[西] 北出成人,202410020812
10,1,1,クリノミニスター,牡5,58.0,田中健,1:47.1,1.1/4,169.7,14.0,456(+2),[西] 荒川義之,202410020812
11,2,2,オリンポスカズマ,牡4,58.0,富田暁,1:47.6,3,84.6,11.0,500(+10),[西] 平田修,202410020812
12,5,9,ウイニンググレイス,牡4,57.0,田口貫太,1:47.8,1,7.3,2.0,500(+2),[西] 松永昌博,202410020812
13,2,3,クラウドセイル,牡4,55.0,吉村誠之,1:48.1,1.3/4,106.8,12.0,486(-2),[西] 清水久詞,202410020812
14,6,10,ニシノシークレット,牡4,58.0,勝浦正樹,1:48.1,クビ,20.2,6.0,484(-10),[東] 村田一誠,202410020812
15,4,7,クリノヴィンセント,牡7,55.0,水沼元輝,1:49.4,8,181.0,15.0,498(-4),[東] 本間忍,202410020812
1,6,6,レイピア,牡2,55.0,松山弘平,1:08.2,,1.4,1.0,474(-2),[西] 中竹和也,202410030101
2,2,2,テーオーシュターデ,牝2,54.0,泉谷楓真,1:08.6,2.1/2,17.3,4.0,408(-8),[西] 宮徹,202410030101
3,4,4,ネーブルオレンジ,牝2,55.0,西村淳也,1:09.5,5,3.4,2.0,464(-6),[西] 杉山佳明,202410030101
4,7,7,タガノサダフ,牡2,55.0,団野大成,1:09.6,1/2,56.6,6.0,436(+4),[西] 斉藤崇史,202410030101
5,3,3,エルモッソペンドロ,牡2,55.0,和田竜二,1:09.8,1,5.7,3.0,402(-2),[西] 西村真幸,202410030101
6,1,1,ポンペルモ,牡2,55.0,幸英明,1:10.1,2,42.0,5.0,412(-4),[西] 西園正都,202410030101
7,8,8,エハバンディーア,牝2,54.0,秋山稔樹,1:11.4,8,154.5,7.0,430(-4),[西] 杉山佳明,202410030101
除,5,5,ネティフラウ,牝2,52.0,吉村誠之,,,---,,470(+4),[西] 音無秀孝,202410030101
1,7,11,シャカシャカシー,牡3,54.0,吉村誠之,0:57.5,,2.8,2.0,508(+6),[西] 茶木太樹,202410030102
2,5,7,カプシーヌ,牝3,54.0,角田大和,0:58.2,4,255.0,14.0,542(-12),[西] 森田直行,202410030102
3,8,14,ビーコング,牡3,56.0,松本大輝,0:58.3,1/2,3.7,3.0,480(-8),[西] 新谷功一,202410030102
4,5,8,マサレエトワール,牝3,55.0,松山弘平,0:58.3,クビ,2.5,1.0,486(-4),[西] 安田翔伍,202410030102
5,4,5,ウインオーブ,牡3,57.0,幸英明,0:58.4,クビ,15.8,4.0,446(-4),[西] 宮本博,202410030102
6,3,3,エイユーウォーリア,牡3,57.0,松若風馬,0:58.7,2,188.1,12.0,486(-10),[西] 森田直行,202410030102
7,4,6,オースサイン,牡3,57.0,団野大成,0:58.8,1/2,43.6,8.0,460(-8),[西] 荒川義之,202410030102
8,2,2,マナ,牝3,54.0,田口貫太,0:59.2,2,77.2,9.0,512(+2),[西] 奥村豊,202410030102
9,6,10,ミッキースバル,牡3,57.0,西村淳也,0:59.4,1.1/4,29.2,7.0,466(-2),[西] 茶木太樹,202410030102
10,8,13,タイヘイノヨ,セ3,55.0,永島まな,0:59.4,アタマ,22.4,5.0,526(+12),[西] 庄野靖志,202410030102
11,1,1,ミリオンタイムズ,牝3,55.0,川須栄彦,0:59.5,1/2,23.3,6.0,448(0),[西] 小椋研介,202410030102
12,7,12,ツーエムピシュー,牡3,54.0,鷲頭虎太,0:59.8,2,121.8,10.0,470(-4),[西] 本田優,202410030102
13,6,9,ジャスパーサン,セ3,54.0,橋木太希,1:00.4,3.1/2,220.2,13.0,462(-14),[西] 森秀行,202410030102
14,3,4,ジーティーサンサン,牝3,54.0,西塚洸二,1:02.5,大,163.5,11.0,488(0),[西] 大根田裕,202410030102
1,2,3,ブルボンクイーン,牝3,54.0,角田大和,1:08.5,,4.3,1.0,462(-12),[西] 角田晃一,202410030103
2,7,13,シャドフ,牝3,55.0,西村淳也,1:08.5,ハナ,4.3,2.0,454(+2),[西] 庄野靖志,202410030103
3,7,15,サクセスカノン,牝3,55.0,松若風馬,1:08.5,ハナ,57.5,10.0,424(0),[西] 北出成人,202410030103
4,3,5,ソルトロック,牝3,55.0,酒井学,1:08.5,アタマ,6.5,4.0,448(+12),[西] 四位洋文,202410030103
5,1,1,ルージュレイナス,牝3,53.0,永島まな,1:08.6,アタマ,8.2,5.0,466(+2),[西] 橋口慎介,202410030103
6,1,2,ミライハーモニー,牝3,51.0,河原田菜,1:08.7,1,4.5,3.0,402(-8),[西] 鈴木孝志,202410030103
7,8,16,スマートレイヴ,牝3,54.0,田口貫太,1:08.8,クビ,38.0,8.0,424(+12),[西] 笹田和秀,202410030103
8,6,11,キルケロッソ,牝3,54.0,秋山稔樹,1:08.8,ハナ,10.1,6.0,444(-2),[西] 村山明,202410030103
9,8,17,メイショウメイボク,牝3,52.0,鷲頭虎太,1:08.9,クビ,126.8,15.0,470(+4),[西] 本田優,202410030103
10,2,4,クリノラリマール,牝3,55.0,川須栄彦,1:08.9,ハナ,109.1,14.0,444(-14),[西] 中尾秀正,202410030103
11,5,10,テーオーサファイア,牝3,54.0,泉谷楓真,1:08.9,クビ,16.4,7.0,432(-12),[西] 宮徹,202410030103
12,4,8,ラリッサ,牝3,55.0,和田竜二,1:08.9,クビ,171.6,16.0,446(+4),[西] 小栗実,202410030103
13,6,12,マクッテソフィア,牝3,55.0,国分恭介,1:08.9,ハナ,70.3,12.0,398(-14),[西] 川村禎彦,202410030103
14,8,18,ニシノミニョンヌ,牝3,52.0,吉村誠之,1:08.9,アタマ,40.0,9.0,392(-12),[西] 宮本博,202410030103
15,5,9,メイショウツバメ,牝3,55.0,団野大成,1:09.0,クビ,102.9,13.0,542(+6),[西] 荒川義之,202410030103
16,7,14,ルクスリーベン,牝3,54.0,松本大輝,1:09.0,クビ,338.0,18.0,434(-2),[西] 河内洋,202410030103
17,4,7,ダイメイイチョウ,牝3,54.0,西塚洸二,1:09.2,3/4,68.5,11.0,448(+8),[西] 本田優,202410030103
18,3,6,レインボーカロル,牝3,52.0,橋木太希,1:10.9,10,246.9,17.0,454(0),[西] 高橋康之,202410030103
1,4,7,サダメ,牝3,55.0,幸英明,1:49.0,,5.7,2.0,448(+2),[西] 畑端省吾,202410030104
2,7,13,ナムライリス,牝3,55.0,松若風馬,1:49.0,1/2,24.1,8.0,430(-4),[西] 中竹和也,202410030104
3,1,1,レッドアスール,牡3,56.0,小沢大仁,1:49.1,1/2,280.1,14.0,402(-8),[西] 松下武士,202410030104
4,6,12,コスモベラエステラ,牡3,54.0,吉村誠之,1:49.3,1,42.4,10.0,460(+10),[西] 清水久詞,202410030104
5,6,11,シュヴェルトリリエ,牡3,57.0,坂井瑠星,1:49.3,クビ,2.1,1.0,446(-6),[西] 矢作芳人,202410030104
6,5,9,グランパリッシュ,牝3,54.0,泉谷楓真,1:49.5,3/4,179.8,13.0,432(0),[西] 杉山晴紀,202410030104
7,4,8,ゲンヨウサイ,牡3,57.0,松山弘平,1:49.8,1.3/4,10.5,4.0,482(+4),[西] 西園翔太,202410030104
8,3,6,エリカエレガンテ,牝3,55.0,和田竜二,1:49.8,クビ,11.9,5.0,460(+2),[西] 吉岡辰弥,202410030104
9,2,3,ダノンモンブラン,牡3,57.0,川田将雅,1:50.6,5,6.6,3.0,482(+4),[西] 中内田充,202410030104
10,8,15,サリータ,牡3,57.0,団野大成,1:50.7,クビ,62.1,12.0,484(-2),[西] 清水久詞,202410030104
11,8,16,アルゴナヴィス,牡3,55.0,永島まな,1:50.7,アタマ,12.4,6.0,466(-8),[西] 池江泰寿,202410030104
12,3,5,スターアドミラル,牡3,56.0,田口貫太,1:50.7,クビ,20.2,7.0,484(-10),[西] 池添学,202410030104
13,5,10,ワイマング,セ3,56.0,西塚洸二,1:50.9,1,25.2,9.0,468(-18),[西] 池江泰寿,202410030104
14,7,14,リュージュ,牝3,51.0,河原田菜,1:51.0,クビ,328.0,15.0,436(-6),[西] 今野貞一,202410030104
中,2,4,ヘルト,牡3,54.0,橋木太希,,,57.5,11.0,436(-8),[西] 森秀行,202410030104
取,1,2,エリザベスバローズ,牝3,55.0,西村淳也,,,---,,計不,[西] 杉山晴紀,202410030104
1,5,8,エイヨーアメジスト,牝2,54.0,田口貫太,1:09.8,,1.4,1.0,442(0),[西] 牧田和弥,202410030105
2,5,7,ナンシヨウト,牝2,51.0,河原田菜,1:11.2,9,6.9,2.0,430(0),[西] 岡田稲男,202410030105
3,7,12,ランインザウインド,牡2,52.0,鷲頭虎太,1:11.3,1/2,16.6,5.0,482(0),[東] 堀内岳志,202410030105
4,3,4,カシノクンプウ,牡2,54.0,秋山稔樹,1:11.9,3.1/2,68.8,10.0,440(0),[西] 北出成人,202410030105
5,2,2,ナントカナルニャ,牡2,55.0,川須栄彦,1:12.4,3,7.8,3.0,462(0),[西] 笹田和秀,202410030105
6,4,6,カシノシンボル,牡2,55.0,幸英明,1:12.5,1,50.6,8.0,424(0),[西] 谷潔,202410030105
7,6,10,サバイバルナイン,牝2,54.0,松本大輝,1:12.9,2.1/2,115.1,13.0,496(0),[東] 和田雄二,202410030105
8,7,11,ジューシーオレンジ,牝2,52.0,吉村誠之,1:13.1,1,44.2,7.0,412(0),[東] 根本康広,202410030105
9,8,13,ザボドフスキー,牡2,54.0,角田大和,1:13.1,ハナ,82.0,11.0,424(0),[西] 藤沢則雄,202410030105
10,3,3,ヒカルノキミ,牡2,55.0,松若風馬,1:13.3,1.1/2,52.1,9.0,458(0),[西] 牧田和弥,202410030105
11,4,5,エイシンアヤメ,牝2,54.0,小沢大仁,1:13.4,1/2,25.1,6.0,464(0),[西] 今野貞一,202410030105
12,6,9,アウダース,牡2,53.0,永島まな,1:14.1,4,11.8,4.0,480(0),[東] 加藤士津,202410030105
13,8,14,カシノシンマナ,牝2,55.0,酒井学,1:14.8,4,96.5,12.0,448(0),[東] 天間昭一,202410030105
14,1,1,キリシマギンガ,牡2,55.0,城戸義政,1:19.1,大,157.8,14.0,450(0),[東] 的場均,202410030105
1,1,1,コスモストーム,牡2,54.0,秋山稔樹,0:58.7,,15.6,6.0,496(0),[西] 北出成人,202410030106
2,7,7,アーデルリーベ,牝2,55.0,幸英明,0:58.8,1/2,6.4,4.0,454(0),[西] 斉藤崇史,202410030106
3,3,3,オトメナシャチョウ,牝2,55.0,松山弘平,0:59.1,1.3/4,3.2,2.0,474(0),[西] 森秀行,202410030106
4,4,4,マルモリスパークル,牡2,54.0,泉谷楓真,0:59.3,1.1/4,23.1,7.0,470(0),[西] 大橋勇樹,202410030106
5,8,8,ボヌールキャッツ,牝2,55.0,西村淳也,0:59.5,1.1/4,9.4,5.0,410(0),[西] 浜田多実,202410030106
6,2,2,モンテシート,牡2,54.0,田口貫太,1:00.5,6,2.7,1.0,490(0),[西] 牧田和弥,202410030106
7,5,5,ロワン,牝2,53.0,永島まな,1:00.5,ハナ,5.2,3.0,426(0),[西] 高柳大輔,202410030106
8,6,6,カリスパール,牝2,51.0,河原田菜,1:02.2,10,65.0,8.0,476(0),[西] 村山明,202410030106
1,4,8,テイエムデンセツ,牡3,57.0,幸英明,1:45.3,,3.5,2.0,468(-8),[西] 鈴木孝志,202410030107
2,7,13,アレナパラシオ,牡3,56.0,田口貫太,1:45.3,ハナ,2.8,1.0,472(+6),[西] 四位洋文,202410030107
3,1,2,トゥラッタッタ,牡3,56.0,小沢大仁,1:45.8,3,6.5,3.0,454(-4),[西] 石坂公一,202410030107
4,2,4,レッドモンストル,牡3,57.0,西村淳也,1:46.2,2.1/2,13.9,6.0,482(+6),[西] 辻野泰之,202410030107
5,3,6,ミヤノキングリー,牡3,56.0,泉谷楓真,1:46.2,アタマ,189.3,16.0,520(0),[西] 石橋守,202410030107
6,3,5,ラブリーメイク,牝3,55.0,川須栄彦,1:47.1,5,51.0,9.0,440(+14),[西] 鮫島一歩,202410030107
7,4,7,ユウトザイースト,牡3,54.0,鷲頭虎太,1:47.3,1.1/4,166.2,15.0,534(-6),[西] 千田輝彦,202410030107
8,2,3,ルパンモージュ,牡3,57.0,酒井学,1:47.3,クビ,148.8,14.0,488(+4),[西] 中竹和也,202410030107
9,8,16,ソルアマゾン,牡3,56.0,西塚洸二,1:47.5,1.1/4,12.3,5.0,458(+2),[西] 小栗実,202410030107
10,6,11,ケイティガイア,牝3,51.0,河原田菜,1:47.9,2.1/2,110.1,12.0,418(-3),[西] 村山明,202410030107
11,5,10,ゼンノジーニー,牡3,56.0,角田大和,1:48.1,1.1/4,17.9,7.0,464(-16),[西] 飯田祐史,202410030107
12,7,14,シレンツィオ,牡3,54.0,吉村誠之,1:48.8,4,137.1,13.0,418(-8),[西] 音無秀孝,202410030107
13,1,1,メイショウボヌール,牝3,55.0,中井裕二,1:49.2,2.1/2,7.3,4.0,454(0),[西] 中内田充,202410030107
14,6,12,エピックナイト,牡3,55.0,永島まな,1:49.4,1,25.9,8.0,456(0),[西] 笹田和秀,202410030107
15,8,15,アマントアスク,牝3,55.0,和田竜二,1:49.4,クビ,74.4,10.0,446(-16),[西] 河内洋,202410030107
16,5,9,ボーズマン,牡3,57.0,国分恭介,1:51.6,大,90.1,11.0,480(-4),[西] 西園翔太,202410030107
1,5,6,カズミクラーシュ,牡3,55.0,川田将雅,1:47.9,,1.3,1.0,492(+10),[西] 吉岡辰弥,202410030108
2,8,12,エコロマーズ,牡3,55.0,坂井瑠星,1:48.1,1.1/4,4.0,2.0,490(0),[西] 牧浦充徳,202410030108
3,3,3,ガルムキャット,牡4,57.0,田口貫太,1:48.4,2,51.1,6.0,412(+4),[西] 高橋一哉,202410030108
4,4,4,ブルーウィン,牝4,53.0,吉村誠之,1:48.5,3/4,64.4,7.0,454(+10),[西] 清水久詞,202410030108
5,7,10,アンテロース,牡4,58.0,幸英明,1:48.5,アタマ,21.6,5.0,438(-2),[西] 岡田稲男,202410030108
6,6,8,クリノアドバンス,牡3,53.0,永島まな,1:48.6,1/2,10.4,3.0,448(+12),[西] 大橋勇樹,202410030108
7,1,1,パシフィックルート,牡3,55.0,西村淳也,1:48.9,2,17.1,4.0,572(+6),[西] 高野友和,202410030108
8,6,7,ヴァルトラウテ,牝4,56.0,田中健,1:49.0,クビ,233.1,12.0,446(-8),[西] 中村直也,202410030108
9,8,11,ピエナオルフェ,牡3,55.0,城戸義政,1:49.7,4,198.8,11.0,432(-12),[西] 荒川義之,202410030108
10,5,5,フォーディアライフ,牡3,55.0,中井裕二,1:50.7,6,142.5,10.0,506(-6),[西] 武幸四郎,202410030108
11,2,2,メイショウヒュウガ,牡4,58.0,団野大成,1:50.9,1,132.9,9.0,490(+4),[西] 安達昭夫,202410030108
12,7,9,ダンスフェイマス,牡4,54.0,河原田菜,1:53.8,大,88.5,8.0,480(+4),[西] 吉田直弘,202410030108
1,6,7,アスターブジエ,牡4,58.0,西村淳也,2:40.3,,3.5,1.0,462(0),[西] 中竹和也,202410030109
2,1,1,ヴァンデスト,牝5,56.0,永島まな,2:41.1,5,32.0,7.0,414(-8),[西] 藤沢則雄,202410030109
3,4,4,ティータイム,牝4,56.0,田口貫太,2:41.4,1.1/2,43.9,8.0,446(+2),[西] 長谷川浩,202410030109
4,5,5,ウォータープイプイ,牝3,52.0,幸英明,2:41.4,アタマ,4.2,3.0,450(-4),[西] 岡田稲男,202410030109
5,6,6,ラブカ,牡3,54.0,小沢大仁,2:42.2,5,10.7,5.0,450(-2),[西] 今野貞一,202410030109
6,7,9,ダノンクロム,牡4,58.0,松若風馬,2:42.2,クビ,11.1,6.0,506(-4),[西] 音無秀孝,202410030109
7,3,3,ショウナンハウル,牡3,54.0,松山弘平,2:42.3,1/2,4.0,2.0,488(-8),[西] 松下武士,202410030109
8,7,8,シャスティフォル,牡4,58.0,和田竜二,2:42.4,クビ,68.8,10.0,532(-14),[西] 友道康夫,202410030109
9,8,11,エレアイム,牝5,56.0,酒井学,2:43.0,3.1/2,93.8,11.0,492(0),[西] 小椋研介,202410030109
10,8,10,ハナビマンカイ,セ7,58.0,団野大成,2:44.0,6,59.2,9.0,428(-16),[西] 坂口智康,202410030109
11,2,2,ラファミリア,牡3,54.0,坂井瑠星,2:44.2,1,4.8,4.0,514(+18),[西] 矢作芳人,202410030109
1,6,11,メイショウホマレ,牝5,56.0,小沢大仁,1:43.5,,4.7,2.0,452(+2),[西] 木原一良,202410030110
2,1,2,シュガーコルト,セ5,58.0,小崎綾也,1:43.8,2,41.8,11.0,490(-10),[西] 寺島良,202410030110
3,5,10,インテンソ,牡4,58.0,角田大和,1:43.9,3/4,7.1,4.0,490(0),[西] 松永幹夫,202410030110
4,1,1,イルミネーター,牡7,58.0,水口優也,1:44.6,4,104.9,12.0,476(-2),[西] 羽月友彦,202410030110
5,3,5,タイセイウォリアー,牡4,58.0,田口貫太,1:44.7,1/2,5.8,3.0,488(-6),[西] 大橋勇樹,202410030110
6,2,4,ピジョンブラッド,牝5,56.0,西村淳也,1:44.8,3/4,27.3,9.0,510(+4),[西] 荒川義之,202410030110
7,8,16,ライジングラパス,牝4,56.0,松山弘平,1:45.2,2,17.5,5.0,426(-4),[西] 宮本博,202410030110
8,2,3,エナジーポコアポコ,牡4,58.0,松若風馬,1:45.2,クビ,23.8,8.0,464(-6),[西] 高柳大輔,202410030110
9,7,14,フラムリンガム,牡3,55.0,団野大成,1:45.4,1.1/4,2.3,1.0,484(0),[西] 田中克典,202410030110
10,8,15,ケイアイメビウス,牡5,58.0,中井裕二,1:45.5,1/2,23.7,7.0,510(0),[西] 村山明,202410030110
11,4,8,トーアエレクトロン,牡6,58.0,加藤祥太,1:45.5,アタマ,182.5,15.0,466(0),[西] 羽月友彦,202410030110
12,6,12,サイモンルモンド,セ7,58.0,吉村誠之,1:45.7,3/4,297.0,16.0,456(0),[東] 根本康広,202410030110
13,4,7,ファムスパーブ,牝5,56.0,長岡禎仁,1:45.9,1.1/4,181.5,14.0,448(0),[西] 小林真也,202410030110
14,5,9,トーホウガレオン,牡4,58.0,和田竜二,1:46.3,2.1/2,21.0,6.0,516(+4),[西] 石坂公一,202410030110
15,7,13,タイキドミニオン,牡6,58.0,国分恭介,1:48.0,10,35.4,10.0,526(-8),[西] 畑端省吾,202410030110
16,3,6,ハイラブハンター,牡6,58.0,和田翼,1:58.4,大,145.7,13.0,490(-8),[西] 谷潔,202410030110
1,8,12,アルジーヌ,牝4,54.0,西村淳也,1:46.5,,5.2,2.0,462(+24),[西] 中内田充,202410030111
2,4,4,セブンマジシャン,牡4,58.0,川田将雅,1:46.8,1.3/4,2.3,1.0,498(+6),[西] 高野友和,202410030111
3,6,8,ワイドアラジン,牡4,55.0,小沢大仁,1:47.0,1,110.5,11.0,474(-12),[西] 奥村豊,202410030111
4,7,11,ケイアイセナ,牡5,57.0,坂井瑠星,1:47.0,ハナ,7.1,4.0,478(0),[西] 平田修,202410030111
5,3,3,ウインリブルマン,牡6,56.0,団野大成,1:47.2,1.1/4,21.1,8.0,498(+8),[西] 緒方努,202410030111
6,2,2,ジュリアバローズ,牝6,55.0,横山典弘,1:47.3,1.1/4,6.1,3.0,442(-2),[西] 上村洋行,202410030111
7,5,6,ソレイユヴィータ,牝4,53.0,松若風馬,1:47.4,クビ,17.9,7.0,458(-4),[西] 杉山晴紀,202410030111
8,6,9,ロワンディシー,牡6,56.0,和田竜二,1:47.8,2.1/2,127.2,12.0,456(-2),[西] 北出成人,202410030111
9,5,7,モンテディオ,牡6,54.0,田口貫太,1:47.8,アタマ,38.1,10.0,478(+4),[西] 四位洋文,202410030111
10,7,10,マテンロウアレス,セ6,57.0,太宰啓介,1:48.0,1.1/2,12.5,5.0,500(-4),[西] 昆貢,202410030111
11,1,1,モズロックンロール,牡4,57.0,松山弘平,1:48.1,クビ,15.0,6.0,512(0),[西] 藤岡健一,202410030111
12,4,5,ブラックシールド,牡5,54.0,角田大和,1:49.2,7,174.4,13.0,460(+6),[西] 小栗実,202410030111
13,8,13,ヴァモスロード,牡5,56.0,幸英明,1:51.0,大,26.7,9.0,520(-4),[西] 西園正都,202410030111
1,6,7,デイトナモード,牡4,58.0,団野大成,1:09.0,,5.8,3.0,526(-6),[西] 千田輝彦,202410030112
2,8,10,コスモグングニール,牡4,55.0,吉村誠之,1:09.0,クビ,14.6,5.0,516(+6),[西] 緒方努,202410030112
3,7,8,ビダーヤ,牡3,55.0,坂井瑠星,1:09.0,ハナ,2.2,1.0,490(-4),[西] 矢作芳人,202410030112
4,7,9,キーウェーブ,牡3,55.0,和田竜二,1:09.1,1/2,10.5,4.0,420(-4),[西] 川村禎彦,202410030112
5,4,4,バーニングパワー,牝6,56.0,川須栄彦,1:09.2,クビ,45.3,7.0,484(+8),[西] 鮫島一歩,202410030112
6,3,3,シアター,牝3,51.0,永島まな,1:09.3,3/4,2.7,2.0,432(-6),[西] 茶木太樹,202410030112
7,2,2,ピースキーパー,牝5,55.0,田口貫太,1:09.4,1/2,45.3,8.0,456(+2),[西] 奥村豊,202410030112
8,8,11,サンライズタイソン,牡4,57.0,小沢大仁,1:09.5,1/2,90.2,9.0,418(-4),[西] 平田修,202410030112
9,1,1,ハルカナネガイ,牝5,52.0,河原田菜,1:09.5,クビ,145.6,11.0,430(-6),[西] 藤沢則雄,202410030112
10,6,6,メリオルヴィータ,牝4,56.0,幸英明,1:09.6,クビ,126.0,10.0,490(-8),[西] 小椋研介,202410030112
11,5,5,モカラエース,牡4,58.0,西村淳也,1:09.7,3/4,41.7,6.0,464(0),[西] 高柳大輔,202410030112
1,7,8,シゲルタヌキ,牡5,60.0,小坂忠士,3:13.8,,1.6,1.0,498(+2),[西] 藤沢則雄,202410030201
2,4,4,ダノンジャッカル,牡5,60.0,西谷誠,3:14.3,3,8.1,4.0,462(0),[西] 中内田充,202410030201
3,7,7,リトルクレバー,セ7,60.0,小牧加矢,3:14.4,3/4,7.2,3.0,454(-18),[西] 佐々木晶,202410030201
4,5,5,パーリーブラック,牡4,60.0,草野太郎,3:14.5,クビ,11.4,5.0,474(-4),[東] 伊坂重信,202410030201
5,8,9,ネッスンドルマ,牡5,60.0,伴啓太,3:14.5,ハナ,6.9,2.0,462(+4),[東] 加藤士津,202410030201
6,8,10,アズマサクラエモン,牡4,60.0,田村太雅,3:14.7,1.1/4,108.8,9.0,528(0),[西] 藤野健太,202410030201
7,2,2,アスターチェンチ,牡4,60.0,井上敏樹,3:15.2,3,14.9,6.0,528(0),[西] 河嶋宏樹,202410030201
8,1,1,サンライズグリット,牡6,60.0,黒岩悠,3:15.3,3/4,30.9,7.0,456(-8),[西] 音無秀孝,202410030201
9,3,3,レガーミ,牝5,58.0,小野寺祐,3:18.5,大,41.2,8.0,514(-10),[西] 木原一良,202410030201
中,6,6,チョコレートミルク,牡5,60.0,大江原圭,,,134.8,10.0,478(0),[東] 粕谷昌央,202410030201
1,8,17,エルプロフェッサー,牝3,54.0,小沢大仁,1:09.7,,12.0,5.0,404(-10),[西] 高橋康之,202410030202
2,2,3,カネトシショウカ,牡3,56.0,田口貫太,1:09.8,クビ,19.8,7.0,454(-4),[西] 寺島良,202410030202
3,1,2,ディーエストッキー,牡3,57.0,松山弘平,1:09.9,1,3.2,1.0,444(-10),[西] 橋口慎介,202410030202
4,4,8,ソングオブライフ,牡3,57.0,松若風馬,1:09.9,ハナ,7.2,4.0,504(0),[西] 森田直行,202410030202
5,2,4,レオナルドスター,牡3,57.0,西村淳也,1:10.0,3/4,5.8,3.0,452(-6),[西] 長谷川浩,202410030202
6,7,14,ルクスデルフィー,牝3,55.0,坂井瑠星,1:10.2,1,28.1,10.0,450(-6),[西] 清水久詞,202410030202
7,5,9,クイーンカナロア,牝3,54.0,角田大和,1:10.4,1.1/4,14.5,6.0,428(-4),[西] 藤岡健一,202410030202
8,4,7,イズジョーゴモリー,牝3,54.0,秋山稔樹,1:10.6,1.1/4,150.0,14.0,450(-12),[西] 北出成人,202410030202
9,8,16,オーシンピーチ,牝3,52.0,吉村誠之,1:10.6,クビ,28.0,9.0,438(-10),[西] 宮徹,202410030202
10,1,1,ボガトイーリ,牡3,57.0,田中健,1:10.7,3/4,219.8,15.0,432(+2),[西] 浜田多実,202410030202
11,6,11,ラボニータ,牝3,55.0,幸英明,1:10.8,クビ,49.8,11.0,430(-4),[西] 浜田多実,202410030202
12,7,15,ピンクピース,牝3,53.0,永島まな,1:10.9,3/4,64.3,13.0,444(0),[西] 高橋康之,202410030202
13,8,18,ファストチアフル,牝3,55.0,城戸義政,1:11.0,3/4,381.5,18.0,438(-18),[西] 荒川義之,202410030202
14,6,12,ギフトフォーユー,牝3,55.0,中井裕二,1:11.2,1.1/4,64.2,12.0,466(+4),[西] 安田翔伍,202410030202
15,7,13,カシノシャンデリア,牝3,55.0,和田翼,1:11.7,3,329.6,17.0,428(0),[西] 谷潔,202410030202
16,5,10,ハクサンクリスタル,牝3,55.0,小崎綾也,1:12.0,1.3/4,21.6,8.0,448(-2),[西] 高橋一哉,202410030202
17,3,6,スピークイージー,牡3,53.0,河原田菜,1:12.1,1/2,4.1,2.0,480(-14),[西] 本田優,202410030202
18,3,5,ベビーヨーダ,牝3,55.0,和田竜二,1:12.8,4,237.4,16.0,460(0),[西] 清水久詞,202410030202
1,8,16,トーレ,牡3,57.0,太宰啓介,1:45.9,,6.0,3.0,472(-2),[西] 高橋亮,202410030203
2,5,9,モズユイユイ,牡3,54.0,吉村誠之,1:46.1,1.1/4,2.6,1.0,476(+4),[西] 清水久詞,202410030203
3,8,15,メイショウマツリ,牡3,57.0,横山典弘,1:46.2,1/2,11.2,5.0,494(-2),[西] 松永幹夫,202410030203
4,1,2,ホルガーダンスク,牡3,57.0,坂井瑠星,1:46.5,1.3/4,7.5,4.0,410(-6),[西] 西村真幸,202410030203
5,6,11,ゲインサポート,牡3,57.0,団野大成,1:47.1,4,15.9,6.0,448(-2),[西] 斉藤崇史,202410030203
6,3,5,タガノディガー,牝3,51.0,河原田菜,1:47.3,1.1/4,54.3,9.0,448(0),[西] 岡田稲男,202410030203
7,2,3,ファッシネイトパイ,牡3,57.0,国分優作,1:47.5,1.1/4,30.9,8.0,468(-10),[西] 畑端省吾,202410030203
8,5,10,ポッドフラッター,牡3,57.0,中井裕二,1:47.9,2,69.7,10.0,494(0),[西] 武幸四郎,202410030203
9,6,12,マンチェスター,牡3,56.0,秋山稔樹,1:48.2,2,159.6,11.0,444(-2),[西] 高橋義忠,202410030203
10,7,14,メイケイアリッサム,牝3,54.0,角田大河,1:48.8,3.1/2,205.5,13.0,442(+4),[西] 中竹和也,202410030203
11,3,6,ランドシュール,牡3,57.0,幸英明,1:49.1,2,188.0,12.0,486(+14),[西] 安達昭夫,202410030203
12,1,1,サウンドチアフル,牡3,56.0,泉谷楓真,1:49.3,1.1/4,217.9,14.0,432(+5),[西] 村山明,202410030203
13,4,7,ホウショウリナ,牝3,54.0,角田大和,1:50.3,6,3.5,2.0,494(-12),[西] 河内洋,202410030203
14,7,13,スラストアウェイ,牡3,57.0,城戸義政,1:51.5,7,218.0,15.0,502(-8),[西] 牧田和弥,202410030203
中,4,8,メタルハート,牝3,55.0,松若風馬,,,18.1,7.0,444(0),[西] 音無秀孝,202410030203
除,2,4,テーオーエメラルド,牝3,55.0,西村淳也,,,---,,466(-16),[西] 上村洋行,202410030203
1,2,4,クルミナーレ,牡3,57.0,川田将雅,2:02.3,,1.4,1.0,504(-2),[西] 池江泰寿,202410030204
2,6,12,マイネルコモドーア,牡3,57.0,和田竜二,2:02.9,4,71.3,9.0,440(+6),[西] 長谷川浩,202410030204
3,8,16,モンサンケコア,牡3,57.0,松山弘平,2:03.3,2.1/2,4.7,2.0,500(+6),[西] 中竹和也,202410030204
4,4,8,ワイドモヒート,牡3,57.0,酒井学,2:03.9,3.1/2,34.6,6.0,516(-6),[西] 藤岡健一,202410030204
5,2,3,ゼンノクレバー,牡3,57.0,幸英明,2:04.2,2,19.0,4.0,442(+2),[西] 四位洋文,202410030204
6,8,18,クラウンアラビアン,牡3,53.0,河原田菜,2:04.2,ハナ,10.3,3.0,474(0),[西] 角田晃一,202410030204
7,6,11,クヴェレ,牡3,56.0,角田大河,2:05.0,5,33.8,5.0,452(0),[西] 鈴木孝志,202410030204
8,8,17,モズテイクオフ,牡3,56.0,田口貫太,2:05.0,クビ,125.9,12.0,484(-4),[西] 藤岡健一,202410030204
9,3,6,ジュリアスローズ,牝3,54.0,松本大輝,2:05.1,クビ,85.9,10.0,452(-6),[西] 新谷功一,202410030204
10,4,7,リーゼダムール,牝3,55.0,国分優作,2:05.6,3,147.0,13.0,404(-8),[西] 辻野泰之,202410030204
11,7,14,バンデルアース,牝3,55.0,坂井瑠星,2:05.8,1.1/4,47.1,8.0,450(+10),[西] 矢作芳人,202410030204
12,1,1,インフルブルーム,牝3,55.0,国分恭介,2:05.9,1/2,36.4,7.0,436(0),[西] 河嶋宏樹,202410030204
13,7,13,モヴレクス,牡3,56.0,角田大和,2:06.4,2.1/2,212.5,17.0,452(-6),[西] 須貝尚介,202410030204
14,5,10,アルヒジュル,セ3,57.0,団野大成,2:06.6,1.1/2,95.6,11.0,478(-16),[西] 斉藤崇史,202410030204
15,7,15,モズブルーム,牡3,57.0,松若風馬,2:06.7,1/2,228.9,18.0,446(+4),[西] 荒川義之,202410030204
16,3,5,カルデナール,牡3,55.0,永島まな,2:08.9,大,165.1,14.0,482(-2),[西] 池添学,202410030204
17,5,9,リンドバーグ,セ3,57.0,小崎綾也,2:09.0,クビ,204.1,16.0,456(-4),[西] 寺島良,202410030204
18,1,2,プエルタアスール,牝3,55.0,丸山元気,2:10.9,大,171.3,15.0,472(-4),[西] 鈴木孝志,202410030204
1,8,12,ケイテンアイジン,牡2,53.0,永島まな,1:11.8,,2.7,1.0,482(0),[西] 谷潔,202410030205
2,6,9,レーニス,牝2,54.0,秋山稔樹,1:12.0,1.1/2,4.7,3.0,434(0),[西] 宮徹,202410030205
3,4,4,コウユーモジョカー,牝2,55.0,団野大成,1:12.6,4,2.7,2.0,450(0),[西] 斉藤崇史,202410030205
4,7,10,カシノベティ,牝2,54.0,松本大輝,1:13.2,3.1/2,36.0,8.0,428(0),[東] 和田雄二,202410030205
5,7,11,ニシノサンストーン,牡2,55.0,幸英明,1:13.9,4,9.1,4.0,462(0),[西] 北出成人,202410030205
6,6,8,ムゾラシカ,牝2,55.0,丸山元気,1:13.9,ハナ,23.9,5.0,444(0),[東] 根本康広,202410030205
7,5,6,ヤッホーキリシマ,牡2,55.0,小牧太,1:13.9,クビ,25.6,6.0,476(0),[西] 笹田和秀,202410030205
8,4,5,チェストイケ,牝2,55.0,城戸義政,1:14.1,1,97.4,12.0,460(0),[西] 牧田和弥,202410030205
9,2,2,イチザマジック,牝2,52.0,鷲頭虎太,1:14.3,1.1/4,94.3,11.0,416(0),[東] 的場均,202410030205
10,8,13,アマノカグヤマ,牝2,55.0,川須栄彦,1:16.0,10,40.5,9.0,440(0),[東] 松永康利,202410030205
11,3,3,ナンゴクトップガン,牡2,55.0,酒井学,1:16.2,3/4,72.1,10.0,446(0),[東] 天間昭一,202410030205
12,5,7,カシノトップラン,牡2,55.0,森裕太朗,1:16.2,クビ,98.8,13.0,430(0),[西] 藤沢則雄,202410030205
13,1,1,ホーリーアーク,牝2,52.0,吉村誠之,1:16.7,3,35.0,7.0,466(0),[東] 佐藤吉勝,202410030205
1,6,6,ユメシバイ,牝2,53.0,永島まな,1:11.3,,6.5,3.0,442(0),[西] 松永幹夫,202410030206
2,1,1,スナークメスナー,牡2,55.0,団野大成,1:11.5,1.1/4,3.6,2.0,468(0),[西] 野中賢二,202410030206
3,5,5,ストームレーン,牡2,55.0,松山弘平,1:11.5,クビ,7.5,4.0,416(0),[西] 緒方努,202410030206
4,4,4,シルフズミスチーフ,牝2,55.0,川田将雅,1:11.5,クビ,1.6,1.0,430(0),[西] 池江泰寿,202410030206
5,2,2,マサウッドテール,牡2,55.0,幸英明,1:12.5,6,25.0,5.0,440(0),[西] 河嶋宏樹,202410030206
6,3,3,マルモリマジック,牝2,55.0,西村淳也,1:13.2,4,38.7,6.0,460(0),[西] 川村禎彦,202410030206
1,2,2,プリンセスカレン,牝3,52.0,田口貫太,0:56.9,,6.2,3.0,416(-2),[西] 大橋勇樹,202410030207
2,1,1,フレイミングパイ,牝3,51.0,永島まな,0:57.0,1/2,5.8,2.0,438(+2),[西] 中竹和也,202410030207
3,3,4,イミュータブル,牡4,58.0,西村淳也,0:57.2,1.1/2,122.0,13.0,474(+2),[西] 浜田多実,202410030207
4,3,3,ルミナスサンライズ,牝3,53.0,和田竜二,0:57.3,1/2,37.3,9.0,460(+6),[西] 浜田多実,202410030207
5,5,8,ゼンノツキヨミ,牝3,53.0,横山典弘,0:57.4,3/4,26.1,7.0,422(-4),[西] 武幸四郎,202410030207
6,6,9,メイショウキルギス,牡3,54.0,角田大河,0:57.5,1/2,14.7,5.0,468(-4),[西] 高橋亮,202410030207
7,6,10,ラストボーン,セ3,51.0,河原田菜,0:57.7,1.1/4,80.8,11.0,444(-6),[西] 渡辺薫彦,202410030207
8,8,14,シリウス,牡3,52.0,吉村誠之,0:58.0,1.3/4,9.4,4.0,446(-2),[西] 石坂公一,202410030207
9,8,13,ロードドミニオン,セ7,58.0,松若風馬,0:58.1,クビ,30.7,8.0,434(-6),[西] 畑端省吾,202410030207
10,7,11,テーオードラッカー,牡3,55.0,川田将雅,0:58.1,クビ,1.8,1.0,514(-6),[西] 高柳大輔,202410030207
11,5,7,エンドレスロード,牡5,58.0,松山弘平,0:58.3,1.1/4,21.1,6.0,480(-8),[西] 高橋一哉,202410030207
12,4,6,コロル,牝4,56.0,城戸義政,0:58.4,3/4,365.5,14.0,454(-8),[西] 奥村豊,202410030207
13,7,12,カズラポニアン,牡5,58.0,幸英明,0:58.5,クビ,47.3,10.0,490(0),[西] 高橋一哉,202410030207
14,4,5,オールスティール,牡4,58.0,斎藤新,0:58.7,1.1/4,83.7,12.0,468(-2),[西] 高橋康之,202410030207
1,1,2,キャンシーエンゼル,牝3,53.0,松山弘平,1:08.5,,4.4,2.0,462(+2),[西] 鈴木孝志,202410030208
2,8,15,ソノママソノママ,牝4,55.0,泉谷楓真,1:08.7,1.1/4,13.9,6.0,444(+16),[西] 奥村豊,202410030208
3,8,17,スマートジェイナ,牝4,56.0,幸英明,1:08.7,ハナ,6.4,4.0,444(-10),[西] 大久保龍,202410030208
4,3,6,アスティスプマンテ,牝3,53.0,西村淳也,1:08.8,3/4,3.6,1.0,422(+12),[西] 杉山晴紀,202410030208
5,5,10,イツモニコニコ,牝3,53.0,田中健,1:09.0,1,6.1,3.0,480(+2),[西] 浜田多実,202410030208
6,7,14,レディメローラ,牝4,56.0,和田竜二,1:09.1,1/2,58.2,11.0,416(+22),[西] 北出成人,202410030208
7,2,4,アートフォーム,牝3,50.0,吉村誠之,1:09.1,アタマ,15.4,7.0,440(-4),[西] 畑端省吾,202410030208
8,5,9,ヴィエンヌ,牝4,55.0,田口貫太,1:09.1,クビ,18.5,8.0,476(0),[西] 中尾秀正,202410030208
9,6,12,ラブカムーン,牝3,50.0,鷲頭虎太,1:09.1,アタマ,26.8,9.0,464(+12),[西] 千田輝彦,202410030208
10,2,3,ニシノトキメキ,牝4,55.0,秋山稔樹,1:09.2,クビ,94.1,13.0,472(-4),[西] 北出成人,202410030208
11,4,8,ピースフルナイト,牝4,56.0,斎藤新,1:09.7,3,145.5,14.0,404(+6),[西] 高野友和,202410030208
12,7,13,ロンシャンクイーン,牝4,55.0,小沢大仁,1:09.8,3/4,72.3,12.0,432(+8),[西] 野中賢二,202410030208
13,4,7,シュークリーム,牝3,53.0,団野大成,1:09.8,アタマ,8.8,5.0,416(-10),[西] 西村真幸,202410030208
14,3,5,チカポコ,牝4,53.0,橋木太希,1:09.9,1/2,192.8,15.0,424(+4),[西] 西園正都,202410030208
15,8,16,ユメカナウケン,牝3,51.0,永島まな,1:10.0,1/2,28.8,10.0,418(+11),[西] 谷潔,202410030208
16,6,11,マサハヤヴァンス,牝4,52.0,河原田菜,1:10.0,クビ,298.2,17.0,432(+4),[西] 坂口智康,202410030208
17,1,1,ハイライフ,牝6,55.0,角田大和,1:10.1,1/2,269.1,16.0,446(+4),[西] 藤沢則雄,202410030208
1,5,5,グランデサラス,牡4,58.0,松山弘平,1:49.0,,3.9,2.0,494(+2),[西] 池添学,202410030209
2,7,7,ロードマンハイム,牡4,58.0,坂井瑠星,1:49.0,ハナ,1.8,1.0,498(-6),[西] 友道康夫,202410030209
3,2,2,アトミックフレア,牝6,56.0,泉谷楓真,1:49.6,3.1/2,11.4,4.0,448(-4),[西] 渡辺薫彦,202410030209
4,8,10,トーアライデン,牡4,58.0,幸英明,1:49.7,クビ,5.5,3.0,494(-6),[西] 河嶋宏樹,202410030209
5,7,8,チュウワモーニング,牝4,56.0,小崎綾也,1:50.5,5,109.5,9.0,452(0),[西] 小崎憲,202410030209
6,1,1,スズノマーベリック,セ5,58.0,藤懸貴志,1:50.6,3/4,56.4,8.0,468(-12),[西] 石坂公一,202410030209
7,8,9,ルソルティール,牝4,56.0,西村淳也,1:50.7,1/2,12.8,5.0,432(-6),[西] 清水久詞,202410030209
8,4,4,テーオーアリエス,牝5,56.0,小沢大仁,1:50.8,3/4,150.1,10.0,496(-12),[西] 岡田稲男,202410030209
9,6,6,パスカリ,牝4,56.0,田口貫太,1:51.2,2,22.2,6.0,474(+2),[西] 杉山晴紀,202410030209
10,3,3,マルベリーシチー,牡4,58.0,松若風馬,1:54.9,大,36.8,7.0,492(+10),[西] 橋口慎介,202410030209
1,5,10,レリジールダモーレ,牝5,56.0,団野大成,1:42.6,,23.8,9.0,448(-10),[西] 高橋義忠,202410030210
2,1,2,メイショウシナノ,牡4,58.0,田口貫太,1:42.7,3/4,11.8,6.0,490(+2),[西] 大橋勇樹,202410030210
3,4,7,タガノエスコート,牡5,58.0,川田将雅,1:42.7,クビ,3.2,1.0,496(-8),[西] 小林真也,202410030210
4,7,14,ヘニータイフーン,牝4,56.0,和田竜二,1:42.8,クビ,14.5,7.0,502(0),[西] 中村直也,202410030210
5,3,6,ゴッドブルービー,牡4,58.0,角田大和,1:42.8,クビ,10.5,5.0,452(-8),[西] 角田晃一,202410030210
6,3,5,イチネンエーグミ,牡5,58.0,松若風馬,1:43.2,2.1/2,8.8,4.0,562(-4),[西] 茶木太樹,202410030210
7,2,4,メイショウミカワ,牡6,58.0,西村淳也,1:43.7,2.1/2,16.2,8.0,496(-18),[西] 千田輝彦,202410030210
8,5,9,アスクビックスター,牡5,58.0,永島まな,1:43.7,アタマ,45.1,12.0,476(-6),[西] 矢作芳人,202410030210
9,1,1,カシノブレンド,セ8,58.0,秋山稔樹,1:44.5,5,101.8,15.0,466(-4),[東] 蛯名利弘,202410030210
9,7,13,メイショウコガシラ,牡4,58.0,酒井学,1:44.5,同着,7.3,3.0,496(+6),[西] 本田優,202410030210
11,6,11,エミサキホコル,牡4,58.0,長岡禎仁,1:44.8,1.3/4,39.0,10.0,488(0),[西] 杉山佳明,202410030210
12,8,15,レッドエランドール,セ7,58.0,川須栄彦,1:45.0,1.1/4,55.4,13.0,496(+6),[西] 田中克典,202410030210
13,8,16,グラストンベリー,牝5,56.0,幸英明,1:51.0,大,89.8,14.0,438(0),[西] 藤岡健一,202410030210
14,2,3,ウィズユアドリーム,牡4,58.0,松山弘平,1:52.2,7,43.4,11.0,514(+10),[西] 吉岡辰弥,202410030210
中,4,8,コンティノアール,牡4,58.0,丸山元気,,,4.3,2.0,544(0),[西] 矢作芳人,202410030210
除,6,12,ダンテバローズ,牡4,58.0,坂井瑠星,,,---,,516(+2),[西] 上村洋行,202410030210
1,6,12,ピューロマジック,牝3,53.0,松山弘平,1:07.9,,7.3,3.0,452(+6),[西] 安田翔伍,202410030211
2,8,16,ヨシノイースター,牡6,57.0,丸山元気,1:08.0,1/2,15.7,9.0,484(-4),[西] 中尾秀正,202410030211
3,4,7,モズメイメイ,牝4,55.0,国分恭介,1:08.3,1.3/4,91.1,16.0,468(+12),[西] 音無秀孝,202410030211
4,7,13,カンチェンジュンガ,牡4,55.0,田口貫太,1:08.3,クビ,20.2,10.0,486(+2),[西] 庄野靖志,202410030211
5,7,15,ショウナンハクラク,牡5,56.0,小沢大仁,1:08.3,ハナ,120.2,17.0,474(0),[西] 松下武士,202410030211
6,7,14,ナナオ,牝3,52.0,和田竜二,1:08.4,クビ,5.9,2.0,434(-2),[西] 小栗実,202410030211
7,3,5,メイショウソラフネ,牡5,56.0,横山典弘,1:08.8,2.1/2,35.9,11.0,442(-2),[西] 石橋守,202410030211
8,3,6,ヤクシマ,牡4,55.0,幸英明,1:08.8,クビ,83.6,15.0,520(-4),[西] 寺島良,202410030211
9,5,10,エイシンスポッター,牡5,58.0,角田大河,1:08.9,アタマ,11.9,7.0,498(-6),[西] 吉村圭司,202410030211
10,8,18,バースクライ,牝4,55.0,西村淳也,1:09.0,1/2,14.6,8.0,492(+12),[西] 千田輝彦,202410030211
11,1,1,ディヴィナシオン,牡7,56.0,松本大輝,1:09.1,3/4,79.7,14.0,480(+4),[西] 森秀行,202410030211
12,2,3,サーマルウインド,牝5,55.5,川田将雅,1:09.1,クビ,4.5,1.0,530(+4),[東] 奥村武,202410030211
13,4,8,トゥラヴェスーラ,牡9,58.0,永島まな,1:09.1,ハナ,56.6,13.0,476(-18),[西] 高橋康之,202410030211
14,2,4,グランテスト,牝4,53.0,坂井瑠星,1:09.3,3/4,9.3,6.0,476(+8),[西] 今野貞一,202410030211
15,8,17,メディーヴァル,牡6,53.0,小崎綾也,1:09.3,クビ,303.8,18.0,470(-2),[西] 寺島良,202410030211
16,6,11,ジャスパークローネ,牡5,58.5,団野大成,1:09.7,2.1/2,9.2,5.0,488(0),[西] 森秀行,202410030211
17,5,9,ペアポルックス,牡3,54.0,松若風馬,1:09.7,クビ,7.6,4.0,468(-6),[西] 梅田智之,202410030211
18,1,2,テイエムスパーダ,牝5,56.0,酒井学,1:09.9,3/4,46.2,12.0,490(-14),[西] 木原一良,202410030211
1,4,8,カズペトシーン,牡4,58.0,西村淳也,1:43.7,,11.3,5.0,484(-6),[西] 池添学,202410030212
2,2,4,ヴァンヴィーヴ,牡3,55.0,国分恭介,1:44.0,1.1/2,23.8,7.0,496(0),[西] 牧浦充徳,202410030212
3,8,16,キャピタルサックス,牡3,55.0,松山弘平,1:44.2,1.1/4,4.1,2.0,498(0),[西] 杉山晴紀,202410030212
4,3,6,ヒロノラメール,牡3,55.0,和田竜二,1:44.2,アタマ,3.8,1.0,476(+2),[西] 川村禎彦,202410030212
5,6,11,カルパ,牡3,55.0,川田将雅,1:44.7,3,4.6,3.0,436(+4),[西] 須貝尚介,202410030212
6,3,5,マーブルマウンテン,牝3,53.0,坂井瑠星,1:45.2,3,6.2,4.0,466(+2),[西] 田中克典,202410030212
7,2,3,リノアラ,牝5,55.0,小沢大仁,1:45.2,ハナ,62.4,12.0,436(+10),[西] 今野貞一,202410030212
8,1,1,ダイヤグラフ,牡4,58.0,松若風馬,1:45.3,1,11.6,6.0,478(-8),[西] 角田晃一,202410030212
9,5,10,セイウンデセオ,牝3,53.0,幸英明,1:45.4,1/2,29.0,9.0,470(0),[西] 吉村圭司,202410030212
10,6,12,メイショウフィガロ,牡5,57.0,秋山稔樹,1:45.5,クビ,148.8,14.0,464(-14),[西] 高橋義忠,202410030212
11,7,14,モズアカボス,牡4,58.0,丸山元気,1:46.1,3.1/2,53.5,11.0,502(0),[西] 矢作芳人,202410030212
12,4,7,サトノマジェスタ,セ6,56.0,永島まな,1:46.2,3/4,49.0,10.0,474(-4),[西] 音無秀孝,202410030212
13,1,2,シャイニングローズ,牝3,52.0,田口貫太,1:46.9,4,86.5,13.0,434(-6),[西] 大橋勇樹,202410030212
14,7,13,ララマルシュドロワ,セ4,58.0,国分優作,1:46.9,1/2,24.0,8.0,474(-6),[西] 坂口智康,202410030212
15,5,9,フリークボンバー,牡7,54.0,河原田菜,1:48.9,大,181.2,15.0,502(-6),[西] 岡田稲男,202410030212
16,8,15,オーケーミネルバ,牝3,50.0,吉村誠之,1:49.7,5,278.3,16.0,470(+6),[西] 奥村豊,202410030212
1,5,5,オオキニ,牡5,60.0,森一馬,3:11.5,,1.6,1.0,448(-12),[西] 鈴木孝志,202410030301
2,7,7,アメリカンピース,セ6,60.0,小坂忠士,3:12.2,4,8.2,3.0,460(0),[西] 音無秀孝,202410030301
3,6,6,インプレス,牡5,60.0,小牧加矢,3:13.5,8,3.2,2.0,528(+2),[西] 佐々木晶,202410030301
4,4,4,マテンロウジョイ,牡4,60.0,西谷誠,3:14.1,3.1/2,12.0,4.0,454(-12),[西] 四位洋文,202410030301
5,8,9,シュハリ,牡4,60.0,大江原圭,3:14.3,1,140.2,9.0,452(-4),[東] 粕谷昌央,202410030301
6,2,2,コスモチプリア,牝4,58.0,伴啓太,3:14.3,ハナ,16.2,5.0,444(+8),[東] 松永康利,202410030301
7,1,1,ニューモニュメント,牡8,60.0,黒岩悠,3:15.5,7,35.0,7.0,488(-14),[西] 小崎憲,202410030301
8,8,8,ベッサラビア,セ7,60.0,田村太雅,3:15.6,1.1/4,127.8,8.0,446(-4),[西] 藤沢則雄,202410030301
9,3,3,テイエムイダテン,牡7,60.0,小野寺祐,3:16.8,7,27.1,6.0,484(+6),[西] 小椋研介,202410030301
1,4,4,ジャルディニエ,牝2,55.0,坂井瑠星,1:48.6,,1.3,1.0,436(-12),[西] 奥村豊,202410030302
2,3,3,マナミン,牝2,53.0,永島まな,1:49.2,3.1/2,20.0,5.0,434(-14),[西] 高橋康之,202410030302
3,8,8,オーシンエス,牡2,52.0,吉村誠之,1:49.6,2.1/2,10.1,3.0,438(0),[西] 宮徹,202410030302
4,7,7,バッケンレコード,牡2,54.0,角田大和,1:49.7,3/4,25.9,6.0,454(+4),[西] 河内洋,202410030302
5,5,5,ディクシャ,牡2,55.0,団野大成,1:49.8,3/4,35.3,7.0,458(0),[西] 西村真幸,202410030302
6,1,1,オニムシャ,牡2,55.0,西村淳也,1:49.8,アタマ,6.0,2.0,440(0),[西] 松永幹夫,202410030302
7,6,6,エーオ,牡2,55.0,酒井学,1:49.9,1/2,48.8,8.0,420(+4),[西] 長谷川浩,202410030302
8,2,2,アルマリアルト,牡2,54.0,小沢大仁,1:50.1,1.1/4,63.2,9.0,500(+2),[西] 川村禎彦,202410030302
9,8,9,ニシノオーブ,牝2,55.0,幸英明,1:50.4,2,12.5,4.0,448(-8),[西] 谷潔,202410030302
1,3,4,ヨシノヤッタルデー,牡3,55.0,永島まな,0:58.3,,47.3,9.0,442(-10),[西] 中竹和也,202410030303
2,4,6,ポートカルタヘナ,牝3,54.0,西塚洸二,0:58.5,1,14.8,7.0,470(-8),[西] 畑端省吾,202410030303
3,5,7,ブライトルピナス,牝3,52.0,吉村誠之,0:58.8,2,7.9,4.0,456(0),[西] 杉山晴紀,202410030303
4,2,2,ビーコング,牡3,56.0,松本大輝,0:59.0,3/4,4.4,3.0,482(+2),[西] 新谷功一,202410030303
5,6,9,メイショウヴァイゼ,牡3,56.0,田口貫太,0:59.0,ハナ,4.2,2.0,514(+8),[西] 安達昭夫,202410030303
6,4,5,シノノメ,牝3,55.0,松山弘平,0:59.4,2.1/2,10.8,5.0,438(+4),[西] 大久保龍,202410030303
7,6,10,ゲーベル,牡3,57.0,団野大成,0:59.6,1.1/4,3.3,1.0,504(-10),[西] 渡辺薫彦,202410030303
8,5,8,ルミリオン,牡3,53.0,河原田菜,0:59.9,2,102.5,13.0,448(+10),[西] 坂口智康,202410030303
9,7,11,シュムック,牡3,57.0,酒井学,1:00.1,3/4,15.1,8.0,500(-8),[西] 千田輝彦,202410030303
10,3,3,ヴェストラン,牡3,57.0,幸英明,1:00.3,1.1/4,95.1,12.0,446(+6),[西] 大根田裕,202410030303
11,8,14,エクセレンアーサー,牡3,57.0,坂井瑠星,1:00.3,クビ,14.2,6.0,482(+6),[西] 武英智,202410030303
12,7,12,ブラックリバー,牝3,54.0,秋山稔樹,1:00.6,1.3/4,92.4,11.0,412(-8),[西] 杉山佳明,202410030303
13,8,13,フレアビート,牝3,55.0,長岡禎仁,1:00.8,1.1/4,84.9,10.0,516(0),[西] 小栗実,202410030303
14,1,1,タマハガネ,牡3,57.0,城戸義政,1:00.9,3/4,256.8,14.0,402(+10),[西] 荒川義之,202410030303
1,1,1,アスターディゴン,牡5,60.0,黒岩悠,3:47.6,,2.1,1.0,490(-6),[西] 中竹和也,202410030304
2,2,2,エンデュミオン,牡7,61.0,小牧加矢,3:47.6,ハナ,2.4,2.0,456(-16),[西] 清水久詞,202410030304
3,6,6,ショウナンアーチー,牡6,60.0,中村将之,3:48.4,5,7.5,4.0,502(-6),[西] 松下武士,202410030304
4,5,5,ゴールドパラディン,牡7,60.0,森一馬,3:48.5,1/2,5.1,3.0,434(-12),[西] 小椋研介,202410030304
5,3,3,スリーケイエヌ,牡6,60.0,小坂忠士,3:52.1,大,50.3,6.0,478(-4),[西] 藤沢則雄,202410030304
中,4,4,ファジュル,セ5,60.0,小野寺祐,,,24.4,5.0,440(-6),[西] 藤沢則雄,202410030304
1,4,4,タマモティーカップ,牝2,55.0,長岡禎仁,1:09.2,,2.3,2.0,444(0),[西] 高橋亮,202410030305
2,1,1,セルヴァンス,牡2,55.0,西村淳也,1:09.3,クビ,5.4,3.0,424(0),[西] 小椋研介,202410030305
3,6,6,リアルフォルゴーレ,牡2,54.0,田口貫太,1:09.7,2.1/2,19.1,5.0,458(0),[西] 大橋勇樹,202410030305
4,3,3,ショウナンアトレ,牡2,54.0,西塚洸二,1:09.9,1.1/4,9.9,4.0,468(0),[西] 梅田智之,202410030305
5,2,2,プレインコート,牝2,55.0,川田将雅,1:10.2,1.3/4,2.1,1.0,400(0),[西] 吉岡辰弥,202410030305
6,5,5,ゴッドペイズリー,牡2,54.0,角田大和,1:10.3,1/2,51.8,6.0,488(0),[西] 飯田祐史,202410030305
1,4,7,レザンクレール,牝3,55.0,西村淳也,1:08.5,,4.0,1.0,422(+2),[西] 西村真幸,202410030306
2,3,6,フリーダムレイン,牡3,57.0,坂井瑠星,1:08.6,3/4,4.6,3.0,474(-4),[西] 友道康夫,202410030306
3,6,11,タイセイタリスマン,牡3,56.0,田口貫太,1:08.6,クビ,89.5,14.0,454(-2),[西] 小栗実,202410030306
4,3,5,レディーズナイト,牝3,54.0,西塚洸二,1:08.6,アタマ,11.8,6.0,456(-2),[西] 鮫島一歩,202410030306
5,7,13,サウンドガネーシャ,牡3,57.0,松若風馬,1:08.7,1/2,31.2,9.0,492(-8),[西] 安達昭夫,202410030306
6,6,12,ケイティバトラー,牡3,56.0,小沢大仁,1:08.8,1/2,34.3,11.0,486(-24),[西] 高橋康之,202410030306
7,2,3,アスセナ,牝3,52.0,吉村誠之,1:08.8,アタマ,80.4,13.0,476(0),[西] 牧田和弥,202410030306
8,5,9,ヴァシロペス,セ3,57.0,国分恭介,1:08.9,1/2,4.3,2.0,444(-14),[西] 緒方努,202410030306
9,1,1,メイショウロージー,牝3,54.0,泉谷楓真,1:08.9,クビ,20.8,7.0,430(-18),[西] 石橋守,202410030306
10,1,2,マイキオラ,牝3,54.0,角田大和,1:09.0,クビ,8.8,5.0,424(0),[西] 角田晃一,202410030306
11,8,17,セプテンバーソング,牝3,55.0,幸英明,1:09.0,ハナ,94.3,15.0,382(+2),[西] 森田直行,202410030306
12,4,8,クイーンカナロア,牝3,55.0,団野大成,1:09.1,クビ,26.9,8.0,430(+2),[西] 藤岡健一,202410030306
13,5,10,フォーレ,牝3,55.0,松山弘平,1:09.1,1/2,8.7,4.0,420(-6),[西] 浜田多実,202410030306
14,8,15,メイケイノヴァ,牝3,55.0,酒井学,1:09.3,3/4,104.9,16.0,410(0),[西] 武英智,202410030306
15,7,14,モランゴ,牝3,53.0,永島まな,1:10.6,8,31.4,10.0,468(-12),[西] 池添学,202410030306
16,2,4,ホワイトリバー,牡3,53.0,河原田菜,1:11.0,2.1/2,123.7,17.0,436(-10),[西] 武英智,202410030306
17,8,16,ドゥラシェーナ,牝3,55.0,田中健,1:12.3,8,64.3,12.0,476(0),[西] 佐々木晶,202410030306
1,6,12,リトルハピ,牡3,57.0,坂井瑠星,1:46.2,,3.9,2.0,460(0),[西] 大久保龍,202410030307
2,4,8,メイショウアラセツ,牡3,57.0,太宰啓介,1:46.2,アタマ,18.2,7.0,518(+2),[西] 飯田祐史,202410030307
3,2,3,マテンロウタイム,牡3,57.0,横山典弘,1:46.3,3/4,8.4,5.0,472(+4),[西] 昆貢,202410030307
4,3,5,トゥラッタッタ,牡3,56.0,小沢大仁,1:46.7,2,7.1,4.0,454(0),[西] 石坂公一,202410030307
5,5,10,ケンジョー,牡3,57.0,川田将雅,1:47.6,5,3.8,1.0,470(-8),[西] 中内田充,202410030307
6,8,16,ホットエンペラー,牡3,57.0,荻野極,1:47.8,1.1/4,10.6,6.0,474(-2),[西] 本田優,202410030307
7,1,1,フルオブサクセス,牡3,55.0,永島まな,1:47.9,1/2,23.9,9.0,516(-2),[西] 須貝尚介,202410030307
8,8,15,メイショウイコマ,牡3,53.0,河原田菜,1:48.1,1.1/2,149.3,13.0,460(0),[西] 河内洋,202410030307
9,1,2,オールラウンダー,牡3,57.0,松若風馬,1:48.4,1.1/2,75.9,11.0,464(-2),[西] 宮本博,202410030307
10,7,14,アンバサダー,牡3,54.0,吉村誠之,1:48.4,クビ,20.7,8.0,504(0),[西] 池江泰寿,202410030307
11,5,9,ホウショウディーバ,牝3,54.0,田口貫太,1:48.5,クビ,120.6,12.0,428(-4),[西] 河内洋,202410030307
12,3,6,ボックスオフィス,牡3,57.0,和田竜二,1:48.5,クビ,32.7,10.0,504(-6),[西] 吉村圭司,202410030307
13,2,4,エイシンソブリン,牡3,57.0,小崎綾也,1:49.0,2.1/2,364.4,16.0,448(+4),[西] 中尾秀正,202410030307
14,7,13,テーオーニコラス,セ3,57.0,城戸義政,1:51.4,大,241.1,15.0,464(-16),[西] 奥村豊,202410030307
15,6,11,ハセノビーバー,牡3,56.0,角田大和,1:53.2,大,192.1,14.0,466(-8),[西] 小栗実,202410030307
16,4,7,カラリパヤット,牡3,57.0,松山弘平,1:56.1,大,5.8,3.0,534(-6),[西] 音無秀孝,202410030307
1,6,11,ハミング,牝3,53.0,西村淳也,1:46.0,,3.0,1.0,432(+8),[西] 中内田充,202410030308
2,7,13,オオナミコナミ,牝3,53.0,坂井瑠星,1:46.1,1/2,13.0,5.0,472(-2),[西] 牧浦充徳,202410030308
3,1,1,キタサンダムール,牝4,52.0,河原田菜,1:46.2,1/2,26.7,12.0,484(+12),[西] 清水久詞,202410030308
4,8,15,エマロア,牝3,53.0,和田竜二,1:46.2,クビ,26.4,11.0,492(+18),[西] 平田修,202410030308
5,3,6,ツッチーフェイス,牝5,55.0,小沢大仁,1:46.5,1.3/4,26.2,10.0,478(+6),[西] 今野貞一,202410030308
6,8,16,スウィートスカー,牝5,56.0,酒井学,1:46.6,1,21.3,9.0,478(-2),[西] 鮫島一歩,202410030308
7,2,3,マルクパージュ,牝4,56.0,荻野極,1:46.7,アタマ,98.8,16.0,424(+6),[西] 斉藤崇史,202410030308
8,4,8,イリスレーン,牝4,56.0,団野大成,1:46.7,クビ,28.0,13.0,480(+12),[西] 清水久詞,202410030308
9,7,14,トンジンチ,牝4,56.0,川田将雅,1:46.8,3/4,7.2,3.0,468(+4),[西] 福永祐一,202410030308
10,1,2,ダイシンビヨンド,牝5,55.0,西塚洸二,1:47.1,1.3/4,17.2,8.0,456(-14),[西] 梅田智之,202410030308
11,2,4,フラッシングレート,牝4,53.0,吉村誠之,1:47.3,1.1/2,7.1,2.0,472(0),[西] 音無秀孝,202410030308
12,5,9,ニシノコマチムスメ,牝3,53.0,幸英明,1:48.3,6,8.9,4.0,422(0),[西] 橋口慎介,202410030308
13,3,5,アキミューミュー,牝3,52.0,田口貫太,1:48.6,2,45.1,15.0,470(+16),[西] 池添学,202410030308
14,5,10,ザパリスマッチ,牝3,53.0,松山弘平,1:49.2,3.1/2,15.3,7.0,474(0),[西] 茶木太樹,202410030308
15,4,7,ブラックサンライズ,牝3,53.0,松若風馬,1:49.8,3.1/2,14.4,6.0,482(+18),[西] 音無秀孝,202410030308
16,6,12,モンディーン,牝3,51.0,永島まな,1:50.2,2.1/2,29.2,14.0,416(0),[西] 西園翔太,202410030308
1,2,2,イングランドアイズ,牝4,56.0,坂井瑠星,1:59.3,,2.8,1.0,448(+4),[西] 安田翔伍,202410030309
2,3,3,ティムール,牡4,58.0,西村淳也,1:59.5,1.1/4,3.7,2.0,468(+2),[西] 中竹和也,202410030309
3,8,10,カリーニョ,牡3,55.0,小沢大仁,1:59.5,アタマ,5.4,3.0,454(+2),[西] 杉山晴紀,202410030309
4,1,1,レッセパッセ,牝3,53.0,和田竜二,2:00.0,3,18.6,7.0,370(-4),[西] 西園翔太,202410030309
5,6,6,クレオメデス,牡4,58.0,松山弘平,2:00.1,3/4,10.7,5.0,510(+6),[西] 武英智,202410030309
6,5,5,コスモダークナイト,牡5,58.0,松若風馬,2:00.2,アタマ,65.0,11.0,504(-6),[西] 吉田直弘,202410030309
7,6,7,トラストエムシー,牡4,58.0,幸英明,2:00.3,1,17.4,6.0,436(0),[西] 北出成人,202410030309
8,4,4,タガノトラリア,牝4,56.0,田口貫太,2:00.4,クビ,60.9,10.0,440(-2),[西] 斉藤崇史,202410030309
9,8,11,マテンロウアルテ,牝4,56.0,横山典弘,2:01.1,4,6.7,4.0,490(+10),[西] 坂口智康,202410030309
10,7,9,オールデュスヴラン,牡3,55.0,団野大成,2:01.1,クビ,28.0,8.0,466(-4),[西] 池江泰寿,202410030309
11,7,8,ラファミリア,牡3,55.0,西塚洸二,2:01.6,3,37.6,9.0,506(-8),[西] 矢作芳人,202410030309
1,1,1,メリオーレム,牡3,55.0,川田将雅,2:37.8,,1.5,1.0,484(0),[西] 友道康夫,202410030310
2,4,4,グランアルティスタ,牡3,52.0,坂井瑠星,2:38.5,4,3.7,2.0,508(-2),[西] 寺島良,202410030310
3,8,8,リンフレスカンテ,牡6,57.0,松山弘平,2:38.6,1/2,25.2,6.0,442(+2),[西] 宮本博,202410030310
4,5,5,プレイリードリーム,牡8,57.0,和田竜二,2:38.8,1.1/4,17.6,4.0,460(-6),[西] 安達昭夫,202410030310
5,6,6,レッドエンヴィー,牡8,54.0,田口貫太,2:39.0,1.1/4,20.3,5.0,506(-6),[西] 坂口智康,202410030310
6,2,2,マコトヴィクラント,牡4,54.0,西塚洸二,2:39.0,クビ,213.5,9.0,468(-2),[西] 鮫島一歩,202410030310
7,3,3,エクロール,牝5,54.0,荻野極,2:39.4,2.1/2,46.0,7.0,434(-2),[西] 長谷川浩,202410030310
8,8,9,パープルクラウド,牡4,55.0,西村淳也,2:41.1,10,6.9,3.0,516(+2),[西] 吉村圭司,202410030310
9,7,7,ジュンブルースカイ,牡6,56.0,松若風馬,2:42.2,7,65.6,8.0,452(0),[東] 伊坂重信,202410030310
1,5,5,ダノンセシボン,牝4,56.0,坂井瑠星,0:57.2,,2.8,1.0,490(-6),[西] 千田輝彦,202410030311
2,6,7,エコロアイ,牝4,56.0,西村淳也,0:57.5,2,3.7,2.0,516(0),[西] 森秀行,202410030311
3,8,12,クロデメニル,牝5,56.0,永島まな,0:57.5,ハナ,18.8,7.0,494(-18),[西] 森秀行,202410030311
4,8,11,ペプチドヤマト,牡5,58.0,小沢大仁,0:57.8,1.1/2,12.9,6.0,484(-8),[西] 武英智,202410030311
5,5,6,メイショウフジタカ,牡6,58.0,幸英明,0:57.9,クビ,28.3,8.0,490(-6),[西] 飯田祐史,202410030311
6,4,4,メルシー,牝5,56.0,荻野極,0:58.0,3/4,62.9,10.0,440(+6),[西] 今野貞一,202410030311
7,1,1,アルムラトゥール,牡4,58.0,和田竜二,0:58.2,1.1/4,11.2,5.0,494(0),[西] 川村禎彦,202410030311
8,7,10,オーロベルディ,牝5,56.0,松山弘平,0:58.6,2.1/2,5.0,3.0,500(+2),[西] 緒方努,202410030311
9,3,3,ラインガルーダ,牡7,58.0,田口貫太,0:58.7,クビ,8.5,4.0,468(-4),[西] 長谷川浩,202410030311
10,6,8,スキピオ,牡6,58.0,団野大成,0:58.9,1.1/4,31.1,9.0,490(-6),[西] 浜田多実,202410030311
11,7,9,ジェットエンブレム,牡6,58.0,西塚洸二,1:01.1,大,91.6,11.0,530(-6),[西] 石坂公一,202410030311
除,2,2,ユウグロスファクタ,牝5,56.0,松本大輝,,,---,,502(-4),[西] 新谷功一,202410030311
1,8,16,キタノズエッジ,牡3,55.0,松山弘平,1:45.5,,8.4,5.0,512(0),[西] 畑端省吾,202410030312
2,6,12,レッドリベルタ,牡3,54.0,田口貫太,1:45.5,クビ,6.1,3.0,446(0),[西] 庄野靖志,202410030312
3,3,5,ヘルモーズ,牡3,52.0,吉村誠之,1:45.9,2,11.2,6.0,502(-4),[西] 小林真也,202410030312
4,7,13,スーパーアグリ,牡4,58.0,坂井瑠星,1:46.2,1.3/4,42.8,11.0,468(+2),[西] 矢作芳人,202410030312
5,4,8,メイショウソウタ,牡3,55.0,西村淳也,1:46.3,3/4,4.0,2.0,530(+4),[西] 岡田稲男,202410030312
6,7,14,マリオンエール,牝6,56.0,松若風馬,1:46.4,クビ,260.9,16.0,482(+12),[西] 安達昭夫,202410030312
7,1,2,アシャカブラン,牡3,55.0,国分優作,1:46.6,1.1/4,180.2,15.0,520(+10),[西] 大根田裕,202410030312
8,3,6,パシアンジャン,牡3,55.0,和田竜二,1:46.6,ハナ,3.7,1.0,452(-6),[西] 鈴木孝志,202410030312
9,4,7,ウインドワンピース,牡4,58.0,酒井学,1:46.7,1/2,81.5,12.0,494(-6),[西] 藤沢則雄,202410030312
10,2,4,ゴットゴーゴー,牝6,52.0,河原田菜,1:46.8,1/2,125.8,13.0,464(+4),[西] 木原一良,202410030312
11,1,1,ゼットスティール,牡4,58.0,団野大成,1:46.8,アタマ,40.8,10.0,528(-6),[西] 川村禎彦,202410030312
12,5,9,スマートハンター,牡4,57.0,小沢大仁,1:46.8,クビ,29.4,9.0,512(+6),[西] 中村直也,202410030312
13,2,3,カネトシゴウト,牡3,54.0,西塚洸二,1:46.8,ハナ,15.3,7.0,436(-18),[西] 大橋勇樹,202410030312
14,8,15,モズバンディット,牡4,58.0,幸英明,1:47.0,1.1/4,20.6,8.0,442(-6),[西] 中尾秀正,202410030312
15,5,10,ミスティカ,牝3,52.0,松本大輝,1:47.2,3/4,137.8,14.0,450(0),[西] 松下武士,202410030312
16,6,11,サンダーバース,牡3,53.0,永島まな,1:48.7,9,7.6,4.0,474(+4),[西] 高柳大輔,202410030312
1,3,5,コウユーモジョカー,牝2,55.0,団野大成,1:09.8,,7.4,4.0,456(+6),[西] 斉藤崇史,202410030401
2,4,7,レーニス,牝2,54.0,秋山稔樹,1:09.9,1,2.1,1.0,432(-2),[西] 宮徹,202410030401
3,7,14,ランインザウインド,牡2,52.0,鷲頭虎太,1:11.0,7,4.4,2.0,484(+2),[東] 堀内岳志,202410030401
4,1,1,チェストイケ,牝2,55.0,城戸義政,1:11.1,クビ,199.8,15.0,456(-4),[西] 牧田和弥,202410030401
5,6,11,ニシノサンストーン,牡2,55.0,幸英明,1:11.2,クビ,19.4,5.0,454(-8),[西] 北出成人,202410030401
6,3,6,ジューシーオレンジ,牝2,52.0,吉村誠之,1:11.2,アタマ,127.3,12.0,408(-4),[東] 根本康広,202410030401
7,6,12,ムゾラシカ,牝2,54.0,西塚洸二,1:11.3,1,100.5,10.0,450(+6),[東] 根本康広,202410030401
8,8,16,ザボドフスキー,牡2,54.0,角田大和,1:11.4,クビ,217.9,16.0,426(+2),[西] 藤沢則雄,202410030401
9,8,17,ヤッホーキリシマ,牡2,55.0,小牧太,1:11.4,クビ,124.1,11.0,476(0),[西] 笹田和秀,202410030401
10,5,9,カシノクンプウ,牡2,54.0,田口貫太,1:11.7,1.1/2,22.4,6.0,434(-6),[西] 北出成人,202410030401
11,7,15,ナンシヨウト,牝2,51.0,河原田菜,1:11.8,1/2,5.0,3.0,428(-2),[西] 岡田稲男,202410030401
12,2,4,ナントカナルニャ,牡2,55.0,川須栄彦,1:11.8,クビ,27.6,7.0,460(-2),[西] 笹田和秀,202410030401
13,8,18,サバイバルナイン,牝2,53.0,永島まな,1:11.8,1/2,45.3,8.0,504(+8),[東] 和田雄二,202410030401
14,1,2,カシノベティ,牝2,54.0,松本大輝,1:12.0,3/4,70.7,9.0,426(-2),[東] 和田雄二,202410030401
15,4,8,カシノシンボル,牡2,55.0,和田翼,1:12.2,1.1/4,133.4,13.0,420(-4),[西] 谷潔,202410030401
16,5,10,エイシンアヤメ,牝2,54.0,小沢大仁,1:12.2,ハナ,157.7,14.0,460(-4),[西] 今野貞一,202410030401
17,2,3,イチザマジック,牝2,55.0,藤懸貴志,1:12.4,1.1/4,280.3,18.0,412(-4),[東] 的場均,202410030401
18,7,13,ヒカルノキミ,牡2,55.0,森裕太朗,1:12.7,1.3/4,245.5,17.0,460(+2),[西] 牧田和弥,202410030401
1,8,16,スナークサファイア,牝3,54.0,小沢大仁,2:00.8,,48.2,9.0,472(-8),[西] 川村禎彦,202410030402
2,3,5,ファミリーツリー,牝3,55.0,武豊,2:01.0,3/4,5.8,3.0,436(-8),[西] 河嶋宏樹,202410030402
3,1,1,パラソル,牝3,55.0,西村淳也,2:01.0,アタマ,11.5,4.0,448(+8),[西] 杉山晴紀,202410030402
4,7,13,ソニックドライブ,牝3,55.0,坂井瑠星,2:01.0,アタマ,2.3,1.0,442(-6),[西] 田中克典,202410030402
5,2,4,スズカミエール,牝3,55.0,松山弘平,2:01.0,アタマ,3.3,2.0,462(-4),[西] 吉村圭司,202410030402
6,6,12,ルージュクライト,牝3,55.0,小崎綾也,2:01.2,1,146.3,12.0,424(-10),[西] 寺島良,202410030402
7,4,8,タガノアミカル,牝3,55.0,田中健,2:01.6,2.1/2,157.6,14.0,448(+2),[西] 荒川義之,202410030402
8,4,7,ロンギングキイ,牝3,54.0,松本大輝,2:01.6,アタマ,90.0,11.0,472(+10),[西] 新谷功一,202410030402
9,5,10,チャウチャウチャウ,牝3,55.0,国分優作,2:01.7,クビ,200.3,16.0,450(-4),[西] 緒方努,202410030402
10,8,17,ルミエールドゥース,牝3,55.0,川須栄彦,2:01.8,3/4,194.4,15.0,478(0),[西] 辻野泰之,202410030402
11,5,9,バトゥーラ,牝3,51.0,河原田菜,2:02.0,1.1/4,253.9,17.0,416(-4),[西] 坂口智康,202410030402
12,7,15,ヴェロクオーレ,牝3,54.0,西塚洸二,2:02.2,1.1/4,42.1,8.0,490(0),[西] 石坂公一,202410030402
13,1,2,パステルツェ,牝3,52.0,吉村誠之,2:02.2,ハナ,12.7,5.0,446(0),[西] 清水久詞,202410030402
14,3,6,スマイルペンダント,牝3,54.0,田口貫太,2:02.2,ハナ,18.5,6.0,484(0),[西] 高野友和,202410030402
15,8,18,ツヨポンフェイス,牝3,55.0,幸英明,2:02.6,2.1/2,147.6,13.0,428(0),[西] 清水久詞,202410030402
16,6,11,サトノオーブ,牝3,55.0,和田竜二,2:02.9,1.3/4,75.9,10.0,428(0),[西] 杉山晴紀,202410030402
17,7,14,ソウルノット,牝3,52.0,鷲頭虎太,2:03.1,1.1/4,473.8,18.0,376(+2),[西] 辻野泰之,202410030402
18,2,3,ヤマニンエジェリー,牝3,55.0,松若風馬,2:03.4,2,29.9,7.0,506(-10),[西] 中村直也,202410030402
1,5,10,ヤマニンステラータ,牡3,57.0,藤懸貴志,2:40.0,,5.9,2.0,464(-6),[西] 松永幹夫,202410030403
2,1,2,テイクザクラウン,牡3,57.0,Ｍ．デム,2:40.6,3.1/2,1.5,1.0,434(-4),[西] 吉村圭司,202410030403
3,6,12,トレポンティ,牝3,55.0,松若風馬,2:40.8,1.1/4,8.4,3.0,446(+2),[西] 石坂公一,202410030403
4,4,7,マエストロライト,牡3,56.0,角田大和,2:41.1,1.3/4,172.0,13.0,500(+6),[西] 大久保龍,202410030403
5,7,13,ヤマトフェイス,牡3,56.0,西塚洸二,2:41.1,クビ,28.2,7.0,484(-2),[西] 新谷功一,202410030403
6,1,1,チャンドラ,牡3,57.0,西村淳也,2:41.4,2,27.3,6.0,444(0),[西] 藤原英昭,202410030403
7,4,8,ドゥラエンヌ,牝3,52.0,吉村誠之,2:41.6,1.1/4,35.6,8.0,432(+2),[西] 杉山晴紀,202410030403
8,8,16,サトノジーニー,牡3,57.0,幸英明,2:41.9,1.3/4,263.6,16.0,448(-4),[西] 橋口慎介,202410030403
9,5,9,メイショウアンゾフ,牡3,57.0,坂井瑠星,2:42.2,1.1/2,56.1,9.0,446(+4),[西] 四位洋文,202410030403
10,3,5,サンブノワ,牡3,57.0,団野大成,2:42.4,1.1/4,8.5,4.0,504(-4),[西] 斉藤崇史,202410030403
11,6,11,ファルギュラント,牡3,57.0,中井裕二,2:42.4,1/2,222.1,14.0,428(-4),[西] 河嶋宏樹,202410030403
12,8,15,ナムラスカー,牡3,57.0,酒井学,2:42.5,1/2,24.4,5.0,488(0),[西] 高橋一哉,202410030403
13,2,4,ベルベストランナー,牡3,57.0,小崎綾也,2:42.5,アタマ,76.9,10.0,460(-6),[西] 西村真幸,202410030403
14,3,6,クラージュミノル,牡3,56.0,秋山稔樹,2:42.8,1.1/2,145.4,12.0,534(+4),[西] 北出成人,202410030403
15,2,3,アスクブラボー,牡3,53.0,河原田菜,2:43.3,3,239.7,15.0,460(-8),[西] 笹田和秀,202410030403
16,7,14,チェルビック,牝3,54.0,田口貫太,2:47.4,大,98.5,11.0,476(+6),[西] 池添学,202410030403
1,1,1,ハイウェイスター,牝3,55.0,川田将雅,1:46.4,,3.1,2.0,474(-14),[西] 宮本博,202410030404
2,8,16,デイムサンライズ,牝3,54.0,小沢大仁,1:46.9,3,6.9,4.0,440(0),[西] 牧浦充徳,202410030404
3,3,6,ナムラリーナ,牝3,55.0,和田竜二,1:47.1,1.1/4,23.2,5.0,482(-6),[西] 川村禎彦,202410030404
4,8,15,オテンバムスメ,牝3,55.0,松山弘平,1:47.2,1/2,5.2,3.0,434(+2),[西] 北出成人,202410030404
5,4,8,ユキカゼ,牝3,55.0,松若風馬,1:47.2,クビ,35.7,7.0,448(-4),[西] 小崎憲,202410030404
6,7,14,ダイシンサンディー,牝3,53.0,永島まな,1:47.3,1/2,26.8,6.0,484(-6),[西] 梅田智之,202410030404
7,5,10,シルヴァリームーン,牝3,55.0,武豊,1:47.9,3.1/2,2.2,1.0,512(+2),[西] 渡辺薫彦,202410030404
8,5,9,クールシェリー,牝3,54.0,松本大輝,1:49.2,8,263.1,14.0,430(+6),[西] 松下武士,202410030404
9,2,3,ボンジーア,牝3,52.0,吉村誠之,1:49.2,クビ,175.4,11.0,418(-8),[西] 茶木太樹,202410030404
10,1,2,コウソクテツドウ,牝3,55.0,長岡禎仁,1:50.1,5,122.7,9.0,474(0),[西] 小栗実,202410030404
11,4,7,フウシカデン,牝3,55.0,小崎綾也,1:50.6,3,135.6,10.0,490(0),[西] 寺島良,202410030404
12,2,4,ミラノヴェローチェ,牝3,51.0,河原田菜,1:50.7,クビ,227.2,13.0,504(+6),[西] 須貝尚介,202410030404
13,7,13,アップルハウス,牝3,55.0,森裕太朗,1:51.2,3,206.1,12.0,440(0),[西] 牧田和弥,202410030404
14,3,5,ワンダーガナンシア,牝3,55.0,川須栄彦,1:51.9,4,488.5,16.0,430(-14),[西] 羽月友彦,202410030404
15,6,12,メイショウポワロ,牝3,55.0,荻野極,1:52.6,4,402.1,15.0,434(+8),[西] 笹田和秀,202410030404
中,6,11,ファインスカート,牝3,55.0,藤懸貴志,,,52.6,8.0,442(0),[西] 高橋義忠,202410030404
1,7,7,ジョバンニ,牡2,55.0,松山弘平,1:50.1,,10.8,3.0,482(0),[西] 杉山晴紀,202410030405
2,1,1,バズアップビート,牡2,55.0,坂井瑠星,1:50.3,1,1.8,1.0,494(0),[西] 友道康夫,202410030405
3,4,4,ダノンシーマ,牡2,55.0,川田将雅,1:51.0,4,1.9,2.0,480(0),[西] 中内田充,202410030405
4,6,6,バルミラクル,牡2,54.0,田口貫太,1:51.6,3.1/2,34.5,5.0,416(0),[西] 河嶋宏樹,202410030405
5,3,3,キッシングセーラー,牝2,55.0,国分優作,1:51.7,3/4,80.7,6.0,424(0),[西] 緒方努,202410030405
6,5,5,ポセイドンバローズ,牡2,55.0,和田竜二,1:51.9,1.1/4,22.7,4.0,466(0),[西] 石坂公一,202410030405
7,2,2,カルドゥッチョ,牝2,54.0,小沢大仁,1:54.3,大,91.2,7.0,426(0),[西] 石坂公一,202410030405
1,3,3,スリールミニョン,牝2,53.0,永島まな,1:10.2,,2.3,1.0,432(0),[西] 高橋康之,202410030406
2,5,5,ルジャーダ,牝2,55.0,坂井瑠星,1:10.2,クビ,3.3,2.0,482(0),[西] 河内洋,202410030406
3,1,1,サニーネイチャー,牝2,54.0,田口貫太,1:10.5,1.3/4,5.1,3.0,420(0),[西] 長谷川浩,202410030406
4,7,7,イキガイ,牝2,55.0,松山弘平,1:10.8,1.1/2,7.7,5.0,488(0),[西] 高橋亮,202410030406
5,4,4,フェニーチェドーロ,牝2,55.0,和田竜二,1:11.0,1.1/2,16.2,6.0,460(0),[西] 宮本博,202410030406
6,2,2,ペンテリコン,牝2,55.0,武豊,1:13.3,大,7.6,4.0,482(0),[西] 武幸四郎,202410030406
7,6,6,プリンセスカノヤ,牝2,51.0,河原田菜,1:13.3,アタマ,71.9,7.0,364(0),[西] 高橋義忠,202410030406
1,8,15,ダノンアトラス,牡3,57.0,Ｍ．デム,1:47.1,,7.0,4.0,402(-2),[西] 橋口慎介,202410030407
2,1,1,ゲルタ,牡3,57.0,松山弘平,1:47.4,2,4.9,3.0,512(+2),[西] 奥村豊,202410030407
3,1,2,ヤマニンアルリフラ,牡3,57.0,幸英明,1:47.7,1.1/2,4.3,2.0,472(+2),[西] 斉藤崇史,202410030407
4,6,11,キタサンシデン,牡3,57.0,荻野極,1:48.2,3,66.3,14.0,496(-8),[西] 本田優,202410030407
5,6,12,ホウオウセイメイ,セ3,55.0,永島まな,1:48.2,クビ,17.0,8.0,488(-14),[西] 音無秀孝,202410030407
6,8,16,オメガナビゲーター,セ3,57.0,岩田康誠,1:48.5,1.3/4,59.2,13.0,480(-12),[西] 安田翔伍,202410030407
7,5,9,ベイステート,牡3,54.0,吉村誠之,1:48.8,1.3/4,17.8,9.0,494(+4),[西] 清水久詞,202410030407
8,2,3,コレギウム,牡3,56.0,西塚洸二,1:49.1,2,45.0,11.0,488(-2),[西] 池江泰寿,202410030407
9,4,7,ジーティームテキ,牡3,57.0,団野大成,1:49.4,1.3/4,15.3,7.0,452(-4),[西] 西村真幸,202410030407
10,3,6,インジケーター,牡3,56.0,小沢大仁,1:49.4,クビ,221.4,15.0,490(-6),[西] 高橋康之,202410030407
11,2,4,サトノクロシェット,牝3,54.0,田口貫太,1:49.9,2.1/2,44.0,10.0,464(+6),[西] 平田修,202410030407
12,4,8,セングンバンバ,セ3,56.0,角田大和,1:50.6,4,13.1,5.0,430(-2),[西] 松永幹夫,202410030407
13,5,10,ショウナンダダン,牡3,57.0,和田竜二,1:50.7,1/2,13.9,6.0,482(-6),[西] 清水久詞,202410030407
14,7,13,ジーティーウルス,牡3,57.0,坂井瑠星,1:51.2,3,56.2,12.0,478(0),[西] 森田直行,202410030407
15,7,14,スーサンパルサー,牡3,57.0,小牧太,1:52.1,5,234.0,16.0,422(0),[西] 笹田和秀,202410030407
中,3,5,ラコルネータ,牝3,55.0,西村淳也,,,4.0,1.0,452(0),[西] 中内田充,202410030407
1,4,5,プレヴィスト,牝3,53.0,松山弘平,0:57.9,,5.3,2.0,452(-10),[西] 池添学,202410030408
2,2,2,ゼンノツキヨミ,牝3,53.0,菱田裕二,0:58.0,1/2,11.6,4.0,424(+2),[西] 武幸四郎,202410030408
3,8,13,プロテア,セ4,57.0,秋山稔樹,0:58.1,1/2,11.6,5.0,458(+2),[西] 宮本博,202410030408
4,6,10,ビバップ,牡3,52.0,吉村誠之,0:58.3,1.1/4,2.5,1.0,472(-6),[西] 清水久詞,202410030408
5,3,4,アマルナ,牝4,55.0,西塚洸二,0:58.5,1.1/4,74.7,13.0,462(+6),[西] 田中克典,202410030408
6,6,9,ルミナスサンライズ,牝3,53.0,坂井瑠星,0:58.6,3/4,5.5,3.0,460(0),[西] 浜田多実,202410030408
7,7,11,スターチスブーケ,牝3,53.0,幸英明,0:58.6,ハナ,49.2,12.0,498(-6),[西] 清水久詞,202410030408
8,5,7,スモーキンビリー,牡4,58.0,西村淳也,0:58.6,アタマ,29.9,10.0,492(-4),[西] 音無秀孝,202410030408
9,8,14,ピンクムーン,牝5,52.0,河原田菜,0:58.7,クビ,22.7,7.0,440(-10),[西] 渡辺薫彦,202410030408
10,3,3,ミキノクラップス,牡3,54.0,田口貫太,0:58.7,ハナ,12.8,6.0,454(+4),[西] 大橋勇樹,202410030408
11,4,6,オンリーラヴ,牝4,54.0,永島まな,0:58.9,1.1/2,76.7,14.0,414(-3),[西] 森田直行,202410030408
12,5,8,ドレシャス,牝3,50.0,橋木太希,0:59.0,1/2,39.0,11.0,472(0),[西] 西園正都,202410030408
13,7,12,ハルクバローズ,牡4,58.0,和田竜二,0:59.8,5,23.5,9.0,520(0),[西] 石坂公一,202410030408
中,1,1,シゲルミライ,牝4,56.0,団野大成,,,22.9,8.0,482(-2),[西] 川村禎彦,202410030408
1,3,3,レアンダー,牡3,55.0,幸英明,1:44.7,,5.4,3.0,460(0),[西] 大根田裕,202410030409
2,1,1,ダイメイセブン,牡4,58.0,酒井学,1:45.2,3,3.4,2.0,510(0),[西] 本田優,202410030409
3,7,10,カズペトシーン,牡4,58.0,西村淳也,1:45.3,クビ,3.0,1.0,484(0),[西] 池添学,202410030409
4,7,9,ミヤジシャルマン,牡4,58.0,和田竜二,1:45.3,クビ,9.8,5.0,492(-2),[西] 川村禎彦,202410030409
5,5,5,マコトゴコタイ,牡6,58.0,川須栄彦,1:45.6,1.1/2,82.4,10.0,502(0),[西] 鮫島一歩,202410030409
6,2,2,インテンスフレイム,牡6,58.0,松山弘平,1:45.6,クビ,21.8,8.0,516(-10),[西] 千田輝彦,202410030409
7,6,8,プレイサーゴールド,牡4,58.0,小沢大仁,1:45.9,1.3/4,8.9,4.0,492(-10),[西] 今野貞一,202410030409
8,4,4,エナジーポコアポコ,牡4,58.0,松若風馬,1:46.0,1/2,89.0,11.0,462(-2),[西] 高柳大輔,202410030409
9,5,6,キョウエイゲイル,セ4,58.0,高倉稜,1:46.1,1/2,40.5,9.0,470(-4),[西] 田中克典,202410030409
10,8,11,サイモンルモンド,セ7,58.0,吉村誠之,1:46.5,2.1/2,271.0,12.0,448(-8),[東] 根本康広,202410030409
11,6,7,モズタンジロウ,牡5,58.0,Ｍ．デム,1:47.7,7,13.6,6.0,494(+10),[西] 牧田和弥,202410030409
12,8,12,ジャスパーワールド,牡4,58.0,団野大成,1:51.4,大,15.0,7.0,532(+14),[西] 森秀行,202410030409
1,7,12,レッドヒルシューズ,牝4,56.0,酒井学,1:08.0,,14.5,6.0,452(0),[西] 武英智,202410030410
2,4,6,ワンダーキサラ,牝5,56.0,太宰啓介,1:08.0,ハナ,8.0,4.0,462(-2),[西] 石橋守,202410030410
3,1,1,ミッキーチャレンジ,牡5,58.0,川田将雅,1:08.1,1,10.0,5.0,504(+12),[西] 中内田充,202410030410
4,2,2,トーホウフランゴ,牝4,56.0,団野大成,1:08.1,ハナ,16.7,7.0,444(0),[西] 高橋康之,202410030410
5,3,5,トールキン,牡4,58.0,幸英明,1:08.3,1,17.7,8.0,496(-2),[西] 西園正都,202410030410
6,8,15,インプロバイザー,牡5,58.0,武豊,1:08.5,1,23.0,9.0,496(+12),[西] 音無秀孝,202410030410
7,6,11,プロトポロス,牡4,58.0,坂井瑠星,1:08.5,クビ,4.4,2.0,490(+8),[西] 西村真幸,202410030410
8,2,3,ワンダーカタリナ,牡7,58.0,角田大和,1:08.6,クビ,75.7,11.0,510(-4),[西] 河内洋,202410030410
9,5,9,モズトキキ,牝3,53.0,松山弘平,1:08.6,クビ,4.5,3.0,528(-20),[西] 村山明,202410030410
10,5,8,フリートオブフット,牝5,56.0,荻野極,1:08.8,1,48.0,10.0,448(0),[東] 奥村武,202410030410
11,6,10,ビッグボーンリタ,牝4,56.0,永島まな,1:09.1,2,149.0,14.0,474(-2),[西] 高橋康之,202410030410
12,4,7,ニシノデフィレ,セ5,58.0,田口貫太,1:09.2,クビ,81.0,12.0,502(-6),[西] 宮本博,202410030410
13,3,4,コスモイグローク,牡4,58.0,秋山稔樹,1:09.2,クビ,341.3,15.0,500(+5),[東] 蛯名利弘,202410030410
14,8,14,トーホウガレオン,牡4,58.0,菱田裕二,1:09.3,クビ,130.5,13.0,510(-6),[西] 石坂公一,202410030410
15,7,13,オックスリップ,牝4,56.0,西村淳也,1:09.6,1.1/2,3.4,1.0,456(+2),[西] 杉山晴紀,202410030410
1,6,11,ヤマニンウルス,牡4,57.0,武豊,1:42.7,,1.7,1.0,584(+2),[西] 斉藤崇史,202410030411
2,3,5,スレイマン,牡6,57.0,西村淳也,1:43.2,3,5.8,3.0,546(0),[西] 池添学,202410030411
3,1,1,マリオロード,牡5,57.0,松山弘平,1:43.3,3/4,99.1,12.0,496(-12),[西] 安達昭夫,202410030411
4,5,9,ハピ,牡5,57.0,菱田裕二,1:43.3,クビ,4.2,2.0,484(-2),[西] 大久保龍,202410030411
5,2,3,ゲンパチルシファー,牡8,57.0,団野大成,1:43.3,クビ,137.0,14.0,506(-10),[西] 佐々木晶,202410030411
6,1,2,ヴァンヤール,牡6,57.0,荻野極,1:43.5,3/4,40.6,8.0,534(+4),[西] 庄野靖志,202410030411
7,8,16,ラインオブソウル,牡5,57.0,松若風馬,1:43.6,1/2,83.9,10.0,522(+8),[西] 音無秀孝,202410030411
8,7,14,ブラックアーメット,牡6,57.0,泉谷楓真,1:43.6,クビ,14.1,4.0,504(0),[西] 角田晃一,202410030411
9,2,4,リプレーザ,牡6,58.0,国分優作,1:44.1,2.1/2,301.6,16.0,492(-14),[西] 大根田裕,202410030411
10,4,8,ウェルカムニュース,牡5,57.0,Ｍ．デム,1:44.2,1/2,99.1,11.0,492(-8),[西] 池江泰寿,202410030411
11,5,10,メイショウダジン,牡7,57.0,小沢大仁,1:44.2,ハナ,270.1,15.0,466(-8),[西] 渡辺薫彦,202410030411
12,8,15,グロリアムンディ,牡6,58.0,幸英明,1:44.5,2,39.3,7.0,512(+2),[西] 大久保龍,202410030411
13,6,12,デシエルト,牡5,57.0,岩田康誠,1:44.8,1.1/2,19.4,5.0,522(-8),[西] 安田翔伍,202410030411
14,7,13,ブルーサン,牡3,54.0,和田竜二,1:45.0,1.1/2,27.9,6.0,506(-2),[西] 川村禎彦,202410030411
15,3,6,レガーメペスカ,牡7,57.0,田口貫太,1:46.2,7,130.1,13.0,494(0),[西] 藤野健太,202410030411
16,4,7,バスラットレオン,牡6,58.0,坂井瑠星,1:46.2,クビ,46.0,9.0,496(-6),[西] 矢作芳人,202410030411
1,8,9,タイキヴァンクール,牡3,55.0,幸英明,1:07.9,,2.8,1.0,496(-6),[西] 中尾秀正,202410030412
2,7,7,カフジキアッキエレ,牝4,56.0,松山弘平,1:08.1,1.1/2,9.1,5.0,424(-2),[西] 森田直行,202410030412
3,5,5,ヴィヴィッシモ,牡4,58.0,武豊,1:08.1,アタマ,6.1,4.0,468(+10),[西] 松永幹夫,202410030412
4,6,6,ナムラエデン,牝3,50.0,吉村誠之,1:08.2,クビ,3.8,3.0,418(-2),[西] 小栗実,202410030412
5,2,2,セレッソデアモール,牝4,56.0,川須栄彦,1:08.3,1/2,33.6,6.0,468(-4),[西] 庄野靖志,202410030412
6,3,3,イコサン,牡4,58.0,西村淳也,1:08.6,2,3.7,2.0,490(-4),[西] 長谷川浩,202410030412
7,1,1,エリカソレイユ,牝4,55.0,田口貫太,1:08.6,クビ,59.1,9.0,422(+12),[西] 茶木太樹,202410030412
8,8,8,サイモンカーチス,牡5,56.0,永島まな,1:09.6,6,36.4,7.0,490(-2),[西] 梅田智之,202410030412
9,4,4,レッドテンペスト,セ4,57.0,角田大和,1:09.9,1.1/2,38.4,8.0,456(+2),[西] 笹田和秀,202410030412
1,6,6,アメリカンビキニ,牝2,52.0,吉村誠之,0:57.2,,1.5,1.0,492(-2),[西] 斉藤崇史,202410030501
2,2,2,オトメナシャチョウ,牝2,55.0,松若風馬,0:58.3,7,2.9,2.0,480(+6),[西] 森秀行,202410030501
3,1,1,マルモリマジック,牝2,54.0,田口貫太,0:59.6,8,30.4,6.0,460(0),[西] 川村禎彦,202410030501
4,5,5,ボヌールキャッツ,牝2,55.0,西村淳也,0:59.8,1,23.7,5.0,412(+2),[西] 浜田多実,202410030501
5,4,4,ロイヤルイブキ,牡2,54.0,西塚洸二,1:00.4,3.1/2,15.1,4.0,470(-4),[西] 大根田裕,202410030501
6,3,3,ラッキーキャット,牝2,55.0,国分優作,1:00.5,1/2,85.8,7.0,388(-6),[西] 大根田裕,202410030501
7,7,7,タガノサダフ,牡2,55.0,団野大成,1:01.3,5,8.6,3.0,446(+10),[西] 斉藤崇史,202410030501
1,1,1,クスクス,牝3,54.0,松本大輝,1:47.4,,5.3,2.0,482(0),[西] 松下武士,202410030502
2,6,12,ラガークイン,牝3,55.0,坂井瑠星,1:47.5,1/2,1.6,1.0,400(-2),[西] 大久保龍,202410030502
3,2,3,ウエストチェリー,牝3,55.0,酒井学,1:47.8,1.3/4,19.6,6.0,446(0),[西] 小椋研介,202410030502
4,3,6,ナムライリス,牝3,52.0,柴田裕一,1:48.2,2.1/2,7.7,3.0,426(-4),[西] 中竹和也,202410030502
5,4,7,ヴェストリア,牝3,54.0,西塚洸二,1:48.5,1.3/4,44.4,7.0,420(+2),[西] 友道康夫,202410030502
6,2,4,ナリタセレーノ,牝3,54.0,田口貫太,1:48.6,1/2,60.4,10.0,382(+2),[西] 宮本博,202410030502
7,8,16,オクシタニア,牝3,55.0,西村淳也,1:48.6,ハナ,12.4,4.0,412(0),[西] 武英智,202410030502
8,7,14,タッケンウルル,牝3,52.0,吉村誠之,1:48.9,1.3/4,57.0,9.0,458(-2),[西] 池江泰寿,202410030502
9,8,15,ルージュベラドンナ,牝3,53.0,永島まな,1:49.2,1.1/2,61.1,11.0,420(-2),[西] 平田修,202410030502
10,1,2,カノティエ,牝3,55.0,小崎綾也,1:49.2,クビ,205.7,15.0,410(-14),[西] 小崎憲,202410030502
11,5,10,モルツシャン,牝3,55.0,団野大成,1:49.3,クビ,13.1,5.0,446(+12),[西] 四位洋文,202410030502
12,6,11,フィオリトゥーラ,牝3,55.0,和田竜二,1:50.1,5,86.8,12.0,416(-16),[西] 森田直行,202410030502
13,3,5,オールウェズキズナ,牝3,55.0,松若風馬,1:50.4,2,47.7,8.0,448(0),[西] 矢作芳人,202410030502
14,4,8,ミスズオンリーミー,牝3,55.0,鮫島良太,1:51.0,4,172.9,14.0,462(-14),[西] 河嶋宏樹,202410030502
15,7,13,フェルテラーゾ,牝3,55.0,城戸義政,1:51.1,クビ,231.0,16.0,420(+4),[西] 奥村豊,202410030502
16,5,9,ハルボタン,牝3,55.0,藤懸貴志,1:51.9,5,129.9,13.0,412(+4),[西] 小崎憲,202410030502
1,1,2,エイシンオニキス,牝3,55.0,団野大成,1:08.9,,12.2,7.0,428(+2),[西] 渡辺薫彦,202410030503
2,2,4,ルージュレイナス,牝3,53.0,永島まな,1:09.3,2.1/2,5.0,1.0,468(+2),[西] 橋口慎介,202410030503
3,7,14,サクセスカノン,牝3,55.0,松若風馬,1:09.4,1/2,5.7,3.0,424(0),[西] 北出成人,202410030503
4,1,1,エピファドール,牝3,55.0,坂井瑠星,1:09.5,クビ,11.4,6.0,460(-10),[西] 石橋守,202410030503
5,8,17,レオナルドスター,牡3,57.0,和田竜二,1:09.7,1,18.2,10.0,452(0),[西] 長谷川浩,202410030503
6,6,12,ダイメイコスズ,牡3,57.0,国分恭介,1:09.7,ハナ,153.2,13.0,450(-8),[西] 森田直行,202410030503
7,4,7,ウィズアリープ,牝3,55.0,西村淳也,1:09.7,クビ,5.1,2.0,488(+12),[西] 杉山晴紀,202410030503
8,3,5,エクストラドライ,牡3,56.0,田口貫太,1:09.7,アタマ,14.5,8.0,468(-4),[西] 藤岡健一,202410030503
9,2,3,メロディアスハード,牝3,52.0,吉村誠之,1:09.8,クビ,14.9,9.0,448(+2),[西] 杉山佳明,202410030503
10,5,9,メイショウテンヨウ,牝3,55.0,鮫島良太,1:10.4,3.1/2,280.5,18.0,448(0),[西] 牧浦充徳,202410030503
11,5,10,エイシンボーノ,牡3,57.0,酒井学,1:10.4,ハナ,168.3,15.0,508(0),[西] 中尾秀正,202410030503
12,8,18,ブーケドボワ,牝3,55.0,国分優作,1:10.5,1/2,53.6,11.0,470(+14),[西] 坂口智康,202410030503
13,7,13,ピナクルポイント,牡3,54.0,柴田裕一,1:10.5,クビ,10.0,5.0,496(-8),[西] 中竹和也,202410030503
14,6,11,サンマルエレガンス,牝3,52.0,鷲頭虎太,1:10.6,1/2,235.1,17.0,396(-10),[西] 千田輝彦,202410030503
15,4,8,デイトゥリメンバー,牝3,55.0,長岡禎仁,1:10.6,アタマ,101.1,12.0,450(+2),[西] 今野貞一,202410030503
16,8,16,ファミリー,牝3,51.0,河原田菜,1:10.7,1/2,185.0,16.0,434(+14),[西] 渡辺薫彦,202410030503
17,7,15,ハギノインスパイア,牝3,54.0,西塚洸二,1:11.0,1.3/4,5.9,4.0,432(-2),[西] 寺島良,202410030503
18,3,6,メイショウロッキー,セ3,57.0,中井裕二,1:13.1,大,161.9,14.0,452(-26),[西] 飯田祐史,202410030503
1,5,9,アウトドライブ,牡3,57.0,和田竜二,1:46.2,,18.7,8.0,558(-4),[西] 鈴木孝志,202410030504
2,8,15,モズユイユイ,牡3,54.0,吉村誠之,1:46.3,3/4,4.4,2.0,476(0),[西] 清水久詞,202410030504
3,6,12,アミュニション,牡3,57.0,長岡禎仁,1:46.3,アタマ,10.4,6.0,488(-6),[西] 杉山佳明,202410030504
4,3,6,メイショウオオコ,牡3,57.0,団野大成,1:46.4,クビ,10.3,5.0,464(-4),[西] 荒川義之,202410030504
5,2,3,ブレイブハートマン,牡3,57.0,坂井瑠星,1:46.7,1.3/4,3.9,1.0,514(+8),[西] 西村真幸,202410030504
6,2,4,クレスコサンダー,牡3,57.0,中井裕二,1:46.8,3/4,5.7,4.0,480(-8),[西] 緒方努,202410030504
7,1,2,ギャヴァガイ,牝3,55.0,西村淳也,1:47.0,1.1/4,18.1,7.0,452(0),[西] 中内田充,202410030504
8,8,16,レッドクレメンス,牡3,56.0,角田大和,1:48.1,7,54.0,10.0,486(+12),[西] 茶木太樹,202410030504
9,7,13,ビーチハイボール,牡3,57.0,小牧太,1:48.5,2.1/2,319.2,16.0,420(-6),[西] 牧田和弥,202410030504
10,5,10,チョメチョメ,牡3,56.0,田口貫太,1:49.0,2.1/2,32.2,9.0,468(+10),[西] 牧田和弥,202410030504
11,4,8,モズオラージュ,牡3,57.0,国分優作,1:49.1,1/2,127.0,12.0,490(0),[西] 矢作芳人,202410030504
12,6,11,キタノアベル,牡3,57.0,太宰啓介,1:49.2,クビ,287.6,15.0,460(-2),[西] 畑端省吾,202410030504
13,1,1,カレンデリスモンド,牡3,57.0,藤懸貴志,1:49.3,1/2,177.8,13.0,472(+2),[西] 平田修,202410030504
14,3,5,アンドゥーラ,牡3,57.0,幸英明,1:49.6,2,4.7,3.0,470(+10),[西] 須貝尚介,202410030504
15,7,14,リアルモハメド,牡3,57.0,松若風馬,1:49.8,1.1/2,91.9,11.0,506(+8),[西] 清水久詞,202410030504
16,4,7,フェアクラウド,牡3,56.0,西塚洸二,1:51.2,8,180.9,14.0,472(+6),[西] 石坂公一,202410030504
1,3,3,マジカルフェアリー,牝2,55.0,和田竜二,1:51.0,,5.6,4.0,432(0),[西] 寺島良,202410030505
2,6,6,ラヴァブル,牝2,55.0,坂井瑠星,1:51.3,2,2.0,1.0,484(0),[西] 松下武士,202410030505
3,1,1,アイスモント,牝2,55.0,松若風馬,1:51.3,ハナ,27.0,6.0,436(0),[西] 宮本博,202410030505
4,2,2,ギザキズラヴ,牝2,54.0,西塚洸二,1:51.6,1.3/4,3.7,2.0,440(0),[西] 藤原英昭,202410030505
5,4,4,ミストラルフェザー,牝2,55.0,西村淳也,1:51.9,2,5.0,3.0,466(0),[西] 茶木太樹,202410030505
6,7,7,ラテライト,牝2,53.0,永島まな,1:54.1,大,20.3,5.0,440(0),[西] 松下武士,202410030505
7,5,5,パワーストーン,牝2,55.0,幸英明,1:54.3,1.1/2,39.0,7.0,462(0),[西] 中竹和也,202410030505
1,8,18,ロビンバローズ,牝3,51.0,河原田菜,1:08.8,,22.1,6.0,410(+12),[西] 渡辺薫彦,202410030506
2,4,7,レッドエヴァンス,牡3,57.0,団野大成,1:08.9,1/2,7.6,4.0,482(-2),[西] 音無秀孝,202410030506
3,6,12,メイショウソニック,牡3,57.0,西村淳也,1:09.2,2,3.1,2.0,458(-6),[西] 石橋守,202410030506
4,7,15,ルージュリリカル,牝3,52.0,吉村誠之,1:09.3,1/2,33.9,9.0,416(+2),[西] 杉山晴紀,202410030506
5,1,1,エイシンコクスン,牝3,55.0,坂井瑠星,1:09.3,クビ,3.0,1.0,458(-4),[西] 大久保龍,202410030506
6,7,14,ヴァシロペス,セ3,57.0,国分恭介,1:09.5,1,21.8,5.0,444(0),[西] 緒方努,202410030506
7,5,10,ソルトロック,牝3,55.0,酒井学,1:09.5,クビ,5.3,3.0,446(-2),[西] 四位洋文,202410030506
8,4,8,スマートレイヴ,牝3,54.0,角田大和,1:09.7,1,30.1,8.0,418(-6),[西] 笹田和秀,202410030506
9,8,16,ニホンピロケイ,牝3,55.0,太宰啓介,1:09.9,1.1/4,99.8,14.0,470(-4),[西] 大橋勇樹,202410030506
10,1,2,リオサラ,牝3,55.0,幸英明,1:09.9,クビ,35.0,10.0,482(-2),[西] 牧浦充徳,202410030506
11,3,5,コワン,牝3,55.0,小崎綾也,1:09.9,ハナ,203.0,15.0,402(-10),[西] 吉岡辰弥,202410030506
12,8,17,イズジョーゴモリー,牝3,54.0,秋山稔樹,1:09.9,ハナ,264.3,17.0,440(-10),[西] 北出成人,202410030506
13,2,3,クリノトパーズ,牝3,54.0,泉谷楓真,1:10.2,2,338.3,18.0,432(-4),[西] 大橋勇樹,202410030506
14,3,6,ハヤブサソンタクン,牡3,56.0,田口貫太,1:10.3,1/2,23.8,7.0,444(-8),[西] 寺島良,202410030506
15,2,4,シンパティカ,牝3,55.0,横山典弘,1:10.4,1/2,70.1,11.0,410(-4),[西] 昆貢,202410030506
16,6,11,アングリフ,牡3,56.0,西塚洸二,1:10.8,2.1/2,92.7,13.0,476(+2),[西] 西園翔太,202410030506
17,5,9,ケンヴェンツェル,牡3,57.0,藤懸貴志,1:11.2,2.1/2,203.1,16.0,482(-2),[西] 本田優,202410030506
18,7,13,ピンクピース,牝3,53.0,永島まな,1:11.3,3/4,80.7,12.0,438(-6),[西] 高橋康之,202410030506
1,3,5,タガノチョコラータ,牝4,55.0,角田大和,1:45.7,,13.6,5.0,508(+10),[西] 角田晃一,202410030507
2,7,13,ニホンピロマリンバ,牝3,53.0,松若風馬,1:45.7,アタマ,32.7,8.0,492(0),[西] 安達昭夫,202410030507
3,2,4,スナークメモリー,牝4,53.0,鷲頭虎太,1:46.2,2.1/2,134.8,14.0,430(-10),[西] 川村禎彦,202410030507
4,8,15,ルフトクス,牝3,50.0,吉村誠之,1:46.4,1,16.7,7.0,452(+4),[西] 杉山晴紀,202410030507
5,3,6,デンタルフロス,牝3,53.0,小崎綾也,1:46.4,クビ,215.3,15.0,432(-5),[西] 高橋一哉,202410030507
6,5,10,サイモンブーケ,牝4,56.0,川須栄彦,1:46.5,1/2,378.1,16.0,506(+4),[西] 梅田智之,202410030507
7,8,16,ブラックドレス,牝3,52.0,田口貫太,1:46.7,1.1/4,60.5,12.0,428(+8),[西] 谷潔,202410030507
8,6,11,サイモンコーラル,牝4,56.0,長岡禎仁,1:46.8,クビ,34.1,9.0,464(0),[西] 羽月友彦,202410030507
9,4,8,ハクアイアテナ,牝4,55.0,西塚洸二,1:46.8,アタマ,42.4,11.0,422(0),[西] 今野貞一,202410030507
10,4,7,クリノハレルヤ,牝3,53.0,酒井学,1:46.9,1/2,10.1,3.0,468(+6),[西] 武英智,202410030507
11,2,3,レクランスリール,牝4,56.0,団野大成,1:47.0,1/2,81.6,13.0,452(-2),[西] 小林真也,202410030507
12,6,12,リヤンドメテオール,牝4,53.0,柴田裕一,1:47.0,アタマ,11.3,4.0,472(-14),[西] 中竹和也,202410030507
13,5,9,ヒロインズクレスト,牝3,53.0,和田竜二,1:47.3,1.1/2,5.7,2.0,460(+4),[西] 本田優,202410030507
14,7,14,ジョニール,牝3,53.0,坂井瑠星,1:47.4,クビ,1.8,1.0,454(-4),[西] 森田直行,202410030507
15,1,1,クリノイザナミ,牝3,51.0,永島まな,1:47.5,3/4,36.6,10.0,486(+14),[西] 大根田裕,202410030507
16,1,2,コンバットペスカ,牝3,53.0,幸英明,1:49.4,大,16.4,6.0,452(-14),[西] 角田晃一,202410030507
1,8,13,インテグレイト,牡3,55.0,荻野極,2:01.4,,7.2,4.0,510(+10),[西] 四位洋文,202410030508
2,2,2,ホルトバージ,牡3,54.0,西塚洸二,2:01.9,3,33.2,8.0,460(-10),[西] 寺島良,202410030508
3,4,6,ポルテーニャ,牝5,53.0,吉村誠之,2:01.9,アタマ,39.8,9.0,446(-6),[西] 西村真幸,202410030508
4,1,1,スカイサーベイ,牡3,55.0,西村淳也,2:01.9,クビ,4.4,2.0,476(-4),[西] 池添学,202410030508
5,5,8,グラヴィテ,牝6,55.0,秋山稔樹,2:02.0,3/4,72.2,10.0,496(+10),[西] 鮫島一歩,202410030508
6,6,10,ウインリュクス,牝4,54.0,永島まな,2:02.0,クビ,20.9,6.0,420(-4),[西] 吉田直弘,202410030508
7,8,14,ナムララジベラ,牝4,56.0,和田竜二,2:02.1,1/2,25.4,7.0,468(-6),[西] 杉山晴紀,202410030508
8,6,9,ミッキーストライク,牡3,55.0,坂井瑠星,2:02.3,3/4,2.0,1.0,522(-2),[西] 矢作芳人,202410030508
9,5,7,ナムラマイケル,牡4,57.0,泉谷楓真,2:02.5,1.1/2,212.9,13.0,444(+6),[西] 村山明,202410030508
10,4,5,ホウオウリムジン,牡3,55.0,横山典弘,2:02.7,3/4,5.8,3.0,458(+8),[西] 安田翔伍,202410030508
11,3,4,クロダブシ,牡3,52.0,柴田裕一,2:02.8,3/4,126.3,11.0,452(-4),[西] 松永幹夫,202410030508
12,7,11,アースコンチェルト,牡4,58.0,団野大成,2:02.9,3/4,17.8,5.0,544(+6),[西] 斉藤崇史,202410030508
13,7,12,ピエナオルフェ,牡3,55.0,城戸義政,2:03.3,2,215.0,14.0,434(+2),[西] 荒川義之,202410030508
14,3,3,ヒルノアントラ,セ7,58.0,太宰啓介,2:03.5,1.1/4,140.9,12.0,468(-2),[西] 昆貢,202410030508
1,8,14,ハンベルジャイト,牝4,56.0,幸英明,0:57.4,,17.8,6.0,488(-2),[西] 大久保龍,202410030509
2,3,4,デルマシルフ,牝5,56.0,国分優作,0:58.0,3.1/2,6.4,4.0,474(0),[西] 畑端省吾,202410030509
3,8,13,テンクウフラワー,牝5,56.0,小牧太,0:58.0,クビ,36.5,9.0,436(+6),[西] 渡辺薫彦,202410030509
4,2,2,エランティス,牝4,56.0,松若風馬,0:58.1,クビ,5.8,3.0,480(-2),[西] 杉山晴紀,202410030509
5,4,6,プリンセスカレン,牝3,53.0,田口貫太,0:58.1,アタマ,2.6,1.0,410(-6),[西] 大橋勇樹,202410030509
6,7,12,オカリナ,牡7,58.0,太宰啓介,0:58.4,1.3/4,90.0,11.0,526(-12),[西] 宮徹,202410030509
7,4,5,ルヴェルジェ,牝5,56.0,川須栄彦,0:58.4,ハナ,88.2,10.0,482(+4),[西] 小林真也,202410030509
8,3,3,マリブパイン,牝5,56.0,西塚洸二,0:58.4,アタマ,19.3,7.0,496(0),[西] 大根田裕,202410030509
9,5,7,メイショウツワブキ,牝6,56.0,長岡禎仁,0:58.7,1.1/2,127.0,13.0,508(+16),[西] 高橋亮,202410030509
10,7,11,アネモス,牝4,56.0,秋山稔樹,0:58.7,アタマ,17.7,5.0,504(+8),[西] 北出成人,202410030509
11,6,9,フォルティーナ,牝4,56.0,泉谷楓真,0:59.0,1.3/4,31.8,8.0,438(-2),[西] 石橋守,202410030509
12,5,8,ジューンアース,牝4,56.0,坂井瑠星,0:59.2,1.1/4,3.5,2.0,522(-4),[西] 飯田祐史,202410030509
13,1,1,シャイニーズラン,牡7,58.0,永島まな,0:59.8,4,98.1,12.0,460(-8),[西] 森田直行,202410030509
中,6,10,キッショウ,牝5,56.0,小崎綾也,,,292.7,14.0,434(-14),[西] 奥村豊,202410030509
1,8,15,マイネルティグレ,牡3,55.0,団野大成,1:47.6,,3.1,1.0,472(-4),[西] 西園正都,202410030510
2,7,12,ヴィゴラスダンサー,牝5,56.0,田口貫太,1:47.6,クビ,28.1,11.0,446(-4),[西] 友道康夫,202410030510
3,1,1,マンデヴィラ,牝4,56.0,小崎綾也,1:47.8,1.1/4,24.8,10.0,432(+4),[西] 福永祐一,202410030510
4,4,6,マチカゼ,牡4,58.0,西村淳也,1:47.9,アタマ,8.9,5.0,482(-8),[西] 杉山晴紀,202410030510
5,6,10,マイシンフォニー,牝5,56.0,坂井瑠星,1:48.0,1/2,5.7,2.0,498(+4),[西] 松永幹夫,202410030510
6,4,7,ルクスビッグスター,牡4,58.0,和田竜二,1:48.0,クビ,16.5,8.0,480(0),[西] 清水久詞,202410030510
7,3,4,アストロフィライト,牝5,56.0,幸英明,1:48.1,3/4,8.4,4.0,462(+2),[西] 中内田充,202410030510
8,2,3,カフジアスール,牡6,58.0,柴田裕一,1:48.1,ハナ,22.7,9.0,480(-4),[西] 中竹和也,202410030510
9,6,11,クイックバイオ,牝3,53.0,酒井学,1:48.3,3/4,13.1,6.0,484(+4),[西] 須貝尚介,202410030510
10,3,5,ムーンリットナイト,牡5,58.0,横山典弘,1:48.5,1.1/4,6.3,3.0,502(-6),[西] 杉山佳明,202410030510
11,8,14,ディヴァージオン,牝4,56.0,角田大和,1:48.5,クビ,114.4,14.0,448(+10),[西] 藤岡健一,202410030510
12,7,13,カレンマックナイト,牡5,58.0,松若風馬,1:48.6,1/2,65.7,13.0,448(0),[西] 平田修,202410030510
13,5,9,トーアライデン,牡4,58.0,中井裕二,1:48.9,1.3/4,15.5,7.0,500(+6),[西] 河嶋宏樹,202410030510
14,5,8,ショウナンナダル,牝5,56.0,永島まな,1:49.0,1,50.6,12.0,450(+2),[西] 須貝尚介,202410030510
15,2,2,ヒルノエドワード,牡7,58.0,太宰啓介,1:49.2,1,321.7,15.0,484(+6),[西] 昆貢,202410030510
1,7,13,クレスコジョケツ,牝5,52.0,藤懸貴志,1:43.5,,123.0,13.0,476(+10),[西] 木原一良,202410030511
2,6,11,ラニカイ,牝5,53.0,荻野極,1:43.5,クビ,29.1,9.0,506(0),[西] 松永幹夫,202410030511
3,5,10,メイショウホマレ,牝5,54.0,松若風馬,1:43.7,1.1/4,5.1,2.0,454(+2),[西] 木原一良,202410030511
4,7,14,ビオグラフィア,牡6,55.0,幸英明,1:43.8,1/2,10.2,6.0,496(-4),[西] 松下武士,202410030511
5,6,12,メイショウミカワ,牡6,57.0,西村淳也,1:44.0,1.1/4,9.6,4.0,498(+2),[西] 千田輝彦,202410030511
6,5,9,エピックジョイ,牝5,53.0,団野大成,1:44.0,アタマ,5.7,3.0,488(-8),[西] 武幸四郎,202410030511
7,2,3,ランドボルケーノ,牡6,54.0,国分恭介,1:44.1,1/2,223.5,15.0,472(-14),[西] 安達昭夫,202410030511
8,1,1,メイショウシナノ,牡4,57.0,田口貫太,1:44.3,1.1/4,2.9,1.0,490(0),[西] 大橋勇樹,202410030511
9,4,8,オシゲ,牝4,53.0,酒井学,1:44.3,アタマ,9.7,5.0,488(-6),[西] 須貝尚介,202410030511
10,2,4,ハンディーズピーク,牡6,55.0,小崎綾也,1:44.5,3/4,42.5,10.0,520(-2),[西] 大久保龍,202410030511
11,1,2,タイセイシェダル,牡6,55.0,太宰啓介,1:44.5,ハナ,64.3,12.0,464(-4),[西] 高橋義忠,202410030511
12,8,15,ジューンアマデウス,牡5,55.0,長岡禎仁,1:44.6,1/2,125.9,14.0,504(+4),[西] 今野貞一,202410030511
13,8,16,モズマゾク,牡6,54.0,秋山稔樹,1:44.6,クビ,56.2,11.0,508(-2),[西] 杉山佳明,202410030511
14,4,7,ガウラ,牝4,53.0,和田竜二,1:45.0,2,19.5,8.0,488(+10),[西] 鈴木孝志,202410030511
15,3,5,コンスタンティン,牝5,54.0,西塚洸二,1:46.0,6,13.0,7.0,498(+2),[西] 石坂公一,202410030511
取,3,6,テイエムランウェイ,牡5,56.0,鮫島良太,,,---,,計不,[西] 河嶋宏樹,202410030511
1,7,9,サンドロナイト,牝3,50.0,吉村誠之,1:08.8,,1.9,1.0,450(-6),[西] 茶木太樹,202410030512
2,6,7,ラブカムーン,牝3,50.0,鷲頭虎太,1:08.9,1/2,7.7,3.0,464(0),[西] 千田輝彦,202410030512
3,2,2,レディメローラ,牝4,56.0,和田竜二,1:08.9,クビ,10.2,5.0,412(-4),[西] 北出成人,202410030512
4,3,3,ダイヤモンドフジ,牡5,58.0,国分恭介,1:09.0,クビ,6.5,2.0,462(+12),[西] 宮本博,202410030512
5,8,10,フェゲフォイア,牡4,58.0,幸英明,1:09.2,1.1/2,15.9,6.0,448(0),[西] 岡田稲男,202410030512
6,7,8,トレンシャリー,セ3,55.0,小崎綾也,1:09.3,1/2,31.6,10.0,428(-20),[西] 寺島良,202410030512
7,1,1,マテンロウナイト,牡4,58.0,横山典弘,1:09.4,クビ,22.3,7.0,462(-6),[西] 坂口智康,202410030512
8,8,11,ユメカナウケン,牝3,51.0,永島まな,1:09.7,1.3/4,26.8,9.0,410(-8),[西] 谷潔,202410030512
9,6,6,グレースルージュ,牝3,52.0,角田大和,1:09.8,3/4,56.1,11.0,410(-20),[西] 吉村圭司,202410030512
10,5,5,シュークリーム,牝3,53.0,団野大成,1:09.8,クビ,7.9,4.0,418(+2),[西] 西村真幸,202410030512
11,4,4,ウィルダネス,牝3,52.0,西塚洸二,1:10.5,4,22.7,8.0,442(-6),[西] 野中賢二,202410030512
1,5,5,ファルコニア,牡7,60.0,石神深一,3:11.1,,2.6,1.0,478(-2),[東] 和田正一,202410030701
2,3,3,テイエムタツマキ,牡6,60.0,田村太雅,3:11.2,3/4,22.3,7.0,510(+2),[西] 武英智,202410030701
3,2,2,クラップサンダー,牡5,60.0,黒岩悠,3:11.4,3/4,3.8,2.0,472(+6),[西] 牧田和弥,202410030701
4,7,7,ニンギルス,牡7,60.0,井上敏樹,3:12.3,5,9.6,4.0,456(+2),[西] 鈴木孝志,202410030701
5,8,10,ブラビオ,牡6,60.0,森一馬,3:12.4,1/2,4.3,3.0,464(+2),[西] 緒方努,202410030701
6,6,6,ワールドスケール,牡7,60.0,小牧加矢,3:13.0,3.1/2,11.8,6.0,488(-4),[西] 村山明,202410030701
7,8,9,メイショウアツイタ,牡6,60.0,難波剛健,3:13.7,4,10.0,5.0,504(-4),[西] 高橋義忠,202410030701
8,7,8,ウラエウス,セ6,60.0,中村将之,3:16.4,大,70.5,9.0,458(-12),[西] 中村直也,202410030701
9,1,1,スリーケイエヌ,牡6,60.0,小坂忠士,3:16.8,2.1/2,80.7,10.0,474(-4),[西] 藤沢則雄,202410030701
中,4,4,ドンカルロ,牡4,60.0,小野寺祐,,,35.5,8.0,450(-8),[西] 高柳大輔,202410030701
1,6,12,ナムライリス,牝3,52.0,柴田裕一,1:48.9,,15.6,4.0,430(+4),[西] 中竹和也,202410030702
2,5,10,ロストシークレット,牡3,57.0,西村淳也,1:48.9,ハナ,2.0,1.0,452(0),[西] 中内田充,202410030702
3,3,5,コスモベラエステラ,牡3,54.0,吉村誠之,1:48.9,ハナ,10.1,3.0,466(+6),[西] 清水久詞,202410030702
4,2,4,キタサンシデン,牡3,57.0,荻野極,1:49.0,3/4,37.3,8.0,496(0),[西] 本田優,202410030702
5,7,13,ヘルツアス,牝3,54.0,西塚洸二,1:49.3,1.1/2,177.9,14.0,404(0),[西] 森田直行,202410030702
6,7,14,ウインステファノス,牡3,57.0,和田竜二,1:49.6,2,19.7,6.0,500(-4),[西] 西園正都,202410030702
7,1,2,フォートポータル,セ3,55.0,永島まな,1:49.8,1.1/4,63.0,10.0,456(+4),[西] 吉岡辰弥,202410030702
8,6,11,マノア,牝3,53.0,団野大成,1:49.8,ハナ,30.7,7.0,448(0),[西] 上村洋行,202410030702
8,8,15,ドーンコスモ,牝3,54.0,田口貫太,1:49.8,同着,84.1,11.0,394(-6),[西] 中尾秀正,202410030702
10,2,3,ルージュロンド,牝3,55.0,長岡禎仁,1:49.9,クビ,164.7,12.0,506(-2),[西] 緒方努,202410030702
11,1,1,ゲルタ,牡3,57.0,松山弘平,1:50.0,1/2,2.7,2.0,510(-2),[西] 奥村豊,202410030702
12,4,8,ムーンセット,牝3,54.0,角田大和,1:50.6,3.1/2,274.3,15.0,432(-10),[西] 小栗実,202410030702
13,8,16,ヤマニンスターダム,牡3,54.0,鷲頭虎太,1:51.3,4,44.4,9.0,500(-2),[西] 千田輝彦,202410030702
14,4,7,センカラット,牡3,57.0,高倉稜,1:51.6,1.3/4,390.1,16.0,468(0),[西] 渡辺薫彦,202410030702
15,5,9,メイショウニコニコ,牝3,55.0,太宰啓介,1:52.3,4,174.9,13.0,436(-6),[西] 高橋亮,202410030702
16,3,6,シスコ,牝3,55.0,幸英明,1:53.4,7,19.1,5.0,420(-4),[西] 四位洋文,202410030702
1,6,10,マサレエトワール,牝3,52.0,吉村誠之,0:57.9,,2.0,1.0,484(-2),[西] 安田翔伍,202410030703
2,2,2,エブリモーメント,牡3,57.0,松山弘平,0:58.2,2,5.7,3.0,482(-2),[西] 牧田和弥,202410030703
3,8,14,ナインストーンズ,牡3,57.0,団野大成,0:58.4,1.1/4,6.9,4.0,478(-8),[西] 池添学,202410030703
4,5,7,リアルカラー,牡3,57.0,和田竜二,0:58.5,1/2,100.7,10.0,474(+2),[西] 羽月友彦,202410030703
5,5,8,ドリームライク,牡3,57.0,加藤祥太,0:58.5,ハナ,252.1,13.0,448(-12),[西] 羽月友彦,202410030703
6,7,12,クイーンオブリリー,牝3,54.0,秋山稔樹,0:59.1,3.1/2,59.2,9.0,448(-8),[西] 宮徹,202410030703
7,4,6,ダンデライオン,牝3,54.0,角田大和,0:59.2,1/2,3.4,2.0,480(0),[西] 佐々木晶,202410030703
8,1,1,レアリザシオン,セ3,57.0,幸英明,0:59.7,3,45.2,7.0,508(-4),[西] 小林真也,202410030703
9,4,5,ファセリア,牡3,56.0,松本大輝,0:59.8,1/2,27.9,5.0,454(-12),[西] 新谷功一,202410030703
10,6,9,シャイニングベル,牝3,54.0,田口貫太,0:59.8,アタマ,44.9,6.0,418(+10),[西] 笹田和秀,202410030703
11,3,4,メイショウコフデ,牝3,51.0,河原田菜,1:00.1,1.3/4,182.3,12.0,430(-8),[西] 飯田祐史,202410030703
12,3,3,ルージュチルル,牝3,53.0,永島まな,1:00.1,アタマ,53.0,8.0,382(-4),[西] 音無秀孝,202410030703
13,7,11,ユウトザルンルン,牡3,57.0,国分優作,1:04.0,大,154.1,11.0,514(0),[西] 藤沢則雄,202410030703
14,8,13,ゼットホウライ,牡3,57.0,岡田祥嗣,1:04.1,1/2,403.6,14.0,462(-6),[西] 吉田直弘,202410030703
1,5,5,パーリーブラック,牡4,60.0,草野太郎,3:16.4,,3.2,2.0,478(+4),[東] 伊坂重信,202410030704
2,3,3,ダノンジャッカル,牡5,60.0,西谷誠,3:17.3,5,1.6,1.0,464(+2),[西] 中内田充,202410030704
3,6,6,カイトレッド,牝7,58.0,上野翔,3:17.5,1.1/2,11.3,4.0,482(-4),[東] 和田雄二,202410030704
4,1,1,アズマサクラエモン,牡4,60.0,田村太雅,3:17.6,1/2,8.2,3.0,514(-14),[西] 藤野健太,202410030704
5,4,4,サンライズグリット,牡6,60.0,井上敏樹,3:18.9,8,16.6,5.0,444(-12),[西] 音無秀孝,202410030704
6,7,7,ゴーツウキリシマ,牝4,58.0,黒岩悠,3:18.9,ハナ,61.9,7.0,454(+3),[西] 牧田和弥,202410030704
中,2,2,テイエムイダテン,牡7,60.0,小野寺祐,,,29.3,6.0,468(-16),[西] 小椋研介,202410030704
1,7,7,ジュンライデン,牡2,55.0,荻野極,1:52.1,,3.8,2.0,480(0),[西] 友道康夫,202410030705
2,6,6,メイショウツヨキ,牡2,55.0,坂井瑠星,1:52.2,3/4,6.4,4.0,462(0),[西] 飯田祐史,202410030705
3,8,9,コンフォルツァ,牡2,55.0,横山典弘,1:52.4,1.1/4,13.3,5.0,484(0),[西] 松永幹夫,202410030705
4,8,8,オールザレイジ,牝2,55.0,西村淳也,1:52.7,1.1/2,4.1,3.0,492(0),[西] 寺島良,202410030705
5,1,1,グレインワーク,牡2,55.0,松山弘平,1:52.9,1.1/4,2.6,1.0,492(0),[西] 池添学,202410030705
6,4,4,ルクスレゼルヴァ,セ2,54.0,秋山稔樹,1:52.9,ハナ,58.3,9.0,494(0),[西] 村山明,202410030705
7,3,3,エコログローリー,牡2,55.0,Ｍ．デム,1:53.2,2,36.1,8.0,480(0),[西] 牧浦充徳,202410030705
8,5,5,ゼンダンスバシリ,牡2,53.0,永島まな,1:53.6,2.1/2,17.3,6.0,448(0),[西] 河嶋宏樹,202410030705
9,2,2,テーオーシュタルク,牡2,54.0,田口貫太,1:55.3,10,29.5,7.0,474(0),[西] 岡田稲男,202410030705
1,2,3,アレナパラシオ,牡3,56.0,田口貫太,1:45.8,,1.7,1.0,480(+8),[西] 四位洋文,202410030706
2,4,7,ドントレットゴー,牝3,55.0,松山弘平,1:46.2,2,24.4,6.0,442(-2),[西] 上村洋行,202410030706
3,1,2,メイショウアラセツ,牡3,57.0,太宰啓介,1:46.5,2,5.6,3.0,518(0),[西] 飯田祐史,202410030706
4,6,12,カチドキ,牡3,56.0,小沢大仁,1:46.9,2,63.4,9.0,522(+16),[西] 橋口慎介,202410030706
5,7,13,アンティシパル,牡3,55.0,永島まな,1:47.2,1.3/4,54.2,8.0,470(+4),[西] 杉山晴紀,202410030706
6,5,9,ビルンバウム,牡3,57.0,酒井学,1:47.2,クビ,118.6,13.0,560(+10),[西] 渡辺薫彦,202410030706
7,8,16,レッドモンストル,牡3,57.0,幸英明,1:47.3,3/4,9.5,4.0,484(+2),[西] 辻野泰之,202410030706
8,3,6,レグノ,牡3,54.0,橋木太希,1:47.3,ハナ,91.8,11.0,454(-6),[西] 西園正都,202410030706
9,8,15,キタノハヤブサ,牡3,57.0,和田竜二,1:47.5,3/4,5.1,2.0,460(0),[西] 吉田直弘,202410030706
10,6,11,アスクストライク,牡3,57.0,国分優作,1:47.8,2,213.5,16.0,506(-2),[西] 坂口智康,202410030706
11,3,5,ダックアンドレイク,牡3,54.0,柴田裕一,1:47.9,1/2,136.1,14.0,470(+10),[西] 中竹和也,202410030706
12,5,10,デクランシェ,牡3,57.0,小崎綾也,1:48.0,クビ,205.0,15.0,454(-4),[西] 寺島良,202410030706
13,2,4,ケイアイアンタレス,牡3,57.0,藤懸貴志,1:48.8,5,19.3,5.0,438(0),[西] 平田修,202410030706
14,4,8,ルージュロッサ,牝3,55.0,中井裕二,1:49.4,3.1/2,85.5,10.0,448(-2),[西] 武幸四郎,202410030706
15,7,14,シャウトアウト,牡3,53.0,河原田菜,1:50.1,4,104.5,12.0,472(-10),[西] 今野貞一,202410030706
16,1,1,アルシャリフ,牡3,57.0,坂井瑠星,1:51.7,10,44.0,7.0,522(-24),[西] 藤岡健一,202410030706
1,6,6,チェレスタ,牝3,53.0,西村淳也,2:00.3,,1.8,1.0,488(+2),[西] 松下武士,202410030707
2,8,11,アクアヴァーナル,牝3,53.0,坂井瑠星,2:00.5,1.1/4,5.1,2.0,446(+4),[西] 四位洋文,202410030707
3,2,2,サクソンジェンヌ,牝3,53.0,団野大成,2:00.6,クビ,5.8,4.0,456(+18),[西] 高橋義忠,202410030707
4,1,1,パレハ,牝3,53.0,和田竜二,2:00.8,1.1/4,5.2,3.0,428(+6),[西] 新谷功一,202410030707
5,7,8,ツッチーフェイス,牝5,55.0,小沢大仁,2:01.4,4,39.0,7.0,478(0),[西] 今野貞一,202410030707
6,7,9,ウインリュクス,牝4,54.0,永島まな,2:01.4,クビ,34.1,6.0,420(0),[西] 吉田直弘,202410030707
7,8,10,スウィートスカー,牝5,56.0,酒井学,2:01.5,1/2,44.3,8.0,480(+2),[西] 鮫島一歩,202410030707
8,6,7,スナークサファイア,牝3,50.0,吉村誠之,2:01.9,2.1/2,15.9,5.0,470(-2),[西] 川村禎彦,202410030707
9,3,3,セルケト,牝5,55.0,田口貫太,2:02.3,2.1/2,47.7,9.0,494(-2),[西] 藤野健太,202410030707
10,5,5,マサハヤヴァンス,牝4,52.0,河原田菜,2:02.9,3.1/2,197.5,10.0,430(-2),[西] 坂口智康,202410030707
11,4,4,エニーアース,牝3,53.0,小崎綾也,2:03.4,3,396.8,11.0,428(-3),[西] 小崎憲,202410030707
1,7,12,メイショウフウドウ,牡3,54.0,西塚洸二,1:44.2,,11.0,6.0,482(-2),[西] 藤原英昭,202410030708
2,8,14,キャピタルサックス,牡3,55.0,松山弘平,1:44.2,アタマ,2.9,1.0,500(+2),[西] 杉山晴紀,202410030708
3,4,7,エアフォースワン,牡5,58.0,幸英明,1:44.6,2.1/2,25.5,7.0,482(+16),[西] 大根田裕,202410030708
4,7,13,デルマアートマン,セ3,55.0,小崎綾也,1:44.6,ハナ,7.4,4.0,476(-2),[西] 友道康夫,202410030708
5,2,3,サーティファイド,牡5,58.0,西村淳也,1:45.4,5,37.3,9.0,478(0),[西] 鮫島一歩,202410030708
6,5,9,ウインバリオス,牡5,58.0,Ｍ．デム,1:45.5,1,55.0,10.0,470(-2),[西] 吉田直弘,202410030708
7,2,2,ヴァンヴィーヴ,牡3,55.0,国分恭介,1:45.5,ハナ,3.8,2.0,492(-4),[西] 牧浦充徳,202410030708
8,1,1,ファストレーン,牡3,55.0,団野大成,1:45.6,クビ,6.2,3.0,480(-12),[西] 野中賢二,202410030708
9,6,10,タケノシンセイ,牡3,54.0,泉谷楓真,1:45.7,1/2,29.8,8.0,456(+4),[西] 村山明,202410030708
10,6,11,オールスティール,牡4,56.0,永島まな,1:46.0,2,126.2,11.0,466(-2),[西] 高橋康之,202410030708
11,8,15,ヴォランテ,牡4,55.0,柴田裕一,1:46.1,クビ,391.1,15.0,462(+6),[西] 羽月友彦,202410030708
12,3,5,メイショウフィガロ,牡5,57.0,秋山稔樹,1:46.3,1,149.3,14.0,462(-2),[西] 高橋義忠,202410030708
13,4,6,クールジャーマン,牡4,57.0,松本大輝,1:46.4,1/2,137.1,13.0,468(-10),[西] 松下武士,202410030708
14,5,8,テイエムデンセツ,牡3,54.0,田口貫太,1:47.5,7,8.3,5.0,468(0),[西] 鈴木孝志,202410030708
15,3,4,レッドルヴァンシュ,牡4,55.0,吉村誠之,1:49.4,大,136.9,12.0,500(0),[西] 音無秀孝,202410030708
1,4,8,ケイテンアイジン,牡2,55.0,永島まな,1:10.7,,6.1,2.0,476(-6),[西] 谷潔,202410030709
2,6,12,エイヨーアメジスト,牝2,55.0,田口貫太,1:10.9,3/4,1.3,1.0,438(-4),[西] 牧田和弥,202410030709
3,4,7,レーニス,牝2,53.0,秋山稔樹,1:10.9,クビ,7.7,3.0,438(+6),[西] 宮徹,202410030709
4,1,2,コウユーモジョカー,牝2,55.0,団野大成,1:11.1,1.1/4,8.4,4.0,446(-10),[西] 斉藤崇史,202410030709
5,5,9,ランインザウインド,牡2,53.0,鷲頭虎太,1:11.6,3,80.2,6.0,480(-4),[東] 堀内岳志,202410030709
6,3,6,カシノクンプウ,牡2,53.0,酒井学,1:11.8,1.1/2,293.7,14.0,438(+4),[西] 北出成人,202410030709
7,8,17,ニシノサンストーン,牡2,53.0,幸英明,1:11.9,3/4,50.4,5.0,456(+2),[西] 北出成人,202410030709
8,7,14,ヤッホーキリシマ,牡2,53.0,小牧太,1:12.2,2,191.4,10.0,476(0),[西] 笹田和秀,202410030709
9,6,11,ジューシーオレンジ,牝2,53.0,吉村誠之,1:12.5,1.3/4,287.6,13.0,412(+4),[東] 根本康広,202410030709
10,7,15,ナンシヨウト,牝2,53.0,河原田菜,1:12.7,1,141.1,7.0,442(+14),[西] 岡田稲男,202410030709
11,1,1,カシノシンボル,牡2,53.0,和田翼,1:12.7,クビ,464.4,17.0,416(-4),[西] 谷潔,202410030709
12,3,5,イチザマジック,牝2,53.0,城戸義政,1:12.8,クビ,586.7,18.0,420(+8),[東] 的場均,202410030709
13,5,10,ザボドフスキー,牡2,53.0,角田大和,1:13.4,4,209.2,11.0,426(0),[西] 藤沢則雄,202410030709
14,8,16,カシノベティ,牝2,53.0,松本大輝,1:13.8,2.1/2,461.5,16.0,436(+10),[東] 和田雄二,202410030709
15,2,3,ウサギ,牝2,55.0,出水拓人,1:14.0,1.1/4,143.7,8.0,434(-3),[地] 中川竜馬,202410030709
16,8,18,カシノアップビート,牝2,55.0,飛田愛斗,1:14.6,3.1/2,188.9,9.0,426(-1),[地] 鮫島克也,202410030709
17,7,13,テイエムサガボーイ,セ2,55.0,石川慎将,1:15.0,2.1/2,219.6,12.0,460(+7),[地] 平山宏秀,202410030709
18,2,4,サバイバルナイン,牝2,53.0,荻野極,1:15.7,4,394.8,15.0,498(-6),[東] 和田雄二,202410030709
1,3,5,シークレットキー,牡3,55.0,小沢大仁,1:44.5,,33.4,11.0,484(-10),[西] 杉山晴紀,202410030710
2,7,14,クリオミニーズ,牡5,58.0,幸英明,1:44.5,ハナ,15.5,5.0,490(-2),[西] 西園翔太,202410030710
3,2,4,イルミネーター,牡7,58.0,水口優也,1:44.6,1/2,82.8,13.0,478(+2),[西] 羽月友彦,202410030710
4,1,2,シンリミテス,牡5,58.0,西塚洸二,1:44.7,1/2,26.2,8.0,494(-6),[西] 大根田裕,202410030710
5,3,6,トゥルブレンシア,セ7,58.0,Ｍ．デム,1:44.7,アタマ,69.9,12.0,454(-4),[西] 藤沢則雄,202410030710
6,7,13,ジーニアスバローズ,牡4,58.0,西村淳也,1:44.8,クビ,2.7,1.0,456(-8),[西] 辻野泰之,202410030710
7,1,1,ミヤジシャルマン,牡4,58.0,松山弘平,1:44.9,1/2,8.3,3.0,494(+2),[西] 川村禎彦,202410030710
8,4,7,メイショウマントル,牡6,58.0,国分優作,1:45.0,1/2,145.1,15.0,516(-2),[西] 安達昭夫,202410030710
9,8,15,タイセイウォリアー,牡4,58.0,和田竜二,1:45.0,クビ,31.2,9.0,496(+8),[西] 大橋勇樹,202410030710
10,6,12,ツウカイリアル,牡4,58.0,田口貫太,1:45.4,2,3.3,2.0,490(-2),[西] 庄野靖志,202410030710
11,5,9,タイキドミニオン,牡6,58.0,国分恭介,1:45.4,クビ,160.1,16.0,524(-2),[西] 畑端省吾,202410030710
12,2,3,ノボリクレバー,牝4,56.0,酒井学,1:45.4,ハナ,23.6,7.0,494(0),[西] 石橋守,202410030710
13,5,10,ワンダーブレット,セ5,58.0,小牧太,1:45.6,1,31.4,10.0,504(-8),[西] 笹田和秀,202410030710
14,6,11,シュガーコルト,セ5,58.0,小崎綾也,1:45.7,1/2,17.0,6.0,490(0),[西] 寺島良,202410030710
15,8,16,インテンソ,牡4,58.0,角田大和,1:45.9,1.1/2,8.6,4.0,486(-4),[西] 松永幹夫,202410030710
16,4,8,カズロレアート,牡6,58.0,坂井瑠星,1:46.0,アタマ,141.4,14.0,494(-2),[西] 藤野健太,202410030710
1,6,7,マイネルメモリー,牡4,58.0,和田竜二,2:00.2,,5.2,2.0,460(-6),[西] 宮徹,202410030711
2,7,10,シェイクユアハート,牡4,58.0,秋山稔樹,2:00.3,1/2,5.7,3.0,434(-16),[西] 宮徹,202410030711
3,2,2,ラスマドレス,牝5,56.0,横山典弘,2:00.4,3/4,10.3,5.0,470(-4),[西] 安田翔伍,202410030711
4,1,1,マテンロウアレス,セ6,58.0,太宰啓介,2:00.6,1,13.8,7.0,494(-6),[西] 昆貢,202410030711
5,4,4,セブンマジシャン,牡4,58.0,西村淳也,2:00.8,1,2.4,1.0,496(-2),[西] 高野友和,202410030711
6,3,3,ロワンディシー,牡6,58.0,幸英明,2:01.3,3,51.9,9.0,458(+2),[西] 北出成人,202410030711
7,5,6,ウインリブルマン,牡6,58.0,団野大成,2:01.3,クビ,15.6,8.0,500(+2),[西] 緒方努,202410030711
8,8,12,ヴェローナシチー,牡5,58.0,酒井学,2:01.6,1.3/4,8.2,4.0,520(+14),[西] 佐々木晶,202410030711
9,6,8,ブラックシールド,牡5,58.0,角田大和,2:01.6,クビ,182.3,11.0,464(+4),[西] 小栗実,202410030711
10,5,5,グランデサラス,牡4,58.0,松山弘平,2:01.9,1.3/4,12.8,6.0,494(0),[西] 池添学,202410030711
11,7,9,カシノブレンド,セ8,58.0,川須栄彦,2:02.9,6,251.6,12.0,466(0),[東] 蛯名利弘,202410030711
12,8,11,ナムラカミカゼ,牡7,58.0,泉谷楓真,2:03.4,3,109.8,10.0,492(-20),[西] 村山明,202410030711
1,5,9,エイムインライフ,牝4,55.0,角田大和,1:08.4,,19.3,8.0,472(+6),[西] 角田晃一,202410030712
2,7,13,ラブディーヴァ,牝3,52.0,小沢大仁,1:08.4,アタマ,26.1,11.0,444(-2),[西] 杉山晴紀,202410030712
3,6,11,レディメローラ,牝4,55.0,秋山稔樹,1:08.5,1/2,34.0,12.0,412(0),[西] 北出成人,202410030712
4,8,16,ソノママソノママ,牝4,56.0,坂井瑠星,1:08.5,アタマ,4.2,1.0,444(-2),[西] 奥村豊,202410030712
5,1,2,セレッソデアモール,牝4,56.0,川須栄彦,1:08.6,3/4,21.2,9.0,470(+2),[西] 庄野靖志,202410030712
6,4,8,サンライズプルート,牡4,58.0,松山弘平,1:08.8,3/4,4.4,2.0,468(0),[西] 音無秀孝,202410030712
7,8,18,コスモグングニール,牡4,55.0,吉村誠之,1:08.8,クビ,17.7,7.0,510(-6),[西] 緒方努,202410030712
8,3,6,フェゲフォイア,牡4,58.0,幸英明,1:08.8,アタマ,84.1,15.0,452(+4),[西] 岡田稲男,202410030712
9,3,5,キーウェーブ,牡3,55.0,和田竜二,1:09.3,3,8.5,4.0,424(+4),[西] 川村禎彦,202410030712
10,1,1,アパショナード,牡5,55.0,鷲頭虎太,1:09.3,アタマ,82.4,14.0,416(-6),[西] 千田輝彦,202410030712
11,2,3,アエリーゾ,牝5,55.0,田口貫太,1:09.3,アタマ,12.2,6.0,460(0),[西] 庄野靖志,202410030712
12,7,15,ハッピーアズラリー,牝4,56.0,横山典弘,1:09.4,クビ,34.9,13.0,450(+10),[西] 安田翔伍,202410030712
13,8,17,ダイヤモンドフジ,牡5,58.0,国分恭介,1:09.4,クビ,25.5,10.0,456(-6),[西] 宮本博,202410030712
14,6,12,ヴィヴィッシモ,牡4,58.0,西村淳也,1:09.5,3/4,5.6,3.0,460(-8),[西] 松永幹夫,202410030712
15,2,4,ハルカナネガイ,牝5,53.0,柴田裕一,1:10.1,3.1/2,279.0,17.0,430(0),[西] 藤沢則雄,202410030712
16,4,7,ハイライフ,牝6,55.0,西塚洸二,1:10.2,クビ,334.7,18.0,436(-10),[西] 藤沢則雄,202410030712
17,5,10,スイープラン,牝4,52.0,河原田菜,1:10.2,クビ,187.3,16.0,446(-2),[西] 渡辺薫彦,202410030712
18,7,14,ダディーズアイル,牡3,53.0,永島まな,1:12.1,大,11.1,5.0,474(+8),[西] 千田輝彦,202410030712
1,7,7,ワンモアスマイル,牡2,55.0,松山弘平,1:50.2,,1.2,1.0,440(-2),[西] 藤岡健一,202410030801
2,1,1,ベストファンタジー,牝2,52.0,吉村誠之,1:50.7,3,24.9,5.0,472(-4),[西] 西園翔太,202410030801
3,5,5,アロンディ,牡2,55.0,坂井瑠星,1:51.1,2.1/2,5.5,2.0,442(-2),[西] 武英智,202410030801
4,6,6,マナミン,牝2,53.0,永島まな,1:52.0,5,8.4,3.0,446(+12),[西] 高橋康之,202410030801
5,4,4,ショウナンアトレ,牡2,54.0,西塚洸二,1:52.0,クビ,23.6,4.0,468(0),[西] 梅田智之,202410030801
6,8,8,アルマリアルト,牡2,54.0,小沢大仁,1:52.1,3/4,184.4,9.0,502(+2),[西] 川村禎彦,202410030801
7,2,2,エーオ,牡2,55.0,酒井学,1:52.5,2,151.6,8.0,418(-2),[西] 長谷川浩,202410030801
8,8,9,スマートエクシード,牡2,52.0,柴田裕一,1:52.5,ハナ,77.5,7.0,466(-6),[西] 村山明,202410030801
9,3,3,ディクシャ,牡2,55.0,団野大成,1:53.2,4,42.1,6.0,462(+4),[西] 西村真幸,202410030801
1,3,6,ソングオブライフ,牡3,57.0,松若風馬,1:08.7,,5.8,3.0,500(-4),[西] 森田直行,202410030802
2,2,3,ディーエストッキー,牡3,57.0,松山弘平,1:09.3,4,6.7,4.0,448(+4),[西] 橋口慎介,202410030802
3,7,15,リプレット,牝3,54.0,小沢大仁,1:09.3,アタマ,207.6,15.0,402(-6),[西] 飯田祐史,202410030802
4,7,13,レディーズナイト,牝3,54.0,西塚洸二,1:09.5,3/4,10.9,5.0,456(0),[西] 鮫島一歩,202410030802
5,5,9,バラン,牝3,52.0,柴田裕一,1:09.6,1/2,24.5,10.0,428(+8),[西] 中竹和也,202410030802
6,7,14,エガオニナッテ,牝3,53.0,永島まな,1:09.6,クビ,15.6,7.0,440(+4),[西] 高橋康之,202410030802
7,4,8,パンファギア,牝3,55.0,幸英明,1:09.6,ハナ,4.9,2.0,474(0),[西] 大久保龍,202410030802
8,4,7,シャドフ,牝3,55.0,西村淳也,1:09.8,1,3.7,1.0,452(-2),[西] 庄野靖志,202410030802
9,6,11,サクセスカノン,牝3,55.0,和田竜二,1:09.9,1/2,13.9,6.0,424(0),[西] 北出成人,202410030802
10,6,12,タイセイタリスマン,牡3,57.0,団野大成,1:10.1,1.1/2,30.3,11.0,454(0),[西] 小栗実,202410030802
11,2,4,カネトシショウカ,牡3,56.0,田口貫太,1:10.2,1/2,23.8,9.0,446(-8),[西] 寺島良,202410030802
12,8,16,カフジレニウム,牝3,52.0,吉村誠之,1:10.2,ハナ,286.9,17.0,400(0),[西] 森田直行,202410030802
13,1,2,プルミエプランタン,牡3,57.0,川須栄彦,1:10.2,ハナ,44.2,13.0,484(0),[西] 音無秀孝,202410030802
14,1,1,ウィンカラー,牝3,55.0,和田翼,1:10.3,クビ,394.4,18.0,446(-2),[西] 谷潔,202410030802
15,8,17,ランブルフィッシュ,牡3,56.0,松本大輝,1:10.4,1/2,257.9,16.0,436(-12),[西] 中竹和也,202410030802
16,3,5,ジーティースピカ,牝3,55.0,岩田康誠,1:10.6,1.1/4,21.1,8.0,468(0),[西] 上村洋行,202410030802
17,8,18,ペイシャスペシャル,牡3,56.0,角田大和,1:11.5,5,196.0,14.0,452(-10),[西] 角田晃一,202410030802
18,5,10,リルト,牝3,51.0,河原田菜,1:11.7,1.1/4,33.6,12.0,498(+4),[西] 高橋一哉,202410030802
1,3,5,アンリーベイビー,牝3,55.0,松山弘平,1:45.7,,3.7,2.0,424(-2),[西] 茶木太樹,202410030803
2,4,8,デイムサンライズ,牝3,54.0,小沢大仁,1:46.1,2,3.2,1.0,440(0),[西] 牧浦充徳,202410030803
3,2,4,アプラド,牝3,54.0,松本大輝,1:46.8,4,27.0,8.0,452(-16),[西] 新谷功一,202410030803
4,5,9,ルージュルリアン,牝3,54.0,西塚洸二,1:46.8,アタマ,6.4,3.0,488(-4),[西] 藤原英昭,202410030803
5,7,14,ナムラリーナ,牝3,55.0,和田竜二,1:46.8,ハナ,13.0,6.0,484(+2),[西] 川村禎彦,202410030803
6,5,10,メイショウエレジー,牝3,54.0,角田大和,1:47.0,1.1/4,73.6,12.0,456(+4),[西] 角田晃一,202410030803
7,1,2,レイナドラーダ,牝3,55.0,西村淳也,1:47.0,クビ,29.8,9.0,420(-12),[西] 高野友和,202410030803
8,7,13,ジューンナデシコ,牝3,55.0,団野大成,1:47.5,3,9.7,5.0,466(-6),[西] 杉山佳明,202410030803
9,8,15,ペプチドセーヌ,牝3,53.0,永島まな,1:47.9,2.1/2,6.9,4.0,442(0),[西] 武英智,202410030803
10,1,1,ユキカゼ,牝3,55.0,松若風馬,1:48.0,3/4,21.1,7.0,454(+6),[西] 小崎憲,202410030803
11,2,3,テーオーエメラルド,牝3,55.0,岩田康誠,1:48.5,3,41.1,10.0,470(-12),[西] 上村洋行,202410030803
12,3,6,パームブランチ,牝3,52.0,柴田裕一,1:48.7,1.1/4,352.8,16.0,466(+4),[西] 浜田多実,202410030803
13,4,7,スリーウエーブ,牝3,55.0,高倉稜,1:48.8,1,216.9,15.0,440(-8),[西] 木原一良,202410030803
14,6,12,マリリア,牝3,51.0,河原田菜,1:48.9,クビ,123.2,13.0,446(-13),[西] 吉田直弘,202410030803
15,8,16,トウカイリーゼ,牝3,52.0,吉村誠之,1:49.2,2,168.5,14.0,394(-10),[西] 北出成人,202410030803
16,6,11,ラドロテア,牝3,55.0,幸英明,1:49.5,1.1/2,53.7,11.0,434(-2),[西] 斉藤崇史,202410030803
1,2,3,ファミリーツリー,牝3,55.0,坂井瑠星,2:01.4,,2.1,1.0,436(0),[西] 河嶋宏樹,202410030804
2,5,9,マイネルコモドーア,牡3,57.0,和田竜二,2:01.9,2.1/2,9.0,4.0,434(-6),[西] 長谷川浩,202410030804
3,7,15,ワイドモヒート,牡3,57.0,酒井学,2:01.9,ハナ,24.6,8.0,518(+2),[西] 藤岡健一,202410030804
4,1,2,ワンモアビスケット,牝3,55.0,国分優作,2:01.9,クビ,88.2,12.0,462(+8),[西] 緒方努,202410030804
5,8,17,メイショウカイコン,牡3,54.0,鷲頭虎太,2:02.1,1.1/2,29.4,9.0,506(-6),[西] 千田輝彦,202410030804
6,5,10,スリーモーメント,牡3,56.0,秋山稔樹,2:02.2,クビ,200.0,16.0,440(0),[西] 高橋義忠,202410030804
7,7,14,アラナコア,牡3,56.0,小沢大仁,2:02.2,アタマ,4.3,2.0,490(-8),[西] 田中克典,202410030804
8,2,4,メイショウライメイ,牡3,56.0,泉谷楓真,2:02.4,1.1/4,16.5,6.0,466(-2),[西] 本田優,202410030804
9,1,1,アルジャヒリ,牡3,56.0,田口貫太,2:02.6,1.1/4,71.9,11.0,454(-8),[西] 石坂公一,202410030804
10,7,13,ステラマリーナ,牝3,55.0,岩田康誠,2:02.7,クビ,13.2,5.0,468(-6),[西] 上村洋行,202410030804
11,6,12,カルデア,牡3,57.0,Ｍ．デム,2:03.2,3,8.6,3.0,452(-4),[西] 友道康夫,202410030804
12,4,8,ロイドール,セ3,57.0,中井裕二,2:03.4,1.1/2,22.7,7.0,504(-12),[西] 武幸四郎,202410030804
13,3,5,エイシンゾディアク,牡3,54.0,吉村誠之,2:03.6,1,162.9,15.0,436(+6),[西] 今野貞一,202410030804
14,8,18,ゼンノクレバー,牡3,57.0,幸英明,2:04.0,2.1/2,41.2,10.0,438(-4),[西] 四位洋文,202410030804
15,4,7,エターナルブルー,セ3,57.0,国分恭介,2:04.9,5,271.5,18.0,446(-4),[西] 茶木太樹,202410030804
16,8,16,クイッククイーン,牝3,54.0,角田大和,2:05.9,6,161.5,14.0,434(-6),[西] 笹田和秀,202410030804
17,3,6,スズノレイライン,牡3,57.0,藤懸貴志,2:05.9,ハナ,142.2,13.0,510(+16),[西] 平田修,202410030804
18,6,11,サンライズアザール,牡3,57.0,加藤祥太,2:08.2,大,231.8,17.0,524(+8),[西] 庄野靖志,202410030804
1,5,8,ブルーレース,牝2,55.0,坂井瑠星,1:10.1,,4.2,2.0,456(0),[西] 宮本博,202410030805
2,8,13,バイオサファイア,牝2,53.0,永島まな,1:10.7,3.1/2,8.8,4.0,400(0),[西] 中村直也,202410030805
3,4,5,セレーネアステール,牝2,55.0,松山弘平,1:11.5,5,3.5,1.0,406(0),[西] 武幸四郎,202410030805
4,7,12,ウインコンパス,牡2,54.0,田口貫太,1:11.7,1.1/4,8.9,5.0,434(0),[西] 西園正都,202410030805
5,5,7,ヴリトラハン,牡2,55.0,団野大成,1:11.7,クビ,5.1,3.0,470(0),[西] 千田輝彦,202410030805
6,4,6,ノワナ,牝2,55.0,西村淳也,1:12.0,2,11.4,6.0,430(0),[西] 浜田多実,202410030805
7,6,9,アスカノソング,牡2,54.0,小沢大仁,1:12.2,1.1/4,12.8,7.0,446(0),[西] 川村禎彦,202410030805
8,8,14,ノワールエブラン,牝2,52.0,吉村誠之,1:12.4,1.1/4,20.2,8.0,398(0),[西] 藤野健太,202410030805
9,1,1,サンムーン,牝2,55.0,幸英明,1:12.9,2.1/2,48.1,11.0,518(0),[西] 河嶋宏樹,202410030805
10,3,4,スイングムスメ,牝2,54.0,泉谷楓真,1:13.2,1.3/4,46.2,10.0,420(0),[西] 村山明,202410030805
11,3,3,ラヴリーチェリー,牝2,54.0,西塚洸二,1:13.5,1.3/4,124.4,13.0,392(0),[西] 藤沢則雄,202410030805
12,7,11,テイエムファルクス,牡2,55.0,和田竜二,1:14.0,3,34.6,9.0,480(0),[西] 鈴木孝志,202410030805
13,2,2,コパノジェームス,牡2,51.0,河原田菜,1:14.1,3/4,78.3,12.0,510(0),[西] 村山明,202410030805
14,6,10,サツマノカゼ,牡2,55.0,森裕太朗,1:19.1,大,152.8,14.0,420(0),[東] 高橋文雅,202410030805
1,1,2,レーウィン,セ3,57.0,岩田康誠,1:45.7,,5.2,2.0,506(-10),[西] 上村洋行,202410030806
2,2,3,カフジテルビウム,牡3,57.0,長岡禎仁,1:45.9,1.1/2,3.5,1.0,470(-10),[西] 杉山佳明,202410030806
3,1,1,メイショウマツリ,牡3,57.0,横山典弘,1:46.4,2.1/2,7.1,5.0,500(+6),[西] 松永幹夫,202410030806
4,7,13,ダイジェスト,牡3,57.0,国分優作,1:46.7,2,7.0,4.0,448(-10),[西] 坂口智康,202410030806
5,7,14,ノイヤーヘルト,牡3,57.0,西村淳也,1:46.9,1.1/2,5.4,3.0,508(-18),[西] 中竹和也,202410030806
6,3,5,クアトロジャック,牡3,55.0,永島まな,1:47.0,クビ,37.8,9.0,470(+2),[西] 庄野靖志,202410030806
7,5,9,タプファーアイ,牡3,57.0,酒井学,1:47.6,3.1/2,48.2,10.0,468(-2),[西] 四位洋文,202410030806
8,3,6,サニービーチ,牝3,55.0,松若風馬,1:47.7,1/2,30.8,8.0,492(0),[西] 小崎憲,202410030806
9,4,8,ホルガーダンスク,牡3,57.0,坂井瑠星,1:47.9,1.1/4,12.6,7.0,416(+6),[西] 西村真幸,202410030806
10,6,11,オメガキングダム,牡3,57.0,中井裕二,1:48.2,2,86.7,12.0,474(+10),[西] 安田翔伍,202410030806
11,8,15,サイナシュア,牝3,54.0,西塚洸二,1:49.9,10,208.7,14.0,404(+4),[西] 大久保龍,202410030806
12,4,7,スーパーバウンディ,牡3,56.0,秋山稔樹,1:49.9,クビ,106.0,13.0,530(+22),[西] 牧田和弥,202410030806
13,2,4,サウンドイヴォーク,牡3,54.0,吉村誠之,1:50.2,2,63.5,11.0,486(+4),[西] 高柳大輔,202410030806
14,5,10,ピンクノハロ,牝3,55.0,和田翼,1:50.3,1/2,317.4,16.0,412(+4),[西] 小椋研介,202410030806
15,6,12,ボディブロー,牡3,57.0,松山弘平,1:51.4,7,9.2,6.0,546(0),[西] 森秀行,202410030806
16,8,16,メイショウイゾウ,牡3,53.0,河原田菜,1:51.8,2.1/2,291.1,15.0,486(+16),[西] 笹田和秀,202410030806
1,7,10,テーオーダグラス,牡3,53.0,永島まな,1:47.5,,3.8,2.0,470(-8),[西] 須貝尚介,202410030807
2,7,9,キタサンダムール,牝4,52.0,河原田菜,1:48.4,5,5.8,4.0,488(+4),[西] 清水久詞,202410030807
3,4,4,ルトゥール,牝3,53.0,西村淳也,1:48.4,クビ,4.7,3.0,472(+10),[西] 中内田充,202410030807
4,3,3,オオナミコナミ,牝3,53.0,坂井瑠星,1:48.5,1/2,2.3,1.0,484(+12),[西] 牧浦充徳,202410030807
5,8,12,テイエムシップ,牡5,58.0,鮫島良太,1:48.8,2,64.6,8.0,514(-4),[西] 河嶋宏樹,202410030807
6,2,2,メイショウヒュウガ,牡4,58.0,国分恭介,1:48.8,ハナ,142.9,12.0,482(-8),[西] 安達昭夫,202410030807
7,6,7,マカンマカン,牡5,58.0,松若風馬,1:49.3,3,87.8,9.0,462(0),[西] 音無秀孝,202410030807
8,5,6,ガルムキャット,牡4,57.0,田口貫太,1:49.4,1/2,16.7,5.0,404(-8),[西] 高橋一哉,202410030807
9,6,8,ブルーウィン,牝4,53.0,吉村誠之,1:49.6,1.1/4,20.4,6.0,458(+4),[西] 清水久詞,202410030807
10,1,1,ヒルノアントラ,セ7,58.0,太宰啓介,1:49.9,2,120.3,10.0,466(-2),[西] 昆貢,202410030807
11,8,11,レッドテンペスト,セ4,57.0,角田大和,1:50.9,6,48.6,7.0,452(-4),[西] 笹田和秀,202410030807
12,5,5,ランスロット,牡3,54.0,西塚洸二,1:52.5,10,127.3,11.0,482(-4),[西] 吉岡辰弥,202410030807
1,2,2,アマルナ,牝4,55.0,西塚洸二,0:57.6,,12.0,4.0,456(-6),[西] 田中克典,202410030808
2,1,1,シャカシャカシー,牡3,52.0,吉村誠之,0:57.6,クビ,1.5,1.0,508(0),[西] 茶木太樹,202410030808
3,8,11,イミュータブル,牡4,58.0,西村淳也,0:58.4,5,7.0,2.0,472(-2),[西] 浜田多実,202410030808
4,3,3,メイショウイヌワシ,牡5,57.0,泉谷楓真,0:58.5,3/4,94.7,10.0,490(+4),[西] 石橋守,202410030808
5,5,5,パトジュニア,牡3,55.0,松若風馬,0:58.6,1/2,47.1,9.0,500(-8),[西] 小崎憲,202410030808
6,6,8,サイモンカーチス,牡5,58.0,小牧太,0:58.8,1.1/4,107.3,11.0,496(+6),[西] 梅田智之,202410030808
7,4,4,ルソレイユ,牡4,58.0,幸英明,0:59.0,1.1/4,17.2,6.0,490(-30),[西] 北出成人,202410030808
8,7,9,アナスタシス,牝3,50.0,河原田菜,0:59.3,1.3/4,7.4,3.0,472(+8),[西] 岡田稲男,202410030808
9,8,12,エリカソレイユ,牝4,54.0,永島まな,0:59.4,3/4,36.3,8.0,414(-8),[西] 茶木太樹,202410030808
10,7,10,ラストボーン,セ3,55.0,高倉稜,0:59.6,1.1/4,25.8,7.0,442(-2),[西] 渡辺薫彦,202410030808
11,6,7,ヒロアプリオリ,牡3,54.0,小沢大仁,0:59.8,1.1/4,157.7,12.0,444(-1),[西] 川村禎彦,202410030808
12,5,6,ナリタヴィクトリー,牝3,50.0,柴田裕一,1:00.0,1.1/4,15.1,5.0,442(+2),[西] 藤沢則雄,202410030808
1,7,14,ファベル,牡5,58.0,坂井瑠星,2:00.6,,4.2,2.0,440(0),[西] 友道康夫,202410030809
2,2,4,イングランドアイズ,牝4,56.0,松山弘平,2:00.8,1,2.2,1.0,446(-2),[西] 安田翔伍,202410030809
3,8,16,サクセスドレーク,牡5,58.0,小沢大仁,2:00.8,クビ,21.6,8.0,500(-6),[西] 野中賢二,202410030809
4,7,15,ヤマニンループ,牡5,58.0,横山典弘,2:01.0,3/4,18.2,6.0,442(+2),[西] 松永幹夫,202410030809
5,2,3,ショーモン,セ4,58.0,Ｍ．デム,2:01.0,ハナ,27.7,10.0,482(-16),[西] 橋口慎介,202410030809
6,4,7,エルディアブロ,牡6,58.0,団野大成,2:01.0,クビ,16.0,4.0,450(-8),[西] 佐々木晶,202410030809
7,1,2,レミージュ,牝4,56.0,西村淳也,2:01.1,1/2,9.2,3.0,438(-8),[西] 松永幹夫,202410030809
8,5,10,スズノマーベリック,セ5,58.0,藤懸貴志,2:01.5,2.1/2,245.7,17.0,466(-2),[西] 石坂公一,202410030809
9,3,5,スズカハービン,牡4,58.0,太宰啓介,2:01.5,アタマ,63.8,13.0,472(+2),[西] 高橋義忠,202410030809
10,7,13,コイニョウボウ,牝4,56.0,幸英明,2:01.6,アタマ,23.3,9.0,416(0),[西] 中尾秀正,202410030809
11,6,12,キャリーハピネス,牡4,58.0,和田竜二,2:01.6,ハナ,19.9,7.0,492(+2),[西] 河嶋宏樹,202410030809
12,5,9,テリオスマナ,牝6,56.0,荻野極,2:01.6,クビ,16.8,5.0,474(+10),[西] 松下武士,202410030809
13,3,6,アトミックフレア,牝6,56.0,泉谷楓真,2:01.8,1.1/4,33.1,11.0,444(-4),[西] 渡辺薫彦,202410030809
14,8,18,サイモンルモンド,セ7,58.0,永島まな,2:02.1,1.3/4,270.1,18.0,448(0),[東] 根本康広,202410030809
15,6,11,エクロール,牝5,56.0,田口貫太,2:02.2,1/2,37.9,12.0,426(-8),[西] 長谷川浩,202410030809
16,1,1,ルソルティール,牝4,56.0,吉村誠之,2:02.4,1.1/4,73.7,14.0,424(-8),[西] 清水久詞,202410030809
17,4,8,チュウワモーニング,牝4,56.0,小崎綾也,2:03.0,3.1/2,97.9,15.0,454(+2),[西] 小崎憲,202410030809
18,8,17,ジュンブルースカイ,牡6,58.0,松若風馬,2:10.3,大,137.5,16.0,450(-2),[東] 伊坂重信,202410030809
1,6,11,ミルテンベルク,牡3,55.0,坂井瑠星,1:08.3,,3.8,2.0,492(+6),[西] 武英智,202410030810
2,7,14,ワンダーキサラ,牝5,56.0,太宰啓介,1:08.4,クビ,8.6,4.0,464(+2),[西] 石橋守,202410030810
3,2,3,テーオースパロー,牡5,58.0,吉村誠之,1:08.6,1.1/2,258.7,16.0,498(+10),[西] 清水久詞,202410030810
4,5,10,ビップシュプリーム,牝5,56.0,荻野極,1:08.9,1.1/2,78.3,12.0,502(-2),[西] 松下武士,202410030810
5,7,13,キャプテンネキ,牝3,53.0,Ｍ．デム,1:09.1,1.1/4,9.8,5.0,532(+6),[西] 杉山晴紀,202410030810
6,5,9,バンドシェル,牡3,55.0,松山弘平,1:09.1,ハナ,6.3,3.0,478(+8),[西] 西村真幸,202410030810
7,3,5,ディオアステリア,牝5,56.0,小沢大仁,1:09.1,クビ,24.2,8.0,490(+12),[東] 小野次郎,202410030810
8,8,17,ナムラアトム,牡3,55.0,西村淳也,1:09.1,ハナ,3.2,1.0,504(+16),[西] 長谷川浩,202410030810
9,3,6,ビッグドリーム,牡3,55.0,幸英明,1:09.2,1/2,10.0,6.0,522(-2),[西] 西園正都,202410030810
10,7,15,シャウビンダー,牝5,56.0,酒井学,1:09.3,1/2,109.2,14.0,416(-4),[西] 須貝尚介,202410030810
11,1,2,ベンガン,牡7,58.0,藤懸貴志,1:09.3,ハナ,88.1,13.0,464(-4),[西] 千田輝彦,202410030810
12,6,12,メイショウコギク,牝4,56.0,田口貫太,1:09.4,1/2,53.1,10.0,444(+2),[西] 石橋守,202410030810
13,8,16,ミッキーチャレンジ,牡5,58.0,中井裕二,1:09.4,ハナ,41.7,9.0,500(-4),[西] 中内田充,202410030810
14,1,1,トーホウフランゴ,牝4,56.0,団野大成,1:09.4,クビ,18.8,7.0,442(-2),[西] 高橋康之,202410030810
15,4,8,コスモイグローク,牡4,58.0,秋山稔樹,1:09.5,1/2,348.5,18.0,508(+8),[東] 蛯名利弘,202410030810
16,8,18,ワンダーカタリナ,牡7,58.0,角田大和,1:09.9,2.1/2,113.0,15.0,508(-2),[西] 河内洋,202410030810
17,2,4,ビッグボーンリタ,牝4,56.0,西塚洸二,1:10.1,3/4,342.8,17.0,474(0),[西] 高橋康之,202410030810
18,4,7,ウインバグース,牡5,58.0,和田竜二,1:10.2,1,54.9,11.0,488(+4),[西] 西園正都,202410030810
1,2,2,アルナシーム,牡5,57.0,横山典弘,1:47.2,,8.2,5.0,440(0),[西] 橋口慎介,202410030811
2,4,6,エピファニー,牡5,58.0,杉原誠人,1:47.2,クビ,4.6,2.0,502(+4),[東] 宮田敬介,202410030811
3,5,7,エルトンバローズ,牡4,59.0,西村淳也,1:47.3,1/2,4.6,1.0,516(-4),[西] 杉山晴紀,202410030811
4,8,14,ロングラン,セ6,57.0,松山弘平,1:47.4,3/4,11.5,6.0,480(0),[東] 和田勇介,202410030811
5,8,13,ニホンピロキーフ,牡4,56.5,田口貫太,1:47.5,1/2,5.1,3.0,474(-6),[西] 大橋勇樹,202410030811
6,6,9,ボーデン,セ6,54.0,団野大成,1:48.2,4,17.5,8.0,482(-8),[東] 上原佑紀,202410030811
7,4,5,カテドラル,牡8,58.0,幸英明,1:48.4,1.1/2,62.5,11.0,490(-4),[西] 池添学,202410030811
8,5,8,タガノパッション,牝6,53.0,Ｍ．デム,1:48.4,ハナ,37.7,10.0,478(-8),[西] 武幸四郎,202410030811
9,6,10,ソレイユヴィータ,牝4,50.0,吉村誠之,1:48.5,クビ,64.8,12.0,450(-8),[西] 杉山晴紀,202410030811
10,7,11,アナゴサン,牡6,56.0,松若風馬,1:48.9,2.1/2,19.4,9.0,472(-2),[西] 牧田和弥,202410030811
11,3,4,ワールドリバイバル,牡6,55.0,小牧太,1:49.2,1.3/4,88.8,14.0,508(-2),[西] 牧田和弥,202410030811
12,3,3,セルバーグ,牡5,57.0,和田竜二,1:49.3,1/2,14.5,7.0,434(-4),[西] 鈴木孝志,202410030811
13,7,12,セオ,牡4,57.0,岩田康誠,1:49.4,1/2,6.4,4.0,476(-8),[西] 上村洋行,202410030811
14,1,1,テーオーシリウス,牡6,55.0,西塚洸二,1:49.6,1.1/4,68.1,13.0,470(+6),[西] 奥村豊,202410030811
1,3,4,モズアカボス,牡4,58.0,小牧太,1:44.7,,57.8,12.0,506(+4),[西] 矢作芳人,202410030812
2,4,6,ジャスパーロブスト,セ3,55.0,松山弘平,1:44.9,1,7.8,5.0,500(0),[西] 森秀行,202410030812
3,6,11,セブンスストリート,牡4,56.0,永島まな,1:45.2,2,35.0,10.0,446(0),[西] 高橋康之,202410030812
4,2,2,レッドリベルタ,牡3,54.0,田口貫太,1:45.3,1/2,3.8,1.0,446(0),[西] 庄野靖志,202410030812
5,7,12,ヒロノラメール,牡3,55.0,和田竜二,1:45.6,1.1/2,4.2,2.0,474(-2),[西] 川村禎彦,202410030812
6,5,9,グランファラオ,牡4,57.0,秋山稔樹,1:45.8,1.1/2,22.1,7.0,512(+10),[西] 高橋義忠,202410030812
7,7,13,アドマイヤソラ,牡4,58.0,Ｍ．デム,1:46.0,3/4,5.4,3.0,522(+2),[西] 友道康夫,202410030812
8,3,5,メイショウタムシバ,牝3,53.0,幸英明,1:46.1,3/4,6.9,4.0,428(+16),[西] 飯田祐史,202410030812
9,2,3,リノアラ,牝5,55.0,小沢大仁,1:46.2,1/2,80.9,13.0,438(+2),[西] 今野貞一,202410030812
10,8,14,ダイヤグラフ,牡4,58.0,松若風馬,1:46.3,3/4,28.1,8.0,484(+6),[西] 角田晃一,202410030812
11,4,7,グランデスフィーダ,牡4,58.0,荻野極,1:46.6,2,32.3,9.0,528(-2),[西] 池江泰寿,202410030812
12,6,10,アメリカンチーフ,牡3,54.0,西塚洸二,1:46.8,1.1/4,51.0,11.0,464(0),[西] 音無秀孝,202410030812
13,5,8,シブースト,牝4,53.0,吉村誠之,1:49.0,大,167.0,15.0,502(-2),[西] 高野友和,202410030812
14,8,15,ペイシャコパ,牝3,50.0,河原田菜,1:49.1,3/4,85.7,14.0,456(0),[西] 坂口智康,202410030812
15,1,1,オリーボーレン,牝3,53.0,坂井瑠星,1:54.7,大,10.6,6.0,462(-10),[西] 藤岡健一,202410030812
