着順,枠番,馬番,馬名,性齢,斤量,騎手,タイム,着差,単勝,人気,馬体重,調教師,race_id
1,8,11,グランキングオー,牡3,55.0,永島まな,1:46.1,,2.1,1.0,452(-10),[西] 高橋康之,202510010101
2,7,9,マンオブザマッチ,牡3,57.0,津村明秀,1:46.7,3.1/2,80.7,12.0,486(+2),[西] 高橋義忠,202510010101
3,2,2,クロノスバレット,牡3,57.0,岩田望来,1:47.6,5,23.9,6.0,498(0),[西] 吉村圭司,202510010101
4,6,7,ダシータピット,牡3,54.0,柴田裕一,1:48.0,2.1/2,29.3,9.0,462(+4),[西] 中竹和也,202510010101
5,8,12,ガジュノリホワイト,牡3,57.0,丹内祐次,1:48.1,クビ,2.7,2.0,454(0),[東] 尾形和幸,202510010101
6,1,1,ヤスケ,牡3,57.0,北村友一,1:48.2,3/4,28.6,8.0,510(0),[東] 中舘英二,202510010101
7,6,8,チュラビックタイム,牡3,57.0,斎藤新,1:48.5,2,32.6,10.0,484(+8),[東] 斎藤誠,202510010101
8,5,6,レッドヴァリアート,牡3,57.0,池添謙一,1:49.0,3,24.3,7.0,442(+2),[西] 大久保龍,202510010101
9,4,4,オドラニャソンソン,牡3,56.0,田口貫太,1:49.3,2,18.1,4.0,454(-6),[西] 音無秀孝,202510010101
10,5,5,ナムラフィクサー,牡3,57.0,横山武史,1:50.4,7,19.3,5.0,442(+4),[西] 鈴木孝志,202510010101
11,3,3,エイヘンハールト,牡3,57.0,鮫島克駿,1:51.5,7,9.0,3.0,466(0),[西] 高野友和,202510010101
12,7,10,グランスターオー,牡3,54.0,川端海翼,1:51.7,3/4,76.5,11.0,474(-8),[西] 新谷功一,202510010101
1,3,6,オンザブルースカイ,牡3,57.0,丹内祐次,1:08.7,,11.3,4.0,460(-4),[西] 谷潔,202510010102
2,2,3,アンダースコア,牡3,57.0,加藤祥太,1:09.0,2,11.6,5.0,448(-4),[西] 庄野靖志,202510010102
3,1,1,レディエンス,牝3,54.0,田口貫太,1:09.0,クビ,46.3,8.0,442(-2),[西] 藤野健太,202510010102
4,7,13,ビーム,牡3,57.0,岩田望来,1:09.2,3/4,7.0,3.0,486(-4),[西] 上村洋行,202510010102
5,8,16,エクレア,牝3,55.0,川田将雅,1:09.2,アタマ,1.8,1.0,456(-2),[西] 鮫島一歩,202510010102
6,4,7,キタノチャンス,牝3,53.0,小林脩斗,1:09.3,3/4,300.4,17.0,454(-2),[東] 石栗龍彦,202510010102
7,5,10,トーアローダンテ,牝3,52.0,古川奈穂,1:09.5,3/4,159.8,15.0,442(+4),[西] 羽月友彦,202510010102
8,5,9,ヘンリエッタ,牝3,55.0,荻野極,1:09.5,クビ,71.4,10.0,460(0),[西] 武幸四郎,202510010102
9,6,11,リーサイェイ,牡3,57.0,佐々木大,1:09.5,クビ,35.9,7.0,458(-8),[東] 池上昌和,202510010102
10,3,5,リケアエスプレッソ,牡3,57.0,横山武史,1:09.6,クビ,61.1,9.0,450(0),[東] 小野次郎,202510010102
11,4,8,ケイマノキコウシ,牡3,57.0,杉原誠人,1:09.6,アタマ,101.4,13.0,522(+6),[東] 栗田徹,202510010102
12,1,2,セイウンヤタガラス,牡3,57.0,黛弘人,1:09.6,アタマ,186.5,16.0,444(+16),[東] 堀内岳志,202510010102
13,2,4,ヴェロニカペルシカ,牝3,55.0,菊沢一樹,1:09.7,1/2,101.8,14.0,410(-10),[東] 田島俊明,202510010102
14,7,14,テーオーシュターデ,牝3,55.0,藤岡佑介,1:10.0,2,12.1,6.0,426(+6),[西] 宮徹,202510010102
15,6,12,サニーネイチャー,牝3,55.0,鮫島克駿,1:10.1,1/2,5.7,2.0,432(-2),[西] 長谷川浩,202510010102
16,8,15,タガノサダフ,牡3,53.0,河原田菜,1:10.2,1/2,90.4,12.0,466(+14),[西] 斉藤崇史,202510010102
17,8,17,ムーンナイト,牡3,55.0,永島まな,1:10.4,1.1/2,75.9,11.0,530(+4),[東] 黒岩陽一,202510010102
1,8,13,クーデール,牝3,51.0,河原田菜,0:58.7,,11.9,6.0,442(+4),[西] 坂口智康,202510010103
2,8,12,ブルドッグキング,牡3,57.0,斎藤新,0:59.3,3.1/2,3.1,1.0,502(+12),[東] 斎藤誠,202510010103
3,6,8,オースミライト,牝3,55.0,加藤祥太,0:59.3,クビ,4.8,3.0,470(-4),[西] 宮本博,202510010103
4,4,4,トップレジェンド,牡3,57.0,松山弘平,0:59.4,クビ,4.5,2.0,440(+6),[西] 鈴木孝志,202510010103
5,7,10,ゴッドテソロ,牡3,57.0,国分恭介,0:59.7,1.3/4,7.2,4.0,458(-4),[西] 角田晃一,202510010103
6,2,2,キーソナタ,牝3,51.0,小林美駒,1:00.0,2,12.5,7.0,436(+8),[東] 矢嶋大樹,202510010103
7,4,5,キャリーグレイス,牝3,52.0,今村聖奈,1:00.5,3,7.6,5.0,442(-8),[西] 寺島良,202510010103
8,1,1,サンムーン,牝3,55.0,池添謙一,1:01.1,4,49.9,10.0,536(-6),[西] 河嶋宏樹,202510010103
9,6,9,サンピエーリ,牡3,56.0,田口貫太,1:01.2,クビ,44.2,8.0,470(0),[西] 藤野健太,202510010103
10,5,6,プティコリーヌ,牝3,52.0,古川奈穂,1:01.5,2,188.2,11.0,424(-2),[西] 牧浦充徳,202510010103
11,5,7,ノワールエブラン,牝3,53.0,永島まな,1:02.1,3.1/2,46.9,9.0,410(-2),[西] 藤野健太,202510010103
12,7,11,スザンナ,牝3,54.0,小沢大仁,1:02.3,1.1/4,258.8,12.0,360(+4),[西] 牧浦充徳,202510010103
除,3,3,サウンドペルル,牝3,55.0,鮫島克駿,,,---,,444(-8),[西] 村山明,202510010103
1,8,9,ドゥラモンド,牡7,60.0,石神深一,3:09.9,,2.7,2.0,494(-4),[東] 手塚貴久,202510010104
2,2,2,ダノンジャッカル,牡6,60.0,西谷誠,3:09.9,クビ,2.3,1.0,470(+6),[西] 中内田充,202510010104
3,5,5,スズカキング,牡8,60.0,小野寺祐,3:10.3,2.1/2,5.6,3.0,458(-12),[西] 谷潔,202510010104
4,7,8,クラウンセト,牡6,60.0,草野太郎,3:11.1,5,25.4,7.0,464(+6),[東] 本間忍,202510010104
5,4,4,クリノリアルレディ,牝5,58.0,上野翔,3:11.9,5,75.9,9.0,490(+6),[東] 伊藤伸一,202510010104
6,1,1,プラチナムレイアー,セ7,60.0,小牧加矢,3:12.4,3,14.5,5.0,502(+16),[西] 河嶋宏樹,202510010104
7,7,7,コスモチプリア,牝5,58.0,伴啓太,3:12.6,1.1/4,49.0,8.0,454(+16),[東] 松永康利,202510010104
8,6,6,トモジャオッシュ,牡4,59.0,難波剛健,3:14.4,大,103.6,10.0,482(+8),[西] 大根田裕,202510010104
9,3,3,ゲインサポート,牡4,59.0,森一馬,3:15.5,7,11.3,4.0,468(+2),[西] 斉藤崇史,202510010104
10,8,10,ディープレイヤー,牡6,60.0,中村将之,3:22.0,大,19.8,6.0,502(+20),[東] 大和田成,202510010104
1,7,7,アンクルブラック,牡5,60.0,高田潤,3:45.1,,3.7,2.0,476(-8),[西] 高橋亮,202510010105
2,1,1,オオキニ,牡6,60.0,森一馬,3:45.1,クビ,1.3,1.0,458(-4),[西] 鈴木孝志,202510010105
3,5,5,レディステディゴー,牡7,60.0,難波剛健,3:46.4,8,22.2,5.0,516(-12),[西] 中村直也,202510010105
4,2,2,ザレストノーウェア,牡7,60.0,伴啓太,3:46.9,3,15.3,3.0,474(-2),[東] 新開幸一,202510010105
5,4,4,ブリエヴェール,牡7,60.0,大江原圭,3:48.3,8,66.9,7.0,456(+4),[東] 小笠倫弘,202510010105
中,3,3,ヤップヤップヤップ,牡9,60.0,江田勇亮,,,17.3,4.0,460(+8),[東] 宗像義忠,202510010105
中,6,6,トーセンオリジン,牡8,60.0,上野翔,,,27.8,6.0,464(+16),[東] 和田雄二,202510010105
1,3,6,ドーギッド,牝3,55.0,横山武史,2:00.9,,17.7,5.0,466(0),[西] 矢作芳人,202510010106
2,5,9,ファーングロット,牡3,57.0,北村友一,2:01.1,1.1/4,4.7,2.0,488(0),[西] 上村洋行,202510010106
3,8,16,キャニオンデシェイ,牡3,57.0,丹内祐次,2:01.3,1.1/2,28.4,8.0,492(0),[西] 友道康夫,202510010106
4,7,15,ミッキーコンドル,牡3,57.0,池添謙一,2:01.4,1/2,11.3,4.0,448(0),[西] 大久保龍,202510010106
5,2,3,スリーラーケン,牡3,54.0,川端海翼,2:01.5,1/2,19.8,6.0,496(0),[西] 高橋義忠,202510010106
6,4,7,キタノニーソング,牡3,57.0,長岡禎仁,2:02.0,2.1/2,234.3,17.0,452(0),[西] 坂口智康,202510010106
7,8,18,ハツコイサイダー,牝3,55.0,岩田望来,2:02.0,ハナ,33.2,9.0,466(0),[西] 吉岡辰弥,202510010106
8,6,11,アスククラウンモア,牡3,56.0,松本大輝,2:02.3,2,136.8,14.0,426(0),[西] 田中克典,202510010106
9,1,1,キタサンモンドー,牡3,57.0,松山弘平,2:02.3,アタマ,7.0,3.0,484(0),[西] 橋口慎介,202510010106
10,8,17,アーベントゾンネ,牝3,51.0,河原田菜,2:02.8,3,106.5,13.0,442(0),[西] 小椋研介,202510010106
11,7,14,ブラックアダマス,牡3,57.0,川田将雅,2:03.6,5,1.9,1.0,512(0),[西] 杉山晴紀,202510010106
12,6,12,ミセスリリー,牝3,55.0,佐々木大,2:03.6,クビ,24.5,7.0,458(0),[東] 上原佑紀,202510010106
13,4,8,エールヴィリース,牡3,57.0,藤岡佑介,2:04.2,3.1/2,76.2,11.0,486(0),[西] 橋口慎介,202510010106
14,1,2,ニシノテュケ,牝3,53.0,永島まな,2:04.8,3.1/2,59.6,10.0,458(0),[西] 新谷功一,202510010106
15,3,5,ジュンベルベット,牡3,57.0,菊沢一樹,2:04.8,クビ,232.6,16.0,446(0),[東] 伊坂重信,202510010106
16,2,4,フラヴス,牝3,55.0,杉原誠人,2:04.9,1/2,342.5,18.0,366(0),[西] 森田直行,202510010106
17,5,10,ナイトエラント,牡3,56.0,小沢大仁,2:06.6,10,105.0,12.0,490(0),[西] 藤原英昭,202510010106
18,7,13,クロシオカレント,牡3,57.0,荻野極,2:08.0,8,177.3,15.0,446(0),[西] 今野貞一,202510010106
1,7,13,セイウンパシュート,牡5,58.0,杉原誠人,2:39.3,,4.4,1.0,470(+6),[東] 上原博之,202510010107
2,3,5,サラトガチップス,牡4,55.0,永島まな,2:39.3,クビ,12.1,7.0,430(-4),[西] 新谷功一,202510010107
3,2,4,サークルオブジョイ,牡4,57.0,北村友一,2:39.4,アタマ,36.7,10.0,492(+8),[西] 池添学,202510010107
4,6,12,ゼンノインヴォーク,セ6,58.0,岩田望来,2:39.6,1.1/4,5.0,2.0,444(-20),[西] 四位洋文,202510010107
5,1,2,クロスライセンス,牡5,58.0,丹内祐次,2:39.8,1.1/2,6.9,4.0,448(-4),[東] 萩原清,202510010107
6,4,7,コスモアミマネラ,牡4,57.0,斎藤新,2:40.0,1.1/4,127.6,15.0,476(+8),[東] 宗像義忠,202510010107
7,1,1,イゾレエオリア,牝5,56.0,佐々木大,2:40.4,2.1/2,6.3,3.0,462(+8),[東] 伊藤大士,202510010107
8,8,15,ビッグベルーガ,牡5,58.0,国分恭介,2:40.5,クビ,7.1,5.0,468(0),[西] 牧浦充徳,202510010107
9,3,6,サングラデーション,牡5,58.0,津村明秀,2:40.5,1/2,18.9,8.0,426(+2),[東] 千葉直人,202510010107
10,8,16,ルージュクライト,牝4,52.0,今村聖奈,2:40.8,1.3/4,21.3,9.0,432(-10),[西] 寺島良,202510010107
11,7,14,ティータイム,牝5,55.0,田口貫太,2:40.9,クビ,44.2,11.0,442(-4),[西] 長谷川浩,202510010107
12,2,3,ペリプルス,牡5,58.0,丸山元気,2:40.9,ハナ,59.8,12.0,446(-8),[東] 佐藤吉勝,202510010107
13,4,8,ミラキュラスドラマ,牡4,57.0,荻野極,2:41.0,1/2,86.2,14.0,456(+2),[西] 宮地貴稔,202510010107
14,5,10,カラーオブジアース,牡4,57.0,松山弘平,2:42.8,大,9.5,6.0,488(+4),[東] 上原佑紀,202510010107
15,6,11,スノーライトニング,牡4,54.0,川端海翼,2:44.4,10,251.6,16.0,460(-2),[西] 松下武士,202510010107
16,5,9,ニシノザイホウ,牡4,53.0,小林美駒,2:44.6,1.1/4,80.6,13.0,438(+14),[東] 小手川準,202510010107
1,1,1,レシプロシティ,牝5,56.0,丹内祐次,1:45.0,,8.1,5.0,460(-4),[東] 田村康仁,202510010108
2,5,10,イラーナ,牝4,55.0,津村明秀,1:46.7,10,6.8,3.0,434(0),[東] 林徹,202510010108
3,5,9,ケープウィッカム,牝4,55.0,丸山元気,1:46.7,ハナ,43.5,10.0,442(-2),[東] 中舘英二,202510010108
4,6,12,ノリピー,牝4,55.0,国分恭介,1:46.7,クビ,162.1,13.0,454(-2),[西] 西園翔太,202510010108
5,8,16,ホウオウシンデレラ,牝4,55.0,鮫島克駿,1:46.8,1/2,22.1,8.0,462(-8),[東] 奥村武,202510010108
6,2,3,ハイウェイスター,牝4,52.0,古川奈穂,1:46.8,ハナ,3.3,1.0,478(-10),[西] 宮本博,202510010108
7,4,7,アンジュグルーヴ,牝4,55.0,川田将雅,1:46.9,クビ,4.4,2.0,478(-8),[西] 安田翔伍,202510010108
8,2,4,ヘネラリーフェ,牝7,55.0,田口貫太,1:47.1,1.1/4,210.0,15.0,464(+8),[西] 藤沢則雄,202510010108
9,3,6,アンリーベイビー,牝4,55.0,斎藤新,1:47.2,1,62.4,11.0,414(-12),[西] 茶木太樹,202510010108
10,6,11,ブラックドレス,牝4,53.0,永島まな,1:47.3,1/2,91.5,12.0,436(0),[西] 谷潔,202510010108
11,8,15,ローマンレイク,牝4,55.0,北村友一,1:47.3,ハナ,7.5,4.0,418(-10),[西] 松永幹夫,202510010108
12,3,5,ニホンピロマリンバ,牝4,51.0,河原田菜,1:47.5,3/4,23.4,9.0,490(-8),[西] 安達昭夫,202510010108
13,7,14,リノアラ,牝6,55.0,小沢大仁,1:48.1,3.1/2,17.1,7.0,438(-12),[西] 今野貞一,202510010108
14,7,13,ウェルキン,牝4,52.0,石田拓郎,1:48.7,3.1/2,263.6,16.0,410(-4),[東] 新開幸一,202510010108
15,1,2,トウロウノオノ,牝5,52.0,小林美駒,1:48.9,1.1/2,176.8,14.0,430(-10),[東] 竹内正洋,202510010108
16,4,8,クインズアトリア,牝4,55.0,松山弘平,1:49.2,2,9.5,6.0,452(-12),[西] 吉岡辰弥,202510010108
1,8,11,アブキールベイ,牝3,55.0,岩田望来,1:08.9,,14.4,6.0,406(-10),[西] 坂口智康,202510010109
2,8,12,レイピア,牡3,57.0,鮫島克駿,1:09.0,1/2,1.9,1.0,488(+4),[西] 中竹和也,202510010109
3,5,6,セディバン,牡3,57.0,池添謙一,1:09.1,1/2,18.5,8.0,480(-12),[西] 吉田直弘,202510010109
4,6,7,セイウンビッグバン,牡3,57.0,津村明秀,1:09.3,1.1/4,9.3,4.0,436(0),[東] 萱野浩二,202510010109
5,4,4,セルヴァンス,牡3,57.0,丹内祐次,1:09.3,クビ,15.8,7.0,432(-4),[西] 小椋研介,202510010109
6,1,1,タマモティーカップ,牝3,55.0,長岡禎仁,1:09.3,クビ,7.1,3.0,450(+10),[西] 高橋亮,202510010109
7,5,5,エコロハート,牝3,55.0,佐々木大,1:09.5,1,68.8,11.0,428(+4),[西] 須貝尚介,202510010109
8,6,8,ダイヤモンド,牡3,57.0,松山弘平,1:09.6,3/4,6.5,2.0,512(+6),[西] 清水久詞,202510010109
9,3,3,ユメシバイ,牝3,55.0,永島まな,1:09.8,1.1/4,43.6,10.0,450(+6),[西] 松永幹夫,202510010109
10,7,10,エイヨーアメジスト,牝3,55.0,北村友一,1:09.9,クビ,13.8,5.0,444(+6),[西] 牧田和弥,202510010109
11,2,2,スピリットライズ,セ3,57.0,小沢大仁,1:10.0,3/4,27.1,9.0,432(-8),[西] 高柳大輔,202510010109
12,7,9,ラインパシオン,牝3,55.0,菊沢一樹,1:11.1,7,228.4,12.0,396(-2),[東] 水野貴広,202510010109
1,1,2,ポワンキュルミナン,牡5,58.0,小沢大仁,1:45.8,,31.2,10.0,434(+8),[西] 岡田稲男,202510010110
2,3,6,パフ,牡4,57.0,鮫島克駿,1:45.8,アタマ,2.3,1.0,466(-2),[西] 橋口慎介,202510010110
3,4,7,プレイサーゴールド,牡5,58.0,松山弘平,1:45.9,3/4,6.2,2.0,504(0),[西] 今野貞一,202510010110
4,5,9,オースミリン,牝6,56.0,国分恭介,1:46.0,1/2,159.0,15.0,456(-10),[西] 荒川義之,202510010110
5,7,13,クロドラバール,セ4,57.0,岩田望来,1:46.0,アタマ,7.2,4.0,508(-12),[西] 杉山晴紀,202510010110
6,1,1,トゥルブレンシア,セ8,58.0,丸山元気,1:46.1,クビ,20.5,8.0,466(-4),[西] 藤沢則雄,202510010110
7,6,12,ダノンターキッシュ,牡7,58.0,丹内祐次,1:46.2,1/2,54.1,13.0,452(0),[西] 寺島良,202510010110
8,3,5,オーバーザドリーム,牡5,58.0,佐々木大,1:46.4,1.1/2,33.8,11.0,468(+2),[西] 清水久詞,202510010110
9,6,11,クリノグローリー,牡5,58.0,田口貫太,1:46.5,1/2,7.0,3.0,484(+2),[西] 谷潔,202510010110
10,2,4,ワーズワース,牡7,58.0,北村友一,1:46.9,2.1/2,28.3,9.0,494(-8),[西] 高橋一哉,202510010110
11,2,3,ケイアイメキラ,セ5,58.0,横山武史,1:47.0,クビ,19.6,7.0,450(-8),[西] 村山明,202510010110
12,4,8,トリグラフ,牡6,58.0,柴田裕一,1:47.1,1/2,310.4,16.0,454(-6),[東] 松山将樹,202510010110
13,5,10,ウィズザドリーム,牡5,58.0,斎藤新,1:47.5,2.1/2,14.8,5.0,504(-6),[西] 高野友和,202510010110
14,8,16,テーオーレガシー,牡5,58.0,藤岡佑介,1:48.0,3.1/2,17.0,6.0,498(-20),[西] 宮徹,202510010110
15,7,14,サハラヴァンクール,牡7,58.0,荻野極,1:48.1,クビ,92.6,14.0,484(+2),[東] 和田勇介,202510010110
16,8,15,インテンソ,牡5,58.0,池添謙一,1:48.5,2.1/2,34.6,12.0,490(+2),[西] 松永幹夫,202510010110
1,2,3,フェアエールング,牝5,53.0,丹内祐次,1:58.4,,14.4,7.0,456(+12),[東] 和田正一,202510010111
1,4,7,シンティレーション,牝6,55.0,杉原誠人,1:58.4,同着,7.8,3.0,478(+2),[東] 池上昌和,202510010111
3,7,14,コガネノソラ,牝4,55.0,横山武史,1:58.6,1,12.4,5.0,460(+14),[東] 菊沢隆徳,202510010111
4,6,12,オーロラエックス,牝4,51.0,松山弘平,1:58.6,1/2,3.7,2.0,490(0),[西] 杉山晴紀,202510010111
5,4,8,エミュー,牝5,53.0,佐々木大,1:58.7,クビ,164.7,18.0,434(+2),[東] 和田正一,202510010111
6,5,9,クイーンズウォーク,牝4,55.5,川田将雅,1:58.7,ハナ,3.5,1.0,534(+10),[西] 中内田充,202510010111
7,3,6,キミノナハマリア,牝5,54.0,鮫島克駿,1:58.8,1/2,14.3,6.0,504(-2),[西] 千田輝彦,202510010111
8,7,13,セントカメリア,牝6,53.0,北村友一,1:58.8,アタマ,52.3,14.0,460(-2),[西] 高野友和,202510010111
9,8,16,コスタボニータ,牝6,56.0,藤岡佑介,1:58.8,クビ,15.9,8.0,474(-8),[西] 杉山佳明,202510010111
10,1,1,エンパイアウエスト,牝6,53.0,丸山元気,1:58.8,ハナ,42.9,10.0,504(-6),[東] 黒岩陽一,202510010111
11,8,18,ゴールドエクリプス,牝6,52.0,田口貫太,1:59.1,1.1/2,43.3,11.0,498(0),[西] 大久保龍,202510010111
12,6,11,エリカヴィータ,牝6,53.0,池添謙一,1:59.2,3/4,85.9,15.0,466(+2),[東] 国枝栄,202510010111
13,7,15,コンクシェル,牝5,55.0,岩田望来,1:59.3,3/4,44.4,12.0,476(+4),[西] 清水久詞,202510010111
14,5,10,アスコルティアーモ,牝5,54.0,津村明秀,1:59.5,1,21.8,9.0,456(+4),[東] 林徹,202510010111
15,2,4,グランスラムアスク,牝6,52.0,荻野極,2:00.0,2.1/2,91.5,16.0,466(-10),[西] 矢作芳人,202510010111
16,8,17,アリスヴェリテ,牝5,53.0,柴田裕一,2:00.2,1.1/4,9.7,4.0,470(0),[西] 中竹和也,202510010111
17,1,2,ベリーヴィーナス,牝6,52.0,藤懸貴志,2:00.9,4,98.3,17.0,504(-6),[西] 鈴木孝志,202510010111
18,3,5,ワレハウミノコ,牝5,50.0,永島まな,2:01.9,6,46.7,13.0,458(-10),[西] 武英智,202510010111
1,1,1,ミッキースピネル,牝4,55.0,川田将雅,1:47.5,,2.6,1.0,482(0),[西] 中内田充,202510010112
2,3,5,イリスレーン,牝5,54.0,永島まな,1:47.7,3/4,14.1,6.0,476(+2),[西] 清水久詞,202510010112
3,3,6,コスモレオナルド,牡4,57.0,横山武史,1:47.8,1/2,3.5,2.0,456(0),[東] 鹿戸雄一,202510010112
4,6,11,オリーボーレン,牝4,55.0,藤岡佑介,1:47.8,クビ,14.4,7.0,456(-6),[西] 藤岡健一,202510010112
5,2,4,ヴィスマール,牡4,57.0,北村友一,1:47.9,3/4,10.2,5.0,452(+18),[西] 奥村豊,202510010112
6,2,3,ジーゲル,セ4,57.0,佐々木大,1:48.0,クビ,7.5,3.0,404(+2),[東] 田中博康,202510010112
7,6,12,ニホンピロマリブ,牡7,54.0,河原田菜,1:48.4,2.1/2,160.5,11.0,446(-4),[西] 安達昭夫,202510010112
7,7,13,サンウリエル,牡4,57.0,長岡禎仁,1:48.4,同着,23.0,8.0,480(-2),[西] 宮本博,202510010112
9,5,10,ニシノコマチムスメ,牝4,55.0,杉原誠人,1:48.4,クビ,298.1,14.0,436(+12),[東] 松山将樹,202510010112
10,5,9,マイバラード,牡5,58.0,丸山元気,1:48.7,1.3/4,50.1,9.0,482(-2),[東] 松永康利,202510010112
11,4,7,マルクパージュ,牝5,53.0,川端海翼,1:48.9,1.1/4,245.7,13.0,418(-6),[西] 斉藤崇史,202510010112
12,7,14,フォルテフィオーレ,牡4,57.0,鮫島克駿,1:49.0,クビ,8.0,4.0,448(0),[東] 上原佑紀,202510010112
13,1,2,サンライズタイソン,牡5,57.0,小沢大仁,1:49.0,アタマ,164.2,12.0,422(0),[西] 平田修,202510010112
14,4,8,アポロルタ,牝6,56.0,菊沢一樹,1:49.2,1,349.1,15.0,458(+8),[東] 村田一誠,202510010112
15,8,16,リメリック,牡4,57.0,丹内祐次,1:49.3,1/2,147.7,10.0,458(0),[東] 宗像義忠,202510010112
16,8,15,カシノインディード,牡5,55.0,石田拓郎,1:49.3,ハナ,501.6,16.0,484(+8),[東] 天間昭一,202510010112
1,1,1,サンコンクエスト,牝3,55.0,斎藤新,1:48.1,,1.9,1.0,532(-6),[西] 渡辺薫彦,202510010201
2,8,12,ルージュラティーナ,牝3,55.0,荻野極,1:48.2,クビ,6.0,4.0,490(0),[西] 池江泰寿,202510010201
3,5,6,インマイブラッド,牝3,54.0,小沢大仁,1:48.5,1.3/4,76.7,12.0,418(-4),[西] 中尾秀正,202510010201
4,4,5,ヨドギミ,牝3,55.0,丹内祐次,1:48.8,1.3/4,25.2,5.0,472(-6),[西] 中村直也,202510010201
5,6,9,ミルキーハニー,牝3,52.0,石田拓郎,1:49.1,2,71.7,10.0,476(+8),[東] 尾形和幸,202510010201
6,6,8,ネトル,牝3,53.0,永島まな,1:49.1,ハナ,5.3,2.0,384(-2),[西] 高橋康之,202510010201
7,2,2,フルセンド,牝3,52.0,今村聖奈,1:49.2,アタマ,44.6,8.0,470(-4),[西] 福永祐一,202510010201
8,7,10,ルージュミラージュ,牝3,55.0,佐々木大,1:49.4,1.1/4,5.4,3.0,444(-2),[西] 武幸四郎,202510010201
9,3,3,アニラ,牝3,51.0,小林美駒,1:49.6,1.1/2,48.1,9.0,442(-2),[西] 松下武士,202510010201
10,4,4,エファルジェント,牝3,55.0,菊沢一樹,1:50.1,3,74.8,11.0,436(+16),[東] 堀内岳志,202510010201
11,8,13,マンノデュエット,牝3,52.0,柴田裕一,1:50.1,アタマ,25.3,6.0,502(+6),[西] 中竹和也,202510010201
12,5,7,ラトラディシオン,牝3,51.0,河原田菜,1:50.6,3,235.0,13.0,500(+4),[東] 小手川準,202510010201
13,7,11,ジャスミン,牝3,52.0,川端海翼,1:51.2,3.1/2,30.2,7.0,456(-4),[西] 浜田多実,202510010201
1,7,13,フウセツ,牡3,57.0,丸山元気,1:09.1,,2.2,2.0,484(+4),[東] 鈴木慎太,202510010202
2,2,3,ベイビーキッス,牝3,55.0,菊沢一樹,1:09.2,アタマ,13.9,4.0,450(+6),[東] 青木孝文,202510010202
3,2,4,ジーティーエスピ,牡3,57.0,藤岡佑介,1:09.3,1/2,2.1,1.0,470(0),[西] 中村直也,202510010202
4,7,14,スネーフリンガ,牝3,55.0,長岡禎仁,1:10.1,5,85.1,10.0,450(-2),[西] 森田直行,202510010202
5,1,1,ラブカマクフィー,牝3,55.0,中井裕二,1:10.2,クビ,271.1,17.0,426(0),[東] 田島俊明,202510010202
6,3,6,ダイユウボンバー,牝3,55.0,黛弘人,1:10.2,クビ,112.3,11.0,430(-8),[東] 松永康利,202510010202
7,1,2,コトリノウタウウタ,牝3,52.0,川端海翼,1:10.4,1.1/4,139.9,14.0,420(+2),[西] 庄野靖志,202510010202
8,4,7,オーシンブーケ,牝3,55.0,斎藤新,1:10.6,1,38.3,7.0,438(0),[東] 斎藤誠,202510010202
9,3,5,クリノウィリアム,牡3,57.0,国分恭介,1:10.8,1.1/2,31.1,6.0,466(+14),[西] 畑端省吾,202510010202
10,5,9,パドメ,牝3,51.0,河原田菜,1:10.9,1/2,13.4,3.0,484(-2),[西] 清水久詞,202510010202
11,8,15,ハツヒノデ,牝3,52.0,今村聖奈,1:11.1,1.1/4,123.5,12.0,448(-4),[西] 笹田和秀,202510010202
12,8,16,シカレ,牝3,52.0,古川奈穂,1:11.1,アタマ,158.6,15.0,418(+2),[西] 矢作芳人,202510010202
13,6,12,ゼンダントモニ,牡3,54.0,柴田裕一,1:11.6,3,62.5,9.0,472(+2),[西] 角田晃一,202510010202
14,8,17,デルタウェーブ,牝3,55.0,佐々木大,1:11.9,1.1/2,21.9,5.0,460(+6),[西] 西園翔太,202510010202
15,6,11,ブラックエトワール,牝3,52.0,石田拓郎,1:12.2,2,48.8,8.0,444(-4),[東] 新開幸一,202510010202
16,4,8,フェスティヴイリス,牝3,55.0,丹内祐次,1:12.2,クビ,125.2,13.0,392(-2),[東] 清水英克,202510010202
17,5,10,プレミアムハニー,牝3,51.0,小林美駒,1:12.4,3/4,248.4,16.0,420(-6),[東] 鈴木伸尋,202510010202
1,2,2,サンディブロンド,牝4,56.0,丸山元気,0:59.3,,5.7,3.0,486(+6),[東] 鈴木慎太,202510010203
2,3,4,ミッキースピナッチ,牡5,58.0,池添謙一,0:59.4,1/2,4.0,2.0,518(+6),[西] 音無秀孝,202510010203
3,6,10,シリウス,牡4,55.0,柴田裕一,0:59.5,3/4,5.8,5.0,466(+8),[西] 石坂公一,202510010203
4,5,7,サザンレイク,牝5,56.0,佐々木大,0:59.8,2,39.1,9.0,494(-2),[東] 根本康広,202510010203
5,7,12,ティーラミレス,牝5,53.0,石田拓郎,1:00.0,1.1/4,14.4,6.0,460(+12),[東] 辻哲英,202510010203
6,8,13,スノーホルンロード,セ6,56.0,永島まな,1:00.1,クビ,3.7,1.0,514(+4),[東] 清水英克,202510010203
7,8,14,カフジヴィオレッタ,牝7,56.0,国分恭介,1:00.3,1.1/4,189.2,14.0,490(0),[西] 森田直行,202510010203
8,1,1,バッファローライズ,牡4,56.0,小林脩斗,1:00.3,クビ,110.6,13.0,508(+4),[東] 伊藤圭三,202510010203
9,3,3,アイリッシュパール,牝5,53.0,石神深道,1:00.5,1.1/4,35.8,8.0,480(0),[東] 森一誠,202510010203
10,5,8,キャンドルベリー,牝6,53.0,川端海翼,1:00.5,アタマ,76.5,12.0,426(-6),[東] 千葉直人,202510010203
11,4,5,ニシノルミリオン,牡4,58.0,菊沢一樹,1:00.6,クビ,44.2,10.0,484(+20),[東] 武藤善則,202510010203
12,6,9,カップッチョ,牡8,58.0,黛弘人,1:00.7,3/4,30.2,7.0,504(+12),[東] 石毛善彦,202510010203
13,4,6,マサレエトワール,牝4,55.0,松本大輝,1:01.0,1.3/4,5.8,4.0,488(0),[西] 安田翔伍,202510010203
14,7,11,ケイパブル,牝5,52.0,小林美駒,1:02.0,6,70.9,11.0,470(+10),[東] 天間昭一,202510010203
1,7,10,モントライゼ,牡7,60.0,高田潤,3:10.4,,3.8,2.0,522(+6),[西] 松永幹夫,202510010204
2,8,12,ホウオウエクレール,牡8,60.0,小牧加矢,3:10.6,1.1/4,13.2,4.0,504(-8),[西] 宮徹,202510010204
3,6,7,マイネルメサイア,牡6,60.0,上野翔,3:11.7,7,7.7,3.0,486(+8),[東] 水野貴広,202510010204
4,4,4,トラファルガー,セ5,60.0,石神深一,3:11.8,1/2,1.6,1.0,502(+4),[東] 加藤和宏,202510010204
5,1,1,ジーククローネ,セ5,60.0,草野太郎,3:11.9,3/4,23.3,5.0,452(+6),[東] 宮田敬介,202510010204
6,8,11,ポリトナリティー,牝4,57.0,難波剛健,3:15.5,大,53.7,9.0,418(+8),[東] 和田雄二,202510010204
7,3,3,チュウワエース,牡6,57.0,土田真翔,3:16.5,6,43.3,8.0,474(+8),[東] 栗田徹,202510010204
8,7,9,ハイラブハンター,牡7,60.0,小野寺祐,3:17.1,3.1/2,116.9,10.0,492(0),[西] 谷潔,202510010204
9,2,2,ボルタドマール,セ6,60.0,伴啓太,3:17.2,クビ,27.2,6.0,518(-2),[東] 黒岩陽一,202510010204
10,6,8,ミスターブリーズ,牡6,60.0,大江原圭,3:19.0,大,158.8,12.0,500(+10),[東] 天間昭一,202510010204
11,5,5,バルミュゼット,牡6,60.0,森一馬,3:23.1,大,33.1,7.0,536(-12),[西] 藤野健太,202510010204
中,5,6,マイモーメント,セ5,60.0,中村将之,,,131.2,11.0,500(-6),[東] 大和田成,202510010204
1,7,15,ムイ,牝3,52.0,今村聖奈,1:09.0,,7.5,4.0,468(0),[西] 笹田和秀,202510010205
2,3,5,クロスレジーナ,牝3,55.0,藤懸貴志,1:09.1,クビ,5.2,2.0,422(0),[西] 高橋亮,202510010205
3,8,18,タマカヅラ,牝3,55.0,丸田恭介,1:09.1,ハナ,22.8,7.0,416(0),[東] 斎藤誠,202510010205
4,2,4,デボラ,牝3,55.0,国分恭介,1:09.2,クビ,2.9,1.0,458(0),[西] 西園正都,202510010205
5,8,17,メイショウマチルダ,牝3,55.0,中井裕二,1:09.6,2.1/2,25.9,9.0,452(0),[西] 鈴木孝志,202510010205
6,1,2,ルアスカリーン,牝3,53.0,小林脩斗,1:09.6,クビ,34.5,11.0,442(0),[西] 藤岡健一,202510010205
7,7,14,ボルセーナ,牝3,52.0,石神深道,1:09.8,1.1/4,23.9,8.0,452(0),[西] 奥村豊,202510010205
8,5,9,ハイダウェイ,牡3,57.0,黛弘人,1:10.0,1.1/4,183.4,18.0,458(0),[東] 伊藤伸一,202510010205
9,6,12,ケンブリッジラブ,牝3,54.0,松本大輝,1:10.2,1.1/4,121.7,17.0,434(0),[西] 本田優,202510010205
10,7,13,サンライズロンドン,牡3,57.0,斎藤新,1:10.2,ハナ,28.7,10.0,482(0),[西] 浜田多実,202510010205
11,5,10,ラベルエラベット,牝3,55.0,池添謙一,1:10.4,1.1/4,18.5,6.0,414(0),[東] 畠山吉宏,202510010205
12,4,8,ケイアイワカポノ,牡3,57.0,丹内祐次,1:11.1,4,5.6,3.0,480(0),[西] 西村真幸,202510010205
13,6,11,テイエムドレミラン,牡3,57.0,荻野琢真,1:11.1,ハナ,58.0,14.0,494(0),[西] 木原一良,202510010205
14,1,1,シャインモノリス,牡3,57.0,太宰啓介,1:11.2,クビ,98.4,16.0,456(0),[西] 本田優,202510010205
15,8,16,ルックアップトゥー,牝3,53.0,永島まな,1:11.8,3.1/2,41.4,12.0,394(0),[西] 小栗実,202510010205
16,2,3,フェアーメロディ,牝3,54.0,小沢大仁,1:12.2,2.1/2,45.1,13.0,444(0),[西] 高橋義忠,202510010205
17,4,7,クリノクイーン,牝3,51.0,小林美駒,1:12.4,1,76.7,15.0,424(0),[西] 荒川義之,202510010205
18,3,6,メロディーロード,牝3,55.0,川又賢治,1:14.2,大,13.7,5.0,472(0),[西] 寺島良,202510010205
1,6,11,ニホンピロデヴィン,牡3,56.0,小沢大仁,2:01.8,,5.3,3.0,436(0),[西] 緒方努,202510010206
2,2,4,コスモグローリー,牡3,57.0,秋山稔樹,2:01.9,1,7.1,4.0,458(-2),[西] 北出成人,202510010206
3,1,1,フララナキラ,牡3,57.0,丸山元気,2:01.9,クビ,27.6,9.0,454(-6),[西] 田中克典,202510010206
4,8,16,ジャストキングダム,牡3,54.0,橋木太希,2:02.1,3/4,20.7,7.0,550(-4),[西] 高橋康之,202510010206
5,4,8,シャインフリーリー,牡3,57.0,黛弘人,2:02.2,3/4,221.1,17.0,464(-12),[東] 矢嶋大樹,202510010206
6,4,7,サミダレナイツ,牡3,54.0,柴田裕一,2:02.4,1.1/2,20.9,8.0,484(-2),[西] 谷潔,202510010206
7,8,17,ヴォイスオブゼウス,牡3,57.0,藤岡佑介,2:02.4,ハナ,4.4,2.0,458(-10),[西] 矢作芳人,202510010206
8,3,6,サッカレッロ,牝3,53.0,永島まな,2:02.4,アタマ,33.9,10.0,440(+4),[西] 坂口智康,202510010206
9,3,5,シャインバオバブ,牡3,57.0,太宰啓介,2:02.5,アタマ,97.1,13.0,494(-4),[西] 本田優,202510010206
10,2,3,ハクサンテュポン,牡3,54.0,石田拓郎,2:02.5,クビ,135.0,16.0,496(-4),[東] 新開幸一,202510010206
11,6,12,プレデスティナーレ,牡3,57.0,菊沢一樹,2:02.6,クビ,11.3,6.0,456(-2),[西] 北出成人,202510010206
12,5,10,オラリオン,牡3,54.0,川端海翼,2:02.6,クビ,112.7,15.0,482(+4),[西] 高橋一哉,202510010206
13,5,9,ゴッドヴァレー,牡3,57.0,斎藤新,2:02.6,ハナ,7.7,5.0,474(+2),[西] 渡辺薫彦,202510010206
14,1,2,メイショウハリソン,牡3,57.0,国分恭介,2:02.7,クビ,4.2,1.0,480(0),[西] 石橋守,202510010206
15,7,13,ヴァシーオ,牝3,55.0,丹内祐次,2:02.9,1,47.3,12.0,466(+2),[東] 西田雄一,202510010206
16,7,14,ルロワ,牝3,55.0,荻野極,2:03.2,2,102.9,14.0,426(0),[東] 上原佑紀,202510010206
17,8,15,ヒットザノート,牝3,55.0,佐々木大,2:07.0,大,45.5,11.0,450(-10),[西] 奥村豊,202510010206
1,1,1,ゲンジ,牡3,53.0,小林美駒,1:48.9,,6.9,4.0,432(+20),[東] 尾形和幸,202510010207
2,8,14,ウインリベラシオン,牡3,57.0,長岡禎仁,1:49.5,3.1/2,19.0,8.0,482(+2),[西] 緒方努,202510010207
3,6,10,ヴォルヴァ,牝3,52.0,石田拓郎,1:49.6,1/2,14.0,7.0,416(-4),[東] 尾形和幸,202510010207
4,6,9,ベルサ,牝3,53.0,永島まな,1:49.8,1.1/2,11.6,6.0,458(+8),[西] 鈴木孝志,202510010207
5,3,3,アットワンス,牡3,57.0,佐々木大,1:49.9,3/4,26.4,9.0,448(0),[西] 長谷川浩,202510010207
6,5,8,ジョウショーサクラ,牝3,52.0,柴田裕一,1:49.9,アタマ,225.6,14.0,442(-12),[西] 中尾秀正,202510010207
7,3,4,ピジョンポイント,牡3,57.0,黛弘人,1:50.0,クビ,8.1,5.0,486(-2),[東] 岩戸孝樹,202510010207
8,2,2,シュエットアムール,牝3,53.0,小林脩斗,1:50.0,クビ,100.9,12.0,422(-2),[東] 西田雄一,202510010207
9,4,6,ヴァルチャースター,牡3,57.0,池添謙一,1:50.0,アタマ,4.0,1.0,428(-12),[西] 池添学,202510010207
10,4,5,パリモード,牝3,55.0,的場勇人,1:50.2,1,65.6,10.0,416(-4),[東] 的場均,202510010207
11,8,13,メイショウピリカ,牝3,55.0,太宰啓介,1:50.5,1.1/2,127.8,13.0,472(-6),[西] 本田優,202510010207
12,5,7,ウインアレース,牡3,57.0,丹内祐次,1:50.8,1.3/4,4.9,3.0,474(-4),[東] 畠山吉宏,202510010207
13,7,12,ニシノカスガイ,牝3,55.0,菊沢一樹,1:50.8,クビ,85.5,11.0,402(-10),[東] 村田一誠,202510010207
14,7,11,ブラックダイヤ,牝3,54.0,小沢大仁,1:51.5,4,4.1,2.0,426(-14),[西] 杉山晴紀,202510010207
1,1,1,ソウルアンドジャズ,牡4,57.0,丹内祐次,2:32.0,,9.9,5.0,504(+18),[東] 武井亮,202510010208
2,2,2,アイファーキャップ,牡4,57.0,藤懸貴志,2:33.5,9,40.2,12.0,462(+4),[西] 鮫島一歩,202510010208
3,5,6,レグロスヴァーグ,牡4,57.0,荻野極,2:34.1,3.1/2,39.7,11.0,520(-2),[西] 鈴木孝志,202510010208
4,7,10,アスクヒロイズガイ,牡4,57.0,斎藤新,2:34.3,1,14.3,6.0,484(-8),[西] 野中賢二,202510010208
5,8,12,サトノレイズ,牡4,57.0,佐々木大,2:34.5,1.1/4,7.9,4.0,456(-18),[東] 萩原清,202510010208
6,8,13,シーリュウシー,牡4,56.0,小沢大仁,2:34.7,1.1/2,3.7,1.0,508(+4),[西] 岡田稲男,202510010208
7,5,7,リアンクトワ,牝4,52.0,柴田裕一,2:34.9,1.1/4,22.3,10.0,438(-10),[西] 辻野泰之,202510010208
8,4,5,ヒットアンドロール,牡4,54.0,石田拓郎,2:35.1,1.1/4,15.7,7.0,450(+4),[東] 宗像義忠,202510010208
9,6,9,ダンツドール,牝4,55.0,藤岡佑介,2:35.4,1.1/2,4.2,2.0,454(-14),[西] 四位洋文,202510010208
10,3,3,テイクザクラウン,牡4,57.0,川又賢治,2:35.6,1.1/4,16.8,8.0,440(0),[西] 吉村圭司,202510010208
11,7,11,インジケーター,牡4,54.0,橋木太希,2:35.7,クビ,235.0,13.0,488(-10),[西] 高橋康之,202510010208
12,6,8,ダブルジャッジ,牡4,57.0,池添謙一,2:36.6,5,5.6,3.0,504(-2),[西] 笹田和秀,202510010208
13,4,4,サンノーブル,セ4,56.0,松本大輝,2:38.2,10,19.1,9.0,474(-6),[西] 谷潔,202510010208
1,2,3,ニシノピウモッソ,牡5,58.0,丹内祐次,1:08.5,,2.7,2.0,470(+4),[東] 西田雄一,202510010209
2,1,2,ドランクマン,牡4,58.0,松本大輝,1:08.8,1.3/4,37.8,9.0,466(+8),[西] 新谷功一,202510010209
3,8,16,キーウェーブ,牡4,58.0,藤岡佑介,1:08.9,3/4,20.3,4.0,434(+12),[西] 宮地貴稔,202510010209
4,4,7,ルクスアドラー,牡4,58.0,佐々木大,1:08.9,アタマ,34.3,8.0,462(+2),[西] 須貝尚介,202510010209
5,3,5,ブライトアゲイン,牝4,56.0,川又賢治,1:08.9,ハナ,30.1,6.0,476(-4),[西] 森秀行,202510010209
6,2,4,シアター,牝4,56.0,柴田裕一,1:08.9,ハナ,23.2,5.0,440(+14),[西] 茶木太樹,202510010209
7,4,8,ペルフェツィオーネ,牡4,58.0,斎藤新,1:08.9,アタマ,41.2,11.0,470(+12),[西] 杉山佳明,202510010209
8,7,15,ロードマイライフ,牡4,58.0,長岡禎仁,1:09.0,クビ,2.2,1.0,518(+12),[西] 杉山晴紀,202510010209
9,3,6,ウインアステロイド,牡8,58.0,丸山元気,1:09.0,ハナ,33.7,7.0,466(+10),[東] 和田正一,202510010209
10,8,17,パクスロマーナ,牝5,56.0,荻野琢真,1:09.1,クビ,378.1,18.0,436(+14),[西] 藤沢則雄,202510010209
11,5,10,ソアラ,牝5,56.0,橋木太希,1:09.2,1/2,258.3,17.0,492(-6),[西] 高橋康之,202510010209
12,7,13,シンデレラスマイル,牝5,56.0,丸田恭介,1:09.2,クビ,90.1,14.0,454(+8),[東] 武藤善則,202510010209
13,1,1,ニシノアヤカゼ,牝4,56.0,小林美駒,1:09.2,ハナ,129.5,16.0,460(+4),[東] 鈴木伸尋,202510010209
14,6,12,ブルボンクイーン,牝4,56.0,国分恭介,1:09.2,ハナ,10.6,3.0,472(+10),[西] 角田晃一,202510010209
15,6,11,テンプーシャオン,牡5,58.0,菊沢一樹,1:09.2,クビ,42.9,12.0,450(+12),[東] 和田勇介,202510010209
16,7,14,ハレアカラフラ,牝5,56.0,永島まな,1:09.3,1/2,39.3,10.0,474(0),[西] 音無秀孝,202510010209
17,8,18,ルージュアマルフィ,牝5,56.0,荻野極,1:09.4,1/2,93.2,15.0,484(+6),[東] 鹿戸雄一,202510010209
18,5,9,レガテアドール,牡4,58.0,池添謙一,1:09.7,1.3/4,43.9,13.0,430(+12),[西] 吉田直弘,202510010209
1,2,3,グランアルティスタ,牡4,57.0,佐々木大,2:39.7,,7.0,3.0,524(+4),[西] 寺島良,202510010210
2,2,4,ヴォランテ,牡5,58.0,松本大輝,2:39.7,ハナ,197.2,16.0,464(-10),[西] 羽月友彦,202510010210
3,3,6,オルトパラティウム,牡4,57.0,斎藤新,2:39.9,1.1/4,4.3,2.0,508(-8),[西] 安田翔伍,202510010210
4,8,15,トロピカルライト,牝5,56.0,丸田恭介,2:40.0,1,18.4,6.0,482(+4),[東] 宗像義忠,202510010210
5,1,2,タガノバルコス,牡6,58.0,荻野琢真,2:40.1,クビ,158.3,15.0,478(-10),[西] 鮫島一歩,202510010210
6,6,11,ウインマイルート,牡6,58.0,丹内祐次,2:40.2,1/2,7.5,4.0,454(-6),[東] 鈴木慎太,202510010210
7,3,5,スピーディブレイク,牡5,58.0,長岡禎仁,2:40.2,クビ,10.2,5.0,452(-4),[東] 村田一誠,202510010210
8,1,1,ゴージョニーゴー,牡4,57.0,藤岡佑介,2:40.2,クビ,2.1,1.0,518(+4),[西] 四位洋文,202510010210
9,7,14,ニシノコウフク,牝5,56.0,丸山元気,2:40.3,クビ,47.0,7.0,466(-18),[東] 伊藤大士,202510010210
10,4,7,パープルクラウド,牡5,58.0,川又賢治,2:40.5,1,59.0,9.0,528(+4),[西] 吉村圭司,202510010210
11,6,12,ナムアミダブツ,牡8,58.0,菊沢一樹,2:40.5,クビ,136.3,14.0,470(+4),[東] 加藤和宏,202510010210
12,4,8,アスカノミライ,牡7,58.0,中井裕二,2:40.7,1,113.0,13.0,524(+6),[西] 宮地貴稔,202510010210
13,5,10,カナオールウェイズ,牡5,58.0,小沢大仁,2:40.7,クビ,67.7,10.0,506(-4),[西] 藤岡健一,202510010210
14,5,9,プラニスフェリオ,牡5,58.0,国分恭介,2:41.0,1.3/4,110.2,12.0,498(-12),[西] 牧浦充徳,202510010210
15,8,16,ボーンイングランデ,牡5,58.0,池添謙一,2:41.8,5,48.0,8.0,470(0),[西] 吉田直弘,202510010210
16,7,13,モズアカボス,牡5,58.0,荻野極,2:53.2,大,109.2,11.0,506(0),[西] 矢作芳人,202510010210
1,8,12,セキトバイースト,牝4,55.0,藤岡佑介,1:46.9,,3.5,1.0,460(+2),[西] 四位洋文,202510010211
2,7,10,マイネルティグレ,牡4,57.0,丹内祐次,1:47.2,1.3/4,5.6,3.0,468(-6),[西] 西園正都,202510010211
3,3,3,マイネルエニグマ,牡7,58.0,黛弘人,1:47.2,アタマ,53.9,11.0,476(+20),[西] 吉田直弘,202510010211
4,5,6,セブンマジシャン,牡5,58.0,斎藤新,1:47.3,クビ,3.9,2.0,498(-2),[西] 高野友和,202510010211
5,8,11,アイスグリーン,牡5,58.0,丸山元気,1:47.6,2,9.0,5.0,488(+2),[西] 池添学,202510010211
6,7,9,ストロングウィル,牡6,58.0,池添謙一,1:47.8,3/4,25.9,7.0,502(-4),[西] 橋口慎介,202510010211
7,1,1,ホウオウスーペリア,牡5,58.0,長岡禎仁,1:47.9,3/4,5.8,4.0,490(+14),[西] 吉岡辰弥,202510010211
8,4,4,サンクフィーユ,牝6,56.0,中井裕二,1:48.0,1/2,39.0,10.0,466(-6),[西] 中内田充,202510010211
9,6,8,エラトー,牝4,55.0,佐々木大,1:48.0,クビ,10.2,6.0,486(-8),[西] 上村洋行,202510010211
10,2,2,メイショウウネビ,牡6,58.0,太宰啓介,1:48.1,1/2,33.2,9.0,498(-4),[西] 本田優,202510010211
11,6,7,ウインリブルマン,牡7,58.0,国分恭介,1:48.2,クビ,71.6,12.0,510(+10),[西] 緒方努,202510010211
12,5,5,ダークエクリプス,牡6,58.0,小沢大仁,1:48.6,2.1/2,30.2,8.0,488(+6),[西] 今野貞一,202510010211
1,6,7,ドッビアーコ,牡4,57.0,佐々木大,1:45.9,,5.9,3.0,562(+24),[西] 奥村豊,202510010212
2,6,6,メイショウクモイ,牡5,58.0,藤岡佑介,1:46.1,1.1/2,23.9,7.0,474(-2),[西] 飯田祐史,202510010212
3,2,2,ノーブルアクト,牝5,53.0,石田拓郎,1:46.2,1/2,4.9,2.0,504(-2),[東] 上原博之,202510010212
4,3,3,セブンスストリート,牡5,56.0,永島まな,1:46.6,2.1/2,8.1,5.0,456(-10),[西] 高橋康之,202510010212
5,4,4,ワイノナオミ,牝4,52.0,川端海翼,1:46.7,クビ,7.5,4.0,454(-8),[西] 畑端省吾,202510010212
6,1,1,アスクハッピーモア,牡4,57.0,丹内祐次,1:46.7,クビ,2.3,1.0,526(-6),[東] 田村康仁,202510010212
7,5,5,ホウオウバローロ,牡4,57.0,斎藤新,1:47.1,2.1/2,95.4,11.0,450(-8),[西] 音無秀孝,202510010212
8,7,9,ピカレスクノベル,牡4,57.0,秋山稔樹,1:47.1,ハナ,34.0,9.0,504(0),[西] 高橋義忠,202510010212
9,8,11,アイファーファイト,牡6,58.0,藤懸貴志,1:47.3,3/4,27.4,8.0,442(-4),[西] 鮫島一歩,202510010212
10,7,8,ミスサラワク,牝4,52.0,柴田裕一,1:47.6,1.3/4,22.2,6.0,506(+2),[東] 本間忍,202510010212
11,8,10,リヤンドメテオール,牝5,55.0,小沢大仁,1:48.6,6,35.0,10.0,490(0),[西] 中竹和也,202510010212
1,7,11,フェアリーメドウ,牝3,55.0,古川吉洋,0:59.3,,7.0,5.0,468(-12),[西] 河嶋宏樹,202510010301
2,7,12,シュテルンビルト,牡3,57.0,中井裕二,0:59.4,1/2,5.3,3.0,442(-16),[西] 森田直行,202510010301
3,4,6,マルモリスパークル,牡3,56.0,泉谷楓真,0:59.8,2.1/2,6.3,4.0,472(0),[西] 大橋勇樹,202510010301
4,4,5,ワイルドゴーア,牡3,57.0,丹内祐次,0:59.9,1/2,5.2,2.0,462(+4),[東] 加藤士津,202510010301
5,6,9,キャットデイ,牝3,53.0,永島まな,1:00.0,1/2,8.8,6.0,428(+6),[西] 吉村圭司,202510010301
6,3,3,テーオーテバルディ,牝3,54.0,高杉吏麒,1:00.2,1.1/4,33.0,8.0,454(-4),[西] 藤野健太,202510010301
7,6,10,ナックオリオン,牡3,57.0,斎藤新,1:00.3,3/4,70.5,10.0,466(-6),[東] 杉浦宏昭,202510010301
8,3,4,ジャコエンペラー,牡3,54.0,川端海翼,1:00.4,クビ,448.4,14.0,498(0),[西] 荒川義之,202510010301
9,2,2,ゴッドペイズリー,牡3,57.0,角田大和,1:00.5,1/2,113.5,12.0,492(0),[西] 飯田祐史,202510010301
10,5,8,イオリ,牝3,52.0,石田拓郎,1:00.5,クビ,69.4,9.0,420(-4),[東] 伊藤圭三,202510010301
11,1,1,ルナフェイズ,牝3,55.0,菱田裕二,1:01.1,3.1/2,93.0,11.0,430(0),[西] 新谷功一,202510010301
12,8,14,サファリ,牡3,57.0,鮫島克駿,1:01.8,4,10.6,7.0,462(-4),[西] 浜田多実,202510010301
13,8,13,ミヤマイルス,牝3,55.0,佐々木大,1:02.0,1,3.5,1.0,486(+2),[東] 伊藤圭三,202510010301
14,5,7,ナンゴクトップガン,牡3,57.0,黛弘人,1:02.1,3/4,368.8,13.0,444(+1),[東] 天間昭一,202510010301
1,5,9,トーセンリバーブ,牝3,55.0,菊沢一樹,2:03.8,,4.1,2.0,462(-4),[東] 菊沢隆徳,202510010302
2,7,13,ヨヒーン,牝3,55.0,鮫島克駿,2:04.4,3.1/2,3.5,1.0,464(0),[西] 杉山晴紀,202510010302
3,4,6,エバーグルーヴ,牝3,54.0,高杉吏麒,2:04.4,アタマ,6.8,4.0,414(0),[西] 藤岡健一,202510010302
4,2,2,ウインイルネージュ,牝3,55.0,丹内祐次,2:04.5,3/4,8.1,5.0,424(-6),[東] 和田正一,202510010302
5,4,7,ストレートブラック,牝3,55.0,黛弘人,2:04.6,1/2,5.1,3.0,430(+8),[東] 奥平雅士,202510010302
6,3,5,アロマフェリス,牝3,52.0,川端海翼,2:04.7,1,14.5,7.0,400(-8),[西] 辻野泰之,202510010302
7,8,15,メテオレーナ,牝3,54.0,小沢大仁,2:04.7,クビ,13.4,6.0,428(+4),[西] 中村直也,202510010302
8,3,4,セシアンベリル,牝3,55.0,菱田裕二,2:04.8,クビ,31.2,8.0,420(-4),[西] 武幸四郎,202510010302
9,6,10,サイモンイロハニー,牝3,53.0,永島まな,2:04.8,アタマ,105.7,12.0,406(-10),[西] 谷潔,202510010302
10,1,1,ボナペティアスク,牝3,52.0,古川奈穂,2:04.9,3/4,44.9,10.0,458(+28),[西] 梅田智之,202510010302
11,6,11,タイムレス,牝3,55.0,丸山元気,2:04.9,アタマ,179.8,13.0,442(0),[東] 根本康広,202510010302
12,2,3,オデット,牝3,52.0,柴田裕一,2:05.0,1/2,31.6,9.0,444(-2),[西] 緒方努,202510010302
13,7,12,ジュエリーメモリー,牝3,53.0,小林脩斗,2:05.4,2.1/2,460.5,15.0,366(-2),[東] 粕谷昌央,202510010302
14,5,8,ベルフォン,牝3,55.0,斎藤新,2:05.5,1/2,287.1,14.0,410(-6),[西] 新谷功一,202510010302
15,8,14,アルデムラータ,牝3,55.0,荻野極,2:05.5,クビ,87.2,11.0,406(-4),[東] 村田一誠,202510010302
1,2,4,フラッシング,牡4,57.0,鮫島克駿,1:46.9,,5.0,2.0,488(+6),[西] 牧浦充徳,202510010303
2,7,14,タケノシンセイ,牡4,56.0,高杉吏麒,1:47.0,3/4,14.6,5.0,460(-2),[西] 村山明,202510010303
3,1,1,ナチュラルリバー,牡5,58.0,荻野極,1:47.1,3/4,16.1,7.0,480(+10),[西] 宮地貴稔,202510010303
4,8,15,リュクスドレフォン,牡5,58.0,藤懸貴志,1:47.2,3/4,7.8,3.0,512(-16),[西] 平田修,202510010303
5,3,6,ブリッツクリーク,牡4,57.0,秋山稔樹,1:47.3,クビ,15.2,6.0,520(+10),[西] 北出成人,202510010303
6,2,3,ホウオウシンデレラ,牝4,55.0,菱田裕二,1:47.4,3/4,16.6,8.0,464(+2),[東] 奥村武,202510010303
7,5,10,ガラスノブルース,牡4,57.0,丹内祐次,1:47.4,クビ,9.6,4.0,448(-2),[東] 田村康仁,202510010303
8,3,5,ブエナディオサ,牝6,54.0,小林脩斗,1:47.5,アタマ,212.2,15.0,456(-6),[東] 奥平雅士,202510010303
9,4,7,マーベリックシチー,牡4,54.0,柴田裕一,1:47.5,ハナ,71.2,11.0,466(0),[西] 岡田稲男,202510010303
10,1,2,メイショウカシワデ,牡4,57.0,角田大和,1:47.5,ハナ,2.0,1.0,456(+4),[西] 角田晃一,202510010303
11,7,13,ブルーゴールド,牡5,55.0,石神深道,1:47.7,1.1/4,155.6,13.0,510(+2),[東] 根本康広,202510010303
12,6,11,ウッドショック,牡6,56.0,永島まな,1:47.7,ハナ,63.7,10.0,526(+12),[東] 杉浦宏昭,202510010303
13,6,12,トライデント,牡4,54.0,石田拓郎,1:47.7,クビ,104.2,12.0,506(+2),[東] 新開幸一,202510010303
14,4,8,イモータルソウル,牡7,55.0,川端海翼,1:48.3,3.1/2,187.7,14.0,464(+2),[東] 千葉直人,202510010303
15,5,9,ニンギルス,牡8,58.0,井上敏樹,1:48.8,3,255.6,16.0,470(+14),[西] 鈴木孝志,202510010303
16,8,16,カレンマウラー,牡4,57.0,斎藤新,1:48.9,3/4,35.9,9.0,466(0),[西] 安田翔伍,202510010303
1,1,1,ラエール,牝6,58.0,上野翔,3:10.0,,6.0,3.0,428(-10),[東] 土田稔,202510010304
2,7,10,フリーダムレイン,牡4,59.0,中村将之,3:10.3,1.3/4,18.6,4.0,482(-4),[西] 高橋一哉,202510010304
3,7,9,アメリカンピース,セ7,60.0,小牧加矢,3:10.6,2,1.5,1.0,458(-2),[西] 音無秀孝,202510010304
4,8,12,フレッチア,牡10,60.0,草野太郎,3:11.3,4,3.4,2.0,496(+4),[東] 木村哲也,202510010304
5,6,7,フォーディアライフ,牡4,59.0,石神深一,3:14.2,大,80.5,7.0,532(+12),[東] 矢嶋大樹,202510010304
6,2,2,リードアクトレス,牝4,57.0,小野寺祐,3:15.1,5,149.2,10.0,476(-8),[西] 安達昭夫,202510010304
7,8,11,スズノイナズマ,セ7,60.0,大江原圭,3:15.2,1/2,30.1,5.0,470(-6),[東] 深山雅史,202510010304
8,6,8,スズノレイライン,牡4,59.0,黒岩悠,3:15.5,2,172.0,12.0,514(+10),[西] 平田修,202510010304
9,3,3,ウインメラナイト,牡4,59.0,森一馬,3:16.7,7,31.2,6.0,500(+8),[西] 緒方努,202510010304
10,4,4,バーミリオンクリフ,牡6,60.0,金子光希,3:18.9,大,114.8,8.0,480(-6),[東] 金成貴史,202510010304
11,5,6,トゥラッタッタ,牡4,59.0,江田勇亮,3:20.4,9,129.0,9.0,474(+10),[東] 新開幸一,202510010304
12,5,5,ブレバ,牡5,60.0,田村太雅,3:21.3,5,152.8,11.0,536(0),[西] 中竹和也,202510010304
1,8,11,トーアモルペウス,セ5,60.0,石神深一,3:09.8,,26.2,10.0,488(-2),[東] 辻哲英,202510010305
2,7,9,ミトロジー,セ9,60.0,金子光希,3:10.7,5,11.5,6.0,490(+16),[東] 尾関知人,202510010305
3,1,1,トランシルヴァニア,セ8,60.0,上野翔,3:11.3,3.1/2,3.8,1.0,502(-2),[東] 田中剛,202510010305
4,4,4,スヴァルナ,セ10,62.0,森一馬,3:12.0,4,15.7,8.0,508(-12),[西] 池江泰寿,202510010305
5,5,6,マケルナマサムネ,牡7,60.0,難波剛健,3:12.1,クビ,4.7,3.0,484(+4),[西] 畑端省吾,202510010305
6,2,2,テクネチウム,牡4,59.0,中村将之,3:12.3,1.1/2,21.2,9.0,494(-10),[西] 木原一良,202510010305
7,3,3,ニシノパプルブリリ,牝5,58.0,伴啓太,3:12.4,クビ,9.5,4.0,486(+6),[東] 矢野英一,202510010305
8,6,7,リレーションシップ,牡8,60.0,高田潤,3:12.4,クビ,4.1,2.0,522(0),[西] 斉藤崇史,202510010305
9,6,8,テイエムエメラルド,牝7,58.0,小野寺祐,3:12.5,クビ,11.4,5.0,468(-8),[西] 小椋研介,202510010305
10,5,5,メイショウコホク,セ8,60.0,小坂忠士,3:16.5,大,44.3,11.0,492(-20),[西] 藤沢則雄,202510010305
11,8,12,キタノブレイド,牡6,60.0,草野太郎,3:20.1,大,47.1,12.0,478(+6),[東] 萱野浩二,202510010305
中,7,10,ロンギングバース,セ7,57.0,土田真翔,,,14.4,7.0,464(0),[東] 竹内正洋,202510010305
1,2,3,セサンパ,牝3,55.0,菊沢一樹,1:09.6,,92.0,13.0,430(+2),[西] 寺島良,202510010306
2,5,10,エイシンパンタレイ,牡3,57.0,斎藤新,1:09.8,1.1/4,3.6,1.0,490(-2),[西] 中尾秀正,202510010306
3,8,18,ニューウォーク,牝3,53.0,小林脩斗,1:09.9,1,242.7,14.0,446(0),[東] 粕谷昌央,202510010306
4,6,12,タケノリッチ,牝3,55.0,秋山稔樹,1:09.9,ハナ,30.3,10.0,452(-2),[西] 村山明,202510010306
5,7,14,ベルリネッタ,牡3,57.0,丹内祐次,1:10.0,クビ,5.2,2.0,500(-6),[東] 矢野英一,202510010306
6,5,9,ミルトライディーン,牡3,54.0,柴田裕一,1:10.0,ハナ,14.1,7.0,516(-2),[西] 中竹和也,202510010306
7,3,5,シーオン,牝3,55.0,荻野極,1:10.1,1/2,319.1,15.0,412(+4),[東] 奥平雅士,202510010306
8,6,11,メイショウセツゲツ,牝3,52.0,川端海翼,1:10.1,ハナ,7.0,3.0,478(-4),[西] 高橋義忠,202510010306
9,2,4,ソレイケギンチャン,牝3,51.0,小林美駒,1:10.1,クビ,31.1,11.0,434(+4),[東] 天間昭一,202510010306
10,7,13,ファイブエム,牝3,54.0,小沢大仁,1:10.2,クビ,36.2,12.0,426(-6),[西] 野中賢二,202510010306
11,1,1,トリプレーテ,牡3,57.0,菱田裕二,1:10.3,1/2,7.7,5.0,480(-4),[西] 武英智,202510010306
12,7,15,ダイヤノゴトク,牝3,53.0,永島まな,1:10.3,ハナ,7.0,4.0,444(+4),[西] 小栗実,202510010306
13,8,16,サンライズアレス,牡3,56.0,高杉吏麒,1:10.5,1.1/4,18.4,8.0,550(+12),[西] 音無秀孝,202510010306
14,3,6,コルネイユドール,牝3,55.0,佐々木大,1:10.5,アタマ,29.7,9.0,458(-2),[西] 千田輝彦,202510010306
15,4,7,ルージュカリーナ,牝3,51.0,河原田菜,1:10.5,クビ,10.8,6.0,428(+2),[西] 友道康夫,202510010306
16,4,8,ドラマツルギー,牝3,55.0,古川吉洋,1:11.2,4,322.4,16.0,418(+4),[西] 大根田裕,202510010306
17,1,2,ココロエ,牝3,55.0,黛弘人,1:11.3,1/2,443.1,17.0,402(+8),[東] 本間忍,202510010306
18,8,17,エンジェライト,牝3,52.0,石田拓郎,1:11.3,ハナ,528.1,18.0,384(-2),[東] 加藤和宏,202510010306
1,5,6,バズアップビート,牡3,57.0,鮫島克駿,2:03.5,,2.0,1.0,494(-10),[西] 友道康夫,202510010307
2,7,10,コスモアンソロジー,牡3,57.0,丹内祐次,2:03.8,2,6.8,4.0,456(0),[東] 嘉藤貴行,202510010307
3,6,7,ダノングレイ,牡3,57.0,佐々木大,2:03.9,クビ,6.2,3.0,458(-6),[西] 矢作芳人,202510010307
4,2,2,ビジュードネージュ,牝3,52.0,石田拓郎,2:03.9,アタマ,4.5,2.0,424(-2),[西] 高柳大輔,202510010307
5,1,1,ブレスドナイル,牝3,55.0,秋山稔樹,2:04.0,3/4,19.6,5.0,442(-4),[西] 北出成人,202510010307
6,5,5,ハルノート,牡3,57.0,菊沢一樹,2:04.1,アタマ,29.9,8.0,468(0),[東] 小手川準,202510010307
7,8,11,シャインフリーリー,牡3,57.0,黛弘人,2:04.2,3/4,30.3,9.0,470(+6),[東] 矢嶋大樹,202510010307
8,3,3,ブルーメサイア,牡3,55.0,永島まな,2:04.3,1/2,53.2,10.0,454(-8),[東] 国枝栄,202510010307
9,6,8,ウインヘリオドール,牡3,57.0,丸山元気,2:04.4,3/4,27.8,7.0,500(+6),[西] 梅田智之,202510010307
10,4,4,ヴァシーオ,牝3,51.0,小林美駒,2:04.8,2.1/2,103.9,11.0,466(0),[東] 西田雄一,202510010307
11,7,9,ノーブルグレイド,牝3,55.0,高倉稜,2:05.4,3.1/2,22.4,6.0,468(-4),[西] 宮本博,202510010307
12,8,12,シーアンドスカイ,牡3,57.0,角田大和,2:07.0,10,128.2,12.0,470(0),[西] 吉村圭司,202510010307
1,4,7,ナムララジベラ,牝5,54.0,小林脩斗,1:48.4,,13.3,6.0,478(+4),[東] 石栗龍彦,202510010308
2,2,4,マイネルバーテクス,牡4,57.0,角田大和,1:48.6,1.1/4,7.3,5.0,516(-4),[東] 水野貴広,202510010308
3,1,1,ニシノインヴィクタ,牡4,53.0,小林美駒,1:49.0,2.1/2,5.2,3.0,516(+4),[東] 本間忍,202510010308
4,5,9,クインズステラ,牝6,53.0,石神深道,1:49.0,クビ,35.2,10.0,466(0),[東] 池上昌和,202510010308
5,5,10,キタサンダムール,牝5,53.0,古川奈穂,1:49.1,1/2,6.6,4.0,484(-12),[西] 清水久詞,202510010308
6,3,6,マベルシュシュット,牝4,54.0,泉谷楓真,1:49.2,アタマ,71.7,14.0,460(-6),[西] 今野貞一,202510010308
7,3,5,ルミエールドゥース,牝4,55.0,秋山稔樹,1:49.7,3,30.2,8.0,462(-16),[西] 辻野泰之,202510010308
8,1,2,レインメーカー,牡5,57.0,松本大輝,1:49.7,ハナ,50.3,12.0,450(-4),[西] 安田翔伍,202510010308
9,2,3,タマモランプ,牡4,53.0,河原田菜,1:50.2,3,4.7,2.0,458(-10),[西] 池添学,202510010308
10,6,11,マイネルレグルス,牡4,56.0,高杉吏麒,1:50.3,1/2,33.9,9.0,492(-12),[東] 矢嶋大樹,202510010308
11,7,14,コスモカノア,牝4,52.0,川端海翼,1:50.3,クビ,44.4,11.0,376(+4),[東] 大和田成,202510010308
12,7,13,カシノインディード,牡5,55.0,石田拓郎,1:50.7,2,141.9,15.0,480(-4),[東] 天間昭一,202510010308
13,8,15,トウロウノオノ,牝5,53.0,橋木太希,1:50.7,アタマ,317.6,16.0,436(+6),[東] 竹内正洋,202510010308
14,4,8,ルージュクレセント,牝5,53.0,柴田裕一,1:50.7,クビ,51.1,13.0,454(+2),[西] 宮地貴稔,202510010308
15,6,12,ジーゲル,セ4,57.0,斎藤新,1:51.1,2.1/2,3.8,1.0,404(0),[東] 田中博康,202510010308
16,8,16,パシフィックハイツ,牝4,53.0,永島まな,1:52.0,5,19.3,7.0,458(-4),[東] 武井亮,202510010308
1,6,11,カマチョクイン,牝5,56.0,菱田裕二,1:45.1,,5.8,3.0,462(-8),[西] 橋口慎介,202510010309
2,3,6,タガノアレハンドラ,牝5,56.0,国分恭介,1:45.8,4,10.0,6.0,498(-2),[西] 西園翔太,202510010309
2,7,14,ルナビス,牝5,56.0,丸山元気,1:45.8,同着,5.0,2.0,476(-12),[西] 森田直行,202510010309
4,3,5,ランスオブサターン,牝5,56.0,松本大輝,1:46.1,1.1/2,16.1,7.0,442(-10),[西] 本田優,202510010309
5,8,15,ミヤジレガリア,牝5,56.0,鮫島克駿,1:46.3,1,3.5,1.0,498(-4),[西] 鈴木孝志,202510010309
6,4,8,ワイルドベティ,牝6,56.0,小沢大仁,1:46.3,ハナ,48.3,11.0,422(-2),[西] 今野貞一,202510010309
7,4,7,メイショウリリー,牝4,55.0,川端海翼,1:46.3,アタマ,23.4,8.0,436(+10),[西] 高橋義忠,202510010309
8,7,13,スマートプレシャス,牝4,55.0,田中健,1:46.5,1.1/2,58.5,12.0,502(0),[西] 中村直也,202510010309
9,5,10,ルージュシュエット,牝4,55.0,黛弘人,1:46.7,1.1/2,93.2,16.0,464(+6),[西] 矢作芳人,202510010309
10,6,12,バガリーロータス,牝4,55.0,高杉吏麒,1:46.8,クビ,43.4,10.0,456(-2),[西] 石坂公一,202510010309
11,2,4,メジャーデビュー,牝4,55.0,丹内祐次,1:46.8,クビ,7.6,4.0,446(+8),[東] 鈴木慎太,202510010309
12,1,1,メイショウコボケ,牝5,56.0,古川吉洋,1:46.9,クビ,67.1,14.0,504(+4),[西] 河内洋,202510010309
13,1,2,タガノチョコラータ,牝5,56.0,角田大和,1:47.3,2,89.0,15.0,502(-8),[西] 角田晃一,202510010309
14,5,9,ツインビスケッツ,牝5,56.0,石田拓郎,1:47.5,1.1/4,32.4,9.0,462(+8),[東] 新開幸一,202510010309
15,2,3,スマートケープ,牝5,56.0,佐々木大,1:49.0,9,8.0,5.0,498(+14),[西] 辻野泰之,202510010309
16,8,16,ブーバー,牝5,56.0,荻野極,1:51.8,大,63.0,13.0,434(0),[東] 新開幸一,202510010309
1,8,14,シャカシャカシー,牡4,58.0,高杉吏麒,0:57.1,,1.4,1.0,522(-10),[西] 茶木太樹,202510010310
2,4,5,アネモス,牝5,56.0,国分恭介,0:57.8,4,35.1,8.0,510(+2),[西] 北出成人,202510010310
3,3,3,パルプフィクション,牝4,56.0,角田大和,0:58.4,3.1/2,12.9,4.0,442(+6),[西] 飯田祐史,202510010310
4,6,9,アスクアイルビゼア,牡4,58.0,古川奈穂,0:58.5,1/2,19.0,5.0,478(+8),[西] 矢作芳人,202510010310
5,6,10,サイレンスゴールド,牡5,58.0,秋山稔樹,0:58.6,1/2,8.2,2.0,518(+4),[西] 杉山佳明,202510010310
6,2,2,キュートヘスティア,牝6,56.0,小沢大仁,0:58.6,クビ,130.0,13.0,462(+4),[東] 辻哲英,202510010310
7,8,13,ヒロノゴウカイ,牡6,58.0,荻野極,0:58.7,1,195.4,14.0,514(+12),[東] 蛯名利弘,202510010310
8,5,7,オースミメッシーナ,牝6,56.0,丸山元気,0:58.8,アタマ,44.3,9.0,454(-2),[西] 宮本博,202510010310
9,3,4,デルマシルフ,牝6,56.0,菱田裕二,0:59.1,1.3/4,8.4,3.0,478(-4),[西] 畑端省吾,202510010310
10,7,11,カリュウ,牝6,56.0,小林美駒,0:59.2,3/4,113.0,12.0,428(+2),[東] 田島俊明,202510010310
11,5,8,ルソレイユ,牡5,58.0,高倉稜,0:59.3,1/2,81.8,10.0,510(+2),[西] 北出成人,202510010310
12,4,6,リーゼントミニー,牝5,56.0,佐々木大,0:59.3,クビ,22.6,6.0,442(+12),[東] 矢嶋大樹,202510010310
13,1,1,バサラ,牝5,56.0,菊沢一樹,0:59.3,クビ,110.5,11.0,454(-2),[東] 伊藤圭三,202510010310
14,7,12,セッテイロク,牝4,56.0,丹内祐次,1:00.2,5,23.7,7.0,434(+2),[東] 竹内正洋,202510010310
1,5,9,フィオライア,牝4,54.0,国分恭介,1:10.0,,6.1,2.0,474(+4),[西] 西園正都,202510010311
2,7,13,シュヴェルトライテ,牝6,53.0,藤懸貴志,1:10.1,1/2,59.5,16.0,446(0),[東] 池上昌和,202510010311
3,7,15,ウォータールグラン,牝6,52.0,古川吉洋,1:10.2,クビ,15.8,7.0,516(-4),[西] 河内洋,202510010311
4,3,6,ロードトレイル,牡4,54.0,高杉吏麒,1:10.4,1.1/4,20.3,11.0,486(-2),[西] 藤岡健一,202510010311
5,2,4,ニシノコウダイ,牡5,55.0,佐々木大,1:10.4,ハナ,15.3,6.0,496(+6),[西] 長谷川浩,202510010311
6,8,16,トーホウディアス,牡7,56.0,角田大和,1:10.4,ハナ,21.3,12.0,468(0),[西] 小栗実,202510010311
7,2,3,シカゴスティング,牝4,54.0,菱田裕二,1:10.4,アタマ,6.5,4.0,446(0),[西] 庄野靖志,202510010311
8,7,14,ドーバーホーク,牡5,56.0,荻野極,1:10.5,3/4,19.8,10.0,480(+4),[東] 清水英克,202510010311
9,8,17,ジャスパーノワール,牡4,57.0,中井裕二,1:10.5,クビ,18.8,8.0,508(-8),[西] 森秀行,202510010311
10,5,10,ナムラローズマリー,牝4,55.0,丹内祐次,1:10.6,クビ,5.3,1.0,462(+14),[西] 羽月友彦,202510010311
11,4,8,メイショウツツジ,牝7,51.0,川端海翼,1:10.6,ハナ,168.4,18.0,436(-8),[西] 木原一良,202510010311
12,1,2,ハピネスアゲン,牝6,53.0,小林脩斗,1:10.7,1/2,12.4,5.0,458(+4),[東] 萱野浩二,202510010311
13,3,5,カフジテトラゴン,牝6,55.0,高倉稜,1:11.0,1.3/4,19.3,9.0,470(-2),[西] 武英智,202510010311
14,8,18,オックスリップ,牝5,53.0,泉谷楓真,1:11.0,クビ,28.5,14.0,466(+2),[西] 杉山晴紀,202510010311
15,1,1,アドヴァイス,牝6,53.0,田中健,1:11.2,1.1/4,52.9,15.0,482(-14),[西] 中村直也,202510010311
16,4,7,サトノグレイト,セ5,54.0,永島まな,1:11.9,4,94.9,17.0,506(+8),[西] 中竹和也,202510010311
17,6,12,タガノシャーンス,牝5,54.0,丸山元気,1:13.3,8,6.3,3.0,450(-8),[西] 中尾秀正,202510010311
18,6,11,ヨーカイディスコ,牝4,53.0,斎藤新,1:13.7,2.1/2,24.0,13.0,484(0),[東] 斎藤誠,202510010311
1,3,5,ラホーヤストーム,牝5,55.0,高杉吏麒,1:11.1,,13.6,5.0,484(+16),[西] 藤野健太,202510010312
2,8,18,マテンロウアネモス,牝5,54.0,小林脩斗,1:11.4,1.3/4,38.4,12.0,462(+20),[東] 久保田貴,202510010312
3,4,7,ブルーアイドガール,牝4,56.0,丹内祐次,1:11.4,アタマ,4.7,1.0,450(+16),[西] 吉岡辰弥,202510010312
4,5,9,ラブカムーン,牝4,52.0,河原田菜,1:11.5,1/2,14.9,6.0,462(0),[西] 千田輝彦,202510010312
5,7,15,セントキルダ,牡4,55.0,古川奈穂,1:11.6,1/2,28.2,11.0,482(+6),[西] 音無秀孝,202510010312
6,3,6,メイショウヤマモモ,牝4,56.0,角田大和,1:11.6,1/2,5.4,3.0,458(0),[西] 高橋亮,202510010312
7,4,8,ベルタソ,牝5,56.0,鮫島克駿,1:11.7,クビ,15.7,7.0,456(-2),[西] 小崎憲,202510010312
8,7,13,レディメローラ,牝5,56.0,丸山元気,1:11.7,ハナ,6.7,4.0,406(-8),[西] 北出成人,202510010312
9,7,14,ルクスパラディ,牝4,56.0,荻野極,1:11.7,ハナ,41.2,14.0,412(+12),[東] 上原佑紀,202510010312
10,8,17,アウクソー,牝5,56.0,秋山稔樹,1:11.9,3/4,40.8,13.0,424(-4),[西] 平田修,202510010312
11,2,4,ホウオウドルーリー,牝4,53.0,柴田裕一,1:12.0,1,5.1,2.0,474(+2),[西] 宮徹,202510010312
12,6,12,ピースフルナイト,牝5,54.0,永島まな,1:12.2,1.1/4,22.0,9.0,396(-8),[西] 高野友和,202510010312
13,2,3,エスペラント,セ6,55.0,石田拓郎,1:12.3,クビ,23.7,10.0,468(+12),[東] 武藤善則,202510010312
14,6,11,ヘキルリ,牝4,56.0,佐々木大,1:12.3,クビ,41.2,15.0,464(+18),[東] 小笠倫弘,202510010312
15,5,10,ノースディーバ,牡5,58.0,斎藤新,1:12.8,3,20.2,8.0,552(+12),[西] 鮫島一歩,202510010312
16,1,2,ポトマックテソーロ,牝4,56.0,中井裕二,1:12.9,クビ,101.5,18.0,424(+2),[東] 嘉藤貴行,202510010312
17,8,16,チカポコ,牝5,55.0,小沢大仁,1:13.4,3.1/2,68.1,16.0,420(0),[西] 西園正都,202510010312
18,1,1,ビスケット,牝5,53.0,石神深道,1:14.0,3.1/2,87.9,17.0,454(-7),[東] 和田正一,202510010312
1,7,12,ローズマイスター,牡3,57.0,佐々木大,1:45.2,,12.7,7.0,514(-6),[東] 黒岩陽一,202510010401
2,3,4,ザハント,牡3,57.0,菱田裕二,1:45.5,2,4.3,2.0,494(0),[西] 田中克典,202510010401
3,3,5,ハナウマビーチ,牡3,57.0,菊沢一樹,1:45.9,2,7.4,4.0,520(+2),[西] 西園翔太,202510010401
4,4,6,サンディエゴ,牡3,57.0,鮫島克駿,1:45.9,クビ,3.8,1.0,488(0),[西] 清水久詞,202510010401
5,5,8,イエローブリック,牡3,57.0,丹内祐次,1:46.0,1/2,9.9,6.0,526(+10),[西] 奥村豊,202510010401
6,5,9,ドバイミッション,牡3,57.0,荻野極,1:46.8,5,42.9,10.0,550(-2),[西] 辻野泰之,202510010401
7,8,15,ショウリュウアサヒ,牡3,57.0,角田大和,1:46.9,クビ,9.9,5.0,460(+8),[西] 四位洋文,202510010401
8,1,1,ハルフロンティア,牡3,57.0,斎藤新,1:46.9,アタマ,13.6,8.0,484(-8),[西] 池添学,202510010401
9,4,7,ニンマリ,牝3,55.0,秋山稔樹,1:47.3,2.1/2,317.3,15.0,418(+8),[西] 谷潔,202510010401
10,7,13,アンノドミニ,牡3,54.0,柴田裕一,1:47.4,1/2,118.1,14.0,442(0),[西] 佐々木晶,202510010401
11,2,2,ダニエルバローズ,牡3,57.0,丸山元気,1:49.5,大,26.8,9.0,524(-6),[西] 杉山晴紀,202510010401
12,6,11,サトノフォーミュラ,牡3,56.0,松本大輝,1:51.7,大,57.5,11.0,484(-4),[西] 中竹和也,202510010401
13,8,14,ホウオウヘーゲル,牡3,56.0,小沢大仁,1:52.4,4,98.1,13.0,512(0),[西] 池江泰寿,202510010401
14,6,10,ニシノカスガイ,牝3,51.0,小林美駒,1:53.1,4,84.1,12.0,406(+4),[東] 村田一誠,202510010401
中,2,3,エイシンアニーモ,牡3,55.0,永島まな,,,6.0,3.0,486(-6),[西] 高橋康之,202510010401
1,8,16,ベイビーキッス,牝3,55.0,菊沢一樹,1:10.0,,4.4,1.0,458(+8),[東] 青木孝文,202510010402
2,1,1,ペガサスノース,牝3,52.0,柴田裕一,1:10.1,クビ,8.7,5.0,476(-2),[西] 高柳大輔,202510010402
3,6,12,セイプリーズ,牝3,55.0,古川吉洋,1:10.7,3.1/2,4.7,3.0,422(0),[西] 宮徹,202510010402
4,6,11,アイドル,牝3,55.0,荻野極,1:10.7,クビ,5.8,4.0,482(+12),[東] 上原佑紀,202510010402
5,4,7,エルサトアナ,牝3,54.0,松本大輝,1:10.9,1,27.6,9.0,410(-6),[西] 本田優,202510010402
6,4,8,トーケンサワー,牝3,55.0,丸山元気,1:10.9,クビ,10.1,6.0,442(+8),[東] 根本康広,202510010402
7,2,4,レイチェルバローズ,牝3,51.0,河原田菜,1:11.0,クビ,19.9,7.0,438(-6),[西] 渡辺薫彦,202510010402
8,2,3,ジャニーヌ,牝3,52.0,今村聖奈,1:11.2,1.1/2,61.4,13.0,414(0),[西] 坂口智康,202510010402
9,1,2,マリエンプラッツ,牝3,55.0,菱田裕二,1:11.2,ハナ,26.5,8.0,440(-8),[西] 橋口慎介,202510010402
10,8,15,ロールザボーンズ,牝3,55.0,鮫島克駿,1:11.2,ハナ,4.6,2.0,454(+2),[西] 牧浦充徳,202510010402
11,5,10,タッチザシーリング,牝3,55.0,佐々木大,1:11.6,2.1/2,58.0,12.0,426(-4),[東] 菊川正達,202510010402
12,7,13,アンピュルシオン,牝3,53.0,永島まな,1:11.7,クビ,53.6,11.0,444(+2),[西] 庄野靖志,202510010402
13,3,5,ロッピス,牝3,55.0,黛弘人,1:12.0,2,47.7,10.0,392(-14),[東] 伊藤大士,202510010402
14,3,6,ジーティーパール,牝3,55.0,秋山稔樹,1:12.1,クビ,114.5,14.0,434(-2),[西] 石坂公一,202510010402
15,5,9,エンジェルトリガー,牝3,55.0,角田大和,1:13.2,7,158.2,15.0,456(-4),[西] 吉村圭司,202510010402
16,7,14,サフランキララ,牝3,55.0,丹内祐次,1:14.5,8,233.2,16.0,412(-8),[西] 北出成人,202510010402
1,3,3,ジェイエルバルカー,牡5,58.0,菊沢一樹,0:57.2,,32.2,11.0,504(+2),[東] 小西一男,202510010403
2,7,11,ダズリングダンス,セ5,58.0,鮫島克駿,0:57.4,1,3.9,2.0,492(-2),[西] 小椋研介,202510010403
3,5,7,ミスターディジェイ,牡4,58.0,古川吉洋,0:57.4,クビ,14.7,8.0,542(+6),[東] 清水英克,202510010403
4,3,4,グッドヴァイブス,牡4,58.0,佐々木大,0:57.5,クビ,3.8,1.0,480(0),[東] 高柳瑞樹,202510010403
5,6,10,プレアデスグループ,牝4,56.0,丹内祐次,0:57.5,ハナ,26.5,9.0,442(+16),[西] 吉岡辰弥,202510010403
6,2,2,ハッピーダンス,牝4,56.0,斎藤新,0:57.7,1.1/4,9.3,4.0,464(+4),[西] 茶木太樹,202510010403
7,1,1,キャンドルマス,牡4,58.0,菱田裕二,0:57.8,3/4,9.5,5.0,490(+4),[西] 小崎憲,202510010403
8,8,13,スターチスブーケ,牝4,52.0,河原田菜,0:58.0,1.1/4,46.2,12.0,494(-4),[西] 清水久詞,202510010403
9,5,8,シュークリーム,牝4,52.0,小林美駒,0:58.0,アタマ,7.2,3.0,438(+10),[西] 西村真幸,202510010403
10,7,12,フォートボヤール,牡4,56.0,小林脩斗,0:58.3,1.1/2,13.5,7.0,502(+10),[東] 辻哲英,202510010403
11,4,5,プラタルス,牡6,55.0,柴田裕一,0:58.6,1.3/4,174.3,14.0,484(+4),[東] 高橋文雅,202510010403
12,8,14,シンゼンシャイン,牡7,57.0,小沢大仁,0:58.8,1.1/2,31.4,10.0,510(-2),[西] 飯田祐史,202510010403
13,4,6,シャインヴィーナス,牝4,56.0,荻野極,0:58.9,クビ,64.5,13.0,448(+6),[東] 伊坂重信,202510010403
14,6,9,サベージラヴ,牝4,53.0,石田拓郎,0:59.0,3/4,9.8,6.0,444(-14),[東] 伊藤圭三,202510010403
1,5,5,コンテナワールド,牡4,57.0,井上敏樹,3:11.4,,3.9,2.0,486(+12),[西] 中竹和也,202510010404
2,8,12,ミヤジシャルマン,牡5,60.0,高田潤,3:12.2,5,10.6,6.0,514(+6),[西] 宮地貴稔,202510010404
3,8,11,サニーオーシャン,セ7,60.0,草野太郎,3:12.9,4,8.6,5.0,458(+6),[東] 杉浦宏昭,202510010404
4,6,7,ダイスアローリング,牡4,59.0,上野翔,3:13.1,1,15.2,7.0,510(+4),[東] 古賀慎明,202510010404
5,4,4,タイセイシェダル,牡7,60.0,難波剛健,3:13.2,1/2,3.6,1.0,470(-2),[西] 高橋義忠,202510010404
6,5,6,ラズルダズル,牡8,60.0,中村将之,3:13.3,1/2,7.1,4.0,464(-6),[西] 茶木太樹,202510010404
7,7,10,グラヴィテ,牝7,58.0,小牧加矢,3:13.8,3,38.6,10.0,502(+8),[西] 鮫島一歩,202510010404
8,7,9,メネラオス,牡4,59.0,森一馬,3:14.8,6,37.6,9.0,560(-4),[西] 奥村豊,202510010404
9,1,1,ノーティアス,牡6,60.0,江田勇亮,3:16.7,大,89.6,12.0,526(+16),[東] 宗像義忠,202510010404
10,2,2,ウインエタンセル,牡5,60.0,小野寺祐,3:17.2,3,6.0,3.0,492(+4),[西] 西園翔太,202510010404
11,6,8,ニシノレバンテ,牡6,60.0,伴啓太,3:17.4,1,17.5,8.0,500(0),[東] 栗田徹,202510010404
12,3,3,フルラインナップ,セ5,60.0,石神深一,3:27.1,大,50.0,11.0,438(0),[東] 小島茂之,202510010404
1,6,12,モズリバーシャトー,牝3,55.0,荻野琢真,1:10.8,,79.0,15.0,454(0),[西] 平田修,202510010405
2,1,1,メイショウセイロウ,牡3,57.0,城戸義政,1:10.8,アタマ,24.7,8.0,422(0),[西] 荒川義之,202510010405
3,7,15,アイルトンバローズ,牡3,57.0,佐々木大,1:10.9,クビ,3.3,1.0,494(0),[西] 清水久詞,202510010405
4,5,10,レッドアーネスト,牡3,57.0,鮫島克駿,1:11.0,1/2,3.6,2.0,456(0),[西] 庄野靖志,202510010405
5,8,16,エイシンアビス,牝3,55.0,菱田裕二,1:11.0,アタマ,32.9,10.0,442(0),[西] 野中賢二,202510010405
6,2,3,スマートロベール,牝3,52.0,今村聖奈,1:11.1,3/4,15.4,6.0,420(0),[西] 笹田和秀,202510010405
7,5,9,ウォーターカルミア,牝3,52.0,川端海翼,1:11.1,アタマ,94.4,16.0,402(0),[西] 藤野健太,202510010405
8,2,4,フォーカスライト,牝3,55.0,長岡禎仁,1:11.1,アタマ,38.7,12.0,450(0),[西] 吉岡辰弥,202510010405
9,7,13,ミクニキャッチー,牝3,55.0,古川吉洋,1:11.3,1.1/4,11.0,5.0,484(0),[西] 昆貢,202510010405
10,3,5,ケイアイテア,牡3,57.0,丸山元気,1:11.3,アタマ,25.6,9.0,494(0),[西] 梅田智之,202510010405
11,6,11,ヴォワラクテ,牝3,52.0,古川奈穂,1:11.5,1.1/4,38.3,11.0,420(0),[西] 田中克典,202510010405
12,8,18,ファムエレガンテ,牝3,55.0,斎藤新,1:11.7,1.1/4,7.2,3.0,468(0),[西] 中村直也,202510010405
13,3,6,ロードバルセロナ,牡3,54.0,柴田裕一,1:12.0,1.3/4,10.0,4.0,508(0),[西] 茶木太樹,202510010405
14,4,8,アスターディンブラ,牡3,53.0,河原田菜,1:12.0,ハナ,50.4,14.0,424(0),[西] 中竹和也,202510010405
15,1,2,スタニングヴュー,牝3,53.0,小林脩斗,1:12.2,1.1/4,141.0,17.0,456(0),[東] 石毛善彦,202510010405
16,4,7,アナベルデアモンテ,牡3,57.0,丹内祐次,1:12.2,クビ,40.9,13.0,456(0),[西] 千田輝彦,202510010405
17,8,17,シプレーノート,牝3,55.0,菊沢一樹,1:12.3,1/2,20.8,7.0,428(0),[東] 堀内岳志,202510010405
除,7,14,キタノプレンティ,牝3,52.0,橋木太希,,,---,,464(0),[西] 高橋康之,202510010405
1,3,3,クモヒトツナイ,牡3,54.0,鷲頭虎太,1:50.4,,5.7,3.0,480(+2),[東] 堀内岳志,202510010406
2,4,5,スナークピカソ,牡3,56.0,小沢大仁,1:50.6,1.1/4,4.8,2.0,476(+22),[西] 高橋一哉,202510010406
3,7,11,ヴォラヴィア,牡3,57.0,秋山稔樹,1:51.0,2.1/2,65.3,10.0,450(-10),[西] 杉山佳明,202510010406
4,5,6,ヴォイスオブゼウス,牡3,57.0,角田大和,1:51.1,クビ,7.3,4.0,452(-6),[西] 矢作芳人,202510010406
5,4,4,ハクサンテュポン,牡3,54.0,石田拓郎,1:51.5,2.1/2,69.7,11.0,488(-8),[東] 新開幸一,202510010406
6,6,9,シャヴィット,牝3,55.0,斎藤新,1:51.6,3/4,98.3,13.0,472(-10),[西] 小椋研介,202510010406
7,5,7,ヴィアトル,牝3,55.0,佐々木大,1:51.8,1.1/4,2.9,1.0,426(+6),[東] 上原佑紀,202510010406
8,8,13,ユイノガリクソン,牡3,53.0,小林美駒,1:51.9,アタマ,37.5,9.0,428(+6),[東] 深山雅史,202510010406
9,2,2,カピオラ,牝3,52.0,今村聖奈,1:52.3,2.1/2,11.4,6.0,426(+4),[西] 武幸四郎,202510010406
10,7,10,アルデヤーノ,牡3,56.0,泉谷楓真,1:52.6,1.1/2,12.9,7.0,476(-2),[東] 矢野英一,202510010406
11,6,8,ペイルブルードット,牡3,54.0,柴田裕一,1:52.6,クビ,29.2,8.0,478(-2),[西] 緒方努,202510010406
12,1,1,アレグリーニ,牡3,54.0,川端海翼,1:52.9,1.3/4,8.2,5.0,460(-2),[西] 牧浦充徳,202510010406
13,8,12,ツリートップムーン,牡3,56.0,松本大輝,1:54.3,9,93.8,12.0,498(+8),[西] 坂口智康,202510010406
1,4,7,ファミリーツリー,牝4,52.0,古川奈穂,2:02.1,,8.7,4.0,444(+2),[西] 河嶋宏樹,202510010407
2,3,5,エイシンジェンマ,牝5,56.0,角田大和,2:02.2,クビ,9.8,5.0,498(+2),[西] 中尾秀正,202510010407
3,4,8,レイピカケ,牝4,52.0,川端海翼,2:02.2,クビ,10.1,6.0,456(-6),[西] 野中賢二,202510010407
4,1,2,オーサムピクチャ,牝4,52.0,柴田裕一,2:02.6,2.1/2,157.2,18.0,406(-30),[西] 佐々木晶,202510010407
5,7,13,エルフストラック,牝4,55.0,鮫島克駿,2:02.7,アタマ,4.0,1.0,476(0),[西] 中村直也,202510010407
6,8,16,スズカミエール,牝4,55.0,川須栄彦,2:02.7,クビ,7.2,3.0,470(-8),[西] 吉村圭司,202510010407
7,8,18,クインズスピカ,牝4,55.0,菊沢一樹,2:02.9,3/4,31.9,10.0,476(+6),[東] 村田一誠,202510010407
8,2,4,ローブエリタージュ,牝6,53.0,石田拓郎,2:03.0,1/2,71.3,15.0,404(-8),[東] 手塚貴久,202510010407
9,6,12,コンバットペスカ,牝4,55.0,丸山元気,2:03.0,クビ,81.0,16.0,452(0),[西] 角田晃一,202510010407
10,7,15,アクアヴァーナル,牝4,55.0,荻野極,2:03.0,アタマ,4.6,2.0,458(-6),[西] 四位洋文,202510010407
11,8,17,アリストクラシア,牝4,55.0,菱田裕二,2:03.1,クビ,50.9,14.0,466(+10),[西] 吉岡辰弥,202510010407
12,6,11,キヨラ,牝7,56.0,黛弘人,2:03.1,クビ,40.7,11.0,474(-4),[東] 堀内岳志,202510010407
13,5,9,メアヴィア,牝4,52.0,石神深道,2:03.2,1,97.0,17.0,466(+16),[東] 金成貴史,202510010407
14,2,3,テンクウハット,牝5,52.0,河原田菜,2:03.3,1/2,19.3,9.0,462(-10),[西] 渡辺薫彦,202510010407
15,3,6,スティックバイミー,牝4,55.0,丹内祐次,2:03.4,クビ,18.1,8.0,450(+4),[東] 伊藤大士,202510010407
16,1,1,ジョセフィーナ,牝4,54.0,小沢大仁,2:03.5,1/2,15.9,7.0,386(-8),[西] 今野貞一,202510010407
17,7,14,セットリスト,牝6,56.0,斎藤新,2:03.7,1.1/4,44.1,13.0,486(-8),[西] 畑端省吾,202510010407
18,5,10,ケイツールピア,牝4,51.0,小林美駒,2:04.3,3.1/2,43.2,12.0,400(-4),[東] 蛯名利弘,202510010407
1,5,5,シュラザック,牡3,57.0,古川吉洋,1:44.7,,18.7,5.0,486(+2),[西] 大根田裕,202510010408
2,4,4,セボンサデッセ,牡3,57.0,菱田裕二,1:44.8,クビ,5.1,4.0,490(-4),[西] 橋口慎介,202510010408
3,3,3,ゴッドエスパーダ,牡3,57.0,角田大和,1:45.3,3,3.2,2.0,476(-4),[西] 角田晃一,202510010408
4,6,6,ソニックステップ,牡3,57.0,鮫島克駿,1:45.4,1,2.6,1.0,520(+14),[西] 高野友和,202510010408
5,2,2,ジューンエオス,牝3,55.0,高倉稜,1:45.4,アタマ,4.0,3.0,482(-4),[西] 武英智,202510010408
6,8,8,コパノエミリア,牝3,55.0,秋山稔樹,1:45.7,1.3/4,28.7,6.0,460(-2),[西] 村山明,202510010408
7,7,7,アルマグラース,牝3,55.0,丹内祐次,1:46.9,7,69.1,7.0,450(+2),[東] 水野貴広,202510010408
8,1,1,ジュンベルベット,牡3,57.0,菊沢一樹,1:47.8,5,82.0,8.0,446(0),[東] 伊坂重信,202510010408
1,7,14,イケイケドンドン,牡5,58.0,小沢大仁,2:01.7,,73.2,11.0,478(+4),[東] 松山将樹,202510010409
2,4,7,マイファミリー,牡4,57.0,黛弘人,2:01.7,アタマ,16.5,8.0,454(+16),[東] 深山雅史,202510010409
3,3,5,ジーティームソウ,牡4,57.0,菊沢一樹,2:01.7,ハナ,7.2,4.0,496(0),[西] 西村真幸,202510010409
4,6,12,マイネルフランツ,牡4,57.0,丹内祐次,2:01.9,1,4.3,2.0,492(+14),[東] 和田正一,202510010409
5,2,3,ヴェルテンベルク,牡5,58.0,丸山元気,2:01.9,アタマ,8.8,5.0,484(-2),[西] 宮本博,202510010409
6,1,1,エラン,牡4,57.0,古川吉洋,2:02.0,クビ,6.8,3.0,466(0),[東] 蛯名正義,202510010409
7,1,2,ゼアズノープレイス,牡6,58.0,的場勇人,2:02.3,2,156.4,14.0,518(+4),[東] 的場均,202510010409
8,3,6,メイショウノブカ,牝5,56.0,角田大和,2:02.8,3,11.3,6.0,510(-14),[西] 本田優,202510010409
9,6,11,カリーニョ,牡4,57.0,鮫島克駿,2:02.9,クビ,3.3,1.0,468(+8),[西] 杉山晴紀,202510010409
10,8,16,ラブカヒルー,牝6,56.0,高倉稜,2:03.7,5,289.8,16.0,460(+16),[西] 森田直行,202510010409
11,5,10,ゴールドブレス,セ4,57.0,荻野極,2:03.7,クビ,15.7,7.0,426(-2),[西] 西園翔太,202510010409
12,8,15,マイネルシーマー,牡6,58.0,菱田裕二,2:03.8,クビ,73.9,12.0,486(-10),[東] 青木孝文,202510010409
13,4,8,コスモエクスプレス,牡6,58.0,斎藤新,2:03.9,1/2,34.9,9.0,506(+4),[東] 松永康利,202510010409
14,2,4,ナイトアウェイ,セ4,57.0,秋山稔樹,2:03.9,クビ,98.5,13.0,450(+4),[東] 手塚貴久,202510010409
15,5,9,ディアマンドロップ,牝4,55.0,荻野琢真,2:04.3,2,223.6,15.0,466(-2),[西] 昆貢,202510010409
16,7,13,ブラックバラード,牡4,57.0,佐々木大,2:04.6,2,38.6,10.0,476(+14),[東] 嘉藤貴行,202510010409
1,8,17,トーラスシャイン,牡4,58.0,松本大輝,1:09.5,,8.8,4.0,470(-4),[西] 田中克典,202510010410
2,4,7,タイキヴァンクール,牡4,58.0,荻野極,1:09.9,2.1/2,4.3,1.0,510(-4),[西] 中尾秀正,202510010410
3,1,1,トールキン,牡5,58.0,古川吉洋,1:10.0,クビ,29.6,10.0,500(+8),[西] 西園正都,202510010410
4,8,18,バシレウスシチー,牡6,58.0,菱田裕二,1:10.0,クビ,14.7,6.0,460(+6),[西] 岡田稲男,202510010410
5,4,8,イコサン,牡5,58.0,丹内祐次,1:10.0,ハナ,4.6,2.0,504(+8),[西] 長谷川浩,202510010410
6,8,16,ゴールドスター,牡4,58.0,鮫島克駿,1:10.0,ハナ,10.3,5.0,468(+12),[東] 奥村武,202510010410
7,2,3,ゴルトリッチ,牡5,58.0,菊沢一樹,1:10.1,1/2,19.5,9.0,512(+8),[西] 牧浦充徳,202510010410
8,1,2,ダークンストーミー,牡5,58.0,石神深道,1:10.2,クビ,67.9,15.0,448(-6),[東] 小笠倫弘,202510010410
9,5,10,メイショウミリオレ,牝4,56.0,川須栄彦,1:10.2,ハナ,16.2,7.0,484(0),[西] 藤岡健一,202510010410
10,7,14,ルヴァンノワール,牝7,56.0,小沢大仁,1:10.3,3/4,31.0,12.0,454(-6),[西] 庄野靖志,202510010410
11,3,6,ゴールドサーベル,牡4,58.0,角田大和,1:10.3,アタマ,30.7,11.0,468(0),[西] 大久保龍,202510010410
12,5,9,イグニション,牡5,58.0,丸山元気,1:10.5,1.1/4,17.8,8.0,476(+8),[西] 畑端省吾,202510010410
13,6,12,アップストローク,セ6,58.0,斎藤新,1:10.5,ハナ,38.8,13.0,460(-6),[東] 杉浦宏昭,202510010410
14,2,4,フォルテース,牡5,58.0,長岡禎仁,1:10.8,1.3/4,147.3,18.0,462(+12),[西] 高橋亮,202510010410
15,7,15,ベンガン,牡8,58.0,黛弘人,1:11.0,1.1/2,105.3,17.0,478(+10),[西] 千田輝彦,202510010410
16,3,5,クオレス,牝4,56.0,小林脩斗,1:11.0,ハナ,46.2,14.0,486(+2),[東] 牧光二,202510010410
17,7,13,ロードトレゾール,牡4,58.0,佐々木大,1:11.4,2.1/2,5.7,3.0,522(-8),[西] 清水久詞,202510010410
18,6,11,セイウンティーダ,牝4,56.0,高倉稜,1:12.9,9,90.0,16.0,432(0),[東] 松山将樹,202510010410
1,2,4,ホールシバン,セ7,58.0,秋山稔樹,1:41.1,,94.3,15.0,530(-8),[西] 高橋義忠,202510010411
2,1,2,サーマルソアリング,牝5,56.0,古川吉洋,1:41.6,3,6.0,3.0,488(+2),[西] 藤原英昭,202510010411
3,3,5,チュウワハート,牡5,57.0,佐々木大,1:41.7,クビ,3.9,2.0,516(-4),[西] 大久保龍,202510010411
4,5,9,スマートサニー,牡5,58.0,小沢大仁,1:41.9,1.1/2,13.6,5.0,462(+6),[西] 石橋守,202510010411
5,1,1,カズプレスト,牡6,57.0,松本大輝,1:41.9,クビ,23.3,9.0,530(+12),[西] 高柳大輔,202510010411
6,2,3,ゴーゴーユタカ,牡6,58.0,黛弘人,1:42.2,1.1/2,62.5,14.0,482(+12),[東] 武井亮,202510010411
7,3,6,ペースセッティング,牡5,57.0,丹内祐次,1:42.5,2,6.3,4.0,502(-12),[西] 安田翔伍,202510010411
8,6,12,マリオロード,牡6,58.0,菊沢一樹,1:42.6,1/2,16.7,6.0,502(-6),[西] 安達昭夫,202510010411
9,5,10,ケイアイシェルビー,牡7,58.0,鮫島克駿,1:42.6,クビ,52.3,12.0,480(+2),[西] 平田修,202510010411
10,6,11,トウセツ,牡6,58.0,角田大和,1:42.7,クビ,27.3,10.0,484(0),[西] 杉山佳明,202510010411
11,8,16,アイファーテイオー,牡5,58.0,高倉稜,1:42.8,3/4,19.0,7.0,478(+6),[西] 鮫島一歩,202510010411
12,4,7,サンライズアリオン,牡6,58.0,荻野極,1:43.1,1.3/4,3.8,1.0,528(-4),[西] 平田修,202510010411
13,4,8,アスクドゥラメンテ,牡6,58.0,菱田裕二,1:43.3,1.1/2,19.0,8.0,526(-8),[西] 藤原英昭,202510010411
14,7,14,ライラボンド,牡6,58.0,斎藤新,1:43.9,3.1/2,36.0,11.0,530(-2),[東] 杉浦宏昭,202510010411
15,7,13,リキサントライ,牡7,58.0,川須栄彦,1:44.0,クビ,129.8,16.0,488(-10),[西] 緒方努,202510010411
16,8,15,テーオーリカード,セ5,58.0,石田拓郎,1:47.1,大,52.6,13.0,480(-14),[西] 高柳大輔,202510010411
1,2,3,スマートジェイナ,牝5,55.0,泉谷楓真,1:09.9,,6.0,3.0,444(-14),[西] 大久保龍,202510010412
2,1,1,シルバーダイヤ,牝5,56.0,佐々木大,1:10.0,1/2,5.0,2.0,468(+2),[東] 小野次郎,202510010412
3,5,9,ナムライリス,牝4,53.0,柴田裕一,1:10.1,3/4,25.9,8.0,444(0),[西] 中竹和也,202510010412
4,6,12,ミエノブラボー,牝4,53.0,石田拓郎,1:10.2,クビ,67.7,16.0,480(+6),[東] 宗像義忠,202510010412
5,7,14,エクセルゴールド,牡4,58.0,丹内祐次,1:10.2,1/2,11.1,5.0,486(+14),[東] 武市康男,202510010412
5,7,15,エルプロフェッサー,牝4,53.0,橋木太希,1:10.2,同着,66.3,15.0,412(-6),[西] 高橋康之,202510010412
7,8,18,シュブロンレーヴル,牝4,56.0,荻野極,1:10.2,ハナ,108.7,18.0,416(+2),[西] 杉山佳明,202510010412
8,8,17,ラブディーヴァ,牝4,55.0,小沢大仁,1:10.3,1/2,4.6,1.0,454(+10),[西] 杉山晴紀,202510010412
9,4,8,ミライハーモニー,牝4,53.0,今村聖奈,1:10.4,アタマ,12.8,7.0,412(-4),[西] 飯田祐史,202510010412
10,5,10,スピニングマーリン,牝5,56.0,斎藤新,1:10.5,3/4,72.6,17.0,480(-6),[東] 西田雄一,202510010412
11,2,4,フリントロック,牝5,56.0,菊沢一樹,1:10.6,1/2,40.7,13.0,436(+2),[東] 菊沢隆徳,202510010412
12,3,6,ビアフォーナウ,牝4,54.0,小林脩斗,1:10.7,1/2,28.2,9.0,446(0),[東] 池上昌和,202510010412
13,8,16,クリノゴッホ,セ5,58.0,黛弘人,1:10.8,1/2,65.2,14.0,458(-4),[東] 岩戸孝樹,202510010412
14,4,7,ハピアーザンエバー,牡4,58.0,長岡禎仁,1:10.8,ハナ,31.7,11.0,450(+4),[西] 羽月友彦,202510010412
15,7,13,イナフセド,牡5,58.0,秋山稔樹,1:10.8,クビ,6.2,4.0,474(-8),[西] 小林真也,202510010412
16,6,11,オベイユアマスター,牡4,58.0,古川吉洋,1:10.8,アタマ,34.5,12.0,464(+8),[西] 昆貢,202510010412
17,3,5,シルバージュエリー,牝5,53.0,石神深道,1:11.2,2.1/2,31.2,10.0,464(-4),[東] 加藤士津,202510010412
18,1,2,ドナヴィーナス,牝4,56.0,鮫島克駿,1:12.3,7,11.5,6.0,456(-2),[西] 庄野靖志,202510010412
1,8,16,テーオーマルコーニ,牡3,57.0,藤岡佑介,1:45.3,,3.7,1.0,500(-4),[西] 奥村豊,202510010501
2,6,11,キョウキランブ,牡3,54.0,石神深道,1:45.6,1.3/4,19.1,7.0,532(+20),[東] 古賀慎明,202510010501
3,6,12,ジェバーダ,牝3,54.0,泉谷楓真,1:46.3,4,40.0,10.0,490(-2),[西] 松下武士,202510010501
4,5,9,エポエポサン,牡3,57.0,佐々木大,1:46.4,1/2,3.9,2.0,472(0),[西] 須貝尚介,202510010501
5,7,13,フランキーバローズ,牡3,54.0,柴田裕一,1:47.0,3.1/2,12.1,5.0,466(-2),[西] 池江泰寿,202510010501
6,1,2,ゼンソレイユ,牝3,55.0,角田大和,1:47.4,2.1/2,82.5,14.0,408(0),[西] 佐々木晶,202510010501
7,3,5,エンドレスバンカー,牡3,57.0,岩田康誠,1:47.6,1.1/4,7.4,4.0,494(-4),[西] 安田翔伍,202510010501
8,4,8,クランドゥイユ,牝3,52.0,古川奈穂,1:47.7,3/4,34.3,9.0,476(+16),[西] 矢作芳人,202510010501
9,2,4,ブライトイメル,牡3,57.0,丸山元気,1:47.7,ハナ,46.1,11.0,446(+20),[西] 本田優,202510010501
10,5,10,ザイル,牡3,57.0,斎藤新,1:47.8,1/2,4.1,3.0,492(+4),[西] 小栗実,202510010501
11,7,14,サンライズジュピタ,牡3,57.0,松若風馬,1:47.8,クビ,49.8,12.0,498(+4),[西] 石坂公一,202510010501
12,3,6,ボル,牡3,57.0,杉原誠人,1:48.1,1.1/2,29.8,8.0,442(-4),[西] 河内洋,202510010501
13,2,3,サファイアブルー,牡3,57.0,国分恭介,1:48.4,2,120.9,15.0,512(+10),[西] 羽月友彦,202510010501
14,4,7,アニュスノーバス,牡3,57.0,秋山稔樹,1:48.5,クビ,75.1,13.0,464(+4),[西] 高橋義忠,202510010501
15,8,15,ジューンアルテミス,牝3,55.0,丹内祐次,1:49.5,6,17.4,6.0,486(0),[西] 長谷川浩,202510010501
除,1,1,ガジュノリホワイト,牡3,53.0,小林美駒,,,---,,456(+2),[東] 尾形和幸,202510010501
1,2,4,タガノアビー,牝3,55.0,藤岡佑介,1:49.5,,3.5,2.0,492(-6),[西] 千田輝彦,202510010502
2,2,3,ウアーシュプルング,牝3,55.0,丸山元気,1:49.7,1.1/4,3.0,1.0,456(-4),[東] 鹿戸雄一,202510010502
3,5,10,ウインシャーガス,牝3,55.0,丹内祐次,1:49.9,1,7.4,3.0,474(-4),[西] 杉山晴紀,202510010502
4,8,16,レディオンステージ,牝3,55.0,佐々木大,1:49.9,クビ,7.5,4.0,492(-2),[西] 西園正都,202510010502
5,1,1,スリーセンス,牝3,52.0,柴田裕一,1:50.1,1.1/4,24.8,8.0,430(-6),[西] 中竹和也,202510010502
6,3,6,ベルサ,牝3,53.0,永島まな,1:50.2,1,38.4,10.0,462(+4),[西] 鈴木孝志,202510010502
7,3,5,セレーネアステール,牝3,55.0,岩田康誠,1:50.5,1.1/2,13.1,5.0,416(+6),[西] 武幸四郎,202510010502
8,4,7,ペンダンティフ,牝3,54.0,小沢大仁,1:50.5,ハナ,35.2,9.0,430(-6),[西] 茶木太樹,202510010502
9,1,2,ディアイライザ,牝3,52.0,石神深道,1:50.5,アタマ,117.4,15.0,426(+8),[東] 加藤和宏,202510010502
10,6,11,ワンコールアウェイ,牝3,55.0,酒井学,1:50.5,クビ,14.8,7.0,456(0),[西] 杉山晴紀,202510010502
11,8,15,ヤマニンソレアード,牝3,52.0,川端海翼,1:51.2,4,97.0,13.0,462(0),[西] 四位洋文,202510010502
12,7,14,ヴォルヴァ,牝3,52.0,石田拓郎,1:51.3,3/4,14.1,6.0,424(+8),[東] 尾形和幸,202510010502
13,6,12,パッションディーバ,牝3,55.0,松若風馬,1:51.9,3.1/2,66.7,11.0,432(-2),[西] 四位洋文,202510010502
14,7,13,モーリシャスアロマ,牝3,55.0,杉原誠人,1:52.2,1.3/4,109.2,14.0,456(-6),[西] 新谷功一,202510010502
15,4,8,ヒオウギ,牝3,55.0,角田大和,1:53.0,5,75.7,12.0,408(-4),[西] 長谷川浩,202510010502
16,5,9,アグネス,牝3,55.0,荻野極,1:53.7,4,122.0,16.0,422(-12),[東] 上原佑紀,202510010502
1,6,10,タイセイアレス,牡4,55.0,石田拓郎,0:57.7,,9.7,4.0,486(+2),[西] 西村真幸,202510010503
2,1,1,パレフォーコン,牡6,57.0,小沢大仁,0:57.7,アタマ,21.3,6.0,446(+2),[西] 鮫島一歩,202510010503
3,8,13,ザウリ,牡6,58.0,丸山元気,0:58.3,3.1/2,4.5,3.0,538(0),[西] 森田直行,202510010503
4,3,3,サザンレイク,牝5,53.0,石神深道,0:58.5,3/4,26.3,7.0,500(+6),[東] 根本康広,202510010503
5,5,8,ミッキースピナッチ,牡5,58.0,松若風馬,0:58.6,3/4,2.3,1.0,520(+2),[西] 音無秀孝,202510010503
6,5,7,ペレグリン,牝4,56.0,藤岡佑介,0:59.0,2.1/2,4.3,2.0,434(+4),[西] 河嶋宏樹,202510010503
7,6,9,ラセーヌシュメール,牝4,56.0,佐々木大,0:59.0,ハナ,71.1,11.0,454(+10),[東] 杉浦宏昭,202510010503
8,7,11,ティーラミレス,牝5,56.0,丹内祐次,0:59.1,クビ,44.1,10.0,462(+2),[東] 辻哲英,202510010503
9,4,5,ヒメカミノイタダキ,牡6,57.0,松本大輝,0:59.5,2.1/2,37.1,9.0,498(-8),[東] 武市康男,202510010503
10,7,12,フェレザ,牝4,56.0,斎藤新,0:59.5,ハナ,14.3,5.0,438(-20),[西] 高橋一哉,202510010503
11,4,6,ドントレットゴー,牝4,53.0,川端海翼,0:59.5,ハナ,129.7,13.0,444(+4),[西] 藤野健太,202510010503
12,3,4,イエデゴロゴロ,牝4,54.0,永島まな,0:59.6,3/4,30.3,8.0,440(-2),[西] 村山明,202510010503
13,8,14,ホーリーホック,牝5,56.0,小崎綾也,0:59.6,1/2,96.9,12.0,480(0),[西] 小崎憲,202510010503
14,2,2,タイキエルキーオ,牡4,58.0,和田翼,1:00.3,4,163.7,14.0,498(+19),[西] 谷潔,202510010503
1,4,4,グルーヴビート,牡7,60.0,中村将之,3:13.2,,2.8,1.0,492(+2),[西] 中村直也,202510010504
2,1,1,タマモエース,牡6,60.0,小野寺祐,3:13.7,3,3.5,2.0,490(0),[西] 宮地貴稔,202510010504
3,7,8,ゲインサポート,牡4,59.0,森一馬,3:15.2,9,16.8,6.0,468(0),[西] 斉藤崇史,202510010504
4,6,6,サルサロッサ,牝6,58.0,伴啓太,3:15.5,2,4.7,3.0,456(-2),[東] 高柳瑞樹,202510010504
5,8,9,ゴーツウキリシマ,牝5,58.0,黒岩悠,3:18.1,大,77.3,9.0,464(+2),[西] 牧田和弥,202510010504
6,5,5,セッタレダスト,牡6,60.0,上野翔,3:18.2,3/4,6.5,4.0,520(+12),[東] 嘉藤貴行,202510010504
7,3,3,アンコーナ,牝4,57.0,石神深一,3:20.2,大,32.6,7.0,462(+10),[東] 菊川正達,202510010504
8,7,7,クリノオデッセイ,牡4,57.0,井上敏樹,3:20.3,クビ,103.3,10.0,464(+6),[西] 坂口智康,202510010504
9,2,2,ゴンドワナ,セ5,60.0,小牧加矢,3:29.3,大,73.9,8.0,484(+8),[東] 小島茂之,202510010504
中,8,10,プレシャスソウル,牡6,60.0,大江原圭,,,8.3,5.0,482(+12),[東] 千葉直人,202510010504
1,2,2,ウン,牡6,60.0,森一馬,3:15.3,,4.9,3.0,482(-4),[西] 吉田直弘,202510010505
2,8,8,オステリア,牡6,60.0,高田潤,3:16.0,4,6.7,4.0,512(-8),[西] 宮本博,202510010505
3,6,6,サクセスバラード,牡5,60.0,上野翔,3:16.0,アタマ,10.2,6.0,468(+8),[東] 竹内正洋,202510010505
4,4,4,エンジェルラウンド,牝5,58.0,伴啓太,3:16.3,2,3.9,2.0,470(+10),[東] 新開幸一,202510010505
5,1,1,デザートスター,セ6,60.0,小牧加矢,3:16.5,1,2.6,1.0,470(0),[西] 笹田和秀,202510010505
6,8,9,プリンセスララア,牝8,58.0,大江原圭,3:20.6,大,101.2,9.0,432(+6),[東] 的場均,202510010505
中,3,3,ミグラテール,牡4,59.0,中村将之,,,58.9,8.0,504(-6),[西] 小栗実,202510010505
中,5,5,トーアマリシテン,牡4,59.0,石神深一,,,43.0,7.0,464(0),[東] 小島茂之,202510010505
中,7,7,アルカンサス,牡6,57.0,土田真翔,,,8.7,5.0,482(-8),[東] 土田稔,202510010505
1,3,6,ジーティーエスピ,牡3,57.0,藤岡佑介,1:09.9,,2.8,1.0,470(0),[西] 中村直也,202510010506
2,7,15,ロッキンミー,牝3,55.0,丹内祐次,1:10.2,1.1/2,17.5,6.0,436(+2),[東] 杉浦宏昭,202510010506
3,3,5,タマカヅラ,牝3,55.0,斎藤新,1:10.3,1,4.2,2.0,422(+6),[東] 斎藤誠,202510010506
4,1,1,コナベイション,牡3,57.0,吉田隼人,1:10.4,1/2,20.9,7.0,454(-6),[東] 伊藤圭三,202510010506
5,8,18,キーブリーゼ,牡3,57.0,秋山稔樹,1:11.0,3.1/2,5.2,3.0,482(-8),[西] 宮徹,202510010506
6,4,7,リケアコンパンナ,牡3,57.0,菊沢一樹,1:11.2,1.1/4,40.3,11.0,470(+8),[東] 村田一誠,202510010506
7,4,8,ゼンダンスバシリ,牡3,57.0,酒井学,1:11.3,クビ,47.1,12.0,442(0),[西] 河嶋宏樹,202510010506
8,1,2,ラブカマクフィー,牝3,51.0,河原田菜,1:11.3,アタマ,77.6,13.0,424(-2),[東] 田島俊明,202510010506
9,7,14,シンヒダカゴールド,牝3,55.0,角田大和,1:11.5,1,7.4,4.0,470(-4),[西] 角田晃一,202510010506
10,5,10,ゲッティヴィラ,牡3,57.0,佐々木大,1:11.5,クビ,16.4,5.0,442(-10),[西] 小栗実,202510010506
11,6,11,ペイドラロワール,牡3,54.0,川端海翼,1:11.6,クビ,35.8,9.0,458(+12),[西] 清水久詞,202510010506
12,8,16,タイニービキニ,牝3,55.0,松若風馬,1:11.6,ハナ,39.1,10.0,404(0),[西] 森田直行,202510010506
13,2,4,ケンシャルロッテ,牝3,53.0,永島まな,1:11.6,クビ,120.0,15.0,442(0),[西] 高橋康之,202510010506
14,6,12,アニュレス,牝3,52.0,柴田裕一,1:12.1,3,142.5,17.0,440(-10),[西] 佐々木晶,202510010506
15,7,13,グロリアスアスペン,牝3,55.0,黛弘人,1:12.1,ハナ,135.1,16.0,440(+6),[東] 村田一誠,202510010506
16,5,9,オロパタジン,牡3,57.0,杉原誠人,1:12.4,1.3/4,33.7,8.0,460(+4),[東] 相沢郁,202510010506
17,8,17,ラベンサラ,牝3,54.0,泉谷楓真,1:12.5,3/4,355.2,18.0,394(+18),[西] 大根田裕,202510010506
18,2,3,キタノプレンティ,牝3,55.0,小崎綾也,1:12.8,1.3/4,104.3,14.0,466(0),[西] 高橋康之,202510010506
1,7,10,ゴッドヴァレー,牡3,53.0,河原田菜,2:04.3,,11.5,5.0,476(+2),[西] 渡辺薫彦,202510010507
2,6,8,リックメイン,牝3,51.0,小林美駒,2:04.4,1/2,8.9,4.0,450(+16),[東] 武井亮,202510010507
3,5,7,プレデスティナーレ,牡3,57.0,秋山稔樹,2:04.8,2.1/2,12.6,6.0,456(0),[西] 北出成人,202510010507
4,7,11,コスモアチーブ,牡3,56.0,小沢大仁,2:04.8,クビ,23.3,8.0,482(+20),[東] 相沢郁,202510010507
5,6,9,ピジョンポイント,牡3,57.0,斎藤新,2:04.9,1,21.9,7.0,492(+6),[東] 岩戸孝樹,202510010507
6,1,1,マイネルラファール,牡3,54.0,柴田裕一,2:04.9,ハナ,7.8,3.0,466(-2),[東] 畠山吉宏,202510010507
7,5,6,エピファランド,牝3,55.0,角田大和,2:04.9,クビ,2.2,1.0,478(-8),[西] 武幸四郎,202510010507
8,8,13,キタノチャンス,牝3,53.0,小林脩斗,2:05.4,3,35.2,11.0,458(+4),[東] 石栗龍彦,202510010507
9,3,3,レアルシチー,牡3,54.0,川端海翼,2:06.1,4,32.5,10.0,510(+4),[西] 羽月友彦,202510010507
10,2,2,アルデムラータ,牝3,52.0,石田拓郎,2:06.3,3/4,105.1,12.0,408(+2),[東] 村田一誠,202510010507
11,4,5,メイショウクレピス,牝3,54.0,松本大輝,2:06.5,1.1/4,137.7,13.0,496(-4),[西] 本田優,202510010507
12,4,4,クラリティー,牝3,53.0,永島まな,2:06.5,クビ,25.6,9.0,468(-8),[西] 長谷川浩,202510010507
13,8,12,アユツリー,牝3,55.0,佐々木大,2:07.1,3.1/2,4.8,2.0,426(+16),[東] 久保田貴,202510010507
1,8,14,サイドキック,牡4,57.0,藤岡佑介,1:43.9,,10.7,6.0,516(+9),[西] 坂口智康,202510010508
2,7,12,サンドブラスト,牡4,57.0,丹内祐次,1:44.4,3,3.7,1.0,520(+18),[東] 鈴木慎太,202510010508
3,4,6,レッドライトニング,牡4,57.0,荻野極,1:44.4,アタマ,8.4,4.0,472(+12),[東] 鹿戸雄一,202510010508
4,5,9,アメリカンチーフ,牡4,57.0,松若風馬,1:44.7,2,9.4,5.0,472(-6),[西] 音無秀孝,202510010508
5,3,5,ノーブルアクト,牝5,53.0,石田拓郎,1:45.0,1.1/2,3.8,2.0,510(+6),[東] 上原博之,202510010508
6,7,13,ザロック,セ4,54.0,石神深道,1:45.0,クビ,14.7,8.0,488(+2),[東] 武井亮,202510010508
7,6,11,コスモフレディ,牡4,57.0,丸山元気,1:45.1,1/2,12.2,7.0,474(+6),[東] 水野貴広,202510010508
8,1,1,ヤマカツレオン,セ8,58.0,和田翼,1:46.0,5,80.5,12.0,510(-10),[西] 谷潔,202510010508
9,6,10,ミスサラワク,牝4,52.0,川端海翼,1:46.5,3,101.9,13.0,504(-2),[東] 本間忍,202510010508
10,3,4,イエルバブエナ,牡5,58.0,菊沢一樹,1:46.5,ハナ,31.6,9.0,484(+12),[東] 村田一誠,202510010508
11,5,8,ウインアルドーレ,牡4,57.0,佐々木大,1:46.9,2.1/2,6.4,3.0,478(-6),[西] 西園翔太,202510010508
12,2,3,シュブロンレーヴル,牝4,53.0,永島まな,1:47.1,3/4,54.7,11.0,418(+2),[西] 杉山佳明,202510010508
13,8,15,カップッチョ,牡8,58.0,黛弘人,1:47.4,1.3/4,184.0,14.0,506(+2),[東] 石毛善彦,202510010508
14,2,2,ルルディルッカ,牝4,53.0,小林脩斗,1:47.5,1/2,301.8,15.0,440(-12),[東] 菊川正達,202510010508
15,4,7,バンベルク,牡7,57.0,小沢大仁,1:48.8,8,50.3,10.0,488(+8),[西] 小林真也,202510010508
1,4,5,サークルオブジョイ,牡4,57.0,丹内祐次,2:44.2,,3.4,2.0,494(+2),[西] 池添学,202510010509
2,8,14,カエルム,牡4,57.0,岩田康誠,2:44.2,ハナ,2.9,1.0,478(+10),[西] 安田翔伍,202510010509
3,7,11,イゾレエオリア,牝5,56.0,佐々木大,2:44.4,1.1/4,8.5,4.0,470(+8),[東] 伊藤大士,202510010509
4,1,1,ペリプルス,牡5,58.0,丸山元気,2:44.6,1,54.5,12.0,450(+4),[東] 佐藤吉勝,202510010509
5,2,2,ティータイム,牝5,56.0,酒井学,2:44.7,クビ,45.1,11.0,452(+10),[西] 長谷川浩,202510010509
6,5,7,ビップチェイス,牡4,57.0,菊沢一樹,2:44.8,1/2,14.2,5.0,460(+2),[東] 田島俊明,202510010509
7,5,8,ルークスヘリオス,牡6,58.0,黛弘人,2:44.9,1/2,44.2,10.0,492(+10),[東] 中川公成,202510010509
8,7,12,ラブカ,牡4,57.0,小沢大仁,2:44.9,クビ,24.2,8.0,450(-4),[西] 今野貞一,202510010509
9,3,3,コスモアミマネラ,牡4,57.0,杉原誠人,2:45.2,1.1/2,22.7,7.0,484(+8),[東] 宗像義忠,202510010509
10,3,4,ソニックドライブ,牝4,55.0,藤岡佑介,2:45.5,1.3/4,5.6,3.0,440(-6),[西] 田中克典,202510010509
11,4,6,ミッドナイトホーク,セ4,57.0,角田大和,2:45.6,1,39.5,9.0,486(+12),[西] 宮地貴稔,202510010509
12,6,10,ピエナオルフェ,牡4,57.0,田中健,2:45.6,アタマ,128.3,14.0,444(-6),[西] 荒川義之,202510010509
13,8,13,ワーキングアセット,牡4,57.0,斎藤新,2:46.8,7,15.0,6.0,488(+2),[西] 吉村圭司,202510010509
14,6,9,ダイシンサンディー,牝4,55.0,松若風馬,2:47.1,2,109.9,13.0,490(+12),[西] 梅田智之,202510010509
1,6,11,クレバーテースト,セ6,58.0,吉田隼人,2:02.5,,21.5,7.0,460(+6),[西] 武幸四郎,202510010510
2,2,4,ウインアクトゥール,牡4,57.0,黛弘人,2:02.6,クビ,47.4,12.0,440(+4),[東] 栗田徹,202510010510
3,3,6,サクセスドレーク,牡6,58.0,小沢大仁,2:02.6,クビ,27.4,9.0,508(+2),[西] 野中賢二,202510010510
4,4,7,キャントウェイト,牡4,57.0,丹内祐次,2:02.6,ハナ,4.4,2.0,474(+2),[東] 萱野浩二,202510010510
5,8,15,インテグレイト,牡4,57.0,藤岡佑介,2:02.7,クビ,4.5,3.0,514(0),[西] 四位洋文,202510010510
6,6,12,タイラーテソーロ,牡6,58.0,佐々木大,2:02.7,ハナ,45.0,11.0,468(+6),[東] 栗田徹,202510010510
7,3,5,マイネルオーシャン,牡4,57.0,杉原誠人,2:02.7,クビ,8.8,5.0,472(+2),[東] 鹿戸雄一,202510010510
8,1,1,トーアライデン,牡5,58.0,秋山稔樹,2:02.9,1.1/4,14.1,6.0,502(-2),[西] 河嶋宏樹,202510010510
9,5,10,モズマーヴェリック,牡4,57.0,国分恭介,2:03.0,1/2,7.6,4.0,480(+4),[西] 牧浦充徳,202510010510
10,1,2,ニシノコウフク,牝5,56.0,菊沢一樹,2:03.1,クビ,36.7,10.0,476(+10),[東] 伊藤大士,202510010510
11,8,16,イングランドアイズ,牝5,56.0,岩田康誠,2:03.2,1,3.9,1.0,458(0),[西] 安田翔伍,202510010510
12,5,9,スズカハービン,牡5,58.0,松若風馬,2:03.9,4,130.0,16.0,472(+8),[西] 高橋義忠,202510010510
13,4,8,サダムオプシス,牡4,57.0,永島まな,2:04.1,1,25.0,8.0,468(-4),[西] 平田修,202510010510
14,2,3,グランドゴールド,牡6,58.0,角田大和,2:04.2,3/4,71.4,13.0,472(+2),[西] 羽月友彦,202510010510
15,7,13,フロムナウオン,牡5,58.0,丸山元気,2:04.5,1.3/4,83.5,14.0,552(+2),[東] 手塚貴久,202510010510
16,7,14,ビップジーニー,牡4,57.0,荻野極,2:14.5,大,84.8,15.0,482(-2),[西] 松下武士,202510010510
1,4,7,マリアナトレンチ,牡5,55.0,松若風馬,1:43.3,,8.9,5.0,482(+2),[西] 音無秀孝,202510010511
2,3,5,ゴッドブルービー,牡5,57.0,角田大和,1:43.5,1.1/4,5.9,4.0,456(+2),[西] 角田晃一,202510010511
3,6,10,メイショウホマレ,牝6,54.0,小沢大仁,1:43.6,3/4,5.2,3.0,460(+4),[西] 木原一良,202510010511
4,2,3,サンライズグルーヴ,牡5,55.0,丸山元気,1:43.7,クビ,16.7,6.0,524(-2),[西] 河内洋,202510010511
5,2,2,クロースコンバット,牡6,56.0,丹内祐次,1:43.9,1.1/4,3.9,1.0,500(+10),[東] 青木孝文,202510010511
6,4,6,ライジングラパス,牝5,53.0,国分恭介,1:44.3,2.1/2,20.7,8.0,434(+2),[西] 宮本博,202510010511
7,7,12,シークレットキー,牡4,54.0,斎藤新,1:44.4,クビ,25.3,10.0,500(+10),[西] 杉山晴紀,202510010511
8,1,1,ニホンピロハーバー,牡7,54.0,酒井学,1:44.5,1/2,81.2,14.0,510(+6),[西] 安達昭夫,202510010511
9,5,8,ヴィンテージボンド,牡6,56.0,杉原誠人,1:44.5,ハナ,24.8,9.0,498(+2),[西] 西園正都,202510010511
10,6,11,ダノンターキッシュ,牡7,53.0,菊沢一樹,1:44.6,1,62.8,13.0,450(-2),[西] 寺島良,202510010511
11,8,15,カネトシブルーム,牡6,55.0,岩田康誠,1:44.9,1.3/4,39.6,12.0,526(+2),[西] 大橋勇樹,202510010511
12,5,9,ポワンキュルミナン,牡5,55.0,佐々木大,1:44.9,アタマ,17.8,7.0,438(+4),[西] 岡田稲男,202510010511
13,3,4,リューデスハイム,牡4,55.0,小崎綾也,1:45.1,1,5.1,2.0,520(+8),[西] 牧田和弥,202510010511
14,8,14,カシノブレンド,セ9,52.0,秋山稔樹,1:45.6,3.1/2,268.1,15.0,476(+4),[東] 蛯名利弘,202510010511
15,7,13,グラストンベリー,牝6,51.0,永島まな,1:48.5,大,34.3,11.0,432(-4),[西] 藤岡健一,202510010511
1,3,5,イツモニコニコ,牝4,56.0,田中健,1:10.0,,8.9,3.0,484(0),[西] 浜田多実,202510010512
2,2,4,アスティスプマンテ,牝4,55.0,小沢大仁,1:10.3,2,5.4,2.0,424(0),[西] 杉山晴紀,202510010512
3,6,12,ムチャスグラシアス,牝4,56.0,丹内祐次,1:10.4,クビ,21.7,9.0,432(-2),[東] 菊川正達,202510010512
4,1,2,エルフレスアリー,牝5,56.0,杉原誠人,1:10.5,1,2.7,1.0,434(+4),[東] 木村哲也,202510010512
5,2,3,ナムラエデン,牝4,54.0,永島まな,1:10.6,クビ,9.9,5.0,434(+6),[西] 小栗実,202510010512
6,5,10,セイウンデセオ,牝4,52.0,小林美駒,1:10.6,ハナ,26.3,10.0,482(+12),[東] 小手川準,202510010512
7,4,8,オンザヴィーナス,牝4,53.0,石田拓郎,1:10.9,1.1/2,9.0,4.0,438(+8),[東] 大和田成,202510010512
8,6,11,スウィートスカー,牝6,56.0,丸山元気,1:10.9,アタマ,17.1,6.0,480(-2),[西] 鮫島一歩,202510010512
9,8,17,グランテレーズ,牝4,56.0,斎藤新,1:10.9,アタマ,18.4,7.0,444(0),[西] 渡辺薫彦,202510010512
10,8,16,ラリベラ,牝6,56.0,松若風馬,1:10.9,クビ,20.0,8.0,462(0),[西] 藤野健太,202510010512
11,7,15,テキーラワルツ,牝4,55.0,泉谷楓真,1:11.1,1,77.6,14.0,430(-13),[西] 大根田裕,202510010512
12,1,1,グランバイオレット,牝4,53.0,石神深道,1:11.2,1/2,152.4,18.0,410(-8),[東] 和田正一,202510010512
13,7,14,ブライティアダイヤ,牝4,56.0,菊沢一樹,1:11.3,1/2,37.6,13.0,466(+10),[東] 稲垣幸雄,202510010512
14,7,13,ブラックリバー,牝4,53.0,鷲頭虎太,1:11.3,クビ,146.5,17.0,436(+8),[西] 杉山佳明,202510010512
15,3,6,ロビンバローズ,牝4,52.0,河原田菜,1:11.4,3/4,28.3,11.0,414(-8),[西] 渡辺薫彦,202510010512
16,5,9,セイウンサニー,牝4,56.0,黛弘人,1:11.6,1.1/4,106.7,15.0,454(+10),[東] 伊坂重信,202510010512
17,4,7,グレースルージュ,牝4,56.0,角田大和,1:11.6,クビ,132.9,16.0,440(-2),[西] 吉村圭司,202510010512
18,8,18,ナムラシベラ,牝7,56.0,佐々木大,1:11.7,1/2,33.1,12.0,434(-10),[西] 藤沢則雄,202510010512
1,6,11,レジポッセ,牝3,55.0,菱田裕二,1:47.6,,22.6,6.0,422(-8),[西] 角田晃一,202510010601
2,4,8,ケングロリア,牝3,52.0,橋木太希,1:47.9,1.1/2,42.2,9.0,470(0),[西] 高橋康之,202510010601
3,3,6,フェアリーブルー,牝3,55.0,荻野極,1:47.9,クビ,2.9,2.0,482(0),[西] 西園翔太,202510010601
4,7,13,ミルキーハニー,牝3,52.0,石田拓郎,1:48.4,3,19.9,5.0,486(+10),[東] 尾形和幸,202510010601
5,3,5,メイショウマヒロ,牝3,54.0,小沢大仁,1:48.6,3/4,4.8,3.0,398(-6),[西] 飯田祐史,202510010601
6,6,12,タニセンダイヤ,牝3,55.0,菊沢一樹,1:48.6,アタマ,89.2,13.0,516(-8),[東] 根本康広,202510010601
7,5,10,ララベルドゥニュイ,牝3,52.0,川端海翼,1:48.7,3/4,22.8,7.0,510(-4),[西] 松下武士,202510010601
8,2,4,サバイバルナイン,牝3,52.0,石神深道,1:49.2,2.1/2,132.8,14.0,492(+17),[東] 和田雄二,202510010601
9,1,1,チョウリニア,牝3,52.0,古川奈穂,1:49.2,クビ,149.9,16.0,434(-2),[西] 羽月友彦,202510010601
10,8,16,ヴァリラプトル,牝3,55.0,斎藤新,1:49.3,1/2,62.6,12.0,400(-4),[西] 高野友和,202510010601
11,8,15,センビトウリョウ,牝3,52.0,今村聖奈,1:49.7,2.1/2,11.8,4.0,424(0),[西] 今野貞一,202510010601
12,1,2,テンペスタリー,牝3,55.0,長岡禎仁,1:50.1,2.1/2,39.2,8.0,408(-6),[西] 長谷川浩,202510010601
13,7,14,サンピノン,牝3,54.0,松本大輝,1:50.8,4,62.2,11.0,438(-4),[西] 谷潔,202510010601
14,2,3,アルファベガ,牝3,55.0,丸山元気,1:50.9,クビ,50.6,10.0,434(0),[西] 須貝尚介,202510010601
15,5,9,ファイナルクイーン,牝3,55.0,小崎綾也,1:50.9,クビ,133.8,15.0,418(-12),[西] 高橋康之,202510010601
16,4,7,カランダッシュ,牝3,55.0,佐々木大,1:52.7,大,2.9,1.0,460(-6),[西] 須貝尚介,202510010601
1,4,8,ヴォラヴィア,牡3,57.0,秋山稔樹,1:51.2,,9.2,6.0,450(0),[西] 杉山佳明,202510010602
2,3,6,ウインリベラシオン,牡3,57.0,長岡禎仁,1:51.8,3.1/2,3.9,1.0,478(-4),[西] 緒方努,202510010602
3,8,15,ジュラ,牝3,55.0,菊沢一樹,1:52.6,5,15.5,7.0,450(0),[東] 小手川準,202510010602
4,2,3,ツーエムクロノス,牡3,57.0,丸山元気,1:52.7,3/4,7.6,4.0,506(+2),[西] 本田優,202510010602
5,2,4,オロスコピオ,牝3,54.0,小沢大仁,1:52.8,クビ,44.5,10.0,428(-6),[東] 青木孝文,202510010602
6,3,5,ココロエ,牝3,55.0,黛弘人,1:53.0,1.1/4,289.7,16.0,408(+6),[東] 本間忍,202510010602
7,6,12,テーオーミリカン,牡3,54.0,柴田裕一,1:53.1,1,5.1,3.0,466(+2),[西] 宮徹,202510010602
8,4,7,ラブリイグレイス,牝3,55.0,斎藤新,1:53.2,3/4,8.4,5.0,430(+6),[西] 宮地貴稔,202510010602
9,6,11,ミセスリリー,牝3,55.0,大野拓弥,1:53.4,1.1/4,57.1,12.0,460(+2),[東] 上原佑紀,202510010602
10,1,2,パドメ,牝3,52.0,川端海翼,1:53.4,ハナ,21.9,8.0,482(-2),[西] 清水久詞,202510010602
11,7,14,パリモード,牝3,55.0,的場勇人,1:53.6,1.1/4,172.4,15.0,420(+4),[東] 的場均,202510010602
12,8,16,ウォーターバンドル,牡3,57.0,菱田裕二,1:53.8,1.1/4,56.8,11.0,472(+12),[西] 岡田稲男,202510010602
13,1,1,テイエムドレミラン,牡3,56.0,泉谷楓真,1:54.1,2,144.1,14.0,498(+4),[西] 木原一良,202510010602
14,5,10,クリップクロップ,牝3,53.0,永島まな,1:55.0,5,62.9,13.0,454(0),[西] 村山明,202510010602
15,5,9,ジュントミー,牝3,55.0,荻野極,1:56.2,7,4.9,2.0,486(-4),[西] 友道康夫,202510010602
16,7,13,アットワンス,牡3,57.0,佐々木大,2:18.1,大,23.8,9.0,454(+6),[西] 長谷川浩,202510010602
1,4,5,ボルセーナ,牝3,52.0,石神深道,0:58.4,,14.2,3.0,448(-4),[西] 奥村豊,202510010603
2,7,11,キャリーグレイス,牝3,55.0,菊沢一樹,0:58.6,1.1/2,16.1,7.0,442(0),[西] 寺島良,202510010603
3,6,9,イフウドウドウ,牡3,57.0,角田大和,0:59.0,2.1/2,5.2,2.0,508(+6),[西] 角田晃一,202510010603
4,3,3,ブルドッグキング,牡3,57.0,斎藤新,0:59.3,1.3/4,1.7,1.0,502(0),[東] 斎藤誠,202510010603
5,8,13,ローレルゼロ,牡3,54.0,橋木太希,0:59.5,1.1/4,15.9,6.0,474(-4),[西] 高橋康之,202510010603
6,4,6,リーサイェイ,牡3,57.0,佐々木大,0:59.6,1/2,14.4,4.0,460(+2),[東] 池上昌和,202510010603
7,5,7,ロッカバイベイビー,牝3,55.0,吉田隼人,0:59.8,1.1/2,15.4,5.0,446(0),[東] 伊藤圭三,202510010603
8,2,2,スマートビビット,牝3,52.0,川端海翼,0:59.9,クビ,22.8,8.0,456(0),[西] 新谷功一,202510010603
9,1,1,カシノベティ,牝3,52.0,土田真翔,1:00.7,5,292.6,14.0,450(+10),[東] 和田雄二,202510010603
10,7,12,ダイメイハッピー,牝3,55.0,丸山元気,1:00.7,クビ,35.6,10.0,506(0),[西] 森田直行,202510010603
11,5,8,マイボーイ,牡3,54.0,石田拓郎,1:00.7,クビ,52.7,11.0,478(+4),[東] 加藤士津,202510010603
11,8,14,ルジュウェール,牡3,55.0,永島まな,1:00.7,同着,84.4,12.0,496(-3),[東] 小手川準,202510010603
13,3,4,キタノフローラ,牝3,52.0,柴田裕一,1:00.8,1/2,167.6,13.0,456(+26),[東] 萱野浩二,202510010603
14,6,10,キーソナタ,牝3,55.0,荻野極,1:01.3,3,29.5,9.0,444(+8),[東] 矢嶋大樹,202510010603
1,1,1,クラウンセト,牡6,60.0,草野太郎,3:14.1,,9.0,4.0,468(+4),[東] 本間忍,202510010604
2,7,10,シホノスペランツァ,牡6,60.0,中村将之,3:15.9,大,5.5,2.0,488(+2),[西] 寺島良,202510010604
3,5,5,テイエムマジック,牡7,60.0,難波剛健,3:16.0,クビ,23.3,7.0,508(+2),[西] 木原一良,202510010604
4,7,9,コスモチプリア,牝5,58.0,大江原圭,3:16.1,3/4,81.8,11.0,468(+14),[東] 松永康利,202510010604
5,8,12,ナムラドーギー,牡4,59.0,伴啓太,3:16.1,クビ,14.1,5.0,454(-4),[東] 石栗龍彦,202510010604
6,6,7,ウィズユアドリーム,牡5,60.0,高田潤,3:17.0,5,1.6,1.0,504(+2),[西] 宮地貴稔,202510010604
7,5,6,サンダーアラート,セ4,59.0,上野翔,3:17.1,3/4,8.7,3.0,478(-2),[東] 田中博康,202510010604
8,4,4,マグナレガリア,牡4,57.0,土田真翔,3:17.1,クビ,62.7,9.0,492(+20),[東] 相沢郁,202510010604
9,2,2,テイエムイダテン,牡8,60.0,小野寺祐,3:20.5,大,101.6,12.0,488(+10),[西] 小椋研介,202510010604
10,3,3,メイショウカズサ,牡8,60.0,森一馬,3:20.7,3/4,14.3,6.0,492(+2),[西] 安達昭夫,202510010604
11,6,8,マルベリーシチー,牡5,60.0,小牧加矢,3:23.4,大,44.5,8.0,500(0),[東] 奥平雅士,202510010604
12,8,11,ベストディシジョン,セ4,59.0,石神深一,3:30.0,大,78.7,10.0,494(-4),[東] 武井亮,202510010604
1,4,4,コーチェラバレー,牡3,57.0,斎藤新,2:04.1,,5.3,3.0,436(0),[西] 安田翔伍,202510010605
2,7,9,ノアチュロス,牝3,55.0,丸山元気,2:04.5,2.1/2,20.5,10.0,490(0),[西] 梅田智之,202510010605
3,5,6,ブリリアントカーラ,牝3,52.0,川端海翼,2:06.3,大,17.5,8.0,422(0),[西] 杉山佳明,202510010605
4,6,7,キングベル,牡3,57.0,国分恭介,2:06.4,クビ,11.7,5.0,544(0),[西] 鈴木孝志,202510010605
5,5,5,ハイクオリティ,牡3,57.0,長岡禎仁,2:06.7,2,4.8,2.0,492(0),[西] 今野貞一,202510010605
6,7,10,ライトニングラン,牝3,55.0,菊沢一樹,2:06.8,3/4,59.7,11.0,432(0),[西] 梅田智之,202510010605
7,6,8,ウィズプライド,牡3,57.0,菱田裕二,2:07.0,1.1/2,15.3,7.0,446(0),[西] 浜田多実,202510010605
8,8,11,ジーティートシオー,牡3,57.0,佐々木大,2:07.1,クビ,9.9,4.0,466(0),[西] 西村真幸,202510010605
9,2,2,ロッツオブプランズ,牝3,55.0,藤岡佑介,2:07.4,1.1/2,2.8,1.0,494(0),[西] 四位洋文,202510010605
10,1,1,キボウノチカラ,牝3,53.0,永島まな,2:08.4,6,18.3,9.0,488(0),[西] 高橋一哉,202510010605
11,8,12,ハクシンダンス,牝3,52.0,石田拓郎,2:10.4,大,98.7,12.0,468(0),[東] 伊藤伸一,202510010605
12,3,3,ソリッドベーシス,牡3,57.0,荻野極,2:10.5,1/2,14.5,6.0,494(0),[西] 安田翔伍,202510010605
1,1,1,アーサーズウェイン,牝3,54.0,小沢大仁,1:10.5,,12.2,5.0,442(+6),[西] 高橋一哉,202510010606
2,3,5,ナンナンプー,牝3,52.0,石神深道,1:11.0,3,41.6,10.0,446(0),[東] 矢嶋大樹,202510010606
3,8,17,シュパネントパール,牝3,55.0,秋山稔樹,1:11.0,ハナ,23.6,8.0,440(0),[西] 河嶋宏樹,202510010606
4,5,9,デボラ,牝3,55.0,佐々木大,1:11.1,クビ,2.2,1.0,460(+2),[西] 西園正都,202510010606
5,4,8,グリフォン,牝3,52.0,古川奈穂,1:11.1,アタマ,34.0,9.0,420(-6),[西] 小椋研介,202510010606
6,8,16,オーシンブーケ,牝3,55.0,斎藤新,1:11.1,ハナ,87.0,14.0,442(+4),[東] 斎藤誠,202510010606
7,5,10,ブラックソンソルト,牝3,53.0,永島まな,1:11.1,アタマ,17.6,7.0,414(-2),[西] 松永幹夫,202510010606
8,4,7,スティルシャイニン,牡3,56.0,松本大輝,1:11.1,ハナ,268.6,16.0,470(+14),[東] 天間昭一,202510010606
9,6,12,ブラックケリー,牝3,55.0,角田大和,1:11.1,ハナ,7.1,3.0,442(+10),[西] 長谷川浩,202510010606
10,6,11,リケアエスプレッソ,牡3,54.0,橋木太希,1:11.3,3/4,41.8,11.0,454(+4),[東] 小野次郎,202510010606
11,7,13,キャスパインパクト,牡3,56.0,泉谷楓真,1:11.3,クビ,14.4,6.0,460(+10),[西] 清水久詞,202510010606
12,3,6,ヨシノサプライズ,牝3,52.0,柴田裕一,1:11.3,アタマ,7.1,4.0,452(-6),[西] 中竹和也,202510010606
13,7,14,プレインコート,牝3,52.0,川端海翼,1:11.7,2.1/2,44.1,12.0,392(-4),[西] 吉岡辰弥,202510010606
14,8,15,タガノサダフ,牡3,54.0,鷲頭虎太,1:12.0,1.1/2,60.5,13.0,462(-4),[西] 斉藤崇史,202510010606
15,2,3,モズアンドモズ,牝3,52.0,今村聖奈,1:12.2,1.1/4,6.9,2.0,446(+4),[東] 栗田徹,202510010606
16,1,2,ラブスノー,牝3,52.0,土田真翔,1:12.2,クビ,322.1,17.0,454(0),[東] 蛯名利弘,202510010606
17,2,4,アイカチャン,牝3,52.0,石田拓郎,1:12.9,4,253.7,15.0,392(-2),[東] 蛯名利弘,202510010606
1,1,1,ワイノナオミ,牝4,55.0,荻野極,1:46.7,,5.4,3.0,458(+4),[西] 畑端省吾,202510010607
2,6,9,ステラスプレンダー,牝4,52.0,川端海翼,1:46.7,アタマ,27.3,10.0,438(+2),[西] 石坂公一,202510010607
3,4,5,ヒヒーン,牝4,55.0,佐々木大,1:47.3,3.1/2,3.5,1.0,472(0),[西] 須貝尚介,202510010607
4,7,11,オーロヴェール,牝4,55.0,菱田裕二,1:47.3,ハナ,16.2,7.0,492(+2),[西] 田中克典,202510010607
5,7,10,ケープウィッカム,牝4,55.0,丸山元気,1:47.4,1/2,7.8,4.0,452(+10),[東] 中舘英二,202510010607
6,3,3,フローラルセント,牝4,55.0,斎藤新,1:47.4,クビ,3.6,2.0,458(-18),[西] 松下武士,202510010607
7,6,8,ヒロインズクレスト,牝4,52.0,今村聖奈,1:47.8,2.1/2,14.3,6.0,470(0),[西] 本田優,202510010607
8,5,6,サンダーアリュール,牝4,55.0,菊沢一樹,1:48.0,1,16.7,8.0,458(+16),[東] 菊川正達,202510010607
9,8,12,ワイドカイゼリン,牝5,56.0,藤岡佑介,1:48.1,クビ,22.6,9.0,484(-6),[西] 奥村豊,202510010607
10,5,7,リヤンドゥミラクル,牝4,54.0,小沢大仁,1:48.1,クビ,12.7,5.0,436(+12),[東] 和田勇介,202510010607
11,8,13,セレスティアリティ,牝5,56.0,角田大和,1:48.4,1.3/4,61.6,11.0,480(+10),[西] 西村真幸,202510010607
12,2,2,コウセイマリア,牝5,53.0,石神深道,1:48.6,1,287.0,13.0,410(+6),[東] 和田雄二,202510010607
13,4,4,シュテルンロット,牝5,54.0,永島まな,1:49.2,4,95.4,12.0,436(-8),[西] 高橋康之,202510010607
1,4,7,プリズマジコ,牡4,57.0,秋山稔樹,2:02.1,,3.7,1.0,450(-6),[西] 高橋義忠,202510010608
2,2,4,ヴィスマール,牡4,56.0,小沢大仁,2:02.1,クビ,5.9,5.0,452(0),[西] 奥村豊,202510010608
3,5,10,マテンロウゴールド,牡4,57.0,藤岡佑介,2:02.1,クビ,4.2,2.0,522(+6),[西] 中内田充,202510010608
4,7,13,ヘザルフェン,牡4,57.0,菊沢一樹,2:02.7,3.1/2,32.0,8.0,494(0),[西] 昆貢,202510010608
5,1,2,マイバラード,牡5,58.0,杉原誠人,2:02.7,クビ,26.7,7.0,486(+4),[東] 松永康利,202510010608
6,2,3,サングラデーション,牡5,58.0,大野拓弥,2:02.8,1/2,34.4,9.0,430(+4),[東] 千葉直人,202510010608
7,8,15,スピードリッチ,牡4,57.0,丸山元気,2:02.9,1/2,4.9,3.0,486(+8),[西] 藤岡健一,202510010608
8,3,5,ミラキュラスドラマ,牡4,57.0,荻野極,2:03.0,クビ,92.5,12.0,466(+10),[西] 宮地貴稔,202510010608
9,6,11,マイファミリー,牡4,57.0,黛弘人,2:03.0,ハナ,5.6,4.0,452(-2),[東] 深山雅史,202510010608
10,6,12,コスモカノア,牝4,52.0,川端海翼,2:03.2,1,171.8,14.0,374(-2),[東] 大和田成,202510010608
11,3,6,ワオン,牡4,54.0,石田拓郎,2:03.3,1,88.7,11.0,480(-6),[東] 武藤善則,202510010608
12,7,14,リメリック,牡4,54.0,石神深道,2:03.3,クビ,141.7,13.0,464(+6),[東] 宗像義忠,202510010608
13,4,8,スコプルス,牝5,56.0,斎藤新,2:03.4,クビ,201.9,15.0,440(-2),[東] 天間昭一,202510010608
14,8,16,チャイボーグ,牝5,56.0,的場勇人,2:03.9,3,445.9,16.0,500(+8),[東] 的場均,202510010608
15,5,9,サトノリアン,牡4,57.0,佐々木大,2:05.5,10,50.9,10.0,472(-9),[東] 萩原清,202510010608
16,1,1,アランヴェリテ,セ6,55.0,柴田裕一,2:05.9,2.1/2,20.9,6.0,478(-14),[西] 中竹和也,202510010608
1,8,16,ドゥアムール,牝3,55.0,藤岡佑介,1:10.0,,16.1,6.0,470(-8),[西] 中竹和也,202510010609
2,6,11,フウセツ,牡3,57.0,丸山元気,1:10.0,ハナ,5.7,3.0,492(+8),[東] 鈴木慎太,202510010609
3,4,7,カルプスペルシュ,牝3,55.0,菱田裕二,1:10.2,1,4.9,2.0,466(+10),[西] 石坂公一,202510010609
4,6,12,ナムラトロム,牡3,57.0,大野拓弥,1:10.3,1/2,40.9,10.0,454(-2),[東] 石栗龍彦,202510010609
5,3,5,ロードヴェルト,牡3,57.0,国分恭介,1:10.4,1/2,41.2,11.0,426(+2),[西] 牧浦充徳,202510010609
6,1,2,タマモティーカップ,牝3,55.0,長岡禎仁,1:10.7,1.3/4,20.1,8.0,444(-6),[西] 高橋亮,202510010609
7,1,1,ヴァージル,牡3,57.0,高倉稜,1:10.7,クビ,2.5,1.0,456(+2),[西] 杉山晴紀,202510010609
8,2,3,ユメシバイ,牝3,55.0,永島まな,1:10.8,1/2,77.3,12.0,446(-4),[西] 松永幹夫,202510010609
9,5,10,オンザブルースカイ,牡3,57.0,小沢大仁,1:10.8,アタマ,8.6,4.0,470(+10),[西] 谷潔,202510010609
10,4,8,セイウンビッグバン,牡3,57.0,杉原誠人,1:10.9,1/2,10.9,5.0,440(+4),[東] 萱野浩二,202510010609
11,7,14,エコロハート,牝3,55.0,佐々木大,1:11.0,3/4,79.5,14.0,424(-4),[西] 須貝尚介,202510010609
12,8,15,セルヴァンス,牡3,57.0,菊沢一樹,1:11.1,クビ,19.9,7.0,432(0),[西] 小椋研介,202510010609
13,2,4,ラインパシオン,牝3,55.0,的場勇人,1:11.2,1/2,342.4,16.0,396(0),[東] 水野貴広,202510010609
14,3,6,ゼンダンタカ,牝3,55.0,角田大和,1:11.4,1.1/2,77.8,13.0,430(-6),[西] 角田晃一,202510010609
15,7,13,エイヨーアメジスト,牝3,55.0,斎藤新,1:11.5,1/2,39.7,9.0,448(+4),[西] 牧田和弥,202510010609
16,5,9,ロッピス,牝3,55.0,黛弘人,1:13.3,大,310.6,15.0,384(-8),[東] 伊藤大士,202510010609
1,8,15,レシプロシティ,牝5,56.0,大野拓弥,1:45.0,,3.2,1.0,460(0),[東] 田村康仁,202510010610
2,4,7,パフ,牡4,57.0,荻野極,1:45.2,1,5.0,3.0,472(+6),[西] 橋口慎介,202510010610
3,5,10,サイモンブーケ,牝5,56.0,古川奈穂,1:45.4,1.1/4,61.3,12.0,510(-4),[西] 梅田智之,202510010610
4,7,13,カンジ,牡4,57.0,佐々木大,1:45.6,1.1/4,13.9,5.0,518(+2),[東] 武井亮,202510010610
5,7,14,アセレラシオン,牡4,57.0,藤岡佑介,1:45.8,1.1/4,14.0,6.0,546(+28),[西] 浜田多実,202510010610
6,6,11,テーオールビー,牝4,55.0,斎藤新,1:45.9,クビ,3.9,2.0,454(-8),[西] 宮徹,202510010610
7,2,4,タマモヴェナトル,牡5,58.0,菊沢一樹,1:46.0,クビ,8.4,4.0,454(+12),[東] 菊沢隆徳,202510010610
8,1,2,トウキチロウ,牡5,58.0,菱田裕二,1:46.2,1.1/4,30.2,9.0,498(+4),[東] 蛯名正義,202510010610
9,2,3,クォーツァイト,牝4,55.0,杉原誠人,1:46.4,1.1/4,105.6,15.0,464(+2),[東] 斎藤誠,202510010610
10,6,12,オースミリン,牝6,56.0,高倉稜,1:46.4,クビ,54.2,11.0,458(+2),[西] 荒川義之,202510010610
11,1,1,スマートハンター,牡5,58.0,小沢大仁,1:46.4,アタマ,61.4,13.0,508(+6),[西] 中村直也,202510010610
12,8,16,コルデアニル,牝5,56.0,泉谷楓真,1:46.9,2.1/2,253.7,16.0,476(-14),[東] 金成貴史,202510010610
13,5,9,ヴォルスター,牡4,57.0,川端海翼,1:46.9,アタマ,19.1,7.0,438(0),[西] 清水久詞,202510010610
14,4,8,アニトラ,牝5,56.0,黛弘人,1:47.4,3,63.0,14.0,466(+10),[東] 矢嶋大樹,202510010610
15,3,6,ヴァンヴィーヴ,牡4,57.0,国分恭介,1:47.7,1.1/2,38.5,10.0,510(+6),[西] 牧浦充徳,202510010610
16,3,5,ディアサクセサー,牡5,58.0,丸山元気,1:54.7,大,27.3,8.0,536(+18),[西] 松永幹夫,202510010610
1,7,8,ドゥラドーレス,牡6,57.0,杉原誠人,2:01.5,,4.8,2.0,502(0),[東] 宮田敬介,202510010611
2,6,7,シルトホルン,牡5,57.0,大野拓弥,2:01.7,3/4,5.2,3.0,482(+14),[東] 新開幸一,202510010611
3,5,5,ウインシュクラン,セ7,57.0,丸山元気,2:02.0,2,25.2,8.0,472(+16),[東] 鹿戸雄一,202510010611
4,7,9,ホウオウプロサンゲ,牡4,56.0,菱田裕二,2:02.6,3.1/2,3.6,1.0,492(0),[西] 矢作芳人,202510010611
5,2,2,リカンカブール,牡6,59.0,吉田隼人,2:02.7,1/2,7.1,5.0,498(+2),[西] 田中克典,202510010611
6,3,3,ギャラクシーナイト,牡6,57.0,菊沢一樹,2:02.7,ハナ,6.1,4.0,508(-4),[東] 菊沢隆徳,202510010611
7,8,11,グラティアス,牡7,57.0,斎藤新,2:02.8,3/4,33.2,10.0,506(-2),[西] 安田翔伍,202510010611
8,6,6,ショウナンマグマ,牡6,58.0,荻野極,2:02.9,クビ,28.6,9.0,524(0),[東] 尾関知人,202510010611
9,4,4,グリューヴルム,牡6,57.0,小沢大仁,2:03.2,1.3/4,62.4,11.0,496(-4),[西] 大久保龍,202510010611
10,1,1,レッドランメルト,牡6,57.0,佐々木大,2:03.3,3/4,12.4,6.0,526(+16),[東] 国枝栄,202510010611
11,8,10,メイショウシンタケ,牡7,58.0,藤岡佑介,2:03.8,3,12.9,7.0,484(0),[西] 千田輝彦,202510010611
1,3,6,ダイヤモンドフジ,牡6,58.0,国分恭介,1:10.4,,9.1,3.0,466(+4),[西] 宮本博,202510010612
2,4,8,ジャグアール,牡4,58.0,菊沢一樹,1:10.4,ハナ,10.2,6.0,462(+6),[東] 矢野英一,202510010612
3,2,3,デアデルマーレ,牝5,56.0,長岡禎仁,1:10.5,1/2,4.4,2.0,480(-6),[西] 坂口智康,202510010612
4,7,13,モンレーヴ,牝4,53.0,石神深道,1:10.5,クビ,17.8,8.0,482(+6),[東] 金成貴史,202510010612
5,8,17,ルクスアドラー,牡4,58.0,佐々木大,1:10.6,クビ,3.5,1.0,466(+4),[西] 須貝尚介,202510010612
6,1,1,マランジュ,牝5,56.0,斎藤新,1:10.6,クビ,59.4,15.0,434(-8),[西] 田中克典,202510010612
7,4,7,ルージュラメンテ,牝4,53.0,古川奈穂,1:10.6,ハナ,9.7,5.0,448(-2),[西] 高橋一哉,202510010612
8,6,12,マーゴットメネス,牡4,58.0,荻野極,1:10.6,ハナ,20.9,9.0,484(+8),[東] 伊坂重信,202510010612
9,7,14,ニシノリアリティ,牡4,58.0,杉原誠人,1:11.0,2,9.5,4.0,522(-6),[東] 田村康仁,202510010612
10,8,18,ブラヴィーノ,牡6,56.0,永島まな,1:11.0,クビ,46.8,12.0,468(+8),[東] 天間昭一,202510010612
11,7,15,ベベ,牡5,58.0,黛弘人,1:11.1,アタマ,42.1,11.0,506(+8),[東] 武市康男,202510010612
12,3,5,ハルカナネガイ,牝6,53.0,川端海翼,1:11.1,クビ,103.5,17.0,438(-2),[西] 藤沢則雄,202510010612
13,5,10,バイデンテソーロ,牡4,58.0,吉田隼人,1:11.2,3/4,16.5,7.0,494(+14),[東] 畠山吉宏,202510010612
14,6,11,ルンナノオクリモノ,牡5,57.0,小沢大仁,1:11.4,3/4,51.8,14.0,472(0),[西] 大根田裕,202510010612
15,8,16,ニシノクラウン,セ4,58.0,大野拓弥,1:11.4,ハナ,28.4,10.0,480(+4),[東] 相沢郁,202510010612
16,5,9,ユニヴェールアン,牝4,53.0,柴田裕一,1:11.5,1,62.1,16.0,482(-2),[東] 中川公成,202510010612
17,2,4,サンダーユニバンス,牡4,58.0,小崎綾也,1:11.7,1.1/4,48.6,13.0,476(+8),[西] 奥村豊,202510010612
取,1,2,レイワホマレ,牡6,55.0,石田拓郎,,,---,,計不,[西] 高柳大輔,202510010612
1,4,5,ダイチラポール,牡3,55.0,永島まな,1:47.6,,19.1,6.0,470(-6),[東] 蛯名利弘,202510010701
2,4,6,マンオブザマッチ,牡3,57.0,丹内祐次,1:47.9,1.1/2,3.0,1.0,484(-2),[西] 高橋義忠,202510010701
3,5,7,ライフゲート,セ3,55.0,小林脩斗,1:48.3,2.1/2,66.3,10.0,502(-12),[東] 伊藤圭三,202510010701
4,7,11,グレイスフルマーチ,牡3,57.0,藤岡佑介,1:48.3,アタマ,15.1,5.0,462(-2),[西] 中村直也,202510010701
5,3,3,リネンドライブ,セ3,57.0,秋山稔樹,1:48.3,クビ,54.2,8.0,482(0),[東] 南田美知,202510010701
6,8,14,ヤスケ,牡3,57.0,佐々木大,1:48.4,1/2,38.0,7.0,502(-8),[東] 中舘英二,202510010701
7,3,4,ベルエアフォース,牡3,57.0,荻野極,1:48.5,1/2,8.0,4.0,518(0),[西] 野中賢二,202510010701
8,6,9,メイショウキタダケ,牡3,54.0,川端海翼,1:48.6,1/2,123.7,13.0,440(-10),[西] 荒川義之,202510010701
9,8,13,チュラビックタイム,牡3,57.0,斎藤新,1:49.0,2.1/2,81.1,11.0,476(-8),[東] 斎藤誠,202510010701
10,5,8,ミラクルブルー,牡3,57.0,鮫島克駿,1:49.0,クビ,3.2,2.0,478(-6),[西] 小林真也,202510010701
11,6,10,ラマヌジャン,牡3,57.0,浜中俊,1:49.1,クビ,3.9,3.0,486(-4),[西] 宮地貴稔,202510010701
12,7,12,カフジアッサム,牡3,57.0,小沢大仁,1:50.1,6,60.0,9.0,482(-6),[西] 木原一良,202510010701
13,1,1,ナックシュバリエ,牡3,54.0,石田拓郎,1:50.6,2.1/2,157.1,14.0,490(-6),[東] 杉浦宏昭,202510010701
14,2,2,レプス,牡3,57.0,菊沢一樹,1:51.0,2.1/2,104.6,12.0,508(0),[東] 堀内岳志,202510010701
1,5,10,ヴェントゥーラ,牝3,52.0,柴田裕一,1:08.0,,32.6,10.0,464(+4),[西] 小栗実,202510010702
2,2,4,ハリウッドメモリー,牝3,55.0,佐々木大,1:08.5,2.1/2,2.9,1.0,452(-4),[西] 長谷川浩,202510010702
3,7,13,ビーム,牡3,57.0,丹内祐次,1:08.8,2,5.0,2.0,486(0),[西] 上村洋行,202510010702
4,1,2,スネーフリンガ,牝3,55.0,丸山元気,1:08.9,1/2,55.3,11.0,456(+6),[西] 森田直行,202510010702
5,6,11,ダングラール,牡3,57.0,斎藤新,1:09.1,1.1/4,21.6,8.0,466(-6),[東] 田中博康,202510010702
6,7,15,ダブルシルバー,牡3,57.0,藤岡佑介,1:09.1,クビ,14.9,6.0,460(-4),[西] 小椋研介,202510010702
7,8,16,アンダースコア,牡3,57.0,加藤祥太,1:09.3,1.1/4,5.6,3.0,454(+6),[西] 庄野靖志,202510010702
8,2,3,ヴィオレンツァ,牡3,57.0,小沢大仁,1:09.7,2.1/2,28.1,9.0,448(+10),[西] 福永祐一,202510010702
9,4,7,カネトシブレーブ,牡3,57.0,川又賢治,1:09.8,1/2,64.5,12.0,466(-2),[西] 寺島良,202510010702
10,8,17,クロスレジーナ,牝3,55.0,藤懸貴志,1:09.8,ハナ,6.7,4.0,414(-8),[西] 高橋亮,202510010702
11,3,6,ウーバーストロング,牡3,54.0,今村聖奈,1:09.8,クビ,13.8,5.0,470(-2),[東] 杉浦宏昭,202510010702
12,4,8,カシノクンプウ,牡3,53.0,河原田菜,1:10.6,5,303.1,18.0,448(-3),[西] 北出成人,202510010702
13,8,18,レディエンス,牝3,55.0,鮫島克駿,1:10.7,1,15.1,7.0,446(+4),[西] 藤野健太,202510010702
14,1,1,マットーネロッソ,牝3,52.0,橋木太希,1:10.8,1/2,230.6,15.0,456(-6),[西] 中尾秀正,202510010702
15,3,5,ハッピーダンシング,牝3,52.0,石神深道,1:11.0,1.1/4,257.5,16.0,428(-12),[東] 和田正一,202510010702
16,7,14,スカイスクレイパー,牡3,57.0,荻野極,1:11.2,1,273.6,17.0,494(-2),[東] 矢野英一,202510010702
17,6,12,ヴァレスカ,牝3,52.0,古川奈穂,1:11.2,クビ,84.7,13.0,382(+2),[西] 音無秀孝,202510010702
18,5,9,ブライキングボス,牡3,57.0,菊沢一樹,1:12.9,10,154.4,14.0,444(0),[東] 清水英克,202510010702
1,5,8,ワイルドゴーア,牡3,54.0,石神深道,0:59.4,,4.8,3.0,460(-2),[東] 加藤士津,202510010703
2,1,1,オースミライト,牝3,55.0,加藤祥太,0:59.5,クビ,2.9,1.0,476(+6),[西] 宮本博,202510010703
3,8,13,マルモリスパークル,牡3,56.0,泉谷楓真,0:59.9,2.1/2,4.6,2.0,474(+2),[西] 大橋勇樹,202510010703
4,3,3,キャットデイ,牝3,53.0,永島まな,1:00.3,2.1/2,11.0,6.0,424(-4),[西] 吉村圭司,202510010703
5,3,4,タイセイウーノ,牡3,56.0,松本大輝,1:00.4,3/4,17.2,8.0,508(-4),[西] 田中克典,202510010703
6,5,7,キーベスト,牡3,57.0,秋山稔樹,1:00.5,クビ,67.9,9.0,496(0),[東] 黒岩陽一,202510010703
7,2,2,ライヴドライバー,牡3,57.0,丹内祐次,1:00.7,1.1/2,13.4,7.0,510(0),[東] 尾形和幸,202510010703
8,4,5,デルタウェーブ,牝3,55.0,菊沢一樹,1:00.7,ハナ,9.9,5.0,460(0),[西] 西園翔太,202510010703
9,7,12,イエスユイキャン,牝3,55.0,吉田隼人,1:00.8,クビ,70.6,10.0,428(-4),[東] 竹内正洋,202510010703
10,6,9,コモモチャン,牝3,52.0,古川奈穂,1:00.8,クビ,100.6,12.0,438(-18),[西] 牧浦充徳,202510010703
11,4,6,レイワエポック,牝3,52.0,柴田裕一,1:00.9,1/2,100.1,11.0,422(-4),[西] 高柳大輔,202510010703
12,7,11,オーケーダイナ,牝3,55.0,藤岡佑介,1:01.0,クビ,9.7,4.0,420(+4),[西] 奥村豊,202510010703
13,8,14,ソノバシノギ,牝3,51.0,小林美駒,1:01.1,1,114.3,13.0,464(+2),[東] 深山雅史,202510010703
14,6,10,クリスタルテン,牝3,51.0,河原田菜,1:01.2,クビ,280.8,14.0,422(-12),[東] 水野貴広,202510010703
1,8,8,スズカキング,牡8,60.0,小野寺祐,3:12.6,,2.0,1.0,458(0),[西] 谷潔,202510010704
2,8,9,プラチナムレイアー,セ7,60.0,小牧加矢,3:13.2,3.1/2,17.3,6.0,498(-4),[西] 河嶋宏樹,202510010704
3,4,4,トゥラッタッタ,牡4,59.0,江田勇亮,3:14.1,5,107.7,9.0,478(+4),[東] 新開幸一,202510010704
4,3,3,トラファルガー,セ5,60.0,石神深一,3:14.1,クビ,3.9,2.0,516(+14),[東] 加藤和宏,202510010704
5,2,2,ザスリーサーティ,牡10,60.0,伴啓太,3:14.5,2.1/2,8.8,5.0,494(0),[東] 尾形和幸,202510010704
6,7,7,メネラオス,牡4,59.0,森一馬,3:14.6,クビ,39.2,7.0,562(+2),[西] 奥村豊,202510010704
7,6,6,ディープレイヤー,牡6,60.0,五十嵐雄,3:14.7,1/2,39.6,8.0,504(+2),[東] 大和田成,202510010704
8,5,5,ヴラディア,牡6,60.0,上野翔,3:16.1,9,7.0,3.0,502(+12),[東] 小西一男,202510010704
中,1,1,サニーオーシャン,セ7,60.0,草野太郎,,,7.9,4.0,458(0),[東] 杉浦宏昭,202510010704
1,5,10,ゼンダンハヤブサ,牡3,57.0,藤岡佑介,1:49.1,,3.2,1.0,444(0),[西] 佐々木晶,202510010705
2,7,13,ウインベラーノ,牡3,57.0,丹内祐次,1:49.2,クビ,3.9,2.0,442(-4),[西] 宮徹,202510010705
3,1,2,ジュルナール,牝3,55.0,吉田隼人,1:49.3,1,14.1,5.0,462(+6),[西] 池添学,202510010705
4,3,6,マイネルフルムーン,牡3,57.0,丸山元気,1:49.4,クビ,4.8,3.0,452(0),[西] 吉田直弘,202510010705
5,2,4,クラウンアールシー,牡3,53.0,河原田菜,1:49.5,1,21.0,7.0,460(0),[東] 加藤士津,202510010705
6,6,11,ゼットエイト,牡3,57.0,国分恭介,1:49.6,クビ,114.2,13.0,452(+14),[西] 宮地貴稔,202510010705
7,4,7,レッドイストワール,牡3,57.0,斎藤新,1:49.7,3/4,17.8,6.0,456(-4),[東] 田中博康,202510010705
8,3,5,ポンペルモ,牡3,54.0,橋木太希,1:49.8,1,38.2,9.0,428(+2),[西] 西園正都,202510010705
9,1,1,ファンタズマ,牡3,57.0,佐々木大,1:49.9,クビ,5.8,4.0,462(+10),[東] 上原佑紀,202510010705
10,7,14,ピンクブルー,牝3,55.0,菊沢一樹,1:50.1,1.1/4,114.4,14.0,416(-6),[東] 小手川準,202510010705
11,5,9,ルージュミステリオ,牝3,55.0,鮫島克駿,1:50.1,クビ,40.6,10.0,428(0),[西] 辻野泰之,202510010705
12,6,12,トモエゴゼン,牝3,52.0,今村聖奈,1:50.3,1,102.3,12.0,470(0),[西] 藤岡健一,202510010705
13,4,8,ジュエリーメモリー,牝3,53.0,小林脩斗,1:50.4,1/2,150.3,15.0,370(+4),[東] 粕谷昌央,202510010705
14,8,16,ワイドメテオール,牡3,57.0,小沢大仁,1:50.8,2.1/2,54.6,11.0,434(-6),[西] 福永祐一,202510010705
15,8,15,ジョウショーメイク,牝3,52.0,柴田裕一,1:51.0,3/4,25.9,8.0,422(0),[西] 中尾秀正,202510010705
16,2,3,ナックカイザー,牡3,57.0,黛弘人,1:57.2,大,376.3,16.0,460(+2),[東] 小野次郎,202510010705
1,6,12,セシリエプラージュ,牝4,56.0,丹内祐次,1:08.5,,2.9,1.0,422(+18),[西] 中村直也,202510010706
2,7,14,ブルボンクイーン,牝4,56.0,国分恭介,1:09.0,3,7.7,4.0,468(-4),[西] 角田晃一,202510010706
3,3,5,ビーコング,牡4,56.0,永島まな,1:09.1,クビ,28.0,7.0,488(-6),[東] 小手川準,202510010706
4,5,9,ニシノアヤカゼ,牝4,52.0,小林美駒,1:09.3,1.1/4,69.4,11.0,460(0),[東] 鈴木伸尋,202510010706
5,1,2,ウインアステロイド,牡8,58.0,丸山元気,1:09.4,3/4,13.5,5.0,474(+8),[東] 和田正一,202510010706
6,8,17,シンデレラスマイル,牝5,56.0,鮫島克駿,1:09.4,アタマ,77.2,12.0,458(+4),[東] 武藤善則,202510010706
7,8,18,アルマロクザン,牝5,56.0,吉田隼人,1:09.5,1/2,111.0,16.0,468(-2),[東] 伊藤伸一,202510010706
8,4,7,シルバーダイヤ,牝5,56.0,佐々木大,1:09.5,クビ,3.3,2.0,470(+2),[東] 小野次郎,202510010706
9,1,1,アナレクタ,牡4,57.0,松本大輝,1:09.6,1/2,95.8,14.0,466(-8),[西] 千田輝彦,202510010706
10,6,11,レガテアドール,牡4,58.0,斎藤新,1:09.6,クビ,47.1,9.0,424(-6),[西] 吉田直弘,202510010706
11,5,10,ナックブレイブ,牡5,55.0,石田拓郎,1:09.9,1.3/4,104.3,15.0,514(+24),[東] 杉浦宏昭,202510010706
12,4,8,レッドテンペスト,セ5,58.0,浜中俊,1:10.0,クビ,51.3,10.0,462(-4),[西] 笹田和秀,202510010706
13,8,16,コネッシオーネ,牝4,56.0,加藤祥太,1:10.1,1,15.1,6.0,456(+4),[西] 杉山晴紀,202510010706
14,7,15,セレッソフレイム,牝7,53.0,柴田裕一,1:10.1,アタマ,298.9,18.0,450(-8),[西] 小椋研介,202510010706
15,2,4,キガン,牝5,56.0,荻野極,1:10.5,2.1/2,43.1,8.0,474(-8),[東] 小島茂之,202510010706
16,7,13,キーウェーブ,牡4,58.0,藤岡佑介,1:10.5,クビ,5.8,3.0,424(-10),[西] 宮地貴稔,202510010706
17,3,6,ビッグパレード,牝6,56.0,黛弘人,1:11.3,5,94.5,13.0,488(-16),[東] 伊藤大士,202510010706
18,2,3,ビスケット,牝5,53.0,石神深道,1:11.3,アタマ,212.7,17.0,452(-2),[東] 和田正一,202510010706
1,8,11,ウェイトゥゴー,牝4,55.0,丸山元気,1:46.5,,3.1,1.0,460(-4),[西] 昆貢,202510010707
2,6,6,ウィンターガーデン,牝4,55.0,吉田隼人,1:46.5,クビ,4.6,3.0,482(-2),[西] 武幸四郎,202510010707
3,4,4,ブラックドレス,牝4,52.0,川端海翼,1:46.9,2,36.1,9.0,434(-2),[西] 谷潔,202510010707
4,6,7,ミレニアムヒロイン,牝4,55.0,佐々木大,1:46.9,アタマ,3.4,2.0,432(0),[東] 池上昌和,202510010707
5,3,3,スナークメモリー,牝5,54.0,永島まな,1:47.0,クビ,12.7,6.0,430(-6),[西] 宮地貴稔,202510010707
6,5,5,グレイトフルペイン,牝4,52.0,柴田裕一,1:47.2,1.1/2,102.3,10.0,460(-4),[西] 茶木太樹,202510010707
7,2,2,ランスノーブル,牝5,53.0,石田拓郎,1:47.8,3.1/2,9.1,4.0,454(-8),[東] 上原博之,202510010707
8,7,8,ノリピー,牝4,55.0,国分恭介,1:47.9,1/2,15.2,7.0,452(-2),[西] 西園翔太,202510010707
9,1,1,ホウオウシンデレラ,牝4,55.0,鮫島克駿,1:48.0,1/2,12.0,5.0,470(+6),[東] 奥村武,202510010707
10,8,10,リエータメンテ,牝4,55.0,小沢大仁,1:48.2,1.1/2,21.1,8.0,464(-6),[西] 藤原英昭,202510010707
11,7,9,セレスティアリティ,牝5,55.0,泉谷楓真,1:48.4,1.1/2,126.2,11.0,474(-6),[西] 西村真幸,202510010707
1,5,8,スマイルスルー,牡5,60.0,高田潤,3:44.7,,1.6,1.0,524(+6),[西] 斉藤崇史,202510010708
2,4,5,サイード,セ6,60.0,小坂忠士,3:44.8,1/2,15.5,5.0,496(-6),[西] 角田晃一,202510010708
3,6,9,サペラヴィ,牡8,60.0,江田勇亮,3:45.4,4,18.5,6.0,494(+4),[東] 南田美知,202510010708
4,3,3,アランデル,セ7,60.0,上野翔,3:45.9,3,13.0,4.0,542(+6),[東] 大竹正博,202510010708
5,7,12,ピーターサイト,牡5,60.0,大江原圭,3:46.2,1.1/2,181.3,13.0,480(+6),[東] 村田一誠,202510010708
6,8,14,パーリーブラック,牡5,60.0,草野太郎,3:46.4,1.1/4,85.0,11.0,480(+2),[東] 伊坂重信,202510010708
7,2,2,ブラックボイス,牡6,60.0,石神深一,3:47.0,3.1/2,6.3,3.0,518(+6),[東] 宮田敬介,202510010708
8,6,10,ドゥラモンド,牡7,60.0,森一馬,3:47.3,1.1/2,42.7,9.0,502(+8),[東] 手塚貴久,202510010708
9,3,4,テイエムタツマキ,牡7,60.0,黒岩悠,3:47.3,アタマ,36.0,8.0,508(-4),[西] 武英智,202510010708
10,5,7,ザレストノーウェア,牡7,60.0,伴啓太,3:48.5,7,136.9,12.0,476(+2),[東] 新開幸一,202510010708
11,1,1,アサクサゲンキ,セ10,60.0,小牧加矢,3:48.8,1.3/4,6.1,2.0,478(+2),[西] 音無秀孝,202510010708
12,7,11,エンデュミオン,牡8,60.0,小野寺祐,3:52.2,大,34.1,7.0,470(+10),[西] 清水久詞,202510010708
13,8,13,サクラトップラン,牝6,58.0,田村太雅,3:54.2,大,311.8,14.0,472(-4),[西] 中尾秀正,202510010708
中,4,6,ナリノモンターニュ,牡8,60.0,五十嵐雄,,,62.6,10.0,524(+6),[東] 上原博之,202510010708
1,6,6,タイセイリコルド,牡3,57.0,丹内祐次,2:01.3,,4.3,2.0,466(-20),[西] 小栗実,202510010709
2,3,3,ニホンピロデヴィン,牡3,57.0,小沢大仁,2:01.5,1.1/4,17.3,7.0,442(+6),[西] 緒方努,202510010709
3,4,4,フォーキャンドルズ,牡3,57.0,丸山元気,2:01.9,2.1/2,15.3,6.0,502(-10),[西] 本田優,202510010709
4,2,2,ドーギッド,牝3,55.0,鮫島克駿,2:02.0,3/4,3.0,1.0,462(-4),[西] 矢作芳人,202510010709
5,1,1,ショウナンラフィネ,牝3,55.0,荻野極,2:02.0,ハナ,62.0,9.0,400(-10),[西] 高野友和,202510010709
6,8,9,イガッチ,牡3,57.0,浜中俊,2:02.1,1/2,4.8,4.0,476(-6),[西] 笹田和秀,202510010709
7,8,8,ムーンライトラガー,牝3,55.0,荻野琢真,2:02.1,クビ,4.5,3.0,418(+2),[西] 大久保龍,202510010709
8,5,5,バルティカ,牡3,57.0,斎藤新,2:02.4,1.1/2,8.7,5.0,436(-8),[西] 高橋亮,202510010709
9,7,7,サンコンクエスト,牝3,55.0,高倉稜,2:02.7,2,54.2,8.0,534(+2),[西] 渡辺薫彦,202510010709
1,4,6,シルキーガール,牝4,55.0,佐々木大,1:59.7,,3.3,2.0,454(-8),[西] 上村洋行,202510010710
2,6,10,ファミリーツリー,牝4,55.0,古川奈穂,1:59.7,クビ,25.3,10.0,444(0),[西] 河嶋宏樹,202510010710
3,5,9,リラボニート,牝4,55.0,浜中俊,2:00.1,2.1/2,3.0,1.0,456(-6),[西] 須貝尚介,202510010710
4,4,7,キットハナガサク,牝4,55.0,藤岡佑介,2:00.1,アタマ,15.5,6.0,444(-2),[東] 武井亮,202510010710
5,2,3,ムガ,牝6,56.0,鮫島克駿,2:00.2,1/2,12.9,5.0,458(-6),[西] 高橋一哉,202510010710
6,8,14,レッセパッセ,牝4,55.0,丹内祐次,2:00.3,3/4,9.2,3.0,388(+2),[西] 西園翔太,202510010710
7,1,1,ピンクジン,牝5,56.0,黛弘人,2:00.4,クビ,17.4,7.0,446(-2),[東] 南田美知,202510010710
8,5,8,ナムララジベラ,牝5,56.0,小林脩斗,2:00.4,クビ,30.3,11.0,480(+2),[東] 石栗龍彦,202510010710
9,7,12,ピクシレーション,牝5,56.0,菊沢一樹,2:00.5,1/2,11.1,4.0,476(-2),[東] 菊沢隆徳,202510010710
10,3,5,レミージュ,牝5,56.0,荻野極,2:00.5,クビ,17.8,8.0,442(-6),[西] 松永幹夫,202510010710
11,6,11,コイニョウボウ,牝5,56.0,永島まな,2:00.6,クビ,111.9,15.0,414(-4),[西] 中尾秀正,202510010710
12,2,2,アトミックフレア,牝7,56.0,泉谷楓真,2:00.7,1/2,92.2,14.0,444(-6),[西] 渡辺薫彦,202510010710
13,3,4,ニシノコウフク,牝5,56.0,斎藤新,2:00.7,アタマ,58.8,13.0,472(-4),[東] 伊藤大士,202510010710
14,8,15,ウェイビー,牝5,56.0,藤懸貴志,2:01.3,3.1/2,22.4,9.0,534(0),[西] 西村真幸,202510010710
15,7,13,スタティスティクス,牝6,56.0,丸山元気,2:03.1,大,55.7,12.0,448(+2),[西] 石坂公一,202510010710
1,4,8,マイネルレノン,牡6,58.0,丹内祐次,1:07.8,,4.3,1.0,482(+2),[西] 宮徹,202510010711
2,2,4,エマヌエーレ,牡5,58.0,荻野極,1:07.8,クビ,14.5,6.0,508(0),[西] 平田修,202510010711
3,5,10,ポエットリー,牝4,56.0,鮫島克駿,1:08.0,1,16.7,8.0,472(-4),[西] 平田修,202510010711
4,8,18,シュヴェルトライテ,牝6,56.0,泉谷楓真,1:08.1,1,56.2,12.0,446(0),[東] 池上昌和,202510010711
5,6,12,トーラスシャイン,牡4,58.0,松本大輝,1:08.2,1/2,5.9,2.0,474(+4),[西] 田中克典,202510010711
6,3,5,ラキエータ,牝6,56.0,斎藤新,1:08.3,1,19.3,9.0,430(+6),[西] 音無秀孝,202510010711
7,6,11,ルーフ,牝5,56.0,藤岡佑介,1:08.4,3/4,20.4,10.0,482(-6),[西] 清水久詞,202510010711
8,2,3,ショウナンマッハ,セ6,58.0,国分恭介,1:08.5,クビ,121.8,17.0,492(-10),[西] 茶木太樹,202510010711
9,5,9,ショウナンアレス,牡7,58.0,藤懸貴志,1:08.5,アタマ,71.5,14.0,538(+8),[西] 新谷功一,202510010711
10,7,13,ウルトラソニック,牡7,58.0,柴田裕一,1:08.5,ハナ,58.8,13.0,470(-12),[西] 中尾秀正,202510010711
11,8,16,トーセンエスクード,牡5,58.0,吉田隼人,1:08.6,3/4,6.0,3.0,454(+16),[東] 菊沢隆徳,202510010711
12,8,17,コナブラック,牡6,58.0,川端海翼,1:08.8,3/4,75.6,15.0,524(0),[西] 清水久詞,202510010711
13,1,1,トーセンサンダー,牡6,58.0,佐々木大,1:08.8,クビ,9.3,5.0,494(-6),[東] 杉浦宏昭,202510010711
14,4,7,プロスペリダード,牝5,56.0,菊沢一樹,1:08.9,クビ,21.6,11.0,444(-2),[西] 西園翔太,202510010711
15,7,14,タツダイヤモンド,牡5,58.0,高倉稜,1:09.0,1,15.7,7.0,478(-6),[西] 鮫島一歩,202510010711
16,7,15,メイショウエニシア,牝7,56.0,黛弘人,1:09.1,1/2,152.7,18.0,462(+2),[西] 本田優,202510010711
17,3,6,ウォータールグラン,牝6,56.0,丸山元気,1:09.1,ハナ,6.6,4.0,518(+2),[西] 河内洋,202510010711
18,1,2,トレンディスター,牝5,56.0,小沢大仁,1:12.2,大,91.4,16.0,490(-2),[西] 高柳大輔,202510010711
1,1,1,グランドセントラル,牡4,57.0,秋山稔樹,1:45.7,,3.7,2.0,460(-8),[西] 北出成人,202510010712
2,8,11,アレナパラシオ,牡4,54.0,川端海翼,1:46.2,3,6.6,3.0,468(-2),[西] 四位洋文,202510010712
3,2,2,エピファドール,牝4,55.0,小沢大仁,1:46.5,2,18.9,8.0,468(-2),[西] 石橋守,202510010712
4,7,9,ガラスノブルース,牡4,57.0,丹内祐次,1:46.5,ハナ,11.5,6.0,450(+2),[東] 田村康仁,202510010712
5,7,10,ナチュラルリバー,牡5,58.0,荻野極,1:46.7,1.1/4,10.3,5.0,480(0),[西] 宮地貴稔,202510010712
6,5,6,スパークインザアイ,セ8,55.0,石田拓郎,1:46.7,アタマ,103.0,11.0,484(-2),[東] 小島茂之,202510010712
7,4,4,イエルバブエナ,牡5,58.0,菊沢一樹,1:46.9,1.1/4,31.3,9.0,472(-12),[東] 村田一誠,202510010712
8,5,5,マーベリックシチー,牡4,54.0,柴田裕一,1:47.0,1,40.8,10.0,464(-2),[西] 岡田稲男,202510010712
9,6,7,ブルーゴールド,牡5,55.0,石神深道,1:47.2,1.1/4,132.7,12.0,516(+6),[東] 根本康広,202510010712
10,3,3,サトノレイズ,牡4,57.0,佐々木大,1:47.2,ハナ,16.1,7.0,458(+2),[東] 萩原清,202510010712
11,8,12,メイショウクモイ,牡5,58.0,藤岡佑介,1:47.3,クビ,2.9,1.0,482(+8),[西] 飯田祐史,202510010712
12,6,8,ケロシンドリームズ,牡4,57.0,鮫島克駿,1:47.6,1.3/4,7.8,4.0,506(-6),[西] 新谷功一,202510010712
1,1,2,サザンティスプーン,牝3,52.0,石田拓郎,1:47.7,,56.0,11.0,434(-6),[東] 鈴木伸尋,202510010801
2,5,10,リックメイン,牝3,51.0,小林美駒,1:47.8,1/2,4.4,2.0,448(-2),[東] 武井亮,202510010801
3,1,1,ミッシングユー,牝3,55.0,小沢大仁,1:48.2,2.1/2,17.7,6.0,466(0),[西] 橋口慎介,202510010801
4,5,9,ルージュラティーナ,牝3,55.0,荻野極,1:48.8,3.1/2,2.3,1.0,490(0),[西] 池江泰寿,202510010801
5,6,11,スルーザナイト,牝3,55.0,斎藤新,1:48.8,ハナ,6.8,3.0,474(-2),[西] 西園翔太,202510010801
6,2,3,シャンクドール,牝3,55.0,太宰啓介,1:49.1,1.3/4,43.4,9.0,462(+4),[西] 石橋守,202510010801
7,3,5,ライラックデューン,牝3,51.0,河原田菜,1:49.4,2,204.2,14.0,458(0),[西] 緒方努,202510010801
8,8,16,テットドール,牝3,52.0,川端海翼,1:49.6,1.1/4,37.2,8.0,444(-12),[西] 庄野靖志,202510010801
9,7,14,スタニングヴュー,牝3,53.0,小林脩斗,1:49.6,ハナ,219.4,16.0,458(+2),[東] 石毛善彦,202510010801
10,3,6,ハルサメ,牝3,55.0,丹内祐次,1:49.6,アタマ,9.9,5.0,416(0),[西] 西園翔太,202510010801
11,4,7,タイムレス,牝3,55.0,丸山元気,1:49.8,1.1/2,59.7,12.0,438(-4),[東] 根本康広,202510010801
12,6,12,フルセンド,牝3,52.0,今村聖奈,1:50.0,3/4,55.7,10.0,462(-8),[西] 福永祐一,202510010801
13,4,8,ベルフォン,牝3,52.0,石神深道,1:50.0,ハナ,87.7,13.0,412(+2),[西] 新谷功一,202510010801
14,8,15,エファルジェント,牝3,55.0,菊沢一樹,1:51.4,8,212.3,15.0,442(+6),[東] 堀内岳志,202510010801
15,7,13,ラインピクシー,牝3,55.0,高倉稜,1:52.1,4,18.0,7.0,480(+6),[西] 長谷川浩,202510010801
16,2,4,ミンストレルソング,牝3,53.0,永島まな,1:53.0,5,8.1,4.0,450(-6),[西] 音無秀孝,202510010801
1,8,16,チェルビアット,牝3,55.0,鮫島克駿,1:09.6,,3.7,1.0,482(-4),[西] 高野友和,202510010802
2,8,18,エクレア,牝3,55.0,丸山元気,1:09.6,ハナ,4.6,2.0,460(+4),[西] 鮫島一歩,202510010802
3,4,7,メイショウセイロウ,牡3,57.0,国分恭介,1:09.7,1/2,5.3,3.0,420(-2),[西] 荒川義之,202510010802
4,7,13,マグネシアブリック,牡3,57.0,吉田隼人,1:09.7,クビ,12.5,6.0,464(+6),[東] 中舘英二,202510010802
5,2,3,シルフレイ,牝3,55.0,丹内祐次,1:09.8,1/2,5.4,4.0,430(0),[東] 千葉直人,202510010802
6,1,2,シャルパンティエ,牝3,51.0,小林美駒,1:10.1,1.3/4,89.5,12.0,412(-8),[東] 南田美知,202510010802
7,1,1,ロッキンミー,牝3,55.0,佐々木大,1:10.1,クビ,8.5,5.0,436(0),[東] 杉浦宏昭,202510010802
8,5,10,ロケットバディー,牝3,52.0,石神深道,1:10.2,クビ,133.5,13.0,430(+20),[東] 斎藤誠,202510010802
9,7,14,ニューウォーク,牝3,53.0,小林脩斗,1:10.2,ハナ,30.5,9.0,450(+4),[東] 粕谷昌央,202510010802
10,5,9,アイドル,牝3,55.0,荻野極,1:10.3,1,18.3,7.0,492(+10),[東] 上原佑紀,202510010802
11,4,8,コンスピラシー,牝3,55.0,斎藤新,1:10.3,アタマ,28.1,8.0,452(-6),[東] 本間忍,202510010802
12,7,15,アーバンガール,牝3,55.0,川須栄彦,1:10.4,3/4,260.6,16.0,478(+4),[西] 小椋研介,202510010802
13,8,17,リケアアッサム,牝3,55.0,秋山稔樹,1:11.1,4,327.6,17.0,446(-7),[東] 蛯名利弘,202510010802
14,6,12,プルメリアリング,牝3,55.0,小沢大仁,1:11.2,1/2,52.0,11.0,416(0),[西] 藤原英昭,202510010802
15,6,11,ニシノヘリオトロプ,牝3,51.0,河原田菜,1:11.3,1,479.2,18.0,440(0),[東] 杉浦宏昭,202510010802
16,3,6,マリノドゥードゥー,牝3,54.0,松本大輝,1:11.4,クビ,211.8,14.0,436(0),[西] 角田晃一,202510010802
17,2,4,ミリオンヒット,牝3,53.0,永島まな,1:11.5,3/4,43.9,10.0,394(-14),[東] 伊坂重信,202510010802
18,3,5,メイプルエイト,牡3,57.0,菊沢一樹,1:12.1,3.1/2,252.4,15.0,430(-4),[東] 清水英克,202510010802
1,8,14,ジェネラーレ,牡4,58.0,鮫島克駿,0:58.2,,8.2,5.0,500(+28),[西] 野中賢二,202510010803
2,1,1,イナフセド,牡5,55.0,川端海翼,0:58.7,3,13.4,7.0,474(0),[西] 小林真也,202510010803
3,3,3,シャーンゴッセ,セ5,57.0,泉谷楓真,0:58.9,1,10.6,6.0,510(+2),[東] 蛯名正義,202510010803
4,3,4,グッドヴァイブス,牡4,58.0,佐々木大,0:58.9,アタマ,4.3,2.0,480(0),[東] 高柳瑞樹,202510010803
5,2,2,スマートオリーブ,牝6,53.0,石神深道,0:58.9,アタマ,22.3,8.0,492(+12),[東] 蛯名利弘,202510010803
6,4,5,ヨシノヤッタルデー,牡4,56.0,永島まな,0:59.1,1.1/2,5.0,3.0,452(-4),[西] 中竹和也,202510010803
7,8,13,スイッチオン,牡5,58.0,菊沢一樹,0:59.2,クビ,34.5,9.0,484(+2),[東] 小手川準,202510010803
8,7,12,ミスターディジェイ,牡4,58.0,丹内祐次,0:59.2,ハナ,4.1,1.0,548(+6),[東] 清水英克,202510010803
9,7,11,パトジュニア,牡4,58.0,国分恭介,0:59.3,1/2,120.6,13.0,512(-4),[西] 小崎憲,202510010803
10,6,9,ルージュルミナス,牝6,56.0,小沢大仁,0:59.3,アタマ,69.7,11.0,452(-16),[西] 平田修,202510010803
11,5,7,プロテア,セ5,58.0,秋山稔樹,0:59.3,ハナ,6.4,4.0,476(+2),[西] 宮本博,202510010803
12,5,8,アイスリンディ,牝4,53.0,石田拓郎,0:59.3,クビ,56.4,10.0,456(+4),[西] 高柳大輔,202510010803
13,4,6,シンゼンシャイン,牡7,55.0,今村聖奈,0:59.9,3.1/2,99.0,12.0,502(-8),[西] 飯田祐史,202510010803
14,6,10,バッファローライズ,牡4,56.0,小林脩斗,1:00.0,クビ,136.8,14.0,508(0),[東] 伊藤圭三,202510010803
1,4,4,ナイトスピアー,牡5,60.0,大江原圭,3:14.5,,97.5,11.0,488(+2),[東] 小野次郎,202510010804
2,1,1,ジーククローネ,セ5,60.0,草野太郎,3:14.7,1.1/4,5.2,2.0,456(+4),[東] 宮田敬介,202510010804
3,2,2,ホウオウエクレール,牡8,60.0,小牧加矢,3:15.0,1.1/2,1.6,1.0,506(+2),[西] 宮徹,202510010804
4,6,6,アースブレイブ,セ8,60.0,江田勇亮,3:15.2,1.1/4,10.2,4.0,470(+4),[東] 宗像義忠,202510010804
5,8,11,グランナヴィール,牡4,59.0,上野翔,3:16.3,7,33.4,7.0,542(+12),[東] 堀内岳志,202510010804
6,8,10,ウインメラナイト,牡4,59.0,森一馬,3:16.3,クビ,18.8,6.0,510(+10),[西] 緒方努,202510010804
7,6,7,トモジャオッシュ,牡4,59.0,難波剛健,3:16.4,1/2,61.1,9.0,486(+4),[西] 大根田裕,202510010804
8,5,5,ビオグラフィア,牡7,60.0,中村将之,3:17.7,8,6.4,3.0,508(+8),[西] 松下武士,202510010804
9,7,9,トップスティール,牡6,60.0,石神深一,3:18.0,2,18.2,5.0,508(-2),[東] 深山雅史,202510010804
10,7,8,ボルタドマール,セ6,60.0,伴啓太,3:18.2,1,35.2,8.0,520(+2),[東] 黒岩陽一,202510010804
中,3,3,ハイラブハンター,牡7,60.0,小野寺祐,,,92.3,10.0,496(+4),[西] 谷潔,202510010804
1,5,8,オーシンエス,牡3,57.0,藤岡佑介,2:02.3,,9.2,5.0,468(+4),[西] 宮徹,202510010805
2,4,5,ミッドセンチュリー,牡3,55.0,小林脩斗,2:02.3,クビ,27.3,8.0,450(-10),[東] 松山将樹,202510010805
3,4,6,キャニオンデシェイ,牡3,57.0,丹内祐次,2:02.4,クビ,3.3,1.0,490(-2),[西] 友道康夫,202510010805
4,3,3,ストレートブラック,牝3,55.0,黛弘人,2:02.4,クビ,11.9,6.0,434(+4),[東] 奥平雅士,202510010805
5,6,9,サミダレナイツ,牡3,54.0,柴田裕一,2:02.4,クビ,7.9,4.0,482(-2),[西] 谷潔,202510010805
6,8,13,ユイノガリクソン,牡3,57.0,吉田隼人,2:02.6,3/4,94.6,12.0,424(-4),[東] 深山雅史,202510010805
7,8,14,マイネルラファール,牡3,57.0,佐々木大,2:02.7,1/2,28.4,9.0,464(-2),[東] 畠山吉宏,202510010805
8,3,4,ブルーメサイア,牡3,55.0,永島まな,2:02.9,1.1/4,47.1,10.0,456(+2),[東] 国枝栄,202510010805
9,7,12,ゴールドドロップ,牝3,52.0,今村聖奈,2:02.9,アタマ,24.4,7.0,438(0),[西] 寺島良,202510010805
10,6,10,キタノチャンス,牝3,55.0,菊沢一樹,2:03.0,1/2,108.4,13.0,450(-8),[東] 石栗龍彦,202510010805
11,2,2,ジョイエッロ,牡3,57.0,荻野極,2:03.0,クビ,5.1,3.0,444(0),[西] 池江泰寿,202510010805
12,5,7,ルークピオーネ,牝3,55.0,国分優作,2:03.1,3/4,347.9,14.0,452(-6),[西] 畑端省吾,202510010805
13,7,11,サンライズフーガ,牡3,57.0,小沢大仁,2:03.3,1,90.6,11.0,490(+18),[西] 河内洋,202510010805
14,1,1,コスモグローリー,牡3,57.0,丸山元気,2:03.5,1.1/4,3.6,2.0,460(+2),[西] 北出成人,202510010805
1,3,6,エルフストラック,牝4,55.0,丹内祐次,1:47.2,,4.8,2.0,486(+10),[西] 中村直也,202510010806
2,6,12,オオナミコナミ,牝4,55.0,鮫島克駿,1:47.2,クビ,4.4,1.0,478(+4),[西] 牧浦充徳,202510010806
3,5,10,インマイポケット,牝4,55.0,吉田隼人,1:47.5,1.3/4,5.6,3.0,434(-2),[西] 武幸四郎,202510010806
4,2,4,クイーンズワーフ,牝4,55.0,菊沢一樹,1:47.8,1.1/2,24.0,8.0,454(+10),[東] 青木孝文,202510010806
5,8,16,ニシノコマチムスメ,牝4,55.0,黛弘人,1:48.0,1.1/2,79.1,12.0,440(+4),[東] 松山将樹,202510010806
6,4,8,クインズステラ,牝6,53.0,石神深道,1:48.1,1/2,36.0,9.0,468(+2),[東] 池上昌和,202510010806
7,7,13,ジーティーポライト,牝4,52.0,石田拓郎,1:48.1,クビ,167.4,13.0,460(+10),[東] 加藤和宏,202510010806
8,7,14,オリーボーレン,牝4,55.0,藤岡佑介,1:48.1,ハナ,7.4,5.0,460(+4),[西] 藤岡健一,202510010806
9,8,15,ブリックワーク,牝4,55.0,斎藤新,1:48.2,クビ,7.3,4.0,442(+8),[西] 辻野泰之,202510010806
10,5,9,イリスレーン,牝5,54.0,永島まな,1:48.4,1,7.7,6.0,482(+6),[西] 清水久詞,202510010806
11,4,7,メアヴィア,牝4,55.0,丸山元気,1:48.4,アタマ,37.8,10.0,466(0),[東] 金成貴史,202510010806
12,1,2,シルバーニース,牝5,56.0,佐々木大,1:48.5,3/4,74.8,11.0,458(+2),[東] 田村康仁,202510010806
13,2,3,ルトゥール,牝4,55.0,荻野極,1:48.5,クビ,10.2,7.0,478(+6),[西] 中内田充,202510010806
14,6,11,スコプルス,牝5,56.0,国分優作,1:48.6,クビ,259.1,16.0,436(-4),[東] 天間昭一,202510010806
15,1,1,ディアマンドロップ,牝4,55.0,太宰啓介,1:48.6,クビ,196.4,15.0,470(+4),[西] 昆貢,202510010806
16,3,5,ウインフランシーズ,牝5,56.0,小沢大仁,1:49.0,2,185.7,14.0,470(+8),[西] 緒方努,202510010806
1,4,8,サラトガチップス,牡4,55.0,永島まな,2:40.6,,3.8,2.0,436(+6),[西] 新谷功一,202510010807
2,5,10,ローザサンリヴァル,牡4,57.0,鮫島克駿,2:40.7,1/2,4.4,3.0,512(+2),[西] 高野友和,202510010807
3,5,9,テイクザクラウン,牡4,57.0,斎藤新,2:40.8,3/4,19.7,6.0,440(0),[西] 吉村圭司,202510010807
4,4,7,ウインリュクス,牝5,56.0,丹内祐次,2:40.9,1/2,29.5,7.0,432(-6),[西] 吉田直弘,202510010807
5,6,12,ゼンノインヴォーク,セ6,58.0,藤岡佑介,2:40.9,ハナ,2.8,1.0,442(-2),[西] 四位洋文,202510010807
6,1,1,テイキットイージー,牡4,57.0,川須栄彦,2:40.9,ハナ,46.1,11.0,446(+14),[東] 萱野浩二,202510010807
7,1,2,オールデュスヴラン,牡4,57.0,荻野極,2:40.9,アタマ,92.3,15.0,484(+2),[西] 池江泰寿,202510010807
8,7,13,マイネルイージス,牡6,58.0,丸山元気,2:41.0,クビ,33.2,9.0,482(+2),[東] 清水英克,202510010807
9,7,14,キヨラ,牝7,56.0,黛弘人,2:41.2,1.1/4,63.6,13.0,478(+4),[東] 堀内岳志,202510010807
10,2,3,ビッグベルーガ,牡5,58.0,国分恭介,2:41.5,2,15.2,5.0,474(+6),[西] 牧浦充徳,202510010807
11,3,5,トレポンティ,牝4,52.0,川端海翼,2:41.6,1/2,32.3,8.0,446(-6),[西] 石坂公一,202510010807
12,8,15,ミッキーストライク,牡4,57.0,佐々木大,2:41.6,クビ,10.6,4.0,514(-4),[西] 矢作芳人,202510010807
13,2,4,リアンクトワ,牝4,52.0,柴田裕一,2:41.9,1.1/2,57.9,12.0,436(-2),[西] 辻野泰之,202510010807
14,8,16,アスプリージャ,牡4,57.0,吉田隼人,2:42.1,1.1/4,42.0,10.0,472(-8),[東] 中舘英二,202510010807
15,3,6,ヘキレキイッセン,牡5,58.0,秋山稔樹,2:42.2,1,232.8,16.0,486(+10),[東] 天間昭一,202510010807
16,6,11,コーラルムーン,牝4,52.0,古川奈穂,2:43.1,5,88.6,14.0,442(+4),[西] 牧田和弥,202510010807
1,5,8,ルフトクス,牝4,55.0,佐々木大,1:46.0,,1.6,1.0,460(+6),[西] 杉山佳明,202510010808
2,2,2,ブリッツクリーク,牡4,57.0,秋山稔樹,1:46.0,クビ,6.9,2.0,516(-4),[西] 北出成人,202510010808
3,8,14,ゴンドワナ,セ5,58.0,荻野極,1:46.3,2,159.6,13.0,482(-2),[東] 小島茂之,202510010808
4,7,11,トクシージェネラル,牡4,57.0,丹内祐次,1:46.6,1.3/4,7.4,3.0,524(-4),[東] 辻哲英,202510010808
5,1,1,ホウオウバローロ,牡4,57.0,斎藤新,1:46.7,1/2,31.4,8.0,450(0),[西] 音無秀孝,202510010808
6,3,3,アイファーファイト,牡6,58.0,小沢大仁,1:47.0,1.1/2,38.5,10.0,444(+2),[西] 鮫島一歩,202510010808
7,6,10,ウイングスオブラヴ,セ6,55.0,今村聖奈,1:47.0,アタマ,36.4,9.0,476(-4),[西] 笹田和秀,202510010808
8,4,6,エイブラムス,牡4,57.0,菊沢一樹,1:47.0,ハナ,9.3,4.0,474(+8),[東] 鈴木慎太,202510010808
9,4,5,イモータルソウル,牡7,54.0,河原田菜,1:47.1,1/2,221.5,14.0,464(0),[東] 千葉直人,202510010808
10,6,9,シェアホルダーズ,牡4,54.0,川端海翼,1:47.2,1/2,20.6,6.0,484(+8),[西] 松永幹夫,202510010808
11,3,4,マウリノ,牡4,57.0,黛弘人,1:47.3,1/2,101.4,12.0,466(+14),[東] 水野貴広,202510010808
12,7,12,ジェンマ,牡4,53.0,小林美駒,1:47.8,3,30.2,7.0,486(0),[東] 尾形和幸,202510010808
13,8,13,ブラックバラード,牡4,54.0,石田拓郎,1:47.8,クビ,19.6,5.0,472(-4),[東] 嘉藤貴行,202510010808
14,5,7,ミクロフィラム,牝4,53.0,永島まな,1:48.8,6,42.0,11.0,442(+2),[西] 斉藤崇史,202510010808
1,8,17,ソノママソノママ,牝5,53.0,泉谷楓真,1:08.6,,8.0,3.0,442(-2),[西] 奥村豊,202510010809
2,8,18,ワンダーキサラ,牝6,56.0,太宰啓介,1:08.6,ハナ,4.6,2.0,472(+10),[西] 石橋守,202510010809
3,8,16,トーセントラム,牡5,54.0,秋山稔樹,1:08.6,クビ,18.7,7.0,452(-2),[東] 佐藤吉勝,202510010809
4,5,10,グランツベリー,牝5,53.0,国分恭介,1:08.7,3/4,19.8,8.0,454(0),[西] 田中克典,202510010809
5,7,15,テーオースパロー,牡6,56.0,佐々木大,1:08.8,クビ,27.0,9.0,490(-6),[西] 清水久詞,202510010809
6,3,6,アイヲツグモノ,牝5,54.0,鮫島良太,1:09.0,1.1/4,28.4,10.0,498(-4),[西] 牧浦充徳,202510010809
7,6,12,バシレウスシチー,牡6,57.0,小沢大仁,1:09.0,クビ,12.4,5.0,460(0),[西] 岡田稲男,202510010809
8,2,4,ニシノピウモッソ,牡5,57.0,丹内祐次,1:09.0,ハナ,3.2,1.0,474(+4),[東] 西田雄一,202510010809
9,5,9,オルフェスト,牝5,53.0,丸山元気,1:09.0,ハナ,31.0,11.0,448(+6),[東] 池上昌和,202510010809
10,4,8,トリップトゥムーン,牡6,54.0,松本大輝,1:09.1,3/4,34.2,13.0,462(+2),[東] 粕谷昌央,202510010809
11,6,11,ロゼクラン,牝7,53.0,荻野琢真,1:09.3,3/4,57.0,15.0,454(+8),[西] 藤沢則雄,202510010809
12,7,13,ハートホイップ,牝6,52.0,小林脩斗,1:09.4,3/4,154.3,18.0,492(-4),[東] 蛯名利弘,202510010809
13,1,2,モズトキキ,牝4,55.0,古川奈穂,1:09.4,ハナ,8.9,4.0,550(-2),[西] 村山明,202510010809
14,2,3,ヴェラリーシャ,牝4,51.0,石神深道,1:09.5,クビ,89.9,17.0,480(+6),[東] 伊藤圭三,202510010809
15,3,5,ラホーヤストーム,牝5,53.0,鮫島克駿,1:09.6,3/4,14.5,6.0,484(0),[西] 藤野健太,202510010809
16,4,7,オリアメンディ,牝7,53.0,黛弘人,1:09.6,クビ,41.4,14.0,474(-8),[東] 石毛善彦,202510010809
17,1,1,オバケノキンタ,牡5,52.0,荻野極,1:09.8,1.1/2,34.0,12.0,476(0),[西] 大根田裕,202510010809
18,7,14,フェズカズマ,牡6,53.0,吉田隼人,1:09.9,クビ,85.7,16.0,490(-2),[東] 栗田徹,202510010809
1,8,13,メイショウカゼマチ,牡5,58.0,佐々木大,0:57.9,,18.3,8.0,462(+12),[西] 角田晃一,202510010810
2,8,14,パルプフィクション,牝4,56.0,藤岡佑介,0:58.1,1.1/4,7.0,4.0,436(-6),[西] 飯田祐史,202510010810
3,1,1,タイセイアレス,牡4,58.0,丹内祐次,0:58.4,2,5.8,3.0,490(+4),[西] 西村真幸,202510010810
4,4,5,アネモス,牝5,56.0,国分恭介,0:58.5,3/4,4.2,1.0,514(+4),[西] 北出成人,202510010810
5,3,4,サイレンスゴールド,牡5,58.0,秋山稔樹,0:58.7,1,4.5,2.0,514(-4),[西] 杉山佳明,202510010810
6,3,3,クロンヌドラレーヌ,牝6,56.0,丸山元気,0:58.7,クビ,32.6,12.0,450(-18),[東] 奥平雅士,202510010810
7,6,10,フーコサンライズ,牝4,56.0,松本大輝,0:58.7,ハナ,37.4,13.0,500(-4),[西] 新谷功一,202510010810
8,4,6,アスクアイルビゼア,牡4,58.0,古川奈穂,0:58.7,ハナ,10.6,5.0,472(-6),[西] 矢作芳人,202510010810
9,7,12,ゼンノツキヨミ,牝4,56.0,荻野極,0:59.0,1.1/2,16.0,6.0,432(-10),[西] 武幸四郎,202510010810
10,5,8,テンクウフラワー,牝6,56.0,高倉稜,0:59.5,3,17.2,7.0,432(+4),[西] 渡辺薫彦,202510010810
11,6,9,プレヴィスト,牝4,56.0,斎藤新,0:59.6,1/2,18.3,9.0,470(+4),[西] 池添学,202510010810
12,5,7,トレブランシュ,牝5,56.0,菊沢一樹,0:59.8,1.1/2,31.6,11.0,430(+4),[東] 稲垣幸雄,202510010810
13,2,2,ジェイエルバルカー,牡5,58.0,黛弘人,1:00.4,3.1/2,18.8,10.0,506(+2),[東] 小西一男,202510010810
14,7,11,ラブリプリンチャン,牝5,56.0,小林美駒,1:00.4,ハナ,44.0,14.0,508(+16),[東] 鈴木伸尋,202510010810
1,7,13,キタノエクスプレス,牡7,57.0,国分優作,1:08.5,,5.0,2.0,506(-10),[西] 坂口智康,202510010811
2,6,11,ロードフォアエース,牡4,57.0,鮫島克駿,1:08.5,クビ,2.2,1.0,548(+10),[西] 友道康夫,202510010811
3,3,5,マイネルジェロディ,牡7,57.0,丸山元気,1:08.6,1/2,31.4,9.0,486(+6),[西] 西園正都,202510010811
4,2,3,スマートクラージュ,牡8,58.0,丹内祐次,1:08.7,クビ,7.3,4.0,482(-2),[西] 池江泰寿,202510010811
5,7,12,アスクワンタイム,牡4,57.0,川須栄彦,1:08.7,ハナ,20.6,7.0,460(+8),[西] 梅田智之,202510010811
6,5,8,ディヴィナシオン,牡8,58.0,吉田隼人,1:08.7,クビ,60.4,12.0,480(+6),[西] 森秀行,202510010811
7,3,4,レッドヒルシューズ,牝5,55.0,藤岡佑介,1:08.8,クビ,6.9,3.0,454(0),[西] 武英智,202510010811
8,4,7,ロンドンプラン,牡5,57.0,松本大輝,1:08.8,クビ,53.3,11.0,528(+18),[西] 宮本博,202510010811
9,2,2,レベレンシア,牡6,57.0,荻野極,1:08.9,1/2,15.7,5.0,508(+4),[西] 安田翔伍,202510010811
10,4,6,マメコ,牝6,55.0,高倉稜,1:08.9,ハナ,42.0,10.0,460(-6),[西] 武英智,202510010811
11,1,1,バンデルオーラ,牡6,57.0,国分恭介,1:08.9,ハナ,29.6,8.0,480(+10),[西] 牧浦充徳,202510010811
12,8,15,チェアリングソング,セ8,57.0,菊沢一樹,1:09.0,クビ,156.5,15.0,476(+8),[東] 青木孝文,202510010811
13,5,9,マウンテンムスメ,牝7,55.0,秋山稔樹,1:09.2,1.1/4,91.1,13.0,504(+8),[東] 天間昭一,202510010811
14,8,14,ホープフルサイン,牡9,58.0,太宰啓介,1:09.2,ハナ,16.3,6.0,508(-2),[東] 本間忍,202510010811
15,6,10,クムシラコ,牡7,57.0,黛弘人,1:09.3,1/2,95.6,14.0,474(+4),[東] 石毛善彦,202510010811
1,5,9,マイネルバーテクス,牡4,57.0,丹内祐次,1:48.3,,2.8,1.0,514(-2),[東] 水野貴広,202510010812
2,2,2,ダノンアトラス,牡4,57.0,鮫島克駿,1:48.3,クビ,3.5,2.0,410(+6),[西] 橋口慎介,202510010812
3,7,13,コスモエクスプレス,牡6,58.0,斎藤新,1:48.4,3/4,36.9,9.0,500(-6),[東] 松永康利,202510010812
4,6,10,スノーブリザード,牡4,57.0,鮫島良太,1:48.6,1.1/4,16.9,6.0,490(+6),[西] 畑端省吾,202510010812
5,8,14,ヤマニンアラクリア,牡4,57.0,国分優作,1:48.6,ハナ,9.8,4.0,482(-8),[西] 中村直也,202510010812
6,7,12,サトノエンパイア,牡4,57.0,小沢大仁,1:48.7,3/4,24.7,7.0,430(+2),[西] 藤原英昭,202510010812
7,3,4,エイトスターズ,牝5,56.0,吉田隼人,1:48.8,クビ,10.3,5.0,476(-4),[西] 坂口智康,202510010812
8,3,5,ニシノインヴィクタ,牡4,57.0,黛弘人,1:48.9,1,5.7,3.0,516(0),[東] 本間忍,202510010812
9,4,6,コスモカノア,牝4,51.0,小林美駒,1:49.0,クビ,99.2,13.0,372(-2),[東] 大和田成,202510010812
10,4,7,ゼアズノープレイス,牡6,58.0,的場勇人,1:49.0,クビ,33.6,8.0,518(0),[東] 的場均,202510010812
11,2,3,バロックダンス,牝5,54.0,永島まな,1:49.2,1.1/4,42.1,11.0,462(-4),[東] 小手川準,202510010812
12,6,11,マイネルレグルス,牡4,57.0,佐々木大,1:49.5,1.3/4,41.1,10.0,496(+4),[東] 矢嶋大樹,202510010812
13,8,15,エイユーキュート,牝4,55.0,秋山稔樹,1:49.6,1,67.1,12.0,432(-2),[西] 森田直行,202510010812
14,1,1,コウセイマリア,牝5,53.0,石神深道,1:49.9,1.3/4,152.5,14.0,410(0),[東] 和田雄二,202510010812
15,5,8,マルモルミエール,牡5,57.0,泉谷楓真,1:50.2,1.3/4,208.8,15.0,494(-6),[西] 木原一良,202510010812
1,6,12,ネティフラウ,牝3,55.0,小崎綾也,1:46.6,,9.5,6.0,474(-8),[西] 西園翔太,202510010901
2,8,15,ルージュミラージュ,牝3,52.0,今村聖奈,1:46.8,1.1/4,19.6,8.0,440(-4),[西] 武幸四郎,202510010901
3,4,8,アンドリーナ,牝3,55.0,国分恭介,1:48.4,10,4.1,1.0,448(-2),[西] 牧浦充徳,202510010901
4,2,3,ミラコレジェンヌ,牝3,51.0,小林美駒,1:48.5,3/4,24.7,9.0,440(-12),[東] 和田勇介,202510010901
5,3,5,キミオモウハナ,牝3,55.0,秋山稔樹,1:49.2,4,11.1,7.0,476(0),[西] 杉山佳明,202510010901
6,1,1,デスティニーホープ,牝3,55.0,菊沢一樹,1:49.3,1/2,31.8,10.0,428(-4),[東] 松山将樹,202510010901
7,8,16,ヨドギミ,牝3,55.0,佐々木大,1:49.6,2,5.7,3.0,472(-4),[西] 中村直也,202510010901
8,7,14,リオンプライム,牝3,55.0,丹内祐次,1:49.8,3/4,5.1,2.0,482(+4),[西] 鈴木孝志,202510010901
9,7,13,インナモラート,牝3,54.0,西塚洸二,1:49.8,ハナ,52.2,12.0,468(+2),[西] 千田輝彦,202510010901
10,2,4,ベルフォン,牝3,52.0,石神深道,1:49.8,クビ,187.7,15.0,410(-2),[西] 新谷功一,202510010901
11,4,7,ピリナマアナ,牝3,52.0,柴田裕一,1:50.1,1.3/4,7.0,4.0,442(-10),[西] 橋口慎介,202510010901
12,6,11,ベルヴィオレット,牝3,55.0,角田大和,1:50.8,4,137.4,14.0,410(-6),[西] 小崎憲,202510010901
13,5,9,タニセンダイヤ,牝3,55.0,丸山元気,1:51.5,4,34.2,11.0,516(0),[東] 根本康広,202510010901
14,5,10,インマイブラッド,牝3,55.0,小沢大仁,1:51.6,1/2,9.4,5.0,414(-4),[西] 中尾秀正,202510010901
15,3,6,カツノトゥウェルヴ,牝3,53.0,小林脩斗,1:51.8,1.1/4,119.2,13.0,470(0),[東] 伊藤伸一,202510010901
16,1,2,チアフォーアス,牝3,52.0,川端海翼,1:51.9,1/2,218.2,16.0,426(-4),[西] 谷潔,202510010901
1,3,6,スナークピカソ,牡3,57.0,小沢大仁,1:49.0,,2.5,1.0,472(-4),[西] 高橋一哉,202510010902
2,2,3,ツーエムクロノス,牡3,57.0,丸山元気,1:49.1,クビ,23.0,6.0,504(-2),[西] 本田優,202510010902
3,1,2,ウインシャーガス,牝3,55.0,丹内祐次,1:49.3,1.1/2,2.6,2.0,474(0),[西] 杉山晴紀,202510010902
4,2,4,ウインポセイドン,牡3,57.0,国分恭介,1:49.3,ハナ,13.2,4.0,472(0),[西] 奥村豊,202510010902
5,4,8,マルカベント,牡3,57.0,荻野琢真,1:49.6,1.1/2,89.8,11.0,466(+4),[西] 今野貞一,202510010902
6,3,5,ブライトライツ,牡3,56.0,西塚洸二,1:49.7,1,475.7,16.0,438(-4),[東] 畠山吉宏,202510010902
7,5,9,スイッチビスケット,牡3,54.0,石田拓郎,1:49.8,クビ,16.6,5.0,472(-4),[西] 森田直行,202510010902
8,6,11,ウィズプライド,牡3,57.0,菊沢一樹,1:49.8,ハナ,109.5,12.0,440(-6),[西] 浜田多実,202510010902
9,8,16,ウィアステーラ,牝3,55.0,佐々木大,1:49.8,クビ,6.0,3.0,434(+2),[東] 田島俊明,202510010902
10,7,14,セルリアンドロップ,牡3,57.0,秋山稔樹,1:49.9,クビ,38.2,8.0,464(-2),[西] 宮徹,202510010902
11,1,1,アスククラウンモア,牡3,56.0,松本大輝,1:49.9,アタマ,35.2,7.0,424(-2),[西] 田中克典,202510010902
12,8,15,ココロエ,牝3,55.0,丸田恭介,1:50.0,クビ,132.3,14.0,404(-4),[東] 本間忍,202510010902
13,6,12,マサノイロハ,牡3,57.0,藤懸貴志,1:50.0,クビ,76.9,10.0,466(+6),[西] 藤野健太,202510010902
14,4,7,コスモサンビタリア,牝3,52.0,柴田裕一,1:50.1,クビ,132.3,15.0,438(+2),[西] 西園翔太,202510010902
15,5,10,ヒオウギ,牝3,52.0,川端海翼,1:50.6,3,124.1,13.0,398(-10),[西] 長谷川浩,202510010902
16,7,13,カシノフロレゾン,牡3,54.0,石神深道,1:51.0,2.1/2,66.0,9.0,478(+6),[東] 和田雄二,202510010902
1,3,3,パレフォーコン,牡6,58.0,小沢大仁,0:59.5,,3.2,1.0,446(0),[西] 鮫島一歩,202510010903
2,5,7,シャーンゴッセ,セ5,57.0,泉谷楓真,0:59.5,ハナ,5.3,4.0,508(-2),[東] 蛯名正義,202510010903
3,1,1,スマートオリーブ,牝6,56.0,秋山稔樹,0:59.7,1.1/2,12.2,5.0,490(-2),[東] 蛯名利弘,202510010903
4,3,4,スピニングマーリン,牝5,56.0,的場勇人,0:59.8,クビ,109.0,11.0,486(+6),[東] 西田雄一,202510010903
5,7,12,ノーブルミステリー,牝5,54.0,小林脩斗,1:00.2,2.1/2,54.7,9.0,458(+4),[東] 菊川正達,202510010903
6,6,10,クレイジーディス,牡4,55.0,川端海翼,1:00.2,ハナ,19.7,7.0,504(+2),[東] 千葉直人,202510010903
7,6,9,アップフルーク,牡6,55.0,石田拓郎,1:00.3,3/4,38.7,8.0,526(+22),[東] 松山将樹,202510010903
8,4,5,パレスドフィーヌ,牝4,56.0,佐々木大,1:00.5,1,4.8,3.0,494(+8),[東] 鈴木慎太,202510010903
9,4,6,シリウス,牡4,55.0,柴田裕一,1:00.5,クビ,3.6,2.0,468(+2),[西] 石坂公一,202510010903
10,2,2,サザンレイク,牝5,53.0,石神深道,1:00.8,1.3/4,16.1,6.0,506(+6),[東] 根本康広,202510010903
11,7,11,エスグラシア,牝6,56.0,黛弘人,1:01.5,4,55.5,10.0,480(-10),[東] 加藤和宏,202510010903
12,8,13,プラタルス,牡6,58.0,菊沢一樹,1:01.8,2,134.1,12.0,484(0),[東] 高橋文雅,202510010903
13,5,8,クレッシェンド,牝5,56.0,菅原隆一,1:01.9,1/2,358.8,13.0,458(-10),[東] 小手川準,202510010903
除,8,14,プレアデスグループ,牝4,56.0,丹内祐次,,,---,,440(-2),[西] 吉岡辰弥,202510010903
1,5,8,アンクルブラック,牡5,61.0,高田潤,3:48.3,,2.1,1.0,482(+6),[西] 高橋亮,202510010904
2,8,13,ローディアマント,セ5,60.0,伴啓太,3:49.1,5,11.3,5.0,482(+6),[東] 尾関知人,202510010904
3,3,4,レッドバロッサ,セ6,61.0,小牧加矢,3:49.2,1/2,6.4,3.0,516(0),[西] 音無秀孝,202510010904
4,4,5,トーセンアウローラ,牡5,57.0,坂口智康,3:49.3,3/4,38.3,8.0,460(-2),[東] 尾形和幸,202510010904
5,6,10,クラウンセト,牡6,60.0,草野太郎,3:49.9,3.1/2,42.4,9.0,470(+2),[東] 本間忍,202510010904
6,7,12,モントライゼ,牡7,60.0,森一馬,3:50.2,2,7.7,4.0,528(+6),[西] 松永幹夫,202510010904
7,3,3,ヴァリアメンテ,牡7,61.0,西谷誠,3:50.3,1/2,4.6,2.0,480(+2),[西] 中内田充,202510010904
8,8,14,ラエール,牝6,58.0,上野翔,3:50.7,2.1/2,16.8,6.0,426(-2),[東] 土田稔,202510010904
9,2,2,クラップサンダー,牡6,60.0,黒岩悠,3:51.7,6,34.0,7.0,468(+4),[西] 牧田和弥,202510010904
10,7,11,ピンポイントドロー,牡5,60.0,五十嵐雄,3:53.2,9,66.9,11.0,500(+6),[東] 宗像義忠,202510010904
11,5,7,パワータイショウ,牡6,60.0,小野寺祐,3:54.1,5,59.2,10.0,534(+10),[西] 村山明,202510010904
12,4,6,パープルアドミラル,牡5,60.0,金子光希,3:55.4,8,110.2,12.0,450(+6),[東] 堀内岳志,202510010904
13,1,1,コルドゥーン,牡9,57.0,井上敏樹,3:55.7,1.3/4,128.2,13.0,470(+2),[東] 石栗龍彦,202510010904
取,6,9,マイネルエール,セ6,60.0,大江原圭,,,---,,計不,[東] 蛯名利弘,202510010904
1,4,4,タロントゥーズ,牡5,60.0,森一馬,3:16.4,,3.5,2.0,466(+6),[西] 大久保龍,202510010905
1,8,11,エコロマーベリック,セ5,60.0,草野太郎,3:16.4,同着,22.3,6.0,488(-10),[東] 岩戸孝樹,202510010905
3,3,3,プリンセスララア,牝8,58.0,大江原圭,3:16.7,1.1/2,98.1,10.0,432(0),[東] 的場均,202510010905
4,8,10,グラヴィテ,牝7,58.0,小牧加矢,3:16.7,クビ,34.1,8.0,500(-2),[西] 鮫島一歩,202510010905
5,7,8,フリーダムレイン,牡4,59.0,中村将之,3:16.9,1.1/4,2.5,1.0,478(-4),[西] 高橋一哉,202510010905
6,1,1,リードアクトレス,牝4,57.0,小野寺祐,3:17.0,クビ,26.4,7.0,478(+2),[西] 安達昭夫,202510010905
7,2,2,エンジェルラウンド,牝5,58.0,五十嵐雄,3:17.3,1.3/4,5.5,4.0,472(+2),[東] 新開幸一,202510010905
8,6,7,ベッサラビア,セ8,60.0,田村太雅,3:17.3,クビ,102.7,11.0,454(-12),[西] 藤沢則雄,202510010905
9,7,9,マイネルメサイア,牡6,60.0,上野翔,3:17.6,1.3/4,5.2,3.0,490(+4),[東] 水野貴広,202510010905
10,6,6,チュウワエース,牡6,57.0,土田真翔,3:18.1,3,42.1,9.0,470(-4),[東] 栗田徹,202510010905
中,5,5,フジフォンテ,セ6,60.0,石神深一,,,21.6,5.0,474(+4),[東] 粕谷昌央,202510010905
1,5,8,ホウオウタイタン,牝3,55.0,佐々木大,2:00.5,,5.0,2.0,504(-10),[西] 須貝尚介,202510010906
2,7,13,ウアーシュプルング,牝3,55.0,丹内祐次,2:00.7,1.1/2,2.3,1.0,458(+2),[東] 鹿戸雄一,202510010906
3,2,2,ヴォワラクテ,牝3,54.0,松本大輝,2:00.8,1/2,82.3,11.0,418(-2),[西] 田中克典,202510010906
4,1,1,オロスコピオ,牝3,54.0,西塚洸二,2:01.0,1.1/4,52.5,8.0,430(+2),[東] 青木孝文,202510010906
5,6,10,メテオレーナ,牝3,55.0,田中健,2:01.2,1,36.1,7.0,422(-6),[西] 中村直也,202510010906
6,3,5,ミッドタウンナイト,牝3,55.0,秋山稔樹,2:01.3,3/4,29.7,6.0,476(-4),[西] 河嶋宏樹,202510010906
7,8,14,エルモドンナ,牝3,55.0,高倉稜,2:01.4,1,63.5,9.0,466(0),[西] 杉山晴紀,202510010906
8,6,11,ヨヒーン,牝3,55.0,小沢大仁,2:01.5,クビ,5.1,3.0,464(0),[西] 杉山晴紀,202510010906
9,5,9,ヘンリエッタ,牝3,55.0,荻野極,2:01.6,3/4,9.2,5.0,462(+2),[西] 武幸四郎,202510010906
10,2,3,ディアイライザ,牝3,52.0,石神深道,2:01.6,クビ,110.2,13.0,420(-6),[東] 加藤和宏,202510010906
11,7,12,ホリゾンブルー,牝3,55.0,角田大和,2:02.2,3.1/2,63.8,10.0,394(-4),[西] 吉田直弘,202510010906
12,8,15,ランフォースマイル,牝3,55.0,丸山元気,2:02.5,1.1/2,6.0,4.0,452(+6),[西] 渡辺薫彦,202510010906
13,4,7,クルールローザンヌ,牝3,52.0,柴田裕一,2:02.5,クビ,168.3,14.0,428(-6),[西] 橋口慎介,202510010906
14,4,6,オレンジジュース,牝3,51.0,河原田菜,2:02.7,1.1/4,101.8,12.0,414(+12),[西] 辻野泰之,202510010906
15,3,4,ナウウィアートール,牝3,52.0,川端海翼,2:02.9,1.1/4,183.7,15.0,446(0),[西] 高橋一哉,202510010906
1,3,5,ウインマスカレード,牡3,57.0,加藤祥太,1:08.7,,19.9,8.0,476(-4),[西] 宮本博,202510010907
2,8,16,エスペシャリー,牝3,55.0,角田大和,1:08.9,1,4.6,2.0,438(-6),[西] 四位洋文,202510010907
3,1,1,ベルリネッタ,牡3,57.0,丹内祐次,1:09.0,3/4,5.5,3.0,496(-4),[東] 矢野英一,202510010907
4,5,9,ヒロノエクスカリバ,牡3,57.0,菅原隆一,1:09.3,2,261.7,15.0,444(+2),[東] 小手川準,202510010907
5,6,12,エイシンクァンタム,牡3,57.0,小沢大仁,1:09.5,1,18.3,7.0,442(-6),[西] 今野貞一,202510010907
6,8,17,キュードス,牡3,57.0,田中健,1:09.5,クビ,217.8,14.0,490(-2),[西] 荒川義之,202510010907
7,4,7,アイルトンバローズ,牡3,57.0,佐々木大,1:09.6,クビ,2.7,1.0,492(-2),[西] 清水久詞,202510010907
8,3,6,ナンナンプー,牝3,52.0,石神深道,1:09.6,アタマ,17.1,6.0,446(0),[東] 矢嶋大樹,202510010907
9,7,15,リーフアクアリウム,牡3,51.0,小林美駒,1:09.6,クビ,14.3,5.0,426(0),[東] 伊藤大士,202510010907
10,7,14,アスタイクウス,牡3,57.0,長岡禎仁,1:09.7,クビ,48.0,10.0,490(+6),[西] 岡田稲男,202510010907
11,5,10,アラベスク,牝3,55.0,秋山稔樹,1:09.8,1/2,140.0,12.0,456(0),[西] 浜田多実,202510010907
12,6,11,モリオン,牝3,55.0,丸田恭介,1:09.8,クビ,142.4,13.0,410(-6),[東] 尾形和幸,202510010907
13,4,8,ロイヤルウィル,牝3,55.0,小崎綾也,1:10.1,1.3/4,6.6,4.0,436(-12),[西] 村山明,202510010907
14,2,3,ビッグビート,牡3,54.0,石田拓郎,1:10.3,1.1/4,318.1,17.0,490(0),[西] 高橋康之,202510010907
15,1,2,ウイングラフトン,牡3,57.0,黛弘人,1:10.8,3.1/2,270.5,16.0,420(-6),[東] 村田一誠,202510010907
16,7,13,アジアンテーラー,牝3,54.0,西塚洸二,1:11.0,1,27.6,9.0,414(-10),[西] 緒方努,202510010907
17,8,18,スマートジュディ,牝3,52.0,柴田裕一,1:11.2,1,375.8,18.0,414(0),[西] 角田晃一,202510010907
18,2,4,オーロプロサングエ,牡3,57.0,菊沢一樹,1:11.7,3,60.4,11.0,482(-4),[東] 伊藤大士,202510010907
1,1,1,サンドブラスト,牡4,57.0,丹内祐次,1:45.7,,2.2,1.0,512(-8),[東] 鈴木慎太,202510010908
2,7,14,コスモフレディ,牡4,57.0,丸山元気,1:46.2,3,17.2,6.0,468(-6),[東] 水野貴広,202510010908
3,2,4,レッドライトニング,牡4,57.0,荻野極,1:46.2,ハナ,5.8,3.0,472(0),[東] 鹿戸雄一,202510010908
4,7,13,タケノシンセイ,牡4,56.0,西塚洸二,1:46.2,クビ,11.2,5.0,464(+4),[西] 村山明,202510010908
5,3,6,オリエンタルキング,牡6,55.0,柴田裕一,1:46.4,1.1/4,38.4,9.0,506(+8),[西] 羽月友彦,202510010908
6,3,5,カップッチョ,牡8,58.0,黛弘人,1:46.9,3,243.2,15.0,506(0),[東] 石毛善彦,202510010908
7,5,9,ラストボーン,セ4,53.0,河原田菜,1:47.0,クビ,50.0,11.0,462(+12),[西] 渡辺薫彦,202510010908
8,6,11,ランスノーブル,牝5,56.0,秋山稔樹,1:47.2,1.1/4,43.5,10.0,462(+8),[東] 上原博之,202510010908
9,5,10,ショーケン,セ5,58.0,国分恭介,1:47.5,1.3/4,17.4,7.0,508(0),[西] 鮫島一歩,202510010908
10,1,2,レジュークレール,牝5,54.0,小林脩斗,1:47.6,1/2,323.6,16.0,454(-12),[東] 青木孝文,202510010908
11,6,12,トライデント,牡4,54.0,石田拓郎,1:47.9,2,67.5,13.0,518(+12),[東] 新開幸一,202510010908
12,4,7,セングンバンバ,セ4,57.0,角田大和,1:48.5,3.1/2,36.6,8.0,438(-9),[西] 松永幹夫,202510010908
13,8,15,リュクスドレフォン,牡5,58.0,藤懸貴志,1:49.1,3.1/2,9.9,4.0,506(-6),[西] 平田修,202510010908
14,2,3,セイウンサニー,牝4,52.0,今村聖奈,1:49.1,クビ,145.5,14.0,450(-4),[東] 伊坂重信,202510010908
15,8,16,エンドレスロード,牡6,58.0,小沢大仁,1:49.1,クビ,63.5,12.0,490(+8),[西] 高橋一哉,202510010908
16,4,8,ヒヒーン,牝4,55.0,佐々木大,1:49.4,1.1/2,5.3,2.0,472(0),[西] 須貝尚介,202510010908
1,8,16,レッドエヴァンス,セ4,58.0,荻野極,1:08.3,,7.2,3.0,494(0),[西] 音無秀孝,202510010909
2,2,3,ダノンモンテローザ,セ4,58.0,長岡禎仁,1:08.6,1.3/4,8.5,5.0,500(+2),[西] 茶木太樹,202510010909
3,6,12,アドマイヤジェイ,牡6,58.0,丹内祐次,1:08.7,3/4,4.8,1.0,488(-12),[西] 友道康夫,202510010909
4,8,17,ブルーアイドガール,牝4,56.0,佐々木大,1:08.8,クビ,5.7,2.0,448(-2),[西] 吉岡辰弥,202510010909
5,7,13,シアター,牝4,56.0,小林美駒,1:08.9,1/2,22.1,10.0,444(+4),[西] 茶木太樹,202510010909
6,5,10,メイショウサチダケ,牡4,58.0,小沢大仁,1:09.0,3/4,14.4,8.0,488(+16),[西] 鈴木孝志,202510010909
7,3,6,マイネルラッシュ,牡5,58.0,丸山元気,1:09.0,アタマ,8.5,4.0,470(+8),[東] 水野貴広,202510010909
8,6,11,ワンリオン,牡6,58.0,国分恭介,1:09.1,1/2,49.3,15.0,498(-8),[西] 北出成人,202510010909
9,1,1,ドランクマン,牡4,58.0,松本大輝,1:09.1,クビ,8.8,6.0,456(-10),[西] 新谷功一,202510010909
10,4,7,ソアラ,牝5,56.0,橋木太希,1:09.1,ハナ,231.3,17.0,488(-4),[西] 高橋康之,202510010909
11,2,4,ジャグアール,牡4,58.0,菊沢一樹,1:09.1,ハナ,12.0,7.0,462(0),[東] 矢野英一,202510010909
12,1,2,カレンナオトメ,牝4,56.0,丸田恭介,1:09.2,3/4,48.0,14.0,428(+18),[東] 小野次郎,202510010909
13,3,5,マルカシャルマン,牝5,56.0,秋山稔樹,1:09.4,3/4,44.6,13.0,444(-10),[西] 浜田多実,202510010909
14,5,9,メイショウヤマモモ,牝4,56.0,角田大和,1:09.4,アタマ,18.9,9.0,452(-6),[西] 高橋亮,202510010909
15,7,14,ランスオブサウンド,牝5,56.0,泉谷楓真,1:09.5,1/2,36.6,12.0,452(+8),[西] 奥村豊,202510010909
16,8,18,ディーノサンライズ,牝4,56.0,小崎綾也,1:09.7,1.1/4,340.1,18.0,454(-2),[西] 高橋康之,202510010909
17,4,8,ブライトアゲイン,牝4,56.0,川端海翼,1:09.8,3/4,32.3,11.0,478(+2),[西] 森秀行,202510010909
18,7,15,バーニングパワー,牝7,56.0,荻野琢真,1:10.0,1.1/2,141.3,16.0,482(-2),[西] 鮫島一歩,202510010909
1,3,3,ヴォランテ,牡5,58.0,松本大輝,2:38.9,,4.8,3.0,470(+6),[西] 羽月友彦,202510010910
2,4,4,トロピカルライト,牝5,56.0,丸田恭介,2:39.2,2,4.7,2.0,484(+2),[東] 宗像義忠,202510010910
3,8,13,ショウナンガチ,牡4,57.0,佐々木大,2:39.8,3.1/2,10.0,4.0,502(-2),[西] 須貝尚介,202510010910
4,5,7,タイラーテソーロ,牡6,58.0,小沢大仁,2:39.9,1,26.2,10.0,466(-2),[東] 栗田徹,202510010910
5,4,5,セイウンパシュート,牡5,58.0,丹内祐次,2:39.9,ハナ,2.8,1.0,470(0),[東] 上原博之,202510010910
6,1,1,キャリーハピネス,牡5,58.0,荻野極,2:40.0,クビ,18.6,7.0,494(+10),[西] 河嶋宏樹,202510010910
7,7,10,ダンツエスプリ,牡6,58.0,藤懸貴志,2:40.0,クビ,47.4,12.0,492(-4),[西] 本田優,202510010910
8,2,2,タガノバルコス,牡6,58.0,荻野琢真,2:40.2,3/4,23.8,9.0,484(+6),[西] 鮫島一歩,202510010910
9,8,12,イケイケドンドン,牡5,58.0,菊沢一樹,2:40.4,1.1/4,13.8,5.0,472(-6),[東] 松山将樹,202510010910
10,5,6,ウインネモフィラ,牝5,56.0,黛弘人,2:40.4,クビ,17.6,6.0,438(-4),[東] 奥平雅士,202510010910
11,6,9,オリエンタルナイト,牡4,57.0,小崎綾也,2:41.1,4,73.5,13.0,522(-6),[西] 寺島良,202510010910
12,7,11,カナオールウェイズ,牡5,58.0,角田大和,2:41.6,3,22.8,8.0,494(-12),[西] 藤岡健一,202510010910
13,6,8,パープルクラウド,牡5,58.0,西塚洸二,2:42.0,2.1/2,26.3,11.0,530(+2),[西] 吉村圭司,202510010910
1,3,3,ヘニータイフーン,牝5,56.0,長岡禎仁,1:44.8,,15.7,6.0,486(-14),[西] 中村直也,202510010911
2,7,7,メイショウホマレ,牝6,56.0,小沢大仁,1:44.8,ハナ,5.7,4.0,454(-6),[西] 木原一良,202510010911
3,5,5,ジョージテソーロ,牡4,57.0,佐々木大,1:44.9,1/2,3.6,2.0,484(+4),[東] 嘉藤貴行,202510010911
4,1,1,レシプロシティ,牝5,56.0,丹内祐次,1:45.1,1.1/2,3.8,3.0,460(0),[東] 田村康仁,202510010911
5,6,6,ダイメイセブン,牡5,58.0,藤懸貴志,1:45.3,1,77.4,9.0,528(+6),[西] 本田優,202510010911
6,4,4,ゴッドブルービー,牡5,58.0,角田大和,1:45.3,ハナ,3.0,1.0,460(+4),[西] 角田晃一,202510010911
7,8,8,ライジングラパス,牝5,56.0,国分恭介,1:45.4,クビ,55.1,7.0,434(0),[西] 宮本博,202510010911
8,2,2,ハイエストポイント,牡7,58.0,松本大輝,1:45.6,1.1/2,69.5,8.0,454(-4),[西] 鈴木孝志,202510010911
9,8,9,サンライズグルーヴ,牡5,58.0,丸山元気,1:45.7,クビ,9.5,5.0,522(-2),[西] 河内洋,202510010911
1,6,11,マイネルフランツ,牡4,57.0,丹内祐次,1:59.6,,2.8,1.0,488(-4),[東] 和田正一,202510010912
2,3,5,ヴィスマール,牡4,57.0,佐々木大,1:59.6,クビ,3.7,2.0,444(-8),[西] 奥村豊,202510010912
3,6,12,エラン,牡4,57.0,荻野極,2:00.1,3,4.9,3.0,472(+6),[東] 蛯名正義,202510010912
4,4,7,キングピン,牡4,57.0,小沢大仁,2:00.3,1.1/4,6.5,4.0,508(0),[西] 四位洋文,202510010912
5,3,6,タルタロス,牡4,57.0,黛弘人,2:00.3,ハナ,29.9,8.0,452(0),[東] 天間昭一,202510010912
6,8,15,ゴールドブレス,セ4,56.0,西塚洸二,2:00.3,クビ,25.5,7.0,430(+4),[西] 西園翔太,202510010912
7,7,14,ミラキュラスドラマ,牡4,57.0,小崎綾也,2:00.5,1.1/4,70.5,11.0,462(-4),[西] 宮地貴稔,202510010912
8,8,16,デオヴォレンティ,牝5,56.0,国分恭介,2:00.7,3/4,227.3,15.0,452(-6),[東] 蛯名利弘,202510010912
9,5,9,ヴェストリア,牝4,51.0,河原田菜,2:00.8,1/2,59.5,10.0,412(-4),[西] 友道康夫,202510010912
10,5,10,トラストエムシー,牡5,58.0,秋山稔樹,2:00.9,1.1/4,17.4,5.0,444(+12),[西] 北出成人,202510010912
11,2,3,マベルシュシュット,牝4,54.0,泉谷楓真,2:00.9,ハナ,34.6,9.0,458(-2),[西] 今野貞一,202510010912
12,2,4,コンテナワールド,牡4,56.0,松本大輝,2:00.9,ハナ,22.7,6.0,480(-6),[西] 中竹和也,202510010912
13,4,8,マイネルシーマー,牡6,58.0,丸山元気,2:01.3,2.1/2,96.3,13.0,490(+4),[東] 青木孝文,202510010912
14,7,13,チャイボーグ,牝5,56.0,的場勇人,2:01.4,3/4,388.3,16.0,492(-8),[東] 的場均,202510010912
15,1,2,ビヨンドザドリーム,牡5,58.0,加藤祥太,2:01.6,1.1/4,103.8,14.0,436(+2),[西] 小椋研介,202510010912
16,1,1,ヘルツアス,牝4,55.0,菊沢一樹,2:02.0,2,95.3,12.0,416(+4),[西] 森田直行,202510010912
1,4,4,ゴールドダイアー,牡3,57.0,藤懸貴志,1:48.8,,4.3,3.0,468(-16),[西] 平田修,202510011001
2,8,10,ブラックタロー,牡3,57.0,和田竜二,1:49.0,1.1/4,5.9,4.0,494(0),[西] 鈴木孝志,202510011001
3,5,5,ザハント,牡3,57.0,丸山元気,1:49.1,3/4,3.0,1.0,488(-6),[西] 田中克典,202510011001
4,2,2,イエローブリック,牡3,57.0,丹内祐次,1:49.2,クビ,3.5,2.0,530(+4),[西] 奥村豊,202510011001
5,7,7,ライフゲート,セ3,55.0,小林脩斗,1:49.5,1.3/4,14.9,6.0,500(-2),[東] 伊藤圭三,202510011001
6,8,9,ランドブレイブ,牡3,57.0,菊沢一樹,1:49.7,1.1/4,61.7,9.0,482(-6),[西] 安達昭夫,202510011001
7,1,1,リッキースタイル,牡3,57.0,佐々木大,1:50.4,4,27.2,7.0,478(0),[東] 水野貴広,202510011001
8,6,6,ウインヘリオドール,牡3,57.0,黛弘人,1:51.4,6,32.8,8.0,502(+2),[西] 梅田智之,202510011001
9,7,8,メイショウトサンコ,牡3,54.0,柴田裕一,1:51.5,クビ,214.2,10.0,446(+6),[西] 飯田祐史,202510011001
10,3,3,スナークメスナー,牡3,54.0,今村聖奈,1:55.3,大,12.2,5.0,484(+18),[西] 野中賢二,202510011001
1,3,5,ペガサスノース,牝3,52.0,柴田裕一,1:08.6,,2.7,1.0,480(+4),[西] 高柳大輔,202510011002
2,8,16,ブラックティンカー,牝3,52.0,石神深道,1:08.6,ハナ,80.5,11.0,442(+2),[東] 和田雄二,202510011002
3,7,14,エルサトアナ,牝3,54.0,松本大輝,1:08.7,3/4,14.5,5.0,412(+2),[西] 本田優,202510011002
4,7,13,サウンドルーチェ,牝3,55.0,和田竜二,1:08.8,1,41.9,9.0,444(-6),[西] 渡辺薫彦,202510011002
5,2,4,エイプリルインパリ,牝3,55.0,小崎綾也,1:08.9,クビ,4.1,3.0,464(+6),[西] 高橋義忠,202510011002
6,4,8,カルミネイション,牝3,55.0,小沢大仁,1:09.0,1/2,37.8,8.0,444(-2),[西] 緒方努,202510011002
7,1,2,シルフレイ,牝3,51.0,小林美駒,1:09.0,クビ,3.7,2.0,428(-2),[東] 千葉直人,202510011002
8,1,1,エイシンアビス,牝3,55.0,角田大和,1:09.2,1.1/2,19.1,7.0,454(+12),[西] 野中賢二,202510011002
9,5,9,ウインレオネッサ,牝3,55.0,国分恭介,1:09.3,1/2,121.4,12.0,416(0),[西] 長谷川浩,202510011002
10,4,7,ミッキーサークル,牝3,52.0,古川奈穂,1:09.5,1,125.3,13.0,430(-6),[西] 音無秀孝,202510011002
11,6,11,エリカサンタモニカ,牝3,55.0,大野拓弥,1:09.6,1,15.1,6.0,454(-12),[西] 茶木太樹,202510011002
12,3,6,タケノリッチ,牝3,55.0,秋山稔樹,1:09.7,1/2,14.3,4.0,452(0),[西] 村山明,202510011002
13,5,10,キャッチーラン,牝3,51.0,河原田菜,1:09.9,1.1/4,196.1,15.0,458(0),[西] 浜田多実,202510011002
14,6,12,ドクターサクラ,牝3,55.0,鮫島良太,1:10.0,クビ,237.5,16.0,436(-2),[西] 河嶋宏樹,202510011002
15,7,15,アルサクレイグ,牝3,52.0,橋木太希,1:10.1,1,79.5,10.0,408(+10),[西] 高橋康之,202510011002
16,2,3,スイモアマイモ,牝3,55.0,酒井学,1:10.4,2,145.2,14.0,412(-4),[西] 藤岡健一,202510011002
17,8,17,ゴールデンマーチ,牝3,52.0,石田拓郎,1:10.8,2.1/2,312.2,17.0,384(-2),[東] 新開幸一,202510011002
18,8,18,サノノスウィフト,牝3,52.0,川端海翼,1:11.2,2.1/2,540.8,18.0,390(-8),[東] 蛯名利弘,202510011002
1,5,7,キャリーグレイス,牝3,55.0,菊沢一樹,0:59.1,,2.4,1.0,434(-8),[西] 寺島良,202510011003
2,3,4,チュッチュポッポ,牝3,51.0,小林美駒,0:59.8,4,8.2,3.0,456(-10),[東] 武藤善則,202510011003
3,4,5,セイウンヤタガラス,牡3,57.0,黛弘人,1:00.4,3.1/2,70.4,10.0,444(0),[東] 堀内岳志,202510011003
3,4,6,スカイダイバー,牝3,52.0,石田拓郎,1:00.4,同着,35.3,9.0,450(-8),[東] 宗像義忠,202510011003
5,8,13,ローレルゼロ,牡3,54.0,橋木太希,1:00.6,1.1/2,8.4,4.0,476(+2),[西] 高橋康之,202510011003
6,1,1,マジカルキャンディ,牝3,52.0,石神深道,1:00.7,1/2,29.4,8.0,444(+2),[東] 岩戸孝樹,202510011003
7,7,12,ベルエアキング,牡3,57.0,杉原誠人,1:00.8,3/4,3.0,2.0,462(-2),[西] 西村真幸,202510011003
8,7,11,トーアローダンテ,牝3,52.0,古川奈穂,1:01.1,2,12.1,5.0,446(+4),[西] 羽月友彦,202510011003
9,8,14,ロンドンキッド,牝3,55.0,丹内祐次,1:01.1,ハナ,18.4,6.0,426(-6),[東] 菊川正達,202510011003
10,6,10,カリスパール,牝3,51.0,河原田菜,1:01.1,ハナ,135.2,12.0,484(+8),[西] 村山明,202510011003
11,5,8,アルピナセブン,牝3,55.0,秋山稔樹,1:01.1,ハナ,192.5,13.0,446(-6),[西] 北出成人,202510011003
12,3,3,ショウブダッシュ,牝3,53.0,小林脩斗,1:01.4,1.3/4,197.9,14.0,430(-2),[東] 青木孝文,202510011003
13,6,9,ダイユウボンバー,牝3,55.0,佐々木大,1:01.6,1,27.1,7.0,440(+10),[東] 松永康利,202510011003
14,2,2,ダンツリーザ,牝3,52.0,川端海翼,1:01.9,2,98.2,11.0,416(-3),[西] 谷潔,202510011003
1,1,1,サンデーヒーロー,牡5,60.0,中村将之,3:13.2,,5.2,2.0,478(-2),[西] 中村直也,202510011004
2,6,8,ゲインサポート,牡4,59.0,森一馬,3:13.5,1.3/4,6.5,3.0,470(+2),[西] 斉藤崇史,202510011004
3,5,6,アルカンサス,牡6,57.0,土田真翔,3:13.7,1.1/2,12.5,5.0,484(+2),[東] 土田稔,202510011004
4,8,11,ヴィクティファルス,セ7,60.0,小牧加矢,3:13.8,クビ,1.8,1.0,484(-6),[西] 池添学,202510011004
5,3,3,ポリトナリティー,牝4,57.0,難波剛健,3:13.8,クビ,46.4,8.0,426(+8),[東] 和田雄二,202510011004
6,7,10,フォーディアライフ,牡4,59.0,石神深一,3:14.3,3,9.6,4.0,530(-2),[東] 矢嶋大樹,202510011004
7,2,2,ネイチャーシップ,牡7,60.0,大江原圭,3:14.7,2,14.9,6.0,510(+2),[東] 根本康広,202510011004
8,7,9,ストラクチャー,セ4,59.0,草野太郎,3:16.4,10,71.0,10.0,440(+8),[東] 和田正一,202510011004
9,6,7,ゴットリープ,牡5,60.0,五十嵐雄,3:17.7,8,142.7,12.0,470(0),[東] 栗田徹,202510011004
10,5,5,アナザーエース,牡5,57.0,井上敏樹,3:20.9,大,35.4,7.0,502(-10),[西] 宮徹,202510011004
中,4,4,ブレガーロード,セ5,60.0,上野翔,,,80.1,11.0,472(+12),[東] 岩戸孝樹,202510011004
中,8,12,メイショウドウドウ,牡10,60.0,小野寺祐,,,55.5,9.0,486(-4),[西] 荒川義之,202510011004
1,5,6,コスモアンソロジー,牡3,57.0,丹内祐次,2:01.5,,3.6,1.0,448(-8),[東] 嘉藤貴行,202510011005
2,8,12,ホースワン,牡3,57.0,和田竜二,2:01.6,1/2,9.3,6.0,520(+4),[西] 清水久詞,202510011005
3,8,13,シャインフリーリー,牡3,57.0,黛弘人,2:01.7,クビ,45.9,9.0,470(0),[東] 矢嶋大樹,202510011005
4,7,11,コンスピラシー,牝3,52.0,石神深道,2:01.8,1/2,91.5,10.0,452(0),[東] 本間忍,202510011005
5,1,1,レーヌマロン,牝3,55.0,角田大和,2:01.8,クビ,8.9,4.0,436(0),[西] 小栗実,202510011005
6,7,10,ミッドセンチュリー,牡3,55.0,小林脩斗,2:01.8,アタマ,9.2,5.0,452(+2),[東] 松山将樹,202510011005
7,3,3,フララナキラ,牡3,57.0,丸山元気,2:01.9,1/2,5.8,3.0,454(0),[西] 田中克典,202510011005
8,4,4,サイモンノーブル,牡3,54.0,古川奈穂,2:02.0,クビ,11.9,7.0,454(+16),[西] 梅田智之,202510011005
9,2,2,コパカバーナ,牝3,52.0,石田拓郎,2:02.1,1/2,117.4,11.0,394(+2),[西] 森田直行,202510011005
10,6,8,セブンスプリングス,牡3,54.0,川端海翼,2:02.2,1/2,138.3,13.0,486(-2),[西] 中村直也,202510011005
11,6,9,アレグランサ,牡3,57.0,佐々木大,2:02.5,1.3/4,3.8,2.0,484(-2),[東] 栗田徹,202510011005
12,4,5,ファンタズマ,牡3,57.0,大野拓弥,2:02.9,2.1/2,12.3,8.0,458(-4),[東] 上原佑紀,202510011005
13,5,7,ラブカマクフィー,牝3,55.0,菊沢一樹,2:04.7,大,122.1,12.0,424(0),[東] 田島俊明,202510011005
1,1,1,キョウキランブ,牡3,54.0,石神深道,1:45.6,,1.9,1.0,526(-6),[東] 古賀慎明,202510011006
2,4,4,トーケンサワー,牝3,55.0,丸山元気,1:46.1,3,7.0,4.0,442(0),[東] 根本康広,202510011006
3,7,9,ジェバーダ,牝3,54.0,泉谷楓真,1:47.0,5,5.2,2.0,490(0),[西] 松下武士,202510011006
4,2,2,メイショウアイル,牡3,57.0,藤懸貴志,1:47.1,クビ,41.0,8.0,468(+2),[西] 高橋義忠,202510011006
5,3,3,ボールドハーテッド,牡3,57.0,和田竜二,1:47.3,1.1/4,21.6,6.0,448(+2),[西] 鈴木孝志,202510011006
6,5,5,ドバイミッション,牡3,57.0,杉原誠人,1:47.8,3,11.0,5.0,552(+2),[西] 辻野泰之,202510011006
7,8,11,トモジャシック,牡3,57.0,国分恭介,1:48.0,1.1/4,41.7,9.0,464(-6),[西] 大根田裕,202510011006
8,5,6,ブレスドナイル,牝3,52.0,柴田裕一,1:48.4,2.1/2,5.9,3.0,436(-6),[西] 北出成人,202510011006
9,7,10,パリモード,牝3,51.0,小林美駒,1:48.7,1.1/2,63.1,10.0,418(-2),[東] 的場均,202510011006
10,6,7,プリスクリプション,牡3,57.0,秋山稔樹,1:49.0,2,146.1,11.0,388(-10),[西] 杉山佳明,202510011006
11,8,12,レプス,牡3,55.0,小林脩斗,1:50.5,9,277.7,12.0,496(-12),[東] 堀内岳志,202510011006
12,6,8,アインホルン,牡3,57.0,菊沢一樹,1:50.6,1/2,26.6,7.0,444(-12),[西] 寺島良,202510011006
1,6,8,ラビットアイ,牝4,55.0,佐々木大,2:00.1,,2.7,1.0,500(+14),[西] 鈴木孝志,202510011007
2,4,4,エコテーラー,牝4,55.0,丹内祐次,2:00.7,3.1/2,3.0,2.0,506(-2),[西] 石橋守,202510011007
3,8,11,エイシンジェンマ,牝5,56.0,角田大和,2:00.8,3/4,6.1,3.0,492(-6),[西] 中尾秀正,202510011007
4,2,2,クインズスピカ,牝4,55.0,菊沢一樹,2:00.9,1/2,19.7,6.0,474(-2),[東] 村田一誠,202510011007
5,5,6,レイピカケ,牝4,52.0,川端海翼,2:00.9,クビ,6.2,4.0,456(0),[西] 野中賢二,202510011007
6,8,12,サイレントグルーヴ,牝4,55.0,小沢大仁,2:01.1,3/4,14.2,5.0,488(+4),[西] 角田晃一,202510011007
7,5,5,デアパーディタ,牝4,51.0,小林美駒,2:01.1,アタマ,46.1,8.0,430(0),[東] 武井亮,202510011007
8,7,10,マハナ,牝4,55.0,丸山元気,2:01.3,1,55.6,10.0,436(+2),[西] 鮫島一歩,202510011007
9,3,3,オーサムピクチャ,牝4,52.0,柴田裕一,2:01.4,3/4,25.4,7.0,412(+6),[西] 佐々木晶,202510011007
10,7,9,バロックダンス,牝5,56.0,秋山稔樹,2:01.4,クビ,251.7,12.0,462(0),[東] 小手川準,202510011007
11,1,1,ヘキルリ,牝4,55.0,大野拓弥,2:01.4,クビ,127.6,11.0,466(+2),[東] 小笠倫弘,202510011007
12,6,7,ジーティーポライト,牝4,52.0,石田拓郎,2:01.7,1.3/4,54.3,9.0,456(-4),[東] 加藤和宏,202510011007
1,3,3,コスモジンバック,牡4,57.0,丹内祐次,2:34.2,,2.3,1.0,500(+10),[東] 相沢郁,202510011008
2,6,9,ジャスパーワールド,セ5,58.0,古川吉洋,2:34.3,1/2,4.9,2.0,516(-4),[西] 森秀行,202510011008
3,3,4,アイファーキャップ,牡4,57.0,藤懸貴志,2:34.6,2,6.8,4.0,464(-8),[西] 鮫島一歩,202510011008
4,5,8,アスクヒロイズガイ,牡4,57.0,小崎綾也,2:34.6,クビ,6.7,3.0,486(+2),[西] 野中賢二,202510011008
5,8,14,サトノリアン,牡4,57.0,杉原誠人,2:35.4,5,78.2,11.0,472(0),[東] 萩原清,202510011008
6,4,5,ザロック,セ4,54.0,石神深道,2:35.4,アタマ,12.4,6.0,478(-10),[東] 武井亮,202510011008
7,8,13,サイモンコーラル,牝5,53.0,川端海翼,2:35.7,1.1/2,67.7,10.0,452(-12),[西] 羽月友彦,202510011008
8,5,7,ブルーゴールド,牡5,58.0,菊沢一樹,2:36.3,4,127.7,13.0,514(-2),[東] 根本康広,202510011008
9,1,1,アルマーザアミール,牡4,57.0,丸山元気,2:36.4,クビ,81.6,12.0,486(0),[西] 斉藤崇史,202510011008
10,4,6,アマートカヴァロ,牡5,58.0,角田大和,2:36.6,1,43.7,8.0,468(-20),[西] 笹田和秀,202510011008
11,6,10,テトラード,牡4,57.0,佐々木大,2:36.7,1/2,60.5,9.0,468(+4),[西] 坂口智康,202510011008
12,7,11,カレンマウラー,牡4,56.0,松本大輝,2:36.7,クビ,150.9,14.0,466(0),[西] 安田翔伍,202510011008
13,7,12,エリカヴェネチア,牝4,52.0,柴田裕一,2:38.1,8,18.2,7.0,490(+10),[西] 吉岡辰弥,202510011008
14,2,2,レグロスヴァーグ,牡4,57.0,和田竜二,2:41.7,大,10.5,5.0,524(+4),[西] 鈴木孝志,202510011008
1,4,6,ヴェルテンベルク,牡5,58.0,丸山元気,1:48.0,,6.5,3.0,480(-4),[西] 宮本博,202510011009
2,8,14,マテンロウアルテ,牝5,56.0,古川吉洋,1:48.1,クビ,6.6,4.0,490(-8),[西] 坂口智康,202510011009
3,7,12,コスモレオナルド,牡4,57.0,丹内祐次,1:48.3,1.1/2,2.8,1.0,458(+2),[東] 鹿戸雄一,202510011009
4,6,10,ミントマーク,牡5,58.0,小沢大仁,1:48.3,アタマ,39.3,10.0,474(+4),[西] 高橋一哉,202510011009
5,2,2,ゴールドローズ,牝6,56.0,大野拓弥,1:48.4,1/2,40.3,11.0,452(+10),[西] 飯田祐史,202510011009
6,1,1,ゴーマックス,セ5,58.0,吉田隼人,1:48.5,クビ,14.3,5.0,500(0),[西] 武幸四郎,202510011009
7,5,8,ジャスティンガルフ,牡4,57.0,和田竜二,1:48.5,アタマ,23.9,8.0,500(-2),[西] 茶木太樹,202510011009
8,8,13,ジーティームソウ,牡4,57.0,佐々木大,1:48.6,1/2,3.5,2.0,490(-6),[西] 西村真幸,202510011009
9,5,7,キーチパルフェ,牡4,57.0,石田拓郎,1:48.6,ハナ,16.7,6.0,484(+26),[西] 高柳大輔,202510011009
10,4,5,マイネルフォルツァ,牡5,58.0,角田大和,1:48.7,3/4,19.1,7.0,522(-4),[東] 金成貴史,202510011009
11,3,4,リメリック,牡4,57.0,国分恭介,1:49.0,1.1/2,220.3,13.0,462(-2),[東] 宗像義忠,202510011009
12,6,9,マイバラード,牡5,58.0,杉原誠人,1:49.0,ハナ,37.4,9.0,484(-2),[東] 松永康利,202510011009
13,3,3,ヘキレキイッセン,牡5,58.0,秋山稔樹,1:49.2,1.1/2,257.6,14.0,472(-14),[東] 天間昭一,202510011009
14,7,11,ワオン,牡4,57.0,菊沢一樹,1:49.2,アタマ,174.0,12.0,482(+2),[東] 武藤善則,202510011009
1,1,1,サイモンブーケ,牝5,56.0,古川奈穂,1:45.2,,10.0,7.0,512(+2),[西] 梅田智之,202510011010
2,5,8,クラウンシエンタ,牡4,57.0,佐々木大,1:45.3,1/2,4.0,1.0,500(-2),[東] 水野貴広,202510011010
3,6,9,アセレラシオン,牡4,57.0,大野拓弥,1:45.3,アタマ,12.0,8.0,536(-10),[西] 浜田多実,202510011010
4,4,5,ルナビス,牝5,56.0,丸山元気,1:45.5,1.1/2,4.4,2.0,480(+4),[西] 森田直行,202510011010
5,7,12,ケイアイメキラ,セ5,58.0,小崎綾也,1:45.8,1.3/4,55.1,11.0,452(+2),[西] 村山明,202510011010
6,4,6,プレイサーゴールド,牡5,58.0,小沢大仁,1:45.8,アタマ,8.8,4.0,506(+2),[西] 今野貞一,202510011010
7,6,10,テーオーレガシー,牡5,58.0,秋山稔樹,1:46.2,2.1/2,43.9,10.0,508(+10),[西] 宮徹,202510011010
8,5,7,ロードマンハイム,牡5,58.0,丹内祐次,1:46.2,クビ,9.3,6.0,518(+4),[西] 友道康夫,202510011010
9,3,3,トリグラフ,牡6,58.0,菊沢一樹,1:46.4,3/4,165.3,13.0,468(+14),[東] 松山将樹,202510011010
10,3,4,タガノアレハンドラ,牝5,56.0,国分恭介,1:46.7,2,12.6,9.0,498(0),[西] 西園翔太,202510011010
11,2,2,クリノグローリー,牡5,58.0,酒井学,1:46.8,クビ,8.0,3.0,490(+6),[西] 谷潔,202510011010
12,8,13,サハラヴァンクール,牡7,58.0,松本大輝,1:47.1,1.3/4,179.2,14.0,484(0),[東] 和田勇介,202510011010
13,7,11,ブラックサウザー,牡6,58.0,古川吉洋,1:47.2,1/2,151.2,12.0,436(+2),[西] 大根田裕,202510011010
14,8,14,ペプチドハドソン,牡5,58.0,藤懸貴志,1:48.2,6,8.9,5.0,490(0),[西] 小椋研介,202510011010
1,2,2,ロングラン,セ7,57.0,丹内祐次,1:46.1,,6.6,4.0,478(-8),[東] 和田勇介,202510011011
2,6,10,ショウナンアデイブ,牡6,55.0,丸山元気,1:46.1,クビ,12.7,7.0,520(+10),[西] 高野友和,202510011011
3,5,8,ラケマーダ,牡5,55.0,秋山稔樹,1:46.3,1.1/4,32.0,12.0,496(-6),[西] 千田輝彦,202510011011
4,7,12,セルバーグ,牡6,57.0,和田竜二,1:46.3,クビ,26.6,11.0,446(+2),[西] 鈴木孝志,202510011011
5,5,7,エピファニー,牡6,58.5,杉原誠人,1:46.4,クビ,5.5,2.0,502(-6),[東] 宮田敬介,202510011011
6,3,4,マテンロウオリオン,牡6,56.0,古川吉洋,1:46.4,クビ,23.3,10.0,486(-2),[西] 昆貢,202510011011
7,4,6,グランドカリナン,牡5,55.0,大野拓弥,1:46.5,アタマ,17.6,8.0,452(0),[東] 田島俊明,202510011011
8,3,3,シルトホルン,牡5,57.0,吉田隼人,1:46.6,1/2,4.4,1.0,476(-6),[東] 新開幸一,202510011011
9,6,9,コスモブッドレア,牡4,55.0,佐々木大,1:46.8,1.1/2,9.1,5.0,494(+6),[東] 小野次郎,202510011011
10,7,11,ヤマニンウルス,牡5,58.5,藤懸貴志,1:47.0,3/4,6.4,3.0,600(+9),[西] 斉藤崇史,202510011011
11,8,14,エアファンディタ,牡8,57.5,酒井学,1:47.0,アタマ,17.9,9.0,460(-10),[西] 池添学,202510011011
12,8,13,ギャラクシーナイト,牡6,56.0,菊沢一樹,1:47.4,2.1/2,32.1,13.0,506(-2),[東] 菊沢隆徳,202510011011
13,4,5,ホウオウプロサンゲ,牡4,55.0,小沢大仁,1:47.4,ハナ,10.3,6.0,490(-2),[西] 矢作芳人,202510011011
取,1,1,タマモブラックタイ,牡5,55.0,角田大和,,,---,,計不,[西] 角田晃一,202510011011
1,5,10,アスティスプマンテ,牝4,56.0,小沢大仁,1:08.2,,3.2,1.0,428(+4),[西] 杉山晴紀,202510011012
2,8,16,ミエノブラボー,牝4,53.0,石田拓郎,1:08.5,1.3/4,10.2,4.0,486(+6),[東] 宗像義忠,202510011012
3,8,17,ガットネロ,牝5,56.0,丹内祐次,1:08.5,ハナ,4.4,2.0,484(-6),[西] 上村洋行,202510011012
4,5,9,エルプロフェッサー,牝4,53.0,橋木太希,1:08.7,1.1/4,29.4,9.0,412(0),[西] 高橋康之,202510011012
5,8,18,ラブカムーン,牝4,52.0,河原田菜,1:08.7,クビ,13.5,6.0,464(+2),[西] 千田輝彦,202510011012
6,7,14,ジャンヌローサ,牝4,56.0,菊沢一樹,1:08.8,1/2,33.5,11.0,456(+6),[東] 蛯名正義,202510011012
7,2,4,メラヴィリオーザ,牝5,56.0,杉原誠人,1:08.9,1/2,33.8,12.0,466(+6),[東] 栗田徹,202510011012
8,3,6,ツッチーフェイス,牝6,53.0,今村聖奈,1:09.0,クビ,33.0,10.0,476(-4),[西] 今野貞一,202510011012
9,4,8,ルージュレベッカ,牝4,56.0,古川吉洋,1:09.0,ハナ,37.4,13.0,456(-2),[西] 昆貢,202510011012
10,1,2,ヴォンヌヴォー,牝5,52.0,小林美駒,1:09.0,クビ,185.7,17.0,462(+12),[東] 菊川正達,202510011012
11,6,12,デアデルマーレ,牝5,56.0,佐々木大,1:09.1,クビ,6.5,3.0,484(+4),[西] 坂口智康,202510011012
12,7,15,モンレーヴ,牝4,53.0,石神深道,1:09.2,3/4,12.6,5.0,476(-6),[東] 金成貴史,202510011012
13,6,11,シュシュトディエス,牝4,55.0,松本大輝,1:09.3,3/4,152.3,16.0,446(-4),[東] 石栗龍彦,202510011012
14,1,1,ナムライリス,牝4,53.0,柴田裕一,1:09.4,3/4,15.5,8.0,446(+2),[西] 中竹和也,202510011012
15,4,7,ハウファアイルゴー,牝6,53.0,川端海翼,1:09.5,クビ,348.8,18.0,468(+4),[東] 天間昭一,202510011012
16,3,5,マルモリディライト,牝5,56.0,大野拓弥,1:09.5,クビ,110.4,14.0,486(+12),[東] 畠山吉宏,202510011012
17,2,3,マテンロウアネモス,牝5,54.0,小林脩斗,1:09.5,ハナ,14.5,7.0,456(-6),[東] 久保田貴,202510011012
18,7,13,ポマール,牝4,56.0,酒井学,1:09.6,クビ,120.1,15.0,450(+10),[西] 小栗実,202510011012
1,2,4,メイショウピリカ,牝3,55.0,古川吉洋,1:50.1,,246.2,16.0,476(+4),[西] 本田優,202510011101
2,7,14,レディオンステージ,牝3,55.0,佐々木大,1:50.3,1,4.6,2.0,494(+2),[西] 西園正都,202510011101
3,1,1,コンスピラシー,牝3,52.0,石神深道,1:50.6,2,17.7,7.0,452(0),[東] 本間忍,202510011101
4,3,6,ジュルナール,牝3,55.0,吉田隼人,1:50.7,クビ,8.5,5.0,462(0),[西] 池添学,202510011101
5,5,10,カーリンハート,牝3,52.0,川端海翼,1:50.9,1.1/4,20.8,9.0,424(0),[西] 四位洋文,202510011101
6,6,12,コスモトロイメル,牝3,55.0,丹内祐次,1:50.9,クビ,13.0,6.0,446(-2),[東] 田島俊明,202510011101
7,5,9,ヴィーナスバブル,牝3,53.0,永島まな,1:51.0,3/4,56.8,12.0,426(-2),[西] 音無秀孝,202510011101
8,1,2,エレガンシア,牝3,52.0,石田拓郎,1:51.1,クビ,55.2,11.0,444(+6),[西] 高柳大輔,202510011101
9,6,11,エイシンカリス,牝3,55.0,川又賢治,1:51.1,クビ,19.0,8.0,418(-6),[西] 吉村圭司,202510011101
10,2,3,ヴォワラクテ,牝3,52.0,古川奈穂,1:51.1,アタマ,7.3,4.0,420(+2),[西] 田中克典,202510011101
11,8,16,ノアチュロス,牝3,55.0,丸山元気,1:51.3,1.1/4,3.5,1.0,486(-4),[西] 梅田智之,202510011101
12,8,15,スカイビート,牝3,55.0,小沢大仁,1:51.4,1/2,5.4,3.0,468(0),[西] 野中賢二,202510011101
13,4,7,ゲレル,牝3,54.0,松本大輝,1:51.5,クビ,88.3,13.0,444(+4),[西] 長谷川浩,202510011101
14,4,8,モンサンケイティ,牝3,55.0,鮫島良太,1:51.5,アタマ,196.5,15.0,418(-10),[西] 河嶋宏樹,202510011101
15,7,13,ボヤージュアウト,牝3,51.0,河原田菜,1:51.6,3/4,181.5,14.0,436(-6),[西] 角田晃一,202510011101
16,3,5,ジュラ,牝3,55.0,菊沢一樹,1:51.7,1/2,45.2,10.0,440(-10),[東] 小手川準,202510011101
1,7,14,セイプリーズ,牝3,55.0,古川吉洋,1:09.3,,4.4,3.0,422(0),[西] 宮徹,202510011102
2,7,13,タマカヅラ,牝3,55.0,斎藤新,1:09.4,1/2,3.4,1.0,424(+2),[東] 斎藤誠,202510011102
3,1,2,ジョーブラック,牡3,57.0,佐々木大,1:09.9,2.1/2,8.8,5.0,494(-2),[西] 清水久詞,202510011102
4,5,9,ヒロノエクスカリバ,牡3,57.0,菅原隆一,1:09.9,アタマ,27.6,8.0,444(0),[東] 小手川準,202510011102
5,8,16,ビービーエフォート,牝3,55.0,丹内祐次,1:09.9,クビ,26.9,7.0,418(0),[東] 高柳瑞樹,202510011102
6,3,6,ブラックティンカー,牝3,52.0,石神深道,1:10.0,3/4,3.8,2.0,438(-4),[東] 和田雄二,202510011102
7,4,8,コナベイション,牡3,57.0,吉田隼人,1:10.1,クビ,8.0,4.0,456(+2),[東] 伊藤圭三,202510011102
8,2,4,テーオーシュターデ,牝3,51.0,河原田菜,1:10.3,1.1/2,12.1,6.0,426(0),[西] 宮徹,202510011102
9,4,7,ナリタボニー,牝3,52.0,川端海翼,1:10.4,クビ,177.2,14.0,438(-4),[西] 高橋亮,202510011102
10,3,5,ワンザストーリー,牝3,55.0,川又賢治,1:10.4,ハナ,194.2,15.0,414(-4),[西] 武英智,202510011102
11,6,11,ケンブリッジラブ,牝3,54.0,松本大輝,1:10.6,1.1/2,212.5,17.0,432(-2),[西] 本田優,202510011102
12,5,10,エコセーズ,牝3,55.0,鮫島良太,1:10.7,1/2,151.9,13.0,404(+2),[西] 河嶋宏樹,202510011102
13,1,1,アスカノソング,牡3,57.0,秋山稔樹,1:10.9,1,116.3,11.0,464(+10),[西] 宮地貴稔,202510011102
14,2,3,リュウノヒルド,牝3,55.0,菊沢一樹,1:11.2,2,63.8,10.0,442(0),[東] 伊坂重信,202510011102
15,8,17,カナメイシ,牝3,55.0,太宰啓介,1:11.2,アタマ,210.7,16.0,440(-12),[西] 北出成人,202510011102
16,7,15,アイアムルンルン,牝3,51.0,小林美駒,1:11.4,1.1/4,60.1,9.0,374(-10),[東] 奥平雅士,202510011102
17,8,18,ドゥフトブリューテ,牡3,54.0,鷲頭虎太,1:11.8,2.1/2,240.6,18.0,434(-8),[東] 武市康男,202510011102
18,6,12,ウォーターカルエル,牡3,57.0,小沢大仁,1:13.0,7,124.1,12.0,412(-2),[西] 岡田稲男,202510011102
1,5,8,ザウリ,牡6,58.0,丸山元気,0:58.3,,3.6,2.0,538(0),[西] 森田直行,202510011103
2,1,1,ナンヨークリスタル,セ5,55.0,川端海翼,0:58.5,1,7.1,5.0,486(-4),[西] 松永幹夫,202510011103
3,4,6,ミッキースピナッチ,牡5,56.0,永島まな,0:58.9,2,3.2,1.0,514(-6),[西] 音無秀孝,202510011103
4,5,7,エスペラード,牡4,58.0,菊沢一樹,0:59.1,1.1/2,5.5,3.0,532(-6),[東] 青木孝文,202510011103
5,6,10,イナフセド,牡5,55.0,柴田裕一,0:59.2,クビ,6.5,4.0,474(0),[西] 小林真也,202510011103
6,4,5,スピニングマーリン,牝5,56.0,的場勇人,0:59.3,1,31.6,8.0,486(0),[東] 西田雄一,202510011103
7,6,9,フリントロック,牝5,53.0,鷲頭虎太,0:59.5,3/4,90.9,12.0,434(-2),[東] 菊沢隆徳,202510011103
8,3,3,ベニシア,牝4,56.0,柴田大知,0:59.5,クビ,199.1,14.0,432(-4),[東] 粕谷昌央,202510011103
9,2,2,スパークルジョイ,牝4,56.0,荻野極,0:59.7,1,26.6,7.0,450(+4),[西] 鮫島一歩,202510011103
10,8,13,ノーブルミステリー,牝5,56.0,小林脩斗,0:59.8,1/2,97.9,13.0,454(-4),[東] 菊川正達,202510011103
11,7,12,スモーキンビリー,牡5,58.0,斎藤新,0:59.9,1,19.1,6.0,506(+14),[西] 音無秀孝,202510011103
12,7,11,ロードリレーション,牡4,57.0,西塚洸二,1:00.0,1/2,50.1,9.0,468(+16),[西] 辻野泰之,202510011103
13,8,14,ブラヴィーノ,牡6,58.0,佐々木大,1:00.1,クビ,77.4,11.0,462(-6),[東] 天間昭一,202510011103
14,3,4,トニーテソーロ,牡4,58.0,丹内祐次,1:00.8,4,72.2,10.0,484(+12),[東] 畠山吉宏,202510011103
1,8,17,ダノンジャイアン,牡3,57.0,小沢大仁,2:02.7,,5.8,4.0,444(-4),[西] 茶木太樹,202510011106
2,8,16,クラシカルカイザー,牡3,53.0,小林美駒,2:02.7,アタマ,38.3,11.0,422(-6),[東] 稲垣幸雄,202510011106
3,2,4,スティーヴバローズ,牡3,57.0,荻野極,2:03.0,1.1/2,5.8,3.0,482(0),[東] 上原佑紀,202510011106
4,5,10,コスモアチーブ,牡3,57.0,丹内祐次,2:03.1,1/2,3.8,1.0,476(-6),[東] 相沢郁,202510011106
5,7,13,ユイノガリクソン,牡3,57.0,柴田大知,2:03.1,クビ,62.1,12.0,422(-2),[東] 深山雅史,202510011106
6,1,2,ジャックオダモ,牡3,57.0,佐々木大,2:03.2,クビ,8.3,5.0,506(-4),[西] 矢作芳人,202510011106
7,1,1,サミダレナイツ,牡3,54.0,柴田裕一,2:03.3,1/2,12.2,6.0,474(-8),[西] 谷潔,202510011106
8,3,5,ジョインザフレイ,牡3,56.0,松本大輝,2:03.4,1/2,69.3,13.0,506(+10),[西] 安田翔伍,202510011106
9,4,8,ストレートブラック,牝3,55.0,黛弘人,2:03.4,クビ,5.6,2.0,430(-4),[東] 奥平雅士,202510011106
10,6,12,ハイクオリティ,牡3,57.0,長岡禎仁,2:03.5,3/4,20.1,8.0,480(-12),[西] 今野貞一,202510011106
11,7,14,セレーネアステール,牝3,55.0,吉田隼人,2:04.0,3,17.4,7.0,404(-12),[西] 武幸四郎,202510011106
12,3,6,メイショウヨリキリ,牡3,57.0,斎藤新,2:04.0,アタマ,113.3,14.0,462(0),[西] 池添学,202510011106
13,6,11,ピジョンポイント,牡3,54.0,石神深道,2:04.0,クビ,21.8,9.0,488(-4),[東] 岩戸孝樹,202510011106
14,2,3,サンライズフーガ,牡3,57.0,川又賢治,2:04.1,3/4,122.4,15.0,482(-8),[西] 河内洋,202510011106
15,5,9,ブライトライツ,牡3,56.0,西塚洸二,2:04.5,2.1/2,149.2,16.0,432(-6),[東] 畠山吉宏,202510011106
16,8,18,ゴールドドロップ,牝3,55.0,菊沢一樹,2:04.5,アタマ,31.7,10.0,434(-4),[西] 寺島良,202510011106
17,4,7,ジュエリーメモリー,牝3,55.0,小林脩斗,2:05.4,5,368.6,18.0,370(0),[東] 粕谷昌央,202510011106
18,7,15,ニンマリ,牝3,55.0,秋山稔樹,2:05.8,2.1/2,297.3,17.0,410(-8),[西] 谷潔,202510011106
1,1,2,グレイスフルマーチ,牡3,57.0,丹内祐次,1:47.5,,4.6,2.0,458(-4),[西] 中村直也,202510011107
2,4,7,ガラク,牝3,55.0,佐々木大,1:47.8,1.1/2,6.5,4.0,426(-6),[東] 伊坂重信,202510011107
3,3,5,フェアリーブルー,牝3,54.0,西塚洸二,1:48.0,1.1/2,2.5,1.0,484(+2),[西] 西園翔太,202510011107
4,8,16,モズシューター,牡3,57.0,荻野極,1:48.5,3.1/2,9.2,5.0,480(-6),[西] 飯田祐史,202510011107
5,5,10,フェデルミエール,牝3,52.0,石田拓郎,1:49.1,3.1/2,37.9,7.0,484(-6),[東] 中川公成,202510011107
6,6,11,ルクスメンデス,牡3,57.0,小崎綾也,1:49.2,3/4,146.7,14.0,468(-8),[西] 小崎憲,202510011107
7,4,8,ヤマニンパッセ,牝3,55.0,泉谷楓真,1:49.4,1.1/4,6.4,3.0,520(0),[西] 奥村豊,202510011107
8,2,3,ハナカホノカ,牝3,52.0,川端海翼,1:49.5,1/2,74.7,10.0,464(+2),[西] 宮本博,202510011107
9,1,1,ホワイトジーン,牝3,55.0,秋山稔樹,1:49.9,2.1/2,9.4,6.0,504(0),[西] 北出成人,202510011107
10,7,13,テーオーシュタルク,セ3,54.0,柴田裕一,1:50.5,3.1/2,143.4,13.0,472(-14),[西] 岡田稲男,202510011107
11,7,14,サンライズアルズ,セ3,57.0,長岡禎仁,1:50.5,クビ,56.2,8.0,490(-8),[西] 羽月友彦,202510011107
12,3,6,ディアイライザ,牝3,52.0,水沼元輝,1:50.8,1.1/2,83.3,11.0,416(-4),[東] 加藤和宏,202510011107
13,6,12,ショウブダッシュ,牝3,55.0,小林脩斗,1:52.2,9,321.3,16.0,426(-4),[東] 青木孝文,202510011107
14,5,9,カシノフロレゾン,牡3,57.0,柴田大知,1:52.7,3,125.8,12.0,482(+4),[東] 和田雄二,202510011107
15,8,15,ワンダーエバー,牡3,57.0,小沢大仁,1:59.6,大,179.2,15.0,490(-2),[西] 河内洋,202510011107
中,2,4,カリヨンベル,牝3,55.0,丸山元気,,,61.4,9.0,432(+4),[東] 萱野浩二,202510011107
1,4,6,オオナミコナミ,牝4,56.0,佐々木大,1:48.9,,1.9,1.0,476(-2),[西] 牧浦充徳,202510011108
2,5,8,モアニ,牝4,54.0,永島まな,1:49.2,2,8.6,3.0,460(-14),[西] 高橋康之,202510011108
3,7,12,インマイポケット,牝4,56.0,吉田隼人,1:49.3,クビ,4.0,2.0,428(-6),[西] 武幸四郎,202510011108
4,4,7,デオヴォレンティ,牝5,56.0,国分恭介,1:49.4,1/2,104.8,12.0,444(-8),[東] 蛯名利弘,202510011108
5,7,13,ウインリュクス,牝5,56.0,丹内祐次,1:49.7,1.3/4,13.4,6.0,432(0),[西] 吉田直弘,202510011108
6,6,10,ルージュクレセント,牝5,53.0,柴田裕一,1:49.7,アタマ,98.8,11.0,456(+2),[西] 宮地貴稔,202510011108
7,5,9,ブロードグリン,牝4,52.0,小林美駒,1:49.8,3/4,43.2,8.0,430(+2),[西] 中村直也,202510011108
8,6,11,ニシノコマチムスメ,牝4,56.0,黛弘人,1:49.9,1/2,52.6,9.0,438(-2),[東] 松山将樹,202510011108
9,8,14,ラブカヒルー,牝6,56.0,小沢大仁,1:50.2,1.3/4,277.1,15.0,462(+2),[西] 森田直行,202510011108
10,8,15,クインズスピカ,牝4,53.0,石神深道,1:50.3,1,11.1,5.0,474(0),[東] 村田一誠,202510011108
11,2,2,クイーンズワーフ,牝4,56.0,菊沢一樹,1:50.4,アタマ,8.8,4.0,452(-2),[東] 青木孝文,202510011108
12,2,3,シンデレラスマイル,牝5,53.0,石田拓郎,1:50.8,2.1/2,111.4,13.0,460(+2),[東] 武藤善則,202510011108
13,3,4,フラッシュフリーズ,牝4,56.0,川又賢治,1:50.9,1/2,42.6,7.0,400(+2),[西] 吉村圭司,202510011108
14,3,5,テイエムエメラルド,牝7,56.0,小野寺祐,1:51.7,5,97.6,10.0,466(-2),[西] 小椋研介,202510011108
15,1,1,ヴォンヌヴォー,牝5,53.0,水沼元輝,1:52.2,3.1/2,275.2,14.0,452(-10),[東] 菊川正達,202510011108
1,8,15,ローザサンリヴァル,牡4,57.0,佐々木大,2:41.3,,2.9,1.0,510(-2),[西] 高野友和,202510011109
2,5,10,ヴァイザーバルコ,セ5,58.0,古川吉洋,2:41.5,1.1/4,6.3,4.0,462(-8),[東] 水野貴広,202510011109
3,6,12,スピードリッチ,牡4,57.0,丸山元気,2:41.8,1.3/4,4.8,2.0,480(-6),[西] 藤岡健一,202510011109
4,5,9,オールデュスヴラン,牡4,57.0,荻野極,2:42.0,1.1/4,11.0,5.0,476(-8),[西] 池江泰寿,202510011109
5,1,1,ティータイム,牝5,56.0,西塚洸二,2:42.2,1.1/4,21.1,7.0,448(-4),[西] 長谷川浩,202510011109
5,2,3,カリーニョ,牡4,57.0,小沢大仁,2:42.2,同着,5.0,3.0,466(-2),[西] 杉山晴紀,202510011109
7,6,11,ビップチェイス,牡4,57.0,菊沢一樹,2:42.3,1/2,26.6,9.0,458(-2),[東] 田島俊明,202510011109
8,7,14,ルークスヘリオス,牡6,58.0,黛弘人,2:42.3,ハナ,114.5,13.0,492(0),[東] 中川公成,202510011109
9,2,4,キヨラ,牝7,56.0,小林脩斗,2:42.7,2.1/2,91.7,11.0,468(-10),[東] 堀内岳志,202510011109
10,7,13,マイネルイージス,牡6,58.0,丹内祐次,2:42.7,クビ,16.1,6.0,484(+2),[東] 清水英克,202510011109
11,3,6,ルージュクライト,牝4,55.0,小崎綾也,2:42.8,3/4,26.4,8.0,430(-2),[西] 寺島良,202510011109
12,4,8,ペリプルス,牡5,58.0,柴田大知,2:42.9,1/2,28.2,10.0,446(-4),[東] 佐藤吉勝,202510011109
13,8,16,チャイボーグ,牝5,56.0,的場勇人,2:44.7,大,287.3,16.0,492(0),[東] 的場均,202510011109
14,4,7,ヤップヤップヤップ,牡9,58.0,石田拓郎,2:44.8,1/2,103.6,12.0,460(0),[東] 宗像義忠,202510011109
15,1,2,ミッドナイトホーク,セ4,57.0,川端海翼,2:45.9,7,149.2,15.0,482(-4),[西] 宮地貴稔,202510011109
16,3,5,アンジェリカル,牝5,56.0,長岡禎仁,2:48.6,大,140.5,14.0,448(-2),[西] 河嶋宏樹,202510011109
1,4,8,ジョーメッドヴィン,牡4,58.0,佐々木大,1:08.4,,5.9,2.0,518(+12),[西] 清水久詞,202510011110
2,7,14,ワンダーキサラ,牝6,56.0,太宰啓介,1:08.7,2,2.4,1.0,464(-8),[西] 石橋守,202510011110
3,8,18,トールキン,牡5,58.0,古川吉洋,1:08.9,1.1/4,17.6,7.0,498(-2),[西] 西園正都,202510011110
4,3,6,アイルドリアン,牝4,56.0,小沢大仁,1:08.9,クビ,26.3,8.0,488(-10),[西] 音無秀孝,202510011110
5,6,11,ゴールドスター,牡4,58.0,丹内祐次,1:08.9,ハナ,9.4,4.0,470(+2),[東] 奥村武,202510011110
6,7,13,スマートジェイナ,牝5,56.0,泉谷楓真,1:09.1,1.1/4,14.2,5.0,438(-6),[西] 大久保龍,202510011110
7,7,15,ゴルトリッチ,牡5,58.0,小崎綾也,1:09.1,ハナ,15.1,6.0,512(0),[西] 牧浦充徳,202510011110
8,6,12,メイショウコギク,牝5,56.0,秋山稔樹,1:09.1,アタマ,93.9,17.0,452(-12),[西] 石橋守,202510011110
9,8,16,テーオースパロー,牡6,58.0,斎藤新,1:09.2,1/2,29.0,10.0,492(+2),[西] 清水久詞,202510011110
10,5,9,イグニション,牡5,58.0,荻野極,1:09.3,クビ,28.8,9.0,476(0),[西] 畑端省吾,202510011110
11,4,7,トーセントラム,牡5,58.0,西塚洸二,1:09.3,ハナ,33.8,11.0,450(-2),[東] 佐藤吉勝,202510011110
12,5,10,ダイヤモンドフジ,牡6,58.0,国分恭介,1:09.3,クビ,71.1,15.0,460(-6),[西] 宮本博,202510011110
13,8,17,スイミーユニバンス,牝5,56.0,小林美駒,1:09.5,3/4,44.6,13.0,424(-6),[西] 平田修,202510011110
14,2,4,ディアドコス,牡5,58.0,丸山元気,1:09.5,クビ,7.4,3.0,500(-8),[西] 羽月友彦,202510011110
15,2,3,ダークンストーミー,牡5,58.0,菊沢一樹,1:09.8,1.1/2,87.2,16.0,452(+4),[東] 小笠倫弘,202510011110
16,1,1,キングクー,牡6,58.0,川又賢治,1:09.9,1/2,59.2,14.0,530(-2),[東] 根本康広,202510011110
17,3,5,ハートホイップ,牝6,56.0,小林脩斗,1:09.9,アタマ,249.2,18.0,494(+2),[東] 蛯名利弘,202510011110
18,1,2,トーホウフランゴ,牝5,56.0,永島まな,1:10.1,1.1/4,38.9,12.0,438(-2),[西] 高橋康之,202510011110
1,6,10,コブラ,牡6,55.0,菊沢一樹,1:45.4,,9.3,5.0,496(+8),[東] 菊沢隆徳,202510011111
2,3,4,アセレラシオン,牡4,56.0,斎藤新,1:45.5,3/4,9.8,6.0,538(+2),[西] 浜田多実,202510011111
3,5,9,グランドセントラル,牡4,55.0,秋山稔樹,1:45.6,1/2,7.7,4.0,466(+6),[西] 北出成人,202510011111
4,2,2,クラウンシエンタ,牡4,56.0,佐々木大,1:45.8,1,3.3,1.0,496(-4),[東] 水野貴広,202510011111
5,8,15,パフ,牡4,57.0,荻野極,1:45.8,クビ,4.0,2.0,472(0),[西] 橋口慎介,202510011111
6,3,5,フラッシング,牡4,55.0,国分恭介,1:46.1,1.1/2,38.0,9.0,490(+2),[西] 牧浦充徳,202510011111
7,7,13,オールマキシマム,牝5,53.0,小林脩斗,1:46.1,クビ,57.0,12.0,448(-14),[東] 奥平雅士,202510011111
8,8,14,グーヴェルナイユ,牡4,55.0,吉田隼人,1:46.1,ハナ,20.8,7.0,464(+2),[西] 武幸四郎,202510011111
9,1,1,サラサハウプリティ,牝5,51.0,柴田裕一,1:46.2,アタマ,49.2,11.0,446(-16),[西] 岡田稲男,202510011111
10,4,7,ワーズワース,牡7,54.0,小崎綾也,1:46.3,1/2,144.6,14.0,490(-4),[西] 高橋一哉,202510011111
11,2,3,シンリミテス,牡6,54.0,古川吉洋,1:46.3,アタマ,43.4,10.0,494(+4),[西] 大根田裕,202510011111
12,5,8,メイショウコボケ,牝5,52.0,川又賢治,1:46.3,クビ,30.8,8.0,504(0),[西] 河内洋,202510011111
13,6,11,スマートハンター,牡5,54.0,長岡禎仁,1:46.6,1.1/2,96.7,13.0,506(-2),[西] 中村直也,202510011111
14,7,12,ダノンスウィッチ,牡4,55.0,丹内祐次,1:46.7,3/4,5.4,3.0,482(+2),[西] 音無秀孝,202510011111
15,4,6,カップッチョ,牡8,52.0,黛弘人,1:46.9,1.1/2,144.8,15.0,504(-2),[東] 石毛善彦,202510011111
1,8,17,ハピアーザンエバー,牡4,58.0,黛弘人,1:09.1,,35.6,9.0,452(+2),[西] 羽月友彦,202510011112
2,3,6,ミエノブラボー,牝4,53.0,石田拓郎,1:09.2,クビ,3.8,1.0,478(-8),[東] 宗像義忠,202510011112
3,8,16,ピースフルナイト,牝5,56.0,斎藤新,1:09.3,3/4,27.7,7.0,406(+10),[西] 高野友和,202510011112
4,4,8,ヒーローインチーフ,セ4,57.0,西塚洸二,1:09.3,ハナ,82.2,17.0,452(-6),[西] 吉田直弘,202510011112
5,7,13,ベルタソ,牝5,56.0,小崎綾也,1:09.6,1.3/4,42.1,11.0,454(-2),[西] 小崎憲,202510011112
6,2,4,シュブロンレーヴル,牝4,56.0,川又賢治,1:09.6,ハナ,52.5,12.0,400(-18),[西] 杉山佳明,202510011112
7,6,11,セリオーソ,牝5,53.0,柴田裕一,1:09.7,1/2,64.7,15.0,448(+8),[東] 高柳瑞樹,202510011112
8,1,2,ホウオウドルーリー,牝4,56.0,秋山稔樹,1:09.7,クビ,8.5,5.0,474(0),[西] 宮徹,202510011112
9,7,15,シアター,牝4,52.0,河原田菜,1:09.8,クビ,5.5,3.0,440(-4),[西] 茶木太樹,202510011112
10,8,18,ビアフォーナウ,牝4,56.0,小林脩斗,1:09.8,ハナ,74.3,16.0,444(-2),[東] 池上昌和,202510011112
11,1,1,ニシノアヤカゼ,牝4,52.0,小林美駒,1:09.8,クビ,32.9,8.0,464(+4),[東] 鈴木伸尋,202510011112
12,5,9,テクノデザイン,牝5,53.0,鷲頭虎太,1:09.9,クビ,41.1,10.0,422(-10),[西] 千田輝彦,202510011112
13,6,12,ムチャスグラシアス,牝4,56.0,丹内祐次,1:09.9,クビ,5.3,2.0,424(-8),[東] 菊川正達,202510011112
14,4,7,ブライティアダイヤ,牝4,56.0,菊沢一樹,1:09.9,アタマ,61.8,14.0,462(-4),[東] 稲垣幸雄,202510011112
15,5,10,フーレイ,牝6,53.0,古川奈穂,1:10.1,1,94.8,18.0,460(-10),[西] 藤沢則雄,202510011112
16,3,5,ビーコング,牡4,56.0,永島まな,1:10.1,アタマ,8.8,6.0,492(+4),[東] 小手川準,202510011112
17,2,3,ラブディーヴァ,牝4,56.0,小沢大仁,1:10.1,ハナ,6.7,4.0,450(-4),[西] 杉山晴紀,202510011112
18,7,14,グランルーチェ,セ4,55.0,川端海翼,1:10.2,1/2,54.7,13.0,478(-10),[西] 庄野靖志,202510011112
1,5,9,タケルハーロック,牡3,57.0,鮫島克駿,1:44.8,,1.4,1.0,490(-6),[西] 高柳大輔,202510011201
2,8,15,カミノレアル,牡3,57.0,佐々木大,1:45.1,2,8.5,3.0,512(+2),[西] 今野貞一,202510011201
3,2,3,アイルランズコール,牡3,57.0,小沢大仁,1:47.4,大,19.4,4.0,504(-2),[西] 吉岡辰弥,202510011201
4,1,2,コスモシェルベット,牡3,57.0,丹内祐次,1:47.4,アタマ,28.2,5.0,428(0),[東] 水野貴広,202510011201
5,4,8,メイショウバンデ,牡3,57.0,斎藤新,1:47.5,1/2,72.2,9.0,456(-12),[西] 高橋義忠,202510011201
6,1,1,カンプウ,牡3,57.0,泉谷楓真,1:47.7,3/4,188.4,12.0,500(-4),[西] 奥村豊,202510011201
7,2,4,アンヘリート,牝3,55.0,川須栄彦,1:47.8,3/4,209.8,14.0,452(-2),[西] 高橋一哉,202510011201
8,4,7,アバットゥータ,牡3,54.0,柴田裕一,1:47.9,1/2,200.1,13.0,476(+2),[西] 中竹和也,202510011201
9,3,6,ミユンガー,牡3,57.0,小崎綾也,1:48.0,1/2,52.5,8.0,462(-4),[西] 岡田稲男,202510011201
10,5,10,トーケンサワー,牝3,55.0,丸山元気,1:49.1,7,4.3,2.0,438(-4),[東] 根本康広,202510011201
11,7,14,テイエムコジーン,牡3,57.0,田中健,1:49.9,5,246.8,15.0,498(0),[西] 浜田多実,202510011201
12,7,13,イオリ,牝3,52.0,石神深道,1:50.4,2.1/2,112.4,10.0,430(+10),[東] 伊藤圭三,202510011201
13,6,12,リネンドライブ,セ3,57.0,秋山稔樹,1:50.7,2,46.5,7.0,484(+2),[東] 南田美知,202510011201
14,3,5,キタノフローラ,牝3,55.0,小林脩斗,1:51.3,3.1/2,285.4,16.0,448(-8),[東] 萱野浩二,202510011201
15,6,11,マニーヒーロー,牡3,57.0,菊沢一樹,1:52.3,6,119.0,11.0,480(-2),[西] 寺島良,202510011201
16,8,16,アズユーライク,牝3,54.0,西塚洸二,1:55.3,大,38.8,6.0,462(-4),[西] 西園翔太,202510011201
1,8,17,スネーフリンガ,牝3,55.0,丸山元気,1:10.2,,5.5,3.0,452(-4),[西] 森田直行,202510011202
2,5,10,デボラ,牝3,55.0,佐々木大,1:10.8,3.1/2,3.1,1.0,456(-4),[西] 西園正都,202510011202
3,7,14,グリフォン,牝3,52.0,古川奈穂,1:10.9,3/4,23.3,7.0,416(-4),[西] 小椋研介,202510011202
4,8,16,マサウッドテール,牡3,57.0,小崎綾也,1:11.0,1/2,42.4,9.0,468(+6),[西] 河嶋宏樹,202510011202
5,2,4,クリノウィリアム,牡3,57.0,国分恭介,1:11.0,ハナ,14.3,6.0,466(0),[西] 畑端省吾,202510011202
6,7,13,レイリースピリット,牡3,57.0,川須栄彦,1:11.2,3/4,270.6,18.0,422(0),[西] 浜田多実,202510011202
7,6,11,キーブリーゼ,牡3,57.0,秋山稔樹,1:11.2,クビ,4.0,2.0,484(+2),[西] 宮徹,202510011202
8,7,15,メイショウタザワコ,牝3,55.0,小沢大仁,1:11.4,1.1/2,7.2,4.0,424(-6),[西] 石橋守,202510011202
9,4,8,フェスティヴルキナ,牝3,55.0,柴田大知,1:11.6,1.1/4,93.0,12.0,442(+10),[東] 小野次郎,202510011202
10,3,5,オルティジア,牡3,54.0,柴田裕一,1:11.7,クビ,143.2,16.0,478(+8),[東] 菊川正達,202510011202
11,4,7,ココリハクタク,牡3,57.0,菊沢一樹,1:11.7,クビ,93.1,13.0,462(-10),[東] 古賀慎明,202510011202
12,3,6,カシノメンコチャン,牝3,55.0,丹内祐次,1:11.8,3/4,100.0,14.0,420(0),[西] 牧田和弥,202510011202
13,8,18,クイーンパレス,牝3,52.0,川端海翼,1:11.9,クビ,137.8,15.0,380(-8),[西] 高橋亮,202510011202
14,6,12,オントゥザステージ,牝3,54.0,西塚洸二,1:11.9,ハナ,8.6,5.0,422(+2),[西] 藤原英昭,202510011202
15,1,2,トレヴィーテ,牝3,55.0,長岡禎仁,1:12.1,1.1/4,78.3,11.0,418(+4),[東] 尾関知人,202510011202
16,1,1,シャインモノリス,牡3,56.0,松本大輝,1:12.2,1/2,245.9,17.0,462(+6),[西] 本田優,202510011202
17,5,9,ホシクズロンリネス,牝3,55.0,斎藤新,1:12.6,2.1/2,57.7,10.0,450(-12),[西] 藤野健太,202510011202
18,2,3,レーニス,牝3,51.0,河原田菜,1:13.8,7,32.0,8.0,430(+4),[西] 宮徹,202510011202
1,5,7,ブルドッグキング,牡3,53.0,小林美駒,0:58.5,,2.3,1.0,502(0),[東] 斎藤誠,202510011203
2,4,5,アイファーモービル,牡3,57.0,藤懸貴志,0:58.8,1.3/4,10.6,4.0,468(-2),[西] 鮫島一歩,202510011203
3,6,9,イフウドウドウ,牡3,57.0,泉谷楓真,0:59.1,2,3.1,2.0,510(+2),[西] 角田晃一,202510011203
4,3,3,リリードリーマー,牝3,52.0,古川奈穂,0:59.2,クビ,65.5,10.0,452(0),[西] 平田修,202510011203
5,7,12,ヒロスズラン,牝3,52.0,柴田裕一,0:59.6,2.1/2,158.2,11.0,460(-2),[西] 角田晃一,202510011203
6,5,8,チュッチュポッポ,牝3,52.0,川端海翼,0:59.6,ハナ,13.4,5.0,458(+2),[東] 武藤善則,202510011203
7,8,13,セイウンヤタガラス,牡3,57.0,黛弘人,1:00.1,3.1/2,32.7,7.0,432(-12),[東] 堀内岳志,202510011203
8,8,14,コッコラーレ,牝3,55.0,佐々木大,1:00.3,3/4,5.6,3.0,482(-2),[西] 鈴木孝志,202510011203
9,3,4,キャットサンライズ,牝3,55.0,加藤祥太,1:00.4,3/4,21.1,6.0,452(-6),[西] 庄野靖志,202510011203
10,1,1,バイアンドホールド,牡3,57.0,長岡禎仁,1:00.6,1.1/4,297.4,14.0,468(-8),[西] 小栗実,202510011203
11,7,11,タイセイウーノ,牡3,56.0,松本大輝,1:00.7,1/2,35.6,8.0,510(+2),[西] 田中克典,202510011203
12,2,2,ベルオーブ,牝3,51.0,河原田菜,1:01.2,3,240.4,13.0,444(+10),[西] 高橋義忠,202510011203
13,6,10,スカイダイバー,牝3,52.0,石神深道,1:01.4,1.1/2,50.0,9.0,448(-2),[東] 宗像義忠,202510011203
14,4,6,ユアヴィーナス,牝3,55.0,斎藤新,1:02.0,3.1/2,197.4,12.0,414(0),[西] 羽月友彦,202510011203
1,4,7,ミュージシャン,牡3,57.0,泉谷楓真,1:51.6,,14.0,6.0,468(-10),[西] 杉山晴紀,202510011205
2,7,13,ヒシカリナン,牡3,57.0,丸山元気,1:52.0,2.1/2,37.5,10.0,452(0),[西] 矢作芳人,202510011205
3,1,2,ウインリベラシオン,牡3,57.0,長岡禎仁,1:52.4,2,3.0,1.0,486(+8),[西] 緒方努,202510011205
4,5,10,コンドゥイア,牝3,55.0,川須栄彦,1:52.4,アタマ,47.0,11.0,472(+2),[西] 鮫島一歩,202510011205
5,7,14,クラウンアールシー,牡3,57.0,鮫島克駿,1:52.4,クビ,6.9,3.0,460(0),[東] 加藤士津,202510011205
6,8,16,ウインベラーノ,牡3,56.0,西塚洸二,1:52.4,アタマ,3.3,2.0,446(+4),[西] 宮徹,202510011205
7,6,12,コスモナッシュビル,牡3,57.0,柴田大知,1:52.6,1,104.9,12.0,508(-8),[西] 吉田直弘,202510011205
8,5,9,サッカレッロ,牝3,55.0,斎藤新,1:52.8,1,24.6,8.0,432(-8),[西] 坂口智康,202510011205
9,8,15,ミシャベル,牝3,52.0,柴田裕一,1:53.2,2.1/2,315.3,15.0,374(+2),[東] 松山将樹,202510011205
10,1,1,クラリヴィデンシア,牡3,57.0,小崎綾也,1:53.2,クビ,8.5,4.0,448(-10),[西] 野中賢二,202510011205
11,6,11,エンジェライト,牝3,52.0,水沼元輝,1:54.6,9,355.5,16.0,386(+2),[東] 加藤和宏,202510011205
12,3,5,ムーンナイトローズ,牝3,55.0,丹内祐次,1:55.0,2,9.8,5.0,446(-8),[東] 宗像義忠,202510011205
13,4,8,クリノクーチャン,牡3,53.0,河原田菜,1:55.5,3.1/2,34.4,9.0,506(+8),[西] 渡辺薫彦,202510011205
14,3,6,シンクロボンバイエ,牡3,57.0,小沢大仁,1:55.6,1/2,123.1,13.0,408(+4),[西] 西園翔太,202510011205
15,2,3,ジャスタパーティー,セ3,57.0,佐々木大,1:55.9,1.3/4,23.3,7.0,474(+14),[西] 杉山晴紀,202510011205
16,2,4,カシノクンプウ,牡3,57.0,菊沢一樹,1:56.2,1.1/2,246.5,14.0,454(+6),[西] 北出成人,202510011205
1,4,7,オメガインペリアル,牡4,57.0,松本大輝,2:04.5,,7.1,3.0,474(+20),[西] 安田翔伍,202510011206
2,7,14,マイファミリー,牡4,58.0,黛弘人,2:05.0,3,9.0,5.0,452(0),[東] 深山雅史,202510011206
3,6,12,ダノンアトラス,牡4,58.0,鮫島克駿,2:05.0,アタマ,2.8,1.0,412(+2),[西] 橋口慎介,202510011206
4,2,4,コスモエクスプレス,牡6,58.0,丹内祐次,2:05.1,クビ,15.9,7.0,498(-2),[東] 松永康利,202510011206
5,2,3,タルタロス,牡4,55.0,石神深道,2:05.1,クビ,12.5,6.0,450(-2),[東] 天間昭一,202510011206
6,8,17,コスモアバンサ,牡5,58.0,柴田大知,2:05.1,アタマ,40.0,11.0,492(+6),[東] 清水英克,202510011206
7,8,16,ケイツークローン,セ5,58.0,菊沢一樹,2:05.1,アタマ,5.6,2.0,468(-6),[東] 清水英克,202510011206
8,7,13,ゼアズノープレイス,牡6,58.0,的場勇人,2:05.2,クビ,151.0,17.0,512(-6),[東] 的場均,202510011206
9,3,6,ヘザルフェン,牡4,58.0,丸山元気,2:05.3,3/4,29.2,10.0,498(+4),[西] 昆貢,202510011206
10,6,11,スノーブリザード,牡4,58.0,鮫島良太,2:05.4,1/2,24.8,8.0,484(-6),[西] 畑端省吾,202510011206
11,5,9,マイバラード,牡5,58.0,佐々木大,2:05.5,3/4,59.6,12.0,476(-8),[東] 松永康利,202510011206
12,5,10,レイピカケ,牝4,53.0,川端海翼,2:05.5,アタマ,8.2,4.0,454(-2),[西] 野中賢二,202510011206
13,4,8,ガルムキャット,牡5,58.0,斎藤新,2:06.2,4,138.0,15.0,426(+8),[西] 高橋一哉,202510011206
14,3,5,ミッキーストライク,牡4,58.0,吉田隼人,2:06.5,2,25.8,9.0,512(-2),[西] 矢作芳人,202510011206
15,1,2,トライデント,牡4,58.0,小沢大仁,2:06.6,クビ,141.1,16.0,492(-26),[東] 新開幸一,202510011206
16,1,1,ヤマニンアラクリア,牡4,58.0,田中健,2:07.3,4,61.0,13.0,482(0),[西] 中村直也,202510011206
17,7,15,ヤルダバオト,牡4,54.0,小林美駒,2:07.5,1.1/4,190.6,18.0,430(-4),[東] 蛯名利弘,202510011206
18,8,18,アスクメークシェア,牡5,57.0,西塚洸二,2:07.8,2,70.8,14.0,508(+36),[西] 河内洋,202510011206
1,5,9,パクスロマーナ,牝5,56.0,川須栄彦,1:10.4,,61.3,14.0,440(+4),[西] 藤沢則雄,202510011207
2,7,13,エクセルゴールド,牡4,58.0,丹内祐次,1:10.5,1/2,7.6,2.0,486(0),[東] 武市康男,202510011207
3,2,4,ナムラエデン,牝4,52.0,小林美駒,1:10.5,クビ,19.8,8.0,436(+2),[西] 小栗実,202510011207
4,7,14,ロードマイライフ,牡4,58.0,長岡禎仁,1:10.6,3/4,2.6,1.0,510(-8),[西] 杉山晴紀,202510011207
5,8,16,スウィートリワード,牝4,56.0,小沢大仁,1:10.6,アタマ,11.0,6.0,458(0),[西] 宮本博,202510011207
6,8,18,ペルフェツィオーネ,牡4,58.0,藤懸貴志,1:10.7,クビ,8.8,5.0,462(-6),[西] 杉山佳明,202510011207
7,1,2,ブルボンクイーン,牝4,56.0,国分恭介,1:10.7,クビ,8.4,4.0,470(+2),[西] 角田晃一,202510011207
8,5,10,メイショウオオミネ,牡5,58.0,秋山稔樹,1:10.9,3/4,47.0,12.0,446(0),[西] 石橋守,202510011207
9,2,3,ルンナノオクリモノ,牡5,55.0,川端海翼,1:10.9,ハナ,253.3,17.0,472(0),[西] 大根田裕,202510011207
10,7,15,ニシノトキメキ,牝5,56.0,菊沢一樹,1:10.9,クビ,30.2,9.0,484(+4),[東] 小手川準,202510011207
11,3,5,スーパーバイザー,牡4,58.0,黛弘人,1:11.0,クビ,80.2,15.0,478(+24),[東] 菊沢隆徳,202510011207
12,3,6,ティーラミレス,牝5,52.0,河原田菜,1:11.1,1/2,46.6,11.0,458(-4),[東] 辻哲英,202510011207
13,8,17,シンドリームシン,牡4,58.0,吉田隼人,1:11.2,1/2,13.7,7.0,488(0),[西] 武幸四郎,202510011207
14,4,8,ルクスアドラー,牡4,58.0,佐々木大,1:11.4,1.1/4,7.8,3.0,466(0),[西] 須貝尚介,202510011207
15,4,7,セントキルダ,牡4,55.0,古川奈穂,1:11.5,1/2,31.9,10.0,476(-6),[西] 音無秀孝,202510011207
16,6,12,バイデンテソーロ,牡4,58.0,柴田大知,1:12.0,3,141.1,16.0,498(+4),[東] 畠山吉宏,202510011207
17,1,1,マーゴットメネス,牡4,58.0,斎藤新,1:12.1,1/2,54.7,13.0,486(+2),[東] 伊坂重信,202510011207
取,6,11,ウインアステロイド,牡8,55.0,石神深道,,,---,,計不,[東] 和田正一,202510011207
1,7,12,ミレニアムヒロイン,牝4,56.0,佐々木大,1:45.9,,3.5,2.0,434(+2),[東] 池上昌和,202510011208
2,5,8,ブラックドレス,牝4,53.0,柴田裕一,1:45.9,クビ,17.1,6.0,438(+4),[西] 谷潔,202510011208
3,8,13,ノーブルアクト,牝5,53.0,水沼元輝,1:46.0,クビ,3.2,1.0,506(-4),[東] 上原博之,202510011208
4,8,14,オーロラアーク,牝6,56.0,菊沢一樹,1:46.2,1.1/4,45.4,10.0,452(-10),[東] 石栗龍彦,202510011208
5,4,6,レイフロレット,牝4,56.0,秋山稔樹,1:46.2,アタマ,34.4,9.0,400(-6),[西] 村山明,202510011208
6,2,2,ユキカゼ,牝4,56.0,小崎綾也,1:46.4,1,7.7,4.0,454(0),[西] 小崎憲,202510011208
7,6,10,シルバーニース,牝5,56.0,丹内祐次,1:46.7,2,29.7,8.0,456(-2),[東] 田村康仁,202510011208
8,5,7,ステラスプレンダー,牝4,53.0,川端海翼,1:46.8,1/2,5.0,3.0,440(+2),[西] 石坂公一,202510011208
9,3,3,ショーヴァロンス,牝4,52.0,小林美駒,1:47.0,1.1/4,61.5,12.0,464(+8),[東] 鈴木伸尋,202510011208
10,3,4,ミスサラワク,牝4,55.0,西塚洸二,1:47.2,3/4,52.6,11.0,502(-2),[東] 本間忍,202510011208
11,4,5,レジュークレール,牝5,56.0,小林脩斗,1:47.5,2,113.9,14.0,452(-2),[東] 青木孝文,202510011208
12,7,11,スナークメモリー,牝5,56.0,小沢大仁,1:48.7,7,21.4,7.0,430(0),[西] 宮地貴稔,202510011208
13,1,1,エスグラシア,牝6,56.0,黛弘人,1:48.8,1/2,91.7,13.0,468(-12),[東] 加藤和宏,202510011208
14,6,9,サトノクロシェット,牝4,56.0,藤懸貴志,1:49.3,3,11.4,5.0,448(-17),[西] 平田修,202510011208
1,7,14,ベイビーキッス,牝3,55.0,菊沢一樹,1:10.5,,7.1,3.0,456(-2),[東] 青木孝文,202510011209
2,3,6,レイピア,牡3,57.0,鮫島克駿,1:10.5,クビ,1.9,1.0,498(+10),[西] 中竹和也,202510011209
3,4,8,ヒラボクカレラ,牡3,57.0,丹内祐次,1:10.6,クビ,4.9,2.0,466(-2),[西] 奥村豊,202510011209
4,1,2,アーサーズウェイン,牝3,55.0,小崎綾也,1:10.8,1.1/2,31.8,8.0,444(+2),[西] 高橋一哉,202510011209
5,6,12,オンザブルースカイ,牡3,57.0,斎藤新,1:11.0,1.1/2,9.9,4.0,456(-14),[西] 谷潔,202510011209
6,4,7,スピリットライズ,セ3,57.0,小沢大仁,1:11.0,アタマ,94.2,11.0,430(-2),[西] 高柳大輔,202510011209
7,2,3,ゼンダンタカ,牝3,55.0,川須栄彦,1:11.0,ハナ,183.5,13.0,428(-2),[西] 角田晃一,202510011209
8,8,17,コムーネ,牝3,55.0,柴田大知,1:11.2,1.1/4,227.2,16.0,402(-18),[東] 奥平雅士,202510011209
9,5,9,サンナイアガラ,牝3,55.0,松本大輝,1:11.2,ハナ,74.8,10.0,478(-2),[西] 宮本博,202510011209
10,7,15,ホウオウブースター,牡3,57.0,黛弘人,1:11.3,クビ,19.6,6.0,430(-4),[東] 高柳瑞樹,202510011209
11,5,10,シャドウキャッスル,牡3,57.0,西塚洸二,1:11.4,3/4,12.4,5.0,464(-12),[西] 藤原英昭,202510011209
12,2,4,クロユキ,牝3,55.0,吉田隼人,1:11.5,1,22.0,7.0,428(+6),[西] 松永幹夫,202510011209
13,8,18,シュエットアムール,牝3,55.0,小林脩斗,1:11.6,1/2,206.9,15.0,422(0),[東] 西田雄一,202510011209
14,1,1,セイウンビッグバン,牡3,57.0,丸山元気,1:11.7,3/4,36.5,9.0,436(-4),[東] 萱野浩二,202510011209
15,7,13,ジューンセレッソ,牝3,55.0,国分恭介,1:12.3,3.1/2,135.1,12.0,402(-4),[西] 武英智,202510011209
16,8,16,イエスユイキャン,牝3,55.0,小林美駒,1:12.8,3,259.7,17.0,434(+6),[東] 竹内正洋,202510011209
17,3,5,シーオン,牝3,55.0,秋山稔樹,1:12.9,クビ,188.6,14.0,410(-2),[東] 奥平雅士,202510011209
18,6,11,ウイングラフトン,牡3,57.0,石神深道,1:13.2,2,397.3,18.0,414(-6),[東] 村田一誠,202510011209
1,3,5,アウフヘーベン,牝5,56.0,斎藤新,1:50.5,,15.3,7.0,446(-16),[西] 高橋亮,202510011210
2,6,12,トーアライデン,牡5,58.0,秋山稔樹,1:50.8,2,5.8,2.0,504(+2),[西] 河嶋宏樹,202510011210
3,5,10,テーオーダグラス,牡4,58.0,佐々木大,1:50.9,クビ,8.1,4.0,484(+2),[西] 須貝尚介,202510011210
4,4,7,マイネルブリックス,牡4,58.0,丹内祐次,1:50.9,アタマ,3.3,1.0,462(-4),[東] 黒岩陽一,202510011210
5,2,3,ウインアクトゥール,牡4,58.0,黛弘人,1:51.1,1.1/4,20.4,9.0,442(+2),[東] 栗田徹,202510011210
6,2,4,ピンクジン,牝5,56.0,小林脩斗,1:51.3,1.1/4,43.8,14.0,442(-4),[東] 南田美知,202510011210
7,1,2,サロニコス,牝4,56.0,鮫島克駿,1:51.5,1.1/4,13.1,6.0,450(+6),[西] 松下武士,202510011210
8,8,15,ハイディージェン,牡4,58.0,菊沢一樹,1:51.5,アタマ,13.1,5.0,486(-10),[西] 森田直行,202510011210
9,3,6,マイネルトルファン,牡6,58.0,柴田大知,1:51.6,クビ,41.2,13.0,508(-10),[東] 粕谷昌央,202510011210
10,1,1,アイキャンドウイッ,牡6,58.0,西塚洸二,1:51.6,アタマ,29.1,12.0,468(-10),[西] 池江泰寿,202510011210
10,4,8,マイネルバーテクス,牡4,58.0,丸山元気,1:51.6,同着,15.8,8.0,516(+2),[東] 水野貴広,202510011210
12,7,13,アストロフィライト,牝6,56.0,泉谷楓真,1:51.9,2,23.7,10.0,460(0),[西] 中内田充,202510011210
13,8,16,サンライズエース,牡6,58.0,松本大輝,1:51.9,ハナ,24.8,11.0,508(0),[西] 河内洋,202510011210
14,5,9,タイラーテソーロ,牡6,58.0,吉田隼人,1:52.0,3/4,50.3,15.0,462(-4),[東] 栗田徹,202510011210
15,7,14,サクセスドレーク,牡6,58.0,小沢大仁,1:52.3,2,7.1,3.0,510(+2),[西] 野中賢二,202510011210
16,6,11,ビッグボーンリタ,牝5,56.0,小崎綾也,1:52.8,2.1/2,304.1,16.0,452(-20),[西] 高橋康之,202510011210
1,8,12,アスクドゥポルテ,牡5,58.0,西塚洸二,2:04.4,,12.4,8.0,476(0),[西] 河内洋,202510011211
2,7,10,アイスグリーン,牡5,58.0,斎藤新,2:04.4,ハナ,7.6,5.0,484(-4),[西] 池添学,202510011211
3,5,6,ワイドアラジン,牡5,58.0,小沢大仁,2:04.5,クビ,10.6,7.0,488(+2),[西] 奥村豊,202510011211
4,6,8,サトノクローク,牡5,58.0,鮫島克駿,2:04.6,1/2,6.7,2.0,482(-6),[西] 橋口慎介,202510011211
5,3,3,ガジュノリ,牝4,56.0,丹内祐次,2:04.6,クビ,4.3,1.0,478(-2),[東] 尾形和幸,202510011211
6,4,4,ホウオウスーペリア,牡5,58.0,長岡禎仁,2:04.7,3/4,6.9,3.0,484(-6),[西] 吉岡辰弥,202510011211
7,2,2,マイネルニコラス,牡6,58.0,柴田大知,2:04.9,1.1/4,34.8,11.0,516(0),[東] 畠山吉宏,202510011211
8,1,1,バールデュヴァン,牡5,58.0,国分恭介,2:05.1,3/4,7.1,4.0,516(-2),[西] 浜田多実,202510011211
9,6,9,ファベル,牡6,58.0,小崎綾也,2:05.4,1.3/4,20.4,10.0,440(+6),[西] 友道康夫,202510011211
10,4,5,パトリックハンサム,牡6,58.0,菊沢一樹,2:05.5,1,65.1,13.0,470(-6),[東] 菊沢隆徳,202510011211
11,7,11,コスモフロイデ,牡6,58.0,黛弘人,2:05.5,ハナ,62.7,12.0,482(+4),[東] 天間昭一,202510011211
12,5,7,エゾダイモン,牡5,58.0,佐々木大,2:05.6,1/2,16.1,9.0,474(+10),[西] 武幸四郎,202510011211
13,8,13,クレバーテースト,セ6,58.0,吉田隼人,2:05.7,1/2,8.8,6.0,456(-4),[西] 武幸四郎,202510011211
1,8,16,アレナパラシオ,牡4,55.0,川端海翼,1:45.0,,3.5,1.0,476(+8),[西] 四位洋文,202510011212
2,1,1,ガラスノブルース,牡4,58.0,丹内祐次,1:45.2,1.1/4,9.0,6.0,454(+4),[東] 田村康仁,202510011212
3,4,7,リリーアロー,牡6,58.0,藤懸貴志,1:45.3,1/2,106.0,13.0,492(+2),[西] 平田修,202510011212
4,1,2,マッスルバック,牡4,58.0,小沢大仁,1:45.3,クビ,6.4,3.0,472(-8),[東] 水野貴広,202510011212
5,2,3,コスモフレディ,牡4,58.0,丸山元気,1:45.4,1/2,5.5,2.0,470(+2),[東] 水野貴広,202510011212
6,8,15,トクシージェネラル,牡4,58.0,佐々木大,1:45.6,1.1/4,7.6,5.0,528(+4),[東] 辻哲英,202510011212
7,4,8,エイブラムス,牡4,58.0,菊沢一樹,1:45.6,ハナ,22.3,9.0,470(-4),[東] 鈴木慎太,202510011212
8,2,4,ブルーゴールド,牡5,55.0,石神深道,1:45.9,1.1/2,114.8,14.0,504(-10),[東] 根本康広,202510011212
9,3,6,ロストボール,セ6,55.0,水沼元輝,1:45.9,ハナ,147.5,16.0,452(-4),[東] 加藤和宏,202510011212
10,3,5,ナチュラルリバー,牡5,58.0,鮫島克駿,1:46.1,1.1/4,7.5,4.0,476(-4),[西] 宮地貴稔,202510011212
11,6,12,ホウオウバローロ,牡4,58.0,斎藤新,1:46.1,クビ,14.5,8.0,450(0),[西] 音無秀孝,202510011212
12,7,13,スパークインザアイ,セ8,58.0,小崎綾也,1:46.5,2,88.7,11.0,482(-2),[東] 小島茂之,202510011212
13,5,9,イモータルソウル,牡7,54.0,小林美駒,1:46.5,クビ,141.3,15.0,468(+4),[東] 千葉直人,202510011212
14,5,10,ゴンドワナ,セ5,58.0,長岡禎仁,1:46.7,3/4,12.9,7.0,484(+2),[東] 小島茂之,202510011212
15,6,11,サンライズウェーヴ,牡4,58.0,小林脩斗,1:46.9,1.1/4,63.0,10.0,484(-4),[西] 石坂公一,202510011212
16,7,14,マウリノ,牡4,58.0,黛弘人,1:47.5,3.1/2,100.6,12.0,462(-4),[東] 水野貴広,202510011212
1,5,5,フリーダムレイン,牡4,60.0,五十嵐雄,3:15.3,,4.5,3.0,476(-4),[西] 高橋一哉,202510020101
2,6,8,ポリトナリティー,牝4,58.0,草野太郎,3:16.0,4,70.4,11.0,422(+2),[東] 和田雄二,202510020101
3,8,12,レッドファーロ,牡6,60.0,西谷誠,3:16.1,クビ,23.2,6.0,526(+6),[西] 松永幹夫,202510020101
4,6,7,スマラグドス,牡5,60.0,田村太雅,3:16.3,1.1/4,44.0,8.0,488(+8),[西] 西園正都,202510020101
5,7,10,セファーラジエル,牡7,60.0,高田潤,3:16.6,2,2.4,1.0,528(-6),[西] 高柳大輔,202510020101
6,5,6,カレンマックナイト,牡6,60.0,黒岩悠,3:17.5,5,49.5,10.0,454(0),[西] 平田修,202510020101
7,8,11,ミラクルジニア,牡4,60.0,上野翔,3:17.7,1.1/4,6.9,4.0,470(+2),[東] 粕谷昌央,202510020101
8,1,1,ソルトロング,牡4,60.0,小野寺祐,3:17.8,3/4,45.3,9.0,500(+54),[西] 荒川義之,202510020101
9,7,9,サンライズウェーヴ,牡4,60.0,難波剛健,3:18.6,5,74.4,12.0,486(+2),[西] 石坂公一,202510020101
10,2,2,リオンエトワール,セ5,60.0,大江原圭,3:18.9,1.3/4,17.6,5.0,444(+4),[東] 堀内岳志,202510020101
11,4,4,レッドラマンシュ,牡6,60.0,小牧加矢,3:19.4,3,4.0,2.0,482(-2),[西] 庄野靖志,202510020101
12,3,3,スピードパンサー,牡4,57.0,坂口智康,3:20.3,5,26.2,7.0,504(0),[東] 尾形和幸,202510020101
1,1,1,ユウファラオ,牡2,55.0,坂井瑠星,1:09.0,,19.1,5.0,488(+8),[西] 森秀行,202510020102
2,4,4,トライアンフパス,牝2,55.0,和田竜二,1:09.1,クビ,2.2,2.0,458(+2),[西] 宮徹,202510020102
3,3,3,エボニードール,牝2,55.0,松山弘平,1:09.3,1.1/2,10.5,4.0,416(-4),[西] 寺島良,202510020102
4,2,2,ラブルラウザー,牝2,55.0,川田将雅,1:10.0,4,1.9,1.0,446(0),[西] 大久保龍,202510020102
5,6,6,トモジャプレジール,牡2,55.0,国分優作,1:10.1,1/2,6.9,3.0,418(-2),[西] 大根田裕,202510020102
6,5,5,メイワキラリ,牡2,54.0,吉村誠之,1:10.9,5,94.6,6.0,456(-4),[西] 河嶋宏樹,202510020102
1,2,4,カルドウェル,牝3,55.0,団野大成,1:46.3,,22.1,6.0,466(-12),[西] 中村直也,202510020103
2,6,11,カルミアクラウン,牝3,52.0,田山旺佑,1:46.3,クビ,15.1,5.0,436(0),[西] 吉岡辰弥,202510020103
3,2,3,アイドルアイズ,牝3,55.0,小崎綾也,1:46.4,3/4,26.0,7.0,424(+6),[西] 新谷功一,202510020103
4,1,1,フェアーメロディ,牝3,55.0,秋山稔樹,1:47.0,3.1/2,48.7,10.0,432(-6),[西] 高橋義忠,202510020103
5,6,12,サントレッダー,牝3,54.0,吉村誠之,1:47.0,ハナ,8.2,3.0,468(-4),[西] 野中賢二,202510020103
6,7,13,ミスサンシャイン,牝3,55.0,岡田祥嗣,1:47.5,3,242.3,13.0,442(+6),[西] 安田翔伍,202510020103
7,1,2,ムーンビーナス,牝3,55.0,和田翼,1:48.2,4,349.9,16.0,462(+6),[西] 谷潔,202510020103
8,5,9,シュパネントダイヤ,牝3,55.0,坂井瑠星,1:48.3,クビ,4.0,2.0,468(-6),[西] 吉村圭司,202510020103
9,3,6,トモエゴゼン,牝3,54.0,高杉吏麒,1:48.4,3/4,33.8,9.0,464(+6),[西] 藤岡健一,202510020103
10,7,14,ネトル,牝3,53.0,永島まな,1:48.5,クビ,31.2,8.0,396(-4),[西] 高橋康之,202510020103
11,5,10,デルマギャラクシー,牝3,55.0,長岡禎仁,1:48.8,1.3/4,315.1,15.0,474(0),[西] 緒方努,202510020103
12,4,8,ヴァルドグラース,牝3,55.0,川須栄彦,1:49.4,3.1/2,188.3,11.0,440(-10),[西] 吉岡辰弥,202510020103
13,3,5,クイーンハピ,牝3,55.0,川田将雅,1:49.4,クビ,1.8,1.0,434(-8),[西] 大久保龍,202510020103
14,8,16,センビトウリョウ,牝3,55.0,小沢大仁,1:49.7,2,233.9,12.0,416(0),[西] 今野貞一,202510020103
15,8,15,コロニス,牝3,55.0,Ｍ．デム,1:50.5,5,11.0,4.0,552(-2),[西] 杉山佳明,202510020103
16,4,7,クナウティア,牝3,55.0,幸英明,1:51.8,8,242.6,14.0,450(+4),[西] 鈴木孝志,202510020103
1,8,15,ラトラース,セ3,57.0,川田将雅,1:47.2,,2.5,1.0,462(-8),[西] 中内田充,202510020104
2,2,4,ジーティームッシュ,牡3,57.0,坂井瑠星,1:47.4,1.1/2,8.2,4.0,432(+2),[西] 矢作芳人,202510020104
3,3,5,ドゥラエテルノ,牡3,57.0,浜中俊,1:47.6,1.1/2,3.9,2.0,464(+2),[西] 武幸四郎,202510020104
4,4,7,ジュンライトニング,牡3,56.0,吉村誠之,1:47.9,1.3/4,22.4,6.0,442(-2),[西] 清水久詞,202510020104
5,1,1,シーク,セ3,57.0,角田大和,1:48.2,1.3/4,25.4,8.0,510(-2),[西] 角田晃一,202510020104
6,4,8,クラヴァンス,牡3,57.0,Ｍ．デム,1:48.2,アタマ,13.9,5.0,474(+6),[西] 友道康夫,202510020104
7,5,9,キーチファイター,牡3,57.0,団野大成,1:48.4,3/4,4.9,3.0,472(0),[西] 斉藤崇史,202510020104
8,6,11,デルタフォー,牡3,56.0,高杉吏麒,1:48.4,クビ,31.9,9.0,520(0),[西] 藤岡健一,202510020104
9,8,16,ラブリイグレイス,牝3,55.0,酒井学,1:48.9,3,329.6,15.0,420(+6),[西] 宮地貴稔,202510020104
10,7,13,グローサートラウム,牡3,55.0,今村聖奈,1:48.9,クビ,80.6,11.0,476(-6),[西] 武幸四郎,202510020104
11,7,14,ヤマカツライコウ,セ3,55.0,永島まな,1:49.0,クビ,221.7,14.0,478(0),[西] 小栗実,202510020104
12,6,12,ダークホース,牝3,55.0,高倉稜,1:50.5,9,43.7,10.0,494(0),[西] 杉山晴紀,202510020104
13,2,3,アールオブケント,セ3,54.0,田山旺佑,1:52.1,10,184.2,13.0,452(-4),[西] 新谷功一,202510020104
14,1,2,コロケーション,牝3,51.0,河原田菜,1:52.5,2.1/2,25.3,7.0,444(-4),[西] 安田翔伍,202510020104
15,5,10,ハルサメ,牝3,55.0,小沢大仁,1:53.8,8,146.4,12.0,418(0),[西] 西園翔太,202510020104
16,3,6,インナーリソース,牡3,57.0,田口貫太,2:02.8,大,382.7,16.0,460(-4),[西] 西園正都,202510020104
1,7,12,カラクニダケ,牡2,55.0,幸英明,1:09.9,,2.0,1.0,476(0),[西] 谷潔,202510020105
2,5,7,ウイントッペン,牡2,55.0,松山弘平,1:10.1,1.1/4,3.5,2.0,474(0),[西] 西園正都,202510020105
3,4,5,ダイチノナポリ,牝2,55.0,太宰啓介,1:10.6,3.1/2,12.3,5.0,428(0),[西] 畑端省吾,202510020105
4,3,4,ファーストアタック,牡2,55.0,長岡禎仁,1:11.2,3.1/2,68.0,10.0,408(0),[西] 緒方努,202510020105
5,1,1,ナンテヒダ,牡2,55.0,川須栄彦,1:11.4,1,5.2,3.0,444(0),[西] 中尾秀正,202510020105
6,7,11,アクティングエリア,牝2,55.0,和田竜二,1:11.7,2,11.4,4.0,446(0),[東] 天間昭一,202510020105
7,2,2,ラブデウザ,牝2,52.0,水沼元輝,1:12.6,5,41.3,6.0,392(0),[東] 加藤和宏,202510020105
8,6,10,ニシノイーグレット,牡2,51.0,河原田菜,1:12.9,1.1/2,62.0,9.0,400(0),[東] 小手川準,202510020105
9,4,6,カシノサスケ,牡2,55.0,和田翼,1:13.2,1.3/4,175.3,13.0,438(0),[西] 谷潔,202510020105
10,8,14,コパノバハマ,牡2,53.0,今村聖奈,1:13.2,ハナ,43.8,7.0,442(0),[西] 松永幹夫,202510020105
11,8,13,キリシマネロ,牡2,55.0,城戸義政,1:14.0,5,210.2,14.0,446(0),[東] 的場均,202510020105
12,5,8,カシノアラート,牡2,55.0,亀田温心,1:15.6,10,158.2,11.0,488(0),[西] 北出成人,202510020105
13,3,3,オテモヤン,牝2,55.0,小沢大仁,1:16.4,5,61.6,8.0,472(0),[東] 本間忍,202510020105
14,6,9,ゴーゴーコクラ,牡2,55.0,黒岩悠,2:39.4,大,172.4,12.0,442(0),[西] 牧田和弥,202510020105
1,6,10,ナムラモモ,牝3,55.0,小沢大仁,0:58.4,,29.2,9.0,428(0),[西] 羽月友彦,202510020106
2,3,3,デーモンスレイヤー,牡3,57.0,田口貫太,0:58.5,1,2.5,1.0,484(+4),[西] 庄野靖志,202510020106
3,1,1,アイファーモービル,牡3,57.0,坂井瑠星,0:58.8,1.3/4,4.2,2.0,466(+4),[西] 井上智史,202510020106
4,4,5,リリードリーマー,牝3,55.0,藤懸貴志,0:58.8,クビ,13.4,6.0,452(-2),[西] 平田修,202510020106
5,7,11,イフウドウドウ,牡3,57.0,角田大和,0:58.9,クビ,6.7,3.0,516(+4),[西] 角田晃一,202510020106
6,7,12,リードプリンシパル,牝3,55.0,松山弘平,0:59.7,5,6.7,4.0,464(0),[西] 秋山真一,202510020106
7,2,2,ナタリア,牝3,55.0,団野大成,1:00.0,1.3/4,24.3,8.0,460(+10),[西] 小崎憲,202510020106
8,5,7,オーウェンズバレー,牡3,57.0,秋山稔樹,1:00.0,ハナ,74.0,11.0,476(-10),[西] 宮徹,202510020106
9,6,9,ミキノバカラ,牡3,57.0,幸英明,1:00.3,1.1/2,12.5,5.0,480(+9),[西] 大橋勇樹,202510020106
10,8,14,ゴッドトレジャー,牡3,55.0,今村聖奈,1:00.5,1.1/2,51.2,10.0,506(+6),[西] 飯田祐史,202510020106
11,4,6,ケンシャルロッテ,牝3,51.0,河原田菜,1:00.8,1.3/4,219.0,14.0,442(+1),[西] 高橋康之,202510020106
12,3,4,テルケンユミグラス,牝3,55.0,川須栄彦,1:01.0,1.1/4,185.5,13.0,456(0),[西] 小椋研介,202510020106
13,8,13,メジャーラッシュ,牝3,55.0,国分優作,1:01.9,5,129.8,12.0,438(-20),[西] 羽月友彦,202510020106
14,5,8,クロスレジーナ,牝3,55.0,太宰啓介,1:09.1,大,23.0,7.0,418(-12),[西] 高橋亮,202510020106
1,5,9,ウインレオネッサ,牝3,52.0,田山旺佑,1:08.7,,23.4,8.0,426(+10),[西] 長谷川浩,202510020107
2,1,1,ロイヤルウィル,牝3,55.0,松山弘平,1:08.8,1/2,1.8,1.0,454(-8),[西] 加藤公太,202510020107
3,8,14,パープルパライソ,牡3,57.0,坂井瑠星,1:08.8,ハナ,6.0,2.0,444(-10),[西] 吉村圭司,202510020107
4,6,11,モズレイラココナ,牝3,54.0,吉村誠之,1:08.8,ハナ,8.6,3.0,452(-4),[西] 杉山佳明,202510020107
5,6,10,ダーカザンブラック,牝3,55.0,国分優作,1:09.3,3,22.5,7.0,446(-4),[西] 坂口智康,202510020107
6,7,12,ベルヴィヴァン,牝3,55.0,団野大成,1:09.4,1/2,15.8,5.0,470(-6),[西] 西村真幸,202510020107
7,7,13,ショウナンナスカ,牡3,57.0,藤懸貴志,1:09.6,1.1/4,142.9,15.0,464(+10),[西] 畑端省吾,202510020107
8,4,7,コトリノウタウウタ,牝3,55.0,田口貫太,1:09.7,アタマ,26.2,9.0,428(-4),[西] 庄野靖志,202510020107
9,2,2,エイシンクァンタム,牡3,57.0,小沢大仁,1:09.8,1,22.1,6.0,436(-6),[西] 今野貞一,202510020107
10,5,8,アナベルデアモンテ,牡3,57.0,川須栄彦,1:09.9,1/2,100.8,13.0,460(-2),[西] 千田輝彦,202510020107
11,8,15,カフジキームン,牝3,55.0,鮫島良太,1:10.4,3,93.2,12.0,470(+16),[西] 河嶋宏樹,202510020107
12,4,6,ローレルランウェイ,牝3,55.0,太宰啓介,1:10.5,1,30.2,10.0,430(-6),[西] 昆貢,202510020107
13,3,4,スイモアマイモ,牝3,54.0,高杉吏麒,1:10.7,1,107.6,14.0,416(+10),[西] 藤岡健一,202510020107
14,3,5,フリットフライ,牡3,57.0,角田大和,1:10.8,3/4,39.6,11.0,520(+2),[西] 長谷川浩,202510020107
15,2,3,ヴノ,牡3,57.0,幸英明,1:11.0,1.1/4,11.8,4.0,456(+2),[西] 野中賢二,202510020107
1,8,16,レイナデアルシーラ,牝3,53.0,田口貫太,1:44.8,,3.6,1.0,496(-4),[西] 西園正都,202510020108
2,8,15,ハイウェイスター,牝4,56.0,川田将雅,1:45.7,5,6.5,4.0,486(-6),[西] 宮本博,202510020108
3,2,3,アンジュグルーヴ,牝4,53.0,田山旺佑,1:45.9,1,15.5,7.0,492(+14),[西] 安田翔伍,202510020108
4,2,4,レイフロレット,牝4,56.0,藤懸貴志,1:45.9,アタマ,25.2,11.0,412(+10),[西] 井上智史,202510020108
5,1,1,リンゲルブルーメ,牝3,53.0,小沢大仁,1:46.0,クビ,24.3,10.0,474(-4),[西] 佐藤悠太,202510020108
6,3,5,マキシマムビスタ,牝3,53.0,団野大成,1:46.3,1.3/4,5.9,2.0,494(+8),[西] 斉藤崇史,202510020108
7,5,9,クインズセレネ,牝4,52.0,河原田菜,1:46.4,3/4,20.3,8.0,472(+10),[西] 野中賢二,202510020108
8,5,10,ウィンターガーデン,牝4,56.0,浜中俊,1:46.5,1/2,7.8,5.0,492(+4),[西] 武幸四郎,202510020108
9,4,7,ディアマイハニー,牝3,53.0,水口優也,1:47.5,6,78.2,13.0,454(0),[西] 中尾秀正,202510020108
10,1,2,ルージュミラージュ,牝3,51.0,今村聖奈,1:47.6,1/2,13.0,6.0,456(+12),[西] 武幸四郎,202510020108
11,7,14,キミオモウハナ,牝3,53.0,秋山稔樹,1:48.1,2.1/2,22.6,9.0,480(-2),[西] 杉山佳明,202510020108
12,3,6,オンリーラヴ,牝5,56.0,角田大和,1:49.2,7,232.2,15.0,424(-2),[西] 森田直行,202510020108
13,7,13,カンカール,牝4,56.0,Ｍ．デム,1:49.2,クビ,99.5,14.0,464(+4),[西] 藤野健太,202510020108
14,6,12,クロユキ,牝3,51.0,永島まな,1:49.3,1/2,48.7,12.0,432(+8),[西] 松永幹夫,202510020108
15,4,8,サンコンクエスト,牝3,53.0,幸英明,1:49.6,1.3/4,6.0,3.0,542(+2),[西] 渡辺薫彦,202510020108
除,6,11,ネティフラウ,牝3,52.0,吉村誠之,,,---,,492(+12),[西] 西園翔太,202510020108
1,4,4,ハッピーアズラリー,牝5,56.0,高杉吏麒,2:00.1,,15.8,5.0,468(-8),[西] 安田翔伍,202510020109
2,3,3,ダノンアトラス,牡4,58.0,坂井瑠星,2:00.7,4,3.2,2.0,406(+4),[西] 橋口慎介,202510020109
3,8,8,ゼンノインヴォーク,セ6,58.0,松山弘平,2:00.7,ハナ,1.8,1.0,440(-8),[西] 緒方努,202510020109
4,6,6,バースライト,牡3,55.0,浜中俊,2:00.8,クビ,4.6,3.0,506(+2),[西] 武幸四郎,202510020109
5,1,1,ワーキングアセット,牡4,58.0,団野大成,2:01.3,3,37.5,6.0,484(+4),[西] 井上智史,202510020109
6,7,7,ニホンピロゴルディ,牡4,58.0,田口貫太,2:01.6,1.1/2,74.5,8.0,454(-2),[西] 安達昭夫,202510020109
7,2,2,ディオスパーダ,牡3,55.0,秋山稔樹,2:01.8,1.1/4,68.7,7.0,482(-8),[西] 小椋研介,202510020109
8,5,5,ミッキーストライク,牡4,58.0,小沢大仁,2:02.8,6,14.3,4.0,524(-2),[西] 矢作芳人,202510020109
1,3,3,テレサ,牝3,53.0,松山弘平,1:46.8,,3.0,2.0,432(+4),[西] 杉山晴紀,202510020110
2,2,2,ミッキーゴールド,牡3,55.0,浜中俊,1:46.8,クビ,1.7,1.0,496(0),[西] 池江泰寿,202510020110
3,4,4,バレルターン,牡4,58.0,坂井瑠星,1:47.0,1.1/2,4.3,3.0,484(-2),[西] 茶木太樹,202510020110
4,5,5,ラレーヌデリス,牝5,56.0,高杉吏麒,1:47.3,1.1/2,29.3,5.0,464(+4),[西] 安田翔伍,202510020110
5,1,1,マテンロウボンド,牡6,58.0,団野大成,1:49.0,10,14.1,4.0,506(+4),[西] 野中賢二,202510020110
6,6,6,エコロスヴァル,セ3,55.0,田口貫太,1:51.1,大,57.7,6.0,486(-6),[西] 森秀行,202510020110
1,5,9,サイモンザナドゥ,牡5,58.0,川田将雅,1:44.2,,2.5,1.0,474(-4),[西] 小林真也,202510020111
2,2,4,マッシャーブルム,牡4,58.0,高倉稜,1:44.2,クビ,7.8,5.0,522(+6),[西] 前川恭子,202510020111
3,8,16,メイショウミカワ,牡7,58.0,高杉吏麒,1:44.4,1.1/4,11.3,6.0,516(0),[西] 千田輝彦,202510020111
4,5,10,カマチョクイン,牝5,56.0,酒井学,1:45.1,4,24.1,8.0,472(+6),[西] 橋口慎介,202510020111
5,1,2,フェルヴェンテ,牡5,58.0,坂井瑠星,1:45.1,ハナ,7.2,3.0,480(-8),[西] 宮徹,202510020111
6,4,7,キャピタルサックス,牡4,58.0,松山弘平,1:45.4,2,7.1,2.0,502(0),[西] 杉山晴紀,202510020111
7,7,13,ダブルジョーク,牡5,58.0,長岡禎仁,1:45.5,1/2,25.6,9.0,574(-10),[西] 小林真也,202510020111
8,6,12,トウカイポワール,牝4,56.0,幸英明,1:45.6,クビ,36.7,10.0,462(+2),[西] 北出成人,202510020111
9,3,6,ドゥラリアル,牡5,58.0,団野大成,1:45.7,クビ,7.5,4.0,508(+10),[西] 上村洋行,202510020111
10,1,1,ポワンキュルミナン,牡5,58.0,田口貫太,1:45.7,ハナ,113.6,15.0,426(-10),[西] 岡田稲男,202510020111
11,3,5,ダイメイセブン,牡5,58.0,藤懸貴志,1:46.0,2,61.1,12.0,518(+8),[西] 本田優,202510020111
12,8,15,ワレハウミノコ,牝5,56.0,小崎綾也,1:46.4,2,62.2,13.0,454(-6),[西] 武英智,202510020111
13,4,8,ジュタロウ,牡6,58.0,川須栄彦,1:46.5,3/4,75.2,14.0,492(+6),[西] 秋山真一,202510020111
14,6,11,ゼウスバイオ,牡6,58.0,国分優作,1:47.3,5,278.9,16.0,522(+2),[西] 畑端省吾,202510020111
15,2,3,ラップスター,牡5,58.0,Ｍ．デム,1:47.5,1.1/4,22.3,7.0,494(-18),[西] 森秀行,202510020111
16,7,14,プレイサーゴールド,牡5,58.0,小沢大仁,1:47.6,1/2,51.5,11.0,496(0),[西] 今野貞一,202510020111
1,6,9,インブロリオ,牝3,53.0,川田将雅,1:08.0,,1.7,1.0,470(+4),[西] 吉村圭司,202510020112
2,5,8,ディーエストッキー,牡4,58.0,幸英明,1:08.5,2.1/2,15.9,6.0,460(-10),[西] 橋口慎介,202510020112
3,3,3,ウイントールキン,牡4,55.0,水沼元輝,1:08.6,1/2,190.8,14.0,488(-8),[東] 天間昭一,202510020112
4,4,6,ベルタソ,牝5,56.0,小崎綾也,1:08.7,1,59.5,11.0,452(+2),[西] 小崎憲,202510020112
5,6,10,ナムライリス,牝4,56.0,角田大和,1:08.7,ハナ,25.0,7.0,446(+8),[西] 中竹和也,202510020112
6,3,4,エクストラバック,牡4,58.0,酒井学,1:08.8,1/2,9.1,3.0,494(+2),[西] 西園正都,202510020112
7,8,14,ビーグラッド,牝4,56.0,田口貫太,1:08.9,クビ,14.4,5.0,438(0),[西] 岡田稲男,202510020112
8,4,5,サウンドレイラ,牝5,55.0,高杉吏麒,1:09.0,1/2,31.2,8.0,474(+6),[西] 渡辺薫彦,202510020112
9,5,7,ダニエルバローズ,牡3,55.0,泉谷楓真,1:09.3,1.3/4,6.1,2.0,530(+2),[西] 杉山晴紀,202510020112
10,7,11,ガットネロ,牝5,56.0,松山弘平,1:09.3,クビ,9.9,4.0,496(+12),[西] 東田明士,202510020112
11,7,12,ラブカムーン,牝4,52.0,河原田菜,1:09.4,クビ,63.8,12.0,470(+6),[西] 千田輝彦,202510020112
12,2,2,ラブアイミー,牝3,53.0,高倉稜,1:09.6,1.1/4,47.9,10.0,412(+10),[西] 森田直行,202510020112
13,1,1,イエデゴロゴロ,牝4,56.0,太宰啓介,1:10.0,2.1/2,159.1,13.0,444(+4),[西] 秋山真一,202510020112
14,8,13,エンドレスロード,牡6,55.0,田山旺佑,1:11.2,7,32.1,9.0,478(-4),[西] 高橋一哉,202510020112
1,5,5,オーロイプラータ,牡5,60.0,小野寺祐,3:11.6,,5.4,3.0,554(+6),[西] 宮本博,202510020201
2,8,12,ロードプレジール,牡7,60.0,小牧加矢,3:11.9,1.3/4,3.0,2.0,504(0),[西] 佐藤悠太,202510020201
3,1,1,フォルガイル,牡4,57.0,水沼元輝,3:12.3,2.1/2,65.9,10.0,432(-2),[東] 加藤和宏,202510020201
4,7,9,ストラクチャー,セ4,60.0,草野太郎,3:12.3,アタマ,94.7,11.0,442(+8),[東] 和田正一,202510020201
5,3,3,カイコウ,セ4,60.0,五十嵐雄,3:12.9,3.1/2,23.8,7.0,466(+6),[東] 田島俊明,202510020201
6,8,11,グラヴィテ,牝7,58.0,黒岩悠,3:12.9,アタマ,8.7,4.0,496(-10),[西] 藤野健太,202510020201
7,2,2,トモジャオッシュ,牡4,60.0,難波剛健,3:13.3,2,17.4,6.0,496(+10),[西] 大根田裕,202510020201
8,6,8,グランナヴィール,牡4,60.0,上野翔,3:16.1,大,2.6,1.0,540(-16),[東] 堀内岳志,202510020201
9,7,10,ユウトザキンパツ,牡4,57.0,井上敏樹,3:16.5,2.1/2,53.7,9.0,482(-16),[西] 小崎憲,202510020201
10,6,7,ジュリアスローズ,牝4,58.0,江田勇亮,3:16.5,ハナ,123.6,12.0,470(+16),[東] 粕谷昌央,202510020201
11,5,6,シュガーコルト,セ6,60.0,高田潤,3:19.8,大,36.6,8.0,506(-10),[西] 宮地貴稔,202510020201
12,4,4,ウインメラナイト,牡4,60.0,森一馬,3:19.9,3/4,15.1,5.0,516(-6),[西] 緒方努,202510020201
1,8,17,ラインピクシー,牝3,55.0,坂井瑠星,1:08.2,,2.2,1.0,476(+2),[西] 長谷川浩,202510020202
2,7,13,メイショウマサツラ,牡3,57.0,松山弘平,1:09.0,5,3.4,2.0,500(-4),[西] 本田優,202510020202
3,7,14,トウカイリュタン,牝3,55.0,秋山稔樹,1:09.1,1/2,24.0,8.0,396(+6),[西] 北出成人,202510020202
4,1,1,スマートロベール,牝3,54.0,西塚洸二,1:09.1,ハナ,15.6,6.0,430(+12),[西] 笹田和秀,202510020202
5,2,4,ドゥラルーナ,牝3,55.0,角田大和,1:09.2,クビ,12.7,4.0,454(+4),[西] 清水久詞,202510020202
6,5,9,ウィンビュー,牝3,55.0,小崎綾也,1:09.4,1.1/4,181.8,16.0,430(-16),[西] 畑端省吾,202510020202
7,6,11,ニーナバイリッカ,牝3,55.0,幸英明,1:09.4,ハナ,62.2,11.0,434(+2),[西] 松下武士,202510020202
8,2,3,サトノスピカ,牝3,55.0,団野大成,1:09.6,1,12.4,3.0,462(0),[西] 須貝尚介,202510020202
9,5,10,アルピノ,牡3,57.0,川須栄彦,1:09.8,1.1/2,15.2,5.0,454(-4),[西] 千田輝彦,202510020202
10,4,7,ニホンピロリーチ,牝3,55.0,田口貫太,1:10.0,1.1/2,87.6,14.0,448(+2),[西] 大橋勇樹,202510020202
11,8,15,ハクサンサクヤヒメ,牝3,53.0,永島まな,1:10.1,クビ,178.2,15.0,438(-2),[西] 高橋康之,202510020202
12,4,8,ワンダーエルピス,牝3,51.0,河原田菜,1:10.3,1.1/4,71.8,12.0,396(-2),[西] 牧田和弥,202510020202
13,1,2,デリツィオーサ,牝3,55.0,亀田温心,1:10.5,1.1/2,57.4,10.0,464(-4),[西] 坂口智康,202510020202
14,3,6,ナイトエラント,牡3,56.0,高杉吏麒,1:11.5,6,18.8,7.0,502(+12),[西] 藤原英昭,202510020202
15,8,16,ソニックサンライズ,牝3,55.0,松若風馬,1:11.5,ハナ,24.3,9.0,420(-10),[西] 東田明士,202510020202
16,6,12,テイエムトップバン,牝3,55.0,高倉稜,1:12.3,5,357.7,17.0,470(-8),[西] 畑端省吾,202510020202
17,3,5,テイエムパンサー,牝3,55.0,水口優也,1:12.3,アタマ,79.8,13.0,460(+2),[西] 浜田多実,202510020202
1,4,7,サンライズロジャー,牡3,57.0,幸英明,2:44.4,,4.3,2.0,516(-8),[西] 加藤公太,202510020203
2,2,4,メイショウサノサ,牝3,55.0,酒井学,2:44.5,1,21.6,7.0,432(+12),[西] 庄野靖志,202510020203
3,1,1,ポテチ,牡3,57.0,高倉稜,2:44.5,クビ,3.1,1.0,404(+6),[西] 鈴木孝志,202510020203
4,1,2,スピントロニクス,牡3,57.0,松山弘平,2:44.6,クビ,7.6,4.0,518(0),[西] 池江泰寿,202510020203
5,3,5,ダイヤノエース,牡3,57.0,国分優作,2:44.7,3/4,31.4,9.0,532(0),[西] 清水久詞,202510020203
6,5,9,アファリン,牝3,52.0,田山旺佑,2:44.9,1,42.4,11.0,476(+12),[西] 新谷功一,202510020203
7,8,16,ハチワレ,牝3,53.0,今村聖奈,2:45.0,1/2,27.5,8.0,452(+4),[西] 寺島良,202510020203
8,7,14,ゴートゥーミジョカ,牝3,55.0,水口優也,2:45.8,5,40.4,10.0,442(+10),[西] 宮本博,202510020203
9,3,6,ランスオブフェイス,牝3,54.0,高杉吏麒,2:45.8,クビ,13.7,6.0,476(-6),[西] 奥村豊,202510020203
10,5,10,クリノアラジン,牡3,57.0,松若風馬,2:46.1,2,234.6,15.0,438(-6),[西] 谷潔,202510020203
11,6,11,メイショウハリソン,牡3,57.0,坂井瑠星,2:46.3,3/4,5.6,3.0,470(-4),[西] 石橋守,202510020203
12,2,3,コパカバーナ,牝3,55.0,団野大成,2:46.5,1.1/4,8.1,5.0,378(-22),[西] 森田直行,202510020203
13,8,15,ソリッドベーシス,セ3,57.0,岡田祥嗣,2:46.5,アタマ,115.7,14.0,482(-12),[西] 安田翔伍,202510020203
14,4,8,ルークピオーネ,牝3,55.0,小崎綾也,2:46.7,1.1/4,72.1,12.0,466(+14),[西] 畑端省吾,202510020203
15,6,12,ヒロニャン,牡3,57.0,田口貫太,2:47.8,7,89.0,13.0,504(0),[西] 今野貞一,202510020203
16,7,13,フーダオラ,牡3,55.0,永島まな,2:48.2,2.1/2,241.5,16.0,462(+2),[西] 吉村圭司,202510020203
1,7,14,チャチャピンク,牡3,57.0,幸英明,1:46.8,,8.2,5.0,472(+10),[西] 北出成人,202510020204
2,8,16,インターアーバン,牡3,57.0,団野大成,1:46.9,1,6.5,4.0,518(-2),[西] 野中賢二,202510020204
3,7,13,アルデフォックス,セ3,56.0,高杉吏麒,1:47.0,1/2,5.1,2.0,520(+10),[西] 藤岡健一,202510020204
4,4,8,ケイコウギュウゴ,牡3,57.0,川田将雅,1:48.0,6,10.0,6.0,434(+2),[西] 加藤公太,202510020204
5,5,9,ワイドデコラシオン,牡3,57.0,田口貫太,1:48.2,1.1/2,5.5,3.0,502(-4),[西] 辻野泰之,202510020204
6,3,5,ジェントルバローズ,牡3,57.0,坂井瑠星,1:48.3,クビ,15.5,7.0,512(+10),[西] 佐藤悠太,202510020204
7,5,10,モズノセイギ,牡3,57.0,酒井学,1:48.3,ハナ,141.3,15.0,444(-8),[西] 荒川義之,202510020204
8,6,12,モンサンヴデット,牝3,53.0,今村聖奈,1:48.3,クビ,29.5,9.0,436(0),[西] 平田修,202510020204
9,3,6,バイマイセルフ,牡3,55.0,永島まな,1:48.4,3/4,271.7,16.0,504(-2),[西] 高橋康之,202510020204
10,2,4,アラック,セ3,56.0,西塚洸二,1:48.8,2,64.1,11.0,440(-4),[西] 小椋研介,202510020204
11,6,11,シャドーストライク,牡3,57.0,長岡禎仁,1:48.8,アタマ,51.2,10.0,464(-10),[西] 茶木太樹,202510020204
12,1,1,セイルフリー,牡3,57.0,亀田温心,1:48.9,クビ,72.9,12.0,482(+6),[西] 松下武士,202510020204
13,4,7,ドウジギリ,牡3,57.0,松山弘平,1:48.9,ハナ,3.5,1.0,472(-6),[西] 西園正都,202510020204
14,8,15,サトノパトス,牡3,54.0,田山旺佑,1:48.9,ハナ,107.1,14.0,464(0),[西] 新谷功一,202510020204
15,1,2,メイショウタビズキ,牡3,57.0,角田大和,1:49.0,3/4,80.8,13.0,466(+10),[西] 笹田和秀,202510020204
16,2,3,プリンスドール,牡3,57.0,水口優也,1:49.2,1.1/4,22.9,8.0,496(-12),[西] 池江泰寿,202510020204
1,5,10,アンヘリータス,牝2,55.0,川田将雅,1:10.8,,2.6,1.0,414(0),[西] 吉村圭司,202510020205
2,7,13,カシノハンゾウ,牡2,55.0,秋山稔樹,1:11.3,3,43.0,9.0,448(0),[東] 蛯名利弘,202510020205
3,8,15,カシノフレックス,牡2,55.0,田口貫太,1:11.7,2,7.8,4.0,446(0),[西] 牧田和弥,202510020205
4,3,5,エイシンディアマン,牝2,55.0,高倉稜,1:11.8,1,6.7,3.0,456(0),[西] 中尾秀正,202510020205
5,5,9,ヴィジュイイジャン,牡2,55.0,酒井学,1:12.0,1,12.7,6.0,476(0),[西] 松永幹夫,202510020205
6,3,6,アメアメフレフレ,牝2,55.0,国分優作,1:12.1,3/4,97.0,14.0,392(0),[西] 大根田裕,202510020205
7,4,8,ニシノメイホウ,牡2,55.0,幸英明,1:12.1,アタマ,8.3,5.0,380(0),[西] 北出成人,202510020205
8,2,4,ラムールデュヴォン,牡2,55.0,亀田温心,1:12.1,ハナ,111.0,16.0,452(0),[東] 堀内岳志,202510020205
9,2,3,ダイラントウ,牡2,54.0,高杉吏麒,1:12.2,1/2,65.0,11.0,466(0),[西] 今野貞一,202510020205
10,6,11,アポロマインド,牡2,54.0,西塚洸二,1:12.7,3,61.3,10.0,478(0),[西] 笹田和秀,202510020205
11,1,2,サツマフジ,牝2,55.0,松山弘平,1:12.8,アタマ,13.6,7.0,446(0),[東] 尾形和幸,202510020205
12,1,1,カシノユメミヅキ,牡2,55.0,川須栄彦,1:13.1,2,105.6,15.0,500(0),[東] 和田雄二,202510020205
13,4,7,テーオールーラー,牡2,55.0,長岡禎仁,1:13.6,3,71.7,12.0,420(0),[西] 清水久詞,202510020205
14,6,12,シーキングザバース,牝2,53.0,永島まな,1:13.9,2,29.8,8.0,430(0),[東] 村田一誠,202510020205
15,7,14,コウユーネロガ,牝2,55.0,団野大成,1:13.9,アタマ,5.6,2.0,436(0),[西] 斉藤崇史,202510020205
16,8,17,ナンゴクモンジュー,牝2,55.0,藤懸貴志,1:14.8,5,135.5,17.0,396(0),[西] 小崎憲,202510020205
17,8,16,ニシノローラン,牡2,51.0,河原田菜,1:16.8,大,77.2,13.0,430(0),[西] 谷潔,202510020205
1,2,2,コラルリーフ,牝2,55.0,幸英明,1:09.7,,4.6,2.0,462(0),[西] 佐藤悠太,202510020206
2,8,9,タマモイカロス,牡2,54.0,高杉吏麒,1:09.8,1,7.6,4.0,536(0),[西] 藤岡健一,202510020206
3,4,4,ゼロヴィジビリティ,牡2,55.0,坂井瑠星,1:10.0,1.1/4,1.7,1.0,476(0),[西] 寺島良,202510020206
4,1,1,ワイドカクゲン,牡2,52.0,田山旺佑,1:10.1,クビ,62.8,9.0,474(0),[西] 杉山佳明,202510020206
5,3,3,スターアニス,牝2,55.0,松山弘平,1:10.2,1/2,5.7,3.0,486(0),[西] 高野友和,202510020206
6,7,7,ナムラライラック,牝2,55.0,松若風馬,1:10.3,1,48.7,8.0,398(0),[西] 畑端省吾,202510020206
7,6,6,ゼンノスタニング,牡2,55.0,Ｍ．デム,1:11.0,4,29.7,6.0,452(0),[西] 武幸四郎,202510020206
8,7,8,ゴーゴーエイミー,牝2,55.0,秋山稔樹,1:11.1,3/4,48.7,7.0,442(0),[西] 東田明士,202510020206
9,5,5,カセノコンコルド,牡2,55.0,田口貫太,1:12.8,10,95.2,10.0,442(0),[西] 中尾秀正,202510020206
10,8,10,レザーアンドレース,牝2,53.0,永島まな,1:13.9,7,17.6,5.0,458(0),[西] 平田修,202510020206
1,2,4,ランフォースマイル,牝3,55.0,川田将雅,2:00.0,,5.1,3.0,448(+6),[西] 渡辺薫彦,202510020207
2,3,6,アイスモント,牝3,55.0,坂井瑠星,2:00.2,1.1/2,3.4,1.0,436(+2),[西] 宮本博,202510020207
3,8,17,シャドウフェイス,牝3,54.0,西塚洸二,2:01.0,5,51.0,14.0,378(+8),[西] 辻野泰之,202510020207
4,7,15,ポジターノ,牝3,54.0,高杉吏麒,2:01.1,1,47.1,12.0,412(+2),[西] 飯田祐史,202510020207
5,5,10,ラストプリンセス,牝3,55.0,国分優作,2:01.2,クビ,251.1,17.0,416(-4),[西] 清水久詞,202510020207
6,4,8,ジョリーピクシー,牝3,55.0,Ｍ．デム,2:01.2,1/2,18.3,6.0,442(-10),[西] 笹田和秀,202510020207
7,2,3,ハギノデュエット,牝3,51.0,河原田菜,2:01.3,クビ,47.4,13.0,470(+8),[西] 中竹和也,202510020207
8,5,9,ジュヌフィーユ,牝3,55.0,田口貫太,2:01.3,クビ,3.6,2.0,416(-4),[西] 四位洋文,202510020207
9,6,12,ブラックダイヤ,牝3,55.0,泉谷楓真,2:01.4,1/2,45.2,11.0,424(-2),[西] 杉山晴紀,202510020207
10,4,7,ルージュパラディ,牝3,52.0,田山旺佑,2:01.5,1/2,125.2,15.0,410(0),[西] 橋口慎介,202510020207
11,7,13,コンプリート,牝3,55.0,藤懸貴志,2:01.6,1/2,29.3,8.0,474(+6),[西] 田中克典,202510020207
12,8,18,ハローエンジェル,牝3,55.0,亀田温心,2:01.7,クビ,13.1,5.0,468(0),[西] 田中克典,202510020207
13,7,14,チルウィズミー,牝3,55.0,団野大成,2:01.9,1.1/4,23.0,7.0,464(-4),[西] 中内田充,202510020207
14,6,11,ウィッティクオウト,牝3,55.0,角田大和,2:02.0,1/2,434.5,18.0,406(+4),[西] 吉村圭司,202510020207
15,3,5,マリアブーケ,牝3,55.0,幸英明,2:03.5,9,35.7,10.0,442(+4),[西] 高橋義忠,202510020207
16,1,2,アイルフィレール,牝3,55.0,小崎綾也,2:04.1,3.1/2,213.0,16.0,436(+8),[西] 新谷功一,202510020207
17,1,1,エリセイラ,牝3,53.0,永島まな,2:04.6,3,8.3,4.0,428(0),[西] 大久保龍,202510020207
中,8,16,ラヴアンドホープ,牝3,53.0,今村聖奈,,,31.2,9.0,502(+6),[西] 庄野靖志,202510020207
1,8,13,ディーエスショウマ,牡3,55.0,松山弘平,0:57.9,,9.1,4.0,462(+2),[西] 橋口慎介,202510020208
2,2,2,ヤマニンシュラ,牡3,55.0,幸英明,0:58.3,2.1/2,4.1,3.0,470(+4),[西] 斉藤崇史,202510020208
3,7,12,スノーサイレンス,牝3,53.0,川田将雅,0:58.6,2,2.9,1.0,462(+8),[西] 小栗実,202510020208
4,1,1,フィドルファドル,牝3,53.0,坂井瑠星,0:58.9,1.1/2,3.8,2.0,464(0),[西] 矢作芳人,202510020208
5,4,5,トゥインクルアップ,牝3,50.0,田山旺佑,0:59.0,3/4,10.1,5.0,474(-2),[西] 杉山佳明,202510020208
6,4,6,トモジャアルマンド,牡8,58.0,国分優作,0:59.1,3/4,93.3,10.0,498(-12),[西] 大根田裕,202510020208
7,5,7,フォティック,牡5,58.0,酒井学,0:59.1,ハナ,41.0,9.0,470(-14),[西] 飯田祐史,202510020208
8,8,14,イマージョン,牡3,55.0,亀田温心,0:59.2,クビ,14.2,6.0,498(-4),[西] 高野友和,202510020208
9,6,9,フェールブリエ,牡4,57.0,高杉吏麒,1:00.2,6,228.9,13.0,434(+2),[西] 緒方努,202510020208
10,3,3,シュークリーム,牝4,55.0,西塚洸二,1:00.3,3/4,22.3,7.0,426(-12),[西] 西村真幸,202510020208
11,6,10,サイモンオリーブ,牝5,54.0,今村聖奈,1:00.4,3/4,110.1,11.0,474(+8),[西] 梅田智之,202510020208
12,3,4,ピコサン,牡4,58.0,田口貫太,1:00.6,1,133.9,12.0,492(-8),[西] 宮地貴稔,202510020208
13,5,8,ロードヴァルカン,牡3,55.0,団野大成,1:00.6,ハナ,35.1,8.0,460(+8),[西] 中村直也,202510020208
14,7,11,シンゼンシャイン,牡7,54.0,河原田菜,1:00.8,1.1/2,233.2,14.0,492(-2),[西] 飯田祐史,202510020208
1,6,6,レディーミコノス,牝3,53.0,松山弘平,1:47.5,,4.1,2.0,460(+6),[西] 寺島良,202510020209
2,1,1,ワンモアスマイル,牡3,55.0,高杉吏麒,1:47.6,3/4,2.5,1.0,456(+4),[西] 藤岡健一,202510020209
3,4,4,スター,牝4,56.0,Ｍ．デム,1:47.7,1/2,5.1,4.0,474(+8),[西] 橋口慎介,202510020209
4,3,3,キーチパルフェ,牡4,58.0,亀田温心,1:47.8,3/4,25.3,6.0,476(-8),[西] 高柳大輔,202510020209
5,5,5,スライビングロード,牝3,53.0,川田将雅,1:48.1,1.1/2,4.4,3.0,454(0),[西] 福永祐一,202510020209
6,8,8,フォーキャンドルズ,牡3,55.0,団野大成,1:48.2,クビ,7.4,5.0,498(+2),[西] 本田優,202510020209
7,2,2,ビッキーファースト,牡3,55.0,坂井瑠星,1:49.0,5,48.7,7.0,488(0),[西] 武幸四郎,202510020209
8,7,7,ウフフトルンナ,牝4,56.0,国分優作,1:49.1,1/2,184.3,8.0,524(+2),[西] 大根田裕,202510020209
1,6,11,メイショウフウドウ,牡4,58.0,高杉吏麒,1:45.6,,10.5,4.0,490(+2),[西] 藤原英昭,202510020210
2,6,10,ダノンスウィッチ,牡4,58.0,松若風馬,1:45.8,1.1/2,10.6,5.0,486(-6),[西] 東田明士,202510020210
3,5,9,ハリーケーン,牡3,55.0,水口優也,1:45.9,1/2,2.3,1.0,512(+2),[西] 大根田裕,202510020210
4,3,5,コパノアントニオ,牡4,58.0,Ｍ．デム,1:46.2,2,43.6,11.0,478(-4),[西] 梅田智之,202510020210
5,4,6,クリノクリスタル,牝5,56.0,酒井学,1:46.6,2,64.6,13.0,476(+4),[西] 大橋勇樹,202510020210
6,2,3,バトンインディ,牡4,58.0,幸英明,1:46.6,ハナ,19.7,7.0,458(-8),[西] 安達昭夫,202510020210
7,4,7,マサハヤウォルズ,牡5,58.0,長岡禎仁,1:46.7,3/4,49.1,12.0,468(-4),[西] 今野貞一,202510020210
8,8,15,ワイノナオミ,牝4,56.0,永島まな,1:46.7,アタマ,34.5,10.0,466(+8),[西] 畑端省吾,202510020210
9,5,8,オースミリン,牝6,56.0,団野大成,1:46.9,1.1/2,21.4,9.0,466(+8),[西] 荒川義之,202510020210
10,1,1,タイセイウォリアー,牡5,58.0,田口貫太,1:47.1,1.1/4,18.8,6.0,502(0),[西] 大橋勇樹,202510020210
11,7,12,スナークシュンソウ,牡7,58.0,小崎綾也,1:47.5,2.1/2,91.7,15.0,516(-12),[西] 野中賢二,202510020210
12,7,13,グーヴェルナイユ,牡4,58.0,松山弘平,1:47.8,1.3/4,7.3,3.0,474(+10),[西] 武幸四郎,202510020210
13,2,2,スマートハンター,牡5,58.0,藤懸貴志,1:48.2,2,68.1,14.0,504(-2),[西] 中村直也,202510020210
14,3,4,ダブルジャッジ,牡4,58.0,西塚洸二,1:48.3,1/2,5.5,2.0,512(+10),[西] 笹田和秀,202510020210
15,8,14,ストームバンガード,牡4,58.0,秋山稔樹,1:48.7,2.1/2,20.0,8.0,490(-4),[西] 岡田稲男,202510020210
1,3,3,ヤマニンアンフィル,牝6,55.0,団野大成,1:07.8,,5.8,2.0,490(+4),[西] 斉藤崇史,202510020211
2,4,4,ミルテンベルク,牡4,57.0,坂井瑠星,1:07.9,3/4,6.6,4.0,496(+12),[西] 武英智,202510020211
3,4,5,レッドエヴァンス,セ4,56.0,松山弘平,1:08.1,3/4,3.1,1.0,490(0),[西] 東田明士,202510020211
4,6,9,パクスロマーナ,牝5,54.0,川須栄彦,1:08.1,ハナ,13.7,7.0,436(0),[西] 加藤公太,202510020211
5,7,11,トールキン,牡5,56.0,幸英明,1:08.1,クビ,11.1,5.0,500(+4),[西] 西園正都,202510020211
6,5,6,ウルトラソニック,牡7,53.0,田口貫太,1:08.2,クビ,52.7,11.0,466(-22),[西] 中尾秀正,202510020211
7,1,1,エイムインライフ,牝5,53.0,高杉吏麒,1:08.2,クビ,6.0,3.0,488(0),[西] 角田晃一,202510020211
8,6,8,メイショウウネビ,牡6,55.0,角田大和,1:08.3,クビ,18.5,9.0,490(-4),[西] 本田優,202510020211
9,2,2,トーホウディアス,牡7,55.0,長岡禎仁,1:08.4,3/4,16.6,8.0,464(-6),[西] 小栗実,202510020211
10,7,10,ショウナンマッハ,セ6,53.0,亀田温心,1:08.6,1.1/4,130.4,13.0,490(-6),[西] 茶木太樹,202510020211
11,8,13,ベンダバリラビア,牡5,54.0,今村聖奈,1:08.7,1/2,116.8,12.0,534(0),[西] 寺島良,202510020211
12,8,12,リシャールケリー,牡5,55.0,松若風馬,1:09.2,2.1/2,11.3,6.0,506(-10),[西] 茶木太樹,202510020211
13,5,7,ウォータールグラン,牝6,52.0,酒井学,1:09.5,1.3/4,21.4,10.0,510(+8),[西] 秋山真一,202510020211
1,3,5,オンザムーブ,牡3,55.0,坂井瑠星,1:45.7,,6.5,4.0,506(0),[西] 矢作芳人,202510020212
2,7,13,タケルハーロック,牡3,55.0,松山弘平,1:45.7,クビ,5.6,3.0,496(+8),[西] 高柳大輔,202510020212
3,1,2,ライノ,牡3,55.0,団野大成,1:46.2,3,2.6,1.0,520(0),[西] 高野友和,202510020212
4,5,9,ニューオーリンズ,牡3,55.0,高倉稜,1:46.5,2,14.2,5.0,524(0),[西] 杉山晴紀,202510020212
5,6,12,ヴェーヌドール,牡3,55.0,小崎綾也,1:46.7,3/4,91.4,13.0,524(-4),[西] 武英智,202510020212
6,2,4,ユウェンタース,牝3,53.0,秋山稔樹,1:46.7,クビ,246.6,16.0,490(+2),[西] 宮徹,202510020212
7,5,10,タイセイレグノ,牡3,54.0,高杉吏麒,1:46.8,クビ,34.8,10.0,474(+12),[西] 浜田多実,202510020212
8,4,8,レガッタ,牡4,58.0,太宰啓介,1:46.9,3/4,84.5,12.0,484(+12),[西] 昆貢,202510020212
9,4,7,サンディエゴ,牡3,54.0,西塚洸二,1:47.0,クビ,32.1,8.0,498(+8),[西] 清水久詞,202510020212
10,8,16,テルアスワッド,牡3,55.0,酒井学,1:47.0,アタマ,32.7,9.0,504(+6),[西] 須貝尚介,202510020212
11,7,14,ブリオメンテ,牡4,58.0,川田将雅,1:47.0,クビ,4.6,2.0,558(+2),[西] 千田輝彦,202510020212
12,1,1,ヴォルオヴァン,牡3,52.0,田山旺佑,1:47.2,3/4,140.3,14.0,460(+6),[西] 新谷功一,202510020212
13,3,6,ブラックタロー,牡3,55.0,幸英明,1:47.3,3/4,19.5,7.0,502(+14),[西] 鈴木孝志,202510020212
14,2,3,オリエンタルキング,牡6,58.0,水口優也,1:47.3,クビ,17.6,6.0,488(-10),[西] 羽月友彦,202510020212
15,6,11,テンカオーライ,牡5,56.0,永島まな,1:47.7,2,144.5,15.0,490(-20),[西] 松下武士,202510020212
16,8,15,サマーナイト,牡3,55.0,田口貫太,1:48.4,4,54.0,11.0,484(-2),[西] 寺島良,202510020212
1,3,3,アスクエジンバラ,牡2,55.0,川田将雅,1:53.2,,1.1,1.0,454(-6),[西] 福永祐一,202510020301
2,1,1,リヒトミューレ,牡2,55.0,幸英明,1:53.8,3.1/2,12.1,2.0,490(-6),[西] 中村直也,202510020301
3,4,4,アクティングエリア,牝2,55.0,菱田裕二,1:54.0,1.1/4,23.3,3.0,442(-4),[東] 天間昭一,202510020301
4,5,5,シーキングザバース,牝2,53.0,永島まな,1:54.0,クビ,77.3,4.0,434(+4),[東] 村田一誠,202510020301
5,2,2,テーオールーラー,牡2,54.0,吉村誠之,1:54.7,4,80.2,5.0,418(-2),[西] 清水久詞,202510020301
1,8,15,ヴォルクメア,牝3,55.0,田口貫太,1:47.4,,27.5,11.0,490(0),[西] 新谷功一,202510020302
2,5,9,オリビアサンライズ,牝3,55.0,藤懸貴志,1:48.0,3.1/2,42.5,12.0,428(+2),[西] 平田修,202510020302
3,4,8,アイドルアイズ,牝3,55.0,松山弘平,1:48.0,クビ,8.2,3.0,420(-4),[西] 新谷功一,202510020302
4,1,1,ヴァリオーサ,牝3,55.0,坂井瑠星,1:48.0,クビ,6.2,2.0,470(-2),[西] 武幸四郎,202510020302
5,2,4,クラリティー,牝3,55.0,角田大和,1:48.2,1,16.8,8.0,492(-6),[西] 長谷川浩,202510020302
6,6,11,エスタンシア,牝3,54.0,吉村誠之,1:48.5,2,2.4,1.0,450(-6),[西] 松下武士,202510020302
7,2,3,フクノフィアーノン,牝3,55.0,高倉稜,1:48.6,1/2,24.5,10.0,410(-10),[西] 武英智,202510020302
8,3,6,ヨリナスウィート,牝3,55.0,川須栄彦,1:48.6,クビ,11.2,5.0,478(-14),[西] 河嶋宏樹,202510020302
9,1,2,スマートエレーヌ,牝3,55.0,小崎綾也,1:48.8,3/4,18.4,9.0,500(-6),[西] 寺島良,202510020302
10,8,16,ヴィヴァシャス,牝3,55.0,岩田康誠,1:49.1,1.3/4,9.0,4.0,422(-10),[西] 笹田和秀,202510020302
11,7,13,ラミントン,牝3,55.0,亀田温心,1:49.2,クビ,14.7,6.0,492(+8),[西] 清水久詞,202510020302
12,4,7,ソルトチャンス,牝3,52.0,川端海翼,1:49.3,1/2,127.1,13.0,484(+12),[西] 四位洋文,202510020302
13,5,10,ガールクラッシュ,牝3,55.0,小沢大仁,1:50.0,4,274.0,16.0,506(-2),[西] 安田翔伍,202510020302
14,3,5,ウールワース,牝3,55.0,Ｍ．デム,1:50.1,1/2,127.9,14.0,432(-2),[西] 吉村圭司,202510020302
15,6,12,エンブレイスメント,牝3,54.0,高杉吏麒,1:50.3,1.1/4,16.5,7.0,470(+6),[西] 藤岡健一,202510020302
16,7,14,スマートカリーナ,牝3,53.0,永島まな,1:51.0,4,131.0,15.0,430(0),[西] 池江泰寿,202510020302
1,7,15,ブラックケリー,牝3,55.0,菱田裕二,1:08.5,,21.2,7.0,434(-6),[西] 長谷川浩,202510020303
2,7,13,メイショウセイロウ,牡3,57.0,団野大成,1:08.9,2.1/2,3.4,2.0,420(0),[西] 荒川義之,202510020303
3,4,8,マサウッドテール,牡3,57.0,小崎綾也,1:09.3,2.1/2,109.6,13.0,468(+2),[西] 河嶋宏樹,202510020303
4,1,2,ハツコイサイダー,牝3,55.0,松山弘平,1:09.4,1,8.6,3.0,478(+8),[西] 吉岡辰弥,202510020303
5,3,5,ミッキーサークル,牝3,51.0,河原田菜,1:09.4,ハナ,77.4,11.0,442(+12),[西] 東田明士,202510020303
6,2,4,アイルトンバローズ,牡3,57.0,川田将雅,1:09.4,アタマ,2.3,1.0,492(0),[西] 清水久詞,202510020303
7,8,16,ウインロゼライト,牝3,54.0,西塚洸二,1:09.5,クビ,39.5,8.0,422(+2),[西] 寺島良,202510020303
8,5,10,ロンティケチャップ,牡3,56.0,吉村誠之,1:09.7,1.1/4,10.7,4.0,506(+4),[西] 牧田和弥,202510020303
9,1,1,インユアアイズ,牝3,55.0,長岡禎仁,1:09.8,クビ,12.6,5.0,476(+2),[西] 中村直也,202510020303
10,3,6,スマートセラム,牡3,57.0,田口貫太,1:09.8,クビ,143.0,15.0,430(-16),[西] 須貝尚介,202510020303
11,4,7,ノエル,牡3,57.0,中井裕二,1:09.8,アタマ,404.8,18.0,424(+4),[西] 加藤公太,202510020303
12,8,18,トロピカルレイン,牝3,55.0,幸英明,1:09.9,クビ,63.9,10.0,498(+20),[西] 斉藤崇史,202510020303
13,6,12,ルージュリエカ,牝3,55.0,亀田温心,1:09.9,クビ,137.4,14.0,498(+8),[西] 安田翔伍,202510020303
14,7,14,メイショウユウアイ,牝3,54.0,高杉吏麒,1:10.0,1/2,60.2,9.0,452(-2),[西] 石橋守,202510020303
15,2,3,キュールエアザミ,牝3,55.0,松若風馬,1:10.6,3.1/2,297.6,17.0,452(+10),[西] 中尾秀正,202510020303
16,5,9,フロレンテム,牝3,55.0,坂井瑠星,1:10.6,クビ,13.5,6.0,480(-6),[西] 田中克典,202510020303
17,6,11,アラバンサ,牡3,57.0,国分優作,1:10.8,1.1/4,82.1,12.0,470(0),[西] 矢作芳人,202510020303
18,8,17,コイモノガタリ,牝3,53.0,永島まな,1:11.1,1.3/4,203.2,16.0,438(+2),[西] 河嶋宏樹,202510020303
1,6,9,ララアヴリル,セ3,57.0,団野大成,0:58.8,,3.7,2.0,474(-4),[西] 斉藤崇史,202510020304
2,5,8,ミトノキャット,牝3,55.0,松山弘平,0:59.2,2.1/2,10.6,5.0,440(-2),[西] 前川恭子,202510020304
3,8,14,ステラノヴァ,牡3,56.0,高杉吏麒,0:59.8,3.1/2,2.9,1.0,464(-8),[西] 千田輝彦,202510020304
4,8,13,メイショウサトノヒ,牡3,57.0,田口貫太,1:00.1,1.3/4,14.6,7.0,502(-4),[西] 長谷川浩,202510020304
5,2,2,メイショウヨンク,牡3,57.0,酒井学,1:00.1,クビ,31.1,8.0,452(0),[西] 秋山真一,202510020304
6,3,4,ノヴァエスペランサ,牡3,57.0,小沢大仁,1:00.3,3/4,87.0,11.0,490(-2),[西] 池添学,202510020304
7,5,7,ロビン,牡3,56.0,西塚洸二,1:00.4,1/2,150.6,13.0,492(-6),[西] 西園翔太,202510020304
8,1,1,ゴッドペイズリー,セ3,57.0,角田大和,1:00.5,1/2,85.6,10.0,474(+2),[西] 飯田祐史,202510020304
9,7,12,スカイアクセル,牝3,55.0,松若風馬,1:00.5,ハナ,114.6,12.0,492(+10),[西] 吉村圭司,202510020304
10,4,5,エメラルドシティー,牝3,55.0,国分恭介,1:00.5,クビ,280.5,14.0,476(+6),[西] 西園翔太,202510020304
11,3,3,ジェニー,牝3,55.0,幸英明,1:00.5,ハナ,63.8,9.0,502(0),[西] 茶木太樹,202510020304
12,4,6,イフウドウドウ,牡3,54.0,川端海翼,1:00.7,1.1/4,5.3,3.0,512(-4),[西] 角田晃一,202510020304
13,7,11,デュアルタスク,セ3,56.0,吉村誠之,1:00.9,1.1/4,12.3,6.0,452(-4),[西] 小栗実,202510020304
14,6,10,ケイアイマウンガ,牡3,57.0,藤懸貴志,1:02.6,10,7.9,4.0,482(0),[西] 宮本博,202510020304
1,1,1,キャンディード,牡2,55.0,松山弘平,1:09.4,,2.5,2.0,470(0),[西] 松下武士,202510020305
2,4,4,ララクレアドルーン,牝2,55.0,中井裕二,1:09.6,1,9.0,4.0,428(0),[西] 坂口智康,202510020305
3,3,3,ゴールドヴィーナス,牝2,55.0,坂井瑠星,1:10.7,7,2.3,1.0,470(0),[西] 森秀行,202510020305
4,5,5,ローズカリス,牝2,55.0,田口貫太,1:10.7,クビ,8.3,3.0,434(0),[西] 大橋勇樹,202510020305
5,7,7,ダイシンヨーク,牝2,55.0,和田竜二,1:10.8,1/2,13.6,6.0,478(0),[西] 吉田直弘,202510020305
6,6,6,カシノリアーナ,牝2,53.0,永島まな,1:11.7,5,71.6,7.0,436(0),[東] 天間昭一,202510020305
7,2,2,ジェイパック,牝2,54.0,吉村誠之,1:11.8,1/2,9.0,5.0,446(0),[西] 宮本博,202510020305
8,8,8,カシノプロスペリテ,牝2,55.0,秋山稔樹,1:13.2,9,83.7,8.0,406(0),[東] 蛯名利弘,202510020305
1,1,2,ルクスメンデス,牡3,57.0,国分優作,1:47.1,,94.9,13.0,468(-10),[西] 小崎憲,202510020306
2,1,1,エイシンマールス,牡3,57.0,和田竜二,1:47.1,アタマ,6.0,4.0,468(+6),[西] 今野貞一,202510020306
3,3,6,ジューンセレッソ,牝3,55.0,高倉稜,1:47.4,1.3/4,124.8,15.0,406(+10),[西] 武英智,202510020306
4,7,14,テーオーシュタイン,牡3,57.0,川田将雅,1:47.8,2,4.8,2.0,450(-16),[西] 梅田智之,202510020306
5,6,12,ペンダンティフ,牝3,55.0,団野大成,1:48.0,1.1/4,10.9,6.0,442(+4),[西] 茶木太樹,202510020306
6,3,5,リポジノ,牝3,55.0,田中健,1:48.2,1.1/2,37.1,9.0,472(+12),[西] 中村直也,202510020306
7,5,9,エンドレスバンカー,牡3,57.0,菱田裕二,1:48.2,ハナ,46.2,10.0,498(+14),[西] 安田翔伍,202510020306
8,4,8,トーアグッドラック,牡3,56.0,吉村誠之,1:48.3,3/4,28.8,8.0,494(+6),[西] 加藤公太,202510020306
9,5,10,エーピーポエティス,牝3,55.0,秋山稔樹,1:49.0,4,261.3,16.0,456(-20),[西] 杉山佳明,202510020306
10,7,13,ゴンクール,牡3,56.0,高杉吏麒,1:49.3,1.3/4,112.1,14.0,476(+2),[西] 石坂公一,202510020306
11,2,3,バルミラクル,牡3,57.0,鮫島良太,1:49.3,クビ,5.9,3.0,438(-8),[西] 河嶋宏樹,202510020306
12,2,4,ラヴスティンガー,牝3,55.0,亀田温心,1:49.7,2,53.6,11.0,482(+6),[西] 牧田和弥,202510020306
13,4,7,アンノドミニ,牡3,57.0,小沢大仁,1:49.8,1/2,23.3,7.0,444(0),[西] 佐々木晶,202510020306
14,6,11,アイルランズコール,牡3,57.0,坂井瑠星,1:50.2,2.1/2,3.5,1.0,502(-2),[西] 吉岡辰弥,202510020306
15,8,16,エーグルドール,牡3,57.0,松山弘平,1:51.8,10,6.9,5.0,504(+4),[西] 橋口慎介,202510020306
16,8,15,カリビアンブルー,牡3,55.0,永島まな,1:51.8,クビ,64.9,12.0,500(-8),[西] 池江泰寿,202510020306
1,2,4,ジェルブロア,牝3,55.0,坂井瑠星,1:48.4,,5.4,3.0,422(0),[西] 矢作芳人,202510020307
2,1,1,ウチナータイム,牝3,55.0,小沢大仁,1:48.8,2.1/2,11.8,5.0,466(+2),[西] 中内田充,202510020307
3,6,11,エンスエーニョ,牝3,55.0,団野大成,1:48.8,ハナ,2.8,1.0,516(-6),[西] 斉藤崇史,202510020307
4,7,13,パドメ,牝3,55.0,秋山稔樹,1:49.0,3/4,30.1,9.0,484(0),[西] 高橋康之,202510020307
5,4,8,キャスパインパクト,牡3,56.0,吉村誠之,1:49.0,クビ,16.3,7.0,448(0),[西] 清水久詞,202510020307
6,2,3,アーベントゾンネ,牝3,55.0,松若風馬,1:49.2,1.1/4,42.9,10.0,460(+24),[西] 小椋研介,202510020307
7,3,5,スピードイエロー,牡3,57.0,菱田裕二,1:49.3,1/2,13.6,6.0,424(-8),[西] 佐々木晶,202510020307
8,7,14,ショウナンアイバ,牝3,55.0,岩田康誠,1:50.0,4,63.1,12.0,456(+2),[西] 高橋義忠,202510020307
9,3,6,ダノンブランニュー,牡3,57.0,幸英明,1:50.5,3,6.6,4.0,482(-6),[西] 福永祐一,202510020307
10,8,15,ウィズプライド,牡3,57.0,和田竜二,1:50.5,クビ,154.0,14.0,456(+16),[西] 浜田多実,202510020307
11,6,12,シャインチャプチャ,セ3,57.0,亀田温心,1:50.9,2,184.1,16.0,440(-20),[西] 北出成人,202510020307
12,8,16,フェブルアーリア,牡3,56.0,西塚洸二,1:51.8,5,54.6,11.0,462(0),[西] 中村直也,202510020307
13,4,7,カーボナード,牡3,54.0,川端海翼,1:52.2,2,166.2,15.0,476(+14),[西] 斉藤崇史,202510020307
14,5,10,エルオンセ,牝3,55.0,松山弘平,1:53.6,9,5.3,2.0,466(-4),[西] 杉山晴紀,202510020307
15,1,2,モズグランプリ,牡3,56.0,高杉吏麒,1:54.3,4,25.1,8.0,534(+10),[西] 藤岡健一,202510020307
16,5,9,ヒットザノート,牝3,53.0,永島まな,1:57.2,大,116.4,13.0,442(-4),[西] 奥村豊,202510020307
1,4,4,フリッカージャブ,牡3,55.0,松山弘平,1:07.5,,3.0,1.0,486(+6),[西] 西園翔太,202510020308
2,6,6,ウィンストン,牡3,55.0,川田将雅,1:08.5,6,3.5,2.0,488(-6),[西] 杉山晴紀,202510020308
3,1,1,ブルーサンセット,牝3,52.0,吉村誠之,1:08.5,クビ,4.7,4.0,442(-6),[西] 奥村豊,202510020308
4,7,7,メイショウオオミネ,牡5,58.0,小沢大仁,1:08.6,1/2,29.8,6.0,448(+2),[西] 石橋守,202510020308
5,3,3,ファルシオン,牝5,52.0,河原田菜,1:08.7,1/2,35.9,8.0,442(0),[西] 羽月友彦,202510020308
6,2,2,ブルーレース,牝3,53.0,田口貫太,1:08.7,クビ,3.9,3.0,466(-2),[西] 宮本博,202510020308
7,8,9,ラストクリスマス,牝4,56.0,和田竜二,1:09.2,3,16.0,5.0,466(+6),[西] 西園正都,202510020308
8,5,5,セントキルダ,牡4,56.0,永島まな,1:09.3,1/2,60.3,9.0,472(+2),[西] 東田明士,202510020308
9,8,8,ウインラグラス,牝4,55.0,高杉吏麒,1:09.4,1/2,32.0,7.0,428(0),[西] 吉田直弘,202510020308
1,2,2,ミュージシャン,牡3,55.0,泉谷楓真,2:00.1,,2.3,1.0,466(+4),[西] 杉山晴紀,202510020309
2,6,6,キーパフォーマー,牝4,56.0,団野大成,2:00.2,3/4,23.5,6.0,460(-4),[西] 佐々木晶,202510020309
3,8,8,オーシンエス,牡3,55.0,高杉吏麒,2:00.7,3,13.0,5.0,470(+2),[西] 宮徹,202510020309
4,7,7,サンライズグラシア,牡3,55.0,吉村誠之,2:00.8,クビ,33.3,7.0,466(-4),[西] 矢作芳人,202510020309
5,5,5,ゼンノインヴォーク,セ6,58.0,小沢大仁,2:01.6,5,9.3,4.0,448(+8),[西] 緒方努,202510020309
6,4,4,ホースワン,牡3,55.0,和田竜二,2:01.6,ハナ,105.1,8.0,502(-2),[西] 清水久詞,202510020309
7,1,1,サラコスティ,牡3,55.0,坂井瑠星,2:02.1,3,4.4,3.0,468(-4),[西] 池添学,202510020309
8,3,3,レッドイステル,牡3,55.0,川田将雅,2:02.9,5,3.0,2.0,500(0),[西] 友道康夫,202510020309
1,8,10,メイショウズイウン,牡3,55.0,松山弘平,1:46.6,,1.2,1.0,492(-8),[西] 本田優,202510020310
2,7,9,キングツェッペリン,牡4,58.0,松若風馬,1:46.8,1.1/4,29.0,6.0,466(-6),[西] 牧田和弥,202510020310
3,6,6,ギマール,牡4,58.0,岩田康誠,1:47.2,2.1/2,14.5,3.0,450(-6),[西] 上村洋行,202510020310
4,4,4,トゥルブレンシア,セ8,58.0,団野大成,1:47.3,1/2,39.6,8.0,460(0),[西] 東田明士,202510020310
5,7,8,タカサンフェイス,牡5,58.0,菱田裕二,1:47.3,クビ,15.8,4.0,470(0),[西] 森田直行,202510020310
6,3,3,トーレ,牡4,58.0,長岡禎仁,1:47.5,1.1/4,7.6,2.0,488(+10),[西] 高橋亮,202510020310
7,6,7,バイファーザベスト,牡6,58.0,吉村誠之,1:47.9,2.1/2,67.5,9.0,526(-2),[西] 清水久詞,202510020310
8,5,5,アレナパラシオ,牡4,58.0,田口貫太,1:48.0,クビ,17.9,5.0,478(+2),[西] 四位洋文,202510020310
9,1,1,ブラックサウザー,牡6,58.0,幸英明,1:48.3,1.3/4,80.2,10.0,440(+6),[西] 大根田裕,202510020310
10,2,2,コーラルハート,牝4,56.0,秋山稔樹,1:48.4,1/2,111.8,11.0,514(+8),[西] 小林真也,202510020310
11,8,11,ケイアイメキラ,セ5,58.0,川須栄彦,1:48.4,ハナ,37.6,7.0,484(+12),[西] 秋山真一,202510020310
1,7,9,グランアルティスタ,牡4,55.0,小崎綾也,1:47.0,,99.5,11.0,512(-8),[西] 寺島良,202510020311
2,7,8,ワンダイレクト,牡5,56.0,幸英明,1:47.0,クビ,12.1,6.0,458(+2),[西] 藤岡健一,202510020311
3,3,3,アウフヘーベン,牝5,53.0,菱田裕二,1:47.0,クビ,7.6,3.0,458(-14),[西] 高橋亮,202510020311
4,5,5,アイスグリーン,牡5,57.0,松山弘平,1:47.1,クビ,10.8,5.0,484(+6),[西] 池添学,202510020311
5,8,11,バールデュヴァン,牡5,53.0,和田竜二,1:47.1,クビ,44.3,8.0,506(-16),[西] 浜田多実,202510020311
6,1,1,ドットクルー,牡5,55.0,高杉吏麒,1:47.2,クビ,15.0,7.0,466(0),[西] 笹田和秀,202510020311
7,6,6,バッデレイト,牡4,57.0,川田将雅,1:47.2,アタマ,2.1,1.0,468(-2),[西] 上村洋行,202510020311
8,4,4,コルレオニス,牡4,56.0,坂井瑠星,1:47.6,2.1/2,4.2,2.0,456(0),[西] 友道康夫,202510020311
9,2,2,サウンドウォリアー,牡7,53.0,永島まな,1:47.7,1/2,52.3,10.0,502(-8),[西] 高橋康之,202510020311
10,8,10,メルトユアハート,牝4,54.0,吉村誠之,1:48.2,3,9.0,4.0,504(+2),[西] 長谷川浩,202510020311
11,6,7,ウインリブルマン,牡7,54.0,松若風馬,1:48.3,アタマ,45.0,9.0,498(-10),[西] 緒方努,202510020311
1,8,10,メイショウピース,牝5,56.0,坂井瑠星,1:08.5,,6.0,5.0,474(0),[西] 高橋亮,202510020312
2,6,6,システムリブート,牡5,58.0,高杉吏麒,1:08.5,クビ,5.8,4.0,544(+6),[西] 佐藤悠太,202510020312
3,7,8,ベンガン,牡8,58.0,国分優作,1:08.7,1,93.4,10.0,472(-6),[西] 千田輝彦,202510020312
4,8,9,ミッキーチャレンジ,牡6,58.0,角田大和,1:08.7,アタマ,20.7,7.0,508(0),[西] 中内田充,202510020312
5,3,3,ロードマイライフ,牡4,58.0,小沢大仁,1:08.7,ハナ,4.7,2.0,504(0),[西] 杉山晴紀,202510020312
6,1,1,アイヲツグモノ,牝5,56.0,鮫島良太,1:09.0,1.1/2,22.3,8.0,504(+6),[西] 牧浦充徳,202510020312
7,4,4,フーコサンライズ,牝4,56.0,松山弘平,1:09.0,クビ,4.8,3.0,516(+6),[西] 加藤公太,202510020312
8,7,7,ソングオブライフ,牡4,58.0,幸英明,1:09.1,1/2,3.4,1.0,494(-2),[西] 森田直行,202510020312
9,2,2,インプロバイザー,牡6,58.0,松若風馬,1:09.6,2.1/2,11.9,6.0,488(-4),[西] 東田明士,202510020312
10,5,5,コーパスクリスティ,牡5,58.0,亀田温心,1:10.1,3,55.1,9.0,476(+2),[西] 佐藤悠太,202510020312
1,1,1,エイシンディアマン,牝2,55.0,高倉稜,1:10.8,,12.2,5.0,446(-10),[西] 中尾秀正,202510020401
2,4,8,ニシノメイホウ,牡2,55.0,幸英明,1:10.9,1/2,8.1,3.0,376(-4),[西] 北出成人,202510020401
3,3,5,コウユーネロガ,牝2,55.0,団野大成,1:10.9,クビ,43.2,10.0,430(-6),[西] 斉藤崇史,202510020401
4,3,6,ダイチノナポリ,牝2,55.0,太宰啓介,1:10.9,ハナ,2.1,1.0,428(0),[西] 畑端省吾,202510020401
5,2,4,カシノハンゾウ,牡2,55.0,秋山稔樹,1:11.3,2,4.5,2.0,454(+6),[東] 蛯名利弘,202510020401
6,1,2,サツマフジ,牝2,55.0,松山弘平,1:11.4,3/4,36.3,8.0,444(-2),[東] 尾形和幸,202510020401
7,5,10,ナンテヒダ,牡2,55.0,川須栄彦,1:11.4,アタマ,18.5,7.0,446(+2),[西] 中尾秀正,202510020401
8,6,11,ラムールデュヴォン,牡2,55.0,亀田温心,1:11.5,クビ,48.2,11.0,446(-6),[東] 堀内岳志,202510020401
9,6,12,アメアメフレフレ,牝2,55.0,国分優作,1:11.8,2,93.2,12.0,392(0),[西] 大根田裕,202510020401
10,7,14,ヴィジュイイジャン,牡2,55.0,酒井学,1:12.2,2.1/2,13.7,6.0,474(-2),[西] 松永幹夫,202510020401
11,8,15,ニシノイーグレット,牡2,51.0,河原田菜,1:12.2,ハナ,119.7,13.0,404(+4),[東] 小手川準,202510020401
12,4,7,カシノユメミヅキ,牡2,52.0,川端海翼,1:12.4,3/4,168.5,14.0,502(+2),[東] 和田雄二,202510020401
13,8,16,ダイラントウ,牡2,54.0,高杉吏麒,1:12.6,1,41.9,9.0,466(0),[西] 今野貞一,202510020401
14,5,9,カシノサスケ,牡2,55.0,小沢大仁,1:12.7,1,170.6,15.0,438(0),[西] 谷潔,202510020401
15,7,13,コパノバハマ,牡2,55.0,小崎綾也,1:13.0,1.1/2,220.3,16.0,436(-6),[西] 松永幹夫,202510020401
16,2,3,カシノフレックス,牡2,55.0,田口貫太,1:13.0,ハナ,10.7,4.0,446(0),[西] 牧田和弥,202510020401
1,2,4,ココデイック,牡3,56.0,高杉吏麒,1:48.0,,3.9,2.0,498(+4),[西] 藤岡健一,202510020402
2,1,1,マナエトレ,牡3,56.0,吉村誠之,1:48.1,1/2,96.4,13.0,474(0),[西] 清水久詞,202510020402
3,6,12,ロカヒ,牡3,57.0,酒井学,1:48.1,クビ,3.7,1.0,486(+16),[西] 飯田祐史,202510020402
4,1,2,エイシンガウディ,牡3,57.0,田口貫太,1:48.1,ハナ,6.6,4.0,472(-2),[西] 渡辺薫彦,202510020402
5,6,11,サイモンバズユー,牡3,57.0,Ｍ．デム,1:48.7,3.1/2,26.9,7.0,506(0),[西] 牧浦充徳,202510020402
6,5,9,メイショウフソウ,牡3,57.0,城戸義政,1:48.8,クビ,268.8,15.0,498(+2),[西] 荒川義之,202510020402
7,3,5,フロンティエール,牡3,57.0,坂井瑠星,1:48.8,クビ,4.4,3.0,508(+4),[西] 池添学,202510020402
8,8,16,シンシーネ,牝3,55.0,秋山稔樹,1:48.8,ハナ,28.1,8.0,466(+4),[西] 高橋義忠,202510020402
9,8,15,マンノデュエット,牝3,51.0,河原田菜,1:48.9,クビ,29.5,9.0,488(-10),[西] 中竹和也,202510020402
10,7,13,ソコトラ,牡3,57.0,小沢大仁,1:48.9,ハナ,65.6,12.0,416(+2),[西] 中内田充,202510020402
11,3,6,ピスタ,牡3,57.0,松山弘平,1:49.2,2,7.8,5.0,534(-6),[西] 藤原英昭,202510020402
12,4,7,ランドオブファイア,牡3,57.0,長岡禎仁,1:49.3,1/2,182.0,14.0,496(0),[西] 茶木太樹,202510020402
13,5,10,オプティクス,牡3,57.0,内田博幸,1:50.2,5,61.2,11.0,468(-14),[西] 渡辺薫彦,202510020402
14,2,3,ベルエアキング,牡3,57.0,団野大成,1:52.1,大,43.2,10.0,468(+10),[西] 西村真幸,202510020402
15,4,8,トゥライトゥーラ,牡3,57.0,角田大和,1:53.1,6,307.7,16.0,480(+4),[西] 中竹和也,202510020402
中,7,14,ダンクバローズ,牡3,57.0,幸英明,,,23.5,6.0,592(0),[西] 池江泰寿,202510020402
1,8,16,ブライアーヒル,牝3,55.0,国分優作,1:08.7,,4.8,2.0,464(-2),[西] 中尾秀正,202510020403
2,1,2,ダノンプリマ,牝3,55.0,角田大和,1:08.7,ハナ,8.2,5.0,440(-6),[西] 千田輝彦,202510020403
3,4,8,セガンティーニ,牝3,54.0,吉村誠之,1:08.7,クビ,24.0,9.0,464(-6),[西] 坂口智康,202510020403
4,4,7,マローソ,牝3,55.0,小崎綾也,1:08.8,1/2,40.1,11.0,498(+6),[西] 牧田和弥,202510020403
5,7,15,ロイヤルウィル,牝3,55.0,松山弘平,1:09.0,1,3.1,1.0,454(0),[西] 加藤公太,202510020403
6,7,14,メイショウハダル,牝3,55.0,幸英明,1:09.2,1.1/4,23.0,8.0,426(0),[西] 福永祐一,202510020403
7,1,1,サンマルメロディー,牝3,55.0,藤懸貴志,1:09.4,1,170.9,16.0,434(0),[西] 千田輝彦,202510020403
8,5,9,メイショウハヤセ,牝3,54.0,西塚洸二,1:09.4,ハナ,7.6,4.0,426(+8),[西] 笹田和秀,202510020403
9,2,4,プラウドメアリー,牝3,55.0,長岡禎仁,1:09.6,1.1/4,22.1,6.0,416(+2),[西] 杉山佳明,202510020403
10,7,13,ミジョカスマイル,牝3,55.0,加藤祥太,1:09.6,アタマ,320.2,18.0,444(0),[西] 庄野靖志,202510020403
11,8,18,スマートビビット,牝3,55.0,小沢大仁,1:09.6,ハナ,81.2,14.0,442(-4),[西] 新谷功一,202510020403
12,6,12,シュパネントパール,牝3,55.0,秋山稔樹,1:09.8,1.1/2,63.9,13.0,440(-2),[西] 河嶋宏樹,202510020403
13,2,3,ダイアナクイーン,牝3,53.0,永島まな,1:09.9,1/2,54.3,12.0,510(0),[西] 高橋康之,202510020403
14,6,11,メイショウモエギ,牝3,55.0,田口貫太,1:09.9,クビ,22.2,7.0,482(-4),[西] 池添学,202510020403
15,3,6,ホープフルソング,牝3,54.0,高杉吏麒,1:10.2,1.1/2,136.8,15.0,438(-4),[西] 佐々木晶,202510020403
16,8,17,メイショウマチルダ,牝3,55.0,中井裕二,1:10.3,1/2,39.8,10.0,432(-8),[西] 鈴木孝志,202510020403
17,3,5,ハーイバービー,牝3,52.0,川端海翼,1:11.7,8,212.1,17.0,456(-6),[西] 畑端省吾,202510020403
18,5,10,パールペンダント,牝3,55.0,坂井瑠星,1:13.0,8,5.5,3.0,440(0),[西] 吉村圭司,202510020403
1,1,2,ダノンジャガー,牡3,56.0,高杉吏麒,2:02.0,,6.6,4.0,512(0),[西] 池江泰寿,202510020404
2,7,14,ヴォイスオブゼウス,牡3,57.0,坂井瑠星,2:02.0,ハナ,5.0,3.0,448(-10),[西] 矢作芳人,202510020404
3,7,15,レッドサジェス,牡3,56.0,吉村誠之,2:02.1,クビ,3.5,1.0,494(-4),[西] 清水久詞,202510020404
4,8,16,レイデラティエラ,牡3,57.0,国分優作,2:02.2,1/2,70.2,11.0,466(+2),[西] 小崎憲,202510020404
5,3,6,キャニオンデシェイ,牡3,57.0,松山弘平,2:02.2,アタマ,3.8,2.0,494(+6),[西] 友道康夫,202510020404
6,8,17,サイモンノーブル,牡3,57.0,川須栄彦,2:02.3,1/2,15.0,7.0,446(0),[西] 梅田智之,202510020404
7,2,4,ザイル,牡3,57.0,小沢大仁,2:02.5,3/4,12.7,6.0,498(0),[西] 小栗実,202510020404
8,7,13,マイネルイグザルト,牡3,57.0,幸英明,2:02.5,ハナ,36.8,8.0,456(+4),[西] 西園正都,202510020404
9,6,11,チャットケリー,牝3,55.0,鮫島良太,2:02.5,アタマ,75.7,12.0,426(+8),[西] 緒方努,202510020404
10,4,8,サトノアベリア,牝3,55.0,団野大成,2:02.5,クビ,12.2,5.0,446(+2),[西] 斉藤崇史,202510020404
11,4,7,イズジョーレイナス,牝3,55.0,亀田温心,2:02.7,1,142.7,15.0,384(+4),[西] 北出成人,202510020404
12,5,10,サイモンイロハニー,牝3,55.0,秋山稔樹,2:02.8,1/2,46.4,9.0,408(-6),[西] 谷潔,202510020404
13,5,9,タイセイルシエル,牡3,56.0,西塚洸二,2:02.9,1/2,197.2,17.0,420(-4),[西] 松下武士,202510020404
14,3,5,ディンプルフェイス,牝3,55.0,酒井学,2:03.1,1.1/4,133.5,14.0,424(-10),[西] 鈴木孝志,202510020404
15,6,12,テイエムバゴオウ,牡3,57.0,田中健,2:03.3,1.1/2,109.4,13.0,450(-6),[西] 高橋一哉,202510020404
16,8,18,グレートジーンズ,牡3,57.0,松若風馬,2:03.8,2.1/2,276.4,18.0,464(+2),[西] 東田明士,202510020404
17,1,1,アックアヴィリーレ,セ3,57.0,中井裕二,2:04.3,3,59.3,10.0,448(0),[西] 佐々木晶,202510020404
18,2,3,ドナコルコバド,牝3,51.0,河原田菜,2:07.1,大,160.2,16.0,492(+4),[西] 今野貞一,202510020404
1,2,2,ロードラヴォール,牡2,55.0,川田将雅,1:49.5,,3.8,2.0,502(0),[西] 中内田充,202510020405
2,1,1,ブレナヴォン,牡2,54.0,吉村誠之,1:50.3,5,2.4,1.0,450(0),[西] 池江泰寿,202510020405
3,4,4,コロナドブリッジ,牡2,55.0,亀田温心,1:50.5,1,8.7,5.0,512(0),[西] 庄野靖志,202510020405
4,3,3,フォーゲル,牡2,55.0,団野大成,1:51.3,5,17.3,7.0,528(0),[西] 斉藤崇史,202510020405
5,7,7,コスモギオン,牡2,55.0,松若風馬,1:52.4,7,58.0,9.0,454(0),[西] 宮徹,202510020405
6,8,8,サイン,牡2,55.0,松山弘平,1:53.1,4,6.5,3.0,532(0),[西] 佐藤悠太,202510020405
7,8,9,シャローアロス,牝2,55.0,幸英明,1:53.2,1/2,14.2,6.0,434(0),[西] 安達昭夫,202510020405
8,6,6,ジャカルタバオ,牡2,55.0,Ｍ．デム,1:54.7,9,48.1,8.0,448(0),[西] 藤野健太,202510020405
中,5,5,ダノンシーホーク,牡2,55.0,坂井瑠星,,,6.5,4.0,470(0),[西] 大久保龍,202510020405
1,4,4,ロードヴィゴラス,牡2,54.0,高杉吏麒,1:01.5,,5.0,3.0,430(0),[西] 四位洋文,202510020406
2,2,2,オトコノロマン,牡2,55.0,坂井瑠星,1:01.7,1.1/4,1.4,1.0,496(0),[西] 新谷功一,202510020406
3,1,1,コパノロケット,牡2,55.0,小崎綾也,1:02.0,1.3/4,17.4,5.0,450(0),[西] 福永祐一,202510020406
4,5,5,サウンドプリモ,牝2,55.0,松山弘平,1:02.5,3,3.8,2.0,414(0),[西] 高柳大輔,202510020406
5,3,3,ウインロズパレード,牝2,55.0,小沢大仁,1:03.2,4,17.1,4.0,444(0),[西] 吉田直弘,202510020406
1,5,5,ダノンフェアレディ,牝3,53.0,坂井瑠星,1:49.2,,2.5,2.0,472(+20),[西] 橋口慎介,202510020407
2,6,6,エバーグルーヴ,牝3,53.0,川田将雅,1:49.5,2,2.4,1.0,410(+4),[西] 藤岡健一,202510020407
3,4,4,サラダ,牝3,53.0,松山弘平,1:49.7,1.1/4,9.3,4.0,442(-6),[西] 武英智,202510020407
4,3,3,ネーブルオレンジ,牝3,53.0,松若風馬,1:49.8,1/2,18.8,6.0,470(-2),[西] 杉山佳明,202510020407
5,1,1,オーサムピクチャ,牝4,55.0,高杉吏麒,1:49.8,クビ,39.0,8.0,422(+4),[西] 佐々木晶,202510020407
6,2,2,マルモア,牝4,56.0,Ｍ．デム,1:50.0,1,33.0,7.0,410(-8),[西] 松永幹夫,202510020407
7,8,9,マテンロウアルテ,牝5,56.0,太宰啓介,1:50.1,1,6.5,3.0,496(+4),[西] 坂口智康,202510020407
8,8,8,ルージュサリナス,牝4,54.0,永島まな,1:50.8,4,80.6,9.0,430(+10),[西] 加藤公太,202510020407
9,7,7,ニシノイツキムスメ,牝3,53.0,幸英明,1:50.9,クビ,14.1,5.0,406(+2),[西] 北出成人,202510020407
1,7,11,ファムエレガンテ,牝3,51.0,永島まな,0:57.9,,2.6,1.0,476(+16),[西] 中村直也,202510020408
2,3,4,フィドルファドル,牝3,53.0,坂井瑠星,0:58.1,3/4,3.8,2.0,456(-8),[西] 矢作芳人,202510020408
3,5,7,キョラムン,牝3,53.0,小沢大仁,0:58.6,3,8.4,4.0,460(0),[西] 石橋守,202510020408
4,8,14,ペレグリン,牝4,56.0,Ｍ．デム,0:58.8,1.1/2,31.9,8.0,436(0),[西] 河嶋宏樹,202510020408
5,8,13,クリノミニスター,牡6,58.0,幸英明,0:58.8,アタマ,61.4,11.0,462(-16),[西] 荒川義之,202510020408
6,2,2,ワイルドブッター,牡3,55.0,高倉稜,0:59.0,1,139.5,13.0,502(-6),[西] 武英智,202510020408
7,5,8,ドナポンド,牝3,53.0,菱田裕二,0:59.1,1/2,34.3,9.0,480(-6),[西] 小林真也,202510020408
8,4,5,ペイシャヴァルツー,牝3,53.0,団野大成,0:59.2,3/4,6.1,3.0,442(-2),[西] 吉田直弘,202510020408
9,6,10,オースミライト,牝3,53.0,加藤祥太,0:59.2,ハナ,21.4,7.0,476(+4),[西] 宮本博,202510020408
10,7,12,ペンテリコン,牝3,52.0,吉村誠之,0:59.2,クビ,10.1,5.0,480(-2),[西] 武幸四郎,202510020408
11,3,3,ジャスパーノベル,牝3,53.0,松若風馬,0:59.4,1,58.9,10.0,474(+12),[西] 森秀行,202510020408
12,4,6,ベネメレンティ,牝4,52.0,河原田菜,0:59.6,1.1/4,108.1,12.0,442(-4),[西] 前川恭子,202510020408
13,6,9,ユウトザイースト,牡4,55.0,川端海翼,0:59.7,クビ,311.6,14.0,526(-11),[西] 小崎憲,202510020408
14,1,1,トッピゴー,牡4,58.0,角田大和,1:02.9,大,12.9,6.0,516(+2),[西] 角田晃一,202510020408
1,7,7,ヒーローインチーフ,セ4,58.0,西塚洸二,1:08.4,,9.4,4.0,448(+2),[西] 吉田直弘,202510020409
2,2,2,ベルビースタローン,牝3,53.0,川田将雅,1:08.5,クビ,3.8,2.0,502(+4),[西] 西村真幸,202510020409
3,5,5,コウセキ,牡3,55.0,松山弘平,1:09.0,3,5.3,3.0,476(+2),[西] 西園正都,202510020409
4,3,3,ウインラウダ,牡4,58.0,団野大成,1:09.0,ハナ,83.3,8.0,504(-6),[西] 梅田智之,202510020409
5,8,8,サニーサルサ,牝3,53.0,永島まな,1:09.2,1,44.2,7.0,462(+2),[西] 高橋康之,202510020409
6,4,4,アーリントンロウ,牡3,55.0,坂井瑠星,1:09.5,2,1.7,1.0,516(+4),[西] 松下武士,202510020409
7,1,1,リーサムギニー,牡4,58.0,藤懸貴志,1:09.7,1,35.2,6.0,502(0),[西] 矢作芳人,202510020409
8,6,6,カフジキアッキエレ,牝5,56.0,幸英明,1:09.9,1.1/2,16.6,5.0,424(0),[西] 森田直行,202510020409
1,6,6,ベトルス,セ4,58.0,川田将雅,2:39.5,,1.9,1.0,504(-6),[西] 友道康夫,202510020410
2,1,1,サラトガチップス,牡4,58.0,坂井瑠星,2:40.4,5,4.7,3.0,448(+12),[西] 新谷功一,202510020410
3,4,4,サイモンルモンド,セ8,58.0,松若風馬,2:43.9,大,122.1,7.0,454(+2),[東] 根本康広,202510020410
4,2,2,スカイドゥエラー,牡7,58.0,幸英明,2:44.2,2,34.2,5.0,454(+2),[西] 谷潔,202510020410
5,5,5,ニシノレバンテ,牡6,58.0,内田博幸,2:45.7,9,47.7,6.0,500(+4),[東] 水野貴広,202510020410
6,7,7,ウェイビー,牝5,56.0,藤懸貴志,2:46.6,5,10.6,4.0,540(+4),[西] 西村真幸,202510020410
中,3,3,クルミナーレ,牡4,58.0,松山弘平,,,2.6,2.0,510(+2),[西] 池江泰寿,202510020410
1,5,9,ヤマニンアルリフラ,牡4,55.0,団野大成,1:07.8,,5.7,1.0,496(+14),[西] 斉藤崇史,202510020411
2,8,18,ヨシノイースター,牡7,58.0,内田博幸,1:07.9,1/2,9.7,5.0,488(+2),[西] 中尾秀正,202510020411
3,7,14,アブキールベイ,牝3,53.0,坂井瑠星,1:07.9,クビ,14.3,7.0,408(-12),[西] 坂口智康,202510020411
4,1,1,ヤマニンアンフィル,牝6,53.0,亀田温心,1:08.0,クビ,19.1,8.0,484(-6),[西] 斉藤崇史,202510020411
5,8,17,キタノエクスプレス,牡7,57.0,国分優作,1:08.0,クビ,7.4,3.0,504(-6),[西] 坂口智康,202510020411
6,6,11,ドロップオブライト,牝6,56.0,小沢大仁,1:08.2,1.1/4,19.1,9.0,436(-2),[西] 福永祐一,202510020411
7,2,4,ミルトクレイモー,牡5,54.0,松山弘平,1:08.3,クビ,21.9,11.0,520(0),[西] 中村直也,202510020411
8,6,12,スリーアイランド,牝5,52.0,田口貫太,1:08.3,クビ,48.9,16.0,490(+2),[西] 中竹和也,202510020411
9,7,15,ロードフォアエース,牡4,56.5,川田将雅,1:08.4,クビ,5.8,2.0,552(+8),[西] 友道康夫,202510020411
10,2,3,レッドヒルシューズ,牝5,53.0,高倉稜,1:08.5,3/4,25.9,13.0,460(+8),[西] 武英智,202510020411
11,1,2,カリボール,牡9,56.0,西塚洸二,1:08.6,1/2,70.6,17.0,506(+6),[西] 西村真幸,202510020411
12,4,8,エイシンワンド,牡3,54.0,吉村誠之,1:08.7,1/2,24.8,12.0,482(-4),[西] 大久保龍,202510020411
13,3,6,メイショウソラフネ,牡6,57.0,酒井学,1:08.7,ハナ,8.6,4.0,454(+2),[西] 石橋守,202510020411
14,5,10,タマモブラックタイ,牡5,55.0,角田大和,1:09.0,1.3/4,30.2,15.0,516(-2),[西] 角田晃一,202510020411
15,3,5,モズメイメイ,牝5,56.5,高杉吏麒,1:09.2,3/4,19.7,10.0,472(-2),[西] 前川恭子,202510020411
16,8,16,シロン,牝6,53.0,国分恭介,1:09.4,1.1/2,84.4,18.0,526(0),[西] 小栗実,202510020411
17,4,7,クラスペディア,牡3,54.0,小崎綾也,1:09.5,1/2,11.1,6.0,500(+4),[西] 河嶋宏樹,202510020411
18,7,13,オタルエバー,牡6,57.5,幸英明,1:12.5,大,29.2,14.0,500(+10),[西] 中竹和也,202510020411
1,4,8,ジューンエオス,牝3,53.0,高倉稜,1:45.4,,10.0,3.0,486(+16),[西] 武英智,202510020412
2,6,11,ダノンヴェステル,牡3,55.0,坂井瑠星,1:45.4,クビ,3.9,2.0,480(+6),[西] 高柳大輔,202510020412
3,6,12,ゼンエスポワール,牡3,55.0,角田大和,1:46.0,3.1/2,16.1,7.0,518(+2),[西] 飯田祐史,202510020412
4,5,9,テーオーマルコーニ,牡3,55.0,団野大成,1:46.1,1/2,2.0,1.0,488(-6),[西] 奥村豊,202510020412
5,7,14,タガノエクレール,牝4,56.0,国分恭介,1:46.3,1.1/4,114.2,12.0,470(+4),[西] 西園翔太,202510020412
6,8,16,コズミックダンサー,牡3,54.0,高杉吏麒,1:46.5,1.1/4,13.6,6.0,486(+8),[西] 藤原英昭,202510020412
7,3,5,アメリカンチーフ,牡4,58.0,松山弘平,1:46.6,クビ,13.4,5.0,470(-2),[西] 東田明士,202510020412
8,2,4,ディーエスソフィア,牡5,58.0,国分優作,1:46.7,1/2,188.3,16.0,468(+4),[西] 岡田稲男,202510020412
9,7,13,ヒフミバンダム,セ3,51.0,河原田菜,1:46.8,3/4,142.9,14.0,468(+2),[西] 小栗実,202510020412
10,2,3,スマートカイロス,牡3,55.0,内田博幸,1:47.0,1.1/4,22.2,8.0,508(-10),[西] 矢作芳人,202510020412
11,1,2,テーオーミリカン,牡3,55.0,秋山稔樹,1:47.4,2,13.3,4.0,458(-2),[西] 宮徹,202510020412
12,3,6,メリッササンライズ,牝3,53.0,川須栄彦,1:47.4,クビ,119.7,13.0,464(+16),[西] 秋山真一,202510020412
13,1,1,ピストンボーイ,牡4,57.0,吉村誠之,1:47.9,3,56.9,10.0,518(+4),[西] 池添学,202510020412
14,4,7,ブラックドレス,牝4,53.0,川端海翼,1:48.2,2,47.3,9.0,434(0),[西] 谷潔,202510020412
15,5,10,サンライズタイソン,牡5,58.0,小沢大仁,1:48.6,2,148.1,15.0,432(+10),[西] 平田修,202510020412
16,8,15,メードス,牡4,58.0,岩田康誠,1:50.7,大,60.7,11.0,492(-12),[西] 佐藤悠太,202510020412
1,3,3,スターアニス,牝2,55.0,松山弘平,1:08.0,,6.2,4.0,474(-12),[西] 高野友和,202510020501
2,7,8,タマモイカロス,牡2,54.0,高杉吏麒,1:09.1,7,2.2,1.0,524(-12),[西] 藤岡健一,202510020501
3,1,1,フェブリノ,牝2,55.0,和田竜二,1:09.7,3.1/2,82.9,8.0,386(-2),[西] 加藤公太,202510020501
4,5,5,ダイヤモンドノット,牡2,55.0,川田将雅,1:09.7,クビ,2.9,2.0,462(0),[西] 福永祐一,202510020501
5,8,9,ツーエムボヌール,牝2,55.0,団野大成,1:09.8,クビ,38.2,6.0,438(-8),[西] 本田優,202510020501
6,2,2,カガラプンツェル,牝2,55.0,田口貫太,1:09.8,アタマ,29.4,5.0,460(-4),[西] 安達昭夫,202510020501
7,6,6,カシノリアーナ,牝2,53.0,永島まな,1:10.0,3/4,158.4,9.0,436(0),[東] 天間昭一,202510020501
8,8,10,ララクレアドルーン,牝2,55.0,中井裕二,1:10.8,5,4.8,3.0,436(+8),[西] 坂口智康,202510020501
9,4,4,ナムラライラック,牝2,55.0,松若風馬,1:10.9,3/4,57.5,7.0,392(-6),[西] 畑端省吾,202510020501
10,7,7,ナンゴクモンジュー,牝2,55.0,藤懸貴志,1:13.8,大,352.3,10.0,394(-2),[西] 小崎憲,202510020501
1,8,16,ヴォワラクテ,牝3,54.0,吉村誠之,1:49.5,,6.2,3.0,442(+8),[西] 田中克典,202510020502
2,5,9,リオンプライム,牝3,55.0,幸英明,1:49.7,1.1/2,4.9,2.0,470(-10),[西] 鈴木孝志,202510020502
3,1,2,パクシー,牝3,55.0,中井裕二,1:49.7,ハナ,12.9,6.0,438(+14),[西] 中内田充,202510020502
4,7,14,アドラビーレ,牝3,55.0,松山弘平,1:49.7,アタマ,6.3,4.0,444(0),[西] 石坂公一,202510020502
5,8,15,ララベルドゥニュイ,牝3,53.0,永島まな,1:49.8,クビ,27.1,7.0,516(+6),[西] 松下武士,202510020502
6,7,13,エルモサメロディア,牝3,55.0,角田大和,1:49.8,アタマ,154.5,14.0,426(+16),[西] 松永幹夫,202510020502
7,3,6,キャットテイル,牝3,55.0,菱田裕二,1:49.9,3/4,74.1,10.0,424(0),[西] 野中賢二,202510020502
8,4,8,サマンサバローズ,牝3,55.0,団野大成,1:49.9,クビ,8.6,5.0,464(-2),[西] 斉藤崇史,202510020502
9,2,4,アズユーライク,牝3,55.0,坂井瑠星,1:50.1,3/4,2.4,1.0,468(0),[西] 西園翔太,202510020502
10,3,5,スマイルラッシュ,牝3,55.0,田口貫太,1:50.3,1.1/4,75.2,11.0,424(-4),[西] 藤原英昭,202510020502
11,6,11,ラストプリンセス,牝3,55.0,国分優作,1:50.4,1/2,60.4,9.0,418(+2),[西] 清水久詞,202510020502
12,5,10,オメガセレナーデ,牝3,55.0,岩田康誠,1:50.9,3,59.3,8.0,436(+10),[西] 辻野泰之,202510020502
13,4,7,エリカマルセイユ,牝3,54.0,西塚洸二,1:51.2,2,105.3,13.0,470(+4),[西] 友道康夫,202510020502
14,6,12,メイショウミスイチ,牝3,55.0,小崎綾也,1:51.5,1.3/4,295.9,15.0,444(+6),[西] 牧浦充徳,202510020502
15,1,1,ルージュヴィーナス,牝3,55.0,藤懸貴志,1:52.4,5,92.2,12.0,438(-12),[西] 寺島良,202510020502
16,2,3,ミスクモカゼ,牝3,55.0,井上敏樹,1:58.6,大,426.3,16.0,480(+6),[西] 吉田直弘,202510020502
1,8,13,ミトノキャット,牝3,55.0,坂井瑠星,0:59.1,,5.2,2.0,440(0),[西] 前川恭子,202510020503
2,5,8,キーガッツ,牡3,57.0,長岡禎仁,0:59.2,1/2,5.4,3.0,456(-6),[西] 杉山佳明,202510020503
3,2,2,デーモンスレイヤー,牡3,57.0,田口貫太,0:59.7,3,1.9,1.0,484(0),[西] 庄野靖志,202510020503
4,3,3,チムニーパイプ,牝3,55.0,松山弘平,0:59.7,クビ,24.4,8.0,414(0),[西] 岡田稲男,202510020503
5,7,11,スマートフランキー,牡3,57.0,太宰啓介,1:00.1,2.1/2,55.4,9.0,494(0),[西] 石橋守,202510020503
6,6,10,スキャットメロディ,牡3,54.0,川端海翼,1:00.3,1.1/2,273.6,13.0,448(-10),[西] 中竹和也,202510020503
7,4,6,タマモペルリーナ,牝3,54.0,吉村誠之,1:00.4,クビ,9.7,4.0,482(-20),[西] 池添学,202510020503
8,7,12,トップレジェンド,牡3,57.0,和田竜二,1:00.5,1,14.1,5.0,434(-6),[西] 鈴木孝志,202510020503
9,3,4,スターアイズ,牝3,52.0,田山旺佑,1:00.7,1.1/4,155.4,12.0,440(+10),[西] 小椋研介,202510020503
10,1,1,クライスラー,牝3,53.0,永島まな,1:01.1,2.1/2,20.7,6.0,446(+6),[西] 中村直也,202510020503
11,6,9,サンジャシント,牡3,57.0,小沢大仁,1:01.2,1/2,102.0,10.0,484(-2),[西] 石坂公一,202510020503
12,4,5,ワンダーブリング,牡3,53.0,河原田菜,1:01.4,1,148.2,11.0,522(-12),[西] 石橋守,202510020503
13,5,7,ロードバルセロナ,牡3,56.0,高杉吏麒,1:01.5,1/2,21.2,7.0,498(-14),[西] 茶木太樹,202510020503
14,8,14,メイショウゲッカ,牡3,57.0,国分優作,1:02.8,8,390.5,14.0,444(+10),[西] 松下武士,202510020503
1,1,1,ネビーイーム,牡7,60.0,小牧加矢,3:47.8,,2.1,1.0,528(-8),[西] 佐々木晶,202510020504
2,2,2,オールザワールド,牡8,60.0,森一馬,3:48.7,5,2.2,2.0,476(-8),[西] 中竹和也,202510020504
3,5,5,アサクサゲンキ,セ10,61.0,西谷誠,3:48.9,1.1/4,9.5,3.0,474(0),[西] 四位洋文,202510020504
4,3,3,ナイトスピアー,牡5,59.0,上野翔,3:49.0,1/2,10.3,4.0,496(0),[東] 小野次郎,202510020504
5,4,4,スズカハービン,牡5,59.0,難波剛健,3:49.5,3,15.1,5.0,460(-8),[西] 高橋義忠,202510020504
6,7,7,グルーヴビート,牡7,59.0,黒岩悠,3:50.6,7,17.5,6.0,490(-2),[西] 中村直也,202510020504
7,6,6,マイネルヴァッサー,牡12,60.0,小野寺祐,3:51.1,3,74.0,7.0,424(-12),[東] 土田稔,202510020504
1,8,11,クールフラン,牝2,55.0,松山弘平,1:50.8,,2.2,1.0,478(0),[西] 池添学,202510020505
2,7,9,ヒメヒオウギ,牝2,55.0,幸英明,1:51.0,1.1/4,20.0,6.0,396(0),[西] 中竹和也,202510020505
3,5,5,ソルパッサーレ,牝2,55.0,小沢大仁,1:51.2,1.1/4,3.7,2.0,450(0),[西] 四位洋文,202510020505
4,2,2,サラサチャーミング,牝2,55.0,松若風馬,1:51.3,1/2,29.2,7.0,406(0),[西] 高柳大輔,202510020505
5,1,1,ミッキーマーメイド,牝2,55.0,川田将雅,1:51.4,1/2,4.4,3.0,460(0),[西] 福永祐一,202510020505
6,8,12,ナムラオリガミ,牝2,55.0,小崎綾也,1:52.4,6,203.5,12.0,440(0),[西] 高橋一哉,202510020505
7,6,7,ティアーズクィーン,牝2,55.0,藤懸貴志,1:52.9,2.1/2,76.7,10.0,426(0),[西] 平田修,202510020505
8,6,8,レステダンルヴァン,牝2,54.0,高杉吏麒,1:53.0,1,11.6,5.0,476(0),[西] 藤岡健一,202510020505
9,5,6,ファインブルー,牝2,55.0,和田竜二,1:53.1,クビ,156.4,11.0,422(0),[西] 藤野健太,202510020505
10,4,4,ムルーデ,牝2,55.0,Ｍ．デム,1:53.1,ハナ,52.9,8.0,440(0),[西] 藤野健太,202510020505
11,3,3,ガルディエンヌ,牝2,55.0,坂井瑠星,1:53.6,3,10.5,4.0,460(0),[西] 高橋亮,202510020505
12,7,10,シークレット,牝2,55.0,団野大成,2:01.7,大,69.7,9.0,486(0),[西] 西村真幸,202510020505
1,6,12,ピアストイヤーズ,牡3,57.0,小崎綾也,1:09.1,,11.0,5.0,442(-12),[西] 小崎憲,202510020506
2,4,7,ルクスコロン,牝3,55.0,岩田康誠,1:09.6,3,6.0,3.0,428(-2),[西] 上村洋行,202510020506
3,8,16,ナリタボニー,牝3,52.0,田山旺佑,1:09.7,1/2,23.0,7.0,426(-6),[西] 高橋亮,202510020506
4,1,2,ヴァイスクレー,牝3,54.0,吉村誠之,1:09.8,1/2,4.5,2.0,430(-6),[西] 奥村豊,202510020506
5,7,15,アニュレス,牝3,55.0,酒井学,1:09.8,アタマ,51.0,10.0,436(-6),[西] 佐々木晶,202510020506
6,5,10,パープルパライソ,牡3,57.0,坂井瑠星,1:09.8,クビ,2.3,1.0,448(+4),[西] 吉村圭司,202510020506
7,7,14,コンヴェックス,牝3,55.0,高倉稜,1:09.9,1/2,95.2,12.0,432(-2),[西] 杉山晴紀,202510020506
8,6,11,ツリートップムーン,牡3,57.0,小沢大仁,1:09.9,アタマ,35.2,8.0,480(-4),[西] 坂口智康,202510020506
9,4,8,ニホンピロマーベル,牡3,57.0,田口貫太,1:10.0,クビ,20.9,6.0,484(-5),[西] 中尾秀正,202510020506
10,7,13,マテンロウアトラス,牡3,57.0,太宰啓介,1:10.1,1,8.4,4.0,486(-8),[西] 昆貢,202510020506
11,2,4,エミネンス,牡3,57.0,和田竜二,1:10.6,2.1/2,103.6,13.0,492(-10),[西] 清水久詞,202510020506
12,5,9,シルバーレイク,牝3,55.0,中井裕二,1:10.6,ハナ,37.3,9.0,454(-2),[西] 中内田充,202510020506
13,3,5,メイショウロンド,牝3,54.0,高杉吏麒,1:10.8,1.1/4,63.4,11.0,414(-8),[西] 千田輝彦,202510020506
14,2,3,イチジョウサクラ,牝3,55.0,菱田裕二,1:11.1,2,219.6,16.0,426(0),[西] 牧田和弥,202510020506
15,8,17,アーチボールド,牡3,57.0,加藤祥太,1:11.5,2,372.7,18.0,424(0),[西] 庄野靖志,202510020506
16,1,1,シセイレジーナ,牝3,55.0,亀田温心,1:11.8,1.3/4,217.4,15.0,414(+6),[西] 北出成人,202510020506
17,3,6,メイショウスエヒロ,牡3,57.0,藤懸貴志,1:11.9,1/2,318.5,17.0,446(-2),[西] 千田輝彦,202510020506
18,8,18,サウンドペガサス,セ3,57.0,団野大成,1:18.6,大,137.1,14.0,476(0),[西] 斉藤崇史,202510020506
1,6,11,ノーランサンライズ,牝3,55.0,小崎綾也,2:01.8,,23.2,8.0,484(+4),[西] 佐藤悠太,202510020507
2,2,3,リビングストン,牡3,57.0,坂井瑠星,2:02.2,2.1/2,1.5,1.0,524(-4),[西] 吉岡辰弥,202510020507
3,7,15,フィオレストラーダ,牝3,55.0,団野大成,2:02.6,2.1/2,58.0,12.0,456(0),[西] 杉山晴紀,202510020507
4,7,14,オーバースタンド,牡3,57.0,松若風馬,2:02.6,クビ,22.8,7.0,438(+4),[西] 小崎憲,202510020507
5,8,17,キングベル,牡3,57.0,菱田裕二,2:02.7,クビ,7.1,2.0,530(-2),[西] 鈴木孝志,202510020507
6,5,10,ケイコウギュウゴ,牡3,57.0,幸英明,2:02.8,1/2,15.5,4.0,434(0),[西] 加藤公太,202510020507
7,1,1,オゴオゴ,牡3,55.0,永島まな,2:03.1,1.3/4,125.7,15.0,460(+4),[西] 中尾秀正,202510020507
8,3,5,ヒルノカーディフ,牝3,55.0,太宰啓介,2:03.5,2.1/2,98.6,14.0,424(-6),[西] 昆貢,202510020507
9,8,16,ダイヤノエース,牡3,57.0,国分優作,2:03.5,ハナ,20.7,5.0,530(-2),[西] 清水久詞,202510020507
10,4,7,コスモナッシュビル,牡3,57.0,和田竜二,2:03.6,クビ,48.4,10.0,508(+4),[西] 吉田直弘,202510020507
11,4,8,ヒルノガリシア,牡3,57.0,高倉稜,2:03.6,クビ,170.7,17.0,450(+8),[西] 北出成人,202510020507
12,8,18,ヴェルドロ,セ3,57.0,小沢大仁,2:03.7,クビ,20.8,6.0,460(-16),[西] 高野友和,202510020507
13,6,12,ノアチュロス,牝3,55.0,加藤祥太,2:03.9,1.1/4,55.2,11.0,490(+4),[西] 梅田智之,202510020507
14,5,9,アルファベガ,牝3,55.0,酒井学,2:04.5,4,342.6,18.0,428(0),[西] 須貝尚介,202510020507
15,3,6,ロックエンジェル,セ3,56.0,吉村誠之,2:05.5,6,46.4,9.0,444(-10),[西] 友道康夫,202510020507
16,7,13,セルマン,牡3,57.0,亀田温心,2:06.0,3,90.1,13.0,562(0),[西] 田中克典,202510020507
17,1,2,ワキノアリエス,牝3,51.0,河原田菜,2:06.0,クビ,147.8,16.0,446(+8),[西] 宮本博,202510020507
18,2,4,アズーロエマローネ,牡3,56.0,高杉吏麒,2:06.4,2,11.0,3.0,478(0),[西] 池江泰寿,202510020507
1,4,7,バッケンレコード,牡3,55.0,太宰啓介,1:46.3,,64.0,12.0,478(+2),[西] 秋山真一,202510020508
2,2,4,ギュルヴィ,牡3,55.0,Ｍ．デム,1:46.7,2,7.5,5.0,512(+4),[西] 大久保龍,202510020508
3,3,5,ヨリノレジェンド,牡3,55.0,川田将雅,1:46.9,1.1/4,8.7,6.0,456(+2),[西] 奥村豊,202510020508
4,2,3,ストップヤーニング,牡3,54.0,高杉吏麒,1:47.2,2,5.4,3.0,436(+2),[西] 羽月友彦,202510020508
5,6,12,レヴァンテシチー,牡3,52.0,田山旺佑,1:47.4,1.1/4,28.6,9.0,488(+6),[西] 佐々木晶,202510020508
6,8,15,ゴッドヴァレー,牡3,55.0,田口貫太,1:47.5,1/2,46.2,11.0,462(+2),[西] 渡辺薫彦,202510020508
7,1,1,マテンロウノカゼ,牡4,58.0,幸英明,1:47.5,アタマ,115.2,14.0,486(+4),[西] 昆貢,202510020508
8,7,14,ステイクオール,牡3,55.0,松山弘平,1:47.6,3/4,4.5,1.0,492(+4),[西] 上村洋行,202510020508
9,7,13,ゴールドダイアー,牡3,55.0,藤懸貴志,1:47.7,1/2,30.5,10.0,476(-2),[西] 平田修,202510020508
10,5,10,サディーク,牝3,53.0,坂井瑠星,1:47.8,クビ,14.0,7.0,440(+8),[西] 河嶋宏樹,202510020508
11,1,2,メイショウコナン,牡4,58.0,団野大成,1:47.8,ハナ,19.0,8.0,502(0),[西] 荒川義之,202510020508
12,5,9,ユキノクラウン,牡3,55.0,菱田裕二,1:47.8,ハナ,5.0,2.0,510(-8),[西] 長谷川浩,202510020508
13,4,8,ケイアイアルタイル,牡4,58.0,城戸義政,1:49.0,7,134.0,15.0,532(+12),[西] 梅田智之,202510020508
14,8,16,ヴィヴィッシモ,牡5,58.0,泉谷楓真,1:49.1,1/2,106.4,13.0,466(-6),[西] 松永幹夫,202510020508
15,6,11,ビバジョー,牝3,51.0,永島まな,1:49.1,クビ,154.6,16.0,506(0),[西] 西園正都,202510020508
16,3,6,シュネーグロッケン,牡3,54.0,吉村誠之,1:49.8,4,7.1,4.0,490(+10),[西] 清水久詞,202510020508
1,1,1,ジョイボーイ,牡3,55.0,坂井瑠星,2:43.5,,1.9,1.0,474(0),[西] 四位洋文,202510020509
2,8,10,ラブカ,牡4,58.0,小沢大仁,2:43.7,1.1/4,12.6,4.0,462(+6),[西] 今野貞一,202510020509
3,4,4,シャインバオバブ,牡3,55.0,太宰啓介,2:44.1,2,5.0,3.0,502(+10),[西] 本田優,202510020509
4,6,7,トラストエムシー,牡5,58.0,高杉吏麒,2:44.2,1/2,19.4,7.0,438(+2),[西] 北出成人,202510020509
5,7,9,テイクザクラウン,牡4,58.0,川田将雅,2:44.2,クビ,4.8,2.0,436(-12),[西] 吉村圭司,202510020509
6,6,6,ティータイム,牝5,56.0,酒井学,2:44.3,1/2,28.2,8.0,446(-4),[西] 長谷川浩,202510020509
7,7,8,ランツフート,牡3,55.0,Ｍ．デム,2:44.4,3/4,13.6,5.0,454(-8),[西] 大久保龍,202510020509
8,2,2,ニホンピロゴルディ,牡4,58.0,田口貫太,2:44.5,クビ,90.8,10.0,456(+2),[西] 安達昭夫,202510020509
9,8,11,サンライズロジャー,牡3,55.0,幸英明,2:45.0,3,17.8,6.0,528(+12),[西] 加藤公太,202510020509
10,5,5,サトノクロシェット,牝4,56.0,和田竜二,2:47.2,大,132.6,11.0,462(-4),[西] 平田修,202510020509
11,3,3,エイシンキャプテン,牡3,55.0,団野大成,2:47.4,1,73.5,9.0,502(-16),[西] 野中賢二,202510020509
1,6,9,ルフトクス,牝4,56.0,松山弘平,1:47.4,,2.1,1.0,462(-6),[西] 杉山佳明,202510020510
2,4,4,ワイノナオミ,牝4,56.0,永島まな,1:47.6,1.1/4,23.9,9.0,460(-6),[西] 畑端省吾,202510020510
3,5,7,タマモナポリ,牝4,56.0,岩田康誠,1:47.6,クビ,10.0,3.0,456(-8),[西] 河嶋宏樹,202510020510
4,5,6,プウスカンドゥール,牝5,56.0,国分優作,1:47.9,2,32.6,10.0,462(+10),[西] 坂口智康,202510020510
5,3,3,スマートプレシャス,牝4,56.0,吉村誠之,1:48.0,クビ,11.8,4.0,508(+4),[西] 中村直也,202510020510
6,2,2,ルミッキ,牝4,56.0,菱田裕二,1:48.2,1.1/4,42.3,12.0,456(-2),[西] 橋口慎介,202510020510
7,1,1,ブループリマドンナ,牝4,56.0,酒井学,1:48.4,1.1/4,18.2,6.0,462(-8),[西] 小林真也,202510020510
8,8,12,モイラ,牝4,56.0,田口貫太,1:48.6,1,71.3,13.0,460(-4),[西] 鈴木孝志,202510020510
9,8,13,フローラルセント,牝4,56.0,和田竜二,1:48.7,1/2,42.2,11.0,478(+2),[西] 松下武士,202510020510
10,7,10,オーケーカルメン,牝4,56.0,団野大成,1:49.0,1.3/4,14.3,5.0,428(+12),[西] 奥村豊,202510020510
11,7,11,クリノクリスタル,牝5,56.0,幸英明,1:49.0,クビ,19.0,7.0,472(-4),[西] 大橋勇樹,202510020510
12,6,8,メイショウコボケ,牝5,56.0,小沢大仁,1:49.7,4,21.0,8.0,506(+4),[西] 本田優,202510020510
13,4,5,ザブライド,牝4,56.0,坂井瑠星,1:51.3,10,4.1,2.0,478(+8),[西] 西村真幸,202510020510
1,3,3,スマートアイ,牝5,56.0,幸英明,0:59.0,,12.1,6.0,504(-12),[西] 寺島良,202510020511
2,6,6,ユスティニアン,牡7,58.0,西塚洸二,0:59.2,3/4,51.0,10.0,444(+2),[西] 小椋研介,202510020511
3,1,1,ハンベルジャイト,牝5,56.0,小沢大仁,0:59.2,ハナ,21.4,8.0,482(-8),[西] 大久保龍,202510020511
4,5,5,ムーム,牝4,56.0,川又賢治,0:59.2,ハナ,2.7,1.0,464(-2),[西] 杉山佳明,202510020511
5,8,10,オースミメッシーナ,牝6,56.0,田口貫太,0:59.3,3/4,36.4,9.0,466(-4),[西] 宮本博,202510020511
6,2,2,ネグレスコ,牝4,56.0,秋山稔樹,0:59.5,3/4,8.1,5.0,488(+4),[西] 西園正都,202510020511
7,7,8,ナスノカンゲツ,牡5,58.0,高杉吏麒,0:59.6,3/4,16.1,7.0,522(-2),[東] 武井亮,202510020511
8,8,9,アメリカンマーチ,牡4,58.0,吉村誠之,0:59.6,ハナ,4.2,2.0,488(-4),[西] 池江泰寿,202510020511
9,7,7,フーコサンライズ,牝4,56.0,松山弘平,1:00.1,3,6.8,3.0,506(-10),[西] 加藤公太,202510020511
10,4,4,スコーピオン,牡4,58.0,菱田裕二,1:00.7,3.1/2,6.9,4.0,476(-4),[東] 武藤善則,202510020511
1,1,2,シュブロンレーヴル,牝4,56.0,秋山稔樹,1:08.5,,22.5,7.0,410(-6),[西] 杉山佳明,202510020512
2,5,9,ジェニファー,牝4,53.0,田山旺佑,1:08.5,クビ,45.9,11.0,458(0),[西] 浜田多実,202510020512
3,3,6,スノーサイレンス,牝3,53.0,川田将雅,1:08.6,1/2,3.0,1.0,460(-2),[西] 小栗実,202510020512
4,6,12,フォティック,牡5,58.0,酒井学,1:08.7,1/2,58.0,12.0,472(+2),[西] 飯田祐史,202510020512
5,5,10,スネーフリンガ,牝3,53.0,団野大成,1:08.8,1/2,10.6,5.0,450(-14),[西] 森田直行,202510020512
6,7,13,ビーグラッド,牝4,56.0,菱田裕二,1:08.8,アタマ,15.2,6.0,432(-6),[西] 岡田稲男,202510020512
7,4,7,ディーエストッキー,牡4,58.0,幸英明,1:08.9,クビ,4.7,2.0,462(+2),[西] 橋口慎介,202510020512
8,2,4,サウンドレイラ,牝5,55.0,高杉吏麒,1:08.9,クビ,26.8,9.0,480(+6),[西] 渡辺薫彦,202510020512
9,8,15,レディメローラ,牝5,56.0,和田竜二,1:09.2,1.3/4,24.3,8.0,418(+4),[西] 北出成人,202510020512
10,4,8,ベネメレンティ,牝4,56.0,田口貫太,1:09.4,1.1/2,75.9,13.0,436(-6),[西] 前川恭子,202510020512
11,8,17,ダノンモンテローザ,セ4,57.0,吉村誠之,1:09.6,1,4.9,3.0,500(0),[西] 茶木太樹,202510020512
12,8,16,ウインラグラス,牝4,53.0,川端海翼,1:09.6,クビ,163.1,15.0,428(0),[西] 吉田直弘,202510020512
13,1,1,イロハニホ,牝4,56.0,国分優作,1:09.6,アタマ,257.4,17.0,422(+2),[西] 坂口智康,202510020512
14,6,11,セルヴァンス,セ3,55.0,長岡禎仁,1:09.7,クビ,27.4,10.0,416(-16),[西] 小椋研介,202510020512
15,3,5,トモジャアルマンド,牡8,58.0,小沢大仁,1:09.7,アタマ,131.1,14.0,500(+2),[西] 大根田裕,202510020512
16,7,14,タマモブラウンタイ,牡3,55.0,角田大和,1:09.8,1/2,9.3,4.0,470(0),[西] 角田晃一,202510020512
17,2,3,イエデゴロゴロ,牝4,54.0,永島まな,1:10.5,4,163.7,16.0,442(-2),[西] 秋山真一,202510020512
1,1,1,ポリトナリティー,牝4,58.0,難波剛健,3:14.6,,17.0,5.0,420(-2),[東] 和田雄二,202510020601
2,6,7,ラズルダズル,牡8,60.0,小牧加矢,3:14.7,1,11.6,3.0,470(+6),[西] 茶木太樹,202510020601
3,8,11,ゲインサポート,セ4,60.0,森一馬,3:15.1,2,6.3,2.0,444(0),[西] 斉藤崇史,202510020601
4,5,6,ミラキュラスドラマ,牡4,60.0,小野寺祐,3:15.5,2.1/2,18.2,6.0,456(-6),[西] 宮地貴稔,202510020601
5,7,10,カシノインディード,牡5,57.0,水沼元輝,3:16.8,8,95.0,12.0,480(+10),[東] 天間昭一,202510020601
6,4,4,フォルガイル,牡4,60.0,五十嵐雄,3:17.0,1,13.1,4.0,438(+6),[東] 加藤和宏,202510020601
7,5,5,リードアクトレス,牝4,58.0,草野太郎,3:17.2,1.1/4,35.6,9.0,482(-6),[西] 安達昭夫,202510020601
8,7,9,シルバースペード,牡5,60.0,上野翔,3:17.4,1.1/2,21.8,7.0,480(-4),[東] 小野次郎,202510020601
9,2,2,グローリーアテイン,セ4,60.0,金子光希,3:18.3,5,41.0,10.0,484(-8),[東] 金成貴史,202510020601
10,6,8,ゴイゴイスー,牡7,60.0,田村太雅,3:21.2,大,43.2,11.0,514(+2),[西] 中尾秀正,202510020601
11,8,12,ダノンジャッカル,牡6,60.0,西谷誠,3:24.2,大,1.5,1.0,466(-4),[西] 中内田充,202510020601
12,3,3,ケイアイシェルビー,牡7,60.0,黒岩悠,3:24.7,3,32.1,8.0,472(-10),[西] 平田修,202510020601
1,1,1,ノボリリア,牝3,54.0,高杉吏麒,1:08.8,,52.1,12.0,446(-2),[西] 石橋守,202510020602
2,3,6,モズレイラココナ,牝3,54.0,吉村誠之,1:08.9,クビ,3.1,1.0,454(+2),[西] 杉山佳明,202510020602
3,6,12,スマートロベール,牝3,54.0,西塚洸二,1:09.2,1.3/4,14.6,8.0,430(0),[西] 笹田和秀,202510020602
4,4,8,ヤマニンレセディ,牝3,55.0,角田大和,1:09.5,1.3/4,14.5,7.0,456(+2),[西] 長谷川浩,202510020602
5,6,11,トウカイリュタン,牝3,55.0,秋山稔樹,1:09.5,クビ,6.8,3.0,392(-4),[西] 北出成人,202510020602
6,7,15,モズアカトンボ,牝3,55.0,松若風馬,1:09.5,クビ,27.1,11.0,456(-2),[西] 牧田和弥,202510020602
7,7,14,サウンドルーチェ,牝3,55.0,和田竜二,1:09.5,ハナ,6.4,2.0,448(+6),[西] 渡辺薫彦,202510020602
8,8,17,エイシンマイア,牝3,55.0,田口貫太,1:09.6,クビ,21.4,10.0,452(+2),[西] 吉村圭司,202510020602
9,5,9,マイアイドル,牝3,55.0,菱田裕二,1:09.8,1.1/4,11.7,6.0,468(+14),[西] 武幸四郎,202510020602
10,2,3,ワンチャン,牝3,55.0,小崎綾也,1:09.8,ハナ,132.2,16.0,398(+12),[西] 千田輝彦,202510020602
11,4,7,カシノメンコチャン,牝3,55.0,加藤祥太,1:09.9,1/2,80.1,14.0,418(-4),[西] 牧田和弥,202510020602
12,3,5,ドゥラルーナ,牝3,55.0,松山弘平,1:09.9,クビ,9.8,4.0,450(-4),[西] 清水久詞,202510020602
13,8,18,シルクディヴェール,牝3,55.0,小沢大仁,1:10.0,クビ,9.9,5.0,440(+14),[西] 杉山晴紀,202510020602
14,8,16,スリアント,牝3,55.0,泉谷楓真,1:10.3,1.3/4,122.1,15.0,454(0),[西] 杉山晴紀,202510020602
15,5,10,ラベンサラ,牝3,55.0,幸英明,1:10.5,1.1/4,212.8,17.0,400(+4),[西] 大根田裕,202510020602
16,7,13,スリーローズ,牝3,53.0,永島まな,1:10.6,1/2,69.1,13.0,480(-6),[西] 谷潔,202510020602
17,2,4,タンバリュー,牝3,51.0,河原田菜,1:10.7,1,269.4,18.0,390(+6),[西] 緒方努,202510020602
18,1,2,シャドウフェイス,牝3,52.0,田山旺佑,1:12.5,大,18.7,9.0,368(-10),[西] 辻野泰之,202510020602
1,2,3,ハッコウイチウ,牡3,56.0,吉村誠之,1:47.8,,7.0,4.0,490(-4),[西] 杉山晴紀,202510020603
2,3,5,マーウォルス,牡3,57.0,松山弘平,1:48.3,2.1/2,2.9,1.0,466(-6),[西] 茶木太樹,202510020603
3,6,11,ペプチドモガミ,セ3,57.0,小崎綾也,1:48.3,ハナ,7.5,5.0,454(+2),[西] 武英智,202510020603
4,5,10,サントモナルカ,牡3,57.0,和田竜二,1:48.5,1.1/2,19.5,6.0,456(-4),[西] 平田修,202510020603
5,8,15,ロカヒ,牡3,57.0,酒井学,1:48.8,1.1/2,5.3,3.0,478(-8),[西] 飯田祐史,202510020603
6,7,13,サラサハウナイス,牡3,57.0,国分優作,1:49.0,1.1/2,100.0,11.0,492(+2),[西] 岡田稲男,202510020603
7,8,16,ローズゴジャール,牝3,55.0,城戸義政,1:49.1,1/2,242.9,15.0,392(-2),[西] 荒川義之,202510020603
8,3,6,カンプウ,牡3,57.0,泉谷楓真,1:49.2,クビ,47.8,8.0,518(+16),[西] 奥村豊,202510020603
9,2,4,ロードプライズ,牡3,57.0,長岡禎仁,1:49.6,2.1/2,24.0,7.0,534(+2),[西] 清水久詞,202510020603
10,5,9,ジューンランド,牝3,55.0,高倉稜,1:49.6,クビ,182.9,13.0,464(+26),[西] 小椋研介,202510020603
11,1,1,モズフラッシュ,牝3,55.0,幸英明,1:49.6,アタマ,3.6,2.0,510(-6),[西] 畑端省吾,202510020603
12,6,12,ジーヴル,牡3,57.0,小沢大仁,1:50.8,7,235.8,14.0,476(-2),[西] 牧田和弥,202510020603
13,7,14,テルバスタ,牝3,51.0,河原田菜,1:50.9,クビ,99.7,10.0,550(-2),[西] 今野貞一,202510020603
14,1,2,ネオクイーン,牝3,54.0,西塚洸二,1:52.2,8,58.2,9.0,474(+4),[西] 藤原英昭,202510020603
15,4,7,イッカクセンキン,牡3,54.0,田山旺佑,1:52.9,4,128.5,12.0,530(0),[西] 鈴木孝志,202510020603
中,4,8,メイショウスゴウデ,牡3,57.0,井上敏樹,,,315.1,16.0,464(+14),[西] 渡辺薫彦,202510020603
1,5,10,マテンロウギフト,牡3,57.0,松山弘平,1:49.4,,3.0,1.0,460(+8),[西] 茶木太樹,202510020604
2,2,3,タイセイフィオーレ,牡3,56.0,吉村誠之,1:49.5,1/2,4.4,3.0,454(-8),[西] 高野友和,202510020604
3,6,12,ワイドリューレント,牝3,54.0,高杉吏麒,1:49.5,ハナ,9.7,5.0,440(-10),[西] 奥村豊,202510020604
4,3,5,パイオニアスクエア,牡3,57.0,和田竜二,1:49.7,1.1/4,8.6,4.0,490(-16),[西] 友道康夫,202510020604
5,3,6,アスクコモンタレヴ,牡3,57.0,岩田康誠,1:49.8,3/4,45.5,10.0,454(+4),[西] 梅田智之,202510020604
6,8,15,シーク,セ3,57.0,角田大和,1:49.8,ハナ,34.7,8.0,512(+2),[西] 角田晃一,202510020604
7,8,16,アゼム,牡3,57.0,国分優作,1:50.0,1,117.9,13.0,446(+4),[西] 坂口智康,202510020604
8,1,2,トウカイフルーレ,牡3,57.0,小崎綾也,1:50.1,1/2,31.4,7.0,438(+2),[西] 野中賢二,202510020604
9,5,9,セイフウサツキ,牡3,57.0,幸英明,1:50.1,クビ,40.4,9.0,458(+4),[西] 松永幹夫,202510020604
10,1,1,ジーティームッシュ,牡3,57.0,坂井瑠星,1:50.1,アタマ,3.4,2.0,436(+4),[西] 矢作芳人,202510020604
11,2,4,シオーグ,牝3,53.0,永島まな,1:51.0,5,105.5,12.0,496(-2),[西] 中竹和也,202510020604
12,7,14,ロワゾブルーチヌ,牡3,57.0,高倉稜,1:51.1,1/2,502.9,16.0,496(+8),[西] 中尾秀正,202510020604
13,6,11,ヒルノブリスベン,牡3,57.0,国分恭介,1:51.2,1/2,348.9,15.0,418(-8),[西] 西村真幸,202510020604
14,4,7,ゼットヒーロ,牝3,54.0,西塚洸二,1:51.8,3.1/2,78.5,11.0,452(-10),[西] 吉田直弘,202510020604
15,7,13,アオイアイ,牝3,55.0,北村友一,1:51.9,1/2,25.8,6.0,454(+6),[西] 西園翔太,202510020604
16,4,8,マーシフルルーラー,牡3,57.0,田口貫太,1:58.7,大,189.0,14.0,534(0),[西] 池江泰寿,202510020604
1,4,4,ウイナーズナイン,牡2,55.0,川田将雅,2:05.1,,4.6,2.0,496(0),[西] 小栗実,202510020605
2,1,1,エチゴドラゴン,牡2,55.0,松若風馬,2:05.2,クビ,8.5,4.0,466(0),[西] 宮本博,202510020605
3,3,3,チェルヴァーラ,牡2,55.0,北村友一,2:05.4,1.1/2,1.5,1.0,502(0),[西] 松下武士,202510020605
4,8,8,メイショウナルカミ,牡2,55.0,幸英明,2:06.3,5,8.5,3.0,488(0),[西] 安達昭夫,202510020605
5,2,2,ジーティースティア,牡2,55.0,松山弘平,2:07.7,8,28.6,6.0,498(0),[西] 藤野健太,202510020605
6,6,6,ナウオアネヴァー,牡2,55.0,坂井瑠星,2:08.7,6,12.9,5.0,498(0),[西] 寺島良,202510020605
7,5,5,ファイブタンゴ,牡2,54.0,吉村誠之,2:09.3,3.1/2,31.9,7.0,500(0),[西] 秋山真一,202510020605
8,7,7,タガノニューデリー,牡2,55.0,団野大成,2:12.4,大,73.1,8.0,460(0),[西] 斉藤崇史,202510020605
1,5,5,ジュジュドール,牝2,55.0,松山弘平,1:11.2,,3.4,1.0,444(0),[西] 西園翔太,202510020606
2,2,2,リトゥリア,牝2,54.0,高杉吏麒,1:11.6,2.1/2,4.9,4.0,456(0),[西] 河嶋宏樹,202510020606
3,3,3,トレッチェ,牝2,55.0,北村友一,1:11.7,クビ,4.1,3.0,426(0),[西] 渡辺薫彦,202510020606
4,6,6,リーガルスプレンダ,牝2,55.0,坂井瑠星,1:11.8,1/2,3.6,2.0,456(0),[西] 庄野靖志,202510020606
5,1,1,アダマント,牡2,55.0,川須栄彦,1:11.8,ハナ,9.5,5.0,440(0),[西] 高橋一哉,202510020606
6,4,4,キャスケード,牝2,55.0,小沢大仁,1:12.2,2.1/2,28.8,7.0,448(0),[西] 高橋亮,202510020606
7,7,7,スウィープシャルム,牝2,54.0,吉村誠之,1:12.5,1.3/4,11.1,6.0,456(0),[西] 前川恭子,202510020606
8,8,8,ケンヴォイジャー,牡2,51.0,河原田菜,1:13.3,5,78.4,8.0,452(0),[西] 本田優,202510020606
1,1,2,マキシマムビスタ,牝3,53.0,団野大成,1:47.0,,6.7,3.0,500(+6),[西] 斉藤崇史,202510020607
2,3,6,バレンシア,牝3,53.0,北村友一,1:47.7,4,16.1,6.0,462(+28),[西] 笹田和秀,202510020607
3,4,7,ステラスプレンダー,牝4,56.0,松山弘平,1:47.8,3/4,6.7,4.0,448(+8),[西] 石坂公一,202510020607
4,4,8,アンジュグルーヴ,牝4,53.0,田山旺佑,1:47.9,3/4,16.7,7.0,488(-4),[西] 安田翔伍,202510020607
5,2,3,スニーカースキル,牝3,52.0,吉村誠之,1:48.0,アタマ,5.2,2.0,490(0),[西] 杉山晴紀,202510020607
6,8,16,レイフロレット,牝4,56.0,藤懸貴志,1:48.0,アタマ,21.9,8.0,406(-6),[西] 井上智史,202510020607
7,5,10,ヒミノエトワール,牝3,53.0,幸英明,1:48.0,アタマ,13.0,5.0,452(-10),[西] 宮地貴稔,202510020607
8,1,1,ハギノコラソン,牝3,53.0,坂井瑠星,1:48.4,2.1/2,2.7,1.0,462(-8),[西] 寺島良,202510020607
9,6,11,クインズセレネ,牝4,55.0,西塚洸二,1:48.5,1/2,36.4,11.0,468(-4),[西] 野中賢二,202510020607
10,7,14,ブライテン,牝5,56.0,国分優作,1:48.8,1.3/4,255.1,16.0,422(-6),[西] 高橋亮,202510020607
11,2,4,ベルメサイア,牝4,55.0,高杉吏麒,1:48.9,クビ,21.9,9.0,508(+6),[西] 西村真幸,202510020607
12,6,12,レジポッセ,牝3,53.0,菱田裕二,1:49.2,1.3/4,28.9,10.0,426(+4),[西] 角田晃一,202510020607
13,5,9,コトリノサエズリ,牝3,53.0,田口貫太,1:49.6,2.1/2,176.8,15.0,470(0),[西] 小崎憲,202510020607
14,3,5,ラブアンドラッキー,牝4,52.0,河原田菜,1:50.1,3,143.8,14.0,448(-18),[西] 本田優,202510020607
15,8,15,フィングステン,牝3,51.0,永島まな,1:50.1,クビ,69.5,13.0,466(0),[西] 西園正都,202510020607
16,7,13,ヨシノサプライズ,牝3,53.0,角田大和,1:51.8,10,46.1,12.0,454(-1),[西] 中竹和也,202510020607
1,2,3,インヴォーグ,牝3,53.0,川田将雅,1:48.6,,2.9,1.0,486(-8),[西] 福永祐一,202510020608
2,1,2,フェイトライン,牡3,54.0,吉村誠之,1:48.7,3/4,6.4,3.0,516(-4),[西] 斉藤崇史,202510020608
3,5,10,シンドリームシン,牡4,58.0,団野大成,1:49.2,3,15.0,7.0,494(-6),[西] 武幸四郎,202510020608
4,5,9,オーサムユニバンス,牡4,58.0,和田竜二,1:49.2,クビ,58.5,12.0,430(-10),[西] 平田修,202510020608
5,2,4,ルクスマーベリック,セ4,58.0,岩田康誠,1:49.3,3/4,22.1,8.0,442(-2),[西] 松永幹夫,202510020608
6,6,12,ルージュクレセント,牝5,55.0,西塚洸二,1:49.5,3/4,64.8,13.0,466(+10),[西] 宮地貴稔,202510020608
7,8,15,メイケイロゼッタ,牡3,55.0,酒井学,1:49.5,ハナ,36.7,11.0,464(+2),[西] 河嶋宏樹,202510020608
8,6,11,ヴォラヴィア,牡3,55.0,秋山稔樹,1:49.8,2,26.5,10.0,454(+6),[西] 杉山佳明,202510020608
9,7,13,コンバットペスカ,牝4,56.0,田口貫太,1:50.0,1,12.0,6.0,454(+12),[西] 角田晃一,202510020608
10,3,5,エレガンシア,牝3,53.0,松山弘平,1:50.2,1.1/4,7.4,4.0,438(+2),[西] 高柳大輔,202510020608
11,1,1,オレノアイバ,牡5,56.0,永島まな,1:50.4,1.1/4,105.2,15.0,456(-12),[西] 高橋康之,202510020608
12,7,14,サンライズアレス,牡3,54.0,高杉吏麒,1:50.7,1.1/2,125.6,16.0,530(-8),[西] 前川恭子,202510020608
13,4,8,アンジョルラス,セ4,58.0,国分優作,1:50.7,ハナ,6.3,2.0,498(+4),[西] 藤野健太,202510020608
14,4,7,ベルノレイズ,牡4,58.0,幸英明,1:51.5,5,71.4,14.0,500(-8),[西] 小林真也,202510020608
15,3,6,ダンツアトム,牡3,51.0,河原田菜,1:51.7,1.1/4,10.1,5.0,508(+12),[西] 本田優,202510020608
16,8,16,フェアリーブルー,牝3,53.0,松若風馬,1:52.4,4,23.2,9.0,484(-10),[西] 西園翔太,202510020608
1,8,14,アマルナ,牝5,56.0,松山弘平,0:58.8,,18.7,6.0,460(-6),[西] 東田明士,202510020609
2,5,8,ファムエレガンテ,牝3,53.0,団野大成,0:58.9,3/4,3.0,1.0,472(-4),[西] 中村直也,202510020609
3,2,2,エコロネオ,牡4,58.0,松若風馬,0:59.0,3/4,21.8,7.0,480(-4),[西] 森秀行,202510020609
4,5,7,ゼンノツキヨミ,牝4,56.0,秋山稔樹,0:59.1,クビ,121.3,13.0,446(0),[西] 秋山真一,202510020609
5,4,5,パルプフィクション,牝4,56.0,北村友一,0:59.3,1.1/2,10.9,5.0,438(+2),[西] 飯田祐史,202510020609
6,1,1,フォルティーナ,牝5,56.0,太宰啓介,0:59.3,ハナ,56.0,11.0,440(-12),[西] 石橋守,202510020609
7,3,4,ゲッティヴィラ,牡3,55.0,吉村誠之,0:59.4,クビ,6.4,4.0,444(-6),[西] 小栗実,202510020609
8,4,6,ディーエスショウマ,牡3,55.0,幸英明,0:59.6,1.1/4,4.8,3.0,462(0),[西] 橋口慎介,202510020609
9,8,13,マリブパイン,牝6,56.0,国分優作,0:59.6,クビ,30.1,9.0,504(+14),[西] 大根田裕,202510020609
10,3,3,ペプチドシュチク,牡4,58.0,高倉稜,0:59.7,クビ,210.9,14.0,482(-4),[西] 武英智,202510020609
11,7,12,ルソレイユ,牡5,58.0,和田竜二,1:00.0,2,50.9,10.0,512(-2),[西] 北出成人,202510020609
12,6,10,セントールビースト,牡3,55.0,田山旺佑,1:00.8,5,22.5,8.0,422(0),[西] 羽月友彦,202510020609
13,6,9,テンクウフラワー,牝6,56.0,河原田菜,1:00.8,クビ,62.1,12.0,438(-6),[西] 渡辺薫彦,202510020609
14,7,11,アスタールフナ,牝3,53.0,高杉吏麒,1:02.3,9,4.3,2.0,448(+8),[西] 中竹和也,202510020609
1,3,3,アロマデローサ,牝5,53.0,亀田温心,2:01.3,,12.3,8.0,460(+2),[西] 池添学,202510020610
2,5,5,ナイトスラッガー,牡4,57.0,川田将雅,2:01.3,クビ,6.7,4.0,522(0),[西] 小栗実,202510020610
3,1,1,ラビットアイ,牝4,54.0,松山弘平,2:01.3,ハナ,4.0,1.0,494(-2),[西] 鈴木孝志,202510020610
4,6,6,ファミリーツリー,牝4,54.0,北村友一,2:01.4,クビ,5.3,3.0,458(+2),[西] 河嶋宏樹,202510020610
5,8,8,タケトンボ,牝6,55.0,秋山稔樹,2:01.9,3,8.4,5.0,454(-12),[西] 宮徹,202510020610
6,4,4,カリーニョ,牡4,56.0,小沢大仁,2:02.0,クビ,4.6,2.0,464(+2),[西] 杉山晴紀,202510020610
7,8,9,エルディアブロ,牡7,56.0,坂井瑠星,2:02.2,1.1/4,15.9,9.0,454(+4),[西] 佐々木晶,202510020610
8,7,7,ハッピーアズラリー,牝5,53.0,高杉吏麒,2:02.4,1,9.5,6.0,470(+2),[西] 安田翔伍,202510020610
9,2,2,リカントロポ,牡3,54.0,田口貫太,2:03.2,5,11.8,7.0,474(0),[西] 梅田智之,202510020610
1,6,12,ローズスター,牡5,57.0,団野大成,1:45.2,,9.1,5.0,458(+4),[西] 上村洋行,202510020611
2,4,7,ジャスパーロブスト,セ4,57.0,松山弘平,1:45.3,クビ,3.0,1.0,500(-2),[西] 森秀行,202510020611
3,6,11,アイファーテイオー,牡5,57.0,藤懸貴志,1:45.4,3/4,23.2,10.0,470(-2),[西] 井上智史,202510020611
4,5,9,モズミギカタアガリ,牝4,55.0,高杉吏麒,1:45.6,1.1/4,6.7,3.0,468(0),[西] 藤岡健一,202510020611
5,3,6,ロコポルティ,牡7,58.0,酒井学,1:45.9,2,26.7,11.0,528(-4),[西] 西園正都,202510020611
6,1,2,ホールシバン,セ7,58.0,秋山稔樹,1:46.2,1.1/2,16.5,7.0,530(+4),[西] 高橋義忠,202510020611
7,8,15,マリオロード,牡6,57.0,小沢大仁,1:46.3,1/2,61.5,12.0,488(-12),[西] 安達昭夫,202510020611
8,7,14,ピースオブザライフ,牝5,55.0,田口貫太,1:46.6,2,134.9,14.0,486(-6),[西] 野中賢二,202510020611
9,7,13,サーマルソアリング,牝5,55.0,西塚洸二,1:46.6,クビ,8.6,4.0,490(-2),[西] 藤原英昭,202510020611
10,4,8,ハギノアトラス,セ9,57.0,亀田温心,1:47.1,3,256.0,16.0,474(-8),[西] 宮地貴稔,202510020611
11,8,16,コパノニコルソン,牡6,57.0,菱田裕二,1:47.1,ハナ,168.1,15.0,522(-12),[西] 宮徹,202510020611
12,5,10,ドゥアイズ,牝5,56.0,坂井瑠星,1:47.1,クビ,19.7,9.0,484(+2),[西] 庄野靖志,202510020611
13,2,3,メイクアリープ,牡6,58.0,幸英明,1:47.3,3/4,19.3,8.0,492(-2),[西] 大根田裕,202510020611
14,2,4,パラシュラーマ,牡5,57.0,松若風馬,1:48.7,9,66.4,13.0,498(+14),[西] 浜田多実,202510020611
15,1,1,ドゥラレジリエント,牡5,57.0,吉村誠之,1:50.9,大,12.5,6.0,520(-4),[西] 牧田和弥,202510020611
16,3,5,グーデンドラーク,牡6,57.0,北村友一,1:52.8,大,5.5,2.0,526(-2),[西] 池添学,202510020611
1,2,4,ドナウパール,牝5,56.0,団野大成,1:08.6,,24.4,9.0,468(+4),[西] 斉藤崇史,202510020612
2,3,5,アウクソー,牝5,56.0,秋山稔樹,1:08.6,アタマ,32.7,12.0,434(+6),[西] 平田修,202510020612
3,8,15,エコロハート,牝3,53.0,亀田温心,1:08.6,クビ,18.7,6.0,418(+2),[西] 須貝尚介,202510020612
4,7,14,アートフォーム,牝4,56.0,幸英明,1:08.6,アタマ,27.2,11.0,454(+2),[西] 畑端省吾,202510020612
5,6,11,アーサーズウェイン,牝3,53.0,小沢大仁,1:08.6,ハナ,6.0,3.0,450(+6),[西] 高橋一哉,202510020612
6,2,3,ピースフルナイト,牝5,56.0,岩田康誠,1:08.8,3/4,8.1,4.0,408(0),[西] 高野友和,202510020612
7,4,8,ペガサスノース,牝3,53.0,菱田裕二,1:08.8,クビ,3.7,2.0,482(+2),[西] 高柳大輔,202510020612
8,5,10,ラブカムーン,牝4,52.0,河原田菜,1:09.0,1.1/4,106.3,15.0,472(+2),[西] 千田輝彦,202510020612
9,3,6,メイショウタマユラ,牝3,53.0,田口貫太,1:09.0,ハナ,19.6,7.0,410(-2),[西] 大橋勇樹,202510020612
10,4,7,ベルタソ,牝5,56.0,小崎綾也,1:09.0,ハナ,22.0,8.0,450(-2),[西] 小崎憲,202510020612
11,1,2,ガットネロ,牝5,56.0,松若風馬,1:09.3,1.1/2,15.6,5.0,486(-10),[西] 東田明士,202510020612
12,8,16,インフローレ,牝3,53.0,松山弘平,1:09.4,1,3.5,1.0,434(0),[西] 寺島良,202510020612
13,7,13,チカポコ,牝5,54.0,永島まな,1:09.5,クビ,25.0,10.0,418(-2),[西] 西園正都,202510020612
14,5,9,ラヴェンデル,牝3,52.0,吉村誠之,1:10.2,4,52.3,14.0,418(-8),[西] 吉村圭司,202510020612
15,1,1,レザンクレール,牝4,56.0,北村友一,1:10.8,3.1/2,40.2,13.0,440(+6),[西] 西村真幸,202510020612
除,6,12,モンテディアーナ,牝3,53.0,坂井瑠星,,,---,,462(+2),[西] 四位洋文,202510020612
1,4,4,ディーリライズ,牡2,54.0,高杉吏麒,1:50.9,,3.4,3.0,460(0),[西] 緒方努,202510020701
2,1,1,コロナドブリッジ,牡2,55.0,亀田温心,1:51.0,クビ,2.5,1.0,512(0),[西] 庄野靖志,202510020701
3,3,3,ダイシンデリー,牡2,55.0,松山弘平,1:51.3,2,2.9,2.0,452(-6),[西] 池添学,202510020701
4,2,2,リヒトミューレ,牡2,55.0,幸英明,1:52.6,8,7.5,4.0,494(+4),[西] 中村直也,202510020701
5,8,10,ムルーデ,牝2,54.0,吉村誠之,1:53.4,5,33.9,5.0,438(-2),[西] 藤野健太,202510020701
6,8,9,ファインブルー,牝2,55.0,和田竜二,1:53.9,3,59.7,6.0,428(+6),[西] 藤野健太,202510020701
7,6,6,ニシノイーグレット,牡2,51.0,河原田菜,1:55.1,7,96.1,8.0,406(+2),[東] 小手川準,202510020701
8,5,5,テーオールーラー,牡2,55.0,田口貫太,1:55.6,3,66.5,7.0,418(0),[西] 清水久詞,202510020701
9,7,7,コパノバハマ,牡2,55.0,小崎綾也,1:55.9,2,150.8,10.0,432(-4),[西] 松永幹夫,202510020701
10,7,8,カシノプロスペリテ,牝2,55.0,秋山稔樹,1:59.1,大,122.8,9.0,416(+10),[東] 蛯名利弘,202510020701
1,3,3,アスコットアイ,牝3,54.0,高杉吏麒,0:57.8,,3.5,2.0,436(+2),[西] 緒方努,202510020702
2,6,10,アルムチャーチル,牡3,57.0,幸英明,0:57.8,1/2,8.7,4.0,466(-8),[西] 北出成人,202510020702
3,6,9,アイファーモービル,牡3,57.0,坂井瑠星,0:57.9,1/2,2.9,1.0,458(-8),[西] 井上智史,202510020702
4,7,11,シュテルンビルト,牡3,57.0,松山弘平,0:58.2,1.1/2,4.1,3.0,462(+4),[西] 森田直行,202510020702
5,5,8,レイワエポック,牝3,55.0,亀田温心,0:58.9,4,62.4,9.0,428(+10),[西] 高柳大輔,202510020702
6,4,5,ダーカザンブラック,牝3,52.0,田山旺佑,0:58.9,クビ,19.7,7.0,446(0),[西] 坂口智康,202510020702
7,4,6,ウインクルホープ,牝3,55.0,長岡禎仁,0:59.2,1.1/2,227.4,11.0,416(-6),[西] 高橋亮,202510020702
8,8,14,ブライトノヴァ,牡3,57.0,小崎綾也,0:59.9,4,15.7,6.0,480(-2),[西] 茶木太樹,202510020702
9,3,4,アースノイド,牡3,57.0,秋山稔樹,0:59.9,クビ,10.2,5.0,466(+12),[西] 杉山佳明,202510020702
10,8,13,トーアカフウ,牝3,54.0,吉村誠之,1:00.5,3.1/2,48.2,8.0,424(-2),[西] 牧田和弥,202510020702
11,5,7,メイショウハント,牡3,53.0,河原田菜,1:00.8,2,229.7,12.0,436(-4),[西] 石橋守,202510020702
12,2,2,メイショウワタユキ,牝3,52.0,川端海翼,1:01.2,2.1/2,279.0,14.0,438(-4),[西] 安達昭夫,202510020702
13,7,12,ココナッツリゾート,牝3,53.0,永島まな,1:01.3,クビ,115.0,10.0,402(0),[西] 畑端省吾,202510020702
14,1,1,ダイユウブルー,牝3,55.0,城戸義政,1:02.1,5,262.0,13.0,400(+2),[西] 荒川義之,202510020702
1,7,14,ドマーネ,牝3,55.0,国分恭介,2:02.8,,60.4,10.0,436(-2),[西] 辻野泰之,202510020703
2,8,17,ジョリーピクシー,牝3,51.0,河原田菜,2:02.8,ハナ,41.9,9.0,452(+10),[西] 笹田和秀,202510020703
3,7,15,アイスモント,牝3,55.0,坂井瑠星,2:03.1,1.3/4,2.6,1.0,438(+2),[西] 宮本博,202510020703
4,1,1,ダノンフィオーレ,牝3,55.0,松山弘平,2:03.2,1/2,9.4,4.0,454(0),[西] 藤原英昭,202510020703
5,7,13,ポジターノ,牝3,54.0,高杉吏麒,2:03.3,1/2,30.6,6.0,414(+2),[西] 飯田祐史,202510020703
6,4,8,オメガストリーム,牝3,53.0,永島まな,2:03.5,3/4,81.6,12.0,472(+2),[西] 今野貞一,202510020703
7,2,4,ルージュサンセール,牝3,54.0,西塚洸二,2:03.7,1.1/4,220.7,17.0,482(+4),[西] 松永幹夫,202510020703
8,1,2,ニューヤンキー,牝3,55.0,和田竜二,2:03.8,1,3.5,2.0,492(+4),[西] 中内田充,202510020703
9,3,5,ショウナンマハト,牝3,54.0,吉村誠之,2:03.9,1/2,114.0,15.0,440(-2),[西] 清水久詞,202510020703
10,5,9,シェーラ,牝3,55.0,田口貫太,2:03.9,クビ,38.6,8.0,418(-2),[西] 牧田和弥,202510020703
11,5,10,メイショウサノサ,牝3,55.0,酒井学,2:04.0,1/2,32.3,7.0,436(+4),[西] 庄野靖志,202510020703
12,8,18,ミッキータンバリン,牝3,55.0,松若風馬,2:04.1,クビ,97.8,13.0,438(-8),[西] 池添学,202510020703
13,6,12,ピリナマアナ,牝3,55.0,幸英明,2:04.1,クビ,12.2,5.0,438(0),[西] 橋口慎介,202510020703
14,8,16,スイートゥンビター,牝3,52.0,田山旺佑,2:04.5,2,108.6,14.0,408(0),[西] 辻野泰之,202510020703
15,2,3,ピュアコレクション,牝3,55.0,長岡禎仁,2:04.7,1.1/4,181.7,16.0,436(-8),[西] 小椋研介,202510020703
16,4,7,エルモドンナ,牝3,55.0,高倉稜,2:04.8,1/2,79.5,11.0,458(-2),[西] 杉山晴紀,202510020703
17,3,6,ディナーラッシュ,牝3,55.0,川田将雅,2:06.1,8,4.7,3.0,454(-4),[西] 寺島良,202510020703
18,6,11,メイショウクレピス,牝3,55.0,角田大和,2:06.7,3.1/2,367.8,18.0,502(0),[西] 本田優,202510020703
1,7,13,レインオンミー,牡3,57.0,和田竜二,1:50.9,,13.7,6.0,474(-10),[西] 福永祐一,202510020704
2,2,3,エアビッグマム,牝3,54.0,西塚洸二,1:51.0,1/2,12.9,5.0,506(+4),[西] 笹田和秀,202510020704
3,3,5,メイショウアイル,牡3,57.0,秋山稔樹,1:51.3,1.1/2,7.9,4.0,480(+2),[西] 高橋義忠,202510020704
4,8,15,バリアシオン,牝3,55.0,幸英明,1:51.3,ハナ,19.0,7.0,480(-6),[西] 西園正都,202510020704
5,6,11,サフランクイン,牝3,55.0,高倉稜,1:51.5,1.1/2,72.4,12.0,430(+4),[西] 渡辺薫彦,202510020704
6,1,1,アドラビーレ,牝3,55.0,松山弘平,1:51.5,アタマ,3.6,2.0,436(-8),[西] 石坂公一,202510020704
7,5,9,ジュンライトニング,牡3,56.0,吉村誠之,1:51.6,クビ,3.3,1.0,442(0),[西] 清水久詞,202510020704
8,2,4,エコロアテナ,牝3,55.0,団野大成,1:51.6,クビ,4.8,3.0,430(-6),[西] 須貝尚介,202510020704
9,1,2,シャヴィット,牝3,55.0,小崎綾也,1:51.7,クビ,23.0,8.0,470(+6),[西] 小椋研介,202510020704
10,4,7,ノボリディアマン,牡3,57.0,中井裕二,1:51.7,クビ,57.1,10.0,450(+10),[西] 緒方努,202510020704
11,8,16,マットーネロッソ,牝3,52.0,田山旺佑,1:51.9,1.1/4,82.9,14.0,466(-4),[西] 中尾秀正,202510020704
12,6,12,モズラッキー,牝3,51.0,河原田菜,1:52.4,3,48.8,9.0,426(-6),[西] 牧浦充徳,202510020704
13,7,14,レッドソルテ,牡3,57.0,酒井学,1:52.5,1/2,66.6,11.0,478(+10),[西] 須貝尚介,202510020704
14,4,8,ユアマイスター,牝3,55.0,国分恭介,1:54.6,大,80.5,13.0,424(-2),[西] 森田直行,202510020704
15,5,10,アンファング,牡3,57.0,川須栄彦,1:54.7,1/2,193.7,16.0,500(-8),[西] 森田直行,202510020704
16,3,6,テーオーニルソン,牝3,53.0,永島まな,1:56.4,10,168.1,15.0,446(-2),[西] 梅田智之,202510020704
1,8,8,ナムラドロン,牡2,55.0,松山弘平,1:11.0,,3.1,2.0,472(0),[西] 鈴木孝志,202510020705
2,5,5,アウトザロー,牡2,55.0,和田竜二,1:11.1,クビ,39.6,7.0,472(0),[西] 藤野健太,202510020705
3,4,4,フルムーン,牡2,54.0,高杉吏麒,1:11.1,アタマ,2.4,1.0,460(0),[西] 藤岡健一,202510020705
4,7,7,サンタクローチェ,牝2,55.0,城戸義政,1:11.7,3.1/2,61.6,9.0,446(0),[西] 西村真幸,202510020705
5,2,2,シュタルク,牡2,55.0,団野大成,1:12.1,2.1/2,3.6,3.0,478(0),[西] 河嶋宏樹,202510020705
6,6,6,ジャストアダッシュ,牡2,55.0,松若風馬,1:12.3,1.1/4,13.7,5.0,468(0),[西] 藤野健太,202510020705
7,8,9,エンジェルグラース,牝2,53.0,永島まな,1:12.3,クビ,37.9,6.0,436(0),[西] 高橋康之,202510020705
8,3,3,シャンデヴィーニュ,牝2,55.0,幸英明,1:12.5,1.1/4,11.7,4.0,442(0),[西] 秋山真一,202510020705
9,1,1,テイエムスワーブ,牝2,55.0,川須栄彦,1:13.3,5,45.5,8.0,412(0),[西] 小椋研介,202510020705
1,7,14,カルミアクラウン,牝3,52.0,田山旺佑,1:45.0,,6.2,4.0,434(-2),[西] 吉岡辰弥,202510020706
2,7,13,シュパネントウィル,牡3,57.0,川田将雅,1:45.0,クビ,4.5,2.0,490(-2),[西] 吉村圭司,202510020706
3,3,5,アルデフォックス,セ3,56.0,高杉吏麒,1:45.2,1,5.3,3.0,518(-2),[西] 藤岡健一,202510020706
4,8,15,ストラーダレアーレ,牡3,55.0,永島まな,1:45.3,クビ,16.6,6.0,486(-8),[西] 大久保龍,202510020706
5,3,6,ゼンノソブリン,牡3,57.0,田口貫太,1:45.5,1.1/2,31.6,9.0,488(+8),[西] 四位洋文,202510020706
6,4,8,マナエトレ,牡3,56.0,吉村誠之,1:45.5,ハナ,8.7,5.0,470(-4),[西] 清水久詞,202510020706
7,1,1,インマイブラッド,牝3,55.0,川須栄彦,1:45.5,ハナ,122.2,11.0,420(+2),[西] 中尾秀正,202510020706
8,1,2,ダシータピット,牡3,53.0,河原田菜,1:45.7,1.1/4,20.5,7.0,468(+11),[西] 中竹和也,202510020706
9,5,10,ドウジャスティ,牡3,57.0,坂井瑠星,1:45.9,1,3.0,1.0,488(-2),[西] 池江泰寿,202510020706
10,8,16,エイシンキャロッツ,牡3,57.0,和田竜二,1:46.0,1,21.7,8.0,462(-2),[西] 小崎憲,202510020706
11,2,4,チュウワロンドン,牡3,57.0,加藤祥太,1:48.2,大,392.8,16.0,476(-6),[西] 庄野靖志,202510020706
12,4,7,キャットサンライズ,牝3,55.0,中井裕二,1:48.3,1/2,183.6,13.0,460(+16),[西] 庄野靖志,202510020706
13,6,11,リライトヒストリー,牡3,57.0,幸英明,1:48.6,1.3/4,244.3,15.0,468(0),[西] 安達昭夫,202510020706
14,6,12,ボンショワ,牝3,55.0,角田大和,1:48.7,クビ,213.0,14.0,486(-18),[西] 長谷川浩,202510020706
15,2,3,インザスカイ,牡3,57.0,岩田康誠,1:49.5,5,49.7,10.0,504(-2),[西] 佐藤悠太,202510020706
16,5,9,ゴールドエンペラー,牡3,54.0,川端海翼,1:49.5,ハナ,151.5,12.0,500(-16),[西] 羽月友彦,202510020706
1,3,3,レディメローラ,牝5,56.0,和田竜二,1:08.9,,40.5,8.0,414(-4),[西] 北出成人,202510020707
2,2,2,ジェニファー,牝4,53.0,田山旺佑,1:09.1,1,6.4,3.0,458(0),[西] 浜田多実,202510020707
3,1,1,アンダースコア,牡3,55.0,田口貫太,1:09.1,クビ,14.2,5.0,456(+4),[西] 庄野靖志,202510020707
4,7,7,バニーラビット,牡3,55.0,団野大成,1:09.1,ハナ,15.1,6.0,496(+10),[西] 武幸四郎,202510020707
5,8,9,デボラ,牝3,51.0,永島まな,1:09.6,3,4.9,2.0,468(+4),[西] 西園正都,202510020707
6,4,4,ファルシオン,牝5,52.0,河原田菜,1:09.7,1/2,37.3,7.0,450(+8),[西] 羽月友彦,202510020707
7,5,5,ナムライリス,牝4,56.0,角田大和,1:09.8,1/2,12.6,4.0,442(-4),[西] 中竹和也,202510020707
8,6,6,ベルビースタローン,牝3,53.0,川田将雅,1:09.8,クビ,1.6,1.0,500(-2),[西] 西村真幸,202510020707
9,8,8,ミジョカスマイル,牝3,53.0,加藤祥太,1:10.3,3,213.6,9.0,448(+4),[西] 庄野靖志,202510020707
1,1,1,マトラコーニッシュ,牝3,53.0,松山弘平,2:02.5,,4.6,3.0,434(-2),[西] 池添学,202510020708
2,7,7,サタデーサンライズ,牝3,53.0,坂井瑠星,2:02.9,2.1/2,2.7,1.0,442(0),[西] 石坂公一,202510020708
3,8,9,サイレントグルーヴ,牝4,56.0,角田大和,2:03.1,1,5.3,4.0,498(+6),[西] 角田晃一,202510020708
4,2,2,ブルーミングローズ,牝3,53.0,幸英明,2:03.3,1.1/4,18.6,7.0,456(0),[西] 高野友和,202510020708
5,3,3,サラダ,牝3,53.0,高倉稜,2:03.4,1,14.7,6.0,444(+2),[西] 武英智,202510020708
6,7,8,モルティフレーバー,牝3,52.0,吉村誠之,2:04.3,5,10.1,5.0,454(0),[西] 清水久詞,202510020708
7,8,10,オリバナム,牝3,53.0,団野大成,2:04.3,ハナ,4.3,2.0,482(+12),[西] 斉藤崇史,202510020708
8,4,4,ルージュサリナス,牝4,54.0,永島まな,2:04.6,1.3/4,108.1,10.0,418(-12),[西] 加藤公太,202510020708
9,6,6,マハナ,牝4,55.0,西塚洸二,2:04.7,1/2,69.4,8.0,434(0),[西] 井上智史,202510020708
10,5,5,グラヴィテ,牝7,53.0,川端海翼,2:04.7,アタマ,76.4,9.0,484(-12),[西] 藤野健太,202510020708
1,6,12,アンヘリータス,牝2,55.0,川田将雅,1:10.3,,5.5,3.0,418(+4),[西] 吉村圭司,202510020709
2,4,8,ダイチノナポリ,牝2,53.0,太宰啓介,1:10.4,1,19.5,5.0,424(-4),[西] 畑端省吾,202510020709
3,1,1,カラクニダケ,牡2,55.0,幸英明,1:10.5,1/2,1.6,1.0,478(+2),[西] 谷潔,202510020709
4,8,18,アクティングエリア,牝2,53.0,和田竜二,1:10.6,クビ,36.1,8.0,446(+4),[東] 天間昭一,202510020709
5,8,17,エイシンディアマン,牝2,55.0,高倉稜,1:10.7,1/2,23.1,6.0,444(-2),[西] 中尾秀正,202510020709
6,3,6,ウイントッペン,牡2,53.0,松山弘平,1:11.1,2.1/2,4.6,2.0,482(+8),[西] 西園正都,202510020709
7,2,4,ナンテヒダ,牡2,53.0,川須栄彦,1:11.3,1.1/4,110.4,9.0,442(-4),[西] 中尾秀正,202510020709
8,7,13,ニシノメイホウ,牡2,53.0,亀田温心,1:11.3,アタマ,19.0,4.0,374(-2),[西] 北出成人,202510020709
9,6,11,コウユーネロガ,牝2,53.0,団野大成,1:11.3,アタマ,24.9,7.0,436(+6),[西] 斉藤崇史,202510020709
10,8,16,ダイラントウ,牡2,53.0,長岡禎仁,1:11.6,2,279.4,16.0,464(-2),[西] 今野貞一,202510020709
11,1,2,アメアメフレフレ,牝2,53.0,国分優作,1:11.9,1.1/2,154.0,10.0,404(+12),[西] 大根田裕,202510020709
12,2,3,ラムールデュヴォン,牡2,53.0,松若風馬,1:11.9,クビ,166.0,11.0,444(-2),[東] 堀内岳志,202510020709
13,3,5,アポロマインド,牡2,53.0,西塚洸二,1:11.9,クビ,270.5,15.0,466(-12),[西] 笹田和秀,202510020709
14,4,7,カシノユメミヅキ,牡2,53.0,川端海翼,1:12.1,1.1/4,354.1,18.0,500(-2),[東] 和田雄二,202510020709
15,5,9,ラブデウザ,牝2,53.0,国分恭介,1:12.5,2.1/2,203.9,14.0,400(+8),[東] 加藤和宏,202510020709
16,5,10,エイヨーニニギ,牡2,55.0,山田義貴,1:12.8,1.1/2,185.1,13.0,440(0),[地] 北村欣也,202510020709
17,7,15,ニシカラキタユウマ,牡2,55.0,金山昇馬,1:13.0,1.1/2,167.1,12.0,446(-5),[地] 池田忠好,202510020709
18,7,14,カシノサスケ,牡2,53.0,田口貫太,1:13.1,1/2,333.3,17.0,428(-10),[西] 谷潔,202510020709
1,8,15,レイナデアルシーラ,牝3,53.0,田口貫太,1:43.2,,3.0,1.0,500(+4),[西] 西園正都,202510020710
2,8,16,ジューンエオス,牝3,53.0,高倉稜,1:43.4,1.1/2,6.5,4.0,486(0),[西] 武英智,202510020710
3,3,5,コパノアントニオ,牡4,58.0,団野大成,1:44.0,3.1/2,13.7,6.0,468(-10),[西] 梅田智之,202510020710
4,2,3,イサナ,牡3,55.0,松山弘平,1:44.1,1/2,6.4,3.0,516(+8),[西] 橋口慎介,202510020710
5,6,11,レッドダンルース,牡5,58.0,川田将雅,1:44.2,1/2,7.6,5.0,476(+2),[西] 福永祐一,202510020710
6,3,6,メイショウカシワデ,牡4,58.0,岩田康誠,1:44.7,3,15.5,7.0,452(-4),[西] 角田晃一,202510020710
7,5,9,ネーヴェフレスカ,牝3,53.0,和田竜二,1:44.8,3/4,5.0,2.0,434(-6),[西] 石坂公一,202510020710
8,7,13,プウスカンドゥール,牝5,56.0,国分優作,1:45.1,1.1/2,43.4,9.0,456(-6),[西] 坂口智康,202510020710
9,4,8,スカイドゥエラー,牡7,58.0,幸英明,1:45.1,クビ,80.1,11.0,444(-10),[西] 谷潔,202510020710
10,5,10,ジーニアスバローズ,牡5,58.0,吉村誠之,1:45.2,1/2,18.9,8.0,460(-2),[西] 辻野泰之,202510020710
11,2,4,マサハヤウォルズ,牡5,58.0,中井裕二,1:45.2,クビ,130.0,14.0,466(-2),[西] 今野貞一,202510020710
12,4,7,トゥーテイルズ,牝5,56.0,小崎綾也,1:45.4,1,83.8,12.0,476(+10),[西] 藤原英昭,202510020710
13,6,12,サヴァビアン,牡7,58.0,角田大和,1:45.6,1,197.3,16.0,442(0),[西] 羽月友彦,202510020710
14,1,2,タイセイミニスター,牡4,58.0,高杉吏麒,1:45.6,クビ,60.7,10.0,490(+14),[西] 大橋勇樹,202510020710
15,7,14,サクハル,牡6,58.0,長岡禎仁,1:46.4,5,132.2,15.0,488(-18),[西] 今野貞一,202510020710
16,1,1,インジケーター,牡4,58.0,松若風馬,1:47.2,5,110.5,13.0,498(-8),[西] 高橋康之,202510020710
1,1,1,エイムインライフ,牝5,56.0,高杉吏麒,1:08.6,,20.2,8.0,482(-6),[西] 角田晃一,202510020711
2,8,16,ワンダーキサラ,牝6,56.0,太宰啓介,1:08.7,1/2,17.1,6.0,468(0),[西] 石橋守,202510020711
3,7,13,パクスロマーナ,牝5,56.0,川須栄彦,1:08.7,クビ,23.2,9.0,436(0),[西] 加藤公太,202510020711
4,8,17,シュタールヴィント,牡5,58.0,松若風馬,1:08.7,クビ,19.9,7.0,436(-18),[西] 矢作芳人,202510020711
5,2,4,ミルテンベルク,牡4,58.0,坂井瑠星,1:08.8,1/2,4.4,2.0,492(-4),[西] 武英智,202510020711
6,8,15,レッドエヴァンス,セ4,58.0,吉村誠之,1:08.9,クビ,7.1,4.0,486(-4),[西] 東田明士,202510020711
7,4,7,アンクルクロス,牡4,58.0,川田将雅,1:09.0,1/2,3.7,1.0,468(0),[西] 高橋亮,202510020711
8,6,11,ニシノコウダイ,牡5,58.0,団野大成,1:09.0,クビ,46.8,12.0,480(-8),[西] 長谷川浩,202510020711
9,3,6,セシリエプラージュ,牝4,56.0,松山弘平,1:09.0,クビ,4.5,3.0,430(+4),[西] 中村直也,202510020711
10,6,12,アルトシュタット,牡6,58.0,岩田康誠,1:09.1,3/4,53.3,14.0,476(-4),[西] 安田翔伍,202510020711
11,4,8,メイショウフンケイ,牡7,58.0,角田大和,1:09.2,クビ,52.5,13.0,536(-4),[西] 高橋亮,202510020711
12,3,5,テーオーダヴィンチ,牡7,58.0,田口貫太,1:09.2,クビ,42.2,11.0,494(-16),[西] 岡田稲男,202510020711
13,5,9,デイトナモード,牡5,58.0,酒井学,1:09.3,クビ,32.8,10.0,530(-4),[西] 千田輝彦,202510020711
14,7,14,トールキン,牡5,58.0,幸英明,1:09.5,1,16.6,5.0,500(0),[西] 西園正都,202510020711
15,2,3,プロスペリダード,牝5,56.0,国分恭介,1:09.5,ハナ,98.1,15.0,450(+6),[西] 西園翔太,202510020711
16,5,10,メイショウクリフト,牡6,58.0,西塚洸二,1:09.9,2.1/2,138.6,16.0,442(-16),[西] 笹田和秀,202510020711
17,1,2,ショウナンマッハ,セ6,58.0,和田竜二,1:10.1,1.1/2,202.3,17.0,490(0),[西] 茶木太樹,202510020711
1,3,6,グランキングオー,牡3,53.0,永島まな,1:44.4,,8.6,4.0,458(+4),[西] 高橋康之,202510020712
2,6,11,ダノンヴェステル,牡3,55.0,坂井瑠星,1:44.7,1.1/2,2.0,1.0,480(0),[西] 高柳大輔,202510020712
3,3,5,テーオーライマン,牡3,54.0,高杉吏麒,1:44.7,クビ,13.0,5.0,462(+6),[西] 宮徹,202510020712
4,2,3,スリーキングス,牡3,55.0,岩田康誠,1:44.8,クビ,13.5,6.0,492(-14),[西] 上村洋行,202510020712
5,8,15,ゼロスネーク,牡3,55.0,松山弘平,1:44.8,クビ,5.9,2.0,458(+12),[西] 四位洋文,202510020712
6,6,12,アートレスマインド,牡3,55.0,亀田温心,1:45.0,1,17.0,7.0,466(-2),[西] 坂口智康,202510020712
7,4,8,チャチャピンク,牡3,55.0,幸英明,1:45.0,クビ,30.0,9.0,466(-6),[西] 北出成人,202510020712
8,5,10,チムニートップス,牡3,54.0,吉村誠之,1:45.3,1.1/2,8.0,3.0,486(-4),[西] 杉山晴紀,202510020712
9,4,7,タガノエクレール,牝4,56.0,国分恭介,1:45.3,クビ,110.6,11.0,470(0),[西] 西園翔太,202510020712
10,8,16,カールスタード,セ4,58.0,田口貫太,1:46.2,5,128.5,12.0,488(0),[西] 吉岡辰弥,202510020712
11,5,9,タケノシンセイ,牡4,58.0,小崎綾也,1:46.2,ハナ,43.6,10.0,476(+4),[西] 井上智史,202510020712
12,2,4,フォードテソーロ,牡5,54.0,河原田菜,1:46.5,1.3/4,214.6,14.0,482(+4),[西] 今野貞一,202510020712
13,1,1,メイショウクモイ,牡5,58.0,団野大成,1:46.5,ハナ,19.5,8.0,472(-6),[西] 飯田祐史,202510020712
14,1,2,ソルアマゾン,牡4,55.0,田山旺佑,1:46.5,アタマ,291.0,15.0,464(+6),[西] 小栗実,202510020712
15,7,14,スターメイデン,牝4,56.0,長岡禎仁,1:46.7,1.1/4,320.0,16.0,468(+4),[西] 吉村圭司,202510020712
16,7,13,アンノウンウォリア,牡6,58.0,和田竜二,1:47.4,4,156.0,13.0,484(+8),[西] 平田修,202510020712
1,8,11,ローズカリス,牝2,55.0,田口貫太,0:58.4,,7.0,3.0,434(0),[西] 大橋勇樹,202510020801
2,8,10,ゴーゴーシャチョウ,牝2,55.0,団野大成,0:59.6,7,2.6,2.0,462(0),[西] 森秀行,202510020801
3,5,5,コパノロケット,牡2,55.0,小崎綾也,1:00.4,5,13.6,4.0,448(-2),[西] 福永祐一,202510020801
4,1,1,シーキングザバース,牝2,55.0,幸英明,1:00.5,クビ,49.2,9.0,434(0),[東] 村田一誠,202510020801
5,7,8,オトコノロマン,牡2,55.0,坂井瑠星,1:01.0,3,2.2,1.0,484(-12),[西] 新谷功一,202510020801
6,6,6,カシノハンゾウ,牡2,54.0,吉村誠之,1:01.0,クビ,18.6,5.0,448(-6),[東] 蛯名利弘,202510020801
7,2,2,ダイシンヨーク,牝2,54.0,高杉吏麒,1:01.3,2,20.9,6.0,478(0),[西] 吉田直弘,202510020801
8,3,3,カシノフレックス,牡2,55.0,松若風馬,1:01.4,クビ,23.4,8.0,444(-2),[西] 牧田和弥,202510020801
9,7,9,ウインロズパレード,牝2,55.0,和田竜二,1:01.4,クビ,128.4,10.0,446(+2),[西] 吉田直弘,202510020801
10,6,7,スマートバニー,牝2,55.0,小沢大仁,1:02.1,4,22.5,7.0,480(0),[西] 寺島良,202510020801
11,4,4,ナンゴクモンジュー,牝2,55.0,藤懸貴志,1:03.9,大,383.6,11.0,396(+2),[西] 小崎憲,202510020801
1,1,1,ワインクーラー,牝3,55.0,坂井瑠星,1:09.0,,4.4,2.0,454(+2),[西] 石橋守,202510020802
2,2,4,セガンティーニ,牝3,54.0,吉村誠之,1:09.2,1,5.6,3.0,468(+4),[西] 坂口智康,202510020802
3,7,14,マローソ,牝3,55.0,小崎綾也,1:09.4,1,12.1,4.0,500(+2),[西] 牧田和弥,202510020802
4,7,13,エリカサンタモニカ,牝3,55.0,幸英明,1:09.4,クビ,64.8,15.0,450(-2),[西] 茶木太樹,202510020802
5,3,6,パリコレジェンヌ,牝3,55.0,田口貫太,1:09.4,アタマ,37.9,11.0,452(-6),[西] 鈴木孝志,202510020802
6,8,16,ベルヴィヴァン,牝3,55.0,岩田康誠,1:09.5,1/2,30.9,10.0,468(-2),[西] 西村真幸,202510020802
7,2,3,ハツコイサイダー,牝3,52.0,田山旺佑,1:09.5,アタマ,14.1,6.0,474(-4),[西] 吉岡辰弥,202510020802
8,5,10,コンタンゴ,牡3,57.0,松山弘平,1:09.6,1/2,3.1,1.0,440(+4),[西] 藤原英昭,202510020802
9,8,17,トウカイリュタン,牝3,55.0,亀田温心,1:09.7,クビ,18.2,7.0,392(0),[西] 北出成人,202510020802
10,5,9,コスモエンエン,牡3,57.0,国分優作,1:10.0,1.3/4,100.0,16.0,484(0),[西] 西園正都,202510020802
11,6,12,メイショウマサツラ,牡3,57.0,和田竜二,1:10.3,1.3/4,14.1,5.0,494(-6),[西] 本田優,202510020802
12,6,11,マサウッドテール,牡3,56.0,高杉吏麒,1:10.7,2.1/2,18.5,8.0,466(-2),[西] 河嶋宏樹,202510020802
13,1,2,ミッキーサークル,牝3,51.0,河原田菜,1:10.8,3/4,56.6,14.0,440(-2),[西] 東田明士,202510020802
14,4,7,カナメイシ,牝3,55.0,松若風馬,1:10.8,ハナ,376.9,18.0,454(-6),[西] 北出成人,202510020802
15,3,5,バレアレス,牡3,57.0,小沢大仁,1:10.8,クビ,39.9,12.0,514(0),[西] 橋口慎介,202510020802
16,7,15,ジューンアレグロ,牡3,55.0,永島まな,1:11.1,1.1/2,52.6,13.0,426(-4),[西] 松下武士,202510020802
17,4,8,クアトロイヴェール,牡3,57.0,藤懸貴志,1:11.3,1.1/4,135.6,17.0,450(-3),[西] 庄野靖志,202510020802
18,8,18,ラッキーカムカム,牝3,55.0,団野大成,1:11.5,1,25.2,9.0,454(-6),[西] 中村直也,202510020802
1,5,10,エイシンマールス,牡3,57.0,和田竜二,1:46.1,,3.0,1.0,472(+4),[西] 今野貞一,202510020803
2,8,15,シェーネアウゲン,牝3,55.0,幸英明,1:46.7,3.1/2,8.2,5.0,492(0),[西] 清水久詞,202510020803
3,4,8,ライラックデューン,牝3,55.0,鮫島良太,1:47.4,4,41.6,10.0,466(+8),[西] 緒方努,202510020803
4,4,7,アイブリンク,牝3,55.0,松若風馬,1:47.6,1.1/2,28.7,9.0,464(-2),[西] 大久保龍,202510020803
5,2,4,ビーム,牡3,57.0,岩田康誠,1:47.7,クビ,5.0,2.0,488(+2),[西] 上村洋行,202510020803
6,3,5,ミダスリスト,牝3,55.0,松山弘平,1:48.0,1.1/2,6.9,3.0,506(-10),[西] 新谷功一,202510020803
7,1,2,メイショウボナンザ,牝3,55.0,亀田温心,1:48.0,クビ,93.1,13.0,480(-6),[西] 石橋守,202510020803
8,8,16,ワンダーキュイラス,牡3,56.0,西塚洸二,1:48.1,1/2,416.7,16.0,428(+2),[西] 笹田和秀,202510020803
9,6,11,ベルピルエット,牝3,55.0,角田大和,1:48.5,2.1/2,9.9,6.0,474(-8),[西] 四位洋文,202510020803
10,6,12,ディザーヴユー,牝3,55.0,小沢大仁,1:48.6,1,106.2,14.0,470(0),[西] 吉村圭司,202510020803
11,2,3,ダズラー,牡3,57.0,小崎綾也,1:48.8,3/4,59.0,12.0,532(-10),[西] 渡辺薫彦,202510020803
12,1,1,ガンナール,牡3,53.0,河原田菜,1:49.3,3,278.6,15.0,480(+4),[西] 宮本博,202510020803
13,3,6,ウィラコチャ,牡3,57.0,中井裕二,1:49.3,クビ,51.4,11.0,520(0),[西] 中内田充,202510020803
14,5,9,タールベルク,牡3,56.0,吉村誠之,1:49.5,3/4,7.9,4.0,504(-4),[西] 杉山晴紀,202510020803
15,7,13,ジャスタパーティー,セ3,56.0,高杉吏麒,1:50.3,5,26.9,8.0,460(-6),[西] 杉山晴紀,202510020803
16,7,14,ジューンセレッソ,牝3,55.0,高倉稜,1:51.1,5,12.7,7.0,402(-4),[西] 武英智,202510020803
1,2,3,サミダレナイツ,牡3,57.0,岩田康誠,2:03.2,,6.6,2.0,482(+2),[西] 谷潔,202510020804
2,6,11,クラヴァンス,牡3,57.0,北村友一,2:03.3,3/4,12.8,7.0,474(0),[西] 友道康夫,202510020804
3,3,6,マイネルビスマルク,牡3,57.0,松若風馬,2:03.3,アタマ,17.0,9.0,488(+20),[西] 梅田智之,202510020804
4,8,18,リーティアコナル,牡3,57.0,小崎綾也,2:03.5,1.1/4,11.3,6.0,486(0),[西] 友道康夫,202510020804
5,8,17,グローサートラウム,牡3,57.0,古川吉洋,2:03.7,1,150.6,13.0,482(+6),[西] 武幸四郎,202510020804
6,4,8,レイデラティエラ,牡3,57.0,国分優作,2:03.8,クビ,14.5,8.0,460(-6),[西] 小崎憲,202510020804
7,7,15,キャスパインパクト,牡3,56.0,吉村誠之,2:03.8,アタマ,30.0,10.0,440(-8),[西] 清水久詞,202510020804
8,5,9,ヴォイスオブゼウス,牡3,57.0,坂井瑠星,2:03.8,クビ,2.6,1.0,456(+8),[西] 矢作芳人,202510020804
9,7,13,キーチファイター,牡3,57.0,団野大成,2:03.9,クビ,10.1,4.0,480(+8),[西] 斉藤崇史,202510020804
10,3,5,メイショウヨリキリ,牡3,57.0,田口貫太,2:03.9,クビ,51.4,11.0,464(0),[西] 池添学,202510020804
11,1,2,ウィズプライド,牡3,57.0,加藤聡一,2:04.0,1/2,399.6,17.0,452(-4),[西] 浜田多実,202510020804
12,1,1,ポテチ,牡3,57.0,和田竜二,2:04.2,1.1/4,6.8,3.0,400(-4),[西] 鈴木孝志,202510020804
13,5,10,アバットゥータ,牡3,57.0,角田大和,2:04.7,3,176.6,15.0,472(+6),[西] 中竹和也,202510020804
14,4,7,スエズマックス,牡3,57.0,藤懸貴志,2:04.9,1.1/4,291.2,16.0,486(0),[西] 田中克典,202510020804
15,2,4,ダンスデュヴァン,牡3,54.0,田山旺佑,2:05.1,1.1/4,154.9,14.0,468(-8),[西] 武英智,202510020804
16,8,16,クリノアラジン,牡3,57.0,川須栄彦,2:05.1,クビ,425.6,18.0,436(-2),[西] 谷潔,202510020804
17,7,14,キャニオンデシェイ,牡3,57.0,松山弘平,2:05.3,3/4,10.7,5.0,486(-8),[西] 友道康夫,202510020804
18,6,12,ソルトチャンス,牝3,52.0,川端海翼,2:11.8,大,114.9,12.0,480(-4),[西] 四位洋文,202510020804
1,6,8,ベレシート,牡2,55.0,北村友一,1:52.5,,4.7,2.0,480(0),[西] 斉藤崇史,202510020805
2,4,5,ロードフィレール,牡2,54.0,吉村誠之,1:52.6,1/2,13.5,4.0,516(0),[西] 吉岡辰弥,202510020805
3,8,12,ルートサーティーン,牡2,55.0,岩田康誠,1:52.7,1/2,32.3,6.0,472(0),[西] 辻野泰之,202510020805
4,7,10,リアライズブラーヴ,牡2,55.0,川田将雅,1:52.9,1,7.6,3.0,452(0),[西] 杉山晴紀,202510020805
5,5,7,リアライズルミナス,牝2,55.0,松山弘平,1:53.1,1.1/4,1.5,1.0,490(0),[西] 橋口慎介,202510020805
6,5,6,ナリタエスペランサ,牡2,55.0,和田竜二,1:53.8,4,40.0,8.0,490(0),[西] 福永祐一,202510020805
7,4,4,マルーンドライブ,牡2,55.0,田口貫太,1:53.9,1/2,156.1,11.0,456(0),[西] 庄野靖志,202510020805
8,7,11,ゴーゴーパワー,牡2,55.0,川須栄彦,1:54.6,4,257.8,12.0,466(0),[西] 井上智史,202510020805
9,8,13,ハクアイタワー,牡2,54.0,高杉吏麒,1:55.1,3,110.4,9.0,504(0),[西] 今野貞一,202510020805
10,2,2,バンブトンコール,牡2,55.0,亀田温心,1:55.4,1.3/4,294.9,13.0,522(0),[西] 佐藤悠太,202510020805
11,6,9,パトローナス,牡2,55.0,坂井瑠星,1:55.6,1.1/2,15.3,5.0,488(0),[西] 高橋亮,202510020805
12,1,1,オオツカ,牡2,53.0,永島まな,1:55.7,1/2,33.8,7.0,444(0),[西] 大久保龍,202510020805
13,3,3,フルフィルメント,牝2,55.0,幸英明,1:56.4,4,129.8,10.0,504(0),[西] 宮地貴稔,202510020805
1,2,2,ペイシャヴァルツー,牝3,53.0,団野大成,0:57.4,,4.2,2.0,446(+4),[西] 吉田直弘,202510020806
2,8,9,ナムラモモ,牝3,53.0,小沢大仁,0:58.0,3.1/2,3.4,1.0,434(+6),[西] 羽月友彦,202510020806
3,5,5,クリノミニスター,牡6,58.0,幸英明,0:58.1,3/4,10.3,6.0,464(+2),[西] 荒川義之,202510020806
4,3,3,ライツユーアップ,牝3,51.0,永島まな,0:58.5,2.1/2,4.4,3.0,442(+14),[西] 角田晃一,202510020806
5,7,7,エブライト,牝4,55.0,吉村誠之,0:58.7,3/4,7.6,5.0,484(+10),[西] 橋口慎介,202510020806
6,4,4,サムデイ,牝4,53.0,田山旺佑,0:58.9,1.1/2,5.7,4.0,454(+34),[西] 新谷功一,202510020806
7,6,6,トモジャアルマンド,牡8,58.0,国分優作,0:58.9,クビ,36.5,8.0,502(+2),[西] 大根田裕,202510020806
8,8,8,ルミナスサンライズ,牝4,56.0,和田竜二,0:59.1,3/4,17.5,7.0,482(+4),[西] 浜田多実,202510020806
9,1,1,ウインラグラス,牝4,56.0,田口貫太,0:59.6,3.1/2,81.2,9.0,432(+4),[西] 吉田直弘,202510020806
1,6,6,キーウェーブ,牡4,58.0,城戸義政,1:49.5,,41.3,8.0,434(-2),[西] 宮地貴稔,202510020807
2,3,3,アウローラシエル,牡5,58.0,国分恭介,1:49.5,クビ,53.7,9.0,506(-10),[西] 森田直行,202510020807
3,4,4,デルシエロ,牡4,57.0,吉村誠之,1:49.7,1.1/2,7.3,4.0,414(-2),[西] 清水久詞,202510020807
4,7,7,ジャスティンガルフ,牡4,58.0,和田竜二,1:50.0,1.3/4,22.3,7.0,506(-6),[西] 茶木太樹,202510020807
5,2,2,ロストシークレット,牡4,58.0,川田将雅,1:50.4,2,2.0,1.0,462(-2),[西] 中内田充,202510020807
6,7,8,キーチパルフェ,牡4,58.0,松山弘平,1:50.5,クビ,7.0,3.0,472(-4),[西] 高柳大輔,202510020807
7,5,5,エンマ,牡3,55.0,高倉稜,1:50.5,クビ,8.8,5.0,462(-8),[西] 武英智,202510020807
8,1,1,ダノンアトラス,牡4,58.0,坂井瑠星,1:50.8,2,4.2,2.0,410(+4),[西] 橋口慎介,202510020807
9,8,9,ローガンパス,牡4,58.0,亀田温心,1:51.5,4,21.4,6.0,494(+2),[西] 東田明士,202510020807
10,8,10,チャットケリー,牝3,53.0,鮫島良太,1:51.5,ハナ,134.6,10.0,422(-4),[西] 緒方努,202510020807
1,1,1,コウセキ,牡3,55.0,松山弘平,1:08.8,,2.7,1.0,482(+6),[西] 西園正都,202510020808
2,5,5,ブルーレース,牝3,53.0,田口貫太,1:08.8,アタマ,8.9,5.0,464(-2),[西] 宮本博,202510020808
3,6,7,エクストラバック,牡4,58.0,北村友一,1:08.9,アタマ,4.4,2.0,492(-2),[西] 西園正都,202510020808
4,8,12,ウインラウダ,牡4,58.0,団野大成,1:09.0,3/4,8.0,4.0,508(+4),[西] 梅田智之,202510020808
5,8,11,サニーサルサ,牝3,51.0,永島まな,1:09.3,2,11.6,6.0,456(-6),[西] 高橋康之,202510020808
6,2,2,カフジキアッキエレ,牝5,55.0,西塚洸二,1:09.4,クビ,13.3,7.0,430(+6),[西] 森田直行,202510020808
7,7,10,ツッチーフェイス,牝6,56.0,小沢大仁,1:09.5,1/2,25.7,9.0,480(-14),[西] 今野貞一,202510020808
8,4,4,リンゲルブルーメ,牝3,53.0,和田竜二,1:09.6,1/2,15.4,8.0,474(0),[西] 佐藤悠太,202510020808
9,7,9,ショウナンラフィネ,牝3,53.0,幸英明,1:09.6,クビ,8.0,3.0,398(-6),[西] 高野友和,202510020808
10,5,6,サトノランデヴー,牝3,53.0,鴨宮祥行,1:09.6,クビ,117.2,11.0,436(-12),[地] 田中一巧,202510020808
11,3,3,カワテンティアラ,牝3,53.0,加藤聡一,1:10.1,3,161.2,12.0,482(-6),[地] 角田輝也,202510020808
12,6,8,ラブアイミー,牝3,53.0,高倉稜,1:10.2,1/2,71.7,10.0,416(+4),[西] 森田直行,202510020808
1,5,5,ホルトバージ,牡4,58.0,川田将雅,1:48.4,,5.7,5.0,466(-8),[西] 寺島良,202510020809
2,1,1,ビヨンドザドリーム,牡5,58.0,国分優作,1:48.6,1.1/2,26.4,6.0,436(0),[西] 小椋研介,202510020809
3,7,7,エルフストラック,牝4,56.0,北村友一,1:48.6,アタマ,2.8,1.0,486(+8),[西] 中村直也,202510020809
4,8,8,ロードマンハイム,牡5,58.0,松山弘平,1:48.7,クビ,4.2,3.0,516(+2),[西] 友道康夫,202510020809
5,3,3,クリノアドバンス,牡4,58.0,田口貫太,1:49.0,2,5.7,4.0,466(+18),[西] 大橋勇樹,202510020809
6,2,2,ロゼフレア,牝4,56.0,亀田温心,1:49.5,3,31.2,7.0,460(+8),[西] 中村直也,202510020809
7,4,4,テイエムヒショウ,牡5,58.0,和田竜二,1:49.7,3/4,89.7,8.0,486(-4),[西] 浜田多実,202510020809
8,6,6,オンザムーブ,牡3,55.0,坂井瑠星,1:49.9,1.1/2,4.1,2.0,498(-8),[西] 矢作芳人,202510020809
1,4,4,レアンダー,牡4,54.0,幸英明,1:43.7,,4.8,2.0,462(-4),[西] 大根田裕,202510020810
2,8,12,ホウオウスーペリア,牡5,55.0,荻野極,1:43.8,1/2,14.4,6.0,484(-4),[西] 吉岡辰弥,202510020810
3,6,9,ヴィヴァン,牡7,55.0,川田将雅,1:44.1,1.3/4,6.2,4.0,496(+2),[西] 池江泰寿,202510020810
4,3,3,メイショウミカワ,牡7,56.0,高杉吏麒,1:44.1,クビ,4.0,1.0,512(-4),[西] 千田輝彦,202510020810
5,2,2,サンライズグルーヴ,牡5,55.0,吉村誠之,1:44.7,3.1/2,17.7,7.0,522(+14),[西] 前川恭子,202510020810
6,5,7,ポワンキュルミナン,牡5,54.0,田口貫太,1:44.9,1.1/2,62.8,13.0,424(-2),[西] 岡田稲男,202510020810
7,1,1,グラスシフォン,牝5,52.0,加藤聡一,1:45.0,3/4,33.0,11.0,428(-10),[東] 松山将樹,202510020810
8,4,5,フランスゴデイナ,牡7,55.0,松若風馬,1:45.2,1.1/4,46.3,12.0,496(-4),[西] 森秀行,202510020810
9,6,8,テイエムランウェイ,牡6,54.0,鮫島良太,1:45.8,3.1/2,21.7,9.0,492(+2),[西] 河嶋宏樹,202510020810
10,7,11,ビオグラフィア,牡7,55.0,亀田温心,1:46.0,1.1/4,32.4,10.0,506(+12),[西] 松下武士,202510020810
11,8,13,ゴッドブルービー,牡5,57.0,角田大和,1:46.4,2.1/2,5.1,3.0,460(-10),[西] 角田晃一,202510020810
12,5,6,シークレットキー,牡4,54.0,小沢大仁,1:47.5,7,20.2,8.0,494(+10),[西] 井上智史,202510020810
13,7,10,オペラプラージュ,牡4,55.0,団野大成,1:49.9,大,7.9,5.0,510(+4),[西] 新谷功一,202510020810
1,1,1,イングランドアイズ,牝5,51.0,松若風馬,1:59.9,,16.3,9.0,450(+2),[西] 安田翔伍,202510020811
2,3,6,シェイクユアハート,牡5,55.0,古川吉洋,2:00.2,1.3/4,6.1,3.0,444(-10),[西] 宮徹,202510020811
3,8,16,ディープモンスター,牡7,58.0,北村友一,2:00.3,1,5.8,2.0,470(+2),[西] 池江泰寿,202510020811
4,4,8,ラスカンブレス,牡4,56.0,荻野極,2:00.3,ハナ,12.1,6.0,490(0),[東] 林徹,202510020811
5,4,7,オールセインツ,牡4,54.0,酒井学,2:00.5,1,11.0,5.0,502(+4),[西] 友道康夫,202510020811
6,6,12,ハピ,牡6,57.0,坂井瑠星,2:00.5,クビ,6.6,4.0,482(-4),[西] 大久保龍,202510020811
7,6,11,ダンディズム,セ9,56.0,高杉吏麒,2:00.7,3/4,90.0,15.0,468(0),[西] 野中賢二,202510020811
8,5,10,ナムラエイハブ,牡4,55.0,松山弘平,2:00.7,クビ,14.9,8.0,516(+8),[西] 長谷川浩,202510020811
9,2,4,メリオーレム,牡4,56.0,川田将雅,2:00.8,クビ,5.0,1.0,488(-6),[西] 友道康夫,202510020811
10,8,15,ニホンピロキーフ,牡5,56.0,幸英明,2:00.8,アタマ,21.3,11.0,476(-4),[西] 大橋勇樹,202510020811
11,5,9,リカンカブール,セ6,58.0,団野大成,2:00.9,1/2,26.4,12.0,488(-10),[西] 田中克典,202510020811
12,3,5,マイネルメモリー,牡5,56.0,田口貫太,2:00.9,アタマ,20.7,10.0,464(-2),[西] 宮徹,202510020811
13,1,2,ショウナンアデイブ,牡6,56.0,岩田康誠,2:01.0,1/2,14.2,7.0,512(-10),[西] 高野友和,202510020811
14,2,3,カネフラ,牡5,54.0,永島まな,2:01.2,1.1/2,43.4,13.0,452(0),[西] 高橋康之,202510020811
15,7,13,スズカダブル,牡5,54.0,吉村誠之,2:01.3,クビ,43.8,14.0,500(-4),[西] 西村真幸,202510020811
16,7,14,グラティアス,牡7,56.0,小沢大仁,2:04.0,大,156.1,16.0,492(+2),[西] 安田翔伍,202510020811
1,1,2,フリッカージャブ,牡3,55.0,松山弘平,1:07.7,,2.1,1.0,490(+4),[西] 西園翔太,202510020812
2,8,18,インブロリオ,牝3,53.0,川田将雅,1:08.1,2.1/2,4.3,2.0,474(+4),[西] 吉村圭司,202510020812
3,8,17,ロードマイライフ,牡4,58.0,松若風馬,1:08.2,クビ,29.0,8.0,496(-8),[西] 杉山晴紀,202510020812
4,6,11,サンドロナイト,牝4,56.0,北村友一,1:08.3,3/4,33.1,10.0,458(+2),[西] 茶木太樹,202510020812
5,7,14,スリールミニョン,牝3,53.0,永島まな,1:08.3,クビ,7.2,3.0,452(+4),[西] 高橋康之,202510020812
6,5,10,ディアドコス,牡5,58.0,小沢大仁,1:08.7,2,35.1,11.0,480(-6),[西] 羽月友彦,202510020812
7,2,4,メイショウコギク,牝5,56.0,亀田温心,1:08.7,ハナ,82.4,14.0,458(-4),[西] 石橋守,202510020812
8,8,16,システムリブート,牡5,58.0,高杉吏麒,1:08.7,アタマ,18.1,5.0,544(0),[西] 佐藤悠太,202510020812
9,1,1,ヒーローインチーフ,セ4,58.0,西塚洸二,1:08.8,アタマ,20.8,6.0,450(+2),[西] 吉田直弘,202510020812
10,4,8,アオイレーギーナ,牝3,53.0,幸英明,1:08.8,クビ,13.2,4.0,492(+8),[西] 宮地貴稔,202510020812
11,7,13,キャッスルレイク,牝3,53.0,田口貫太,1:08.8,アタマ,22.1,7.0,462(0),[西] 松下武士,202510020812
12,7,15,ベンガン,牡8,58.0,国分優作,1:08.8,アタマ,111.0,16.0,480(+8),[西] 千田輝彦,202510020812
13,6,12,トーホウフランゴ,牝5,56.0,酒井学,1:08.8,ハナ,92.5,15.0,448(+8),[西] 高橋康之,202510020812
14,5,9,テーオースパロー,牡6,58.0,吉村誠之,1:08.8,ハナ,71.3,12.0,492(-2),[西] 清水久詞,202510020812
15,3,5,タガノスペルノヴァ,牡7,58.0,川須栄彦,1:08.9,1/2,120.4,17.0,424(-10),[西] 中尾秀正,202510020812
16,2,3,サトノプリエール,牝6,56.0,団野大成,1:09.1,1,31.8,9.0,502(+24),[西] 斉藤崇史,202510020812
17,4,7,インテンソ,セ5,58.0,泉谷楓真,1:09.3,1.1/2,167.9,18.0,482(-10),[西] 松永幹夫,202510020812
18,3,6,ガリレイ,セ8,58.0,角田大和,1:09.4,1/2,77.2,13.0,518(+4),[西] 高橋亮,202510020812
