着順,枠番,馬番,馬名,性齢,斤量,騎手,タイム,着差,単勝,人気,馬体重,調教師,race_id
1,3,6,ウィズユアドリーム,牡3,56.0,吉田隼人,2:00.9,,19.0,7.0,492(-2),[西] 吉岡辰弥,202308010101
2,4,8,アーテルナイト,牡3,56.0,川田将雅,2:01.0,1,7.7,5.0,494(-2),[西] 杉山晴紀,202308010101
3,4,7,スイープアワーズ,牡3,56.0,武豊,2:01.1,クビ,2.3,1.0,452(-2),[西] 友道康夫,202308010101
4,7,15,ブルーウィン,牝3,54.0,城戸義政,2:01.1,クビ,220.8,12.0,442(+4),[西] 清水久詞,202308010101
5,3,5,マテンロウジョイ,牡3,56.0,藤岡康太,2:01.1,ハナ,5.7,2.0,450(-2),[西] 四位洋文,202308010101
6,1,2,コパノサントス,牡3,56.0,幸英明,2:01.1,ハナ,5.8,3.0,464(+8),[西] 梅田智之,202308010101
7,7,13,ファミリーラヴ,牝3,54.0,鮫島克駿,2:01.4,1.1/2,304.0,14.0,454(-2),[西] 野中賢二,202308010101
8,7,14,マルカブリッツ,牡3,55.0,小沢大仁,2:01.5,1/2,231.9,13.0,502(-2),[西] 松永昌博,202308010101
9,5,9,マックロスキー,牡3,56.0,松山弘平,2:01.5,1/2,43.0,9.0,504(-8),[西] 茶木太樹,202308010101
10,6,11,ムジェロ,牡3,56.0,岩田望来,2:01.6,クビ,6.9,4.0,524(+10),[西] 藤原英昭,202308010101
11,6,12,エドワーズクラウン,牡3,56.0,和田竜二,2:01.6,クビ,13.5,6.0,444(-6),[西] 大久保龍,202308010101
12,2,3,タイガーミノル,牡3,56.0,池添謙一,2:01.9,1.3/4,167.9,10.0,500(0),[西] 北出成人,202308010101
13,2,4,オンリーラヴ,牝3,54.0,国分恭介,2:02.1,1.1/4,330.7,16.0,414(+4),[西] 森田直行,202308010101
14,5,10,シゲルマティアス,牡3,56.0,和田翼,2:02.3,1.1/2,419.6,17.0,486(-4),[西] 谷潔,202308010101
15,8,17,アッチェレランド,牡3,56.0,坂井瑠星,2:02.3,ハナ,42.9,8.0,582(0),[西] 矢作芳人,202308010101
16,1,1,ソルトエース,牡3,56.0,田中健,2:02.6,1.1/2,189.0,11.0,448(0),[西] 武英智,202308010101
17,8,18,ラコンチャ,牡3,56.0,古川吉洋,2:02.7,1,318.3,15.0,464(+6),[西] 大根田裕,202308010101
18,8,16,ニホンピロパークス,牝3,51.0,田口貫太,2:02.8,クビ,577.4,18.0,426(-1),[西] 服部利之,202308010101
1,1,1,ボルネオ,セ3,56.0,水口優也,2:03.4,,12.4,3.0,484(+10),[西] 藤沢則雄,202308010102
2,8,12,サクセスハチハチ,牡3,56.0,松山弘平,2:03.4,クビ,1.4,1.0,512(0),[西] 北出成人,202308010102
3,6,8,ダビディ,牡3,55.0,小沢大仁,2:03.7,1.3/4,18.7,5.0,486(+2),[西] 庄野靖志,202308010102
4,4,4,ヒミノイチシロ,牡3,56.0,岩田望来,2:04.1,2.1/2,14.2,4.0,496(-2),[西] 川村禎彦,202308010102
5,7,9,アヴァンタージュ,牡3,56.0,坂井瑠星,2:05.1,6,4.7,2.0,494(-4),[西] 矢作芳人,202308010102
6,8,11,リリーブースター,牡3,56.0,川須栄彦,2:05.1,ハナ,51.8,8.0,552(+10),[西] 緒方努,202308010102
7,3,3,フルオーケストラ,牡3,56.0,柴山雄一,2:05.3,3/4,105.5,11.0,470(+8),[西] 西園正都,202308010102
8,2,2,アリクテラー,セ3,56.0,鮫島克駿,2:05.7,2.1/2,46.4,7.0,500(-4),[西] 武幸四郎,202308010102
9,7,10,ファイナルソード,牡3,55.0,角田大河,2:06.5,5,99.1,10.0,484(+2),[西] 角田晃一,202308010102
10,6,7,タッチーフェイス,牡3,56.0,岩田康誠,2:06.6,クビ,52.6,9.0,500(0),[西] 今野貞一,202308010102
11,5,5,ヴァレーニュ,牡3,56.0,小崎綾也,2:07.3,4,197.5,12.0,502(-8),[西] 西村真幸,202308010102
12,5,6,チョウドイイ,牡3,56.0,和田竜二,2:07.7,2.1/2,22.3,6.0,530(0),[西] 吉村圭司,202308010102
1,1,1,スイープラン,牝3,51.0,田口貫太,1:08.4,,7.1,3.0,450(+4),[西] 渡辺薫彦,202308010103
2,7,13,サンポーニャ,牝3,51.0,今村聖奈,1:08.5,3/4,17.6,5.0,434(+4),[西] 池江泰寿,202308010103
3,2,4,スマートメイプル,牝3,54.0,坂井瑠星,1:08.8,1.3/4,4.8,2.0,458(-4),[西] 矢作芳人,202308010103
4,4,7,ナリタシン,牡3,55.0,角田大河,1:08.9,1,26.0,7.0,454(-8),[西] 藤沢則雄,202308010103
5,7,15,マテンロウナイト,牡3,56.0,古川吉洋,1:09.1,1,214.0,11.0,462(-2),[西] 坂口智康,202308010103
6,6,11,ヴァルダリス,牝3,54.0,藤岡康太,1:09.1,クビ,11.8,4.0,446(0),[西] 杉山佳明,202308010103
7,8,18,ベルビューポイント,牝3,54.0,川田将雅,1:09.3,1.1/2,1.6,1.0,440(+2),[西] 高野友和,202308010103
8,3,5,ファニーボーイ,牡3,56.0,柴山雄一,1:09.4,クビ,115.4,9.0,472(-2),[西] 安達昭夫,202308010103
9,5,10,テイケイヴィエント,牡3,56.0,幸英明,1:09.6,1.1/4,403.6,16.0,418(0),[西] 大橋勇樹,202308010103
10,7,14,マロンアルジャン,牝3,54.0,国分恭介,1:09.7,3/4,240.7,12.0,458(0),[西] 服部利之,202308010103
11,1,2,トーホウビエント,牝3,54.0,鮫島克駿,1:10.1,2.1/2,19.5,6.0,444(+2),[西] 高橋亮,202308010103
12,8,16,プライムトゥーレ,牡3,56.0,松若風馬,1:10.1,アタマ,264.8,13.0,474(-4),[西] 小崎憲,202308010103
13,4,8,クリノイシン,牝3,54.0,国分優作,1:10.3,1,359.5,15.0,458(+17),[西] 大橋勇樹,202308010103
14,5,9,ダンツフロンテ,牡3,56.0,和田翼,1:10.3,ハナ,440.9,17.0,436(0),[西] 谷潔,202308010103
15,8,17,ファイブレイナ,牝3,54.0,高倉稜,1:10.4,3/4,178.6,10.0,418(-4),[西] 渡辺薫彦,202308010103
16,2,3,キミニオクル,牝3,53.0,小沢大仁,1:10.8,2.1/2,316.0,14.0,470(-2),[西] 音無秀孝,202308010103
17,6,12,シェーヌダンクル,牝3,54.0,小崎綾也,1:10.9,3/4,649.1,18.0,418(-2),[西] 寺島良,202308010103
18,3,6,ミランダ,牝3,54.0,和田竜二,1:11.0,1,47.8,8.0,452(-6),[西] 吉田直弘,202308010103
1,5,7,ゴールデンスナップ,牝3,54.0,浜中俊,2:26.8,,5.8,3.0,454(+6),[西] 田中克典,202308010104
2,7,10,ヴィンセドリス,牡3,56.0,坂井瑠星,2:26.8,クビ,2.6,1.0,482(-4),[西] 友道康夫,202308010104
3,5,6,ジューンアヲニヨシ,牡3,56.0,鮫島克駿,2:27.1,1.1/2,3.3,2.0,468(0),[西] 松下武士,202308010104
4,4,4,ドゥヴァンスマン,牡3,56.0,松山弘平,2:27.2,1/2,6.4,4.0,484(+2),[西] 矢作芳人,202308010104
5,4,5,アグネスアース,牡3,56.0,小崎綾也,2:27.3,1,9.3,5.0,456(+4),[西] 小崎憲,202308010104
6,8,12,ペネトレイトゴー,牡3,56.0,岩田康誠,2:27.4,クビ,25.7,7.0,458(-2),[西] 森秀行,202308010104
7,7,11,シェアザグローリー,牡3,56.0,北村友一,2:27.7,2,17.0,6.0,534(-4),[西] 梅田智之,202308010104
8,1,1,ケイアイサンデラ,牡3,56.0,古川吉洋,2:27.9,1.1/4,48.0,8.0,436(+10),[西] 小林真也,202308010104
9,6,8,スピルクリスティ,牝3,51.0,田口貫太,2:28.3,2.1/2,291.5,12.0,440(+6),[西] 藤沢則雄,202308010104
10,6,9,エムズシップ,牝3,54.0,幸英明,2:28.3,ハナ,139.5,10.0,478(0),[西] 谷潔,202308010104
11,2,2,カズピレウス,牡3,55.0,角田大河,2:28.4,3/4,70.0,9.0,436(-2),[西] 新谷功一,202308010104
12,3,3,カワカミエレガンス,牝3,53.0,小沢大仁,2:29.8,8,246.8,11.0,412(+6),[西] 本田優,202308010104
13,8,13,メイショウオオゾラ,牡3,56.0,国分優作,2:31.1,8,422.6,13.0,460(+4),[西] 石橋守,202308010104
1,1,1,ヘンリー,牡3,56.0,松山弘平,1:24.7,,4.5,2.0,532(+4),[西] 吉岡辰弥,202308010105
2,6,12,エミサキホコル,牡3,56.0,藤岡康太,1:25.4,4,7.9,4.0,480(-8),[西] 杉山佳明,202308010105
3,2,4,スズカコーズ,牡3,56.0,川田将雅,1:25.9,3,4.0,1.0,498(-4),[東] 伊藤圭三,202308010105
4,3,6,シンゼンイズモ,牡3,56.0,和田竜二,1:25.9,アタマ,22.8,8.0,510(+8),[西] 荒川義之,202308010105
5,7,13,ゴッドブルービー,牡3,55.0,角田大河,1:26.3,2.1/2,4.7,3.0,466(+6),[西] 角田晃一,202308010105
6,4,8,セミマル,牡3,56.0,吉田隼人,1:26.3,アタマ,14.7,7.0,506(+14),[西] 西村真幸,202308010105
7,3,5,ストリンジェンド,牡3,56.0,北村友一,1:26.8,3,56.0,10.0,482(+2),[西] 音無秀孝,202308010105
8,2,3,コパノバークレー,牝3,53.0,小沢大仁,1:26.8,ハナ,264.7,14.0,460(0),[西] 渡辺薫彦,202308010105
9,7,14,ゴルデールスカー,牡3,56.0,鮫島克駿,1:27.2,2.1/2,82.7,13.0,464(-6),[西] 大久保龍,202308010105
10,6,11,スマートアンバー,牝3,54.0,幸英明,1:27.4,1,28.0,9.0,466(-4),[西] 西園翔太,202308010105
11,8,16,レゾルシオン,牡3,56.0,浜中俊,1:27.6,1.1/2,8.6,5.0,470(0),[西] 鈴木孝志,202308010105
12,8,15,ルーカスミノル,牡3,56.0,武豊,1:27.8,3/4,8.8,6.0,538(+32),[西] 本田優,202308010105
13,5,9,フォルティーナ,牝3,54.0,松若風馬,1:27.8,アタマ,334.0,16.0,436(+2),[西] 石橋守,202308010105
14,5,10,ナムラミシェル,牝3,51.0,田口貫太,1:29.3,9,59.7,11.0,444(-6),[西] 大橋勇樹,202308010105
15,1,2,ヨドノリリー,牝3,54.0,酒井学,1:29.5,1,286.9,15.0,428(-4),[西] 北出成人,202308010105
16,4,7,イリスレーン,牝3,51.0,今村聖奈,1:30.5,6,74.8,12.0,474(-3),[西] 清水久詞,202308010105
1,5,5,ゲヴィナー,牡5,55.0,今村聖奈,1:47.8,,7.4,3.0,522(+10),[西] 藤原英昭,202308010106
2,1,1,レオンバローズ,牡4,58.0,松山弘平,1:47.9,3/4,12.7,4.0,460(-2),[西] 渡辺薫彦,202308010106
3,3,3,サンクフィーユ,牝4,56.0,川田将雅,1:48.0,クビ,1.6,1.0,460(+4),[西] 中内田充,202308010106
4,7,9,レッドベルアーム,牡4,58.0,岩田望来,1:48.0,クビ,3.7,2.0,510(-2),[西] 藤原英昭,202308010106
5,4,4,アパショナード,牡4,58.0,松田大作,1:48.3,1.1/2,19.5,5.0,430(+6),[西] 千田輝彦,202308010106
6,7,10,セイバートゥース,セ4,57.0,角田大河,1:48.3,クビ,48.6,7.0,450(-2),[西] 野中賢二,202308010106
7,8,12,ニホンピロマリブ,牡5,58.0,吉田隼人,1:48.4,3/4,22.5,6.0,456(-4),[西] 服部利之,202308010106
8,6,7,メイショウケンコン,牡5,58.0,和田竜二,1:48.6,1,92.0,9.0,484(-2),[西] 河内洋,202308010106
9,6,8,ハルカナネガイ,牝4,53.0,田口貫太,1:48.8,1.1/2,198.1,11.0,432(+6),[西] 服部利之,202308010106
10,2,2,コスモミローディア,牡7,58.0,森裕太朗,1:48.9,3/4,106.2,10.0,480(0),[東] 天間昭一,202308010106
11,5,6,レディーシス,牝4,56.0,藤岡康太,1:49.4,2.1/2,70.4,8.0,420(+4),[西] 小崎憲,202308010106
12,8,11,クリノビビ,牝4,56.0,和田翼,1:49.5,3/4,551.0,12.0,448(+8),[西] 谷潔,202308010106
1,7,11,ルアル,牡4,58.0,幸英明,1:12.3,,5.3,4.0,542(-2),[西] 安達昭夫,202308010107
2,8,12,ロードドミニオン,セ6,58.0,川須栄彦,1:12.9,3.1/2,14.2,7.0,434(-4),[西] 畑端省吾,202308010107
3,2,2,スマイルバック,牝4,56.0,坂井瑠星,1:13.2,2,5.1,3.0,468(-6),[西] 西園翔太,202308010107
4,5,7,ネイト,牝4,53.0,今村聖奈,1:13.3,3/4,4.7,2.0,424(-6),[西] 小栗実,202308010107
5,4,4,アイヴォリーアイ,牝5,55.0,角田大河,1:13.6,1.1/2,9.3,5.0,490(0),[西] 坂口智康,202308010107
6,8,13,アイファーリンクス,牝5,56.0,藤岡康太,1:14.1,3,3.2,1.0,484(0),[西] 鮫島一歩,202308010107
7,6,8,ストロンゲスト,牡4,58.0,城戸義政,1:14.2,1/2,227.7,11.0,482(+2),[西] 羽月友彦,202308010107
8,7,10,バンドールロゼ,牡4,57.0,小沢大仁,1:14.3,1/2,20.8,8.0,476(+6),[西] 松永昌博,202308010107
9,3,3,スエヒロヴァン,牝5,53.0,田口貫太,1:14.6,1.1/2,265.0,12.0,468(+10),[西] 藤沢則雄,202308010107
10,4,5,ナオミニデレデレヤ,牝4,56.0,北村友一,1:14.9,2,78.6,10.0,470(+1),[西] 畑端省吾,202308010107
11,1,1,アメリカンピース,セ5,58.0,松田大作,1:15.0,3/4,13.0,6.0,458(+12),[西] 音無秀孝,202308010107
12,5,6,ジョーフェイス,牡4,58.0,小崎綾也,1:15.3,1.1/2,31.5,9.0,500(+20),[西] 小崎憲,202308010107
13,6,9,メイブツシャチョウ,セ7,55.0,大久保友,1:15.7,2.1/2,350.9,13.0,474(+34),[西] 藤沢則雄,202308010107
1,3,4,セレッソ,牝4,56.0,川田将雅,1:53.7,,2.7,1.0,466(+4),[西] 長谷川浩,202308010108
2,2,2,フォレストキャット,牝5,56.0,藤岡康太,1:54.2,3,7.4,4.0,482(+6),[西] 野中賢二,202308010108
3,8,14,ウィシンクアスク,牝4,56.0,岩田望来,1:54.3,1/2,3.7,2.0,482(-10),[西] 野中賢二,202308010108
4,7,12,プルモナリア,牝5,56.0,藤岡佑介,1:54.5,1.1/4,27.1,8.0,478(+4),[西] 中竹和也,202308010108
5,1,1,ヴェールアップ,牝5,56.0,鮫島克駿,1:54.9,2.1/2,5.3,3.0,484(-4),[西] 橋口慎介,202308010108
6,6,10,アルムファーツリー,牝5,56.0,和田竜二,1:55.0,アタマ,220.7,13.0,474(-2),[西] 川村禎彦,202308010108
7,3,3,マテンロウルビー,牝5,53.0,今村聖奈,1:55.3,2,53.5,9.0,460(-2),[西] 野中賢二,202308010108
8,6,9,サウザンドスマイル,牝6,55.0,角田大河,1:55.8,2.1/2,95.0,11.0,490(0),[西] 河内洋,202308010108
9,5,8,スマートムーラン,牝4,56.0,松山弘平,1:56.0,1.1/4,7.9,5.0,458(+4),[西] 大久保龍,202308010108
10,8,13,ハギノメーテル,牝4,56.0,小崎綾也,1:56.2,1,110.2,12.0,476(+8),[西] 寺島良,202308010108
11,5,7,ビルボードクィーン,牝5,53.0,田口貫太,1:56.4,1.1/4,86.7,10.0,454(+6),[西] 小崎憲,202308010108
12,7,11,ウインホノカ,牝7,53.0,大久保友,1:56.6,1.1/4,572.6,14.0,420(+2),[東] 本間忍,202308010108
13,4,5,ネフェルタリ,牝5,56.0,坂井瑠星,2:02.8,大,25.9,7.0,504(+2),[西] 高柳大輔,202308010108
14,4,6,ジェイエルエース,牝4,56.0,酒井学,2:15.3,大,24.6,6.0,480(0),[東] 小西一男,202308010108
1,5,5,プッシュオン,牡3,56.0,武豊,1:45.0,,2.1,1.0,438(-8),[西] 西村真幸,202308010109
2,6,6,フェイト,牡3,56.0,坂井瑠星,1:45.1,1/2,3.9,2.0,476(-4),[西] 矢作芳人,202308010109
3,8,8,アンテロース,牡3,56.0,吉田隼人,1:45.6,3,43.4,7.0,436(0),[西] 岡田稲男,202308010109
4,2,2,トーアライデン,牡3,56.0,中井裕二,1:45.8,1.1/4,13.0,6.0,476(+6),[西] 村山明,202308010109
5,1,1,ワイドアラジン,牡3,56.0,小沢大仁,1:45.9,クビ,45.6,8.0,482(+10),[西] 奥村豊,202308010109
6,7,7,システムリブート,牡3,56.0,北村友一,1:45.9,クビ,6.4,3.0,504(+2),[西] 吉岡辰弥,202308010109
7,3,3,フミサウンド,牡3,56.0,岩田望来,1:46.4,2.1/2,7.3,4.0,442(+16),[東] 鹿戸雄一,202308010109
8,4,4,サンライズフォルス,牡3,56.0,藤岡康太,1:46.4,クビ,8.5,5.0,500(-4),[西] 羽月友彦,202308010109
1,6,11,ヴィジョンオブラヴ,牡8,58.0,池添謙一,2:00.1,,31.7,10.0,508(-8),[東] 新開幸一,202308010110
2,2,4,ヒミノフラッシュ,牡5,58.0,和田竜二,2:00.3,1,17.9,8.0,556(0),[西] 川村禎彦,202308010110
3,3,5,クロニクル,牡4,58.0,吉田隼人,2:00.4,1/2,3.1,1.0,512(+4),[西] 田中克典,202308010110
4,8,16,トウセツ,牡4,58.0,藤岡康太,2:00.5,3/4,4.3,2.0,476(-2),[西] 杉山佳明,202308010110
5,1,1,クリノホノオ,牡6,58.0,藤岡佑介,2:00.5,ハナ,144.8,14.0,490(-4),[西] 谷潔,202308010110
6,4,7,シルバーエース,牡6,58.0,松山弘平,2:00.5,アタマ,16.2,7.0,472(+2),[西] 橋口慎介,202308010110
7,2,3,ダッチマン,セ6,58.0,酒井学,2:00.6,1/2,106.4,13.0,466(+4),[西] 音無秀孝,202308010110
8,3,6,セブンスレター,牡4,58.0,黛弘人,2:00.7,クビ,13.0,6.0,488(0),[東] 武井亮,202308010110
9,4,8,サンライズシェリー,牡6,58.0,松若風馬,2:00.9,1.1/4,24.4,9.0,486(0),[西] 河内洋,202308010110
10,1,2,ポッドボレット,牡4,58.0,鮫島克駿,2:01.3,2.1/2,11.4,4.0,516(0),[西] 辻野泰之,202308010110
11,5,10,ジロー,牡6,58.0,水口優也,2:01.5,1.1/2,54.0,11.0,482(0),[西] 岡田稲男,202308010110
12,5,9,ワンダーエカルテ,牝7,56.0,長岡禎仁,2:01.6,3/4,335.6,16.0,520(+2),[西] 石橋守,202308010110
13,8,15,モンテディオ,牡5,58.0,武豊,2:01.8,1.1/4,4.6,3.0,480(-8),[西] 四位洋文,202308010110
14,7,14,カネコメノボル,セ6,58.0,森裕太朗,2:01.9,クビ,219.0,15.0,444(+4),[西] 中尾秀正,202308010110
15,6,12,アノ,牡7,58.0,国分恭介,2:01.9,クビ,98.6,12.0,462(-4),[西] 小栗実,202308010110
16,7,13,レガーメペスカ,牡6,58.0,幸英明,2:03.0,7,12.5,5.0,490(-8),[西] 松永昌博,202308010110
1,5,10,ドンフランキー,牡4,57.0,池添謙一,1:10.8,,2.7,2.0,598(0),[西] 斉藤崇史,202308010111
2,7,14,サイクロトロン,牡6,58.0,松山弘平,1:11.1,2,11.3,3.0,526(+6),[西] 音無秀孝,202308010111
3,1,1,サンライズアムール,牡4,57.0,川田将雅,1:11.2,クビ,2.7,1.0,512(+4),[西] 小林真也,202308010111
4,7,13,ピアシック,牡7,57.0,武豊,1:12.1,5,13.6,5.0,512(-6),[西] 森秀行,202308010111
5,1,2,メイショウミライ,牡8,57.0,国分恭介,1:12.3,1,113.5,14.0,504(-2),[西] 西園翔太,202308010111
6,4,7,オーヴァーネクサス,牡6,58.0,北村友一,1:12.3,クビ,23.3,8.0,502(0),[西] 松下武士,202308010111
7,6,12,イモータルスモーク,牡6,57.0,岩田康誠,1:12.3,ハナ,137.6,15.0,520(+2),[東] 金成貴史,202308010111
8,3,5,レッドゲイル,牡4,57.0,藤岡佑介,1:12.4,クビ,12.4,4.0,472(0),[東] 手塚貴久,202308010111
9,8,16,ワルツフォーラン,牝6,55.0,酒井学,1:12.4,クビ,22.1,7.0,480(-8),[東] 小西一男,202308010111
10,4,8,リアンクール,牝5,55.0,岩田望来,1:13.0,3.1/2,24.2,9.0,488(+2),[西] 安田隆行,202308010111
11,2,3,トウカイエトワール,牡6,57.0,鮫島克駿,1:13.3,1.1/2,76.9,13.0,512(0),[西] 茶木太樹,202308010111
12,6,11,シゲルホサヤク,牡5,57.0,高倉稜,1:13.3,クビ,74.0,12.0,466(-8),[西] 服部利之,202308010111
13,2,4,カセノダンサー,牝4,55.0,吉田隼人,1:14.3,6,17.2,6.0,478(+8),[西] 中尾秀正,202308010111
14,3,6,アメリカンシード,牡6,58.0,松若風馬,1:14.3,クビ,53.5,11.0,486(0),[西] 音無秀孝,202308010111
15,8,15,ヤマトコウセイ,牝4,55.0,小林脩斗,1:14.5,1.1/4,37.1,10.0,466(0),[東] 武井亮,202308010111
16,5,9,シャイニーブランコ,牡7,57.0,浜中俊,1:15.7,7,165.5,16.0,460(+2),[西] 小林真也,202308010111
1,4,4,アスクコンナモンダ,牡4,58.0,川田将雅,1:32.4,,2.0,1.0,448(-2),[西] 中内田充,202308010112
2,8,10,ディオ,牡4,58.0,岩田望来,1:32.4,クビ,3.4,2.0,492(-4),[西] 辻野泰之,202308010112
3,5,5,メイショウベッピン,牝6,56.0,武豊,1:32.6,1,11.8,4.0,492(+2),[西] 荒川義之,202308010112
4,8,11,メイショウカクウン,牡8,57.0,角田大河,1:32.6,クビ,129.9,11.0,462(-2),[西] 石橋守,202308010112
5,6,7,シティレインボー,牡5,58.0,池添謙一,1:32.6,ハナ,20.3,5.0,488(-6),[西] 北出成人,202308010112
6,1,1,ムーンリットナイト,牡4,58.0,松山弘平,1:32.7,3/4,6.3,3.0,496(-4),[西] 加用正,202308010112
7,2,2,ヒルノショパン,牡4,58.0,古川吉洋,1:32.9,1.1/4,50.0,9.0,446(+2),[西] 昆貢,202308010112
8,7,8,パンドレア,牝4,56.0,坂井瑠星,1:33.0,3/4,29.4,8.0,450(+10),[西] 斉藤崇史,202308010112
9,3,3,ジャッカル,牡5,55.0,今村聖奈,1:33.2,1.1/4,54.2,10.0,508(-2),[西] 吉岡辰弥,202308010112
10,7,9,テーオーアマゾン,牡7,58.0,鮫島克駿,1:33.7,2.1/2,23.1,7.0,488(-2),[西] 浜田多実,202308010112
11,6,6,アルママ,牡7,58.0,和田竜二,1:36.2,大,20.6,6.0,478(-2),[東] 畠山吉宏,202308010112
1,8,18,キタサンダムール,牝3,54.0,岩田望来,1:46.8,,2.8,1.0,472(+14),[西] 清水久詞,202308010201
2,8,17,ガットネロ,牝3,54.0,坂井瑠星,1:46.8,クビ,4.0,3.0,470(-2),[西] 上村洋行,202308010201
3,1,1,スイミーユニバンス,牝3,54.0,北村友一,1:47.1,1.3/4,2.8,2.0,428(+4),[西] 平田修,202308010201
4,6,11,タガノトラリア,牝3,54.0,団野大成,1:47.2,1/2,50.5,8.0,442(+6),[西] 斉藤崇史,202308010201
5,6,12,ニホンピロアリー,牝3,51.0,田口貫太,1:47.3,クビ,22.1,6.0,422(+4),[西] 服部利之,202308010201
6,7,14,メイショウノブカ,牝3,54.0,武豊,1:47.3,ハナ,15.3,5.0,508(0),[西] 本田優,202308010201
7,4,7,サツキスマイル,牝3,51.0,今村聖奈,1:48.0,4,81.7,9.0,402(0),[西] 寺島良,202308010201
8,2,4,ニホンピロソラーナ,牝3,54.0,吉田隼人,1:48.1,3/4,103.3,11.0,452(+12),[西] 大橋勇樹,202308010201
9,8,16,ブルーペクトライト,牝3,54.0,池添謙一,1:48.3,1.1/2,31.4,7.0,468(+2),[西] 池添学,202308010201
10,1,2,ヤマニンバシリーサ,牝3,53.0,角田大河,1:48.4,クビ,214.4,16.0,462(-6),[西] 千田輝彦,202308010201
11,7,15,サンアレックス,牝3,54.0,国分恭介,1:48.4,ハナ,267.5,17.0,450(0),[西] 安達昭夫,202308010201
12,3,6,ルージュレヴール,牝3,54.0,秋山真一,1:48.4,ハナ,14.6,4.0,470(0),[西] 須貝尚介,202308010201
13,5,9,キタノファルクス,牝3,54.0,酒井学,1:48.5,3/4,298.1,18.0,380(-4),[西] 高橋康之,202308010201
14,7,13,クーファアドーブス,牝3,54.0,藤岡康太,1:48.6,1/2,188.1,14.0,434(+6),[西] 四位洋文,202308010201
15,3,5,アーケイディア,牝3,54.0,古川吉洋,1:48.8,1.1/2,102.5,10.0,478(+12),[西] 飯田祐史,202308010201
16,2,3,ラホーヤストーム,牝3,53.0,小沢大仁,1:48.9,3/4,173.2,13.0,466(+6),[西] 松永昌博,202308010201
17,5,10,ルクスシャロン,牝3,54.0,藤岡佑介,1:49.1,1,119.5,12.0,460(+6),[西] 四位洋文,202308010201
18,4,8,ドゥミプリエ,牝3,54.0,岡田祥嗣,1:49.2,1/2,196.6,15.0,504(0),[西] 藤原英昭,202308010201
1,2,3,エメラルドビーチ,牡3,56.0,横山典弘,1:25.1,,2.7,1.0,530(-4),[西] 大久保龍,202308010202
2,1,1,エイシンレジューム,牡3,56.0,吉田隼人,1:25.3,3/4,3.9,3.0,502(+2),[西] 中尾秀正,202308010202
3,6,11,マンティコア,牡3,55.0,角田大河,1:25.7,2.1/2,2.9,2.0,526(+2),[西] 鮫島一歩,202308010202
4,6,12,コロル,牝3,53.0,小沢大仁,1:26.0,2,14.8,5.0,462(-6),[西] 奥村豊,202308010202
5,5,10,アマルナ,牝3,54.0,北村友一,1:26.7,4,12.2,4.0,464(0),[西] 田中克典,202308010202
6,4,8,フレッチャネーラ,牡3,56.0,田中健,1:26.8,クビ,41.2,7.0,474(0),[西] 荒川義之,202308010202
7,1,2,ミフネ,牡3,56.0,松山弘平,1:26.9,3/4,120.8,12.0,488(-4),[西] 北出成人,202308010202
8,2,4,デュアルモーション,牝3,54.0,川須栄彦,1:26.9,クビ,48.8,8.0,432(-4),[西] 松下武士,202308010202
9,8,16,ヒロノオオゾラ,牡3,56.0,松若風馬,1:27.2,1.3/4,76.7,10.0,498(0),[西] 宮本博,202308010202
10,3,5,ヴォランテ,牡3,56.0,長岡禎仁,1:27.4,1.1/4,199.9,14.0,456(0),[西] 羽月友彦,202308010202
11,7,14,ラプトゥリー,牝3,51.0,西塚洸二,1:27.6,3/4,90.5,11.0,486(-4),[西] 中竹和也,202308010202
12,8,15,ハートフルアース,牡3,56.0,幸英明,1:27.6,クビ,64.7,9.0,488(+6),[西] 吉岡辰弥,202308010202
13,4,7,クワイエットドーン,牡3,56.0,坂井瑠星,1:27.8,1.1/4,24.8,6.0,500(+14),[西] 矢作芳人,202308010202
14,7,13,ウインダンスタイム,牝3,54.0,国分優作,1:28.4,3.1/2,331.1,15.0,440(0),[西] 宮本博,202308010202
15,3,6,ピエルナフェルテ,牡3,56.0,酒井学,1:28.8,2,191.2,13.0,500(0),[西] 小崎憲,202308010202
16,5,9,グレイスオブゴッド,牝3,54.0,水口優也,1:28.9,3/4,450.0,16.0,476(-6),[西] 服部利之,202308010202
1,6,12,ダイリュウホマレ,牝3,54.0,松山弘平,1:13.2,,19.6,8.0,442(0),[西] 橋口慎介,202308010203
2,1,2,メイショウネムノキ,牝3,54.0,池添謙一,1:13.2,アタマ,4.2,2.0,494(-8),[西] 池添学,202308010203
3,2,3,カネトシフラム,牝3,54.0,武豊,1:13.6,2,2.4,1.0,448(-4),[西] 大橋勇樹,202308010203
4,3,5,スナークメモリー,牝3,54.0,国分恭介,1:13.6,ハナ,47.8,9.0,428(-4),[西] 川村禎彦,202308010203
5,5,9,ジオジーニー,牝3,54.0,西村淳也,1:13.7,1,15.7,5.0,434(+4),[西] 辻野泰之,202308010203
6,7,14,ココラフィネ,牝3,51.0,今村聖奈,1:13.9,1,71.9,11.0,444(-2),[西] 岡田稲男,202308010203
7,7,13,アエディフィカータ,牝3,54.0,松田大作,1:14.1,1.1/2,116.5,12.0,440(+2),[西] 武英智,202308010203
8,4,8,バスドラムガール,牝3,54.0,水口優也,1:14.2,クビ,4.9,3.0,448(-6),[西] 羽月友彦,202308010203
9,8,15,ショウナンマナ,牝3,54.0,松若風馬,1:14.4,1.1/4,17.3,6.0,460(-6),[西] 吉村圭司,202308010203
10,6,11,アルティジャナーレ,牝3,54.0,吉田隼人,1:14.4,ハナ,10.0,4.0,446(+2),[西] 茶木太樹,202308010203
11,2,4,セレッソサンライズ,牝3,54.0,幸英明,1:14.5,1,52.5,10.0,408(+12),[西] 新谷功一,202308010203
12,3,6,リリノエ,牝3,53.0,角田大河,1:15.6,7,18.2,7.0,488(+4),[西] 野中賢二,202308010203
13,8,16,スノーヴァース,牝3,51.0,田口貫太,1:16.0,2.1/2,125.7,13.0,392(+4),[西] 大根田裕,202308010203
14,5,10,カフジガラーニ,牝3,54.0,酒井学,1:16.5,3,457.0,14.0,438(-8),[西] 木原一良,202308010203
15,4,7,ラインパシュート,牝3,53.0,小沢大仁,1:18.6,大,513.2,15.0,464(0),[西] 松永昌博,202308010203
除,1,1,オースミシエロ,牝3,51.0,大久保友,,,---,,484(-2),[西] 木原一良,202308010203
1,7,10,ショーヘーフェイス,牡3,56.0,団野大成,1:54.2,,2.8,1.0,556(-4),[西] 荒川義之,202308010204
2,8,12,メイショウクモイ,牡3,56.0,武豊,1:54.6,2.1/2,2.8,2.0,466(0),[西] 飯田祐史,202308010204
3,2,2,バブルアップハート,牡3,56.0,酒井学,1:54.6,アタマ,10.2,5.0,546(-6),[西] 高橋康之,202308010204
4,5,7,イージスバローズ,牡3,56.0,川田将雅,1:55.4,5,6.3,4.0,456(-4),[西] 中内田充,202308010204
5,4,5,セイウンカノープス,牡3,56.0,松若風馬,1:55.7,1.3/4,50.2,8.0,476(-2),[西] 宮本博,202308010204
6,4,4,プレイサーゴールド,牡3,56.0,荻野琢真,1:55.8,1,4.8,3.0,498(-8),[西] 今野貞一,202308010204
7,6,8,ヒロピアーナ,牡3,56.0,小崎綾也,1:56.2,2.1/2,460.1,11.0,506(-2),[西] 川村禎彦,202308010204
8,3,3,トリシューラ,牡3,56.0,加藤祥太,1:56.7,3,477.2,12.0,452(0),[西] 杉山佳明,202308010204
9,7,11,ブレイヴアロウ,牡3,56.0,坂井瑠星,1:57.2,2.1/2,52.0,9.0,496(+6),[西] 矢作芳人,202308010204
10,1,1,レッドマグナス,牡3,55.0,小沢大仁,1:57.2,クビ,49.8,7.0,486(-2),[西] 緒方努,202308010204
11,6,9,ウインルベライト,牝3,51.0,今村聖奈,1:57.3,クビ,46.8,6.0,424(+4),[西] 寺島良,202308010204
12,8,13,アデラパフューム,牝3,54.0,岡田祥嗣,1:57.7,2.1/2,489.9,13.0,454(-4),[西] 小林真也,202308010204
13,5,6,ルーヴェローチェ,牡3,56.0,国分恭介,2:00.2,大,90.5,10.0,502(+2),[西] 川村禎彦,202308010204
1,6,11,ラケマーダ,牡3,56.0,松山弘平,1:32.7,,2.3,1.0,492(-4),[西] 千田輝彦,202308010205
2,8,16,ヴィヴィッシモ,牡3,56.0,武豊,1:33.5,5,7.4,5.0,448(-2),[西] 松永幹夫,202308010205
3,6,12,ウマピョイ,牝3,53.0,角田大河,1:33.6,1/2,7.0,3.0,446(+4),[西] 角田晃一,202308010205
4,4,7,ダノンヒューマ,牡3,56.0,坂井瑠星,1:33.6,クビ,7.1,4.0,468(-6),[西] 大久保龍,202308010205
5,3,5,ワカタツフェイス,牝3,54.0,西村淳也,1:34.0,2.1/2,4.2,2.0,448(-4),[西] 森田直行,202308010205
6,3,6,キールロワイヤル,牡3,56.0,森一馬,1:34.3,1.1/2,82.9,10.0,468(0),[西] 斉藤崇史,202308010205
7,2,3,シントーチャチャ,牝3,54.0,長岡禎仁,1:34.3,アタマ,57.5,9.0,428(0),[西] 清水久詞,202308010205
8,8,17,メンヒ,牡3,56.0,松若風馬,1:34.3,ハナ,113.4,12.0,512(-10),[西] 河内洋,202308010205
9,4,8,ヒルデブランド,牡3,56.0,幸英明,1:34.3,アタマ,48.4,8.0,494(-16),[西] 大根田裕,202308010205
10,7,15,ライジングホープ,牝3,54.0,北村友一,1:34.3,クビ,28.2,6.0,424(+2),[西] 松下武士,202308010205
11,2,4,コンフルエンス,牡3,56.0,岩田望来,1:34.4,1/2,85.7,11.0,486(0),[西] 笹田和秀,202308010205
12,5,10,サトノラピス,牝3,51.0,西塚洸二,1:34.4,ハナ,251.2,16.0,444(+2),[西] 須貝尚介,202308010205
13,7,14,イーヴイ,牡3,56.0,団野大成,1:34.4,クビ,130.2,14.0,444(-8),[西] 鮫島一歩,202308010205
14,1,2,シホノインプルソ,牡3,56.0,藤岡康太,1:34.9,2.1/2,161.4,15.0,450(0),[西] 杉山佳明,202308010205
15,8,18,ネーブル,牝3,51.0,今村聖奈,1:35.0,1/2,118.7,13.0,442(-8),[西] 平田修,202308010205
16,7,13,チュウワステート,牡3,56.0,小崎綾也,1:35.3,1.3/4,28.4,7.0,470(-10),[西] 小崎憲,202308010205
17,5,9,マーマネ,牝3,54.0,城戸義政,1:36.7,9,572.0,17.0,430(0),[西] 梅田智之,202308010205
取,1,1,コンクイスタ,牡3,56.0,国分優作,,,---,,計不,[西] 吉岡辰弥,202308010205
1,3,3,ヤマニンウルス,牡3,56.0,武豊,1:52.3,,1.2,1.0,560(+24),[西] 斉藤崇史,202308010206
2,6,6,マリアナトレンチ,牡3,56.0,松若風馬,1:53.3,6,19.5,4.0,466(-2),[西] 音無秀孝,202308010206
3,1,1,バンドマスター,牡3,56.0,松山弘平,1:53.5,1.1/4,3.9,2.0,496(+4),[西] 茶木太樹,202308010206
4,4,4,イエスウィズキャン,牡3,55.0,小沢大仁,1:53.5,アタマ,66.2,7.0,542(-4),[西] 松永昌博,202308010206
5,5,5,ロードラディウス,牡3,56.0,西村淳也,1:53.9,2.1/2,18.5,3.0,472(0),[西] 森田直行,202308010206
6,8,8,クールブロン,牡3,56.0,岩田望来,1:54.4,2.1/2,34.6,6.0,516(-4),[西] 武幸四郎,202308010206
7,2,2,サンライズパスカル,牡3,56.0,吉田隼人,1:54.4,クビ,22.2,5.0,524(0),[西] 石坂公一,202308010206
8,7,7,ジョータルマエ,牡3,55.0,角田大河,1:56.1,10,72.7,9.0,492(+8),[西] 中竹和也,202308010206
9,8,9,ワイドカイゼリン,牝3,54.0,藤岡佑介,1:56.5,2.1/2,66.3,8.0,476(+2),[西] 奥村豊,202308010206
1,8,17,エクセトラ,牡4,58.0,ルメール,1:20.2,,5.9,2.0,524(+28),[西] 吉村圭司,202308010207
2,5,9,コーリングユー,牝4,56.0,北村友一,1:20.4,1.1/2,7.3,5.0,440(+6),[西] 安田隆行,202308010207
3,7,15,リゴレット,牝4,56.0,幸英明,1:20.8,2.1/2,114.0,14.0,446(+8),[西] 羽月友彦,202308010207
4,4,7,バルタザール,牡4,58.0,西村淳也,1:20.9,クビ,14.3,8.0,494(0),[西] 茶木太樹,202308010207
5,6,12,アスクオンディープ,セ4,55.0,西塚洸二,1:20.9,アタマ,5.6,1.0,482(-8),[西] 藤原英昭,202308010207
6,4,8,ダイシンビヨンド,牝4,56.0,松若風馬,1:20.9,ハナ,5.9,3.0,456(+4),[西] 梅田智之,202308010207
7,5,10,デヴィルズマーブル,セ4,58.0,団野大成,1:21.0,1/2,16.2,9.0,480(+4),[西] 斉藤崇史,202308010207
8,7,14,ジャマン,牝4,56.0,酒井学,1:21.0,アタマ,21.3,11.0,470(-10),[西] 高橋康之,202308010207
9,3,6,エクロール,牝4,56.0,藤岡佑介,1:21.0,ハナ,53.7,12.0,434(+4),[西] 長谷川浩,202308010207
10,2,3,アンジェリーナ,牝4,56.0,横山典弘,1:21.0,クビ,7.0,4.0,432(-2),[西] 昆貢,202308010207
11,6,11,パタゴニア,牝5,56.0,吉田隼人,1:21.1,クビ,9.6,6.0,502(+8),[西] 池添学,202308010207
12,1,2,キタサンシュガー,牝4,56.0,坂井瑠星,1:21.1,クビ,14.0,7.0,446(+4),[西] 清水久詞,202308010207
13,1,1,トラーパニ,牝4,55.0,小沢大仁,1:21.1,ハナ,182.0,17.0,462(+8),[西] 上村洋行,202308010207
14,2,4,ユイ,牝4,56.0,藤岡康太,1:21.4,1.1/2,143.4,16.0,444(+12),[西] 高橋康之,202308010207
15,8,18,シゲルイワイザケ,牝4,56.0,松山弘平,1:21.4,アタマ,21.1,10.0,510(+36),[西] 渡辺薫彦,202308010207
16,3,5,サトノキリンジ,牡4,55.0,今村聖奈,1:22.0,3.1/2,129.7,15.0,456(0),[西] 平田修,202308010207
17,7,13,ハイエログリフ,牝5,55.0,角田大河,1:22.1,1/2,93.2,13.0,444(-6),[西] 小栗実,202308010207
18,8,16,ナリタエール,牝5,56.0,国分恭介,1:23.4,8,234.1,18.0,406(-2),[西] 宮本博,202308010207
1,7,12,ホウオウフウジン,牡4,58.0,坂井瑠星,1:59.1,,2.5,1.0,532(+22),[西] 矢作芳人,202308010208
2,8,14,ウインヴェルデ,牡4,58.0,松山弘平,2:00.6,9,9.8,5.0,484(+2),[西] 加用正,202308010208
3,1,1,グローツラング,牡4,58.0,武豊,2:01.0,2,6.7,3.0,518(-4),[西] 安達昭夫,202308010208
4,4,5,ジルバーン,牡4,58.0,横山典弘,2:01.1,3/4,4.8,2.0,428(+4),[西] 武英智,202308010208
5,5,8,シュピカ,牝5,56.0,竹之下智,2:01.3,1.1/2,48.1,10.0,482(+10),[西] 千田輝彦,202308010208
6,6,10,メイショウホタルビ,牝5,53.0,田口貫太,2:01.4,クビ,14.0,6.0,436(+4),[西] 大橋勇樹,202308010208
7,2,2,タロファイター,牡4,58.0,幸英明,2:01.6,1.1/2,24.3,9.0,456(-2),[西] 中尾秀正,202308010208
8,6,9,レッドシリウス,牡6,58.0,藤懸貴志,2:01.9,1.1/2,15.1,7.0,572(+30),[西] 千田輝彦,202308010208
9,4,6,ナムラスワガー,牡5,58.0,城戸義政,2:03.3,8,18.8,8.0,480(-6),[西] 荒川義之,202308010208
10,5,7,レスペディーザ,牝5,56.0,池添謙一,2:03.9,3.1/2,63.1,11.0,430(-4),[西] 松永幹夫,202308010208
11,3,4,ココロノエンジェル,牝5,56.0,荻野琢真,2:04.1,1.1/2,301.3,14.0,452(+4),[西] 藤沢則雄,202308010208
12,3,3,エルデスペラード,牡4,58.0,古川吉洋,2:04.5,2.1/2,70.8,12.0,440(0),[西] 橋口慎介,202308010208
13,7,11,スーパーショット,牡4,57.0,小沢大仁,2:04.9,2,187.1,13.0,466(-2),[西] 岡田稲男,202308010208
14,8,13,キングリスティア,セ7,58.0,団野大成,2:04.9,アタマ,9.1,4.0,516(+4),[西] 河内洋,202308010208
1,8,9,サジェス,牡5,58.0,団野大成,2:13.8,,8.6,5.0,454(+4),[西] 中尾秀正,202308010209
2,3,3,ジェンヌ,牝4,56.0,ルメール,2:13.8,クビ,6.6,4.0,424(+4),[西] 安達昭夫,202308010209
3,8,10,イヤサカ,牝5,56.0,酒井学,2:13.9,1/2,27.4,6.0,484(-8),[東] 天間昭一,202308010209
4,1,1,ゲーテローズ,牝4,56.0,吉田隼人,2:14.0,1/2,5.1,2.0,442(+10),[西] 武英智,202308010209
5,6,6,リアド,牡4,58.0,川田将雅,2:14.0,クビ,1.9,1.0,480(-6),[西] 友道康夫,202308010209
6,2,2,ダノンターキッシュ,牡5,58.0,松山弘平,2:14.0,ハナ,6.3,3.0,458(+2),[西] 寺島良,202308010209
7,4,4,ピノクル,牡7,58.0,浜中俊,2:14.1,1/2,34.2,8.0,490(-6),[西] 音無秀孝,202308010209
8,5,5,ブルーゲート,牝4,56.0,今村聖奈,2:14.3,1.1/4,30.4,7.0,434(0),[東] 武井亮,202308010209
9,7,8,キボウノダイチ,セ8,58.0,田中健,2:14.8,3,124.0,9.0,502(+4),[西] 飯田雄三,202308010209
10,7,7,マイネルステレール,牡7,58.0,国分優作,2:14.9,クビ,224.7,10.0,486(-4),[東] 菊川正達,202308010209
1,5,7,エンペザー,牡4,57.0,坂井瑠星,1:45.4,,3.9,1.0,492(+2),[西] 田中克典,202308010210
2,7,11,トウシンモンブラン,牝5,54.0,松山弘平,1:45.4,アタマ,14.2,8.0,494(+12),[西] 杉山晴紀,202308010210
3,7,12,ホウオウラスカーズ,牝5,53.0,西村淳也,1:45.6,1,8.4,5.0,450(-2),[東] 高木登,202308010210
4,3,3,シルヴェリオ,牡6,57.0,幸英明,1:45.8,1.1/4,6.2,3.0,514(+2),[西] 池添学,202308010210
5,2,2,ローゼライト,牝5,54.0,武豊,1:45.9,1/2,5.5,2.0,444(+4),[西] 清水久詞,202308010210
6,6,10,ハーランズハーツ,牡6,55.0,北村友一,1:45.9,ハナ,18.5,9.0,440(-4),[西] 橋口慎介,202308010210
7,8,13,アオイシンゴ,セ9,56.0,ルメール,1:45.9,クビ,11.1,7.0,492(-8),[東] 古賀慎明,202308010210
8,5,8,ゴーゴーユタカ,牡4,56.0,岩田康誠,1:46.0,クビ,8.4,6.0,478(+2),[東] 武井亮,202308010210
9,1,1,メイケイハリアー,牡7,54.0,古川吉洋,1:46.1,1/2,70.9,11.0,492(+4),[西] 木原一良,202308010210
10,4,5,ニホンピロタイズ,牡5,55.0,酒井学,1:46.1,ハナ,30.0,10.0,514(-2),[西] 大橋勇樹,202308010210
11,4,6,ドンアルゴス,牡8,53.0,川島信二,1:46.2,1/2,136.9,13.0,530(-8),[西] 庄野靖志,202308010210
12,6,9,ダノンドリーマー,牡5,54.0,岩田望来,1:46.3,3/4,76.7,12.0,484(0),[西] 藤原英昭,202308010210
13,8,14,ソウルトレイン,牡6,57.0,横山典弘,1:46.5,1.1/2,7.4,4.0,484(-12),[西] 昆貢,202308010210
14,3,4,エターナルヴィテス,牡7,52.0,水口優也,1:46.7,1,192.1,14.0,476(-14),[東] 松山将樹,202308010210
1,6,10,シュネルマイスター,牡5,58.0,ルメール,1:31.5,,2.5,1.0,490(-14),[東] 手塚貴久,202308010211
2,4,7,ガイアフォース,牡4,58.0,西村淳也,1:31.5,クビ,8.2,4.0,486(-10),[西] 杉山晴紀,202308010211
3,8,15,ソウルラッシュ,牡5,58.0,松山弘平,1:31.6,クビ,4.5,3.0,512(+8),[西] 池江泰寿,202308010211
4,7,13,シャイニーロック,牡7,57.0,酒井学,1:31.6,アタマ,115.0,11.0,516(+6),[西] 佐々木晶,202308010211
5,5,8,マテンロウオリオン,牡4,57.0,横山典弘,1:31.7,クビ,24.8,7.0,492(+2),[西] 昆貢,202308010211
6,6,11,ビーアストニッシド,牡4,57.0,岩田康誠,1:31.8,1,53.5,10.0,480(+2),[西] 飯田雄三,202308010211
7,7,12,キングエルメス,牡4,57.0,坂井瑠星,1:31.9,クビ,23.5,6.0,494(-4),[西] 矢作芳人,202308010211
8,8,14,エアロロノア,牡6,57.0,武豊,1:32.0,3/4,13.7,5.0,498(+2),[西] 笹田和秀,202308010211
9,2,3,ジャスティンスカイ,牡4,57.0,川田将雅,1:32.0,アタマ,3.7,2.0,532(+2),[西] 友道康夫,202308010211
10,3,4,サヴァ,牡5,57.0,松若風馬,1:32.1,クビ,51.1,9.0,530(-4),[西] 上村洋行,202308010211
11,5,9,ザイツィンガー,牡7,57.0,北村友一,1:32.1,クビ,294.7,15.0,436(+4),[西] 牧田和弥,202308010211
12,1,1,グラティアス,牡5,57.0,Ｍ．デム,1:32.1,クビ,34.8,8.0,494(-2),[東] 宮田敬介,202308010211
13,2,2,トリプルエース,牡6,57.0,団野大成,1:32.2,クビ,274.6,14.0,492(-10),[西] 斉藤崇史,202308010211
14,3,5,ゴールデンシロップ,牡5,57.0,藤岡佑介,1:32.3,1/2,166.1,13.0,532(+4),[東] 木村哲也,202308010211
15,4,6,ダイメイフジ,牡9,57.0,池添謙一,1:33.1,5,159.3,12.0,528(+2),[西] 森田直行,202308010211
1,3,5,ナムラフランク,牡4,58.0,松山弘平,1:12.0,,3.5,2.0,490(-2),[西] 鈴木孝志,202308010212
2,1,1,スマートラプター,牡4,58.0,武豊,1:12.1,クビ,3.0,1.0,520(-4),[西] 西園正都,202308010212
3,2,3,ゼットノヴァ,牡4,58.0,幸英明,1:12.5,2.1/2,4.2,3.0,440(-2),[西] 吉田直弘,202308010212
4,6,12,ロングファイナリー,セ7,58.0,長岡禎仁,1:12.8,2,43.2,9.0,472(-10),[西] 高橋亮,202308010212
5,5,10,ロードジャスティス,牡4,57.0,角田大河,1:12.8,アタマ,13.7,5.0,464(+4),[西] 安田隆行,202308010212
6,3,6,オステリア,牡4,58.0,松田大作,1:13.0,1.1/4,122.6,15.0,498(0),[西] 宮本博,202308010212
7,7,13,オンザダブル,牡4,58.0,池添謙一,1:13.0,ハナ,22.5,6.0,516(+8),[西] 池添学,202308010212
8,4,8,ハクサンライラック,牝7,56.0,酒井学,1:13.0,クビ,67.1,12.0,506(0),[西] 飯田雄三,202308010212
9,7,14,ミスズメジャー,牡5,58.0,古川吉洋,1:13.3,1.1/2,73.7,13.0,486(+16),[西] 上村洋行,202308010212
10,4,7,バーンパッション,牡6,57.0,小沢大仁,1:13.4,3/4,260.9,16.0,480(0),[東] 中川公成,202308010212
11,6,11,アスカロン,牡5,58.0,岩田康誠,1:13.8,2.1/2,99.5,14.0,490(+1),[西] 森秀行,202308010212
12,5,9,エクサープト,牝4,56.0,川田将雅,1:13.9,クビ,7.6,4.0,492(+12),[西] 石坂公一,202308010212
13,8,16,ドンフクリン,牡4,58.0,藤岡康太,1:13.9,アタマ,40.5,7.0,470(+2),[西] 庄野靖志,202308010212
14,1,2,エバニスタ,牡4,55.0,田口貫太,1:14.2,2,52.2,10.0,490(+4),[西] 角田晃一,202308010212
15,8,15,サエールフェイス,牝4,56.0,坂井瑠星,1:14.6,2.1/2,42.0,8.0,476(+10),[西] 石橋守,202308010212
16,2,4,グラストンベリー,牝4,56.0,川須栄彦,1:14.8,3/4,58.7,11.0,422(0),[西] 藤岡健一,202308010212
1,3,5,ナイトアクアリウム,牡3,56.0,長岡禎仁,1:24.6,,15.4,6.0,484(-6),[西] 杉山佳明,202308010301
2,4,7,マイネルフォーコン,牡3,56.0,岩田望来,1:25.4,5,2.6,1.0,480(+14),[西] 西園翔太,202308010301
3,3,6,トモジャケーヤ,牡3,56.0,国分優作,1:25.8,2.1/2,4.6,2.0,518(0),[西] 大根田裕,202308010301
4,7,14,ルールメイプル,牝3,54.0,横山典弘,1:26.3,3.1/2,139.8,13.0,454(-4),[西] 北出成人,202308010301
5,7,13,メイショウホウセン,牡3,56.0,武豊,1:26.5,1,5.9,3.0,494(-8),[西] 千田輝彦,202308010301
6,8,16,ヒルノピレネー,牡3,56.0,松田大作,1:26.7,1.1/4,7.4,4.0,452(0),[西] 北出成人,202308010301
7,5,9,ブライテン,牝3,54.0,太宰啓介,1:26.7,アタマ,56.0,11.0,412(+2),[西] 高橋亮,202308010301
8,6,12,デルマツリダシ,牡3,56.0,鮫島克駿,1:26.9,1.1/4,9.9,5.0,512(0),[西] 畑端省吾,202308010301
9,8,15,ウインドワンピース,牡3,56.0,酒井学,1:27.3,2.1/2,232.9,14.0,536(-6),[西] 藤沢則雄,202308010301
10,6,11,メイショウメイプル,牡3,56.0,団野大成,1:27.3,アタマ,119.6,12.0,524(+12),[西] 河内洋,202308010301
11,1,1,アイリーンテーラー,牝3,54.0,川須栄彦,1:27.6,1.1/2,23.1,8.0,476(+2),[西] 緒方努,202308010301
12,2,4,ヴェルデシチー,牡3,53.0,田口貫太,1:27.8,1.1/2,17.2,7.0,458(+12),[西] 佐々木晶,202308010301
13,4,8,ツィスカリーゼ,牡3,56.0,幸英明,1:27.9,3/4,54.5,10.0,436(+2),[西] 牧田和弥,202308010301
14,2,3,メイショウギシオー,牡3,55.0,角田大河,1:28.1,1.1/4,49.5,9.0,518(0),[西] 池添学,202308010301
15,5,10,テイエムマクウチ,牡3,56.0,服部寿希,1:30.6,大,249.6,15.0,518(0),[西] 飯田雄三,202308010301
除,1,2,エイシンテムジン,牡3,56.0,松若風馬,,,---,,472(0),[西] 今野貞一,202308010301
1,8,15,ティエラサンタ,牡3,56.0,岩田望来,1:54.9,,29.0,7.0,498(0),[西] 西村真幸,202308010302
2,7,14,ピエナパイロ,牝3,50.0,河原田菜,1:55.2,1.3/4,8.1,6.0,472(0),[西] 渡辺薫彦,202308010302
3,7,13,アッチェレランド,牡3,56.0,藤岡佑介,1:55.4,1.1/4,47.3,9.0,576(-6),[西] 矢作芳人,202308010302
4,3,6,ガウロン,牡3,56.0,幸英明,1:55.7,1.1/2,71.4,10.0,526(+2),[西] 大根田裕,202308010302
5,5,9,アンフィテアトルム,牡3,56.0,荻野極,1:55.7,アタマ,45.6,8.0,528(-4),[西] 宮本博,202308010302
6,6,11,ブリリオ,牡3,56.0,藤岡康太,1:56.0,1.3/4,4.2,2.0,450(+6),[西] 野中賢二,202308010302
7,1,1,ポワンキュルミナン,牡3,56.0,鮫島克駿,1:56.1,1/2,4.9,3.0,424(+4),[西] 岡田稲男,202308010302
8,1,2,ネッケツシャチョウ,牡3,56.0,森裕太朗,1:56.1,クビ,250.7,16.0,536(0),[西] 藤沢則雄,202308010302
9,6,12,ヘラクレスノット,セ3,55.0,小沢大仁,1:56.3,1.1/2,197.1,12.0,458(+4),[西] 奥村豊,202308010302
10,2,3,アットアブラスト,牡3,56.0,松若風馬,1:56.5,1.1/4,240.2,15.0,472(-2),[西] 牧田和弥,202308010302
11,4,7,バレルロール,セ3,56.0,横山典弘,1:56.7,1,4.1,1.0,528(0),[西] 昆貢,202308010302
12,5,10,サイモンザナドゥ,牡3,56.0,浜中俊,1:56.7,ハナ,5.1,4.0,486(-6),[西] 小林真也,202308010302
13,2,4,ネイサンバローズ,牡3,56.0,団野大成,1:56.7,クビ,176.2,11.0,538(0),[西] 松下武士,202308010302
14,4,8,アルバートミノル,牡3,55.0,角田大河,1:57.0,1.1/2,7.4,5.0,492(+2),[西] 本田優,202308010302
15,8,16,ヴァレーニュ,牡3,56.0,国分恭介,1:57.8,5,219.6,13.0,502(0),[西] 西村真幸,202308010302
16,3,5,フクシマパープレイ,牡3,56.0,長岡禎仁,1:59.4,10,225.8,14.0,476(0),[西] 杉山佳明,202308010302
1,3,4,サファイア,牝3,54.0,岩田望来,1:33.8,,4.3,2.0,422(-4),[西] 辻野泰之,202308010303
2,4,6,テクノデザイン,牝3,54.0,武豊,1:34.0,1,17.0,7.0,436(+12),[西] 千田輝彦,202308010303
3,5,7,キタサンエルピス,牝3,54.0,横山典弘,1:34.0,クビ,11.6,6.0,468(+2),[西] 本田優,202308010303
4,2,2,ローブドゥマリエ,牝3,54.0,鮫島克駿,1:34.3,1.3/4,4.8,3.0,456(-4),[西] 梅田智之,202308010303
5,5,8,メイショウミヨシノ,牝3,51.0,田口貫太,1:34.3,アタマ,101.4,12.0,448(0),[西] 大橋勇樹,202308010303
6,6,9,ファルシオン,牝3,54.0,幸英明,1:34.3,アタマ,5.5,4.0,452(-4),[西] 羽月友彦,202308010303
7,7,12,トーホウビエント,牝3,54.0,松若風馬,1:34.6,1.1/2,53.6,9.0,442(-2),[西] 高橋亮,202308010303
8,3,3,ファイブセンス,牝3,54.0,藤岡佑介,1:34.6,クビ,3.8,1.0,448(0),[西] 中内田充,202308010303
9,1,1,ソパーズレーン,牝3,54.0,藤岡康太,1:34.7,3/4,7.0,5.0,466(0),[西] 奥村豊,202308010303
10,7,11,バズッチ,牝3,54.0,酒井学,1:35.7,6,112.1,13.0,462(-6),[西] 小林真也,202308010303
11,6,10,ポルコスピーノ,牝3,54.0,岩田康誠,1:35.9,1.1/4,91.1,11.0,524(+2),[西] 梅田智之,202308010303
12,8,13,クリノイシン,牝3,54.0,国分優作,1:36.0,1/2,331.2,14.0,454(-4),[西] 大橋勇樹,202308010303
13,8,14,ゼンノグリッター,牝3,54.0,国分恭介,1:36.7,4,43.6,8.0,418(0),[西] 茶木太樹,202308010303
14,4,5,シラーヴァイン,牝3,53.0,角田大河,1:39.5,大,76.3,10.0,370(0),[西] 小栗実,202308010303
1,8,13,タイガースパーク,牡3,53.0,田口貫太,1:54.0,,2.3,1.0,440(0),[西] 大橋勇樹,202308010304
2,1,1,ジョウショーパワー,牡3,56.0,幸英明,1:54.3,2,7.4,3.0,454(-2),[西] 中尾秀正,202308010304
3,2,2,シゲルソロソロ,牝3,54.0,和田翼,1:55.2,5,10.5,5.0,458(0),[西] 谷潔,202308010304
4,6,8,イサイアス,牡3,56.0,団野大成,1:56.2,6,10.6,6.0,448(-6),[西] 吉村圭司,202308010304
5,3,3,ロブロイズハート,牡3,56.0,藤岡康太,1:56.8,3.1/2,60.6,8.0,438(0),[西] 鮫島一歩,202308010304
6,4,5,デルマモナーク,牡3,56.0,横山和生,1:57.6,5,7.5,4.0,458(0),[西] 安田翔伍,202308010304
7,7,10,ミヤビラピート,牡3,56.0,荻野極,1:57.9,1.1/2,332.8,11.0,532(-4),[東] 高橋文雅,202308010304
8,4,4,ユーカリグニー,牡3,56.0,国分恭介,1:58.5,3.1/2,188.4,10.0,506(+2),[西] 大根田裕,202308010304
9,5,6,アヘッド,牝3,54.0,鮫島克駿,1:58.5,ハナ,22.2,7.0,458(+14),[西] 中竹和也,202308010304
10,8,12,エレンディル,牡3,56.0,森裕太朗,1:59.7,7,539.7,12.0,512(-2),[西] 羽月友彦,202308010304
11,7,11,レグナム,牡3,56.0,岩田望来,2:00.7,6,3.5,2.0,502(+14),[西] 野中賢二,202308010304
12,5,7,テイエムタイフーン,牡3,56.0,田中健,2:01.8,7,76.1,9.0,520(-18),[西] 武英智,202308010304
除,6,9,ドルヴァル,牡3,55.0,角田大河,,,---,,492(-4),[西] 池江泰寿,202308010304
1,6,9,アースクロニクル,牝3,54.0,団野大成,1:46.5,,3.5,2.0,472(0),[西] 斉藤崇史,202308010305
2,8,13,モズマーカッシン,牡3,56.0,鮫島克駿,1:46.7,1,5.7,4.0,452(0),[西] 高柳大輔,202308010305
3,5,7,アイヲヨブテーラー,牝3,54.0,幸英明,1:46.8,1/2,4.3,3.0,472(+2),[西] 河内洋,202308010305
4,1,1,メイショウオオミネ,牡3,55.0,角田大河,1:46.8,クビ,16.5,7.0,438(-2),[西] 石橋守,202308010305
5,2,2,タイガーミノル,牡3,56.0,荻野極,1:47.2,2.1/2,124.8,11.0,496(-4),[西] 北出成人,202308010305
6,8,12,ウインエリタージュ,牝3,54.0,松若風馬,1:47.4,1,110.2,10.0,382(0),[西] 宮徹,202308010305
7,7,11,テーオーエンゲルス,牡3,53.0,田口貫太,1:47.7,1.1/2,140.5,12.0,464(+2),[西] 須貝尚介,202308010305
8,4,4,ワンダフルグレイス,牝3,54.0,浜中俊,1:47.7,ハナ,14.4,5.0,472(+4),[西] 長谷川浩,202308010305
9,4,5,ニホンピロアレイ,牝3,50.0,河原田菜,1:47.7,クビ,325.2,13.0,450(-1),[西] 服部利之,202308010305
10,5,6,ドゥラレジリエント,牡3,56.0,武豊,1:47.8,クビ,3.3,1.0,510(+2),[西] 牧田和弥,202308010305
11,7,10,ボンドオブラヴ,牡3,56.0,国分優作,1:48.0,1.1/2,45.6,8.0,502(-8),[西] 矢作芳人,202308010305
12,6,8,リリーバローズ,牝3,54.0,岩田望来,1:48.6,3.1/2,15.3,6.0,440(0),[西] 寺島良,202308010305
13,3,3,レッドジェダイト,牡3,56.0,国分恭介,1:50.1,9,51.1,9.0,490(+12),[西] 安達昭夫,202308010305
1,2,2,アルーリングビュー,牝3,54.0,武豊,1:20.8,,1.5,1.0,474(+2),[西] 吉村圭司,202308010306
2,5,5,ルガル,牡3,56.0,鮫島克駿,1:20.8,ハナ,5.6,3.0,512(+6),[西] 杉山晴紀,202308010306
3,7,7,シンプリーオーサム,牡3,56.0,岩田望来,1:21.5,4,4.4,2.0,526(-4),[西] 吉岡辰弥,202308010306
4,6,6,ユメハハテシナク,牡3,56.0,松若風馬,1:21.6,クビ,7.8,4.0,468(0),[西] 石坂公一,202308010306
5,8,9,ジャスパーティアラ,牝3,51.0,田口貫太,1:21.6,ハナ,49.5,6.0,458(+9),[西] 森秀行,202308010306
6,8,8,サザーランド,牝3,53.0,角田大河,1:21.6,クビ,24.3,5.0,424(0),[西] 小林真也,202308010306
7,1,1,ロッソランパンテ,牝3,54.0,荻野琢真,1:21.9,1.3/4,182.8,7.0,450(-10),[東] 杉浦宏昭,202308010306
8,4,4,トリシューラ,牡3,56.0,加藤祥太,1:22.1,1.1/2,324.8,8.0,450(-2),[西] 杉山佳明,202308010306
9,3,3,ワンオアエイト,牝3,54.0,川須栄彦,1:22.1,アタマ,450.2,9.0,428(-4),[東] 的場均,202308010306
1,1,1,ファベル,牡4,58.0,藤岡康太,2:16.7,,1.6,1.0,434(0),[西] 友道康夫,202308010307
2,7,7,ケンハービンジャー,牡5,57.0,角田大河,2:16.8,1/2,3.6,2.0,440(+2),[西] 本田優,202308010307
3,3,3,ノートルプロメス,牡4,58.0,横山和生,2:17.0,1,8.8,4.0,504(+4),[西] 四位洋文,202308010307
4,6,6,グルーヴビート,牡5,58.0,幸英明,2:17.0,クビ,9.9,5.0,486(+4),[西] 中村直也,202308010307
5,5,5,ショショローザ,牝4,56.0,浜中俊,2:17.2,1.1/4,8.1,3.0,480(+2),[西] 小栗実,202308010307
6,4,4,ハイグッドエース,牡4,58.0,和田翼,2:17.6,2.1/2,158.2,7.0,442(0),[西] 大根田裕,202308010307
7,2,2,コスモブライヤー,牡4,58.0,国分優作,2:17.7,クビ,68.4,6.0,490(+2),[西] 坂口智康,202308010307
1,6,10,ビオグラフィア,牡5,57.0,角田大河,1:26.3,,4.0,2.0,492(-2),[西] 松下武士,202308010308
2,2,2,バンベルク,牡5,58.0,鮫島克駿,1:26.5,3/4,2.4,1.0,480(-4),[西] 小林真也,202308010308
3,5,8,ワンダーウィルク,牡4,58.0,荻野琢真,1:26.7,1.1/4,9.0,5.0,504(0),[西] 今野貞一,202308010308
4,7,11,ルパルテール,牝4,53.0,田口貫太,1:26.9,1.1/4,208.2,14.0,432(-4),[西] 新谷功一,202308010308
5,8,13,アルバリーニョ,牝5,56.0,松若風馬,1:26.9,クビ,57.8,10.0,458(-2),[西] 森田直行,202308010308
6,6,9,ゴットゴーゴー,牝5,56.0,酒井学,1:27.1,1.1/4,8.5,4.0,464(-6),[西] 木原一良,202308010308
7,3,4,シャドウアイル,セ4,58.0,団野大成,1:27.2,3/4,46.0,8.0,472(+4),[西] 斉藤崇史,202308010308
8,4,6,ワンダーアマルフィ,牡6,58.0,長岡禎仁,1:27.3,1/2,93.6,11.0,490(-2),[西] 石橋守,202308010308
9,1,1,グレアミラージュ,牡6,58.0,小牧太,1:27.4,クビ,145.7,12.0,474(+2),[西] 笹田和秀,202308010308
10,4,5,バンクロール,牡4,58.0,田中健,1:27.5,3/4,170.0,13.0,464(+6),[西] 田中克典,202308010308
11,8,14,テーオーアングル,牡5,58.0,古川吉洋,1:27.7,1.1/2,47.2,9.0,500(+4),[西] 宮徹,202308010308
12,7,12,シンリミテス,牡4,58.0,国分優作,1:27.7,ハナ,11.0,6.0,494(+5),[西] 大根田裕,202308010308
13,5,7,ナリタグローリアス,牡4,58.0,岩田望来,1:27.9,1.1/4,7.4,3.0,506(+6),[西] 高橋亮,202308010308
14,3,3,テイエムファルコン,牡6,58.0,幸英明,1:28.0,1/2,19.1,7.0,504(-6),[西] 飯田雄三,202308010308
1,7,7,ミタマ,牝3,54.0,松若風馬,2:12.7,,7.6,5.0,466(+2),[西] 上村洋行,202308010309
2,8,8,ウェイビー,牝3,54.0,藤岡康太,2:12.7,クビ,3.4,2.0,506(-2),[西] 西村真幸,202308010309
3,2,2,サンスノーフレーク,牝3,54.0,酒井学,2:13.2,3,2.7,1.0,462(+2),[西] 長谷川浩,202308010309
4,5,5,ナムララジベラ,牝3,54.0,高倉稜,2:13.4,3/4,5.7,3.0,458(+2),[西] 杉山晴紀,202308010309
5,3,3,ヒメナデシコ,牝3,54.0,岩田望来,2:14.0,3.1/2,13.6,6.0,424(-2),[西] 森田直行,202308010309
6,6,6,サイモンコーラル,牝3,54.0,川須栄彦,2:14.1,1,178.4,8.0,458(-2),[西] 羽月友彦,202308010309
7,4,4,メイショウポペット,牝3,54.0,角田大河,2:14.6,2.1/2,13.8,7.0,480(+2),[西] 角田晃一,202308010309
8,1,1,ツーエムルーイー,牝3,54.0,鮫島克駿,2:15.7,7,7.0,4.0,516(+8),[西] 高柳大輔,202308010309
1,4,8,メイショウオキビ,牡5,56.0,角田大河,1:53.4,,9.1,4.0,508(-2),[西] 松永昌博,202308010310
2,3,5,テイエムシニスター,牡4,55.0,幸英明,1:53.5,1/2,24.1,7.0,496(0),[西] 木原一良,202308010310
3,8,15,パーティーベル,牡4,58.0,横山和生,1:53.6,クビ,2.3,1.0,456(+4),[西] 松永幹夫,202308010310
4,1,2,イルミネーター,牡6,55.0,水口優也,1:53.6,ハナ,38.8,11.0,482(+2),[西] 羽月友彦,202308010310
5,2,4,レッドエランドール,セ6,57.0,浜中俊,1:53.7,1,7.5,3.0,492(+6),[西] 田中克典,202308010310
6,6,11,アドマイヤベネラ,牡6,55.0,岩田康誠,1:54.0,1.3/4,35.8,10.0,504(+2),[西] 石坂公一,202308010310
7,8,16,ブラビオ,牡5,54.0,岩田望来,1:54.1,1/2,35.4,9.0,460(-4),[西] 寺島良,202308010310
8,3,6,ニホンピロハーバー,牡5,57.0,藤岡康太,1:54.4,1.1/2,12.7,5.0,512(-6),[西] 安達昭夫,202308010310
9,5,10,ハイパーノヴァ,セ9,54.0,国分優作,1:54.9,3,93.1,16.0,498(+8),[西] 大根田裕,202308010310
10,2,3,ジャスパージェット,牡4,55.0,松若風馬,1:55.0,クビ,52.7,12.0,508(+11),[西] 森秀行,202308010310
11,5,9,ウォーターアンク,牝5,52.0,小沢大仁,1:55.1,1/2,62.9,14.0,496(+2),[西] 岡田稲男,202308010310
12,4,7,トップスターサン,牡5,56.0,団野大成,1:55.2,1/2,21.6,6.0,510(+2),[西] 四位洋文,202308010310
13,6,12,アメリカンエール,牡5,55.0,荻野極,1:55.3,1/2,60.4,13.0,504(0),[東] 戸田博文,202308010310
14,7,14,マジックスピーチ,セ6,55.0,武豊,1:55.5,1.1/4,4.4,2.0,472(+4),[西] 飯田祐史,202308010310
15,1,1,キゾク,牡5,54.0,酒井学,1:55.8,2,71.3,15.0,490(-2),[西] 西村真幸,202308010310
16,7,13,ユウゲン,牡6,55.0,鮫島克駿,1:56.6,5,25.6,8.0,502(0),[西] 橋口慎介,202308010310
1,6,12,サトノレーヴ,牡4,58.0,浜中俊,1:07.7,,2.2,1.0,538(0),[東] 堀宣行,202308010311
2,4,7,イルクオーレ,セ5,58.0,荻野極,1:07.8,1/2,5.9,3.0,490(-8),[東] 高橋文雅,202308010311
3,5,9,セリシア,牝5,56.0,鮫島克駿,1:07.8,1/2,27.6,8.0,472(+2),[西] 中竹和也,202308010311
4,7,15,メイショウドウドウ,牡8,58.0,武豊,1:07.9,3/4,18.5,6.0,494(-2),[西] 荒川義之,202308010311
5,7,13,シナモンスティック,牝4,56.0,川須栄彦,1:08.0,クビ,160.0,17.0,468(+6),[東] 宗像義忠,202308010311
6,8,17,シュバルツカイザー,セ5,58.0,国分恭介,1:08.0,クビ,29.6,9.0,504(-2),[東] 大竹正博,202308010311
7,4,8,グレイトゲイナー,牡6,58.0,松若風馬,1:08.0,アタマ,73.3,11.0,478(-8),[西] 森秀行,202308010311
8,3,5,ミッキーハーモニー,牝4,56.0,横山和生,1:08.1,クビ,4.2,2.0,462(-6),[東] 萩原清,202308010311
9,6,11,クレア,牝4,56.0,横山典弘,1:08.2,3/4,17.2,5.0,510(-2),[西] 飯田祐史,202308010311
10,8,18,ユキノファラオ,牡5,58.0,岩田康誠,1:08.2,アタマ,93.9,13.0,488(0),[東] 石毛善彦,202308010311
11,8,16,ドロップオブライト,牝4,56.0,小沢大仁,1:08.2,ハナ,21.6,7.0,434(-8),[西] 松永昌博,202308010311
12,7,14,スリーパーダ,牝4,56.0,団野大成,1:08.2,ハナ,30.0,10.0,418(-6),[西] 斉藤崇史,202308010311
13,1,2,フォイアーロート,牡5,58.0,酒井学,1:08.2,ハナ,100.6,15.0,476(+2),[西] 中村直也,202308010311
14,1,1,メイショウツツジ,牝5,56.0,古川吉洋,1:08.3,3/4,95.0,14.0,438(+6),[西] 木原一良,202308010311
15,2,4,ショウナンラスボス,牡5,58.0,岩田望来,1:08.4,1/2,14.5,4.0,460(-12),[東] 奥村武,202308010311
16,5,10,コスモエスパーダ,牡7,58.0,角田大河,1:08.4,アタマ,126.7,16.0,496(-12),[東] 天間昭一,202308010311
17,2,3,カプティフ,牡4,58.0,国分優作,1:08.7,1.1/2,233.3,18.0,478(+3),[西] 岡田稲男,202308010311
18,3,6,ケイサンフリーゼ,牝5,56.0,太宰啓介,1:09.2,3,76.4,12.0,494(+2),[西] 畑端省吾,202308010311
1,1,1,エーティーマクフィ,牡4,57.0,角田大河,1:24.5,,2.5,1.0,470(+2),[西] 武英智,202308010312
2,4,7,ヴアーサ,牡5,58.0,藤岡康太,1:24.8,1.1/2,7.5,4.0,460(-2),[西] 鮫島一歩,202308010312
3,6,11,ダイリュウブラック,牡4,58.0,荻野琢真,1:24.9,1/2,4.7,2.0,458(+4),[西] 梅田智之,202308010312
4,2,2,スキピオ,牡5,58.0,武豊,1:25.3,2.1/2,5.3,3.0,488(-4),[西] 浜田多実,202308010312
5,7,13,タガノトランキーロ,牡6,58.0,横山典弘,1:25.6,2,37.3,9.0,496(+6),[西] 石橋守,202308010312
6,8,14,ロングファイナリー,セ7,58.0,長岡禎仁,1:25.6,クビ,40.4,10.0,476(+4),[西] 高橋亮,202308010312
7,5,9,メタモルフォーゼ,牝6,56.0,幸英明,1:25.6,ハナ,19.7,6.0,460(-8),[西] 渡辺薫彦,202308010312
8,2,3,ブリュットミレジメ,牡4,58.0,川島信二,1:25.7,1/2,59.1,12.0,508(+2),[西] 荒川義之,202308010312
9,6,10,スマートセプター,牡4,58.0,団野大成,1:25.9,1.1/4,22.4,7.0,500(0),[西] 須貝尚介,202308010312
10,5,8,サヴァビアン,牡5,58.0,川須栄彦,1:26.1,3/4,48.1,11.0,432(-2),[西] 羽月友彦,202308010312
11,4,6,メイショウカイト,牝5,55.0,小沢大仁,1:26.1,クビ,208.1,15.0,460(0),[西] 荒川義之,202308010312
12,3,5,アーサーテソーロ,牡4,58.0,横山和生,1:26.2,クビ,85.4,13.0,526(-2),[東] 栗田徹,202308010312
13,7,12,モナルヒ,牡4,58.0,岩田望来,1:26.2,アタマ,13.3,5.0,476(+2),[西] 小崎憲,202308010312
14,8,15,ヨーデル,牡4,55.0,田口貫太,1:26.3,3/4,22.8,8.0,512(-2),[西] 森秀行,202308010312
15,3,4,ニホンピロクリーク,牝4,56.0,国分優作,1:26.9,3.1/2,166.9,14.0,480(-2),[西] 大橋勇樹,202308010312
1,6,12,ランスオブサターン,牝3,54.0,横山典弘,1:56.0,,2.7,2.0,440(-2),[西] 本田優,202308010401
2,8,16,シゲルミライ,牝3,54.0,鮫島克駿,1:56.1,クビ,7.1,3.0,462(-6),[西] 川村禎彦,202308010401
3,4,8,アウロス,牝3,54.0,横山和生,1:56.1,クビ,7.8,4.0,488(0),[西] 上村洋行,202308010401
4,8,15,ウインコマチ,牝3,54.0,和田竜二,1:56.2,クビ,43.3,7.0,436(+14),[西] 鈴木孝志,202308010401
5,5,10,チアーズ,牝3,54.0,松山弘平,1:56.8,3.1/2,2.6,1.0,486(+4),[西] 杉山晴紀,202308010401
6,3,6,メイショウアダーラ,牝3,51.0,田口貫太,1:56.8,クビ,83.7,10.0,468(-2),[西] 大橋勇樹,202308010401
7,2,3,メメナビレラ,牝3,50.0,河原田菜,1:57.5,4,130.3,12.0,494(+4),[西] 長谷川浩,202308010401
8,7,13,フローラサンライズ,牝3,54.0,岩田望来,1:57.6,3/4,57.4,8.0,440(-2),[西] 浜田多実,202308010401
9,1,2,ハイグッドシャイン,牝3,54.0,和田翼,1:57.8,1.1/4,89.3,11.0,470(+2),[西] 大根田裕,202308010401
10,1,1,マリオキュート,牝3,54.0,幸英明,1:57.8,アタマ,14.7,6.0,464(+8),[西] 安達昭夫,202308010401
11,3,5,アンジェリカル,牝3,54.0,池添謙一,1:59.1,8,11.7,5.0,440(+14),[西] 武英智,202308010401
12,5,9,ナパヴァレー,牝3,54.0,川須栄彦,2:00.3,7,432.9,15.0,468(-4),[西] 牧田和弥,202308010401
13,4,7,レイナジャスミン,牝3,54.0,松若風馬,2:00.5,3/4,289.0,14.0,454(0),[西] 高柳大輔,202308010401
14,2,4,カレンノンノ,牝3,54.0,藤岡佑介,2:00.6,1/2,144.5,13.0,480(-2),[西] 安田翔伍,202308010401
15,7,14,キャッチクライ,牝3,54.0,西村淳也,2:01.1,3,68.5,9.0,456(+6),[西] 牧浦充徳,202308010401
16,6,11,ペイシャメガミ,牝3,54.0,荻野琢真,2:04.1,大,471.3,16.0,462(+2),[西] 吉田直弘,202308010401
1,3,5,グローバリスト,牡3,56.0,幸英明,1:13.6,,14.2,6.0,506(+2),[西] 西村真幸,202308010402
2,3,6,クルーエルワーク,牝3,54.0,西村淳也,1:13.7,1/2,78.9,9.0,474(0),[西] 安達昭夫,202308010402
3,7,13,タノムデホンマ,セ3,56.0,水口優也,1:13.8,1/2,10.6,4.0,420(-4),[西] 服部利之,202308010402
4,2,4,シゲルマッハ,牡3,56.0,岩田望来,1:13.8,アタマ,31.6,7.0,490(0),[西] 藤沢則雄,202308010402
5,2,3,ギーロカスタル,牡3,56.0,松山弘平,1:14.2,2.1/2,10.4,3.0,458(-4),[西] 鈴木孝志,202308010402
6,8,15,スターペスカオリ,牝3,53.0,角田大河,1:14.4,1,5.2,2.0,446(-2),[西] 石橋守,202308010402
7,5,9,メイショウフェリオ,牝3,54.0,国分優作,1:14.9,3,466.5,16.0,434(+6),[西] 安達昭夫,202308010402
8,1,2,ブラーヴ,牡3,53.0,田口貫太,1:15.1,1.1/4,11.7,5.0,476(-2),[西] 加用正,202308010402
9,1,1,イミュータブル,牡3,56.0,鮫島克駿,1:15.1,クビ,1.6,1.0,464(0),[西] 浜田多実,202308010402
10,4,7,コパノスタンリー,牝3,53.0,泉谷楓真,1:15.4,1.3/4,144.5,11.0,464(-4),[西] 宮徹,202308010402
11,5,10,メイショウカジキ,牡3,55.0,永野猛蔵,1:15.5,クビ,78.9,10.0,462(+2),[西] 梅田智之,202308010402
12,8,16,ルクスシュナイダー,牡3,56.0,中井裕二,1:15.9,2.1/2,354.3,15.0,494(+2),[西] 村山明,202308010402
13,6,12,ティエラボニータ,牡3,56.0,和田竜二,1:15.9,クビ,190.1,12.0,488(0),[西] 茶木太樹,202308010402
14,7,14,メイショウヒエイ,牝3,54.0,加藤祥太,1:15.9,アタマ,288.9,14.0,452(+2),[西] 庄野靖志,202308010402
15,6,11,ニホンピロフリード,牝3,50.0,河原田菜,1:16.0,アタマ,197.5,13.0,462(+2),[西] 服部利之,202308010402
16,4,8,ストレイトアウェイ,牝3,54.0,松若風馬,1:19.8,大,41.4,8.0,504(0),[西] 吉岡辰弥,202308010402
1,7,15,ケイデンシーマーク,牝3,54.0,レーン,1:21.9,,4.0,2.0,438(+8),[西] 安田隆行,202308010403
2,1,1,シャングリラ,牝3,54.0,鮫島克駿,1:22.0,クビ,74.5,11.0,420(0),[西] 杉山晴紀,202308010403
3,8,18,ロッソジュリア,牝3,54.0,ルメール,1:22.2,1.1/2,15.7,5.0,434(+12),[西] 松永幹夫,202308010403
4,2,4,ピースフルナイト,牝3,54.0,坂井瑠星,1:22.2,クビ,20.6,6.0,398(+10),[西] 高野友和,202308010403
4,3,6,デイトナモード,牡3,56.0,武豊,1:22.2,同着,1.9,1.0,516(+4),[西] 千田輝彦,202308010403
6,6,12,ジョーイルムシュ,牝3,50.0,河原田菜,1:22.4,3/4,35.7,7.0,456(+10),[西] 清水久詞,202308010403
7,6,11,エルディアナ,牝3,54.0,藤岡佑介,1:22.4,クビ,44.4,8.0,400(0),[西] 渡辺薫彦,202308010403
8,3,5,カリーナベローチェ,牝3,54.0,池添謙一,1:22.4,ハナ,7.7,4.0,426(+4),[西] 笹田和秀,202308010403
9,5,10,パサージュ,牝3,54.0,松山弘平,1:22.4,アタマ,7.1,3.0,398(0),[西] 今野貞一,202308010403
10,5,9,シュハリ,牡3,56.0,和田竜二,1:22.5,クビ,720.5,17.0,428(-2),[西] 鈴木孝志,202308010403
11,7,13,ニシノコウダイ,牡3,56.0,幸英明,1:23.0,3,62.9,10.0,478(+14),[西] 長谷川浩,202308010403
12,8,17,テーオーレーズン,牝3,53.0,泉谷楓真,1:23.1,クビ,674.3,16.0,418(-12),[西] 宮徹,202308010403
13,8,16,ツァウバークライス,牝3,53.0,角田大河,1:23.4,1.3/4,148.5,12.0,444(-12),[西] 高橋亮,202308010403
14,7,14,ウマオト,牝3,54.0,国分恭介,1:23.4,クビ,536.3,15.0,408(-1),[西] 川村禎彦,202308010403
15,4,8,ロンスアンドロンス,牡3,53.0,田口貫太,1:23.9,3,730.5,18.0,444(+2),[西] 松永昌博,202308010403
16,1,2,シュプール,牝3,54.0,藤岡康太,1:24.4,3,204.5,13.0,432(0),[西] 杉山佳明,202308010403
17,4,7,オーケーパイレーツ,牝3,54.0,城戸義政,1:24.6,1.1/4,328.5,14.0,466(+8),[西] 奥村豊,202308010403
18,2,3,アスクアンビシャス,牡3,56.0,岩田望来,1:36.5,大,52.2,9.0,528(+4),[西] 梅田智之,202308010403
1,2,2,ジーニアスバローズ,牡3,56.0,レーン,2:00.8,,1.9,1.0,448(+2),[西] 辻野泰之,202308010404
2,8,10,ビヨンドザドリーム,牡3,56.0,西村淳也,2:01.0,1.1/4,5.1,3.0,418(-2),[西] 中内田充,202308010404
3,8,9,ノエマ,牡3,56.0,和田竜二,2:01.8,5,7.4,4.0,486(-6),[西] 平田修,202308010404
4,1,1,ゴッドスピードレオ,牡3,52.0,河原田菜,2:01.9,3/4,285.3,10.0,490(-12),[西] 宮本博,202308010404
5,6,6,スマートヴィーヴル,牝3,54.0,坂井瑠星,2:02.0,1/2,2.9,2.0,470(+2),[西] 矢作芳人,202308010404
6,7,8,ヤマカツラナウェイ,牡3,56.0,岩田望来,2:02.4,2.1/2,46.6,5.0,490(-8),[西] 小栗実,202308010404
7,5,5,エイガウマザンマイ,牡3,55.0,永野猛蔵,2:02.5,1/2,284.6,9.0,486(+6),[東] 青木孝文,202308010404
8,7,7,ジャーヴィス,牡3,56.0,酒井学,2:02.8,1.3/4,167.8,8.0,468(-6),[西] 千田輝彦,202308010404
9,4,4,クリノマイスター,牡3,53.0,田口貫太,2:03.4,3.1/2,111.3,7.0,480(+2),[西] 中尾秀正,202308010404
10,3,3,アオイリキマル,牡3,53.0,大久保友,2:05.4,大,85.3,6.0,514(0),[西] 清水久詞,202308010404
1,7,10,セラフィックコール,牡3,56.0,レーン,1:51.6,,2.0,1.0,526(-14),[西] 寺島良,202308010405
2,8,12,アオイイーグル,牡3,56.0,ルメール,1:52.3,4,12.0,5.0,476(-2),[西] 大久保龍,202308010405
3,6,7,バリアントバイオ,牡3,56.0,松山弘平,1:52.3,クビ,4.8,2.0,508(+4),[西] 今野貞一,202308010405
4,5,6,タイセイマンボ,牡3,56.0,西村淳也,1:53.9,10,6.9,4.0,534(-4),[西] 高野友和,202308010405
5,5,5,オメガタキシード,牡3,56.0,横山和生,1:54.0,1/2,29.6,7.0,448(-2),[西] 松永幹夫,202308010405
6,2,2,メイクザビート,牡3,56.0,藤岡康太,1:54.2,1.1/4,17.2,6.0,496(+2),[西] 西園正都,202308010405
7,4,4,ケイエイト,牡3,56.0,和田竜二,1:55.0,5,116.8,10.0,466(-4),[西] 羽月友彦,202308010405
8,1,1,ビービーグラーテス,牡3,52.0,河原田菜,1:56.3,8,120.2,11.0,480(-2),[西] 加用正,202308010405
9,3,3,サンテックス,牡3,56.0,川田将雅,1:56.5,1.1/4,5.1,3.0,518(-2),[西] 浜田多実,202308010405
10,8,11,ブライトファントム,牡3,56.0,松若風馬,1:56.5,クビ,52.8,8.0,512(0),[西] 杉山晴紀,202308010405
11,7,9,ロードスパイラル,牡3,56.0,坂井瑠星,1:57.2,4,213.7,12.0,462(-4),[西] 清水久詞,202308010405
12,6,8,ショーケン,牡3,56.0,国分恭介,1:59.0,大,99.5,9.0,492(0),[西] 鮫島一歩,202308010405
1,7,10,パタゴニア,牝5,56.0,松山弘平,1:34.7,,7.5,3.0,502(0),[西] 池添学,202308010406
2,8,12,ダノンフロイデ,牡4,58.0,川田将雅,1:34.8,1/2,3.9,2.0,482(+2),[西] 藤原英昭,202308010406
3,1,1,ウインバリオス,牡4,58.0,Ｍ．デム,1:34.8,アタマ,18.1,6.0,474(-2),[西] 加用正,202308010406
4,3,3,ツッチーフェイス,牝4,56.0,和田竜二,1:34.8,ハナ,9.6,4.0,472(+2),[西] 今野貞一,202308010406
5,8,11,エクロール,牝4,56.0,藤岡佑介,1:35.2,2.1/2,49.1,10.0,430(-4),[西] 長谷川浩,202308010406
6,7,9,アンジェリーナ,牝4,56.0,横山和生,1:35.3,1,14.3,5.0,432(0),[西] 昆貢,202308010406
7,5,5,アンフィニドール,牝5,56.0,横山典弘,1:35.3,ハナ,2.0,1.0,490(+6),[西] 千田輝彦,202308010406
8,6,8,マンクスホップ,牝4,56.0,鮫島克駿,1:35.3,ハナ,192.0,12.0,444(+2),[西] 松永幹夫,202308010406
9,5,6,ショウナンラタン,牡4,58.0,池添謙一,1:35.6,1.3/4,26.3,8.0,498(+4),[西] 西園正都,202308010406
10,4,4,メイショウイヌワシ,牡4,57.0,角田大河,1:35.8,1,28.0,9.0,474(+2),[西] 石橋守,202308010406
11,2,2,ノンズブレス,牝4,56.0,幸英明,1:35.9,3/4,180.4,11.0,456(0),[西] 石橋守,202308010406
12,6,7,ブラックノワール,牡4,58.0,西村淳也,1:35.9,ハナ,20.8,7.0,510(+2),[西] 小栗実,202308010406
1,6,6,エアアネモイ,牡4,58.0,坂井瑠星,1:54.3,,4.2,2.0,524(-4),[西] 池添学,202308010407
2,7,8,ハナキリ,牡4,58.0,武豊,1:54.4,クビ,9.5,4.0,486(-2),[西] 森秀行,202308010407
3,8,11,ニューダイアリーズ,牡4,58.0,松山弘平,1:54.9,3,1.9,1.0,472(-4),[西] 杉山晴紀,202308010407
4,1,1,ビナホイアン,牡4,58.0,鮫島克駿,1:54.9,クビ,15.8,6.0,442(-4),[西] 杉山佳明,202308010407
5,6,7,ブラックサウザー,牡4,58.0,幸英明,1:55.1,3/4,22.1,7.0,434(+2),[西] 大根田裕,202308010407
6,3,3,ビレッジスター,セ4,58.0,レーン,1:55.7,4,6.3,3.0,430(+10),[西] 田中克典,202308010407
7,2,2,ソルトゴールド,牡4,58.0,和田竜二,1:56.0,1.3/4,38.9,8.0,512(+4),[西] 木原一良,202308010407
8,7,9,カライカマウリオラ,牡4,58.0,国分恭介,1:56.1,クビ,162.3,10.0,486(-6),[西] 西園翔太,202308010407
9,5,5,バイス,セ5,58.0,西村淳也,1:56.3,1.1/2,14.0,5.0,500(0),[西] 川村禎彦,202308010407
10,4,4,メリーセンス,牡4,55.0,田口貫太,1:57.7,8,259.5,11.0,514(+2),[西] 森秀行,202308010407
11,8,10,ビップランバン,牡5,58.0,北村友一,1:58.0,1.1/2,60.8,9.0,484(+2),[西] 清水久詞,202308010407
1,8,8,シンシアウィッシュ,牝4,56.0,川田将雅,1:47.3,,3.8,1.0,452(+6),[西] 吉村圭司,202308010408
2,4,4,ゴールドエクリプス,牝4,56.0,ルメール,1:47.3,アタマ,5.7,4.0,486(-8),[西] 大久保龍,202308010408
3,2,2,ルージュメサージュ,牝5,56.0,横山和生,1:47.4,1/2,5.2,3.0,478(+8),[西] 斉藤崇史,202308010408
4,3,3,エピプランセス,牝4,56.0,レーン,1:47.4,クビ,9.2,6.0,440(+6),[西] 池添学,202308010408
5,1,1,エニシノウタ,牝5,56.0,松山弘平,1:47.5,クビ,19.4,7.0,452(-2),[西] 笹田和秀,202308010408
6,6,6,カンティプール,牝4,56.0,横山武史,1:47.9,2.1/2,5.9,5.0,490(-4),[西] 渡辺薫彦,202308010408
7,7,7,マイシンフォニー,牝4,56.0,武豊,1:48.4,3,4.1,2.0,474(-6),[西] 松永幹夫,202308010408
8,5,5,ブルトンクール,牝4,56.0,Ｍ．デム,1:48.5,3/4,32.7,9.0,448(0),[東] 新開幸一,202308010408
9,8,9,ルミネイト,牝4,56.0,岩田望来,1:48.5,ハナ,31.6,8.0,492(0),[西] 千田輝彦,202308010408
1,3,3,ラクスバラディー,牝4,56.0,レーン,1:20.8,,5.2,3.0,514(0),[西] 清水久詞,202308010409
2,4,4,テーオーダヴィンチ,牡5,58.0,ルメール,1:21.0,1,5.1,2.0,506(+2),[西] 岡田稲男,202308010409
3,7,10,ワンダーキサラ,牝4,56.0,角田大河,1:21.2,1.1/2,11.6,5.0,452(+8),[西] 石橋守,202308010409
4,6,7,ワンダーカタリナ,牡6,58.0,団野大成,1:21.3,3/4,30.2,6.0,526(0),[西] 河内洋,202308010409
5,2,2,セイイーグル,セ9,58.0,和田竜二,1:21.4,3/4,67.9,8.0,452(-6),[西] 宮本博,202308010409
6,5,5,ケルンキングダム,セ7,58.0,松若風馬,1:21.5,クビ,146.6,11.0,458(-2),[西] 小崎憲,202308010409
7,8,12,サウンドブライアン,牡5,58.0,岩田望来,1:21.6,3/4,43.5,7.0,476(-12),[西] 村山明,202308010409
8,5,6,メイショウクリフト,牡4,58.0,武豊,1:21.7,3/4,1.7,1.0,444(-2),[西] 笹田和秀,202308010409
9,1,1,テーオーディエス,牝5,56.0,藤岡康太,1:21.9,1.1/4,92.0,9.0,446(-2),[西] 宮徹,202308010409
10,6,8,テリーヌ,牝5,56.0,酒井学,1:21.9,ハナ,103.8,10.0,444(+2),[西] 長谷川浩,202308010409
11,8,11,ブランデーロック,牡4,58.0,幸英明,1:22.1,3/4,9.8,4.0,468(0),[東] 小桧山悟,202308010409
12,7,9,メイショウフォイル,牡6,58.0,国分恭介,1:22.7,3.1/2,166.8,12.0,518(0),[西] 西園翔太,202308010409
1,4,4,スマートフォルス,牡3,56.0,武豊,1:24.1,,6.0,3.0,472(-8),[西] 吉村圭司,202308010410
2,7,9,マホロバ,牡3,56.0,坂井瑠星,1:24.2,3/4,18.9,7.0,516(+4),[東] 和田正一,202308010410
3,8,10,フェルヴェンテ,牡3,56.0,浜中俊,1:24.2,ハナ,42.6,9.0,468(-2),[西] 加用正,202308010410
4,6,6,パラシュラーマ,牡3,56.0,岩田望来,1:24.6,2.1/2,42.7,10.0,470(+2),[西] 浜田多実,202308010410
5,1,1,オメガシンフォニー,牝3,54.0,川田将雅,1:25.0,2.1/2,3.1,1.0,482(+4),[東] 大和田成,202308010410
6,8,11,ミルトハンター,牡3,56.0,横山武史,1:25.1,クビ,6.9,4.0,480(+8),[西] 中竹和也,202308010410
7,2,2,キョウエイゲイル,牡3,56.0,高倉稜,1:25.1,クビ,19.9,8.0,472(+2),[西] 田中克典,202308010410
8,3,3,ゼットリアン,牡3,56.0,鮫島克駿,1:25.2,1/2,7.0,5.0,438(+12),[西] 吉田直弘,202308010410
9,6,7,エコロアレス,牡3,56.0,ルメール,1:26.3,7,12.9,6.0,458(0),[西] 森秀行,202308010410
10,5,5,ミラクルティアラ,牝3,54.0,松山弘平,1:26.8,2.1/2,4.1,2.0,434(-2),[西] 加用正,202308010410
11,7,8,エコロアイ,牝3,54.0,池添謙一,1:27.0,1.1/2,70.7,11.0,502(+2),[西] 森秀行,202308010410
1,1,1,ジャスティンパレス,牡4,58.0,ルメール,3:16.1,,4.3,2.0,472(0),[西] 杉山晴紀,202308010411
2,4,7,ディープボンド,牡6,58.0,和田竜二,3:16.5,2.1/2,22.5,5.0,504(-10),[西] 大久保龍,202308010411
3,8,16,シルヴァーソニック,牡7,58.0,レーン,3:16.7,1,22.5,6.0,462(0),[西] 池江泰寿,202308010411
4,6,12,ブレークアップ,牡5,58.0,松山弘平,3:16.9,1.1/4,45.8,7.0,496(+2),[西] 吉岡辰弥,202308010411
5,7,14,マテンロウレオ,牡4,58.0,横山典弘,3:17.0,クビ,97.3,8.0,474(-2),[西] 昆貢,202308010411
6,7,13,ボルドグフーシュ,牡4,58.0,川田将雅,3:17.3,2,6.7,3.0,500(0),[西] 宮本博,202308010411
7,8,15,エンドロール,牡4,58.0,永野猛蔵,3:17.4,3/4,173.6,12.0,462(-4),[東] 青木孝文,202308010411
8,5,10,サンレイポケット,牡8,58.0,Ｍ．デム,3:17.5,1/2,267.5,15.0,480(+2),[西] 高橋義忠,202308010411
9,6,11,ディアスティマ,牡6,58.0,北村友一,3:17.5,ハナ,150.1,11.0,496(+4),[西] 高野友和,202308010411
10,5,9,ヒュミドール,セ7,58.0,武豊,3:17.6,3/4,107.7,10.0,468(0),[東] 小手川準,202308010411
11,3,6,アスクビクターモア,牡4,58.0,横山武史,3:18.0,2.1/2,6.9,4.0,482(0),[東] 田村康仁,202308010411
12,2,4,メロディーレーン,牝7,56.0,幸英明,3:18.0,クビ,243.0,14.0,354(-4),[西] 森田直行,202308010411
13,3,5,アイアンバローズ,牡6,58.0,坂井瑠星,3:18.3,1.1/2,306.5,16.0,508(-4),[西] 上村洋行,202308010411
14,1,2,ディープモンスター,牡5,58.0,浜中俊,3:18.9,3.1/2,101.5,9.0,462(+2),[西] 池江泰寿,202308010411
15,4,8,トーセンカンビーナ,牡7,58.0,岩田望来,3:26.7,大,482.6,17.0,478(-8),[東] 加藤征弘,202308010411
中,2,3,タイトルホルダー,牡5,58.0,横山和生,,,1.7,1.0,474(-4),[東] 栗田徹,202308010411
中,8,17,アフリカンゴールド,セ8,58.0,国分恭介,,,213.8,13.0,468(0),[西] 西園正都,202308010411
1,6,12,マルモリスペシャル,牡4,58.0,泉谷楓真,1:12.1,,4.4,2.0,538(-2),[西] 大橋勇樹,202308010412
2,2,4,ジェットエンブレム,牡5,58.0,池添謙一,1:12.1,アタマ,19.5,8.0,524(-12),[西] 石坂公一,202308010412
3,5,9,アイスリアン,牝5,56.0,レーン,1:12.2,クビ,8.6,4.0,464(-4),[西] 高柳大輔,202308010412
4,3,6,クリーンジーニアス,牝4,56.0,西村淳也,1:12.5,2,15.1,7.0,450(-4),[西] 荒川義之,202308010412
5,7,14,プライムライン,牡6,58.0,川田将雅,1:12.6,クビ,5.7,3.0,478(+6),[西] 田中克典,202308010412
6,3,5,ナックドロップス,牝4,56.0,酒井学,1:12.7,1/2,57.6,11.0,464(+8),[東] 杉浦宏昭,202308010412
7,4,7,タイキスウォード,牡6,58.0,坂井瑠星,1:12.9,1.1/4,25.2,9.0,482(+6),[西] 西園翔太,202308010412
8,1,2,ファーンヒル,牡4,58.0,武豊,1:12.9,クビ,2.9,1.0,464(0),[西] 清水久詞,202308010412
9,8,16,プラチナムレイアー,牡5,58.0,北村友一,1:13.0,1/2,98.9,13.0,494(-6),[西] 吉岡辰弥,202308010412
10,7,13,ヴァンデリオン,牡6,58.0,Ｍ．デム,1:13.3,1.1/2,13.9,6.0,492(-6),[東] 根本康広,202308010412
11,8,15,ララクリュサオル,牡7,58.0,中井裕二,1:13.5,1.1/2,82.8,12.0,496(-2),[西] 辻野泰之,202308010412
12,6,11,ララシャンドン,牡5,58.0,和田竜二,1:13.6,1/2,53.7,10.0,498(-8),[西] 坂口智康,202308010412
13,1,1,ロードオブザチェコ,牡5,58.0,柴山雄一,1:14.2,3.1/2,11.2,5.0,500(+6),[東] 石栗龍彦,202308010412
14,5,10,リワードマレンゴ,牡5,58.0,横山典弘,1:14.2,クビ,141.8,15.0,484(+12),[東] 村田一誠,202308010412
15,2,3,サトノジヴェルニー,牡6,58.0,鮫島克駿,1:14.5,1.1/2,107.4,14.0,474(+2),[西] 音無秀孝,202308010412
16,4,8,クリノビッグサージ,牝7,56.0,川須栄彦,1:15.0,3,373.9,16.0,514(+6),[東] 本間忍,202308010412
1,8,15,スナークメモリー,牝3,54.0,国分恭介,1:25.7,,14.4,4.0,430(+2),[西] 川村禎彦,202308010501
2,7,12,ホウオウジュビリー,牝3,54.0,松山弘平,1:25.9,1.1/4,4.7,2.0,462(-6),[西] 音無秀孝,202308010501
3,2,2,エランティス,牝3,54.0,松若風馬,1:26.3,2.1/2,1.7,1.0,492(+2),[西] 杉山晴紀,202308010501
4,1,1,モズミヤビ,牝3,50.0,古川奈穂,1:26.6,1.1/2,23.8,6.0,444(0),[西] 矢作芳人,202308010501
5,4,7,タガノドゥリ,牝3,54.0,幸英明,1:26.7,3/4,17.3,5.0,438(+6),[西] 西園翔太,202308010501
6,6,10,カンノーリ,牝3,54.0,池添謙一,1:26.9,1.1/2,46.0,9.0,436(+2),[西] 木原一良,202308010501
7,5,8,ココラフィネ,牝3,53.0,小沢大仁,1:27.0,クビ,28.0,7.0,442(-2),[西] 岡田稲男,202308010501
8,5,9,サウンドシエル,牝3,54.0,西村淳也,1:27.4,2.1/2,66.4,10.0,480(-4),[西] 安達昭夫,202308010501
9,3,5,ペプチドカンナ,牝3,54.0,岩田康誠,1:27.8,2,181.8,11.0,444(+6),[西] 木原一良,202308010501
10,8,14,ブライトノート,牝3,51.0,田口貫太,1:28.0,1.1/2,279.2,14.0,444(-2),[西] 羽月友彦,202308010501
11,6,11,キセキニャン,牝3,54.0,川須栄彦,1:28.0,ハナ,328.3,15.0,434(0),[西] 小林真也,202308010501
12,7,13,シトラスタイム,牝3,54.0,藤懸貴志,1:28.0,クビ,42.5,8.0,494(+2),[西] 池添学,202308010501
13,3,4,ラプトゥリー,牝3,53.0,角田大河,1:29.0,6,201.9,12.0,484(-2),[西] 中竹和也,202308010501
14,4,6,オーケーパイレーツ,牝3,54.0,団野大成,1:29.0,アタマ,240.8,13.0,464(-2),[西] 奥村豊,202308010501
15,2,3,リーチザアマゾネス,牝3,54.0,岩田望来,1:29.2,1.1/4,5.7,3.0,508(+6),[西] 上村洋行,202308010501
1,7,12,マルカブリッツ,牡3,55.0,小沢大仁,1:53.2,,52.0,6.0,494(-8),[西] 松永昌博,202308010502
2,4,5,メイショウクモイ,牡3,56.0,武豊,1:53.7,3,2.6,2.0,466(0),[西] 飯田祐史,202308010502
3,1,1,ヒロノオオゾラ,牡3,56.0,松若風馬,1:54.0,1.3/4,72.0,8.0,490(-8),[西] 宮本博,202308010502
4,7,11,マテンロウイーグル,牡3,56.0,横山典弘,1:54.2,1.1/2,12.2,4.0,542(-8),[西] 昆貢,202308010502
5,6,9,レッドブラスト,牡3,56.0,岩田康誠,1:54.5,1.1/2,15.2,5.0,490(-4),[西] 松永幹夫,202308010502
6,3,3,セレクティオ,牡3,56.0,川田将雅,1:54.5,クビ,2.0,1.0,476(0),[西] 橋口慎介,202308010502
7,4,6,ダンツセリカ,牡3,56.0,和田翼,1:55.4,5,105.1,9.0,478(-2),[西] 谷潔,202308010502
8,5,8,ヒロピアーナ,牡3,56.0,和田竜二,1:55.6,1,294.2,12.0,508(+2),[西] 川村禎彦,202308010502
9,3,4,ライアンバローズ,牡3,56.0,団野大成,1:56.0,2.1/2,56.0,7.0,520(0),[西] 渡辺薫彦,202308010502
10,2,2,トーホウグランツ,牡3,56.0,国分恭介,1:56.3,1.1/2,329.5,13.0,542(+6),[西] 川村禎彦,202308010502
11,6,10,コパノスタンリー,牝3,53.0,泉谷楓真,1:57.2,5,273.0,11.0,458(-6),[西] 宮徹,202308010502
12,8,14,ソルデベラーノ,牡3,56.0,藤懸貴志,1:57.3,1,177.8,10.0,470(0),[西] 石坂公一,202308010502
13,5,7,クリノコンドル,牡3,56.0,水口優也,1:57.8,2.1/2,690.8,14.0,488(-4),[西] 藤沢則雄,202308010502
14,8,13,ロングウッド,牡3,56.0,鮫島克駿,2:14.4,大,6.3,3.0,490(-4),[西] 吉村圭司,202308010502
1,3,6,アマルナ,牝3,54.0,武豊,1:13.6,,4.4,2.0,468(+4),[西] 田中克典,202308010503
2,2,3,ボタニカルガーデン,牝3,54.0,岩田望来,1:13.9,1.3/4,2.8,1.0,440(-2),[西] 四位洋文,202308010503
3,4,7,レヴィアタン,牡3,56.0,岩田康誠,1:14.3,2.1/2,5.1,4.0,496(+4),[西] 梅田智之,202308010503
4,1,1,ミフネ,牡3,56.0,松山弘平,1:14.4,クビ,34.9,8.0,490(+2),[西] 北出成人,202308010503
5,5,10,タマモメガジョッキ,牡3,55.0,小沢大仁,1:14.5,1/2,15.5,5.0,468(+4),[西] 緒方努,202308010503
6,8,15,シュナップス,牡3,56.0,幸英明,1:14.5,クビ,4.9,3.0,516(0),[西] 渡辺薫彦,202308010503
7,3,5,パーペチュアル,牡3,56.0,和田竜二,1:15.0,3,35.6,9.0,488(+2),[西] 宮本博,202308010503
8,4,8,テイエムルンバ,牝3,54.0,川島信二,1:15.1,クビ,88.1,12.0,470(+6),[西] 畑端省吾,202308010503
9,2,4,ヘイローグラン,牡3,55.0,角田大河,1:15.2,1/2,54.1,10.0,444(-2),[西] 笹田和秀,202308010503
10,6,11,アエディフィカータ,牝3,54.0,松田大作,1:15.2,クビ,56.4,11.0,438(-2),[西] 武英智,202308010503
11,6,12,テクノダイヤモンド,牡3,53.0,田口貫太,1:15.2,ハナ,139.7,13.0,516(-4),[西] 新谷功一,202308010503
12,7,14,セレッソプラテアド,牝3,54.0,川須栄彦,1:16.1,5,17.3,6.0,446(+6),[西] 松下武士,202308010503
13,5,9,ミランダ,牝3,54.0,水口優也,1:16.9,5,200.0,14.0,444(-8),[西] 吉田直弘,202308010503
14,8,16,ソラカラノチカラ,牡3,56.0,松若風馬,1:27.1,大,29.4,7.0,536(0),[西] 森秀行,202308010503
取,1,2,ゴッドホーネット,牡3,56.0,団野大成,,,---,,計不,[西] 飯田祐史,202308010503
取,7,13,サトノトライアンフ,牡3,56.0,吉田隼人,,,---,,計不,[西] 西園正都,202308010503
1,3,6,レッドテンペスト,セ3,56.0,鮫島克駿,1:21.1,,2.7,1.0,440(-8),[西] 笹田和秀,202308010504
2,1,1,ケイアイクビラ,牡3,56.0,藤懸貴志,1:21.3,1.1/4,5.3,3.0,504(+10),[西] 宮本博,202308010504
3,2,4,アラメダ,牝3,54.0,岩田望来,1:21.6,1.1/2,15.3,6.0,436(+6),[西] 池江泰寿,202308010504
4,8,16,サトノアダマス,牝3,54.0,西村淳也,1:21.6,クビ,39.7,8.0,462(0),[西] 杉山晴紀,202308010504
5,2,3,アメイジングスター,牡3,56.0,吉田隼人,1:21.7,1/2,7.0,4.0,454(+6),[西] 茶木太樹,202308010504
6,7,13,ソニックライト,牝3,54.0,松山弘平,1:21.7,アタマ,8.8,5.0,484(+4),[西] 森田直行,202308010504
7,3,5,ビッグボーンリタ,牝3,54.0,和田竜二,1:21.8,1/2,165.4,12.0,438(-2),[西] 高橋康之,202308010504
8,5,9,アジュールブルー,牝3,50.0,古川奈穂,1:21.8,クビ,141.6,11.0,410(0),[西] 清水久詞,202308010504
9,6,11,ダイシンベスパ,牝3,54.0,森裕太朗,1:21.8,ハナ,324.9,15.0,376(+4),[西] 吉田直弘,202308010504
10,1,2,カシノインディード,牡3,56.0,国分恭介,1:22.1,1.1/2,23.4,7.0,458(+2),[西] 牧田和弥,202308010504
11,6,12,ファルマリン,牝3,54.0,幸英明,1:22.4,2,119.8,10.0,414(0),[西] 森田直行,202308010504
12,8,18,テイエムサンローズ,牝3,54.0,田中健,1:22.4,アタマ,272.4,14.0,454(+2),[西] 飯田雄三,202308010504
13,7,15,ダイゴショウリュウ,牡3,56.0,川須栄彦,1:22.7,1.1/2,252.4,13.0,438(0),[西] 鮫島一歩,202308010504
14,4,8,フォルテカヴァロ,牡3,55.0,角田大河,1:22.7,アタマ,416.9,16.0,470(-4),[西] 石橋守,202308010504
15,8,17,カシノフェリクス,牝3,51.0,田口貫太,1:22.8,3/4,823.2,18.0,418(+4),[西] 藤沢則雄,202308010504
16,5,10,リプレゼント,牡3,56.0,川田将雅,1:23.3,3,3.8,2.0,500(0),[西] 中内田充,202308010504
17,4,7,クラシカルスカラー,牝3,54.0,松若風馬,1:23.6,1.1/2,119.3,9.0,446(0),[西] 今野貞一,202308010504
18,7,14,プライムトゥーレ,牡3,56.0,小崎綾也,1:24.0,2.1/2,709.2,17.0,470(-4),[西] 小崎憲,202308010504
1,4,5,アレンテージョ,牡3,56.0,松山弘平,1:47.3,,1.7,1.0,462(-4),[西] 坂口智康,202308010505
2,5,7,タイセイフェリーク,牝3,54.0,松若風馬,1:47.3,アタマ,10.1,4.0,422(+6),[西] 田中克典,202308010505
3,3,3,イーヴイ,牡3,56.0,川須栄彦,1:48.2,5,136.0,11.0,444(0),[西] 鮫島一歩,202308010505
4,6,9,ルクスビッグスター,牡3,56.0,岩田望来,1:48.5,1.1/2,4.6,2.0,466(+2),[西] 清水久詞,202308010505
5,3,4,アリクテラー,セ3,56.0,吉田隼人,1:48.6,1/2,45.7,8.0,500(0),[西] 武幸四郎,202308010505
6,5,8,キタイノオノコ,牡3,55.0,泉谷楓真,1:48.8,1.1/2,178.1,13.0,436(-14),[西] 本田優,202308010505
7,8,14,ピーシャ,牝3,54.0,松田大作,1:48.9,1/2,14.8,5.0,464(0),[西] 武幸四郎,202308010505
8,7,11,ギャラン,セ3,56.0,鮫島克駿,1:49.1,1.1/4,18.9,6.0,442(-12),[西] 松下武士,202308010505
9,1,1,サンアレックス,牝3,54.0,国分恭介,1:49.2,1/2,129.4,10.0,448(-2),[西] 安達昭夫,202308010505
10,4,6,ララファンファーレ,牝3,53.0,小沢大仁,1:49.4,3/4,170.1,12.0,408(+4),[西] 坂口智康,202308010505
11,2,2,ルージュレヴール,牝3,54.0,団野大成,1:49.5,1/2,7.5,3.0,458(-12),[西] 須貝尚介,202308010505
12,8,13,コンフルエンス,牡3,56.0,西村淳也,1:50.6,7,87.0,9.0,484(-2),[西] 笹田和秀,202308010505
13,6,10,タンバッフェ,牝3,54.0,岩田康誠,1:50.9,1.3/4,26.4,7.0,468(0),[西] 飯田雄三,202308010505
14,7,12,ニホンピロベイリー,牝3,51.0,田口貫太,1:51.2,1.3/4,423.9,14.0,420(-6),[西] 服部利之,202308010505
1,8,15,スズカコーズ,牡3,56.0,川田将雅,1:25.6,,3.8,1.0,502(+4),[東] 伊藤圭三,202308010506
2,7,14,セミマル,牡3,56.0,団野大成,1:25.8,1,25.4,11.0,502(-4),[西] 西村真幸,202308010506
3,4,8,シンゼンイズモ,牡3,56.0,和田竜二,1:26.0,1.1/2,7.5,4.0,508(-2),[西] 荒川義之,202308010506
4,7,13,グレン,牡3,56.0,松田大作,1:26.1,3/4,28.6,12.0,484(-2),[西] 野中賢二,202308010506
5,6,12,トーホウキザン,牡3,56.0,国分恭介,1:26.2,クビ,54.8,13.0,464(-2),[西] 高橋康之,202308010506
6,3,6,ウォーターリーダー,牡3,56.0,岩田望来,1:26.6,2.1/2,19.1,9.0,436(0),[西] 安田隆行,202308010506
7,2,3,ドンアチェカ,牡3,56.0,武豊,1:26.6,クビ,13.6,6.0,482(-4),[西] 千田輝彦,202308010506
8,8,16,ライジン,牡3,56.0,西村淳也,1:26.6,ハナ,7.2,3.0,468(+4),[西] 池添学,202308010506
9,1,2,アロットドリーム,牝3,53.0,角田大河,1:26.7,クビ,18.3,8.0,440(0),[西] 本田優,202308010506
10,6,11,アフタヌーンドレス,牝3,54.0,鮫島克駿,1:26.9,1,16.6,7.0,492(-8),[東] 栗田徹,202308010506
11,2,4,アンジュフィールド,牝3,54.0,吉田隼人,1:26.9,クビ,4.6,2.0,452(0),[西] 矢作芳人,202308010506
12,3,5,ペイシャフラワー,牝3,54.0,横山典弘,1:27.1,1.1/4,9.9,5.0,452(-6),[西] 高橋康之,202308010506
13,1,1,アントニオヒロキ,牡3,56.0,川須栄彦,1:27.2,1,160.6,16.0,456(-6),[西] 北出成人,202308010506
14,5,10,レンダリング,牡3,56.0,幸英明,1:27.6,2.1/2,134.4,15.0,494(0),[西] 西園正都,202308010506
15,5,9,メアリー,牝3,54.0,池添謙一,1:27.7,クビ,71.0,14.0,474(+6),[西] 浜田多実,202308010506
16,4,7,マーブルロック,牡3,56.0,松山弘平,1:28.7,6,21.8,10.0,498(-4),[西] 西園正都,202308010506
1,6,6,エルトンバローズ,牡3,56.0,西村淳也,1:33.6,,2.6,2.0,502(-6),[西] 杉山晴紀,202308010507
2,1,1,シルヴァーデューク,牡3,56.0,池添謙一,1:33.9,2,1.9,1.0,450(-4),[西] 西村真幸,202308010507
3,3,3,アイルシャイン,牡3,56.0,横山典弘,1:34.0,1/2,8.4,4.0,480(+2),[西] 新谷功一,202308010507
4,8,8,オールアイウォント,牝3,54.0,松山弘平,1:34.5,3,9.7,5.0,452(+6),[西] 森田直行,202308010507
5,4,4,トリシューラ,牡3,56.0,加藤祥太,1:34.7,1,200.4,8.0,450(0),[西] 杉山佳明,202308010507
6,2,2,フレンドキング,牡3,52.0,古川奈穂,1:35.0,2,116.0,6.0,436(-4),[東] 南田美知,202308010507
7,7,7,ベルタソ,牝3,54.0,吉田隼人,1:35.0,クビ,8.4,3.0,442(-2),[西] 小崎憲,202308010507
8,5,5,カズオルデアニ,牡3,55.0,泉谷楓真,1:36.4,8,173.0,7.0,452(0),[西] 茶木太樹,202308010507
1,2,2,マナウス,牝4,52.0,古川奈穂,1:54.3,,2.9,1.0,462(+2),[西] 田中克典,202308010508
2,1,1,バリコノユメ,牝5,53.0,田口貫太,1:55.0,4,5.9,4.0,486(+10),[西] 松永昌博,202308010508
3,7,7,マテンロウアイ,牝4,56.0,横山典弘,1:55.1,1/2,5.0,3.0,532(+12),[西] 寺島良,202308010508
4,3,3,シュピカ,牝5,56.0,竹之下智,1:55.6,2.1/2,13.7,6.0,484(+2),[西] 千田輝彦,202308010508
5,6,6,メイショウホタルビ,牝5,55.0,小沢大仁,1:55.7,1,10.6,5.0,440(+4),[西] 大橋勇樹,202308010508
6,4,4,ガールズヒロイン,牝5,55.0,角田大河,1:55.7,ハナ,67.3,10.0,432(0),[西] 服部利之,202308010508
7,7,8,ワイドアウェイク,牝5,56.0,和田竜二,1:55.8,クビ,27.6,7.0,500(-2),[西] 加用正,202308010508
8,8,9,シゲルオトヒメ,牝4,56.0,幸英明,1:56.4,3.1/2,33.5,8.0,420(-8),[西] 谷潔,202308010508
9,8,10,レヴィーアクイーン,牝5,56.0,岩田康誠,1:57.2,5,36.7,9.0,480(0),[西] 笹田和秀,202308010508
10,5,5,ドゥライトアルディ,牝4,56.0,岩田望来,1:57.5,2,3.7,2.0,492(+6),[西] 西村真幸,202308010508
1,4,4,レッドラディエンス,牡4,58.0,川田将雅,1:58.8,,1.6,1.0,488(-6),[西] 友道康夫,202308010509
2,8,9,ピノクル,牡7,58.0,和田竜二,1:58.9,3/4,24.8,4.0,486(-4),[西] 音無秀孝,202308010509
3,6,6,ウインミニヨン,牝5,56.0,西村淳也,1:59.1,1.1/4,33.5,6.0,426(0),[西] 長谷川浩,202308010509
4,5,5,テーオーソロス,牡5,58.0,泉谷楓真,1:59.1,クビ,31.1,5.0,470(-6),[西] 宮徹,202308010509
5,3,3,ブラックボイス,牡4,58.0,松山弘平,1:59.2,クビ,5.8,3.0,510(-2),[東] 宮田敬介,202308010509
6,2,2,ヒューマンコメディ,牝6,56.0,団野大成,1:59.4,1.1/4,76.3,9.0,488(-12),[東] 水野貴広,202308010509
7,8,10,スカイフォール,牡4,58.0,横山典弘,1:59.6,1.1/2,3.2,2.0,488(+4),[西] 昆貢,202308010509
8,1,1,セグレドスペリオル,牡7,58.0,松若風馬,1:59.6,クビ,69.8,8.0,490(-2),[西] 宮本博,202308010509
9,7,8,シューラヴァラ,牡5,58.0,鮫島克駿,1:59.9,1.1/2,167.3,10.0,458(-4),[西] 川村禎彦,202308010509
10,7,7,ウン,牡4,58.0,川須栄彦,1:59.9,クビ,34.8,7.0,474(-6),[西] 吉田直弘,202308010509
1,4,7,タイセイドレフォン,牡4,57.0,幸英明,1:51.1,,4.9,3.0,500(-8),[西] 西村真幸,202308010510
2,6,11,ベストリーガード,牡4,57.0,武豊,1:51.3,1.1/2,3.7,2.0,476(-2),[東] 牧光二,202308010510
3,7,13,メイショウユズルハ,牡4,57.0,岩田康誠,1:51.4,1/2,24.0,9.0,492(0),[西] 岡田稲男,202308010510
4,2,3,ダブルシャープ,牡8,58.0,柴山雄一,1:51.5,クビ,102.7,13.0,494(-6),[西] 渡辺薫彦,202308010510
5,2,2,ブラックアーメット,牡5,58.0,泉谷楓真,1:51.5,クビ,14.4,5.0,512(+2),[西] 角田晃一,202308010510
6,5,9,ロードエクレール,牡5,57.0,西村淳也,1:51.8,2,34.3,10.0,476(-6),[東] 斎藤誠,202308010510
7,8,14,フィロロッソ,牡6,57.0,池添謙一,1:51.9,クビ,9.2,4.0,488(+6),[西] 中竹和也,202308010510
8,3,5,フィニステール,牡6,57.0,岩田望来,1:52.0,1/2,43.3,11.0,484(0),[西] 中内田充,202308010510
9,7,12,スレイマン,牡5,57.0,吉田隼人,1:52.1,3/4,17.7,8.0,546(+6),[西] 池添学,202308010510
10,5,8,デュープロセス,牡7,59.0,団野大成,1:52.4,1.1/2,143.7,14.0,488(-10),[東] 高柳瑞樹,202308010510
11,3,4,ハイエンド,牡4,57.0,和田竜二,1:52.9,3,14.6,6.0,534(0),[西] 清水久詞,202308010510
12,1,1,ディパッセ,牡4,57.0,松若風馬,1:53.7,5,62.9,12.0,500(+8),[西] 高柳大輔,202308010510
13,6,10,シークレットラン,牡7,57.0,角田大河,1:53.8,1/2,265.7,15.0,506(0),[西] 村山明,202308010510
14,8,15,ヘラルドバローズ,牡4,57.0,松山弘平,1:53.9,3/4,3.4,1.0,494(-6),[西] 寺島良,202308010510
中,4,6,ホールシバン,牡5,57.0,鮫島克駿,,,17.1,7.0,544(+14),[西] 高橋義忠,202308010510
1,5,6,サトノグランツ,牡3,56.0,川田将雅,2:14.1,,2.8,1.0,494(+4),[西] 友道康夫,202308010511
2,6,7,ダノントルネード,牡3,56.0,西村淳也,2:14.1,クビ,4.0,2.0,514(-6),[西] 中内田充,202308010511
3,8,12,リビアングラス,牡3,56.0,鮫島克駿,2:14.1,アタマ,15.9,7.0,488(-6),[西] 矢作芳人,202308010511
4,7,9,マキシ,牡3,56.0,松山弘平,2:14.1,クビ,7.4,4.0,504(+16),[西] 辻野泰之,202308010511
5,2,2,マイネルラウレア,牡3,56.0,和田竜二,2:14.2,クビ,5.4,3.0,502(-8),[西] 宮徹,202308010511
6,1,1,オメガリッチマン,牡3,56.0,横山典弘,2:14.5,1.3/4,9.2,5.0,440(0),[西] 安田翔伍,202308010511
7,5,5,マコトヴェリーキー,牡3,56.0,松若風馬,2:14.8,1.3/4,80.4,10.0,470(-2),[西] 上村洋行,202308010511
8,6,8,アスクドゥポルテ,牡3,56.0,岩田康誠,2:15.0,1.1/4,22.7,8.0,460(0),[西] 河内洋,202308010511
9,7,10,ファームツエンティ,牡3,56.0,池添謙一,2:15.1,1,36.2,9.0,450(-2),[西] 北出成人,202308010511
10,3,3,ドットクルー,牡3,56.0,岩田望来,2:15.6,3,13.6,6.0,456(-4),[西] 笹田和秀,202308010511
11,8,11,ディープマインド,牡3,56.0,団野大成,2:15.7,クビ,174.2,11.0,520(-6),[西] 本田優,202308010511
12,4,4,トーホウレーゲン,牡3,56.0,幸英明,2:15.7,クビ,285.9,12.0,450(-6),[西] 石坂公一,202308010511
1,1,1,タイゲン,牡4,58.0,和田竜二,1:33.2,,10.8,5.0,476(+4),[西] 平田修,202308010512
2,5,8,モズゴールドバレル,牝4,56.0,鮫島克駿,1:33.3,3/4,4.8,4.0,446(+10),[西] 藤岡健一,202308010512
3,7,12,レゾンドゥスリール,セ5,58.0,松若風馬,1:33.4,クビ,51.9,10.0,450(-4),[西] 辻野泰之,202308010512
4,3,3,メイショウベッピン,牝6,56.0,武豊,1:33.6,1.1/4,3.9,1.0,492(0),[西] 荒川義之,202308010512
5,7,11,サトノペルセウス,セ5,58.0,松山弘平,1:33.6,クビ,4.8,3.0,480(-10),[西] 藤原英昭,202308010512
6,2,2,メイショウカクウン,牡8,57.0,角田大河,1:33.7,1/2,36.9,9.0,456(-6),[西] 石橋守,202308010512
7,4,5,オーマイダーリン,牝6,56.0,岩田康誠,1:33.7,クビ,12.8,6.0,476(-2),[西] 河内洋,202308010512
8,6,9,シティレインボー,牡5,58.0,池添謙一,1:33.8,アタマ,4.4,2.0,484(-4),[西] 北出成人,202308010512
9,8,14,ペドラフォルカ,牝5,56.0,岩田望来,1:34.0,1.1/4,32.8,8.0,472(+2),[西] 上村洋行,202308010512
10,8,13,ラキ,牝6,56.0,小崎綾也,1:34.2,1.1/4,217.9,14.0,468(-2),[西] 小崎憲,202308010512
11,4,6,サイモンメガライズ,牡5,58.0,幸英明,1:34.4,1.1/4,83.6,12.0,502(0),[西] 小林真也,202308010512
12,3,4,テーオーアリエス,牝4,55.0,小沢大仁,1:34.6,1.1/4,150.7,13.0,496(+20),[西] 岡田稲男,202308010512
13,5,7,ヒルノショパン,牡4,58.0,太宰啓介,1:34.8,1.1/4,13.4,7.0,446(0),[西] 昆貢,202308010512
14,6,10,テーオーアマゾン,牡7,55.0,田口貫太,1:36.0,7,55.1,11.0,486(-2),[西] 浜田多実,202308010512
1,3,5,シブースト,牝3,54.0,西村淳也,1:54.0,,2.2,1.0,494(+6),[西] 高野友和,202308010601
2,4,7,メメナビレラ,牝3,54.0,中井裕二,1:54.7,4,12.8,4.0,490(-4),[西] 長谷川浩,202308010601
3,2,4,ネーブル,牝3,54.0,藤懸貴志,1:55.0,1.3/4,26.8,8.0,442(0),[西] 平田修,202308010601
4,5,10,プロフェッショナル,牝3,54.0,松田大作,1:55.4,2.1/2,20.2,6.0,490(-4),[西] 今野貞一,202308010601
5,5,9,アーケイディア,牝3,54.0,古川吉洋,1:55.8,2.1/2,61.0,11.0,474(-4),[西] 飯田祐史,202308010601
6,1,2,タガノマカロン,牝3,51.0,田口貫太,1:55.8,ハナ,27.6,9.0,442(+10),[西] 藤沢則雄,202308010601
7,1,1,グレイスオブゴッド,牝3,54.0,水口優也,1:56.6,5,206.9,14.0,480(+4),[西] 服部利之,202308010601
8,6,11,メイショウチェリー,牝3,53.0,角田大河,1:57.4,5,145.4,12.0,424(+8),[西] 本田優,202308010601
9,6,12,ウインフィエルテ,牝3,54.0,松若風馬,1:57.5,1/2,6.4,3.0,494(+8),[西] 加用正,202308010601
10,8,15,アスクビビットモア,牝3,50.0,古川奈穂,1:57.5,クビ,30.9,10.0,398(-10),[西] 梅田智之,202308010601
11,7,14,ラホーヤストーム,牝3,53.0,小沢大仁,1:57.6,1/2,16.0,5.0,460(-6),[西] 松永昌博,202308010601
12,7,13,ウインダンスタイム,牝3,54.0,本田正重,1:57.9,2,261.4,15.0,434(-6),[西] 宮本博,202308010601
13,4,8,カフジガラーニ,牝3,54.0,富田暁,1:58.3,2.1/2,375.8,16.0,440(+2),[西] 木原一良,202308010601
14,8,16,ラミュロス,牝3,53.0,泉谷楓真,1:58.5,1,190.1,13.0,404(+2),[西] 角田晃一,202308010601
15,3,6,テーオードリアン,牝3,54.0,藤岡康太,1:59.6,7,3.5,2.0,456(+2),[西] 奥村豊,202308010601
16,2,3,サイモンブーケ,牝3,54.0,川須栄彦,2:01.1,9,26.7,7.0,494(+8),[西] 梅田智之,202308010601
1,2,4,ダミエ,牡3,56.0,藤岡康太,1:24.3,,11.4,5.0,474(+4),[西] 武幸四郎,202308010602
2,1,1,エイシンレジューム,牡3,56.0,富田暁,1:24.7,2.1/2,3.9,2.0,502(0),[西] 中尾秀正,202308010602
3,6,12,ランドティターン,牡3,56.0,岩田康誠,1:25.3,3.1/2,14.6,6.0,494(+10),[西] 安達昭夫,202308010602
4,5,10,カナウ,牡3,56.0,西村淳也,1:25.4,クビ,1.8,1.0,550(-8),[西] 杉山晴紀,202308010602
5,6,11,キスウマイ,牡3,56.0,藤懸貴志,1:26.6,7,48.9,7.0,488(+8),[西] 松永幹夫,202308010602
6,5,9,メイショウエース,牡3,56.0,太宰啓介,1:26.6,アタマ,70.0,9.0,502(+2),[西] 西園正都,202308010602
7,2,3,クロニオス,牡3,56.0,松若風馬,1:26.9,1.3/4,9.3,4.0,526(-10),[西] 西村真幸,202308010602
8,4,7,サトノドゥーチェ,牡3,56.0,池添謙一,1:27.1,1.1/2,84.2,10.0,430(-6),[西] 音無秀孝,202308010602
9,3,6,サウンドズーム,牡3,56.0,松田大作,1:27.2,1/2,69.6,8.0,474(-4),[西] 武英智,202308010602
10,8,15,リュウキシ,牡3,53.0,大久保友,1:27.3,3/4,373.0,13.0,508(+6),[西] 畑端省吾,202308010602
11,7,13,キッズファイナル,牝3,54.0,高倉稜,1:27.3,クビ,704.3,16.0,406(0),[西] 宮本博,202308010602
12,7,14,ナムラダリウス,牡3,56.0,城戸義政,1:27.4,1/2,344.2,11.0,454(+4),[西] 荒川義之,202308010602
13,8,16,リアライズ,牡3,55.0,角田大河,1:27.7,1.1/2,8.9,3.0,480(-6),[西] 石橋守,202308010602
14,1,2,リッタースポーツ,牡3,53.0,田口貫太,1:27.8,1/2,387.7,14.0,474(+8),[西] 鮫島一歩,202308010602
15,4,8,クリスプオブウォー,牡3,56.0,小崎綾也,1:27.9,3/4,431.3,15.0,486(+6),[西] 寺島良,202308010602
16,3,5,オールズフェア,牡3,56.0,国分恭介,1:28.0,クビ,351.2,12.0,526(0),[西] 鈴木孝志,202308010602
1,6,6,アマートカヴァロ,牡3,56.0,藤岡康太,2:00.0,,4.4,3.0,476(+2),[西] 笹田和秀,202308010603
2,4,4,ダビディ,牡3,55.0,小沢大仁,2:00.4,2.1/2,3.2,1.0,484(-2),[西] 庄野靖志,202308010603
3,3,3,センチュリヒーロー,牡3,56.0,加藤祥太,2:00.8,2.1/2,184.5,10.0,410(-6),[西] 庄野靖志,202308010603
4,8,10,ワンボイス,牡3,55.0,角田大河,2:01.7,5,4.1,2.0,472(0),[西] 角田晃一,202308010603
5,7,8,ヒミノイチシロ,牡3,56.0,富田暁,2:01.8,3/4,8.3,5.0,500(+4),[西] 川村禎彦,202308010603
6,1,1,セルリアンミナギル,牡3,56.0,和田翼,2:01.8,ハナ,50.5,9.0,486(0),[西] 谷潔,202308010603
7,5,5,レッドマグナス,牡3,56.0,国分恭介,2:02.0,1.1/4,15.0,7.0,490(+4),[西] 緒方努,202308010603
8,8,11,チョウドイイ,牡3,56.0,西村淳也,2:02.5,3,32.6,8.0,528(-2),[西] 吉村圭司,202308010603
9,2,2,クランプレミア,牝3,51.0,田口貫太,2:03.3,5,7.6,4.0,436(-4),[西] 橋口慎介,202308010603
10,7,9,メイショウランザン,牡3,56.0,古川吉洋,2:03.8,3,10.9,6.0,450(-2),[西] 松永幹夫,202308010603
11,6,7,ブラスター,牡3,56.0,太宰啓介,2:04.6,5,196.7,11.0,476(0),[西] 飯田祐史,202308010603
1,6,10,サンライズプルート,牡3,56.0,池添謙一,1:36.7,,1.7,1.0,454(-2),[西] 音無秀孝,202308010604
2,2,2,ウマピョイ,牝3,53.0,角田大河,1:37.0,2,3.6,2.0,446(0),[西] 角田晃一,202308010604
3,4,7,ニホンピロフリード,牝3,54.0,高倉稜,1:37.3,2,403.4,15.0,456(-6),[西] 服部利之,202308010604
4,4,6,グローブホッパー,牡3,56.0,西村淳也,1:37.3,ハナ,9.2,4.0,528(0),[西] 藤原英昭,202308010604
5,5,8,ロードマンハイム,牡3,56.0,松若風馬,1:37.4,1/2,7.8,3.0,504(-6),[西] 友道康夫,202308010604
6,2,3,ウインジュルネ,牡3,56.0,岩田康誠,1:37.4,アタマ,29.1,5.0,440(0),[西] 宮本博,202308010604
7,1,1,シントーチャチャ,牝3,54.0,長岡禎仁,1:37.6,3/4,31.9,6.0,426(-2),[西] 清水久詞,202308010604
8,3,4,ユレマー,牝3,54.0,藤岡康太,1:38.1,3,138.8,11.0,408(+4),[西] 石坂公一,202308010604
9,3,5,ハワイアンパレス,牝3,54.0,小牧太,1:38.1,ハナ,179.8,13.0,468(-2),[西] 服部利之,202308010604
10,5,9,ギルデッドフレーム,牡3,56.0,国分優作,1:38.1,クビ,64.0,8.0,432(-2),[西] 坂口智康,202308010604
11,6,11,クワイエットドーン,牡3,56.0,本田正重,1:38.2,1/2,107.8,10.0,506(+6),[西] 矢作芳人,202308010604
12,8,14,ティータイム,牝3,53.0,小沢大仁,1:38.3,1/2,68.7,9.0,462(+10),[西] 長谷川浩,202308010604
13,7,12,クリノビッグボス,牡3,56.0,国分恭介,1:38.3,ハナ,251.6,14.0,464(-2),[西] 川村禎彦,202308010604
14,8,15,トーホウランボ,牝3,54.0,富田暁,1:38.4,1/2,142.1,12.0,416(0),[西] 川村禎彦,202308010604
15,7,13,シゲルミラクル,牝3,51.0,田口貫太,1:39.0,3.1/2,38.7,7.0,424(-2),[西] 鈴木孝志,202308010604
1,8,8,ジューンアヲニヨシ,牡3,56.0,池添謙一,2:19.0,,2.0,1.0,464(-4),[西] 松下武士,202308010605
2,3,3,アンジェリカル,牝3,54.0,富田暁,2:19.2,1.1/4,99.4,7.0,436(-4),[西] 武英智,202308010605
3,2,2,カズキ,牡3,54.0,藤田菜七,2:19.4,1.1/4,21.4,6.0,436(0),[西] 梅田智之,202308010605
4,4,4,チュウワハート,牡3,56.0,岩田康誠,2:19.6,1.1/4,4.2,3.0,512(-4),[西] 大久保龍,202308010605
5,6,6,ドゥヴァンスマン,牡3,56.0,藤岡康太,2:19.6,クビ,3.9,2.0,476(-8),[西] 矢作芳人,202308010605
6,1,1,アルタビスタ,牝3,54.0,西村淳也,2:19.9,1.1/2,11.9,5.0,452(+2),[西] 松永幹夫,202308010605
7,8,9,メイショウオウカ,牝3,54.0,国分恭介,2:20.8,5,8.0,4.0,442(0),[西] 岡田稲男,202308010605
8,7,7,トプシー,牝3,54.0,小崎綾也,2:21.0,1.1/4,215.7,9.0,390(0),[西] 吉田直弘,202308010605
9,5,5,ウインリージェント,牡3,56.0,加藤祥太,2:22.6,10,165.6,8.0,468(-4),[西] 梅田智之,202308010605
1,5,6,ライオットガール,牝3,53.0,小沢大仁,1:51.7,,11.1,3.0,462(-4),[西] 中村直也,202308010606
2,3,3,ライジングラパス,牝3,54.0,国分恭介,1:51.9,1.1/2,12.0,4.0,420(-4),[西] 宮本博,202308010606
3,6,7,ウィンターダフネ,牝3,54.0,藤岡康太,1:51.9,ハナ,18.8,7.0,476(0),[東] 国枝栄,202308010606
4,4,4,ミッキーマカロン,牝3,54.0,松若風馬,1:51.9,アタマ,21.6,8.0,430(-2),[西] 大久保龍,202308010606
5,2,2,ガウラ,牝3,53.0,角田大河,1:52.2,1.1/2,17.0,6.0,476(0),[西] 鈴木孝志,202308010606
6,1,1,レクランスリール,牝3,54.0,川須栄彦,1:52.3,1,262.9,12.0,450(-4),[西] 小林真也,202308010606
7,7,9,コロンビアテソーロ,牝3,54.0,杉原誠人,1:52.4,1/2,31.2,9.0,452(+2),[東] 栗田徹,202308010606
8,5,5,アルムエアフォルク,牝3,54.0,秋山真一,1:52.6,1,38.2,10.0,454(-2),[西] 平田修,202308010606
9,8,11,ヨリノサファイヤ,牝3,52.0,藤田菜七,1:52.7,クビ,6.0,2.0,500(+4),[西] 村山明,202308010606
10,8,12,パルクリチュード,牝3,54.0,西村淳也,1:52.7,アタマ,1.6,1.0,430(+6),[西] 松永幹夫,202308010606
11,6,8,ツーエムルーイー,牝3,51.0,田口貫太,1:56.6,大,50.1,11.0,516(0),[西] 高柳大輔,202308010606
中,7,10,テレパシー,牝3,54.0,池添謙一,,,13.0,5.0,500(-6),[西] 石坂公一,202308010606
1,5,5,レディベル,牝4,52.0,古川奈穂,2:03.6,,6.1,3.0,512(-6),[西] 矢作芳人,202308010607
2,2,2,ゴルトシュミーデ,牝4,56.0,西村淳也,2:03.8,1.1/4,2.1,1.0,440(+6),[西] 村山明,202308010607
3,3,3,バガン,牡5,58.0,藤岡康太,2:03.9,1/2,2.6,2.0,474(+10),[西] 野中賢二,202308010607
4,4,4,スマートワン,牡5,58.0,松若風馬,2:04.6,4,10.8,4.0,484(+10),[東] 加藤士津,202308010607
5,6,6,フェニックスループ,牡4,58.0,富田暁,2:04.6,アタマ,18.6,5.0,462(-19),[西] 平田修,202308010607
6,1,1,パラティーノヒル,牝6,54.0,藤田菜七,2:04.8,1.1/4,24.3,6.0,418(-2),[東] 南田美知,202308010607
7,8,8,レイモミ,牝5,56.0,松田大作,2:04.8,ハナ,99.9,9.0,434(+8),[西] 千田輝彦,202308010607
8,8,9,レディーシス,牝4,56.0,小崎綾也,2:05.2,2,57.1,8.0,424(+4),[西] 小崎憲,202308010607
9,7,7,ロックグラス,セ6,55.0,田口貫太,2:05.3,1,31.4,7.0,458(-8),[西] 谷潔,202308010607
1,8,15,ヴィゴラスダンサー,牝4,56.0,藤岡康太,1:11.5,,2.0,1.0,444(+6),[西] 友道康夫,202308010608
2,1,2,ヤマカツパトリシア,牝6,56.0,和田翼,1:11.7,1,57.4,11.0,466(-6),[西] 谷潔,202308010608
3,7,14,スナークシュンソウ,牡5,58.0,小崎綾也,1:11.7,ハナ,3.6,2.0,530(+2),[西] 野中賢二,202308010608
4,1,1,リッキーヤスオカ,牡4,58.0,西村淳也,1:11.7,クビ,9.1,3.0,494(+2),[西] 安田隆行,202308010608
5,4,7,ストロンゲスト,牡4,58.0,城戸義政,1:11.8,1/2,305.7,16.0,480(-2),[西] 羽月友彦,202308010608
6,2,4,グランデ,牡4,58.0,水口優也,1:12.2,2,42.8,10.0,476(-4),[西] 吉田直弘,202308010608
7,2,3,ジョーフェイス,牡4,58.0,松若風馬,1:12.4,1.1/2,198.8,14.0,498(-2),[西] 小崎憲,202308010608
8,3,6,アイファーエポック,牡4,56.0,藤田菜七,1:12.5,クビ,127.2,12.0,476(0),[東] 根本康広,202308010608
9,3,5,レッドフランカー,牡5,57.0,角田大河,1:12.6,1/2,30.9,8.0,478(+10),[西] 音無秀孝,202308010608
10,7,13,バンドールロゼ,牡4,57.0,小沢大仁,1:12.6,クビ,187.2,13.0,476(0),[西] 松永昌博,202308010608
11,6,12,レガーミ,牝4,56.0,国分優作,1:12.8,3/4,10.1,4.0,512(0),[西] 木原一良,202308010608
12,4,8,モウショウ,牡4,58.0,本田正重,1:13.0,1,27.5,7.0,490(0),[西] 鈴木孝志,202308010608
13,5,10,ニホンピロラブリー,牝5,53.0,田口貫太,1:13.1,1/2,257.0,15.0,478(-4),[西] 服部利之,202308010608
14,5,9,ソルトキャピタル,牡6,58.0,富田暁,1:13.1,アタマ,36.1,9.0,538(+4),[西] 木原一良,202308010608
15,6,11,トラーパニ,牝4,56.0,川須栄彦,1:13.2,3/4,12.3,5.0,464(+2),[西] 上村洋行,202308010608
16,8,16,パレフォーコン,牡4,58.0,秋山真一,1:13.4,1.1/4,24.8,6.0,420(-10),[西] 鮫島一歩,202308010608
1,5,9,ブローザホーン,牡4,56.0,岩田康誠,2:14.9,,3.5,1.0,420(0),[東] 中野栄治,202308010609
2,5,8,ロードプレジール,牡5,56.0,西村淳也,2:15.7,5,5.8,3.0,494(+8),[西] 中内田充,202308010609
3,6,11,アウスヴァール,セ5,57.0,古川吉洋,2:15.8,3/4,5.4,2.0,496(+2),[西] 昆貢,202308010609
4,2,3,シルバーエース,牡6,55.0,池添謙一,2:16.0,1.1/4,13.3,6.0,472(0),[西] 橋口慎介,202308010609
5,2,2,フォルテデイマルミ,牡5,55.0,水口優也,2:16.0,アタマ,14.4,7.0,498(-2),[西] 須貝尚介,202308010609
6,8,14,ドンアルゴス,牡8,53.0,川島信二,2:16.2,3/4,68.3,13.0,530(0),[西] 庄野靖志,202308010609
7,3,4,ラブパイロー,牝4,53.0,小崎綾也,2:16.2,クビ,198.2,15.0,478(-4),[東] 大和田成,202308010609
8,1,1,スズカノロッソ,セ8,55.0,杉原誠人,2:16.5,2,15.0,8.0,480(+8),[東] 小島茂之,202308010609
9,4,7,メイショウブレゲ,牡4,56.0,藤岡康太,2:16.5,ハナ,8.0,4.0,464(0),[西] 本田優,202308010609
10,6,10,タイセイシリウス,セ6,53.0,松若風馬,2:16.6,クビ,29.5,11.0,496(+8),[西] 高野友和,202308010609
10,7,13,ジャンカズマ,牡5,55.0,富田暁,2:16.6,同着,28.9,10.0,484(+2),[西] 小栗実,202308010609
12,8,15,ステイブルアスク,牝5,56.0,古川奈穂,2:16.7,1/2,11.1,5.0,440(+2),[西] 矢作芳人,202308010609
13,4,6,ニホンピロタイズ,牡5,55.0,田口貫太,2:16.8,1/2,32.0,12.0,508(-6),[西] 大橋勇樹,202308010609
14,3,5,ジロー,牡6,55.0,泉谷楓真,2:16.8,クビ,106.9,14.0,482(0),[西] 岡田稲男,202308010609
15,7,12,アップデート,牡4,56.0,高倉稜,2:17.5,4,17.5,9.0,510(+10),[西] 杉山晴紀,202308010609
1,8,8,ルガル,牡3,56.0,角田大河,1:23.1,,3.7,2.0,512(0),[西] 杉山晴紀,202308010610
2,1,1,テラステラ,牡3,56.0,藤岡康太,1:23.9,5,11.0,7.0,474(+2),[西] 矢作芳人,202308010610
3,8,9,サンティーテソーロ,牝3,54.0,池添謙一,1:24.1,3/4,5.0,3.0,424(0),[東] 栗田徹,202308010610
4,2,2,エッセレンチ,牝3,54.0,杉原誠人,1:24.1,クビ,6.3,4.0,418(0),[東] 蛯名正義,202308010610
5,5,5,ミルトクレイモー,牡3,56.0,松若風馬,1:24.2,クビ,3.6,1.0,498(+2),[西] 中村直也,202308010610
6,4,4,イティネラートル,牝3,54.0,西村淳也,1:24.4,1.1/2,9.2,6.0,410(0),[西] 長谷川浩,202308010610
7,7,7,ラビュリントス,牝3,55.0,本田正重,1:24.5,3/4,44.8,8.0,430(+2),[地] 内田勝義,202308010610
8,6,6,ジョリダム,牝3,54.0,松田大作,1:25.1,3.1/2,75.5,9.0,438(+6),[西] 武英智,202308010610
9,3,3,ヤクシマ,牡3,57.0,国分恭介,1:25.4,1.3/4,8.4,5.0,508(+4),[西] 寺島良,202308010610
1,7,14,エイシンスポッター,牡4,57.0,角田大河,1:09.9,,4.9,2.0,506(+14),[西] 吉村圭司,202308010611
2,1,2,スノーテーラー,牝6,55.0,岩田康誠,1:10.0,1,7.8,5.0,466(+6),[西] 飯田雄三,202308010611
3,5,9,スマートクラージュ,牡6,58.0,松田大作,1:10.3,1.1/2,16.6,7.0,488(+8),[西] 池江泰寿,202308010611
4,4,8,ヨシノイースター,牡5,57.0,富田暁,1:10.3,ハナ,4.6,1.0,488(+8),[西] 中尾秀正,202308010611
5,1,1,キャプテンドレイク,牡6,57.0,藤岡康太,1:10.4,3/4,40.8,12.0,486(+2),[西] 今野貞一,202308010611
5,8,18,サンライズオネスト,牡6,58.0,太宰啓介,1:10.4,同着,21.0,10.0,480(+8),[西] 河内洋,202308010611
7,3,6,サトノラムセス,牡5,57.0,松若風馬,1:10.4,アタマ,16.6,8.0,480(-6),[西] 橋口慎介,202308010611
8,2,3,コムストックロード,牝4,55.0,杉原誠人,1:10.5,1/2,207.6,18.0,448(0),[東] 中野栄治,202308010611
9,2,4,ヴァトレニ,セ5,59.0,西村淳也,1:10.5,ハナ,7.6,3.0,450(0),[西] 長谷川浩,202308010611
10,7,15,スマートリアン,牝6,55.0,泉谷楓真,1:10.6,3/4,7.7,4.0,484(+4),[西] 石橋守,202308010611
11,3,5,リレーションシップ,牡6,57.0,秋山真一,1:10.7,クビ,20.4,9.0,512(+2),[西] 須貝尚介,202308010611
12,8,16,クリノマジン,牡4,57.0,池添謙一,1:10.7,アタマ,9.2,6.0,458(0),[西] 高橋義忠,202308010611
13,8,17,グルーヴィット,牡7,59.0,古川吉洋,1:10.7,クビ,40.4,11.0,506(+6),[西] 松永幹夫,202308010611
14,6,11,ロードベイリーフ,牡6,57.0,川須栄彦,1:10.7,ハナ,53.2,15.0,492(-6),[西] 森田直行,202308010611
15,5,10,タイセイアベニール,牡8,58.0,国分恭介,1:10.8,クビ,44.2,13.0,500(+20),[西] 西村真幸,202308010611
16,4,7,フレッチア,牡8,57.0,本田正重,1:11.0,1,52.4,14.0,494(-14),[東] 木村哲也,202308010611
17,6,12,ビップウインク,牝6,55.0,中井裕二,1:11.6,4,159.0,16.0,522(+4),[西] 清水久詞,202308010611
18,7,13,トップオブメジャー,牡7,57.0,小沢大仁,1:12.6,6,199.5,17.0,490(-2),[西] 辻野泰之,202308010611
1,6,7,アスクドゥラメンテ,牡4,58.0,池添謙一,1:57.0,,2.0,1.0,538(-2),[西] 藤原英昭,202308010612
2,3,3,フームスムート,牡6,58.0,藤岡康太,1:57.3,1.1/2,89.8,8.0,522(-14),[東] 水野貴広,202308010612
3,4,4,ハギノロックオン,牡4,58.0,西村淳也,1:57.4,1/2,3.9,3.0,518(+2),[西] 高野友和,202308010612
4,2,2,キミコソシャチョウ,牡4,58.0,岩田康誠,1:57.4,ハナ,24.5,5.0,514(0),[西] 森秀行,202308010612
5,6,8,ワセダハーツ,牡5,58.0,松若風馬,1:57.6,1.1/4,32.0,6.0,438(+2),[西] 橋口慎介,202308010612
6,7,10,ホウオウフウジン,牡4,58.0,本田正重,1:58.1,3,3.3,2.0,530(-2),[西] 矢作芳人,202308010612
7,7,9,ワンダフルトゥデイ,牡4,58.0,水口優也,1:58.3,3/4,15.7,4.0,522(0),[西] 中尾秀正,202308010612
8,8,12,グッドリドゥンス,牡6,58.0,古川吉洋,1:58.5,1.1/4,340.7,12.0,474(0),[東] 的場均,202308010612
9,5,5,サウザンドスマイル,牝6,56.0,太宰啓介,1:58.6,1,182.8,11.0,484(-6),[西] 河内洋,202308010612
10,5,6,ブルレスカ,牝5,56.0,小崎綾也,1:59.5,5,33.1,7.0,480(-2),[西] 寺島良,202308010612
11,1,1,スピードソルジャー,牡4,57.0,角田大河,2:00.6,7,113.5,9.0,498(-4),[東] 小笠倫弘,202308010612
12,8,11,キゾク,牡5,58.0,国分恭介,2:01.3,4,114.1,10.0,492(+2),[西] 西村真幸,202308010612
1,7,10,グラングスト,牝3,54.0,坂井瑠星,1:54.6,,1.5,1.0,550(+10),[西] 高野友和,202308010701
2,8,13,アウロス,牝3,54.0,岩田望来,1:54.6,クビ,3.2,2.0,488(0),[西] 上村洋行,202308010701
3,1,1,フローラサンライズ,牝3,54.0,国分恭介,1:56.2,10,138.4,11.0,442(+2),[西] 浜田多実,202308010701
4,8,12,ウインコマチ,牝3,54.0,和田竜二,1:56.3,クビ,13.6,3.0,432(-4),[西] 鈴木孝志,202308010701
5,4,4,ハイグッドシャイン,牝3,54.0,和田翼,1:56.7,2.1/2,218.7,12.0,468(-2),[西] 大根田裕,202308010701
6,7,11,ブライテン,牝3,54.0,太宰啓介,1:56.7,アタマ,47.1,7.0,414(+2),[西] 高橋亮,202308010701
7,6,9,ティータイム,牝3,54.0,中井裕二,1:57.1,2.1/2,82.5,9.0,458(-4),[西] 長谷川浩,202308010701
8,3,3,エリカエクラ,牝3,54.0,北村友一,1:57.3,1,65.7,8.0,476(-12),[西] 吉岡辰弥,202308010701
9,4,5,ラマジ,牝3,51.0,田口貫太,1:57.4,1,18.4,4.0,432(-2),[西] 田中克典,202308010701
10,5,6,セビーチェ,牝3,54.0,吉田隼人,1:57.9,3,30.8,6.0,486(+4),[西] 牧浦充徳,202308010701
11,6,8,メイショウアダーラ,牝3,54.0,幸英明,1:58.4,3,23.4,5.0,468(0),[西] 大橋勇樹,202308010701
12,5,7,アルマケルブ,牝3,54.0,鮫島克駿,1:58.5,1/2,84.8,10.0,464(+14),[西] 川村禎彦,202308010701
13,2,2,クリノキスミント,牝3,54.0,酒井学,1:59.7,7,246.2,13.0,426(+14),[西] 高橋康之,202308010701
1,3,3,モズバンディット,牡3,56.0,幸英明,2:03.4,,1.8,1.0,450(+2),[西] 中尾秀正,202308010702
2,4,4,アッチェレランド,牡3,56.0,坂井瑠星,2:03.4,クビ,3.5,3.0,580(+4),[西] 矢作芳人,202308010702
3,5,5,エーティータキオン,牡3,56.0,酒井学,2:03.7,1.3/4,29.7,4.0,416(0),[西] 木原一良,202308010702
4,2,2,アットアブラスト,牡3,56.0,松若風馬,2:04.0,2,55.2,5.0,464(-8),[西] 牧田和弥,202308010702
5,8,10,パープルクラウド,牡3,56.0,和田竜二,2:04.0,ハナ,2.9,2.0,524(-2),[西] 吉村圭司,202308010702
6,7,7,クリスプオブウォー,牡3,53.0,田口貫太,2:05.3,8,176.1,7.0,484(-2),[西] 寺島良,202308010702
7,8,9,ヨンダイメ,牡3,56.0,水口優也,2:05.9,3.1/2,251.9,8.0,490(+4),[西] 服部利之,202308010702
8,7,8,モストロネーロ,牡3,56.0,小牧太,2:06.1,1.1/4,262.8,10.0,470(+2),[西] 笹田和秀,202308010702
9,6,6,ウインリージェント,牡3,56.0,加藤祥太,2:07.9,大,91.6,6.0,470(+2),[西] 梅田智之,202308010702
10,1,1,イチゴホイップ,牝3,54.0,古川吉洋,2:08.4,3,251.9,8.0,448(-6),[東] 的場均,202308010702
1,7,12,メイショウノブカ,牝3,54.0,武豊,2:00.3,,2.9,2.0,504(-4),[西] 本田優,202308010703
2,3,5,クイーンノジョウ,牝3,54.0,坂井瑠星,2:00.4,1/2,5.6,3.0,458(+18),[西] 四位洋文,202308010703
3,5,8,チアーズ,牝3,54.0,藤岡佑介,2:00.9,3,9.2,4.0,486(0),[西] 杉山晴紀,202308010703
4,6,10,セレスティアリティ,牝3,54.0,北村友一,2:00.9,クビ,2.8,1.0,442(-8),[西] 西村真幸,202308010703
5,4,7,ヴェルミセル,牝3,54.0,和田竜二,2:01.0,1/2,25.1,7.0,448(0),[西] 吉村圭司,202308010703
6,4,6,ツーウィング,牝3,54.0,鮫島克駿,2:01.2,1,23.9,6.0,428(0),[西] 橋口慎介,202308010703
7,8,15,ウインフランシーズ,牝3,54.0,松若風馬,2:01.2,クビ,43.6,10.0,454(+4),[西] 飯田雄三,202308010703
8,6,11,ポンテニオ,牝3,53.0,泉谷楓真,2:01.2,クビ,39.8,9.0,482(0),[西] 西園正都,202308010703
9,2,3,ショウナンハルカゼ,牝3,54.0,藤岡康太,2:01.3,クビ,29.3,8.0,476(+8),[西] 清水久詞,202308010703
10,7,13,コスモフランメ,牝3,54.0,高倉稜,2:01.5,1.1/2,212.3,13.0,454(+6),[西] 宮徹,202308010703
11,1,1,ヴェロス,牝3,54.0,吉田隼人,2:01.6,1/2,14.7,5.0,462(+2),[西] 野中賢二,202308010703
12,3,4,リリーバローズ,牝3,53.0,小沢大仁,2:01.7,クビ,69.4,11.0,438(-2),[西] 寺島良,202308010703
13,5,9,トゥルーサンライズ,牝3,54.0,秋山真一,2:01.8,1/2,290.5,15.0,434(0),[西] 平田修,202308010703
14,8,14,エムズシップ,牝3,54.0,幸英明,2:02.1,2,219.6,14.0,484(+6),[西] 谷潔,202308010703
15,2,2,チャンスドゥアスク,牝3,54.0,岩田望来,2:02.2,クビ,126.7,12.0,442(-6),[西] 梅田智之,202308010703
1,7,13,マチカゼ,牡3,56.0,鮫島克駿,1:33.0,,9.6,4.0,486(-2),[西] 杉山晴紀,202308010704
2,4,8,ガットネロ,牝3,54.0,岩田望来,1:33.4,2.1/2,1.8,1.0,474(+4),[西] 上村洋行,202308010704
3,3,5,ダノンヒューマ,牡3,56.0,坂井瑠星,1:33.7,1.3/4,4.7,2.0,470(+2),[西] 大久保龍,202308010704
4,3,6,ジョーイルムシュ,牝3,54.0,北村友一,1:33.7,クビ,21.9,6.0,458(+2),[西] 清水久詞,202308010704
5,2,4,ウインジュルネ,牡3,56.0,和田竜二,1:33.8,クビ,78.2,9.0,430(-10),[西] 宮本博,202308010704
6,7,14,エールレヴリー,牝3,54.0,池添謙一,1:33.8,クビ,6.6,3.0,472(-6),[西] 武英智,202308010704
7,2,3,シュハリ,牡3,56.0,国分恭介,1:33.9,1/2,329.5,13.0,424(-4),[西] 鈴木孝志,202308010704
8,1,2,ゴートゥファースト,牡3,56.0,武豊,1:34.0,3/4,10.2,5.0,484(0),[西] 新谷功一,202308010704
9,5,9,マテンロウシップ,牡3,56.0,横山典弘,1:34.2,1.1/4,42.7,8.0,474(+6),[西] 昆貢,202308010704
10,4,7,ニホンピロソラーナ,牝3,51.0,田口貫太,1:34.2,クビ,259.5,12.0,446(-6),[西] 大橋勇樹,202308010704
11,8,16,クワイエットドーン,牡3,56.0,広瀬航,1:34.4,1.1/4,215.6,11.0,504(-2),[西] 矢作芳人,202308010704
12,5,10,ケイティベガ,牝3,53.0,泉谷楓真,1:35.0,3.1/2,329.8,14.0,408(+7),[西] 村山明,202308010704
13,6,12,ダンツフロンテ,牡3,56.0,和田翼,1:35.8,5,332.2,15.0,436(0),[西] 谷潔,202308010704
14,8,15,サウンドジャッカル,牡3,56.0,幸英明,1:35.8,アタマ,33.3,7.0,474(-14),[西] 安達昭夫,202308010704
15,6,11,バージャンフォース,牡3,56.0,国分優作,1:36.0,1.1/4,169.4,10.0,530(0),[西] 矢作芳人,202308010704
16,1,1,イズミアマゾネス,牝3,53.0,小沢大仁,1:36.3,2,420.6,16.0,430(-10),[西] 北出成人,202308010704
1,8,11,ツクヨミ,牡3,56.0,吉田隼人,1:47.2,,12.0,5.0,466(+6),[西] 坂口智康,202308010705
2,2,2,ニホンピロパークス,牝3,54.0,水口優也,1:47.3,1/2,540.7,11.0,420(-6),[西] 服部利之,202308010705
3,4,4,キタサンエルピス,牝3,54.0,横山典弘,1:47.3,クビ,6.2,3.0,466(-2),[西] 本田優,202308010705
4,7,9,ポルトドール,牡3,56.0,岩田望来,1:47.4,3/4,10.5,4.0,474(0),[西] 池江泰寿,202308010705
5,8,10,マテンロウジョイ,牡3,56.0,藤岡康太,1:47.5,クビ,4.1,2.0,454(+4),[西] 四位洋文,202308010705
6,5,5,ツィスカリーゼ,牡3,56.0,幸英明,1:47.9,2.1/2,85.9,7.0,430(-6),[西] 牧田和弥,202308010705
7,3,3,ヤマカツラナウェイ,牡3,56.0,和田竜二,1:48.0,3/4,144.0,8.0,490(0),[西] 小栗実,202308010705
8,7,8,スイープアワーズ,牡3,56.0,武豊,1:48.3,2,1.6,1.0,450(-2),[西] 友道康夫,202308010705
9,6,7,カフネ,牝3,51.0,田口貫太,1:48.8,3,416.0,9.0,424(+2),[西] 鈴木孝志,202308010705
10,1,1,サンライズビヨンド,牡3,56.0,坂井瑠星,1:49.1,2,22.9,6.0,506(0),[西] 矢作芳人,202308010705
11,6,6,ランドヴァッサー,牝3,53.0,小沢大仁,1:49.6,3,416.5,10.0,420(+2),[西] 牧田和弥,202308010705
1,3,5,ブレーヴジャッカル,セ5,58.0,坂井瑠星,1:25.0,,3.9,3.0,476(-4),[西] 長谷川浩,202308010706
2,7,14,スピリットワールド,牡4,58.0,武豊,1:25.1,3/4,3.7,2.0,528(+14),[西] 石橋守,202308010706
3,1,1,トーホウデュラン,牡4,58.0,鮫島克駿,1:25.3,1.1/4,19.8,7.0,484(0),[西] 石坂公一,202308010706
4,8,16,ワンダーウィルク,牡4,58.0,荻野琢真,1:25.6,1.1/2,7.3,4.0,504(0),[西] 今野貞一,202308010706
5,6,12,ケイティレインボー,牡4,58.0,加藤祥太,1:25.9,1.3/4,80.8,12.0,492(+2),[西] 杉山佳明,202308010706
6,2,4,ルパルテール,牝4,53.0,田口貫太,1:25.9,クビ,114.6,14.0,432(0),[西] 新谷功一,202308010706
7,8,15,キトゥンズワルツ,牝5,56.0,北村友一,1:26.2,2,136.8,16.0,476(+6),[西] 茶木太樹,202308010706
8,7,13,バンベルク,牡5,58.0,藤岡佑介,1:26.3,クビ,3.5,1.0,484(+4),[西] 小林真也,202308010706
9,4,7,フリークボンバー,牡6,58.0,吉田隼人,1:26.8,3.1/2,12.5,5.0,494(+4),[西] 岡田稲男,202308010706
10,6,11,ワックスリリカル,牝4,56.0,幸英明,1:26.9,クビ,15.7,6.0,482(+14),[西] 大久保龍,202308010706
11,5,9,エイシンデュエラー,牡4,58.0,松若風馬,1:26.9,ハナ,44.8,8.0,480(+6),[西] 今野貞一,202308010706
12,4,8,メッセージソング,牡4,57.0,小沢大仁,1:27.1,1,55.1,9.0,518(+14),[西] 渡辺薫彦,202308010706
13,2,3,カレンラファータ,牝4,56.0,池添謙一,1:27.1,ハナ,68.8,11.0,440(+14),[西] 鈴木孝志,202308010706
14,1,2,アルバリーニョ,牝5,56.0,岩田望来,1:27.3,1.1/4,85.4,13.0,460(+2),[西] 森田直行,202308010706
15,3,6,コマンダンテ,セ5,58.0,和田竜二,1:27.3,ハナ,65.5,10.0,476(-6),[西] 吉村圭司,202308010706
16,5,10,タガノミア,牝4,56.0,太宰啓介,1:27.8,3,115.6,15.0,462(+8),[西] 河内洋,202308010706
1,3,6,アドヴァイス,牝4,56.0,幸英明,1:08.7,,7.4,4.0,488(+10),[西] 石坂公一,202308010707
2,7,14,ブッシュガーデン,牝4,56.0,鮫島克駿,1:08.9,3/4,2.4,1.0,466(-4),[東] 武井亮,202308010707
3,1,2,テーオースパロー,牡4,58.0,和田竜二,1:09.0,3/4,16.0,6.0,504(+6),[西] 清水久詞,202308010707
4,1,1,ブリュットミレジメ,牡4,58.0,川島信二,1:09.1,1,33.6,11.0,514(+6),[西] 荒川義之,202308010707
5,4,8,メイショウカイト,牝5,55.0,泉谷楓真,1:09.1,ハナ,180.4,16.0,464(+4),[西] 荒川義之,202308010707
6,5,9,シゲルセンム,牝5,56.0,秋山真一,1:09.2,クビ,32.8,10.0,466(0),[西] 谷潔,202308010707
7,5,10,ロードラスター,牡5,58.0,松若風馬,1:09.2,アタマ,6.2,3.0,516(+4),[西] 千田輝彦,202308010707
8,3,5,メイショウイジゲン,牡5,58.0,国分恭介,1:09.2,クビ,124.1,14.0,446(-6),[西] 牧浦充徳,202308010707
9,6,12,チャーミングアクト,牝6,56.0,酒井学,1:09.2,ハナ,18.1,7.0,472(+2),[西] 飯田雄三,202308010707
10,2,3,トーホウラビアン,牝4,56.0,高倉稜,1:09.4,1,31.6,9.0,410(-4),[西] 川村禎彦,202308010707
11,2,4,セイレーン,牝5,55.0,小沢大仁,1:09.4,ハナ,94.5,12.0,410(+6),[西] 佐々木晶,202308010707
12,7,13,ベジェサ,牝4,56.0,池添謙一,1:09.4,アタマ,15.3,5.0,506(0),[西] 飯田祐史,202308010707
13,8,15,シゲルファンノユメ,牡4,58.0,坂井瑠星,1:09.5,クビ,29.2,8.0,488(-2),[東] 伊藤圭三,202308010707
14,4,7,ジュストコル,牡5,58.0,岩田望来,1:09.5,アタマ,5.1,2.0,510(-4),[西] 大久保龍,202308010707
15,8,16,オステリア,牡4,58.0,松田大作,1:09.9,2.1/2,143.5,15.0,500(+2),[西] 宮本博,202308010707
16,6,11,ヒノクニ,牝4,53.0,田口貫太,1:10.1,1.1/2,95.3,13.0,450(+2),[東] 深山雅史,202308010707
1,8,10,ダイシンクローバー,セ7,60.0,森一馬,4:33.7,,2.0,1.0,488(+4),[西] 安田隆行,202308010708
2,3,3,トライフォーリアル,セ6,60.0,五十嵐雄,4:33.7,クビ,10.8,4.0,486(-2),[東] 萩原清,202308010708
3,4,4,ポルタフォリオ,牡5,60.0,北沢伸也,4:34.1,2,20.2,6.0,514(-4),[西] 角田晃一,202308010708
4,7,8,メイショウアツイタ,牡5,60.0,難波剛健,4:34.5,2.1/2,65.2,10.0,500(+4),[西] 高橋義忠,202308010708
5,1,1,ザメイダン,牡7,60.0,上野翔,4:34.6,1/2,11.1,5.0,486(-4),[東] 新開幸一,202308010708
6,2,2,ホッコーハナミチ,セ5,60.0,黒岩悠,4:34.7,1,40.1,9.0,470(+8),[西] 長谷川浩,202308010708
7,6,6,リアム,牡6,60.0,蓑島靖典,4:34.8,3/4,25.0,8.0,534(-2),[東] 萩原清,202308010708
8,8,11,セデックカズマ,牡7,60.0,平沢健治,4:34.9,クビ,23.8,7.0,518(+6),[西] 高柳大輔,202308010708
中,5,5,ウインガヴァナー,牡5,60.0,熊沢重文,,,116.9,11.0,520(+6),[西] 西園正都,202308010708
中,6,7,テリオスルイ,牡5,60.0,中村将之,,,4.9,2.0,476(-2),[西] 松下武士,202308010708
中,7,9,ビーマイオーシャン,牡6,60.0,小牧加矢,,,5.0,3.0,506(-8),[西] 音無秀孝,202308010708
1,4,4,リミットバスター,牡3,56.0,高倉稜,1:59.9,,11.9,6.0,508(-12),[西] 杉山晴紀,202308010709
2,5,6,アンテロース,牡3,56.0,吉田隼人,2:00.0,クビ,25.2,8.0,440(+4),[西] 岡田稲男,202308010709
3,6,7,ウインルーティン,牡3,56.0,和田竜二,2:00.0,ハナ,11.4,4.0,462(+4),[西] 長谷川浩,202308010709
4,2,2,カネフラ,牡3,56.0,坂井瑠星,2:00.1,1,14.1,7.0,450(+2),[西] 高橋康之,202308010709
5,8,12,ダズリングブレイヴ,牡3,56.0,北村友一,2:00.5,2.1/2,28.2,9.0,494(-4),[西] 斉藤崇史,202308010709
6,8,11,ブレイヴロッカー,牡3,56.0,藤岡康太,2:00.5,アタマ,4.3,2.0,456(+2),[西] 本田優,202308010709
7,3,3,サスケ,牡3,56.0,武豊,2:00.7,1.1/4,11.6,5.0,452(+2),[西] 西村真幸,202308010709
8,7,9,パールロード,牡3,56.0,藤岡佑介,2:00.9,3/4,2.7,1.0,486(-10),[西] 中内田充,202308010709
9,1,1,ヨリキリ,牡3,56.0,池添謙一,2:01.0,3/4,50.6,10.0,478(-4),[西] 浜田多実,202308010709
10,5,5,フリンジティアラ,牝3,54.0,松若風馬,2:01.0,クビ,131.8,11.0,458(-6),[西] 上村洋行,202308010709
11,7,10,アイザックバローズ,牡3,56.0,岩田望来,2:01.4,2.1/2,4.4,3.0,474(+4),[西] 友道康夫,202308010709
12,6,8,ムーンローバー,牡3,56.0,広瀬航,2:02.6,7,445.5,12.0,500(0),[地] 田中一巧,202308010709
1,8,15,メイクアリープ,牡4,58.0,幸英明,1:52.5,,5.7,2.0,486(+12),[西] 大根田裕,202308010710
2,6,12,サンマルレジェンド,牡5,58.0,酒井学,1:52.5,クビ,12.9,6.0,486(+4),[西] 大橋勇樹,202308010710
3,8,16,マイネルクロンヌ,牡6,58.0,坂井瑠星,1:52.6,クビ,18.7,8.0,508(0),[東] 青木孝文,202308010710
4,5,10,バハルダール,牡4,58.0,岩田望来,1:52.8,1.1/2,11.0,5.0,504(+2),[西] 池江泰寿,202308010710
5,2,3,キュールエフウジン,牡4,58.0,松若風馬,1:53.0,1,18.2,7.0,494(+2),[西] 中尾秀正,202308010710
6,4,8,サンライズアリオン,牡4,58.0,和田竜二,1:53.1,1,2.5,1.0,524(+2),[西] 平田修,202308010710
7,1,1,セイクリッドゲイズ,牡5,58.0,鮫島克駿,1:53.2,1/2,7.6,4.0,496(+2),[西] 佐々木晶,202308010710
8,7,13,インベルシオン,牡4,58.0,池添謙一,1:53.6,2.1/2,70.3,13.0,542(-6),[西] 清水久詞,202308010710
9,3,6,テイエムマグマ,牡5,58.0,高倉稜,1:54.0,2,54.3,11.0,504(-6),[西] 杉山晴紀,202308010710
10,5,9,イチネンエーグミ,牡4,58.0,国分恭介,1:54.5,3,46.0,10.0,552(-6),[西] 茶木太樹,202308010710
11,1,2,ワールドスケール,牡6,58.0,松田大作,1:54.8,1.3/4,139.9,14.0,490(+6),[西] 野中賢二,202308010710
12,2,4,イイネイイネイイネ,牡4,58.0,柴山雄一,1:55.4,3.1/2,218.7,16.0,452(-14),[西] 小崎憲,202308010710
13,4,7,クロニクル,牡4,58.0,吉田隼人,1:55.4,クビ,6.1,3.0,516(+4),[西] 田中克典,202308010710
14,6,11,タイセイスラッガー,牡5,58.0,藤岡佑介,1:55.6,1.1/4,41.2,9.0,532(-6),[東] 高橋裕,202308010710
15,3,5,メイショウオキビ,牡5,58.0,小沢大仁,1:55.9,1.1/2,70.1,12.0,506(-2),[西] 松永昌博,202308010710
16,7,14,クレスコジョケツ,牝4,56.0,古川吉洋,1:57.7,大,176.6,15.0,466(-6),[西] 木原一良,202308010710
1,7,8,エアファンディタ,牡6,58.0,武豊,1:45.9,,2.9,1.0,460(-4),[西] 池添学,202308010711
2,5,5,アドマイヤハダル,牡5,57.0,鮫島克駿,1:45.9,クビ,5.4,3.0,496(-6),[西] 大久保龍,202308010711
3,8,10,バジオウ,牡5,57.0,池添謙一,1:46.1,1.1/4,6.0,4.0,472(-4),[東] 田中博康,202308010711
4,7,7,エンデュミオン,牡6,57.0,秋山真一,1:46.3,1.1/4,37.0,7.0,470(+4),[西] 清水久詞,202308010711
5,2,2,ルペルカーリア,牡5,57.0,岩田望来,1:46.5,1,6.1,5.0,516(+6),[西] 友道康夫,202308010711
6,3,3,エンペザー,牡4,57.0,坂井瑠星,1:46.5,ハナ,3.6,2.0,496(+4),[西] 田中克典,202308010711
7,4,4,フォワードアゲン,セ6,57.0,北村友一,1:46.7,1.1/2,49.0,8.0,426(-6),[東] 中野栄治,202308010711
8,8,9,レッドジェニアル,セ7,58.0,幸英明,1:46.8,クビ,87.1,10.0,478(0),[西] 高橋義忠,202308010711
9,6,6,ラセット,牡8,58.0,加藤祥太,1:46.8,クビ,19.4,6.0,484(-2),[西] 庄野靖志,202308010711
10,1,1,マンオブスピリット,セ6,57.0,藤岡康太,1:47.1,2,57.4,9.0,490(-14),[西] 斉藤崇史,202308010711
1,7,12,スマートラプター,牡4,58.0,武豊,1:11.8,,2.3,1.0,522(+2),[西] 西園正都,202308010712
2,6,10,ルアル,牡4,58.0,幸英明,1:11.9,1/2,5.2,2.0,538(-4),[西] 安達昭夫,202308010712
3,2,3,メルシー,牝4,56.0,吉田隼人,1:12.4,3,12.0,5.0,434(+16),[西] 今野貞一,202308010712
4,8,14,ロードミッドナイト,牡5,58.0,岩田望来,1:12.8,2.1/2,6.7,3.0,534(-6),[東] 田中博康,202308010712
5,2,2,メイショウミツヤス,牡5,57.0,小沢大仁,1:12.8,クビ,45.6,9.0,498(-4),[西] 木原一良,202308010712
6,1,1,ユスティニアン,牡5,57.0,泉谷楓真,1:13.1,1.3/4,12.1,6.0,438(0),[西] 新谷功一,202308010712
7,4,6,キタノエクスプレス,牡5,58.0,国分優作,1:13.2,1/2,16.1,7.0,500(-4),[西] 坂口智康,202308010712
8,3,4,カネコメアサヒ,牡7,58.0,和田竜二,1:13.2,ハナ,132.7,14.0,446(-6),[西] 中尾秀正,202308010712
9,3,5,リンドラゴ,牡4,58.0,北村友一,1:13.4,1.1/2,30.8,8.0,482(-4),[西] 高野友和,202308010712
10,6,11,ブルーダイヤカフェ,牡6,58.0,藤岡康太,1:13.4,ハナ,7.9,4.0,544(+6),[東] 和田勇介,202308010712
11,5,9,タガノトランキーロ,牡6,58.0,横山典弘,1:13.5,クビ,67.8,12.0,494(-2),[西] 石橋守,202308010712
12,7,13,パロットビーク,牝5,53.0,田口貫太,1:13.5,クビ,166.8,15.0,464(-4),[西] 西園翔太,202308010712
13,5,8,ゴールドフィンガー,牝5,56.0,水口優也,1:13.6,クビ,78.9,13.0,474(+12),[西] 岡田稲男,202308010712
14,8,15,ダイシンウィット,牡6,58.0,藤岡佑介,1:13.6,クビ,65.5,11.0,506(-8),[東] 小笠倫弘,202308010712
15,4,7,デアリングウーマン,牝5,56.0,酒井学,1:14.1,3,60.9,10.0,450(+4),[西] 角田晃一,202308010712
1,8,16,ギーロカスタル,牡3,56.0,和田竜二,1:13.0,,12.2,5.0,460(+2),[西] 鈴木孝志,202308010801
2,8,15,メイショウオーザ,牡3,56.0,幸英明,1:13.9,5,32.0,8.0,460(-4),[西] 石橋守,202308010801
3,6,12,ニードレストゥセイ,牝3,54.0,松若風馬,1:14.0,1,29.1,7.0,452(-8),[西] 吉村圭司,202308010801
4,1,2,メイショウナナクサ,牝3,54.0,鮫島克駿,1:14.1,クビ,126.8,10.0,426(+4),[西] 笹田和秀,202308010801
5,5,10,ディアドコス,牡3,56.0,藤岡康太,1:14.1,クビ,4.0,2.0,484(+4),[西] 羽月友彦,202308010801
6,5,9,ホウオウマーメイド,牝3,54.0,藤岡佑介,1:14.1,ハナ,5.9,4.0,468(-6),[西] 安田翔伍,202308010801
7,6,11,タノムデホンマ,セ3,56.0,高倉稜,1:14.3,1.1/4,14.5,6.0,422(+2),[西] 服部利之,202308010801
8,4,7,シゲルマッハ,牡3,56.0,岩田望来,1:14.3,アタマ,5.4,3.0,488(-2),[西] 藤沢則雄,202308010801
9,2,4,カネトシフラム,牝3,54.0,武豊,1:14.6,1.1/2,2.5,1.0,448(0),[西] 大橋勇樹,202308010801
10,4,8,クリノスラッガー,牡3,55.0,小沢大仁,1:15.2,3.1/2,359.0,16.0,530(-12),[西] 緒方努,202308010801
11,7,13,サンライズグレート,牡3,56.0,鮫島良太,1:15.5,2,203.5,12.0,454(-6),[西] 安田翔伍,202308010801
12,3,5,ゴールドサニー,牝3,54.0,田中健,1:16.2,4,327.4,15.0,456(-8),[西] 中村直也,202308010801
13,7,14,アムレート,牝3,54.0,酒井学,1:16.9,4,205.8,13.0,424(+8),[西] 高橋康之,202308010801
14,3,6,センシブレーロ,牡3,53.0,田口貫太,1:17.2,2,181.7,11.0,482(0),[西] 中尾秀正,202308010801
15,2,3,リュウキヘイ,牡3,56.0,国分恭介,1:17.6,2,219.1,14.0,486(0),[西] 牧田和弥,202308010801
16,1,1,ノワールシュバリエ,牡3,56.0,小崎綾也,1:18.0,2.1/2,77.3,9.0,480(0),[西] 大久保龍,202308010801
1,8,12,クリノリンカーン,牡3,56.0,中井裕二,1:55.8,,41.6,9.0,516(0),[西] 長谷川浩,202308010802
2,4,4,イージスバローズ,牡3,56.0,西村淳也,1:55.9,3/4,3.0,2.0,458(+2),[西] 中内田充,202308010802
3,2,2,テイエムヒショウ,牡3,56.0,岩田望来,1:56.7,5,1.9,1.0,490(+4),[西] 浜田多実,202308010802
4,5,6,ダノンクロム,牡3,56.0,北村友一,1:56.9,3/4,12.1,4.0,492(-2),[西] 音無秀孝,202308010802
5,3,3,ネッケツシャチョウ,牡3,56.0,森裕太朗,1:57.1,1.1/2,33.6,8.0,544(+8),[西] 藤沢則雄,202308010802
6,1,1,ハクアイジュピター,牡3,55.0,小沢大仁,1:58.0,5,23.8,7.0,496(-2),[西] 松永昌博,202308010802
7,6,7,スナークドリアン,牡3,56.0,和田竜二,1:58.0,ハナ,9.7,3.0,510(0),[西] 川村禎彦,202308010802
8,6,8,アオイリキマル,牡3,56.0,鮫島良太,1:58.3,1.1/2,158.7,11.0,510(-4),[西] 清水久詞,202308010802
9,5,5,フレッチャネーラ,牡3,56.0,高倉稜,1:58.4,1/2,23.6,6.0,474(0),[西] 荒川義之,202308010802
10,7,9,ジューンフリーダム,牡3,53.0,田口貫太,2:00.0,10,14.4,5.0,484(0),[西] 武英智,202308010802
11,7,10,レッドジェダイト,牡3,56.0,国分恭介,2:01.4,8,101.0,10.0,482(-8),[西] 安達昭夫,202308010802
12,8,11,メイショウオオゾラ,牡3,56.0,国分優作,2:03.3,大,263.0,12.0,464(+4),[西] 石橋守,202308010802
1,7,14,ヴィヴィッシモ,牡3,56.0,武豊,1:21.9,,2.4,1.0,452(+4),[西] 松永幹夫,202308010803
2,5,9,プロスペリダード,牝3,54.0,和田竜二,1:22.2,1.1/2,21.4,7.0,446(+4),[西] 西園翔太,202308010803
3,3,6,ウィンザーロア,牡3,56.0,西村淳也,1:22.2,ハナ,6.4,4.0,484(-2),[西] 矢作芳人,202308010803
4,7,15,ファルシオン,牝3,54.0,幸英明,1:22.3,3/4,5.2,3.0,448(-4),[西] 羽月友彦,202308010803
5,8,18,ホーリーイノセンス,牝3,54.0,小崎綾也,1:22.4,1/2,425.0,17.0,380(-10),[西] 斉藤崇史,202308010803
6,6,12,スプル,牝3,54.0,鮫島克駿,1:22.4,クビ,4.7,2.0,444(0),[西] 橋口慎介,202308010803
7,8,16,ポルコスピーノ,牝3,54.0,岩田望来,1:22.5,1/2,115.7,14.0,524(0),[西] 梅田智之,202308010803
8,8,17,ラブコ,牝3,54.0,秋山真一,1:22.5,ハナ,182.5,16.0,426(+28),[西] 小崎憲,202308010803
9,3,5,ハクサンミニョン,牝3,54.0,酒井学,1:22.6,1/2,20.4,6.0,436(+4),[西] 高橋康之,202308010803
10,2,4,フェリキタス,牝3,53.0,小沢大仁,1:22.8,1.1/4,139.7,15.0,426(+6),[西] 羽月友彦,202308010803
11,5,10,マーレイン,牝3,54.0,太宰啓介,1:22.8,アタマ,89.1,13.0,476(+2),[西] 高橋亮,202308010803
12,4,7,キールロワイヤル,牡3,56.0,森一馬,1:22.9,1/2,30.9,8.0,470(+2),[西] 斉藤崇史,202308010803
13,4,8,エレガントメイデン,牝3,54.0,藤岡康太,1:22.9,アタマ,79.1,11.0,448(0),[西] 高橋義忠,202308010803
14,2,3,サトノアルペジオ,牡3,56.0,高倉稜,1:22.9,ハナ,51.3,9.0,490(0),[西] 田中克典,202308010803
15,7,13,ファニーボーイ,牡3,56.0,柴山雄一,1:23.3,2.1/2,18.2,5.0,472(0),[西] 安達昭夫,202308010803
16,1,1,ビューティーコスモ,牝3,54.0,松田大作,1:23.6,2,66.5,10.0,410(+10),[西] 武英智,202308010803
17,1,2,ヴゼットマシェリ,牝3,54.0,藤岡佑介,1:23.6,アタマ,80.2,12.0,420(-4),[西] 牧浦充徳,202308010803
18,6,11,クリノイシン,牝3,51.0,田口貫太,1:24.0,2.1/2,611.0,18.0,452(-2),[西] 大橋勇樹,202308010803
1,4,4,ニホンピロアリー,牝3,51.0,田口貫太,2:02.0,,5.0,3.0,424(+2),[西] 服部利之,202308010804
2,7,7,ハートフルアース,牡3,56.0,幸英明,2:02.2,1.1/4,72.5,9.0,488(0),[西] 吉岡辰弥,202308010804
3,3,3,カースソーサラー,牡3,56.0,鮫島克駿,2:02.3,1/2,3.1,2.0,494(-8),[西] 吉岡辰弥,202308010804
4,8,10,ラバタンシン,牡3,56.0,岩田望来,2:02.3,クビ,2.2,1.0,480(+6),[西] 寺島良,202308010804
5,1,1,ゴッドスピードレオ,牡3,56.0,和田竜二,2:02.4,クビ,21.0,5.0,492(+2),[西] 宮本博,202308010804
6,2,2,ヤマニンドナティ,牡3,56.0,柴山雄一,2:02.4,クビ,8.4,4.0,550(+8),[西] 松永幹夫,202308010804
7,5,5,タイキウルトラ,牡3,55.0,小沢大仁,2:02.6,1.1/4,27.1,7.0,464(+4),[西] 緒方努,202308010804
8,6,6,メンヒ,牡3,56.0,太宰啓介,2:02.7,1/2,85.1,10.0,514(+2),[西] 河内洋,202308010804
9,7,8,テーオーエンゲルス,牡3,56.0,酒井学,2:02.9,1.1/4,60.6,8.0,462(-2),[西] 須貝尚介,202308010804
10,8,9,ニシノオスマン,牡3,56.0,古川吉洋,2:04.0,7,22.0,6.0,474(-6),[西] 橋口慎介,202308010804
1,8,14,テーオーリカード,牡3,56.0,岩田望来,1:53.7,,7.0,3.0,486(+8),[西] 高柳大輔,202308010805
2,3,4,マリアナトレンチ,牡3,56.0,松若風馬,1:54.3,4,4.7,2.0,470(+4),[西] 音無秀孝,202308010805
3,7,12,ハギノサステナブル,牡3,56.0,鮫島克駿,1:55.2,5,9.6,4.0,458(+2),[西] 高野友和,202308010805
4,3,3,ササヤキ,牡3,56.0,北村友一,1:55.2,アタマ,19.7,7.0,526(-12),[西] 畑端省吾,202308010805
5,7,11,ネイロン,牡3,55.0,小沢大仁,1:55.2,アタマ,13.5,6.0,482(+6),[西] 中竹和也,202308010805
6,5,7,プラーヴィ,牡3,56.0,西村淳也,1:55.6,2.1/2,2.3,1.0,462(0),[西] 杉山晴紀,202308010805
7,2,2,クレメダンジュ,牝3,54.0,和田竜二,1:55.6,ハナ,24.0,8.0,454(-8),[西] 鈴木孝志,202308010805
8,6,9,リチャ,牡3,56.0,藤岡佑介,1:56.0,2,31.9,10.0,474(-6),[東] 田中博康,202308010805
9,8,13,メイトースイ,牡3,56.0,酒井学,1:56.1,1/2,78.1,12.0,412(+6),[西] 羽月友彦,202308010805
10,4,5,ツウカイノキズナ,牡3,56.0,幸英明,1:56.4,1.3/4,33.9,11.0,494(+2),[西] 千田輝彦,202308010805
11,5,8,タガノアレハンドラ,牝3,54.0,国分恭介,1:56.4,アタマ,78.8,13.0,488(+12),[西] 西園翔太,202308010805
12,1,1,オメガタキシード,牡3,56.0,武豊,1:56.5,クビ,12.7,5.0,446(-2),[西] 松永幹夫,202308010805
13,4,6,イエスウィズキャン,牡3,56.0,藤岡康太,1:56.8,1.3/4,31.7,9.0,548(+6),[西] 松永昌博,202308010805
14,6,10,ドライグ,牡3,56.0,国分優作,1:57.9,7,174.8,14.0,468(+10),[西] 大根田裕,202308010805
1,5,5,サンクフィーユ,牝4,56.0,西村淳也,1:47.4,,1.4,1.0,460(0),[西] 中内田充,202308010806
2,4,4,ダイシンビヨンド,牝4,56.0,松若風馬,1:47.4,クビ,5.0,2.0,456(0),[西] 梅田智之,202308010806
3,7,7,ゴールドローズ,牝4,56.0,幸英明,1:47.8,2.1/2,14.0,5.0,454(0),[西] 飯田祐史,202308010806
4,2,2,ラリベラ,牝4,56.0,北村友一,1:48.2,2.1/2,8.2,3.0,468(+32),[西] 安田隆行,202308010806
5,3,3,プリマヴィータ,牝4,56.0,城戸義政,1:48.2,クビ,79.4,8.0,430(-15),[西] 服部利之,202308010806
6,1,1,キタサンシンドー,牝5,56.0,和田竜二,1:48.9,4,39.1,7.0,474(+2),[西] 斉藤崇史,202308010806
7,8,8,レディズビーク,牝4,56.0,藤岡康太,1:49.1,1.1/2,17.4,6.0,458(+16),[西] 池江泰寿,202308010806
8,6,6,フォンメイリー,牝4,56.0,藤岡佑介,1:49.2,1/2,12.2,4.0,470(0),[西] 四位洋文,202308010806
1,8,11,グローツラング,牡4,58.0,藤岡佑介,1:54.3,,4.9,3.0,524(+6),[西] 安達昭夫,202308010807
2,3,3,シンリミテス,牡4,58.0,古川吉洋,1:54.4,1/2,16.6,5.0,500(+6),[西] 大根田裕,202308010807
3,5,6,ヒロシクン,セ4,58.0,松田大作,1:56.5,大,19.1,6.0,542(+2),[西] 宮本博,202308010807
4,6,8,レッドデクスター,牡4,58.0,鮫島克駿,1:56.6,クビ,3.7,2.0,482(0),[西] 橋口慎介,202308010807
5,1,1,ララガルグイユ,牡4,58.0,国分優作,1:57.0,2.1/2,213.4,12.0,484(-6),[西] 坂口智康,202308010807
6,5,5,バイス,セ5,58.0,国分恭介,1:57.0,アタマ,56.4,10.0,502(+2),[西] 川村禎彦,202308010807
7,4,4,ビレッジスター,セ4,58.0,岩田望来,1:57.0,アタマ,23.1,8.0,436(+6),[西] 田中克典,202308010807
8,7,9,テイエムファルコン,牡6,58.0,幸英明,1:57.4,2.1/2,35.8,9.0,506(+2),[西] 飯田雄三,202308010807
9,2,2,グッドインパクト,牝5,53.0,田口貫太,1:57.6,3/4,104.2,11.0,446(+4),[西] 宮徹,202308010807
10,8,12,ハナキリ,牡4,58.0,武豊,1:57.6,アタマ,2.3,1.0,488(+2),[西] 森秀行,202308010807
11,6,7,スピリトーゾ,牡4,58.0,西村淳也,1:58.3,4,21.7,7.0,474(0),[西] 岡田稲男,202308010807
12,7,10,エスオーライアン,牡4,58.0,和田竜二,1:59.5,7,10.3,4.0,440(-2),[西] 木原一良,202308010807
1,2,2,フローレンスハニー,牝4,56.0,鮫島克駿,1:09.0,,3.1,1.0,440(+8),[西] 高柳大輔,202308010808
2,5,6,ビップシュプリーム,牝4,56.0,松若風馬,1:09.1,1/2,4.0,3.0,502(-2),[西] 松下武士,202308010808
3,1,1,スカイトレイル,牝4,56.0,鮫島良太,1:09.2,3/4,35.2,9.0,470(+12),[西] 西村真幸,202308010808
4,6,9,サイモンカーチス,牡4,58.0,古川吉洋,1:09.2,ハナ,82.2,12.0,484(-2),[西] 梅田智之,202308010808
5,6,8,イラーレ,牝4,56.0,武豊,1:09.2,ハナ,3.5,2.0,442(0),[西] 北出成人,202308010808
6,7,10,シロン,牝4,56.0,酒井学,1:09.4,1,20.2,7.0,510(-3),[西] 小栗実,202308010808
7,4,5,オラヴェリタス,牡4,58.0,岩田望来,1:09.4,アタマ,17.2,6.0,500(+2),[西] 寺島良,202308010808
8,8,12,メイショウヒゾッコ,牝5,55.0,小沢大仁,1:09.4,アタマ,50.4,11.0,432(+18),[西] 石橋守,202308010808
9,5,7,タムロキュラムン,牝4,56.0,幸英明,1:09.8,2.1/2,22.4,8.0,456(-6),[西] 西園正都,202308010808
10,7,11,エリカシャンス,牝5,56.0,北村友一,1:09.9,1/2,101.2,13.0,466(+6),[西] 安田隆行,202308010808
11,4,4,バーニングパワー,牝5,56.0,藤岡康太,1:09.9,クビ,11.2,4.0,488(+6),[西] 鮫島一歩,202308010808
12,3,3,バーニングアイズ,牝4,53.0,田口貫太,1:10.0,1/2,45.1,10.0,424(+4),[西] 森田直行,202308010808
13,8,13,ドリームアゲイン,牝5,56.0,藤岡佑介,1:10.0,アタマ,13.4,5.0,464(+8),[西] 田中克典,202308010808
1,8,8,サンセットクラウド,牡4,58.0,鮫島克駿,2:27.2,,4.2,2.0,462(+6),[西] 矢作芳人,202308010809
2,6,6,リアド,牡4,58.0,藤岡康太,2:27.3,1/2,4.8,3.0,482(+2),[西] 友道康夫,202308010809
3,2,2,リンフレスカンテ,牡5,58.0,和田竜二,2:27.4,3/4,2.9,1.0,442(+2),[西] 宮本博,202308010809
4,4,4,タガノカイ,牡5,58.0,古川吉洋,2:27.6,1.1/4,10.8,6.0,520(-2),[西] 宮徹,202308010809
5,1,1,ストキャスティーク,牝4,56.0,西村淳也,2:27.6,クビ,9.6,5.0,456(-2),[東] 大竹正博,202308010809
6,5,5,レッドエンヴィー,牡7,58.0,松若風馬,2:27.7,3/4,49.0,8.0,510(+4),[西] 坂口智康,202308010809
7,3,3,スズノマーベリック,牡4,58.0,幸英明,2:27.8,3/4,5.9,4.0,474(+22),[西] 石坂公一,202308010809
8,7,7,イヤサカ,牝5,56.0,酒井学,2:27.9,クビ,12.7,7.0,484(0),[東] 天間昭一,202308010809
1,7,11,シェイリーン,牝4,54.0,北村友一,1:34.3,,3.3,1.0,504(0),[西] 池添学,202308010810
2,7,10,グランディア,セ4,56.0,西村淳也,1:34.5,1.1/4,4.9,3.0,480(+2),[西] 中内田充,202308010810
3,4,4,トオヤリトセイト,牡7,55.0,松若風馬,1:34.5,クビ,22.3,8.0,488(-8),[西] 松下武士,202308010810
4,3,3,ロワンディシー,牡5,56.0,藤岡佑介,1:34.7,1.1/4,10.0,5.0,448(-2),[西] 北出成人,202308010810
5,5,6,ヴィアルークス,牡5,56.0,武豊,1:34.9,1.1/4,3.6,2.0,498(-4),[西] 藤原英昭,202308010810
6,5,7,チュウワノキセキ,セ6,56.0,鮫島克駿,1:35.0,1/2,13.7,6.0,476(-2),[西] 大久保龍,202308010810
7,8,12,パーソナルハイ,牝4,54.0,高倉稜,1:35.2,1,9.3,4.0,462(-2),[西] 矢作芳人,202308010810
8,2,2,リトルクレバー,牡6,55.0,酒井学,1:35.2,アタマ,71.0,11.0,480(+10),[西] 佐々木晶,202308010810
9,1,1,ヴェルトハイム,牝5,53.0,和田竜二,1:35.3,クビ,23.7,9.0,490(+18),[西] 友道康夫,202308010810
10,4,5,ヤマニンペダラーダ,牡9,54.0,岩田望来,1:35.3,クビ,189.0,13.0,484(-8),[西] 中村直也,202308010810
11,8,13,メイケイハリアー,牡7,54.0,古川吉洋,1:35.3,ハナ,112.4,12.0,492(0),[西] 木原一良,202308010810
12,6,9,スリートップキズナ,牡5,55.0,藤岡康太,1:35.5,1.1/4,52.7,10.0,464(+2),[東] 伊藤圭三,202308010810
13,6,8,スズカトップバゴ,セ5,55.0,幸英明,1:36.1,3.1/2,15.4,7.0,464(-2),[西] 吉村圭司,202308010810
1,5,10,アイオライト,牡6,58.0,岩田望来,1:23.4,,10.2,5.0,490(-4),[東] 武藤善則,202308010811
2,2,4,タガノクリステル,牝4,53.0,和田竜二,1:24.5,7,5.8,3.0,490(+6),[西] 長谷川浩,202308010811
3,7,14,メイショウテンスイ,牡6,57.0,太宰啓介,1:24.5,ハナ,26.9,9.0,532(-12),[西] 河内洋,202308010811
4,8,16,レディバグ,牝5,55.0,酒井学,1:24.7,3/4,17.9,8.0,452(+6),[西] 北出成人,202308010811
5,3,5,ベルダーイメル,牡6,57.0,藤岡佑介,1:24.7,アタマ,17.0,7.0,462(+8),[西] 本田優,202308010811
6,6,12,セキフウ,牡4,57.0,藤岡康太,1:24.7,クビ,11.6,6.0,486(+6),[西] 武幸四郎,202308010811
7,4,8,コンバスチョン,牡4,57.0,北村友一,1:25.1,2.1/2,105.6,15.0,508(0),[東] 伊藤圭三,202308010811
8,8,15,ディアノイア,牝5,54.0,松若風馬,1:25.2,クビ,6.9,4.0,466(-4),[西] 杉山晴紀,202308010811
9,6,11,ロードシュトローム,牡5,55.0,川須栄彦,1:25.2,クビ,49.5,14.0,510(-2),[西] 清水久詞,202308010811
10,1,1,デンコウリジエール,牡6,58.0,秋山真一,1:25.4,3/4,29.2,10.0,480(+2),[西] 荒川義之,202308010811
11,2,3,ブルベアイリーデ,牡7,58.0,西村淳也,1:25.8,2.1/2,5.0,2.0,510(+6),[西] 杉山晴紀,202308010811
12,7,13,ピンシャン,牡6,57.0,松田大作,1:25.8,クビ,110.0,16.0,480(-2),[西] 森秀行,202308010811
13,5,9,テイエムアトム,牡5,56.0,幸英明,1:25.9,クビ,4.0,1.0,532(+6),[東] 石栗龍彦,202308010811
14,4,7,アルサトワ,牡6,57.5,小崎綾也,1:26.2,2,40.8,13.0,518(+9),[西] 斉藤崇史,202308010811
15,3,6,スマートダンディー,牡9,60.0,鮫島克駿,1:26.5,1.3/4,31.1,11.0,506(+8),[西] 石橋守,202308010811
16,1,2,ジャスパープリンス,牡8,57.0,武豊,1:26.5,アタマ,37.0,12.0,496(+4),[西] 森秀行,202308010811
1,8,14,タガノエスコート,牡4,58.0,和田竜二,1:53.8,,1.8,1.0,492(0),[西] 小林真也,202308010812
2,6,9,ラインオブソウル,牡4,58.0,松若風馬,1:53.8,アタマ,6.2,3.0,510(+2),[西] 音無秀孝,202308010812
3,8,13,アスクビックスター,牡4,58.0,北村友一,1:54.3,3,9.7,4.0,468(0),[西] 矢作芳人,202308010812
4,3,4,レイクリエイター,牡5,58.0,藤岡康太,1:56.0,10,84.9,10.0,482(-2),[西] 浜田多実,202308010812
5,6,10,マイネルイリャルギ,牡6,58.0,川須栄彦,1:56.1,3/4,247.7,13.0,522(+4),[東] 高橋裕,202308010812
6,1,1,シュガーコルト,セ4,55.0,田口貫太,1:56.5,2,47.4,8.0,498(+2),[西] 寺島良,202308010812
7,4,6,プルモナリア,牝5,56.0,藤岡佑介,1:56.5,クビ,20.0,7.0,476(-2),[西] 中竹和也,202308010812
8,7,12,ブラビオ,牡5,58.0,小崎綾也,1:56.5,クビ,171.4,11.0,464(+4),[西] 寺島良,202308010812
9,4,5,ハイラブハンター,牡5,58.0,和田翼,1:56.6,1/2,58.5,9.0,494(0),[西] 谷潔,202308010812
10,2,2,サクセスエース,牡5,58.0,国分優作,1:56.9,1.1/2,15.8,5.0,484(-4),[東] 竹内正洋,202308010812
11,3,3,テイエムファクター,牡4,58.0,幸英明,1:57.4,3,17.1,6.0,452(-8),[西] 木原一良,202308010812
12,7,11,ジュンブルースカイ,牡5,58.0,西村淳也,1:58.2,5,4.8,2.0,456(+8),[西] 友道康夫,202308010812
13,5,8,キゾク,牡5,58.0,鮫島良太,1:58.4,1,264.1,14.0,494(+2),[西] 西村真幸,202308010812
14,5,7,ドゥリトル,牡8,58.0,中井裕二,1:58.5,3/4,223.2,12.0,496(-8),[西] 村山明,202308010812
1,7,14,ヴァレンシアスノー,牝3,54.0,太宰啓介,1:57.3,,95.2,12.0,434(-8),[西] 宮本博,202308010901
2,5,9,シゲルミライ,牝3,54.0,鮫島克駿,1:57.4,クビ,2.3,1.0,470(+8),[西] 川村禎彦,202308010901
3,8,15,リスクテイカー,牝3,54.0,岩田望来,1:57.4,クビ,5.5,3.0,462(+10),[西] 吉岡辰弥,202308010901
4,6,11,タガノマカロン,牝3,51.0,田口貫太,1:57.6,1.1/4,49.8,8.0,446(+4),[西] 藤沢則雄,202308010901
5,1,2,ランスオブビーナス,牝3,54.0,松田大作,1:57.8,1.1/4,23.3,6.0,502(0),[西] 本田優,202308010901
6,2,4,テイエムユキフブキ,牝3,54.0,城戸義政,1:58.1,1.3/4,90.8,11.0,480(+14),[西] 鈴木孝志,202308010901
7,5,10,エルモサミオ,牝3,54.0,西村淳也,1:58.2,1/2,3.8,2.0,474(-6),[西] 安田翔伍,202308010901
8,3,6,フェアリーハイ,牝3,54.0,松若風馬,1:58.5,1.3/4,22.4,5.0,484(+8),[西] 平田修,202308010901
9,2,3,メメナビレラ,牝3,54.0,中井裕二,1:58.6,1/2,5.5,4.0,494(+4),[西] 長谷川浩,202308010901
10,4,7,ステラメテオール,牝3,54.0,和田翼,1:59.1,3,56.3,9.0,448(+2),[西] 大根田裕,202308010901
11,7,13,ハーランズサイン,牝3,54.0,団野大成,1:59.8,4,221.9,15.0,446(0),[西] 中村直也,202308010901
12,8,16,グレイスオブゴッド,牝3,54.0,水口優也,1:59.8,アタマ,131.1,13.0,484(+4),[西] 服部利之,202308010901
13,4,8,アーケイディア,牝3,54.0,古川吉洋,2:00.5,4,79.8,10.0,474(0),[西] 飯田祐史,202308010901
14,6,12,テイエムアンジェロ,牝3,51.0,川端海翼,2:00.6,クビ,347.1,16.0,450(-2),[西] 畑端省吾,202308010901
15,3,5,トプシー,牝3,54.0,小崎綾也,2:01.5,5,180.7,14.0,388(-2),[西] 吉田直弘,202308010901
16,1,1,ワイドバレンシア,牝3,54.0,幸英明,2:01.5,クビ,49.2,7.0,466(0),[西] 辻野泰之,202308010901
1,7,13,マイネルフォーコン,牡3,56.0,坂井瑠星,1:24.9,,2.5,1.0,484(+4),[西] 西園翔太,202308010902
2,7,14,トモジャケーヤ,牡3,53.0,田口貫太,1:25.1,3/4,5.7,3.0,520(+2),[西] 大根田裕,202308010902
3,8,16,レヴィアタン,牡3,56.0,岩田康誠,1:27.0,大,20.0,6.0,494(-2),[西] 梅田智之,202308010902
4,3,5,イストロス,セ3,56.0,幸英明,1:27.1,1/2,56.6,9.0,498(-10),[西] 音無秀孝,202308010902
5,6,11,リュクスドレフォン,牡3,56.0,藤岡康太,1:27.4,1.3/4,14.5,5.0,512(0),[西] 平田修,202308010902
6,8,15,ララベルヴィーユ,牝3,54.0,中井裕二,1:27.5,3/4,28.6,8.0,456(+6),[西] 斉藤崇史,202308010902
7,1,1,ジャスティンレオン,牡3,56.0,川田将雅,1:27.6,アタマ,3.5,2.0,514(+2),[西] 杉山晴紀,202308010902
8,4,7,タマモメガジョッキ,牡3,56.0,団野大成,1:27.6,クビ,89.7,13.0,470(+2),[西] 緒方努,202308010902
9,4,8,マクギリス,牡3,56.0,浜中俊,1:27.9,2,121.9,14.0,466(0),[西] 長谷川浩,202308010902
10,2,4,アルファゼウス,牡3,55.0,小沢大仁,1:28.0,クビ,81.8,11.0,464(-4),[西] 松永昌博,202308010902
11,3,6,セブンスストリート,牡3,56.0,岩田望来,1:28.1,1/2,8.0,4.0,444(-6),[西] 吉岡辰弥,202308010902
12,5,10,タマモソリスト,牡3,55.0,永野猛蔵,1:28.2,3/4,480.6,16.0,534(+6),[西] 大橋勇樹,202308010902
13,5,9,メイショウホウセン,牡3,56.0,武豊,1:28.4,1.1/4,27.3,7.0,488(-6),[西] 千田輝彦,202308010902
14,2,3,メイケイビューティ,牝3,54.0,国分優作,1:28.6,1.1/2,270.3,15.0,482(-6),[西] 木原一良,202308010902
15,6,12,アグネスシュウ,セ3,56.0,松田大作,1:29.0,2,88.7,12.0,506(0),[西] 宮本博,202308010902
16,1,2,エクセルシオール,牝3,54.0,鮫島克駿,1:29.0,クビ,64.0,10.0,458(0),[西] 渡辺薫彦,202308010902
1,4,7,ベストポイント,牡3,56.0,松若風馬,2:03.4,,2.1,1.0,502(-8),[西] 杉山晴紀,202308010903
2,2,4,ワンダーエッジ,牡3,56.0,鮫島克駿,2:03.8,2.1/2,9.8,5.0,564(-2),[西] 石坂公一,202308010903
3,5,9,ガウロン,牡3,56.0,幸英明,2:04.0,1.1/4,5.8,3.0,530(+4),[西] 大根田裕,202308010903
4,2,3,サンライズプラーナ,牡3,56.0,国分恭介,2:04.2,1.1/4,53.2,9.0,536(-2),[西] 牧浦充徳,202308010903
5,8,16,ダビディ,牡3,55.0,小沢大仁,2:04.2,ハナ,4.7,2.0,486(+2),[西] 庄野靖志,202308010903
6,8,15,クランプレミア,牝3,51.0,田口貫太,2:05.0,5,55.5,10.0,430(-6),[西] 橋口慎介,202308010903
7,1,1,ブリリオ,牡3,56.0,藤岡康太,2:05.4,2,6.6,4.0,446(-4),[西] 野中賢二,202308010903
8,7,14,アンフィテアトルム,牡3,56.0,荻野極,2:05.4,アタマ,36.0,6.0,528(0),[西] 宮本博,202308010903
9,6,11,ヒミノイチシロ,牡3,56.0,西村淳也,2:05.9,3,36.2,7.0,494(-6),[西] 川村禎彦,202308010903
10,6,12,センチュリヒーロー,牡3,56.0,加藤祥太,2:06.1,1,48.0,8.0,410(0),[西] 庄野靖志,202308010903
11,7,13,トーホウグランツ,牡3,56.0,小崎綾也,2:06.1,クビ,330.7,14.0,534(-8),[西] 川村禎彦,202308010903
12,4,8,テイエムマズルカ,セ3,53.0,川端海翼,2:06.3,3/4,595.6,16.0,468(-6),[西] 浜田多実,202308010903
13,1,2,セルリアンミナギル,牡3,56.0,和田翼,2:06.5,1,59.9,11.0,488(+2),[西] 谷潔,202308010903
14,3,6,スパーキングブルー,牡3,56.0,酒井学,2:07.2,4,124.6,13.0,482(0),[西] 牧田和弥,202308010903
15,5,10,リッタースポーツ,牡3,56.0,川須栄彦,2:07.3,3/4,440.9,15.0,480(+6),[西] 鮫島一歩,202308010903
16,3,5,アンフォゲット,牡3,56.0,藤岡佑介,2:12.1,大,89.2,12.0,524(0),[西] 坂口智康,202308010903
1,4,7,ピースフルナイト,牝3,54.0,坂井瑠星,1:09.1,,5.5,3.0,402(+4),[西] 高野友和,202308010904
2,5,10,ゴコウサス,牡3,56.0,浜中俊,1:09.2,3/4,6.1,4.0,460(0),[西] 笹田和秀,202308010904
3,2,4,ナリタシン,牡3,56.0,岩田望来,1:09.3,1/2,3.3,1.0,456(+2),[西] 藤沢則雄,202308010904
4,8,18,サトノアダマス,牝3,54.0,西村淳也,1:09.4,3/4,8.5,5.0,462(0),[西] 杉山晴紀,202308010904
5,7,14,オータムクイーン,牝3,54.0,藤岡康太,1:09.5,3/4,15.6,6.0,452(+4),[西] 鮫島一歩,202308010904
6,8,16,ジャパンノウレッジ,牝3,54.0,小崎綾也,1:09.6,クビ,89.9,12.0,450(-10),[西] 寺島良,202308010904
7,7,13,ラインガウディ,牡3,56.0,中井裕二,1:09.6,アタマ,41.2,10.0,462(+2),[西] 長谷川浩,202308010904
8,6,11,トーホウビエント,牝3,54.0,鮫島克駿,1:09.6,クビ,95.5,13.0,446(+4),[西] 高橋亮,202308010904
9,6,12,ヒルデブランド,牡3,55.0,小沢大仁,1:09.7,1/2,123.2,14.0,494(0),[西] 大根田裕,202308010904
10,4,8,ティーティースター,牡3,56.0,長岡禎仁,1:09.7,クビ,187.7,16.0,440(-2),[西] 羽月友彦,202308010904
11,3,6,ブルーライトルナ,牝3,51.0,田口貫太,1:09.8,1/2,16.3,7.0,458(0),[西] 大橋勇樹,202308010904
12,3,5,ロッソジュリア,牝3,54.0,松田大作,1:09.8,アタマ,5.2,2.0,430(-4),[西] 松永幹夫,202308010904
13,5,9,グレーターホープ,牡3,56.0,幸英明,1:09.8,ハナ,43.9,11.0,406(+2),[西] 四位洋文,202308010904
14,7,15,マテンロウナイト,牡3,56.0,古川吉洋,1:10.0,3/4,18.4,8.0,462(0),[西] 坂口智康,202308010904
15,1,1,ステラヴェスパー,牝3,54.0,団野大成,1:10.0,クビ,33.8,9.0,434(+4),[西] 茶木太樹,202308010904
16,1,2,マロンアルジャン,牝3,54.0,国分恭介,1:10.3,2,301.6,18.0,456(-2),[西] 服部利之,202308010904
17,2,3,メイショウハギカゼ,牝3,54.0,田中健,1:10.8,3,228.0,17.0,436(+6),[西] 渡辺薫彦,202308010904
18,8,17,スマイルモネ,牝3,54.0,池添謙一,1:11.6,5,177.1,15.0,434(-2),[西] 北出成人,202308010904
1,3,3,アースコンチェルト,牡3,56.0,団野大成,2:30.4,,7.0,3.0,538(-2),[西] 斉藤崇史,202308010905
2,8,8,ピーシャ,牝3,54.0,浜中俊,2:30.6,1,20.6,5.0,464(0),[西] 武幸四郎,202308010905
3,7,7,ヴィンセドリス,牡3,56.0,坂井瑠星,2:30.7,1/2,1.3,1.0,482(0),[西] 友道康夫,202308010905
4,2,2,ディアマイサン,牡3,56.0,酒井学,2:30.8,1/2,4.9,2.0,524(+10),[西] 松下武士,202308010905
5,5,5,ホシノスナ,牡3,56.0,鮫島克駿,2:30.9,3/4,22.9,6.0,542(-4),[西] 杉山晴紀,202308010905
6,6,6,ヒロピアーナ,牡3,56.0,中井裕二,2:32.7,大,210.7,8.0,518(+10),[西] 川村禎彦,202308010905
7,1,1,コモドアーズ,牡3,56.0,小崎綾也,2:32.8,1,17.1,4.0,514(-4),[西] 西村真幸,202308010905
8,4,4,アスクビビットモア,牝3,51.0,田口貫太,2:33.0,1,138.5,7.0,402(+4),[西] 梅田智之,202308010905
1,2,4,ドンアミティエ,牡3,56.0,藤岡康太,1:12.2,,1.9,1.0,468(-6),[西] 今野貞一,202308010906
2,4,8,ノースディーバ,牡3,56.0,団野大成,1:13.7,9,51.7,9.0,514(-4),[西] 鮫島一歩,202308010906
3,3,6,コパノハンプトン,牡3,56.0,岩田康誠,1:13.7,ハナ,4.2,2.0,500(-2),[西] 宮徹,202308010906
4,7,13,グランファラオ,牡3,56.0,坂井瑠星,1:13.9,3/4,16.6,4.0,492(0),[西] 高橋義忠,202308010906
5,3,5,タガノチョコラータ,牝3,53.0,小沢大仁,1:14.0,3/4,146.2,14.0,518(-10),[西] 角田晃一,202308010906
6,7,14,ナムラジョシュア,牡3,56.0,幸英明,1:14.6,3.1/2,65.8,10.0,460(-2),[西] 羽月友彦,202308010906
7,8,16,ハイインザスカイ,牡3,56.0,松岡正海,1:14.6,クビ,36.4,7.0,484(-12),[西] 牧田和弥,202308010906
8,4,7,カイザーブリッツ,牡3,55.0,永野猛蔵,1:15.9,8,80.1,11.0,480(-6),[東] 伊藤圭三,202308010906
9,5,9,プライムレート,牝3,54.0,水口優也,1:15.9,クビ,23.1,5.0,472(+4),[西] 笹田和秀,202308010906
10,8,15,クインズベル,牝3,54.0,藤岡佑介,1:15.9,アタマ,26.6,6.0,464(+8),[東] 和田正一,202308010906
11,2,3,アスターチェンチ,牡3,53.0,川端海翼,1:16.2,1.1/2,148.6,15.0,520(+14),[西] 中竹和也,202308010906
12,1,2,エコロドゥネス,牡3,56.0,武豊,1:16.4,1.1/2,4.2,3.0,496(0),[東] 加藤征弘,202308010906
13,6,11,ワイアウ,牝3,54.0,浜中俊,1:16.6,1.1/4,83.3,12.0,458(0),[西] 武幸四郎,202308010906
14,5,10,デアシュトゥルム,牡3,56.0,鮫島克駿,1:16.7,クビ,42.5,8.0,452(+2),[西] 吉田直弘,202308010906
15,6,12,ターンソウル,牡3,56.0,宮崎北斗,1:18.6,大,103.2,13.0,478(-10),[東] 鈴木慎太,202308010906
除,1,1,メルティーショコラ,牝3,52.0,小林脩斗,,,---,,454(-14),[東] 武藤善則,202308010906
1,4,4,チェルノボーグ,牡4,58.0,川田将雅,1:46.7,,1.8,1.0,500(+14),[西] 藤原英昭,202308010907
2,5,5,パーサヴィアランス,牡4,58.0,団野大成,1:46.7,クビ,12.9,4.0,454(-4),[西] 西村真幸,202308010907
3,8,9,レオンバローズ,牡4,58.0,Ｍ．デム,1:46.8,3/4,3.0,2.0,466(+6),[西] 渡辺薫彦,202308010907
4,8,10,スマートワン,牡5,58.0,武豊,1:47.0,1.1/4,21.2,5.0,480(-4),[東] 加藤士津,202308010907
5,2,2,ニホンピロマリブ,牡5,55.0,田口貫太,1:47.1,クビ,27.7,6.0,454(-2),[西] 服部利之,202308010907
6,3,3,セルケト,牝4,56.0,西村淳也,1:47.3,1.1/4,5.9,3.0,496(-4),[西] 斉藤崇史,202308010907
7,7,8,アパショナード,牡4,58.0,松田大作,1:47.3,クビ,32.0,7.0,424(-6),[西] 千田輝彦,202308010907
8,7,7,ホウオウスミヨシ,牡4,58.0,藤岡康太,1:47.8,3,94.5,9.0,538(+8),[西] 宮徹,202308010907
9,6,6,アインシュペンナー,牝4,56.0,岩田望来,1:48.2,2.1/2,87.0,8.0,448(-8),[西] 牧田和弥,202308010907
10,1,1,ユイ,牝4,56.0,酒井学,1:48.5,1.3/4,99.2,10.0,444(0),[西] 高橋康之,202308010907
1,1,2,ステラフィオーレ,牝4,56.0,Ｍ．デム,1:12.7,,15.5,6.0,472(+2),[西] 小栗実,202308010908
2,8,15,グランデフィオーレ,牝5,56.0,鮫島克駿,1:13.5,5,83.2,12.0,468(-2),[西] 西園翔太,202308010908
3,8,16,ボブズヤアンクル,牡4,58.0,岩田望来,1:13.6,クビ,3.8,2.0,540(+8),[西] 大久保龍,202308010908
4,2,3,ルヴェルジェ,牝4,56.0,西村淳也,1:14.1,3,6.8,4.0,476(+8),[西] 小林真也,202308010908
5,6,11,スナークシュンソウ,牡5,58.0,小崎綾也,1:14.2,3/4,4.4,3.0,526(-4),[西] 野中賢二,202308010908
6,3,6,リッキーヤスオカ,牡4,58.0,坂井瑠星,1:14.4,1.1/4,15.6,7.0,496(+2),[西] 安田隆行,202308010908
7,6,12,ストロンゲスト,牡4,58.0,城戸義政,1:14.6,1,72.7,11.0,478(-2),[西] 羽月友彦,202308010908
8,7,14,ヤマイチエスポ,牝4,56.0,荻野極,1:14.7,クビ,105.0,13.0,470(+2),[西] 中尾秀正,202308010908
9,3,5,ケイティレインボー,牡4,58.0,加藤祥太,1:14.8,1/2,52.9,10.0,490(-2),[西] 杉山佳明,202308010908
10,4,8,パープルグローリー,牝4,56.0,藤岡康太,1:14.9,1,38.7,8.0,498(+8),[西] 高橋康之,202308010908
11,2,4,サウンドウイッシュ,牡5,58.0,幸英明,1:14.9,クビ,231.5,15.0,504(+10),[西] 安達昭夫,202308010908
12,5,10,ロードドミニオン,セ6,58.0,川須栄彦,1:14.9,ハナ,10.9,5.0,438(+4),[西] 畑端省吾,202308010908
13,5,9,ヤマカツパトリシア,牝6,56.0,和田翼,1:15.1,1.1/4,43.6,9.0,468(+2),[西] 谷潔,202308010908
14,4,7,アルムマッツ,牡4,57.0,小沢大仁,1:15.5,2,218.7,14.0,496(0),[西] 中竹和也,202308010908
15,1,1,アルシオーネ,牡5,58.0,武豊,1:15.6,1/2,3.4,1.0,516(+8),[西] 須貝尚介,202308010908
16,7,13,ナチュラル,牝4,56.0,田中健,1:17.0,8,298.3,16.0,402(+6),[西] 佐々木晶,202308010908
1,7,8,ラケマーダ,牡3,56.0,Ｍ．デム,1:33.9,,1.9,1.0,492(0),[西] 千田輝彦,202308010909
2,4,4,アンジュフィールド,牝3,54.0,坂井瑠星,1:34.1,1.1/4,19.5,4.0,446(-6),[西] 矢作芳人,202308010909
3,3,3,ベルシャンブル,牝3,54.0,川田将雅,1:34.2,クビ,1.9,2.0,472(+18),[西] 中内田充,202308010909
4,6,6,オックスリップ,牝3,54.0,鮫島克駿,1:34.2,クビ,38.2,6.0,466(+14),[西] 杉山晴紀,202308010909
5,1,1,スマイルスルー,牡3,56.0,団野大成,1:34.4,1,25.1,5.0,502(-8),[西] 斉藤崇史,202308010909
6,5,5,シャウラ,牝3,54.0,幸英明,1:34.4,クビ,108.0,9.0,448(0),[西] 高橋義忠,202308010909
7,8,10,スカパラダイス,牡3,56.0,岩田康誠,1:34.4,ハナ,94.4,8.0,452(-4),[西] 寺島良,202308010909
8,2,2,トウシンカーリン,牝3,54.0,長岡禎仁,1:34.4,ハナ,15.4,3.0,454(-2),[西] 杉山晴紀,202308010909
9,8,9,ヘニータイフーン,牝3,54.0,岩田望来,1:34.5,クビ,90.4,7.0,484(+6),[西] 中村直也,202308010909
10,7,7,ファニーボーイ,牡3,56.0,藤岡康太,1:35.7,7,263.0,10.0,480(+8),[西] 安達昭夫,202308010909
1,6,7,ローゼライト,牝5,56.0,坂井瑠星,1:58.9,,11.7,6.0,452(+8),[西] 清水久詞,202308010910
2,4,4,サンタグラシア,牝5,56.0,西村淳也,1:59.0,クビ,35.0,10.0,420(-6),[東] 鹿戸雄一,202308010910
3,6,6,マリノアズラ,牝5,56.0,池添謙一,1:59.1,3/4,6.3,4.0,474(-4),[東] 小手川準,202308010910
4,3,3,ランスオブアース,牝5,56.0,幸英明,1:59.4,1.3/4,99.7,11.0,494(0),[西] 本田優,202308010910
5,5,5,イリマ,牝5,56.0,鮫島克駿,1:59.4,アタマ,17.4,7.0,464(+2),[西] 高橋亮,202308010910
6,1,1,ヘッズオアテールズ,牝5,56.0,浜中俊,1:59.6,1,5.3,3.0,482(-10),[西] 須貝尚介,202308010910
7,7,9,ヒヅルジョウ,牝4,56.0,国分恭介,1:59.8,1.1/4,4.6,2.0,492(+16),[西] 岡田稲男,202308010910
8,8,10,アインゲーブング,牝5,56.0,Ｍ．デム,1:59.8,アタマ,22.1,8.0,446(-2),[東] 黒岩陽一,202308010910
9,7,8,トウシンモンブラン,牝5,56.0,岩田望来,2:00.2,2.1/2,3.3,1.0,500(+6),[西] 杉山晴紀,202308010910
10,2,2,ビューティーウェイ,牝5,56.0,岩田康誠,2:01.5,8,32.4,9.0,436(+4),[西] 須貝尚介,202308010910
中,8,11,アサケレディ,牝5,56.0,武豊,,,7.2,5.0,500(+8),[西] 大橋勇樹,202308010910
1,1,2,グロリアムンディ,牡5,58.0,川田将雅,1:59.8,,2.8,1.0,510(+9),[西] 大久保龍,202308010911
2,6,11,ハギノアレグリアス,牡6,57.0,岩田望来,2:00.2,2.1/2,2.9,2.0,490(-9),[西] 四位洋文,202308010911
3,8,15,ヴァンヤール,牡5,57.0,荻野極,2:00.4,1,6.4,3.0,534(+2),[西] 庄野靖志,202308010911
4,5,10,タイセイドレフォン,牡4,57.0,団野大成,2:00.4,クビ,20.3,6.0,498(-2),[西] 西村真幸,202308010911
5,5,9,メイショウフンジン,牡5,57.0,酒井学,2:00.8,2.1/2,19.0,5.0,518(+2),[西] 西園正都,202308010911
6,7,14,ゲンパチルシファー,牡7,57.0,藤岡佑介,2:01.1,2,265.5,15.0,520(-2),[西] 佐々木晶,202308010911
7,7,13,カフジオクタゴン,牡4,57.0,坂井瑠星,2:01.1,ハナ,23.8,7.0,548(0),[西] 矢作芳人,202308010911
8,2,4,ホウオウルバン,牡5,57.0,内田博幸,2:01.2,クビ,90.1,12.0,518(-16),[東] 池上昌和,202308010911
9,3,5,ノットゥルノ,牡4,59.0,武豊,2:01.3,3/4,8.0,4.0,534(+12),[西] 音無秀孝,202308010911
10,2,3,ハイエンド,牡4,57.0,鮫島克駿,2:02.6,8,111.2,13.0,534(0),[西] 清水久詞,202308010911
11,3,6,デルマルーヴル,牡7,57.0,松岡正海,2:02.7,クビ,416.3,16.0,498(-4),[東] 戸田博文,202308010911
12,4,7,カテドラル,牡7,57.0,西村淳也,2:03.0,1.3/4,48.3,10.0,494(+2),[西] 池添学,202308010911
13,4,8,ロードヴァレンチ,セ4,57.0,永野猛蔵,2:03.2,1,28.7,8.0,474(0),[東] 中舘英二,202308010911
14,8,16,メイショウカズサ,牡6,57.0,浜中俊,2:03.3,1/2,120.8,14.0,482(-6),[西] 安達昭夫,202308010911
15,1,1,サンライズホープ,牡6,57.0,幸英明,2:03.6,1.1/2,32.4,9.0,542(+2),[西] 羽月友彦,202308010911
16,6,12,テリオスベル,牝6,55.0,古川吉洋,2:04.6,6,62.7,11.0,454(0),[東] 田島俊明,202308010911
1,8,13,ヴアーサ,牡5,58.0,藤岡康太,1:25.5,,3.1,1.0,458(-2),[西] 鮫島一歩,202308010912
2,5,8,スキピオ,牡5,58.0,武豊,1:26.0,3,6.6,3.0,488(0),[西] 浜田多実,202308010912
3,3,3,スマートセプター,牡4,58.0,団野大成,1:26.4,2,20.1,7.0,498(-2),[西] 須貝尚介,202308010912
4,1,1,ケイアイメビウス,牡4,58.0,中井裕二,1:26.8,2.1/2,34.2,9.0,510(+4),[西] 村山明,202308010912
5,6,10,ニホンピロオーセン,牡4,58.0,田口貫太,1:26.9,3/4,221.6,14.0,498(-2),[西] 大橋勇樹,202308010912
6,7,11,カイカノキセキ,牝4,56.0,鮫島克駿,1:26.9,アタマ,5.6,2.0,490(+6),[西] 池添学,202308010912
7,4,5,メタモルフォーゼ,牝6,56.0,幸英明,1:27.0,1/2,21.0,8.0,466(+6),[西] 渡辺薫彦,202308010912
8,6,9,タケルラスティ,牡6,58.0,小崎綾也,1:27.1,アタマ,94.9,13.0,512(0),[西] 小崎憲,202308010912
9,2,2,サンデーミラージュ,セ6,58.0,水口優也,1:27.1,クビ,46.9,11.0,482(0),[西] 宮本博,202308010912
10,3,4,モズブーナー,牝4,56.0,松若風馬,1:27.1,クビ,54.8,12.0,490(+10),[西] 音無秀孝,202308010912
11,7,12,マルカアトラス,牡4,58.0,小沢大仁,1:27.4,1.3/4,7.1,4.0,508(+14),[西] 松永昌博,202308010912
12,8,14,ドゥーベ,牡6,58.0,西村淳也,1:27.5,クビ,8.0,6.0,524(0),[西] 茶木太樹,202308010912
13,5,7,ロードジャスティス,牡4,58.0,坂井瑠星,1:27.8,1.3/4,7.8,5.0,460(-4),[西] 安田隆行,202308010912
14,4,6,ゴーストレート,牡5,58.0,荻野極,1:28.6,5,34.3,10.0,500(+4),[東] 菊沢隆徳,202308010912
1,8,14,フクノワカバ,牝3,54.0,鮫島克駿,1:13.8,,5.3,2.0,440(+6),[西] 杉山佳明,202308011001
2,5,8,メイショウネムノキ,牝3,54.0,池添謙一,1:14.1,1.3/4,1.4,1.0,498(+4),[西] 池添学,202308011001
3,3,5,ハクアイアテナ,牝3,53.0,小沢大仁,1:14.9,5,41.9,6.0,416(0),[西] 今野貞一,202308011001
4,1,1,メイショウバラッド,牝3,54.0,和田竜二,1:15.0,クビ,67.2,9.0,480(+6),[西] 長谷川浩,202308011001
5,2,3,クルーエルワーク,牝3,54.0,西村淳也,1:15.2,1.1/4,14.2,4.0,480(+6),[西] 安達昭夫,202308011001
6,6,11,ミヅキ,牝3,54.0,団野大成,1:15.4,1.1/2,19.8,5.0,426(-4),[西] 笹田和秀,202308011001
7,7,13,ダディーズラビング,牝3,54.0,浜中俊,1:16.1,4,58.1,8.0,474(+2),[西] 千田輝彦,202308011001
8,5,9,カーメルビーチ,牝3,54.0,国分優作,1:16.2,1/2,581.3,15.0,480(+10),[西] 浜田多実,202308011001
9,8,15,アネラアーニャ,牝3,54.0,岩田康誠,1:16.3,3/4,169.9,11.0,424(+2),[西] 安田翔伍,202308011001
10,6,10,マカーリオ,牝3,54.0,幸英明,1:16.4,クビ,91.3,10.0,488(0),[西] 飯田祐史,202308011001
11,2,2,プルシアンブルー,牝3,53.0,角田大和,1:17.2,5,56.0,7.0,448(0),[西] 本田優,202308011001
12,4,7,テイエムネイア,牝3,54.0,酒井学,1:17.2,クビ,311.9,13.0,450(+8),[西] 木原一良,202308011001
13,3,4,ナリタアンビション,牝3,51.0,田口貫太,1:17.3,アタマ,508.4,14.0,396(+2),[西] 宮本博,202308011001
14,7,12,テンアリオン,牝3,54.0,古川吉洋,1:17.3,クビ,265.9,12.0,440(0),[西] 牧田和弥,202308011001
15,4,6,モズミヤビ,牝3,54.0,松若風馬,1:17.4,1/2,5.8,3.0,442(-2),[西] 矢作芳人,202308011001
1,6,12,カシノインディード,牡3,56.0,松若風馬,1:47.9,,78.5,15.0,464(+6),[西] 牧田和弥,202308011002
2,8,18,モズマーカッシン,牡3,56.0,鮫島克駿,1:48.0,3/4,3.1,1.0,454(+2),[西] 高柳大輔,202308011002
3,8,17,メイショウオオミネ,牡3,56.0,松山弘平,1:48.0,ハナ,7.2,5.0,432(-6),[西] 石橋守,202308011002
4,7,13,フォティック,牡3,56.0,幸英明,1:48.2,1.1/4,42.1,9.0,478(+4),[西] 飯田祐史,202308011002
5,5,9,タガノトラリア,牝3,54.0,団野大成,1:48.4,1.1/4,5.8,3.0,456(+14),[西] 斉藤崇史,202308011002
6,1,2,モズマスターピース,牡3,56.0,国分恭介,1:48.5,クビ,54.7,13.0,480(-6),[西] 牧田和弥,202308011002
7,4,8,ハスラー,牡3,56.0,西村淳也,1:48.6,1/2,4.3,2.0,512(-4),[西] 友道康夫,202308011002
8,3,5,イーヴイ,牡3,56.0,川須栄彦,1:48.6,ハナ,30.9,7.0,446(+2),[西] 鮫島一歩,202308011002
9,7,15,アジュールブルー,牝3,54.0,岩田望来,1:48.6,クビ,48.9,12.0,408(-2),[西] 清水久詞,202308011002
10,8,16,マックロスキー,牡3,56.0,和田竜二,1:48.7,3/4,43.1,10.0,502(-2),[西] 茶木太樹,202308011002
11,2,4,フォーチュンコード,牝3,54.0,古川吉洋,1:48.9,1,55.1,14.0,468(-2),[西] 小林真也,202308011002
12,5,10,ソルデベラーノ,牡3,56.0,藤懸貴志,1:49.1,1.1/4,286.8,17.0,468(-2),[西] 石坂公一,202308011002
13,6,11,タイセイグッドマン,牡3,56.0,酒井学,1:49.9,5,278.8,16.0,468(+2),[西] 浜田多実,202308011002
14,3,6,レガリア,牝3,54.0,北村友一,1:50.0,3/4,26.1,6.0,442(+4),[西] 田中克典,202308011002
15,1,1,カムカムカモン,牡3,56.0,松田大作,1:50.3,2,6.7,4.0,486(0),[西] 藤原英昭,202308011002
16,7,14,ジェムラー,牡3,55.0,小沢大仁,1:50.4,3/4,35.4,8.0,504(0),[西] 藤岡健一,202308011002
17,4,7,ラコンチャ,牡3,53.0,田口貫太,1:50.8,2.1/2,368.0,18.0,460(-4),[西] 大根田裕,202308011002
18,2,3,インフェルノ,牡3,56.0,太宰啓介,1:52.2,8,47.5,11.0,446(0),[西] 四位洋文,202308011002
1,6,12,ヒロノオオゾラ,牡3,56.0,松若風馬,1:54.8,,4.9,2.0,480(-10),[西] 宮本博,202308011003
2,7,14,バックトゥザライト,牡3,56.0,岩田望来,1:54.8,クビ,5.3,3.0,500(+4),[西] 辻野泰之,202308011003
3,1,1,リードブロー,牡3,56.0,藤岡佑介,1:55.0,1.1/4,5.5,4.0,522(+8),[西] 安田翔伍,202308011003
4,2,4,ダンツビガー,牡3,56.0,松山弘平,1:55.1,クビ,3.8,1.0,482(-8),[西] 四位洋文,202308011003
5,3,6,ポワンキュルミナン,牡3,56.0,鮫島克駿,1:55.4,2,16.1,7.0,424(0),[西] 岡田稲男,202308011003
6,6,11,アスターブジエ,牡3,56.0,西村淳也,1:55.8,2.1/2,5.9,5.0,454(+2),[西] 中竹和也,202308011003
7,5,9,セザンワールド,牡3,56.0,鮫島良太,1:56.3,3,9.2,6.0,492(-6),[西] 畑端省吾,202308011003
8,4,7,ゴッドホーネット,牡3,55.0,角田大和,1:56.6,1.3/4,248.3,16.0,438(-2),[西] 飯田祐史,202308011003
9,3,5,ジェネロジテ,牡3,53.0,田口貫太,1:56.9,1.1/2,152.7,12.0,502(+9),[西] 大根田裕,202308011003
10,4,8,メイショウメイプル,牡3,56.0,太宰啓介,1:57.6,4,184.0,13.0,522(-2),[西] 河内洋,202308011003
11,7,13,ミエノリュウセイ,牡3,56.0,長岡禎仁,1:57.7,1/2,36.2,8.0,480(-8),[西] 高橋亮,202308011003
12,2,3,エンム,牡3,56.0,川須栄彦,1:58.4,4,190.9,14.0,482(0),[西] 畑端省吾,202308011003
13,1,2,ロブロイズハート,牡3,56.0,藤岡康太,1:58.6,3/4,58.6,9.0,438(0),[西] 鮫島一歩,202308011003
14,5,10,ピエルナフェルテ,牡3,56.0,酒井学,1:59.2,4,124.9,10.0,500(0),[西] 小崎憲,202308011003
15,8,16,ウインガレオン,牡3,56.0,黒岩悠,2:00.4,7,150.8,11.0,468(-16),[西] 飯田雄三,202308011003
16,8,15,テイエムバクソウ,牡3,56.0,松田大作,2:02.6,大,234.9,15.0,500(+6),[西] 高橋康之,202308011003
1,3,6,セーヌドゥレーヴ,牝3,54.0,藤岡佑介,1:33.9,,3.5,1.0,452(-10),[西] 吉岡辰弥,202308011004
2,5,10,ワカタツフェイス,牝3,54.0,西村淳也,1:34.2,2,9.7,6.0,448(0),[西] 森田直行,202308011004
3,8,18,テンクウハット,牝3,54.0,太宰啓介,1:34.6,2,5.5,3.0,474(+6),[西] 渡辺薫彦,202308011004
4,8,17,エイシンジェンマ,牝3,54.0,和田竜二,1:34.6,クビ,75.8,13.0,482(+6),[西] 中尾秀正,202308011004
5,2,3,ローブドゥマリエ,牝3,54.0,岩田望来,1:34.6,クビ,18.6,7.0,460(+4),[西] 梅田智之,202308011004
6,4,8,テクノデザイン,牝3,54.0,松山弘平,1:34.6,アタマ,8.5,4.0,432(-4),[西] 千田輝彦,202308011004
7,4,7,ナムララン,牝3,54.0,浜中俊,1:34.6,ハナ,28.4,9.0,426(+14),[西] 長谷川浩,202308011004
8,6,11,ウォーターフルール,牝3,54.0,国分恭介,1:34.9,1.3/4,39.2,10.0,444(+6),[西] 石橋守,202308011004
9,6,12,ハッピーアズラリー,牝3,54.0,鮫島克駿,1:35.0,1/2,9.2,5.0,436(+12),[西] 安田翔伍,202308011004
10,7,14,スイミーユニバンス,牝3,54.0,北村友一,1:35.1,クビ,4.2,2.0,426(-2),[西] 平田修,202308011004
11,1,2,メイショウミヨシノ,牝3,51.0,田口貫太,1:35.7,3.1/2,74.6,12.0,448(0),[西] 大橋勇樹,202308011004
12,5,9,ジュールヒート,牝3,54.0,幸英明,1:35.7,アタマ,23.4,8.0,444(-8),[西] 西園正都,202308011004
13,8,16,シュプール,牝3,54.0,加藤祥太,1:35.7,アタマ,596.3,17.0,432(0),[西] 杉山佳明,202308011004
14,3,5,レクタアーバ,牝3,53.0,小沢大仁,1:35.8,クビ,651.2,18.0,460(-2),[西] 藤沢則雄,202308011004
15,7,13,ヒットザフロント,牝3,54.0,松田大作,1:36.0,1.1/4,362.6,16.0,472(-2),[西] 武英智,202308011004
16,1,1,チャパリータ,牝3,53.0,角田大和,1:37.5,9,109.9,14.0,420(+6),[西] 四位洋文,202308011004
17,2,4,エイカ,牝3,54.0,高倉稜,1:37.5,ハナ,60.9,11.0,450(0),[西] 渡辺薫彦,202308011004
18,7,15,エキスパートバイオ,牝3,54.0,松若風馬,1:38.4,5,137.8,15.0,440(-6),[西] 今野貞一,202308011004
1,3,3,ハクサンビーナス,牝3,54.0,岩田望来,2:00.6,,11.5,4.0,434(+10),[西] 寺島良,202308011005
2,5,5,リノメリア,牝3,53.0,角田大和,2:01.2,3.1/2,156.2,9.0,456(-6),[西] 石坂公一,202308011005
3,7,9,コパノサントス,牡3,56.0,幸英明,2:01.3,3/4,4.4,2.0,460(-4),[西] 梅田智之,202308011005
4,6,7,ビヨンドザドリーム,牡3,56.0,西村淳也,2:01.5,3/4,1.4,1.0,420(+2),[西] 中内田充,202308011005
5,4,4,マイディーレマイ,牡3,56.0,藤岡康太,2:02.1,4,6.9,3.0,518(0),[西] 友道康夫,202308011005
6,8,10,フォルテカヴァロ,牡3,56.0,長岡禎仁,2:03.2,7,310.4,11.0,470(0),[西] 石橋守,202308011005
7,6,6,ウインエリタージュ,牝3,54.0,松若風馬,2:03.2,クビ,32.1,5.0,388(+6),[西] 宮徹,202308011005
8,8,11,グッデイドリーム,牝3,53.0,泉谷楓真,2:03.3,1/2,189.1,10.0,438(+4),[西] 村山明,202308011005
9,2,2,バージャンフォース,牡3,56.0,国分優作,2:03.6,1.3/4,117.4,8.0,526(-4),[西] 矢作芳人,202308011005
10,1,1,ベルオブピース,牡3,56.0,鮫島克駿,2:04.3,4,35.6,6.0,500(-4),[西] 矢作芳人,202308011005
11,7,8,テーオーエンゲルス,牡3,53.0,田口貫太,2:04.7,2.1/2,54.9,7.0,462(0),[西] 須貝尚介,202308011005
1,2,2,シルフィードレーヴ,牝3,54.0,北村友一,1:08.3,,5.3,2.0,442(0),[西] 西園正都,202308011006
2,6,9,トーホウフランゴ,牝3,54.0,藤岡康太,1:08.4,3/4,16.3,8.0,428(+4),[西] 高橋康之,202308011006
3,8,13,スイープラン,牝3,54.0,西村淳也,1:08.5,1/2,12.1,7.0,444(-6),[西] 渡辺薫彦,202308011006
4,4,5,ジューンアース,牝3,54.0,池添謙一,1:08.6,クビ,5.6,3.0,510(-6),[西] 飯田祐史,202308011006
5,7,11,デイズオブドリーム,牝3,54.0,団野大成,1:08.6,クビ,23.2,10.0,406(-8),[東] 加藤征弘,202308011006
6,7,10,ソノママソノママ,牝3,53.0,泉谷楓真,1:08.7,クビ,4.6,1.0,458(+10),[西] 奥村豊,202308011006
7,4,4,ベルタソ,牝3,54.0,松若風馬,1:08.8,1/2,16.8,9.0,438(-4),[西] 小崎憲,202308011006
8,3,3,リトルミム,牝3,54.0,岩田望来,1:09.0,1.1/2,9.7,6.0,520(+4),[西] 鮫島一歩,202308011006
9,1,1,エコロレジーナ,牝3,54.0,浜中俊,1:09.0,ハナ,6.3,4.0,480(+2),[東] 菊沢隆徳,202308011006
10,8,12,チカポコ,牝3,54.0,酒井学,1:09.4,2.1/2,119.0,13.0,412(-6),[西] 西園正都,202308011006
11,5,6,イイヒニナル,牝3,54.0,松山弘平,1:09.4,ハナ,8.0,5.0,376(+2),[西] 千田輝彦,202308011006
12,5,7,ソアラ,牝3,54.0,幸英明,1:10.3,5,105.5,12.0,474(+6),[西] 高橋康之,202308011006
13,6,8,アロットドリーム,牝3,51.0,田口貫太,1:10.5,1.1/4,41.6,11.0,432(-8),[西] 本田優,202308011006
1,7,8,ウインヴェルデ,牡4,58.0,松山弘平,2:01.6,,2.2,1.0,490(+6),[西] 加用正,202308011007
2,2,2,メイショウホタルビ,牝5,53.0,田口貫太,2:02.5,5,7.0,3.0,436(-4),[西] 大橋勇樹,202308011007
3,4,4,フロイング,牡5,58.0,国分恭介,2:02.9,2.1/2,101.4,10.0,478(+2),[西] 加用正,202308011007
4,6,6,スマートウィザード,牡6,58.0,幸英明,2:03.0,3/4,17.1,6.0,488(-2),[西] 吉田直弘,202308011007
5,8,10,ナオミニデレデレヤ,牝4,56.0,北村友一,2:03.2,1.1/4,65.7,8.0,462(-8),[西] 畑端省吾,202308011007
6,3,3,メイショウタイゲイ,牡4,58.0,団野大成,2:03.3,クビ,25.9,7.0,460(+14),[西] 荒川義之,202308011007
7,5,5,マテンロウアイ,牝4,56.0,岩田望来,2:03.8,3,3.3,2.0,536(+4),[西] 寺島良,202308011007
8,8,9,エミサソウツバサ,牡4,58.0,長岡禎仁,2:03.9,クビ,8.3,4.0,518(0),[西] 杉山佳明,202308011007
9,7,7,エグモント,牝4,55.0,小沢大仁,2:05.1,7,9.4,5.0,510(0),[西] 中村直也,202308011007
10,1,1,マイバウム,牡5,58.0,水口優也,2:05.5,2.1/2,68.0,9.0,470(-2),[東] 大和田成,202308011007
1,4,7,クロニクルノヴァ,セ4,58.0,鮫島克駿,1:20.8,,4.0,1.0,480(+4),[西] 武幸四郎,202308011008
2,1,2,モラトリアム,牝5,56.0,団野大成,1:20.9,3/4,14.1,7.0,446(+2),[西] 河内洋,202308011008
3,6,12,アルファヒディ,牡4,58.0,西村淳也,1:20.9,ハナ,4.1,2.0,500(+6),[西] 池江泰寿,202308011008
4,8,18,メイショウイヌワシ,牡4,57.0,角田大和,1:20.9,クビ,77.9,14.0,478(+4),[西] 石橋守,202308011008
5,5,10,ダノンアーリー,牡4,58.0,北村友一,1:21.0,クビ,8.0,4.0,470(+2),[西] 安田隆行,202308011008
6,7,15,ピースキーパー,牝4,56.0,城戸義政,1:21.1,1.1/4,16.7,8.0,436(-4),[西] 奥村豊,202308011008
7,6,11,ルヴァンノワール,牝5,55.0,泉谷楓真,1:21.3,1.1/4,49.4,12.0,438(+8),[西] 庄野靖志,202308011008
8,8,16,ショウナンラタン,牡4,58.0,松山弘平,1:21.4,1/2,6.0,3.0,496(+2),[西] 西園正都,202308011008
9,1,1,シコウ,セ6,58.0,藤岡康太,1:21.5,1/2,42.9,11.0,478(-10),[西] 藤沢則雄,202308011008
10,5,9,ファムスパーブ,牝4,56.0,古川吉洋,1:21.5,クビ,87.9,16.0,458(+14),[西] 小林真也,202308011008
11,3,5,モウショウ,牡4,58.0,幸英明,1:21.5,ハナ,39.4,9.0,490(0),[西] 鈴木孝志,202308011008
12,8,17,プラウドルック,牝5,56.0,和田竜二,1:21.7,1.1/4,11.1,5.0,468(0),[西] 茶木太樹,202308011008
13,4,8,アランヴェリテ,牡4,55.0,田口貫太,1:21.8,1/2,58.2,13.0,496(+8),[西] 中竹和也,202308011008
14,3,6,ビップランバン,牡5,58.0,岩田望来,1:21.8,ハナ,11.6,6.0,480(-4),[西] 清水久詞,202308011008
15,2,4,ハイライフ,牝5,56.0,岩田康誠,1:22.3,3,39.7,10.0,426(-2),[西] 藤沢則雄,202308011008
16,7,14,スズアンジー,牝5,56.0,松若風馬,1:22.3,クビ,199.8,18.0,432(-8),[西] 牧田和弥,202308011008
17,7,13,エクラノーブル,牝4,55.0,小沢大仁,1:22.3,アタマ,112.2,17.0,430(-2),[西] 中村直也,202308011008
18,2,3,ナムラデイリリー,牝4,56.0,酒井学,1:22.5,1.1/4,79.0,15.0,474(+6),[西] 大橋勇樹,202308011008
1,6,8,ゴールドエクリプス,牝4,54.0,岩田望来,1:46.4,,3.4,1.0,490(+4),[西] 大久保龍,202308011009
2,5,5,ルージュメサージュ,牝5,54.0,団野大成,1:46.6,1.1/4,3.7,2.0,478(0),[西] 斉藤崇史,202308011009
3,6,7,サンライズエース,牡4,56.0,岩田康誠,1:46.8,1.1/2,5.5,3.0,498(+4),[西] 河内洋,202308011009
4,3,3,ムーンリットナイト,牡4,55.0,和田竜二,1:46.9,3/4,5.7,4.0,500(+4),[西] 加用正,202308011009
5,4,4,ヴェールランス,牡4,55.0,藤岡佑介,1:47.0,クビ,11.8,6.0,440(-6),[西] 藤岡健一,202308011009
6,7,9,テーオーアリエス,牝4,52.0,小沢大仁,1:47.0,クビ,144.0,12.0,502(+6),[西] 岡田稲男,202308011009
7,8,11,ウン,牡4,55.0,松若風馬,1:47.1,クビ,55.3,9.0,472(-2),[西] 吉田直弘,202308011009
8,1,1,ワーフデール,牝4,53.0,幸英明,1:47.3,1.1/2,23.8,8.0,466(-4),[西] 森田直行,202308011009
9,5,6,エアミアーニ,セ5,56.0,浜中俊,1:47.4,3/4,8.2,5.0,436(-8),[西] 笹田和秀,202308011009
10,7,10,サンデージャック,牡5,55.0,水口優也,1:47.5,1/2,18.6,7.0,476(+2),[西] 宮本博,202308011009
11,8,12,シューラヴァラ,牡5,54.0,鮫島克駿,1:47.7,1.1/4,134.0,11.0,460(+2),[西] 川村禎彦,202308011009
12,2,2,キボウノダイチ,セ8,52.0,城戸義政,1:47.9,1,86.0,10.0,506(+4),[西] 飯田雄三,202308011009
1,7,8,エクロジャイト,牡3,56.0,北村友一,1:53.6,,6.8,4.0,506(+2),[西] 安田隆行,202308011010
2,6,6,ゼットリアン,牡3,56.0,鮫島克駿,1:53.8,1.1/4,17.4,8.0,442(+4),[西] 吉田直弘,202308011010
3,4,4,ジャスパーバローズ,牡3,56.0,松山弘平,1:54.1,2,21.3,10.0,498(+2),[西] 清水久詞,202308011010
4,2,2,フェルヴェンテ,牡3,56.0,浜中俊,1:54.2,クビ,4.6,2.0,468(0),[西] 加用正,202308011010
5,3,3,オーロイプラータ,牡3,56.0,団野大成,1:54.3,3/4,13.0,6.0,532(-2),[西] 宮本博,202308011010
6,6,7,マテンロウガイ,牡3,56.0,角田大和,1:54.4,クビ,22.9,11.0,514(+2),[西] 角田晃一,202308011010
7,8,11,ツウカイリアル,牡3,56.0,幸英明,1:54.4,クビ,15.5,7.0,478(0),[西] 庄野靖志,202308011010
8,5,5,カレンアルカンタラ,牡3,56.0,西村淳也,1:54.8,2,5.7,3.0,502(+12),[西] 新谷功一,202308011010
9,1,1,ベンダバリラビア,牡3,56.0,岩田望来,1:54.8,ハナ,3.5,1.0,522(+6),[西] 寺島良,202308011010
10,7,9,アイファーテイオー,牡3,56.0,藤懸貴志,1:55.0,1.1/2,18.3,9.0,450(+2),[西] 鮫島一歩,202308011010
11,8,10,マルカブリッツ,牡3,56.0,小沢大仁,1:58.0,大,11.3,5.0,488(-6),[西] 松永昌博,202308011010
1,1,1,サトノテンペスト,牡5,56.0,和田竜二,1:24.7,,8.1,3.0,508(0),[西] 高橋亮,202308011011
2,8,15,エーティーマクフィ,牡4,56.0,松山弘平,1:24.9,1.1/4,2.1,1.0,470(0),[西] 武英智,202308011011
3,5,10,メイショウヒューマ,牡5,56.0,古川吉洋,1:25.5,3.1/2,15.3,6.0,480(-16),[西] 藤岡健一,202308011011
4,6,12,ヨドノビクトリー,牡9,53.0,北村友一,1:25.5,クビ,191.0,14.0,492(-8),[東] 中野栄治,202308011011
5,5,9,サンキューユウガ,牡7,57.0,幸英明,1:25.7,1,15.6,7.0,534(-2),[西] 西村真幸,202308011011
6,8,16,ニューフロンティア,牡5,56.0,西村淳也,1:25.8,3/4,22.5,9.0,498(+2),[西] 田中克典,202308011011
7,3,6,ジェットエンブレム,牡5,56.0,池添謙一,1:26.0,3/4,12.4,5.0,526(+2),[西] 石坂公一,202308011011
8,6,11,ウラヤ,牡4,56.0,岩田望来,1:26.1,1/2,5.5,2.0,480(+8),[西] 野中賢二,202308011011
9,7,13,キタノブレイド,牡4,55.0,松若風馬,1:26.2,3/4,39.7,10.0,466(0),[東] 萱野浩二,202308011011
10,2,4,ヘイセイメジャー,牡6,55.0,団野大成,1:26.2,アタマ,210.7,16.0,496(0),[西] 木原一良,202308011011
11,2,3,アメリカンファクト,牡8,55.0,高倉稜,1:27.0,5,209.1,15.0,508(-8),[東] 戸田博文,202308011011
12,7,14,ホッコーアカツキ,牡6,54.0,国分優作,1:27.0,クビ,185.5,13.0,518(0),[西] 畑端省吾,202308011011
13,3,5,スペロデア,牝6,52.0,小沢大仁,1:27.2,1.1/4,139.3,12.0,480(+8),[西] 緒方努,202308011011
14,4,8,ラインオブフェイト,牝5,53.0,角田大和,1:27.7,3,134.0,11.0,474(-4),[東] 田島俊明,202308011011
15,4,7,スカーレットスカイ,牝5,55.0,藤岡康太,1:27.7,アタマ,17.0,8.0,484(+6),[西] 岡田稲男,202308011011
16,1,2,テイエムランウェイ,牡4,57.0,岩田康誠,1:28.0,1.3/4,8.5,4.0,484(+4),[西] 飯田雄三,202308011011
1,4,4,ルイナールカズマ,牡4,58.0,松山弘平,1:53.6,,5.3,2.0,508(+6),[西] 奥村豊,202308011012
2,5,5,ヴィヴァン,牡5,58.0,西村淳也,1:53.6,ハナ,10.8,5.0,492(+2),[西] 池江泰寿,202308011012
3,6,7,ニホンピロハーバー,牡5,58.0,藤岡康太,1:53.8,1,6.0,3.0,502(-10),[西] 安達昭夫,202308011012
4,3,3,フームスムート,牡6,58.0,藤岡佑介,1:53.8,アタマ,6.2,4.0,524(+2),[東] 水野貴広,202308011012
5,8,10,テイエムマジック,牡5,58.0,藤懸貴志,1:54.1,2,22.2,9.0,506(+2),[西] 鈴木孝志,202308011012
6,8,11,テイエムシニスター,牡4,58.0,幸英明,1:54.2,クビ,2.4,1.0,498(+2),[西] 木原一良,202308011012
7,7,8,エメヴィベール,牡4,58.0,岩田望来,1:54.5,1.3/4,22.0,8.0,566(+2),[西] 吉岡辰弥,202308011012
8,6,6,ミエノナイスガイ,牡4,58.0,鮫島克駿,1:54.9,2.1/2,14.2,6.0,472(-2),[東] 上原佑紀,202308011012
9,2,2,メイショウイッコン,牝5,56.0,太宰啓介,1:55.3,2.1/2,67.3,10.0,470(0),[西] 高橋亮,202308011012
10,7,9,ミキノプリンス,牡4,55.0,田口貫太,1:55.9,3.1/2,77.9,11.0,498(+6),[西] 大橋勇樹,202308011012
中,1,1,アドマイヤベネラ,牡6,58.0,岩田康誠,,,18.4,7.0,500(-4),[西] 石坂公一,202308011012
1,1,2,メイショウクモイ,牡3,56.0,武豊,1:53.1,,1.9,1.0,466(0),[西] 飯田祐史,202308011101
2,3,5,サクセスハチハチ,牡3,56.0,松山弘平,1:55.1,大,1.9,2.0,500(-12),[西] 北出成人,202308011101
3,7,14,エイシンエラン,牡3,56.0,小崎綾也,1:55.3,1.1/4,16.1,4.0,468(+2),[西] 大久保龍,202308011101
4,5,9,マンノステータス,牡3,56.0,菱田裕二,1:55.6,1.3/4,57.5,6.0,504(+6),[西] 角田晃一,202308011101
5,8,16,ネイサンバローズ,牡3,56.0,団野大成,1:55.7,クビ,116.9,8.0,532(-6),[西] 松下武士,202308011101
6,7,13,クリノエイブラハム,牡3,56.0,田中健,1:55.9,1.1/4,356.2,14.0,498(-14),[西] 武英智,202308011101
7,4,7,ルフレーヴ,牡3,56.0,長岡禎仁,1:55.9,ハナ,13.1,3.0,478(+2),[西] 杉山晴紀,202308011101
8,6,11,アオイリキマル,牡3,53.0,大久保友,1:56.1,1.1/2,206.7,11.0,514(+4),[西] 清水久詞,202308011101
9,5,10,エンシャントヌーン,牡3,56.0,荻野琢真,1:56.2,クビ,102.3,7.0,444(0),[西] 小林真也,202308011101
10,8,15,シゲルショウタイム,牡3,53.0,田口貫太,1:56.4,1.1/4,177.7,10.0,480(-2),[西] 大橋勇樹,202308011101
11,6,12,リコルド,牝3,54.0,和田竜二,1:56.5,1/2,43.5,5.0,476(-4),[西] 茶木太樹,202308011101
12,3,6,メイショウボンゴチ,牡3,53.0,川端海翼,1:56.8,2,472.8,16.0,426(-4),[西] 荒川義之,202308011101
13,2,4,サエッタ,牡3,55.0,角田大和,1:57.2,2.1/2,372.2,15.0,468(+2),[西] 河内洋,202308011101
14,4,8,アンジェリア,牝3,54.0,斎藤新,1:57.3,1/2,225.2,12.0,418(+2),[西] 牧浦充徳,202308011101
15,1,1,イズミアマゾネス,牝3,54.0,酒井学,1:57.5,1.1/4,134.8,9.0,438(+8),[西] 北出成人,202308011101
16,2,3,クリノスラッガー,牡3,55.0,小沢大仁,1:57.7,3/4,250.4,13.0,528(-2),[西] 緒方努,202308011101
1,1,2,フスカル,牡3,56.0,坂井瑠星,1:13.1,,2.0,1.0,484(0),[西] 池添学,202308011102
2,8,15,バスドラムガール,牝3,54.0,水口優也,1:13.1,クビ,5.3,2.0,458(+10),[西] 羽月友彦,202308011102
3,5,10,デュアルモーション,牝3,54.0,和田竜二,1:13.1,クビ,105.1,12.0,436(+4),[西] 松下武士,202308011102
4,2,3,ポテンザ,牡3,56.0,岩田望来,1:13.3,1.1/4,6.3,3.0,516(+12),[西] 清水久詞,202308011102
5,4,7,ウェイオブサクセス,牝3,54.0,富田暁,1:13.5,1.1/4,13.2,5.0,438(0),[西] 野中賢二,202308011102
6,2,4,フルオブプレイズ,牡3,56.0,川須栄彦,1:13.7,1.1/4,40.5,8.0,472(0),[西] 小林真也,202308011102
7,1,1,リーゼントミニー,牝3,54.0,武豊,1:13.8,1/2,13.8,6.0,430(+4),[西] 矢作芳人,202308011102
7,4,8,オーシンエンジェル,牡3,56.0,藤岡康太,1:13.8,同着,176.3,13.0,430(0),[西] 宮徹,202308011102
9,7,14,ミフネ,牡3,56.0,松山弘平,1:14.5,4,20.3,7.0,496(+6),[西] 北出成人,202308011102
10,8,16,エソラ,牡3,56.0,国分恭介,1:14.6,1/2,79.9,10.0,492(+2),[西] 安達昭夫,202308011102
11,3,5,クリノヒーロー,牡3,56.0,幸英明,1:14.7,3/4,97.1,11.0,472(-2),[西] 谷潔,202308011102
12,7,13,メイショウコクフウ,セ3,55.0,松本大輝,1:14.9,1,585.0,14.0,412(-6),[西] 松下武士,202308011102
13,6,11,ビッグウィリー,牡3,55.0,小沢大仁,1:15.1,1.1/4,808.1,16.0,466(-6),[西] 茶木太樹,202308011102
14,5,9,ルージュアテナ,牝3,54.0,西村淳也,1:15.7,3.1/2,70.3,9.0,466(0),[西] 庄野靖志,202308011102
15,6,12,ゴシップガールズ,牝3,53.0,角田大和,1:18.0,大,740.8,15.0,412(-12),[西] 北出成人,202308011102
中,3,6,チャーチモード,牡3,56.0,鮫島克駿,,,7.5,4.0,524(-12),[西] 高野友和,202308011102
1,4,8,ブルーウィン,牝3,51.0,田口貫太,1:46.2,,12.9,5.0,444(+6),[西] 清水久詞,202308011103
2,7,13,エレガントギフト,牝3,54.0,坂井瑠星,1:46.3,1/2,4.2,2.0,426(-10),[西] 杉山晴紀,202308011103
3,7,15,プレッジ,牝3,54.0,西村淳也,1:46.7,2.1/2,24.7,7.0,472(+8),[西] 中内田充,202308011103
4,8,16,ガットネロ,牝3,54.0,岩田望来,1:47.1,2,2.4,1.0,474(0),[西] 上村洋行,202308011103
5,1,2,ニホンピロパークス,牝3,54.0,水口優也,1:47.2,1/2,39.4,9.0,426(+6),[西] 服部利之,202308011103
6,8,17,ブレスユアスターズ,牝3,54.0,藤岡康太,1:47.2,アタマ,82.3,12.0,446(+4),[西] 奥村豊,202308011103
7,5,9,キタサンエルピス,牝3,54.0,横山典弘,1:47.2,ハナ,5.3,3.0,466(0),[西] 本田優,202308011103
8,3,5,ホウショウルキナ,牝3,54.0,菱田裕二,1:47.4,1.1/2,23.5,6.0,488(0),[西] 河内洋,202308011103
9,1,1,レーヴスレアリーズ,牝3,54.0,武豊,1:48.0,3.1/2,8.0,4.0,460(0),[西] 寺島良,202308011103
10,7,14,スカーレットアリア,牝3,54.0,横山和生,1:48.1,1.1/4,30.4,8.0,458(0),[西] 安田翔伍,202308011103
11,2,4,ニホンピロフリード,牝3,54.0,高倉稜,1:48.3,3/4,65.5,11.0,468(+12),[西] 服部利之,202308011103
12,8,18,アンニーナ,牝3,53.0,小沢大仁,1:48.4,1.1/4,873.1,18.0,416(-8),[西] 緒方努,202308011103
13,5,10,ダンスフォーユー,牝3,54.0,酒井学,1:48.5,1/2,117.1,14.0,468(0),[西] 石坂公一,202308011103
14,6,11,ウインリュクス,牝3,54.0,国分優作,1:48.8,1.3/4,85.8,13.0,444(0),[西] 大久保龍,202308011103
15,3,6,カシノフェリクス,牝3,54.0,森裕太朗,1:48.8,アタマ,841.0,17.0,418(0),[西] 藤沢則雄,202308011103
16,2,3,ニコニコルンルン,牝3,54.0,松山弘平,1:49.0,1,52.9,10.0,420(0),[西] 矢作芳人,202308011103
17,4,7,メイショウカミノコ,牝3,54.0,和田竜二,1:51.7,大,203.8,15.0,472(-6),[西] 飯田祐史,202308011103
18,6,12,コパノモントレー,牝3,53.0,泉谷楓真,1:52.4,4,685.7,16.0,426(-10),[西] 村山明,202308011103
1,1,2,シャングリラ,牝3,54.0,鮫島克駿,1:20.7,,14.7,6.0,420(0),[西] 杉山晴紀,202308011104
2,3,6,プロスペリダード,牝3,54.0,岩田望来,1:20.7,クビ,10.3,5.0,444(-2),[西] 西園翔太,202308011104
3,3,5,アイアンムーン,牡3,56.0,吉田隼人,1:20.8,3/4,3.0,1.0,432(-2),[西] 武幸四郎,202308011104
4,7,15,ケイアイクビラ,牡3,56.0,藤懸貴志,1:20.9,クビ,4.7,3.0,504(0),[西] 宮本博,202308011104
5,7,14,フクノカトレア,牝3,54.0,秋山真一,1:20.9,アタマ,98.0,12.0,426(+6),[西] 鈴木孝志,202308011104
6,2,4,ブラックフラミンゴ,牝3,54.0,岩田康誠,1:21.0,1/2,29.3,10.0,438(0),[西] 辻野泰之,202308011104
7,2,3,フォミルマジック,牝3,51.0,西塚洸二,1:21.1,1/2,25.1,9.0,450(0),[西] 藤原英昭,202308011104
8,8,16,ナムラデュラン,セ3,53.0,田口貫太,1:21.2,1,8.9,4.0,460(0),[西] 大橋勇樹,202308011104
9,4,7,オミコシ,牝3,51.0,鷲頭虎太,1:21.3,3/4,265.3,15.0,444(-14),[西] 杉山佳明,202308011104
10,4,8,ユハンヌス,牡3,56.0,武豊,1:21.4,3/4,4.4,2.0,472(+6),[西] 大久保龍,202308011104
11,6,11,フェールデレーヴ,牝3,54.0,松山弘平,1:21.5,クビ,22.5,8.0,436(+6),[西] 上村洋行,202308011104
12,8,17,ジョーイルムシュ,牝3,54.0,北村友一,1:21.6,3/4,19.1,7.0,458(0),[西] 清水久詞,202308011104
13,5,9,サンライズサラー,牡3,56.0,和田竜二,1:21.8,1.1/4,70.0,11.0,452(-10),[西] 庄野靖志,202308011104
14,7,13,テイエムシャー,牝3,54.0,松田大作,1:22.1,1.1/2,508.4,17.0,446(-6),[西] 武英智,202308011104
15,6,12,ホーリーイノセンス,牝3,54.0,小崎綾也,1:22.8,4,243.5,13.0,380(0),[西] 斉藤崇史,202308011104
16,5,10,セブンキューブド,牡3,56.0,藤岡康太,1:23.1,2,323.1,16.0,456(-6),[西] 藤岡健一,202308011104
17,1,1,バスティア,牡3,56.0,松若風馬,1:23.2,1,244.9,14.0,478(-6),[西] 鮫島一歩,202308011104
18,8,18,ハクサンメガミ,牝3,54.0,田中健,1:23.6,2,776.5,18.0,404(+4),[西] 飯田雄三,202308011104
1,8,13,レジェンドシップ,牡3,56.0,松山弘平,2:13.2,,2.0,1.0,446(+10),[西] 奥村豊,202308011105
2,6,9,カナオールウェイズ,牡3,56.0,藤岡康太,2:13.2,アタマ,11.7,5.0,506(0),[西] 藤岡健一,202308011105
3,4,5,チュウワハート,牡3,56.0,岩田康誠,2:13.5,1.3/4,3.6,2.0,508(-4),[西] 大久保龍,202308011105
4,6,8,エストラーダ,セ3,56.0,藤懸貴志,2:13.8,1.1/2,64.7,8.0,458(-8),[西] 宮本博,202308011105
5,8,12,インタクト,牡3,56.0,坂井瑠星,2:13.8,クビ,42.7,7.0,480(-2),[西] 矢作芳人,202308011105
6,2,2,アンジェリカル,牝3,54.0,富田暁,2:14.1,1.1/2,6.5,3.0,436(0),[西] 武英智,202308011105
7,3,3,テキーラプリティ,牝3,51.0,鷲頭虎太,2:14.4,2,172.9,12.0,486(+4),[西] 杉山佳明,202308011105
8,4,4,ダノンジュリアス,牡3,56.0,池添謙一,2:14.6,1.1/2,7.5,4.0,460(+8),[西] 藤原英昭,202308011105
9,7,10,メイショウオウカ,牝3,54.0,菱田裕二,2:14.6,ハナ,18.6,6.0,438(-4),[西] 岡田稲男,202308011105
10,1,1,サンライズブラスト,牡3,55.0,角田大和,2:14.7,1/2,145.3,11.0,440(-6),[西] 石坂公一,202308011105
11,5,6,アストラルポケット,牝3,51.0,田口貫太,2:14.7,クビ,142.0,10.0,434(-6),[西] 角田晃一,202308011105
12,7,11,デアリングウォリア,セ3,53.0,西塚洸二,2:17.1,大,141.2,9.0,504(0),[西] 斉藤崇史,202308011105
13,5,7,ルージュメアリー,牝3,54.0,加藤祥太,2:17.6,3,190.7,13.0,480(-18),[西] 杉山晴紀,202308011105
1,5,10,ニシキギミッチー,牡3,56.0,団野大成,1:24.4,,91.2,13.0,480(-6),[東] 鈴木伸尋,202308011106
2,3,5,ペプチドタイガー,牡3,56.0,岩田康誠,1:25.0,3.1/2,1.9,1.0,460(+4),[西] 吉村圭司,202308011106
3,3,6,スペキオサレジーナ,牝3,54.0,横山和生,1:25.2,1.1/4,23.2,7.0,464(-2),[西] 安田隆行,202308011106
4,2,3,ダノンミカエル,牝3,54.0,横山典弘,1:25.2,クビ,10.4,4.0,416(+6),[西] 安田翔伍,202308011106
5,1,1,オールアイウォント,牝3,54.0,松山弘平,1:25.3,クビ,13.2,5.0,448(-4),[西] 森田直行,202308011106
6,7,13,トーホウキザン,牡3,56.0,国分恭介,1:25.3,クビ,20.7,6.0,468(+4),[西] 高橋康之,202308011106
7,2,4,キープブライトン,牡3,56.0,丹内祐次,1:25.4,3/4,58.7,12.0,464(0),[東] 栗田徹,202308011106
8,7,14,アッチャゴーラ,牡3,56.0,斎藤新,1:25.6,1.1/4,26.2,9.0,490(-7),[西] 村山明,202308011106
9,8,16,シンゼンイズモ,牡3,56.0,和田竜二,1:25.7,クビ,8.0,3.0,510(+2),[西] 荒川義之,202308011106
10,5,9,グレン,牡3,56.0,松田大作,1:25.9,1.1/4,23.5,8.0,484(0),[西] 野中賢二,202308011106
11,8,15,ダイヤグラフ,牡3,56.0,菱田裕二,1:26.2,1.3/4,29.6,10.0,490(-2),[西] 角田晃一,202308011106
12,6,11,ダミエ,牡3,56.0,武豊,1:26.5,2,5.6,2.0,472(-2),[西] 武幸四郎,202308011106
13,6,12,ペイシャモノノフ,牡3,56.0,国分優作,1:26.7,1,361.1,16.0,466(-2),[西] 畑端省吾,202308011106
14,1,2,クールジャーマン,牡3,53.0,田口貫太,1:26.7,クビ,206.6,14.0,470(+4),[西] 松下武士,202308011106
15,4,7,レンダリング,牡3,56.0,酒井学,1:27.9,7,351.7,15.0,498(+4),[西] 西園正都,202308011106
16,4,8,グローバリスト,牡3,56.0,幸英明,1:28.0,クビ,54.5,11.0,508(+2),[西] 西村真幸,202308011106
1,1,1,メイショウマントル,牡5,58.0,国分優作,1:52.9,,11.6,6.0,520(-2),[西] 安達昭夫,202308011107
2,3,3,レッドデクスター,牡4,58.0,鮫島克駿,1:52.9,アタマ,9.0,4.0,478(-4),[西] 橋口慎介,202308011107
3,6,7,エルゲルージ,牡4,58.0,坂井瑠星,1:53.0,クビ,1.8,1.0,524(+20),[西] 石坂公一,202308011107
4,2,2,フェルンマンボ,牝4,56.0,松山弘平,1:53.3,2,11.6,5.0,470(-15),[西] 辻野泰之,202308011107
5,7,10,シュピカ,牝5,56.0,岩田望来,1:54.1,5,7.7,3.0,490(+6),[西] 千田輝彦,202308011107
6,8,11,スピリトーゾ,牡4,58.0,西村淳也,1:54.5,2.1/2,103.9,11.0,470(-4),[西] 岡田稲男,202308011107
7,6,8,ララガルグイユ,牡4,55.0,田口貫太,1:55.1,3.1/2,315.0,12.0,484(0),[西] 坂口智康,202308011107
8,5,5,ビービーモノローグ,セ5,58.0,和田竜二,1:55.2,1/2,65.3,10.0,450(-7),[西] 加用正,202308011107
9,7,9,ヒロシクン,セ4,58.0,松田大作,1:56.0,5,32.5,9.0,538(-4),[西] 宮本博,202308011107
10,5,6,ラスマドレス,牝4,56.0,北村友一,1:56.8,5,18.5,7.0,452(-4),[西] 安田隆行,202308011107
11,4,4,ターゲサンブルック,牡4,58.0,斎藤新,1:57.1,2,7.4,2.0,488(0),[西] 奥村豊,202308011107
12,8,12,サニーバローズ,牝4,56.0,団野大成,1:57.7,3.1/2,22.1,8.0,476(-2),[西] 斉藤崇史,202308011107
1,6,6,ロンズデーライト,牡5,58.0,荻野極,1:33.1,,13.7,7.0,518(+2),[西] 池添学,202308011108
2,4,4,ダノンフロイデ,牡4,58.0,団野大成,1:33.3,1,2.1,1.0,480(-2),[西] 藤原英昭,202308011108
3,8,10,タガノミア,牝4,53.0,田口貫太,1:33.4,1,100.6,8.0,464(+2),[西] 河内洋,202308011108
4,8,9,ヴィトーリア,牡5,58.0,横山典弘,1:33.6,1.1/4,6.5,3.0,448(-4),[西] 武英智,202308011108
5,1,1,メイショウソウゲツ,牝4,55.0,泉谷楓真,1:33.6,ハナ,11.2,5.0,470(-2),[西] 本田優,202308011108
6,7,8,フラリオナ,牝5,56.0,藤岡佑介,1:33.8,1,11.0,4.0,426(-2),[西] 平田修,202308011108
7,2,2,ウインバリオス,牡4,58.0,松山弘平,1:33.8,クビ,3.5,2.0,474(0),[西] 加用正,202308011108
8,3,3,ガールズヒロイン,牝5,56.0,国分優作,1:34.4,3.1/2,230.7,10.0,436(+4),[西] 服部利之,202308011108
9,7,7,エティエンヌ,セ4,58.0,西村淳也,1:35.1,4,11.4,6.0,502(-11),[西] 吉田直弘,202308011108
10,5,5,チャーチャンテン,牝5,56.0,水口優也,1:35.2,1/2,168.8,9.0,412(-8),[東] 浅野洋一,202308011108
1,4,6,エニシノウタ,牝5,56.0,岩田望来,1:58.7,,9.0,5.0,452(0),[西] 笹田和秀,202308011109
2,5,9,ウインミニヨン,牝5,56.0,鮫島克駿,1:58.9,1.1/2,7.8,4.0,428(+2),[西] 長谷川浩,202308011109
3,8,14,ファジェス,牝5,56.0,斎藤新,1:59.0,クビ,119.9,13.0,500(+18),[西] 安田隆行,202308011109
4,3,4,ウィズグレイス,牝4,56.0,西村淳也,1:59.0,クビ,4.1,2.0,448(-2),[東] 国枝栄,202308011109
5,6,11,ヒューマンコメディ,牝6,56.0,柴田善臣,1:59.0,ハナ,99.3,12.0,486(-2),[東] 水野貴広,202308011109
6,2,3,ベリーヴィーナス,牝4,56.0,松山弘平,1:59.1,1/2,4.2,3.0,486(+2),[西] 鈴木孝志,202308011109
7,1,1,スウィートブルーム,牝5,56.0,丹内祐次,1:59.2,クビ,133.0,14.0,430(-4),[東] 和田雄二,202308011109
8,6,10,ハッピーオーサム,牝5,56.0,西塚洸二,1:59.2,アタマ,51.3,9.0,502(+6),[西] 藤原英昭,202308011109
9,4,7,ルミネイト,牝4,56.0,横山和生,1:59.3,クビ,63.1,10.0,490(-2),[西] 千田輝彦,202308011109
10,7,13,ハイエスティーム,牝4,56.0,藤岡康太,1:59.4,1/2,41.3,8.0,424(-12),[東] 金成貴史,202308011109
11,3,5,ロマンシングブルー,牝4,56.0,坂井瑠星,1:59.4,クビ,3.1,1.0,478(+8),[西] 渡辺薫彦,202308011109
11,5,8,マッハモンルード,牝5,56.0,団野大成,1:59.4,同着,73.7,11.0,510(+6),[西] 斉藤崇史,202308011109
13,8,15,アレグロモデラート,牝4,56.0,池添謙一,1:59.5,3/4,14.3,6.0,500(+10),[東] 武井亮,202308011109
14,7,12,メイショウイッコン,牝5,56.0,長岡禎仁,1:59.8,2,291.2,15.0,470(0),[西] 高橋亮,202308011109
15,2,2,アオイゴールド,牝5,56.0,吉田隼人,2:00.5,4,21.9,7.0,470(0),[東] 和田雄二,202308011109
1,5,9,ビヨンドザファザー,牡4,58.0,坂井瑠星,1:58.0,,4.4,2.0,514(-2),[西] 藤岡健一,202308011110
2,8,15,コパノニコルソン,牡4,56.0,泉谷楓真,1:58.3,1.3/4,11.3,6.0,532(+10),[西] 宮徹,202308011110
3,6,12,マイネルクロンヌ,牡6,57.0,丹内祐次,1:58.7,2.1/2,8.6,5.0,506(-2),[東] 青木孝文,202308011110
4,8,16,シダー,牝4,55.0,富田暁,1:58.7,ハナ,7.2,4.0,496(+6),[西] 本田優,202308011110
5,1,1,リリーミニスター,セ6,55.0,池添謙一,1:59.0,1.3/4,27.2,8.0,484(-6),[西] 緒方努,202308011110
6,7,13,オブジェダート,牡4,56.0,松山弘平,1:59.3,1.1/2,5.3,3.0,496(+4),[西] 橋口慎介,202308011110
7,3,5,ムエックス,牡5,55.0,幸英明,1:59.6,2,146.1,14.0,514(-4),[西] 大根田裕,202308011110
8,2,3,クインズバジル,牝5,53.0,古川吉洋,1:59.8,1,45.6,11.0,490(+20),[西] 梅田智之,202308011110
9,1,2,アノ,牡7,53.0,城戸義政,2:00.0,1,189.5,15.0,460(-2),[西] 小栗実,202308011110
10,4,7,ヴェノム,牡5,53.0,国分恭介,2:00.4,2.1/2,144.7,13.0,532(+6),[東] 天間昭一,202308011110
11,2,4,サンマルレジェンド,牡5,57.0,酒井学,2:00.8,2,3.6,1.0,490(+4),[西] 大橋勇樹,202308011110
12,6,11,ホウオウエーデル,牡7,55.0,団野大成,2:01.0,1.1/2,238.7,16.0,496(-2),[東] 池上昌和,202308011110
13,7,14,シェパードボーイ,牡7,56.0,横山典弘,2:01.1,3/4,61.8,12.0,450(+2),[西] 大久保龍,202308011110
14,4,8,サンライズシェリー,牡6,55.0,菱田裕二,2:01.4,1.1/2,29.8,9.0,480(-6),[西] 河内洋,202308011110
15,3,6,ブルーロワイヤル,セ4,56.0,角田大和,2:01.8,2.1/2,13.9,7.0,524(+14),[西] 音無秀孝,202308011110
16,5,10,サステナブル,牡5,55.0,鮫島克駿,2:02.7,5,42.2,10.0,524(+12),[西] 長谷川浩,202308011110
1,7,15,モズメイメイ,牝3,55.0,武豊,1:07.1,,8.7,4.0,466(+10),[西] 音無秀孝,202308011111
2,1,1,ルガル,牡3,56.0,団野大成,1:07.2,1/2,4.3,2.0,512(0),[西] 杉山晴紀,202308011111
3,1,2,ビッグシーザー,牡3,57.0,幸英明,1:07.2,クビ,1.7,1.0,508(+6),[西] 西園正都,202308011111
4,8,17,ブーケファロス,牡3,56.0,松山弘平,1:07.4,1.1/4,46.9,7.0,434(-4),[東] 清水英克,202308011111
5,4,7,アームズレイン,牡3,56.0,北村友一,1:07.6,1,80.1,11.0,482(-4),[西] 上村洋行,202308011111
6,7,14,トラベログ,牝3,54.0,富田暁,1:07.6,ハナ,138.4,16.0,462(+6),[東] 岩戸孝樹,202308011111
7,6,11,テラステラ,牡3,56.0,岩田康誠,1:07.6,クビ,42.0,6.0,474(0),[西] 矢作芳人,202308011111
8,5,10,カンチェンジュンガ,牡3,56.0,藤岡康太,1:07.8,1,66.6,10.0,464(-2),[西] 庄野靖志,202308011111
9,8,18,タマモブラックタイ,牡3,57.0,角田大和,1:07.8,アタマ,21.9,5.0,514(0),[西] 角田晃一,202308011111
10,2,3,メイショウピース,牝3,54.0,秋山真一,1:07.8,アタマ,133.9,15.0,462(-2),[西] 高橋亮,202308011111
11,3,6,ヤクシマ,牡3,56.0,池添謙一,1:07.9,クビ,64.0,9.0,498(-10),[西] 寺島良,202308011111
12,5,9,コーパスクリスティ,牡3,56.0,西村淳也,1:08.2,1.3/4,108.6,14.0,460(+4),[西] 中内田充,202308011111
13,7,13,タツダイヤモンド,牡3,56.0,菱田裕二,1:08.2,ハナ,81.2,13.0,476(-2),[西] 鮫島一歩,202308011111
14,2,4,トールキン,牡3,56.0,吉田隼人,1:08.4,1.1/4,63.6,8.0,490(-4),[西] 西園正都,202308011111
15,6,12,エレガントムーン,牝3,54.0,鮫島克駿,1:08.5,1/2,187.3,17.0,422(+6),[西] 牧浦充徳,202308011111
16,3,5,ペースセッティング,牡3,56.0,横山和生,1:08.5,クビ,8.0,3.0,484(-2),[西] 安田隆行,202308011111
17,4,8,アンビバレント,牡3,56.0,斎藤新,1:08.9,2,80.4,12.0,454(-4),[東] 青木孝文,202308011111
18,8,16,コスモイグローク,牡3,56.0,丹内祐次,1:09.1,1.1/4,443.7,18.0,500(-2),[地] 宗形竹見,202308011111
1,6,10,メイショウベッピン,牝6,56.0,武豊,1:20.2,,4.2,1.0,490(-2),[西] 荒川義之,202308011112
2,7,12,ブリュットミレジメ,牡4,58.0,川島信二,1:20.3,3/4,28.3,10.0,512(-2),[西] 荒川義之,202308011112
3,3,4,タイセイブリリオ,牡4,55.0,田口貫太,1:20.4,クビ,7.7,5.0,480(0),[西] 大橋勇樹,202308011112
4,6,9,ワンダーカタリナ,牡6,58.0,団野大成,1:20.4,アタマ,8.8,6.0,530(+4),[西] 河内洋,202308011112
5,5,8,ウルトラソニック,牡5,58.0,川須栄彦,1:20.5,3/4,13.8,7.0,480(-2),[西] 中尾秀正,202308011112
6,2,2,サトノペルセウス,セ5,55.0,西塚洸二,1:20.6,クビ,5.2,2.0,474(-6),[西] 藤原英昭,202308011112
7,5,7,エコロデイジー,牝5,56.0,菱田裕二,1:20.7,1/2,59.1,12.0,488(+12),[西] 牧浦充徳,202308011112
8,8,14,メイショウカイト,牝5,56.0,西村淳也,1:20.7,クビ,22.9,9.0,474(+10),[西] 荒川義之,202308011112
9,7,11,バルタザール,牡4,58.0,和田竜二,1:21.2,3,17.4,8.0,492(0),[西] 茶木太樹,202308011112
10,4,5,ケルンキングダム,セ7,58.0,松若風馬,1:21.3,1/2,80.5,13.0,456(-2),[西] 小崎憲,202308011112
11,3,3,クロニクルノヴァ,セ4,58.0,鮫島克駿,1:21.3,クビ,6.2,3.0,472(-8),[西] 武幸四郎,202308011112
12,1,1,ヤマニンプレシオサ,牝6,56.0,岩田康誠,1:21.4,1/2,40.2,11.0,472(-2),[東] 辻哲英,202308011112
13,8,13,ワンダーキサラ,牝4,56.0,幸英明,1:21.5,1/2,6.4,4.0,454(+2),[西] 石橋守,202308011112
14,4,6,ヒノクニ,牝4,53.0,鷲頭虎太,1:21.9,2,220.1,14.0,454(+4),[東] 深山雅史,202308011112
1,2,4,フィルムアクトレス,牝3,54.0,鮫島克駿,1:25.3,,2.6,2.0,480(+4),[西] 石橋守,202308011201
2,8,16,カセノミオ,牝3,54.0,川須栄彦,1:25.4,1/2,5.7,3.0,520(0),[西] 中尾秀正,202308011201
3,5,9,ルールメイプル,牝3,54.0,亀田温心,1:26.0,3.1/2,12.2,5.0,454(0),[西] 北出成人,202308011201
4,3,6,ホウオウジュビリー,牝3,54.0,松若風馬,1:26.0,クビ,2.4,1.0,458(-4),[西] 音無秀孝,202308011201
5,7,13,クリノクリスタル,牝3,51.0,田口貫太,1:26.0,クビ,11.6,4.0,450(-2),[西] 大橋勇樹,202308011201
6,8,15,スマートケープ,牝3,54.0,幸英明,1:26.3,1.3/4,44.6,7.0,492(0),[西] 辻野泰之,202308011201
7,6,11,ヴィヴラガレット,牝3,54.0,藤岡康太,1:26.9,3.1/2,108.1,10.0,432(+3),[西] 宮徹,202308011201
8,4,7,レインボーウェザー,牝3,53.0,小沢大仁,1:27.1,1.1/4,163.8,13.0,454(+8),[西] 今野貞一,202308011201
9,5,10,キスオンザビーチ,牝3,51.0,西塚洸二,1:27.3,1,64.4,8.0,464(0),[西] 中村直也,202308011201
10,3,5,ブリアンツァ,牝3,54.0,荻野琢真,1:27.6,1.3/4,88.7,9.0,452(0),[西] 今野貞一,202308011201
11,7,14,ローザ,牝3,54.0,菱田裕二,1:27.6,クビ,35.5,6.0,488(-16),[西] 大久保龍,202308011201
12,2,3,ヘアピンシュプール,牝3,54.0,加藤祥太,1:27.7,1/2,154.8,12.0,446(+8),[西] 庄野靖志,202308011201
13,1,1,ティエラサンライズ,牝3,54.0,国分恭介,1:28.4,4,118.6,11.0,450(0),[西] 茶木太樹,202308011201
14,4,8,サウンドレーヴ,牝3,54.0,団野大成,1:28.6,3/4,170.0,15.0,450(-8),[西] 斉藤崇史,202308011201
15,6,12,ヤマニンアルテシマ,牝3,54.0,藤懸貴志,1:28.7,3/4,289.4,16.0,504(0),[西] 長谷川浩,202308011201
16,1,2,キタノカトレア,牝3,54.0,松田大作,1:31.2,大,165.3,14.0,460(+12),[西] 坂口智康,202308011201
1,6,11,イージスバローズ,牡3,56.0,西村淳也,1:54.2,,2.6,1.0,456(-2),[西] 中内田充,202308011202
2,5,9,タイキクラージュ,牡3,56.0,幸英明,1:54.5,1.1/2,4.5,2.0,458(+6),[西] 谷潔,202308011202
3,7,14,ワンボイス,牡3,53.0,田口貫太,1:54.6,1/2,32.3,9.0,472(0),[西] 角田晃一,202308011202
4,7,13,イサイアス,牡3,56.0,団野大成,1:54.8,1.1/2,13.4,6.0,452(+4),[西] 吉村圭司,202308011202
5,1,1,サイモンザナドゥ,牡3,53.0,西塚洸二,1:55.1,1.1/2,11.1,4.0,480(-6),[西] 小林真也,202308011202
6,3,6,アメイジングスター,牡3,56.0,和田竜二,1:55.3,1.1/4,5.0,3.0,454(0),[西] 茶木太樹,202308011202
7,3,5,ライアンバローズ,牡3,56.0,菱田裕二,1:55.9,3.1/2,17.9,7.0,518(-2),[西] 渡辺薫彦,202308011202
8,4,8,ドナスウェット,牝3,54.0,藤岡康太,1:56.3,2.1/2,39.4,10.0,480(+20),[西] 矢作芳人,202308011202
9,2,4,フェローチェ,牡3,56.0,小崎綾也,1:56.3,クビ,51.9,11.0,504(-12),[西] 寺島良,202308011202
10,2,3,マジカルモーション,牡3,56.0,水口優也,1:56.7,2.1/2,12.1,5.0,490(+6),[西] 羽月友彦,202308011202
11,8,15,ロットゥーラ,牡3,56.0,岩田康誠,1:57.8,7,135.4,14.0,454(0),[西] 辻野泰之,202308011202
12,5,10,ブルーアーカイブ,牡3,56.0,秋山真一,1:57.9,3/4,31.9,8.0,508(+4),[西] 藤岡健一,202308011202
13,8,16,ブラックモンスター,牡3,56.0,国分恭介,1:59.4,9,78.1,12.0,516(0),[西] 西園翔太,202308011202
14,4,7,ララファンファーレ,牝3,51.0,鷲頭虎太,1:59.9,3,313.9,16.0,412(+4),[西] 坂口智康,202308011202
15,6,12,ロードディライト,牡3,56.0,長岡禎仁,2:00.7,5,143.7,15.0,504(+4),[西] 杉山晴紀,202308011202
16,1,2,クリソグランシャ,牡3,56.0,鮫島克駿,2:07.9,大,107.9,13.0,518(0),[西] 清水久詞,202308011202
1,7,15,ピピオラ,牝3,54.0,藤岡康太,1:33.6,,18.7,7.0,470(0),[西] 武幸四郎,202308011203
2,4,8,デアデルマーレ,牝3,54.0,団野大成,1:33.8,1.1/4,3.4,1.0,486(+4),[西] 坂口智康,202308011203
3,8,18,ジャスティンボルト,牡3,56.0,西村淳也,1:34.0,1.1/4,6.5,4.0,534(+2),[西] 友道康夫,202308011203
4,1,1,アイサマン,牝3,54.0,藤岡佑介,1:34.1,3/4,11.2,6.0,426(+10),[西] 藤岡健一,202308011203
5,3,6,ハクサンバード,牡3,56.0,鮫島良太,1:34.2,3/4,65.6,11.0,506(0),[西] 飯田雄三,202308011203
6,5,9,アオイコウキ,牡3,56.0,岩田康誠,1:34.3,1/2,6.0,3.0,496(+28),[西] 矢作芳人,202308011203
7,2,3,カースソーサラー,牡3,56.0,鮫島克駿,1:34.6,1.1/2,4.0,2.0,492(-2),[西] 吉岡辰弥,202308011203
8,8,17,スノーファンタジー,牝3,51.0,西塚洸二,1:34.7,3/4,110.3,12.0,448(0),[西] 安田翔伍,202308011203
9,7,14,セルリアンロケット,牡3,56.0,幸英明,1:34.8,クビ,116.1,13.0,456(-6),[西] 庄野靖志,202308011203
10,5,10,エイシンネクタル,牡3,56.0,菱田裕二,1:34.9,1/2,45.2,10.0,458(0),[西] 小崎憲,202308011203
11,3,5,フェネストラ,牝3,51.0,田口貫太,1:35.2,2,36.4,9.0,418(+6),[西] 清水久詞,202308011203
12,7,13,ナムラダニー,牡3,56.0,長岡禎仁,1:35.3,1/2,340.6,18.0,452(-16),[西] 杉山佳明,202308011203
13,2,4,ヤマニンソウェイル,牝3,54.0,田中健,1:35.4,1,308.4,17.0,428(0),[西] 松下武士,202308011203
14,8,16,ローズジャスティス,牡3,56.0,酒井学,1:35.5,クビ,235.3,15.0,470(+2),[西] 石橋守,202308011203
15,6,11,アラメダ,牝3,54.0,荻野極,1:35.6,1,9.0,5.0,436(0),[西] 池江泰寿,202308011203
16,6,12,スウィートガール,牝3,54.0,松若風馬,1:35.8,3/4,30.8,8.0,442(+18),[西] 上村洋行,202308011203
17,1,2,シゲルビクトリウム,牡3,56.0,秋山真一,1:37.3,9,293.8,16.0,496(-12),[西] 森田直行,202308011203
18,4,7,ディーエスエンスー,牡3,55.0,小沢大仁,1:37.3,クビ,169.5,14.0,466(+6),[西] 岡田稲男,202308011203
1,7,7,エコロデュエル,牡4,59.0,草野太郎,3:14.5,,10.1,4.0,464(+2),[東] 岩戸孝樹,202308011204
2,3,3,グランシャーク,牡4,59.0,五十嵐雄,3:16.7,大,4.0,2.0,506(0),[東] 田島俊明,202308011204
3,8,8,ワイドレッジャドロ,牡6,60.0,小野寺祐,3:18.3,10,28.5,6.0,526(+8),[西] 加用正,202308011204
4,5,5,イメル,牡7,60.0,平沢健治,3:18.8,3,7.7,3.0,486(0),[西] 音無秀孝,202308011204
5,1,1,キフジンノドレス,牝5,58.0,上野翔,3:23.3,大,33.5,7.0,498(+6),[東] 小島茂之,202308011204
6,6,6,ラッセルリー,牝5,58.0,北沢伸也,3:26.5,大,127.8,9.0,448(+2),[西] 鮫島一歩,202308011204
7,4,4,クリノキララ,牝5,58.0,田村太雅,3:26.9,2.1/2,124.6,8.0,460(0),[西] 畑端省吾,202308011204
中,2,2,アメイジングタイム,牡5,60.0,森一馬,,,16.1,5.0,454(+12),[西] 田中克典,202308011204
中,8,9,アルジャンナ,セ6,60.0,小坂忠士,,,1.5,1.0,458(0),[西] 奥村豊,202308011204
1,4,7,モズロックンロール,牡3,55.0,角田大和,2:00.3,,2.4,1.0,514(-2),[西] 藤岡健一,202308011205
2,2,4,ジュンフカリ,牡3,56.0,西村淳也,2:00.5,1.1/4,7.3,3.0,444(+8),[西] 友道康夫,202308011205
3,1,2,ルナビス,牝3,54.0,幸英明,2:00.7,1.1/4,2.8,2.0,458(-2),[西] 森田直行,202308011205
4,5,10,ダイシンベスパ,牝3,54.0,森裕太朗,2:01.2,3,40.9,8.0,376(0),[西] 吉田直弘,202308011205
5,8,16,コステロアスール,牡3,56.0,菱田裕二,2:01.6,2.1/2,27.4,7.0,448(+4),[西] 鈴木孝志,202308011205
6,8,17,ミマンキ,牡3,56.0,岩田康誠,2:02.1,3,42.7,9.0,506(-4),[西] 大久保龍,202308011205
7,3,6,ジュジュジューン,牝3,53.0,小沢大仁,2:02.2,1/2,112.3,12.0,434(-12),[西] 今野貞一,202308011205
8,3,5,ビューティーコスモ,牝3,54.0,松田大作,2:02.5,1.1/2,107.8,11.0,412(+2),[西] 武英智,202308011205
9,5,9,ショウナンハルカゼ,牝3,51.0,田口貫太,2:02.5,アタマ,14.0,4.0,476(0),[西] 清水久詞,202308011205
10,4,8,ミッキーショック,牡3,56.0,太宰啓介,2:02.6,3/4,162.1,14.0,454(+4),[西] 高橋亮,202308011205
11,6,11,クリスタルゴールド,牡3,56.0,藤懸貴志,2:02.8,1,131.2,13.0,486(+6),[西] 高橋義忠,202308011205
12,8,15,ゴッドスピードレオ,牡3,56.0,和田竜二,2:03.5,4,14.2,6.0,492(0),[西] 宮本博,202308011205
13,7,14,メイケイアラジン,牝3,54.0,富田暁,2:03.8,1.3/4,99.0,10.0,472(+14),[西] 武英智,202308011205
14,1,1,クリノキスミント,牝3,54.0,酒井学,2:04.2,2.1/2,348.2,17.0,422(-4),[西] 高橋康之,202308011205
15,2,3,ボールドロイ,牡3,53.0,川端海翼,2:04.3,3/4,260.1,15.0,462(0),[西] 羽月友彦,202308011205
16,7,13,レイジングウェイブ,牡3,56.0,鮫島克駿,2:04.3,クビ,14.1,5.0,482(+8),[西] 牧田和弥,202308011205
17,6,12,ノートエリア,牡3,56.0,小崎綾也,2:04.4,クビ,299.9,16.0,496(-4),[西] 中村直也,202308011205
1,7,7,ケンハービンジャー,牡5,57.0,泉谷楓真,2:28.8,,2.4,2.0,442(+2),[西] 本田優,202308011206
2,2,2,ゼンノインヴォーク,牡4,58.0,富田暁,2:28.8,クビ,2.3,1.0,450(+2),[西] 四位洋文,202308011206
3,8,8,セルケト,牝4,56.0,幸英明,2:28.9,3/4,4.9,3.0,488(-8),[西] 斉藤崇史,202308011206
4,4,4,プルサティーラ,牝4,56.0,団野大成,2:29.0,アタマ,13.1,4.0,442(+2),[西] 斉藤崇史,202308011206
5,3,3,クロスザルビコン,牡6,57.0,角田大和,2:29.1,1,15.8,5.0,454(-4),[東] 大和田成,202308011206
6,5,5,ブロンドケリー,牡4,55.0,田口貫太,2:29.1,クビ,71.4,8.0,442(+2),[西] 藤沢則雄,202308011206
7,6,6,タイクーン,牡4,57.0,小沢大仁,2:29.5,2.1/2,50.4,7.0,520(+8),[西] 本田優,202308011206
8,1,1,プリマヴィータ,牝4,56.0,城戸義政,2:29.8,1.1/2,36.1,6.0,424(-6),[西] 服部利之,202308011206
1,2,2,クレメダンジュ,牝3,54.0,和田竜二,1:53.5,,10.8,5.0,452(-2),[西] 鈴木孝志,202308011207
2,5,9,メイショウモズ,牡3,56.0,幸英明,1:53.5,ハナ,3.8,1.0,498(0),[西] 松永昌博,202308011207
3,3,5,タカサンフェイス,牡3,56.0,菱田裕二,1:53.9,2.1/2,5.8,2.0,474(0),[西] 森田直行,202308011207
4,5,8,アマートカヴァロ,牡3,56.0,富田暁,1:54.0,3/4,25.2,11.0,476(0),[西] 笹田和秀,202308011207
5,8,15,アルムエアフォルク,牝3,54.0,藤懸貴志,1:54.2,1.1/4,12.0,6.0,452(-2),[西] 平田修,202308011207
6,8,14,ダンテバローズ,牡3,56.0,松若風馬,1:54.4,1,18.6,8.0,504(-2),[西] 上村洋行,202308011207
7,6,10,ムーンスカイ,牡3,56.0,小崎綾也,1:54.4,ハナ,46.6,12.0,438(0),[西] 牧田和弥,202308011207
8,4,7,マコトヴィクラント,牡3,56.0,鮫島克駿,1:54.7,2,57.4,14.0,466(+4),[西] 鮫島一歩,202308011207
9,7,12,スカーズ,牡3,56.0,藤岡康太,1:55.9,7,5.9,3.0,492(+6),[西] 武幸四郎,202308011207
10,1,1,シゲルショウグン,牡3,53.0,田口貫太,1:56.0,クビ,6.0,4.0,498(+6),[西] 大橋勇樹,202308011207
11,4,6,ベファーナ,牝3,54.0,国分恭介,1:56.0,クビ,24.4,10.0,486(-6),[西] 松下武士,202308011207
12,7,13,ナウズザタイム,牝3,54.0,斎藤新,1:56.3,1.3/4,55.5,13.0,468(0),[西] 安田隆行,202308011207
13,6,11,ボルネオ,セ3,56.0,水口優也,1:57.5,7,23.3,9.0,482(-2),[西] 藤沢則雄,202308011207
14,2,3,モズスナイパー,牡3,56.0,中井裕二,2:00.0,大,183.1,15.0,496(-4),[西] 村山明,202308011207
中,3,4,レッジェンダペスカ,牡3,55.0,角田大和,,,13.5,7.0,476(-6),[西] 角田晃一,202308011207
1,1,1,カフジエニアゴン,牝4,56.0,富田暁,1:12.1,,2.0,1.0,502(+2),[西] 木原一良,202308011208
2,7,13,デルマカンノン,牝5,55.0,小沢大仁,1:12.5,2.1/2,88.5,13.0,450(+6),[西] 緒方努,202308011208
3,8,16,スカイナイル,牝5,56.0,岩田康誠,1:12.6,クビ,33.5,7.0,496(0),[西] 牧浦充徳,202308011208
4,4,7,サウンドサンビーム,牡6,58.0,西村淳也,1:12.9,1.3/4,9.1,5.0,484(-4),[西] 安達昭夫,202308011208
5,5,9,ティントリップ,牝4,56.0,幸英明,1:13.0,1/2,8.2,4.0,478(-4),[東] 上原佑紀,202308011208
6,3,6,ダルダヌス,牡4,58.0,鮫島克駿,1:13.0,クビ,5.2,2.0,548(+2),[東] 尾関知人,202308011208
7,6,11,ロープスピニング,牝4,53.0,西塚洸二,1:13.1,3/4,159.9,14.0,434(-8),[東] 武藤善則,202308011208
8,7,14,タカラマドンナ,牝4,56.0,川又賢治,1:13.1,ハナ,42.3,9.0,452(+6),[西] 杉山佳明,202308011208
9,2,3,ファーストリッキー,セ4,58.0,中井裕二,1:13.3,1.1/4,161.4,15.0,480(-8),[西] 村山明,202308011208
10,8,15,カラパタール,牝5,56.0,和田竜二,1:13.4,クビ,7.2,3.0,440(-4),[東] 池上昌和,202308011208
11,5,10,ヒロノゴウカイ,牡4,58.0,荻野極,1:13.4,ハナ,40.3,8.0,496(0),[東] 蛯名利弘,202308011208
12,4,8,コーリングローリー,牡6,58.0,古川吉洋,1:13.9,3,177.6,16.0,460(-4),[東] 小野次郎,202308011208
13,1,2,メイショウヒヅクリ,牝4,56.0,秋山真一,1:13.9,クビ,20.0,6.0,464(-14),[西] 角田晃一,202308011208
14,2,4,ジューンヨシツネ,牡4,57.0,松本大輝,1:14.6,4,76.9,11.0,470(+2),[西] 松下武士,202308011208
15,3,5,ポメラート,牝4,56.0,酒井学,1:14.8,1,43.1,10.0,488(+14),[西] 茶木太樹,202308011208
16,6,12,ウェーブメジャー,牡5,58.0,国分恭介,1:15.5,4,87.1,12.0,472(-14),[西] 中尾秀正,202308011208
1,7,13,ワセダハーツ,牡5,58.0,松若風馬,2:00.2,,6.7,5.0,436(-2),[西] 橋口慎介,202308011209
2,5,9,シュガーコルト,セ4,58.0,幸英明,2:00.5,1.3/4,54.8,9.0,494(-4),[西] 寺島良,202308011209
3,8,15,インテンスフレイム,牡5,58.0,藤岡康太,2:00.6,1/2,4.6,2.0,528(+6),[西] 千田輝彦,202308011209
4,6,11,キタノセレナード,牡4,58.0,団野大成,2:00.6,クビ,4.8,3.0,442(+2),[西] 坂口智康,202308011209
5,3,5,グーデンドラーク,牡4,58.0,西村淳也,2:00.8,1.1/4,3.3,1.0,512(0),[西] 池添学,202308011209
6,7,14,サイモンメガライズ,牡5,58.0,酒井学,2:00.9,1/2,68.5,11.0,508(+6),[西] 小林真也,202308011209
7,8,16,ハイラブハンター,牡5,58.0,和田翼,2:01.5,4,160.5,15.0,492(-2),[西] 谷潔,202308011209
8,1,1,ファイヴレター,牡6,58.0,黛弘人,2:01.7,1.1/4,165.1,16.0,468(-4),[東] 佐藤吉勝,202308011209
9,6,12,レディベル,牝4,56.0,和田竜二,2:01.9,1.1/4,22.5,7.0,522(+10),[西] 矢作芳人,202308011209
10,3,6,レイクリエイター,牡5,58.0,藤岡佑介,2:02.0,アタマ,52.1,8.0,482(0),[西] 浜田多実,202308011209
11,2,3,ルーパステソーロ,牡5,58.0,中井裕二,2:02.2,1.1/4,76.5,12.0,544(0),[東] 加藤士津,202308011209
12,1,2,レイメイ,牡4,58.0,泉谷楓真,2:02.3,1,55.8,10.0,486(+4),[東] 的場均,202308011209
13,5,10,ニャンチンノン,牡4,58.0,角田大和,2:02.6,1.3/4,148.2,14.0,458(-1),[西] 中竹和也,202308011209
14,4,7,カズロレアート,牡5,58.0,藤懸貴志,2:02.9,1.3/4,15.4,6.0,488(+10),[西] 安田隆行,202308011209
15,4,8,フォルツァンド,牡5,58.0,菱田裕二,2:03.2,1.3/4,104.4,13.0,518(0),[西] 高橋亮,202308011209
16,2,4,ヴォルゴグラード,牡4,58.0,鮫島克駿,2:03.4,1,6.1,4.0,512(0),[西] 牧田和弥,202308011209
1,6,12,ママコチャ,牝4,54.0,鮫島克駿,1:19.0,,3.1,1.0,484(0),[西] 池江泰寿,202308011210
2,7,15,ビーアストニッシド,牡4,57.0,岩田康誠,1:19.5,3,3.8,2.0,486(+6),[西] 飯田雄三,202308011210
3,4,7,ビューティフルデイ,牝5,53.0,藤岡佑介,1:19.6,1/2,15.0,7.0,456(+2),[東] 国枝栄,202308011210
4,7,13,テンハッピーローズ,牝5,54.0,藤岡康太,1:19.6,アタマ,14.8,6.0,458(+8),[西] 高柳大輔,202308011210
5,8,16,ミッキーブリランテ,牡7,57.5,和田竜二,1:19.8,1.1/4,21.4,8.0,470(-4),[西] 矢作芳人,202308011210
6,3,6,モントライゼ,牡5,56.0,西村淳也,1:20.0,1,22.8,9.0,516(0),[西] 松永幹夫,202308011210
7,5,10,ルプリュフォール,セ7,57.0,秋山真一,1:20.1,1,9.0,4.0,502(+6),[西] 松永幹夫,202308011210
8,3,5,サンライズオネスト,牡6,57.0,菱田裕二,1:20.2,クビ,8.5,3.0,476(-4),[西] 河内洋,202308011210
9,4,8,プルパレイ,セ4,56.0,酒井学,1:20.2,クビ,34.6,11.0,496(+4),[西] 須貝尚介,202308011210
10,5,9,サトノラムセス,牡5,55.0,松若風馬,1:20.3,1/2,13.0,5.0,482(+2),[西] 橋口慎介,202308011210
11,1,2,メイショウオーパス,牡8,55.0,富田暁,1:20.4,3/4,98.4,15.0,510(-18),[西] 飯田祐史,202308011210
12,1,1,リプレーザ,牡5,55.0,幸英明,1:20.4,ハナ,119.5,17.0,496(0),[西] 大根田裕,202308011210
13,6,11,レッドベルオーブ,牡5,57.5,松田大作,1:20.5,クビ,32.9,10.0,488(+6),[西] 藤原英昭,202308011210
14,7,14,アルピニズム,牡6,54.0,斎藤新,1:20.7,1.1/4,246.9,18.0,476(-8),[東] 金成貴史,202308011210
15,8,17,ザイツィンガー,牡7,54.0,国分恭介,1:20.7,アタマ,43.1,12.0,438(+2),[西] 牧田和弥,202308011210
16,2,3,コムストックロード,牝4,54.0,泉谷楓真,1:20.8,クビ,75.4,14.0,444(-4),[東] 中野栄治,202308011210
17,2,4,グルーヴィット,牡7,58.5,団野大成,1:21.0,1,59.9,13.0,504(-2),[西] 松永幹夫,202308011210
18,8,18,カリボール,牡7,55.0,小崎綾也,1:21.2,1.1/2,102.2,16.0,490(-4),[西] 西村真幸,202308011210
1,8,8,バルサムノート,牡3,56.0,西村淳也,1:46.0,,3.6,3.0,494(+4),[西] 高野友和,202308011211
2,7,7,アイスグリーン,牡3,56.0,幸英明,1:46.0,クビ,7.9,4.0,474(-6),[西] 池添学,202308011211
3,1,1,セオ,牡3,56.0,松若風馬,1:46.2,1.1/4,3.4,2.0,466(-8),[西] 上村洋行,202308011211
4,2,2,ワイドアラジン,牡3,56.0,団野大成,1:46.4,1,19.8,6.0,474(-12),[西] 奥村豊,202308011211
5,6,6,ワンダイレクト,牡3,56.0,藤岡佑介,1:46.4,ハナ,2.4,1.0,442(+6),[西] 藤岡健一,202308011211
6,5,5,スズカハービン,牡3,56.0,鮫島克駿,1:46.5,1,17.4,5.0,448(-12),[西] 高橋義忠,202308011211
7,3,3,ウインスノーライト,牡3,56.0,長岡禎仁,1:46.7,1,38.0,7.0,480(0),[西] 杉山晴紀,202308011211
8,4,4,メモリーズオブユー,牡3,56.0,富田暁,1:48.1,8,57.0,8.0,510(-4),[西] 高橋義忠,202308011211
1,5,8,ホウオウノーサイド,牡4,58.0,斎藤新,1:20.8,,9.1,5.0,482(0),[東] 斎藤誠,202308011212
2,7,12,ルージュラテール,牝4,56.0,西村淳也,1:20.9,1/2,5.7,2.0,484(-4),[西] 矢作芳人,202308011212
3,2,2,チュウワノキセキ,セ6,58.0,和田竜二,1:21.0,クビ,14.0,8.0,474(-2),[西] 大久保龍,202308011212
4,1,1,トーホウディアス,牡5,58.0,秋山真一,1:21.0,アタマ,12.7,7.0,454(+6),[西] 小栗実,202308011212
5,8,14,シナモンスティック,牝4,56.0,川須栄彦,1:21.0,ハナ,26.4,10.0,466(-2),[東] 宗像義忠,202308011212
6,3,4,アネゴハダ,牝4,56.0,幸英明,1:21.0,クビ,3.3,1.0,454(+10),[西] 佐々木晶,202308011212
7,4,6,コスモエスパーダ,牡7,58.0,角田大和,1:21.1,クビ,71.9,12.0,498(+2),[東] 天間昭一,202308011212
8,8,13,トオヤリトセイト,牡7,58.0,松若風馬,1:21.2,1/2,12.3,6.0,484(-4),[西] 松下武士,202308011212
9,6,9,アステロイドベルト,セ6,58.0,荻野極,1:21.2,アタマ,41.1,11.0,490(-2),[西] 池江泰寿,202308011212
10,6,10,セリシア,牝5,56.0,鮫島克駿,1:21.2,ハナ,7.9,4.0,476(+4),[西] 中竹和也,202308011212
11,7,11,メイショウドウドウ,牡8,58.0,団野大成,1:21.2,アタマ,6.5,3.0,492(-2),[西] 荒川義之,202308011212
12,3,3,グランレイ,牡6,58.0,藤懸貴志,1:22.0,5,15.9,9.0,484(+12),[西] 池添学,202308011212
13,4,5,テイエムイダテン,牡6,58.0,酒井学,1:22.0,クビ,106.7,13.0,474(-10),[西] 飯田雄三,202308011212
14,5,7,モズマゾク,牡5,58.0,国分優作,1:22.6,3.1/2,141.4,14.0,490(-4),[西] 杉山佳明,202308011212
1,8,12,モズナイスバディー,牡2,55.0,角田大和,1:26.1,,13.7,6.0,484(-4),[西] 飯田祐史,202308020101
2,4,4,ヒルノドゴール,牡2,56.0,亀田温心,1:26.2,1/2,9.1,4.0,502(+8),[西] 北出成人,202308020101
3,2,2,ガラシュ,牡2,56.0,和田竜二,1:26.2,ハナ,39.6,8.0,510(0),[西] 高橋康之,202308020101
4,5,6,ウィルソンウェイ,牡2,56.0,団野大成,1:26.5,1.3/4,6.1,2.0,464(+10),[西] 斉藤崇史,202308020101
5,8,13,ポンピエ,牡2,53.0,田口貫太,1:26.7,1.1/2,2.0,1.0,454(+6),[西] 西園正都,202308020101
6,1,1,カズトシクン,牡2,56.0,池添謙一,1:26.9,1.1/4,17.1,7.0,486(-6),[西] 渡辺薫彦,202308020101
7,7,10,ノリピー,牝2,55.0,国分恭介,1:27.1,1,64.6,12.0,450(+8),[西] 西園翔太,202308020101
8,5,7,エスオーライジング,牡2,56.0,富田暁,1:27.8,4,195.1,13.0,470(+2),[西] 木原一良,202308020101
9,7,11,サンピアノソナタ,牝2,52.0,永島まな,1:28.6,5,51.0,9.0,450(-6),[西] 佐々木晶,202308020101
10,6,9,メイショウマサユメ,牝2,55.0,武豊,1:29.3,4,7.9,3.0,456(0),[西] 角田晃一,202308020101
11,6,8,ダンツハマー,牝2,55.0,幸英明,1:29.8,3,56.9,10.0,476(0),[西] 谷潔,202308020101
12,3,3,ルージュシュエット,牝2,55.0,坂井瑠星,1:29.8,クビ,57.8,11.0,446(-8),[西] 矢作芳人,202308020101
13,4,5,エイシンロッキー,牡2,56.0,荻野琢真,1:30.3,3,12.7,5.0,488(+2),[西] 大久保龍,202308020101
1,8,15,オペラプラージュ,牡2,56.0,西村淳也,1:53.7,,3.2,1.0,492(0),[西] 新谷功一,202308020102
2,7,13,ブルーサン,牡2,56.0,富田暁,1:54.0,2,22.2,7.0,506(+12),[西] 川村禎彦,202308020102
3,2,4,パフ,牡2,56.0,幸英明,1:55.2,7,17.9,6.0,466(0),[西] 橋口慎介,202308020102
4,7,14,クレスコサンダー,牡2,56.0,岩田望来,1:55.3,1/2,8.6,5.0,482(+6),[西] 緒方努,202308020102
5,6,12,カズタンジャー,牡2,53.0,西塚洸二,1:55.3,クビ,57.4,10.0,488(+8),[西] 新谷功一,202308020102
6,3,5,サンライズガッツ,牡2,56.0,Ｍ．デム,1:55.8,3,3.4,2.0,482(-6),[西] 安田翔伍,202308020102
7,1,2,ドゥマイシング,牡2,56.0,坂井瑠星,1:56.4,3.1/2,7.2,3.0,486(-2),[西] 矢作芳人,202308020102
8,5,10,ナムラルッコラ,牝2,52.0,田口貫太,1:57.1,4,48.6,9.0,476(0),[西] 大橋勇樹,202308020102
9,5,9,ハヤブサソンタクン,牡2,56.0,藤懸貴志,1:57.7,3.1/2,23.6,8.0,454(0),[西] 寺島良,202308020102
10,6,11,サウンドノバ,牡2,56.0,吉田隼人,1:57.7,アタマ,7.5,4.0,468(+4),[西] 安達昭夫,202308020102
11,4,8,クリノブルームーン,牡2,56.0,国分恭介,1:57.9,1.1/2,393.1,14.0,474(+4),[西] 川村禎彦,202308020102
12,2,3,プリンスジョイ,牡2,56.0,和田竜二,1:57.9,アタマ,301.9,13.0,496(-2),[西] 浜田多実,202308020102
13,4,7,ハチャトリアン,牡2,55.0,小沢大仁,1:58.4,2.1/2,452.0,16.0,460(+6),[西] 奥村豊,202308020102
14,1,1,ヤシマ,牡2,53.0,川端海翼,1:58.5,3/4,396.4,15.0,498(0),[西] 加用正,202308020102
15,3,6,コーントップス,牝2,55.0,松若風馬,1:58.8,1.3/4,173.7,11.0,426(+2),[西] 音無秀孝,202308020102
16,8,16,ケンタッキーダンス,牝2,52.0,鷲頭虎太,2:00.3,9,201.3,12.0,410(+6),[西] 羽月友彦,202308020102
1,2,2,エルフストラック,牝2,55.0,岩田望来,2:02.3,,2.2,1.0,462(-4),[西] 中村直也,202308020103
2,3,3,ヘザルフェン,牡2,56.0,横山典弘,2:02.3,クビ,3.1,2.0,494(0),[西] 昆貢,202308020103
3,1,1,ショウナンハウル,牡2,56.0,西村淳也,2:02.5,3/4,3.9,3.0,500(+4),[西] 松下武士,202308020103
4,4,4,モスコビウム,牡2,56.0,和田竜二,2:02.8,2,65.6,6.0,434(0),[西] 浜田多実,202308020103
5,6,6,チョウゲンキ,牡2,56.0,松若風馬,2:03.2,2.1/2,25.6,5.0,432(+2),[西] 羽月友彦,202308020103
6,5,5,アマゾネス,牝2,55.0,幸英明,2:03.7,3,7.9,4.0,444(-4),[西] 渡辺薫彦,202308020103
1,8,10,ファジュル,セ4,60.0,小野寺祐,3:20.6,,2.4,1.0,454(-6),[西] 藤沢則雄,202308020104
2,2,2,ブリエヴェール,牡5,60.0,石神深一,3:21.9,8,5.0,2.0,446(-8),[東] 小笠倫弘,202308020104
3,7,8,アズマサクラエモン,牡3,58.0,難波剛健,3:22.4,3,42.8,8.0,506(-4),[西] 加用正,202308020104
4,5,5,クリノクオン,牡3,58.0,上野翔,3:22.7,2,42.9,9.0,452(0),[東] 伊藤伸一,202308020104
5,6,6,スペキュレーター,牡4,60.0,草野太郎,3:23.2,3,22.4,7.0,484(0),[東] 伊藤伸一,202308020104
6,7,9,クリノキララ,牝5,58.0,田村太雅,3:27.1,大,63.5,10.0,466(+10),[西] 畑端省吾,202308020104
7,8,11,ダノンクロム,牡3,58.0,小牧加矢,3:27.5,2.1/2,7.0,4.0,512(+6),[西] 音無秀孝,202308020104
8,4,4,ミキノプリンス,牡4,60.0,中村将之,3:28.3,5,8.3,6.0,496(+4),[西] 大橋勇樹,202308020104
9,6,7,キールロワイヤル,牡3,58.0,森一馬,3:28.4,3/4,6.8,3.0,478(+6),[西] 斉藤崇史,202308020104
10,1,1,テイエムフォンテ,牡4,60.0,黒岩悠,3:30.2,大,8.1,5.0,510(+16),[西] 飯田雄三,202308020104
除,3,3,ビネッサ,牡3,58.0,平沢健治,,,---,,458(+2),[西] 中竹和也,202308020104
1,4,7,プシプシーナ,牝2,52.0,永島まな,1:35.0,,7.9,4.0,410(0),[西] 小栗実,202308020105
2,8,18,シルヴァリームーン,牝2,55.0,武豊,1:35.1,3/4,3.7,1.0,514(0),[西] 渡辺薫彦,202308020105
3,5,9,イフェイオン,牝2,55.0,西村淳也,1:35.2,アタマ,12.7,6.0,482(0),[西] 杉山佳明,202308020105
4,1,2,コネッシオーネ,牝2,55.0,鮫島克駿,1:35.2,1/2,11.4,5.0,456(0),[西] 杉山晴紀,202308020105
5,3,6,インフルブルーム,牝2,55.0,坂井瑠星,1:35.3,クビ,26.3,9.0,440(0),[西] 矢作芳人,202308020105
6,8,17,フローラルセント,牝2,55.0,藤岡康太,1:35.4,1/2,88.1,15.0,458(0),[西] 松下武士,202308020105
7,1,1,ダークファンタジー,牝2,55.0,岩田望来,1:35.5,1/2,7.2,3.0,402(0),[西] 須貝尚介,202308020105
8,7,14,アンクローシュ,牝2,55.0,Ｍ．デム,1:35.6,1/2,22.8,8.0,408(0),[西] 安田翔伍,202308020105
9,4,8,ドーヴィル,牝2,55.0,松田大作,1:35.6,クビ,16.2,7.0,450(0),[西] 武英智,202308020105
10,2,4,ジョセフィーナ,牝2,55.0,松若風馬,1:35.7,1/2,35.3,12.0,410(0),[西] 今野貞一,202308020105
11,3,5,レドンホール,牝2,55.0,団野大成,1:35.9,1.1/4,32.7,11.0,456(0),[西] 斉藤崇史,202308020105
12,6,12,ノビル,牝2,55.0,和田竜二,1:36.1,1,78.5,14.0,446(0),[西] 鈴木孝志,202308020105
13,6,11,ルージュプレジール,牝2,55.0,浜中俊,1:36.6,3,5.3,2.0,458(0),[西] 田中克典,202308020105
14,7,13,カリナンラホーヤ,牝2,54.0,小沢大仁,1:37.2,3.1/2,128.5,17.0,430(0),[西] 松永昌博,202308020105
15,5,10,リオサラ,牝2,55.0,幸英明,1:37.3,クビ,26.7,10.0,472(0),[西] 牧浦充徳,202308020105
16,8,16,スマートヌーメン,牝2,55.0,富田暁,1:37.3,ハナ,77.1,13.0,466(0),[西] 石坂公一,202308020105
17,2,3,トウメイヨリキレイ,牝2,55.0,国分恭介,1:37.3,クビ,211.0,18.0,400(0),[西] 川村禎彦,202308020105
18,7,15,チアフルヴォイス,牝2,55.0,吉田隼人,1:37.6,1.3/4,123.7,16.0,456(0),[西] 坂口智康,202308020105
1,7,14,バスタードサフラン,牝2,55.0,藤岡康太,1:55.6,,16.0,6.0,464(0),[西] 渡辺薫彦,202308020106
2,4,8,ベルウェザー,牡2,56.0,武豊,1:55.7,1,2.0,1.0,488(0),[西] 茶木太樹,202308020106
3,8,15,ツリーフロッグ,牡2,56.0,国分優作,1:55.8,1/2,69.9,11.0,490(0),[西] 辻野泰之,202308020106
4,5,9,ペイシャコパ,牝2,55.0,吉田隼人,1:56.0,1,30.4,9.0,474(0),[西] 坂口智康,202308020106
5,4,7,リンゴ,牡2,56.0,幸英明,1:56.8,5,13.0,4.0,524(0),[西] 梅田智之,202308020106
6,3,6,ホワイトリバー,牡2,56.0,松田大作,1:58.0,7,114.2,15.0,450(0),[西] 武英智,202308020106
7,6,12,デルマプルシャ,牡2,56.0,松若風馬,1:58.2,1.1/4,24.9,8.0,474(0),[西] 宮本博,202308020106
8,1,1,ドナアフロディテ,牝2,55.0,鮫島克駿,1:58.3,アタマ,6.2,2.0,464(0),[西] 庄野靖志,202308020106
9,2,4,クリノアチーバー,牡2,56.0,富田暁,1:58.4,1/2,97.5,13.0,478(0),[西] 高橋義忠,202308020106
10,2,3,ビップライアン,牡2,56.0,古川吉洋,1:59.2,5,15.0,5.0,496(0),[西] 松下武士,202308020106
11,1,2,ベストオブキング,牡2,56.0,水口優也,1:59.7,3.1/2,190.5,16.0,480(0),[西] 藤沢則雄,202308020106
12,8,16,タイセイファルクス,牡2,56.0,川須栄彦,2:00.8,7,41.1,10.0,498(0),[西] 小林真也,202308020106
13,7,13,エイシンローテイト,牡2,53.0,永島まな,2:01.5,4,112.9,14.0,500(0),[西] 高橋康之,202308020106
14,5,10,ヒロイックバイオ,牡2,55.0,角田大河,2:01.9,2.1/2,22.9,7.0,504(0),[西] 今野貞一,202308020106
15,3,5,アドーネ,牡2,56.0,和田竜二,2:02.0,1/2,6.9,3.0,458(0),[西] 鈴木孝志,202308020106
16,6,11,ザハーフェル,牝2,51.0,河原田菜,2:04.6,大,80.8,12.0,464(0),[西] 宮本博,202308020106
1,8,15,カセノミオ,牝3,51.0,田口貫太,1:24.9,,4.8,2.0,528(+14),[西] 中尾秀正,202308020107
2,7,14,ルショコラ,牝4,56.0,和田竜二,1:25.4,2.1/2,16.9,8.0,484(+4),[西] 吉田直弘,202308020107
3,8,16,ライズンシャイン,牝5,56.0,国分優作,1:25.4,クビ,122.3,15.0,506(-2),[西] 岡田稲男,202308020107
4,2,3,ローズバルサム,牝3,54.0,坂井瑠星,1:25.5,1/2,2.6,1.0,440(-2),[西] 吉村圭司,202308020107
5,1,2,オースミリン,牝4,56.0,団野大成,1:25.7,1.1/4,15.5,7.0,464(-4),[西] 荒川義之,202308020107
6,4,8,ファイアネイド,牝3,54.0,横山典弘,1:25.7,クビ,4.8,3.0,470(0),[西] 安田翔伍,202308020107
7,2,4,ルクスレガート,牝4,53.0,永島まな,1:25.9,3/4,23.6,9.0,446(+2),[西] 松永昌博,202308020107
8,6,12,ゴットゴーゴー,牝5,56.0,富田暁,1:25.9,ハナ,64.8,12.0,484(+6),[西] 木原一良,202308020107
9,3,5,スナークメモリー,牝3,54.0,国分恭介,1:26.0,1/2,44.0,10.0,434(0),[西] 川村禎彦,202308020107
10,7,13,メイショウナナクサ,牝3,54.0,鮫島克駿,1:26.1,3/4,14.8,5.0,430(+6),[西] 笹田和秀,202308020107
11,6,11,マリブパイン,牝4,53.0,鷲頭虎太,1:26.5,2.1/2,99.2,13.0,518(+32),[西] 大根田裕,202308020107
12,5,9,サイモンオリーブ,牝3,54.0,幸英明,1:26.7,1.1/2,14.4,4.0,460(+4),[西] 梅田智之,202308020107
13,1,1,レインボーウェザー,牝3,51.0,今村聖奈,1:26.9,1.1/4,110.5,14.0,462(-2),[西] 今野貞一,202308020107
14,4,7,エトワールジェンヌ,牝4,56.0,岩田康誠,1:27.1,1,50.8,11.0,516(+4),[西] 清水久詞,202308020107
15,5,10,ヴァレンシアスノー,牝3,51.0,川端海翼,1:27.2,3/4,205.6,16.0,438(-2),[西] 宮本博,202308020107
16,3,6,ラリベラ,牝4,52.0,河原田菜,1:28.1,5,15.5,6.0,476(+4),[西] 安田隆行,202308020107
1,2,2,シュタールヴィント,牡3,56.0,坂井瑠星,1:47.0,,2.4,1.0,440(-2),[西] 矢作芳人,202308020108
2,1,1,アレンテージョ,牡3,56.0,西村淳也,1:47.0,1/2,9.0,5.0,474(+12),[西] 坂口智康,202308020108
3,4,4,ルソルティール,牝3,54.0,鮫島克駿,1:47.1,1/2,18.1,7.0,442(+8),[西] 清水久詞,202308020108
4,7,9,ゴートゥファースト,牡3,55.0,角田大河,1:47.2,1/2,13.8,6.0,490(+4),[西] 新谷功一,202308020108
5,6,7,コートパルフェ,牝4,55.0,小沢大仁,1:47.3,1/2,144.4,10.0,452(0),[西] 緒方努,202308020108
6,7,8,レオンバローズ,牡4,58.0,岩田望来,1:47.3,ハナ,3.7,2.0,474(+2),[西] 渡辺薫彦,202308020108
7,3,3,ベルシャンブル,牝3,54.0,藤岡佑介,1:47.3,クビ,6.8,3.0,460(0),[西] 中内田充,202308020108
8,6,6,トラストエムシー,牡3,53.0,田口貫太,1:47.3,ハナ,39.1,8.0,436(+4),[西] 北出成人,202308020108
9,5,5,スイープアワーズ,牡3,56.0,池添謙一,1:47.6,1.3/4,7.1,4.0,444(+10),[西] 友道康夫,202308020108
10,8,11,ファムスパーブ,牝4,56.0,斎藤新,1:48.1,3,220.8,11.0,454(0),[西] 小林真也,202308020108
11,8,10,メイショウヒメゴゼ,牝4,53.0,今村聖奈,1:48.3,1.1/2,87.6,9.0,468(-6),[西] 飯田祐史,202308020108
1,5,5,トゥードジボン,牡4,58.0,藤岡佑介,1:34.0,,5.2,3.0,488(+8),[西] 四位洋文,202308020109
2,7,9,ディオ,牡4,58.0,岩田望来,1:34.2,1.1/4,5.3,4.0,500(+8),[西] 辻野泰之,202308020109
3,2,2,エアミアーニ,セ5,58.0,西村淳也,1:34.2,アタマ,44.5,10.0,446(+14),[西] 笹田和秀,202308020109
4,4,4,ラケマーダ,牡3,56.0,Ｍ．デム,1:34.3,アタマ,3.7,1.0,502(+6),[西] 千田輝彦,202308020109
5,6,6,アイオブザストーム,牝3,54.0,団野大成,1:34.3,ハナ,20.0,8.0,472(+4),[西] 岡田稲男,202308020109
6,1,1,ムーンリットナイト,牡4,58.0,吉田隼人,1:34.4,3/4,40.0,9.0,494(-4),[西] 加用正,202308020109
7,6,7,ラファドゥラ,牝3,54.0,角田大河,1:34.6,1.1/4,6.8,5.0,480(+2),[東] 小島茂之,202308020109
8,3,3,ドットクルー,牡3,56.0,藤岡康太,1:34.7,1.1/4,15.8,6.0,468(+12),[西] 笹田和秀,202308020109
9,8,11,ララヴォルシエル,牡4,58.0,和田竜二,1:34.8,1/2,19.3,7.0,432(-12),[西] 辻野泰之,202308020109
10,7,8,プッシュオン,牡3,56.0,武豊,1:34.9,クビ,4.0,2.0,456(+18),[西] 西村真幸,202308020109
11,8,10,シベリアンタイガー,セ12,58.0,西塚洸二,1:35.8,5,262.8,11.0,478(+4),[東] 加藤和宏,202308020109
1,3,4,メイショウソラフネ,牡4,56.0,角田大河,1:20.2,,5.5,2.0,448(0),[西] 石橋守,202308020110
2,8,15,ドロップオブライト,牝4,55.0,小沢大仁,1:20.2,クビ,11.0,5.0,446(+2),[西] 松永昌博,202308020110
3,7,13,トーホウディアス,牡5,56.0,和田竜二,1:20.3,クビ,34.1,13.0,462(+4),[西] 小栗実,202308020110
4,7,12,アルトシュタット,牡4,57.0,Ｍ．デム,1:20.5,1.1/4,5.6,3.0,488(+18),[西] 安田翔伍,202308020110
5,1,1,ロワンディシー,牡5,56.0,池添謙一,1:20.6,1,13.3,7.0,454(+4),[西] 北出成人,202308020110
6,5,8,アンセーニュ,牝5,52.0,斎藤新,1:20.6,アタマ,66.6,14.0,438(+2),[西] 奥村豊,202308020110
7,6,10,ジュノー,セ5,55.0,川須栄彦,1:20.7,1/2,21.0,10.0,522(+4),[西] 音無秀孝,202308020110
8,2,3,トオヤリトセイト,牡7,55.0,松若風馬,1:20.8,クビ,21.8,11.0,486(-6),[西] 松下武士,202308020110
9,4,6,グランレイ,牡6,57.0,藤懸貴志,1:20.8,クビ,20.0,9.0,468(+4),[西] 池添学,202308020110
10,6,11,スコールユニバンス,牝4,53.0,西村淳也,1:20.9,クビ,17.7,8.0,462(+6),[西] 矢作芳人,202308020110
11,5,9,イティネラートル,牝3,53.0,岩田望来,1:21.1,1.1/4,4.7,1.0,420(+10),[西] 長谷川浩,202308020110
12,2,2,ショウナンアレス,牡5,57.0,坂井瑠星,1:21.1,ハナ,6.6,4.0,524(-6),[西] 新谷功一,202308020110
13,4,7,ラクスバラディー,牝4,54.0,幸英明,1:21.1,クビ,11.7,6.0,528(+12),[西] 清水久詞,202308020110
14,3,5,スリートップキズナ,牡5,55.0,武豊,1:21.2,3/4,33.3,12.0,456(-10),[東] 伊藤圭三,202308020110
15,8,14,ケイサンフリーゼ,牝5,51.0,酒井学,1:21.7,2.1/2,124.5,15.0,500(+16),[西] 畑端省吾,202308020110
1,2,3,サンライズアムール,牡4,57.0,池添謙一,1:10.9,,2.9,1.0,518(0),[西] 小林真也,202308020111
2,8,16,スマートフォルス,牡3,56.0,武豊,1:11.3,2.1/2,6.1,3.0,478(-10),[西] 吉村圭司,202308020111
3,3,6,ヴァガボンド,牡5,57.0,岩田望来,1:11.5,1.1/4,46.5,9.0,486(-4),[西] 清水久詞,202308020111
4,8,15,チェイスザドリーム,牝4,56.0,坂井瑠星,1:11.7,1.1/2,6.9,4.0,476(0),[西] 矢作芳人,202308020111
5,4,8,エリモグリッター,セ6,57.0,荻野極,1:11.7,ハナ,54.2,10.0,478(-4),[東] 中野栄治,202308020111
6,4,7,サトノテンペスト,牡5,57.0,和田竜二,1:11.8,1/2,7.6,5.0,512(+6),[西] 高橋亮,202308020111
7,1,1,タガノクリステル,牝4,56.0,浜中俊,1:11.8,ハナ,4.6,2.0,488(+4),[西] 長谷川浩,202308020111
8,5,9,メイショウミライ,牡8,57.0,国分恭介,1:11.9,クビ,124.3,15.0,498(-2),[西] 西園翔太,202308020111
9,5,10,リアンクール,牝5,55.0,斎藤新,1:11.9,クビ,84.7,12.0,498(+4),[西] 安田隆行,202308020111
10,6,12,アーバンイェーガー,牡9,57.0,吉田隼人,1:12.0,1/2,55.3,11.0,502(+2),[東] 高橋文雅,202308020111
11,7,14,カルネアサーダ,牝4,55.0,角田大和,1:12.1,クビ,16.6,6.0,456(-6),[西] 加用正,202308020111
12,1,2,ボイラーハウス,牡5,57.0,西村淳也,1:12.1,ハナ,19.9,7.0,496(-18),[東] 竹内正洋,202308020111
13,2,4,アッティーヴォ,牡9,57.0,秋山真一,1:12.2,1/2,113.2,14.0,458(+4),[西] 大根田裕,202308020111
14,3,5,スナークダヴィンチ,牡6,57.0,富田暁,1:12.3,1/2,22.2,8.0,494(-6),[西] 野中賢二,202308020111
15,7,13,ロイヤルパールス,牡8,58.0,中井裕二,1:12.4,1,162.0,16.0,530(+10),[西] 緒方努,202308020111
16,6,11,ビップウインク,牝6,55.0,岩田康誠,1:13.1,4,112.4,13.0,532(+8),[西] 清水久詞,202308020111
1,2,3,ドゥラリアル,牡3,56.0,西村淳也,1:52.4,,3.5,2.0,498(+4),[西] 上村洋行,202308020112
2,8,15,ワンダースティング,牡5,54.0,河原田菜,1:52.8,2.1/2,155.3,14.0,526(-2),[西] 渡辺薫彦,202308020112
3,8,14,オラヴェリタス,牡4,54.0,古川奈穂,1:53.0,1.1/4,58.3,12.0,500(0),[西] 寺島良,202308020112
4,5,8,インテンスフレイム,牡5,58.0,岩田望来,1:53.2,1.1/4,13.0,6.0,522(+2),[西] 千田輝彦,202308020112
5,7,13,エルゲルージ,牡4,58.0,武豊,1:53.2,ハナ,3.2,1.0,526(+2),[西] 石坂公一,202308020112
6,5,9,スマートカリス,牝3,54.0,坂井瑠星,1:53.3,クビ,15.2,7.0,462(+14),[西] 池江泰寿,202308020112
7,7,12,ツウカイリアル,牡3,56.0,幸英明,1:53.3,アタマ,9.2,4.0,496(+2),[西] 庄野靖志,202308020112
8,4,7,ハイラブハンター,牡5,58.0,和田翼,1:53.7,2,195.6,15.0,492(+6),[西] 谷潔,202308020112
9,3,5,ヴォードヴィル,牝3,54.0,団野大成,1:53.7,クビ,21.4,8.0,452(-2),[西] 中竹和也,202308020112
10,3,4,ダブルジョーク,牡3,56.0,横山典弘,1:54.0,2,12.6,5.0,564(-10),[西] 昆貢,202308020112
11,1,1,メイショウゲキリン,牡4,58.0,池添謙一,1:54.4,2.1/2,31.9,10.0,518(-10),[西] 笹田和秀,202308020112
12,6,10,ウインメイフラワー,牝4,55.0,泉谷楓真,1:54.6,3/4,99.6,13.0,488(+6),[西] 梅田智之,202308020112
13,2,2,サンライズジャスト,牡4,58.0,藤岡康太,1:54.9,2,6.9,3.0,544(+2),[西] 羽月友彦,202308020112
14,4,6,ニホンピロクリフ,牡5,55.0,田口貫太,1:55.7,5,38.8,11.0,472(-4),[西] 大橋勇樹,202308020112
15,6,11,リースタル,牝4,56.0,松若風馬,1:56.3,3.1/2,21.7,9.0,442(+4),[西] 森田直行,202308020112
1,7,9,クリスアーサー,牡2,52.0,河原田菜,1:09.1,,5.7,3.0,514(+6),[西] 渡辺薫彦,202308020201
2,6,7,ステイチューンド,牡2,56.0,和田竜二,1:09.4,2,26.6,9.0,450(+10),[西] 清水久詞,202308020201
3,2,2,ボビーニクビッタケ,牝2,55.0,藤岡康太,1:09.5,1,17.6,7.0,466(+16),[西] 宮徹,202308020201
4,5,6,ナムラビオラ,牝2,52.0,田口貫太,1:09.7,1.1/4,3.2,1.0,432(+6),[西] 大橋勇樹,202308020201
5,4,4,シームレス,牝2,55.0,鮫島克駿,1:09.7,クビ,15.4,6.0,426(-18),[西] 小林真也,202308020201
6,3,3,テンドウ,牡2,56.0,幸英明,1:09.8,1/2,18.5,8.0,476(0),[西] 杉山佳明,202308020201
7,8,12,エルプロフェッサー,牝2,52.0,永島まな,1:10.0,1.1/4,8.7,4.0,410(0),[西] 高橋康之,202308020201
8,7,10,キモンキャリントン,牡2,53.0,今村聖奈,1:10.1,クビ,72.6,11.0,424(+2),[西] 渡辺薫彦,202308020201
9,5,5,プロミシングスター,牡2,56.0,国分恭介,1:10.1,クビ,14.0,5.0,438(+4),[西] 加用正,202308020201
10,1,1,ミッキージャスミン,牝2,55.0,松山弘平,1:10.2,1/2,3.6,2.0,454(+10),[西] 音無秀孝,202308020201
11,6,8,アオイエクラタン,牝2,51.0,古川奈穂,1:10.5,2,244.9,12.0,404(+4),[西] 高橋康之,202308020201
12,8,11,ウェディングケーキ,牝2,55.0,水口優也,1:10.8,1.3/4,59.7,10.0,438(+2),[西] 羽月友彦,202308020201
1,7,10,スウィープフィート,牝2,52.0,永島まな,1:34.8,,17.6,6.0,464(+10),[西] 庄野靖志,202308020202
2,4,4,ウインディオーネ,牝2,55.0,松山弘平,1:34.9,3/4,4.2,2.0,462(+14),[西] 長谷川浩,202308020202
3,8,11,ラガークイン,牝2,52.0,大久保友,1:35.1,1.1/2,9.3,5.0,402(+6),[西] 大久保龍,202308020202
4,5,6,エヴァンスウィート,牝2,55.0,坂井瑠星,1:35.1,アタマ,5.7,3.0,422(-10),[西] 友道康夫,202308020202
5,6,8,エマロア,牝2,55.0,和田竜二,1:35.2,クビ,2.5,1.0,480(-8),[西] 平田修,202308020202
6,1,1,ミヤジテン,牝2,55.0,富田暁,1:35.2,ハナ,102.3,11.0,476(+6),[西] 川村禎彦,202308020202
7,6,7,カンティーク,牝2,55.0,幸英明,1:35.5,2,40.3,8.0,428(+4),[西] 高橋亮,202308020202
8,5,5,ギルティプレジャー,牝2,55.0,岩田望来,1:35.5,ハナ,33.7,7.0,450(+2),[西] 寺島良,202308020202
9,2,2,ニエキヤ,牝2,55.0,鮫島克駿,1:35.7,1,7.5,4.0,416(+6),[西] 清水久詞,202308020202
10,7,9,ファミリー,牝2,51.0,河原田菜,1:36.0,2,99.4,10.0,436(+18),[西] 渡辺薫彦,202308020202
11,8,12,サトノアイオライト,牝2,55.0,武豊,1:36.5,3,58.1,9.0,460(+14),[西] 吉村圭司,202308020202
12,3,3,シルバヴール,牝2,55.0,藤懸貴志,1:39.5,大,155.1,12.0,388(+12),[西] 高橋義忠,202308020202
1,6,11,タガノミスト,牝2,55.0,富田暁,1:25.9,,5.4,3.0,454(0),[西] 川村禎彦,202308020203
2,5,9,キャピタルサックス,牡2,56.0,松山弘平,1:26.1,1,7.4,4.0,500(0),[西] 杉山晴紀,202308020203
3,8,16,ルクスアドラー,牡2,56.0,坂井瑠星,1:27.0,5,9.1,5.0,450(0),[西] 須貝尚介,202308020203
4,2,4,レッドリベルタ,牡2,56.0,浜中俊,1:27.3,2,19.9,6.0,446(0),[西] 庄野靖志,202308020203
5,2,3,ジーティースピカ,牝2,55.0,岩田望来,1:27.7,2.1/2,3.0,1.0,476(0),[西] 上村洋行,202308020203
6,4,8,タマモプルメリア,牝2,52.0,田口貫太,1:28.2,2.1/2,73.5,12.0,448(0),[西] 大橋勇樹,202308020203
7,1,1,トッピゴー,牡2,56.0,武豊,1:28.5,2,4.7,2.0,524(0),[西] 角田晃一,202308020203
8,5,10,ショウナンラジョア,牝2,55.0,幸英明,1:28.7,1,39.3,9.0,472(0),[西] 梅田智之,202308020203
9,8,15,キュールエカシス,牝2,52.0,今村聖奈,1:29.1,2.1/2,34.7,8.0,438(0),[西] 中尾秀正,202308020203
10,3,5,ブラーヴミノル,牡2,56.0,酒井学,1:29.3,1.1/4,49.5,10.0,550(0),[西] 本田優,202308020203
11,3,6,メイショウイチリン,牝2,51.0,河原田菜,1:29.7,2.1/2,123.9,14.0,424(0),[西] 荒川義之,202308020203
12,7,13,パルマノーヴァ,牝2,55.0,和田竜二,1:29.8,1/2,198.4,15.0,438(0),[西] 牧田和弥,202308020203
13,6,12,ドレアンティア,牝2,54.0,角田大和,1:30.8,6,22.3,7.0,462(0),[西] 飯田祐史,202308020203
14,7,14,レッツゴーヒカリ,牡2,56.0,城戸義政,1:31.4,3.1/2,267.9,16.0,430(0),[西] 鈴木孝志,202308020203
15,1,2,エナジーフォルテ,牝2,52.0,永島まな,1:31.6,1,61.9,11.0,448(0),[西] 高柳大輔,202308020203
16,4,7,テキーラワルツ,牝2,55.0,国分優作,1:32.1,3,80.1,13.0,442(0),[西] 大根田裕,202308020203
1,4,4,ロックユー,セ5,60.0,西谷誠,3:33.4,,5.7,2.0,458(+12),[西] 中内田充,202308020204
2,6,7,フィロロッソ,牡6,60.0,平沢健治,3:34.7,8,1.4,1.0,514(+12),[西] 中竹和也,202308020204
3,7,8,メイショウハチク,セ9,60.0,中村将之,3:35.0,2,21.4,6.0,478(+14),[西] 安達昭夫,202308020204
4,6,6,ワンダークローバー,牡5,60.0,難波剛健,3:35.1,クビ,75.3,10.0,474(+8),[西] 森田直行,202308020204
5,2,2,アトラクティーボ,牡4,60.0,石神深一,3:35.1,クビ,11.4,3.0,530(-4),[東] 武藤善則,202308020204
6,1,1,プラチナドリーム,牡4,60.0,黒岩悠,3:35.7,3.1/2,19.0,5.0,472(+2),[西] 平田修,202308020204
7,8,10,ヤップヤップヤップ,牡7,60.0,江田勇亮,3:35.9,1.1/4,17.6,4.0,456(+4),[東] 宗像義忠,202308020204
8,3,3,シングンジョーイ,牡5,60.0,上野翔,3:36.0,1/2,118.5,11.0,452(-6),[東] 伊坂重信,202308020204
9,5,5,サンティーニ,セ8,61.0,五十嵐雄,3:38.4,大,29.8,9.0,488(-8),[東] 尾関知人,202308020204
中,7,9,テイエムマグマ,牡5,60.0,森一馬,,,22.9,7.0,510(+2),[西] 杉山晴紀,202308020204
中,8,11,ハンディーズピーク,牡5,60.0,小牧加矢,,,23.6,8.0,524(+12),[西] 大久保龍,202308020204
1,3,3,ジャンタルマンタル,牡2,56.0,鮫島克駿,1:47.4,,5.2,2.0,496(0),[西] 高野友和,202308020205
2,5,6,キープカルム,牡2,56.0,岩田望来,1:47.8,2.1/2,14.3,6.0,492(0),[西] 中竹和也,202308020205
3,8,12,タクシンイメル,牝2,55.0,藤岡佑介,1:48.1,1.3/4,6.1,4.0,452(0),[西] 武英智,202308020205
4,1,1,ホウオウドルーリー,牝2,55.0,藤岡康太,1:48.4,2,3.1,1.0,454(0),[西] 宮徹,202308020205
5,7,10,モズイージス,牡2,56.0,岩田康誠,1:48.5,クビ,20.8,8.0,446(0),[西] 松下武士,202308020205
6,5,5,クロドラバール,牡2,56.0,和田竜二,1:48.6,3/4,16.7,7.0,514(0),[西] 杉山晴紀,202308020205
7,8,11,ヒシグランディヴァ,牝2,55.0,松山弘平,1:48.9,1.3/4,6.0,3.0,454(0),[西] 友道康夫,202308020205
8,4,4,セングンバンバ,牡2,56.0,武豊,1:48.9,アタマ,7.4,5.0,446(0),[西] 松永幹夫,202308020205
9,6,7,ウインドスピード,牡2,56.0,団野大成,1:49.3,2.1/2,55.1,9.0,442(0),[西] 坂口智康,202308020205
10,7,9,ラブカムーン,牝2,55.0,幸英明,1:49.7,2.1/2,87.8,10.0,474(0),[西] 千田輝彦,202308020205
11,2,2,ジェットラン,牝2,51.0,河原田菜,1:49.7,クビ,104.3,11.0,426(0),[西] 浜田多実,202308020205
12,6,8,ハッピーワンダー,牝2,55.0,水口優也,1:50.5,5,151.1,12.0,456(0),[西] 藤沢則雄,202308020205
1,5,10,エミサキホコル,牡3,56.0,松山弘平,1:24.3,,3.9,2.0,484(+8),[西] 杉山佳明,202308020206
2,8,15,エメラルドビーチ,牡3,56.0,岩田望来,1:24.4,クビ,2.0,1.0,534(+12),[西] 大久保龍,202308020206
3,2,3,メリタテス,牝3,50.0,古川奈穂,1:25.0,4,7.5,4.0,436(+2),[西] 矢作芳人,202308020206
4,3,5,ペプチドハドソン,牡3,56.0,松田大作,1:25.2,3/4,25.0,7.0,482(+10),[西] 武英智,202308020206
5,5,9,ダノンアーリー,牡4,58.0,北村友一,1:25.5,1.3/4,19.6,6.0,474(+4),[西] 安田隆行,202308020206
6,6,11,シンエン,牡4,58.0,荻野極,1:25.6,1,72.9,9.0,490(+2),[西] 松下武士,202308020206
7,4,8,ハヤブサウィッシュ,牡4,58.0,川又賢治,1:25.7,3/4,144.5,13.0,468(+8),[西] 吉村圭司,202308020206
8,4,7,アコルダール,牝5,56.0,団野大成,1:25.8,クビ,17.1,5.0,458(+2),[西] 西園翔太,202308020206
9,3,6,スズノハマヤ,牡3,56.0,鮫島克駿,1:25.9,1,63.5,8.0,466(0),[西] 石坂公一,202308020206
10,2,4,キングダイヤモンド,牡3,53.0,田口貫太,1:26.0,アタマ,87.9,10.0,506(+6),[西] 大橋勇樹,202308020206
11,1,2,タイセイアーメット,牡5,58.0,古川吉洋,1:26.1,3/4,186.9,16.0,480(-6),[西] 浜田多実,202308020206
12,7,13,ソウルユニバンス,セ6,58.0,黒岩悠,1:26.1,ハナ,168.5,15.0,486(-2),[西] 平田修,202308020206
13,1,1,シンゼンハット,牡4,55.0,今村聖奈,1:26.1,ハナ,114.0,11.0,474(0),[西] 飯田祐史,202308020206
14,8,16,バレル,牡4,58.0,坂井瑠星,1:26.5,2.1/2,6.9,3.0,478(+6),[西] 鮫島一歩,202308020206
15,6,12,アスターチェンチ,牡3,55.0,角田大河,1:26.8,2,122.6,12.0,514(-6),[西] 中竹和也,202308020206
16,7,14,メイショウラピッド,牝5,52.0,河原田菜,1:27.4,3.1/2,165.6,14.0,490(-8),[西] 長谷川浩,202308020206
1,4,5,シゲルショウグン,牡3,53.0,永島まな,1:51.6,,6.6,3.0,500(+2),[西] 大橋勇樹,202308020207
2,3,3,バンドマスター,牡3,56.0,松山弘平,1:52.6,6,2.5,1.0,496(+4),[西] 茶木太樹,202308020207
3,8,12,スカパラダイス,牡3,56.0,幸英明,1:52.9,2,8.7,6.0,460(+4),[西] 寺島良,202308020207
4,6,9,レッドダンルース,牡3,56.0,坂井瑠星,1:53.1,3/4,8.5,5.0,468(-12),[西] 矢作芳人,202308020207
5,4,4,ジルバーン,牡4,58.0,岩田望来,1:53.1,クビ,17.0,7.0,428(+4),[西] 武英智,202308020207
6,6,8,ヴァンドゥラン,牡3,56.0,鮫島克駿,1:53.2,クビ,7.7,4.0,476(-6),[西] 高柳大輔,202308020207
7,5,7,メイショウジェンマ,牡3,56.0,富田暁,1:53.5,1.3/4,119.7,11.0,472(+6),[西] 飯田祐史,202308020207
8,7,11,オーバーザドリーム,牡3,56.0,和田竜二,1:53.5,1/2,49.4,9.0,468(0),[西] 清水久詞,202308020207
9,7,10,メイショウコガシラ,牡3,56.0,団野大成,1:53.7,1.1/4,4.8,2.0,486(-2),[西] 本田優,202308020207
10,5,6,メイショウオグマ,牡4,58.0,古川吉洋,1:54.2,2.1/2,93.2,10.0,514(-4),[西] 安達昭夫,202308020207
11,8,13,クラップサンダー,牡4,55.0,田口貫太,1:55.0,5,22.4,8.0,458(+10),[西] 牧田和弥,202308020207
12,2,2,ミューオン,セ4,55.0,鷲頭虎太,1:55.4,2,308.1,13.0,502(0),[西] 大根田裕,202308020207
13,1,1,ナムラアンソニー,セ3,55.0,角田大河,1:58.2,大,172.6,12.0,502(+6),[西] 中竹和也,202308020207
1,8,17,ケイデンシーマーク,牝3,54.0,北村友一,1:21.6,,2.4,1.0,444(+2),[西] 安田隆行,202308020208
2,2,4,オックスリップ,牝3,54.0,高倉稜,1:21.8,1.1/4,33.4,11.0,460(0),[西] 杉山晴紀,202308020208
3,3,6,オードリーバローズ,牝3,54.0,松山弘平,1:21.8,クビ,20.1,9.0,482(+16),[西] 清水久詞,202308020208
4,8,16,モラトリアム,牝5,56.0,団野大成,1:21.9,1/2,17.8,8.0,464(+10),[西] 河内洋,202308020208
5,7,14,サク,牝4,56.0,幸英明,1:22.2,1.1/2,7.5,3.0,456(+6),[西] 北出成人,202308020208
6,8,15,シグルドリーヴァ,牝4,53.0,田口貫太,1:22.2,ハナ,14.1,5.0,458(+6),[西] 佐々木晶,202308020208
7,4,8,サザーランド,牝3,51.0,川端海翼,1:22.2,アタマ,33.0,10.0,440(0),[西] 小林真也,202308020208
8,4,7,サウンドレイラ,牝3,54.0,岩田望来,1:22.3,3/4,7.1,2.0,466(+2),[西] 渡辺薫彦,202308020208
9,5,9,ラブリアージェ,牝4,56.0,古川吉洋,1:22.4,クビ,49.5,13.0,474(-2),[西] 昆貢,202308020208
10,7,13,レッドテンペスト,セ3,56.0,鮫島克駿,1:22.4,クビ,16.9,7.0,448(+12),[西] 笹田和秀,202308020208
11,1,2,リゴレット,牝4,56.0,藤岡康太,1:22.4,アタマ,55.3,14.0,444(+14),[西] 羽月友彦,202308020208
12,1,1,シゲルイワイザケ,牝4,52.0,河原田菜,1:22.6,1.1/4,79.8,16.0,498(-8),[西] 渡辺薫彦,202308020208
13,3,5,テイエムエメラルド,牝5,56.0,田中健,1:22.6,ハナ,8.0,4.0,480(+14),[西] 飯田雄三,202308020208
14,6,12,アエリーゾ,牝4,55.0,角田大河,1:22.7,アタマ,42.0,12.0,464(+6),[西] 庄野靖志,202308020208
15,6,11,シャングリラ,牝3,51.0,今村聖奈,1:22.8,1,15.2,6.0,418(0),[西] 杉山晴紀,202308020208
16,2,3,ブラーヴ,牡3,53.0,西塚洸二,1:23.0,1.1/4,215.9,17.0,492(+16),[西] 加用正,202308020208
17,5,10,レガーミ,牝4,56.0,富田暁,1:23.2,1.1/4,79.8,15.0,522(+22),[西] 木原一良,202308020208
1,2,2,シェイクユアハート,牡3,55.0,古川吉洋,2:12.0,,6.7,4.0,438(+2),[西] 宮徹,202308020209
2,5,5,アスクドゥポルテ,牡3,55.0,岩田望来,2:12.1,クビ,3.2,1.0,462(0),[西] 河内洋,202308020209
3,1,1,ブレイヴロッカー,牡3,55.0,藤岡康太,2:12.1,クビ,6.2,3.0,454(-8),[西] 本田優,202308020209
4,4,4,リンフレスカンテ,牡5,58.0,藤懸貴志,2:12.7,3.1/2,35.0,9.0,442(+4),[西] 宮本博,202308020209
5,6,7,ゲーテローズ,牝4,56.0,富田暁,2:12.7,ハナ,12.5,6.0,468(+26),[西] 武英智,202308020209
6,6,8,プレイリードリーム,牡7,58.0,和田竜二,2:12.7,クビ,35.7,10.0,472(+8),[西] 安達昭夫,202308020209
7,5,6,ショウナンアデイブ,牡4,58.0,松山弘平,2:12.9,1,7.5,5.0,504(+4),[西] 高野友和,202308020209
8,3,3,キングロコマイカイ,牡4,58.0,団野大成,2:13.0,1/2,24.9,8.0,494(+4),[西] 須貝尚介,202308020209
9,8,11,テーオーアリエス,牝4,56.0,鮫島克駿,2:14.0,6,115.1,11.0,496(-2),[西] 岡田稲男,202308020209
10,8,12,アイザックバローズ,牡3,55.0,坂井瑠星,2:14.2,1.1/2,3.7,2.0,474(+6),[西] 友道康夫,202308020209
11,7,10,メイショウコジョウ,牡6,58.0,角田大河,2:14.3,3/4,156.3,12.0,478(+16),[西] 石橋守,202308020209
12,7,9,ケンハービンジャー,牡5,58.0,泉谷楓真,2:14.4,1/2,21.4,7.0,448(+6),[西] 本田優,202308020209
1,8,14,サーマルソアリング,牝3,54.0,北村友一,1:50.9,,1.3,1.0,480(-6),[西] 藤原英昭,202308020210
2,4,6,ミラクルティアラ,牝3,54.0,坂井瑠星,1:51.1,1.1/4,33.9,8.0,442(-2),[西] 加用正,202308020210
3,6,10,ドライゼ,牝4,56.0,団野大成,1:51.6,3,46.5,10.0,494(-2),[西] 須貝尚介,202308020210
4,8,15,クレメダンジュ,牝3,54.0,和田竜二,1:51.8,1,21.8,4.0,462(+2),[西] 鈴木孝志,202308020210
5,5,9,コンスタンティン,牝4,56.0,幸英明,1:51.8,クビ,33.0,7.0,494(+10),[西] 石坂公一,202308020210
6,2,2,タガノパッション,牝5,56.0,藤岡康太,1:51.9,3/4,28.8,6.0,488(+14),[西] 武幸四郎,202308020210
7,4,7,マナウス,牝4,56.0,武豊,1:52.0,クビ,9.5,3.0,474(+4),[西] 田中克典,202308020210
8,5,8,フォレストキャット,牝5,56.0,岩田望来,1:52.1,1,22.6,5.0,484(+6),[西] 野中賢二,202308020210
9,7,12,セレッソ,牝4,56.0,鮫島克駿,1:52.3,3/4,36.5,9.0,476(+4),[西] 長谷川浩,202308020210
10,1,1,エルソール,牝5,56.0,荻野極,1:52.7,2.1/2,95.0,12.0,452(+6),[西] 池江泰寿,202308020210
11,3,4,シダー,牝4,56.0,松山弘平,1:53.2,2.1/2,8.5,2.0,498(+4),[西] 本田優,202308020210
12,6,11,スミ,牝4,56.0,池添謙一,1:53.4,1.1/4,180.4,15.0,486(+10),[西] 高橋亮,202308020210
13,2,3,スズカマクフィ,牝5,56.0,富田暁,1:53.6,1.1/2,149.0,14.0,444(+4),[東] 伊藤圭三,202308020210
14,7,13,グラストンベリー,牝4,56.0,川須栄彦,1:53.6,ハナ,49.1,11.0,430(-2),[西] 藤岡健一,202308020210
15,3,5,ルース,牝5,56.0,国分恭介,1:55.7,大,145.4,13.0,512(+26),[西] 茶木太樹,202308020210
1,7,13,メイショウゲンセン,牝6,53.0,藤岡康太,1:08.1,,6.0,2.0,454(+24),[西] 武幸四郎,202308020211
2,3,6,シングザットソング,牝3,54.0,鮫島克駿,1:08.2,クビ,11.1,5.0,448(0),[西] 高野友和,202308020211
3,2,4,ディヴィナシオン,牡6,56.0,団野大成,1:08.3,3/4,43.2,14.0,480(-2),[西] 森秀行,202308020211
4,2,3,タマモブラックタイ,牡3,56.0,角田大河,1:08.4,1/2,14.2,7.0,512(-2),[西] 角田晃一,202308020211
5,5,10,クリノマジン,牡4,55.0,和田竜二,1:08.4,クビ,34.5,11.0,454(-6),[西] 高橋義忠,202308020211
6,1,1,メディーヴァル,牡5,54.0,西塚洸二,1:08.5,クビ,82.2,15.0,470(0),[西] 寺島良,202308020211
7,3,5,スリーパーダ,牝4,53.0,坂井瑠星,1:08.5,ハナ,7.6,4.0,434(+12),[西] 斉藤崇史,202308020211
8,6,11,ムーンプローブ,牝3,52.0,吉田隼人,1:08.7,1.1/4,20.6,8.0,474(-12),[西] 上村洋行,202308020211
9,6,12,タイセイアベニール,牡8,56.0,国分恭介,1:08.9,1.1/4,92.5,16.0,498(+2),[西] 西村真幸,202308020211
10,7,15,ファロロジー,牝4,53.0,浜中俊,1:08.9,ハナ,22.6,9.0,462(-2),[東] 高橋裕,202308020211
11,4,8,ジャスパージャック,牡7,57.0,岩田望来,1:09.1,1,27.7,10.0,544(+6),[西] 森秀行,202308020211
12,1,2,ビッグシーザー,牡3,56.0,幸英明,1:09.1,ハナ,3.4,1.0,512(0),[西] 西園正都,202308020211
13,8,17,ジャングロ,牡4,57.5,武豊,1:09.1,ハナ,6.5,3.0,470(+8),[西] 森秀行,202308020211
14,8,18,メイショウオーパス,牡8,54.0,富田暁,1:09.3,1.1/4,151.3,17.0,504(-8),[西] 飯田祐史,202308020211
15,4,7,トキメキ,牝6,54.0,黛弘人,1:09.3,クビ,37.7,12.0,514(0),[東] 斎藤誠,202308020211
16,7,14,ボンボヤージ,牝6,55.0,川須栄彦,1:09.3,クビ,11.9,6.0,454(+6),[西] 梅田智之,202308020211
17,8,16,カイザーメランジェ,牡8,55.0,荻野極,1:09.6,1.3/4,201.9,18.0,474(-6),[東] 中野栄治,202308020211
18,5,9,スンリ,牝5,54.0,池添謙一,1:09.7,クビ,41.8,13.0,498(+10),[西] 清水久詞,202308020211
1,3,3,アルムラトゥール,牡3,54.0,鷲頭虎太,1:11.6,,5.2,3.0,498(0),[西] 川村禎彦,202308020212
2,5,6,コンクエスト,セ4,58.0,鮫島克駿,1:11.7,クビ,17.4,5.0,494(+10),[東] 小笠倫弘,202308020212
3,8,12,ルアル,牡4,58.0,幸英明,1:11.8,3/4,4.3,2.0,534(-4),[西] 安達昭夫,202308020212
4,6,9,ミラクル,牝5,56.0,和田竜二,1:11.9,1/2,46.1,8.0,476(+10),[西] 加用正,202308020212
5,4,4,メイショウピース,牝3,55.0,秋山真一,1:11.9,ハナ,1.8,1.0,472(+6),[西] 高橋亮,202308020212
6,6,8,プレイテシア,牝4,53.0,田口貫太,1:12.0,クビ,13.8,4.0,432(0),[西] 羽月友彦,202308020212
7,2,2,パルデンス,牡5,55.0,今村聖奈,1:12.2,1.1/4,45.0,7.0,488(-6),[東] 中野栄治,202308020212
8,7,11,ドンフクリン,牡4,58.0,藤岡康太,1:12.5,1.3/4,77.2,12.0,470(+4),[西] 庄野靖志,202308020212
9,4,5,ゲンパチレオニダス,牡4,54.0,古川奈穂,1:12.6,3/4,71.8,11.0,498(-2),[西] 牧浦充徳,202308020212
10,7,10,デアリングウーマン,牝5,55.0,角田大河,1:12.7,クビ,57.4,10.0,450(+2),[西] 角田晃一,202308020212
11,5,7,ゴッドクインビー,牝4,55.0,角田大和,1:13.0,2,172.7,13.0,452(+14),[西] 角田晃一,202308020212
12,8,13,チャーミングアクト,牝6,53.0,永島まな,1:13.5,3,18.1,6.0,478(+8),[西] 飯田雄三,202308020212
13,1,1,サエールフェイス,牝4,52.0,河原田菜,1:13.9,2.1/2,51.8,9.0,486(+8),[西] 石橋守,202308020212
1,2,2,マイネルティグレ,牡2,56.0,和田竜二,1:22.6,,11.7,5.0,476(0),[西] 西園正都,202308020301
2,7,10,タイキヴァンクール,牡2,56.0,田辺裕信,1:22.8,1.1/4,18.2,8.0,512(+18),[西] 中尾秀正,202308020301
3,5,6,イリスアスール,牝2,54.0,角田大河,1:22.8,ハナ,5.3,3.0,454(-8),[西] 角田晃一,202308020301
4,4,4,ポマール,牝2,55.0,西村淳也,1:22.9,クビ,10.9,4.0,448(+10),[西] 小栗実,202308020301
5,7,9,ディーエストッキー,牡2,56.0,松山弘平,1:22.9,アタマ,2.9,1.0,458(+10),[西] 橋口慎介,202308020301
6,3,3,キアロヴェローチェ,牡2,56.0,浜中俊,1:22.9,クビ,17.9,7.0,466(-2),[西] 武幸四郎,202308020301
7,1,1,ピストンボーイ,牡2,56.0,Ｍ．デム,1:23.1,1.1/4,12.9,6.0,504(+6),[西] 池添学,202308020301
8,6,7,ピースラピッド,牡2,53.0,田口貫太,1:23.2,クビ,31.0,9.0,474(+2),[西] 羽月友彦,202308020301
9,8,12,ジーティームテキ,牡2,56.0,菅原明良,1:23.3,3/4,174.4,12.0,434(+8),[西] 西村真幸,202308020301
10,6,8,ピカリ,牝2,55.0,川田将雅,1:24.2,5,4.0,2.0,486(+10),[西] 森秀行,202308020301
11,5,5,ウエストチェリー,牝2,54.0,小沢大仁,1:24.3,1/2,127.8,10.0,462(-4),[西] 松永昌博,202308020301
12,8,11,ジャコムスビ,牡2,56.0,川島信二,1:25.6,8,166.7,11.0,474(+26),[西] 荒川義之,202308020301
1,7,8,エコロガイア,牡2,56.0,川田将雅,1:12.6,,2.1,1.0,462(+4),[西] 森秀行,202308020302
2,4,4,リリーエクスプレス,牡2,56.0,国分恭介,1:13.9,8,256.2,9.0,544(-6),[西] 茶木太樹,202308020302
3,8,10,プリンセスカレン,牝2,52.0,田口貫太,1:14.2,1.1/2,7.5,3.0,422(+4),[西] 大橋勇樹,202308020302
4,5,5,グランエシェゾー,牝2,55.0,Ｍ．デム,1:14.4,1.1/4,13.6,6.0,482(-4),[西] 新谷功一,202308020302
5,3,3,シリウス,牡2,56.0,和田竜二,1:14.4,ハナ,4.1,2.0,450(+6),[西] 石坂公一,202308020302
6,1,1,ランウインディ,牝2,55.0,川須栄彦,1:14.9,3,14.2,7.0,446(+2),[西] 中尾秀正,202308020302
7,2,2,メネラオス,牡2,56.0,松山弘平,1:15.2,2,12.8,5.0,542(+2),[西] 奥村豊,202308020302
8,8,9,コパノアマンダ,牝2,51.0,河原田菜,1:15.7,3,136.4,8.0,448(+10),[西] 村山明,202308020302
9,7,7,シャカシャカシー,牡2,56.0,西村淳也,1:15.7,アタマ,9.4,4.0,510(+6),[西] 茶木太樹,202308020302
10,6,6,プレパラシオン,牝2,55.0,藤岡康太,1:16.8,7,267.5,10.0,454(0),[西] 杉山佳明,202308020302
1,6,6,ストラクチャー,牡2,56.0,古川吉洋,1:48.7,,23.5,6.0,446(+2),[西] 浜田多実,202308020303
2,2,2,ロードバルベーラ,牡2,56.0,川須栄彦,1:48.8,アタマ,6.1,5.0,452(-10),[西] 奥村豊,202308020303
3,7,7,パシフィックハイ,牝2,55.0,松山弘平,1:48.9,1/2,3.5,1.0,446(-4),[西] 杉山佳明,202308020303
4,5,5,ゲインサポート,牡2,56.0,団野大成,1:49.3,2.1/2,4.3,3.0,450(0),[西] 斉藤崇史,202308020303
5,8,9,ミヤビネルソン,牡2,55.0,角田大河,1:50.1,5,112.2,8.0,456(-6),[西] 笹田和秀,202308020303
6,4,4,カールスタード,牡2,56.0,西村淳也,1:50.1,クビ,3.6,2.0,488(+2),[西] 吉岡辰弥,202308020303
7,8,8,グッドムード,牝2,52.0,今村聖奈,1:51.1,6,78.7,7.0,426(+4),[西] 寺島良,202308020303
8,3,3,ダイシンアレス,牡2,56.0,岩田康誠,1:51.5,2.1/2,6.1,4.0,470(+6),[西] 庄野靖志,202308020303
9,1,1,マッチョマン,牡2,56.0,松若風馬,1:52.4,5,240.5,9.0,360(+2),[西] 安達昭夫,202308020303
1,7,14,バンドシェル,牡2,56.0,菅原明良,1:22.7,,14.7,4.0,458(0),[西] 西村真幸,202308020304
2,2,3,サリュエ,牡2,56.0,藤岡康太,1:22.7,クビ,15.5,5.0,480(0),[西] 野中賢二,202308020304
3,3,6,ラヴァンダ,牝2,55.0,藤岡佑介,1:22.9,1.1/4,7.3,3.0,464(0),[西] 中村直也,202308020304
4,5,10,コスモララバイ,牝2,55.0,和田竜二,1:23.0,1/2,32.3,11.0,412(0),[西] 吉田直弘,202308020304
5,1,1,ウッドバイン,牝2,55.0,田辺裕信,1:23.2,1.1/4,17.7,6.0,438(0),[西] 河内洋,202308020304
6,4,7,ペプチドヒナタ,牡2,56.0,富田暁,1:23.2,クビ,27.6,9.0,474(0),[西] 武英智,202308020304
7,8,16,グロリアラウス,牡2,56.0,団野大成,1:23.4,1.1/4,4.1,2.0,492(0),[西] 斉藤崇史,202308020304
8,4,8,セロリ,牝2,55.0,太宰啓介,1:23.7,2,31.3,10.0,458(0),[西] 高橋亮,202308020304
9,2,4,フェリーニ,牡2,56.0,松山弘平,1:23.8,1/2,2.7,1.0,506(0),[西] 橋口慎介,202308020304
10,6,11,フェアアイル,牝2,55.0,松若風馬,1:23.9,クビ,26.0,8.0,400(0),[西] 音無秀孝,202308020304
11,1,2,ヴァーニャ,牝2,55.0,Ｍ．デム,1:24.1,1.1/2,20.7,7.0,478(0),[西] 杉山佳明,202308020304
12,8,15,ルクスリーベン,牝2,54.0,小沢大仁,1:24.1,ハナ,205.3,16.0,452(0),[西] 松永昌博,202308020304
13,6,12,モンディーン,牝2,55.0,幸英明,1:24.3,1,49.4,12.0,410(0),[西] 西園翔太,202308020304
14,7,13,ワンダーエトワール,牝2,52.0,永島まな,1:24.6,1.1/2,75.6,14.0,408(0),[西] 小崎憲,202308020304
15,3,5,クリノローレライ,牝2,52.0,田口貫太,1:25.1,3,54.0,13.0,428(0),[西] 長谷川浩,202308020304
16,8,17,ソリューション,牡2,52.0,河原田菜,1:25.7,4,141.1,15.0,442(0),[西] 加用正,202308020304
17,5,9,ロングレジリエント,牡2,56.0,長岡禎仁,1:26.0,2,208.9,17.0,420(0),[西] 高橋亮,202308020304
1,3,3,オールナット,牡2,56.0,北村友一,2:05.5,,3.5,2.0,518(0),[西] 高野友和,202308020305
2,8,9,プレリュードシチー,牡2,56.0,幸英明,2:05.8,2,8.7,4.0,458(0),[西] 高橋義忠,202308020305
3,6,6,ジャスティンアース,牡2,56.0,松山弘平,2:05.9,3/4,2.8,1.0,484(0),[西] 杉山晴紀,202308020305
4,5,5,メイショウタバル,牡2,55.0,角田大河,2:05.9,クビ,5.3,3.0,502(0),[西] 石橋守,202308020305
5,8,10,ウォーターリヒト,牡2,56.0,団野大成,2:06.4,3,33.6,8.0,464(0),[西] 河内洋,202308020305
6,2,2,マサハヤヴォス,牡2,56.0,和田竜二,2:06.4,アタマ,22.1,7.0,456(0),[西] 今野貞一,202308020305
7,1,1,レグロスヴァーグ,牡2,56.0,菅原明良,2:06.5,3/4,47.2,9.0,498(0),[西] 鈴木孝志,202308020305
8,7,7,アリストクラシア,牝2,55.0,西村淳也,2:06.5,ハナ,11.2,5.0,470(0),[西] 吉岡辰弥,202308020305
9,7,8,メイショウミシガン,牡2,56.0,松若風馬,2:07.0,3,76.7,10.0,452(0),[西] 鮫島一歩,202308020305
10,4,4,ダイシンカーリー,牝2,55.0,岩田康誠,2:07.2,1.1/4,17.3,6.0,428(0),[西] 吉田直弘,202308020305
1,2,2,スマートケープ,牝3,54.0,松山弘平,1:52.9,,2.8,1.0,496(+8),[西] 辻野泰之,202308020306
2,4,4,クリノクリスタル,牝3,51.0,田口貫太,1:53.8,5,4.1,3.0,464(+8),[西] 大橋勇樹,202308020306
3,8,10,メイショウコボケ,牝3,50.0,河原田菜,1:54.1,2,3.2,2.0,490(0),[西] 河内洋,202308020306
4,6,6,ヤエベニシダレ,牝3,50.0,古川奈穂,1:54.3,1,28.1,6.0,452(0),[西] 梅田智之,202308020306
5,1,1,ライジングラパス,牝3,54.0,国分恭介,1:54.4,1/2,7.0,4.0,444(+8),[西] 宮本博,202308020306
6,5,5,ナオミニデレデレヤ,牝4,53.0,永島まな,1:55.0,3.1/2,111.3,10.0,470(+3),[西] 畑端省吾,202308020306
7,6,7,ヴィラーゴスリーブ,牝3,51.0,西塚洸二,1:55.8,5,37.8,7.0,494(-8),[西] 藤原英昭,202308020306
8,3,3,キャロルビアンカ,牝3,54.0,城戸義政,1:56.0,1,186.5,11.0,482(+12),[西] 荒川義之,202308020306
9,8,11,レクランスリール,牝3,51.0,今村聖奈,1:56.0,アタマ,55.9,9.0,458(-6),[西] 小林真也,202308020306
10,7,8,ランスオブサターン,牝3,53.0,角田大河,1:56.6,3.1/2,11.2,5.0,462(+18),[西] 本田優,202308020306
11,7,9,ワイドアウェイク,牝5,53.0,川端海翼,1:59.0,大,50.9,8.0,510(+8),[西] 加用正,202308020306
1,3,3,エンツォウーノ,牡3,56.0,岩田康誠,1:59.1,,10.8,4.0,512(-4),[西] 田中克典,202308020307
2,4,4,ディープリボーン,牡3,56.0,古川吉洋,1:59.7,3.1/2,3.8,2.0,454(-4),[西] 四位洋文,202308020307
3,5,7,ロードトラスト,牡3,56.0,川田将雅,2:00.6,5,1.7,1.0,490(-6),[西] 長谷川浩,202308020307
4,6,9,ベストポイント,牡3,56.0,松若風馬,2:01.1,3,9.4,3.0,500(0),[西] 杉山晴紀,202308020307
5,6,8,サーティファイド,牡4,58.0,幸英明,2:01.1,ハナ,18.7,5.0,476(+2),[西] 鮫島一歩,202308020307
6,5,6,イエスウィズキャン,牡3,53.0,田口貫太,2:01.5,2.1/2,31.6,7.0,544(-6),[西] 松永昌博,202308020307
7,8,13,キングレガリア,セ4,57.0,角田大河,2:02.2,4,51.0,9.0,534(-4),[西] 新谷功一,202308020307
8,7,11,テンカオーライ,牡3,56.0,西村淳也,2:02.3,1/2,44.1,8.0,498(+4),[西] 松下武士,202308020307
9,8,12,タマモマスラオ,牡3,55.0,小沢大仁,2:03.0,4,59.7,10.0,498(+18),[西] 緒方努,202308020307
10,1,1,マサハヤウォルズ,牡3,53.0,今村聖奈,2:03.0,ハナ,22.4,6.0,470(+6),[西] 今野貞一,202308020307
11,4,5,ジョータルマエ,セ3,52.0,河原田菜,2:03.1,クビ,93.5,11.0,490(-2),[西] 中竹和也,202308020307
12,2,2,アットアブラスト,牡3,56.0,国分恭介,2:03.2,1,164.8,13.0,466(0),[西] 牧田和弥,202308020307
13,7,10,マーゴットワーズ,牡4,58.0,荻野琢真,2:04.4,7,102.9,12.0,472(-2),[西] 小林真也,202308020307
1,7,14,ギーロカスタル,牡3,57.0,和田竜二,1:12.8,,7.0,4.0,466(+6),[西] 鈴木孝志,202308020308
2,1,2,マヴォロンテ,牝3,55.0,幸英明,1:13.0,1.1/2,11.4,5.0,468(+22),[西] 松永幹夫,202308020308
3,4,7,サンガネーブ,牡3,57.0,北村友一,1:13.0,アタマ,5.8,3.0,500(+4),[西] 田中克典,202308020308
4,8,15,テーオートルネード,牡4,54.0,河原田菜,1:13.1,1/2,33.4,12.0,478(+8),[西] 岡田稲男,202308020308
5,5,9,ヒビキ,牡3,57.0,浜中俊,1:13.2,クビ,16.3,8.0,486(0),[西] 辻野泰之,202308020308
6,3,6,ゴッドセンド,牡3,57.0,吉村智洋,1:13.3,3/4,4.7,2.0,486(+6),[西] 浜田多実,202308020308
7,2,3,タイキエクセロン,牡4,58.0,国分恭介,1:13.6,1.3/4,13.1,6.0,502(0),[西] 西園翔太,202308020308
8,6,12,カゲマル,牡3,54.0,永島まな,1:13.6,クビ,3.9,1.0,516(+14),[西] 西園正都,202308020308
9,6,11,サクハル,牡4,58.0,長岡禎仁,1:13.6,ハナ,31.9,11.0,494(+2),[西] 今野貞一,202308020308
10,5,10,ベルドラゴ,牡4,55.0,田口貫太,1:13.7,3/4,41.1,13.0,486(+6),[西] 庄野靖志,202308020308
11,2,4,テイエムルンバ,牝3,55.0,川島信二,1:14.2,3,28.5,9.0,478(+6),[西] 畑端省吾,202308020308
12,4,8,フェリ,牝3,55.0,田中健,1:14.7,3,13.9,7.0,490(0),[西] 佐々木晶,202308020308
13,8,16,ジョーフェイス,牡4,54.0,古川奈穂,1:14.8,クビ,108.9,14.0,484(+4),[西] 小崎憲,202308020308
14,1,1,インゴットバード,牡5,58.0,西村淳也,1:14.8,クビ,154.2,16.0,496(+10),[西] 牧田和弥,202308020308
15,3,5,デアシュトゥルム,牡3,57.0,富田暁,1:15.3,2.1/2,137.0,15.0,458(+6),[西] 吉田直弘,202308020308
16,7,13,グローバリスト,牡3,57.0,菅原明良,1:15.4,1/2,31.7,10.0,500(0),[西] 西村真幸,202308020308
1,4,4,キャプテンネキ,牝2,55.0,松山弘平,1:22.9,,7.7,5.0,528(0),[西] 杉山晴紀,202308020309
2,3,3,セキトバイースト,牝2,55.0,藤岡康太,1:22.9,ハナ,3.6,1.0,442(+8),[西] 四位洋文,202308020309
3,7,8,バウンシーステップ,牝2,55.0,西村淳也,1:22.9,クビ,7.1,4.0,460(+4),[西] 高橋亮,202308020309
4,8,9,ルクスノア,牝2,55.0,永島まな,1:23.0,クビ,3.8,2.0,466(-4),[西] 平田修,202308020309
5,2,2,ベネメレンティ,牝2,55.0,幸英明,1:23.0,クビ,13.0,6.0,434(+4),[西] 河内洋,202308020309
6,5,5,フェリシス,牝2,55.0,山本咲希,1:23.4,2.1/2,231.6,10.0,448(-2),[地] 石橋満,202308020309
7,1,1,コートリーバウ,牝2,55.0,池添謙一,1:23.6,1,13.2,7.0,402(+6),[西] 池添学,202308020309
8,8,10,チークタイム,牝2,55.0,和田竜二,1:24.0,2.1/2,54.6,8.0,450(+6),[西] 鈴木孝志,202308020309
9,6,6,レアリゼアンレーヴ,牝2,55.0,川田将雅,1:24.0,アタマ,4.8,3.0,420(0),[西] 須貝尚介,202308020309
10,7,7,ピンクレディ,牝2,55.0,吉村智洋,1:25.4,9,167.9,9.0,466(-9),[地] 保利良平,202308020309
1,8,13,エーティーマクフィ,牡4,58.0,藤岡佑介,1:11.7,,3.7,1.0,484(+6),[西] 武英智,202308020310
2,2,2,パラシュラーマ,牡3,57.0,川田将雅,1:11.7,アタマ,3.8,2.0,480(0),[西] 浜田多実,202308020310
3,4,4,エコロアイ,牝3,55.0,菅原明良,1:12.0,1.3/4,9.1,5.0,502(-8),[西] 森秀行,202308020310
4,8,12,ラヴケリー,牝5,56.0,藤岡康太,1:12.2,1.1/4,12.9,6.0,464(0),[西] 高柳大輔,202308020310
5,6,8,プラチナムレイアー,牡5,58.0,西村淳也,1:12.2,クビ,42.8,9.0,504(+6),[西] 吉岡辰弥,202308020310
6,3,3,ニューフロンティア,牡5,58.0,吉田隼人,1:12.5,1.1/2,44.9,10.0,498(0),[西] 田中克典,202308020310
7,5,6,ジェットエンブレム,牡5,58.0,池添謙一,1:12.8,2,21.0,7.0,528(+2),[西] 石坂公一,202308020310
8,6,9,メイショウクリフト,牡4,58.0,富田暁,1:12.8,アタマ,5.1,3.0,450(+6),[西] 笹田和秀,202308020310
9,5,7,ジゲン,牡6,58.0,松山弘平,1:13.0,3/4,23.3,8.0,474(0),[西] 中村直也,202308020310
10,4,5,コパノハンプトン,牡3,57.0,幸英明,1:13.0,ハナ,6.0,4.0,504(+2),[西] 宮徹,202308020310
11,1,1,ランドボルケーノ,牡5,58.0,松若風馬,1:13.9,5,78.1,12.0,494(+10),[西] 安達昭夫,202308020310
12,7,10,マラードザレコード,セ9,58.0,中井裕二,1:14.1,1.1/4,48.1,11.0,484(+8),[西] 鈴木孝志,202308020310
13,7,11,テンテキセンセキ,セ6,58.0,小沢大仁,1:14.4,2,138.5,13.0,462(-2),[西] 松永昌博,202308020310
1,5,7,プラダリア,牡4,57.0,池添謙一,2:25.3,,7.6,5.0,470(+6),[西] 池添学,202308020311
2,4,6,ボッケリーニ,牡7,57.0,浜中俊,2:25.3,クビ,5.3,3.0,470(+4),[西] 池江泰寿,202308020311
3,3,4,ディープボンド,牡6,57.0,和田竜二,2:25.4,3/4,4.0,1.0,508(+6),[西] 大久保龍,202308020311
4,5,8,ヒンドゥタイムズ,セ7,57.0,団野大成,2:25.5,クビ,51.7,9.0,472(+16),[西] 斉藤崇史,202308020311
5,7,12,アフリカンゴールド,セ8,57.0,国分恭介,2:25.5,クビ,58.3,10.0,476(+4),[西] 西園正都,202308020311
6,3,3,マイネルウィルトス,牡7,57.0,Ｍ．デム,2:25.7,1,19.4,8.0,480(+4),[西] 宮徹,202308020311
7,2,2,ヴェラアズール,牡6,59.0,松山弘平,2:25.7,クビ,8.2,6.0,526(+6),[西] 渡辺薫彦,202308020311
8,6,9,ビッグリボン,牝5,55.0,西村淳也,2:26.2,3,15.6,7.0,504(+4),[西] 中内田充,202308020311
9,6,10,ヒートオンビート,牡6,58.0,川田将雅,2:26.3,クビ,5.7,4.0,484(+6),[西] 友道康夫,202308020311
10,7,11,ウインマイティー,牝6,55.0,松若風馬,2:26.4,3/4,92.4,12.0,490(0),[西] 西園正都,202308020311
11,8,14,アイアンバローズ,牡6,57.0,北村友一,2:26.7,1.3/4,111.7,13.0,514(+6),[西] 上村洋行,202308020311
12,4,5,インプレス,牡4,57.0,藤岡佑介,2:28.2,9,69.4,11.0,536(+12),[西] 佐々木晶,202308020311
13,8,13,ゼーゲン,セ8,57.0,藤岡康太,2:28.4,1.1/2,269.4,14.0,412(-4),[東] 堀宣行,202308020311
中,1,1,ブローザホーン,牡4,57.0,菅原明良,,,5.0,2.0,414(-8),[東] 中野栄治,202308020311
1,4,5,レディフォース,牝3,54.0,長岡禎仁,1:24.7,,2.7,1.0,514(-2),[西] 杉山佳明,202308020312
2,8,13,スマートアイ,牝3,51.0,今村聖奈,1:24.8,アタマ,4.2,3.0,508(-2),[西] 寺島良,202308020312
3,4,4,ロープスピニング,牝4,56.0,吉村智洋,1:25.1,1.3/4,119.5,11.0,438(+8),[東] 武藤善則,202308020312
4,5,6,ヴィゴラスダンサー,牝4,56.0,藤岡康太,1:25.6,3.1/2,10.9,5.0,446(-4),[西] 友道康夫,202308020312
5,7,11,ミセスバローズ,牝5,56.0,松若風馬,1:25.8,3/4,7.6,4.0,430(-4),[西] 上村洋行,202308020312
6,8,12,ニシノラーナ,牝4,52.0,河原田菜,1:25.8,クビ,83.0,9.0,496(-4),[東] 加藤和宏,202308020312
7,5,7,ハンベルジャイト,牝3,54.0,西村淳也,1:25.9,1/2,13.9,6.0,490(+24),[西] 大久保龍,202308020312
8,6,8,アレマーナ,牝4,55.0,角田大和,1:26.2,1.3/4,58.5,8.0,500(+10),[西] 松下武士,202308020312
9,2,2,マヤローザ,牝5,53.0,田口貫太,1:26.2,アタマ,141.2,13.0,438(+4),[西] 大橋勇樹,202308020312
10,6,9,ナサ,牝5,53.0,永島まな,1:26.3,クビ,126.1,12.0,478(+12),[西] 藤沢則雄,202308020312
11,7,10,パンドレア,牝4,56.0,団野大成,1:26.3,クビ,20.3,7.0,454(+4),[西] 斉藤崇史,202308020312
12,3,3,シモズル,牝3,53.0,角田大河,1:26.3,アタマ,4.1,2.0,502(0),[西] 石橋守,202308020312
13,1,1,アタカンテ,牝4,53.0,西塚洸二,1:27.5,7,99.9,10.0,494(+2),[西] 藤原英昭,202308020312
1,6,7,ドレシャス,牝2,52.0,田口貫太,1:13.6,,1.9,1.0,480(+4),[西] 西園正都,202308020401
2,8,11,ハッピーダンス,牝2,55.0,西村淳也,1:14.2,4,5.6,2.0,460(0),[西] 茶木太樹,202308020401
3,1,1,アルピニスト,牝2,55.0,長岡禎仁,1:14.6,2,14.4,5.0,468(0),[西] 杉山佳明,202308020401
4,8,12,ディディット,牝2,55.0,酒井学,1:14.9,1.3/4,74.8,9.0,442(+4),[西] 木原一良,202308020401
5,4,4,プエルタセクレタ,牝2,55.0,岩田望来,1:15.8,5,6.4,3.0,418(-2),[西] 野中賢二,202308020401
6,7,10,ラヴィンローゼス,牝2,55.0,幸英明,1:15.8,ハナ,26.5,7.0,376(+2),[西] 西村真幸,202308020401
7,3,3,クリノスピネル,牝2,55.0,和田竜二,1:15.9,3/4,101.3,10.0,446(+6),[西] 川村禎彦,202308020401
8,7,9,アジアノハナ,牝2,55.0,浜中俊,1:16.4,2.1/2,7.9,4.0,476(-16),[西] 牧田和弥,202308020401
9,5,5,ダイメイイチョウ,牝2,51.0,河原田菜,1:16.6,1,24.4,6.0,448(+2),[西] 本田優,202308020401
10,6,8,クリノカグヤ,牝2,55.0,国分優作,1:16.8,1.1/4,180.2,12.0,436(-4),[西] 坂口智康,202308020401
11,5,6,スイートウィル,牝2,52.0,大久保友,1:17.2,2.1/2,159.3,11.0,412(-2),[西] 村山明,202308020401
12,2,2,ジンチョウゲ,牝2,55.0,松田大作,1:17.7,2.1/2,29.3,8.0,420(+6),[西] 石坂公一,202308020401
1,1,1,ヒロノラメール,牡2,56.0,和田竜二,1:55.3,,2.0,1.0,474(+4),[西] 川村禎彦,202308020402
2,6,6,ブーヤカ,牡2,56.0,藤岡康太,1:55.4,クビ,6.5,3.0,464(0),[西] 藤岡健一,202308020402
3,2,2,ダイシンバースディ,牡2,56.0,西村淳也,1:57.1,10,11.5,4.0,478(+2),[西] 庄野靖志,202308020402
4,3,3,カフジテルビウム,牡2,56.0,長岡禎仁,1:58.1,6,15.4,6.0,450(-2),[西] 杉山佳明,202308020402
5,4,4,パシュミナ,牝2,52.0,田口貫太,1:58.3,1.1/2,14.5,5.0,444(+10),[西] 中竹和也,202308020402
6,7,7,ブリザードベアー,牡2,56.0,古川吉洋,1:58.8,3,75.4,7.0,492(+4),[西] 川村禎彦,202308020402
7,8,8,スカイハイ,牡2,56.0,岩田望来,2:01.3,大,3.2,2.0,520(+4),[西] 清水久詞,202308020402
8,5,5,ナンヨーノーマル,牝2,54.0,小沢大仁,2:02.2,5,311.7,8.0,450(-6),[西] 緒方努,202308020402
1,7,9,バレルターン,牡2,56.0,西村淳也,1:34.5,,1.8,1.0,464(-6),[西] 茶木太樹,202308020403
2,8,11,リチャードバローズ,牡2,56.0,岩田望来,1:34.6,3/4,5.2,3.0,506(-6),[西] 上村洋行,202308020403
3,6,7,インユアパレス,牡2,56.0,坂井瑠星,1:34.9,2,4.7,2.0,484(+4),[西] 須貝尚介,202308020403
4,6,6,ウィズユアハート,牝2,55.0,横山典弘,1:34.9,クビ,80.4,7.0,422(+12),[西] 四位洋文,202308020403
5,2,2,ウォータープイプイ,牝2,55.0,幸英明,1:35.3,2,180.0,9.0,474(-2),[西] 岡田稲男,202308020403
6,7,8,スターターン,牡2,56.0,武豊,1:35.3,アタマ,8.5,4.0,478(+10),[西] 坂口智康,202308020403
7,3,3,メイショウブルー,牡2,52.0,河原田菜,1:35.3,アタマ,13.3,5.0,470(0),[西] 河内洋,202308020403
8,5,5,ヴェッターホルン,牡2,56.0,和田竜二,1:35.5,1.1/4,58.9,6.0,466(-8),[西] 吉田直弘,202308020403
9,1,1,ヤシマ,牡2,56.0,加藤祥太,1:35.9,2.1/2,321.6,11.0,498(0),[西] 加用正,202308020403
10,8,10,シュヴァイゲン,牡2,56.0,団野大成,1:35.9,アタマ,122.5,8.0,480(0),[西] 斉藤崇史,202308020403
11,4,4,クリノトパーズ,牝2,52.0,田口貫太,1:36.8,5,270.4,10.0,426(-4),[西] 大橋勇樹,202308020403
1,2,2,フォーエバーヤング,牡2,56.0,坂井瑠星,1:54.8,,4.2,2.0,526(0),[西] 矢作芳人,202308020404
2,5,7,シーリュウシー,牡2,56.0,幸英明,1:55.5,4,40.4,10.0,490(0),[西] 岡田稲男,202308020404
3,4,6,バロンドール,牡2,56.0,横山典弘,1:55.6,1,5.8,3.0,522(0),[西] 松永幹夫,202308020404
4,3,4,アンバードール,牡2,56.0,西村淳也,1:55.8,1.1/2,9.7,5.0,520(0),[西] 吉岡辰弥,202308020404
5,7,12,ベラジオラオウ,牡2,56.0,岩田望来,1:55.9,1/2,4.0,1.0,474(0),[西] 上村洋行,202308020404
6,4,5,シトロンヴェール,牡2,56.0,池添謙一,1:57.2,8,12.6,6.0,528(0),[西] 吉田直弘,202308020404
7,6,9,ケイアイアンタレス,牡2,56.0,藤懸貴志,1:57.8,3.1/2,17.7,7.0,446(0),[西] 平田修,202308020404
8,6,10,スマッシュスルー,牡2,56.0,武豊,1:57.9,3/4,7.4,4.0,540(0),[西] 清水久詞,202308020404
9,8,14,グランレザンドール,牡2,56.0,和田竜二,1:57.9,アタマ,69.1,12.0,510(0),[西] 高橋義忠,202308020404
10,5,8,エピックナイト,牡2,55.0,角田大河,1:58.8,5,54.5,11.0,436(0),[西] 笹田和秀,202308020404
11,1,1,クアトロジャック,牡2,56.0,加藤祥太,1:59.0,1.1/2,28.5,9.0,460(0),[西] 庄野靖志,202308020404
12,8,13,ハードメープル,牡2,53.0,田口貫太,1:59.2,1,176.8,14.0,534(0),[西] 石坂公一,202308020404
13,7,11,アマノメルシー,牝2,51.0,河原田菜,1:59.3,クビ,139.9,13.0,420(0),[西] 藤沢則雄,202308020404
14,3,3,カネコメファミリー,牝2,55.0,団野大成,2:07.7,大,18.9,8.0,486(0),[西] 中尾秀正,202308020404
1,2,2,タガノエルピーダ,牝2,55.0,団野大成,1:34.3,,3.4,2.0,440(0),[西] 斉藤崇史,202308020405
2,7,10,クランフォード,牝2,55.0,西村淳也,1:34.4,3/4,4.9,3.0,466(0),[西] 杉山晴紀,202308020405
3,5,7,アドマイヤアストラ,牡2,56.0,武豊,1:35.0,3.1/2,2.7,1.0,434(0),[西] 友道康夫,202308020405
4,7,11,ルージュレイナス,牝2,55.0,坂井瑠星,1:35.0,ハナ,5.8,4.0,476(0),[西] 橋口慎介,202308020405
5,3,3,メイショウカンムリ,牡2,56.0,幸英明,1:36.0,6,107.8,12.0,460(0),[西] 木原一良,202308020405
6,1,1,カレンデリスモンド,牡2,56.0,和田竜二,1:36.0,1/2,86.0,10.0,490(0),[西] 平田修,202308020405
7,4,4,アマミツツキ,牝2,55.0,古川吉洋,1:36.1,1/2,61.6,8.0,472(0),[西] 宮本博,202308020405
8,5,6,バッジオブオナー,牡2,56.0,藤岡佑介,1:36.5,2,23.4,5.0,454(0),[西] 松永幹夫,202308020405
9,8,13,ルパンモージュ,牡2,56.0,岩田望来,1:36.7,1.1/4,41.5,7.0,490(0),[西] 中竹和也,202308020405
10,6,9,センカラット,牡2,52.0,河原田菜,1:36.7,クビ,38.5,6.0,464(0),[西] 渡辺薫彦,202308020405
11,6,8,ウインオーブ,牡2,56.0,加藤祥太,1:36.8,3/4,172.3,13.0,436(0),[西] 宮本博,202308020405
12,4,5,ジェントルレイン,牝2,52.0,田口貫太,1:36.9,1,100.3,11.0,386(0),[西] 高橋義忠,202308020405
13,8,12,ヨシミツ,牡2,56.0,池添謙一,1:37.2,1.3/4,80.5,9.0,456(0),[西] 飯田祐史,202308020405
1,8,10,ケイアイサンデラ,牡3,55.0,藤懸貴志,2:24.8,,9.3,4.0,436(+8),[西] 小林真也,202308020406
2,2,2,マイネルエンペラー,牡3,55.0,岩田望来,2:25.2,2.1/2,3.2,2.0,464(+4),[西] 清水久詞,202308020406
3,3,3,ジューンアヲニヨシ,牡3,55.0,藤岡康太,2:25.3,3/4,8.6,3.0,486(+12),[西] 松下武士,202308020406
4,6,6,ヴェルテンベルク,牡3,55.0,西村淳也,2:25.5,1.1/2,2.1,1.0,482(+8),[西] 宮本博,202308020406
5,7,8,アレナリア,牝4,56.0,団野大成,2:25.6,クビ,20.5,7.0,428(+4),[西] 西園翔太,202308020406
6,5,5,サトノマジェスタ,牡5,58.0,和田竜二,2:25.8,1.1/4,52.0,8.0,492(+6),[西] 音無秀孝,202308020406
7,4,4,シャドウソニック,牡3,55.0,坂井瑠星,2:25.8,クビ,10.2,5.0,504(+16),[西] 辻野泰之,202308020406
8,1,1,グルーヴビート,牡5,58.0,松若風馬,2:26.1,2,86.9,10.0,492(+2),[西] 中村直也,202308020406
9,8,9,ファームツエンティ,牡3,55.0,幸英明,2:26.2,1,14.0,6.0,460(+4),[西] 北出成人,202308020406
10,7,7,ディアマイサン,牡3,54.0,角田大河,2:26.3,クビ,54.3,9.0,522(-12),[西] 松下武士,202308020406
1,2,2,サンデーファンデー,牡3,56.0,松若風馬,1:54.1,,3.4,1.0,498(-8),[西] 音無秀孝,202308020407
2,3,3,シュプリンガー,セ4,58.0,長岡禎仁,1:54.1,クビ,4.5,2.0,492(0),[西] 小栗実,202308020407
3,8,8,ヒロシクン,セ4,58.0,松田大作,1:54.2,クビ,29.6,9.0,548(+10),[西] 宮本博,202308020407
4,1,1,メイショウホタルビ,牝5,53.0,田口貫太,1:54.3,1,9.3,6.0,432(0),[西] 大橋勇樹,202308020407
5,5,5,ピエナパイロ,牝3,50.0,河原田菜,1:54.8,2.1/2,4.9,3.0,482(+10),[西] 渡辺薫彦,202308020407
6,7,7,アンクルブラック,牡3,55.0,角田大河,1:54.8,クビ,6.9,4.0,474(+6),[西] 高橋亮,202308020407
7,4,4,メイショウジェンマ,牡3,56.0,幸英明,1:54.9,1/2,10.7,7.0,466(-6),[西] 飯田祐史,202308020407
8,8,9,ツクヨミ,牡3,56.0,藤岡康太,1:55.5,3.1/2,21.0,8.0,466(+10),[西] 坂口智康,202308020407
9,6,6,ゼットスティール,牡3,56.0,和田竜二,1:57.1,10,8.9,5.0,516(-6),[西] 川村禎彦,202308020407
1,3,3,ジュンゴールド,牡2,56.0,坂井瑠星,1:47.2,,1.5,1.0,484(-6),[西] 友道康夫,202308020408
2,4,4,フナデ,牡2,56.0,和田竜二,1:47.8,3.1/2,7.7,3.0,436(+6),[西] 飯田雄三,202308020408
3,5,5,ナムラフッカー,牡2,56.0,藤岡康太,1:47.9,3/4,3.7,2.0,470(0),[西] 村山明,202308020408
4,1,1,ホルトバージ,牡2,56.0,岩田望来,1:47.9,ハナ,14.1,5.0,466(-6),[西] 寺島良,202308020408
5,2,2,モアリジット,牡2,56.0,団野大成,1:48.0,1/2,10.7,4.0,478(0),[西] 西村真幸,202308020408
1,7,9,ブリュットミレジメ,牡4,58.0,団野大成,1:20.6,,6.8,4.0,508(0),[西] 荒川義之,202308020409
2,3,3,ワンダーカタリナ,牡6,57.0,角田大河,1:20.7,3/4,15.3,6.0,530(+2),[西] 河内洋,202308020409
3,6,6,アスクキングコング,セ5,58.0,岩田望来,1:20.7,アタマ,11.3,5.0,472(+4),[西] 梅田智之,202308020409
4,7,8,ルクスドヌーヴ,牝3,54.0,武豊,1:20.9,3/4,15.6,7.0,452(+8),[西] 須貝尚介,202308020409
5,1,1,マチカゼ,牡3,56.0,西村淳也,1:20.9,アタマ,3.8,2.0,482(-4),[西] 杉山晴紀,202308020409
6,4,4,サヴァイヴ,牡6,55.0,田口貫太,1:20.9,クビ,62.4,11.0,478(+2),[西] 清水久詞,202308020409
7,6,7,アルムファーツリー,牝5,56.0,和田竜二,1:21.1,1,50.4,10.0,476(+2),[西] 川村禎彦,202308020409
8,2,2,メイショウツワブキ,牝5,52.0,河原田菜,1:21.3,1.1/2,42.1,9.0,506(+10),[西] 松永昌博,202308020409
9,5,5,ペイシャフラワー,牝3,54.0,幸英明,1:21.4,クビ,5.1,3.0,476(+4),[西] 高橋康之,202308020409
10,8,10,シゲルローズマリー,セ4,58.0,高倉稜,1:21.4,クビ,40.3,8.0,466(0),[西] 渡辺薫彦,202308020409
11,8,11,ルカン,牝3,54.0,横山典弘,1:22.5,7,2.8,1.0,418(-4),[西] 安田翔伍,202308020409
1,5,5,ヘネラルカレーラ,牝5,56.0,坂井瑠星,2:00.9,,2.2,2.0,470(-6),[西] 角田晃一,202308020410
2,8,8,キミノナハマリア,牝3,54.0,武豊,2:01.5,3.1/2,2.1,1.0,506(+12),[西] 千田輝彦,202308020410
3,7,7,テーオーソロス,牡5,58.0,幸英明,2:01.6,3/4,47.7,8.0,468(+6),[西] 宮徹,202308020410
4,6,6,ヴィヴァン,牡5,58.0,西村淳也,2:01.7,クビ,7.5,3.0,492(0),[西] 池江泰寿,202308020410
5,3,3,エルディアブロ,牡5,58.0,藤岡佑介,2:01.7,アタマ,13.3,4.0,458(-2),[西] 佐々木晶,202308020410
6,2,2,タガノカイ,牡5,58.0,古川吉洋,2:01.8,1/2,31.5,6.0,508(-6),[西] 宮徹,202308020410
7,1,1,ヒューマンコメディ,牝6,56.0,柴田善臣,2:01.9,1,42.9,7.0,486(0),[東] 水野貴広,202308020410
8,4,4,ナリタザクラ,牡6,58.0,松若風馬,2:02.1,1,19.4,5.0,502(-2),[西] 高橋亮,202308020410
1,3,3,ヴィクティファルス,セ5,58.0,池添謙一,1:51.3,,28.9,7.0,480(+10),[西] 池添学,202308020411
2,4,4,タイセイドレフォン,牡4,58.0,団野大成,1:51.5,1.1/4,3.6,2.0,504(+6),[西] 西村真幸,202308020411
3,8,12,キタノリューオー,牡5,57.0,松若風馬,1:51.5,アタマ,54.1,10.0,470(+4),[東] 萱野浩二,202308020411
4,6,7,マリオロード,牡4,57.0,武豊,1:51.5,クビ,17.0,5.0,502(+18),[西] 安達昭夫,202308020411
5,1,1,メイクアリープ,牡4,57.0,幸英明,1:51.6,クビ,2.3,1.0,478(-2),[西] 大根田裕,202308020411
6,5,5,カフジオクタゴン,牡4,58.0,坂井瑠星,1:51.6,ハナ,5.7,3.0,544(-6),[西] 矢作芳人,202308020411
7,5,6,ガンダルフ,牡5,57.0,西村淳也,1:51.8,1.1/4,6.6,4.0,482(-2),[東] 国枝栄,202308020411
8,7,10,エナハツホ,牝4,55.0,藤懸貴志,1:52.0,1.1/4,40.4,9.0,454(+2),[西] 吉田直弘,202308020411
9,8,11,ディアセオリー,牡6,57.0,藤岡佑介,1:52.2,1.1/4,105.6,12.0,498(+2),[東] 高木登,202308020411
10,2,2,リリーミニスター,セ6,57.0,岩田望来,1:53.6,8,35.1,8.0,482(+2),[西] 緒方努,202308020411
11,6,8,ジャズブルース,牡4,57.0,角田大河,1:53.7,3/4,68.8,11.0,472(+10),[西] 吉村圭司,202308020411
12,7,9,ロードエクレール,牡5,57.0,和田竜二,1:54.2,3,27.1,6.0,474(+4),[東] 斎藤誠,202308020411
1,6,10,タマモダイジョッキ,牡5,58.0,武豊,1:24.0,,3.2,2.0,490(+2),[西] 緒方努,202308020412
2,4,6,ジュストコル,牡5,58.0,和田竜二,1:24.1,1/2,14.8,5.0,508(+2),[西] 大久保龍,202308020412
3,5,7,スペクトログラム,牡4,58.0,坂井瑠星,1:24.2,1/2,12.3,4.0,498(0),[西] 池江泰寿,202308020412
4,6,9,メイショウキッド,牡4,58.0,横山典弘,1:24.3,1/2,15.1,6.0,514(-4),[西] 本田優,202308020412
5,8,13,グッドグロウス,牡4,58.0,国分恭介,1:24.3,アタマ,61.8,11.0,466(-2),[西] 加用正,202308020412
6,1,1,ハンベルジャイト,牝3,54.0,西村淳也,1:24.5,1,17.1,8.0,488(-2),[西] 大久保龍,202308020412
7,3,4,ブレーヴジャッカル,セ5,58.0,浜中俊,1:24.6,1/2,16.0,7.0,462(-14),[西] 長谷川浩,202308020412
8,7,12,ゼットノヴァ,牡4,58.0,幸英明,1:24.7,1/2,2.9,1.0,440(0),[西] 吉田直弘,202308020412
9,4,5,メタモルフォーゼ,牝6,56.0,藤岡佑介,1:24.7,アタマ,73.6,12.0,480(+14),[西] 渡辺薫彦,202308020412
10,5,8,エルパソ,牡4,58.0,松田大作,1:24.8,1/2,18.9,9.0,460(0),[東] 武井亮,202308020412
11,8,14,シュルレアリスト,牡5,58.0,松若風馬,1:25.3,3,50.3,10.0,448(+4),[西] 中村直也,202308020412
12,7,11,カッコヨカ,牡4,54.0,河原田菜,1:25.6,2,246.4,14.0,476(+8),[西] 笹田和秀,202308020412
13,3,3,リュクスウォリアー,牡6,58.0,藤懸貴志,1:25.8,1.1/2,6.4,3.0,504(-6),[西] 平田修,202308020412
中,2,2,トーアエレクトロン,牡5,58.0,藤岡康太,,,209.5,13.0,474(-2),[西] 羽月友彦,202308020412
1,6,6,ダノンスウィッチ,牡2,56.0,ルメール,1:26.4,,1.8,1.0,474(+2),[西] 音無秀孝,202308020501
2,4,4,プレヴィスト,牝2,55.0,松山弘平,1:26.6,1.1/4,13.3,5.0,464(0),[西] 池添学,202308020501
3,3,3,ラストボーン,セ2,53.0,田口貫太,1:27.4,5,65.8,6.0,446(-4),[西] 加用正,202308020501
4,7,7,ナムラルッコラ,牝2,55.0,幸英明,1:28.2,5,91.2,7.0,476(0),[西] 大橋勇樹,202308020501
5,8,9,ヤマニンアラクリア,牡2,56.0,田中健,1:28.4,1.1/2,11.1,4.0,474(+10),[西] 中村直也,202308020501
6,8,8,ブリックバーン,牡2,56.0,岩田望来,1:28.5,クビ,6.0,3.0,476(+2),[西] 清水久詞,202308020501
7,5,5,ゴールドサーベル,牡2,56.0,和田竜二,1:29.3,5,3.6,2.0,468(-2),[西] 大久保龍,202308020501
8,1,1,ゲッワイエンタン,牡2,56.0,斎藤新,1:29.4,3/4,179.1,9.0,440(-4),[西] 高橋康之,202308020501
9,2,2,ビップライアン,牡2,52.0,河原田菜,1:29.8,2.1/2,124.2,8.0,496(0),[西] 松下武士,202308020501
1,5,5,アンモシエラ,牝2,55.0,松山弘平,1:55.4,,5.4,3.0,488(-8),[西] 松永幹夫,202308020502
2,8,9,ルディック,牡2,56.0,幸英明,1:56.6,7,2.7,2.0,502(0),[西] 高野友和,202308020502
3,6,6,ノイヤーヘルト,牡2,56.0,川田将雅,1:56.8,3/4,2.5,1.0,514(+6),[西] 中竹和也,202308020502
4,7,7,ドルチアーリア,牝2,55.0,坂井瑠星,1:57.1,2,15.4,6.0,486(-2),[西] 新谷功一,202308020502
5,1,1,バガリーロータス,牝2,52.0,田口貫太,1:57.6,3,86.0,7.0,460(-2),[西] 石坂公一,202308020502
6,3,3,ウインメラナイト,牡2,56.0,Ｍ．デム,1:58.1,3.1/2,14.4,5.0,486(+2),[西] 寺島良,202308020502
7,2,2,オベイユアマスター,牡2,56.0,古川吉洋,1:58.6,3,10.0,4.0,438(+14),[西] 昆貢,202308020502
8,4,4,ブラーヴミノル,牡2,56.0,酒井学,1:59.1,2.1/2,117.9,8.0,550(0),[西] 本田優,202308020502
9,8,8,クリノブルームーン,牡2,55.0,小沢大仁,2:01.9,大,392.4,9.0,474(0),[西] 川村禎彦,202308020502
1,2,2,サトノシュトラーセ,牡2,56.0,川田将雅,2:02.7,,1.7,1.0,510(-4),[西] 友道康夫,202308020503
2,3,3,ワーキングアセット,牡2,56.0,ルメール,2:03.5,5,2.1,2.0,476(-4),[西] 吉村圭司,202308020503
3,4,4,エイシンローテイト,牡2,53.0,田口貫太,2:04.1,3.1/2,51.8,4.0,496(-4),[西] 高橋康之,202308020503
4,1,1,エンムスビ,牝2,55.0,幸英明,2:05.1,6,9.6,3.0,444(+4),[西] 角田晃一,202308020503
5,5,5,コパノアマンダ,牝2,51.0,河原田菜,2:09.5,大,78.5,5.0,446(-2),[西] 村山明,202308020503
1,7,8,シュークリーム,牝2,55.0,松山弘平,1:10.0,,13.8,5.0,422(0),[西] 西村真幸,202308020504
2,7,9,マーシャルテイル,牡2,56.0,ルメール,1:11.1,7,2.5,1.0,464(0),[西] 池添学,202308020504
3,1,1,レオナルドスター,牡2,56.0,西村淳也,1:11.2,クビ,33.8,8.0,464(0),[西] 長谷川浩,202308020504
4,2,2,プレイソフトリー,牡2,56.0,藤岡康太,1:11.4,1.1/4,4.7,3.0,496(0),[西] 藤岡健一,202308020504
5,5,5,ボナール,牡2,56.0,松田大作,1:11.5,1,35.5,9.0,442(0),[西] 武英智,202308020504
6,8,10,ジュエルドパリ,牡2,56.0,武豊,1:11.8,1.3/4,9.3,4.0,440(0),[西] 笹田和秀,202308020504
7,6,6,ジョウエン,牝2,54.0,小沢大仁,1:12.0,1,21.3,6.0,412(0),[西] 小栗実,202308020504
8,6,7,プレザントウインド,牝2,52.0,田口貫太,1:12.0,ハナ,62.9,10.0,386(0),[西] 小崎憲,202308020504
9,4,4,キンコンテーラー,牝2,55.0,鮫島克駿,1:12.5,3,84.0,11.0,424(0),[西] 緒方努,202308020504
10,8,11,オレンジサファイア,牝2,55.0,岩田望来,1:12.9,2.1/2,4.1,2.0,476(0),[西] 岡田稲男,202308020504
11,3,3,オメガモーニング,牡2,56.0,横山和生,1:13.1,1.1/2,25.7,7.0,442(0),[西] 松永幹夫,202308020504
1,5,8,エルサビオ,牡2,56.0,川田将雅,1:49.9,,3.6,2.0,482(0),[西] 中内田充,202308020505
2,7,12,インファイター,牡2,56.0,ルメール,1:49.9,ハナ,2.4,1.0,490(0),[西] 高野友和,202308020505
3,6,10,イルデポート,牡2,56.0,松山弘平,1:50.2,1.1/2,21.1,5.0,452(0),[西] 杉山佳明,202308020505
4,2,3,ダイジェスト,牡2,56.0,岩田望来,1:50.4,1.1/4,8.0,4.0,458(0),[西] 坂口智康,202308020505
5,4,7,カゼノランナー,牡2,56.0,Ｍ．デム,1:50.7,1.3/4,22.2,6.0,504(0),[西] 松永幹夫,202308020505
6,1,1,パッカパッカブー,牡2,56.0,酒井学,1:50.8,1/2,24.3,7.0,474(0),[西] 須貝尚介,202308020505
7,4,6,アップステート,牡2,55.0,小沢大仁,1:50.9,1,198.4,12.0,530(0),[西] 松永昌博,202308020505
8,8,14,ラインフォルテ,牡2,56.0,鮫島克駿,1:51.5,3.1/2,35.1,9.0,484(0),[西] 長谷川浩,202308020505
9,3,5,キタサンシデン,牡2,56.0,横山典弘,1:51.5,クビ,7.3,3.0,498(0),[西] 本田優,202308020505
10,3,4,クロスアヴァンセ,牝2,55.0,西村淳也,1:51.8,1.1/2,255.3,13.0,438(0),[西] 庄野靖志,202308020505
11,2,2,マグノオンゾウシ,牡2,56.0,幸英明,1:52.0,1.1/4,257.8,14.0,442(0),[西] 笹田和秀,202308020505
12,8,15,メイショウガイフウ,牡2,55.0,角田大河,1:52.0,ハナ,65.1,10.0,444(0),[西] 角田晃一,202308020505
13,7,13,ユウトザアシゲ,牡2,53.0,田口貫太,1:52.3,2,129.5,11.0,502(0),[西] 藤沢則雄,202308020505
14,5,9,スターチョウサン,牝2,55.0,武豊,1:53.5,7,31.5,8.0,478(0),[東] 小島茂之,202308020505
15,6,11,バトンインディ,牡2,56.0,藤岡康太,1:54.6,7,278.1,15.0,444(0),[西] 安達昭夫,202308020505
1,1,1,オメガタキシード,セ3,56.0,坂井瑠星,1:52.4,,6.2,4.0,444(-2),[西] 松永幹夫,202308020506
2,7,7,ササヤキ,牡3,56.0,池添謙一,1:52.4,クビ,4.9,3.0,532(+6),[西] 畑端省吾,202308020506
3,6,6,プメハナ,牝3,54.0,酒井学,1:52.8,2,17.5,6.0,458(+2),[西] 鮫島一歩,202308020506
4,4,4,シゲルソロソロ,牝3,54.0,和田翼,1:53.4,3.1/2,4.3,2.0,472(-2),[西] 谷潔,202308020506
5,2,2,パラディ,牝3,54.0,横山武史,1:53.6,1.1/4,2.4,1.0,470(-6),[西] 四位洋文,202308020506
6,5,5,ムーンスカイ,牡3,56.0,松山弘平,1:54.2,4,7.3,5.0,442(0),[西] 牧田和弥,202308020506
7,3,3,ポジティブガール,牝4,53.0,田口貫太,1:55.0,5,78.8,8.0,456(0),[西] 緒方努,202308020506
8,8,8,タマモエース,牡4,58.0,和田竜二,1:55.2,3/4,25.1,7.0,486(+2),[西] 川村禎彦,202308020506
1,6,8,ペプチドタイガー,牡3,56.0,川田将雅,1:24.0,,1.8,1.0,460(-6),[西] 吉村圭司,202308020507
2,6,9,シンゼンイズモ,牡3,56.0,和田竜二,1:24.8,5,7.0,3.0,520(+2),[西] 荒川義之,202308020507
3,5,6,メイショウタイゲイ,牡4,57.0,小沢大仁,1:25.2,2,57.2,9.0,460(-2),[西] 荒川義之,202308020507
4,7,10,ドンアチェカ,牡3,56.0,岩田望来,1:25.5,2,19.3,5.0,492(+6),[西] 千田輝彦,202308020507
5,3,3,ジャーヴィス,牡3,56.0,酒井学,1:25.6,1/2,26.0,6.0,486(+12),[西] 千田輝彦,202308020507
6,5,7,グランデスフィーダ,牡3,56.0,松山弘平,1:25.6,アタマ,3.8,2.0,530(+8),[西] 池江泰寿,202308020507
7,7,11,トーホウキザン,牡3,56.0,国分恭介,1:26.3,4,39.4,8.0,464(-4),[西] 高橋康之,202308020507
8,1,1,ホープインザダーク,牡4,58.0,西村淳也,1:26.4,クビ,103.3,12.0,510(+2),[西] 庄野靖志,202308020507
9,2,2,スカプラリオ,牝3,54.0,田中健,1:26.9,3,36.1,7.0,462(+2),[西] 佐々木晶,202308020507
10,8,13,フリークボンバー,牡6,54.0,河原田菜,1:27.4,3,75.9,10.0,488(-8),[西] 岡田稲男,202308020507
11,8,12,ヴァンダービルト,牡4,58.0,武豊,1:27.4,クビ,10.5,4.0,524(-2),[西] 庄野靖志,202308020507
12,4,4,エトワールジェンヌ,牝4,56.0,藤岡康太,1:28.0,3.1/2,160.3,13.0,514(-2),[西] 清水久詞,202308020507
13,4,5,ホヲユイットウ,牝4,53.0,田口貫太,1:28.7,4,102.2,11.0,412(+22),[西] 小林真也,202308020507
1,2,2,ナナオ,牝2,56.0,西村淳也,1:23.2,,2.4,2.0,424(+12),[西] 小栗実,202308020508
2,6,6,フェンダー,牡2,56.0,ルメール,1:23.4,1.1/2,2.3,1.0,504(-12),[西] 斉藤崇史,202308020508
3,3,3,タイセイレスポンス,牡2,56.0,横山和生,1:23.9,3,7.8,3.0,474(-10),[西] 安田翔伍,202308020508
4,5,5,レガテアドール,牡2,56.0,斎藤新,1:24.1,3/4,9.3,4.0,418(-10),[西] 吉田直弘,202308020508
5,1,1,トレンシャリー,牡2,56.0,幸英明,1:24.4,1.3/4,9.6,5.0,446(+8),[西] 寺島良,202308020508
6,4,4,アガシ,牡2,56.0,武豊,1:24.4,クビ,31.8,6.0,472(0),[西] 庄野靖志,202308020508
1,6,8,サイモンザナドゥ,牡3,56.0,武豊,1:51.4,,3.5,1.0,478(-2),[西] 小林真也,202308020509
2,1,1,パーティーベル,牡4,58.0,横山和生,1:52.4,6,4.0,2.0,460(-2),[西] 松永幹夫,202308020509
3,2,2,サンライズジャスト,牡4,58.0,岩田望来,1:52.5,1/2,12.6,7.0,540(-4),[西] 羽月友彦,202308020509
4,8,11,カネトシブルーム,牡4,55.0,田口貫太,1:52.9,2.1/2,6.3,5.0,512(+4),[西] 大橋勇樹,202308020509
5,5,6,テーオーサンドニ,牡4,58.0,坂井瑠星,1:53.4,3,6.0,4.0,470(-6),[西] 高柳大輔,202308020509
6,3,3,キングダムウイナー,牡6,58.0,藤岡康太,1:54.1,4,123.1,9.0,506(-4),[西] 田中克典,202308020509
7,6,7,イエローウィン,牝4,56.0,江田照男,1:54.2,1/2,154.6,10.0,478(-2),[東] 菊川正達,202308020509
8,5,5,イシュタルゲート,牡7,58.0,西村淳也,1:54.9,4,68.1,8.0,518(0),[西] 茶木太樹,202308020509
9,8,12,テイエムフォンテ,牡4,58.0,酒井学,1:55.9,6,248.5,12.0,500(-10),[西] 飯田雄三,202308020509
10,4,4,テンダンス,セ4,57.0,角田大河,1:56.2,1.3/4,11.6,6.0,502(+8),[西] 中竹和也,202308020509
11,7,9,レゴリス,セ7,54.0,河原田菜,1:57.2,6,223.4,11.0,490(-6),[東] 辻哲英,202308020509
12,7,10,ヴァモスロード,牡4,58.0,幸英明,1:59.0,大,4.9,3.0,524(+2),[西] 西園正都,202308020509
1,7,7,ゴールドエクリプス,牝4,56.0,岩田望来,1:47.0,,1.6,1.0,498(+2),[西] 大久保龍,202308020510
2,1,1,コスモサガルマータ,牡3,56.0,和田竜二,1:47.1,1/2,5.0,2.0,506(+12),[西] 梅田智之,202308020510
3,4,4,トゥルーヴィル,牡6,58.0,ルメール,1:47.1,アタマ,6.3,3.0,466(-2),[西] 小林真也,202308020510
4,2,2,ハートオブアシティ,牡5,58.0,幸英明,1:47.3,3/4,20.3,6.0,448(+8),[西] 森田直行,202308020510
5,3,3,ヴェールランス,牡4,58.0,Ｍ．デム,1:47.6,2,7.0,4.0,446(+12),[西] 藤岡健一,202308020510
6,5,5,ビキニボーイ,牡3,56.0,松若風馬,1:47.8,1.1/2,12.9,5.0,498(+4),[西] 梅田智之,202308020510
7,6,6,ハーランズハーツ,牡6,58.0,鮫島克駿,1:48.0,1.1/4,64.1,7.0,442(+4),[西] 橋口慎介,202308020510
1,3,6,リバティアイランド,牝3,55.0,川田将雅,2:01.1,,1.1,1.0,476(+10),[西] 中内田充,202308020511
2,4,7,マスクトディーヴァ,牝3,55.0,岩田望来,2:01.2,1,13.0,3.0,444(0),[西] 辻野泰之,202308020511
3,1,2,ハーパー,牝3,55.0,ルメール,2:01.6,2.1/2,12.9,2.0,482(+14),[西] 友道康夫,202308020511
4,3,5,ドゥーラ,牝3,55.0,斎藤新,2:01.6,ハナ,26.5,5.0,478(+20),[西] 高橋康之,202308020511
5,4,8,モリアーナ,牝3,55.0,横山典弘,2:01.7,クビ,29.0,7.0,478(+4),[東] 武藤善則,202308020511
6,2,3,マラキナイア,牝3,55.0,池添謙一,2:01.8,1/2,107.3,11.0,442(0),[西] 吉岡辰弥,202308020511
7,8,18,エミュー,牝3,55.0,Ｍ．デム,2:01.8,クビ,201.8,15.0,426(0),[東] 和田正一,202308020511
8,2,4,コナコースト,牝3,55.0,鮫島克駿,2:02.1,1.1/2,18.6,4.0,468(+10),[西] 清水久詞,202308020511
9,7,15,ヒップホップソウル,牝3,55.0,横山武史,2:02.1,アタマ,27.9,6.0,500(+10),[東] 木村哲也,202308020511
10,6,12,ドゥアイズ,牝3,55.0,西村淳也,2:02.1,クビ,76.6,10.0,458(+2),[西] 庄野靖志,202308020511
11,7,13,ラヴェル,牝3,55.0,坂井瑠星,2:02.2,クビ,57.8,8.0,456(-4),[西] 矢作芳人,202308020511
12,6,11,キタウイング,牝3,55.0,江田照男,2:02.2,クビ,216.2,17.0,434(+8),[東] 小島茂之,202308020511
13,5,9,ミシシッピテソーロ,牝3,55.0,石川裕紀,2:02.4,3/4,290.2,18.0,438(0),[東] 畠山吉宏,202308020511
14,8,16,ピピオラ,牝3,55.0,藤岡康太,2:02.4,クビ,118.3,12.0,472(-12),[西] 武幸四郎,202308020511
15,5,10,グランベルナデット,牝3,55.0,松山弘平,2:02.4,クビ,69.6,9.0,500(0),[東] 大竹正博,202308020511
16,1,1,フェステスバント,牝3,55.0,酒井学,2:02.6,1.1/4,215.7,16.0,420(+2),[西] 藤岡健一,202308020511
17,8,17,ソレイユヴィータ,牝3,55.0,武豊,2:02.8,1.1/4,156.0,14.0,458(+2),[西] 杉山晴紀,202308020511
18,7,14,コンクシェル,牝3,55.0,幸英明,2:03.0,1,139.6,13.0,470(0),[西] 清水久詞,202308020511
1,3,3,テーオーリカード,牡3,55.0,岩田望来,1:50.9,,2.6,1.0,488(+2),[西] 高柳大輔,202308020512
2,4,6,ロッキーサンダー,牡6,55.0,西村淳也,1:52.2,8,18.9,7.0,482(+2),[西] 石橋守,202308020512
3,4,5,ラズルダズル,牡6,55.0,幸英明,1:52.4,1,6.8,3.0,472(+4),[西] 茶木太樹,202308020512
4,1,1,クロニクル,牡4,57.0,松山弘平,1:52.8,2.1/2,7.1,4.0,518(-4),[西] 田中克典,202308020512
5,5,7,ムエックス,牡5,54.0,国分優作,1:53.0,1.1/2,69.8,11.0,508(+4),[西] 大根田裕,202308020512
6,3,4,ダッチマン,セ6,54.0,国分恭介,1:53.6,4,60.5,10.0,468(+6),[西] 音無秀孝,202308020512
7,7,11,イイネイイネイイネ,牡4,52.0,松若風馬,1:53.7,クビ,157.5,13.0,450(0),[西] 小崎憲,202308020512
8,8,13,コパノニコルソン,牡4,57.0,藤岡康太,1:53.8,3/4,4.3,2.0,530(0),[西] 宮徹,202308020512
9,6,9,ヴェノム,牡5,52.0,酒井学,1:54.6,5,160.7,14.0,540(-8),[東] 天間昭一,202308020512
10,2,2,モズマゾク,牡5,55.0,Ｍ．デム,1:54.6,クビ,29.1,8.0,502(+6),[西] 杉山佳明,202308020512
11,7,12,エメヴィベール,牡4,55.0,坂井瑠星,1:54.6,アタマ,7.8,5.0,574(+6),[西] 吉岡辰弥,202308020512
12,6,10,ヒミノフラッシュ,牡5,57.0,和田竜二,1:54.8,1,14.2,6.0,550(-6),[西] 川村禎彦,202308020512
13,5,8,サンライズシェリー,牡6,54.0,角田大河,1:55.0,1.1/4,58.3,9.0,486(+6),[西] 河内洋,202308020512
14,8,14,クリノホノオ,牡6,53.0,田口貫太,1:55.0,ハナ,101.4,12.0,486(0),[西] 谷潔,202308020512
1,8,10,タイキヴァンクール,牡2,56.0,浜中俊,1:22.7,,2.4,1.0,510(-2),[西] 中尾秀正,202308020601
2,4,4,コーティアスマナー,牝2,55.0,鮫島克駿,1:22.9,1,4.8,3.0,438(+4),[西] 高橋義忠,202308020601
3,3,3,ナムライリス,牝2,54.0,角田大河,1:23.3,2.1/2,26.4,7.0,438(+8),[西] 中竹和也,202308020601
4,1,1,レディーズナイト,牝2,55.0,藤岡康太,1:23.3,クビ,24.5,6.0,460(+4),[西] 鮫島一歩,202308020601
5,8,11,シャドフ,牝2,55.0,川田将雅,1:23.4,1/2,3.0,2.0,442(0),[西] 庄野靖志,202308020601
6,2,2,ルクスリーベン,牝2,54.0,小沢大仁,1:23.9,3,91.9,8.0,450(-2),[西] 松永昌博,202308020601
7,6,6,アリストロシュ,牝2,53.0,田口貫太,1:24.2,2,12.0,4.0,438(+10),[西] 佐々木晶,202308020601
8,6,7,シカンスイヨウ,牝2,51.0,河原田菜,1:24.2,ハナ,385.7,11.0,456(+2),[西] 坂口智康,202308020601
9,7,8,クリノローレライ,牝2,55.0,団野大成,1:24.7,3,291.0,9.0,420(-8),[西] 長谷川浩,202308020601
10,5,5,アオイエクラタン,牝2,55.0,酒井学,1:24.8,3/4,334.4,10.0,406(+2),[西] 高橋康之,202308020601
11,7,9,ドナミント,牝2,55.0,西村淳也,1:24.9,1/2,12.4,5.0,458(+4),[西] 小栗実,202308020601
1,8,8,インザモーメント,牡2,56.0,鮫島克駿,1:48.4,,3.1,2.0,480(+4),[西] 田中克典,202308020602
2,1,1,ボイラーメーカー,牡2,56.0,川田将雅,1:48.5,1/2,2.9,1.0,508(+6),[西] 新谷功一,202308020602
3,5,5,エコテーラー,牝2,54.0,角田大河,1:48.8,2,4.7,4.0,502(+4),[西] 石橋守,202308020602
4,2,2,タガノディオーサ,牝2,55.0,浜中俊,1:49.1,2,26.2,6.0,444(-2),[西] 長谷川浩,202308020602
5,8,9,エスカルチャ,牡2,56.0,幸英明,1:49.5,2.1/2,133.4,7.0,516(+10),[西] 岡田稲男,202308020602
6,7,7,アンモード,牡2,56.0,松山弘平,1:49.8,1.3/4,4.4,3.0,484(-4),[西] 西村真幸,202308020602
7,4,4,ロカブルン,牝2,55.0,藤岡康太,1:50.0,1.1/2,18.3,5.0,456(+8),[西] 吉田直弘,202308020602
8,3,3,エレガントフルール,牝2,55.0,水口優也,1:50.2,1.1/4,301.0,9.0,444(+2),[西] 羽月友彦,202308020602
9,6,6,メイショウミシガン,牡2,56.0,松若風馬,1:50.6,2.1/2,140.9,8.0,450(-2),[西] 鮫島一歩,202308020602
1,8,16,キャストロペペ,牡2,56.0,国分優作,1:55.8,,30.7,9.0,470(0),[西] 四位洋文,202308020603
2,4,8,ケイアイエルナト,牡2,56.0,松山弘平,1:56.7,5,5.6,2.0,486(0),[西] 村山明,202308020603
3,1,2,イズジョーノヒカリ,牝2,55.0,団野大成,1:56.8,3/4,21.6,6.0,476(0),[西] 中尾秀正,202308020603
4,7,14,コトホドサヨウニ,牡2,56.0,城戸義政,1:57.1,1.3/4,50.6,10.0,496(0),[西] 奥村豊,202308020603
5,6,11,アイファーキャップ,牡2,56.0,松若風馬,1:57.5,2.1/2,56.8,11.0,454(0),[西] 鮫島一歩,202308020603
6,3,6,ハッピーマインド,牡2,56.0,和田竜二,1:57.6,1/2,10.4,5.0,510(0),[西] 飯田雄三,202308020603
7,2,4,ピエナオルフェ,牡2,56.0,川島信二,1:57.9,1.3/4,207.4,15.0,436(0),[西] 荒川義之,202308020603
8,5,9,メイショウアンゾフ,牡2,56.0,藤岡佑介,1:58.6,4,9.7,4.0,456(0),[西] 四位洋文,202308020603
9,7,13,クレスコウェイ,牡2,56.0,藤懸貴志,1:58.6,クビ,108.4,14.0,500(0),[西] 羽月友彦,202308020603
10,1,1,イルミリオーネ,牡2,56.0,幸英明,1:59.1,2.1/2,79.7,13.0,494(0),[西] 谷潔,202308020603
11,8,15,セレシュ,牝2,55.0,藤岡康太,2:00.3,7,66.7,12.0,448(0),[西] 西村真幸,202308020603
12,6,12,ピースウォリアー,牡2,56.0,武豊,2:01.0,4,7.6,3.0,478(0),[西] 北出成人,202308020603
13,5,10,メードス,牡2,56.0,西村淳也,2:01.2,3/4,2.2,1.0,494(0),[西] 上村洋行,202308020603
14,2,3,ナリタマフディー,牝2,55.0,酒井学,2:01.5,2,27.9,8.0,482(0),[西] 高橋亮,202308020603
15,4,7,ワンダーヒヨリ,牝2,55.0,鮫島克駿,2:02.1,3.1/2,25.9,7.0,476(0),[西] 高柳大輔,202308020603
除,3,5,メイショウマダケ,牡2,54.0,田口貫太,,,---,,440(0),[西] 梅田智之,202308020603
1,3,5,ケーブパール,牝2,55.0,藤岡康太,1:22.3,,6.3,4.0,430(0),[西] 友道康夫,202308020604
2,7,14,ナムラローズマリー,牝2,55.0,松若風馬,1:22.4,1/2,81.0,13.0,448(0),[西] 羽月友彦,202308020604
3,4,8,サロニコス,牝2,55.0,西村淳也,1:22.5,クビ,3.2,1.0,450(0),[西] 松下武士,202308020604
4,8,18,シャーリーゴールド,牝2,55.0,川田将雅,1:23.0,3,5.9,3.0,452(0),[西] 須貝尚介,202308020604
5,8,17,ドントレットゴー,牝2,55.0,岩田康誠,1:23.1,1,68.2,10.0,450(0),[西] 上村洋行,202308020604
6,8,16,ジョウショーブーケ,牝2,54.0,松本大輝,1:23.2,クビ,44.6,9.0,434(0),[西] 新谷功一,202308020604
7,1,1,ルフトクス,牝2,55.0,松山弘平,1:23.3,1,5.8,2.0,454(0),[西] 杉山晴紀,202308020604
8,6,12,リュクスブリランテ,牝2,55.0,川島信二,1:23.7,2,197.2,18.0,422(0),[西] 庄野靖志,202308020604
9,3,6,ムーンセット,牝2,55.0,和田竜二,1:23.7,ハナ,161.2,17.0,442(0),[西] 小栗実,202308020604
10,6,11,ラインレインボー,牝2,54.0,小沢大仁,1:23.7,アタマ,107.4,15.0,498(0),[西] 松永昌博,202308020604
11,2,4,トウカイレイナ,牝2,51.0,河原田菜,1:23.7,クビ,75.1,11.0,492(0),[西] 長谷川浩,202308020604
12,5,9,ラムテリオス,牝2,53.0,田口貫太,1:23.9,1,24.9,7.0,444(0),[西] 吉村圭司,202308020604
13,4,7,ホウオウペトリュス,牝2,55.0,団野大成,1:23.9,クビ,15.1,6.0,430(0),[西] 須貝尚介,202308020604
14,7,15,モモンウールー,牝2,55.0,幸英明,1:24.6,4,78.8,12.0,466(0),[西] 池添学,202308020604
15,7,13,エンジェルスノー,牝2,55.0,酒井学,1:24.9,1.3/4,134.4,16.0,462(0),[西] 岡田稲男,202308020604
16,5,10,ルージュセレスト,牝2,55.0,鮫島克駿,1:25.2,2,35.9,8.0,484(0),[西] 池江泰寿,202308020604
17,1,2,ウタ,牝2,54.0,角田大河,1:25.2,クビ,88.8,14.0,410(0),[西] 小崎憲,202308020604
18,2,3,ストレイトアスク,牝2,55.0,藤岡佑介,1:26.5,8,7.0,5.0,438(0),[西] 藤原英昭,202308020604
1,6,9,ブルーアイドガール,牝2,55.0,松山弘平,1:36.4,,3.2,2.0,430(0),[西] 吉岡辰弥,202308020605
2,4,5,オフトレイル,牡2,56.0,武豊,1:36.6,1.1/4,3.1,1.0,430(0),[西] 吉村圭司,202308020605
3,7,11,スターアドミラル,牡2,56.0,西村淳也,1:36.8,1.1/4,60.5,9.0,486(0),[西] 池添学,202308020605
4,8,13,ヘニーズネフュー,牡2,56.0,鮫島克駿,1:37.0,1,13.9,6.0,460(0),[西] 橋口慎介,202308020605
5,1,1,スウィートリワード,牝2,55.0,浜中俊,1:37.0,クビ,6.5,3.0,446(0),[西] 宮本博,202308020605
6,8,14,ナムラレイ,牡2,56.0,団野大成,1:37.2,1.1/4,7.4,4.0,460(0),[西] 荒川義之,202308020605
7,3,3,ロードトレイル,牡2,54.0,田口貫太,1:37.6,2.1/2,12.2,5.0,474(0),[西] 藤岡健一,202308020605
8,7,12,プルーフリーダー,牡2,55.0,小沢大仁,1:37.6,クビ,145.1,13.0,472(0),[西] 松永昌博,202308020605
9,5,8,メイショウニコニコ,牝2,55.0,酒井学,1:37.7,1/2,23.5,7.0,450(0),[西] 高橋亮,202308020605
10,3,4,ルクスチェリー,牝2,54.0,角田大河,1:37.8,3/4,89.8,11.0,480(0),[西] 石橋守,202308020605
11,5,7,モズトップガン,牡2,52.0,河原田菜,1:37.8,クビ,132.6,12.0,454(0),[西] 平田修,202308020605
12,2,2,ヒロイックロイ,牡2,56.0,和田竜二,1:37.9,クビ,84.0,10.0,464(0),[西] 鈴木孝志,202308020605
13,4,6,ベリーク,牡2,56.0,藤岡康太,1:37.9,クビ,33.6,8.0,470(0),[西] 西村真幸,202308020605
14,6,10,ハクサンツキミテイ,牡2,56.0,小崎綾也,1:38.1,3/4,195.1,14.0,456(0),[西] 小崎憲,202308020605
1,6,9,アイファーシアトル,牝3,55.0,藤懸貴志,1:12.4,,4.9,2.0,472(0),[西] 鮫島一歩,202308020606
2,2,2,バトゥーキ,牡3,57.0,水口優也,1:12.5,1/2,13.0,6.0,478(-6),[西] 浜田多実,202308020606
3,8,14,テーオートルネード,牡4,54.0,河原田菜,1:13.0,3.1/2,10.2,5.0,476(-2),[西] 岡田稲男,202308020606
4,3,3,ナムラジョシュア,牡3,57.0,長岡禎仁,1:13.0,ハナ,39.7,10.0,470(-18),[西] 羽月友彦,202308020606
5,1,1,タイセイアーメット,牡5,58.0,団野大成,1:13.2,1,169.9,14.0,480(0),[西] 浜田多実,202308020606
6,6,10,レゾルシオン,牡3,57.0,武豊,1:13.4,1,13.5,7.0,468(0),[西] 鈴木孝志,202308020606
7,7,11,マヴォロンテ,牝3,55.0,幸英明,1:13.5,1/2,3.8,1.0,470(+2),[西] 松永幹夫,202308020606
8,7,12,ノイアーターク,セ3,57.0,岩田康誠,1:13.5,アタマ,39.7,11.0,450(0),[西] 安田隆行,202308020606
9,3,4,スナークシュンソウ,牡5,58.0,藤岡康太,1:13.6,クビ,4.9,3.0,524(-2),[西] 野中賢二,202308020606
10,5,8,ルクスレガート,牝4,54.0,田口貫太,1:13.6,ハナ,23.0,9.0,446(0),[西] 松永昌博,202308020606
11,5,7,サクハル,牡4,58.0,和田竜二,1:13.7,1/2,54.8,12.0,494(0),[西] 今野貞一,202308020606
12,8,13,フェリ,牝3,55.0,田中健,1:13.7,ハナ,20.0,8.0,486(-4),[西] 佐々木晶,202308020606
13,4,5,ペプチドハドソン,牡3,57.0,松田大作,1:13.9,1.1/4,6.0,4.0,488(+6),[西] 武英智,202308020606
14,4,6,マーラー,セ4,58.0,松若風馬,1:14.8,5,152.5,13.0,420(-16),[西] 安達昭夫,202308020606
1,7,7,ハギノアルデバラン,牡3,56.0,川田将雅,2:00.8,,2.1,1.0,498(+4),[西] 鮫島一歩,202308020607
2,5,5,ハイランドリンクス,牝3,54.0,藤岡佑介,2:00.9,1,73.5,7.0,466(+8),[西] 奥村豊,202308020607
3,3,3,トラストエムシー,牡3,56.0,藤岡康太,2:01.5,3.1/2,15.9,5.0,434(-2),[西] 北出成人,202308020607
4,1,1,チュウワダンス,牝4,56.0,松山弘平,2:01.6,1/2,2.3,2.0,462(+12),[西] 大久保龍,202308020607
5,2,2,ルクスビッグスター,牡3,56.0,鮫島克駿,2:01.7,3/4,7.3,3.0,476(0),[西] 清水久詞,202308020607
6,4,4,モズバンディット,牡3,56.0,幸英明,2:02.2,3.1/2,21.4,6.0,456(+6),[西] 中尾秀正,202308020607
7,6,6,サンライズタイソン,牡3,56.0,藤懸貴志,2:02.7,3,9.1,4.0,416(-6),[西] 平田修,202308020607
1,1,1,ロードトラスト,牡3,56.0,川田将雅,1:54.2,,1.9,1.0,490(0),[西] 長谷川浩,202308020608
2,6,6,リュクスドレフォン,牡3,56.0,藤懸貴志,1:54.6,2.1/2,3.6,2.0,512(0),[西] 平田修,202308020608
3,8,8,レッツゴーローズ,牝3,52.0,田口貫太,1:54.8,1.1/4,3.6,3.0,498(+26),[西] 大橋勇樹,202308020608
4,2,2,サーティファイド,牡4,58.0,幸英明,1:55.1,2,11.9,4.0,476(0),[西] 鮫島一歩,202308020608
5,3,3,シュピカ,牝5,56.0,酒井学,1:55.1,クビ,25.4,6.0,504(+14),[西] 千田輝彦,202308020608
6,7,7,エミサソウツバサ,牡4,58.0,川又賢治,1:55.8,4,97.6,8.0,506(+12),[西] 杉山佳明,202308020608
7,5,5,ビナホイアン,牡4,58.0,鮫島克駿,1:56.5,4,62.7,7.0,458(-3),[西] 杉山佳明,202308020608
8,4,4,シゲルスナイパー,牡3,52.0,河原田菜,1:56.9,2.1/2,19.8,5.0,492(-22),[西] 谷潔,202308020608
1,8,16,イーサンバーニング,牡4,58.0,武豊,1:59.6,,5.5,3.0,504(+6),[東] 中野栄治,202308020609
2,7,14,サンライズゴラッソ,牡5,58.0,団野大成,2:00.1,3,45.9,7.0,516(0),[西] 河内洋,202308020609
3,6,12,エクセスリターン,牡4,58.0,松田大作,2:00.1,アタマ,50.0,8.0,536(+4),[西] 野中賢二,202308020609
4,3,6,ティルドーン,牡3,56.0,西村淳也,2:00.2,クビ,8.2,4.0,516(+8),[西] 森秀行,202308020609
5,2,3,ツウカイリアル,牡3,56.0,幸英明,2:00.5,1.3/4,16.5,5.0,500(+4),[西] 庄野靖志,202308020609
6,2,4,バリアントバイオ,牡3,56.0,松山弘平,2:00.5,クビ,2.6,1.0,516(-2),[西] 今野貞一,202308020609
7,5,9,イルミネーター,牡6,58.0,水口優也,2:00.8,1.1/2,177.3,13.0,476(-4),[西] 羽月友彦,202308020609
8,5,10,ショウサンキズナ,牡4,58.0,松本大輝,2:01.9,7,37.1,6.0,522(+2),[西] 松下武士,202308020609
9,7,13,ホウオウカブキ,牡3,56.0,川田将雅,2:02.0,1/2,2.6,2.0,470(-10),[東] 田中博康,202308020609
10,1,2,ミキノプリンス,牡4,58.0,小沢大仁,2:02.4,2.1/2,451.3,16.0,490(-6),[西] 大橋勇樹,202308020609
11,4,8,オステリア,牡4,58.0,松若風馬,2:02.5,クビ,105.7,12.0,500(-4),[西] 宮本博,202308020609
12,1,1,ダンツエスプリ,牡4,58.0,藤懸貴志,2:02.9,2.1/2,200.4,14.0,494(+12),[西] 本田優,202308020609
13,6,11,エアアネモイ,牡4,58.0,酒井学,2:03.1,1.1/2,92.4,10.0,522(+4),[西] 池添学,202308020609
14,3,5,ニホンピロクリフ,牡5,58.0,田口貫太,2:03.2,1/2,419.6,15.0,472(0),[西] 大橋勇樹,202308020609
15,8,15,ウインヴェルデ,牡4,58.0,和田竜二,2:03.7,3,53.4,9.0,482(-8),[西] 加用正,202308020609
16,4,7,ニャンチンノン,牡4,58.0,鮫島克駿,2:04.5,5,102.0,11.0,474(+14),[西] 中竹和也,202308020609
1,4,4,ブレイヴロッカー,牡3,55.0,藤岡康太,2:25.2,,2.6,1.0,460(+6),[西] 本田優,202308020610
2,5,5,プレイリードリーム,牡7,57.0,和田竜二,2:25.4,1.1/4,16.8,6.0,472(0),[西] 安達昭夫,202308020610
3,5,6,メイショウゲキリン,牡4,55.0,松山弘平,2:25.6,1.1/4,7.6,3.0,518(0),[西] 笹田和秀,202308020610
4,2,2,ダノンピーカブー,牡4,54.0,幸英明,2:25.7,3/4,29.7,8.0,476(+2),[西] 大久保龍,202308020610
5,7,9,ミタマ,牝3,52.0,松若風馬,2:25.9,1,2.8,2.0,480(+2),[西] 上村洋行,202308020610
6,8,12,レッドエンヴィー,牡7,54.0,田口貫太,2:25.9,アタマ,91.5,11.0,504(0),[西] 坂口智康,202308020610
7,6,8,ビルボードクィーン,牝5,52.0,小崎綾也,2:26.0,クビ,50.7,10.0,454(-2),[西] 小崎憲,202308020610
8,7,10,ストキャスティーク,牝4,54.0,西村淳也,2:26.0,クビ,12.0,5.0,450(-6),[東] 大竹正博,202308020610
9,1,1,スズカハービン,牡3,53.0,藤岡佑介,2:26.3,1.3/4,18.4,7.0,458(-8),[西] 高橋義忠,202308020610
10,8,11,マッハモンルード,牝5,52.0,団野大成,2:26.4,クビ,9.0,4.0,508(+2),[西] 斉藤崇史,202308020610
11,6,7,フランコイメル,牡5,55.0,松田大作,2:26.7,2,49.6,9.0,518(-2),[西] 武英智,202308020610
12,3,3,メイショウシロガネ,牡5,53.0,小沢大仁,2:28.9,大,179.7,12.0,472(0),[西] 松永昌博,202308020610
1,8,13,サンライズフレイム,牡3,56.0,藤岡康太,1:23.7,,2.8,1.0,508(+2),[西] 石坂公一,202308020611
2,7,11,カセノダンサー,牝4,56.0,藤岡佑介,1:24.0,1.1/2,10.3,6.0,490(+2),[西] 中尾秀正,202308020611
3,2,2,ジレトール,牡4,58.0,幸英明,1:24.0,アタマ,5.4,2.0,482(-10),[西] 松永幹夫,202308020611
4,6,8,ケイアイロベージ,セ5,58.0,団野大成,1:24.2,1.1/4,8.7,5.0,490(+8),[西] 野中賢二,202308020611
5,3,3,サトノテンペスト,牡5,58.0,松山弘平,1:24.4,1.1/4,10.8,7.0,506(-6),[西] 高橋亮,202308020611
6,5,7,エルバリオ,牡4,58.0,西村淳也,1:24.4,クビ,6.4,3.0,540(+16),[西] 高野友和,202308020611
7,5,6,イフティファール,牡5,58.0,川田将雅,1:24.5,1/2,6.6,4.0,488(+8),[西] 大久保龍,202308020611
8,4,4,メイショウダジン,牡6,60.0,岩田康誠,1:24.6,1/2,35.0,9.0,482(+2),[西] 松永昌博,202308020611
9,4,5,リプレーザ,牡5,58.0,藤懸貴志,1:24.6,ハナ,35.7,10.0,502(+8),[西] 大根田裕,202308020611
10,1,1,メイショウミライ,牡8,58.0,松若風馬,1:25.0,2.1/2,173.4,13.0,502(+4),[西] 西園翔太,202308020611
11,8,12,コパノマーキュリー,牡6,58.0,鮫島克駿,1:25.3,1.1/2,153.4,12.0,510(+14),[西] 村山明,202308020611
12,6,9,ミステリオーソ,牡6,58.0,浜中俊,1:25.4,3/4,138.3,11.0,496(0),[西] 武幸四郎,202308020611
13,7,10,アスコルターレ,牡5,58.0,和田竜二,1:26.7,8,33.2,8.0,452(-8),[西] 西村真幸,202308020611
1,8,15,ステラフィオーレ,牝4,56.0,松山弘平,1:11.0,,9.2,4.0,482(+16),[西] 小栗実,202308020612
2,7,13,ボナンザ,牡3,57.0,川田将雅,1:11.0,クビ,2.6,1.0,496(-2),[西] 庄野靖志,202308020612
3,2,4,ミラクル,牝5,56.0,松若風馬,1:11.6,3.1/2,27.1,8.0,474(-2),[西] 加用正,202308020612
4,6,12,フェズカズマ,牡4,56.0,田口貫太,1:11.7,3/4,9.9,5.0,486(+4),[西] 安田隆行,202308020612
5,4,7,シゲルファンノユメ,牡4,58.0,団野大成,1:12.0,1.3/4,20.2,7.0,480(-6),[東] 伊藤圭三,202308020612
6,7,14,マイアミュレット,セ4,58.0,西村淳也,1:12.5,3,10.5,6.0,478(0),[東] 天間昭一,202308020612
7,5,10,フォルティーナ,牝3,54.0,角田大河,1:12.5,クビ,117.0,14.0,434(0),[西] 石橋守,202308020612
8,3,5,カイタロー,牡4,54.0,河原田菜,1:12.7,1,37.5,10.0,470(+6),[東] 和田雄二,202308020612
9,1,2,ゴールドフィンガー,牝5,56.0,水口優也,1:12.8,クビ,111.0,13.0,478(0),[西] 岡田稲男,202308020612
10,8,16,ルアル,牡4,58.0,幸英明,1:12.9,1/2,5.0,2.0,532(-2),[西] 安達昭夫,202308020612
11,2,3,フチサンメルチャン,牡6,58.0,小牧太,1:12.9,クビ,59.8,12.0,480(+8),[西] 笹田和秀,202308020612
12,6,11,ワセダタンク,牡4,58.0,鮫島克駿,1:13.0,クビ,27.9,9.0,514(+4),[西] 橋口慎介,202308020612
13,4,8,グッドフェイス,牡4,57.0,松本大輝,1:13.2,1.1/4,138.8,15.0,478(-5),[西] 松下武士,202308020612
14,5,9,アタカンテ,牝4,56.0,浜中俊,1:13.4,1.1/4,182.0,16.0,490(-4),[西] 藤原英昭,202308020612
15,3,6,クリーデンス,牝3,55.0,武豊,1:13.5,1/2,6.1,3.0,484(-10),[西] 吉村圭司,202308020612
16,1,1,テキサスフィズ,牝4,56.0,和田竜二,1:13.5,クビ,56.6,11.0,478(+6),[西] 西園正都,202308020612
1,4,4,テンエースワン,牡2,56.0,岩田望来,1:55.0,,5.1,3.0,486(+8),[西] 大久保龍,202308020701
2,7,8,ロードフォアエース,牡2,56.0,川田将雅,1:55.1,クビ,1.7,1.0,516(+4),[西] 友道康夫,202308020701
3,6,7,クリノフィガロ,牡2,56.0,団野大成,1:55.3,1.1/4,4.4,2.0,486(-8),[西] 荒川義之,202308020701
4,3,3,フォージドブリック,牡2,56.0,Ｍ．デム,1:56.8,9,28.5,5.0,528(+6),[西] 森田直行,202308020701
5,5,5,サンダーバース,牡2,56.0,横山武史,1:56.9,1/2,13.1,4.0,484(+6),[西] 高柳大輔,202308020701
6,8,11,シュレディンガー,牡2,56.0,西村淳也,1:57.7,5,34.4,7.0,496(-10),[西] 小栗実,202308020701
7,2,2,ドナアフロディテ,牝2,55.0,鮫島克駿,1:57.9,1.1/4,34.0,6.0,454(-10),[西] 庄野靖志,202308020701
8,1,1,ダイシンサンディー,牝2,55.0,幸英明,1:58.7,5,129.9,8.0,488(+10),[西] 梅田智之,202308020701
9,6,6,ベストオブキング,牡2,56.0,水口優也,1:59.9,7,348.6,11.0,476(-4),[西] 藤沢則雄,202308020701
10,7,9,テクノハッピー,牡2,52.0,河原田菜,1:59.9,アタマ,268.4,9.0,482(+16),[西] 宮本博,202308020701
11,8,10,マッチョマン,牡2,56.0,松若風馬,2:09.1,大,311.6,10.0,364(+4),[西] 安達昭夫,202308020701
1,1,2,ヒルノドゴール,牡2,56.0,武豊,1:25.7,,3.4,2.0,498(-4),[西] 北出成人,202308020702
2,2,4,キャピタルサックス,牡2,56.0,松山弘平,1:26.0,2,1.5,1.0,506(+6),[西] 杉山晴紀,202308020702
3,2,3,レッドリベルタ,牡2,56.0,浜中俊,1:27.2,7,34.3,5.0,440(-6),[西] 庄野靖志,202308020702
4,4,8,ラストボーン,セ2,54.0,田口貫太,1:27.5,2,36.0,6.0,450(+4),[西] 加用正,202308020702
5,6,11,ルクスアドラー,牡2,56.0,坂井瑠星,1:27.9,2.1/2,8.9,3.0,452(+2),[西] 須貝尚介,202308020702
6,7,13,ドレープサンライズ,牝2,51.0,河原田菜,1:28.0,1/2,62.4,8.0,476(+12),[西] 河内洋,202308020702
7,8,15,ベント,牡2,56.0,池添謙一,1:28.1,クビ,28.7,4.0,432(-2),[西] 小崎憲,202308020702
8,3,5,タイセイファルクス,牡2,56.0,北村宏司,1:28.1,ハナ,384.3,13.0,500(+2),[西] 小林真也,202308020702
9,1,1,エスオーライジング,牡2,56.0,高倉稜,1:28.1,ハナ,137.5,11.0,468(-2),[西] 木原一良,202308020702
10,5,10,テイエムボビーダン,牡2,56.0,田中健,1:28.6,3,41.7,7.0,530(-2),[西] 木原一良,202308020702
11,3,6,トウコンリュウジン,牡2,56.0,和田竜二,1:28.9,2,164.5,12.0,464(-2),[西] 浜田多実,202308020702
12,5,9,ウエストチェリー,牝2,55.0,幸英明,1:29.7,5,113.4,10.0,460(-2),[西] 松永昌博,202308020702
13,4,7,パルマノーヴァ,牝2,54.0,角田大河,1:29.8,1/2,550.8,16.0,444(+6),[西] 牧田和弥,202308020702
14,8,16,デルマプルシャ,牡2,56.0,松若風馬,1:30.0,1,88.2,9.0,472(-2),[西] 宮本博,202308020702
15,7,14,テイエムスノーフジ,牡2,56.0,長岡禎仁,1:30.7,4,480.8,15.0,498(-10),[西] 浜田多実,202308020702
16,6,12,ハッピーワンダー,牝2,55.0,水口優也,1:32.4,10,389.9,14.0,456(0),[西] 藤沢則雄,202308020702
1,6,6,オールデュスヴラン,牡2,56.0,モレイラ,2:01.9,,8.0,4.0,470(-2),[西] 池江泰寿,202308020703
2,7,8,ヘザルフェン,牡2,56.0,横山典弘,2:01.9,ハナ,5.4,3.0,492(-2),[西] 昆貢,202308020703
3,8,10,コルレオニス,牡2,56.0,ルメール,2:02.2,1.1/2,3.4,2.0,442(0),[西] 友道康夫,202308020703
4,3,3,ヴァーニャ,牝2,55.0,Ｍ．デム,2:02.2,クビ,100.0,8.0,484(+6),[西] 杉山佳明,202308020703
5,4,4,サウンドノバ,牡2,56.0,西村淳也,2:02.2,クビ,30.8,6.0,464(-4),[西] 安達昭夫,202308020703
6,2,2,クロダブシ,牡2,56.0,幸英明,2:02.4,1,18.4,5.0,462(-4),[西] 松永幹夫,202308020703
7,5,5,グラヴィス,牡2,56.0,坂井瑠星,2:02.4,クビ,2.1,1.0,494(-6),[西] 矢作芳人,202308020703
8,1,1,センカラット,牡2,52.0,河原田菜,2:03.3,5,206.3,9.0,464(0),[西] 渡辺薫彦,202308020703
9,7,7,プリンスジョイ,牡2,56.0,和田竜二,2:03.6,2,388.3,10.0,502(+6),[西] 浜田多実,202308020703
10,8,9,ゼンノジーニー,牡2,55.0,角田大河,2:04.1,3,79.9,7.0,470(+4),[西] 飯田祐史,202308020703
1,1,1,ミライテーラー,牝2,55.0,中井裕二,1:12.6,,13.8,6.0,470(0),[西] 飯田雄三,202308020704
2,8,11,サムデイ,牝2,55.0,Ｍ．デム,1:13.1,3,5.2,2.0,428(0),[西] 新谷功一,202308020704
3,2,2,ファイヤーウィップ,牡2,56.0,森裕太朗,1:13.3,1,75.4,11.0,486(0),[西] 吉田直弘,202308020704
4,5,5,ウィンターガーデン,牝2,55.0,ルメール,1:13.7,2.1/2,2.8,1.0,466(0),[西] 武幸四郎,202308020704
5,4,4,キングツェッペリン,牡2,56.0,西村淳也,1:14.4,4,37.6,10.0,452(0),[西] 牧田和弥,202308020704
6,8,12,スリーウエーブ,牝2,53.0,田口貫太,1:14.5,1/2,27.6,9.0,446(0),[西] 木原一良,202308020704
7,3,3,ヴァルタリ,牡2,56.0,鮫島克駿,1:14.6,1/2,6.0,3.0,514(0),[西] 宮本博,202308020704
8,6,8,ラピダリア,牝2,55.0,和田竜二,1:14.7,3/4,20.1,7.0,462(0),[西] 吉田直弘,202308020704
9,6,7,カレンメラメーラ,牝2,55.0,松山弘平,1:15.0,1.3/4,7.0,4.0,436(0),[西] 鈴木孝志,202308020704
10,7,9,クリノクレセント,牡2,56.0,幸英明,1:15.6,3.1/2,79.5,12.0,414(0),[西] 谷潔,202308020704
11,5,6,ハツワカ,牡2,56.0,岩田望来,1:15.9,1.3/4,12.4,5.0,462(0),[東] 矢野英一,202308020704
12,7,10,ガンバルフトシ,牡2,56.0,小牧太,1:17.2,8,22.4,8.0,482(0),[西] 笹田和秀,202308020704
1,8,8,サンライズアース,牡2,56.0,Ｍ．デム,2:01.4,,50.3,7.0,538(0),[西] 石坂公一,202308020705
2,3,3,ヴィスマール,牡2,56.0,西村淳也,2:01.5,3/4,12.7,5.0,450(0),[西] 奥村豊,202308020705
3,5,5,ブリオメンテ,牡2,56.0,岩田望来,2:02.5,6,29.6,6.0,544(0),[西] 千田輝彦,202308020705
4,2,2,ザブライド,牝2,55.0,川田将雅,2:02.6,クビ,1.7,1.0,476(0),[西] 西村真幸,202308020705
5,6,6,プルミエプランタン,牡2,56.0,松山弘平,2:02.8,1.1/4,8.9,4.0,498(0),[西] 音無秀孝,202308020705
6,1,1,ペロ,牡2,56.0,池添謙一,2:02.9,1,8.7,3.0,486(0),[西] 橋口慎介,202308020705
7,7,7,イナズマシルバー,牡2,56.0,和田竜二,2:08.3,大,157.0,8.0,482(0),[西] 平田修,202308020705
中,4,4,シュクルノアール,牝2,55.0,ルメール,,,4.3,2.0,516(0),[西] 辻野泰之,202308020705
1,8,15,ビヨンドザヴァレー,牝3,54.0,松山弘平,1:32.8,,3.0,1.0,458(+8),[西] 橋口慎介,202308020706
2,1,1,サトノスカイターフ,牡5,58.0,横山武史,1:32.9,1,9.4,4.0,496(-10),[西] 池江泰寿,202308020706
3,3,5,トレチーメ,牡3,56.0,西村淳也,1:33.1,1.1/4,17.7,6.0,514(0),[西] 中内田充,202308020706
4,3,6,スウィートスカー,牝4,56.0,田辺裕信,1:33.2,3/4,13.5,5.0,470(-2),[西] 鮫島一歩,202308020706
5,6,12,ゴールドローズ,牝4,56.0,武豊,1:33.2,ハナ,31.8,8.0,448(0),[西] 飯田祐史,202308020706
6,7,13,エマヌエーレ,牡3,56.0,モレイラ,1:33.3,クビ,3.8,2.0,494(-2),[西] 平田修,202308020706
7,2,3,サファイア,牝3,54.0,岩田望来,1:33.3,ハナ,19.1,7.0,432(+2),[西] 辻野泰之,202308020706
8,5,10,アパショナード,牡4,58.0,団野大成,1:33.5,1.1/4,57.3,13.0,434(+14),[西] 千田輝彦,202308020706
9,8,16,エレガントギフト,牝3,54.0,和田竜二,1:33.5,ハナ,43.3,11.0,430(-4),[西] 千田輝彦,202308020706
10,4,8,メイショウコギク,牝3,53.0,角田大河,1:33.6,クビ,32.8,9.0,448(+10),[西] 石橋守,202308020706
11,5,9,ハレアカラフラ,牝3,54.0,松若風馬,1:34.0,2.1/2,59.9,14.0,466(+14),[西] 音無秀孝,202308020706
12,4,7,スズカダブル,牡3,56.0,ルメール,1:34.1,3/4,5.0,3.0,498(+4),[西] 西村真幸,202308020706
13,7,14,ジャパンノウレッジ,牝3,54.0,藤懸貴志,1:35.1,6,102.8,15.0,454(+8),[西] 寺島良,202308020706
14,2,4,ファルシオン,牝3,54.0,幸英明,1:35.1,ハナ,34.4,10.0,448(+2),[西] 羽月友彦,202308020706
15,1,2,ソアラ,牝3,50.0,河原田菜,1:35.1,クビ,258.8,16.0,482(+4),[西] 高橋康之,202308020706
16,6,11,クファシル,牡3,56.0,池添謙一,1:35.2,クビ,52.1,12.0,492(0),[西] 池添学,202308020706
1,1,1,ガウラ,牝3,54.0,和田竜二,1:52.5,,22.1,8.0,480(+2),[西] 鈴木孝志,202308020707
2,6,11,メテオリート,牝3,54.0,ルメール,1:52.6,1,3.3,1.0,496(+8),[西] 吉岡辰弥,202308020707
3,4,7,ヴァンルーラー,牝4,54.0,田口貫太,1:52.8,1.1/4,67.1,14.0,462(-6),[西] 吉岡辰弥,202308020707
4,5,10,サノノエスポ,牝3,54.0,武豊,1:52.9,1/2,19.9,7.0,450(+4),[東] 中野栄治,202308020707
5,2,3,タガノカンデラ,牝4,56.0,西村淳也,1:52.9,アタマ,103.4,16.0,462(+12),[西] 奥村豊,202308020707
6,5,9,フォーランマリア,牝4,56.0,Ｍ．デム,1:53.0,クビ,11.8,5.0,422(0),[西] 森田直行,202308020707
7,8,16,ラニカイ,牝4,52.0,河原田菜,1:53.1,3/4,76.6,15.0,512(+16),[西] 松永幹夫,202308020707
8,7,14,バライロノキセキ,牝5,55.0,角田大河,1:53.2,1/2,55.7,11.0,504(+16),[西] 中竹和也,202308020707
9,8,15,バレストラ,牝4,56.0,松山弘平,1:53.5,2,36.1,10.0,488(0),[西] 矢作芳人,202308020707
10,6,12,タガノアレハンドラ,牝3,54.0,国分恭介,1:53.6,クビ,6.7,3.0,494(+4),[西] 西園翔太,202308020707
11,4,8,タマモタップダンス,牝4,56.0,川田将雅,1:53.8,1,3.5,2.0,500(-10),[東] 伊藤圭三,202308020707
12,3,6,クインズミモザ,牝5,56.0,岩田望来,1:54.1,1.3/4,7.6,4.0,512(-12),[東] 池上昌和,202308020707
13,3,5,ジャルジェ,牝6,56.0,坂井瑠星,1:54.1,クビ,24.8,9.0,506(+10),[西] 千田輝彦,202308020707
14,2,4,トレデマンド,牝5,56.0,池添謙一,1:54.4,2,58.4,12.0,492(+4),[西] 松永幹夫,202308020707
15,1,2,エンプレスペイ,牝3,54.0,鮫島克駿,1:55.2,5,18.3,6.0,440(+10),[西] 武幸四郎,202308020707
16,7,13,メイショウホマレ,牝4,55.0,小沢大仁,1:55.3,クビ,65.7,13.0,452(-4),[西] 松永昌博,202308020707
1,1,1,ナスティウェザー,牡2,56.0,岩田望来,1:24.7,,3.9,2.0,448(-4),[東] 加藤征弘,202308020708
2,4,4,アイアムユウシュン,牡2,56.0,武豊,1:24.8,1/2,7.3,5.0,510(+16),[東] 奥平雅士,202308020708
3,2,2,オウバイトウリ,牝2,55.0,ルメール,1:25.4,3.1/2,16.3,6.0,472(-4),[西] 武幸四郎,202308020708
4,3,3,エコロガイア,牡2,56.0,モレイラ,1:25.7,2,4.5,3.0,464(+2),[西] 森秀行,202308020708
5,6,6,オコタンペ,牡2,56.0,川田将雅,1:25.8,クビ,3.4,1.0,486(0),[西] 須貝尚介,202308020708
6,5,5,メイショウホウレン,牡2,56.0,松山弘平,1:26.9,7,6.3,4.0,502(+6),[西] 安達昭夫,202308020708
7,8,8,オーケーカルメン,牝2,55.0,角田大河,1:26.9,クビ,40.5,8.0,420(+2),[西] 奥村豊,202308020708
8,7,7,モズナイスバディー,牡2,56.0,坂井瑠星,1:27.3,2.1/2,23.9,7.0,482(-2),[西] 飯田祐史,202308020708
1,3,6,ミルトクレイモー,牡3,57.0,岩田望来,1:07.7,,6.1,3.0,508(+2),[西] 中村直也,202308020709
2,1,1,グランテスト,牝3,55.0,坂井瑠星,1:08.0,1.3/4,2.2,1.0,472(0),[西] 今野貞一,202308020709
3,2,4,イラーレ,牝4,56.0,幸英明,1:08.0,アタマ,18.8,6.0,460(-4),[西] 北出成人,202308020709
4,8,16,ティニア,牡3,57.0,モレイラ,1:08.1,クビ,12.9,5.0,494(+12),[西] 池江泰寿,202308020709
5,2,3,テーオーダヴィンチ,牡5,58.0,ルメール,1:08.3,1.1/4,4.8,2.0,504(-4),[西] 岡田稲男,202308020709
6,1,2,ダテボレアス,牡4,58.0,和田竜二,1:08.3,クビ,54.4,11.0,494(+10),[西] 西園正都,202308020709
7,5,10,アンフィニドール,牝5,56.0,横山典弘,1:08.3,ハナ,10.7,4.0,500(+4),[西] 千田輝彦,202308020709
8,4,7,サウンドブライアン,牡5,58.0,浜中俊,1:08.4,クビ,229.4,15.0,482(-2),[西] 村山明,202308020709
9,6,11,タウゼントシェーン,牝5,56.0,松山弘平,1:08.4,クビ,20.1,8.0,444(-4),[西] 小林真也,202308020709
10,6,12,タツダイヤモンド,牡3,57.0,三浦皇成,1:08.5,クビ,34.3,9.0,486(+10),[西] 鮫島一歩,202308020709
11,5,9,トーホウラビアン,牝4,56.0,団野大成,1:08.6,1/2,172.4,14.0,438(+10),[西] 川村禎彦,202308020709
12,4,8,ハクサンパイオニア,牡3,57.0,西村淳也,1:08.8,1,18.9,7.0,504(+18),[西] 清水久詞,202308020709
13,7,14,デルマカンノン,牝5,56.0,小沢大仁,1:08.9,1/2,272.0,16.0,462(+2),[西] 緒方努,202308020709
14,3,5,サウンドクレア,牝4,56.0,鮫島克駿,1:09.0,1/2,57.8,12.0,450(+4),[西] 安達昭夫,202308020709
15,7,13,ウメムスビ,牡3,57.0,角田大河,1:09.0,クビ,42.5,10.0,460(+6),[西] 新谷功一,202308020709
16,8,15,ダレモトメラレナイ,牝4,56.0,横山武史,1:09.9,5,60.8,13.0,480(-14),[東] 竹内正洋,202308020709
1,8,13,ソーダズリング,牝3,54.0,武豊,1:33.7,,4.2,2.0,474(0),[西] 音無秀孝,202308020710
2,6,8,モズゴールドバレル,牝4,56.0,川田将雅,1:33.7,1/2,5.1,4.0,462(+2),[西] 藤岡健一,202308020710
3,8,12,ショウナンアレクサ,牡3,56.0,岩田望来,1:34.0,2,3.1,1.0,500(+8),[西] 清水久詞,202308020710
4,7,10,ダルエスサラーム,牝3,54.0,浜中俊,1:34.2,1.1/4,79.8,11.0,454(+10),[西] 高野友和,202308020710
5,7,11,ロワンディシー,牡5,58.0,池添謙一,1:34.3,クビ,72.1,10.0,454(0),[西] 北出成人,202308020710
6,4,5,テーオーグランビル,牡3,56.0,横山武史,1:34.3,クビ,4.4,3.0,506(+10),[西] 上村洋行,202308020710
7,2,2,タガノディアーナ,牝5,56.0,和田竜二,1:34.5,1.1/4,126.5,13.0,472(+22),[西] 長谷川浩,202308020710
8,3,3,リッケンバッカー,牡5,58.0,幸英明,1:34.6,クビ,85.4,12.0,478(0),[西] 西村真幸,202308020710
9,5,6,ベルクレスタ,牝4,56.0,モレイラ,1:34.6,ハナ,7.0,5.0,486(+6),[西] 須貝尚介,202308020710
10,4,4,チュウワノキセキ,セ6,58.0,岩田康誠,1:34.6,ハナ,41.6,7.0,482(+6),[西] 大久保龍,202308020710
11,1,1,スーサンアッシャー,牡4,58.0,横山典弘,1:34.7,1,45.6,8.0,474(+14),[西] 鈴木孝志,202308020710
12,6,9,タイセイシェダル,牡5,58.0,Ｍ．デム,1:35.0,1.1/2,34.4,6.0,462(-2),[西] 高橋義忠,202308020710
13,5,7,ジャスティンエース,牡4,58.0,鮫島克駿,1:35.6,3.1/2,69.2,9.0,472(-6),[西] 杉山晴紀,202308020710
1,8,17,ドゥレッツァ,牡3,57.0,ルメール,3:03.1,,7.3,4.0,468(+12),[東] 尾関知人,202308020711
2,4,7,タスティエーラ,牡3,57.0,モレイラ,3:03.7,3.1/2,4.7,2.0,480(+2),[東] 堀宣行,202308020711
3,7,14,ソールオリエンス,牡3,57.0,横山武史,3:04.0,1.1/2,2.7,1.0,464(+4),[東] 手塚貴久,202308020711
4,3,6,リビアングラス,牡3,57.0,坂井瑠星,3:04.1,3/4,36.2,9.0,498(-2),[西] 矢作芳人,202308020711
5,4,8,サヴォーナ,牡3,57.0,池添謙一,3:04.1,ハナ,22.3,7.0,536(+8),[西] 中竹和也,202308020711
6,6,12,ハーツコンチェルト,牡3,57.0,松山弘平,3:04.1,クビ,9.3,5.0,498(+6),[東] 武井亮,202308020711
7,5,10,マイネルラウレア,牡3,57.0,岩田望来,3:04.1,ハナ,71.2,11.0,500(+4),[西] 宮徹,202308020711
8,7,13,ナイトインロンドン,牡3,57.0,和田竜二,3:04.2,アタマ,88.1,12.0,472(-10),[東] 大竹正博,202308020711
9,8,15,ファントムシーフ,牡3,57.0,武豊,3:04.3,1/2,20.3,6.0,504(+2),[西] 西村真幸,202308020711
10,6,11,サトノグランツ,牡3,57.0,川田将雅,3:04.3,ハナ,5.0,3.0,496(+4),[西] 友道康夫,202308020711
11,8,16,ショウナンバシット,牡3,57.0,Ｍ．デム,3:04.4,1/2,185.4,15.0,492(+6),[西] 須貝尚介,202308020711
12,2,3,シーズンリッチ,牡3,57.0,角田大河,3:04.7,1.3/4,277.7,16.0,492(-6),[東] 久保田貴,202308020711
13,1,2,ウインオーディン,牡3,57.0,三浦皇成,3:05.0,2,120.4,13.0,474(-8),[東] 鹿戸雄一,202308020711
14,1,1,トップナイフ,牡3,57.0,横山典弘,3:05.0,アタマ,23.5,8.0,482(0),[西] 昆貢,202308020711
15,5,9,ノッキングポイント,牡3,57.0,北村宏司,3:05.2,1,41.7,10.0,492(-2),[東] 木村哲也,202308020711
16,2,4,ダノントルネード,牡3,57.0,西村淳也,3:06.7,9,177.2,14.0,508(-6),[西] 中内田充,202308020711
17,3,5,パクスオトマニカ,牡3,57.0,田辺裕信,3:07.8,7,299.2,17.0,472(-6),[東] 久保田貴,202308020711
1,2,2,ペースセッティング,牡3,56.0,団野大成,1:23.3,,3.5,2.0,490(-2),[西] 安田隆行,202308020712
2,6,10,フォーチュンテラー,牡4,56.0,鮫島克駿,1:24.0,4,6.1,4.0,482(+8),[西] 浜田多実,202308020712
3,8,13,ヴアーサ,牡5,56.0,松若風馬,1:24.1,3/4,3.4,1.0,460(+2),[西] 鮫島一歩,202308020712
4,1,1,ビアイ,牝6,53.0,川須栄彦,1:24.3,1.1/4,63.9,10.0,530(+4),[西] 畑端省吾,202308020712
5,3,4,マイネルプロンプト,セ11,54.0,田口貫太,1:24.3,アタマ,24.9,8.0,480(-2),[西] 坂口智康,202308020712
6,4,6,メイショウオーギシ,牡6,55.0,武豊,1:24.5,1.1/4,12.4,6.0,496(+4),[西] 飯田祐史,202308020712
7,8,14,グットディール,セ4,56.0,三浦皇成,1:24.6,1/2,11.4,5.0,492(0),[西] 須貝尚介,202308020712
8,4,5,クレスコジョケツ,牝4,53.0,藤懸貴志,1:24.8,1.1/4,96.6,13.0,482(-12),[西] 木原一良,202308020712
9,6,9,イイネイイネイイネ,牡4,52.0,国分優作,1:25.0,1.1/2,125.8,14.0,450(0),[西] 小崎憲,202308020712
10,7,11,プライムライン,セ6,56.0,川田将雅,1:25.1,3/4,5.2,3.0,456(-22),[西] 田中克典,202308020712
11,5,8,スズカマクフィ,牝5,52.0,角田大河,1:25.3,1,46.2,9.0,446(+2),[東] 伊藤圭三,202308020712
12,7,12,スミ,牝4,52.0,小沢大仁,1:25.4,1/2,91.1,12.0,482(-4),[西] 高橋亮,202308020712
13,3,3,ケイサンフリーゼ,牝5,51.0,岡田祥嗣,1:25.6,1.1/4,85.7,11.0,500(0),[西] 畑端省吾,202308020712
14,5,7,タイミングナウ,セ7,55.0,浜中俊,1:26.0,2.1/2,24.8,7.0,482(-2),[西] 四位洋文,202308020712
1,6,7,ブルーサン,牡2,56.0,和田竜二,1:54.0,,2.7,1.0,508(+2),[西] 川村禎彦,202308020801
2,7,9,オーシンハーフ,牡2,56.0,団野大成,1:54.2,1.1/2,64.1,8.0,462(+4),[西] 池添学,202308020801
3,7,10,アーマルコライト,牡2,56.0,Ｍ．デム,1:54.2,クビ,3.5,2.0,508(+8),[西] 寺島良,202308020801
4,5,5,ツリーフロッグ,牡2,56.0,国分優作,1:54.7,2.1/2,21.1,7.0,490(0),[西] 辻野泰之,202308020801
5,6,8,カズタンジャー,牡2,56.0,岩田望来,1:54.9,1.1/2,12.6,6.0,488(0),[西] 新谷功一,202308020801
6,4,4,アンバードール,牡2,56.0,西村淳也,1:55.0,クビ,7.5,4.0,516(-4),[西] 吉岡辰弥,202308020801
7,3,3,マジックブルー,牡2,56.0,坂井瑠星,1:55.2,3/4,94.3,9.0,462(+8),[西] 矢作芳人,202308020801
8,5,6,イマジンレノン,牡2,55.0,角田大和,1:55.2,クビ,259.0,11.0,470(-4),[西] 角田晃一,202308020801
9,1,1,アーロンイメル,牡2,56.0,川田将雅,1:55.6,2,6.0,3.0,470(0),[西] 高橋義忠,202308020801
10,2,2,タマモプルメリア,牝2,53.0,田口貫太,1:56.5,5,157.0,10.0,444(-4),[西] 大橋勇樹,202308020801
11,8,11,ブーヤカ,牡2,56.0,藤岡康太,1:57.1,3.1/2,11.5,5.0,464(0),[西] 藤岡健一,202308020801
12,8,12,ハードメープル,牡2,55.0,小沢大仁,1:59.3,大,556.2,12.0,538(+4),[西] 石坂公一,202308020801
1,6,7,トッピゴー,牡2,56.0,武豊,1:13.1,,2.9,1.0,514(-10),[西] 角田晃一,202308020802
2,5,5,プロミシングスター,牡2,56.0,川須栄彦,1:13.7,4,13.2,5.0,438(0),[西] 加用正,202308020802
3,5,6,フタバ,牝2,55.0,団野大成,1:13.9,1,5.9,4.0,398(-4),[西] 西村真幸,202308020802
4,3,3,レグノ,牡2,54.0,田口貫太,1:14.0,クビ,65.4,10.0,438(+4),[西] 西園正都,202308020802
5,8,11,レッドコート,牡2,56.0,鮫島克駿,1:14.0,クビ,34.8,8.0,470(+2),[西] 中村直也,202308020802
6,4,4,モズトキキ,牝2,55.0,岩田望来,1:14.3,1.3/4,4.3,2.0,542(-2),[西] 村山明,202308020802
7,7,10,キモンキャリントン,牡2,52.0,河原田菜,1:14.5,1.1/4,53.5,9.0,428(+4),[西] 渡辺薫彦,202308020802
8,1,1,テイエムデンセツ,牡2,56.0,城戸義政,1:14.6,1/2,13.8,6.0,482(0),[西] 鈴木孝志,202308020802
9,8,12,アルピニスト,牝2,55.0,長岡禎仁,1:14.6,ハナ,5.1,3.0,460(-8),[西] 杉山佳明,202308020802
10,2,2,ボナール,牡2,56.0,松田大作,1:15.5,5,21.1,7.0,438(-4),[西] 武英智,202308020802
11,7,9,メイショウイチリン,牝2,54.0,小沢大仁,1:16.5,6,302.6,11.0,420(-4),[西] 荒川義之,202308020802
12,6,8,サウンドルミネ,牝2,52.0,大久保友,1:16.7,1.1/4,467.0,12.0,420(-2),[西] 村山明,202308020802
1,6,6,ダノンデサイル,牡2,56.0,横山典弘,1:47.9,,11.3,5.0,508(+4),[西] 安田翔伍,202308020803
2,3,3,シルヴァリームーン,牝2,55.0,武豊,1:48.1,1.1/2,3.4,1.0,510(-4),[西] 渡辺薫彦,202308020803
3,2,2,ロードバルベーラ,牡2,56.0,西村淳也,1:48.1,アタマ,6.1,4.0,460(+8),[西] 奥村豊,202308020803
4,1,1,フローラルセント,牝2,55.0,藤岡康太,1:48.1,ハナ,12.7,6.0,460(+2),[西] 松下武士,202308020803
5,7,7,メイショウタバル,牡2,55.0,角田大河,1:48.3,1,3.9,2.0,504(+2),[西] 石橋守,202308020803
6,7,8,ベルベストランナー,牡2,56.0,団野大成,1:48.7,2.1/2,119.4,9.0,472(+14),[西] 西村真幸,202308020803
7,8,10,エロース,牡2,56.0,モレイラ,1:48.7,アタマ,4.0,3.0,500(0),[西] 池江泰寿,202308020803
8,8,9,モアニ,牝2,55.0,坂井瑠星,1:49.0,2,23.4,7.0,470(+18),[西] 高橋康之,202308020803
9,5,5,ダイシンカーリー,牝2,55.0,岩田康誠,1:49.3,2,215.4,10.0,426(-2),[西] 吉田直弘,202308020803
10,4,4,ウインメラナイト,牡2,56.0,Ｍ．デム,1:50.2,5,98.7,8.0,488(+2),[西] 寺島良,202308020803
1,2,2,メイショウザンゲツ,牝2,55.0,和田竜二,1:26.8,,40.1,7.0,428(0),[西] 鈴木孝志,202308020804
2,4,4,オアシスドール,牝2,55.0,坂井瑠星,1:27.3,3,6.9,4.0,458(0),[西] 高柳大輔,202308020804
3,5,5,アメリカンマーチ,牡2,56.0,モレイラ,1:27.6,1.3/4,3.7,2.0,480(0),[西] 池江泰寿,202308020804
4,8,10,トモジャザーン,牡2,54.0,田口貫太,1:27.6,アタマ,15.1,6.0,486(0),[西] 大根田裕,202308020804
5,1,1,パリプラージュ,牝2,55.0,丸山元気,1:27.7,1/2,5.3,3.0,484(0),[東] 宮田敬介,202308020804
6,6,7,テクネチウム,牡2,56.0,池添謙一,1:27.8,クビ,54.4,8.0,476(0),[西] 木原一良,202308020804
7,7,8,オテンバムスメ,牝2,54.0,角田大河,1:28.1,2,97.9,9.0,440(0),[西] 北出成人,202308020804
8,7,9,エブリモーメント,牡2,56.0,西村淳也,1:28.7,3.1/2,12.8,5.0,492(0),[西] 牧田和弥,202308020804
9,6,6,ソングライター,牡2,56.0,岩田望来,1:29.2,3,2.6,1.0,494(0),[西] 野中賢二,202308020804
10,3,3,ジョーインテビット,牡2,56.0,藤岡康太,1:29.6,2.1/2,150.5,11.0,542(0),[西] 中竹和也,202308020804
11,8,11,オーシンクラッパー,牝2,55.0,鮫島克駿,1:30.6,6,107.2,10.0,452(0),[西] 高橋義忠,202308020804
1,5,5,ブエナオンダ,牡2,56.0,川田将雅,2:01.4,,2.8,2.0,456(0),[西] 須貝尚介,202308020805
2,7,9,ガルバナム,牡2,56.0,鮫島克駿,2:02.1,4,14.3,4.0,470(0),[西] 渡辺薫彦,202308020805
3,8,11,クランベリーダンス,牝2,53.0,田口貫太,2:02.4,1.3/4,40.3,8.0,386(0),[西] 庄野靖志,202308020805
4,8,10,ホウオウリムジン,牡2,56.0,西村淳也,2:02.4,クビ,7.3,3.0,460(0),[西] 安田翔伍,202308020805
5,3,3,ミナデオロ,牡2,56.0,坂井瑠星,2:02.5,1/2,2.3,1.0,508(0),[西] 藤原英昭,202308020805
6,1,1,メイショウリリー,牝2,55.0,Ｍ．デム,2:02.6,1/2,29.8,7.0,440(0),[西] 高橋義忠,202308020805
7,6,6,コスモモアナ,牡2,56.0,松岡正海,2:03.2,3.1/2,84.0,10.0,450(0),[西] 宮徹,202308020805
8,6,7,シスコ,牝2,55.0,岩田望来,2:03.3,3/4,42.7,9.0,418(0),[西] 四位洋文,202308020805
9,4,4,スマートマナリス,牡2,55.0,角田大河,2:03.8,3,221.7,11.0,470(0),[西] 石橋守,202308020805
10,7,8,マテンロウガーデン,牡2,56.0,横山典弘,2:03.8,クビ,15.3,5.0,500(0),[西] 武英智,202308020805
11,2,2,ウインサマースノー,牡2,56.0,和田竜二,2:04.1,1.3/4,20.9,6.0,462(0),[西] 飯田雄三,202308020805
1,6,6,クリノクリスタル,牝3,52.0,田口貫太,1:54.0,,2.1,1.0,466(+2),[西] 大橋勇樹,202308020806
2,1,1,ゴーフォマームード,牝3,54.0,岩田望来,1:54.1,1/2,5.2,3.0,444(-4),[西] 長谷川浩,202308020806
3,4,4,セットリスト,牝4,56.0,団野大成,1:54.3,1.1/2,8.9,4.0,488(-12),[西] 畑端省吾,202308020806
4,8,11,ミヤジレガリア,牝3,54.0,和田竜二,1:54.6,1.1/2,5.0,2.0,508(+16),[西] 鈴木孝志,202308020806
5,5,5,ロンシャンクイーン,牝3,54.0,横山典弘,1:54.6,クビ,13.9,7.0,426(-8),[西] 野中賢二,202308020806
6,7,8,ランスオブサターン,牝3,53.0,角田大河,1:54.7,1/2,54.8,8.0,456(-6),[西] 本田優,202308020806
7,2,2,ドゥライトアルディ,牝4,56.0,鮫島克駿,1:55.4,4,101.7,10.0,498(-4),[西] 西村真幸,202308020806
8,7,9,シゲルオトヒメ,牝4,52.0,河原田菜,1:55.5,クビ,56.0,9.0,430(+2),[西] 谷潔,202308020806
9,8,10,コンプラセンシア,牝3,54.0,坂井瑠星,1:56.9,8,11.2,5.0,478(+6),[西] 田中克典,202308020806
10,6,7,リツィタル,牝5,55.0,小沢大仁,1:57.0,1/2,176.0,11.0,410(+3),[西] 牧田和弥,202308020806
11,3,3,オールアイウォント,牝3,54.0,西村淳也,1:58.1,7,13.9,6.0,460(+2),[西] 森田直行,202308020806
1,7,8,グランヴィノス,牡3,56.0,川田将雅,1:45.9,,3.5,2.0,512(-4),[西] 友道康夫,202308020807
2,7,7,ドナウパール,牝3,54.0,モレイラ,1:46.2,1.3/4,5.5,3.0,446(0),[西] 斉藤崇史,202308020807
3,3,3,アランヴェリテ,セ4,57.0,小沢大仁,1:46.3,クビ,127.5,8.0,488(+18),[西] 中竹和也,202308020807
4,6,6,キタサンダムール,牝3,54.0,岩田望来,1:46.3,クビ,7.2,4.0,492(0),[西] 清水久詞,202308020807
5,8,10,ゴートゥファースト,牡3,55.0,角田大河,1:46.7,2.1/2,14.7,5.0,486(-4),[西] 新谷功一,202308020807
6,4,4,イングランドアイズ,牝3,54.0,横山和生,1:47.0,1.1/2,1.8,1.0,448(+6),[西] 安田翔伍,202308020807
7,1,1,テイエムエメラルド,牝5,54.0,田口貫太,1:47.1,3/4,84.7,7.0,484(+4),[西] 飯田雄三,202308020807
8,5,5,モノクロームスター,牡3,56.0,長岡禎仁,1:47.5,2.1/2,451.7,10.0,488(-5),[西] 今野貞一,202308020807
9,2,2,メイショウサンガ,牡6,58.0,藤岡康太,1:47.7,1,182.4,9.0,526(+6),[西] 千田輝彦,202308020807
10,8,9,パラディ,牝3,54.0,鮫島克駿,1:48.2,3,64.7,6.0,474(+4),[西] 四位洋文,202308020807
1,5,5,ルシフェル,牝2,55.0,川田将雅,1:47.9,,1.8,1.0,488(+6),[西] 斉藤崇史,202308020808
2,2,2,ビーグラッド,牝2,55.0,武豊,1:48.1,1.1/2,3.1,2.0,444(0),[西] 岡田稲男,202308020808
3,4,4,ギヴイットアゴー,牝2,55.0,横山典弘,1:48.2,3/4,22.7,5.0,460(-2),[西] 昆貢,202308020808
4,1,1,デルシエロ,牡2,56.0,坂井瑠星,1:48.4,3/4,4.8,3.0,400(0),[西] 清水久詞,202308020808
5,6,6,ホルトバージ,牡2,56.0,Ｍ．デム,1:48.4,アタマ,28.1,6.0,466(0),[西] 寺島良,202308020808
6,3,3,アレグロブリランテ,牡2,56.0,岩田望来,1:48.9,3,15.8,4.0,448(+2),[東] 上原佑紀,202308020808
除,7,7,ボルケーノ,牡2,56.0,モレイラ,,,---,,526(-2),[東] 堀宣行,202308020808
1,6,8,スズハローム,牡3,56.0,鮫島克駿,1:20.4,,4.3,3.0,452(-8),[西] 牧田和弥,202308020809
2,8,13,マチカゼ,牡3,56.0,川田将雅,1:20.6,1.1/4,5.4,4.0,486(+4),[西] 杉山晴紀,202308020809
3,1,1,アルーリングビュー,牝3,54.0,武豊,1:20.8,1,3.3,1.0,466(-10),[西] 吉村圭司,202308020809
4,3,3,トラベログ,牝3,54.0,藤岡佑介,1:20.8,ハナ,15.9,6.0,460(-2),[東] 岩戸孝樹,202308020809
5,7,10,ラケマーダ,牡3,56.0,Ｍ．デム,1:21.0,1.1/4,4.1,2.0,504(+2),[西] 千田輝彦,202308020809
6,5,7,ケルンキングダム,セ7,58.0,松若風馬,1:21.0,クビ,340.6,13.0,460(0),[西] 小崎憲,202308020809
7,4,5,ウルトラソニック,牡5,58.0,川須栄彦,1:21.2,1,38.3,9.0,488(+8),[西] 中尾秀正,202308020809
8,7,11,チャーミングアクト,牝6,56.0,鮫島良太,1:21.2,アタマ,228.1,12.0,474(-4),[西] 飯田雄三,202308020809
9,5,6,アスクキングコング,セ5,58.0,横山典弘,1:21.5,1.3/4,25.5,7.0,470(-2),[西] 梅田智之,202308020809
10,8,12,ピンクマクフィー,牝4,56.0,団野大成,1:21.6,3/4,8.8,5.0,434(-10),[西] 四位洋文,202308020809
11,2,2,スカイロケット,牡3,56.0,岩田望来,1:21.9,2,33.0,8.0,440(+12),[西] 須貝尚介,202308020809
12,4,4,ディヴァージオン,牝3,54.0,藤岡康太,1:22.3,2.1/2,86.6,10.0,436(-4),[西] 藤岡健一,202308020809
13,6,9,ヤマニンプレシオサ,牝6,56.0,岩田康誠,1:23.0,4,155.2,11.0,476(-10),[東] 辻哲英,202308020809
1,6,11,ミッキーヌチバナ,牡5,58.0,Ｍ．デム,1:51.6,,10.8,4.0,524(+12),[西] 高橋亮,202308020810
2,3,6,ミラクルティアラ,牝3,54.0,坂井瑠星,1:51.6,アタマ,3.8,2.0,442(0),[西] 加用正,202308020810
3,7,13,バハルダール,牡4,58.0,モレイラ,1:51.8,1.1/4,14.3,5.0,502(+6),[西] 池江泰寿,202308020810
4,4,8,キュールエフウジン,牡4,58.0,藤岡佑介,1:52.2,2,14.4,6.0,490(-4),[西] 中尾秀正,202308020810
5,1,1,グーデンドラーク,牡4,58.0,池添謙一,1:52.2,クビ,23.3,7.0,526(+2),[西] 池添学,202308020810
6,2,3,マルブツプライド,牡4,58.0,川須栄彦,1:52.3,クビ,23.6,8.0,534(+2),[西] 加用正,202308020810
7,1,2,ジュタロウ,牡4,58.0,武豊,1:52.5,1.1/4,4.7,3.0,500(+8),[西] 河内洋,202308020810
8,8,16,ドライゼ,牝4,56.0,団野大成,1:52.5,アタマ,44.0,11.0,492(-2),[西] 須貝尚介,202308020810
9,7,14,セイクリッドゲイズ,セ5,58.0,川田将雅,1:52.7,1.1/2,3.0,1.0,496(+2),[西] 佐々木晶,202308020810
10,2,4,アイブランコ,牡6,58.0,柴田善臣,1:52.8,クビ,63.1,12.0,522(+2),[東] 中野栄治,202308020810
11,5,9,ルーカスミノル,牡3,56.0,横山典弘,1:53.0,1,29.9,9.0,534(+14),[西] 本田優,202308020810
12,6,12,プリモスペランツァ,牡4,58.0,鮫島克駿,1:53.1,3/4,41.7,10.0,504(+10),[西] 中竹和也,202308020810
13,5,10,ロッキーサンダー,牡6,58.0,西村淳也,1:53.3,1.1/4,64.8,13.0,488(+6),[西] 石橋守,202308020810
14,4,7,レッドエランドール,セ6,58.0,酒井学,1:53.3,クビ,75.4,14.0,496(+4),[西] 田中克典,202308020810
15,8,15,マルカアトラス,牡4,58.0,和田竜二,1:54.5,7,89.3,15.0,492(+2),[西] 松永昌博,202308020810
取,3,5,カシノブレンド,セ7,58.0,菅原明良,,,---,,計不,[東] 蛯名利弘,202308020810
1,2,3,ウイングレイテスト,牡6,57.0,松岡正海,1:19.9,,21.6,10.0,500(+4),[東] 畠山吉宏,202308020811
2,7,15,ララクリスティーヌ,牝5,55.0,菅原明良,1:20.0,クビ,10.9,6.0,456(0),[西] 斉藤崇史,202308020811
3,8,18,ロータスランド,牝6,55.0,岩田康誠,1:20.1,3/4,33.7,11.0,488(+16),[西] 辻野泰之,202308020811
4,1,2,ルガル,牡3,55.0,武豊,1:20.1,ハナ,6.3,3.0,516(-6),[西] 杉山晴紀,202308020811
5,8,16,ウインマーベル,牡4,57.0,西村淳也,1:20.3,1.1/4,14.0,7.0,474(+2),[東] 深山雅史,202308020811
6,4,8,グレナディアガーズ,牡5,57.0,岩田望来,1:20.3,アタマ,5.6,2.0,468(0),[西] 中内田充,202308020811
7,5,9,アヴェラーレ,牝5,55.0,川田将雅,1:20.4,1/2,3.9,1.0,446(+4),[東] 木村哲也,202308020811
8,7,14,インダストリア,牡4,57.0,丸山元気,1:20.4,アタマ,18.5,9.0,492(-2),[東] 宮田敬介,202308020811
9,2,4,トウシンマカオ,牡4,57.0,横山和生,1:20.6,1,8.4,4.0,464(-8),[東] 高柳瑞樹,202308020811
10,4,7,デュガ,牡4,57.0,松若風馬,1:20.7,クビ,215.7,17.0,512(+6),[西] 森秀行,202308020811
11,1,1,エクセトラ,牡4,57.0,モレイラ,1:20.7,ハナ,9.3,5.0,530(+4),[西] 吉村圭司,202308020811
12,3,5,タマモブラックタイ,牡3,55.0,角田大和,1:20.7,クビ,84.5,15.0,512(0),[西] 角田晃一,202308020811
13,6,12,ルージュスティリア,牝4,55.0,坂井瑠星,1:20.7,クビ,17.1,8.0,498(+8),[西] 藤原英昭,202308020811
14,5,10,メイショウソラフネ,牡4,57.0,角田大河,1:20.8,1/2,63.3,14.0,448(0),[西] 石橋守,202308020811
15,3,6,スマートリアン,牝6,55.0,柴田善臣,1:20.9,クビ,44.7,13.0,482(+6),[西] 石橋守,202308020811
16,6,11,カイザーミノル,牡7,57.0,藤岡康太,1:21.0,3/4,349.7,18.0,468(+10),[西] 北出成人,202308020811
17,8,17,サブライムアンセム,牝4,55.0,池添謙一,1:21.0,クビ,39.9,12.0,488(0),[西] 藤原英昭,202308020811
18,7,13,ミッキーブリランテ,牡7,57.0,和田竜二,1:21.1,1/2,136.0,16.0,470(+6),[西] 矢作芳人,202308020811
1,3,4,ブライアンセンス,牡3,56.0,モレイラ,1:52.2,,1.3,1.0,512(+4),[東] 斎藤誠,202308020812
2,8,13,メイショウコジョウ,牡6,58.0,西村淳也,1:52.7,3,85.6,10.0,476(-2),[西] 石橋守,202308020812
3,5,8,バライロノキセキ,牝5,56.0,池添謙一,1:53.3,3.1/2,54.5,8.0,502(-2),[西] 中竹和也,202308020812
4,1,1,ウインメイフラワー,牝4,56.0,松若風馬,1:53.3,アタマ,142.4,12.0,486(-2),[西] 梅田智之,202308020812
5,4,6,テイエムシニスター,牡4,58.0,和田竜二,1:53.4,アタマ,33.8,6.0,506(+8),[西] 木原一良,202308020812
6,5,7,テーオーレガシー,牡3,54.0,田口貫太,1:53.9,3,12.6,3.0,518(-4),[西] 宮徹,202308020812
7,7,12,シンヨモギネス,牡5,58.0,鮫島克駿,1:54.1,1.1/4,34.9,7.0,476(-4),[東] 伊藤圭三,202308020812
8,3,3,テンダンス,セ4,57.0,角田大河,1:54.5,2.1/2,57.0,9.0,494(-8),[西] 中竹和也,202308020812
9,6,9,ハイラブハンター,牡5,58.0,和田翼,1:54.6,クビ,207.4,13.0,494(+2),[西] 谷潔,202308020812
10,7,11,ワンダースティング,牡5,54.0,河原田菜,1:55.0,2.1/2,27.2,5.0,526(0),[西] 渡辺薫彦,202308020812
11,8,14,シゲルローズマリー,セ4,58.0,高倉稜,1:55.3,1.3/4,133.7,11.0,462(-4),[西] 渡辺薫彦,202308020812
12,4,5,ドットクルー,牡3,56.0,岩田望来,1:55.3,クビ,13.9,4.0,464(-4),[西] 笹田和秀,202308020812
中,2,2,メイショウオーロラ,牝3,54.0,横山典弘,,,5.5,2.0,500(+16),[西] 本田優,202308020812
除,6,10,コンティノアール,牡3,56.0,坂井瑠星,,,---,,526(0),[西] 矢作芳人,202308020812
1,5,5,ディーノサンライズ,牝2,55.0,坂井瑠星,1:26.4,,23.3,7.0,442(+6),[西] 高橋康之,202308020901
2,2,2,クリノオリーブ,牝2,55.0,森裕太朗,1:26.9,2.1/2,7.4,5.0,462(+2),[西] 谷潔,202308020901
3,1,1,マックスセレナーデ,牝2,55.0,鮫島克駿,1:27.0,1,3.9,2.0,508(0),[西] 橋口慎介,202308020901
4,6,8,リリーズブルーム,牝2,55.0,鮫島良太,1:27.2,1.1/4,28.0,8.0,458(+14),[西] 牧浦充徳,202308020901
5,7,9,ジーティースピカ,牝2,55.0,岩田望来,1:28.3,7,6.5,4.0,472(-4),[西] 上村洋行,202308020901
6,3,3,ラピダニーニャ,牝2,55.0,小崎綾也,1:28.3,アタマ,139.7,12.0,434(+6),[西] 小崎憲,202308020901
7,4,4,セブンスリーローズ,牝2,54.0,小沢大仁,1:28.4,1/2,14.1,6.0,426(+2),[西] 飯田祐史,202308020901
8,7,10,クリノトパーズ,牝2,53.0,田口貫太,1:28.5,1/2,106.9,10.0,424(-2),[西] 大橋勇樹,202308020901
9,8,12,オレンジダンサー,牝2,55.0,北村友一,1:28.7,1.1/4,6.1,3.0,436(+14),[西] 高野友和,202308020901
10,6,7,ジョウショータイプ,牝2,54.0,角田大河,1:28.9,3/4,30.9,9.0,482(+10),[西] 中尾秀正,202308020901
11,8,11,ファミリー,牝2,51.0,河原田菜,1:30.2,8,113.3,11.0,434(-2),[西] 渡辺薫彦,202308020901
12,5,6,ホウオウドルーリー,牝2,55.0,藤岡康太,1:30.3,1/2,3.6,1.0,456(+2),[西] 宮徹,202308020901
1,6,7,バロンドール,牡2,56.0,横山典弘,1:54.8,,2.4,1.0,524(+2),[西] 松永幹夫,202308020902
2,7,9,ルディック,牡2,56.0,鮫島克駿,1:55.8,6,3.1,2.0,506(+4),[西] 高野友和,202308020902
3,3,3,オルデラン,牡2,56.0,池添謙一,1:56.0,1.1/4,88.1,10.0,478(-4),[西] 寺島良,202308020902
4,8,11,ソウルプラウド,牡2,56.0,北村友一,1:56.7,4,6.8,3.0,478(+6),[西] 高橋亮,202308020902
5,4,4,カレンデリスモンド,牡2,56.0,和田竜二,1:57.0,1.3/4,50.0,9.0,484(-6),[西] 平田修,202308020902
6,5,6,リンゴ,牡2,56.0,幸英明,1:57.0,アタマ,9.9,4.0,526(+2),[西] 梅田智之,202308020902
7,7,10,ピースラピッド,牡2,54.0,田口貫太,1:58.0,6,18.9,5.0,478(+4),[西] 羽月友彦,202308020902
8,8,12,エクステンシヴリー,牡2,56.0,藤岡康太,1:58.0,アタマ,20.0,6.0,510(-4),[西] 小栗実,202308020902
9,2,2,ダンツハマー,牝2,55.0,和田翼,1:58.1,3/4,228.5,11.0,460(-16),[西] 谷潔,202308020902
10,1,1,スマッシュスルー,牡2,56.0,坂井瑠星,1:58.3,1.1/4,23.2,7.0,544(+4),[西] 清水久詞,202308020902
11,5,5,メイショウトム,牡2,52.0,河原田菜,1:58.4,クビ,26.8,8.0,470(+14),[西] 河内洋,202308020902
12,6,8,ユウトザアシゲ,牡2,55.0,小沢大仁,1:59.3,5,283.5,12.0,500(-2),[西] 藤沢則雄,202308020902
1,8,13,ルージュプレジール,牝2,55.0,浜中俊,1:34.5,,14.9,6.0,456(-2),[西] 田中克典,202308020903
2,5,7,ニックオブタイム,牡2,56.0,坂井瑠星,1:34.5,クビ,1.8,1.0,472(+10),[西] 中内田充,202308020903
3,4,5,ダイシンアレス,牡2,56.0,北村友一,1:35.1,3.1/2,13.9,5.0,464(-6),[西] 庄野靖志,202308020903
4,1,1,ウィズユアハート,牝2,55.0,横山典弘,1:35.2,クビ,6.1,3.0,426(+4),[西] 四位洋文,202308020903
5,3,3,メイショウカンムリ,牡2,56.0,幸英明,1:35.5,1.3/4,32.1,7.0,462(+2),[西] 木原一良,202308020903
6,2,2,タイセイタリスマン,牡2,56.0,松若風馬,1:35.9,2.1/2,94.2,8.0,454(-6),[西] 小栗実,202308020903
7,7,10,ウッドバイン,牝2,55.0,池添謙一,1:36.1,1,6.0,2.0,442(+4),[西] 河内洋,202308020903
8,4,4,ウインオーブ,牡2,54.0,田口貫太,1:36.3,1.1/4,138.6,11.0,436(0),[西] 宮本博,202308020903
9,8,12,ツーエムピシュー,牡2,55.0,角田大河,1:36.4,3/4,10.9,4.0,470(0),[西] 本田優,202308020903
10,6,9,ジョウエン,牝2,55.0,鮫島克駿,1:36.9,3,120.1,10.0,418(+6),[西] 小栗実,202308020903
11,7,11,ジャコムスビ,牡2,56.0,川島信二,1:37.3,2.1/2,247.7,12.0,464(-10),[西] 荒川義之,202308020903
12,5,6,ソリューション,牡2,52.0,河原田菜,1:37.6,1.1/2,371.4,13.0,442(0),[西] 加用正,202308020903
13,6,8,グローリーロード,牡2,56.0,国分恭介,1:38.7,7,108.1,9.0,450(-4),[西] 西園翔太,202308020903
1,6,6,パシアンジャン,牡2,56.0,和田竜二,1:54.5,,9.6,5.0,444(0),[西] 鈴木孝志,202308020904
2,1,1,ヴィアダクト,牡2,56.0,鮫島克駿,1:55.1,3.1/2,8.0,4.0,536(0),[西] 吉村圭司,202308020904
3,8,9,ハイウェイスター,牝2,55.0,藤岡康太,1:55.8,4,5.6,3.0,490(0),[西] 宮本博,202308020904
4,4,4,アスクヒロイズガイ,牡2,56.0,坂井瑠星,1:56.1,1.1/2,3.0,1.0,496(0),[西] 野中賢二,202308020904
5,3,3,ベルメサイア,牝2,55.0,岩田望来,1:56.3,1,3.4,2.0,486(0),[西] 西村真幸,202308020904
6,7,7,アキミューミュー,牝2,55.0,団野大成,1:56.6,2,14.4,6.0,468(0),[西] 安田隆行,202308020904
7,2,2,マルカビクトリー,牡2,55.0,小沢大仁,1:58.7,大,65.0,9.0,458(0),[西] 松永昌博,202308020904
8,7,8,サンライズダマシイ,牡2,56.0,幸英明,2:00.1,8,21.8,7.0,506(0),[西] 羽月友彦,202308020904
9,5,5,ビーチピーチピール,牝2,55.0,国分優作,2:01.8,10,150.6,10.0,468(0),[西] 大根田裕,202308020904
10,8,10,メッツガー,牝2,54.0,角田大河,2:03.0,7,35.2,8.0,522(0),[西] 茶木太樹,202308020904
1,8,11,カーメルタザイト,牡2,56.0,北村友一,1:47.6,,3.0,1.0,462(0),[西] 安田翔伍,202308020905
2,6,6,ネロコルヴィーノ,牡2,56.0,池添謙一,1:47.8,1,5.1,3.0,522(0),[西] 辻野泰之,202308020905
3,7,8,ローマンレイク,牝2,55.0,藤岡康太,1:48.1,2,7.3,4.0,432(0),[西] 松永幹夫,202308020905
4,3,3,モルツシャン,牝2,55.0,岩田望来,1:48.7,3.1/2,9.3,5.0,440(0),[西] 四位洋文,202308020905
5,1,1,ガロンヌ,牡2,56.0,松若風馬,1:49.0,2,4.8,2.0,490(0),[西] 上村洋行,202308020905
6,5,5,トーマスフレア,牡2,55.0,角田大河,1:49.8,5,26.8,8.0,502(0),[西] 四位洋文,202308020905
7,8,10,アンビシュー,牝2,54.0,小沢大仁,1:49.9,3/4,36.3,9.0,456(0),[西] 池江泰寿,202308020905
8,7,9,アルレジャン,牡2,56.0,幸英明,1:49.9,アタマ,10.5,6.0,506(0),[西] 藤原英昭,202308020905
9,6,7,アルヒジュル,牡2,56.0,団野大成,1:50.7,5,24.1,7.0,488(0),[西] 斉藤崇史,202308020905
10,4,4,クリノエタニティ,牝2,53.0,田口貫太,1:51.3,3.1/2,111.9,11.0,472(0),[西] 安達昭夫,202308020905
11,2,2,プラティア,牝2,55.0,国分恭介,1:52.5,7,70.6,10.0,406(0),[西] 加用正,202308020905
1,5,5,ビップジーニー,牡2,56.0,和田竜二,1:22.4,,3.8,2.0,476(0),[西] 松下武士,202308020906
2,4,4,リューデスハイム,牡2,56.0,松若風馬,1:22.4,クビ,10.3,6.0,498(0),[西] 牧田和弥,202308020906
3,8,9,メイショウソニック,牡2,55.0,角田大河,1:22.8,2,8.2,5.0,458(0),[西] 石橋守,202308020906
4,3,3,レディーヴァリュー,牝2,55.0,藤岡康太,1:22.8,ハナ,5.5,3.0,442(0),[西] 小林真也,202308020906
5,8,10,ブリッジワン,牝2,55.0,岩田望来,1:23.4,3.1/2,6.8,4.0,448(0),[西] 武英智,202308020906
6,7,7,レアンダー,牡2,56.0,幸英明,1:23.6,1.1/2,17.9,7.0,462(0),[西] 大根田裕,202308020906
7,1,1,クイーンカナロア,牝2,55.0,鮫島克駿,1:24.0,2,3.6,1.0,450(0),[西] 藤岡健一,202308020906
8,2,2,ハイディージェン,牡2,54.0,田口貫太,1:24.3,2,127.6,10.0,478(0),[西] 森田直行,202308020906
9,7,8,ジェネレート,牝2,51.0,河原田菜,1:24.6,1.3/4,35.5,8.0,416(0),[西] 新谷功一,202308020906
10,6,6,テイエムドルオー,牡2,55.0,小沢大仁,1:24.8,1,101.5,9.0,432(0),[西] 木原一良,202308020906
1,2,2,ササヤキ,牡3,56.0,池添謙一,1:53.4,,2.4,1.0,540(+8),[西] 畑端省吾,202308020907
2,6,7,ケイエイト,牡3,56.0,和田竜二,1:54.2,5,4.1,3.0,474(+4),[西] 羽月友彦,202308020907
3,4,4,ティエラサンタ,牡3,56.0,団野大成,1:54.8,3.1/2,14.0,5.0,506(+4),[西] 西村真幸,202308020907
4,7,8,ニホンピロペリー,牡4,56.0,田口貫太,1:54.9,3/4,110.7,11.0,506(+10),[西] 大橋勇樹,202308020907
5,8,10,ヒロシクン,セ4,54.0,河原田菜,1:55.2,1.3/4,8.3,4.0,544(-4),[西] 宮本博,202308020907
6,7,9,タロントゥーズ,牡3,56.0,坂井瑠星,1:55.8,3.1/2,3.2,2.0,472(+6),[西] 大久保龍,202308020907
7,8,11,ツクヨミ,牡3,56.0,藤岡康太,1:56.6,5,76.0,9.0,464(-2),[西] 坂口智康,202308020907
8,1,1,カズピレウス,牡3,56.0,鮫島克駿,1:56.8,1.1/4,52.3,7.0,446(0),[西] 小栗実,202308020907
9,6,6,クープラン,牡5,58.0,森裕太朗,1:58.6,大,32.8,6.0,552(+22),[西] 藤沢則雄,202308020907
10,3,3,シゲルツキミザケ,牡4,58.0,幸英明,1:59.8,7,81.9,10.0,466(-2),[西] 谷潔,202308020907
11,5,5,タマモマスラオ,牡3,55.0,小沢大仁,2:09.9,大,65.1,8.0,500(+2),[西] 緒方努,202308020907
1,7,14,カマチョクイン,牝3,54.0,鮫島克駿,1:24.8,,12.1,3.0,466(+6),[西] 橋口慎介,202308020908
2,7,13,メイショウタイゲイ,牡4,57.0,小沢大仁,1:24.9,3/4,33.6,8.0,460(0),[西] 荒川義之,202308020908
3,4,8,エメラルドビーチ,牡3,56.0,岩田望来,1:25.1,3/4,1.5,1.0,532(-2),[西] 大久保龍,202308020908
4,8,16,オースミリン,牝4,56.0,団野大成,1:25.5,2.1/2,21.9,6.0,466(+2),[西] 荒川義之,202308020908
5,3,5,ジャーヴィス,牡3,56.0,酒井学,1:25.6,クビ,26.0,7.0,486(0),[西] 千田輝彦,202308020908
6,3,6,ストロンゲスト,牡4,58.0,城戸義政,1:25.7,3/4,199.3,14.0,482(-6),[西] 羽月友彦,202308020908
7,1,2,ルショコラ,牝4,56.0,坂井瑠星,1:25.8,クビ,14.4,4.0,480(-4),[西] 吉田直弘,202308020908
8,1,1,トーホウデュラン,牡4,58.0,松若風馬,1:25.8,ハナ,18.6,5.0,482(-10),[西] 石坂公一,202308020908
9,5,10,コマンダンテ,セ5,57.0,角田大河,1:25.8,ハナ,198.2,13.0,484(+6),[西] 吉村圭司,202308020908
10,6,11,ゴットゴーゴー,牝5,56.0,高倉稜,1:25.8,ハナ,123.8,11.0,480(-4),[西] 木原一良,202308020908
11,2,3,ライズンシャイン,牝5,56.0,国分優作,1:25.9,3/4,51.5,10.0,504(-2),[西] 岡田稲男,202308020908
12,4,7,ファムスパーブ,牝4,56.0,川須栄彦,1:26.1,3/4,168.8,12.0,454(0),[西] 小林真也,202308020908
13,8,15,ベルドラゴ,牡4,58.0,荻野極,1:26.5,2.1/2,208.8,15.0,490(+4),[西] 庄野靖志,202308020908
14,2,4,ガンウルフ,牡3,56.0,藤岡康太,1:26.8,1.1/2,4.5,2.0,488(0),[西] 藤岡健一,202308020908
15,6,12,キングダイヤモンド,牡3,54.0,田口貫太,1:27.0,1.1/4,216.9,16.0,510(+4),[西] 大橋勇樹,202308020908
16,5,9,ルールシェーバー,牡6,58.0,和田竜二,1:27.0,アタマ,45.7,9.0,474(-1),[西] 北出成人,202308020908
1,7,7,アイスグリーン,牡3,56.0,鮫島克駿,1:47.9,,4.7,2.0,480(+6),[西] 池添学,202308020909
2,5,5,プッシュオン,牡3,56.0,坂井瑠星,1:48.1,1.1/2,7.6,5.0,452(-4),[西] 西村真幸,202308020909
3,8,8,ドクタードリトル,牡3,56.0,松若風馬,1:48.3,3/4,2.6,1.0,468(+10),[西] 今野貞一,202308020909
4,3,3,ショウナンアデイブ,牡4,58.0,池添謙一,1:48.3,ハナ,15.9,6.0,508(+4),[西] 高野友和,202308020909
5,6,6,クリオミニーズ,牡4,58.0,荻野極,1:48.3,クビ,26.5,7.0,494(+6),[西] 西園翔太,202308020909
6,1,1,メタルスピード,牡3,56.0,岩田望来,1:48.4,クビ,4.8,3.0,514(-2),[東] 斎藤誠,202308020909
7,8,9,マイネルメモリー,牡3,56.0,和田竜二,1:48.9,3,4.9,4.0,472(+14),[西] 宮徹,202308020909
8,4,4,レアシャンパーニュ,牝5,56.0,藤岡康太,1:49.1,1.1/2,54.0,8.0,472(+8),[西] 上村洋行,202308020909
9,2,2,シベリアンタイガー,セ12,58.0,田口貫太,1:50.2,7,222.4,9.0,478(0),[東] 加藤和宏,202308020909
1,4,8,ワープスピード,牡4,56.0,荻野極,3:03.7,,6.6,3.0,500(-2),[東] 高木登,202308020910
2,8,15,メイショウブレゲ,牡4,56.0,酒井学,3:03.9,1,14.7,7.0,466(-6),[西] 本田優,202308020910
3,1,2,エンドウノハナ,牡4,57.0,岩田望来,3:04.1,1.1/2,3.7,1.0,472(-4),[西] 四位洋文,202308020910
4,3,6,アップデート,牡4,55.0,和田竜二,3:04.4,1.1/2,23.9,10.0,506(+2),[西] 杉山晴紀,202308020910
5,8,17,ウインエアフォルク,牡6,55.0,幸英明,3:04.4,アタマ,51.6,14.0,470(-6),[東] 根本康広,202308020910
6,2,3,タイムオブフライト,牡4,56.0,鮫島克駿,3:04.4,クビ,15.4,8.0,440(-2),[西] 辻野泰之,202308020910
7,7,14,サンセットクラウド,牡4,56.0,坂井瑠星,3:04.5,クビ,8.5,4.0,458(+2),[西] 矢作芳人,202308020910
8,5,10,ダノンレガーロ,牡6,56.0,北村友一,3:04.5,クビ,37.2,13.0,458(-10),[東] 西田雄一,202308020910
9,6,12,マテンロウマジック,牡4,55.0,太宰啓介,3:04.6,1/2,36.7,12.0,490(+4),[西] 高橋亮,202308020910
10,5,9,マイネルコロンブス,牡6,54.0,団野大成,3:04.8,3/4,90.6,15.0,470(0),[東] 清水英克,202308020910
11,1,1,シホノスペランツァ,牡4,56.0,浜中俊,3:05.0,1.1/4,5.6,2.0,490(+4),[西] 寺島良,202308020910
12,4,7,アスティ,セ7,54.0,国分恭介,3:05.0,1/2,147.3,16.0,420(-4),[東] 堀内岳志,202308020910
13,3,5,ホウオウエクレール,牡6,57.0,藤岡康太,3:05.2,1,13.2,6.0,508(+2),[西] 宮徹,202308020910
14,8,16,モンテディオ,牡5,55.0,横山典弘,3:05.3,クビ,21.0,9.0,486(+6),[西] 四位洋文,202308020910
15,2,4,ミステリーウェイ,セ5,56.0,池添謙一,3:05.4,1/2,8.7,5.0,500(+10),[西] 小林真也,202308020910
16,6,11,スズカノロッソ,セ8,55.0,荻野琢真,3:05.4,クビ,179.5,17.0,480(-8),[東] 小島茂之,202308020910
17,7,13,タイセイシリウス,セ6,52.0,松若風馬,3:06.7,8,32.7,11.0,492(+14),[西] 小栗実,202308020910
1,6,11,アルナシーム,牡4,57.0,鮫島克駿,1:44.7,,6.0,3.0,440(-2),[西] 橋口慎介,202308020911
2,8,16,ピンハイ,牝4,55.0,高倉稜,1:44.8,1.1/4,5.9,2.0,416(+12),[西] 田中克典,202308020911
3,5,9,ヤマニンサンパ,牡5,57.0,団野大成,1:44.9,クビ,11.3,7.0,480(+2),[西] 斉藤崇史,202308020911
4,2,4,マテンロウスカイ,セ4,57.0,横山典弘,1:44.9,ハナ,3.9,1.0,490(+8),[西] 松永幹夫,202308020911
5,8,15,エアファンディタ,牡6,60.0,池添謙一,1:44.9,クビ,10.6,5.0,460(+4),[西] 池添学,202308020911
6,6,12,シュヴァリエローズ,牡5,57.0,幸英明,1:45.0,1/2,20.4,10.0,466(+12),[西] 清水久詞,202308020911
7,5,10,グラティアス,牡5,57.0,北村友一,1:45.1,1/2,13.2,8.0,498(+2),[西] 安田隆行,202308020911
8,1,2,フライライクバード,セ6,57.0,藤岡康太,1:45.1,ハナ,9.7,4.0,458(0),[西] 友道康夫,202308020911
9,7,13,ヴァリアメンテ,牡5,57.0,坂井瑠星,1:45.1,クビ,10.7,6.0,472(-4),[西] 中内田充,202308020911
10,2,3,ビーアストニッシド,牡4,58.0,田中健,1:45.2,3/4,15.0,9.0,488(+2),[西] 飯田雄三,202308020911
11,4,8,ショウナンマグマ,牡4,58.0,角田大河,1:45.3,1/2,44.7,12.0,512(-2),[東] 尾関知人,202308020911
12,3,6,ヴァンケドミンゴ,牡7,58.0,酒井学,1:45.4,クビ,114.8,14.0,476(+8),[西] 藤岡健一,202308020911
13,1,1,スパイラルノヴァ,牡5,57.0,浜中俊,1:45.9,3,22.1,11.0,484(+2),[西] 藤岡健一,202308020911
14,3,5,シフルマン,牡7,58.0,国分恭介,1:45.9,クビ,143.0,15.0,512(+14),[西] 中尾秀正,202308020911
15,7,14,ラセット,牡8,58.0,荻野極,1:46.0,1/2,203.1,16.0,476(+4),[西] 庄野靖志,202308020911
16,4,7,ビターエンダー,牡6,57.0,松若風馬,1:48.9,大,88.5,13.0,490(0),[東] 相沢郁,202308020911
1,7,13,ブレーヴジャッカル,セ5,58.0,浜中俊,1:24.5,,21.9,6.0,456(-6),[西] 長谷川浩,202308020912
2,6,11,ビルカール,牡3,56.0,松若風馬,1:24.8,1.3/4,33.6,7.0,476(+14),[東] 水野貴広,202308020912
3,2,3,ゼットノヴァ,牡4,58.0,幸英明,1:24.9,クビ,3.7,2.0,442(+2),[西] 吉田直弘,202308020912
4,5,10,カセノミオ,牝3,53.0,角田大河,1:24.9,クビ,5.7,4.0,528(0),[西] 中尾秀正,202308020912
5,7,14,サヴァイヴ,牡6,58.0,岩田望来,1:24.9,アタマ,35.5,8.0,476(-2),[西] 清水久詞,202308020912
6,1,2,ブルーノート,牡4,58.0,荻野琢真,1:25.0,アタマ,90.7,13.0,496(+3),[西] 梅田智之,202308020912
7,2,4,テイエムフェロー,牡4,58.0,田中健,1:25.2,1.1/2,55.7,12.0,486(-2),[西] 飯田雄三,202308020912
8,8,15,スズカコーズ,牡3,54.0,田口貫太,1:25.4,1,5.0,3.0,504(0),[東] 伊藤圭三,202308020912
9,4,7,テーオーポシブル,セ7,58.0,団野大成,1:25.4,クビ,153.4,15.0,478(-2),[西] 梅田智之,202308020912
10,5,9,ジュストコル,牡5,58.0,和田竜二,1:25.5,1/2,2.8,1.0,508(0),[西] 大久保龍,202308020912
11,1,1,メタモルフォーゼ,牝6,56.0,坂井瑠星,1:25.5,ハナ,54.6,11.0,476(-4),[西] 渡辺薫彦,202308020912
12,3,6,ヴィゴラスダンサー,牝4,56.0,藤岡康太,1:25.7,3/4,42.4,10.0,446(0),[西] 友道康夫,202308020912
13,8,16,リュクスウォリアー,牡6,58.0,北村友一,1:25.9,1.1/4,19.4,5.0,504(0),[西] 平田修,202308020912
14,6,12,ドンフクリン,牡4,58.0,荻野極,1:26.0,1/2,136.5,14.0,468(-2),[西] 庄野靖志,202308020912
15,4,8,ロープスピニング,牝4,56.0,鮫島克駿,1:26.5,3.1/2,38.8,9.0,434(-4),[東] 武藤善則,202308020912
取,3,5,グッドフェイス,牡4,57.0,小沢大仁,,,---,,計不,[西] 松下武士,202308020912
1,6,11,スターターン,牡2,56.0,松山弘平,1:26.0,,5.3,3.0,468(-10),[西] 坂口智康,202308030101
2,1,1,フラムリンガム,牡2,56.0,北村友一,1:26.2,1.1/4,18.1,7.0,484(+20),[西] 田中克典,202308030101
3,8,15,キングツェッペリン,牡2,56.0,西村淳也,1:26.2,クビ,29.5,9.0,446(-6),[西] 牧田和弥,202308030101
4,7,14,ヒデシンイメル,牡2,56.0,藤岡佑介,1:26.7,3,12.8,4.0,452(+2),[西] 武英智,202308030101
5,4,8,ヤマニンアラクリア,牡2,56.0,田中健,1:27.1,2.1/2,23.4,8.0,470(-4),[西] 中村直也,202308030101
6,1,2,グレッソネイ,牡2,56.0,藤岡康太,1:28.0,5,15.1,5.0,520(+2),[西] 高野友和,202308030101
7,5,9,サウンドクラージュ,牡2,56.0,鮫島克駿,1:28.1,クビ,3.6,2.0,462(-2),[西] 高柳大輔,202308030101
8,3,5,ガラシュ,牡2,56.0,和田竜二,1:28.1,クビ,2.9,1.0,514(+4),[西] 高橋康之,202308030101
9,2,4,エピックナイト,牡2,56.0,団野大成,1:28.3,3/4,195.6,13.0,440(+4),[西] 笹田和秀,202308030101
10,4,7,タプファーアイ,牡2,55.0,角田大河,1:28.5,1.1/4,15.5,6.0,464(+4),[西] 四位洋文,202308030101
11,2,3,ランフォーリリーズ,牝2,51.0,河原田菜,1:28.5,クビ,180.5,12.0,416(+2),[西] 牧田和弥,202308030101
12,7,13,クアトロジャック,牡2,56.0,斎藤新,1:28.7,1.1/4,76.2,11.0,464(+4),[西] 庄野靖志,202308030101
13,5,10,ダイヤフレンド,牝2,55.0,森裕太朗,1:28.8,クビ,289.5,14.0,482(+16),[西] 羽月友彦,202308030101
14,3,6,アマノメルシー,牝2,55.0,酒井学,1:29.0,1.1/4,301.2,15.0,420(0),[西] 藤沢則雄,202308030101
15,8,16,ランブルフィッシュ,牡2,55.0,小沢大仁,1:29.1,1,426.7,16.0,446(+18),[西] 中竹和也,202308030101
16,6,12,ナムラルッコラ,牝2,55.0,幸英明,1:29.8,4,71.1,10.0,478(+2),[西] 大橋勇樹,202308030101
1,8,11,ポッドロゴ,牡2,56.0,松山弘平,1:54.4,,3.0,2.0,472(+10),[西] 西園正都,202308030102
2,7,8,クリノフィガロ,牡2,56.0,団野大成,1:54.8,2.1/2,3.5,3.0,492(+6),[西] 荒川義之,202308030102
3,3,3,シーリュウシー,牡2,56.0,幸英明,1:56.5,10,2.2,1.0,488(-2),[西] 岡田稲男,202308030102
4,6,6,ダイシンバースディ,牡2,56.0,西村淳也,1:57.1,3.1/2,20.7,4.0,478(0),[西] 庄野靖志,202308030102
5,1,1,グランドエスケープ,牡2,56.0,荻野琢真,1:57.3,1.1/4,43.1,6.0,464(+2),[西] 藤沢則雄,202308030102
6,7,9,ピースウォリアー,牡2,56.0,和田竜二,1:57.4,クビ,111.8,9.0,480(+2),[西] 北出成人,202308030102
7,2,2,ハッピーマインド,牡2,55.0,角田大河,1:57.4,クビ,39.3,5.0,512(+2),[西] 飯田雄三,202308030102
8,5,5,ピエナオルフェ,牡2,56.0,川島信二,1:57.6,1,102.2,8.0,446(+10),[西] 荒川義之,202308030102
9,4,4,ダイキリ,牡2,54.0,田口貫太,1:57.6,アタマ,81.3,7.0,514(-4),[西] 西園翔太,202308030102
10,6,7,ホワイトリバー,牡2,55.0,小沢大仁,1:57.8,1.1/4,202.8,11.0,446(+4),[西] 武英智,202308030102
11,8,10,シュレディンガー,牡2,56.0,鮫島克駿,2:00.7,大,117.4,10.0,494(-2),[西] 小栗実,202308030102
1,7,10,イフェイオン,牝2,55.0,西村淳也,1:33.3,,2.9,2.0,484(+2),[西] 杉山佳明,202308030103
2,6,8,サロニコス,牝2,55.0,北村友一,1:33.6,2,4.7,3.0,446(-4),[西] 松下武士,202308030103
3,8,12,ポマール,牝2,53.0,田口貫太,1:33.8,1.1/4,16.5,5.0,446(-2),[西] 小栗実,202308030103
4,5,7,ベルファスト,牝2,55.0,松山弘平,1:33.8,ハナ,2.7,1.0,480(-12),[西] 今野貞一,202308030103
5,4,5,オリーボーレン,牝2,55.0,藤岡康太,1:33.9,クビ,41.5,8.0,470(+4),[西] 藤岡健一,202308030103
6,3,3,フラッシュフリーズ,牝2,55.0,Ｍ．デム,1:34.4,3,12.4,4.0,392(+18),[西] 吉村圭司,202308030103
7,6,9,ミヤジテン,牝2,55.0,幸英明,1:34.9,3,17.2,6.0,468(-8),[西] 川村禎彦,202308030103
8,8,13,グランテミス,牝2,55.0,国分恭介,1:35.0,クビ,396.3,13.0,450(-6),[西] 牧田和弥,202308030103
9,4,4,ポルラノーチェ,牝2,55.0,鮫島克駿,1:35.0,クビ,46.5,9.0,486(+4),[西] 杉山晴紀,202308030103
10,5,6,ムーンセット,牝2,55.0,和田竜二,1:35.0,アタマ,127.3,10.0,436(-6),[西] 小栗実,202308030103
11,2,2,リベルティーヌ,牝2,55.0,団野大成,1:35.2,1.1/4,155.2,11.0,408(-4),[西] 安田隆行,202308030103
12,1,1,ラインレインボー,牝2,54.0,小沢大仁,1:35.5,1.3/4,333.8,12.0,500(+2),[西] 松永昌博,202308030103
13,7,11,ルミナスビューティ,牝2,52.0,今村聖奈,1:36.0,3,40.6,7.0,440(-4),[西] 新谷功一,202308030103
1,4,4,キープカルム,牡2,56.0,鮫島克駿,2:01.0,,4.2,2.0,490(-2),[西] 中竹和也,202308030104
2,5,5,インファイター,牡2,56.0,西村淳也,2:01.2,1.1/2,1.7,1.0,490(0),[西] 高野友和,202308030104
3,7,7,ウォーターリヒト,牡2,52.0,河原田菜,2:01.3,1/2,44.5,7.0,460(-4),[西] 河内洋,202308030104
4,1,1,エコテーラー,牝2,54.0,角田大河,2:01.3,アタマ,12.9,4.0,494(-8),[西] 石橋守,202308030104
5,2,2,オルドヴァイ,牡2,56.0,藤岡佑介,2:01.4,3/4,5.2,3.0,454(+4),[西] 中内田充,202308030104
6,8,8,マサハヤヴォス,牡2,56.0,和田竜二,2:02.3,5,24.2,6.0,454(-2),[西] 今野貞一,202308030104
7,3,3,プエルタアスール,牝2,55.0,松山弘平,2:03.6,8,23.1,5.0,470(0),[西] 鈴木孝志,202308030104
8,6,6,マグノオンゾウシ,牡2,56.0,吉田隼人,2:04.1,3.1/2,264.3,8.0,444(+2),[西] 笹田和秀,202308030104
1,4,4,キーパフォーマー,牝2,55.0,松若風馬,1:36.6,,13.0,6.0,450(0),[西] 佐々木晶,202308030105
2,8,9,ジューンサレンダー,牡2,56.0,和田竜二,1:36.7,1,4.9,2.0,442(0),[西] 今野貞一,202308030105
3,8,10,ルボートン,牝2,55.0,西村淳也,1:36.7,ハナ,6.4,3.0,430(0),[西] 吉田直弘,202308030105
4,6,6,ララモンストル,牡2,56.0,団野大成,1:37.0,1.3/4,11.0,5.0,484(0),[西] 辻野泰之,202308030105
5,3,3,ディフェリ,牝2,55.0,鮫島克駿,1:37.3,2,24.5,8.0,396(0),[西] 松永幹夫,202308030105
6,7,8,ニホンピロカラット,牡2,54.0,田口貫太,1:37.5,1.1/4,2.5,1.0,494(0),[西] 大橋勇樹,202308030105
7,7,7,エスケイイーグル,牡2,56.0,幸英明,1:37.6,1/2,29.4,9.0,496(0),[西] 畑端省吾,202308030105
8,1,1,ウィッシュドリーム,牡2,56.0,高倉稜,1:37.6,クビ,121.0,10.0,448(0),[西] 中尾秀正,202308030105
9,2,2,サントロペ,牝2,55.0,吉田隼人,1:38.1,3,7.0,4.0,460(0),[西] 安達昭夫,202308030105
10,5,5,メイショウシオン,牝2,54.0,角田大河,1:38.5,2,21.2,7.0,470(0),[西] 石橋守,202308030105
1,3,4,エイカイソウル,牡2,56.0,松山弘平,1:54.3,,2.1,1.0,472(0),[西] 藤原英昭,202308030106
2,7,12,カセノルーパス,牡2,54.0,田口貫太,1:56.1,大,15.6,6.0,470(0),[西] 中尾秀正,202308030106
3,7,11,アシャカブラン,牡2,56.0,幸英明,1:56.4,2,12.8,5.0,512(0),[西] 大根田裕,202308030106
4,2,2,ラムゼイテソーロ,牡2,56.0,鮫島克駿,1:56.5,1/2,19.6,9.0,526(0),[東] 西田雄一,202308030106
5,8,14,アウトドライブ,牡2,56.0,和田竜二,1:57.0,3,8.1,3.0,548(0),[西] 鈴木孝志,202308030106
6,1,1,ファッシネイトパイ,牡2,56.0,国分優作,1:57.9,5,45.9,12.0,484(0),[西] 畑端省吾,202308030106
7,3,3,マエストロライト,牡2,56.0,坂井瑠星,1:58.9,6,8.1,2.0,496(0),[西] 大久保龍,202308030106
8,6,9,シンゼンワカミヤ,牡2,56.0,団野大成,1:59.6,4,12.8,4.0,466(0),[西] 荒川義之,202308030106
9,5,7,ラストヒロイン,牝2,52.0,今村聖奈,1:59.7,クビ,77.0,14.0,446(0),[東] 武井亮,202308030106
10,5,8,クイーンズタウン,牝2,55.0,吉田隼人,2:00.1,2.1/2,71.1,13.0,422(0),[東] 金成貴史,202308030106
11,8,13,ワンライトムーン,牡2,53.0,大久保友,2:03.0,大,44.9,11.0,464(0),[西] 茶木太樹,202308030106
12,4,6,デナリハイウェイ,牝2,55.0,西村淳也,2:04.0,6,19.6,8.0,482(0),[西] 松下武士,202308030106
13,4,5,デュエルイメル,牡2,56.0,酒井学,2:04.2,1,18.1,7.0,510(0),[西] 本田優,202308030106
14,6,10,ゼンダンヤマト,牡2,56.0,石川裕紀,2:08.1,大,38.4,10.0,474(0),[西] 小崎憲,202308030106
1,8,10,ジューンアヲニヨシ,牡3,56.0,藤岡康太,2:12.1,,4.3,3.0,482(-4),[西] 松下武士,202308030107
2,3,3,ティムール,牡3,56.0,西村淳也,2:12.2,3/4,2.3,1.0,464(-2),[西] 中竹和也,202308030107
3,6,6,ダノンペドロ,セ3,53.0,今村聖奈,2:12.4,1.1/4,54.3,7.0,474(+4),[西] 寺島良,202308030107
4,7,8,マイネルエンペラー,牡3,56.0,吉田隼人,2:12.5,3/4,4.0,2.0,468(+4),[西] 清水久詞,202308030107
5,8,11,ブリタニア,牡3,56.0,松山弘平,2:12.6,1/2,10.7,5.0,492(+10),[西] 杉山佳明,202308030107
6,5,5,シャドウソニック,牡3,56.0,坂井瑠星,2:12.9,2,15.0,6.0,506(+2),[西] 辻野泰之,202308030107
7,6,7,レジェンドシップ,牡3,56.0,Ｍ．デム,2:12.9,アタマ,9.1,4.0,450(-6),[西] 奥村豊,202308030107
8,7,9,ディアマイサン,牡3,56.0,和田竜二,2:13.5,3.1/2,150.7,11.0,522(0),[西] 松下武士,202308030107
9,2,2,コスモダークナイト,牡4,56.0,田口貫太,2:13.9,2.1/2,64.4,9.0,512(+4),[西] 吉田直弘,202308030107
10,4,4,エスポワールミノル,セ6,57.0,角田大河,2:14.5,3.1/2,62.4,8.0,526(0),[西] 本田優,202308030107
11,1,1,スティーロポリス,牡3,56.0,鮫島克駿,2:16.3,大,70.7,10.0,490(-16),[西] 西村真幸,202308030107
1,5,5,ヘニータイフーン,牝3,54.0,団野大成,1:52.8,,9.4,3.0,486(+2),[西] 中村直也,202308030108
2,7,10,バンドマスター,牡3,56.0,松山弘平,1:53.0,1.1/2,1.5,1.0,492(-4),[西] 茶木太樹,202308030108
3,6,7,メイショウホタルビ,牝5,54.0,田口貫太,1:53.4,2.1/2,16.8,5.0,438(+6),[西] 大橋勇樹,202308030108
4,4,4,レッドラグラス,牡3,56.0,西村淳也,1:53.5,1/2,17.2,6.0,484(+2),[西] 中内田充,202308030108
5,7,9,カライカマウリオラ,牡4,58.0,国分恭介,1:53.6,クビ,137.1,11.0,474(-9),[西] 西園翔太,202308030108
6,2,2,プレイサーゴールド,牡3,56.0,坂井瑠星,1:53.6,アタマ,5.8,2.0,504(+6),[西] 今野貞一,202308030108
6,8,12,シゲルソロソロ,牝3,54.0,和田翼,1:53.6,同着,18.1,7.0,476(+4),[西] 谷潔,202308030108
8,6,8,モズタンジロウ,牡4,58.0,幸英明,1:53.7,3/4,36.7,8.0,494(+6),[西] 牧田和弥,202308030108
9,1,1,ダノンヒューマ,牡3,56.0,鮫島克駿,1:53.8,1/2,11.6,4.0,470(0),[西] 大久保龍,202308030108
10,3,3,スマイルスルー,牡3,56.0,北村友一,1:54.1,2,118.5,10.0,506(+2),[西] 斉藤崇史,202308030108
11,5,6,クラップサンダー,牡4,58.0,小牧太,1:54.6,3,176.6,12.0,452(-6),[西] 牧田和弥,202308030108
12,8,11,ダイメイセブン,牡3,56.0,酒井学,1:55.3,4,44.5,9.0,502(-10),[西] 本田優,202308030108
1,7,8,ラスマドレス,牝4,56.0,北村友一,1:59.2,,3.7,2.0,466(+8),[西] 安田隆行,202308030109
2,1,1,キミノナハマリア,牝3,54.0,鮫島克駿,1:59.6,2,2.3,1.0,510(+4),[西] 千田輝彦,202308030109
3,6,6,ワレハウミノコ,牝3,54.0,藤岡佑介,1:59.7,3/4,23.7,7.0,440(-20),[西] 武英智,202308030109
4,4,4,スタティスティクス,牝4,56.0,Ｍ．デム,1:59.8,クビ,5.3,3.0,458(0),[西] 石坂公一,202308030109
5,8,9,シンシアリダーリン,牝5,56.0,角田大河,1:59.9,3/4,18.7,6.0,450(-4),[西] 上村洋行,202308030109
6,5,5,ヒットザシーン,牝5,56.0,和田竜二,2:00.0,3/4,91.4,9.0,482(-4),[東] 畠山吉宏,202308030109
7,8,10,ウインミニヨン,牝5,56.0,西村淳也,2:00.0,クビ,10.6,5.0,426(+2),[西] 長谷川浩,202308030109
8,7,7,ファジェス,牝5,56.0,斎藤新,2:00.1,3/4,51.8,8.0,492(0),[西] 安田隆行,202308030109
9,3,3,ビルボードクィーン,牝5,56.0,松若風馬,2:00.3,3/4,120.5,10.0,456(+2),[西] 小崎憲,202308030109
10,2,2,ベリーヴィーナス,牝4,56.0,松山弘平,2:00.3,ハナ,7.0,4.0,492(+4),[西] 鈴木孝志,202308030109
1,8,16,パラシュラーマ,牡3,57.0,坂井瑠星,1:10.8,,2.4,1.0,474(-6),[西] 浜田多実,202308030110
2,3,6,タイセイブリリオ,牡4,55.0,田口貫太,1:11.2,2.1/2,98.3,15.0,482(+2),[西] 大橋勇樹,202308030110
3,4,8,アルムラトゥール,牡3,54.0,和田竜二,1:11.2,ハナ,9.2,5.0,504(+6),[西] 川村禎彦,202308030110
4,7,13,ドンアミティエ,牡3,56.0,藤岡康太,1:11.2,アタマ,7.3,4.0,500(+28),[西] 今野貞一,202308030110
5,5,10,プラチナムレイアー,牡5,55.0,西村淳也,1:11.6,2,19.1,7.0,506(+2),[西] 吉岡辰弥,202308030110
6,2,4,ジェットエンブレム,牡5,56.0,Ｍ．デム,1:11.6,クビ,39.0,10.0,530(+2),[西] 石坂公一,202308030110
7,6,12,ペプチドヤマト,牡4,56.0,藤岡佑介,1:11.6,アタマ,12.9,6.0,492(+14),[西] 武英智,202308030110
8,1,1,ルクルト,牡6,55.0,斎藤新,1:12.0,2,27.5,8.0,454(-2),[西] 吉村圭司,202308030110
9,3,5,ラヴケリー,牝5,55.0,松山弘平,1:12.1,1/2,6.8,3.0,468(+4),[西] 高柳大輔,202308030110
10,1,2,メイショウクリフト,牡4,56.0,鮫島克駿,1:12.1,アタマ,6.8,2.0,452(+2),[西] 笹田和秀,202308030110
11,4,7,ショウゲッコウ,牝6,52.0,川又賢治,1:12.4,1.1/2,134.6,16.0,486(+10),[西] 杉山佳明,202308030110
12,5,9,テイエムランウェイ,牡4,56.0,岩田康誠,1:12.4,アタマ,52.9,11.0,494(+10),[西] 飯田雄三,202308030110
13,8,15,メイショウフジタカ,牡5,56.0,北村友一,1:12.6,1.1/4,29.3,9.0,498(+10),[西] 飯田祐史,202308030110
14,7,14,ランドボルケーノ,牡5,56.0,幸英明,1:12.9,2,86.5,14.0,492(-2),[西] 安達昭夫,202308030110
15,6,11,スウィートプロミス,牝4,52.0,団野大成,1:13.0,1,82.3,13.0,462(-4),[東] 尾関知人,202308030110
16,2,3,アランチャータ,牝4,54.0,角田大河,1:13.2,1.1/4,68.7,12.0,480(+14),[西] 上村洋行,202308030110
1,3,6,カルチャーデイ,牝2,55.0,酒井学,1:20.4,,70.8,15.0,420(+2),[西] 四位洋文,202308030111
2,1,1,ドナベティ,牝2,55.0,坂井瑠星,1:20.5,1/2,17.1,9.0,422(-2),[西] 矢作芳人,202308030111
3,6,11,シカゴスティング,牝2,55.0,鮫島克駿,1:20.5,クビ,34.5,12.0,428(0),[西] 庄野靖志,202308030111
4,4,7,セントメモリーズ,牝2,55.0,石川裕紀,1:20.5,クビ,5.5,1.0,470(-4),[東] 斎藤誠,202308030111
5,2,4,ヒヒーン,牝2,55.0,吉田隼人,1:20.7,1.1/4,20.7,10.0,466(0),[西] 須貝尚介,202308030111
6,7,13,キャプテンネキ,牝2,55.0,松若風馬,1:20.9,1,16.8,8.0,528(0),[西] 杉山晴紀,202308030111
7,3,5,クイックバイオ,牝2,55.0,西村淳也,1:20.9,クビ,7.1,4.0,478(-2),[西] 須貝尚介,202308030111
8,2,3,ピューロマジック,牝2,55.0,斎藤新,1:21.0,クビ,13.8,7.0,444(-4),[西] 安田隆行,202308030111
9,5,9,セイウンデセオ,牝2,55.0,今村聖奈,1:21.1,1/2,146.8,17.0,482(+8),[西] 吉村圭司,202308030111
10,8,16,ワイドラトゥール,牝2,55.0,北村友一,1:21.1,クビ,6.4,2.0,432(0),[西] 藤原英昭,202308030111
11,7,14,シュークリーム,牝2,55.0,団野大成,1:21.3,1.1/4,6.6,3.0,418(-4),[西] 西村真幸,202308030111
12,7,15,バロン,牝2,55.0,和田竜二,1:21.3,アタマ,46.9,14.0,472(+6),[東] 手塚貴久,202308030111
13,1,2,ロータスワンド,牝2,55.0,藤岡康太,1:21.5,1.1/4,85.3,16.0,466(+14),[西] 中竹和也,202308030111
14,4,8,テラメリタ,牝2,55.0,秋山真一,1:21.8,1.3/4,46.3,13.0,466(-4),[西] 須貝尚介,202308030111
15,6,12,レディーエンジェル,牝2,55.0,幸英明,1:22.0,1,246.3,18.0,466(-8),[西] 岡田稲男,202308030111
16,8,17,キャンシーエンゼル,牝2,55.0,松山弘平,1:22.0,クビ,13.4,6.0,456(+10),[西] 鈴木孝志,202308030111
17,5,10,イツモニコニコ,牝2,55.0,Ｍ．デム,1:22.3,1.3/4,10.6,5.0,482(+4),[西] 浜田多実,202308030111
18,8,18,クリノハレルヤ,牝2,55.0,藤岡佑介,1:22.5,1,23.5,11.0,470(+14),[西] 武英智,202308030111
1,8,9,セオ,牡3,57.0,坂井瑠星,1:33.2,,7.1,4.0,478(+22),[西] 上村洋行,202308030112
2,8,10,ディオ,牡4,58.0,西村淳也,1:33.2,クビ,2.2,1.0,496(-4),[西] 辻野泰之,202308030112
3,1,1,ムーンリットナイト,牡4,56.0,田口貫太,1:33.7,3,14.2,6.0,500(+6),[西] 加用正,202308030112
4,5,5,テラステラ,牡3,57.0,岩田康誠,1:34.0,2,9.8,5.0,480(+4),[西] 矢作芳人,202308030112
5,7,7,エアミアーニ,セ5,58.0,幸英明,1:34.1,クビ,6.7,3.0,450(+4),[西] 笹田和秀,202308030112
6,7,8,シゲルローズマリー,セ4,54.0,河原田菜,1:34.1,アタマ,105.7,8.0,458(-4),[西] 渡辺薫彦,202308030112
7,4,4,フランコイメル,牡5,58.0,藤岡佑介,1:34.6,3,166.1,10.0,516(-2),[西] 武英智,202308030112
8,6,6,ロンズデーライト,牡5,58.0,北村友一,1:34.7,3/4,19.8,7.0,516(+4),[西] 池添学,202308030112
9,2,2,ラキャラントシス,牝6,56.0,団野大成,1:34.8,1/2,126.8,9.0,480(0),[東] 鈴木伸尋,202308030112
10,3,3,ショーモン,牡3,57.0,松山弘平,1:35.0,1,3.6,2.0,504(0),[西] 橋口慎介,202308030112
1,3,4,グレースルージュ,牝2,55.0,Ｍ．デム,1:09.1,,10.0,5.0,424(+10),[西] 吉村圭司,202308030201
2,8,13,アウェイキング,牡2,56.0,坂井瑠星,1:09.4,2,2.9,1.0,492(+2),[西] 矢作芳人,202308030201
3,3,3,ロードトレイル,牡2,56.0,西村淳也,1:09.4,アタマ,18.5,7.0,478(+4),[西] 藤岡健一,202308030201
4,8,14,シームレス,牝2,55.0,鮫島克駿,1:09.5,アタマ,21.5,8.0,424(-2),[西] 小林真也,202308030201
5,2,2,ステイチューンド,牡2,56.0,和田竜二,1:09.6,1/2,4.3,2.0,448(-2),[西] 清水久詞,202308030201
6,5,8,オベイユアマスター,牡2,56.0,古川吉洋,1:09.6,クビ,6.3,3.0,440(+2),[西] 昆貢,202308030201
7,4,6,ワキノルーチェ,牝2,51.0,河原田菜,1:09.7,1/2,54.6,10.0,400(+2),[西] 高橋義忠,202308030201
8,6,10,エコロエイト,牡2,56.0,松山弘平,1:09.7,クビ,7.9,4.0,498(+10),[西] 須貝尚介,202308030201
9,6,9,ボビーニクビッタケ,牝2,55.0,藤岡康太,1:10.0,1.1/2,16.8,6.0,464(-2),[西] 宮徹,202308030201
10,7,12,サンプルメリア,牝2,54.0,角田大河,1:10.1,1/2,105.0,11.0,470(+4),[西] 角田晃一,202308030201
11,7,11,ツーエムピシュー,牡2,54.0,田口貫太,1:10.3,1.1/4,29.4,9.0,468(-2),[西] 本田優,202308030201
12,1,1,クリノクレセント,牡2,56.0,和田翼,1:10.4,1/2,486.6,14.0,420(+6),[西] 谷潔,202308030201
13,5,7,ウエストチェリー,牝2,52.0,今村聖奈,1:10.5,3/4,241.1,13.0,456(-4),[西] 松永昌博,202308030201
14,4,5,カルミナブラーナ,牡2,56.0,幸英明,1:10.5,アタマ,143.8,12.0,486(+22),[西] 角田晃一,202308030201
1,3,3,ドルチアーリア,牝2,55.0,坂井瑠星,1:56.5,,6.2,4.0,486(0),[西] 新谷功一,202308030202
2,4,4,アマミツツキ,牝2,55.0,古川吉洋,1:57.0,3,5.4,3.0,474(+2),[西] 宮本博,202308030202
3,5,5,ダイシンサンディー,牝2,55.0,松若風馬,1:57.1,1/2,152.5,8.0,492(+4),[西] 梅田智之,202308030202
4,1,1,イズジョーノヒカリ,牝2,55.0,団野大成,1:57.5,2.1/2,1.9,1.0,480(+4),[西] 中尾秀正,202308030202
5,2,2,マリリア,牝2,55.0,幸英明,1:58.4,5,29.9,5.0,458(-4),[西] 吉田直弘,202308030202
6,6,6,ランゲル,牝2,55.0,和田竜二,1:58.5,1/2,34.3,6.0,448(+10),[西] 鈴木孝志,202308030202
7,8,10,カリナンラホーヤ,牝2,53.0,田口貫太,1:58.6,1/2,49.4,7.0,438(+8),[西] 松永昌博,202308030202
8,7,8,アキミューミュー,牝2,55.0,松山弘平,1:59.4,5,4.3,2.0,466(-2),[西] 安田隆行,202308030202
9,8,9,カシノシャンデリア,牝2,55.0,和田翼,1:59.8,2.1/2,260.5,9.0,444(-6),[西] 谷潔,202308030202
10,7,7,セレシュ,牝2,55.0,藤岡康太,2:02.9,大,419.1,10.0,452(+4),[西] 西村真幸,202308030202
1,8,9,ブロードグリン,牝2,55.0,横山和生,1:47.0,,13.6,5.0,420(-18),[西] 中村直也,202308030203
2,6,6,サンブノワ,牡2,56.0,団野大成,1:47.2,1.1/4,10.4,4.0,510(-4),[西] 斉藤崇史,202308030203
3,8,8,ダイジェスト,牡2,56.0,西村淳也,1:47.3,クビ,7.9,3.0,450(-8),[西] 坂口智康,202308030203
4,5,5,カズヴィトシャ,牡2,56.0,坂井瑠星,1:47.4,1/2,18.9,7.0,512(+8),[西] 高柳大輔,202308030203
5,1,1,リチャードバローズ,牡2,56.0,鮫島克駿,1:47.4,ハナ,2.1,1.0,512(+6),[西] 上村洋行,202308030203
6,4,4,カゼノランナー,牡2,56.0,Ｍ．デム,1:47.8,2.1/2,15.9,6.0,510(+6),[西] 松永幹夫,202308030203
7,3,3,ウォータープイプイ,牝2,55.0,幸英明,1:47.8,クビ,67.2,8.0,472(-2),[西] 岡田稲男,202308030203
8,2,2,イルデポート,牡2,56.0,松山弘平,1:47.9,クビ,3.2,2.0,458(+6),[西] 杉山佳明,202308030203
9,7,7,プルーフリーダー,牡2,54.0,田口貫太,1:48.7,5,276.0,9.0,464(-8),[西] 松永昌博,202308030203
1,3,6,ラブディーヴァ,牝2,55.0,松若風馬,1:34.3,,11.2,3.0,446(0),[西] 杉山晴紀,202308030204
2,2,4,フレミングフープ,牝2,55.0,藤岡康太,1:34.4,3/4,1.4,1.0,486(0),[西] 友道康夫,202308030204
3,1,2,ラントリサント,牝2,55.0,西村淳也,1:34.4,アタマ,8.7,2.0,420(0),[西] 吉岡辰弥,202308030204
4,2,3,ショウナンラウール,牝2,55.0,Ｍ．デム,1:34.6,1.1/4,35.0,9.0,414(0),[西] 高橋義忠,202308030204
5,5,9,ミスティッククイン,牝2,55.0,団野大成,1:34.7,クビ,18.5,5.0,490(0),[西] 野中賢二,202308030204
6,6,11,ソルセルリ,牝2,55.0,横山和生,1:34.9,1.1/4,16.3,4.0,408(0),[西] 安田隆行,202308030204
7,8,15,ハワイアンティアレ,牝2,55.0,松山弘平,1:34.9,クビ,31.1,7.0,418(0),[西] 松永幹夫,202308030204
8,4,8,ローズソーン,牝2,55.0,鮫島克駿,1:35.0,クビ,33.1,8.0,470(0),[西] 高野友和,202308030204
9,1,1,クラリオ,牝2,55.0,富田暁,1:35.0,クビ,39.3,10.0,438(0),[西] 吉村圭司,202308030204
10,8,16,シャイニングキセキ,牝2,55.0,幸英明,1:35.4,2.1/2,196.5,17.0,410(0),[西] 小林真也,202308030204
11,8,17,フルリール,牝2,55.0,斎藤新,1:35.6,1.1/4,22.2,6.0,436(0),[西] 藤岡健一,202308030204
12,4,7,エールヴァーゲ,牝2,55.0,藤岡佑介,1:35.7,1,153.6,15.0,420(0),[西] 坂口智康,202308030204
13,5,10,フォルチューヌ,牝2,52.0,今村聖奈,1:35.9,1,84.7,12.0,458(0),[西] 平田修,202308030204
14,6,12,キムケンハッピー,牝2,55.0,坂井瑠星,1:35.9,アタマ,47.7,11.0,480(0),[西] 矢作芳人,202308030204
15,3,5,マルモリミッション,牝2,53.0,田口貫太,1:36.3,2.1/2,137.7,14.0,496(0),[西] 大橋勇樹,202308030204
16,7,14,スマートカナートス,牝2,55.0,和田竜二,1:36.4,1/2,135.1,13.0,450(0),[西] 音無秀孝,202308030204
17,7,13,ヒシアマレット,牝2,51.0,河原田菜,1:36.9,3,154.0,16.0,384(0),[西] 清水久詞,202308030204
1,4,4,ミスタージーティー,牡2,56.0,坂井瑠星,2:02.0,,2.9,2.0,472(0),[西] 矢作芳人,202308030205
2,2,2,ハヤテノフクノスケ,牡2,56.0,横山和生,2:02.0,クビ,8.6,3.0,504(0),[西] 中村直也,202308030205
3,1,1,ダンツトレント,牡2,55.0,角田大河,2:02.1,1/2,22.9,5.0,488(0),[西] 本田優,202308030205
4,3,3,ハミング,牝2,55.0,西村淳也,2:02.3,1.1/4,1.8,1.0,420(0),[西] 中内田充,202308030205
5,5,5,シャローム,牝2,55.0,Ｍ．デム,2:02.7,2.1/2,40.3,8.0,462(0),[西] 茶木太樹,202308030205
6,7,7,シグネチャーセント,牡2,56.0,鮫島克駿,2:03.6,5,30.8,6.0,478(0),[西] 橋口慎介,202308030205
7,6,6,ニホンピロゴルディ,牡2,54.0,田口貫太,2:04.4,5,18.3,4.0,450(0),[西] 安達昭夫,202308030205
8,8,8,エナノキセキ,牝2,55.0,和田竜二,2:05.8,9,40.1,7.0,410(0),[西] 鈴木孝志,202308030205
1,4,6,シンゼンイズモ,牡3,57.0,和田竜二,1:24.7,,3.6,2.0,518(-2),[西] 荒川義之,202308030206
2,4,7,ローズバルサム,牝3,55.0,坂井瑠星,1:24.8,クビ,3.2,1.0,432(-8),[西] 吉村圭司,202308030206
3,8,14,ドライグ,牡3,57.0,国分優作,1:24.8,アタマ,9.9,5.0,470(0),[西] 大根田裕,202308030206
4,3,5,フィルムアクトレス,牝3,54.0,角田大河,1:24.9,クビ,7.4,4.0,500(+14),[西] 石橋守,202308030206
5,5,8,ゴルデールスカー,牡3,57.0,鮫島克駿,1:25.0,1,26.1,7.0,468(+6),[西] 大久保龍,202308030206
6,8,15,グレアミラージュ,牡6,58.0,小牧太,1:25.1,クビ,187.8,14.0,476(+12),[西] 笹田和秀,202308030206
7,2,3,ドンアチェカ,牡3,57.0,横山和生,1:25.2,1/2,11.7,6.0,486(-6),[西] 千田輝彦,202308030206
8,6,10,パスカリ,牝3,55.0,松若風馬,1:25.3,1/2,5.4,3.0,472(+4),[西] 杉山晴紀,202308030206
9,7,12,マルモリディライト,牝3,51.0,河原田菜,1:25.8,3,34.0,9.0,470(+10),[西] 石橋守,202308030206
10,7,13,ルールシェーバー,牡6,58.0,幸英明,1:26.4,3.1/2,75.7,11.0,478(+4),[西] 北出成人,202308030206
11,5,9,マーブルロック,牡3,55.0,田口貫太,1:26.5,3/4,45.4,10.0,502(0),[西] 西園正都,202308030206
12,1,1,サルサディーバ,牝4,56.0,川須栄彦,1:26.7,1,131.9,13.0,486(-14),[西] 緒方努,202308030206
13,3,4,エリカフェリーチェ,牝4,56.0,西村淳也,1:26.8,クビ,30.8,8.0,474(0),[西] 吉岡辰弥,202308030206
14,6,11,マーラー,セ4,58.0,太宰啓介,1:27.6,5,320.8,15.0,420(0),[西] 安達昭夫,202308030206
15,2,2,ミーナティエルナ,牝4,53.0,今村聖奈,1:28.1,3,91.3,12.0,464(+22),[西] 寺島良,202308030206
1,3,3,オメガタキシード,セ3,56.0,坂井瑠星,1:52.5,,3.2,2.0,446(+2),[西] 松永幹夫,202308030207
2,7,10,タガノアレハンドラ,牝3,54.0,鮫島克駿,1:52.7,1.1/2,7.7,4.0,484(-10),[西] 西園翔太,202308030207
3,6,8,サルマン,牡5,58.0,団野大成,1:53.3,3.1/2,76.2,9.0,508(-18),[西] 中尾秀正,202308030207
4,5,6,ラブスピール,牝6,56.0,松若風馬,1:53.4,1/2,312.0,12.0,468(+14),[西] 森田直行,202308030207
5,2,2,バレストラ,牝4,56.0,Ｍ．デム,1:53.5,クビ,24.5,7.0,488(0),[西] 矢作芳人,202308030207
6,1,1,カネトシブルーム,牡4,56.0,田口貫太,1:53.7,1.1/4,6.7,3.0,516(+4),[西] 大橋勇樹,202308030207
7,7,9,ワンダーブレット,セ4,58.0,小牧太,1:53.7,アタマ,39.5,8.0,512(-6),[西] 笹田和秀,202308030207
8,4,4,オラヴェリタス,牡4,55.0,今村聖奈,1:53.8,3/4,11.2,5.0,512(+12),[西] 寺島良,202308030207
9,6,7,ラニカイ,牝4,52.0,河原田菜,1:54.2,2.1/2,21.4,6.0,508(-4),[西] 松永幹夫,202308030207
10,5,5,ヴォルゴグラード,牡4,58.0,斎藤新,1:54.2,アタマ,96.8,10.0,520(0),[西] 牧田和弥,202308030207
11,8,11,メイショウシロガネ,牡5,57.0,角田大河,1:54.2,ハナ,278.2,11.0,474(+2),[西] 松永昌博,202308030207
12,8,12,アウトレンジ,牡3,56.0,横山典弘,1:54.4,1.1/4,2.2,1.0,502(+22),[西] 大久保龍,202308030207
1,1,1,ダノンセシボン,牝3,55.0,坂井瑠星,1:11.2,,8.5,4.0,506(0),[西] 千田輝彦,202308030208
2,6,10,シゲルファンノユメ,牡4,58.0,団野大成,1:11.4,1,16.0,6.0,494(+14),[東] 伊藤圭三,202308030208
3,3,4,コンクエスト,セ4,58.0,鮫島克駿,1:11.8,2.1/2,3.2,1.0,496(+2),[東] 小笠倫弘,202308030208
4,2,2,ロードラディウス,牡3,57.0,西村淳也,1:12.0,1.1/4,3.6,2.0,478(+10),[西] 森田直行,202308030208
5,8,13,オカリナ,牡6,58.0,太宰啓介,1:12.0,クビ,37.6,8.0,530(+12),[西] 宮徹,202308030208
6,8,14,ギーロカスタル,牡3,57.0,和田竜二,1:12.2,1.1/4,9.1,5.0,464(-2),[西] 鈴木孝志,202308030208
7,3,3,カンパニョーラ,牝4,56.0,吉田豊,1:12.3,1/2,71.8,9.0,454(+6),[東] 伊坂重信,202308030208
8,4,5,シャインフォール,牡4,58.0,横山和生,1:12.4,1/2,81.3,11.0,474(-10),[東] 小野次郎,202308030208
9,5,8,メイショウピース,牝3,55.0,秋山真一,1:12.4,クビ,3.8,3.0,468(-4),[西] 高橋亮,202308030208
10,7,12,パープルグローリー,牝4,54.0,田口貫太,1:12.5,アタマ,190.9,13.0,500(+4),[西] 高橋康之,202308030208
11,5,7,メイショウツワブキ,牝5,52.0,河原田菜,1:12.7,1.1/4,78.7,10.0,502(-4),[西] 松永昌博,202308030208
12,6,9,コーリングローリー,牡6,58.0,松若風馬,1:13.0,2,348.4,14.0,462(+2),[東] 小野次郎,202308030208
13,4,6,フォルティーナ,牝3,54.0,角田大河,1:13.1,1/2,100.9,12.0,438(+4),[西] 石橋守,202308030208
14,7,11,バオバブスピリット,牝4,56.0,斎藤新,1:14.5,9,30.9,7.0,444(-2),[東] 斎藤誠,202308030208
1,6,6,アンモシエラ,牝2,55.0,坂井瑠星,1:53.0,,6.9,5.0,488(0),[西] 松永幹夫,202308030209
2,7,8,アラレタバシル,牡2,56.0,野中悠太,1:53.0,アタマ,80.9,10.0,442(+10),[東] 根本康広,202308030209
3,7,9,テンエースワン,牡2,56.0,横山和生,1:53.2,3/4,4.5,2.0,480(-6),[西] 大久保龍,202308030209
4,5,5,ヒロノラメール,牡2,56.0,和田竜二,1:53.2,クビ,21.5,7.0,470(-4),[西] 川村禎彦,202308030209
5,4,4,ジャスパーロブスト,牡2,56.0,松若風馬,1:53.5,2,3.9,1.0,500(0),[西] 森秀行,202308030209
6,8,11,サンダーアラート,牡2,56.0,西村淳也,1:53.6,クビ,5.4,3.0,472(+2),[東] 田中博康,202308030209
7,6,7,バスタードサフラン,牝2,55.0,藤岡康太,1:54.2,3.1/2,34.9,8.0,466(+2),[西] 渡辺薫彦,202308030209
8,2,2,ピュアキアン,牡2,56.0,吉田豊,1:54.3,クビ,6.0,4.0,508(+2),[東] 竹内正洋,202308030209
9,8,10,グランルーチェ,牡2,56.0,藤岡佑介,1:55.7,9,9.9,6.0,460(+4),[西] 庄野靖志,202308030209
10,1,1,コパノアントニオ,牡2,56.0,Ｍ．デム,1:55.9,1.1/4,38.4,9.0,472(+2),[西] 梅田智之,202308030209
11,3,3,ブループリマドンナ,牝2,55.0,川須栄彦,1:56.2,2,154.4,11.0,462(+2),[西] 小林真也,202308030209
1,1,1,ショウナンハクラク,牡4,58.0,松若風馬,1:07.3,,6.4,2.0,478(+4),[西] 松下武士,202308030210
2,7,13,ブッシュガーデン,牝4,56.0,鮫島克駿,1:07.5,1.1/2,6.5,4.0,462(-12),[東] 武井亮,202308030210
3,2,4,ブーケファロス,牡3,57.0,和田竜二,1:07.7,3/4,5.5,1.0,442(+2),[東] 清水英克,202308030210
4,7,14,イルクオーレ,セ5,58.0,吉田豊,1:07.7,アタマ,10.5,5.0,494(0),[東] 高橋文雅,202308030210
5,5,9,ブレスレスリー,牝4,56.0,藤岡康太,1:07.7,ハナ,6.5,3.0,474(-2),[西] 藤岡健一,202308030210
6,4,7,メイショウエニシア,牝5,56.0,藤岡佑介,1:07.8,1/2,13.4,7.0,460(+8),[西] 本田優,202308030210
7,1,2,メイショウドウドウ,牡8,58.0,角田大河,1:07.9,クビ,90.7,16.0,486(+6),[西] 荒川義之,202308030210
8,8,17,シゲルカチョウ,牝5,56.0,酒井学,1:08.0,1,66.3,14.0,508(+14),[西] 高橋康之,202308030210
9,8,18,ジョニーズララバイ,セ7,58.0,西村淳也,1:08.0,クビ,113.0,17.0,460(0),[西] 音無秀孝,202308030210
10,3,5,ヒルノローザンヌ,牝4,56.0,幸英明,1:08.1,1/2,17.8,10.0,484(+4),[西] 西村真幸,202308030210
11,5,10,グッドマックス,牝6,56.0,古川吉洋,1:08.2,クビ,114.6,18.0,482(+10),[西] 小林真也,202308030210
12,6,11,ケデシュ,牝4,56.0,坂井瑠星,1:08.2,クビ,21.3,12.0,488(+2),[西] 上村洋行,202308030210
13,6,12,タイセイシェダル,牡5,58.0,Ｍ．デム,1:08.3,クビ,12.7,6.0,466(+4),[西] 高橋義忠,202308030210
14,4,8,アドヴァイス,牝4,56.0,秋山真一,1:08.3,アタマ,20.8,11.0,500(+12),[西] 中村直也,202308030210
15,3,6,ブリュットミレジメ,牡4,58.0,団野大成,1:08.3,クビ,14.7,8.0,508(0),[西] 荒川義之,202308030210
16,7,15,リヴェール,牝6,56.0,富田暁,1:08.5,1.1/4,90.7,15.0,458(+2),[西] 鮫島一歩,202308030210
17,2,3,フロムダスク,牡3,57.0,横山和生,1:08.6,1/2,15.0,9.0,506(+10),[西] 森秀行,202308030210
18,8,16,インフィナイト,牝5,56.0,斎藤新,1:09.5,5,45.0,13.0,506(+4),[西] 安田隆行,202308030210
1,8,15,セラフィックコール,牡3,55.0,Ｍ．デム,1:50.9,,2.6,1.0,536(+6),[西] 寺島良,202308030211
2,4,7,メイクアリープ,牡4,57.0,幸英明,1:51.4,3,9.3,6.0,480(+2),[西] 大根田裕,202308030211
3,7,14,ウィリアムバローズ,牡5,57.0,坂井瑠星,1:51.5,3/4,5.6,2.0,504(+10),[西] 上村洋行,202308030211
4,6,12,ペプチドナイル,牡5,57.0,富田暁,1:51.5,クビ,20.8,7.0,530(-6),[西] 武英智,202308030211
5,3,5,ゲンパチルシファー,牡7,57.0,松若風馬,1:51.7,1.1/4,209.2,13.0,518(0),[西] 佐々木晶,202308030211
6,5,10,ホウオウルーレット,牡4,57.0,横山和生,1:51.9,1,39.2,9.0,496(+2),[東] 栗田徹,202308030211
7,2,4,サンライズホープ,牡6,57.0,和田竜二,1:52.0,クビ,55.2,11.0,538(+2),[西] 羽月友彦,202308030211
8,4,8,マリオロード,牡4,57.0,酒井学,1:52.2,1,43.5,10.0,498(-4),[西] 安達昭夫,202308030211
9,7,13,エナハツホ,牝4,55.0,藤懸貴志,1:52.2,クビ,213.0,14.0,454(0),[西] 吉田直弘,202308030211
10,8,16,アイオライト,牡6,57.0,横山典弘,1:52.2,ハナ,70.2,12.0,494(0),[東] 武藤善則,202308030211
11,3,6,ブリッツファング,牡4,57.0,藤岡康太,1:52.4,1,38.0,8.0,488(-2),[西] 大久保龍,202308030211
12,2,3,タイセイドレフォン,牡4,57.0,団野大成,1:52.5,1/2,7.0,4.0,504(0),[西] 西村真幸,202308030211
13,5,9,ワールドタキオン,牡5,57.0,斎藤新,1:52.5,アタマ,9.0,5.0,502(-6),[東] 斎藤誠,202308030211
14,1,1,アスクドゥラメンテ,牡4,57.0,西村淳也,1:52.5,クビ,6.0,3.0,542(-4),[西] 藤原英昭,202308030211
15,6,11,メイショウカズサ,牡6,57.0,古川吉洋,1:52.6,クビ,271.2,15.0,480(0),[西] 安達昭夫,202308030211
16,1,2,アルーブルト,牡5,57.0,秋山真一,1:52.7,1/2,369.9,16.0,488(+12),[西] 畑端省吾,202308030211
1,6,11,オードリーバローズ,牝3,55.0,斎藤新,1:21.0,,3.9,1.0,482(0),[西] 清水久詞,202308030212
2,2,4,バレル,牡4,58.0,和田竜二,1:21.1,1/2,56.8,15.0,478(0),[西] 鮫島一歩,202308030212
3,3,6,サク,牝4,56.0,幸英明,1:21.2,3/4,8.3,4.0,450(+6),[西] 北出成人,202308030212
4,2,3,ケイアイクビラ,牡3,57.0,藤懸貴志,1:21.3,クビ,6.4,3.0,492(+8),[西] 宮本博,202308030212
5,4,7,アパショナード,牡4,58.0,団野大成,1:21.3,クビ,14.3,8.0,432(-2),[西] 千田輝彦,202308030212
6,8,16,グランデサラス,牡3,57.0,松若風馬,1:21.4,クビ,14.2,7.0,500(+10),[西] 池添学,202308030212
7,4,8,スイープラン,牝3,51.0,河原田菜,1:21.4,クビ,37.5,11.0,456(+8),[西] 渡辺薫彦,202308030212
8,5,9,エーデルサンライズ,牝3,55.0,藤岡康太,1:21.5,1/2,51.7,13.0,424(0),[西] 小林真也,202308030212
9,3,5,デイトナモード,牡3,57.0,横山和生,1:21.5,アタマ,25.7,10.0,522(0),[西] 千田輝彦,202308030212
10,1,1,サウンドレイラ,牝3,55.0,西村淳也,1:21.5,アタマ,18.1,9.0,468(+2),[西] 渡辺薫彦,202308030212
11,7,13,パルティクラール,牝3,55.0,Ｍ．デム,1:21.6,クビ,4.8,2.0,510(-4),[西] 牧浦充徳,202308030212
12,7,14,シコウ,セ6,56.0,田口貫太,1:21.6,ハナ,56.2,14.0,472(+2),[西] 藤沢則雄,202308030212
13,6,12,ルージュルミナス,牝4,53.0,今村聖奈,1:21.8,1.1/4,145.3,16.0,470(0),[西] 平田修,202308030212
14,8,15,ユメハハテシナク,牡3,57.0,鮫島克駿,1:21.8,クビ,12.7,6.0,478(+16),[西] 石坂公一,202308030212
15,8,17,レッドテンペスト,セ3,57.0,富田暁,1:21.9,1/2,45.8,12.0,450(+2),[西] 笹田和秀,202308030212
16,1,2,タイキバルドル,牡3,57.0,坂井瑠星,1:22.0,クビ,11.8,5.0,474(+6),[西] 大久保龍,202308030212
17,5,10,メイショウヒメゴゼ,牝4,55.0,角田大河,1:22.0,アタマ,161.0,17.0,470(+2),[西] 飯田祐史,202308030212
1,7,11,レオテミス,牝2,55.0,岩田望来,1:25.5,,25.8,7.0,490(0),[西] 高柳大輔,202308030301
2,8,14,スマートプレシャス,牝2,55.0,田中健,1:26.9,8,5.8,2.0,492(-4),[西] 中村直也,202308030301
3,2,2,サムデイ,牝2,55.0,西村淳也,1:26.9,クビ,6.5,3.0,422(-6),[西] 新谷功一,202308030301
4,4,6,ナムラルッコラ,牝2,53.0,田口貫太,1:27.2,1.3/4,167.2,10.0,474(-4),[西] 大橋勇樹,202308030301
5,3,4,ルージュレイナス,牝2,55.0,坂井瑠星,1:27.5,2,2.1,1.0,470(-6),[西] 橋口慎介,202308030301
6,6,9,タガノハスビナー,牝2,55.0,和田竜二,1:28.4,5,7.2,4.0,434(-2),[西] 鈴木孝志,202308030301
7,6,10,クリノスピネル,牝2,55.0,鮫島克駿,1:28.4,クビ,241.6,13.0,442(-4),[西] 川村禎彦,202308030301
8,8,13,ワンダーセイレーン,牝2,55.0,松山弘平,1:28.8,2.1/2,15.4,6.0,474(+4),[西] 今野貞一,202308030301
9,7,12,クリノエタニティ,牝2,55.0,幸英明,1:28.9,1/2,211.8,11.0,468(-4),[西] 安達昭夫,202308030301
10,3,3,オテンバムスメ,牝2,54.0,角田大河,1:29.1,3/4,146.4,9.0,438(-2),[西] 北出成人,202308030301
11,4,5,セブンスリーローズ,牝2,52.0,今村聖奈,1:29.9,5,44.3,8.0,420(-6),[西] 飯田祐史,202308030301
12,5,7,シャーリーゴールド,牝2,55.0,川田将雅,1:29.9,クビ,8.5,5.0,452(0),[西] 須貝尚介,202308030301
13,5,8,リュクスブリランテ,牝2,55.0,川島信二,1:30.5,3.1/2,225.0,12.0,422(0),[西] 庄野靖志,202308030301
14,1,1,タガノディミトラ,牝2,55.0,加藤祥太,1:32.4,大,499.5,14.0,426(+2),[西] 加用正,202308030301
1,6,8,マルチャレアル,牡2,56.0,ムーア,1:55.2,,2.8,2.0,500(-4),[西] 斉藤崇史,202308030302
2,2,2,デトネイション,牡2,55.0,角田大河,1:55.7,3,6.6,3.0,518(+30),[西] 石橋守,202308030302
3,5,7,ヴィアダクト,牡2,56.0,鮫島克駿,1:57.2,9,2.7,1.0,538(+2),[西] 吉村圭司,202308030302
4,4,5,ジョーインテビット,牡2,53.0,今村聖奈,1:57.2,ハナ,390.8,11.0,546(+4),[西] 中竹和也,202308030302
5,6,9,ケイアイエルナト,牡2,56.0,松山弘平,1:57.8,3.1/2,7.0,4.0,484(-2),[西] 村山明,202308030302
6,4,4,リンゴ,牡2,56.0,幸英明,1:58.3,3,20.9,6.0,528(+2),[西] 梅田智之,202308030302
7,1,1,ハクアイレオ,牡2,56.0,坂井瑠星,1:58.7,2.1/2,12.2,5.0,462(+8),[西] 今野貞一,202308030302
8,8,12,ジョウショータイプ,牝2,55.0,岩田望来,1:59.3,3.1/2,81.2,8.0,484(+2),[西] 中尾秀正,202308030302
9,3,3,ベストオブキング,牡2,56.0,水口優也,1:59.3,ハナ,524.9,13.0,480(+4),[西] 藤沢則雄,202308030302
10,7,11,テクノハッピー,牡2,52.0,河原田菜,2:00.0,4,440.7,12.0,480(-2),[西] 宮本博,202308030302
11,8,13,ダグウッド,牡2,56.0,松田大作,2:00.5,3,43.4,7.0,464(+4),[西] 野中賢二,202308030302
12,5,6,ヴィーケン,牡2,54.0,田口貫太,2:03.9,大,94.0,9.0,472(-2),[西] 高橋康之,202308030302
13,7,10,ヴェルヴ,牡2,56.0,岡田祥嗣,2:05.9,大,175.6,10.0,484(-4),[西] 安田翔伍,202308030302
1,3,3,メリオーレム,牡2,56.0,川田将雅,2:01.5,,1.8,1.0,480(0),[西] 友道康夫,202308030303
2,6,6,アップステート,牡2,56.0,幸英明,2:01.7,1.1/2,9.9,4.0,536(+6),[西] 松永昌博,202308030303
3,2,2,キタサンシデン,牡2,56.0,松山弘平,2:02.5,5,21.1,5.0,500(+2),[西] 本田優,202308030303
4,7,7,ショウナンハウル,牡2,56.0,ムーア,2:03.4,5,3.6,2.0,500(0),[西] 松下武士,202308030303
5,7,8,アマルフィレモン,牡2,56.0,酒井学,2:03.5,3/4,252.9,9.0,402(-6),[東] 天間昭一,202308030303
6,8,9,ピュアスマイル,牝2,55.0,北村友一,2:03.6,クビ,34.4,6.0,414(-6),[西] 安田翔伍,202308030303
7,4,4,プラティア,牝2,51.0,河原田菜,2:03.9,2,428.4,10.0,402(-4),[西] 加用正,202308030303
8,8,10,キムケンハッピー,牝2,53.0,田口貫太,2:04.0,3/4,172.3,7.0,486(+6),[西] 矢作芳人,202308030303
9,1,1,シルバヴール,牝2,52.0,今村聖奈,2:04.9,5,199.5,8.0,382(-6),[西] 高橋義忠,202308030303
10,5,5,ボイラーメーカー,牡2,56.0,岩田望来,2:05.3,2.1/2,5.3,3.0,498(-10),[西] 新谷功一,202308030303
1,6,7,キーウェーブ,牡2,56.0,和田竜二,1:35.6,,40.6,8.0,420(0),[西] 川村禎彦,202308030304
2,8,11,ルージュリリカル,牝2,55.0,岩田望来,1:35.8,1.1/2,3.0,2.0,424(0),[西] 杉山晴紀,202308030304
3,8,10,ローガンパス,牡2,56.0,ムーア,1:36.0,1,2.3,1.0,488(0),[西] 奥村豊,202308030304
4,4,4,ルミッキ,牝2,55.0,北村友一,1:36.4,2.1/2,20.0,6.0,466(0),[西] 加用正,202308030304
5,6,6,リュサントノレ,牝2,55.0,松若風馬,1:36.5,3/4,6.8,3.0,464(0),[西] 音無秀孝,202308030304
6,5,5,フィッツロイ,牡2,56.0,坂井瑠星,1:36.9,2.1/2,10.0,4.0,462(0),[西] 矢作芳人,202308030304
7,7,8,ジェリーコアコアラ,牝2,55.0,松山弘平,1:36.9,クビ,16.8,5.0,436(0),[西] 千田輝彦,202308030304
8,7,9,プリモパッソ,牝2,55.0,鮫島克駿,1:37.2,1.3/4,42.2,9.0,418(0),[西] 牧田和弥,202308030304
9,1,1,ジーティーウルス,牡2,56.0,幸英明,1:37.9,4,40.3,7.0,476(0),[西] 森田直行,202308030304
10,3,3,クリノシャイニー,牝2,55.0,国分優作,1:40.0,大,103.0,10.0,412(0),[西] 大根田裕,202308030304
11,2,2,ダブルリード,牡2,54.0,田口貫太,1:41.6,10,143.3,11.0,496(0),[西] 大根田裕,202308030304
1,6,7,オスカーブレーヴ,牡2,56.0,浜中俊,1:50.4,,12.4,4.0,498(0),[西] 吉村圭司,202308030305
2,8,11,クイーンズウォーク,牝2,55.0,川田将雅,1:50.5,1,1.7,1.0,518(0),[西] 中内田充,202308030305
3,8,10,カズミクラーシュ,牡2,56.0,松山弘平,1:50.9,2,16.5,5.0,504(0),[西] 吉岡辰弥,202308030305
4,3,3,テンダーデイズ,牝2,55.0,水口優也,1:51.2,2,35.8,7.0,482(0),[西] 笹田和秀,202308030305
5,2,2,ログラール,牡2,56.0,マーカン,1:51.3,クビ,8.6,3.0,480(0),[西] 松永幹夫,202308030305
6,5,5,テーオールビー,牝2,55.0,藤岡康太,1:51.5,1.1/2,146.0,9.0,460(0),[西] 宮徹,202308030305
7,4,4,キョウワレイホープ,牝2,55.0,松若風馬,1:51.9,2,120.3,8.0,458(0),[西] 佐々木晶,202308030305
8,7,9,ノーブルエンペラー,牡2,56.0,和田竜二,1:52.0,3/4,25.9,6.0,464(0),[西] 宮本博,202308030305
9,6,6,アスクナサニエル,牡2,56.0,ムーア,1:52.1,1,4.0,2.0,510(0),[西] 藤原英昭,202308030305
10,7,8,マイラッキーデイ,牡2,54.0,田口貫太,1:54.4,大,200.0,10.0,478(0),[西] 森田直行,202308030305
11,1,1,ユイノアカゾナエ,牡2,56.0,木幡初也,1:56.8,大,201.4,11.0,460(0),[東] 竹内正洋,202308030305
1,8,10,ロードアヴニール,牡3,56.0,岩田望来,1:54.3,,2.4,1.0,490(-2),[西] 野中賢二,202308030306
2,3,3,モズバンディット,牡3,56.0,幸英明,1:54.6,1.3/4,12.0,5.0,454(-2),[西] 中尾秀正,202308030306
3,5,5,リュクスドレフォン,牡3,56.0,松山弘平,1:55.4,5,4.1,2.0,512(0),[西] 平田修,202308030306
4,7,7,スマラグドス,牡3,54.0,田口貫太,1:55.5,クビ,4.1,3.0,466(+6),[西] 西園正都,202308030306
5,2,2,ティエラサンタ,牡3,56.0,坂井瑠星,1:55.7,1.1/2,17.4,6.0,508(+2),[西] 西村真幸,202308030306
6,4,4,ウインエタンセル,牡3,56.0,松若風馬,1:56.6,5,66.0,7.0,508(+10),[西] 飯田雄三,202308030306
7,7,8,タガノエヴリン,牝3,54.0,太宰啓介,1:56.7,1/2,138.3,9.0,482(-2),[西] 石橋守,202308030306
8,8,9,ケイエイト,牡3,56.0,和田竜二,1:57.2,3,5.3,4.0,472(-2),[西] 羽月友彦,202308030306
中,6,6,クープラン,牡5,58.0,森裕太朗,,,122.5,8.0,550(-2),[西] 藤沢則雄,202308030306
取,1,1,ラスハンメル,牡3,56.0,ムーア,,,---,,計不,[西] 松永幹夫,202308030306
1,7,13,インヒズアイズ,牝3,55.0,坂井瑠星,1:11.8,,2.1,1.0,470(-2),[西] 矢作芳人,202308030307
2,6,11,アロットドリーム,牝3,55.0,松田大作,1:12.5,4,6.7,2.0,450(0),[西] 本田優,202308030307
3,5,10,メイショウタイゲイ,牡4,57.0,角田大河,1:12.8,2,10.3,5.0,466(+6),[西] 荒川義之,202308030307
4,7,14,グッジョブ,牡3,57.0,浜中俊,1:12.9,3/4,7.6,3.0,450(+8),[西] 牧浦充徳,202308030307
5,4,7,バトゥーキ,牡3,57.0,水口優也,1:13.0,1,7.7,4.0,484(+6),[西] 浜田多実,202308030307
6,2,3,ナムラジョシュア,牡3,57.0,長岡禎仁,1:13.1,クビ,29.3,9.0,492(+22),[西] 羽月友彦,202308030307
7,1,1,カネトシフラム,牝3,53.0,田口貫太,1:13.4,2,54.0,11.0,464(+18),[西] 大橋勇樹,202308030307
8,2,4,パルフェアンジュ,牝7,53.0,今村聖奈,1:13.6,1.1/4,91.9,14.0,508(+30),[西] 飯田雄三,202308030307
9,8,15,タイセイアーメット,牡5,58.0,和田竜二,1:13.8,1.1/4,96.5,15.0,480(0),[西] 浜田多実,202308030307
10,5,9,ロードドミニオン,セ6,58.0,川須栄彦,1:13.8,アタマ,86.3,13.0,442(+2),[西] 畑端省吾,202308030307
11,3,6,グローバリスト,牡3,57.0,幸英明,1:14.4,3.1/2,68.1,12.0,502(+2),[西] 西村真幸,202308030307
12,1,2,ゼットカレン,牝3,55.0,藤岡康太,1:14.5,1/2,23.6,7.0,484(+8),[西] 宮徹,202308030307
13,3,5,ワックスリリカル,牝4,56.0,池添謙一,1:14.6,1/2,26.2,8.0,496(+2),[西] 大久保龍,202308030307
14,8,16,コンバットマーチ,牝6,56.0,荻野琢真,1:14.9,1.3/4,345.4,16.0,480(-2),[西] 藤沢則雄,202308030307
15,6,12,アマルナ,牝3,55.0,北村友一,1:15.0,クビ,15.2,6.0,472(+4),[西] 田中克典,202308030307
16,4,8,ブラヴィーノ,牡4,54.0,河原田菜,1:15.5,3,47.5,10.0,462(+20),[西] 松永昌博,202308030307
1,8,11,エコロデュエル,牡4,60.0,草野太郎,3:38.7,,6.5,4.0,474(+2),[東] 岩戸孝樹,202308030308
2,7,9,アサクサゲンキ,セ8,60.0,小牧加矢,3:38.8,1/2,6.4,3.0,478(+18),[西] 音無秀孝,202308030308
3,1,1,エイシンクリック,牡9,61.0,西谷誠,3:38.9,1/2,7.3,5.0,476(0),[西] 坂口智康,202308030308
4,5,5,ダイシンクローバー,セ7,61.0,高田潤,3:39.5,3.1/2,4.2,2.0,490(0),[西] 安田隆行,202308030308
5,2,2,ナギサ,牝5,58.0,森一馬,3:39.6,1/2,3.6,1.0,510(+6),[西] 本田優,202308030308
6,3,3,マイネルレオーネ,牡11,60.0,難波剛健,3:39.7,3/4,22.8,8.0,418(+6),[西] 清水久詞,202308030308
7,6,8,ポルタフォリオ,牡5,60.0,黒岩悠,3:39.8,1/2,15.9,7.0,510(0),[西] 角田晃一,202308030308
8,5,6,マイネルヴァッサー,牡10,60.0,小野寺祐,3:39.9,クビ,12.4,6.0,426(-4),[東] 土田稔,202308030308
9,7,10,セルリアンルネッタ,牡4,60.0,金子光希,3:39.9,クビ,67.2,12.0,474(+6),[西] 高橋康之,202308030308
10,4,4,メイショウハチク,セ9,60.0,中村将之,3:41.4,9,33.0,10.0,478(0),[西] 安達昭夫,202308030308
11,8,12,リバーシブルレーン,牡7,60.0,石神深一,3:41.7,1.3/4,23.3,9.0,438(-8),[東] 辻哲英,202308030308
12,6,7,テーオーコンドル,セ4,60.0,五十嵐雄,3:42.2,3,39.3,11.0,470(+6),[西] 宮徹,202308030308
1,5,9,ミッキーゴージャス,牝3,53.0,川田将雅,1:59.3,,2.7,1.0,448(0),[西] 安田隆行,202308030309
2,6,11,エアサージュ,牡5,57.0,松山弘平,1:59.5,1.1/4,5.2,3.0,528(-4),[西] 池添学,202308030309
3,7,14,ジュリアバローズ,牝5,53.0,池添謙一,1:59.5,ハナ,9.5,5.0,448(-6),[西] 上村洋行,202308030309
4,2,3,グランディア,セ4,57.0,ムーア,1:59.6,3/4,4.9,2.0,486(+14),[西] 中内田充,202308030309
5,6,12,セントカメリア,牝4,54.0,北村友一,1:59.7,1/2,13.3,6.0,456(-4),[西] 高野友和,202308030309
6,8,15,アレグロモデラート,牝4,53.0,幸英明,2:00.0,1.3/4,59.1,10.0,486(0),[東] 武井亮,202308030309
7,4,7,マテンロウアレス,セ5,56.0,太宰啓介,2:00.1,3/4,66.6,12.0,500(+2),[西] 昆貢,202308030309
8,1,2,タイセイシリウス,セ6,52.0,角田大河,2:00.2,1/2,130.2,15.0,492(0),[西] 小栗実,202308030309
9,4,8,ドンアルゴス,牡8,53.0,川島信二,2:00.3,1/2,298.8,16.0,514(-16),[西] 庄野靖志,202308030309
10,3,5,オールザワールド,牡6,55.0,鮫島克駿,2:00.4,クビ,68.5,13.0,480(-2),[西] 中竹和也,202308030309
11,2,4,エニシノウタ,牝5,53.0,岩田望来,2:00.5,1,27.8,7.0,460(+6),[西] 笹田和秀,202308030309
12,1,1,サンタグラシア,牝5,54.0,浜中俊,2:00.8,1.3/4,50.7,9.0,418(-6),[東] 鹿戸雄一,202308030309
13,7,13,ブラックシールド,牡4,56.0,藤岡康太,2:01.1,1.3/4,82.4,14.0,454(+2),[西] 武幸四郎,202308030309
14,5,10,ヘネラルカレーラ,牝5,54.0,坂井瑠星,2:01.5,2.1/2,7.1,4.0,470(0),[西] 角田晃一,202308030309
15,3,6,サウンドウォリアー,牡5,57.0,西村淳也,2:01.9,2.1/2,63.2,11.0,502(+2),[西] 高橋康之,202308030309
16,8,16,ノワールドゥジェ,牝5,53.0,松若風馬,2:32.1,大,33.3,8.0,476(-8),[東] 宮田敬介,202308030309
1,6,11,ゼットリアン,牡3,56.0,松山弘平,1:59.9,,2.6,1.0,448(+12),[西] 吉田直弘,202308030310
2,6,12,イーサンバーニング,牡4,58.0,今村聖奈,2:00.6,4,14.2,5.0,502(-2),[東] 中野栄治,202308030310
3,7,14,コパノニコルソン,牡4,58.0,藤岡康太,2:00.7,1/2,9.5,4.0,532(+2),[西] 宮徹,202308030310
4,5,9,ヒミノフラッシュ,牡5,58.0,鮫島克駿,2:01.0,2,83.4,13.0,552(+2),[西] 川村禎彦,202308030310
5,3,5,コンスタンティン,牝4,56.0,岩田望来,2:01.4,2.1/2,15.4,6.0,498(+4),[西] 石坂公一,202308030310
6,1,1,リチュアル,セ4,58.0,大野拓弥,2:01.5,3/4,20.2,7.0,516(-4),[西] 田中克典,202308030310
7,7,13,ワセダハーツ,牡5,58.0,松若風馬,2:01.6,クビ,25.3,8.0,448(+6),[西] 橋口慎介,202308030310
8,2,4,ムエックス,牡5,58.0,国分優作,2:01.7,1/2,198.0,15.0,508(0),[西] 大根田裕,202308030310
9,3,6,レッドプロフェシー,牡3,56.0,マーカン,2:01.7,クビ,3.5,2.0,486(+6),[西] 大久保龍,202308030310
10,5,10,レイクリエイター,牡5,58.0,浜中俊,2:01.8,1/2,49.7,11.0,480(+8),[西] 浜田多実,202308030310
11,1,2,レッドエランドール,セ6,58.0,高倉稜,2:02.0,1.1/4,32.9,9.0,496(0),[西] 田中克典,202308030310
12,4,8,ラズルダズル,牡6,58.0,ムーア,2:02.3,2,7.0,3.0,468(-4),[西] 茶木太樹,202308030310
13,8,15,レッドバロッサ,セ4,58.0,北村友一,2:02.4,クビ,45.9,10.0,514(+8),[西] 音無秀孝,202308030310
14,4,7,セブンスレター,牡4,58.0,松田大作,2:03.0,3.1/2,148.9,14.0,490(-4),[東] 武井亮,202308030310
15,8,16,ラヴォラーレ,牡5,58.0,幸英明,2:03.1,1/2,56.5,12.0,528(-6),[東] 武市康男,202308030310
16,2,3,サンライズシェリー,牡6,58.0,角田大河,2:03.5,2.1/2,297.5,16.0,492(+6),[西] 河内洋,202308030310
1,2,2,ジャンタルマンタル,牡2,56.0,鮫島克駿,1:34.5,,3.9,1.0,490(-6),[西] 高野友和,202308030311
2,8,10,エンヤラヴフェイス,牡2,56.0,幸英明,1:34.8,2,23.5,8.0,482(+2),[西] 森田直行,202308030311
3,3,3,ナムラフッカー,牡2,56.0,松山弘平,1:35.0,1.1/4,56.9,10.0,468(-2),[西] 村山明,202308030311
4,8,11,ナムラエイハブ,牡2,56.0,浜中俊,1:35.0,アタマ,8.5,5.0,496(-6),[西] 長谷川浩,202308030311
5,5,5,メイショウサチダケ,牡2,56.0,和田竜二,1:35.0,ハナ,34.4,9.0,472(+10),[西] 鈴木孝志,202308030311
6,7,9,カンティアーモ,牝2,55.0,マーカン,1:35.1,3/4,4.8,3.0,482(-4),[東] 木村哲也,202308030311
7,6,7,ジューンブレア,牝2,55.0,岩田望来,1:35.2,クビ,20.4,7.0,476(-6),[西] 武英智,202308030311
8,1,1,クリーンエア,牡2,56.0,大野拓弥,1:35.2,クビ,15.4,6.0,464(+2),[東] 上原博之,202308030311
9,4,4,ダノンキラウェア,牡2,56.0,川田将雅,1:35.4,1,4.7,2.0,466(0),[西] 中内田充,202308030311
10,7,8,フルレゾン,牝2,55.0,ムーア,1:35.5,1/2,5.2,4.0,442(-4),[西] 池添学,202308030311
11,6,6,テイエムチュララン,牝2,55.0,太宰啓介,1:36.5,6,169.1,11.0,482(0),[西] 畑端省吾,202308030311
1,6,11,シロン,牝4,56.0,酒井学,1:21.2,,28.6,10.0,516(-2),[西] 小栗実,202308030312
2,6,12,レッドヒルシューズ,牝3,55.0,坂井瑠星,1:21.3,クビ,5.5,2.0,446(-2),[西] 武英智,202308030312
3,3,6,ケイデンシーマーク,牝3,55.0,北村友一,1:21.5,1.1/2,2.6,1.0,440(-4),[西] 安田隆行,202308030312
4,7,14,タツダイヤモンド,牡3,57.0,藤岡康太,1:21.5,クビ,14.1,6.0,486(0),[西] 鮫島一歩,202308030312
5,2,3,ウルトラソニック,牡5,58.0,川須栄彦,1:21.8,1.1/2,20.7,7.0,484(-4),[西] 中尾秀正,202308030312
6,4,8,ロゼクラン,牝5,56.0,秋山真一,1:21.9,1/2,23.7,9.0,454(0),[西] 藤沢則雄,202308030312
7,1,2,ミッキーチャレンジ,牡4,58.0,西村淳也,1:21.9,クビ,11.2,5.0,492(-10),[西] 中内田充,202308030312
8,3,5,エテルナメンテ,牝4,56.0,長岡禎仁,1:21.9,クビ,32.1,11.0,466(0),[東] 小島茂之,202308030312
9,8,17,ジョリダム,牝3,53.0,田口貫太,1:22.1,1.1/4,43.6,12.0,446(+10),[西] 武英智,202308030312
10,1,1,アスクキングコング,セ5,58.0,岩田望来,1:22.2,クビ,23.3,8.0,470(0),[西] 梅田智之,202308030312
11,7,15,ケルンキングダム,セ7,58.0,松若風馬,1:22.3,3/4,146.2,17.0,458(-2),[西] 小崎憲,202308030312
12,2,4,ワンダーカタリナ,牡6,57.0,角田大河,1:22.3,クビ,6.0,3.0,530(0),[西] 河内洋,202308030312
13,5,10,ナバロン,牡4,55.0,今村聖奈,1:22.5,1.1/4,84.0,14.0,502(+14),[西] 杉山佳明,202308030312
14,4,7,パタゴニア,牝5,56.0,ムーア,1:22.7,1,10.9,4.0,514(+8),[西] 池添学,202308030312
15,7,13,メイショウカクウン,牡8,54.0,河原田菜,1:22.7,ハナ,74.2,13.0,464(+8),[西] 石橋守,202308030312
16,8,18,ナサ,牝5,56.0,古川吉洋,1:23.0,2,270.7,18.0,482(+4),[西] 藤沢則雄,202308030312
17,8,16,ブルトンクール,牝4,56.0,大野拓弥,1:23.1,1/2,127.9,16.0,454(+4),[東] 新開幸一,202308030312
18,5,9,トップキャスト,牝4,56.0,幸英明,1:24.7,10,92.8,15.0,452(+6),[西] 高橋康之,202308030312
1,1,1,ラヴオントップ,牝2,55.0,ルメール,1:12.7,,1.7,1.0,482(-6),[西] 西村真幸,202308030401
2,5,7,ペプチドシュチク,牡2,56.0,坂井瑠星,1:14.5,大,4.2,2.0,482(+8),[西] 武英智,202308030401
3,3,3,ゼンダンスカイ,牡2,55.0,角田大河,1:14.6,1/2,14.9,4.0,466(-4),[西] 角田晃一,202308030401
4,5,6,リリーエクスプレス,牡2,56.0,松山弘平,1:15.0,2.1/2,12.2,3.0,538(-6),[西] 茶木太樹,202308030401
5,7,11,ヴァルタリ,牡2,56.0,西村淳也,1:15.0,クビ,28.6,7.0,512(-2),[西] 宮本博,202308030401
6,7,10,レッドコート,牡2,56.0,鮫島克駿,1:15.1,クビ,24.3,6.0,466(-4),[西] 中村直也,202308030401
7,6,8,ドナミント,牝2,55.0,和田竜二,1:15.1,アタマ,19.1,5.0,446(-12),[西] 小栗実,202308030401
8,8,12,レグノ,牡2,54.0,田口貫太,1:15.7,3.1/2,31.9,8.0,444(+6),[西] 西園正都,202308030401
9,2,2,テクネチウム,牡2,56.0,池添謙一,1:16.9,7,74.4,11.0,474(-2),[西] 木原一良,202308030401
10,6,9,ランブルフィッシュ,牡2,55.0,小沢大仁,1:17.0,1/2,525.7,12.0,452(+6),[西] 中竹和也,202308030401
11,4,4,ディディット,牝2,55.0,酒井学,1:17.2,1.1/2,51.3,10.0,438(-4),[西] 木原一良,202308030401
12,8,13,ダンテズセヴン,牝2,55.0,マーカン,1:17.8,3.1/2,45.2,9.0,398(+6),[西] 緒方努,202308030401
13,4,5,サウンドルミネ,牝2,52.0,大久保友,1:20.5,大,614.3,13.0,422(+2),[西] 村山明,202308030401
1,4,8,ロゼフレア,牝2,55.0,ルメール,1:22.0,,1.5,1.0,448(+6),[西] 中村直也,202308030402
2,5,10,コネッシオーネ,牝2,55.0,鮫島克駿,1:22.2,1.1/2,7.6,2.0,448(-8),[西] 杉山晴紀,202308030402
3,7,13,ファイツオン,牡2,56.0,戸崎圭太,1:22.5,2,15.7,5.0,510(-4),[西] 藤岡健一,202308030402
4,3,5,コスモバシレウス,牡2,56.0,マーカン,1:22.6,クビ,26.5,6.0,444(+2),[西] 西園正都,202308030402
5,2,4,ピストンボーイ,牡2,56.0,ムーア,1:22.6,クビ,9.5,3.0,500(-4),[西] 池添学,202308030402
6,7,14,ココシャンパーニュ,牝2,55.0,松若風馬,1:22.7,3/4,62.5,10.0,456(+4),[西] 音無秀孝,202308030402
7,4,7,ナムラレイ,牡2,56.0,和田竜二,1:22.7,アタマ,87.5,12.0,460(0),[西] 荒川義之,202308030402
8,6,11,ダディーズアイル,牡2,56.0,浜中俊,1:22.9,1,39.9,8.0,464(+12),[西] 千田輝彦,202308030402
9,1,2,ポッドロイ,牡2,56.0,西村淳也,1:23.1,1.1/4,93.7,13.0,492(+2),[西] 小林真也,202308030402
10,2,3,アイスノート,牝2,55.0,岩田望来,1:23.1,ハナ,28.4,7.0,442(-10),[西] 高橋義忠,202308030402
11,1,1,ヘニーズネフュー,牡2,56.0,松山弘平,1:23.6,3,55.7,9.0,464(+4),[西] 橋口慎介,202308030402
12,8,17,ブリッジワン,牝2,55.0,坂井瑠星,1:23.6,クビ,135.1,14.0,450(+2),[西] 武英智,202308030402
13,5,9,ロードバロンドール,牡2,56.0,川須栄彦,1:23.7,クビ,302.9,16.0,460(-6),[西] 長谷川浩,202308030402
14,3,6,ロカブルン,牝2,55.0,藤岡康太,1:23.9,1.1/4,74.1,11.0,460(+4),[西] 吉田直弘,202308030402
15,6,12,フルラーナ,牝2,55.0,北村友一,1:24.0,1/2,240.4,15.0,418(-2),[西] 平田修,202308030402
16,8,15,ドゥーカスコーリ,牝2,55.0,川田将雅,1:24.4,2.1/2,13.0,4.0,440(+2),[西] 石坂公一,202308030402
17,8,16,キンコンテーラー,牝2,53.0,田口貫太,1:24.4,アタマ,555.7,17.0,428(+4),[西] 緒方努,202308030402
1,2,2,オフトレイル,牡2,56.0,川田将雅,1:35.0,,2.8,1.0,442(+12),[西] 吉村圭司,202308030403
2,8,13,エマロア,牝2,55.0,ムーア,1:35.3,1.1/2,3.4,2.0,484(+4),[西] 平田修,202308030403
3,7,11,ジーティームテキ,牡2,56.0,藤岡康太,1:35.4,クビ,446.7,13.0,438(+4),[西] 西村真幸,202308030403
4,6,8,サマーアゲイン,牡2,56.0,和田竜二,1:35.5,3/4,23.0,7.0,490(+22),[西] 渡辺薫彦,202308030403
5,4,4,アタラヨ,牝2,55.0,松山弘平,1:35.5,ハナ,6.0,3.0,438(-4),[西] 松永幹夫,202308030403
6,6,9,エリカマルゲリータ,牝2,55.0,Ｍ．デム,1:35.5,クビ,10.0,5.0,470(0),[西] 安田翔伍,202308030403
7,7,10,プルミエプランタン,牡2,56.0,松若風馬,1:35.6,クビ,113.6,10.0,492(-6),[西] 音無秀孝,202308030403
8,1,1,インユアパレス,牡2,56.0,坂井瑠星,1:35.6,アタマ,8.3,4.0,480(-4),[西] 須貝尚介,202308030403
9,5,7,アリストロシュ,牝2,53.0,田口貫太,1:35.6,クビ,226.8,11.0,426(-12),[西] 佐々木晶,202308030403
10,5,6,スウィートリワード,牝2,55.0,浜中俊,1:35.9,1.1/2,27.6,8.0,446(0),[西] 宮本博,202308030403
11,3,3,ノッツェドーロ,牝2,55.0,ルメール,1:36.1,1,19.3,6.0,430(-18),[西] 庄野靖志,202308030403
12,8,12,ホッコーアドミラル,牡2,56.0,岩田康誠,1:42.6,大,317.0,12.0,436(+4),[西] 清水久詞,202308030403
13,4,5,レアリザシオン,牡2,56.0,幸英明,1:43.2,3.1/2,81.2,9.0,510(0),[西] 小林真也,202308030403
1,4,7,キタノズエッジ,牡2,56.0,北村友一,1:27.3,,48.1,9.0,514(0),[西] 畑端省吾,202308030404
2,2,3,モンシェリ,牝2,55.0,西村淳也,1:27.3,アタマ,33.0,7.0,454(0),[西] 牧田和弥,202308030404
3,5,9,ヴォルスター,牡2,56.0,坂井瑠星,1:28.6,8,8.9,3.0,430(0),[西] 清水久詞,202308030404
4,2,4,ルミナスサンライズ,牝2,55.0,和田竜二,1:28.6,ハナ,25.7,5.0,466(0),[西] 浜田多実,202308030404
5,3,5,メイショウフウドウ,牡2,56.0,松山弘平,1:28.7,クビ,8.3,2.0,498(0),[西] 藤原英昭,202308030404
6,6,12,ジェネラーレ,牡2,56.0,岩田望来,1:29.0,1.3/4,1.4,1.0,494(0),[西] 野中賢二,202308030404
7,3,6,メイショウオオコ,牡2,56.0,高倉稜,1:29.2,1,288.5,15.0,472(0),[西] 荒川義之,202308030404
8,4,8,テイエムミステリー,牡2,56.0,鮫島克駿,1:30.0,5,76.5,10.0,488(0),[西] 木原一良,202308030404
9,7,13,レーヌガレット,牝2,55.0,藤岡康太,1:30.1,クビ,170.0,13.0,446(0),[西] 宮徹,202308030404
10,7,14,キングリッキー,牡2,54.0,田口貫太,1:30.5,2.1/2,89.5,11.0,504(0),[西] 大橋勇樹,202308030404
11,1,1,グブリーサビタン,牡2,56.0,マーカン,1:30.6,1/2,32.8,6.0,440(0),[東] 中舘英二,202308030404
12,5,10,サンダーサーヴェル,牡2,55.0,小沢大仁,1:30.9,2,381.2,16.0,452(0),[西] 新谷功一,202308030404
13,6,11,ヒロブライト,牡2,56.0,水口優也,1:32.3,9,205.0,14.0,498(0),[西] 川村禎彦,202308030404
14,1,2,アルバロッサ,牡2,56.0,川須栄彦,1:32.3,アタマ,39.4,8.0,514(0),[西] 小林真也,202308030404
15,8,16,ペイシャスペシャル,牡2,55.0,角田大河,1:32.5,3/4,9.9,4.0,464(0),[西] 角田晃一,202308030404
16,8,15,ムソウ,牝2,55.0,幸英明,1:36.4,大,132.8,12.0,480(0),[西] 北出成人,202308030404
1,7,7,アドミラルシップ,牡2,56.0,戸崎圭太,2:05.4,,7.0,3.0,458(0),[東] 相沢郁,202308030405
2,6,6,ヴィレム,牡2,56.0,ルメール,2:05.4,ハナ,1.8,1.0,534(0),[西] 藤原英昭,202308030405
3,2,2,キーチパルフェ,牡2,56.0,坂井瑠星,2:05.6,1.1/4,10.3,5.0,456(0),[西] 高柳大輔,202308030405
4,4,4,ウィープディライト,牡2,56.0,池添謙一,2:05.7,1/2,7.4,4.0,514(0),[西] 池添学,202308030405
5,5,5,クライミーアリバー,牝2,55.0,和田竜二,2:05.7,クビ,98.6,8.0,426(0),[西] 松下武士,202308030405
6,1,1,エヴァンジェリーナ,牝2,55.0,ムーア,2:05.9,1.1/4,4.2,2.0,456(0),[西] 斉藤崇史,202308030405
7,8,8,カチドキ,牡2,56.0,幸英明,2:06.3,2.1/2,77.5,7.0,508(0),[西] 橋口慎介,202308030405
8,3,3,ヤマニンエジェリー,牝2,55.0,松山弘平,2:07.3,6,59.9,6.0,516(0),[西] 中村直也,202308030405
1,3,3,タイセイフェリーク,牝3,54.0,松若風馬,1:47.1,,5.5,2.0,434(+14),[西] 田中克典,202308030406
2,5,5,アレンテージョ,牡3,56.0,西村淳也,1:47.1,クビ,1.7,1.0,476(+2),[西] 坂口智康,202308030406
3,2,2,オーシャントライブ,牡3,56.0,ムーア,1:47.2,クビ,8.3,4.0,454(+2),[西] 高柳大輔,202308030406
4,7,7,ナイトキャッスル,牡3,56.0,Ｍ．デム,1:47.5,1.1/2,5.8,3.0,520(-14),[西] 音無秀孝,202308030406
5,4,4,ゴールドローズ,牝4,56.0,幸英明,1:47.7,1.1/4,12.5,6.0,448(0),[西] 飯田祐史,202308030406
6,1,1,メイショウサンガ,牡6,58.0,岩田望来,1:47.7,ハナ,92.3,8.0,526(0),[西] 千田輝彦,202308030406
7,8,8,コスモダークナイト,牡4,58.0,和田竜二,1:48.1,2.1/2,66.0,7.0,502(-10),[西] 吉田直弘,202308030406
8,6,6,アランヴェリテ,セ4,57.0,小沢大仁,1:48.1,クビ,9.7,5.0,486(-2),[西] 中竹和也,202308030406
9,8,9,グラティトゥー,牡5,56.0,田口貫太,1:48.3,1.1/4,114.7,9.0,476(+6),[西] 小栗実,202308030406
1,6,6,アスクドゥポルテ,牡3,56.0,岩田望来,2:13.9,,2.3,1.0,468(+6),[西] 河内洋,202308030407
2,8,10,メイショウゲキリン,牡4,58.0,松山弘平,2:14.1,1.1/4,7.8,4.0,518(0),[西] 笹田和秀,202308030407
3,7,9,ハギノアルデバラン,牡3,56.0,川田将雅,2:14.1,ハナ,3.5,2.0,508(+10),[西] 鮫島一歩,202308030407
4,7,8,クリオミニーズ,牡4,58.0,ムーア,2:14.2,1/2,13.5,5.0,494(0),[西] 西園翔太,202308030407
5,3,3,ミタマ,牝3,54.0,ルメール,2:14.3,3/4,4.3,3.0,482(+2),[西] 上村洋行,202308030407
6,2,2,デルマグレムリン,牡4,58.0,幸英明,2:14.3,クビ,26.7,6.0,452(-2),[西] 緒方努,202308030407
7,5,5,ストキャスティーク,牝4,56.0,池添謙一,2:14.4,1/2,45.2,7.0,452(+2),[東] 大竹正博,202308030407
8,4,4,ウン,牡4,58.0,和田竜二,2:14.4,クビ,77.2,9.0,480(-2),[西] 吉田直弘,202308030407
9,6,7,マイネルメサイア,牡4,58.0,三浦皇成,2:14.5,1/2,100.5,10.0,480(0),[東] 水野貴広,202308030407
10,1,1,レッドエンヴィー,牡7,56.0,田口貫太,2:14.7,1.1/4,162.1,11.0,506(+2),[西] 坂口智康,202308030407
11,8,11,タガノカイ,牡5,58.0,藤岡康太,2:15.0,1.1/2,56.2,8.0,520(+12),[西] 宮徹,202308030407
1,6,12,ヤマニンウルス,牡3,56.0,ルメール,2:00.8,,1.2,1.0,576(+16),[西] 斉藤崇史,202308030408
2,4,7,シャンバラ,牡4,58.0,鮫島克駿,2:01.4,3.1/2,37.0,7.0,516(-2),[西] 橋口慎介,202308030408
3,5,10,ロードトラスト,牡3,56.0,川田将雅,2:01.6,1.1/2,12.2,3.0,500(+10),[西] 長谷川浩,202308030408
4,3,6,テーオーサンドニ,牡4,58.0,藤岡康太,2:01.8,1.1/4,51.1,9.0,470(0),[西] 高柳大輔,202308030408
5,2,4,パーティーベル,牡4,58.0,坂井瑠星,2:01.9,1/2,10.2,2.0,464(+4),[西] 松永幹夫,202308030408
6,7,13,ヒノデテイオー,牡4,58.0,三浦皇成,2:02.0,クビ,76.6,10.0,454(-4),[西] 河内洋,202308030408
7,8,16,ダディーズウォリア,牡3,56.0,浜中俊,2:02.2,1.1/2,28.9,5.0,466(+4),[西] 千田輝彦,202308030408
8,1,1,イルミネーター,牡6,58.0,水口優也,2:02.5,2,237.4,15.0,482(+6),[西] 羽月友彦,202308030408
9,6,11,ハギノロックオン,牡4,58.0,西村淳也,2:02.6,クビ,16.9,4.0,514(-4),[西] 高野友和,202308030408
10,1,2,メイショウコジョウ,牡6,58.0,松山弘平,2:02.8,1.1/4,30.7,6.0,478(+2),[西] 石橋守,202308030408
11,4,8,アカノストロング,牡4,57.0,小沢大仁,2:03.5,4,150.2,12.0,512(+5),[西] 松下武士,202308030408
12,5,9,エクセスリターン,牡4,58.0,松田大作,2:03.7,1,41.2,8.0,530(-6),[西] 野中賢二,202308030408
13,3,5,コロンビアテソーロ,牝3,54.0,幸英明,2:04.2,3,128.6,11.0,454(0),[東] 栗田徹,202308030408
14,8,15,ウインヴェルデ,牡4,58.0,和田竜二,2:04.3,3/4,217.4,13.0,486(+4),[西] 加用正,202308030408
15,7,14,トーホウテンリュウ,牡4,56.0,田口貫太,2:04.9,3.1/2,229.4,14.0,488(-4),[西] 谷潔,202308030408
16,2,3,ウインホノカ,牝7,53.0,大久保友,2:04.9,ハナ,404.7,16.0,430(-2),[東] 本間忍,202308030408
1,4,4,センチュリボンド,牡2,56.0,ルメール,2:01.8,,4.0,2.0,474(+10),[西] 庄野靖志,202308030409
2,5,5,ウールデュボヌール,牡2,56.0,川田将雅,2:01.9,1/2,4.9,3.0,488(+10),[西] 須貝尚介,202308030409
3,2,2,ミラキュラスドラマ,牡2,56.0,Ｍ．デム,2:01.9,ハナ,5.8,4.0,452(0),[西] 杉山晴紀,202308030409
4,7,7,ジューンテイク,牡2,56.0,岩田望来,2:02.0,1/2,19.9,6.0,478(+2),[西] 武英智,202308030409
5,3,3,フナデ,牡2,56.0,マーカン,2:02.1,3/4,11.4,5.0,436(0),[西] 飯田雄三,202308030409
6,6,6,ヘルモーズ,牡2,56.0,ムーア,2:02.2,1,2.3,1.0,506(0),[西] 小林真也,202308030409
7,1,1,コパノアントニオ,牡2,56.0,幸英明,2:02.8,3.1/2,135.1,7.0,474(+2),[西] 梅田智之,202308030409
1,7,14,アイスリアン,牝5,53.0,西村淳也,1:12.5,,37.4,12.0,456(-2),[西] 高柳大輔,202308030410
2,3,6,スマートフォルス,牡3,56.0,マーカン,1:12.5,クビ,5.2,2.0,480(+2),[西] 吉村圭司,202308030410
3,2,4,デュアリスト,牡5,59.0,ムーア,1:12.5,ハナ,18.2,7.0,506(0),[西] 安田隆行,202308030410
4,5,10,サイクロトロン,牡6,57.0,Ｍ．デム,1:12.6,クビ,18.1,6.0,528(+12),[西] 音無秀孝,202308030410
5,8,15,テイエムトッキュウ,牡5,57.0,北村友一,1:12.6,クビ,7.5,4.0,502(+4),[西] 木原一良,202308030410
6,6,11,ピアシック,牡7,55.0,戸崎圭太,1:12.7,1/2,98.8,14.0,510(+4),[西] 森秀行,202308030410
7,2,3,アティード,牡5,57.0,鮫島克駿,1:12.8,クビ,125.9,16.0,520(+4),[東] 加藤士津,202308030410
8,7,13,チェイスザドリーム,牝4,55.0,坂井瑠星,1:12.8,ハナ,14.2,5.0,480(+4),[西] 矢作芳人,202308030410
9,6,12,オーヴァーネクサス,牡6,57.5,藤岡康太,1:12.8,ハナ,29.3,10.0,502(+10),[西] 松下武士,202308030410
10,8,16,ファーンヒル,牡4,56.0,ルメール,1:12.8,ハナ,22.2,9.0,472(+8),[西] 清水久詞,202308030410
11,4,7,クロジシジョー,牡4,56.0,浜中俊,1:12.8,ハナ,19.3,8.0,454(+12),[西] 岡田稲男,202308030410
12,5,9,オメガレインボー,牡7,58.5,川田将雅,1:12.9,クビ,6.6,3.0,468(+2),[西] 安田翔伍,202308030410
13,1,2,ファイアランス,牡6,54.0,角田大河,1:13.2,2,116.1,15.0,514(+8),[西] 野中賢二,202308030410
14,3,5,ミスズグランドオー,牡5,55.0,幸英明,1:13.6,2.1/2,93.9,13.0,492(-4),[東] 伊藤圭三,202308030410
15,4,8,アームズレイン,牡3,56.0,松山弘平,1:14.0,2.1/2,2.7,1.0,502(+12),[西] 上村洋行,202308030410
16,1,1,ヴァガボンド,牡5,55.0,岩田望来,1:15.2,7,30.3,11.0,490(+4),[西] 清水久詞,202308030410
1,1,1,ブレイディヴェーグ,牝3,54.0,ルメール,2:12.6,,2.4,1.0,460(0),[東] 宮田敬介,202308030411
2,2,2,ルージュエヴァイユ,牝4,56.0,松山弘平,2:12.7,3/4,13.3,5.0,468(-2),[東] 黒岩陽一,202308030411
3,2,3,ハーパー,牝3,54.0,川田将雅,2:12.8,クビ,6.7,3.0,484(+2),[西] 友道康夫,202308030411
4,6,11,ライラック,牝4,56.0,戸崎圭太,2:12.9,1/2,10.2,4.0,442(-6),[東] 相沢郁,202308030411
5,4,7,ジェラルディーナ,牝5,56.0,ムーア,2:12.9,クビ,4.6,2.0,466(0),[西] 斉藤崇史,202308030411
6,7,13,サリエラ,牝4,56.0,マーカン,2:12.9,クビ,15.7,6.0,422(-6),[東] 国枝栄,202308030411
7,4,6,ディヴィーナ,牝5,56.0,Ｍ．デム,2:13.0,3/4,18.7,8.0,428(0),[西] 友道康夫,202308030411
8,3,5,イズジョーノキセキ,牝6,56.0,岩田康誠,2:13.1,クビ,103.8,13.0,466(+2),[西] 中村直也,202308030411
9,5,8,シンリョクカ,牝3,54.0,木幡初也,2:13.1,クビ,72.6,12.0,460(-2),[東] 竹内正洋,202308030411
10,6,10,ククナ,牝5,56.0,浜中俊,2:13.1,クビ,152.4,14.0,462(+2),[東] 栗田徹,202308030411
11,8,15,ビッグリボン,牝5,56.0,西村淳也,2:13.2,クビ,42.7,11.0,500(-4),[西] 中内田充,202308030411
12,3,4,ローゼライト,牝5,56.0,和田竜二,2:13.3,1/2,216.8,15.0,456(0),[西] 清水久詞,202308030411
13,5,9,アートハウス,牝4,56.0,坂井瑠星,2:13.3,アタマ,22.2,9.0,490(+20),[西] 中内田充,202308030411
14,7,12,ゴールドエクリプス,牝4,56.0,岩田望来,2:15.2,大,40.2,10.0,492(-6),[西] 大久保龍,202308030411
15,8,14,マリアエレーナ,牝5,56.0,三浦皇成,2:15.3,3/4,17.9,7.0,438(+10),[西] 吉田直弘,202308030411
1,4,8,エンペラーワケア,牡3,57.0,松山弘平,1:24.7,,2.0,1.0,530(-2),[西] 杉山晴紀,202308030412
2,3,5,ペプチドタイガー,牡3,57.0,川田将雅,1:25.4,4,3.4,2.0,460(0),[西] 吉村圭司,202308030412
3,6,11,ルアル,牡4,58.0,幸英明,1:25.8,2.1/2,19.2,6.0,532(0),[西] 安達昭夫,202308030412
4,2,3,フェルヴェンテ,牡3,57.0,池添謙一,1:25.9,3/4,6.0,3.0,476(+14),[西] 加用正,202308030412
5,6,12,テイエムフェロー,牡4,58.0,田中健,1:25.9,クビ,104.4,11.0,486(0),[西] 飯田雄三,202308030412
6,1,2,スペクトログラム,牡4,58.0,坂井瑠星,1:26.1,1,16.0,5.0,496(-2),[西] 池江泰寿,202308030412
7,8,15,トリプルループ,牝3,55.0,戸崎圭太,1:26.6,3,15.2,4.0,502(+4),[西] 森秀行,202308030412
8,1,1,キタノセレナード,牡4,58.0,西村淳也,1:26.8,1,48.2,9.0,436(+2),[西] 坂口智康,202308030412
9,8,16,リンドラゴ,牡4,58.0,北村友一,1:26.8,ハナ,43.1,8.0,488(0),[西] 杉山佳明,202308030412
10,4,7,エナジーポコアポコ,牡3,57.0,藤岡康太,1:26.9,3/4,133.9,12.0,460(-2),[西] 高柳大輔,202308030412
11,3,6,アドバンスドリーム,牡4,58.0,岩田望来,1:27.0,アタマ,214.4,15.0,508(+2),[西] 森秀行,202308030412
12,2,4,テイエムファルコン,牡6,58.0,鮫島良太,1:27.3,1.3/4,202.4,14.0,516(-2),[西] 飯田雄三,202308030412
13,5,9,ブルーノート,牡4,58.0,荻野琢真,1:27.6,2,65.1,10.0,498(+2),[西] 梅田智之,202308030412
14,7,14,タリエシン,牡3,57.0,Ｍ．デム,1:28.1,3,30.3,7.0,436(0),[東] 金成貴史,202308030412
15,5,10,グッドフェイス,牡4,58.0,小沢大仁,1:28.1,クビ,370.8,16.0,476(-2),[西] 松下武士,202308030412
16,7,13,ジューンヨシツネ,牡4,58.0,鮫島克駿,1:28.2,3/4,200.2,13.0,470(+6),[西] 松下武士,202308030412
1,5,10,フラムリンガム,牡2,56.0,坂井瑠星,1:24.8,,3.6,2.0,484(0),[西] 田中克典,202308030501
2,6,11,テーオードラッカー,牡2,56.0,川田将雅,1:24.9,1/2,2.2,1.0,518(-10),[西] 高柳大輔,202308030501
3,3,6,テイエムリステット,牡2,56.0,和田竜二,1:25.2,2,40.2,8.0,476(+2),[西] 木原一良,202308030501
4,5,9,プロミシングスター,牡2,56.0,川須栄彦,1:25.4,1.1/4,11.4,4.0,440(+2),[西] 加用正,202308030501
5,6,12,ラストボーン,セ2,54.0,田口貫太,1:25.5,クビ,57.5,10.0,452(+2),[西] 加用正,202308030501
6,1,2,インペリオ,牡2,56.0,藤岡佑介,1:25.8,1.3/4,264.7,14.0,476(+10),[西] 羽月友彦,202308030501
7,2,4,アレンジャー,牡2,56.0,横山典弘,1:25.8,クビ,7.9,3.0,464(+2),[西] 昆貢,202308030501
8,8,16,クリノオリーブ,牝2,55.0,森裕太朗,1:25.9,クビ,13.6,5.0,458(-4),[西] 谷潔,202308030501
9,7,14,キモンキャリントン,牡2,52.0,河原田菜,1:26.0,1/2,372.5,16.0,428(0),[西] 渡辺薫彦,202308030501
10,4,7,ソルトロック,牝2,55.0,酒井学,1:26.2,1.1/4,14.3,6.0,444(-4),[西] 四位洋文,202308030501
11,3,5,トラストバシレウス,牡2,56.0,国分優作,1:26.3,クビ,226.7,12.0,422(0),[西] 羽月友彦,202308030501
12,8,15,バーキン,牝2,55.0,国分恭介,1:26.3,アタマ,53.3,9.0,484(+6),[西] 西園翔太,202308030501
13,4,8,ジャコムスビ,牡2,56.0,川島信二,1:26.6,1.3/4,192.9,11.0,460(-4),[西] 荒川義之,202308030501
14,2,3,イムナラムール,牝2,55.0,松若風馬,1:26.8,1,39.2,7.0,474(+2),[西] 佐々木晶,202308030501
15,7,13,スマートカナートス,牝2,54.0,角田大河,1:27.7,5,351.3,15.0,446(-4),[西] 音無秀孝,202308030501
16,1,1,カネトシショウカ,牡2,56.0,小崎綾也,1:27.8,1/2,252.4,13.0,444(+2),[西] 寺島良,202308030501
1,5,9,ロードフォアエース,牡2,56.0,川田将雅,1:52.2,,1.4,1.0,520(+4),[西] 友道康夫,202308030502
2,4,7,アリエスキング,牡2,54.0,田口貫太,1:52.7,3,9.2,3.0,452(-4),[西] 庄野靖志,202308030502
3,5,10,クリノフィガロ,牡2,56.0,団野大成,1:52.8,3/4,3.6,2.0,486(-6),[西] 荒川義之,202308030502
4,6,11,ベルメサイア,牝2,55.0,岩田望来,1:53.5,4,29.2,5.0,488(+2),[西] 西村真幸,202308030502
5,4,8,プエルタアスール,牝2,55.0,和田竜二,1:54.3,5,62.5,7.0,470(0),[西] 鈴木孝志,202308030502
6,3,6,ハイウェイスター,牝2,55.0,藤岡康太,1:54.5,1,21.3,4.0,490(0),[西] 宮本博,202308030502
7,2,4,エクステンシヴリー,牡2,52.0,河原田菜,1:54.6,クビ,85.8,9.0,510(0),[西] 小栗実,202308030502
8,8,15,テトラード,牡2,56.0,Ｍ．デム,1:55.0,2.1/2,69.5,8.0,450(-2),[西] 坂口智康,202308030502
9,7,14,ニホンピロゴルディ,牡2,55.0,角田大河,1:55.0,アタマ,194.2,10.0,454(+4),[西] 安達昭夫,202308030502
10,1,2,エスケイイーグル,牡2,56.0,幸英明,1:55.2,1.1/2,60.9,6.0,500(+4),[西] 畑端省吾,202308030502
11,7,13,プルーフリーダー,牡2,56.0,酒井学,1:55.3,1/2,254.4,12.0,462(-2),[西] 松永昌博,202308030502
12,2,3,クレスコウェイ,牡2,56.0,加藤祥太,1:55.5,1,488.4,14.0,500(0),[西] 羽月友彦,202308030502
13,3,5,キングリッキー,牡2,56.0,吉田豊,1:56.5,6,423.9,13.0,502(-2),[西] 大橋勇樹,202308030502
14,1,1,ファッシネイトパイ,牡2,56.0,国分優作,1:56.5,クビ,248.9,11.0,490(+6),[西] 畑端省吾,202308030502
15,6,12,カシノシャンデリア,牝2,55.0,和田翼,1:59.6,大,870.2,16.0,432(-12),[西] 谷潔,202308030502
16,8,16,レジットダンサーズ,牝2,52.0,今村聖奈,2:07.9,大,501.6,15.0,468(+2),[東] 武井亮,202308030502
1,5,6,タガノデュード,牡2,56.0,古川吉洋,1:36.3,,4.2,2.0,486(+2),[西] 宮徹,202308030503
2,6,7,ガロンヌ,牡2,56.0,坂井瑠星,1:36.5,1.1/2,9.7,5.0,478(-12),[西] 上村洋行,202308030503
3,7,9,メイショウソニック,牡2,55.0,角田大河,1:36.7,1.1/4,12.8,7.0,456(-2),[西] 石橋守,202308030503
4,1,1,カルパ,牡2,56.0,川田将雅,1:36.7,アタマ,5.6,3.0,428(+6),[西] 須貝尚介,202308030503
5,2,2,ゲンヨウサイ,牡2,56.0,岩田望来,1:36.8,1/2,3.4,1.0,480(0),[西] 西園翔太,202308030503
6,8,11,ニホンピロカラット,牡2,54.0,田口貫太,1:36.9,1/2,22.2,8.0,490(-4),[西] 大橋勇樹,202308030503
7,8,12,サマーアゲイン,牡2,56.0,和田竜二,1:37.0,3/4,11.1,6.0,490(0),[西] 渡辺薫彦,202308030503
8,5,5,ローマンレイク,牝2,55.0,藤岡康太,1:37.1,1/2,7.2,4.0,432(0),[西] 松永幹夫,202308030503
9,7,10,メイショウカンムリ,牡2,56.0,幸英明,1:37.5,2.1/2,62.1,9.0,460(-2),[西] 木原一良,202308030503
10,6,8,ジェントルレイン,牝2,52.0,今村聖奈,1:37.7,1.1/2,349.8,10.0,382(-4),[西] 高橋義忠,202308030503
11,3,3,ペイシャラブリー,牝2,55.0,小崎綾也,1:37.8,1/2,416.1,11.0,452(+6),[西] 高橋康之,202308030503
12,4,4,ソリューション,牡2,52.0,河原田菜,1:38.6,5,642.9,12.0,446(+4),[西] 加用正,202308030503
1,4,5,ミスティカ,牝2,55.0,岩田望来,1:26.9,,6.8,4.0,462(0),[西] 松下武士,202308030504
2,7,10,ランランガール,牝2,52.0,今村聖奈,1:26.9,クビ,5.6,3.0,430(0),[西] 寺島良,202308030504
3,1,1,フクノパピヨン,牝2,55.0,松岡正海,1:27.0,クビ,19.8,7.0,462(0),[東] 堀内岳志,202308030504
4,8,12,ビーラヴゼアー,牝2,55.0,幸英明,1:27.2,1,9.8,5.0,472(0),[西] 小林真也,202308030504
5,5,7,ブリリアントスピカ,牝2,55.0,池添謙一,1:28.0,5,4.0,2.0,500(0),[西] 畑端省吾,202308030504
6,5,6,アンリーベイビー,牝2,55.0,坂井瑠星,1:28.3,2,3.7,1.0,428(0),[西] 安田隆行,202308030504
7,2,2,イナズマホリデー,牝2,55.0,和田竜二,1:28.6,1.1/2,11.3,6.0,468(0),[西] 川村禎彦,202308030504
8,4,4,リケアマロン,牝2,51.0,河原田菜,1:29.4,5,131.8,11.0,402(0),[東] 的場均,202308030504
9,6,8,メイショウノワキ,牝2,53.0,田口貫太,1:29.7,2,47.4,9.0,440(0),[西] 安達昭夫,202308030504
10,3,3,タガノアミカル,牝2,55.0,田中健,1:29.7,ハナ,26.3,8.0,458(0),[西] 荒川義之,202308030504
11,7,11,メイショウコフデ,牝2,54.0,角田大河,1:29.8,クビ,52.4,10.0,454(0),[西] 松永昌博,202308030504
12,6,9,ビースピリット,牝2,55.0,松若風馬,1:31.7,大,134.9,12.0,472(0),[西] 牧田和弥,202308030504
13,8,13,ドロップ,牝2,55.0,森裕太朗,1:34.5,大,148.1,13.0,426(0),[西] 飯田雄三,202308030504
1,4,4,マリーアムール,牝2,52.0,今村聖奈,1:12.9,,5.7,3.0,402(0),[西] 寺島良,202308030505
2,8,10,ムーンウォーク,牡2,54.0,田口貫太,1:13.1,1.1/4,16.2,6.0,454(0),[東] 青木孝文,202308030505
3,6,6,スマートレイヴ,牝2,55.0,藤岡康太,1:13.1,アタマ,9.8,5.0,422(0),[西] 笹田和秀,202308030505
4,7,7,イーブンナウ,牝2,55.0,幸英明,1:13.2,クビ,8.8,4.0,434(0),[西] 田中克典,202308030505
5,5,5,ロードアルフィーネ,牡2,56.0,坂井瑠星,1:13.2,クビ,2.2,1.0,430(0),[西] 吉岡辰弥,202308030505
6,3,3,ビッグアンサー,牡2,55.0,角田大河,1:13.3,アタマ,5.3,2.0,494(0),[西] 牧田和弥,202308030505
7,8,9,エンタブラチュア,牝2,55.0,和田竜二,1:14.2,5,35.0,8.0,404(0),[西] 小栗実,202308030505
8,2,2,ヨツヤカイダン,牝2,51.0,河原田菜,1:14.5,2,86.8,9.0,466(0),[東] 深山雅史,202308030505
9,1,1,デンタルフロス,牝2,55.0,鮫島良太,1:14.8,2,106.2,10.0,452(0),[西] 飯田雄三,202308030505
10,7,8,ビッグキャット,牡2,56.0,小崎綾也,1:15.1,2,18.7,7.0,504(0),[西] 小崎憲,202308030505
1,4,4,ハヤテノフクノスケ,牡2,56.0,岩田望来,2:01.6,,3.9,2.0,506(+2),[西] 中村直也,202308030506
2,1,1,ショウナンガチ,牡2,56.0,川田将雅,2:02.4,5,1.5,1.0,502(-2),[西] 須貝尚介,202308030506
3,6,6,ベルベストランナー,牡2,56.0,坂井瑠星,2:02.5,クビ,25.6,5.0,468(-4),[西] 西村真幸,202308030506
4,2,2,アルヒジュル,牡2,56.0,団野大成,2:02.8,1.3/4,79.1,7.0,488(0),[西] 斉藤崇史,202308030506
5,7,7,テーオーカルドア,牡2,56.0,幸英明,2:03.0,1.1/4,82.1,8.0,460(-12),[西] 岡田稲男,202308030506
6,7,8,コスモモアナ,牡2,56.0,松岡正海,2:03.4,2.1/2,106.2,9.0,450(0),[西] 宮徹,202308030506
7,3,3,モズトップガン,牡2,52.0,河原田菜,2:03.6,1.1/2,347.6,10.0,452(-2),[西] 平田修,202308030506
8,8,10,マテンロウノカゼ,牡2,56.0,横山典弘,2:03.7,クビ,5.5,3.0,478(+2),[西] 昆貢,202308030506
9,5,5,エイシンローテイト,牡2,54.0,田口貫太,2:03.8,3/4,68.3,6.0,498(+2),[西] 高橋康之,202308030506
10,8,9,サウンドノバ,牡2,56.0,和田竜二,2:03.8,クビ,15.9,4.0,472(+8),[西] 安達昭夫,202308030506
1,5,5,レッツゴーローズ,牝3,52.0,田口貫太,1:51.5,,3.3,1.0,500(+2),[西] 大橋勇樹,202308030507
2,5,6,ゴーフォマームード,牝3,54.0,岩田望来,1:52.1,3.1/2,4.0,2.0,438(-6),[西] 長谷川浩,202308030507
3,4,4,フェルンマンボ,牝4,56.0,坂井瑠星,1:52.7,3.1/2,5.2,4.0,478(+6),[西] 辻野泰之,202308030507
4,8,12,サルサディーバ,牝4,56.0,川須栄彦,1:53.3,4,115.0,12.0,482(-4),[西] 緒方努,202308030507
5,1,1,グラングスト,牝3,54.0,Ｍ．デム,1:53.4,クビ,8.8,5.0,554(-6),[西] 高野友和,202308030507
6,7,10,ドゥライトアルディ,牝4,56.0,藤岡康太,1:53.9,3,106.8,11.0,496(-2),[西] 西村真幸,202308030507
7,7,9,シュピカ,牝5,56.0,酒井学,1:54.0,クビ,33.0,8.0,500(-4),[西] 千田輝彦,202308030507
8,2,2,セットリスト,牝4,56.0,団野大成,1:54.0,アタマ,4.5,3.0,484(-4),[西] 畑端省吾,202308030507
9,6,8,ポジティブガール,牝4,52.0,河原田菜,1:54.1,クビ,72.1,10.0,460(+4),[西] 緒方努,202308030507
10,8,11,ロンシャンクイーン,牝3,54.0,横山典弘,1:55.0,5,20.1,7.0,424(-2),[西] 野中賢二,202308030507
11,3,3,スナークメモリー,牝3,54.0,和田竜二,1:56.0,6,17.8,6.0,438(+8),[西] 川村禎彦,202308030507
12,6,7,ミーナティエルナ,牝4,53.0,今村聖奈,1:57.5,9,62.6,9.0,460(-4),[西] 寺島良,202308030507
1,5,7,ニホンピロキーフ,牡3,55.0,田口貫太,1:34.8,,17.5,6.0,480(+14),[西] 大橋勇樹,202308030508
2,3,3,セーヌドゥレーヴ,牝3,54.0,角田大河,1:34.8,クビ,4.7,3.0,462(+12),[西] 吉岡辰弥,202308030508
3,2,2,ディオ,牡4,58.0,岩田望来,1:35.1,1.3/4,2.6,1.0,502(+6),[西] 辻野泰之,202308030508
4,7,11,アルジーヌ,牝3,55.0,川田将雅,1:35.2,クビ,3.2,2.0,452(-4),[西] 中内田充,202308030508
5,1,1,ムーンリットナイト,牡4,58.0,Ｍ．デム,1:35.4,1,36.2,8.0,500(0),[西] 加用正,202308030508
6,4,5,テーオーダヴィンチ,牡5,58.0,藤岡康太,1:35.5,3/4,19.3,7.0,514(+10),[西] 岡田稲男,202308030508
7,5,6,プッシュオン,牡3,57.0,坂井瑠星,1:35.5,アタマ,9.7,4.0,448(-4),[西] 西村真幸,202308030508
8,6,9,テラステラ,牡3,57.0,団野大成,1:35.6,1/2,49.3,9.0,480(0),[西] 矢作芳人,202308030508
9,8,13,ヒルノエドワード,牡6,58.0,古川吉洋,1:35.7,1/2,300.6,11.0,484(+6),[西] 昆貢,202308030508
10,6,8,ヴァモスロード,牡4,58.0,幸英明,1:35.7,クビ,12.7,5.0,526(+2),[西] 西園正都,202308030508
11,7,10,メイショウカクウン,牡8,54.0,河原田菜,1:35.9,1.1/4,315.0,12.0,462(-2),[西] 石橋守,202308030508
12,8,12,タイセイドリーマー,牡5,58.0,和田竜二,1:36.1,1.1/4,454.1,13.0,522(+6),[西] 小栗実,202308030508
13,4,4,レゾンドゥスリール,セ5,58.0,松若風馬,1:36.3,1.1/4,58.9,10.0,464(+12),[西] 辻野泰之,202308030508
1,5,9,メイショウモズ,牡3,56.0,幸英明,1:52.3,,2.7,1.0,500(-2),[西] 松永昌博,202308030509
2,5,10,ヒデノレインボー,牡4,58.0,松若風馬,1:52.4,3/4,189.0,15.0,496(+14),[西] 梅田智之,202308030509
3,8,15,カンピオーネ,牡4,58.0,大野拓弥,1:52.5,1/2,13.8,6.0,512(-8),[東] 栗田徹,202308030509
4,1,2,トゥルブレンシア,セ6,58.0,酒井学,1:52.6,1/2,157.4,13.0,458(+4),[西] 藤沢則雄,202308030509
5,6,11,マリアナトレンチ,牡3,56.0,Ｍ．デム,1:52.7,1/2,8.8,5.0,474(-6),[西] 音無秀孝,202308030509
6,3,5,サヴァビアン,牡5,58.0,藤岡康太,1:52.8,1/2,147.2,11.0,436(0),[西] 羽月友彦,202308030509
7,8,16,プラーヴィ,牡3,56.0,岩田望来,1:52.8,ハナ,6.8,4.0,474(+12),[西] 杉山晴紀,202308030509
8,7,14,カネトシブルーム,牡4,58.0,田口貫太,1:52.9,1/2,5.5,2.0,512(-4),[西] 大橋勇樹,202308030509
9,4,8,オラヴェリタス,牡4,58.0,坂井瑠星,1:52.9,クビ,22.5,8.0,512(0),[西] 寺島良,202308030509
10,3,6,グローツラング,牡4,58.0,藤岡佑介,1:53.0,クビ,27.8,9.0,536(+14),[西] 安達昭夫,202308030509
11,2,4,ワンダフルトゥデイ,牡4,58.0,水口優也,1:53.2,1.1/4,5.9,3.0,522(+2),[西] 中尾秀正,202308030509
12,1,1,テイエムファクター,牡4,58.0,古川吉洋,1:53.3,1,181.9,14.0,466(+2),[西] 木原一良,202308030509
13,6,12,ワンダースティング,牡5,58.0,河原田菜,1:53.9,3.1/2,44.7,10.0,528(+2),[西] 渡辺薫彦,202308030509
14,4,7,サンライズゴラッソ,牡5,58.0,団野大成,1:54.1,1.1/4,14.1,7.0,516(0),[西] 河内洋,202308030509
15,7,13,フォーワンセルフ,牡4,58.0,吉田豊,1:54.3,1.1/4,156.2,12.0,524(+6),[東] 小桧山悟,202308030509
16,2,3,ダイチヴィヴァン,牡4,58.0,川須栄彦,1:54.5,1.1/2,297.5,16.0,474(+2),[東] 蛯名利弘,202308030509
1,7,12,ディナースタ,牡4,58.0,藤岡佑介,2:27.7,,12.6,5.0,476(+18),[西] 辻野泰之,202308030510
2,2,2,キングズパレス,牡4,58.0,松岡正海,2:27.9,3/4,2.0,1.0,504(+6),[東] 戸田博文,202308030510
3,4,6,ニシノレヴナント,セ3,56.0,大野拓弥,2:28.0,3/4,12.9,6.0,488(+8),[東] 上原博之,202308030510
4,6,10,シェイクユアハート,牡3,56.0,古川吉洋,2:28.0,クビ,6.9,3.0,444(+6),[西] 宮徹,202308030510
5,5,8,メイショウブレゲ,牡4,58.0,酒井学,2:28.2,3/4,12.6,4.0,464(-2),[西] 本田優,202308030510
6,6,9,エンドウノハナ,牡4,58.0,岩田望来,2:28.5,2,5.9,2.0,472(0),[西] 四位洋文,202308030510
7,8,14,サジェス,牡5,58.0,団野大成,2:28.5,ハナ,22.3,8.0,456(+8),[西] 中尾秀正,202308030510
8,1,1,ミステリーウェイ,セ5,58.0,池添謙一,2:28.5,ハナ,24.4,9.0,502(+2),[西] 小林真也,202308030510
9,3,3,サンセットクラウド,牡4,58.0,坂井瑠星,2:28.5,ハナ,17.9,7.0,462(+4),[西] 矢作芳人,202308030510
10,8,13,ブルーロワイヤル,セ4,58.0,幸英明,2:28.6,3/4,44.4,10.0,526(+12),[西] 音無秀孝,202308030510
11,4,5,アスティ,セ7,58.0,国分恭介,2:28.6,ハナ,361.2,14.0,420(0),[東] 堀内岳志,202308030510
12,3,4,フィリオアレグロ,セ6,58.0,藤岡康太,2:28.6,アタマ,54.5,11.0,468(0),[東] 堀宣行,202308030510
13,7,11,バレエマスター,牡4,58.0,浜中俊,2:29.4,5,61.8,12.0,476(0),[西] 梅田智之,202308030510
14,5,7,ドンアルゴス,牡8,58.0,川島信二,2:29.4,ハナ,333.1,13.0,516(+2),[西] 庄野靖志,202308030510
1,8,16,ディープモンスター,牡5,58.0,浜中俊,1:59.2,,3.0,1.0,464(+2),[西] 池江泰寿,202308030511
2,1,2,マイネルクリソーラ,牡4,55.0,Ｍ．デム,1:59.5,1.1/2,4.6,3.0,454(0),[東] 中野栄治,202308030511
3,1,1,ヤマニンサンパ,牡5,56.0,川田将雅,1:59.6,1/2,4.0,2.0,486(+6),[西] 斉藤崇史,202308030511
4,5,10,テーオーソラネル,牡4,56.0,団野大成,1:59.6,クビ,9.4,5.0,494(-2),[西] 須貝尚介,202308030511
5,4,8,ロングラン,セ5,55.0,岩田康誠,1:59.8,1,11.6,6.0,478(-6),[東] 和田勇介,202308030511
6,7,13,ホウオウリアリティ,牡5,55.0,大野拓弥,1:59.8,ハナ,41.4,8.0,482(-2),[東] 高木登,202308030511
7,4,7,バジオウ,牡5,56.0,吉田豊,2:00.0,1.1/4,8.2,4.0,482(+10),[東] 田中博康,202308030511
8,2,4,シフルマン,牡7,56.0,国分恭介,2:00.1,1/2,134.5,14.0,516(+4),[西] 中尾秀正,202308030511
9,3,5,アサマノイタズラ,牡5,55.0,嶋田純次,2:00.2,1/2,49.4,10.0,500(-10),[東] 手塚貴久,202308030511
10,6,11,シャーレイポピー,牝5,53.0,池添謙一,2:00.3,1,68.8,11.0,452(0),[西] 石坂公一,202308030511
11,2,3,スパイラルノヴァ,牡5,55.0,藤岡康太,2:00.7,2.1/2,42.6,9.0,490(+6),[西] 藤岡健一,202308030511
12,3,6,レッドジェネシス,セ5,57.0,小崎綾也,2:00.9,1.1/2,111.2,13.0,486(-12),[西] 友道康夫,202308030511
13,7,14,ディアセオリー,牡6,55.0,藤岡佑介,2:01.0,クビ,201.4,15.0,494(-4),[東] 高木登,202308030511
14,5,9,コマンドライン,セ4,56.0,松若風馬,2:02.0,6,74.6,12.0,522(-4),[東] 武井亮,202308030511
15,6,12,プライドランド,牡7,55.0,和田竜二,2:02.7,4,33.5,7.0,484(+2),[西] 高野友和,202308030511
16,8,15,トップオブメジャー,牡7,54.0,国分優作,2:04.3,10,341.4,16.0,490(0),[西] 辻野泰之,202308030511
1,8,15,テンノメッセージ,牝3,55.0,坂井瑠星,1:34.4,,13.3,6.0,468(-4),[西] 高柳大輔,202308030512
2,5,9,シルヴァーデューク,牡3,57.0,川田将雅,1:34.9,3,2.3,1.0,456(-2),[西] 西村真幸,202308030512
3,7,12,レオンバローズ,牡4,58.0,団野大成,1:35.0,1/2,7.0,3.0,470(-4),[西] 渡辺薫彦,202308030512
4,2,3,ドリアード,牝5,55.0,角田大河,1:35.2,3/4,32.2,8.0,476(-10),[西] 佐々木晶,202308030512
5,6,11,ホウオウスミヨシ,牡4,58.0,古川吉洋,1:35.4,1.1/2,461.7,14.0,532(-4),[西] 宮徹,202308030512
6,4,7,ショウナンラタン,牡4,58.0,幸英明,1:35.4,クビ,224.7,12.0,492(-2),[西] 西園正都,202308030512
7,2,2,サトノリーベ,牝4,56.0,浜中俊,1:35.5,クビ,14.7,7.0,444(+8),[西] 藤原英昭,202308030512
8,3,5,シタン,牝4,54.0,田口貫太,1:35.5,アタマ,49.8,9.0,420(-10),[西] 吉岡辰弥,202308030512
9,6,10,マルモリディライト,牝3,51.0,河原田菜,1:35.7,1.1/2,141.9,11.0,464(-6),[西] 石橋守,202308030512
10,1,1,マルカシャルマン,牝3,52.0,今村聖奈,1:36.1,2,79.5,10.0,438(+12),[西] 浜田多実,202308030512
11,5,8,ワンリオン,牡4,58.0,松岡正海,1:36.5,2.1/2,245.9,13.0,484(+12),[西] 北出成人,202308030512
12,7,13,キタサンダムール,牝3,55.0,岩田望来,1:36.5,ハナ,3.8,2.0,482(-10),[西] 清水久詞,202308030512
13,3,4,マンデヴィラ,牝3,55.0,藤岡康太,1:36.5,ハナ,8.2,4.0,430(-2),[西] 友道康夫,202308030512
14,8,14,アルタビスタ,牝3,55.0,Ｍ．デム,1:36.6,3/4,13.1,5.0,466(+4),[西] 松永幹夫,202308030512
除,4,6,ゴーマックス,牡3,57.0,横山典弘,,,---,,502(+10),[西] 武幸四郎,202308030512
1,1,1,ロードマイライフ,牡2,56.0,モレイラ,1:09.6,,3.6,2.0,486(0),[西] 杉山晴紀,202308030601
2,5,10,オベイユアマスター,牡2,56.0,古川吉洋,1:09.8,1.1/4,8.0,3.0,442(+2),[西] 昆貢,202308030601
3,4,7,モズトキキ,牝2,55.0,岩田望来,1:09.8,クビ,13.2,4.0,540(-2),[西] 村山明,202308030601
4,3,5,レアンダー,牡2,54.0,田口貫太,1:09.9,1/2,65.8,9.0,462(0),[西] 大根田裕,202308030601
5,5,9,ミッキージャスミン,牝2,55.0,松山弘平,1:10.0,1/2,14.3,6.0,450(-4),[西] 音無秀孝,202308030601
6,6,12,ニシノミニョンヌ,牝2,51.0,河原田菜,1:10.1,3/4,23.2,7.0,404(+8),[西] 宮本博,202308030601
7,6,11,マーシャルテイル,牡2,56.0,ルメール,1:10.2,1/2,2.1,1.0,462(-2),[西] 池添学,202308030601
8,2,4,ハイディージェン,牡2,56.0,松若風馬,1:10.6,2,264.6,13.0,480(+2),[西] 森田直行,202308030601
9,4,8,ドルフィンスクエア,牝2,55.0,ムーア,1:10.6,アタマ,14.2,5.0,454(0),[西] 清水久詞,202308030601
10,7,13,リベルティーヌ,牝2,55.0,横山和生,1:10.7,1/2,204.8,11.0,410(+2),[西] 安田隆行,202308030601
11,1,2,ダイメイオトヒメ,牝2,55.0,秋山真一,1:10.7,クビ,154.7,10.0,492(+2),[西] 森田直行,202308030601
12,7,14,ダズリングレイ,牝2,55.0,幸英明,1:11.1,2.1/2,30.4,8.0,484(+8),[西] 加用正,202308030601
13,2,3,アマノメルシー,牝2,55.0,酒井学,1:11.2,3/4,300.6,14.0,418(-2),[西] 藤沢則雄,202308030601
14,8,16,シルバーブリッジ,牝2,55.0,鮫島克駿,1:11.5,1.3/4,243.2,12.0,404(0),[西] 杉山佳明,202308030601
15,8,15,カシノフロイデ,牝2,55.0,森裕太朗,1:11.8,2,594.6,15.0,428(+6),[西] 藤沢則雄,202308030601
取,3,6,レディーズナイト,牝2,55.0,藤岡康太,,,---,,計不,[西] 鮫島一歩,202308030601
1,6,11,オーシンハーフ,牡2,56.0,団野大成,1:53.7,,3.5,2.0,460(-2),[西] 池添学,202308030602
2,1,2,トモジャザーン,牡2,54.0,田口貫太,1:53.8,1,12.9,5.0,484(-2),[西] 大根田裕,202308030602
3,2,4,ネバーモア,牝2,55.0,藤岡康太,1:54.2,2.1/2,29.9,7.0,488(+28),[西] 宮本博,202308030602
4,7,14,ベルウェザー,牡2,56.0,西村淳也,1:54.5,1.3/4,2.9,1.0,484(-4),[西] 茶木太樹,202308030602
5,8,16,シーリュウシー,牡2,56.0,幸英明,1:54.7,1.1/4,8.2,4.0,488(0),[西] 岡田稲男,202308030602
6,8,15,マテンロウガーデン,牡2,56.0,横山典弘,1:54.9,1.1/4,68.5,11.0,502(+2),[西] 武英智,202308030602
7,5,9,サンライズマウレア,牡2,55.0,角田大河,1:55.0,クビ,30.4,8.0,460(0),[西] 河内洋,202308030602
8,2,3,カズタンジャー,牡2,56.0,岩田望来,1:55.0,ハナ,18.9,6.0,484(-4),[西] 新谷功一,202308030602
9,1,1,ランゲル,牝2,55.0,和田竜二,1:55.4,2.1/2,250.7,13.0,448(0),[西] 鈴木孝志,202308030602
10,3,6,フォージドブリック,牡2,56.0,Ｍ．デム,1:55.5,3/4,106.9,12.0,536(+8),[西] 森田直行,202308030602
11,3,5,ソウルプラウド,牡2,56.0,北村友一,1:55.8,2,43.6,10.0,484(+6),[西] 高橋亮,202308030602
12,5,10,ダイゴホマレリュウ,牡2,56.0,荻野琢真,1:57.1,8,430.9,14.0,520(+10),[西] 小林真也,202308030602
13,6,12,ラインフォルテ,牡2,56.0,鮫島克駿,1:57.2,1/2,30.8,9.0,480(-4),[西] 長谷川浩,202308030602
14,4,8,ダイヤフレンド,牝2,55.0,森裕太朗,1:57.4,3/4,861.0,16.0,478(-4),[西] 羽月友彦,202308030602
15,7,13,シンゼンワカミヤ,牡2,56.0,城戸義政,1:58.1,4,609.7,15.0,462(-4),[西] 荒川義之,202308030602
中,4,7,ウィルソンウェイ,牡2,56.0,ムーア,,,6.1,3.0,468(+6),[西] 斉藤崇史,202308030602
1,7,10,サンセットビュー,牝2,55.0,ルメール,1:49.0,,8.3,5.0,456(+12),[西] 新谷功一,202308030603
2,6,7,ウォータープイプイ,牝2,55.0,幸英明,1:49.2,1.1/4,60.6,7.0,464(-8),[西] 岡田稲男,202308030603
3,4,4,エラトー,牝2,55.0,モレイラ,1:49.2,アタマ,3.9,2.0,486(0),[西] 上村洋行,202308030603
4,7,9,ザブライド,牝2,55.0,川田将雅,1:49.4,1.1/4,3.1,1.0,466(-10),[西] 西村真幸,202308030603
5,2,2,ラガークイン,牝2,55.0,坂井瑠星,1:49.4,ハナ,4.0,3.0,406(+4),[西] 大久保龍,202308030603
6,5,5,トウカイレイナ,牝2,55.0,酒井学,1:49.9,3,246.3,10.0,484(-8),[西] 長谷川浩,202308030603
7,8,11,ショウナンラジョア,牝2,55.0,松若風馬,1:49.9,クビ,196.0,9.0,472(+4),[西] 梅田智之,202308030603
8,5,6,ダンツハマー,牝2,55.0,和田翼,1:50.2,1.1/2,688.5,12.0,458(-2),[西] 谷潔,202308030603
9,3,3,ウィスピースノー,牝2,55.0,岩田望来,1:50.6,2.1/2,67.7,8.0,448(+2),[西] 今野貞一,202308030603
10,1,1,サクセスカノン,牝2,55.0,池添謙一,1:50.6,クビ,7.4,4.0,428(+8),[西] 北出成人,202308030603
11,6,8,マルモリミッション,牝2,53.0,田口貫太,1:50.8,1,493.9,11.0,488(-8),[西] 大橋勇樹,202308030603
12,8,12,ヴァーニャ,牝2,55.0,Ｍ．デム,1:52.3,9,13.7,6.0,482(-2),[西] 杉山佳明,202308030603
1,1,1,シヴァース,牡2,56.0,ルメール,1:38.0,,2.1,1.0,442(0),[西] 友道康夫,202308030604
2,6,8,ナイトスラッガー,牡2,56.0,和田竜二,1:38.0,クビ,6.0,3.0,522(0),[西] 小栗実,202308030604
3,8,12,サダメ,牝2,55.0,幸英明,1:38.1,クビ,25.1,6.0,454(0),[西] 畑端省吾,202308030604
4,6,9,マンチェスター,牡2,56.0,Ｍ．デム,1:38.4,2,49.1,8.0,448(0),[西] 高橋義忠,202308030604
5,7,10,サウンドヴェール,牝2,55.0,城戸義政,1:38.6,1.1/4,21.0,5.0,474(0),[西] 安達昭夫,202308030604
6,4,4,カルテメトレス,牝2,55.0,加藤祥太,1:38.6,クビ,93.3,10.0,464(0),[西] 梅田智之,202308030604
7,4,5,ビリーヴサンライズ,牝2,55.0,松若風馬,1:38.7,クビ,111.5,11.0,460(0),[西] 音無秀孝,202308030604
8,5,7,バーケンティン,牡2,56.0,北村友一,1:38.8,1/2,7.5,4.0,482(0),[西] 平田修,202308030604
9,3,3,エルミラージュ,牡2,56.0,モレイラ,1:38.8,クビ,4.2,2.0,482(0),[西] 池江泰寿,202308030604
10,2,2,スワルナパクシャ,牝2,55.0,鮫島克駿,1:39.0,1.1/4,25.7,7.0,412(0),[西] 橋口慎介,202308030604
11,5,6,ヤマカツパルフェ,牝2,55.0,和田翼,1:39.1,1/2,415.3,13.0,446(0),[西] 谷潔,202308030604
12,8,13,ラストフロンティア,牡2,56.0,坂井瑠星,1:39.5,2.1/2,128.6,12.0,426(0),[西] 吉田直弘,202308030604
13,7,11,セルリアンゲーゲン,牡2,56.0,酒井学,1:39.7,1,83.7,9.0,460(0),[西] 谷潔,202308030604
1,5,5,アドマイヤテラ,牡2,56.0,川田将雅,2:03.3,,6.9,5.0,494(0),[西] 友道康夫,202308030605
2,6,6,ウインリベラーレ,牡2,56.0,松山弘平,2:03.6,1.3/4,6.8,4.0,440(0),[西] 宮徹,202308030605
3,2,2,カリーニョ,牡2,56.0,モレイラ,2:03.7,3/4,2.4,1.0,464(0),[西] 杉山晴紀,202308030605
4,7,7,アスタラビスタ,牡2,56.0,ルメール,2:03.8,1/2,4.7,3.0,452(0),[西] 新谷功一,202308030605
5,4,4,エピファドール,牝2,55.0,坂井瑠星,2:04.0,1.1/2,4.4,2.0,478(0),[西] 石橋守,202308030605
6,1,1,ゴージョニーゴー,牡2,56.0,岩田望来,2:04.3,1.3/4,32.8,6.0,508(0),[西] 四位洋文,202308030605
7,3,3,トゥラッタッタ,牡2,56.0,Ｍ．デム,2:04.6,2,33.5,7.0,468(0),[西] 石坂公一,202308030605
1,5,8,パンデアスカル,牡3,56.0,ルメール,2:00.2,,5.4,4.0,500(+6),[西] 高野友和,202308030606
2,8,14,カフェノワール,牝3,54.0,モレイラ,2:00.2,クビ,3.6,1.0,468(+2),[西] 池江泰寿,202308030606
3,7,12,ロードマゼラン,牡4,58.0,松山弘平,2:00.3,1/2,4.0,2.0,512(+8),[西] 奥村豊,202308030606
4,4,7,エアフォースワン,牡4,58.0,幸英明,2:00.5,3/4,34.5,8.0,470(+6),[西] 大根田裕,202308030606
5,3,4,ダイヤグラフ,牡3,56.0,藤岡康太,2:00.5,クビ,4.4,3.0,482(+2),[西] 角田晃一,202308030606
6,6,10,マサハヤウォルズ,牡3,56.0,和田竜二,2:00.6,クビ,12.0,6.0,466(-4),[西] 今野貞一,202308030606
7,8,15,ニホンピロペリー,牡4,56.0,田口貫太,2:00.7,1/2,43.1,9.0,516(+10),[西] 大橋勇樹,202308030606
8,5,9,フロンタルジェダイ,牡4,58.0,鮫島克駿,2:01.0,1.3/4,10.4,5.0,534(+2),[西] 高橋義忠,202308030606
9,2,2,サンデーヒーロー,牡3,56.0,坂井瑠星,2:01.2,1.1/4,108.0,11.0,480(-14),[西] 中村直也,202308030606
10,3,5,ヒロシクン,セ4,58.0,松田大作,2:01.3,3/4,22.3,7.0,546(+2),[西] 宮本博,202308030606
11,2,3,マーブルロック,牡3,52.0,河原田菜,2:01.6,1.1/2,108.8,12.0,504(+2),[西] 西園正都,202308030606
12,7,13,クラップサンダー,牡4,57.0,角田大河,2:01.7,1/2,267.3,13.0,454(+2),[西] 牧田和弥,202308030606
13,4,6,ナムラスワガー,牡5,58.0,城戸義政,2:02.5,5,427.7,15.0,494(+10),[西] 荒川義之,202308030606
14,1,1,スマートウィザード,牡6,58.0,西村淳也,2:02.6,1/2,83.3,10.0,486(0),[西] 吉田直弘,202308030606
15,6,11,シャイニーゼネラル,セ3,53.0,今村聖奈,2:08.7,大,305.7,14.0,448(-4),[東] 武井亮,202308030606
1,8,15,メテオリート,牝3,54.0,ルメール,1:52.3,,2.1,1.0,496(0),[西] 吉岡辰弥,202308030607
2,6,11,ヘニータイフーン,牝3,54.0,団野大成,1:52.3,クビ,5.4,3.0,486(0),[西] 中村直也,202308030607
3,5,10,サノノエスポ,牝3,54.0,坂井瑠星,1:52.5,1.1/4,6.9,4.0,446(-4),[東] 中野栄治,202308030607
4,5,9,ラニカイ,牝4,52.0,河原田菜,1:52.6,クビ,68.9,11.0,508(0),[西] 松永幹夫,202308030607
5,4,7,メイショウポペット,牝3,53.0,角田大河,1:52.9,1.3/4,4.7,2.0,490(+24),[西] 角田晃一,202308030607
6,7,14,タガノカンデラ,牝4,56.0,西村淳也,1:53.1,1.1/4,38.9,7.0,470(+8),[西] 奥村豊,202308030607
7,1,1,ラレイナ,牝5,56.0,和田竜二,1:53.1,ハナ,64.2,10.0,450(-10),[東] 嘉藤貴行,202308030607
8,3,5,ベリーヴィーナス,牝4,56.0,松山弘平,1:53.4,2,17.9,6.0,492(0),[西] 鈴木孝志,202308030607
9,7,13,ヴェールアップ,牝5,56.0,鮫島克駿,1:53.5,1/2,151.0,15.0,496(+6),[西] 橋口慎介,202308030607
10,2,3,ウインメイフラワー,牝4,56.0,松若風馬,1:53.7,1.1/4,62.6,9.0,490(+4),[西] 梅田智之,202308030607
11,6,12,ヴァンルーラー,牝4,54.0,田口貫太,1:53.9,1,16.3,5.0,466(+4),[西] 吉岡辰弥,202308030607
12,8,16,マテンロウアイ,牝4,53.0,今村聖奈,1:53.9,クビ,119.2,13.0,536(+4),[西] 寺島良,202308030607
13,4,8,バライロノキセキ,牝5,56.0,池添謙一,1:54.0,1/2,40.7,8.0,506(+4),[西] 中竹和也,202308030607
14,2,4,バーリンギャップ,牝4,56.0,藤岡康太,1:54.1,1/2,125.7,14.0,494(-8),[東] 萩原清,202308030607
15,1,2,クリノニキータ,牝6,56.0,幸英明,1:54.3,1,254.5,16.0,488(+6),[西] 大根田裕,202308030607
16,3,6,ルミネイト,牝4,56.0,岩田望来,1:57.2,大,75.1,12.0,506(+6),[西] 千田輝彦,202308030607
1,8,15,ミラクル,牝5,56.0,松若風馬,1:12.2,,6.7,3.0,480(+6),[西] 加用正,202308030608
2,7,12,カネコメシスター,牝4,56.0,団野大成,1:12.2,アタマ,51.4,11.0,502(+12),[西] 中尾秀正,202308030608
3,5,9,サウスジェラート,牝5,56.0,横山典弘,1:12.3,1/2,51.9,12.0,476(+2),[東] 伊坂重信,202308030608
4,3,4,ロードラディウス,牡3,57.0,西村淳也,1:12.4,1/2,2.4,1.0,478(0),[西] 森田直行,202308030608
5,8,14,グランデフィオーレ,牝5,56.0,鮫島克駿,1:12.5,クビ,8.9,5.0,474(+6),[西] 西園翔太,202308030608
6,3,5,メイショウイジゲン,牡5,58.0,鮫島良太,1:12.6,1/2,32.5,9.0,460(+2),[西] 牧浦充徳,202308030608
7,4,7,オースミメッシーナ,牝4,56.0,幸英明,1:12.6,クビ,23.0,8.0,456(+2),[西] 宮本博,202308030608
8,6,10,プレイテシア,牝4,54.0,田口貫太,1:12.7,1/2,17.0,6.0,432(0),[西] 羽月友彦,202308030608
9,5,8,ルシャリーブル,牝5,56.0,和田竜二,1:12.8,3/4,19.6,7.0,456(+24),[西] 鈴木孝志,202308030608
10,1,1,マイトレジャーフジ,牡5,58.0,北村友一,1:12.9,1/2,111.7,13.0,478(+6),[西] 牧田和弥,202308030608
11,6,11,フェズカズマ,牡4,58.0,坂井瑠星,1:13.2,1.3/4,5.5,2.0,488(+2),[西] 安田隆行,202308030608
12,2,2,ゲンパチレオニダス,牡4,55.0,今村聖奈,1:13.3,1,185.4,14.0,504(+6),[西] 牧浦充徳,202308030608
13,2,3,メイショウナナクサ,牝3,55.0,松山弘平,1:13.4,クビ,7.3,4.0,432(+2),[西] 笹田和秀,202308030608
14,4,6,ルクスランページ,牡4,58.0,酒井学,1:13.6,1,300.3,15.0,482(+5),[西] 村山明,202308030608
15,7,13,テンクウフラワー,牝4,52.0,河原田菜,1:14.5,5,35.2,10.0,444(+6),[西] 渡辺薫彦,202308030608
1,3,3,ダノンマッキンリー,牡2,56.0,川田将雅,1:20.7,,1.8,1.0,464(0),[西] 藤原英昭,202308030609
2,1,1,タイセイレスポンス,牡2,56.0,モレイラ,1:21.1,2.1/2,23.4,6.0,480(+6),[西] 安田翔伍,202308030609
3,5,5,デルシエロ,牡2,56.0,坂井瑠星,1:21.2,1/2,27.3,7.0,402(+2),[西] 清水久詞,202308030609
4,2,2,レーヴジーニアル,牡2,56.0,横山和生,1:21.3,1/2,4.8,3.0,472(-4),[西] 松永幹夫,202308030609
5,4,4,アスティスプマンテ,牝2,55.0,西村淳也,1:21.4,クビ,16.1,4.0,420(+2),[西] 杉山晴紀,202308030609
6,6,6,ビップジーニー,牡2,56.0,和田竜二,1:21.5,1/2,22.5,5.0,472(-4),[西] 松下武士,202308030609
7,7,7,フェンダー,牡2,56.0,ルメール,1:21.6,1/2,4.2,2.0,506(+2),[西] 斉藤崇史,202308030609
8,8,8,フェリシス,牝2,55.0,山本咲希,1:22.6,6,245.1,8.0,454(+6),[地] 石橋満,202308030609
1,2,4,ウインスノーライト,牡3,54.0,長岡禎仁,1:59.6,,4.5,2.0,484(+12),[西] 杉山晴紀,202308030610
2,4,8,ドットクルー,牡3,55.0,松山弘平,1:59.9,1.1/2,15.5,6.0,458(-6),[西] 笹田和秀,202308030610
3,6,11,サクセスドレーク,牡4,57.0,藤岡康太,1:59.9,クビ,3.6,1.0,514(+12),[西] 野中賢二,202308030610
4,3,5,ショウナンアデイブ,牡4,56.0,モレイラ,1:59.9,ハナ,4.7,3.0,510(+2),[西] 高野友和,202308030610
5,7,13,エイトキングゴッド,牡3,54.0,古川吉洋,2:00.1,1,165.4,14.0,474(+2),[東] 青木孝文,202308030610
6,4,7,ブリンク,牝5,53.0,西村淳也,2:00.2,1/2,29.9,8.0,484(-4),[西] 吉岡辰弥,202308030610
7,1,2,セグレドスペリオル,牡7,54.0,松若風馬,2:00.2,ハナ,123.2,13.0,488(+22),[西] 宮本博,202308030610
8,5,10,マッハモンルード,牝5,52.0,酒井学,2:00.3,1/2,29.5,7.0,508(0),[西] 斉藤崇史,202308030610
9,2,3,シンシアリダーリン,牝5,54.0,角田大河,2:00.3,ハナ,31.5,10.0,448(-2),[西] 上村洋行,202308030610
10,6,12,ワレハウミノコ,牝3,53.0,坂井瑠星,2:00.3,クビ,6.2,4.0,450(+10),[西] 武英智,202308030610
11,1,1,ゲンパチムサシ,牡5,55.0,岩田望来,2:00.4,1/2,39.6,11.0,510(+8),[西] 佐々木晶,202308030610
12,7,14,シゲルローズマリー,セ4,54.0,高倉稜,2:00.5,3/4,191.7,16.0,466(+8),[西] 渡辺薫彦,202308030610
13,3,6,スズカハービン,牡3,54.0,Ｍ．デム,2:00.5,クビ,31.0,9.0,462(+4),[西] 高橋義忠,202308030610
14,5,9,アサケエース,牡6,53.0,田口貫太,2:00.6,クビ,80.4,12.0,446(+10),[西] 大橋勇樹,202308030610
15,8,16,ビルボードクィーン,牝5,52.0,北村友一,2:00.6,クビ,294.8,17.0,454(-2),[西] 小崎憲,202308030610
16,8,15,キボウノダイチ,セ8,51.0,田中健,2:02.3,10,185.1,15.0,514(+22),[西] 飯田雄三,202308030610
17,8,17,スカーズ,牡3,54.0,団野大成,2:02.5,1.1/4,7.9,5.0,492(-6),[西] 武幸四郎,202308030610
1,8,16,ナミュール,牝4,56.0,藤岡康太,1:32.5,,17.3,5.0,454(0),[西] 高野友和,202308030611
2,1,1,ソウルラッシュ,牡5,58.0,モレイラ,1:32.5,クビ,5.8,3.0,508(+2),[西] 池江泰寿,202308030611
3,3,5,ジャスティンカフェ,牡5,58.0,坂井瑠星,1:32.6,1/2,27.5,7.0,504(+4),[西] 安田翔伍,202308030611
4,4,7,エルトンバローズ,牡3,57.0,西村淳也,1:32.7,3/4,7.5,4.0,514(+8),[西] 杉山晴紀,202308030611
5,3,6,ダノンザキッド,牡5,58.0,北村友一,1:32.8,クビ,24.9,6.0,540(+8),[西] 安田隆行,202308030611
6,8,15,イルーシヴパンサー,牡5,58.0,岩田望来,1:32.8,クビ,102.8,11.0,480(0),[東] 久保田貴,202308030611
7,5,9,シュネルマイスター,牡5,58.0,ルメール,1:32.9,1/2,2.5,1.0,504(+4),[東] 手塚貴久,202308030611
8,6,11,セリフォス,牡4,58.0,川田将雅,1:32.9,ハナ,3.2,2.0,490(+4),[西] 中内田充,202308030611
9,6,12,レッドモンレーヴ,牡4,58.0,横山和生,1:33.0,クビ,28.5,8.0,498(-8),[東] 蛯名正義,202308030611
10,2,4,エエヤン,牡3,57.0,Ｍ．デム,1:33.7,4,49.8,10.0,488(0),[東] 伊藤大士,202308030611
11,1,2,ビーアストニッシド,牡4,58.0,和田竜二,1:33.8,3/4,299.8,16.0,490(+2),[西] 飯田雄三,202308030611
12,4,8,ソーヴァリアント,牡5,58.0,池添謙一,1:33.8,ハナ,38.1,9.0,498(-6),[東] 大竹正博,202308030611
13,2,3,ダノンスコーピオン,牡4,58.0,団野大成,1:34.0,1.1/4,191.8,15.0,462(+2),[西] 安田隆行,202308030611
14,5,10,マテンロウオリオン,牡4,58.0,横山典弘,1:34.2,1,172.8,13.0,480(-2),[西] 昆貢,202308030611
15,7,14,バスラットレオン,牡5,58.0,鮫島克駿,1:34.6,2.1/2,177.8,14.0,498(+9),[西] 矢作芳人,202308030611
16,7,13,セルバーグ,牡4,58.0,松山弘平,1:34.8,1.1/4,153.5,12.0,436(+4),[西] 鈴木孝志,202308030611
1,7,11,テーオーステルス,牡4,58.0,川田将雅,1:24.0,,5.1,2.0,540(0),[西] 奥村豊,202308030612
2,4,5,タマモダイジョッキ,牡5,58.0,ルメール,1:24.0,クビ,3.0,1.0,482(-8),[西] 緒方努,202308030612
3,5,7,ステラフィオーレ,牝4,56.0,松山弘平,1:24.1,1/2,9.5,5.0,480(-2),[西] 小栗実,202308030612
4,5,8,メズメライザー,セ4,58.0,岩田望来,1:24.4,1.1/2,13.6,7.0,528(+8),[西] 千田輝彦,202308030612
5,7,12,ヴアーサ,牡5,58.0,松若風馬,1:24.4,ハナ,6.1,3.0,462(+2),[西] 鮫島一歩,202308030612
6,8,14,テイエムランウェイ,牡4,58.0,Ｍ．デム,1:24.6,1.1/4,39.2,10.0,490(-4),[西] 飯田雄三,202308030612
7,1,1,フォーチュンテラー,牡4,58.0,鮫島克駿,1:24.6,クビ,7.5,4.0,478(-4),[西] 浜田多実,202308030612
8,6,10,ペプチドヤマト,牡4,58.0,坂井瑠星,1:25.0,2.1/2,26.4,9.0,480(-12),[西] 武英智,202308030612
9,3,3,メイショウオーギシ,牡6,58.0,横山典弘,1:25.1,1/2,190.0,12.0,492(-4),[西] 飯田祐史,202308030612
10,2,2,クレスコジョケツ,牝4,56.0,幸英明,1:25.2,クビ,209.0,13.0,476(-6),[西] 木原一良,202308030612
11,8,13,ビアイ,牝6,56.0,川須栄彦,1:25.3,1/2,71.4,11.0,522(-8),[西] 畑端省吾,202308030612
12,3,4,ショウリュウレーヴ,牡5,58.0,団野大成,1:25.5,1.1/4,15.8,8.0,510(0),[西] 佐々木晶,202308030612
13,4,6,ランドボルケーノ,牡5,58.0,北村友一,1:26.2,4,294.5,14.0,490(-2),[西] 安達昭夫,202308030612
14,6,9,プレミアムスマイル,牝4,56.0,モレイラ,1:26.9,4,9.6,6.0,502(+10),[西] 池添学,202308030612
1,6,11,ローザサンリヴァル,牡2,56.0,モレイラ,1:54.4,,2.0,1.0,492(+2),[西] 高野友和,202308030701
2,8,15,メードス,牡2,56.0,横山和生,1:54.8,2.1/2,10.7,5.0,490(-4),[西] 上村洋行,202308030701
3,4,8,カセノルーパス,牡2,54.0,田口貫太,1:54.9,1/2,7.1,3.0,470(0),[西] 中尾秀正,202308030701
4,5,9,キングオブフジ,牡2,55.0,角田大和,1:55.6,4,6.6,2.0,488(-8),[西] 角田晃一,202308030701
5,3,5,グラティアスミノル,牡2,53.0,永島まな,1:55.8,1.1/2,14.8,6.0,490(-2),[西] 北出成人,202308030701
6,5,10,アマミツツキ,牝2,55.0,古川吉洋,1:56.2,2.1/2,18.7,7.0,472(-2),[西] 宮本博,202308030701
7,7,14,オテンバムスメ,牝2,55.0,亀田温心,1:56.6,2.1/2,393.0,15.0,440(+2),[西] 北出成人,202308030701
8,1,1,アシャカブラン,牡2,56.0,幸英明,1:56.9,2,7.3,4.0,506(-6),[西] 大根田裕,202308030701
9,3,6,コウユーカメサンヨ,牡2,56.0,団野大成,1:57.1,1.1/4,179.5,11.0,504(+6),[西] 斉藤崇史,202308030701
10,1,2,シセイダイキ,牡2,56.0,松田大作,1:57.6,3,205.3,12.0,502(+2),[西] 北出成人,202308030701
11,7,13,ジョーインテビット,牡2,53.0,今村聖奈,1:57.6,クビ,51.8,8.0,550(+4),[西] 中竹和也,202308030701
12,2,3,ブリーズアップ,牡2,53.0,鷲頭虎太,1:58.8,7,762.9,16.0,440(-2),[西] 坂口智康,202308030701
13,2,4,カレンデリスモンド,牡2,56.0,和田竜二,1:59.0,3/4,87.2,9.0,478(-6),[西] 平田修,202308030701
14,8,16,ディーズミソロジー,牝2,55.0,松山弘平,1:59.1,1/2,234.2,14.0,434(-8),[西] 岡田稲男,202308030701
15,4,7,クリノフロンティア,牡2,52.0,河原田菜,1:59.2,1/2,208.1,13.0,426(+16),[西] 松永昌博,202308030701
16,6,12,キムケンハッピー,牝2,51.0,古川奈穂,1:59.3,クビ,136.3,10.0,486(0),[西] 矢作芳人,202308030701
1,5,7,フェリーニ,牡2,56.0,松山弘平,1:36.1,,20.5,5.0,506(0),[西] 橋口慎介,202308030702
2,3,3,キャプテンシー,牡2,56.0,鮫島克駿,1:36.3,1,6.4,2.0,466(+12),[西] 松永幹夫,202308030702
3,8,12,ニックオブタイム,牡2,56.0,川田将雅,1:36.3,ハナ,1.3,1.0,472(0),[西] 中内田充,202308030702
4,5,6,クラリオ,牝2,55.0,和田竜二,1:36.7,2.1/2,76.2,8.0,444(+6),[西] 吉村圭司,202308030702
5,6,9,プルミエプランタン,牡2,56.0,川須栄彦,1:36.9,1.1/4,76.0,7.0,492(0),[西] 音無秀孝,202308030702
6,4,5,ソルセルリ,牝2,55.0,横山和生,1:36.9,クビ,29.9,6.0,414(+6),[西] 安田隆行,202308030702
7,2,2,ダイシンアレス,牡2,56.0,北村友一,1:37.2,1.3/4,18.8,4.0,466(+2),[西] 庄野靖志,202308030702
8,7,11,ペイシャラブリー,牝2,52.0,永島まな,1:37.2,クビ,295.5,10.0,444(-8),[西] 高橋康之,202308030702
9,6,8,メイショウシオン,牝2,54.0,角田大河,1:37.2,アタマ,503.5,12.0,472(+2),[西] 石橋守,202308030702
10,8,13,ウィッシュドリーム,牡2,56.0,高倉稜,1:37.5,1.1/2,255.3,9.0,452(+4),[西] 中尾秀正,202308030702
11,1,1,エロース,牡2,56.0,モレイラ,1:37.6,3/4,6.9,3.0,498(-2),[西] 池江泰寿,202308030702
12,4,4,クリノクレセント,牡2,54.0,田口貫太,1:38.0,2.1/2,556.3,13.0,426(+6),[西] 谷潔,202308030702
13,7,10,イムナラムール,牝2,55.0,松若風馬,1:38.3,2,381.5,11.0,480(+6),[西] 佐々木晶,202308030702
1,5,7,ジャスティンアース,牡2,56.0,松山弘平,1:48.4,,3.4,2.0,480(-4),[西] 杉山晴紀,202308030703
2,2,2,インファイター,牡2,56.0,坂井瑠星,1:48.7,1.3/4,3.5,3.0,488(-2),[西] 高野友和,202308030703
3,5,8,ミッキースターダム,牡2,56.0,川田将雅,1:48.9,1,2.3,1.0,466(+24),[西] 音無秀孝,202308030703
4,6,9,ラビットアイ,牝2,55.0,横山典弘,1:48.9,クビ,27.0,5.0,490(+2),[西] 鈴木孝志,202308030703
5,7,12,キョウワレイホープ,牝2,55.0,中井裕二,1:49.4,3,428.9,11.0,454(-4),[西] 佐々木晶,202308030703
6,6,10,ウインオーブ,牡2,54.0,田口貫太,1:49.5,1/2,376.8,10.0,432(-4),[西] 宮本博,202308030703
7,8,14,マサハヤヴォス,牡2,53.0,永島まな,1:49.5,クビ,69.2,6.0,458(+4),[西] 今野貞一,202308030703
8,8,13,サトノジーニー,牡2,56.0,幸英明,1:49.6,1/2,431.5,12.0,452(+8),[西] 橋口慎介,202308030703
9,7,11,ゲインサポート,牡2,56.0,モレイラ,1:49.6,クビ,8.9,4.0,452(+2),[西] 斉藤崇史,202308030703
10,4,5,フィッツロイ,牡2,56.0,富田暁,1:49.7,3/4,168.1,9.0,462(0),[西] 矢作芳人,202308030703
11,4,6,ヴェッターホルン,牡2,56.0,和田竜二,1:50.2,3,125.3,7.0,458(-8),[西] 吉田直弘,202308030703
12,3,4,マルカビクトリー,牡2,55.0,小沢大仁,1:50.2,クビ,468.7,13.0,456(-2),[西] 松永昌博,202308030703
13,3,3,ディフェリ,牝2,55.0,鮫島克駿,1:50.3,クビ,139.4,8.0,386(-10),[西] 松永幹夫,202308030703
14,1,1,ヒシアマレット,牝2,51.0,河原田菜,1:53.0,大,604.5,14.0,388(+4),[西] 清水久詞,202308030703
1,6,6,メイショウキリモン,牡5,60.0,森一馬,3:19.6,,2.0,1.0,482(0),[西] 荒川義之,202308030704
2,8,9,ヘイセイメジャー,牡6,60.0,小野寺祐,3:20.7,7,10.2,4.0,498(+8),[西] 木原一良,202308030704
3,5,5,スマートルミエール,牡6,60.0,五十嵐雄,3:22.2,9,5.7,3.0,448(-4),[東] 高橋文雅,202308030704
4,2,2,ニャンチンノン,牡4,60.0,中村将之,3:23.5,8,23.3,7.0,470(-4),[西] 中竹和也,202308030704
5,7,8,アズマサクラエモン,牡3,58.0,難波剛健,3:24.3,5,17.3,5.0,522(+4),[西] 加用正,202308030704
6,8,10,エンジェルラウンド,牝3,56.0,上野翔,3:24.5,1,19.1,6.0,446(+4),[東] 新開幸一,202308030704
7,3,3,オノーレペスカ,牝7,58.0,大江原圭,3:24.9,2.1/2,151.2,9.0,454(-6),[東] 小桧山悟,202308030704
8,7,7,ゴーツウキリシマ,牝3,56.0,黒岩悠,3:27.1,大,79.0,8.0,466(+23),[西] 牧田和弥,202308030704
中,1,1,ソリタリオ,牡4,60.0,小牧加矢,,,3.1,2.0,484(+6),[西] 西村真幸,202308030704
除,4,4,ウェンス,牡3,58.0,草野太郎,,,---,,436(+2),[東] 杉浦宏昭,202308030704
1,6,8,ヤマニンアストロン,牡2,55.0,角田大河,1:22.6,,2.7,1.0,478(0),[西] 石橋守,202308030705
2,5,6,グローブアマランス,牝2,55.0,浜中俊,1:22.9,2,8.2,4.0,458(0),[西] 中尾秀正,202308030705
3,5,5,ラブリーサイン,牝2,55.0,Ｍ．デム,1:23.4,3,8.2,5.0,498(0),[西] 牧浦充徳,202308030705
4,7,10,ヴィダル,牝2,55.0,坂井瑠星,1:23.4,アタマ,4.7,2.0,448(0),[西] 寺島良,202308030705
5,3,3,グランテレーズ,牝2,55.0,松山弘平,1:23.5,クビ,5.4,3.0,450(0),[西] 渡辺薫彦,202308030705
6,2,2,シャッフルガール,牝2,55.0,鮫島克駿,1:23.5,クビ,26.7,7.0,460(0),[西] 森田直行,202308030705
7,8,11,サマードリーム,牝2,55.0,藤懸貴志,1:23.8,1.3/4,40.5,9.0,434(0),[西] 高橋義忠,202308030705
8,7,9,オーシーズウォーム,牝2,55.0,古川吉洋,1:24.0,1,30.3,8.0,402(0),[西] 四位洋文,202308030705
9,1,1,サンティヨン,牡2,56.0,幸英明,1:24.3,1.3/4,13.6,6.0,444(0),[西] 大根田裕,202308030705
10,6,7,エムアイマシュー,牡2,52.0,河原田菜,1:25.4,7,138.3,10.0,484(0),[東] 青木孝文,202308030705
11,8,12,チョウカンセイ,牡2,56.0,城戸義政,1:25.7,1.3/4,216.1,12.0,438(0),[西] 羽月友彦,202308030705
12,4,4,ハッピーメイク,牝2,53.0,田口貫太,1:26.4,4,163.7,11.0,444(0),[西] 畑端省吾,202308030705
1,7,9,メイショウヤーキス,牡2,56.0,横山和生,1:12.8,,4.4,2.0,458(0),[西] 飯田祐史,202308030706
2,6,7,メイショウヴァイゼ,牡2,56.0,城戸義政,1:12.8,アタマ,34.7,9.0,508(0),[西] 安達昭夫,202308030706
3,7,10,クインズデネブ,牝2,55.0,藤懸貴志,1:12.9,クビ,47.4,10.0,414(0),[東] 小島茂之,202308030706
4,4,4,トウカイポワール,牝2,55.0,亀田温心,1:13.2,1.1/2,2.3,1.0,440(0),[西] 北出成人,202308030706
5,5,5,メイショウロージー,牝2,54.0,角田大河,1:13.5,1.3/4,6.3,3.0,458(0),[西] 石橋守,202308030706
6,5,6,シンパティカ,牝2,55.0,横山典弘,1:14.4,5,17.6,6.0,404(0),[西] 昆貢,202308030706
7,3,3,タマモワンカラット,牝2,55.0,国分恭介,1:15.3,5,59.5,11.0,466(0),[西] 茶木太樹,202308030706
8,2,2,カフジホルミウム,牡2,56.0,富田暁,1:15.3,クビ,14.2,5.0,506(0),[西] 木原一良,202308030706
9,6,8,ジャイサルメール,牡2,54.0,田口貫太,1:15.3,アタマ,29.4,8.0,508(0),[西] 佐々木晶,202308030706
10,1,1,スマッシュヒット,牡2,56.0,松山弘平,1:15.4,1/2,9.3,4.0,536(0),[西] 庄野靖志,202308030706
11,8,11,バニッツア,牝2,52.0,永島まな,1:15.5,クビ,23.4,7.0,374(0),[西] 牧田和弥,202308030706
12,8,12,カシノキャッツアイ,牝2,55.0,森裕太朗,1:17.3,大,242.5,12.0,450(0),[西] 藤沢則雄,202308030706
1,6,9,サムハンター,牡5,58.0,横山典弘,1:52.7,,33.5,9.0,496(+10),[西] 高橋康之,202308030707
2,3,4,サンマルパトロール,牡3,54.0,田口貫太,1:53.0,1.3/4,8.9,6.0,478(0),[西] 大橋勇樹,202308030707
3,4,6,ダイヤグラフ,牡3,56.0,松若風馬,1:53.0,クビ,12.6,7.0,484(+2),[西] 角田晃一,202308030707
4,2,2,メイショウコガシラ,牡3,56.0,団野大成,1:53.1,クビ,8.1,4.0,496(+10),[西] 本田優,202308030707
5,3,3,スカパラダイス,牡3,56.0,モレイラ,1:53.1,ハナ,3.1,1.0,466(+6),[西] 寺島良,202308030707
6,5,8,バックトゥザライト,牡3,56.0,松山弘平,1:53.4,1.3/4,6.5,3.0,522(+14),[西] 辻野泰之,202308030707
7,7,11,カライカマウリオラ,牡4,58.0,国分恭介,1:53.4,クビ,59.9,12.0,476(+2),[西] 西園翔太,202308030707
8,5,7,ソウルユニバンス,セ6,58.0,黒岩悠,1:53.7,2,243.2,13.0,492(+4),[西] 平田修,202308030707
9,1,1,ダノンヒューマ,牡3,56.0,坂井瑠星,1:53.8,クビ,19.9,8.0,478(+8),[西] 大久保龍,202308030707
10,8,13,レッドラグラス,牡3,56.0,川田将雅,1:53.8,アタマ,5.2,2.0,478(-6),[西] 中内田充,202308030707
11,8,14,シゲルソロソロ,牝3,54.0,幸英明,1:54.1,1.3/4,8.2,5.0,476(0),[西] 谷潔,202308030707
12,7,12,アヘッド,牝3,54.0,藤岡康太,1:54.3,1.1/4,43.3,11.0,478(+26),[西] 中竹和也,202308030707
13,6,10,アンパト,セ3,55.0,角田大河,1:54.8,3,360.6,14.0,444(-12),[西] 中竹和也,202308030707
14,4,5,レオキー,牝3,54.0,鮫島克駿,1:55.0,1.1/4,42.5,10.0,496(+16),[西] 牧田和弥,202308030707
1,8,16,ケイアイアニラ,牡3,57.0,坂井瑠星,1:23.7,,5.3,3.0,538(+16),[西] 吉岡辰弥,202308030708
2,1,2,フィルムアクトレス,牝3,54.0,角田大河,1:24.0,1.1/2,12.5,6.0,496(-4),[西] 石橋守,202308030708
3,7,14,ルナビス,牝3,55.0,松山弘平,1:24.0,クビ,8.0,4.0,480(+8),[西] 森田直行,202308030708
4,2,4,ジョヴィアン,牡3,57.0,モレイラ,1:24.1,クビ,4.0,2.0,494(-8),[西] 奥村豊,202308030708
5,5,10,メイショウタイゲイ,牡4,57.0,小沢大仁,1:24.3,1.1/4,12.6,7.0,466(0),[西] 荒川義之,202308030708
6,7,13,ジャーヴィス,牡3,57.0,酒井学,1:24.3,ハナ,29.2,8.0,482(-4),[西] 千田輝彦,202308030708
7,5,9,トモジャケーヤ,牡3,55.0,田口貫太,1:24.3,ハナ,3.2,1.0,524(+6),[西] 大根田裕,202308030708
8,4,8,フォレクラフト,牝4,55.0,角田大和,1:25.1,5,77.0,11.0,470(0),[西] 四位洋文,202308030708
9,8,15,ゴルデールスカー,牡3,57.0,鮫島克駿,1:25.1,クビ,52.4,9.0,466(-2),[西] 大久保龍,202308030708
10,3,6,フスカル,牡3,57.0,団野大成,1:25.3,1.1/4,104.0,13.0,498(+14),[西] 池添学,202308030708
11,6,11,ダノンバビル,牡3,57.0,川田将雅,1:25.7,2.1/2,8.8,5.0,476(-2),[西] 中内田充,202308030708
12,3,5,モズアカボス,牡3,53.0,古川奈穂,1:25.8,3/4,83.9,12.0,508(+14),[西] 矢作芳人,202308030708
13,6,12,マーゴットワーズ,牡4,58.0,荻野琢真,1:26.1,1.3/4,584.0,15.0,474(+2),[西] 小林真也,202308030708
14,4,7,ロンズデールベルト,牡6,55.0,永島まな,1:26.1,クビ,61.7,10.0,516(-10),[西] 坂口智康,202308030708
15,1,1,キトゥンズワルツ,牝5,56.0,幸英明,1:26.3,1.1/4,233.1,14.0,486(0),[西] 茶木太樹,202308030708
除,2,3,ヘヴンズタイム,牡3,57.0,和田竜二,,,---,,480(-2),[西] 北出成人,202308030708
1,8,11,ゴールドプリンセス,牝3,54.0,モレイラ,2:24.8,,1.8,1.0,474(0),[西] 寺島良,202308030709
2,4,4,ゴールデンスナップ,牝3,54.0,浜中俊,2:24.9,1/2,3.5,2.0,466(+2),[西] 田中克典,202308030709
3,1,1,プレイリードリーム,牡7,58.0,和田竜二,2:25.0,3/4,22.0,7.0,470(-2),[西] 安達昭夫,202308030709
4,6,7,リミットバスター,牡3,56.0,高倉稜,2:25.4,2.1/2,12.1,4.0,524(+16),[西] 杉山晴紀,202308030709
5,7,9,デルマグレムリン,牡4,58.0,鮫島克駿,2:25.5,アタマ,35.6,8.0,448(-4),[西] 緒方努,202308030709
6,8,12,ロマンシングブルー,牝4,56.0,松山弘平,2:25.5,アタマ,20.5,6.0,476(-6),[西] 渡辺薫彦,202308030709
7,6,8,エイカイマッケンロ,牡4,58.0,坂井瑠星,2:25.5,クビ,8.3,3.0,506(+8),[西] 藤原英昭,202308030709
8,7,10,アスカノミライ,牡5,58.0,団野大成,2:25.6,1/2,125.2,10.0,526(+10),[西] 川村禎彦,202308030709
9,2,2,ダノンピーカブー,牡4,58.0,幸英明,2:25.8,1.1/4,74.4,9.0,486(+10),[西] 大久保龍,202308030709
10,5,6,ジューンレインボー,牝4,56.0,松田大作,2:25.9,1/2,16.6,5.0,444(+4),[西] 武英智,202308030709
11,3,3,アサケエース,牡6,58.0,田口貫太,2:27.3,8,358.6,12.0,446(0),[西] 大橋勇樹,202308030709
12,5,5,サトノミスチーフ,牡3,56.0,富田暁,2:27.5,1.1/4,197.4,11.0,504(+16),[西] 平田修,202308030709
1,8,16,ブライアンセンス,牡3,56.0,モレイラ,1:51.6,,2.6,1.0,516(+4),[東] 斎藤誠,202308030710
2,4,8,ミラクルティアラ,牝3,54.0,坂井瑠星,1:51.7,1/2,3.4,2.0,442(0),[西] 加用正,202308030710
3,2,3,サンライズアリオン,牡4,58.0,松山弘平,1:51.9,1.1/4,10.1,5.0,522(+4),[西] 平田修,202308030710
4,7,14,クールミラボー,牡3,56.0,団野大成,1:52.0,1/2,6.7,3.0,480(+4),[西] 寺島良,202308030710
5,5,9,バハルダール,牡4,58.0,川田将雅,1:52.3,2,10.0,4.0,508(+6),[西] 池江泰寿,202308030710
6,3,6,マルブツプライド,牡4,58.0,鮫島克駿,1:52.4,クビ,33.0,9.0,540(+6),[西] 加用正,202308030710
7,4,7,ラインオブソウル,牡4,58.0,Ｍ．デム,1:52.5,1,45.1,10.0,526(+6),[西] 音無秀孝,202308030710
8,6,11,ルーカスミノル,牡3,56.0,酒井学,1:52.6,クビ,90.7,12.0,534(0),[西] 本田優,202308030710
9,5,10,ローズスター,牡3,56.0,横山和生,1:52.6,アタマ,30.6,7.0,460(0),[西] 上村洋行,202308030710
10,1,1,カズプレスト,牡4,58.0,藤岡康太,1:52.6,ハナ,32.0,8.0,524(+4),[西] 高柳大輔,202308030710
11,1,2,ジュタロウ,牡4,58.0,池添謙一,1:52.7,クビ,15.1,6.0,504(+4),[西] 河内洋,202308030710
12,8,15,インベルシオン,牡4,58.0,幸英明,1:53.3,3.1/2,232.0,15.0,564(+14),[西] 清水久詞,202308030710
13,7,13,ナリタフォルテ,牡5,58.0,富田暁,1:53.3,クビ,243.6,16.0,600(+16),[西] 木原一良,202308030710
14,2,4,マルカアトラス,牡4,58.0,和田竜二,1:53.4,アタマ,130.0,13.0,486(-6),[西] 松永昌博,202308030710
15,6,12,メイショウオキビ,牡5,58.0,角田大河,1:53.4,ハナ,223.2,14.0,504(+2),[西] 松永昌博,202308030710
16,3,5,ダークエクリプス,牡4,58.0,松若風馬,1:53.4,クビ,55.6,11.0,482(+6),[西] 今野貞一,202308030710
1,4,5,シンエンペラー,牡2,56.0,モレイラ,1:59.8,,3.7,1.0,480(+6),[西] 矢作芳人,202308030711
2,6,10,プレリュードシチー,牡2,56.0,幸英明,1:59.9,1/2,36.6,10.0,464(+4),[西] 高橋義忠,202308030711
3,8,13,サトノシュトラーセ,牡2,56.0,川田将雅,1:59.9,ハナ,6.8,3.0,512(+2),[西] 友道康夫,202308030711
4,3,4,ダノンデサイル,牡2,56.0,横山典弘,1:59.9,アタマ,43.0,11.0,502(-6),[西] 安田翔伍,202308030711
5,3,3,キープカルム,牡2,56.0,鮫島克駿,1:59.9,クビ,14.8,8.0,486(-4),[西] 中竹和也,202308030711
6,7,12,ディスペランツァ,牡2,56.0,Ｍ．デム,2:00.0,1/2,29.7,9.0,522(-2),[西] 吉岡辰弥,202308030711
7,1,1,オールナット,牡2,56.0,北村友一,2:00.4,2.1/2,10.2,6.0,516(-2),[西] 高野友和,202308030711
8,7,11,コスモキュランダ,牡2,56.0,角田大河,2:00.4,ハナ,194.3,14.0,502(+8),[東] 加藤士津,202308030711
9,6,9,ホウオウプロサンゲ,牡2,56.0,坂井瑠星,2:00.5,クビ,7.8,4.0,480(-4),[西] 矢作芳人,202308030711
10,8,14,カズゴルティス,牡2,56.0,和田竜二,2:00.7,1.1/2,105.4,13.0,508(-4),[西] 杉山晴紀,202308030711
11,5,7,ギャンブルルーム,牡2,56.0,団野大成,2:00.7,ハナ,5.4,2.0,496(0),[西] 大久保龍,202308030711
12,4,6,パワーホール,牡2,56.0,横山和生,2:01.0,1.1/2,9.2,5.0,478(+4),[西] 昆貢,202308030711
13,2,2,ルカランフィースト,牡2,56.0,松山弘平,2:01.3,2,13.6,7.0,464(+2),[東] 鹿戸雄一,202308030711
14,5,8,コスモエスメラルダ,牝2,55.0,柴田大知,2:01.7,2.1/2,101.7,12.0,508(+2),[東] 畠山吉宏,202308030711
1,6,11,マメコ,牝4,52.0,古川奈穂,1:08.2,,17.6,7.0,454(+2),[西] 武英智,202308030712
2,3,6,ティニア,牡3,57.0,モレイラ,1:08.2,クビ,4.0,2.0,500(+8),[西] 池江泰寿,202308030712
3,7,13,ガリレイ,セ6,57.0,角田大河,1:08.4,1.1/4,48.7,13.0,510(+4),[西] 高橋亮,202308030712
4,3,5,タツダイヤモンド,牡3,57.0,藤岡康太,1:08.4,アタマ,10.9,4.0,492(+6),[西] 鮫島一歩,202308030712
5,6,12,ウルトラソニック,牡5,58.0,川須栄彦,1:08.5,1/2,31.0,11.0,482(-2),[西] 中尾秀正,202308030712
6,5,9,プリモカリーナ,牝4,53.0,永島まな,1:08.6,クビ,7.7,3.0,444(+10),[西] 安田隆行,202308030712
7,2,4,スマートルシーダ,牡5,58.0,松山弘平,1:08.6,アタマ,23.7,10.0,472(+12),[西] 音無秀孝,202308030712
8,7,14,トールキン,牡3,57.0,鮫島克駿,1:08.6,クビ,22.8,9.0,500(+4),[西] 西園正都,202308030712
9,8,18,メイケイバートン,牡4,57.0,角田大和,1:08.7,1/2,135.7,18.0,468(+4),[西] 中竹和也,202308030712
10,5,10,テーオースパロー,牡4,58.0,岩田康誠,1:08.9,1.1/4,42.8,12.0,500(+6),[西] 清水久詞,202308030712
11,2,3,トーホウフランゴ,牝3,55.0,酒井学,1:09.0,クビ,53.4,15.0,434(+2),[西] 高橋康之,202308030712
12,4,7,レッドヒルシューズ,牝3,55.0,坂井瑠星,1:09.0,アタマ,3.2,1.0,442(-4),[西] 武英智,202308030712
13,7,15,デルマヤクシ,牡5,58.0,荻野琢真,1:09.1,1/2,130.7,17.0,472(+6),[西] 田中克典,202308030712
14,1,1,サトノルーチェ,牝5,56.0,Ｍ．デム,1:09.2,1/2,18.3,8.0,446(+16),[西] 吉村圭司,202308030712
15,8,16,ピラティス,牝4,56.0,横山典弘,1:09.2,ハナ,17.2,6.0,460(0),[西] 松永幹夫,202308030712
16,4,8,イイヒニナル,牝3,52.0,鷲頭虎太,1:09.2,アタマ,62.6,16.0,384(-10),[西] 千田輝彦,202308030712
17,1,2,ピンクセイラー,牝4,54.0,田口貫太,1:10.0,5,51.4,14.0,446(-2),[東] 小笠倫弘,202308030712
18,8,17,メイショウグラニー,牝4,56.0,藤岡佑介,1:10.0,クビ,14.0,5.0,462(0),[西] 藤岡健一,202308030712
1,2,4,ゴッドカインド,牝2,52.0,今村聖奈,1:12.5,,10.9,5.0,396(+4),[西] 飯田祐史,202308030801
2,4,7,サムデイ,牝2,55.0,団野大成,1:12.8,2,6.2,4.0,426(+4),[西] 新谷功一,202308030801
3,6,12,フーコサンライズ,牝2,55.0,松山弘平,1:13.2,2.1/2,5.5,3.0,502(-2),[西] 新谷功一,202308030801
4,1,1,ブライトアゲイン,牝2,55.0,菅原明良,1:13.4,1.1/2,2.7,1.0,484(+4),[西] 森秀行,202308030801
5,5,9,リリーエクスプレス,牡2,56.0,国分恭介,1:13.5,1/2,35.5,9.0,540(+2),[西] 茶木太樹,202308030801
6,4,8,ゼンダンスカイ,牡2,55.0,角田大河,1:13.5,アタマ,27.0,7.0,468(+2),[西] 角田晃一,202308030801
7,7,14,アメリカンチーフ,牡2,56.0,松若風馬,1:13.9,2,4.6,2.0,466(-2),[西] 音無秀孝,202308030801
8,7,13,ダイシンバースディ,牡2,56.0,西村淳也,1:14.0,1/2,24.7,6.0,484(+6),[西] 庄野靖志,202308030801
9,5,10,ナムラルッコラ,牝2,53.0,田口貫太,1:14.1,クビ,34.0,8.0,478(+4),[西] 大橋勇樹,202308030801
10,3,5,ヒロブライト,牡2,56.0,中井裕二,1:14.2,1/2,505.4,14.0,510(+12),[西] 川村禎彦,202308030801
11,2,3,エブリモーメント,牡2,56.0,鮫島克駿,1:14.4,1.1/4,128.5,11.0,496(+10),[西] 牧田和弥,202308030801
12,8,15,テイエムボビーダン,牡2,56.0,富田暁,1:14.5,3/4,55.2,10.0,522(-8),[西] 木原一良,202308030801
13,8,16,テイエムドルオー,牡2,55.0,小沢大仁,1:14.8,1.1/2,323.6,13.0,444(+12),[西] 木原一良,202308030801
14,1,2,サンダーサーヴェル,牡2,53.0,鷲頭虎太,1:15.2,2.1/2,542.6,16.0,456(+4),[西] 新谷功一,202308030801
15,3,6,タマハガネ,牡2,56.0,城戸義政,1:15.3,クビ,519.2,15.0,398(-16),[西] 荒川義之,202308030801
16,6,11,エターナルブルー,牡2,53.0,永島まな,1:17.2,大,152.3,12.0,470(+2),[西] 茶木太樹,202308030801
1,7,13,ラヴァンダ,牝2,55.0,岩田望来,1:21.7,,2.3,1.0,476(+12),[西] 中村直也,202308030802
2,8,17,ペプチドシュチク,牡2,56.0,坂井瑠星,1:22.1,2.1/2,6.8,2.0,484(+2),[西] 武英智,202308030802
3,3,6,ノイヤー,牝2,54.0,角田大和,1:22.2,3/4,15.4,6.0,462(-4),[西] 高橋亮,202308030802
4,2,3,ハヤブサソンタクン,牡2,54.0,田口貫太,1:22.3,3/4,48.0,11.0,454(0),[西] 寺島良,202308030802
5,7,15,ピカリ,牝2,55.0,菅原明良,1:22.3,ハナ,16.0,7.0,488(+2),[西] 森秀行,202308030802
6,8,16,バラン,牝2,55.0,松山弘平,1:22.6,1.1/2,7.4,3.0,432(-2),[西] 中竹和也,202308030802
7,4,7,ココシャンパーニュ,牝2,51.0,古川奈穂,1:22.6,クビ,8.6,4.0,456(0),[西] 音無秀孝,202308030802
8,3,5,フィオリトゥーラ,牝2,55.0,西村淳也,1:22.7,1/2,34.0,9.0,432(+6),[西] 森田直行,202308030802
9,5,10,シュブロンレーヴル,牝2,55.0,藤岡康太,1:22.8,1/2,231.8,15.0,406(0),[西] 杉山佳明,202308030802
10,1,1,ダディーズアイル,牡2,56.0,浜中俊,1:23.2,2.1/2,30.3,8.0,464(0),[西] 千田輝彦,202308030802
11,5,9,アオイエクラタン,牝2,52.0,永島まな,1:23.2,ハナ,401.3,16.0,402(-4),[西] 高橋康之,202308030802
12,6,11,ララモンストル,牡2,56.0,団野大成,1:23.5,2,10.2,5.0,490(+6),[西] 辻野泰之,202308030802
13,8,18,タイセイタリスマン,牡2,56.0,松若風馬,1:23.5,クビ,79.6,12.0,452(-2),[西] 小栗実,202308030802
14,2,4,イズジョーゴモリー,牝2,52.0,今村聖奈,1:23.7,1,171.4,14.0,444(+12),[西] 北出成人,202308030802
15,7,14,シカンスイヨウ,牝2,51.0,河原田菜,1:23.9,1.1/4,510.0,17.0,454(-2),[西] 坂口智康,202308030802
16,1,2,フェブソラーレ,牝2,55.0,中井裕二,1:24.1,1.1/4,650.4,18.0,442(+8),[西] 川村禎彦,202308030802
17,4,8,サントロペ,牝2,55.0,吉田隼人,1:25.0,5,144.5,13.0,460(0),[西] 安達昭夫,202308030802
中,6,12,カリンテラス,牝2,55.0,鮫島克駿,,,41.9,10.0,470(+14),[西] 松下武士,202308030802
1,6,10,ショウナンハウル,牡2,56.0,松若風馬,2:02.6,,15.5,6.0,498(-2),[西] 松下武士,202308030803
2,3,4,ヴィスマール,牡2,56.0,西村淳也,2:02.7,1/2,3.0,2.0,448(-2),[西] 奥村豊,202308030803
3,7,12,ウォーターリヒト,牡2,52.0,河原田菜,2:02.9,1.1/4,5.6,3.0,462(+2),[西] 河内洋,202308030803
4,4,6,テンダーデイズ,牝2,55.0,水口優也,2:02.9,アタマ,35.0,7.0,476(-6),[西] 笹田和秀,202308030803
5,5,9,テイクザクラウン,牡2,56.0,鮫島克駿,2:03.2,1.1/2,12.0,4.0,446(+4),[西] 吉村圭司,202308030803
6,6,11,カズヴィトシャ,牡2,56.0,坂井瑠星,2:03.2,ハナ,13.0,5.0,510(-2),[西] 高柳大輔,202308030803
7,2,3,マルカフェリス,牡2,55.0,小沢大仁,2:03.2,クビ,137.2,14.0,468(0),[西] 今野貞一,202308030803
8,5,8,ネロコルヴィーノ,牡2,56.0,池添謙一,2:03.2,ハナ,2.9,1.0,518(-4),[西] 辻野泰之,202308030803
9,7,13,マルカオペラ,牝2,55.0,北村友一,2:03.3,1/2,41.8,8.0,476(+2),[西] 浜田多実,202308030803
10,4,7,クロドラバール,牡2,56.0,高倉稜,2:03.9,3.1/2,122.6,12.0,520(+6),[西] 杉山晴紀,202308030803
11,8,14,エスカルチャ,牡2,56.0,幸英明,2:04.4,3,131.2,13.0,506(-8),[西] 岡田稲男,202308030803
12,1,1,ゴーディアンノット,牡2,56.0,団野大成,2:04.5,1/2,59.9,10.0,452(-2),[西] 斉藤崇史,202308030803
13,2,2,シャローム,牝2,55.0,松山弘平,2:05.3,5,74.1,11.0,466(+4),[西] 茶木太樹,202308030803
14,3,5,ラスダシャン,牝2,52.0,今村聖奈,2:05.3,クビ,261.8,15.0,472(+12),[西] 鈴木孝志,202308030803
15,8,15,チョメチョメ,牡2,54.0,田口貫太,2:05.7,2.1/2,49.0,9.0,468(+12),[西] 牧田和弥,202308030803
1,5,9,マッシャーブルム,牡2,56.0,松山弘平,1:54.9,,2.4,1.0,508(0),[西] 村山明,202308030804
2,5,8,グランオース,牡2,55.0,角田大和,1:55.2,2,11.4,5.0,508(0),[西] 角田晃一,202308030804
3,4,7,カツラノキサノキ,牡2,56.0,菅原明良,1:55.6,2.1/2,8.3,4.0,482(0),[西] 庄野靖志,202308030804
4,3,4,キタノハヤブサ,牡2,56.0,水口優也,1:55.9,1.1/2,19.5,6.0,468(0),[西] 吉田直弘,202308030804
5,7,13,スナークダリ,牡2,56.0,富田暁,1:56.7,5,20.6,7.0,520(0),[西] 川村禎彦,202308030804
6,4,6,アウローラルミエル,牡2,52.0,古川奈穂,1:57.2,3,26.5,8.0,512(0),[西] 田中克典,202308030804
7,1,1,ダンツドール,牝2,55.0,藤岡佑介,1:57.3,クビ,5.2,2.0,456(0),[西] 四位洋文,202308030804
8,7,12,ウフフトルンナ,牝2,55.0,国分優作,1:57.5,1.1/4,209.4,15.0,512(0),[西] 大根田裕,202308030804
9,6,11,ベストリターナー,牡2,56.0,川須栄彦,1:58.3,5,120.5,13.0,536(0),[西] 羽月友彦,202308030804
10,3,5,ハクサンシャトル,牡2,53.0,川端海翼,1:58.6,1.3/4,31.9,9.0,450(0),[西] 飯田雄三,202308030804
11,2,2,リードアクトレス,牝2,55.0,国分恭介,2:01.1,大,61.0,11.0,472(0),[西] 安達昭夫,202308030804
12,6,10,クスクス,牝2,53.0,田口貫太,2:01.4,1.3/4,6.8,3.0,480(0),[西] 松下武士,202308030804
13,2,3,ヴィレーラ,牝2,51.0,河原田菜,2:01.9,3,143.0,14.0,432(0),[西] 渡辺薫彦,202308030804
14,8,14,シンゼンハチマン,牡2,56.0,酒井学,2:04.1,大,84.8,12.0,498(0),[西] 飯田祐史,202308030804
15,8,15,ジョーサルーテ,牝2,54.0,角田大河,2:05.6,9,49.0,10.0,468(0),[西] 松下武士,202308030804
1,3,3,マイネルエンペラー,牡3,56.0,横山武史,2:00.9,,2.9,1.0,472(+4),[西] 清水久詞,202308030805
2,7,11,ブリタニア,牡3,56.0,松山弘平,2:01.0,クビ,7.4,3.0,486(-6),[西] 杉山佳明,202308030805
3,6,10,メイショウウネビ,牡4,57.0,泉谷楓真,2:01.0,ハナ,18.3,8.0,490(+10),[西] 本田優,202308030805
4,4,5,アウフヘーベン,牝3,54.0,太宰啓介,2:01.2,1.1/4,7.9,4.0,454(+6),[西] 高橋亮,202308030805
5,2,2,ダノンペドロ,セ3,53.0,今村聖奈,2:01.2,クビ,15.0,5.0,478(+4),[西] 寺島良,202308030805
6,7,12,ヴェルテンベルク,牡3,56.0,西村淳也,2:01.3,クビ,3.4,2.0,484(+8),[西] 宮本博,202308030805
7,8,13,クラシックステップ,牡4,58.0,北村友一,2:01.3,ハナ,21.9,9.0,484(+14),[西] 安田隆行,202308030805
8,3,4,トラストエムシー,牡3,56.0,藤岡康太,2:01.3,クビ,26.0,10.0,438(+4),[西] 北出成人,202308030805
9,5,8,トゥルブレンツ,牝3,51.0,永島まな,2:01.5,1.1/4,17.6,7.0,418(+2),[西] 小栗実,202308030805
10,6,9,ナムララジベラ,牝3,54.0,高倉稜,2:01.6,1/2,87.6,11.0,466(+6),[西] 杉山晴紀,202308030805
11,5,7,メイショウサンガ,牡6,58.0,笹田知宏,2:01.7,3/4,167.0,13.0,532(+6),[西] 千田輝彦,202308030805
12,4,6,ホヲユイットウ,牝4,56.0,斎藤新,2:02.1,2.1/2,443.3,14.0,414(+2),[西] 小林真也,202308030805
13,8,14,ジオパーククラウン,牡3,56.0,富田暁,2:02.1,ハナ,123.9,12.0,448(0),[西] 長谷川浩,202308030805
14,1,1,メイショウオオミネ,牡3,55.0,角田大河,2:02.6,3,15.1,6.0,446(+14),[西] 石橋守,202308030805
1,3,5,サブマリーナ,牡2,56.0,岩田望来,1:48.1,,3.8,1.0,462(0),[西] 庄野靖志,202308030806
2,2,2,メイクユーマイン,牡2,56.0,坂井瑠星,1:48.2,3/4,6.8,4.0,506(0),[西] 田中克典,202308030806
3,5,8,レッセパッセ,牝2,55.0,横山武史,1:48.3,クビ,12.2,5.0,376(0),[西] 西園翔太,202308030806
4,6,11,コーラルムーン,牝2,55.0,斎藤新,1:48.5,1.1/4,6.0,3.0,446(0),[西] 牧田和弥,202308030806
5,7,12,ラドロテア,牝2,55.0,団野大成,1:48.5,クビ,18.7,9.0,428(0),[西] 斉藤崇史,202308030806
6,7,13,フェロニエール,牝2,55.0,西村淳也,1:48.7,1.1/4,4.8,2.0,534(0),[西] 高野友和,202308030806
7,8,14,サトノアライヴ,牡2,56.0,吉田隼人,1:49.1,2,14.7,6.0,436(0),[西] 須貝尚介,202308030806
8,8,15,ダノンアトラス,牡2,56.0,鮫島克駿,1:49.6,3,18.3,8.0,402(0),[西] 橋口慎介,202308030806
9,1,1,マイネルオデーサ,牡2,55.0,角田大河,1:49.6,クビ,87.3,12.0,450(0),[西] 宮徹,202308030806
10,6,10,メイショウマタベエ,牡2,55.0,小沢大仁,1:49.8,1.1/2,126.5,14.0,424(0),[西] 松永昌博,202308030806
11,2,3,ジュリアスローズ,牝2,55.0,松山弘平,1:49.9,クビ,14.8,7.0,456(0),[西] 新谷功一,202308030806
12,4,7,デュランヴェリテ,牡2,56.0,藤岡康太,1:50.0,1/2,26.3,10.0,550(0),[西] 中竹和也,202308030806
13,5,9,ヤルキゲンキフトシ,牡2,56.0,小牧太,1:50.0,クビ,124.4,13.0,496(0),[西] 笹田和秀,202308030806
14,4,6,クインズマイア,牝2,55.0,藤懸貴志,1:50.5,3,158.9,15.0,428(0),[西] 小林真也,202308030806
15,3,4,ロフティーテーラー,牝2,55.0,幸英明,1:50.7,1.1/4,79.2,11.0,436(0),[西] 緒方努,202308030806
1,8,15,アウトレンジ,牡3,56.0,坂井瑠星,1:51.3,,2.6,1.0,492(-10),[西] 大久保龍,202308030807
2,6,11,イルミネーター,牡6,58.0,水口優也,1:52.2,5,42.4,10.0,478(-4),[西] 羽月友彦,202308030807
3,5,9,ラブスピール,牝6,56.0,松若風馬,1:52.9,4,40.9,9.0,470(+2),[西] 森田直行,202308030807
4,3,4,セツメンノトビウオ,牡6,58.0,川須栄彦,1:53.1,1.1/4,168.7,13.0,470(+6),[西] 牧田和弥,202308030807
5,3,5,サンライズグルーヴ,牡3,56.0,富田暁,1:53.2,1/2,6.6,3.0,514(+4),[西] 河内洋,202308030807
6,6,10,メイショウシロガネ,牡5,55.0,今村聖奈,1:53.3,3/4,89.4,11.0,474(0),[西] 松永昌博,202308030807
7,4,6,ワールドハート,牡4,58.0,長岡禎仁,1:53.4,クビ,203.4,14.0,458(+8),[西] 杉山佳明,202308030807
8,2,3,スズカワールド,牡4,56.0,田口貫太,1:53.4,アタマ,122.6,12.0,524(+16),[西] 大橋勇樹,202308030807
9,8,14,サルマン,牡5,58.0,団野大成,1:53.6,3/4,7.8,4.0,512(+4),[西] 中尾秀正,202308030807
10,2,2,アスクビックスター,牡4,54.0,古川奈穂,1:53.7,1,3.3,2.0,478(+12),[西] 矢作芳人,202308030807
11,7,13,ワンダーブレット,セ4,58.0,笹田知宏,1:53.9,1,28.1,8.0,512(0),[西] 笹田和秀,202308030807
12,4,7,パトリオットラン,牡4,54.0,河原田菜,1:54.3,2.1/2,26.5,7.0,542(+4),[西] 渡辺薫彦,202308030807
13,1,1,シンリミテス,牡4,55.0,西塚洸二,1:55.0,4,11.4,5.0,490(-6),[西] 大根田裕,202308030807
14,7,12,タマモベローナ,牝4,53.0,永島まな,1:56.7,10,206.1,15.0,504(+2),[西] 高橋亮,202308030807
15,5,8,ショショローザ,牝4,56.0,松山弘平,1:56.8,クビ,20.8,6.0,480(+4),[西] 小栗実,202308030807
1,4,8,インヒズアイズ,牝3,55.0,坂井瑠星,1:24.3,,4.1,2.0,472(+2),[西] 矢作芳人,202308030808
2,5,10,コンクエスト,セ4,58.0,菅原明良,1:24.4,1/2,7.5,4.0,496(0),[東] 小笠倫弘,202308030808
3,1,1,カマチョクイン,牝3,55.0,鮫島克駿,1:24.4,アタマ,17.2,6.0,458(-8),[西] 橋口慎介,202308030808
4,3,5,ミシェラドラータ,牡3,54.0,大久保友,1:24.5,クビ,84.6,13.0,490(+7),[西] 清水久詞,202308030808
5,4,7,スキピオ,牡5,56.0,田口貫太,1:24.7,1,22.7,7.0,490(+2),[西] 浜田多実,202308030808
6,8,15,ベンダバリラビア,牡3,54.0,今村聖奈,1:24.9,1.1/2,8.8,5.0,528(+14),[西] 寺島良,202308030808
7,2,3,ギョウネン,牝3,55.0,木幡初也,1:25.2,1.3/4,6.4,3.0,434(-6),[東] 竹内正洋,202308030808
8,1,2,ヴァクストゥーム,牡6,58.0,水口優也,1:25.2,クビ,344.3,16.0,474(+10),[西] 吉田直弘,202308030808
9,7,13,コパノオースティン,セ4,58.0,中井裕二,1:25.3,クビ,83.2,12.0,504(+6),[西] 村山明,202308030808
10,6,12,パープルグローリー,牝4,53.0,永島まな,1:25.6,2,224.0,15.0,502(+2),[西] 高橋康之,202308030808
11,7,14,メイショウホマレ,牝4,52.0,河原田菜,1:25.6,ハナ,65.1,11.0,462(+10),[西] 松永昌博,202308030808
12,8,16,タガノリバイバー,牝5,55.0,角田大和,1:26.2,3.1/2,168.3,14.0,504(+2),[西] 大根田裕,202308030808
13,5,9,ゴッドブルービー,牡3,57.0,松山弘平,1:26.4,3/4,2.7,1.0,478(+24),[西] 角田晃一,202308030808
14,3,6,トウシンカーリン,牝3,55.0,長岡禎仁,1:26.5,3/4,28.0,9.0,470(+10),[西] 杉山晴紀,202308030808
15,2,4,プレシオーソ,セ6,58.0,岩田望来,1:27.0,3,24.7,8.0,488(+4),[西] 清水久詞,202308030808
16,6,11,ケルンコンサート,牡4,58.0,松若風馬,1:28.6,10,49.1,10.0,474(+2),[西] 森秀行,202308030808
1,6,6,プシプシーナ,牝2,55.0,西村淳也,1:35.7,,11.7,5.0,414(+4),[西] 小栗実,202308030809
2,1,1,スウィープフィート,牝2,55.0,永島まな,1:35.7,クビ,13.0,6.0,464(0),[西] 庄野靖志,202308030809
3,7,8,ヒヒーン,牝2,55.0,吉田隼人,1:35.7,ハナ,4.9,3.0,462(-4),[西] 須貝尚介,202308030809
4,7,7,ケーブパール,牝2,55.0,藤岡康太,1:35.9,1.1/2,3.0,1.0,434(+4),[西] 友道康夫,202308030809
5,2,2,ブロードグリン,牝2,55.0,鮫島克駿,1:36.2,1.3/4,13.9,7.0,420(0),[西] 中村直也,202308030809
6,3,3,サイレント,牝2,55.0,松山弘平,1:36.4,1.1/4,3.8,2.0,466(-2),[西] 杉山晴紀,202308030809
7,5,5,グランドハーバー,牝2,55.0,菅原明良,1:36.5,クビ,6.9,4.0,506(0),[東] 鹿戸雄一,202308030809
8,8,10,ミスキャサリン,牝2,55.0,田口貫太,1:37.0,3,291.8,9.0,428(+3),[地] 田口輝彦,202308030809
9,8,9,アナベルエクラ,牝2,55.0,岩田望来,1:37.2,1,47.7,8.0,454(-4),[西] 清水久詞,202308030809
10,4,4,チョコレートデイ,牝2,55.0,笹田知宏,1:39.2,大,433.3,10.0,440(0),[地] 渡瀬寛彰,202308030809
1,1,1,トゥードジボン,牡4,56.0,藤岡佑介,1:33.2,,5.6,4.0,486(-2),[西] 四位洋文,202308030810
2,6,8,ルージュラテール,牝4,55.0,西村淳也,1:33.4,1.1/2,12.7,5.0,498(+4),[西] 矢作芳人,202308030810
3,4,5,スズハローム,牡3,55.0,鮫島克駿,1:33.4,クビ,5.1,3.0,454(+2),[西] 牧田和弥,202308030810
4,6,9,スーサンアッシャー,牡4,55.0,横山典弘,1:33.5,クビ,25.9,7.0,474(+12),[西] 鈴木孝志,202308030810
5,5,7,セオ,牡3,55.0,坂井瑠星,1:33.7,1.1/4,4.6,2.0,482(+4),[西] 上村洋行,202308030810
6,8,13,トオヤリトセイト,牡7,55.0,松若風馬,1:33.9,1.1/4,46.6,8.0,496(+10),[西] 松下武士,202308030810
7,7,10,インザオベーション,牝4,54.0,浜中俊,1:34.0,1/2,15.5,6.0,464(-4),[西] 武幸四郎,202308030810
8,4,4,オールイズウェル,牡7,56.0,酒井学,1:34.0,アタマ,107.9,11.0,502(+6),[西] 佐々木晶,202308030810
9,2,2,ショウナンアレクサ,牡3,56.0,岩田望来,1:34.0,クビ,2.4,1.0,500(0),[西] 清水久詞,202308030810
10,8,12,メイショウドウドウ,牡8,55.0,団野大成,1:34.4,2.1/2,198.8,12.0,494(+8),[西] 荒川義之,202308030810
11,7,11,ワンスカイ,牡6,55.0,斎藤新,1:34.5,クビ,329.1,13.0,506(+6),[東] 斎藤誠,202308030810
12,3,3,ヒルノローザンヌ,牝4,55.0,藤岡康太,1:34.6,1/2,89.1,10.0,488(+4),[西] 西村真幸,202308030810
13,5,6,リッケンバッカー,牡5,55.0,幸英明,1:34.9,1.3/4,47.3,9.0,484(+6),[西] 西村真幸,202308030810
1,2,4,ウェルカムニュース,牡4,56.0,北村友一,1:57.5,,16.6,8.0,502(+18),[西] 池江泰寿,202308030811
2,8,16,テーオーリカード,牡3,54.0,岩田望来,1:57.6,1/2,3.5,1.0,490(+2),[西] 高柳大輔,202308030811
3,1,1,オーロイプラータ,牡3,55.0,鮫島克駿,1:57.7,クビ,6.9,5.0,544(+10),[西] 宮本博,202308030811
4,8,15,レッドファーロ,牡4,56.0,横山典弘,1:57.7,クビ,6.0,3.0,510(-2),[西] 松永幹夫,202308030811
5,4,7,バーデンヴァイラー,牡5,58.5,西村淳也,1:57.9,1.1/4,13.4,6.0,512(+3),[西] 斉藤崇史,202308030811
6,6,11,サクラアリュール,牡8,56.0,中井裕二,1:58.0,3/4,69.3,11.0,488(+6),[西] 村山明,202308030811
7,7,14,ペプチドナイル,牡5,58.0,富田暁,1:58.1,1/2,5.5,2.0,534(+4),[西] 武英智,202308030811
8,5,10,メイショウユズルハ,牡4,55.0,岩田康誠,1:58.1,アタマ,19.3,9.0,496(-2),[西] 岡田稲男,202308030811
9,3,5,キタノリューオー,牡5,55.0,松若風馬,1:58.3,1,15.5,7.0,470(0),[東] 萱野浩二,202308030811
10,3,6,クリノドラゴン,牡5,58.0,幸英明,1:58.4,クビ,34.7,10.0,496(+8),[西] 大橋勇樹,202308030811
11,4,8,ハイエンド,牡4,56.0,坂井瑠星,1:58.5,1/2,80.7,12.0,542(+16),[西] 清水久詞,202308030811
12,5,9,ビヨンドザファザー,牡4,56.0,団野大成,1:58.7,1.1/4,6.8,4.0,514(+2),[西] 藤岡健一,202308030811
13,7,13,プリティーチャンス,牝6,55.5,浜中俊,1:58.8,3/4,100.3,13.0,480(+8),[西] 野中賢二,202308030811
14,6,12,マリオマッハー,セ6,53.0,国分恭介,1:59.0,3/4,205.3,15.0,456(+8),[西] 安達昭夫,202308030811
15,1,2,コルテジア,牡6,56.0,松山弘平,2:01.5,大,113.7,14.0,476(+8),[西] 鈴木孝志,202308030811
16,2,3,エマージングロール,牡5,54.0,藤岡康太,2:02.4,5,306.5,16.0,514(+12),[西] 橋口慎介,202308030811
1,8,17,トウシンマカオ,牡4,58.0,菅原明良,1:07.4,,7.2,4.0,468(+4),[東] 高柳瑞樹,202308030812
2,5,10,ルガル,牡3,56.0,西村淳也,1:07.7,2,3.4,1.0,512(-4),[西] 杉山晴紀,202308030812
3,3,6,エイシンスポッター,牡4,57.0,角田大河,1:07.8,1/2,12.2,6.0,504(+2),[西] 吉村圭司,202308030812
4,8,18,トゥラヴェスーラ,牡8,57.0,藤岡康太,1:07.8,ハナ,36.2,12.0,486(+8),[西] 高橋康之,202308030812
5,1,2,ビッグシーザー,牡3,56.0,坂井瑠星,1:07.9,クビ,7.2,3.0,514(+2),[西] 西園正都,202308030812
6,5,9,グレイトゲイナー,牡6,57.0,松本大輝,1:08.0,3/4,34.3,11.0,486(+8),[西] 森秀行,202308030812
7,7,15,エクセトラ,牡4,57.0,岩田望来,1:08.0,クビ,27.2,10.0,526(-4),[西] 吉村圭司,202308030812
8,4,7,ショウナンハクラク,牡4,57.0,松若風馬,1:08.0,ハナ,17.2,7.0,476(-2),[西] 松下武士,202308030812
9,2,3,シングザットソング,牝3,55.0,鮫島克駿,1:08.1,クビ,10.8,5.0,446(-2),[西] 高野友和,202308030812
10,2,4,スマートリアン,牝6,55.0,柴田善臣,1:08.1,ハナ,41.1,14.0,480(-2),[西] 石橋守,202308030812
11,3,5,キミワクイーン,牝4,56.0,横山武史,1:08.2,1/2,5.7,2.0,432(-10),[東] 奥村武,202308030812
12,6,12,モズメイメイ,牝3,55.0,永島まな,1:08.3,3/4,27.0,9.0,456(+5),[西] 音無秀孝,202308030812
13,8,16,ヴァトレニ,セ5,57.0,藤岡佑介,1:08.4,3/4,40.8,13.0,452(0),[西] 長谷川浩,202308030812
14,4,8,ジュビリーヘッド,牡6,57.0,北村友一,1:08.4,クビ,48.8,15.0,480(+14),[西] 安田隆行,202308030812
15,7,14,ディヴィナシオン,牡6,57.0,団野大成,1:08.4,ハナ,88.0,16.0,478(+12),[西] 森秀行,202308030812
16,7,13,グルーヴィット,牡7,57.0,幸英明,1:08.5,1/2,185.7,18.0,500(0),[西] 松永幹夫,202308030812
17,1,1,バンデルオーラ,牡4,57.0,国分恭介,1:08.6,クビ,133.6,17.0,478(+8),[西] 牧浦充徳,202308030812
18,6,11,シュバルツカイザー,セ5,57.0,池添謙一,1:09.1,3,17.3,8.0,504(+4),[東] 大竹正博,202308030812
