着順,枠番,馬番,馬名,性齢,斤量,騎手,タイム,着差,単勝,人気,馬体重,調教師,race_id
1,7,10,ツーピース,牝3,55.0,川須栄彦,1:13.0,,4.8,2.0,506(0),[西] 河嶋宏樹,202508010101
2,5,6,リードプリンシパル,牝3,55.0,荻野琢真,1:13.5,3,5.6,4.0,454(-4),[西] 藤沢則雄,202508010101
3,3,3,ヒットザグラウンド,牝3,55.0,岩田望来,1:14.1,3.1/2,28.6,7.0,440(0),[西] 四位洋文,202508010101
4,1,1,ミッシオーネ,牝3,55.0,坂井瑠星,1:14.2,クビ,5.0,3.0,400(-4),[西] 西園正都,202508010101
5,5,7,サントレッダー,牝3,53.0,吉村誠之,1:14.2,クビ,10.9,5.0,478(+4),[西] 野中賢二,202508010101
6,7,11,マローソ,牝3,55.0,岩田康誠,1:14.2,ハナ,13.7,6.0,494(+4),[西] 牧田和弥,202508010101
7,4,5,ベルヴィヴァン,牝3,55.0,西村淳也,1:14.3,クビ,2.4,1.0,484(+4),[西] 西村真幸,202508010101
8,4,4,ディライトベル,牝3,55.0,川又賢治,1:14.4,1/2,176.3,11.0,484(+4),[東] 竹内正洋,202508010101
9,2,2,スターアイズ,牝3,54.0,田口貫太,1:14.5,3/4,67.7,9.0,434(+18),[西] 小椋研介,202508010101
10,6,9,フェリスチカ,牝3,55.0,酒井学,1:14.6,クビ,380.0,13.0,392(-16),[西] 音無秀孝,202508010101
11,8,12,ソイジャガー,牝3,55.0,国分優作,1:14.6,アタマ,88.6,10.0,456(0),[西] 中尾秀正,202508010101
12,6,8,エルピーゾ,牝3,55.0,水口優也,1:14.8,1.1/4,192.5,12.0,486(0),[西] 安達昭夫,202508010101
13,8,13,プロメトル,牝3,55.0,ルメート,1:15.3,3,56.9,8.0,430(-4),[西] 武幸四郎,202508010101
1,6,6,コウジョリョウゾク,牡3,57.0,荻野琢真,1:54.6,,10.4,6.0,466(-2),[西] 牧田和弥,202508010102
2,5,5,マーウォルス,牡3,57.0,松山弘平,1:54.6,クビ,7.1,5.0,482(+8),[西] 茶木太樹,202508010102
3,8,9,ルセルマンダムール,牡3,57.0,西村淳也,1:54.8,1.1/4,2.7,1.0,476(+2),[西] 松永幹夫,202508010102
4,8,8,ロックウイズユー,牡3,57.0,坂井瑠星,1:55.0,1,5.2,3.0,456(+4),[西] 西園正都,202508010102
5,3,3,ピストルスター,牡3,57.0,太宰啓介,1:55.3,2,45.5,7.0,494(+2),[西] 高橋亮,202508010102
6,1,1,スメラギ,セ3,57.0,酒井学,1:55.5,1,6.7,4.0,472(-10),[西] 宮地貴稔,202508010102
7,4,4,ランフォザプライド,牡3,57.0,川田将雅,1:55.5,クビ,3.6,2.0,504(+2),[東] 高木登,202508010102
8,7,7,コスモナッシュビル,牡3,57.0,国分優作,1:56.0,3,58.9,8.0,516(-4),[西] 吉田直弘,202508010102
9,2,2,エムズドリーム,牡3,57.0,和田翼,1:57.6,10,170.5,9.0,430(0),[西] 谷潔,202508010102
1,7,13,ハクサンアイリス,牡3,57.0,西村淳也,1:25.5,,3.1,2.0,484(-6),[西] 高橋一哉,202508010103
2,3,4,ニシノジェダイ,牡3,57.0,池添謙一,1:25.8,1.3/4,19.3,6.0,460(-2),[西] 宮本博,202508010103
3,2,2,ゼロスネーク,牡3,57.0,松山弘平,1:26.0,1.1/4,2.2,1.0,458(+12),[西] 四位洋文,202508010103
4,8,15,ロンティケチャップ,牡3,57.0,岩田康誠,1:26.2,3/4,11.9,5.0,500(+2),[西] 牧田和弥,202508010103
5,4,6,アラモアナ,牡3,55.0,吉村誠之,1:26.4,1.1/2,8.0,3.0,476(0),[西] 奥村豊,202508010103
6,3,5,スピードイエロー,牡3,54.0,鷲頭虎太,1:27.1,4,465.3,13.0,420(+1),[西] 佐々木晶,202508010103
7,7,12,カフジアッサム,牡3,56.0,田口貫太,1:27.7,3.1/2,166.1,11.0,488(+18),[西] 木原一良,202508010103
8,6,11,ベルヴィオレット,牝3,55.0,ルメート,1:27.8,クビ,465.3,13.0,416(-12),[西] 小崎憲,202508010103
9,2,3,ダイゴセイリュウ,牡3,57.0,藤岡佑介,1:27.8,ハナ,34.7,8.0,478(+6),[西] 鮫島一歩,202508010103
10,5,9,スリーレジェンド,牡3,57.0,酒井学,1:28.4,3.1/2,42.8,10.0,498(-2),[西] 石橋守,202508010103
11,6,10,トモジャシック,牡3,57.0,国分優作,1:28.4,ハナ,41.0,9.0,470(+2),[西] 大根田裕,202508010103
12,4,7,アスターシッキム,牝3,55.0,北村友一,1:28.6,1.1/4,31.9,7.0,476(-10),[西] 森田直行,202508010103
13,1,1,サンライズプロミス,牡3,57.0,川須栄彦,1:29.1,3,391.8,12.0,418(-2),[西] 浜田多実,202508010103
14,5,8,マグナドムス,牡3,57.0,坂井瑠星,1:30.0,5,9.4,4.0,464(0),[西] 矢作芳人,202508010103
15,8,14,アクロスザリバー,牡3,57.0,荻野琢真,1:30.8,5,517.8,15.0,430(+2),[東] 田島俊明,202508010103
1,3,3,テルアスワッド,牡3,57.0,坂井瑠星,2:01.4,,6.1,3.0,504(-4),[西] 須貝尚介,202508010104
2,2,2,シャルクハフト,牡3,57.0,西村淳也,2:02.1,4,4.8,2.0,488(-2),[西] 清水久詞,202508010104
3,8,9,リアルスター,牡3,56.0,田口貫太,2:02.5,2.1/2,51.6,7.0,542(0),[西] 大橋勇樹,202508010104
4,6,6,ディープサミット,牡3,57.0,川田将雅,2:02.5,ハナ,1.4,1.0,502(+6),[西] 四位洋文,202508010104
5,4,4,アスクデッドヒート,牡3,57.0,北村友一,2:02.5,クビ,22.7,5.0,488(0),[西] 矢作芳人,202508010104
6,1,1,エンゲージプライド,牡3,57.0,ルメート,2:04.2,10,33.2,6.0,494(-7),[西] 新谷功一,202508010104
7,5,5,アナポリス,牡3,57.0,酒井学,2:04.2,アタマ,297.8,9.0,528(0),[西] 浜田多実,202508010104
8,8,8,リッキースタイル,牡3,57.0,岩田望来,2:04.3,1/2,10.4,4.0,478(+2),[東] 水野貴広,202508010104
9,7,7,ユイットムーラン,牡3,57.0,川又賢治,2:04.5,1.1/4,279.3,8.0,480(+12),[東] 深山雅史,202508010104
1,5,9,ラブミーナッソー,牝3,55.0,藤岡佑介,1:27.0,,3.4,1.0,466(0),[西] 宮徹,202508010105
2,6,12,ミルトマジック,牡3,55.0,吉村誠之,1:27.0,クビ,5.5,3.0,462(0),[西] 杉山佳明,202508010105
3,3,6,ガビーズブラザー,牡3,57.0,浜中俊,1:27.1,3/4,22.4,8.0,490(0),[西] 牧田和弥,202508010105
4,1,2,ブラックタロー,牡3,57.0,岡田祥嗣,1:27.5,2.1/2,16.5,7.0,494(0),[西] 鈴木孝志,202508010105
5,5,10,ヴィヴァシャス,牝3,55.0,岩田康誠,1:27.6,1/2,11.8,6.0,416(0),[西] 笹田和秀,202508010105
6,6,11,ディアウス,牡3,57.0,Ｍ．デム,1:28.1,3,5.9,4.0,458(0),[西] 吉岡辰弥,202508010105
7,3,5,ジャスティントレノ,牡3,57.0,西村淳也,1:28.2,クビ,5.4,2.0,482(0),[西] 杉山晴紀,202508010105
8,2,4,ペイシャキセキ,牝3,55.0,水口優也,1:28.2,アタマ,27.1,9.0,448(0),[西] 吉田直弘,202508010105
9,8,16,メイショウキタダケ,牡3,57.0,城戸義政,1:28.5,1.3/4,219.2,16.0,450(0),[西] 荒川義之,202508010105
10,7,14,タイセイアズーロ,牝3,55.0,鮫島良太,1:29.0,3,11.2,5.0,480(0),[西] 牧浦充徳,202508010105
11,4,7,ウォーターキリンジ,牡3,57.0,加藤祥太,1:29.3,2,127.2,15.0,454(0),[西] 庄野靖志,202508010105
12,8,15,コイスルシャチョウ,牝3,55.0,荻野琢真,1:29.5,3/4,69.6,14.0,448(0),[西] 藤沢則雄,202508010105
13,4,8,テイエムコジーン,牡3,57.0,池添謙一,1:29.5,アタマ,52.0,12.0,498(0),[西] 浜田多実,202508010105
14,2,3,ナイスガイ,牡3,57.0,太宰啓介,1:30.0,3,47.5,11.0,512(0),[西] 河嶋宏樹,202508010105
15,1,1,リライトヒストリー,牡3,57.0,国分優作,1:31.0,6,67.7,13.0,474(0),[西] 安達昭夫,202508010105
16,7,13,サウンドアンフィニ,牝3,55.0,ルメート,1:31.8,5,37.1,10.0,516(0),[西] 安達昭夫,202508010105
1,2,2,フェアリーライク,牝3,55.0,岩田望来,1:47.1,,5.1,3.0,462(0),[西] 笹田和秀,202508010106
2,4,4,レッドフェルメール,牡3,57.0,松山弘平,1:47.8,4,1.8,1.0,470(0),[西] 藤原英昭,202508010106
3,6,6,ヤエギリ,牝3,55.0,藤岡佑介,1:48.0,1.1/4,22.7,5.0,482(-14),[西] 福永祐一,202508010106
4,7,7,アルハイルフォート,牡3,57.0,北村友一,1:48.5,3,3.3,2.0,502(-2),[西] 高野友和,202508010106
5,8,9,ボンドロア,牡3,57.0,太宰啓介,1:48.6,1/2,88.3,7.0,462(0),[西] 松永幹夫,202508010106
6,7,8,マイネルゲミュート,牡3,57.0,川須栄彦,1:49.0,2.1/2,333.1,10.0,426(+8),[東] 清水英克,202508010106
7,8,10,ゼットダイヤ,牡3,55.0,吉村誠之,1:49.4,2.1/2,56.2,6.0,506(-10),[西] 宮徹,202508010106
8,3,3,ジョウショーサクラ,牝3,54.0,田口貫太,1:50.0,3.1/2,118.3,8.0,450(+8),[西] 中尾秀正,202508010106
9,5,5,レフレクシオ,牝3,55.0,西村淳也,1:50.3,1.3/4,8.2,4.0,448(-4),[西] 斉藤崇史,202508010106
10,1,1,バイマイセルフ,牡3,57.0,ルメート,1:51.0,4,171.0,9.0,508(-2),[西] 高橋康之,202508010106
1,1,1,ドラゴンウェルズ,牡3,57.0,北村友一,1:12.3,,2.0,1.0,472(0),[西] 藤原英昭,202508010107
2,5,5,セントールビースト,牡3,55.0,吉村誠之,1:13.2,5,33.5,6.0,424(-6),[西] 羽月友彦,202508010107
3,4,4,レーンアジリティ,牡3,56.0,田口貫太,1:13.2,アタマ,39.3,7.0,474(+12),[西] 中尾秀正,202508010107
4,7,7,ディーエスショウマ,牡3,57.0,松山弘平,1:13.3,クビ,10.3,4.0,460(0),[西] 橋口慎介,202508010107
5,3,3,トリリオンボーイ,牡3,57.0,西村淳也,1:13.6,1.3/4,4.9,3.0,478(+10),[東] 武井亮,202508010107
6,2,2,オトメナシャチョウ,牝3,55.0,川田将雅,1:13.6,クビ,2.8,2.0,478(0),[西] 森秀行,202508010107
7,6,6,アースミューズ,牝3,55.0,池添謙一,1:13.9,1.3/4,143.0,8.0,446(+4),[東] 粕谷昌央,202508010107
8,8,8,ケイアイマハナ,牡3,57.0,岩田望来,1:14.7,5,23.2,5.0,490(0),[西] 村山明,202508010107
1,7,14,ヒルノドゴール,牡4,58.0,松山弘平,1:24.8,,2.1,1.0,522(-2),[西] 北出成人,202508010108
2,8,16,イエスウィズキャン,牡5,58.0,川須栄彦,1:25.3,3,67.2,11.0,548(+4),[西] 羽月友彦,202508010108
3,5,10,フォティック,牡5,58.0,酒井学,1:25.4,1/2,7.8,5.0,490(-4),[西] 飯田祐史,202508010108
4,3,6,ハイクライテリア,セ5,58.0,国分優作,1:25.4,ハナ,7.6,4.0,468(-10),[西] 羽月友彦,202508010108
5,6,11,ゼットスパンキー,牡4,58.0,藤岡佑介,1:25.5,1/2,26.1,7.0,474(+2),[西] 宮徹,202508010108
6,1,1,ブーヤカ,セ4,57.0,田口貫太,1:25.5,アタマ,6.3,2.0,452(+2),[西] 藤岡健一,202508010108
7,5,9,サンライズプルート,牡5,56.0,吉村誠之,1:25.6,クビ,6.7,3.0,470(-6),[西] 音無秀孝,202508010108
8,4,8,シンドリームシン,牡4,58.0,Ｍ．デム,1:25.8,1.1/4,13.2,6.0,488(-4),[西] 武幸四郎,202508010108
9,1,2,ペイシャスウィフト,牝4,56.0,太宰啓介,1:25.9,3/4,48.3,9.0,498(-8),[東] 本間忍,202508010108
10,6,12,スナークシュンソウ,牡7,58.0,岩田望来,1:26.1,3/4,28.8,8.0,542(+14),[西] 野中賢二,202508010108
11,2,3,ヒーローインチーフ,セ4,58.0,川又賢治,1:26.3,1.1/2,242.2,12.0,458(0),[西] 吉田直弘,202508010108
12,4,7,ウィービースティ,牡5,58.0,岩田康誠,1:27.2,5,248.8,13.0,500(-4),[西] 北出成人,202508010108
13,2,4,レグザゴン,牝4,56.0,北村友一,1:27.6,2.1/2,50.7,10.0,452(-10),[東] 斎藤誠,202508010108
14,3,5,ブルーデイジー,牝6,56.0,水口優也,1:27.8,3/4,551.8,15.0,454(+2),[東] 的場均,202508010108
15,8,15,プリュムドランジュ,牝5,56.0,荻野琢真,1:30.0,大,284.8,14.0,458(+6),[西] 藤沢則雄,202508010108
除,7,13,リネアグローリア,牡4,58.0,西村淳也,,,---,,492(+2),[西] 小崎憲,202508010108
1,5,5,モンテシート,牡3,57.0,ルメート,1:34.7,,3.5,2.0,494(-2),[西] 牧田和弥,202508010109
2,8,8,マッドマックス,牡3,57.0,北村友一,1:34.7,クビ,3.2,1.0,496(-6),[西] 西園正都,202508010109
3,3,3,ブーディガ,牝3,55.0,西村淳也,1:35.2,3,12.4,6.0,470(-8),[西] 奥村豊,202508010109
4,7,7,ノクナレア,牝3,55.0,松山弘平,1:35.3,1/2,6.5,4.0,450(-12),[西] 今野貞一,202508010109
5,2,2,ゴージャス,牝3,55.0,浜中俊,1:35.6,1.1/2,7.3,5.0,416(-2),[西] 四位洋文,202508010109
6,1,1,テイクイットオール,牡3,57.0,岩田望来,1:35.6,クビ,22.3,8.0,442(-4),[西] 中竹和也,202508010109
7,6,6,ホウオウアートマン,牡3,57.0,岩田康誠,1:35.6,ハナ,5.1,3.0,482(0),[西] 矢作芳人,202508010109
8,4,4,プロクレイア,牝3,55.0,藤岡佑介,1:35.9,1.3/4,22.0,7.0,448(-6),[西] 小林真也,202508010109
1,5,5,ウィープディライト,セ4,56.0,松山弘平,2:24.9,,4.3,3.0,500(0),[西] 池添学,202508010110
2,7,7,クルミナーレ,牡4,55.0,浜中俊,2:24.9,ハナ,3.1,1.0,510(+2),[西] 池江泰寿,202508010110
3,7,8,リミットバスター,牡5,55.0,ルメート,2:25.4,3,16.2,8.0,524(0),[西] 杉山晴紀,202508010110
4,2,2,サトノスカイターフ,牡7,56.0,北村友一,2:26.0,3.1/2,14.8,7.0,506(-2),[西] 池江泰寿,202508010110
5,8,10,リッチブラック,牡6,56.0,西村淳也,2:26.2,1.1/4,9.0,5.0,464(-2),[西] 西村真幸,202508010110
6,3,3,ログラール,牡4,56.0,坂井瑠星,2:26.4,1.1/4,4.2,2.0,480(+6),[西] 松永幹夫,202508010110
7,1,1,プレイリードリーム,牡9,56.0,Ｍ．デム,2:26.8,2.1/2,36.7,9.0,472(-2),[西] 安達昭夫,202508010110
8,4,4,マイノワール,牡4,56.0,岩田望来,2:27.0,1,8.1,4.0,464(0),[西] 笹田和秀,202508010110
9,6,6,ウェイビー,牝5,54.0,田口貫太,2:28.0,6,14.6,6.0,534(0),[西] 西村真幸,202508010110
10,8,9,ショウナンハウル,牡4,55.0,池添謙一,2:28.1,クビ,71.0,10.0,504(-2),[西] 松下武士,202508010110
1,5,6,ダブルハートボンド,牝4,55.0,坂井瑠星,1:52.2,,1.6,1.0,476(-2),[西] 大久保龍,202508010111
2,1,1,ネバーモア,牝4,55.0,藤岡佑介,1:52.8,3.1/2,5.0,2.0,494(+2),[西] 宮本博,202508010111
3,2,2,サトノアイオライト,牝4,55.0,川田将雅,1:52.8,クビ,8.7,4.0,484(+8),[西] 吉村圭司,202508010111
4,3,3,クレメダンジュ,牝5,56.0,吉村誠之,1:53.0,1.1/4,101.0,10.0,476(+2),[西] 鈴木孝志,202508010111
5,8,12,メイショウオーロラ,牝5,56.0,田口貫太,1:53.0,ハナ,75.1,9.0,506(-4),[西] 本田優,202508010111
6,6,7,バスタードサフラン,牝4,55.0,酒井学,1:53.2,3/4,12.5,5.0,466(-2),[西] 渡辺薫彦,202508010111
7,7,9,ヘニータイフーン,牝5,56.0,岩田望来,1:53.2,クビ,22.3,6.0,500(+2),[西] 中村直也,202508010111
8,8,11,ヨリノサファイヤ,牝5,56.0,川又賢治,1:53.3,クビ,244.8,11.0,518(-12),[東] 根本康広,202508010111
9,6,8,バロネッサ,牝4,55.0,松山弘平,1:53.7,2.1/2,6.4,3.0,514(+10),[東] 田中博康,202508010111
10,4,4,フラッパールック,牝5,56.0,西村淳也,1:54.2,2.1/2,58.8,7.0,458(0),[東] 林徹,202508010111
11,7,10,メイショウポペット,牝5,56.0,岩田康誠,1:54.3,1/2,65.1,8.0,502(+4),[西] 角田晃一,202508010111
12,5,5,レディーシス,牝6,56.0,国分優作,1:54.7,2.1/2,494.0,12.0,438(+4),[西] 小崎憲,202508010111
1,8,8,スイープアワーズ,牡5,58.0,坂井瑠星,1:34.8,,3.2,2.0,452(0),[西] 友道康夫,202508010112
2,5,5,エポックヴィーナス,牝4,56.0,松山弘平,1:34.9,1/2,5.5,3.0,442(+8),[西] 新谷功一,202508010112
3,6,6,オトコギアンパン,牡4,58.0,西村淳也,1:35.1,1.1/4,5.7,4.0,494(+2),[西] 小栗実,202508010112
4,3,3,ケイデンシーマーク,牝5,56.0,川田将雅,1:35.2,3/4,2.0,1.0,444(-6),[西] 福永祐一,202508010112
5,7,7,レッドベルアーム,牡6,57.0,田口貫太,1:35.2,クビ,23.2,5.0,542(+24),[西] 河嶋宏樹,202508010112
6,1,1,ベント,セ4,58.0,国分優作,1:35.5,1.3/4,130.9,7.0,446(+22),[西] 小崎憲,202508010112
7,2,2,プシプシーナ,牝4,54.0,吉村誠之,1:36.1,3.1/2,24.5,6.0,430(+18),[西] 小栗実,202508010112
8,4,4,サイモンメガライズ,牡7,55.0,鷲頭虎太,1:36.6,3.1/2,355.8,8.0,508(+10),[東] 根本康広,202508010112
1,7,10,デルマサクラサク,牝3,55.0,岩田康誠,1:55.6,,3.7,2.0,466(-14),[西] 牧田和弥,202508010201
2,1,1,ノンスタンダルド,牝3,55.0,戸崎圭太,1:56.0,2,2.9,1.0,496(0),[西] 茶木太樹,202508010201
3,8,11,ハギノコラソン,牝3,55.0,川又賢治,1:56.0,ハナ,5.1,3.0,472(+2),[西] 寺島良,202508010201
4,5,6,スフレ,牝3,53.0,吉村誠之,1:56.2,1.1/4,8.8,5.0,438(+2),[西] 野中賢二,202508010201
5,6,8,スーパーチャンド,牝3,55.0,ルメート,1:56.8,3.1/2,20.9,7.0,442(0),[西] 西村真幸,202508010201
6,2,2,レゲエパンチ,牝3,55.0,団野大成,1:57.6,5,30.1,9.0,416(0),[西] 吉田直弘,202508010201
7,6,7,テイケイウル,牝3,54.0,田口貫太,1:57.7,1/2,137.3,11.0,436(+2),[西] 大橋勇樹,202508010201
8,3,3,フィヤール,牝3,55.0,松山弘平,1:58.5,5,8.3,4.0,438(+4),[西] 藤原英昭,202508010201
9,7,9,バーミーズルビー,牝3,54.0,高杉吏麒,1:58.8,2,21.9,8.0,454(+4),[西] 小林真也,202508010201
10,8,12,オリビアサンライズ,牝3,55.0,藤懸貴志,1:59.0,1.1/4,18.7,6.0,420(-4),[西] 平田修,202508010201
11,4,4,シカレ,牝3,55.0,坂井瑠星,1:59.5,3,49.1,10.0,414(-4),[西] 矢作芳人,202508010201
12,5,5,シャイニーカラーズ,牝3,55.0,水口優也,1:59.8,2,169.4,12.0,478(+1),[西] 宮本博,202508010201
1,6,8,キングコロネット,牡3,56.0,田口貫太,1:13.0,,2.6,1.0,452(+2),[西] 大橋勇樹,202508010202
2,3,3,ホウショウマリス,牝3,55.0,戸崎圭太,1:13.2,3/4,5.0,4.0,456(0),[西] 河内洋,202508010202
3,8,11,トラヴェリンバンド,牡3,57.0,坂井瑠星,1:13.2,アタマ,3.3,2.0,482(+12),[西] 西村真幸,202508010202
4,5,6,バシリス,牝3,55.0,松山弘平,1:13.2,クビ,3.7,3.0,450(0),[西] 寺島良,202508010202
5,7,10,ドゥドゥ,牡3,57.0,岩田康誠,1:13.5,1.1/2,34.0,6.0,442(+8),[西] 石坂公一,202508010202
6,1,1,タマモアオゾラ,牡3,57.0,幸英明,1:13.7,1.1/4,118.1,8.0,444(+2),[西] 木原一良,202508010202
7,6,7,バトンロード,牡3,57.0,太宰啓介,1:14.3,3.1/2,61.5,7.0,478(-2),[西] 石橋守,202508010202
8,4,4,ヒカリスペクトル,牡3,57.0,水口優也,1:14.3,アタマ,503.9,12.0,458(-4),[東] 松永康利,202508010202
9,8,12,サンスノーホワイト,牝3,55.0,国分優作,1:14.4,3/4,258.4,11.0,422(0),[西] 四位洋文,202508010202
10,5,5,テイエムダイタカ,牡3,57.0,酒井学,1:14.4,ハナ,20.6,5.0,428(-2),[西] 木原一良,202508010202
11,7,9,チュンビーム,牝3,55.0,木幡初也,1:15.4,6,208.7,9.0,454(+6),[東] 深山雅史,202508010202
12,2,2,ラヴリーチェリー,牝3,53.0,吉村誠之,1:17.2,大,240.4,10.0,384(-8),[西] 藤沢則雄,202508010202
1,4,4,クリノラピダス,牡3,57.0,幸英明,1:56.5,,6.9,4.0,458(+2),[西] 谷潔,202508010203
2,6,6,キタノチェンジ,牡3,56.0,田口貫太,1:56.7,1.1/2,122.0,8.0,440(0),[西] 羽月友彦,202508010203
3,3,3,ソングコレクター,牝3,55.0,松山弘平,1:56.8,アタマ,1.9,1.0,482(0),[西] 小林真也,202508010203
4,8,10,サンリットアワーズ,牡3,57.0,ルメート,1:56.9,3/4,5.8,3.0,490(+6),[西] 中内田充,202508010203
5,8,9,アースグレーザー,牡3,57.0,岩田康誠,1:56.9,クビ,4.6,2.0,484(+4),[西] 中村直也,202508010203
6,1,1,ヤマワケ,牡3,57.0,三浦皇成,1:57.5,3.1/2,17.3,6.0,544(-4),[東] 伊藤大士,202508010203
7,7,8,オドラニャソンソン,牡3,55.0,吉村誠之,1:57.6,3/4,118.5,7.0,458(+4),[西] 音無秀孝,202508010203
8,2,2,ダンツアトム,牡3,57.0,太宰啓介,1:59.8,大,225.8,9.0,514(+4),[西] 本田優,202508010203
9,7,7,アスクアットバット,牡3,57.0,北村友一,2:00.1,1.1/2,8.2,5.0,488(+6),[西] 藤原英昭,202508010203
除,5,5,オメガショータイム,牡3,57.0,団野大成,,,---,,480(-4),[西] 松永幹夫,202508010203
1,4,4,ヤマニンバロネス,牝3,55.0,川田将雅,1:25.7,,1.6,1.0,458(-4),[西] 千田輝彦,202508010204
2,5,5,アンズアメ,牝3,55.0,坂井瑠星,1:25.8,クビ,5.5,2.0,468(0),[西] 高柳大輔,202508010204
3,3,3,トゥロン,牝3,55.0,ルメート,1:25.9,1,6.8,3.0,514(-2),[西] 佐々木晶,202508010204
4,7,7,オリージネアリア,牝3,54.0,田口貫太,1:26.0,クビ,15.7,6.0,416(-12),[西] 吉村圭司,202508010204
5,2,2,アーデルリーベ,牝3,55.0,幸英明,1:26.1,3/4,6.9,4.0,446(-16),[西] 斉藤崇史,202508010204
6,6,6,ビーコ,牝3,55.0,木幡初也,1:26.4,1.3/4,67.5,7.0,484(+4),[東] 竹内正洋,202508010204
7,1,1,フルドド,牝3,54.0,高杉吏麒,1:26.4,クビ,10.5,5.0,460(-8),[西] 茶木太樹,202508010204
1,8,17,ハギノピアチェーレ,牝3,55.0,藤懸貴志,1:49.9,,25.1,7.0,464(0),[西] 高野友和,202508010205
2,8,16,ニューヤンキー,牝3,55.0,石川裕紀,1:50.0,クビ,5.4,3.0,486(0),[西] 中内田充,202508010205
3,4,8,アクチノータス,牝3,55.0,坂井瑠星,1:50.5,3,2.6,1.0,460(0),[西] 矢作芳人,202508010205
4,4,7,サトノベリル,牝3,55.0,団野大成,1:50.5,アタマ,7.6,5.0,426(0),[西] 吉岡辰弥,202508010205
5,6,12,アドラビーレ,牝3,55.0,酒井学,1:50.8,2,135.7,13.0,434(0),[西] 石坂公一,202508010205
6,2,4,ウフルピーク,牝3,54.0,高杉吏麒,1:51.4,3.1/2,4.8,2.0,404(0),[西] 藤岡健一,202508010205
7,1,2,タガノポストマン,牡3,57.0,中井裕二,1:51.5,1,111.6,12.0,488(0),[西] 鈴木孝志,202508010205
8,6,11,チャチャピンク,牡3,57.0,太宰啓介,1:51.7,1,42.7,9.0,458(0),[西] 北出成人,202508010205
9,1,1,ゴートゥーミジョカ,牝3,55.0,水口優也,1:52.0,2,232.9,16.0,438(0),[西] 宮本博,202508010205
10,7,13,スワローサプライズ,牝3,53.0,吉村誠之,1:52.3,1.1/2,38.0,8.0,454(0),[西] 杉山晴紀,202508010205
11,2,3,レヴァンティス,牝3,55.0,戸崎圭太,1:52.7,2.1/2,21.6,6.0,458(0),[西] 友道康夫,202508010205
12,3,5,アバットゥータ,牡3,57.0,三浦皇成,1:52.7,クビ,110.1,11.0,474(0),[西] 中竹和也,202508010205
13,8,15,メイショウイントロ,牝3,55.0,木幡初也,1:53.6,5,163.2,14.0,466(0),[西] 飯田祐史,202508010205
14,7,14,チアフォーアス,牝3,55.0,和田翼,1:53.7,クビ,340.5,17.0,430(0),[西] 谷潔,202508010205
15,3,6,メイショウユウアイ,牝3,55.0,幸英明,1:54.0,2,52.4,10.0,458(0),[西] 石橋守,202508010205
16,5,9,ヴィエルネスサント,牡3,57.0,松山弘平,1:54.5,3,6.7,4.0,464(0),[西] 須貝尚介,202508010205
中,5,10,ダントレ,牡3,57.0,国分優作,,,220.8,15.0,500(0),[西] 笹田和秀,202508010205
1,4,4,シンゼンカガ,牡3,57.0,幸英明,1:35.7,,25.6,8.0,448(-4),[西] 荒川義之,202508010206
2,3,3,プチプランス,牡3,56.0,高杉吏麒,1:35.9,1,3.5,2.0,492(+10),[西] 藤岡健一,202508010206
3,2,2,マテンロウカナロア,牡3,57.0,坂井瑠星,1:35.9,クビ,7.5,4.0,476(-4),[西] 野中賢二,202508010206
4,6,8,ショウナンタハティ,牡3,57.0,岩田康誠,1:36.0,3/4,66.1,10.0,500(+10),[東] 大竹正博,202508010206
5,6,7,ルクスフレンジー,牡3,57.0,酒井学,1:36.1,1/2,30.6,9.0,480(0),[西] 松永幹夫,202508010206
6,5,6,ワンウェイトゥヘル,牡3,57.0,松山弘平,1:36.3,1.1/4,8.4,5.0,460(-2),[西] 中村直也,202508010206
7,7,9,メイショウハダル,牝3,53.0,吉村誠之,1:36.4,クビ,7.3,3.0,424(-2),[西] 河内洋,202508010206
8,1,1,アルピノ,牡3,57.0,団野大成,1:36.4,クビ,2.9,1.0,452(-12),[西] 千田輝彦,202508010206
9,8,12,ツインギ,牝3,55.0,三浦皇成,1:36.7,1.3/4,14.3,7.0,476(-12),[西] 小栗実,202508010206
10,8,11,リーティアコナル,牡3,57.0,戸崎圭太,1:36.8,1/2,14.2,6.0,486(+2),[西] 友道康夫,202508010206
11,5,5,ミエノシリウス,牡3,56.0,田口貫太,1:37.0,1.1/4,99.5,11.0,442(-10),[東] 宗像義忠,202508010206
除,7,10,ケリフレッドアスク,牝3,55.0,ルメート,,,---,,446(+4),[西] 藤原英昭,202508010206
1,5,6,メイショウトム,牡4,56.0,高杉吏麒,1:54.3,,76.1,9.0,488(-4),[西] 河内洋,202508010207
2,4,5,オウケンシルヴァー,牡4,57.0,木幡初也,1:54.6,1.3/4,11.3,5.0,496(0),[東] 松永康利,202508010207
3,8,12,レイワサンサン,牡4,57.0,川田将雅,1:54.6,クビ,2.3,1.0,492(-6),[西] 高柳大輔,202508010207
4,6,9,シゲルオトヒメ,牝6,56.0,酒井学,1:54.7,クビ,101.9,10.0,430(-2),[西] 谷潔,202508010207
5,1,1,ジーティーパワー,牡4,57.0,戸崎圭太,1:54.9,1.1/4,6.2,3.0,536(+2),[西] 中村直也,202508010207
6,3,3,メイショウタムシバ,牝4,55.0,北村友一,1:55.0,クビ,3.2,2.0,420(-6),[西] 飯田祐史,202508010207
7,4,4,ゴルデールスカー,牡5,58.0,坂井瑠星,1:55.1,1/2,16.2,6.0,466(-2),[西] 大久保龍,202508010207
8,7,11,タキ,牡4,57.0,松山弘平,1:56.0,5,35.3,7.0,438(+8),[西] 高橋一哉,202508010207
9,6,8,アルマーザアミール,牡4,57.0,団野大成,1:56.6,3.1/2,47.4,8.0,486(-10),[西] 斉藤崇史,202508010207
10,8,13,ユウトザキンパツ,牡4,57.0,ルメート,1:56.7,クビ,198.1,12.0,496(+20),[西] 小崎憲,202508010207
11,2,2,ピュアマークス,牡5,56.0,吉村誠之,1:57.2,3,143.8,11.0,504(0),[西] 畑端省吾,202508010207
12,7,10,マルモルミエール,牡5,58.0,田中健,1:58.0,5,374.4,13.0,500(+4),[西] 木原一良,202508010207
13,5,7,トーレ,牡4,57.0,太宰啓介,2:00.8,大,7.8,4.0,492(-2),[西] 高橋亮,202508010207
1,1,1,ジャスティンアース,牡4,56.0,吉村誠之,1:23.4,,5.8,3.0,482(-4),[西] 杉山晴紀,202508010208
2,5,6,レッドダンルース,牡5,58.0,川田将雅,1:24.3,5,4.3,2.0,474(-8),[西] 福永祐一,202508010208
3,6,8,トクシーカイザー,牡5,58.0,石川裕紀,1:24.4,1/2,6.8,4.0,468(-14),[東] 小島茂之,202508010208
4,8,11,キタノブライド,牝5,56.0,国分優作,1:25.2,5,157.4,12.0,428(-4),[西] 坂口智康,202508010208
5,8,12,サザーランド,牝5,56.0,藤懸貴志,1:25.3,1/2,2.4,1.0,462(+2),[西] 小林真也,202508010208
6,7,9,プルートマスター,牡6,58.0,松山弘平,1:25.7,2.1/2,16.0,6.0,500(+2),[西] 今野貞一,202508010208
7,5,5,フェリ,牝5,56.0,中井裕二,1:25.8,クビ,43.2,9.0,462(-8),[西] 佐々木晶,202508010208
8,4,4,ストリンジェンド,牡5,58.0,北村友一,1:26.0,1.1/2,10.7,5.0,486(+18),[西] 音無秀孝,202508010208
9,3,3,レオスパーク,牡4,58.0,岩田康誠,1:26.0,クビ,34.1,8.0,506(+6),[東] 牧光二,202508010208
10,2,2,タマモプルメリア,牝4,55.0,田口貫太,1:26.3,1.3/4,73.4,11.0,454(+2),[西] 大橋勇樹,202508010208
11,7,10,アナスタシス,牝4,56.0,幸英明,1:27.2,5,61.3,10.0,460(0),[西] 岡田稲男,202508010208
12,6,7,ブライトルピナス,牝4,56.0,団野大成,1:28.2,6,20.6,7.0,476(+2),[西] 鮫島一歩,202508010208
1,6,6,レーウィン,セ4,57.0,岩田康誠,1:53.1,,7.2,4.0,504(-4),[西] 上村洋行,202508010209
2,5,5,ジョータルマエ,セ5,58.0,鮫島良太,1:53.4,2,4.5,2.0,494(-6),[西] 河嶋宏樹,202508010209
3,7,8,ダディーズトリップ,牡9,58.0,団野大成,1:53.5,3/4,29.9,7.0,478(0),[西] 千田輝彦,202508010209
4,8,9,ヒルノデプラーツ,牡6,58.0,松山弘平,1:53.6,1/2,50.6,8.0,498(-4),[西] 北出成人,202508010209
5,2,2,シンヨモギネス,牡7,58.0,三浦皇成,1:53.7,1/2,20.2,6.0,486(-2),[東] 伊藤圭三,202508010209
6,4,4,ピジョンブラッド,牝6,56.0,酒井学,1:53.7,クビ,177.4,10.0,508(+4),[西] 荒川義之,202508010209
7,3,3,レッドリベルタ,牡4,57.0,戸崎圭太,1:54.1,2,2.1,1.0,456(+6),[西] 庄野靖志,202508010209
8,8,10,ダブルジョーク,牡5,58.0,北村友一,1:54.4,2,5.2,3.0,556(-12),[西] 小林真也,202508010209
9,1,1,ルーパステソーロ,牡7,58.0,幸英明,1:55.2,5,70.0,9.0,550(+2),[東] 千葉直人,202508010209
10,7,7,イモータルバード,牡4,57.0,坂井瑠星,1:56.9,10,8.8,5.0,474(-4),[東] 栗田徹,202508010209
1,7,7,リビアングラス,牡5,58.0,坂井瑠星,2:15.8,,4.7,3.0,496(+8),[西] 矢作芳人,202508010210
2,6,6,インザモーメント,牡4,57.0,川田将雅,2:15.8,クビ,1.5,1.0,490(-2),[西] 田中克典,202508010210
3,2,2,ミステリーウェイ,セ7,58.0,団野大成,2:16.1,2,14.9,4.0,508(+8),[西] 小林真也,202508010210
4,4,4,チルカーノ,牝4,55.0,北村友一,2:16.1,ハナ,3.9,2.0,464(+4),[西] 高野友和,202508010210
5,1,1,ミタマ,牝5,56.0,ルメート,2:16.9,5,27.2,5.0,492(+8),[西] 小崎憲,202508010210
6,5,5,プリマヴィータ,牝6,56.0,幸英明,2:17.4,3,51.3,6.0,462(+2),[西] 藤沢則雄,202508010210
7,3,3,パワータイショウ,牡6,58.0,加藤祥太,2:19.2,大,92.1,7.0,524(-4),[西] 村山明,202508010210
1,6,11,エイシンフェンサー,牝5,55.0,川又賢治,1:08.2,,27.4,9.0,480(+4),[西] 吉村圭司,202508010211
2,7,14,グランテスト,牝5,53.0,団野大成,1:08.5,1.1/2,30.5,10.0,472(-2),[西] 今野貞一,202508010211
3,5,9,ウインカーネリアン,牡8,59.0,三浦皇成,1:08.6,1/2,8.5,4.0,522(0),[東] 鹿戸雄一,202508010211
4,7,13,カピリナ,牝4,54.0,戸崎圭太,1:08.6,クビ,4.1,2.0,478(0),[東] 田島俊明,202508010211
5,2,3,メイショウソラフネ,牡6,57.0,酒井学,1:08.6,アタマ,10.5,5.0,452(-2),[西] 石橋守,202508010211
6,8,17,プルパレイ,セ6,57.0,高杉吏麒,1:08.7,アタマ,121.4,14.0,502(-2),[西] 須貝尚介,202508010211
7,6,12,マイヨアポア,牝7,54.0,北村友一,1:08.7,クビ,200.4,16.0,480(-8),[東] 和田正一,202508010211
8,2,4,スリーアイランド,牝5,52.0,幸英明,1:08.7,ハナ,26.5,8.0,490(-2),[西] 中竹和也,202508010211
9,1,2,ピューロマジック,牝4,56.5,坂井瑠星,1:08.8,クビ,3.6,1.0,454(0),[西] 安田翔伍,202508010211
10,8,15,レッドアヴァンティ,牡6,55.0,ルメート,1:09.0,1.1/4,62.0,11.0,500(+10),[東] 尾関知人,202508010211
11,5,10,ジャングロ,牡6,57.0,中井裕二,1:09.2,1.1/4,129.1,15.0,482(+4),[西] 森秀行,202508010211
12,3,6,ダノンタッチダウン,セ5,56.0,吉村誠之,1:09.2,ハナ,95.1,13.0,538(-6),[東] 堀宣行,202508010211
13,4,7,クファシル,牡5,55.0,松山弘平,1:09.5,1.3/4,13.6,6.0,502(+10),[西] 池添学,202508010211
14,1,1,ペアポルックス,牡4,57.0,岩田康誠,1:09.9,2.1/2,4.3,3.0,480(+2),[西] 梅田智之,202508010211
15,3,5,セントメモリーズ,牝4,53.0,石川裕紀,1:10.0,クビ,19.4,7.0,492(+12),[東] 斎藤誠,202508010211
16,4,8,シロン,牝6,53.0,田口貫太,1:10.4,2,78.8,12.0,534(+2),[西] 小栗実,202508010211
除,8,16,ソンシ,牡4,57.5,川田将雅,,,---,,502(0),[西] 中内田充,202508010211
1,8,18,フライングブレード,牡5,58.0,三浦皇成,1:23.0,,15.9,8.0,492(0),[西] 飯田祐史,202508010212
2,7,13,インペリアルコート,牝5,56.0,北村友一,1:23.0,クビ,10.1,4.0,444(+8),[西] 畑端省吾,202508010212
3,1,2,サダメ,牝4,56.0,幸英明,1:23.0,アタマ,2.7,1.0,460(+2),[西] 畑端省吾,202508010212
4,8,17,ショウナンラウール,牝4,55.0,田口貫太,1:23.2,3/4,5.4,2.0,430(-2),[西] 高橋義忠,202508010212
5,2,4,ペルフェツィオーネ,牡4,58.0,藤懸貴志,1:23.2,クビ,32.4,11.0,468(-2),[西] 杉山佳明,202508010212
6,5,10,シャーリーゴールド,牝4,56.0,坂井瑠星,1:23.2,アタマ,7.8,3.0,466(+10),[西] 須貝尚介,202508010212
7,2,3,リアライズ,牡5,56.0,吉村誠之,1:23.4,1.1/4,11.0,5.0,512(+6),[西] 石橋守,202508010212
8,3,5,アムールリーベ,牝4,56.0,水口優也,1:23.5,クビ,55.8,13.0,490(+12),[西] 宮地貴稔,202508010212
9,6,12,フーレイ,牝6,56.0,中井裕二,1:23.9,2.1/2,172.6,16.0,470(-2),[西] 藤沢則雄,202508010212
10,6,11,ダノンアルム,牝4,56.0,石川裕紀,1:24.1,1.1/4,15.6,6.0,456(-4),[西] 佐々木晶,202508010212
11,4,7,アンテロース,牡5,58.0,岩田康誠,1:24.2,1/2,42.8,12.0,464(+6),[西] 岡田稲男,202508010212
12,8,16,メイショウソニック,牡4,58.0,太宰啓介,1:24.2,ハナ,26.4,10.0,466(+4),[西] 石橋守,202508010212
13,4,8,エイシンオニキス,牝4,56.0,川又賢治,1:24.4,1.1/4,80.4,15.0,424(0),[西] 渡辺薫彦,202508010212
14,7,15,オールデュスヴラン,牡4,58.0,団野大成,1:24.5,1,61.2,14.0,482(+10),[西] 池江泰寿,202508010212
15,3,6,ウフフトルンナ,牝4,56.0,国分優作,1:25.1,3.1/2,278.2,17.0,532(-2),[西] 大根田裕,202508010212
16,1,1,アリーバ,牝4,55.0,高杉吏麒,1:25.2,1/2,20.0,9.0,434(+10),[西] 田中克典,202508010212
17,5,9,ストレイトアスク,牝4,56.0,戸崎圭太,1:26.1,5,15.6,7.0,434(-2),[西] 藤原英昭,202508010212
除,7,14,コネッシオーネ,牝4,56.0,松山弘平,,,---,,450(-2),[西] 杉山晴紀,202508010212
1,3,3,スーパージョック,牡3,57.0,坂井瑠星,1:54.5,,1.7,1.0,488(+6),[西] 佐々木晶,202508010301
2,7,9,ドウジギリ,牡3,57.0,松山弘平,1:54.7,3/4,3.9,2.0,472(+4),[西] 西園正都,202508010301
3,6,8,エイユーファイヤー,牡3,57.0,中井裕二,1:54.8,3/4,5.1,3.0,500(0),[西] 森田直行,202508010301
4,5,5,ウエスタンレーヴ,牡3,57.0,鮫島克駿,1:55.3,2.1/2,38.1,7.0,500(0),[西] 矢作芳人,202508010301
5,4,4,モズシューター,牡3,57.0,Ｍ．デム,1:56.5,7,27.1,6.0,486(+6),[西] 飯田祐史,202508010301
6,1,1,ベイストラトラ,牡3,56.0,高杉吏麒,1:57.3,5,20.3,5.0,476(-2),[西] 鮫島一歩,202508010301
7,6,7,ブレゲアン,牡3,57.0,田辺裕信,1:57.6,1.3/4,19.1,4.0,474(-4),[東] 田村康仁,202508010301
8,8,11,トーアグッドラック,牡3,54.0,橋木太希,1:58.0,2.1/2,253.9,12.0,472(0),[西] 村山明,202508010301
9,8,12,アナポリス,牡3,57.0,古川吉洋,1:59.3,8,227.9,11.0,532(+4),[西] 浜田多実,202508010301
10,7,10,ゴールドプレミアム,牡3,57.0,幸英明,1:59.9,3.1/2,41.4,8.0,448(-4),[西] 大橋勇樹,202508010301
11,5,6,グレートジーンズ,牡3,57.0,菱田裕二,2:02.6,大,204.2,10.0,458(+2),[西] 音無秀孝,202508010301
12,2,2,ノイエムジーク,牡3,57.0,岩田望来,2:04.9,大,50.1,9.0,494(+2),[西] 須貝尚介,202508010301
1,8,10,オーレアミスト,牡3,57.0,岩田望来,2:03.1,,1.6,1.0,498(+4),[西] 友道康夫,202508010302
2,7,8,リアルサファリ,牝3,55.0,西村淳也,2:03.2,1/2,23.2,7.0,464(+8),[西] 小崎憲,202508010302
3,2,2,パーフェクト,牡3,55.0,吉村誠之,2:03.6,2.1/2,5.9,2.0,484(-8),[西] 松下武士,202508010302
4,6,6,フクキタテーラー,牝3,55.0,菱田裕二,2:04.1,3,20.9,6.0,434(0),[西] 河内洋,202508010302
5,8,11,トーラスキング,牡3,57.0,国分優作,2:04.3,1.1/2,70.0,9.0,450(+6),[西] 庄野靖志,202508010302
6,3,3,トルストイ,牡3,57.0,団野大成,2:04.5,1.1/4,8.8,4.0,504(0),[西] 杉山晴紀,202508010302
7,7,9,メイショウフソウ,牡3,57.0,城戸義政,2:05.7,7,240.4,11.0,496(-2),[西] 荒川義之,202508010302
8,6,7,ノーザトゥルース,牝3,52.0,橋木太希,2:05.9,1,207.1,10.0,456(+2),[西] 村山明,202508010302
9,4,4,インターステラ,牡3,57.0,北村友一,2:06.0,1/2,46.9,8.0,490(+8),[東] 中舘英二,202508010302
10,1,1,キタサンモンドー,牡3,57.0,松山弘平,2:07.1,7,11.1,5.0,480(-4),[西] 橋口慎介,202508010302
中,5,5,ロロノア,牡3,57.0,古川吉洋,,,7.7,3.0,462(-6),[西] 昆貢,202508010302
1,8,12,エンダードラゴン,牡3,57.0,武豊,1:25.9,,2.1,1.0,518(+4),[西] 友道康夫,202508010303
2,5,5,リメンバーヒム,牡3,56.0,高杉吏麒,1:26.9,6,83.9,10.0,448(-12),[西] 浜田多実,202508010303
3,4,4,ブレイジングスター,牡3,54.0,橋木太希,1:27.5,3.1/2,10.0,4.0,484(-4),[西] 高橋康之,202508010303
4,7,9,メイショウタビズキ,牡3,57.0,岩田望来,1:27.6,3/4,21.1,7.0,454(+6),[西] 笹田和秀,202508010303
5,6,8,ボーヌロマネ,牡3,57.0,鮫島克駿,1:27.7,1/2,3.7,2.0,442(-2),[西] 橋口慎介,202508010303
6,6,7,ダシータピット,牡3,57.0,西村淳也,1:27.9,3/4,13.4,6.0,460(-2),[西] 中竹和也,202508010303
7,1,1,レネネト,牝3,55.0,北村友一,1:28.1,1.1/4,11.8,5.0,506(0),[西] 田中克典,202508010303
8,2,2,イモルテル,セ3,55.0,吉村誠之,1:28.2,クビ,60.1,8.0,506(+8),[西] 清水久詞,202508010303
9,5,6,ビリオネアボーイ,牡3,57.0,川田将雅,1:28.5,1.1/2,5.9,3.0,478(-4),[西] 新谷功一,202508010303
10,8,11,メイショウツクモ,牝3,55.0,高倉稜,1:28.6,1/2,346.8,12.0,408(-8),[西] 安達昭夫,202508010303
11,7,10,サンジャシント,牡3,57.0,幸英明,1:28.7,3/4,104.3,11.0,480(+2),[西] 石坂公一,202508010303
12,3,3,サラサハウナイス,牡3,57.0,菱田裕二,1:28.7,クビ,70.6,9.0,490(-2),[西] 岡田稲男,202508010303
1,6,12,ポイントネモ,牡3,57.0,坂井瑠星,1:56.4,,2.2,1.0,488(0),[西] 大久保龍,202508010304
2,7,14,サッポロキタコ,牝3,55.0,浜中俊,1:56.7,2,5.1,2.0,474(0),[西] 田中克典,202508010304
3,5,9,テーオーニュートン,牡3,57.0,岩田望来,1:57.6,5,8.8,4.0,478(0),[西] 上村洋行,202508010304
4,8,15,グレイルクエスト,牡3,57.0,鮫島克駿,1:57.6,ハナ,27.2,8.0,480(0),[西] 小栗実,202508010304
5,4,7,シャオシンユン,牝3,55.0,松山弘平,1:57.8,1,15.3,7.0,438(0),[西] 西園正都,202508010304
6,7,13,シャイニーヒル,牡3,57.0,田辺裕信,1:57.9,1/2,13.6,6.0,488(0),[東] 尾関知人,202508010304
7,6,11,ボンズドゥッカ,牡3,57.0,中井裕二,1:58.9,6,74.2,12.0,540(0),[東] 西田雄一,202508010304
8,3,5,アサガクル,牝3,55.0,武豊,1:59.1,1,10.2,5.0,452(0),[西] 小崎憲,202508010304
9,1,2,トゥライトゥーラ,牡3,57.0,森裕太朗,1:59.3,1,181.0,16.0,478(0),[西] 中竹和也,202508010304
10,2,3,ガウラサンダー,牡3,57.0,国分優作,1:59.3,ハナ,48.7,9.0,472(0),[西] 高柳大輔,202508010304
11,3,6,ミナミジュウジセイ,牡3,57.0,水口優也,2:00.1,5,56.7,10.0,502(0),[西] 浜田多実,202508010304
12,5,10,フォルスマジック,牡3,57.0,池添謙一,2:00.8,4,175.0,15.0,478(0),[東] 菊川正達,202508010304
13,8,16,ワンダーレジット,牡3,57.0,ルメート,2:00.8,アタマ,82.0,13.0,488(0),[東] 斎藤誠,202508010304
14,4,8,ビップアリエル,牝3,55.0,北村友一,2:01.0,1,65.0,11.0,448(0),[西] 小椋研介,202508010304
15,1,1,ボンマティ,牝3,55.0,幸英明,2:01.7,4,97.6,14.0,478(0),[西] 高橋義忠,202508010304
16,2,4,タンテドヴィーヴル,牡3,57.0,団野大成,2:02.3,3.1/2,8.0,3.0,476(0),[西] 斉藤崇史,202508010304
1,1,1,インヴォーグ,牝3,55.0,川田将雅,1:36.3,,4.3,2.0,480(-2),[西] 福永祐一,202508010305
2,4,8,ベビーズブレス,牝3,54.0,高杉吏麒,1:36.5,1.1/4,8.0,4.0,426(0),[西] 千田輝彦,202508010305
3,2,4,アークシャルダーム,牝3,55.0,岩田望来,1:36.7,1.1/4,39.2,11.0,470(+4),[西] 友道康夫,202508010305
4,4,7,パスコード,牝3,53.0,吉村誠之,1:36.8,1/2,7.8,3.0,436(+6),[西] 高柳大輔,202508010305
5,7,15,ルクスジニア,牝3,55.0,池添謙一,1:36.9,クビ,2.8,1.0,444(0),[西] 平田修,202508010305
6,1,2,ソレエスピアージャ,牝3,55.0,武豊,1:37.0,3/4,22.2,8.0,444(-10),[西] 松永幹夫,202508010305
7,8,16,ヴァイスクレー,牝3,55.0,西村淳也,1:37.1,3/4,17.2,6.0,436(0),[西] 奥村豊,202508010305
8,5,9,ウインロゼライト,牝3,55.0,松山弘平,1:37.2,クビ,9.8,5.0,428(-12),[西] 寺島良,202508010305
9,3,5,マジックローズ,牝3,55.0,ルメート,1:37.6,2.1/2,28.4,9.0,440(0),[西] 中内田充,202508010305
10,7,13,ドライヴサンライズ,牝3,55.0,Ｍ．デム,1:37.7,1,46.0,12.0,424(0),[西] 茶木太樹,202508010305
11,3,6,オーサムシャドウ,牝3,55.0,団野大成,1:37.9,1.1/4,138.8,14.0,430(-6),[西] 斉藤崇史,202508010305
12,8,18,ドゥラルーナ,牝3,55.0,浜中俊,1:38.0,3/4,33.5,10.0,452(-2),[西] 清水久詞,202508010305
13,6,12,アメリータ,牝3,55.0,鮫島克駿,1:38.1,1/2,62.8,13.0,424(0),[西] 今野貞一,202508010305
14,5,10,ミストラルフェザー,牝3,55.0,幸英明,1:38.1,アタマ,149.4,15.0,476(-2),[西] 茶木太樹,202508010305
15,2,3,クリフウォーク,牝3,55.0,北村友一,1:38.2,1,18.9,7.0,458(+6),[西] 池添学,202508010305
16,7,14,ヴィーショラ,牝3,55.0,高倉稜,1:38.4,1.1/4,455.3,18.0,388(0),[西] 北出成人,202508010305
17,6,11,クインズパフェ,牝3,55.0,藤懸貴志,1:38.5,クビ,413.8,17.0,448(+6),[西] 藤野健太,202508010305
18,8,17,クルールローザンヌ,牝3,55.0,菱田裕二,1:38.9,2.1/2,152.7,16.0,434(-6),[西] 橋口慎介,202508010305
1,7,8,コルレオニス,牡4,57.0,川田将雅,1:47.7,,6.1,3.0,462(+16),[西] 友道康夫,202508010306
2,8,11,ファーヴェント,牡4,57.0,松山弘平,1:47.7,クビ,1.6,1.0,506(+4),[西] 藤原英昭,202508010306
3,3,3,スカイサーベイ,牡4,57.0,坂井瑠星,1:48.5,5,3.9,2.0,476(0),[西] 池添学,202508010306
4,8,10,トゥルーサクセサー,牡4,57.0,団野大成,1:48.6,1/2,18.1,6.0,466(+2),[東] 高木登,202508010306
5,6,6,バガン,牡7,56.0,吉村誠之,1:48.7,3/4,14.6,4.0,478(+2),[西] 宮地貴稔,202508010306
6,4,4,モアニ,牝4,52.0,橋木太希,1:48.7,アタマ,42.8,7.0,474(+14),[西] 高橋康之,202508010306
7,6,7,アウローラシエル,牡5,58.0,中井裕二,1:49.1,2,222.1,8.0,516(+16),[西] 森田直行,202508010306
8,1,1,ヴィヴィッシモ,牡5,58.0,Ｍ．デム,1:49.3,1.1/4,17.1,5.0,466(-2),[西] 松永幹夫,202508010306
9,7,9,オーサムユニバンス,牡4,57.0,藤懸貴志,1:49.3,クビ,222.6,9.0,436(+8),[西] 平田修,202508010306
10,2,2,クラウドクラスター,牡6,55.0,今村聖奈,1:52.0,大,385.6,10.0,478(-12),[東] 和田雄二,202508010306
11,5,5,クラウンパント,牝4,55.0,国分優作,1:52.3,2,539.3,11.0,408(-2),[東] 加藤和宏,202508010306
1,5,8,ルミッキ,牝4,56.0,菱田裕二,1:25.9,,4.7,3.0,456(-2),[西] 橋口慎介,202508010307
2,4,6,ロンシャンクイーン,牝5,56.0,坂井瑠星,1:25.9,アタマ,4.7,2.0,440(+2),[西] 野中賢二,202508010307
3,7,12,チェイスザウェイ,牝5,56.0,田辺裕信,1:26.0,クビ,51.8,11.0,476(+6),[東] 伊藤圭三,202508010307
4,4,7,ヴェロクオーレ,牝4,54.0,吉村誠之,1:26.1,1/2,16.3,6.0,476(-11),[西] 石坂公一,202508010307
5,8,15,アンナバローズ,牝4,56.0,岩田望来,1:26.3,1.1/2,5.3,4.0,496(0),[西] 辻野泰之,202508010307
6,7,13,ホウオウジュビリー,牝5,56.0,幸英明,1:26.6,1.3/4,53.5,12.0,480(-2),[東] 西田雄一,202508010307
7,2,2,イリスアスール,牝4,56.0,ルメート,1:26.8,1.1/4,50.1,10.0,466(-8),[西] 角田晃一,202508010307
8,3,4,ドナウパール,牝5,56.0,団野大成,1:26.9,1/2,18.5,7.0,460(+4),[西] 斉藤崇史,202508010307
9,6,10,ルクスノア,牝4,56.0,池添謙一,1:27.1,1,10.0,5.0,476(+8),[西] 平田修,202508010307
10,5,9,ベレニーチェ,牝4,56.0,高倉稜,1:27.5,2.1/2,3.9,1.0,466(0),[西] 武英智,202508010307
11,6,11,ランスオブプライム,牝4,56.0,城戸義政,1:27.9,2,95.1,13.0,462(+4),[西] 奥村豊,202508010307
12,2,3,ドナアフロディテ,牝4,56.0,Ｍ．デム,1:28.1,1.1/2,147.8,14.0,464(-4),[西] 庄野靖志,202508010307
13,1,1,ラピダリア,牝4,56.0,松山弘平,1:28.5,2.1/2,19.6,8.0,464(+10),[西] 吉田直弘,202508010307
14,8,14,アポロハクジャ,牝7,56.0,藤懸貴志,1:29.7,7,492.9,15.0,410(+6),[東] 的場均,202508010307
中,3,5,ルミナスボディ,牝4,56.0,中井裕二,,,21.0,9.0,458(0),[西] 坂口智康,202508010307
1,6,6,ノーブルスカイ,牡4,57.0,鮫島克駿,1:48.5,,6.3,4.0,482(0),[西] 高柳大輔,202508010308
2,1,1,チェルノボーグ,セ6,58.0,松山弘平,1:48.5,アタマ,3.0,1.0,492(+14),[西] 藤原英昭,202508010308
3,3,3,アルゲンテウス,セ6,58.0,Ｍ．デム,1:48.8,1.1/2,12.8,6.0,462(-2),[東] 小島茂之,202508010308
4,2,2,パンデアスカル,牡5,58.0,幸英明,1:48.8,ハナ,44.0,8.0,494(-10),[西] 小椋研介,202508010308
5,7,7,アウフヘーベン,牝5,56.0,菱田裕二,1:49.0,1,4.4,3.0,462(-2),[西] 高橋亮,202508010308
6,4,4,エグランタイン,牝6,56.0,岩田望来,1:49.1,1/2,3.9,2.0,446(+2),[西] 笹田和秀,202508010308
7,8,8,アイキャンドウイッ,牡6,58.0,団野大成,1:49.1,アタマ,8.3,5.0,478(+16),[西] 池江泰寿,202508010308
8,5,5,ハイディージェン,牡4,57.0,和田竜二,1:49.5,2.1/2,15.9,7.0,496(+6),[西] 森田直行,202508010308
1,7,11,ペプチドヤマト,牡6,58.0,松山弘平,1:12.2,,4.1,2.0,500(+2),[西] 武英智,202508010309
2,8,12,カミーロ,牡5,58.0,幸英明,1:12.2,クビ,5.9,3.0,490(+2),[西] 石橋守,202508010309
3,3,3,エンヤラヴフェイス,牡4,58.0,岩田望来,1:12.6,2,6.5,4.0,506(+4),[西] 森田直行,202508010309
4,6,8,ダイリュウホマレ,牝5,56.0,菱田裕二,1:12.7,1/2,28.3,9.0,456(+4),[西] 橋口慎介,202508010309
5,7,10,ベンダバリラビア,牡5,58.0,今村聖奈,1:12.7,クビ,42.3,11.0,550(+10),[西] 寺島良,202508010309
6,8,13,フラップシグナス,牡6,58.0,吉村誠之,1:12.7,ハナ,71.7,12.0,504(+4),[西] 千田輝彦,202508010309
7,6,9,オーガスタスカイ,牝6,56.0,団野大成,1:12.8,1/2,169.5,13.0,480(0),[西] 斉藤崇史,202508010309
8,4,4,リンドラゴ,牡6,58.0,北村友一,1:12.9,クビ,25.3,8.0,476(+2),[西] 杉山佳明,202508010309
8,4,5,マルカラピッド,牝5,56.0,荻野琢真,1:12.9,同着,13.3,5.0,486(+6),[西] 今野貞一,202508010309
10,5,7,スマートアイ,牝5,56.0,武豊,1:13.1,1.1/2,2.7,1.0,516(0),[西] 寺島良,202508010309
11,2,2,ジュストコル,牡7,58.0,Ｍ．デム,1:14.1,6,16.6,6.0,516(+2),[西] 大久保龍,202508010309
12,5,6,アロットドリーム,牝5,56.0,太宰啓介,1:14.8,4,24.6,7.0,452(+2),[西] 本田優,202508010309
13,1,1,エコロアイ,牝5,56.0,西村淳也,1:18.9,大,31.1,10.0,522(+2),[西] 森秀行,202508010309
1,7,8,ヴーレヴー,牝3,55.0,浜中俊,1:35.3,,11.7,4.0,474(+18),[西] 武幸四郎,202508010310
2,6,6,グローリーリンク,牝3,55.0,松山弘平,1:35.4,3/4,3.2,2.0,516(+2),[西] 吉岡辰弥,202508010310
3,1,1,ラージギャラリー,牝3,55.0,西村淳也,1:36.0,3.1/2,35.8,5.0,464(-6),[西] 高橋亮,202508010310
4,2,2,カムニャック,牝3,55.0,川田将雅,1:36.1,1,3.8,3.0,482(+6),[西] 友道康夫,202508010310
5,8,10,ダノンフェアレディ,牝3,55.0,坂井瑠星,1:36.2,1/2,1.9,1.0,450(+12),[西] 橋口慎介,202508010310
6,4,4,サタデーサンライズ,牝3,55.0,吉村誠之,1:36.3,クビ,54.5,7.0,434(-12),[西] 石坂公一,202508010310
7,5,5,サウンドサンライズ,牝3,55.0,鮫島克駿,1:37.0,4,95.8,9.0,406(+2),[西] 音無秀孝,202508010310
8,3,3,ピリカサンライズ,牝3,55.0,高杉吏麒,1:37.1,1/2,87.0,8.0,438(+4),[西] 牧浦充徳,202508010310
9,8,9,ワイルデンウーリー,牝3,55.0,岩田望来,1:37.1,クビ,41.6,6.0,482(+4),[西] 大久保龍,202508010310
除,7,7,マトラコーニッシュ,牝3,55.0,北村友一,,,---,,424(0),[西] 池添学,202508010310
1,3,6,ブライアンセンス,牡5,57.0,岩田望来,1:58.2,,8.3,4.0,520(+8),[東] 斎藤誠,202508010311
2,5,10,モンブランミノル,牡4,56.0,松山弘平,1:58.2,アタマ,3.4,2.0,496(+4),[西] 小栗実,202508010311
3,8,16,ジューンアヲニヨシ,牡5,57.0,鮫島克駿,1:58.6,2.1/2,3.1,1.0,494(+8),[西] 松下武士,202508010311
4,6,12,ゼットリアン,牡5,57.0,団野大成,1:58.8,1.1/4,45.5,9.0,442(+4),[西] 吉田直弘,202508010311
5,8,15,ブレイクフォース,牡6,58.0,北村友一,1:59.0,1.1/4,9.8,6.0,502(0),[東] 中舘英二,202508010311
6,7,14,キタノヴィジョン,牡8,58.0,吉村誠之,1:59.1,1/2,99.2,15.0,498(+2),[東] 萱野浩二,202508010311
7,5,9,リアレスト,牡4,56.0,田辺裕信,1:59.2,クビ,7.2,3.0,528(+16),[東] 尾関知人,202508010311
8,7,13,タイセイドレフォン,牡6,58.0,川田将雅,1:59.8,3.1/2,9.8,5.0,494(-6),[西] 西村真幸,202508010311
9,1,1,ダノンブレット,牡7,57.0,池添謙一,1:59.9,3/4,30.1,7.0,520(+8),[東] 菊沢隆徳,202508010311
10,2,3,ソニックスター,牡4,56.0,坂井瑠星,2:00.1,1.1/4,30.2,8.0,556(0),[東] 木村哲也,202508010311
11,2,4,ピースオブザライフ,牝5,55.0,浜中俊,2:00.9,5,136.0,16.0,498(+18),[西] 野中賢二,202508010311
12,3,5,エナハツホ,牝6,55.0,藤懸貴志,2:01.2,1.1/2,68.3,12.0,452(+2),[西] 吉田直弘,202508010311
13,4,8,ヴィブラフォン,牝6,56.0,高杉吏麒,2:01.6,2.1/2,71.2,13.0,460(+7),[東] 高木登,202508010311
14,4,7,ヒップホップソウル,牝5,55.0,西村淳也,2:01.6,アタマ,53.0,11.0,504(+10),[東] 木村哲也,202508010311
15,1,2,ダノンマデイラ,牡7,57.0,Ｍ．デム,2:02.4,5,48.5,10.0,470(-4),[西] 茶木太樹,202508010311
16,6,11,アンデスビエント,牝4,54.0,幸英明,2:03.6,7,84.7,14.0,480(+6),[西] 西園正都,202508010311
1,8,16,エコロネオ,牡4,58.0,団野大成,1:12.5,,5.9,4.0,496(+6),[西] 森秀行,202508010312
2,5,9,ニホンピロトッティ,牝4,56.0,菱田裕二,1:12.9,2,6.2,5.0,398(-4),[西] 緒方努,202508010312
3,6,11,エブライト,牝4,56.0,長岡禎仁,1:13.1,1.1/4,16.3,7.0,470(-4),[西] 橋口慎介,202508010312
4,6,12,ロードドミニオン,セ8,58.0,川須栄彦,1:13.2,1/2,24.1,11.0,440(-6),[西] 畑端省吾,202508010312
5,4,7,トロピカルヒーロー,牡5,58.0,古川吉洋,1:13.2,クビ,82.6,13.0,538(-4),[東] 根本康広,202508010312
6,3,5,ゼンカイパイロ,牡4,56.0,吉村誠之,1:13.3,クビ,5.0,1.0,494(-2),[西] 千田輝彦,202508010312
7,2,4,テイエムタリスマ,牡4,58.0,幸英明,1:13.4,3/4,17.1,8.0,474(+2),[西] 木原一良,202508010312
8,1,2,サンダーバース,牡4,57.0,高杉吏麒,1:13.5,1/2,19.4,9.0,476(+2),[西] 高柳大輔,202508010312
9,7,13,メイショウハッブル,牡4,58.0,浜中俊,1:13.6,クビ,15.7,6.0,478(-2),[西] 石橋守,202508010312
10,7,14,モーデン,牡7,58.0,水口優也,1:13.6,クビ,135.0,14.0,490(-8),[西] 藤沢則雄,202508010312
11,4,8,タイセイブロウ,牡4,58.0,和田竜二,1:13.8,3/4,22.4,10.0,506(+4),[西] 平田修,202508010312
12,5,10,タミゼ,牝4,56.0,荻野琢真,1:14.3,3,59.9,12.0,468(-12),[西] 平田修,202508010312
13,2,3,ピカリ,牝4,56.0,西村淳也,1:14.4,クビ,5.6,3.0,502(-2),[西] 森秀行,202508010312
14,3,6,ソーニャシュニク,牝4,53.0,今村聖奈,1:14.6,1.1/2,5.5,2.0,472(+2),[東] 武井亮,202508010312
15,8,15,サリーピルエット,牡5,58.0,国分優作,1:14.7,1/2,213.7,15.0,510(-4),[東] 鈴木伸尋,202508010312
16,1,1,アマルフィー,牡4,58.0,城戸義政,1:14.9,1.1/2,320.0,16.0,460(-4),[西] 荒川義之,202508010312
1,8,13,ウォーターパラディ,牡3,57.0,幸英明,1:13.5,,4.5,2.0,476(+6),[西] 岡田稲男,202508010401
2,7,10,ドゥドゥ,牡3,57.0,岩田康誠,1:14.6,7,5.6,3.0,442(0),[西] 石坂公一,202508010401
3,6,8,ベルエアキング,牡3,57.0,西村淳也,1:14.7,1,2.2,1.0,464(0),[西] 西村真幸,202508010401
4,1,1,ブライアーヒル,牝3,55.0,国分優作,1:14.8,1/2,29.4,7.0,468(0),[西] 中尾秀正,202508010401
5,4,4,アイファーモービル,牡3,57.0,藤懸貴志,1:14.9,1/2,8.1,4.0,470(+2),[西] 鮫島一歩,202508010401
6,3,3,フェイトライン,牡3,55.0,吉村誠之,1:15.0,クビ,9.5,5.0,514(+2),[西] 斉藤崇史,202508010401
7,7,11,グランドネビュラ,牡3,57.0,荻野琢真,1:15.4,2.1/2,48.1,9.0,466(+6),[西] 大久保龍,202508010401
8,6,9,カラーズリング,牝3,55.0,川須栄彦,1:15.4,クビ,78.4,11.0,398(+2),[西] 羽月友彦,202508010401
9,4,5,テイエムバゴオウ,牡3,57.0,田中健,1:15.7,1.1/2,69.0,10.0,450(0),[西] 木原一良,202508010401
10,8,12,サンライズロンドン,牡3,56.0,高杉吏麒,1:16.1,2.1/2,18.4,6.0,482(0),[西] 浜田多実,202508010401
11,5,6,ジャスミン,牝3,55.0,中井裕二,1:16.6,3,349.0,13.0,454(-2),[西] 浜田多実,202508010401
12,2,2,ウィズマイマミー,牝3,55.0,丹内祐次,1:16.9,2,191.3,12.0,430(-2),[東] 田村康仁,202508010401
13,5,7,キッスミーアイ,牝3,55.0,岡田祥嗣,1:18.0,7,31.0,8.0,448(-10),[西] 安田翔伍,202508010401
1,6,9,メリッササンライズ,牝3,54.0,高杉吏麒,1:56.6,,5.4,3.0,452(-12),[西] 河内洋,202508010402
2,8,13,ヨドギミ,牝3,55.0,丹内祐次,1:57.0,2.1/2,6.1,4.0,476(+4),[西] 中村直也,202508010402
3,3,3,マンノデュエット,牝3,51.0,小林美駒,1:57.1,3/4,29.2,8.0,496(-6),[西] 中竹和也,202508010402
4,7,12,グラブビクトリー,牝3,55.0,幸英明,1:57.3,1.1/4,17.2,5.0,490(-14),[西] 高橋義忠,202508010402
5,4,5,エイシンナザレ,牝3,55.0,団野大成,1:57.3,ハナ,32.0,10.0,448(+10),[西] 中尾秀正,202508010402
6,7,11,キュアフローラ,牝3,55.0,松若風馬,1:57.4,クビ,29.8,9.0,420(-14),[西] 音無秀孝,202508010402
7,1,1,ビバジョー,牝3,53.0,吉村誠之,1:57.5,1/2,3.4,2.0,518(0),[西] 西園正都,202508010402
8,5,8,ナムラローラ,牝3,55.0,川須栄彦,1:58.2,4,18.5,6.0,480(-4),[西] 河嶋宏樹,202508010402
9,3,4,セリナピース,牝3,55.0,荻野琢真,1:58.5,1.1/2,64.8,12.0,420(-10),[西] 藤沢則雄,202508010402
10,6,10,コパノマデリン,牝3,51.0,河原田菜,1:58.5,ハナ,254.4,14.0,472(+2),[西] 渡辺薫彦,202508010402
11,4,6,メイショウオハコ,牝3,55.0,鮫島克駿,1:59.0,3,44.4,11.0,418(-14),[西] 高橋亮,202508010402
12,5,7,アクシオン,牝3,55.0,西村淳也,1:59.4,2.1/2,21.6,7.0,448(+6),[西] 杉山佳明,202508010402
13,8,14,クレベール,牝3,55.0,岩田望来,1:59.9,3,141.3,13.0,462(+2),[西] 寺島良,202508010402
14,2,2,ジューンノールック,牝3,55.0,松山弘平,2:04.9,大,3.2,1.0,498(+2),[西] 武英智,202508010402
1,3,6,レイザリオ,牡3,57.0,鮫島克駿,1:26.5,,4.7,2.0,472(-8),[西] 橋口慎介,202508010403
2,5,10,ブリックンクリック,セ3,56.0,高杉吏麒,1:26.7,1.1/2,79.8,11.0,466(-2),[西] 藤原英昭,202508010403
3,8,15,ムギトルナ,牡3,57.0,Ｍ．デム,1:27.0,2,2.9,1.0,472(-2),[西] 高橋義忠,202508010403
4,8,16,アーリドラータ,牡3,57.0,和田竜二,1:27.5,3,23.5,6.0,470(0),[西] 小栗実,202508010403
5,3,5,サヨノミッキー,牡3,57.0,幸英明,1:27.6,クビ,135.9,14.0,464(0),[西] 羽月友彦,202508010403
6,6,11,ベラジオルークン,牡3,57.0,国分優作,1:27.9,1.1/2,5.4,4.0,466(-2),[西] 辻野泰之,202508010403
7,4,8,タガノグリジオ,セ3,57.0,藤懸貴志,1:27.9,クビ,54.6,10.0,464(0),[西] 長谷川浩,202508010403
8,2,3,シュネーグロッケン,牡3,55.0,吉村誠之,1:28.0,3/4,7.2,5.0,482(0),[西] 清水久詞,202508010403
9,7,14,ディスタービア,牝3,55.0,松山弘平,1:28.1,クビ,113.7,12.0,470(-4),[西] 庄野靖志,202508010403
10,6,12,ランドブレイブ,牡3,57.0,丹内祐次,1:28.2,3/4,50.6,9.0,488(-2),[西] 安達昭夫,202508010403
11,1,1,エンジョイドライブ,牡3,57.0,古川吉洋,1:28.3,3/4,5.1,3.0,482(+6),[西] 鮫島一歩,202508010403
12,1,2,ザセンチュリー,牡3,57.0,酒井学,1:28.4,クビ,33.9,8.0,500(-14),[西] 武英智,202508010403
13,5,9,エメラルドラグーン,牡3,57.0,水口優也,1:28.5,1/2,409.0,16.0,474(0),[東] 伊藤伸一,202508010403
14,4,7,バブルギャラクシー,牡3,53.0,小林美駒,1:28.7,1.1/4,229.9,15.0,460(-4),[東] 清水英克,202508010403
15,2,4,プルクワ,牡3,57.0,西村淳也,1:29.4,4,27.5,7.0,482(+10),[西] 奥村豊,202508010403
16,7,13,ケイアイワカポノ,牡3,57.0,団野大成,1:30.7,8,115.6,13.0,478(-2),[西] 西村真幸,202508010403
1,8,9,グランドプラージュ,牡3,57.0,川田将雅,1:53.5,,1.4,1.0,524(0),[西] 杉山晴紀,202508010404
2,7,7,ブルックリンダンス,牡3,57.0,団野大成,1:54.0,3,17.5,4.0,480(+2),[西] 田中克典,202508010404
3,1,1,テスティモーネ,牡3,57.0,幸英明,1:54.1,クビ,89.5,9.0,510(+2),[西] 大根田裕,202508010404
4,5,5,ナンヨーパワフル,牡3,57.0,鮫島克駿,1:54.9,5,8.5,3.0,540(-6),[西] 松永幹夫,202508010404
5,4,4,ロードラビリンス,牡3,57.0,松山弘平,1:55.4,3,3.6,2.0,490(+4),[西] 松下武士,202508010404
6,3,3,ニヒトツーゼーア,牡3,57.0,岩田康誠,1:55.7,1.1/2,173.4,10.0,516(+12),[西] 中竹和也,202508010404
7,8,10,クインズショコラ,牝3,55.0,Ｍ．デム,1:55.7,クビ,44.2,7.0,488(-2),[西] 新谷功一,202508010404
8,2,2,グランキングオー,牡3,57.0,ルメート,1:56.0,1.3/4,32.1,5.0,454(+2),[西] 高橋康之,202508010404
9,6,6,サマーナイト,牡3,57.0,坂井瑠星,1:56.8,5,33.3,6.0,488(0),[西] 寺島良,202508010404
中,7,8,ヴァンアグレアブル,牝3,55.0,西村淳也,,,61.2,8.0,514(-4),[西] 橋口慎介,202508010404
1,8,17,ルージュソリテール,牝3,55.0,西村淳也,1:37.1,,4.9,2.0,430(0),[西] 藤原英昭,202508010405
2,6,11,パールペンダント,牝3,55.0,川又賢治,1:37.4,1.3/4,8.8,5.0,434(0),[西] 吉村圭司,202508010405
3,7,14,フライバイビーナス,牝3,55.0,坂井瑠星,1:37.6,1.1/4,4.3,1.0,438(0),[西] 茶木太樹,202508010405
4,6,12,リリーオブザハート,牝3,55.0,国分優作,1:37.9,1.3/4,14.5,7.0,426(0),[西] 辻野泰之,202508010405
5,2,3,サトノビエント,牝3,55.0,岩田望来,1:37.9,クビ,10.1,6.0,406(0),[西] 上村洋行,202508010405
6,4,7,ホウオウタイタン,牝3,55.0,団野大成,1:38.0,クビ,5.9,3.0,514(0),[西] 須貝尚介,202508010405
7,4,8,ジューンセレッソ,牝3,55.0,松山弘平,1:38.1,3/4,34.3,11.0,406(0),[西] 武英智,202508010405
8,2,4,マリアブーケ,牝3,55.0,幸英明,1:38.1,アタマ,32.9,9.0,438(0),[西] 高橋義忠,202508010405
9,3,5,タマモチャオ,牝3,54.0,高杉吏麒,1:38.1,ハナ,38.2,12.0,438(0),[西] 藤岡健一,202508010405
10,8,18,エルクレスタワー,牡3,57.0,岩田康誠,1:38.2,1,6.2,4.0,486(0),[西] 吉岡辰弥,202508010405
11,8,16,サトノアベリア,牝3,55.0,ルメート,1:38.5,1.3/4,34.1,10.0,434(0),[西] 斉藤崇史,202508010405
12,7,15,ジューンランド,牝3,55.0,丹内祐次,1:38.9,2.1/2,105.3,15.0,442(0),[西] 小椋研介,202508010405
13,1,1,イズジョーレイナス,牝3,55.0,古川吉洋,1:39.1,1,197.4,17.0,386(0),[西] 北出成人,202508010405
14,5,10,イモータルプラチナ,牡3,57.0,和田竜二,1:39.2,1/2,52.4,13.0,450(0),[西] 鈴木孝志,202508010405
15,7,13,ビガーサンライズ,牝3,55.0,藤懸貴志,1:39.2,アタマ,196.2,16.0,402(0),[西] 平田修,202508010405
16,5,9,ダンツファントム,牡3,57.0,松若風馬,1:39.5,1.1/2,61.5,14.0,496(0),[西] 四位洋文,202508010405
17,1,2,アンジュフローラ,牝3,53.0,吉村誠之,1:40.0,3,210.1,18.0,410(0),[西] 小崎憲,202508010405
18,3,6,ギフテッドブラック,牡3,57.0,鮫島克駿,1:42.2,大,27.6,8.0,452(0),[西] 牧田和弥,202508010405
1,6,8,ホウオウアートマン,牡3,56.0,高杉吏麒,2:15.7,,3.6,2.0,482(0),[西] 矢作芳人,202508010406
2,8,13,メイショウアゴナス,牡3,57.0,丹内祐次,2:16.1,2,12.1,6.0,466(0),[西] 本田優,202508010406
3,8,12,サラダ,牝3,53.0,吉村誠之,2:16.1,クビ,38.9,7.0,444(+2),[西] 武英智,202508010406
4,5,6,シャインベック,牡3,57.0,岩田康誠,2:16.2,3/4,5.6,4.0,454(+2),[西] 北出成人,202508010406
5,6,9,ジャックオダモ,牡3,57.0,坂井瑠星,2:16.6,2,10.9,5.0,510(+12),[西] 矢作芳人,202508010406
6,1,1,ドルチェリターン,牡3,57.0,松山弘平,2:16.6,ハナ,4.3,3.0,474(+20),[西] 池添学,202508010406
7,7,11,タイセイルシエル,牡3,57.0,国分優作,2:16.6,ハナ,188.6,11.0,426(0),[西] 松下武士,202508010406
8,4,4,サトノソティラス,牡3,57.0,幸英明,2:16.6,ハナ,3.1,1.0,492(0),[西] 池江泰寿,202508010406
9,2,2,ラーシャローム,牡3,57.0,鮫島克駿,2:17.1,3,144.3,9.0,478(-6),[東] 奥村武,202508010406
10,3,3,フルボーグ,牡3,57.0,団野大成,2:18.4,8,66.0,8.0,502(0),[東] 高木登,202508010406
11,5,7,フィンガーダンシン,牡3,57.0,川須栄彦,2:18.4,クビ,289.2,13.0,494(-4),[東] 萱野浩二,202508010406
12,7,10,アーベントゾンネ,牝3,55.0,松若風馬,2:19.0,3.1/2,150.2,10.0,436(-6),[西] 小椋研介,202508010406
13,4,5,プリスクリプション,牡3,57.0,川又賢治,2:19.1,クビ,190.1,12.0,398(+12),[西] 杉山佳明,202508010406
1,6,7,ギマール,牡4,57.0,岩田康誠,1:54.6,,1.8,1.0,456(+4),[西] 上村洋行,202508010407
2,8,11,インジケーター,牡4,57.0,松若風馬,1:54.6,ハナ,74.7,7.0,500(+12),[西] 高橋康之,202508010407
3,7,8,サーティファイド,牡6,58.0,丹内祐次,1:55.3,4,20.6,6.0,488(-4),[西] 鮫島一歩,202508010407
4,2,2,モズバンディット,牡5,58.0,幸英明,1:55.4,1,6.5,3.0,462(+2),[西] 中尾秀正,202508010407
5,7,9,ナムラルッコラ,牝4,55.0,国分優作,1:55.4,ハナ,90.8,9.0,492(+2),[西] 大橋勇樹,202508010407
6,1,1,メイショウカシワデ,牡4,57.0,ルメート,1:55.7,1.1/2,3.7,2.0,452(-4),[西] 角田晃一,202508010407
7,5,5,アイファーキャップ,牡4,57.0,藤懸貴志,1:55.7,クビ,7.8,4.0,472(+10),[西] 鮫島一歩,202508010407
8,8,10,キタサンシデン,牡4,57.0,団野大成,1:56.1,2,11.5,5.0,514(+2),[西] 本田優,202508010407
9,6,6,ユウトザキンパツ,牡4,55.0,吉村誠之,1:56.9,5,81.7,8.0,500(+4),[西] 小崎憲,202508010407
10,4,4,レリッシュ,牝4,55.0,酒井学,1:58.4,9,202.6,10.0,470(+4),[東] 天間昭一,202508010407
取,3,3,シャドウルパン,牡4,57.0,岩田望来,,,---,,計不,[東] 斎藤誠,202508010407
1,4,4,マキアージュ,牝6,52.0,小林美駒,1:09.1,,3.7,1.0,458(0),[東] 菊川正達,202508010408
2,8,13,モンシュマン,牡4,58.0,岩田康誠,1:09.5,2.1/2,6.1,3.0,472(+10),[西] 上村洋行,202508010408
3,8,12,ディアドコス,牡5,58.0,和田竜二,1:09.7,1.1/2,7.1,5.0,508(+6),[西] 羽月友彦,202508010408
4,1,1,メイショウミリオレ,牝4,55.0,高杉吏麒,1:09.9,1,16.1,8.0,484(0),[西] 藤岡健一,202508010408
5,5,6,スピリットガイド,セ4,58.0,Ｍ．デム,1:09.9,ハナ,27.3,9.0,532(+6),[東] 手塚貴久,202508010408
6,3,3,サンドロナイト,牝4,53.0,吉村誠之,1:09.9,クビ,5.5,2.0,448(-6),[西] 茶木太樹,202508010408
7,5,7,ルヴァンノワール,牝7,56.0,西村淳也,1:10.0,クビ,53.9,11.0,460(+6),[西] 庄野靖志,202508010408
8,2,2,アスクキングコング,セ7,58.0,松若風馬,1:10.1,3/4,100.6,13.0,476(+4),[西] 梅田智之,202508010408
9,6,8,パンドレア,牝6,56.0,団野大成,1:10.2,1/2,11.0,7.0,454(+4),[西] 斉藤崇史,202508010408
10,7,11,スクルプトーリス,牝5,56.0,ルメート,1:10.3,1,51.1,10.0,490(+18),[西] 松下武士,202508010408
11,7,10,アスクエピソード,牡5,58.0,松山弘平,1:10.6,2,10.0,6.0,478(+8),[西] 藤原英昭,202508010408
12,4,5,クリスアーサー,牡4,54.0,河原田菜,1:10.7,1/2,6.4,4.0,530(0),[西] 渡辺薫彦,202508010408
13,6,9,ピンクセイラー,牝6,56.0,幸英明,1:11.0,1.1/2,81.7,12.0,474(+20),[東] 小笠倫弘,202508010408
1,2,2,タガノエルピーダ,牝4,56.0,団野大成,1:35.0,,2.6,1.0,466(+10),[西] 斉藤崇史,202508010409
2,5,7,ショウナンアレクサ,牡5,58.0,岩田望来,1:35.0,1/2,21.8,7.0,512(0),[西] 清水久詞,202508010409
3,5,8,サフィラ,牝4,56.0,松山弘平,1:35.3,1.1/2,5.3,3.0,464(0),[西] 池添学,202508010409
4,4,6,スズカダブル,牡5,58.0,西村淳也,1:35.3,ハナ,7.0,4.0,522(+20),[西] 西村真幸,202508010409
5,1,1,マイネルティグレ,牡4,58.0,丹内祐次,1:35.4,1/2,12.5,6.0,468(0),[西] 西園正都,202508010409
6,3,3,マラキナイア,牝5,56.0,川田将雅,1:35.4,アタマ,10.4,5.0,458(+4),[西] 吉岡辰弥,202508010409
7,3,4,ブリュットミレジメ,牡6,58.0,高杉吏麒,1:35.5,1/2,49.7,9.0,514(+6),[西] 荒川義之,202508010409
8,4,5,ブランデーロック,牡6,58.0,古川吉洋,1:35.6,1/2,120.7,12.0,480(-10),[東] 青木孝文,202508010409
9,7,11,リッケンバッカー,牡7,58.0,川須栄彦,1:35.8,1.1/4,40.3,8.0,492(0),[西] 西村真幸,202508010409
10,8,13,ココナッツブラウン,牝5,56.0,幸英明,1:35.9,1/2,4.1,2.0,444(-16),[西] 上村洋行,202508010409
11,6,10,ダークエクリプス,牡6,58.0,松若風馬,1:36.0,3/4,235.6,13.0,488(0),[西] 今野貞一,202508010409
12,6,9,タイゲン,牡6,58.0,和田竜二,1:36.3,2,101.1,11.0,486(+14),[西] 平田修,202508010409
13,8,14,ロマンシングブルー,牝6,56.0,ルメート,1:36.3,アタマ,63.3,10.0,478(+8),[西] 渡辺薫彦,202508010409
14,7,12,アスクビギンアゲン,牡6,58.0,荻野琢真,1:36.4,クビ,341.6,14.0,572(+6),[西] 梅田智之,202508010409
1,7,14,ロードアウォード,セ5,56.0,西村淳也,1:11.2,,6.5,3.0,476(+4),[西] 吉岡辰弥,202508010410
2,8,15,インユアパレス,牡4,56.0,川田将雅,1:11.6,2.1/2,2.5,1.0,482(0),[西] 須貝尚介,202508010410
3,5,10,イスラアネーロ,牡6,57.0,川又賢治,1:11.8,1.1/2,19.7,8.0,460(+8),[西] 吉村圭司,202508010410
4,4,8,エティエンヌ,セ6,56.0,団野大成,1:11.8,ハナ,14.0,6.0,522(+4),[西] 吉田直弘,202508010410
5,6,12,バトルクライ,牡6,58.0,丹内祐次,1:11.9,1/2,16.6,7.0,506(-2),[東] 高木登,202508010410
6,6,11,バトゥーキ,牡5,56.0,水口優也,1:12.1,1,9.7,4.0,496(+8),[西] 浜田多実,202508010410
7,4,7,ベルダーイメル,牡8,57.5,太宰啓介,1:12.1,クビ,87.9,13.0,480(-2),[西] 本田優,202508010410
8,2,3,ロードフロンティア,牡4,56.0,坂井瑠星,1:12.2,3/4,5.0,2.0,466(+2),[西] 松下武士,202508010410
9,1,2,クインズメリッサ,牝7,55.0,藤懸貴志,1:12.3,1/2,26.7,9.0,494(+6),[西] 宮本博,202508010410
10,7,13,レディフォース,牝5,52.0,城戸義政,1:12.4,クビ,42.2,10.0,528(+8),[西] 杉山佳明,202508010410
11,2,4,サウンドアレグリア,牝4,54.0,松山弘平,1:12.5,3/4,10.3,5.0,506(+6),[西] 武英智,202508010410
12,1,1,アーバンイェーガー,牡11,54.0,中井裕二,1:12.7,3/4,238.8,15.0,498(-8),[東] 高橋文雅,202508010410
13,8,16,ムーンプローブ,牝5,52.0,酒井学,1:12.8,1/2,144.1,14.0,480(+8),[西] 上村洋行,202508010410
14,3,5,マルモリスペシャル,牡6,56.0,岩田康誠,1:13.3,3,71.9,12.0,556(+2),[西] 大橋勇樹,202508010410
15,3,6,オセアダイナスティ,牡7,53.0,古川吉洋,1:13.6,2,390.7,16.0,522(+8),[東] 加藤征弘,202508010410
16,5,9,タイセイブリリオ,牡6,55.0,和田竜二,1:13.8,1.1/2,42.3,11.0,490(+8),[西] 大橋勇樹,202508010410
1,8,10,サトノシャイニング,牡3,57.0,西村淳也,1:47.0,,2.7,1.0,492(0),[西] 杉山晴紀,202508010411
2,2,2,リンクスティップ,牝3,55.0,Ｍ．デム,1:47.5,3,6.8,3.0,472(-2),[西] 西村真幸,202508010411
3,7,7,ランスオブカオス,牡3,57.0,吉村誠之,1:47.5,クビ,6.9,4.0,498(0),[西] 奥村豊,202508010411
4,6,6,ショウヘイ,牡3,57.0,川田将雅,1:48.0,3,3.2,2.0,458(-4),[西] 友道康夫,202508010411
5,7,8,スリーキングス,牡3,57.0,岩田康誠,1:48.0,クビ,44.6,9.0,500(-2),[西] 上村洋行,202508010411
6,5,5,エリカアンディーヴ,牝3,55.0,松山弘平,1:48.4,2,11.3,5.0,488(+4),[西] 吉岡辰弥,202508010411
7,3,3,ヒルノハンブルク,牡3,57.0,坂井瑠星,1:48.5,3/4,76.8,10.0,468(+2),[西] 武英智,202508010411
8,4,4,ミニトランザット,牡3,57.0,鮫島克駿,1:49.0,3,11.9,6.0,468(0),[西] 杉山佳明,202508010411
9,1,1,ジェットマグナム,牡3,57.0,丹内祐次,1:49.1,1/2,22.1,7.0,488(0),[西] 安達昭夫,202508010411
10,8,9,ウォーターガーベラ,牝3,55.0,団野大成,1:49.1,クビ,32.8,8.0,442(-4),[西] 河内洋,202508010411
1,3,6,ネグレスコ,牝4,56.0,ルメート,1:12.6,,78.8,14.0,482(-6),[西] 西園正都,202508010412
2,7,14,キタノズエッジ,牡4,58.0,古川吉洋,1:12.6,ハナ,7.4,4.0,534(-12),[西] 畑端省吾,202508010412
3,8,16,アメリカンチケット,牡4,58.0,松山弘平,1:12.7,1/2,8.8,5.0,504(+4),[西] 藤原英昭,202508010412
4,4,7,ディキシーガンナー,牡5,58.0,川田将雅,1:13.0,1.3/4,2.7,1.0,494(-2),[西] 中内田充,202508010412
5,5,9,スズカコーズ,牡5,58.0,岩田望来,1:13.0,クビ,41.5,9.0,502(+4),[東] 伊藤圭三,202508010412
6,3,5,ホウオウフロイト,牡4,58.0,藤懸貴志,1:13.2,1.1/4,69.2,11.0,446(0),[東] 加藤和宏,202508010412
7,2,4,サンガネーブ,牡5,58.0,坂井瑠星,1:13.2,ハナ,5.1,2.0,500(-2),[西] 田中克典,202508010412
8,4,8,マイネルフォーコン,牡5,58.0,団野大成,1:13.3,クビ,11.9,6.0,502(+2),[西] 西園翔太,202508010412
9,1,2,ブレーザー,牡4,58.0,鮫島克駿,1:13.5,3/4,75.4,13.0,522(-10),[東] 伊坂重信,202508010412
10,8,15,カイタロー,牡6,54.0,河原田菜,1:13.6,3/4,247.8,16.0,490(-6),[東] 和田雄二,202508010412
11,7,13,ケープアグラス,牝4,56.0,丹内祐次,1:13.7,クビ,44.6,10.0,456(-4),[東] 金成貴史,202508010412
12,6,11,ルソレイユ,牡5,57.0,高杉吏麒,1:13.9,1.1/2,95.6,15.0,514(+4),[西] 北出成人,202508010412
13,6,12,ストームバンガード,牡4,58.0,幸英明,1:14.2,2,5.9,3.0,494(+2),[西] 岡田稲男,202508010412
14,5,10,ホウオウトランプ,牡4,58.0,松若風馬,1:14.8,3.1/2,25.8,7.0,526(0),[西] 池江泰寿,202508010412
15,2,3,カツラノキサノキ,牡4,58.0,岩田康誠,1:15.0,1,75.0,12.0,492(+2),[西] 庄野靖志,202508010412
16,1,1,ヘルメース,牡4,56.0,吉村誠之,1:15.9,5,29.8,8.0,480(-4),[東] 伊藤圭三,202508010412
1,1,1,ハヤテノツバサ,牡3,55.0,吉村誠之,1:12.8,,14.0,7.0,494(+8),[西] 杉山佳明,202508010501
2,1,2,ホウショウマリス,牝3,55.0,武豊,1:12.8,アタマ,1.8,1.0,454(-2),[西] 河内洋,202508010501
3,4,8,シンギタイ,牡3,56.0,高杉吏麒,1:13.4,3.1/2,8.4,3.0,436(-2),[西] 庄野靖志,202508010501
4,3,5,ジョーブラック,牡3,57.0,和田竜二,1:13.9,3,11.2,4.0,496(+10),[西] 清水久詞,202508010501
5,5,10,コンパクトファイト,牡3,54.0,鷲頭虎太,1:14.0,アタマ,31.6,8.0,428(-2),[東] 天間昭一,202508010501
6,4,7,メイショウサトノヒ,牡3,56.0,田口貫太,1:14.0,ハナ,13.2,5.0,504(-4),[西] 長谷川浩,202508010501
7,6,11,フェイトライン,牡3,57.0,岩田望来,1:14.1,1/2,32.3,9.0,512(-2),[西] 斉藤崇史,202508010501
8,2,3,エルピーゾ,牝3,55.0,水口優也,1:14.2,1/2,248.4,12.0,486(0),[西] 安達昭夫,202508010501
9,6,12,レッドアーネスト,牡3,57.0,西村淳也,1:14.3,1/2,5.3,2.0,450(-6),[西] 庄野靖志,202508010501
10,2,4,サマーブライド,牝3,55.0,北村友一,1:14.4,1,363.0,14.0,450(-2),[東] 的場均,202508010501
11,8,16,テイエムパイロット,牡3,57.0,酒井学,1:14.5,クビ,42.1,10.0,500(+4),[西] 木原一良,202508010501
12,5,9,ヒカリスペクトル,牡3,57.0,長岡禎仁,1:14.7,1.1/2,475.2,15.0,456(-2),[東] 松永康利,202508010501
13,7,14,ピースシャイニー,牡3,57.0,川須栄彦,1:15.0,1.1/2,159.0,11.0,488(+8),[西] 河嶋宏樹,202508010501
14,7,13,ジャコエンペラー,牡3,57.0,城戸義政,1:15.2,1.1/4,735.8,16.0,494(-4),[西] 荒川義之,202508010501
15,3,6,ゴッドテソロ,牡3,57.0,松山弘平,1:15.3,1/2,13.9,6.0,458(0),[西] 角田晃一,202508010501
16,8,15,アスターディンブラ,牡3,57.0,角田大和,1:15.6,2,279.6,13.0,426(+2),[西] 中竹和也,202508010501
1,8,12,サンディエゴ,牡3,57.0,岩田望来,1:55.2,,4.9,3.0,490(+2),[西] 清水久詞,202508010502
2,2,2,ダイシンレアレア,牡3,57.0,和田竜二,1:55.7,3.1/2,3.2,1.0,480(-4),[西] 高橋一哉,202508010502
3,7,9,サトノセーブル,牡3,57.0,松山弘平,1:56.1,2,3.3,2.0,500(0),[西] 橋口慎介,202508010502
4,6,7,メイケイロゼッタ,牡3,57.0,酒井学,1:56.1,クビ,10.7,5.0,464(+18),[西] 木原一良,202508010502
5,4,4,ポセイドンバローズ,牡3,57.0,西村淳也,1:56.3,1.1/2,10.9,7.0,462(+4),[西] 石坂公一,202508010502
6,5,5,ファルコンバローズ,セ3,57.0,長岡禎仁,1:56.4,1/2,79.4,9.0,526(0),[西] 辻野泰之,202508010502
7,7,10,キタノチェンジ,牡3,56.0,田口貫太,1:56.5,1/2,8.0,4.0,440(0),[西] 羽月友彦,202508010502
8,1,1,ミュージックマン,牡3,56.0,横山琉人,1:56.7,1.1/4,269.7,11.0,470(0),[東] 大和田成,202508010502
9,8,11,ヤマワケ,牡3,57.0,ルメート,1:57.1,2,50.4,8.0,538(-6),[東] 伊藤大士,202508010502
10,6,8,エッグハント,牡3,56.0,高杉吏麒,1:57.7,3.1/2,10.8,6.0,496(-4),[西] 小林真也,202508010502
11,5,6,フェスティーヴォ,牡3,57.0,角田大和,1:58.3,4,424.2,12.0,468(+2),[西] 中竹和也,202508010502
12,3,3,バイマイセルフ,牡3,57.0,松若風馬,1:58.4,1/2,141.3,10.0,506(-2),[西] 高橋康之,202508010502
1,5,10,スニーカースキル,牝3,53.0,吉村誠之,1:26.2,,7.4,5.0,504(+2),[西] 杉山晴紀,202508010503
2,1,2,リアルクィーン,牝3,55.0,幸英明,1:26.7,3,41.3,10.0,444(+2),[西] 石坂公一,202508010503
3,5,9,メイショウバスク,牝3,55.0,川須栄彦,1:26.7,クビ,2.6,1.0,476(+4),[西] 梅田智之,202508010503
4,8,16,ハヤブサオヒメサマ,牝3,55.0,松若風馬,1:27.0,1.1/2,17.6,7.0,446(+6),[西] 渡辺薫彦,202508010503
5,6,12,ガールズデイアウト,牝3,55.0,ルメート,1:27.0,クビ,6.5,3.0,478(+8),[西] 吉村圭司,202508010503
6,6,11,ペイシャキセキ,牝3,55.0,水口優也,1:27.4,2,151.6,13.0,450(+2),[西] 吉田直弘,202508010503
7,8,15,ナタリア,牝3,55.0,武豊,1:27.4,クビ,6.3,2.0,450(-8),[西] 小崎憲,202508010503
8,2,4,クイーンズデイ,牝3,54.0,田口貫太,1:27.5,クビ,40.9,9.0,450(+18),[西] 岡田稲男,202508010503
9,7,13,タマゴ,牝3,55.0,和田竜二,1:27.6,1/2,6.5,4.0,426(+8),[西] 鈴木孝志,202508010503
10,7,14,インピッシュ,牝3,55.0,角田大和,1:27.7,3/4,49.8,11.0,470(-6),[西] 小林真也,202508010503
11,4,7,グーフドリファール,牝3,54.0,西塚洸二,1:27.8,1/2,464.2,16.0,402(+4),[西] 安達昭夫,202508010503
12,2,3,コリエドール,牝3,54.0,高杉吏麒,1:27.9,クビ,31.0,8.0,454(+4),[西] 茶木太樹,202508010503
13,3,6,ハプスブルグ,牝3,55.0,中井裕二,1:28.1,1.1/2,386.2,15.0,480(-2),[西] 河嶋宏樹,202508010503
14,3,5,ミノリッチマイヤー,牝3,55.0,岩田望来,1:28.5,2.1/2,11.6,6.0,440(-2),[西] 上村洋行,202508010503
15,4,8,タマモスノーダンス,牝3,55.0,国分優作,1:29.0,3,70.3,12.0,490(0),[西] 緒方努,202508010503
16,1,1,ラムセスノムスメ,牝3,55.0,古川吉洋,1:29.4,2.1/2,176.8,14.0,422(-2),[西] 梅田智之,202508010503
1,7,10,ソルトチューダ,牡3,57.0,古川吉洋,1:56.1,,36.5,6.0,504(0),[西] 木原一良,202508010504
2,7,11,ハミルトン,牡3,57.0,北村友一,1:56.1,クビ,2.4,2.0,510(0),[西] 高野友和,202508010504
3,1,1,シャヴィット,牝3,55.0,西村淳也,1:56.4,1.3/4,67.4,9.0,472(0),[西] 小椋研介,202508010504
4,3,3,ツキノアカリ,牝3,55.0,幸英明,1:56.5,3/4,2.3,1.0,450(-4),[西] 牧田和弥,202508010504
5,8,13,スコーピオンイメル,牡3,55.0,吉村誠之,1:56.8,2,6.9,3.0,498(-2),[西] 武英智,202508010504
6,6,9,リリーライナー,牡3,57.0,川須栄彦,1:57.1,1.3/4,228.2,11.0,486(+4),[西] 緒方努,202508010504
7,8,12,プリスクリプション,牡3,54.0,鷲頭虎太,1:57.3,3/4,458.0,13.0,398(0),[西] 杉山佳明,202508010504
8,5,7,マイネルラカイユ,牡3,57.0,国分優作,1:57.5,1.1/2,45.2,8.0,498(0),[東] 天間昭一,202508010504
9,4,4,テイケイウル,牝3,54.0,田口貫太,1:57.8,1.3/4,225.6,10.0,436(0),[西] 大橋勇樹,202508010504
10,2,2,チケットトゥヘブン,牡3,56.0,横山琉人,1:57.8,クビ,43.0,7.0,464(-10),[東] 相沢郁,202508010504
11,5,6,メイショウハダル,牝3,54.0,高杉吏麒,1:58.0,3/4,13.9,5.0,424(0),[西] 河内洋,202508010504
12,6,8,スメラギ,セ3,57.0,酒井学,1:58.6,3.1/2,10.8,4.0,478(+6),[西] 宮地貴稔,202508010504
13,4,5,サファイアブルー,牡3,57.0,長岡禎仁,1:59.1,3,265.0,12.0,510(-2),[西] 羽月友彦,202508010504
1,3,5,エナジーガンツ,牡3,57.0,北村友一,1:14.7,,5.0,2.0,482(0),[西] 小椋研介,202508010505
2,1,2,チカクール,牝3,55.0,角田大和,1:14.8,1,17.8,5.0,498(0),[西] 池江泰寿,202508010505
3,4,7,ペプチドヒスイ,牝3,55.0,松山弘平,1:14.9,アタマ,1.7,1.0,424(0),[西] 武英智,202508010505
4,8,15,クリノコウテイ,牡3,56.0,高杉吏麒,1:14.9,ハナ,38.1,10.0,524(0),[西] 大橋勇樹,202508010505
5,6,11,ペプチドクレマチス,牝3,55.0,酒井学,1:15.0,1/2,38.0,9.0,450(0),[西] 畑端省吾,202508010505
6,5,9,マテンロウハピネス,牝3,55.0,太宰啓介,1:15.1,クビ,33.5,7.0,460(0),[西] 昆貢,202508010505
7,2,4,ニーナバイリッカ,牝3,55.0,幸英明,1:15.6,3.1/2,13.3,4.0,442(0),[西] 松下武士,202508010505
8,2,3,ポジターノ,牝3,53.0,吉村誠之,1:15.8,1,132.4,14.0,416(0),[西] 飯田祐史,202508010505
9,1,1,ワンダーアンジェ,牝3,55.0,松若風馬,1:16.0,1.1/4,53.3,11.0,458(0),[西] 吉村圭司,202508010505
10,7,13,エムズオルフェ,牝3,55.0,城戸義政,1:16.3,1.1/2,160.7,15.0,428(0),[西] 荒川義之,202508010505
11,8,16,ウインクルホープ,牝3,55.0,森裕太朗,1:17.0,4,117.8,13.0,416(0),[西] 高橋亮,202508010505
12,7,14,クリノアラジン,牡3,57.0,国分優作,1:17.0,ハナ,197.4,16.0,448(0),[西] 藤沢則雄,202508010505
13,6,12,モダンレディ,牝3,55.0,横山典弘,1:17.1,クビ,7.2,3.0,462(0),[西] 昆貢,202508010505
14,4,8,ジューンシェイド,牝3,54.0,田口貫太,1:17.4,2,77.4,12.0,438(0),[西] 大橋勇樹,202508010505
15,5,10,ヨリナスウィート,牝3,55.0,川須栄彦,1:17.7,2,20.1,6.0,494(0),[西] 河嶋宏樹,202508010505
16,3,6,トリクシー,牝3,55.0,和田竜二,1:19.6,大,34.5,8.0,528(0),[西] 飯田祐史,202508010505
1,6,9,サヴォンリンナ,牝3,55.0,北村友一,2:02.0,,3.8,2.0,438(-8),[西] 田中克典,202508010506
2,7,11,キタサンハナビラ,牝3,55.0,武豊,2:02.1,3/4,3.7,1.0,438(-14),[西] 斉藤崇史,202508010506
3,8,13,アイスモント,牝3,55.0,松若風馬,2:02.2,クビ,9.3,6.0,442(-8),[西] 宮本博,202508010506
4,5,8,アメージングハナビ,牝3,55.0,横山典弘,2:02.2,ハナ,7.6,5.0,474(-4),[西] 昆貢,202508010506
5,1,1,パープルティアラ,牝3,55.0,酒井学,2:02.2,アタマ,34.8,9.0,428(-14),[西] 渡辺薫彦,202508010506
6,2,2,エスタンシア,牝3,55.0,西村淳也,2:02.7,3,7.6,4.0,464(+20),[西] 松下武士,202508010506
7,4,5,ショウナンマハト,牝3,53.0,吉村誠之,2:02.8,1/2,69.9,10.0,440(0),[西] 清水久詞,202508010506
8,8,14,テレプシコーラ,牝3,55.0,Ｍ．デム,2:02.9,3/4,13.9,7.0,406(+2),[西] 坂口智康,202508010506
9,3,3,シストロン,牝3,55.0,古川吉洋,2:03.4,3.1/2,25.6,8.0,462(+12),[西] 中竹和也,202508010506
10,4,6,アクチノータス,牝3,54.0,高杉吏麒,2:03.7,1.3/4,5.6,3.0,464(+4),[西] 矢作芳人,202508010506
11,5,7,シェーラ,牝3,54.0,田口貫太,2:03.8,1/2,130.5,12.0,402(+2),[西] 牧田和弥,202508010506
12,3,4,ノボリリア,牝3,55.0,幸英明,2:03.8,ハナ,127.1,11.0,450(-2),[西] 石橋守,202508010506
13,7,12,ボナペティアスク,牝3,54.0,西塚洸二,2:03.9,クビ,307.8,13.0,458(0),[西] 梅田智之,202508010506
14,6,10,ロマンティー,牝3,55.0,川須栄彦,2:05.8,大,534.1,14.0,462(-4),[西] 茶木太樹,202508010506
1,4,7,キングツェッペリン,牡4,58.0,松若風馬,1:25.4,,28.5,10.0,466(+8),[西] 牧田和弥,202508010507
2,5,10,リネアグローリア,牡4,58.0,酒井学,1:25.5,1.1/4,23.8,8.0,492(+2),[西] 小崎憲,202508010507
3,5,9,バルミーウェザー,牡4,58.0,岩田望来,1:25.7,1.1/4,22.6,7.0,486(+4),[西] 鮫島一歩,202508010507
4,7,13,ポンピエ,牡4,58.0,松山弘平,1:25.7,ハナ,7.4,4.0,450(+4),[西] 西園正都,202508010507
5,4,8,マテンロウミラクル,牡4,58.0,西村淳也,1:25.8,アタマ,4.4,2.0,496(+4),[西] 佐々木晶,202508010507
6,6,11,ララマルシュドロワ,セ5,58.0,中井裕二,1:26.2,2.1/2,2.9,1.0,488(+8),[西] 坂口智康,202508010507
7,1,2,ボブズヤアンクル,セ6,58.0,幸英明,1:26.3,1/2,11.2,6.0,530(-6),[西] 大久保龍,202508010507
8,8,15,ブーヤカ,セ4,57.0,高杉吏麒,1:26.3,ハナ,6.7,3.0,452(0),[西] 藤岡健一,202508010507
9,8,16,ピストンボーイ,牡4,56.0,吉村誠之,1:26.6,2,10.9,5.0,518(+4),[西] 池添学,202508010507
10,7,14,イエスウィズキャン,牡5,58.0,川須栄彦,1:26.7,3/4,25.1,9.0,552(+4),[西] 羽月友彦,202508010507
11,3,5,ヴァイタルピース,セ4,58.0,和田竜二,1:27.0,1.1/2,39.7,11.0,454(-2),[西] 吉田直弘,202508010507
12,3,6,スターメイデン,牝4,55.0,西塚洸二,1:27.2,1,253.4,15.0,458(-16),[西] 吉村圭司,202508010507
13,2,3,ドライグ,牡5,58.0,国分優作,1:27.2,クビ,98.4,12.0,480(+36),[西] 大根田裕,202508010507
14,6,12,ウインバリオス,牡6,58.0,ルメート,1:27.7,3,104.3,13.0,470(0),[西] 吉田直弘,202508010507
15,1,1,イーブンナウ,牝4,55.0,田口貫太,1:28.3,3.1/2,113.0,14.0,440(+2),[西] 田中克典,202508010507
中,2,4,タッケンイッキ,牡5,58.0,太宰啓介,,,524.7,16.0,520(-4),[西] 高橋康之,202508010507
1,8,12,ダブルジャッジ,牡4,57.0,Ｍ．デム,2:00.3,,7.0,3.0,502(-2),[西] 笹田和秀,202508010508
2,7,9,メイショウソウタ,牡4,57.0,松山弘平,2:00.5,3/4,1.9,1.0,528(0),[西] 岡田稲男,202508010508
3,5,5,ウォーターリーダー,牡5,58.0,武豊,2:01.3,5,7.3,4.0,450(-2),[西] 藤野健太,202508010508
4,6,8,バルダンツァ,牡4,56.0,横山琉人,2:01.4,1,115.7,10.0,476(+12),[東] 石毛善彦,202508010508
5,4,4,ブルーワール,牡4,55.0,吉村誠之,2:01.5,1/2,20.7,5.0,504(-6),[西] 高柳大輔,202508010508
6,6,7,ダノンケイツー,牡4,57.0,岩田望来,2:02.2,4,3.3,2.0,452(0),[西] 寺島良,202508010508
7,2,2,ビートザレコード,牡6,57.0,西塚洸二,2:02.2,クビ,42.7,7.0,476(-6),[東] 戸田博文,202508010508
8,7,10,スティーロポリス,牡5,58.0,幸英明,2:02.3,クビ,58.1,8.0,516(+14),[西] 西村真幸,202508010508
9,8,11,グランエシェゾー,牝4,55.0,和田竜二,2:03.4,7,60.8,9.0,480(-8),[西] 新谷功一,202508010508
10,3,3,ニホンピロマリンバ,牝4,54.0,田口貫太,2:04.3,5,22.7,6.0,498(+8),[西] 安達昭夫,202508010508
11,5,6,ピュアマークス,牡5,58.0,古川吉洋,2:07.3,大,228.1,11.0,506(+2),[西] 畑端省吾,202508010508
12,1,1,レリッシュ,牝4,55.0,酒井学,2:10.1,大,262.1,12.0,466(-4),[東] 天間昭一,202508010508
1,3,3,マテンロウバローズ,牡3,57.0,横山典弘,1:35.3,,2.3,1.0,480(+6),[西] 昆貢,202508010509
2,5,5,オンザムーブ,牡3,57.0,松山弘平,1:35.3,クビ,5.5,3.0,508(+6),[西] 矢作芳人,202508010509
3,7,7,アイサンサン,牝3,55.0,岩田望来,1:35.3,アタマ,2.5,2.0,446(0),[西] 佐々木晶,202508010509
4,4,4,メイショウツヨキ,牡3,57.0,北村友一,1:35.5,1.1/4,8.5,4.0,466(-6),[西] 飯田祐史,202508010509
5,1,1,シュバルツマサムネ,牡3,57.0,国分優作,1:35.6,1/2,14.3,5.0,460(+2),[西] 杉山佳明,202508010509
6,2,2,シンゼンカガ,牡3,57.0,幸英明,1:35.7,3/4,17.6,6.0,446(-2),[西] 荒川義之,202508010509
除,6,6,ブーディガ,牝3,55.0,西村淳也,,,---,,474(+4),[西] 奥村豊,202508010509
1,4,4,ウエストナウ,牡4,57.0,西村淳也,2:00.7,,6.1,4.0,484(+14),[西] 佐々木晶,202508010510
2,8,9,ミスタージーティー,牡4,57.0,北村友一,2:01.0,1.1/2,4.0,2.0,482(+8),[西] 矢作芳人,202508010510
3,3,3,シェイクユアハート,牡5,58.0,古川吉洋,2:01.1,1/2,2.6,1.0,454(-2),[西] 宮徹,202508010510
4,5,5,セブンマジシャン,牡5,58.0,田口貫太,2:01.1,アタマ,7.0,5.0,506(+8),[西] 高野友和,202508010510
5,8,8,メイショウウネビ,牡6,58.0,幸英明,2:01.5,2,49.5,7.0,506(+8),[西] 本田優,202508010510
6,6,6,ハギノアルデバラン,牡5,58.0,岩田望来,2:02.2,4,28.1,6.0,530(+14),[西] 鮫島一歩,202508010510
7,7,7,アグラシアド,牝5,56.0,長岡禎仁,2:02.2,1/2,54.8,8.0,486(+6),[西] 中村直也,202508010510
8,1,1,パワーホール,セ4,57.0,横山典弘,2:02.6,2.1/2,4.2,3.0,490(-4),[西] 昆貢,202508010510
9,2,2,エイカイマッケンロ,牡6,58.0,松山弘平,2:03.0,2.1/2,65.9,9.0,498(+2),[西] 藤原英昭,202508010510
1,8,16,ロジリオン,牡4,58.0,松山弘平,1:33.8,,5.3,3.0,498(-4),[東] 古賀慎明,202508010511
2,3,5,デビットバローズ,セ6,56.0,北村友一,1:33.9,クビ,12.7,6.0,512(-10),[西] 上村洋行,202508010511
3,2,3,ニホンピロキーフ,牡5,56.0,田口貫太,1:34.0,1,5.2,2.0,498(+16),[西] 大橋勇樹,202508010511
4,1,1,ヤマニンサンパ,牡7,56.0,幸英明,1:34.1,クビ,32.1,11.0,486(0),[西] 斉藤崇史,202508010511
5,6,12,コントラポスト,牡5,55.0,国分優作,1:34.1,アタマ,18.4,8.0,474(+2),[東] 菊沢隆徳,202508010511
6,6,11,アスクコンナモンダ,牡6,57.5,ルメート,1:34.1,クビ,8.2,5.0,462(+4),[西] 中内田充,202508010511
7,2,4,コンクシェル,牝5,55.0,吉村誠之,1:34.2,クビ,27.7,10.0,480(+4),[西] 清水久詞,202508010511
8,3,6,ノースザワールド,牡7,54.0,高杉吏麒,1:34.2,クビ,79.8,16.0,496(-8),[東] 斎藤誠,202508010511
9,8,15,ラケマーダ,牡5,55.0,西村淳也,1:34.2,クビ,50.0,12.0,502(+12),[西] 千田輝彦,202508010511
10,4,8,トランキリテ,牡6,56.0,武豊,1:34.4,1,19.5,9.0,476(+8),[西] 松永幹夫,202508010511
11,7,13,アナゴサン,牡7,56.0,松若風馬,1:34.5,1/2,63.4,14.0,486(+18),[西] 牧田和弥,202508010511
12,4,7,ウインエーデル,牝5,53.0,和田竜二,1:34.6,1/2,60.9,13.0,454(-2),[西] 吉田直弘,202508010511
13,7,14,ノーブルロジャー,牡4,57.5,岩田望来,1:34.6,アタマ,6.6,4.0,498(0),[西] 吉岡辰弥,202508010511
14,1,2,セッション,牡5,57.0,Ｍ．デム,1:34.8,1,14.4,7.0,532(+10),[西] 斉藤崇史,202508010511
15,5,9,ヒルノローザンヌ,牝6,52.0,酒井学,1:35.5,4,64.4,15.0,490(-2),[西] 西村真幸,202508010511
中,5,10,サンライズロナウド,牡6,56.0,横山典弘,,,4.9,1.0,494(+8),[西] 安田翔伍,202508010511
1,3,3,ジンセイ,牡4,57.0,西村淳也,1:58.9,,5.0,2.0,510(+6),[西] 庄野靖志,202508010512
2,4,5,ホルトバージ,牡4,57.0,武豊,2:00.0,7,2.8,1.0,478(0),[西] 寺島良,202508010512
3,8,13,ノボリクレバー,牝5,55.0,田口貫太,2:00.2,1.1/2,49.7,8.0,502(0),[西] 石橋守,202508010512
4,4,4,ドンアチェカ,牡5,58.0,Ｍ．デム,2:00.3,クビ,83.3,12.0,488(-2),[西] 千田輝彦,202508010512
5,1,1,クリノフィガロ,牡4,57.0,幸英明,2:00.4,3/4,7.7,5.0,512(+14),[西] 荒川義之,202508010512
6,2,2,ジョータルマエ,セ5,58.0,鮫島良太,2:00.9,3,5.2,3.0,496(+2),[西] 河嶋宏樹,202508010512
7,5,6,ヒルノデプラーツ,牡6,58.0,和田竜二,2:01.1,3/4,66.2,10.0,498(0),[西] 北出成人,202508010512
8,6,9,アッティラ,牡5,57.0,横山琉人,2:01.5,2.1/2,108.4,13.0,456(-4),[東] 相沢郁,202508010512
9,7,10,タクシンイメル,牝4,53.0,吉村誠之,2:01.6,クビ,11.5,6.0,478(+14),[西] 武英智,202508010512
10,8,12,ダノンフロイデ,牡6,58.0,松山弘平,2:01.8,1,17.4,7.0,490(+4),[西] 坂口智康,202508010512
11,7,11,タッチャブル,牡5,58.0,ルメート,2:02.1,1.3/4,79.6,11.0,514(-2),[西] 中村直也,202508010512
12,6,8,マサハヤウォルズ,牡5,57.0,高杉吏麒,2:02.3,1.1/2,62.1,9.0,476(+12),[西] 今野貞一,202508010512
13,5,7,エアサンサーラ,牡4,57.0,岩田望来,2:14.3,大,6.5,4.0,590(+10),[西] 辻野泰之,202508010512
1,3,3,リアルスター,牡3,56.0,田口貫太,2:03.0,,23.4,5.0,542(0),[西] 大橋勇樹,202508010601
2,8,10,シャルクハフト,牡3,57.0,西村淳也,2:03.0,アタマ,2.9,2.0,494(+6),[西] 清水久詞,202508010601
3,5,5,チュウワチーフ,牡3,57.0,ルメール,2:03.1,クビ,1.6,1.0,472(-6),[西] 小崎憲,202508010601
4,7,8,クロノスバレット,牡3,57.0,岩田望来,2:03.1,ハナ,10.9,4.0,502(+4),[西] 吉村圭司,202508010601
5,2,2,スピントロニクス,牡3,57.0,幸英明,2:03.2,1/2,34.5,7.0,518(0),[西] 池江泰寿,202508010601
6,4,4,ケイコウギュウゴ,牡3,57.0,岩田康誠,2:03.6,2.1/2,34.0,6.0,442(+2),[西] 藤沢則雄,202508010601
7,8,9,ジャスティンロング,牡3,57.0,松山弘平,2:03.8,1,10.0,3.0,520(+2),[西] 吉岡辰弥,202508010601
8,1,1,レヴァンティス,牝3,55.0,北村友一,2:06.6,大,106.4,8.0,454(-4),[西] 友道康夫,202508010601
9,7,7,トゥライトゥーラ,牡3,57.0,角田大和,2:06.7,1/2,318.2,10.0,476(-2),[西] 中竹和也,202508010601
10,6,6,ミナミジュウジセイ,牡3,56.0,高杉吏麒,2:06.8,1,122.0,9.0,504(+2),[西] 浜田多実,202508010601
1,5,5,ショウナンサエッタ,牡3,57.0,池添謙一,1:56.9,,3.5,2.0,520(0),[西] 渡辺薫彦,202508010602
2,8,10,ヤノマスティーロ,牡3,56.0,高杉吏麒,1:56.9,ハナ,2.6,1.0,522(0),[西] 杉山晴紀,202508010602
3,2,2,ピエナアイル,牡3,57.0,松若風馬,1:58.3,8,29.9,8.0,508(0),[西] 渡辺薫彦,202508010602
4,3,3,タガノカワチイ,牝3,55.0,小崎綾也,1:58.7,2.1/2,97.1,10.0,442(0),[西] 岡田稲男,202508010602
5,4,4,クレスコドルフィン,牡3,57.0,角田大和,1:59.0,2,9.0,4.0,528(0),[西] 長谷川浩,202508010602
6,8,9,ベルランザドール,牝3,55.0,西村淳也,1:59.1,1/2,12.2,7.0,466(0),[西] 西村真幸,202508010602
7,7,8,ペグー,牡3,55.0,吉村誠之,1:59.4,2,44.4,9.0,496(0),[西] 小栗実,202508010602
8,1,1,カウンティフェア,牝3,54.0,田口貫太,2:00.2,5,8.0,3.0,456(0),[西] 高野友和,202508010602
9,7,7,キミガタメ,牝3,55.0,松山弘平,2:00.3,3/4,9.1,5.0,494(0),[西] 大久保龍,202508010602
10,6,6,サンライズアルズ,セ3,57.0,幸英明,2:02.4,大,10.6,6.0,498(0),[西] 羽月友彦,202508010602
1,5,9,ニシノジェダイ,牡3,57.0,池添謙一,1:26.8,,2.8,2.0,460(0),[西] 宮本博,202508010603
2,6,12,モズケイスター,牡3,56.0,高杉吏麒,1:27.1,1.3/4,71.9,8.0,464(+2),[西] 高柳大輔,202508010603
3,6,11,メイショウアイク,牡3,57.0,西村淳也,1:27.2,1/2,14.8,5.0,510(-4),[西] 石橋守,202508010603
4,8,16,テーオーライマン,牡3,57.0,古川吉洋,1:27.4,1.1/4,4.9,3.0,462(0),[西] 宮徹,202508010603
5,2,4,パッションディーバ,牝3,55.0,角田大和,1:27.6,1.1/4,140.6,13.0,426(-6),[西] 四位洋文,202508010603
6,4,7,コンドゥイア,牝3,55.0,藤懸貴志,1:28.0,2,25.5,6.0,470(-4),[西] 鮫島一歩,202508010603
7,3,6,ブライトイメル,牡3,56.0,田口貫太,1:28.0,クビ,93.2,11.0,444(-2),[西] 本田優,202508010603
8,1,2,ダイゴセイリュウ,牡3,56.0,西塚洸二,1:28.1,クビ,89.2,10.0,474(-4),[西] 鮫島一歩,202508010603
9,7,13,ランドプリメーロ,牡3,57.0,幸英明,1:28.1,アタマ,107.0,12.0,474(0),[西] 安達昭夫,202508010603
10,4,8,ダノンブランニュー,牡3,57.0,川田将雅,1:28.1,クビ,2.3,1.0,498(+22),[西] 福永祐一,202508010603
11,3,5,トリプレーテ,牡3,57.0,松山弘平,1:28.2,1/2,14.1,4.0,480(0),[西] 武英智,202508010603
12,8,15,ピカッティー,牝3,55.0,和田竜二,1:28.7,3,81.1,9.0,466(+10),[西] 森田直行,202508010603
13,1,1,ケイアイテア,牡3,55.0,吉村誠之,1:28.8,1/2,52.6,7.0,490(-4),[西] 梅田智之,202508010603
14,7,14,シナモンショコラ,牡3,57.0,小崎綾也,1:29.3,3,487.3,15.0,504(+19),[西] 村山明,202508010603
15,5,10,カレンスカーレル,牝3,52.0,橋木太希,1:29.7,2.1/2,499.1,16.0,466(+8),[西] 小林真也,202508010603
16,2,3,スターアイズ,牝3,55.0,松若風馬,1:29.9,1.1/2,215.3,14.0,430(-4),[西] 小椋研介,202508010603
1,8,11,ピエマンソン,牡3,57.0,池添謙一,1:24.9,,2.0,1.0,472(0),[西] 平田修,202508010604
2,2,2,ゴールデンカイト,牡3,57.0,川田将雅,1:25.9,6,4.5,2.0,476(0),[西] 中内田充,202508010604
3,7,9,サディーク,牝3,55.0,西村淳也,1:26.0,1/2,20.9,6.0,438(+4),[西] 河嶋宏樹,202508010604
4,4,4,タイセイレグノ,牡3,56.0,高杉吏麒,1:26.1,3/4,94.4,10.0,464(-2),[西] 浜田多実,202508010604
5,8,10,ダイシンリンク,牡3,57.0,岩田康誠,1:26.2,クビ,40.2,7.0,456(+10),[西] 森秀行,202508010604
6,7,8,スリーピース,牡3,57.0,岩田望来,1:26.2,クビ,44.7,9.0,480(+18),[東] 武井亮,202508010604
7,6,7,ウィンストン,牡3,55.0,吉村誠之,1:26.3,クビ,9.3,4.0,506(+4),[西] 杉山晴紀,202508010604
8,1,1,シホノペルフェット,牡3,57.0,松山弘平,1:26.5,1.1/2,10.7,5.0,502(-8),[西] 寺島良,202508010604
9,6,6,コパノエミリア,牝3,55.0,幸英明,1:27.0,3,155.6,11.0,462(+2),[西] 村山明,202508010604
10,3,3,レーンアジリティ,牡3,56.0,田口貫太,1:28.0,6,42.9,8.0,466(-8),[西] 中尾秀正,202508010604
11,5,5,ナリノエンブレム,牝3,55.0,ルメール,1:28.7,4,5.0,3.0,474(-2),[東] 加藤征弘,202508010604
1,7,12,オデット,牝3,53.0,吉村誠之,2:04.4,,156.3,11.0,446(+2),[西] 緒方努,202508010605
2,8,14,ロードレジェロ,牡3,57.0,西村淳也,2:04.4,ハナ,1.3,1.0,482(+4),[西] 藤野健太,202508010605
3,1,1,メイショウハリソン,牡3,57.0,浜中俊,2:04.5,1,14.1,3.0,474(-6),[西] 石橋守,202508010605
4,4,6,アスクデッドヒート,牡3,57.0,北村友一,2:04.6,1/2,19.2,4.0,476(-12),[西] 矢作芳人,202508010605
5,3,4,サダルメリク,牝3,55.0,幸英明,2:04.9,1.1/2,50.1,8.0,460(+2),[西] 今野貞一,202508010605
6,6,10,リーティアコナル,牡3,57.0,小崎綾也,2:05.4,3,80.9,9.0,484(-2),[西] 友道康夫,202508010605
7,4,5,ミッキーコンドル,牡3,57.0,池添謙一,2:06.0,3.1/2,4.9,2.0,440(-8),[西] 大久保龍,202508010605
8,5,8,ショウリュウシエル,牝3,55.0,角田大和,2:06.4,2.1/2,144.6,10.0,470(-4),[西] 佐々木晶,202508010605
9,6,9,コスモリスナー,牡3,57.0,松若風馬,2:06.7,2,268.9,14.0,516(+10),[西] 宮徹,202508010605
10,3,3,ジャストキングダム,牡3,54.0,橋木太希,2:06.9,3/4,20.4,5.0,556(+6),[西] 高橋康之,202508010605
11,8,13,チャチャピンク,牡3,57.0,和田竜二,2:07.0,1/2,160.7,12.0,458(0),[西] 北出成人,202508010605
12,5,7,コトリノウタウウタ,牝3,54.0,田口貫太,2:07.0,ハナ,193.4,13.0,426(+6),[西] 庄野靖志,202508010605
13,2,2,レッドインタクト,牡3,57.0,岩田康誠,2:09.6,大,29.0,6.0,464(0),[西] 四位洋文,202508010605
14,7,11,マサハヤモーブ,牡3,56.0,高杉吏麒,2:10.8,7,36.3,7.0,454(0),[西] 千田輝彦,202508010605
1,8,13,ミッキージュエリー,牝3,55.0,川田将雅,1:35.5,,3.0,1.0,488(-6),[西] 中内田充,202508010606
2,4,5,ニュークレド,牡3,56.0,高杉吏麒,1:35.9,2.1/2,13.1,8.0,426(-2),[西] 石坂公一,202508010606
3,7,12,ケリフレッドアスク,牝3,54.0,西塚洸二,1:36.0,3/4,8.4,4.0,450(+8),[西] 藤原英昭,202508010606
4,8,14,テーオーシュタイン,牡3,55.0,吉村誠之,1:36.1,1/2,6.8,3.0,468(+2),[西] 梅田智之,202508010606
5,7,11,ポッドデューク,牡3,57.0,池添謙一,1:36.3,1.1/2,12.9,7.0,484(-2),[西] 辻野泰之,202508010606
6,3,4,ルジャーダ,牝3,55.0,幸英明,1:36.5,1.1/2,15.7,9.0,476(-2),[西] 河内洋,202508010606
7,1,1,メイショウゴールド,牡3,57.0,和田竜二,1:36.9,2.1/2,106.5,11.0,434(-6),[西] 荒川義之,202508010606
8,6,10,アルピノ,牡3,57.0,ルメール,1:37.5,3.1/2,9.1,5.0,450(-2),[西] 千田輝彦,202508010606
9,4,6,ショウナンナスカ,牡3,57.0,藤懸貴志,1:37.6,クビ,195.4,13.0,468(0),[西] 畑端省吾,202508010606
10,5,7,アイサイト,牝3,55.0,岩田望来,1:37.6,クビ,11.8,6.0,446(0),[西] 藤岡健一,202508010606
11,5,8,ヴノ,牡3,57.0,北村友一,1:38.1,3,4.8,2.0,460(-10),[西] 野中賢二,202508010606
12,2,2,シティオブロンドン,牡3,57.0,川又賢治,1:38.4,2,65.2,10.0,520(+2),[西] 吉村圭司,202508010606
13,6,9,プティミニョン,牝3,52.0,橋木太希,1:38.9,3,449.9,14.0,410(+6),[西] 高橋康之,202508010606
14,3,3,シルシ,牝3,55.0,角田大和,1:44.1,大,194.0,12.0,430(0),[西] 武幸四郎,202508010606
1,7,11,アリエスキング,牡4,56.0,田口貫太,1:54.2,,2.1,1.0,462(+16),[西] 庄野靖志,202508010607
2,8,12,アーロンイメル,牡4,57.0,藤懸貴志,1:54.3,1/2,17.9,5.0,522(+40),[西] 高橋義忠,202508010607
3,5,6,ウッドショック,牡6,58.0,岩田望来,1:54.4,1/2,48.1,10.0,516(-10),[東] 杉浦宏昭,202508010607
4,4,4,オウケンシルヴァー,牡4,57.0,木幡初也,1:54.4,ハナ,3.5,2.0,492(-4),[東] 松永康利,202508010607
5,7,10,ポルトドール,牡5,58.0,角田大和,1:55.3,5,108.4,11.0,464(+5),[西] 小栗実,202508010607
6,6,9,メイショウソニック,牡4,57.0,西村淳也,1:55.3,アタマ,32.1,8.0,468(+2),[西] 石橋守,202508010607
7,3,3,ポップスター,セ4,57.0,古川吉洋,1:55.3,アタマ,35.8,9.0,492(-10),[東] 南田美知,202508010607
8,2,2,ハギノカノア,牡5,57.0,高杉吏麒,1:55.4,クビ,11.7,4.0,484(-10),[西] 鮫島一歩,202508010607
9,8,13,クヴェレ,牡4,57.0,和田竜二,1:55.5,3/4,29.2,7.0,452(+4),[西] 鈴木孝志,202508010607
10,4,5,ジーティーパワー,牡4,57.0,松山弘平,1:55.6,1/2,5.4,3.0,540(+4),[西] 中村直也,202508010607
11,5,7,ヒラリーステップ,牝5,56.0,幸英明,1:55.6,ハナ,28.9,6.0,488(-2),[東] 天間昭一,202508010607
12,1,1,デンタルフロス,牝4,55.0,小崎綾也,1:56.8,7,136.6,13.0,432(+4),[西] 高橋一哉,202508010607
13,6,8,セキセイ,牡4,55.0,吉村誠之,1:58.3,9,114.0,12.0,476(0),[東] 田中剛,202508010607
1,7,14,ロストシークレット,牡4,58.0,川田将雅,1:35.6,,3.6,2.0,464(+10),[西] 中内田充,202508010608
2,4,7,バレルターン,牡4,58.0,西村淳也,1:35.6,クビ,2.5,1.0,486(+2),[西] 茶木太樹,202508010608
3,5,10,パシフィックハイ,牝4,56.0,松山弘平,1:35.6,クビ,7.1,3.0,464(+8),[西] 杉山佳明,202508010608
4,7,15,ジャズ,牡4,58.0,浜中俊,1:35.7,1/2,11.6,4.0,480(+4),[西] 辻野泰之,202508010608
5,4,8,ニホンピロホリデー,牝4,55.0,田口貫太,1:35.9,3/4,157.0,14.0,394(-13),[西] 緒方努,202508010608
6,5,9,タマモランプ,牡4,58.0,池添謙一,1:36.0,3/4,32.7,9.0,462(+4),[西] 池添学,202508010608
7,6,12,クレセントウイング,セ5,58.0,藤懸貴志,1:36.1,1/2,65.8,11.0,466(+8),[東] 高橋文雅,202508010608
8,8,17,エーデルサンライズ,牝5,56.0,幸英明,1:36.1,クビ,144.7,13.0,436(0),[西] 小林真也,202508010608
9,1,1,ラガークイン,牝4,56.0,岩田康誠,1:36.1,ハナ,18.6,7.0,426(+4),[西] 大久保龍,202508010608
10,8,18,キタサンダムール,牝5,56.0,岩田望来,1:36.2,クビ,13.4,5.0,488(+4),[西] 清水久詞,202508010608
11,6,11,シャーリーゴールド,牝4,55.0,高杉吏麒,1:36.4,1,22.5,8.0,470(+4),[西] 須貝尚介,202508010608
12,3,5,アポロルタ,牝6,56.0,古川吉洋,1:36.6,1.1/4,213.0,18.0,452(-6),[東] 村田一誠,202508010608
13,8,16,サンライズプルート,牡5,58.0,松若風馬,1:36.6,クビ,13.8,6.0,476(+6),[西] 音無秀孝,202508010608
14,2,3,スイーツバイキング,牝5,56.0,ルメート,1:36.7,3/4,200.5,16.0,466(+8),[東] 大竹正博,202508010608
15,1,2,ニホンピロマリブ,牡7,57.0,西塚洸二,1:36.8,クビ,167.9,15.0,454(+8),[西] 安達昭夫,202508010608
16,7,13,テーオーコンドル,セ6,55.0,橋木太希,1:36.8,アタマ,210.5,17.0,486(-6),[西] 宮徹,202508010608
17,3,6,ブライテン,牝5,54.0,吉村誠之,1:36.8,ハナ,130.3,12.0,426(-6),[西] 高橋亮,202508010608
18,2,4,ドゥーカスコーリ,牝4,56.0,和田竜二,1:37.5,4,46.3,10.0,464(+8),[西] 石坂公一,202508010608
1,4,4,バッデレイト,牡4,57.0,岩田望来,2:02.6,,2.3,1.0,476(+8),[西] 上村洋行,202508010609
2,3,3,ブリタニア,牡5,58.0,川田将雅,2:02.7,1/2,3.7,2.0,506(+6),[西] 杉山佳明,202508010609
3,8,8,ライフセービング,牡4,57.0,西村淳也,2:03.1,2,42.6,7.0,462(+4),[西] 宮徹,202508010609
4,8,9,ログラール,牡4,57.0,北村友一,2:03.3,1.1/4,7.6,4.0,480(0),[西] 松永幹夫,202508010609
5,5,5,スターリングアップ,牝4,55.0,池添謙一,2:03.8,3,13.7,5.0,434(+6),[西] 松永幹夫,202508010609
6,7,7,バガリーロータス,牝4,55.0,高杉吏麒,2:04.2,2.1/2,71.9,8.0,456(0),[西] 石坂公一,202508010609
7,6,6,ヤマニンアドホック,牡4,57.0,ルメール,2:04.4,1.1/4,3.8,3.0,466(+6),[東] 辻哲英,202508010609
8,1,1,ヴァンルーラー,牝6,56.0,吉村誠之,2:04.6,1.1/4,121.9,9.0,466(0),[西] 河嶋宏樹,202508010609
9,2,2,ヴィゴラスダンサー,牝6,56.0,田口貫太,2:14.3,大,20.2,6.0,460(+4),[西] 友道康夫,202508010609
1,5,6,コンティノアール,牡5,58.0,西村淳也,1:51.7,,38.7,9.0,540(-2),[西] 矢作芳人,202508010610
2,4,4,パシアンジャン,牡4,57.0,幸英明,1:52.0,1.3/4,6.4,3.0,454(-2),[西] 鈴木孝志,202508010610
3,8,12,テリフィックプラン,牡4,57.0,ルメール,1:52.1,1,1.9,1.0,490(-4),[東] 萩原清,202508010610
4,7,10,ポッドロゴ,牡4,57.0,ルメート,1:52.2,クビ,39.3,10.0,484(+4),[西] 西園正都,202508010610
5,3,3,グロッシェン,牡4,57.0,川田将雅,1:52.3,1/2,8.7,4.0,470(-8),[東] 宮田敬介,202508010610
6,6,9,タンゴバイラリン,牡4,57.0,北村友一,1:52.5,1.1/2,22.1,7.0,514(+4),[東] 栗田徹,202508010610
7,5,7,オメガタキシード,セ5,58.0,岩田康誠,1:52.6,1/2,35.4,8.0,450(+4),[西] 松永幹夫,202508010610
8,2,2,アオイイーグル,牡5,58.0,岩田望来,1:52.7,1/2,15.3,5.0,496(-2),[西] 大久保龍,202508010610
9,6,8,メイショウコガシラ,牡5,58.0,田口貫太,1:52.9,3/4,21.9,6.0,504(+4),[西] 本田優,202508010610
10,1,1,タイトニット,牡5,58.0,松山弘平,1:52.9,クビ,4.5,2.0,568(-2),[西] 今野貞一,202508010610
11,8,13,メイショウポペット,牝5,56.0,浜中俊,1:53.2,1.1/2,114.8,11.0,502(0),[西] 角田晃一,202508010610
12,7,11,ゼウスバイオ,牡6,58.0,和田竜二,1:53.5,2,260.3,12.0,520(-4),[西] 畑端省吾,202508010610
13,4,5,ナリタフォルテ,牡7,58.0,田中健,1:53.6,3/4,297.7,13.0,594(-12),[西] 木原一良,202508010610
1,1,1,ヨーホーレイク,牡7,57.0,岩田望来,2:15.7,,9.5,5.0,534(+20),[西] 友道康夫,202508010611
2,3,3,リビアングラス,牡5,57.0,松山弘平,2:15.8,3/4,30.6,6.0,500(+4),[西] 矢作芳人,202508010611
3,7,10,マコトヴェリーキー,牡5,57.0,北村友一,2:15.9,クビ,33.4,7.0,476(-4),[西] 上村洋行,202508010611
4,2,2,バビット,牡8,57.0,高杉吏麒,2:16.0,1/2,54.3,8.0,476(+10),[西] 浜田多実,202508010611
5,4,4,ソールオリエンス,牡5,58.0,川田将雅,2:16.1,1/2,4.7,2.0,472(-4),[東] 手塚貴久,202508010611
6,7,9,プラダリア,牡6,58.0,池添謙一,2:16.2,3/4,6.2,3.0,474(+4),[西] 池添学,202508010611
7,6,8,エヒト,牡8,57.0,岩田康誠,2:16.4,1,83.7,9.0,466(-4),[西] 森秀行,202508010611
8,8,11,セイウンハーデス,牡6,57.0,幸英明,2:16.5,1/2,8.4,4.0,488(-2),[西] 橋口慎介,202508010611
9,5,6,チェルヴィニア,牝4,55.0,ルメール,2:16.7,1.1/4,1.8,1.0,500(+6),[東] 木村哲也,202508010611
10,8,12,ブレイヴロッカー,牡5,57.0,田口貫太,2:16.7,ハナ,210.2,11.0,464(+2),[西] 本田優,202508010611
11,5,5,フォワードアゲン,セ8,57.0,古川吉洋,2:17.3,3.1/2,356.8,12.0,442(+2),[東] 加藤和宏,202508010611
12,6,7,メイショウユズルハ,牡6,57.0,西村淳也,2:17.6,2,198.1,10.0,508(+8),[西] 岡田稲男,202508010611
1,2,3,タガノミスト,牝4,56.0,幸英明,1:12.2,,3.0,1.0,480(+2),[西] 渡辺薫彦,202508010612
2,6,11,ネイト,牝6,54.0,吉村誠之,1:12.4,1.1/4,4.6,2.0,456(-4),[西] 小栗実,202508010612
3,7,13,ミロワール,牝6,56.0,Ｍ．デム,1:12.6,3/4,23.7,8.0,468(-4),[西] 河嶋宏樹,202508010612
4,5,9,プレイテシア,牝6,56.0,角田大和,1:12.6,クビ,7.9,4.0,428(-6),[西] 羽月友彦,202508010612
5,1,2,フェリ,牝5,56.0,藤懸貴志,1:12.7,クビ,49.5,13.0,460(-2),[西] 佐々木晶,202508010612
6,8,16,クラリティスケール,牝6,56.0,古川吉洋,1:12.9,1.1/2,199.7,15.0,462(-8),[西] 藤野健太,202508010612
7,2,4,アルジェンタージョ,牝4,56.0,西村淳也,1:13.1,3/4,32.1,10.0,460(-4),[東] 伊藤圭三,202508010612
8,7,14,ゼットカレン,牝5,55.0,田口貫太,1:13.2,3/4,25.9,9.0,498(+12),[西] 宮徹,202508010612
9,3,6,ミライテーラー,牝4,56.0,中井裕二,1:13.6,2,16.9,7.0,478(+2),[西] 緒方努,202508010612
10,4,7,クリニエールグラス,牝6,55.0,高杉吏麒,1:13.6,ハナ,33.7,11.0,462(-2),[西] 浜田多実,202508010612
11,8,15,カリュウ,牝6,53.0,橋木太希,1:13.7,1/2,219.2,16.0,428(0),[東] 田島俊明,202508010612
12,6,12,モイラ,牝4,56.0,和田竜二,1:13.7,クビ,14.0,6.0,466(0),[西] 鈴木孝志,202508010612
13,1,1,メイショウオトギ,牝5,56.0,池添謙一,1:13.9,1.1/4,62.3,14.0,444(+10),[西] 池添学,202508010612
14,3,5,メイショウナナクサ,牝5,56.0,松若風馬,1:14.3,2.1/2,38.2,12.0,434(-12),[西] 笹田和秀,202508010612
15,5,10,ホークレア,牝4,56.0,松山弘平,1:14.7,2,6.3,3.0,444(-4),[東] 尾関知人,202508010612
16,4,8,クールベイビー,牝4,56.0,岩田望来,1:16.6,大,12.2,5.0,470(+2),[東] 矢野英一,202508010612
1,8,10,クリノスワロー,牝3,55.0,岩田望来,1:55.2,,12.1,4.0,490(0),[西] 高橋義忠,202508010701
2,5,5,リアルサファリ,牝3,55.0,和田竜二,1:55.9,4,5.6,3.0,462(-2),[西] 小崎憲,202508010701
3,7,9,タマモジャスミン,牝3,54.0,田口貫太,1:56.2,1.1/2,2.6,2.0,492(-8),[西] 大橋勇樹,202508010701
4,8,11,ローズゴジャール,牝3,55.0,城戸義政,1:56.3,3/4,122.6,10.0,396(-2),[西] 荒川義之,202508010701
5,4,4,テイエムドリーマー,牝3,55.0,太宰啓介,1:56.4,クビ,16.7,6.0,478(+6),[西] 畑端省吾,202508010701
6,6,7,アンミツヒメ,牝3,55.0,富田暁,1:56.4,アタマ,90.4,9.0,442(-2),[西] 四位洋文,202508010701
7,2,2,レゲエパンチ,牝3,53.0,吉村誠之,1:56.7,2,65.1,8.0,418(+2),[西] 吉田直弘,202508010701
8,6,6,サッポロキタコ,牝3,55.0,浜中俊,1:57.4,4,2.2,1.0,474(0),[西] 田中克典,202508010701
9,7,8,グラブビクトリー,牝3,55.0,幸英明,1:57.9,3,16.5,5.0,488(-2),[西] 高橋義忠,202508010701
10,1,1,マンノデュエット,牝3,55.0,池添謙一,1:58.3,2.1/2,44.3,7.0,490(-6),[西] 中竹和也,202508010701
11,3,3,ミキノオーボエ,牝3,55.0,斎藤新,2:00.7,大,375.7,11.0,484(+1),[東] 南田美知,202508010701
1,8,14,シークザドリーム,牡3,57.0,北村友一,1:13.2,,3.1,1.0,508(-4),[西] 中竹和也,202508010702
2,7,12,タマモアオゾラ,牡3,57.0,幸英明,1:13.2,クビ,11.4,5.0,444(0),[西] 木原一良,202508010702
3,6,10,ロードヴァルカン,牡3,57.0,川須栄彦,1:13.2,アタマ,3.4,2.0,458(+6),[西] 中村直也,202508010702
4,8,15,インディゴアスール,牡3,57.0,和田竜二,1:13.8,3.1/2,18.3,6.0,530(+22),[西] 鈴木孝志,202508010702
5,1,1,アンピュルシオン,牝3,55.0,横山典弘,1:14.0,1,74.0,10.0,452(+8),[西] 庄野靖志,202508010702
6,2,2,テイエムダイタカ,牡3,57.0,富田暁,1:14.5,3,61.7,9.0,432(+4),[西] 木原一良,202508010702
7,3,5,ハヤブサナンデヒメ,牝3,53.0,吉村誠之,1:14.6,クビ,60.7,8.0,452(0),[西] 小栗実,202508010702
8,3,4,エイシンパンタレイ,牡3,57.0,斎藤新,1:14.8,1.1/2,4.3,3.0,500(+10),[西] 中尾秀正,202508010702
9,4,7,メイショウヨンク,牡3,57.0,岩田康誠,1:15.0,3/4,20.5,7.0,448(-4),[西] 藤沢則雄,202508010702
10,5,8,サルジュ,牡3,57.0,国分優作,1:15.0,クビ,614.1,15.0,422(-6),[東] 大和田成,202508010702
11,7,13,ラベンサラ,牝3,55.0,古川吉洋,1:15.3,1.3/4,536.3,14.0,392(-2),[西] 大根田裕,202508010702
12,4,6,レネネト,牝3,55.0,松若風馬,1:15.9,3.1/2,6.2,4.0,510(+4),[西] 田中克典,202508010702
13,2,3,アイカチャン,牝3,55.0,酒井学,1:16.1,3/4,481.3,13.0,390(-2),[東] 蛯名利弘,202508010702
14,5,9,サウンドアンフィニ,牝3,55.0,城戸義政,1:16.1,クビ,352.9,12.0,510(-6),[西] 安達昭夫,202508010702
15,6,11,タイガーグレート,セ3,56.0,田口貫太,1:16.2,クビ,307.3,11.0,494(-4),[西] 大橋勇樹,202508010702
1,7,9,ランツフート,牡3,57.0,Ｍ．デム,2:01.9,,4.7,2.0,468(+4),[西] 大久保龍,202508010703
2,2,2,アメリカンバー,牡3,55.0,吉村誠之,2:02.2,1.3/4,1.8,1.0,496(-4),[西] 宮地貴稔,202508010703
3,7,10,エポエポサン,牡3,57.0,酒井学,2:02.2,ハナ,5.7,3.0,468(-4),[西] 須貝尚介,202508010703
4,5,5,ケイアイワイラーパ,牡3,57.0,岩田望来,2:03.0,5,6.8,4.0,504(+10),[西] 野中賢二,202508010703
5,3,3,レアルシチー,牡3,57.0,和田竜二,2:03.2,1.1/4,68.7,8.0,512(+2),[西] 羽月友彦,202508010703
6,4,4,アスクガンバーレ,牡3,57.0,岩田康誠,2:03.7,3,77.1,9.0,452(-6),[西] 福永祐一,202508010703
7,5,6,メレサンク,牝3,55.0,北村友一,2:03.8,1/2,27.1,7.0,466(+4),[西] 田中克典,202508010703
8,6,8,フランキーバローズ,牡3,56.0,田口貫太,2:04.0,1.1/2,16.5,5.0,472(+6),[西] 池江泰寿,202508010703
9,6,7,ランスオブコメット,牡3,57.0,浜中俊,2:04.4,2.1/2,20.1,6.0,538(+10),[西] 奥村豊,202508010703
10,8,12,ウォーターバンドル,牡3,57.0,松若風馬,2:05.6,7,99.9,10.0,466(-6),[西] 岡田稲男,202508010703
11,1,1,ボンマティ,牝3,55.0,幸英明,2:08.0,大,270.6,11.0,476(-2),[西] 高橋義忠,202508010703
12,8,11,ミンスパイ,牝3,55.0,水口優也,2:08.5,2.1/2,322.2,12.0,460(-8),[西] 浜田多実,202508010703
1,8,15,アクアマリーナ,牝3,55.0,斎藤新,1:27.4,,6.3,2.0,446(0),[東] 伊坂重信,202508010704
2,2,3,サンマルノヴェル,牡3,56.0,田口貫太,1:28.2,5,3.0,1.0,488(0),[西] 大橋勇樹,202508010704
3,1,1,サトノオリエンタル,牝3,55.0,太宰啓介,1:28.3,クビ,54.2,13.0,438(0),[西] 高橋亮,202508010704
4,6,10,ジェミート,牡3,57.0,岩田康誠,1:28.3,クビ,11.8,6.0,492(0),[西] 四位洋文,202508010704
5,6,11,エイシンマールス,牡3,57.0,和田竜二,1:28.5,1,13.3,7.0,470(0),[西] 今野貞一,202508010704
6,2,2,スマイルラッシュ,牝3,55.0,北村友一,1:28.6,3/4,23.3,9.0,424(0),[西] 藤原英昭,202508010704
7,7,12,ナムラエミー,牝3,55.0,松若風馬,1:29.5,5,40.2,11.0,452(0),[西] 羽月友彦,202508010704
8,4,7,ファータビアンカ,牝3,52.0,鷲頭虎太,1:29.8,1.1/2,7.2,4.0,446(0),[西] 佐々木晶,202508010704
9,4,6,ハイラブソング,牝3,55.0,城戸義政,1:29.8,ハナ,43.2,12.0,432(0),[西] 荒川義之,202508010704
10,7,13,ストラテージュ,牡3,57.0,富田暁,1:30.0,1.1/4,6.8,3.0,486(0),[西] 矢作芳人,202508010704
11,8,14,スマイルプラス,牝3,55.0,国分優作,1:30.1,3/4,75.2,14.0,430(0),[西] 坂口智康,202508010704
12,5,8,トーセンアーロン,牡3,57.0,Ｍ．デム,1:30.1,ハナ,15.2,8.0,460(0),[東] 小笠倫弘,202508010704
13,3,4,セーデルマンランド,牡3,57.0,幸英明,1:31.4,8,32.8,10.0,518(0),[西] 大根田裕,202508010704
14,5,9,ピエナイオス,牝3,53.0,吉村誠之,1:31.5,1/2,94.5,15.0,420(0),[西] 長谷川浩,202508010704
15,3,5,エアザキントス,牡3,57.0,岩田望来,1:34.0,大,11.1,5.0,458(0),[西] 新谷功一,202508010704
1,2,3,ロットブラータ,牡3,57.0,和田竜二,2:28.4,,1.9,1.0,526(+4),[西] 平田修,202508010705
2,8,14,ヴァリディシームス,牡3,57.0,ルメート,2:28.4,クビ,3.6,2.0,480(+8),[西] 中内田充,202508010705
3,6,10,プレデスティナーレ,牡3,57.0,岩田康誠,2:29.3,5,31.2,7.0,456(0),[西] 北出成人,202508010705
4,3,4,シャインバオバブ,牡3,57.0,太宰啓介,2:29.4,3/4,85.3,10.0,496(+2),[西] 本田優,202508010705
5,5,8,ビジュードネージュ,牝3,55.0,岩田望来,2:29.4,クビ,7.2,3.0,426(+2),[西] 高柳大輔,202508010705
6,2,2,サラダ,牝3,53.0,吉村誠之,2:29.6,3/4,11.4,4.0,438(-6),[西] 武英智,202508010705
7,5,9,ダノングレイ,牡3,57.0,北村友一,2:29.8,1.1/4,16.2,6.0,458(0),[西] 矢作芳人,202508010705
8,6,11,カピオラ,牝3,55.0,Ｍ．デム,2:30.0,1.1/2,68.9,9.0,424(-2),[西] 武幸四郎,202508010705
9,7,12,タイセイルシエル,牡3,57.0,国分優作,2:30.3,1.3/4,197.1,12.0,424(-2),[西] 松下武士,202508010705
10,3,5,サイモンイロハニー,牝3,55.0,酒井学,2:30.6,2,280.7,14.0,412(+6),[西] 谷潔,202508010705
11,1,1,ヤマニンソレアード,牝3,55.0,古川吉洋,2:31.4,5,258.3,13.0,456(-6),[西] 四位洋文,202508010705
12,8,15,ヒンメル,牡3,57.0,川須栄彦,2:31.5,1/2,483.0,15.0,428(-8),[東] 伊藤大士,202508010705
13,4,7,シヴァールバーニ,牡3,56.0,田口貫太,2:31.6,クビ,58.9,8.0,452(0),[西] 池江泰寿,202508010705
14,7,13,ランヴェルスマン,牡3,57.0,幸英明,2:31.7,3/4,13.7,5.0,502(0),[西] 斉藤崇史,202508010705
15,4,6,ジャンプオーバー,牡3,57.0,斎藤新,2:33.8,大,90.6,11.0,518(+10),[西] 藤岡健一,202508010705
1,5,5,ブルーペクトライト,牝5,56.0,Ｍ．デム,1:54.7,,4.6,3.0,492(+2),[西] 宮地貴稔,202508010706
2,6,6,タマモナポリ,牝4,55.0,岩田康誠,1:54.9,1,3.6,2.0,458(-2),[西] 河嶋宏樹,202508010706
3,4,4,キョウエイフロイデ,牝4,55.0,富田暁,1:55.1,1.1/4,13.8,6.0,472(-4),[東] 中川公成,202508010706
4,2,2,ロスティチェーレ,牝5,56.0,北村友一,1:55.2,1,2.6,1.0,480(-6),[西] 松下武士,202508010706
5,6,7,ヒロインズクレスト,牝4,55.0,古川吉洋,1:55.3,3/4,18.6,7.0,474(+4),[西] 本田優,202508010706
6,1,1,アリストクラシア,牝4,55.0,浜中俊,1:55.4,1/2,9.7,4.0,462(-4),[西] 吉岡辰弥,202508010706
7,8,10,グレイスオブゴッド,牝5,56.0,中井裕二,1:55.4,ハナ,82.8,9.0,486(+4),[西] 緒方努,202508010706
8,7,9,デンタルフロス,牝4,55.0,和田竜二,1:55.5,1/2,167.3,11.0,430(-2),[西] 高橋一哉,202508010706
9,7,8,エピファドール,牝4,54.0,田口貫太,1:55.8,1.3/4,10.8,5.0,472(+4),[西] 石橋守,202508010706
10,3,3,シゲルオトヒメ,牝6,56.0,酒井学,1:56.1,2,27.0,8.0,428(-2),[西] 谷潔,202508010706
11,8,11,シャインヴィーナス,牝4,55.0,水口優也,1:58.5,大,148.5,10.0,440(-8),[東] 伊坂重信,202508010706
1,5,9,ゴイゴイスー,牡7,58.0,川須栄彦,1:12.8,,26.6,6.0,516(0),[西] 中尾秀正,202508010707
2,7,13,フォルテローザ,牝4,54.0,吉村誠之,1:12.8,クビ,2.8,1.0,438(+4),[西] 斉藤崇史,202508010707
3,1,2,テイエムタリスマ,牡4,58.0,富田暁,1:13.1,1.1/2,39.2,8.0,474(0),[西] 木原一良,202508010707
4,7,14,チアフルヴォイス,牝4,56.0,ルメート,1:13.2,1,34.8,7.0,462(0),[西] 坂口智康,202508010707
5,8,16,マイネルサンテ,牡5,58.0,国分優作,1:13.4,1,39.5,10.0,498(+6),[西] 緒方努,202508010707
6,5,10,マックスセレナーデ,牝4,56.0,幸英明,1:13.5,3/4,39.4,9.0,526(+18),[西] 橋口慎介,202508010707
7,3,6,ミルミナーヴァ,牝4,56.0,北村友一,1:13.7,1.1/4,3.5,2.0,482(-2),[西] 西園正都,202508010707
8,2,4,ノビル,牝4,55.0,田口貫太,1:13.8,1/2,20.1,5.0,448(+10),[西] 鈴木孝志,202508010707
9,3,5,フェリーニ,牡4,58.0,横山典弘,1:14.0,1.1/4,5.1,4.0,516(+2),[西] 橋口慎介,202508010707
10,8,15,ナゲットモンスター,牡5,58.0,岩田望来,1:14.1,1/2,4.7,3.0,522(0),[西] 西村真幸,202508010707
11,6,11,マイラッキーデイ,牡4,58.0,中井裕二,1:14.3,3/4,472.4,15.0,500(+10),[西] 森田直行,202508010707
12,6,12,ブルーデイジー,牝6,56.0,和田翼,1:14.3,クビ,745.9,16.0,460(+6),[東] 的場均,202508010707
13,1,1,ランスオブプライム,牝4,56.0,城戸義政,1:14.4,クビ,379.6,14.0,460(-2),[西] 奥村豊,202508010707
14,4,8,イエデゴロゴロ,牝4,56.0,松若風馬,1:15.0,3.1/2,74.7,11.0,446(+6),[西] 村山明,202508010707
15,4,7,テキーラワルツ,牝4,56.0,古川吉洋,1:15.0,アタマ,213.5,12.0,430(0),[西] 大根田裕,202508010707
16,2,3,ハルカナネガイ,牝6,56.0,太宰啓介,1:15.2,1.1/4,345.9,13.0,450(+12),[西] 藤沢則雄,202508010707
1,8,9,エポックヴィーナス,牝4,56.0,和田竜二,1:35.0,,5.3,3.0,444(+2),[西] 新谷功一,202508010708
2,4,4,ジュンヴァンケット,セ4,58.0,Ｍ．デム,1:35.1,クビ,4.3,2.0,464(+4),[西] 友道康夫,202508010708
3,8,8,オーシャントライブ,セ5,58.0,北村友一,1:35.1,ハナ,6.9,4.0,448(+4),[西] 高柳大輔,202508010708
4,6,6,メイショウカイト,牝7,56.0,幸英明,1:35.1,ハナ,38.0,6.0,474(+8),[西] 荒川義之,202508010708
5,2,2,チャンネルトンネル,牡4,58.0,岩田望来,1:35.5,2.1/2,1.8,1.0,474(+6),[西] 福永祐一,202508010708
6,1,1,ハワイアンティアレ,牝4,56.0,池添謙一,1:35.5,ハナ,11.4,5.0,424(+2),[西] 松永幹夫,202508010708
7,7,7,ルージュシュエット,牝4,54.0,吉村誠之,1:36.0,3,57.1,7.0,454(-6),[西] 矢作芳人,202508010708
8,5,5,スズカハービン,牡5,58.0,松若風馬,1:36.1,3/4,135.7,8.0,468(-4),[西] 高橋義忠,202508010708
9,3,3,テーオーコンドル,セ6,58.0,斎藤新,1:36.1,アタマ,214.8,9.0,484(-2),[西] 宮徹,202508010708
1,5,5,パラディレーヌ,牝3,55.0,岩田望来,1:46.8,,2.0,1.0,502(+4),[西] 千田輝彦,202508010709
2,1,1,ローランドバローズ,牡3,57.0,岩田康誠,1:47.3,3,11.7,6.0,486(-4),[西] 上村洋行,202508010709
3,7,7,ダイシンラー,牡3,57.0,幸英明,1:47.9,3.1/2,5.6,3.0,508(+2),[西] 梅田智之,202508010709
4,4,4,コンフォルツァ,牡3,57.0,横山典弘,1:48.0,1/2,8.3,4.0,494(+4),[西] 松永幹夫,202508010709
5,8,8,ベイリークロア,牡3,57.0,Ｍ．デム,1:48.1,3/4,9.5,5.0,482(+12),[西] 大久保龍,202508010709
6,2,2,ウォータークラーク,牡3,57.0,田口貫太,1:48.2,クビ,4.4,2.0,476(-6),[西] 石橋守,202508010709
7,6,6,ノラリクラリ,牡3,57.0,ルメート,1:48.3,3/4,23.1,7.0,442(0),[西] 藤岡健一,202508010709
8,3,3,ファイアトリック,牡3,57.0,和田竜二,1:48.4,3/4,130.5,8.0,454(-6),[東] 伊坂重信,202508010709
1,5,10,ニシキギミッチー,牡5,56.0,古川吉洋,1:23.9,,4.1,1.0,496(+4),[東] 鈴木伸尋,202508010710
2,5,9,キャプテンネキ,牝4,54.0,松若風馬,1:24.4,2.1/2,4.3,2.0,550(+18),[西] 杉山晴紀,202508010710
3,4,8,タマモダイジョッキ,牡7,57.0,幸英明,1:24.6,1,28.7,8.0,490(+2),[西] 緒方努,202508010710
4,4,7,オンザダブル,牡6,56.0,田口貫太,1:24.7,3/4,76.6,14.0,524(+14),[西] 長谷川浩,202508010710
5,1,2,ジャーヴィス,牡5,56.0,ルメート,1:24.8,3/4,25.6,7.0,496(+6),[西] 千田輝彦,202508010710
6,2,3,シゲルソロソロ,牝5,54.0,Ｍ．デム,1:25.0,1.1/4,4.7,3.0,474(-2),[西] 谷潔,202508010710
7,7,13,ミユキアイラブユー,セ6,56.0,斎藤新,1:25.1,クビ,41.6,10.0,564(-2),[東] 小島茂之,202508010710
8,7,14,テイエムランウェイ,牡6,55.0,鮫島良太,1:25.2,3/4,61.1,12.0,496(+4),[西] 河嶋宏樹,202508010710
9,3,5,ローズスター,牡5,57.0,岩田望来,1:25.3,1/2,5.6,4.0,462(-2),[西] 上村洋行,202508010710
10,1,1,メイショウヒューマ,牡7,54.0,池添謙一,1:25.3,ハナ,115.2,15.0,512(+10),[西] 藤岡健一,202508010710
11,2,4,パーティーベル,牡6,56.0,岩田康誠,1:25.5,1.1/4,54.1,11.0,460(+2),[西] 松永幹夫,202508010710
12,8,15,ラブコメディ,牝4,53.0,吉村誠之,1:25.5,ハナ,8.8,5.0,458(0),[西] 寺島良,202508010710
13,6,11,ウインスノーライト,牡5,55.0,横山典弘,1:25.6,1/2,13.9,6.0,492(+6),[西] 杉山晴紀,202508010710
14,3,6,ギーロカスタル,牡5,55.0,和田竜二,1:25.8,1,65.8,13.0,472(+12),[西] 鈴木孝志,202508010710
15,8,16,ウナギノボリ,牡6,54.0,北村友一,1:25.8,ハナ,30.9,9.0,498(+4),[西] 音無秀孝,202508010710
16,6,12,ブルースピリット,セ7,56.0,国分優作,1:26.0,1.1/4,158.8,16.0,494(-6),[東] 岩戸孝樹,202508010710
1,8,16,カンチェンジュンガ,牡5,57.0,幸英明,1:21.7,,18.6,7.0,496(+12),[西] 庄野靖志,202508010711
2,3,6,アサカラキング,牡5,57.0,斎藤新,1:21.8,1/2,4.5,2.0,526(+2),[東] 斎藤誠,202508010711
3,7,13,ソーダズリング,牝5,55.0,浜中俊,1:21.9,3/4,4.9,3.0,472(-6),[西] 音無秀孝,202508010711
4,8,17,ダノンマッキンリー,牡4,58.0,北村友一,1:22.0,クビ,7.3,4.0,476(+4),[西] 藤原英昭,202508010711
5,4,8,フォーチュンタイム,牡4,57.0,岩田望来,1:22.0,ハナ,3.4,1.0,512(+12),[西] 吉岡辰弥,202508010711
6,8,18,セッション,牡5,57.0,Ｍ．デム,1:22.0,アタマ,54.4,12.0,532(0),[西] 斉藤崇史,202508010711
7,3,5,トゥラヴェスーラ,牡10,57.0,池添謙一,1:22.1,1/2,24.9,9.0,494(+10),[西] 高橋康之,202508010711
8,7,15,ダノンスコーピオン,牡6,58.0,和田竜二,1:22.1,アタマ,58.0,13.0,466(-2),[西] 福永祐一,202508010711
9,6,12,モズメイメイ,牝5,55.0,松若風馬,1:22.4,1.3/4,65.3,14.0,468(-6),[西] 音無秀孝,202508010711
10,1,1,オオバンブルマイ,牡5,57.0,ルメート,1:22.4,クビ,14.0,5.0,458(-6),[西] 吉村圭司,202508010711
11,6,11,アグリ,牡6,57.0,吉田隼人,1:22.4,ハナ,20.6,8.0,502(+2),[西] 杉山晴紀,202508010711
12,5,10,スズハローム,牡5,57.0,吉村誠之,1:22.5,クビ,17.4,6.0,466(+14),[西] 牧田和弥,202508010711
13,1,2,ドナベティ,牝4,55.0,田口貫太,1:22.7,1.1/4,209.0,17.0,440(+12),[西] 矢作芳人,202508010711
14,4,7,ブーケファロス,牡5,57.0,富田暁,1:22.7,クビ,386.1,18.0,450(0),[東] 清水英克,202508010711
15,5,9,ヴァトレニ,セ7,57.0,酒井学,1:22.7,アタマ,114.7,15.0,458(+2),[西] 長谷川浩,202508010711
16,2,4,シュバルツカイザー,セ7,57.0,岩田康誠,1:22.8,3/4,36.4,11.0,506(+2),[東] 大竹正博,202508010711
17,7,14,ジャングロ,牡6,57.0,横山典弘,1:22.9,クビ,158.5,16.0,482(0),[西] 森秀行,202508010711
18,2,3,フルメタルボディー,セ5,57.0,国分優作,1:23.6,4,33.2,10.0,506(+2),[西] 清水久詞,202508010711
1,8,14,ウイニンググレイス,牡5,58.0,幸英明,1:53.2,,4.6,3.0,518(+2),[西] 河嶋宏樹,202508010712
2,3,4,シャンデルナゴル,牡5,58.0,北村友一,1:53.4,1.1/4,4.5,2.0,496(+4),[西] 石坂公一,202508010712
3,7,11,ワンパット,牡4,57.0,太宰啓介,1:54.0,3.1/2,10.7,5.0,486(+2),[西] 高橋亮,202508010712
4,2,2,メイショウリリー,牝4,55.0,Ｍ．デム,1:54.0,ハナ,19.9,7.0,434(-2),[西] 高橋義忠,202508010712
5,6,10,シンヨモギネス,牡7,58.0,和田竜二,1:54.1,3/4,11.1,6.0,486(0),[東] 伊藤圭三,202508010712
6,5,7,ジーニアスバローズ,牡5,58.0,岩田望来,1:54.1,ハナ,4.2,1.0,470(-2),[西] 辻野泰之,202508010712
7,7,12,メイショウシロガネ,牡7,58.0,浜中俊,1:54.2,3/4,44.4,11.0,466(+4),[西] 笹田和秀,202508010712
8,5,8,ピジョンブラッド,牝6,56.0,酒井学,1:54.4,1.1/4,105.9,13.0,508(0),[西] 荒川義之,202508010712
9,4,6,クールブロン,牡5,58.0,ルメート,1:54.5,クビ,29.6,9.0,536(+4),[西] 武幸四郎,202508010712
10,1,1,ボックスオフィス,牡4,57.0,岩田康誠,1:54.8,1.1/2,5.6,4.0,504(-6),[西] 吉村圭司,202508010712
11,3,3,トゥルブレンシア,セ8,58.0,池添謙一,1:54.8,ハナ,20.0,8.0,470(+4),[西] 藤沢則雄,202508010712
12,4,5,テイエムシニスター,牡6,58.0,富田暁,1:54.9,3/4,75.3,12.0,512(-2),[西] 木原一良,202508010712
13,8,13,シュピカ,牝7,54.0,吉村誠之,1:55.2,1.3/4,128.6,14.0,492(+6),[西] 千田輝彦,202508010712
14,6,9,メイショウトム,牡4,56.0,田口貫太,1:55.7,3,30.8,10.0,486(-2),[西] 河内洋,202508010712
1,6,9,ドナポンド,牝3,55.0,荻野極,1:13.6,,2.8,1.0,490(-4),[西] 小林真也,202508010801
2,7,12,サウンドモリアーナ,牝3,55.0,富田暁,1:13.6,ハナ,27.2,8.0,438(-8),[西] 武英智,202508010801
3,8,14,リードプリンシパル,牝3,55.0,荻野琢真,1:13.6,ハナ,3.4,2.0,458(+4),[西] 藤沢則雄,202508010801
4,7,11,エルピーゾ,牝3,55.0,水口優也,1:14.2,3.1/2,61.0,10.0,488(+2),[西] 安達昭夫,202508010801
5,6,10,ツインギ,牝3,55.0,北村友一,1:14.2,アタマ,8.1,3.0,476(0),[西] 小栗実,202508010801
6,5,8,ディライトベル,牝3,55.0,川又賢治,1:14.3,クビ,121.9,12.0,476(-8),[東] 竹内正洋,202508010801
7,3,3,ジャニーヌ,牝3,54.0,田口貫太,1:14.3,クビ,111.9,11.0,414(0),[西] 坂口智康,202508010801
8,4,6,ロールザボーンズ,牝3,55.0,ルメート,1:14.4,1/2,51.4,9.0,458(+4),[西] 牧浦充徳,202508010801
9,4,5,ヴィヴァシャス,牝3,55.0,岩田康誠,1:14.9,2.1/2,8.5,4.0,420(+4),[西] 笹田和秀,202508010801
10,5,7,ミトノキャット,牝3,55.0,中井裕二,1:15.0,1/2,14.1,7.0,442(+2),[東] 牧光二,202508010801
11,8,13,ボッカルーポ,牝3,54.0,西塚洸二,1:15.1,3/4,134.7,13.0,444(-2),[西] 中村直也,202508010801
12,3,4,ベルヴィヴァン,牝3,54.0,高杉吏麒,1:15.1,アタマ,11.9,6.0,474(-10),[西] 西村真幸,202508010801
13,1,1,ブラックケリー,牝3,53.0,吉村誠之,1:15.8,4,8.9,5.0,434(-8),[西] 長谷川浩,202508010801
14,2,2,アンジュフローラ,牝3,55.0,国分優作,1:16.3,3,455.1,14.0,410(0),[西] 小崎憲,202508010801
1,6,11,ニシノミチアキ,牡3,57.0,武藤雅,1:55.5,,11.9,4.0,478(+2),[西] 吉村圭司,202508010802
2,4,8,マルターズヴェロス,牡3,56.0,西塚洸二,1:55.7,1.1/4,4.4,2.0,462(-4),[東] 手塚貴久,202508010802
3,8,16,アートレスマインド,牡3,55.0,吉村誠之,1:55.7,クビ,1.6,1.0,474(+20),[西] 坂口智康,202508010802
4,6,12,オドラニャソンソン,牡3,57.0,池添謙一,1:56.3,3.1/2,24.4,6.0,460(+2),[西] 音無秀孝,202508010802
5,7,13,スーパーチャンド,牝3,55.0,ルメート,1:56.3,クビ,10.8,3.0,446(+4),[西] 西村真幸,202508010802
6,3,6,レイデラティエラ,牡3,57.0,荻野極,1:56.5,1,13.7,5.0,472(+6),[西] 小崎憲,202508010802
7,2,3,インターステラ,牡3,57.0,北村友一,1:57.8,8,118.9,11.0,484(-6),[東] 中舘英二,202508010802
8,1,1,ディープカインズ,牡3,57.0,太宰啓介,1:57.9,1/2,45.4,8.0,436(+4),[西] 本田優,202508010802
9,3,5,ミュージックマン,牡3,54.0,鷲頭虎太,1:57.9,ハナ,64.2,10.0,476(+6),[東] 大和田成,202508010802
10,5,9,ビップアリエル,牝3,55.0,川又賢治,1:58.3,2,228.6,13.0,450(+2),[西] 小椋研介,202508010802
11,5,10,ミスターロスカボス,牡3,57.0,木幡育也,1:58.6,1.3/4,270.7,16.0,470(0),[東] 伊藤伸一,202508010802
12,8,15,ヒーローレジェンド,牡3,57.0,水口優也,1:58.6,クビ,264.5,15.0,452(-14),[東] 石毛善彦,202508010802
13,2,4,コイスルシャチョウ,牝3,55.0,荻野琢真,1:58.6,クビ,243.0,14.0,446(-2),[西] 藤沢則雄,202508010802
14,7,14,ウォーターキリンジ,牡3,57.0,加藤祥太,1:58.8,1.1/4,181.6,12.0,448(-6),[西] 庄野靖志,202508010802
15,4,7,ペイルブルードット,牡3,57.0,岩田康誠,1:59.4,3.1/2,28.8,7.0,482(+4),[西] 緒方努,202508010802
16,1,2,テイエムドレミラン,牡3,57.0,富田暁,1:59.4,クビ,61.1,9.0,498(0),[西] 木原一良,202508010802
1,2,4,ユウトザレン,牡3,56.0,西塚洸二,1:25.9,,10.7,5.0,476(+10),[西] 千田輝彦,202508010803
2,7,13,ザックザク,牡3,57.0,池添謙一,1:26.2,1.3/4,2.9,1.0,524(+20),[西] 渡辺薫彦,202508010803
3,5,9,アスコットアイ,牝3,54.0,田口貫太,1:26.2,クビ,4.7,3.0,426(-6),[西] 緒方努,202508010803
4,6,11,ペイドラロワール,牡3,57.0,城戸義政,1:26.3,クビ,80.2,11.0,460(+2),[西] 清水久詞,202508010803
5,4,8,ブリックンクリック,セ3,56.0,高杉吏麒,1:26.7,2.1/2,3.5,2.0,470(+4),[西] 藤原英昭,202508010803
6,3,6,スピードイエロー,牡3,54.0,鷲頭虎太,1:26.7,ハナ,100.9,12.0,420(0),[西] 佐々木晶,202508010803
7,4,7,サンライズジュピタ,牡3,57.0,北村宏司,1:27.0,1.3/4,51.4,9.0,498(0),[西] 石坂公一,202508010803
8,8,15,ジーティーエンジン,牡3,57.0,北村友一,1:27.1,1/2,8.7,4.0,518(-2),[東] 伊藤圭三,202508010803
9,3,5,ハンクスター,牡3,57.0,木幡育也,1:27.2,1/2,275.3,14.0,474(-8),[東] 松永康利,202508010803
10,5,10,アスターシッキム,牝3,55.0,ルメート,1:27.6,2.1/2,120.9,13.0,478(+2),[西] 森田直行,202508010803
11,2,3,エンドレスバンカー,牡3,57.0,高倉稜,1:27.7,1/2,62.2,10.0,498(+4),[西] 安田翔伍,202508010803
12,1,2,アーリドラータ,牡3,55.0,吉村誠之,1:28.6,5,11.4,6.0,472(+2),[西] 小栗実,202508010803
13,7,14,アイファーリーオー,牡3,57.0,川須栄彦,1:28.9,1.1/2,608.4,16.0,440(+1),[東] 根本康広,202508010803
14,6,12,ザセンチュリー,牡3,57.0,富田暁,1:29.0,1,49.7,8.0,502(+2),[西] 武英智,202508010803
15,1,1,ジューンランド,牝3,55.0,荻野極,1:29.3,2,309.0,15.0,438(-4),[西] 小椋研介,202508010803
16,8,16,アイビースピネル,牡3,57.0,中井裕二,1:31.3,大,40.0,7.0,474(+4),[東] 牧光二,202508010803
1,5,5,オメガドライヴ,牡3,57.0,北村宏司,1:57.7,,3.6,2.0,492(0),[西] 安田翔伍,202508010804
2,6,6,ワクシングムーン,牡3,57.0,太宰啓介,1:57.8,1/2,14.4,6.0,522(0),[西] 畑端省吾,202508010804
3,7,8,ランスオブフェイス,牝3,54.0,高杉吏麒,1:58.1,2,6.3,3.0,478(0),[西] 奥村豊,202508010804
4,1,1,ボンジュルネ,牡3,57.0,武藤雅,1:59.0,5,31.9,7.0,480(0),[東] 武藤善則,202508010804
5,8,10,ワカミヤプリンス,牡3,57.0,岩田康誠,1:59.3,1.3/4,2.1,1.0,522(0),[西] 藤野健太,202508010804
6,3,3,マークオブゾロ,牡3,57.0,城戸義政,1:59.3,クビ,8.6,4.0,480(0),[西] 西村真幸,202508010804
7,2,2,パールフロント,牝3,55.0,川又賢治,1:59.5,3/4,61.3,9.0,530(0),[西] 寺島良,202508010804
8,4,4,ファーストドラゴン,牡3,57.0,富田暁,1:59.5,クビ,12.6,5.0,478(0),[西] 野中賢二,202508010804
9,8,9,エイカイラウール,牝3,55.0,荻野琢真,2:00.0,3,69.8,10.0,466(0),[西] 梅田智之,202508010804
10,7,7,ニホンピロミラーク,牡3,56.0,田口貫太,2:00.4,2.1/2,42.1,8.0,488(0),[西] 安達昭夫,202508010804
1,4,7,レベルスルール,牡3,57.0,荻野極,1:48.3,,3.5,2.0,500(0),[西] 池江泰寿,202508010805
2,3,6,レッドフェルメール,牡3,57.0,北村友一,1:48.7,2.1/2,3.1,1.0,468(-2),[西] 藤原英昭,202508010805
3,1,2,ニューヤンキー,牝3,55.0,ルメート,1:48.7,クビ,4.5,3.0,488(+2),[西] 中内田充,202508010805
4,4,8,ヤエギリ,牝3,53.0,吉村誠之,1:48.8,クビ,17.4,6.0,464(-18),[西] 福永祐一,202508010805
5,2,3,マテンロウギフト,牡3,57.0,太宰啓介,1:49.0,1.1/4,27.4,8.0,474(+4),[西] 茶木太樹,202508010805
6,5,10,プチプランス,牡3,56.0,高杉吏麒,1:49.0,1/2,9.6,5.0,488(-4),[西] 藤岡健一,202508010805
7,8,15,クランドゥイユ,牝3,55.0,川又賢治,1:49.0,アタマ,122.8,11.0,476(0),[西] 矢作芳人,202508010805
8,3,5,サンライズプロミス,牡3,57.0,川須栄彦,1:49.1,クビ,520.0,14.0,408(-10),[西] 浜田多実,202508010805
9,8,16,イズジョーレイナス,牝3,55.0,富田暁,1:49.1,ハナ,613.6,16.0,386(0),[西] 北出成人,202508010805
10,2,4,ウインロゼライト,牝3,55.0,岩田康誠,1:49.4,2,22.5,7.0,426(-2),[西] 寺島良,202508010805
11,6,11,キャスパインパクト,牡3,57.0,城戸義政,1:49.7,1.3/4,117.3,10.0,452(-8),[西] 清水久詞,202508010805
12,5,9,ジョワイユノエル,牝3,55.0,池添謙一,1:49.9,3/4,7.6,4.0,456(-8),[西] 辻野泰之,202508010805
13,6,12,メイショウユウアイ,牝3,54.0,田口貫太,1:49.9,クビ,303.9,13.0,456(-2),[西] 石橋守,202508010805
14,7,14,オプティクス,牡3,57.0,高倉稜,1:50.4,3,51.4,9.0,464(0),[西] 渡辺薫彦,202508010805
15,7,13,リライトヒストリー,牡3,57.0,北村宏司,1:50.6,1.1/4,610.3,15.0,476(+2),[西] 安達昭夫,202508010805
16,1,1,ストラスブール,牡3,57.0,中井裕二,1:52.3,10,203.1,12.0,460(+10),[東] 牧光二,202508010805
1,7,8,ルヴァンユニベール,牡3,57.0,高倉稜,2:03.0,,3.1,1.0,526(-2),[西] 北出成人,202508010806
2,6,6,ダノンヴェステル,牡3,57.0,池添謙一,2:03.3,1.1/2,3.9,2.0,474(0),[西] 高柳大輔,202508010806
3,1,1,ニヒトツーゼーア,牡3,57.0,岩田康誠,2:03.6,1.3/4,39.7,9.0,512(-4),[西] 中竹和也,202508010806
4,8,10,ファミーユウルーズ,牡3,57.0,武藤雅,2:03.6,クビ,30.1,8.0,522(-4),[東] 武藤善則,202508010806
5,3,3,マタミカンサン,牝3,53.0,吉村誠之,2:03.9,1.3/4,20.2,6.0,468(-4),[東] 加藤士津,202508010806
6,8,9,メイショウアイナ,牡3,56.0,高杉吏麒,2:04.1,3/4,4.9,4.0,496(+6),[西] 河内洋,202508010806
7,4,4,ヴェーヌドール,牡3,57.0,富田暁,2:04.2,3/4,16.3,5.0,524(-6),[西] 武英智,202508010806
8,5,5,デルマサクラサク,牝3,55.0,ルメート,2:04.4,1.1/4,21.8,7.0,470(+4),[西] 牧田和弥,202508010806
9,7,7,コズミックダンサー,牡3,56.0,田口貫太,2:04.4,ハナ,4.0,3.0,482(0),[西] 藤原英昭,202508010806
10,2,2,クリノラピダス,牡3,57.0,荻野極,2:04.4,アタマ,60.6,10.0,452(-6),[西] 谷潔,202508010806
1,6,6,アメジストブラック,牡6,58.0,北村友一,2:27.8,,14.4,6.0,530(-2),[西] 小椋研介,202508010807
2,2,2,ファミリータイム,牡4,56.0,高杉吏麒,2:28.2,2.1/2,2.3,1.0,474(0),[西] 石坂公一,202508010807
3,7,7,ダイヤモンドレイン,牝4,55.0,池添謙一,2:28.3,1/2,4.8,3.0,504(+8),[西] 池添学,202508010807
4,1,1,ディアマイサン,牡5,57.0,田口貫太,2:28.4,クビ,44.3,7.0,542(-2),[西] 松下武士,202508010807
5,3,3,ウインデイジー,牝4,53.0,吉村誠之,2:28.6,1.1/4,8.1,4.0,454(+6),[西] 宮徹,202508010807
6,4,4,カエルム,牡4,57.0,北村宏司,2:28.7,3/4,3.4,2.0,484(+6),[西] 安田翔伍,202508010807
7,8,10,ダノンロッキー,牡4,57.0,岩田康誠,2:29.2,3,11.9,5.0,494(-2),[東] 萩原清,202508010807
8,8,9,アットアブラスト,セ5,57.0,西塚洸二,2:29.2,ハナ,147.8,9.0,462(-6),[西] 小椋研介,202508010807
9,7,8,ピエナオルフェ,牡4,57.0,城戸義政,2:29.7,2.1/2,241.7,10.0,452(+8),[西] 荒川義之,202508010807
10,5,5,ベルノレイズ,牡4,57.0,荻野琢真,2:31.1,9,58.9,8.0,510(+10),[西] 小林真也,202508010807
1,8,12,シャハザマーン,牡4,56.0,西塚洸二,1:54.1,,4.9,3.0,480(-2),[西] 藤原英昭,202508010808
2,7,9,スマートリアファル,牡4,57.0,富田暁,1:54.3,1.1/4,10.0,5.0,498(0),[西] 辻野泰之,202508010808
3,1,1,メイショウカシワデ,牡4,57.0,岩田康誠,1:54.7,2.1/2,6.2,4.0,454(+2),[西] 角田晃一,202508010808
4,8,11,メイショウクーガー,牡5,58.0,ルメート,1:54.9,3/4,3.8,2.0,490(+10),[西] 中内田充,202508010808
5,3,3,カレンワッツアップ,牡4,57.0,池添謙一,1:54.9,クビ,2.5,1.0,472(+2),[西] 小林真也,202508010808
6,7,10,ムーンスカイ,牡5,57.0,田口貫太,1:55.3,2.1/2,16.4,6.0,450(+12),[西] 牧田和弥,202508010808
7,5,6,ウインラウダ,牡4,57.0,荻野極,1:55.4,1/2,52.1,8.0,518(+8),[西] 梅田智之,202508010808
8,5,5,トモジャシャトー,牡4,57.0,武藤雅,1:55.9,3,109.3,11.0,480(-4),[東] 小笠倫弘,202508010808
9,4,4,サトノラッシュ,セ6,58.0,北村宏司,1:56.8,5,106.8,10.0,528(-4),[東] 古賀慎明,202508010808
10,2,2,ジーティームテキ,牡4,55.0,吉村誠之,1:57.0,1.1/4,37.2,7.0,466(+16),[東] 石毛善彦,202508010808
11,6,8,マキバシラ,牝5,56.0,川又賢治,1:57.1,クビ,254.5,12.0,466(0),[西] 畑端省吾,202508010808
12,6,7,ドゥラシェーナ,牝4,52.0,鷲頭虎太,1:57.9,5,90.1,9.0,456(-6),[西] 佐々木晶,202508010808
1,8,8,スカイロケット,牡5,56.0,田口貫太,1:22.3,,15.8,8.0,436(0),[西] 須貝尚介,202508010809
2,4,4,キャプテンシー,牡4,56.0,ルメート,1:22.5,1.1/4,8.2,7.0,466(-2),[西] 松永幹夫,202508010809
3,6,6,ブリュットミレジメ,牡6,55.0,荻野極,1:22.6,1,7.8,6.0,514(0),[西] 荒川義之,202508010809
4,1,1,メイショウフンケイ,牡7,54.0,吉村誠之,1:22.6,クビ,7.4,5.0,542(0),[西] 高橋亮,202508010809
5,2,2,ムーンリットナイト,牡6,56.0,北村宏司,1:22.6,ハナ,4.6,2.0,520(+6),[西] 杉山佳明,202508010809
6,7,7,ニシノコウダイ,牡5,55.0,西塚洸二,1:22.7,1/2,42.5,9.0,498(+2),[西] 長谷川浩,202508010809
6,8,9,サトミノキラリ,牡4,56.0,岩田康誠,1:22.7,同着,3.6,1.0,460(-4),[東] 鈴木伸尋,202508010809
8,3,3,アクートゥス,牡5,56.0,北村友一,1:23.1,2,6.8,3.0,466(+2),[西] 藤原英昭,202508010809
9,5,5,マサノカナリア,牝4,53.0,高杉吏麒,1:23.1,クビ,6.8,4.0,468(+8),[西] 藤野健太,202508010809
1,3,3,ポッドベイダー,牡3,57.0,荻野極,1:09.6,,9.5,5.0,488(+8),[東] 上原佑紀,202508010810
2,2,2,アメリカンビキニ,牝3,55.0,吉村誠之,1:09.7,1,10.7,6.0,496(-2),[西] 斉藤崇史,202508010810
3,7,7,カルプスペルシュ,牝3,55.0,高杉吏麒,1:10.0,1.3/4,27.1,8.0,466(0),[西] 石坂公一,202508010810
4,6,6,フードマン,牡3,57.0,北村友一,1:10.0,クビ,5.4,3.0,466(+2),[西] 小栗実,202508010810
5,1,1,モジャーリオ,牡3,57.0,岩田康誠,1:10.1,1/2,8.4,4.0,464(+14),[東] 斎藤誠,202508010810
6,5,5,アブキールベイ,牝3,55.0,ルメート,1:10.2,クビ,19.1,7.0,418(+12),[西] 坂口智康,202508010810
7,4,4,カワキタマナレア,牝3,55.0,川又賢治,1:10.3,1,3.2,2.0,426(-4),[西] 杉山佳明,202508010810
中,8,8,サウスバンク,牝3,55.0,北村宏司,,,2.7,1.0,494(+4),[西] 吉岡辰弥,202508010810
1,7,13,ドンアミティエ,牡5,58.0,田口貫太,1:11.2,,3.7,2.0,500(-4),[西] 今野貞一,202508010811
2,3,5,ボナンザ,牡5,57.0,北村友一,1:11.5,2,10.9,3.0,508(0),[西] 庄野靖志,202508010811
3,5,9,エーティーマクフィ,牡6,57.0,富田暁,1:11.6,クビ,12.9,5.0,486(0),[西] 武英智,202508010811
4,5,10,スターターン,牡4,57.0,ルメート,1:11.7,3/4,2.3,1.0,506(+4),[西] 坂口智康,202508010811
5,1,2,ペプチドヤマト,牡6,57.0,太宰啓介,1:11.8,1/2,42.0,10.0,496(-4),[西] 武英智,202508010811
6,2,4,ナムラフランク,牡6,58.0,川須栄彦,1:12.1,1.3/4,12.0,4.0,508(+18),[西] 鈴木孝志,202508010811
7,1,1,ファーンヒル,牡6,57.0,吉村誠之,1:12.1,クビ,71.4,12.0,488(+6),[西] 清水久詞,202508010811
8,8,16,イスラアネーロ,牡6,58.0,川又賢治,1:12.2,クビ,15.2,7.0,458(-2),[西] 吉村圭司,202508010811
9,7,14,ジョーローリット,牝4,55.0,池添謙一,1:12.2,クビ,27.6,9.0,476(-6),[西] 中竹和也,202508010811
10,8,15,ゼットレヨン,牡6,57.0,水口優也,1:12.3,クビ,183.7,15.0,492(+6),[西] 吉田直弘,202508010811
11,2,3,ゼルトザーム,牡4,57.0,高杉吏麒,1:12.4,3/4,80.2,13.0,498(-2),[西] 藤野健太,202508010811
12,6,12,メタマックス,牡5,58.0,岩田康誠,1:12.6,1,13.8,6.0,536(+4),[西] 森秀行,202508010811
13,4,7,クリノマジン,牡6,57.0,荻野琢真,1:12.7,1,278.0,16.0,468(0),[西] 高橋義忠,202508010811
14,4,8,ダノンセシボン,牝5,55.0,中井裕二,1:12.8,クビ,89.4,14.0,514(+2),[西] 千田輝彦,202508010811
15,6,11,パラシュラーマ,牡5,57.0,荻野極,1:12.9,1/2,17.3,8.0,486(+6),[西] 浜田多実,202508010811
16,3,6,エランティス,牝5,55.0,加藤祥太,1:13.3,2.1/2,67.9,11.0,496(+2),[西] 杉山晴紀,202508010811
1,5,5,ヒルノドゴール,牡4,58.0,岩田康誠,1:25.0,,3.4,2.0,518(-4),[西] 北出成人,202508010812
2,8,11,ルディック,牡4,58.0,北村友一,1:25.4,2.1/2,4.7,3.0,530(0),[西] 高野友和,202508010812
3,7,9,セントラルヴァレー,牡4,58.0,荻野極,1:25.5,1/2,6.6,4.0,482(-2),[東] 栗田徹,202508010812
4,5,6,ホウオウフロイト,牡4,57.0,高杉吏麒,1:25.8,1.3/4,17.9,6.0,444(-2),[東] 加藤和宏,202508010812
5,8,12,サザーランド,牝5,56.0,池添謙一,1:25.9,1/2,3.1,1.0,466(+4),[西] 小林真也,202508010812
6,7,10,スタボーンイメル,牡5,58.0,太宰啓介,1:26.5,3.1/2,185.5,12.0,518(+4),[西] 高橋義忠,202508010812
7,2,2,プルートマスター,牡6,57.0,田口貫太,1:26.7,1.1/4,8.9,5.0,496(-4),[西] 今野貞一,202508010812
8,3,3,アイズ,牡4,55.0,鷲頭虎太,1:26.7,クビ,55.1,8.0,506(+4),[東] 菊沢隆徳,202508010812
9,1,1,ルージュイストリア,牝5,56.0,川須栄彦,1:26.8,1/2,56.8,9.0,478(+8),[東] 大竹正博,202508010812
10,6,8,トモジャケーヤ,牡5,57.0,西塚洸二,1:27.3,2.1/2,20.6,7.0,526(+8),[西] 大根田裕,202508010812
11,6,7,レオスパーク,牡4,58.0,中井裕二,1:27.3,クビ,62.8,10.0,510(0),[東] 牧光二,202508010812
12,4,4,ヴィアドロローサ,牡6,58.0,富田暁,1:28.6,8,148.2,11.0,448(0),[西] 高橋一哉,202508010812
1,6,11,アメリカンポリス,牡3,57.0,坂井瑠星,1:24.5,,1.4,1.0,504(0),[西] 池江泰寿,202508020101
2,4,8,ナリタヒカリ,牝3,55.0,団野大成,1:24.9,2.1/2,11.9,5.0,432(0),[西] 荒川義之,202508020101
3,2,4,エイシンマールス,牡3,57.0,和田竜二,1:25.2,1.3/4,11.4,4.0,462(-2),[西] 今野貞一,202508020101
4,1,2,ナムラフィクサー,牡3,57.0,幸英明,1:25.3,1/2,254.3,13.0,434(-8),[西] 鈴木孝志,202508020101
5,3,5,ジェバーダ,牝3,55.0,北村友一,1:25.5,1.1/4,10.2,3.0,490(0),[西] 松下武士,202508020101
6,4,7,ツリートップムーン,牡3,57.0,中井裕二,1:25.6,1/2,443.6,15.0,488(-10),[西] 坂口智康,202508020101
7,8,16,エアビッグマム,牝3,55.0,岩田望来,1:25.6,クビ,10.2,2.0,502(+6),[西] 笹田和秀,202508020101
8,7,14,ハイゼンスレイ,牝3,55.0,川須栄彦,1:25.7,1/2,22.4,7.0,478(0),[西] 畑端省吾,202508020101
9,2,3,カルドウェル,牝3,55.0,武豊,1:26.5,5,27.1,8.0,478(-4),[西] 中村直也,202508020101
10,6,12,ヤヌシサンダー,牡3,53.0,河原田菜,1:26.6,1/2,589.8,16.0,434(+8),[西] 牧田和弥,202508020101
11,3,6,ボル,牡3,57.0,太宰啓介,1:26.8,1.1/4,242.4,12.0,440(-2),[西] 秋山真一,202508020101
12,7,13,バレアレス,牡3,57.0,菱田裕二,1:26.9,3/4,16.0,6.0,524(0),[西] 橋口慎介,202508020101
13,5,9,バトンロード,牡3,57.0,長岡禎仁,1:27.1,1.1/4,171.9,10.0,478(0),[西] 石橋守,202508020101
14,8,15,トーアカフウ,牝3,55.0,松若風馬,1:27.4,1.3/4,48.8,9.0,424(-10),[西] 牧田和弥,202508020101
15,1,1,メイショウボナンザ,牝3,52.0,和田陽希,1:28.2,5,217.7,11.0,488(+6),[西] 石橋守,202508020101
16,5,10,プラクシテレス,牡3,57.0,田口貫太,1:30.1,大,295.7,14.0,470(0),[西] 上村洋行,202508020101
1,2,3,パーフェクト,牡3,56.0,吉村誠之,1:53.7,,12.2,7.0,484(0),[西] 松下武士,202508020102
2,8,16,アスクガンバーレ,牡3,57.0,岩田康誠,1:53.7,アタマ,14.1,9.0,442(0),[西] 福永祐一,202508020102
3,7,14,メイショウゲキハ,牡3,57.0,幸英明,1:54.1,2.1/2,21.8,11.0,520(-14),[西] 藤原英昭,202508020102
4,4,8,ハイクオリティ,牡3,57.0,松若風馬,1:54.2,1/2,9.3,4.0,480(0),[西] 今野貞一,202508020102
5,7,13,レヴァンテシチー,牡3,54.0,田山旺佑,1:54.2,アタマ,209.8,14.0,478(0),[西] 佐々木晶,202508020102
6,3,6,ロックウイズユー,牡3,57.0,坂井瑠星,1:54.3,クビ,13.9,8.0,452(-4),[西] 西園正都,202508020102
7,1,2,サントモナルカ,牡3,57.0,Ｍ．デム,1:54.6,2,14.7,10.0,458(+2),[西] 平田修,202508020102
8,8,15,ルセルマンダムール,牡3,57.0,鮫島克駿,1:55.1,3,4.5,2.0,480(+4),[西] 松永幹夫,202508020102
9,5,9,サンライズバレット,牡3,57.0,岩田望来,1:55.2,1/2,4.2,1.0,506(-4),[西] 茶木太樹,202508020102
10,3,5,メイショウライズ,牡3,57.0,和田竜二,1:55.5,1.1/2,11.6,6.0,496(-2),[西] 安達昭夫,202508020102
11,6,12,ナムラロビン,牡3,54.0,柴田裕一,1:56.5,6,590.6,16.0,498(+4),[西] 秋山真一,202508020102
12,4,7,モズノセイギ,牡3,57.0,団野大成,1:56.8,2,121.3,12.0,452(-2),[西] 荒川義之,202508020102
13,2,4,マスターライセンス,牡3,57.0,川田将雅,1:56.9,1/2,9.5,5.0,510(0),[西] 石坂公一,202508020102
14,6,11,ロードステイタス,牡3,57.0,藤岡佑介,1:57.2,1.1/2,7.5,3.0,468(0),[西] 四位洋文,202508020102
15,1,1,ヨリナスウィート,牝3,55.0,川須栄彦,1:57.5,2,134.9,13.0,490(-6),[西] 河嶋宏樹,202508020102
16,5,10,ユナパール,牝3,55.0,菱田裕二,2:00.5,大,425.1,15.0,500(0),[西] 岡田稲男,202508020102
1,2,3,レディエンス,牝3,55.0,Ｍ．デム,1:08.7,,19.3,5.0,436(-12),[西] 藤野健太,202508020103
2,7,15,ダディーズグーグー,牡3,57.0,川又賢治,1:08.7,ハナ,14.3,4.0,482(-2),[西] 畑端省吾,202508020103
3,5,9,ベルヴィヴァン,牝3,55.0,鮫島克駿,1:08.8,クビ,3.8,2.0,470(-4),[西] 西村真幸,202508020103
4,8,17,メイショウマサツラ,牡3,57.0,武豊,1:09.0,1.1/4,2.6,1.0,504(-2),[西] 本田優,202508020103
5,2,4,ラインピクシー,牝3,52.0,和田陽希,1:09.0,アタマ,22.5,6.0,474(-6),[西] 長谷川浩,202508020103
6,1,2,カシノメンコチャン,牝3,55.0,松若風馬,1:09.1,1/2,227.2,17.0,416(-4),[西] 牧田和弥,202508020103
7,6,12,パリコレジェンヌ,牝3,55.0,和田竜二,1:09.2,1/2,27.9,9.0,456(+2),[西] 鈴木孝志,202508020103
8,7,14,トウカイリュタン,牝3,55.0,幸英明,1:09.4,1.1/4,162.5,15.0,390(0),[西] 北出成人,202508020103
9,3,5,アジアンテーラー,牝3,55.0,長岡禎仁,1:09.6,1.1/4,27.0,8.0,422(+8),[西] 緒方努,202508020103
10,7,13,メイショウハヤセ,牝3,54.0,西塚洸二,1:09.7,1,224.6,16.0,418(-12),[西] 笹田和秀,202508020103
11,1,1,シエルルビー,牝3,55.0,岩田康誠,1:09.8,1/2,63.6,12.0,404(+4),[西] 藤野健太,202508020103
12,5,10,クロスレジーナ,牝3,55.0,太宰啓介,1:10.0,1.1/4,4.1,3.0,430(+16),[西] 高橋亮,202508020103
13,6,11,ニホンピロリーチ,牝3,55.0,田口貫太,1:10.0,ハナ,57.7,11.0,450(0),[西] 大橋勇樹,202508020103
14,4,7,オーウェンズバレー,牡3,57.0,藤岡佑介,1:10.1,クビ,48.0,10.0,490(-5),[西] 宮徹,202508020103
15,3,6,コルネイユドール,牝3,55.0,岩田望来,1:10.7,3.1/2,23.1,7.0,456(-13),[西] 千田輝彦,202508020103
16,8,18,ブルーセルリアン,牡3,54.0,柴田裕一,1:10.8,1/2,398.3,18.0,484(+4),[西] 宮徹,202508020103
17,4,8,ファーニスクリーク,牡3,54.0,森田誠也,1:11.5,4,127.4,14.0,508(+6),[西] 斉藤崇史,202508020103
18,8,16,ダイメイハッピー,牝3,55.0,菱田裕二,1:11.5,アタマ,126.2,13.0,486(-12),[西] 森田直行,202508020103
1,3,3,ナリノモンターニュ,牡8,61.0,五十嵐雄,3:35.4,,6.1,3.0,520(-4),[東] 上原博之,202508020104
2,4,4,オールザワールド,牡8,62.0,森一馬,3:35.6,1.1/2,2.2,1.0,484(+12),[西] 中竹和也,202508020104
3,8,11,インディゴブラック,セ6,61.0,小坂忠士,3:36.2,3.1/2,3.4,2.0,522(+6),[西] 奥村豊,202508020104
4,5,5,ナイトスピアー,牡5,60.0,大江原圭,3:37.0,5,27.4,8.0,492(+4),[東] 小野次郎,202508020104
5,1,1,プラチナムレイアー,セ7,60.0,小牧加矢,3:38.3,8,16.0,6.0,508(+6),[西] 河嶋宏樹,202508020104
6,6,6,マケルナマサムネ,牡7,60.0,難波剛健,3:39.2,5,57.5,10.0,480(-4),[西] 畑端省吾,202508020104
7,7,8,ウインチェレステ,牡7,60.0,草野太郎,3:39.7,3,15.1,5.0,508(-12),[東] 畠山吉宏,202508020104
8,8,10,ワールドスケール,牡8,61.0,黒岩悠,3:39.9,1.1/4,30.9,9.0,494(+2),[西] 加藤公太,202508020104
9,7,9,トラファルガー,セ5,60.0,石神深一,3:41.1,7,27.0,7.0,500(-2),[東] 加藤和宏,202508020104
10,2,2,コルドゥーン,牡9,60.0,伴啓太,3:41.7,3.1/2,216.6,11.0,466(-4),[東] 石栗龍彦,202508020104
11,6,7,トランシルヴァニア,セ8,57.0,坂口智康,3:44.0,大,10.4,4.0,496(-6),[東] 田中剛,202508020104
1,3,6,エイカイカッシーナ,牝3,54.0,西塚洸二,1:48.0,,11.6,6.0,432(+4),[西] 藤原英昭,202508020105
2,8,16,ハートメテオ,牝3,55.0,鮫島克駿,1:48.0,クビ,4.7,2.0,438(-2),[西] 笹田和秀,202508020105
3,8,17,アドラビーレ,牝3,55.0,酒井学,1:48.3,1.1/2,39.5,8.0,438(+4),[西] 石坂公一,202508020105
4,6,12,シェーラ,牝3,51.0,河原田菜,1:48.3,クビ,239.1,15.0,416(+14),[西] 牧田和弥,202508020105
5,5,10,エスタンシア,牝3,55.0,北村友一,1:48.3,ハナ,7.6,5.0,456(-8),[西] 松下武士,202508020105
6,1,1,サトノベリル,牝3,55.0,川田将雅,1:48.4,クビ,3.4,1.0,434(+8),[西] 吉岡辰弥,202508020105
7,3,5,パスコード,牝3,54.0,吉村誠之,1:48.5,1/2,4.7,3.0,436(0),[西] 高柳大輔,202508020105
8,5,9,ハギノデュエット,牝3,52.0,柴田裕一,1:48.6,1,183.6,13.0,462(-2),[西] 中竹和也,202508020105
9,4,8,メリッサバローズ,牝3,55.0,岩田望来,1:48.7,3/4,12.1,7.0,442(0),[西] 友道康夫,202508020105
10,7,15,コトリノウタウウタ,牝3,55.0,田口貫太,1:48.8,クビ,376.9,17.0,430(+4),[西] 庄野靖志,202508020105
11,2,4,ドライヴサンライズ,牝3,55.0,長岡禎仁,1:48.9,1/2,50.2,9.0,422(-2),[西] 茶木太樹,202508020105
12,4,7,トモエジョウ,牝3,55.0,菱田裕二,1:49.0,1,214.7,14.0,460(0),[西] 岡田稲男,202508020105
13,6,11,シャルメイビス,牝3,55.0,浜中俊,1:49.4,2.1/2,71.6,11.0,420(+4),[西] 森秀行,202508020105
14,1,2,ジーティーパール,牝3,52.0,森田誠也,1:50.2,5,294.1,16.0,436(+2),[西] 石坂公一,202508020105
15,8,18,エリカブルージュ,牝3,55.0,幸英明,1:50.2,ハナ,109.4,12.0,450(0),[西] 杉山晴紀,202508020105
16,2,3,ストンプ,牝3,55.0,武豊,1:50.3,1,54.2,10.0,462(+6),[西] 清水久詞,202508020105
17,7,13,アイルシャンス,牝3,52.0,田山旺佑,1:50.5,1.1/4,582.5,18.0,432(-2),[西] 新谷功一,202508020105
18,7,14,チルウィズミー,牝3,55.0,藤岡佑介,1:50.8,1.3/4,7.5,4.0,468(0),[西] 中内田充,202508020105
1,7,11,サイモンベローチェ,牡3,54.0,柴田裕一,2:25.4,,20.9,7.0,516(-2),[西] 佐々木晶,202508020106
2,2,2,ジョイボーイ,牡3,57.0,岩田康誠,2:25.4,アタマ,1.7,1.0,472(-2),[西] 四位洋文,202508020106
3,8,14,バルデラマ,牡3,57.0,菱田裕二,2:25.4,ハナ,8.1,3.0,460(-4),[西] 辻野泰之,202508020106
4,7,12,マンオブノーブル,牡3,56.0,吉村誠之,2:25.5,3/4,16.7,6.0,466(-6),[西] 池江泰寿,202508020106
5,6,10,レッドヴァリアート,牡3,57.0,田口貫太,2:26.0,2.1/2,23.3,8.0,448(0),[西] 加藤公太,202508020106
6,3,3,プレデスティナーレ,牡3,57.0,和田竜二,2:26.1,3/4,6.3,2.0,458(+2),[西] 北出成人,202508020106
7,4,5,ヴァリラプトル,牝3,55.0,幸英明,2:26.1,クビ,148.5,9.0,408(-2),[西] 高野友和,202508020106
8,4,6,シカレ,牝3,55.0,坂井瑠星,2:26.1,アタマ,9.6,5.0,408(-4),[西] 前川恭子,202508020106
9,5,8,ベラジオガルフ,牡3,57.0,岩田望来,2:26.6,3,9.1,4.0,472(0),[西] 上村洋行,202508020106
10,3,4,タガノポストマン,牡3,57.0,中井裕二,2:27.4,5,362.9,14.0,480(0),[西] 鈴木孝志,202508020106
11,6,9,タイキクロニクル,牡3,56.0,西塚洸二,2:27.8,2,212.0,10.0,478(-2),[西] 高野友和,202508020106
12,8,13,アスタイクウス,牡3,57.0,長岡禎仁,2:27.9,3/4,226.9,11.0,478(-4),[西] 岡田稲男,202508020106
13,1,1,ラブリヴ,牝3,55.0,松若風馬,2:28.1,3/4,262.2,12.0,424(+2),[西] 高橋一哉,202508020106
14,5,7,テーオーウィルソン,牡3,57.0,太宰啓介,2:31.0,大,263.7,13.0,520(-2),[西] 宮徹,202508020106
1,5,6,ロードラビリンス,牡3,57.0,川田将雅,1:52.7,,3.0,1.0,488(-2),[西] 松下武士,202508020107
2,2,2,テーオーマルコーニ,牡3,57.0,藤岡佑介,1:52.8,3/4,16.6,8.0,492(-8),[西] 奥村豊,202508020107
3,8,11,エコロスパーダ,牡3,54.0,和田陽希,1:53.1,2,9.8,5.0,450(-2),[西] 大久保龍,202508020107
4,6,7,ベイラム,牡3,57.0,岩田望来,1:53.5,2,12.4,6.0,434(0),[西] 武英智,202508020107
5,5,5,スリーキングス,牡3,57.0,岩田康誠,1:53.5,クビ,7.2,3.0,504(0),[西] 上村洋行,202508020107
6,4,4,プロスペクトパーク,牡3,56.0,吉村誠之,1:53.8,2,38.3,9.0,500(-4),[東] 高柳瑞樹,202508020107
7,3,3,シンビリーブ,牡3,57.0,団野大成,1:54.0,1.1/4,3.8,2.0,514(-6),[西] 森秀行,202508020107
8,6,8,ポッドフォルク,牡3,57.0,中井裕二,1:54.0,ハナ,83.9,12.0,492(-2),[西] 西園正都,202508020107
9,8,12,グレイスフルマーチ,牡3,57.0,幸英明,1:55.0,6,55.8,10.0,456(-2),[西] 中村直也,202508020107
10,1,1,ラージギャラリー,牝3,55.0,鮫島克駿,1:55.4,2.1/2,7.2,4.0,466(+2),[西] 高橋亮,202508020107
11,7,9,ソングコレクター,牝3,54.0,西塚洸二,1:57.1,10,78.1,11.0,482(-4),[西] 小林真也,202508020107
12,7,10,テルアスワッド,牡3,57.0,坂井瑠星,2:01.7,大,12.8,7.0,498(-6),[西] 須貝尚介,202508020107
1,2,2,キングメーカー,牡3,57.0,武豊,1:46.9,,3.1,2.0,488(-4),[西] 須貝尚介,202508020108
2,3,3,グラフィティアート,牡3,57.0,浜中俊,1:47.0,3/4,4.0,3.0,470(-4),[西] 石橋守,202508020108
3,1,1,トリポリタニア,牡3,57.0,北村友一,1:47.1,3/4,3.1,1.0,474(-4),[西] 上村洋行,202508020108
4,4,4,フォーキャンドルズ,牡3,57.0,団野大成,1:47.4,2,9.4,5.0,500(-2),[西] 本田優,202508020108
5,7,7,ネーブルオレンジ,牝3,55.0,坂井瑠星,1:47.6,1.1/4,5.8,4.0,470(0),[西] 杉山佳明,202508020108
6,5,5,バルティカ,牡3,57.0,鮫島克駿,1:47.7,3/4,20.5,6.0,446(+10),[西] 高橋亮,202508020108
7,6,6,ツーエムクロノス,牡3,57.0,太宰啓介,1:48.5,5,25.2,7.0,506(+2),[西] 本田優,202508020108
1,6,8,サダメ,牝4,56.0,幸英明,1:20.8,,3.5,1.0,458(-2),[西] 畑端省吾,202508020109
2,6,7,メイショウサチダケ,牡4,58.0,武豊,1:20.8,アタマ,5.4,4.0,492(-4),[西] 鈴木孝志,202508020109
3,7,10,リアライズ,牡5,55.0,森田誠也,1:20.8,ハナ,10.6,6.0,506(-6),[西] 石橋守,202508020109
4,8,12,ジャンヌローサ,牝4,55.0,吉村誠之,1:20.8,ハナ,37.8,8.0,454(-2),[西] 井上智史,202508020109
5,2,2,サリュエ,牡4,58.0,団野大成,1:20.8,ハナ,4.3,2.0,478(-8),[西] 野中賢二,202508020109
6,1,1,マーシーラン,牝4,56.0,藤岡佑介,1:20.9,3/4,5.2,3.0,466(+2),[西] 渡辺薫彦,202508020109
7,4,4,ショウナンラウール,牝4,56.0,田口貫太,1:21.1,3/4,6.5,5.0,438(+8),[西] 高橋義忠,202508020109
8,5,6,マルクパージュ,牝5,53.0,和田陽希,1:21.3,1.1/4,79.4,10.0,428(+4),[西] 加藤公太,202508020109
9,8,11,ヴァイタルピース,セ4,58.0,和田竜二,1:21.4,1,52.6,9.0,448(-4),[西] 吉田直弘,202508020109
10,3,3,テリオスソラ,牝4,53.0,柴田裕一,1:21.5,1/2,134.7,11.0,470(-4),[西] 松下武士,202508020109
11,5,5,メイショウヒュウガ,牡5,58.0,松若風馬,1:21.6,3/4,144.5,12.0,490(-2),[西] 安達昭夫,202508020109
12,7,9,ニックオブタイム,セ4,58.0,中井裕二,1:21.9,2,23.1,7.0,480(-6),[西] 中内田充,202508020109
1,6,8,ジンセイ,牡4,58.0,川田将雅,1:58.0,,1.5,1.0,510(-2),[西] 庄野靖志,202508020110
2,5,5,ハギノサステナブル,牡5,58.0,鮫島克駿,1:58.3,1.3/4,5.4,2.0,486(+6),[西] 高野友和,202508020110
3,5,6,サイモンザナドゥ,牡5,58.0,浜中俊,1:58.4,3/4,20.7,6.0,476(+8),[西] 小林真也,202508020110
4,7,9,パシアンジャン,牡4,58.0,幸英明,1:58.6,1.1/4,8.1,3.0,452(0),[西] 鈴木孝志,202508020110
5,6,7,ペンナヴェローチェ,牡4,58.0,岩田望来,1:58.7,1/2,12.0,5.0,498(0),[西] 須貝尚介,202508020110
6,7,10,メイショウミカワ,牡7,58.0,武豊,1:59.4,4,64.0,8.0,516(0),[西] 千田輝彦,202508020110
7,8,11,フームスムート,牡8,58.0,川須栄彦,1:59.4,クビ,202.9,10.0,534(+4),[東] 水野貴広,202508020110
8,4,4,クロニクル,セ6,58.0,酒井学,1:59.5,クビ,39.0,7.0,508(+6),[西] 田中克典,202508020110
9,3,3,シゲルバクハツ,牡7,58.0,田口貫太,2:00.6,7,241.9,11.0,504(0),[西] 谷潔,202508020110
10,8,12,ショーモン,セ5,58.0,菱田裕二,2:00.7,1/2,143.8,9.0,498(+4),[西] 橋口慎介,202508020110
11,1,1,ギャンブルルーム,牡4,58.0,北村友一,2:01.4,4,9.4,4.0,504(+4),[西] 大久保龍,202508020110
12,2,2,サウンドウォリアー,牡7,58.0,松若風馬,2:02.4,6,320.7,12.0,516(0),[西] 高橋康之,202508020110
1,8,13,ドンアミティエ,牡5,59.0,坂井瑠星,1:10.7,,2.7,1.0,496(-4),[西] 今野貞一,202508020111
2,4,6,インユアパレス,牡4,57.0,団野大成,1:10.8,1/2,6.0,3.0,480(-2),[西] 須貝尚介,202508020111
3,5,8,ファーンヒル,牡6,57.0,吉村誠之,1:10.8,ハナ,126.2,11.0,486(-2),[西] 清水久詞,202508020111
4,6,10,ボナンザ,牡5,58.0,川田将雅,1:10.8,ハナ,5.0,2.0,506(+6),[西] 庄野靖志,202508020111
5,8,14,スマートフォルス,牡5,57.0,武豊,1:11.2,2,12.7,6.0,482(+2),[西] 吉村圭司,202508020111
6,2,2,エーティーマクフィ,牡6,57.0,藤岡佑介,1:11.2,アタマ,8.4,4.0,476(-10),[西] 武英智,202508020111
7,5,7,メイショウミツヤス,牡7,57.0,和田竜二,1:11.4,1.1/4,185.8,13.0,512(-8),[西] 飯田祐史,202508020111
8,7,12,ルクスメテオール,牡5,57.0,浜中俊,1:11.5,1/2,13.1,7.0,488(-2),[西] 小林真也,202508020111
9,1,1,タイセイブリリオ,牡6,57.0,田口貫太,1:11.8,2,160.9,12.0,488(-2),[西] 大橋勇樹,202508020111
10,7,11,エコロガイア,牡4,57.0,岩田望来,1:11.8,アタマ,20.2,8.0,476(+2),[西] 森秀行,202508020111
11,3,3,サンライズアムール,牡6,60.0,鮫島克駿,1:11.9,1/2,10.3,5.0,526(+6),[西] 小林真也,202508020111
12,4,5,ステラフィオーレ,牝6,55.0,松若風馬,1:11.9,クビ,22.5,9.0,490(+12),[西] 小栗実,202508020111
13,3,4,ムーンプローブ,牝5,55.0,北村友一,1:12.1,3/4,265.0,14.0,486(+6),[西] 上村洋行,202508020111
14,6,9,メズメライザー,セ6,57.0,幸英明,1:12.1,クビ,30.4,10.0,532(-2),[西] 千田輝彦,202508020111
1,4,4,ブリックワーク,牝4,55.0,西塚洸二,1:32.9,,2.3,1.0,436(0),[西] 辻野泰之,202508020112
2,2,2,トーホウガレオン,牡5,58.0,田口貫太,1:33.1,1.1/2,17.3,5.0,518(-4),[西] 谷潔,202508020112
3,6,6,オトコギアンパン,牡4,57.0,吉村誠之,1:33.3,1.1/4,3.3,2.0,490(-4),[西] 小栗実,202508020112
4,1,1,レッドベルアーム,牡6,58.0,幸英明,1:33.4,クビ,4.7,3.0,526(-4),[西] 河嶋宏樹,202508020112
5,7,7,ヒロノゴウカイ,牡6,58.0,菅原隆一,1:33.7,2,58.9,7.0,502(-8),[東] 蛯名利弘,202508020112
6,3,3,タガノスペルノヴァ,牡7,58.0,松若風馬,1:33.7,ハナ,68.5,8.0,434(+12),[西] 中尾秀正,202508020112
7,5,5,テラステラ,牡5,58.0,坂井瑠星,1:34.0,1.3/4,5.1,4.0,474(-6),[西] 矢作芳人,202508020112
8,8,9,イーサンアイ,牡6,58.0,鮫島良太,1:34.3,1.3/4,114.0,9.0,466(+6),[西] 河嶋宏樹,202508020112
9,8,8,トゥーテイルズ,牝5,56.0,北村友一,1:34.4,1/2,55.8,6.0,466(0),[西] 藤原英昭,202508020112
1,5,9,ペプチドクレマチス,牝3,55.0,岩田望来,1:13.0,,23.7,8.0,444(-2),[西] 畑端省吾,202508020201
2,1,2,メイショウセツゲツ,牝3,55.0,田口貫太,1:13.3,1.3/4,6.5,3.0,482(+4),[西] 高橋義忠,202508020201
3,3,5,メイショウアキカゼ,牝3,54.0,高杉吏麒,1:13.4,3/4,7.1,4.0,460(-4),[西] 角田晃一,202508020201
4,6,12,ヤマニンレセディ,牝3,55.0,団野大成,1:13.6,1.1/4,7.5,5.0,456(0),[西] 長谷川浩,202508020201
5,7,14,コパノマロン,牝3,55.0,Ｍ．デム,1:14.0,2.1/2,3.2,1.0,446(+10),[西] 加藤公太,202508020201
6,4,8,シェリルファミーユ,牝3,55.0,坂井瑠星,1:14.1,1/2,24.0,9.0,442(0),[西] 橋口慎介,202508020201
7,5,10,ドラゴンガール,牝3,55.0,和田竜二,1:14.1,アタマ,28.7,10.0,478(+10),[西] 鈴木孝志,202508020201
8,2,3,オレノナオミ,牝3,54.0,吉村誠之,1:14.4,1.1/2,49.2,11.0,460(-6),[西] 佐藤悠太,202508020201
9,6,11,マローソ,牝3,55.0,鮫島克駿,1:14.4,クビ,4.6,2.0,492(+6),[西] 牧田和弥,202508020201
10,1,1,エルピーゾ,牝3,52.0,森田誠也,1:14.6,1,19.1,7.0,490(+2),[西] 安達昭夫,202508020201
11,8,15,アドマイヤアーデル,牝3,55.0,菱田裕二,1:14.6,ハナ,58.2,13.0,414(+22),[西] 大久保龍,202508020201
12,7,13,センビトウリョウ,牝3,55.0,松若風馬,1:14.6,クビ,15.7,6.0,416(-8),[西] 今野貞一,202508020201
13,2,4,ドクターサクラ,牝3,55.0,鮫島良太,1:15.1,3,223.6,14.0,436(0),[西] 河嶋宏樹,202508020201
14,3,6,ゴールドディガー,牝3,52.0,田山旺佑,1:15.3,1.1/4,52.0,12.0,466(0),[西] 四位洋文,202508020201
15,4,7,マルモジーニー,牝3,55.0,長岡禎仁,1:16.1,5,369.7,15.0,440(+18),[西] 中尾秀正,202508020201
除,8,16,スマートイザナミ,牝3,55.0,幸英明,,,---,,440(-4),[西] 谷潔,202508020201
1,6,11,シュネーグロッケン,牡3,56.0,吉村誠之,1:54.0,,2.9,1.0,480(0),[西] 清水久詞,202508020202
2,2,4,ヴァリオーサ,牝3,52.0,森田誠也,1:55.1,7,68.6,8.0,472(-2),[西] 武幸四郎,202508020202
3,5,9,エイシンアニーモ,牡3,57.0,松若風馬,1:55.2,1/2,8.5,4.0,490(+6),[西] 高橋康之,202508020202
4,2,3,リアルサファリ,牝3,55.0,武豊,1:55.2,クビ,3.9,3.0,450(-12),[西] 小崎憲,202508020202
5,4,7,ベルエアフォース,牡3,57.0,幸英明,1:55.3,クビ,14.3,6.0,516(0),[西] 野中賢二,202508020202
6,3,5,ディスタービア,牝3,54.0,高杉吏麒,1:55.5,1.1/4,110.5,9.0,466(-4),[西] 庄野靖志,202508020202
7,4,8,イイデテッシン,牡3,57.0,岩田康誠,1:55.9,2.1/2,253.6,11.0,514(0),[西] 北出成人,202508020202
8,7,14,オドラニャソンソン,牡3,57.0,鮫島克駿,1:56.3,2.1/2,8.6,5.0,464(0),[西] 東田明士,202508020202
9,7,13,カガセブンスター,牡3,57.0,田口貫太,1:56.5,1.1/4,266.1,12.0,454(0),[西] 安達昭夫,202508020202
10,1,2,クリノエドガー,牡3,57.0,城戸義政,1:56.7,1.1/2,321.2,14.0,482(-6),[西] 荒川義之,202508020202
11,5,10,パルジファル,牡3,57.0,岩田望来,1:57.3,3.1/2,58.3,7.0,464(0),[西] 吉村圭司,202508020202
12,3,6,マテンロウビジョン,牡3,57.0,太宰啓介,1:57.5,1.1/4,199.0,10.0,510(0),[西] 武英智,202508020202
13,1,1,ビモクシュウレイ,牡3,57.0,中井裕二,1:57.9,2.1/2,439.8,15.0,502(0),[西] 坂口智康,202508020202
14,8,16,パーソナルレコード,牡3,57.0,坂井瑠星,1:58.5,3.1/2,3.4,2.0,522(0),[西] 高柳大輔,202508020202
15,8,15,チョウハチ,牡3,54.0,和田陽希,1:58.6,1/2,278.0,13.0,454(-4),[西] 高橋一哉,202508020202
取,6,12,ハッピーダンチャン,牡3,57.0,和田竜二,,,---,,計不,[西] 小椋研介,202508020202
1,7,13,シャインベック,牡3,57.0,岩田康誠,1:34.3,,5.6,2.0,448(-6),[西] 北出成人,202508020203
2,2,3,リアルフォルゴーレ,牡3,57.0,田口貫太,1:34.3,クビ,9.4,3.0,472(-6),[西] 大橋勇樹,202508020203
3,1,2,ビップディラン,牡3,57.0,坂井瑠星,1:34.4,アタマ,1.5,1.0,454(0),[西] 小椋研介,202508020203
4,5,9,ドバイミッション,牡3,57.0,菱田裕二,1:34.6,1.1/4,33.9,7.0,550(-2),[西] 辻野泰之,202508020203
5,7,14,セルリアンドロップ,牡3,57.0,太宰啓介,1:34.8,1.1/2,424.6,18.0,464(+4),[西] 宮徹,202508020203
6,1,1,ドゥラルーナ,牝3,55.0,浜中俊,1:34.9,1/2,48.8,9.0,456(+4),[西] 清水久詞,202508020203
7,7,15,ウインロゼライト,牝3,55.0,岩田望来,1:35.0,3/4,25.3,6.0,418(-8),[西] 寺島良,202508020203
8,3,5,チャットケリー,牝3,55.0,鮫島良太,1:35.1,1/2,335.4,17.0,418(-2),[西] 緒方努,202508020203
9,8,16,バイアビリティ,牡3,57.0,和田竜二,1:35.2,クビ,90.1,10.0,496(0),[西] 加藤公太,202508020203
10,4,8,ストームレーン,牡3,57.0,長岡禎仁,1:35.3,3/4,175.8,14.0,424(+8),[西] 緒方努,202508020203
11,4,7,モルビド,牝3,54.0,吉村誠之,1:35.7,2.1/2,35.2,8.0,408(+6),[西] 中内田充,202508020203
12,2,4,シオーグ,牝3,51.0,河原田菜,1:35.7,クビ,134.0,13.0,498(+8),[西] 中竹和也,202508020203
13,3,6,トモジャシック,牡3,56.0,高杉吏麒,1:35.9,3/4,115.0,12.0,474(+5),[西] 大根田裕,202508020203
14,8,18,モズプリヴェール,牡3,57.0,幸英明,1:36.0,3/4,234.6,15.0,500(+4),[西] 森田直行,202508020203
15,5,10,クリオシダード,牡3,57.0,鮫島克駿,1:36.5,3,15.5,4.0,500(0),[西] 清水久詞,202508020203
16,8,17,クリノエニシ,牡3,57.0,高倉稜,1:36.5,クビ,235.4,16.0,480(0),[西] 武英智,202508020203
17,6,12,ベイストラトラ,牡3,57.0,Ｍ．デム,1:36.7,1,15.9,5.0,488(+16),[西] 井上智史,202508020203
18,6,11,デリツィオーサ,牝3,52.0,森田誠也,1:38.0,8,98.4,11.0,468(+2),[西] 坂口智康,202508020203
1,7,9,アルマーザアミール,牡4,59.0,小牧加矢,3:21.3,,15.5,6.0,486(0),[西] 斉藤崇史,202508020204
2,8,11,トゥラッタッタ,牡4,59.0,上野翔,3:21.5,1.1/2,6.3,3.0,462(-16),[東] 新開幸一,202508020204
3,6,8,ゲインサポート,セ4,59.0,森一馬,3:21.9,2,2.1,1.0,452(-18),[西] 斉藤崇史,202508020204
4,8,12,スズカハービン,牡5,60.0,難波剛健,3:22.4,3,31.6,8.0,470(+2),[西] 高橋義忠,202508020204
5,2,2,リードアクトレス,牝4,57.0,小野寺祐,3:23.0,3.1/2,76.6,11.0,488(0),[西] 安達昭夫,202508020204
6,5,5,バンクサイド,牡5,60.0,伴啓太,3:23.0,クビ,53.8,10.0,516(-5),[東] 竹内正洋,202508020204
7,7,10,ゴットリープ,牡5,60.0,五十嵐雄,3:23.1,1/2,140.2,12.0,464(-6),[東] 栗田徹,202508020204
8,6,7,アニージョ,セ6,60.0,草野太郎,3:23.8,4,18.3,7.0,508(-16),[東] 畠山吉宏,202508020204
9,5,6,トップスティール,牡6,60.0,石神深一,3:25.5,10,14.5,5.0,510(+2),[東] 深山雅史,202508020204
10,3,3,カイトレッド,牝8,57.0,土田真翔,3:25.7,1.1/4,12.6,4.0,486(-2),[東] 和田雄二,202508020204
11,4,4,ユウトザキンパツ,牡4,59.0,黒岩悠,3:26.0,1.1/2,47.0,9.0,498(-2),[西] 小崎憲,202508020204
12,1,1,レッドファーロ,牡6,60.0,西谷誠,3:29.3,大,3.6,2.0,520(+2),[西] 松永幹夫,202508020204
1,7,12,ルージュスティーズ,牝3,55.0,団野大成,1:59.5,,2.7,1.0,480(0),[西] 斉藤崇史,202508020205
2,6,9,テレプシコーラ,牝3,54.0,吉村誠之,1:59.7,1.1/2,11.8,4.0,410(+4),[西] 坂口智康,202508020205
3,4,6,キーチファイター,牡3,54.0,森田誠也,1:59.9,1.1/4,14.4,5.0,468(+2),[西] 斉藤崇史,202508020205
4,5,7,ヴォイスオブゼウス,牡3,57.0,坂井瑠星,1:59.9,クビ,3.6,2.0,458(-2),[西] 矢作芳人,202508020205
5,3,3,サイモンイロハニー,牝3,55.0,幸英明,2:00.4,3,33.5,10.0,410(+2),[西] 谷潔,202508020205
6,2,2,マイネルビスマルク,牡3,57.0,松若風馬,2:00.5,クビ,17.2,7.0,468(-12),[西] 梅田智之,202508020205
7,1,1,カピオラ,牝3,55.0,Ｍ．デム,2:00.6,3/4,16.9,6.0,416(-8),[西] 武幸四郎,202508020205
8,8,14,ラマヌジャン,牡3,57.0,浜中俊,2:00.7,1/2,18.8,8.0,492(+6),[西] 宮地貴稔,202508020205
9,4,5,アルクドラ,牝3,55.0,田口貫太,2:00.9,1.1/4,179.0,12.0,478(0),[西] 石坂公一,202508020205
10,6,10,ダノンポセイドン,牡3,57.0,長岡禎仁,2:01.2,2,56.8,11.0,506(-2),[西] 坂口智康,202508020205
11,8,13,リアライズルークス,牡3,57.0,鮫島克駿,2:01.2,ハナ,4.9,3.0,508(0),[西] 杉山晴紀,202508020205
12,7,11,イモータルプラチナ,牡3,57.0,和田竜二,2:01.3,1/2,28.3,9.0,432(-18),[西] 鈴木孝志,202508020205
13,3,4,デルマレッドスター,牝3,52.0,和田陽希,2:01.5,1,420.6,14.0,422(-4),[西] 飯田祐史,202508020205
14,5,8,キタノロジック,牡3,57.0,中井裕二,2:02.2,4,243.5,13.0,462(-16),[西] 畑端省吾,202508020205
1,4,4,ゲッティヴィラ,牡3,56.0,吉村誠之,1:25.0,,2.3,1.0,450(+2),[西] 小栗実,202508020206
2,2,2,レイナデアルシーラ,牝3,55.0,田口貫太,1:25.3,1.3/4,9.8,5.0,500(-2),[西] 西園正都,202508020206
3,1,1,ユウトザユウト,牡3,57.0,団野大成,1:25.4,クビ,5.4,3.0,504(-2),[西] 小崎憲,202508020206
4,3,3,モズタチアガレ,牡3,57.0,幸英明,1:25.6,1.1/2,5.9,4.0,480(-2),[西] 中尾秀正,202508020206
5,7,8,パヴィーア,牝3,55.0,北村友一,1:25.7,クビ,3.8,2.0,460(-4),[西] 田中克典,202508020206
6,7,7,ツーピース,牝3,55.0,Ｍ．デム,1:25.8,3/4,57.9,8.0,504(0),[西] 河嶋宏樹,202508020206
7,5,5,キュードス,牡3,57.0,田中健,1:25.9,クビ,25.6,6.0,478(+4),[西] 荒川義之,202508020206
8,8,9,サマーナイト,牡3,57.0,和田竜二,1:25.9,ハナ,37.9,7.0,486(-6),[西] 寺島良,202508020206
9,8,10,ピーチマカロン,牝3,54.0,高杉吏麒,1:27.4,9,153.9,10.0,462(0),[西] 大根田裕,202508020206
10,6,6,サンライズアレス,牡3,57.0,鮫島克駿,1:28.8,8,81.0,9.0,530(-5),[西] 前川恭子,202508020206
1,7,8,ジーティームソウ,牡4,58.0,坂井瑠星,1:46.6,,3.4,2.0,488(-2),[西] 西村真幸,202508020207
2,1,1,アレンテージョ,牡5,58.0,団野大成,1:46.7,3/4,4.5,3.0,476(-14),[西] 坂口智康,202508020207
3,5,5,デルシエロ,牡4,57.0,吉村誠之,1:46.8,1/2,6.8,4.0,418(+4),[西] 清水久詞,202508020207
4,8,9,タガノヘラクレス,牡4,57.0,高杉吏麒,1:46.9,3/4,7.7,5.0,512(-2),[西] 千田輝彦,202508020207
5,4,4,ルミエールドゥース,牝4,53.0,和田陽希,1:47.1,3/4,72.8,7.0,466(+4),[西] 緒方努,202508020207
6,7,7,アンテロース,牡5,58.0,武豊,1:47.2,1/2,8.1,6.0,460(+6),[西] 岡田稲男,202508020207
7,3,3,マサハヤヴォス,牡4,58.0,和田竜二,1:47.4,1.1/2,163.5,10.0,474(+6),[西] 今野貞一,202508020207
8,2,2,ヤマニンアラクリア,牡4,55.0,森田誠也,1:47.5,3/4,79.4,8.0,484(+2),[西] 中村直也,202508020207
9,6,6,タキ,牡4,58.0,菱田裕二,1:47.6,クビ,153.6,9.0,442(+12),[西] 高橋一哉,202508020207
10,8,10,パシフィックハイ,牝4,56.0,鮫島克駿,1:48.1,3.1/2,3.2,1.0,462(+4),[西] 杉山佳明,202508020207
1,5,6,メイショウオオコ,牡4,58.0,武豊,1:52.9,,3.2,1.0,468(0),[西] 荒川義之,202508020208
2,6,8,ポルトドール,牡5,58.0,鮫島克駿,1:52.9,アタマ,17.7,8.0,462(-4),[西] 小栗実,202508020208
3,3,3,ダノンペドロ,セ5,58.0,幸英明,1:53.5,3.1/2,24.0,10.0,482(+4),[西] 寺島良,202508020208
4,5,5,ウィンターガーデン,牝4,56.0,Ｍ．デム,1:53.9,2.1/2,3.7,2.0,488(+6),[西] 武幸四郎,202508020208
5,7,9,ハッピーマインド,牡4,58.0,和田竜二,1:54.1,1.1/4,16.7,6.0,522(-4),[西] 緒方努,202508020208
6,8,12,ブーヤカ,セ4,58.0,岩田望来,1:54.2,3/4,17.3,7.0,436(-10),[西] 藤岡健一,202508020208
7,2,2,ハギノカノア,牡5,58.0,北村友一,1:54.2,アタマ,19.8,9.0,478(0),[西] 秋山真一,202508020208
8,6,7,ネロコルヴィーノ,牡4,58.0,坂井瑠星,1:54.4,3/4,7.0,4.0,522(+4),[西] 辻野泰之,202508020208
9,8,11,テイエムデンセツ,牡4,58.0,城戸義政,1:54.5,1/2,74.6,11.0,480(+4),[西] 鈴木孝志,202508020208
10,1,1,イーサンハンター,牡4,58.0,田口貫太,1:54.6,3/4,114.9,12.0,528(+2),[西] 宮地貴稔,202508020208
11,4,4,タイセイマンボ,牡5,57.0,吉村誠之,1:55.3,4,5.9,3.0,550(+8),[西] 高野友和,202508020208
12,7,10,ミッションルース,牡4,57.0,高杉吏麒,1:57.7,大,12.1,5.0,432(-16),[西] 平田修,202508020208
1,4,4,キャントウェイト,牡4,57.0,和田竜二,2:14.6,,2.9,2.0,470(-4),[東] 萱野浩二,202508020209
2,6,6,エルディアブロ,牡7,55.0,坂井瑠星,2:14.8,1.1/4,5.7,3.0,450(-2),[西] 佐々木晶,202508020209
3,1,1,バガン,牡7,54.0,田口貫太,2:14.9,1,15.9,7.0,482(+4),[西] 宮地貴稔,202508020209
4,3,3,フォーチュンコード,牝5,54.0,団野大成,2:15.2,1.3/4,7.5,4.0,502(+2),[西] 小林真也,202508020209
5,7,7,モモンウールー,牝4,53.0,吉村誠之,2:15.3,1/2,10.0,5.0,458(-4),[西] 池添学,202508020209
6,8,8,ナイトスラッガー,牡4,57.0,鮫島克駿,2:15.3,クビ,2.7,1.0,522(+10),[西] 小栗実,202508020209
7,2,2,ダンツエスプリ,牡6,55.0,太宰啓介,2:15.5,1.1/4,13.1,6.0,488(+8),[西] 本田優,202508020209
8,5,5,サイモンルモンド,セ8,51.0,松若風馬,2:16.3,5,132.3,8.0,460(-2),[東] 根本康広,202508020209
1,7,14,ホウオウラスカーズ,牝7,54.0,田口貫太,1:45.8,,67.8,12.0,454(-2),[東] 高木登,202508020210
2,3,6,ブルーミンデザイン,牡4,56.0,浜中俊,1:45.9,クビ,16.8,6.0,498(0),[西] 宮本博,202508020210
3,8,16,ガイアメンテ,牡4,56.0,団野大成,1:46.1,1.1/2,8.2,4.0,500(-2),[西] 須貝尚介,202508020210
4,2,3,ナムラフッカー,牡4,56.0,菱田裕二,1:46.2,3/4,26.6,8.0,472(-2),[西] 長谷川浩,202508020210
5,5,9,エアミアーニ,セ7,54.0,高杉吏麒,1:46.3,クビ,172.2,14.0,450(-2),[西] 笹田和秀,202508020210
6,5,10,シュタールヴィント,牡5,56.0,吉村誠之,1:46.3,クビ,22.1,7.0,458(-4),[西] 矢作芳人,202508020210
7,4,7,ベラジオボンド,牡4,57.0,岩田望来,1:46.4,クビ,2.2,1.0,500(+6),[西] 上村洋行,202508020210
8,4,8,カヨウネンカ,牝6,53.0,和田竜二,1:46.5,1,85.9,13.0,468(+6),[東] 斎藤誠,202508020210
9,1,1,インザモーメント,牡4,57.0,武豊,1:46.5,ハナ,5.2,2.0,486(+2),[西] 田中克典,202508020210
10,6,11,メイショウウネビ,牡6,54.0,松若風馬,1:46.5,アタマ,222.2,15.0,502(0),[西] 本田優,202508020210
11,6,12,アイスグリーン,牡5,57.0,北村友一,1:46.5,クビ,15.6,5.0,478(-6),[西] 池添学,202508020210
12,2,4,シーウィザード,セ5,56.0,Ｍ．デム,1:46.5,アタマ,28.6,10.0,490(-2),[東] 鹿戸雄一,202508020210
13,7,13,コスモフロイデ,牡6,54.0,高倉稜,1:46.6,1/2,530.5,16.0,478(-4),[東] 天間昭一,202508020210
14,1,2,スイープアワーズ,牡5,56.0,坂井瑠星,1:46.7,3/4,6.3,3.0,450(+6),[西] 友道康夫,202508020210
15,8,15,ノーブルスカイ,牡4,55.0,鮫島克駿,1:46.8,クビ,62.5,11.0,484(+2),[西] 高柳大輔,202508020210
16,3,5,マラキナイア,牝5,54.0,幸英明,1:47.1,2,27.3,9.0,446(-8),[西] 吉岡辰弥,202508020210
1,8,10,ロングラン,セ7,57.0,岩田康誠,1:31.7,,10.2,5.0,478(0),[東] 和田勇介,202508020211
2,3,3,ジュンブロッサム,牡6,58.0,武豊,1:31.8,1/2,2.1,1.0,482(+4),[西] 友道康夫,202508020211
3,7,8,セオ,牡5,57.0,岩田望来,1:32.1,1.1/2,4.4,2.0,498(+2),[西] 上村洋行,202508020211
4,2,2,ニホンピロキーフ,牡5,57.0,田口貫太,1:32.2,1/2,4.8,3.0,486(-4),[西] 大橋勇樹,202508020211
5,7,7,グラティアス,牡7,57.0,北村友一,1:32.3,1/2,41.9,9.0,494(-12),[西] 安田翔伍,202508020211
6,1,1,ホウオウリアリティ,牡7,57.0,団野大成,1:32.3,アタマ,43.4,10.0,484(+2),[西] 井上智史,202508020211
7,5,5,エアファンディタ,牡8,57.0,Ｍ．デム,1:32.3,クビ,29.0,7.0,470(+10),[西] 池添学,202508020211
8,8,9,レイベリング,牡5,57.0,和田竜二,1:33.0,4,26.5,6.0,484(-12),[東] 鹿戸雄一,202508020211
9,4,4,ビーアストニッシド,牡6,57.0,西村太一,1:33.6,3.1/2,35.9,8.0,476(-4),[東] 堀内岳志,202508020211
10,6,6,ミスタージーティー,牡4,57.0,坂井瑠星,1:33.6,ハナ,9.7,4.0,472(+2),[西] 矢作芳人,202508020211
1,5,5,スマートリアファル,牡4,58.0,武豊,1:52.0,,12.8,6.0,492(0),[西] 加藤公太,202508020212
2,6,8,ワイドブリザード,セ4,58.0,浜中俊,1:52.0,クビ,2.3,1.0,440(-2),[西] 佐藤悠太,202508020212
3,6,7,クリノフィガロ,牡4,58.0,和田竜二,1:52.4,2.1/2,9.2,3.0,498(-6),[西] 荒川義之,202508020212
4,8,11,リアド,牡6,58.0,幸英明,1:52.6,1,18.4,8.0,482(-6),[西] 小椋研介,202508020212
5,7,10,シュプリンガー,セ6,58.0,長岡禎仁,1:52.7,1/2,35.9,11.0,496(-2),[西] 小栗実,202508020212
6,1,1,シンリミテス,牡6,58.0,太宰啓介,1:52.8,3/4,21.8,9.0,500(-4),[西] 大根田裕,202508020212
7,5,6,ケイアイメキラ,セ5,58.0,北村友一,1:52.9,クビ,16.0,7.0,472(+2),[西] 秋山真一,202508020212
8,2,2,ブルーペクトライト,牝5,56.0,Ｍ．デム,1:53.0,1/2,24.2,10.0,488(+6),[西] 宮地貴稔,202508020212
9,3,3,ワンダースティング,牡7,58.0,高倉稜,1:53.0,クビ,9.4,4.0,520(-2),[西] 渡辺薫彦,202508020212
10,4,4,マサハヤウォルズ,牡5,58.0,田口貫太,1:53.5,3,172.8,12.0,472(+6),[西] 今野貞一,202508020212
11,8,12,タマモキャリコ,セ4,57.0,吉村誠之,1:53.8,1.3/4,12.1,5.0,424(-2),[西] 宮地貴稔,202508020212
12,7,9,エアサンサーラ,牡4,58.0,岩田望来,1:55.4,10,4.7,2.0,578(-12),[西] 辻野泰之,202508020212
1,3,6,ルージュミステリオ,牝3,55.0,菱田裕二,1:52.7,,12.2,5.0,424(-4),[西] 辻野泰之,202508020301
2,7,14,バッドガール,牝3,55.0,北村友一,1:52.9,1,6.0,3.0,436(-2),[西] 安田翔伍,202508020301
3,7,13,パドメ,牝3,55.0,団野大成,1:53.5,3.1/2,50.0,12.0,488(+4),[西] 高橋康之,202508020301
4,6,12,ゴートゥーミジョカ,牝3,55.0,水口優也,1:54.7,7,196.7,14.0,430(+2),[西] 宮本博,202508020301
5,2,3,ビジュードネージュ,牝3,55.0,鮫島克駿,1:54.9,1.1/4,6.0,2.0,428(+6),[西] 高柳大輔,202508020301
6,5,10,ミダスリスト,牝3,55.0,シュタル,1:55.1,1.1/4,2.4,1.0,516(0),[西] 新谷功一,202508020301
7,8,15,アニュレス,牝3,52.0,森田誠也,1:55.3,1,24.3,9.0,444(0),[西] 佐々木晶,202508020301
8,1,2,アサガクル,牝3,55.0,渡辺竜也,1:56.0,4,253.3,15.0,458(+4),[西] 小崎憲,202508020301
9,8,16,メイショウナナコ,牝3,54.0,高杉吏麒,1:56.1,1/2,38.3,11.0,474(-8),[西] 荒川義之,202508020301
10,4,8,コンプリート,牝3,55.0,坂井瑠星,1:56.4,2,9.1,4.0,478(0),[西] 田中克典,202508020301
11,1,1,ハッピードリーム,牝3,55.0,岩田康誠,1:56.7,1.3/4,12.8,6.0,510(0),[西] 石坂公一,202508020301
12,6,11,タイセイアズーロ,牝3,55.0,高倉稜,1:58.2,9,138.4,13.0,484(+6),[西] 牧浦充徳,202508020301
13,5,9,テットドール,牝3,55.0,田口貫太,1:58.9,4,21.0,7.0,452(+11),[西] 庄野靖志,202508020301
14,2,4,マンノデュエット,牝3,55.0,浜中俊,1:59.1,1.1/2,23.4,8.0,498(-7),[西] 中竹和也,202508020301
中,3,5,エイシンナザレ,牝3,55.0,和田竜二,,,24.8,10.0,450(+2),[西] 中尾秀正,202508020301
取,4,7,エアニゲラ,牝3,54.0,吉村誠之,,,---,,計不,[西] 池添学,202508020301
1,3,5,ソリスクラヴィス,牡3,57.0,レーン,1:23.6,,3.0,2.0,504(-2),[西] 西園正都,202508020302
2,5,9,モズケイスター,牡3,56.0,高杉吏麒,1:23.7,3/4,5.5,3.0,464(+2),[西] 高柳大輔,202508020302
3,7,14,ディアウス,牡3,57.0,北村友一,1:24.1,2.1/2,2.1,1.0,450(+2),[西] 吉岡辰弥,202508020302
4,4,8,タガノテツ,牡3,57.0,田中健,1:24.4,2,34.7,7.0,458(0),[西] 荒川義之,202508020302
5,7,13,ボーヌロマネ,牡3,57.0,鮫島克駿,1:24.5,クビ,23.4,5.0,448(+6),[西] 橋口慎介,202508020302
6,3,6,タイセイアビリティ,牡3,57.0,岩田望来,1:24.5,クビ,25.0,6.0,480(-4),[西] 小林真也,202508020302
7,8,16,トリプレーテ,牡3,57.0,坂井瑠星,1:24.6,3/4,13.9,4.0,482(-4),[西] 武英智,202508020302
8,6,12,レーヴセクレタ,牡3,57.0,藤岡佑介,1:24.8,1.1/4,139.5,14.0,524(0),[西] 千田輝彦,202508020302
9,1,2,コパノディラン,牡3,57.0,荻野琢真,1:24.9,クビ,54.8,10.0,500(+6),[西] 梅田智之,202508020302
10,1,1,アーリドラータ,牡3,57.0,渡辺竜也,1:25.0,1,109.4,13.0,472(0),[西] 小栗実,202508020302
11,2,3,シーク,セ3,57.0,シュタル,1:25.3,1.3/4,88.3,11.0,512(+2),[西] 角田晃一,202508020302
12,8,15,サンダーエフェクト,牡3,57.0,菱田裕二,1:25.3,ハナ,238.0,15.0,448(0),[西] 小崎憲,202508020302
13,5,10,オプティクス,牡3,57.0,和田竜二,1:26.0,4,46.2,9.0,482(+14),[西] 渡辺薫彦,202508020302
14,2,4,アインホルン,牡3,54.0,森田誠也,1:26.2,3/4,274.1,16.0,446(+2),[西] 寺島良,202508020302
15,6,11,サルタール,セ3,56.0,吉村誠之,1:26.2,アタマ,101.4,12.0,520(-6),[西] 小崎憲,202508020302
16,4,7,ゾーンサイレンス,牡3,57.0,川須栄彦,1:29.5,大,42.8,8.0,466(+2),[西] 小椋研介,202508020302
1,8,18,レディーミコノス,牝3,55.0,岩田望来,1:36.1,,37.1,9.0,454(-8),[西] 寺島良,202508020303
2,6,11,オールザレイジ,牝3,55.0,北村友一,1:36.4,1.3/4,1.8,1.0,496(+10),[西] 寺島良,202508020303
3,2,4,オーケーダイナ,牝3,55.0,渡辺竜也,1:36.7,2,35.8,8.0,422(+2),[西] 奥村豊,202508020303
4,1,1,ワインクーラー,牝3,55.0,菱田裕二,1:36.8,クビ,6.8,3.0,450(-4),[西] 石橋守,202508020303
5,7,14,ウフルピーク,牝3,54.0,高杉吏麒,1:36.8,ハナ,6.6,2.0,416(+6),[西] 藤岡健一,202508020303
6,3,5,シストロン,牝3,55.0,鮫島克駿,1:37.0,1.1/4,10.0,5.0,466(+4),[西] 中竹和也,202508020303
7,7,15,メイショウハダル,牝3,55.0,武豊,1:37.1,3/4,9.4,4.0,426(+2),[西] 福永祐一,202508020303
8,5,10,シルクディヴェール,牝3,54.0,吉村誠之,1:37.2,1,45.9,10.0,424(0),[西] 杉山晴紀,202508020303
9,8,16,エイシンマイア,牝3,55.0,川又賢治,1:37.2,アタマ,24.8,7.0,448(0),[西] 吉村圭司,202508020303
10,8,17,ラブリーリディア,牝3,55.0,和田竜二,1:37.4,1.1/4,20.5,6.0,434(0),[西] 中内田充,202508020303
11,3,6,アラマンダ,牝3,55.0,荻野琢真,1:37.8,2.1/2,209.7,13.0,420(-2),[西] 平田修,202508020303
12,2,3,カナメイシ,牝3,55.0,高倉稜,1:37.9,1/2,425.7,16.0,446(+6),[西] 北出成人,202508020303
13,6,12,ラストプリンセス,牝3,55.0,シュタル,1:38.3,2,92.9,12.0,422(+8),[西] 清水久詞,202508020303
14,5,9,スリアント,牝3,55.0,泉谷楓真,1:38.4,1,76.5,11.0,460(0),[西] 杉山晴紀,202508020303
15,1,2,シルシ,牝3,55.0,角田大和,1:38.5,クビ,551.0,18.0,426(-4),[西] 武幸四郎,202508020303
16,4,7,ゴルティス,牝3,55.0,田口貫太,1:38.6,3/4,394.4,15.0,440(+2),[西] 藤野健太,202508020303
17,4,8,ウィッティクオウト,牝3,52.0,森田誠也,1:38.6,クビ,475.5,17.0,402(0),[西] 吉村圭司,202508020303
18,7,13,ルナフェイズ,牝3,55.0,池添謙一,1:38.7,クビ,232.2,14.0,424(-6),[西] 新谷功一,202508020303
1,6,11,サンライズシュガー,牡3,57.0,坂井瑠星,1:59.8,,2.4,1.0,498(-4),[西] 新谷功一,202508020304
2,4,8,ハイアップグレード,牡3,57.0,田口貫太,2:00.6,5,20.6,5.0,476(+2),[西] 谷潔,202508020304
3,2,3,タガノアニマシオン,セ3,57.0,渡辺竜也,2:01.0,2.1/2,32.3,8.0,474(-6),[西] 奥村豊,202508020304
4,1,1,ハッピールンナ,牝3,55.0,太宰啓介,2:01.3,1.3/4,33.9,9.0,490(-2),[西] 大根田裕,202508020304
5,7,13,サウスオブロンドン,牡3,57.0,角田大和,2:01.3,アタマ,143.3,13.0,470(+2),[西] 松永幹夫,202508020304
6,4,7,ワクシングムーン,牡3,56.0,吉村誠之,2:01.4,3/4,8.1,3.0,514(-6),[西] 畑端省吾,202508020304
7,8,16,ペルティナクス,牡3,57.0,水口優也,2:01.7,1.3/4,23.5,6.0,522(-2),[西] 池江泰寿,202508020304
8,8,15,メイショウキタダケ,牡3,57.0,団野大成,2:02.0,1.1/2,47.7,10.0,432(+2),[西] 荒川義之,202508020304
9,3,6,アースグレーザー,牡3,57.0,岩田康誠,2:02.2,1.1/2,2.9,2.0,484(0),[西] 中村直也,202508020304
10,5,9,ラッシュグリーン,牡3,57.0,川須栄彦,2:02.5,1.1/2,220.0,15.0,524(0),[西] 池添学,202508020304
11,3,5,カンプウ,牡3,57.0,泉谷楓真,2:02.8,2,50.1,11.0,502(+2),[西] 奥村豊,202508020304
12,2,4,ノボリディアマン,牡3,57.0,鮫島良太,2:02.9,1/2,60.9,12.0,440(-4),[西] 緒方努,202508020304
13,1,2,タイセイアルジャン,牡3,57.0,高倉稜,2:04.3,8,336.1,16.0,522(-2),[西] 森田直行,202508020304
14,6,12,グレートジーンズ,牡3,57.0,鮫島克駿,2:06.2,大,172.6,14.0,466(+8),[西] 東田明士,202508020304
15,7,14,オセアフランケル,セ3,57.0,シュタル,2:06.5,2,32.1,7.0,504(-2),[西] 杉山晴紀,202508020304
16,5,10,ファントムブラッド,牡3,57.0,荻野琢真,2:06.6,クビ,8.6,4.0,488(-2),[西] 大久保龍,202508020304
1,7,9,ヤエギリ,牝3,55.0,藤岡佑介,1:48.6,,10.1,4.0,468(+4),[西] 福永祐一,202508020305
2,6,8,フェイトライン,牡3,57.0,団野大成,1:48.7,1/2,6.2,3.0,514(-4),[西] 斉藤崇史,202508020305
3,8,12,リアルフォルゴーレ,牡3,57.0,田口貫太,1:48.8,1/2,6.2,2.0,476(+4),[西] 大橋勇樹,202508020305
4,3,3,メイショウキンタイ,牡3,57.0,レーン,1:48.8,ハナ,1.3,1.0,478(+8),[西] 高橋亮,202508020305
5,8,11,アオイアイ,牝3,54.0,高杉吏麒,1:48.8,クビ,232.5,11.0,448(+2),[西] 西園翔太,202508020305
6,1,1,ホースワン,牡3,57.0,シュタル,1:48.8,アタマ,30.0,5.0,506(-14),[西] 清水久詞,202508020305
7,4,4,グローサートラウム,牡3,57.0,浜中俊,1:48.9,クビ,99.0,8.0,478(-4),[西] 武幸四郎,202508020305
8,7,10,ノボリユーミン,牝3,52.0,森田誠也,1:49.1,1.1/4,196.8,10.0,474(0),[西] 石橋守,202508020305
9,5,6,バイアビリティ,牡3,57.0,和田竜二,1:49.2,1/2,84.7,7.0,492(-4),[西] 加藤公太,202508020305
10,5,5,アトラーレ,牝3,55.0,岩田望来,1:49.6,2.1/2,104.3,9.0,426(+2),[西] 中村直也,202508020305
11,2,2,クランドゥイユ,牝3,55.0,坂井瑠星,1:49.7,クビ,39.3,6.0,476(0),[西] 矢作芳人,202508020305
12,6,7,ロビン,牡3,57.0,渡辺竜也,1:49.7,アタマ,314.5,12.0,498(-10),[西] 西園翔太,202508020305
1,8,9,タガノアンファン,牡3,57.0,菱田裕二,1:21.5,,2.3,1.0,464(+2),[西] 石坂公一,202508020306
2,8,8,ヴァージル,牡3,57.0,坂井瑠星,1:21.6,1/2,3.9,2.0,450(+2),[西] 杉山晴紀,202508020306
3,6,6,モンタルチーノ,牡3,57.0,シュタル,1:21.8,1,7.6,4.0,496(+4),[西] 庄野靖志,202508020306
4,3,3,キトンインザスカイ,牝3,55.0,北村友一,1:21.8,クビ,17.9,7.0,442(+2),[西] 高野友和,202508020306
5,4,4,ウィンストン,牡3,56.0,吉村誠之,1:22.1,1.3/4,4.6,3.0,496(-4),[西] 杉山晴紀,202508020306
6,1,1,プロクレイア,牝3,55.0,鮫島克駿,1:22.6,3,14.1,5.0,454(+2),[西] 小林真也,202508020306
7,7,7,ルチアーナ,牝3,54.0,高杉吏麒,1:22.6,クビ,27.8,8.0,430(-18),[東] 小笠倫弘,202508020306
8,5,5,ブーディガ,牝3,55.0,池添謙一,1:23.2,3.1/2,17.5,6.0,482(+12),[西] 高橋一哉,202508020306
9,2,2,メイプルギン,牡3,57.0,渡辺竜也,1:23.6,2.1/2,290.0,9.0,428(+4),[地] 伊藤強一,202508020306
1,7,7,ロードオールライト,牡4,58.0,岩田望来,2:14.8,,2.0,1.0,524(-4),[西] 中内田充,202508020307
2,3,3,アットアブラスト,セ5,57.0,高杉吏麒,2:14.8,ハナ,8.1,4.0,460(+4),[西] 小椋研介,202508020307
3,4,4,ファームツエンティ,セ5,58.0,高倉稜,2:15.3,3,3.2,2.0,450(-14),[西] 北出成人,202508020307
4,5,5,ヘルツアス,牝4,56.0,渡辺竜也,2:15.3,アタマ,5.2,3.0,418(-4),[西] 森田直行,202508020307
5,8,8,スノーディーヴァ,牝4,56.0,川又賢治,2:15.5,1.1/4,39.2,8.0,452(-6),[東] 深山雅史,202508020307
6,2,2,リヴァイデント,牝4,56.0,荻野琢真,2:15.6,1/2,21.6,6.0,414(-3),[西] 秋山真一,202508020307
7,6,6,チャイボーグ,牝5,56.0,川須栄彦,2:15.7,1,34.1,7.0,492(+6),[東] 的場均,202508020307
8,1,1,アンジェリカル,牝5,56.0,鮫島良太,2:15.8,3/4,20.1,5.0,458(+12),[西] 河嶋宏樹,202508020307
1,6,9,プリンスノット,牡5,58.0,岩田康誠,1:11.6,,7.2,5.0,478(+2),[西] 小椋研介,202508020308
2,4,5,ニホンピロカラット,牡4,58.0,田口貫太,1:11.6,アタマ,4.2,1.0,514(0),[西] 大橋勇樹,202508020308
3,7,12,メイショウハッブル,牡4,58.0,角田大和,1:11.7,1/2,51.1,10.0,472(-6),[西] 石橋守,202508020308
4,8,13,カネコメファミリー,牝4,56.0,鮫島克駿,1:11.7,クビ,4.6,2.0,506(+10),[西] 中尾秀正,202508020308
5,2,2,パッシングシャワー,牡4,58.0,北村友一,1:12.0,1.1/2,6.8,4.0,514(-6),[西] 安田翔伍,202508020308
6,5,7,サドル,牡6,57.0,高杉吏麒,1:12.1,1/2,40.6,9.0,500(+12),[西] 庄野靖志,202508020308
7,3,3,マーゴットファブ,牡4,57.0,吉村誠之,1:12.2,1/2,79.1,11.0,528(+2),[東] 伊坂重信,202508020308
8,7,11,アシャカブラン,牡4,58.0,太宰啓介,1:12.2,クビ,22.4,8.0,522(+2),[西] 大根田裕,202508020308
9,8,14,ディーエストッキー,牡4,58.0,菱田裕二,1:12.3,1/2,5.3,3.0,470(0),[西] 橋口慎介,202508020308
10,3,4,ペロ,牡4,58.0,池添謙一,1:12.6,1.3/4,104.6,13.0,496(-2),[西] 橋口慎介,202508020308
11,5,8,スパークルジョイ,牝4,53.0,森田誠也,1:12.6,クビ,11.2,7.0,444(+2),[西] 前川恭子,202508020308
12,1,1,ピストンボーイ,牡4,58.0,坂井瑠星,1:12.9,1.1/2,8.8,6.0,514(-2),[西] 池添学,202508020308
13,6,10,ボタニカルガーデン,牝5,56.0,渡辺竜也,1:13.2,1.3/4,131.3,14.0,446(+4),[西] 緒方努,202508020308
14,4,6,パワポケビー,牝6,56.0,団野大成,1:14.6,8,90.2,12.0,506(+7),[西] 森田直行,202508020308
1,3,3,タガノアビー,牝3,55.0,藤岡佑介,2:14.3,,3.0,2.0,496(0),[西] 千田輝彦,202508020309
2,4,4,セイキュート,牝3,55.0,坂井瑠星,2:14.4,1,4.3,3.0,470(+6),[西] 四位洋文,202508020309
3,6,6,エバーグルーヴ,牝3,55.0,高杉吏麒,2:14.6,1.1/2,2.0,1.0,406(-2),[西] 藤岡健一,202508020309
4,5,5,ドーギッド,牝3,55.0,岩田望来,2:14.7,アタマ,12.9,4.0,458(+2),[西] 矢作芳人,202508020309
5,1,1,エレガンシア,牝3,55.0,鮫島克駿,2:14.9,1.1/2,18.8,6.0,436(-6),[西] 高柳大輔,202508020309
6,2,2,ディスパラール,牝3,55.0,団野大成,2:15.4,3,14.6,5.0,438(+6),[西] 斉藤崇史,202508020309
1,3,3,グロリアラウス,セ4,58.0,レーン,1:20.9,,1.9,1.0,494(+2),[西] 斉藤崇史,202508020310
2,2,2,ジュンヴァンケット,セ4,58.0,坂井瑠星,1:21.0,1/2,2.5,2.0,458(-2),[西] 友道康夫,202508020310
3,4,4,オバケノキンタ,牡5,58.0,角田大和,1:21.2,3/4,36.1,4.0,472(-4),[西] 大根田裕,202508020310
4,7,7,マテンロウボンド,牡6,58.0,岩田望来,1:21.4,1.1/4,4.2,3.0,510(+4),[西] 野中賢二,202508020310
5,8,8,ベルウッドブラボー,牡6,58.0,田口貫太,1:21.6,1.1/2,37.5,5.0,468(+6),[東] 和田雄二,202508020310
6,6,6,トーセントラム,牡5,58.0,シュタル,1:21.7,1/2,78.8,7.0,442(0),[東] 佐藤吉勝,202508020310
7,5,5,ズバットマサムネ,セ4,58.0,川又賢治,1:22.6,5,48.1,6.0,492(0),[西] 杉山佳明,202508020310
8,1,1,ワイワイレジェンド,牡4,58.0,荻野琢真,1:22.9,1.1/2,86.5,8.0,484(+2),[西] 矢作芳人,202508020310
1,4,4,カナルビーグル,牡3,57.0,吉村誠之,1:56.8,,6.0,3.0,500(+6),[西] 佐藤悠太,202508020311
2,6,8,クレーキング,牡3,57.0,レーン,1:56.9,3/4,1.6,1.0,496(+12),[東] 中舘英二,202508020311
3,4,5,メイショウズイウン,牡3,57.0,武豊,1:57.0,クビ,5.7,2.0,498(+14),[西] 本田優,202508020311
4,7,10,ベリタバグス,牡3,57.0,藤岡佑介,1:57.5,3,27.2,6.0,478(+2),[東] 森一誠,202508020311
5,6,9,ヒルノハンブルク,牡3,57.0,坂井瑠星,1:57.6,1,33.7,7.0,460(-2),[西] 武英智,202508020311
6,3,3,ナンヨーパワフル,牡3,57.0,鮫島克駿,1:57.8,1.1/4,109.0,11.0,548(+8),[西] 松永幹夫,202508020311
7,8,12,ヴィリアリート,牝3,55.0,和田竜二,1:58.5,4,13.6,5.0,532(-6),[西] 西村真幸,202508020311
8,7,11,テスティモーネ,牡3,57.0,菱田裕二,1:58.6,1/2,9.6,4.0,512(0),[西] 大根田裕,202508020311
9,1,1,ベルベルコンパス,牡3,57.0,北村友一,1:58.7,クビ,51.9,9.0,544(+2),[西] 小栗実,202508020311
10,8,13,チュウジョウ,牡3,57.0,シュタル,1:59.0,2,152.3,12.0,500(-4),[西] 杉山佳明,202508020311
11,5,6,ゴッドエスパーダ,牡3,57.0,角田大和,1:59.2,1.1/4,40.2,8.0,474(-6),[西] 角田晃一,202508020311
12,2,2,サイモンシュバリエ,牡3,57.0,川須栄彦,1:59.5,2,384.8,13.0,474(0),[西] 梅田智之,202508020311
13,5,7,スマートカイロス,牡3,57.0,岩田望来,2:04.6,大,67.3,10.0,518(-8),[西] 矢作芳人,202508020311
1,6,11,アガシ,セ4,58.0,田口貫太,1:10.9,,13.0,8.0,486(-6),[西] 庄野靖志,202508020312
2,7,13,フェンダー,牡4,58.0,団野大成,1:10.9,アタマ,11.1,5.0,518(+2),[西] 斉藤崇史,202508020312
3,8,16,プロテア,セ5,55.0,森田誠也,1:11.2,1.1/2,24.0,9.0,470(-4),[西] 宮本博,202508020312
4,6,12,イミュータブル,牡5,58.0,坂井瑠星,1:11.2,クビ,6.5,3.0,478(0),[西] 浜田多実,202508020312
5,4,7,ストリンジェンド,牡5,58.0,池添謙一,1:11.3,1/2,71.0,12.0,482(+2),[西] 加藤公太,202508020312
6,7,14,エコロネオ,牡4,58.0,渡辺竜也,1:11.4,アタマ,10.4,4.0,484(-4),[西] 森秀行,202508020312
7,2,4,ザウリ,牡6,58.0,岩田望来,1:11.5,1/2,12.7,7.0,534(-8),[西] 森田直行,202508020312
8,3,6,ビバップ,牡4,57.0,吉村誠之,1:11.5,クビ,12.2,6.0,488(+4),[西] 清水久詞,202508020312
9,4,8,オコタンペ,牡4,58.0,レーン,1:11.7,1.1/4,3.0,1.0,494(-2),[西] 須貝尚介,202508020312
10,1,1,ビップシュプリーム,牝6,56.0,鮫島克駿,1:11.7,クビ,37.7,10.0,514(+2),[西] 松下武士,202508020312
11,5,10,モンシュマン,牡4,58.0,岩田康誠,1:12.1,2.1/2,4.5,2.0,470(-2),[西] 上村洋行,202508020312
12,1,2,アポロプラネット,牡6,58.0,菱田裕二,1:12.3,3/4,169.7,14.0,500(0),[東] 伊藤圭三,202508020312
13,2,3,ゼンノツキヨミ,牝4,56.0,シュタル,1:12.4,1,56.0,11.0,446(+6),[西] 秋山真一,202508020312
14,3,5,カツラノキサノキ,牡4,58.0,角田大和,1:12.6,3/4,262.7,15.0,490(-2),[西] 庄野靖志,202508020312
15,5,9,ヴァクストゥーム,牡8,58.0,水口優也,1:12.6,ハナ,367.2,16.0,468(0),[西] 吉田直弘,202508020312
16,8,15,プレヴィスト,牝4,55.0,高杉吏麒,1:13.6,6,88.5,13.0,466(-4),[西] 池添学,202508020312
1,7,14,コパノマロン,牝3,55.0,岩田望来,1:12.8,,12.0,6.0,448(+2),[西] 加藤公太,202508020401
2,8,16,マダムイグレイン,牝3,55.0,大野拓弥,1:13.1,1.1/2,18.7,7.0,492(0),[西] 飯田祐史,202508020401
3,8,15,デュアルタスク,セ3,57.0,鮫島克駿,1:13.6,3.1/2,6.2,3.0,460(+2),[西] 小栗実,202508020401
4,6,11,アンピュルシオン,牝3,55.0,横山和生,1:13.8,1.1/4,3.6,2.0,450(0),[西] 庄野靖志,202508020401
5,1,1,ワンダーブリング,牡3,57.0,太宰啓介,1:13.9,クビ,218.1,13.0,538(+4),[西] 石橋守,202508020401
6,3,5,ウルスクローム,牡3,57.0,松山弘平,1:14.0,1/2,3.5,1.0,476(0),[西] 大橋勇樹,202508020401
7,2,3,ヴィオレンツァ,牡3,57.0,藤岡佑介,1:14.1,1,7.1,4.0,446(+2),[西] 福永祐一,202508020401
8,3,6,ソイジャガー,牝3,55.0,川須栄彦,1:14.2,3/4,75.7,10.0,454(+2),[西] 中尾秀正,202508020401
9,6,12,エナドライブ,牝3,55.0,岡田祥嗣,1:14.4,1,84.5,11.0,446(0),[西] 吉田直弘,202508020401
10,1,2,イモルテル,セ3,56.0,吉村誠之,1:14.8,2.1/2,23.4,8.0,508(+6),[西] 清水久詞,202508020401
11,2,4,メイショウツクモ,牝3,55.0,丹内祐次,1:15.1,1.1/2,185.3,12.0,412(+10),[西] 安達昭夫,202508020401
12,5,9,マイティーパワー,牡3,57.0,城戸義政,1:15.2,3/4,357.5,15.0,524(-14),[西] 荒川義之,202508020401
13,7,13,ノヴァエスペランサ,牡3,57.0,池添謙一,1:15.3,クビ,56.3,9.0,492(0),[西] 池添学,202508020401
14,5,10,タンテドヴィーヴル,牡3,57.0,団野大成,1:15.3,クビ,11.6,5.0,490(+14),[西] 斉藤崇史,202508020401
15,4,7,クリノランシャーク,牡3,57.0,和田翼,1:15.4,1/2,392.2,16.0,452(-11),[西] 谷潔,202508020401
16,4,8,ノボリミッション,牡3,54.0,森田誠也,1:19.7,大,309.5,14.0,472(0),[西] 石橋守,202508020401
1,5,8,スコーピオンイメル,牡3,57.0,武豊,1:53.8,,2.3,1.0,494(+4),[西] 武英智,202508020402
2,7,11,パドロック,牡3,57.0,幸英明,1:53.8,クビ,6.3,3.0,502(-2),[西] 橋口慎介,202508020402
3,2,2,エルクレスタワー,牡3,57.0,岩田康誠,1:54.3,3,2.7,2.0,472(-4),[西] 吉岡辰弥,202508020402
4,4,6,オリジナルファイン,牝3,54.0,吉村誠之,1:54.4,クビ,28.4,8.0,498(-2),[西] 清水久詞,202508020402
5,3,4,ヤヌシサンダー,牡3,57.0,川又賢治,1:55.4,6,401.2,13.0,432(-2),[西] 牧田和弥,202508020402
6,4,5,インターステラ,牡3,57.0,大野拓弥,1:55.5,1/2,178.3,9.0,470(-6),[東] 中舘英二,202508020402
7,3,3,ルミナヴィクター,牡3,57.0,菅原明良,1:55.6,3/4,287.8,11.0,442(-6),[西] 矢作芳人,202508020402
8,8,13,ゼンノソブリン,牡3,57.0,北村友一,1:55.8,1.1/4,18.5,5.0,480(+6),[西] 四位洋文,202508020402
9,5,7,オーラエグザート,牡3,56.0,高杉吏麒,1:55.9,1/2,17.7,4.0,440(-2),[西] 藤岡健一,202508020402
10,6,9,ナムラクレープ,牝3,55.0,太宰啓介,1:56.2,1.1/2,348.3,12.0,454(+4),[西] 大橋勇樹,202508020402
11,1,1,ブレスドナイル,牝3,55.0,松山弘平,1:56.8,3.1/2,25.6,6.0,432(-2),[西] 北出成人,202508020402
12,7,12,ゲンタツ,牡3,54.0,森田誠也,1:56.9,1/2,502.9,14.0,496(0),[西] 中竹和也,202508020402
13,6,10,オーウェンズバレー,牡3,57.0,丹内祐次,1:57.1,1.1/4,184.8,10.0,486(-4),[西] 宮徹,202508020402
14,8,14,マサムネ,牡3,57.0,団野大成,1:57.3,1,25.9,7.0,492(-6),[西] 飯田祐史,202508020402
1,5,10,サンタンカ,牡3,57.0,岩田望来,1:21.4,,15.8,8.0,518(+4),[西] 千田輝彦,202508020403
2,1,1,ロンティケチャップ,牡3,57.0,岩田康誠,1:21.8,2.1/2,9.1,3.0,500(0),[西] 牧田和弥,202508020403
3,5,9,マゴイチタ,セ3,57.0,菱田裕二,1:21.9,3/4,12.6,7.0,456(+2),[西] 武英智,202508020403
4,7,14,リリーオブザハート,牝3,55.0,鮫島克駿,1:22.0,3/4,7.8,2.0,422(-4),[西] 辻野泰之,202508020403
5,1,2,ニホンピロマーベル,牡3,57.0,川須栄彦,1:22.2,3/4,105.6,13.0,484(+2),[西] 中尾秀正,202508020403
6,2,3,コロケーション,牝3,54.0,吉村誠之,1:22.2,ハナ,9.6,4.0,448(+4),[西] 安田翔伍,202508020403
7,8,18,テキサスツイスター,牡3,57.0,武豊,1:22.4,1.1/4,10.0,5.0,506(-6),[西] 須貝尚介,202508020403
8,4,7,プラウドメアリー,牝3,55.0,川又賢治,1:22.4,1/2,31.7,11.0,414(0),[西] 杉山佳明,202508020403
9,4,8,ダブルシルバー,牡3,57.0,藤岡佑介,1:22.5,1/2,12.4,6.0,462(+4),[西] 小椋研介,202508020403
10,3,6,タガノミモザ,牝3,55.0,太宰啓介,1:22.6,クビ,350.2,17.0,472(+2),[西] 秋山真一,202508020403
11,7,15,レフレクシオ,牝3,55.0,団野大成,1:22.6,クビ,17.7,10.0,446(-2),[西] 斉藤崇史,202508020403
12,3,5,フリアフロリダ,牝3,53.0,北村友一,1:22.8,1,3.0,1.0,456(+6),[西] 小栗実,202508020403
13,8,16,セレーネアステール,牝3,55.0,松山弘平,1:22.9,クビ,17.7,9.0,402(-2),[西] 武幸四郎,202508020403
14,6,11,サンマルメロディー,牝3,54.0,高杉吏麒,1:23.0,3/4,154.1,16.0,434(0),[西] 千田輝彦,202508020403
15,2,4,ローレルランウェイ,牝3,55.0,横山和生,1:23.2,1.1/4,126.8,15.0,438(-4),[西] 昆貢,202508020403
16,8,17,カフジウヴァ,牡3,57.0,池添謙一,1:24.0,5,126.8,14.0,456(+4),[西] 中竹和也,202508020403
17,7,13,ピエナイオス,牝3,52.0,森田誠也,1:24.2,1.1/4,742.3,18.0,416(-4),[西] 長谷川浩,202508020403
18,6,12,ブロンドエール,牝3,55.0,シュタル,1:25.4,7,45.5,12.0,428(+4),[西] 中村直也,202508020403
1,7,10,ダノンジョーカー,牡3,57.0,川田将雅,2:00.8,,1.5,1.0,486(+2),[西] 中内田充,202508020404
2,7,11,ポテチ,牡3,57.0,和田竜二,2:01.1,2,43.0,5.0,394(-6),[西] 鈴木孝志,202508020404
3,5,7,キャニオンデシェイ,牡3,57.0,レーン,2:01.4,1.3/4,2.8,2.0,490(+6),[西] 友道康夫,202508020404
4,6,8,ウインヘリオドール,牡3,57.0,松山弘平,2:01.4,クビ,22.6,4.0,502(0),[西] 梅田智之,202508020404
5,8,12,ポジターノ,牝3,54.0,高杉吏麒,2:01.8,2.1/2,118.1,7.0,410(-2),[西] 飯田祐史,202508020404
6,6,9,モズプリヴェール,牡3,57.0,幸英明,2:02.0,1.1/2,225.1,10.0,498(-2),[西] 森田直行,202508020404
7,5,6,ルーメン,牝3,52.0,森田誠也,2:02.1,1/2,492.7,13.0,414(+6),[西] 前川恭子,202508020404
8,4,4,コスモメモラブル,牝3,55.0,野中悠太,2:02.3,1.1/4,287.8,11.0,396(0),[西] 梅田智之,202508020404
9,2,2,コスモナッシュビル,牡3,57.0,丹内祐次,2:02.5,3/4,12.3,3.0,506(-2),[西] 吉田直弘,202508020404
10,8,13,ショウナンマハト,牝3,54.0,吉村誠之,2:02.6,3/4,43.6,6.0,438(-6),[西] 清水久詞,202508020404
11,1,1,モンサンケイティ,牝3,55.0,鮫島良太,2:02.9,1.3/4,312.0,12.0,418(0),[西] 河嶋宏樹,202508020404
12,4,5,キタノニーソング,牡3,57.0,川須栄彦,2:03.0,3/4,142.1,8.0,454(-6),[西] 坂口智康,202508020404
13,3,3,マグナドムス,牡3,57.0,菅原明良,2:04.7,10,157.4,9.0,468(+1),[西] 矢作芳人,202508020404
1,5,8,ダノンフィーゴ,牡3,57.0,レーン,1:24.0,,4.8,3.0,466(0),[西] 友道康夫,202508020405
2,3,4,ユウトザレン,牡3,56.0,高杉吏麒,1:24.0,クビ,20.9,7.0,478(+2),[西] 千田輝彦,202508020405
3,8,14,グランキングオー,牡3,57.0,岩田望来,1:24.4,2,11.0,5.0,452(+2),[西] 高橋康之,202508020405
4,2,2,タイセイディアマン,牡3,57.0,幸英明,1:24.5,1,47.1,10.0,454(-2),[西] 大橋勇樹,202508020405
5,2,3,トゥインクルアップ,牝3,55.0,鮫島克駿,1:24.6,1/2,205.9,13.0,476(-8),[西] 杉山佳明,202508020405
6,7,12,ストップヤーニング,牡3,57.0,菅原明良,1:24.8,1,6.1,4.0,436(0),[西] 羽月友彦,202508020405
7,5,9,エナジーガンツ,牡3,57.0,菱田裕二,1:24.8,アタマ,119.9,12.0,490(+6),[西] 小椋研介,202508020405
8,3,5,ダイシンリンク,牡3,57.0,川田将雅,1:24.9,クビ,16.2,6.0,452(-2),[西] 森秀行,202508020405
9,4,7,メイショウハチロー,牡3,57.0,武豊,1:24.9,クビ,4.3,2.0,490(+6),[西] 福永祐一,202508020405
10,7,13,ミヤジマナ,牝3,55.0,浜中俊,1:25.1,1.1/4,3.4,1.0,522(+6),[西] 宮地貴稔,202508020405
11,6,11,リンゲルブルーメ,牝3,55.0,松山弘平,1:25.7,3.1/2,46.4,9.0,478(-2),[西] 池添学,202508020405
12,4,6,ケイアイマハナ,牡3,57.0,荻野琢真,1:25.8,1/2,409.5,15.0,490(0),[西] 秋山真一,202508020405
13,1,1,スリーピース,牡3,57.0,シュタル,1:26.5,4,33.0,8.0,466(0),[東] 武井亮,202508020405
14,8,15,ヒデノブルースカイ,牡3,57.0,藤岡佑介,1:27.3,5,67.8,11.0,424(+2),[西] 梅田智之,202508020405
15,6,10,サンライズアレス,牡3,54.0,森田誠也,1:28.5,7,296.2,14.0,538(+8),[西] 前川恭子,202508020405
1,2,2,タマモナポリ,牝4,56.0,岩田康誠,1:54.4,,1.5,1.0,462(-2),[西] 河嶋宏樹,202508020406
2,3,3,ヒラリーステップ,牝5,56.0,丹内祐次,1:54.4,クビ,24.9,6.0,490(-1),[東] 天間昭一,202508020406
3,1,1,スナークメモリー,牝5,56.0,和田竜二,1:54.7,1.1/2,23.0,5.0,434(+2),[西] 宮地貴稔,202508020406
4,5,5,ステラスプレンダー,牝4,55.0,吉村誠之,1:54.7,ハナ,4.7,2.0,448(+8),[西] 石坂公一,202508020406
5,7,7,シゲルオトヒメ,牝6,55.0,高杉吏麒,1:54.7,クビ,5.4,3.0,428(-2),[西] 谷潔,202508020406
6,6,6,デンタルフロス,牝4,56.0,川須栄彦,1:54.7,クビ,35.2,7.0,430(0),[西] 高橋一哉,202508020406
7,4,4,ニホンピロマリンバ,牝4,53.0,森田誠也,1:54.8,1/2,11.2,4.0,486(-2),[西] 安達昭夫,202508020406
1,8,9,ミッキースターダム,セ4,58.0,丹内祐次,1:34.0,,6.2,4.0,450(-4),[西] 前川恭子,202508020407
2,1,1,マーシーラン,牝4,56.0,藤岡佑介,1:34.4,2,4.5,3.0,464(-2),[西] 渡辺薫彦,202508020407
3,8,8,ジャズ,牡4,58.0,浜中俊,1:35.0,4,3.4,2.0,476(-4),[西] 辻野泰之,202508020407
4,6,6,ダイシンビヨンド,牝6,56.0,シュタル,1:35.0,アタマ,11.4,5.0,460(-6),[西] 梅田智之,202508020407
5,7,7,ラガークイン,牝4,56.0,松山弘平,1:35.4,2,2.5,1.0,422(+2),[西] 大久保龍,202508020407
6,2,2,ミッドナイトホーク,セ4,58.0,幸英明,1:35.6,1.1/4,95.5,7.0,474(-4),[西] 宮地貴稔,202508020407
7,3,3,ホウオウペトリュス,牝4,56.0,横山和生,1:35.6,クビ,48.1,6.0,450(-4),[西] 須貝尚介,202508020407
8,5,5,ラブカヒルー,牝6,56.0,菱田裕二,1:35.8,1.1/4,290.1,9.0,452(+2),[西] 森田直行,202508020407
9,4,4,ロゼアクアリオ,牝5,56.0,荻野琢真,1:36.7,5,242.3,8.0,394(-2),[西] 加藤公太,202508020407
1,4,4,ミッキースピネル,牝4,56.0,川田将雅,1:46.3,,2.5,1.0,480(0),[西] 中内田充,202508020408
2,2,2,エルフストラック,牝4,56.0,レーン,1:46.5,1.1/4,4.3,2.0,488(+2),[西] 中村直也,202508020408
3,6,6,タケトンボ,牝6,56.0,丹内祐次,1:46.6,3/4,9.9,5.0,460(0),[西] 宮徹,202508020408
4,1,1,ファミリーツリー,牝4,56.0,武豊,1:46.8,1,4.4,3.0,444(-2),[西] 河嶋宏樹,202508020408
5,5,5,ビターグラッセ,牝5,56.0,横山和生,1:46.8,ハナ,18.4,6.0,500(-18),[東] 栗田徹,202508020408
6,3,3,ラレーヌデリス,牝5,56.0,北村友一,1:46.9,1,26.3,7.0,468(+12),[西] 安田翔伍,202508020408
7,7,7,スターリングアップ,牝4,56.0,池添謙一,1:47.4,3,6.3,4.0,442(+2),[西] 松永幹夫,202508020408
1,3,3,カネトシゴウト,牡4,58.0,幸英明,1:59.5,,5.6,3.0,464(-4),[西] 大橋勇樹,202508020409
2,5,5,カゼノランナー,牡4,58.0,藤岡佑介,1:59.6,3/4,2.2,1.0,528(+2),[西] 松永幹夫,202508020409
3,8,10,アラレタバシル,牡4,58.0,野中悠太,2:00.1,3,6.1,4.0,460(-4),[東] 根本康広,202508020409
4,1,1,ホルトバージ,牡4,58.0,武豊,2:00.1,アタマ,3.5,2.0,478(+4),[西] 寺島良,202508020409
5,8,9,パーサヴィアランス,牡6,58.0,鮫島克駿,2:00.6,3,19.5,5.0,462(-10),[西] 西村真幸,202508020409
6,7,8,メジェド,牡5,58.0,高杉吏麒,2:00.8,1.1/2,68.2,7.0,544(-4),[西] 佐々木晶,202508020409
7,7,7,ゼットレジーナ,牝4,56.0,和田竜二,2:01.7,5,111.6,10.0,430(+2),[西] 吉田直弘,202508020409
8,4,4,ブループリマドンナ,牝4,56.0,古川吉洋,2:01.9,1.1/2,79.2,8.0,470(0),[西] 小林真也,202508020409
9,2,2,フォーワンセルフ,牡6,58.0,丹内祐次,2:03.1,7,81.4,9.0,518(-6),[東] 小手川準,202508020409
10,6,6,ショウナンハウル,牡4,58.0,池添謙一,2:03.4,1.3/4,61.8,6.0,512(+8),[西] 松下武士,202508020409
1,4,4,ヤマニンアルリフラ,牡4,58.0,団野大成,1:08.2,,4.5,2.0,482(-4),[西] 斉藤崇史,202508020410
2,6,9,バンドシェル,牡4,58.0,丹内祐次,1:08.4,1.1/4,15.8,5.0,482(0),[西] 西村真幸,202508020410
3,5,7,アンクルクロス,牡4,58.0,レーン,1:08.4,アタマ,2.3,1.0,468(-6),[西] 高橋亮,202508020410
4,4,5,パクスロマーナ,牝5,56.0,川須栄彦,1:08.7,1.3/4,53.0,12.0,436(+8),[西] 加藤公太,202508020410
5,5,6,ポエットリー,牝4,56.0,鮫島克駿,1:08.7,ハナ,28.2,7.0,478(+6),[西] 平田修,202508020410
6,3,3,シカゴスティング,牝4,56.0,川田将雅,1:08.7,アタマ,6.5,3.0,448(+2),[西] 庄野靖志,202508020410
7,6,8,エイムインライフ,牝5,56.0,松山弘平,1:08.8,3/4,37.8,9.0,488(+8),[西] 角田晃一,202508020410
8,7,11,ダルエスサラーム,牝5,56.0,吉村誠之,1:08.9,クビ,50.7,11.0,466(-2),[西] 秋山真一,202508020410
9,8,13,マキアージュ,牝6,56.0,高杉吏麒,1:08.9,クビ,77.5,13.0,460(0),[東] 菊川正達,202508020410
10,8,12,ミルテンベルク,牡4,58.0,武豊,1:08.9,クビ,8.7,4.0,484(-8),[西] 武英智,202508020410
11,2,2,リシャールケリー,牡5,58.0,池添謙一,1:09.2,1.3/4,30.9,8.0,516(+8),[西] 茶木太樹,202508020410
12,1,1,アララララ,牡4,58.0,菅原明良,1:09.4,1.1/4,17.7,6.0,442(-6),[東] 清水英克,202508020410
13,7,10,オックスリップ,牝5,56.0,菱田裕二,1:10.8,8,47.0,10.0,462(+2),[西] 佐藤悠太,202508020410
1,4,6,ヘデントール,牡4,58.0,レーン,3:14.0,,3.1,1.0,478(-4),[東] 木村哲也,202508020411
2,8,14,ビザンチンドリーム,牡4,58.0,シュタル,3:14.0,アタマ,11.6,6.0,454(0),[西] 坂口智康,202508020411
3,5,8,ショウナンラプンタ,牡4,58.0,武豊,3:14.5,3,9.7,4.0,542(0),[西] 高野友和,202508020411
4,3,5,サンライズアース,牡4,58.0,池添謙一,3:14.8,2,4.5,2.0,530(+4),[西] 石坂公一,202508020411
5,6,11,マイネルエンペラー,牡5,58.0,丹内祐次,3:15.0,1.1/4,19.7,8.0,488(0),[西] 清水久詞,202508020411
6,7,13,ジャスティンパレス,牡6,58.0,鮫島克駿,3:15.1,クビ,4.9,3.0,474(0),[西] 杉山晴紀,202508020411
7,5,9,シュヴァリエローズ,牡7,58.0,北村友一,3:15.7,3.1/2,31.4,9.0,468(+2),[西] 清水久詞,202508020411
8,2,3,ブローザホーン,牡6,58.0,菅原明良,3:15.9,1,11.4,5.0,434(0),[西] 吉岡辰弥,202508020411
9,7,12,ワープスピード,牡6,58.0,横山和生,3:17.0,7,117.8,11.0,508(+2),[東] 高木登,202508020411
10,4,7,プラダリア,牡6,58.0,松山弘平,3:17.1,1,57.0,10.0,476(+2),[西] 池添学,202508020411
11,8,15,ハヤテノフクノスケ,牡4,58.0,岩田望来,3:17.5,2.1/2,17.5,7.0,536(-4),[西] 中村直也,202508020411
12,2,2,ウインエアフォルク,牡8,58.0,幸英明,3:20.0,大,278.9,15.0,484(+4),[東] 根本康広,202508020411
13,6,10,リミットバスター,牡5,58.0,岩田康誠,3:20.3,1.1/2,249.4,14.0,524(0),[西] 杉山晴紀,202508020411
14,3,4,ジャンカズマ,牡7,58.0,野中悠太,3:20.4,1/2,193.8,12.0,488(-4),[東] 西田雄一,202508020411
15,1,1,アラタ,牡8,58.0,大野拓弥,3:20.4,アタマ,200.2,13.0,468(-14),[東] 和田勇介,202508020411
1,8,16,キタノズエッジ,牡4,56.0,古川吉洋,1:10.2,,4.3,1.0,534(0),[西] 畑端省吾,202508020412
2,6,12,カフジエニアゴン,牝6,54.0,和田竜二,1:10.3,3/4,30.7,9.0,520(0),[西] 杉山佳明,202508020412
3,8,15,サザンエルフ,牝6,55.0,横山和生,1:10.3,アタマ,18.9,7.0,482(0),[東] 中川公成,202508020412
4,7,14,ムーム,牝4,53.0,川又賢治,1:10.3,ハナ,12.4,5.0,466(+4),[西] 杉山佳明,202508020412
5,2,4,タガノミスト,牝4,54.0,松山弘平,1:10.6,1.3/4,4.7,3.0,480(-2),[西] 渡辺薫彦,202508020412
6,6,11,アロットドリーム,牝5,53.0,太宰啓介,1:10.6,ハナ,96.1,14.0,454(+2),[西] 本田優,202508020412
7,5,9,キタノソワレ,牝4,54.0,鮫島良太,1:10.8,1.1/2,31.6,10.0,474(0),[東] 本間忍,202508020412
8,3,6,メイショウホウレン,牡4,56.0,武豊,1:10.9,1/2,4.4,2.0,510(0),[西] 安達昭夫,202508020412
9,1,2,ブレーザー,牡4,54.0,菱田裕二,1:11.0,クビ,107.8,16.0,524(+4),[東] 伊坂重信,202508020412
10,4,7,ネイト,牝6,53.0,吉村誠之,1:11.1,3/4,14.7,6.0,458(+8),[西] 小栗実,202508020412
11,1,1,パルデンス,牡7,55.0,丹内祐次,1:11.1,アタマ,47.1,11.0,498(+12),[東] 森一誠,202508020412
12,4,8,カミーロ,牡5,57.0,幸英明,1:11.2,クビ,6.6,4.0,490(0),[西] 石橋守,202508020412
13,2,3,ミラバーグマン,牝7,54.0,鮫島克駿,1:11.5,1.3/4,89.2,12.0,470(+8),[西] 西村真幸,202508020412
14,5,10,ダルダヌス,牡6,55.0,藤岡佑介,1:11.6,1,107.1,15.0,554(-16),[東] 尾関知人,202508020412
15,3,5,ミユキアイラブユー,セ6,56.0,菅原明良,1:11.7,1/2,26.7,8.0,566(0),[東] 小島茂之,202508020412
16,7,13,ゴッドセンド,牡5,54.0,浜中俊,1:11.9,1.1/2,90.8,13.0,500(0),[西] 浜田多実,202508020412
1,5,9,ステアハート,牝3,55.0,坂井瑠星,1:22.6,,3.6,2.0,472(-4),[西] 新谷功一,202508020501
2,3,6,ルクスデイジー,牝3,55.0,川田将雅,1:22.7,1,2.9,1.0,460(+2),[西] 高橋亮,202508020501
3,1,2,クインズメレンゲ,牝3,55.0,田口貫太,1:23.9,7,61.5,10.0,454(-4),[西] 吉岡辰弥,202508020501
4,4,8,サッポロキタコ,牝3,55.0,浜中俊,1:24.4,3,7.7,4.0,476(+2),[西] 田中克典,202508020501
5,8,16,ゴーオンパーパス,牝3,54.0,吉村誠之,1:24.5,クビ,18.8,6.0,428(+4),[西] 長谷川浩,202508020501
6,3,5,ハヤブサオヒメサマ,牝3,51.0,河原田菜,1:24.8,2,17.1,5.0,440(-4),[西] 渡辺薫彦,202508020501
7,6,12,ナリタヒカリ,牝3,55.0,和田竜二,1:25.2,2.1/2,4.2,3.0,432(0),[西] 荒川義之,202508020501
8,8,15,テンペスタリー,牝3,55.0,川須栄彦,1:25.3,3/4,388.8,16.0,402(-6),[西] 長谷川浩,202508020501
9,2,4,シャンクドール,牝3,55.0,太宰啓介,1:25.7,2.1/2,265.9,14.0,468(0),[西] 石橋守,202508020501
10,7,14,アイブリンク,牝3,55.0,松若風馬,1:26.2,3,19.7,7.0,466(+4),[西] 大久保龍,202508020501
11,2,3,ミンストレルソング,牝3,55.0,シュタル,1:26.4,3/4,100.2,12.0,450(0),[西] 秋山真一,202508020501
12,6,11,ベラヴィットーリア,牝3,55.0,松山弘平,1:26.4,クビ,27.6,8.0,518(+18),[西] 高柳大輔,202508020501
13,4,7,オメガセレナーデ,牝3,55.0,岩田康誠,1:26.6,1,114.9,13.0,426(+2),[西] 辻野泰之,202508020501
14,1,1,エリカサンタモニカ,牝3,55.0,Ｍ．デム,1:27.9,8,81.6,11.0,452(-2),[西] 茶木太樹,202508020501
15,7,13,クリフウォーク,牝3,55.0,北村友一,1:28.8,5,44.6,9.0,470(+12),[西] 池添学,202508020501
16,5,10,メイショウワタユキ,牝3,52.0,田山旺佑,1:29.1,1.3/4,377.8,15.0,442(0),[西] 安達昭夫,202508020501
1,5,10,メリトーリアス,牡3,57.0,松若風馬,1:59.7,,17.8,7.0,526(+2),[西] 東田明士,202508020502
2,1,1,ショウリュウアサヒ,牡3,57.0,岩田康誠,1:59.8,1/2,8.0,5.0,470(+10),[西] 四位洋文,202508020502
3,4,7,カガセブンスター,牡3,56.0,高杉吏麒,2:00.3,3,192.4,16.0,450(-4),[西] 安達昭夫,202508020502
4,8,16,コロニス,牝3,55.0,Ｍ．デム,2:00.3,アタマ,7.0,4.0,556(0),[西] 杉山佳明,202508020502
5,3,5,ルセルマンダムール,牡3,56.0,吉村誠之,2:00.5,1,2.7,1.0,480(0),[西] 松永幹夫,202508020502
6,4,8,ライジングショット,牡3,57.0,川又賢治,2:00.8,2,6.6,3.0,522(-4),[西] 吉村圭司,202508020502
7,6,11,シャドーストライク,牡3,57.0,松山弘平,2:00.9,3/4,5.7,2.0,478(+2),[西] 茶木太樹,202508020502
8,2,3,ベルエアフォース,牡3,57.0,シュタル,2:01.1,1,13.3,6.0,520(+4),[西] 野中賢二,202508020502
9,3,6,ターミネーター,牡3,57.0,浜中俊,2:01.4,1.1/2,33.1,10.0,444(0),[西] 笹田和秀,202508020502
10,1,2,ポジティビティ,牡3,57.0,泉谷楓真,2:01.4,クビ,54.6,12.0,468(-4),[西] 飯田祐史,202508020502
11,2,4,ヴェルトツィール,牡3,57.0,荻野極,2:01.5,クビ,116.4,14.0,522(+6),[西] 東田明士,202508020502
12,8,15,セルマン,牡3,57.0,川須栄彦,2:01.9,2.1/2,32.8,9.0,562(+4),[西] 田中克典,202508020502
13,7,14,ガウラサンダー,牡3,57.0,田口貫太,2:02.0,クビ,31.3,8.0,466(0),[西] 高柳大輔,202508020502
14,5,9,バティストゥータ,牡3,57.0,国分優作,2:02.1,3/4,86.6,13.0,552(0),[西] 清水久詞,202508020502
15,7,13,ガンナール,牡3,53.0,河原田菜,2:03.0,5,51.8,11.0,476(-2),[西] 宮本博,202508020502
16,6,12,イイデテッシン,牡3,57.0,和田竜二,2:04.1,7,148.9,15.0,514(0),[西] 北出成人,202508020502
1,7,15,クイーンズデイ,牝3,55.0,池添謙一,1:21.8,,41.2,9.0,450(+2),[西] 岡田稲男,202508020503
2,3,6,セクシーマージュ,牝3,55.0,坂井瑠星,1:21.9,クビ,5.6,5.0,422(+4),[西] 小椋研介,202508020503
3,5,10,ケイアイテア,牡3,57.0,国分優作,1:22.1,1.1/4,212.0,15.0,494(+4),[西] 梅田智之,202508020503
4,2,3,キーブリーゼ,牡3,57.0,田口貫太,1:22.4,2,13.0,6.0,490(+6),[西] 宮徹,202508020503
5,7,14,サマンサバローズ,牝3,54.0,吉村誠之,1:22.5,1,3.8,1.0,464(0),[西] 斉藤崇史,202508020503
6,6,12,ドバイミッション,牡3,57.0,シュタル,1:22.6,クビ,5.5,4.0,548(-2),[西] 辻野泰之,202508020503
7,5,9,レインオンミー,牡3,57.0,川田将雅,1:23.0,2.1/2,5.4,2.0,486(+4),[西] 福永祐一,202508020503
8,6,11,ルージュカリーナ,牝3,55.0,松若風馬,1:23.1,3/4,45.3,10.0,436(+6),[西] 東田明士,202508020503
9,8,16,トウカイフルーレ,牡3,56.0,高杉吏麒,1:23.3,1,16.2,7.0,440(0),[西] 野中賢二,202508020503
10,4,7,クロスレート,牡3,57.0,水口優也,1:23.4,1,55.0,12.0,470(+22),[西] 羽月友彦,202508020503
11,1,2,セレスチャルホープ,牝3,55.0,岩田康誠,1:23.4,アタマ,50.9,11.0,496(0),[西] 茶木太樹,202508020503
12,4,8,アラモアナ,牡3,57.0,松山弘平,1:23.5,1/2,5.5,3.0,474(-10),[西] 奥村豊,202508020503
13,2,4,グラースオショコラ,牝3,55.0,川須栄彦,1:23.5,アタマ,206.0,13.0,462(-2),[西] 小林真也,202508020503
14,1,1,ライフク,牝3,55.0,荻野極,1:23.8,1.1/2,209.8,14.0,388(-7),[西] 小崎憲,202508020503
15,8,17,トップレディー,牝3,55.0,高倉稜,1:24.0,1.1/4,36.4,8.0,500(-2),[西] 北出成人,202508020503
16,8,18,デルマケプラー,牝3,52.0,橋木太希,1:24.1,1/2,352.9,17.0,446(0),[西] 高橋康之,202508020503
17,3,5,エールヴェガ,牝3,52.0,田山旺佑,1:24.6,3,245.5,16.0,424(-4),[西] 畑端省吾,202508020503
18,7,13,テイエムファルクス,牡3,57.0,和田竜二,1:26.0,9,406.5,18.0,502(+14),[西] 鈴木孝志,202508020503
1,7,10,アンジュアルディ,牝3,55.0,横山典弘,1:50.9,,5.8,3.0,462(-6),[西] 昆貢,202508020504
2,5,6,スカイビート,牝3,55.0,坂井瑠星,1:52.6,10,2.1,1.0,462(-6),[西] 野中賢二,202508020504
3,2,2,オーケーエンジェル,牝3,55.0,武豊,1:53.4,5,3.5,2.0,436(-12),[西] 笹田和秀,202508020504
4,4,4,ケングロリア,牝3,52.0,橋木太希,1:53.7,2,11.5,4.0,464(-4),[西] 高橋康之,202508020504
5,5,5,メイショウハマギク,牝3,54.0,高杉吏麒,1:53.8,1/2,13.1,5.0,496(+2),[西] 藤岡健一,202508020504
6,6,8,ガイラルディア,牝3,55.0,中井裕二,1:54.1,1.3/4,32.0,8.0,458(-2),[西] 藤野健太,202508020504
7,8,11,トーアカフウ,牝3,55.0,松若風馬,1:54.1,アタマ,27.0,7.0,426(+2),[西] 牧田和弥,202508020504
8,6,7,コリエドール,牝3,54.0,吉村誠之,1:54.6,3,16.2,6.0,452(+6),[西] 茶木太樹,202508020504
9,1,1,ワンハート,牝3,52.0,田山旺佑,1:55.1,3,54.0,9.0,428(+2),[西] 小崎憲,202508020504
10,7,9,モンサンケイティ,牝3,52.0,森田誠也,1:55.1,アタマ,227.0,12.0,414(-4),[西] 河嶋宏樹,202508020504
11,8,12,チャンドラマハル,牝3,55.0,田口貫太,1:55.3,3/4,74.0,10.0,502(0),[西] 松下武士,202508020504
12,3,3,ワンダーアンジェ,牝3,55.0,川又賢治,1:57.1,大,81.4,11.0,450(0),[西] 吉村圭司,202508020504
1,5,9,ライトトラック,牡3,57.0,和田竜二,1:48.0,,3.1,2.0,470(0),[西] 友道康夫,202508020505
2,7,12,マテンロウギフト,牡3,57.0,松山弘平,1:48.3,2,6.0,3.0,458(-10),[西] 茶木太樹,202508020505
3,5,8,コンドゥイア,牝3,55.0,坂井瑠星,1:48.6,2,3.1,1.0,468(+6),[西] 井上智史,202508020505
4,8,15,コリカンチャ,セ3,56.0,吉村誠之,1:48.9,1.1/2,21.6,7.0,480(-2),[西] 斉藤崇史,202508020505
5,6,11,シェーラ,牝3,51.0,河原田菜,1:49.3,2.1/2,9.4,5.0,420(+4),[西] 牧田和弥,202508020505
6,6,10,マサノイロハ,牡3,57.0,松若風馬,1:49.4,1,24.7,8.0,464(-2),[西] 藤野健太,202508020505
7,1,1,ウインエンデバー,牡3,56.0,高杉吏麒,1:49.7,1.3/4,108.6,12.0,454(-8),[西] 吉田直弘,202508020505
8,4,7,マグナドムス,牡3,54.0,古川奈穂,1:49.9,1,110.3,14.0,466(-2),[西] 矢作芳人,202508020505
9,7,13,チョウハチ,牡3,54.0,田山旺佑,1:49.9,アタマ,344.8,15.0,456(+2),[西] 高橋一哉,202508020505
10,8,14,ストームレーン,牡3,57.0,中井裕二,1:50.1,1.1/4,73.4,10.0,422(-2),[西] 緒方努,202508020505
11,2,3,サフランクイン,牝3,55.0,田口貫太,1:50.2,クビ,8.4,4.0,430(-2),[西] 渡辺薫彦,202508020505
12,4,6,スマイルラッシュ,牝3,55.0,北村友一,1:50.3,3/4,16.9,6.0,428(+4),[西] 藤原英昭,202508020505
13,3,5,メイショウボナンザ,牝3,52.0,森田誠也,1:50.5,1.1/4,41.0,9.0,486(-2),[西] 石橋守,202508020505
14,3,4,アラベスク,牝3,55.0,池添謙一,1:50.7,1.1/4,92.5,11.0,446(-2),[西] 浜田多実,202508020505
15,2,2,ワキノグラス,牝3,55.0,岩田康誠,1:52.6,大,110.2,13.0,440(0),[西] 高橋義忠,202508020505
1,3,6,セントールビースト,牡3,54.0,田山旺佑,1:10.5,,20.6,7.0,422(-2),[西] 羽月友彦,202508020506
2,2,4,ワンダラー,牡3,57.0,松山弘平,1:10.7,1,5.5,3.0,522(-6),[東] 黒岩陽一,202508020506
3,1,2,ルークススペイ,牡3,57.0,川田将雅,1:10.8,3/4,3.4,1.0,484(+2),[東] 伊藤圭三,202508020506
4,3,5,ボルセーナ,牝3,54.0,高杉吏麒,1:11.1,1.3/4,26.0,9.0,454(+6),[西] 奥村豊,202508020506
5,2,3,ツーピース,牝3,55.0,Ｍ．デム,1:11.1,アタマ,62.0,11.0,504(0),[西] 河嶋宏樹,202508020506
6,7,14,ルイステソーロ,牡3,57.0,中井裕二,1:11.1,アタマ,226.3,14.0,476(-6),[東] 畠山吉宏,202508020506
7,8,16,ヤマニンシュラ,牡3,54.0,森田誠也,1:11.2,1/2,7.5,4.0,466(-2),[西] 斉藤崇史,202508020506
8,5,10,ジャスパーソレイユ,牡3,57.0,武豊,1:11.4,1.1/4,21.9,8.0,466(-6),[西] 森秀行,202508020506
9,6,11,フェアリーメドウ,牝3,55.0,川須栄彦,1:11.5,3/4,68.9,12.0,466(+2),[西] 河嶋宏樹,202508020506
10,7,13,シークザドリーム,牡3,57.0,坂井瑠星,1:11.8,1.1/2,3.8,2.0,502(-2),[西] 中竹和也,202508020506
11,4,8,オトメナシャチョウ,牝3,55.0,松若風馬,1:11.9,1/2,13.6,6.0,480(+2),[西] 森秀行,202508020506
12,6,12,スレッドザニードル,牡3,57.0,和田竜二,1:11.9,クビ,52.1,10.0,478(-4),[西] 佐々木晶,202508020506
13,4,7,ショウナンアトレ,牡3,57.0,シュタル,1:12.0,クビ,104.3,13.0,466(+6),[西] 梅田智之,202508020506
14,1,1,カロローザ,牝3,54.0,吉村誠之,1:12.0,クビ,8.5,5.0,476(+14),[西] 松永幹夫,202508020506
15,8,15,ピーチマカロン,牝3,55.0,水口優也,1:12.2,1,249.6,15.0,464(+2),[西] 大根田裕,202508020506
16,5,9,アドバンテスロード,牡3,53.0,河原田菜,1:13.2,6,419.1,16.0,458(-2),[東] 斎藤誠,202508020506
1,1,1,レディーヴァリュー,牝4,56.0,武豊,2:01.6,,3.5,1.0,464(+22),[西] 小林真也,202508020507
2,4,4,トリオンファルマン,牝5,56.0,シュタル,2:02.1,3,89.0,8.0,450(+10),[西] 笹田和秀,202508020507
3,3,3,マテンロウゴールド,牡4,58.0,川田将雅,2:02.5,2.1/2,3.6,2.0,530(+10),[西] 中内田充,202508020507
4,2,2,ファームツエンティ,セ5,58.0,高倉稜,2:02.7,1,27.2,6.0,446(-4),[西] 北出成人,202508020507
5,5,5,キングピン,牡4,58.0,坂井瑠星,2:02.7,ハナ,3.9,3.0,512(+4),[西] 四位洋文,202508020507
6,7,8,サスケ,牡5,58.0,松山弘平,2:02.7,アタマ,4.3,4.0,462(0),[西] 西村真幸,202508020507
7,7,9,オーサムピクチャ,牝4,53.0,田山旺佑,2:02.8,1/2,101.1,9.0,416(+4),[西] 佐々木晶,202508020507
8,6,6,ヤマニンアラクリア,牡4,57.0,吉村誠之,2:02.8,アタマ,104.7,10.0,484(0),[西] 中村直也,202508020507
9,6,7,タマモランプ,牡4,58.0,池添謙一,2:02.8,クビ,8.2,5.0,460(-2),[西] 池添学,202508020507
10,8,11,マハナ,牝4,56.0,荻野極,2:03.3,3,61.9,7.0,434(+12),[西] 井上智史,202508020507
11,8,10,スナークサファイア,牝4,56.0,和田竜二,2:03.4,クビ,223.5,11.0,484(+4),[西] 宮地貴稔,202508020507
1,7,7,オーシンハーフ,セ4,58.0,池添謙一,1:51.2,,5.3,3.0,448(+6),[西] 高橋一哉,202508020508
2,3,3,シャハザマーン,牡4,58.0,松山弘平,1:51.5,2,2.8,2.0,474(-2),[西] 藤原英昭,202508020508
3,2,2,リアルペガサス,牡4,58.0,田口貫太,1:51.9,2,35.4,6.0,452(+2),[西] 大橋勇樹,202508020508
4,4,4,エリカヴェネチア,牝4,55.0,高杉吏麒,1:52.0,1,61.2,8.0,492(0),[西] 吉岡辰弥,202508020508
5,8,8,ストーンズ,牡4,58.0,川田将雅,1:52.1,3/4,2.1,1.0,512(+14),[西] 友道康夫,202508020508
6,5,5,テンエースワン,牡4,58.0,坂井瑠星,1:52.1,ハナ,9.7,4.0,472(-2),[西] 大久保龍,202508020508
7,6,6,アメリカンランナー,牡4,58.0,シュタル,1:54.5,大,11.9,5.0,478(-23),[西] 茶木太樹,202508020508
8,1,1,ワンダフルヘヴン,牝6,52.0,河原田菜,1:54.9,2.1/2,48.8,7.0,506(-6),[西] 今野貞一,202508020508
1,4,4,アルトゥーム,牡4,58.0,高杉吏麒,1:35.0,,2.9,1.0,440(+6),[西] 藤岡健一,202508020509
2,8,8,トーホウガレオン,牡5,58.0,田口貫太,1:35.1,3/4,6.1,5.0,520(+2),[西] 谷潔,202508020509
3,3,3,ベント,セ4,58.0,国分優作,1:35.3,1.1/2,132.3,8.0,436(+1),[西] 小崎憲,202508020509
4,5,5,オトコギアンパン,牡4,58.0,吉村誠之,1:35.3,アタマ,4.7,3.0,488(-2),[西] 小栗実,202508020509
5,1,1,サダメ,牝4,56.0,坂井瑠星,1:35.6,1.1/2,5.2,4.0,462(+4),[西] 畑端省吾,202508020509
6,7,7,ルヴァンノワール,牝7,56.0,荻野極,1:35.6,ハナ,72.0,6.0,464(+6),[西] 庄野靖志,202508020509
7,6,6,ケーブパール,牝4,56.0,武豊,1:36.0,2.1/2,3.1,2.0,436(+14),[西] 友道康夫,202508020509
8,2,2,レゾンドゥスリール,セ7,58.0,松若風馬,1:36.0,クビ,103.6,7.0,462(+4),[西] 辻野泰之,202508020509
1,8,8,ダノンフロイデ,牡6,58.0,松山弘平,2:01.1,,6.5,4.0,482(+2),[西] 坂口智康,202508020510
2,2,2,ステラクラウン,牝4,56.0,岩田康誠,2:01.3,1.1/2,1.9,1.0,498(+2),[西] 上村洋行,202508020510
3,4,4,ライフセービング,牡4,58.0,田口貫太,2:01.7,2.1/2,4.4,2.0,452(-4),[西] 宮徹,202508020510
4,6,6,ハイディージェン,牡4,58.0,高杉吏麒,2:02.1,2,5.5,3.0,488(+2),[西] 森田直行,202508020510
5,1,1,イーサンアイ,牡6,58.0,国分優作,2:02.3,1.1/4,101.2,7.0,468(+2),[西] 河嶋宏樹,202508020510
5,5,5,ヤマニンステラータ,牡4,58.0,Ｍ．デム,2:02.3,同着,6.8,5.0,490(-2),[西] 松永幹夫,202508020510
7,3,3,ラウルピドゥ,牡6,58.0,和田竜二,2:02.6,2,47.0,6.0,482(+12),[西] 吉村圭司,202508020510
8,7,7,テーオーコンドル,セ6,58.0,泉谷楓真,2:03.0,2.1/2,105.0,8.0,484(0),[西] 宮徹,202508020510
1,7,8,ショウヘイ,牡3,57.0,川田将雅,2:14.7,,10.7,5.0,456(-2),[西] 友道康夫,202508020511
2,5,5,エムズ,牡3,57.0,松山弘平,2:15.1,2.1/2,6.0,3.0,442(-8),[西] 池江泰寿,202508020511
3,7,7,デルアヴァー,牡3,57.0,荻野極,2:15.2,1/2,14.4,6.0,480(+4),[西] 松永幹夫,202508020511
4,8,9,トッピボーン,牡3,57.0,武豊,2:15.2,クビ,2.4,1.0,468(0),[西] 笹田和秀,202508020511
5,4,4,ネブラディスク,牡3,57.0,シュタル,2:15.3,1/2,10.6,4.0,434(0),[西] 福永祐一,202508020511
6,6,6,ナグルファル,牡3,57.0,浜中俊,2:15.5,1.1/4,17.3,7.0,506(+2),[西] 杉山晴紀,202508020511
7,2,2,コーチェラバレー,牡3,57.0,北村友一,2:15.6,1/2,21.7,8.0,432(-2),[西] 安田翔伍,202508020511
8,3,3,ロットブラータ,牡3,57.0,和田竜二,2:15.8,1,63.4,9.0,526(+4),[西] 平田修,202508020511
9,1,1,キングスコール,牡3,57.0,坂井瑠星,2:15.8,クビ,3.4,2.0,498(+4),[西] 矢作芳人,202508020511
10,8,10,オーシンエス,牡3,57.0,高杉吏麒,2:16.0,1,182.9,10.0,466(+4),[西] 宮徹,202508020511
1,5,5,リトルハピ,牡4,58.0,坂井瑠星,1:50.8,,1.4,1.0,460(-8),[西] 大久保龍,202508020512
2,3,3,ルナビス,牝5,56.0,北村友一,1:51.4,3.1/2,17.1,5.0,486(0),[西] 森田直行,202508020512
3,2,2,クリノフィガロ,牡4,58.0,和田竜二,1:51.4,クビ,7.2,3.0,498(0),[西] 荒川義之,202508020512
4,7,8,タマモキャリコ,セ4,57.0,吉村誠之,1:51.6,1.1/4,20.3,6.0,428(+4),[西] 宮地貴稔,202508020512
5,4,4,バガリーロータス,牝4,53.0,森田誠也,1:52.0,2.1/2,73.3,9.0,458(+10),[西] 石坂公一,202508020512
6,7,7,タッチャブル,牡5,58.0,松若風馬,1:52.5,2.1/2,66.4,8.0,516(0),[西] 中村直也,202508020512
7,8,9,ドッビアーコ,牡4,58.0,川田将雅,1:52.5,クビ,5.5,2.0,562(0),[西] 奥村豊,202508020512
8,1,1,ワイノナオミ,牝4,56.0,荻野極,1:52.7,1,38.7,7.0,460(+2),[西] 畑端省吾,202508020512
9,8,10,エアサンサーラ,牡4,58.0,岩田康誠,1:53.6,5,12.4,4.0,580(+2),[西] 辻野泰之,202508020512
10,6,6,ヴァクストゥーム,牡8,58.0,水口優也,1:54.3,4,290.4,10.0,466(-2),[西] 吉田直弘,202508020512
1,3,6,ジェバーダ,牝3,55.0,藤岡佑介,1:12.3,,4.1,2.0,494(+4),[西] 松下武士,202508020601
2,6,11,メイショウアキカゼ,牝3,54.0,高杉吏麒,1:12.5,3/4,5.1,3.0,458(-2),[西] 角田晃一,202508020601
3,4,7,チムニーパイプ,牝3,55.0,シュタル,1:12.6,3/4,12.7,6.0,412(-4),[西] 岡田稲男,202508020601
4,2,3,アルムチャーチル,牡3,57.0,秋山稔樹,1:12.7,1/2,8.5,4.0,482(+12),[西] 北出成人,202508020601
5,7,14,ミトノキャット,牝3,55.0,坂井瑠星,1:12.7,ハナ,9.3,5.0,438(+2),[西] 前川恭子,202508020601
6,5,9,ランドブレイブ,牡3,57.0,和田竜二,1:12.8,1/2,79.1,11.0,488(+4),[西] 安達昭夫,202508020601
7,1,1,メイショウヨンク,牡3,57.0,田口貫太,1:12.9,1/2,14.2,7.0,452(-2),[西] 秋山真一,202508020601
8,2,4,クールハッカー,牡3,57.0,酒井学,1:13.0,クビ,73.8,10.0,472(+10),[西] 小栗実,202508020601
9,6,12,ララアヴリル,セ3,54.0,森田誠也,1:13.0,クビ,3.0,1.0,478(+2),[西] 斉藤崇史,202508020601
10,1,2,ブルゴーニュ,牝3,55.0,Ｍ．デム,1:13.9,5,48.4,9.0,484(0),[西] 西園翔太,202508020601
11,3,5,ヒロスズラン,牝3,55.0,高倉稜,1:14.3,2,145.1,13.0,454(-6),[西] 角田晃一,202508020601
12,7,13,ヨドノワールド,牡3,57.0,幸英明,1:14.4,1,144.4,12.0,490(+4),[西] 西園正都,202508020601
13,5,10,マルシェ,牡3,55.0,永島まな,1:14.6,1,23.5,8.0,486(0),[西] 大久保龍,202508020601
14,4,8,メイショウゲッカ,牡3,56.0,松本大輝,1:17.3,大,287.3,15.0,434(0),[西] 松下武士,202508020601
15,8,16,セレッソレイナ,牝3,55.0,田村太雅,1:17.8,3,422.3,16.0,556(0),[西] 畑端省吾,202508020601
16,8,15,シマエナガ,牝3,55.0,城戸義政,1:18.5,4,151.4,14.0,428(0),[西] 荒川義之,202508020601
1,5,9,ゼロスネーク,牡3,57.0,藤岡佑介,1:52.4,,1.6,1.0,446(-8),[西] 四位洋文,202508020602
2,2,3,ケンエージェント,牡3,56.0,高杉吏麒,1:52.5,クビ,5.6,3.0,458(+2),[西] 千田輝彦,202508020602
3,7,14,タイキフィアリーベ,牡3,57.0,松若風馬,1:53.2,4,252.5,13.0,466(-4),[西] 中尾秀正,202508020602
4,1,2,メイショウゲキハ,牡3,57.0,幸英明,1:53.3,3/4,5.4,2.0,518(-2),[西] 藤原英昭,202508020602
5,1,1,バトンロード,牡3,57.0,太宰啓介,1:54.7,8,192.0,12.0,474(-4),[西] 石橋守,202508020602
6,4,7,ハッピーダンチャン,牡3,57.0,和田竜二,1:55.1,2.1/2,132.3,9.0,468(0),[西] 小椋研介,202508020602
7,6,11,マテンロウアトラス,牡3,57.0,古川吉洋,1:55.7,3.1/2,20.2,5.0,498(-2),[西] 昆貢,202508020602
8,7,13,リライトヒストリー,牡3,57.0,田口貫太,1:55.8,クビ,307.0,15.0,468(0),[西] 安達昭夫,202508020602
9,4,8,オドラニャソンソン,牡3,57.0,吉村智洋,1:56.2,2.1/2,23.5,6.0,462(-2),[西] 東田明士,202508020602
10,5,10,クリノエドガー,牡3,57.0,団野大成,1:56.3,クビ,332.2,16.0,482(0),[西] 荒川義之,202508020602
11,3,6,サンライズロンドン,牡3,56.0,西塚洸二,1:56.8,3,296.4,14.0,466(-4),[西] 浜田多実,202508020602
12,8,16,パルジファル,牡3,57.0,シュタル,1:56.9,1,144.7,11.0,460(-4),[西] 吉村圭司,202508020602
13,8,15,ヴノ,牡3,57.0,坂井瑠星,1:57.2,2,11.5,4.0,454(-6),[西] 野中賢二,202508020602
14,3,5,グロリオン,牡3,57.0,岩田康誠,1:57.6,2,35.5,8.0,490(-8),[西] 牧田和弥,202508020602
15,2,4,ヴィエルネスサント,牡3,54.0,田山旺佑,1:58.4,5,138.2,10.0,470(+6),[西] 須貝尚介,202508020602
16,6,12,クールロジック,牡3,56.0,松本大輝,2:00.3,大,30.9,7.0,446(+5),[西] 松下武士,202508020602
1,8,18,アラベラ,牝3,55.0,Ｍ．デム,2:01.1,,23.9,9.0,444(0),[西] 上村洋行,202508020603
2,4,7,サラダ,牝3,55.0,坂井瑠星,2:01.3,1.1/4,7.7,3.0,452(+14),[西] 武英智,202508020603
3,4,8,アロマフェリス,牝3,52.0,森田誠也,2:01.4,3/4,25.6,10.0,402(-2),[西] 辻野泰之,202508020603
4,7,13,サンタンドレア,牝3,55.0,幸英明,2:01.4,クビ,40.5,12.0,432(+2),[西] 池添学,202508020603
5,7,15,アイスモント,牝3,55.0,シュタル,2:01.5,クビ,4.1,1.0,440(+4),[西] 宮本博,202508020603
6,3,5,ハローエンジェル,牝3,54.0,西塚洸二,2:01.5,クビ,8.0,4.0,468(-4),[西] 田中克典,202508020603
7,5,10,アンビアンス,牝3,55.0,酒井学,2:01.6,クビ,177.6,17.0,452(+4),[西] 清水久詞,202508020603
8,8,17,ピリナマアナ,牝3,55.0,吉村智洋,2:01.6,クビ,11.8,7.0,436(-6),[西] 橋口慎介,202508020603
9,6,11,メテオレーナ,牝3,55.0,田口貫太,2:01.7,1/2,50.2,13.0,418(+2),[西] 中村直也,202508020603
10,5,9,イズジョーレイナス,牝3,55.0,岩田康誠,2:02.0,1.3/4,100.9,14.0,380(-4),[西] 北出成人,202508020603
11,1,1,エリカブルージュ,牝3,55.0,和田竜二,2:02.0,クビ,291.5,18.0,442(-8),[西] 杉山晴紀,202508020603
12,2,3,エルオンセ,牝3,55.0,藤岡佑介,2:02.1,クビ,13.4,8.0,478(0),[西] 杉山晴紀,202508020603
13,7,14,ヴァンガルダ,牝3,55.0,団野大成,2:02.2,3/4,9.5,6.0,432(0),[西] 奥村豊,202508020603
14,1,2,ゴールドハーディス,牝3,55.0,松若風馬,2:02.4,1,127.1,15.0,434(-2),[西] 大久保龍,202508020603
15,2,4,アメージングハナビ,牝3,55.0,横山典弘,2:02.5,3/4,5.2,2.0,472(-2),[西] 昆貢,202508020603
16,6,12,キタノプレンティ,牝3,53.0,永島まな,2:03.4,5,175.6,16.0,462(+4),[西] 高橋康之,202508020603
17,8,16,ノーランサンライズ,牝3,52.0,今村聖奈,2:04.1,4,28.4,11.0,482(-2),[西] 佐藤悠太,202508020603
18,3,6,ナムラローラ,牝3,55.0,川須栄彦,2:04.5,2.1/2,9.3,5.0,458(-2),[西] 河嶋宏樹,202508020603
1,7,13,プチプランス,牡3,56.0,高杉吏麒,1:34.8,,3.6,2.0,482(-6),[西] 藤岡健一,202508020604
2,8,15,ルクスフレンジー,牡3,57.0,酒井学,1:35.0,1.1/4,2.7,1.0,478(+2),[西] 松永幹夫,202508020604
3,5,9,コスモグローリー,牡3,57.0,和田竜二,1:35.0,ハナ,11.2,4.0,456(-4),[西] 北出成人,202508020604
4,4,7,ランフォースマイル,牝3,55.0,団野大成,1:35.5,3,17.7,6.0,438(-6),[西] 渡辺薫彦,202508020604
5,2,4,ウインベラーノ,牡3,57.0,岩田康誠,1:35.5,アタマ,3.6,3.0,454(+6),[西] 宮徹,202508020604
6,1,1,ジャスタパーティー,セ3,56.0,西塚洸二,1:35.7,1,39.9,7.0,466(-8),[西] 杉山晴紀,202508020604
7,6,12,ワイドリューレント,牝3,55.0,城戸義政,1:35.7,アタマ,11.5,5.0,442(-10),[西] 奥村豊,202508020604
8,4,8,スピードイエロー,牡3,57.0,幸英明,1:35.9,1,50.0,8.0,426(+2),[西] 佐々木晶,202508020604
9,7,14,ソルレーヴ,牡3,57.0,秋山稔樹,1:36.0,3/4,102.7,11.0,490(+3),[西] 高橋義忠,202508020604
10,1,2,メイショウユウアイ,牝3,52.0,森田誠也,1:36.2,1.1/4,212.6,14.0,454(-2),[西] 石橋守,202508020604
11,6,11,シーザサンライズ,牝3,55.0,シュタル,1:36.3,1,183.0,13.0,528(-2),[西] 牧浦充徳,202508020604
12,3,6,テンダリー,牡3,57.0,田口貫太,1:36.5,3/4,103.4,12.0,510(-6),[西] 佐藤悠太,202508020604
13,8,16,ジュリアナガール,牝3,52.0,今村聖奈,1:36.6,1,87.8,10.0,460(+6),[西] 笹田和秀,202508020604
14,2,3,カシノメンコチャン,牝3,55.0,松若風馬,1:37.0,2.1/2,60.6,9.0,422(+6),[西] 牧田和弥,202508020604
15,5,10,ルミナヴィクター,牡3,57.0,吉村智洋,1:37.1,クビ,268.8,15.0,438(-4),[西] 矢作芳人,202508020604
16,3,5,コルレーニョ,牝3,55.0,太宰啓介,1:37.6,3,395.0,16.0,430(0),[西] 畑端省吾,202508020604
1,3,3,サンライズバブル,牡3,54.0,田山旺佑,2:15.7,,32.9,9.0,510(0),[西] 新谷功一,202508020605
2,1,1,レーヌマロン,牝3,54.0,高杉吏麒,2:15.8,3/4,3.5,2.0,444(+6),[西] 小栗実,202508020605
3,5,6,ボンドロア,牡3,57.0,横山典弘,2:15.8,アタマ,14.0,6.0,470(+4),[西] 松永幹夫,202508020605
4,4,4,レッドヴァリアート,牡3,57.0,田口貫太,2:16.0,3/4,9.0,5.0,446(-2),[西] 加藤公太,202508020605
5,8,11,プレデスティナーレ,牡3,57.0,和田竜二,2:16.2,1.1/4,5.9,4.0,458(0),[西] 北出成人,202508020605
6,2,2,セイフウサツキ,牡3,57.0,幸英明,2:16.3,1/2,23.3,7.0,456(-6),[西] 松永幹夫,202508020605
7,5,5,モルゲンゾンネ,牡3,56.0,松本大輝,2:16.5,1.1/2,240.1,12.0,452(0),[西] 松下武士,202508020605
8,6,7,コスモリスナー,牡3,57.0,吉村智洋,2:17.1,3.1/2,158.6,10.0,520(-2),[西] 宮徹,202508020605
9,6,8,アンアルモニー,牝3,55.0,岩田康誠,2:17.6,3,26.4,8.0,456(0),[西] 辻野泰之,202508020605
10,7,9,ジーティーパール,牝3,52.0,森田誠也,2:17.8,1.1/4,188.2,11.0,434(-2),[西] 石坂公一,202508020605
11,7,10,バルカンジャッジ,牡3,57.0,団野大成,2:17.9,1,3.0,1.0,538(0),[西] 池江泰寿,202508020605
12,8,12,ヒシカリナン,牡3,57.0,坂井瑠星,2:18.2,1.1/2,5.8,3.0,454(0),[西] 矢作芳人,202508020605
1,8,11,ツキノアカリ,牝3,52.0,田山旺佑,1:53.3,,6.0,3.0,450(+4),[西] 牧田和弥,202508020606
2,8,10,サンコンクエスト,牝3,55.0,幸英明,1:53.5,1.1/4,18.5,6.0,534(0),[西] 渡辺薫彦,202508020606
3,3,3,ヴァンアグレアブル,牝3,55.0,藤岡佑介,1:53.6,アタマ,13.3,4.0,516(+8),[西] 橋口慎介,202508020606
4,1,1,ヒメモモアスク,牝3,55.0,岩田康誠,1:53.7,3/4,1.9,1.0,506(-4),[西] 野中賢二,202508020606
5,5,5,リュミナーズ,牝3,55.0,松若風馬,1:54.5,5,56.0,9.0,440(-6),[東] 堀内岳志,202508020606
6,6,7,サリーチェ,牝3,55.0,坂井瑠星,1:54.5,クビ,3.9,2.0,468(-4),[西] 池添学,202508020606
7,2,2,タマモカンパネラ,牝3,55.0,団野大成,1:54.7,1.1/4,14.1,5.0,498(+2),[東] 伊藤圭三,202508020606
8,6,6,サンナイアガラ,牝3,54.0,松本大輝,1:55.4,4,229.8,11.0,470(0),[西] 宮本博,202508020606
9,7,9,ミッドナイトゲイル,牝3,55.0,酒井学,1:56.1,4,133.3,10.0,488(+6),[西] 小栗実,202508020606
10,4,4,フィングステン,牝3,55.0,田口貫太,1:56.9,5,21.1,7.0,466(+2),[西] 西園正都,202508020606
11,7,8,コンテナライン,牝3,54.0,高杉吏麒,1:57.3,2.1/2,28.0,8.0,476(-10),[西] 高柳大輔,202508020606
1,2,2,ミッキージュエリー,牝3,55.0,藤岡佑介,1:34.3,,3.7,3.0,490(+2),[西] 中内田充,202508020607
2,3,3,レベルスルール,牡3,57.0,田口貫太,1:34.5,1.1/4,2.5,1.0,494(-6),[西] 池江泰寿,202508020607
3,7,7,マイネルフルムーン,牡3,57.0,シュタル,1:34.7,1.1/4,12.3,5.0,454(+2),[西] 吉田直弘,202508020607
4,6,6,ベイリークロア,牡3,57.0,Ｍ．デム,1:35.2,3,3.0,2.0,484(-2),[西] 大久保龍,202508020607
5,8,8,シャインベック,牡3,57.0,岩田康誠,1:35.7,3,9.7,4.0,446(-2),[西] 北出成人,202508020607
6,5,5,ユメシバイ,牝3,55.0,酒井学,1:35.8,1/2,66.3,7.0,442(0),[西] 松永幹夫,202508020607
7,4,4,ケルティックハーツ,牡3,57.0,江田照男,1:36.3,3.1/2,231.2,8.0,486(-2),[東] 杉浦宏昭,202508020607
8,1,1,ネーブルオレンジ,牝3,55.0,坂井瑠星,1:37.1,5,15.3,6.0,472(+2),[西] 杉山佳明,202508020607
1,8,14,メイショウザンゲツ,牝4,56.0,和田竜二,1:25.5,,33.2,11.0,442(-2),[西] 鈴木孝志,202508020608
2,6,9,ロンシャンクイーン,牝5,56.0,坂井瑠星,1:25.7,1,2.7,1.0,450(+10),[西] 野中賢二,202508020608
3,8,13,ジョセフィーナ,牝4,56.0,松若風馬,1:25.8,1/2,32.8,10.0,396(+10),[西] 今野貞一,202508020608
4,4,5,ベルメサイア,牝4,55.0,高杉吏麒,1:25.9,3/4,11.0,5.0,504(+10),[西] 西村真幸,202508020608
5,7,12,シュニー,牝5,56.0,団野大成,1:25.9,ハナ,25.2,9.0,462(+4),[西] 小崎憲,202508020608
6,5,8,エリカドリーム,牝5,56.0,藤岡佑介,1:26.4,3,5.4,3.0,500(+2),[西] 佐藤悠太,202508020608
7,3,4,カンカール,牝4,56.0,古川吉洋,1:26.4,アタマ,321.9,14.0,460(+4),[西] 藤野健太,202508020608
8,2,2,エイシンコクスン,牝4,56.0,岩田康誠,1:26.4,ハナ,4.6,2.0,458(+4),[西] 大久保龍,202508020608
9,3,3,ラピダリア,牝4,55.0,西塚洸二,1:26.7,1.1/2,16.7,6.0,482(+6),[西] 吉田直弘,202508020608
10,1,1,マックスセレナーデ,牝4,56.0,幸英明,1:26.7,クビ,23.5,7.0,520(0),[西] 橋口慎介,202508020608
11,7,11,クインズポラリス,牝4,56.0,シュタル,1:26.9,1.1/4,8.0,4.0,484(-4),[東] 上原博之,202508020608
12,6,10,フェレザ,牝4,56.0,吉村智洋,1:27.5,3.1/2,81.3,12.0,450(+4),[西] 高橋一哉,202508020608
13,4,6,オンリーラヴ,牝5,56.0,田口貫太,1:28.2,4,156.2,13.0,426(-6),[西] 森田直行,202508020608
14,5,7,レザンクレール,牝4,56.0,Ｍ．デム,1:28.5,1.1/2,24.4,8.0,434(+10),[西] 西村真幸,202508020608
1,4,5,サンライズソレイユ,牡4,57.0,坂井瑠星,2:24.3,,4.1,2.0,524(+6),[西] 矢作芳人,202508020609
2,5,8,シャイニングソード,牡4,57.0,藤岡佑介,2:24.4,クビ,2.4,1.0,516(+2),[西] 中内田充,202508020609
3,5,7,シェイクユアハート,牡5,57.0,古川吉洋,2:24.4,クビ,5.0,3.0,458(+4),[西] 宮徹,202508020609
4,3,4,タガノデュード,牡4,57.0,高杉吏麒,2:24.7,1.3/4,8.7,4.0,504(+8),[西] 宮徹,202508020609
5,8,14,タイセイフェリーク,牝5,55.0,団野大成,2:24.8,1/2,11.6,5.0,430(-2),[西] 田中克典,202508020609
6,7,12,アスターブジエ,牡5,56.0,岩田康誠,2:25.0,1,17.7,6.0,466(-4),[西] 中竹和也,202508020609
7,6,9,フルール,牝5,55.0,和田竜二,2:25.2,1.1/4,26.5,7.0,492(+12),[東] 上原佑紀,202508020609
8,6,10,フェミナフォルテ,牝5,52.0,泉谷楓真,2:25.5,2,81.1,13.0,424(+2),[東] 小島茂之,202508020609
9,8,13,キングサーガ,セ8,55.0,Ｍ．デム,2:26.1,3.1/2,57.5,11.0,502(+6),[西] 小栗実,202508020609
10,7,11,メイショウゲキリン,牡6,56.0,西塚洸二,2:26.4,1.3/4,43.7,8.0,520(+6),[西] 笹田和秀,202508020609
11,2,2,エメヴィベール,牡6,54.0,松若風馬,2:26.9,3,240.8,14.0,568(0),[西] 宮地貴稔,202508020609
12,4,6,ミアステラ,牡6,55.0,幸英明,2:27.0,1/2,49.7,9.0,506(-4),[西] 大根田裕,202508020609
13,1,1,クレバーテースト,セ6,55.0,田口貫太,2:27.5,3,74.6,12.0,464(+8),[西] 佐藤悠太,202508020609
14,3,3,イヤサカ,牝7,53.0,江田照男,2:28.3,5,53.3,10.0,488(-4),[東] 天間昭一,202508020609
1,3,3,ムイ,牝3,55.0,今村聖奈,1:21.8,,14.4,7.0,460(+2),[西] 笹田和秀,202508020610
2,6,6,ドゥアムール,牝3,55.0,藤岡佑介,1:21.8,ハナ,41.6,9.0,474(+4),[西] 中竹和也,202508020610
3,6,7,マテンロウサン,牡3,57.0,横山典弘,1:21.9,クビ,4.0,2.0,500(-10),[西] 昆貢,202508020610
4,8,11,ミーントゥビー,牝3,55.0,古川吉洋,1:22.0,1/2,13.8,6.0,428(-4),[東] 堀内岳志,202508020610
5,1,1,モンテシート,牡3,57.0,坂井瑠星,1:22.1,1/2,3.0,1.0,492(-6),[西] 牧田和弥,202508020610
6,2,2,ネーヴェフレスカ,牝3,55.0,和田竜二,1:22.1,アタマ,22.3,8.0,440(+6),[西] 石坂公一,202508020610
7,5,5,サウスバンク,牝3,55.0,西塚洸二,1:22.2,3/4,13.4,5.0,486(-8),[西] 吉岡辰弥,202508020610
8,8,10,フードマン,牡3,57.0,高杉吏麒,1:22.2,アタマ,8.0,4.0,464(-2),[西] 小栗実,202508020610
9,4,4,スリールミニョン,牝3,55.0,永島まな,1:22.4,3/4,4.1,3.0,448(+8),[西] 高橋康之,202508020610
10,7,8,アンダースコア,牡3,57.0,シュタル,1:23.0,3.1/2,51.7,10.0,452(-2),[西] 庄野靖志,202508020610
11,7,9,ナイスデスネ,牡3,57.0,吉村智洋,1:24.6,10,197.6,11.0,490(-8),[地] 長南和宏,202508020610
1,7,14,サンライズアリオン,牡6,57.0,藤岡佑介,1:49.7,,13.1,7.0,520(0),[西] 平田修,202508020611
2,2,4,テーオードレフォン,牡6,59.0,団野大成,1:49.7,クビ,8.6,5.0,504(+10),[西] 梅田智之,202508020611
3,4,7,ジューンアヲニヨシ,牡5,57.0,高杉吏麒,1:50.0,1.1/2,3.7,1.0,484(-4),[西] 松下武士,202508020611
4,7,13,タイセイドレフォン,牡6,58.0,田口貫太,1:50.7,4,31.9,10.0,504(+6),[西] 西村真幸,202508020611
5,1,1,タッチウッド,牡5,57.0,シュタル,1:50.9,1.1/4,6.7,3.0,548(+12),[西] 武幸四郎,202508020611
6,6,11,クールミラボー,牡5,57.0,Ｍ．デム,1:50.9,アタマ,13.5,8.0,494(+6),[西] 寺島良,202508020611
7,2,3,マリアナトレンチ,牡5,57.0,松若風馬,1:50.9,ハナ,24.9,9.0,480(-2),[西] 東田明士,202508020611
8,3,5,ペプチドソレイユ,牡5,57.0,古川吉洋,1:51.1,1,39.3,13.0,492(+6),[西] 武英智,202508020611
9,6,12,ヒューゴ,牡5,57.0,岩田康誠,1:51.6,3,94.5,15.0,450(-6),[東] 加藤征弘,202508020611
10,8,15,メイクアリープ,牡6,58.0,幸英明,1:51.6,アタマ,6.1,2.0,500(0),[西] 大根田裕,202508020611
11,4,8,リチュアル,セ6,57.0,酒井学,1:51.7,1/2,8.4,4.0,520(0),[西] 田中克典,202508020611
12,8,16,ホールシバン,セ7,58.0,秋山稔樹,1:51.7,ハナ,9.7,6.0,526(0),[西] 高橋義忠,202508020611
13,3,6,オーロイプラータ,牡5,57.0,和田竜二,1:51.8,3/4,36.9,12.0,548(+6),[西] 宮本博,202508020611
14,1,2,ゴールドバランサー,牡5,57.0,西塚洸二,1:52.3,3,124.7,16.0,476(-6),[東] 鈴木慎太,202508020611
15,5,9,メイショウユズルハ,牡6,57.0,吉村智洋,1:52.3,クビ,34.0,11.0,504(-4),[西] 岡田稲男,202508020611
16,5,10,クラヴィコード,牝4,55.0,永島まな,1:54.2,大,67.9,14.0,484(-2),[西] 中村直也,202508020611
1,2,4,プルートマスター,牡6,58.0,松若風馬,1:23.9,,6.8,3.0,506(+10),[西] 今野貞一,202508020612
2,8,16,ジャスパーバローズ,牡5,58.0,シュタル,1:24.3,2.1/2,7.9,6.0,510(-2),[西] 清水久詞,202508020612
3,5,10,スピリットワールド,牡6,57.0,高杉吏麒,1:24.4,3/4,55.3,12.0,532(-12),[西] 高橋一哉,202508020612
4,4,7,バックトゥザライト,牡5,58.0,団野大成,1:24.6,1,7.2,5.0,518(-6),[西] 辻野泰之,202508020612
5,6,12,ジョニール,牝4,56.0,岩田康誠,1:24.6,クビ,5.8,2.0,460(-2),[西] 森田直行,202508020612
6,5,9,キングツェッペリン,牡4,57.0,松本大輝,1:24.7,クビ,22.4,9.0,472(+10),[西] 牧田和弥,202508020612
7,6,11,ペプチドハドソン,牡5,58.0,高倉稜,1:24.8,1/2,10.8,7.0,488(+4),[西] 小椋研介,202508020612
8,7,13,タイガースパーク,牡5,58.0,田口貫太,1:24.8,ハナ,7.0,4.0,452(-8),[西] 大橋勇樹,202508020612
9,1,1,ヒルノピレネー,牡5,58.0,秋山稔樹,1:24.8,クビ,37.5,11.0,458(-4),[西] 北出成人,202508020612
10,7,14,ホウオウフロイト,牡4,58.0,川須栄彦,1:24.9,1/2,80.6,14.0,438(-8),[東] 加藤和宏,202508020612
11,8,15,ハリウッドブルース,牡4,58.0,水口優也,1:25.0,1/2,5.5,1.0,460(-6),[西] 浜田多実,202508020612
12,3,6,クラリティスケール,牝6,56.0,古川吉洋,1:25.2,1.1/4,28.4,10.0,450(-6),[西] 藤野健太,202508020612
13,2,3,スナークシュンソウ,牡7,58.0,吉村智洋,1:25.3,1/2,56.8,13.0,528(-2),[西] 野中賢二,202508020612
14,1,2,サウンドサンビーム,牡8,57.0,西塚洸二,1:25.3,アタマ,203.2,16.0,488(+2),[西] 安達昭夫,202508020612
15,4,8,アロマデローサ,牝5,56.0,幸英明,1:25.7,2.1/2,11.4,8.0,462(-4),[西] 池添学,202508020612
16,3,5,インテンソ,牡5,58.0,和田竜二,1:26.4,4,124.4,15.0,492(-3),[西] 松永幹夫,202508020612
1,4,4,ユキノクラウン,牡3,57.0,松山弘平,1:52.2,,2.8,2.0,518(-8),[西] 長谷川浩,202508020701
2,6,6,ヒシカリナン,牡3,57.0,坂井瑠星,1:53.1,5,12.4,5.0,452(-2),[西] 矢作芳人,202508020701
3,7,9,ミッキーコンドル,牡3,57.0,池添謙一,1:53.4,1.1/2,11.5,4.0,444(+4),[西] 大久保龍,202508020701
4,3,3,アインホルン,牡3,54.0,森田誠也,1:53.6,1.1/4,122.3,10.0,442(-4),[西] 寺島良,202508020701
5,1,1,ミユンガー,牡3,57.0,国分恭介,1:53.6,クビ,43.9,9.0,466(+6),[西] 岡田稲男,202508020701
6,5,5,ベラジオガルフ,牡3,57.0,岩田康誠,1:53.8,3/4,5.7,3.0,474(+2),[西] 上村洋行,202508020701
7,6,7,カンタカナリート,牡3,57.0,加藤祥太,1:53.9,1/2,27.4,7.0,456(+10),[西] 小椋研介,202508020701
8,8,10,カーリンハート,牝3,52.0,田山旺佑,1:54.0,1,39.9,8.0,420(+8),[西] 四位洋文,202508020701
9,7,8,ダズラー,牡3,56.0,吉村誠之,1:54.3,1.1/2,21.9,6.0,542(0),[西] 渡辺薫彦,202508020701
10,8,11,ハイクオリティ,牡3,57.0,松若風馬,1:54.5,1.1/2,2.4,1.0,480(0),[西] 今野貞一,202508020701
取,2,2,メイショウライズ,牡3,57.0,和田竜二,,,---,,計不,[西] 安達昭夫,202508020701
1,7,7,クロノスバレット,牡3,57.0,坂井瑠星,1:58.8,,2.3,1.0,498(+2),[西] 吉村圭司,202508020702
2,8,10,サルタール,セ3,57.0,鮫島克駿,1:58.8,クビ,35.2,8.0,518(-2),[西] 小崎憲,202508020702
3,5,5,ヤヌシサンダー,牡3,57.0,川又賢治,2:00.0,7,55.9,9.0,426(-6),[西] 牧田和弥,202508020702
4,4,4,アスクガンバーレ,牡3,57.0,岩田康誠,2:00.2,1,2.7,2.0,444(+2),[西] 福永祐一,202508020702
5,6,6,マテンロウシルビア,牝3,55.0,太宰啓介,2:00.2,ハナ,18.5,5.0,438(+6),[西] 四位洋文,202508020702
6,8,9,クロシオカレント,牡3,57.0,松若風馬,2:00.2,クビ,152.6,10.0,442(0),[西] 東田明士,202508020702
7,7,8,ニホンピロカスター,牡3,57.0,田口貫太,2:00.4,3/4,6.4,3.0,480(-7),[西] 大橋勇樹,202508020702
8,2,2,オリジナルファイン,牝3,54.0,吉村誠之,2:00.7,2,8.0,4.0,502(+4),[西] 清水久詞,202508020702
9,3,3,ディスタービア,牝3,54.0,高杉吏麒,2:02.0,8,32.0,7.0,468(+2),[西] 庄野靖志,202508020702
10,1,1,レフレクシオ,牝3,55.0,幸英明,2:05.8,大,24.0,6.0,456(+10),[西] 斉藤崇史,202508020702
1,4,7,スマートミストラル,牝3,55.0,川田将雅,1:36.0,,2.4,1.0,428(-2),[西] 大久保龍,202508020703
2,8,16,パールペンダント,牝3,55.0,シュタル,1:36.5,3,7.9,3.0,442(+10),[西] 吉村圭司,202508020703
3,8,15,ウフルピーク,牝3,54.0,高杉吏麒,1:36.6,クビ,12.2,5.0,414(-2),[西] 藤岡健一,202508020703
4,2,3,オールザレイジ,牝3,55.0,松山弘平,1:37.0,2.1/2,3.7,2.0,496(0),[西] 寺島良,202508020703
5,6,11,モアサナイト,牝3,55.0,鮫島克駿,1:37.1,3/4,25.0,8.0,432(-12),[西] 小林真也,202508020703
6,7,14,フライバイビーナス,牝3,55.0,坂井瑠星,1:37.3,1.1/4,12.3,6.0,428(-8),[西] 茶木太樹,202508020703
7,4,8,アトラーレ,牝3,52.0,鷲頭虎太,1:37.5,1.1/4,253.4,15.0,424(-2),[西] 中村直也,202508020703
8,1,1,ドゥラルーナ,牝3,55.0,和田竜二,1:37.5,クビ,66.8,10.0,452(-4),[西] 清水久詞,202508020703
9,1,2,ベルジャッド,牝3,55.0,松若風馬,1:37.8,1.3/4,178.4,12.0,410(-2),[西] 高柳大輔,202508020703
10,5,9,トウカイリュタン,牝3,55.0,酒井学,1:37.9,クビ,113.0,11.0,390(0),[西] 北出成人,202508020703
11,5,10,エイカイソフィア,牝3,55.0,川須栄彦,1:38.1,1.1/4,353.8,16.0,418(0),[西] 梅田智之,202508020703
12,7,13,スリーセンス,牝3,55.0,幸英明,1:38.2,1/2,31.2,9.0,430(0),[西] 中竹和也,202508020703
13,6,12,フロレンテム,牝3,55.0,浜中俊,1:38.5,2,15.2,7.0,486(0),[西] 田中克典,202508020703
14,3,6,ナムラエン,牝3,54.0,吉村誠之,1:39.0,3,10.2,4.0,502(0),[西] 長谷川浩,202508020703
15,8,17,エマダイヤモンド,牝3,55.0,田口貫太,1:39.5,3,214.1,14.0,470(+8),[西] 矢作芳人,202508020703
16,2,4,カナメイシ,牝3,55.0,高倉稜,1:39.6,1/2,387.9,17.0,460(+14),[西] 北出成人,202508020703
17,3,5,グルーヴィデザイン,牝3,55.0,池添謙一,1:40.6,6,193.4,13.0,408(0),[西] 小林真也,202508020703
1,8,15,マンオブノーブル,牡3,56.0,吉村誠之,2:29.4,,2.6,1.0,474(+8),[西] 池江泰寿,202508020704
2,6,12,セキトバシューズ,牝3,54.0,松本大輝,2:29.5,クビ,70.1,14.0,450(-6),[西] 新谷功一,202508020704
3,3,6,ジーティートシオー,牡3,57.0,鮫島克駿,2:29.7,1.1/2,39.3,11.0,460(+4),[西] 西村真幸,202508020704
4,2,4,サンライズロジャー,牡3,57.0,田口貫太,2:29.7,アタマ,13.5,5.0,524(-6),[西] 加藤公太,202508020704
5,5,10,ブリリアントカーラ,牝3,52.0,鷲頭虎太,2:30.0,1.3/4,47.5,13.0,410(+6),[西] 杉山佳明,202508020704
6,4,7,シカレ,牝3,52.0,森田誠也,2:30.1,1/2,16.7,7.0,414(+6),[西] 前川恭子,202508020704
7,8,16,リトルガールブルー,牝3,55.0,松山弘平,2:30.3,1,17.1,8.0,478(-6),[西] 森田直行,202508020704
8,7,14,ホウオウアーネスト,牡3,57.0,岩田康誠,2:30.4,1/2,4.7,2.0,494(-4),[西] 安田翔伍,202508020704
9,3,5,メイショウハリソン,牡3,57.0,浜中俊,2:30.4,クビ,6.5,3.0,474(+4),[西] 石橋守,202508020704
10,5,9,オラリオン,牡3,57.0,藤懸貴志,2:30.4,ハナ,37.0,10.0,474(0),[西] 高橋一哉,202508020704
11,7,13,ヴァリラプトル,牝3,55.0,幸英明,2:30.6,1.1/4,14.3,6.0,416(+8),[西] 高野友和,202508020704
12,2,3,ダンスデュヴァン,牡3,57.0,酒井学,2:31.4,5,33.3,9.0,476(-4),[西] 武英智,202508020704
13,6,11,アールオブケント,セ3,54.0,田山旺佑,2:31.4,クビ,103.1,15.0,456(+4),[西] 新谷功一,202508020704
14,1,2,ジェットエアー,牡3,57.0,シュタル,2:31.5,1/2,11.0,4.0,506(-2),[西] 清水久詞,202508020704
15,1,1,ノボリディアマン,牡3,57.0,鮫島良太,2:31.8,1.3/4,41.7,12.0,440(0),[西] 緒方努,202508020704
16,4,8,フーダオラ,牡3,56.0,高杉吏麒,2:33.3,9,175.6,16.0,460(0),[西] 吉村圭司,202508020704
1,6,11,ニュークレド,牡3,56.0,高杉吏麒,1:49.0,,2.5,1.0,424(+4),[西] 石坂公一,202508020705
2,4,6,ロールザボーンズ,牝3,55.0,国分恭介,1:49.8,5,42.4,9.0,462(+14),[西] 牧浦充徳,202508020705
3,4,7,ビリオネアボーイ,牡3,54.0,田山旺佑,1:49.9,3/4,22.6,7.0,486(+4),[西] 新谷功一,202508020705
4,5,9,リラゲイル,牡3,57.0,鮫島克駿,1:49.9,アタマ,76.9,11.0,476(-14),[西] 須貝尚介,202508020705
5,7,12,ゼットヒーロ,牝3,55.0,和田竜二,1:50.0,3/4,194.5,15.0,462(0),[西] 吉田直弘,202508020705
6,6,10,サトノベリル,牝3,55.0,川田将雅,1:50.1,クビ,5.4,3.0,438(+4),[西] 吉岡辰弥,202508020705
7,2,3,ワイドクリーガー,牡3,57.0,松山弘平,1:50.1,ハナ,8.7,4.0,464(+2),[西] 奥村豊,202508020705
8,1,1,キャニオンデシェイ,牡3,57.0,坂井瑠星,1:50.1,クビ,4.1,2.0,488(-2),[西] 友道康夫,202508020705
9,5,8,シルクディヴェール,牝3,54.0,吉村誠之,1:50.3,3/4,9.7,5.0,426(+2),[西] 杉山晴紀,202508020705
10,8,14,エイシンマイア,牝3,55.0,川又賢治,1:50.4,1/2,24.7,8.0,450(+2),[西] 吉村圭司,202508020705
11,7,13,ストンプ,牝3,55.0,シュタル,1:50.4,クビ,88.2,12.0,454(-8),[西] 清水久詞,202508020705
12,3,4,カコウガン,牡3,54.0,森田誠也,1:50.6,1,131.9,14.0,460(-4),[西] 寺島良,202508020705
13,8,15,ワールドキッス,牡3,57.0,浜中俊,1:50.7,3/4,21.7,6.0,440(-6),[西] 河嶋宏樹,202508020705
14,3,5,ノーブルグレイド,牝3,55.0,高倉稜,1:50.8,3/4,59.3,10.0,470(+2),[西] 宮本博,202508020705
15,2,2,スリアント,牝3,55.0,泉谷楓真,1:51.1,2,95.9,13.0,454(-6),[西] 杉山晴紀,202508020705
1,7,11,クアトロジャック,牡4,58.0,坂井瑠星,1:23.5,,1.9,1.0,488(0),[西] 庄野靖志,202508020706
2,2,2,モンシェリ,牝4,56.0,鮫島克駿,1:23.9,2.1/2,6.0,2.0,458(+2),[西] 牧田和弥,202508020706
3,6,9,ウォーターリーダー,牡5,58.0,松若風馬,1:24.0,クビ,11.4,4.0,456(+4),[西] 藤野健太,202508020706
4,1,1,エフエイト,牡4,58.0,和田竜二,1:24.2,1.1/4,27.1,8.0,438(-8),[西] 北出成人,202508020706
5,4,5,ハイクライテリア,セ5,58.0,国分優作,1:24.4,1.1/2,11.9,6.0,474(+6),[西] 羽月友彦,202508020706
6,7,12,ヴィヴィッシモ,牡5,57.0,吉村誠之,1:24.4,アタマ,17.4,7.0,472(+2),[西] 松永幹夫,202508020706
7,5,8,マルモリキング,牡5,58.0,田口貫太,1:24.4,アタマ,33.2,9.0,546(-12),[西] 大橋勇樹,202508020706
8,3,3,メイショウイヌワシ,牡6,55.0,森田誠也,1:24.6,3/4,193.1,13.0,506(-2),[西] 石橋守,202508020706
9,5,7,モズバンディット,牡5,58.0,幸英明,1:24.6,アタマ,11.8,5.0,448(-10),[西] 中尾秀正,202508020706
10,3,4,イーサンハンター,牡4,58.0,酒井学,1:24.9,1.3/4,125.0,12.0,528(0),[西] 宮地貴稔,202508020706
11,6,10,バルミーウェザー,牡4,58.0,松山弘平,1:24.9,アタマ,7.7,3.0,476(-6),[西] 佐藤悠太,202508020706
12,4,6,ショーケン,セ5,55.0,鷲頭虎太,1:25.1,1.1/4,58.5,10.0,506(+2),[西] 東田明士,202508020706
13,8,13,アシャカブラン,牡4,58.0,太宰啓介,1:25.2,クビ,64.7,11.0,520(-2),[西] 大根田裕,202508020706
14,8,14,マイラッキーデイ,牡4,55.0,田山旺佑,1:25.6,2.1/2,296.5,14.0,498(-2),[西] 森田直行,202508020706
1,2,2,ワンダーキサラ,牝6,56.0,太宰啓介,1:09.6,,6.7,3.0,468(+4),[西] 石橋守,202508020707
2,8,12,ロードトレゾール,牡4,57.0,吉村誠之,1:09.6,ハナ,8.6,4.0,538(+4),[西] 清水久詞,202508020707
3,8,13,フーコサンライズ,牝4,56.0,松山弘平,1:09.6,ハナ,12.4,7.0,510(-8),[西] 加藤公太,202508020707
4,5,7,スカプラリオ,牝5,53.0,田山旺佑,1:09.7,クビ,76.9,10.0,472(+2),[西] 佐々木晶,202508020707
5,5,6,モズアンタレス,牝5,56.0,幸英明,1:09.7,クビ,11.0,5.0,508(+6),[西] 飯田祐史,202508020707
6,3,3,メイショウミリオレ,牝4,55.0,高杉吏麒,1:09.9,1.1/4,21.8,9.0,480(+8),[西] 藤岡健一,202508020707
7,7,11,アムールリーベ,牝4,56.0,荻野琢真,1:10.1,1,11.5,6.0,504(+14),[西] 宮地貴稔,202508020707
8,6,9,ビップジーニー,牡4,58.0,Ｍ．デム,1:10.1,クビ,14.9,8.0,488(+6),[西] 松下武士,202508020707
9,1,1,リチャードバローズ,牡4,58.0,坂井瑠星,1:10.3,3/4,2.8,1.0,512(+6),[西] 上村洋行,202508020707
10,4,4,ロゼクラン,牝7,56.0,国分優作,1:10.6,2,109.8,11.0,464(+14),[西] 秋山真一,202508020707
11,6,8,アスティスプマンテ,牝4,56.0,鮫島克駿,1:10.7,1/2,4.4,2.0,444(+12),[西] 杉山晴紀,202508020707
12,7,10,シックザイン,牡6,58.0,川須栄彦,1:10.8,1,172.1,13.0,484(0),[東] 水野貴広,202508020707
13,4,5,ベンガン,牡8,58.0,田口貫太,1:10.9,1/2,115.5,12.0,478(+8),[西] 千田輝彦,202508020707
1,5,5,アンクルブラック,牡5,60.0,高田潤,4:36.0,,2.0,1.0,478(-4),[西] 高橋亮,202508020708
2,7,8,レッドバロッサ,セ6,60.0,小牧加矢,4:37.1,7,4.1,2.0,510(-6),[西] 佐藤悠太,202508020708
3,3,3,メイショウアツイタ,牡7,60.0,難波剛健,4:38.0,5,12.4,5.0,514(+12),[西] 高橋義忠,202508020708
4,6,6,ブリヨンカズマ,牡6,60.0,伴啓太,4:38.6,3.1/2,21.2,6.0,518(-8),[東] 高橋文雅,202508020708
5,8,10,アサクサゲンキ,セ10,60.0,小坂忠士,4:38.9,2,6.3,3.0,474(-4),[西] 四位洋文,202508020708
6,8,9,ケンアンビシャス,牡7,60.0,草野太郎,4:39.0,1/2,24.8,8.0,482(+6),[東] 久保田貴,202508020708
7,7,7,クラップサンダー,牡6,60.0,黒岩悠,4:40.7,10,63.7,9.0,476(+12),[西] 牧田和弥,202508020708
8,1,1,ラエール,牝6,58.0,上野翔,4:45.4,大,97.9,10.0,420(-8),[東] 土田稔,202508020708
9,2,2,トーアモルペウス,セ5,60.0,石神深一,4:51.6,大,21.5,7.0,492(+4),[東] 辻哲英,202508020708
10,4,4,ウイングランブルー,牡5,60.0,大江原圭,4:55.9,大,8.9,4.0,464(-4),[東] 深山雅史,202508020708
1,4,4,マイユニバース,牡3,57.0,浜中俊,2:00.8,,5.8,3.0,468(0),[西] 武幸四郎,202508020709
2,3,3,エキサイトバイオ,牡3,57.0,松山弘平,2:00.9,クビ,9.1,6.0,478(+4),[西] 今野貞一,202508020709
3,8,10,ミュージシャン,牡3,57.0,泉谷楓真,2:00.9,アタマ,6.9,4.0,462(-4),[西] 杉山晴紀,202508020709
4,7,8,マディソンガール,牝3,55.0,川田将雅,2:01.4,3,2.7,1.0,456(+14),[西] 中内田充,202508020709
5,2,2,シャインバオバブ,牡3,57.0,太宰啓介,2:01.5,1/2,53.5,8.0,498(+2),[西] 本田優,202508020709
6,6,6,ウインリベラシオン,牡3,57.0,田口貫太,2:02.1,3.1/2,53.4,7.0,482(-4),[西] 緒方努,202508020709
7,7,7,サンライズグラシア,牡3,57.0,鮫島克駿,2:02.2,3/4,98.5,10.0,470(-4),[西] 矢作芳人,202508020709
8,8,9,レッドイステル,牡3,57.0,坂井瑠星,2:02.4,3/4,3.8,2.0,500(0),[西] 友道康夫,202508020709
9,5,5,エイシンキャプテン,牡3,57.0,幸英明,2:04.5,大,54.2,9.0,518(+6),[西] 野中賢二,202508020709
10,1,1,リアライズオーラム,牡3,57.0,Ｍ．デム,2:04.5,1/2,7.3,5.0,496(-4),[西] 須貝尚介,202508020709
1,6,12,グーデンドラーク,牡6,58.0,池添謙一,1:48.4,,16.7,7.0,528(0),[西] 池添学,202508020710
2,1,2,サイモンザナドゥ,牡5,58.0,川田将雅,1:49.0,4,6.1,4.0,478(+2),[西] 小林真也,202508020710
3,2,4,メイショウミカワ,牡7,58.0,高杉吏麒,1:49.1,クビ,69.3,15.0,516(0),[西] 千田輝彦,202508020710
4,3,6,ルシュヴァルドール,牡4,58.0,坂井瑠星,1:49.5,2.1/2,3.3,1.0,542(+14),[西] 矢作芳人,202508020710
5,4,7,キャピタルサックス,牡4,58.0,松山弘平,1:49.6,3/4,26.5,8.0,502(-6),[西] 杉山晴紀,202508020710
6,5,9,ハギノサステナブル,牡5,58.0,鮫島克駿,1:49.8,1,5.3,2.0,486(0),[西] 高野友和,202508020710
7,3,5,ウンガイソウテン,牡4,58.0,和田竜二,1:49.8,ハナ,54.0,13.0,480(-8),[東] 田村康仁,202508020710
8,2,3,パシアンジャン,牡4,58.0,酒井学,1:50.0,1.1/2,5.4,3.0,454(+2),[西] 鈴木孝志,202508020710
9,7,13,ダブルジョーク,牡5,58.0,長岡禎仁,1:50.1,クビ,29.9,9.0,584(+6),[西] 小林真也,202508020710
10,6,11,フームスムート,牡8,58.0,川須栄彦,1:50.4,2,217.0,16.0,534(0),[東] 水野貴広,202508020710
11,5,10,ハギノアルデバラン,牡5,58.0,浜中俊,1:50.9,3,48.4,11.0,516(+8),[西] 佐藤悠太,202508020710
12,4,8,レーウィン,セ4,58.0,岩田康誠,1:51.1,3/4,9.1,5.0,508(+6),[西] 上村洋行,202508020710
13,8,15,メイショウコガシラ,牡5,58.0,田口貫太,1:51.4,2,65.4,14.0,504(0),[西] 本田優,202508020710
14,7,14,トウカイポワール,牝4,56.0,幸英明,1:51.5,3/4,51.2,12.0,460(+4),[西] 北出成人,202508020710
15,8,16,リチャ,牡5,58.0,吉村誠之,1:51.6,1/2,46.0,10.0,490(-6),[東] 田中博康,202508020710
16,1,1,スマートリアファル,牡4,58.0,シュタル,1:53.6,大,15.5,6.0,486(-6),[西] 加藤公太,202508020710
1,8,10,オタルエバー,牡6,58.0,幸英明,1:08.7,,32.7,8.0,490(-2),[西] 中竹和也,202508020711
2,6,7,キタノエクスプレス,牡7,58.0,国分優作,1:08.8,1/2,4.9,3.0,510(0),[西] 坂口智康,202508020711
3,8,11,マイネルレノン,牡6,57.0,和田竜二,1:09.1,1.3/4,12.2,5.0,492(+6),[西] 宮徹,202508020711
4,3,3,バンデルオーラ,牡6,57.0,国分恭介,1:09.2,1/2,30.3,7.0,486(+6),[西] 牧浦充徳,202508020711
5,7,9,ソウテン,牡6,57.0,鮫島克駿,1:09.3,アタマ,22.9,6.0,526(-10),[西] 斉藤崇史,202508020711
6,4,4,ディヴィナシオン,牡8,58.0,松山弘平,1:09.3,アタマ,44.1,9.0,484(+4),[西] 森秀行,202508020711
7,2,2,アナゴサン,牡7,57.0,吉村誠之,1:09.3,クビ,6.3,4.0,466(-6),[西] 牧田和弥,202508020711
8,5,5,ロンドンプラン,牡5,57.0,松本大輝,1:09.3,アタマ,53.3,10.0,520(-8),[西] 宮本博,202508020711
9,6,6,グランテスト,牝5,56.0,川田将雅,1:09.3,ハナ,2.5,1.0,478(+2),[西] 今野貞一,202508020711
10,1,1,ナナオ,牝4,56.0,浜中俊,1:09.5,3/4,3.9,2.0,442(+2),[西] 小栗実,202508020711
11,7,8,カリボール,牡9,58.0,シュタル,1:09.7,1.1/4,70.6,11.0,500(+2),[西] 西村真幸,202508020711
1,6,6,ヒロノラメール,牡4,58.0,松山弘平,1:49.9,,8.0,4.0,486(-2),[西] 宮地貴稔,202508020712
2,1,1,ホルトバージ,牡4,58.0,シュタル,1:50.3,2,6.0,3.0,470(-8),[西] 寺島良,202508020712
3,5,5,トーレ,牡4,58.0,鮫島克駿,1:50.3,アタマ,17.4,7.0,478(-4),[西] 高橋亮,202508020712
4,8,9,パカーラン,牡4,58.0,川田将雅,1:50.5,1.1/4,4.1,2.0,478(+2),[西] 藤原英昭,202508020712
5,7,8,チカミリオン,牝4,56.0,田口貫太,1:50.9,2,18.0,8.0,478(0),[西] 大久保龍,202508020712
6,3,3,アラナコア,牡4,58.0,幸英明,1:51.0,3/4,2.9,1.0,490(0),[西] 田中克典,202508020712
7,7,7,シンリミテス,牡6,58.0,太宰啓介,1:51.0,クビ,8.5,5.0,498(-2),[西] 大根田裕,202508020712
8,8,10,ヴォルスター,牡4,57.0,吉村誠之,1:52.1,7,12.0,6.0,438(+4),[西] 清水久詞,202508020712
9,4,4,バガリーロータス,牝4,53.0,森田誠也,1:53.0,5,21.6,9.0,454(-4),[西] 石坂公一,202508020712
10,2,2,アルタビスタ,牝5,53.0,鷲頭虎太,1:53.2,3/4,43.1,10.0,476(0),[西] 松永幹夫,202508020712
1,2,3,ラファル,牡3,57.0,岩田望来,1:23.9,,1.2,1.0,512(+4),[西] 田中克典,202508020801
2,7,14,リメンバーヒム,牡3,56.0,高杉吏麒,1:24.0,1,24.8,7.0,458(+4),[西] 浜田多実,202508020801
3,4,7,タガノテツ,牡3,57.0,団野大成,1:24.2,3/4,8.4,2.0,456(-2),[西] 荒川義之,202508020801
4,8,16,エンジョイドライブ,牡3,54.0,森田誠也,1:24.4,1.1/2,16.8,4.0,480(0),[西] 宮本博,202508020801
5,3,5,サントレッダー,牝3,54.0,吉村誠之,1:24.6,1,20.2,5.0,474(-4),[西] 野中賢二,202508020801
6,5,10,アラクシュミー,牝3,55.0,高倉稜,1:24.6,クビ,522.1,16.0,448(-6),[西] 北出成人,202508020801
7,7,13,キタノホウセキ,牝3,55.0,川又賢治,1:24.9,1.1/2,339.5,15.0,462(0),[西] 畑端省吾,202508020801
8,3,6,ダイゴセイリュウ,牡3,57.0,酒井学,1:25.0,クビ,82.3,10.0,474(-4),[西] 秋山真一,202508020801
9,2,4,メイショウセオト,牝3,55.0,浜中俊,1:25.0,クビ,95.0,11.0,470(0),[西] 笹田和秀,202508020801
10,6,12,ツインギ,牝3,55.0,松若風馬,1:25.1,クビ,41.1,8.0,466(-8),[西] 小栗実,202508020801
11,1,2,ブライトイメル,牡3,57.0,田口貫太,1:25.4,2,97.4,12.0,438(+2),[西] 本田優,202508020801
12,1,1,レイデラティエラ,牡3,57.0,国分優作,1:25.7,2,119.5,13.0,468(+2),[西] 小崎憲,202508020801
13,5,9,ジーティースワット,牡3,57.0,長岡禎仁,1:26.3,3.1/2,50.3,9.0,472(0),[西] 羽月友彦,202508020801
14,4,8,ハギノヴェルドン,牡3,57.0,鮫島克駿,1:26.8,3,258.9,14.0,452(+2),[西] 高野友和,202508020801
15,8,15,ストラティファイド,牝3,55.0,岩田康誠,1:27.1,1.3/4,21.4,6.0,440(0),[西] 矢作芳人,202508020801
16,6,11,ナムラフィクサー,牡3,57.0,幸英明,1:27.3,1.1/2,15.4,3.0,440(+6),[西] 鈴木孝志,202508020801
1,4,5,ハギノコラソン,牝3,55.0,岩田望来,1:52.2,,2.8,1.0,466(0),[西] 寺島良,202508020802
2,5,6,ベルシエル,牝3,55.0,田口貫太,1:52.4,1.1/2,60.7,9.0,424(+4),[西] 高橋義忠,202508020802
3,5,7,ラテライト,牝3,54.0,吉村誠之,1:52.5,1/2,4.6,2.0,454(+4),[西] 松下武士,202508020802
4,7,10,モズカトレア,牝3,52.0,鷲頭虎太,1:53.0,2.1/2,57.8,8.0,488(0),[西] 井上智史,202508020802
5,6,8,エイシンナザレ,牝3,55.0,酒井学,1:53.0,ハナ,86.3,10.0,450(0),[西] 中尾秀正,202508020802
6,3,3,メイショウナナコ,牝3,54.0,高杉吏麒,1:53.2,1.1/2,105.0,11.0,468(-6),[西] 荒川義之,202508020802
7,8,13,サダルメリク,牝3,55.0,幸英明,1:53.5,1.3/4,6.4,5.0,468(+2),[西] 今野貞一,202508020802
8,2,2,ロッツオブプランズ,牝3,55.0,藤岡佑介,1:53.7,1,15.3,6.0,480(-2),[西] 四位洋文,202508020802
9,7,11,ゴートゥーミジョカ,牝3,55.0,水口優也,1:53.8,1,28.2,7.0,432(+2),[西] 宮本博,202508020802
10,1,1,ロクサーヌ,牝3,55.0,岩田康誠,1:54.4,3.1/2,5.1,3.0,464(0),[西] 上村洋行,202508020802
11,6,9,アニュレス,牝3,55.0,団野大成,1:55.0,3.1/2,6.0,4.0,440(-4),[西] 佐々木晶,202508020802
12,8,12,ララナチュール,牝3,55.0,和田竜二,1:55.9,5,105.0,12.0,452(0),[西] 辻野泰之,202508020802
除,4,4,アレーティア,牝3,55.0,浜中俊,,,---,,504(+2),[西] 田中克典,202508020802
1,2,3,ブライティアブーケ,牝3,55.0,荻野琢真,1:09.4,,14.8,6.0,434(+14),[西] 小林真也,202508020803
2,6,11,ブライアーヒル,牝3,55.0,国分優作,1:09.5,1/2,52.7,11.0,470(+2),[西] 中尾秀正,202508020803
3,5,10,ナリタボニー,牝3,52.0,鷲頭虎太,1:09.8,1.3/4,80.9,12.0,440(+2),[西] 高橋亮,202508020803
4,4,8,ウォーターカルミア,牝3,54.0,高杉吏麒,1:09.9,3/4,15.3,7.0,402(+10),[西] 藤野健太,202508020803
5,8,16,ラインピクシー,牝3,54.0,吉村誠之,1:10.0,1/2,10.1,5.0,472(-2),[西] 長谷川浩,202508020803
6,6,12,ダディーズグーグー,牡3,57.0,川又賢治,1:10.1,3/4,3.7,2.0,486(+4),[西] 畑端省吾,202508020803
7,1,1,ラッキーカムカム,牝3,55.0,古川吉洋,1:10.1,ハナ,28.1,8.0,460(0),[西] 中村直也,202508020803
8,2,4,コッコラーレ,牝3,52.0,森田誠也,1:10.2,1/2,47.4,10.0,480(+8),[西] 鈴木孝志,202508020803
9,5,9,ベルヴィヴァン,牝3,55.0,鮫島克駿,1:10.2,アタマ,5.6,3.0,476(+6),[西] 西村真幸,202508020803
10,4,7,マサウッドテール,牡3,57.0,小崎綾也,1:10.2,クビ,41.6,9.0,466(-2),[西] 河嶋宏樹,202508020803
11,3,6,ワンザストーリー,牝3,55.0,高倉稜,1:10.3,クビ,97.4,13.0,408(-2),[西] 武英智,202508020803
12,7,14,メイショウマサツラ,牡3,57.0,田口貫太,1:10.4,3/4,8.0,4.0,504(0),[西] 本田優,202508020803
13,1,2,ミジョカスマイル,牝3,55.0,加藤祥太,1:10.6,1,174.3,15.0,444(0),[西] 庄野靖志,202508020803
13,8,15,フィリグラン,牝3,55.0,和田竜二,1:10.6,同着,145.5,14.0,412(0),[西] 森田直行,202508020803
15,3,5,アスカノソング,牡3,57.0,水口優也,1:10.6,クビ,372.8,16.0,460(-6),[西] 宮地貴稔,202508020803
16,7,13,ドロップオブレイ,牝3,55.0,団野大成,1:12.3,10,3.2,1.0,452(+8),[西] 西園翔太,202508020803
1,5,5,キタサンハナビラ,牝3,55.0,団野大成,2:01.0,,1.9,1.0,438(0),[西] 斉藤崇史,202508020804
2,3,3,ポテチ,牡3,57.0,和田竜二,2:01.5,3,6.6,4.0,392(-2),[西] 鈴木孝志,202508020804
3,6,8,ドルチェリターン,牡3,56.0,吉村誠之,2:01.7,1.1/4,5.9,3.0,458(-8),[西] 池添学,202508020804
4,2,2,サイモンイロハニー,牝3,55.0,幸英明,2:02.7,6,9.5,5.0,416(+6),[西] 谷潔,202508020804
5,8,12,コスモメモラブル,牝3,55.0,松若風馬,2:02.9,3/4,185.5,10.0,394(-2),[西] 梅田智之,202508020804
6,6,7,トップパワー,牡3,57.0,川須栄彦,2:03.1,1.1/4,4.4,2.0,456(0),[西] 小椋研介,202508020804
7,8,11,エイシンカーバイン,牡3,57.0,川又賢治,2:03.1,クビ,99.5,9.0,462(+6),[西] 吉村圭司,202508020804
8,4,4,グレートジーンズ,牡3,57.0,鮫島克駿,2:03.2,クビ,245.8,11.0,462(-4),[西] 東田明士,202508020804
9,7,10,ルーメン,牝3,52.0,森田誠也,2:03.2,ハナ,74.7,8.0,410(-4),[西] 前川恭子,202508020804
10,7,9,コスモナッシュビル,牡3,57.0,田口貫太,2:03.2,クビ,41.6,7.0,504(-2),[西] 吉田直弘,202508020804
11,1,1,レイホーキング,牡3,57.0,岩田康誠,2:03.4,1.1/4,25.5,6.0,458(-6),[東] 奥村武,202508020804
12,5,6,ナウウィアートール,牝3,55.0,小崎綾也,2:03.7,2,421.3,12.0,442(-4),[西] 高橋一哉,202508020804
1,8,13,タガノマカシヤ,牡3,57.0,岩田望来,1:51.2,,3.9,2.0,500(+8),[西] 中村直也,202508020805
2,4,5,テーオーマルコーニ,牡3,57.0,藤岡佑介,1:51.3,1/2,2.3,1.0,494(+2),[西] 奥村豊,202508020805
3,6,9,バタール,牡3,57.0,鮫島克駿,1:51.5,1.1/4,17.5,7.0,544(-2),[東] 鹿戸雄一,202508020805
4,5,6,アートレスマインド,牡3,56.0,吉村誠之,1:51.6,1/2,16.8,6.0,464(-4),[西] 坂口智康,202508020805
5,5,7,チュウジョウ,牡3,57.0,和田竜二,1:51.8,1.1/2,12.7,5.0,506(+6),[西] 杉山佳明,202508020805
6,6,8,スリーキングス,牡3,57.0,岩田康誠,1:51.9,クビ,7.4,3.0,506(+2),[西] 上村洋行,202508020805
7,8,12,ゴッドヴァレー,牡3,57.0,古川吉洋,1:52.0,1/2,58.2,12.0,460(-4),[西] 渡辺薫彦,202508020805
8,3,3,ルシタニア,牡3,57.0,浜中俊,1:52.0,アタマ,43.1,10.0,484(+6),[西] 武幸四郎,202508020805
9,4,4,スパイラルビジョン,牡3,57.0,団野大成,1:52.3,2,19.0,8.0,484(-4),[西] 佐々木晶,202508020805
10,7,11,ディニテ,牡3,57.0,小崎綾也,1:52.6,1.3/4,38.9,9.0,494(+2),[西] 辻野泰之,202508020805
11,1,1,ヤングアメリカンズ,牡3,56.0,高杉吏麒,1:52.9,1.1/2,44.9,11.0,498(+10),[西] 奥村豊,202508020805
12,2,2,リアルスター,牡3,57.0,田口貫太,1:52.9,クビ,12.2,4.0,544(0),[西] 大橋勇樹,202508020805
13,7,10,ニシノミチアキ,牡3,57.0,幸英明,1:53.7,5,68.7,13.0,472(-4),[西] 吉村圭司,202508020805
1,7,13,トウカイエルデ,牡4,58.0,団野大成,1:08.8,,12.1,7.0,452(-10),[西] 茶木太樹,202508020806
2,6,11,パッシングシャワー,牡4,58.0,岩田康誠,1:09.0,1.1/2,5.1,2.0,522(+8),[西] 安田翔伍,202508020806
3,8,15,スウィートリワード,牝4,56.0,浜中俊,1:09.2,1.1/4,10.3,6.0,458(+4),[西] 宮本博,202508020806
4,5,9,ルクスノア,牝4,56.0,鮫島克駿,1:09.2,クビ,8.2,4.0,482(+10),[西] 平田修,202508020806
5,2,3,メイショウオオミネ,牡5,58.0,田口貫太,1:09.4,1,87.1,12.0,444(-2),[西] 石橋守,202508020806
6,3,6,フーレイ,牝6,56.0,川須栄彦,1:09.5,3/4,78.3,11.0,460(0),[西] 加藤公太,202508020806
7,8,16,ルージュレベッカ,牝4,56.0,古川吉洋,1:09.6,1/2,7.8,3.0,464(+4),[西] 昆貢,202508020806
8,1,1,ディスタントスカイ,牡4,58.0,酒井学,1:09.7,1/2,3.0,1.0,514(0),[西] 角田晃一,202508020806
9,6,12,シュブロンレーヴル,牝4,56.0,岩田望来,1:09.8,3/4,21.4,9.0,418(+18),[西] 杉山佳明,202508020806
10,4,8,シャインズオンユー,牡4,58.0,小崎綾也,1:09.8,クビ,167.9,15.0,466(+10),[西] 藤野健太,202508020806
11,5,10,セントキルダ,牡4,58.0,松若風馬,1:09.8,ハナ,33.2,10.0,468(-14),[西] 東田明士,202508020806
12,2,4,ドナウパール,牝5,56.0,幸英明,1:09.9,クビ,17.8,8.0,464(+10),[西] 斉藤崇史,202508020806
13,3,5,ピカリ,牝4,55.0,吉村誠之,1:09.9,クビ,8.5,5.0,508(+8),[西] 森秀行,202508020806
14,4,7,アナレクタ,牡4,58.0,川又賢治,1:10.0,1/2,148.9,14.0,472(-4),[西] 千田輝彦,202508020806
15,1,2,ラブカヒルー,牝6,56.0,国分優作,1:10.0,ハナ,248.7,16.0,456(+4),[西] 森田直行,202508020806
16,7,14,ウィルダネス,牝4,55.0,高杉吏麒,1:10.2,1,136.5,13.0,448(-8),[西] 野中賢二,202508020806
1,7,7,メイショウカシワデ,牡4,58.0,岩田康誠,1:59.1,,4.1,2.0,454(0),[西] 角田晃一,202508020807
2,1,1,ブルーワール,牡4,58.0,松若風馬,1:59.3,1.1/2,6.5,5.0,510(+4),[西] 高柳大輔,202508020807
3,6,6,タケノシンセイ,牡4,55.0,鷲頭虎太,1:59.4,クビ,5.2,4.0,472(0),[西] 井上智史,202508020807
4,4,4,メイショウコナン,牡4,58.0,団野大成,1:59.4,アタマ,4.6,3.0,502(-8),[西] 荒川義之,202508020807
5,5,5,ポルトドール,牡5,57.0,吉村誠之,1:59.6,1,3.1,1.0,460(-2),[西] 小栗実,202508020807
6,2,2,ハギノカノア,牡5,58.0,荻野琢真,2:00.0,2.1/2,52.9,9.0,474(-4),[西] 秋山真一,202508020807
7,8,10,シゲルオトヒメ,牝6,56.0,酒井学,2:00.0,アタマ,17.7,6.0,430(+2),[西] 谷潔,202508020807
8,7,8,トゥルース,牡5,58.0,国分優作,2:00.1,1/2,46.6,8.0,522(0),[東] 金成貴史,202508020807
9,3,3,デンタルフロス,牝4,56.0,小崎綾也,2:00.7,3.1/2,73.3,10.0,432(+2),[西] 高橋一哉,202508020807
10,8,9,タマモネモフィラ,牝5,56.0,田口貫太,2:01.0,1.1/2,41.8,7.0,468(-12),[西] 大橋勇樹,202508020807
1,6,6,ジーティームソウ,牡4,58.0,岩田望来,1:47.5,,2.7,1.0,494(+6),[西] 西村真幸,202508020808
2,1,1,ルミエールドゥース,牝4,55.0,高杉吏麒,1:47.6,1/2,31.5,8.0,464(-2),[西] 緒方努,202508020808
3,7,8,アレンテージョ,牡5,58.0,団野大成,1:47.7,3/4,3.1,2.0,474(-2),[西] 坂口智康,202508020808
4,3,3,エイシンジェンマ,牝5,56.0,川又賢治,1:47.8,クビ,6.5,4.0,496(+4),[西] 中尾秀正,202508020808
5,7,7,デルシエロ,牡4,57.0,吉村誠之,1:48.0,1.1/4,6.1,3.0,416(-2),[西] 清水久詞,202508020808
6,5,5,ピエナオルフェ,牡4,58.0,田中健,1:48.0,ハナ,162.1,10.0,458(+6),[西] 荒川義之,202508020808
7,2,2,ダイシンビヨンド,牝6,56.0,シュタル,1:48.0,ハナ,12.2,6.0,462(+2),[西] 梅田智之,202508020808
8,8,9,フラッシュフリーズ,牝4,56.0,和田竜二,1:48.2,1.1/4,29.1,7.0,402(+2),[西] 吉村圭司,202508020808
9,4,4,テーオーコンドル,セ6,55.0,森田誠也,1:48.3,クビ,100.6,9.0,482(-2),[西] 宮徹,202508020808
10,8,10,マテンロウノカゼ,牡4,58.0,古川吉洋,1:48.8,3,11.5,5.0,482(0),[西] 昆貢,202508020808
1,8,9,アクアヴァーナル,牝4,56.0,藤岡佑介,2:24.8,,1.7,1.0,460(0),[西] 四位洋文,202508020809
2,4,4,アメジストブラック,牡6,58.0,浜中俊,2:25.3,2.1/2,5.3,3.0,526(-2),[西] 小椋研介,202508020809
3,8,8,サトノスカイターフ,牡7,58.0,団野大成,2:25.7,2.1/2,5.1,2.0,510(+2),[西] 池江泰寿,202508020809
4,2,2,シュプリンガー,セ6,58.0,長岡禎仁,2:25.8,1/2,88.1,8.0,498(+2),[西] 小栗実,202508020809
5,3,3,キャリーハピネス,牡5,58.0,酒井学,2:26.0,1,15.8,6.0,496(-2),[西] 河嶋宏樹,202508020809
6,1,1,マルカブリッツ,牡5,58.0,幸英明,2:26.2,1.1/4,9.3,4.0,482(-4),[西] 福永祐一,202508020809
7,6,6,キープスマイリング,牝5,56.0,鮫島克駿,2:26.7,3,65.8,7.0,544(-4),[東] 武井亮,202508020809
8,7,7,アイザックバローズ,牡5,58.0,岩田望来,2:26.9,3/4,9.8,5.0,490(+8),[西] 友道康夫,202508020809
9,5,5,アドミラブルエース,牡6,58.0,吉村誠之,2:29.5,大,171.2,9.0,480(-4),[東] 蛯名利弘,202508020809
1,6,7,ココナッツブラウン,牝5,55.0,岩田望来,1:33.1,,3.9,2.0,450(+6),[西] 上村洋行,202508020810
2,5,6,ガイアメンテ,牡4,56.0,団野大成,1:33.5,2.1/2,3.8,1.0,494(-6),[西] 須貝尚介,202508020810
3,5,5,グランデサラス,牡5,56.0,高杉吏麒,1:33.7,1.1/4,15.4,7.0,490(0),[西] 池添学,202508020810
4,7,10,シュタールヴィント,牡5,56.0,藤岡佑介,1:33.9,1.1/4,11.1,6.0,460(+2),[西] 矢作芳人,202508020810
5,6,8,メイショウウネビ,牡6,54.0,松若風馬,1:33.9,クビ,67.8,11.0,500(-2),[西] 本田優,202508020810
6,8,11,エアミアーニ,セ7,54.0,田口貫太,1:34.0,1/2,39.1,9.0,450(0),[西] 笹田和秀,202508020810
7,3,3,エポックヴィーナス,牝4,55.0,和田竜二,1:34.1,1/2,6.3,4.0,444(0),[西] 新谷功一,202508020810
8,1,1,カヨウネンカ,牝6,53.0,酒井学,1:34.1,クビ,46.2,10.0,472(+4),[東] 斎藤誠,202508020810
9,8,12,スズカダブル,牡5,57.0,幸英明,1:34.2,3/4,7.0,5.0,512(+4),[西] 西村真幸,202508020810
10,4,4,ブリックワーク,牝4,54.0,吉村誠之,1:34.3,3/4,5.2,3.0,436(0),[西] 辻野泰之,202508020810
11,7,9,ショウナンラスボス,牡7,55.0,岩田康誠,1:34.4,クビ,38.1,8.0,468(-10),[東] 奥村武,202508020810
12,2,2,メイショウボサツ,牡8,53.0,加藤祥太,1:34.5,3/4,225.8,12.0,474(+6),[西] 梅田智之,202508020810
1,2,3,コンティノアール,牡5,55.0,シュタル,1:22.4,,40.1,10.0,536(-8),[西] 矢作芳人,202508020811
2,1,1,スマートサニー,牡5,55.0,浜中俊,1:22.5,1/2,11.5,6.0,476(+2),[西] 石橋守,202508020811
3,4,7,ジャスティンアース,牡4,56.0,鮫島克駿,1:22.5,クビ,3.8,1.0,478(0),[西] 杉山晴紀,202508020811
4,4,8,ニシキギミッチー,牡5,56.0,古川吉洋,1:22.6,3/4,8.0,4.0,492(-4),[東] 鈴木伸尋,202508020811
5,6,11,サンライズフレイム,牡5,59.0,藤岡佑介,1:22.8,1.1/4,3.9,2.0,520(-2),[西] 石坂公一,202508020811
6,3,6,アドバンスファラオ,牡5,57.0,松若風馬,1:22.9,3/4,15.8,8.0,490(-8),[西] 森秀行,202508020811
7,6,12,エミサキホコル,牡5,55.0,長岡禎仁,1:22.9,ハナ,18.1,9.0,500(+4),[西] 杉山佳明,202508020811
8,5,9,サトノフェニックス,牡4,57.0,和田竜二,1:23.2,1.1/2,12.4,7.0,500(+7),[西] 西園正都,202508020811
9,5,10,ベルダーイメル,牡8,57.5,酒井学,1:23.3,1/2,125.3,14.0,464(0),[西] 本田優,202508020811
10,8,16,ロードフロンティア,牡4,56.0,高杉吏麒,1:23.3,クビ,56.5,11.0,456(-12),[西] 松下武士,202508020811
11,7,13,バトルクライ,牡6,58.5,岩田望来,1:23.4,3/4,9.4,5.0,500(-4),[東] 高木登,202508020811
12,7,14,アルファマム,牝6,56.5,幸英明,1:23.5,クビ,7.5,3.0,466(0),[西] 佐々木晶,202508020811
13,3,5,タイセイサムソン,牡7,56.0,岩田康誠,1:23.9,2.1/2,105.4,13.0,502(+2),[東] 奥村武,202508020811
14,2,4,タイセイブリリオ,牡6,54.0,田口貫太,1:24.0,1/2,181.9,15.0,488(0),[西] 大橋勇樹,202508020811
15,8,15,ハコダテブショウ,牡7,56.0,吉村誠之,1:24.2,1,210.9,16.0,500(-4),[東] 相沢郁,202508020811
16,1,2,サウンドアレグリア,牝4,53.0,高倉稜,1:24.7,3,67.8,12.0,498(-4),[西] 武英智,202508020811
1,5,10,イミュータブル,牡5,58.0,鮫島克駿,1:10.3,,12.1,7.0,474(-4),[西] 浜田多実,202508020812
2,2,3,ニホンピロトッティ,牝4,56.0,田口貫太,1:10.4,3/4,20.9,11.0,406(0),[西] 緒方努,202508020812
3,6,11,ディキシーガンナー,牡5,58.0,和田竜二,1:10.9,3,9.4,5.0,486(-12),[西] 中内田充,202508020812
4,7,13,フレイミングパイ,牝4,56.0,岩田望来,1:11.0,クビ,5.1,1.0,450(+6),[西] 中竹和也,202508020812
5,3,6,フォルテローザ,牝4,56.0,団野大成,1:11.0,アタマ,13.7,8.0,442(+8),[西] 斉藤崇史,202508020812
6,8,16,プロテア,セ5,55.0,森田誠也,1:11.1,1/2,11.5,6.0,466(-4),[西] 宮本博,202508020812
7,4,8,ワイワイレジェンド,牡4,57.0,高杉吏麒,1:11.1,クビ,17.2,9.0,486(+2),[西] 矢作芳人,202508020812
8,4,7,モックモック,牡5,58.0,シュタル,1:11.2,クビ,5.2,2.0,496(-2),[西] 寺島良,202508020812
9,3,5,プリンスノット,牡5,58.0,岩田康誠,1:11.2,アタマ,18.3,10.0,480(+2),[西] 小椋研介,202508020812
10,1,2,クリノオリーブ,牝4,56.0,酒井学,1:11.2,アタマ,9.4,4.0,468(+2),[西] 谷潔,202508020812
11,5,9,ビップシュプリーム,牝6,55.0,吉村誠之,1:11.4,1,37.2,14.0,510(-4),[西] 松下武士,202508020812
12,2,4,エンプレスペイ,牝5,56.0,国分優作,1:11.4,アタマ,174.7,16.0,462(+2),[西] 小栗実,202508020812
13,6,12,メイショウヤーキス,牡4,58.0,幸英明,1:11.5,1,7.5,3.0,436(+8),[西] 飯田祐史,202508020812
14,8,15,サンダーバース,牡4,55.0,鷲頭虎太,1:11.7,1,29.6,12.0,484(0),[西] 井上智史,202508020812
15,7,14,ストームバンガード,牡4,58.0,水口優也,1:12.0,1.3/4,33.6,13.0,494(-2),[西] 岡田稲男,202508020812
16,1,1,フェリ,牝5,56.0,藤岡佑介,1:12.6,3.1/2,39.9,15.0,466(+6),[西] 佐々木晶,202508020812
1,7,14,バッハアルプゼー,牡3,57.0,松山弘平,1:10.9,,4.6,2.0,482(-4),[西] 橋口慎介,202508020901
2,4,8,エルサトアナ,牝3,52.0,和田陽希,1:11.9,6,30.3,9.0,428(+12),[西] 本田優,202508020901
3,1,2,ペイドラロワール,牡3,56.0,吉村誠之,1:11.9,クビ,4.4,1.0,462(0),[西] 清水久詞,202508020901
4,3,6,シュテルンビルト,牡3,57.0,中井裕二,1:12.2,2,5.4,3.0,456(+14),[西] 森田直行,202508020901
5,6,11,キーガッツ,牡3,57.0,長岡禎仁,1:12.4,3/4,14.9,7.0,468(0),[西] 杉山佳明,202508020901
6,2,3,クラウンセヘル,牡3,57.0,鮫島克駿,1:12.5,3/4,55.2,13.0,540(+4),[西] 茶木太樹,202508020901
7,5,9,マダムイグレイン,牝3,55.0,浜中俊,1:12.6,1/2,7.6,4.0,488(-4),[西] 飯田祐史,202508020901
8,8,15,ストラテージュ,牡3,57.0,田口貫太,1:12.6,クビ,99.9,15.0,472(-10),[西] 矢作芳人,202508020901
9,2,4,スマートフランキー,牡3,57.0,太宰啓介,1:12.8,3/4,29.1,8.0,494(0),[西] 石橋守,202508020901
10,5,10,フクノフィアーノン,牝3,55.0,武豊,1:12.9,クビ,8.4,6.0,418(+2),[西] 武英智,202508020901
11,8,16,キャットデイ,牝3,55.0,川又賢治,1:12.9,アタマ,38.4,11.0,428(+2),[西] 吉村圭司,202508020901
12,4,7,ユアマイスター,牝3,52.0,田山旺佑,1:12.9,クビ,260.0,16.0,426(-2),[西] 森田直行,202508020901
13,7,13,サマンサバローズ,牝3,55.0,団野大成,1:13.1,1,8.2,5.0,466(+2),[西] 斉藤崇史,202508020901
14,3,5,ローレルゼロ,牡3,57.0,幸英明,1:13.1,アタマ,37.5,10.0,478(+8),[西] 高橋康之,202508020901
15,1,1,ロイヤルイブキ,牡3,57.0,古川吉洋,1:13.2,クビ,39.9,12.0,496(+8),[西] 大根田裕,202508020901
16,6,12,ソニックサンライズ,牝3,55.0,松若風馬,1:14.4,7,85.1,14.0,430(0),[西] 東田明士,202508020901
1,7,13,ヤノマスティーロ,牡3,56.0,高杉吏麒,1:53.6,,3.4,2.0,524(-2),[西] 杉山晴紀,202508020902
2,3,5,ケイコウギュウゴ,牡3,54.0,田山旺佑,1:53.7,3/4,72.8,12.0,436(0),[西] 加藤公太,202508020902
3,5,9,ハッピーダンチャン,牡3,57.0,和田竜二,1:54.0,1.3/4,22.1,5.0,466(-2),[西] 小椋研介,202508020902
4,3,6,ロックウイズユー,牡3,57.0,松山弘平,1:54.3,1.3/4,2.3,1.0,450(+4),[西] 西園正都,202508020902
5,8,16,エイシンキャロッツ,牡3,57.0,鮫島克駿,1:54.3,クビ,8.5,4.0,458(-4),[西] 小崎憲,202508020902
6,6,11,サンライズフーガ,牡3,57.0,高倉稜,1:54.7,2.1/2,314.8,16.0,470(-6),[西] 前川恭子,202508020902
7,2,4,フルセンド,牝3,55.0,池添謙一,1:54.9,1.1/4,25.9,6.0,460(0),[西] 福永祐一,202508020902
8,8,15,クリノエドガー,牡3,57.0,団野大成,1:55.3,2,188.5,14.0,476(-6),[西] 荒川義之,202508020902
9,1,2,バレアレス,牡3,57.0,菱田裕二,1:56.0,4,5.6,3.0,514(-10),[西] 橋口慎介,202508020902
10,6,12,バティストゥータ,牡3,56.0,吉村誠之,1:56.0,クビ,69.6,11.0,552(0),[西] 清水久詞,202508020902
11,5,10,ブルゴーニュ,牝3,55.0,田口貫太,1:56.2,1.1/2,58.3,10.0,484(0),[西] 西園翔太,202508020902
12,2,3,サヨノファントム,牡3,57.0,幸英明,1:57.4,7,41.2,8.0,526(0),[西] 羽月友彦,202508020902
13,4,8,テイエムタワードン,セ3,57.0,太宰啓介,1:59.0,10,205.9,15.0,504(-24),[西] 畑端省吾,202508020902
14,7,14,リュウレイ,牝3,55.0,小崎綾也,1:59.4,2,73.4,13.0,452(+6),[西] 岡田稲男,202508020902
15,1,1,レッドインタクト,牡3,57.0,岩田康誠,1:59.5,3/4,47.1,9.0,462(-2),[西] 四位洋文,202508020902
16,4,7,マテンロウアトラス,牡3,57.0,古川吉洋,1:59.5,ハナ,29.0,7.0,494(-4),[西] 昆貢,202508020902
1,5,9,セクシーマージュ,牝3,55.0,坂井瑠星,1:21.0,,4.3,2.0,422(0),[西] 小椋研介,202508020903
2,2,4,ワンコールアウェイ,牝3,55.0,松山弘平,1:21.1,クビ,11.9,4.0,454(-2),[西] 杉山晴紀,202508020903
3,1,1,キーブリーゼ,牡3,57.0,田口貫太,1:21.2,1/2,20.5,8.0,492(+2),[西] 宮徹,202508020903
4,3,5,リリーオブザハート,牝3,55.0,鮫島克駿,1:21.2,ハナ,15.4,6.0,422(0),[西] 辻野泰之,202508020903
5,6,12,メイショウセイロウ,牡3,57.0,団野大成,1:21.2,クビ,2.7,1.0,418(-2),[西] 荒川義之,202508020903
6,8,16,マゴイチタ,セ3,57.0,高倉稜,1:21.3,1/2,27.5,9.0,454(-2),[西] 武英智,202508020903
7,7,15,ギフテッドアベリア,牝3,55.0,幸英明,1:21.3,ハナ,93.4,14.0,470(-6),[西] 松下武士,202508020903
8,4,8,ワインクーラー,牝3,55.0,菱田裕二,1:21.7,2,13.8,5.0,452(+2),[西] 石橋守,202508020903
9,1,2,オーケーダイナ,牝3,55.0,武豊,1:21.7,クビ,16.4,7.0,430(+8),[西] 奥村豊,202508020903
10,7,14,ロンティケチャップ,牡3,57.0,岩田康誠,1:21.8,3/4,5.6,3.0,502(+2),[西] 牧田和弥,202508020903
11,5,10,エイシンカリス,牝3,55.0,川又賢治,1:21.9,クビ,32.7,10.0,434(+16),[西] 吉村圭司,202508020903
12,8,18,サウンドルーチェ,牝3,52.0,和田陽希,1:21.9,ハナ,42.7,11.0,442(+8),[西] 渡辺薫彦,202508020903
13,2,3,マリエ,牝3,54.0,高杉吏麒,1:22.2,1.3/4,161.9,15.0,474(+6),[西] 千田輝彦,202508020903
14,8,17,ポムドール,牝3,55.0,中井裕二,1:22.6,2.1/2,320.0,17.0,476(0),[西] 藤野健太,202508020903
15,4,7,サンジャシント,牡3,57.0,北村友一,1:22.9,2,67.0,13.0,486(+6),[西] 石坂公一,202508020903
16,7,13,アンボワテ,牝3,55.0,松若風馬,1:23.1,3/4,180.7,16.0,428(0),[西] 小崎憲,202508020903
17,3,6,アスクアットバット,牡3,57.0,シュタル,1:24.9,大,62.3,12.0,482(-8),[西] 藤原英昭,202508020903
取,6,11,タンタンドル,牝3,54.0,吉村誠之,,,---,,計不,[西] 坂口智康,202508020903
1,8,17,エーデルヴェーグ,牝3,55.0,北村友一,1:48.5,,2.3,1.0,436(+6),[西] 田中克典,202508020904
2,4,7,ハートメテオ,牝3,55.0,鮫島克駿,1:48.7,1,4.2,2.0,446(+8),[西] 笹田和秀,202508020904
3,3,6,アドラビーレ,牝3,55.0,酒井学,1:49.3,3.1/2,13.2,5.0,444(+6),[西] 石坂公一,202508020904
4,6,11,ジーティードレス,牝3,55.0,藤岡佑介,1:49.3,ハナ,6.7,3.0,434(-4),[西] 辻野泰之,202508020904
5,7,13,ランフォースマイル,牝3,55.0,川田将雅,1:49.3,ハナ,14.8,7.0,442(+4),[西] 渡辺薫彦,202508020904
6,1,1,キラーチューン,牝3,55.0,団野大成,1:49.3,クビ,63.0,10.0,426(0),[西] 斉藤崇史,202508020904
7,4,8,ダイヤノゴトク,牝3,52.0,田山旺佑,1:49.3,ハナ,86.2,11.0,452(0),[西] 小栗実,202508020904
8,2,3,ピエタンツァ,牝3,55.0,武豊,1:49.6,1.3/4,13.8,6.0,474(0),[西] 松永幹夫,202508020904
9,5,9,アクチノータス,牝3,55.0,坂井瑠星,1:49.7,クビ,11.6,4.0,468(+4),[西] 矢作芳人,202508020904
10,5,10,フェアリーグレン,牝3,55.0,岡田祥嗣,1:49.7,ハナ,202.7,15.0,414(-6),[西] 吉田直弘,202508020904
11,8,16,サーリアル,牝3,55.0,田口貫太,1:49.9,1.1/4,221.9,16.0,428(+10),[西] 宮徹,202508020904
12,2,4,ウインロゼライト,牝3,55.0,岩田望来,1:50.1,1.1/2,24.8,8.0,420(+2),[西] 寺島良,202508020904
13,3,5,コンヴェックス,牝3,52.0,和田陽希,1:50.1,ハナ,91.3,12.0,434(-2),[西] 杉山晴紀,202508020904
14,8,18,ドラゴンガール,牝3,55.0,高倉稜,1:50.2,1/2,196.7,14.0,476(-2),[西] 前川恭子,202508020904
15,6,12,ヘンリエッタ,牝3,55.0,古川吉洋,1:50.2,ハナ,40.2,9.0,452(-10),[西] 武幸四郎,202508020904
16,1,2,エスタトゥイル,牝3,55.0,菱田裕二,1:50.3,3/4,410.7,18.0,474(0),[西] 石坂公一,202508020904
17,7,14,コイモノガタリ,牝3,55.0,幸英明,1:50.7,2,310.9,17.0,436(+12),[西] 河嶋宏樹,202508020904
18,7,15,ゴルシノメイ,牝3,54.0,高杉吏麒,1:51.2,3,138.4,13.0,438(0),[西] 吉村圭司,202508020904
1,3,6,サラダ,牝3,55.0,武豊,2:01.1,,6.3,3.0,444(-8),[西] 武英智,202508020905
2,3,5,サンタンドレア,牝3,55.0,松山弘平,2:01.3,1,17.1,7.0,432(0),[西] 池添学,202508020905
3,4,7,コンドゥイア,牝3,55.0,坂井瑠星,2:01.6,1.3/4,7.3,4.0,476(+8),[西] 井上智史,202508020905
4,8,16,ドンファーラウェイ,牡3,57.0,和田竜二,2:01.7,1/2,294.6,15.0,450(+6),[西] 庄野靖志,202508020905
5,1,1,ホースワン,牡3,57.0,シュタル,2:01.8,3/4,12.6,6.0,506(0),[西] 清水久詞,202508020905
6,6,11,アッケシ,牡3,57.0,団野大成,2:01.9,1/2,34.4,9.0,456(0),[西] 西園正都,202508020905
7,7,13,クランドゥイユ,牝3,55.0,鮫島克駿,2:02.0,1/2,105.3,12.0,476(0),[西] 矢作芳人,202508020905
8,5,10,セイフウサツキ,牡3,57.0,幸英明,2:02.2,1.1/2,39.1,10.0,454(-2),[西] 松永幹夫,202508020905
9,2,4,テレプシコーラ,牝3,54.0,吉村誠之,2:02.3,クビ,3.6,2.0,408(-2),[西] 坂口智康,202508020905
10,1,2,ピンクベルズ,牝3,55.0,松若風馬,2:02.3,クビ,287.9,14.0,432(+6),[西] 小栗実,202508020905
11,2,3,サトゥーア,牝3,55.0,岡田祥嗣,2:02.6,1.1/2,480.2,16.0,470(+10),[西] 安田翔伍,202508020905
12,5,9,アンテステーリア,牡3,57.0,北村友一,2:02.6,ハナ,3.0,1.0,492(+4),[西] 石坂公一,202508020905
13,6,12,グローサートラウム,牡3,57.0,浜中俊,2:02.7,1/2,32.3,8.0,482(+4),[西] 武幸四郎,202508020905
14,4,8,サフランクイン,牝3,55.0,田口貫太,2:02.7,アタマ,232.8,13.0,426(-4),[西] 渡辺薫彦,202508020905
15,7,14,マテンロウアーチ,牡3,57.0,川田将雅,2:03.0,1.1/2,11.8,5.0,478(0),[西] 中内田充,202508020905
16,8,15,ナムラローラ,牝3,55.0,川須栄彦,2:03.8,5,52.3,11.0,460(+2),[西] 河嶋宏樹,202508020905
1,4,4,ユウトザレン,牡3,56.0,高杉吏麒,1:23.6,,1.8,1.0,476(-2),[西] 千田輝彦,202508020906
2,2,2,エイプリルインパリ,牝3,55.0,小崎綾也,1:24.0,2.1/2,10.0,5.0,464(-2),[西] 高橋義忠,202508020906
3,7,7,トゥロン,牝3,55.0,岩田望来,1:24.3,1.1/2,6.7,4.0,520(+6),[西] 佐々木晶,202508020906
4,5,5,ストップヤーニング,牡3,57.0,長岡禎仁,1:24.6,2,6.3,3.0,434(-2),[西] 羽月友彦,202508020906
5,6,6,タンテドヴィーヴル,牡3,57.0,団野大成,1:25.1,3,31.3,8.0,486(-4),[西] 斉藤崇史,202508020906
6,3,3,リトルスカーレット,牝3,55.0,川田将雅,1:25.1,クビ,6.1,2.0,476(-6),[西] 小林真也,202508020906
7,8,8,キングコロネット,牡3,57.0,田口貫太,1:25.5,2,22.4,7.0,450(-2),[西] 大橋勇樹,202508020906
8,1,1,テイオームサシ,牡3,57.0,荻野琢真,1:26.5,6,108.2,9.0,478(-8),[西] 秋山真一,202508020906
9,8,9,アクルクス,牡3,57.0,松山弘平,1:26.6,クビ,21.9,6.0,476(+8),[西] 池添学,202508020906
1,5,5,ベトルス,セ4,58.0,岩田望来,2:26.4,,1.6,1.0,510(+4),[西] 友道康夫,202508020907
2,6,7,ファームツエンティ,セ5,58.0,高倉稜,2:26.4,ハナ,46.0,8.0,450(+4),[西] 北出成人,202508020907
3,7,10,ジェロニモス,牡4,58.0,鮫島克駿,2:26.7,2,33.4,7.0,490(+10),[西] 中村直也,202508020907
4,3,3,マテンロウゴールド,牡4,58.0,中井裕二,2:26.7,ハナ,10.5,3.0,516(-14),[西] 中内田充,202508020907
5,6,8,ダノンペドロ,セ5,58.0,幸英明,2:26.9,3/4,20.1,6.0,482(0),[西] 寺島良,202508020907
6,5,6,アットアブラスト,セ5,57.0,高杉吏麒,2:27.0,1/2,11.5,4.0,458(-2),[西] 小椋研介,202508020907
7,1,1,テイクザクラウン,牡4,58.0,川田将雅,2:27.0,ハナ,3.7,2.0,448(+8),[西] 吉村圭司,202508020907
8,4,4,キングピン,牡4,58.0,坂井瑠星,2:27.5,3,14.8,5.0,508(-4),[西] 四位洋文,202508020907
9,8,11,ワーキングアセット,牡4,55.0,和田陽希,2:28.5,6,104.9,9.0,480(-10),[西] 井上智史,202508020907
10,2,2,アンジェリカル,牝5,56.0,鮫島良太,2:28.8,1.3/4,228.1,12.0,456(-2),[西] 河嶋宏樹,202508020907
11,7,9,マサハヤヴォス,牡4,58.0,和田竜二,2:29.1,2,143.7,10.0,466(-8),[西] 今野貞一,202508020907
12,8,12,スマイルペンダント,牝4,56.0,田口貫太,2:32.8,大,219.2,11.0,486(+2),[西] 井上智史,202508020907
1,8,15,シャハザマーン,牡4,58.0,松山弘平,1:51.9,,1.5,1.0,468(-6),[西] 藤原英昭,202508020908
2,1,1,モーメントキャッチ,牡5,58.0,原田和真,1:52.0,1/2,10.5,4.0,526(-8),[東] 松山将樹,202508020908
3,3,6,ムーランブルー,牝5,56.0,坂井瑠星,1:52.2,1.1/4,20.8,5.0,500(-2),[東] 久保田貴,202508020908
4,2,4,リアルペガサス,牡4,58.0,田口貫太,1:52.4,1.1/2,10.3,3.0,450(-2),[西] 大橋勇樹,202508020908
5,1,2,ヒラリーステップ,牝5,56.0,和田竜二,1:52.5,クビ,66.2,14.0,496(+6),[東] 天間昭一,202508020908
6,4,7,ペネトレイトゴー,セ5,57.0,吉村誠之,1:52.6,1/2,23.9,6.0,432(0),[西] 森秀行,202508020908
7,8,16,サーティファイド,牡6,58.0,岩田康誠,1:52.8,1,62.9,12.0,482(-2),[西] 佐藤悠太,202508020908
8,4,8,タケノシンセイ,牡4,58.0,鮫島克駿,1:52.8,クビ,8.5,2.0,472(0),[西] 井上智史,202508020908
9,5,9,ポップスター,セ4,58.0,古川吉洋,1:52.9,1/2,38.2,10.0,486(-6),[東] 南田美知,202508020908
10,6,12,ロスティチェーレ,牝5,56.0,北村友一,1:53.2,2,28.5,8.0,474(+8),[西] 松下武士,202508020908
11,7,14,コイヌール,牡4,57.0,高杉吏麒,1:53.6,2.1/2,66.0,13.0,480(+8),[東] 鹿戸雄一,202508020908
12,5,10,ハイグッドワールド,牡4,58.0,幸英明,1:54.1,2.1/2,48.8,11.0,502(+2),[西] 谷潔,202508020908
13,2,3,ニホンピロマリンバ,牝4,53.0,田山旺佑,1:54.2,3/4,69.6,15.0,498(+12),[西] 安達昭夫,202508020908
14,3,5,シルヴァーデューク,牡5,58.0,横山典弘,1:55.0,5,27.4,7.0,456(-4),[西] 前川恭子,202508020908
15,6,11,ナムラルッコラ,牝4,56.0,国分優作,1:55.2,1.1/4,216.9,16.0,490(-2),[西] 大橋勇樹,202508020908
16,7,13,パルメリータ,牝5,56.0,武豊,1:55.9,4,34.7,9.0,498(0),[西] 西園正都,202508020908
1,1,1,グラフィティアート,牡3,57.0,浜中俊,1:34.9,,6.0,3.0,466(-4),[西] 石橋守,202508020909
2,8,13,ゼンダンハヤブサ,牡3,57.0,団野大成,1:34.9,クビ,62.8,10.0,450(+6),[西] 佐々木晶,202508020909
3,5,6,グローリーリンク,牝3,55.0,川田将雅,1:35.0,1/2,1.9,1.0,512(+6),[西] 吉岡辰弥,202508020909
4,7,10,プチプランス,牡3,57.0,高杉吏麒,1:35.0,アタマ,20.9,7.0,488(+6),[西] 藤岡健一,202508020909
5,7,11,エンダードラゴン,牡3,57.0,武豊,1:35.1,1/2,4.6,2.0,516(+6),[西] 友道康夫,202508020909
6,5,7,スリーラーケン,牡3,57.0,藤懸貴志,1:35.7,3.1/2,22.3,8.0,492(-2),[西] 高橋義忠,202508020909
7,6,8,ウォーターエルピス,牝3,55.0,鮫島克駿,1:35.7,アタマ,244.0,12.0,502(+2),[西] 藤野健太,202508020909
8,6,9,ブルクトーア,牡3,57.0,松山弘平,1:36.3,3.1/2,14.7,5.0,494(+4),[西] 長谷川浩,202508020909
9,4,4,モンタルチーノ,牡3,57.0,シュタル,1:36.5,1.1/2,16.9,6.0,502(+6),[西] 庄野靖志,202508020909
10,4,5,ザラタン,牝3,55.0,池添謙一,1:36.9,2.1/2,27.9,9.0,432(+4),[西] 中竹和也,202508020909
11,2,2,ミッドナイトゲイル,牝3,55.0,和田竜二,1:37.2,2,282.2,13.0,486(-2),[西] 小栗実,202508020909
12,3,3,ヴァージル,牡3,57.0,坂井瑠星,1:37.4,3/4,14.5,4.0,456(+6),[西] 杉山晴紀,202508020909
13,8,12,ブーディガ,牝3,55.0,北村友一,1:37.7,1.3/4,123.7,11.0,486(+4),[西] 高橋一哉,202508020909
1,1,1,ランスオブクイーン,牝4,56.0,川田将雅,2:05.0,,4.3,3.0,446(+6),[西] 奥村豊,202508020910
2,4,4,ラヴァンダ,牝4,56.0,岩田望来,2:05.1,1/2,2.3,1.0,482(0),[西] 中村直也,202508020910
3,8,8,オーロラエックス,牝4,56.0,松山弘平,2:05.1,アタマ,4.1,2.0,486(-2),[西] 杉山晴紀,202508020910
4,6,6,ガジュノリ,牝4,56.0,幸英明,2:05.1,ハナ,29.0,7.0,480(+6),[東] 尾形和幸,202508020910
5,3,3,イングランドアイズ,牝5,56.0,北村友一,2:05.2,クビ,26.3,6.0,460(0),[西] 安田翔伍,202508020910
6,5,5,シルキーガール,牝4,56.0,岩田康誠,2:05.6,2.1/2,7.0,4.0,470(+16),[西] 上村洋行,202508020910
7,7,7,アウフヘーベン,牝5,56.0,菱田裕二,2:06.0,2.1/2,7.5,5.0,472(+12),[西] 高橋亮,202508020910
8,2,2,フェミナフォルテ,牝5,56.0,吉村誠之,2:06.5,3,132.9,8.0,422(-2),[東] 小島茂之,202508020910
1,4,7,アウトレンジ,牡5,58.0,松山弘平,1:57.2,,6.0,4.0,490(-3),[西] 大久保龍,202508020911
2,3,6,ロードクロンヌ,牡4,57.0,藤岡佑介,1:57.4,1.1/2,4.7,2.0,490(+10),[西] 四位洋文,202508020911
3,6,12,レヴォントゥレット,牡4,57.0,鮫島克駿,1:57.4,アタマ,43.4,10.0,490(-2),[西] 矢作芳人,202508020911
4,7,13,ジンセイ,牡4,57.0,川田将雅,1:57.5,1/2,6.1,5.0,512(+2),[西] 庄野靖志,202508020911
5,8,15,タイトニット,牡5,57.0,坂井瑠星,1:57.5,クビ,12.7,7.0,556(-8),[西] 今野貞一,202508020911
6,1,1,テーオードレフォン,牡6,57.0,シュタル,1:57.8,1.1/2,10.1,6.0,502(-2),[西] 梅田智之,202508020911
7,2,4,メイショウハリオ,牡8,59.0,浜中俊,1:57.8,ハナ,5.5,3.0,508(+9),[西] 岡田稲男,202508020911
8,6,11,マーブルロック,牡5,57.0,武豊,1:58.2,2.1/2,20.3,8.0,524(+4),[西] 西園正都,202508020911
9,4,8,ブライアンセンス,牡5,57.0,岩田望来,1:58.2,クビ,4.7,1.0,514(0),[東] 斎藤誠,202508020911
10,3,5,ルクスフロンティア,牡5,57.0,岩田康誠,1:58.5,1.3/4,40.2,9.0,498(+6),[西] 松永幹夫,202508020911
11,1,2,スレイマン,牡7,57.0,北村友一,1:58.5,クビ,129.5,13.0,546(+4),[西] 池添学,202508020911
12,5,9,カンピオーネ,牡6,57.0,高杉吏麒,1:58.6,1/2,111.6,12.0,512(+2),[東] 栗田徹,202508020911
13,5,10,ペプチドソレイユ,牡5,57.0,古川吉洋,1:58.7,1/2,258.0,16.0,486(-6),[西] 武英智,202508020911
14,8,16,バハルダール,牡6,57.0,田口貫太,1:58.8,クビ,184.1,15.0,514(+2),[西] 池江泰寿,202508020911
15,7,14,ライオットガール,牝5,55.0,吉村誠之,1:58.9,3/4,145.4,14.0,482(+9),[西] 中村直也,202508020911
16,2,3,メイクアリープ,牡6,57.0,幸英明,1:59.0,1,81.6,11.0,494(-6),[西] 大根田裕,202508020911
1,7,10,プロミシングスター,牡4,58.0,団野大成,1:21.8,,3.6,2.0,460(+6),[西] 高橋義忠,202508020912
2,7,11,フェンダー,牡4,58.0,吉村誠之,1:22.3,2.1/2,5.6,3.0,526(+8),[西] 斉藤崇史,202508020912
3,5,7,モズナイスバディー,牡4,58.0,Ｍ．デム,1:22.6,1.3/4,22.8,6.0,494(-8),[西] 飯田祐史,202508020912
4,3,3,ワーズワース,牡7,58.0,高杉吏麒,1:22.7,1.1/4,7.7,4.0,498(+2),[西] 高橋一哉,202508020912
5,5,6,マイティマイティー,牡4,58.0,坂井瑠星,1:22.8,クビ,2.2,1.0,488(+8),[西] 佐々木晶,202508020912
6,8,13,ダズリングダンス,セ5,58.0,川須栄彦,1:22.8,クビ,32.3,7.0,488(+4),[西] 小椋研介,202508020912
7,6,8,タイガースパーク,牡5,58.0,田口貫太,1:22.8,ハナ,37.5,8.0,454(+2),[西] 大橋勇樹,202508020912
8,6,9,アルジェンタージョ,牝4,56.0,幸英明,1:23.0,1,52.4,10.0,460(-2),[東] 伊藤圭三,202508020912
9,2,2,エチャケナ,牝4,56.0,酒井学,1:23.0,クビ,39.5,9.0,440(+2),[東] 金成貴史,202508020912
10,4,4,ヒルノピレネー,牡5,58.0,菱田裕二,1:23.1,1/2,111.4,12.0,456(-2),[西] 北出成人,202508020912
11,1,1,ワイノナオミ,牝4,56.0,浜中俊,1:23.1,ハナ,66.6,11.0,458(-2),[西] 畑端省吾,202508020912
12,4,5,グレイスオブゴッド,牝5,56.0,中井裕二,1:23.1,アタマ,177.7,13.0,488(+3),[西] 緒方努,202508020912
13,8,12,バックトゥザライト,牡5,58.0,岩田望来,1:23.2,クビ,18.1,5.0,524(+6),[西] 辻野泰之,202508020912
1,4,7,テーオーライマン,牡3,56.0,高杉吏麒,1:23.4,,3.8,2.0,456(0),[西] 宮徹,202508021001
2,1,2,モズフラッシュ,牝3,55.0,古川吉洋,1:23.6,3/4,15.4,5.0,520(+10),[西] 畑端省吾,202508021001
3,3,5,ディアウス,牡3,57.0,武豊,1:23.6,ハナ,2.1,1.0,448(-2),[西] 吉岡辰弥,202508021001
4,2,3,ケイアイブイスリー,牡3,57.0,和田竜二,1:23.9,1.3/4,38.1,6.0,444(+2),[西] 平田修,202508021001
5,2,4,カルミアクラウン,牝3,52.0,田山旺佑,1:24.2,1.3/4,80.8,11.0,444(+2),[西] 吉岡辰弥,202508021001
6,6,11,テイエムダイタカ,牡3,57.0,国分優作,1:24.3,3/4,98.4,13.0,448(+2),[西] 小椋研介,202508021001
7,8,16,バイルシュタイン,牡3,57.0,鮫島克駿,1:24.3,クビ,41.2,8.0,458(0),[西] 寺島良,202508021001
8,8,15,サッポロキタコ,牝3,55.0,浜中俊,1:24.6,1.1/2,7.6,4.0,478(+2),[西] 田中克典,202508021001
9,4,8,ロードバルセロナ,牡3,57.0,松若風馬,1:24.7,1/2,39.2,7.0,512(+8),[西] 茶木太樹,202508021001
10,5,9,カフジアッサム,牡3,57.0,鮫島良太,1:25.0,1.3/4,95.1,12.0,490(+6),[西] 河嶋宏樹,202508021001
11,7,13,ジョードリウム,牡3,56.0,吉村誠之,1:25.3,2,5.3,3.0,504(-4),[西] 清水久詞,202508021001
12,1,1,ハギビス,牝3,55.0,川又賢治,1:25.3,ハナ,102.8,14.0,474(-2),[西] 杉山佳明,202508021001
13,3,6,スターペスショウマ,牡3,54.0,森田誠也,1:25.4,1/2,68.5,9.0,456(0),[西] 石橋守,202508021001
14,7,14,スリーローズ,牝3,55.0,田口貫太,1:25.4,ハナ,79.7,10.0,492(0),[西] 谷潔,202508021001
15,6,12,クラウンテック,牡3,57.0,荻野琢真,1:25.7,1.1/2,390.6,16.0,442(0),[西] 梅田智之,202508021001
16,5,10,マットーネロッソ,牝3,55.0,川須栄彦,1:25.7,ハナ,193.5,15.0,470(+10),[西] 中尾秀正,202508021001
1,6,11,ジュルナール,牝3,55.0,松山弘平,1:50.6,,2.0,1.0,468(+6),[西] 池添学,202508021002
2,1,2,エスタンシア,牝3,54.0,吉村誠之,1:51.2,3.1/2,4.7,3.0,456(0),[西] 松下武士,202508021002
3,7,13,フクキタテーラー,牝3,55.0,菱田裕二,1:51.7,3,29.7,7.0,422(-4),[西] 緒方努,202508021002
4,3,5,ヨドギミ,牝3,55.0,鮫島克駿,1:52.3,3.1/2,47.4,9.0,468(+2),[西] 中村直也,202508021002
5,2,4,ヴァリオーサ,牝3,52.0,森田誠也,1:52.3,クビ,9.6,4.0,474(+2),[西] 武幸四郎,202508021002
6,4,8,フェアーメロディ,牝3,55.0,秋山稔樹,1:52.5,1.1/4,275.7,16.0,440(0),[西] 高橋義忠,202508021002
7,8,15,エルモドンナ,牝3,55.0,高倉稜,1:52.6,1/2,38.9,8.0,460(-6),[西] 杉山晴紀,202508021002
8,7,14,インマイブラッド,牝3,55.0,古川吉洋,1:52.6,アタマ,173.7,12.0,418(-8),[西] 中尾秀正,202508021002
9,2,3,ベネチアンクローム,牝3,55.0,和田竜二,1:52.7,クビ,29.5,6.0,504(0),[西] 小栗実,202508021002
10,8,16,グレースシャルマン,牝3,55.0,松若風馬,1:53.7,6,155.2,11.0,444(+14),[西] 奥村豊,202508021002
11,4,7,メイショウイントロ,牝3,55.0,酒井学,1:53.8,クビ,52.1,10.0,470(+4),[西] 飯田祐史,202508021002
12,5,9,オルロジェール,牝3,55.0,田口貫太,1:53.9,3/4,20.5,5.0,428(0),[西] 池江泰寿,202508021002
13,1,1,テンペスタリー,牝3,55.0,川須栄彦,1:54.2,1.1/2,223.7,15.0,408(+6),[西] 長谷川浩,202508021002
14,6,12,チャンドラマハル,牝3,55.0,広瀬航,1:54.4,1,182.7,13.0,498(-4),[西] 松下武士,202508021002
15,5,10,アラベスク,牝3,52.0,田山旺佑,1:55.0,4,189.3,14.0,450(+4),[西] 浜田多実,202508021002
16,3,6,オーケーエンジェル,牝3,55.0,武豊,1:56.0,6,4.4,2.0,440(+4),[西] 笹田和秀,202508021002
1,2,2,ワールドキッス,牡3,57.0,浜中俊,1:58.5,,27.7,7.0,444(+4),[西] 河嶋宏樹,202508021003
2,4,6,ハイアップグレード,牡3,57.0,田口貫太,1:59.3,5,9.5,5.0,482(+6),[西] 谷潔,202508021003
3,4,5,アメリカンバー,牡3,56.0,吉村誠之,1:59.4,3/4,2.4,1.0,516(+18),[西] 宮地貴稔,202508021003
4,7,12,ハイクオリティ,牡3,57.0,和田竜二,1:59.7,2,9.0,4.0,474(-6),[西] 今野貞一,202508021003
5,1,1,ジャスティンアロー,牡3,57.0,松山弘平,2:00.4,4,6.7,3.0,542(+4),[西] 吉岡辰弥,202508021003
6,7,11,カガセブンスター,牡3,56.0,高杉吏麒,2:00.5,クビ,15.6,6.0,454(+4),[西] 安達昭夫,202508021003
7,6,10,ヴェルトツィール,牡3,57.0,酒井学,2:01.0,3,250.8,13.0,516(-6),[西] 東田明士,202508021003
8,8,13,ショウリュウアサヒ,牡3,57.0,岩田康誠,2:01.0,ハナ,3.2,2.0,470(0),[西] 四位洋文,202508021003
9,8,14,フェアリアルギフト,牝3,52.0,田山旺佑,2:01.5,3,199.6,12.0,404(+4),[西] 緒方努,202508021003
10,3,3,シュタールペスカ,牡3,54.0,森田誠也,2:01.6,1/2,156.4,11.0,506(0),[西] 福永祐一,202508021003
11,5,8,サファイアブルー,牡3,57.0,秋山稔樹,2:01.6,クビ,310.6,14.0,516(0),[西] 羽月友彦,202508021003
12,6,9,アメリカンタロー,牡3,57.0,川又賢治,2:01.7,アタマ,33.2,8.0,518(-16),[西] 杉山佳明,202508021003
13,3,4,ペルティナクス,牡3,57.0,松若風馬,2:01.9,1.1/4,48.5,9.0,524(+2),[西] 池江泰寿,202508021003
14,5,7,ストームレーン,牡3,57.0,中井裕二,2:01.9,ハナ,145.4,10.0,426(+4),[西] 緒方努,202508021003
1,3,5,リアルフォルゴーレ,牡3,57.0,田口貫太,1:36.2,,4.5,4.0,478(+2),[西] 大橋勇樹,202508021004
2,5,10,ビップディラン,牡3,57.0,鮫島克駿,1:36.2,ハナ,3.9,1.0,452(-2),[西] 小椋研介,202508021004
3,2,3,ルクスフレンジー,牡3,57.0,酒井学,1:36.2,クビ,4.3,2.0,476(-2),[西] 松永幹夫,202508021004
4,6,12,コスモグローリー,牡3,57.0,和田竜二,1:36.3,クビ,4.4,3.0,450(-6),[西] 北出成人,202508021004
5,8,18,トリプレーテ,牡3,57.0,横山典弘,1:36.3,クビ,14.1,6.0,482(0),[西] 武英智,202508021004
6,7,14,マグナドムス,牡3,54.0,古川奈穂,1:36.5,1.1/4,94.3,12.0,464(-2),[西] 矢作芳人,202508021004
7,7,13,ニホンピロマーベル,牡3,57.0,川須栄彦,1:36.5,クビ,28.7,8.0,482(-2),[西] 中尾秀正,202508021004
8,7,15,コトリノウタウウタ,牝3,55.0,加藤祥太,1:36.7,1.1/4,217.1,14.0,432(+2),[西] 庄野靖志,202508021004
9,6,11,セルリアンドロップ,牡3,57.0,太宰啓介,1:37.2,3,61.3,10.0,472(+8),[西] 宮徹,202508021004
10,1,2,シストロン,牝3,55.0,国分優作,1:37.2,ハナ,18.5,7.0,472(+6),[西] 中竹和也,202508021004
11,8,16,アユツリムスメ,牝3,54.0,高杉吏麒,1:37.4,1.1/4,55.7,9.0,450(+12),[西] 前川恭子,202508021004
12,8,17,メイショウクメハチ,牡3,57.0,藤懸貴志,1:37.5,3/4,64.1,11.0,490(-10),[西] 荒川義之,202508021004
13,5,9,タガノミモザ,牝3,55.0,菱田裕二,1:37.8,1.3/4,283.3,17.0,470(-2),[西] 秋山真一,202508021004
14,3,6,ノボリリア,牝3,55.0,浜中俊,1:38.2,2.1/2,13.6,5.0,448(-2),[西] 石橋守,202508021004
15,4,8,ワキノアリエス,牝3,52.0,森田誠也,1:38.3,クビ,414.9,18.0,438(0),[西] 宮本博,202508021004
16,4,7,サンライズロンドン,牡3,57.0,古川吉洋,1:39.2,5,254.0,15.0,462(-4),[西] 浜田多実,202508021004
17,1,1,ラストプリンセス,牝3,54.0,吉村誠之,1:39.5,1.3/4,269.2,16.0,420(-2),[西] 清水久詞,202508021004
18,2,4,ヒルノブリスベン,牡3,57.0,池添謙一,1:39.5,ハナ,101.2,13.0,426(0),[西] 西村真幸,202508021004
1,3,3,レーヌマロン,牝3,54.0,高杉吏麒,2:15.5,,2.5,1.0,444(0),[西] 小栗実,202508021005
2,1,1,メイショウキンタイ,牡3,57.0,武豊,2:15.5,クビ,2.8,2.0,472(-6),[西] 高橋亮,202508021005
3,4,5,サトノソティラス,牡3,56.0,吉村誠之,2:15.8,1.3/4,7.0,3.0,496(+4),[西] 池江泰寿,202508021005
4,7,12,ボンドロア,牡3,57.0,横山典弘,2:16.5,4,9.8,4.0,468(-2),[西] 松永幹夫,202508021005
5,8,13,アンビアンス,牝3,55.0,酒井学,2:16.5,クビ,45.0,8.0,452(0),[西] 清水久詞,202508021005
6,8,14,ウインヘリオドール,牡3,57.0,松山弘平,2:16.5,ハナ,11.2,5.0,500(-2),[西] 梅田智之,202508021005
7,2,2,ショウナンマハト,牝3,55.0,鮫島克駿,2:16.8,1.3/4,150.3,11.0,442(+4),[西] 清水久詞,202508021005
8,5,7,ルーメン,牝3,52.0,古川奈穂,2:16.9,1/2,234.6,13.0,412(+2),[西] 前川恭子,202508021005
9,6,9,ノーランサンライズ,牝3,55.0,松若風馬,2:16.9,ハナ,55.2,9.0,480(-2),[西] 佐藤悠太,202508021005
10,4,6,ピリナマアナ,牝3,52.0,田山旺佑,2:17.1,1.1/4,12.8,6.0,438(+2),[西] 橋口慎介,202508021005
11,5,8,コスモリスナー,牡3,57.0,田口貫太,2:17.2,1/2,168.5,12.0,514(-6),[西] 宮徹,202508021005
12,3,4,ロードシックザール,牡3,57.0,中井裕二,2:18.5,8,318.6,14.0,512(+2),[西] 吉岡辰弥,202508021005
13,6,10,セブンスプリングス,セ3,54.0,森田誠也,2:18.6,1/2,135.1,10.0,472(-12),[西] 中村直也,202508021005
14,7,11,インザスカイ,牡3,57.0,和田竜二,2:26.5,大,41.5,7.0,506(+14),[西] 友道康夫,202508021005
1,6,9,アオイレーギーナ,牝3,55.0,池添謙一,1:10.2,,8.4,4.0,484(+6),[西] 宮地貴稔,202508021006
2,8,12,モンテディアーナ,牝3,55.0,武豊,1:10.3,クビ,2.6,1.0,460(+8),[西] 四位洋文,202508021006
3,1,1,ブルーサンセット,牝3,54.0,吉村誠之,1:10.6,2,18.8,7.0,448(+2),[西] 奥村豊,202508021006
4,3,3,ミクストベリーズ,牡3,57.0,川田将雅,1:10.7,1/2,4.0,2.0,480(-2),[東] 伊藤圭三,202508021006
5,5,7,ウィンストン,牡3,57.0,松山弘平,1:10.8,1/2,5.8,3.0,494(-2),[西] 杉山晴紀,202508021006
6,5,6,イリフィ,牝3,55.0,鮫島克駿,1:10.8,クビ,13.4,5.0,416(0),[西] 高野友和,202508021006
7,8,13,ハイファイスピード,牝3,55.0,酒井学,1:11.1,1.3/4,15.4,6.0,468(+6),[西] 宮本博,202508021006
8,4,5,オイランブチ,牝3,52.0,田山旺佑,1:11.1,ハナ,34.1,9.0,446(+8),[東] 的場均,202508021006
9,7,10,ユメシバイ,牝3,52.0,森田誠也,1:11.1,クビ,101.9,12.0,442(0),[西] 松永幹夫,202508021006
10,2,2,テイクイットオール,牡3,56.0,高杉吏麒,1:11.3,3/4,42.4,10.0,446(+4),[西] 中竹和也,202508021006
11,7,11,タマモブラウンタイ,牡3,57.0,菱田裕二,1:11.3,クビ,21.8,8.0,470(-6),[西] 角田晃一,202508021006
12,6,8,レディエンス,牝3,55.0,田口貫太,1:11.4,3/4,43.2,11.0,436(0),[西] 藤野健太,202508021006
13,4,4,サトノランデヴー,牝3,55.0,広瀬航,1:11.7,1.1/2,147.1,13.0,442(+4),[地] 田中一巧,202508021006
1,3,6,トリポリタニア,牡3,57.0,岩田康誠,1:49.6,,4.2,2.0,480(+6),[西] 上村洋行,202508021007
2,1,2,セボンサデッセ,牡3,57.0,菱田裕二,1:49.9,1.3/4,6.5,4.0,494(+8),[西] 橋口慎介,202508021007
3,6,11,カミノレアル,牡3,57.0,田口貫太,1:50.1,1.1/4,27.8,8.0,508(-4),[西] 今野貞一,202508021007
4,3,5,レッドボブ,牡3,57.0,浜中俊,1:50.2,3/4,14.5,6.0,528(-2),[西] 田中克典,202508021007
5,7,14,チムニートップス,牡3,56.0,吉村誠之,1:51.0,5,11.0,5.0,490(+2),[西] 杉山晴紀,202508021007
6,4,8,ミライヘノカギ,牡3,57.0,松山弘平,1:51.0,アタマ,6.2,3.0,526(+4),[東] 上原佑紀,202508021007
7,1,1,ゴールドダイアー,牡3,57.0,藤懸貴志,1:51.0,ハナ,174.7,16.0,478(+12),[西] 平田修,202508021007
8,2,4,ロードシュヴァリエ,牡3,57.0,中井裕二,1:51.0,アタマ,64.2,11.0,474(-10),[西] 森田直行,202508021007
9,6,12,アンジュアルディ,牝3,55.0,横山典弘,1:51.1,クビ,2.8,1.0,456(-6),[西] 昆貢,202508021007
10,5,9,オーレアミスト,牡3,57.0,和田竜二,1:51.1,アタマ,83.1,12.0,488(-4),[西] 友道康夫,202508021007
11,8,16,タガノマルアフ,牡3,54.0,田山旺佑,1:51.8,4,144.4,15.0,484(-2),[西] 角田晃一,202508021007
12,2,3,チュラビックタイム,牡3,56.0,高杉吏麒,1:52.2,2.1/2,103.4,14.0,488(+2),[東] 斎藤誠,202508021007
13,7,13,メイケイレイン,牡3,57.0,池添謙一,1:52.2,クビ,39.1,10.0,458(+18),[西] 中竹和也,202508021007
14,4,7,コウジョリョウゾク,牡3,57.0,荻野琢真,1:53.2,6,90.2,13.0,464(+4),[西] 牧田和弥,202508021007
15,5,10,ディープサミット,牡3,57.0,古川吉洋,1:53.4,1.1/2,33.1,9.0,498(0),[西] 四位洋文,202508021007
16,8,15,スコーピオンイメル,牡3,57.0,武豊,1:53.7,1.1/2,23.5,7.0,490(-4),[西] 武英智,202508021007
1,2,2,ファインライン,牡4,58.0,川田将雅,1:47.8,,2.6,2.0,476(-4),[西] 松永幹夫,202508021008
2,1,1,バレルターン,牡4,58.0,吉村誠之,1:48.1,1.1/2,1.7,1.0,486(+4),[西] 茶木太樹,202508021008
3,7,7,サンライズエース,牡6,58.0,池添謙一,1:48.3,1,6.8,3.0,516(+6),[西] 秋山真一,202508021008
4,4,4,ビヨンドザドリーム,牡5,58.0,加藤祥太,1:48.7,2.1/2,31.7,5.0,436(-6),[西] 小椋研介,202508021008
5,6,6,ドンアチェカ,牡5,58.0,松山弘平,1:49.0,2,10.7,4.0,492(+10),[西] 千田輝彦,202508021008
6,5,5,イーサンアイ,牡6,58.0,国分優作,1:49.2,3/4,62.3,6.0,468(0),[西] 河嶋宏樹,202508021008
7,3,3,テーオーコンドル,セ6,58.0,秋山稔樹,1:49.5,1.3/4,104.2,7.0,480(-2),[西] 宮徹,202508021008
1,5,9,エールトゥヘヴン,牡6,58.0,池添謙一,1:22.3,,10.5,4.0,462(-8),[東] 戸田博文,202508021009
2,7,14,テクノデザイン,牝5,55.0,高杉吏麒,1:22.4,3/4,20.5,8.0,436(0),[西] 千田輝彦,202508021009
3,6,11,ロジカルワーズ,牡4,58.0,川田将雅,1:22.5,クビ,2.3,1.0,496(-6),[東] 大竹正博,202508021009
4,8,17,ショウナンラウール,牝4,56.0,岩田康誠,1:22.7,1.1/2,11.7,5.0,424(-14),[西] 高橋義忠,202508021009
5,4,8,ケロシンドリームズ,牡4,58.0,鮫島克駿,1:22.9,3/4,19.3,6.0,534(-10),[西] 井上智史,202508021009
6,4,7,アルバニー,牝4,56.0,武豊,1:22.9,クビ,37.3,12.0,452(-8),[西] 千田輝彦,202508021009
7,7,13,ビーグラッド,牝4,56.0,菱田裕二,1:23.0,クビ,19.5,7.0,438(-2),[西] 岡田稲男,202508021009
8,5,10,レオンバローズ,牡6,58.0,松若風馬,1:23.1,3/4,31.2,10.0,476(-2),[西] 渡辺薫彦,202508021009
9,8,16,リアライズ,牡5,55.0,森田誠也,1:23.1,ハナ,5.7,2.0,514(+8),[西] 石橋守,202508021009
10,2,4,フーレイ,牝6,56.0,川須栄彦,1:23.1,アタマ,211.8,17.0,460(0),[西] 加藤公太,202508021009
11,7,15,ドナウパール,牝5,55.0,吉村誠之,1:23.1,アタマ,31.2,9.0,464(0),[西] 斉藤崇史,202508021009
12,8,18,メイショウオオミネ,牡5,58.0,浜中俊,1:23.2,クビ,37.3,11.0,446(+2),[西] 石橋守,202508021009
13,3,5,サンライズプルート,牡5,58.0,松山弘平,1:23.2,アタマ,6.2,3.0,476(+8),[西] 東田明士,202508021009
14,1,1,シュブロンレーヴル,牝4,56.0,川又賢治,1:23.2,クビ,194.2,16.0,416(-2),[西] 杉山佳明,202508021009
15,3,6,ジェニファー,牝4,56.0,中井裕二,1:23.5,1.1/2,140.8,14.0,458(+3),[西] 浜田多実,202508021009
16,6,12,ホウオウペトリュス,牝4,56.0,田口貫太,1:23.5,ハナ,165.8,15.0,452(+2),[西] 須貝尚介,202508021009
17,2,3,スナークサファイア,牝4,56.0,和田竜二,1:23.6,1,131.0,13.0,484(0),[西] 宮地貴稔,202508021009
18,1,2,グッドロマンス,牝5,53.0,田山旺佑,1:24.2,3.1/2,264.1,18.0,456(0),[西] 前川恭子,202508021009
1,7,13,キャプテンネキ,牝4,56.0,松若風馬,1:22.2,,3.2,1.0,544(-6),[西] 杉山晴紀,202508021010
2,4,7,マッシャーブルム,牡4,58.0,高倉稜,1:22.5,1.1/2,37.2,11.0,516(0),[西] 前川恭子,202508021010
3,1,2,ヘルモーズ,牡4,58.0,吉村誠之,1:22.6,3/4,10.1,5.0,516(+2),[西] 小林真也,202508021010
4,8,16,フェルヴェンテ,牡5,58.0,古川吉洋,1:22.6,ハナ,10.2,6.0,488(+2),[西] 宮徹,202508021010
5,3,5,ユキマル,牡5,58.0,中井裕二,1:22.6,ハナ,44.8,12.0,500(+10),[東] 尾形和幸,202508021010
6,2,3,エムズマインド,牡5,58.0,松山弘平,1:22.7,クビ,14.8,7.0,510(-8),[西] 荒川義之,202508021010
7,3,6,ジャーヴィス,牡5,58.0,岩田康誠,1:22.7,クビ,7.4,3.0,496(+4),[西] 千田輝彦,202508021010
8,5,10,スマートアンバー,牝5,56.0,田口貫太,1:22.8,3/4,99.9,15.0,474(-2),[西] 西園翔太,202508021010
9,2,4,スマートアイ,牝5,56.0,武豊,1:23.0,3/4,34.4,10.0,516(+10),[西] 寺島良,202508021010
10,7,14,テイエムランウェイ,牡6,58.0,鮫島良太,1:23.0,クビ,88.0,14.0,490(0),[西] 河嶋宏樹,202508021010
11,5,9,アンシール,セ4,58.0,酒井学,1:23.1,1/2,14.9,8.0,478(+8),[西] 小崎憲,202508021010
12,4,8,ランスオブサターン,牝5,56.0,太宰啓介,1:23.1,ハナ,27.6,9.0,446(0),[西] 本田優,202508021010
13,6,11,メイショウコバト,牝5,56.0,菱田裕二,1:23.5,2,84.4,13.0,466(+6),[東] 和田勇介,202508021010
13,8,15,フラムリンガム,セ4,58.0,浜中俊,1:23.5,同着,5.0,2.0,484(0),[東] 柄崎将寿,202508021010
15,6,12,メイショウフジタカ,牡7,58.0,和田竜二,1:24.0,3,139.9,16.0,490(-10),[西] 飯田祐史,202508021010
16,1,1,ヘンリー,牡5,58.0,鮫島克駿,1:28.2,大,7.8,4.0,544(+18),[西] 吉岡辰弥,202508021010
1,8,16,セキトバイースト,牝4,54.0,浜中俊,1:45.2,,17.4,8.0,456(+2),[西] 四位洋文,202508021011
2,5,10,ヒルノローザンヌ,牝6,51.0,川又賢治,1:45.7,3.1/2,109.1,15.0,480(+2),[西] 西村真幸,202508021011
3,6,12,トランキリテ,牡6,56.0,鮫島克駿,1:45.9,1,7.6,4.0,478(+4),[西] 松永幹夫,202508021011
4,6,11,バレエマスター,牡6,55.0,松若風馬,1:45.9,ハナ,76.5,13.0,482(+4),[西] 梅田智之,202508021011
5,4,8,マイネルケレリウス,牡5,55.0,川須栄彦,1:46.0,1/2,21.0,9.0,432(-2),[東] 奥村武,202508021011
6,2,4,ケイアイセナ,牡6,55.0,秋山稔樹,1:46.1,1,12.8,6.0,484(+4),[西] 平田修,202508021011
7,8,17,ホウオウラスカーズ,牝7,53.0,田口貫太,1:46.4,1.1/2,16.3,7.0,454(0),[東] 高木登,202508021011
8,8,15,スウィープフィート,牝4,55.0,横山典弘,1:46.6,1.1/4,6.9,3.0,484(-4),[西] 庄野靖志,202508021011
9,3,5,ショウナンマグマ,牡6,56.0,藤懸貴志,1:46.8,1,225.1,17.0,518(+6),[東] 尾関知人,202508021011
10,2,3,ウエストナウ,牡4,55.0,川田将雅,1:46.8,クビ,3.7,1.0,494(+6),[西] 佐々木晶,202508021011
11,7,14,エリカヴィータ,牝6,53.0,和田竜二,1:47.0,1.1/4,161.1,16.0,458(-16),[東] 国枝栄,202508021011
12,1,2,ジューンアヲニヨシ,牡5,56.0,池添謙一,1:47.1,1/2,10.1,5.0,482(-2),[西] 松下武士,202508021011
13,1,1,オニャンコポン,セ6,56.0,酒井学,1:47.1,アタマ,38.8,10.0,466(-6),[東] 小島茂之,202508021011
14,7,13,ギャラクシーナイト,牡6,56.0,国分優作,1:47.9,5,86.1,14.0,506(0),[東] 菊沢隆徳,202508021011
15,4,7,セオ,牡5,57.0,岩田康誠,1:48.0,クビ,4.0,2.0,494(-4),[西] 上村洋行,202508021011
16,5,9,アウスヴァール,セ7,55.0,古川吉洋,1:50.0,大,39.8,11.0,492(+2),[西] 昆貢,202508021011
17,3,6,コンクシェル,牝5,55.0,吉村誠之,1:50.1,1,41.0,12.0,484(+8),[西] 清水久詞,202508021011
1,5,5,アーマルコライト,牡4,57.0,吉村誠之,1:57.6,,3.4,2.0,516(-14),[西] 寺島良,202508021012
2,8,8,ソウルアンドジャズ,牡4,58.0,川須栄彦,1:57.8,1,5.6,3.0,502(-4),[東] 武井亮,202508021012
3,2,2,ノットイナフ,牡4,58.0,広瀬航,1:57.8,クビ,9.5,5.0,476(0),[西] 浜田多実,202508021012
4,1,1,パーサヴィアランス,牡6,58.0,鮫島克駿,1:57.9,1/2,15.2,7.0,460(-2),[西] 西村真幸,202508021012
5,7,7,フリーマントル,牡4,58.0,岩田康誠,1:58.4,3,7.8,4.0,504(+2),[東] 斎藤誠,202508021012
6,4,4,クリノフィガロ,牡4,58.0,和田竜二,1:58.8,2.1/2,2.6,1.0,492(-6),[西] 荒川義之,202508021012
7,8,9,タッチャブル,牡5,58.0,藤懸貴志,1:59.0,1.1/2,44.3,8.0,522(+6),[西] 中村直也,202508021012
8,6,6,メジェド,牡5,57.0,高杉吏麒,1:59.2,3/4,13.3,6.0,544(0),[西] 佐々木晶,202508021012
9,3,3,ショウナンハウル,牡4,58.0,池添謙一,2:01.0,大,60.1,9.0,504(-8),[西] 松下武士,202508021012
1,5,9,スルーザナイト,牝3,55.0,北村友一,1:53.6,,3.6,2.0,486(+8),[西] 西園翔太,202508021101
2,2,3,クイーンハピ,牝3,55.0,川田将雅,1:53.7,1/2,1.9,1.0,442(-6),[西] 大久保龍,202508021101
3,4,8,アレーティア,牝3,55.0,浜中俊,1:53.8,3/4,7.1,3.0,504(+2),[西] 田中克典,202508021101
4,1,2,コロニス,牝3,55.0,Ｍ．デム,1:54.1,1.3/4,12.8,5.0,554(-2),[西] 杉山佳明,202508021101
5,3,6,エーデルワイス,牝3,55.0,幸英明,1:54.2,クビ,137.1,12.0,486(0),[西] 渡辺薫彦,202508021101
6,1,1,カラーズリング,牝3,52.0,和田陽希,1:54.4,1.1/4,272.1,14.0,402(+12),[西] 羽月友彦,202508021101
7,2,4,ベルシエル,牝3,55.0,田口貫太,1:54.6,1.1/2,16.0,6.0,426(+2),[西] 高橋義忠,202508021101
8,3,5,エールラヴィクトワ,牝3,55.0,松若風馬,1:54.7,1/2,121.1,11.0,416(0),[西] 橋口慎介,202508021101
9,7,14,パドメ,牝3,55.0,団野大成,1:54.9,1.1/4,31.7,7.0,484(-4),[西] 高橋康之,202508021101
10,8,15,エアニゲラ,牝3,55.0,松山弘平,1:54.9,アタマ,78.1,9.0,482(0),[西] 池添学,202508021101
11,8,16,ユナパール,牝3,55.0,菱田裕二,1:56.0,7,437.0,16.0,494(-6),[西] 岡田稲男,202508021101
12,4,7,エイシンナザレ,牝3,55.0,酒井学,1:56.1,クビ,68.9,8.0,448(-2),[西] 中尾秀正,202508021101
13,7,13,ルージュキャルト,牝3,52.0,古川奈穂,1:56.1,アタマ,189.0,13.0,462(+4),[西] 矢作芳人,202508021101
14,5,10,ゴーオンパーパス,牝3,54.0,吉村誠之,1:56.3,3/4,12.4,4.0,428(0),[西] 長谷川浩,202508021101
15,6,11,レディゴディヴァ,牝3,55.0,小崎綾也,1:56.5,1,90.5,10.0,430(+10),[西] 小崎憲,202508021101
16,6,12,アイルシャンス,牝3,52.0,田山旺佑,2:02.1,大,273.2,15.0,434(+2),[西] 新谷功一,202508021101
1,6,11,モレポブラーノ,牡3,57.0,北村友一,1:25.0,,6.6,2.0,534(+4),[西] 庄野靖志,202508021102
2,1,2,ハッコウイチウ,牡3,56.0,吉村誠之,1:25.1,クビ,42.2,7.0,494(0),[西] 杉山晴紀,202508021102
3,4,7,パールフロント,牝3,55.0,川又賢治,1:25.1,アタマ,14.5,5.0,536(+2),[西] 寺島良,202508021102
4,1,1,ボーヌロマネ,牡3,57.0,鮫島克駿,1:25.1,クビ,20.6,6.0,438(-10),[西] 橋口慎介,202508021102
5,6,12,クインズメレンゲ,牝3,55.0,田口貫太,1:25.1,ハナ,12.9,4.0,452(-2),[西] 吉岡辰弥,202508021102
6,4,8,モズケイスター,牡3,56.0,高杉吏麒,1:25.2,1/2,1.5,1.0,468(+4),[西] 高柳大輔,202508021102
7,8,16,タガノテツ,牡3,57.0,団野大成,1:25.4,1.1/4,8.1,3.0,450(-6),[西] 荒川義之,202508021102
8,7,14,クリノクーチャン,牡3,53.0,河原田菜,1:25.6,1.1/4,83.0,11.0,512(+6),[西] 渡辺薫彦,202508021102
9,5,10,チェリスト,牡3,57.0,菊沢一樹,1:25.8,1.1/4,268.5,16.0,490(+2),[西] 牧浦充徳,202508021102
10,7,13,サウスオブロンドン,牡3,57.0,角田大和,1:25.9,1/2,64.2,10.0,472(+2),[西] 松永幹夫,202508021102
11,5,9,テルモピュライ,牡3,54.0,柴田裕一,1:26.6,4,261.0,15.0,466(0),[西] 飯田祐史,202508021102
12,2,4,コパノハワード,牡3,57.0,荻野琢真,1:26.7,1/2,154.3,13.0,494(+6),[西] 梅田智之,202508021102
13,2,3,ニーナバイリッカ,牝3,55.0,幸英明,1:26.7,クビ,53.6,9.0,432(-10),[西] 松下武士,202508021102
14,3,5,メイショウマヒロ,牝3,55.0,池添謙一,1:27.4,4,47.6,8.0,412(+14),[西] 飯田祐史,202508021102
15,8,15,トウシンミール,牝3,55.0,長岡禎仁,1:27.8,2,98.8,12.0,496(0),[西] 杉山晴紀,202508021102
16,3,6,エミネンス,牡3,57.0,シュタル,1:29.3,9,188.9,14.0,502(0),[西] 清水久詞,202508021102
1,5,9,カンピドリオ,牡3,57.0,川田将雅,1:53.5,,2.7,1.0,478(+2),[西] 中内田充,202508021103
2,7,12,ミッキーコンドル,牡3,57.0,池添謙一,1:53.9,2.1/2,22.1,7.0,444(0),[西] 大久保龍,202508021103
3,5,8,アルデフォックス,セ3,56.0,高杉吏麒,1:54.0,1/2,20.2,6.0,510(-10),[西] 藤岡健一,202508021103
4,6,10,ヒシカリナン,牡3,57.0,坂井瑠星,1:54.1,3/4,5.2,3.0,450(-2),[西] 矢作芳人,202508021103
5,2,2,シャドーストライク,牡3,57.0,松山弘平,1:54.5,2.1/2,25.5,8.0,474(-4),[西] 茶木太樹,202508021103
6,2,3,エイシンガウディ,牡3,57.0,酒井学,1:54.5,アタマ,43.8,9.0,476(+8),[西] 渡辺薫彦,202508021103
7,8,15,パドロック,牡3,57.0,幸英明,1:54.6,3/4,3.2,2.0,502(0),[西] 橋口慎介,202508021103
8,1,1,メイショウライズ,牡3,57.0,和田竜二,1:55.3,4,17.7,5.0,500(+4),[西] 安達昭夫,202508021103
9,3,5,ルセルマンダムール,牡3,57.0,鮫島克駿,1:55.6,1.3/4,7.2,4.0,478(-2),[西] 松永幹夫,202508021103
10,4,6,ラストショット,牡3,55.0,永島まな,1:55.7,3/4,126.2,11.0,462(+10),[西] 高橋康之,202508021103
11,7,13,アバットゥータ,牡3,54.0,柴田裕一,1:56.0,2,447.3,15.0,466(-4),[西] 中竹和也,202508021103
12,8,14,バトンロード,牡3,57.0,太宰啓介,1:56.8,5,146.7,12.0,480(+6),[西] 石橋守,202508021103
13,6,11,ビッグバンドビート,牡3,56.0,吉村誠之,1:57.0,1.1/4,116.9,10.0,502(0),[西] 清水久詞,202508021103
14,4,7,ディスタービア,牝3,55.0,田口貫太,1:57.6,3.1/2,256.9,13.0,468(0),[西] 庄野靖志,202508021103
15,3,4,タマモハヤブサ,牡3,54.0,田山旺佑,1:59.1,9,259.9,14.0,460(+14),[西] 新谷功一,202508021103
1,1,2,ダンツアトム,牡3,54.0,和田陽希,1:21.3,,137.6,14.0,496(-14),[西] 本田優,202508021104
2,8,18,ソルレーヴ,牡3,57.0,秋山稔樹,1:21.5,1.1/4,56.0,11.0,486(-4),[西] 高橋義忠,202508021104
3,4,8,ダノンブランニュー,牡3,57.0,岩田望来,1:21.5,ハナ,2.8,1.0,490(-4),[西] 福永祐一,202508021104
4,4,7,スマートサターン,牡3,57.0,浜中俊,1:21.7,1.1/2,8.9,4.0,438(-2),[西] 小林真也,202508021104
5,2,3,キタサンライザー,牡3,56.0,吉村誠之,1:21.8,クビ,4.5,2.0,470(-4),[西] 清水久詞,202508021104
6,2,4,スルースウェイ,牝3,54.0,高杉吏麒,1:21.8,クビ,46.2,9.0,458(+2),[西] 藤岡健一,202508021104
7,8,17,インユアアイズ,牝3,55.0,丹内祐次,1:21.9,クビ,18.7,8.0,474(0),[西] 中村直也,202508021104
8,7,15,ローレルランウェイ,牝3,55.0,古川吉洋,1:22.0,1/2,186.1,15.0,436(-2),[西] 昆貢,202508021104
9,6,12,エイヘンハールト,牡3,57.0,鮫島克駿,1:22.3,1.3/4,10.9,6.0,478(+8),[西] 高野友和,202508021104
10,5,9,ナリタボニー,牝3,52.0,鷲頭虎太,1:22.4,1.1/4,17.7,7.0,432(-8),[西] 高橋亮,202508021104
11,7,14,ケイアイテア,牡3,57.0,国分優作,1:22.5,1/2,6.6,3.0,494(0),[西] 梅田智之,202508021104
12,8,16,テキサスツイスター,牡3,57.0,武豊,1:22.6,1/2,9.5,5.0,504(-2),[西] 須貝尚介,202508021104
13,1,1,バスキュラリティ,牡3,55.0,永島まな,1:22.7,クビ,61.7,12.0,464(0),[西] 羽月友彦,202508021104
14,7,13,エンチャントリバー,牝3,55.0,小沢大仁,1:22.7,アタマ,85.8,13.0,430(-4),[西] 高橋亮,202508021104
15,3,5,マッセダムール,牝3,55.0,菱田裕二,1:22.8,3/4,266.9,17.0,422(-2),[西] 橋口慎介,202508021104
16,6,11,キムケンフォトン,牝3,52.0,古川奈穂,1:23.2,2.1/2,54.8,10.0,432(+10),[西] 矢作芳人,202508021104
17,5,10,トーアローダンテ,牝3,55.0,川須栄彦,1:23.4,1.1/4,202.3,16.0,434(-6),[西] 羽月友彦,202508021104
取,3,6,エンベッカ,牝3,55.0,団野大成,,,---,,計不,[西] 斉藤崇史,202508021104
1,7,15,オリバナム,牝3,55.0,団野大成,1:46.7,,12.5,6.0,470(-4),[西] 斉藤崇史,202508021105
2,2,3,アルディスティーノ,牝3,55.0,岩田康誠,1:46.9,1,9.9,4.0,474(-4),[西] 安田翔伍,202508021105
3,8,17,ワイドリューレント,牝3,54.0,高杉吏麒,1:47.2,1.1/2,9.9,5.0,450(+8),[西] 奥村豊,202508021105
4,3,5,テーオーシュタイン,牡3,57.0,シュタル,1:47.2,アタマ,3.5,1.0,466(-2),[西] 梅田智之,202508021105
5,8,18,ドゥラエテルノ,牡3,57.0,角田大和,1:47.2,クビ,3.9,2.0,462(-8),[西] 武幸四郎,202508021105
6,6,11,ホウオウレイヴン,セ3,54.0,古川奈穂,1:47.9,4,7.4,3.0,456(-10),[西] 矢作芳人,202508021105
7,8,16,ドゥラルーナ,牝3,55.0,浜中俊,1:47.9,ハナ,26.0,10.0,450(-2),[西] 清水久詞,202508021105
8,7,13,リラゲイル,牡3,57.0,鮫島克駿,1:48.1,1.1/4,15.7,7.0,468(-8),[西] 須貝尚介,202508021105
9,1,1,シックスパック,牡3,55.0,永島まな,1:48.2,1/2,30.0,11.0,436(0),[西] 須貝尚介,202508021105
10,1,2,ストンプ,牝3,54.0,吉村誠之,1:48.4,1.1/4,98.2,13.0,446(-8),[西] 清水久詞,202508021105
11,4,7,トップパワー,牡3,57.0,川須栄彦,1:48.4,ハナ,24.0,9.0,448(-8),[西] 小椋研介,202508021105
12,2,4,ハチワレ,牝3,53.0,今村聖奈,1:48.8,2.1/2,15.8,8.0,448(0),[西] 寺島良,202508021105
13,7,14,ナムラフィクサー,牡3,57.0,幸英明,1:48.8,ハナ,83.2,12.0,434(-6),[西] 鈴木孝志,202508021105
14,5,9,コスモメモラブル,牝3,55.0,松若風馬,1:48.9,クビ,115.0,16.0,396(+2),[西] 梅田智之,202508021105
15,6,12,デルマケプラー,牝3,52.0,橋木太希,1:48.9,クビ,272.8,18.0,448(+2),[西] 高橋康之,202508021105
16,3,6,キタサンモンドー,牡3,57.0,菱田裕二,1:49.2,1.3/4,111.4,15.0,458(-6),[西] 橋口慎介,202508021105
17,4,8,ウィングコマンダー,セ3,57.0,丹内祐次,1:49.3,3/4,132.2,17.0,464(+4),[西] 加藤公太,202508021105
18,5,10,エイカイソフィア,牝3,52.0,和田陽希,1:49.7,2.1/2,100.0,14.0,420(+2),[西] 梅田智之,202508021105
1,1,2,ウィップスティッチ,牝4,56.0,北村友一,1:23.6,,7.0,4.0,500(0),[西] 庄野靖志,202508021106
2,4,7,ニホンピロカラット,牡4,58.0,田口貫太,1:23.8,1,4.4,1.0,518(+4),[西] 大橋勇樹,202508021106
3,5,10,ランスオブセヘル,牝4,55.0,吉村誠之,1:23.8,クビ,11.7,6.0,482(+10),[西] 奥村豊,202508021106
4,6,12,モンシェリ,牝4,56.0,鮫島克駿,1:23.9,クビ,5.6,3.0,460(+2),[西] 牧田和弥,202508021106
5,2,4,シュニー,牝5,56.0,団野大成,1:23.9,アタマ,70.3,15.0,452(-10),[西] 小崎憲,202508021106
6,3,5,ブーヤカ,セ4,58.0,岩田望来,1:23.9,アタマ,40.2,12.0,440(+4),[西] 藤岡健一,202508021106
7,7,13,アスクヴィヴァユー,牡6,57.0,西塚洸二,1:24.1,1.1/4,61.0,13.0,514(+2),[西] 藤原英昭,202508021106
8,6,11,イエスウィズキャン,牡5,58.0,川須栄彦,1:24.3,1,147.5,16.0,546(-4),[西] 羽月友彦,202508021106
9,2,3,ウォーターリーダー,牡5,58.0,武豊,1:24.3,ハナ,9.1,5.0,456(0),[西] 藤野健太,202508021106
10,8,16,ロンシャンクイーン,牝5,56.0,坂井瑠星,1:24.4,1/2,5.6,2.0,444(-6),[西] 野中賢二,202508021106
11,5,9,クリノミニスター,牡6,58.0,菅原明良,1:24.4,アタマ,63.1,14.0,478(+12),[西] 荒川義之,202508021106
12,4,8,ハイクライテリア,セ5,58.0,国分優作,1:24.5,1/2,16.3,8.0,470(-4),[西] 羽月友彦,202508021106
13,8,15,エフエイト,牡4,58.0,和田竜二,1:24.8,1.3/4,22.7,10.0,442(+4),[西] 北出成人,202508021106
14,7,14,ダンツビガー,牡5,58.0,古川吉洋,1:25.0,1,26.0,11.0,494(-6),[西] 四位洋文,202508021106
15,1,1,ベルメサイア,牝4,55.0,高杉吏麒,1:25.0,ハナ,19.7,9.0,502(-2),[西] 西村真幸,202508021106
16,3,6,ガウラスパーク,牡4,58.0,亀田温心,1:27.9,大,15.3,7.0,552(+8),[西] 高柳大輔,202508021106
1,1,1,ハニーコム,牝4,56.0,シュタル,1:59.5,,5.0,4.0,434(-4),[東] 蛯名正義,202508021107
2,2,2,タケトンボ,牝6,56.0,丹内祐次,1:59.7,1,4.6,2.0,466(+6),[西] 宮徹,202508021107
3,5,5,エコテーラー,牝4,56.0,池添謙一,1:59.9,1.1/2,13.9,5.0,514(+4),[西] 石橋守,202508021107
4,3,3,ステラクラウン,牝4,56.0,岩田康誠,2:00.2,1.1/2,1.7,1.0,500(+2),[西] 上村洋行,202508021107
5,4,4,ファミリーツリー,牝4,56.0,武豊,2:00.2,クビ,4.9,3.0,456(+12),[西] 河嶋宏樹,202508021107
6,6,6,ゴーツウキリシマ,牝5,56.0,黒岩悠,2:04.0,大,123.2,6.0,474(+12),[西] 牧田和弥,202508021107
1,8,18,クスクス,牝4,56.0,池添謙一,1:33.6,,18.5,8.0,486(-2),[西] 松下武士,202508021108
2,8,17,ロストシークレット,牡4,58.0,川田将雅,1:33.8,1,2.9,1.0,470(+6),[西] 中内田充,202508021108
3,7,15,クラシックステップ,牡6,55.0,和田陽希,1:33.9,1,101.8,14.0,492(+4),[西] 高橋一哉,202508021108
4,2,4,ダノンクロム,牡5,58.0,坂井瑠星,1:34.0,クビ,6.8,3.0,536(0),[西] 東田明士,202508021108
5,5,10,モアニ,牝4,54.0,永島まな,1:34.0,クビ,56.5,11.0,470(+6),[西] 高橋康之,202508021108
6,6,12,バレル,牡6,55.0,鷲頭虎太,1:34.0,ハナ,77.7,12.0,480(-6),[西] 井上智史,202508021108
7,3,5,マーシーラン,牝4,56.0,藤岡佑介,1:34.1,クビ,8.3,5.0,466(+2),[西] 渡辺薫彦,202508021108
8,3,6,スカイサーベイ,牡4,58.0,松山弘平,1:34.1,ハナ,7.0,4.0,478(+2),[西] 池添学,202508021108
9,7,13,ミッキースターダム,セ4,58.0,丹内祐次,1:34.2,3/4,6.0,2.0,448(-2),[西] 前川恭子,202508021108
10,1,2,サク,牝6,56.0,幸英明,1:34.2,クビ,18.9,9.0,464(+8),[西] 北出成人,202508021108
11,7,14,キーウェーブ,牡4,55.0,柴田裕一,1:34.4,1,265.6,18.0,436(+4),[西] 宮地貴稔,202508021108
12,2,3,ラガークイン,牝4,56.0,田口貫太,1:34.4,ハナ,14.2,6.0,420(-2),[西] 大久保龍,202508021108
13,5,9,サマーアゲイン,牡4,54.0,河原田菜,1:34.5,1/2,84.5,13.0,498(+8),[西] 渡辺薫彦,202508021108
14,6,11,バーケンティン,牡4,57.0,吉村誠之,1:34.5,クビ,36.4,10.0,488(+4),[西] 平田修,202508021108
15,1,1,フェゲフォイア,牡5,58.0,菱田裕二,1:34.5,クビ,235.1,17.0,478(-6),[西] 岡田稲男,202508021108
16,8,16,ヴァイタルピース,セ4,58.0,和田竜二,1:34.6,クビ,203.3,15.0,446(-2),[西] 吉田直弘,202508021108
17,4,8,ピエナオルフェ,牡4,58.0,城戸義政,1:34.8,1,229.3,16.0,450(-8),[西] 荒川義之,202508021108
18,4,7,タガノヘラクレス,牡4,57.0,高杉吏麒,1:35.0,1.1/4,15.3,7.0,512(0),[西] 千田輝彦,202508021108
1,3,3,ハグ,牡3,57.0,シュタル,1:53.8,,13.0,5.0,498(0),[西] 藤岡健一,202508021109
2,5,5,シャルクハフト,牡3,57.0,坂井瑠星,1:54.1,2,7.6,4.0,492(0),[西] 清水久詞,202508021109
3,8,8,ハギノコラソン,牝3,55.0,岩田望来,1:54.2,クビ,26.8,6.0,470(+4),[西] 寺島良,202508021109
4,6,6,ルヴァンユニベール,牡3,57.0,高倉稜,1:54.2,クビ,3.2,2.0,548(+12),[西] 北出成人,202508021109
5,2,2,サンコンクエスト,牝3,55.0,幸英明,1:54.4,1,27.6,7.0,540(+6),[西] 渡辺薫彦,202508021109
6,8,9,エコロスパーダ,牡3,57.0,川田将雅,1:54.4,アタマ,2.2,1.0,450(0),[西] 大久保龍,202508021109
7,7,7,コウジョリョウゾク,牡3,57.0,荻野琢真,1:55.0,3.1/2,156.9,9.0,460(-4),[西] 牧田和弥,202508021109
8,4,4,クリオシダード,牡3,57.0,吉村誠之,1:56.3,8,56.4,8.0,494(-6),[西] 清水久詞,202508021109
9,1,1,シドニーホバート,牡3,57.0,松山弘平,1:56.8,3,5.1,3.0,514(0),[西] 杉山佳明,202508021109
1,4,8,ソーニーイシュー,牡4,56.0,川田将雅,1:57.7,,3.6,2.0,520(+18),[西] 千田輝彦,202508021110
2,4,7,リューデスハイム,牡4,55.0,北村友一,1:58.2,3,18.9,6.0,518(-2),[西] 牧田和弥,202508021110
3,3,5,ルシュヴァルドール,牡4,57.0,坂井瑠星,1:58.2,アタマ,2.9,1.0,538(-4),[西] 矢作芳人,202508021110
4,5,10,ポッドロゴ,牡4,57.0,松山弘平,1:58.5,1.3/4,4.8,3.0,474(0),[西] 西園正都,202508021110
5,5,9,ゴールドアローン,牝4,53.0,菊沢一樹,1:58.6,1/2,56.0,11.0,464(0),[東] 青木孝文,202508021110
6,8,15,カネトシゴウト,牡4,56.0,幸英明,1:58.8,1,12.4,4.0,464(0),[西] 大橋勇樹,202508021110
7,6,11,インザモーメント,牡4,57.0,岩田望来,1:59.0,1.1/4,12.7,5.0,488(+2),[西] 田中克典,202508021110
8,3,6,ゲンパチムサシ,牡7,54.0,和田竜二,1:59.0,アタマ,74.9,13.0,508(-6),[西] 佐々木晶,202508021110
9,2,4,ロードマゼラン,セ6,56.0,丹内祐次,1:59.0,アタマ,48.9,10.0,486(-8),[西] 奥村豊,202508021110
10,7,13,アオイイーグル,牡5,56.0,Ｍ．デム,1:59.2,1.1/4,31.3,9.0,496(0),[西] 大久保龍,202508021110
11,6,12,レッドプロフェシー,牡5,55.0,菱田裕二,1:59.2,クビ,25.3,8.0,482(0),[西] 大久保龍,202508021110
12,7,14,メイプルタピット,牡4,56.0,丸田恭介,1:59.2,ハナ,19.3,7.0,506(0),[東] 南田美知,202508021110
13,2,3,バリアントバイオ,牡5,55.0,小沢大仁,1:59.3,クビ,223.3,16.0,532(+4),[西] 今野貞一,202508021110
14,8,16,サノノエスポ,牝5,52.0,吉村誠之,1:59.6,2,98.0,14.0,460(-4),[東] 中舘英二,202508021110
15,1,1,メイショウシナノ,牡5,57.0,田口貫太,1:59.6,ハナ,57.2,12.0,486(-12),[西] 大橋勇樹,202508021110
16,1,2,ヨリノサファイヤ,牝5,52.0,松若風馬,2:00.1,3,192.5,15.0,516(+2),[東] 根本康広,202508021110
1,4,8,アブキールベイ,牝3,55.0,岩田望来,1:08.3,,60.5,15.0,420(+2),[西] 坂口智康,202508021111
2,8,15,クラスペディア,牡3,57.0,小崎綾也,1:08.4,3/4,25.6,13.0,496(+4),[西] 河嶋宏樹,202508021111
3,6,12,レイピア,牡3,57.0,柴田裕一,1:08.5,アタマ,13.8,8.0,500(0),[西] 中竹和也,202508021111
4,5,10,サウスバンク,牝3,55.0,西塚洸二,1:08.5,ハナ,15.0,9.0,486(0),[西] 吉岡辰弥,202508021111
5,4,7,モジャーリオ,牡3,57.0,斎藤新,1:08.5,ハナ,37.4,14.0,464(+4),[東] 斎藤誠,202508021111
6,5,9,ダンツエラン,牝3,55.0,団野大成,1:08.5,クビ,10.8,7.0,488(0),[西] 本田優,202508021111
7,3,6,ベイビーキッス,牝3,55.0,菊沢一樹,1:08.6,クビ,19.1,10.0,446(-6),[東] 青木孝文,202508021111
8,6,11,カンシン,牡3,57.0,坂井瑠星,1:08.6,クビ,6.9,3.0,466(0),[西] 西園翔太,202508021111
9,1,1,カワキタマナレア,牝3,55.0,鮫島克駿,1:08.7,クビ,23.9,12.0,416(-10),[西] 杉山佳明,202508021111
10,3,5,ワース,牡3,57.0,丹内祐次,1:08.7,クビ,10.5,6.0,498(+4),[東] 上原佑紀,202508021111
11,2,3,ニタモノドウシ,牡3,57.0,菅原明良,1:08.8,クビ,9.7,4.0,468(0),[東] 高木登,202508021111
12,7,13,ムイ,牝3,55.0,今村聖奈,1:08.9,3/4,10.0,5.0,464(+4),[西] 笹田和秀,202508021111
13,1,2,ウイントワイライト,牝3,55.0,シュタル,1:08.9,クビ,5.6,1.0,446(-4),[西] 西園翔太,202508021111
14,7,14,ポッドベイダー,牡3,57.0,荻野極,1:09.0,3/4,5.8,2.0,478(-10),[東] 上原佑紀,202508021111
15,2,4,オンザブルースカイ,牡3,57.0,菱田裕二,1:09.2,1.1/4,90.2,16.0,452(-6),[西] 谷潔,202508021111
16,8,16,ドラゴンウェルズ,牡3,57.0,北村友一,1:09.2,ハナ,22.7,11.0,472(-2),[西] 藤原英昭,202508021111
1,7,11,キタサンダムール,牝5,56.0,岩田望来,1:20.6,,5.2,3.0,482(+8),[西] 清水久詞,202508021112
2,8,12,アンビバレント,牡5,57.0,高杉吏麒,1:20.9,2,14.5,5.0,474(+4),[西] 藤野健太,202508021112
3,5,7,ビップジーニー,牡4,58.0,Ｍ．デム,1:21.0,クビ,17.0,6.0,486(-2),[西] 松下武士,202508021112
4,6,9,ルヴァンノワール,牝7,56.0,荻野極,1:21.1,1,67.3,13.0,462(-2),[西] 庄野靖志,202508021112
5,7,10,リチャードバローズ,牡4,58.0,北村友一,1:21.1,アタマ,3.8,2.0,508(-4),[西] 上村洋行,202508021112
6,4,4,スカプラリオ,牝5,53.0,田山旺佑,1:21.2,クビ,47.5,11.0,470(-2),[西] 佐々木晶,202508021112
7,2,2,ジュンヴァンケット,セ4,58.0,坂井瑠星,1:21.4,1.1/4,2.6,1.0,456(-2),[西] 友道康夫,202508021112
8,5,6,モズアンタレス,牝5,56.0,和田竜二,1:21.4,クビ,9.8,4.0,500(-8),[西] 飯田祐史,202508021112
9,8,13,ベルウッドブラボー,牡6,58.0,吉田隼人,1:21.5,クビ,53.3,12.0,460(-8),[東] 和田雄二,202508021112
10,6,8,サンドロナイト,牝4,52.0,和田陽希,1:21.7,1.1/4,21.9,7.0,456(+8),[西] 茶木太樹,202508021112
11,4,5,エクセルゴールド,牡4,58.0,菊沢一樹,1:22.2,3.1/2,23.9,8.0,476(-2),[東] 武市康男,202508021112
12,3,3,ベント,セ4,58.0,国分優作,1:22.7,3,40.3,10.0,432(-4),[西] 小崎憲,202508021112
13,1,1,モズトキキ,牝4,54.0,永島まな,1:23.9,7,35.3,9.0,550(0),[西] 平田修,202508021112
1,7,13,ペンテリコン,牝3,55.0,藤岡佑介,1:12.3,,3.7,2.0,482(-2),[西] 武幸四郎,202508021201
2,6,12,フラッシュケリー,牝3,55.0,小沢大仁,1:12.8,3.1/2,12.4,7.0,454(-2),[西] 緒方努,202508021201
3,1,1,メイショウホダワラ,牝3,55.0,団野大成,1:12.9,クビ,7.4,5.0,476(+4),[西] 荒川義之,202508021201
4,4,7,ヴィヴァシャス,牝3,53.0,今村聖奈,1:13.0,1/2,6.2,3.0,432(+16),[西] 笹田和秀,202508021201
5,3,6,ミトノキャット,牝3,55.0,幸英明,1:13.6,3.1/2,11.0,6.0,442(+4),[西] 前川恭子,202508021201
6,1,2,タマモペルリーナ,牝3,54.0,吉村誠之,1:14.0,2.1/2,26.7,8.0,502(0),[西] 池添学,202508021201
7,5,9,チムニーパイプ,牝3,55.0,菱田裕二,1:14.2,1.1/2,6.5,4.0,414(+2),[西] 岡田稲男,202508021201
8,8,16,メイショウアキカゼ,牝3,54.0,高杉吏麒,1:14.4,1.1/2,3.5,1.0,458(0),[西] 角田晃一,202508021201
9,2,4,メイショウロンド,牝3,52.0,森田誠也,1:14.7,2,113.4,10.0,422(0),[西] 千田輝彦,202508021201
10,7,14,ウィンビュー,牝3,52.0,川端海翼,1:14.9,1.1/4,208.0,13.0,446(0),[西] 畑端省吾,202508021201
11,4,8,スマートピリカ,牝3,51.0,河原田菜,1:15.0,1/2,239.6,14.0,474(-4),[西] 渡辺薫彦,202508021201
12,6,11,グレースサンライズ,牝3,55.0,荻野琢真,1:15.8,5,57.6,9.0,470(0),[西] 小林真也,202508021201
13,2,3,ウインクルホープ,牝3,55.0,長岡禎仁,1:15.9,3/4,157.8,11.0,422(+6),[西] 高橋亮,202508021201
14,3,5,ワンダーフレックス,牝3,55.0,中井裕二,1:16.7,5,447.1,15.0,412(+8),[西] 森田直行,202508021201
15,8,15,クリノクイーン,牝3,52.0,和田陽希,1:17.1,2.1/2,167.7,12.0,432(+8),[西] 荒川義之,202508021201
除,5,10,ファータビアンカ,牝3,52.0,鷲頭虎太,,,---,,430(-8),[西] 佐々木晶,202508021201
1,8,14,マテンロウシルビア,牝3,55.0,太宰啓介,2:01.5,,18.4,6.0,428(-10),[西] 四位洋文,202508021202
2,7,11,サルファー,牡3,57.0,国分恭介,2:01.7,1.1/4,3.7,2.0,546(+6),[西] 西園翔太,202508021202
3,3,3,サルタール,セ3,57.0,鮫島克駿,2:01.7,クビ,2.5,1.0,516(-2),[西] 小崎憲,202508021202
4,7,12,オリジナルファイン,牝3,54.0,吉村誠之,2:01.9,3/4,8.9,4.0,502(0),[西] 清水久詞,202508021202
5,8,13,ルシャリオ,牡3,54.0,田山旺佑,2:02.0,1/2,30.2,8.0,490(0),[西] 新谷功一,202508021202
6,2,2,ハックルベリー,牡3,57.0,田口貫太,2:02.0,ハナ,68.8,11.0,494(-6),[西] 加藤公太,202508021202
7,5,7,ピエナアイル,牡3,53.0,河原田菜,2:02.0,クビ,11.1,5.0,504(-4),[西] 渡辺薫彦,202508021202
8,6,10,ペプチドモガミ,セ3,54.0,森田誠也,2:02.5,3,26.2,7.0,460(+4),[西] 武英智,202508021202
9,6,9,カンタカナリート,牡3,57.0,加藤祥太,2:02.5,ハナ,45.6,10.0,452(-4),[西] 小椋研介,202508021202
10,3,4,ジョーエルピーゾ,牡3,54.0,柴田裕一,2:02.9,2.1/2,137.7,13.0,500(+8),[西] 松下武士,202508021202
11,1,1,エールヴィリース,牡3,57.0,菱田裕二,2:03.1,1,129.4,12.0,484(-2),[西] 橋口慎介,202508021202
12,4,6,クロシオカレント,牡3,57.0,岩田康誠,2:03.5,2.1/2,34.1,9.0,444(+2),[西] 東田明士,202508021202
13,4,5,ホウショウビフウ,牝3,52.0,鷲頭虎太,2:03.7,1.1/4,195.1,14.0,412(+2),[西] 井上智史,202508021202
14,5,8,ナムラエン,牝3,55.0,団野大成,2:04.1,2.1/2,5.3,3.0,498(-4),[西] 長谷川浩,202508021202
1,7,14,コリカンチャ,セ3,57.0,団野大成,1:34.5,,7.8,5.0,482(+2),[西] 斉藤崇史,202508021203
2,5,10,セレスチャルホープ,牝3,55.0,岩田康誠,1:34.9,2.1/2,23.9,9.0,490(-6),[西] 茶木太樹,202508021203
3,8,18,ダノンプリマ,牝3,55.0,角田大和,1:35.0,3/4,5.9,3.0,448(+8),[西] 千田輝彦,202508021203
4,7,13,ドバイミッション,牡3,57.0,菱田裕二,1:35.2,1.1/2,5.0,2.0,542(-6),[西] 辻野泰之,202508021203
5,5,9,スピードイエロー,牡3,57.0,幸英明,1:35.3,クビ,33.7,10.0,430(+4),[西] 佐々木晶,202508021203
6,8,16,ウチナータイム,牝3,55.0,小沢大仁,1:35.5,1,20.1,8.0,464(0),[西] 中内田充,202508021203
7,7,15,ヴァイスクレー,牝3,54.0,吉村誠之,1:35.5,クビ,3.7,1.0,436(0),[西] 奥村豊,202508021203
8,1,1,ビリオネアボーイ,牡3,54.0,田山旺佑,1:35.6,3/4,6.8,4.0,482(-4),[西] 新谷功一,202508021203
9,3,5,ヤングソルジャー,セ3,57.0,古川吉洋,1:35.6,クビ,13.3,6.0,448(+24),[西] 武幸四郎,202508021203
10,2,4,レインオンミー,牡3,57.0,和田竜二,1:35.7,3/4,14.0,7.0,484(-2),[西] 福永祐一,202508021203
11,4,7,エイシンカーバイン,牡3,57.0,川又賢治,1:35.8,クビ,184.1,16.0,458(-4),[西] 吉村圭司,202508021203
12,3,6,ジーティーハート,牝3,51.0,河原田菜,1:35.8,クビ,93.4,14.0,446(0),[西] 渡辺薫彦,202508021203
13,2,3,ブラックソンソルト,牝3,52.0,和田陽希,1:35.8,クビ,42.0,11.0,424(0),[西] 松永幹夫,202508021203
14,1,2,エマダイヤモンド,牝3,52.0,古川奈穂,1:35.9,3/4,71.0,12.0,466(-4),[西] 矢作芳人,202508021203
15,6,11,コルレーニョ,牝3,55.0,中井裕二,1:36.1,1.1/4,499.2,18.0,426(-4),[西] 畑端省吾,202508021203
16,4,8,ステイトゥルー,牡3,55.0,今村聖奈,1:36.2,クビ,82.4,13.0,464(-6),[西] 寺島良,202508021203
17,8,17,シャインモノリス,牡3,56.0,松本大輝,1:36.5,1.3/4,434.3,17.0,468(+10),[西] 本田優,202508021203
18,6,12,ハギノヴェルドン,牡3,57.0,鮫島克駿,1:37.3,5,169.6,15.0,448(-4),[西] 高野友和,202508021203
1,7,9,ディナースタ,牡6,60.0,高田潤,3:34.4,,1.7,1.0,492(+6),[西] 辻野泰之,202508021204
2,8,11,ナリノモンターニュ,牡8,62.0,五十嵐雄,3:34.6,1.1/4,3.5,2.0,516(-4),[東] 上原博之,202508021204
3,3,3,ナイトスピアー,牡5,60.0,大江原圭,3:35.1,3,13.0,4.0,496(+4),[東] 小野次郎,202508021204
4,8,12,スヴァルナ,セ10,58.0,井上敏樹,3:35.9,5,38.2,6.0,512(+2),[西] 池江泰寿,202508021204
5,1,1,コンテナワールド,牡4,57.0,鷲頭虎太,3:36.9,6,6.1,3.0,484(+8),[西] 中竹和也,202508021204
6,7,10,レディステディゴー,牡7,60.0,難波剛健,3:37.8,5,56.6,8.0,516(+4),[西] 中村直也,202508021204
7,4,4,タンジェントアーク,セ7,57.0,土田真翔,3:38.8,6,38.8,7.0,438(-2),[東] 田村康仁,202508021204
8,5,5,メイショウコホク,セ8,60.0,黒岩悠,3:39.7,5,110.3,11.0,502(+18),[西] 笹田和秀,202508021204
9,6,8,ドンカルロ,牡5,60.0,小野寺祐,3:39.8,クビ,84.1,10.0,460(+6),[西] 高柳大輔,202508021204
10,2,2,ティートラップ,牡8,60.0,上野翔,3:42.8,大,180.0,12.0,478(-2),[東] 伊藤伸一,202508021204
11,5,6,テクネチウム,牡4,59.0,中村将之,3:44.6,大,75.7,9.0,490(+4),[西] 前川恭子,202508021204
12,6,7,プラチナムレイアー,セ7,60.0,小牧加矢,3:44.8,1,16.8,5.0,506(-2),[西] 河嶋宏樹,202508021204
1,3,3,ジョイボーイ,牡3,57.0,藤岡佑介,2:27.6,,1.5,1.0,474(+2),[西] 四位洋文,202508021205
2,4,5,ヤマニンヒストリア,牡3,56.0,吉村誠之,2:27.8,1,6.1,2.0,450(-2),[西] 中村直也,202508021205
3,5,7,コパカバーナ,牝3,55.0,小沢大仁,2:28.3,3,144.5,11.0,400(+10),[西] 森田直行,202508021205
4,7,10,プレデスティナーレ,牡3,57.0,和田竜二,2:28.3,ハナ,8.8,4.0,454(-4),[西] 北出成人,202508021205
5,7,11,ジーティートシオー,牡3,57.0,鮫島克駿,2:28.3,アタマ,35.2,7.0,450(-10),[西] 西村真幸,202508021205
6,6,9,モルゲンゾンネ,牡3,56.0,松本大輝,2:28.5,1.1/2,48.8,9.0,454(+2),[西] 松下武士,202508021205
7,6,8,セキトバシューズ,牝3,52.0,田山旺佑,2:28.6,1/2,11.4,5.0,454(+4),[西] 新谷功一,202508021205
8,1,1,タイセイルシエル,牡3,57.0,国分優作,2:28.7,3/4,220.7,13.0,426(0),[西] 松下武士,202508021205
9,8,12,ヴァリラプトル,牝3,55.0,幸英明,2:28.8,1/2,69.1,10.0,418(+2),[西] 高野友和,202508021205
10,5,6,シカレ,牝3,53.0,今村聖奈,2:28.8,ハナ,31.0,6.0,410(-4),[西] 前川恭子,202508021205
11,4,4,ジャックオダモ,牡3,56.0,高杉吏麒,2:29.2,2.1/2,8.4,3.0,510(+8),[西] 矢作芳人,202508021205
12,8,13,アンアルモニー,牝3,55.0,岩田康誠,2:29.8,3.1/2,44.3,8.0,450(-6),[西] 辻野泰之,202508021205
13,2,2,グロウミニョン,牝3,52.0,和田陽希,2:30.5,4,167.9,12.0,486(+8),[西] 佐藤悠太,202508021205
1,4,6,ソリスクラヴィス,牡3,57.0,鮫島克駿,1:24.2,,3.2,1.0,506(+2),[西] 西園正都,202508021206
2,8,13,ヴリトラハン,牡3,56.0,高杉吏麒,1:24.2,アタマ,42.1,10.0,478(0),[西] 千田輝彦,202508021206
3,8,14,ジェミート,牡3,57.0,岩田康誠,1:24.2,クビ,7.5,4.0,486(+6),[西] 四位洋文,202508021206
4,6,10,ホウショウマリス,牝3,55.0,小沢大仁,1:24.5,1.1/2,14.9,7.0,454(-2),[西] 井上智史,202508021206
5,5,8,スニーカースキル,牝3,54.0,吉村誠之,1:24.8,1.3/4,7.4,3.0,490(-10),[西] 杉山晴紀,202508021206
6,5,7,エナジーガンツ,牡3,57.0,松若風馬,1:24.9,クビ,12.4,5.0,484(+2),[西] 小椋研介,202508021206
7,7,11,チュウワチーフ,牡3,57.0,団野大成,1:25.0,3/4,3.6,2.0,470(+4),[西] 小崎憲,202508021206
8,3,4,サヨノジャンボリー,牡3,57.0,吉田隼人,1:25.3,1.3/4,44.8,11.0,488(+4),[東] 小笠倫弘,202508021206
9,7,12,サンライズブレイク,牡3,57.0,幸英明,1:25.3,クビ,13.3,6.0,498(-6),[西] 浜田多実,202508021206
10,3,3,ケイアイマハナ,牡3,57.0,荻野琢真,1:25.5,1,223.0,14.0,492(+2),[西] 秋山真一,202508021206
11,1,1,コトリノサエズリ,牝3,55.0,田口貫太,1:26.0,3,99.7,12.0,470(+2),[西] 小崎憲,202508021206
12,2,2,ライツユーアップ,牝3,55.0,角田大和,1:26.1,クビ,16.2,8.0,428(-2),[西] 角田晃一,202508021206
13,4,5,サンナイアガラ,牝3,54.0,松本大輝,1:27.4,8,128.2,13.0,472(+2),[西] 宮本博,202508021206
14,6,9,オリージネアリア,牝3,55.0,藤岡佑介,1:32.1,大,19.5,9.0,426(+10),[西] 吉村圭司,202508021206
1,8,11,ヴィスマール,牡4,57.0,吉村誠之,2:00.1,,2.5,1.0,454(+10),[西] 奥村豊,202508021207
2,4,4,ゼンノインヴォーク,セ6,58.0,小沢大仁,2:00.1,クビ,5.0,2.0,448(+8),[西] 緒方努,202508021207
3,8,12,シルバーカレッジ,牡4,58.0,鮫島克駿,2:00.3,3/4,7.0,4.0,516(+22),[西] 武幸四郎,202508021207
4,6,8,レジェンドシップ,セ5,57.0,高杉吏麒,2:00.3,クビ,11.7,5.0,446(+4),[西] 佐藤悠太,202508021207
5,1,1,タマモランプ,牡4,58.0,斎藤新,2:00.4,1/2,19.1,8.0,466(+6),[西] 池添学,202508021207
6,3,3,トリオンファルマン,牝5,56.0,角田大和,2:00.4,ハナ,15.2,7.0,450(0),[西] 笹田和秀,202508021207
7,5,5,オーサムピクチャ,牝4,53.0,田山旺佑,2:00.6,1.1/4,70.6,11.0,418(+2),[西] 佐々木晶,202508021207
8,7,10,アップステート,牡4,58.0,小崎綾也,2:01.1,3,23.8,9.0,536(-8),[西] 福永祐一,202508021207
9,7,9,ウールデュボヌール,牡4,58.0,田口貫太,2:01.3,1.1/4,14.0,6.0,500(+18),[西] 須貝尚介,202508021207
10,5,6,タナバタ,牡4,58.0,酒井学,2:01.9,3.1/2,89.4,12.0,488(-2),[東] 武井亮,202508021207
11,2,2,ブロードグリン,牝4,53.0,和田陽希,2:02.6,4,57.9,10.0,444(+14),[西] 中村直也,202508021207
中,6,7,サスケ,牡5,58.0,団野大成,,,6.2,3.0,464(+2),[西] 西村真幸,202508021207
1,7,13,パドマ,牝4,56.0,松若風馬,1:11.4,,4.5,2.0,506(+10),[西] 杉山晴紀,202508021208
2,8,16,フォルテローザ,牝4,56.0,団野大成,1:11.6,1,15.5,8.0,438(-4),[西] 斉藤崇史,202508021208
3,5,10,ニホンピロトッティ,牝4,56.0,田口貫太,1:11.6,ハナ,3.4,1.0,406(0),[西] 緒方努,202508021208
4,5,9,フェリ,牝5,53.0,田山旺佑,1:11.8,1.1/2,99.0,13.0,464(-2),[西] 佐々木晶,202508021208
5,6,12,ミライテーラー,牝4,56.0,中井裕二,1:11.9,クビ,22.5,11.0,482(+4),[西] 緒方努,202508021208
6,3,5,ズバットマサムネ,セ4,58.0,川又賢治,1:12.0,1/2,58.8,12.0,496(+4),[西] 杉山佳明,202508021208
7,2,4,ワークソング,牡4,58.0,国分恭介,1:12.1,1/2,12.6,6.0,482(+6),[西] 牧浦充徳,202508021208
8,6,11,オースミメッシーナ,牝6,56.0,幸英明,1:12.1,クビ,118.6,15.0,470(+6),[西] 宮本博,202508021208
9,1,2,ジーベック,牡4,55.0,古川奈穂,1:12.1,ハナ,20.7,9.0,460(+8),[西] 矢作芳人,202508021208
10,2,3,ランウインディ,牝4,53.0,柴田裕一,1:12.2,クビ,113.2,14.0,472(+12),[西] 中尾秀正,202508021208
11,1,1,フレイミングパイ,牝4,56.0,角田大和,1:12.3,1,8.7,4.0,452(+2),[西] 中竹和也,202508021208
12,3,6,サクハル,牡6,58.0,長岡禎仁,1:12.4,クビ,163.3,16.0,506(-3),[西] 今野貞一,202508021208
13,8,15,カンザシ,牝6,56.0,岩田康誠,1:12.6,1.1/2,10.9,5.0,496(-4),[東] 蛯名正義,202508021208
14,7,14,メイデンタワー,牝5,56.0,鮫島克駿,1:12.7,1/2,13.6,7.0,462(-2),[東] 稲垣幸雄,202508021208
15,4,7,ソーニャシュニク,牝4,54.0,今村聖奈,1:12.7,ハナ,21.0,10.0,476(+6),[東] 武井亮,202508021208
16,4,8,ジョヴィアン,牡5,57.0,吉村誠之,1:13.3,3.1/2,7.9,3.0,502(+6),[西] 奥村豊,202508021208
1,3,3,メイショウソウタ,牡4,58.0,鮫島克駿,1:51.8,,4.4,2.0,530(0),[西] 岡田稲男,202508021209
2,2,2,ノボリクレバー,牝5,56.0,吉村誠之,1:51.9,1/2,16.5,8.0,510(+12),[西] 石橋守,202508021209
3,6,10,プルナチャンドラ,牡4,58.0,古川吉洋,1:52.1,1,17.9,9.0,506(-2),[東] 小野次郎,202508021209
4,5,8,シュプリンガー,セ6,58.0,長岡禎仁,1:52.1,クビ,24.7,11.0,502(+4),[西] 小栗実,202508021209
5,7,11,ホルトバージ,牡4,58.0,松若風馬,1:52.1,アタマ,3.7,1.0,474(+4),[西] 寺島良,202508021209
6,3,4,ギマール,牡4,58.0,岩田康誠,1:52.3,1.1/4,12.0,5.0,456(0),[西] 上村洋行,202508021209
7,7,12,ダディーズトリップ,牡9,58.0,団野大成,1:52.5,1,33.6,12.0,470(-6),[西] 千田輝彦,202508021209
8,8,14,メイショウカシワデ,牡4,58.0,角田大和,1:52.7,1.1/4,21.3,10.0,456(+2),[西] 角田晃一,202508021209
9,5,7,リジン,牡6,58.0,菱田裕二,1:52.8,3/4,13.3,6.0,488(+2),[西] 加藤公太,202508021209
10,4,6,ルナビス,牝5,56.0,小沢大仁,1:52.9,1/2,16.0,7.0,492(+6),[西] 森田直行,202508021209
11,6,9,テーオールビー,牝4,56.0,斎藤新,1:53.4,2.1/2,5.9,3.0,470(+8),[西] 宮徹,202508021209
12,4,5,バトンインディ,牡4,58.0,幸英明,1:54.2,5,34.4,13.0,466(+8),[西] 安達昭夫,202508021209
13,8,13,ミヤジレガリア,牝5,56.0,和田竜二,1:54.6,2.1/2,10.8,4.0,510(+8),[西] 鈴木孝志,202508021209
14,1,1,コパノアントニオ,牡4,58.0,藤岡佑介,1:54.9,2,72.5,14.0,482(+16),[西] 梅田智之,202508021209
1,7,14,ラケマーダ,牡5,55.0,藤岡佑介,1:20.3,,11.2,6.0,512(+10),[西] 千田輝彦,202508021210
2,4,8,グレイイングリーン,牡7,56.0,田口貫太,1:20.4,3/4,16.9,8.0,508(+8),[西] 池江泰寿,202508021210
3,8,16,アスクワンタイム,牡4,56.0,川須栄彦,1:20.4,クビ,22.4,10.0,458(0),[西] 梅田智之,202508021210
4,6,12,レイベリング,牡5,57.0,和田竜二,1:20.4,ハナ,8.5,3.0,486(+2),[東] 鹿戸雄一,202508021210
5,6,11,バウンシーステップ,牝4,53.0,鮫島克駿,1:20.5,クビ,4.1,1.0,470(0),[西] 高橋亮,202508021210
6,1,1,アナゴサン,牡7,56.0,川又賢治,1:20.6,1/2,34.9,13.0,472(+6),[西] 牧田和弥,202508021210
7,8,15,スカイロケット,牡5,55.0,酒井学,1:20.7,クビ,31.7,12.0,428(-2),[西] 須貝尚介,202508021210
8,3,5,クランフォード,牝4,54.0,吉村誠之,1:20.8,3/4,4.6,2.0,454(-12),[西] 杉山晴紀,202508021210
9,7,13,タマモブラックタイ,牡5,55.0,幸英明,1:20.9,3/4,10.0,5.0,518(-6),[西] 角田晃一,202508021210
10,4,7,ブランデーロック,牡6,51.0,藤懸貴志,1:20.9,クビ,45.1,15.0,482(-4),[東] 青木孝文,202508021210
11,5,10,ヤマニンサンパ,牡7,56.0,団野大成,1:21.0,クビ,9.6,4.0,486(0),[西] 斉藤崇史,202508021210
12,2,4,メイショウシンタケ,牡7,56.0,高杉吏麒,1:21.0,クビ,21.0,9.0,494(+2),[西] 千田輝彦,202508021210
13,1,2,タイセイブリリオ,牡6,54.0,西塚洸二,1:21.2,1,123.3,16.0,488(0),[西] 大橋勇樹,202508021210
14,5,9,コラソンビート,牝4,55.0,松若風馬,1:21.2,アタマ,29.2,11.0,460(0),[東] 加藤士津,202508021210
15,3,6,ペイシャフラワー,牝5,51.0,永島まな,1:21.3,3/4,39.5,14.0,478(+12),[西] 高橋康之,202508021210
16,2,3,ジョウショーホープ,牡5,56.0,菱田裕二,1:21.4,3/4,11.8,7.0,480(-2),[西] 新谷功一,202508021210
1,7,8,ライトトラック,牡3,57.0,和田竜二,1:45.3,,5.4,3.0,468(-2),[西] 友道康夫,202508021211
2,6,7,センツブラッド,牡3,57.0,団野大成,1:45.3,アタマ,9.8,5.0,460(+6),[西] 斉藤崇史,202508021211
3,8,11,バズアップビート,牡3,57.0,鮫島克駿,1:45.3,ハナ,13.2,7.0,508(+8),[西] 友道康夫,202508021211
4,8,10,ニュークレド,牡3,57.0,菱田裕二,1:45.3,クビ,12.3,6.0,424(0),[西] 石坂公一,202508021211
5,5,5,マイユニバース,牡3,57.0,藤岡佑介,1:45.6,1.3/4,3.1,1.0,466(-2),[西] 武幸四郎,202508021211
6,2,2,スナークピカソ,牡3,57.0,小沢大仁,1:45.8,1,34.3,8.0,464(-4),[西] 高橋一哉,202508021211
7,6,6,キングメーカー,牡3,57.0,田口貫太,1:45.9,3/4,3.4,2.0,490(+2),[西] 須貝尚介,202508021211
8,4,4,ロードガレリア,牡3,57.0,高杉吏麒,1:46.0,1,8.9,4.0,438(+2),[西] 藤岡健一,202508021211
9,1,1,アタラシイカドデニ,牡3,57.0,幸英明,1:47.0,6,36.9,9.0,506(+2),[東] 上原博之,202508021211
10,7,9,エイカイカッシーナ,牝3,55.0,西塚洸二,1:47.4,2,47.4,10.0,434(+2),[西] 藤原英昭,202508021211
11,3,3,エイヨーアメジスト,牝3,55.0,松若風馬,1:48.9,9,147.7,11.0,446(+9),[西] 牧田和弥,202508021211
1,5,8,ガロンヌ,牡4,58.0,岩田康誠,1:20.8,,4.6,1.0,472(0),[西] 上村洋行,202508021212
2,8,14,サクセスアイ,牝5,56.0,亀田温心,1:21.0,1,6.6,3.0,440(0),[西] 北出成人,202508021212
3,4,5,ムーンリットナイト,牡6,58.0,吉村誠之,1:21.0,ハナ,14.0,8.0,512(-4),[西] 杉山佳明,202508021212
4,7,11,メイショウウネビ,牡6,58.0,松若風馬,1:21.0,クビ,61.6,11.0,494(-6),[西] 本田優,202508021212
5,8,13,ウインスノーライト,牡5,58.0,長岡禎仁,1:21.2,1,8.2,6.0,494(0),[西] 杉山晴紀,202508021212
6,6,10,ヤマニンアストロン,牡4,58.0,団野大成,1:21.3,1/2,8.0,5.0,494(-2),[西] 石橋守,202508021212
7,6,9,ブリュットミレジメ,牡6,58.0,小沢大仁,1:21.3,クビ,16.6,9.0,508(-8),[西] 荒川義之,202508021212
8,3,4,デイトナモード,牡5,58.0,高杉吏麒,1:21.3,クビ,39.4,10.0,534(-14),[西] 千田輝彦,202508021212
9,4,6,バンドシェル,牡4,58.0,鮫島克駿,1:21.4,クビ,6.9,4.0,486(+4),[西] 西村真幸,202508021212
10,7,12,キャプテンシー,牡4,58.0,幸英明,1:21.4,クビ,12.1,7.0,470(+6),[西] 松永幹夫,202508021212
11,1,1,トーホウディアス,牡7,58.0,斎藤新,1:21.4,アタマ,67.2,12.0,470(-8),[西] 小栗実,202508021212
12,3,3,スーサンアッシャー,牡6,58.0,和田竜二,1:21.7,1.1/2,75.6,13.0,480(0),[西] 鈴木孝志,202508021212
13,2,2,ユハンヌス,牡5,58.0,西塚洸二,1:21.7,クビ,4.8,2.0,476(+6),[西] 大久保龍,202508021212
14,5,7,プレシオーソ,セ8,58.0,菱田裕二,1:21.7,クビ,246.1,14.0,476(-8),[西] 岡田稲男,202508021212
1,5,7,フルールドール,牝2,55.0,坂井瑠星,1:52.2,,4.5,2.0,490(0),[西] 藤原英昭,202508030101
2,3,3,メイショウコシュウ,牡2,56.0,浜中俊,1:52.3,1,5.1,3.0,482(-6),[西] 松永幹夫,202508030101
3,7,12,アンリミテッド,牡2,56.0,岩田望来,1:52.8,3,7.8,6.0,496(+2),[西] 高野友和,202508030101
4,4,6,イサギ,牡2,56.0,斎藤新,1:52.9,3/4,40.1,9.0,456(+2),[西] 小椋研介,202508030101
5,2,2,ウルトラハート,牡2,56.0,角田大和,1:53.1,1.1/4,18.0,7.0,476(+4),[西] 中尾秀正,202508030101
6,8,13,ヒロノスカイ,牡2,56.0,松若風馬,1:53.9,5,6.0,5.0,502(+4),[西] 宮本博,202508030101
7,6,10,アドフランマム,牡2,56.0,団野大成,1:54.1,3/4,5.6,4.0,508(0),[西] 本田優,202508030101
8,5,8,メイショウバンサン,牡2,56.0,酒井学,1:54.6,3.1/2,32.2,8.0,502(0),[西] 西園正都,202508030101
9,3,4,オラヴィンリンナ,牝2,55.0,川田将雅,1:54.8,3/4,4.3,1.0,486(+4),[西] 吉岡辰弥,202508030101
10,8,14,ゴーゴーパワー,牡2,55.0,西塚洸二,1:55.2,2.1/2,286.4,12.0,468(+2),[西] 井上智史,202508030101
11,7,11,ユーアーフラワー,牝2,52.0,森田誠也,1:55.7,3,226.3,11.0,506(-2),[西] 茶木太樹,202508030101
12,4,5,ケンフィールド,牡2,53.0,和田陽希,1:55.9,1.1/2,87.5,10.0,478(+6),[西] 大根田裕,202508030101
13,6,9,ファントムヴォルト,牡2,56.0,小沢大仁,1:56.8,5,445.2,14.0,516(-4),[西] 松下武士,202508030101
14,1,1,レッドファイブ,牡2,56.0,岡田祥嗣,1:57.1,2,400.6,13.0,486(+2),[西] 安田翔伍,202508030101
1,4,4,ウィズクィーン,牝2,55.0,岩田望来,2:02.9,,7.2,3.0,424(-2),[西] 上村洋行,202508030102
2,3,3,ジャスティンルマン,牡2,56.0,坂井瑠星,2:03.3,2.1/2,1.1,1.0,528(-8),[西] 杉山晴紀,202508030102
3,6,6,キーテーマ,牝2,55.0,長岡禎仁,2:03.6,1.3/4,79.5,5.0,446(+4),[西] 宮徹,202508030102
4,1,1,ホールドミーワンス,牝2,55.0,田口貫太,2:04.0,2.1/2,32.2,4.0,498(-4),[西] 西園翔太,202508030102
5,8,8,マイコンチェルト,牡2,56.0,高杉吏麒,2:04.5,3,5.2,2.0,496(+8),[西] 大久保龍,202508030102
6,5,5,ファインマン,牡2,56.0,高倉稜,2:04.7,1.1/4,259.4,8.0,496(0),[西] 前川恭子,202508030102
7,7,7,ナムラライラック,牝2,52.0,和田陽希,2:05.2,3,171.1,6.0,402(0),[西] 畑端省吾,202508030102
8,2,2,ニュートラ,牝2,55.0,菱田裕二,2:05.5,1.1/2,194.0,7.0,460(+6),[西] 畑端省吾,202508030102
1,6,11,アスクケンタッキー,牡2,56.0,坂井瑠星,1:24.4,,2.1,1.0,474(0),[西] 藤原英昭,202508030103
2,7,14,リーグナイト,牡2,53.0,田山旺佑,1:25.1,4,7.7,3.0,460(0),[西] 新谷功一,202508030103
3,6,12,ガーネットフレア,牝2,55.0,西村淳也,1:25.6,2.1/2,3.5,2.0,450(0),[西] 杉山佳明,202508030103
4,4,7,モズジェネラル,牡2,56.0,国分恭介,1:25.6,クビ,19.9,6.0,508(0),[西] 田中克典,202508030103
5,1,2,エイシンビリオン,牝2,55.0,小沢大仁,1:25.8,1.1/4,11.8,4.0,462(0),[西] 今野貞一,202508030103
6,5,10,マーゴットオネイロ,牡2,56.0,団野大成,1:26.0,1.1/4,27.2,8.0,480(0),[西] 小林真也,202508030103
7,8,16,パープルウインド,牝2,52.0,古川奈穂,1:26.1,クビ,88.1,12.0,384(0),[西] 羽月友彦,202508030103
8,2,3,ノリノドラゴン,牡2,56.0,城戸義政,1:26.8,4,200.6,16.0,454(0),[西] 荒川義之,202508030103
9,1,1,ジューンセクレタ,牡2,56.0,高倉稜,1:27.0,3/4,18.3,5.0,516(0),[西] 武英智,202508030103
10,5,9,マイカラー,牡2,56.0,岩田望来,1:27.1,3/4,21.4,7.0,456(0),[西] 吉岡辰弥,202508030103
11,3,5,リリーサンダー,牡2,53.0,和田陽希,1:27.1,アタマ,145.7,15.0,424(0),[西] 緒方努,202508030103
12,2,4,ヴァンロゼ,牝2,55.0,松若風馬,1:27.8,4,127.5,13.0,456(0),[西] 東田明士,202508030103
13,8,15,ヒャクギマル,牡2,56.0,菱田裕二,1:27.8,クビ,57.3,10.0,472(0),[西] 坂口智康,202508030103
14,4,8,ポルタシャーンス,牝2,55.0,斎藤新,1:28.3,2.1/2,144.3,14.0,460(0),[東] 武藤善則,202508030103
15,7,13,ウシワカマル,牡2,56.0,田口貫太,1:28.7,2.1/2,69.8,11.0,460(0),[西] 安達昭夫,202508030103
16,3,6,ジャスパールビー,牝2,54.0,松本大輝,1:32.5,大,28.7,9.0,438(0),[西] 森秀行,202508030103
1,4,5,メイショウヤシマ,牡3,56.0,武豊,1:50.7,,1.3,1.0,466(+4),[西] 高橋亮,202508030104
2,3,3,マジックブルー,牡4,58.0,団野大成,1:51.2,3,19.7,5.0,496(+10),[西] 荒川義之,202508030104
3,4,6,ナムラルッコラ,牝4,56.0,田口貫太,1:51.2,クビ,197.3,12.0,510(+20),[西] 大橋勇樹,202508030104
4,5,8,コズミックダンサー,牡3,53.0,和田陽希,1:51.6,2.1/2,11.6,3.0,488(+2),[西] 藤原英昭,202508030104
5,7,11,キタノサワヤカ,牡3,56.0,池添謙一,1:51.8,1,17.0,4.0,464(-4),[西] 吉田直弘,202508030104
6,8,14,チュウワダイオウ,セ4,58.0,富田暁,1:51.9,3/4,57.3,8.0,460(+3),[西] 加藤公太,202508030104
7,7,12,ヴェーヌドール,牡3,53.0,森田誠也,1:51.9,クビ,24.3,6.0,514(-2),[西] 武英智,202508030104
8,2,2,スティルザワン,セ4,58.0,荻野琢真,1:52.0,クビ,214.7,13.0,452(-3),[西] 前川恭子,202508030104
9,6,9,オブラマエストラ,牡3,56.0,亀田温心,1:52.0,アタマ,51.1,7.0,438(+6),[西] 池添学,202508030104
10,5,7,ローズゴジャール,牝3,54.0,城戸義政,1:52.1,クビ,65.7,11.0,408(+8),[西] 荒川義之,202508030104
11,3,4,イエスウィズキャン,牡5,58.0,菱田裕二,1:52.1,クビ,64.2,10.0,552(+10),[西] 羽月友彦,202508030104
12,1,1,バルミーウェザー,セ4,58.0,岩田望来,1:52.4,1.3/4,60.5,9.0,470(+4),[西] 佐藤悠太,202508030104
13,8,13,ダイシンレアレア,牡3,56.0,川田将雅,1:52.7,2,6.1,2.0,480(+4),[西] 高橋一哉,202508030104
14,6,10,オブシディアン,牡5,57.0,松本大輝,1:52.9,1,418.8,14.0,540(0),[東] 石栗龍彦,202508030104
1,4,6,ダークマルス,牡2,56.0,川田将雅,2:02.3,,5.1,3.0,472(0),[西] 杉山晴紀,202508030105
2,7,11,リアライズグリント,牡2,56.0,坂井瑠星,2:02.4,1/2,3.3,1.0,480(0),[西] 矢作芳人,202508030105
3,5,7,ロングホリデー,牡2,56.0,鮫島克駿,2:02.5,3/4,29.7,9.0,456(0),[西] 茶木太樹,202508030105
4,5,8,パーヴォ,牡2,56.0,和田竜二,2:02.5,アタマ,44.4,10.0,452(0),[西] 吉田直弘,202508030105
5,4,5,メイショウソラリス,牡2,56.0,西村淳也,2:02.7,1,3.9,2.0,460(0),[西] 角田晃一,202508030105
6,2,2,コスモブラック,牡2,56.0,団野大成,2:02.7,ハナ,20.3,7.0,468(0),[西] 武英智,202508030105
7,3,4,サトノトリニティ,牡2,56.0,高杉吏麒,2:03.2,3,13.5,6.0,488(0),[西] 池江泰寿,202508030105
8,8,13,キングズテイル,牡2,56.0,浜中俊,2:03.7,3,62.6,11.0,486(0),[西] 岡田稲男,202508030105
9,1,1,ロザーンジュ,牝2,53.0,今村聖奈,2:04.2,3,25.6,8.0,446(0),[西] 寺島良,202508030105
10,8,14,エアヴァイブス,牝2,55.0,武豊,2:04.2,クビ,5.8,4.0,446(0),[西] 福永祐一,202508030105
11,7,12,ラップトップ,牝2,52.0,田山旺佑,2:04.3,1/2,105.4,12.0,396(0),[西] 小栗実,202508030105
12,6,10,ライトフライヤー,牡2,56.0,岩田望来,2:04.6,2,12.8,5.0,484(0),[西] 吉岡辰弥,202508030105
13,3,3,スティーブ,牡2,56.0,小沢大仁,2:04.8,1,249.9,14.0,466(0),[西] 高橋亮,202508030105
14,6,9,エコログレン,牡2,56.0,国分恭介,2:05.0,1.1/2,121.0,13.0,476(0),[西] 牧浦充徳,202508030105
1,7,13,サンダーロード,牡3,56.0,松若風馬,1:22.5,,29.6,8.0,538(-2),[西] 杉山晴紀,202508030106
2,3,5,ヒミノエトワール,牝3,54.0,池添謙一,1:22.6,クビ,7.7,4.0,464(0),[西] 宮地貴稔,202508030106
3,7,14,モズケイスター,牡3,56.0,高杉吏麒,1:22.7,3/4,3.7,1.0,470(+12),[西] 高柳大輔,202508030106
4,8,15,テイエムパイロット,牡3,53.0,田山旺佑,1:23.0,2,157.1,16.0,512(-6),[西] 秋山真一,202508030106
5,8,16,ポンピエ,牡4,58.0,鮫島克駿,1:23.2,3/4,9.5,6.0,450(-2),[西] 西園正都,202508030106
6,1,1,クリノミニスター,牡6,58.0,団野大成,1:23.2,アタマ,79.8,12.0,470(+8),[西] 荒川義之,202508030106
7,3,6,ウォーターパラディ,牡3,56.0,菱田裕二,1:23.4,1.1/4,9.4,5.0,462(0),[西] 岡田稲男,202508030106
8,4,8,ドラゴン,牡3,56.0,武豊,1:23.7,2,4.5,2.0,504(+8),[西] 松永幹夫,202508030106
9,4,7,マテンロウカナロア,牡3,56.0,小沢大仁,1:23.7,ハナ,13.7,7.0,486(+8),[西] 野中賢二,202508030106
10,6,11,タイセイディアマン,牡3,56.0,田口貫太,1:23.9,1.1/4,4.6,3.0,462(+2),[西] 大橋勇樹,202508030106
11,2,4,キアヌ,牡3,56.0,酒井学,1:24.0,クビ,97.7,13.0,502(+6),[西] 小崎憲,202508030106
12,5,10,ハイケンス,牡4,56.0,今村聖奈,1:24.1,1/2,64.4,11.0,458(-4),[西] 今野貞一,202508030106
13,6,12,ファイヤーウィップ,牡4,57.0,松本大輝,1:24.1,アタマ,140.9,15.0,502(-6),[西] 吉田直弘,202508030106
14,1,2,ローガンパス,セ4,58.0,富田暁,1:24.1,クビ,100.6,14.0,482(-12),[西] 東田明士,202508030106
15,2,3,ライツユーアップ,牝3,51.0,柴田裕一,1:24.5,2,46.3,9.0,434(0),[西] 角田晃一,202508030106
16,5,9,タマモブラウンタイ,牡3,52.0,河原田菜,1:24.9,2.1/2,52.5,10.0,470(+14),[西] 角田晃一,202508030106
1,8,16,ジャスパーディビネ,牡3,54.0,和田陽希,1:08.0,,8.4,3.0,516(-2),[西] 森秀行,202508030107
2,1,2,ストレイトアスク,牝4,52.0,河原田菜,1:08.1,3/4,18.8,7.0,436(+6),[西] 藤原英昭,202508030107
3,3,6,セディバン,牡3,57.0,池添謙一,1:08.2,1/2,10.8,5.0,490(+10),[西] 吉田直弘,202508030107
4,6,12,セナマリン,牝3,55.0,岩田望来,1:08.2,アタマ,3.0,1.0,510(+6),[西] 安田翔伍,202508030107
5,3,5,ジェニファー,牝4,53.0,田山旺佑,1:08.3,1/2,10.0,4.0,476(+18),[西] 浜田多実,202508030107
6,7,15,アーサーズウェイン,牝3,55.0,小沢大仁,1:08.4,クビ,51.1,14.0,454(+6),[西] 高橋一哉,202508030107
7,1,1,ダイヤモンド,牡3,57.0,和田竜二,1:08.4,クビ,33.1,10.0,520(+8),[西] 清水久詞,202508030107
8,7,13,サンウイキョウ,牡4,58.0,秋山稔樹,1:08.6,1,143.2,15.0,484(+8),[西] 秋山真一,202508030107
9,5,9,ルクスノア,牝4,56.0,富田暁,1:08.6,クビ,38.0,12.0,502(+20),[西] 平田修,202508030107
10,2,4,グランルーチェ,セ4,58.0,藤懸貴志,1:08.7,クビ,216.9,17.0,490(+10),[西] 庄野靖志,202508030107
11,2,3,ブライティアブーケ,牝3,55.0,城戸義政,1:08.7,クビ,18.9,8.0,428(-2),[西] 小林真也,202508030107
12,8,17,カフジキアッキエレ,牝5,56.0,松若風馬,1:08.8,クビ,36.5,11.0,446(+10),[西] 森田直行,202508030107
13,6,11,ウォーターエルピス,牝3,55.0,西村淳也,1:08.8,アタマ,26.8,9.0,510(+8),[西] 藤野健太,202508030107
14,5,10,モンタルチーノ,牡3,57.0,川田将雅,1:08.9,3/4,3.7,2.0,510(+8),[西] 庄野靖志,202508030107
15,4,7,ディーエストッキー,牡4,58.0,菱田裕二,1:09.0,1/2,49.6,13.0,468(+10),[西] 橋口慎介,202508030107
16,7,14,ノイヤー,牝4,56.0,角田大和,1:09.3,1.1/2,324.0,18.0,466(-7),[西] 高橋亮,202508030107
17,8,18,レディエンス,牝3,55.0,高杉吏麒,1:09.3,クビ,148.6,16.0,442(+6),[西] 藤野健太,202508030107
18,4,8,パリコレジェンヌ,牝3,55.0,田口貫太,1:09.4,クビ,16.7,6.0,468(+12),[西] 鈴木孝志,202508030107
1,2,2,ウイントレメンデス,牡4,58.0,武豊,1:59.3,,16.9,7.0,478(-4),[西] 長谷川浩,202508030108
2,8,12,マトラコーニッシュ,牝3,54.0,団野大成,1:59.4,1/2,11.0,4.0,430(-2),[西] 池添学,202508030108
3,7,10,ヴァリディシームス,牡3,56.0,川田将雅,1:59.5,1/2,3.3,2.0,498(+12),[西] 中内田充,202508030108
4,1,1,ステラクラウン,牝4,56.0,岩田望来,1:59.6,1/2,13.9,6.0,502(+2),[西] 上村洋行,202508030108
5,3,3,バルティカ,牡3,56.0,小沢大仁,1:59.7,1/2,72.8,10.0,452(-6),[西] 高橋亮,202508030108
6,6,7,デルアヴァー,牡3,56.0,角田大和,1:59.8,1.1/4,3.9,3.0,488(-2),[西] 松永幹夫,202508030108
7,5,5,ラレーヌデリス,牝5,56.0,亀田温心,2:00.0,1.1/4,97.8,11.0,472(+8),[西] 安田翔伍,202508030108
8,5,6,キングスコール,牡3,56.0,坂井瑠星,2:00.0,ハナ,2.9,1.0,492(-4),[西] 矢作芳人,202508030108
9,8,11,ショウナンバルドル,セ3,56.0,池添謙一,2:00.4,2.1/2,71.4,9.0,494(-6),[西] 須貝尚介,202508030108
10,7,9,オデット,牝3,54.0,高杉吏麒,2:00.8,2.1/2,55.1,8.0,446(0),[西] 緒方努,202508030108
11,6,8,キャリーハピネス,牡5,58.0,鮫島克駿,2:01.1,2,240.0,12.0,506(+6),[西] 河嶋宏樹,202508030108
12,4,4,ナグルファル,牡3,56.0,西村淳也,2:01.2,1/2,12.9,5.0,516(+2),[西] 杉山晴紀,202508030108
1,6,6,ラスティングスノー,牝2,55.0,西村淳也,1:21.7,,18.8,7.0,464(0),[東] 池上昌和,202508030109
2,5,5,メイショウハッケイ,牝2,55.0,武豊,1:21.8,クビ,4.6,3.0,458(0),[西] 本田優,202508030109
3,3,3,フルールジェンヌ,牝2,55.0,和田竜二,1:21.8,ハナ,18.5,6.0,460(+2),[西] 鈴木孝志,202508030109
4,4,4,アイニードユー,牝2,55.0,川田将雅,1:21.8,クビ,5.3,4.0,468(+6),[西] 吉村圭司,202508030109
5,8,8,ファムマルキーズ,牝2,55.0,高杉吏麒,1:22.2,2.1/2,2.8,1.0,446(+10),[西] 大久保龍,202508030109
6,7,7,ルージュサウダージ,牝2,55.0,小沢大仁,1:22.4,1.1/4,6.9,5.0,462(0),[西] 松永幹夫,202508030109
7,1,1,ベルフラム,牝2,55.0,田口貫太,1:22.6,1.1/4,36.8,8.0,416(+4),[西] 高橋一哉,202508030109
8,2,2,カイショー,牝2,55.0,池添謙一,1:22.8,1.1/2,4.5,2.0,460(+6),[西] 長谷川浩,202508030109
1,5,9,メイショウホウレン,牡4,58.0,浜中俊,1:09.1,,9.0,4.0,506(-4),[西] 安達昭夫,202508030110
2,8,15,ルディック,牡4,58.0,西村淳也,1:09.2,3/4,3.4,1.0,524(0),[西] 高野友和,202508030110
3,8,16,ノボリショウリュウ,牡4,58.0,高杉吏麒,1:09.7,2.1/2,7.8,3.0,464(0),[西] 石橋守,202508030110
4,1,2,エレガントムーン,牝5,56.0,斎藤新,1:09.7,1/2,204.5,15.0,448(-2),[西] 牧浦充徳,202508030110
5,2,4,パドマ,牝4,56.0,松若風馬,1:09.8,クビ,18.0,8.0,508(+6),[西] 杉山晴紀,202508030110
6,1,1,ヒルノドゴール,牡4,58.0,和田竜二,1:10.0,1.1/2,11.9,6.0,524(+10),[西] 北出成人,202508030110
7,6,12,ローズバルサム,牝5,56.0,武豊,1:10.1,クビ,22.4,11.0,446(-2),[西] 吉村圭司,202508030110
8,7,14,ウナギノボリ,牡6,58.0,国分恭介,1:10.1,1/2,72.6,13.0,472(-6),[西] 東田明士,202508030110
9,4,7,メイショウヤーキス,牡4,58.0,菱田裕二,1:10.2,1/2,16.9,7.0,452(+8),[西] 飯田祐史,202508030110
10,7,13,タマモダイジョッキ,牡7,58.0,小沢大仁,1:10.2,ハナ,68.2,12.0,486(-6),[西] 緒方努,202508030110
11,5,10,カネコメシスター,牝6,56.0,団野大成,1:10.5,1.1/2,289.0,16.0,502(-8),[西] 中尾秀正,202508030110
12,3,5,ストレングス,牡4,58.0,岩田望来,1:10.6,3/4,4.0,2.0,470(-2),[西] 寺島良,202508030110
13,2,3,ビバップ,牡4,58.0,西塚洸二,1:10.8,1.1/2,22.0,10.0,492(0),[西] 清水久詞,202508030110
14,6,11,ネグレスコ,牝4,56.0,秋山稔樹,1:11.4,3.1/2,10.7,5.0,486(0),[西] 西園正都,202508030110
15,4,8,イミュータブル,牡5,58.0,鮫島克駿,1:11.5,クビ,20.7,9.0,478(-12),[西] 浜田多実,202508030110
16,3,6,サトノグレイト,セ5,58.0,池添謙一,1:13.0,9,170.8,14.0,492(+2),[西] 中竹和也,202508030110
1,2,3,メイショウソラフネ,牡6,57.0,高杉吏麒,1:07.7,,5.7,2.0,454(+2),[西] 石橋守,202508030111
2,6,11,ナムラクララ,牝3,54.0,浜中俊,1:07.7,クビ,3.5,1.0,478(-8),[西] 長谷川浩,202508030111
3,4,7,クラスペディア,牡3,56.0,藤岡佑介,1:07.9,1,6.4,3.0,510(+10),[西] 河嶋宏樹,202508030111
4,5,9,ジョーメッドヴィン,牡4,55.0,岩田望来,1:08.1,1.1/4,29.2,10.0,510(-4),[西] 清水久詞,202508030111
5,3,6,フィオライア,牝4,54.0,国分恭介,1:08.2,3/4,9.7,5.0,464(-2),[西] 西園正都,202508030111
6,4,8,タマモブラックタイ,牡5,55.0,酒井学,1:08.2,アタマ,16.6,7.0,518(+4),[西] 角田晃一,202508030111
7,8,17,バンデルオーラ,牡6,55.0,西村淳也,1:08.2,クビ,57.7,15.0,484(+2),[西] 牧浦充徳,202508030111
8,2,4,プルパレイ,セ6,57.0,富田暁,1:08.3,アタマ,34.9,12.0,494(-2),[西] 須貝尚介,202508030111
9,6,12,カリボール,牡9,56.0,田口貫太,1:08.3,1/2,44.5,14.0,504(-2),[西] 西村真幸,202508030111
10,1,1,グランテスト,牝5,54.0,松若風馬,1:08.4,クビ,16.5,6.0,482(-4),[西] 今野貞一,202508030111
11,7,15,ベガリス,牝5,54.0,藤懸貴志,1:08.4,アタマ,8.3,4.0,444(+4),[西] 高橋義忠,202508030111
12,1,2,ジュンウィンダム,牝5,54.0,小沢大仁,1:08.4,アタマ,18.4,8.0,514(+2),[西] 浜田多実,202508030111
13,7,13,ブトンドール,牝5,54.0,鮫島克駿,1:08.5,1/2,62.9,16.0,516(+14),[西] 池添学,202508030111
14,5,10,ブーケファロス,牡5,55.0,斎藤新,1:08.6,1/2,29.8,11.0,450(+2),[東] 清水英克,202508030111
15,3,5,ショウナンハクラク,牡6,56.0,池添謙一,1:08.7,クビ,25.0,9.0,478(0),[西] 松下武士,202508030111
16,8,16,ミルトクレイモー,牡5,54.0,菱田裕二,1:09.2,3,36.0,13.0,518(+2),[西] 中村直也,202508030111
17,7,14,エコロガイア,牡4,55.0,団野大成,1:10.7,9,66.5,17.0,470(-4),[西] 森秀行,202508030111
18,8,18,マイネルジェロディ,牡7,56.0,和田竜二,1:10.9,1.1/2,104.8,18.0,488(+6),[西] 西園正都,202508030111
1,2,2,ヒルノハンブルク,牡3,56.0,武豊,1:50.2,,1.6,1.0,468(0),[西] 武英智,202508030112
2,4,4,モックモック,牡5,56.0,今村聖奈,1:50.2,アタマ,7.1,2.0,500(+2),[西] 寺島良,202508030112
3,1,1,マキシマムビスタ,牝3,54.0,団野大成,1:50.7,3,18.1,7.0,516(+16),[西] 斉藤崇史,202508030112
4,6,9,クリノフィガロ,牡4,58.0,高杉吏麒,1:50.8,1/2,12.0,5.0,496(+4),[西] 荒川義之,202508030112
5,6,8,キングオブフジ,牡4,58.0,中井裕二,1:51.0,1.1/2,25.4,8.0,500(+2),[西] 角田晃一,202508030112
6,5,7,メイショウツヨキ,牡3,56.0,坂井瑠星,1:51.3,1.3/4,9.2,3.0,470(-16),[西] 飯田祐史,202508030112
7,7,10,ドンアチェカ,牡5,55.0,森田誠也,1:51.4,クビ,215.4,11.0,488(0),[西] 千田輝彦,202508030112
8,7,11,クリノグローリー,牡5,58.0,泉谷楓真,1:51.4,ハナ,51.6,9.0,480(-16),[西] 谷潔,202508030112
9,3,3,メイショウシロガネ,牡7,58.0,角田大和,1:51.4,ハナ,241.0,12.0,458(+4),[西] 笹田和秀,202508030112
10,5,6,トーレ,牡4,58.0,斎藤新,1:51.6,1.1/4,9.8,4.0,498(+10),[西] 高橋亮,202508030112
11,8,12,クリノラピダス,牡3,56.0,秋山稔樹,1:51.8,1.1/2,254.7,13.0,446(-4),[西] 谷潔,202508030112
12,8,13,ヒデノレインボー,牡6,55.0,和田陽希,1:52.0,1.1/4,89.2,10.0,502(+8),[西] 梅田智之,202508030112
13,4,5,オーシンハーフ,セ4,58.0,池添謙一,1:54.4,大,17.5,6.0,448(+4),[西] 高橋一哉,202508030112
1,4,7,サヨノパララックス,牡2,56.0,田口貫太,1:24.5,,5.4,4.0,436(+2),[西] 羽月友彦,202508030201
2,5,9,スマートジュリアス,牡2,56.0,松山弘平,1:24.7,1.1/4,2.5,1.0,480(+10),[西] 中村直也,202508030201
3,1,1,テーオーアンジェラ,牝2,55.0,松若風馬,1:25.2,3,5.2,3.0,444(-8),[西] 梅田智之,202508030201
4,3,6,アンガーザガール,牝2,54.0,吉村誠之,1:25.5,1.3/4,31.3,7.0,446(-4),[西] 東田明士,202508030201
5,5,10,ハードシングス,牡2,56.0,団野大成,1:25.8,1.3/4,4.7,2.0,456(-4),[西] 小崎憲,202508030201
6,2,3,マーゴットクリュグ,牝2,55.0,荻野琢真,1:26.0,1.1/4,15.5,5.0,460(-6),[西] 小林真也,202508030201
7,8,16,ルファーダ,牡2,53.0,和田陽希,1:26.0,クビ,21.7,6.0,516(+22),[西] 大根田裕,202508030201
8,7,13,ロードベルファスト,牡2,56.0,高杉吏麒,1:26.1,クビ,57.8,11.0,474(-2),[西] 畑端省吾,202508030201
9,3,5,セレーノ,牝2,53.0,永島まな,1:26.4,1.3/4,88.6,13.0,442(-2),[西] 高橋亮,202508030201
10,4,8,カセノコンコルド,牡2,53.0,柴田裕一,1:26.5,3/4,87.4,12.0,446(+4),[西] 中尾秀正,202508030201
11,8,15,ユウトザケンケン,牡2,56.0,和田竜二,1:26.7,1.1/4,47.0,9.0,468(-10),[西] 小崎憲,202508030201
12,7,14,ジャストキュート,牝2,55.0,斎藤新,1:26.9,3/4,131.7,14.0,460(-2),[東] 武藤善則,202508030201
13,1,2,マクアケ,牡2,56.0,鮫島克駿,1:27.3,2.1/2,38.9,8.0,496(+36),[西] 杉山佳明,202508030201
14,6,11,トモエナゲ,牡2,52.0,河原田菜,1:27.5,3/4,487.1,16.0,464(-2),[東] 青木孝文,202508030201
15,6,12,ブラッドムーン,牝2,52.0,田山旺佑,1:27.7,1.1/2,50.7,10.0,444(-4),[西] 宮本博,202508030201
16,2,4,ナンテヒダ,牡2,56.0,川須栄彦,1:28.0,1.3/4,149.9,15.0,446(+4),[西] 中尾秀正,202508030201
1,2,2,プレセピオ,牝2,55.0,浜中俊,1:33.9,,5.1,3.0,472(0),[西] 笹田和秀,202508030202
2,1,1,ミッキーラヴィータ,牝2,55.0,団野大成,1:33.9,ハナ,2.2,1.0,442(+8),[西] 高橋亮,202508030202
3,3,3,シャローアロス,牝2,55.0,坂井瑠星,1:34.7,5,6.0,5.0,438(0),[西] 安達昭夫,202508030202
4,4,4,トランスマリーン,牡2,56.0,和田竜二,1:34.8,1/2,4.2,2.0,486(0),[西] 平田修,202508030202
5,5,5,デルニエジョイ,牡2,56.0,田口貫太,1:34.9,1/2,5.2,4.0,468(+8),[西] 鈴木孝志,202508030202
6,6,6,リケアラザニア,牝2,52.0,柴田裕一,1:36.3,9,238.8,7.0,410(-8),[東] 村田一誠,202508030202
7,7,7,エンジェルグラース,牝2,53.0,永島まな,1:36.4,1/2,83.7,6.0,436(0),[西] 高橋康之,202508030202
1,5,10,パイロマンサー,牡2,56.0,横山武史,1:51.8,,3.4,2.0,504(0),[西] 吉村圭司,202508030203
2,4,8,ジャスティンダラス,牡2,56.0,松山弘平,1:52.1,2,3.4,1.0,522(0),[西] 杉山晴紀,202508030203
3,2,4,アーネストアイズ,牝2,55.0,角田大和,1:53.2,7,12.8,5.0,474(0),[西] 松永幹夫,202508030203
4,7,14,レッドフロイデ,牡2,56.0,高杉吏麒,1:53.8,3.1/2,36.5,11.0,442(0),[西] 大久保龍,202508030203
5,4,7,アルムランプシー,牝2,55.0,秋山稔樹,1:54.2,2.1/2,18.4,7.0,494(0),[西] 北出成人,202508030203
6,6,12,コンテナヒーロー,牡2,56.0,団野大成,1:54.6,2.1/2,73.9,13.0,486(0),[西] 茶木太樹,202508030203
7,5,9,タガノアイゼン,牡2,56.0,菱田裕二,1:55.0,2.1/2,15.0,6.0,460(0),[西] 岡田稲男,202508030203
8,3,5,アクロフェイズ,牡2,55.0,吉村誠之,1:55.1,1,4.8,3.0,476(0),[西] 奥村豊,202508030203
9,8,16,サンライズケヴィン,牡2,56.0,池添謙一,1:55.9,5,11.6,4.0,492(0),[西] 平田修,202508030203
10,2,3,ケイトバローズ,牝2,55.0,松若風馬,1:56.1,1.1/4,34.0,9.0,468(0),[西] 渡辺薫彦,202508030203
11,1,1,ナブッコ,牡2,53.0,柴田裕一,1:57.2,7,157.3,16.0,500(0),[西] 中竹和也,202508030203
12,1,2,スギノダイナミック,牡2,56.0,藤懸貴志,1:57.5,1.3/4,32.6,8.0,516(0),[西] 高橋義忠,202508030203
13,7,13,レヴロード,牡2,56.0,内田博幸,1:58.9,8,142.4,15.0,482(0),[西] 畑端省吾,202508030203
14,6,11,リアルフォルツァ,牡2,56.0,田口貫太,1:59.0,3/4,39.7,12.0,506(0),[西] 大橋勇樹,202508030203
15,3,6,ミトノテイオー,牡2,56.0,高倉稜,2:00.7,10,120.9,14.0,510(0),[西] 前川恭子,202508030203
16,8,15,カイラーサ,牡2,56.0,鮫島克駿,2:01.2,3,35.3,10.0,514(0),[西] 河嶋宏樹,202508030203
1,5,6,マーブルパレス,牝2,55.0,酒井学,1:10.0,,3.2,1.0,418(0),[西] 西園正都,202508030204
2,8,12,ヒバリノコ,牡2,56.0,亀田温心,1:10.2,1.1/4,10.4,5.0,422(0),[西] 北出成人,202508030204
3,2,2,レガリアーナ,牝2,55.0,松若風馬,1:10.6,2.1/2,58.3,12.0,384(0),[西] 安達昭夫,202508030204
4,7,10,パッションマーレ,牝2,55.0,富田暁,1:10.7,3/4,4.7,3.0,406(0),[西] 四位洋文,202508030204
5,6,8,モカプウイング,牝2,54.0,吉村誠之,1:10.8,クビ,6.3,4.0,458(0),[西] 加藤公太,202508030204
6,8,11,オフクマメ,牝2,55.0,荻野琢真,1:10.8,アタマ,26.7,8.0,462(0),[西] 松下武士,202508030204
7,5,5,ハンザキ,牝2,55.0,藤懸貴志,1:10.8,アタマ,11.5,6.0,450(0),[西] 高橋義忠,202508030204
8,3,3,ジーティーシップ,牡2,56.0,鮫島克駿,1:10.8,アタマ,18.4,7.0,460(0),[西] 森田直行,202508030204
9,7,9,ピルスナー,牝2,55.0,斎藤新,1:11.6,5,40.9,11.0,434(0),[東] 青木孝文,202508030204
10,6,7,キシュウサラトイロ,牝2,55.0,田口貫太,1:11.7,クビ,38.1,9.0,432(0),[西] 安達昭夫,202508030204
11,4,4,ジーティーリボーン,牝2,55.0,坂井瑠星,1:11.7,クビ,4.7,2.0,454(0),[西] 中村直也,202508030204
12,1,1,ユイアヴェニール,牡2,56.0,秋山稔樹,1:12.6,5,38.8,10.0,432(0),[西] 高橋義忠,202508030204
1,5,7,コウギョク,牝2,55.0,横山和生,1:48.8,,4.0,2.0,438(0),[西] 昆貢,202508030205
2,8,13,ブレットパス,牡2,56.0,川田将雅,1:49.1,1.1/2,2.3,1.0,496(0),[西] 中内田充,202508030205
3,8,12,ロサドラーダ,牝2,55.0,田口貫太,1:49.2,1/2,18.2,7.0,490(0),[西] 藤岡健一,202508030205
4,4,5,ストームゲイル,牡2,56.0,藤岡佑介,1:49.2,クビ,23.2,8.0,462(0),[西] 四位洋文,202508030205
5,7,10,ラコンチャビエン,牝2,55.0,高杉吏麒,1:49.3,1/2,15.7,5.0,442(0),[西] 藤原英昭,202508030205
6,7,11,オーロアルジェント,牝2,55.0,横山武史,1:49.4,1/2,14.8,4.0,460(0),[西] 高野友和,202508030205
7,6,9,シャドウクライ,牝2,55.0,鮫島克駿,1:49.4,1/2,47.0,11.0,462(0),[西] 杉山佳明,202508030205
8,2,2,グッデイ,牝2,55.0,秋山稔樹,1:49.7,2,105.1,13.0,428(0),[西] 河嶋宏樹,202508030205
9,3,3,ビサーロ,牡2,56.0,小沢大仁,1:49.8,1/2,92.5,12.0,464(0),[西] 田中克典,202508030205
10,4,4,マーゴットガイア,牝2,54.0,吉村誠之,1:50.1,1.1/2,16.1,6.0,490(0),[西] 石坂公一,202508030205
11,5,6,ヒラボクソライア,牡2,56.0,坂井瑠星,1:50.2,3/4,41.7,10.0,502(0),[西] 東田明士,202508030205
12,6,8,ポッドジーク,牡2,56.0,松山弘平,1:50.4,1.1/2,30.5,9.0,520(0),[西] 西園正都,202508030205
13,1,1,アオイハルカ,牝2,53.0,永島まな,1:50.5,アタマ,5.4,3.0,448(0),[西] 大久保龍,202508030205
1,4,6,ポッドフォルク,牡3,56.0,中井裕二,1:52.1,,40.5,9.0,492(0),[西] 西園正都,202508030206
2,8,14,エコロスパーダ,牡3,53.0,和田陽希,1:52.2,1/2,5.3,3.0,452(+2),[西] 大久保龍,202508030206
3,5,7,ディニテ,牡3,56.0,松山弘平,1:52.2,ハナ,9.7,5.0,496(+2),[西] 辻野泰之,202508030206
4,3,4,ヴァリージア,牡5,58.0,団野大成,1:52.2,1/2,23.5,7.0,526(-2),[西] 斉藤崇史,202508030206
5,6,9,ブルーワール,牡4,58.0,松若風馬,1:52.4,1.1/4,11.3,6.0,512(+4),[西] 高柳大輔,202508030206
6,8,13,チムニートップス,牡3,55.0,吉村誠之,1:52.5,クビ,6.0,4.0,490(+2),[西] 杉山晴紀,202508030206
7,4,5,エリカヴェネチア,牝4,56.0,高杉吏麒,1:52.6,3/4,29.0,8.0,498(+2),[西] 吉岡辰弥,202508030206
8,7,11,マテンロウブレイブ,牡3,56.0,太宰啓介,1:52.7,3/4,2.7,1.0,490(+6),[西] 高橋亮,202508030206
9,5,8,コウジョリョウゾク,牡3,56.0,荻野琢真,1:53.2,3.1/2,165.7,12.0,466(+6),[西] 牧田和弥,202508030206
10,7,12,アメリカンビヨンド,牡3,56.0,坂井瑠星,1:53.5,1.1/2,4.7,2.0,532(-4),[西] 藤原英昭,202508030206
11,6,10,クレスコドルフィン,牡3,56.0,角田大和,1:53.5,クビ,126.9,11.0,520(-4),[西] 長谷川浩,202508030206
12,2,2,アイムアクイーン,牝3,54.0,田中健,1:53.8,1.3/4,232.0,13.0,436(+6),[西] 荒川義之,202508030206
13,1,1,キャロルビアンカ,牝5,56.0,城戸義政,1:56.6,大,428.2,14.0,478(-4),[西] 荒川義之,202508030206
14,3,3,ブーディガ,牝3,54.0,斎藤新,2:01.6,大,63.7,10.0,472(0),[西] 高橋一哉,202508030206
1,4,4,フォーキャンドルズ,牡3,55.0,松本大輝,2:00.1,,35.4,8.0,498(-4),[西] 本田優,202508030207
2,5,6,クラウディアイ,牡3,56.0,松山弘平,2:00.2,1/2,1.7,1.0,440(+2),[西] 橋口慎介,202508030207
3,7,9,デルシエロ,牡4,57.0,吉村誠之,2:00.2,アタマ,6.4,2.0,418(+6),[西] 清水久詞,202508030207
4,2,2,ダノンジャイアン,牡3,56.0,横山武史,2:00.6,2.1/2,7.0,3.0,450(+12),[西] 茶木太樹,202508030207
5,8,12,ニホンピロゴルディ,牡4,58.0,田口貫太,2:00.8,1,153.5,11.0,460(+4),[西] 安達昭夫,202508030207
6,6,7,ドゥラシェーナ,牝4,53.0,田山旺佑,2:00.8,アタマ,115.9,10.0,464(0),[西] 佐々木晶,202508030207
7,7,10,ディスパラール,牝3,54.0,団野大成,2:00.8,ハナ,9.0,4.0,448(+8),[西] 斉藤崇史,202508030207
8,6,8,レーヌマロン,牝3,54.0,長岡禎仁,2:01.0,1.1/4,14.1,6.0,450(+2),[西] 小栗実,202508030207
9,1,1,プレミアシップ,牡3,56.0,高杉吏麒,2:01.6,3.1/2,12.3,5.0,500(-2),[西] 吉岡辰弥,202508030207
10,5,5,ルージュサリナス,牝4,54.0,永島まな,2:02.0,2,88.9,9.0,436(+18),[西] 加藤公太,202508030207
11,8,11,ヴォラヴィア,牡3,56.0,川又賢治,2:02.0,ハナ,20.9,7.0,458(+6),[西] 杉山佳明,202508030207
12,3,3,ショウナンアトレ,牡3,53.0,和田陽希,2:05.0,大,239.8,12.0,454(+2),[西] 梅田智之,202508030207
1,7,14,タマモティーカップ,牝3,52.0,永島まな,1:22.6,,14.6,6.0,462(+2),[西] 高橋亮,202508030208
2,3,5,ピエマンソン,牡3,56.0,池添謙一,1:22.7,3/4,2.5,1.0,476(+4),[西] 平田修,202508030208
3,7,13,ワーズワース,牡7,58.0,高杉吏麒,1:22.9,1.1/4,17.2,7.0,502(+10),[西] 高橋一哉,202508030208
4,4,8,コスモストーム,牡3,56.0,秋山稔樹,1:23.0,1/2,3.8,2.0,508(+8),[西] 北出成人,202508030208
5,8,16,クアトロジャック,牡4,58.0,横山和生,1:23.5,2.1/2,8.3,3.0,494(+6),[西] 庄野靖志,202508030208
6,6,11,ワイノナオミ,牝4,56.0,藤岡佑介,1:23.6,3/4,39.1,9.0,474(+12),[西] 畑端省吾,202508030208
7,6,12,モズナイスバディー,牡4,58.0,和田竜二,1:23.8,3/4,40.5,10.0,492(-2),[西] 飯田祐史,202508030208
8,1,1,リネアグローリア,牡4,58.0,酒井学,1:23.8,ハナ,20.6,8.0,480(+2),[西] 小崎憲,202508030208
9,2,3,フラーハ,牝4,56.0,松山弘平,1:24.1,2,10.2,5.0,492(+4),[東] 嘉藤貴行,202508030208
10,5,9,ランタナヒルズ,牝4,53.0,和田陽希,1:24.1,クビ,115.9,13.0,470(+4),[東] 田中勝春,202508030208
11,2,4,ブライトルピナス,牝4,56.0,川須栄彦,1:24.3,1.1/4,85.2,11.0,476(+20),[西] 東田明士,202508030208
12,1,2,サマーアゲイン,牡4,58.0,高倉稜,1:24.3,アタマ,358.8,16.0,502(+2),[西] 渡辺薫彦,202508030208
13,8,15,バイファーザベスト,牡6,57.0,吉村誠之,1:24.5,1,90.9,12.0,536(+10),[西] 清水久詞,202508030208
14,3,6,シンゼンイズモ,牡5,58.0,団野大成,1:24.7,1.1/4,305.4,15.0,522(-10),[西] 荒川義之,202508030208
15,5,10,マイティマイティー,牡4,58.0,坂井瑠星,1:24.8,クビ,8.8,4.0,490(-2),[西] 佐々木晶,202508030208
16,4,7,ストームバンガード,牡4,58.0,菱田裕二,1:25.6,5,158.9,14.0,506(+16),[西] 岡田稲男,202508030208
1,1,1,レディーヴァリュー,牝4,56.0,団野大成,1:59.4,,2.9,2.0,454(-10),[西] 小林真也,202508030209
2,3,3,アイスグリーン,牡5,58.0,吉村誠之,1:59.6,1.1/4,9.7,4.0,482(-2),[西] 池添学,202508030209
3,8,9,キャントウェイト,牡4,58.0,和田竜二,1:59.7,クビ,13.7,5.0,478(0),[東] 萱野浩二,202508030209
4,2,2,タイキラフター,牡5,58.0,横山武史,1:59.7,ハナ,16.5,6.0,518(-14),[東] 大竹正博,202508030209
5,8,8,バッデレイト,牡4,58.0,川田将雅,1:59.9,1.1/2,2.2,1.0,476(+8),[西] 上村洋行,202508030209
6,7,7,マイネルニコラス,牡6,58.0,斎藤新,2:00.0,1/2,161.1,9.0,516(+6),[東] 畠山吉宏,202508030209
7,6,6,キュクヌス,牝4,56.0,松山弘平,2:00.1,1,6.0,3.0,458(+10),[西] 池江泰寿,202508030209
8,4,4,サトノクローク,牡5,58.0,鮫島克駿,2:00.1,ハナ,24.2,7.0,466(-12),[西] 橋口慎介,202508030209
9,5,5,ベント,セ4,58.0,松若風馬,2:01.0,5,84.0,8.0,436(+8),[西] 小崎憲,202508030209
1,6,12,タガノミスト,牝4,55.0,松山弘平,1:09.4,,10.6,4.0,488(0),[西] 渡辺薫彦,202508030210
2,5,9,アメリカンステージ,牡3,56.0,坂井瑠星,1:09.5,クビ,1.9,1.0,516(0),[西] 矢作芳人,202508030210
3,2,4,スターターン,牡4,57.0,川田将雅,1:09.9,2.1/2,7.0,2.0,500(+10),[西] 坂口智康,202508030210
4,7,14,ジョーローリット,牝4,55.0,内田博幸,1:10.1,1.1/4,23.0,9.0,504(+8),[西] 中竹和也,202508030210
5,6,11,スマートフォルス,牡5,57.0,横山武史,1:10.3,1,44.0,10.0,484(+2),[西] 吉村圭司,202508030210
6,7,13,ニットウバジル,牡5,57.0,吉田豊,1:10.3,アタマ,22.0,8.0,510(-4),[東] 高橋文雅,202508030210
7,4,8,メイショウミツヤス,牡7,57.0,和田竜二,1:10.4,1/2,262.8,15.0,518(+6),[西] 飯田祐史,202508030210
8,2,3,キタノズエッジ,牡4,57.0,池添謙一,1:10.7,1.1/2,16.1,6.0,546(+4),[西] 畑端省吾,202508030210
9,5,10,ロードラディウス,牡5,57.0,松若風馬,1:11.0,2,60.7,12.0,480(-2),[西] 森田直行,202508030210
10,8,15,メズメライザー,セ6,57.0,高杉吏麒,1:11.2,1,59.5,11.0,528(+6),[西] 千田輝彦,202508030210
11,8,16,スマートサニー,牡5,57.0,浜中俊,1:11.3,3/4,11.9,5.0,480(+2),[西] 石橋守,202508030210
12,1,2,プロトポロス,牡5,57.0,小沢大仁,1:11.3,クビ,19.1,7.0,486(0),[西] 西村真幸,202508030210
13,1,1,マニバドラ,牡5,58.0,団野大成,1:11.5,1.1/4,8.2,3.0,534(+14),[西] 森秀行,202508030210
14,4,7,メタマックス,牡5,58.0,吉村誠之,1:11.6,1/2,119.6,14.0,534(0),[西] 森秀行,202508030210
15,3,6,サクセスローレル,牡6,57.0,亀田温心,1:12.0,2,283.8,16.0,524(-8),[西] 北出成人,202508030210
16,3,5,ソウテン,牡6,57.0,鮫島克駿,1:13.0,6,115.5,13.0,538(+12),[西] 斉藤崇史,202508030210
1,2,3,ディープモンスター,牡7,57.0,浜中俊,2:23.9,,11.3,5.0,466(0),[西] 池江泰寿,202508030211
2,3,5,サンライズアース,牡4,58.0,池添謙一,2:24.0,1/2,5.3,2.0,534(+4),[西] 石坂公一,202508030211
3,4,8,ヴェルミセル,牝5,55.0,鮫島克駿,2:24.1,クビ,90.8,15.0,468(+4),[西] 吉村圭司,202508030211
4,2,4,アドマイヤテラ,牡4,58.0,川田将雅,2:24.2,1/2,3.1,1.0,496(+2),[西] 友道康夫,202508030211
5,8,18,ショウナンラプンタ,牡4,57.0,松山弘平,2:24.2,クビ,5.3,3.0,542(-2),[西] 高野友和,202508030211
6,8,17,アルナシーム,牡6,57.0,藤岡佑介,2:24.3,1/2,80.6,12.0,446(-2),[西] 橋口慎介,202508030211
7,6,11,ヴェルテンベルク,牡5,57.0,松若風馬,2:24.4,1/2,151.9,16.0,486(+4),[西] 宮本博,202508030211
8,4,7,ドゥレッツァ,牡5,58.0,横山武史,2:24.5,クビ,5.9,4.0,478(+10),[東] 尾関知人,202508030211
9,1,1,サンライズソレイユ,牡4,57.0,坂井瑠星,2:24.5,ハナ,37.8,10.0,522(0),[西] 矢作芳人,202508030211
10,8,16,ボルドグフーシュ,牡6,57.0,内田博幸,2:24.5,クビ,26.2,8.0,510(+6),[西] 宮本博,202508030211
11,1,2,カネフラ,牡5,57.0,団野大成,2:24.7,1,282.8,18.0,448(0),[西] 高橋康之,202508030211
12,7,15,ジューンテイク,牡4,57.0,菱田裕二,2:24.8,1,28.2,9.0,490(-14),[西] 武英智,202508030211
13,5,10,ブレイヴロッカー,セ5,57.0,太宰啓介,2:24.8,クビ,84.5,13.0,466(-6),[西] 本田優,202508030211
14,7,13,メイショウブレゲ,牡6,57.0,酒井学,2:24.9,クビ,47.4,11.0,474(+4),[西] 本田優,202508030211
15,3,6,プラダリア,牡6,57.0,高杉吏麒,2:25.0,1,23.2,7.0,468(-2),[西] 池添学,202508030211
16,7,14,サブマリーナ,牡4,57.0,横山和生,2:25.1,クビ,12.1,6.0,478(-2),[西] 庄野靖志,202508030211
17,5,9,ミクソロジー,セ6,57.0,斎藤新,2:25.3,1.1/4,235.1,17.0,434(-10),[西] 辻野泰之,202508030211
18,6,12,ワープスピード,牡6,57.0,吉村誠之,2:27.2,大,89.9,14.0,498(-10),[東] 高木登,202508030211
1,1,2,ブラックケリー,牝3,55.0,横山武史,1:07.9,,6.3,3.0,436(0),[西] 長谷川浩,202508030212
2,7,13,ジュンヴァンケット,セ4,58.0,松山弘平,1:08.0,クビ,4.0,1.0,462(0),[西] 友道康夫,202508030212
3,5,9,カンシン,牡3,57.0,坂井瑠星,1:08.3,2,4.8,2.0,462(-6),[西] 西園翔太,202508030212
4,8,15,シュブロンレーヴル,牝4,56.0,斎藤新,1:08.4,クビ,60.7,14.0,422(+10),[西] 杉山佳明,202508030212
5,5,10,カリーシ,牝4,56.0,高杉吏麒,1:08.4,ハナ,52.4,12.0,448(-6),[東] 武井亮,202508030212
6,6,11,ブルーサンセット,牝3,54.0,吉村誠之,1:08.5,クビ,17.0,7.0,452(+8),[西] 奥村豊,202508030212
7,3,6,ビービーエフォート,牝3,54.0,西塚洸二,1:08.5,アタマ,20.1,8.0,404(-8),[東] 高柳瑞樹,202508030212
8,1,1,エルサトアナ,牝3,54.0,松本大輝,1:08.5,ハナ,9.2,6.0,426(-8),[西] 本田優,202508030212
9,6,12,マゴイチタ,セ3,57.0,高倉稜,1:08.6,3/4,57.7,13.0,452(+4),[西] 武英智,202508030212
10,3,5,ソングオブライフ,牡4,58.0,鮫島克駿,1:08.7,クビ,8.0,4.0,500(+6),[西] 森田直行,202508030212
11,2,3,アンビバレント,牡5,58.0,田口貫太,1:08.8,3/4,40.1,11.0,476(-6),[西] 藤野健太,202508030212
12,4,8,トウカイエルデ,牡4,58.0,団野大成,1:08.8,クビ,8.2,5.0,450(-10),[西] 茶木太樹,202508030212
13,8,16,マイネルビジョン,牡5,58.0,和田竜二,1:09.6,5,180.1,16.0,462(0),[東] 伊藤大士,202508030212
14,4,7,アスクキングコング,セ7,58.0,松若風馬,1:10.5,5,131.5,15.0,476(0),[西] 梅田智之,202508030212
15,7,14,ファイツオン,牡4,58.0,浜中俊,1:11.4,5,20.5,9.0,510(-2),[西] 藤岡健一,202508030212
中,2,4,セレッソデアモール,牝5,56.0,川須栄彦,,,27.1,10.0,480(+2),[西] 庄野靖志,202508030212
1,7,14,ランスオブキング,牡2,56.0,松山弘平,1:12.9,,2.9,1.0,468(+8),[西] 本田優,202508030301
2,8,15,リアルアルバ,牡2,56.0,田口貫太,1:13.1,1.1/4,25.9,10.0,462(+10),[西] 大橋勇樹,202508030301
3,6,12,グラスゴー,牝2,55.0,高杉吏麒,1:13.3,1.1/4,9.2,5.0,440(+4),[西] 浜田多実,202508030301
4,5,9,ミヤラティーニ,牝2,55.0,秋山稔樹,1:13.4,1/2,33.6,12.0,422(+4),[西] 東田明士,202508030301
5,2,3,サンリナリア,牝2,55.0,中井裕二,1:13.7,2,19.8,6.0,434(-2),[西] 緒方努,202508030301
6,8,16,テリオスヒナ,牝2,52.0,和田陽希,1:13.8,1,266.4,16.0,434(+2),[西] 小椋研介,202508030301
7,1,2,フレンズプラス,牝2,54.0,吉村誠之,1:13.9,クビ,4.7,2.0,416(0),[西] 宮本博,202508030301
8,5,10,ハルイチバン,牡2,56.0,岩田望来,1:14.2,1.1/2,5.6,3.0,464(+4),[西] 西園正都,202508030301
9,7,13,メイショウボンテン,牡2,56.0,武豊,1:14.6,2.1/2,24.4,8.0,450(-2),[西] 飯田祐史,202508030301
10,4,7,リーガルスプレンダ,牝2,55.0,加藤祥太,1:14.9,1.3/4,27.2,11.0,466(+10),[西] 庄野靖志,202508030301
11,6,11,ワイドアルバ,牡2,56.0,松若風馬,1:14.9,ハナ,25.1,9.0,472(+10),[西] 藤野健太,202508030301
12,2,4,クイーンズステート,牝2,51.0,河原田菜,1:15.0,3/4,261.0,15.0,376(+8),[西] 新谷功一,202508030301
13,3,6,テーオーエリーナ,牝2,52.0,橋木太希,1:15.7,4,159.4,14.0,426(-12),[西] 宮徹,202508030301
14,3,5,ナムラマフィン,牝2,55.0,和田竜二,1:15.7,ハナ,22.6,7.0,422(0),[西] 鈴木孝志,202508030301
15,1,1,ワイドカクゲン,牡2,56.0,鮫島克駿,1:16.6,5,8.8,4.0,490(0),[西] 杉山佳明,202508030301
16,4,8,マジックアロマ,牝2,55.0,西村淳也,1:17.0,2.1/2,88.5,13.0,446(0),[西] 小栗実,202508030301
1,1,1,カムアップローゼス,牡2,56.0,松山弘平,1:53.5,,1.3,1.0,476(+8),[西] 浜田多実,202508030302
2,7,7,サトノリシャール,牡2,56.0,古川吉洋,1:53.6,3/4,8.2,4.0,478(+2),[西] 福永祐一,202508030302
3,6,6,ヴォーカライズ,牡2,55.0,吉村誠之,1:53.6,アタマ,4.6,2.0,478(-10),[西] 高野友和,202508030302
4,3,3,バトゥカーダ,牡2,56.0,松若風馬,1:53.9,1.1/2,6.7,3.0,484(+4),[西] 安達昭夫,202508030302
5,8,8,コパノルーカス,牡2,53.0,和田陽希,1:56.2,大,100.8,7.0,480(-2),[西] 梅田智之,202508030302
6,2,2,ゴールドアイリーン,牝2,55.0,斎藤新,1:56.3,1/2,63.3,5.0,502(0),[西] 小栗実,202508030302
7,4,4,スナークホクサイ,牡2,56.0,富田暁,1:56.9,3.1/2,71.4,6.0,478(-12),[西] 野中賢二,202508030302
8,5,5,テーオールーラー,牡2,52.0,河原田菜,1:59.5,大,188.8,8.0,420(+2),[西] 清水久詞,202508030302
1,2,2,シーミハットク,牡2,56.0,岩田望来,1:48.0,,3.1,2.0,488(+4),[西] 寺島良,202508030303
2,5,5,テーオーアルアイン,牡2,56.0,松山弘平,1:48.3,1.3/4,4.2,3.0,480(+2),[西] 奥村豊,202508030303
3,6,6,イルミナジーティー,牝2,55.0,藤岡佑介,1:48.5,1.1/4,2.1,1.0,434(0),[西] 西園翔太,202508030303
4,1,1,ソルトハッピー,牡2,56.0,団野大成,1:48.6,クビ,5.2,4.0,460(+4),[西] 荒川義之,202508030303
5,3,3,テーオーレックス,牡2,56.0,菱田裕二,1:50.0,9,71.7,6.0,456(+4),[西] 岡田稲男,202508030303
6,4,4,イノリ,牝2,53.0,永島まな,1:50.9,5,32.0,5.0,410(-4),[西] 高橋康之,202508030303
1,5,5,ディナースタ,牡6,61.0,高田潤,3:35.5,,2.1,1.0,482(-2),[西] 辻野泰之,202508030304
2,6,7,ヘザルフェン,牡4,61.0,森一馬,3:36.7,7,2.7,2.0,516(+8),[西] 昆貢,202508030304
3,1,1,テイエムエメラルド,牝7,58.0,小野寺祐,3:37.5,5,41.2,6.0,462(+6),[西] 小椋研介,202508030304
4,4,4,アルマーザアミール,牡4,60.0,小牧加矢,3:37.6,3/4,50.8,7.0,502(-2),[西] 斉藤崇史,202508030304
5,8,11,ワールドスケール,牡8,61.0,黒岩悠,3:38.1,3,57.3,8.0,484(-2),[西] 加藤公太,202508030304
6,6,6,テイエムマジック,牡7,60.0,難波剛健,3:38.1,クビ,5.7,3.0,532(+4),[西] 鈴木孝志,202508030304
7,7,8,マイネルメサイア,牡6,60.0,上野翔,3:38.2,アタマ,25.0,5.0,486(-6),[東] 水野貴広,202508030304
8,7,9,コンテナワールド,牡4,57.0,井上敏樹,3:38.2,ハナ,8.6,4.0,484(0),[西] 中竹和也,202508030304
9,8,10,レディステディゴー,牡7,60.0,中村将之,3:40.3,大,79.6,9.0,516(0),[西] 中村直也,202508030304
10,2,2,ビーンスターク,牡4,60.0,田村太雅,3:42.4,大,126.6,10.0,482(-2),[西] 森田直行,202508030304
除,3,3,ポリトナリティー,牝4,58.0,草野太郎,,,---,,416(+2),[東] 和田雄二,202508030304
1,3,6,マーゴットラヴミー,牝2,55.0,池添謙一,1:20.2,,13.7,5.0,432(0),[西] 小林真也,202508030305
2,5,9,ナオミニオールイン,牝2,55.0,浜中俊,1:20.5,2,10.8,3.0,432(0),[西] 佐藤悠太,202508030305
3,6,12,メルメラーダ,牝2,55.0,西村淳也,1:20.9,2.1/2,2.3,1.0,444(0),[西] 高橋一哉,202508030305
4,1,1,テイエムアイラン,牝2,55.0,酒井学,1:21.1,1.1/2,29.6,10.0,414(0),[西] 宮地貴稔,202508030305
5,1,2,ファイネクローネ,牝2,55.0,和田竜二,1:21.5,2,49.2,12.0,430(0),[西] 緒方努,202508030305
6,4,7,マティンデ,牝2,55.0,松若風馬,1:21.5,アタマ,29.5,9.0,450(0),[西] 清水久詞,202508030305
7,2,3,ルージュビバーチェ,牝2,55.0,松山弘平,1:21.7,1,20.9,7.0,450(0),[西] 橋口慎介,202508030305
8,6,11,モノノケ,牝2,52.0,田山旺佑,1:21.9,1.1/2,62.0,13.0,464(0),[西] 宮地貴稔,202508030305
9,8,17,ベルシュヴァル,牝2,55.0,岩田望来,1:22.0,1,34.8,11.0,420(0),[西] 中村直也,202508030305
10,7,14,アスターシャウルス,牝2,52.0,柴田裕一,1:22.2,1,251.2,16.0,418(0),[西] 中竹和也,202508030305
11,8,16,ユナダイヤ,牝2,55.0,菱田裕二,1:22.3,1/2,129.3,14.0,430(0),[西] 岡田稲男,202508030305
12,4,8,リアルナイスガール,牝2,55.0,鮫島良太,1:22.4,1/2,138.5,15.0,432(0),[西] 畑端省吾,202508030305
13,8,18,サマーバンク,牝2,55.0,団野大成,1:22.4,クビ,22.4,8.0,466(0),[西] 森田直行,202508030305
14,7,15,グランビスタ,牝2,54.0,吉村誠之,1:22.4,クビ,14.8,6.0,438(0),[西] 池添学,202508030305
15,3,5,ビップアリス,牝2,55.0,高杉吏麒,1:22.7,1.1/2,12.6,4.0,426(0),[西] 松下武士,202508030305
16,5,10,ライトオブジアース,牝2,55.0,武豊,1:22.9,1.1/4,3.8,2.0,494(0),[西] 松永幹夫,202508030305
17,2,4,サリー,牝2,54.0,西塚洸二,1:23.5,3.1/2,251.3,17.0,412(0),[西] 前川恭子,202508030305
取,7,13,シェイプオブユー,牝2,55.0,川又賢治,,,---,,計不,[西] 吉村圭司,202508030305
1,6,6,マメタンク,牡2,56.0,松若風馬,1:12.4,,3.1,1.0,448(0),[西] 東田明士,202508030306
2,8,10,タイニーワンダー,牝2,55.0,角田大和,1:12.9,3,9.9,6.0,424(0),[西] 四位洋文,202508030306
3,7,8,メイショウテリオス,牡2,55.0,吉村誠之,1:13.3,2.1/2,6.2,3.0,498(0),[西] 高橋亮,202508030306
4,4,4,テルヴィセクス,牡2,56.0,団野大成,1:13.6,1.3/4,3.2,2.0,474(0),[西] 斉藤崇史,202508030306
5,1,1,サクライロマウコロ,牝2,55.0,松山弘平,1:14.4,5,9.4,5.0,442(0),[西] 西園正都,202508030306
6,5,5,スマートイデアル,牝2,53.0,永島まな,1:14.4,アタマ,32.6,8.0,390(0),[西] 角田晃一,202508030306
7,7,9,クロカミジョウ,牝2,55.0,菱田裕二,1:14.6,1,13.4,7.0,476(0),[西] 岡田稲男,202508030306
8,3,3,スラッシュ,牡2,56.0,田口貫太,1:15.3,4,78.4,9.0,470(0),[西] 安達昭夫,202508030306
9,8,11,ゲキシン,牝2,55.0,高杉吏麒,1:15.4,1/2,7.9,4.0,458(0),[西] 角田晃一,202508030306
10,2,2,ライクシュガー,牝2,55.0,秋山稔樹,1:16.9,9,148.9,11.0,448(0),[西] 坂口智康,202508030306
11,6,7,チョウギャル,牝2,55.0,加藤祥太,1:18.3,9,129.6,10.0,450(0),[西] 羽月友彦,202508030306
1,2,2,アラベラ,牝3,54.0,松山弘平,1:44.6,,5.8,3.0,428(-6),[西] 上村洋行,202508030307
2,8,10,マディソンガール,牝3,54.0,川田将雅,1:44.6,アタマ,2.2,1.0,458(-2),[西] 中内田充,202508030307
3,4,4,ジーティードレス,牝3,54.0,岩田望来,1:44.7,1/2,4.2,2.0,446(-2),[西] 辻野泰之,202508030307
4,7,8,アンビアンス,牝3,54.0,酒井学,1:44.8,クビ,65.9,9.0,454(+4),[西] 清水久詞,202508030307
5,8,11,エアビッグマム,牝3,54.0,武豊,1:45.1,1.3/4,12.2,5.0,510(+2),[西] 笹田和秀,202508030307
6,1,1,オリーボーレン,牝4,56.0,高杉吏麒,1:45.2,1/2,7.9,4.0,468(+6),[西] 藤岡健一,202508030307
7,7,9,ブルーミングローズ,牝3,53.0,吉村誠之,1:45.2,クビ,26.4,8.0,466(+10),[西] 高野友和,202508030307
8,5,5,ベランジェール,牝4,53.0,森田誠也,1:45.3,クビ,118.6,10.0,484(+12),[西] 武幸四郎,202508030307
9,6,6,ムーンライトラガー,牝3,54.0,荻野琢真,1:45.5,1.1/4,22.1,7.0,436(+10),[西] 大久保龍,202508030307
10,3,3,ザラタン,牝3,54.0,池添謙一,1:45.5,ハナ,13.6,6.0,446(+12),[西] 中竹和也,202508030307
11,6,7,ダイシンビヨンド,牝6,56.0,国分優作,1:46.0,3,133.5,11.0,478(0),[西] 梅田智之,202508030307
1,1,1,ロードラヴォール,牡2,56.0,川田将雅,1:59.3,,1.7,1.0,522(+20),[西] 中内田充,202508030308
2,7,7,サトノアイボリー,牡2,56.0,団野大成,1:59.3,クビ,4.4,3.0,486(+6),[西] 杉山晴紀,202508030308
3,2,2,ユメシルベ,牝2,55.0,柴田大知,1:59.7,2.1/2,13.8,4.0,416(-2),[東] 粕谷昌央,202508030308
4,4,4,ブルースカイブルー,牡2,56.0,和田竜二,2:01.3,10,2.8,2.0,536(+2),[西] 平田修,202508030308
5,5,5,セイカンサンラン,牡2,56.0,古川吉洋,2:02.7,8,212.3,7.0,430(-2),[西] 大根田裕,202508030308
6,6,6,ファインマン,牡2,56.0,高倉稜,2:02.8,1/2,106.5,5.0,496(0),[西] 前川恭子,202508030308
7,3,3,オッハッピー,牝2,55.0,鷲頭虎太,2:03.5,4,143.8,6.0,424(-8),[西] 西村真幸,202508030308
1,4,4,スマートカイロス,牡3,53.0,古川奈穂,1:52.0,,3.6,2.0,518(+6),[西] 矢作芳人,202508030309
2,3,3,ゴールドダイアー,牡3,56.0,和田竜二,1:52.0,ハナ,4.9,3.0,488(+6),[西] 平田修,202508030309
3,7,9,ドラゴン,牡3,56.0,武豊,1:52.3,2,2.2,1.0,496(-8),[西] 松永幹夫,202508030309
4,2,2,ドゥラエテルノ,牡3,56.0,浜中俊,1:52.3,クビ,5.9,4.0,468(-4),[西] 武幸四郎,202508030309
5,1,1,サンダーユニバンス,牡4,58.0,城戸義政,1:53.2,5,146.9,10.0,476(0),[西] 奥村豊,202508030309
6,6,7,サーティファイド,セ6,58.0,田口貫太,1:53.5,1.3/4,94.8,8.0,460(-2),[西] 佐藤悠太,202508030309
7,8,11,サンピノン,牝3,52.0,鷲頭虎太,1:53.8,1.3/4,208.7,12.0,442(-24),[西] 谷潔,202508030309
8,5,6,イエスウィズキャン,牡5,58.0,菱田裕二,1:53.8,クビ,49.4,7.0,548(-4),[西] 羽月友彦,202508030309
9,6,8,スコーピオンイメル,牡3,56.0,富田暁,1:54.0,1.1/4,12.4,5.0,498(-4),[西] 武英智,202508030309
10,7,10,ナムラブーニン,牡4,58.0,鮫島克駿,1:54.2,1.1/4,32.0,6.0,464(0),[西] 高橋一哉,202508030309
11,5,5,ウイングスオブラヴ,セ6,54.0,河原田菜,1:54.3,アタマ,122.4,9.0,476(-10),[西] 笹田和秀,202508030309
12,8,12,テーオーニコラス,セ4,55.0,和田陽希,1:54.7,2.1/2,161.6,11.0,474(0),[西] 奥村豊,202508030309
1,2,2,ミストレス,牝3,54.0,岩田望来,1:20.3,,20.9,5.0,480(0),[西] 矢作芳人,202508030310
2,1,1,ホーリーブラッサム,牝3,54.0,川田将雅,1:20.3,クビ,1.5,1.0,484(-2),[西] 斉藤崇史,202508030310
2,6,8,リリーフィールド,牝3,54.0,武豊,1:20.3,同着,4.3,2.0,436(+6),[西] 小崎憲,202508030310
4,5,6,ホウオウサンデー,牡7,58.0,団野大成,1:20.4,1/2,26.3,7.0,464(0),[西] 井上智史,202508030310
5,7,10,クイックバイオ,牝4,56.0,田口貫太,1:20.4,クビ,57.2,9.0,498(-4),[西] 畑端省吾,202508030310
6,4,5,ルヴァンノワール,牝7,56.0,鮫島克駿,1:20.6,3/4,83.0,12.0,474(+16),[西] 庄野靖志,202508030310
7,6,9,エールトゥヘヴン,牡6,58.0,池添謙一,1:20.6,ハナ,16.7,4.0,464(+2),[東] 戸田博文,202508030310
8,3,3,サロニコス,牝4,56.0,西村淳也,1:20.6,クビ,10.9,3.0,466(+4),[西] 松下武士,202508030310
9,4,4,アップストローク,セ6,58.0,松山弘平,1:20.6,クビ,26.9,8.0,456(-6),[東] 杉浦宏昭,202508030310
10,7,11,ジオパーククラウン,牡5,58.0,吉村誠之,1:20.7,クビ,64.8,10.0,458(+2),[西] 長谷川浩,202508030310
11,8,12,エイムフォーエース,牡4,58.0,酒井学,1:20.7,アタマ,71.4,11.0,438(+2),[東] 武井亮,202508030310
12,8,13,アスクドリームモア,牡5,58.0,西塚洸二,1:20.7,クビ,24.2,6.0,520(+6),[西] 藤原英昭,202508030310
13,5,7,ホークマン,牡4,58.0,柴田大知,1:21.2,2.1/2,279.6,13.0,480(+2),[東] 粕谷昌央,202508030310
1,7,14,タガノバビロン,牡3,55.0,松山弘平,1:57.6,,3.2,1.0,516(+2),[西] 西園翔太,202508030311
2,3,5,シンビリーブ,牡3,54.0,松若風馬,1:57.8,1.1/4,16.5,6.0,518(-2),[西] 森秀行,202508030311
3,8,16,ペンナヴェローチェ,牡4,57.0,川田将雅,1:57.9,1/2,6.6,3.0,496(+6),[西] 須貝尚介,202508030311
4,4,8,メイショウズイウン,牡3,56.0,武豊,1:57.9,アタマ,3.5,2.0,496(0),[西] 本田優,202508030311
5,7,13,イデアイゴッソウ,牡4,56.0,横山典弘,1:58.0,1/2,6.8,4.0,474(+8),[東] 小野次郎,202508030311
6,1,1,デコラシオン,牡6,57.0,池添謙一,1:58.3,1.3/4,11.4,5.0,520(+2),[東] 高木登,202508030311
7,3,6,ホルトバージ,牡4,56.0,西村淳也,1:58.4,アタマ,18.6,7.0,478(+12),[西] 寺島良,202508030311
8,8,15,オメガタキシード,セ5,56.0,高杉吏麒,1:58.5,3/4,50.4,10.0,464(+6),[西] 井上智史,202508030311
9,4,7,シャルクハフト,牡3,55.0,和田竜二,1:58.6,3/4,19.2,8.0,494(+2),[西] 清水久詞,202508030311
10,2,4,スズノテレサ,牝6,51.0,柴田大知,1:59.0,2.1/2,198.5,15.0,452(+4),[東] 深山雅史,202508030311
11,5,10,ハーバーライト,牡4,54.0,岩田望来,1:59.2,1.1/2,73.0,12.0,534(0),[西] 高橋義忠,202508030311
12,5,9,タンゴバイラリン,牡4,55.0,吉村誠之,1:59.5,1.3/4,29.5,9.0,528(+2),[東] 栗田徹,202508030311
13,6,11,サンライズグルーヴ,牡5,55.0,団野大成,1:59.7,1.1/2,97.6,14.0,526(+4),[西] 前川恭子,202508030311
14,2,3,スマートリアファル,牡4,55.0,富田暁,2:00.4,4,58.8,11.0,492(-8),[西] 加藤公太,202508030311
15,1,2,ダイメイセブン,牡5,53.0,藤懸貴志,2:00.5,アタマ,261.7,16.0,518(0),[西] 本田優,202508030311
16,6,12,キュールエフウジン,牡6,56.0,藤岡佑介,2:00.6,1/2,87.5,13.0,502(+2),[西] 中尾秀正,202508030311
1,1,2,ゴールデンカイト,牡3,56.0,川田将雅,1:23.2,,2.0,1.0,478(+10),[西] 中内田充,202508030312
2,8,15,サンマルノヴェル,牡3,56.0,田口貫太,1:23.3,クビ,8.2,5.0,502(+8),[西] 大橋勇樹,202508030312
3,6,12,チュウワチーフ,牡3,56.0,和田竜二,1:23.3,クビ,31.0,8.0,478(+8),[西] 小崎憲,202508030312
4,3,6,アメリカンチーフ,牡4,58.0,団野大成,1:23.4,1/2,57.8,11.0,470(0),[西] 東田明士,202508030312
5,4,7,モズタチアガレ,牡3,55.0,西塚洸二,1:23.7,1.1/2,6.7,2.0,488(0),[西] 中尾秀正,202508030312
6,3,5,ゼットスパンキー,牡4,58.0,高杉吏麒,1:24.2,3,18.4,6.0,476(+6),[西] 宮徹,202508030312
7,5,10,レーティッシュ,牡3,56.0,岩田望来,1:24.3,3/4,7.9,4.0,512(0),[西] 高橋一哉,202508030312
8,8,16,レーヴドアンジュ,牝3,53.0,吉村誠之,1:24.4,クビ,132.3,12.0,432(+16),[西] 河嶋宏樹,202508030312
9,4,8,ステイクオール,牡3,56.0,松山弘平,1:24.5,1/2,7.0,3.0,494(+2),[西] 上村洋行,202508030312
10,7,13,サンライズブレイク,牡3,56.0,鮫島克駿,1:24.8,1.3/4,48.2,10.0,506(+10),[西] 浜田多実,202508030312
11,7,14,テイオームサシ,牡3,56.0,国分優作,1:25.1,2,204.2,16.0,476(-20),[西] 秋山真一,202508030312
12,6,11,リアライズオーラム,牡3,53.0,大久保友,1:25.3,1.1/4,23.3,7.0,492(-4),[西] 須貝尚介,202508030312
13,2,3,ガウラスパーク,セ4,58.0,亀田温心,1:26.6,8,152.1,14.0,548(-4),[西] 高柳大輔,202508030312
14,5,9,クロユキ,牝3,54.0,武豊,1:27.5,5,46.6,9.0,444(+2),[西] 松永幹夫,202508030312
15,2,4,ピカリ,牝4,56.0,西村淳也,1:27.6,1,196.5,15.0,514(+4),[西] 森秀行,202508030312
16,1,1,ジャスパーノベル,牝3,51.0,和田陽希,1:27.9,1.3/4,133.3,13.0,480(+6),[西] 森秀行,202508030312
1,4,4,ワイズギャング,牝2,55.0,古川吉洋,1:25.4,,4.3,3.0,444(+2),[西] 河嶋宏樹,202508030401
2,1,1,フィアーブル,牝2,55.0,西村淳也,1:25.5,3/4,4.0,2.0,460(0),[西] 長谷川浩,202508030401
3,8,11,ソウルオンファイア,牝2,55.0,富田暁,1:25.5,ハナ,4.7,4.0,482(0),[西] 野中賢二,202508030401
4,3,3,ガーリッシュ,牝2,55.0,和田竜二,1:25.6,1/2,29.6,7.0,458(+2),[西] 鈴木孝志,202508030401
5,6,8,ナムラソラン,牝2,51.0,河原田菜,1:26.1,2.1/2,125.9,11.0,432(0),[西] 羽月友彦,202508030401
6,5,6,タマモヒロイン,牝2,52.0,和田陽希,1:26.7,4,41.2,9.0,438(-4),[西] 緒方努,202508030401
7,8,12,ツーエムボヌール,牝2,54.0,松本大輝,1:27.2,3,67.6,10.0,454(+4),[西] 本田優,202508030401
8,7,9,リアライズブルーム,牝2,55.0,川田将雅,1:27.5,1.3/4,3.9,1.0,486(+10),[西] 須貝尚介,202508030401
9,2,2,サウンドプリモ,牝2,55.0,鮫島克駿,1:27.7,1,35.1,8.0,424(+10),[西] 高柳大輔,202508030401
10,7,10,グリッタードール,牝2,55.0,田口貫太,1:27.8,1/2,229.0,12.0,458(-4),[西] 大橋勇樹,202508030401
11,6,7,シュヴェスター,牝2,55.0,高杉吏麒,1:28.0,1.1/4,14.4,6.0,428(+2),[西] 高橋亮,202508030401
12,5,5,サンタクローチェ,牝2,55.0,城戸義政,1:28.7,4,7.7,5.0,446(+2),[西] 西村真幸,202508030401
1,2,2,サイン,牡2,56.0,西村淳也,1:53.8,,4.2,2.0,516(-4),[西] 佐藤悠太,202508030402
2,7,7,ヴィエントデコラ,牡2,56.0,小沢大仁,1:54.0,1,6.3,5.0,448(+4),[西] 寺島良,202508030402
3,1,1,マシン,牡2,56.0,団野大成,1:54.5,3.1/2,4.8,4.0,468(-10),[西] 石坂公一,202508030402
4,6,6,ジーティースティア,牡2,56.0,鮫島克駿,1:55.2,4,4.3,3.0,486(-10),[西] 藤野健太,202508030402
5,4,4,グロリアス,牝2,55.0,田口貫太,1:55.6,2.1/2,8.1,6.0,456(-2),[西] 新谷功一,202508030402
6,5,5,ロードステラート,牡2,56.0,富田暁,1:55.8,1,3.4,1.0,502(+6),[西] 武英智,202508030402
7,3,3,マクローリン,牡2,52.0,河原田菜,1:57.4,10,114.1,7.0,468(+2),[西] 加藤公太,202508030402
1,7,7,ブレナヴォン,牡2,55.0,吉村誠之,1:59.5,,2.8,2.0,454(0),[西] 池江泰寿,202508030403
2,2,2,リアライズグリント,牡2,56.0,坂井瑠星,2:00.1,3.1/2,1.8,1.0,474(-6),[西] 矢作芳人,202508030403
3,6,6,アスクチャンスマン,牡2,56.0,松若風馬,2:00.1,クビ,187.7,9.0,434(-2),[西] 梅田智之,202508030403
4,3,3,ラージアンサンブル,牡2,56.0,高杉吏麒,2:00.1,ハナ,30.3,6.0,474(+6),[東] 武井亮,202508030403
5,8,9,ジーティービキニ,牝2,55.0,北村友一,2:00.3,1,13.0,4.0,496(+8),[西] 松下武士,202508030403
6,5,5,コスモブラック,牡2,56.0,団野大成,2:00.5,1.1/2,5.7,3.0,464(-4),[西] 武英智,202508030403
7,1,1,クーレスト,牡2,56.0,古川吉洋,2:00.6,1/2,100.7,8.0,446(+4),[西] 大根田裕,202508030403
8,8,8,アスピラシオン,牡2,56.0,岩田康誠,2:00.8,1,20.6,5.0,490(+2),[西] 上村洋行,202508030403
9,4,4,テイエムプレミラン,牡2,56.0,鮫島克駿,2:02.3,9,46.4,7.0,488(+2),[西] 宮地貴稔,202508030403
1,1,1,ヴィアルークス,牡7,60.0,森一馬,3:18.1,,2.2,1.0,510(+4),[西] 小林真也,202508030404
2,5,5,フォーディアライフ,セ4,60.0,石神深一,3:19.3,7,4.6,2.0,538(-4),[東] 矢嶋大樹,202508030404
3,8,12,オステリア,牡6,60.0,高田潤,3:19.4,1/2,8.4,3.0,522(-2),[西] 宮本博,202508030404
4,4,4,ブラックバラード,セ4,60.0,伴啓太,3:19.6,1.1/4,46.8,12.0,458(+16),[東] 嘉藤貴行,202508030404
5,3,3,エブリモーメント,牡4,60.0,黒岩悠,3:20.1,3.1/2,46.5,11.0,502(0),[西] 牧田和弥,202508030404
6,8,11,シュハリ,牡5,60.0,江田勇亮,3:20.3,1.1/4,43.9,10.0,458(0),[東] 粕谷昌央,202508030404
7,7,9,ストラクチャー,セ4,60.0,草野太郎,3:21.3,6,10.8,5.0,446(+4),[東] 和田正一,202508030404
8,6,7,スズノイナズマ,セ7,60.0,大江原圭,3:21.8,3,18.4,8.0,478(+10),[東] 深山雅史,202508030404
9,7,10,シルバースペード,牡5,60.0,上野翔,3:22.8,6,16.5,7.0,478(-2),[東] 小野次郎,202508030404
10,6,8,アルカンサス,牡6,60.0,西谷誠,3:22.9,1/2,10.4,4.0,482(-8),[東] 土田稔,202508030404
11,5,6,ゴットリープ,牡5,60.0,五十嵐雄,3:23.2,1.1/2,38.9,9.0,482(+10),[東] 栗田徹,202508030404
12,2,2,シーク,セ3,58.0,小牧加矢,3:25.9,大,14.3,6.0,528(+16),[西] 角田晃一,202508030404
1,8,13,ヴィサージュ,牡2,56.0,藤岡佑介,2:00.5,,14.0,5.0,498(0),[西] 大久保龍,202508030405
2,2,2,アメティスタ,牝2,55.0,高杉吏麒,2:00.5,クビ,27.1,8.0,462(0),[西] 牧浦充徳,202508030405
3,7,11,ビクスバイト,牝2,55.0,鮫島克駿,2:00.5,ハナ,34.6,9.0,454(0),[西] 佐藤悠太,202508030405
4,7,10,ショウナンバンライ,牡2,56.0,池添謙一,2:00.9,2,3.3,2.0,462(0),[西] 松下武士,202508030405
5,1,1,ワンダフルボンド,牡2,56.0,川田将雅,2:00.9,ハナ,2.2,1.0,476(0),[西] 友道康夫,202508030405
6,6,8,シュプリームレルム,牡2,56.0,西村淳也,2:01.2,1.3/4,8.7,4.0,510(0),[西] 高野友和,202508030405
7,3,3,クラリティサウンド,牡2,55.0,吉村誠之,2:01.2,クビ,16.7,6.0,454(0),[西] 中村直也,202508030405
8,4,4,ボンボンベイビー,牡2,56.0,坂井瑠星,2:01.6,2.1/2,8.1,3.0,456(0),[西] 矢作芳人,202508030405
9,4,5,ヨカオウ,牡2,56.0,古川吉洋,2:01.6,ハナ,17.9,7.0,472(0),[西] 谷潔,202508030405
10,8,12,ウインビスタ,牡2,56.0,松若風馬,2:02.0,2.1/2,128.3,11.0,440(0),[西] 梅田智之,202508030405
11,5,7,ベラジオマーカス,牡2,56.0,国分優作,2:02.1,クビ,154.4,12.0,444(0),[西] 小椋研介,202508030405
12,6,9,ピエナカノン,牝2,55.0,城戸義政,2:02.7,4,209.0,13.0,456(0),[西] 奥村豊,202508030405
13,5,6,ミカレオス,牡2,56.0,岩田康誠,2:07.0,大,110.2,10.0,466(0),[西] 河嶋宏樹,202508030405
1,7,13,タマモフリージア,牝2,55.0,田口貫太,1:54.5,,25.9,8.0,494(0),[西] 大橋勇樹,202508030406
2,3,6,シオンダンサー,牝2,55.0,川田将雅,1:55.1,3.1/2,3.3,1.0,464(0),[西] 斉藤崇史,202508030406
3,4,7,メンデレーエフ,牡2,56.0,富田暁,1:55.1,クビ,21.1,7.0,480(0),[西] 野中賢二,202508030406
4,4,8,テイエムゴッホ,牡2,56.0,和田竜二,1:55.2,1/2,118.3,13.0,512(0),[西] 浜田多実,202508030406
5,8,16,ダンジョンヒーロー,牡2,56.0,藤懸貴志,1:55.5,1.1/2,13.1,5.0,458(0),[西] 石坂公一,202508030406
6,6,12,サンライズアーサー,牡2,56.0,鮫島克駿,1:55.7,1.1/2,82.2,12.0,490(0),[西] 前川恭子,202508030406
7,2,4,ジューンレトリバー,牡2,55.0,吉村誠之,1:55.8,1/2,6.6,4.0,478(0),[西] 長谷川浩,202508030406
8,1,2,ディアギレフ,牡2,55.0,西塚洸二,1:56.0,1.1/4,71.5,11.0,498(0),[西] 中村直也,202508030406
9,2,3,リフラ,牡2,56.0,高杉吏麒,1:56.9,5,3.4,2.0,480(0),[西] 西村真幸,202508030406
10,5,10,クリコファルコン,牡2,53.0,田山旺佑,1:57.3,2.1/2,181.1,16.0,446(0),[西] 谷潔,202508030406
11,1,1,ブルームザスマイル,牝2,51.0,河原田菜,1:57.7,2.1/2,54.9,10.0,434(0),[西] 鈴木孝志,202508030406
12,3,5,メイショウハチマキ,牡2,53.0,和田陽希,1:57.8,1/2,147.0,14.0,496(0),[西] 飯田祐史,202508030406
13,7,14,ゲキオコプンプン,牝2,55.0,西村淳也,1:58.2,2.1/2,19.8,6.0,484(0),[西] 今野貞一,202508030406
14,5,9,クモンリュウ,牡2,56.0,松若風馬,1:58.5,1.3/4,29.5,9.0,554(0),[西] 牧田和弥,202508030406
15,8,15,コラカオ,牡2,56.0,小沢大仁,1:59.0,3,158.1,15.0,500(0),[西] 坂口智康,202508030406
16,6,11,ゴールデンバランス,牡2,56.0,坂井瑠星,2:00.4,9,5.0,3.0,520(0),[西] 杉山晴紀,202508030406
1,4,5,ランツフート,牡3,54.0,松本大輝,2:26.4,,23.9,9.0,462(+8),[西] 大久保龍,202508030407
2,7,10,レジェンドシップ,セ5,58.0,西村淳也,2:26.5,クビ,8.2,4.0,456(-4),[西] 佐藤悠太,202508030407
3,5,7,サイモンベローチェ,牡3,55.0,酒井学,2:26.6,3/4,6.0,2.0,544(+4),[西] 佐々木晶,202508030407
4,4,4,ジュンライデン,牡3,54.0,西塚洸二,2:26.7,クビ,9.6,6.0,520(+22),[西] 友道康夫,202508030407
5,8,12,アットアブラスト,セ5,57.0,吉村誠之,2:26.7,アタマ,53.7,12.0,460(+2),[西] 小椋研介,202508030407
6,6,8,ホウオウレイヴン,セ3,55.0,坂井瑠星,2:26.8,1/2,2.7,1.0,456(-2),[西] 矢作芳人,202508030407
7,5,6,ヘルツアス,牝4,56.0,松若風馬,2:26.8,クビ,20.6,8.0,426(+10),[西] 森田直行,202508030407
8,7,11,ファームツエンティ,セ5,58.0,高倉稜,2:26.8,クビ,7.0,3.0,450(+6),[西] 北出成人,202508030407
9,6,9,シャインバオバブ,牡3,55.0,太宰啓介,2:26.9,3/4,29.0,10.0,498(+6),[西] 本田優,202508030407
10,2,2,テイクザクラウン,牡4,58.0,斎藤新,2:27.0,1/2,9.1,5.0,444(+4),[西] 吉村圭司,202508030407
11,1,1,サンセットビュー,牝4,56.0,田口貫太,2:27.0,クビ,13.4,7.0,458(+2),[西] 新谷功一,202508030407
12,3,3,ジャスティンライズ,セ4,58.0,菱田裕二,2:27.3,1.3/4,92.0,13.0,530(+2),[西] 吉岡辰弥,202508030407
13,8,13,ボナペティアスク,牝3,50.0,和田陽希,2:27.3,クビ,45.8,11.0,462(+2),[西] 梅田智之,202508030407
1,3,4,ルージュミラージュ,牝3,51.0,森田誠也,1:51.7,,10.9,5.0,446(-2),[西] 武幸四郎,202508030408
2,7,11,ウィンターダフネ,牝5,53.0,柴田裕一,1:52.5,5,37.8,10.0,484(0),[東] 国枝栄,202508030408
3,8,14,フクキタテーラー,牝3,54.0,菱田裕二,1:52.6,3/4,18.6,9.0,442(+2),[西] 緒方努,202508030408
4,3,3,メイショウタムシバ,牝4,56.0,池添謙一,1:52.7,クビ,18.6,8.0,446(+4),[西] 飯田祐史,202508030408
5,1,1,オーケーカルメン,牝4,56.0,泉谷楓真,1:52.8,1,221.0,14.0,434(+6),[西] 奥村豊,202508030408
6,2,2,シンコーナホチャン,牝4,56.0,国分優作,1:52.8,アタマ,6.7,2.0,482(+12),[西] 畑端省吾,202508030408
7,5,8,オーケアニス,牝3,54.0,坂井瑠星,1:53.0,1,2.0,1.0,458(-2),[西] 松永幹夫,202508030408
8,5,7,メイショウリリー,牝4,56.0,藤懸貴志,1:53.1,クビ,17.3,7.0,436(-10),[西] 高橋義忠,202508030408
9,6,9,ツキノアカリ,牝3,51.0,田山旺佑,1:53.1,クビ,7.1,3.0,464(+18),[西] 牧田和弥,202508030408
10,4,5,キタノブライド,牝5,56.0,古川吉洋,1:53.2,1/2,195.1,12.0,450(+8),[西] 坂口智康,202508030408
11,7,12,タマモナポリ,牝4,56.0,岩田康誠,1:53.3,クビ,14.3,6.0,474(+18),[西] 河嶋宏樹,202508030408
12,6,10,プウスカンドゥール,牝5,56.0,中井裕二,1:53.3,クビ,96.0,11.0,460(-8),[西] 坂口智康,202508030408
13,4,6,ルナビス,牝5,56.0,田口貫太,1:53.4,1/2,10.1,4.0,492(0),[西] 森田直行,202508030408
14,8,13,ミレニアムヒロイン,牝4,56.0,高杉吏麒,1:55.2,大,210.4,13.0,442(0),[東] 池上昌和,202508030408
1,7,11,アメリカンビキニ,牝3,55.0,団野大成,1:10.1,,2.2,1.0,518(+8),[西] 斉藤崇史,202508030409
2,5,8,アスタールフナ,牝3,55.0,川田将雅,1:10.3,1,4.4,2.0,452(0),[西] 中竹和也,202508030409
3,8,14,ウルスクローム,牡3,57.0,高杉吏麒,1:10.5,1,5.2,3.0,488(+8),[西] 大橋勇樹,202508030409
4,7,12,ランウインディ,牝4,56.0,国分優作,1:10.8,2,26.4,7.0,460(0),[西] 中尾秀正,202508030409
5,3,3,ズバットマサムネ,セ4,58.0,荻野琢真,1:11.0,1.1/4,69.1,10.0,494(+2),[西] 杉山佳明,202508030409
6,6,9,スペシャルナンバー,牡6,58.0,斎藤新,1:11.1,1/2,104.7,12.0,502(+6),[西] 西村真幸,202508030409
7,8,13,セントールビースト,牡3,57.0,田山旺佑,1:11.3,1.1/4,14.8,6.0,436(+14),[西] 羽月友彦,202508030409
8,4,5,プレアデスグループ,牝4,56.0,鮫島克駿,1:11.3,アタマ,11.3,5.0,446(+2),[西] 吉岡辰弥,202508030409
9,4,6,パールフロント,牝3,55.0,川又賢治,1:11.3,クビ,9.4,4.0,540(+2),[西] 寺島良,202508030409
10,6,10,ヒルノピレネー,牡5,58.0,秋山稔樹,1:11.4,1/2,27.2,8.0,452(+8),[西] 北出成人,202508030409
11,3,4,サンガネーブ,牡5,58.0,吉村誠之,1:12.1,4,54.3,9.0,500(0),[西] 田中克典,202508030409
12,1,1,カツラノキサノキ,牡4,58.0,岩田康誠,1:12.1,ハナ,157.2,13.0,494(0),[西] 庄野靖志,202508030409
13,2,2,ストームバンガード,牡4,58.0,田口貫太,1:12.3,1,104.3,11.0,498(-8),[西] 岡田稲男,202508030409
14,5,7,イルザ,牝6,56.0,菱田裕二,1:12.9,3.1/2,225.1,14.0,470(0),[東] 小手川準,202508030409
1,4,4,ブエナオンダ,牡4,56.0,川田将雅,1:32.1,,6.9,3.0,456(+4),[西] 須貝尚介,202508030410
2,2,2,マイネルチケット,牡3,56.0,和田竜二,1:32.1,クビ,2.6,1.0,474(+8),[西] 宮徹,202508030410
3,7,11,ウォーターガーベラ,牝3,54.0,高杉吏麒,1:32.2,クビ,5.4,2.0,452(+14),[西] 石橋守,202508030410
4,6,9,プッシュオン,牡5,56.0,坂井瑠星,1:32.2,ハナ,9.0,4.0,458(-2),[西] 西村真幸,202508030410
5,7,10,ミエスペランサ,牝4,54.0,団野大成,1:32.3,1/2,15.3,7.0,452(+14),[西] 池江泰寿,202508030410
6,5,6,エポックヴィーナス,牝4,54.0,田口貫太,1:32.4,3/4,20.7,9.0,444(+2),[西] 新谷功一,202508030410
7,6,8,エアミアーニ,セ7,54.0,角田大和,1:32.4,クビ,107.0,12.0,456(+2),[西] 笹田和秀,202508030410
8,8,12,サムハンター,牡7,54.0,斎藤新,1:32.5,クビ,132.2,13.0,502(+16),[西] 高橋康之,202508030410
9,1,1,ケイデンシーマーク,牝5,53.0,鮫島克駿,1:32.5,クビ,12.9,6.0,448(+2),[西] 福永祐一,202508030410
10,3,3,ファインライン,牡4,55.0,池添謙一,1:32.8,1.1/2,11.3,5.0,484(+4),[西] 松永幹夫,202508030410
11,8,13,メルトユアハート,牝4,53.0,吉村誠之,1:32.8,アタマ,23.7,10.0,508(+4),[西] 長谷川浩,202508030410
12,5,7,ウインレイアー,牝5,54.0,西村淳也,1:32.8,クビ,26.4,11.0,460(0),[東] 和田雄二,202508030410
13,4,5,ブリックワーク,牝4,53.0,西塚洸二,1:33.0,1.1/4,15.6,8.0,432(-8),[西] 辻野泰之,202508030410
1,8,8,ハピ,牡6,58.0,菱田裕二,1:50.4,,9.1,5.0,488(+10),[西] 大久保龍,202508030411
2,5,5,カネトシゴウト,牡4,57.0,高杉吏麒,1:50.7,1.1/2,44.8,8.0,466(0),[西] 大橋勇樹,202508030411
3,6,6,ジンセイ,牡4,57.0,川田将雅,1:50.9,1.1/4,1.9,1.0,514(+2),[西] 庄野靖志,202508030411
4,2,2,ハビレ,牡4,57.0,池添謙一,1:50.9,クビ,8.7,4.0,508(+2),[東] 武井亮,202508030411
5,3,3,サーマルソアリング,牝5,55.0,北村友一,1:51.0,1/2,16.0,6.0,506(+16),[西] 藤原英昭,202508030411
6,8,9,ルヴァンユニベール,牡3,55.0,和田竜二,1:51.1,3/4,4.0,2.0,552(+10),[西] 北出成人,202508030411
7,7,7,タイセイドレフォン,牡6,58.0,田口貫太,1:51.4,1.3/4,31.8,7.0,500(0),[西] 西村真幸,202508030411
8,4,4,エナハツホ,牝6,55.0,西塚洸二,1:51.5,3/4,124.7,9.0,470(+4),[西] 吉田直弘,202508030411
中,1,1,ネバーモア,牝4,55.0,藤岡佑介,,,7.5,3.0,506(+8),[西] 宮本博,202508030411
1,8,17,ワンモアスマイル,牡3,56.0,坂井瑠星,1:32.7,,8.3,5.0,454(-2),[西] 藤岡健一,202508030412
2,2,4,ミッキースターダム,セ4,58.0,高杉吏麒,1:32.8,1/2,23.3,8.0,458(-2),[西] 前川恭子,202508030412
3,7,13,シャイフ,牡3,56.0,西村淳也,1:32.9,1,4.8,2.0,476(0),[西] 池添学,202508030412
4,7,15,ラトラース,セ3,56.0,川田将雅,1:32.9,ハナ,4.7,1.0,476(+14),[西] 中内田充,202508030412
5,5,9,ニシノイツキムスメ,牝3,54.0,和田竜二,1:33.2,1.3/4,60.1,11.0,418(+2),[西] 北出成人,202508030412
6,6,12,ハレアカラフラ,牝5,56.0,池添謙一,1:33.2,クビ,137.7,14.0,482(+8),[西] 吉田直弘,202508030412
7,2,3,ラージギャラリー,牝3,54.0,鮫島克駿,1:33.3,アタマ,10.9,6.0,484(+18),[西] 高橋亮,202508030412
8,1,1,フェイトライン,牡3,56.0,団野大成,1:33.3,アタマ,11.1,7.0,520(-4),[西] 斉藤崇史,202508030412
9,3,5,レベルスルール,牡3,56.0,田口貫太,1:33.3,クビ,4.9,3.0,504(+4),[西] 池江泰寿,202508030412
10,7,14,ジーティーマン,牡3,56.0,北村友一,1:33.5,1,6.1,4.0,492(-2),[西] 小栗実,202508030412
11,4,7,ホウオウペトリュス,牝4,53.0,大久保友,1:33.5,クビ,82.8,13.0,464(-2),[西] 須貝尚介,202508030412
12,8,18,ミッキーストライク,牡4,58.0,松若風馬,1:33.5,アタマ,36.6,10.0,520(+6),[西] 矢作芳人,202508030412
13,4,8,グローブアマランス,牝4,55.0,西塚洸二,1:33.5,アタマ,33.5,9.0,484(+18),[西] 中尾秀正,202508030412
14,5,10,テクノデザイン,牝5,54.0,鷲頭虎太,1:33.6,1/2,166.9,15.0,446(0),[西] 千田輝彦,202508030412
15,6,11,メイショウオオミネ,牡5,58.0,角田大和,1:33.6,ハナ,287.2,17.0,452(-2),[西] 石橋守,202508030412
16,3,6,オレノアイバ,牡5,58.0,酒井学,1:33.8,3/4,280.1,16.0,472(+12),[西] 高橋康之,202508030412
17,8,16,デリュージョン,牡3,56.0,城戸義政,1:34.0,1.1/2,71.6,12.0,466(-2),[西] 奥村豊,202508030412
18,1,2,ピエナオルフェ,牡4,58.0,田中健,1:34.1,クビ,311.7,18.0,452(-6),[西] 荒川義之,202508030412
1,8,8,ライトオブヌカタ,牡2,56.0,岩田康誠,1:25.4,,8.7,4.0,496(-2),[西] 上村洋行,202508030501
2,1,1,カッタッパ,牡2,56.0,団野大成,1:25.7,1.1/2,1.7,1.0,484(+4),[西] 森秀行,202508030501
3,5,5,ネメス,牡2,56.0,北村友一,1:26.8,7,4.8,3.0,478(0),[西] 坂口智康,202508030501
4,6,6,サマーブリザード,牡2,55.0,西塚洸二,1:26.8,アタマ,42.9,6.0,452(-8),[西] 吉田直弘,202508030501
5,7,7,アーデントアイ,牡2,56.0,高杉吏麒,1:26.8,ハナ,10.7,5.0,444(-2),[西] 高柳大輔,202508030501
6,4,4,キープシャイニング,牡2,56.0,田口貫太,1:27.2,2.1/2,4.5,2.0,494(+2),[西] 長谷川浩,202508030501
7,2,2,ケンフィールド,牡2,56.0,古川吉洋,1:27.5,2,142.5,7.0,470(-8),[西] 大根田裕,202508030501
8,3,3,ナンテヒダ,牡2,53.0,柴田裕一,1:27.7,1,151.9,8.0,448(+2),[西] 中尾秀正,202508030501
1,8,9,メイプルハッピー,牝2,55.0,亀田温心,1:34.6,,4.2,3.0,498(+2),[西] 北出成人,202508030502
2,7,7,サンダーバード,牝2,55.0,戸崎圭太,1:34.7,クビ,2.6,2.0,436(-8),[西] 武幸四郎,202508030502
3,5,5,アンディムジーク,牝2,54.0,吉村誠之,1:34.7,クビ,2.6,1.0,436(-8),[西] 渡辺薫彦,202508030502
4,6,6,リトゥリア,牝2,55.0,北村友一,1:34.9,1.1/4,17.3,5.0,452(+2),[西] 河嶋宏樹,202508030502
5,2,2,フィラーエ,牝2,53.0,永島まな,1:35.0,クビ,10.8,4.0,444(-6),[西] 高橋康之,202508030502
6,8,10,ジェイパック,牝2,55.0,松若風馬,1:35.0,ハナ,45.6,8.0,448(+2),[西] 宮本博,202508030502
7,3,3,ナムラオリガミ,牝2,55.0,小崎綾也,1:35.0,クビ,132.3,10.0,446(+6),[西] 高橋一哉,202508030502
8,4,4,オドワローズ,牝2,55.0,小沢大仁,1:35.7,4,123.9,9.0,442(0),[西] 渡辺薫彦,202508030502
9,7,8,アイク,牝2,55.0,岩田望来,1:35.7,クビ,19.9,6.0,420(+8),[西] 佐藤悠太,202508030502
10,1,1,サラサチャーミング,牝2,52.0,柴田裕一,1:35.9,1,40.9,7.0,412(+2),[西] 高柳大輔,202508030502
1,7,13,ネネキリマル,牡2,56.0,高杉吏麒,1:20.9,,45.5,10.0,472(-4),[西] 河嶋宏樹,202508030503
2,8,16,シャンデリュイーズ,牝2,55.0,戸崎圭太,1:21.2,2,4.7,3.0,410(0),[西] 小栗実,202508030503
3,1,2,パトローナス,牡2,56.0,亀田温心,1:21.2,ハナ,5.4,4.0,486(+6),[西] 高橋亮,202508030503
4,2,4,ミトノリン,牝2,55.0,菅原明良,1:21.4,1.1/4,36.8,9.0,474(0),[西] 前川恭子,202508030503
5,5,9,ウォーターブビンガ,牡2,55.0,吉村誠之,1:21.5,クビ,72.8,12.0,438(-2),[西] 藤野健太,202508030503
6,4,7,タワワ,牝2,55.0,小崎綾也,1:21.5,クビ,32.3,8.0,418(-8),[西] 秋山真一,202508030503
7,7,14,タナブイハチターボ,牡2,53.0,和田陽希,1:21.6,1/2,16.7,6.0,480(-4),[西] 大根田裕,202508030503
8,2,3,ルナーマンス,牝2,55.0,団野大成,1:21.8,1.1/4,4.2,2.0,428(-10),[西] 斉藤崇史,202508030503
9,6,11,アウェイクネス,牝2,52.0,古川奈穂,1:22.0,1.1/4,16.7,7.0,428(+6),[西] 矢作芳人,202508030503
10,1,1,パークヒルシューズ,牝2,55.0,松若風馬,1:22.3,2,72.1,11.0,452(+10),[西] 高橋一哉,202508030503
11,6,12,クライナリーゼ,牡2,56.0,酒井学,1:22.3,アタマ,178.6,16.0,374(-6),[西] 高橋康之,202508030503
12,5,10,イクヒロ,牡2,56.0,和田竜二,1:22.5,1,78.0,13.0,466(+10),[西] 小椋研介,202508030503
13,4,8,グランディマージュ,牡2,56.0,藤懸貴志,1:22.8,1.3/4,169.9,15.0,544(+2),[西] 鈴木孝志,202508030503
14,3,6,トモジャプレジール,牡2,56.0,国分優作,1:23.2,2.1/2,9.2,5.0,440(+22),[西] 大根田裕,202508030503
15,3,5,マサハヤルージュ,牝2,55.0,岩田望来,1:23.6,2.1/2,4.0,1.0,422(+6),[西] 千田輝彦,202508030503
16,8,15,ソンブレロ,牡2,56.0,北村友一,1:26.6,大,143.5,14.0,510(+8),[西] 飯田祐史,202508030503
1,6,8,プリンセッサ,牝3,54.0,松若風馬,1:52.2,,4.9,3.0,510(-4),[西] 牧田和弥,202508030504
2,2,2,ヴァンアグレアブル,牝3,54.0,戸崎圭太,1:52.4,1.1/4,3.8,2.0,520(+6),[西] 橋口慎介,202508030504
3,1,1,アリストクラシア,牝4,56.0,高杉吏麒,1:53.8,9,14.1,7.0,470(+4),[西] 吉岡辰弥,202508030504
4,5,7,レイフロレット,牝4,54.0,鷲頭虎太,1:54.0,3/4,31.8,9.0,426(+20),[西] 井上智史,202508030504
5,7,11,カルミアクラウン,牝3,54.0,松山弘平,1:54.0,クビ,12.6,5.0,446(+12),[西] 吉岡辰弥,202508030504
6,8,12,ハギノコラソン,牝3,54.0,坂井瑠星,1:54.1,クビ,3.1,1.0,478(+8),[西] 寺島良,202508030504
7,7,10,パシフィックハイ,牝4,55.0,吉村誠之,1:54.1,クビ,13.3,6.0,472(-2),[西] 杉山佳明,202508030504
8,4,4,メラヴィリオーザ,牝5,53.0,柴田裕一,1:54.2,クビ,31.1,8.0,472(+4),[西] 秋山真一,202508030504
9,8,13,スカイビート,牝3,54.0,岩田望来,1:54.5,1.3/4,8.3,4.0,470(+14),[西] 野中賢二,202508030504
10,4,5,ヒラリーステップ,牝5,56.0,和田竜二,1:54.9,2.1/2,35.9,10.0,498(+2),[東] 天間昭一,202508030504
11,5,6,シゲルオトヒメ,牝6,54.0,永島まな,1:55.1,1,68.8,11.0,440(+4),[西] 谷潔,202508030504
12,3,3,メイショウマヒロ,牝3,52.0,今村聖奈,1:55.1,クビ,77.3,12.0,404(-6),[西] 飯田祐史,202508030504
13,6,9,リノアラ,牝6,56.0,小沢大仁,1:56.0,5,253.2,13.0,450(+4),[西] 今野貞一,202508030504
1,8,10,ジャスティンビスタ,牡2,56.0,北村友一,1:47.7,,7.2,5.0,512(0),[西] 吉岡辰弥,202508030505
2,7,8,タイムレスフレアー,牡2,56.0,岩田望来,1:47.8,1,4.6,2.0,470(0),[西] 橋口慎介,202508030505
3,6,6,ノンブルドール,牡2,56.0,戸崎圭太,1:48.1,2,7.1,4.0,438(0),[西] 西園翔太,202508030505
4,6,7,セヴェロ,牡2,56.0,菅原明良,1:48.1,ハナ,4.3,1.0,502(0),[西] 池江泰寿,202508030505
5,7,9,シャリキモン,牡2,56.0,松若風馬,1:48.6,3,12.6,8.0,432(0),[西] 吉田直弘,202508030505
6,2,2,ランスオブヒーロー,牡2,56.0,高杉吏麒,1:48.8,1.1/4,10.5,7.0,478(0),[西] 奥村豊,202508030505
7,8,11,メイショウヒタカミ,牡2,56.0,角田大和,1:48.9,1/2,99.8,11.0,446(0),[西] 石橋守,202508030505
8,1,1,リヴァデラルナ,牡2,56.0,池添謙一,1:50.2,8,7.6,6.0,516(0),[西] 西村真幸,202508030505
9,5,5,イニシオ,牡2,56.0,松山弘平,1:50.3,3/4,6.8,3.0,474(0),[西] 福永祐一,202508030505
10,4,4,クロワール,牡2,56.0,佐々木大,1:51.4,7,27.5,9.0,466(0),[西] 鈴木孝志,202508030505
中,3,3,レザベーション,牡2,56.0,坂井瑠星,,,31.3,10.0,460(0),[西] 松下武士,202508030505
1,7,12,バルセシート,牡2,56.0,北村友一,1:33.6,,4.7,3.0,466(0),[西] 松下武士,202508030506
2,3,5,アロハ,牝2,55.0,松山弘平,1:34.2,3.1/2,3.9,2.0,450(0),[西] 杉山晴紀,202508030506
3,4,6,パウワウビート,牡2,56.0,岩田望来,1:34.5,2,13.9,5.0,478(0),[西] 友道康夫,202508030506
4,5,9,ラブインアクション,牝2,55.0,坂井瑠星,1:34.6,クビ,3.1,1.0,470(0),[西] 橋口慎介,202508030506
5,6,11,メイショウソウテン,牡2,56.0,和田竜二,1:34.8,1.1/2,39.8,8.0,558(0),[西] 鈴木孝志,202508030506
6,4,7,ラヴィニール,牝2,55.0,戸崎圭太,1:34.8,クビ,5.7,4.0,448(0),[西] 武英智,202508030506
7,1,1,ウインハルフォード,牡2,56.0,団野大成,1:34.9,クビ,45.4,9.0,454(0),[西] 西園翔太,202508030506
8,2,3,メイショウゴウケツ,牡2,56.0,太宰啓介,1:35.8,5,71.1,10.0,492(0),[西] 石橋守,202508030506
9,8,14,モチモチチャン,牝2,55.0,佐々木大,1:36.1,1.3/4,15.0,6.0,482(0),[西] 西村真幸,202508030506
10,6,10,ラヴネヴァーダイズ,牡2,55.0,吉村誠之,1:37.2,7,17.5,7.0,488(0),[西] 渡辺薫彦,202508030506
11,2,2,ゴッドシュアウイン,牡2,56.0,角田大和,1:37.3,クビ,134.9,13.0,496(0),[西] 飯田祐史,202508030506
12,7,13,メイショウトッド,牡2,56.0,田口貫太,1:37.8,3.1/2,72.5,11.0,450(0),[西] 安達昭夫,202508030506
13,3,4,マイネルカイザー,牡2,56.0,菱田裕二,1:38.2,2.1/2,105.1,12.0,448(0),[西] 宮徹,202508030506
14,5,8,ジョイフルサンデー,牡2,56.0,古川吉洋,1:38.3,アタマ,146.6,14.0,472(0),[西] 宮徹,202508030506
15,8,15,マサノハヤブサ,牡2,53.0,和田陽希,1:38.3,アタマ,187.2,15.0,420(0),[西] 藤野健太,202508030506
1,6,11,スニーカースキル,牝3,54.0,戸崎圭太,1:24.0,,7.3,5.0,494(0),[西] 杉山晴紀,202508030507
2,7,12,ルクスデイジー,牝3,52.0,永島まな,1:24.3,2,6.7,4.0,480(+28),[西] 高橋亮,202508030507
3,8,14,ステアハート,牝3,51.0,田山旺佑,1:24.4,3/4,4.3,2.0,474(-8),[西] 新谷功一,202508030507
4,2,3,キョラムン,牝3,54.0,高杉吏麒,1:24.7,1.1/2,4.0,1.0,462(+4),[西] 石橋守,202508030507
5,4,7,バシリス,牝3,52.0,今村聖奈,1:24.9,1.1/4,27.7,9.0,460(-2),[西] 寺島良,202508030507
6,1,1,アレーティア,牝3,54.0,北村友一,1:24.9,クビ,19.4,8.0,504(+8),[西] 田中克典,202508030507
7,3,5,ラピダリア,牝4,56.0,富田暁,1:25.0,クビ,225.3,14.0,472(-10),[西] 吉田直弘,202508030507
8,5,8,ゴーオンパーパス,牝3,54.0,小沢大仁,1:25.2,1,96.1,12.0,444(+11),[西] 長谷川浩,202508030507
9,3,4,プレゼンティーア,牝4,56.0,坂井瑠星,1:25.2,ハナ,4.9,3.0,490(-4),[西] 田中克典,202508030507
10,5,9,ロンシャンクイーン,牝5,56.0,佐々木大,1:25.3,3/4,10.2,6.0,446(-2),[西] 野中賢二,202508030507
11,6,10,ルルフィーユ,牝4,53.0,和田陽希,1:25.6,2,148.1,13.0,452(-8),[西] 谷潔,202508030507
12,4,6,ブロードグリン,牝4,55.0,吉村誠之,1:25.7,1/2,76.1,10.0,454(+10),[西] 中村直也,202508030507
13,7,13,デュアルロール,牝3,54.0,岩田望来,1:26.3,3.1/2,19.1,7.0,494(+6),[西] 笹田和秀,202508030507
14,2,2,デアルーチェ,牝3,52.0,鷲頭虎太,1:26.4,1/2,360.8,15.0,480(-8),[西] 井上智史,202508030507
15,8,15,フルドド,牝3,54.0,長岡禎仁,1:26.4,クビ,82.4,11.0,466(+4),[西] 茶木太樹,202508030507
1,5,6,ハッピーダンチャン,牡3,55.0,西塚洸二,1:59.8,,4.2,1.0,468(+4),[西] 小椋研介,202508030508
2,7,11,ユキノクラウン,牡3,55.0,吉村誠之,2:00.4,3.1/2,5.5,2.0,522(+12),[西] 長谷川浩,202508030508
3,3,3,オーレアミスト,牡3,56.0,岩田望来,2:00.4,クビ,5.6,3.0,494(0),[西] 友道康夫,202508030508
4,5,7,ロードシュヴァリエ,牡3,56.0,中井裕二,2:00.7,1.1/2,10.6,7.0,484(-8),[西] 森田直行,202508030508
5,7,10,バースライト,牡3,56.0,戸崎圭太,2:00.8,3/4,7.1,5.0,514(+8),[西] 武幸四郎,202508030508
6,8,13,テンカオーライ,牡5,58.0,田口貫太,2:01.0,1.1/4,161.7,13.0,504(+2),[西] 松下武士,202508030508
7,6,8,テルアスワッド,牡3,53.0,大久保友,2:01.1,3/4,15.7,8.0,492(-12),[西] 須貝尚介,202508030508
8,6,9,モーメントキャッチ,牡5,58.0,原田和真,2:01.2,クビ,5.6,4.0,528(+2),[東] 松山将樹,202508030508
9,4,5,コウジョリョウゾク,牡3,56.0,荻野琢真,2:01.2,クビ,55.2,11.0,462(-4),[西] 牧田和弥,202508030508
10,8,12,ココデイック,牡3,56.0,高杉吏麒,2:02.4,7,9.6,6.0,476(-16),[西] 藤岡健一,202508030508
11,1,1,トリプルバレル,牡3,56.0,松若風馬,2:02.8,2.1/2,51.5,10.0,470(-6),[西] 藤野健太,202508030508
12,4,4,アロガントシェイム,牝3,54.0,秋山稔樹,2:03.2,2.1/2,86.5,12.0,478(-14),[西] 杉山佳明,202508030508
13,2,2,エイシンアニーモ,牡3,54.0,永島まな,2:04.3,7,40.9,9.0,500(+8),[西] 高橋康之,202508030508
1,7,9,ハナウマビーチ,牡3,56.0,松山弘平,1:51.9,,6.4,3.0,518(+2),[西] 西園翔太,202508030509
2,8,11,タガノマカシヤ,牡3,56.0,岩田望来,1:51.9,ハナ,1.9,1.0,506(+4),[西] 中村直也,202508030509
3,6,8,テーオーライマン,牡3,56.0,高杉吏麒,1:52.1,1.1/2,3.3,2.0,464(+10),[西] 宮徹,202508030509
4,4,4,スーパージョック,牡3,56.0,北村友一,1:52.2,1/2,7.5,4.0,500(+8),[西] 佐々木晶,202508030509
5,5,6,ゴヴェルナーレリコ,牝4,56.0,菅原明良,1:52.3,3/4,37.2,6.0,444(+2),[東] 辻哲英,202508030509
6,1,1,コスモオピニオン,牡5,58.0,和田竜二,1:52.7,2.1/2,63.8,8.0,508(-2),[東] 黒岩陽一,202508030509
7,3,3,オールマイデイズ,牡5,58.0,佐々木大,1:53.2,2.1/2,37.8,7.0,502(-6),[東] 矢嶋大樹,202508030509
8,2,2,セイウンガレオン,セ6,58.0,古川吉洋,1:53.3,1,207.0,12.0,528(-2),[東] 奥平雅士,202508030509
9,6,7,タッチャブル,牡5,58.0,吉村誠之,1:53.6,1.1/2,108.1,10.0,516(0),[西] 中村直也,202508030509
10,7,10,シホノペルフェット,牡3,56.0,坂井瑠星,1:53.9,1.3/4,20.6,5.0,504(-6),[西] 寺島良,202508030509
11,5,5,キュピドン,牡5,58.0,松若風馬,1:53.9,アタマ,76.6,9.0,516(-1),[西] 森秀行,202508030509
12,8,12,メイショウトム,牡4,58.0,田口貫太,1:54.2,1.1/2,153.1,11.0,478(-4),[西] 谷潔,202508030509
1,2,2,ローランドバローズ,牡3,56.0,岩田康誠,1:45.8,,1.6,1.0,498(0),[西] 上村洋行,202508030510
2,5,5,レディーミコノス,牝3,54.0,岩田望来,1:45.9,アタマ,6.8,3.0,468(+8),[西] 寺島良,202508030510
3,6,6,ゼンダンハヤブサ,牡3,56.0,坂井瑠星,1:46.1,1.1/2,11.5,5.0,452(+4),[西] 佐々木晶,202508030510
4,7,8,リカントロポ,牡3,56.0,田口貫太,1:46.1,ハナ,32.3,6.0,476(-2),[西] 梅田智之,202508030510
5,8,10,チェルノボーグ,セ6,58.0,松山弘平,1:46.1,アタマ,5.3,2.0,480(0),[西] 藤原英昭,202508030510
6,7,7,ジャルディニエ,牝3,54.0,吉村誠之,1:46.5,2,38.0,7.0,454(+12),[西] 奥村豊,202508030510
7,3,3,ジェットマグナム,牡3,56.0,戸崎圭太,1:46.6,1/2,7.5,4.0,494(-8),[西] 安達昭夫,202508030510
8,8,9,アラタマフェーヴル,牡4,58.0,国分優作,1:46.7,3/4,69.6,8.0,496(+2),[西] 浜田多実,202508030510
9,4,4,ベント,セ4,58.0,小崎綾也,1:46.8,1/2,138.9,9.0,434(-2),[西] 小崎憲,202508030510
10,1,1,ジッピーレーサー,セ8,58.0,菅原明良,1:47.2,2.1/2,173.2,10.0,484(-8),[東] 天間昭一,202508030510
1,4,7,オフトレイル,牡4,57.0,菅原明良,1:18.9,,7.5,5.0,462(-2),[西] 吉村圭司,202508030511
2,2,4,ワイドラトゥール,牝4,55.0,北村友一,1:18.9,クビ,43.7,12.0,428(+8),[西] 藤原英昭,202508030511
3,1,1,ランスオブカオス,牡3,55.0,吉村誠之,1:19.0,1/2,7.0,4.0,492(-2),[西] 奥村豊,202508030511
4,3,5,ウインマーベル,牡6,57.0,松山弘平,1:19.0,ハナ,5.9,3.0,482(-2),[東] 深山雅史,202508030511
5,5,9,シュタールヴィント,牡5,57.0,小崎綾也,1:19.1,3/4,64.9,14.0,446(0),[西] 矢作芳人,202508030511
6,7,14,アドマイヤズーム,牡3,55.0,坂井瑠星,1:19.1,クビ,4.7,2.0,474(-4),[西] 友道康夫,202508030511
7,7,13,ダンツエラン,牝3,53.0,松若風馬,1:19.2,クビ,201.6,17.0,492(+2),[西] 本田優,202508030511
8,4,8,ワールズエンド,牡4,57.0,戸崎圭太,1:19.2,アタマ,4.4,1.0,470(+2),[西] 池添学,202508030511
9,8,18,レッドモンレーヴ,牡6,57.0,酒井学,1:19.3,クビ,78.1,15.0,512(-12),[東] 蛯名正義,202508030511
10,6,12,ロジリオン,牡4,57.0,古川吉洋,1:19.4,1/2,18.8,7.0,504(+8),[東] 古賀慎明,202508030511
10,7,15,ショウナンザナドゥ,牝3,53.0,池添謙一,1:19.4,同着,26.8,10.0,450(-2),[西] 松下武士,202508030511
12,1,2,タイムトゥヘヴン,牡7,57.0,柴田善臣,1:19.5,1,86.9,16.0,482(-2),[東] 戸田博文,202508030511
13,8,16,グレイイングリーン,牡7,57.0,高杉吏麒,1:19.5,ハナ,48.5,13.0,504(+6),[西] 池江泰寿,202508030511
14,2,3,ムイ,牝3,53.0,岩田望来,1:19.8,1.1/2,21.9,9.0,478(+14),[西] 笹田和秀,202508030511
15,5,10,アルテヴェローチェ,牡3,55.0,佐々木大,1:19.8,クビ,16.9,6.0,462(+6),[西] 須貝尚介,202508030511
16,6,11,バルサムノート,牡5,57.0,小沢大仁,1:20.1,2,281.3,18.0,516(+6),[西] 高野友和,202508030511
17,8,17,アサカラキング,牡5,57.0,岩田康誠,1:20.2,クビ,19.1,8.0,526(-4),[東] 斎藤誠,202508030511
18,3,6,ソーダズリング,牝5,55.0,菱田裕二,1:20.9,4,29.7,11.0,466(-4),[西] 新谷功一,202508030511
1,7,13,セールヴォラン,牡4,58.0,松若風馬,1:11.4,,10.2,5.0,452(+2),[西] 北出成人,202508030512
2,5,9,ロードヴァルカン,牡3,57.0,岩田望来,1:11.4,クビ,7.3,4.0,464(0),[西] 中村直也,202508030512
3,7,14,ヴリトラハン,牡3,57.0,高杉吏麒,1:12.0,3.1/2,4.2,2.0,480(0),[西] 千田輝彦,202508030512
4,6,11,ヴェントインコーダ,牝3,55.0,田口貫太,1:12.3,1.1/2,15.4,7.0,464(0),[西] 角田晃一,202508030512
5,4,7,モンテディアーナ,牝3,55.0,坂井瑠星,1:12.3,クビ,4.0,1.0,474(+14),[西] 四位洋文,202508030512
6,3,6,サムデイ,牝4,53.0,田山旺佑,1:12.5,1.1/4,18.9,8.0,442(-8),[西] 新谷功一,202508030512
7,2,4,ワイルドブッター,牡3,57.0,高倉稜,1:12.5,アタマ,90.1,14.0,502(-16),[西] 武英智,202508030512
8,2,3,ペイドラロワール,牡3,57.0,和田竜二,1:12.6,クビ,29.9,11.0,456(+2),[西] 清水久詞,202508030512
9,8,16,セルヴァンス,セ3,57.0,長岡禎仁,1:12.6,ハナ,50.4,12.0,434(+18),[西] 小椋研介,202508030512
10,5,10,キープライジング,牝4,56.0,井上敏樹,1:12.7,3/4,166.0,16.0,462(-4),[西] 吉田直弘,202508030512
11,1,2,ナムラモモ,牝3,55.0,小沢大仁,1:12.7,ハナ,27.4,10.0,436(+2),[西] 羽月友彦,202508030512
12,3,5,ミルミナーヴァ,牝4,56.0,菱田裕二,1:12.9,1.1/4,24.3,9.0,484(+2),[西] 西園正都,202508030512
13,6,12,セサンパ,牝3,53.0,今村聖奈,1:13.2,1.1/2,78.7,13.0,436(0),[西] 寺島良,202508030512
14,1,1,アーデルリーベ,牝3,55.0,戸崎圭太,1:13.3,クビ,5.8,3.0,460(+6),[西] 斉藤崇史,202508030512
15,4,8,オースミライト,牝3,55.0,加藤祥太,1:13.4,3/4,135.7,15.0,472(-4),[西] 宮本博,202508030512
16,8,15,コーリンラズベリー,牝5,56.0,松山弘平,1:13.7,1.1/2,12.5,6.0,518(-3),[西] 茶木太樹,202508030512
1,8,9,エシェックオロワ,牡2,56.0,岩田望来,1:25.2,,3.7,2.0,474(-10),[西] 千田輝彦,202508030601
2,6,6,ノリノドラゴン,牡2,56.0,城戸義政,1:25.4,1.1/4,34.6,7.0,450(-4),[西] 荒川義之,202508030601
3,7,7,ジャカルタバオ,セ2,56.0,松若風馬,1:25.7,1.1/2,21.9,6.0,448(0),[西] 藤野健太,202508030601
4,1,1,マクアケ,牡2,56.0,鮫島克駿,1:25.7,クビ,94.4,9.0,492(-4),[西] 杉山佳明,202508030601
5,3,3,リーグナイト,牡2,53.0,田山旺佑,1:25.8,クビ,2.0,1.0,458(-2),[西] 新谷功一,202508030601
6,8,8,ルファーダ,牡2,56.0,古川吉洋,1:25.8,クビ,7.0,4.0,504(-12),[西] 大根田裕,202508030601
7,2,2,デルニエジョイ,牡2,56.0,和田竜二,1:25.9,1/2,5.1,3.0,458(-10),[西] 鈴木孝志,202508030601
8,4,4,カレンショー,牡2,55.0,吉村誠之,1:28.0,大,17.4,5.0,432(+6),[西] 安田翔伍,202508030601
9,5,5,スナークホクサイ,牡2,56.0,田口貫太,1:31.1,大,87.9,8.0,476(-2),[西] 野中賢二,202508030601
1,2,2,シルバーレシオ,牡2,56.0,岩田望来,1:52.3,,2.6,1.0,510(-4),[西] 野中賢二,202508030602
2,3,3,サマーマッドネス,牡2,56.0,岩田康誠,1:53.7,9,3.6,2.0,518(-2),[西] 森秀行,202508030602
3,5,5,ブームバップビート,牡2,56.0,西村淳也,1:53.9,3/4,6.0,4.0,544(-4),[西] 中内田充,202508030602
4,6,6,ライトフライヤー,牡2,56.0,菱田裕二,1:54.1,1.1/2,20.8,6.0,486(+2),[西] 吉岡辰弥,202508030602
5,4,4,テイエムパイロダン,牡2,56.0,酒井学,1:54.2,1/2,52.2,8.0,450(+8),[西] 宮地貴稔,202508030602
6,7,7,タガノニューデリー,牡2,53.0,森田誠也,1:54.4,1,153.0,10.0,468(+8),[西] 斉藤崇史,202508030602
7,8,10,ファイブタンゴ,牡2,55.0,吉村誠之,1:54.6,1.1/4,18.0,5.0,502(+6),[西] 秋山真一,202508030602
8,7,8,カセノコンコルド,牡2,56.0,和田竜二,1:54.6,アタマ,68.7,9.0,452(+6),[西] 中尾秀正,202508030602
9,8,9,カフジクロミエ,牝2,52.0,田山旺佑,1:55.4,5,4.0,3.0,478(0),[西] 中竹和也,202508030602
10,1,1,ゴールデンバランス,牡2,56.0,松若風馬,1:55.5,1/2,23.7,7.0,510(-10),[西] 杉山晴紀,202508030602
1,4,4,ルートサーティーン,牡2,56.0,岩田康誠,1:35.4,,2.4,2.0,472(+4),[西] 辻野泰之,202508030603
2,3,3,イージーライダー,牡2,56.0,西村淳也,1:35.7,1.3/4,10.5,4.0,456(-2),[西] 杉山晴紀,202508030603
3,2,2,クラウンインジエア,牡2,56.0,高杉吏麒,1:35.8,1,6.6,3.0,480(-8),[西] 藤岡健一,202508030603
4,5,5,ルージュプルーヴ,牝2,55.0,岩田望来,1:36.1,2,1.9,1.0,444(+2),[西] 中内田充,202508030603
5,7,7,セイントホース,牡2,56.0,菱田裕二,1:36.2,クビ,18.1,5.0,500(+4),[西] 谷潔,202508030603
6,1,1,ツーエムボヌール,牝2,55.0,城戸義政,1:36.5,2,51.8,7.0,454(0),[西] 本田優,202508030603
7,6,6,サウンドコネクト,セ2,55.0,吉村誠之,1:36.8,1.3/4,46.5,6.0,434(-2),[西] 安達昭夫,202508030603
1,5,5,ホウオウプレシャス,牡5,57.0,水沼元輝,3:18.0,,16.0,6.0,490(0),[東] 天間昭一,202508030604
2,7,9,カイコウ,セ4,60.0,五十嵐雄,3:18.7,4,8.7,4.0,468(+8),[東] 田島俊明,202508030604
3,8,11,ゴールデンスロープ,セ4,60.0,大江原圭,3:18.9,1.1/4,2.8,1.0,438(-2),[東] 小笠倫弘,202508030604
4,6,7,ゲインサポート,セ4,60.0,森一馬,3:19.2,2,5.6,3.0,458(+14),[西] 斉藤崇史,202508030604
5,4,4,セイフウサツキ,牡3,58.0,難波剛健,3:19.9,4,21.3,7.0,468(+12),[西] 松永幹夫,202508030604
6,3,3,テーオーサンドニ,牡6,60.0,小野寺祐,3:20.1,3/4,9.5,5.0,478(-6),[西] 高柳大輔,202508030604
7,6,6,ランスオブサターン,牝5,58.0,中村将之,3:20.6,3,77.9,10.0,472(+4),[西] 本田優,202508030604
8,2,2,スマラグドス,牡5,60.0,田村太雅,3:20.8,1,22.1,8.0,480(0),[西] 西園正都,202508030604
9,1,1,コレペティトール,セ5,57.0,井上敏樹,3:21.0,1.1/4,3.2,2.0,488(+10),[西] 中竹和也,202508030604
10,8,10,サトノグレイト,セ5,60.0,黒岩悠,3:24.9,大,186.5,11.0,500(+8),[西] 中竹和也,202508030604
11,7,8,アスクオンディープ,セ6,60.0,小牧加矢,3:31.2,大,43.0,9.0,506(+14),[西] 前川恭子,202508030604
1,4,5,スウィートハピネス,牝2,55.0,高杉吏麒,1:34.8,,17.9,5.0,446(0),[西] 北出成人,202508030605
2,5,6,タイムレスキス,牝2,54.0,吉村誠之,1:34.8,クビ,2.6,1.0,462(0),[西] 吉村圭司,202508030605
3,4,4,デアヴェローチェ,牝2,55.0,岩田望来,1:35.3,3,3.3,2.0,460(0),[西] 上村洋行,202508030605
4,1,1,クープグラッセ,牝2,55.0,菱田裕二,1:35.6,1.1/2,22.7,6.0,438(0),[西] 岡田稲男,202508030605
5,2,2,ワンダーアスク,牝2,55.0,岩田康誠,1:35.6,クビ,43.9,9.0,438(0),[西] 笹田和秀,202508030605
6,7,11,プルーフリーディン,牝2,55.0,鮫島克駿,1:35.9,2,12.4,4.0,514(0),[西] 小林真也,202508030605
7,6,9,ブエノスオプティマ,牝2,55.0,和田竜二,1:36.0,3/4,22.8,7.0,458(0),[西] 高橋義忠,202508030605
8,8,12,メイワメジェール,牝2,55.0,西村淳也,1:36.5,2.1/2,4.1,3.0,462(0),[西] 茶木太樹,202508030605
9,6,8,キミガスキダ,牝2,55.0,松若風馬,1:36.9,2.1/2,63.2,11.0,438(0),[西] 牧田和弥,202508030605
10,5,7,ジューンレイヴン,牝2,55.0,加藤祥太,1:36.9,クビ,91.1,12.0,454(0),[西] 小椋研介,202508030605
11,7,10,ゴールドアテネ,牝2,55.0,田口貫太,1:37.2,1.3/4,56.2,10.0,432(0),[西] 小崎憲,202508030605
12,8,13,ラヴィングチャンプ,牝2,52.0,田山旺佑,1:37.5,1.1/2,28.8,8.0,464(0),[西] 河嶋宏樹,202508030605
13,3,3,アスターリコッタ,牝2,55.0,角田大和,1:38.5,6,92.3,13.0,420(0),[西] 中竹和也,202508030605
1,5,10,エブリーポッシブル,牝2,55.0,岩田望来,1:25.0,,2.0,1.0,450(0),[西] 新谷功一,202508030606
2,1,1,ナリタアーマー,牡2,56.0,高杉吏麒,1:25.6,3.1/2,5.4,2.0,474(0),[西] 高橋亮,202508030606
3,3,5,プルメリアリノ,牝2,52.0,田山旺佑,1:26.1,3,13.4,4.0,434(0),[西] 小栗実,202508030606
4,7,14,ムーランオランジュ,牡2,56.0,和田竜二,1:26.5,2.1/2,16.7,6.0,482(0),[西] 小崎憲,202508030606
5,6,12,タガノヒダマリ,牝2,55.0,酒井学,1:26.9,2.1/2,18.3,7.0,458(0),[西] 西園正都,202508030606
6,8,16,シェイプオブユー,牝2,55.0,川又賢治,1:27.1,1.1/2,41.6,10.0,482(0),[西] 吉村圭司,202508030606
7,3,6,キングスペード,牡2,56.0,菱田裕二,1:27.4,1.1/2,73.6,14.0,474(0),[西] 武英智,202508030606
8,2,3,メイショウケンゴウ,牡2,56.0,松若風馬,1:27.7,1.3/4,60.4,12.0,484(0),[西] 高橋亮,202508030606
9,2,4,モズタイシソウシ,牡2,56.0,藤懸貴志,1:27.8,1/2,15.4,5.0,472(0),[西] 平田修,202508030606
10,4,8,ジャズホリック,牝2,55.0,田口貫太,1:28.1,2,40.5,9.0,466(0),[西] 梅田智之,202508030606
11,6,11,テイエムカミカゼ,牝2,55.0,古川吉洋,1:28.2,1,24.2,8.0,422(0),[西] 鈴木孝志,202508030606
12,8,15,ラブペイトー,牝2,52.0,森田誠也,1:28.9,4,252.5,16.0,448(0),[西] 羽月友彦,202508030606
13,1,2,グレートアゲイン,牡2,56.0,鮫島克駿,1:29.0,クビ,86.8,15.0,458(0),[西] 牧浦充徳,202508030606
14,4,7,ウエスタンオレンジ,牝2,54.0,吉村誠之,1:29.1,1/2,60.7,13.0,440(0),[西] 前川恭子,202508030606
15,5,9,フェーヴルブラン,牡2,56.0,鮫島良太,1:29.8,4,46.8,11.0,472(0),[西] 牧浦充徳,202508030606
16,7,13,ヤングジャガー,牡2,56.0,角田大和,1:30.9,7,6.5,3.0,436(0),[西] 羽月友彦,202508030606
1,8,8,バガン,牡7,58.0,岩田望来,2:00.3,,3.3,2.0,478(-2),[西] 宮地貴稔,202508030607
2,5,5,サンライズグラシア,牡3,56.0,西村淳也,2:00.5,1.1/2,4.0,3.0,482(+16),[西] 矢作芳人,202508030607
3,7,7,ルージュスティーズ,牝3,51.0,森田誠也,2:00.6,1/2,2.6,1.0,502(+10),[西] 斉藤崇史,202508030607
4,4,4,サイモンイロハニー,牝3,54.0,菱田裕二,2:00.6,ハナ,40.8,7.0,416(+4),[西] 谷潔,202508030607
5,6,6,ニホンピロホリデー,牝4,56.0,高杉吏麒,2:01.1,3,9.4,5.0,410(+14),[西] 緒方努,202508030607
6,2,2,アスクアットバット,セ3,56.0,田口貫太,2:02.0,5,146.6,8.0,480(+6),[西] 藤原英昭,202508030607
7,3,3,モルティフレーバー,牝3,53.0,吉村誠之,2:02.1,クビ,7.6,4.0,472(+18),[西] 清水久詞,202508030607
8,1,1,ワイドモヒート,牡4,58.0,鮫島克駿,2:02.4,1.1/2,14.3,6.0,502(-10),[西] 藤岡健一,202508030607
1,3,3,ローズカリス,牝2,55.0,田口貫太,1:24.7,,5.2,4.0,434(-4),[西] 大橋勇樹,202508030608
2,6,6,ブロンテス,牡2,56.0,古川吉洋,1:25.0,1.1/2,3.3,1.0,468(+4),[西] 大根田裕,202508030608
3,7,7,テーオーグレーザー,牡2,56.0,高杉吏麒,1:25.4,2.1/2,3.7,3.0,490(0),[西] 藤岡健一,202508030608
4,4,4,キーンセンス,牡2,56.0,西村淳也,1:25.9,3,3.4,2.0,510(-6),[西] 松永幹夫,202508030608
5,1,1,キンダープンシュ,牝2,55.0,岩田望来,1:26.2,1.1/2,23.5,6.0,476(-2),[西] 大久保龍,202508030608
6,5,5,カラクニダケ,牡2,56.0,岩田康誠,1:26.3,1/2,25.2,7.0,494(+16),[西] 谷潔,202508030608
7,2,2,イダテンシャチョウ,牡2,56.0,吉村誠之,1:28.4,大,7.8,5.0,472(0),[西] 森秀行,202508030608
1,7,10,ヴェロクオーレ,牝4,56.0,高杉吏麒,1:23.1,,2.6,1.0,476(+4),[西] 石坂公一,202508030609
2,8,13,ワイノナオミ,牝4,56.0,藤岡佑介,1:23.5,2.1/2,9.5,4.0,474(0),[西] 畑端省吾,202508030609
3,4,5,アンズアメ,牝3,54.0,鮫島克駿,1:23.7,1.1/2,3.1,2.0,476(+6),[西] 高柳大輔,202508030609
4,6,9,ミロワール,牝6,56.0,古川吉洋,1:23.8,クビ,23.5,7.0,474(+2),[西] 河嶋宏樹,202508030609
5,5,7,ジューンポンポン,牝6,56.0,岩田康誠,1:24.5,4,16.3,6.0,504(+4),[東] 和田勇介,202508030609
6,5,6,クリノクリスタル,牝5,56.0,田口貫太,1:24.7,1.1/4,97.7,12.0,472(-6),[西] 大橋勇樹,202508030609
7,2,2,アルタビスタ,牝5,56.0,角田大和,1:24.9,1.1/4,85.5,10.0,492(+8),[西] 松永幹夫,202508030609
8,3,3,ブリーズオンチーク,牝4,56.0,菱田裕二,1:25.2,2,34.6,8.0,482(+20),[西] 高野友和,202508030609
9,4,4,ラヴオントップ,牝4,56.0,西村淳也,1:25.7,3,5.9,3.0,492(-4),[西] 西村真幸,202508030609
10,7,11,ブライトルピナス,牝4,56.0,松若風馬,1:25.8,1/2,86.6,11.0,472(-4),[西] 東田明士,202508030609
11,8,12,フレッシュラン,牝3,54.0,吉田豊,1:25.9,クビ,11.3,5.0,466(-6),[東] 尾形和幸,202508030609
12,6,8,ディクレアブルーム,牝5,53.0,田山旺佑,1:27.3,9,47.2,9.0,484(+6),[西] 辻野泰之,202508030609
取,1,1,ハリウッドパーク,牝4,55.0,吉村誠之,,,---,,計不,[西] 長谷川浩,202508030609
1,2,2,ジョイボーイ,牡3,55.0,岩田望来,2:13.7,,2.0,1.0,484(0),[西] 四位洋文,202508030610
2,4,4,シュバルツマサムネ,牡3,55.0,藤岡佑介,2:13.8,クビ,3.5,2.0,470(+8),[西] 杉山佳明,202508030610
3,6,6,リギーロ,牡3,55.0,西村淳也,2:14.3,3,4.0,3.0,476(0),[東] 栗田徹,202508030610
4,1,1,デルマグレムリン,牡6,58.0,高杉吏麒,2:14.3,クビ,42.7,6.0,462(+4),[西] 緒方努,202508030610
5,7,8,カエルム,牡4,58.0,鮫島克駿,2:14.4,クビ,8.0,4.0,478(0),[西] 安田翔伍,202508030610
6,3,3,パーサヴィアランス,牡6,58.0,角田大和,2:14.4,クビ,64.1,7.0,464(-2),[西] 西村真幸,202508030610
7,7,7,ライフセービング,牡4,58.0,岩田康誠,2:15.1,4,22.4,5.0,454(+4),[西] 宮徹,202508030610
8,8,9,ショウナンハウル,セ4,58.0,松若風馬,2:15.2,クビ,71.8,8.0,498(0),[西] 松下武士,202508030610
9,5,5,スカイドゥエラー,牡7,58.0,井上敏樹,2:15.6,2.1/2,240.9,9.0,458(+14),[西] 谷潔,202508030610
取,8,10,ローレルキャニオン,牡5,58.0,田口貫太,,,---,,計不,[西] 加藤公太,202508030610
1,3,5,レイナデアルシーラ,牝3,54.0,田口貫太,1:51.1,,3.2,1.0,512(+12),[西] 西園正都,202508030611
2,3,6,パルクリチュード,牝5,56.0,鮫島克駿,1:51.2,3/4,5.7,2.0,464(+8),[西] 松永幹夫,202508030611
3,5,9,ルージュアベリア,牝4,56.0,高杉吏麒,1:51.3,1/2,8.2,5.0,486(-2),[東] 加藤士津,202508030611
4,4,7,イージーオンミー,牝5,56.0,西村淳也,1:51.6,1.3/4,22.6,9.0,442(-6),[東] 中舘英二,202508030611
5,6,11,スミ,牝6,56.0,角田大和,1:51.8,1.1/2,15.7,7.0,498(+6),[西] 高橋亮,202508030611
6,1,1,クレメダンジュ,牝5,56.0,酒井学,1:51.9,クビ,69.1,13.0,482(+10),[西] 鈴木孝志,202508030611
7,5,10,タガノチョコラータ,牝5,56.0,岩田康誠,1:52.0,1/2,44.6,11.0,516(+4),[西] 角田晃一,202508030611
8,1,2,メイショウポペット,牝5,56.0,松若風馬,1:52.0,ハナ,49.7,12.0,498(+10),[西] 角田晃一,202508030611
9,7,14,ピクシレーション,牝5,56.0,吉村誠之,1:52.0,クビ,6.2,3.0,484(-2),[東] 菊沢隆徳,202508030611
10,2,3,メテオールライト,牝5,56.0,岩田望来,1:52.2,3/4,37.7,10.0,434(0),[東] 萩原清,202508030611
11,7,13,アグラシアド,牝5,56.0,藤岡佑介,1:52.2,クビ,69.1,14.0,476(-12),[西] 中村直也,202508030611
12,4,8,サイモンブーケ,牝5,56.0,古川奈穂,1:52.3,クビ,166.7,15.0,516(-6),[西] 梅田智之,202508030611
13,6,12,ライジングラパス,牝5,56.0,荻野琢真,1:52.4,クビ,260.6,16.0,458(+6),[西] 宮本博,202508030611
14,2,4,リバートゥルー,牝5,56.0,吉田豊,1:52.6,1.1/4,7.6,4.0,466(-4),[東] 久保田貴,202508030611
15,8,16,タマモプルメリア,牝4,56.0,古川吉洋,1:52.8,1.1/4,21.2,8.0,466(+2),[西] 大橋勇樹,202508030611
16,8,15,バロッサヴァレー,牝5,56.0,和田竜二,1:53.4,3.1/2,10.3,6.0,488(0),[西] 高野友和,202508030611
1,4,6,リアライズ,牡5,58.0,角田大和,1:20.5,,15.9,7.0,506(+6),[西] 石橋守,202508030612
2,8,15,ダノンクロム,牡5,58.0,西村淳也,1:20.5,ハナ,10.0,4.0,534(0),[西] 東田明士,202508030612
3,3,4,タンテドヴィーヴル,牡3,56.0,和田竜二,1:20.6,1/2,40.3,12.0,496(+2),[西] 斉藤崇史,202508030612
4,5,8,インペリアルコート,牝5,53.0,森田誠也,1:20.6,クビ,90.1,13.0,446(+4),[西] 畑端省吾,202508030612
5,5,9,セクシーマージュ,牝3,53.0,吉村誠之,1:20.7,3/4,3.7,2.0,424(+4),[西] 小椋研介,202508030612
6,6,11,サーナーティオン,牡4,58.0,高杉吏麒,1:20.9,1.1/4,3.5,1.0,488(-6),[西] 藤岡健一,202508030612
7,6,10,ショウナンラウール,牝4,56.0,岩田康誠,1:20.9,ハナ,16.9,8.0,418(-8),[西] 高橋義忠,202508030612
8,7,13,バニーラビット,牡3,56.0,鮫島克駿,1:21.0,クビ,13.1,5.0,496(+6),[西] 武幸四郎,202508030612
9,7,12,ビーグラッド,牝4,56.0,菱田裕二,1:21.0,ハナ,14.0,6.0,440(+2),[西] 岡田稲男,202508030612
10,2,2,ヴァージル,牡3,56.0,高倉稜,1:21.0,クビ,5.5,3.0,456(+2),[西] 杉山晴紀,202508030612
11,8,14,ウォーターエルピス,牝3,54.0,松若風馬,1:21.4,2,40.0,11.0,510(0),[西] 藤野健太,202508030612
12,3,5,グランルーチェ,セ4,58.0,藤懸貴志,1:21.6,1,277.6,15.0,488(-2),[西] 庄野靖志,202508030612
13,2,3,アルバニー,牝4,56.0,岩田望来,1:21.9,2,25.8,10.0,480(+28),[西] 千田輝彦,202508030612
14,4,7,アーデルリーベ,牝3,54.0,古川吉洋,1:21.9,クビ,21.4,9.0,458(-2),[西] 斉藤崇史,202508030612
15,1,1,ノイヤー,牝4,53.0,田山旺佑,1:22.0,アタマ,235.1,14.0,466(0),[西] 高橋亮,202508030612
1,8,11,フィアーブル,牝2,55.0,松山弘平,1:25.4,,1.4,1.0,460(0),[西] 長谷川浩,202508030701
2,6,8,アーガイルショア,牝2,55.0,西村淳也,1:26.0,3.1/2,3.3,2.0,504(+10),[西] 安田翔伍,202508030701
3,6,7,ナムラティアラ,牝2,55.0,高杉吏麒,1:26.2,1.1/2,19.6,4.0,464(-4),[西] 牧田和弥,202508030701
4,7,9,ベラジオリン,牝2,54.0,吉村誠之,1:26.7,2.1/2,47.2,7.0,418(+2),[西] 小椋研介,202508030701
5,3,3,パドゼフィール,牝2,52.0,田山旺佑,1:27.3,3.1/2,25.9,5.0,466(+14),[西] 新谷功一,202508030701
6,1,1,アロハマウロア,牝2,55.0,古川吉洋,1:27.5,1.1/2,195.7,11.0,454(+4),[西] 藤野健太,202508030701
7,2,2,サリー,牝2,55.0,田口貫太,1:28.0,3,175.3,10.0,406(-6),[西] 前川恭子,202508030701
8,5,5,グリッタードール,牝2,55.0,和田竜二,1:28.1,3/4,295.3,12.0,456(-2),[西] 大橋勇樹,202508030701
9,8,12,サンタクローチェ,牝2,55.0,城戸義政,1:28.7,3.1/2,12.4,3.0,454(+8),[西] 西村真幸,202508030701
10,5,6,シュネードリーム,牝2,55.0,丹内祐次,1:29.3,3.1/2,167.2,9.0,446(+6),[西] 緒方努,202508030701
11,7,10,スイーヴル,牝2,55.0,加藤祥太,1:30.6,8,86.8,8.0,454(0),[西] 小椋研介,202508030701
12,4,4,ベルフィーノ,牝2,55.0,菱田裕二,1:31.6,6,40.2,6.0,442(-4),[西] 宮本博,202508030701
1,1,1,サーディンラン,牡2,56.0,松山弘平,1:47.4,,1.6,1.0,460(+6),[西] 武英智,202508030702
2,6,6,クールドリオン,牡2,56.0,坂井瑠星,1:47.5,3/4,2.8,2.0,482(-6),[西] 庄野靖志,202508030702
3,2,2,ダンツウルス,牡2,56.0,田口貫太,1:47.6,クビ,8.5,3.0,468(-6),[西] 谷潔,202508030702
4,3,3,コマチチャン,牝2,55.0,松若風馬,1:47.7,1/2,19.7,5.0,460(-8),[西] 小椋研介,202508030702
5,5,5,ボンボンベイビー,牡2,56.0,岩田望来,1:47.7,アタマ,10.5,4.0,456(0),[西] 矢作芳人,202508030702
6,4,4,パンパネイラ,牡2,56.0,岩田康誠,1:53.7,大,23.3,6.0,446(+2),[西] 上村洋行,202508030702
1,4,4,トゥロン,牝3,54.0,西村淳也,1:24.1,,3.4,2.0,524(+4),[西] 佐々木晶,202508030703
2,5,6,エフエイト,牡4,58.0,和田竜二,1:24.5,2.1/2,43.2,9.0,452(+10),[西] 北出成人,202508030703
3,5,5,ペイドラロワール,牡3,55.0,西塚洸二,1:24.6,クビ,21.0,7.0,458(+2),[西] 清水久詞,202508030703
4,8,12,タイセイディアマン,牡3,56.0,田口貫太,1:24.8,1.1/4,3.7,3.0,464(+2),[西] 大橋勇樹,202508030703
5,3,3,タイセイレグノ,牡3,56.0,高杉吏麒,1:24.9,3/4,17.8,6.0,470(+2),[西] 浜田多実,202508030703
6,1,1,テーオーミリカン,牡3,56.0,岩田康誠,1:24.9,アタマ,22.5,8.0,470(0),[西] 宮徹,202508030703
7,6,8,ラフォン,牡3,55.0,吉村誠之,1:25.1,1.1/4,3.3,1.0,512(0),[西] 松下武士,202508030703
8,8,11,メイショウゴールド,牡3,56.0,丹内祐次,1:25.3,3/4,9.5,4.0,460(+20),[西] 荒川義之,202508030703
9,7,9,カフェロワイヤル,牝3,54.0,小崎綾也,1:25.3,クビ,65.9,11.0,470(+4),[西] 小林真也,202508030703
10,7,10,ベレニーチェ,牝4,56.0,高倉稜,1:25.4,3/4,47.3,10.0,464(+12),[西] 武英智,202508030703
11,6,7,ケイエイト,牡5,55.0,田山旺佑,1:25.5,クビ,267.6,12.0,478(+6),[西] 羽月友彦,202508030703
12,2,2,ダディーズアイル,牡4,58.0,岩田望来,1:25.9,2.1/2,13.1,5.0,486(+4),[西] 千田輝彦,202508030703
1,8,15,ミルトベスト,牡2,56.0,岩田望来,1:22.2,,21.6,5.0,470(0),[西] 中村直也,202508030704
2,3,6,アゲンストオッズ,牝2,55.0,川田将雅,1:22.5,2,1.8,1.0,426(0),[西] 大久保龍,202508030704
3,2,4,メイショウトウコウ,牡2,56.0,武豊,1:22.5,クビ,12.5,4.0,464(0),[西] 石橋守,202508030704
4,6,11,ベアコルム,牝2,52.0,田山旺佑,1:22.5,ハナ,68.3,11.0,436(0),[西] 小栗実,202508030704
5,8,16,フリーダムスタイル,牝2,55.0,北村友一,1:22.7,1,76.2,12.0,404(0),[西] 森田直行,202508030704
6,6,12,プラヤデルカルメン,牝2,55.0,ルメール,1:22.8,1/2,4.5,2.0,448(0),[西] 杉山晴紀,202508030704
7,7,14,ナムラロダン,牡2,56.0,西村淳也,1:22.9,1/2,7.2,3.0,472(0),[西] 長谷川浩,202508030704
8,8,17,イズントイット,牝2,55.0,菱田裕二,1:22.9,クビ,23.7,7.0,510(0),[西] 岡田稲男,202508030704
9,1,2,ティンクルバレット,牝2,55.0,池添謙一,1:23.2,1.1/2,24.2,8.0,412(0),[西] 池添学,202508030704
10,5,10,ラッキーヴォーグ,牡2,56.0,岩田康誠,1:23.4,1.1/2,88.4,13.0,486(0),[西] 牧田和弥,202508030704
11,4,8,ロードヴェルテクス,牡2,55.0,吉村誠之,1:23.7,1.3/4,145.1,14.0,448(0),[西] 奥村豊,202508030704
12,2,3,チャナッカレ,牝2,55.0,松若風馬,1:23.8,1/2,43.3,9.0,380(0),[西] 佐々木晶,202508030704
13,7,13,シティプロスパー,牝2,55.0,丹内祐次,1:23.9,3/4,172.6,15.0,444(0),[西] 小栗実,202508030704
14,4,7,レインボーステート,牡2,56.0,松山弘平,1:24.3,2.1/2,22.7,6.0,444(0),[西] 茶木太樹,202508030704
15,3,5,エナジーアユ,牝2,55.0,高杉吏麒,1:24.3,ハナ,62.0,10.0,464(0),[西] 荒川義之,202508030704
16,1,1,ニホンピロエール,牡2,56.0,田口貫太,1:24.4,3/4,249.0,16.0,432(0),[西] 安達昭夫,202508030704
17,5,9,ヤマトフォース,牡2,56.0,高倉稜,1:25.5,7,410.3,17.0,392(0),[西] 安達昭夫,202508030704
1,4,4,ヴァロンブローサ,牡2,56.0,北村友一,2:02.1,,9.7,5.0,462(0),[西] 池添学,202508030705
2,6,7,マジックファイヤー,牡2,56.0,岩田康誠,2:02.3,1,14.6,7.0,466(0),[西] 辻野泰之,202508030705
3,3,3,インフィオラータ,牝2,55.0,岩田望来,2:02.4,3/4,4.5,2.0,446(0),[西] 須貝尚介,202508030705
4,1,1,パウンドフォーワン,牡2,56.0,坂井瑠星,2:02.4,クビ,8.2,4.0,488(0),[西] 田中克典,202508030705
5,6,6,マジョレルブルー,牡2,56.0,川田将雅,2:02.4,ハナ,5.1,3.0,464(0),[西] 友道康夫,202508030705
6,5,5,タガノアルトゥーラ,牡2,55.0,吉村誠之,2:02.5,1/2,85.4,10.0,488(0),[西] 長谷川浩,202508030705
7,8,11,リン,牡2,56.0,松山弘平,2:02.6,1/2,2.6,1.0,460(0),[西] 四位洋文,202508030705
8,7,9,トラカイキャッスル,牝2,55.0,丹内祐次,2:02.7,クビ,13.9,6.0,438(0),[西] 西村真幸,202508030705
9,7,8,ゴールデンドラゴン,牡2,56.0,松若風馬,2:03.8,7,76.1,9.0,450(0),[西] 宮本博,202508030705
10,8,10,ダンツカレン,牝2,55.0,藤岡佑介,2:04.6,5,15.8,8.0,502(0),[西] 四位洋文,202508030705
中,2,2,マーゴットバディ,牡2,56.0,西村淳也,,,100.9,11.0,508(0),[西] 石坂公一,202508030705
1,7,9,ミッションルース,牡4,58.0,田口貫太,1:52.5,,170.4,11.0,440(-14),[西] 平田修,202508030706
2,1,1,ギュルヴィ,牡3,56.0,武豊,1:52.5,アタマ,2.4,2.0,514(-4),[西] 大久保龍,202508030706
3,6,8,サルタール,セ3,56.0,小崎綾也,1:52.7,1,73.5,10.0,518(+6),[西] 小崎憲,202508030706
4,8,11,ユキノクラウン,牡3,55.0,吉村誠之,1:52.8,1/2,6.5,3.0,516(-6),[西] 長谷川浩,202508030706
5,3,3,メイショウマジック,牡5,58.0,古川吉洋,1:53.0,1,43.4,8.0,490(+6),[西] 四位洋文,202508030706
6,7,10,ジーティーアメリカ,牡3,56.0,北村友一,1:53.1,1/2,40.4,6.0,534(+4),[西] 吉岡辰弥,202508030706
7,6,7,マテンロウノカゼ,牡4,58.0,太宰啓介,1:53.1,クビ,42.1,7.0,486(0),[西] 昆貢,202508030706
8,2,2,モズバンディット,牡5,58.0,高杉吏麒,1:53.7,3.1/2,56.1,9.0,458(+10),[西] 中尾秀正,202508030706
9,5,5,レッドボブ,牡3,56.0,ルメール,1:53.7,クビ,2.2,1.0,520(-2),[西] 田中克典,202508030706
10,5,6,リュクスドレフォン,牡5,58.0,藤懸貴志,1:53.8,クビ,13.1,4.0,520(+14),[西] 平田修,202508030706
11,8,12,スティルザワン,セ4,58.0,荻野琢真,1:53.9,1/2,181.5,12.0,454(+2),[西] 前川恭子,202508030706
12,4,4,キタノサワヤカ,牡3,56.0,池添謙一,1:54.9,6,19.7,5.0,464(0),[西] 吉田直弘,202508030706
1,7,9,イリフィ,牝3,55.0,西村淳也,1:11.4,,17.5,6.0,430(+8),[西] 高野友和,202508030707
2,8,12,ジャスパーソレイユ,牡3,57.0,武豊,1:11.7,2,8.2,3.0,476(+12),[西] 森秀行,202508030707
3,2,2,バッハアルプゼー,牡3,57.0,松山弘平,1:11.8,クビ,1.9,1.0,490(+12),[西] 橋口慎介,202508030707
4,6,8,ララアヴリル,セ3,57.0,団野大成,1:11.9,1/2,3.7,2.0,484(+4),[西] 斉藤崇史,202508030707
5,7,10,ペッパーミル,牡4,58.0,横山武史,1:11.9,クビ,15.5,5.0,500(-4),[東] 加藤士津,202508030707
6,8,11,プルミエールパス,牝4,56.0,小崎綾也,1:12.1,1.1/4,26.4,8.0,498(+15),[西] 河嶋宏樹,202508030707
7,5,5,ガンマジーティーピ,牡3,57.0,岩田望来,1:12.1,アタマ,12.5,4.0,462(+2),[西] 渡辺薫彦,202508030707
8,3,3,ワールドシリーズ,牡4,58.0,北村友一,1:12.3,1,62.6,11.0,470(+2),[西] 秋山真一,202508030707
9,1,1,ガウラスパーク,セ4,58.0,高杉吏麒,1:12.7,2.1/2,38.9,10.0,548(0),[西] 高柳大輔,202508030707
10,6,7,リーサムギニー,牡4,57.0,吉村誠之,1:13.3,3.1/2,36.5,9.0,510(+6),[西] 矢作芳人,202508030707
11,4,4,マキシマムレーヴ,牡3,57.0,高倉稜,1:13.5,1.1/4,306.3,12.0,502(-6),[西] 武英智,202508030707
12,5,6,ミトノキャット,牝3,55.0,坂井瑠星,1:14.0,3,20.6,7.0,454(+14),[西] 前川恭子,202508030707
1,4,4,ミニトランザット,牡3,55.0,吉村誠之,1:33.3,,2.0,1.0,468(+10),[西] 杉山佳明,202508030708
2,2,2,フェアリーライク,牝3,54.0,武豊,1:33.4,3/4,4.4,2.0,468(+4),[西] 笹田和秀,202508030708
3,5,5,ヴィスマール,牡4,58.0,西村淳也,1:33.4,アタマ,17.4,6.0,450(-2),[西] 奥村豊,202508030708
4,8,10,サクラオーラ,牝6,56.0,酒井学,1:33.5,クビ,37.4,8.0,454(0),[西] 河嶋宏樹,202508030708
5,7,8,ロンドボス,牝3,54.0,横山武史,1:33.5,クビ,5.8,3.0,460(+8),[西] 藤原英昭,202508030708
6,7,7,アンジョルラス,セ4,58.0,藤岡佑介,1:33.6,1/2,9.5,5.0,500(0),[西] 藤野健太,202508030708
7,6,6,エーデルサンライズ,牝5,56.0,小崎綾也,1:33.9,2,97.9,9.0,450(+2),[西] 小林真也,202508030708
8,1,1,メイショウカイト,牝7,56.0,高杉吏麒,1:34.0,3/4,25.0,7.0,478(+6),[西] 荒川義之,202508030708
9,8,9,オトコギアンパン,牡4,58.0,松山弘平,1:34.3,1.3/4,7.7,4.0,502(+2),[西] 小栗実,202508030708
10,3,3,ドンアチェカ,牡5,58.0,菱田裕二,1:34.7,2.1/2,227.8,10.0,494(+6),[西] 千田輝彦,202508030708
1,7,7,リリージョワ,牝2,55.0,ルメール,1:20.5,,2.7,2.0,434(-10),[西] 武幸四郎,202508030709
2,2,2,ダイヤモンドノット,牡2,56.0,川田将雅,1:20.6,1/2,2.5,1.0,474(+2),[西] 福永祐一,202508030709
3,1,1,ファニーバニー,牝2,55.0,横山武史,1:21.4,5,18.2,5.0,446(+12),[西] 杉山佳明,202508030709
4,6,6,シルバーナイツ,牡2,56.0,団野大成,1:21.6,1.1/4,3.3,3.0,506(0),[西] 西園正都,202508030709
5,5,5,コラルリーフ,牝2,55.0,西村淳也,1:22.1,3,26.9,6.0,456(-4),[西] 佐藤悠太,202508030709
6,4,4,ナオミライトニング,牝2,55.0,坂井瑠星,1:22.3,1.1/4,13.4,4.0,460(+18),[西] 矢作芳人,202508030709
7,3,3,ロードヴィゴラス,牡2,56.0,高杉吏麒,1:22.6,1.3/4,47.0,7.0,432(+2),[西] 四位洋文,202508030709
1,6,12,グランフォーブル,牡5,54.0,酒井学,1:23.2,,116.5,14.0,484(+2),[東] 土田稔,202508030710
2,5,10,エストレヤデベレン,牡4,57.0,ルメール,1:23.5,2,12.1,4.0,536(-10),[西] 武幸四郎,202508030710
3,7,13,ダノンフィーゴ,牡3,55.0,川田将雅,1:23.5,ハナ,1.5,1.0,476(+6),[西] 友道康夫,202508030710
4,5,9,セミマル,牡5,55.0,西村淳也,1:23.6,アタマ,17.8,5.0,534(-4),[西] 西村真幸,202508030710
5,3,5,プロミシングスター,牡4,56.0,団野大成,1:23.6,クビ,7.9,2.0,454(-6),[西] 高橋義忠,202508030710
6,8,16,レーウィン,セ4,55.0,岩田康誠,1:24.0,2.1/2,53.9,11.0,514(+14),[西] 上村洋行,202508030710
7,2,3,タマモダイジョッキ,牡7,56.0,高杉吏麒,1:24.2,1,52.1,10.0,486(0),[西] 緒方努,202508030710
8,7,14,イノセントキャット,牝4,53.0,横山武史,1:24.2,クビ,19.1,6.0,454(0),[東] 久保田貴,202508030710
9,3,6,ライジン,牡5,56.0,池添謙一,1:24.3,1/2,93.4,12.0,492(+6),[西] 池添学,202508030710
10,1,2,パルデンス,牡7,55.0,小崎綾也,1:24.5,3/4,221.3,16.0,496(+2),[東] 森一誠,202508030710
11,4,7,ビルカール,牡5,54.0,丹内祐次,1:24.6,1/2,161.0,15.0,462(-8),[東] 水野貴広,202508030710
12,8,15,ジャーヴィス,牡5,55.0,坂井瑠星,1:24.7,1/2,20.8,7.0,498(+4),[西] 千田輝彦,202508030710
13,2,4,ノボリショウリュウ,牡4,56.0,武豊,1:24.7,クビ,8.7,3.0,464(0),[西] 石橋守,202508030710
14,6,11,テイエムランウェイ,牡6,55.0,鮫島良太,1:25.1,2.1/2,46.6,9.0,494(+6),[西] 河嶋宏樹,202508030710
15,4,8,ワレハウミノコ,牝5,52.0,高倉稜,1:25.2,1/2,96.5,13.0,462(+2),[西] 武英智,202508030710
16,1,1,ヘンリー,牡5,54.0,吉村誠之,1:25.8,3.1/2,29.9,8.0,542(-2),[西] 吉岡辰弥,202508030710
1,6,11,エンブロイダリー,牝3,55.0,ルメール,1:58.3,,5.5,2.0,488(+6),[東] 森一誠,202508030711
2,5,10,エリカエクスプレス,牝3,55.0,武豊,1:58.4,1/2,15.1,5.0,462(0),[西] 杉山晴紀,202508030711
3,8,18,パラディレーヌ,牝3,55.0,丹内祐次,1:58.5,3/4,16.9,6.0,502(+6),[西] 千田輝彦,202508030711
4,2,3,ジョスラン,牝3,55.0,岩田望来,1:58.8,1.3/4,12.5,4.0,472(+2),[東] 鹿戸雄一,202508030711
5,7,13,セナスタイル,牝3,55.0,岩田康誠,1:58.8,ハナ,10.1,3.0,434(0),[西] 安田翔伍,202508030711
6,7,14,ビップデイジー,牝3,55.0,西村淳也,1:59.0,3/4,23.9,9.0,442(+10),[西] 松下武士,202508030711
7,4,7,クリノメイ,牝3,55.0,酒井学,1:59.0,クビ,180.6,17.0,454(+2),[西] 須貝尚介,202508030711
8,1,2,ルージュソリテール,牝3,55.0,北村友一,1:59.2,1.1/4,43.2,12.0,450(+2),[西] 藤原英昭,202508030711
9,7,15,インヴォーグ,牝3,55.0,団野大成,1:59.2,ハナ,56.0,14.0,502(+6),[西] 福永祐一,202508030711
10,5,9,マピュース,牝3,55.0,横山武史,1:59.2,アタマ,28.1,10.0,488(0),[東] 和田勇介,202508030711
11,3,6,ケリフレッドアスク,牝3,55.0,西塚洸二,1:59.3,3/4,39.5,11.0,458(+2),[西] 藤原英昭,202508030711
12,6,12,ヴーレヴー,牝3,55.0,菱田裕二,1:59.4,アタマ,122.6,16.0,494(+6),[西] 武幸四郎,202508030711
13,8,16,ランフォーヴァウ,牝3,55.0,小崎綾也,1:59.6,1.1/2,348.5,18.0,460(-4),[西] 福永祐一,202508030711
14,4,8,テレサ,牝3,55.0,松山弘平,1:59.8,1,19.4,8.0,444(+6),[西] 杉山晴紀,202508030711
15,1,1,ダノンフェアレディ,牝3,55.0,坂井瑠星,2:00.0,1.1/4,18.8,7.0,470(-12),[西] 橋口慎介,202508030711
16,8,17,カムニャック,牝3,55.0,川田将雅,2:00.2,1.1/4,2.1,1.0,490(+8),[西] 友道康夫,202508030711
17,2,4,レーゼドラマ,牝3,55.0,藤岡佑介,2:02.1,大,78.0,15.0,474(-2),[西] 辻野泰之,202508030711
18,3,5,ブラウンラチェット,牝3,55.0,池添謙一,2:07.0,大,45.5,13.0,440(-2),[東] 手塚貴久,202508030711
1,6,9,テスティモーネ,牡3,56.0,古川吉洋,1:50.9,,3.3,1.0,520(+2),[西] 大根田裕,202508030712
2,4,6,バッケンレコード,牡3,56.0,太宰啓介,1:51.0,クビ,10.7,6.0,490(+2),[西] 秋山真一,202508030712
3,1,1,クリノフィガロ,牡4,58.0,岩田望来,1:51.4,2.1/2,8.4,5.0,496(0),[西] 荒川義之,202508030712
4,2,2,プルナチャンドラ,牡4,58.0,酒井学,1:51.5,3/4,44.0,11.0,506(-18),[東] 小野次郎,202508030712
5,7,12,アンバードール,牡4,58.0,川田将雅,1:51.7,1.1/2,6.3,3.0,508(+4),[西] 吉岡辰弥,202508030712
6,3,3,ポッドフォルク,牡3,56.0,松山弘平,1:52.1,2,16.0,7.0,492(0),[西] 西園正都,202508030712
7,4,5,メイショウマントル,牡7,58.0,高倉稜,1:52.2,1/2,129.2,14.0,512(0),[西] 安達昭夫,202508030712
8,5,8,アーロンイメル,牡4,58.0,藤懸貴志,1:52.3,クビ,16.5,8.0,500(+4),[西] 高橋一哉,202508030712
9,3,4,ストップヤーニング,牡3,56.0,高杉吏麒,1:52.5,1,5.5,2.0,436(-6),[西] 羽月友彦,202508030712
10,7,11,インペリアルライン,セ6,58.0,丹内祐次,1:52.7,1.1/2,39.0,10.0,474(-2),[東] 中舘英二,202508030712
11,6,10,アリエスキング,牡4,58.0,田口貫太,1:53.0,2,6.4,4.0,470(+8),[西] 庄野靖志,202508030712
12,5,7,タガノマルアフ,牡3,56.0,横山武史,1:53.6,3.1/2,63.6,12.0,480(+4),[西] 角田晃一,202508030712
13,8,14,トーレ,牡4,58.0,松若風馬,1:54.0,2.1/2,24.4,9.0,492(-6),[西] 高橋亮,202508030712
14,8,13,ヴォルスター,牡4,58.0,吉村誠之,1:54.3,1.3/4,115.7,13.0,434(0),[西] 清水久詞,202508030712
1,8,14,ホールオブミラーズ,牡2,56.0,北村友一,1:26.3,,4.5,2.0,464(+4),[西] 高野友和,202508030801
2,6,9,ジャストアダッシュ,牡2,56.0,松若風馬,1:26.3,ハナ,16.3,6.0,474(+4),[西] 藤野健太,202508030801
3,5,8,キープシャイニング,牡2,55.0,吉村誠之,1:26.3,クビ,10.6,5.0,488(-6),[西] 長谷川浩,202508030801
4,3,4,アドフランマム,牡2,56.0,角田大和,1:26.5,1.1/4,34.8,10.0,506(0),[西] 本田優,202508030801
5,1,1,トワイライトビュー,牡2,53.0,田山旺佑,1:26.5,クビ,25.2,8.0,492(+10),[西] 佐々木晶,202508030801
6,3,3,リアライズガイザー,牡2,56.0,西村淳也,1:27.1,3.1/2,2.5,1.0,514(+6),[西] 杉山晴紀,202508030801
7,4,6,サクライロマウコロ,牝2,55.0,松山弘平,1:28.2,7,39.0,11.0,442(0),[西] 西園正都,202508030801
8,7,11,ロードベルファスト,牡2,56.0,長岡禎仁,1:28.4,1.1/4,101.5,13.0,478(+4),[西] 畑端省吾,202508030801
9,5,7,ジョイフルサンデー,牡2,56.0,秋山稔樹,1:28.4,クビ,323.4,14.0,464(-8),[西] 宮徹,202508030801
10,6,10,メイショウシンガン,牡2,56.0,岩田望来,1:28.5,クビ,5.5,3.0,462(0),[西] 高橋義忠,202508030801
11,7,12,ラヴネヴァーダイズ,牡2,56.0,団野大成,1:28.6,3/4,21.8,7.0,492(+4),[西] 渡辺薫彦,202508030801
12,8,13,アイク,牝2,55.0,浜中俊,1:28.9,1.1/2,77.6,12.0,420(0),[西] 佐藤悠太,202508030801
13,4,5,メイワキラリ,牡2,56.0,高杉吏麒,1:29.9,6,29.0,9.0,466(+10),[西] 河嶋宏樹,202508030801
14,2,2,エコロガルダ,牡2,56.0,小崎綾也,1:30.0,クビ,10.2,4.0,458(+6),[西] 大久保龍,202508030801
1,8,11,ゴールデンスラム,牡2,56.0,坂井瑠星,1:55.6,,3.3,2.0,484(-4),[西] 池江泰寿,202508030802
2,8,10,サンライズケヴィン,牡2,56.0,池添謙一,1:56.1,3,15.1,5.0,494(+2),[西] 平田修,202508030802
3,5,5,アンリミテッド,牡2,56.0,岩田望来,1:56.3,1.1/2,2.0,1.0,498(+2),[西] 高野友和,202508030802
4,7,9,ヒロノスカイ,牡2,56.0,松若風馬,1:56.3,アタマ,5.4,3.0,506(+4),[西] 宮本博,202508030802
5,4,4,マルーンドライブ,牡2,56.0,田口貫太,1:56.4,クビ,18.9,6.0,450(-6),[西] 庄野靖志,202508030802
6,6,7,リフラ,牡2,56.0,西村淳也,1:56.8,2.1/2,11.4,4.0,478(-2),[西] 西村真幸,202508030802
7,3,3,メイショウハチマキ,牡2,56.0,川又賢治,1:57.2,2.1/2,323.0,11.0,492(-4),[西] 飯田祐史,202508030802
8,7,8,コパノルーカス,牡2,56.0,岩田康誠,1:57.6,2.1/2,95.4,9.0,484(+4),[西] 梅田智之,202508030802
9,6,6,ファインマン,牡2,56.0,高倉稜,1:59.2,10,125.0,10.0,492(-4),[西] 前川恭子,202508030802
10,2,2,タガノニューデリー,牡2,53.0,田山旺佑,2:00.3,7,54.7,8.0,468(0),[西] 斉藤崇史,202508030802
中,1,1,キングズテイル,牡2,56.0,浜中俊,,,24.6,7.0,492(+6),[西] 岡田稲男,202508030802
1,6,8,フロムレイブン,牝2,55.0,松山弘平,1:21.3,,4.6,2.0,472(0),[西] 坂口智康,202508030803
2,6,7,ナムラコスモス,牝2,55.0,田口貫太,1:21.3,アタマ,15.9,5.0,490(+10),[西] 大橋勇樹,202508030803
3,2,2,テイエムアイラン,牝2,55.0,酒井学,1:21.6,2,28.1,7.0,412(-2),[西] 宮地貴稔,202508030803
4,7,10,ペプチドブッドレア,牝2,55.0,川又賢治,1:21.6,ハナ,10.7,3.0,472(+4),[西] 吉村圭司,202508030803
5,8,12,クロスボーダー,牝2,55.0,北村友一,1:21.7,1,11.7,4.0,488(0),[西] 小林真也,202508030803
6,3,3,ナムラオリガミ,牝2,55.0,小崎綾也,1:21.9,1,225.5,11.0,448(+2),[西] 高橋一哉,202508030803
7,8,11,モカプウイング,牝2,55.0,岩田望来,1:22.0,3/4,43.5,9.0,454(-4),[西] 加藤公太,202508030803
8,1,1,オフクマメ,牝2,55.0,荻野琢真,1:22.1,1/2,62.3,10.0,468(+6),[西] 松下武士,202508030803
9,5,6,シャローアロス,牝2,55.0,坂井瑠星,1:22.3,3/4,25.8,6.0,440(+2),[西] 安達昭夫,202508030803
10,5,5,ダンシングドール,牝2,55.0,高杉吏麒,1:22.5,1.1/2,30.6,8.0,456(+4),[西] 牧田和弥,202508030803
11,4,4,ナオミニオールイン,牝2,55.0,浜中俊,1:23.4,5,1.5,1.0,436(+4),[西] 佐藤悠太,202508030803
12,7,9,ステイフリー,牝2,55.0,吉田隼人,1:23.7,1.3/4,296.4,12.0,446(+2),[西] 高橋義忠,202508030803
1,3,3,コパノニコルソン,牡6,60.0,小牧加矢,3:39.4,,3.9,2.0,520(-4),[西] 宮徹,202508030804
2,7,7,ヴィンテージボンド,牡6,60.0,難波剛健,3:39.5,3/4,9.0,3.0,492(-4),[西] 西園正都,202508030804
3,1,1,ウイングランブルー,牡5,60.0,大江原圭,3:40.3,5,13.9,4.0,474(+10),[東] 深山雅史,202508030804
4,4,4,ヴラディア,牡6,60.0,石神深一,3:40.6,1.3/4,40.0,6.0,480(-4),[東] 小西一男,202508030804
5,2,2,サルサロッサ,牝6,58.0,伴啓太,3:41.9,8,55.7,7.0,456(+2),[東] 高柳瑞樹,202508030804
6,5,5,シゲルタヌキ,牡6,60.0,小坂忠士,3:41.9,クビ,61.1,8.0,494(+10),[西] 谷潔,202508030804
7,8,8,サンダーアラート,セ4,60.0,上野翔,3:42.1,3/4,1.4,1.0,482(+8),[東] 田中博康,202508030804
8,6,6,スズカキング,牡8,60.0,小野寺祐,3:44.4,大,20.3,5.0,472(+16),[西] 谷潔,202508030804
1,3,4,アーリーハーベスト,牝2,55.0,北村友一,1:34.8,,6.8,4.0,460(0),[西] 小林真也,202508030805
2,2,2,トミーバローズ,牡2,56.0,松若風馬,1:35.0,1.1/2,3.5,2.0,474(0),[西] 清水久詞,202508030805
3,4,5,エイズルブルーム,牝2,55.0,団野大成,1:35.7,4,29.6,10.0,450(0),[西] 坂口智康,202508030805
4,1,1,ビケイムフリー,牝2,54.0,吉村誠之,1:35.9,1,114.5,12.0,406(0),[西] 吉村圭司,202508030805
5,5,8,ヒルノジェノヴァ,牝2,55.0,菱田裕二,1:35.9,ハナ,228.7,14.0,432(0),[西] 藤野健太,202508030805
6,6,10,サイモンシャリオ,牡2,56.0,松山弘平,1:36.0,1,26.8,8.0,494(0),[西] 梅田智之,202508030805
7,8,13,メランコリニスタ,牝2,55.0,岩田康誠,1:36.3,1.3/4,20.7,5.0,456(0),[西] 吉村圭司,202508030805
8,3,3,アスクウルトラモア,牡2,56.0,西村淳也,1:36.4,クビ,21.7,6.0,408(0),[西] 矢作芳人,202508030805
9,4,6,ペガサスジルシ,牝2,55.0,坂井瑠星,1:36.7,2,2.6,1.0,432(0),[西] 新谷功一,202508030805
10,5,7,メドウセージ,牝2,55.0,高杉吏麒,1:37.4,4,29.1,9.0,488(0),[西] 藤岡健一,202508030805
11,7,12,メイショウランケイ,牡2,56.0,浜中俊,1:37.9,3.1/2,57.9,11.0,492(0),[西] 武幸四郎,202508030805
12,8,14,ファフロツキーズ,牡2,56.0,岩田望来,1:38.0,3/4,5.5,3.0,474(0),[西] 野中賢二,202508030805
13,7,11,シャマレル,牡2,56.0,田口貫太,1:38.4,2.1/2,25.1,7.0,446(0),[西] 渡辺薫彦,202508030805
14,6,9,ピレシー,牝2,55.0,小崎綾也,1:40.1,10,225.8,13.0,480(0),[西] 宮地貴稔,202508030805
1,3,6,フレグレイ,牝2,55.0,北村友一,1:25.6,,3.1,1.0,492(0),[西] 角田晃一,202508030806
2,6,12,ピカラ,牝2,54.0,吉村誠之,1:25.8,1.1/4,114.3,16.0,452(0),[西] 坂口智康,202508030806
3,7,13,テーオーナタリー,牝2,55.0,西村淳也,1:26.0,3/4,10.5,4.0,436(0),[西] 梅田智之,202508030806
4,2,4,アイカンアズーラ,牝2,55.0,酒井学,1:26.3,1.3/4,22.4,7.0,448(0),[西] 河嶋宏樹,202508030806
5,1,2,コズミックフレア,牝2,55.0,岩田康誠,1:26.3,クビ,76.3,13.0,464(0),[西] 吉田直弘,202508030806
6,5,10,コイバナ,牝2,55.0,小崎綾也,1:26.4,アタマ,97.3,15.0,458(0),[西] 渡辺薫彦,202508030806
7,3,5,カネコメブライト,牝2,55.0,松若風馬,1:26.6,1.1/2,38.0,10.0,480(0),[西] 中尾秀正,202508030806
8,7,14,オリヒメボシ,牝2,55.0,田口貫太,1:26.8,1.1/4,35.2,9.0,426(0),[西] 庄野靖志,202508030806
9,2,3,ミスヘンリー,牝2,55.0,長岡禎仁,1:26.9,クビ,32.3,8.0,436(0),[西] 羽月友彦,202508030806
10,5,9,アクシュラ,牝2,55.0,松山弘平,1:26.9,クビ,13.4,5.0,452(0),[西] 橋口慎介,202508030806
11,4,8,スノーガーネット,牝2,55.0,角田大和,1:27.4,3,43.5,11.0,478(0),[西] 中尾秀正,202508030806
12,8,15,テンタイムトップ,牝2,55.0,坂井瑠星,1:27.7,1.1/2,3.1,2.0,452(0),[西] 高柳大輔,202508030806
13,8,16,タイセイパフューム,牝2,55.0,高杉吏麒,1:28.7,6,19.3,6.0,474(0),[西] 牧浦充徳,202508030806
14,1,1,ウインジャスミン,牝2,55.0,吉田隼人,1:29.1,2,84.3,14.0,428(0),[西] 緒方努,202508030806
15,4,7,ディーズベンチャー,牝2,55.0,菱田裕二,1:29.2,1/2,58.2,12.0,422(0),[西] 岡田稲男,202508030806
16,6,11,メイショウピュルテ,牝2,55.0,岩田望来,1:29.6,2.1/2,5.5,3.0,440(0),[西] 笹田和秀,202508030806
1,2,2,エリカヴェネチア,牝4,56.0,高杉吏麒,1:52.7,,28.1,8.0,492(-6),[西] 吉岡辰弥,202508030807
2,8,10,アークドール,牡4,58.0,浜中俊,1:52.9,1.1/2,11.1,6.0,444(-6),[西] 松永幹夫,202508030807
3,4,4,ディニテ,牡3,56.0,松山弘平,1:52.9,アタマ,3.7,2.0,498(+2),[西] 辻野泰之,202508030807
4,5,5,ポイントネモ,牡3,56.0,菱田裕二,1:53.1,1.1/4,9.9,5.0,488(-2),[西] 大久保龍,202508030807
5,6,6,ゴルデールスカー,牡5,58.0,西村淳也,1:53.4,1.1/2,40.5,10.0,480(+10),[西] 加藤公太,202508030807
6,6,7,リアルペガサス,牡4,58.0,田口貫太,1:53.5,1,27.5,7.0,464(+10),[西] 大橋勇樹,202508030807
7,7,9,ミライエイゴウ,牡3,53.0,田山旺佑,1:54.0,3,2.9,1.0,454(+6),[西] 四位洋文,202508030807
8,8,11,ニシノミチアキ,牡3,56.0,池添謙一,1:54.1,クビ,38.4,9.0,494(+22),[西] 吉村圭司,202508030807
9,7,8,マジックブルー,牡4,58.0,団野大成,1:54.1,クビ,6.6,4.0,502(+6),[西] 荒川義之,202508030807
10,1,1,プチプランス,牡3,56.0,藤岡佑介,1:54.3,1.1/4,5.5,3.0,492(-6),[西] 藤岡健一,202508030807
11,3,3,サンダーユニバンス,牡4,58.0,城戸義政,1:55.4,7,138.6,11.0,474(-2),[西] 奥村豊,202508030807
1,2,2,ネブラディスク,牡3,56.0,岩田望来,1:45.7,,1.9,1.0,448(+14),[西] 福永祐一,202508030808
2,1,1,リカントロポ,牡3,56.0,田口貫太,1:46.0,2,16.2,5.0,478(+2),[西] 梅田智之,202508030808
3,4,4,コスモアンソロジー,牡3,56.0,坂井瑠星,1:46.0,ハナ,14.2,4.0,440(-6),[東] 嘉藤貴行,202508030808
4,7,9,キングスコール,牡3,56.0,藤岡佑介,1:46.0,ハナ,3.5,2.0,498(+6),[西] 矢作芳人,202508030808
5,5,5,オデット,牝3,53.0,吉村誠之,1:46.1,クビ,69.2,9.0,446(0),[西] 緒方努,202508030808
6,5,6,マイネルバーテクス,牡4,58.0,松若風馬,1:46.2,3/4,117.0,12.0,502(-14),[東] 水野貴広,202508030808
7,6,8,アラタマフェーヴル,牡4,58.0,北村友一,1:46.3,クビ,60.6,8.0,496(0),[西] 浜田多実,202508030808
8,6,7,プリズマジコ,牡4,58.0,秋山稔樹,1:46.3,ハナ,18.6,6.0,444(0),[西] 高橋義忠,202508030808
9,3,3,メイショウヨゾラ,牝4,56.0,松山弘平,1:46.5,1.1/2,5.0,3.0,478(+2),[東] 高柳瑞樹,202508030808
10,8,12,レッドベルアーム,牡6,58.0,鮫島良太,1:46.6,3/4,49.9,7.0,534(+6),[西] 河嶋宏樹,202508030808
11,8,11,テンメジャーガール,牝6,56.0,西村淳也,1:46.9,2,113.8,11.0,512(0),[西] 高柳大輔,202508030808
12,7,10,リリーブライト,牡7,58.0,荻野琢真,1:47.1,1.1/4,103.2,10.0,480(+6),[東] 西田雄一,202508030808
1,7,13,タガノマカシヤ,牡3,56.0,岩田望来,1:58.0,,1.9,1.0,506(0),[西] 中村直也,202508030809
2,4,8,ジョータルマエ,セ5,58.0,鮫島良太,1:58.2,1.1/4,10.3,4.0,498(0),[西] 河嶋宏樹,202508030809
3,5,10,ソウルアンドジャズ,セ4,58.0,松山弘平,1:58.8,4,4.5,2.0,494(0),[東] 武井亮,202508030809
4,6,12,ノボリクレバー,牝5,56.0,坂井瑠星,1:59.2,2,11.7,5.0,506(+2),[西] 石橋守,202508030809
5,1,2,レッドリベルタ,牡4,58.0,西村淳也,1:59.2,ハナ,7.5,3.0,458(0),[西] 庄野靖志,202508030809
6,4,7,メイケイロゼッタ,牡3,56.0,酒井学,1:59.2,ハナ,33.4,7.0,464(0),[西] 河嶋宏樹,202508030809
7,3,6,リアド,牡6,58.0,岩田康誠,1:59.3,1/2,39.6,8.0,480(-8),[西] 小椋研介,202508030809
8,3,5,シャンバラ,牡6,58.0,田口貫太,1:59.4,クビ,46.1,9.0,526(+4),[西] 橋口慎介,202508030809
9,7,14,タイセイアディクト,牡4,58.0,団野大成,1:59.4,アタマ,25.7,6.0,490(-2),[東] 池上昌和,202508030809
10,8,15,シュプリンガー,セ6,58.0,長岡禎仁,1:59.5,3/4,47.6,11.0,492(-10),[西] 小栗実,202508030809
11,5,9,ハッピーアズラリー,牝5,56.0,松若風馬,1:59.7,1,134.4,15.0,466(+8),[西] 安田翔伍,202508030809
12,2,4,キャリーハピネス,牡5,58.0,高杉吏麒,2:00.6,5,66.4,12.0,502(-4),[西] 河嶋宏樹,202508030809
13,8,16,メイショウシロガネ,牡7,58.0,角田大和,2:00.8,3/4,241.7,16.0,462(+4),[西] 笹田和秀,202508030809
14,1,1,バナマンテソーロ,牡4,58.0,吉村誠之,2:00.8,クビ,80.0,13.0,496(-4),[東] 加藤士津,202508030809
15,2,3,セレクティオ,牡5,58.0,菱田裕二,2:01.3,3,46.2,10.0,486(+6),[西] 橋口慎介,202508030809
16,6,11,メイショウジェンマ,牡5,58.0,池添謙一,2:01.4,1/2,86.0,14.0,476(+8),[西] 飯田祐史,202508030809
1,4,5,スリールミニョン,牝3,54.0,坂井瑠星,1:20.2,,5.5,4.0,458(+16),[西] 高橋康之,202508030810
2,8,13,スマートワイス,牡4,58.0,松山弘平,1:20.3,クビ,4.2,2.0,490(-14),[西] 大久保龍,202508030810
3,3,3,キタサンダムール,牝5,56.0,岩田望来,1:20.3,クビ,9.4,5.0,500(+18),[西] 清水久詞,202508030810
4,4,4,ケーブパール,牝4,56.0,小崎綾也,1:20.3,ハナ,4.8,3.0,430(-2),[西] 友道康夫,202508030810
5,2,2,ヤマニンアストロン,牡4,58.0,高杉吏麒,1:20.3,クビ,14.5,7.0,494(+4),[西] 石橋守,202508030810
6,6,9,レディマリオン,牝4,56.0,吉村誠之,1:20.4,1/2,3.7,1.0,450(-2),[西] 長谷川浩,202508030810
7,1,1,サクセスアイ,牝5,56.0,池添謙一,1:20.5,1/2,10.8,6.0,450(+6),[西] 北出成人,202508030810
8,8,12,ルミノメテオール,牝5,56.0,岩田康誠,1:20.7,1.1/2,64.8,11.0,456(-2),[東] 金成貴史,202508030810
9,6,8,ジョディーズマロン,牡7,58.0,菱田裕二,1:20.9,1.1/4,59.9,10.0,470(0),[西] 北出成人,202508030810
10,7,10,アバンチュリエ,セ6,58.0,柴田善臣,1:21.1,3/4,158.5,13.0,476(-10),[東] 大竹正博,202508030810
11,5,7,ウインスノーライト,牡5,58.0,長岡禎仁,1:21.2,1,49.8,9.0,496(+6),[西] 宮徹,202508030810
12,5,6,シークレットキー,牡4,58.0,田口貫太,1:21.3,3/4,101.3,12.0,498(+6),[西] 井上智史,202508030810
13,7,11,フライングブレード,牡5,58.0,浜中俊,1:21.6,1.1/2,47.6,8.0,486(+4),[西] 飯田祐史,202508030810
1,7,7,オーロラエックス,牝4,55.0,松山弘平,1:45.0,,3.9,2.0,488(-2),[西] 杉山晴紀,202508030811
2,3,3,ナムラエイハブ,牡4,57.0,吉田隼人,1:45.0,クビ,5.2,4.0,518(0),[西] 長谷川浩,202508030811
3,8,9,ショウナンマグマ,セ6,58.0,池添謙一,1:45.1,クビ,74.2,9.0,508(+8),[東] 尾関知人,202508030811
4,2,2,バレエマスター,牡6,57.0,吉村誠之,1:45.2,1/2,13.2,6.0,476(0),[西] 梅田智之,202508030811
5,4,4,ドクタードリトル,牡5,57.0,岩田望来,1:45.3,3/4,21.5,7.0,474(0),[西] 今野貞一,202508030811
6,8,10,ピースワンデュック,牡4,57.0,柴田善臣,1:45.5,1,3.8,1.0,452(-2),[東] 大竹正博,202508030811
7,1,1,センツブラッド,牡3,55.0,坂井瑠星,1:45.5,ハナ,3.9,3.0,462(+2),[西] 斉藤崇史,202508030811
8,5,5,ダンテスヴュー,牡6,57.0,小崎綾也,1:45.5,クビ,91.3,10.0,468(0),[西] 友道康夫,202508030811
9,7,8,マイネルメモリー,牡5,57.0,菱田裕二,1:45.5,アタマ,30.1,8.0,460(-4),[西] 宮徹,202508030811
10,6,6,シルトホルン,牡5,58.0,浜中俊,1:45.7,1,8.8,5.0,466(+2),[東] 新開幸一,202508030811
1,8,9,マイネルフルムーン,牡3,56.0,団野大成,1:47.6,,5.8,3.0,468(+6),[西] 吉田直弘,202508030812
2,8,10,アレンテージョ,牡5,58.0,藤岡佑介,1:47.7,3/4,5.3,2.0,478(0),[西] 坂口智康,202508030812
3,1,1,ニュークレド,牡3,56.0,高杉吏麒,1:47.7,アタマ,3.0,1.0,432(+2),[西] 石坂公一,202508030812
4,5,5,イガッチ,牡3,56.0,浜中俊,1:47.7,アタマ,10.2,6.0,470(-2),[西] 笹田和秀,202508030812
5,3,3,デルシエロ,牡4,57.0,吉村誠之,1:47.9,1.1/4,14.2,8.0,420(+2),[西] 清水久詞,202508030812
6,7,7,サラコスティ,牡3,56.0,北村友一,1:48.0,1/2,14.1,7.0,476(+4),[西] 池添学,202508030812
7,4,4,エンベッカ,牝3,54.0,西村淳也,1:48.1,1/2,5.8,4.0,420(-6),[西] 斉藤崇史,202508030812
8,7,8,エボルヴィング,牡4,58.0,松山弘平,1:48.1,クビ,9.5,5.0,462(+12),[西] 藤原英昭,202508030812
9,6,6,ランフォースマイル,牝3,54.0,坂井瑠星,1:48.6,3,20.9,9.0,448(0),[西] 渡辺薫彦,202508030812
10,2,2,スティルザワン,セ4,58.0,荻野琢真,1:49.5,5,236.1,10.0,452(-2),[西] 前川恭子,202508030812
1,6,6,サリカリーフォリア,牝2,55.0,松山弘平,1:53.0,,4.3,3.0,520(+6),[西] 橋口慎介,202508030901
2,2,2,ウンナターシャ,牝2,55.0,坂井瑠星,1:53.0,アタマ,14.4,6.0,470(0),[西] 高柳大輔,202508030901
3,1,1,ジーティービキニ,牝2,55.0,北村友一,1:53.7,4,10.2,5.0,496(0),[西] 松下武士,202508030901
4,5,5,アーネストアイズ,牝2,55.0,角田大和,1:54.1,2,2.8,1.0,466(-8),[西] 松永幹夫,202508030901
5,7,7,ジェイストリーク,牝2,55.0,ルメール,1:54.1,ハナ,2.8,2.0,498(+6),[西] 武幸四郎,202508030901
6,3,3,ケイトバローズ,牝2,55.0,松若風馬,1:54.6,3.1/2,103.8,8.0,468(0),[西] 渡辺薫彦,202508030901
7,8,8,エンジェルグラース,牝2,55.0,酒井学,1:54.7,クビ,98.9,7.0,436(0),[西] 高橋康之,202508030901
8,8,9,レステダンルヴァン,牝2,55.0,高杉吏麒,1:54.8,1/2,7.6,4.0,498(+22),[西] 藤岡健一,202508030901
9,4,4,オッハッピー,牝2,55.0,城戸義政,1:55.4,3.1/2,235.4,9.0,416(-8),[西] 西村真幸,202508030901
1,8,10,マイリトルヒーロー,牡2,56.0,坂井瑠星,1:35.0,,2.8,2.0,464(+6),[西] 高橋康之,202508030902
2,1,1,カルロット,牡2,56.0,武豊,1:35.2,1.1/2,2.7,1.0,502(-10),[西] 武幸四郎,202508030902
3,2,2,パーシャングレー,牡2,56.0,松山弘平,1:35.2,ハナ,5.4,3.0,484(+8),[西] 池添学,202508030902
4,3,3,ミライチケット,牝2,55.0,田口貫太,1:35.4,1.1/4,29.1,7.0,442(+2),[西] 加藤公太,202508030902
5,7,8,トランスマリーン,牡2,56.0,和田竜二,1:35.5,クビ,8.6,4.0,482(-4),[西] 平田修,202508030902
6,4,4,ウォーターブビンガ,牡2,55.0,吉村誠之,1:35.6,3/4,29.6,8.0,440(+2),[西] 藤野健太,202508030902
7,8,9,ミトノリン,牝2,55.0,西村淳也,1:36.2,3.1/2,19.3,6.0,476(+2),[西] 前川恭子,202508030902
8,7,7,ナデシコザクラ,牝2,55.0,菱田裕二,1:36.4,3/4,12.3,5.0,424(-2),[西] 秋山真一,202508030902
9,5,5,クロワール,牡2,56.0,酒井学,1:36.6,1.1/4,198.6,10.0,464(-2),[西] 鈴木孝志,202508030902
10,6,6,ジェイパック,牝2,55.0,松若風馬,1:37.9,8,41.8,9.0,438(-10),[西] 宮本博,202508030902
1,7,8,メイショウソラリス,牡2,56.0,武豊,2:02.5,,6.7,4.0,460(0),[西] 角田晃一,202508030903
2,8,9,パーヴォ,牡2,56.0,和田竜二,2:03.0,3.1/2,4.3,3.0,456(+4),[西] 吉田直弘,202508030903
3,4,4,ショウナンバンライ,牡2,56.0,池添謙一,2:03.1,クビ,3.8,2.0,466(+4),[西] 松下武士,202508030903
4,3,3,ヨカオウ,牡2,56.0,岩田康誠,2:03.2,3/4,14.8,6.0,470(-2),[西] 谷潔,202508030903
5,6,6,カトマンズゴールド,牝2,55.0,松山弘平,2:03.3,3/4,2.3,1.0,474(+4),[西] 宮本博,202508030903
6,8,10,キーテーマ,牝2,55.0,長岡禎仁,2:03.3,ハナ,46.7,7.0,446(0),[西] 宮徹,202508030903
7,2,2,イロゴルシ,牡2,56.0,高杉吏麒,2:03.8,2.1/2,57.0,8.0,512(+2),[西] 牧田和弥,202508030903
8,5,5,アスクチャンスマン,牡2,56.0,戸崎圭太,2:03.9,3/4,12.5,5.0,438(+4),[西] 梅田智之,202508030903
9,1,1,ウインビスタ,牡2,56.0,松若風馬,2:04.1,1.1/4,147.1,9.0,438(-2),[西] 梅田智之,202508030903
10,7,7,バンダムソレール,牡2,56.0,田口貫太,2:05.7,10,204.2,10.0,462(-2),[西] 小栗実,202508030903
1,4,8,ダノンバーボン,牡2,56.0,松山弘平,1:51.9,,5.4,3.0,500(0),[西] 池添学,202508030904
2,2,4,ファイアスピリット,牡2,56.0,松若風馬,1:53.6,10,7.4,4.0,528(0),[西] 東田明士,202508030904
3,1,1,キタノシャカール,牡2,56.0,池添謙一,1:54.0,2.1/2,101.5,15.0,430(0),[西] 吉田直弘,202508030904
4,8,16,メイショウセンドウ,牡2,56.0,横山和生,1:54.1,1/2,9.4,5.0,484(0),[西] 飯田祐史,202508030904
5,6,12,ジーティーピカソ,牡2,56.0,西村淳也,1:54.2,3/4,3.6,1.0,542(0),[西] 宮地貴稔,202508030904
6,8,15,リーチグローリー,牝2,55.0,和田竜二,1:54.7,3,30.3,9.0,496(0),[西] 浜田多実,202508030904
7,2,3,サイモンエクセラー,牡2,56.0,小崎綾也,1:55.0,1.3/4,46.7,10.0,446(0),[西] 四位洋文,202508030904
8,7,14,イザベラサンライズ,牝2,52.0,田山旺佑,1:55.2,1.1/4,49.3,11.0,390(0),[西] 羽月友彦,202508030904
9,3,6,フローラルウェイ,牝2,55.0,岩田望来,1:55.5,1.3/4,26.9,8.0,424(0),[西] 佐藤悠太,202508030904
10,6,11,サラサダンディー,牡2,56.0,菱田裕二,1:55.9,2.1/2,97.4,14.0,506(0),[西] 岡田稲男,202508030904
11,5,10,リオンサーガ,牡2,56.0,田口貫太,1:56.2,1.3/4,81.1,12.0,518(0),[西] 宮地貴稔,202508030904
12,5,9,ゴーレジェンド,牡2,55.0,吉村誠之,1:56.3,3/4,17.8,7.0,472(0),[西] 武英智,202508030904
13,1,2,ゼウステソーロ,牡2,56.0,酒井学,1:58.4,大,83.3,13.0,476(0),[東] 加藤士津,202508030904
14,3,5,アルダ,牡2,56.0,佐々木大,1:58.8,2.1/2,3.9,2.0,500(0),[西] 石坂公一,202508030904
15,4,7,ミスティパープル,牝2,55.0,戸崎圭太,1:58.8,ハナ,12.1,6.0,448(0),[西] 茶木太樹,202508030904
16,7,13,ワンダーサイファー,牡2,56.0,長岡禎仁,1:59.3,3,253.8,16.0,502(0),[西] 森田直行,202508030904
1,6,6,テルヒコウ,牡2,56.0,坂井瑠星,1:50.5,,7.0,3.0,486(0),[西] 矢作芳人,202508030905
2,1,1,エムズビギン,牡2,56.0,ルメール,1:50.9,2.1/2,1.4,1.0,504(0),[西] 友道康夫,202508030905
3,4,4,シートゥサミット,牡2,56.0,小崎綾也,1:51.5,3.1/2,30.7,6.0,518(0),[西] 吉岡辰弥,202508030905
4,5,5,ジュンドラドラ,牡2,56.0,岩田望来,1:51.5,アタマ,8.3,4.0,546(0),[西] 清水久詞,202508030905
5,2,2,スウィーティーベル,牝2,55.0,北村友一,1:51.7,1.1/4,23.0,5.0,408(0),[西] 田中克典,202508030905
6,7,7,ジェンティール,牡2,56.0,佐々木大,1:51.8,1/2,33.8,7.0,494(0),[西] 須貝尚介,202508030905
7,7,8,グラシアムヘール,牝2,55.0,松山弘平,1:52.0,1.1/4,6.4,2.0,496(0),[西] 藤原英昭,202508030905
8,3,3,キョウエイクローム,牝2,55.0,高倉稜,1:53.0,6,179.2,10.0,434(0),[西] 森田直行,202508030905
9,8,10,アマビエ,牝2,55.0,嶋田純次,1:53.8,5,169.1,9.0,406(0),[東] 南田美知,202508030905
10,8,9,ヨシノサンキュー,牡2,56.0,角田大和,1:57.6,大,111.3,8.0,490(0),[西] 中竹和也,202508030905
1,3,3,アンビシャスヨシノ,牡3,56.0,角田大和,1:23.4,,91.9,11.0,468(0),[西] 吉田直弘,202508030906
2,2,2,サンマルノヴェル,牡3,56.0,田口貫太,1:23.7,2,2.4,1.0,510(+8),[西] 大橋勇樹,202508030906
3,8,11,テイエムパイロット,牡3,53.0,田山旺佑,1:23.7,クビ,13.2,5.0,506(-6),[西] 秋山真一,202508030906
4,6,7,ポッドドンナー,牡3,55.0,吉村誠之,1:23.8,クビ,15.7,6.0,476(+6),[西] 辻野泰之,202508030906
5,8,10,サンライズシア,牡4,58.0,高杉吏麒,1:24.3,3.1/2,8.3,4.0,512(+6),[西] 石坂公一,202508030906
6,7,9,セナマリン,牝3,54.0,岩田望来,1:24.4,クビ,2.8,2.0,512(+2),[西] 安田翔伍,202508030906
7,6,6,ケイアイブイスリー,牡3,56.0,和田竜二,1:24.5,1/2,25.9,7.0,444(0),[西] 平田修,202508030906
8,1,1,モズフラッシュ,牝3,54.0,佐々木大,1:24.5,1/2,8.1,3.0,502(-7),[西] 畑端省吾,202508030906
9,5,5,バシリス,牝3,54.0,小崎綾也,1:25.2,4,26.0,8.0,458(-2),[西] 寺島良,202508030906
10,4,4,サムデイ,牝4,56.0,団野大成,1:25.3,1/2,67.5,9.0,442(0),[西] 新谷功一,202508030906
11,7,8,デュアルロール,牝3,54.0,北村友一,1:25.5,1,85.6,10.0,490(-4),[西] 笹田和秀,202508030906
1,6,7,ステアハート,牝3,51.0,田山旺佑,1:51.8,,3.6,2.0,468(-6),[西] 新谷功一,202508030907
2,8,12,ナムラルッコラ,牝4,56.0,田口貫太,1:52.1,2,13.5,7.0,508(-2),[西] 大橋勇樹,202508030907
3,6,8,ハギノコラソン,牝3,54.0,岩田望来,1:52.5,2.1/2,8.3,3.0,474(-4),[西] 寺島良,202508030907
4,5,5,デルマサクラサク,牝3,53.0,吉村誠之,1:52.5,アタマ,67.5,8.0,474(0),[西] 牧田和弥,202508030907
5,5,6,ジュルナール,牝3,54.0,松山弘平,1:52.6,クビ,2.0,1.0,470(+4),[西] 池添学,202508030907
6,7,9,カルミアクラウン,牝3,54.0,川田将雅,1:52.8,1.1/4,12.1,5.0,442(-4),[西] 吉岡辰弥,202508030907
7,1,1,スルーザナイト,牝3,54.0,北村友一,1:52.9,クビ,11.2,4.0,494(+8),[西] 西園翔太,202508030907
8,8,11,シゲルオトヒメ,牝6,56.0,酒井学,1:52.9,ハナ,103.1,9.0,438(-2),[西] 谷潔,202508030907
9,4,4,メイショウマヒロ,牝3,54.0,角田大和,1:53.3,2.1/2,231.7,12.0,400(-4),[西] 飯田祐史,202508030907
10,3,3,ルージュミステリオ,牝3,54.0,菱田裕二,1:53.7,2.1/2,12.8,6.0,434(+10),[西] 辻野泰之,202508030907
11,7,10,オースミライト,牝3,54.0,加藤祥太,1:54.6,5,224.4,11.0,474(+2),[西] 宮本博,202508030907
12,2,2,ニホンピロマリンバ,牝4,56.0,松若風馬,1:55.6,6,118.2,10.0,526(+28),[西] 安達昭夫,202508030907
1,6,9,モジャーリオ,牡3,57.0,横山和生,1:08.7,,3.7,1.0,462(+4),[東] 斎藤誠,202508030908
2,5,8,アオイレーギーナ,牝3,55.0,池添謙一,1:08.8,3/4,10.6,6.0,498(+6),[西] 宮地貴稔,202508030908
3,3,3,フードマン,牡3,57.0,岩田望来,1:08.8,ハナ,6.6,4.0,482(-2),[西] 小栗実,202508030908
4,8,14,コウセキ,牡3,57.0,ルメール,1:08.9,1/2,3.8,2.0,486(0),[西] 西園正都,202508030908
5,7,12,ルージュスエルテ,牝4,56.0,佐々木大,1:09.0,3/4,14.0,7.0,480(0),[東] 国枝栄,202508030908
6,5,7,アンビバレント,牡5,58.0,田口貫太,1:09.0,ハナ,44.6,10.0,482(+6),[西] 藤野健太,202508030908
7,8,13,シュブロンレーヴル,牝4,56.0,吉村誠之,1:09.1,クビ,33.7,9.0,420(-2),[西] 杉山佳明,202508030908
8,4,6,スーパーマン,牡5,58.0,松若風馬,1:09.2,3/4,83.7,12.0,490(+4),[東] 岩戸孝樹,202508030908
9,2,2,レディメローラ,牝5,56.0,和田竜二,1:09.2,ハナ,87.8,14.0,420(+18),[西] 北出成人,202508030908
10,4,5,クールベイビー,牝4,56.0,荻野極,1:09.2,クビ,26.6,8.0,468(+4),[東] 矢野英一,202508030908
11,1,1,ピースフルナイト,牝5,56.0,戸崎圭太,1:09.2,ハナ,48.5,11.0,420(+6),[西] 畑端省吾,202508030908
12,7,11,ビービーエフォート,牝3,55.0,武豊,1:09.2,ハナ,10.0,5.0,402(-2),[東] 高柳瑞樹,202508030908
13,6,10,ドナウパール,牝5,56.0,団野大成,1:09.4,1.1/4,86.3,13.0,456(-14),[西] 斉藤崇史,202508030908
14,3,4,キントラダンサー,牝3,55.0,西村淳也,1:09.6,1,6.0,3.0,470(+8),[西] 長谷川浩,202508030908
1,5,5,バドリナート,牡2,56.0,坂井瑠星,1:47.1,,4.0,3.0,488(-2),[西] 松永幹夫,202508030909
2,2,2,キッコベッロ,牡2,56.0,川田将雅,1:47.2,1,1.9,1.0,494(+6),[西] 友道康夫,202508030909
3,1,1,ストームサンダー,牡2,56.0,岩田望来,1:47.4,1,31.2,6.0,456(+2),[西] 安達昭夫,202508030909
4,8,8,カレントゥルーシー,牡2,56.0,松山弘平,1:47.5,1/2,10.1,4.0,492(-2),[西] 鈴木孝志,202508030909
5,6,6,オルネーロ,牡2,56.0,ルメール,1:47.6,3/4,3.6,2.0,494(+4),[東] 宮田敬介,202508030909
6,7,7,クールデイトナ,牡2,56.0,吉村誠之,1:47.8,3/4,20.6,5.0,474(+16),[西] 宮地貴稔,202508030909
7,4,4,ディーリライズ,牡2,56.0,高杉吏麒,1:48.2,2.1/2,35.3,7.0,472(+12),[西] 緒方努,202508030909
8,3,3,セイカンサンラン,牡2,56.0,田口貫太,1:50.6,大,161.7,8.0,428(-2),[西] 大根田裕,202508030909
1,3,4,シゲルショウグン,牡5,57.5,岩田康誠,1:48.6,,7.3,4.0,520(-2),[西] 大橋勇樹,202508030910
2,4,5,ジューンアヲニヨシ,牡5,56.0,西村淳也,1:48.8,3/4,4.0,2.0,494(0),[西] 松下武士,202508030910
3,3,3,スナークラファエロ,セ4,56.0,岩田望来,1:49.1,2,9.8,5.0,480(0),[西] 野中賢二,202508030910
4,6,10,マリアナトレンチ,牡5,55.0,松若風馬,1:49.2,1/2,74.2,13.0,478(+6),[西] 東田明士,202508030910
5,5,7,レアンダー,牡4,54.0,菱田裕二,1:49.4,1,43.9,11.0,470(+8),[西] 大根田裕,202508030910
6,8,13,サーマルソアリング,牝5,53.0,北村友一,1:49.4,ハナ,22.4,9.0,502(-4),[西] 藤原英昭,202508030910
7,7,12,タイトニット,牡5,56.5,坂井瑠星,1:49.6,1,3.9,1.0,560(+6),[西] 今野貞一,202508030910
8,7,11,コトホドサヨウニ,牡4,56.0,川田将雅,1:49.6,クビ,13.2,6.0,506(+6),[西] 奥村豊,202508030910
9,5,8,エナハツホ,牝6,51.0,高倉稜,1:49.7,1/2,89.7,14.0,466(-4),[西] 吉田直弘,202508030910
10,2,2,エルゲルージ,牡6,56.0,高杉吏麒,1:49.8,3/4,28.1,10.0,518(0),[西] 石坂公一,202508030910
11,1,1,タガノエスコート,牡6,55.0,酒井学,1:49.9,1/2,64.6,12.0,506(+10),[西] 小林真也,202508030910
12,8,14,マーブルロック,牡5,56.5,武豊,1:50.7,5,19.2,7.0,520(+4),[西] 西園正都,202508030910
13,4,6,ヴァルツァーシャル,牡6,58.0,和田竜二,1:52.6,大,20.2,8.0,500(-4),[東] 高木登,202508030910
14,6,9,ルシュヴァルドール,牡4,56.0,松山弘平,2:03.9,大,5.3,3.0,532(-4),[西] 矢作芳人,202508030910
1,5,9,エネルジコ,牡3,57.0,ルメール,3:04.0,,3.8,1.0,456(-12),[東] 高柳瑞樹,202508030911
2,7,15,エリキング,牡3,57.0,川田将雅,3:04.3,2,4.3,2.0,508(-2),[西] 中内田充,202508030911
3,7,14,エキサイトバイオ,牡3,57.0,荻野極,3:04.4,3/4,82.6,13.0,480(+8),[西] 今野貞一,202508030911
4,6,12,ゲルチュタール,牡3,57.0,坂井瑠星,3:04.4,ハナ,9.2,5.0,524(+8),[西] 杉山晴紀,202508030911
5,8,18,レッドバンデ,牡3,57.0,佐々木大,3:04.5,クビ,17.4,9.0,482(-4),[東] 大竹正博,202508030911
6,3,6,ミラージュナイト,牡3,57.0,藤岡佑介,3:04.5,クビ,15.2,8.0,492(+6),[西] 辻野泰之,202508030911
7,1,1,コーチェラバレー,牡3,57.0,西村淳也,3:04.6,3/4,107.0,15.0,438(-4),[西] 安田翔伍,202508030911
8,3,5,ジョバンニ,牡3,57.0,松山弘平,3:04.7,クビ,11.9,6.0,478(+2),[西] 杉山晴紀,202508030911
9,4,8,レクスノヴァス,牡3,57.0,横山和生,3:04.8,クビ,20.4,10.0,484(-6),[西] 上村洋行,202508030911
10,7,13,アロンディ,牡3,57.0,団野大成,3:05.1,2,214.4,17.0,452(0),[西] 武英智,202508030911
11,1,2,アマキヒ,牡3,57.0,戸崎圭太,3:05.4,2,45.9,12.0,492(0),[東] 国枝栄,202508030911
12,2,3,ライトトラック,牡3,57.0,和田竜二,3:05.5,3/4,41.9,11.0,474(-4),[西] 友道康夫,202508030911
13,6,11,マイユニバース,牡3,57.0,武豊,3:05.5,クビ,9.1,4.0,464(-2),[西] 武幸四郎,202508030911
14,4,7,ショウヘイ,牡3,57.0,岩田望来,3:05.6,クビ,7.9,3.0,472(+8),[西] 友道康夫,202508030911
15,8,17,レイヤードレッド,牡3,57.0,嶋田純次,3:06.3,4,265.1,18.0,484(+8),[東] 手塚貴久,202508030911
16,2,4,ヤマニンブークリエ,牡3,57.0,横山典弘,3:06.4,1/2,14.1,7.0,516(0),[西] 松永幹夫,202508030911
17,8,16,ラーシャローム,牡3,57.0,岩田康誠,3:08.3,大,179.1,16.0,470(-8),[東] 奥村武,202508030911
18,5,10,ジーティーアダマン,牡3,57.0,北村友一,3:10.8,大,85.2,14.0,492(0),[西] 上村洋行,202508030911
1,7,13,ピエマンソン,牡3,56.0,池添謙一,1:22.8,,2.5,1.0,478(+2),[西] 平田修,202508030912
2,8,15,ウルスクローム,牡3,55.0,高杉吏麒,1:23.0,1,5.8,3.0,480(-8),[西] 大橋勇樹,202508030912
3,5,9,アレ,牡4,56.0,西村淳也,1:23.3,1.3/4,28.8,9.0,514(0),[西] 中内田充,202508030912
4,3,6,コスモストーム,牡3,56.0,秋山稔樹,1:23.3,ハナ,8.5,4.0,514(+6),[西] 北出成人,202508030912
5,6,11,テーオールビー,牝4,53.0,長岡禎仁,1:23.3,クビ,50.2,10.0,462(-6),[西] 宮徹,202508030912
6,2,3,ヤマニンバロネス,牝3,53.0,武豊,1:23.4,1/2,9.4,5.0,468(-4),[西] 千田輝彦,202508030912
7,2,4,アメリカンポリス,牡3,55.0,坂井瑠星,1:23.5,3/4,4.7,2.0,514(+2),[西] 池江泰寿,202508030912
8,1,2,バックトゥザライト,牡5,55.0,団野大成,1:23.7,1,138.4,12.0,526(+2),[西] 辻野泰之,202508030912
9,7,14,アストラカ,セ4,55.0,吉村誠之,1:23.9,1.1/4,182.3,14.0,500(+18),[西] 田中克典,202508030912
10,3,5,シンゼンイズモ,牡5,53.0,和田竜二,1:23.9,ハナ,322.3,16.0,528(+6),[西] 荒川義之,202508030912
11,4,7,アスクキングコング,セ7,53.0,戸崎圭太,1:24.0,クビ,88.1,11.0,476(0),[西] 梅田智之,202508030912
12,5,10,サンダーロード,牡3,54.0,松若風馬,1:24.0,クビ,13.9,6.0,530(-8),[西] 杉山晴紀,202508030912
13,1,1,フェリ,牝5,52.0,酒井学,1:24.4,2.1/2,144.6,13.0,480(+18),[西] 佐々木晶,202508030912
14,6,12,ジェネラーレ,牡4,55.0,岩田望来,1:24.6,1,23.8,7.0,488(-6),[西] 野中賢二,202508030912
15,4,8,クアトロジャック,牡4,55.0,北村友一,1:26.1,9,24.1,8.0,486(-8),[西] 庄野靖志,202508030912
16,8,16,ルージュイストリア,牝5,51.0,田山旺佑,1:26.4,2,276.4,15.0,462(+2),[東] 浅利英明,202508030912
1,8,12,メイショウテリオス,牡2,55.0,吉村誠之,1:11.9,,20.5,6.0,492(-6),[西] 高橋亮,202508031001
2,4,4,カッタッパ,牡2,56.0,川田将雅,1:11.9,ハナ,1.9,1.0,480(-4),[西] 森秀行,202508031001
3,7,11,ラッキーバック,牡2,56.0,Ｃ．デム,1:12.1,1.1/2,2.5,2.0,516(+4),[西] 西村真幸,202508031001
4,5,7,リアルアルバ,牡2,56.0,田口貫太,1:12.3,3/4,18.5,5.0,462(0),[西] 大橋勇樹,202508031001
5,2,2,ナムラオットー,牡2,56.0,富田暁,1:12.6,2,180.9,13.0,450(-18),[西] 荒川義之,202508031001
6,1,1,マクアケ,牡2,56.0,鮫島克駿,1:12.6,ハナ,47.7,7.0,492(0),[西] 杉山佳明,202508031001
7,3,3,セイウンダイフク,牡2,56.0,池添謙一,1:12.9,1.1/2,99.3,9.0,436(+8),[西] 宮本博,202508031001
8,8,13,モノノケ,牝2,52.0,田山旺佑,1:13.0,3/4,14.8,4.0,466(+2),[西] 宮地貴稔,202508031001
9,7,10,モンスエ,牡2,56.0,丹内祐次,1:13.1,1,10.2,3.0,512(-8),[西] 高橋一哉,202508031001
10,6,8,クリコファルコン,牡2,53.0,川端海翼,1:13.3,1.1/4,99.5,10.0,446(0),[西] 谷潔,202508031001
11,6,9,アウェイクネス,牝2,52.0,古川奈穂,1:14.1,5,72.7,8.0,442(+14),[西] 矢作芳人,202508031001
12,4,5,アダマント,牡2,56.0,小沢大仁,1:14.3,1.1/2,172.5,12.0,448(+2),[西] 高橋一哉,202508031001
13,5,6,ビップアリス,牝2,55.0,西村淳也,1:14.8,3,150.7,11.0,428(+2),[西] 松下武士,202508031001
1,7,10,トモジャプレジール,牡2,56.0,国分優作,1:09.9,,21.2,8.0,436(-4),[西] 大根田裕,202508031002
2,8,11,ムーンリットアイル,牝2,55.0,Ｃ．デム,1:10.0,1/2,3.1,1.0,442(0),[西] 武英智,202508031002
3,5,6,マティンデ,牝2,54.0,吉村誠之,1:10.0,アタマ,4.7,3.0,454(+4),[西] 清水久詞,202508031002
4,6,7,ハヤテノオジョー,牝2,55.0,鮫島克駿,1:10.2,1,7.5,4.0,402(0),[西] 杉山佳明,202508031002
5,1,1,グリッタードール,牝2,55.0,和田竜二,1:10.3,1/2,151.3,11.0,458(+2),[西] 大橋勇樹,202508031002
6,4,4,ユナダイヤ,牝2,55.0,菱田裕二,1:10.4,クビ,91.7,9.0,428(-2),[西] 岡田稲男,202508031002
7,3,3,レガリアーナ,牝2,55.0,松若風馬,1:10.4,クビ,12.6,6.0,386(+2),[西] 安達昭夫,202508031002
8,7,9,ジャスパーメルチェ,牝2,52.0,和田陽希,1:10.6,1,18.0,7.0,486(+4),[西] 森秀行,202508031002
9,6,8,チャナッカレ,牝2,52.0,田山旺佑,1:10.6,ハナ,117.5,10.0,380(0),[西] 佐々木晶,202508031002
10,2,2,ララクレアドルーン,牝2,55.0,団野大成,1:10.8,1.1/2,3.9,2.0,442(+6),[西] 坂口智康,202508031002
11,8,12,グラスゴー,牝2,55.0,高杉吏麒,1:11.0,1.1/2,8.0,5.0,440(0),[西] 浜田多実,202508031002
中,5,5,キシュウサラトイロ,牝2,55.0,田口貫太,,,173.2,12.0,426(-6),[西] 安達昭夫,202508031002
1,1,1,フォルナックス,牝2,55.0,Ｃ．デム,1:49.4,,1.9,1.0,464(-2),[西] 奥村豊,202508031003
2,5,5,パウワウビート,牡2,56.0,岩田望来,1:49.9,3.1/2,3.9,3.0,482(+4),[西] 友道康夫,202508031003
3,4,4,メイショウヒタカミ,牡2,56.0,角田大和,1:50.0,1/2,21.1,5.0,448(+2),[西] 石橋守,202508031003
4,3,3,ヴィラジョヴィス,牝2,55.0,北村友一,1:50.5,2.1/2,2.8,2.0,478(+2),[西] 小栗実,202508031003
5,6,6,メイショウソウテン,牡2,56.0,和田竜二,1:50.5,クビ,15.8,4.0,560(+2),[西] 鈴木孝志,202508031003
6,7,7,テイスティング,牡2,53.0,古川奈穂,1:51.0,3,64.5,6.0,472(-2),[西] 矢作芳人,202508031003
7,2,2,ナムラライラック,牝2,52.0,大久保友,1:51.0,クビ,235.1,8.0,404(+2),[西] 畑端省吾,202508031003
8,8,8,モチモチチャン,牝2,55.0,鮫島克駿,1:51.5,3,73.4,7.0,476(-6),[西] 西村真幸,202508031003
1,6,6,メイショウウネビ,牡6,60.0,森一馬,3:18.8,,15.8,5.0,510(+8),[西] 本田優,202508031004
2,7,9,ネイチャーシップ,牡7,60.0,大江原圭,3:19.0,1.1/2,4.4,3.0,502(-4),[東] 根本康広,202508031004
3,2,2,アナザーエース,牡5,57.0,井上敏樹,3:19.6,3.1/2,37.3,7.0,524(+8),[西] 宮徹,202508031004
4,3,3,ナムラドーギー,牡4,57.0,坂口智康,3:19.7,クビ,88.5,10.0,458(-4),[東] 石栗龍彦,202508031004
5,5,5,ビーアイオラクル,牡6,60.0,黒岩悠,3:21.7,大,52.7,9.0,504(0),[西] 牧田和弥,202508031004
6,6,7,ハイウェイスター,牝4,58.0,中村将之,3:22.1,2.1/2,23.5,6.0,498(+6),[西] 宮本博,202508031004
7,8,10,テーオーサンドニ,牡6,60.0,小野寺祐,3:24.9,大,7.1,4.0,480(+2),[西] 高柳大輔,202508031004
8,1,1,サンライズウェーヴ,牡4,60.0,難波剛健,3:25.2,2,39.6,8.0,490(-4),[西] 石坂公一,202508031004
9,7,8,ブルーセルリアン,牡3,58.0,小牧加矢,3:29.9,大,118.6,11.0,480(0),[西] 宮徹,202508031004
10,8,11,ヘヴンリーハンド,セ4,60.0,石神深一,3:30.6,4,3.3,2.0,516(0),[東] 武井亮,202508031004
中,4,4,バラジ,セ6,57.0,鷲頭虎太,,,2.5,1.0,500(-2),[西] 井上智史,202508031004
1,1,1,シャドウマスター,牡2,56.0,北村友一,2:02.3,,4.5,2.0,488(0),[西] 杉山晴紀,202508031005
2,5,5,サリエンテ,牝2,55.0,Ｃ．デム,2:02.3,ハナ,1.5,1.0,536(0),[西] 池添学,202508031005
3,8,9,スフィダンテ,牡2,56.0,酒井学,2:02.4,1/2,22.2,5.0,462(0),[西] 高橋康之,202508031005
4,3,3,ガウディ,牡2,56.0,岩田望来,2:03.0,3.1/2,5.4,3.0,454(0),[西] 上村洋行,202508031005
5,8,8,ライヴモヒート,牡2,56.0,国分優作,2:03.5,3.1/2,77.3,8.0,478(0),[西] 坂口智康,202508031005
6,6,6,セルシャーム,牡2,56.0,菱田裕二,2:04.3,5,10.8,4.0,514(0),[西] 野中賢二,202508031005
7,2,2,キービート,牡2,56.0,秋山稔樹,2:04.3,クビ,216.6,9.0,490(0),[西] 宮徹,202508031005
8,4,4,アストラリオン,牡2,56.0,高杉吏麒,2:05.0,4,23.3,6.0,512(0),[西] 寺島良,202508031005
9,7,7,ジェルソミーノ,牝2,55.0,松若風馬,2:06.4,9,64.1,7.0,482(0),[西] 牧田和弥,202508031005
1,5,10,テイエムサンレーヴ,牡2,56.0,団野大成,1:52.1,,5.2,2.0,512(0),[西] 河嶋宏樹,202508031006
2,2,3,マカロンブルー,牝2,55.0,田口貫太,1:52.6,3,8.4,3.0,460(0),[西] 佐藤悠太,202508031006
3,3,6,タイセイゼスティ,牡2,56.0,浜中俊,1:52.7,3/4,63.7,13.0,504(0),[西] 奥村豊,202508031006
4,6,12,メイショウタイザン,牡2,56.0,秋山稔樹,1:52.8,クビ,32.8,10.0,452(0),[西] 高橋義忠,202508031006
5,8,16,クレマチス,牝2,55.0,鮫島克駿,1:52.9,3/4,15.9,6.0,506(0),[西] 杉山佳明,202508031006
6,7,14,ローゾフィア,牝2,55.0,藤岡佑介,1:53.6,4,14.7,5.0,438(0),[西] 宮本博,202508031006
7,4,8,イッタレイッタレ,牡2,56.0,岩田望来,1:53.7,3/4,16.2,8.0,474(0),[西] 寺島良,202508031006
8,1,1,ドリームキャリー,牝2,52.0,田山旺佑,1:54.3,3.1/2,46.0,11.0,462(0),[西] 新谷功一,202508031006
9,8,15,ラジャブルック,牡2,56.0,Ｃ．デム,1:55.6,8,2.3,1.0,476(0),[西] 高野友和,202508031006
10,5,9,スズカローズキング,牡2,56.0,北村友一,1:55.8,1,9.6,4.0,468(0),[西] 佐々木晶,202508031006
11,4,7,ロードエルドラド,牡2,56.0,中井裕二,1:56.6,5,163.7,16.0,504(0),[西] 坂口智康,202508031006
12,1,2,ヘヴンリースカイ,牝2,55.0,木幡初也,1:56.8,1,52.4,12.0,486(0),[東] 竹内正洋,202508031006
13,2,4,セレナブリーズ,牝2,55.0,横山典弘,1:57.8,6,16.1,7.0,452(0),[西] 秋山真一,202508031006
14,6,11,ワンストローク,牝2,55.0,松若風馬,1:58.1,1.3/4,68.7,14.0,508(0),[西] 宮本博,202508031006
15,3,5,ブリオーニ,牡2,55.0,吉村誠之,1:58.4,2,80.8,15.0,514(0),[西] 牧田和弥,202508031006
16,7,13,ルヴレアール,牡2,56.0,角田大和,1:58.9,3,22.5,9.0,470(0),[西] 角田晃一,202508031006
1,7,13,ヴリトラハン,牡3,57.0,岩田望来,1:23.7,,7.2,4.0,486(+6),[西] 千田輝彦,202508031007
2,1,2,モズケイスター,牡3,57.0,高杉吏麒,1:23.9,1,2.5,1.0,472(+2),[西] 高柳大輔,202508031007
3,8,16,タイセイレグノ,牡3,57.0,国分優作,1:24.2,2,49.4,10.0,478(+8),[西] 浜田多実,202508031007
4,4,8,アメリカンランナー,牡4,58.0,斎藤新,1:24.3,クビ,40.5,9.0,490(+12),[西] 茶木太樹,202508031007
5,2,4,パヴィーア,牝3,55.0,北村友一,1:24.4,1/2,19.4,7.0,468(+8),[西] 田中克典,202508031007
6,6,12,アメリカンチーフ,牡4,58.0,団野大成,1:24.5,1/2,4.7,2.0,472(+2),[西] 東田明士,202508031007
7,4,7,タイセイディアマン,牡3,57.0,田口貫太,1:24.5,クビ,10.1,5.0,460(-4),[西] 大橋勇樹,202508031007
8,3,6,エフエイト,牡4,58.0,和田竜二,1:24.7,1,18.4,6.0,448(-4),[西] 北出成人,202508031007
9,7,14,タガノテツ,牡3,57.0,丹内祐次,1:24.8,3/4,86.4,12.0,468(+12),[西] 荒川義之,202508031007
10,5,10,エンドレスロード,牡6,55.0,田山旺佑,1:25.0,1.1/4,114.4,13.0,488(+10),[西] 高橋一哉,202508031007
11,2,3,ペイドラロワール,牡3,56.0,吉村誠之,1:25.0,アタマ,28.5,8.0,458(0),[西] 清水久詞,202508031007
12,8,15,シークザドリーム,牡3,55.0,柴田裕一,1:25.1,1/2,63.3,11.0,524(+8),[西] 中竹和也,202508031007
13,3,5,ロトエンペラー,牡3,54.0,和田陽希,1:25.4,2,146.2,14.0,516(-2),[西] 浜田多実,202508031007
14,5,9,コパノキュラソー,牡3,53.0,河原田菜,1:25.5,クビ,341.4,15.0,534(+27),[西] 宮徹,202508031007
15,1,1,ララアヴリル,セ3,57.0,Ｃ．デム,1:25.6,1/2,5.7,3.0,482(-2),[西] 斉藤崇史,202508031007
16,6,11,テーオースミス,牡5,55.0,橋木太希,1:26.0,2.1/2,560.8,16.0,478(+16),[西] 藤野健太,202508031007
1,6,10,アーロンイメル,牡4,58.0,西村淳也,1:49.1,,6.9,4.0,498(-2),[西] 高橋一哉,202508031008
2,5,9,ブレイゼスト,牡5,58.0,鮫島克駿,1:49.5,2.1/2,24.1,10.0,516(-6),[西] 安達昭夫,202508031008
3,2,2,プルナチャンドラ,牡4,58.0,酒井学,1:49.8,1.3/4,12.6,6.0,502(-4),[東] 小野次郎,202508031008
4,1,1,クリノフィガロ,牡4,58.0,岩田望来,1:49.9,1/2,6.5,3.0,498(+2),[西] 荒川義之,202508031008
5,8,15,アンバードール,牡4,58.0,川田将雅,1:50.0,1/2,4.4,2.0,512(+4),[西] 吉岡辰弥,202508031008
6,3,4,ジーニアスバローズ,牡5,58.0,高田潤,1:50.1,クビ,62.3,13.0,470(+10),[西] 辻野泰之,202508031008
7,4,7,アルベリック,牡4,56.0,柴田裕一,1:50.3,1.1/2,51.5,12.0,480(-2),[西] 中竹和也,202508031008
8,6,11,スカイドゥエラー,牡7,58.0,井上敏樹,1:50.3,ハナ,179.2,15.0,458(0),[西] 谷潔,202508031008
9,7,13,バロンドール,牡4,58.0,横山典弘,1:50.5,1,14.9,7.0,538(0),[西] 松永幹夫,202508031008
10,4,6,シンリミテス,牡6,58.0,国分優作,1:50.6,1/2,91.8,14.0,504(+4),[西] 大根田裕,202508031008
11,5,8,メイショウオオコ,牡4,58.0,団野大成,1:50.7,クビ,29.4,11.0,474(+6),[西] 荒川義之,202508031008
12,2,3,メイショウツヨキ,牡3,56.0,武豊,1:50.7,クビ,10.9,5.0,476(+6),[西] 飯田祐史,202508031008
13,7,12,メイケイロゼッタ,牡3,56.0,池添謙一,1:50.8,1/2,19.7,9.0,464(0),[西] 河嶋宏樹,202508031008
14,8,14,キングツェッペリン,牡4,58.0,松若風馬,1:51.7,5,17.8,8.0,468(+2),[西] 牧田和弥,202508031008
15,3,5,ハッピーダンチャン,牡3,55.0,西塚洸二,1:51.9,1,3.9,1.0,468(0),[西] 小椋研介,202508031008
1,7,10,エコロディノス,牡3,56.0,池添謙一,1:59.5,,2.5,1.0,486(-2),[西] 大久保龍,202508031009
2,7,9,メディテラニアン,牡3,56.0,Ｃ．デム,2:00.0,3,6.2,3.0,460(0),[西] 池江泰寿,202508031009
3,4,4,ステラクラウン,牝4,56.0,岩田望来,2:00.1,1/2,6.3,4.0,500(-2),[西] 上村洋行,202508031009
4,8,12,ダンツエスプリ,牡6,58.0,松本大輝,2:00.1,クビ,155.8,10.0,492(+4),[西] 本田優,202508031009
5,1,1,アイザックバローズ,牡5,58.0,和田竜二,2:00.3,1,124.3,9.0,484(-6),[西] 友道康夫,202508031009
6,3,3,バルティカ,牡3,56.0,北村友一,2:00.3,ハナ,9.4,5.0,456(+4),[西] 高橋亮,202508031009
7,2,2,ジェットマグナム,牡3,56.0,丹内祐次,2:00.3,ハナ,16.4,6.0,500(+6),[西] 安達昭夫,202508031009
8,5,5,ハッピーアズラリー,牝5,56.0,斎藤新,2:00.4,3/4,200.5,11.0,462(-4),[西] 安田翔伍,202508031009
9,8,11,ラレーヌデリス,牝5,56.0,亀田温心,2:00.5,クビ,55.9,8.0,476(+4),[西] 安田翔伍,202508031009
10,6,8,バガン,牡7,58.0,高杉吏麒,2:00.6,1,35.7,7.0,478(0),[西] 宮地貴稔,202508031009
11,5,6,キタサンハナビラ,牝3,54.0,団野大成,2:00.6,クビ,3.3,2.0,460(+10),[西] 斉藤崇史,202508031009
除,6,7,トッピボーン,牡3,56.0,武豊,,,---,,472(+8),[西] 笹田和秀,202508031009
1,4,5,テーオーグランビル,牡5,58.0,岩田望来,1:49.4,,5.3,4.0,504(+10),[西] 上村洋行,202508031010
2,3,3,クラウンシエンタ,牡4,58.0,丹内祐次,1:50.2,5,6.4,5.0,498(0),[東] 水野貴広,202508031010
3,8,14,オンザライン,セ7,58.0,小崎綾也,1:50.3,3/4,44.3,8.0,456(-6),[東] 大和田成,202508031010
4,7,11,マルチャレアル,牡4,58.0,Ｃ．デム,1:50.4,3/4,4.4,3.0,506(+10),[西] 斉藤崇史,202508031010
5,2,2,カネトシゴウト,牡4,58.0,高杉吏麒,1:50.4,ハナ,3.6,1.0,474(+8),[西] 大橋勇樹,202508031010
6,8,13,パカーラン,牡4,58.0,西塚洸二,1:50.5,クビ,19.7,6.0,478(+4),[西] 藤原英昭,202508031010
7,6,10,ヒロノラメール,牡4,58.0,西村淳也,1:50.7,1,3.8,2.0,492(0),[西] 宮地貴稔,202508031010
8,3,4,クレメダンジュ,牝5,56.0,酒井学,1:51.0,2,46.2,9.0,484(+2),[西] 鈴木孝志,202508031010
9,5,7,ジュタロウ,牡6,58.0,太宰啓介,1:51.2,1.1/4,40.8,7.0,486(-6),[西] 秋山真一,202508031010
10,6,9,キュールエフウジン,牡6,58.0,松若風馬,1:52.0,5,93.2,11.0,496(-6),[西] 中尾秀正,202508031010
11,1,1,サイモンブーケ,牝5,56.0,古川奈穂,1:52.2,1.1/4,196.8,12.0,516(0),[西] 梅田智之,202508031010
12,5,8,ニホンピロハーバー,牡7,58.0,菱田裕二,1:52.6,2,297.4,13.0,508(+4),[西] 安達昭夫,202508031010
13,4,6,ニューステソーロ,牝4,56.0,中井裕二,1:53.0,2.1/2,56.4,10.0,478(-2),[東] 高木登,202508031010
除,7,12,ホルトバージ,牡4,58.0,川田将雅,,,---,,472(-6),[西] 寺島良,202508031010
1,2,2,フェスティバルヒル,牝2,55.0,Ｃ．デム,1:20.9,,2.8,1.0,448(-2),[西] 四位洋文,202508031011
2,6,8,ショウナンカリス,牝2,55.0,池添謙一,1:20.9,クビ,48.0,10.0,418(+10),[東] 加藤士津,202508031011
3,6,7,メイショウハッケイ,牝2,55.0,武豊,1:20.9,ハナ,5.8,3.0,458(0),[西] 本田優,202508031011
4,5,5,ブラックチャリス,牝2,55.0,浜中俊,1:21.0,クビ,4.3,2.0,452(+16),[西] 武幸四郎,202508031011
5,5,6,ベレーバスク,牝2,55.0,丹内祐次,1:21.1,3/4,7.3,4.0,458(+8),[東] 清水英克,202508031011
6,1,1,ポペット,牝2,55.0,横山典弘,1:21.1,アタマ,7.8,5.0,418(+6),[西] 高橋康之,202508031011
7,7,9,メイプルハッピー,牝2,55.0,亀田温心,1:21.5,2.1/2,12.0,6.0,488(-10),[西] 北出成人,202508031011
8,3,3,ナオミライトニング,牝2,55.0,北村友一,1:21.5,ハナ,107.5,12.0,460(0),[西] 矢作芳人,202508031011
9,4,4,マーブルパレス,牝2,55.0,酒井学,1:21.7,1.1/4,24.8,7.0,418(0),[西] 西園正都,202508031011
10,7,10,フルールジェンヌ,牝2,55.0,田口貫太,1:21.7,クビ,24.9,8.0,460(0),[西] 鈴木孝志,202508031011
11,8,12,シラヌイ,牝2,55.0,吉村誠之,1:22.3,3.1/2,46.6,9.0,450(-2),[西] 高橋亮,202508031011
12,8,11,アンヘリータス,牝2,55.0,西村淳也,1:23.5,7,56.6,11.0,428(+10),[西] 吉村圭司,202508031011
1,8,15,オリバナム,牝3,55.0,団野大成,1:33.7,,21.0,6.0,476(-10),[西] 斉藤崇史,202508031012
2,1,1,ミッキースターダム,セ4,58.0,高杉吏麒,1:33.7,アタマ,7.4,3.0,460(+2),[西] 前川恭子,202508031012
3,7,12,ダノンブランニュー,牡3,56.0,松本大輝,1:33.8,クビ,30.7,7.0,488(-4),[西] 福永祐一,202508031012
4,8,14,サンウリエル,牡4,58.0,中井裕二,1:33.8,クビ,92.3,12.0,480(+8),[西] 宮本博,202508031012
5,6,11,シャイフ,牡3,57.0,Ｃ．デム,1:33.8,ハナ,3.3,2.0,476(0),[西] 池添学,202508031012
6,5,8,サリュエ,牡4,58.0,岩田望来,1:33.8,ハナ,13.9,5.0,498(+20),[西] 野中賢二,202508031012
7,4,6,ニシノイツキムスメ,牝3,55.0,和田竜二,1:33.9,1/2,61.1,10.0,418(0),[西] 北出成人,202508031012
8,4,7,ザラタン,牝3,55.0,鮫島克駿,1:33.9,クビ,48.7,9.0,446(0),[西] 中竹和也,202508031012
9,6,10,エーデルヴェーグ,牝3,55.0,北村友一,1:34.0,1/2,2.0,1.0,440(-2),[西] 田中克典,202508031012
10,5,9,ビップディラン,牡3,57.0,西村淳也,1:34.1,1/2,12.7,4.0,462(+8),[西] 小椋研介,202508031012
11,3,5,オーサムピクチャ,牝4,53.0,田山旺佑,1:34.3,1.1/4,392.3,14.0,436(-2),[西] 佐々木晶,202508031012
12,3,4,テイクイットオール,牡3,55.0,柴田裕一,1:34.3,クビ,152.3,13.0,458(0),[西] 中竹和也,202508031012
13,7,13,ダイシンラー,牡3,57.0,横山典弘,1:34.4,1/2,37.1,8.0,502(0),[西] 梅田智之,202508031012
14,2,2,ハレアカラフラ,牝5,56.0,池添謙一,1:34.5,クビ,66.4,11.0,478(-4),[西] 吉田直弘,202508031012
15,2,3,アトラクトラン,セ3,53.0,河原田菜,1:36.2,10,472.8,15.0,446(-6),[西] 渡辺薫彦,202508031012
1,3,4,テイエムゴッホ,牡2,56.0,和田竜二,1:53.6,,3.7,2.0,516(+4),[西] 浜田多実,202508031101
2,5,9,ロードステラート,牡2,56.0,富田暁,1:53.8,1.1/4,7.9,4.0,504(+2),[西] 武英智,202508031101
3,8,15,ロードアマルフィ,牡2,56.0,岩田望来,1:53.8,ハナ,2.9,1.0,514(+24),[西] 中村直也,202508031101
4,6,11,ポッドジーク,牡2,55.0,吉村誠之,1:54.7,5,7.6,3.0,512(-8),[西] 西園正都,202508031101
5,7,13,キングスペード,牡2,53.0,森田誠也,1:55.3,3.1/2,57.8,11.0,476(+2),[西] 武英智,202508031101
6,4,7,ナウオアネヴァー,牡2,56.0,小崎綾也,1:55.4,1/2,23.9,8.0,500(-2),[西] 寺島良,202508031101
7,7,12,コンテナヒーロー,牡2,56.0,鮫島克駿,1:55.7,1.3/4,13.1,6.0,488(+2),[西] 茶木太樹,202508031101
8,1,1,メイショウテスコ,牡2,56.0,酒井学,1:56.2,2.1/2,15.3,7.0,508(-12),[西] 秋山真一,202508031101
9,8,14,カセノコンコルド,牡2,53.0,和田陽希,1:56.2,クビ,46.1,10.0,452(0),[西] 中尾秀正,202508031101
10,4,6,スギノダイナミック,牡2,56.0,横山琉人,1:56.7,3,241.1,14.0,516(0),[西] 高橋義忠,202508031101
11,5,8,リヴァデラルナ,牡2,56.0,西村淳也,1:57.5,5,8.3,5.0,524(+8),[西] 西村真幸,202508031101
12,2,2,ユイノディスタンス,牡2,56.0,長岡禎仁,1:57.5,クビ,507.3,15.0,462(+2),[東] 深山雅史,202508031101
13,3,5,テーオーレックス,牡2,56.0,菱田裕二,1:57.8,1.3/4,45.1,9.0,462(+6),[西] 岡田稲男,202508031101
14,2,3,パークヒルシューズ,牝2,55.0,斎藤新,1:59.3,9,74.2,12.0,452(0),[西] 高橋一哉,202508031101
15,6,10,スラッシュ,牡2,56.0,田口貫太,1:59.3,ハナ,142.9,13.0,464(-6),[西] 安達昭夫,202508031101
1,3,3,ワンダフルボンド,牡2,56.0,岩田望来,2:01.9,,1.5,1.0,480(+4),[西] 友道康夫,202508031102
2,7,7,タガノアルトゥーラ,牡2,55.0,吉村誠之,2:02.1,1.1/4,15.0,4.0,484(-4),[西] 長谷川浩,202508031102
3,4,4,ロングホリデー,牡2,56.0,鮫島克駿,2:02.3,1.1/4,4.3,3.0,460(+4),[西] 茶木太樹,202508031102
4,1,1,インフィオラータ,牝2,55.0,浜中俊,2:02.4,1/2,4.1,2.0,444(-2),[西] 須貝尚介,202508031102
5,2,2,ロゼア,牝2,55.0,西村淳也,2:03.1,4,47.7,5.0,374(+6),[西] 高野友和,202508031102
6,5,5,オドワローズ,牝2,55.0,小沢大仁,2:03.5,2.1/2,84.9,6.0,444(+2),[西] 渡辺薫彦,202508031102
7,6,6,ダイシンヨーク,牝2,55.0,和田竜二,2:03.6,クビ,86.1,7.0,480(-2),[西] 吉田直弘,202508031102
1,7,14,メイショウカクウチ,牡2,56.0,菱田裕二,1:24.8,,5.3,2.0,478(0),[西] 飯田祐史,202508031103
2,1,1,エールドリー,牝2,55.0,荻野琢真,1:27.3,大,210.1,16.0,418(0),[西] 平田修,202508031103
3,1,2,アームズレジェンド,牡2,56.0,岩田望来,1:27.5,1.1/2,1.6,1.0,496(0),[西] 上村洋行,202508031103
4,8,15,ルージュシャラポワ,牝2,55.0,浜中俊,1:27.6,1/2,7.6,3.0,436(0),[西] 小林真也,202508031103
5,3,5,ショーンバローズ,牡2,56.0,田口貫太,1:27.8,1,42.2,9.0,468(0),[西] 松下武士,202508031103
6,4,7,フロムザムーン,牡2,56.0,国分恭介,1:27.8,クビ,53.1,11.0,472(0),[西] 畑端省吾,202508031103
7,5,10,ルビーブロンド,牝2,53.0,柴田裕一,1:27.8,ハナ,77.8,12.0,448(0),[西] 笹田和秀,202508031103
8,2,3,クレスコフェーヴ,牝2,55.0,中井裕二,1:27.9,クビ,183.2,14.0,406(0),[西] 羽月友彦,202508031103
9,2,4,スマートグロワール,牡2,53.0,大久保友,1:27.9,クビ,19.8,5.0,530(0),[西] 畑端省吾,202508031103
10,5,9,タイムレスラブ,牝2,55.0,藤懸貴志,1:28.0,クビ,20.3,6.0,442(0),[西] 羽月友彦,202508031103
11,3,6,メロウアンバー,牡2,55.0,吉村誠之,1:28.0,クビ,44.9,10.0,424(0),[西] 坂口智康,202508031103
12,4,8,アスタウイン,牝2,55.0,国分優作,1:28.5,2.1/2,190.9,15.0,460(0),[西] 小椋研介,202508031103
13,6,12,サーバルマインド,牡2,55.0,松本大輝,1:28.6,1/2,173.2,13.0,496(0),[西] 森田直行,202508031103
14,7,13,スーパービジー,牡2,56.0,小沢大仁,1:28.6,アタマ,35.0,8.0,464(0),[西] 庄野靖志,202508031103
15,6,11,メイケイシャイン,牡2,56.0,富田暁,1:29.2,4,33.4,7.0,470(0),[西] 武英智,202508031103
16,8,16,イーグルチョイス,牡2,56.0,荻野極,1:32.3,大,19.5,4.0,516(0),[西] 千田輝彦,202508031103
1,8,9,ゲインサポート,セ4,60.0,森一馬,3:23.2,,2.7,1.0,456(-2),[西] 斉藤崇史,202508031104
2,1,1,オステリア,牡6,60.0,高田潤,3:23.5,2,3.7,2.0,524(+2),[西] 宮本博,202508031104
3,7,8,ボエーム,牡4,57.0,坂口智康,3:23.6,3/4,109.7,10.0,448(-2),[東] 石栗龍彦,202508031104
4,5,5,リードアクトレス,牝4,58.0,小野寺祐,3:24.0,2.1/2,29.1,8.0,494(+2),[西] 安達昭夫,202508031104
5,4,4,ウェイトゥザドーン,セ4,60.0,草野太郎,3:24.2,1.1/4,5.7,3.0,462(+2),[東] 戸田博文,202508031104
6,2,2,シーク,セ3,58.0,小牧加矢,3:24.2,アタマ,23.6,7.0,524(-4),[西] 角田晃一,202508031104
7,3,3,アナゴサン,牡7,60.0,黒岩悠,3:27.0,大,8.3,5.0,472(0),[西] 牧田和弥,202508031104
8,8,10,クリアクォーツ,牡3,58.0,大江原圭,3:27.6,3.1/2,102.5,9.0,468(0),[東] 的場均,202508031104
9,7,7,フォワードアゲン,セ8,60.0,上野翔,3:27.9,1.1/2,17.7,6.0,438(+4),[東] 加藤和宏,202508031104
10,6,6,ウインシュクラン,セ7,60.0,石神深一,3:33.9,大,6.0,4.0,462(-6),[東] 和田正一,202508031104
1,7,12,ヒシアイラ,牡2,56.0,荻野極,1:35.9,,2.0,1.0,454(0),[西] 池江泰寿,202508031105
2,4,6,ジューンアゲイン,牡2,56.0,富田暁,1:36.2,2,12.4,4.0,440(0),[西] 長谷川浩,202508031105
3,5,8,アクアアイ,牝2,55.0,岩田望来,1:36.3,1/2,4.2,2.0,454(0),[西] 四位洋文,202508031105
4,4,7,ヤマニンフェイエル,牡2,56.0,菱田裕二,1:36.4,1,20.9,7.0,460(0),[西] 中村直也,202508031105
5,8,15,ダンツアラーム,牝2,55.0,和田竜二,1:36.6,1.1/4,17.0,6.0,440(0),[西] 本田優,202508031105
6,2,2,メイショウショカツ,牡2,56.0,小沢大仁,1:36.7,1,43.8,11.0,444(0),[西] 石橋守,202508031105
7,2,3,アジーザム,牝2,55.0,高杉吏麒,1:36.8,1/2,30.0,9.0,392(0),[西] 吉村圭司,202508031105
8,6,10,ジーティーウタマロ,牡2,56.0,田口貫太,1:37.0,1.1/4,36.3,10.0,462(0),[西] 鈴木孝志,202508031105
9,3,4,メリオルヴィア,牝2,54.0,吉村誠之,1:37.1,1,14.3,5.0,450(0),[西] 辻野泰之,202508031105
10,8,14,タガノエルー,牡2,56.0,古川吉洋,1:37.3,1,74.5,13.0,458(0),[西] 宮徹,202508031105
11,1,1,エレーデサンライズ,牝2,55.0,藤懸貴志,1:37.3,クビ,8.0,3.0,450(0),[西] 平田修,202508031105
12,6,11,エロイーズ,牝2,54.0,西塚洸二,1:37.4,1/2,73.9,12.0,444(0),[西] 吉田直弘,202508031105
13,3,5,カモンレイル,牡2,56.0,鮫島克駿,1:37.9,2.1/2,26.8,8.0,446(0),[西] 中竹和也,202508031105
14,5,9,ダブルインカム,牝2,55.0,秋山稔樹,1:37.9,クビ,166.4,14.0,448(0),[西] 高橋義忠,202508031105
15,7,13,ヨドノクラウン,牡2,56.0,高倉稜,1:38.4,3,278.7,15.0,450(0),[西] 渡辺薫彦,202508031105
1,5,8,ゴールドダイアー,牡3,56.0,和田竜二,1:51.9,,3.0,1.0,490(+2),[西] 平田修,202508031106
2,5,9,ドゥラエテルノ,牡3,56.0,浜中俊,1:52.0,1/2,10.5,5.0,468(0),[西] 武幸四郎,202508031106
3,3,5,タケルハーロック,牡3,56.0,鮫島克駿,1:52.5,3,3.6,2.0,494(-2),[西] 高柳大輔,202508031106
4,7,12,エンマ,牡3,56.0,高倉稜,1:52.6,クビ,35.0,8.0,470(+8),[西] 武英智,202508031106
5,6,10,ソルナシエンテ,牡3,56.0,高杉吏麒,1:52.8,1.1/2,6.8,4.0,508(-2),[西] 藤岡健一,202508031106
6,6,11,ヤングアメリカンズ,牡3,56.0,城戸義政,1:53.1,1.1/2,163.9,12.0,500(+6),[西] 奥村豊,202508031106
7,8,15,サトノクローザー,牡3,56.0,岩田望来,1:53.2,1/2,5.8,3.0,536(+14),[西] 友道康夫,202508031106
8,7,13,テーオーシュタイン,牡3,56.0,松若風馬,1:53.3,1,38.6,9.0,468(+4),[西] 梅田智之,202508031106
9,8,14,サルタール,セ3,56.0,小崎綾也,1:54.9,10,14.2,6.0,520(+2),[西] 小崎憲,202508031106
10,4,6,バルミラクル,牡3,56.0,鮫島良太,1:55.1,1.1/2,53.1,10.0,450(+6),[西] 河嶋宏樹,202508031106
11,4,7,オレノアイバ,牡5,56.0,永島まな,1:55.2,クビ,216.9,13.0,480(+8),[西] 高橋康之,202508031106
12,1,1,シドニーホバート,牡3,55.0,吉村誠之,1:55.2,アタマ,15.2,7.0,524(+4),[西] 杉山佳明,202508031106
13,2,3,ブロードグリン,牝4,56.0,西村淳也,1:56.5,8,144.4,11.0,446(-8),[西] 中村直也,202508031106
14,2,2,ピスタ,牡3,55.0,西塚洸二,1:56.7,1,256.6,14.0,536(-2),[西] 藤原英昭,202508031106
取,3,4,メイショウハリソン,牡3,56.0,小沢大仁,,,---,,計不,[西] 石橋守,202508031106
1,2,4,スカイサーベイ,牡4,58.0,北村友一,2:13.3,,10.5,6.0,482(+2),[西] 池添学,202508031107
2,1,1,エリカアンディーヴ,牝3,54.0,田口貫太,2:13.4,1,13.2,7.0,492(+4),[西] 吉岡辰弥,202508031107
3,7,13,パフュームセント,牝4,55.0,吉村誠之,2:13.5,クビ,4.5,2.0,454(+8),[西] 斉藤崇史,202508031107
4,8,16,リガーレ,牡3,56.0,高杉吏麒,2:13.5,クビ,5.5,3.0,522(+6),[西] 池江泰寿,202508031107
5,6,11,アットアブラスト,セ5,57.0,西塚洸二,2:13.6,クビ,61.6,11.0,458(-2),[西] 小椋研介,202508031107
6,4,8,オメガナビゲーター,セ4,58.0,鮫島克駿,2:13.6,1/2,15.0,8.0,496(+12),[西] 安田翔伍,202508031107
7,8,15,ニホンピロゴルディ,牡4,58.0,国分優作,2:13.7,1/2,171.6,12.0,468(+8),[西] 安達昭夫,202508031107
8,5,10,テレプシコーラ,牝3,54.0,西村淳也,2:13.8,クビ,9.3,5.0,414(+10),[西] 坂口智康,202508031107
9,3,5,アンビアンス,牝3,54.0,酒井学,2:13.8,クビ,16.9,9.0,456(+2),[西] 清水久詞,202508031107
10,4,7,セイキュート,牝3,54.0,岩田望来,2:13.9,アタマ,6.1,4.0,476(+4),[西] 四位洋文,202508031107
11,6,12,コスモアミマネラ,牡4,58.0,杉原誠人,2:14.2,1.3/4,194.3,14.0,492(+2),[東] 柄崎将寿,202508031107
12,1,2,レーヌマロン,牝3,54.0,長岡禎仁,2:14.5,2,40.5,10.0,450(0),[西] 小栗実,202508031107
13,5,9,サンライズバブル,牡3,56.0,菱田裕二,2:14.6,3/4,4.4,1.0,518(+6),[西] 新谷功一,202508031107
14,7,14,ピエナオルフェ,牡4,58.0,城戸義政,2:14.9,2,435.5,16.0,460(+8),[西] 荒川義之,202508031107
15,2,3,バルデラマ,牡3,56.0,浜中俊,2:15.0,3/4,182.6,13.0,462(-2),[西] 辻野泰之,202508031107
16,3,6,アスクアットバット,セ3,52.0,河原田菜,2:15.9,5,320.2,15.0,484(+4),[西] 藤原英昭,202508031107
1,3,6,ゲッティヴィラ,牡3,56.0,吉村誠之,1:11.2,,5.1,3.0,452(+8),[西] 小栗実,202508031108
2,1,2,ズバットマサムネ,セ4,58.0,荻野琢真,1:11.5,1.3/4,67.9,9.0,492(-2),[西] 杉山佳明,202508031108
3,6,11,エンプレスペイ,牝5,56.0,国分優作,1:11.5,クビ,308.9,15.0,470(+2),[西] 小栗実,202508031108
3,7,14,アスタールフナ,牝3,53.0,柴田裕一,1:11.5,同着,2.4,1.0,450(-2),[西] 中竹和也,202508031108
5,2,4,パールフロント,牝3,55.0,川又賢治,1:12.0,3,15.3,6.0,534(-6),[西] 寺島良,202508031108
6,7,13,ニホンピロトッティ,牝4,56.0,菱田裕二,1:12.0,クビ,10.8,4.0,416(+10),[西] 緒方努,202508031108
7,4,7,グラスブランシュ,牝4,56.0,小沢大仁,1:12.2,1.1/4,70.5,10.0,460(-8),[東] 松山将樹,202508031108
8,1,1,クリノオリーブ,牝4,54.0,永島まな,1:12.3,クビ,27.2,7.0,470(+2),[西] 谷潔,202508031108
9,3,5,ユウトザレン,牡3,57.0,岩田望来,1:12.3,アタマ,3.6,2.0,486(-6),[西] 千田輝彦,202508031108
10,8,16,ストリンジェンド,牡5,58.0,亀田温心,1:12.6,1.3/4,50.5,8.0,480(-2),[西] 加藤公太,202508031108
11,6,12,オースミメッシーナ,牝6,56.0,松若風馬,1:12.6,クビ,150.3,12.0,466(-4),[西] 宮本博,202508031108
12,2,3,ロードトレゾール,牡4,58.0,和田竜二,1:12.7,1/2,152.4,13.0,538(-2),[西] 清水久詞,202508031108
13,5,10,シンエン,牡6,58.0,田口貫太,1:13.0,1.1/2,175.3,14.0,504(+6),[西] 松下武士,202508031108
14,4,8,タミゼ,牝4,53.0,和田陽希,1:13.3,2,105.1,11.0,472(-16),[西] 平田修,202508031108
15,8,15,セントールビースト,牡3,54.0,田山旺佑,1:14.3,6,11.0,5.0,430(-6),[西] 羽月友彦,202508031108
除,5,9,クーデール,牝3,53.0,鷲頭虎太,,,---,,452(+20),[西] 坂口智康,202508031108
1,5,10,パイロマンサー,牡2,56.0,岩田望来,1:51.6,,3.0,1.0,512(+8),[西] 吉村圭司,202508031109
2,5,9,ワンダーディーン,牡2,56.0,鮫島克駿,1:51.7,1/2,4.2,3.0,446(-4),[西] 高柳大輔,202508031109
3,2,4,ボクマダネムイヨ,牡2,56.0,西村淳也,1:51.7,アタマ,3.2,2.0,490(+2),[西] 東田明士,202508031109
4,3,5,タガノアバンドーネ,牡2,56.0,吉村誠之,1:51.7,ハナ,35.0,8.0,480(+6),[西] 角田晃一,202508031109
5,2,3,カムアップローゼス,牡2,56.0,和田竜二,1:52.1,2.1/2,23.3,6.0,476(0),[西] 浜田多実,202508031109
6,1,2,マーゴットサンズ,牝2,55.0,荻野極,1:52.2,1/2,18.0,5.0,466(+6),[東] 伊坂重信,202508031109
7,7,14,チャーリー,牡2,56.0,北村友一,1:52.2,クビ,37.4,10.0,514(+8),[東] 国枝栄,202508031109
8,1,1,チャチャコマニ,牝2,55.0,亀田温心,1:52.6,2.1/2,78.9,12.0,498(-2),[西] 佐藤悠太,202508031109
9,8,15,サンダーヴィント,牡2,56.0,浜中俊,1:53.5,5,36.6,9.0,448(-2),[東] 高木登,202508031109
10,6,11,ダンツシタン,牡2,56.0,太宰啓介,1:53.8,2,148.4,14.0,532(+16),[西] 本田優,202508031109
11,6,12,リヒトミューレ,牡2,56.0,小沢大仁,1:53.8,アタマ,151.8,15.0,500(+4),[西] 中村直也,202508031109
12,7,13,セイントエルモズ,牡2,56.0,横山琉人,1:53.9,3/4,85.9,13.0,540(-6),[東] 小島茂之,202508031109
13,3,6,ノースミソロジー,牡2,56.0,菱田裕二,1:54.6,4,30.9,7.0,470(-2),[西] 岡田稲男,202508031109
14,8,16,シュガービスケッツ,牝2,55.0,松若風馬,1:55.0,2.1/2,10.9,4.0,438(+6),[西] 東田明士,202508031109
15,4,7,シュテフィ,牝2,55.0,田口貫太,1:55.2,1.1/2,38.4,11.0,446(-4),[西] 牧田和弥,202508031109
16,4,8,リピース,牝2,55.0,国分恭介,1:55.9,4,214.0,16.0,418(-4),[西] 前川恭子,202508031109
1,2,2,ヴォランテ,牡5,57.0,吉村誠之,3:03.8,,9.4,6.0,454(-8),[西] 羽月友彦,202508031110
2,8,13,アクアヴァーナル,牝4,54.0,北村友一,3:03.8,ハナ,4.4,1.0,470(+10),[西] 四位洋文,202508031110
3,1,1,ギャンブルルーム,牡4,55.0,和田竜二,3:04.1,1.3/4,8.7,5.0,502(+12),[西] 大久保龍,202508031110
4,4,5,アスターブジエ,牡5,56.0,古川吉洋,3:04.3,1.1/2,12.3,7.0,474(-2),[西] 中竹和也,202508031110
5,3,3,タイセイフェリーク,牝5,54.0,松若風馬,3:04.5,1,5.3,3.0,428(+2),[西] 田中克典,202508031110
6,5,6,ロードプレジール,牡7,55.0,高杉吏麒,3:04.7,1.1/4,16.6,8.0,506(-4),[西] 佐藤悠太,202508031110
7,7,11,フェミナフォルテ,牝5,52.0,横山琉人,3:04.9,1,20.1,9.0,428(-4),[東] 小島茂之,202508031110
8,6,8,イケイケドンドン,牡5,55.0,杉原誠人,3:05.2,1.3/4,73.9,11.0,472(+2),[東] 松山将樹,202508031110
9,4,4,ロードオールライト,牡4,55.0,岩田望来,3:05.5,2,4.9,2.0,514(-12),[西] 中内田充,202508031110
10,7,10,ウインエアフォルク,牡8,54.0,野中悠太,3:05.6,1/2,41.5,10.0,476(-8),[東] 根本康広,202508031110
11,6,9,フルール,牝5,55.0,荻野極,3:05.8,1.1/4,6.0,4.0,492(-4),[東] 上原佑紀,202508031110
12,8,12,アルマーザアミール,牡4,51.0,亀田温心,3:07.2,8,87.8,12.0,502(0),[西] 斉藤崇史,202508031110
13,5,7,アーマルコライト,牡4,53.0,小沢大仁,3:07.3,1,114.9,13.0,528(+10),[西] 寺島良,202508031110
1,6,10,エアファンディタ,セ8,56.0,亀田温心,1:32.5,,26.2,10.0,452(+6),[西] 池添学,202508031111
2,4,6,ブエナオンダ,牡4,56.0,浜中俊,1:32.5,ハナ,5.1,2.0,454(-2),[西] 須貝尚介,202508031111
3,3,5,ニホンピロキーフ,牡5,56.0,田口貫太,1:32.6,1/2,6.2,3.0,482(+6),[西] 大橋勇樹,202508031111
4,1,1,シングザットソング,牝5,55.0,斎藤新,1:32.7,3/4,18.6,9.0,448(+2),[西] 高野友和,202508031111
5,5,9,タガノエルピーダ,牝4,54.0,北村友一,1:32.7,ハナ,5.1,1.0,480(-2),[西] 斉藤崇史,202508031111
6,7,12,メイショウシンタケ,牡7,55.0,高杉吏麒,1:32.8,1/2,48.6,12.0,488(+6),[西] 千田輝彦,202508031111
7,2,2,ダイシンヤマト,牡5,56.0,和田竜二,1:32.8,クビ,7.6,5.0,502(-4),[東] 戸田博文,202508031111
8,8,15,セオ,牡5,57.0,岩田望来,1:32.8,クビ,6.4,4.0,486(-8),[西] 上村洋行,202508031111
9,4,7,ラインベック,セ8,56.0,杉原誠人,1:32.9,1/2,31.0,11.0,498(-4),[西] 友道康夫,202508031111
10,6,11,ムーンプローブ,牝5,50.0,横山琉人,1:33.1,1,122.8,15.0,486(-10),[西] 宮地貴稔,202508031111
11,8,14,ダンツエラン,牝3,53.0,太宰啓介,1:33.2,1/2,16.4,8.0,490(-2),[西] 本田優,202508031111
12,7,13,ペイシャフラワー,牝5,50.0,永島まな,1:33.2,クビ,78.3,14.0,480(+4),[西] 高橋康之,202508031111
13,3,4,バルサムノート,牡5,56.0,小沢大仁,1:33.4,1,63.4,13.0,520(+4),[西] 高野友和,202508031111
14,5,8,ラケマーダ,牡5,56.0,藤岡佑介,1:33.5,1/2,14.9,7.0,512(+2),[西] 千田輝彦,202508031111
15,2,3,シンフォーエバー,牡3,56.0,松若風馬,1:34.2,4,9.4,6.0,506(+4),[西] 森秀行,202508031111
1,7,10,ハワイアンタイム,セ5,58.0,太宰啓介,1:21.4,,27.8,10.0,502(+14),[西] 昆貢,202508031112
2,4,4,ロンドボス,牝3,54.0,西塚洸二,1:21.5,クビ,4.3,2.0,452(-8),[西] 藤原英昭,202508031112
3,5,6,メイショウカイト,牝7,56.0,小沢大仁,1:21.5,ハナ,14.9,8.0,472(-6),[西] 荒川義之,202508031112
4,7,9,カンシン,牡3,57.0,北村友一,1:21.5,アタマ,5.7,3.0,468(+6),[西] 西園翔太,202508031112
5,5,5,モズアンタレス,牝5,56.0,和田竜二,1:21.7,1,51.3,11.0,506(+6),[西] 飯田祐史,202508031112
6,6,7,ホウオウサンデー,牡7,58.0,鮫島克駿,1:21.8,1/2,7.9,5.0,466(+2),[西] 井上智史,202508031112
7,8,11,リチャードバローズ,牡4,58.0,岩田望来,1:21.8,クビ,4.3,1.0,504(-4),[西] 上村洋行,202508031112
8,8,12,リアライズ,牡5,58.0,角田大和,1:21.9,1,10.8,6.0,502(-4),[西] 石橋守,202508031112
9,3,3,マテンロウブラボー,牡4,57.0,吉村誠之,1:21.9,アタマ,7.2,4.0,502(-4),[西] 野中賢二,202508031112
10,2,2,カリーシ,牝4,56.0,高杉吏麒,1:22.1,1,18.7,9.0,448(0),[東] 武井亮,202508031112
11,6,8,ネーブルオレンジ,牝3,52.0,森田誠也,1:23.1,6,12.4,7.0,470(-2),[西] 杉山佳明,202508031112
12,1,1,コールミーメイビー,牝4,56.0,井上敏樹,1:23.4,1.3/4,332.8,12.0,450(+10),[西] 小崎憲,202508031112
1,7,10,ショコラプリン,牝2,55.0,坂井瑠星,1:53.3,,2.3,1.0,506(+2),[西] 四位洋文,202508040101
2,5,5,ジーティービキニ,牝2,55.0,北村友一,1:54.0,4,7.2,4.0,496(0),[西] 松下武士,202508040101
3,8,11,スマイルガーデン,牝2,55.0,Ｃ．デム,1:55.0,6,5.5,2.0,472(-2),[西] 西村真幸,202508040101
4,3,3,ドリームキャリー,牝2,54.0,吉村誠之,1:55.2,3/4,19.7,7.0,462(0),[西] 新谷功一,202508040101
5,2,2,コズミックフレア,牝2,55.0,松山弘平,1:55.2,ハナ,8.4,6.0,468(+4),[西] 吉田直弘,202508040101
6,4,4,リーチグローリー,牝2,55.0,和田竜二,1:55.2,1/2,7.3,5.0,496(0),[西] 浜田多実,202508040101
7,1,1,ビアリッツ,牝2,55.0,幸英明,1:56.2,6,34.9,8.0,432(+8),[西] 北出成人,202508040101
8,5,6,ディヴァインボンド,牝2,55.0,西村淳也,1:56.9,4,6.8,3.0,464(+6),[西] 中内田充,202508040101
9,6,8,オッハッピー,牝2,52.0,田山旺佑,1:57.5,3.1/2,359.6,11.0,420(+4),[西] 西村真幸,202508040101
10,6,7,シュネードリーム,牝2,55.0,高杉吏麒,1:57.5,クビ,107.3,9.0,448(+2),[西] 緒方努,202508040101
11,8,12,ラブペイトー,牝2,55.0,城戸義政,1:59.0,9,523.2,12.0,448(0),[西] 羽月友彦,202508040101
12,7,9,ジャズホリック,牝2,55.0,田口貫太,1:59.4,2,194.1,10.0,466(0),[西] 梅田智之,202508040101
1,2,2,ナムラコスモス,牝2,55.0,田口貫太,1:20.9,,9.9,6.0,492(+2),[西] 大橋勇樹,202508040102
2,8,14,ジャスパールビー,牝2,52.0,田山旺佑,1:21.2,1.1/2,296.3,14.0,438(0),[西] 森秀行,202508040102
3,6,10,トミーバローズ,牡2,55.0,吉村誠之,1:21.2,クビ,5.0,3.0,470(-4),[西] 清水久詞,202508040102
4,4,6,パトローナス,牡2,56.0,Ｃ．デム,1:21.3,1/2,3.8,1.0,492(+6),[西] 高橋亮,202508040102
5,3,5,トライアンフパス,牝2,55.0,和田竜二,1:21.3,クビ,5.1,4.0,478(+6),[西] 宮徹,202508040102
6,1,1,メイショウトウコウ,牡2,56.0,武豊,1:21.4,クビ,21.3,8.0,462(-2),[西] 石橋守,202508040102
7,6,11,アパレイユ,牝2,55.0,松山弘平,1:21.8,2.1/2,4.2,2.0,468(+8),[西] 西園翔太,202508040102
8,4,7,ラッキーヴォーグ,牡2,56.0,松若風馬,1:21.9,3/4,235.2,13.0,486(0),[西] 牧田和弥,202508040102
9,5,9,イズントイット,牝2,55.0,幸英明,1:22.0,1/2,71.9,9.0,500(-10),[西] 岡田稲男,202508040102
10,7,13,アイルトン,牡2,56.0,団野大成,1:22.1,クビ,8.5,5.0,506(+4),[西] 佐々木晶,202508040102
11,3,4,トレッチェ,牝2,55.0,北村友一,1:22.3,1.1/4,80.6,10.0,448(+22),[西] 渡辺薫彦,202508040102
12,2,3,セイントホース,牡2,56.0,菱田裕二,1:22.7,2.1/2,136.6,11.0,490(-10),[西] 谷潔,202508040102
13,8,15,ベベペッパー,牝2,55.0,国分優作,1:22.9,1,19.9,7.0,432(+6),[西] 東田明士,202508040102
14,7,12,アスクウルトラモア,牡2,53.0,古川奈穂,1:23.6,4,191.1,12.0,406(-2),[西] 矢作芳人,202508040102
15,5,8,ウエスタンオレンジ,牝2,55.0,高倉稜,1:23.9,2,679.5,15.0,444(+4),[西] 前川恭子,202508040102
1,8,10,ネッタイヤライ,牡2,56.0,松山弘平,1:47.2,,3.5,2.0,448(+14),[西] 矢作芳人,202508040103
2,7,8,マテンロウオリジン,牡2,56.0,横山典弘,1:47.3,3/4,2.6,1.0,492(+2),[西] 坂口智康,202508040103
3,1,1,ティタノマキア,牝2,55.0,Ｃ．デム,1:47.7,2.1/2,3.9,3.0,458(0),[西] 池添学,202508040103
4,8,9,レザベーション,牡2,56.0,田口貫太,1:47.7,クビ,55.7,7.0,458(-2),[西] 松下武士,202508040103
5,6,6,コスモクラシック,牡2,56.0,和田竜二,1:48.1,2.1/2,10.7,5.0,476(-8),[東] 嘉藤貴行,202508040103
6,5,5,シートゥサミット,牡2,56.0,坂井瑠星,1:48.2,1/2,5.8,4.0,518(0),[西] 吉岡辰弥,202508040103
7,3,3,シャリキモン,牡2,56.0,松若風馬,1:48.6,2.1/2,20.4,6.0,438(+6),[西] 吉田直弘,202508040103
8,2,2,シティプロスパー,牝2,55.0,高杉吏麒,1:48.6,アタマ,181.8,8.0,442(-2),[西] 小栗実,202508040103
9,7,7,リアルナイスガール,牝2,55.0,鮫島良太,1:49.2,3.1/2,348.9,9.0,426(-6),[西] 畑端省吾,202508040103
取,4,4,キミガスキダ,牝2,55.0,菱田裕二,,,---,,計不,[西] 牧田和弥,202508040103
1,8,11,ジャスティンルマン,牡2,56.0,Ｃ．デム,1:53.7,,1.8,1.0,530(+2),[西] 杉山晴紀,202508040104
2,1,1,ファイアスピリット,牡2,56.0,松若風馬,1:53.7,クビ,3.6,2.0,536(+8),[西] 東田明士,202508040104
3,8,12,ウルトラハート,牡2,56.0,幸英明,1:53.8,クビ,3.8,3.0,482(+6),[西] 中尾秀正,202508040104
4,5,5,エクストラプッシュ,牡2,56.0,鮫島克駿,1:55.0,7,30.4,5.0,530(+6),[西] 奥村豊,202508040104
5,6,8,マーゴットデイズ,牡2,56.0,団野大成,1:55.3,1.1/2,25.3,4.0,494(+10),[西] 中村直也,202508040104
6,5,6,テイエムパイロダン,牡2,56.0,酒井学,1:55.5,1.1/2,45.1,7.0,450(0),[西] 宮地貴稔,202508040104
7,4,4,サラサダンディー,牡2,56.0,菱田裕二,1:55.5,アタマ,110.4,9.0,508(+2),[西] 岡田稲男,202508040104
8,7,10,クボウサマ,セ2,53.0,田山旺佑,1:56.1,3.1/2,177.3,11.0,476(-4),[西] 庄野靖志,202508040104
9,2,2,スギノダイナミック,牡2,56.0,秋山稔樹,1:57.0,5,181.5,12.0,516(0),[西] 高橋義忠,202508040104
10,3,3,トシッキーセカンド,牡2,55.0,吉村誠之,1:58.2,7,38.0,6.0,498(-2),[西] 清水久詞,202508040104
11,6,7,テイスティング,牡2,53.0,古川奈穂,1:58.4,1.1/4,138.0,10.0,470(-2),[西] 矢作芳人,202508040104
12,7,9,アポロンテソーロ,牡2,56.0,高杉吏麒,2:03.1,大,90.3,8.0,478(0),[東] 嘉藤貴行,202508040104
1,3,3,アドマイヤシュラ,牝2,55.0,Ｃ．デム,1:47.2,,2.4,1.0,432(0),[西] 友道康夫,202508040105
2,1,1,ホウオウモチーヴ,牡2,56.0,坂井瑠星,1:47.3,1/2,4.7,3.0,490(0),[西] 矢作芳人,202508040105
3,5,5,フレッチャアズーラ,牝2,55.0,岩田望来,1:47.5,1,6.0,4.0,470(0),[西] 四位洋文,202508040105
4,4,4,サウンドムーブ,牡2,56.0,団野大成,1:47.8,1.3/4,3.2,2.0,458(0),[西] 斉藤崇史,202508040105
5,8,9,アメジストロード,牡2,53.0,田山旺佑,1:48.3,3,165.9,9.0,508(0),[西] 新谷功一,202508040105
6,7,7,ビップヴォルフ,牡2,56.0,西村淳也,1:48.4,クビ,58.1,7.0,436(0),[西] 小椋研介,202508040105
7,6,6,シェーネエルデ,牝2,55.0,武豊,1:48.6,1.1/2,10.6,5.0,456(0),[西] 安田翔伍,202508040105
8,2,2,クレバーキュート,牡2,56.0,池添謙一,1:49.7,7,76.2,8.0,470(0),[西] 秋山真一,202508040105
9,8,8,ユーキャンフライ,牝2,55.0,川又賢治,1:50.4,4,32.7,6.0,454(0),[西] 吉村圭司,202508040105
1,7,9,コスモレッド,牝2,55.0,高杉吏麒,1:22.7,,7.9,5.0,452(0),[西] 北出成人,202508040106
2,4,4,ゴッドレイ,牝2,55.0,松若風馬,1:22.8,3/4,7.2,4.0,404(0),[西] 杉山晴紀,202508040106
3,8,11,ハピネスサンライズ,牝2,55.0,鮫島克駿,1:23.0,1.1/4,19.7,6.0,460(0),[西] 東田明士,202508040106
4,6,7,ワンダーエイド,牡2,56.0,川又賢治,1:23.6,3.1/2,53.7,9.0,436(0),[西] 吉村圭司,202508040106
5,7,8,ビーチェマーレ,牡2,56.0,武豊,1:23.8,1.1/4,2.1,1.0,502(0),[西] 友道康夫,202508040106
6,8,10,ゲレイロ,牡2,56.0,松山弘平,1:23.9,クビ,4.0,2.0,472(0),[西] 今野貞一,202508040106
7,5,5,フェンネル,牝2,55.0,国分優作,1:24.1,1,268.6,11.0,406(0),[西] 大根田裕,202508040106
8,3,3,ジュウハチキン,牡2,56.0,古川吉洋,1:24.5,2.1/2,53.2,8.0,468(0),[西] 大根田裕,202508040106
9,1,1,カネトシフレイア,牝2,55.0,田口貫太,1:24.7,1,41.9,7.0,444(0),[西] 大橋勇樹,202508040106
10,2,2,ノクスカンパーナ,牝2,55.0,坂井瑠星,1:24.7,ハナ,6.5,3.0,474(0),[西] 吉岡辰弥,202508040106
11,6,6,メイショウゴッホ,牡2,56.0,団野大成,1:24.9,1.1/4,94.4,10.0,476(0),[西] 飯田祐史,202508040106
1,6,12,ランスオブセヘル,牝4,56.0,団野大成,1:23.9,,5.2,3.0,492(+10),[西] 奥村豊,202508040107
2,1,1,ルクスデイジー,牝3,55.0,川田将雅,1:23.9,アタマ,2.1,1.0,480(0),[西] 高橋亮,202508040107
3,1,2,アンリーベイビー,牝4,56.0,田口貫太,1:24.2,2,135.7,12.0,436(0),[西] 茶木太樹,202508040107
4,5,9,モンテディアーナ,牝3,55.0,Ｃ．デム,1:24.3,1/2,3.0,2.0,470(-4),[西] 四位洋文,202508040107
5,7,13,オリージネアリア,牝3,55.0,鮫島克駿,1:24.4,1/2,22.5,5.0,444(+18),[西] 吉村圭司,202508040107
6,4,7,ベレニーチェ,牝4,53.0,古川奈穂,1:24.5,クビ,56.5,9.0,460(-4),[西] 武英智,202508040107
7,8,16,レイム,牝4,56.0,秋山稔樹,1:24.6,1,178.4,13.0,452(-2),[西] 高橋康之,202508040107
8,3,5,カンカール,牝4,56.0,古川吉洋,1:25.0,2.1/2,490.3,16.0,464(-6),[西] 藤野健太,202508040107
9,7,14,クインズセレネ,牝4,56.0,岩田望来,1:25.1,クビ,13.6,4.0,494(+26),[西] 野中賢二,202508040107
10,2,4,メイショウバスク,牝3,55.0,加藤祥太,1:25.2,1/2,300.0,15.0,486(+18),[西] 梅田智之,202508040107
11,6,11,ゴーオンパーパス,牝3,52.0,田山旺佑,1:25.4,1.1/4,37.6,7.0,444(0),[西] 長谷川浩,202508040107
12,5,10,キープライジング,牝4,56.0,井上敏樹,1:25.4,クビ,85.6,10.0,468(+6),[西] 吉田直弘,202508040107
13,4,8,ジョセフィーナ,牝4,56.0,松若風馬,1:26.0,3.1/2,99.0,11.0,406(+8),[西] 今野貞一,202508040107
14,8,15,リトルスカーレット,牝3,55.0,幸英明,1:26.3,2,29.1,6.0,486(+10),[西] 小林真也,202508040107
15,2,3,ミトノキャット,牝3,54.0,吉村誠之,1:26.5,1,197.2,14.0,450(-4),[西] 前川恭子,202508040107
16,3,6,コーリンラズベリー,牝5,56.0,松山弘平,1:27.3,5,41.1,8.0,518(0),[西] 茶木太樹,202508040107
1,3,3,ローディアマント,セ5,60.0,伴啓太,3:37.3,,17.8,6.0,484(0),[東] 尾関知人,202508040108
2,8,9,ディナースタ,牡6,60.0,高田潤,3:37.4,3/4,1.7,1.0,474(-8),[西] 辻野泰之,202508040108
3,6,6,フェーレンベルク,牡5,60.0,上野翔,3:37.5,1/2,11.2,4.0,476(-6),[東] 千葉直人,202508040108
4,2,2,レッドバロッサ,セ6,60.0,小牧加矢,3:37.7,1,3.8,2.0,516(+6),[西] 佐藤悠太,202508040108
5,7,8,トーアモルペウス,セ5,60.0,石神深一,3:38.0,2,169.6,10.0,482(-8),[東] 辻哲英,202508040108
6,5,5,クラップサンダー,牡6,60.0,黒岩悠,3:38.8,5,116.1,9.0,462(0),[西] 牧田和弥,202508040108
7,8,10,メイショウアツイタ,牡7,60.0,難波剛健,3:39.1,1.3/4,89.1,8.0,508(-2),[西] 高橋義忠,202508040108
8,7,7,ナリノモンターニュ,牡8,60.0,五十嵐雄,3:39.2,クビ,7.7,3.0,512(+6),[東] 上原博之,202508040108
9,4,4,マテンロウジョイ,牡5,60.0,西谷誠,3:40.8,10,14.8,5.0,468(-2),[西] 四位洋文,202508040108
10,1,1,ジーククローネ,セ5,60.0,草野太郎,3:43.4,大,22.0,7.0,450(+2),[東] 宮田敬介,202508040108
1,2,3,ジャスパーバローズ,牡5,58.0,吉村誠之,1:23.3,,88.5,10.0,514(+4),[西] 清水久詞,202508040109
2,4,7,ポートデラメール,牝3,55.0,Ｃ．デム,1:23.5,1,3.0,1.0,448(+2),[西] 斉藤崇史,202508040109
3,7,14,ワイノナオミ,牝4,56.0,藤岡佑介,1:23.8,2,24.4,7.0,472(-2),[西] 畑端省吾,202508040109
4,7,13,トゥロン,牝3,55.0,西村淳也,1:23.9,1/2,11.2,5.0,516(-8),[西] 佐々木晶,202508040109
5,3,6,ホウオウフロイト,牡4,58.0,田口貫太,1:24.1,1.1/4,185.5,12.0,434(-4),[東] 加藤和宏,202508040109
6,5,9,ウルスクローム,牡3,57.0,高杉吏麒,1:24.3,1,3.9,3.0,484(+4),[西] 大橋勇樹,202508040109
7,8,16,アルシオーネ,牡7,58.0,川田将雅,1:24.4,3/4,20.0,6.0,506(-2),[西] 須貝尚介,202508040109
8,3,5,ブルーノート,牡6,58.0,松若風馬,1:24.6,1,236.5,13.0,506(+7),[西] 梅田智之,202508040109
9,6,11,リリーフィールド,牝3,55.0,武豊,1:25.0,2.1/2,3.7,2.0,436(0),[西] 小崎憲,202508040109
10,1,1,トロピカルヒーロー,牡5,58.0,古川吉洋,1:25.2,3/4,344.5,15.0,536(-4),[東] 根本康広,202508040109
11,4,8,アメリカンポリス,牡3,57.0,坂井瑠星,1:25.5,2,7.4,4.0,514(0),[西] 池江泰寿,202508040109
12,8,15,ダズリングダンス,セ5,58.0,鮫島克駿,1:25.7,1.1/4,28.9,8.0,496(+4),[西] 小椋研介,202508040109
13,1,2,サクラトップヒル,セ6,58.0,国分優作,1:25.9,3/4,237.8,14.0,494(-2),[西] 浜田多実,202508040109
14,5,10,ブリッツクリーク,牡4,58.0,幸英明,1:26.0,3/4,170.3,11.0,514(+4),[西] 北出成人,202508040109
15,6,12,クラップアンドチア,牡6,58.0,秋山稔樹,1:26.4,2.1/2,466.2,16.0,540(-9),[西] 北出成人,202508040109
16,2,4,フーコサンライズ,牝4,56.0,松山弘平,1:27.8,9,74.9,9.0,510(-8),[西] 加藤公太,202508040109
1,8,12,フロムダスク,牡5,58.0,西村淳也,1:33.0,,70.2,11.0,514(+2),[西] 森秀行,202508040110
2,6,8,ミッキージュエリー,牝3,55.0,川田将雅,1:33.1,1/2,3.4,1.0,492(0),[西] 中内田充,202508040110
3,1,1,エポックヴィーナス,牝4,56.0,田口貫太,1:33.1,クビ,30.4,9.0,446(+2),[西] 新谷功一,202508040110
4,5,6,チャンネルトンネル,牡4,58.0,坂井瑠星,1:33.1,ハナ,7.3,4.0,466(+4),[西] 福永祐一,202508040110
5,6,7,スズカダブル,牡5,58.0,鮫島克駿,1:33.1,アタマ,19.0,7.0,504(0),[西] 西村真幸,202508040110
6,7,9,ナヴォーナ,牡5,58.0,北村友一,1:33.3,3/4,65.6,10.0,492(-10),[西] 矢作芳人,202508040110
7,8,11,アルトゥーム,牡4,58.0,高杉吏麒,1:33.4,3/4,12.4,5.0,430(-2),[西] 藤岡健一,202508040110
8,5,5,テーオーダグラス,牡4,58.0,団野大成,1:33.5,3/4,27.7,8.0,488(+2),[西] 須貝尚介,202508040110
9,2,2,ヤブサメ,牡4,58.0,武豊,1:33.6,クビ,15.9,6.0,494(+10),[西] 石橋守,202508040110
10,4,4,アイサンサン,牝3,55.0,岩田望来,1:33.6,1/2,3.9,3.0,466(+4),[西] 佐々木晶,202508040110
11,3,3,ダークエクリプス,牡6,58.0,松若風馬,1:34.0,2.1/2,201.1,12.0,500(+14),[西] 今野貞一,202508040110
12,7,10,ダズリングブレイヴ,セ5,58.0,Ｃ．デム,1:35.0,6,3.6,2.0,486(0),[西] 斉藤崇史,202508040110
1,3,6,ペプチドヤマト,牡6,56.0,高倉稜,1:10.3,,94.6,16.0,494(-2),[西] 武英智,202508040111
2,1,1,メイショウホウレン,牡4,55.0,浜中俊,1:10.4,1/2,8.0,4.0,518(+12),[西] 安達昭夫,202508040111
3,2,4,スターターン,牡4,56.0,川田将雅,1:10.5,クビ,2.7,1.0,500(0),[西] 坂口智康,202508040111
3,5,10,キタノズエッジ,牡4,55.0,古川吉洋,1:10.5,同着,6.4,3.0,546(0),[西] 畑端省吾,202508040111
5,4,7,アルファマム,牝6,56.5,北村友一,1:10.6,クビ,18.7,7.0,470(+8),[西] 佐々木晶,202508040111
6,2,3,エートラックス,牡4,58.5,Ｃ．デム,1:10.7,3/4,14.4,6.0,520(+12),[西] 宮本博,202508040111
7,6,11,カズゴルティス,セ4,54.0,西村淳也,1:10.9,1,20.5,9.0,486(-8),[西] 西園翔太,202508040111
8,7,13,エティエンヌ,セ6,55.0,松若風馬,1:11.0,1/2,42.5,11.0,512(-6),[西] 吉田直弘,202508040111
9,6,12,ロードラディウス,牡5,55.0,酒井学,1:11.0,クビ,54.4,13.0,488(+8),[西] 森田直行,202508040111
10,3,5,ナムラフランク,牡6,57.0,菱田裕二,1:11.0,クビ,80.5,15.0,506(+8),[西] 鈴木孝志,202508040111
11,5,9,イスラアネーロ,牡6,57.0,川又賢治,1:11.1,クビ,43.8,12.0,450(+2),[西] 吉村圭司,202508040111
12,8,16,ボナンザ,牡5,57.0,団野大成,1:11.2,3/4,6.4,2.0,506(0),[西] 庄野靖志,202508040111
13,1,2,アルテヴェローチェ,牡3,57.0,岩田望来,1:11.5,1.1/2,11.2,5.0,460(-2),[西] 須貝尚介,202508040111
14,8,15,ナナオ,牝4,55.0,吉村誠之,1:11.7,1.1/4,19.1,8.0,454(0),[西] 小栗実,202508040111
15,4,8,ロードエクレール,牡7,57.0,鮫島克駿,1:11.7,クビ,72.9,14.0,476(-6),[東] 斎藤誠,202508040111
16,7,14,スマートアイ,牝5,52.0,田口貫太,1:12.0,1.3/4,22.3,10.0,504(+2),[西] 寺島良,202508040111
1,8,14,ノーランサンライズ,牝3,54.0,岩田望来,2:00.9,,12.9,5.0,492(+6),[西] 佐藤悠太,202508040112
2,2,2,ドルチェリターン,牡3,56.0,Ｃ．デム,2:01.0,1,34.3,8.0,462(0),[西] 池添学,202508040112
3,5,8,クラウディアイ,牡3,56.0,松山弘平,2:01.1,クビ,2.4,1.0,440(0),[西] 橋口慎介,202508040112
4,8,13,ニュークレド,牡3,56.0,坂井瑠星,2:01.2,3/4,5.0,3.0,436(+4),[西] 石坂公一,202508040112
5,1,1,デルシエロ,牡4,57.0,吉村誠之,2:01.4,1.1/4,17.7,7.0,414(-6),[西] 清水久詞,202508040112
6,4,5,フィオレストラーダ,牝3,54.0,団野大成,2:01.5,3/4,4.2,2.0,458(+6),[西] 杉山晴紀,202508040112
7,6,9,ルージュスティーズ,牝3,54.0,高杉吏麒,2:01.7,1,10.3,4.0,496(-6),[西] 斉藤崇史,202508040112
8,7,11,ラミントン,牝3,54.0,西村淳也,2:01.8,1/2,17.5,6.0,506(+4),[西] 清水久詞,202508040112
9,5,7,サラダ,牝3,54.0,高倉稜,2:01.9,3/4,44.9,10.0,450(-2),[西] 武英智,202508040112
10,3,4,オーバースタンド,牡3,56.0,鮫島克駿,2:01.9,アタマ,78.3,11.0,436(-2),[西] 小崎憲,202508040112
11,3,3,ケイアイワイラーパ,牡3,56.0,田口貫太,2:02.0,1/2,35.9,9.0,492(0),[西] 野中賢二,202508040112
12,6,10,サイモンイロハニー,牝3,54.0,菱田裕二,2:02.1,1,82.4,13.0,420(+4),[西] 谷潔,202508040112
12,7,12,ウインリベラシオン,牡3,56.0,国分優作,2:02.1,同着,79.7,12.0,496(+10),[西] 緒方努,202508040112
14,4,6,クライミーアリバー,牝4,56.0,酒井学,2:02.1,アタマ,200.9,14.0,428(+24),[西] 加藤公太,202508040112
1,5,10,ムテキシャチョウ,牡2,56.0,川田将雅,1:26.0,,10.7,4.0,504(+8),[西] 森秀行,202508040201
2,8,16,レインボーステート,牡2,55.0,吉村誠之,1:26.2,1.1/2,116.0,13.0,438(-6),[西] 茶木太樹,202508040201
3,2,4,ナリタアーマー,牡2,56.0,高杉吏麒,1:26.4,3/4,4.2,2.0,482(+8),[西] 高橋亮,202508040201
4,2,3,ラブインアクション,牝2,55.0,坂井瑠星,1:26.4,クビ,2.4,1.0,476(+6),[西] 橋口慎介,202508040201
5,6,12,セイウンバジリスク,牡2,56.0,秋山稔樹,1:26.6,1,24.0,8.0,520(+6),[西] 北出成人,202508040201
6,1,2,ジュディーイメル,牝2,55.0,松山弘平,1:26.8,1,10.7,5.0,432(+2),[西] 武英智,202508040201
7,8,15,ホワイトフレイムス,牡2,56.0,Ｃ．デム,1:26.8,クビ,5.0,3.0,518(+4),[西] 吉岡辰弥,202508040201
8,3,5,タイセイグローバル,牡2,56.0,団野大成,1:26.9,3/4,73.2,10.0,488(+4),[西] 小林真也,202508040201
9,7,13,ノリノドラゴン,牡2,56.0,城戸義政,1:27.0,クビ,19.0,7.0,452(+2),[西] 荒川義之,202508040201
10,7,14,ジャカルタバオ,セ2,56.0,松若風馬,1:27.0,クビ,38.0,9.0,454(+6),[西] 藤野健太,202508040201
11,1,1,タガノヒダマリ,牝2,55.0,幸英明,1:27.2,1.1/4,106.5,12.0,454(-4),[西] 西園正都,202508040201
12,4,7,メイショウナナシロ,牡2,56.0,田口貫太,1:27.4,1.1/2,82.7,11.0,452(0),[西] 石橋守,202508040201
13,6,11,ニホンピロエール,牡2,54.0,柴田裕一,1:27.5,クビ,314.4,14.0,436(+4),[西] 安達昭夫,202508040201
14,5,9,ナムラシンジロー,牡2,56.0,菱田裕二,1:27.9,2,362.8,15.0,434(+10),[西] 羽月友彦,202508040201
15,3,6,エコロボルト,牡2,56.0,西村淳也,1:28.2,2,18.9,6.0,520(+20),[西] 森秀行,202508040201
16,4,8,ピエナビバサンバ,牡2,56.0,荻野琢真,1:28.5,1.3/4,406.0,16.0,504(0),[西] 秋山真一,202508040201
1,3,3,タイムレスキス,牝2,55.0,Ｃ．デム,1:35.4,,2.2,1.0,464(+2),[西] 吉村圭司,202508040202
2,8,8,スマッシング,牝2,55.0,川田将雅,1:35.6,1.1/4,3.1,2.0,472(-2),[西] 佐藤悠太,202508040202
3,7,7,ロサドラーダ,牝2,55.0,高杉吏麒,1:35.7,クビ,6.9,4.0,486(-4),[西] 藤岡健一,202508040202
4,6,6,グランドオーパス,牝2,55.0,坂井瑠星,1:36.0,2,5.7,3.0,454(+2),[西] 橋口慎介,202508040202
5,4,4,コマチチャン,牝2,55.0,松若風馬,1:36.2,1.1/4,20.5,6.0,454(-6),[西] 小椋研介,202508040202
6,2,2,ヒルノジェノヴァ,牝2,55.0,菱田裕二,1:37.2,6,133.4,8.0,432(0),[西] 藤野健太,202508040202
7,5,5,フィラーエ,牝2,55.0,松山弘平,1:37.8,3.1/2,24.2,7.0,446(+2),[西] 高橋康之,202508040202
8,1,1,ルージュプルーヴ,牝2,55.0,西村淳也,1:38.3,3,13.0,5.0,446(+2),[西] 中内田充,202508040202
1,6,6,マテンロウゲイル,牡2,56.0,横山和生,2:04.3,,1.8,1.0,502(+10),[西] 野中賢二,202508040203
2,4,4,ダンツウルス,牡2,56.0,田口貫太,2:04.3,アタマ,6.7,4.0,468(0),[西] 谷潔,202508040203
3,7,7,パウンドフォーワン,牡2,56.0,坂井瑠星,2:04.6,2,13.8,5.0,490(+2),[西] 田中克典,202508040203
4,3,3,カモンメーン,牡2,56.0,Ｃ．デム,2:04.7,クビ,4.0,2.0,488(+8),[西] 杉山晴紀,202508040203
5,8,8,スズカサートゥル,牡2,56.0,三浦皇成,2:04.8,1/2,31.5,6.0,450(+6),[西] 中竹和也,202508040203
6,5,5,マジックファイヤー,牡2,56.0,岩田康誠,2:05.3,3,5.4,3.0,472(+6),[西] 辻野泰之,202508040203
7,1,1,チェリヴェント,牡2,56.0,松山弘平,2:05.9,3.1/2,35.1,7.0,500(-2),[西] 清水久詞,202508040203
8,2,2,ヨドノクラウン,牡2,56.0,高倉稜,2:10.0,大,179.1,8.0,450(0),[西] 渡辺薫彦,202508040203
1,1,1,ヒルノプーリア,牝2,55.0,秋山稔樹,1:24.9,,7.2,4.0,514(0),[西] 北出成人,202508040204
2,3,5,ホットシート,牡2,56.0,川田将雅,1:25.3,2.1/2,2.2,1.0,530(0),[西] 大久保龍,202508040204
3,6,11,ジョアン,牝2,55.0,佐々木大,1:25.3,ハナ,6.6,3.0,452(0),[西] 中村直也,202508040204
4,5,9,アスターエポワス,牝2,53.0,柴田裕一,1:25.3,クビ,23.0,8.0,468(0),[西] 河嶋宏樹,202508040204
5,2,3,シャープインサイト,牡2,56.0,松若風馬,1:25.5,1.1/4,94.9,12.0,426(0),[西] 東田明士,202508040204
6,1,2,ワルトシュタイン,牡2,56.0,北村友一,1:26.0,3,15.9,6.0,468(0),[西] 佐藤悠太,202508040204
7,5,10,ピュアハピネス,牝2,52.0,和田陽希,1:26.0,クビ,159.4,15.0,420(0),[西] 緒方努,202508040204
8,4,7,メイショウイブキ,牝2,55.0,団野大成,1:26.3,1.3/4,5.8,2.0,480(0),[西] 荒川義之,202508040204
9,8,16,ダイメイクマモト,牡2,56.0,菱田裕二,1:26.6,1.3/4,14.5,5.0,468(0),[西] 秋山真一,202508040204
10,3,6,ゴールデンテティス,牝2,55.0,加藤祥太,1:26.6,ハナ,101.9,13.0,470(0),[西] 庄野靖志,202508040204
11,4,8,サンライズナスカ,牡2,56.0,浜中俊,1:26.6,クビ,30.6,9.0,520(0),[西] 小林真也,202508040204
12,6,12,シャンドラテ,牝2,55.0,高杉吏麒,1:27.3,4,61.1,10.0,440(0),[西] 高橋康之,202508040204
13,8,15,グランブラーヴ,牡2,56.0,古川吉洋,1:27.7,2,16.1,7.0,500(0),[西] 昆貢,202508040204
14,7,13,マイラヴノリピー,牝2,55.0,荻野琢真,1:28.1,2.1/2,80.3,11.0,484(0),[西] 秋山真一,202508040204
15,2,4,ブラダマンテ,牝2,55.0,田口貫太,1:28.4,2,105.4,14.0,456(0),[西] 畑端省吾,202508040204
16,7,14,カセノナユタ,牡2,56.0,和田竜二,1:28.5,1/2,177.0,16.0,502(0),[西] 中尾秀正,202508040204
1,4,4,ロブチェン,牡2,56.0,松山弘平,2:04.5,,2.9,2.0,516(0),[西] 杉山晴紀,202508040205
2,5,5,アルペングロー,牡2,56.0,Ｃ．デム,2:05.0,3,1.7,1.0,490(0),[西] 上村洋行,202508040205
3,2,2,ゴールドアクセス,牡2,56.0,武豊,2:05.4,2.1/2,7.6,3.0,438(0),[西] 寺島良,202508040205
3,8,8,エイシンイグニース,牡2,56.0,佐々木大,2:05.4,同着,18.2,5.0,496(0),[西] 野中賢二,202508040205
5,1,1,デルマバンダイサン,牡2,56.0,団野大成,2:06.2,5,44.8,7.0,482(0),[西] 井上智史,202508040205
6,6,6,ルクスユアン,牡2,55.0,吉村誠之,2:06.6,2.1/2,29.5,6.0,456(0),[西] 清水久詞,202508040205
7,3,3,リュネヴィル,牝2,55.0,田口貫太,2:08.6,大,63.7,8.0,488(0),[西] 梅田智之,202508040205
8,7,7,ヴァルボリ,牡2,56.0,三浦皇成,2:13.9,大,12.6,4.0,484(0),[西] 西村真幸,202508040205
1,7,14,ブルーワール,牡4,58.0,松若風馬,1:49.6,,19.9,6.0,510(-2),[西] 高柳大輔,202508040206
2,4,7,レヴァンテシチー,牡3,56.0,団野大成,1:49.6,ハナ,24.6,8.0,490(+2),[西] 佐々木晶,202508040206
3,8,16,アカデミア,牡3,56.0,坂井瑠星,1:49.9,1.1/2,1.6,1.0,536(+4),[西] 杉山晴紀,202508040206
4,4,8,ヴァリージア,牡5,58.0,Ｃ．デム,1:50.1,1.1/2,7.1,2.0,520(-6),[西] 斉藤崇史,202508040206
5,5,9,アークドール,牡4,58.0,武豊,1:50.2,1/2,9.0,3.0,444(0),[西] 松永幹夫,202508040206
6,6,12,アリストクラシア,牝4,56.0,高杉吏麒,1:50.4,1,63.8,12.0,474(+4),[西] 吉岡辰弥,202508040206
7,8,15,ハイクオリティ,牡3,55.0,吉村誠之,1:50.6,1,23.5,7.0,484(+6),[西] 今野貞一,202508040206
8,2,3,リアルペガサス,牡4,58.0,幸英明,1:50.9,1.3/4,75.8,13.0,464(0),[西] 大橋勇樹,202508040206
9,1,1,ジーティーアメリカ,牡3,56.0,北村友一,1:51.1,1.1/2,52.6,10.0,532(-2),[西] 吉岡辰弥,202508040206
10,7,13,ロードシュヴァリエ,牡3,56.0,長岡禎仁,1:51.2,クビ,58.7,11.0,498(+14),[西] 森田直行,202508040206
11,6,11,サイモンシュバリエ,牡3,56.0,岩田康誠,1:51.3,1/2,28.7,9.0,500(+26),[西] 梅田智之,202508040206
12,2,4,サンディエゴ,牡3,56.0,三浦皇成,1:52.0,4,78.4,14.0,500(+2),[西] 清水久詞,202508040206
13,5,10,ルルフィーユ,牝4,53.0,和田陽希,1:52.2,1,352.4,16.0,460(+8),[西] 谷潔,202508040206
14,3,5,パーフェクト,牡3,56.0,和田竜二,1:52.4,1.1/4,119.4,15.0,490(+14),[西] 松下武士,202508040206
15,3,6,ミライエイゴウ,牡3,56.0,横山和生,1:52.9,3,16.6,5.0,452(-2),[西] 四位洋文,202508040206
16,1,2,ミッションルース,牡4,58.0,田口貫太,1:53.4,3,14.5,4.0,440(0),[西] 平田修,202508040206
1,1,1,サークルオブジョイ,牡4,58.0,Ｃ．デム,2:28.6,,4.5,3.0,498(+8),[西] 池添学,202508040207
2,2,2,ピックデムッシュ,牡3,56.0,川田将雅,2:28.9,2,1.7,1.0,460(+2),[東] 鹿戸雄一,202508040207
3,3,3,クルミナーレ,牡4,58.0,松山弘平,2:29.0,クビ,12.8,4.0,518(+8),[西] 池江泰寿,202508040207
4,5,5,アメジストブラック,牡6,58.0,北村友一,2:29.2,1.1/2,19.2,5.0,528(+12),[西] 小椋研介,202508040207
5,7,7,シュプリンガー,セ6,58.0,団野大成,2:29.2,ハナ,66.3,6.0,498(+6),[西] 小栗実,202508040207
6,6,6,アルマデオロ,牡3,56.0,武豊,2:29.3,クビ,3.2,2.0,492(+2),[西] 清水久詞,202508040207
7,4,4,パーサヴィアランス,牡6,58.0,佐々木大,2:29.7,2.1/2,95.4,7.0,466(+2),[西] 西村真幸,202508040207
1,6,12,ツキノアカリ,牝3,51.0,田山旺佑,1:49.7,,21.8,7.0,460(-4),[西] 牧田和弥,202508040208
2,7,13,モズカトレア,牝3,54.0,松若風馬,1:49.8,3/4,3.3,1.0,488(-4),[西] 井上智史,202508040208
3,8,15,エルフストラック,牝4,56.0,Ｃ．デム,1:50.1,1.1/2,3.7,2.0,492(+8),[西] 中村直也,202508040208
4,5,10,タマモナポリ,牝4,56.0,岩田康誠,1:50.3,1.1/2,53.4,12.0,472(-2),[西] 河嶋宏樹,202508040208
5,4,8,メイショウタムシバ,牝4,56.0,武豊,1:50.4,クビ,10.4,5.0,452(+6),[西] 飯田祐史,202508040208
6,3,6,リアルクィーン,牝3,54.0,幸英明,1:50.4,クビ,106.0,15.0,456(0),[西] 石坂公一,202508040208
7,1,2,サツキノジョウ,牝4,56.0,高杉吏麒,1:50.5,1/2,42.7,11.0,448(0),[東] 武井亮,202508040208
8,3,5,フローラルセント,牝4,56.0,西村淳也,1:50.7,1.1/4,77.0,14.0,484(+6),[西] 松下武士,202508040208
9,2,3,シンコーナホチャン,牝4,56.0,三浦皇成,1:50.7,クビ,5.5,3.0,488(+6),[西] 畑端省吾,202508040208
10,2,4,ウィンターダフネ,牝5,54.0,柴田裕一,1:50.8,クビ,24.9,8.0,472(-12),[東] 国枝栄,202508040208
11,4,7,ルナビス,牝5,55.0,吉村誠之,1:50.9,3/4,15.7,6.0,498(+6),[西] 森田直行,202508040208
12,8,16,ノボリクレバー,牝5,56.0,坂井瑠星,1:51.1,1,9.2,4.0,506(0),[西] 石橋守,202508040208
13,6,11,サイモンコーラル,牝5,56.0,長岡禎仁,1:51.8,4,306.1,16.0,478(+16),[西] 羽月友彦,202508040208
14,5,9,ブルーペクトライト,牝5,56.0,北村友一,1:51.9,クビ,32.8,10.0,492(-6),[西] 宮地貴稔,202508040208
15,7,14,オーケーカルメン,牝4,56.0,泉谷楓真,1:51.9,クビ,68.2,13.0,436(+2),[西] 奥村豊,202508040208
16,1,1,メイショウリリー,牝4,56.0,団野大成,1:53.5,10,28.2,9.0,440(+4),[西] 高橋義忠,202508040208
1,8,8,バレルターン,牡4,58.0,Ｃ．デム,1:33.7,,1.9,1.0,488(+4),[西] 茶木太樹,202508040209
2,2,2,フェアリーライク,牝3,55.0,武豊,1:33.9,1.1/2,3.5,2.0,464(-4),[西] 笹田和秀,202508040209
3,7,7,アンジョルラス,セ4,58.0,吉村誠之,1:34.3,2,12.4,6.0,492(-8),[西] 藤野健太,202508040209
4,3,3,ゼンダンハヤブサ,牡3,57.0,団野大成,1:34.4,3/4,8.6,4.0,454(+2),[西] 佐々木晶,202508040209
5,4,4,リカントロポ,牡3,57.0,田口貫太,1:34.7,1.3/4,7.0,3.0,478(0),[西] 梅田智之,202508040209
6,5,5,レーヴブリリアント,牡3,57.0,坂井瑠星,1:34.8,1/2,10.9,5.0,456(-2),[東] 田中博康,202508040209
7,1,1,スマートジェイナ,牝5,56.0,幸英明,1:35.7,5,58.2,7.0,450(0),[西] 加藤公太,202508040209
8,6,6,コールミーメイビー,牝4,56.0,井上敏樹,1:38.4,大,198.0,8.0,448(-2),[西] 小崎憲,202508040209
1,7,9,アガシ,セ4,58.0,田口貫太,1:09.9,,35.0,8.0,490(+2),[西] 庄野靖志,202508040210
2,2,2,ショウナンアビアス,牡5,58.0,松山弘平,1:09.9,ハナ,16.1,6.0,506(+4),[東] 加藤士津,202508040210
3,7,10,パドマ,牝4,56.0,松若風馬,1:09.9,クビ,9.7,3.0,512(+4),[西] 杉山晴紀,202508040210
4,5,5,ナッカーフェイス,牡6,58.0,菱田裕二,1:10.2,1.3/4,136.2,12.0,466(-6),[西] 北出成人,202508040210
5,1,1,ルディック,牡4,58.0,Ｃ．デム,1:10.2,ハナ,2.1,1.0,532(+8),[西] 高野友和,202508040210
6,8,11,エンヤラヴフェイス,牡4,58.0,北村友一,1:10.4,3/4,14.3,4.0,514(+8),[西] 森田直行,202508040210
7,6,8,モズナナスター,牝3,55.0,坂井瑠星,1:10.5,3/4,16.0,5.0,456(+10),[西] 矢作芳人,202508040210
8,3,3,キタノソワレ,牝4,56.0,吉村誠之,1:10.5,クビ,52.4,10.0,476(-4),[東] 本間忍,202508040210
9,5,6,ヤマニンシュラ,牡3,57.0,川田将雅,1:10.7,1,2.8,2.0,472(+2),[西] 斉藤崇史,202508040210
10,4,4,ローズバルサム,牝5,56.0,武豊,1:10.8,1/2,42.8,9.0,442(-4),[西] 吉村圭司,202508040210
11,8,12,ムーム,牝4,56.0,川又賢治,1:11.3,3,19.2,7.0,478(+6),[西] 杉山佳明,202508040210
12,6,7,ナスノカンゲツ,牡5,58.0,佐々木大,1:11.3,アタマ,92.6,11.0,522(0),[東] 武井亮,202508040210
1,7,12,ダブルハートボンド,牝4,55.0,坂井瑠星,1:47.5,,6.0,2.0,476(0),[西] 大久保龍,202508040211
2,3,5,サイモンザナドゥ,牡5,57.0,川田将雅,1:47.5,クビ,19.6,7.0,474(-6),[西] 小林真也,202508040211
3,4,6,ロードクロンヌ,牡4,57.0,横山和生,1:48.0,3,6.8,3.0,494(0),[西] 四位洋文,202508040211
4,3,4,ラムジェット,牡4,58.0,三浦皇成,1:48.0,アタマ,8.4,5.0,516(0),[西] 佐々木晶,202508040211
5,2,3,ドゥラエレーデ,牡5,57.0,Ｃ．デム,1:48.6,3.1/2,19.7,8.0,524(-5),[西] 池添学,202508040211
6,5,8,ブライアンセンス,牡5,57.0,高杉吏麒,1:48.7,クビ,22.3,9.0,524(+14),[東] 斎藤誠,202508040211
7,5,9,アウトレンジ,牡5,58.0,松山弘平,1:49.3,3.1/2,3.1,1.0,498(+4),[西] 大久保龍,202508040211
8,8,15,デルマソトガケ,牡5,57.0,団野大成,1:49.6,2,71.6,14.0,528(0),[西] 須貝尚介,202508040211
9,4,7,シゲルショウグン,牡5,57.0,幸英明,1:49.6,クビ,11.6,6.0,526(+6),[西] 大橋勇樹,202508040211
10,8,14,ペリエール,牡5,57.0,佐々木大,1:49.8,1.1/4,7.9,4.0,482(-4),[東] 黒岩陽一,202508040211
11,6,11,レヴォントゥレット,牡4,57.0,西村淳也,1:50.3,3,26.8,10.0,496(-1),[西] 矢作芳人,202508040211
12,2,2,ノースブリッジ,牡7,57.0,岩田康誠,1:50.5,3/4,36.0,12.0,500(0),[東] 奥村武,202508040211
13,7,13,レイナデアルシーラ,牝3,53.0,田口貫太,1:51.5,6,27.3,11.0,516(+4),[西] 西園正都,202508040211
14,6,10,エアロロノア,セ8,57.0,北村友一,1:58.4,大,152.6,15.0,490(+8),[西] 笹田和秀,202508040211
中,1,1,サンデーファンデー,牡5,58.0,浜中俊,,,50.1,13.0,524(0),[西] 東田明士,202508040211
1,2,4,メイショウセイロウ,牡3,57.0,団野大成,1:21.2,,11.6,8.0,418(+4),[西] 荒川義之,202508040212
2,1,2,ベルサ,牝3,55.0,松山弘平,1:21.2,クビ,8.2,4.0,466(0),[西] 鈴木孝志,202508040212
3,5,10,チムグクル,牡3,57.0,武豊,1:21.3,1/2,7.1,3.0,446(+10),[西] 福永祐一,202508040212
4,7,14,サンタンカ,牡3,57.0,三浦皇成,1:21.3,クビ,4.4,1.0,518(-2),[西] 千田輝彦,202508040212
5,8,17,ヴァージル,牡3,57.0,坂井瑠星,1:21.4,クビ,8.7,5.0,454(-2),[西] 杉山晴紀,202508040212
6,2,3,サーナーティオン,牡4,58.0,高杉吏麒,1:21.5,1,13.0,9.0,488(0),[西] 藤岡健一,202508040212
7,1,1,タンテドヴィーヴル,牡3,57.0,Ｃ．デム,1:21.6,クビ,10.2,6.0,488(-8),[西] 斉藤崇史,202508040212
8,6,11,ベルファスト,牝4,56.0,松若風馬,1:21.6,クビ,36.3,11.0,492(+10),[西] 今野貞一,202508040212
9,4,8,シャーリーゴールド,牝4,56.0,古川吉洋,1:21.7,クビ,150.2,16.0,466(-2),[西] 佐藤悠太,202508040212
10,3,5,ホルンフェルス,牝3,55.0,鮫島良太,1:21.7,アタマ,66.3,13.0,462(-2),[西] 河嶋宏樹,202508040212
11,7,13,ダノンクロム,牡5,58.0,西村淳也,1:21.8,1/2,11.3,7.0,536(+2),[西] 東田明士,202508040212
12,3,6,ジャンヌローサ,牝4,55.0,吉村誠之,1:21.8,クビ,22.2,10.0,456(0),[西] 井上智史,202508040212
13,6,12,ショウナンラフィネ,牝3,55.0,北村友一,1:22.0,3/4,130.4,15.0,414(+2),[西] 高野友和,202508040212
14,8,16,フランクスピード,牝3,55.0,川田将雅,1:22.1,1,6.1,2.0,444(+4),[西] 高野友和,202508040212
15,8,15,ベルタソ,牝5,56.0,和田竜二,1:22.1,ハナ,111.0,14.0,468(+18),[西] 小崎憲,202508040212
16,5,9,アクルクス,牡3,54.0,田山旺佑,1:22.1,アタマ,46.4,12.0,478(+6),[西] 池添学,202508040212
17,4,7,オレノアイバ,牡5,58.0,田口貫太,1:22.9,5,243.1,17.0,474(-6),[西] 高橋康之,202508040212
1,6,6,ケンタッキーホーム,牡2,56.0,Ｃ．デム,1:53.4,,3.3,1.0,514(+6),[西] 松下武士,202508040301
2,5,5,キタノシャカール,牡2,56.0,池添謙一,1:53.7,2,12.6,5.0,436(+6),[西] 吉田直弘,202508040301
3,7,9,マルーンドライブ,牡2,56.0,田口貫太,1:54.2,3,13.3,6.0,460(+10),[西] 庄野靖志,202508040301
4,3,3,ヒロノスカイ,牡2,56.0,松若風馬,1:54.3,1/2,14.5,7.0,510(+4),[西] 宮本博,202508040301
5,7,8,ベンティガオルサ,牡2,56.0,武豊,1:54.3,アタマ,3.6,2.0,510(+10),[西] 清水久詞,202508040301
6,1,1,アーサーバローズ,牡2,56.0,高杉吏麒,1:54.4,クビ,5.9,4.0,494(+8),[西] 寺島良,202508040301
7,4,4,ジーティーピカソ,牡2,56.0,西村淳也,1:54.8,2.1/2,3.7,3.0,540(-2),[西] 宮地貴稔,202508040301
8,6,7,レヴロード,牡2,53.0,田山旺佑,1:55.2,2.1/2,376.8,11.0,482(0),[西] 畑端省吾,202508040301
9,2,2,ファインブルー,牝2,55.0,古川吉洋,1:58.0,大,365.7,10.0,430(-2),[西] 藤野健太,202508040301
10,8,11,モチモチチャン,牝2,55.0,鮫島克駿,1:58.1,クビ,76.6,8.0,476(0),[西] 西村真幸,202508040301
11,8,10,クモンリュウ,牡2,56.0,酒井学,1:59.0,5,261.5,9.0,540(-14),[西] 牧田和弥,202508040301
1,7,8,スマートジュリアス,牡2,56.0,武豊,1:25.0,,1.2,1.0,480(0),[西] 中村直也,202508040302
2,5,5,アイカンアズーラ,牝2,55.0,酒井学,1:25.3,1.3/4,18.8,4.0,444(-4),[西] 河嶋宏樹,202508040302
3,4,4,リフラ,牡2,56.0,西村淳也,1:26.4,7,12.2,3.0,478(0),[西] 西村真幸,202508040302
4,7,9,ミッキージャンプ,牡2,56.0,Ｃ．デム,1:26.5,クビ,5.5,2.0,454(+6),[西] 池江泰寿,202508040302
5,6,6,ユナダイヤ,牝2,52.0,田山旺佑,1:26.6,3/4,54.8,7.0,428(0),[西] 岡田稲男,202508040302
6,8,11,リリーサンライズ,牝2,55.0,坂井瑠星,1:27.1,3,31.6,5.0,462(0),[西] 矢作芳人,202508040302
7,3,3,タイムレスラブ,牝2,55.0,高杉吏麒,1:27.2,3/4,122.2,9.0,432(-10),[西] 羽月友彦,202508040302
8,6,7,メロウアンバー,牡2,56.0,幸英明,1:27.4,1,280.4,11.0,430(+6),[西] 坂口智康,202508040302
9,8,10,シャマレル,牡2,55.0,吉村誠之,1:28.0,4,158.3,10.0,444(-2),[西] 渡辺薫彦,202508040302
10,2,2,ショーンバローズ,牡2,56.0,田口貫太,1:28.0,アタマ,80.2,8.0,468(0),[西] 松下武士,202508040302
11,1,1,ファフロツキーズ,牡2,56.0,岩田望来,1:29.5,9,38.7,6.0,482(+8),[西] 野中賢二,202508040302
1,5,5,ブームバップビート,牡2,56.0,西村淳也,1:53.6,,2.4,1.0,536(-8),[西] 中内田充,202508040303
2,8,9,サンライズケヴィン,牡2,56.0,池添謙一,1:54.2,3.1/2,5.8,4.0,480(-14),[西] 平田修,202508040303
3,3,3,ナウオアネヴァー,牡2,56.0,高杉吏麒,1:54.4,1.1/2,59.5,8.0,500(0),[西] 寺島良,202508040303
4,1,1,メイショウセンドウ,牡2,56.0,武豊,1:54.9,3,4.7,3.0,484(0),[西] 飯田祐史,202508040303
5,6,6,イザベラサンライズ,牝2,52.0,田山旺佑,1:55.3,2.1/2,135.0,9.0,386(-4),[西] 羽月友彦,202508040303
6,2,2,ジーティースティア,牡2,56.0,Ｃ．デム,1:55.7,2,3.7,2.0,496(+10),[西] 藤野健太,202508040303
7,7,8,リオンサーガ,牡2,56.0,田口貫太,1:55.9,1.1/4,177.7,10.0,518(0),[西] 宮地貴稔,202508040303
8,8,10,フロムザムーン,牡2,56.0,幸英明,1:56.8,5,9.0,5.0,470(-2),[西] 畑端省吾,202508040303
9,4,4,ライヴモヒート,牡2,56.0,国分優作,1:56.8,ハナ,35.1,7.0,478(0),[西] 坂口智康,202508040303
10,7,7,サウンドコネクト,セ2,56.0,松若風馬,2:01.5,大,34.1,6.0,434(0),[西] 安達昭夫,202508040303
1,5,6,ソルパッサーレ,牝2,55.0,浜中俊,2:01.6,,7.2,4.0,452(+2),[西] 四位洋文,202508040304
2,3,3,パーヴォ,牡2,56.0,和田竜二,2:02.6,6,3.3,2.0,452(-4),[西] 吉田直弘,202508040304
3,7,9,タイムレスフレアー,牡2,56.0,岩田望来,2:02.7,1/2,1.9,1.0,468(-2),[西] 橋口慎介,202508040304
4,6,8,ジュンドラドラ,牡2,55.0,吉村誠之,2:02.8,1/2,20.0,5.0,540(-6),[西] 清水久詞,202508040304
5,1,1,フクチャンブラック,牡2,56.0,松若風馬,2:02.9,1/2,25.0,6.0,482(+4),[西] 高橋康之,202508040304
6,6,7,クランズクラウン,牝2,55.0,Ｃ．デム,2:02.9,クビ,5.9,3.0,498(-6),[西] 杉山晴紀,202508040304
7,4,4,ジェンティール,牡2,53.0,田山旺佑,2:04.2,8,63.3,7.0,494(0),[西] 須貝尚介,202508040304
8,5,5,ウォーターコトノハ,牝2,55.0,高杉吏麒,2:04.4,3/4,99.2,8.0,406(+2),[西] 岡田稲男,202508040304
9,8,11,スマートグロワール,牡2,56.0,幸英明,2:04.8,2.1/2,111.2,9.0,534(+4),[西] 畑端省吾,202508040304
10,7,10,セイカンサンラン,牡2,56.0,古川吉洋,2:05.2,2.1/2,504.7,12.0,432(+4),[西] 大根田裕,202508040304
11,2,2,ジョウショーブリエ,牝2,55.0,田口貫太,2:05.5,2,153.0,10.0,472(+12),[西] 中尾秀正,202508040304
12,8,12,ミトノテイオー,牡2,56.0,山中悠希,2:05.8,1.3/4,378.3,11.0,506(-4),[西] 前川恭子,202508040304
1,4,7,グレースジェンヌ,牝2,55.0,北村友一,1:35.7,,3.1,1.0,444(0),[西] 上村洋行,202508040305
2,3,6,ケンブリッジグレイ,牝2,52.0,田山旺佑,1:35.7,1/2,75.0,11.0,450(0),[西] 渡辺薫彦,202508040305
3,7,13,ハヤブササキチャン,牝2,55.0,Ｃ．デム,1:35.9,1,3.8,2.0,416(0),[西] 東田明士,202508040305
4,8,17,アラビアンジョイ,牝2,55.0,酒井学,1:36.0,3/4,158.4,16.0,432(0),[西] 高橋一哉,202508040305
5,8,18,セントピュアベース,牝2,55.0,松若風馬,1:36.3,1.3/4,64.1,10.0,408(0),[西] 藤野健太,202508040305
6,5,9,サトノカスターニャ,牝2,55.0,坂井瑠星,1:36.3,ハナ,9.0,5.0,428(0),[西] 吉岡辰弥,202508040305
7,5,10,キミノナハオリョウ,牝2,55.0,高杉吏麒,1:36.4,クビ,22.2,7.0,426(0),[西] 千田輝彦,202508040305
8,7,14,シャンパンスター,牝2,55.0,国分優作,1:36.4,クビ,303.9,18.0,418(0),[西] 緒方努,202508040305
9,7,15,ダノンプレリュード,牝2,55.0,鮫島克駿,1:36.5,クビ,6.5,3.0,452(0),[西] 矢作芳人,202508040305
10,6,11,エンブルーシャ,牝2,55.0,武豊,1:36.6,1/2,7.5,4.0,418(0),[西] 武英智,202508040305
11,4,8,レーヴドリュヌ,牝2,55.0,田口貫太,1:36.9,2,76.6,12.0,448(0),[西] 宮本博,202508040305
12,1,2,カスタニッチャ,牝2,55.0,岩田望来,1:37.3,2.1/2,36.2,8.0,436(0),[西] 高柳大輔,202508040305
13,2,4,ルージュソムニウム,牝2,55.0,浜中俊,1:37.4,3/4,10.2,6.0,452(0),[西] 須貝尚介,202508040305
14,3,5,スピーチバルーン,牝2,55.0,西村淳也,1:38.0,4,37.4,9.0,424(0),[西] 吉村圭司,202508040305
15,6,12,カモメガトンダ,牝2,54.0,吉村誠之,1:38.2,1,87.7,13.0,444(0),[西] 今野貞一,202508040305
16,8,16,エイシンニンバス,牝2,55.0,高倉稜,1:38.2,クビ,187.5,17.0,480(0),[西] 渡辺薫彦,202508040305
17,2,3,テイエムリチャード,牝2,55.0,和田竜二,1:38.8,3.1/2,148.8,14.0,514(0),[西] 鈴木孝志,202508040305
18,1,1,クィーンズローズ,牝2,55.0,藤懸貴志,1:39.2,2.1/2,157.8,15.0,482(0),[西] 大橋勇樹,202508040305
1,3,5,プリンセスモコ,牝2,55.0,北村友一,1:12.3,,1.7,1.0,460(0),[西] 藤原英昭,202508040306
2,5,10,アーディアイリ,牝2,52.0,田山旺佑,1:12.8,3,206.2,16.0,434(0),[西] 緒方努,202508040306
3,6,11,エコロレバン,牝2,55.0,酒井学,1:13.1,2,10.9,4.0,468(0),[西] 大久保龍,202508040306
4,4,7,リトセア,牝2,55.0,岩田望来,1:13.3,1.1/2,23.1,7.0,466(0),[西] 浜田多実,202508040306
5,1,1,オーロヴェント,牡2,56.0,岡田祥嗣,1:13.5,1.1/4,120.4,13.0,482(0),[西] 吉田直弘,202508040306
6,3,6,チョウスター,牝2,55.0,国分優作,1:13.8,1.3/4,171.0,15.0,466(0),[西] 羽月友彦,202508040306
7,1,2,カレンココナ,牝2,55.0,古川吉洋,1:13.9,クビ,152.8,14.0,436(0),[西] 小林真也,202508040306
8,7,14,アズライトアスール,牡2,56.0,和田竜二,1:14.3,2.1/2,29.6,8.0,452(0),[西] 鈴木孝志,202508040306
9,5,9,コサージュ,牝2,54.0,吉村誠之,1:14.3,アタマ,12.1,5.0,424(0),[西] 清水久詞,202508040306
10,2,3,マイトグラッド,牡2,56.0,城戸義政,1:14.5,1.1/4,78.1,10.0,440(0),[西] 荒川義之,202508040306
11,4,8,ミラヴェリタ,牝2,55.0,高杉吏麒,1:14.6,クビ,5.8,2.0,482(0),[西] 吉村圭司,202508040306
12,2,4,メモリーデイズ,牝2,55.0,高倉稜,1:14.6,クビ,51.2,9.0,454(0),[西] 畑端省吾,202508040306
13,7,13,エナスティール,牝2,55.0,松若風馬,1:15.2,3.1/2,86.7,11.0,484(0),[西] 小崎憲,202508040306
14,8,15,ベイビーメイビー,牝2,55.0,坂井瑠星,1:15.2,クビ,8.5,3.0,432(0),[西] 寺島良,202508040306
15,8,16,クインズボタン,牝2,55.0,藤懸貴志,1:17.2,大,105.5,12.0,442(0),[西] 藤野健太,202508040306
16,6,12,ドリームハーモニー,牝2,55.0,田口貫太,1:17.9,4,20.9,6.0,464(0),[西] 加藤公太,202508040306
1,4,8,アートレスマインド,牡3,56.0,Ｃ．デム,1:51.9,,4.2,2.0,480(+6),[西] 坂口智康,202508040307
2,1,2,ギュルヴィ,牡3,56.0,武豊,1:52.3,2.1/2,2.7,1.0,510(-4),[西] 大久保龍,202508040307
3,3,6,ポイントネモ,牡3,56.0,坂井瑠星,1:52.3,クビ,7.9,4.0,488(0),[西] 大久保龍,202508040307
4,8,16,ロカヒ,牡3,56.0,酒井学,1:52.5,1.1/4,12.7,6.0,496(+14),[西] 飯田祐史,202508040307
5,2,4,ニシノミチアキ,牡3,56.0,池添謙一,1:52.6,クビ,94.4,10.0,494(0),[西] 吉村圭司,202508040307
6,3,5,エテルノレガーメ,牡3,56.0,幸英明,1:52.7,3/4,12.9,7.0,528(-6),[西] 野中賢二,202508040307
7,7,14,トモジャザーン,牡4,58.0,田口貫太,1:52.9,3/4,37.1,9.0,494(-2),[西] 大根田裕,202508040307
8,2,3,タイセイカイザー,牡3,55.0,吉村誠之,1:52.9,クビ,8.9,5.0,504(-2),[西] 奥村豊,202508040307
9,5,10,シゲルオトヒメ,牝6,53.0,田山旺佑,1:53.4,3,97.6,11.0,442(+4),[西] 谷潔,202508040307
10,6,12,ムーンスカイ,牡5,58.0,鮫島克駿,1:53.7,1.3/4,357.1,16.0,454(+16),[西] 牧田和弥,202508040307
11,8,15,リュクスドレフォン,牡5,58.0,藤懸貴志,1:53.7,アタマ,150.4,12.0,516(-4),[西] 平田修,202508040307
12,6,11,テーオーシュタイン,牡3,56.0,松若風馬,1:53.8,3/4,185.5,14.0,470(+2),[西] 梅田智之,202508040307
13,5,9,マジックブルー,牡4,58.0,団野大成,1:53.9,1/2,31.2,8.0,498(-4),[西] 荒川義之,202508040307
14,7,13,ルクスメンデス,牡3,56.0,国分優作,1:53.9,ハナ,296.7,15.0,486(+8),[西] 小崎憲,202508040307
15,1,1,リガーレ,牡3,56.0,岩田望来,1:55.8,大,6.5,3.0,524(+2),[西] 池江泰寿,202508040307
16,4,7,ワンダーリズム,牡3,56.0,高杉吏麒,2:00.5,大,167.6,13.0,522(+1),[西] 高柳大輔,202508040307
1,6,6,キーパフォーマー,牝4,56.0,西村淳也,1:59.5,,3.7,2.0,464(-4),[西] 佐々木晶,202508040308
2,5,5,ステラクラウン,牝4,56.0,岩田望来,2:00.1,3.1/2,2.2,1.0,498(-2),[西] 上村洋行,202508040308
3,1,1,サクソンジェンヌ,牝4,56.0,団野大成,2:00.3,1.1/2,7.9,4.0,472(+2),[西] 高橋義忠,202508040308
4,3,3,ヴォワラクテ,牝3,53.0,吉村誠之,2:00.6,2,8.7,5.0,440(0),[西] 田中克典,202508040308
5,2,2,ジャルディニエ,牝3,54.0,Ｃ．デム,2:01.5,5,6.1,3.0,454(0),[西] 奥村豊,202508040308
6,4,4,エアニゲラ,牝3,54.0,池添謙一,2:02.1,4,34.0,7.0,466(+6),[西] 池添学,202508040308
7,7,7,ハミング,牝4,53.0,田山旺佑,2:04.0,大,9.3,6.0,446(+24),[西] 中内田充,202508040308
1,7,13,ジェネラーレ,牡4,58.0,岩田望来,1:11.0,,7.8,3.0,490(+2),[西] 野中賢二,202508040309
2,6,11,ビッグドリーム,牡4,58.0,Ｃ．デム,1:11.0,アタマ,1.9,1.0,536(0),[西] 西園正都,202508040309
3,3,4,スペシャルナンバー,牡6,58.0,鮫島克駿,1:11.3,2,49.7,11.0,496(-6),[西] 西村真幸,202508040309
4,6,10,フレイミングパイ,牝4,56.0,池添謙一,1:11.5,1.1/2,44.8,10.0,450(-10),[西] 中竹和也,202508040309
5,4,7,イリフィ,牝3,55.0,西村淳也,1:11.5,ハナ,4.1,2.0,430(0),[西] 高野友和,202508040309
6,1,1,ザウリ,牡6,58.0,北村友一,1:11.8,1.1/2,17.8,5.0,548(+8),[西] 森田直行,202508040309
7,3,5,ズバットマサムネ,セ4,58.0,荻野琢真,1:11.8,クビ,18.1,6.0,494(+2),[西] 杉山佳明,202508040309
8,2,3,エルサトアナ,牝3,55.0,武豊,1:11.8,ハナ,16.8,4.0,424(-2),[西] 本田優,202508040309
9,5,9,ハリウッドブルース,牡4,58.0,高杉吏麒,1:11.8,アタマ,21.7,7.0,466(+2),[西] 浜田多実,202508040309
10,2,2,フェリ,牝5,56.0,酒井学,1:12.0,1.1/4,285.1,15.0,470(-10),[西] 佐々木晶,202508040309
11,8,15,ヨシノヤッタルデー,牡4,58.0,幸英明,1:12.1,クビ,30.6,9.0,464(-2),[西] 中竹和也,202508040309
12,8,14,アスクキングコング,セ7,58.0,吉村誠之,1:12.2,1/2,102.2,14.0,478(+2),[西] 梅田智之,202508040309
13,5,8,エンプレスペイ,牝5,56.0,国分優作,1:12.4,1.1/4,84.2,13.0,468(-2),[西] 小栗実,202508040309
14,4,6,キングクー,牡6,58.0,松若風馬,1:12.6,1.1/4,25.3,8.0,510(-16),[東] 根本康広,202508040309
15,7,12,ハピアーザンエバー,牡4,58.0,藤懸貴志,1:14.0,8,57.0,12.0,458(-2),[西] 羽月友彦,202508040309
1,8,16,ウエストナウ,牡4,57.0,団野大成,1:58.9,,12.4,5.0,498(0),[西] 佐々木晶,202508040310
2,5,9,シェイクユアハート,牡5,58.0,古川吉洋,1:59.0,1/2,4.5,2.0,458(+14),[西] 宮徹,202508040310
3,8,15,マイネルケレリウス,牡5,57.0,武豊,1:59.3,1.3/4,23.8,9.0,430(-2),[東] 奥村武,202508040310
4,4,7,バレエマスター,牡6,57.0,鮫島克駿,1:59.3,ハナ,18.6,7.0,484(+8),[西] 梅田智之,202508040310
5,5,10,マイネルメモリー,牡5,57.0,和田竜二,1:59.3,クビ,29.7,11.0,468(+8),[西] 宮徹,202508040310
6,3,6,リビアングラス,牡5,58.0,坂井瑠星,1:59.6,1.1/2,3.1,1.0,494(0),[西] 矢作芳人,202508040310
7,2,4,レッドバリエンテ,牡6,58.0,吉村誠之,1:59.6,クビ,19.5,8.0,498(+16),[西] 中内田充,202508040310
8,7,14,アイスグリーン,牡5,57.0,Ｃ．デム,1:59.6,ハナ,6.8,3.0,484(+2),[西] 池添学,202508040310
9,1,1,ドクタードリトル,牡5,57.0,岩田望来,1:59.7,クビ,15.1,6.0,476(+2),[西] 今野貞一,202508040310
10,2,3,ブレイヴロッカー,セ5,57.0,酒井学,1:59.7,クビ,27.3,10.0,454(-12),[西] 本田優,202508040310
11,4,8,エープラス,牝7,55.0,高杉吏麒,2:00.0,1.3/4,106.9,15.0,488(-4),[東] 池上昌和,202508040310
12,3,5,ウインエーデル,牝5,55.0,松若風馬,2:00.1,クビ,52.8,13.0,460(+2),[西] 吉田直弘,202508040310
13,7,13,シュバルツクーゲル,牡4,57.0,西村淳也,2:00.3,1.1/4,7.3,4.0,492(0),[東] 鹿戸雄一,202508040310
14,1,2,コスモブッドレア,牡4,57.0,幸英明,2:00.6,1.3/4,55.7,14.0,488(+2),[東] 小野次郎,202508040310
15,6,11,ケンシレインボー,牡3,55.0,山中悠希,2:00.6,クビ,259.6,16.0,434(-7),[地] 佐藤裕太,202508040310
16,6,12,スパイダーゴールド,牡6,57.0,浜中俊,2:00.7,クビ,43.4,12.0,498(-8),[東] 鹿戸雄一,202508040310
1,6,6,アドマイヤクワッズ,牡2,56.0,坂井瑠星,1:33.1,,2.6,1.0,478(+6),[西] 友道康夫,202508040311
2,7,7,カヴァレリッツォ,牡2,56.0,Ｃ．デム,1:33.1,アタマ,2.6,2.0,478(-2),[西] 吉岡辰弥,202508040311
3,4,4,アイガーリー,牡2,56.0,武豊,1:34.0,5,34.0,7.0,438(-2),[西] 秋山真一,202508040311
4,1,1,エイシンディード,牡2,56.0,高杉吏麒,1:34.2,1,22.5,6.0,450(+2),[西] 大久保龍,202508040311
5,2,2,マイケルバローズ,牡2,56.0,岩田望来,1:34.5,2,37.2,8.0,496(+4),[西] 上村洋行,202508040311
6,8,8,グッドピース,牡2,56.0,西村淳也,1:34.8,1.3/4,10.8,4.0,466(+14),[西] 高野友和,202508040311
7,3,3,ガリレア,牡2,56.0,杉原誠人,1:34.8,ハナ,19.1,5.0,438(-4),[東] 清水英克,202508040311
8,5,5,キャンディード,牡2,56.0,北村友一,1:35.0,3/4,3.8,3.0,490(+10),[西] 松下武士,202508040311
1,5,10,ジーティードレス,牝3,55.0,岩田望来,1:33.3,,4.7,3.0,440(-6),[西] 辻野泰之,202508040312
2,3,5,サリュエ,牡4,57.0,吉村誠之,1:33.5,1,14.6,5.0,496(-2),[西] 野中賢二,202508040312
3,8,18,コスモグローリー,牡3,57.0,和田竜二,1:33.5,アタマ,17.7,7.0,466(+18),[西] 北出成人,202508040312
4,7,13,マーシーラン,牝4,56.0,高杉吏麒,1:33.6,1/2,9.4,4.0,464(-10),[西] 渡辺薫彦,202508040312
5,2,3,サンウリエル,牡4,58.0,浜中俊,1:33.6,クビ,20.0,8.0,484(+4),[西] 宮本博,202508040312
6,6,12,テイクイットオール,牡3,57.0,池添謙一,1:33.6,アタマ,98.2,14.0,458(0),[西] 中竹和也,202508040312
7,3,6,リオンプライム,牝3,55.0,幸英明,1:33.7,クビ,118.8,16.0,472(-2),[西] 鈴木孝志,202508040312
8,4,8,ウインラウダ,牡4,58.0,団野大成,1:33.7,アタマ,49.8,11.0,522(+14),[西] 梅田智之,202508040312
9,1,1,ロールザダイス,セ3,57.0,鮫島克駿,1:33.7,クビ,14.6,6.0,466(-4),[西] 池江泰寿,202508040312
10,7,15,ムーンライトラガー,牝3,55.0,荻野琢真,1:33.8,クビ,58.2,12.0,420(-16),[西] 大久保龍,202508040312
11,8,16,エボルヴィング,牡4,58.0,西村淳也,1:33.8,クビ,22.5,9.0,452(-10),[西] 藤原英昭,202508040312
12,8,17,ダークブロンド,牝5,56.0,Ｃ．デム,1:33.8,クビ,23.5,10.0,430(-6),[西] 高橋亮,202508040312
13,1,2,ロケベンドラ,牝3,55.0,北村友一,1:33.9,クビ,4.5,2.0,436(+2),[西] 西園翔太,202508040312
14,4,7,カウンティフェア,牝3,55.0,田口貫太,1:33.9,クビ,142.7,17.0,454(+2),[西] 高野友和,202508040312
15,5,9,ミッキースターダム,セ4,58.0,坂井瑠星,1:33.9,アタマ,3.3,1.0,462(+2),[西] 前川恭子,202508040312
16,2,4,プレミアシップ,牡3,54.0,田山旺佑,1:34.1,1.1/4,108.2,15.0,502(+4),[西] 吉岡辰弥,202508040312
17,6,11,マルクパージュ,牝5,56.0,古川吉洋,1:34.1,ハナ,347.2,18.0,424(+2),[西] 加藤公太,202508040312
18,7,14,レーンアジリティ,牡3,57.0,松若風馬,1:34.1,ハナ,93.4,13.0,478(+10),[西] 中尾秀正,202508040312
1,3,4,エイシンビリオン,牝2,52.0,田山旺佑,1:24.7,,37.1,8.0,470(+2),[西] 今野貞一,202508040401
2,8,13,ペンダント,牝2,55.0,ルメール,1:24.7,クビ,4.2,2.0,460(-12),[西] 池江泰寿,202508040401
3,4,6,アーガイルショア,牝2,55.0,西村淳也,1:24.7,アタマ,4.6,3.0,504(0),[西] 安田翔伍,202508040401
4,2,2,クロスボーダー,牝2,55.0,北村友一,1:25.1,2.1/2,10.7,5.0,494(+6),[西] 小林真也,202508040401
5,5,8,ダンシングドール,牝2,52.0,森田誠也,1:25.3,1.1/4,90.0,10.0,454(-2),[西] 牧田和弥,202508040401
6,7,11,プレデンシア,牝2,55.0,津村明秀,1:25.9,3.1/2,77.2,9.0,490(-2),[西] 中尾秀正,202508040401
7,3,3,コイバナ,牝2,55.0,戸崎圭太,1:26.0,3/4,34.8,7.0,448(-10),[西] 渡辺薫彦,202508040401
8,4,5,ミスヘンリー,牝2,55.0,幸英明,1:26.1,クビ,91.9,11.0,438(+2),[西] 羽月友彦,202508040401
9,6,10,レステダンルヴァン,牝2,55.0,斎藤新,1:26.1,クビ,33.8,6.0,498(0),[西] 藤岡健一,202508040401
10,8,14,フルフィルメント,牝2,55.0,丹内祐次,1:26.4,1.1/2,115.9,12.0,524(+10),[西] 宮地貴稔,202508040401
11,5,7,ガーリッシュ,牝2,55.0,和田竜二,1:26.4,クビ,6.6,4.0,442(-16),[西] 鈴木孝志,202508040401
12,1,1,ミティリーニ,牝2,55.0,Ｃ．デム,1:26.5,1/2,2.3,1.0,448(+12),[西] 高野友和,202508040401
13,7,12,アロハマウロア,牝2,55.0,古川吉洋,1:27.2,4,418.4,14.0,456(+2),[西] 藤野健太,202508040401
14,6,9,ステラソレラ,牝2,55.0,田口貫太,1:28.9,10,330.2,13.0,410(-12),[西] 高橋康之,202508040401
1,4,7,カネコメブライト,牝2,55.0,和田竜二,1:12.7,,10.6,4.0,476(-4),[西] 中尾秀正,202508040402
2,2,2,リアルアルバ,牡2,56.0,幸英明,1:13.0,1.3/4,2.6,1.0,456(-6),[西] 大橋勇樹,202508040402
3,2,3,オンザノアール,牝2,55.0,岩田望来,1:13.4,2.1/2,4.4,2.0,486(+8),[西] 佐藤悠太,202508040402
4,6,10,ジュディーイメル,牝2,55.0,松山弘平,1:13.7,1.3/4,5.5,3.0,430(-2),[西] 武英智,202508040402
5,8,15,セイウンダイフク,牡2,53.0,田山旺佑,1:14.1,2.1/2,20.3,8.0,434(-2),[西] 宮本博,202508040402
6,5,8,ディアナタコス,牡2,53.0,森田誠也,1:14.3,1.1/2,213.1,14.0,428(+12),[西] 前川恭子,202508040402
7,3,5,カリビアンダンサー,牝2,55.0,鮫島克駿,1:14.4,アタマ,12.8,6.0,486(-2),[西] 宮地貴稔,202508040402
8,3,4,ゴーゴーエイミー,牝2,55.0,斎藤新,1:14.6,1.1/4,30.6,9.0,462(-6),[西] 東田明士,202508040402
9,6,11,シーキングザバース,牝2,55.0,浜中俊,1:14.7,3/4,157.3,12.0,444(-4),[東] 村田一誠,202508040402
10,7,13,シャンデヴィーニュ,牝2,55.0,Ｃ．デム,1:14.8,1/2,14.8,7.0,446(-12),[西] 秋山真一,202508040402
11,7,12,エナジーアユ,牝2,55.0,丹内祐次,1:14.9,クビ,78.5,11.0,456(-8),[西] 荒川義之,202508040402
12,5,9,ララクレアドルーン,牝2,55.0,古川吉洋,1:15.4,3,11.1,5.0,444(+2),[西] 坂口智康,202508040402
13,8,14,ミルトハッピー,牡2,56.0,木幡初也,1:15.6,1.1/4,161.0,13.0,486(+2),[東] 武市康男,202508040402
14,4,6,ライクシュガー,牝2,55.0,菱田裕二,1:15.7,3/4,484.5,15.0,444(-4),[西] 坂口智康,202508040402
15,1,1,ブレッティレディ,牝2,55.0,西村淳也,1:17.1,8,36.4,10.0,438(0),[西] 高橋一哉,202508040402
1,7,12,エイシンティザー,牡2,56.0,ルメール,1:33.9,,5.8,2.0,484(-12),[西] 吉村圭司,202508040403
2,4,7,アルヴァンドルード,牡2,56.0,Ｃ．デム,1:34.2,1.3/4,1.4,1.0,438(-2),[西] 池添学,202508040403
3,5,9,ムスクレスト,牡2,56.0,武豊,1:34.5,1.1/2,18.8,5.0,470(+18),[西] 安田翔伍,202508040403
4,6,11,サイモンシャリオ,牡2,56.0,松山弘平,1:34.5,1/2,32.1,7.0,496(+2),[西] 梅田智之,202508040403
5,2,3,メイショウショカツ,牡2,56.0,田口貫太,1:35.1,3.1/2,79.2,8.0,450(+6),[西] 石橋守,202508040403
6,3,5,フィデリス,牝2,55.0,北村友一,1:35.2,クビ,152.3,10.0,480(+10),[西] 坂口智康,202508040403
7,4,6,ナムラロダン,牡2,56.0,西村淳也,1:35.4,1.1/4,12.3,4.0,472(0),[西] 長谷川浩,202508040403
8,7,13,フィアスゲイル,牝2,55.0,戸崎圭太,1:35.8,2.1/2,189.6,12.0,474(-10),[西] 武幸四郎,202508040403
9,3,4,タガノエルー,牡2,56.0,古川吉洋,1:35.8,クビ,358.9,14.0,460(+2),[西] 宮徹,202508040403
10,1,1,ワンワールド,牝2,55.0,藤岡佑介,1:35.9,クビ,20.8,6.0,430(-6),[西] 藤岡健一,202508040403
11,2,2,スーパービジー,牡2,56.0,岩田康誠,1:36.0,1/2,158.1,11.0,458(-6),[西] 庄野靖志,202508040403
12,8,15,レフティサーリ,牝2,55.0,幸英明,1:36.1,1,9.3,3.0,414(+6),[西] 西園正都,202508040403
13,8,14,ピーチアバランチェ,牝2,55.0,菱田裕二,1:36.2,クビ,483.1,15.0,440(-4),[西] 宮地貴稔,202508040403
14,5,8,オタルイーグル,牡2,56.0,鮫島克駿,1:36.5,2,143.0,9.0,506(+18),[西] 高柳大輔,202508040403
15,6,10,メイケイシャイン,牡2,56.0,丹内祐次,1:37.3,5,243.8,13.0,462(-8),[西] 武英智,202508040403
1,5,5,メルカントゥール,牡2,56.0,Ｃ．デム,1:54.4,,3.8,2.0,528(0),[西] 杉山晴紀,202508040404
2,7,9,アメリカンイズム,牡2,56.0,レーン,1:54.6,1.1/4,2.5,1.0,490(0),[西] 池江泰寿,202508040404
3,6,6,ワザオギ,牡2,56.0,西村淳也,1:54.6,クビ,14.1,5.0,494(0),[西] 坂口智康,202508040404
4,8,11,アンコールアゲイン,牡2,56.0,松山弘平,1:55.1,3,7.6,4.0,486(0),[西] 今野貞一,202508040404
5,2,2,ルペイドゥロール,牡2,53.0,田山旺佑,1:55.5,2.1/2,49.7,9.0,504(0),[西] 新谷功一,202508040404
6,3,3,ダノンアンドレ,牡2,56.0,岩田望来,1:55.7,1.1/4,25.6,7.0,434(0),[西] 高柳大輔,202508040404
7,8,10,カンフージョン,牡2,56.0,ルメール,1:56.7,6,4.2,3.0,512(0),[西] 吉村圭司,202508040404
8,4,4,コスモタキシード,牡2,56.0,丹内祐次,1:56.8,1/2,103.9,10.0,484(0),[西] 吉田直弘,202508040404
9,6,7,アンティスマ,牝2,55.0,坂井瑠星,1:56.9,1/2,24.3,6.0,500(0),[西] 石橋守,202508040404
10,1,1,ルリエアンレーヴ,牡2,56.0,田口貫太,1:57.0,1/2,29.9,8.0,512(0),[西] 新谷功一,202508040404
11,7,8,ケイアイブラック,牡2,56.0,戸崎圭太,1:57.1,1/2,112.0,11.0,484(0),[西] 梅田智之,202508040404
1,6,6,アクセス,牡2,56.0,北村友一,2:01.9,,2.0,1.0,480(0),[西] 上村洋行,202508040405
2,2,2,ロングトールサリー,牝2,55.0,武豊,2:02.4,3,2.5,2.0,496(0),[西] 福永祐一,202508040405
3,1,1,ジュンプリメーロ,牡2,56.0,レーン,2:02.5,1/2,13.3,5.0,494(0),[西] 友道康夫,202508040405
4,8,9,ハクアイノアール,牡2,56.0,松山弘平,2:02.9,2.1/2,58.8,7.0,492(0),[西] 今野貞一,202508040405
5,5,5,フォーシーファイン,牡2,56.0,Ｃ．デム,2:03.0,1/2,7.3,3.0,478(0),[西] 斉藤崇史,202508040405
6,3,3,エクヴァータル,牡2,56.0,丹内祐次,2:03.4,2.1/2,103.7,9.0,520(0),[西] 前川恭子,202508040405
7,4,4,フィオーレクラウド,牝2,52.0,田山旺佑,2:04.4,6,84.4,8.0,448(0),[西] 長谷川浩,202508040405
8,8,8,レッドセドナ,牡2,56.0,西村淳也,2:04.5,1/2,9.9,4.0,464(0),[西] 藤原英昭,202508040405
9,7,7,ジャーナーリア,牡2,56.0,和田竜二,2:06.5,大,32.6,6.0,522(0),[西] 本田優,202508040405
1,3,5,バッハアルプゼー,牡3,57.0,松山弘平,1:11.4,,2.2,1.0,486(-4),[西] 橋口慎介,202508040406
2,5,10,ボディブロー,牡4,58.0,武豊,1:11.6,1,15.7,4.0,536(+8),[西] 森秀行,202508040406
3,8,15,イマージョン,牡3,57.0,Ｃ．デム,1:11.7,3/4,2.4,2.0,508(+8),[西] 高野友和,202508040406
4,4,7,ゴールデンチップス,牝4,56.0,坂井瑠星,1:12.3,3.1/2,16.3,5.0,500(0),[西] 須貝尚介,202508040406
5,1,2,スレッドザニードル,牡3,57.0,古川吉洋,1:12.3,ハナ,99.6,10.0,478(-4),[西] 佐々木晶,202508040406
6,1,1,ワンウェイトゥヘル,牡3,57.0,鮫島克駿,1:12.3,クビ,59.5,8.0,468(+4),[西] 中村直也,202508040406
7,8,16,フェゲフォイア,牡5,55.0,田山旺佑,1:12.6,1.1/2,123.1,12.0,464(-3),[西] 岡田稲男,202508040406
8,2,3,ホルンフェルス,牝3,55.0,鮫島良太,1:12.6,ハナ,105.1,11.0,460(-2),[西] 河嶋宏樹,202508040406
9,6,12,カフェノワール,牝5,56.0,レーン,1:12.6,クビ,6.3,3.0,486(-2),[西] 池江泰寿,202508040406
10,2,4,メイプルギャング,牡4,58.0,西村淳也,1:12.9,1.3/4,31.6,6.0,508(+4),[西] 中竹和也,202508040406
11,4,8,メイショウイヌワシ,牡6,55.0,森田誠也,1:12.9,クビ,265.2,15.0,504(+2),[西] 石橋守,202508040406
12,5,9,フェニーチェドーロ,牝3,55.0,菱田裕二,1:12.9,ハナ,77.5,9.0,456(+14),[西] 宮本博,202508040406
13,6,11,デアデルマーレ,牝5,56.0,丹内祐次,1:13.4,3,300.4,16.0,488(+4),[西] 坂口智康,202508040406
14,3,6,ブラヴィーノ,牡6,58.0,斎藤新,1:13.5,1/2,220.0,13.0,458(-2),[東] 天間昭一,202508040406
15,7,14,サイモンオリーブ,牝5,56.0,戸崎圭太,1:14.0,3,233.3,14.0,482(+12),[西] 梅田智之,202508040406
16,7,13,ポッドボウ,牡3,57.0,北村友一,1:14.7,4,52.0,7.0,498(-2),[西] 矢作芳人,202508040406
1,2,4,ゴールデンクラウド,牡3,56.0,Ｃ．デム,1:50.8,,1.8,1.0,526(0),[西] 小林真也,202508040407
2,3,5,ポッドフォルク,牡3,56.0,松山弘平,1:50.9,3/4,9.8,4.0,492(0),[西] 西園正都,202508040407
3,6,11,メイショウカシワデ,牡4,58.0,岩田康誠,1:51.3,2.1/2,42.8,7.0,454(+14),[西] 角田晃一,202508040407
4,4,7,タマモキャリコ,セ4,58.0,鮫島克駿,1:51.8,3,18.2,5.0,428(+4),[西] 宮地貴稔,202508040407
5,5,10,ユウトザユウト,牡3,56.0,川田将雅,1:51.9,クビ,3.5,2.0,514(+8),[西] 小崎憲,202508040407
6,2,3,クリノグローリー,牡5,58.0,菱田裕二,1:51.9,ハナ,76.0,8.0,480(-10),[西] 谷潔,202508040407
7,1,1,スカイドゥエラー,牡7,55.0,田山旺佑,1:52.0,3/4,87.8,10.0,456(-2),[西] 谷潔,202508040407
8,6,12,ジョータルマエ,セ5,58.0,鮫島良太,1:52.0,クビ,6.6,3.0,500(+2),[西] 河嶋宏樹,202508040407
9,7,14,シンリミテス,牡6,58.0,古川吉洋,1:52.3,1.3/4,90.5,11.0,502(-2),[西] 大根田裕,202508040407
10,1,2,ディオスパーダ,牡3,56.0,田口貫太,1:52.4,クビ,95.7,12.0,486(0),[西] 小椋研介,202508040407
11,3,6,ワンダーブレット,セ6,58.0,岩田望来,1:52.5,3/4,76.4,9.0,506(0),[西] 笹田和秀,202508040407
12,8,15,マルカブリッツ,牡5,58.0,津村明秀,1:52.6,1/2,37.8,6.0,490(+12),[西] 福永祐一,202508040407
13,5,9,メイショウジェンマ,牡5,58.0,幸英明,1:53.1,3,147.6,14.0,480(+4),[西] 飯田祐史,202508040407
14,8,16,オーケーカルメン,牝4,53.0,森田誠也,1:53.4,1.3/4,192.2,15.0,436(0),[西] 奥村豊,202508040407
15,4,8,フローラルセント,牝4,56.0,西村淳也,1:53.6,1.1/4,144.1,13.0,484(0),[西] 松下武士,202508040407
16,7,13,シンゼンイズモ,牡5,58.0,和田竜二,2:01.7,大,260.9,16.0,530(+2),[西] 荒川義之,202508040407
1,5,8,アンダースコア,牡3,57.0,田口貫太,1:20.7,,24.4,7.0,458(+10),[西] 庄野靖志,202508040408
2,2,3,オンザブルースカイ,牡3,57.0,菱田裕二,1:20.8,1/2,116.1,14.0,460(+2),[西] 谷潔,202508040408
3,6,10,ダノンキラウェア,牡4,58.0,川田将雅,1:20.8,クビ,8.1,4.0,476(+4),[西] 中内田充,202508040408
4,2,2,エールトゥヘヴン,牡6,58.0,ルメール,1:20.8,ハナ,10.5,5.0,464(0),[東] 戸田博文,202508040408
5,5,9,メイショウカイト,牝7,56.0,武豊,1:20.8,ハナ,12.4,6.0,466(-6),[西] 荒川義之,202508040408
6,1,1,モズアンタレス,牝5,56.0,和田竜二,1:20.8,アタマ,108.4,13.0,510(+4),[西] 飯田祐史,202508040408
7,8,15,ロンドボス,牝3,55.0,松山弘平,1:20.9,クビ,7.5,3.0,458(+6),[西] 藤原英昭,202508040408
8,4,6,ルヴァンノワール,牝7,56.0,鮫島克駿,1:20.9,ハナ,101.6,12.0,472(-2),[西] 庄野靖志,202508040408
9,6,11,ホーリーブラッサム,牝3,55.0,レーン,1:20.9,ハナ,1.9,1.0,480(-4),[西] 斉藤崇史,202508040408
10,3,5,カラヴァジェスティ,牡3,57.0,岩田康誠,1:20.9,1/2,34.9,9.0,476(-4),[東] 奥村武,202508040408
11,8,14,エクストラバック,牡4,58.0,幸英明,1:21.0,クビ,54.0,10.0,500(+2),[西] 西園正都,202508040408
12,3,4,ブルクトーア,牡3,57.0,Ｃ．デム,1:21.1,1/2,6.8,2.0,496(+6),[西] 長谷川浩,202508040408
13,7,12,サロニコス,牝4,56.0,西村淳也,1:21.2,3/4,27.6,8.0,464(-2),[西] 松下武士,202508040408
14,7,13,エクセルゴールド,牡4,58.0,津村明秀,1:21.5,2,336.0,15.0,476(+8),[東] 武市康男,202508040408
15,4,7,サトノプリエール,牝6,56.0,北村友一,1:21.5,クビ,78.8,11.0,490(-12),[西] 斉藤崇史,202508040408
1,2,2,ノチェセラーダ,牡2,56.0,Ｃ．デム,2:01.3,,15.3,6.0,468(+6),[西] 杉山佳明,202508040409
2,4,4,アーレムアレス,牡2,56.0,菱田裕二,2:01.3,クビ,4.4,2.0,488(+4),[西] 橋口慎介,202508040409
3,6,6,ダークマルス,牡2,56.0,川田将雅,2:01.4,アタマ,7.5,4.0,472(0),[西] 杉山晴紀,202508040409
4,1,1,キッコベッロ,牡2,56.0,レーン,2:01.5,1,1.8,1.0,494(0),[西] 友道康夫,202508040409
5,3,3,サンダーストラック,牡2,56.0,ルメール,2:01.8,1.3/4,5.3,3.0,520(0),[東] 木村哲也,202508040409
6,5,5,ジャストビート,牝2,55.0,丹内祐次,2:02.2,2.1/2,144.9,8.0,424(+6),[西] 安達昭夫,202508040409
7,7,7,サーディンラン,牡2,56.0,松山弘平,2:03.4,7,31.4,7.0,460(0),[西] 武英智,202508040409
8,8,8,サントルドパリ,牡2,56.0,鮫島克駿,2:03.9,3,13.0,5.0,496(+2),[西] 小林真也,202508040409
1,4,5,トリポリタニア,牡3,55.0,Ｃ．デム,1:49.4,,3.8,1.0,482(+14),[西] 上村洋行,202508040410
2,1,1,テスティモーネ,牡3,55.0,古川吉洋,1:49.7,1.3/4,5.7,2.0,516(-4),[西] 大根田裕,202508040410
3,3,4,メイショウズイウン,牡3,56.0,松山弘平,1:49.8,クビ,6.4,4.0,500(+4),[西] 本田優,202508040410
4,2,2,ヒルノハンブルク,牡3,56.0,武豊,1:50.3,3,5.9,3.0,474(+6),[西] 武英智,202508040410
5,6,9,シンビリーブ,牡3,55.0,ルメール,1:50.4,クビ,12.2,7.0,522(+4),[西] 森秀行,202508040410
6,8,14,コスモジンバック,牡4,54.0,丹内祐次,1:50.6,1.1/4,115.8,13.0,488(-8),[東] 相沢郁,202508040410
7,3,3,アスクデビューモア,牡4,55.0,戸崎圭太,1:50.6,クビ,58.4,10.0,466(+4),[西] 福永祐一,202508040410
8,7,11,サンライズグルーヴ,牡5,54.0,菱田裕二,1:50.7,1/2,152.1,14.0,524(-2),[西] 前川恭子,202508040410
9,5,8,カネトシゴウト,牡4,57.0,幸英明,1:50.9,1,15.8,8.0,472(-2),[西] 大橋勇樹,202508040410
10,6,10,クレメダンジュ,牝5,52.0,田山旺佑,1:50.9,クビ,77.0,12.0,484(0),[西] 鈴木孝志,202508040410
11,5,7,グロッシェン,牡4,55.0,西村淳也,1:50.9,アタマ,67.6,11.0,472(-12),[東] 宮田敬介,202508040410
12,8,13,カミノレアル,牡3,55.0,田口貫太,1:51.0,クビ,8.0,6.0,518(+4),[西] 今野貞一,202508040410
13,4,6,クァンタムウェーブ,牡3,56.0,坂井瑠星,1:51.6,3.1/2,7.8,5.0,536(+27),[西] 松永幹夫,202508040410
14,7,12,ルージュミラージュ,牝3,52.0,森田誠也,1:52.6,6,28.2,9.0,438(-8),[西] 武幸四郎,202508040410
1,4,7,レガレイラ,牝4,56.0,戸崎圭太,2:11.0,,2.3,1.0,480(+8),[東] 木村哲也,202508040411
2,1,1,パラディレーヌ,牝3,54.0,岩田望来,2:11.3,1.3/4,10.0,4.0,508(+6),[西] 千田輝彦,202508040411
3,6,12,ライラック,牝6,56.0,藤岡佑介,2:11.4,1,32.7,9.0,456(-2),[東] 相沢郁,202508040411
4,8,16,リンクスティップ,牝3,54.0,Ｃ．デム,2:11.4,アタマ,5.8,2.0,482(+2),[西] 西村真幸,202508040411
5,7,13,ココナッツブラウン,牝5,56.0,北村友一,2:11.5,1/2,6.2,3.0,462(+2),[西] 上村洋行,202508040411
6,5,10,セキトバイースト,牝4,56.0,浜中俊,2:11.6,1/2,36.5,10.0,468(-10),[西] 四位洋文,202508040411
7,3,5,サフィラ,牝4,56.0,西村淳也,2:11.6,ハナ,118.7,15.0,470(+6),[西] 池添学,202508040411
8,4,8,ヴェルミセル,牝5,56.0,鮫島克駿,2:11.7,1/2,48.5,13.0,468(0),[西] 吉村圭司,202508040411
9,6,11,フェアエールング,牝5,56.0,丹内祐次,2:12.0,1.1/2,50.4,14.0,464(0),[東] 和田正一,202508040411
10,1,2,ステレンボッシュ,牝4,56.0,ルメール,2:12.0,クビ,13.2,6.0,472(0),[東] 国枝栄,202508040411
11,5,9,ボンドガール,牝4,56.0,津村明秀,2:12.1,クビ,44.1,12.0,460(+2),[東] 手塚貴久,202508040411
12,3,6,エリカエクスプレス,牝3,54.0,武豊,2:12.1,ハナ,12.2,5.0,462(0),[西] 杉山晴紀,202508040411
13,2,3,シンリョクカ,牝5,56.0,木幡初也,2:12.2,1,36.6,11.0,464(-2),[東] 竹内正洋,202508040411
14,7,14,ケリフレッドアスク,牝3,54.0,岩田康誠,2:12.4,3/4,145.6,16.0,456(-2),[西] 藤原英昭,202508040411
15,2,4,カナテープ,牝6,56.0,レーン,2:12.6,1.1/4,26.5,7.0,468(0),[東] 堀宣行,202508040411
16,8,15,オーロラエックス,牝4,56.0,松山弘平,2:13.0,2.1/2,26.7,8.0,488(0),[西] 杉山晴紀,202508040411
1,6,8,ガイアメンテ,牡4,56.0,ルメール,1:45.6,,2.7,1.0,494(-2),[西] 須貝尚介,202508040412
2,8,12,アウフヘーベン,牝5,53.0,北村友一,1:45.8,1.1/4,11.1,6.0,464(+4),[西] 高橋亮,202508040412
3,4,4,セブンマジシャン,牡5,57.0,Ｃ．デム,1:45.9,3/4,4.0,2.0,498(+16),[西] 高野友和,202508040412
4,7,9,ウィープディライト,セ4,55.0,斎藤新,1:46.1,1,48.5,10.0,498(0),[西] 池添学,202508040412
5,2,2,ノーブルスカイ,牡4,54.0,鮫島克駿,1:46.1,アタマ,38.9,9.0,484(0),[西] 高柳大輔,202508040412
6,8,11,ワイドアラジン,牡5,57.0,川田将雅,1:46.2,1/2,10.3,5.0,484(+6),[西] 奥村豊,202508040412
7,3,3,ナムラフッカー,牡4,56.0,武豊,1:46.2,クビ,16.6,7.0,474(+4),[西] 長谷川浩,202508040412
8,1,1,プッシュオン,牡5,56.0,坂井瑠星,1:46.2,ハナ,5.7,3.0,454(-4),[西] 西村真幸,202508040412
9,5,5,マイネルオーシャン,牡4,55.0,丹内祐次,1:46.3,1/2,23.9,8.0,476(+4),[東] 鹿戸雄一,202508040412
10,5,6,ショウナンラピダス,牡4,57.0,戸崎圭太,1:46.3,クビ,9.1,4.0,490(-4),[東] 国枝栄,202508040412
11,7,10,リッケンバッカー,牡7,54.0,古川吉洋,1:46.4,クビ,126.9,11.0,486(-2),[西] 西村真幸,202508040412
12,6,7,ディープリッチ,牡7,53.0,田口貫太,1:46.5,3/4,159.0,12.0,528(+4),[東] 小島茂之,202508040412
1,3,4,テーオーナタリー,牝2,55.0,西村淳也,1:13.2,,2.7,1.0,436(0),[西] 梅田智之,202508040501
2,5,7,アスターエポワス,牝2,55.0,松山弘平,1:13.3,1/2,3.3,3.0,464(-4),[西] 河嶋宏樹,202508040501
3,7,11,ガーネットフレア,牝2,55.0,Ｃ．デム,1:13.8,3,3.2,2.0,448(-2),[西] 杉山佳明,202508040501
4,7,12,マユナイト,牝2,55.0,幸英明,1:13.9,クビ,37.9,8.0,396(+6),[西] 高橋康之,202508040501
5,2,2,リリーサンライズ,牝2,52.0,古川奈穂,1:14.0,1/2,60.7,9.0,460(-2),[西] 矢作芳人,202508040501
6,3,3,アロハマウロア,牝2,52.0,田山旺佑,1:14.0,クビ,216.6,13.0,450(-6),[西] 藤野健太,202508040501
7,4,6,スノーガーネット,牝2,55.0,団野大成,1:14.0,クビ,16.2,5.0,474(-4),[西] 中尾秀正,202508040501
8,4,5,クリスプレミアム,牝2,51.0,河原田菜,1:14.1,クビ,82.4,10.0,452(+16),[西] 渡辺薫彦,202508040501
9,1,1,コウユーネロガ,牝2,52.0,森田誠也,1:14.3,1.1/4,193.6,12.0,434(-2),[西] 斉藤崇史,202508040501
10,6,9,マリノムーンリーフ,牝2,55.0,武豊,1:14.3,アタマ,12.5,4.0,490(0),[西] 角田晃一,202508040501
11,8,13,エボニードール,牝2,55.0,岩田望来,1:14.5,1,24.5,6.0,430(+4),[西] 寺島良,202508040501
12,6,10,モノノケ,牝2,55.0,岩田康誠,1:15.0,3,33.5,7.0,466(0),[西] 宮地貴稔,202508040501
13,8,14,ライクシュガー,牝2,52.0,川端海翼,1:15.3,2,586.8,14.0,444(0),[西] 坂口智康,202508040501
14,5,8,フェンネル,牝2,55.0,国分優作,1:15.8,3,169.6,11.0,408(+2),[西] 大根田裕,202508040501
1,4,7,ジャスティンダラス,牡2,56.0,松山弘平,1:52.7,,1.1,1.0,524(+2),[西] 杉山晴紀,202508040502
2,8,14,ブラックコーラル,牡2,56.0,Ｃ．デム,1:52.9,1.1/4,7.5,2.0,524(+6),[西] 清水久詞,202508040502
3,8,15,メイショウナナシロ,牡2,56.0,田口貫太,1:52.9,クビ,103.0,8.0,452(0),[西] 石橋守,202508040502
4,1,1,ワルトシュタイン,牡2,56.0,北村友一,1:54.5,10,51.0,5.0,472(+4),[西] 佐藤悠太,202508040502
5,3,4,セルシャーム,牡2,56.0,菱田裕二,1:54.6,1/2,27.2,4.0,514(0),[西] 野中賢二,202508040502
6,5,8,ダテオトコ,牡2,56.0,団野大成,1:54.9,1.1/2,106.9,9.0,420(+2),[西] 斉藤崇史,202508040502
7,2,2,テンレッドサン,牝2,54.0,吉村誠之,1:54.9,ハナ,85.6,7.0,450(-2),[西] 西園翔太,202508040502
8,4,6,クリコバロー,牡2,52.0,河原田菜,1:55.1,1.1/4,606.1,14.0,484(+14),[西] 渡辺薫彦,202508040502
9,6,11,ダノンシーホーク,牡2,56.0,小崎綾也,1:55.7,4,55.1,6.0,472(+2),[西] 大久保龍,202508040502
10,7,13,ローゾフィア,牝2,55.0,藤岡佑介,1:55.8,1/2,23.5,3.0,434(-4),[西] 宮本博,202508040502
11,2,3,オッハッピー,牝2,52.0,川端海翼,1:56.0,1.1/4,651.2,15.0,424(+4),[西] 西村真幸,202508040502
12,5,9,クボウサマ,セ2,53.0,田山旺佑,1:56.1,クビ,321.4,12.0,480(+4),[西] 庄野靖志,202508040502
13,3,5,ビアリッツ,牝2,55.0,幸英明,1:56.1,アタマ,190.4,10.0,438(+6),[西] 北出成人,202508040502
14,7,12,ゴールデンテティス,牝2,55.0,加藤祥太,1:56.7,4,271.2,11.0,474(+4),[西] 庄野靖志,202508040502
15,6,10,ニホンピロエール,牡2,56.0,国分優作,1:57.5,5,419.0,13.0,434(-2),[西] 安達昭夫,202508040502
1,3,5,トップアタック,牡2,56.0,西村淳也,1:08.6,,4.3,2.0,464(+6),[西] 小椋研介,202508040503
2,3,6,マーゴットミスト,牡2,53.0,古川奈穂,1:08.7,1,10.5,4.0,532(+8),[西] 杉山佳明,202508040503
3,1,2,ルージュルガーノ,牝2,55.0,岩田望来,1:08.8,クビ,34.1,7.0,444(-6),[西] 昆貢,202508040503
4,1,1,ハナイロマヒナ,牝2,55.0,北村友一,1:09.2,2.1/2,48.0,9.0,398(+2),[西] 高橋亮,202508040503
5,8,16,メルメラーダ,牝2,55.0,Ｃ．デム,1:09.3,クビ,2.1,1.0,438(-6),[西] 高橋一哉,202508040503
6,4,7,ルビーエクリプス,牝2,55.0,田口貫太,1:09.7,2.1/2,70.2,11.0,432(+4),[西] 高野友和,202508040503
7,7,15,ムーンリットアイル,牝2,55.0,マーカン,1:09.9,1.1/2,4.9,3.0,440(-2),[西] 武英智,202508040503
8,7,13,ヒッグスボソン,牡2,56.0,坂井瑠星,1:10.0,クビ,11.1,5.0,426(0),[西] 高橋義忠,202508040503
9,6,12,トーアアグネス,牝2,54.0,吉村誠之,1:10.6,3.1/2,193.4,15.0,420(+2),[西] 羽月友彦,202508040503
10,7,14,ゲレーロアスール,牡2,56.0,和田竜二,1:10.6,クビ,161.3,13.0,462(+8),[西] 鈴木孝志,202508040503
11,5,10,パッションマーレ,牝2,55.0,松山弘平,1:11.3,4,25.3,6.0,406(0),[西] 四位洋文,202508040503
12,2,3,ノヴァレジーナ,牝2,55.0,団野大成,1:11.4,1/2,126.8,12.0,450(+6),[西] 中尾秀正,202508040503
13,6,11,シンギュラーレディ,牝2,52.0,田山旺佑,1:11.4,アタマ,339.5,17.0,424(-8),[西] 佐藤悠太,202508040503
14,5,9,ウイッチボニータ,牝2,55.0,菱田裕二,1:11.8,2,65.2,10.0,498(+6),[西] 石坂公一,202508040503
15,4,8,ダイメイプリンス,牡2,56.0,小崎綾也,1:12.3,3,47.1,8.0,494(+4),[西] 森田直行,202508040503
中,2,4,メイショウピュルテ,牝2,55.0,浜中俊,,,165.7,14.0,436(-4),[西] 笹田和秀,202508040503
中,8,17,ニュートラ,牝2,55.0,幸英明,,,227.2,16.0,458(-2),[西] 畑端省吾,202508040503
中,8,18,キョウエイクローム,牝2,55.0,高倉稜,,,547.5,18.0,436(+2),[西] 森田直行,202508040503
1,6,6,ヴィスコンテッサ,牝2,55.0,Ｃ．デム,1:46.9,,11.7,4.0,440(0),[西] 松永幹夫,202508040504
2,8,10,ストームゲイル,牡2,55.0,吉村誠之,1:46.9,クビ,11.7,5.0,468(+6),[西] 四位洋文,202508040504
3,8,11,ブラックオリンピア,牡2,56.0,川田将雅,1:47.1,1,1.8,1.0,516(-8),[西] 友道康夫,202508040504
4,4,4,ジューンアゲイン,牡2,56.0,松山弘平,1:47.1,アタマ,11.8,6.0,452(+12),[西] 長谷川浩,202508040504
5,5,5,ホウオウモチーヴ,牡2,56.0,坂井瑠星,1:47.2,1/2,3.1,2.0,492(+2),[西] 矢作芳人,202508040504
6,6,7,レザベーション,牡2,56.0,田口貫太,1:47.3,1/2,10.9,3.0,462(+4),[西] 松下武士,202508040504
7,1,1,ヴィラジョヴィス,牝2,55.0,北村友一,1:48.2,5,41.1,7.0,482(+4),[西] 小栗実,202508040504
8,3,3,メイショウヒタカミ,牡2,56.0,高杉吏麒,1:48.3,3/4,65.0,8.0,448(0),[西] 石橋守,202508040504
9,7,9,ルーン,牝2,52.0,川端海翼,1:50.5,大,624.4,11.0,466(-2),[西] 高橋一哉,202508040504
10,7,8,カモンレイル,牡2,56.0,岩田望来,1:50.6,クビ,281.3,9.0,446(0),[西] 中竹和也,202508040504
11,2,2,ルリエアンレーヴ,牡2,53.0,田山旺佑,1:51.3,4,281.6,10.0,516(+4),[西] 新谷功一,202508040504
1,6,12,アルトラムス,牡2,56.0,レーン,1:34.4,,2.2,1.0,480(0),[西] 野中賢二,202508040505
2,8,17,アンジュラフィーユ,牝2,55.0,ルメール,1:34.9,3,4.5,2.0,438(0),[西] 藤野健太,202508040505
3,4,7,ワイルドチャーム,牝2,55.0,岩田望来,1:35.0,クビ,61.7,11.0,474(0),[西] 千田輝彦,202508040505
4,2,4,ゼルダ,牝2,55.0,和田竜二,1:35.0,クビ,10.0,5.0,476(0),[西] 鈴木孝志,202508040505
5,4,8,ディオレガーロ,牝2,55.0,Ｃ．デム,1:35.5,3,6.2,3.0,442(0),[西] 長谷川浩,202508040505
6,8,15,プリュスエクラ,牝2,55.0,団野大成,1:35.5,クビ,9.0,4.0,454(0),[西] 小林真也,202508040505
7,5,9,キボウホー,牡2,56.0,武豊,1:35.5,ハナ,17.7,6.0,452(0),[西] 松永幹夫,202508040505
8,3,6,ベネディクション,牝2,52.0,古川奈穂,1:35.6,1/2,56.8,9.0,418(0),[西] 矢作芳人,202508040505
9,1,1,ロングジーニアス,牝2,55.0,長岡禎仁,1:35.6,ハナ,64.8,12.0,408(0),[西] 高橋亮,202508040505
10,7,14,クリコメリー,牝2,52.0,川端海翼,1:35.9,1.3/4,373.8,17.0,406(0),[西] 谷潔,202508040505
11,1,2,ゴリョウセイ,牡2,56.0,松山弘平,1:36.0,クビ,25.7,7.0,480(0),[西] 松下武士,202508040505
12,2,3,フレイムスター,牡2,56.0,西村淳也,1:36.0,アタマ,72.1,13.0,526(0),[西] 清水久詞,202508040505
13,5,10,ゼットクイン,牝2,55.0,高杉吏麒,1:36.1,3/4,81.3,14.0,434(0),[西] 宮徹,202508040505
14,3,5,クリノセーラーマン,牡2,56.0,田口貫太,1:36.3,1,57.7,10.0,480(0),[西] 大橋勇樹,202508040505
15,8,16,ビーチェ,牝2,54.0,吉村誠之,1:36.3,アタマ,219.0,15.0,426(0),[西] 角田晃一,202508040505
16,6,11,イリノセラビア,牝2,55.0,北村友一,1:36.4,3/4,42.9,8.0,446(0),[西] 吉村圭司,202508040505
17,7,13,シビックアスコット,牡2,56.0,菱田裕二,1:37.6,7,279.6,16.0,490(0),[西] 高橋義忠,202508040505
1,6,11,カタリテ,牡2,56.0,高杉吏麒,1:24.8,,6.0,4.0,462(0),[西] 北出成人,202508040506
2,5,9,バトルアックス,牡2,56.0,坂井瑠星,1:25.7,5,7.8,5.0,508(0),[西] 今野貞一,202508040506
3,3,6,ペプチドレオン,牡2,56.0,岩田望来,1:26.2,3,3.8,1.0,454(0),[西] 武英智,202508040506
4,2,4,レッツエンジョイ,牡2,53.0,田山旺佑,1:26.4,1,129.9,13.0,530(0),[西] 石坂公一,202508040506
5,7,13,ムソウテンセイ,牡2,56.0,和田竜二,1:26.4,1/2,55.3,11.0,436(0),[西] 鈴木孝志,202508040506
6,2,3,タントレーベル,牝2,54.0,吉村誠之,1:26.6,1,33.5,10.0,466(0),[西] 吉村圭司,202508040506
7,4,8,ジャスパーレオン,牡2,56.0,団野大成,1:26.8,1,18.0,8.0,456(0),[西] 森秀行,202508040506
8,4,7,レッドブライトン,牡2,56.0,Ｃ．デム,1:26.8,ハナ,5.8,3.0,472(0),[西] 奥村豊,202508040506
9,5,10,テンマジックアワー,牡2,56.0,松山弘平,1:27.0,1.1/4,5.0,2.0,474(0),[西] 高柳大輔,202508040506
10,8,16,ヤマニンエルファバ,牝2,55.0,武豊,1:27.1,1/2,23.0,9.0,478(0),[西] 千田輝彦,202508040506
11,7,14,マクノス,牝2,55.0,田口貫太,1:27.8,4,77.5,12.0,424(0),[西] 鈴木孝志,202508040506
12,1,1,ライトニングロッド,牝2,55.0,北村友一,1:27.8,アタマ,16.4,7.0,478(0),[西] 高橋義忠,202508040506
13,6,12,エルモサカスターノ,牝2,51.0,河原田菜,1:28.2,2,260.2,15.0,404(0),[西] 谷潔,202508040506
14,3,5,アイビーミャーオ,牝2,52.0,川端海翼,1:28.6,2.1/2,11.7,6.0,468(0),[西] 小林真也,202508040506
15,1,2,ミリアリア,牝2,55.0,荻野琢真,1:28.6,クビ,292.8,16.0,472(0),[西] 杉山佳明,202508040506
16,8,15,ディグニダドレアル,牡2,53.0,森田誠也,1:28.7,クビ,146.2,14.0,478(0),[西] 宮徹,202508040506
1,5,9,ヴァンアグレアブル,牝3,54.0,Ｃ．デム,1:52.9,,1.5,1.0,524(+4),[西] 橋口慎介,202508040507
2,6,12,アイブリンク,牝3,54.0,松山弘平,1:53.8,5,16.6,5.0,478(+8),[西] 大久保龍,202508040507
3,4,8,マテンロウシルビア,牝3,54.0,岩田望来,1:53.9,1,49.4,11.0,434(+6),[西] 四位洋文,202508040507
4,1,1,マハナ,牝4,56.0,坂井瑠星,1:54.0,クビ,7.4,2.0,458(+10),[西] 井上智史,202508040507
5,5,10,デルマサクラサク,牝3,53.0,吉村誠之,1:54.2,1.1/4,37.6,10.0,476(+2),[西] 牧田和弥,202508040507
6,4,7,バレンシア,牝3,54.0,高杉吏麒,1:54.2,ハナ,29.4,7.0,460(+2),[西] 笹田和秀,202508040507
7,2,3,レーヴドレフォン,牝4,56.0,マーカン,1:54.5,1.3/4,18.8,6.0,474(-4),[西] 矢作芳人,202508040507
8,7,14,メイショウバスク,牝3,54.0,加藤祥太,1:54.5,ハナ,533.4,16.0,484(-2),[西] 梅田智之,202508040507
9,8,15,ビジュードネージュ,牝3,54.0,西村淳也,1:54.5,クビ,93.9,12.0,430(+5),[西] 高柳大輔,202508040507
10,3,5,ウィンターガーデン,牝4,56.0,ルメール,1:54.5,クビ,37.2,9.0,494(-2),[西] 武幸四郎,202508040507
11,6,11,ニホンピロマリンバ,牝4,56.0,国分優作,1:54.6,クビ,387.1,15.0,512(-14),[西] 安達昭夫,202508040507
12,8,16,ベレニーチェ,牝4,53.0,古川奈穂,1:55.1,3,103.9,13.0,460(0),[西] 武英智,202508040507
13,7,13,アレーティア,牝3,54.0,北村友一,1:55.4,2,11.9,4.0,494(-10),[西] 田中克典,202508040507
14,3,6,ナムラルッコラ,牝4,56.0,田口貫太,1:55.6,1.1/4,8.0,3.0,508(0),[西] 大橋勇樹,202508040507
15,2,4,サイレントグルーヴ,牝4,56.0,武豊,1:56.7,7,30.7,8.0,494(+2),[西] 角田晃一,202508040507
16,1,2,サンピノン,牝3,51.0,田山旺佑,1:57.0,1.3/4,286.1,14.0,436(-6),[西] 谷潔,202508040507
1,4,7,リネアグローリア,牡4,58.0,岩田望来,1:24.1,,10.4,5.0,478(-2),[西] 小崎憲,202508040508
2,3,6,リメンバーヒム,牡3,57.0,高杉吏麒,1:24.1,アタマ,10.3,4.0,456(+4),[西] 浜田多実,202508040508
2,8,16,ソリスクラヴィス,牡3,57.0,Ｃ．デム,1:24.1,同着,4.0,3.0,522(+8),[西] 西園正都,202508040508
4,5,10,アレ,牡4,58.0,川田将雅,1:24.2,クビ,3.0,1.0,516(+2),[西] 中内田充,202508040508
5,6,12,ランスオブセヘル,牝4,56.0,ルメール,1:24.2,ハナ,3.8,2.0,494(+2),[西] 奥村豊,202508040508
6,6,11,プリンスノット,牡5,58.0,菱田裕二,1:24.6,2.1/2,322.9,14.0,472(-10),[西] 小椋研介,202508040508
7,2,4,セントラルヴァレー,セ4,58.0,池添謙一,1:24.7,3/4,18.1,6.0,474(0),[東] 栗田徹,202508040508
8,7,14,ジョヴィアン,牡5,58.0,坂井瑠星,1:25.1,2,18.7,7.0,516(+10),[西] 井上智史,202508040508
9,1,2,グラティアスミノル,牡4,58.0,亀田温心,1:25.1,クビ,425.1,15.0,500(+12),[西] 北出成人,202508040508
10,5,9,ブリーズオンチーク,牝4,56.0,和田竜二,1:25.1,ハナ,87.0,10.0,482(0),[西] 高野友和,202508040508
11,8,15,アルジェンタージョ,牝4,56.0,マーカン,1:25.2,1/2,113.4,11.0,468(-12),[東] 伊藤圭三,202508040508
12,4,8,サザーランド,牝5,53.0,橋木太希,1:25.5,2,25.3,9.0,462(+2),[西] 小林真也,202508040508
13,3,5,イナフセド,牡5,55.0,川端海翼,1:25.5,ハナ,256.5,13.0,486(+2),[西] 小林真也,202508040508
14,1,1,スマートプレシャス,牝4,55.0,吉村誠之,1:25.8,1.3/4,25.1,8.0,528(+12),[西] 中村直也,202508040508
15,2,3,ディージェーサン,牝6,52.0,河原田菜,1:26.1,2,433.1,16.0,448(+4),[東] 堀内岳志,202508040508
16,7,13,プシプシーナ,牝4,56.0,北村友一,1:27.8,10,240.1,12.0,436(+6),[西] 小栗実,202508040508
1,1,1,タガノアラリア,牡2,56.0,松山弘平,1:20.6,,3.9,2.0,444(-2),[西] 西園翔太,202508040509
2,2,2,アスミル,牡2,56.0,団野大成,1:21.1,3,4.6,3.0,486(+2),[西] 本田優,202508040509
3,3,3,ファニーバニー,牝2,55.0,Ｃ．デム,1:21.2,クビ,2.2,1.0,444(-2),[西] 杉山佳明,202508040509
4,4,4,スターオブロンドン,牡2,56.0,坂井瑠星,1:21.4,1.1/2,17.6,6.0,476(-2),[西] 矢作芳人,202508040509
5,5,5,トモジャプレジール,牡2,56.0,国分優作,1:21.6,1.1/4,26.6,7.0,438(+2),[西] 大根田裕,202508040509
6,6,6,プレダトゥール,牡2,56.0,亀田温心,1:21.6,クビ,5.7,4.0,450(+4),[西] 北出成人,202508040509
7,8,8,ドルチェミスト,牝2,55.0,岩田望来,1:21.7,1/2,17.3,5.0,436(0),[西] 小栗実,202508040509
8,7,7,フレンドモナコ,牡2,56.0,小崎綾也,1:21.9,1.1/4,154.2,9.0,416(+4),[東] 南田美知,202508040509
9,8,9,エイシンディアマン,牝2,55.0,和田竜二,1:22.6,4,112.8,8.0,446(+2),[西] 中尾秀正,202508040509
1,3,5,ダノンシーマ,牡3,56.0,川田将雅,2:24.9,,2.1,1.0,494(+6),[西] 中内田充,202508040510
2,1,2,アクアヴァーナル,牝4,56.0,坂井瑠星,2:25.3,2.1/2,4.8,2.0,470(0),[西] 四位洋文,202508040510
3,2,4,ウイントレメンデス,牡4,58.0,武豊,2:25.4,1/2,13.2,5.0,476(-2),[西] 長谷川浩,202508040510
4,3,6,アスターブジエ,牡5,58.0,西村淳也,2:25.4,アタマ,52.8,11.0,472(-2),[西] 中竹和也,202508040510
5,4,7,レミージュ,牝5,56.0,北村友一,2:25.4,アタマ,16.3,7.0,454(+10),[西] 井上智史,202508040510
6,5,10,レッドテリオス,牡4,58.0,マーカン,2:25.4,ハナ,12.3,4.0,480(+2),[東] 古賀慎明,202508040510
7,6,12,スピードリッチ,牡4,58.0,藤岡佑介,2:25.5,1/2,26.7,9.0,480(-2),[西] 藤岡健一,202508040510
8,5,9,タイセイフェリーク,牝5,56.0,団野大成,2:25.6,アタマ,53.3,12.0,426(-2),[西] 田中克典,202508040510
9,4,8,ウインルーティン,牡5,58.0,松山弘平,2:25.9,2,37.4,10.0,482(0),[西] 長谷川浩,202508040510
10,8,15,ギャンブルルーム,牡4,58.0,Ｃ．デム,2:25.9,クビ,11.1,3.0,504(+2),[西] 大久保龍,202508040510
11,1,1,バロネッサ,牝4,56.0,吉村誠之,2:26.0,クビ,79.0,13.0,506(-8),[東] 田中博康,202508040510
12,7,14,サトノクローク,牡5,58.0,菱田裕二,2:26.1,1,207.0,14.0,466(0),[西] 橋口慎介,202508040510
13,2,3,ダノンホイットニー,牝4,56.0,ルメール,2:26.2,1/2,17.0,8.0,430(-8),[東] 大竹正博,202508040510
14,7,13,インザモーメント,牡4,58.0,岩田望来,2:27.0,5,13.2,6.0,498(+10),[西] 田中克典,202508040510
15,6,11,ミアステラ,セ6,58.0,国分優作,2:27.1,3/4,254.1,15.0,514(+8),[西] 大根田裕,202508040510
16,8,16,イヤサカ,牝7,56.0,田口貫太,2:27.2,クビ,324.6,16.0,488(-6),[東] 天間昭一,202508040510
1,2,4,ムルソー,牡4,58.0,ルメール,1:56.9,,1.7,1.0,512(+4),[西] 池江泰寿,202508040511
2,2,3,ハギノサステナブル,牡5,57.0,北村友一,1:56.9,クビ,51.3,9.0,476(-8),[西] 高野友和,202508040511
3,5,9,ゼットリアン,牡5,57.0,松山弘平,1:57.2,1.3/4,21.3,8.0,442(0),[西] 吉田直弘,202508040511
4,3,5,カンピオーネ,牡6,57.0,マーカン,1:57.2,アタマ,193.8,12.0,516(0),[東] 栗田徹,202508040511
5,8,15,クールミラボー,牡5,58.0,Ｃ．デム,1:57.5,1.1/2,13.4,5.0,498(-2),[西] 寺島良,202508040511
6,3,6,リアレスト,牡4,57.0,岩田康誠,1:57.8,1.3/4,199.2,13.0,516(-6),[東] 尾関知人,202508040511
7,6,11,フォーチュンテラー,牡6,57.0,田口貫太,1:57.8,クビ,271.3,15.0,490(+12),[西] 浜田多実,202508040511
8,1,2,ミッキーヌチバナ,牡7,59.0,レーン,1:57.9,クビ,17.2,7.0,518(-4),[西] 高橋亮,202508040511
9,5,10,ジューンアヲニヨシ,牡5,57.0,西村淳也,1:58.6,4,7.0,2.0,490(-4),[西] 松下武士,202508040511
10,7,13,ザイツィンガー,牡9,57.0,国分恭介,1:58.8,1.1/4,453.0,16.0,434(+2),[西] 牧田和弥,202508040511
11,8,16,ハグ,牡3,55.0,高杉吏麒,1:59.2,2.1/2,13.5,6.0,506(0),[西] 藤岡健一,202508040511
12,1,1,サーマルソアリング,牝5,55.0,吉村誠之,1:59.5,2,127.6,10.0,498(-4),[西] 藤原英昭,202508040511
13,4,8,ミッキークレスト,牡4,57.0,坂井瑠星,1:59.9,2.1/2,12.6,4.0,516(-2),[西] 大久保龍,202508040511
14,4,7,スナークラファエロ,セ4,57.0,岩田望来,1:59.9,クビ,7.1,3.0,474(-6),[西] 野中賢二,202508040511
15,6,12,メイショウフンジン,牡7,62.0,荻野琢真,2:00.2,2,190.5,11.0,528(+2),[西] 西園正都,202508040511
16,7,14,ロコポルティ,牡7,58.0,団野大成,2:01.3,7,245.1,14.0,526(-4),[西] 西園正都,202508040511
1,8,14,ミッキーゴールド,セ3,56.0,Ｃ．デム,1:59.2,,2.8,2.0,486(-10),[西] 池江泰寿,202508040512
2,1,1,ネブラディスク,牡3,56.0,岩田望来,1:59.4,1.1/4,2.0,1.0,440(-8),[西] 福永祐一,202508040512
3,4,7,エバーグルーヴ,牝3,54.0,高杉吏麒,1:59.6,1.1/4,15.5,4.0,418(0),[西] 藤岡健一,202508040512
4,3,4,フォーキャンドルズ,牡3,56.0,団野大成,1:59.9,1.1/2,31.1,9.0,504(+6),[西] 本田優,202508040512
5,4,6,ラブリーリディア,牝3,54.0,西村淳也,2:00.0,3/4,17.4,6.0,446(-4),[西] 中内田充,202508040512
6,7,12,ファミリーツリー,牝4,56.0,武豊,2:00.0,クビ,30.6,8.0,470(+6),[西] 河嶋宏樹,202508040512
7,3,5,アイザックバローズ,牡5,58.0,和田竜二,2:00.2,1.1/4,120.1,12.0,482(-2),[西] 友道康夫,202508040512
8,7,13,バンフィエルド,牡6,58.0,長岡禎仁,2:00.3,1/2,185.0,13.0,426(-4),[西] 緒方努,202508040512
9,5,9,ミカエルパシャ,牡4,58.0,松山弘平,2:00.6,1.1/2,15.3,3.0,484(+14),[西] 橋口慎介,202508040512
10,6,10,モモンウールー,牝4,55.0,吉村誠之,2:00.8,1.1/2,97.1,11.0,468(+10),[西] 池添学,202508040512
11,6,11,ウインアクトゥール,牡4,58.0,レーン,2:00.9,クビ,19.4,7.0,438(-4),[東] 栗田徹,202508040512
12,5,8,ショウナンガチ,牡4,58.0,池添謙一,2:01.3,2.1/2,83.2,10.0,506(+10),[西] 須貝尚介,202508040512
13,2,3,ラッキーダンス,牝3,54.0,田口貫太,2:01.7,2.1/2,245.4,14.0,434(-4),[東] 新開幸一,202508040512
14,8,15,ルクスドヌーヴ,牝5,52.0,河原田菜,2:01.7,クビ,274.9,15.0,452(-4),[東] 堀内岳志,202508040512
15,2,2,ゴーソーファー,牝3,54.0,坂井瑠星,2:03.4,10,16.8,5.0,462(-6),[東] 手塚貴久,202508040512
1,4,5,ホットシート,牡2,56.0,川田将雅,1:25.0,,2.6,1.0,532(+2),[西] 大久保龍,202508040601
2,5,8,サマーマッドネス,牡2,56.0,ルメール,1:25.6,3.1/2,3.9,3.0,520(+2),[西] 森秀行,202508040601
3,5,7,マルモリラピダス,牡2,56.0,田口貫太,1:26.0,2.1/2,108.3,11.0,432(-4),[西] 緒方努,202508040601
4,3,4,ガイストライヒ,牡2,56.0,Ｃ．デム,1:26.8,5,3.6,2.0,466(+6),[西] 高柳大輔,202508040601
5,7,11,ビーチェマーレ,牡2,56.0,武豊,1:26.9,1/2,12.1,5.0,498(-4),[西] 友道康夫,202508040601
6,2,2,メイショウイブキ,牝2,55.0,団野大成,1:27.0,3/4,57.9,10.0,474(-6),[西] 荒川義之,202508040601
7,8,14,イサギ,牡2,55.0,吉村誠之,1:27.1,クビ,24.0,7.0,462(+6),[西] 小椋研介,202508040601
8,6,9,ジャストアダッシュ,牡2,56.0,松若風馬,1:27.2,クビ,19.8,6.0,478(+4),[西] 藤野健太,202508040601
9,3,3,ナムラシンジロー,牡2,54.0,柴田裕一,1:27.4,1.1/4,475.3,13.0,432(-2),[西] 羽月友彦,202508040601
10,8,13,ヤマニンフェイエル,牡2,56.0,岩田望来,1:28.0,3.1/2,10.8,4.0,460(0),[西] 中村直也,202508040601
11,7,12,フェルギナス,牡2,56.0,坂井瑠星,1:28.0,アタマ,55.5,9.0,468(-4),[西] 矢作芳人,202508040601
12,1,1,シャープインサイト,牡2,56.0,高杉吏麒,1:28.2,1.1/2,40.0,8.0,434(+8),[西] 東田明士,202508040601
13,4,6,カセノナユタ,牡2,53.0,田山旺佑,1:29.2,6,450.8,12.0,504(+2),[西] 中尾秀正,202508040601
14,6,10,ブラダマンテ,牝2,55.0,国分優作,1:29.2,アタマ,618.5,14.0,454(-2),[西] 畑端省吾,202508040601
1,8,13,クラックショット,牡2,56.0,Ｃ．デム,1:54.0,,4.1,2.0,478(+14),[西] 清水久詞,202508040602
2,7,11,ルファーダ,牡2,56.0,国分優作,1:55.0,6,7.0,3.0,512(+8),[西] 大根田裕,202508040602
3,3,3,ピエナオルカ,牡2,52.0,河原田菜,1:55.3,2,8.1,5.0,488(+12),[西] 谷潔,202508040602
4,4,4,エクストラプッシュ,牡2,56.0,鮫島克駿,1:55.7,2.1/2,9.0,6.0,538(+8),[西] 奥村豊,202508040602
5,1,1,ロードファイター,牡2,56.0,高杉吏麒,1:55.8,1/2,7.9,4.0,476(+6),[西] 東田明士,202508040602
6,5,6,サラサダンディー,牡2,56.0,菱田裕二,1:55.9,1/2,30.9,8.0,494(-14),[西] 岡田稲男,202508040602
7,6,8,ナブッコ,牡2,54.0,柴田裕一,1:56.0,1/2,36.0,9.0,490(-4),[西] 中竹和也,202508040602
8,8,12,ポッドジーク,牡2,55.0,吉村誠之,1:56.1,クビ,2.7,1.0,510(-2),[西] 西園正都,202508040602
9,2,2,イチザペガサス,牡2,56.0,城戸義政,1:56.5,2.1/2,47.5,10.0,448(0),[東] 的場均,202508040602
10,6,9,メイショウゴッホ,牡2,56.0,団野大成,1:56.8,2,76.5,11.0,484(+8),[西] 飯田祐史,202508040602
11,7,10,ヒロウッドテール,牡2,56.0,鮫島良太,1:57.4,3.1/2,240.2,13.0,458(+2),[西] 河嶋宏樹,202508040602
12,4,5,スマートコーラル,牝2,55.0,藤懸貴志,1:57.6,1.1/4,137.4,12.0,498(+2),[西] 石坂公一,202508040602
13,5,7,スズカローズキング,牡2,56.0,北村友一,1:59.8,大,23.5,7.0,466(-2),[西] 佐々木晶,202508040602
1,1,2,エアビーアゲイル,牝2,55.0,岩田望来,2:00.4,,3.4,2.0,462(-6),[西] 辻野泰之,202508040603
2,1,1,タガノアルトゥーラ,牡2,55.0,吉村誠之,2:00.6,1,11.8,5.0,482(-2),[西] 長谷川浩,202508040603
3,7,14,インフィオラータ,牝2,55.0,ルメール,2:00.8,1.1/4,7.4,3.0,446(+2),[西] 須貝尚介,202508040603
4,6,11,モンシーク,牡2,56.0,松山弘平,2:00.8,クビ,1.9,1.0,462(-2),[西] 橋口慎介,202508040603
5,5,9,ナムラヴンダー,牡2,56.0,岩田康誠,2:00.9,クビ,21.7,6.0,432(-4),[西] 河嶋宏樹,202508040603
6,6,12,レッドラージャ,牡2,56.0,Ｃ．デム,2:01.0,1/2,8.3,4.0,514(+8),[西] 友道康夫,202508040603
7,8,15,ビップヴォルフ,牡2,56.0,西村淳也,2:01.1,3/4,63.5,7.0,440(+4),[西] 小椋研介,202508040603
8,7,13,コスモギオン,牡2,53.0,森田誠也,2:01.6,3,332.7,13.0,466(+2),[西] 宮徹,202508040603
9,2,3,キービート,牡2,56.0,秋山稔樹,2:02.2,3.1/2,500.8,14.0,494(+4),[西] 宮徹,202508040603
10,3,6,ダイシンヨーク,牝2,55.0,和田竜二,2:02.2,アタマ,321.4,12.0,478(-2),[西] 吉田直弘,202508040603
11,4,8,ペプチドエレノア,牡2,56.0,団野大成,2:02.9,4,68.0,8.0,486(+4),[西] 武英智,202508040603
12,3,5,イノリ,牝2,52.0,和田陽希,2:03.7,5,291.9,9.0,408(-2),[西] 高橋康之,202508040603
13,4,7,フリーマン,牡2,56.0,田口貫太,2:04.1,2.1/2,306.7,10.0,512(0),[西] 高橋義忠,202508040603
14,2,4,トンデトンデトンデ,牡2,56.0,高杉吏麒,2:04.3,1.1/4,309.4,11.0,450(-10),[西] 北出成人,202508040603
15,5,10,シシリアンフラッグ,牝2,52.0,田山旺佑,2:04.5,1.1/2,506.3,15.0,392(+6),[東] 中川公成,202508040603
16,8,16,ユイアヴェニール,牡2,56.0,富田暁,2:04.8,1.3/4,722.4,16.0,440(+8),[西] 高橋義忠,202508040603
1,6,6,シュネルアンジュ,牝2,55.0,武豊,1:53.2,,3.2,2.0,486(0),[西] 寺島良,202508040604
2,7,7,タガノシルフィー,牝2,55.0,西村淳也,1:53.2,アタマ,6.1,4.0,466(0),[西] 石橋守,202508040604
3,5,5,ブルーメサンライズ,牝2,55.0,菱田裕二,1:53.8,3.1/2,34.7,7.0,472(0),[西] 石坂公一,202508040604
4,4,4,フレットローソ,牝2,54.0,吉村誠之,1:54.0,1,6.9,5.0,498(0),[西] 高橋義忠,202508040604
5,1,1,デアアテナ,牝2,55.0,北村友一,1:54.4,2.1/2,4.8,3.0,440(0),[西] 田中克典,202508040604
6,3,3,スターチューン,牝2,55.0,坂井瑠星,1:54.9,3,3.0,1.0,558(0),[西] 奥村豊,202508040604
7,2,2,アルムアポジェ,牝2,55.0,秋山稔樹,1:55.7,5,14.7,6.0,470(0),[西] 北出成人,202508040604
1,4,4,スカイスプレンダー,牡2,56.0,Ｃ．デム,1:47.8,,1.5,1.0,474(0),[西] 池江泰寿,202508040605
2,7,7,サトノアグード,牡2,56.0,松山弘平,1:48.3,2.1/2,10.0,4.0,472(0),[西] 藤原英昭,202508040605
3,5,5,ゲフィオン,牝2,55.0,レーン,1:48.5,1.1/4,7.0,2.0,436(0),[西] 辻野泰之,202508040605
4,8,9,スリラーナイト,牝2,55.0,団野大成,1:48.6,3/4,16.9,6.0,440(0),[西] 長谷川浩,202508040605
5,1,1,デルマフジ,牡2,56.0,ルメール,1:48.9,1.3/4,20.0,7.0,480(0),[西] 武幸四郎,202508040605
6,3,3,ウインカトリーヌ,牝2,55.0,川田将雅,1:48.9,ハナ,7.5,3.0,516(0),[西] 西園翔太,202508040605
7,8,8,コンゴウフジ,牡2,56.0,武豊,1:48.9,クビ,12.7,5.0,478(0),[西] 福永祐一,202508040605
8,2,2,ニシノトリビュート,牡2,56.0,岩田望来,1:49.1,1.1/4,20.6,8.0,496(0),[西] 新谷功一,202508040605
9,6,6,カミノトップワン,牡2,55.0,吉村誠之,1:50.5,8,151.5,9.0,478(0),[西] 千田輝彦,202508040605
1,8,15,ポッドドンナー,牡3,56.0,吉村誠之,1:24.1,,9.0,5.0,478(+2),[西] 辻野泰之,202508040606
2,4,8,ジェミート,牡3,57.0,富田暁,1:24.4,1.1/2,18.7,7.0,490(-2),[西] 四位洋文,202508040606
3,7,13,メティエダール,牝4,56.0,坂井瑠星,1:24.5,1/2,21.1,8.0,500(+8),[西] 松永幹夫,202508040606
4,3,6,メイケイレイン,牡3,57.0,岩田康誠,1:24.5,アタマ,7.2,3.0,444(+2),[西] 中竹和也,202508040606
5,8,16,エンダードラゴン,牡3,57.0,武豊,1:24.7,1.1/4,2.8,1.0,518(-4),[西] 友道康夫,202508040606
6,3,5,ポンピエ,牡4,58.0,鮫島克駿,1:24.7,クビ,35.7,10.0,456(+2),[西] 西園正都,202508040606
7,2,4,グランデスフィーダ,牡5,58.0,菅原明良,1:24.9,3/4,105.1,14.0,534(-8),[西] 佐藤悠太,202508040606
8,5,10,テイエムパイロット,牡3,54.0,田山旺佑,1:24.9,アタマ,23.6,9.0,500(-6),[西] 秋山真一,202508040606
9,7,14,マーウォルス,牡3,57.0,Ｃ．デム,1:25.1,1.1/4,8.1,4.0,472(+2),[西] 茶木太樹,202508040606
10,6,11,アメリカンランナー,牡4,58.0,横山武史,1:25.3,1.1/4,56.4,11.0,484(-6),[西] 茶木太樹,202508040606
11,6,12,ニホンピロカラット,牡4,58.0,田口貫太,1:25.3,クビ,4.2,2.0,526(+8),[西] 大橋勇樹,202508040606
12,4,7,エンブレムボム,牡4,58.0,マーカン,1:26.1,5,79.9,13.0,532(+2),[西] 森秀行,202508040606
13,1,1,サディーク,牝3,55.0,西村淳也,1:26.4,1.3/4,17.6,6.0,448(+10),[西] 河嶋宏樹,202508040606
14,2,3,デュアルロール,牝3,52.0,和田陽希,1:26.8,2.1/2,216.5,16.0,490(0),[西] 笹田和秀,202508040606
15,1,2,クリオシダード,牡3,57.0,松山弘平,1:28.2,8,67.6,12.0,496(0),[西] 清水久詞,202508040606
16,5,9,ジェバーダ,牝3,55.0,北村友一,2:03.7,大,142.2,15.0,504(+10),[西] 松下武士,202508040606
1,1,1,ウインデイジー,牝4,56.0,マーカン,2:23.9,,12.7,4.0,454(-4),[西] 宮徹,202508040607
2,5,9,ヤマニンヒストリア,牡3,56.0,松山弘平,2:24.0,3/4,14.9,5.0,464(+6),[西] 中村直也,202508040607
3,4,7,ロットブラータ,牡3,56.0,Ｃ．デム,2:24.2,1.1/2,2.0,1.0,530(-6),[西] 平田修,202508040607
4,1,2,アットアブラスト,セ5,57.0,西塚洸二,2:24.7,3,40.8,11.0,454(-4),[西] 小椋研介,202508040607
5,8,18,メイショウキンタイ,牡3,53.0,田山旺佑,2:24.8,1/2,17.2,7.0,476(-2),[西] 高橋亮,202508040607
6,7,15,セイキュート,牝3,54.0,岩田望来,2:24.8,ハナ,12.5,3.0,474(-2),[西] 四位洋文,202508040607
7,6,12,レジェンドシップ,セ5,58.0,西村淳也,2:24.8,ハナ,4.8,2.0,460(+4),[西] 佐藤悠太,202508040607
8,5,10,デルシエロ,牡4,57.0,吉村誠之,2:24.8,1/2,16.5,6.0,416(+2),[西] 清水久詞,202508040607
9,7,14,ドーギッド,牝3,54.0,横山武史,2:24.9,クビ,29.0,10.0,474(+4),[西] 矢作芳人,202508040607
10,8,17,テイクザクラウン,牡4,58.0,川又賢治,2:24.9,ハナ,23.3,9.0,450(+6),[西] 吉村圭司,202508040607
11,7,13,ジーティートシオー,牡3,56.0,鮫島克駿,2:24.9,クビ,102.9,14.0,466(0),[西] 西村真幸,202508040607
12,3,5,ヘルツアス,牝4,56.0,松若風馬,2:25.2,2,54.4,12.0,422(-4),[西] 森田直行,202508040607
13,2,3,ドルチェリターン,牡3,56.0,坂井瑠星,2:25.3,クビ,18.4,8.0,462(0),[西] 池添学,202508040607
14,3,6,ムーンスカイ,牡5,58.0,高杉吏麒,2:25.6,1.1/2,226.8,15.0,456(+2),[西] 牧田和弥,202508040607
15,8,16,ピエナオルフェ,牡4,58.0,城戸義政,2:25.7,3/4,550.1,18.0,452(-8),[西] 荒川義之,202508040607
16,6,11,チャイボーグ,牝5,56.0,和田竜二,2:25.8,クビ,428.5,17.0,492(+2),[東] 的場均,202508040607
17,2,4,スワローサプライズ,牝3,51.0,和田陽希,2:25.9,3/4,89.6,13.0,466(+4),[西] 杉山晴紀,202508040607
18,4,8,アロガントシェイム,牝3,54.0,長岡禎仁,2:28.0,大,283.1,16.0,480(+2),[西] 杉山佳明,202508040607
1,5,7,モックモック,牡5,58.0,武豊,1:52.2,,4.3,2.0,498(-2),[西] 寺島良,202508040608
2,8,13,グランドプラージュ,牡3,56.0,川田将雅,1:52.2,クビ,1.7,1.0,524(0),[西] 杉山晴紀,202508040608
3,5,8,キーチパルフェ,牡4,58.0,鮫島克駿,1:52.8,3.1/2,5.6,3.0,476(+10),[西] 高柳大輔,202508040608
4,8,14,クリノフィガロ,牡4,58.0,岩田望来,1:53.0,1.1/4,14.1,5.0,508(+10),[西] 荒川義之,202508040608
5,7,12,エルフストラック,牝4,56.0,Ｃ．デム,1:53.1,3/4,8.7,4.0,492(0),[西] 中村直也,202508040608
6,2,2,リアルクィーン,牝3,51.0,田山旺佑,1:53.2,1/2,59.3,8.0,456(0),[西] 石坂公一,202508040608
7,4,6,メイショウオオコ,牡4,58.0,団野大成,1:53.3,3/4,102.6,9.0,470(-4),[西] 荒川義之,202508040608
8,3,3,グランキングオー,牡3,56.0,松山弘平,1:53.4,1/2,46.0,7.0,458(+2),[西] 高橋康之,202508040608
9,6,10,ショウナンカブト,セ5,58.0,岩田康誠,1:53.5,3/4,157.4,11.0,530(-6),[東] 戸田博文,202508040608
10,1,1,ハギノカノア,牡5,58.0,荻野琢真,1:53.8,1.1/2,230.0,13.0,482(+8),[西] 秋山真一,202508040608
11,6,9,アルベリック,牡4,56.0,柴田裕一,1:54.1,1.3/4,148.2,10.0,480(0),[西] 中竹和也,202508040608
12,3,4,ディオスパーダ,牡3,53.0,和田陽希,1:54.4,2,424.0,14.0,484(-2),[西] 小椋研介,202508040608
13,4,5,クリノクリスタル,牝5,56.0,田口貫太,1:54.5,クビ,211.7,12.0,470(0),[西] 大橋勇樹,202508040608
14,7,11,フクキタテーラー,牝3,54.0,菱田裕二,1:54.5,アタマ,41.9,6.0,444(+2),[西] 緒方努,202508040608
1,2,2,ダノンフェアレディ,牝3,55.0,Ｃ．デム,1:33.5,,4.1,2.0,466(-4),[西] 橋口慎介,202508040609
2,4,4,ブルーマエストロ,牡3,57.0,ルメール,1:33.6,クビ,1.7,1.0,456(-4),[東] 黒岩陽一,202508040609
3,8,13,クスクス,牝4,53.0,池添謙一,1:33.8,1.1/4,39.7,7.0,492(0),[西] 松下武士,202508040609
4,3,3,ヨウシタンレイ,牝5,54.0,松若風馬,1:33.8,クビ,55.7,8.0,466(+6),[西] 藤野健太,202508040609
5,7,10,ジャズ,牡4,55.0,レーン,1:34.0,1.1/4,9.2,4.0,480(-2),[西] 辻野泰之,202508040609
6,1,1,トーアライデン,牡5,55.0,秋山稔樹,1:34.1,3/4,65.4,9.0,502(-2),[西] 河嶋宏樹,202508040609
7,8,12,グラフィティアート,牡3,56.0,武豊,1:34.2,1/2,7.4,3.0,474(+8),[西] 石橋守,202508040609
8,5,6,メイショウセイロウ,牡3,55.0,菅原明良,1:34.2,ハナ,13.0,5.0,416(-2),[西] 荒川義之,202508040609
9,6,8,キーウェーブ,牡4,54.0,城戸義政,1:34.4,1.1/4,251.4,13.0,446(+16),[西] 宮地貴稔,202508040609
10,4,5,コリカンチャ,セ3,55.0,団野大成,1:34.6,1,25.1,6.0,490(+8),[西] 斉藤崇史,202508040609
11,6,9,ヒロノゴウカイ,牡6,52.0,菅原隆一,1:34.6,クビ,237.7,12.0,496(-6),[東] 蛯名利弘,202508040609
12,5,7,ビヨンドザドリーム,牡5,53.0,加藤祥太,1:34.8,1,154.7,10.0,444(+6),[西] 小椋研介,202508040609
13,7,11,ケイテンアイジン,牡3,53.0,田口貫太,1:34.9,3/4,185.5,11.0,510(+17),[西] 谷潔,202508040609
1,7,13,フェルヴェンテ,牡5,58.0,坂井瑠星,1:23.7,,15.9,8.0,484(+8),[西] 宮徹,202508040610
2,3,6,セミマル,牡5,58.0,西村淳也,1:23.8,1/2,14.5,7.0,534(0),[西] 西村真幸,202508040610
3,6,11,ヴェロクオーレ,牝4,56.0,高杉吏麒,1:23.8,クビ,5.0,2.0,476(0),[西] 石坂公一,202508040610
4,2,3,ヒルノドゴール,牡4,58.0,松山弘平,1:23.9,1/2,7.7,5.0,528(+4),[西] 北出成人,202508040610
5,4,7,プロミシングスター,牡4,58.0,団野大成,1:24.0,クビ,5.8,3.0,460(+6),[西] 高橋義忠,202508040610
6,3,5,ジョディーズマロン,牡7,58.0,岩田康誠,1:24.1,3/4,43.2,11.0,464(-2),[西] 北出成人,202508040610
7,7,14,キャピタルサックス,牡4,58.0,武豊,1:24.3,1,10.1,6.0,504(+2),[西] 杉山晴紀,202508040610
8,2,4,ジャスパーバローズ,牡5,58.0,吉村誠之,1:24.3,ハナ,35.8,10.0,516(+2),[西] 清水久詞,202508040610
9,5,10,ヘルモーズ,牡4,58.0,北村友一,1:24.3,ハナ,53.9,13.0,524(+10),[西] 小林真也,202508040610
10,5,9,ダノンスウィッチ,牡4,58.0,Ｃ．デム,1:24.4,3/4,6.7,4.0,494(+2),[西] 東田明士,202508040610
11,6,12,プルートマスター,牡6,58.0,松若風馬,1:24.7,1.1/2,19.4,9.0,502(-2),[西] 今野貞一,202508040610
12,4,8,ノットファウンド,牝5,56.0,ルメール,1:24.7,アタマ,4.9,1.0,504(-2),[東] 国枝栄,202508040610
13,1,1,ジャーヴィス,牡5,58.0,藤懸貴志,1:24.7,クビ,129.1,15.0,498(0),[西] 千田輝彦,202508040610
14,8,16,ライジン,牡5,58.0,池添謙一,1:24.9,1.1/4,60.7,14.0,492(0),[西] 池添学,202508040610
15,8,15,スミ,牝6,56.0,マーカン,1:25.5,3.1/2,46.8,12.0,502(+4),[西] 高橋亮,202508040610
16,1,2,ラブコメディ,牝4,56.0,田口貫太,1:28.4,大,158.7,16.0,464(+14),[西] 寺島良,202508040610
1,7,15,ジャンタルマンタル,牡4,58.0,川田将雅,1:31.3,,1.8,1.0,500(-6),[西] 高野友和,202508040611
2,3,6,ガイアフォース,牡6,58.0,横山武史,1:31.6,1.3/4,8.6,4.0,502(+6),[西] 杉山晴紀,202508040611
3,2,3,ウォーターリヒト,牡4,58.0,高杉吏麒,1:31.6,ハナ,130.2,15.0,472(+10),[西] 石橋守,202508040611
4,6,11,オフトレイル,牡4,58.0,菅原明良,1:31.7,クビ,34.1,7.0,460(-2),[西] 吉村圭司,202508040611
5,5,9,エルトンバローズ,牡5,58.0,西村淳也,1:31.7,クビ,67.2,12.0,520(+4),[西] 杉山晴紀,202508040611
6,8,17,ソウルラッシュ,牡7,58.0,Ｃ．デム,1:31.7,アタマ,5.2,2.0,514(0),[西] 池江泰寿,202508040611
7,3,5,アスコリピチェーノ,牝4,56.0,ルメール,1:31.9,3/4,7.5,3.0,478(0),[東] 黒岩陽一,202508040611
8,2,4,マジックサンズ,牡3,57.0,武豊,1:32.1,1.1/4,53.2,9.0,524(+4),[西] 須貝尚介,202508040611
9,8,16,ドックランズ,牡5,58.0,ザーラ,1:32.1,クビ,120.2,13.0,504(0),[外] ユースタ,202508040611
10,4,7,チェルヴィニア,牝4,56.0,マーカン,1:32.2,クビ,45.4,8.0,492(-8),[東] 木村哲也,202508040611
11,1,1,トウシンマカオ,牡6,58.0,団野大成,1:32.2,クビ,58.9,11.0,476(-4),[東] 高柳瑞樹,202508040611
12,7,14,レーベンスティール,牡5,58.0,レーン,1:32.4,1.1/4,19.3,5.0,486(+2),[東] 田中博康,202508040611
13,4,8,カンチェンジュンガ,牡5,58.0,藤岡佑介,1:32.5,クビ,240.9,17.0,496(+6),[西] 庄野靖志,202508040611
14,1,2,シャンパンカラー,牡5,58.0,坂井瑠星,1:32.6,1/2,121.9,14.0,510(-6),[東] 田中剛,202508040611
15,7,13,ロングラン,セ7,58.0,岩田康誠,1:32.7,クビ,192.3,16.0,478(-12),[東] 和田勇介,202508040611
16,5,10,ラヴァンダ,牝4,56.0,岩田望来,1:32.8,1/2,20.2,6.0,492(+4),[西] 中村直也,202508040611
17,8,18,ワイドラトゥール,牝4,56.0,北村友一,1:33.0,1.1/2,278.2,18.0,430(+2),[西] 藤原英昭,202508040611
18,6,12,ウインマーベル,牡6,58.0,松山弘平,1:33.2,1.1/4,53.5,10.0,484(+2),[東] 深山雅史,202508040611
1,8,16,アンクルクロス,牡4,58.0,レーン,1:08.0,,9.9,4.0,474(+6),[西] 高橋亮,202508040612
2,2,3,サウスバンク,牝3,55.0,川田将雅,1:08.0,ハナ,4.1,2.0,492(+8),[西] 吉岡辰弥,202508040612
3,8,15,パクスロマーナ,牝5,56.0,池添謙一,1:08.0,アタマ,85.2,13.0,448(0),[西] 加藤公太,202508040612
4,1,1,バンドシェル,牡4,58.0,鮫島克駿,1:08.2,1.1/4,19.4,7.0,490(0),[西] 西村真幸,202508040612
5,5,10,シカゴスティング,牝4,56.0,西村淳也,1:08.3,1/2,36.1,11.0,454(-4),[西] 庄野靖志,202508040612
6,3,6,ロードトレイル,牡4,58.0,高杉吏麒,1:08.3,アタマ,61.0,12.0,480(0),[西] 藤岡健一,202508040612
7,6,12,ルーフ,牝5,56.0,坂井瑠星,1:08.5,1,24.4,9.0,506(0),[西] 清水久詞,202508040612
8,5,9,ウルトラソニック,牡7,58.0,田口貫太,1:08.5,アタマ,213.7,14.0,484(+12),[西] 中尾秀正,202508040612
9,4,7,サウンドモリアーナ,牝3,55.0,武豊,1:08.5,アタマ,23.7,8.0,438(-4),[西] 武英智,202508040612
10,7,14,ブラックケリー,牝3,55.0,横山武史,1:08.6,1/2,10.8,5.0,432(-4),[西] 長谷川浩,202508040612
11,7,13,モンシュマン,牡4,58.0,団野大成,1:08.7,クビ,17.2,6.0,474(+2),[西] 上村洋行,202508040612
12,1,2,マックアルイーン,牡3,57.0,ルメール,1:08.8,1,2.5,1.0,538(+4),[東] 木村哲也,202508040612
13,6,11,ミルテンベルク,牡4,58.0,Ｃ．デム,1:08.8,アタマ,7.9,3.0,486(-6),[西] 武英智,202508040612
14,3,5,タツダイヤモンド,牡5,58.0,和田竜二,1:08.9,アタマ,362.5,15.0,464(-14),[東] 的場均,202508040612
15,2,4,ドゥアムール,牝3,55.0,藤岡佑介,1:09.4,3,25.0,10.0,488(+6),[西] 中竹和也,202508040612
16,4,8,オソレ,牡4,58.0,松若風馬,1:09.6,1.1/4,452.8,16.0,466(0),[西] 小崎憲,202508040612
1,5,7,ラッキーバック,牡2,56.0,Ｃ．デム,1:25.7,,2.9,1.0,524(+8),[西] 西村真幸,202508040701
2,4,5,ハグレジョー,牡2,56.0,菱田裕二,1:25.8,クビ,3.9,3.0,490(-6),[西] 岡田稲男,202508040701
3,8,14,パータリプトラ,セ2,56.0,高杉吏麒,1:26.0,1.1/4,21.6,6.0,470(-8),[東] 武井亮,202508040701
4,5,8,マカナアネラ,牡2,56.0,武豊,1:26.4,2.1/2,9.0,5.0,454(-4),[西] 角田晃一,202508040701
5,8,13,アイカンアズーラ,牝2,55.0,酒井学,1:26.6,1.1/4,3.5,2.0,442(-2),[西] 河嶋宏樹,202508040701
6,1,1,シャンパンスター,牝2,55.0,国分優作,1:26.8,1.1/4,95.8,10.0,416(-2),[西] 緒方努,202508040701
7,3,4,オメガヒストリー,牡2,56.0,団野大成,1:26.9,1/2,23.9,7.0,486(-10),[西] 安田翔伍,202508040701
8,7,12,ブラックレジェンド,牡2,56.0,坂井瑠星,1:27.0,クビ,8.0,4.0,460(-4),[西] 寺島良,202508040701
9,2,2,コサージュ,牝2,54.0,吉村誠之,1:27.2,1.1/4,207.9,11.0,420(-4),[西] 清水久詞,202508040701
10,6,9,テセラグラディウス,牝2,55.0,斎藤新,1:27.8,3.1/2,214.8,12.0,444(-4),[西] 高橋一哉,202508040701
11,3,3,ディアナタコス,牡2,53.0,森田誠也,1:27.9,1,605.5,14.0,420(-8),[西] 前川恭子,202508040701
12,7,11,マイトグラッド,牡2,56.0,城戸義政,1:27.9,ハナ,543.1,13.0,438(-2),[西] 荒川義之,202508040701
13,4,6,オタルイーグル,牡2,56.0,鮫島克駿,1:28.0,クビ,66.2,9.0,494(-12),[西] 高柳大輔,202508040701
14,6,10,エールドリー,牝2,55.0,荻野琢真,1:28.5,3,58.8,8.0,412(-6),[西] 平田修,202508040701
1,4,4,システマソラー,牡2,56.0,国分恭介,1:53.6,,6.8,4.0,512(0),[西] 河嶋宏樹,202508040702
2,7,9,ワンダフルデイズ,牡2,56.0,Ｃ．デム,1:53.6,クビ,2.6,1.0,500(+8),[西] 高橋義忠,202508040702
3,1,1,インシオン,牡2,56.0,松山弘平,1:53.7,クビ,4.3,3.0,502(0),[西] 藤原英昭,202508040702
4,3,3,セイントホース,牡2,56.0,菱田裕二,1:53.9,1,100.3,8.0,492(+2),[西] 谷潔,202508040702
5,6,6,ホウオウストライク,牡2,56.0,プーシャ,1:55.4,9,3.1,2.0,488(+6),[西] 池江泰寿,202508040702
6,8,10,シュプリームレルム,牡2,56.0,西村淳也,1:56.6,7,8.8,5.0,520(+10),[西] 高野友和,202508040702
7,2,2,ショーンバローズ,牡2,56.0,田口貫太,1:57.6,6,131.6,9.0,466(-2),[西] 松下武士,202508040702
8,7,8,エグジスタンス,牡2,53.0,和田陽希,1:57.9,2,50.8,6.0,488(+4),[西] 奥村豊,202508040702
9,8,11,ペプチドエレノア,牡2,56.0,富田暁,1:58.5,3.1/2,59.2,7.0,482(-4),[西] 武英智,202508040702
10,5,5,ピゲ,牡2,56.0,松若風馬,1:58.9,2.1/2,167.6,10.0,504(-2),[西] 高橋康之,202508040702
11,6,7,トシッキーセカンド,牡2,55.0,吉村誠之,2:00.5,10,234.7,11.0,496(-2),[西] 清水久詞,202508040702
1,7,12,トミーバローズ,牡2,55.0,吉村誠之,1:34.6,,2.2,1.0,470(0),[西] 清水久詞,202508040703
2,3,3,リアンマヒナ,牡2,56.0,田口貫太,1:34.7,クビ,18.0,5.0,436(+6),[西] 高橋一哉,202508040703
3,5,8,イージーライダー,牡2,56.0,西村淳也,1:34.8,3/4,6.0,3.0,464(+8),[西] 杉山晴紀,202508040703
4,6,10,ハピネスサンライズ,牝2,55.0,鮫島克駿,1:34.9,3/4,18.8,6.0,470(+10),[西] 東田明士,202508040703
5,4,6,パーシャングレー,牡2,56.0,Ｃ．デム,1:35.0,3/4,3.3,2.0,476(-8),[西] 池添学,202508040703
6,1,1,ミライチケット,牝2,55.0,北村友一,1:35.6,3.1/2,30.8,8.0,442(0),[西] 加藤公太,202508040703
7,6,9,フルフィルメント,牝2,55.0,斎藤新,1:35.6,ハナ,244.7,13.0,524(0),[西] 宮地貴稔,202508040703
8,3,4,フィアレスウィル,牡2,56.0,団野大成,1:35.7,1/2,27.4,7.0,464(+6),[西] 高橋義忠,202508040703
9,8,14,ブランチアウト,牡2,56.0,古川吉洋,1:35.8,クビ,46.5,9.0,442(0),[西] 昆貢,202508040703
10,5,7,ノヴァレジーナ,牝2,53.0,柴田裕一,1:35.8,アタマ,489.0,14.0,450(0),[西] 中尾秀正,202508040703
11,7,11,ダンツアラーム,牝2,55.0,和田竜二,1:35.8,クビ,9.4,4.0,432(-8),[西] 本田優,202508040703
12,8,13,メリオルヴィア,牝2,55.0,高杉吏麒,1:36.0,3/4,109.4,11.0,442(-8),[西] 辻野泰之,202508040703
13,4,5,ノービレ,牡2,56.0,長岡禎仁,1:36.1,1/2,48.9,10.0,492(+2),[西] 小椋研介,202508040703
14,2,2,ダディーズサンクス,牡2,56.0,小沢大仁,1:36.3,1.1/4,219.3,12.0,416(+8),[西] 千田輝彦,202508040703
1,6,6,ソルアマゾン,牡4,60.0,難波剛健,3:21.8,,2.2,1.0,466(+6),[西] 小栗実,202508040704
2,2,2,ウェイトゥザドーン,セ4,60.0,草野太郎,3:21.8,アタマ,5.5,3.0,464(+2),[東] 戸田博文,202508040704
3,1,1,レッドラマンシュ,セ6,60.0,小牧加矢,3:22.3,3,6.2,4.0,478(-2),[西] 庄野靖志,202508040704
4,4,4,クリアクォーツ,牡3,58.0,大江原圭,3:22.6,2,84.3,9.0,470(+2),[東] 的場均,202508040704
5,8,9,ウインシュクラン,セ7,60.0,石神深一,3:23.0,2.1/2,10.5,5.0,470(+8),[東] 和田正一,202508040704
6,7,7,ビーアイオラクル,牡6,60.0,黒岩悠,3:23.1,クビ,3.6,2.0,510(+6),[西] 牧田和弥,202508040704
7,5,5,ヴォンヌヴォー,牝5,58.0,伴啓太,3:23.2,1/2,31.2,7.0,454(-4),[東] 天間昭一,202508040704
8,3,3,ヴァルトバーデン,牡3,58.0,上野翔,3:24.0,5,81.0,8.0,482(+2),[東] 粕谷昌央,202508040704
9,8,8,ブラックタロー,牡3,58.0,森一馬,3:28.8,大,26.3,6.0,504(+14),[西] 鈴木孝志,202508040704
1,8,11,レッドリガーレ,牡2,56.0,プーシャ,1:35.4,,3.0,2.0,470(0),[西] 斉藤崇史,202508040705
2,7,9,メイショウテンク,牡2,56.0,団野大成,1:35.4,ハナ,15.1,6.0,456(0),[西] 荒川義之,202508040705
3,7,10,ルナフィオーレ,牝2,55.0,荻野極,1:35.5,1/2,7.8,4.0,484(0),[西] 庄野靖志,202508040705
4,5,6,ルクスキャンディ,牝2,55.0,武豊,1:35.6,クビ,18.2,7.0,450(0),[西] 石橋守,202508040705
5,6,8,サトノセプター,牡2,56.0,Ｃ．デム,1:35.6,クビ,2.7,1.0,456(0),[西] 上村洋行,202508040705
6,4,4,オプティモ,牡2,55.0,吉村誠之,1:35.7,1/2,46.4,10.0,486(0),[西] 緒方努,202508040705
7,8,12,ライゼシュトゥルム,牡2,56.0,西村淳也,1:36.1,2.1/2,14.0,5.0,432(0),[西] 角田晃一,202508040705
8,2,2,タガノラヴズワン,牝2,55.0,富田暁,1:36.1,アタマ,219.2,12.0,442(0),[西] 平田修,202508040705
9,1,1,フレアオブセンス,牡2,56.0,鮫島克駿,1:36.1,ハナ,7.8,3.0,482(0),[西] 高野友和,202508040705
10,5,5,スズノボンライミー,牝2,53.0,永島まな,1:36.3,1.1/4,21.2,8.0,446(0),[西] 平田修,202508040705
11,6,7,ショウナンアワード,牡2,56.0,池添謙一,1:36.6,2,44.9,9.0,436(0),[西] 東田明士,202508040705
12,3,3,リンリスゴー,牡2,56.0,古川吉洋,1:36.7,1/2,62.7,11.0,484(0),[西] 池添学,202508040705
1,5,7,バートラガッツ,牡2,56.0,Ｃ．デム,1:53.8,,1.8,1.0,516(0),[西] 池添学,202508040706
2,1,1,ソルチェリア,牡2,56.0,古川吉洋,1:54.5,4,38.3,7.0,498(0),[西] 大根田裕,202508040706
3,4,4,セルジュバローズ,牡2,56.0,プーシャ,1:54.6,1/2,18.3,5.0,498(0),[西] 池江泰寿,202508040706
4,2,2,マーチンゲール,牡2,56.0,団野大成,1:54.7,1/2,13.1,4.0,478(0),[西] 斉藤崇史,202508040706
5,4,5,マテンロウアワー,牡2,56.0,松山弘平,1:55.7,6,3.0,2.0,528(0),[西] 福永祐一,202508040706
6,6,8,コイタマチャン,牝2,55.0,鮫島克駿,1:55.8,3/4,145.6,12.0,494(0),[西] 宮本博,202508040706
7,5,6,ラッキーダイヤ,牡2,56.0,松若風馬,1:56.3,3,110.0,10.0,490(0),[西] 牧田和弥,202508040706
8,8,13,ビナハイバン,牡2,55.0,松本大輝,1:56.4,3/4,38.4,8.0,472(0),[西] 中尾秀正,202508040706
9,7,10,ペスカドール,牡2,55.0,吉村誠之,1:56.9,3,27.4,6.0,526(0),[西] 高橋亮,202508040706
10,3,3,ジャスティンアポロ,牡2,56.0,西村淳也,1:57.0,クビ,7.8,3.0,488(0),[西] 茶木太樹,202508040706
11,7,11,タガノナッシュビル,牝2,55.0,菱田裕二,1:57.5,3,136.9,11.0,508(0),[西] 岡田稲男,202508040706
12,6,9,アシャカルー,牡2,56.0,国分優作,2:00.2,大,90.1,9.0,490(0),[西] 大根田裕,202508040706
取,8,12,セリーンストーム,牝2,55.0,高杉吏麒,,,---,,計不,[西] 小椋研介,202508040706
1,5,9,ジーティーマン,牡3,56.0,北村友一,1:46.3,,13.5,7.0,502(+10),[西] 小栗実,202508040707
2,3,5,マディソンガール,牝3,54.0,西村淳也,1:46.4,3/4,2.8,1.0,452(-6),[西] 中内田充,202508040707
3,6,11,レベルスルール,牡3,56.0,プーシャ,1:46.5,3/4,6.0,2.0,504(0),[西] 池江泰寿,202508040707
4,1,1,ブラーヴイストワル,牡4,57.0,吉村誠之,1:46.7,1.1/4,67.8,13.0,506(+2),[西] 池江泰寿,202508040707
4,2,4,クラウディアイ,牡3,56.0,鮫島克駿,1:46.7,同着,6.4,3.0,444(+4),[西] 橋口慎介,202508040707
6,4,7,ニホンピロデヴィン,牡3,56.0,小沢大仁,1:46.8,クビ,114.8,15.0,460(+12),[西] 緒方努,202508040707
7,7,14,ニュークレド,牡3,56.0,高杉吏麒,1:46.8,クビ,10.0,4.0,438(+2),[西] 石坂公一,202508040707
8,8,18,ゼンノインヴォーク,セ6,57.0,西塚洸二,1:46.9,クビ,61.6,12.0,448(+6),[西] 緒方努,202508040707
9,8,17,レッドイステル,セ3,56.0,武豊,1:46.9,クビ,26.0,10.0,480(-2),[西] 友道康夫,202508040707
10,4,8,フラッシングレート,牝5,56.0,斎藤新,1:46.9,アタマ,270.0,17.0,488(+2),[西] 加藤公太,202508040707
11,2,3,アレンテージョ,牡5,58.0,団野大成,1:46.9,クビ,13.5,6.0,488(+10),[西] 坂口智康,202508040707
12,1,2,ヴィーナスバブル,牝3,54.0,松若風馬,1:46.9,アタマ,133.6,16.0,438(-2),[西] 東田明士,202508040707
13,8,16,ブルーミングローズ,牝3,54.0,Ｃ．デム,1:47.2,1.1/2,18.5,9.0,468(+2),[西] 高野友和,202508040707
14,6,12,アドラビーレ,牝3,54.0,酒井学,1:47.2,クビ,310.6,18.0,446(+8),[西] 石坂公一,202508040707
15,3,6,ツーエムクロノス,牡3,55.0,松本大輝,1:47.3,3/4,45.1,11.0,512(+12),[西] 本田優,202508040707
16,7,15,ミトノオルフェ,牡3,56.0,坂井瑠星,1:47.4,1/2,113.3,14.0,522(+20),[西] 前川恭子,202508040707
17,5,10,ダノンフィオーレ,牝3,54.0,松山弘平,1:47.5,3/4,10.7,5.0,454(+2),[西] 藤原英昭,202508040707
18,7,13,アルディスティーノ,牝3,51.0,田山旺佑,1:47.6,クビ,15.5,8.0,476(+4),[西] 安田翔伍,202508040707
1,7,13,トリリオンボーイ,牡3,57.0,岩田康誠,1:11.9,,14.1,5.0,482(0),[東] 武井亮,202508040708
2,8,15,マサノユニコーン,牡3,57.0,武豊,1:12.0,クビ,3.2,1.0,468(-2),[東] 小島茂之,202508040708
3,4,8,クリノオリーブ,牝4,54.0,永島まな,1:12.0,クビ,25.7,8.0,466(-4),[西] 谷潔,202508040708
4,4,7,ニホンピロトッティ,牝4,56.0,菱田裕二,1:12.1,1/2,7.2,4.0,408(-8),[西] 緒方努,202508040708
5,6,11,フィドルファドル,牝3,55.0,坂井瑠星,1:12.3,1.1/4,4.2,3.0,474(+16),[西] 矢作芳人,202508040708
6,2,4,フォルティーナ,牝5,56.0,長岡禎仁,1:12.3,クビ,191.2,16.0,432(-4),[西] 石橋守,202508040708
7,1,1,フェンダー,牡4,58.0,Ｃ．デム,1:12.4,クビ,4.0,2.0,522(+2),[西] 斉藤崇史,202508040708
8,6,12,ホウオウフロイト,牡4,58.0,田口貫太,1:12.5,3/4,40.1,10.0,434(0),[東] 加藤和宏,202508040708
9,8,16,ゼンノツキヨミ,牝4,56.0,高杉吏麒,1:12.6,クビ,31.3,9.0,452(-4),[西] 秋山真一,202508040708
10,2,3,リクエイ,牝3,53.0,今村聖奈,1:12.6,アタマ,18.8,6.0,420(+10),[東] 竹内正洋,202508040708
11,7,14,レヴィテーション,牝4,54.0,柴田裕一,1:12.6,アタマ,156.6,14.0,440(-8),[東] 中川公成,202508040708
12,5,9,グラスブランシュ,牝4,56.0,小沢大仁,1:12.8,1.1/4,47.3,11.0,466(+6),[東] 松山将樹,202508040708
13,3,6,ミヤビクライ,牡6,58.0,西村淳也,1:12.8,クビ,169.9,15.0,500(-4),[東] 小島茂之,202508040708
14,5,10,ボルセーナ,牝3,55.0,松山弘平,1:12.9,クビ,25.7,7.0,468(+4),[西] 奥村豊,202508040708
15,3,5,アオカミ,セ6,58.0,原田和真,1:13.1,1.1/2,134.3,13.0,474(-14),[東] 松山将樹,202508040708
16,1,2,イグニション,牡5,58.0,荻野極,1:13.1,アタマ,48.8,12.0,474(+14),[西] 畑端省吾,202508040708
1,7,11,カペルブリュッケ,牡3,55.0,斎藤新,1:53.3,,5.1,2.0,472(+4),[西] 浜田多実,202508040709
2,2,2,ブルーペクトライト,牝5,52.0,鷲頭虎太,1:53.4,1/2,54.7,10.0,490(-2),[西] 宮地貴稔,202508040709
3,5,6,バッケンレコード,牡3,56.0,武豊,1:53.4,ハナ,1.9,1.0,496(+6),[西] 秋山真一,202508040709
4,7,10,ブルーワール,牡4,55.0,松若風馬,1:53.4,クビ,10.5,4.0,512(+2),[西] 高柳大輔,202508040709
5,6,8,サイモンコーラル,牝5,52.0,柴田裕一,1:53.5,1/2,371.9,13.0,470(-8),[西] 羽月友彦,202508040709
6,3,3,ロングウェイホーム,牡3,54.0,荻野極,1:53.6,クビ,7.0,3.0,524(0),[東] 伊坂重信,202508040709
7,4,5,ウインアルドーレ,牡4,56.0,松山弘平,1:53.7,クビ,46.7,9.0,506(+2),[西] 西園翔太,202508040709
8,5,7,ロイガヴェーグル,牡5,55.0,Ｃ．デム,1:53.7,クビ,13.1,6.0,452(+6),[西] 浜田多実,202508040709
9,4,4,ジーニアスバローズ,牡5,56.0,高田潤,1:53.8,1/2,11.3,5.0,470(0),[西] 辻野泰之,202508040709
10,8,12,フォーワンセルフ,牡6,51.0,酒井学,1:53.8,ハナ,148.4,12.0,516(-6),[東] 小手川準,202508040709
11,6,9,シンリミテス,牡6,53.0,古川吉洋,1:54.3,3,94.7,11.0,496(-6),[西] 大根田裕,202508040709
12,1,1,コスモオピニオン,牡5,55.0,鮫島克駿,1:55.0,4,28.1,8.0,506(-6),[東] 黒岩陽一,202508040709
13,8,13,テーオーレガシー,牡5,55.0,高杉吏麒,1:56.0,6,27.6,7.0,540(+28),[西] 宮徹,202508040709
1,1,1,ヤブサメ,牡4,56.0,武豊,1:22.3,,5.6,2.0,490(-4),[西] 石橋守,202508040710
2,6,8,モンテシート,牡3,56.0,Ｃ．デム,1:22.4,3/4,2.9,1.0,502(+8),[西] 牧田和弥,202508040710
3,4,4,シュヴェルトライテ,牝6,53.0,荻野極,1:22.5,1/2,50.4,11.0,450(-2),[東] 池上昌和,202508040710
4,3,3,グランデサラス,牡5,56.0,池添謙一,1:22.5,アタマ,8.5,5.0,490(0),[西] 池添学,202508040710
5,8,11,ミストレス,牝3,54.0,坂井瑠星,1:22.6,アタマ,6.1,3.0,484(+4),[西] 矢作芳人,202508040710
6,5,5,ルミノメテオール,牝5,52.0,酒井学,1:22.6,ハナ,18.9,8.0,466(+10),[東] 金成貴史,202508040710
7,6,7,モズナナスター,牝3,54.0,西村淳也,1:22.6,ハナ,22.9,9.0,456(0),[西] 矢作芳人,202508040710
8,7,10,トラペジスト,牡4,56.0,北村友一,1:22.7,3/4,16.0,7.0,552(+4),[西] 秋山真一,202508040710
9,2,2,ウルトラソニック,牡7,53.0,田口貫太,1:22.7,クビ,28.2,10.0,486(+2),[西] 中尾秀正,202508040710
10,5,6,エヴァンスウィート,牝4,53.0,鮫島克駿,1:22.9,1.1/4,8.8,6.0,446(-2),[西] 友道康夫,202508040710
11,8,12,アスクビギンアゲン,牡6,53.0,吉村誠之,1:23.1,1.1/4,109.9,12.0,574(+2),[西] 梅田智之,202508040710
12,7,9,セシリエプラージュ,牝4,54.0,松山弘平,1:23.3,1,8.3,4.0,416(-14),[西] 中村直也,202508040710
1,7,8,ジャスティンビスタ,牡2,56.0,北村友一,2:00.4,,25.0,9.0,516(+4),[西] 吉岡辰弥,202508040711
2,3,3,アスクエジンバラ,牡2,56.0,岩田康誠,2:00.5,1,49.9,10.0,464(+6),[西] 福永祐一,202508040711
3,8,10,ゴーイントゥスカイ,牡2,56.0,荻野極,2:00.6,クビ,6.2,3.0,496(+8),[東] 上原佑紀,202508040711
4,1,1,ネッタイヤライ,牡2,56.0,松山弘平,2:00.8,1.1/2,51.5,11.0,438(-10),[西] 矢作芳人,202508040711
5,2,2,カラペルソナ,牝2,55.0,プーシャ,2:00.9,クビ,7.2,4.0,444(-2),[西] 斉藤崇史,202508040711
6,8,11,ウイナーズナイン,牡2,56.0,西村淳也,2:01.0,1/2,5.7,2.0,504(-4),[西] 小栗実,202508040711
7,6,6,バルセシート,牡2,56.0,Ｃ．デム,2:01.2,1.1/2,2.2,1.0,466(0),[西] 松下武士,202508040711
8,7,9,フリーガー,牡2,56.0,坂井瑠星,2:01.2,ハナ,24.0,8.0,446(0),[西] 矢作芳人,202508040711
9,6,7,サトノアイボリー,牡2,56.0,団野大成,2:01.5,1.3/4,11.8,6.0,488(+2),[西] 杉山晴紀,202508040711
10,5,5,ロックターミガン,牡2,56.0,鮫島克駿,2:02.0,3,11.5,5.0,534(-6),[西] 石坂公一,202508040711
11,4,4,メイショウソラリス,牡2,56.0,武豊,2:02.7,4,23.5,7.0,464(+4),[西] 角田晃一,202508040711
1,1,1,ジュンヴァンケット,セ4,58.0,Ｃ．デム,1:08.4,,1.7,1.0,456(-6),[西] 友道康夫,202508040712
2,3,6,ブルーアイドガール,牝4,56.0,北村友一,1:08.6,1.1/4,8.4,4.0,464(+2),[西] 吉岡辰弥,202508040712
3,6,12,アンビバレント,牡5,58.0,田口貫太,1:08.6,アタマ,25.9,7.0,480(-2),[西] 藤野健太,202508040712
4,3,5,ピースフルナイト,牝5,56.0,斎藤新,1:08.7,1/2,129.3,15.0,410(-10),[西] 畑端省吾,202508040712
5,4,7,アムールリーベ,牝4,56.0,荻野琢真,1:09.0,1.3/4,54.0,8.0,500(-10),[西] 宮地貴稔,202508040712
6,7,14,ヒーローインチーフ,セ4,58.0,富田暁,1:09.0,アタマ,7.6,2.0,448(0),[西] 吉田直弘,202508040712
7,7,13,ベビーズブレス,牝3,55.0,武豊,1:09.0,クビ,14.0,6.0,426(-12),[西] 千田輝彦,202508040712
8,4,8,ソングオブライフ,牡4,58.0,松山弘平,1:09.0,ハナ,9.5,5.0,506(+6),[西] 森田直行,202508040712
9,2,4,スカプラリオ,牝5,53.0,田山旺佑,1:09.2,3/4,88.8,9.0,482(+6),[西] 佐々木晶,202508040712
10,8,15,ハリウッドメモリー,牝3,55.0,西村淳也,1:09.2,クビ,7.7,3.0,464(+8),[西] 長谷川浩,202508040712
11,6,11,ブライティアダイヤ,牝4,56.0,岩田康誠,1:09.2,クビ,110.6,13.0,464(-4),[東] 稲垣幸雄,202508040712
12,5,10,マイネルラッシュ,牡5,58.0,和田竜二,1:09.3,アタマ,131.0,16.0,466(-4),[東] 水野貴広,202508040712
13,5,9,スペルキャスター,牝5,53.0,森田誠也,1:09.3,アタマ,97.8,11.0,484(+4),[東] 蛯名利弘,202508040712
14,1,2,ベルウッドブラボー,牡6,58.0,鮫島克駿,1:09.6,1.3/4,119.9,14.0,464(+4),[東] 和田雄二,202508040712
15,8,16,ジオパーククラウン,牡5,57.0,吉村誠之,1:09.6,クビ,101.1,12.0,452(-6),[西] 長谷川浩,202508040712
16,2,3,アイヲツグモノ,牝5,56.0,高杉吏麒,1:09.9,1.1/2,94.7,10.0,508(-4),[西] 牧浦充徳,202508040712
1,1,2,ジャンシ,牡2,56.0,丸山元気,1:13.1,,5.3,3.0,470(0),[西] 森秀行,202508040801
2,6,12,アーディアイリ,牝2,52.0,田山旺佑,1:13.3,1,3.3,2.0,436(+2),[西] 緒方努,202508040801
3,4,7,イイクニパッション,牡2,56.0,内田博幸,1:13.3,アタマ,7.7,4.0,500(+6),[東] 深山雅史,202508040801
4,7,13,プレデンシア,牝2,55.0,菱田裕二,1:13.6,1.3/4,15.6,5.0,496(+6),[西] 中尾秀正,202508040801
5,3,5,テルヴィセクス,牡2,56.0,団野大成,1:13.7,1,2.5,1.0,476(+2),[西] 斉藤崇史,202508040801
6,3,6,ラムールデュヴォン,牡2,56.0,亀田温心,1:13.8,1/2,148.8,12.0,454(-2),[東] 堀内岳志,202508040801
7,2,3,ディグニダドレアル,牡2,56.0,秋山稔樹,1:14.0,1.1/4,365.7,14.0,470(-8),[西] 宮徹,202508040801
8,5,9,メモリーデイズ,牝2,55.0,松若風馬,1:14.1,クビ,136.7,11.0,450(-4),[西] 畑端省吾,202508040801
9,5,10,クィーンズローズ,牝2,55.0,田口貫太,1:15.0,5,76.7,10.0,476(-6),[西] 大橋勇樹,202508040801
10,6,11,ウシワカマル,牡2,54.0,柴田裕一,1:15.4,2.1/2,456.7,16.0,462(+2),[西] 安達昭夫,202508040801
11,7,14,アッチョンブリケ,牝2,55.0,斎藤新,1:15.5,3/4,75.4,9.0,438(-4),[西] 小椋研介,202508040801
12,8,16,スカイピア,牝2,55.0,西村淳也,1:15.6,クビ,22.2,7.0,434(0),[西] 前川恭子,202508040801
13,4,8,ピエナビバサンバ,牡2,56.0,荻野琢真,1:15.7,1/2,408.6,15.0,502(-2),[西] 秋山真一,202508040801
14,2,4,ゴーゴーコクラ,牡2,53.0,森田誠也,1:15.7,アタマ,180.5,13.0,468(+26),[西] 牧田和弥,202508040801
15,8,15,ゲキシン,牝2,55.0,高杉吏麒,1:16.3,3.1/2,34.4,8.0,468(+10),[西] 角田晃一,202508040801
16,1,1,サンブル,牡2,56.0,和田竜二,1:16.6,2,17.4,6.0,514(+24),[西] 浜田多実,202508040801
1,5,6,サウンドムーブ,牡2,56.0,団野大成,1:46.4,,2.5,2.0,458(0),[西] 斉藤崇史,202508040802
2,4,5,アルヴァンドルード,牡2,56.0,西村淳也,1:46.7,1.3/4,1.8,1.0,436(-2),[西] 池添学,202508040802
3,7,11,ラップトップ,牝2,52.0,田山旺佑,1:47.0,1.1/2,291.5,11.0,390(-6),[西] 小栗実,202508040802
4,8,12,サーブルディアマン,牡2,56.0,田口貫太,1:47.4,2.1/2,31.7,7.0,472(+8),[西] 坂口智康,202508040802
5,4,4,ルージュビバーチェ,牝2,55.0,菱田裕二,1:47.5,1,29.0,6.0,456(+6),[西] 橋口慎介,202508040802
6,6,9,チェリヴェント,牡2,55.0,吉村誠之,1:47.7,1.1/4,19.1,5.0,498(-2),[西] 清水久詞,202508040802
7,6,8,ベルトナリテ,牝2,55.0,鮫島克駿,1:47.7,アタマ,15.8,4.0,420(0),[西] 辻野泰之,202508040802
8,3,3,ヒロウッドテール,牡2,56.0,鮫島良太,1:47.8,1/2,381.3,12.0,458(0),[西] 河嶋宏樹,202508040802
9,1,1,ブラックジャック,牡2,54.0,永島まな,1:49.2,9,37.2,8.0,504(+6),[西] 須貝尚介,202508040802
10,8,13,マクローリン,牡2,56.0,富田暁,1:49.4,1.1/4,172.6,10.0,472(+4),[西] 加藤公太,202508040802
11,5,7,ハクアイノアール,牡2,56.0,松若風馬,1:49.7,1.1/2,15.5,3.0,490(-2),[西] 今野貞一,202508040802
12,2,2,フィアスゲイル,牝2,55.0,荻野極,1:52.3,大,53.1,9.0,470(-4),[西] 武幸四郎,202508040802
13,7,10,マジックアロマ,牝2,55.0,古川吉洋,1:57.1,大,654.8,13.0,450(+4),[西] 小栗実,202508040802
1,1,1,オンザマーチ,牝2,55.0,小沢大仁,1:09.9,,12.4,6.0,446(0),[西] 今野貞一,202508040803
2,6,9,デルマリシリ,牝2,55.0,藤懸貴志,1:10.0,クビ,3.2,2.0,466(0),[西] 田中克典,202508040803
3,3,3,ケールハイム,牝2,55.0,高杉吏麒,1:10.8,5,5.7,3.0,446(0),[西] 福永祐一,202508040803
4,4,4,ミヤフロント,牝2,52.0,森田誠也,1:10.9,1/2,28.2,8.0,448(0),[西] 斉藤崇史,202508040803
5,8,13,ミスマリーゴールド,牝2,55.0,酒井学,1:10.9,クビ,47.0,10.0,432(0),[西] 畑端省吾,202508040803
6,5,7,ヴィゴラスガイア,牝2,55.0,富田暁,1:10.9,クビ,14.4,7.0,418(0),[西] 武英智,202508040803
7,5,6,リネアベルタ,牝2,54.0,吉村誠之,1:11.0,1/2,11.9,5.0,422(0),[西] 宮地貴稔,202508040803
8,8,12,ディアーモルタル,牝2,55.0,松若風馬,1:11.2,1.1/4,9.0,4.0,418(0),[西] 宮本博,202508040803
9,7,10,グラディオール,牝2,55.0,西村淳也,1:11.2,ハナ,3.2,1.0,424(0),[西] 寺島良,202508040803
10,7,11,オンザムービー,牡2,56.0,鮫島克駿,1:11.4,1.1/4,38.0,9.0,506(0),[西] 牧田和弥,202508040803
11,6,8,ニシノツネオ,牡2,52.0,河原田菜,1:11.6,1,82.5,12.0,438(0),[東] 堀内岳志,202508040803
12,2,2,リュシエル,牝2,55.0,国分優作,1:11.9,1.3/4,64.6,11.0,410(0),[西] 中尾秀正,202508040803
13,4,5,クククトルンナ,牡2,56.0,古川吉洋,1:12.3,2.1/2,147.0,13.0,518(0),[西] 大根田裕,202508040803
1,3,6,アンビシャスヨシノ,牡3,57.0,内田博幸,1:25.2,,5.0,2.0,470(+2),[西] 吉田直弘,202508040804
2,4,8,モズケイスター,牡3,57.0,高杉吏麒,1:25.5,1.3/4,2.0,1.0,470(-2),[西] 高柳大輔,202508040804
3,2,3,ウォーターパラディ,牡3,57.0,菱田裕二,1:25.5,クビ,12.2,5.0,468(+6),[西] 岡田稲男,202508040804
4,8,16,バルミラクル,牡3,57.0,鮫島良太,1:25.7,3/4,65.2,10.0,458(+8),[西] 河嶋宏樹,202508040804
5,1,2,ケイアイマウンガ,牡3,57.0,藤懸貴志,1:26.0,2,5.8,3.0,480(-1),[西] 宮本博,202508040804
6,4,7,ニシノジェダイ,牡3,55.0,永島まな,1:26.1,3/4,21.0,7.0,466(-2),[西] 宮本博,202508040804
7,1,1,ラピダリア,牝4,56.0,富田暁,1:26.3,1.1/4,320.4,14.0,466(0),[西] 吉田直弘,202508040804
8,5,10,ハミルトン,牡3,57.0,鮫島克駿,1:26.5,1,12.7,6.0,510(0),[西] 高野友和,202508040804
9,7,13,キュードス,牡3,57.0,団野大成,1:26.7,1.1/2,54.8,9.0,498(+6),[西] 荒川義之,202508040804
10,6,12,プチプランス,牡3,57.0,西村淳也,1:27.0,1.1/2,12.0,4.0,498(+6),[西] 藤岡健一,202508040804
11,6,11,アシャカブラン,牡4,58.0,秋山稔樹,1:27.0,アタマ,454.5,16.0,512(+2),[西] 大根田裕,202508040804
12,8,15,ケイアイブイスリー,牡3,57.0,和田竜二,1:27.1,クビ,26.5,8.0,450(+6),[西] 平田修,202508040804
13,5,9,バレル,牡6,58.0,松若風馬,1:27.5,2.1/2,85.5,11.0,490(+18),[西] 井上智史,202508040804
14,2,4,ヒデノブルースカイ,牡3,56.0,吉村誠之,1:27.6,1/2,200.8,13.0,434(+12),[西] 梅田智之,202508040804
15,3,5,アスクアメージモア,牡4,55.0,古川奈穂,1:27.8,1.1/4,335.2,15.0,482(+10),[西] 前川恭子,202508040804
16,7,14,レオンバローズ,牡6,58.0,国分優作,1:30.3,大,93.4,12.0,488(+10),[西] 渡辺薫彦,202508040804
1,6,6,シーク,セ3,58.0,小牧加矢,3:20.0,,8.3,3.0,532(+8),[西] 角田晃一,202508040805
2,1,1,レッドファーロ,牡6,60.0,西谷誠,3:20.8,5,2.3,1.0,528(+6),[西] 松永幹夫,202508040805
3,7,7,ネイチャーシップ,牡7,60.0,大江原圭,3:20.9,1/2,2.5,2.0,502(0),[東] 根本康広,202508040805
4,4,4,アナゴサン,牡7,60.0,黒岩悠,3:22.3,8,9.2,4.0,478(+6),[西] 牧田和弥,202508040805
5,8,8,アナザーエース,牡5,57.0,井上敏樹,3:23.7,8,12.5,5.0,526(+2),[西] 宮徹,202508040805
6,2,2,グラニットピーク,セ5,57.0,坂口智康,3:23.7,クビ,101.5,9.0,506(+4),[東] 田島俊明,202508040805
7,8,9,タマモロック,牡5,60.0,草野太郎,3:24.9,7,22.8,6.0,506(+2),[東] 伊藤圭三,202508040805
8,3,3,スマートルミエール,牡8,60.0,江田勇亮,3:25.8,5,23.3,7.0,454(+2),[東] 高橋文雅,202508040805
中,5,5,フォワードアゲン,セ8,60.0,上野翔,,,42.2,8.0,438(0),[東] 加藤和宏,202508040805
1,2,2,パラディオン,牡2,56.0,高杉吏麒,2:02.3,,1.9,1.0,446(0),[西] 高柳大輔,202508040806
2,8,9,スパルタンエックス,牡2,56.0,松若風馬,2:02.6,1.3/4,5.2,2.0,476(0),[西] 東田明士,202508040806
3,7,7,ショウナンアンバー,牡2,55.0,吉村誠之,2:03.2,3.1/2,8.2,5.0,466(0),[西] 清水久詞,202508040806
4,5,5,ポッドリプル,牡2,56.0,菱田裕二,2:03.4,1.1/4,5.5,3.0,472(0),[西] 辻野泰之,202508040806
5,8,8,マチュ,牝2,51.0,河原田菜,2:03.8,2.1/2,100.3,8.0,428(0),[西] 谷潔,202508040806
6,1,1,オルン,牝2,54.0,松本大輝,2:04.1,1.1/2,48.4,7.0,444(0),[西] 宮地貴稔,202508040806
7,6,6,ハバタクジユウニ,牝2,55.0,武豊,2:04.2,1,6.6,4.0,454(0),[西] 角田晃一,202508040806
8,4,4,タイセイスプリーム,牡2,56.0,田口貫太,2:04.3,1,15.3,6.0,514(0),[西] 西村真幸,202508040806
取,3,3,マコトエウロペ,牝2,55.0,古川吉洋,,,---,,計不,[西] 昆貢,202508040806
1,6,12,ドゥラエテルノ,牡3,56.0,武豊,1:51.8,,6.3,3.0,470(+2),[西] 武幸四郎,202508040807
2,2,3,ゼンエスポワール,牡3,56.0,横山典弘,1:51.9,3/4,12.3,5.0,520(+2),[西] 飯田祐史,202508040807
3,5,10,サイモンシュバリエ,牡3,56.0,田口貫太,1:52.0,クビ,19.8,7.0,500(0),[西] 梅田智之,202508040807
4,8,15,セボンサデッセ,牡3,56.0,菱田裕二,1:52.6,3.1/2,2.1,1.0,496(+2),[西] 橋口慎介,202508040807
5,4,8,レヴァンテシチー,牡3,56.0,団野大成,1:52.8,1.1/2,4.6,2.0,490(0),[西] 佐々木晶,202508040807
6,8,16,ソルナシエンテ,牡3,56.0,高杉吏麒,1:52.8,クビ,8.7,4.0,510(+2),[西] 藤岡健一,202508040807
7,7,13,チャチャピンク,牡3,56.0,亀田温心,1:53.1,1.1/2,37.3,8.0,480(-8),[西] 北出成人,202508040807
8,2,4,クレスコドルフィン,牡3,56.0,富田暁,1:53.2,3/4,482.5,16.0,514(-6),[西] 長谷川浩,202508040807
9,1,2,テンエースワン,牡4,58.0,荻野琢真,1:53.3,1/2,94.5,11.0,484(+12),[西] 大久保龍,202508040807
10,7,14,ダイシンラー,牡3,55.0,西塚洸二,1:53.5,1.1/4,60.4,10.0,500(-2),[西] 梅田智之,202508040807
11,4,7,モレポブラーノ,牡3,56.0,石川裕紀,1:53.5,ハナ,15.4,6.0,560(+6),[西] 庄野靖志,202508040807
12,1,1,ウイングスオブラヴ,セ6,54.0,河原田菜,1:53.7,1,357.4,15.0,482(+6),[西] 笹田和秀,202508040807
13,5,9,トモジャシック,牡3,56.0,秋山稔樹,1:53.9,1.1/4,225.7,14.0,478(-1),[西] 大根田裕,202508040807
14,3,6,サンディエゴ,牡3,55.0,吉村誠之,1:55.1,7,58.9,9.0,506(+6),[西] 清水久詞,202508040807
15,6,11,イイデカンタロウ,牡4,58.0,松若風馬,1:56.1,6,112.7,12.0,522(-1),[西] 北出成人,202508040807
16,3,5,パーフェクト,牡3,56.0,和田竜二,1:57.8,10,185.9,13.0,496(+6),[西] 松下武士,202508040807
1,8,8,サクソンジェンヌ,牝4,55.0,吉村誠之,2:12.3,,18.9,5.0,468(-4),[西] 高橋義忠,202508040808
2,5,5,クルミナーレ,牡4,58.0,荻野極,2:12.5,1.1/4,3.5,3.0,510(-8),[西] 池江泰寿,202508040808
3,1,1,パンデアスカル,牡5,58.0,小沢大仁,2:12.7,3/4,17.6,4.0,496(0),[西] 小椋研介,202508040808
4,2,2,デルアヴァー,牡3,56.0,武豊,2:12.7,クビ,2.3,1.0,488(0),[西] 松永幹夫,202508040808
5,6,6,プレイリードリーム,牡9,58.0,和田竜二,2:13.3,3.1/2,71.6,7.0,470(0),[西] 安達昭夫,202508040808
6,7,7,マトラコーニッシュ,牝3,54.0,団野大成,2:13.4,1/2,2.6,2.0,428(-2),[西] 池添学,202508040808
7,3,3,エルディアブロ,牡7,55.0,田山旺佑,2:13.5,1/2,29.4,6.0,458(+8),[西] 佐々木晶,202508040808
8,4,4,イーサンアイ,牡6,58.0,鮫島良太,2:14.1,3.1/2,184.9,8.0,478(+10),[西] 河嶋宏樹,202508040808
1,8,11,マーゴットラヴミー,牝2,55.0,菱田裕二,1:33.6,,3.8,2.0,434(+2),[西] 小林真也,202508040809
2,3,3,スウィートハピネス,牝2,55.0,高杉吏麒,1:34.1,3,5.8,4.0,442(-4),[西] 北出成人,202508040809
3,6,6,バースデイフライト,牝2,55.0,和田竜二,1:34.2,クビ,22.8,7.0,452(-6),[西] 新谷功一,202508040809
4,7,8,コニーアイランド,牝2,55.0,西村淳也,1:34.2,クビ,4.0,3.0,480(+10),[西] 中内田充,202508040809
5,7,9,メイショウハッケイ,牝2,55.0,武豊,1:34.4,1,2.8,1.0,462(+4),[西] 本田優,202508040809
6,5,5,レディーゴール,牝2,55.0,団野大成,1:34.8,2,22.6,6.0,456(0),[西] 池添学,202508040809
7,4,4,プレセピオ,牝2,55.0,鮫島克駿,1:35.0,1.1/4,25.8,8.0,470(-2),[西] 笹田和秀,202508040809
8,1,1,ワイズギャング,牝2,55.0,古川吉洋,1:35.1,3/4,115.6,9.0,444(0),[西] 河嶋宏樹,202508040809
9,6,7,エスティヴァリス,牝2,55.0,永島まな,1:36.5,9,14.1,5.0,490(+14),[西] 高橋康之,202508040809
10,2,2,ピカピカピロコ,牝2,55.0,松戸政也,1:36.8,1.3/4,137.0,10.0,452(-1),[地] 井樋一也,202508040809
11,8,10,ベラジオレジーナ,牝2,55.0,川原正一,1:39.0,大,339.3,11.0,506(-2),[地] 松浦聡志,202508040809
1,1,2,ロードラビリンス,牡3,56.0,鮫島克駿,1:50.7,,8.0,5.0,498(+11),[西] 松下武士,202508040810
2,5,9,ペンナヴェローチェ,牡4,58.0,団野大成,1:50.7,ハナ,6.1,3.0,498(+2),[西] 須貝尚介,202508040810
3,7,13,レーウィン,セ4,58.0,高杉吏麒,1:51.1,2.1/2,62.2,12.0,510(-6),[西] 上村洋行,202508040810
4,8,16,パシアンジャン,牡4,58.0,和田竜二,1:51.1,ハナ,13.2,7.0,468(+18),[西] 鈴木孝志,202508040810
5,4,7,サンライズグルーヴ,牡5,58.0,荻野極,1:51.6,3,163.8,14.0,526(+2),[西] 前川恭子,202508040810
6,3,6,ベルウェザー,牡4,58.0,菱田裕二,1:51.7,クビ,25.6,9.0,490(0),[西] 茶木太樹,202508040810
7,6,11,サイモンブーケ,牝5,56.0,古川奈穂,1:52.1,2.1/2,370.9,16.0,514(-2),[西] 梅田智之,202508040810
8,3,5,メイショウミカワ,牡7,58.0,富田暁,1:52.4,1.1/2,53.2,11.0,528(+6),[西] 千田輝彦,202508040810
9,4,8,イデアイゴッソウ,牡4,58.0,横山典弘,1:52.4,ハナ,4.5,2.0,470(-4),[東] 小野次郎,202508040810
10,1,1,ジュタロウ,牡6,58.0,田口貫太,1:52.4,クビ,171.3,15.0,486(0),[西] 秋山真一,202508040810
11,6,12,ヒルノハンブルク,牡3,56.0,武豊,1:52.4,ハナ,3.7,1.0,476(+2),[西] 武英智,202508040810
12,2,4,ホルトバージ,牡4,58.0,小崎綾也,1:52.5,クビ,42.4,10.0,478(0),[西] 寺島良,202508040810
13,7,14,マルチャレアル,牡4,58.0,吉村誠之,1:52.5,ハナ,11.5,6.0,506(0),[西] 斉藤崇史,202508040810
14,8,15,アーロンイメル,牡4,58.0,西村淳也,1:52.8,2,15.2,8.0,500(+2),[西] 高橋一哉,202508040810
15,5,10,ワイドブリザード,セ4,58.0,松若風馬,1:54.2,8,7.5,4.0,450(+8),[西] 佐藤悠太,202508040810
16,2,3,メイショウフウドウ,牡4,58.0,西塚洸二,1:58.5,大,137.9,13.0,506(+10),[西] 藤原英昭,202508040810
1,3,5,ハッピーマン,牡3,57.0,高杉吏麒,1:23.2,,35.9,9.0,472(+17),[西] 寺島良,202508040811
2,2,4,ビダーヤ,牡4,58.0,西村淳也,1:23.3,1/2,1.9,1.0,492(0),[西] 矢作芳人,202508040811
3,4,8,ノーブルロジャー,牡4,58.0,石川裕紀,1:23.5,1.1/4,12.5,4.0,498(0),[西] 吉岡辰弥,202508040811
4,1,1,ニシキギミッチー,牡5,57.0,古川吉洋,1:24.0,3,17.3,5.0,492(-8),[東] 鈴木伸尋,202508040811
5,6,12,ジャスティンアース,牡4,57.0,武豊,1:24.0,クビ,4.3,2.0,482(+4),[西] 杉山晴紀,202508040811
6,5,9,コンティノアール,牡5,58.0,斎藤新,1:24.3,1.3/4,18.4,6.0,536(-14),[西] 矢作芳人,202508040811
7,4,7,ベルダーイメル,牡8,60.0,富田暁,1:24.5,1,336.1,16.0,474(+14),[西] 本田優,202508040811
8,8,15,ロードフロンティア,牡4,57.0,鮫島克駿,1:24.5,クビ,48.3,10.0,466(+10),[西] 松下武士,202508040811
9,5,10,テイエムリステット,牡4,57.0,酒井学,1:24.6,クビ,20.0,7.0,482(+4),[西] 秋山真一,202508040811
10,8,16,スターペスカオリ,牝5,55.0,長岡禎仁,1:24.7,1/2,62.0,11.0,462(-2),[西] 石橋守,202508040811
11,7,13,ライツフォル,牡5,58.0,団野大成,1:25.0,2,7.9,3.0,504(+16),[西] 高橋義忠,202508040811
12,2,3,カズプレスト,牡6,57.0,松本大輝,1:25.2,1.1/4,304.1,15.0,526(+2),[西] 高柳大輔,202508040811
13,1,2,アドバンスファラオ,牡5,58.0,丸山元気,1:26.2,6,30.0,8.0,510(+4),[西] 森秀行,202508040811
14,3,6,トータルクラリティ,牡3,56.0,小沢大仁,1:27.0,5,81.4,12.0,482(+8),[西] 池添学,202508040811
15,6,11,アンデスビエント,牝4,55.0,田口貫太,1:27.0,ハナ,92.3,13.0,482(0),[西] 西園正都,202508040811
16,7,14,ロードラディウス,牡5,57.0,中井裕二,1:27.2,3/4,153.9,14.0,498(+10),[西] 森田直行,202508040811
1,5,10,エーティーマクフィ,牡6,57.0,富田暁,1:07.4,,11.7,7.0,480(+14),[西] 武英智,202508040812
2,1,1,ルガル,牡5,59.0,西村淳也,1:07.5,1,4.3,1.0,532(+10),[西] 杉山晴紀,202508040812
3,2,4,ヨシノイースター,牡7,57.0,内田博幸,1:07.7,3/4,8.2,4.0,496(+10),[西] 中尾秀正,202508040812
4,3,6,レイピア,牡3,56.0,鮫島克駿,1:07.7,クビ,11.4,6.0,506(+4),[西] 中竹和也,202508040812
5,6,11,エイシンフェンサー,牝5,56.0,川又賢治,1:07.9,1.1/4,7.5,3.0,480(+5),[西] 吉村圭司,202508040812
6,1,2,アブキールベイ,牝3,55.0,吉村誠之,1:08.0,クビ,25.0,11.0,438(+16),[西] 坂口智康,202508040812
7,8,16,ヤマニンアルリフラ,牡4,58.0,団野大成,1:08.1,3/4,25.4,12.0,492(-6),[西] 斉藤崇史,202508040812
8,3,5,ジャスティンスカイ,牡6,57.0,荻野極,1:08.1,クビ,21.2,9.0,536(-2),[西] 友道康夫,202508040812
9,7,13,モズメイメイ,牝5,55.0,国分恭介,1:08.2,クビ,130.5,16.0,476(-4),[西] 前川恭子,202508040812
10,4,8,メイショウソラフネ,牡6,57.0,高杉吏麒,1:08.2,クビ,10.4,5.0,450(-4),[西] 石橋守,202508040812
11,7,14,クラスペディア,牡3,56.0,小崎綾也,1:08.2,アタマ,63.0,15.0,514(+4),[西] 河嶋宏樹,202508040812
12,8,18,ペアポルックス,牡4,57.0,松若風馬,1:08.3,1/2,15.8,8.0,472(0),[西] 梅田智之,202508040812
13,6,12,ナムラクララ,牝3,54.0,武豊,1:08.3,ハナ,5.1,2.0,486(+8),[西] 長谷川浩,202508040812
14,7,15,オタルエバー,牡6,57.0,荻野琢真,1:08.8,3,216.5,18.0,502(+2),[西] 中竹和也,202508040812
15,2,3,ショウナンザナドゥ,牝3,55.0,菱田裕二,1:08.9,1,61.9,14.0,452(+2),[西] 松下武士,202508040812
16,5,9,カルチャーデイ,牝4,55.0,横山典弘,1:09.0,クビ,23.3,10.0,442(+12),[西] 四位洋文,202508040812
17,8,17,テイエムスパーダ,牝6,56.0,斎藤新,1:09.6,4,57.3,13.0,498(+1),[西] 小椋研介,202508040812
中,4,7,ジャスパークローネ,牡6,57.0,丸山元気,,,141.4,17.0,500(0),[西] 森秀行,202508040812
