着順,枠番,馬番,馬名,性齢,斤量,騎手,タイム,着差,単勝,人気,馬体重,調教師,race_id
1,6,11,ピッツァナポリ,牝3,55.0,大野拓弥,1:12.2,,2.5,1.0,460(+2),[東] 新開幸一,202506010101
2,2,3,グリューネベルグ,牝3,55.0,丹内祐次,1:12.7,3,12.0,6.0,444(0),[東] 青木孝文,202506010101
3,7,13,ロッキンミー,牝3,52.0,佐藤翔馬,1:13.0,2,156.0,11.0,436(0),[東] 杉浦宏昭,202506010101
4,5,10,ルックアトミー,牝3,55.0,菊沢一樹,1:13.1,1/2,2.8,2.0,494(+6),[東] 菊沢隆徳,202506010101
5,6,12,ダイチラポール,牡3,54.0,長浜鴻緒,1:13.4,2,7.3,3.0,476(+2),[東] 蛯名利弘,202506010101
6,1,2,ジルクン,牡3,53.0,小林美駒,1:13.5,クビ,50.1,7.0,414(+8),[東] 鈴木慎太,202506010101
7,4,8,セイリオス,牝3,55.0,杉原誠人,1:13.7,1.1/4,211.8,14.0,472(+6),[東] 宮田敬介,202506010101
8,2,4,タッカーバリアント,牡3,57.0,戸崎圭太,1:13.7,クビ,8.4,4.0,466(+4),[東] 田島俊明,202506010101
9,4,7,コナベイション,牡3,57.0,横山武史,1:13.8,1/2,11.6,5.0,460(-4),[東] 伊藤圭三,202506010101
10,3,5,チャンピオンリボン,牝3,55.0,木幡初也,1:14.0,1,196.9,13.0,422(+8),[東] 竹内正洋,202506010101
11,1,1,ショウブダッシュ,牝3,52.0,石神深道,1:14.2,1.1/4,231.3,15.0,432(0),[東] 青木孝文,202506010101
12,5,9,ビスケットマリー,牝3,55.0,柴田大知,1:14.8,4,131.9,10.0,420(-6),[東] 和田雄二,202506010101
13,8,16,カツノトゥウェルヴ,牝3,55.0,松岡正海,1:15.0,1.1/4,73.0,8.0,470(-10),[東] 伊藤伸一,202506010101
14,7,14,ノアファースト,牡3,57.0,武藤雅,1:15.0,ハナ,189.5,12.0,454(-10),[東] 小笠倫弘,202506010101
15,3,6,ニシノティターニア,牝3,55.0,池添謙一,1:15.2,1.1/4,75.8,9.0,424(-14),[東] 上原博之,202506010101
16,8,15,キャプティバ,牡3,57.0,黛弘人,1:15.6,2.1/2,556.3,16.0,492(+6),[東] 佐藤吉勝,202506010101
1,3,6,フィーリウス,牡3,57.0,木幡巧也,1:56.1,,7.3,3.0,492(-6),[東] 手塚貴久,202506010102
2,6,12,ロンパイア,牡3,57.0,戸崎圭太,1:56.1,アタマ,7.5,4.0,474(-2),[東] 尾関知人,202506010102
3,1,2,ブレトワルダ,牡3,57.0,丹内祐次,1:56.2,1/2,8.2,6.0,496(+2),[東] 新開幸一,202506010102
4,7,14,プロスペクトパーク,牡3,57.0,横山武史,1:56.5,1.3/4,7.8,5.0,504(+6),[東] 高柳瑞樹,202506010102
5,7,13,アイオリア,牡3,57.0,横山和生,1:57.4,5,2.3,1.0,520(+6),[東] 奥村武,202506010102
6,8,15,ルシード,牡3,57.0,野中悠太,1:57.6,1.1/4,19.8,7.0,512(+10),[東] 田島俊明,202506010102
7,4,8,ギンガエクスプレス,牡3,54.0,長浜鴻緒,1:57.7,1/2,179.8,11.0,532(+4),[東] 加藤士津,202506010102
8,8,16,バレアリックシー,牡3,57.0,菊沢一樹,1:57.7,アタマ,121.2,10.0,480(+6),[東] 菊沢隆徳,202506010102
9,5,9,シリウスライト,牡3,57.0,石橋脩,1:58.0,2,412.8,14.0,460(+2),[東] 和田正一,202506010102
10,2,4,ヴィジブルライト,牡3,57.0,マーカン,1:58.0,ハナ,5.2,2.0,486(0),[東] 和田正一,202506010102
11,6,11,クラウンジュエル,牡3,57.0,松岡正海,1:58.1,クビ,336.5,13.0,478(-2),[東] 尾関知人,202506010102
12,3,5,アイスヴィレッジ,牡3,57.0,菅原明良,1:58.2,1/2,57.0,8.0,490(-8),[東] 鈴木慎太,202506010102
13,4,7,アタックスリー,牡3,57.0,柴田大知,2:00.3,大,468.3,16.0,456(+2),[東] 和田雄二,202506010102
14,1,1,レイラインシチー,牡3,57.0,佐々木大,2:00.9,3.1/2,59.1,9.0,466(+2),[東] 伊藤圭三,202506010102
15,2,3,ブレイクバウンズ,牡3,57.0,伊藤工真,2:01.1,1.1/2,283.0,12.0,484(+2),[東] 林徹,202506010102
16,5,10,ジュンアベリアシノ,牡3,57.0,黛弘人,2:09.4,大,435.4,15.0,460(0),[東] 伊坂重信,202506010102
1,6,12,タマモトリノ,牡3,57.0,大野拓弥,1:56.9,,8.9,5.0,488(0),[東] 辻哲英,202506010103
2,4,7,ホウオウサムレット,牡3,57.0,マーカン,1:57.2,1.3/4,2.5,1.0,452(0),[東] 田中博康,202506010103
3,8,16,ヌンボラ,牝3,52.0,石神深道,1:58.3,7,98.2,12.0,466(0),[東] 深山雅史,202506010103
4,8,15,フローラルデザイン,牝3,55.0,北村宏司,1:58.6,1.3/4,24.2,7.0,452(0),[東] 畠山吉宏,202506010103
5,7,13,ジロラータ,牡3,57.0,吉田豊,1:58.6,クビ,6.2,3.0,472(0),[東] 久保田貴,202506010103
6,2,3,モリノハーバー,牝3,51.0,小林美駒,1:58.8,1.1/4,29.2,8.0,484(0),[東] 鈴木伸尋,202506010103
7,2,4,ニシノジョバンニ,牡3,57.0,池添謙一,1:58.9,3/4,44.2,9.0,548(0),[東] 矢嶋大樹,202506010103
8,1,1,アズユーライク,牝3,55.0,戸崎圭太,1:59.0,アタマ,4.8,2.0,466(0),[西] 西園翔太,202506010103
9,6,11,ウィンターサン,牝3,55.0,佐々木大,1:59.6,4,7.5,4.0,454(0),[東] 加藤征弘,202506010103
10,7,14,ヴァルトバーデン,牡3,57.0,宮崎北斗,1:59.9,1.3/4,114.0,13.0,484(0),[東] 嘉藤貴行,202506010103
11,5,9,ホロヨイマンゲツ,牡3,57.0,内田博幸,2:00.6,4,151.8,15.0,500(0),[東] 深山雅史,202506010103
12,3,5,ゴールドパートナー,牡3,57.0,横山和生,2:01.1,3,11.5,6.0,470(0),[東] 嘉藤貴行,202506010103
13,5,10,スイープビクトリー,牡3,57.0,伊藤工真,2:01.4,1.3/4,147.2,14.0,444(0),[東] 林徹,202506010103
14,4,8,ブルーラジカル,牡3,57.0,野中悠太,2:01.6,1,76.7,11.0,466(0),[東] 菊川正達,202506010103
15,1,2,オンクラウドナイン,牡3,57.0,藤岡佑介,2:01.8,1.1/4,73.2,10.0,520(0),[東] 和田正一,202506010103
16,3,6,ニシノステディミキ,牝3,55.0,岩部純二,2:04.2,大,233.6,16.0,466(0),[東] 加藤和宏,202506010103
1,1,1,ロードブレイズ,牡4,57.0,横山和生,2:36.0,,5.7,2.0,506(+8),[東] 稲垣幸雄,202506010104
2,4,8,コスモジンバック,牡4,57.0,石橋脩,2:36.0,クビ,17.0,6.0,484(0),[東] 相沢郁,202506010104
3,4,7,トゥザヒロイン,牝6,56.0,大野拓弥,2:36.8,5,50.2,10.0,540(+6),[東] 辻哲英,202506010104
4,3,6,ジーティーアグリム,牝4,55.0,藤岡佑介,2:36.9,1/2,218.0,15.0,544(+20),[東] 奥平雅士,202506010104
5,5,10,オウケンシルヴァー,牡4,57.0,原田和真,2:36.9,アタマ,25.6,8.0,500(0),[東] 松永康利,202506010104
6,2,3,トゥルース,牡5,58.0,菊沢一樹,2:36.9,ハナ,123.8,13.0,516(+20),[東] 金成貴史,202506010104
7,5,9,マコタイガ,牡4,57.0,吉田豊,2:37.0,クビ,7.9,3.0,516(+4),[東] 小野次郎,202506010104
8,3,5,シーリュウシー,牡4,57.0,横山武史,2:37.3,2,1.8,1.0,504(+4),[西] 岡田稲男,202506010104
9,2,4,ダノンペドロ,セ5,58.0,マーカン,2:37.5,1.1/4,13.7,5.0,478(-6),[西] 寺島良,202506010104
10,7,13,パッカパッカブー,牡4,57.0,松岡正海,2:37.9,2.1/2,49.9,9.0,494(-2),[東] 堀内岳志,202506010104
11,7,14,アスプリージャ,牡4,57.0,丹内祐次,2:38.0,1/2,21.4,7.0,480(-2),[東] 中舘英二,202506010104
12,8,16,サトノレイズ,牡4,57.0,戸崎圭太,2:38.3,2,10.3,4.0,474(+20),[東] 萩原清,202506010104
13,1,2,ブレイヴアロウ,牡5,58.0,佐々木大,2:38.5,1.1/4,75.0,11.0,502(0),[東] 辻哲英,202506010104
14,8,15,デリシュレーヌ,牝7,56.0,ドイル,2:38.8,1.1/2,95.1,12.0,498(+10),[東] 高橋文雅,202506010104
15,6,11,トゥラムプラッツ,牡4,57.0,木幡育也,2:39.6,5,354.8,16.0,490(+12),[東] 高橋文雅,202506010104
16,6,12,オブシディアン,牡5,54.0,小林美駒,2:40.8,7,126.8,14.0,534(+6),[東] 武藤善則,202506010104
1,3,6,フィールドノート,牡3,57.0,マーカン,1:34.3,,7.2,3.0,450(0),[東] 木村哲也,202506010105
2,6,11,ルトンワージ,牡3,57.0,斎藤新,1:34.4,1/2,5.1,2.0,446(+4),[東] 斎藤誠,202506010105
3,3,5,エンゲルシュピール,牝3,55.0,横山和生,1:34.6,1.1/4,12.3,6.0,448(-4),[東] 田村康仁,202506010105
4,2,3,ガジュノリホワイト,牡3,57.0,丹内祐次,1:34.6,クビ,9.0,5.0,454(-2),[東] 尾形和幸,202506010105
5,4,7,マイネルレクエルド,牡3,57.0,津村明秀,1:35.1,3,21.4,8.0,472(+6),[東] 田島俊明,202506010105
6,8,16,カーヌスティ,牡3,57.0,佐々木大,1:35.3,3/4,7.4,4.0,496(+24),[東] 蛯名正義,202506010105
7,5,10,エメラルドラグーン,牡3,57.0,岩部純二,1:35.4,3/4,576.2,16.0,472(+2),[東] 伊藤伸一,202506010105
8,2,4,ニシノコイネガイ,牝3,55.0,菊沢一樹,1:35.4,ハナ,230.5,11.0,432(+4),[東] 伊坂重信,202506010105
9,1,1,ニシノコイブミ,牝3,55.0,菅原明良,1:35.4,ハナ,2.2,1.0,428(+6),[東] 西田雄一,202506010105
10,6,12,シベリアンデネブ,牡3,57.0,松岡正海,1:35.5,3/4,126.3,9.0,490(+6),[東] 水野貴広,202506010105
11,4,8,キャピタルプレイン,牝3,55.0,横山武史,1:35.7,1.1/2,13.9,7.0,446(-2),[東] 千葉直人,202506010105
12,8,15,フレンドシルバー,牝3,52.0,佐藤翔馬,1:35.9,1.1/4,356.1,14.0,460(+8),[東] 南田美知,202506010105
13,7,13,メロンパンマニア,牡3,57.0,柴田大知,1:36.1,1.1/4,293.4,12.0,466(-4),[東] 和田雄二,202506010105
14,7,14,ゼンブママノセイ,牝3,55.0,木幡初也,1:36.4,2,140.8,10.0,400(+4),[東] 深山雅史,202506010105
15,1,2,エンジェライト,牝3,52.0,石神深道,1:36.5,1/2,528.4,15.0,386(-4),[東] 加藤和宏,202506010105
16,5,9,タギマサダス,セ3,55.0,小林脩斗,1:37.4,5,313.8,13.0,410(0),[東] 青木孝文,202506010105
1,2,4,ノクターン,牝3,55.0,横山武史,2:01.9,,2.0,1.0,474(0),[東] 木村哲也,202506010106
2,4,8,ラッキーロジータ,牝3,55.0,ドイル,2:02.3,2,10.3,3.0,478(0),[東] 相沢郁,202506010106
3,7,15,トーセンリバーブ,牝3,55.0,菊沢一樹,2:02.4,3/4,114.7,16.0,466(0),[東] 菊沢隆徳,202506010106
4,5,10,ヴォイスオブゼウス,牡3,57.0,吉田豊,2:02.4,アタマ,35.6,11.0,468(0),[西] 矢作芳人,202506010106
5,6,11,ピュルテ,牝3,55.0,嶋田純次,2:02.7,1.1/2,58.1,14.0,428(0),[東] 手塚貴久,202506010106
6,6,12,ミクニインスパイア,牡3,57.0,佐々木大,2:02.7,クビ,13.9,5.0,512(0),[東] 林徹,202506010106
7,7,13,ミスターボビー,牡3,57.0,荻野極,2:03.3,4,28.5,8.0,462(0),[東] 栗田徹,202506010106
8,1,1,レイーナアスール,牝3,55.0,武藤雅,2:03.4,1/2,57.3,13.0,476(0),[東] 武藤善則,202506010106
9,7,14,ニシノイッキサス,牡3,57.0,池添謙一,2:04.0,3.1/2,40.3,12.0,446(0),[東] 村田一誠,202506010106
10,4,7,キングズトゥルー,牡3,57.0,菅原明良,2:04.5,3,14.4,6.0,452(0),[東] 大竹正博,202506010106
11,5,9,カレラエンブレマ,牡3,57.0,マーカン,2:04.5,クビ,6.3,2.0,518(0),[東] 田村康仁,202506010106
12,8,17,ダブルドラゴン,牡3,55.0,小林脩斗,2:04.8,1.1/2,167.9,17.0,520(0),[東] 伊藤大士,202506010106
13,3,6,エリジブル,牡3,54.0,長浜鴻緒,2:04.9,1/2,16.6,7.0,490(0),[東] 上原博之,202506010106
14,8,18,ポートタウランガ,牝3,52.0,石田拓郎,2:05.0,1,225.5,18.0,474(0),[東] 嘉藤貴行,202506010106
15,3,5,ボスポラス,牡3,57.0,石橋脩,2:05.2,1.1/4,98.5,15.0,452(0),[東] 和田正一,202506010106
16,8,16,パブリックスフィア,牡3,57.0,北村宏司,2:05.3,クビ,35.1,10.0,458(0),[東] 奥村武,202506010106
17,1,2,オーロプロサングエ,牡3,57.0,杉原誠人,2:06.5,7,31.9,9.0,486(0),[東] 伊藤大士,202506010106
中,2,3,アミドゥクール,牡3,57.0,横山和生,,,11.2,4.0,522(0),[東] 尾関知人,202506010106
1,8,16,アンブロジアーナ,牝6,53.0,長浜鴻緒,1:55.0,,30.8,9.0,432(0),[東] 上原博之,202506010107
2,3,5,ビップレーヌ,牝4,55.0,横山武史,1:55.0,アタマ,7.9,4.0,474(+6),[東] 高柳瑞樹,202506010107
3,4,8,マフィン,牝4,52.0,石神深道,1:55.1,1/2,65.5,13.0,414(-6),[東] 大和田成,202506010107
4,2,3,イラーナ,牝4,55.0,津村明秀,1:55.2,1/2,5.7,3.0,434(-6),[東] 林徹,202506010107
5,6,12,ミラクルキャッツ,牝5,56.0,佐々木大,1:55.4,1,3.2,1.0,462(-4),[東] 堀宣行,202506010107
6,5,10,ラジエル,牝6,56.0,杉原誠人,1:55.5,3/4,31.1,10.0,452(+14),[東] 嘉藤貴行,202506010107
7,6,11,ヒラリーステップ,牝5,56.0,丹内祐次,1:55.6,クビ,12.5,6.0,492(+10),[東] 天間昭一,202506010107
8,7,14,グランコネクシオン,牝4,55.0,木幡巧也,1:55.7,1/2,25.9,8.0,436(+2),[東] 畠山吉宏,202506010107
9,3,6,アステロイドメア,牝5,56.0,マーカン,1:55.7,ハナ,5.2,2.0,502(+6),[東] 武市康男,202506010107
10,8,15,チャイボーグ,牝5,56.0,石川裕紀,1:55.9,1.1/4,270.6,16.0,504(+12),[東] 的場均,202506010107
11,5,9,オランジー,牝5,56.0,内田博幸,1:55.9,クビ,145.0,15.0,460(-4),[東] 青木孝文,202506010107
12,7,13,ヤエベニシダレ,牝5,56.0,丸山元気,1:56.1,3/4,36.9,12.0,466(-8),[西] 梅田智之,202506010107
13,1,2,レシェルドランジュ,牝4,55.0,北村宏司,1:56.5,2.1/2,31.3,11.0,456(+2),[東] 伊藤大士,202506010107
14,4,7,アルヴィエンヌ,牝5,56.0,戸崎圭太,1:56.8,1.1/2,8.1,5.0,480(+18),[東] 林徹,202506010107
15,1,1,ドリームクルーズ,牝4,55.0,松岡正海,1:57.1,2,17.7,7.0,490(+6),[東] 戸田博文,202506010107
16,2,4,ファイブセンス,牝5,56.0,吉田豊,1:58.0,5,105.1,14.0,462(-6),[東] 高橋文雅,202506010107
1,6,11,レオテミス,牝4,53.0,石田拓郎,1:07.1,,4.2,2.0,490(0),[西] 高柳大輔,202506010108
2,6,12,マキアージュ,牝6,52.0,小林美駒,1:07.5,2.1/2,12.2,6.0,458(0),[東] 菊川正達,202506010108
3,8,16,トーラスシャイン,牡4,58.0,藤岡佑介,1:07.9,2,6.7,3.0,474(0),[西] 田中克典,202506010108
4,3,6,ヒラボクミニー,牝4,56.0,横山武史,1:08.0,1/2,7.4,4.0,472(-2),[東] 村田一誠,202506010108
5,2,4,ダークンストーミー,牡5,58.0,江田照男,1:08.0,クビ,313.3,16.0,454(+6),[東] 小笠倫弘,202506010108
6,5,9,トリップトゥムーン,牡6,57.0,横山琉人,1:08.2,1,273.2,15.0,460(+8),[東] 粕谷昌央,202506010108
7,2,3,スティールブルー,牝4,56.0,マーカン,1:08.2,アタマ,2.9,1.0,440(+4),[東] 宗像義忠,202506010108
8,4,8,モズトキキ,牝4,56.0,菅原明良,1:08.2,クビ,11.0,5.0,552(-4),[西] 村山明,202506010108
9,7,14,ジャガード,牡7,58.0,吉田豊,1:08.4,1.1/4,126.5,13.0,426(+4),[東] 和田雄二,202506010108
10,4,7,スピリットガイド,セ4,58.0,戸崎圭太,1:08.5,1/2,13.6,7.0,526(+2),[東] 手塚貴久,202506010108
11,1,1,ベルウッドブラボー,牡6,58.0,柴田大知,1:08.6,クビ,47.6,10.0,470(+10),[東] 和田雄二,202506010108
12,1,2,ルカン,牝5,56.0,石川裕紀,1:08.6,クビ,103.7,12.0,410(-8),[西] 藤野健太,202506010108
13,5,10,アコルダール,牝7,56.0,丹内祐次,1:08.7,クビ,87.1,11.0,464(+4),[西] 西園翔太,202506010108
14,7,13,ディオアステリア,牝6,56.0,横山和生,1:08.8,3/4,43.5,9.0,488(+6),[東] 小野次郎,202506010108
15,3,5,アイルドリアン,牝4,56.0,ドイル,1:09.1,2,16.1,8.0,498(+6),[西] 音無秀孝,202506010108
16,8,15,クインズコスモス,牝6,53.0,長浜鴻緒,1:09.7,3.1/2,140.0,14.0,452(+6),[東] 加藤士津,202506010108
1,8,15,ピュアキアン,牡4,57.0,吉田豊,1:52.6,,13.8,5.0,508(-4),[東] 竹内正洋,202506010109
2,8,16,アスクビックスター,牡6,58.0,黛弘人,1:52.7,1/2,118.7,13.0,480(+2),[西] 矢作芳人,202506010109
3,5,10,ジョージテソーロ,牡4,57.0,菅原明良,1:52.9,1.1/4,21.7,6.0,480(+4),[東] 嘉藤貴行,202506010109
4,1,1,スノーグレース,牝6,56.0,マーカン,1:52.9,クビ,39.1,11.0,486(+2),[東] 中舘英二,202506010109
5,7,13,テーオーパスワード,牡4,57.0,戸崎圭太,1:53.0,1/2,3.0,1.0,490(0),[西] 高柳大輔,202506010109
6,5,9,ロジアデレード,牡4,57.0,野中悠太,1:53.3,1.3/4,5.8,4.0,506(+4),[東] 稲垣幸雄,202506010109
7,7,14,マンマリアーレ,牝5,56.0,荻野極,1:53.4,3/4,4.7,3.0,476(+2),[東] 高木登,202506010109
8,4,7,オンザライン,セ7,58.0,丸山元気,1:53.4,アタマ,34.7,10.0,466(+4),[東] 大和田成,202506010109
9,4,8,トップオブジェラス,牡6,58.0,佐々木大,1:53.6,1,26.1,7.0,550(+14),[東] 高木登,202506010109
10,2,4,ベンテイガ,牡6,58.0,斎藤新,1:53.7,1/2,367.4,16.0,522(+2),[西] 音無秀孝,202506010109
11,3,6,グロッシェン,牡4,57.0,横山武史,1:53.7,アタマ,4.3,2.0,478(+8),[東] 宮田敬介,202506010109
12,6,12,ウインスノーライト,牡5,58.0,横山和生,1:53.7,クビ,29.7,9.0,486(-6),[西] 杉山晴紀,202506010109
13,1,2,サンライズグルーヴ,牡5,58.0,丹内祐次,1:53.8,アタマ,27.2,8.0,526(+4),[西] 河内洋,202506010109
14,2,3,メイショウカゲカツ,牡6,58.0,石橋脩,1:54.3,3,173.0,15.0,508(+6),[西] 西園正都,202506010109
15,6,11,メイクザビート,牡5,58.0,ドイル,1:54.7,2.1/2,90.8,12.0,494(-2),[西] 西園正都,202506010109
16,3,5,ダスク,牡5,58.0,武藤雅,1:55.8,7,156.8,14.0,450(-12),[西] 石坂公一,202506010109
1,5,9,ファンダム,牡3,57.0,北村宏司,1:33.5,,1.8,1.0,470(+12),[東] 辻哲英,202506010110
2,6,10,モンドデラモーレ,牡3,57.0,マーカン,1:33.6,3/4,5.5,2.0,484(+20),[東] 千葉直人,202506010110
3,4,7,モンテシート,牡3,57.0,松岡正海,1:34.0,2.1/2,61.9,10.0,496(-4),[西] 牧田和弥,202506010110
4,1,1,ディオデルマーレ,牡3,57.0,佐々木大,1:34.2,1.1/4,11.4,5.0,508(+6),[東] 堀宣行,202506010110
5,5,8,シンフォーエバー,牡3,57.0,戸崎圭太,1:34.2,クビ,5.8,3.0,504(+10),[西] 森秀行,202506010110
6,4,6,ワース,牡3,57.0,横山武史,1:34.4,1.1/2,8.9,4.0,496(+4),[東] 上原佑紀,202506010110
7,2,3,ビッキーファースト,牡3,57.0,大野拓弥,1:34.6,1,141.1,12.0,486(+6),[西] 武幸四郎,202506010110
8,2,2,ギフテッド,牝3,55.0,菅原明良,1:34.6,クビ,28.3,7.0,458(0),[東] 武井亮,202506010110
9,7,13,バセリーナ,牡3,57.0,丹内祐次,1:34.7,1/2,307.0,14.0,452(-2),[東] 松山将樹,202506010110
10,3,4,デリュージョン,牡3,57.0,横山和生,1:34.8,クビ,97.5,11.0,462(-2),[西] 奥村豊,202506010110
11,6,11,バニーラビット,牡3,57.0,荻野極,1:34.9,1,55.7,9.0,492(+12),[西] 武幸四郎,202506010110
12,7,12,メルキオル,牡3,57.0,丸山元気,1:35.0,クビ,39.7,8.0,482(+14),[西] 松永幹夫,202506010110
13,8,15,ニシノルアノーヴァ,牡3,57.0,津村明秀,1:35.2,1.1/4,184.2,13.0,482(0),[東] 古賀慎明,202506010110
14,8,14,アリオーンスマイル,牡3,57.0,木幡巧也,1:35.3,1/2,400.0,15.0,446(-6),[東] 土田稔,202506010110
15,3,5,スマッシュアウト,牡3,57.0,杉原誠人,1:35.5,1.1/2,25.3,6.0,438(+6),[東] 栗田徹,202506010110
1,1,2,アルナシーム,牡6,58.0,藤岡佑介,1:58.1,,8.4,4.0,452(+2),[西] 橋口慎介,202506010111
2,4,7,マイネルモーント,牡5,55.0,丹内祐次,1:58.3,1.1/4,10.2,6.0,466(+8),[東] 高木登,202506010111
3,8,16,ボーンディスウェイ,牡6,57.0,木幡巧也,1:58.4,1,16.5,8.0,498(+6),[東] 牧光二,202506010111
4,7,15,クリスマスパレード,牝4,55.0,石川裕紀,1:58.5,1/2,4.4,1.0,460(-4),[東] 加藤士津,202506010111
5,5,9,ギャラクシーナイト,牡6,56.0,菊沢一樹,1:58.5,ハナ,88.4,15.0,512(+8),[東] 菊沢隆徳,202506010111
6,2,3,パラレルヴィジョン,牡6,58.0,マーカン,1:58.5,クビ,11.3,7.0,492(+4),[東] 国枝栄,202506010111
7,3,5,ショウナンアデイブ,牡6,55.0,池添謙一,1:58.6,アタマ,19.6,9.0,510(-6),[西] 高野友和,202506010111
8,4,8,エアファンディタ,牡8,57.5,戸崎圭太,1:58.7,1,26.0,10.0,470(+4),[西] 池添学,202506010111
9,8,18,ホウオウビスケッツ,牡5,59.5,ドイル,1:58.8,クビ,4.6,2.0,506(+4),[東] 奥村武,202506010111
10,1,1,ラーグルフ,牡6,57.5,菅原明良,1:58.9,1/2,42.5,12.0,496(-4),[東] 宗像義忠,202506010111
11,5,10,セイウンプラチナ,牡6,54.0,内田博幸,1:58.9,クビ,120.5,16.0,512(+24),[東] 千葉直人,202506010111
12,8,17,シンリョクカ,牝5,56.0,木幡初也,1:58.9,ハナ,7.8,3.0,466(+4),[東] 竹内正洋,202506010111
13,3,6,カラテ,牡9,59.0,杉原誠人,1:59.1,3/4,64.8,13.0,546(+16),[西] 音無秀孝,202506010111
14,2,4,ジェイパームス,セ5,56.0,佐々木大,1:59.1,クビ,29.8,11.0,510(+8),[東] 堀宣行,202506010111
15,7,14,リカンカブール,牡6,58.0,津村明秀,1:59.5,2.1/2,8.5,5.0,496(+6),[西] 田中克典,202506010111
16,7,13,アドマイヤビルゴ,牡8,57.0,北村宏司,2:00.3,5,244.5,17.0,444(0),[西] 友道康夫,202506010111
17,6,12,ディオスバリエンテ,セ7,55.0,大野拓弥,2:00.9,3.1/2,73.5,14.0,482(+4),[東] 堀宣行,202506010111
18,6,11,カレンシュトラウス,牡8,54.0,荻野極,2:01.0,1/2,258.7,18.0,528(+4),[西] 平田修,202506010111
1,3,5,ムーム,牝4,56.0,川又賢治,1:11.0,,7.3,4.0,456(-8),[西] 杉山佳明,202506010112
2,3,6,シャカシャカシー,牡4,58.0,マーカン,1:11.0,クビ,3.3,2.0,532(+12),[西] 茶木太樹,202506010112
3,8,16,モンドプリューム,牡5,58.0,藤岡佑介,1:11.5,2.1/2,5.8,3.0,504(+2),[東] 水野貴広,202506010112
4,7,14,ウィンダミア,牡6,58.0,戸崎圭太,1:11.8,1.3/4,3.2,1.0,460(-2),[東] 林徹,202506010112
5,1,2,サイヤダンサー,牡8,58.0,石川裕紀,1:11.8,クビ,102.5,11.0,474(+2),[東] 深山雅史,202506010112
6,4,7,ジューンポンポン,牝6,56.0,大野拓弥,1:11.9,クビ,90.8,10.0,494(-6),[東] 和田勇介,202506010112
7,4,8,レヴィテーション,牝4,56.0,宮崎北斗,1:12.0,1,39.9,8.0,438(+4),[東] 中川公成,202506010112
8,2,4,フォルクスリート,牝4,56.0,丹内祐次,1:12.1,1/2,7.3,5.0,496(+8),[東] 矢野英一,202506010112
9,8,15,トウカイファクター,セ6,58.0,佐々木大,1:12.1,クビ,15.6,6.0,472(+6),[東] 菊川正達,202506010112
10,5,9,ニルアドミラリ,セ7,55.0,石神深道,1:12.2,クビ,143.0,12.0,564(+2),[東] 和田正一,202506010112
11,2,3,イルザ,牝6,56.0,菅原明良,1:12.2,クビ,23.0,7.0,462(-2),[東] 小手川準,202506010112
12,6,12,プルスウルトラ,牡7,58.0,黛弘人,1:12.5,1.3/4,261.8,15.0,548(+12),[東] 高橋文雅,202506010112
13,7,13,キングクー,牡6,55.0,長浜鴻緒,1:12.6,クビ,43.0,9.0,532(0),[東] 根本康広,202506010112
14,6,11,マイアミュレット,セ6,58.0,内田博幸,1:12.6,ハナ,252.6,14.0,492(+8),[東] 天間昭一,202506010112
15,5,10,グリーンライズ,セ6,58.0,柴田大知,1:12.6,クビ,282.4,16.0,450(-7),[東] 和田雄二,202506010112
16,1,1,リッキーヤスオカ,牡6,58.0,斎藤新,1:13.3,4,177.6,13.0,500(-16),[西] 高橋一哉,202506010112
1,2,4,パシーヴ,牡3,57.0,石橋脩,1:12.5,,4.7,3.0,462(0),[東] 上原博之,202506010201
2,8,16,イズルード,牡3,57.0,丸山元気,1:12.6,1/2,18.2,7.0,466(+4),[東] 田島俊明,202506010201
3,1,2,メイユウ,牡3,57.0,石川裕紀,1:12.6,クビ,10.7,5.0,468(+2),[東] 蛯名正義,202506010201
4,8,15,ガンハンマー,牡3,57.0,キング,1:12.9,1.1/2,6.2,4.0,434(+10),[東] 加藤征弘,202506010201
5,7,13,ショウナンカチドキ,牡3,57.0,戸崎圭太,1:13.0,3/4,2.6,1.0,454(0),[東] 久保田貴,202506010201
6,7,14,カーティブヨーク,牝3,51.0,小林美駒,1:13.2,1,34.7,8.0,434(+4),[東] 武市康男,202506010201
7,3,5,ハナナラツボミ,牡3,57.0,田辺裕信,1:13.3,1/2,17.9,6.0,502(+2),[東] 加藤士津,202506010201
8,5,9,アイビーガオー,牡3,56.0,原優介,1:13.5,1.1/2,213.5,11.0,444(+18),[東] 青木孝文,202506010201
9,4,7,ヘッズアップ,牡3,57.0,野中悠太,1:13.6,3/4,286.5,14.0,464(+6),[東] 松山将樹,202506010201
10,1,1,ミヤマイルス,牝3,55.0,横山和生,1:13.8,3/4,4.4,2.0,484(-6),[東] 伊藤圭三,202506010201
11,5,10,ヒソカ,牡3,54.0,佐藤翔馬,1:14.1,2,335.5,15.0,476(0),[東] 杉浦宏昭,202506010201
12,4,8,リネンドライブ,セ3,57.0,北村宏司,1:14.2,クビ,93.5,10.0,492(+6),[東] 南田美知,202506010201
13,6,11,クリアクォーツ,牡3,54.0,長浜鴻緒,1:14.2,ハナ,84.2,9.0,480(+18),[東] 岩戸孝樹,202506010201
14,3,6,アスクサヴァイバル,牡3,57.0,佐々木大,1:15.5,8,227.9,12.0,426(+2),[東] 田島俊明,202506010201
15,6,12,ビッグスリック,牡3,54.0,土田真翔,1:15.6,クビ,425.5,16.0,508(+16),[東] 田村康仁,202506010201
16,2,3,ハピハピハッピー,牝3,55.0,丸田恭介,1:16.3,4,252.7,13.0,488(+6),[東] 尾関知人,202506010201
1,8,16,ラーナローザ,牝3,55.0,大野拓弥,1:57.6,,2.3,1.0,498(+2),[東] 畠山吉宏,202506010202
2,2,3,シナツヒメ,牝3,55.0,木幡巧也,1:57.6,アタマ,5.0,4.0,438(-8),[東] 牧光二,202506010202
3,4,7,フォンデネージュ,牝3,55.0,ドイル,1:57.9,1.1/2,4.4,3.0,512(+2),[東] 武井亮,202506010202
4,1,1,アイアンオバーカム,牝3,55.0,柴田大知,1:58.5,3.1/2,444.8,15.0,460(+2),[東] 南田美知,202506010202
5,2,4,サーフプラチナム,牝3,55.0,北村宏司,1:59.1,3.1/2,398.2,13.0,462(+2),[東] 古賀慎明,202506010202
6,3,5,アイヨトワニ,牝3,55.0,黛弘人,1:59.4,2,81.4,8.0,436(+10),[東] 千葉直人,202506010202
7,4,8,クインズエクレア,牝3,55.0,キング,1:59.5,1/2,3.4,2.0,482(-4),[東] 加藤征弘,202506010202
8,5,9,スナドケイ,牝3,52.0,石田拓郎,1:59.5,クビ,199.7,10.0,484(+8),[東] 尾形和幸,202506010202
9,6,11,リュウゼツラン,牝3,55.0,丹内祐次,1:59.5,ハナ,75.1,7.0,456(+6),[東] 水野貴広,202506010202
10,3,6,ラブミーナタリー,牝3,52.0,長浜鴻緒,1:59.9,2.1/2,308.6,11.0,484(+14),[東] 矢嶋大樹,202506010202
11,8,15,デスティニーホープ,牝3,55.0,菊沢一樹,2:00.0,1/2,26.4,5.0,432(+4),[東] 松山将樹,202506010202
12,7,14,ビップジェシー,牝3,55.0,小林凌大,2:00.1,1/2,392.4,12.0,428(-2),[東] 田島俊明,202506010202
13,1,2,プレシャスアセット,牝3,55.0,石川裕紀,2:00.1,クビ,103.2,9.0,434(-10),[東] 池上昌和,202506010202
14,6,12,ファランジリング,牝3,55.0,内田博幸,2:00.3,1,37.1,6.0,454(0),[東] 手塚貴久,202506010202
15,7,13,ベアショット,牝3,52.0,佐藤翔馬,2:00.5,1.1/4,555.4,16.0,462(-8),[東] 杉浦宏昭,202506010202
16,5,10,セイカエイレーネー,牝3,55.0,石橋脩,2:01.9,8,442.2,14.0,438(+6),[東] 南田美知,202506010202
1,8,16,ニューファウンド,セ3,57.0,石川裕紀,1:55.2,,9.5,3.0,512(-6),[東] 相沢郁,202506010203
2,8,15,ブルータス,牡3,57.0,横山武史,1:55.2,クビ,1.6,1.0,450(+2),[東] 高柳瑞樹,202506010203
3,2,3,ハクシンブライアン,牡3,57.0,大野拓弥,1:56.2,6,4.0,2.0,488(-2),[東] 松山将樹,202506010203
4,3,6,ロードスカイブルー,牡3,57.0,横山和生,1:56.3,クビ,33.9,8.0,468(+4),[東] 和田勇介,202506010203
5,1,2,ファンタズマ,牡3,57.0,マーカン,1:56.5,1.1/4,14.2,4.0,452(-2),[東] 上原佑紀,202506010203
6,4,8,ローズマイスター,牡3,56.0,原優介,1:56.9,2,26.2,7.0,520(+12),[東] 黒岩陽一,202506010203
7,4,7,ブリヤディアマンテ,牡3,56.0,横山琉人,1:57.6,4,93.9,9.0,474(+4),[東] 小島茂之,202506010203
8,2,4,スマートクオーレ,牡3,57.0,木幡初也,1:57.7,3/4,98.2,10.0,492(0),[東] 粕谷昌央,202506010203
9,5,9,キャピタルリッチ,牡3,57.0,菅原明良,1:57.9,1.1/2,21.6,6.0,462(-2),[東] 小笠倫弘,202506010203
10,7,14,マイネルラカイユ,牡3,57.0,丹内祐次,1:58.9,6,113.3,12.0,500(+12),[東] 天間昭一,202506010203
11,1,1,グラスビジョン,牡3,57.0,木幡巧也,1:58.9,クビ,118.9,13.0,432(+2),[東] 佐藤吉勝,202506010203
12,6,12,バンブルビー,牡3,57.0,田辺裕信,2:00.3,8,15.4,5.0,466(-4),[東] 小西一男,202506010203
13,6,11,ヴェナートル,牡3,57.0,武藤雅,2:00.5,1,524.5,16.0,490(0),[東] 武藤善則,202506010203
14,5,10,ブレードダンシング,牡3,57.0,野中悠太,2:01.6,7,322.8,15.0,452(+10),[東] 岩戸孝樹,202506010203
15,7,13,カイトヴィント,牡3,57.0,丸山元気,2:04.0,大,238.9,14.0,480(0),[東] 和田雄二,202506010203
中,3,5,シーフライト,牡3,57.0,丸田恭介,,,106.0,11.0,504(-4),[東] 伊藤大士,202506010203
1,7,14,ホウオウフロイト,牡4,58.0,丸田恭介,1:12.2,,211.9,15.0,446(+10),[東] 加藤和宏,202506010204
2,8,15,オセアエクスプレス,牡4,58.0,佐々木大,1:12.3,1/2,6.4,3.0,482(+8),[東] 菊川正達,202506010204
3,1,1,ロサンゼルス,牡4,58.0,マーカン,1:12.3,クビ,4.3,1.0,518(+4),[東] 伊藤圭三,202506010204
4,5,10,グッドヴァイブス,牡4,58.0,菅原明良,1:12.4,クビ,21.6,10.0,480(+4),[東] 高柳瑞樹,202506010204
5,3,6,アオカミ,セ6,58.0,原田和真,1:12.6,1.1/4,20.5,9.0,484(+4),[東] 松山将樹,202506010204
6,4,8,ペイシャスウィフト,牝4,53.0,長浜鴻緒,1:12.6,クビ,11.4,7.0,506(+12),[東] 本間忍,202506010204
7,6,11,ペッパーミル,牡4,58.0,田辺裕信,1:12.6,ハナ,11.2,6.0,506(0),[東] 加藤士津,202506010204
8,2,3,アンバーニードル,牡4,58.0,キング,1:12.7,クビ,4.7,2.0,504(+16),[東] 加藤征弘,202506010204
9,6,12,トライデント,牡4,55.0,石田拓郎,1:12.7,アタマ,95.3,13.0,504(+10),[東] 新開幸一,202506010204
10,7,13,オオゾラヒバリ,牝4,56.0,丸山元気,1:12.8,1/2,12.6,8.0,466(+10),[東] 根本康広,202506010204
11,8,16,ニシノリアリティ,牡4,58.0,杉原誠人,1:13.0,1.1/4,10.9,5.0,528(+6),[東] 田村康仁,202506010204
12,5,9,ミスエル,牡4,55.0,石神深道,1:13.0,クビ,24.1,11.0,490(+18),[東] 菊沢隆徳,202506010204
13,1,2,ライングッドマン,牡4,58.0,武藤雅,1:13.1,クビ,8.1,4.0,474(+20),[東] 武藤善則,202506010204
14,3,5,ネイルンノ,牡4,58.0,黛弘人,1:13.6,3,168.0,14.0,474(+14),[東] 尾関知人,202506010204
15,2,4,ソングフォーユー,牝6,56.0,大野拓弥,1:14.1,3.1/2,38.7,12.0,480(+12),[東] 上原博之,202506010204
16,4,7,フィーリウスワン,牡7,58.0,野中悠太,1:14.6,3,673.2,16.0,488(+16),[東] 根本康広,202506010204
1,5,9,ストレイトトーカー,牡3,57.0,大野拓弥,1:35.5,,5.3,2.0,480(0),[東] 岩戸孝樹,202506010205
2,5,10,ベラジオワールド,牡3,55.0,戸崎圭太,1:35.7,1.1/4,2.3,1.0,482(0),[東] 伊藤大士,202506010205
3,7,14,ハッピーウィズユー,牝3,55.0,丸山元気,1:35.8,3/4,16.8,6.0,496(0),[東] 小笠倫弘,202506010205
4,1,1,テンフレッシュ,牝3,55.0,横山和生,1:36.0,1.1/4,7.0,3.0,480(0),[東] 田村康仁,202506010205
5,6,12,アルシャンティ,牝3,55.0,北村宏司,1:36.2,1.1/4,7.1,4.0,436(0),[西] 茶木太樹,202506010205
6,8,15,リーフアクアリウム,牡3,55.0,石川裕紀,1:36.3,1/2,34.6,10.0,426(0),[東] 伊藤大士,202506010205
7,6,11,フェブルアーリア,牡3,57.0,菅原明良,1:36.5,1.1/2,19.7,8.0,454(0),[西] 中村直也,202506010205
8,2,4,リアンエターナル,牝3,55.0,武藤雅,1:36.6,クビ,22.0,9.0,440(0),[東] 武藤善則,202506010205
9,7,13,グレイトレッグ,牡3,57.0,菊沢一樹,1:36.7,3/4,74.0,11.0,446(0),[東] 菊沢隆徳,202506010205
10,1,2,ワキノグラス,牝3,55.0,丹内祐次,1:36.8,3/4,15.7,5.0,438(0),[西] 高橋義忠,202506010205
11,8,16,キタノヴァルカン,牡3,55.0,小林脩斗,1:37.0,1.1/4,169.8,16.0,440(0),[東] 菊川正達,202506010205
12,4,8,マダムシーファー,牝3,55.0,江田照男,1:37.2,1.1/2,74.7,12.0,416(0),[東] 田村康仁,202506010205
13,4,7,コスモナッシュビル,牡3,57.0,ドイル,1:37.6,2.1/2,16.9,7.0,520(0),[西] 吉田直弘,202506010205
14,3,6,メイプルエイト,牡3,53.0,小林美駒,1:38.2,3.1/2,127.0,14.0,434(0),[東] 清水英克,202506010205
15,3,5,アイトカコイトカ,牝3,52.0,佐藤翔馬,1:38.3,クビ,108.7,13.0,460(0),[東] 小手川準,202506010205
16,2,3,ジーティーアムール,牡3,57.0,野中悠太,1:41.9,大,148.1,15.0,428(0),[東] 加藤和宏,202506010205
1,8,16,マイネルゼウス,牡3,57.0,津村明秀,2:02.7,,48.9,9.0,410(+4),[東] 奥村武,202506010206
2,5,10,ディベルティスマン,牡3,57.0,石橋脩,2:02.8,3/4,7.8,3.0,514(+8),[東] 菊沢隆徳,202506010206
3,2,3,マキャベリー,牝3,55.0,菅原明良,2:02.8,ハナ,12.8,5.0,472(+6),[東] 黒岩陽一,202506010206
4,7,13,ニヴルヘイム,牡3,57.0,戸崎圭太,2:02.9,3/4,4.8,2.0,452(+2),[東] 栗田徹,202506010206
5,7,15,マイネルアレス,牡3,57.0,横山武史,2:02.9,アタマ,29.0,8.0,440(+2),[東] 相沢郁,202506010206
6,1,1,サトノアルタイル,牡3,57.0,斎藤新,2:03.1,1,14.5,6.0,504(+2),[東] 斎藤誠,202506010206
7,3,6,アルティテュード,牡3,57.0,マーカン,2:03.1,ハナ,2.0,1.0,492(+6),[東] 森一誠,202506010206
8,4,8,コスモマガラニカ,牡3,57.0,丹内祐次,2:03.1,クビ,70.2,12.0,440(-6),[東] 加藤士津,202506010206
9,6,11,エターナルシルバー,牡3,57.0,吉田豊,2:03.5,2.1/2,8.3,4.0,450(0),[東] 中舘英二,202506010206
10,4,7,クモヒトツナイ,牡3,57.0,松岡正海,2:03.6,1,20.5,7.0,478(+6),[東] 堀内岳志,202506010206
11,6,12,エルドジュリエーネ,牝3,55.0,石川裕紀,2:03.8,1.1/4,316.2,15.0,458(0),[東] 手塚貴久,202506010206
12,1,2,マイネルアズーロ,牡3,57.0,ドイル,2:03.9,クビ,60.9,11.0,452(+8),[東] 鹿戸雄一,202506010206
13,3,5,パルピタシオン,牝3,55.0,田辺裕信,2:04.2,1.1/2,57.0,10.0,428(+10),[東] 天間昭一,202506010206
14,7,14,カズノマリア,牝3,55.0,佐々木大,2:04.2,ハナ,252.8,14.0,448(-2),[東] 尾形和幸,202506010206
15,2,4,フェデルミエール,牝3,55.0,大野拓弥,2:04.6,2.1/2,192.0,13.0,490(+12),[東] 中川公成,202506010206
16,8,18,コウセイケンタロス,牡3,57.0,柴田大知,2:05.1,3,417.6,16.0,462(+16),[東] 和田雄二,202506010206
17,8,17,グリーティングデー,牡3,54.0,石神深道,2:05.2,3/4,554.5,17.0,444(+20),[東] 加藤和宏,202506010206
18,5,9,ギリギリバイター,牡3,57.0,内田博幸,2:05.6,2.1/2,579.7,18.0,442(+20),[東] 小笠倫弘,202506010206
1,6,7,ゴーソーファー,牝3,55.0,津村明秀,2:00.7,,36.5,7.0,460(+4),[東] 手塚貴久,202506010207
2,8,11,アロヒアリイ,牡3,57.0,戸崎圭太,2:00.8,3/4,1.6,1.0,496(+8),[東] 田中博康,202506010207
3,1,1,ビーオンザカバー,牡3,57.0,横山武史,2:00.9,クビ,13.4,4.0,472(+12),[東] 伊藤圭三,202506010207
4,2,2,ディヴァインスター,牡3,57.0,丹内祐次,2:01.0,1,5.1,3.0,478(+6),[東] 林徹,202506010207
5,6,8,エーオーキング,牡3,57.0,木幡巧也,2:01.7,4,41.1,8.0,446(+6),[東] 久保田貴,202506010207
6,8,12,サトノラポール,牡3,57.0,マーカン,2:01.8,クビ,5.1,2.0,466(+14),[東] 鹿戸雄一,202506010207
7,5,5,ドゥカート,牡3,57.0,丸山元気,2:02.1,2,41.6,9.0,474(+6),[東] 宮田敬介,202506010207
8,3,3,スタイラスメソッド,牡3,57.0,田辺裕信,2:02.5,2.1/2,23.2,5.0,464(+4),[東] 牧光二,202506010207
9,7,10,ソルエパトリオット,牡3,56.0,横山琉人,2:03.2,4,212.4,11.0,408(+4),[東] 尾形和幸,202506010207
10,4,4,テリオスルナ,牝3,55.0,菅原明良,2:03.3,1/2,53.2,10.0,404(0),[東] 高柳瑞樹,202506010207
11,7,9,フタイテンホイール,牝3,55.0,菊沢一樹,2:03.6,2,284.6,12.0,428(+6),[東] 佐藤吉勝,202506010207
12,5,6,サノノロンドン,牝3,51.0,小林美駒,2:06.4,大,26.4,6.0,430(-4),[東] 尾形和幸,202506010207
1,4,6,フェーレンベルク,牡5,60.0,上野翔,3:36.5,,11.6,5.0,494(+14),[東] 千葉直人,202506010208
2,7,12,オオキニ,牡6,60.0,森一馬,3:36.6,1/2,2.0,1.0,462(+10),[西] 鈴木孝志,202506010208
3,7,11,インディゴブラック,セ6,61.0,小坂忠士,3:36.7,1/2,5.4,2.0,524(0),[西] 奥村豊,202506010208
4,5,7,エンデュミオン,牡8,61.0,小野寺祐,3:37.6,5,9.1,4.0,460(-4),[西] 清水久詞,202506010208
5,8,13,レッドバロッサ,セ6,61.0,小牧加矢,3:38.3,4,6.2,3.0,516(0),[西] 音無秀孝,202506010208
6,6,9,メイショウアツイタ,牡7,60.0,難波剛健,3:39.0,4,135.2,14.0,508(+4),[西] 高橋義忠,202506010208
7,8,14,ルレーヴドゥリリ,牝8,58.0,江田勇亮,3:39.0,ハナ,35.1,8.0,528(-2),[東] 田中剛,202506010208
8,3,3,サンマルグレイト,牡5,60.0,大江原圭,3:39.1,アタマ,88.0,12.0,462(+8),[東] 佐藤吉勝,202506010208
9,3,4,タンジェントアーク,セ7,60.0,五十嵐雄,3:39.3,1.1/4,14.8,6.0,446(+10),[東] 田村康仁,202506010208
10,4,5,シャンドゥレール,セ5,60.0,金子光希,3:40.2,5,43.4,9.0,498(+4),[東] 国枝栄,202506010208
11,6,10,トーアモルペウス,セ5,60.0,石神深一,3:40.6,2.1/2,23.8,7.0,490(+2),[東] 辻哲英,202506010208
12,5,8,テイエムナイスラン,牡6,60.0,土田真翔,3:41.0,2.1/2,70.9,10.0,542(0),[東] 石栗龍彦,202506010208
13,2,2,ヤマタケアオイバラ,牡5,60.0,草野太郎,3:42.2,7,82.1,11.0,466(+6),[東] 萱野浩二,202506010208
中,1,1,プラチナドリーム,牡6,60.0,黒岩悠,,,104.8,13.0,480(+4),[西] 平田修,202506010208
1,8,16,メイショウフジ,牡5,58.0,大野拓弥,1:53.8,,7.6,3.0,480(+6),[東] 和田勇介,202506010209
2,7,14,アムールドパリ,牝4,55.0,横山武史,1:54.0,1.1/4,1.9,1.0,458(+4),[東] 稲垣幸雄,202506010209
3,5,10,サパテアール,セ6,58.0,石川裕紀,1:54.1,3/4,10.9,5.0,522(+12),[東] 畠山吉宏,202506010209
4,1,1,レオカクテル,牡7,58.0,丸田恭介,1:54.3,3/4,80.6,11.0,510(0),[東] 萱野浩二,202506010209
5,4,8,オソルノ,牡5,58.0,菅原明良,1:54.5,1.1/2,16.7,7.0,500(-10),[東] 萩原清,202506010209
6,7,13,カムランベイ,牡5,58.0,津村明秀,1:54.6,1/2,15.8,6.0,502(+2),[東] 岩戸孝樹,202506010209
7,8,15,ライラスター,セ6,58.0,マーカン,1:54.6,クビ,8.5,4.0,474(+4),[東] 森一誠,202506010209
8,2,4,ティルドーン,牡5,58.0,戸崎圭太,1:55.0,2.1/2,7.2,2.0,528(-10),[西] 森秀行,202506010209
9,3,5,ピックアップライン,牡5,58.0,丹内祐次,1:55.5,2.1/2,56.7,10.0,516(+6),[東] 田中剛,202506010209
10,3,6,クォーツァイト,牝4,55.0,斎藤新,1:56.1,3.1/2,31.6,9.0,462(+8),[東] 斎藤誠,202506010209
11,6,11,サイモンルモンド,セ8,58.0,野中悠太,1:56.7,3.1/2,465.8,16.0,470(+6),[東] 根本康広,202506010209
12,5,9,アイファーグローブ,牡6,58.0,長浜鴻緒,1:57.1,2,94.0,12.0,478(-2),[東] 蛯名利弘,202506010209
13,4,7,スカーズ,牡5,58.0,田辺裕信,1:57.3,1.1/4,24.6,8.0,490(-6),[西] 武幸四郎,202506010209
14,6,12,シックザイン,牡6,58.0,ドイル,1:58.5,7,270.2,14.0,490(+20),[東] 水野貴広,202506010209
15,2,3,ナックダンス,牝5,56.0,木幡巧也,2:00.0,9,277.6,15.0,508(+4),[東] 杉浦宏昭,202506010209
中,1,2,テンウォークライ,牡7,58.0,丸山元気,,,267.3,13.0,492(+16),[東] 金成貴史,202506010209
1,5,9,アスクナイスショー,牡4,57.0,田辺裕信,2:00.1,,4.1,2.0,494(+2),[東] 中舘英二,202506010210
2,3,5,タイキラフター,牡5,58.0,大野拓弥,2:00.3,1,7.1,5.0,534(+6),[東] 大竹正博,202506010210
3,3,4,ビターグラッセ,牝5,56.0,マーカン,2:00.3,ハナ,6.0,3.0,498(-6),[東] 栗田徹,202506010210
4,2,3,エコロレイズ,牡4,57.0,菊沢一樹,2:00.3,クビ,6.4,4.0,504(0),[東] 岩戸孝樹,202506010210
5,6,10,ルカランフィースト,牡4,57.0,横山武史,2:00.5,1.1/4,3.8,1.0,476(+6),[東] 鹿戸雄一,202506010210
6,5,8,サクセスドレーク,牡6,58.0,津村明秀,2:00.6,1/2,20.7,8.0,506(+6),[西] 野中賢二,202506010210
7,2,2,マイネルトルファン,牡6,58.0,柴田大知,2:00.6,ハナ,90.4,12.0,522(+14),[東] 粕谷昌央,202506010210
8,8,14,ロードマンハイム,牡5,58.0,戸崎圭太,2:01.0,2.1/2,11.5,6.0,514(+6),[西] 友道康夫,202506010210
9,4,7,ピンキープロミス,牡5,58.0,丹内祐次,2:01.1,クビ,66.2,10.0,490(+10),[東] 畠山吉宏,202506010210
10,7,12,ラーテル,セ5,58.0,原田和真,2:01.1,クビ,358.2,15.0,476(+8),[東] 南田美知,202506010210
11,1,1,シュブリーム,牡9,58.0,杉原誠人,2:01.2,クビ,84.1,11.0,488(+2),[東] 大和田成,202506010210
12,8,15,リリーブライト,牡7,58.0,石橋脩,2:01.8,3.1/2,166.0,13.0,482(0),[東] 西田雄一,202506010210
13,7,13,ロゼル,牡5,58.0,菅原明良,2:01.8,クビ,53.2,9.0,494(+8),[東] 大和田成,202506010210
14,6,11,タガノチュール,牡7,58.0,原優介,2:02.3,3,173.4,14.0,468(0),[西] 西園翔太,202506010210
15,4,6,ネイビースター,牡5,58.0,佐々木大,2:02.7,2,12.3,7.0,546(0),[東] 林徹,202506010210
1,6,12,ステークホルダー,牡5,56.0,戸崎圭太,1:08.2,,2.5,1.0,468(-4),[東] 斎藤誠,202506010211
2,4,7,イサチルシーサイド,牡4,55.0,木幡初也,1:08.2,ハナ,14.9,6.0,484(0),[東] 竹内正洋,202506010211
3,5,10,マイネルレノン,牡6,57.0,菅原明良,1:08.3,クビ,8.7,3.0,480(+10),[西] 宮徹,202506010211
4,6,11,スピードオブライト,牝5,54.0,石川裕紀,1:08.4,3/4,20.1,8.0,430(-12),[東] 相沢郁,202506010211
5,2,4,エコロレジーナ,牝5,55.0,菊沢一樹,1:08.6,1.1/4,13.7,5.0,508(+8),[東] 菊沢隆徳,202506010211
6,1,1,トーセンサンダー,牡6,56.0,木幡巧也,1:08.6,ハナ,40.4,12.0,500(+16),[東] 杉浦宏昭,202506010211
7,5,9,スーサンアッシャー,牡6,55.0,佐々木大,1:08.6,アタマ,68.6,14.0,478(+8),[西] 鈴木孝志,202506010211
8,7,13,イルクオーレ,セ7,57.0,吉田豊,1:08.6,クビ,34.3,11.0,500(+10),[東] 高橋文雅,202506010211
9,4,8,デイトナモード,牡5,55.0,ドイル,1:08.7,1/2,30.5,10.0,548(+10),[西] 千田輝彦,202506010211
10,7,14,エイシンエイト,牝5,55.0,大野拓弥,1:08.7,アタマ,15.4,7.0,508(0),[東] 田中剛,202506010211
11,3,6,オードゥメール,牝6,54.0,斎藤新,1:08.9,1,24.6,9.0,490(-2),[東] 斎藤誠,202506010211
12,3,5,クロスマジェスティ,牝6,53.0,武藤雅,1:08.9,アタマ,139.1,15.0,492(0),[東] 水野貴広,202506010211
13,8,15,アスクビギンアゲン,牡6,54.0,丸山元気,1:09.0,3/4,312.0,16.0,574(+10),[西] 梅田智之,202506010211
14,8,16,ブルースピリット,セ7,57.0,田辺裕信,1:09.2,1.1/4,50.7,13.0,500(+6),[東] 岩戸孝樹,202506010211
15,1,2,ルーフ,牝5,54.0,横山武史,1:09.4,1.1/4,12.9,4.0,488(0),[西] 清水久詞,202506010211
16,2,3,ジャスパーノワール,牡4,57.0,マーカン,1:09.5,1/2,4.1,2.0,516(+6),[西] 森秀行,202506010211
1,8,15,カイコウ,セ4,57.0,丹内祐次,1:55.8,,79.1,12.0,460(+2),[東] 田島俊明,202506010212
2,7,14,ザロック,セ4,54.0,石神深道,1:55.8,ハナ,36.2,11.0,486(-2),[東] 武井亮,202506010212
3,3,6,プレジール,牡4,57.0,横山和生,1:56.2,2,30.6,10.0,482(+8),[東] 嘉藤貴行,202506010212
4,4,7,マッスルバック,牡4,57.0,菅原明良,1:56.2,ハナ,6.1,3.0,474(+8),[東] 水野貴広,202506010212
5,6,11,ディズレーリ,セ5,58.0,内田博幸,1:56.3,1,21.9,7.0,510(-6),[東] 池上昌和,202506010212
6,6,12,レッドライトニング,牡4,57.0,ドイル,1:56.5,1,18.3,6.0,460(-6),[東] 鹿戸雄一,202506010212
7,8,16,メンドロントット,牡4,54.0,佐藤翔馬,1:56.8,1.1/2,228.8,16.0,556(+8),[東] 杉浦宏昭,202506010212
8,4,8,サルヴィアーノ,牝4,55.0,大野拓弥,1:57.1,2,16.2,5.0,476(+2),[東] 栗田徹,202506010212
9,2,3,プルメリアクヒオ,牡4,54.0,長浜鴻緒,1:57.2,1/2,23.3,8.0,456(+2),[東] 深山雅史,202506010212
10,2,4,バンドネオン,セ5,58.0,嶋田純次,1:57.4,1.1/4,195.8,15.0,530(+8),[東] 手塚貴久,202506010212
11,5,10,ジャミラヌール,牝4,55.0,戸崎圭太,1:57.5,1/2,2.7,1.0,478(+4),[東] 高柳瑞樹,202506010212
12,1,2,ダイタジャスティス,牡4,57.0,原田和真,1:57.6,1/2,172.7,14.0,496(+26),[東] 小野次郎,202506010212
13,7,13,インテルメディオ,牡4,57.0,マーカン,1:57.7,1/2,4.4,2.0,530(-2),[東] 栗田徹,202506010212
14,5,9,モッドフレイム,牡4,57.0,佐々木大,1:58.4,4,24.8,9.0,512(+11),[東] 大和田成,202506010212
15,3,5,サンカルミア,牡4,57.0,横山武史,1:59.9,9,6.5,4.0,476(+10),[東] 伊坂重信,202506010212
中,1,1,コトブキヘスペラス,牡5,58.0,江田照男,,,93.9,13.0,466(+16),[東] 金成貴史,202506010212
1,8,16,エベリンテソーロ,牝3,55.0,横山武史,1:12.5,,3.9,2.0,470(+2),[東] 加藤士津,202506010301
2,5,9,シュレン,牝3,55.0,菊沢一樹,1:12.6,1,6.0,4.0,372(-4),[東] 千葉直人,202506010301
3,7,13,フラッシュタイム,牡3,53.0,小林美駒,1:12.8,3/4,113.0,12.0,524(+6),[東] 佐藤吉勝,202506010301
4,3,6,ナインオブレター,牡3,57.0,吉田豊,1:13.0,1.1/2,3.5,1.0,448(+10),[東] 高橋文雅,202506010301
5,4,8,アラスカフレイバー,牡3,57.0,戸崎圭太,1:13.0,ハナ,9.1,6.0,510(+8),[東] 松永康利,202506010301
6,2,4,モズアンドモズ,牝3,55.0,大野拓弥,1:13.1,アタマ,8.7,5.0,442(+8),[東] 栗田徹,202506010301
7,6,11,フクノジョヴァンニ,牝3,55.0,横山和生,1:13.2,1/2,29.7,8.0,430(-6),[東] 伊藤圭三,202506010301
8,4,7,ハクサンリンド,牡3,55.0,小林脩斗,1:13.8,4,29.5,7.0,450(0),[東] 菊川正達,202506010301
9,7,14,ジークマインド,牝3,52.0,石神深道,1:13.9,クビ,238.6,16.0,458(+2),[東] 和田雄二,202506010301
10,2,3,キーベスト,牡3,56.0,原優介,1:13.9,ハナ,100.0,11.0,496(+6),[東] 黒岩陽一,202506010301
11,8,15,キタノロワーズ,牝3,55.0,岩部純二,1:13.9,クビ,89.1,10.0,418(-6),[東] 萱野浩二,202506010301
12,5,10,ノーブルアイガー,牡3,57.0,武藤雅,1:14.0,1/2,149.7,13.0,484(+8),[東] 水野貴広,202506010301
13,1,2,マミーブルー,牝3,52.0,佐藤翔馬,1:14.3,1.1/2,33.2,9.0,436(-4),[東] 杉浦宏昭,202506010301
14,6,12,マカニ,牝3,55.0,佐々木大,1:15.1,5,5.6,3.0,460(-10),[東] 尾形和幸,202506010301
15,3,5,テントウムシサンバ,牝3,52.0,長浜鴻緒,1:16.4,8,195.7,15.0,494(+8),[東] 石栗龍彦,202506010301
16,1,1,アイビースピネル,牡3,57.0,木幡巧也,1:16.7,2,162.6,14.0,470(0),[東] 牧光二,202506010301
1,7,14,リバースザトレンド,牝3,55.0,横山武史,1:54.9,,3.2,2.0,428(-2),[東] 中舘英二,202506010302
2,8,16,ダカラフェスティヴ,牝3,55.0,戸崎圭太,1:56.7,大,3.0,1.0,458(+2),[東] 奥平雅士,202506010302
3,4,7,ヴォンフレ,牝3,55.0,松岡正海,1:57.3,3.1/2,3.9,3.0,468(+2),[東] 村田一誠,202506010302
4,3,6,ポリアンセモス,牝3,55.0,ドイル,1:57.4,1/2,10.7,5.0,468(+2),[東] 辻哲英,202506010302
5,6,11,ブルーユンチェリー,牝3,55.0,佐々木大,1:58.0,3.1/2,62.3,9.0,462(+8),[東] 加藤征弘,202506010302
6,5,9,インディーフィルム,牝3,55.0,菊沢一樹,1:58.2,1,53.2,6.0,460(-20),[東] 金成貴史,202506010302
7,1,2,エルバステラ,牝3,55.0,内田博幸,1:58.4,1,7.2,4.0,486(0),[東] 高柳瑞樹,202506010302
8,3,5,アップリンク,牝3,55.0,大野拓弥,1:58.6,1.1/2,59.6,8.0,434(+2),[東] 和田勇介,202506010302
9,2,4,ラトラディシオン,牝3,55.0,三浦皇成,1:58.9,2,234.7,15.0,496(+2),[東] 小手川準,202506010302
10,8,15,ムーンストラック,牝3,54.0,原優介,1:59.0,1/2,146.6,13.0,466(+28),[東] 武市康男,202506010302
11,4,8,ハクサンビューティ,牝3,52.0,石神深道,2:00.1,7,221.9,14.0,410(-6),[東] 土田稔,202506010302
12,6,12,コンサートツアー,牝3,55.0,丹内祐次,2:00.4,2,88.8,11.0,452(+2),[東] 武井亮,202506010302
13,2,3,カルタジローネ,牝3,51.0,小林美駒,2:01.3,5,55.4,7.0,460(+4),[東] 池上昌和,202506010302
14,5,10,ステレオプシス,牝3,55.0,菅原明良,2:01.7,2.1/2,66.3,10.0,476(+10),[東] 尾関知人,202506010302
15,7,13,マリノテレージア,牝3,55.0,木幡巧也,2:03.7,大,101.9,12.0,438(0),[東] 牧光二,202506010302
16,1,1,レオプレセア,牝3,52.0,佐藤翔馬,2:08.5,大,297.3,16.0,444(0),[東] 杉浦宏昭,202506010302
1,8,15,カゼノタカトシ,牡3,57.0,佐々木大,1:56.8,,2.5,1.0,474(+4),[東] 久保田貴,202506010303
2,8,16,プロフェータ,牡3,57.0,キング,1:56.9,クビ,12.6,6.0,470(+10),[東] 斎藤誠,202506010303
3,1,2,シュガーハイ,牡3,57.0,横山和生,1:57.1,1.1/2,7.9,4.0,508(-8),[東] 加藤士津,202506010303
4,6,12,ナムラジミー,牡3,56.0,原優介,1:57.3,3/4,7.2,3.0,492(-6),[東] 武市康男,202506010303
5,5,9,フィールザゴールド,牡3,57.0,丹内祐次,1:57.3,クビ,15.3,8.0,436(-4),[東] 岩戸孝樹,202506010303
6,6,11,ノーブルプライム,牡3,54.0,土田真翔,1:57.7,2.1/2,49.8,11.0,468(0),[東] 田村康仁,202506010303
7,3,5,ジーティーエンジン,牡3,57.0,横山武史,1:58.1,2.1/2,8.4,5.0,520(+8),[東] 伊藤圭三,202506010303
8,2,3,サンマルストロング,牡3,57.0,吉田豊,1:58.3,1,270.4,13.0,530(-2),[東] 土田稔,202506010303
9,5,10,ヴィラスターリ,牡3,57.0,菊沢一樹,1:58.3,ハナ,6.8,2.0,472(-2),[東] 矢野英一,202506010303
10,4,7,ヤマニンエボルブ,牡3,57.0,伊藤工真,1:58.5,1,31.9,10.0,470(-6),[東] 千葉直人,202506010303
11,2,4,アンエクスプロード,牡3,57.0,大野拓弥,1:58.8,1.1/2,14.9,7.0,508(+8),[東] 池上昌和,202506010303
12,7,13,イエヤス,牡3,54.0,佐藤翔馬,1:59.4,3.1/2,305.7,15.0,482(+4),[東] 杉浦宏昭,202506010303
13,7,14,ダウントゥアース,牡3,57.0,長岡禎仁,1:59.6,1.1/2,260.0,12.0,480(0),[東] 尾関知人,202506010303
14,4,8,リュウノドラゴン,牡3,57.0,小林凌大,2:01.1,9,278.9,14.0,512(-4),[東] 小西一男,202506010303
15,1,1,エレレラナキラ,牡3,57.0,木幡巧也,2:01.3,3/4,19.0,9.0,442(+8),[東] 牧光二,202506010303
16,3,6,オメガフリーク,セ3,56.0,横山琉人,2:02.5,7,457.2,16.0,416(-2),[東] 大和田成,202506010303
1,6,12,ワンダーイロネ,牝3,55.0,丸山元気,1:12.0,,3.5,1.0,458(0),[西] 渡辺薫彦,202506010304
2,2,3,ペイシャマリーン,牝3,55.0,丹内祐次,1:12.2,1.1/4,4.7,2.0,454(0),[東] 菊川正達,202506010304
3,8,16,ハイエンドモデル,牝3,55.0,武藤雅,1:12.7,3,31.2,9.0,436(0),[東] 武藤善則,202506010304
4,3,5,ドリームアンコール,牝3,55.0,津村明秀,1:12.9,1.1/4,8.0,5.0,492(0),[東] 田島俊明,202506010304
5,5,9,ルージュミラージュ,牝3,55.0,キング,1:13.3,2.1/2,5.2,3.0,446(0),[西] 武幸四郎,202506010304
6,7,13,フランシナテソーロ,牝3,55.0,柴田大知,1:13.9,3.1/2,33.9,10.0,458(0),[東] 畠山吉宏,202506010304
7,4,8,ミヤファイター,牝3,55.0,内田博幸,1:14.0,1/2,53.7,11.0,494(0),[東] 小手川準,202506010304
8,7,14,ニーケアイリス,牝3,55.0,菅原明良,1:14.0,ハナ,6.2,4.0,440(0),[東] 伊坂重信,202506010304
9,1,2,クインズシフォン,牝3,52.0,石神深道,1:14.2,1.1/2,17.8,6.0,452(0),[東] 和田正一,202506010304
10,8,15,ルリモンハナバチ,牝3,55.0,菅原隆一,1:14.4,3/4,125.2,15.0,470(0),[東] 小手川準,202506010304
11,3,6,グルーヴィーオン,牝3,52.0,佐藤翔馬,1:14.4,ハナ,17.9,7.0,468(0),[東] 小手川準,202506010304
12,6,11,エスシーボニー,牝3,55.0,丸田恭介,1:14.9,3,103.8,14.0,432(0),[東] 宗像義忠,202506010304
13,5,10,フェアリオンアイス,牝3,55.0,宮崎北斗,1:15.2,2,139.7,16.0,470(0),[東] 鈴木慎太,202506010304
14,2,4,シアトルプリンセス,牝3,55.0,杉原誠人,1:15.5,2,87.2,13.0,452(0),[東] 石栗龍彦,202506010304
15,1,1,リュウノシャモニー,牝3,55.0,吉田豊,1:16.9,8,53.9,12.0,450(0),[東] 伊坂重信,202506010304
16,4,7,チッピンガム,牝3,55.0,佐々木大,1:20.7,大,29.2,8.0,502(0),[東] 金成貴史,202506010304
1,6,12,エナジーショット,牝3,54.0,横山琉人,2:04.1,,43.4,9.0,420(0),[東] 矢嶋大樹,202506010305
2,3,6,ミサトレッドダイヤ,牝3,52.0,石神深道,2:04.2,1/2,207.4,15.0,458(0),[東] 高橋文雅,202506010305
3,1,1,ラムコーク,牝3,55.0,戸崎圭太,2:04.2,クビ,1.9,1.0,420(0),[東] 田中博康,202506010305
4,4,8,ブライトゲイザー,牡3,57.0,津村明秀,2:04.5,1.1/2,20.6,6.0,486(0),[東] 宗像義忠,202506010305
5,6,11,ジーティーワラワラ,牡3,57.0,野中悠太,2:04.5,アタマ,271.9,17.0,438(0),[東] 伊藤伸一,202506010305
6,1,2,ビゾー,牡3,57.0,菅原明良,2:04.6,クビ,4.6,2.0,464(0),[西] 斉藤崇史,202506010305
7,5,9,ウインイルネージュ,牝3,55.0,丹内祐次,2:04.6,クビ,63.3,11.0,430(0),[東] 和田正一,202506010305
8,8,16,レイホーキング,牡3,57.0,丸田恭介,2:04.6,ハナ,66.0,12.0,456(0),[東] 奥村武,202506010305
9,2,3,ハルノート,牡3,57.0,菊沢一樹,2:04.7,1/2,132.8,14.0,468(0),[東] 小手川準,202506010305
10,7,13,カリータフェリス,牝3,55.0,木幡巧也,2:04.7,アタマ,15.2,5.0,428(0),[東] 鈴木慎太,202506010305
11,3,5,ストラニエーロ,牝3,55.0,石橋脩,2:04.9,1.1/4,44.0,10.0,440(0),[東] 尾関知人,202506010305
12,5,10,マーメイドスカート,牝3,55.0,三浦皇成,2:05.0,3/4,9.5,4.0,480(0),[東] 田村康仁,202506010305
13,8,17,ブレゲアン,牡3,57.0,田辺裕信,2:05.1,クビ,8.0,3.0,478(0),[東] 田村康仁,202506010305
14,8,18,トライゴーニック,牡3,57.0,丸山元気,2:05.2,1/2,22.0,7.0,488(0),[東] 池上昌和,202506010305
15,4,7,クァタルティ,牝3,55.0,柴田大知,2:05.2,ハナ,274.9,18.0,384(0),[東] 青木孝文,202506010305
16,7,14,クラシカルカイザー,牡3,57.0,内田博幸,2:05.4,1.1/2,105.9,13.0,428(0),[東] 稲垣幸雄,202506010305
17,7,15,カサビセンス,牝3,55.0,大野拓弥,2:05.6,1.1/4,38.0,8.0,442(0),[東] 加藤士津,202506010305
18,2,4,アシャカウイング,牡3,57.0,武藤雅,2:08.7,大,208.2,16.0,468(0),[東] 小笠倫弘,202506010305
1,6,8,カフェアローロ,牝4,55.0,ドイル,1:55.1,,2.3,1.0,500(-6),[東] 古賀慎明,202506010306
2,3,3,エーリアル,牝4,55.0,杉原誠人,1:55.4,2,9.3,5.0,502(+4),[東] 西田雄一,202506010306
3,6,9,スターチョウサン,牝4,55.0,江田照男,1:55.6,1.1/4,14.8,6.0,498(+8),[東] 小島茂之,202506010306
4,4,4,ロフティーイデアル,牝5,56.0,津村明秀,1:55.7,クビ,4.9,2.0,472(-2),[東] 林徹,202506010306
5,7,11,ベルイストワール,牝4,55.0,キング,1:55.8,1/2,5.0,3.0,542(+4),[東] 宮田敬介,202506010306
6,8,13,セージグリーン,牝4,55.0,丹内祐次,1:55.9,1/2,6.5,4.0,482(+2),[東] 菊川正達,202506010306
7,1,1,ムーランブルー,牝5,56.0,菅原明良,1:55.9,クビ,22.3,7.0,500(-6),[東] 久保田貴,202506010306
8,5,6,ミランカ,牝4,55.0,菊沢一樹,1:56.6,4,133.3,12.0,472(0),[東] 岩戸孝樹,202506010306
9,4,5,チャイボーグ,牝5,53.0,長浜鴻緒,1:56.9,1.1/2,75.6,8.0,504(0),[東] 的場均,202506010306
10,2,2,ブエナディオサ,牝6,52.0,小林美駒,1:58.1,7,76.9,9.0,462(+12),[東] 奥平雅士,202506010306
11,5,7,ヴェヌーセ,牝4,55.0,木幡巧也,1:58.4,1.3/4,114.1,11.0,498(+4),[東] 蛯名利弘,202506010306
12,8,12,オーケーソニック,牝4,54.0,横山琉人,1:58.9,3,93.2,10.0,426(-6),[東] 相沢郁,202506010306
13,7,10,アイソラシー,牝5,53.0,石神深道,1:59.1,1.1/4,240.9,13.0,440(+2),[東] 大和田成,202506010306
1,4,7,ニシノヒナアラレ,牝3,55.0,野中悠太,1:34.4,,35.3,11.0,474(-2),[東] 根本康広,202506010307
2,8,16,フォルテム,牡3,54.0,長浜鴻緒,1:34.5,3/4,154.6,14.0,476(+6),[東] 千葉直人,202506010307
3,6,11,サクラアドリア,牡3,57.0,戸崎圭太,1:34.6,3/4,5.0,3.0,478(+2),[東] 尾関知人,202506010307
4,3,5,ヤマニンパルフェ,牝3,54.0,原優介,1:34.7,クビ,17.9,6.0,500(+12),[東] 辻哲英,202506010307
5,1,1,ウーバーストロング,牡3,57.0,大野拓弥,1:34.7,ハナ,35.1,10.0,476(+28),[東] 杉浦宏昭,202506010307
6,5,9,プリンセスロロ,牝3,55.0,吉田豊,1:34.7,ハナ,6.0,5.0,420(0),[東] 戸田博文,202506010307
7,5,10,フィーユチャン,牝3,55.0,横山和生,1:34.8,3/4,5.7,4.0,444(+4),[東] 斎藤誠,202506010307
8,6,12,ウェルカムホーム,牝3,55.0,津村明秀,1:34.9,1/2,21.4,7.0,432(-6),[東] 水野貴広,202506010307
9,2,3,アグネスヒーロー,牡3,57.0,丹内祐次,1:34.9,クビ,24.4,9.0,492(-6),[東] 和田勇介,202506010307
10,7,14,チェンジオブハート,牡3,57.0,ドイル,1:35.0,クビ,4.8,2.0,480(0),[東] 田中博康,202506010307
11,3,6,スパイウェア,牡3,57.0,田辺裕信,1:35.3,2,4.6,1.0,452(+6),[東] 栗田徹,202506010307
12,2,4,マホウショウジョ,牝3,55.0,菊沢一樹,1:35.4,3/4,246.7,15.0,398(0),[東] 奥平雅士,202506010307
13,7,13,デュエルシャポー,牝3,55.0,木幡巧也,1:35.4,ハナ,137.6,13.0,420(0),[東] 牧光二,202506010307
14,8,15,ミエノシリウス,牡3,57.0,丸田恭介,1:35.8,2.1/2,23.5,8.0,452(0),[東] 宗像義忠,202506010307
15,1,2,パトリオティズム,牝3,55.0,柴田大知,1:36.0,1.1/4,450.3,16.0,418(+4),[東] 南田美知,202506010307
16,4,8,エターナルライズ,牝3,55.0,菅原明良,1:36.2,1.1/4,37.0,12.0,424(+2),[東] 萩原清,202506010307
1,8,15,スーパーマン,牡5,55.0,長浜鴻緒,1:11.8,,4.2,2.0,496(+4),[東] 岩戸孝樹,202506010308
2,2,4,キボウノホシ,セ6,58.0,丹内祐次,1:11.9,3/4,4.1,1.0,504(+10),[東] 奥平雅士,202506010308
3,7,13,ハッピーパンニャ,牡5,58.0,津村明秀,1:11.9,ハナ,8.8,5.0,512(+12),[東] 鈴木伸尋,202506010308
4,3,6,プリュノワール,牝4,56.0,戸崎圭太,1:12.0,3/4,4.5,3.0,450(+8),[東] 鹿戸雄一,202506010308
5,4,8,カラフルメロディー,牝4,52.0,小林美駒,1:12.1,アタマ,6.0,4.0,512(-10),[東] 西田雄一,202506010308
6,4,7,エスペラード,牡4,57.0,原優介,1:12.1,ハナ,12.0,6.0,538(+2),[東] 青木孝文,202506010308
7,8,16,スプランドゥール,牡4,58.0,柴田大知,1:12.1,ハナ,28.4,9.0,466(-1),[東] 和田雄二,202506010308
8,1,1,エコロエイト,牡4,58.0,三浦皇成,1:12.3,1.1/4,21.6,8.0,504(+8),[東] 田村康仁,202506010308
9,1,2,ミスヨシゼン,牝4,56.0,菅原明良,1:12.6,1.1/2,21.4,7.0,482(-2),[東] 本間忍,202506010308
10,3,5,キミハスコール,牡4,58.0,佐々木大,1:12.6,クビ,37.8,10.0,470(+6),[東] 加藤征弘,202506010308
11,5,9,アクアマリンブルー,セ7,58.0,杉原誠人,1:13.0,2.1/2,130.1,13.0,442(+8),[東] 戸田博文,202506010308
12,7,14,ジェイエルトランス,牝5,56.0,横山和生,1:13.2,1,110.5,11.0,412(-2),[東] 小西一男,202506010308
13,5,10,ルルディルッカ,牝4,56.0,内田博幸,1:13.5,1.3/4,114.5,12.0,452(+12),[東] 菊川正達,202506010308
14,2,3,マジカルガール,牝5,54.0,小林脩斗,1:13.5,アタマ,164.0,14.0,426(+4),[東] 本間忍,202506010308
15,6,12,ビヨンドザタイム,牡6,58.0,吉田豊,1:14.1,3.1/2,164.1,15.0,468(+16),[東] 上原博之,202506010308
16,6,11,チョコレートミルク,牡6,55.0,土田真翔,1:14.7,3.1/2,271.1,16.0,456(-22),[東] 的場均,202506010308
1,6,9,ルクソールカフェ,牡3,57.0,キング,1:52.8,,2.8,1.0,538(+2),[東] 堀宣行,202506010309
2,6,10,ベリタバグス,牡3,57.0,黛弘人,1:53.7,5,5.5,3.0,480(-4),[東] 森一誠,202506010309
3,8,14,シャイニーシップ,牡3,57.0,丹内祐次,1:54.2,3,20.5,6.0,488(+2),[東] 畠山吉宏,202506010309
4,8,13,オタマジャクシ,牡3,57.0,木幡育也,1:54.3,クビ,9.0,4.0,484(+2),[東] 松永康利,202506010309
5,4,6,アメージング,牡3,57.0,田辺裕信,1:54.3,ハナ,48.8,8.0,478(0),[東] 中舘英二,202506010309
6,4,5,スナッピードレッサ,牡3,57.0,横山武史,1:54.3,ハナ,2.8,2.0,486(+2),[東] 大竹正博,202506010309
7,7,12,チムニートップス,牡3,57.0,戸崎圭太,1:54.4,クビ,10.6,5.0,488(+12),[西] 杉山晴紀,202506010309
8,1,1,レッドベルダンス,牡3,57.0,ドイル,1:55.1,4,76.7,12.0,476(+2),[東] 手塚貴久,202506010309
9,7,11,オリーブグリーン,牡3,57.0,菅原明良,1:55.5,2.1/2,34.5,7.0,534(-10),[西] 矢作芳人,202506010309
10,5,8,レッドルイナール,牡3,57.0,佐々木大,1:55.6,クビ,61.5,9.0,486(0),[東] 加藤征弘,202506010309
11,2,2,アレスグート,牡3,57.0,木幡巧也,1:55.9,2,207.4,13.0,454(-4),[東] 牧光二,202506010309
12,3,4,エンプレスフレーム,牝3,55.0,原優介,1:56.7,5,68.1,10.0,446(-6),[東] 上原博之,202506010309
13,3,3,ビーコ,牝3,55.0,長岡禎仁,1:57.6,5,74.6,11.0,480(+10),[東] 竹内正洋,202506010309
14,5,7,アタラシイカドデニ,牡3,57.0,大野拓弥,1:59.0,9,269.4,14.0,504(+6),[東] 上原博之,202506010309
1,1,2,ビーアイオラクル,牡6,58.0,キング,1:53.8,,6.0,4.0,500(+4),[西] 牧田和弥,202506010310
2,8,15,レッドリベルタ,牡4,57.0,戸崎圭太,1:53.9,クビ,3.0,1.0,450(0),[西] 庄野靖志,202506010310
3,3,6,オセアバトルプラン,牡5,58.0,丹内祐次,1:54.4,3,74.3,12.0,490(0),[東] 菊川正達,202506010310
4,1,1,デルマタモン,牡7,58.0,木幡巧也,1:54.5,3/4,152.8,13.0,516(+6),[東] 勢司和浩,202506010310
5,5,9,カンジ,牡4,57.0,佐々木大,1:54.5,クビ,15.9,7.0,516(+4),[東] 武井亮,202506010310
6,2,3,エクストラノート,セ8,58.0,原優介,1:54.7,3/4,180.7,15.0,492(+8),[東] 加藤和宏,202506010310
7,6,12,ラオラシオン,牡4,57.0,横山武史,1:54.9,1.1/4,5.3,2.0,494(0),[東] 斎藤誠,202506010310
8,4,8,アイアムイチリュウ,牡8,58.0,菅原隆一,1:54.9,クビ,63.9,10.0,534(+14),[東] 奥平雅士,202506010310
9,7,13,オウギノカナメ,牡5,58.0,菅原明良,1:55.0,クビ,8.6,5.0,478(+2),[東] 高木登,202506010310
10,8,16,デフィニティーボ,牡4,57.0,横山和生,1:55.4,2,5.5,3.0,482(-6),[東] 上原佑紀,202506010310
11,4,7,アッティラ,牡5,58.0,横山琉人,1:55.6,1.1/4,29.8,8.0,460(0),[東] 相沢郁,202506010310
12,5,10,ブレイゼスト,牡5,58.0,石橋脩,1:55.8,1.1/2,10.6,6.0,536(+6),[東] 牧光二,202506010310
13,2,4,オセアフラッグ,牡5,58.0,江田照男,1:55.8,アタマ,43.9,9.0,504(0),[東] 加藤征弘,202506010310
14,3,5,マルベリーシチー,牡5,58.0,内田博幸,1:56.4,3.1/2,157.9,14.0,500(+6),[東] 奥平雅士,202506010310
15,6,11,スズカルビコン,牡7,58.0,松岡正海,1:57.3,5,203.5,16.0,526(+18),[東] 堀内岳志,202506010310
16,7,14,ササヤキ,セ5,58.0,柴田大知,1:57.8,2.1/2,71.5,11.0,504(-2),[東] 田中剛,202506010310
1,3,3,ホーエリート,牝4,55.0,戸崎圭太,2:13.0,,3.8,2.0,478(+10),[東] 田島俊明,202506010311
2,2,2,アドマイヤサジー,牝5,56.0,津村明秀,2:13.2,1.1/4,9.4,5.0,444(+4),[東] 宮田敬介,202506010311
3,4,4,ホウオウムサシ,牡5,58.0,菅原明良,2:13.2,クビ,3.5,1.0,456(+6),[東] 蛯名正義,202506010311
4,5,6,ガジュノリ,牝4,55.0,丹内祐次,2:13.3,アタマ,19.1,8.0,480(+4),[東] 尾形和幸,202506010311
5,8,13,ナイトインロンドン,牡5,58.0,田辺裕信,2:13.3,ハナ,6.5,3.0,488(+4),[東] 大竹正博,202506010311
6,5,7,ファンタジア,牝6,56.0,キング,2:13.3,クビ,9.5,6.0,516(+2),[東] 堀宣行,202506010311
7,7,11,ウインルーティン,牡5,58.0,横山和生,2:13.6,1.1/2,16.4,7.0,476(+4),[西] 長谷川浩,202506010311
8,1,1,ナムラカミカゼ,牡8,58.0,木幡巧也,2:13.6,クビ,172.2,12.0,496(-4),[西] 村山明,202506010311
9,6,8,キントリヒ,牡6,58.0,佐々木大,2:13.7,1/2,20.5,9.0,478(+4),[東] 矢野英一,202506010311
10,6,9,メイテソーロ,牡5,58.0,ドイル,2:14.0,1.3/4,93.7,10.0,500(+6),[東] 武市康男,202506010311
11,8,12,アレグロブリランテ,牡4,57.0,横山武史,2:14.1,3/4,6.5,4.0,478(+4),[東] 上原佑紀,202506010311
12,4,5,イヤサカ,牝7,56.0,長浜鴻緒,2:14.7,3.1/2,99.3,11.0,494(0),[東] 天間昭一,202506010311
13,7,10,ナックイルシーブ,牡7,58.0,大野拓弥,2:15.4,4,213.9,13.0,528(+22),[東] 杉浦宏昭,202506010311
1,2,2,ウインレイアー,牝5,56.0,ドイル,1:33.2,,4.5,3.0,458(+2),[東] 和田雄二,202506010312
2,1,1,ユキノロイヤル,牡4,57.0,石橋脩,1:33.3,3/4,3.7,2.0,458(+2),[東] 小野次郎,202506010312
3,4,4,ツルマウカタチ,牡4,57.0,丸山元気,1:33.6,2,3.2,1.0,474(-2),[東] 手塚貴久,202506010312
4,5,5,マンウォル,牝4,55.0,菊沢一樹,1:33.7,クビ,6.8,4.0,430(+2),[東] 菊沢隆徳,202506010312
5,7,7,ノーダブルディップ,牡7,58.0,三浦皇成,1:33.8,1/2,56.8,8.0,560(+10),[東] 古賀慎明,202506010312
6,6,6,エリーズダイヤ,牝5,56.0,吉田豊,1:33.8,ハナ,32.7,7.0,482(0),[東] 戸田博文,202506010312
7,8,9,ララマセラシオン,牡4,57.0,菅原明良,1:33.9,クビ,6.8,5.0,518(+2),[東] 大竹正博,202506010312
8,8,10,ラッジオ,牝5,56.0,津村明秀,1:34.0,1/2,9.7,6.0,478(+2),[東] 大竹正博,202506010312
9,7,8,ラーテル,セ5,58.0,原田和真,1:34.4,2.1/2,223.7,10.0,472(-4),[東] 南田美知,202506010312
10,3,3,エレガントウインク,牝4,55.0,佐々木大,1:35.4,6,162.6,9.0,462(+8),[東] 土田稔,202506010312
1,4,8,エルオレンス,牡3,57.0,横山典弘,1:12.6,,2.0,1.0,480(+2),[東] 深山雅史,202506010401
2,5,9,アイアンソリッド,牝3,55.0,菅原明良,1:12.9,2,2.9,2.0,456(+2),[東] 本間忍,202506010401
3,7,14,ミニョンマルーン,牝3,55.0,菊沢一樹,1:13.0,1/2,19.4,5.0,464(-4),[東] 伊藤圭三,202506010401
4,4,7,ハクサンリバーブ,牡3,57.0,内田博幸,1:13.1,クビ,9.8,4.0,474(+2),[東] 松山将樹,202506010401
5,2,3,グランシャット,牝3,55.0,マーカン,1:13.7,3.1/2,32.0,6.0,454(+12),[東] 宮田敬介,202506010401
6,6,11,ナックオリオン,牡3,57.0,大野拓弥,1:13.7,ハナ,54.4,10.0,472(0),[東] 杉浦宏昭,202506010401
7,3,5,グルナルーフス,牡3,57.0,宮崎北斗,1:13.9,1.1/4,85.3,11.0,510(+10),[東] 中川公成,202506010401
8,7,13,ロンドンキッド,牝3,55.0,丹内祐次,1:14.2,1.3/4,42.4,8.0,432(-4),[東] 菊川正達,202506010401
9,8,15,オルティジア,牡3,57.0,佐々木大,1:14.2,アタマ,41.7,7.0,470(0),[東] 菊川正達,202506010401
10,5,10,ヒタムキ,牝3,55.0,横山和生,1:14.2,ハナ,47.6,9.0,442(+2),[東] 鈴木慎太,202506010401
11,6,12,カワキタホクレア,牝3,55.0,嶋田純次,1:14.3,クビ,138.5,14.0,464(0),[東] 伊坂重信,202506010401
12,2,4,ダノンメナージュ,牡3,57.0,横山武史,1:14.4,1/2,8.5,3.0,462(0),[東] 西田雄一,202506010401
13,1,1,エコロルキナ,牝3,54.0,原優介,1:14.4,ハナ,91.2,12.0,478(+4),[東] 矢野英一,202506010401
14,8,16,ポミチョッタ,牡3,57.0,岩部純二,1:14.8,2.1/2,230.5,15.0,540(-22),[東] 萱野浩二,202506010401
15,1,2,スカイダイバー,牝3,55.0,丸山元気,1:15.0,1.1/4,137.2,13.0,458(+12),[東] 宗像義忠,202506010401
16,3,6,ヒカリスペクトル,牡3,57.0,木幡育也,1:16.3,8,426.6,16.0,462(+8),[東] 松永康利,202506010401
1,7,13,サムシャイン,牡3,57.0,マーカン,1:54.2,,1.2,1.0,482(-2),[東] 鈴木慎太,202506010402
2,5,9,ハルノアラシ,牡3,57.0,石川裕紀,1:55.7,9,22.8,4.0,512(+4),[東] 相沢郁,202506010402
3,8,15,オオタチ,牡3,57.0,野中悠太,1:56.5,5,6.5,2.0,456(+2),[東] 久保田貴,202506010402
4,1,1,ゴットランド,牡3,57.0,斎藤新,1:57.0,3,25.0,6.0,508(+18),[東] 斎藤誠,202506010402
5,6,12,マブアンドフェール,牡3,57.0,内田博幸,1:57.6,3.1/2,78.4,9.0,528(+2),[東] 古賀慎明,202506010402
6,4,7,セイウンピカイチ,牡3,54.0,石田拓郎,1:57.7,1/2,107.6,11.0,488(+6),[東] 尾形和幸,202506010402
7,3,5,ロジアヴァンセ,牡3,57.0,三浦皇成,1:57.8,クビ,65.5,7.0,502(-4),[東] 新開幸一,202506010402
7,3,6,シュヴァルノワール,牡3,57.0,北村宏司,1:57.8,同着,23.6,5.0,506(0),[東] 嘉藤貴行,202506010402
9,6,11,モンサンプレシャス,牡3,57.0,木幡巧也,1:58.9,7,80.4,10.0,488(+2),[東] 牧光二,202506010402
10,2,3,レッドレントラー,牡3,57.0,丸山元気,1:59.1,1.1/4,110.1,12.0,440(0),[東] 林徹,202506010402
11,4,8,ライジンシチー,牡3,54.0,石神深道,1:59.3,3/4,76.0,8.0,500(0),[東] 萱野浩二,202506010402
12,5,10,ウィングコマンダー,牡3,53.0,小林美駒,1:59.3,クビ,127.3,13.0,470(-10),[東] 鹿戸雄一,202506010402
13,1,2,ネオディヤマンテ,牡3,57.0,田辺裕信,2:00.1,5,223.1,16.0,496(-4),[東] 小西一男,202506010402
14,7,14,エテオクロス,牡3,57.0,横山武史,2:00.6,3,12.0,3.0,522(-4),[東] 新開幸一,202506010402
15,8,16,サクラジマ,セ3,57.0,木幡育也,2:03.0,大,217.8,15.0,422(-14),[東] 高橋文雅,202506010402
16,2,4,サクラトップワード,牡3,56.0,原優介,2:07.6,大,214.8,14.0,554(-6),[東] 武市康男,202506010402
1,3,5,クラウンウルル,牡3,57.0,佐々木大,1:13.1,,32.5,7.0,482(-4),[東] 菊川正達,202506010403
2,6,11,ベルトネ,牝3,55.0,木幡巧也,1:13.2,1/2,14.1,6.0,496(+4),[東] 牧光二,202506010403
3,4,8,エリュテイア,牝3,55.0,三浦皇成,1:13.3,クビ,10.7,4.0,476(0),[東] 深山雅史,202506010403
4,5,9,アルパインハット,牝3,55.0,大野拓弥,1:13.6,2,150.8,10.0,448(-10),[東] 上原博之,202506010403
5,7,13,アリアルブラック,牡3,57.0,菅原明良,1:13.8,1.1/4,7.1,3.0,500(+4),[東] 久保田貴,202506010403
6,8,15,スリーソング,牡3,57.0,横山武史,1:14.0,1.1/4,2.1,1.0,460(-2),[東] 伊藤圭三,202506010403
7,8,16,ヤスエ,牝3,55.0,木幡初也,1:14.1,クビ,105.8,9.0,428(+2),[東] 深山雅史,202506010403
8,3,6,カルデライト,牝3,55.0,マーカン,1:14.2,3/4,3.2,2.0,450(0),[東] 森一誠,202506010403
9,6,12,ペタルビジュー,牝3,55.0,内田博幸,1:14.2,ハナ,11.6,5.0,470(-10),[東] 南田美知,202506010403
10,2,4,トウカイクレオス,牝3,55.0,江田照男,1:14.2,ハナ,257.3,14.0,422(-8),[東] 菊川正達,202506010403
11,4,7,トレヴィーテ,牝3,55.0,戸崎圭太,1:14.3,1/2,51.1,8.0,414(-8),[東] 尾関知人,202506010403
12,5,10,ボンボニエーレ,牝3,55.0,小林凌大,1:14.4,1/2,457.0,16.0,430(0),[東] 土田稔,202506010403
13,1,2,フェリスナビダ,牝3,55.0,丸田恭介,1:14.9,3,252.1,13.0,458(+6),[東] 本間忍,202506010403
14,2,3,マーゴットオービス,牡3,57.0,菊沢一樹,1:15.0,クビ,221.7,12.0,478(+10),[東] 伊坂重信,202506010403
15,1,1,アイファーリーオー,牡3,54.0,長浜鴻緒,1:15.1,1,211.7,11.0,442(+14),[東] 根本康広,202506010403
16,7,14,ツクバスマイリー,牝3,53.0,小林脩斗,1:15.1,ハナ,408.2,15.0,432(+10),[東] 奥平雅士,202506010403
1,1,1,イムホテプ,牡3,57.0,横山武史,1:54.4,,2.8,1.0,478(0),[東] 萩原清,202506010404
2,2,3,グレイテストソング,牡3,57.0,佐々木大,1:55.9,9,82.5,13.0,436(0),[東] 小笠倫弘,202506010404
3,4,7,チュウワクリスエス,牡3,57.0,原田和真,1:56.0,3/4,5.0,3.0,478(0),[東] 栗田徹,202506010404
4,3,5,ハナウマビーチ,牡3,57.0,菊沢一樹,1:56.1,1/2,36.5,9.0,518(0),[西] 西園翔太,202506010404
5,6,12,パワーオブドリーム,牡3,57.0,石川裕紀,1:58.4,大,11.8,6.0,482(0),[東] 上原佑紀,202506010404
6,2,4,ピュアマケナ,牡3,57.0,吉田豊,1:58.5,1/2,54.3,11.0,484(0),[東] 竹内正洋,202506010404
7,8,16,ニシノフローレス,牝3,55.0,大野拓弥,1:58.6,3/4,10.1,4.0,486(0),[東] 小手川準,202506010404
8,7,13,タカイチナダル,牝3,55.0,丹内祐次,1:58.7,3/4,4.5,2.0,452(0),[東] 尾形和幸,202506010404
9,7,14,ステイアンビシャス,牡3,57.0,松岡正海,1:58.8,1/2,33.0,8.0,482(0),[東] 堀内岳志,202506010404
10,1,2,サトミノマリア,牝3,55.0,津村明秀,1:59.0,1.1/4,14.9,7.0,486(0),[東] 鈴木伸尋,202506010404
11,5,10,キタノマーシャル,牝3,55.0,黛弘人,2:00.0,6,133.4,15.0,520(0),[東] 奥平雅士,202506010404
12,3,6,トーセンギャラン,牡3,57.0,マーカン,2:00.4,2.1/2,10.8,5.0,496(0),[東] 加藤征弘,202506010404
13,4,8,ジェイエルライナー,牝3,55.0,田辺裕信,2:00.6,1,57.4,12.0,460(0),[東] 小西一男,202506010404
14,5,9,フランクテソーロ,牡3,57.0,木幡巧也,2:00.9,2,47.0,10.0,482(0),[東] 畠山吉宏,202506010404
15,8,15,アタゴバリュー,牝3,55.0,岩部純二,2:01.8,5,260.9,16.0,420(0),[東] 石毛善彦,202506010404
16,6,11,ナインダーツ,牡3,55.0,小林脩斗,2:03.6,大,122.9,14.0,444(0),[東] 奥平雅士,202506010404
1,8,16,ニシノエピカリ,牝3,55.0,田辺裕信,2:02.0,,8.1,3.0,406(-4),[東] 手塚貴久,202506010405
2,7,13,シャンソンドール,牝3,55.0,マーカン,2:02.1,クビ,12.5,6.0,460(+2),[東] 奥村武,202506010405
3,6,11,ピエナフェーヴル,牡3,57.0,菅原明良,2:02.2,1,3.1,2.0,452(-4),[東] 萱野浩二,202506010405
4,5,10,タイセイプランセス,牝3,55.0,石橋脩,2:02.2,ハナ,22.8,7.0,412(-4),[東] 池上昌和,202506010405
5,1,2,オビドス,牡3,57.0,吉田豊,2:02.3,クビ,103.1,12.0,470(-2),[東] 高橋文雅,202506010405
6,8,17,ポッドロワール,牡3,57.0,キング,2:02.6,2,8.3,5.0,498(+6),[東] 畠山吉宏,202506010405
7,1,1,アウルムレガリア,牝3,55.0,丹内祐次,2:02.7,1,79.2,11.0,408(-6),[東] 池上昌和,202506010405
8,6,12,オルグジェシダ,牝3,55.0,戸崎圭太,2:03.0,1.1/2,3.0,1.0,472(+4),[東] 宮田敬介,202506010405
9,2,4,タイセイグレーター,牡3,57.0,横山和生,2:03.0,ハナ,49.7,10.0,476(+10),[東] 奥村武,202506010405
10,7,14,アレグランサ,牡3,57.0,横山武史,2:03.0,アタマ,8.2,4.0,486(0),[東] 栗田徹,202506010405
11,3,5,ライヴバフィ,牡3,57.0,木幡巧也,2:03.2,1,33.7,8.0,472(+20),[東] 牧光二,202506010405
12,5,9,バイオマックス,牡3,54.0,長浜鴻緒,2:03.3,3/4,276.3,14.0,478(0),[東] 黒岩陽一,202506010405
13,7,15,キタノアルペジオ,牡3,55.0,小林脩斗,2:03.4,1/2,472.7,18.0,422(+2),[東] 粕谷昌央,202506010405
14,4,7,エポカリーナ,牡3,57.0,杉原誠人,2:03.5,1/2,415.6,16.0,454(+4),[東] 土田稔,202506010405
15,2,3,マイネルアース,牡3,57.0,丸山元気,2:03.5,クビ,386.0,15.0,476(-8),[東] 金成貴史,202506010405
16,3,6,ベアリミッション,牝3,55.0,大野拓弥,2:03.6,クビ,35.7,9.0,436(+6),[東] 杉浦宏昭,202506010405
17,4,8,ホファヴァルト,牡3,57.0,木幡初也,2:04.5,5,455.3,17.0,466(+2),[東] 武市康男,202506010405
18,8,18,アステルリヴェール,牡3,57.0,津村明秀,2:05.4,5,113.8,13.0,432(+4),[東] 嘉藤貴行,202506010405
1,1,2,ケープアグラス,牝4,56.0,丹内祐次,1:11.9,,12.3,6.0,460(+8),[東] 金成貴史,202506010406
2,1,1,マイレーヌ,牝5,56.0,斎藤新,1:12.0,1/2,6.3,3.0,518(0),[東] 斎藤誠,202506010406
3,4,7,サンリコリス,牝4,56.0,岩部純二,1:12.1,クビ,6.2,2.0,454(+12),[東] 萱野浩二,202506010406
4,6,12,マケズギライ,牝4,56.0,戸崎圭太,1:12.2,3/4,3.2,1.0,456(+6),[東] 石栗龍彦,202506010406
5,8,16,ドナレア,牝4,56.0,菅原明良,1:12.4,1.1/4,16.2,7.0,436(-6),[東] 高木登,202506010406
6,5,9,グラスブランシュ,牝4,56.0,大野拓弥,1:12.5,1/2,37.1,11.0,462(+8),[東] 松山将樹,202506010406
7,7,13,パイアイヤー,牝5,56.0,横山典弘,1:12.6,1/2,21.6,10.0,464(+2),[東] 鈴木伸尋,202506010406
8,4,8,ラクサパーナ,牝5,55.0,原優介,1:12.6,クビ,67.3,13.0,440(-6),[東] 矢野英一,202506010406
9,5,10,ベリーベリーベリー,牝5,52.0,小林美駒,1:12.6,アタマ,7.8,5.0,450(0),[東] 鈴木伸尋,202506010406
10,3,6,グローリーカフェ,牝5,53.0,長浜鴻緒,1:12.7,1/2,21.3,9.0,454(+4),[東] 中舘英二,202506010406
11,6,11,サクラサルーテ,牝4,56.0,ドイル,1:12.8,1/2,135.4,16.0,450(+8),[東] 田島俊明,202506010406
12,3,5,バロン,牝4,56.0,横山武史,1:13.1,1.3/4,7.8,4.0,486(+2),[東] 手塚貴久,202506010406
13,7,14,バルサミコ,牝4,56.0,菊沢一樹,1:13.2,1,19.3,8.0,416(-10),[東] 小手川準,202506010406
14,2,4,ラッキーガブリエル,牝6,56.0,江田照男,1:13.3,1/2,64.4,12.0,468(-4),[東] 高木登,202506010406
15,8,15,モダンフリンジ,牝5,54.0,小林脩斗,1:13.4,クビ,122.7,15.0,470(-29),[東] 伊藤圭三,202506010406
16,2,3,オコジュ,牝5,56.0,嶋田純次,1:14.2,5,91.7,14.0,466(+6),[東] 矢嶋大樹,202506010406
1,2,4,レッドテリオス,牡4,57.0,マーカン,2:13.2,,2.0,1.0,480(+8),[東] 古賀慎明,202506010407
2,3,6,イージーブリージー,牝4,55.0,戸崎圭太,2:13.3,3/4,9.9,3.0,436(+6),[東] 伊坂重信,202506010407
3,8,17,アンドローゼス,牝4,55.0,津村明秀,2:13.5,3/4,11.7,4.0,448(+6),[東] 加藤士津,202506010407
4,7,13,ウイントレメンデス,牡4,57.0,横山武史,2:13.5,クビ,3.1,2.0,494(+10),[東] 鈴木伸尋,202506010407
5,6,11,カラーオブジアース,牡4,57.0,横山和生,2:13.6,クビ,27.9,7.0,484(+14),[東] 上原佑紀,202506010407
6,2,3,ヴァイザーバルコ,セ5,58.0,武藤雅,2:13.7,3/4,29.4,8.0,470(+8),[東] 水野貴広,202506010407
7,8,18,メジャーレーベル,牡4,57.0,佐々木大,2:13.9,1,92.8,11.0,442(+2),[東] 木村哲也,202506010407
8,7,14,マイネルシーマー,牡6,58.0,丹内祐次,2:13.9,クビ,109.2,13.0,496(-2),[東] 青木孝文,202506010407
9,4,7,スパークタイムリー,牝5,55.0,横山琉人,2:14.1,1,132.3,14.0,468(+4),[東] 小島茂之,202506010407
10,3,5,ネイサン,牡4,57.0,菊沢一樹,2:14.2,3/4,312.5,17.0,472(-2),[東] 粕谷昌央,202506010407
11,1,1,ニシノコイゴコロ,牝4,55.0,野中悠太,2:14.2,クビ,22.2,5.0,436(+2),[東] 根本康広,202506010407
12,4,8,ビップチェイス,牡4,57.0,江田照男,2:14.2,ハナ,53.1,9.0,466(+6),[東] 田島俊明,202506010407
13,8,16,マイネルバーテクス,牡4,57.0,石橋脩,2:14.3,クビ,25.3,6.0,520(+28),[東] 水野貴広,202506010407
14,1,2,マイネルレグルス,牡4,57.0,丸山元気,2:14.6,2,54.4,10.0,504(-4),[東] 矢嶋大樹,202506010407
15,5,10,デシマルサーガ,牡5,57.0,原優介,2:15.1,3,187.0,15.0,478(+4),[東] 粕谷昌央,202506010407
16,7,15,スコプルス,牝5,56.0,柴田大知,2:15.5,2.1/2,357.8,18.0,442(-6),[東] 天間昭一,202506010407
17,5,9,パロサント,牝4,55.0,石川裕紀,2:15.9,2,261.5,16.0,430(+6),[東] 奥村武,202506010407
18,6,12,ワンダフルヘヴン,牝6,54.0,小林脩斗,2:16.1,1.1/4,102.6,12.0,498(+4),[東] 久保田貴,202506010407
1,1,2,ブレスワード,牡4,57.0,マーカン,1:54.4,,2.4,1.0,492(-2),[東] 中舘英二,202506010408
2,3,5,ペネトレイトゴー,セ5,56.0,吉村誠之,1:54.5,1/2,5.3,2.0,440(-8),[西] 森秀行,202506010408
3,6,11,イデアユウシン,牡5,58.0,北村宏司,1:54.7,1,31.9,11.0,552(-6),[東] 松永康利,202506010408
4,8,15,キャストロペペ,牡4,57.0,松岡正海,1:54.9,1.1/2,9.1,4.0,488(+14),[東] 堀内岳志,202506010408
5,2,3,アースイオス,牡4,57.0,小林凌大,1:55.0,1/2,31.6,10.0,532(+12),[東] 小西一男,202506010408
6,1,1,セイウンガレオン,セ6,58.0,黛弘人,1:55.1,1/2,74.3,14.0,532(+4),[東] 奥平雅士,202506010408
7,7,13,フェルメール,牡4,57.0,横山和生,1:55.3,1,20.0,6.0,480(-2),[東] 萩原清,202506010408
8,4,7,ライクファーザー,牡4,57.0,武藤雅,1:55.5,1.1/2,9.3,5.0,544(+10),[東] 武藤善則,202506010408
9,7,14,ジャクソン,牡5,58.0,木幡初也,1:55.7,1,6.9,3.0,528(+4),[東] 武市康男,202506010408
10,4,8,バスターコール,牡4,57.0,内田博幸,1:55.8,クビ,69.6,13.0,492(+2),[東] 田村康仁,202506010408
11,8,16,シャドウルパン,牡4,57.0,ドイル,1:55.8,ハナ,25.5,9.0,500(+6),[東] 斎藤誠,202506010408
12,3,6,キタノライジン,牡4,57.0,柴田大知,1:56.6,5,193.7,16.0,504(+2),[東] 尾関知人,202506010408
13,5,9,ブライテストドーン,セ5,58.0,横山武史,1:56.9,1.1/2,20.4,7.0,518(-2),[東] 田島俊明,202506010408
14,6,12,サイモンプレジール,牡4,57.0,佐々木大,1:58.6,10,132.7,15.0,490(+4),[東] 加藤和宏,202506010408
15,5,10,ロードヴェスパー,牡4,57.0,丹内祐次,1:58.6,アタマ,25.5,8.0,444(-6),[東] 和田勇介,202506010408
16,2,4,シークレットマター,セ4,54.0,長浜鴻緒,2:00.1,9,60.9,12.0,452(-20),[東] 岩戸孝樹,202506010408
1,6,10,ディマイザキッド,牡4,57.0,岩田望来,2:13.0,,3.5,2.0,458(0),[東] 清水英克,202506010409
2,6,9,アバンデル,牡4,57.0,戸崎圭太,2:13.8,5,5.6,3.0,448(0),[東] 金成貴史,202506010409
3,8,13,ハイラント,牡4,57.0,北村宏司,2:14.0,3/4,71.5,12.0,452(0),[東] 伊藤大士,202506010409
4,7,12,キャントウェイト,牡4,57.0,丹内祐次,2:14.0,アタマ,3.5,1.0,472(+2),[東] 萱野浩二,202506010409
5,5,7,オウケンボルト,牡6,58.0,横山和生,2:14.2,1.1/2,45.3,10.0,454(+4),[東] 土田稔,202506010409
6,4,6,マイネルオーシャン,牡4,57.0,横山武史,2:14.3,3/4,6.7,4.0,470(+10),[東] 鹿戸雄一,202506010409
7,4,5,ダイシンアポロン,牡4,57.0,団野大成,2:14.5,1.1/4,24.7,8.0,468(+8),[東] 戸田博文,202506010409
8,5,8,キットハナガサク,牝4,55.0,佐々木大,2:14.9,2.1/2,33.7,9.0,446(-2),[東] 武井亮,202506010409
9,3,3,ドゥレイクパセージ,牡4,57.0,キング,2:15.0,クビ,7.9,5.0,478(+12),[東] 堀宣行,202506010409
10,2,2,フロムナウオン,牡5,58.0,津村明秀,2:15.1,1/2,48.0,11.0,550(0),[東] 手塚貴久,202506010409
11,3,4,レディベル,牝6,56.0,内田博幸,2:15.2,1,21.5,6.0,542(+10),[東] 辻哲英,202506010409
12,8,14,ショウナンガチ,牡4,57.0,マーカン,2:16.5,8,21.7,7.0,504(+2),[西] 須貝尚介,202506010409
13,7,11,メタルスパーク,セ8,58.0,菊沢一樹,2:16.9,2,291.0,14.0,502(+18),[東] 菊川正達,202506010409
14,1,1,プリーミー,牡6,58.0,木幡巧也,2:18.1,7,89.0,13.0,564(0),[東] 田中博康,202506010409
1,7,14,アクションプラン,牡5,57.0,内田博幸,1:53.2,,4.9,3.0,518(+4),[東] 池上昌和,202506010410
2,8,15,ハビレ,牡4,56.0,三浦皇成,1:53.7,3,3.7,2.0,516(+2),[東] 武井亮,202506010410
3,4,7,ミファヴォリート,牝6,55.0,丸山元気,1:53.7,ハナ,43.5,11.0,492(+2),[東] 辻哲英,202506010410
4,7,13,メイショウユズルハ,牡6,57.0,大野拓弥,1:53.9,1.1/2,180.0,14.0,500(+4),[西] 岡田稲男,202506010410
5,5,9,ヴァンヤール,牡7,58.0,戸崎圭太,1:53.9,ハナ,19.1,6.0,530(-2),[西] 庄野靖志,202506010410
6,1,2,リチュアル,セ6,57.0,団野大成,1:54.0,クビ,8.1,4.0,514(-6),[西] 田中克典,202506010410
7,4,8,ゴールドバランサー,牡5,57.0,菅原明良,1:54.0,クビ,35.6,10.0,474(+10),[東] 鈴木慎太,202506010410
8,2,3,クインズミモザ,牝7,55.0,石川裕紀,1:54.1,1/2,21.0,7.0,530(+4),[東] 池上昌和,202506010410
9,1,1,グリューヴルム,牡6,57.0,松岡正海,1:54.3,1,138.0,12.0,500(-2),[西] 大久保龍,202506010410
10,6,11,アッシュルバニパル,牡4,56.0,マーカン,1:54.3,ハナ,3.0,1.0,518(0),[東] 田中博康,202506010410
11,3,6,プリンスミノル,牡6,57.0,田辺裕信,1:54.4,クビ,29.8,8.0,468(+2),[東] 中舘英二,202506010410
12,6,12,アナンシエーション,セ7,57.0,佐々木大,1:54.9,3.1/2,167.8,13.0,522(+6),[東] 矢嶋大樹,202506010410
13,2,4,オーロイプラータ,牡5,57.0,斎藤新,1:55.0,クビ,31.9,9.0,560(+14),[西] 宮本博,202506010410
14,5,10,ブリッツファング,牡6,57.0,北村宏司,1:55.6,4,246.8,15.0,492(+12),[西] 大久保龍,202506010410
15,8,16,ヴィジョンオブラヴ,牡10,57.0,丸田恭介,1:57.8,大,298.5,16.0,522(+32),[東] 新開幸一,202506010410
中,3,5,メイクアリープ,牡6,58.0,岩田望来,,,11.3,5.0,500(+22),[西] 大根田裕,202506010410
1,6,12,エリカエクスプレス,牝3,55.0,戸崎圭太,1:32.8,,5.9,2.0,456(0),[西] 杉山晴紀,202506010411
2,7,13,ティラトーレ,牝3,55.0,木幡巧也,1:33.3,3,6.4,4.0,488(+2),[東] 牧光二,202506010411
3,6,11,エストゥペンダ,牝3,55.0,三浦皇成,1:33.4,クビ,27.8,9.0,442(+4),[東] 高柳瑞樹,202506010411
4,1,1,マイスターヴェルク,牝3,55.0,マーカン,1:33.4,ハナ,6.6,5.0,498(+8),[東] 勢司和浩,202506010411
5,1,2,キタノクニカラ,牝3,55.0,丸田恭介,1:33.9,3,72.8,13.0,388(0),[東] 小島茂之,202506010411
6,8,16,レモンバーム,牝3,55.0,団野大成,1:33.9,ハナ,94.7,14.0,448(-4),[東] 嘉藤貴行,202506010411
7,3,5,ハードワーカー,牝3,55.0,佐々木大,1:34.3,2,99.0,15.0,484(+8),[東] 竹内正洋,202506010411
8,8,15,ミラーダカリエンテ,牝3,55.0,石川裕紀,1:34.4,3/4,107.4,16.0,472(-2),[東] 相沢郁,202506010411
9,4,8,レイユール,牝3,55.0,嶋田純次,1:34.5,1/2,4.7,1.0,416(0),[東] 手塚貴久,202506010411
10,4,7,ホウオウガイア,牝3,55.0,田辺裕信,1:34.6,クビ,6.1,3.0,436(+12),[東] 大竹正博,202506010411
11,2,3,ジャルディニエ,牝3,55.0,斎藤新,1:34.7,3/4,14.0,7.0,438(-12),[西] 奥村豊,202506010411
12,5,9,モルティフレーバー,牝3,55.0,北村宏司,1:35.2,3,14.8,8.0,454(+12),[西] 清水久詞,202506010411
13,2,4,ネーブルオレンジ,牝3,55.0,丹内祐次,1:35.3,3/4,62.8,12.0,466(+2),[西] 杉山佳明,202506010411
14,3,6,ミーントゥビー,牝3,55.0,松岡正海,1:35.4,クビ,8.4,6.0,444(+2),[東] 堀内岳志,202506010411
15,5,10,ルージュミレネール,牝3,55.0,横山和生,1:36.5,7,30.8,10.0,442(-2),[東] 斎藤誠,202506010411
16,7,14,ニシノラヴァンダ,牝3,55.0,菅原明良,1:36.7,1,45.0,11.0,432(+12),[東] 奥平雅士,202506010411
1,5,9,ニットウバジル,牡5,58.0,吉田豊,1:10.6,,2.7,1.0,516(0),[東] 高橋文雅,202506010412
2,3,5,テセラリアン,牝4,56.0,石橋脩,1:10.9,2,5.4,2.0,438(+12),[東] 鈴木慎太,202506010412
3,2,3,キョウエイカンフ,牡5,58.0,横山和生,1:10.9,ハナ,6.6,4.0,520(-10),[東] 勢司和浩,202506010412
4,6,12,ホウオウプレミア,牡6,58.0,マーカン,1:11.4,2.1/2,15.1,6.0,486(0),[東] 奥村武,202506010412
5,1,1,ニシノコニャック,牡6,58.0,田辺裕信,1:11.5,1/2,53.7,11.0,470(+8),[東] 伊藤大士,202506010412
5,2,4,スペキオサレジーナ,牝5,56.0,黛弘人,1:11.5,同着,110.2,13.0,478(+6),[東] 森一誠,202506010412
7,4,8,メイショウミシガン,牡4,58.0,丸山元気,1:11.6,3/4,7.0,5.0,470(-2),[西] 鮫島一歩,202506010412
8,8,16,デュードメール,牝6,56.0,津村明秀,1:11.6,アタマ,6.4,3.0,480(+4),[東] 辻哲英,202506010412
9,6,11,ペプチドシュチク,牡4,56.0,吉村誠之,1:11.8,1,47.6,10.0,486(+4),[西] 武英智,202506010412
10,1,2,バンドールロゼ,牡6,58.0,丹内祐次,1:11.9,1,165.1,15.0,478(0),[東] 清水英克,202506010412
11,5,10,コラリン,牝6,56.0,北村宏司,1:12.0,クビ,156.9,14.0,466(+4),[東] 木村哲也,202506010412
12,8,15,サンレイマリー,牡4,55.0,長浜鴻緒,1:12.0,クビ,30.3,8.0,482(-4),[東] 伊藤圭三,202506010412
13,3,6,フレイミングパイ,牝4,56.0,キング,1:12.0,クビ,17.2,7.0,434(-6),[西] 中竹和也,202506010412
14,7,14,エコロドゥネス,牡5,58.0,佐々木大,1:12.3,1.1/2,41.4,9.0,528(+10),[東] 加藤征弘,202506010412
15,7,13,ターニングアップ,牡7,56.0,小林脩斗,1:12.3,クビ,261.7,16.0,490(+2),[東] 石毛善彦,202506010412
16,4,7,ペイシャカレン,牝6,56.0,江田照男,1:13.8,9,81.1,12.0,470(+2),[東] 粕谷昌央,202506010412
1,8,15,カウスリップ,牝3,55.0,横山和生,1:12.6,,1.1,1.0,538(+2),[東] 中舘英二,202506010501
2,4,8,アサクサグレース,牝3,55.0,杉原誠人,1:12.8,1.1/4,10.3,3.0,462(+2),[東] 戸田博文,202506010501
3,7,13,ジョイナーテソーロ,牝3,55.0,佐々木大,1:13.4,3.1/2,16.8,4.0,438(+8),[東] 畠山吉宏,202506010501
4,7,14,デンリッレハウエル,牝3,52.0,石田拓郎,1:13.8,2.1/2,207.1,12.0,414(+8),[東] 林徹,202506010501
5,6,12,ハニーローリエ,牝3,55.0,大野拓弥,1:13.8,クビ,104.2,10.0,476(-4),[東] 小手川準,202506010501
6,4,7,ロベルタインパクト,牝3,52.0,長浜鴻緒,1:14.3,3,9.0,2.0,498(0),[東] 岩戸孝樹,202506010501
7,5,10,タマモクロッシェ,牝3,51.0,小林美駒,1:14.5,1.1/4,245.0,13.0,434(+2),[東] 水野貴広,202506010501
8,8,16,キャラメリー,牝3,55.0,丸田恭介,1:14.6,クビ,77.0,9.0,492(-2),[東] 佐藤吉勝,202506010501
9,2,3,サンパギータチャン,牝3,52.0,佐藤翔馬,1:14.7,1/2,398.4,15.0,394(+4),[東] 杉浦宏昭,202506010501
10,2,4,ニューウォーク,牝3,53.0,小林脩斗,1:14.7,アタマ,76.9,8.0,446(+6),[東] 粕谷昌央,202506010501
11,5,9,チュッチュポッポ,牝3,55.0,武藤雅,1:14.8,1/2,44.2,7.0,466(-6),[東] 武藤善則,202506010501
12,6,11,ミキノオーボエ,牝3,55.0,石橋脩,1:15.6,5,386.0,14.0,490(+10),[東] 南田美知,202506010501
13,1,1,ロジステート,牝3,55.0,横山武史,1:15.6,クビ,23.8,5.0,470(+6),[東] 尾形和幸,202506010501
14,1,2,ビーラブドウィッチ,牝3,52.0,石神深道,1:15.9,2,203.4,11.0,424(+8),[東] 中川公成,202506010501
15,3,6,セイウンオウカ,牝3,55.0,津村明秀,1:16.1,1.1/4,39.5,6.0,478(-2),[東] 相沢郁,202506010501
16,3,5,ラクスノカミカザリ,牝3,55.0,野中悠太,1:17.8,10,468.8,16.0,430(+6),[東] 加藤和宏,202506010501
1,3,6,ジェシーテソーロ,牡3,57.0,木幡巧也,1:57.2,,4.0,2.0,484(+2),[東] 牧光二,202506010502
2,4,7,ケルピー,セ3,57.0,横山和生,1:57.3,1/2,33.5,10.0,490(+4),[東] 小野次郎,202506010502
3,3,5,エコロカディス,牡3,57.0,佐々木大,1:57.8,3,3.4,1.0,452(0),[東] 森一誠,202506010502
4,6,11,ブラザービート,牡3,57.0,内田博幸,1:57.9,3/4,23.5,8.0,530(-2),[東] 奥村武,202506010502
5,7,14,ナルサー,牡3,56.0,原優介,1:58.2,1.1/2,8.7,5.0,498(+6),[東] 武市康男,202506010502
6,8,15,オンザバサラ,牡3,57.0,ドイル,1:58.2,ハナ,182.6,13.0,474(-4),[東] 大和田成,202506010502
7,6,12,カフェノーチェ,牡3,57.0,北村宏司,1:58.5,1.3/4,9.2,6.0,530(+6),[東] 古賀慎明,202506010502
8,1,1,ファミーユウルーズ,牡3,57.0,武藤雅,1:58.6,クビ,16.9,7.0,528(+2),[東] 武藤善則,202506010502
9,1,2,タイセイデクスター,牡3,57.0,横山武史,1:58.8,1.1/2,6.3,3.0,496(+2),[東] 伊藤圭三,202506010502
10,2,4,ブラックセイバー,牡3,57.0,菅原明良,1:58.9,アタマ,8.6,4.0,500(-6),[東] 栗田徹,202506010502
11,4,8,ピジョンポイント,牡3,57.0,津村明秀,1:59.2,2,24.6,9.0,488(+6),[東] 岩戸孝樹,202506010502
12,5,10,ネスト,牡3,57.0,小林凌大,2:01.4,大,423.6,16.0,492(+10),[東] 土田稔,202506010502
13,7,13,アタリダイキチ,牡3,57.0,丹内祐次,2:01.5,1/2,41.6,11.0,480(+6),[東] 西田雄一,202506010502
14,2,3,アースカムイ,牡3,57.0,田辺裕信,2:02.5,6,171.5,12.0,482(+18),[東] 小西一男,202506010502
15,8,16,カスミヅキ,牡3,54.0,石神深道,2:02.9,2.1/2,313.8,14.0,442(0),[東] 和田雄二,202506010502
16,5,9,ジーティービート,牡3,57.0,菊沢一樹,2:05.2,大,361.3,15.0,488(-4),[東] 清水英克,202506010502
1,8,16,キョウエイタイコ,牝3,55.0,横山和生,1:55.8,,7.1,5.0,466(-4),[東] 勢司和浩,202506010503
2,5,9,ヒサエノオモカゲ,牝3,55.0,佐々木大,1:57.0,7,56.9,8.0,480(0),[東] 千葉直人,202506010503
3,4,8,ヴァイオパイシーズ,牝3,55.0,横山武史,1:57.3,1.1/2,9.5,6.0,460(-2),[東] 和田勇介,202506010503
4,6,12,シナツヒメ,牝3,55.0,木幡巧也,1:57.9,3.1/2,3.9,2.0,444(+6),[東] 牧光二,202506010503
5,4,7,キタノラブミー,牝3,53.0,小林脩斗,1:58.0,3/4,334.3,16.0,498(-2),[東] 萱野浩二,202506010503
6,6,11,アップライト,牝3,55.0,杉原誠人,1:58.3,2,26.8,7.0,456(+6),[東] 嘉藤貴行,202506010503
7,5,10,モーニングマジック,牝3,55.0,三浦皇成,1:58.5,3/4,5.6,4.0,518(0),[東] 武藤善則,202506010503
8,3,5,ミュークチェルシー,牝3,55.0,吉田豊,1:58.6,3/4,3.6,1.0,460(0),[東] 稲垣幸雄,202506010503
9,7,14,カシマスウィープ,牝3,55.0,原田和真,1:58.6,ハナ,236.5,14.0,498(0),[東] 伊藤伸一,202506010503
10,2,3,グランカッサ,牝3,55.0,マーカン,1:59.1,3,5.2,3.0,502(+4),[東] 加藤士津,202506010503
11,1,2,ベアパーフェクト,牝3,52.0,佐藤翔馬,1:59.9,5,58.3,9.0,458(-10),[東] 杉浦宏昭,202506010503
12,2,4,サヤヒメ,牝3,55.0,大野拓弥,2:00.0,3/4,198.6,12.0,472(+4),[東] 青木孝文,202506010503
13,8,15,リュウノヒナギク,牝3,55.0,松岡正海,2:00.1,1/2,173.6,11.0,472(+2),[東] 伊藤伸一,202506010503
14,3,6,サンレンブイ,牝3,51.0,小林美駒,2:00.4,1.1/2,235.9,13.0,376(-10),[東] 深山雅史,202506010503
15,7,13,プロピエダッド,牝3,55.0,石川裕紀,2:00.4,クビ,99.6,10.0,468(-4),[東] 武藤善則,202506010503
16,1,1,カスカナノゾミ,牝3,55.0,菊沢一樹,2:01.5,7,264.3,15.0,464(-4),[東] 堀内岳志,202506010503
1,6,6,フォージドブリック,牡4,59.0,大江原圭,3:15.2,,104.1,9.0,544(+2),[東] 西田雄一,202506010504
2,3,3,カルマンフィルター,牡4,59.0,草野太郎,3:16.8,10,6.4,3.0,490(+12),[東] 戸田博文,202506010504
3,4,4,ラエール,牝6,58.0,上野翔,3:17.4,3.1/2,1.7,1.0,438(+2),[東] 土田稔,202506010504
4,8,8,ナムラドーギー,牡4,59.0,小牧加矢,3:17.8,2.1/2,10.1,4.0,458(+4),[東] 石栗龍彦,202506010504
5,7,7,オステリア,牡6,60.0,高田潤,3:17.9,1/2,5.6,2.0,520(0),[西] 宮本博,202506010504
6,5,5,フジフォンテ,セ6,60.0,石神深一,3:18.4,3,17.8,7.0,470(+8),[東] 粕谷昌央,202506010504
7,1,1,テイエムマジック,牡7,60.0,難波剛健,3:18.6,1.1/4,12.7,6.0,506(-4),[西] 木原一良,202506010504
8,8,9,アンノウンウォリア,牡6,60.0,黒岩悠,3:19.0,2.1/2,10.7,5.0,476(+4),[西] 平田修,202506010504
9,2,2,メネラオス,牡4,59.0,森一馬,3:20.4,9,51.0,8.0,564(+2),[西] 奥村豊,202506010504
1,5,9,アドバンテスロード,牡3,56.0,横山琉人,1:14.2,,6.5,3.0,454(0),[東] 斎藤誠,202506010505
2,1,1,サマースイートピー,牝3,55.0,内田博幸,1:14.4,1.1/4,53.1,11.0,482(0),[東] 千葉直人,202506010505
3,6,11,アラモアナ,牡3,57.0,横山武史,1:14.8,2.1/2,2.4,1.0,476(0),[西] 奥村豊,202506010505
4,8,16,ウィルマテソーロ,牝3,55.0,木幡巧也,1:15.0,1,34.2,9.0,430(0),[東] 稲垣幸雄,202506010505
5,8,15,マイネルブリオン,牡3,57.0,佐々木大,1:15.2,1.1/4,12.6,6.0,480(0),[東] 矢野英一,202506010505
6,2,3,スヴァローグ,牡3,54.0,石神深道,1:15.4,1.1/4,8.1,4.0,500(0),[東] 林徹,202506010505
7,1,2,フルグライト,牡3,57.0,松岡正海,1:15.7,1.1/2,10.4,5.0,468(0),[東] 堀内岳志,202506010505
8,7,14,コウユーウィズユー,牝3,55.0,木幡初也,1:16.6,5,6.3,2.0,446(0),[東] 竹内正洋,202506010505
9,7,13,イタリックタイプ,牡3,57.0,柴田大知,1:16.7,3/4,21.6,8.0,422(0),[東] 田中剛,202506010505
10,2,4,カコウガン,牡3,57.0,マーカン,1:17.0,2,37.4,10.0,474(0),[西] 寺島良,202506010505
11,6,12,フルールネージュ,牝3,55.0,武藤雅,1:17.2,1,74.9,13.0,416(0),[東] 武藤善則,202506010505
12,3,6,ゲンキイッパイ,牡3,57.0,杉原誠人,1:17.5,1.3/4,71.3,12.0,506(0),[東] 石栗龍彦,202506010505
13,4,7,ヤンキーパンチ,セ3,57.0,原田和真,1:17.8,1.1/2,113.7,14.0,414(0),[東] 蛯名利弘,202506010505
14,3,5,アカイツキ,牝3,55.0,キング,1:18.1,1.3/4,13.8,7.0,500(0),[西] 牧田和弥,202506010505
15,5,10,スイープライズ,牡3,57.0,石橋脩,1:20.0,大,186.6,16.0,408(0),[東] 牧光二,202506010505
16,4,8,サマニタイショウ,牡3,57.0,岩部純二,1:20.6,3.1/2,167.0,15.0,480(0),[東] 武市康男,202506010505
1,5,9,カーミングライツ,牡3,57.0,横山和生,2:14.6,,3.8,2.0,520(-2),[東] 小島茂之,202506010506
2,3,5,イフルジャンス,牡3,57.0,マーカン,2:14.6,ハナ,3.5,1.0,446(-4),[東] 金成貴史,202506010506
3,3,6,ヴィアトル,牝3,55.0,佐々木大,2:15.0,2.1/2,7.0,4.0,420(0),[東] 上原佑紀,202506010506
4,7,13,バーケンヘッド,牡3,54.0,石神深道,2:15.1,クビ,9.3,5.0,416(+2),[東] 武井亮,202506010506
5,4,8,ピティロディア,牡3,57.0,内田博幸,2:15.2,1/2,49.2,11.0,454(+6),[東] 西田雄一,202506010506
6,1,2,ヴィーデ,牡3,57.0,丹内祐次,2:15.3,3/4,12.6,6.0,486(+12),[東] 戸田博文,202506010506
7,8,17,マーゴットコマチ,牝3,55.0,菊沢一樹,2:15.3,アタマ,207.1,16.0,412(+4),[東] 伊坂重信,202506010506
8,8,16,クラレット,牡3,57.0,北村宏司,2:15.5,1.1/4,32.1,8.0,490(0),[東] 古賀慎明,202506010506
9,6,11,ヴィクトワールバゴ,牡3,57.0,ドイル,2:15.7,1.1/4,4.8,3.0,466(+4),[東] 稲垣幸雄,202506010506
10,7,14,トウショウクラウド,牡3,54.0,石田拓郎,2:15.8,クビ,111.7,13.0,452(+10),[東] 萱野浩二,202506010506
11,1,1,フィエールガール,牝3,55.0,木幡巧也,2:16.0,1.1/4,94.5,12.0,454(+2),[東] 土田稔,202506010506
12,2,3,ベリーズブルー,牝3,54.0,原優介,2:16.0,クビ,173.4,15.0,420(-6),[東] 鈴木慎太,202506010506
13,8,15,プロメテドール,牝3,55.0,菅原明良,2:16.2,1.1/2,43.2,9.0,438(-6),[東] 久保田貴,202506010506
14,4,7,アルカラス,牡3,56.0,横山琉人,2:16.3,クビ,112.0,14.0,506(+16),[東] 相沢郁,202506010506
15,2,4,レイククイ,牝3,55.0,石橋脩,2:16.3,クビ,48.6,10.0,438(+4),[東] 牧光二,202506010506
16,5,10,ドリフトウッド,牡3,57.0,丸田恭介,2:16.6,1.1/2,342.6,17.0,446(-4),[東] 南田美知,202506010506
17,6,12,ブラックモノリス,牝3,55.0,キング,2:17.5,5,30.6,7.0,462(-2),[東] 青木孝文,202506010506
1,6,6,モジャーリオ,牡3,57.0,菅原明良,1:09.3,,4.4,2.0,450(+2),[東] 斎藤誠,202506010507
2,7,8,マイネルステラート,牡3,57.0,横山武史,1:09.4,1/2,2.2,1.0,464(+8),[東] 高木登,202506010507
3,6,7,チムグクル,牡3,57.0,佐々木大,1:09.5,3/4,5.2,3.0,422(0),[西] 福永祐一,202506010507
4,5,5,ラパンチュール,牝3,55.0,津村明秀,1:09.6,クビ,8.2,4.0,466(+8),[東] 蛯名正義,202506010507
5,7,9,ホウオウブースター,牡3,57.0,三浦皇成,1:09.7,1,37.6,8.0,434(+12),[東] 高柳瑞樹,202506010507
6,8,11,ヘルヴェティオス,牡3,57.0,マーカン,1:09.8,クビ,10.3,5.0,444(+4),[東] 金成貴史,202506010507
7,1,1,ナムラトロム,牡3,57.0,丸田恭介,1:10.1,1.3/4,12.1,6.0,456(+8),[東] 石栗龍彦,202506010507
8,2,2,ナンナンプー,牝3,52.0,長浜鴻緒,1:10.7,3.1/2,86.0,9.0,446(-2),[東] 矢嶋大樹,202506010507
9,3,3,コムーネ,牝3,52.0,石神深道,1:11.1,2.1/2,27.3,7.0,414(+6),[東] 奥平雅士,202506010507
10,4,4,マニーヒーロー,牡3,57.0,キング,1:11.7,3.1/2,91.1,10.0,482(+8),[西] 寺島良,202506010507
11,8,10,ニシノリンダ,牝3,54.0,原優介,1:11.8,3/4,115.9,11.0,436(0),[東] 青木孝文,202506010507
1,4,5,プルナチャンドラ,牡4,57.0,横山和生,1:54.8,,3.4,2.0,514(+4),[東] 小野次郎,202506010508
2,8,14,タイセイアディクト,牡4,57.0,マーカン,1:54.9,クビ,3.7,3.0,496(+10),[東] 池上昌和,202506010508
3,6,10,ウインイメル,牡4,57.0,黛弘人,1:55.0,1/2,63.9,11.0,502(+28),[東] 深山雅史,202506010508
4,7,12,プルメリアクヒオ,牡4,54.0,長浜鴻緒,1:55.2,1.1/2,18.4,6.0,458(+2),[東] 深山雅史,202506010508
5,7,11,フリッパー,牡5,58.0,三浦皇成,1:56.2,6,62.7,10.0,504(+2),[東] 戸田博文,202506010508
6,5,7,ブレットフライ,牡6,58.0,内田博幸,1:56.4,1.1/4,78.1,13.0,514(0),[東] 萱野浩二,202506010508
7,4,6,ゴンザーゴ,牡4,57.0,ドイル,1:56.7,1.1/2,76.2,12.0,472(+10),[東] 黒岩陽一,202506010508
8,1,1,プラムダンディ,牡4,57.0,キング,1:57.0,1.3/4,13.9,4.0,456(+2),[東] 尾形和幸,202506010508
9,2,2,ライジンマル,牡4,57.0,津村明秀,1:57.0,クビ,2.7,1.0,530(-2),[東] 竹内正洋,202506010508
10,3,3,タナバタ,牡4,57.0,丹内祐次,1:57.1,クビ,30.4,7.0,498(0),[東] 武井亮,202506010508
11,6,9,コスモフレディ,牡4,57.0,横山武史,1:57.1,クビ,15.9,5.0,472(+8),[東] 水野貴広,202506010508
12,3,4,サトノラッシュ,セ6,58.0,北村宏司,1:58.3,7,59.7,9.0,532(+4),[東] 古賀慎明,202506010508
13,5,8,エコロブレード,牡4,57.0,佐々木大,1:58.5,3/4,30.6,8.0,450(0),[東] 加藤征弘,202506010508
14,8,13,ドゥライト,牡5,58.0,松岡正海,1:59.2,4,303.0,14.0,498(-6),[東] 堀内岳志,202506010508
1,8,15,アコークロー,牝6,56.0,丸田恭介,2:37.8,,4.8,2.0,500(+2),[東] 大竹正博,202506010509
2,1,2,インペリアルライン,セ6,58.0,丹内祐次,2:38.0,1.1/4,7.3,4.0,482(-2),[東] 中舘英二,202506010509
3,2,3,トクシースタローン,牡6,58.0,内田博幸,2:38.5,3,8.9,7.0,508(-2),[東] 辻哲英,202506010509
4,7,13,ハーバーライト,牡4,57.0,津村明秀,2:38.6,クビ,6.5,3.0,530(+6),[西] 高橋義忠,202506010509
5,5,9,マウンテンエース,牡5,58.0,石橋脩,2:39.1,3,7.6,6.0,514(+6),[東] 和田雄二,202506010509
6,7,14,ヴォランテ,牡5,58.0,大野拓弥,2:39.5,2.1/2,124.3,13.0,474(+8),[西] 羽月友彦,202506010509
7,4,8,ネイチャーシップ,牡7,58.0,長浜鴻緒,2:39.5,ハナ,40.6,10.0,508(+6),[東] 根本康広,202506010509
8,8,16,アトラクティーボ,牡6,58.0,武藤雅,2:39.6,クビ,29.1,9.0,530(-4),[東] 武藤善則,202506010509
9,6,12,ユアフラッシュ,牝5,56.0,キング,2:40.0,2.1/2,4.4,1.0,464(+2),[西] 辻野泰之,202506010509
10,2,4,コルデアニル,牝5,56.0,野中悠太,2:41.2,7,99.6,12.0,490(+16),[東] 金成貴史,202506010509
11,4,7,ヴォーグマチネ,牡7,58.0,菊沢一樹,2:41.3,クビ,267.7,15.0,500(+12),[東] 堀内岳志,202506010509
12,1,1,ラミアストラーダ,牡5,58.0,丸山元気,2:42.6,8,94.8,11.0,486(+2),[西] 田中克典,202506010509
13,3,5,ブロンディール,牝5,56.0,江田照男,2:45.4,大,132.7,14.0,484(-2),[東] 深山雅史,202506010509
14,6,11,ハイランドリンクス,牝5,56.0,佐々木大,2:46.6,7,17.0,8.0,482(0),[西] 奥村豊,202506010509
15,5,10,ベラジオボッキーニ,セ6,58.0,柴田大知,2:46.6,ハナ,360.0,16.0,514(+4),[東] 粕谷昌央,202506010509
16,3,6,アーマルコライト,牡4,57.0,マーカン,2:53.6,大,7.5,5.0,522(+2),[西] 寺島良,202506010509
1,5,10,ロードフロンティア,牡4,56.0,マーカン,1:10.5,,5.0,2.0,464(+2),[西] 松下武士,202506010510
2,8,15,エレガントムーン,牝5,52.0,ドイル,1:11.2,4,60.1,14.0,438(+8),[西] 牧浦充徳,202506010510
3,3,5,パルデンス,牡7,55.0,内田博幸,1:11.4,3/4,29.7,10.0,500(-2),[東] 森一誠,202506010510
4,2,4,ミユキアイラブユー,セ6,56.0,菅原明良,1:11.4,アタマ,30.4,11.0,566(0),[東] 小島茂之,202506010510
5,5,9,ブシン,牡4,57.0,横山和生,1:11.7,1.3/4,2.1,1.0,490(+10),[西] 森秀行,202506010510
6,3,6,グランフォーブル,牡5,55.0,吉田豊,1:11.8,3/4,16.1,5.0,480(+4),[東] 土田稔,202506010510
7,4,7,ロレンツォ,牡7,55.0,キング,1:12.0,3/4,29.3,9.0,484(0),[東] 加藤征弘,202506010510
8,6,12,ウナギノボリ,牡6,54.0,佐々木大,1:12.0,クビ,19.6,7.0,494(0),[西] 音無秀孝,202506010510
9,8,16,グリュースゴット,セ7,54.0,松岡正海,1:12.2,1,163.7,16.0,490(-4),[東] 松永康利,202506010510
10,4,8,プレシオーソ,セ8,55.0,大野拓弥,1:12.2,ハナ,36.8,13.0,480(-2),[西] 岡田稲男,202506010510
11,2,3,クリダーム,牡5,55.0,石橋脩,1:12.6,2.1/2,92.1,15.0,504(+6),[東] 上原佑紀,202506010510
12,1,1,レベレンシア,牡6,57.0,横山武史,1:12.7,クビ,16.5,6.0,506(+2),[西] 安田翔伍,202506010510
13,7,13,アルムラトゥール,牡5,55.0,三浦皇成,1:12.7,クビ,9.9,3.0,502(+2),[西] 西園翔太,202506010510
14,7,14,ハイアムズビーチ,牝6,53.0,津村明秀,1:12.8,クビ,35.5,12.0,502(+2),[東] 萩原清,202506010510
15,1,2,ブルーシンフォニー,牡7,56.0,田辺裕信,1:12.9,3/4,28.4,8.0,486(+4),[東] 伊藤圭三,202506010510
16,6,11,アロットドリーム,牝5,55.0,丸山元気,1:13.8,5,11.1,4.0,450(-10),[西] 本田優,202506010510
1,8,15,トロヴァトーレ,牡4,56.0,マーカン,1:32.3,,2.5,1.0,498(0),[東] 鹿戸雄一,202506010511
2,3,6,サンライズロナウド,牡6,57.0,横山典弘,1:32.4,3/4,8.5,5.0,486(+8),[西] 安田翔伍,202506010511
3,1,1,ノーブルロジャー,牡4,57.0,菅原明良,1:32.7,1.1/2,7.8,4.0,498(+10),[西] 吉岡辰弥,202506010511
4,5,10,キープカルム,牡4,56.0,三浦皇成,1:32.7,アタマ,4.4,2.0,488(-12),[西] 中竹和也,202506010511
5,8,16,イフェイオン,牝4,54.0,津村明秀,1:32.7,アタマ,23.3,7.0,488(+6),[西] 杉山佳明,202506010511
6,4,7,ゾンニッヒ,牡7,59.0,佐々木大,1:32.9,1.1/2,52.0,10.0,482(-6),[西] 池江泰寿,202506010511
7,2,3,レイベリング,牡5,58.0,丹内祐次,1:33.0,クビ,25.1,8.0,496(+2),[東] 鹿戸雄一,202506010511
8,3,5,マルディランダ,牡5,57.0,横山武史,1:33.0,クビ,19.7,6.0,490(+10),[東] 金成貴史,202506010511
9,7,14,ビーアストニッシド,牡6,58.0,西村太一,1:33.1,クビ,58.8,11.0,476(-6),[東] 堀内岳志,202506010511
10,2,4,シーズンリッチ,牡5,57.0,大野拓弥,1:33.1,クビ,228.4,15.0,504(+6),[東] 久保田貴,202506010511
11,6,11,ジューンオレンジ,牝5,55.0,横山和生,1:33.1,ハナ,6.9,3.0,462(+2),[西] 長谷川浩,202506010511
12,5,9,ウインエーデル,牝5,55.0,田辺裕信,1:33.2,1/2,35.0,9.0,456(+10),[西] 吉田直弘,202506010511
13,6,12,モズゴールドバレル,牝6,55.0,内田博幸,1:33.3,クビ,143.5,14.0,460(+6),[西] 藤岡健一,202506010511
14,4,8,ナチュラルハイ,牡5,58.0,原優介,1:33.4,1,240.1,16.0,486(+2),[東] 黒岩陽一,202506010511
15,7,13,バレエマスター,牡6,57.0,キング,1:33.5,1/2,68.8,12.0,476(0),[西] 梅田智之,202506010511
16,1,2,ペイシャフラワー,牝5,55.0,ドイル,1:33.5,アタマ,82.1,13.0,472(+6),[西] 高橋康之,202506010511
1,6,12,ボーモンド,牡4,57.0,マーカン,1:33.9,,5.8,3.0,492(+2),[東] 国枝栄,202506010512
2,6,11,ソルトブリーズ,牡4,57.0,松岡正海,1:34.1,1.1/4,9.0,5.0,458(+4),[東] 田中剛,202506010512
3,5,9,ラヴスコール,牝4,55.0,横山武史,1:34.3,1.1/4,3.8,1.0,430(+4),[東] 加藤征弘,202506010512
4,4,8,アサクサヴィーナス,牝5,56.0,大野拓弥,1:34.3,アタマ,7.6,4.0,456(-8),[東] 高柳瑞樹,202506010512
5,3,6,ベストオブユー,牡4,54.0,長浜鴻緒,1:34.4,クビ,13.7,7.0,440(+6),[東] 久保田貴,202506010512
6,4,7,アッシュバーグ,牝4,54.0,横山琉人,1:34.6,1.1/4,49.0,12.0,514(+6),[東] 斎藤誠,202506010512
7,8,16,クリーンエア,牡4,57.0,田辺裕信,1:34.8,1,9.7,6.0,476(+10),[東] 上原博之,202506010512
8,7,14,ロンドンアームズ,牝4,55.0,横山和生,1:34.8,ハナ,18.4,8.0,448(-2),[東] 伊坂重信,202506010512
9,7,13,ゴヴェルナーレリコ,牝4,55.0,佐々木大,1:34.8,ハナ,38.4,11.0,442(-4),[東] 辻哲英,202506010512
10,8,15,トゥルーサクセサー,牡4,57.0,菅原明良,1:34.8,クビ,5.5,2.0,464(+2),[東] 高木登,202506010512
11,5,10,アルマロクザン,牝5,56.0,吉田豊,1:35.1,1.3/4,237.2,15.0,470(-11),[東] 伊藤伸一,202506010512
12,1,1,ジャグアール,牡4,57.0,石橋脩,1:35.2,1/2,18.9,9.0,456(+2),[東] 矢野英一,202506010512
13,3,5,シルバージュエリー,牝5,56.0,津村明秀,1:35.4,1.1/4,29.6,10.0,468(-8),[東] 加藤士津,202506010512
14,2,4,レッドアーバイン,牡5,58.0,石川裕紀,1:35.8,2,129.1,14.0,504(+2),[東] 手塚貴久,202506010512
15,2,3,キュベリン,牝5,53.0,石田拓郎,1:35.9,1/2,50.3,13.0,428(+2),[東] 嘉藤貴行,202506010512
16,1,2,クラウンパント,牝4,55.0,丸田恭介,1:36.2,2,365.1,16.0,406(-24),[東] 加藤和宏,202506010512
1,6,12,ペイシャマリーン,牝3,55.0,丹内祐次,1:12.7,,1.6,1.0,456(+2),[東] 菊川正達,202506010601
2,7,13,セギレエルビエント,牝3,55.0,荻野極,1:12.9,1.1/4,14.5,6.0,456(+14),[東] 伊坂重信,202506010601
3,1,2,レイオーバー,牡3,57.0,内田博幸,1:13.1,1,5.5,2.0,468(+4),[東] 本間忍,202506010601
4,2,4,ユイノマホウジン,牡3,57.0,戸崎圭太,1:13.3,1.1/2,8.8,3.0,460(+16),[東] 深山雅史,202506010601
5,8,16,ダイチラポール,牡3,54.0,長浜鴻緒,1:13.9,3.1/2,12.7,4.0,476(0),[東] 蛯名利弘,202506010601
6,4,7,サラサエンペラー,牡3,57.0,横山和生,1:14.0,クビ,14.2,5.0,472(+6),[東] 村田一誠,202506010601
7,8,15,エネルゲイア,牡3,57.0,菊沢一樹,1:14.3,1.3/4,37.6,8.0,472(+6),[東] 清水英克,202506010601
8,5,10,ショージージョ,セ3,57.0,武藤雅,1:14.3,ハナ,336.4,16.0,526(0),[東] 小笠倫弘,202506010601
9,7,14,セレブウマザンマイ,牝3,54.0,原優介,1:14.4,3/4,122.6,10.0,432(+12),[東] 青木孝文,202506010601
10,2,3,ルラクソント,牡3,57.0,杉原誠人,1:14.5,クビ,271.7,14.0,480(+2),[東] 中川公成,202506010601
11,3,5,テイエムファラオ,牡3,54.0,石田拓郎,1:14.8,1.3/4,188.5,13.0,466(+8),[東] 伊藤圭三,202506010601
12,6,11,ニシノヒミチュ,牝3,55.0,佐々木大,1:14.9,3/4,20.5,7.0,444(+6),[東] 伊藤大士,202506010601
13,5,9,アミグダラ,牝3,55.0,嶋田純次,1:14.9,ハナ,116.2,9.0,434(-2),[東] 岩戸孝樹,202506010601
14,1,1,モモクロオー,牡3,57.0,古川吉洋,1:15.5,3.1/2,297.0,15.0,494(+10),[東] 的場均,202506010601
15,4,8,ヨシノイクスプレス,牡3,57.0,菅原明良,1:15.5,クビ,127.1,11.0,522(+26),[東] 高木登,202506010601
16,3,6,ベストヒューマ,牡3,57.0,江田照男,1:15.9,2.1/2,171.9,12.0,434(+4),[東] 佐藤吉勝,202506010601
1,4,8,カージオイド,牡3,57.0,菅原明良,1:55.4,,3.6,2.0,514(+2),[東] 黒岩陽一,202506010602
2,7,13,イスキオス,牡3,57.0,横山武史,1:55.7,1.3/4,6.3,4.0,478(+12),[東] 栗田徹,202506010602
3,7,14,フジレイメイ,牡3,57.0,松岡正海,1:56.2,2.1/2,5.0,3.0,482(-2),[東] 小笠倫弘,202506010602
4,6,12,シャンハイナイト,牝3,55.0,江田照男,1:56.4,1.1/4,235.6,13.0,462(-2),[東] 村田一誠,202506010602
5,6,11,ヌンボラ,牝3,52.0,石神深道,1:56.4,ハナ,31.3,8.0,466(0),[東] 深山雅史,202506010602
6,2,3,リッキースタイル,牡3,57.0,大野拓弥,1:56.5,1,13.9,6.0,476(+2),[東] 水野貴広,202506010602
7,1,2,マイネルジーニアス,牡3,57.0,野中悠太,1:57.4,5,25.9,7.0,540(-4),[東] 高木登,202506010602
8,8,15,スムースオペレター,牡3,57.0,藤懸貴志,1:57.4,クビ,99.0,10.0,440(-2),[東] 岩戸孝樹,202506010602
9,1,1,イトウ,牡3,57.0,ルメール,1:58.5,7,3.4,1.0,488(-2),[東] 高柳瑞樹,202506010602
10,5,10,レッドシュトラール,牡3,57.0,戸崎圭太,1:58.5,ハナ,7.6,5.0,482(0),[東] 宮田敬介,202506010602
11,4,7,ロイヤルカスタマー,牡3,54.0,石田拓郎,1:58.7,1.1/4,471.6,15.0,488(-2),[東] 加藤和宏,202506010602
12,8,16,ハインズテソーロ,牡3,57.0,柴田大知,1:59.0,1.3/4,162.2,11.0,496(+2),[東] 田中剛,202506010602
13,2,4,ケアンズ,牡3,57.0,武藤雅,2:00.2,7,49.6,9.0,472(+6),[東] 武藤善則,202506010602
14,3,5,セイウングレイ,牝3,55.0,津村明秀,2:00.4,1.1/4,199.4,12.0,442(+2),[東] 竹内正洋,202506010602
15,5,9,ビリーヴアンドラン,牡3,57.0,原田和真,2:00.5,1/2,578.1,16.0,496(+2),[東] 蛯名利弘,202506010602
16,3,6,ミヤビノオウザ,牡3,56.0,原優介,2:04.1,大,250.6,14.0,442(0),[東] 青木孝文,202506010602
1,4,8,ロジリッキー,牡3,57.0,三浦皇成,1:57.8,,3.4,1.0,490(0),[東] 国枝栄,202506010603
2,8,15,マウントバーノン,牡3,57.0,大野拓弥,1:58.7,5,7.1,4.0,522(0),[東] 戸田博文,202506010603
3,6,11,ヴォーパルソード,牝3,55.0,木幡初也,1:59.0,1.3/4,26.8,9.0,472(0),[東] 武市康男,202506010603
4,2,3,カイトベルク,牡3,57.0,丸山元気,1:59.2,1.1/2,58.4,13.0,548(0),[東] 和田雄二,202506010603
5,1,2,ファイアーワークス,牡3,57.0,横山武史,1:59.4,3/4,14.7,7.0,574(0),[東] 加藤征弘,202506010603
6,6,12,ネイチャーズロウ,牡3,57.0,菅原明良,1:59.4,クビ,5.1,2.0,500(0),[東] 大竹正博,202506010603
7,7,14,エンデューロ,牡3,57.0,丹内祐次,1:59.4,ハナ,6.2,3.0,568(0),[東] 林徹,202506010603
8,5,10,ワンダーレイザー,牡3,57.0,柴田大知,2:00.3,5,14.2,6.0,534(0),[東] 畠山吉宏,202506010603
9,7,13,メイショウフソウ,牡3,57.0,斎藤新,2:00.5,1.1/4,25.9,8.0,498(0),[西] 荒川義之,202506010603
10,2,4,ミッキーサンズ,牡3,57.0,戸崎圭太,2:00.7,1,7.4,5.0,460(0),[東] 萩原清,202506010603
11,3,5,プレイザットソング,牡3,57.0,内田博幸,2:00.7,クビ,47.8,11.0,544(0),[東] 中舘英二,202506010603
12,8,16,クリスティテソーロ,牡3,57.0,木幡巧也,2:01.1,2.1/2,77.3,14.0,530(0),[東] 畠山吉宏,202506010603
13,3,6,タニセンダイヤ,牝3,55.0,古川吉洋,2:01.3,3/4,131.7,15.0,524(0),[東] 根本康広,202506010603
14,4,7,ペイシャリサデル,牝3,52.0,佐藤翔馬,2:02.1,5,266.7,16.0,500(0),[東] 奥平雅士,202506010603
15,1,1,アークエタニティ,牝3,55.0,松岡正海,2:02.5,2.1/2,55.8,12.0,442(0),[東] 伊藤伸一,202506010603
16,5,9,リヴァーブ,牡3,57.0,石橋脩,2:11.2,大,30.4,10.0,540(0),[東] 上原佑紀,202506010603
1,2,4,シェーンシュティア,牝3,55.0,三浦皇成,2:00.2,,30.8,7.0,462(+6),[東] 林徹,202506010605
2,1,1,トレサフィール,牡3,57.0,横山和生,2:00.3,クビ,7.9,4.0,466(-6),[東] 稲垣幸雄,202506010605
3,3,5,アロンズロッド,牡3,57.0,ルメール,2:00.7,2.1/2,1.8,1.0,492(+12),[東] 国枝栄,202506010605
4,8,17,ウアーシュプルング,牝3,55.0,横山武史,2:00.8,3/4,6.0,2.0,460(+4),[東] 鹿戸雄一,202506010605
5,7,14,ウインスティーガ,牡3,57.0,戸崎圭太,2:01.2,2.1/2,6.2,3.0,436(-8),[東] 手塚貴久,202506010605
6,3,6,マイネルアウルム,牡3,57.0,柴田大知,2:01.4,3/4,8.9,5.0,442(+6),[東] 加藤士津,202506010605
7,8,16,マイネルラファール,牡3,57.0,丸山元気,2:01.4,ハナ,308.7,14.0,468(+2),[東] 畠山吉宏,202506010605
8,1,2,コスモトロイメル,牝3,55.0,丹内祐次,2:01.5,1/2,42.7,8.0,448(-2),[東] 田島俊明,202506010605
9,4,8,ミッドセンチュリー,牡3,57.0,丸田恭介,2:01.5,クビ,99.6,10.0,460(+6),[東] 松山将樹,202506010605
10,7,13,マルターズヴェロス,牡3,57.0,田辺裕信,2:01.6,1,26.5,6.0,466(0),[東] 手塚貴久,202506010605
11,2,3,テルケンレングレー,牡3,57.0,原田和真,2:02.0,2.1/2,605.4,17.0,434(+4),[東] 蛯名利弘,202506010605
12,5,10,テンミラージュ,牝3,55.0,内田博幸,2:02.1,クビ,169.8,12.0,436(-4),[東] 深山雅史,202506010605
13,8,18,エリナ,牝3,55.0,武藤雅,2:02.2,1/2,512.6,16.0,414(-6),[東] 戸田博文,202506010605
14,6,12,グリスタン,牡3,57.0,荻野極,2:02.4,1.1/2,63.1,9.0,474(+16),[東] 高橋文雅,202506010605
15,5,9,マイネルボス,牡3,57.0,佐々木大,2:02.8,2.1/2,133.9,11.0,436(+4),[東] 伊藤大士,202506010605
16,6,11,ファイアリーホット,牡3,54.0,長浜鴻緒,2:02.9,3/4,338.6,15.0,456(+6),[東] 和田勇介,202506010605
17,7,15,ダイユウルージュ,牝3,52.0,佐藤翔馬,2:04.6,10,637.8,18.0,416(-2),[東] 松永康利,202506010605
18,4,7,ローレン,牝3,55.0,大野拓弥,2:04.7,クビ,289.4,13.0,450(-2),[東] 上原博之,202506010605
1,5,9,クールソル,牝4,56.0,菅原明良,1:12.1,,7.5,5.0,464(-2),[東] 斎藤誠,202506010606
2,1,1,ソーニャシュニク,牝4,53.0,今村聖奈,1:12.1,クビ,4.9,2.0,470(+6),[東] 武井亮,202506010606
3,6,12,ヴェルトラウム,牡4,58.0,武藤雅,1:12.2,1/2,6.3,4.0,462(+16),[東] 西田雄一,202506010606
4,2,3,クインズポラリス,牝4,53.0,長浜鴻緒,1:12.2,クビ,8.4,6.0,488(+14),[東] 上原博之,202506010606
5,8,16,グラニットピーク,セ5,58.0,黛弘人,1:12.3,クビ,39.8,8.0,512(+14),[東] 森一誠,202506010606
6,2,4,セッカチドラゴン,牡4,55.0,石田拓郎,1:12.3,アタマ,135.1,13.0,466(+10),[東] 本間忍,202506010606
7,3,5,タイセイピューマ,牡4,58.0,大野拓弥,1:12.3,ハナ,5.2,3.0,488(+2),[東] 新開幸一,202506010606
8,5,10,オセアエクスプレス,牡4,58.0,横山武史,1:12.6,2,3.5,1.0,488(+6),[東] 菊川正達,202506010606
9,7,14,グランプリショット,牡4,58.0,佐々木大,1:12.9,1.3/4,17.0,7.0,502(0),[東] 加藤征弘,202506010606
10,1,2,スコラーリ,牡6,58.0,内田博幸,1:13.1,3/4,48.9,10.0,478(-6),[東] 萩原清,202506010606
11,4,7,ウイントールキン,牡4,55.0,石神深道,1:13.4,1.1/2,65.6,11.0,482(-15),[東] 天間昭一,202506010606
12,3,6,ケイトポムドゥパン,牝5,56.0,宮崎北斗,1:13.6,1,105.5,12.0,498(+10),[東] 中川公成,202506010606
13,8,15,ジークルーネ,牝4,56.0,杉原誠人,1:13.7,1/2,43.2,9.0,468(+12),[東] 栗田徹,202506010606
14,6,11,ポケッティーノ,牡5,56.0,小林脩斗,1:14.2,3,443.6,15.0,486(+14),[東] 石栗龍彦,202506010606
15,4,8,クレイプマートル,牝5,56.0,丸田恭介,1:14.6,2.1/2,192.0,14.0,540(+18),[東] 南田美知,202506010606
16,7,13,アポロハクジャ,牝7,56.0,的場勇人,1:14.8,1.1/2,644.5,16.0,404(-4),[東] 的場均,202506010606
1,6,8,メロウヴォイス,牝6,56.0,キング,1:54.7,,15.6,5.0,470(+16),[東] 上原博之,202506010607
2,7,11,グレノークス,牝5,56.0,丸山元気,1:54.9,1.1/2,4.2,3.0,492(+2),[東] 宮田敬介,202506010607
3,5,7,クリニクラウン,牝5,56.0,菊沢一樹,1:55.0,クビ,28.1,8.0,484(+6),[東] 小手川準,202506010607
4,1,1,エバーハピネス,牝5,56.0,菅原明良,1:55.0,クビ,19.8,6.0,488(+10),[東] 久保田貴,202506010607
5,5,6,エンセリオ,牝4,55.0,三浦皇成,1:55.2,3/4,29.9,9.0,442(+2),[東] 小笠倫弘,202506010607
6,4,4,メテオールライト,牝5,56.0,ルメール,1:55.2,クビ,7.6,4.0,430(+2),[東] 萩原清,202506010607
7,2,2,サツキノジョウ,牝4,55.0,丹内祐次,1:55.3,クビ,3.7,2.0,458(+12),[東] 武井亮,202506010607
8,3,3,アンブロジアーナ,牝6,53.0,長浜鴻緒,1:55.3,アタマ,70.5,12.0,434(+2),[東] 上原博之,202506010607
9,4,5,ピジョンブラッド,牝6,56.0,佐々木大,1:55.4,1/2,152.0,13.0,504(0),[西] 荒川義之,202506010607
10,7,10,サクソンジェンヌ,牝4,55.0,荻野極,1:55.4,ハナ,3.1,1.0,456(-2),[西] 高橋義忠,202506010607
11,8,12,バレンタインガール,牝4,55.0,北村宏司,1:55.8,2.1/2,46.4,11.0,468(+8),[東] 古賀慎明,202506010607
12,6,9,セイウンマカロン,牝4,55.0,津村明秀,1:55.8,ハナ,21.9,7.0,448(+6),[東] 千葉直人,202506010607
13,8,13,アヴィオンドール,牝5,56.0,武藤雅,1:57.2,8,34.7,10.0,536(+6),[東] 手塚貴久,202506010607
1,6,11,キタノソワレ,牝4,56.0,木幡巧也,1:11.3,,13.6,6.0,480(+2),[東] 本間忍,202506010608
2,1,2,ネイト,牝6,53.0,長浜鴻緒,1:11.4,クビ,60.8,11.0,460(+6),[西] 小栗実,202506010608
3,8,15,ベルウッドウズメ,セ6,58.0,石橋脩,1:11.8,2.1/2,124.5,14.0,492(+2),[東] 本間忍,202506010608
4,3,5,ショウナンアビアス,牡5,58.0,戸崎圭太,1:11.8,ハナ,2.5,1.0,514(+6),[東] 加藤士津,202506010608
5,5,10,モリノセピア,牡4,54.0,小林美駒,1:11.9,1/2,8.8,4.0,486(-2),[東] 鈴木伸尋,202506010608
6,8,16,ピコアーガイル,牡4,57.0,佐々木大,1:11.9,1/2,17.0,7.0,502(+4),[東] 伊藤大士,202506010608
7,2,4,ホウオウフロイト,牡4,58.0,丸田恭介,1:12.1,3/4,36.0,10.0,446(0),[東] 加藤和宏,202506010608
8,4,7,ノヴァエクスプレス,牡4,58.0,津村明秀,1:12.1,アタマ,4.8,2.0,518(0),[東] 鈴木慎太,202506010608
9,5,9,レッドセニョール,牡4,58.0,横山和生,1:12.1,クビ,29.0,8.0,490(+2),[東] 矢嶋大樹,202506010608
10,1,1,マーシヴィガラス,牡5,58.0,丹内祐次,1:12.2,クビ,87.0,13.0,512(-4),[東] 的場均,202506010608
11,7,14,カイタロー,牡6,55.0,土田真翔,1:12.5,1.1/2,173.0,15.0,496(+26),[東] 和田雄二,202506010608
12,7,13,ホークレア,牝4,56.0,横山武史,1:12.5,ハナ,6.2,3.0,448(+16),[東] 尾関知人,202506010608
13,6,12,アポロプラネット,牡6,58.0,菊沢一樹,1:12.6,1/2,62.5,12.0,500(0),[東] 伊藤圭三,202506010608
14,3,6,ワークソング,牡4,55.0,柴田裕一,1:12.6,クビ,11.0,5.0,474(-6),[西] 牧浦充徳,202506010608
15,4,8,チュウワキャリア,牝4,53.0,石田拓郎,1:12.7,1/2,29.3,9.0,504(-4),[東] 栗田徹,202506010608
16,2,3,シルヴァーゴースト,牝5,53.0,石神深道,1:13.0,2,229.3,16.0,460(-4),[東] 岩戸孝樹,202506010608
1,1,1,コムユンプリュム,牝3,55.0,菅原明良,1:33.2,,12.1,4.0,428(0),[東] 鹿戸雄一,202506010609
2,8,16,ピコローズ,牝3,55.0,田辺裕信,1:33.4,1.1/2,31.7,7.0,436(+2),[東] 伊藤大士,202506010609
3,1,2,シホリーン,牝3,55.0,横山武史,1:33.5,クビ,1.4,1.0,454(+6),[東] 武井亮,202506010609
4,2,3,カリーン,牝3,55.0,大野拓弥,1:33.8,1.3/4,108.3,11.0,468(+6),[東] 蛯名正義,202506010609
5,2,4,キスアンドクライ,牝3,55.0,戸崎圭太,1:33.9,1,6.9,2.0,446(+4),[西] 橋口慎介,202506010609
6,3,5,ジョリーレーヌ,牝3,55.0,ルメール,1:33.9,クビ,7.2,3.0,442(+18),[東] 大竹正博,202506010609
7,4,8,ホリーアン,牝3,55.0,丸田恭介,1:34.1,1,147.4,12.0,422(-2),[東] 萱野浩二,202506010609
8,6,12,ニシノクードクール,牝3,55.0,武藤雅,1:34.3,1.1/4,269.4,15.0,454(+10),[東] 武藤善則,202506010609
9,4,7,フタイテンホイール,牝3,55.0,菊沢一樹,1:34.4,3/4,530.1,16.0,424(-4),[東] 佐藤吉勝,202506010609
10,3,6,テリオスルナ,牝3,55.0,三浦皇成,1:34.4,ハナ,244.5,14.0,400(-4),[東] 高柳瑞樹,202506010609
11,7,14,カポレイラ,牝3,55.0,津村明秀,1:34.5,クビ,71.4,9.0,448(+14),[東] 中舘英二,202506010609
12,7,13,ラヴァブル,牝3,55.0,荻野極,1:34.5,1/2,36.9,8.0,492(0),[西] 松下武士,202506010609
13,8,15,ショウナンラフィネ,牝3,55.0,斎藤新,1:34.6,クビ,196.8,13.0,410(+16),[西] 高野友和,202506010609
14,6,11,クレオズニードル,牝3,55.0,佐々木大,1:34.6,クビ,24.0,6.0,462(-2),[東] 和田勇介,202506010609
15,5,10,パーリーラスター,牝3,55.0,キング,1:34.7,アタマ,16.4,5.0,454(+22),[東] 池上昌和,202506010609
16,5,9,オーケースマイル,牝3,55.0,横山琉人,1:35.2,3.1/2,107.6,10.0,418(+2),[東] 相沢郁,202506010609
1,2,4,マーブルロック,牡5,56.0,三浦皇成,1:52.4,,4.7,2.0,514(+2),[西] 西園正都,202506010610
2,3,5,バンドマスター,牡5,57.0,横山武史,1:53.0,4,3.6,1.0,502(+4),[西] 茶木太樹,202506010610
3,6,11,ハッスルダンク,牡5,55.0,江田照男,1:53.1,1/2,34.6,11.0,454(0),[東] 中川公成,202506010610
4,1,2,ビップスコーピオン,牡5,56.0,戸崎圭太,1:53.1,クビ,8.3,5.0,466(+10),[東] 田島俊明,202506010610
5,3,6,ペンティメント,牡5,57.0,菅原明良,1:53.3,1,10.7,6.0,510(+2),[東] 嘉藤貴行,202506010610
6,6,12,オレデイイノカ,牡7,54.0,内田博幸,1:53.8,3,29.8,10.0,512(0),[東] 古賀慎明,202506010610
7,7,14,ロードマゼラン,セ6,56.0,横山和生,1:54.1,2,12.5,7.0,494(+8),[西] 奥村豊,202506010610
8,4,7,アスクビックスター,牡6,55.0,黛弘人,1:54.1,ハナ,6.3,3.0,482(+2),[西] 矢作芳人,202506010610
9,5,10,ストライク,牡5,57.0,石橋脩,1:54.1,ハナ,8.3,4.0,512(+10),[東] 加藤士津,202506010610
10,8,15,エスティメート,牡6,54.0,丸田恭介,1:54.1,ハナ,287.3,16.0,470(+2),[東] 大和田成,202506010610
11,2,3,メイショウミカワ,牡7,56.0,菊沢一樹,1:54.3,3/4,71.4,12.0,520(+18),[西] 千田輝彦,202506010610
12,8,16,イーサンバーニング,牡6,55.0,古川吉洋,1:54.5,1.1/2,105.2,13.0,496(-18),[西] 藤野健太,202506010610
13,1,1,ティアップリオン,牡7,54.0,荻野極,1:54.9,2.1/2,174.6,15.0,494(+8),[東] 奥平雅士,202506010610
14,5,9,サノノエスポ,牝5,53.0,佐々木大,1:55.0,クビ,22.3,9.0,476(+10),[東] 中舘英二,202506010610
15,4,8,ルドヴィクス,牡7,56.0,吉田豊,1:55.1,1/2,154.4,14.0,524(+8),[東] 久保田貴,202506010610
16,7,13,フランスゴデイナ,牡7,56.0,田辺裕信,1:56.7,10,21.2,8.0,500(+2),[西] 森秀行,202506010610
1,7,13,エイシンフェンサー,牝5,53.0,川又賢治,1:07.4,,41.2,11.0,476(0),[西] 吉村圭司,202506010611
2,3,6,バースクライ,牝5,54.0,キング,1:07.5,クビ,3.4,1.0,494(-4),[西] 千田輝彦,202506010611
3,3,5,ミッキーハーモニー,牝6,53.0,大野拓弥,1:07.7,1,12.9,6.0,468(+4),[東] 萩原清,202506010611
4,2,4,カンティーユ,牡7,57.0,菅原明良,1:07.7,クビ,5.4,3.0,502(+4),[東] 嘉藤貴行,202506010611
5,2,3,モリノドリーム,牝6,55.0,横山武史,1:07.7,クビ,13.5,7.0,494(+8),[東] 鹿戸雄一,202506010611
6,5,9,ジャスティンスカイ,牡6,57.5,戸崎圭太,1:07.8,1/2,12.0,5.0,536(-4),[西] 友道康夫,202506010611
7,5,10,ミルトクレイモー,牡5,55.0,丹内祐次,1:07.9,1,10.7,4.0,514(0),[西] 中村直也,202506010611
8,1,1,リバーラ,牝5,53.0,吉田豊,1:07.9,ハナ,211.7,16.0,448(-6),[東] 高柳瑞樹,202506010611
9,4,8,マスクオールウィン,牝4,54.0,木幡巧也,1:07.9,アタマ,45.7,12.0,502(0),[東] 牧光二,202506010611
10,1,2,メイクアスナッチ,牝5,53.0,石川裕紀,1:08.0,1/2,123.1,14.0,452(-4),[東] 武市康男,202506010611
11,6,11,ロードベイリーフ,牡8,54.0,原優介,1:08.2,3/4,131.4,15.0,498(+2),[西] 森田直行,202506010611
12,7,14,ナナオ,牝4,55.0,津村明秀,1:08.2,ハナ,4.0,2.0,432(-4),[西] 小栗実,202506010611
13,8,16,キミワクイーン,牝6,55.5,田辺裕信,1:08.4,1.1/4,32.5,10.0,462(+10),[東] 奥村武,202506010611
14,8,15,サウザンサニー,牡5,56.0,藤懸貴志,1:08.8,2.1/2,15.2,8.0,518(0),[東] 岩戸孝樹,202506010611
15,4,7,エエヤン,牡5,57.5,丸田恭介,1:08.9,1/2,31.6,9.0,496(+6),[東] 伊藤大士,202506010611
16,6,12,セットアップ,牡4,56.0,江田照男,1:08.9,クビ,96.0,13.0,498(+10),[東] 鹿戸雄一,202506010611
1,2,4,テリオスサラ,牝4,55.0,横山武史,1:59.6,,2.9,2.0,476(-4),[東] 高柳瑞樹,202506010612
2,4,7,パストラーレ,牡4,57.0,津村明秀,2:00.0,2.1/2,9.2,4.0,510(+10),[東] 武市康男,202506010612
3,2,3,トライデントスピア,牡4,57.0,ルメール,2:00.1,1/2,2.0,1.0,532(+12),[東] 田中博康,202506010612
4,8,16,ビップチェイス,牡4,57.0,丹内祐次,2:00.6,3,86.5,9.0,458(-8),[東] 田島俊明,202506010612
5,7,13,アンバーホーク,セ5,57.0,原優介,2:00.7,1/2,171.8,12.0,532(-2),[東] 蛯名正義,202506010612
6,5,9,タッチアンドムーブ,牡4,57.0,戸崎圭太,2:00.8,3/4,6.9,3.0,450(+8),[東] 栗田徹,202506010612
7,3,5,ツインクルステージ,牝4,55.0,菅原明良,2:00.9,クビ,70.0,8.0,498(0),[東] 高木登,202506010612
7,6,12,ビジューブリランテ,セ7,58.0,キング,2:00.9,同着,32.7,6.0,496(+4),[東] 武井亮,202506010612
9,1,1,スカパラダイス,牡5,58.0,木幡巧也,2:00.9,クビ,153.1,10.0,472(0),[東] 大和田成,202506010612
10,5,10,サーストンシカゴ,セ8,58.0,的場勇人,2:01.0,1/2,385.0,16.0,512(-2),[東] 的場均,202506010612
11,4,8,タルタロス,牡4,57.0,黛弘人,2:01.1,アタマ,18.7,5.0,452(-11),[東] 天間昭一,202506010612
12,6,11,オーサムユニバンス,牡4,57.0,藤懸貴志,2:01.1,クビ,300.5,14.0,428(-4),[西] 平田修,202506010612
13,3,6,バロックダンス,牝5,56.0,菊沢一樹,2:01.2,1/2,155.1,11.0,466(+4),[東] 小手川準,202506010612
14,1,2,ヘキレキイッセン,牡5,57.0,横山琉人,2:01.3,1/2,254.1,13.0,476(+1),[東] 天間昭一,202506010612
15,7,14,ネクストヒロイン,牝4,55.0,武藤雅,2:01.5,1.1/4,376.1,15.0,414(+2),[東] 戸田博文,202506010612
16,8,15,エリカリーシャン,牝4,55.0,三浦皇成,2:01.6,1/2,32.7,7.0,474(+4),[東] 国枝栄,202506010612
1,8,16,スターランウェイ,牝3,55.0,斎藤新,1:12.1,,1.9,1.0,442(+2),[東] 斎藤誠,202506010701
2,1,1,ゴールドハンマー,牝3,55.0,横山典弘,1:12.6,3,55.1,8.0,482(0),[東] 村田一誠,202506010701
3,3,5,パラサイコロジー,牝3,55.0,戸崎圭太,1:12.7,1/2,3.8,2.0,466(-2),[東] 新開幸一,202506010701
4,6,11,ロッキンミー,牝3,52.0,佐藤翔馬,1:12.9,1,44.0,7.0,434(-2),[東] 杉浦宏昭,202506010701
5,2,4,ダノンリュラ,牝3,55.0,田辺裕信,1:13.0,3/4,6.3,3.0,448(0),[東] 菊沢隆徳,202506010701
6,4,7,ロッカバイベイビー,牝3,53.0,小林脩斗,1:13.5,3,90.6,10.0,446(-16),[東] 伊藤圭三,202506010701
7,7,13,サツキレジーナ,牝3,55.0,小林凌大,1:13.7,1,20.5,5.0,426(+2),[東] 石栗龍彦,202506010701
8,2,3,マンゲタック,牝3,55.0,北村宏司,1:14.0,2,81.6,9.0,454(+10),[東] 古賀慎明,202506010701
9,5,9,モリオン,牝3,52.0,石田拓郎,1:14.1,クビ,292.1,15.0,416(0),[東] 尾形和幸,202506010701
10,8,15,バースフラワー,牝3,55.0,三浦皇成,1:14.2,1,33.5,6.0,434(-2),[東] 小手川準,202506010701
11,1,2,ラヴィーズドリーム,牝3,55.0,松岡正海,1:14.6,2,214.5,14.0,442(-2),[東] 伊藤伸一,202506010701
12,6,12,イクアンロー,牝3,55.0,岩部純二,1:14.7,1/2,548.6,16.0,424(+2),[東] 加藤征弘,202506010701
13,5,10,ラインアルテミス,牝3,52.0,長浜鴻緒,1:14.7,ハナ,117.2,12.0,536(+22),[東] 武藤善則,202506010701
14,7,14,ベルトネ,牝3,55.0,木幡巧也,1:14.8,1/2,7.3,4.0,494(-2),[東] 牧光二,202506010701
15,3,6,チュンビーム,牝3,51.0,小林美駒,1:14.9,1/2,93.1,11.0,448(-8),[東] 深山雅史,202506010701
16,4,8,スプリット,牝3,55.0,横山和生,1:14.9,クビ,166.5,13.0,436(0),[東] 小西一男,202506010701
1,7,14,ロンパイア,牡3,57.0,戸崎圭太,1:56.3,,1.3,1.0,474(0),[東] 尾関知人,202506010702
2,8,16,オキョンピー,牡3,57.0,佐々木大,1:56.3,アタマ,6.3,2.0,440(+4),[東] 高柳瑞樹,202506010702
3,4,8,ライズトゥザトップ,牝3,55.0,木幡巧也,1:57.6,8,7.9,3.0,490(+2),[東] 牧光二,202506010702
4,6,11,オブシディアーナ,牝3,55.0,菅原明良,1:58.2,3.1/2,17.1,4.0,472(+2),[東] 国枝栄,202506010702
5,6,12,セラード,牝3,52.0,石田拓郎,1:58.6,2.1/2,297.2,14.0,438(-2),[東] 佐藤吉勝,202506010702
6,5,9,フォアファン,セ3,57.0,原田和真,1:58.7,1/2,305.1,15.0,496(-4),[東] 松山将樹,202506010702
7,1,1,レヴァントリ,牡3,57.0,丹内祐次,1:58.8,1/2,22.7,6.0,480(-8),[東] 大和田成,202506010702
8,8,15,レインボーギフト,牡3,54.0,長浜鴻緒,1:58.8,アタマ,96.5,12.0,468(-4),[東] 根本康広,202506010702
9,2,4,ユガフ,牡3,57.0,柴田大知,1:59.2,2,285.4,13.0,486(-16),[東] 和田雄二,202506010702
10,1,2,トラストモアリズム,牝3,55.0,荻野極,1:59.4,1.1/4,19.8,5.0,420(-10),[東] 高橋文雅,202506010702
11,7,13,アミラジオネ,牝3,55.0,江田照男,1:59.6,1.1/2,65.3,9.0,470(0),[東] 西田雄一,202506010702
12,5,10,ネバーランドリーム,牝3,51.0,小林美駒,2:00.8,7,51.7,7.0,418(0),[東] 尾形和幸,202506010702
13,3,5,チャールズテソーロ,牡3,56.0,横山琉人,2:01.3,3,89.7,11.0,452(+2),[東] 武市康男,202506010702
14,2,3,コンストラクション,牡3,54.0,石神深道,2:01.7,2.1/2,89.4,10.0,462(0),[東] 和田正一,202506010702
15,4,7,ジーティーブライト,牡3,57.0,丸田恭介,2:02.1,2.1/2,57.9,8.0,488(+8),[東] 宗像義忠,202506010702
16,3,6,コスモインディ,牡3,57.0,野中悠太,2:04.0,大,310.2,16.0,420(+4),[東] 武市康男,202506010702
1,5,10,チンプンカンプン,牡3,57.0,柴田大知,1:57.7,,3.8,1.0,472(-6),[東] 奥平雅士,202506010703
2,6,12,キタノブレイク,牡3,57.0,丹内祐次,1:57.8,1/2,4.6,3.0,478(0),[東] 本間忍,202506010703
3,4,7,ダブルメッセージ,牡3,54.0,石神深道,1:57.9,3/4,43.4,12.0,478(+4),[東] 和田正一,202506010703
4,7,14,ノメンターノ,牝3,55.0,野中悠太,1:58.1,1.1/4,18.1,7.0,434(-4),[東] 武市康男,202506010703
5,3,5,パワーオブドリーム,牡3,57.0,石川裕紀,1:58.2,1/2,15.2,6.0,482(0),[東] 上原佑紀,202506010703
6,7,13,ラブリールチア,牝3,55.0,荻野極,1:58.3,クビ,7.6,4.0,522(+2),[東] 高橋文雅,202506010703
7,1,2,ブランディストック,牡3,57.0,キング,1:58.6,1.3/4,4.5,2.0,492(+10),[東] 辻哲英,202506010703
8,8,16,ナックシュバリエ,牡3,57.0,大野拓弥,1:58.8,1.1/4,28.3,8.0,496(+8),[東] 杉浦宏昭,202506010703
9,2,3,シバノストムキット,牡3,54.0,佐藤翔馬,1:59.0,1.1/4,214.0,16.0,476(+10),[東] 大和田成,202506010703
10,8,15,トーセンビギン,牡3,57.0,内田博幸,1:59.1,1,164.5,15.0,468(+2),[東] 田村康仁,202506010703
11,2,4,ガイ,牡3,57.0,菅原明良,1:59.6,2.1/2,58.2,14.0,462(-6),[東] 高木登,202506010703
12,3,6,バブルギャラクシー,牡3,57.0,菊沢一樹,1:59.6,クビ,33.6,11.0,464(-4),[東] 清水英克,202506010703
13,1,1,アルデツヨシ,セ3,57.0,江田照男,1:59.9,2,56.0,13.0,480(0),[東] 田中剛,202506010703
14,5,9,ラブリーウィザード,牝3,52.0,長浜鴻緒,2:00.1,1.1/4,31.1,9.0,444(-2),[東] 小笠倫弘,202506010703
15,4,8,フィンガーダンシン,牡3,56.0,原優介,2:01.2,7,31.3,10.0,506(0),[東] 萱野浩二,202506010703
16,6,11,マジックスクロール,牡3,57.0,丸田恭介,2:01.7,3,9.7,5.0,456(-4),[東] 石毛善彦,202506010703
1,3,6,ホウオウショコラ,牝3,55.0,佐々木大,1:36.1,,6.1,3.0,482(0),[東] 大竹正博,202506010705
2,4,7,インヴォーグ,牝3,55.0,田辺裕信,1:36.4,1.3/4,2.0,1.0,482(0),[西] 福永祐一,202506010705
3,4,8,ヴィヴィッドムーン,牝3,55.0,嶋田純次,1:36.7,1.3/4,43.9,10.0,502(0),[東] 古賀慎明,202506010705
4,1,1,ルルファーレ,牝3,55.0,杉原誠人,1:36.8,1,38.7,9.0,432(0),[東] 菊沢隆徳,202506010705
5,7,13,テルケンユミカグラ,牝3,54.0,横山琉人,1:37.0,1,208.3,15.0,470(0),[東] 矢嶋大樹,202506010705
6,6,12,エミネントキャリア,牝3,55.0,内田博幸,1:37.4,2.1/2,44.9,11.0,448(0),[東] 稲垣幸雄,202506010705
7,8,16,ホウオウハナビ,牝3,55.0,丸田恭介,1:37.4,クビ,5.0,2.0,486(0),[東] 奥村武,202506010705
8,8,15,イーブンベター,牝3,55.0,三浦皇成,1:37.6,3/4,32.6,7.0,444(0),[西] 牧浦充徳,202506010705
9,7,14,マオノクラッシュ,牝3,52.0,長浜鴻緒,1:37.6,クビ,37.6,8.0,494(0),[東] 黒岩陽一,202506010705
10,5,10,ゼットダイヤ,牡3,57.0,秋山稔樹,1:37.7,1/2,28.1,6.0,516(0),[西] 宮徹,202506010705
11,1,2,ジェバーダ,牝3,55.0,北村宏司,1:37.7,ハナ,8.1,4.0,492(0),[西] 松下武士,202506010705
12,3,5,スタークルージング,牝3,55.0,木幡育也,1:38.1,2.1/2,13.7,5.0,448(0),[西] 小椋研介,202506010705
13,2,3,ブトラゲーニョ,牡3,57.0,菅原隆一,1:38.3,1.1/2,224.2,16.0,496(0),[東] 小手川準,202506010705
14,5,9,ケルティックハーツ,牡3,57.0,大野拓弥,1:39.0,4,92.2,13.0,496(0),[東] 杉浦宏昭,202506010705
15,6,11,グランダイト,牡3,56.0,原優介,1:39.6,3.1/2,71.5,12.0,510(0),[東] 奥村武,202506010705
16,2,4,ウインソラネル,牡3,57.0,松岡正海,1:39.7,クビ,102.7,14.0,460(0),[東] 鈴木慎太,202506010705
1,5,9,エコロアゼル,牡3,57.0,戸崎圭太,1:11.7,,3.8,2.0,520(0),[西] 森秀行,202506010706
2,2,3,ヤマメキング,牡3,57.0,菅原明良,1:11.8,1/2,33.0,8.0,496(+6),[東] 田島俊明,202506010706
3,5,10,イマージョン,牡3,57.0,斎藤新,1:12.0,1.1/4,6.5,3.0,504(-4),[西] 高野友和,202506010706
4,6,11,ルークススペイ,牡3,57.0,佐々木大,1:12.4,2,18.5,6.0,480(+2),[東] 伊藤圭三,202506010706
5,8,15,フリッカージャブ,牡3,57.0,三浦皇成,1:12.8,2.1/2,2.1,1.0,474(+6),[西] 西園翔太,202506010706
6,4,7,オカメノコイ,牝3,52.0,長浜鴻緒,1:13.3,2.1/2,122.9,9.0,454(+2),[東] 小笠倫弘,202506010706
7,1,2,フィリップバローズ,牡3,57.0,キング,1:13.3,クビ,6.8,4.0,458(+2),[東] 森一誠,202506010706
8,7,14,ブリッツアロング,牡3,57.0,丸山元気,1:13.4,1/2,13.4,5.0,498(+6),[東] 上原博之,202506010706
9,4,8,エーデルムート,牝3,54.0,原優介,1:13.6,1.1/2,471.1,12.0,452(0),[東] 矢野英一,202506010706
10,7,13,テントウムシサンバ,牝3,55.0,小林凌大,1:13.8,3/4,672.2,14.0,486(-8),[東] 石栗龍彦,202506010706
11,2,4,マーゴットオービス,牡3,57.0,荻野極,1:13.9,3/4,768.2,16.0,472(-6),[東] 伊坂重信,202506010706
12,3,6,ドリフトウッド,牡3,55.0,小林脩斗,1:14.3,2.1/2,676.5,15.0,446(0),[東] 南田美知,202506010706
13,6,12,アリオーンスマイル,牡3,57.0,木幡巧也,1:14.3,クビ,204.3,10.0,448(+2),[東] 土田稔,202506010706
14,1,1,バニーラビット,牡3,57.0,ルメール,1:15.1,5,20.9,7.0,488(-4),[西] 武幸四郎,202506010706
15,8,16,ポミチョッタ,牡3,57.0,丸田恭介,1:15.5,2,475.1,13.0,534(-6),[東] 萱野浩二,202506010706
16,3,5,コックリサン,牝3,51.0,小林美駒,1:16.0,2.1/2,373.3,11.0,414(0),[東] 深山雅史,202506010706
1,8,12,ソレルビュレット,牡4,57.0,ルメール,1:54.5,,1.3,1.0,522(0),[東] 宮田敬介,202506010707
2,5,6,オウケンシルヴァー,牡4,57.0,木幡育也,1:54.7,1.1/4,27.2,7.0,496(-4),[東] 松永康利,202506010707
3,7,11,イデアイゴッソウ,牡4,57.0,原田和真,1:54.7,アタマ,17.6,5.0,464(-7),[東] 小野次郎,202506010707
4,2,2,プレジール,牡4,57.0,横山和生,1:54.8,3/4,20.6,6.0,482(0),[東] 嘉藤貴行,202506010707
5,4,4,モーメントキャッチ,牡5,58.0,大野拓弥,1:55.2,2,6.2,2.0,534(+8),[東] 松山将樹,202506010707
6,6,8,ザロック,セ4,54.0,石神深道,1:55.4,1.1/2,14.4,3.0,486(0),[東] 武井亮,202506010707
7,5,7,コレクテイニア,牡5,58.0,吉田豊,1:55.9,3,28.2,8.0,474(+6),[東] 戸田博文,202506010707
8,3,3,アイウィル,牡4,57.0,菅原明良,1:56.2,1.1/2,15.6,4.0,516(-2),[東] 高木登,202506010707
9,7,10,ゴットリープ,牡5,58.0,杉原誠人,1:57.0,5,467.0,13.0,470(+4),[東] 栗田徹,202506010707
10,6,9,ミルトパワー,牡4,56.0,原優介,1:57.1,1/2,280.3,12.0,510(-8),[東] 武市康男,202506010707
11,4,5,ジャンビ,牝4,55.0,菊沢一樹,1:57.1,クビ,169.5,11.0,450(+6),[東] 勢司和浩,202506010707
12,1,1,サンカルミア,牡4,57.0,佐々木大,1:57.6,3,43.9,9.0,478(+2),[東] 伊坂重信,202506010707
13,8,13,マーゴットミニモ,牝5,56.0,荻野極,1:59.5,大,78.1,10.0,482(-6),[東] 伊坂重信,202506010707
1,7,11,キュクヌス,牝4,55.0,戸崎圭太,1:48.3,,7.4,4.0,452(-4),[西] 池江泰寿,202506010708
2,3,4,ガールズレジェンド,牝5,56.0,佐々木大,1:48.5,1.1/4,5.3,2.0,464(0),[東] 上原佑紀,202506010708
3,2,2,マイネルブリックス,牡4,57.0,丹内祐次,1:48.5,ハナ,9.1,6.0,466(+8),[東] 黒岩陽一,202506010708
4,6,9,テイデ,セ7,58.0,キング,1:48.8,2,7.3,3.0,476(+12),[東] 堀宣行,202506010708
5,4,5,ウインアクトゥール,牡4,57.0,横山和生,1:48.8,アタマ,35.6,12.0,436(-6),[東] 栗田徹,202506010708
6,3,3,アヴニールドブリエ,牡5,58.0,荻野極,1:49.0,1.1/4,16.7,7.0,514(+8),[東] 宮田敬介,202506010708
7,4,6,タイキラフター,牡5,58.0,菅原明良,1:49.1,クビ,3.3,1.0,528(-6),[東] 大竹正博,202506010708
8,5,7,スパークリシャール,セ4,57.0,横山典弘,1:49.1,アタマ,7.4,5.0,476(+12),[東] 小島茂之,202506010708
9,6,10,ケイケイ,セ4,57.0,大野拓弥,1:49.1,クビ,32.6,11.0,476(+8),[東] 杉浦宏昭,202506010708
10,1,1,タイセイミッション,牡4,55.0,小林脩斗,1:49.2,3/4,92.5,13.0,528(+4),[東] 伊藤圭三,202506010708
11,5,8,デファイ,牝4,55.0,斎藤新,1:49.4,1.1/4,20.0,8.0,460(+6),[東] 斎藤誠,202506010708
12,8,13,キョウエイブリッサ,牡5,57.0,原優介,1:49.5,アタマ,29.4,9.0,488(+22),[東] 武市康男,202506010708
13,8,14,コスモスプモーニ,牡5,58.0,野中悠太,1:50.0,3,32.5,10.0,494(+4),[東] 松山将樹,202506010708
14,7,12,マイネルビジョン,牡5,58.0,杉原誠人,1:50.1,1/2,238.4,14.0,468(+2),[東] 高木登,202506010708
1,1,1,タシット,牡6,58.0,横山和生,1:32.8,,4.2,2.0,470(+2),[東] 中川公成,202506010709
2,5,5,フロムダスク,牡5,58.0,戸崎圭太,1:33.4,3.1/2,62.6,9.0,510(-4),[西] 森秀行,202506010709
3,6,8,アルセナール,牝4,55.0,ルメール,1:33.4,クビ,8.1,5.0,464(+14),[東] 木村哲也,202506010709
4,8,12,ポルカリズム,牝5,56.0,三浦皇成,1:33.4,ハナ,10.3,6.0,490(+12),[西] 中内田充,202506010709
5,5,6,ワンダイレクト,牡5,58.0,藤岡佑介,1:33.4,ハナ,6.1,4.0,454(+4),[西] 藤岡健一,202506010709
6,3,3,ラズベリームース,牝6,56.0,津村明秀,1:33.4,ハナ,5.4,3.0,516(+2),[東] 林徹,202506010709
7,7,9,ニシノライコウ,牡5,58.0,菅原明良,1:33.9,3,15.2,7.0,500(+12),[東] 古賀慎明,202506010709
8,4,4,ウエストナウ,牡4,57.0,横山典弘,1:33.9,ハナ,3.1,1.0,470(-18),[西] 佐々木晶,202506010709
9,8,11,ブランデーロック,牡6,58.0,原優介,1:34.2,2,48.8,8.0,490(0),[東] 青木孝文,202506010709
10,6,7,アレンジャー,牡4,57.0,田辺裕信,1:34.3,1/2,182.5,12.0,466(+2),[西] 昆貢,202506010709
11,7,10,センタースリール,牝6,56.0,木幡巧也,1:34.4,1/2,144.9,11.0,486(+10),[東] 本間忍,202506010709
12,2,2,ショウナンラスボス,牡7,58.0,石川裕紀,1:34.8,2.1/2,94.2,10.0,478(+8),[東] 奥村武,202506010709
1,6,12,ジャスパーゴールド,セ7,57.0,横山和生,1:10.2,,195.1,14.0,472(+20),[西] 森秀行,202506010710
2,8,16,スターターン,牡4,57.0,戸崎圭太,1:10.3,1/2,2.3,1.0,502(-6),[西] 坂口智康,202506010710
3,4,7,ロードアウォード,セ5,57.0,ルメール,1:10.5,1.1/2,7.1,3.0,472(-6),[西] 吉岡辰弥,202506010710
4,1,2,エーティーマクフィ,牡6,57.0,藤岡佑介,1:10.7,1,15.9,5.0,486(0),[西] 武英智,202506010710
5,8,15,ジュンウィンダム,牝5,55.0,三浦皇成,1:10.8,1/2,21.5,7.0,516(+14),[西] 浜田多実,202506010710
6,5,10,タガノクリステル,牝6,56.0,津村明秀,1:10.8,アタマ,48.9,10.0,492(+6),[西] 長谷川浩,202506010710
7,5,9,メタマックス,牡5,58.0,菅原明良,1:10.8,ハナ,8.6,4.0,532(0),[西] 森秀行,202506010710
8,6,11,ケイアイアニラ,牡5,57.0,キング,1:10.9,1/2,3.3,2.0,540(+2),[西] 吉岡辰弥,202506010710
9,1,1,フルム,牡6,58.0,水口優也,1:11.1,3/4,20.5,6.0,492(0),[西] 浜田多実,202506010710
10,2,4,メイショウミツヤス,牡7,57.0,木幡巧也,1:11.1,アタマ,368.7,16.0,520(0),[西] 木原一良,202506010710
11,7,13,コパノニコルソン,牡6,57.0,秋山稔樹,1:11.1,アタマ,141.3,12.0,530(-4),[西] 宮徹,202506010710
12,2,3,ゼットレヨン,牡6,57.0,丹内祐次,1:11.4,1.1/2,199.2,15.0,486(-12),[西] 吉田直弘,202506010710
13,7,14,タイセイブレイズ,牡7,57.0,内田博幸,1:11.5,1/2,46.2,9.0,478(+4),[西] 牧浦充徳,202506010710
14,4,8,ハコダテブショウ,牡7,58.0,石川裕紀,1:11.6,1/2,70.4,11.0,504(-2),[東] 相沢郁,202506010710
15,3,6,コパノパサディナ,牡5,57.0,斎藤新,1:11.6,クビ,183.8,13.0,524(0),[西] 村山明,202506010710
16,3,5,サーマルウインド,牝6,56.0,北村宏司,1:14.4,大,27.1,8.0,520(-2),[東] 奥村武,202506010710
1,2,2,ニシノエージェント,牡3,57.0,津村明秀,1:59.9,,49.4,11.0,472(+2),[東] 千葉直人,202506010711
2,7,12,ドラゴンブースト,牡3,57.0,丹内祐次,2:00.0,クビ,17.3,7.0,470(-2),[西] 藤野健太,202506010711
3,3,3,ミニトランザット,牡3,57.0,田辺裕信,2:00.0,1/2,29.6,9.0,468(+4),[西] 杉山佳明,202506010711
4,6,9,キングノジョー,牡3,57.0,ルメール,2:00.1,1/2,3.1,1.0,448(+4),[東] 田中博康,202506010711
5,8,14,パーティハーン,牡3,57.0,戸崎圭太,2:00.4,1.3/4,3.7,2.0,476(+4),[西] 友道康夫,202506010711
6,7,11,マテンロウムーブ,牡3,57.0,横山典弘,2:00.6,1,14.2,5.0,504(+12),[西] 松永幹夫,202506010711
7,6,10,シマサンブラック,牡3,57.0,佐々木大,2:00.6,アタマ,132.5,14.0,482(+18),[東] 蛯名正義,202506010711
8,4,6,センツブラッド,牡3,57.0,キング,2:00.7,3/4,19.9,8.0,458(-2),[西] 斉藤崇史,202506010711
9,8,13,パッションリッチ,牡3,57.0,菅原明良,2:00.8,アタマ,67.6,12.0,478(+6),[東] 久保田貴,202506010711
10,5,8,ゲルチュタール,牡3,57.0,三浦皇成,2:01.9,7,5.3,3.0,534(+14),[西] 杉山晴紀,202506010711
11,5,7,コスモストーム,牡3,57.0,秋山稔樹,2:02.3,2.1/2,77.8,13.0,502(+4),[西] 北出成人,202506010711
12,3,4,インターポーザー,牡3,57.0,斎藤新,2:02.7,2.1/2,38.1,10.0,500(+14),[西] 高野友和,202506010711
13,1,1,タイセイリコルド,牡3,57.0,石橋脩,2:03.0,1.1/2,15.0,6.0,486(+16),[西] 小栗実,202506010711
14,4,5,ガルダイア,牡3,57.0,杉原誠人,2:03.0,ハナ,8.6,4.0,482(+12),[東] 国枝栄,202506010711
1,2,3,ショウナンマリーナ,牝3,55.0,戸崎圭太,1:35.7,,4.3,2.0,428(+4),[東] 森一誠,202506010712
2,6,11,ガンビーチ,牝3,55.0,岩部純二,1:35.7,ハナ,63.7,11.0,458(+4),[東] 加藤征弘,202506010712
3,3,6,ウインイザナミ,牝3,55.0,丹内祐次,1:35.7,アタマ,5.9,4.0,488(+4),[東] 上原博之,202506010712
4,6,12,フューチャーファン,牝3,55.0,石川裕紀,1:35.7,アタマ,9.1,5.0,450(0),[東] 国枝栄,202506010712
5,3,5,アデニウム,牝3,55.0,丸山元気,1:35.8,1/2,16.2,7.0,416(-6),[東] 田島俊明,202506010712
6,1,1,ウインキララ,牝3,55.0,三浦皇成,1:35.8,クビ,5.4,3.0,446(+2),[東] 鹿戸雄一,202506010712
7,4,7,チャンキーバングル,牝3,55.0,横山和生,1:36.0,1.1/4,27.2,8.0,432(0),[東] 萩原清,202506010712
8,4,8,クオレプリマドンナ,牝3,55.0,杉原誠人,1:36.1,3/4,133.9,14.0,458(+6),[東] 和田正一,202506010712
9,5,10,ステラマテュティナ,牝3,55.0,内田博幸,1:36.2,クビ,29.1,9.0,446(+18),[東] 高柳瑞樹,202506010712
10,1,2,ママアリガトー,牝3,53.0,小林脩斗,1:36.2,クビ,111.9,13.0,424(0),[東] 石栗龍彦,202506010712
11,5,9,ライネリーベ,牝3,55.0,ルメール,1:36.4,1,4.1,1.0,416(-6),[東] 木村哲也,202506010712
12,7,13,メルヘンライズ,牝3,55.0,菅原明良,1:36.5,1,9.9,6.0,464(-4),[東] 辻哲英,202506010712
13,8,15,マジョレル,牝3,54.0,原優介,1:37.6,7,198.0,16.0,418(0),[東] 黒岩陽一,202506010712
14,2,4,レナーテテソーロ,牝3,55.0,木幡巧也,1:37.7,3/4,178.9,15.0,370(0),[東] 牧光二,202506010712
15,8,16,バレドラパン,牝3,55.0,津村明秀,1:37.7,アタマ,79.0,12.0,450(+8),[東] 奥村武,202506010712
16,7,14,セイムトゥーユー,牝3,55.0,斎藤新,1:38.4,4,31.9,10.0,468(-2),[東] 斎藤誠,202506010712
1,1,2,テルユアワールド,牝3,55.0,キング,1:12.1,,4.6,2.0,450(+14),[東] 斎藤誠,202506010801
2,2,3,ミニョンマルーン,牝3,52.0,長浜鴻緒,1:12.4,2,4.6,3.0,460(-4),[東] 伊藤圭三,202506010801
3,4,7,リクエイ,牝3,55.0,戸崎圭太,1:12.9,3,2.4,1.0,414(-6),[東] 竹内正洋,202506010801
4,2,4,アイアンオバーカム,牝3,55.0,柴田大知,1:13.1,1.1/4,72.8,9.0,458(-2),[東] 南田美知,202506010801
5,7,14,セイウンユズカ,牝3,55.0,田辺裕信,1:13.7,3.1/2,77.5,11.0,454(0),[東] 村田一誠,202506010801
6,5,10,ルシェロアズーリ,牝3,55.0,北村宏司,1:13.8,3/4,36.5,7.0,442(+2),[東] 鈴木伸尋,202506010801
7,5,9,ハイエンドモデル,牝3,55.0,武藤雅,1:14.1,1.3/4,5.4,4.0,436(0),[東] 武藤善則,202506010801
8,8,16,マニーシーン,牝3,52.0,佐藤翔馬,1:14.2,3/4,49.8,8.0,466(0),[東] 小手川準,202506010801
9,3,5,コウバイ,牝3,55.0,丸田恭介,1:14.3,クビ,358.3,15.0,426(-4),[東] 宗像義忠,202506010801
10,6,11,ワイドレッド,牝3,55.0,木幡巧也,1:14.3,アタマ,88.2,13.0,440(+2),[東] 武井亮,202506010801
11,1,1,グレートセンス,牝3,54.0,横山琉人,1:14.3,クビ,86.2,12.0,490(-2),[東] 相沢郁,202506010801
12,4,8,ユリヤテソーロ,牝3,55.0,菅原明良,1:14.4,クビ,125.0,14.0,444(-8),[東] 嘉藤貴行,202506010801
13,7,13,エマリオンレイ,牝3,54.0,原優介,1:14.6,1.1/2,13.8,5.0,456(+18),[東] 青木孝文,202506010801
14,3,6,トレジャーハウス,牝3,55.0,松岡正海,1:15.1,3,77.3,10.0,386(0),[東] 田中剛,202506010801
15,8,15,カパラミプ,牝3,55.0,岩部純二,1:15.1,クビ,566.8,16.0,424(+16),[東] 蛯名利弘,202506010801
16,6,12,ウィステリアベル,牝3,55.0,江田照男,1:15.3,1.1/4,22.9,6.0,434(0),[東] 蛯名正義,202506010801
1,8,16,チュウワクリスエス,牡3,57.0,原田和真,1:55.8,,2.9,2.0,480(+2),[東] 栗田徹,202506010802
2,7,14,ハルノアラシ,牡3,57.0,石川裕紀,1:56.2,2.1/2,2.6,1.0,512(0),[東] 相沢郁,202506010802
3,3,5,オオタチ,牡3,57.0,野中悠太,1:56.8,3.1/2,5.4,4.0,454(-2),[東] 久保田貴,202506010802
4,8,15,プロフェータ,牡3,57.0,キング,1:56.8,クビ,4.4,3.0,466(-4),[東] 斎藤誠,202506010802
5,4,7,ノーブルプライム,牡3,54.0,土田真翔,1:57.9,7,44.2,5.0,468(0),[東] 田村康仁,202506010802
6,5,10,スマートクオーレ,牡3,57.0,木幡初也,1:58.4,3,47.7,6.0,486(-6),[東] 粕谷昌央,202506010802
7,6,11,ナックエルドラド,牡3,57.0,吉田豊,1:58.5,1/2,84.0,8.0,494(0),[東] 小野次郎,202506010802
8,6,12,ノアファースト,牡3,57.0,武藤雅,1:59.1,3.1/2,224.2,12.0,460(+6),[東] 小笠倫弘,202506010802
9,1,2,チャールズテソーロ,牡3,57.0,木幡巧也,1:59.5,2.1/2,231.0,13.0,452(0),[東] 武市康男,202506010802
10,5,9,アタックスリー,牡3,57.0,柴田大知,1:59.5,アタマ,285.5,16.0,442(-14),[東] 和田雄二,202506010802
11,4,8,ゲンキイッパイ,牡3,54.0,長浜鴻緒,2:00.2,4,142.5,11.0,504(-2),[東] 石栗龍彦,202506010802
12,3,6,ライジングハース,牡3,57.0,大野拓弥,2:00.4,3/4,121.9,10.0,518(-4),[東] 松山将樹,202506010802
13,1,1,コガクボウ,牡3,56.0,横山琉人,2:00.6,1.1/4,270.6,15.0,472(-2),[東] 金成貴史,202506010802
14,7,13,フィンガーダンシン,牡3,56.0,原優介,2:00.8,3/4,257.4,14.0,498(-8),[東] 萱野浩二,202506010802
15,2,4,アドラマリク,牡3,57.0,菅原明良,2:02.6,大,57.7,7.0,486(+10),[東] 稲垣幸雄,202506010802
中,2,3,ホファヴァルト,牡3,54.0,石神深道,,,94.0,9.0,464(-2),[東] 武市康男,202506010802
1,1,2,ポップグルーヴ,牝3,52.0,佐藤翔馬,1:13.0,,36.6,8.0,402(+2),[東] 小手川準,202506010803
2,6,11,ナインオブレター,牡3,57.0,吉田豊,1:13.2,1,4.5,2.0,452(+4),[東] 高橋文雅,202506010803
3,7,13,ジョイナーテソーロ,牝3,55.0,戸崎圭太,1:13.2,アタマ,4.6,3.0,436(-2),[東] 畠山吉宏,202506010803
4,2,4,レイオーバー,牡3,57.0,内田博幸,1:13.2,ハナ,2.8,1.0,468(0),[東] 本間忍,202506010803
5,4,7,サブアトミック,牝3,52.0,長浜鴻緒,1:13.2,アタマ,10.3,5.0,460(-2),[東] 伊藤圭三,202506010803
6,3,5,コンパクトファイト,牡3,54.0,石神深道,1:13.3,1/2,18.4,7.0,430(+8),[東] 天間昭一,202506010803
7,8,16,トキメキジニア,牝3,55.0,丸田恭介,1:13.5,1.1/2,57.9,9.0,468(+4),[東] 佐藤吉勝,202506010803
8,8,15,フジルバーブ,牝3,55.0,松岡正海,1:13.9,2.1/2,64.6,10.0,466(-6),[東] 西田雄一,202506010803
9,3,6,サマーブライド,牝3,55.0,石橋脩,1:14.0,1/2,166.9,13.0,452(+4),[東] 的場均,202506010803
10,4,8,カービスベイ,牡3,57.0,江田照男,1:14.1,クビ,123.4,11.0,510(-2),[東] 武藤善則,202506010803
11,5,10,ニシノヒルブライト,牝3,55.0,田辺裕信,1:14.1,ハナ,18.0,6.0,462(-6),[東] 稲垣幸雄,202506010803
12,1,1,エリュテイア,牝3,55.0,三浦皇成,1:14.3,1.1/4,5.9,4.0,476(0),[東] 深山雅史,202506010803
13,2,3,フューチャステップ,牝3,54.0,原優介,1:14.8,3,129.5,12.0,484(0),[東] 青木孝文,202506010803
14,5,9,ジーティーウララ,牝3,55.0,野中悠太,1:15.2,2.1/2,300.7,15.0,436(+6),[東] 伊藤伸一,202506010803
15,7,14,ジェイエルケープ,牝3,55.0,小林凌大,1:15.4,1,424.2,16.0,392(-20),[東] 小西一男,202506010803
16,6,12,ヒロノビックバン,牡3,57.0,柴田大知,1:15.5,1/2,224.9,14.0,426(+40),[東] 蛯名利弘,202506010803
1,8,15,パーソナルアフェア,牝3,55.0,横山和生,1:58.7,,3.1,1.0,442(0),[東] 和田勇介,202506010804
2,5,10,ハッピードリーム,牝3,55.0,菅原明良,1:58.8,クビ,4.5,2.0,504(0),[西] 石坂公一,202506010804
3,7,13,トウテイラン,牝3,55.0,丸田恭介,1:59.2,2.1/2,37.2,11.0,468(0),[東] 宗像義忠,202506010804
4,5,9,ブルームワルツ,牝3,55.0,田辺裕信,1:59.2,クビ,37.8,12.0,426(0),[東] 稲垣幸雄,202506010804
5,4,7,ビートウマザンマイ,牝3,54.0,原優介,1:59.6,2,26.8,9.0,424(0),[東] 和田勇介,202506010804
6,2,4,パイシャオピン,牝3,54.0,横山琉人,1:59.6,クビ,9.8,4.0,466(0),[東] 鈴木伸尋,202506010804
7,3,6,アウフヴィント,牝3,55.0,武藤雅,2:00.5,5,18.1,7.0,510(0),[東] 戸田博文,202506010804
8,6,12,メイショウオハコ,牝3,55.0,江田照男,2:00.7,1,19.5,8.0,432(0),[西] 高橋亮,202506010804
9,7,14,メイショウナナカゼ,牝3,52.0,長浜鴻緒,2:00.8,3/4,28.7,10.0,424(0),[東] 和田勇介,202506010804
10,4,8,ノースカトレア,牝3,55.0,大野拓弥,2:01.0,3/4,10.0,5.0,500(0),[東] 和田勇介,202506010804
11,3,5,ナムラローラ,牝3,55.0,川須栄彦,2:01.7,4,6.4,3.0,484(0),[西] 河嶋宏樹,202506010804
12,1,1,ウィズマイマミー,牝3,52.0,石神深道,2:02.3,3.1/2,94.2,15.0,432(0),[東] 田村康仁,202506010804
13,6,11,ヨチヨチモンスター,牝3,55.0,三浦皇成,2:03.9,10,13.7,6.0,492(0),[東] 伊藤圭三,202506010804
14,8,16,アルバーチョ,牝3,55.0,野中悠太,2:04.9,6,45.7,13.0,450(0),[東] 田村康仁,202506010804
15,1,2,リザンテラ,牝3,55.0,木幡初也,2:05.1,1.1/2,59.3,14.0,484(0),[東] 竹内正洋,202506010804
16,2,3,エメラルハッピー,牝3,52.0,佐藤翔馬,2:07.3,大,157.2,16.0,470(0),[東] 勢司和浩,202506010804
1,6,12,ブルーマエストロ,牡3,57.0,ルメール,2:03.6,,2.4,1.0,468(0),[東] 黒岩陽一,202506010805
2,7,14,インパクトシー,牡3,56.0,横山琉人,2:03.7,1,7.6,5.0,510(0),[東] 大竹正博,202506010805
3,7,13,コインアフレーズ,牝3,55.0,菅原明良,2:04.6,5,20.5,6.0,434(0),[東] 中舘英二,202506010805
4,1,2,ポッポノフェスタ,牡3,57.0,西村太一,2:04.9,1.1/2,29.9,9.0,470(0),[東] 堀内岳志,202506010805
5,3,5,クラウドプリーザー,牝3,55.0,横山和生,2:04.9,アタマ,7.0,4.0,482(0),[東] 菊沢隆徳,202506010805
6,2,3,ピンキースウェア,牝3,55.0,三浦皇成,2:05.4,3.1/2,5.8,2.0,476(0),[東] 鹿戸雄一,202506010805
7,8,18,ミッキーラサルダン,牝3,55.0,キング,2:05.5,アタマ,6.2,3.0,452(0),[東] 堀宣行,202506010805
8,2,4,ノブノリオウ,牡3,57.0,吉田豊,2:06.0,3.1/2,26.6,7.0,438(0),[東] 久保田貴,202506010805
9,8,17,ハクサンハナビ,牝3,55.0,武藤雅,2:06.6,3.1/2,317.6,18.0,442(0),[東] 加藤士津,202506010805
10,5,10,ラーシャローム,牡3,57.0,石川裕紀,2:06.6,アタマ,133.8,15.0,484(0),[東] 奥村武,202506010805
11,6,11,フルボーグ,牡3,57.0,柴田大知,2:06.9,1.1/2,118.1,14.0,502(0),[東] 高木登,202506010805
12,4,7,リワードパシオン,牡3,57.0,木幡巧也,2:07.3,2.1/2,211.0,16.0,452(0),[東] 勢司和浩,202506010805
13,8,16,アンダーザブリッジ,牡3,57.0,石橋脩,2:07.3,ハナ,109.7,13.0,458(0),[東] 尾関知人,202506010805
14,7,15,ラブフォルテッシモ,牝3,52.0,土田真翔,2:07.6,1.3/4,93.9,11.0,424(0),[東] 田村康仁,202506010805
15,1,1,レジェンド,牡3,57.0,木幡育也,2:08.3,4,27.7,8.0,518(0),[西] 新谷功一,202506010805
16,5,9,ウインマグノリア,牡3,54.0,長浜鴻緒,2:08.3,ハナ,32.0,10.0,442(0),[東] 千葉直人,202506010805
17,3,6,リュトン,牡3,56.0,原優介,2:08.6,1.3/4,103.1,12.0,468(0),[東] 蛯名正義,202506010805
18,4,8,インサイト,牡3,57.0,木幡初也,2:09.1,3,280.7,17.0,490(0),[東] 粕谷昌央,202506010805
1,4,4,クレーキング,牡3,57.0,ルメール,1:52.9,,1.4,1.0,484(-2),[東] 中舘英二,202506010806
2,3,3,シャイニーシップ,牡3,57.0,キング,1:54.3,8,5.4,3.0,488(0),[東] 畠山吉宏,202506010806
3,5,5,タマモトリノ,牡3,57.0,大野拓弥,1:54.4,1/2,16.0,5.0,494(+6),[東] 辻哲英,202506010806
4,1,1,ダンツファイター,牡3,57.0,三浦皇成,1:55.0,4,12.8,4.0,556(-4),[東] 蛯名正義,202506010806
5,6,6,リュキア,牡3,57.0,木幡巧也,1:57.2,大,26.0,6.0,472(+12),[東] 牧光二,202506010806
6,2,2,ヒットミー,牝3,55.0,戸崎圭太,1:57.7,3,5.0,2.0,480(+6),[東] 鹿戸雄一,202506010806
1,6,12,マイレーヌ,牝5,55.0,横山琉人,1:11.3,,6.6,5.0,516(-2),[東] 斎藤誠,202506010807
2,8,15,ロサンゼルス,牡4,58.0,三浦皇成,1:11.5,1.1/4,3.9,1.0,522(+4),[東] 伊藤圭三,202506010807
3,7,13,クインズポラリス,牝4,53.0,長浜鴻緒,1:11.8,1.3/4,6.1,4.0,486(-2),[東] 上原博之,202506010807
4,3,6,オオタニサーン,牡4,58.0,キング,1:11.8,ハナ,5.5,3.0,518(+2),[東] 堀宣行,202506010807
5,8,16,アルニラム,牡4,58.0,北村宏司,1:11.9,1/2,29.0,10.0,476(-6),[東] 伊藤大士,202506010807
6,2,4,キボウノホシ,セ6,58.0,内田博幸,1:12.1,3/4,4.6,2.0,504(0),[東] 奥平雅士,202506010807
7,4,8,イリュージョン,牝5,56.0,横山和生,1:12.1,クビ,45.9,11.0,472(-6),[東] 西田雄一,202506010807
8,1,1,タッカー,牡4,58.0,木幡巧也,1:12.2,クビ,121.6,13.0,476(+8),[東] 清水英克,202506010807
9,5,10,ローリーグローリー,牝4,56.0,菅原明良,1:12.5,2,12.1,6.0,476(+18),[東] 蛯名正義,202506010807
10,5,9,セイゲン,セ6,58.0,吉田豊,1:12.6,1,400.5,16.0,460(-16),[東] 中川公成,202506010807
11,2,3,ドナレア,牝4,56.0,江田照男,1:12.9,1.1/2,76.7,12.0,436(0),[東] 高木登,202506010807
12,7,14,マサノヒーロー,牡4,58.0,田辺裕信,1:13.3,2.1/2,25.7,8.0,474(+12),[東] 大竹正博,202506010807
13,3,5,ホーリーブライト,牝4,56.0,木幡初也,1:13.7,2.1/2,23.8,7.0,454(+4),[東] 竹内正洋,202506010807
14,1,2,サンマルヴァレー,牝6,56.0,岩部純二,1:14.1,2.1/2,235.9,14.0,474(+6),[東] 佐藤吉勝,202506010807
15,6,11,イモータルフェイム,牝6,56.0,石川裕紀,1:14.2,1/2,25.9,9.0,496(+16),[東] 鹿戸雄一,202506010807
16,4,7,ダイチジェム,牡4,58.0,柴田大知,1:14.6,2.1/2,324.7,15.0,526(+28),[東] 粕谷昌央,202506010807
1,7,14,タイセイアディクト,牡4,57.0,戸崎圭太,1:55.1,,1.8,1.0,494(-2),[東] 池上昌和,202506010808
2,2,4,アースイオス,牡4,57.0,小林凌大,1:55.1,クビ,16.1,7.0,532(0),[東] 小西一男,202506010808
3,3,5,キャストロペペ,牡4,57.0,松岡正海,1:55.6,3,14.2,6.0,470(-18),[東] 堀内岳志,202506010808
4,6,12,コッレヴェッキオ,牡4,57.0,吉田豊,1:55.6,ハナ,7.6,2.0,476(+4),[東] 高橋文雅,202506010808
5,7,13,マコタイガ,牡4,57.0,横山和生,1:56.0,2,9.4,3.0,516(0),[東] 小野次郎,202506010808
6,5,9,マフィン,牝4,52.0,石神深道,1:56.0,アタマ,34.8,10.0,418(+4),[東] 大和田成,202506010808
7,6,11,ミラクルキャッツ,牝5,56.0,キング,1:56.0,アタマ,10.3,4.0,462(0),[東] 堀宣行,202506010808
8,5,10,プルメリアクヒオ,牡4,54.0,長浜鴻緒,1:56.2,1.1/4,12.0,5.0,456(-2),[東] 深山雅史,202506010808
9,4,8,ライクファーザー,牡4,57.0,武藤雅,1:56.4,1.1/4,29.7,9.0,542(-2),[東] 武藤善則,202506010808
10,2,3,アオイコウキ,牡5,58.0,内田博幸,1:56.5,1/2,105.5,13.0,520(+8),[東] 古賀慎明,202506010808
11,1,1,ラムゼイテソーロ,牡4,57.0,木幡巧也,1:56.9,2.1/2,20.7,8.0,538(+12),[東] 西田雄一,202506010808
12,1,2,ホウオウエニシ,牡5,58.0,丸田恭介,1:57.1,3/4,255.1,14.0,478(-3),[東] 池上昌和,202506010808
13,3,6,ミランカ,牝4,55.0,柴田大知,1:57.5,2.1/2,391.1,15.0,470(-2),[東] 岩戸孝樹,202506010808
14,4,7,トモジャシャトー,牡4,57.0,大野拓弥,1:58.0,2.1/2,100.9,12.0,484(+14),[東] 小笠倫弘,202506010808
15,8,16,ホウオウプレシャス,牡5,58.0,野中悠太,1:58.1,1,392.1,16.0,498(+6),[東] 天間昭一,202506010808
16,8,15,ロクシアス,牡4,57.0,菅原明良,1:59.3,7,61.2,11.0,496(-4),[東] 国枝栄,202506010808
1,6,6,ユキノロイヤル,牡4,57.0,石橋脩,1:35.1,,2.4,1.0,458(0),[東] 小野次郎,202506010809
2,3,3,ノーダブルディップ,牡7,58.0,三浦皇成,1:35.2,3/4,46.2,7.0,562(+2),[東] 古賀慎明,202506010809
3,7,7,ポッドテオ,牡4,57.0,キング,1:35.4,1.1/4,4.5,3.0,476(+2),[東] 畠山吉宏,202506010809
4,2,2,ステラバルセロナ,牝5,56.0,吉田豊,1:35.4,クビ,64.5,9.0,424(-4),[東] 菊川正達,202506010809
5,1,1,ヤマニンガラッシア,牡8,58.0,大野拓弥,1:35.5,クビ,10.8,5.0,464(+10),[東] 辻哲英,202506010809
6,8,10,ツルマウカタチ,牡4,57.0,菅原明良,1:35.5,クビ,3.7,2.0,478(+4),[東] 手塚貴久,202506010809
7,4,4,ワザモノ,牡7,58.0,ルメール,1:35.6,クビ,6.2,4.0,518(+12),[東] 尾関知人,202506010809
8,7,8,ラーテル,セ5,58.0,原田和真,1:35.7,1,350.5,10.0,474(+2),[東] 南田美知,202506010809
9,5,5,ラテラルシンキング,牡5,58.0,石川裕紀,1:35.7,アタマ,24.4,6.0,440(+6),[東] 黒岩陽一,202506010809
10,8,9,ラッジオ,牝5,56.0,丸田恭介,1:35.8,アタマ,48.2,8.0,480(+2),[東] 大竹正博,202506010809
1,6,9,アピーリングルック,牝4,55.0,戸崎圭太,1:53.7,,3.3,2.0,472(0),[東] 辻哲英,202506010810
2,6,8,ピコニ,牡4,57.0,木幡巧也,1:54.1,2.1/2,40.0,7.0,494(0),[東] 牧光二,202506010810
3,3,3,ホウキボシ,セ5,58.0,キング,1:54.1,クビ,1.8,1.0,516(0),[東] 堀宣行,202506010810
4,8,12,クラウンシエンタ,牡4,57.0,三浦皇成,1:54.4,1.3/4,22.2,6.0,502(+10),[東] 水野貴広,202506010810
5,7,11,アラレタバシル,牡4,57.0,野中悠太,1:54.5,クビ,8.0,3.0,464(0),[東] 根本康広,202506010810
6,4,5,サパテアール,セ6,58.0,石川裕紀,1:54.7,1.1/2,18.6,5.0,524(+2),[東] 畠山吉宏,202506010810
7,2,2,カイコウ,セ4,57.0,大野拓弥,1:54.8,クビ,109.2,10.0,460(0),[東] 田島俊明,202506010810
8,7,10,レオカクテル,牡7,58.0,丸田恭介,1:55.3,3,73.2,9.0,514(+4),[東] 萱野浩二,202506010810
9,8,13,オセアバトルプラン,牡5,58.0,内田博幸,1:55.3,ハナ,53.9,8.0,484(-6),[東] 菊川正達,202506010810
10,5,7,マーシャルポイント,牡4,57.0,ルメール,1:55.4,1/2,10.4,4.0,480(+4),[東] 木村哲也,202506010810
11,1,1,デルマタモン,牡7,58.0,北村宏司,1:55.5,1/2,159.3,12.0,516(0),[東] 勢司和浩,202506010810
12,4,4,ヤウガウ,セ8,58.0,横山琉人,1:55.6,1/2,180.1,13.0,508(+20),[東] 金成貴史,202506010810
13,5,6,コスモオピニオン,牡5,58.0,菅原明良,1:56.5,5,116.1,11.0,514(+2),[東] 黒岩陽一,202506010810
1,3,6,コスモブッドレア,牡4,56.0,キング,2:00.7,,3.4,2.0,488(0),[東] 小野次郎,202506010811
2,8,17,ルクスビッグスター,牡5,55.0,石橋脩,2:00.7,クビ,46.0,11.0,484(+4),[西] 清水久詞,202506010811
3,1,1,ウインエクレール,牝6,53.0,松岡正海,2:00.8,3/4,31.9,8.0,496(+2),[東] 畠山吉宏,202506010811
4,6,11,ブラックシールド,牡6,53.0,内田博幸,2:00.9,クビ,102.5,15.0,460(-2),[西] 小栗実,202506010811
5,4,8,インスタキング,牡5,54.0,北村宏司,2:01.0,3/4,47.8,12.0,530(+12),[東] 蛯名正義,202506010811
6,3,5,マイネルニコラス,牡6,55.0,柴田大知,2:01.1,3/4,81.2,14.0,516(0),[東] 畠山吉宏,202506010811
7,5,10,ソリダリティ,牡6,55.0,三浦皇成,2:01.1,クビ,32.5,9.0,510(0),[西] 西園翔太,202506010811
8,7,14,エレクトリックブギ,牡4,55.0,菅原明良,2:01.2,1/2,31.4,7.0,444(+6),[東] 鹿戸雄一,202506010811
9,4,7,ニューノーマル,牝6,53.0,木幡巧也,2:01.3,クビ,67.9,13.0,470(+10),[東] 上原佑紀,202506010811
10,6,12,モズロックンロール,牡5,56.0,大野拓弥,2:01.4,3/4,11.1,4.0,510(-2),[西] 藤岡健一,202506010811
11,5,9,フレーヴァード,牡5,56.0,戸崎圭太,2:01.5,1/2,6.0,3.0,444(0),[東] 大竹正博,202506010811
12,7,13,ラスカンブレス,牡4,56.0,ルメール,2:01.8,2,2.7,1.0,486(+2),[東] 林徹,202506010811
13,2,4,エリダヌス,牝5,55.0,石川裕紀,2:02.0,1.1/4,23.5,6.0,494(-2),[東] 青木孝文,202506010811
14,8,16,ハギノアルデバラン,牡5,56.0,田辺裕信,2:02.1,クビ,11.3,5.0,516(+8),[西] 鮫島一歩,202506010811
15,8,15,ロジマンボ,牡6,54.0,野中悠太,2:02.6,3,106.0,16.0,496(+10),[東] 古賀慎明,202506010811
16,1,2,パトリックハンサム,牡6,55.0,横山和生,2:02.8,1.1/4,44.4,10.0,476(+8),[東] 菊沢隆徳,202506010811
17,2,3,ドグマ,牡6,55.0,横山琉人,2:04.9,大,165.4,17.0,514(+10),[東] 上原佑紀,202506010811
1,5,9,ラブリージャブリー,牝3,55.0,三浦皇成,1:36.1,,13.5,4.0,416(0),[東] 蛯名正義,202506010812
2,2,4,トレヴィ,牝3,55.0,ルメール,1:36.1,ハナ,2.1,1.0,444(-4),[東] 木村哲也,202506010812
3,4,8,フォルテム,牡3,54.0,長浜鴻緒,1:36.1,アタマ,5.0,3.0,472(-4),[東] 千葉直人,202506010812
4,6,12,エンゲルシュピール,牝3,55.0,横山和生,1:36.2,クビ,4.0,2.0,448(0),[東] 田村康仁,202506010812
5,3,5,ノーブルライナー,牡3,57.0,内田博幸,1:36.5,2,50.8,9.0,490(+16),[東] 中川公成,202506010812
6,2,3,エムティキング,牡3,57.0,石橋脩,1:36.6,クビ,85.4,11.0,430(0),[東] 小野次郎,202506010812
7,3,6,ウーバーストロング,牡3,57.0,大野拓弥,1:36.7,3/4,14.3,5.0,472(-4),[東] 杉浦宏昭,202506010812
8,8,16,カウンターセブン,牡3,57.0,松岡正海,1:37.1,2.1/2,14.6,6.0,480(-4),[東] 村田一誠,202506010812
9,4,7,サイモングリット,牡3,57.0,北村宏司,1:37.2,クビ,94.0,12.0,464(0),[東] 勢司和浩,202506010812
10,7,14,ティティナ,牝3,55.0,武藤雅,1:37.4,1.1/4,166.1,14.0,422(0),[東] 和田正一,202506010812
11,8,15,ペイシャアーサー,牡3,57.0,木幡巧也,1:37.4,クビ,163.9,13.0,454(0),[東] 本間忍,202506010812
12,6,11,ムーンレイデオ,牝3,55.0,吉田豊,1:37.7,1.1/2,50.1,8.0,428(0),[東] 小野次郎,202506010812
13,1,1,スカイリスト,牝3,55.0,原田和真,1:37.7,アタマ,207.3,16.0,470(0),[東] 小野次郎,202506010812
14,1,2,オイセサン,牝3,52.0,佐藤翔馬,1:37.8,1,198.2,15.0,438(0),[東] 鈴木伸尋,202506010812
15,7,13,マーゴットゲイン,牡3,57.0,野中悠太,1:38.1,1.3/4,80.6,10.0,460(0),[東] 伊坂重信,202506010812
16,5,10,アーチーテソーロ,牡3,57.0,菅原明良,1:43.8,大,34.7,7.0,490(0),[東] 高木登,202506010812
1,6,11,イズルード,牡3,57.0,戸崎圭太,1:12.7,,1.4,1.0,472(+6),[東] 田島俊明,202506010901
2,2,3,ミラクルミッキー,牡3,57.0,木幡巧也,1:13.3,4,24.5,5.0,524(+2),[東] 牧光二,202506010901
3,1,2,マイネルブリオン,牡3,57.0,松岡正海,1:13.5,3/4,77.2,12.0,486(+6),[東] 矢野英一,202506010901
4,5,10,ウインレアリゼ,牝3,55.0,三浦皇成,1:13.5,アタマ,16.1,4.0,462(+4),[東] 小手川準,202506010901
5,6,12,フラッシュタイム,牡3,54.0,長浜鴻緒,1:13.5,クビ,5.9,2.0,524(0),[東] 佐藤吉勝,202506010901
6,7,14,シンガソング,牝3,55.0,杉原誠人,1:13.7,1.1/4,28.5,8.0,428(+6),[東] 土田稔,202506010901
7,3,5,リワードインペリオ,牡3,57.0,横山典弘,1:13.8,クビ,10.5,3.0,508(+10),[東] 村田一誠,202506010901
8,4,7,ヒルビリーエレジー,牝3,55.0,吉田豊,1:13.8,ハナ,72.5,11.0,440(0),[東] 戸田博文,202506010901
9,7,13,アルパインハット,牝3,55.0,大野拓弥,1:14.1,1.3/4,25.2,6.0,450(+2),[東] 上原博之,202506010901
10,4,8,キャンディリボン,牝3,55.0,菅原明良,1:14.3,1.1/4,40.8,9.0,444(0),[東] 清水英克,202506010901
11,8,16,ミツカネスコーピオ,牡3,57.0,野中悠太,1:14.3,ハナ,27.1,7.0,488(0),[東] 鈴木伸尋,202506010901
12,5,9,キタノラータム,牝3,55.0,江田照男,1:14.5,1.1/4,443.6,14.0,480(0),[東] 伊藤伸一,202506010901
13,1,1,カウニスミエリ,牝3,54.0,原優介,1:15.1,3.1/2,59.6,10.0,414(-2),[東] 岩戸孝樹,202506010901
14,3,6,アイドルフェスタ,牝3,55.0,横山和生,1:15.1,ハナ,113.0,13.0,454(-10),[東] 西田雄一,202506010901
15,8,15,マリノライヤ,牝3,55.0,武藤雅,1:15.2,1/2,447.0,15.0,428(+2),[東] 水野貴広,202506010901
16,2,4,アスピノール,牡3,57.0,岩部純二,1:15.3,クビ,559.5,16.0,492(+10),[東] 南田美知,202506010901
1,6,11,マーキュリーダイム,牝3,55.0,ルメール,1:57.4,,1.9,1.0,514(0),[東] 武井亮,202506010902
2,5,9,コンティオ,牝3,55.0,横山和生,1:57.4,クビ,6.9,4.0,450(0),[東] 和田勇介,202506010902
3,3,5,サーフプラチナム,牝3,55.0,北村宏司,1:57.4,ハナ,33.8,7.0,462(0),[東] 古賀慎明,202506010902
4,7,14,バラダレイナ,牝3,55.0,内田博幸,1:57.5,クビ,64.3,12.0,510(0),[東] 宮田敬介,202506010902
5,5,10,ヒサエノオモカゲ,牝3,55.0,横山武史,1:57.5,ハナ,4.9,2.0,482(+2),[東] 千葉直人,202506010902
6,4,7,スナドケイ,牝3,52.0,長浜鴻緒,1:57.7,1,206.8,14.0,478(-6),[東] 尾形和幸,202506010902
7,8,16,キタノラブミー,牝3,55.0,菅原明良,1:57.7,ハナ,43.5,10.0,500(+2),[東] 萱野浩二,202506010902
8,2,3,ノメンターノ,牝3,55.0,野中悠太,1:58.1,2.1/2,43.5,9.0,434(0),[東] 武市康男,202506010902
9,4,8,ロミヒ,牝3,55.0,岩田望来,1:58.1,クビ,21.8,5.0,490(-4),[東] 伊藤圭三,202506010902
10,1,1,シナツヒメ,牝3,55.0,木幡巧也,1:58.5,2.1/2,6.1,3.0,444(0),[東] 牧光二,202506010902
11,8,15,ラウレア,牝3,55.0,三浦皇成,1:58.7,1,41.1,8.0,438(-6),[東] 伊藤大士,202506010902
12,2,4,グランヴァルール,牝3,55.0,杉原誠人,1:58.7,クビ,31.4,6.0,480(0),[東] 蛯名正義,202506010902
13,3,6,アンテニトルス,牝3,55.0,石川裕紀,1:58.8,クビ,319.8,16.0,466(-8),[東] 奥村武,202506010902
14,6,12,レイーナアスール,牝3,55.0,武藤雅,1:58.9,3/4,86.9,13.0,472(-4),[東] 武藤善則,202506010902
15,7,13,ウィノウザウェイ,牝3,55.0,吉田豊,1:59.8,5,50.6,11.0,492(-14),[東] 土田稔,202506010902
16,1,2,コスモフィネス,牝3,54.0,原優介,2:02.2,大,217.8,15.0,432(+10),[東] 黒岩陽一,202506010902
1,8,14,ロッシニアーナ,牡3,57.0,ルメール,1:54.4,,1.4,1.0,518(-8),[東] 木村哲也,202506010903
2,7,12,アルデラックス,牡3,57.0,松岡正海,1:55.0,4,80.4,9.0,508(0),[東] 村田一誠,202506010903
3,2,2,ブルータス,牡3,57.0,横山武史,1:55.2,1.1/4,3.9,2.0,450(0),[東] 高柳瑞樹,202506010903
4,7,13,ブレトワルダ,牡3,57.0,岩田望来,1:55.3,クビ,9.1,3.0,500(+4),[東] 新開幸一,202506010903
5,1,1,サトミノエンジェル,牡3,57.0,横山典弘,1:55.8,3,73.1,8.0,512(+2),[東] 鈴木伸尋,202506010903
6,3,5,ゴットランド,牡3,57.0,キング,1:55.9,1,26.6,5.0,506(-2),[東] 斎藤誠,202506010903
7,5,9,カレラエンブレマ,牡3,57.0,内田博幸,1:56.6,4,120.4,12.0,516(-2),[東] 田村康仁,202506010903
8,6,10,ノイシュタット,牡3,57.0,石橋脩,1:56.7,1/2,61.9,7.0,492(+2),[東] 牧光二,202506010903
9,5,8,ドラゴンラック,牡3,57.0,津村明秀,1:57.5,5,103.1,11.0,450(+8),[東] 相沢郁,202506010903
10,4,7,ケルピー,セ3,57.0,横山和生,1:57.7,1.1/4,36.9,6.0,484(-6),[東] 小野次郎,202506010903
11,4,6,ケーニッヒブルート,牡3,57.0,宮崎北斗,1:58.0,1.3/4,242.3,13.0,510(+26),[東] 中川公成,202506010903
12,6,11,エコロカディス,牡3,57.0,戸崎圭太,1:58.1,クビ,20.4,4.0,450(-2),[東] 森一誠,202506010903
13,8,15,コウセイケンタロス,牡3,57.0,柴田大知,1:58.8,4,489.1,15.0,464(+2),[東] 和田雄二,202506010903
14,3,4,トーセンギャラン,牡3,57.0,岩部純二,2:02.7,大,389.9,14.0,502(+6),[東] 加藤征弘,202506010903
15,2,3,サンクリュウ,牝3,55.0,ルメート,2:12.2,大,84.6,10.0,482(0),[東] 加藤征弘,202506010903
1,8,16,ワンダラー,牡3,57.0,内田博幸,1:12.9,,13.5,6.0,520(0),[東] 黒岩陽一,202506010904
2,6,11,アシャカトベ,牡3,57.0,石川裕紀,1:13.0,1/2,24.3,8.0,520(0),[東] 小笠倫弘,202506010904
3,2,4,ピコグリーン,牝3,55.0,木幡巧也,1:13.4,2.1/2,3.7,1.0,452(0),[東] 牧光二,202506010904
4,7,14,キチロクキャップ,牡3,57.0,木幡育也,1:13.7,1.3/4,135.7,12.0,522(0),[東] 松永康利,202506010904
5,1,1,レーヴドアンジュ,牝3,55.0,キング,1:14.2,3,5.9,4.0,434(0),[西] 河嶋宏樹,202506010904
6,8,15,ピッコロイカリーノ,牝3,55.0,三浦皇成,1:14.5,2,7.5,5.0,402(0),[西] 西園翔太,202506010904
7,4,7,インレット,牝3,55.0,大野拓弥,1:14.6,クビ,20.4,7.0,454(0),[東] 鈴木慎太,202506010904
8,5,9,ハンクスター,牡3,57.0,木幡初也,1:15.1,3,61.7,10.0,482(0),[東] 松永康利,202506010904
9,3,5,スリーローズマリー,牝3,55.0,横山武史,1:15.3,3/4,4.1,2.0,452(0),[東] 伊藤圭三,202506010904
10,1,2,オーバード,牡3,57.0,宮崎北斗,1:15.6,1.3/4,148.7,13.0,458(0),[東] 中川公成,202506010904
11,6,12,セイラダンサー,牝3,52.0,長浜鴻緒,1:15.6,アタマ,31.3,9.0,434(0),[東] 尾関知人,202506010904
12,5,10,オースミストロング,牡3,57.0,ルメート,1:15.9,1.3/4,5.2,3.0,500(0),[西] 高橋亮,202506010904
13,7,13,ヌーヴォルミエール,牡3,57.0,石橋脩,1:16.2,2,193.5,14.0,478(0),[東] 勢司和浩,202506010904
14,3,6,カラギヌ,牝3,55.0,杉原誠人,1:16.4,1.1/2,307.6,15.0,390(0),[東] 宗像義忠,202506010904
15,2,3,ハクシンマルペンサ,牝3,55.0,菅原隆一,1:16.9,2.1/2,309.1,16.0,454(0),[東] 蛯名利弘,202506010904
16,4,8,ブルーマウンテン,牡3,57.0,嶋田純次,1:21.5,大,67.5,11.0,532(0),[東] 手塚貴久,202506010904
1,7,14,ピックデムッシュ,牡3,57.0,ルメール,2:15.5,,1.6,1.0,454(0),[東] 鹿戸雄一,202506010905
2,8,17,ディベルティスマン,牡3,57.0,石橋脩,2:15.9,2.1/2,6.0,3.0,514(0),[東] 菊沢隆徳,202506010905
3,2,4,ピエナフェーヴル,牡3,57.0,菅原明良,2:16.0,1/2,3.6,2.0,454(+2),[東] 萱野浩二,202506010905
4,7,13,オビドス,牡3,56.0,横山琉人,2:16.9,5,38.8,5.0,462(-8),[東] 高橋文雅,202506010905
5,1,1,ラッキーロジータ,牝3,55.0,石川裕紀,2:17.3,2,7.9,4.0,474(-4),[東] 相沢郁,202506010905
6,4,7,リープサンバウンズ,牡3,57.0,小林凌大,2:17.4,3/4,137.8,8.0,480(0),[東] 小西一男,202506010905
7,1,2,ブレイクバウンズ,牡3,57.0,伊藤工真,2:17.6,1,302.2,13.0,478(-6),[東] 林徹,202506010905
8,3,5,ユイノレクター,牡3,57.0,吉田豊,2:17.7,1,211.3,11.0,476(+10),[東] 竹内正洋,202506010905
9,6,11,ミスターボビー,牡3,57.0,杉原誠人,2:17.8,アタマ,94.2,7.0,464(+2),[東] 栗田徹,202506010905
10,8,16,スターライトナイト,牝3,55.0,キング,2:17.9,1/2,55.4,6.0,430(+6),[東] 伊藤大士,202506010905
11,7,15,アルデスト,牡3,57.0,江田照男,2:18.0,1/2,274.8,12.0,514(-8),[東] 田中剛,202506010905
12,5,10,ギリギリバイター,牡3,57.0,木幡巧也,2:18.9,5,550.0,17.0,436(-6),[東] 小笠倫弘,202506010905
13,2,3,シップオブラヴ,牡3,57.0,内田博幸,2:19.1,1.1/2,171.3,9.0,422(-8),[東] 鈴木慎太,202506010905
14,8,18,ミスターロスカボス,牡3,57.0,松岡正海,2:19.6,3,318.0,14.0,470(-2),[東] 伊藤伸一,202506010905
15,6,12,イデアブリランテ,牝3,55.0,木幡育也,2:20.0,2.1/2,469.8,16.0,404(-2),[東] 松永康利,202506010905
16,5,9,グリーティングデー,牡3,54.0,長浜鴻緒,2:20.1,1/2,596.0,18.0,438(-6),[東] 加藤和宏,202506010905
17,3,6,トーセンアシュリー,牝3,55.0,原田和真,2:20.1,ハナ,190.1,10.0,500(-2),[東] 宗像義忠,202506010905
18,4,8,ラスベガスホワイト,牡3,57.0,野中悠太,2:22.2,大,457.3,15.0,484(+14),[東] 伊藤伸一,202506010905
1,6,11,ライジンマル,牡4,57.0,津村明秀,1:55.3,,4.1,2.0,528(-2),[東] 竹内正洋,202506010906
2,3,5,ウインイメル,牡4,57.0,キング,1:55.4,1/2,3.9,1.0,500(-2),[東] 深山雅史,202506010906
3,5,10,イデアユウシン,牡5,58.0,北村宏司,1:55.4,クビ,17.3,7.0,558(+6),[東] 松永康利,202506010906
4,7,14,ジャクソン,牡5,58.0,木幡初也,1:55.7,1.1/2,28.0,8.0,528(0),[東] 武市康男,202506010906
5,7,13,フリッパー,牡5,58.0,三浦皇成,1:55.7,クビ,77.2,13.0,504(0),[東] 戸田博文,202506010906
6,5,9,マッスルバック,牡4,57.0,菅原明良,1:55.8,1/2,7.1,4.0,480(+6),[東] 水野貴広,202506010906
7,3,6,ランスノーブル,牝5,53.0,長浜鴻緒,1:56.0,1.1/4,8.1,5.0,462(-6),[東] 上原博之,202506010906
8,8,16,インテルメディオ,牡4,57.0,岩田望来,1:56.1,1/2,9.6,6.0,530(0),[東] 栗田徹,202506010906
9,1,1,スペイドアン,牡4,57.0,浜中俊,1:56.3,3/4,31.4,9.0,500(-4),[東] 加藤士津,202506010906
10,2,3,モヴレクス,牡4,56.0,横山琉人,1:56.6,2,182.5,15.0,470(-4),[東] 金成貴史,202506010906
11,4,8,バンドネオン,セ5,58.0,嶋田純次,1:57.0,2.1/2,308.5,16.0,526(-4),[東] 手塚貴久,202506010906
12,8,15,イエローベリル,牝6,56.0,杉原誠人,1:57.0,ハナ,129.8,14.0,438(-2),[東] 林徹,202506010906
13,6,12,パルティーダ,牡4,57.0,大野拓弥,1:57.2,1,67.1,12.0,492(0),[東] 新開幸一,202506010906
14,4,7,レゲエビーチ,牡4,57.0,横山和生,1:57.4,1.1/4,47.6,11.0,536(+8),[東] 斎藤誠,202506010906
15,2,4,ディズレーリ,セ5,58.0,横山武史,1:58.5,7,35.2,10.0,510(0),[東] 池上昌和,202506010906
中,1,2,トクシージェネラル,牡4,57.0,内田博幸,,,5.7,3.0,526(+10),[東] 辻哲英,202506010906
1,8,10,アンリーロード,牝5,56.0,戸崎圭太,1:48.2,,2.6,1.0,472(-2),[西] 茶木太樹,202506010907
2,4,4,パレハ,牝4,55.0,岩田望来,1:48.3,クビ,7.9,4.0,432(0),[西] 新谷功一,202506010907
3,7,8,イルチルコ,牝6,56.0,津村明秀,1:48.5,1.1/4,16.4,8.0,496(0),[東] 田村康仁,202506010907
4,6,6,フラミニア,牝5,56.0,石川裕紀,1:48.5,アタマ,5.2,3.0,474(+8),[東] 森一誠,202506010907
5,6,7,ロムネヤ,牝6,56.0,三浦皇成,1:48.6,1/2,11.5,6.0,438(+6),[東] 国枝栄,202506010907
6,8,11,アマイ,牝5,56.0,菅原明良,1:48.7,クビ,60.3,9.0,458(0),[東] 伊藤大士,202506010907
7,2,2,ティンク,牝4,55.0,田辺裕信,1:49.1,2,8.9,5.0,500(-2),[東] 久保田貴,202506010907
8,1,1,ワーフデール,牝6,56.0,ルメート,1:49.2,3/4,93.6,10.0,468(+4),[西] 西園翔太,202506010907
9,3,3,ウインルピナス,牝5,56.0,横山武史,1:49.6,2.1/2,14.8,7.0,442(+18),[東] 鈴木伸尋,202506010907
10,7,9,ガールズレジェンド,牝5,56.0,キング,1:50.6,6,4.9,2.0,464(0),[東] 上原佑紀,202506010907
除,5,5,ミヤビブレイブ,牝5,56.0,横山和生,,,---,,466(-12),[東] 小島茂之,202506010907
1,8,13,シークレットヴァウ,牡4,58.0,武藤雅,1:11.4,,3.0,1.0,470(+10),[東] 武藤善則,202506010908
2,6,9,ジョヴィアン,牡5,58.0,横山武史,1:11.4,クビ,3.8,2.0,500(-4),[西] 奥村豊,202506010908
3,4,5,サイヤダンサー,牡8,58.0,石川裕紀,1:11.7,2,75.0,10.0,466(-8),[東] 深山雅史,202506010908
4,8,14,ヴィクトリーロード,牡5,58.0,内田博幸,1:11.8,クビ,8.4,4.0,492(0),[東] 畠山吉宏,202506010908
5,1,1,ウィンダミア,牡6,58.0,戸崎圭太,1:11.8,クビ,4.7,3.0,462(+2),[東] 林徹,202506010908
6,5,7,エチャケナ,牝4,56.0,伊藤工真,1:12.0,1,40.2,9.0,442(0),[東] 金成貴史,202506010908
7,7,11,メラーキ,牡8,58.0,松岡正海,1:12.1,1/2,29.0,8.0,490(0),[東] 稲垣幸雄,202506010908
8,3,4,マイネルディレクト,牡4,58.0,三浦皇成,1:12.1,アタマ,8.7,5.0,504(-4),[東] 伊藤大士,202506010908
9,4,6,ベルシャンソン,牝5,55.0,原優介,1:12.4,1.3/4,181.4,12.0,482(+6),[東] 西田雄一,202506010908
10,2,2,ブレーザー,牡4,58.0,嶋田純次,1:12.6,1,18.3,7.0,532(+10),[東] 伊坂重信,202506010908
11,6,10,トロピカルヒーロー,牡5,55.0,長浜鴻緒,1:12.7,1/2,103.4,11.0,542(+20),[東] 根本康広,202506010908
12,7,12,サトノガレオン,牡5,58.0,キング,1:12.8,1/2,13.9,6.0,540(+4),[東] 堀宣行,202506010908
13,5,8,バンブトンプロ,牡5,58.0,柴田大知,1:13.1,2,317.4,13.0,484(+4),[東] 粕谷昌央,202506010908
14,3,3,エレガントウインク,牝4,56.0,小林凌大,1:13.6,2.1/2,462.8,14.0,462(0),[東] 土田稔,202506010908
1,5,5,リトルジャイアンツ,牡3,57.0,横山典弘,1:49.5,,3.0,2.0,450(+4),[東] 村田一誠,202506010909
2,7,9,エデルクローネ,牡3,57.0,ルメール,1:49.7,3/4,2.8,1.0,484(+8),[東] 手塚貴久,202506010909
3,3,3,エンペラーズソード,セ3,57.0,菅原明良,1:49.9,1.1/4,6.1,4.0,492(-4),[東] 高木登,202506010909
4,1,1,ダノンミッション,牡3,57.0,キング,1:50.0,1/2,3.9,3.0,478(+8),[東] 堀宣行,202506010909
5,8,10,ニシノイストワール,牡3,57.0,三浦皇成,1:50.0,ハナ,27.4,6.0,460(+4),[東] 鹿戸雄一,202506010909
6,6,7,マイネルゼウス,牡3,57.0,津村明秀,1:50.2,1,34.3,7.0,414(+4),[東] 奥村武,202506010909
7,2,2,ウィンターベル,牡3,57.0,戸崎圭太,1:50.2,クビ,15.5,5.0,482(+2),[東] 木村哲也,202506010909
8,6,6,ゴーゴータカシ,牡3,57.0,ルメート,1:50.2,ハナ,74.5,8.0,486(+2),[東] 武井亮,202506010909
9,8,11,ニシノタンギー,牡3,57.0,武藤雅,1:50.3,1/2,117.8,9.0,466(+6),[東] 水野貴広,202506010909
10,7,8,バセリーナ,牡3,57.0,野中悠太,1:50.5,1.1/2,304.2,10.0,452(0),[東] 松山将樹,202506010909
11,4,4,ソルエパトリオット,牡3,57.0,横山琉人,1:53.8,大,369.0,11.0,406(-2),[東] 粕谷昌央,202506010909
1,7,12,タイセイブリリオ,牡6,58.0,北村宏司,1:11.1,,18.1,5.0,482(-2),[西] 大橋勇樹,202506010910
2,2,2,ムーヴ,牡6,58.0,三浦皇成,1:11.3,1.1/4,4.3,2.0,478(-4),[東] 池上昌和,202506010910
3,4,6,パルデンス,牡7,58.0,内田博幸,1:11.4,クビ,29.5,8.0,498(-2),[東] 森一誠,202506010910
4,4,7,ベンダバリラビア,牡5,58.0,キング,1:11.5,1/2,20.4,6.0,540(+2),[西] 寺島良,202506010910
5,3,4,カフジエニアゴン,牝6,56.0,木幡巧也,1:11.5,クビ,228.2,15.0,494(0),[西] 木原一良,202506010910
6,8,14,エメラルドビーチ,牡5,58.0,岩田望来,1:11.6,1/2,38.5,9.0,528(0),[西] 大久保龍,202506010910
7,3,5,ビルカール,牡5,58.0,田辺裕信,1:11.6,ハナ,48.4,10.0,478(0),[東] 水野貴広,202506010910
8,8,15,ホワイトガーベラ,牡6,58.0,大野拓弥,1:11.6,ハナ,85.0,14.0,510(+10),[東] 千葉直人,202506010910
9,5,8,サザンステート,牡6,58.0,石橋脩,1:11.7,1/2,51.4,11.0,504(+4),[東] 上原佑紀,202506010910
10,2,3,アイアムユウシュン,牡4,58.0,戸崎圭太,1:11.8,クビ,2.2,1.0,516(0),[東] 奥平雅士,202506010910
11,6,10,コパノハンプトン,牡5,58.0,松岡正海,1:11.8,クビ,27.5,7.0,514(-4),[西] 宮徹,202506010910
12,7,13,ダテボレアス,牡6,58.0,ルメート,1:12.0,3/4,76.6,13.0,488(-2),[西] 西園正都,202506010910
13,6,11,オウバイトウリ,牝4,56.0,津村明秀,1:12.0,クビ,4.7,3.0,478(0),[西] 武幸四郎,202506010910
14,5,9,アシャカタカ,牡5,58.0,横山武史,1:12.2,1.1/4,12.2,4.0,480(+8),[東] 鈴木伸尋,202506010910
15,1,1,レアグリフォン,牡4,58.0,横山琉人,1:13.1,5,66.3,12.0,472(+6),[東] 稲垣幸雄,202506010910
1,4,8,ダノンデサイル,牡4,58.0,戸崎圭太,2:12.1,,2.6,1.0,516(-4),[西] 安田翔伍,202506010911
2,6,11,マテンロウレオ,牡6,57.0,横山典弘,2:12.2,3/4,24.3,6.0,480(-2),[西] 昆貢,202506010911
3,7,13,コスモキュランダ,牡4,57.0,横山武史,2:12.2,ハナ,7.4,3.0,510(+6),[東] 加藤士津,202506010911
4,2,4,ボルドグフーシュ,牡6,57.0,内田博幸,2:12.6,2.1/2,8.2,4.0,506(-10),[西] 宮本博,202506010911
5,1,1,ライラック,牝6,55.0,石川裕紀,2:12.7,クビ,40.3,9.0,444(-4),[東] 相沢郁,202506010911
6,5,10,ビザンチンドリーム,牡4,56.0,ルメート,2:12.8,1,17.4,5.0,460(+4),[西] 坂口智康,202506010911
7,8,18,ボーンディスウェイ,牡6,57.0,木幡巧也,2:12.9,アタマ,41.0,10.0,498(0),[東] 牧光二,202506010911
8,7,15,エヒト,牡8,57.0,吉田豊,2:12.9,クビ,212.4,16.0,470(-4),[西] 森秀行,202506010911
9,4,7,マイネルクリソーラ,牡6,57.0,津村明秀,2:13.0,1/2,191.9,15.0,462(+6),[東] 手塚貴久,202506010911
10,5,9,ディープモンスター,牡7,57.0,浜中俊,2:13.0,ハナ,27.6,7.0,466(-2),[西] 池江泰寿,202506010911
11,3,5,カラテ,牡9,57.0,杉原誠人,2:13.2,1,244.5,17.0,538(-8),[西] 音無秀孝,202506010911
12,1,2,レーベンスティール,牡5,58.0,ルメール,2:13.2,クビ,2.9,2.0,492(+12),[東] 田中博康,202506010911
13,8,16,チャックネイト,セ7,58.0,キング,2:13.4,1,28.6,8.0,498(+28),[東] 堀宣行,202506010911
14,6,12,アラタ,牡8,57.0,大野拓弥,2:13.4,クビ,127.9,13.0,486(+12),[東] 和田勇介,202506010911
15,2,3,ポタジェ,牡8,58.0,岩田望来,2:13.7,1.1/2,142.2,14.0,482(+10),[西] 友道康夫,202506010911
16,3,6,ニシノレヴナント,セ5,57.0,田辺裕信,2:14.1,2.1/2,64.1,11.0,500(+10),[東] 上原博之,202506010911
17,7,14,ホウオウリアリティ,牡7,57.0,菅原明良,2:14.1,クビ,364.6,18.0,492(+6),[東] 高木登,202506010911
18,8,17,アウスヴァール,セ7,57.0,横山和生,2:14.2,クビ,81.8,12.0,490(0),[西] 昆貢,202506010911
1,3,4,メイショウヨゾラ,牝4,55.0,戸崎圭太,1:33.8,,3.5,2.0,470(+4),[東] 高柳瑞樹,202506010912
2,2,2,ソルトブリーズ,牡4,57.0,松岡正海,1:34.2,2.1/2,4.0,3.0,456(-2),[東] 田中剛,202506010912
3,4,6,ガルサブランカ,牝4,55.0,ルメール,1:34.4,1.1/4,2.6,1.0,468(+8),[東] 木村哲也,202506010912
4,7,11,エールトゥヘヴン,牡6,58.0,大野拓弥,1:34.5,1/2,9.1,4.0,468(0),[東] 戸田博文,202506010912
5,3,3,ベストオブユー,牡4,57.0,岩田望来,1:34.7,1,9.9,5.0,438(-2),[東] 久保田貴,202506010912
6,6,10,ハクサンイーグル,牡4,57.0,杉原誠人,1:35.0,1.3/4,25.1,7.0,488(+18),[東] 土田稔,202506010912
7,8,14,ハッピーサプライズ,牡4,54.0,長浜鴻緒,1:35.0,ハナ,128.9,9.0,472(+12),[東] 佐藤吉勝,202506010912
8,4,5,キセキノエンジェル,牝6,56.0,吉田豊,1:35.0,アタマ,225.2,11.0,466(-4),[東] 石毛善彦,202506010912
9,5,8,ジェムステート,牡5,58.0,三浦皇成,1:35.1,1/2,20.9,6.0,470(+8),[東] 矢嶋大樹,202506010912
10,1,1,グランシャーク,セ6,57.0,横山琉人,1:35.3,1.1/4,129.5,10.0,514(0),[東] 田島俊明,202506010912
11,7,12,ランカグア,牝5,56.0,武藤雅,1:35.7,2.1/2,88.4,8.0,460(+4),[東] 奥村武,202506010912
12,8,13,カゲンノツキ,牝4,55.0,木幡巧也,1:36.6,5,230.6,12.0,428(-24),[東] 勢司和浩,202506010912
13,6,9,クラウンパント,牝4,55.0,野中悠太,1:37.0,2.1/2,489.4,14.0,410(+4),[東] 加藤和宏,202506010912
14,5,7,ウィンウッドテール,牝5,53.0,佐藤翔馬,1:37.3,1.1/2,383.2,13.0,450(+12),[東] 清水英克,202506010912
1,7,12,ロードソルスティス,牡3,57.0,横山武史,1:56.4,,2.1,1.0,498(0),[東] 斎藤誠,202506020101
2,3,5,モーニングマジック,牝3,55.0,三浦皇成,1:56.6,1.1/2,16.7,4.0,518(0),[東] 武藤善則,202506020101
3,6,11,ヨドノタイヨウ,牡3,57.0,小林凌大,1:57.3,4,132.8,11.0,494(-10),[東] 小西一男,202506020101
4,2,3,アウフヴィント,牝3,55.0,武藤雅,1:57.4,1/2,101.9,9.0,516(+6),[東] 戸田博文,202506020101
5,5,9,シウダーエヴィータ,牝3,52.0,舟山瑠泉,1:57.4,ハナ,2.9,2.0,460(+4),[東] 田中博康,202506020101
6,2,2,サンマルストロング,牡3,57.0,吉田豊,1:57.5,クビ,174.7,14.0,530(+4),[東] 土田稔,202506020101
7,1,1,シュヴァルノワール,牡3,57.0,北村宏司,1:57.6,1/2,20.6,6.0,506(0),[東] 嘉藤貴行,202506020101
8,4,6,マオノギミック,牡3,54.0,上里直汰,1:57.8,1.1/4,115.2,10.0,442(0),[東] 加藤士津,202506020101
9,6,10,トウテイラン,牝3,55.0,丸田恭介,1:58.0,1.1/4,68.5,8.0,466(-8),[東] 宗像義忠,202506020101
10,3,4,エピックサイクル,牝3,55.0,大野拓弥,1:58.0,アタマ,161.4,13.0,442(0),[東] 新開幸一,202506020101
11,8,14,スペースリーガ,牡3,57.0,内田博幸,1:58.2,1.1/4,259.2,15.0,468(-6),[東] 森一誠,202506020101
12,7,13,キタノブレイク,牡3,54.0,長浜鴻緒,1:58.3,1/2,4.9,3.0,476(-2),[東] 本間忍,202506020101
13,4,7,マイネルジーニアス,牡3,57.0,野中悠太,1:58.7,2.1/2,19.8,5.0,540(-2),[東] 高木登,202506020101
14,8,15,アクデニズ,牡3,57.0,江田照男,1:59.3,3.1/2,159.9,12.0,478(-4),[東] 小笠倫弘,202506020101
15,5,8,マーゴットビースト,牡3,57.0,菱田裕二,2:01.6,大,44.2,7.0,486(0),[東] 伊坂重信,202506020101
1,5,9,ルシード,牡3,57.0,野中悠太,1:12.5,,5.4,4.0,502(-10),[東] 田島俊明,202506020102
2,8,15,ミニョンマルーン,牝3,52.0,長浜鴻緒,1:12.5,クビ,2.5,1.0,462(+2),[東] 伊藤圭三,202506020102
3,6,12,アラスカフレイバー,牡3,57.0,戸崎圭太,1:12.9,2,4.6,3.0,512(-2),[東] 松永康利,202506020102
4,1,2,ハナナラツボミ,牡3,54.0,上里直汰,1:13.0,1/2,36.7,5.0,500(-2),[東] 加藤士津,202506020102
5,4,8,ガンハンマー,牡3,57.0,川田将雅,1:13.0,クビ,3.1,2.0,434(0),[東] 加藤征弘,202506020102
6,4,7,サマーツアー,牡3,57.0,嶋田純次,1:13.8,5,135.6,11.0,490(0),[東] 矢嶋大樹,202506020102
7,7,13,カービスベイ,牡3,57.0,江田照男,1:13.9,3/4,246.2,14.0,508(-2),[東] 武藤善則,202506020102
8,3,6,グルナルーフス,牡3,57.0,宮崎北斗,1:14.3,2,76.1,9.0,500(-10),[東] 中川公成,202506020102
9,2,4,サイモングリット,牡3,57.0,原優介,1:14.3,クビ,233.0,12.0,474(+10),[東] 勢司和浩,202506020102
10,5,10,ライブリブランコ,牡3,54.0,遠藤汰月,1:14.9,3.1/2,517.7,16.0,486(-4),[東] 尾形和幸,202506020102
11,6,11,アルフィオーレ,牝3,55.0,丸田恭介,1:15.1,1.1/2,244.5,13.0,404(-6),[東] 宗像義忠,202506020102
12,8,16,キャンディリボン,牝3,55.0,津村明秀,1:15.3,1.1/4,103.0,10.0,452(+8),[東] 清水英克,202506020102
13,2,3,ファストパスキー,牡3,56.0,横山琉人,1:15.5,3/4,52.8,7.0,456(-2),[東] 田中剛,202506020102
14,3,5,スリーローズマリー,牝3,51.0,谷原柚希,1:15.9,2.1/2,45.8,6.0,440(-12),[東] 伊藤圭三,202506020102
15,7,14,ファリードゥーン,牡3,57.0,菅原明良,1:17.2,8,59.2,8.0,508(0),[東] 高木登,202506020102
16,1,1,デルマプルート,牡3,57.0,木幡巧也,1:17.5,2,302.3,15.0,530(0),[東] 天間昭一,202506020102
1,8,16,フィールオーサム,牝3,55.0,菅原明良,1:56.6,,5.7,3.0,436(-6),[東] 岩戸孝樹,202506020103
2,4,8,タキノボリ,牡3,57.0,北村宏司,1:57.0,2.1/2,7.0,4.0,452(0),[東] 勢司和浩,202506020103
3,2,4,ヴィジブルライト,牡3,57.0,戸崎圭太,1:57.1,3/4,2.7,1.0,490(+4),[東] 和田正一,202506020103
4,8,15,ロジアヴァンセ,牡3,57.0,三浦皇成,1:57.2,1/2,39.4,8.0,502(0),[東] 新開幸一,202506020103
5,6,12,メイショウコウベ,牡3,57.0,大野拓弥,1:57.3,1/2,3.2,2.0,478(+4),[東] 和田勇介,202506020103
6,1,2,グラスビジョン,牡3,57.0,木幡巧也,1:58.4,7,111.5,11.0,426(-4),[東] 佐藤吉勝,202506020103
7,3,6,アイガー,牝3,55.0,武藤雅,1:58.4,ハナ,160.1,13.0,484(0),[東] 武藤善則,202506020103
8,5,10,ファイアーワークス,牡3,57.0,横山武史,1:58.7,2,15.6,6.0,570(-4),[東] 加藤征弘,202506020103
9,5,9,ウラルト,牡3,54.0,長浜鴻緒,1:58.9,3/4,119.8,12.0,480(-6),[東] 田中剛,202506020103
10,1,1,トウショウクラウド,牡3,54.0,遠藤汰月,1:59.1,1.1/4,198.3,15.0,450(-8),[東] 萱野浩二,202506020103
11,6,11,ワカムシャ,牡3,57.0,原優介,1:59.4,2,14.7,5.0,494(-6),[東] 矢野英一,202506020103
12,3,5,ノーブルシーズン,牡3,57.0,菱田裕二,1:59.7,2,61.2,10.0,480(-2),[東] 久保田貴,202506020103
13,7,13,ジャスマン,牡3,57.0,木幡育也,1:59.8,クビ,52.1,9.0,482(+2),[東] 菊沢隆徳,202506020103
14,2,3,ホファヴァルト,牡3,57.0,木幡初也,1:59.8,クビ,256.0,16.0,470(+6),[東] 武市康男,202506020103
15,4,7,リリアンファスト,牝3,55.0,津村明秀,2:00.7,5,31.3,7.0,438(-8),[東] 嘉藤貴行,202506020103
16,7,14,アルディマジオ,牡3,57.0,江田照男,2:09.0,大,189.9,14.0,536(+6),[東] 村田一誠,202506020103
1,4,4,マフィン,牝4,53.0,長浜鴻緒,1:55.2,,13.5,5.0,410(-8),[東] 大和田成,202506020104
2,1,1,エーリアル,牝4,56.0,杉原誠人,1:55.2,アタマ,3.5,2.0,510(+8),[東] 西田雄一,202506020104
3,3,3,セージグリーン,牝4,56.0,木幡巧也,1:55.7,3,12.7,4.0,478(+4),[東] 菊川正達,202506020104
4,8,12,プチブール,牝4,56.0,小林凌大,1:55.7,クビ,2.3,1.0,448(-2),[東] 小西一男,202506020104
5,5,7,キタノチェロキー,牝5,56.0,原優介,1:56.5,5,49.5,8.0,478(+12),[東] 粕谷昌央,202506020104
6,6,9,キセキノエンジェル,牝6,56.0,吉田豊,1:56.9,2.1/2,231.9,11.0,462(-8),[東] 石毛善彦,202506020104
7,7,10,スパークタイムリー,牝5,55.0,横山琉人,1:57.0,1,37.2,7.0,486(+18),[東] 小島茂之,202506020104
8,2,2,グランカンタンテ,牝4,56.0,菅原明良,1:57.1,クビ,21.2,6.0,420(+4),[東] 鹿戸雄一,202506020104
9,5,6,イズジョーノヒカリ,牝4,56.0,木幡初也,1:57.5,2.1/2,71.7,9.0,488(+4),[東] 本間忍,202506020104
10,7,11,ドゥムーラン,牝5,56.0,戸崎圭太,1:58.2,4,3.8,3.0,462(0),[東] 尾関知人,202506020104
11,6,8,オルソビアンコ,牝5,56.0,内田博幸,1:58.3,1/2,144.8,10.0,400(+4),[東] 田村康仁,202506020104
12,8,13,モダンフリンジ,牝5,52.0,谷原柚希,1:58.6,2,256.0,12.0,468(-2),[東] 伊藤圭三,202506020104
13,4,5,アリーチェ,牝5,56.0,武藤雅,1:58.7,1/2,352.3,13.0,454(0),[東] 戸田博文,202506020104
1,2,3,グッドレッスン,牝3,55.0,三浦皇成,2:01.5,,39.0,9.0,446(0),[東] 大竹正博,202506020105
2,8,16,パヴェリング,牝3,55.0,津村明秀,2:01.5,クビ,21.9,8.0,464(+6),[東] 蛯名正義,202506020105
3,5,9,マカナ,牝3,55.0,田辺裕信,2:01.5,アタマ,6.5,3.0,452(-2),[東] 伊藤大士,202506020105
4,5,10,テンダールック,牝3,55.0,ルメール,2:01.6,クビ,2.6,1.0,432(-8),[東] 木村哲也,202506020105
5,2,4,ワーキングデライト,牝3,55.0,武藤雅,2:01.7,1,49.8,11.0,442(-6),[東] 武藤善則,202506020105
6,7,13,ゲンパチルーナ,牝3,54.0,横山琉人,2:01.9,1,284.7,18.0,432(-2),[東] 西田雄一,202506020105
7,3,6,サルーポルティ,牝3,55.0,菅原明良,2:01.9,ハナ,9.4,4.0,406(-4),[東] 国枝栄,202506020105
8,3,5,レガーロカリーノ,牝3,55.0,杉原誠人,2:01.9,アタマ,82.5,14.0,394(-2),[東] 菊沢隆徳,202506020105
9,1,1,ジェノヴィーノ,牝3,55.0,大野拓弥,2:02.0,1,56.4,13.0,408(0),[東] 中舘英二,202506020105
10,6,11,ミライヘノハナ,牝3,55.0,横山武史,2:02.1,アタマ,14.1,6.0,442(-2),[東] 伊藤大士,202506020105
11,1,2,サンタアナウインド,牝3,55.0,北村宏司,2:02.3,1.1/4,55.6,12.0,450(0),[東] 古賀慎明,202506020105
12,8,17,グランセゾン,牝3,55.0,戸崎圭太,2:02.4,1,18.8,7.0,444(0),[東] 栗田徹,202506020105
13,7,14,メリザンド,牝3,52.0,舟山瑠泉,2:02.6,1.1/4,12.2,5.0,456(+16),[東] 田中博康,202506020105
14,4,8,ハッピーウィズユー,牝3,55.0,川田将雅,2:02.6,ハナ,4.2,2.0,488(-8),[東] 小笠倫弘,202506020105
15,6,12,トレベルフィーユ,牝3,52.0,長浜鴻緒,2:03.5,5,282.9,17.0,396(0),[東] 竹内正洋,202506020105
16,4,7,ヤマニンラリアンス,牝3,55.0,江田照男,2:03.7,1.1/4,174.3,16.0,498(0),[東] 村田一誠,202506020105
17,8,18,ベストセラー,牝3,55.0,内田博幸,2:04.2,3,128.1,15.0,426(-6),[東] 森一誠,202506020105
18,7,15,イルジーリオ,牝3,55.0,石川裕紀,2:04.7,3.1/2,49.0,10.0,438(+8),[東] 林徹,202506020105
1,8,16,エンジェルブリーズ,牝3,55.0,岩田康誠,1:47.9,,26.3,7.0,454(0),[東] 中舘英二,202506020106
2,1,2,マイネルフーガ,牡3,57.0,横山武史,1:48.2,2,1.7,1.0,468(-4),[東] 鈴木慎太,202506020106
3,3,5,ヤマニンエイドロン,牡3,57.0,大野拓弥,1:48.3,1/2,59.5,9.0,464(+4),[東] 辻哲英,202506020106
4,1,1,ルトンワージ,牡3,57.0,津村明秀,1:48.7,2.1/2,13.0,5.0,448(0),[東] 斎藤誠,202506020106
5,6,11,ベールドインパクト,牡3,56.0,横山琉人,1:48.8,1/2,30.4,8.0,442(-2),[東] 小島茂之,202506020106
6,8,15,サンカシグレ,牡3,57.0,原優介,1:48.9,1,25.9,6.0,452(+12),[東] 粕谷昌央,202506020106
7,2,4,マキャベリー,牝3,55.0,菅原明良,1:49.1,1.1/4,10.7,3.0,472(-2),[東] 黒岩陽一,202506020106
8,5,9,ベラジオボヤージュ,牝3,50.0,舟山瑠泉,1:49.3,1.1/4,62.8,10.0,452(0),[東] 上原佑紀,202506020106
9,2,3,リッスンクロース,牝3,55.0,杉原誠人,1:49.4,クビ,145.1,12.0,448(+8),[東] 林徹,202506020106
10,6,12,ミカエルイースター,牝3,55.0,ルメール,1:49.5,1,10.8,4.0,446(0),[東] 伊藤大士,202506020106
11,7,13,ムタビリス,牝3,55.0,丸田恭介,1:49.5,アタマ,317.2,14.0,472(+26),[東] 宗像義忠,202506020106
12,4,8,レッドキリアン,牡3,57.0,北村宏司,1:49.6,クビ,143.7,11.0,504(-8),[東] 奥村武,202506020106
13,5,10,ナイトダンサー,牡3,54.0,長浜鴻緒,1:49.7,3/4,168.4,13.0,458(+6),[東] 佐藤吉勝,202506020106
14,3,6,スターエンブレム,牡3,57.0,戸崎圭太,1:49.9,1.1/4,3.9,2.0,468(0),[東] 林徹,202506020106
15,4,7,スパーブケン,牡3,57.0,松岡正海,1:50.0,1/2,364.5,15.0,526(+2),[東] 水野貴広,202506020106
16,7,14,フタリセゾン,牝3,55.0,木幡育也,1:51.0,6,382.9,16.0,438(+18),[東] 勢司和浩,202506020106
1,8,8,ブラックルビー,牝3,55.0,戸崎圭太,1:47.1,,2.3,1.0,420(+4),[東] 田中博康,202506020107
2,4,4,エナジーショット,牝3,54.0,横山琉人,1:47.2,3/4,17.1,6.0,414(-6),[東] 矢嶋大樹,202506020107
3,6,6,ノビリシマビジョン,牝3,55.0,横山武史,1:47.4,1.1/4,2.4,2.0,484(+4),[東] 青木孝文,202506020107
4,2,2,ネーブルオレンジ,牝3,52.0,長浜鴻緒,1:47.4,クビ,6.3,3.0,470(+4),[西] 杉山佳明,202506020107
5,7,7,ラーナローザ,牝3,55.0,大野拓弥,1:47.7,1.3/4,55.6,7.0,492(-6),[東] 畠山吉宏,202506020107
6,1,1,ホリーアン,牝3,55.0,丸田恭介,1:47.9,3/4,14.6,5.0,432(+10),[東] 萱野浩二,202506020107
7,8,9,オーケーマヒナ,牝3,55.0,石川裕紀,1:49.0,7,9.9,4.0,468(-2),[東] 相沢郁,202506020107
8,5,5,サノノロンドン,牝3,52.0,遠藤汰月,1:49.6,3.1/2,74.0,8.0,428(-2),[東] 尾形和幸,202506020107
9,3,3,アイカチャン,牝3,51.0,谷原柚希,1:50.9,8,152.1,9.0,390(0),[東] 蛯名利弘,202506020107
1,3,6,トロピカルヒーロー,牡5,55.0,長浜鴻緒,1:12.5,,20.0,5.0,540(+2),[東] 根本康広,202506020108
2,4,8,ショウナンハクウン,牡5,58.0,岩田康誠,1:12.8,1.3/4,31.1,9.0,506(+8),[東] 大竹正博,202506020108
3,3,5,ラヴァグロウ,牝5,56.0,丸田恭介,1:13.0,1.1/4,39.8,10.0,456(+26),[東] 畠山吉宏,202506020108
4,2,3,フォンメイリー,牝6,55.0,横山琉人,1:13.1,クビ,50.8,12.0,486(0),[東] 粕谷昌央,202506020108
5,5,10,ウィウィルウィン,牡4,58.0,江田照男,1:13.3,1.1/4,117.3,14.0,522(0),[東] 中川公成,202506020108
6,5,9,ライトニングゼウス,牡4,58.0,戸崎圭太,1:13.3,クビ,1.6,1.0,516(+10),[東] 勢司和浩,202506020108
7,1,2,コウユーユメノヨウ,牝4,56.0,木幡初也,1:13.4,クビ,166.0,15.0,460(+14),[東] 竹内正洋,202506020108
8,7,14,アツキヤマト,牡4,58.0,小林凌大,1:13.4,クビ,50.4,11.0,512(+10),[東] 小西一男,202506020108
9,2,4,ゴールデンシーカー,牡6,58.0,大野拓弥,1:13.6,1.1/4,11.3,4.0,498(-6),[東] 天間昭一,202506020108
10,1,1,キングヴァージル,牡4,58.0,北村宏司,1:13.6,ハナ,25.6,8.0,508(+14),[東] 田島俊明,202506020108
11,4,7,コスモジョセフ,牡5,58.0,三浦皇成,1:14.1,3,7.7,3.0,502(+2),[東] 伊藤大士,202506020108
12,8,15,アリュシナシオン,セ6,58.0,津村明秀,1:14.5,2,7.3,2.0,530(+2),[東] 土田稔,202506020108
13,7,13,スラーヴァ,牡4,58.0,石川裕紀,1:14.5,クビ,314.1,16.0,480(-11),[東] 高橋文雅,202506020108
14,6,12,ジェットブレイク,牡4,58.0,内田博幸,1:14.5,ハナ,24.1,7.0,502(+12),[東] 斎藤誠,202506020108
15,6,11,キョウエイディーズ,牝6,53.0,遠藤汰月,1:15.9,8,97.9,13.0,462(+8),[東] 千葉直人,202506020108
16,8,16,クラークテソーロ,牡4,58.0,木幡巧也,1:16.4,3,20.9,6.0,536(+36),[東] 加藤士津,202506020108
1,4,4,エーオーキング,牡3,57.0,田辺裕信,2:16.5,,69.0,9.0,448(+2),[東] 久保田貴,202506020109
2,8,13,エデルクローネ,牡3,57.0,ルメール,2:16.8,2,2.1,1.0,484(0),[東] 手塚貴久,202506020109
3,3,3,フィーリウス,牡3,57.0,木幡巧也,2:16.9,1/2,144.8,12.0,496(+4),[東] 手塚貴久,202506020109
4,4,5,サンライズグラシア,牡3,57.0,津村明秀,2:16.9,ハナ,64.8,8.0,478(0),[西] 矢作芳人,202506020109
5,7,10,サトノパトリオット,牡3,57.0,北村宏司,2:17.0,クビ,6.2,3.0,488(-2),[東] 木村哲也,202506020109
6,8,12,カーミングライツ,牡3,57.0,横山琉人,2:17.2,1.1/4,11.1,6.0,518(-2),[東] 小島茂之,202506020109
7,5,7,コスモキャバリエ,牡3,57.0,菅原明良,2:17.2,アタマ,141.7,11.0,474(+18),[東] 高木登,202506020109
8,7,11,スワローシチー,牡3,57.0,石川裕紀,2:17.2,ハナ,9.8,5.0,464(+4),[東] 相沢郁,202506020109
9,2,2,ビーオンザカバー,牡3,57.0,横山武史,2:17.2,クビ,6.6,4.0,474(+2),[東] 伊藤圭三,202506020109
10,6,9,ヤコブセン,牡3,57.0,岩田康誠,2:17.2,ハナ,76.2,10.0,510(+2),[東] 斎藤誠,202506020109
11,6,8,ニシノイストワール,牡3,57.0,三浦皇成,2:17.3,1/2,20.9,7.0,462(+2),[東] 鹿戸雄一,202506020109
12,5,6,ドーサンドーサン,牡3,57.0,大野拓弥,2:17.5,1.1/4,411.7,13.0,474(-10),[西] 畑端省吾,202506020109
13,1,1,ディヴァインスター,牡3,57.0,戸崎圭太,2:17.7,1.1/4,5.7,2.0,476(-2),[東] 林徹,202506020109
1,5,9,ニットウバジル,牡5,56.0,吉田豊,1:11.0,,3.1,1.0,514(-2),[東] 高橋文雅,202506020110
2,8,16,ブシン,牡4,57.0,川田将雅,1:11.1,1/2,3.3,2.0,482(-8),[西] 森秀行,202506020110
3,5,10,キタノソワレ,牝4,53.0,木幡巧也,1:11.3,3/4,27.5,10.0,470(-10),[東] 本間忍,202506020110
4,3,5,シークレットヴァウ,牡4,55.0,武藤雅,1:11.5,1.1/4,25.8,9.0,466(-4),[東] 武藤善則,202506020110
5,4,7,カンパニョーラ,牝6,53.0,嶋田純次,1:11.7,1.1/4,14.5,5.0,458(+6),[東] 伊坂重信,202506020110
6,7,13,アメリカンマーチ,牡4,56.0,菅原明良,1:12.0,2,6.4,3.0,492(-2),[西] 池江泰寿,202506020110
7,3,6,キャンディドライヴ,牡6,54.0,野中悠太,1:12.0,ハナ,66.1,13.0,498(-2),[東] 黒岩陽一,202506020110
8,1,2,パルデンス,牡7,55.0,内田博幸,1:12.1,3/4,25.5,8.0,486(-12),[東] 森一誠,202506020110
9,6,11,ミレヴィーナス,牝6,53.0,松岡正海,1:12.1,クビ,38.2,12.0,452(-6),[西] 茶木太樹,202506020110
10,2,4,アルムラトゥール,牡5,54.0,石川裕紀,1:12.2,アタマ,30.1,11.0,504(+2),[西] 西園翔太,202506020110
11,1,1,ムーム,牝4,53.0,藤懸貴志,1:12.5,2,17.3,6.0,462(+6),[西] 杉山佳明,202506020110
12,4,8,プレシオーソ,セ8,54.0,菱田裕二,1:12.6,1/2,155.0,16.0,476(-4),[西] 岡田稲男,202506020110
13,8,15,スマートアイ,牝5,54.0,ルメール,1:12.9,2,13.6,4.0,508(-8),[西] 寺島良,202506020110
14,2,3,アイファーシアトル,牝5,52.0,富田暁,1:13.3,2.1/2,78.7,14.0,470(-8),[西] 鮫島一歩,202506020110
15,7,14,エレガントムーン,牝5,53.0,戸崎圭太,1:13.7,2.1/2,17.5,7.0,430(-8),[西] 牧浦充徳,202506020110
16,6,12,ネグレスコ,牝4,52.0,原優介,1:14.1,2.1/2,88.4,15.0,480(-2),[西] 西園正都,202506020110
1,6,11,ママコチャ,牝6,56.0,川田将雅,1:07.1,,2.7,1.0,494(-2),[西] 池江泰寿,202506020111
2,7,12,ペアポルックス,牡4,57.0,岩田康誠,1:07.2,1/2,8.0,3.0,472(-8),[西] 梅田智之,202506020111
3,2,2,ウイングレイテスト,牡8,57.0,横山武史,1:07.5,2,9.9,6.0,516(+4),[東] 畠山吉宏,202506020111
4,7,13,ヴェントヴォーチェ,牡8,57.0,ルメール,1:07.6,1/2,9.6,5.0,518(-10),[西] 牧浦充徳,202506020111
5,6,10,ウインモナーク,牡6,57.0,松岡正海,1:07.7,1,8.0,4.0,504(+6),[東] 奥平雅士,202506020111
6,3,4,ショウナンハクラク,牡6,57.0,津村明秀,1:07.8,3/4,133.8,14.0,476(+4),[西] 松下武士,202506020111
7,1,1,レッドモンレーヴ,牡6,57.0,田辺裕信,1:08.0,1,12.3,8.0,522(+16),[東] 蛯名正義,202506020111
8,3,5,スリーアイランド,牝5,55.0,北村宏司,1:08.0,アタマ,45.3,10.0,480(-10),[西] 中竹和也,202506020111
9,5,8,オフトレイル,牡4,57.0,菱田裕二,1:08.0,アタマ,11.2,7.0,456(0),[西] 吉村圭司,202506020111
10,2,3,ステークホルダー,牡5,57.0,戸崎圭太,1:08.1,1/2,5.9,2.0,466(-2),[東] 斎藤誠,202506020111
11,8,14,クムシラコ,牡7,57.0,杉原誠人,1:08.1,クビ,379.5,15.0,478(+4),[東] 石毛善彦,202506020111
12,8,15,サウザンサニー,牡5,57.0,藤懸貴志,1:08.2,1/2,132.6,13.0,520(+2),[東] 岩戸孝樹,202506020111
13,4,6,オーキッドロマンス,牡4,57.0,丸田恭介,1:08.4,1,60.5,11.0,498(+8),[東] 手塚貴久,202506020111
14,5,9,プルパレイ,セ6,57.0,菅原明良,1:08.6,1.1/4,90.4,12.0,492(-10),[西] 須貝尚介,202506020111
15,4,7,テイエムスパーダ,牝6,55.0,富田暁,1:08.9,2,34.9,9.0,492(-18),[西] 木原一良,202506020111
1,6,10,ソーニーイシュー,牡4,58.0,川田将雅,1:53.5,,1.7,1.0,504(-10),[西] 千田輝彦,202506020112
2,3,3,ソレルビュレット,牡4,58.0,ルメール,1:54.1,3.1/2,4.3,2.0,520(-2),[東] 宮田敬介,202506020112
3,3,4,ブレイゼスト,牡5,58.0,木幡巧也,1:54.2,1/2,34.6,7.0,530(-8),[東] 牧光二,202506020112
4,5,8,デルマタモン,牡7,58.0,北村宏司,1:54.9,4,323.5,14.0,512(-4),[東] 勢司和浩,202506020112
5,8,13,ショウナンカブト,セ5,58.0,大野拓弥,1:54.9,クビ,13.3,5.0,536(-4),[東] 戸田博文,202506020112
6,6,9,サトミノマロン,牡6,58.0,横山武史,1:55.2,1.3/4,186.4,10.0,528(0),[東] 鈴木伸尋,202506020112
7,5,7,ラオラシオン,牡4,58.0,岩田康誠,1:55.4,1.1/4,12.1,4.0,498(+4),[東] 斎藤誠,202506020112
8,2,2,サトノトルネード,牡5,58.0,戸崎圭太,1:55.5,クビ,5.6,3.0,526(+8),[東] 国枝栄,202506020112
9,4,6,アパイシュナール,牝4,56.0,津村明秀,1:55.5,アタマ,50.7,8.0,450(-2),[東] 田村康仁,202506020112
10,1,1,バニシングポイント,セ7,58.0,杉原誠人,1:55.6,クビ,32.8,6.0,498(+2),[東] 古賀慎明,202506020112
11,7,11,フリーフロー,牡8,58.0,丸田恭介,1:55.8,1.1/4,176.5,9.0,482(0),[東] 宗像義忠,202506020112
12,8,14,コルデアニル,牝5,56.0,内田博幸,1:55.9,1/2,265.4,12.0,482(+6),[東] 金成貴史,202506020112
13,4,5,ナンヨーヴィヨレ,牡7,57.0,横山琉人,1:56.5,4,265.7,13.0,474(+2),[東] 宗像義忠,202506020112
14,7,12,ネバレチュゴー,牡5,58.0,江田照男,1:57.6,7,242.4,11.0,538(+2),[東] 西田雄一,202506020112
1,8,15,サブアトミック,牝3,55.0,キング,1:12.8,,3.2,2.0,462(0),[東] 伊藤圭三,202506020201
2,7,14,アイアンソリッド,牝3,55.0,菅原明良,1:12.9,3/4,1.8,1.0,452(-6),[東] 本間忍,202506020201
3,8,16,ミートザターゲット,牝3,55.0,小林凌大,1:13.3,2,25.7,7.0,432(-8),[東] 森一誠,202506020201
4,5,10,ポートタウランガ,牝3,55.0,横山和生,1:13.8,3,52.1,10.0,452(-22),[東] 嘉藤貴行,202506020201
5,3,6,タブロー,牝3,55.0,内田博幸,1:14.0,1.1/2,124.7,12.0,456(+4),[東] 矢野英一,202506020201
6,4,7,サトノエバー,牝3,55.0,三浦皇成,1:14.2,1.1/4,27.7,8.0,446(+2),[東] 高柳瑞樹,202506020201
7,1,2,ニッシンゲッポ,牝3,55.0,戸崎圭太,1:14.4,1.1/4,11.1,3.0,440(+18),[東] 金成貴史,202506020201
8,7,13,エスシーボニー,牝3,55.0,丸田恭介,1:14.4,アタマ,207.6,13.0,428(-4),[東] 宗像義忠,202506020201
9,6,11,ビレッジルミエール,牝3,52.0,長浜鴻緒,1:14.5,アタマ,23.3,6.0,448(0),[東] 伊藤圭三,202506020201
10,4,8,ベールドゥフィーユ,牝3,52.0,上里直汰,1:14.5,クビ,106.8,11.0,398(+6),[東] 加藤士津,202506020201
11,1,1,リアライズリリー,牝3,55.0,石川裕紀,1:14.8,1.1/2,50.9,9.0,426(+26),[東] 手塚貴久,202506020201
12,2,3,レオネッサ,牝3,52.0,舟山瑠泉,1:15.0,1,22.1,5.0,452(-8),[東] 池上昌和,202506020201
13,5,9,ロジステート,牝3,55.0,木幡巧也,1:15.0,アタマ,16.5,4.0,472(0),[東] 尾形和幸,202506020201
14,2,4,リンダ,牝3,52.0,土田真翔,1:15.0,ハナ,224.9,14.0,430(0),[東] 田村康仁,202506020201
15,3,5,ファイアーワルツ,牝3,55.0,菅原隆一,1:15.2,1.1/2,438.3,16.0,474(-8),[東] 小手川準,202506020201
16,6,12,ユリオプスイエロー,牝3,52.0,遠藤汰月,1:15.4,1,376.3,15.0,448(+8),[東] 武市康男,202506020201
1,4,7,アイオリア,牡3,57.0,横山和生,1:55.5,,2.5,1.0,510(-10),[東] 奥村武,202506020202
2,7,14,オンクラウドナイン,牡3,57.0,藤岡佑介,1:56.4,5,64.5,10.0,514(0),[東] 和田正一,202506020202
3,1,1,エポカリーナ,牡3,57.0,杉原誠人,1:57.4,6,92.7,11.0,454(+4),[東] 土田稔,202506020202
4,5,9,ドラゴンバスター,セ3,57.0,岩部純二,1:57.4,アタマ,267.8,15.0,478(-6),[東] 萱野浩二,202506020202
5,3,5,ゴットランド,牡3,57.0,キング,1:57.5,1/2,2.7,2.0,502(-4),[東] 斎藤誠,202506020202
6,7,13,シャイニーヒル,牡3,57.0,田辺裕信,1:58.3,5,13.1,4.0,484(-4),[東] 尾関知人,202506020202
7,6,11,カズナリ,牡3,57.0,団野大成,1:58.5,1.1/4,28.4,8.0,492(+4),[東] 中舘英二,202506020202
8,8,15,スターコンパス,牡3,54.0,長浜鴻緒,1:58.8,1.1/2,253.4,14.0,472(-6),[東] 根本康広,202506020202
9,2,4,ブライトゲイザー,牡3,57.0,津村明秀,1:58.9,1/2,6.2,3.0,492(+6),[東] 宗像義忠,202506020202
10,3,6,デルマラメール,牝3,55.0,木幡巧也,1:59.0,1/2,20.6,7.0,436(-10),[東] 勢司和浩,202506020202
11,2,3,デュピュイドローム,牡3,57.0,北村宏司,1:59.0,アタマ,18.3,5.0,530(0),[東] 宮田敬介,202506020202
12,8,16,ジロラータ,牡3,57.0,吉田豊,1:59.2,1,20.4,6.0,468(-4),[東] 久保田貴,202506020202
13,6,12,ペイシャヴァルワン,牝3,55.0,木幡初也,1:59.8,4,53.7,9.0,406(-2),[東] 粕谷昌央,202506020202
14,5,10,カシマスウィープ,牝3,52.0,遠藤汰月,2:00.3,3,177.1,13.0,494(-4),[東] 伊藤伸一,202506020202
15,4,8,リョウランナイト,牡3,54.0,上里直汰,2:02.9,大,145.7,12.0,486(+8),[東] 小野次郎,202506020202
16,1,2,ヴァルトバーデン,牡3,54.0,舟山瑠泉,2:03.8,5,287.0,16.0,478(-6),[東] 嘉藤貴行,202506020202
1,4,8,シュレン,牝3,55.0,三浦皇成,1:12.7,,3.3,2.0,372(-8),[東] 千葉直人,202506020203
2,2,3,ポッドベル,牡3,57.0,横山武史,1:12.8,クビ,8.9,5.0,472(+10),[東] 和田勇介,202506020203
3,2,4,タッカーバリアント,牡3,57.0,吉田豊,1:12.8,ハナ,45.3,10.0,464(-2),[東] 田島俊明,202506020203
4,1,1,エテオクロス,牡3,57.0,大野拓弥,1:12.9,クビ,27.7,7.0,518(-4),[東] 新開幸一,202506020203
5,7,14,ウフドゥウフ,牡3,57.0,田辺裕信,1:12.9,ハナ,2.6,1.0,494(-12),[東] 上原博之,202506020203
6,6,12,フレーズボンボン,牝3,55.0,菅原明良,1:13.4,3,6.6,3.0,422(-14),[東] 中舘英二,202506020203
7,5,10,トーアジョウトウ,牡3,57.0,江田照男,1:13.4,ハナ,8.6,4.0,492(-4),[東] 村田一誠,202506020203
8,6,11,ラースアルアイン,牡3,57.0,丸田恭介,1:13.4,ハナ,180.9,14.0,526(-6),[東] 中川公成,202506020203
9,5,9,アシャカルーク,牡3,57.0,横山典弘,1:13.5,1/2,45.3,9.0,448(-2),[東] 鈴木伸尋,202506020203
10,8,16,ヘイケ,牡3,57.0,木幡巧也,1:13.7,3/4,20.2,6.0,508(-4),[東] 尾形和幸,202506020203
11,8,15,ボンジュールゼン,牡3,57.0,石橋脩,1:13.7,アタマ,37.0,8.0,460(-20),[東] 大和田成,202506020203
12,7,13,ドリームパンジャ,牝3,55.0,Ｍ．デム,1:14.1,2.1/2,223.4,15.0,426(-4),[東] 金成貴史,202506020203
13,3,5,シヴァガミ,牡3,54.0,上里直汰,1:14.6,3.1/2,147.2,12.0,480(+2),[東] 小野次郎,202506020203
14,4,7,ブルーフラット,牝3,52.0,遠藤汰月,1:15.5,5,129.0,11.0,436(-6),[東] 蛯名利弘,202506020203
15,1,2,ケイツーレウ,牝3,52.0,長浜鴻緒,1:15.7,1,174.2,13.0,500(0),[東] 深山雅史,202506020203
16,3,6,ランブータン,牡3,57.0,菅原隆一,1:16.4,4,559.0,16.0,492(+10),[東] 的場均,202506020203
1,3,6,シャンハイナイト,牝3,55.0,江田照男,1:55.9,,6.8,3.0,460(-4),[東] 村田一誠,202506020204
2,6,12,デルマアポロニア,牝3,55.0,松岡正海,1:56.4,3,1.6,1.0,478(+8),[東] 蛯名正義,202506020204
3,8,16,ラジャアンパット,牝3,55.0,杉原誠人,1:57.0,3.1/2,5.5,2.0,514(0),[東] 林徹,202506020204
4,7,13,ニシノフローレス,牝3,55.0,大野拓弥,1:57.0,クビ,88.1,11.0,486(0),[東] 小手川準,202506020204
5,4,8,ヴァイオパイシーズ,牝3,55.0,横山武史,1:57.1,クビ,9.0,4.0,452(-8),[東] 和田勇介,202506020204
6,5,9,ヴォーパルソード,牝3,55.0,木幡初也,1:57.4,1.3/4,44.8,9.0,466(-10),[東] 武市康男,202506020204
7,5,10,ルージュメアート,牝3,55.0,吉田豊,1:57.6,1.1/4,42.8,8.0,528(0),[東] 高柳瑞樹,202506020204
8,2,3,トリュフチョコ,牝3,55.0,津村明秀,1:58.4,5,36.4,7.0,444(+14),[東] 林徹,202506020204
9,3,5,ランメルスベルグ,牝3,55.0,内田博幸,1:58.7,1.3/4,113.1,13.0,534(+2),[東] 宮田敬介,202506020204
10,1,1,アイスリーディング,牝3,52.0,長浜鴻緒,1:58.8,1/2,29.2,6.0,428(-6),[東] 小笠倫弘,202506020204
11,1,2,レジーナシルバルム,牝3,55.0,団野大成,1:59.0,1.1/4,19.0,5.0,474(+20),[東] 武井亮,202506020204
12,7,14,プルプレア,牝3,55.0,原優介,1:59.2,1,59.7,10.0,466(-2),[東] 中川公成,202506020204
13,2,4,イスラコラソン,牝3,55.0,丸田恭介,1:59.9,4,152.2,14.0,432(-4),[東] 大和田成,202506020204
14,8,15,イデアブリランテ,牝3,55.0,木幡育也,2:00.9,6,467.1,16.0,400(-4),[東] 松永康利,202506020204
15,6,11,プレシャスアセット,牝3,55.0,荻野極,2:01.5,4,175.8,15.0,424(-10),[東] 池上昌和,202506020204
16,4,7,カールルイコ,牝3,52.0,石田拓郎,2:02.0,3,93.9,12.0,424(-6),[東] 南田美知,202506020204
1,8,17,ウィッシュツリー,牝3,55.0,津村明秀,2:13.8,,3.2,1.0,444(+6),[東] 宮田敬介,202506020205
2,8,18,ムーンストラック,牝3,55.0,江田照男,2:14.6,5,414.1,17.0,454(-9),[東] 武市康男,202506020205
3,7,15,ビリングス,牡3,57.0,ルメール,2:14.6,クビ,4.0,2.0,472(-2),[東] 手塚貴久,202506020205
4,1,2,フェルヴァーラ,牝3,55.0,戸崎圭太,2:14.7,1/2,4.1,3.0,452(-2),[東] 田中博康,202506020205
5,8,16,リアライズハロック,牡3,57.0,大野拓弥,2:14.9,1,22.4,7.0,476(0),[東] 池上昌和,202506020205
6,7,13,マイネルトラキア,牡3,57.0,木幡巧也,2:14.9,アタマ,186.5,12.0,456(-4),[東] 上原博之,202506020205
7,3,5,ダノンアンチュラス,牡3,57.0,横山和生,2:15.0,3/4,5.2,4.0,474(-2),[東] 国枝栄,202506020205
8,4,8,ベリーズブルー,牝3,55.0,原優介,2:15.3,2,138.5,10.0,418(0),[東] 鈴木慎太,202506020205
9,7,14,チェントポルテ,牝3,55.0,キング,2:15.6,1.1/2,15.2,5.0,418(+6),[東] 上原佑紀,202506020205
10,3,6,ナリノボガート,牡3,54.0,長浜鴻緒,2:15.8,1.1/2,48.1,9.0,462(0),[東] 上原博之,202506020205
11,4,7,エリナ,牝3,51.0,谷原柚希,2:15.8,ハナ,251.7,13.0,410(-4),[東] 戸田博文,202506020205
12,6,11,ユーウェイン,牡3,57.0,丸田恭介,2:16.0,1.1/4,153.6,11.0,440(-12),[東] 宗像義忠,202506020205
13,2,4,ダブルドラゴン,牡3,57.0,嶋田純次,2:16.0,アタマ,381.6,16.0,512(-8),[東] 伊藤大士,202506020205
14,2,3,ウインポラリス,牝3,55.0,松岡正海,2:16.5,3,40.0,8.0,426(0),[東] 畠山吉宏,202506020205
15,1,1,ホウオウスターツ,牡3,57.0,北村宏司,2:16.6,1,16.0,6.0,466(-6),[東] 池上昌和,202506020205
16,5,9,ハクサンハナビ,牝3,52.0,上里直汰,2:16.7,1/2,295.7,15.0,444(+2),[東] 加藤士津,202506020205
17,5,10,コンテディカヴール,牝3,55.0,荻野極,2:17.2,3,257.3,14.0,468(+4),[東] 栗田徹,202506020205
18,6,12,アンテニトルス,牝3,55.0,石川裕紀,2:18.1,5,436.1,18.0,456(-10),[東] 奥村武,202506020205
1,6,12,アメージング,牡3,57.0,田辺裕信,1:53.9,,11.5,4.0,480(+2),[東] 中舘英二,202506020206
2,8,15,サムシャイン,牡3,57.0,横山和生,1:54.3,2,1.9,1.0,476(-6),[東] 鈴木慎太,202506020206
3,7,14,メリークリスマス,牡3,54.0,長浜鴻緒,1:54.3,クビ,40.5,10.0,472(0),[東] 小手川準,202506020206
4,8,16,スマートシーカー,牡3,57.0,津村明秀,1:54.9,3.1/2,14.5,6.0,486(-6),[西] 吉村圭司,202506020206
5,7,13,ローズマイスター,牡3,57.0,原優介,1:55.1,1.1/4,160.8,14.0,514(0),[東] 黒岩陽一,202506020206
6,6,11,トルショー,牡3,57.0,戸崎圭太,1:55.1,クビ,5.4,2.0,464(0),[東] 伊藤圭三,202506020206
7,4,8,マウントバーノン,牡3,57.0,大野拓弥,1:55.1,ハナ,50.5,11.0,510(-2),[東] 戸田博文,202506020206
8,5,10,ルグランヴァン,牡3,57.0,菅原明良,1:55.1,ハナ,17.0,7.0,488(0),[東] 高木登,202506020206
9,3,5,エンマ,牡3,57.0,藤岡佑介,1:55.2,クビ,11.9,5.0,464(-2),[西] 武英智,202506020206
10,1,2,ジェシーテソーロ,牡3,57.0,木幡巧也,1:55.3,3/4,54.8,12.0,484(0),[東] 牧光二,202506020206
11,5,9,コンアフェット,牝3,55.0,横山武史,1:55.4,クビ,40.3,9.0,468(0),[東] 斎藤誠,202506020206
12,1,1,ロジリッキー,牡3,57.0,三浦皇成,1:55.6,1.1/4,9.5,3.0,486(-4),[東] 国枝栄,202506020206
13,4,7,ウィテカービート,牡3,57.0,横山典弘,1:56.1,3,78.6,13.0,506(-4),[西] 昆貢,202506020206
14,3,6,ソクヅモドラドラ,牡3,57.0,ルメール,1:56.1,クビ,33.7,8.0,496(-2),[東] 上原佑紀,202506020206
15,2,4,コパノエミリア,牝3,55.0,松岡正海,1:56.2,クビ,263.3,15.0,464(+2),[西] 村山明,202506020206
16,2,3,パナランギン,牡3,57.0,原田和真,1:56.7,3.1/2,648.9,16.0,480(-4),[東] 松山将樹,202506020206
1,1,1,ストレイトトーカー,牡3,57.0,大野拓弥,1:34.6,,3.2,2.0,478(0),[東] 岩戸孝樹,202506020207
2,4,4,ウィルサヴァイブ,牝3,55.0,団野大成,1:34.8,1.1/4,16.8,5.0,434(+4),[西] 須貝尚介,202506020207
3,6,6,カザンラク,牡3,57.0,ルメール,1:34.8,クビ,1.8,1.0,486(+14),[東] 嘉藤貴行,202506020207
4,5,5,チョングク,牡3,57.0,丸田恭介,1:34.8,ハナ,124.9,6.0,468(-4),[東] 南田美知,202506020207
5,2,2,ルパヴィヨン,牝3,55.0,キング,1:34.8,ハナ,8.1,4.0,468(+2),[東] 小手川準,202506020207
6,7,7,オンザムーブ,牡3,57.0,戸崎圭太,1:34.9,3/4,5.3,3.0,504(-4),[西] 矢作芳人,202506020207
7,3,3,ソルエパトリオット,牡3,56.0,横山琉人,1:35.6,4,200.8,8.0,408(+2),[東] 粕谷昌央,202506020207
8,8,9,タイショウロマン,牝3,55.0,杉原誠人,1:35.6,1/2,188.7,7.0,428(-6),[東] 石毛善彦,202506020207
除,8,8,セルズパワー,牡3,57.0,松岡正海,,,---,,468(0),[西] 牧田和弥,202506020207
1,6,11,アースイオス,牡4,58.0,小林凌大,1:54.3,,5.2,3.0,530(-2),[東] 小西一男,202506020208
2,2,4,スペイドアン,牡4,55.0,上里直汰,1:54.5,1.1/4,38.0,8.0,496(-4),[東] 加藤士津,202506020208
3,6,12,オウケンシルヴァー,牡4,58.0,木幡育也,1:54.6,クビ,6.3,4.0,496(+4),[東] 松永康利,202506020208
4,7,13,マンダリンボレロ,牡5,55.0,遠藤汰月,1:54.9,1.3/4,246.2,11.0,512(+26),[東] 伊藤伸一,202506020208
5,5,10,フリッパー,牡5,58.0,三浦皇成,1:54.9,クビ,22.7,7.0,502(-2),[東] 戸田博文,202506020208
6,1,1,ウインイメル,牡4,58.0,キング,1:55.3,2.1/2,3.1,1.0,494(-6),[東] 深山雅史,202506020208
7,8,15,コトブキヘスペラス,牡5,58.0,内田博幸,1:55.3,ハナ,105.8,9.0,470(+4),[東] 金成貴史,202506020208
8,8,16,アイウィル,牡4,58.0,菅原明良,1:55.4,クビ,11.7,6.0,516(0),[東] 高木登,202506020208
9,2,3,パルティーダ,牡4,58.0,大野拓弥,1:56.7,8,323.8,13.0,498(+6),[東] 新開幸一,202506020208
10,4,8,ダンツティアラ,牡4,58.0,横山武史,1:57.1,2.1/2,3.9,2.0,484(-2),[東] 蛯名正義,202506020208
11,4,7,ジャミラヌール,牝4,56.0,戸崎圭太,1:57.5,2,7.4,5.0,478(0),[東] 高柳瑞樹,202506020208
12,1,2,シャドウルパン,牡4,58.0,団野大成,1:57.5,クビ,107.8,10.0,506(+6),[東] 斎藤誠,202506020208
13,7,14,コハナ,牡4,55.0,石田拓郎,1:57.9,2.1/2,305.3,12.0,426(+13),[東] 天間昭一,202506020208
14,5,9,チャコワールド,牡6,58.0,野中悠太,1:58.1,1.1/2,620.7,16.0,462(+14),[東] 根本康広,202506020208
15,3,5,チェイスザウィンド,牡4,58.0,原優介,1:58.3,3/4,356.9,15.0,508(+15),[東] 石栗龍彦,202506020208
16,3,6,スノークローバー,牡4,58.0,荻野極,2:00.3,大,349.6,14.0,516(+22),[東] 加藤和宏,202506020208
1,7,9,ヴルカーノ,牡7,58.0,松岡正海,1:48.8,,41.2,7.0,494(-4),[東] 稲垣幸雄,202506020209
2,8,10,ルーチェロッサ,牝5,56.0,横山琉人,1:48.8,ハナ,163.9,10.0,474(+14),[東] 相沢郁,202506020209
3,3,3,ヤマニンガラッシア,牡8,58.0,大野拓弥,1:48.8,アタマ,21.6,5.0,460(-4),[東] 辻哲英,202506020209
4,7,8,パンジャ,牡4,58.0,戸崎圭太,1:48.8,クビ,7.3,4.0,484(-8),[東] 金成貴史,202506020209
5,1,1,シンハナーダ,牡4,58.0,ルメール,1:49.0,1,1.8,1.0,468(-2),[東] 国枝栄,202506020209
6,4,4,オルノア,牝5,56.0,横山和生,1:49.0,クビ,4.1,2.0,498(-4),[西] 新谷功一,202506020209
7,5,5,デファイ,牝4,56.0,団野大成,1:49.0,クビ,50.7,8.0,460(-2),[東] 斎藤誠,202506020209
8,8,11,レッセパッセ,牝4,56.0,津村明秀,1:49.1,クビ,51.8,9.0,386(-2),[西] 西園翔太,202506020209
9,6,7,ルカランフィースト,牡4,58.0,キング,1:49.1,クビ,5.6,3.0,478(+2),[東] 鹿戸雄一,202506020209
10,2,2,アルゲンテウス,セ6,58.0,Ｍ．デム,1:49.2,1/2,33.4,6.0,464(+2),[東] 小島茂之,202506020209
11,6,6,ヴィブラツィオーネ,セ6,58.0,石川裕紀,1:49.3,1,254.7,11.0,470(+4),[東] 辻哲英,202506020209
1,1,1,ジューンブレア,牝4,56.0,戸崎圭太,1:07.4,,2.9,2.0,484(0),[西] 武英智,202506020210
2,7,14,スピードオブライト,牝5,56.0,石川裕紀,1:07.6,1.1/2,21.4,6.0,420(-10),[東] 相沢郁,202506020210
3,3,6,レオテミス,牝4,56.0,石田拓郎,1:07.6,アタマ,2.6,1.0,496(+6),[西] 高柳大輔,202506020210
4,3,5,トーラスシャイン,牡4,58.0,藤岡佑介,1:07.8,1.1/4,7.3,3.0,474(0),[西] 田中克典,202506020210
5,1,2,トーセンサンダー,牡6,58.0,大野拓弥,1:07.9,クビ,43.8,9.0,488(-6),[東] 杉浦宏昭,202506020210
6,4,8,オードゥメール,牝6,56.0,菅原明良,1:08.0,1/2,54.7,10.0,494(+4),[東] 斎藤誠,202506020210
7,2,3,ドーバーホーク,牡5,58.0,荻野極,1:08.0,アタマ,120.3,13.0,482(+2),[東] 清水英克,202506020210
8,8,15,ツインクルトーズ,牝5,56.0,木幡巧也,1:08.2,1.1/4,71.6,12.0,518(+10),[東] 牧光二,202506020210
9,2,4,ショウナンマッハ,セ6,58.0,石橋脩,1:08.2,アタマ,207.8,15.0,494(+2),[西] 茶木太樹,202506020210
10,5,10,ヴェサリウス,牡4,58.0,三浦皇成,1:08.2,アタマ,7.3,4.0,480(-8),[東] 菊沢隆徳,202506020210
11,5,9,ルーフ,牝5,56.0,キング,1:08.3,クビ,23.3,7.0,482(0),[西] 清水久詞,202506020210
12,6,11,ソノママソノママ,牝5,56.0,ルメール,1:08.3,クビ,17.2,5.0,442(0),[西] 奥村豊,202506020210
13,4,7,ハーモニーマゼラン,牡8,58.0,津村明秀,1:08.5,1.1/4,229.6,16.0,538(+24),[東] 土田稔,202506020210
14,7,13,イルクオーレ,セ7,58.0,吉田豊,1:08.9,2.1/2,43.7,8.0,494(-6),[東] 高橋文雅,202506020210
15,6,12,ヴィントミューレ,セ7,58.0,杉原誠人,1:09.0,1/2,59.3,11.0,424(-18),[東] 木村哲也,202506020210
中,8,16,ショウナンアレス,牡7,58.0,団野大成,,,122.3,14.0,534(-4),[西] 新谷功一,202506020210
1,1,1,シックスペンス,牡4,58.0,ルメール,1:44.8,,3.1,2.0,512(+10),[東] 国枝栄,202506020211
2,2,4,エコロヴァルツ,牡4,57.0,Ｍ．デム,1:44.8,ハナ,6.9,3.0,488(0),[西] 牧浦充徳,202506020211
3,4,8,ソウルラッシュ,牡7,59.0,団野大成,1:45.0,1.1/4,2.8,1.0,508(-9),[西] 池江泰寿,202506020211
4,3,5,タイムトゥヘヴン,牡7,57.0,田辺裕信,1:45.3,1.3/4,113.7,14.0,490(+6),[東] 戸田博文,202506020211
5,8,16,クルゼイロドスル,牡5,57.0,荻野極,1:45.3,クビ,48.2,9.0,502(+2),[西] 高橋義忠,202506020211
6,4,7,メイショウチタン,牡8,57.0,吉田豊,1:45.3,アタマ,76.0,13.0,476(-4),[西] 本田優,202506020211
7,6,11,グランディア,セ6,57.0,三浦皇成,1:45.4,クビ,66.3,11.0,486(+6),[西] 中内田充,202506020211
8,2,3,ボーンディスウェイ,牡6,57.0,木幡巧也,1:45.5,1,13.5,6.0,496(-2),[東] 牧光二,202506020211
9,5,9,マテンロウスカイ,セ6,58.0,横山典弘,1:45.6,クビ,9.0,4.0,482(-4),[西] 松永幹夫,202506020211
10,3,6,カラテ,牡9,57.0,菅原明良,1:45.7,3/4,192.1,15.0,532(-6),[西] 音無秀孝,202506020211
11,8,15,サイルーン,セ6,57.0,キング,1:45.7,クビ,30.4,8.0,486(+14),[東] 堀宣行,202506020211
12,5,10,アルナシーム,牡6,57.0,藤岡佑介,1:45.9,3/4,11.5,5.0,448(-4),[西] 橋口慎介,202506020211
13,6,12,ボッケリーニ,牡9,57.0,浜中俊,1:45.9,1/2,29.6,7.0,466(-8),[西] 池江泰寿,202506020211
14,7,13,グラティアス,牡7,57.0,横山和生,1:45.9,ハナ,378.5,16.0,508(+2),[西] 安田翔伍,202506020211
15,1,2,リフレーミング,牡7,57.0,内田博幸,1:46.0,1/2,66.4,12.0,480(+14),[西] 鮫島一歩,202506020211
16,7,14,パラレルヴィジョン,牡6,57.0,戸崎圭太,1:46.4,2.1/2,49.0,10.0,488(-4),[東] 国枝栄,202506020211
1,5,10,ノーブルゲイル,牡4,55.0,長浜鴻緒,1:11.6,,13.3,5.0,482(0),[東] 中川公成,202506020212
2,3,5,ノットファウンド,牝5,56.0,ルメール,1:11.6,クビ,2.6,1.0,504(+2),[東] 国枝栄,202506020212
3,2,4,メモリーグラス,牡5,58.0,三浦皇成,1:11.9,1.1/2,19.8,8.0,482(-10),[東] 松永康利,202506020212
4,4,8,ジェネラーレ,牡4,58.0,藤岡佑介,1:12.0,1,14.0,6.0,490(-10),[西] 野中賢二,202506020212
5,6,12,エコロネオ,牡4,58.0,団野大成,1:12.0,ハナ,6.1,3.0,494(-2),[西] 森秀行,202506020212
6,4,7,ケンキョ,牡5,58.0,キング,1:12.1,クビ,10.0,4.0,476(-6),[東] 高橋文雅,202506020212
7,7,14,メイデンタワー,牝5,53.0,舟山瑠泉,1:12.1,ハナ,14.7,7.0,464(+6),[東] 稲垣幸雄,202506020212
8,1,2,スピリットガイド,セ4,58.0,Ｍ．デム,1:12.1,クビ,24.2,9.0,532(0),[東] 手塚貴久,202506020212
9,2,3,コースタルテラス,セ6,58.0,原優介,1:12.2,クビ,190.8,15.0,494(-8),[東] 矢嶋大樹,202506020212
10,3,6,フクノブルジュ,牡5,58.0,松岡正海,1:12.4,1,84.0,12.0,458(-2),[東] 竹内正洋,202506020212
11,8,16,ピカリエ,牝6,56.0,伊藤工真,1:12.4,アタマ,67.0,10.0,504(-2),[東] 金成貴史,202506020212
12,1,1,コスモルーテウス,牡6,58.0,木幡巧也,1:12.4,ハナ,162.2,14.0,496(+22),[東] 伊藤大士,202506020212
13,5,9,エリカコレクト,牝6,56.0,吉田豊,1:12.5,1/2,226.0,16.0,492(0),[東] 国枝栄,202506020212
14,7,13,ハクサンアイ,牝5,53.0,上里直汰,1:12.6,1/2,68.5,11.0,480(0),[東] 加藤士津,202506020212
15,6,11,グランオルカ,牡4,58.0,横山武史,1:12.6,ハナ,4.1,2.0,488(+12),[東] 武井亮,202506020212
16,8,15,セリエル,牝4,56.0,大野拓弥,1:12.8,1.1/2,124.8,13.0,474(-2),[東] 杉浦宏昭,202506020212
1,3,5,サードウインド,牝3,55.0,横山武史,1:12.0,,4.2,2.0,448(-10),[東] 西田雄一,202506020301
2,4,7,キタノライブリー,牝3,54.0,横山琉人,1:12.2,1,28.3,5.0,446(0),[東] 本間忍,202506020301
3,7,14,デンリッレハウエル,牝3,52.0,石田拓郎,1:12.9,4,47.1,8.0,406(-8),[東] 林徹,202506020301
4,2,4,イグニススピリタス,牝3,55.0,柴田大知,1:12.9,クビ,30.0,6.0,480(-10),[東] 田中剛,202506020301
5,3,6,ジョイナーテソーロ,牝3,55.0,戸崎圭太,1:13.0,クビ,6.5,4.0,438(0),[東] 畠山吉宏,202506020301
6,5,9,コウソクグルーヴ,牝3,55.0,田辺裕信,1:13.2,1.1/4,5.4,3.0,440(+10),[東] 中舘英二,202506020301
7,7,13,ラウレア,牝3,52.0,水沼元輝,1:13.5,1.1/2,31.0,7.0,434(-4),[東] 伊藤大士,202506020301
8,4,8,グリューネベルグ,牝3,55.0,丹内祐次,1:13.7,1.1/4,2.0,1.0,442(-2),[東] 青木孝文,202506020301
9,6,12,ダルドワーズ,牝3,55.0,石川裕紀,1:14.0,1.3/4,66.1,11.0,456(0),[東] 池上昌和,202506020301
10,6,11,ジークマインド,牝3,52.0,石神深道,1:14.3,2,186.1,15.0,456(-2),[東] 和田雄二,202506020301
11,8,15,ベストレーサー,牝3,52.0,上里直汰,1:14.5,1.1/4,62.8,10.0,478(0),[東] 小野次郎,202506020301
12,5,10,エスポワールドロワ,牝3,55.0,菅原隆一,1:14.6,1/2,238.1,16.0,470(0),[東] 小手川準,202506020301
13,1,2,サクラパステル,牝3,55.0,丸山元気,1:16.0,8,56.6,9.0,474(0),[東] 田島俊明,202506020301
14,1,1,プレイアブルゲーム,牝3,55.0,丸田恭介,1:16.0,ハナ,185.6,14.0,434(+4),[東] 小笠倫弘,202506020301
15,2,3,ウイキャンウイン,牝3,53.0,永島まな,1:16.1,1/2,171.5,13.0,434(+10),[東] 加藤和宏,202506020301
16,8,16,テングリ,牝3,52.0,長浜鴻緒,1:18.0,大,159.6,12.0,438(+12),[東] 的場均,202506020301
1,8,15,ハルノアラシ,牡3,57.0,石川裕紀,1:55.5,,2.6,1.0,514(+2),[東] 相沢郁,202506020302
2,2,3,ラストレガシー,牡3,57.0,横山武史,1:55.6,クビ,7.2,4.0,484(-2),[東] 手塚貴久,202506020302
3,7,13,ロングウェイホーム,牡3,57.0,戸崎圭太,1:55.8,1.1/2,3.2,2.0,528(+2),[東] 伊坂重信,202506020302
4,6,11,ヘリオトロープ,牡3,57.0,丹内祐次,1:55.8,ハナ,8.6,5.0,484(0),[東] 萩原清,202506020302
5,4,7,ニシノブレイゼスト,牡3,57.0,菅原明良,1:56.0,3/4,18.0,6.0,496(+2),[東] 高木登,202506020302
6,3,5,ベネスピラ,牡3,57.0,三浦皇成,1:56.7,4,7.2,3.0,448(-4),[東] 鹿戸雄一,202506020302
7,3,6,ノーブルプライム,牡3,54.0,土田真翔,1:56.8,1,74.2,11.0,464(-4),[東] 田村康仁,202506020302
8,4,8,ダブルメッセージ,牡3,54.0,石神深道,1:56.9,1/2,58.8,10.0,480(+2),[東] 和田正一,202506020302
9,1,1,ライヴバフィ,牡3,57.0,木幡巧也,1:57.0,クビ,35.3,7.0,470(-2),[東] 牧光二,202506020302
10,8,16,ヘルオブアライド,牡3,57.0,佐々木大,1:57.5,3,45.5,9.0,466(-8),[東] 小笠倫弘,202506020302
11,1,2,スーパーチャージ,牡3,57.0,武藤雅,1:58.0,3,244.1,15.0,524(-4),[東] 戸田博文,202506020302
12,5,9,クリノフローレンス,牝3,52.0,佐藤翔馬,1:58.5,3,230.5,12.0,444(-6),[東] 南田美知,202506020302
13,6,12,ワカギミ,牡3,57.0,江田照男,1:58.9,2.1/2,235.1,13.0,450(-4),[東] 佐藤吉勝,202506020302
14,5,10,ワンダーレジット,牡3,54.0,舟山瑠泉,1:59.4,3,236.1,14.0,482(-6),[東] 斎藤誠,202506020302
15,7,14,モリブトバクカジ,牡3,57.0,丸田恭介,2:02.4,大,470.6,16.0,468(+2),[東] 松山将樹,202506020302
16,2,4,ロジアンドモルタル,牡3,57.0,大野拓弥,2:02.4,ハナ,43.1,8.0,482(-4),[東] 大竹正博,202506020302
1,1,2,チャロ,牡3,57.0,菅原明良,1:11.5,,1.7,1.0,484(+14),[東] 和田正一,202506020303
2,2,3,ゴールドハンマー,牝3,55.0,横山典弘,1:11.9,2.1/2,2.7,2.0,482(0),[東] 村田一誠,202506020303
3,6,12,タルトポワール,牝3,55.0,丹内祐次,1:12.9,6,185.2,12.0,432(-8),[東] 清水英克,202506020303
4,7,13,アルパインハット,牝3,55.0,大野拓弥,1:13.1,1.1/4,38.2,5.0,446(-4),[東] 上原博之,202506020303
5,2,4,ベンメリア,セ3,57.0,丸田恭介,1:13.2,3/4,135.1,9.0,484(+2),[東] 高橋文雅,202506020303
6,8,16,ナックトライアンフ,牡3,57.0,木幡巧也,1:13.6,2.1/2,161.7,10.0,480(-2),[東] 杉浦宏昭,202506020303
7,3,6,ノブダブルホワイト,牡3,57.0,木幡育也,1:13.9,1.1/2,260.2,15.0,434(-6),[東] 松永康利,202506020303
8,8,15,ショージージョ,セ3,57.0,武藤雅,1:14.0,1/2,121.0,8.0,516(-10),[東] 小笠倫弘,202506020303
9,6,11,デルマアリエル,牡3,54.0,石神深道,1:14.0,クビ,48.7,6.0,470(0),[東] 深山雅史,202506020303
10,4,8,ヤスエ,牝3,55.0,木幡初也,1:14.2,1,61.5,7.0,430(+2),[東] 深山雅史,202506020303
11,7,14,ジェイエルバース,牡3,57.0,田辺裕信,1:14.5,1.3/4,6.7,3.0,502(-4),[東] 小西一男,202506020303
12,1,1,テイエムファラオ,牡3,54.0,佐藤翔馬,1:14.5,クビ,210.9,13.0,460(-6),[東] 伊藤圭三,202506020303
13,5,10,ボンボニエーレ,牝3,55.0,小林凌大,1:14.6,クビ,434.3,16.0,420(-8),[東] 土田稔,202506020303
14,5,9,ジーティーウララ,牝3,52.0,遠藤汰月,1:14.7,1,258.1,14.0,440(+4),[東] 伊藤伸一,202506020303
15,3,5,アジアート,牝3,52.0,上里直汰,1:14.9,3/4,173.1,11.0,436(-4),[東] 西田雄一,202506020303
16,4,7,イデアニポーテ,牡3,57.0,津村明秀,1:15.2,2,17.9,4.0,452(+10),[東] 矢嶋大樹,202506020303
1,2,2,プラチナムレイアー,セ7,60.0,小牧加矢,3:16.7,,3.6,2.0,502(+4),[西] 河嶋宏樹,202506020304
2,8,8,グランナヴィール,牡4,59.0,上野翔,3:16.9,1.1/4,6.3,3.0,548(+6),[東] 堀内岳志,202506020304
3,5,5,アルデドゥオーモ,牡4,59.0,五十嵐雄,3:17.2,2,15.0,5.0,492(+10),[東] 矢野英一,202506020304
4,4,4,サラフィエル,セ6,60.0,伴啓太,3:17.4,1.1/4,1.7,1.0,454(0),[東] 鈴木慎太,202506020304
5,6,6,ゴールデンルーキー,牡4,59.0,草野太郎,3:17.5,クビ,88.1,9.0,474(+4),[東] 粕谷昌央,202506020304
6,1,1,カイトレッド,牝8,58.0,石神深一,3:17.9,2.1/2,9.6,4.0,488(-6),[東] 和田雄二,202506020304
7,3,3,メイショウオキビ,牡7,60.0,黒岩悠,3:18.8,5,45.2,7.0,500(-6),[西] 飯田祐史,202506020304
8,7,7,ユイノコキュウ,牡4,59.0,大江原圭,3:21.0,大,29.3,6.0,480(+4),[東] 竹内正洋,202506020304
9,8,9,コスモエスメラルダ,牝4,57.0,水沼元輝,3:26.0,大,56.0,8.0,514(0),[東] 土田稔,202506020304
1,2,3,インパクトシー,牡3,57.0,横山武史,2:01.5,,1.5,1.0,510(0),[東] 大竹正博,202506020305
2,7,12,エポナ,牝3,55.0,戸崎圭太,2:02.2,4,4.5,2.0,504(0),[東] 木村哲也,202506020305
3,6,11,ウィンスタンリー,牡3,57.0,北村宏司,2:02.5,2,12.4,5.0,486(+2),[東] 黒岩陽一,202506020305
4,4,7,ミサトレッドダイヤ,牝3,52.0,石神深道,2:02.6,1/2,9.4,3.0,458(0),[東] 高橋文雅,202506020305
5,5,8,ボウウィンドウ,牝3,55.0,藤岡佑介,2:02.7,3/4,11.8,4.0,472(0),[東] 武井亮,202506020305
6,1,1,ブライトメール,牡3,57.0,佐々木大,2:02.9,1.1/4,13.9,6.0,444(-2),[東] 伊藤大士,202506020305
7,3,4,アンガアヴィス,セ3,57.0,大野拓弥,2:03.4,3,57.1,8.0,436(+4),[東] 新開幸一,202506020305
8,8,14,パルファム,牝3,55.0,丹内祐次,2:03.5,クビ,372.0,13.0,430(-16),[東] 菊川正達,202506020305
9,4,6,マリノテレージア,牝3,55.0,木幡巧也,2:03.5,クビ,239.4,11.0,432(-6),[東] 牧光二,202506020305
10,3,5,アウルムレガリア,牝3,55.0,菅原明良,2:03.8,2,50.2,7.0,398(-10),[東] 池上昌和,202506020305
11,8,15,ウインリバイバル,牡3,57.0,松岡正海,2:03.8,ハナ,200.2,10.0,458(+2),[東] 嘉藤貴行,202506020305
12,7,13,ケイツーペニー,牝3,52.0,遠藤汰月,2:03.9,1/2,413.8,14.0,432(-12),[東] 蛯名利弘,202506020305
13,2,2,エリジブル,牡3,54.0,長浜鴻緒,2:04.0,クビ,156.0,9.0,490(0),[東] 上原博之,202506020305
14,5,9,ダブルドラゴン,牡3,57.0,嶋田純次,2:04.3,2,361.0,12.0,508(-4),[東] 伊藤大士,202506020305
15,6,10,ダイユウルージュ,牝3,52.0,佐藤翔馬,2:05.4,7,717.2,15.0,410(-2),[東] 松永康利,202506020305
1,5,10,プロスペクトパーク,牡3,57.0,横山武史,1:55.5,,2.8,1.0,504(0),[東] 高柳瑞樹,202506020306
2,6,11,グレイテストソング,牡3,57.0,佐々木大,1:55.5,アタマ,3.1,2.0,432(-4),[東] 小笠倫弘,202506020306
3,7,13,ムチャスエルテ,牡3,57.0,武藤雅,1:56.2,4,7.4,3.0,466(+2),[東] 手塚貴久,202506020306
4,3,5,プロフェータ,牡3,57.0,丹内祐次,1:56.2,クビ,13.0,5.0,466(0),[東] 斎藤誠,202506020306
5,2,3,ロードスカイブルー,牡3,57.0,横山和生,1:56.4,1.1/4,8.7,4.0,470(+2),[東] 和田勇介,202506020306
6,1,1,ナルサー,牡3,57.0,原優介,1:56.6,3/4,18.3,7.0,488(-10),[東] 武市康男,202506020306
7,2,4,クリプトス,牡3,57.0,戸崎圭太,1:57.0,2.1/2,13.5,6.0,484(-6),[東] 和田勇介,202506020306
8,3,6,カイトベルク,牡3,57.0,丸山元気,1:57.4,2.1/2,118.4,14.0,536(-10),[東] 和田雄二,202506020306
9,6,12,ミスターボビー,牡3,57.0,杉原誠人,1:57.9,2.1/2,28.2,8.0,458(-6),[東] 栗田徹,202506020306
10,1,2,ブラックレッド,牡3,57.0,原田和真,1:58.0,3/4,39.2,9.0,482(-6),[東] 松山将樹,202506020306
11,8,15,オンザバサラ,牡3,57.0,木幡巧也,1:58.1,クビ,108.1,13.0,476(+2),[東] 大和田成,202506020306
12,8,16,ワイドレッド,牝3,52.0,石神深道,1:58.1,1/2,77.5,12.0,446(+6),[東] 武井亮,202506020306
13,7,14,バレアリックシー,牡3,57.0,菊沢一樹,1:58.6,3,57.4,10.0,484(+4),[東] 菊沢隆徳,202506020306
14,5,9,ルディシャ,牡3,54.0,舟山瑠泉,1:59.0,2,63.3,11.0,460(0),[東] 田中博康,202506020306
15,4,7,サイモンカクタス,牡3,56.0,横山琉人,2:00.2,7,208.4,15.0,446(+2),[東] 稲垣幸雄,202506020306
16,4,8,ラストヨンマル,牡3,54.0,遠藤汰月,2:00.3,1/2,413.3,16.0,462(-12),[東] 伊藤伸一,202506020306
1,4,4,レーヴブリリアント,牡3,54.0,舟山瑠泉,1:35.5,,2.3,1.0,446(-2),[東] 田中博康,202506020307
2,8,10,アタラシイカドデニ,牡3,57.0,内田博幸,1:35.5,ハナ,101.5,9.0,508(+4),[東] 上原博之,202506020307
3,5,5,セルズパワー,牡3,57.0,松岡正海,1:35.5,アタマ,14.8,4.0,468(0),[西] 牧田和弥,202506020307
4,8,9,パーリーラスター,牝3,55.0,横山武史,1:35.6,3/4,4.3,3.0,434(-20),[東] 池上昌和,202506020307
5,6,6,シュードタキライト,牡3,57.0,佐々木大,1:35.9,1.1/2,15.9,5.0,498(+22),[東] 菊川正達,202506020307
6,2,2,バム,牡3,57.0,嶋田純次,1:36.1,1.1/4,80.9,8.0,452(0),[東] 奥平雅士,202506020307
7,1,1,スターウェーブ,牡3,57.0,三浦皇成,1:36.1,ハナ,2.7,2.0,492(+10),[東] 武井亮,202506020307
8,7,7,リケアキャンディ,牝3,52.0,遠藤汰月,1:36.3,1,193.9,10.0,434(-6),[東] 蛯名利弘,202506020307
9,3,3,ママアリガトー,牝3,55.0,小林脩斗,1:36.6,1.3/4,41.6,7.0,416(-8),[東] 石栗龍彦,202506020307
10,7,8,サノノロンドン,牝3,51.0,小林美駒,1:37.0,2.1/2,23.3,6.0,430(+2),[東] 尾形和幸,202506020307
1,1,1,ホレーショ,牡4,58.0,杉原誠人,1:54.1,,6.7,3.0,518(+20),[東] 西田雄一,202506020308
2,1,2,キャストロペペ,牡4,55.0,遠藤汰月,1:54.3,1.1/4,6.1,2.0,472(+2),[東] 堀内岳志,202506020308
3,3,5,イデアユウシン,牡5,58.0,北村宏司,1:54.5,1,9.9,4.0,546(-10),[東] 松永康利,202506020308
4,5,9,ロードインフェルノ,牡4,55.0,長浜鴻緒,1:54.7,1,12.8,7.0,484(-4),[東] 尾形和幸,202506020308
5,2,4,カルツァクライン,牡4,58.0,丸田恭介,1:55.3,3.1/2,271.2,14.0,456(+6),[東] 林徹,202506020308
6,3,6,メイショウソムリエ,牡4,58.0,丹内祐次,1:55.3,アタマ,2.4,1.0,524(+6),[東] 蛯名正義,202506020308
7,8,15,ロードレヴェランス,牡4,58.0,横山和生,1:55.4,クビ,10.2,5.0,504(0),[東] 斎藤誠,202506020308
8,7,13,ジャクソン,牡5,58.0,木幡初也,1:55.4,クビ,12.3,6.0,528(0),[東] 武市康男,202506020308
9,5,10,サンマルミッション,牡4,58.0,岩部純二,1:55.5,1/2,63.3,13.0,456(+6),[東] 和田勇介,202506020308
10,6,12,ブレイクザアイス,牡6,58.0,黛弘人,1:55.6,クビ,26.8,10.0,474(+6),[東] 森一誠,202506020308
11,2,3,リュクスレオン,牡4,58.0,三浦皇成,1:55.6,クビ,26.2,9.0,482(-2),[東] 高柳瑞樹,202506020308
12,7,14,エスジースパークル,牝5,55.0,横山琉人,1:55.7,クビ,26.2,8.0,464(0),[東] 鈴木慎太,202506020308
13,4,8,ストロングブラック,牡4,58.0,柴田大知,1:55.7,クビ,350.8,16.0,478(+2),[東] 粕谷昌央,202506020308
14,4,7,アレスエルピーダ,牡4,58.0,田辺裕信,1:56.5,5,41.5,11.0,474(-2),[東] 栗田徹,202506020308
15,6,11,アルマーレシチー,牡4,58.0,大野拓弥,1:57.4,5,52.0,12.0,556(0),[東] 上原博之,202506020308
16,8,16,サイモンプレジール,牡4,58.0,佐々木大,1:57.5,3/4,332.2,15.0,494(0),[東] 加藤和宏,202506020308
1,7,7,サンライズソレイユ,牡4,57.0,横山武史,2:36.9,,2.1,1.0,518(-8),[西] 矢作芳人,202506020309
2,4,4,カフェグランデ,牡4,57.0,横山和生,2:37.2,1.1/2,3.4,3.0,466(-2),[東] 嘉藤貴行,202506020309
3,8,9,レッドテリオス,牡4,57.0,戸崎圭太,2:37.2,アタマ,2.8,2.0,482(+2),[東] 古賀慎明,202506020309
4,2,2,ナムアミダブツ,牡8,58.0,原優介,2:38.2,6,85.0,7.0,480(+2),[東] 加藤和宏,202506020309
5,6,6,コルデアニル,牝5,56.0,丹内祐次,2:38.4,3/4,118.6,9.0,480(-2),[東] 金成貴史,202506020309
6,1,1,ボンベール,牡9,58.0,木幡巧也,2:38.5,1,105.3,8.0,504(+8),[東] 的場均,202506020309
7,8,10,キープスマイリング,牝5,56.0,北村宏司,2:38.6,クビ,54.9,6.0,550(-2),[東] 武井亮,202506020309
8,5,5,ノーブルクライ,牡5,58.0,内田博幸,2:38.8,1,20.8,5.0,506(-2),[東] 田村康仁,202506020309
9,7,8,キャルレイ,牡6,58.0,佐々木大,2:39.3,3,18.3,4.0,490(+4),[東] 鹿戸雄一,202506020309
10,3,3,サイモンルモンド,セ8,58.0,野中悠太,2:39.3,クビ,271.2,10.0,468(-2),[東] 根本康広,202506020309
1,8,15,ロードクロンヌ,牡4,57.0,藤岡佑介,1:52.1,,2.2,1.0,482(-2),[西] 四位洋文,202506020310
2,3,5,ストライク,牡5,56.0,三浦皇成,1:53.0,5,17.4,6.0,508(-4),[東] 加藤士津,202506020310
3,1,2,スノーグレース,牝6,54.0,丹内祐次,1:53.0,クビ,16.2,5.0,486(0),[東] 中舘英二,202506020310
4,3,6,ガンウルフ,牡5,54.0,戸崎圭太,1:53.3,1.3/4,36.0,11.0,490(-8),[西] 藤岡健一,202506020310
5,4,8,イージーオンミー,牝5,53.0,北村宏司,1:53.5,1.1/4,49.4,12.0,452(+14),[東] 中舘英二,202506020310
6,1,1,ハッスルダンク,牡5,55.0,江田照男,1:53.6,アタマ,21.7,7.0,454(0),[東] 中川公成,202506020310
7,4,7,パシアンジャン,牡4,57.0,横山武史,1:53.6,ハナ,5.0,2.0,452(-2),[西] 鈴木孝志,202506020310
8,7,14,エリカサファイア,牝4,54.0,佐々木大,1:53.6,クビ,10.0,4.0,510(+18),[東] 堀宣行,202506020310
9,6,12,ダノンザボルケーノ,牡4,56.0,横山典弘,1:53.8,3/4,5.9,3.0,476(0),[東] 菊沢隆徳,202506020310
10,2,4,オンザライン,セ7,56.0,木幡巧也,1:53.8,クビ,28.4,9.0,466(0),[東] 大和田成,202506020310
11,2,3,アスクビックスター,牡6,55.0,菅原明良,1:53.9,1/2,30.8,10.0,478(-4),[西] 矢作芳人,202506020310
12,8,16,ゴールドアローン,牝4,53.0,原優介,1:53.9,ハナ,27.9,8.0,470(0),[東] 青木孝文,202506020310
13,5,10,マイネルクロンヌ,牡8,55.0,津村明秀,1:54.1,3/4,176.2,15.0,512(0),[東] 青木孝文,202506020310
14,6,11,オレデイイノカ,牡7,54.0,内田博幸,1:54.2,1/2,163.5,14.0,514(+2),[東] 古賀慎明,202506020310
15,7,13,スズノテレサ,牝6,52.0,柴田大知,1:54.2,クビ,207.2,16.0,444(0),[東] 深山雅史,202506020310
16,5,9,シェットランド,牡5,55.0,荻野極,1:54.9,4,59.9,13.0,562(+10),[東] 久保田貴,202506020310
1,7,11,シランケド,牝5,54.0,Ｍ．デム,1:47.1,,5.8,3.0,506(-8),[西] 牧浦充徳,202506020311
2,5,7,ホーエリート,牝4,54.0,戸崎圭太,1:47.1,アタマ,13.6,8.0,478(0),[東] 田島俊明,202506020311
3,4,6,クリスマスパレード,牝4,56.0,石川裕紀,1:47.2,3/4,3.8,1.0,458(-2),[東] 加藤士津,202506020311
4,2,2,ビヨンドザヴァレー,牝5,54.0,菱田裕二,1:47.3,クビ,10.9,7.0,472(+2),[西] 橋口慎介,202506020311
5,3,4,フィールシンパシー,牝6,54.0,横山琉人,1:47.4,3/4,20.8,9.0,462(+6),[東] 小島茂之,202506020311
6,4,5,ジューンオレンジ,牝5,54.0,横山和生,1:47.4,ハナ,7.9,4.0,464(+2),[西] 長谷川浩,202506020311
7,7,12,シンティレーション,牝6,56.0,杉原誠人,1:47.4,クビ,9.1,5.0,478(0),[東] 池上昌和,202506020311
8,1,1,ミアネーロ,牝4,55.5,津村明秀,1:47.5,クビ,5.6,2.0,492(+12),[東] 林徹,202506020311
9,6,10,エミュー,牝5,53.0,佐々木大,1:47.5,アタマ,42.6,11.0,436(+2),[東] 和田正一,202506020311
10,8,13,キミノナハマリア,牝5,54.0,菅原明良,1:47.8,1.1/2,56.4,12.0,514(+10),[西] 千田輝彦,202506020311
11,5,8,ペイシャフラワー,牝5,51.0,永島まな,1:47.8,ハナ,147.1,14.0,466(-6),[西] 高橋康之,202506020311
12,8,14,セキトバイースト,牝4,55.0,藤岡佑介,1:47.9,1,10.6,6.0,454(-6),[西] 四位洋文,202506020311
13,3,3,コンクシェル,牝5,55.0,横山武史,1:48.1,1,25.1,10.0,476(-4),[西] 清水久詞,202506020311
14,6,9,ヒップホップソウル,牝5,55.0,北村宏司,1:48.2,クビ,70.5,13.0,502(-2),[東] 木村哲也,202506020311
1,5,9,アンドアイラヴハー,牝4,56.0,戸崎圭太,1:34.4,,2.6,1.0,480(0),[東] 田村康仁,202506020312
2,8,16,デイジー,牝4,56.0,菊沢一樹,1:34.4,ハナ,28.3,8.0,468(-12),[東] 田中勝春,202506020312
3,4,7,レッドレナート,牡4,55.0,長浜鴻緒,1:34.6,1,5.6,4.0,496(0),[東] 手塚貴久,202506020312
4,7,13,アッシュバーグ,牝4,55.0,横山琉人,1:34.6,ハナ,29.8,9.0,516(+2),[東] 斎藤誠,202506020312
5,1,1,ハクサンイーグル,牡4,58.0,杉原誠人,1:34.7,1/2,16.7,6.0,480(-8),[東] 土田稔,202506020312
6,2,4,ハニーコム,牝4,56.0,丹内祐次,1:34.7,ハナ,13.7,5.0,440(+10),[東] 蛯名正義,202506020312
7,4,8,ラヴスコール,牝4,56.0,横山武史,1:35.0,1.1/2,4.8,2.0,426(-4),[東] 加藤征弘,202506020312
8,3,6,アストラッド,牝4,56.0,佐々木大,1:35.0,アタマ,25.1,7.0,406(-4),[東] 和田正一,202506020312
9,1,2,エリム,牝5,56.0,野中悠太,1:35.2,1.1/4,60.7,11.0,442(-1),[東] 上原博之,202506020312
10,5,10,パーセルペーパー,牡4,58.0,柴田大知,1:35.3,1,266.5,14.0,446(+2),[東] 和田雄二,202506020312
11,6,12,トレベルオール,牡4,58.0,石橋脩,1:35.3,ハナ,172.4,12.0,456(+8),[東] 辻哲英,202506020312
12,2,3,ミヤジテン,牝4,56.0,丸田恭介,1:35.4,クビ,222.6,13.0,488(-10),[東] 南田美知,202506020312
13,8,15,ファイブセンス,牝5,56.0,荻野極,1:35.6,1,396.8,16.0,462(0),[東] 高橋文雅,202506020312
14,3,5,マーゴットソラーレ,牡4,58.0,田辺裕信,1:36.1,3,5.2,3.0,452(+10),[東] 伊坂重信,202506020312
15,6,11,ファーレンジョー,牡5,58.0,小林凌大,1:36.3,1.1/2,358.0,15.0,466(0),[東] 蛯名利弘,202506020312
16,7,14,シークレットイスラ,牡4,58.0,原優介,1:36.5,1.1/4,60.4,10.0,456(-4),[東] 辻哲英,202506020312
1,7,14,ノーブルノワール,牝3,55.0,幸英明,1:55.3,,24.5,5.0,438(-4),[東] 林徹,202506020401
2,8,16,ピラニアキッス,牝3,52.0,舟山瑠泉,1:55.5,3/4,86.5,11.0,450(-16),[東] 嘉藤貴行,202506020401
3,3,6,コンティオ,牝3,55.0,横山和生,1:55.6,1/2,3.4,2.0,456(0),[東] 和田勇介,202506020401
4,5,10,ウィンターサン,牝3,55.0,津村明秀,1:55.8,1.1/4,17.2,4.0,450(-4),[東] 加藤征弘,202506020401
5,4,8,リックメイン,牝3,51.0,小林美駒,1:56.1,2,1.7,1.0,450(+2),[東] 武井亮,202506020401
6,6,12,サーフプラチナム,牝3,55.0,北村宏司,1:56.2,クビ,7.3,3.0,458(-4),[東] 古賀慎明,202506020401
7,7,13,スターライトナイト,牝3,55.0,原優介,1:56.8,4,69.9,9.0,428(-2),[東] 伊藤大士,202506020401
8,4,7,クールカグラ,牝3,55.0,三浦皇成,1:57.8,6,70.1,10.0,470(0),[東] 和田勇介,202506020401
9,2,4,ミヤファイター,牝3,55.0,菊沢一樹,1:57.9,クビ,29.5,7.0,492(-2),[東] 小手川準,202506020401
10,2,3,ウインティターニア,牝3,55.0,丹内祐次,1:59.0,7,63.8,8.0,460(+10),[東] 高木登,202506020401
11,8,15,ジュテパッセ,牝3,52.0,長浜鴻緒,1:59.2,3/4,29.0,6.0,472(0),[東] 林徹,202506020401
12,5,9,アックラマーレ,牝3,55.0,原田和真,1:59.8,4,106.1,14.0,470(0),[東] 小野次郎,202506020401
13,6,11,デュエルシャポー,牝3,55.0,木幡巧也,1:59.8,ハナ,103.4,12.0,420(0),[東] 牧光二,202506020401
14,1,2,セイウンオウカ,牝3,54.0,横山琉人,2:00.9,7,129.6,16.0,484(+6),[東] 相沢郁,202506020401
15,1,1,マイホームヒロイン,牝3,55.0,内田博幸,2:03.2,大,126.7,15.0,406(+2),[東] 深山雅史,202506020401
16,3,5,ヴィオラダンサー,牝3,55.0,佐々木大,2:11.4,大,103.9,13.0,432(0),[東] 森一誠,202506020401
1,7,14,ナインオブレター,牡3,57.0,吉田豊,1:11.6,,2.8,1.0,452(-2),[東] 高橋文雅,202506020402
2,6,11,ナックオリオン,牡3,54.0,佐藤翔馬,1:11.7,3/4,35.4,10.0,470(+4),[東] 杉浦宏昭,202506020402
3,7,13,エイシンカルナボン,牡3,57.0,津村明秀,1:12.2,3,8.9,6.0,470(0),[東] 田中剛,202506020402
4,3,5,リワードインペリオ,牡3,57.0,横山典弘,1:12.5,2,7.6,4.0,494(-14),[東] 村田一誠,202506020402
5,4,8,タイキクリエイター,牡3,57.0,石橋脩,1:12.7,1,15.7,8.0,588(-2),[東] 矢野英一,202506020402
6,3,6,ユウオウマイシン,牡3,57.0,佐々木大,1:12.8,クビ,7.6,5.0,468(-2),[東] 松永康利,202506020402
7,8,16,ヌーヴォルミエール,牡3,57.0,菊沢一樹,1:12.8,ハナ,239.6,14.0,474(-4),[東] 勢司和浩,202506020402
8,5,10,リケアエスプレッソ,牡3,57.0,秋山稔樹,1:12.9,クビ,15.1,7.0,450(-4),[東] 小野次郎,202506020402
9,2,4,リラキトス,牡3,57.0,菅原明良,1:13.2,1.3/4,6.9,3.0,508(-2),[東] 高木登,202506020402
10,6,12,クリーンリーチ,牡3,57.0,横山武史,1:13.4,1.1/2,6.5,2.0,490(-2),[東] 千葉直人,202506020402
11,8,15,ダブルスチール,牝3,51.0,小林美駒,1:13.7,2,160.7,11.0,396(0),[東] 石栗龍彦,202506020402
12,2,3,シャトーペリオット,牡3,54.0,長浜鴻緒,1:14.1,2,353.2,16.0,514(-8),[東] 根本康広,202506020402
13,4,7,ナギサノバルコニー,牝3,55.0,嶋田純次,1:14.3,1.1/4,173.3,12.0,432(0),[東] 伊坂重信,202506020402
14,1,2,ムーンナイト,牡3,54.0,遠藤汰月,1:14.6,1.3/4,25.9,9.0,546(+16),[東] 黒岩陽一,202506020402
15,5,9,マジョッコピロコ,牝3,52.0,石神深道,1:14.7,クビ,205.1,13.0,466(-2),[東] 柄崎将寿,202506020402
16,1,1,ベストヒューマ,牡3,54.0,石田拓郎,1:15.9,7,321.5,15.0,428(-6),[東] 佐藤吉勝,202506020402
1,7,14,エドワードバローズ,牡3,57.0,ルメール,1:55.0,,1.4,1.0,480(+2),[東] 奥村武,202506020403
2,2,3,サトミノエンジェル,牡3,57.0,横山典弘,1:55.3,2,3.9,2.0,512(+2),[東] 鈴木伸尋,202506020403
3,4,8,ゴールドパートナー,牡3,57.0,横山和生,1:55.7,2,34.7,7.0,478(+8),[東] 嘉藤貴行,202506020403
4,4,7,フロウオブタイム,牝3,55.0,木幡巧也,1:55.8,1/2,114.4,10.0,444(-4),[東] 大和田成,202506020403
5,5,9,ロードフロリゼル,牡3,57.0,丹内祐次,1:56.0,1.1/4,20.9,4.0,464(+2),[東] 稲垣幸雄,202506020403
6,1,2,ジェイルブレイク,牡3,54.0,長浜鴻緒,1:56.3,2,253.7,14.0,452(+6),[東] 蛯名利弘,202506020403
7,6,11,サーフギャラクシー,牡3,57.0,内田博幸,1:56.6,1.3/4,351.9,16.0,470(0),[東] 松山将樹,202506020403
8,7,13,タイキインドラ,牡3,57.0,北村宏司,1:56.6,クビ,36.5,8.0,504(-2),[東] 大竹正博,202506020403
9,8,16,ドラゴンラック,牡3,56.0,横山琉人,1:56.7,クビ,54.4,9.0,450(+6),[東] 相沢郁,202506020403
10,5,10,ギンガエクスプレス,牡3,54.0,上里直汰,1:57.0,2,184.6,11.0,534(-4),[東] 加藤士津,202506020403
11,3,6,キタノマーシャル,牝3,55.0,小林脩斗,1:57.3,1.3/4,290.7,15.0,506(-6),[東] 奥平雅士,202506020403
12,3,5,マインドミー,牝3,55.0,木幡育也,1:57.5,1.1/2,250.2,13.0,452(-10),[東] 高橋文雅,202506020403
13,2,4,スカーレットクロス,牝3,55.0,小林凌大,1:57.9,2,209.6,12.0,452(+4),[東] 土田稔,202506020403
14,1,1,レッドイストワール,牡3,54.0,舟山瑠泉,1:58.2,2,10.8,3.0,456(0),[東] 田中博康,202506020403
15,8,15,ウーバーストロング,牡3,57.0,大野拓弥,1:58.9,4,25.4,6.0,468(-2),[東] 杉浦宏昭,202506020403
中,6,12,グラスグリード,牡3,57.0,佐々木大,,,25.2,5.0,450(-2),[東] 小笠倫弘,202506020403
1,6,6,テンメジャーガール,牝6,58.0,小野寺祐,3:17.3,,8.5,4.0,502(-4),[西] 高柳大輔,202506020404
2,2,2,アルカンサス,牡6,57.0,土田真翔,3:17.7,2.1/2,18.6,8.0,484(0),[東] 土田稔,202506020404
3,8,11,ウイングランブルー,牡5,60.0,大江原圭,3:18.0,1.3/4,83.8,10.0,472(0),[東] 深山雅史,202506020404
4,6,7,カルマンフィルター,牡4,59.0,草野太郎,3:19.2,7,7.5,3.0,498(+8),[東] 戸田博文,202506020404
5,7,8,アンクラウデッド,牡7,60.0,石神深一,3:20.0,5,13.7,6.0,520(+10),[東] 古賀慎明,202506020404
6,1,1,グランシャーク,セ6,60.0,五十嵐雄,3:27.8,大,10.7,5.0,514(0),[東] 田島俊明,202506020404
中,3,3,ソルドラード,セ9,60.0,上野翔,,,4.6,2.0,514(-2),[東] 蛯名正義,202506020404
中,4,4,ミラクルジニア,牡4,59.0,伴啓太,,,2.2,1.0,468(0),[東] 粕谷昌央,202506020404
中,5,5,スズカマジェスタ,牡6,60.0,高田潤,,,16.8,7.0,438(+6),[西] 須貝尚介,202506020404
中,7,9,グレイトゲイナー,牡8,60.0,森一馬,,,24.2,9.0,480(-2),[西] 森秀行,202506020404
中,8,10,ゴーツウキリシマ,牝5,58.0,黒岩悠,,,115.9,11.0,462(-2),[西] 牧田和弥,202506020404
1,1,1,ルナルーチェット,牝3,55.0,菅原明良,1:35.0,,3.8,2.0,424(-2),[東] 国枝栄,202506020405
2,8,15,ホシニネガイヲ,牝3,55.0,三浦皇成,1:36.2,7,11.2,4.0,438(0),[東] 竹内正洋,202506020405
3,2,3,ニットウアクシア,牝3,55.0,吉田豊,1:36.8,3.1/2,117.7,11.0,452(0),[東] 稲垣幸雄,202506020405
4,5,9,シャドウヴァイス,セ3,57.0,津村明秀,1:36.9,1/2,50.4,8.0,420(0),[東] 手塚貴久,202506020405
5,3,5,ミズイロホルトゥス,牝3,55.0,戸崎圭太,1:37.2,2,2.2,1.0,466(-2),[東] 金成貴史,202506020405
6,2,4,ヌンルチル,牝3,55.0,木幡巧也,1:37.6,2.1/2,21.3,7.0,460(-12),[東] 勢司和浩,202506020405
7,5,10,ロンディネ,牝3,55.0,武藤雅,1:37.9,2,17.9,6.0,426(-10),[東] 菊沢隆徳,202506020405
8,4,8,エスプラネード,牝3,55.0,北村宏司,1:38.1,3/4,183.1,15.0,428(0),[東] 池上昌和,202506020405
9,7,14,ヨルハ,牝3,55.0,ルメール,1:38.1,クビ,14.6,5.0,426(0),[東] 小島茂之,202506020405
10,6,11,ココロビジン,牝3,55.0,丸田恭介,1:38.2,クビ,165.1,14.0,420(0),[東] 武市康男,202506020405
11,3,6,タイアステソーロ,牝3,55.0,丹内祐次,1:38.3,1/2,127.5,12.0,430(0),[東] 畠山吉宏,202506020405
12,4,7,キョウエイセレッソ,牝3,52.0,石田拓郎,1:38.4,3/4,241.2,16.0,444(0),[東] 中川公成,202506020405
13,7,13,アスコットレイ,牝3,52.0,長浜鴻緒,1:38.7,2,164.0,13.0,430(0),[東] 粕谷昌央,202506020405
14,6,12,フォレストオール,牝3,55.0,田辺裕信,1:39.0,2,63.6,9.0,444(-2),[東] 栗田徹,202506020405
15,8,16,ノーブルリリー,牝3,55.0,石川裕紀,1:39.6,3.1/2,78.9,10.0,386(-6),[東] 矢嶋大樹,202506020405
中,1,2,フォルトレス,牝3,55.0,幸英明,,,4.8,3.0,446(0),[東] 国枝栄,202506020405
1,6,11,マサノユニコーン,牡3,56.0,横山琉人,1:10.5,,18.2,9.0,460(0),[東] 小島茂之,202506020406
2,8,15,ペイシャマリーン,牝3,55.0,丹内祐次,1:10.8,1.1/2,11.8,4.0,458(+2),[東] 菊川正達,202506020406
3,1,2,タッカージーティー,牝3,55.0,横山武史,1:10.8,アタマ,12.2,6.0,478(-8),[東] 鈴木伸尋,202506020406
4,7,13,ダイシンリンク,牡3,57.0,菅原明良,1:10.8,クビ,12.2,5.0,460(+4),[西] 森秀行,202506020406
5,5,10,サヨノジャンボリー,牡3,57.0,内田博幸,1:11.1,1.1/2,13.1,7.0,482(+2),[東] 小笠倫弘,202506020406
6,8,16,アレスグート,牡3,57.0,木幡巧也,1:11.2,1/2,6.0,2.0,458(+4),[東] 牧光二,202506020406
7,4,8,ヤマメキング,牡3,57.0,戸崎圭太,1:11.3,3/4,2.1,1.0,496(0),[東] 田島俊明,202506020406
8,4,7,ピッツァナポリ,牝3,55.0,大野拓弥,1:11.4,3/4,7.6,3.0,454(-6),[東] 新開幸一,202506020406
9,5,9,ゲクウ,牡3,57.0,菅原隆一,1:11.6,1.1/4,200.2,12.0,506(+22),[東] 小手川準,202506020406
10,6,12,ミツカネリブラ,牡3,57.0,菊沢一樹,1:11.8,3/4,247.1,14.0,472(-8),[東] 清水英克,202506020406
11,7,14,ブラックトルネード,牡3,53.0,小林美駒,1:12.2,2.1/2,211.0,13.0,464(0),[東] 佐藤吉勝,202506020406
12,2,3,シャインミラカナ,牡3,57.0,北村宏司,1:12.2,クビ,387.9,15.0,478(+2),[西] 北出成人,202506020406
13,1,1,エルオレンス,牡3,57.0,横山典弘,1:12.2,ハナ,15.4,8.0,480(0),[東] 深山雅史,202506020406
14,3,6,アースミューズ,牝3,52.0,長浜鴻緒,1:13.0,5,136.9,11.0,448(+2),[東] 粕谷昌央,202506020406
15,2,4,クラウンウルル,牡3,57.0,原優介,1:13.2,3/4,48.7,10.0,480(-2),[東] 菊川正達,202506020406
除,3,5,エンドレスサマー,牡3,57.0,江田照男,,,---,,516(-6),[東] 上原佑紀,202506020406
1,4,7,アグラード,牡4,58.0,戸崎圭太,1:11.1,,2.7,1.0,478(+8),[東] 高柳瑞樹,202506020407
2,2,4,ゲキザル,牡6,58.0,原優介,1:11.4,1.1/2,7.8,4.0,476(-2),[東] 青木孝文,202506020407
3,6,12,タイセイピューマ,牡4,58.0,大野拓弥,1:11.5,1/2,5.3,3.0,486(-2),[東] 新開幸一,202506020407
4,3,5,キミハスコール,牡4,58.0,丹内祐次,1:11.5,クビ,90.6,11.0,470(0),[東] 加藤征弘,202506020407
5,8,15,グランプレジール,セ6,58.0,菅原明良,1:11.7,1.1/4,3.4,2.0,512(-4),[東] 堀宣行,202506020407
6,7,13,ハヌル,牝4,53.0,水沼元輝,1:11.8,1/2,58.8,9.0,476(-8),[東] 岩戸孝樹,202506020407
7,4,8,スノーホルンロード,セ6,58.0,石川裕紀,1:12.1,1.1/2,11.1,5.0,514(0),[東] 清水英克,202506020407
8,3,6,フレイムジョーカー,牡6,58.0,野中悠太,1:12.4,2,22.7,6.0,490(+2),[東] 岩戸孝樹,202506020407
9,5,10,ジャーニーメモリー,牡5,58.0,菊沢一樹,1:12.4,クビ,244.5,14.0,476(+2),[東] 粕谷昌央,202506020407
10,7,14,バッファローライズ,牡4,54.0,谷原柚希,1:12.7,1.3/4,133.1,12.0,498(-10),[東] 伊藤圭三,202506020407
11,1,2,ベリーベリーベリー,牝5,52.0,小林美駒,1:13.4,4,23.3,7.0,450(0),[東] 鈴木伸尋,202506020407
12,2,3,ペイシャスウィフト,牝4,56.0,幸英明,1:13.5,1/2,25.4,8.0,508(+10),[東] 本間忍,202506020407
13,8,16,サンマルリアン,牝5,56.0,小林凌大,1:13.9,2.1/2,370.4,15.0,462(+20),[東] 土田稔,202506020407
14,1,1,レモンシフォン,牝4,53.0,長浜鴻緒,1:13.9,クビ,138.6,13.0,504(-2),[東] 尾関知人,202506020407
15,6,11,ザブルース,牝4,53.0,石神深道,1:15.1,7,450.6,16.0,418(+1),[東] 土田稔,202506020407
中,5,9,ゴーゴーケイコ,牝4,55.0,横山琉人,,,70.3,10.0,454(-6),[東] 中舘英二,202506020407
1,6,11,レッドアトレーヴ,牡4,58.0,横山和生,1:34.2,,2.3,1.0,482(-2),[東] 手塚貴久,202506020408
2,1,1,アニトラ,牝5,52.0,小林美駒,1:34.3,3/4,19.9,8.0,462(-4),[東] 矢嶋大樹,202506020408
3,7,14,ブエナオンダ,牡4,58.0,川田将雅,1:34.4,3/4,4.0,2.0,456(+2),[西] 須貝尚介,202506020408
4,8,15,サムハンター,牡7,58.0,横山典弘,1:34.7,1.1/2,225.8,15.0,494(-4),[西] 高橋康之,202506020408
5,1,2,コスモスプモーニ,牡5,58.0,木幡巧也,1:35.0,1.3/4,43.9,12.0,494(0),[東] 松山将樹,202506020408
6,4,7,ライラスター,セ6,58.0,丸山元気,1:35.0,アタマ,17.3,6.0,478(+4),[東] 森一誠,202506020408
7,5,10,ヨウシタンレイ,牝5,56.0,丹内祐次,1:35.2,3/4,10.7,3.0,466(+4),[西] 藤野健太,202506020408
8,6,12,ワザモノ,牡7,58.0,鮫島克駿,1:35.2,ハナ,17.3,7.0,506(-12),[東] 尾関知人,202506020408
9,7,13,ケイケイ,セ4,58.0,大野拓弥,1:35.2,ハナ,24.1,9.0,476(0),[東] 杉浦宏昭,202506020408
10,4,8,ノーダブルディップ,牡7,58.0,三浦皇成,1:35.3,1,13.5,5.0,554(-8),[東] 古賀慎明,202506020408
11,2,3,レッドバレンティア,牡5,58.0,佐々木大,1:35.4,1/2,42.6,11.0,460(0),[東] 矢嶋大樹,202506020408
11,3,5,ナファロア,牡4,58.0,菅原明良,1:35.4,同着,27.4,10.0,476(+4),[東] 菊沢隆徳,202506020408
13,5,9,ディオアステリア,牝6,56.0,石橋脩,1:36.3,5,162.4,14.0,488(0),[東] 小野次郎,202506020408
14,8,16,ウインアザレア,牝4,53.0,長浜鴻緒,1:36.4,アタマ,473.2,16.0,468(+12),[東] 本間忍,202506020408
15,2,4,プレジャークルーズ,牝5,56.0,戸崎圭太,1:36.8,2.1/2,10.8,4.0,508(+4),[東] 大竹正博,202506020408
16,3,6,ブルトンクール,牝6,53.0,石田拓郎,1:38.2,8,83.1,13.0,450(-8),[東] 新開幸一,202506020408
1,4,4,スティンガーグラス,牡4,57.0,ルメール,2:33.5,,1.7,1.0,476(+6),[東] 木村哲也,202506020409
2,2,2,エンドウノハナ,牡6,58.0,田辺裕信,2:33.9,2.1/2,25.7,6.0,494(0),[東] 中舘英二,202506020409
3,6,7,フルール,牝5,56.0,横山和生,2:34.2,2,18.1,5.0,492(-2),[東] 上原佑紀,202506020409
4,7,9,ジオフロント,牡7,58.0,北村宏司,2:34.3,クビ,150.1,12.0,470(-2),[西] 清水久詞,202506020409
5,1,1,アドマイヤサジー,牝5,56.0,戸崎圭太,2:34.4,1/2,13.3,4.0,448(+4),[東] 宮田敬介,202506020409
6,7,10,エンドロール,牡6,58.0,原優介,2:34.4,アタマ,49.0,7.0,472(-2),[東] 青木孝文,202506020409
7,5,5,ホウオウムサシ,牡5,58.0,菅原明良,2:34.6,1,5.3,3.0,454(-2),[東] 蛯名正義,202506020409
8,3,3,インザモーメント,牡4,57.0,川田将雅,2:34.7,1/2,3.8,2.0,484(-6),[西] 田中克典,202506020409
9,8,11,フェミナフォルテ,牝5,56.0,横山琉人,2:35.1,2.1/2,133.0,11.0,422(0),[東] 小島茂之,202506020409
10,5,6,アームブランシュ,牡5,58.0,吉田豊,2:35.2,1/2,104.5,10.0,466(0),[東] 竹内正洋,202506020409
11,6,8,レッドヴェロシティ,牡7,58.0,杉原誠人,2:37.3,大,82.0,9.0,550(+6),[東] 木村哲也,202506020409
12,8,12,ショーモン,セ5,58.0,鮫島克駿,2:39.1,大,57.6,8.0,494(-4),[西] 橋口慎介,202506020409
1,8,16,ヴァンヤール,牡7,58.0,戸崎圭太,1:51.5,,21.8,5.0,530(0),[西] 庄野靖志,202506020410
2,6,11,ハビレ,牡4,57.0,三浦皇成,1:51.6,1/2,4.6,2.0,510(-6),[東] 武井亮,202506020410
3,5,10,ミファヴォリート,牝6,55.0,丸山元気,1:51.8,1.1/2,53.3,10.0,494(+2),[東] 辻哲英,202506020410
4,1,2,ムルソー,牡4,57.0,ルメール,1:52.1,1.1/2,1.4,1.0,506(0),[西] 池江泰寿,202506020410
5,4,7,ホールシバン,セ7,58.0,秋山稔樹,1:52.1,クビ,13.3,3.0,526(-4),[西] 高橋義忠,202506020410
6,7,14,カンピオーネ,牡6,57.0,横山武史,1:52.1,クビ,40.6,7.0,516(-8),[東] 栗田徹,202506020410
7,2,3,ブリッツファング,牡6,57.0,横山和生,1:52.3,1,178.4,15.0,492(0),[西] 大久保龍,202506020410
8,6,12,タガノエスコート,牡6,57.0,北村宏司,1:52.4,クビ,44.1,9.0,500(+6),[西] 小林真也,202506020410
9,4,8,キタノリューオー,牡7,58.0,津村明秀,1:52.4,アタマ,41.5,8.0,474(-4),[東] 萱野浩二,202506020410
10,3,6,オメガシンフォニー,牝5,55.0,佐々木大,1:52.9,2.1/2,172.1,14.0,504(+6),[東] 大和田成,202506020410
11,8,15,ピュアキアン,牡4,57.0,吉田豊,1:52.9,クビ,22.8,6.0,512(+4),[東] 竹内正洋,202506020410
12,3,5,ヒューゴ,牡5,57.0,丹内祐次,1:52.9,クビ,138.5,13.0,456(0),[東] 加藤征弘,202506020410
13,7,13,コンティノアール,牡5,57.0,鮫島克駿,1:52.9,ハナ,19.3,4.0,544(+4),[西] 矢作芳人,202506020410
14,2,4,ナチュラルハイ,牡5,58.0,原優介,1:53.4,2.1/2,128.9,12.0,490(+4),[東] 黒岩陽一,202506020410
15,5,9,サンマルレジェンド,牡7,57.0,柴田大知,1:54.2,5,426.8,16.0,482(-6),[西] 大橋勇樹,202506020410
16,1,1,ゴールドバランサー,牡5,57.0,菅原明良,1:54.5,2,70.2,11.0,482(+8),[東] 鈴木慎太,202506020410
1,5,8,ファウストラーゼン,牡3,57.0,杉原誠人,2:01.3,,16.9,7.0,456(+2),[西] 西村真幸,202506020411
2,3,3,ヴィンセンシオ,牡3,57.0,ルメール,2:01.3,クビ,4.5,2.0,516(+10),[東] 森一誠,202506020411
3,5,7,アロヒアリイ,牡3,57.0,横山和生,2:01.4,クビ,9.9,5.0,494(-2),[東] 田中博康,202506020411
4,7,11,ミュージアムマイル,牡3,57.0,幸英明,2:01.5,1,2.9,1.0,502(+8),[西] 高柳大輔,202506020411
5,8,13,ガンバルマン,牡3,57.0,原優介,2:01.5,ハナ,103.1,13.0,462(0),[東] 萱野浩二,202506020411
6,6,9,アスクシュタイン,牡3,57.0,横山武史,2:01.7,1.1/4,27.9,8.0,498(+2),[西] 藤原英昭,202506020411
7,8,14,マイネルゼウス,牡3,57.0,津村明秀,2:01.8,アタマ,130.9,14.0,410(-4),[東] 奥村武,202506020411
8,1,1,レディネス,牡3,57.0,横山典弘,2:02.3,3,11.3,6.0,502(+4),[西] 昆貢,202506020411
9,3,4,ベストシーン,牡3,57.0,田辺裕信,2:02.3,クビ,96.8,12.0,466(0),[東] 手塚貴久,202506020411
10,4,6,ジュタ,牡3,57.0,丹内祐次,2:02.5,3/4,8.1,4.0,498(0),[西] 矢作芳人,202506020411
11,7,12,クラウディアイ,牡3,57.0,鮫島克駿,2:02.6,1/2,36.9,9.0,438(+6),[西] 橋口慎介,202506020411
12,2,2,ナグルファル,牡3,57.0,川田将雅,2:02.9,1.3/4,5.3,3.0,504(+2),[西] 杉山晴紀,202506020411
13,4,5,ブラックジェダイト,牡3,57.0,佐々木大,2:03.1,1.1/4,46.6,10.0,454(+4),[東] 大竹正博,202506020411
14,6,10,ロードガレリア,牡3,57.0,戸崎圭太,2:03.6,3,58.8,11.0,466(+24),[西] 藤岡健一,202506020411
1,8,14,ブレスワード,牡4,58.0,川田将雅,1:53.4,,3.4,1.0,498(+6),[東] 中舘英二,202506020412
2,2,3,ドバイブルース,牡4,58.0,ルメール,1:53.4,クビ,4.0,2.0,512(0),[東] 加藤征弘,202506020412
3,3,4,ライジンマル,牡4,58.0,津村明秀,1:53.5,1/2,16.1,6.0,532(+4),[東] 竹内正洋,202506020412
4,5,8,アオイミモザ,セ4,58.0,戸崎圭太,1:53.6,クビ,5.1,3.0,490(-8),[東] 古賀慎明,202506020412
5,7,13,サイモンソーラン,牡6,55.0,長浜鴻緒,1:53.7,1/2,84.2,10.0,484(0),[東] 勢司和浩,202506020412
6,5,9,シャパリュ,セ4,58.0,菅原明良,1:53.7,クビ,6.1,5.0,508(-14),[東] 菊沢隆徳,202506020412
7,4,7,エクストラノート,セ8,58.0,原優介,1:53.9,1.1/4,143.3,14.0,486(-6),[東] 加藤和宏,202506020412
8,2,2,スプレーフォール,牡4,58.0,石川裕紀,1:54.3,2.1/2,93.4,11.0,454(+4),[東] 相沢郁,202506020412
9,1,1,クーアフュルスト,牡4,58.0,石橋脩,1:54.3,アタマ,6.0,4.0,466(-12),[東] 大和田成,202506020412
10,8,15,ジュドー,牡5,58.0,杉原誠人,1:54.6,1.3/4,113.6,12.0,488(+14),[東] 手塚貴久,202506020412
11,6,11,デルマオシダシ,牝5,55.0,横山琉人,1:54.8,1.1/4,133.1,13.0,476(0),[東] 鈴木慎太,202506020412
12,4,6,ホウオウフェイント,牡4,58.0,横山武史,1:55.6,5,24.2,7.0,504(+4),[東] 高木登,202506020412
13,6,10,ロードプレイヤー,牡5,58.0,丹内祐次,1:56.2,3.1/2,39.9,8.0,460(-2),[東] 尾形和幸,202506020412
14,7,12,ネイリッカ,牝6,56.0,大野拓弥,2:05.2,大,67.8,9.0,476(+12),[東] 和田勇介,202506020412
中,3,5,ゼンカイテン,牡6,58.0,菊沢一樹,,,169.4,15.0,484(+8),[東] 矢野英一,202506020412
1,1,1,フクチャンヒメ,牝3,55.0,ルメール,1:12.3,,3.6,2.0,474(-4),[東] 加藤征弘,202506020501
2,2,3,クインズシフォン,牝3,52.0,石神深道,1:12.3,ハナ,52.6,8.0,448(-4),[東] 和田正一,202506020501
3,4,7,ステラマテュティナ,牝3,55.0,内田博幸,1:13.2,5,38.3,7.0,434(-12),[東] 高柳瑞樹,202506020501
4,7,14,ミサビスケッツ,牝3,55.0,吉田豊,1:13.4,1.1/4,11.7,4.0,436(+2),[東] 村田一誠,202506020501
5,6,12,エーデルムート,牝3,55.0,原優介,1:13.4,ハナ,81.0,9.0,446(-6),[東] 矢野英一,202506020501
6,7,13,ミニョンマルーン,牝3,52.0,長浜鴻緒,1:13.7,2,1.6,1.0,458(-4),[東] 伊藤圭三,202506020501
7,6,11,サンパギータチャン,牝3,52.0,佐藤翔馬,1:14.0,1.3/4,311.1,16.0,390(-4),[東] 杉浦宏昭,202506020501
8,3,6,ヴィーナスゼファー,牝3,55.0,横山武史,1:14.0,ハナ,9.0,3.0,488(-6),[東] 斎藤誠,202506020501
9,3,5,シンフォニーシーズ,牝3,55.0,丹内祐次,1:14.2,1.1/4,134.0,11.0,450(0),[東] 清水英克,202506020501
10,4,8,セイリオス,牝3,55.0,杉原誠人,1:14.3,クビ,119.2,10.0,472(0),[東] 宮田敬介,202506020501
11,5,9,プレミアムハニー,牝3,55.0,津村明秀,1:14.3,アタマ,154.1,12.0,416(-4),[東] 鈴木伸尋,202506020501
12,5,10,アナベルケイツー,牝3,55.0,木幡巧也,1:14.5,1.1/4,24.3,5.0,450(0),[東] 牧光二,202506020501
13,8,15,ドルーリー,牝3,55.0,横山和生,1:15.1,3.1/2,36.2,6.0,480(0),[東] 上原佑紀,202506020501
14,8,16,ニシノステディミキ,牝3,52.0,水沼元輝,1:15.7,3.1/2,215.3,13.0,468(+2),[東] 加藤和宏,202506020501
15,2,4,グローブミッション,牝3,55.0,木幡育也,1:15.8,1/2,220.8,14.0,430(-2),[東] 松永康利,202506020501
16,1,2,マリアディオーサ,牝3,55.0,菊沢一樹,1:16.2,2.1/2,284.7,15.0,432(0),[東] 伊坂重信,202506020501
1,5,9,ナムラジミー,牡3,57.0,丸田恭介,1:56.1,,11.8,4.0,484(-8),[東] 武市康男,202506020502
2,7,13,ヴィーデ,牡3,57.0,三浦皇成,1:56.1,アタマ,2.9,2.0,480(-12),[東] 戸田博文,202506020502
3,5,10,グレイスザクラウン,セ3,54.0,長浜鴻緒,1:56.1,アタマ,51.9,9.0,502(0),[東] 上原博之,202506020502
4,6,12,ライフゲート,セ3,57.0,丹内祐次,1:56.1,アタマ,28.3,6.0,504(+4),[東] 伊藤圭三,202506020502
5,8,15,マルターズヴェロス,牡3,57.0,田辺裕信,1:56.4,1.1/2,2.0,1.0,464(+2),[東] 手塚貴久,202506020502
6,7,14,ガイ,牡3,57.0,菅原明良,1:57.7,8,197.8,13.0,466(+4),[東] 高木登,202506020502
7,2,4,シリウスライト,牡3,57.0,石橋脩,1:58.6,5,377.9,15.0,454(-4),[東] 和田正一,202506020502
8,4,8,タケルサバイバル,牡3,57.0,菊沢一樹,1:58.6,ハナ,108.1,12.0,506(-6),[東] 金成貴史,202506020502
9,1,1,ヴィラスターリ,牡3,57.0,原優介,1:58.6,アタマ,10.1,3.0,484(+12),[東] 矢野英一,202506020502
10,3,5,ヨドノタイヨウ,牡3,57.0,小林凌大,1:58.6,クビ,32.3,7.0,490(-4),[東] 小西一男,202506020502
11,4,7,ブライトメール,牡3,57.0,北村宏司,1:58.9,1.1/2,12.4,5.0,444(0),[東] 伊藤大士,202506020502
12,3,6,キングズトゥルー,牡3,57.0,大野拓弥,1:59.1,1,90.5,11.0,452(0),[東] 大竹正博,202506020502
13,6,11,ファイアリーホット,牡3,57.0,内田博幸,1:59.3,1.1/4,72.8,10.0,458(+2),[東] 和田勇介,202506020502
14,8,16,ヘビーキュー,牡3,57.0,江田照男,1:59.3,クビ,33.7,8.0,578(-4),[東] 矢嶋大樹,202506020502
15,1,2,レッドレントラー,牡3,54.0,石田拓郎,2:00.7,8,240.4,14.0,458(+18),[東] 林徹,202506020502
16,2,3,マイウェイ,牡3,53.0,谷原柚希,2:01.6,5,424.5,16.0,412(+2),[東] 高橋文雅,202506020502
1,1,2,ラストシャリナ,牡3,57.0,石川裕紀,1:12.1,,2.3,2.0,486(0),[東] 矢嶋大樹,202506020503
2,4,7,フレイム,牡3,57.0,三浦皇成,1:12.6,3,41.1,9.0,512(+2),[東] 伊藤大士,202506020503
3,5,10,ライヴドライバー,牡3,57.0,丹内祐次,1:12.6,クビ,26.5,5.0,508(-2),[東] 尾形和幸,202506020503
4,2,3,ファリア,牡3,57.0,杉原誠人,1:13.1,3,36.3,7.0,450(-6),[東] 土田稔,202506020503
5,7,13,ラインアルテミス,牝3,55.0,武藤雅,1:13.2,1/2,100.1,13.0,522(-10),[東] 武藤善則,202506020503
6,2,4,マオノクラッシュ,牝3,52.0,遠藤汰月,1:13.2,ハナ,72.5,10.0,490(-4),[東] 黒岩陽一,202506020503
7,6,11,ショウナンラリー,牡3,57.0,吉田豊,1:13.2,クビ,2.2,1.0,490(+10),[東] 嘉藤貴行,202506020503
8,5,9,ロッカバイベイビー,牝3,52.0,佐藤翔馬,1:13.6,2.1/2,36.5,8.0,440(-6),[東] 伊藤圭三,202506020503
9,3,5,ボンジュールアスク,牝3,55.0,横山和生,1:13.8,1.1/4,74.7,11.0,442(-6),[東] 斎藤誠,202506020503
10,6,12,ノックシュライン,牡3,54.0,石神深道,1:14.1,1.3/4,96.1,12.0,588(0),[東] 高橋文雅,202506020503
11,3,6,スヴァローグ,牡3,57.0,津村明秀,1:14.1,クビ,10.9,3.0,496(-4),[東] 林徹,202506020503
12,4,8,アルマヴィーナス,牝3,55.0,松岡正海,1:14.6,3,11.5,4.0,452(-6),[東] 中舘英二,202506020503
13,8,15,セイカエイレーネー,牝3,55.0,丸田恭介,1:14.8,3/4,355.5,16.0,442(+4),[東] 南田美知,202506020503
14,7,14,プリヤンカー,牝3,55.0,大野拓弥,1:14.9,1/2,33.0,6.0,466(-14),[東] 田島俊明,202506020503
15,1,1,イタリックタイプ,牡3,56.0,横山琉人,1:15.0,3/4,242.9,15.0,420(-2),[東] 田中剛,202506020503
16,8,16,ニシノテュケ,牝3,55.0,江田照男,1:15.1,1/2,168.3,14.0,446(-12),[東] 村田一誠,202506020503
1,4,8,ミラクルダンサー,牝3,55.0,横山武史,1:56.4,,4.0,2.0,512(+12),[東] 尾関知人,202506020504
2,2,3,フォンデネージュ,牝3,55.0,ルメール,1:56.6,1.1/4,2.2,1.0,512(0),[東] 武井亮,202506020504
3,6,12,トーアナカヨシ,牝3,55.0,菊沢一樹,1:56.7,クビ,32.7,7.0,454(-18),[東] 勢司和浩,202506020504
4,4,7,ライズトゥザトップ,牝3,55.0,木幡巧也,1:57.0,2,12.6,5.0,482(-6),[東] 牧光二,202506020504
5,6,11,クロメヒョウ,牝3,55.0,小林凌大,1:57.2,3/4,104.9,9.0,470(0),[東] 小西一男,202506020504
6,2,4,ニシノフローレス,牝3,55.0,大野拓弥,1:57.3,3/4,13.6,6.0,480(-6),[東] 小手川準,202506020504
7,8,15,キューティリップ,牝3,55.0,松岡正海,1:57.3,ハナ,6.1,3.0,464(-2),[東] 戸田博文,202506020504
8,3,6,ブルーユンチェリー,牝3,52.0,長浜鴻緒,1:57.3,クビ,75.6,8.0,452(-10),[東] 加藤征弘,202506020504
9,1,1,ポリアンセモス,牝3,55.0,戸崎圭太,1:58.2,5,6.2,4.0,470(+2),[東] 辻哲英,202506020504
10,5,10,カルタジローネ,牝3,55.0,武藤雅,1:58.2,ハナ,249.4,12.0,466(+6),[東] 池上昌和,202506020504
11,8,16,ペイシャリサデル,牝3,55.0,小林脩斗,1:58.4,1.1/2,537.8,15.0,486(-6),[東] 奥平雅士,202506020504
12,1,2,サバイバルナイン,牝3,52.0,石神深道,1:58.7,1.3/4,271.2,13.0,484(-8),[東] 和田雄二,202506020504
13,7,14,ファランジリング,牝3,55.0,嶋田純次,1:59.2,3,140.5,10.0,466(+12),[東] 手塚貴久,202506020504
14,5,9,ミスパナギア,牝3,55.0,菅原明良,2:00.2,6,168.4,11.0,444(0),[東] 浅利英明,202506020504
15,7,13,ハナヒラク,牝3,52.0,遠藤汰月,2:04.8,大,409.0,14.0,448(-8),[東] 萱野浩二,202506020504
取,3,5,エミネントキャリア,牝3,55.0,内田博幸,,,---,,計不,[東] 稲垣幸雄,202506020504
1,1,2,レッドバンデ,牡3,57.0,横山武史,2:13.8,,4.8,3.0,484(0),[東] 大竹正博,202506020505
2,2,3,ピエナフェーヴル,牡3,57.0,三浦皇成,2:14.3,3,6.7,5.0,458(+4),[東] 萱野浩二,202506020505
3,7,15,ミクニインスパイア,牡3,57.0,丹内祐次,2:14.3,クビ,26.8,7.0,508(-4),[東] 林徹,202506020505
4,7,14,マカナ,牝3,55.0,田辺裕信,2:14.5,3/4,8.1,6.0,450(-2),[東] 伊藤大士,202506020505
5,2,4,ヘヴンウィンド,牡3,57.0,戸崎圭太,2:14.6,3/4,5.2,4.0,478(+4),[東] 黒岩陽一,202506020505
6,7,13,ブリヤディアマンテ,牡3,57.0,吉田豊,2:15.2,3.1/2,86.3,10.0,474(0),[東] 小島茂之,202506020505
7,8,17,ディベルティスマン,牡3,57.0,石橋脩,2:15.5,2,4.7,2.0,514(0),[東] 菊沢隆徳,202506020505
8,5,10,レイホーキング,牡3,57.0,石川裕紀,2:15.7,1.1/4,168.1,12.0,464(+8),[東] 奥村武,202506020505
9,3,6,ケーニッヒブルート,牡3,57.0,宮崎北斗,2:15.9,1,472.7,17.0,488(-22),[東] 中川公成,202506020505
10,6,11,エルドジュリエーネ,牝3,52.0,長浜鴻緒,2:15.9,クビ,350.6,16.0,456(-2),[東] 手塚貴久,202506020505
11,8,18,エターナルシルバー,牡3,57.0,横山和生,2:15.9,ハナ,30.1,9.0,450(0),[東] 中舘英二,202506020505
12,4,7,アルカラス,牡3,56.0,横山琉人,2:16.1,1,523.5,18.0,506(0),[東] 相沢郁,202506020505
13,6,12,バーケンヘッド,牡3,54.0,石神深道,2:16.4,1.3/4,28.4,8.0,416(0),[東] 武井亮,202506020505
14,3,5,エアイナーン,牝3,55.0,柴田大知,2:17.0,4,261.4,14.0,452(+12),[東] 矢嶋大樹,202506020505
15,4,8,ガスパール,牡3,57.0,菊沢一樹,2:17.6,3.1/2,212.9,13.0,496(+8),[東] 金成貴史,202506020505
16,8,16,ケアンズ,牡3,57.0,野中悠太,2:17.9,2,290.4,15.0,466(-6),[東] 武藤善則,202506020505
17,5,9,ピンキースウェア,牝3,55.0,菅原明良,2:18.7,5,95.1,11.0,468(-8),[東] 鹿戸雄一,202506020505
18,1,1,ラムコーク,牝3,55.0,ルメール,2:19.3,3.1/2,4.5,1.0,414(-6),[東] 田中博康,202506020505
1,4,8,グロスビーク,牡3,57.0,ルメール,1:48.9,,1.5,1.0,470(0),[東] 田中博康,202506020506
2,6,12,サトノシャルレーヌ,牝3,55.0,三浦皇成,1:49.2,1.3/4,22.0,6.0,446(-10),[東] 国枝栄,202506020506
3,7,14,ヴァーナリー,牝3,55.0,北村宏司,1:49.3,クビ,49.5,11.0,432(0),[東] 古賀慎明,202506020506
4,1,1,バットスティンガー,牡3,57.0,杉原誠人,1:49.4,3/4,40.2,8.0,466(0),[東] 嘉藤貴行,202506020506
5,2,4,ハニードレス,牝3,55.0,木幡巧也,1:49.4,クビ,5.4,2.0,436(-6),[東] 牧光二,202506020506
6,5,10,ベールドインパクト,牡3,57.0,横山和生,1:49.8,2,17.2,5.0,444(+2),[東] 小島茂之,202506020506
7,8,15,デルマサターン,牡3,57.0,菊沢一樹,1:49.9,3/4,46.6,10.0,504(0),[東] 菊沢隆徳,202506020506
8,3,5,アイスヴィレッジ,牡3,54.0,長浜鴻緒,1:50.0,1/2,25.1,7.0,488(-2),[東] 鈴木慎太,202506020506
9,6,11,コスモグラニット,牡3,57.0,丹内祐次,1:50.0,クビ,11.0,4.0,488(0),[東] 清水英克,202506020506
10,1,2,セレニティ,牝3,55.0,菅原明良,1:50.1,クビ,40.5,9.0,376(-2),[東] 鹿戸雄一,202506020506
11,7,13,ラヴァフォール,牝3,55.0,横山武史,1:50.3,1.1/4,10.6,3.0,414(+6),[東] 鈴木伸尋,202506020506
12,3,6,アイスフィールド,牡3,54.0,水沼元輝,1:50.6,2,253.5,13.0,456(+18),[東] 西田雄一,202506020506
13,4,7,フォーエリーゼ,牝3,55.0,大野拓弥,1:50.8,1.1/4,262.9,14.0,474(0),[東] 本間忍,202506020506
14,5,9,ニシノティターニア,牝3,55.0,野中悠太,1:51.1,1.1/2,466.1,16.0,422(-2),[東] 上原博之,202506020506
15,2,3,スイートオレンジ,牝3,55.0,石川裕紀,1:51.3,1,266.5,15.0,460(0),[東] 中川公成,202506020506
16,8,16,ビビデバビデブー,牡3,57.0,江田照男,1:51.6,1.3/4,146.4,12.0,434(0),[東] 村田一誠,202506020506
1,6,12,イムホテプ,牡3,57.0,横山武史,1:53.6,,1.5,1.0,484(+6),[東] 萩原清,202506020507
2,3,6,ルグランヴァン,牡3,57.0,原優介,1:54.1,3,28.8,7.0,486(-2),[東] 高木登,202506020507
3,5,9,シャイニーシップ,牡3,57.0,丹内祐次,1:54.4,2,4.3,2.0,486(-2),[東] 畠山吉宏,202506020507
4,5,10,ニューファウンド,セ3,57.0,石川裕紀,1:54.6,3/4,28.6,6.0,512(0),[東] 相沢郁,202506020507
5,7,14,ニシノケンタマン,牡3,57.0,内田博幸,1:55.2,3.1/2,118.4,12.0,454(0),[東] 深山雅史,202506020507
6,7,13,カージオイド,牡3,57.0,大野拓弥,1:55.2,クビ,19.0,5.0,516(+2),[東] 黒岩陽一,202506020507
7,8,16,ディペンダブル,牝3,55.0,菅原明良,1:55.2,クビ,70.6,10.0,494(-2),[東] 菊沢隆徳,202506020507
8,6,11,ソクヅモドラドラ,牡3,57.0,石橋脩,1:55.3,1/2,237.2,15.0,494(-2),[東] 上原佑紀,202506020507
9,8,15,ホウオウゴールド,牡3,57.0,横山和生,1:55.8,3,14.3,4.0,458(-4),[東] 栗田徹,202506020507
10,1,1,リアンベーレ,牡3,57.0,津村明秀,1:56.0,1.1/4,13.0,3.0,502(-4),[東] 手塚貴久,202506020507
11,1,2,タマモカンパネラ,牝3,55.0,戸崎圭太,1:56.6,4,39.8,8.0,496(-6),[東] 伊藤圭三,202506020507
12,3,5,オメガドライヴ,牡3,57.0,北村宏司,1:56.8,1,75.7,11.0,492(0),[西] 安田翔伍,202506020507
13,2,3,ニシノタンギー,牡3,57.0,武藤雅,1:56.9,クビ,169.8,13.0,464(-2),[東] 水野貴広,202506020507
14,4,7,ゴーゴータカシ,牡3,57.0,三浦皇成,1:56.9,ハナ,42.0,9.0,482(0),[東] 武井亮,202506020507
15,2,4,スワッガー,牡3,57.0,丸田恭介,1:57.0,3/4,261.8,16.0,542(-2),[東] 武市康男,202506020507
16,4,8,パーソナルアフェア,牝3,55.0,田辺裕信,1:58.4,8,188.9,14.0,440(-2),[東] 和田勇介,202506020507
1,1,1,ヴェルトラウム,牡4,58.0,武藤雅,1:12.1,,6.5,3.0,452(-10),[東] 西田雄一,202506020508
2,5,10,ロサンゼルス,牡4,58.0,三浦皇成,1:12.3,1.1/2,2.5,1.0,514(-2),[東] 伊藤圭三,202506020508
3,7,14,スマートオリーブ,牝6,55.0,横山琉人,1:12.5,1,24.4,7.0,500(+10),[東] 蛯名利弘,202506020508
4,3,5,クインズポラリス,牝4,56.0,吉田豊,1:12.5,アタマ,4.1,2.0,490(+4),[東] 上原博之,202506020508
5,2,4,キングプロフィット,牡4,55.0,石田拓郎,1:12.6,クビ,123.8,14.0,474(-2),[東] 新開幸一,202506020508
6,6,12,ハローマイラブリー,牝5,53.0,長浜鴻緒,1:12.7,1,14.5,6.0,534(+16),[東] 伊坂重信,202506020508
7,7,13,カツノテンス,牡5,55.0,遠藤汰月,1:12.8,1/2,158.0,15.0,450(+10),[東] 伊藤伸一,202506020508
8,8,15,ミスターディジェイ,牡4,58.0,丹内祐次,1:12.8,ハナ,10.6,5.0,534(-14),[東] 清水英克,202506020508
9,5,9,レッツリブオン,セ6,55.0,水沼元輝,1:12.9,クビ,32.3,9.0,470(-2),[東] 伊藤大士,202506020508
10,1,2,ウィウィルウィン,牡4,58.0,江田照男,1:12.9,クビ,93.7,12.0,524(+2),[東] 中川公成,202506020508
11,3,6,エコロヴァルム,牡4,58.0,田辺裕信,1:13.1,1,24.7,8.0,434(-6),[東] 小西一男,202506020508
12,8,16,グランヒマラヤ,牡5,58.0,木幡巧也,1:13.1,アタマ,110.4,13.0,512(+6),[東] 松山将樹,202506020508
13,2,3,サクラファシナンテ,牝7,56.0,北村宏司,1:13.5,2.1/2,79.2,11.0,522(-4),[東] 尾関知人,202506020508
14,4,7,リワードファラオン,牡4,58.0,横山和生,1:13.6,クビ,8.8,4.0,524(+4),[東] 村田一誠,202506020508
15,6,11,ブルーリヴァーサル,牡5,58.0,的場勇人,1:13.6,ハナ,314.6,16.0,448(-21),[東] 的場均,202506020508
16,4,8,ホワイトターフ,牝6,56.0,大野拓弥,1:13.7,3/4,43.8,10.0,466(+4),[東] 清水英克,202506020508
1,1,1,ワンパット,牡4,56.0,菅原明良,2:34.1,,10.7,7.0,482(-4),[西] 高橋亮,202506020509
2,5,8,コスモジンバック,牡4,55.0,津村明秀,2:34.3,1,10.5,6.0,494(-6),[東] 相沢郁,202506020509
3,4,5,トクシースタローン,牡6,57.0,内田博幸,2:34.3,クビ,13.7,8.0,500(-6),[東] 辻哲英,202506020509
4,8,14,ロードブレイズ,牡4,55.0,横山和生,2:35.3,6,10.1,5.0,502(-4),[東] 稲垣幸雄,202506020509
5,3,4,レッドリベルタ,牡4,56.0,戸崎圭太,2:35.6,1.3/4,9.9,4.0,450(-6),[西] 庄野靖志,202506020509
6,8,13,ソウルアンドジャズ,牡4,56.0,横山武史,2:36.0,2.1/2,2.0,1.0,508(+4),[東] 武井亮,202506020509
7,6,9,シゲルカミカゼ,牡5,56.0,大野拓弥,2:36.2,3/4,29.8,9.0,532(-2),[東] 松山将樹,202506020509
8,4,6,インペリアルライン,セ6,57.0,丹内祐次,2:36.6,2.1/2,8.1,2.0,482(0),[東] 中舘英二,202506020509
9,6,10,バレンタインガール,牝4,52.0,北村宏司,2:37.5,5,258.2,14.0,472(+4),[東] 古賀慎明,202506020509
10,7,12,フルングニル,牡5,56.0,ルメール,2:37.6,3/4,9.0,3.0,580(+6),[東] 小手川準,202506020509
11,3,3,ティルドーン,牡5,57.0,松岡正海,2:37.7,クビ,52.6,10.0,538(0),[西] 森秀行,202506020509
12,5,7,オセアフラッグ,牡5,55.0,江田照男,2:38.1,2.1/2,130.1,12.0,502(-2),[東] 加藤征弘,202506020509
13,7,11,グランオース,牡4,54.0,石川裕紀,2:38.9,5,90.6,11.0,500(-10),[西] 角田晃一,202506020509
14,2,2,ブロンディール,牝5,52.0,柴田大知,2:39.0,3/4,191.8,13.0,480(-4),[東] 深山雅史,202506020509
1,6,9,キョウエイブリッサ,牡5,55.0,津村明秀,1:33.4,,17.9,8.0,488(+2),[東] 武市康男,202506020510
2,1,1,ウインレイアー,牝5,54.0,横山和生,1:33.4,アタマ,7.6,4.0,464(+6),[東] 和田雄二,202506020510
3,4,4,アルセナール,牝4,55.0,ルメール,1:33.4,クビ,4.5,2.0,460(-4),[東] 木村哲也,202506020510
4,7,10,ワンダイレクト,牡5,56.0,内田博幸,1:33.6,3/4,20.8,9.0,454(0),[西] 藤岡健一,202506020510
5,3,3,マルチャン,牡5,55.0,丸田恭介,1:33.6,アタマ,31.5,10.0,482(+2),[東] 武市康男,202506020510
6,2,2,ショウナンラスボス,牡7,55.0,吉田豊,1:33.7,1/2,258.7,13.0,484(+6),[東] 奥村武,202506020510
7,6,8,レッドシュヴェルト,牡5,55.0,大野拓弥,1:33.8,1/2,42.9,11.0,470(-8),[東] 尾関知人,202506020510
8,5,7,ユキノロイヤル,牡4,56.0,石橋脩,1:33.8,クビ,15.1,7.0,454(-4),[東] 小野次郎,202506020510
9,4,5,ピックアチェリー,牝4,55.0,横山武史,1:33.9,アタマ,3.9,1.0,440(0),[東] 和田正一,202506020510
10,5,6,ディープリッチ,牡7,54.0,横山琉人,1:33.9,クビ,221.5,12.0,538(0),[東] 小島茂之,202506020510
11,7,11,エンデミズム,牡5,56.0,菅原明良,1:33.9,ハナ,4.5,3.0,472(+6),[東] 鹿戸雄一,202506020510
12,8,12,スズカダブル,牡5,57.0,丹内祐次,1:34.0,1/2,10.0,5.0,508(-14),[西] 西村真幸,202506020510
13,8,13,オメガウインク,牝4,56.0,戸崎圭太,1:34.5,3,10.4,6.0,470(-2),[東] 大和田成,202506020510
1,1,1,トワイライトシティ,牝3,55.0,横山武史,1:35.7,,9.9,4.0,454(+4),[西] 杉山晴紀,202506020511
2,5,6,プリムツァール,牝3,55.0,津村明秀,1:35.8,1/2,4.4,3.0,454(-6),[東] 蛯名正義,202506020511
3,6,8,アルメントフーベル,牝3,55.0,ルメール,1:35.8,クビ,2.6,1.0,460(+8),[東] 宮田敬介,202506020511
4,7,9,ホウオウショコラ,牝3,55.0,大野拓弥,1:35.9,クビ,26.5,9.0,474(-8),[東] 大竹正博,202506020511
5,8,12,ピコローズ,牝3,55.0,田辺裕信,1:35.9,ハナ,4.4,2.0,436(0),[東] 伊藤大士,202506020511
6,7,10,ジョリーレーヌ,牝3,55.0,石川裕紀,1:35.9,アタマ,22.1,7.0,438(-4),[東] 大竹正博,202506020511
7,8,11,ミーントゥビー,牝3,55.0,松岡正海,1:36.0,クビ,25.5,8.0,438(-6),[東] 堀内岳志,202506020511
8,2,2,ベルビースタローン,牝3,55.0,杉原誠人,1:36.0,クビ,11.8,5.0,490(0),[西] 西村真幸,202506020511
9,5,5,ムーンライトラガー,牝3,55.0,戸崎圭太,1:36.1,クビ,13.6,6.0,418(0),[西] 大久保龍,202506020511
10,4,4,キタノクニカラ,牝3,55.0,丸田恭介,1:36.1,クビ,33.7,10.0,382(-6),[東] 小島茂之,202506020511
11,3,3,ラブアイミー,牝3,55.0,長浜鴻緒,1:36.5,2.1/2,347.4,12.0,402(-8),[西] 森田直行,202506020511
12,6,7,ヴィヴァラリス,牝3,55.0,三浦皇成,1:36.9,2,99.6,11.0,378(-14),[東] 尾関知人,202506020511
1,6,11,アララララ,牡4,58.0,丹内祐次,1:08.6,,16.6,8.0,448(+4),[東] 清水英克,202506020512
2,6,12,インプロバイザー,牡6,58.0,石川裕紀,1:08.8,1.1/2,29.2,9.0,492(+2),[西] 東田明士,202506020512
3,1,1,ピコアーガイル,牡4,57.0,北村宏司,1:08.8,ハナ,10.4,5.0,492(-10),[東] 伊藤大士,202506020512
4,8,16,カリーシ,牝4,56.0,菅原明良,1:08.9,1/2,5.0,2.0,458(0),[東] 武井亮,202506020512
5,4,8,ニジュウダンサー,牝5,56.0,菊沢一樹,1:09.0,クビ,14.4,7.0,466(-4),[東] 尾関知人,202506020512
6,7,13,アップストローク,セ6,58.0,大野拓弥,1:09.0,クビ,42.7,12.0,470(+10),[東] 杉浦宏昭,202506020512
7,1,2,エリカカリーナ,牝4,56.0,戸崎圭太,1:09.0,ハナ,2.4,1.0,440(+24),[東] 宮田敬介,202506020512
8,2,4,ヨール,牝6,56.0,嶋田純次,1:09.0,アタマ,37.3,10.0,450(-4),[東] 手塚貴久,202506020512
9,3,6,マルプリ,牝5,56.0,原優介,1:09.1,クビ,40.9,11.0,482(+12),[東] 青木孝文,202506020512
10,2,3,スーパーマン,牡5,55.0,長浜鴻緒,1:09.1,クビ,10.2,4.0,500(+4),[東] 岩戸孝樹,202506020512
11,4,7,ディージェーサン,牝6,53.0,遠藤汰月,1:09.1,クビ,75.0,13.0,446(+4),[東] 堀内岳志,202506020512
12,8,15,フミサウンド,牡5,58.0,三浦皇成,1:09.1,アタマ,8.9,3.0,454(-8),[東] 鹿戸雄一,202506020512
13,5,10,スミレファースト,牝4,56.0,横山武史,1:09.1,ハナ,13.2,6.0,456(+2),[東] 加藤征弘,202506020512
14,5,9,オリアメンディ,牝7,53.0,水沼元輝,1:09.2,クビ,303.1,16.0,472(-2),[東] 南田美知,202506020512
15,3,5,ジャガード,牡7,58.0,吉田豊,1:09.3,1/2,152.3,15.0,416(-8),[東] 和田雄二,202506020512
16,7,14,ヘルメース,牡4,54.0,谷原柚希,1:09.5,1.1/4,116.4,14.0,486(+6),[東] 伊藤圭三,202506020512
1,6,11,バラダレイナ,牝3,55.0,内田博幸,1:54.0,,4.7,3.0,502(-8),[東] 宮田敬介,202506020601
2,1,2,レディーフランシス,牝3,55.0,大野拓弥,1:54.1,クビ,20.0,7.0,440(-6),[東] 和田勇介,202506020601
3,4,8,ルージュメアート,牝3,55.0,吉田豊,1:55.3,7,12.4,6.0,526(-2),[東] 高柳瑞樹,202506020601
4,8,16,ミライヘノハナ,牝3,55.0,北村宏司,1:55.5,1.1/2,8.0,5.0,442(0),[東] 伊藤大士,202506020601
5,7,14,モーニングマジック,牝3,55.0,三浦皇成,1:56.0,3,4.0,2.0,518(0),[東] 武藤善則,202506020601
6,2,3,ラファエラエンゼル,牝3,52.0,水沼元輝,1:56.3,1.3/4,138.3,13.0,418(-2),[東] 武市康男,202506020601
7,8,15,ネクストダンサー,牝3,55.0,横山武史,1:56.8,3,3.4,1.0,472(-6),[東] 伊藤圭三,202506020601
8,7,13,キタノラブミー,牝3,55.0,小林脩斗,1:56.9,クビ,66.3,9.0,498(-2),[東] 萱野浩二,202506020601
9,3,5,リリカルガンマン,牝3,55.0,戸崎圭太,1:57.0,1/2,6.3,4.0,460(+8),[東] 手塚貴久,202506020601
10,4,7,スナドケイ,牝3,52.0,石田拓郎,1:57.7,4,88.4,10.0,472(-2),[東] 尾形和幸,202506020601
11,3,6,ウインポラリス,牝3,55.0,松岡正海,1:58.0,2,101.8,11.0,426(0),[東] 畠山吉宏,202506020601
12,5,9,フライングキャット,牝3,55.0,木幡巧也,1:58.1,クビ,46.6,8.0,472(+2),[東] 牧光二,202506020601
13,6,12,メイブロッサム,牝3,55.0,原優介,1:59.2,7,162.8,14.0,444(0),[東] 堀内岳志,202506020601
14,2,4,ハクシンダンス,牝3,52.0,遠藤汰月,2:01.3,大,256.9,15.0,460(-8),[東] 伊藤伸一,202506020601
15,5,10,ヤマニンラリアンス,牝3,55.0,江田照男,2:03.8,大,109.0,12.0,498(0),[東] 村田一誠,202506020601
16,1,1,グランラティーナ,牝3,52.0,上里直汰,2:04.8,6,304.0,16.0,488(-2),[東] 加藤士津,202506020601
1,8,15,ピコテンダー,牝3,53.0,戸崎圭太,1:12.2,,1.6,1.0,472(-4),[東] 上原佑紀,202506020602
2,2,3,ガストフロント,牡3,57.0,武藤雅,1:12.5,2,97.6,9.0,452(+2),[東] 水野貴広,202506020602
3,6,11,シンガソング,牝3,55.0,杉原誠人,1:12.7,1.1/4,44.7,7.0,428(0),[東] 土田稔,202506020602
4,7,13,リネンプリンセス,牝3,52.0,佐藤翔馬,1:12.9,1,151.1,12.0,456(-8),[東] 南田美知,202506020602
5,4,8,グリームスター,牡3,57.0,北村宏司,1:13.1,1.1/4,69.2,8.0,464(-6),[東] 勢司和浩,202506020602
6,4,7,ハナナラツボミ,牡3,54.0,上里直汰,1:13.1,クビ,7.8,3.0,502(+2),[東] 加藤士津,202506020602
7,3,5,ミラクルミッキー,牡3,57.0,木幡巧也,1:13.2,クビ,14.0,5.0,524(-2),[東] 牧光二,202506020602
8,5,9,ヒタムキ,牝3,55.0,横山和生,1:13.3,1/2,122.4,11.0,434(-8),[東] 鈴木慎太,202506020602
9,8,16,クールマーロウ,牡3,57.0,菊沢一樹,1:13.3,アタマ,116.3,10.0,434(-4),[東] 矢野英一,202506020602
10,5,10,キロノヴァ,牡3,57.0,三浦皇成,1:13.6,1.1/2,11.0,4.0,440(0),[東] 萩原清,202506020602
11,1,1,サスペンスクィーン,牝3,55.0,菅原明良,1:13.6,ハナ,234.6,13.0,452(-3),[東] 和田雄二,202506020602
12,3,6,ミヤマイルス,牝3,52.0,長浜鴻緒,1:13.9,2,15.2,6.0,482(-4),[東] 伊藤圭三,202506020602
13,2,4,ブリッジジェイアイ,牝3,55.0,江田照男,1:14.9,6,275.1,14.0,392(0),[東] 村田一誠,202506020602
14,7,14,ヤマビコ,牡3,57.0,原田和真,1:17.1,大,471.2,16.0,468(+8),[東] 蛯名利弘,202506020602
15,6,12,マブシサ,牡3,57.0,柴田大知,1:24.1,大,334.9,15.0,500(0),[東] 伊藤大士,202506020602
中,1,2,ガンバレベアー,牝3,55.0,松岡正海,,,5.0,2.0,470(-10),[東] 千葉直人,202506020602
1,8,14,アールプロスト,牡3,57.0,藤岡佑介,1:54.7,,2.9,2.0,518(+2),[東] 伊藤大士,202506020603
2,4,6,ホークライト,セ3,57.0,内田博幸,1:54.9,1.1/4,17.9,6.0,484(-6),[東] 中舘英二,202506020603
3,3,5,オキョンピー,牡3,57.0,横山武史,1:55.2,2,1.7,1.0,442(+2),[東] 高柳瑞樹,202506020603
4,7,12,ティアップドライブ,牡3,57.0,丸田恭介,1:55.2,アタマ,14.8,3.0,502(-10),[東] 奥平雅士,202506020603
5,2,2,トキノカンピオーネ,牡3,57.0,原優介,1:55.9,4,16.4,4.0,492(0),[東] 矢野英一,202506020603
6,6,10,セイスイミリオン,牡3,54.0,遠藤汰月,1:56.2,2,98.2,10.0,480(0),[東] 堀内岳志,202506020603
7,1,1,ホウオウブライツ,牡3,57.0,菅原明良,1:56.2,アタマ,44.6,8.0,470(0),[東] 稲垣幸雄,202506020603
8,4,7,サンピラーゴールド,牡3,57.0,津村明秀,1:56.3,アタマ,24.4,7.0,490(-4),[東] 鈴木伸尋,202506020603
9,3,4,クルーンチャン,牡3,57.0,岩部純二,1:56.4,1/2,82.0,9.0,454(+4),[東] 萱野浩二,202506020603
10,6,11,レヴァントリ,牡3,57.0,木幡巧也,1:56.8,2.1/2,17.9,5.0,474(-6),[東] 大和田成,202506020603
11,5,8,ニシノキヨハ,牝3,52.0,長浜鴻緒,1:57.1,1.1/2,147.4,11.0,420(+2),[東] 千葉直人,202506020603
12,7,13,ナックシュバリエ,牡3,54.0,佐藤翔馬,1:57.1,アタマ,303.8,13.0,496(+6),[東] 杉浦宏昭,202506020603
13,2,3,フォルテッシモダイ,牡3,57.0,小林凌大,2:01.2,大,336.1,14.0,488(+2),[東] 小西一男,202506020603
14,5,9,ライブリブランコ,牡3,54.0,上里直汰,2:01.5,2,377.7,15.0,476(-10),[東] 尾形和幸,202506020603
15,8,15,ララパサージュ,牡3,57.0,柴田大知,2:06.9,大,281.9,12.0,458(0),[東] 和田雄二,202506020603
1,1,1,オンザスクエア,牝3,55.0,横山和生,1:55.5,,3.5,1.0,464(0),[東] 上原佑紀,202506020604
2,8,15,ルクスエクレール,牡3,57.0,杉原誠人,1:55.8,2,6.2,3.0,426(-4),[東] 大和田成,202506020604
3,6,11,ヒサエノオモカゲ,牝3,52.0,長浜鴻緒,1:56.0,1.1/4,7.1,5.0,484(+2),[東] 千葉直人,202506020604
4,1,2,フォアファン,セ3,57.0,原田和真,1:56.5,3,178.4,16.0,488(-8),[東] 松山将樹,202506020604
5,2,4,ブラーブデシジョン,牡3,57.0,木幡巧也,1:56.6,クビ,13.3,6.0,456(-6),[東] 牧光二,202506020604
6,2,3,グロワールスカイ,牡3,54.0,上里直汰,1:56.7,1/2,59.6,11.0,484(0),[東] 加藤士津,202506020604
7,4,8,レッドアトラーニ,牡3,57.0,菅原明良,1:56.9,1.1/4,7.0,4.0,496(+2),[東] 国枝栄,202506020604
8,8,16,パブリックスフィア,牡3,57.0,北村宏司,1:57.0,1/2,37.0,9.0,460(+2),[東] 奥村武,202506020604
9,7,14,タイセイアダマス,牡3,54.0,佐藤翔馬,1:57.0,ハナ,89.9,13.0,462(-6),[東] 伊藤圭三,202506020604
10,3,5,アライアンスデイ,牡3,57.0,江田照男,1:57.1,クビ,138.5,15.0,472(+18),[東] 村田一誠,202506020604
11,5,9,ハルノート,牡3,57.0,菊沢一樹,1:57.2,1/2,14.3,7.0,470(+2),[東] 小手川準,202506020604
12,4,7,セイウンピカイチ,牡3,54.0,石田拓郎,1:57.4,1.1/2,112.2,14.0,482(-12),[東] 尾形和幸,202506020604
13,6,12,フィールザゴールド,牡3,57.0,横山武史,1:57.5,1/2,4.1,2.0,436(+4),[東] 岩戸孝樹,202506020604
14,5,10,ドラゴンバスター,セ3,57.0,岩部純二,1:57.8,1.1/2,32.7,8.0,464(-14),[東] 萱野浩二,202506020604
15,3,6,ボンジュルネ,牡3,57.0,武藤雅,1:57.9,1/2,53.6,10.0,482(+2),[東] 武藤善則,202506020604
16,7,13,コパカツ,牡3,57.0,丸田恭介,1:58.6,4,82.6,12.0,504(-8),[東] 奥平雅士,202506020604
1,8,15,キャトルエピス,牝3,55.0,横山武史,1:36.8,,3.6,2.0,444(-2),[東] 栗田徹,202506020605
2,6,11,ダングラール,牡3,54.0,石田拓郎,1:38.6,大,18.6,6.0,464(-2),[東] 田中博康,202506020605
3,6,12,ヤマニンパルフェ,牝3,55.0,原優介,1:39.0,2.1/2,13.6,4.0,492(-8),[東] 辻哲英,202506020605
4,2,3,ホウオウハナビ,牝3,55.0,丸田恭介,1:39.1,クビ,14.9,5.0,486(0),[東] 奥村武,202506020605
5,8,16,マザーズウィル,牝3,55.0,菅原明良,1:39.4,1.3/4,20.8,7.0,430(-4),[東] 国枝栄,202506020605
6,5,10,ブドワールドール,牝3,55.0,横山和生,1:39.4,クビ,2.5,1.0,440(+4),[東] 西田雄一,202506020605
7,4,8,ムコリッタ,牝3,55.0,吉田豊,1:39.5,1/2,334.9,16.0,398(0),[東] 和田勇介,202506020605
8,1,1,ユナホークパワー,牝3,55.0,小林凌大,1:39.8,1.3/4,47.1,10.0,444(-16),[東] 小西一男,202506020605
9,4,7,ハーフェン,牝3,55.0,大野拓弥,1:39.8,ハナ,26.2,9.0,404(+6),[東] 新開幸一,202506020605
10,7,14,クリールスル,牝3,55.0,菊沢一樹,1:40.0,1.1/4,22.4,8.0,460(-6),[東] 矢野英一,202506020605
11,3,6,セージブラッシュ,牡3,57.0,柴田大知,1:40.4,2.1/2,124.0,12.0,474(+6),[東] 畠山吉宏,202506020605
12,5,9,スピアッジャローザ,牝3,55.0,野中悠太,1:41.1,4,70.6,11.0,448(-6),[東] 蛯名利弘,202506020605
13,2,4,ベルアーブル,牝3,55.0,ルメール,1:41.2,1/2,4.9,3.0,432(-2),[東] 矢嶋大樹,202506020605
14,3,5,アドマイヤフェニー,牝3,55.0,田辺裕信,1:41.5,2,180.7,13.0,438(+4),[東] 宮田敬介,202506020605
15,7,13,カシンフウ,牝3,52.0,長浜鴻緒,1:41.9,2.1/2,235.6,14.0,442(0),[東] 西田雄一,202506020605
中,1,2,タワーリシチ,牡3,57.0,武藤雅,,,281.3,15.0,486(+10),[東] 南田美知,202506020605
1,3,3,ソーダーンライト,牝3,55.0,菅原明良,1:10.9,,5.0,4.0,450(+10),[東] 鹿戸雄一,202506020606
2,5,5,カンシン,牡3,57.0,三浦皇成,1:11.1,3/4,3.7,3.0,468(+4),[西] 西園翔太,202506020606
3,2,2,マイネルステラート,牡3,57.0,横山武史,1:11.3,1.1/2,3.1,2.0,466(-2),[東] 高木登,202506020606
4,6,6,ソードマスター,牡3,57.0,横山和生,1:11.9,3.1/2,16.9,6.0,462(0),[東] 斎藤誠,202506020606
5,1,1,マックアルイーン,牡3,57.0,ルメール,1:12.0,クビ,3.1,1.0,536(+22),[東] 木村哲也,202506020606
6,8,8,ナムラトロム,牡3,57.0,大野拓弥,1:12.0,アタマ,15.5,5.0,456(+2),[東] 石栗龍彦,202506020606
7,4,4,ヴェナートル,牡3,57.0,武藤雅,1:12.7,4,97.9,8.0,486(-3),[東] 武藤善則,202506020606
8,7,7,シュラフ,牝3,55.0,杉原誠人,1:13.0,2,57.8,7.0,446(+14),[東] 佐藤吉勝,202506020606
1,2,4,バロン,牝4,56.0,横山武史,1:11.3,,11.1,5.0,478(-8),[東] 手塚貴久,202506020607
2,2,3,チェルシー,牝4,53.0,長浜鴻緒,1:11.9,3.1/2,4.5,3.0,444(+18),[東] 中舘英二,202506020607
3,5,9,ラヴァグロウ,牝5,56.0,丸田恭介,1:12.0,1,15.0,6.0,454(-2),[東] 畠山吉宏,202506020607
4,4,8,ルプランドル,牝6,56.0,原優介,1:12.0,ハナ,49.3,11.0,484(+2),[東] 萱野浩二,202506020607
5,6,11,サンロレンツォ,牝4,56.0,三浦皇成,1:12.0,ハナ,21.0,8.0,488(-10),[東] 武藤善則,202506020607
6,3,5,ルージュアズライト,牝5,53.0,石神深道,1:12.3,1.3/4,3.6,1.0,452(+4),[東] 森一誠,202506020607
7,5,10,ブルスケッタ,牝4,52.0,谷原柚希,1:12.4,1/2,92.3,12.0,506(+2),[東] 小手川準,202506020607
8,7,13,フォンメイリー,牝6,56.0,戸崎圭太,1:12.7,1.1/2,15.4,7.0,484(-2),[東] 粕谷昌央,202506020607
9,4,7,アンタノバラード,牝5,53.0,水沼元輝,1:12.7,ハナ,31.0,9.0,446(-4),[東] 伊藤大士,202506020607
10,3,6,プラティクレール,牝5,56.0,木幡巧也,1:12.9,1.1/4,8.3,4.0,470(-2),[東] 田島俊明,202506020607
11,1,1,オコジュ,牝5,56.0,嶋田純次,1:13.0,1/2,116.9,13.0,464(-2),[東] 矢嶋大樹,202506020607
12,6,12,ラクサパーナ,牝5,56.0,石橋脩,1:13.1,3/4,41.7,10.0,444(+4),[東] 矢野英一,202506020607
13,7,14,キイロノトマト,牝5,53.0,上里直汰,1:13.2,クビ,288.1,15.0,468(-1),[東] 石栗龍彦,202506020607
14,8,15,シエラメンテ,牝6,53.0,遠藤汰月,1:13.4,1.1/4,170.5,14.0,498(+10),[東] 堀内岳志,202506020607
15,8,16,カラフルメロディー,牝4,56.0,津村明秀,1:14.0,3.1/2,3.8,2.0,520(+8),[東] 西田雄一,202506020607
16,1,2,アイファーマオ,牝6,56.0,野中悠太,1:18.1,大,388.3,16.0,452(-6),[東] 根本康広,202506020607
1,4,7,エアロソニック,牡4,54.0,長浜鴻緒,2:33.5,,26.1,9.0,546(+8),[東] 鈴木慎太,202506020608
2,6,11,オウケンシルヴァー,牡4,57.0,木幡育也,2:33.5,クビ,6.6,4.0,496(0),[東] 松永康利,202506020608
3,7,13,セイウンガレオン,セ6,58.0,内田博幸,2:34.9,8,21.5,7.0,532(-4),[東] 奥平雅士,202506020608
4,6,12,シーリュウシー,牡4,57.0,戸崎圭太,2:35.4,3,4.6,2.0,504(-4),[西] 岡田稲男,202506020608
5,5,9,ディアスポラ,牡4,57.0,松岡正海,2:35.5,1/2,24.6,8.0,510(-8),[東] 田中剛,202506020608
6,8,15,パッカパッカブー,牡4,57.0,菊沢一樹,2:35.5,ハナ,47.9,11.0,494(0),[東] 堀内岳志,202506020608
7,8,16,トゥザヒロイン,牝6,56.0,大野拓弥,2:35.9,2,49.3,12.0,528(-8),[東] 辻哲英,202506020608
8,3,6,サトノリアン,牡4,57.0,杉原誠人,2:36.2,2,50.5,13.0,472(0),[東] 萩原清,202506020608
9,5,10,ブレイヴアロウ,牡5,58.0,木幡巧也,2:36.5,1.1/2,37.2,10.0,502(-2),[東] 辻哲英,202506020608
10,2,3,コンテソレーラ,牝4,55.0,津村明秀,2:36.7,1.1/2,16.0,6.0,486(+6),[東] 手塚貴久,202506020608
11,1,2,タケルゴールド,牡4,57.0,ルメール,2:38.0,8,3.6,1.0,470(-4),[東] 加藤征弘,202506020608
12,4,8,サトノバトラー,セ7,58.0,原優介,2:38.2,1.1/4,5.5,3.0,502(-4),[東] 堀宣行,202506020608
13,1,1,マルチライセンス,セ4,57.0,柴田大知,2:38.4,3/4,99.2,14.0,456(-10),[東] 高柳瑞樹,202506020608
14,7,14,マウリノ,牡4,57.0,武藤雅,2:46.4,大,363.7,16.0,462(0),[東] 水野貴広,202506020608
中,2,4,クールシェルタ,牡6,55.0,石神深道,,,265.2,15.0,506(+14),[東] 高橋文雅,202506020608
中,3,5,アスクヒロイズガイ,牡4,57.0,菅原明良,,,7.0,5.0,482(-4),[西] 野中賢二,202506020608
1,1,2,アマイ,牝5,56.0,丸田恭介,1:51.1,,63.5,13.0,460(+2),[東] 伊藤大士,202506020609
2,2,4,ラーンザロープス,牝4,56.0,津村明秀,1:51.6,3,9.0,5.0,454(-2),[西] 武幸四郎,202506020609
3,4,8,リラボニート,牝4,56.0,ルメール,1:52.0,2.1/2,4.7,2.0,460(+4),[西] 須貝尚介,202506020609
4,6,11,クロシェットノエル,牝4,56.0,武藤雅,1:52.1,3/4,13.0,7.0,452(-4),[東] 戸田博文,202506020609
5,8,16,ロムネヤ,牝6,56.0,戸崎圭太,1:52.3,1.1/2,22.7,8.0,446(+8),[東] 国枝栄,202506020609
6,6,12,ウインルピナス,牝5,56.0,松岡正海,1:52.5,1,82.0,15.0,440(-2),[東] 鈴木伸尋,202506020609
7,8,15,パレハ,牝4,56.0,田辺裕信,1:52.5,クビ,8.5,4.0,432(0),[西] 新谷功一,202506020609
8,5,10,テリオスサラ,牝4,56.0,横山武史,1:52.6,クビ,3.1,1.0,474(-2),[東] 高柳瑞樹,202506020609
9,2,3,フォーザボーイズ,牝4,56.0,横山和生,1:52.7,1/2,6.7,3.0,430(-2),[東] 加藤征弘,202506020609
10,7,13,キットハナガサク,牝4,56.0,三浦皇成,1:52.8,1/2,26.2,9.0,454(+10),[東] 武井亮,202506020609
11,5,9,レミージュ,牝5,56.0,石橋脩,1:52.8,ハナ,134.2,16.0,440(-2),[西] 井上智史,202506020609
12,4,7,ステラバルセロナ,牝5,56.0,吉田豊,1:52.9,1,46.1,11.0,426(+2),[東] 菊川正達,202506020609
13,7,14,フラミニア,牝5,56.0,杉原誠人,1:53.1,1,12.2,6.0,474(0),[東] 森一誠,202506020609
14,1,1,ヴィルトブリーゼ,牝6,56.0,原優介,1:53.6,3,43.6,10.0,456(+2),[東] 古賀慎明,202506020609
15,3,5,ティンク,牝4,56.0,菅原明良,1:53.9,1.3/4,55.5,12.0,494(-6),[東] 久保田貴,202506020609
16,3,6,ルーチェロッサ,牝5,56.0,藤岡佑介,1:54.8,5,65.5,14.0,470(-4),[東] 相沢郁,202506020609
1,1,1,サイルーン,セ6,57.0,ルメール,1:37.2,,5.5,3.0,488(+2),[東] 堀宣行,202506020610
2,7,9,ジョウショーホープ,牡5,57.0,大野拓弥,1:37.5,2,35.0,10.0,482(+16),[西] 新谷功一,202506020610
3,2,2,アナゴサン,牡7,57.0,杉原誠人,1:37.6,3/4,7.1,4.0,472(-14),[西] 牧田和弥,202506020610
4,7,10,グレイイングリーン,牡7,57.0,戸崎圭太,1:37.8,3/4,50.1,12.0,500(+6),[西] 池江泰寿,202506020610
5,5,6,タシット,牡6,57.0,横山和生,1:37.8,クビ,3.8,2.0,474(+4),[東] 中川公成,202506020610
6,6,8,ブランデーロック,牡6,57.0,原優介,1:37.9,クビ,33.1,9.0,486(+6),[東] 青木孝文,202506020610
7,3,3,ダディーズビビッド,牡7,59.0,横山典弘,1:38.1,1.1/4,43.7,11.0,516(+2),[西] 千田輝彦,202506020610
8,8,11,ビーアストニッシド,牡6,58.0,西村太一,1:38.1,クビ,22.6,7.0,480(+4),[東] 堀内岳志,202506020610
9,6,7,キープカルム,牡4,57.0,三浦皇成,1:38.2,1/2,3.1,1.0,494(+6),[西] 中竹和也,202506020610
10,5,5,オニャンコポン,セ6,58.0,菅原明良,1:38.3,クビ,16.7,6.0,472(-8),[東] 小島茂之,202506020610
11,4,4,マルディランダ,牡5,57.0,横山武史,1:38.5,1.1/4,9.2,5.0,490(0),[東] 金成貴史,202506020610
12,8,12,ディオスバリエンテ,セ7,57.0,藤岡佑介,1:42.7,大,24.0,8.0,484(+2),[東] 堀宣行,202506020610
1,7,9,ピコチャンブラック,牡3,57.0,石橋脩,1:51.5,,4.1,2.0,488(-2),[東] 上原佑紀,202506020611
2,7,10,フクノブルーレイク,牡3,57.0,松岡正海,1:51.5,クビ,13.0,7.0,452(0),[東] 竹内正洋,202506020611
3,6,7,キングスコール,牡3,57.0,藤岡佑介,1:51.8,1.3/4,3.8,1.0,496(+2),[西] 矢作芳人,202506020611
4,6,8,マテンロウバローズ,牡3,57.0,横山典弘,1:51.9,クビ,5.7,4.0,478(-2),[西] 昆貢,202506020611
5,8,12,スワローシチー,牡3,57.0,田辺裕信,1:52.0,3/4,21.9,8.0,460(-4),[東] 相沢郁,202506020611
6,8,11,スナークピカソ,牡3,57.0,菅原明良,1:52.1,クビ,70.8,11.0,468(-4),[西] 高橋一哉,202506020611
7,5,5,レーヴブリリアント,牡3,57.0,ルメール,1:52.1,クビ,10.4,5.0,448(+2),[東] 田中博康,202506020611
8,5,6,ジェットマグナム,牡3,57.0,津村明秀,1:52.1,ハナ,12.1,6.0,484(-4),[西] 安達昭夫,202506020611
9,4,4,ニホンピロデヴィン,牡3,57.0,小沢大仁,1:52.2,1/2,38.5,10.0,448(+6),[西] 緒方努,202506020611
10,1,1,ダノンセンチュリー,牡3,57.0,戸崎圭太,1:52.3,1/2,5.3,3.0,460(0),[東] 萩原清,202506020611
11,2,2,ローレルオーブ,牡3,57.0,原優介,1:52.4,3/4,217.3,12.0,460(+6),[西] 杉山佳明,202506020611
12,3,3,クモヒトツナイ,牡3,57.0,横山和生,1:54.0,10,24.0,9.0,472(-8),[東] 堀内岳志,202506020611
1,7,13,ショウナンアビアス,牡5,58.0,戸崎圭太,1:10.9,,3.6,2.0,508(-6),[東] 加藤士津,202506020612
2,6,11,オーブルクール,牝4,56.0,石橋脩,1:11.0,1/2,6.9,3.0,478(+6),[東] 矢野英一,202506020612
3,8,16,イノセントキャット,牝4,56.0,横山武史,1:11.1,1/2,3.1,1.0,458(-2),[東] 久保田貴,202506020612
4,4,8,ウォルラス,牡5,58.0,宮崎北斗,1:11.1,ハナ,49.4,9.0,512(-4),[東] 中川公成,202506020612
5,7,14,プレイテシア,牝6,56.0,菅原明良,1:11.2,3/4,12.6,7.0,428(0),[西] 羽月友彦,202506020612
6,2,3,メモリーグラス,牡5,58.0,三浦皇成,1:11.2,アタマ,9.8,4.0,486(+4),[東] 松永康利,202506020612
7,6,12,イルザ,牝6,56.0,田辺裕信,1:11.3,1/2,86.3,13.0,470(+8),[東] 小手川準,202506020612
8,5,10,マイネルディレクト,牡4,58.0,津村明秀,1:11.4,1/2,18.1,8.0,500(-4),[東] 伊藤大士,202506020612
9,8,15,サイレンスゴールド,牡5,55.0,長浜鴻緒,1:11.5,クビ,12.2,6.0,510(-4),[西] 杉山佳明,202506020612
10,2,4,クラリティスケール,牝6,56.0,杉原誠人,1:11.6,1/2,160.1,16.0,460(-2),[西] 藤野健太,202506020612
11,4,7,チュウワスプリング,牝5,53.0,石田拓郎,1:11.8,1.1/4,72.2,12.0,418(-10),[東] 林徹,202506020612
12,3,6,グランドエスケープ,牡4,55.0,遠藤汰月,1:11.8,クビ,86.6,14.0,502(+10),[東] 伊藤伸一,202506020612
13,3,5,ロープスピニング,牝6,56.0,武藤雅,1:11.9,クビ,63.7,10.0,446(-4),[東] 武藤善則,202506020612
14,1,2,ヤングワールド,牡5,58.0,木幡巧也,1:11.9,ハナ,64.7,11.0,568(0),[東] 手塚貴久,202506020612
15,1,1,スマイルアップ,牝6,56.0,原優介,1:12.1,1.1/4,126.9,15.0,458(-4),[東] 萱野浩二,202506020612
16,5,9,メイショウキルギス,牡4,58.0,藤岡佑介,1:13.3,7,10.2,5.0,492(+14),[西] 高橋亮,202506020612
1,3,6,パラサイコロジー,牝3,55.0,大野拓弥,1:11.4,,2.0,2.0,466(0),[東] 新開幸一,202506020701
2,7,13,アサクサグレース,牝3,55.0,戸崎圭太,1:12.4,6,1.9,1.0,466(+4),[東] 戸田博文,202506020701
3,6,12,タブロー,牝3,55.0,内田博幸,1:13.4,6,51.8,6.0,458(+2),[東] 矢野英一,202506020701
4,6,11,サトミノマリア,牝3,55.0,津村明秀,1:13.5,3/4,12.0,3.0,492(+6),[東] 鈴木伸尋,202506020701
5,7,14,シスター,牝3,55.0,北村宏司,1:13.9,2,42.9,5.0,484(0),[東] 勢司和浩,202506020701
6,5,9,コットンフラワー,牝3,55.0,木幡巧也,1:13.9,アタマ,179.3,11.0,430(+4),[東] 松永康利,202506020701
7,8,15,レトロブーム,牝3,52.0,上里直汰,1:14.0,1,109.4,7.0,480(+8),[東] 西田雄一,202506020701
8,4,7,ラヴィーズドリーム,牝3,52.0,遠藤汰月,1:14.5,3,136.9,8.0,450(+8),[東] 伊藤伸一,202506020701
9,1,1,チッピンガム,牝3,55.0,伊藤工真,1:14.8,2,166.1,10.0,486(-16),[東] 金成貴史,202506020701
10,8,16,ミートザターゲット,牝3,55.0,小林凌大,1:14.9,クビ,12.6,4.0,428(-4),[東] 森一誠,202506020701
11,3,5,アンスリウムリリー,牝3,55.0,嶋田純次,1:15.0,1/2,327.5,16.0,472(+4),[東] 鈴木慎太,202506020701
12,1,2,ルリモンハナバチ,牝3,55.0,菅原隆一,1:15.1,1/2,239.2,13.0,450(-20),[東] 小手川準,202506020701
13,2,4,グレコ,牝3,52.0,水沼元輝,1:15.2,1/2,284.9,14.0,426(0),[東] 加藤和宏,202506020701
14,5,10,ハクシンマルペンサ,牝3,51.0,小林美駒,1:15.3,1,320.3,15.0,452(-2),[東] 蛯名利弘,202506020701
15,4,8,キタノロワーズ,牝3,55.0,岩部純二,1:15.5,1.1/4,158.8,9.0,414(-4),[東] 萱野浩二,202506020701
16,2,3,ペイシャヴァルスリ,牝3,55.0,江田照男,1:15.6,クビ,227.9,12.0,398(0),[東] 菊川正達,202506020701
1,1,1,ニシノブレイゼスト,牡3,57.0,池添謙一,1:54.4,,9.5,5.0,494(-2),[東] 高木登,202506020702
2,4,4,メイショウコウベ,牡3,57.0,大野拓弥,1:54.8,2.1/2,7.2,3.0,474(-4),[東] 和田勇介,202506020702
3,6,7,トレインザマインド,セ3,57.0,内田博幸,1:55.1,1.1/2,7.7,4.0,544(+2),[東] 中舘英二,202506020702
4,8,12,ピコシー,牡3,57.0,鮫島克駿,1:55.1,ハナ,1.8,1.0,470(-4),[東] 奥村武,202506020702
5,5,5,タキノボリ,牡3,57.0,北村宏司,1:56.4,8,3.9,2.0,454(+2),[東] 勢司和浩,202506020702
6,8,11,アスコットロマン,牡3,57.0,江田照男,1:58.1,10,353.1,10.0,476(+2),[東] 天間昭一,202506020702
7,6,8,セレブウマザンマイ,牝3,55.0,原優介,1:58.1,クビ,120.5,9.0,424(+3),[東] 青木孝文,202506020702
8,2,2,アステルリヴェール,牡3,57.0,横山和生,1:59.1,6,37.3,6.0,434(+2),[東] 嘉藤貴行,202506020702
9,3,3,バイオマックス,牡3,54.0,長浜鴻緒,1:59.5,2,40.2,7.0,472(-6),[東] 黒岩陽一,202506020702
10,7,10,ミステンザン,牝3,55.0,武藤雅,2:00.0,3,358.4,11.0,456(0),[東] 和田正一,202506020702
11,7,9,フォルスマジック,牡3,54.0,上里直汰,2:01.0,6,512.8,12.0,486(+8),[東] 菊川正達,202506020702
12,5,6,スパーブケン,牡3,57.0,松岡正海,2:02.1,7,92.9,8.0,524(-2),[東] 水野貴広,202506020702
1,1,2,キープサインオン,牡3,57.0,鮫島克駿,1:12.5,,9.1,4.0,476(+4),[東] 加藤征弘,202506020703
2,2,4,ポッドベル,牡3,57.0,横山武史,1:13.1,3.1/2,1.9,1.0,472(0),[東] 和田勇介,202506020703
3,8,15,グルナルーフス,牡3,57.0,宮崎北斗,1:13.3,1,42.3,7.0,492(-8),[東] 中川公成,202506020703
4,6,12,オロパタジン,牡3,56.0,横山琉人,1:13.5,1.1/4,66.3,9.0,466(+6),[東] 相沢郁,202506020703
5,2,3,アイアンオバーカム,牝3,55.0,柴田大知,1:13.7,1.1/2,54.5,8.0,448(-4),[東] 南田美知,202506020703
6,8,16,アイビーガオー,牡3,57.0,原優介,1:13.7,ハナ,25.4,5.0,434(0),[東] 青木孝文,202506020703
7,3,6,マテンロウバディ,牡3,57.0,田辺裕信,1:13.9,3/4,7.8,3.0,438(-6),[東] 久保田貴,202506020703
8,4,8,エテオクロス,牡3,57.0,大野拓弥,1:14.7,5,3.0,2.0,518(0),[東] 新開幸一,202506020703
9,4,7,ガトリンテソーロ,牡3,57.0,佐々木大,1:14.8,1/2,235.3,12.0,466(-8),[東] 菊川正達,202506020703
10,5,10,チャンピオンリボン,牝3,55.0,木幡初也,1:15.1,2,350.4,14.0,420(-2),[東] 竹内正洋,202506020703
11,6,11,スプリット,牝3,55.0,小林凌大,1:15.2,クビ,390.8,16.0,438(+2),[東] 小西一男,202506020703
12,7,13,ベルツリー,牝3,55.0,江田照男,1:15.2,アタマ,89.3,10.0,440(-4),[東] 村田一誠,202506020703
13,7,14,ドリームジャック,セ3,54.0,水沼元輝,1:15.5,1.3/4,378.1,15.0,484(-2),[東] 加藤和宏,202506020703
14,3,5,ダイヤモンドピラー,牡3,54.0,長浜鴻緒,1:15.8,2,33.7,6.0,490(0),[東] 伊藤圭三,202506020703
15,1,1,オイセサン,牝3,51.0,小林美駒,1:16.2,2.1/2,200.9,11.0,432(-6),[東] 鈴木伸尋,202506020703
16,5,9,ノイシュロス,牡3,57.0,菊沢一樹,1:17.5,8,340.1,13.0,498(+6),[東] 清水英克,202506020703
1,4,7,ウインスティーガ,牡3,57.0,戸崎圭太,2:00.9,,2.2,1.0,444(+8),[東] 手塚貴久,202506020704
2,2,3,ヤマニンエイドロン,牡3,57.0,大野拓弥,2:01.0,3/4,2.7,2.0,466(+2),[東] 辻哲英,202506020704
3,1,1,クラシカルカイザー,牡3,53.0,小林美駒,2:02.0,6,6.4,3.0,422(0),[東] 稲垣幸雄,202506020704
4,6,11,バトラーズワーフ,牡3,57.0,石川裕紀,2:02.7,4,131.5,13.0,464(+2),[東] 浅利英明,202506020704
5,8,16,ケイツーブル,牡3,57.0,黛弘人,2:02.7,ハナ,31.1,7.0,430(0),[東] 千葉直人,202506020704
6,7,14,アオイウィンダム,牝3,55.0,石橋脩,2:02.8,1/2,157.6,14.0,472(-8),[東] 本間忍,202506020704
7,6,12,ケイアイカラキア,セ3,54.0,長浜鴻緒,2:02.8,ハナ,205.8,15.0,470(-4),[東] 上原博之,202506020704
8,5,9,ミエノフェアリー,牝3,55.0,北村宏司,2:02.8,クビ,24.9,5.0,418(0),[東] 古賀慎明,202506020704
9,8,17,タイセイグレーター,牡3,57.0,横山和生,2:03.2,2.1/2,16.4,4.0,474(-2),[東] 奥村武,202506020704
10,4,8,エイシンパルサー,牡3,57.0,内田博幸,2:03.6,2.1/2,67.7,11.0,508(-6),[東] 田中剛,202506020704
11,3,6,エレガントプルーフ,牡3,57.0,佐々木大,2:03.9,2,40.4,8.0,454(0),[東] 黒岩陽一,202506020704
12,3,5,スノークルーズ,牝3,55.0,武藤雅,2:04.1,1,63.1,9.0,448(+2),[東] 武藤善則,202506020704
13,2,4,ケルティックハーツ,牡3,54.0,佐藤翔馬,2:04.1,クビ,254.2,16.0,496(0),[東] 杉浦宏昭,202506020704
14,7,13,パトリオティズム,牝3,55.0,柴田大知,2:05.5,8,608.5,17.0,418(0),[東] 南田美知,202506020704
15,8,18,メイデンヘッド,牝3,55.0,嶋田純次,2:06.8,8,28.1,6.0,442(0),[東] 大竹正博,202506020704
16,1,2,マジックスクロール,牡3,57.0,丸田恭介,2:11.7,大,76.0,12.0,440(-16),[東] 伊藤大士,202506020704
中,5,10,ロードフィアレス,セ3,57.0,原優介,,,66.5,10.0,472(0),[東] 蛯名正義,202506020704
除,7,15,ゴールドジェスター,牡3,57.0,松岡正海,,,---,,454(0),[東] 中川公成,202506020704
1,4,4,アタラシイカドデニ,牡3,57.0,内田博幸,1:35.1,,13.9,5.0,508(0),[東] 上原博之,202506020705
2,1,1,ニシノクードクール,牝3,55.0,武藤雅,1:35.1,ハナ,17.8,7.0,448(-4),[東] 武藤善則,202506020705
3,7,7,デリュージョン,牡3,57.0,横山和生,1:35.3,1,4.8,2.0,464(+2),[西] 奥村豊,202506020705
4,3,3,ハイタイド,牡3,57.0,石橋脩,1:35.3,アタマ,25.4,8.0,458(0),[東] 牧光二,202506020705
5,2,2,ドゥカート,牡3,57.0,北村宏司,1:35.4,1/2,10.5,4.0,468(-6),[東] 宮田敬介,202506020705
6,7,8,ママアリガトー,牝3,52.0,水沼元輝,1:35.5,クビ,238.8,9.0,416(0),[東] 石栗龍彦,202506020705
7,8,10,ゲンジ,牡3,53.0,小林美駒,1:35.5,アタマ,8.2,3.0,424(-8),[東] 尾形和幸,202506020705
8,6,6,ソルエパトリオット,牡3,56.0,横山琉人,1:37.1,10,239.4,10.0,408(0),[東] 粕谷昌央,202506020705
9,8,9,アルレッキーノ,牡3,57.0,戸崎圭太,1:37.2,クビ,1.6,1.0,476(+10),[東] 国枝栄,202506020705
10,5,5,シュードタキライト,牡3,57.0,佐々木大,1:37.5,2,16.7,6.0,490(-8),[東] 菊川正達,202506020705
1,6,11,オセアエクスプレス,牡4,58.0,佐々木大,1:12.1,,5.5,3.0,490(+2),[東] 菊川正達,202506020706
2,4,8,ショウナンハクウン,牡5,58.0,池添謙一,1:12.2,クビ,12.3,4.0,508(+2),[東] 大竹正博,202506020706
3,4,7,グラスブランシュ,牝4,56.0,大野拓弥,1:12.3,3/4,23.3,8.0,470(+8),[東] 松山将樹,202506020706
4,7,14,トモジャシーマ,牡5,58.0,横山武史,1:12.4,1/2,3.1,1.0,522(+14),[東] 鈴木伸尋,202506020706
5,3,6,マーゴットレーヴ,牝5,56.0,川田将雅,1:12.5,1/2,3.1,2.0,472(+6),[東] 伊坂重信,202506020706
6,6,12,セイゲン,セ6,58.0,三浦皇成,1:12.5,クビ,86.0,12.0,462(+2),[東] 中川公成,202506020706
7,3,5,エスペラード,牡4,58.0,原優介,1:12.6,1/2,12.7,5.0,530(-2),[東] 青木孝文,202506020706
8,8,16,スピードパンサー,牡4,54.0,小林美駒,1:12.6,ハナ,34.3,9.0,502(-4),[東] 尾形和幸,202506020706
9,7,13,ペッパーミル,牡4,55.0,上里直汰,1:12.6,クビ,16.4,7.0,512(+6),[東] 加藤士津,202506020706
10,1,2,クイーンアポーン,牝6,56.0,小林凌大,1:12.8,1,225.0,13.0,472(+12),[東] 土田稔,202506020706
11,5,9,バンブトンプロ,牡5,58.0,柴田大知,1:12.9,1/2,373.8,16.0,486(+2),[東] 粕谷昌央,202506020706
12,2,4,カフェベラノッテ,牡6,58.0,北村宏司,1:13.2,2,35.1,10.0,472(-4),[東] 柄崎将寿,202506020706
13,2,3,オオゾラヒバリ,牝4,53.0,長浜鴻緒,1:13.3,1/2,38.1,11.0,464(-2),[東] 根本康広,202506020706
14,8,15,マーゴットファブ,牡4,58.0,菊沢一樹,1:13.6,2,14.6,6.0,516(-16),[東] 伊坂重信,202506020706
15,1,1,ニシノルミリオン,牡4,58.0,武藤雅,1:13.8,3/4,239.2,14.0,484(0),[東] 武藤善則,202506020706
16,5,10,ハジメテノチュウ,牡6,58.0,黛弘人,1:14.6,5,370.0,15.0,520(0),[東] 南田美知,202506020706
1,1,1,イデアユウシン,牡5,58.0,北村宏司,1:54.4,,9.9,6.0,542(-4),[東] 松永康利,202506020707
2,2,4,スペイドアン,牡4,55.0,上里直汰,1:54.7,1.3/4,4.3,2.0,494(-2),[東] 加藤士津,202506020707
3,6,12,ファルコンミノル,牡5,58.0,木幡巧也,1:54.8,1/2,12.0,7.0,450(+2),[東] 中舘英二,202506020707
4,7,14,ブレットフライ,牡6,57.0,横山琉人,1:54.9,1,135.7,14.0,510(-4),[東] 萱野浩二,202506020707
5,3,5,ネオシルバー,牡4,58.0,田辺裕信,1:55.0,1/2,3.3,1.0,500(-2),[東] 小西一男,202506020707
6,7,13,マッスルバック,牡4,58.0,武藤雅,1:55.2,1,7.6,3.0,476(+4),[東] 水野貴広,202506020707
7,1,2,ベルフィーヌ,牝4,53.0,遠藤汰月,1:55.3,1/2,9.6,5.0,512(-2),[東] 堀内岳志,202506020707
8,8,16,フリッパー,牡5,58.0,三浦皇成,1:55.3,ハナ,17.5,8.0,504(+2),[東] 戸田博文,202506020707
9,2,3,ミツカネヴィーナス,牝6,56.0,菊沢一樹,1:55.3,アタマ,41.0,10.0,462(0),[東] 鈴木伸尋,202506020707
10,5,9,キョウエイフロイデ,牝4,56.0,原優介,1:55.8,3,7.7,4.0,472(0),[東] 中川公成,202506020707
11,3,6,カルツァクライン,牡4,58.0,丸田恭介,1:55.8,クビ,131.2,13.0,452(-4),[東] 林徹,202506020707
12,8,15,エコロブレード,牡4,58.0,横山武史,1:56.1,2,41.8,11.0,452(+2),[東] 加藤征弘,202506020707
13,4,8,ロジプラヤ,牡4,58.0,野中悠太,1:56.3,3/4,50.3,12.0,470(+6),[東] 新開幸一,202506020707
14,5,10,オブシディアン,牡5,55.0,長浜鴻緒,1:57.4,7,162.5,15.0,540(+6),[東] 武藤善則,202506020707
15,6,11,ゴンザーゴ,牡4,58.0,鮫島克駿,1:57.6,3/4,37.7,9.0,472(0),[東] 黒岩陽一,202506020707
16,4,7,ロジウムエポック,牡5,58.0,江田照男,1:58.1,3,282.8,16.0,484(-3),[東] 村田一誠,202506020707
1,7,11,インプレス,牡6,60.0,小牧加矢,3:45.0,,1.9,1.0,526(0),[西] 佐々木晶,202506020708
2,7,12,フェーレンベルク,牡5,60.0,上野翔,3:45.1,1/2,5.2,2.0,492(-2),[東] 千葉直人,202506020708
3,5,8,バーンパッション,牡8,60.0,大江原圭,3:45.9,5,42.4,10.0,490(+4),[東] 天間昭一,202506020708
4,4,6,ビートザレコード,牡6,60.0,草野太郎,3:46.3,2.1/2,27.8,7.0,484(+8),[東] 戸田博文,202506020708
5,8,13,ロードトゥフェイム,セ7,60.0,伴啓太,3:46.4,クビ,11.5,4.0,502(+4),[東] 尾形和幸,202506020708
6,3,4,ケンアンビシャス,牡7,60.0,西谷誠,3:46.6,3/4,63.7,11.0,476(-6),[東] 久保田貴,202506020708
7,6,10,ゴールドブリーズ,牡7,60.0,石神深一,3:46.6,アタマ,42.1,9.0,516(+2),[東] 深山雅史,202506020708
8,5,7,ウン,牡6,60.0,森一馬,3:46.7,1/2,16.6,6.0,492(+10),[西] 吉田直弘,202506020708
9,4,5,ブラックボイス,牡6,60.0,五十嵐雄,3:47.5,5,13.7,5.0,512(-6),[東] 宮田敬介,202506020708
10,8,14,マケルナマサムネ,牡7,60.0,難波剛健,3:48.7,7,98.9,12.0,484(0),[西] 畑端省吾,202506020708
11,3,3,ヤマタケアオイバラ,牡5,60.0,水沼元輝,3:49.2,3,246.2,14.0,458(-8),[東] 萱野浩二,202506020708
12,6,9,インディゴブラック,セ6,60.0,小坂忠士,3:50.1,5,5.5,3.0,516(-8),[西] 奥村豊,202506020708
13,1,1,スズカキング,牡8,60.0,小野寺祐,3:50.3,3/4,36.6,8.0,450(-8),[西] 谷潔,202506020708
14,2,2,ルレーヴドゥリリ,牝8,58.0,中村将之,3:53.7,大,141.9,13.0,526(-2),[東] 田中剛,202506020708
1,2,2,エセルフリーダ,牝4,56.0,武藤雅,1:59.5,,2.6,1.0,468(-10),[東] 武藤善則,202506020709
2,5,7,ブラックヴァール,牝5,56.0,横山和生,1:59.8,1.1/2,27.0,7.0,466(+10),[東] 菊川正達,202506020709
3,6,9,テーオーダグラス,牡4,58.0,佐々木大,2:00.1,1.1/2,11.4,5.0,488(+4),[西] 須貝尚介,202506020709
4,7,11,エコロレイズ,牡4,58.0,菊沢一樹,2:00.1,クビ,4.4,3.0,502(-2),[東] 岩戸孝樹,202506020709
5,6,8,ピンキープロミス,牡5,58.0,木幡巧也,2:00.2,3/4,97.0,12.0,492(+2),[東] 畠山吉宏,202506020709
6,8,13,ロゼル,牡5,58.0,田辺裕信,2:00.2,ハナ,91.9,11.0,492(-2),[東] 大和田成,202506020709
7,4,4,モンタナアゲート,牡6,58.0,北村宏司,2:00.5,1.1/2,63.8,8.0,540(-2),[東] 和田正一,202506020709
8,1,1,マイネルトルファン,牡6,58.0,柴田大知,2:00.5,ハナ,69.7,9.0,508(0),[東] 粕谷昌央,202506020709
9,4,5,マイネルフランツ,牡4,58.0,横山武史,2:01.0,3,3.7,2.0,480(-8),[東] 和田正一,202506020709
10,5,6,イルチルコ,牝6,56.0,戸崎圭太,2:01.1,3/4,7.7,4.0,494(-2),[東] 田村康仁,202506020709
11,8,12,オウケンボルト,牡6,58.0,津村明秀,2:02.2,7,20.6,6.0,454(+4),[東] 土田稔,202506020709
12,7,10,マーシャルポイント,牡4,58.0,石川裕紀,2:02.3,クビ,73.0,10.0,478(-2),[東] 矢嶋大樹,202506020709
13,3,3,バックスクリーン,セ6,58.0,内田博幸,2:03.3,6,163.3,13.0,504(-4),[西] 緒方努,202506020709
1,2,3,ストライク,牡5,58.0,田辺裕信,1:52.9,,22.0,6.0,498(-10),[東] 加藤士津,202506020710
2,4,7,ロジアデレード,牡4,58.0,三浦皇成,1:53.2,2,12.2,4.0,498(-8),[東] 稲垣幸雄,202506020710
3,7,14,メイショウフジ,牡5,58.0,大野拓弥,1:53.3,1/2,5.8,2.0,486(+6),[東] 和田勇介,202506020710
4,6,12,クロニクル,セ6,58.0,黛弘人,1:53.5,1,202.7,13.0,502(-16),[西] 田中克典,202506020710
5,8,15,プラウドヘリテージ,牡6,58.0,松岡正海,1:53.8,1.3/4,16.7,5.0,510(-2),[東] 田中剛,202506020710
6,1,1,アイファーエポック,牡6,58.0,野中悠太,1:53.9,3/4,213.3,14.0,496(+6),[東] 根本康広,202506020710
7,3,5,バリアントバイオ,牡5,58.0,津村明秀,1:54.0,クビ,229.7,15.0,528(-2),[西] 今野貞一,202506020710
8,3,6,バンドマスター,牡5,58.0,横山武史,1:54.0,クビ,7.1,3.0,502(0),[西] 茶木太樹,202506020710
9,6,11,コブラ,牡6,58.0,菊沢一樹,1:54.2,1,77.8,11.0,492(-4),[東] 菊沢隆徳,202506020710
10,5,10,ソーニーイシュー,牡4,58.0,川田将雅,1:54.3,3/4,1.7,1.0,502(-2),[西] 千田輝彦,202506020710
11,2,4,ペンティメント,牡5,58.0,北村宏司,1:54.4,1/2,30.1,9.0,510(0),[東] 嘉藤貴行,202506020710
12,1,2,スノーグレース,牝6,56.0,内田博幸,1:54.5,クビ,22.1,7.0,488(+2),[東] 中舘英二,202506020710
13,5,9,エスティメート,牡6,58.0,丸田恭介,1:54.8,2,424.8,16.0,460(-10),[東] 大和田成,202506020710
14,4,8,ユキマル,牡5,58.0,鮫島克駿,1:55.4,3.1/2,26.0,8.0,496(0),[東] 尾形和幸,202506020710
15,8,16,サンライズパスカル,牡5,58.0,池添謙一,1:55.5,1/2,68.9,10.0,540(-4),[西] 石坂公一,202506020710
16,7,13,ウインリブルマン,牡7,58.0,石川裕紀,1:57.8,大,125.5,12.0,508(-2),[西] 緒方努,202506020710
1,6,11,レーゼドラマ,牝3,55.0,戸崎圭太,1:47.8,,14.4,5.0,464(-2),[西] 辻野泰之,202506020711
2,2,4,パラディレーヌ,牝3,55.0,川田将雅,1:48.2,2.1/2,1.9,1.0,498(-4),[西] 千田輝彦,202506020711
3,6,12,ゴーソーファー,牝3,55.0,津村明秀,1:48.3,クビ,6.9,4.0,462(+2),[東] 手塚貴久,202506020711
4,4,7,ジョスラン,牝3,55.0,横山武史,1:48.5,1,6.6,3.0,474(-4),[東] 鹿戸雄一,202506020711
5,1,1,ミッキーマドンナ,牝3,55.0,佐々木大,1:48.5,クビ,5.6,2.0,458(+4),[東] 堀宣行,202506020711
6,3,5,ハギノピアチェーレ,牝3,55.0,藤懸貴志,1:48.8,1.3/4,46.7,9.0,462(-2),[西] 高野友和,202506020711
7,2,3,レーヴドロペラ,牝3,55.0,大野拓弥,1:49.0,1.1/2,19.6,6.0,446(-2),[東] 加藤士津,202506020711
8,8,15,ヴォンフレ,牝3,55.0,江田照男,1:49.2,1.1/4,177.3,13.0,468(0),[東] 村田一誠,202506020711
9,7,13,ホリーアン,牝3,55.0,松岡正海,1:49.3,3/4,343.0,16.0,438(+6),[東] 萱野浩二,202506020711
10,4,8,ホウオウガイア,牝3,55.0,丸田恭介,1:49.3,ハナ,32.5,8.0,436(0),[東] 大竹正博,202506020711
11,5,9,ジャルディニエ,牝3,55.0,北村宏司,1:49.4,1/2,62.4,11.0,442(+4),[西] 奥村豊,202506020711
12,1,2,キョウエイタイコ,牝3,55.0,横山和生,1:49.5,1/2,192.9,14.0,466(0),[東] 勢司和浩,202506020711
13,3,6,インヴォーグ,牝3,55.0,田辺裕信,1:50.1,3.1/2,24.0,7.0,476(-4),[西] 福永祐一,202506020711
14,7,14,コンテナライン,牝3,55.0,三浦皇成,1:51.1,6,340.4,15.0,486(+14),[西] 高柳大輔,202506020711
15,8,16,エナジーショット,牝3,55.0,横山琉人,1:51.2,3/4,55.8,10.0,414(0),[東] 矢嶋大樹,202506020711
16,5,10,ハードワーカー,牝3,55.0,石川裕紀,1:51.5,1.3/4,107.9,12.0,482(-2),[東] 竹内正洋,202506020711
1,6,11,スマイルアップ,牝6,56.0,原優介,1:11.4,,279.9,15.0,458(0),[東] 萱野浩二,202506020712
2,1,1,ノヴァエクスプレス,牡4,58.0,戸崎圭太,1:11.4,クビ,5.0,3.0,504(-14),[東] 鈴木慎太,202506020712
3,5,10,ルーラルハピネス,牝5,56.0,北村宏司,1:11.8,2.1/2,4.4,2.0,470(-14),[東] 伊藤大士,202506020712
4,2,4,ジョヴィアン,牡5,58.0,横山武史,1:12.0,1.1/2,3.0,1.0,504(+4),[西] 奥村豊,202506020712
5,4,7,ターニングアップ,牡7,58.0,丸田恭介,1:12.1,クビ,343.7,16.0,472(+14),[東] 南田美知,202506020712
6,7,14,グレタ,牝6,56.0,菊沢一樹,1:12.2,3/4,35.7,10.0,480(0),[東] 清水英克,202506020712
7,3,6,マイレーヌ,牝5,55.0,横山琉人,1:12.3,クビ,6.9,4.0,510(-6),[東] 斎藤誠,202506020712
8,6,12,レッツリブオン,セ6,58.0,黛弘人,1:12.3,ハナ,103.2,13.0,468(-2),[東] 伊藤大士,202506020712
9,2,3,ベルシャンソン,牝5,53.0,水沼元輝,1:12.4,3/4,234.0,14.0,482(0),[東] 西田雄一,202506020712
10,5,9,ヘルメース,牡4,54.0,谷原柚希,1:12.4,ハナ,95.9,12.0,482(-4),[東] 伊藤圭三,202506020712
11,8,16,ヴィクトリーロード,牡5,58.0,内田博幸,1:12.4,クビ,7.7,5.0,488(-4),[東] 畠山吉宏,202506020712
12,8,15,エコロドゥネス,牡5,58.0,津村明秀,1:12.5,クビ,32.9,9.0,514(-14),[東] 加藤征弘,202506020712
13,1,2,アポロプラネット,牡6,55.0,佐藤翔馬,1:12.6,1/2,87.6,11.0,506(+6),[東] 伊藤圭三,202506020712
14,7,13,トロピカルヒーロー,牡5,55.0,長浜鴻緒,1:12.9,2,22.2,7.0,534(-6),[東] 根本康広,202506020712
15,3,5,マーシヴィガラス,牡5,58.0,石橋脩,1:12.9,クビ,29.2,8.0,514(0),[東] 的場均,202506020712
16,4,8,ブライトルピナス,牝4,56.0,田辺裕信,1:13.3,2,19.4,6.0,470(-6),[西] 東田明士,202506020712
1,2,4,フジレイメイ,牡3,57.0,松岡正海,1:55.6,,2.1,1.0,484(+2),[東] 小笠倫弘,202506020801
2,6,12,カフェノーチェ,牡3,57.0,北村宏司,1:55.6,アタマ,3.9,2.0,516(-14),[東] 古賀慎明,202506020801
3,8,15,ブラザービート,牡3,57.0,内田博幸,1:55.7,1/2,4.4,3.0,530(0),[東] 奥村武,202506020801
4,3,6,グラスビジョン,牡3,57.0,木幡巧也,1:56.7,6,116.7,10.0,424(-2),[東] 佐藤吉勝,202506020801
5,5,9,ロジアヴァンセ,牡3,57.0,三浦皇成,1:56.8,1/2,8.5,4.0,498(-4),[東] 新開幸一,202506020801
6,5,10,ドリームパンジャ,牝3,55.0,Ｍ．デム,1:57.3,2.1/2,41.5,7.0,420(-6),[東] 金成貴史,202506020801
7,4,8,アルデツヨシ,セ3,57.0,江田照男,1:57.4,3/4,162.4,13.0,478(-2),[東] 田中剛,202506020801
8,7,14,チェインズモーカー,牡3,57.0,黛弘人,1:57.4,アタマ,29.0,6.0,498(0),[東] 森一誠,202506020801
9,3,5,エポカリーナ,牡3,57.0,杉原誠人,1:57.5,1/2,15.6,5.0,458(+4),[東] 土田稔,202506020801
10,2,3,キープオントップ,牡3,54.0,長浜鴻緒,1:57.6,クビ,64.9,9.0,514(0),[東] 西田雄一,202506020801
11,4,7,カイトヴィント,牡3,57.0,柴田大知,1:58.3,4,117.6,11.0,480(0),[東] 和田雄二,202506020801
12,1,2,アイガー,牝3,55.0,武藤雅,1:58.6,2,55.6,8.0,480(-4),[東] 武藤善則,202506020801
13,6,11,シップウジョー,牡3,56.0,横山琉人,1:58.7,1/2,173.9,14.0,446(-10),[東] 相沢郁,202506020801
14,7,13,ミスターロスカボス,牡3,54.0,遠藤汰月,2:00.2,9,311.4,16.0,472(+2),[東] 伊藤伸一,202506020801
15,1,1,リザンテラ,牝3,55.0,木幡初也,2:00.5,1.1/2,241.1,15.0,474(-10),[東] 竹内正洋,202506020801
16,8,16,ミヤグリフォン,牝3,55.0,菊沢一樹,2:02.1,10,122.5,12.0,468(0),[東] 千葉直人,202506020801
1,8,16,サマースイートピー,牝3,55.0,内田博幸,1:12.0,,5.4,4.0,476(-6),[東] 千葉直人,202506020802
2,3,5,タッカーバリアント,牡3,57.0,吉田豊,1:12.5,3,4.7,2.0,468(+4),[東] 田島俊明,202506020802
3,6,12,アンエクスプロード,牡3,57.0,横山武史,1:12.7,1.1/4,5.5,5.0,512(+4),[東] 池上昌和,202506020802
4,5,9,ナックオリオン,牡3,54.0,佐藤翔馬,1:13.3,3.1/2,4.1,1.0,468(-2),[東] 杉浦宏昭,202506020802
5,4,8,コーシューパンジャ,牡3,57.0,北村宏司,1:13.7,2.1/2,15.5,7.0,496(-4),[東] 勢司和浩,202506020802
6,2,4,ジルクン,牡3,53.0,小林美駒,1:13.9,1.1/4,42.0,8.0,402(-6),[東] 鈴木慎太,202506020802
7,2,3,キーベスト,牡3,54.0,遠藤汰月,1:14.1,1,95.5,11.0,498(+2),[東] 黒岩陽一,202506020802
8,3,6,カウンターセブン,牡3,57.0,松岡正海,1:14.1,クビ,5.0,3.0,488(+8),[東] 村田一誠,202506020802
9,4,7,チュラット,牝3,55.0,武藤雅,1:14.2,1/2,45.2,9.0,440(0),[東] 水野貴広,202506020802
10,6,11,イデアニポーテ,牡3,57.0,黛弘人,1:14.3,1/2,224.1,14.0,450(-2),[東] 矢嶋大樹,202506020802
11,1,2,サヨノスピークロウ,牡3,57.0,菊沢一樹,1:14.5,1.1/4,376.3,16.0,462(-6),[東] 和田正一,202506020802
12,1,1,スマートアシェル,牡3,57.0,西村太一,1:14.9,2,147.3,12.0,486(0),[東] 加藤征弘,202506020802
13,7,13,ミンナデガンバル,牡3,54.0,水沼元輝,1:15.0,1,232.3,15.0,492(0),[東] 西田雄一,202506020802
14,8,15,ゴールドリッカ,牝3,51.0,谷原柚希,1:15.1,クビ,210.9,13.0,420(0),[東] 上原博之,202506020802
15,5,10,タッチザシーリング,牝3,55.0,佐々木大,1:15.6,3,74.6,10.0,430(+4),[東] 菊川正達,202506020802
16,7,14,ニシノカクテル,牝3,52.0,長浜鴻緒,1:15.9,2,11.8,6.0,446(+4),[東] 清水英克,202506020802
1,8,14,メモリアカフェ,牝3,55.0,ルメール,1:53.3,,1.6,1.0,494(-2),[東] 柄崎将寿,202506020803
2,6,10,ゲンパチルーナ,牝3,54.0,横山琉人,1:54.5,7,15.7,6.0,428(-4),[東] 西田雄一,202506020803
3,2,2,オンクラウドナイン,牡3,57.0,佐々木大,1:55.3,5,4.8,2.0,510(-4),[東] 和田正一,202506020803
4,3,3,カズナリ,牡3,54.0,長浜鴻緒,1:56.4,7,69.8,7.0,488(-4),[東] 中舘英二,202506020803
5,7,11,デアマトローナ,牝3,55.0,杉原誠人,1:56.8,2.1/2,15.5,5.0,458(-14),[東] 国枝栄,202506020803
6,3,4,ノイシュタット,牡3,57.0,田辺裕信,1:56.9,クビ,5.8,3.0,484(0),[東] 牧光二,202506020803
7,5,8,リアライズハロック,牡3,57.0,大野拓弥,1:57.0,3/4,14.6,4.0,470(-6),[東] 池上昌和,202506020803
8,8,13,ハルノート,牡3,57.0,菊沢一樹,1:57.4,2.1/2,83.4,8.0,468(-2),[東] 小手川準,202506020803
9,6,9,サンマルストロング,牡3,57.0,吉田豊,1:58.5,7,111.4,9.0,528(-2),[東] 土田稔,202506020803
10,7,12,トラストギャロップ,牡3,57.0,石橋脩,1:59.1,3.1/2,181.3,11.0,498(-6),[東] 高橋文雅,202506020803
11,5,7,ライジンシチー,牡3,54.0,遠藤汰月,1:59.2,3/4,280.6,13.0,500(-1),[東] 萱野浩二,202506020803
12,4,6,ロジジェンス,牡3,57.0,内田博幸,2:00.0,5,260.7,12.0,512(0),[東] 古賀慎明,202506020803
13,1,1,ヒロノビックバン,牡3,57.0,柴田大知,2:00.5,3,392.5,14.0,414(-8),[東] 蛯名利弘,202506020803
14,4,5,カゼニナッテル,牝3,55.0,木幡初也,2:00.8,2,160.9,10.0,466(-2),[東] 竹内正洋,202506020803
1,3,4,ガンダルフ,牡7,60.0,伴啓太,3:17.7,,12.6,6.0,488(-2),[東] 国枝栄,202506020804
2,1,1,ノアフェイス,牡4,57.0,坂口智康,3:18.0,1.3/4,25.7,7.0,516(0),[東] 武藤善則,202506020804
3,5,8,ネイチャーシップ,牡7,60.0,大江原圭,3:18.0,アタマ,5.9,3.0,506(-4),[東] 根本康広,202506020804
4,7,11,マルベリーシチー,牡5,60.0,金子光希,3:18.4,2,81.9,11.0,500(0),[東] 奥平雅士,202506020804
5,8,14,セファーラジエル,牡7,60.0,中村将之,3:18.4,クビ,7.5,4.0,528(+2),[西] 高柳大輔,202506020804
6,6,9,グラヴィテ,牝7,58.0,小牧加矢,3:18.5,クビ,8.6,5.0,500(0),[西] 藤野健太,202506020804
7,4,6,フェーングロッテン,セ6,60.0,高田潤,3:18.5,クビ,3.0,1.0,462(+2),[西] 宮本博,202506020804
8,3,3,コスモゴレアドール,牡6,57.0,土田真翔,3:19.2,4,130.9,13.0,440(+22),[東] 土田稔,202506020804
9,2,2,ポリトナリティー,牝4,57.0,難波剛健,3:19.7,3,28.9,8.0,420(-6),[東] 和田雄二,202506020804
10,7,12,ドライブアローカス,牡5,60.0,草野太郎,3:19.8,1/2,100.9,12.0,458(+2),[東] 戸田博文,202506020804
11,4,5,イチリュウオー,牡4,57.0,水沼元輝,3:20.1,2,168.6,14.0,460(+8),[東] 小西一男,202506020804
12,8,13,グランサバナ,セ5,60.0,五十嵐雄,3:22.3,大,32.5,9.0,506(+16),[東] 田村康仁,202506020804
中,5,7,ワタシダケドナニカ,牡5,60.0,石神深一,,,81.7,10.0,504(+14),[東] 本間忍,202506020804
中,6,10,タイセイエピソード,牡6,60.0,上野翔,,,3.5,2.0,486(+14),[東] 千葉直人,202506020804
1,6,11,ブルスカメンテ,牝3,55.0,ルメール,1:34.4,,7.2,4.0,420(+4),[東] 黒岩陽一,202506020805
2,4,8,ルトンワージ,牡3,57.0,津村明秀,1:34.4,アタマ,5.4,2.0,450(+2),[東] 斎藤誠,202506020805
3,4,7,ドルビナ,牡3,57.0,大野拓弥,1:34.6,1.1/4,17.7,8.0,450(+12),[東] 杉浦宏昭,202506020805
4,1,1,アルガムベイ,牡3,57.0,北村宏司,1:34.7,3/4,5.5,3.0,440(-2),[東] 鹿戸雄一,202506020805
5,6,12,スペシャルバニー,牝3,55.0,Ｍ．デム,1:34.9,1.1/4,26.5,9.0,396(-2),[東] 田村康仁,202506020805
6,5,10,ホシニネガイヲ,牝3,55.0,三浦皇成,1:35.4,3,10.4,5.0,426(-12),[東] 竹内正洋,202506020805
7,1,2,ファンタイムギフト,牡3,57.0,田辺裕信,1:35.5,1/2,33.3,10.0,502(+2),[東] 相沢郁,202506020805
8,7,14,オプレントジュエル,牝3,55.0,横山武史,1:35.7,1,2.8,1.0,518(0),[東] 田村康仁,202506020805
9,3,5,ミリアドタレント,牝3,55.0,佐々木大,1:36.1,2.1/2,16.0,7.0,434(+4),[東] 嘉藤貴行,202506020805
10,8,15,サマースピリット,牝3,55.0,内田博幸,1:36.2,1/2,13.2,6.0,458(-16),[東] 国枝栄,202506020805
11,5,9,ユキノホワイト,牝3,55.0,菊沢一樹,1:36.3,クビ,217.3,13.0,410(0),[東] 小野次郎,202506020805
12,2,3,キャナルクルーズ,牝3,55.0,嶋田純次,1:36.3,クビ,53.9,11.0,436(0),[東] 大竹正博,202506020805
13,8,16,ピエノダモーレ,牝3,52.0,遠藤汰月,1:36.5,1.1/4,373.9,16.0,470(0),[東] 松山将樹,202506020805
14,7,13,テルケンレンチャオ,牡3,57.0,石橋脩,1:36.6,クビ,252.6,14.0,468(-2),[東] 勢司和浩,202506020805
15,2,4,ワンショートデイ,牝3,55.0,木幡巧也,1:36.9,1.3/4,293.8,15.0,458(0),[東] 本間忍,202506020805
16,3,6,フクチャンダイオウ,牡3,57.0,江田照男,1:37.3,2.1/2,132.1,12.0,530(0),[東] 加藤征弘,202506020805
1,8,12,アマキヒ,牡3,57.0,横山武史,2:00.0,,3.4,2.0,486(-4),[東] 国枝栄,202506020806
2,1,1,オストラヴァ,牡3,57.0,津村明秀,2:00.0,1/2,11.4,4.0,478(+2),[東] 林徹,202506020806
3,2,2,ヤコブセン,牡3,57.0,田辺裕信,2:00.6,3.1/2,22.3,6.0,510(0),[東] 斎藤誠,202506020806
4,7,10,ドーバーブライト,牡3,57.0,内田博幸,2:00.8,1.1/2,19.2,5.0,500(0),[東] 西田雄一,202506020806
5,4,4,リガーレ,牡3,57.0,三浦皇成,2:01.2,2,5.2,3.0,528(-2),[西] 池江泰寿,202506020806
6,6,8,ジェットブレード,牡3,57.0,原優介,2:01.5,1.3/4,55.5,8.0,496(+18),[東] 青木孝文,202506020806
7,7,9,スモーキーゴッド,牡3,57.0,ルメール,2:01.6,3/4,1.9,1.0,460(+18),[東] 萩原清,202506020806
8,5,6,ラーナローザ,牝3,55.0,大野拓弥,2:01.6,ハナ,77.4,10.0,492(0),[東] 畠山吉宏,202506020806
9,5,5,カゼノタカトシ,牡3,57.0,佐々木大,2:01.8,1,74.0,9.0,480(+6),[東] 久保田貴,202506020806
10,8,11,ビッキーファースト,牡3,57.0,Ｍ．デム,2:02.0,1.1/4,39.2,7.0,488(+2),[西] 武幸四郎,202506020806
11,6,7,コスモキャバリエ,牡3,57.0,木幡巧也,2:02.5,3,78.4,11.0,474(0),[東] 高木登,202506020806
12,3,3,ココロビジン,牝3,55.0,丸田恭介,2:05.0,大,364.2,12.0,418(-2),[東] 武市康男,202506020806
1,5,10,イクリール,牡4,57.0,原優介,2:32.9,,2.5,1.0,520(+2),[東] 青木孝文,202506020807
2,6,11,トラストボス,牡4,57.0,三浦皇成,2:33.0,1/2,8.4,4.0,434(-6),[東] 高橋文雅,202506020807
3,5,9,ヴァイザーバルコ,セ5,58.0,松岡正海,2:33.2,1.1/4,8.2,3.0,468(+6),[東] 水野貴広,202506020807
4,8,16,ズイウンゴサイ,牡4,57.0,丸田恭介,2:33.4,1.1/4,5.2,2.0,466(+2),[東] 武市康男,202506020807
5,4,8,コレクテイニア,牡5,58.0,吉田豊,2:33.9,3,146.2,14.0,476(0),[東] 戸田博文,202506020807
6,4,7,カラーオブジアース,牡4,57.0,石橋脩,2:33.9,ハナ,57.8,12.0,478(-2),[東] 上原佑紀,202506020807
7,2,3,スカパラダイス,牡5,58.0,木幡巧也,2:34.0,1/2,172.2,15.0,464(-12),[東] 大和田成,202506020807
8,7,14,ペリプルス,牡5,58.0,柴田大知,2:34.1,クビ,134.5,13.0,448(+2),[東] 佐藤吉勝,202506020807
9,8,15,ボクラヲツナグモノ,牡4,54.0,長浜鴻緒,2:34.1,ハナ,23.5,8.0,460(0),[東] 清水英克,202506020807
10,1,2,ヴァンナチュール,牡5,58.0,杉原誠人,2:34.6,3,39.5,11.0,478(-4),[東] 林徹,202506020807
11,1,1,テイキットイージー,牡4,57.0,Ｍ．デム,2:34.8,1.1/2,12.5,6.0,452(+6),[東] 萱野浩二,202506020807
12,7,13,ゴールデンステップ,牝4,55.0,佐々木大,2:35.0,1,8.9,5.0,488(+18),[東] 和田勇介,202506020807
13,3,6,パラダイスリズム,牝4,52.0,遠藤汰月,2:35.2,1.1/4,327.4,16.0,456(+22),[東] 伊藤伸一,202506020807
14,3,5,ディアマイサン,牡5,58.0,横山武史,2:35.6,2.1/2,15.9,7.0,542(0),[東] 浅利英明,202506020807
15,6,12,メジャーレーベル,牡4,57.0,北村宏司,2:36.1,3.1/2,36.6,10.0,440(-2),[東] 木村哲也,202506020807
16,2,4,モスクロッサー,セ4,57.0,津村明秀,2:42.5,大,27.2,9.0,518(+14),[東] 国枝栄,202506020807
1,5,8,アスタールフナ,牝3,51.0,小林美駒,1:11.2,,2.8,1.0,444(+2),[西] 中竹和也,202506020808
2,6,11,ハクサンアイリス,牡3,57.0,津村明秀,1:11.5,2,6.7,3.0,486(+2),[西] 高橋一哉,202506020808
3,1,1,ルークススペイ,牡3,54.0,長浜鴻緒,1:11.6,クビ,23.2,8.0,472(-12),[東] 伊藤圭三,202506020808
4,5,9,セギレエルビエント,牝3,55.0,横山武史,1:11.7,3/4,11.2,6.0,452(-8),[東] 伊坂重信,202506020808
5,2,2,ジャスパーソレイユ,牡3,57.0,吉田豊,1:12.5,5,17.2,7.0,474(+10),[西] 森秀行,202506020808
6,8,15,ニシノジェダイ,牡3,57.0,大野拓弥,1:12.5,アタマ,32.0,9.0,462(+2),[西] 宮本博,202506020808
7,8,14,スターランウェイ,牝3,54.0,横山琉人,1:12.5,ハナ,7.2,4.0,446(+4),[東] 斎藤誠,202506020808
8,6,10,ハッピービバーク,牝3,55.0,田辺裕信,1:12.5,クビ,56.9,10.0,444(-6),[東] 嘉藤貴行,202506020808
9,3,4,フォースミラクル,牡3,57.0,ルメール,1:12.5,アタマ,8.2,5.0,448(-4),[東] 加藤征弘,202506020808
10,7,12,サブアトミック,牝3,55.0,三浦皇成,1:12.7,3/4,97.6,11.0,466(+4),[東] 伊藤圭三,202506020808
11,2,3,エコロヴァイス,牡3,57.0,佐々木大,1:13.0,2,4.4,2.0,484(-8),[東] 堀宣行,202506020808
12,4,7,ブラックトルネード,牡3,57.0,丸田恭介,1:13.1,1/2,316.4,15.0,458(-6),[東] 佐藤吉勝,202506020808
13,3,5,エポカスピーガ,牝3,55.0,松岡正海,1:13.3,1.1/4,187.6,12.0,482(-2),[東] 田中剛,202506020808
14,7,13,ミツカネリブラ,牡3,57.0,菊沢一樹,1:13.5,1,197.8,13.0,474(+2),[東] 清水英克,202506020808
15,4,6,アイビーヒメチャン,牝3,55.0,木幡巧也,1:13.5,ハナ,229.9,14.0,462(+4),[東] 牧光二,202506020808
1,1,1,ダイシンヤマト,牡5,58.0,吉田豊,1:33.1,,4.4,2.0,508(-6),[東] 戸田博文,202506020809
2,7,8,メタルスピード,牡5,58.0,横山武史,1:33.5,2.1/2,8.3,4.0,512(-10),[東] 斎藤誠,202506020809
3,6,7,ケイケイ,セ4,58.0,木幡巧也,1:33.7,1.1/2,39.6,7.0,468(-8),[東] 杉浦宏昭,202506020809
4,3,3,ヒロノゴウカイ,牡6,58.0,菅原隆一,1:34.1,2,281.3,11.0,508(-6),[東] 蛯名利弘,202506020809
5,2,2,エコロマーズ,牡4,58.0,Ｍ．デム,1:34.3,1.1/4,12.4,5.0,498(+2),[西] 牧浦充徳,202506020809
6,8,10,ホウオウシェリー,牝4,56.0,津村明秀,1:34.7,2.1/2,6.7,3.0,444(+12),[東] 池上昌和,202506020809
7,7,9,ノーダブルディップ,牡7,58.0,三浦皇成,1:34.7,アタマ,50.0,8.0,552(-2),[東] 古賀慎明,202506020809
8,4,4,エンファサイズ,牡5,58.0,佐々木大,1:34.9,1.1/4,70.9,9.0,468(+32),[東] 小笠倫弘,202506020809
9,5,5,シルバープリペット,牡5,58.0,丸田恭介,1:35.1,1.1/2,247.1,10.0,478(-2),[東] 松山将樹,202506020809
10,8,11,ラテラルシンキング,牡5,58.0,原優介,1:35.3,1,37.9,6.0,434(-6),[東] 黒岩陽一,202506020809
11,6,6,ペリファーニア,牝5,56.0,ルメール,1:35.5,1.1/2,1.7,1.0,510(+2),[東] 鹿戸雄一,202506020809
1,7,14,アドマイヤマツリ,牝4,56.0,田辺裕信,1:46.7,,4.0,1.0,450(0),[東] 宮田敬介,202506020810
2,6,12,コスモフリーゲン,牡5,58.0,柴田大知,1:46.8,3/4,7.8,5.0,504(+8),[東] 畠山吉宏,202506020810
3,3,5,ストロングウィル,牡6,58.0,石橋脩,1:47.0,1,40.5,10.0,502(0),[西] 橋口慎介,202506020810
4,4,7,キュクヌス,牝4,56.0,横山武史,1:47.0,クビ,6.6,3.0,450(+2),[西] 池江泰寿,202506020810
5,6,11,デコラシオン,牡6,58.0,三浦皇成,1:47.2,1.1/2,8.5,6.0,524(-2),[東] 高木登,202506020810
6,8,15,ホウオウラスカーズ,牝7,56.0,原優介,1:47.2,ハナ,138.7,13.0,456(+2),[東] 高木登,202506020810
7,2,4,ミッキーツインクル,牝5,56.0,中井裕二,1:47.3,クビ,4.9,2.0,472(-4),[西] 中内田充,202506020810
8,1,1,アンリーロード,牝5,56.0,大野拓弥,1:47.3,クビ,17.7,9.0,476(+4),[西] 茶木太樹,202506020810
9,2,3,ルクスビッグスター,牡5,58.0,北村宏司,1:47.4,1/2,14.4,8.0,484(0),[西] 清水久詞,202506020810
10,3,6,ロジマンボ,牡6,58.0,内田博幸,1:47.8,2,192.9,15.0,494(-2),[東] 古賀慎明,202506020810
11,5,9,エレクトリックブギ,牡4,58.0,佐々木大,1:47.9,3/4,59.1,11.0,442(-2),[東] 鹿戸雄一,202506020810
12,8,16,ヴルカーノ,牡7,58.0,松岡正海,1:48.1,1.1/2,84.5,12.0,492(-2),[東] 稲垣幸雄,202506020810
13,5,10,ポッドボレット,牡6,58.0,長浜鴻緒,1:48.2,クビ,160.6,14.0,522(+8),[西] 辻野泰之,202506020810
14,1,2,ナックイルシーブ,牡7,58.0,佐藤翔馬,1:48.3,1,329.6,16.0,512(-16),[東] 杉浦宏昭,202506020810
15,4,8,トラマンダーレ,牡5,58.0,ルメール,1:48.4,1/2,7.6,4.0,510(-4),[東] 鹿戸雄一,202506020810
16,7,13,ショーマンフリート,牡4,58.0,木幡巧也,1:49.1,4,13.0,7.0,506(0),[東] 手塚貴久,202506020810
1,5,9,ボナンザ,牡5,56.0,三浦皇成,1:10.0,,16.1,6.0,500(-8),[西] 庄野靖志,202506020811
2,4,8,メズメライザー,セ6,55.0,北村宏司,1:10.2,1.1/4,55.6,12.0,534(+4),[西] 千田輝彦,202506020811
3,6,11,バトルクライ,牡6,58.0,菊沢一樹,1:10.2,ハナ,13.8,5.0,504(-2),[東] 高木登,202506020811
4,4,7,グッジョブ,牡5,55.0,Ｍ．デム,1:10.2,ハナ,6.9,3.0,450(+8),[西] 牧浦充徳,202506020811
5,7,14,バグラダス,牡5,56.0,田辺裕信,1:10.2,アタマ,33.8,10.0,486(+4),[東] 嘉藤貴行,202506020811
6,1,1,ジュンウィンダム,牝5,54.0,横山武史,1:10.3,クビ,24.3,9.0,506(-10),[西] 浜田多実,202506020811
7,8,16,レッドゲイル,牡6,54.0,木幡巧也,1:10.4,1/2,229.3,16.0,474(-4),[東] 浅利英明,202506020811
8,3,6,ジャスパーゴールド,セ7,56.0,松岡正海,1:10.4,アタマ,16.3,7.0,462(-10),[西] 森秀行,202506020811
9,3,5,サンライズアムール,牡6,58.5,ルメール,1:10.4,ハナ,2.4,1.0,520(+4),[西] 小林真也,202506020811
10,1,2,スズカコテキタイ,牡6,57.5,内田博幸,1:10.6,3/4,80.2,13.0,498(-10),[東] 奥村武,202506020811
11,2,3,インユアパレス,牡4,56.0,佐々木大,1:10.6,クビ,4.8,2.0,482(0),[西] 須貝尚介,202506020811
12,8,15,ハコダテブショウ,牡7,56.0,横山琉人,1:10.6,アタマ,91.6,14.0,504(0),[東] 相沢郁,202506020811
13,7,13,ハチメンロッピ,牡5,56.0,石橋脩,1:11.0,2.1/2,9.3,4.0,518(0),[東] 矢野英一,202506020811
14,6,12,カリボール,牡9,56.0,原優介,1:11.2,1.1/4,157.1,15.0,492(-6),[西] 西村真幸,202506020811
15,5,10,ステラフィオーレ,牝6,53.0,大野拓弥,1:11.3,クビ,22.1,8.0,478(0),[西] 小栗実,202506020811
16,2,4,マスクオールウィン,牝4,54.0,杉原誠人,1:11.8,3,40.1,11.0,496(-6),[東] 牧光二,202506020811
1,4,7,グレノークス,牝5,56.0,横山武史,1:54.8,,4.7,2.0,492(0),[東] 宮田敬介,202506020812
2,5,9,タガノチョコラータ,牝5,53.0,長浜鴻緒,1:54.9,1/2,44.2,11.0,498(-10),[西] 角田晃一,202506020812
3,2,3,ルージュアベリア,牝4,56.0,原優介,1:54.9,ハナ,6.0,4.0,484(-6),[東] 田中博康,202506020812
4,3,5,メテオールライト,牝5,56.0,大野拓弥,1:54.9,ハナ,26.9,9.0,428(-2),[東] 萩原清,202506020812
5,5,10,サツキノジョウ,牝4,56.0,三浦皇成,1:55.1,1,4.6,1.0,450(-8),[東] 武井亮,202506020812
6,8,15,ラヴオントップ,牝4,56.0,杉原誠人,1:55.2,1/2,4.9,3.0,488(0),[西] 西村真幸,202506020812
7,3,6,エンセリオ,牝4,56.0,佐々木大,1:55.6,2.1/2,12.9,7.0,438(-2),[東] 小笠倫弘,202506020812
8,6,11,アルドール,牝4,56.0,津村明秀,1:55.8,1.1/4,9.2,5.0,516(+6),[東] 手塚貴久,202506020812
9,8,16,カフェアローロ,牝4,56.0,内田博幸,1:56.0,1,12.2,6.0,494(-6),[東] 古賀慎明,202506020812
10,7,13,ブルーペクトライト,牝5,56.0,松岡正海,1:56.3,1.3/4,28.7,10.0,482(-10),[西] 宮地貴稔,202506020812
11,6,12,エリカコレクト,牝6,56.0,吉田豊,1:56.3,クビ,175.2,14.0,488(-4),[東] 国枝栄,202506020812
12,4,8,アパイシュナール,牝4,56.0,野中悠太,1:56.8,3,68.7,12.0,458(+8),[東] 田村康仁,202506020812
13,1,2,アンブロジアーナ,牝6,56.0,菊沢一樹,1:57.0,1.1/4,104.8,13.0,424(-10),[東] 上原博之,202506020812
14,1,1,アルタビスタ,牝5,56.0,Ｍ．デム,1:57.8,5,16.7,8.0,476(-12),[西] 松永幹夫,202506020812
15,7,14,ナックダンス,牝5,53.0,佐藤翔馬,1:58.1,2,206.0,15.0,510(+3),[東] 杉浦宏昭,202506020812
取,2,4,イゾラフェリーチェ,牝4,56.0,武藤雅,,,---,,計不,[東] 鹿戸雄一,202506020812
1,4,8,ゴールドハンマー,牝3,55.0,横山典弘,1:11.3,,1.1,1.0,482(0),[東] 村田一誠,202506030101
2,6,11,キタノライブリー,牝3,55.0,丹内祐次,1:11.9,3.1/2,7.0,2.0,442(-4),[東] 本間忍,202506030101
3,7,13,ドナカルナバル,牝3,55.0,菅原明良,1:12.2,2,71.3,7.0,472(0),[東] 高木登,202506030101
4,7,14,ポートタウランガ,牝3,55.0,横山和生,1:12.8,3.1/2,15.8,3.0,458(+6),[東] 嘉藤貴行,202506030101
5,1,1,エレパイオ,牝3,55.0,原優介,1:13.0,1.1/4,124.4,11.0,490(-2),[東] 嘉藤貴行,202506030101
6,1,2,アミラジオネ,牝3,52.0,水沼元輝,1:13.2,1.1/2,163.3,13.0,464(-6),[東] 西田雄一,202506030101
7,3,5,デンリッレハウエル,牝3,52.0,石田拓郎,1:13.3,クビ,30.5,5.0,402(-4),[東] 林徹,202506030101
8,6,12,フジルバーブ,牝3,55.0,松岡正海,1:13.4,3/4,53.7,6.0,466(0),[東] 西田雄一,202506030101
9,3,6,マハーギータ,牝3,55.0,田辺裕信,1:13.6,1.1/4,89.5,9.0,434(0),[東] 久保田貴,202506030101
10,5,9,ガールネクストドア,牝3,55.0,内田博幸,1:13.7,1/2,103.4,10.0,432(-10),[東] 南田美知,202506030101
11,4,7,ヒルビリーエレジー,牝3,55.0,吉田豊,1:14.2,3,81.5,8.0,446(+6),[東] 戸田博文,202506030101
12,8,15,モモイロカタオモイ,牝3,55.0,江田照男,1:14.2,ハナ,24.7,4.0,418(-8),[東] 村田一誠,202506030101
13,2,4,ビップモアナ,牝3,55.0,菊沢一樹,1:14.3,クビ,210.6,14.0,482(+10),[東] 田島俊明,202506030101
14,8,16,スマイルバニラ,牝3,52.0,遠藤汰月,1:14.9,3.1/2,252.0,15.0,400(-8),[東] 黒岩陽一,202506030101
15,5,10,キタノエモシオン,牝3,55.0,小林脩斗,1:15.4,2.1/2,462.1,16.0,432(0),[東] 石栗龍彦,202506030101
16,2,3,ライラックダンサー,牝3,52.0,長浜鴻緒,1:18.5,大,148.8,12.0,402(0),[東] 矢嶋大樹,202506030101
1,1,1,ロングウェイホーム,牡3,57.0,モレイラ,1:55.2,,1.7,1.0,524(-4),[東] 伊坂重信,202506030102
2,5,9,カレラエンブレマ,牡3,57.0,松山弘平,1:56.4,7,6.5,2.0,506(-10),[東] 田村康仁,202506030102
3,8,15,セブンスウェイ,牡3,57.0,丹内祐次,1:56.4,ハナ,8.9,4.0,502(+12),[東] 清水英克,202506030102
4,2,4,ゴールドパートナー,牡3,57.0,横山和生,1:56.8,2.1/2,7.1,3.0,478(0),[東] 嘉藤貴行,202506030102
5,7,13,スマートクオーレ,牡3,57.0,木幡初也,1:57.1,2,151.9,11.0,488(+2),[東] 粕谷昌央,202506030102
6,3,5,ルシャルムール,セ3,57.0,菅原明良,1:57.5,2.1/2,28.8,8.0,476(0),[東] 萩原清,202506030102
7,6,11,タケルサバイバル,牡3,57.0,菊沢一樹,1:57.9,2.1/2,102.6,10.0,504(-2),[東] 金成貴史,202506030102
8,8,16,クリノフローレンス,牝3,52.0,佐藤翔馬,1:58.0,1/2,616.0,16.0,448(+4),[東] 南田美知,202506030102
9,2,3,マブアンドフェール,牡3,57.0,内田博幸,1:58.0,アタマ,68.6,9.0,524(0),[東] 古賀慎明,202506030102
10,3,6,セイウンピカイチ,牡3,54.0,石田拓郎,1:58.3,1.3/4,298.2,12.0,484(+2),[東] 尾形和幸,202506030102
11,6,12,フィールザゴールド,牡3,57.0,横山武史,1:59.1,5,15.8,6.0,436(0),[東] 岩戸孝樹,202506030102
12,1,2,アッサジャン,牝3,55.0,三浦皇成,1:59.4,2,17.5,7.0,450(-8),[東] 国枝栄,202506030102
13,4,7,ベアキングダム,牡3,54.0,長浜鴻緒,1:59.7,1.3/4,321.8,13.0,468(0),[東] 千葉直人,202506030102
14,4,8,エンデューロ,牡3,57.0,戸崎圭太,1:59.8,3/4,14.9,5.0,560(-8),[東] 林徹,202506030102
15,7,14,レッドレントラー,牡3,57.0,杉原誠人,2:00.0,1,466.8,15.0,458(0),[東] 林徹,202506030102
16,5,10,ミスターヨッシャー,牡3,54.0,遠藤汰月,2:02.9,大,445.8,14.0,456(-2),[東] 堀内岳志,202506030102
1,3,5,リクエイ,牝3,55.0,戸崎圭太,1:12.3,,3.0,1.0,420(+6),[東] 竹内正洋,202506030103
2,2,4,シンガソング,牝3,55.0,杉原誠人,1:12.6,1.3/4,26.4,7.0,428(0),[東] 土田稔,202506030103
3,1,2,ガンハンマー,牡3,57.0,ルメール,1:13.0,2,4.0,3.0,430(-4),[東] 加藤征弘,202506030103
4,5,10,サラサエンペラー,牡3,57.0,横山和生,1:13.0,クビ,15.8,5.0,472(0),[東] 村田一誠,202506030103
5,8,16,セイラダンサー,牝3,52.0,長浜鴻緒,1:13.0,アタマ,43.4,9.0,424(-10),[東] 尾関知人,202506030103
6,1,1,フレイム,牡3,57.0,三浦皇成,1:13.1,クビ,3.8,2.0,510(-2),[東] 伊藤大士,202506030103
7,8,15,ルジュウェール,牡3,53.0,小林美駒,1:13.3,1.1/4,206.1,11.0,500(+4),[東] 小手川準,202506030103
8,2,3,アイドル,牝3,55.0,津村明秀,1:13.3,クビ,17.8,6.0,488(-4),[東] 上原佑紀,202506030103
9,7,13,アイアムイチバン,牡3,57.0,松岡正海,1:13.7,2,5.5,4.0,510(+2),[東] 奥平雅士,202506030103
10,6,12,スーパーキティ,牝3,55.0,吉田豊,1:13.7,クビ,36.3,8.0,496(+4),[東] 菊川正達,202506030103
11,4,8,サンブリンガー,牡3,57.0,石橋脩,1:14.0,1.1/2,76.4,10.0,440(0),[東] 萩原清,202506030103
12,4,7,クラウンキュー,牡3,57.0,菊沢一樹,1:15.0,6,275.1,13.0,484(0),[東] 田島俊明,202506030103
13,3,6,ポッドソル,牡3,57.0,原優介,1:15.4,2.1/2,273.2,12.0,438(-10),[東] 小野次郎,202506030103
14,5,9,ニニンサンキャク,牡3,54.0,遠藤汰月,1:15.5,1/2,544.5,15.0,438(-4),[東] 蛯名利弘,202506030103
15,6,11,ヴレーデ,牡3,57.0,伊藤工真,1:15.7,1.1/4,330.5,14.0,484(-6),[東] 鈴木慎太,202506030103
16,7,14,ダークスピリット,牡3,57.0,木幡巧也,1:16.0,1.1/2,560.2,16.0,454(-4),[東] 的場均,202506030103
1,7,13,マイネルフーガ,牡3,57.0,横山武史,1:50.0,,2.2,1.0,468(0),[東] 鈴木慎太,202506030104
2,1,1,サクラファレル,牡3,57.0,モレイラ,1:50.1,3/4,2.3,2.0,510(+8),[東] 堀宣行,202506030104
3,6,12,ゴガツノアマノガワ,牡3,57.0,石橋脩,1:50.1,クビ,98.6,9.0,444(-2),[東] 清水英克,202506030104
4,5,9,クラウンアールシー,牡3,54.0,上里直汰,1:50.2,クビ,34.9,6.0,460(0),[東] 加藤士津,202506030104
5,8,16,マイネルトラオム,牡3,57.0,丹内祐次,1:50.4,1.1/2,57.0,8.0,474(+18),[東] 深山雅史,202506030104
6,2,4,センジュコスモス,牝3,55.0,丸田恭介,1:50.5,クビ,145.0,13.0,442(+10),[東] 南田美知,202506030104
7,1,2,リザードアイランド,牡3,57.0,横山和生,1:50.6,1/2,6.0,3.0,486(0),[東] 田村康仁,202506030104
8,7,14,ヤマニンパルフェ,牝3,55.0,原優介,1:51.3,4,25.5,5.0,488(-4),[東] 辻哲英,202506030104
9,3,5,テクニコス,牡3,57.0,松岡正海,1:51.8,3,122.7,12.0,452(+2),[東] 田中剛,202506030104
10,3,6,アドマイヤコーク,牡3,57.0,津村明秀,1:51.9,3/4,14.9,4.0,446(0),[東] 宮田敬介,202506030104
11,5,10,ロワゾブルー,牝3,55.0,菅原明良,1:52.0,1/2,54.0,7.0,426(-10),[東] 小島茂之,202506030104
12,2,3,スノーリン,牡3,57.0,杉原誠人,1:52.1,3/4,115.1,11.0,454(+10),[東] 西田雄一,202506030104
13,6,11,テクスチャー,牝3,55.0,石川裕紀,1:52.2,1/2,482.2,16.0,410(-24),[東] 和田正一,202506030104
14,4,8,ミスブランニュデイ,牝3,55.0,北村友一,1:52.4,1.1/4,100.4,10.0,462(0),[東] 菊川正達,202506030104
15,4,7,ニシノドロシー,牝3,55.0,野中悠太,1:53.9,9,358.0,15.0,434(-26),[東] 本間忍,202506030104
16,8,15,リケアダージリン,牝3,55.0,吉田豊,1:54.6,4,148.0,14.0,408(-22),[東] 小野次郎,202506030104
1,3,3,カラヴァジェスティ,牡3,57.0,戸崎圭太,1:09.5,,4.8,3.0,460(-4),[東] 奥村武,202506030105
2,8,9,ワース,牡3,57.0,ルメール,1:09.5,クビ,1.8,1.0,496(0),[東] 上原佑紀,202506030105
3,1,1,ミクストベリーズ,牡3,57.0,モレイラ,1:09.9,2,3.0,2.0,482(-2),[東] 伊藤圭三,202506030105
4,5,5,ラースアルアイン,牡3,57.0,丸田恭介,1:10.1,1.1/4,112.5,9.0,534(+8),[東] 中川公成,202506030105
5,4,4,ヴェナートル,牡3,57.0,武藤雅,1:10.4,2,175.1,10.0,484(-2),[東] 武藤善則,202506030105
6,7,8,クラウンウルル,牡3,53.0,小林美駒,1:10.9,2.1/2,64.1,8.0,474(-6),[東] 菊川正達,202506030105
7,7,7,ヴァリアントマーチ,牝3,54.0,横山琉人,1:10.9,クビ,37.8,5.0,458(+10),[東] 林徹,202506030105
8,6,6,ハニーアイリー,牝3,55.0,内田博幸,1:11.5,3.1/2,44.9,6.0,456(-10),[東] 矢野英一,202506030105
9,2,2,シュラフ,牝3,55.0,岩部純二,1:11.7,1,11.8,4.0,438(-8),[東] 佐藤吉勝,202506030105
10,8,10,カネトシブレーブ,牡3,57.0,松山弘平,1:11.9,1.1/2,56.9,7.0,468(+2),[西] 寺島良,202506030105
1,7,7,センツブラッド,牡3,57.0,横山武史,1:50.6,,3.5,2.0,454(-4),[西] 斉藤崇史,202506030106
2,6,6,ダノンミッション,牡3,57.0,モレイラ,1:50.6,ハナ,2.1,1.0,474(-6),[東] 堀宣行,202506030106
3,5,5,ベラジオワールド,牡3,55.0,戸崎圭太,1:50.9,1.3/4,5.9,4.0,486(+4),[東] 伊藤大士,202506030106
4,8,8,ゴーゴータカシ,牡3,57.0,丹内祐次,1:50.9,クビ,43.4,7.0,488(+6),[東] 武井亮,202506030106
5,1,1,タイキブライトン,牡3,57.0,原優介,1:51.1,1,156.0,8.0,454(-12),[東] 萱野浩二,202506030106
6,2,2,ルージュミレネール,牝3,55.0,菅原明良,1:51.3,1,29.9,6.0,438(-4),[東] 斎藤誠,202506030106
7,3,3,ニシノイストワール,牡3,57.0,三浦皇成,1:51.7,2.1/2,15.9,5.0,462(0),[東] 鹿戸雄一,202506030106
8,4,4,カーラデマドレ,牝3,55.0,ルメール,1:52.1,2,4.8,3.0,470(+4),[東] 宮田敬介,202506030106
1,7,9,エーリアル,牝4,56.0,杉原誠人,1:55.1,,1.7,1.0,508(-2),[東] 西田雄一,202506030107
2,6,6,ムーランブルー,牝5,53.0,長浜鴻緒,1:55.1,ハナ,13.8,5.0,506(+10),[東] 久保田貴,202506030107
3,5,5,ベルフィーヌ,牝4,53.0,遠藤汰月,1:55.3,1.1/4,6.9,3.0,512(0),[東] 堀内岳志,202506030107
4,6,7,キタノチェロキー,牝5,56.0,原優介,1:56.0,4,36.3,8.0,476(-2),[東] 粕谷昌央,202506030107
5,7,8,ミランカ,牝4,56.0,木幡巧也,1:56.2,1.1/4,199.9,10.0,474(+4),[東] 岩戸孝樹,202506030107
6,2,2,セージグリーン,牝4,56.0,丹内祐次,1:56.2,クビ,5.3,2.0,474(-4),[東] 菊川正達,202506030107
7,1,1,オーロラアーク,牝6,56.0,菊沢一樹,1:56.8,3.1/2,18.3,6.0,456(+4),[東] 石栗龍彦,202506030107
8,4,4,モアナフリューゲル,牝4,56.0,吉田豊,1:56.9,3/4,9.2,4.0,456(-2),[東] 和田勇介,202506030107
9,3,3,ヴィーゲイツ,牝4,56.0,木幡育也,1:57.7,5,296.7,11.0,450(-2),[東] 千葉直人,202506030107
10,8,10,フイノマジワリ,牝4,56.0,木幡初也,1:57.8,1/2,53.6,9.0,444(0),[東] 竹内正洋,202506030107
中,8,11,ソウキュウ,牝4,56.0,津村明秀,,,21.0,7.0,500(+26),[東] 高木登,202506030107
1,7,9,マイネルブリックス,牡4,58.0,丹内祐次,1:50.1,,5.0,3.0,466(+4),[東] 黒岩陽一,202506030108
2,1,1,リリーブライト,牡7,55.0,長浜鴻緒,1:50.1,ハナ,130.3,12.0,486(+10),[東] 西田雄一,202506030108
3,7,10,ウインアクトゥール,牡4,58.0,横山和生,1:50.2,クビ,15.1,7.0,444(+2),[東] 栗田徹,202506030108
4,6,7,パンジャ,牡4,58.0,戸崎圭太,1:50.2,ハナ,3.1,1.0,488(+4),[東] 金成貴史,202506030108
5,8,11,サンライズエース,牡6,58.0,津村明秀,1:50.4,1,71.6,10.0,504(-4),[西] 秋山真一,202506030108
6,4,4,テリオスサラ,牝4,56.0,横山武史,1:50.6,1.1/4,4.7,2.0,472(-2),[東] 高柳瑞樹,202506030108
7,2,2,エイムフォーエース,牡4,58.0,三浦皇成,1:50.8,1.1/2,26.3,8.0,440(+2),[東] 武井亮,202506030108
8,8,12,ガールズレジェンド,牝5,56.0,石橋脩,1:51.5,4,11.6,6.0,466(+2),[東] 上原佑紀,202506030108
9,6,8,コスモスプモーニ,牡5,58.0,木幡巧也,1:51.5,ハナ,60.1,9.0,492(-2),[東] 松山将樹,202506030108
10,3,3,エバーハンティング,牝6,56.0,吉田豊,1:51.5,クビ,103.5,11.0,424(+6),[東] 小島茂之,202506030108
11,5,5,ペッレグリーニ,牡4,58.0,石川裕紀,1:51.6,1/2,10.1,5.0,454(+2),[東] 手塚貴久,202506030108
12,5,6,ヴァイザーブリック,牡4,58.0,松山弘平,1:52.3,4,5.3,4.0,472(-4),[東] 池上昌和,202506030108
1,5,10,ブシン,牡4,58.0,菅原明良,1:10.5,,2.2,1.0,482(0),[西] 森秀行,202506030109
2,7,14,ショウナンアビアス,牡5,58.0,モレイラ,1:10.5,アタマ,6.6,3.0,508(0),[東] 加藤士津,202506030109
3,1,2,ムーヴ,牡6,58.0,三浦皇成,1:10.6,クビ,5.4,2.0,472(-6),[東] 池上昌和,202506030109
4,6,11,スタンリーテソーロ,牡4,58.0,丹内祐次,1:10.7,1/2,9.0,5.0,432(-6),[東] 稲垣幸雄,202506030109
5,6,12,ドンレパルス,牡6,58.0,江田照男,1:10.7,クビ,33.0,10.0,518(+2),[東] 高木登,202506030109
6,5,9,カンパニョーラ,牝6,56.0,吉田豊,1:10.7,アタマ,27.0,8.0,460(+2),[東] 伊坂重信,202506030109
7,2,4,キャンディドライヴ,牡6,58.0,野中悠太,1:11.0,1.1/2,151.0,15.0,500(+2),[東] 黒岩陽一,202506030109
8,1,1,セイカフォルゴーレ,牡6,58.0,横山琉人,1:11.3,1.3/4,105.9,12.0,518(+10),[東] 相沢郁,202506030109
9,3,5,オウバイトウリ,牝4,56.0,津村明秀,1:11.3,クビ,25.8,7.0,480(+2),[西] 武幸四郎,202506030109
10,8,15,ベンダバリラビア,牡5,58.0,松山弘平,1:11.4,1/2,30.6,9.0,544(-6),[西] 寺島良,202506030109
11,4,7,ルーフ,牝5,56.0,田辺裕信,1:11.5,1/2,106.8,13.0,482(0),[西] 清水久詞,202506030109
12,8,16,スクーバー,牡5,58.0,ルメール,1:11.6,1/2,8.0,4.0,512(+10),[東] 武藤善則,202506030109
13,4,8,ノーブルゲイル,牡4,58.0,長浜鴻緒,1:11.7,クビ,40.8,11.0,486(+4),[東] 中川公成,202506030109
14,7,13,キタノソワレ,牝4,56.0,木幡巧也,1:11.7,ハナ,23.8,6.0,474(+4),[東] 本間忍,202506030109
15,3,6,グリュースゴット,セ7,58.0,松岡正海,1:11.9,1.1/2,231.2,16.0,484(-6),[東] 松永康利,202506030109
16,2,3,ロードオブザチェコ,牡7,58.0,丸田恭介,1:12.4,2.1/2,141.8,14.0,502(-2),[東] 石栗龍彦,202506030109
1,8,11,ルクソールカフェ,牡3,58.0,モレイラ,1:52.1,,1.3,1.0,528(-6),[東] 堀宣行,202506030110
2,7,8,メイショウズイウン,牡3,57.0,吉田豊,1:53.0,5,13.6,4.0,484(-6),[西] 本田優,202506030110
3,1,1,ゴールデンクラウド,牡3,57.0,戸崎圭太,1:53.1,クビ,24.6,6.0,524(+8),[西] 小林真也,202506030110
4,2,2,ルヴァンユニベール,牡3,57.0,高倉稜,1:53.5,2.1/2,25.4,7.0,536(+10),[西] 北出成人,202506030110
5,6,7,シュラザック,牡3,57.0,古川吉洋,1:53.6,アタマ,108.6,9.0,488(+2),[西] 大根田裕,202506030110
6,6,6,イムホテプ,牡3,57.0,横山武史,1:53.8,1.1/2,5.3,2.0,480(-4),[東] 萩原清,202506030110
7,4,4,イサナ,牡3,57.0,松山弘平,1:53.9,1/2,21.3,5.0,516(+10),[西] 橋口慎介,202506030110
8,3,3,オタマジャクシ,牡3,57.0,木幡育也,1:54.4,3,57.8,8.0,472(-12),[東] 松永康利,202506030110
9,8,10,コシュデリ,牡3,57.0,三浦皇成,1:54.4,ハナ,124.4,10.0,486(-12),[西] 千田輝彦,202506030110
10,7,9,ベルベルコンパス,牡3,57.0,北村友一,1:54.7,1.1/2,10.7,3.0,542(-4),[西] 小栗実,202506030110
11,5,5,コスモコンフェルマ,牡3,57.0,丹内祐次,1:54.8,1/2,169.5,11.0,466(0),[東] 鈴木慎太,202506030110
1,5,8,マイネルエンペラー,牡5,57.0,丹内祐次,2:36.1,,7.4,2.0,488(+2),[西] 清水久詞,202506030111
2,4,6,チャックネイト,セ7,57.0,モレイラ,2:36.1,クビ,10.8,5.0,494(-4),[東] 堀宣行,202506030111
3,4,7,アーバンシック,牡4,58.0,ルメール,2:36.2,クビ,1.7,1.0,514(-2),[東] 武井亮,202506030111
4,8,15,リビアングラス,牡5,57.0,松山弘平,2:36.2,クビ,16.2,6.0,494(-6),[西] 矢作芳人,202506030111
5,6,11,マイネルクリソーラ,牡6,57.0,菅原明良,2:36.2,アタマ,133.3,13.0,464(+2),[東] 手塚貴久,202506030111
6,3,5,ヴェルミセル,牝5,55.0,津村明秀,2:36.3,1/2,37.3,8.0,458(-8),[西] 吉村圭司,202506030111
7,2,3,マイネルウィルトス,牡9,57.0,横山武史,2:36.4,クビ,57.3,10.0,484(-2),[西] 宮徹,202506030111
8,2,2,マテンロウレオ,牡6,57.0,横山典弘,2:36.5,1/2,7.6,3.0,478(-2),[西] 昆貢,202506030111
9,1,1,アラタ,牡8,57.0,大野拓弥,2:36.5,アタマ,108.1,12.0,482(-4),[東] 和田勇介,202506030111
10,5,9,ハヤヤッコ,牡9,58.0,吉田豊,2:36.5,ハナ,24.3,7.0,482(-10),[東] 国枝栄,202506030111
11,8,14,バビット,牡8,57.0,戸崎圭太,2:36.5,ハナ,53.0,9.0,472(-4),[西] 浜田多実,202506030111
12,7,13,シュヴァリエローズ,牡7,58.0,北村友一,2:36.6,クビ,9.4,4.0,466(+4),[西] 清水久詞,202506030111
13,7,12,ホウオウノーサイド,牡6,57.0,杉原誠人,2:36.8,1.1/4,404.0,15.0,486(+4),[東] 奥村武,202506030111
14,6,10,ブレイヴロッカー,牡5,57.0,石橋脩,2:36.8,ハナ,220.3,14.0,462(-2),[西] 本田優,202506030111
15,3,4,マキシ,牡5,57.0,三浦皇成,2:36.8,アタマ,63.1,11.0,500(-14),[西] 辻野泰之,202506030111
1,2,2,イデアイゴッソウ,牡4,58.0,横山典弘,1:51.7,,7.3,4.0,464(-2),[東] 小野次郎,202506030112
2,7,10,クラウンシエンタ,牡4,58.0,三浦皇成,1:52.7,6,13.5,5.0,494(-2),[東] 水野貴広,202506030112
3,5,6,ドバイブルース,牡4,58.0,ルメール,1:52.8,アタマ,2.3,1.0,508(-4),[東] 加藤征弘,202506030112
4,1,1,ブレイゼスト,牡5,58.0,木幡巧也,1:52.8,アタマ,21.8,8.0,520(-10),[東] 牧光二,202506030112
5,6,8,クーアフュルスト,牡4,58.0,モレイラ,1:52.9,1/2,5.7,3.0,468(+2),[東] 大和田成,202506030112
6,6,9,アオイミモザ,セ4,58.0,菅原明良,1:53.5,3.1/2,15.8,7.0,490(0),[東] 古賀慎明,202506030112
7,8,12,エクストラノート,セ8,58.0,原優介,1:53.6,1/2,130.7,12.0,486(0),[東] 加藤和宏,202506030112
8,8,13,ヴァナルガンド,牡5,58.0,戸崎圭太,1:53.6,ハナ,4.9,2.0,472(-2),[東] 稲垣幸雄,202506030112
9,5,7,オールマイデイズ,牡5,58.0,松山弘平,1:53.7,クビ,15.5,6.0,504(+4),[東] 木村哲也,202506030112
10,4,5,サイモンソーラン,牡6,55.0,長浜鴻緒,1:53.7,クビ,69.0,10.0,488(+4),[東] 勢司和浩,202506030112
11,3,3,デルマタモン,牡7,58.0,菊沢一樹,1:54.2,3,155.8,13.0,510(-2),[東] 勢司和浩,202506030112
12,4,4,メジャーデビュー,牝4,56.0,丹内祐次,1:54.8,3.1/2,42.8,9.0,440(-6),[東] 鈴木慎太,202506030112
13,7,11,コルサファターレ,牡5,58.0,石川裕紀,2:00.5,大,100.0,11.0,522(+16),[東] 中川公成,202506030112
1,2,3,コンティオ,牝3,55.0,横山和生,1:55.4,,2.5,1.0,460(+4),[東] 和田勇介,202506030201
2,1,1,アウフヴィント,牝3,55.0,武藤雅,1:56.3,5,12.1,5.0,520(+4),[東] 戸田博文,202506030201
3,4,7,ニシノフローレス,牝3,55.0,大野拓弥,1:56.5,1.1/4,13.3,6.0,484(+4),[東] 小手川準,202506030201
4,3,4,フローラルデザイン,牝3,55.0,北村宏司,1:56.9,2.1/2,39.3,9.0,448(-8),[東] 畠山吉宏,202506030201
5,4,6,ブルームワルツ,牝3,55.0,田辺裕信,1:57.0,1/2,10.4,4.0,420(-6),[東] 稲垣幸雄,202506030201
6,5,9,ハニードレス,牝3,55.0,木幡巧也,1:57.2,3/4,3.0,2.0,436(0),[東] 牧光二,202506030201
7,5,8,マジカルレインボー,牝3,52.0,長浜鴻緒,1:57.3,1/2,65.5,10.0,480(0),[東] 尾関知人,202506030201
8,6,10,ヴォーパルソード,牝3,52.0,遠藤汰月,1:57.3,ハナ,7.6,3.0,464(-2),[東] 武市康男,202506030201
9,8,15,カシマスウィープ,牝3,55.0,江田照男,1:57.3,クビ,142.6,11.0,494(0),[東] 伊藤伸一,202506030201
10,6,11,エスキモーギャル,牝3,55.0,原優介,1:57.4,クビ,143.5,12.0,522(-2),[東] 杉浦宏昭,202506030201
11,7,12,ビスケットマリー,牝3,52.0,石神深道,1:57.4,ハナ,213.2,13.0,422(-2),[東] 和田雄二,202506030201
12,3,5,ミルキーハニー,牝3,52.0,石田拓郎,1:57.6,1,25.4,7.0,484(-2),[東] 尾形和幸,202506030201
13,7,13,フィルトラージュ,牝3,55.0,菅原明良,1:58.9,8,32.6,8.0,474(0),[東] 小島茂之,202506030201
14,2,2,オーガスタフラッグ,牝3,55.0,柴田大知,2:01.6,大,236.6,14.0,500(-4),[東] 田中剛,202506030201
15,8,14,プレイアブルゲーム,牝3,55.0,丹内祐次,2:01.9,1.1/2,267.3,15.0,426(-8),[東] 小笠倫弘,202506030201
1,1,1,エコロカディス,牡3,54.0,石神深道,1:12.5,,5.1,3.0,450(0),[東] 森一誠,202506030202
2,4,7,タルトポワール,牝3,55.0,丹内祐次,1:12.7,1.1/4,29.0,7.0,438(+6),[東] 清水英克,202506030202
3,7,13,アルパインハット,牝3,55.0,大野拓弥,1:12.9,1.1/2,48.4,9.0,438(-8),[東] 上原博之,202506030202
4,3,6,アラスカフレイバー,牡3,57.0,戸崎圭太,1:13.0,クビ,2.0,1.0,510(-2),[東] 松永康利,202506030202
5,3,5,ガストフロント,牡3,57.0,武藤雅,1:13.1,1/2,17.7,5.0,448(-4),[東] 水野貴広,202506030202
6,5,9,グランシャット,牝3,55.0,菅原明良,1:13.1,ハナ,76.0,12.0,442(-12),[東] 宮田敬介,202506030202
7,6,12,ラナイ,牝3,52.0,水沼元輝,1:13.1,ハナ,46.7,8.0,444(-14),[東] 伊藤大士,202506030202
8,6,11,フクノジョヴァンニ,牝3,52.0,長浜鴻緒,1:13.1,クビ,24.2,6.0,426(-4),[東] 伊藤圭三,202506030202
9,7,14,エクストラチャージ,牝3,55.0,横山和生,1:13.7,3.1/2,4.8,2.0,474(-6),[東] 田村康仁,202506030202
10,2,3,ソラムパレード,牡3,54.0,舟山瑠泉,1:13.7,アタマ,366.2,14.0,476(-4),[東] 久保田貴,202506030202
11,1,2,ホワイトマジック,牡3,56.0,横山琉人,1:13.9,1.1/4,69.1,10.0,458(-6),[東] 田中剛,202506030202
12,8,16,ピコグリーン,牝3,55.0,木幡巧也,1:14.0,1/2,7.6,4.0,452(-6),[東] 牧光二,202506030202
13,2,4,セイムトゥーユー,牝3,55.0,菊沢一樹,1:14.2,1.1/4,149.5,13.0,474(+6),[東] 斎藤誠,202506030202
14,8,15,サスケエトワール,牡3,54.0,上里直汰,1:15.7,9,442.2,15.0,452(-2),[東] 加藤和宏,202506030202
15,4,8,コウユーウィズユー,牝3,55.0,木幡初也,1:16.3,4,72.9,11.0,442(-4),[東] 竹内正洋,202506030202
16,5,10,サマニタイショウ,牡3,57.0,岩部純二,1:16.7,2.1/2,515.6,16.0,474(-6),[東] 武市康男,202506030202
1,7,12,グレイスザクラウン,セ3,54.0,長浜鴻緒,1:54.6,,4.3,3.0,506(+4),[東] 上原博之,202506030203
2,6,10,ライフゲート,セ3,57.0,丹内祐次,1:54.7,3/4,4.5,4.0,502(-2),[東] 伊藤圭三,202506030203
3,6,9,ロードスカイブルー,牡3,57.0,横山和生,1:55.3,3.1/2,7.7,5.0,470(0),[東] 和田勇介,202506030203
4,2,2,キタノマーシャル,牝3,55.0,小林脩斗,1:55.8,3.1/2,275.5,13.0,500(-6),[東] 奥平雅士,202506030203
5,4,6,マンボルンバ,牡3,57.0,津村明秀,1:56.5,4,3.6,2.0,524(+2),[東] 加藤征弘,202506030203
6,3,3,ダブルイーグル,牡3,57.0,戸崎圭太,1:56.6,1/2,3.1,1.0,506(+2),[東] 国枝栄,202506030203
7,5,7,スムースオペレター,牡3,57.0,菊沢一樹,1:56.7,クビ,111.1,10.0,438(+4),[東] 岩戸孝樹,202506030203
8,8,13,ブルージャイアント,牡3,57.0,原優介,1:56.7,ハナ,80.2,8.0,544(0),[東] 蛯名正義,202506030203
9,8,14,マードラド,牡3,57.0,内田博幸,1:57.8,7,96.2,9.0,478(-4),[東] 鈴木慎太,202506030203
10,5,8,ミエノシリウス,牡3,57.0,江田照男,1:58.0,3/4,57.8,7.0,442(0),[東] 田中勝春,202506030203
11,3,4,フロムザワールド,牡3,54.0,水沼元輝,1:58.8,5,485.0,14.0,462(-6),[東] 佐藤吉勝,202506030203
12,7,11,モンサンプレシャス,牡3,57.0,木幡巧也,1:59.6,5,117.7,11.0,492(+4),[東] 牧光二,202506030203
13,1,1,ファストパスキー,牡3,56.0,横山琉人,1:59.9,2,49.9,6.0,456(0),[東] 田中剛,202506030203
14,4,5,シリウスライト,牡3,57.0,石橋脩,2:03.7,大,216.2,12.0,460(+6),[東] 和田正一,202506030203
1,8,16,ブレトワルダ,牡3,54.0,石田拓郎,1:54.8,,1.6,1.0,498(-2),[東] 新開幸一,202506030204
2,6,11,トキノカンピオーネ,牡3,57.0,原優介,1:56.0,7,5.9,2.0,496(+4),[東] 矢野英一,202506030204
3,6,12,ゴールドブリーダー,牡3,57.0,菊沢一樹,1:56.1,3/4,130.9,12.0,486(+10),[東] 千葉直人,202506030204
4,4,7,ナルサー,牡3,54.0,遠藤汰月,1:56.3,3/4,13.1,5.0,488(0),[東] 武市康男,202506030204
5,5,9,レヴァントリ,牡3,57.0,杉原誠人,1:56.4,3/4,124.6,11.0,478(+4),[東] 大和田成,202506030204
6,7,14,サーフギャラクシー,牡3,57.0,内田博幸,1:56.6,1,72.5,10.0,464(-6),[東] 松山将樹,202506030204
7,3,5,ユーウェイン,牡3,57.0,小林脩斗,1:56.7,1/2,302.0,14.0,440(0),[東] 高橋文雅,202506030204
8,5,10,ホウオウサンサール,牡3,57.0,菅原明良,1:56.8,3/4,6.4,3.0,508(0),[東] 高木登,202506030204
9,7,13,ダブルメッセージ,牡3,54.0,石神深道,1:56.9,クビ,31.0,7.0,478(-2),[東] 和田正一,202506030204
10,8,15,ブラーブデシジョン,牡3,57.0,木幡巧也,1:57.6,4,21.8,6.0,458(+2),[東] 牧光二,202506030204
11,2,4,ダウントゥアース,牡3,57.0,荻野琢真,1:58.0,2,429.7,16.0,484(+4),[東] 尾関知人,202506030204
12,2,3,リアライズオネスト,牡3,57.0,岩田望来,1:58.6,3.1/2,11.4,4.0,502(0),[東] 池上昌和,202506030204
13,1,2,カリヨンベル,牝3,55.0,柴田大知,1:58.6,ハナ,275.9,13.0,430(-2),[東] 萱野浩二,202506030204
14,1,1,ワカギミ,牡3,57.0,江田照男,1:58.8,1.1/4,337.1,15.0,448(-2),[東] 佐藤吉勝,202506030204
15,4,8,パーシーテソーロ,牡3,57.0,丹内祐次,2:01.0,大,47.9,8.0,494(0),[東] 栗田徹,202506030204
16,3,6,ジェイルブレイク,牡3,54.0,長浜鴻緒,2:01.1,1/2,54.1,9.0,456(+4),[東] 蛯名利弘,202506030204
1,3,6,ニヴルヘイム,牡3,57.0,戸崎圭太,2:14.6,,2.9,1.0,448(-2),[東] 栗田徹,202506030205
2,6,11,コスモアチーブ,牡3,57.0,丹内祐次,2:15.1,3.1/2,6.1,3.0,472(-4),[東] 相沢郁,202506030205
3,2,3,プルミエソルティ,牡3,57.0,津村明秀,2:15.2,1/2,9.3,5.0,474(+2),[東] 斎藤誠,202506030205
4,7,15,ムーンストラック,牝3,55.0,江田照男,2:15.6,2,20.5,6.0,452(-2),[東] 武市康男,202506030205
5,7,13,パルピタシオン,牝3,55.0,田辺裕信,2:15.8,1.1/2,129.1,12.0,420(-8),[東] 天間昭一,202506030205
6,4,7,ブランフォルテ,牡3,57.0,大野拓弥,2:15.9,アタマ,229.8,14.0,478(0),[東] 辻哲英,202506030205
7,6,12,スティーヴバローズ,牡3,57.0,横山和生,2:15.9,ハナ,8.4,4.0,480(-2),[東] 上原佑紀,202506030205
8,8,16,エオアリイ,牡3,54.0,舟山瑠泉,2:15.9,ハナ,25.6,7.0,464(-8),[東] 田中博康,202506030205
9,1,1,ブレイクバウンズ,牡3,57.0,伊藤工真,2:16.0,1/2,260.3,15.0,484(+6),[東] 林徹,202506030205
10,5,10,テンミラージュ,牝3,52.0,長浜鴻緒,2:16.1,3/4,85.1,11.0,440(+4),[東] 深山雅史,202506030205
11,5,9,クラレット,牡3,57.0,北村宏司,2:16.2,1/2,47.5,10.0,496(+4),[東] 古賀慎明,202506030205
12,4,8,ドゥマーヴェリック,牡3,57.0,菅原明良,2:16.5,1.3/4,25.8,8.0,468(-4),[東] 萩原清,202506030205
13,7,14,ワスカル,牡3,57.0,岩田望来,2:16.6,1/2,3.2,2.0,516(0),[東] 森一誠,202506030205
14,1,2,グレイトレッグ,牡3,57.0,菊沢一樹,2:16.9,2,145.9,13.0,442(-4),[東] 菊沢隆徳,202506030205
15,8,18,エバーグリーン,牡3,57.0,原優介,2:17.1,1,423.1,17.0,438(-10),[東] 青木孝文,202506030205
16,3,5,アップリンク,牝3,55.0,野中悠太,2:17.4,1.3/4,280.6,16.0,434(0),[東] 和田勇介,202506030205
17,8,17,グランカッサ,牝3,55.0,石川裕紀,2:17.7,1.3/4,43.7,9.0,498(-4),[東] 加藤士津,202506030205
18,2,4,エレレラナキラ,牡3,57.0,木幡巧也,2:18.6,5,562.9,18.0,444(+2),[東] 牧光二,202506030205
1,4,7,ヤマメキング,牡3,57.0,岩田望来,1:11.2,,10.8,5.0,496(0),[東] 田島俊明,202506030206
2,8,16,スリーピース,牡3,57.0,三浦皇成,1:11.3,1/2,13.7,6.0,478(+2),[東] 武井亮,202506030206
3,2,3,トニケンサンバ,牡3,57.0,菅原明良,1:11.6,2,4.9,3.0,502(-10),[東] 西田雄一,202506030206
4,1,2,ルシード,牡3,57.0,野中悠太,1:11.7,アタマ,45.8,10.0,506(+4),[東] 田島俊明,202506030206
5,7,14,タッカージーティー,牝3,55.0,津村明秀,1:12.0,2,3.8,1.0,480(+2),[東] 鈴木伸尋,202506030206
6,1,1,クニノハッピー,牡3,57.0,大野拓弥,1:12.1,3/4,24.0,9.0,474(+6),[東] 田中剛,202506030206
7,7,13,サヨノジャンボリー,牡3,57.0,内田博幸,1:12.2,クビ,21.7,8.0,484(+2),[東] 小笠倫弘,202506030206
8,3,5,ヨリノレジェンド,牡3,57.0,横山和生,1:12.2,クビ,18.7,7.0,456(-4),[西] 奥村豊,202506030206
9,5,9,エベリンテソーロ,牝3,52.0,長浜鴻緒,1:12.3,クビ,57.3,11.0,468(-2),[東] 加藤士津,202506030206
10,5,10,ワンダーリズム,牡3,54.0,石田拓郎,1:12.4,1/2,194.1,14.0,518(+4),[西] 高柳大輔,202506030206
11,8,15,エルオレンス,牡3,57.0,横山典弘,1:12.4,ハナ,73.7,12.0,480(0),[東] 深山雅史,202506030206
12,3,6,アルデショワ,牝3,52.0,舟山瑠泉,1:12.6,1.1/4,6.0,4.0,450(+2),[東] 田中博康,202506030206
13,4,8,ニシノタンギー,牡3,57.0,武藤雅,1:12.7,クビ,472.2,16.0,466(+2),[東] 水野貴広,202506030206
14,6,11,ポップグルーヴ,牝3,52.0,佐藤翔馬,1:12.7,ハナ,252.8,15.0,396(-6),[東] 小手川準,202506030206
15,2,4,ペイシャマリーン,牝3,55.0,丹内祐次,1:12.8,1/2,4.1,2.0,452(-6),[東] 菊川正達,202506030206
16,6,12,サノノアメリカン,牡3,57.0,田辺裕信,1:13.1,1.3/4,79.3,13.0,462(+8),[東] 中舘英二,202506030206
1,8,16,タナサンブラック,牡5,58.0,菊沢一樹,1:53.6,,14.2,7.0,508(-4),[東] 伊坂重信,202506030207
2,1,2,オウケンシルヴァー,牡4,58.0,木幡育也,1:53.7,3/4,3.1,1.0,498(+2),[東] 松永康利,202506030207
3,7,14,ウインイメル,牡4,58.0,黛弘人,1:53.7,ハナ,5.1,3.0,490(-4),[東] 深山雅史,202506030207
4,4,8,マッスルバック,牡4,58.0,武藤雅,1:54.6,5,14.1,6.0,474(-2),[東] 水野貴広,202506030207
5,2,3,ヒットアンドロール,牡4,55.0,石田拓郎,1:54.7,1/2,182.8,11.0,444(-2),[東] 田中勝春,202506030207
6,6,11,ロードインフェルノ,牡4,55.0,長浜鴻緒,1:55.0,1.3/4,16.3,8.0,486(+2),[東] 尾形和幸,202506030207
7,4,7,マンダリンボレロ,牡5,55.0,遠藤汰月,1:55.0,クビ,14.1,5.0,514(+2),[東] 伊藤伸一,202506030207
8,5,9,ヴァンナチュール,牡5,58.0,杉原誠人,1:55.2,1.1/4,191.9,12.0,480(+2),[東] 林徹,202506030207
9,7,13,ソニックライン,セ4,58.0,戸崎圭太,1:55.5,1.1/2,6.7,4.0,494(-8),[東] 浅利英明,202506030207
10,8,15,サクセスパルス,牡5,58.0,原優介,1:55.7,1.1/4,48.2,9.0,462(-2),[東] 高柳瑞樹,202506030207
11,2,4,キャストロペペ,牡4,58.0,三浦皇成,1:56.1,2.1/2,3.9,2.0,470(-2),[東] 堀内岳志,202506030207
12,5,10,パーセルペーパー,牡4,58.0,柴田大知,1:56.5,2.1/2,215.8,13.0,446(0),[東] 和田雄二,202506030207
13,1,1,ダイタジャスティス,牡4,55.0,上里直汰,1:56.6,1/2,367.6,15.0,502(0),[東] 小野次郎,202506030207
14,6,12,メンドロントット,牡4,58.0,木幡巧也,1:57.5,5,350.8,14.0,560(+2),[東] 杉浦宏昭,202506030207
15,3,5,ウヌボレヤサン,牡4,58.0,石川裕紀,1:57.7,1,69.7,10.0,430(+10),[東] 本間忍,202506030207
16,3,6,チャコワールド,牡6,58.0,野中悠太,1:59.0,8,551.0,16.0,464(+2),[東] 根本康広,202506030207
1,8,15,セキテイオー,牡6,58.0,江田照男,1:12.3,,67.1,12.0,480(0),[東] 田中剛,202506030208
2,3,6,タイセイピューマ,牡4,58.0,大野拓弥,1:12.3,ハナ,7.6,5.0,482(-4),[東] 新開幸一,202506030208
3,2,3,スプランドゥール,牡4,58.0,柴田大知,1:12.6,1.3/4,20.9,8.0,466(0),[東] 和田雄二,202506030208
4,6,11,スマートオリーブ,牝6,55.0,横山琉人,1:12.8,1.1/2,5.2,3.0,500(0),[東] 蛯名利弘,202506030208
5,1,2,アツキヤマト,牡4,58.0,小林凌大,1:12.8,アタマ,50.1,11.0,510(-2),[東] 小西一男,202506030208
6,4,8,ゴールデンシーカー,牡6,58.0,野中悠太,1:12.9,1/2,14.6,7.0,494(-4),[東] 天間昭一,202506030208
7,1,1,キミハスコール,牡4,58.0,丹内祐次,1:13.0,アタマ,28.7,9.0,466(-4),[東] 加藤征弘,202506030208
8,3,5,クインズポラリス,牝4,53.0,長浜鴻緒,1:13.0,クビ,6.2,4.0,488(-2),[東] 上原博之,202506030208
9,5,10,キボウノホシ,セ6,58.0,菅原明良,1:13.1,クビ,4.2,1.0,494(-10),[東] 奥平雅士,202506030208
10,8,16,ゲキザル,牡6,58.0,原優介,1:13.1,1/2,4.6,2.0,482(+6),[東] 青木孝文,202506030208
11,6,12,サンマルブーケ,牝4,53.0,水沼元輝,1:13.1,ハナ,258.1,16.0,486(+2),[東] 中川公成,202506030208
12,7,13,サンロレンツォ,牝4,56.0,三浦皇成,1:13.2,1/2,47.2,10.0,484(-4),[東] 武藤善則,202506030208
13,4,7,モズマサニャン,牡4,58.0,西村太一,1:13.3,クビ,86.6,13.0,452(-3),[東] 加藤征弘,202506030208
14,2,4,ホイッスルソング,牝5,56.0,内田博幸,1:13.3,ハナ,137.7,15.0,482(+4),[東] 黒岩陽一,202506030208
15,7,14,サンリコリス,牝4,56.0,岩部純二,1:13.3,ハナ,12.6,6.0,444(-6),[東] 萱野浩二,202506030208
16,5,9,カルフ,セ4,58.0,杉原誠人,1:13.5,1.1/4,121.1,14.0,468(-2),[東] 大和田成,202506030208
1,5,5,カネラフィーナ,牝3,55.0,石川裕紀,2:01.3,,9.4,4.0,460(-4),[東] 手塚貴久,202506030209
2,7,7,クライスレリアーナ,牝3,55.0,戸崎圭太,2:01.6,1.1/2,1.7,1.0,452(+12),[東] 木村哲也,202506030209
3,4,4,オデット,牝3,55.0,岩田望来,2:01.9,2,51.4,7.0,442(-4),[西] 緒方努,202506030209
4,6,6,カリーン,牝3,55.0,丹内祐次,2:02.0,クビ,16.0,5.0,462(-6),[東] 蛯名正義,202506030209
5,2,2,ショウナンサムデイ,牝3,55.0,横山和生,2:02.4,2.1/2,3.2,2.0,428(+2),[東] 奥村武,202506030209
6,1,1,カポレイラ,牝3,55.0,津村明秀,2:02.7,1.1/2,49.2,6.0,442(-6),[東] 中舘英二,202506030209
7,3,3,ニシノエピカリ,牝3,55.0,田辺裕信,2:02.8,1/2,6.7,3.0,408(+2),[東] 手塚貴久,202506030209
1,2,4,ジョーメッドヴィン,牡4,56.0,横山和生,1:09.0,,5.7,2.0,510(-8),[西] 清水久詞,202506030210
2,1,2,イサチルシーサイド,牡4,56.0,木幡初也,1:09.0,クビ,10.6,6.0,480(-4),[東] 竹内正洋,202506030210
3,4,8,オメガキャプテン,牡5,56.0,戸崎圭太,1:09.3,1.3/4,13.9,7.0,472(-8),[東] 大和田成,202506030210
4,1,1,アララララ,牡4,55.0,三浦皇成,1:09.3,クビ,9.8,5.0,448(0),[東] 清水英克,202506030210
5,3,5,レオテミス,牝4,55.0,石田拓郎,1:09.4,クビ,3.0,1.0,500(+4),[西] 高柳大輔,202506030210
6,8,16,ハピネスアゲン,牝6,53.0,原優介,1:09.4,アタマ,54.9,15.0,462(+4),[東] 萱野浩二,202506030210
7,2,3,コスモアディラート,牡7,54.0,津村明秀,1:09.4,アタマ,32.3,10.0,510(-2),[東] 和田正一,202506030210
8,8,15,シュヴェルトライテ,牝6,54.0,杉原誠人,1:09.5,クビ,34.3,11.0,444(-2),[東] 池上昌和,202506030210
9,7,13,ランドオブラヴ,牝5,53.0,丹内祐次,1:09.5,アタマ,9.6,4.0,430(0),[東] 蛯名正義,202506030210
10,6,11,オードゥメール,牝6,54.0,菅原明良,1:09.6,1/2,34.9,12.0,494(0),[東] 斎藤誠,202506030210
11,4,7,ドーバーホーク,牡5,56.0,岩田望来,1:09.6,クビ,41.4,13.0,482(0),[東] 清水英克,202506030210
12,5,10,マキアージュ,牝6,53.0,小林美駒,1:09.8,1.1/4,19.7,8.0,460(+2),[東] 菊川正達,202506030210
13,3,6,エコロレジーナ,牝5,55.0,菊沢一樹,1:09.8,アタマ,20.9,9.0,502(-6),[東] 菊沢隆徳,202506030210
14,5,9,トーアアイギス,牝4,52.0,江田照男,1:09.9,1/2,51.9,14.0,478(-2),[東] 村田一誠,202506030210
15,7,14,ショウナンマッハ,セ6,54.0,石橋脩,1:10.1,1.1/4,202.9,16.0,500(+6),[西] 茶木太樹,202506030210
16,6,12,スピードオブライト,牝5,55.0,石川裕紀,1:10.4,1.3/4,8.1,3.0,420(0),[東] 相沢郁,202506030210
1,7,12,ブライアンセンス,牡5,57.5,岩田望来,1:51.5,,4.6,2.0,514(-6),[東] 斎藤誠,202506030211
2,8,14,マテンロウスカイ,セ6,59.0,横山典弘,1:51.6,クビ,35.3,9.0,480(-2),[西] 松永幹夫,202506030211
3,1,1,ロードクロンヌ,牡4,57.0,藤岡佑介,1:51.6,クビ,2.6,1.0,480(-2),[西] 四位洋文,202506030211
4,3,4,ブレイクフォース,牡6,57.5,菅原明良,1:51.8,1,36.8,11.0,492(-10),[東] 中舘英二,202506030211
5,3,5,ホウオウルーレット,牡6,57.0,田辺裕信,1:52.0,1.1/4,16.2,6.0,500(+6),[東] 栗田徹,202506030211
6,4,6,ハビレ,牡4,57.0,三浦皇成,1:52.1,1/2,8.8,4.0,506(-4),[東] 武井亮,202506030211
7,4,7,ミッキーヌチバナ,牡7,58.0,丹内祐次,1:52.3,1.1/2,13.2,5.0,518(-4),[西] 高橋亮,202506030211
8,6,11,ダノンスコーピオン,牡6,59.0,大野拓弥,1:52.4,クビ,72.9,13.0,462(-4),[西] 福永祐一,202506030211
9,8,15,ペイシャエス,牡6,59.0,横山和生,1:52.4,クビ,5.8,3.0,500(-3),[東] 小西一男,202506030211
10,5,9,ヴァンヤール,牡7,58.0,石川裕紀,1:52.7,1.1/2,36.0,10.0,532(+2),[西] 庄野靖志,202506030211
11,7,13,ピュアキアン,牡4,55.0,吉田豊,1:53.0,2,18.2,7.0,510(-2),[東] 竹内正洋,202506030211
12,5,8,ストライク,牡5,55.0,石橋脩,1:53.4,2,54.3,12.0,500(+2),[東] 加藤士津,202506030211
13,2,2,キタノリューオー,牡7,57.0,原優介,1:53.4,ハナ,128.9,14.0,474(0),[東] 萱野浩二,202506030211
14,2,3,スレイマン,牡7,57.5,戸崎圭太,1:53.4,クビ,19.4,8.0,542(-6),[西] 池添学,202506030211
15,6,10,コパノニコルソン,牡6,55.0,内田博幸,1:53.8,2,289.7,15.0,536(0),[西] 宮徹,202506030211
1,5,7,パクスロマーナ,牝5,56.0,杉原誠人,1:08.7,,16.0,7.0,428(-12),[西] 加藤公太,202506030212
2,3,3,カリーシ,牝4,56.0,菅原明良,1:08.9,1.1/4,2.2,1.0,456(-2),[東] 武井亮,202506030212
3,4,5,ヴァンヴィーヴ,牡4,58.0,北村宏司,1:09.1,1.1/2,5.6,2.0,506(-4),[西] 牧浦充徳,202506030212
4,1,1,スーパーマン,牡5,55.0,長浜鴻緒,1:09.2,3/4,6.7,3.0,490(-10),[東] 岩戸孝樹,202506030212
5,5,6,マイネルラッシュ,牡5,58.0,津村明秀,1:09.4,1,9.0,4.0,468(+4),[東] 水野貴広,202506030212
6,4,4,エチャケナ,牝4,56.0,伊藤工真,1:09.5,1,52.8,11.0,438(-6),[東] 金成貴史,202506030212
7,7,10,ピンクセイラー,牝6,56.0,横山和生,1:09.6,クビ,9.5,5.0,456(-18),[東] 小笠倫弘,202506030212
8,8,13,アンビバレント,牡5,58.0,三浦皇成,1:09.6,クビ,11.2,6.0,472(0),[西] 藤野健太,202506030212
9,6,9,ジャガード,牡7,58.0,吉田豊,1:09.7,1/2,106.6,13.0,420(+4),[東] 和田雄二,202506030212
10,8,12,ロゼクラン,牝7,56.0,荻野琢真,1:09.7,アタマ,52.2,10.0,448(-6),[西] 秋山真一,202506030212
11,7,11,ダークンストーミー,牡5,58.0,江田照男,1:09.8,1/2,40.1,9.0,446(-6),[東] 小笠倫弘,202506030212
12,2,2,トリップトゥムーン,牡6,57.0,横山琉人,1:09.8,クビ,61.0,12.0,464(+2),[東] 粕谷昌央,202506030212
13,6,8,トーセントラム,牡5,58.0,丹内祐次,1:09.9,クビ,30.0,8.0,442(-2),[東] 佐藤吉勝,202506030212
1,2,2,ネクストダンサー,牝3,55.0,松山弘平,1:54.8,,5.6,4.0,472(0),[東] 伊藤圭三,202506030301
2,6,10,クインズエクレア,牝3,55.0,横山武史,1:55.3,3,8.4,5.0,476(-6),[東] 加藤征弘,202506030301
3,6,11,リックメイン,牝3,51.0,小林美駒,1:55.3,アタマ,3.1,1.0,442(-8),[東] 武井亮,202506030301
4,7,12,トーアナカヨシ,牝3,55.0,菊沢一樹,1:55.5,3/4,12.3,6.0,458(+4),[東] 勢司和浩,202506030301
5,1,1,ミスブランニュデイ,牝3,55.0,野中悠太,1:55.7,1.1/4,51.4,9.0,452(-10),[東] 菊川正達,202506030301
6,2,3,ルージュメアート,牝3,55.0,吉田豊,1:55.7,クビ,5.4,3.0,516(-10),[東] 高柳瑞樹,202506030301
7,4,7,ミライヘノハナ,牝3,55.0,丹内祐次,1:55.9,3/4,5.0,2.0,444(+2),[東] 伊藤大士,202506030301
8,3,4,アイスリーディング,牝3,52.0,石田拓郎,1:56.0,1/2,17.6,7.0,434(+6),[東] 小笠倫弘,202506030301
9,5,8,スナドケイ,牝3,55.0,中井裕二,1:56.3,2,207.2,13.0,480(+8),[東] 尾形和幸,202506030301
10,8,15,スーパーキティ,牝3,55.0,江田照男,1:56.8,3,61.5,10.0,496(0),[東] 菊川正達,202506030301
11,7,13,サツキレジーナ,牝3,55.0,丸田恭介,1:57.3,3,19.5,8.0,414(-1),[東] 石栗龍彦,202506030301
12,4,6,シャンドネージュ,牝3,55.0,伊藤工真,1:58.6,8,178.3,12.0,502(-12),[東] 青木孝文,202506030301
13,3,5,タマモミンミ,牝3,55.0,黛弘人,2:00.0,9,249.0,14.0,400(0),[東] 村田一誠,202506030301
14,8,14,ローレン,牝3,52.0,長浜鴻緒,2:01.8,大,85.1,11.0,448(-2),[東] 上原博之,202506030301
15,5,9,ウィズマイマミー,牝3,52.0,舟山瑠泉,2:04.5,大,460.4,15.0,424(-6),[東] 田村康仁,202506030301
1,7,13,エリカマユーリ,牝3,55.0,モレイラ,1:11.5,,1.1,1.0,462(+2),[東] 堀宣行,202506030302
2,8,15,レイアポポ,牝3,55.0,原優介,1:12.1,3.1/2,11.4,2.0,472(-14),[東] 青木孝文,202506030302
3,3,6,ヒタムキ,牝3,54.0,横山琉人,1:12.4,2,68.1,6.0,444(+10),[東] 鈴木慎太,202506030302
4,1,1,ビレッジルミエール,牝3,52.0,佐藤翔馬,1:12.6,1.1/2,30.9,4.0,442(-6),[東] 伊藤圭三,202506030302
5,4,7,シンフォニーシーズ,牝3,55.0,丹内祐次,1:12.7,1/2,25.3,3.0,446(-4),[東] 清水英克,202506030302
6,2,3,レジョンデロル,牡3,57.0,西村太一,1:12.8,クビ,70.8,7.0,418(-2),[東] 加藤征弘,202506030302
7,6,11,マニーシーン,牝3,55.0,菅原隆一,1:12.9,1/2,126.7,9.0,466(0),[東] 小手川準,202506030302
8,8,16,シルバードン,牡3,57.0,木幡巧也,1:12.9,ハナ,72.5,8.0,478(0),[東] 牧光二,202506030302
9,1,2,アイファーシャドー,牡3,54.0,長浜鴻緒,1:13.1,1.1/2,248.2,11.0,444(-3),[東] 根本康広,202506030302
10,5,10,ヘビーキュー,牡3,57.0,内田博幸,1:13.2,3/4,32.6,5.0,572(-6),[東] 矢嶋大樹,202506030302
11,6,12,ケイツーペニー,牝3,52.0,遠藤汰月,1:13.3,1/2,279.1,12.0,432(0),[東] 蛯名利弘,202506030302
12,3,5,シャインシュシュ,牝3,52.0,上里直汰,1:13.3,クビ,194.5,10.0,482(0),[東] 小野次郎,202506030302
13,2,4,イデアニポーテ,牡3,57.0,黛弘人,1:13.5,1,395.1,14.0,446(-4),[東] 矢嶋大樹,202506030302
14,7,14,カスミヅキ,牡3,57.0,柴田大知,1:14.1,3.1/2,456.6,15.0,442(0),[東] 和田雄二,202506030302
15,4,8,アルバーチョ,牝3,52.0,石神深道,1:14.4,1.1/2,388.5,13.0,450(0),[東] 柄崎将寿,202506030302
16,5,9,キャプティバ,牡3,57.0,小林脩斗,1:14.4,クビ,493.3,16.0,496(+4),[東] 佐藤吉勝,202506030302
1,8,11,ロードフロリゼル,牡3,57.0,丹内祐次,1:53.8,,8.4,5.0,462(-2),[東] 稲垣幸雄,202506030303
2,5,5,オキョンピー,牡3,57.0,横山武史,1:53.9,1/2,2.5,1.0,436(-6),[東] 高柳瑞樹,202506030303
3,5,6,ルクスエクレール,牡3,57.0,杉原誠人,1:54.1,1,5.2,3.0,426(0),[東] 大和田成,202506030303
4,3,3,ネイチャーズロウ,牡3,57.0,シュタル,1:54.2,3/4,7.6,4.0,488(-12),[東] 大竹正博,202506030303
5,2,2,ブラザービート,牡3,57.0,内田博幸,1:54.6,2,2.9,2.0,528(-2),[東] 奥村武,202506030303
6,7,10,カワキタホクレア,牝3,55.0,斎藤新,1:55.3,4,285.7,11.0,450(-2),[東] 伊坂重信,202506030303
7,7,9,ブラックレッド,牡3,57.0,原田和真,1:55.7,2,171.7,10.0,474(-8),[東] 松山将樹,202506030303
8,6,8,レジェンダイズ,セ3,57.0,原優介,1:56.4,4,112.5,8.0,440(-12),[東] 黒岩陽一,202506030303
9,6,7,コッチャン,牡3,57.0,木幡初也,1:57.4,6,26.6,6.0,482(0),[東] 武市康男,202506030303
10,1,1,アステルリヴェール,牡3,57.0,横山和生,1:57.5,1/2,128.6,9.0,432(-2),[東] 嘉藤貴行,202506030303
11,4,4,ダブルドラゴン,牡3,57.0,丸田恭介,1:58.1,4,70.4,7.0,508(0),[東] 伊藤大士,202506030303
12,8,12,パトリオティズム,牝3,55.0,柴田大知,1:58.6,2.1/2,395.3,12.0,422(+4),[東] 南田美知,202506030303
1,7,11,ウイングランブルー,牡5,60.0,大江原圭,3:16.2,,11.7,7.0,468(-4),[東] 深山雅史,202506030304
2,3,3,ホウオウエクレール,牡8,60.0,小牧加矢,3:16.6,2.1/2,3.4,1.0,500(-6),[西] 宮徹,202506030304
3,8,14,ナムラドーギー,牡4,59.0,五十嵐雄,3:17.0,2.1/2,10.5,6.0,454(0),[東] 石栗龍彦,202506030304
4,8,13,グランナヴィール,牡4,59.0,上野翔,3:17.1,1/2,4.0,2.0,550(+2),[東] 堀内岳志,202506030304
5,5,8,イグニス,牡4,59.0,石神深一,3:17.4,1.3/4,161.3,13.0,454(-2),[東] 久保田貴,202506030304
6,6,9,ゴールデンルーキー,牡4,59.0,草野太郎,3:18.9,9,55.8,9.0,470(-4),[東] 粕谷昌央,202506030304
7,4,5,オステリア,牡6,60.0,高田潤,3:18.9,アタマ,10.3,5.0,512(0),[西] 宮本博,202506030304
8,7,12,サラフィエル,セ6,60.0,伴啓太,3:19.1,1.1/4,4.7,3.0,446(-8),[東] 鈴木慎太,202506030304
9,4,6,ボルタドマール,セ6,60.0,小野寺祐,3:21.1,大,105.7,11.0,514(-6),[東] 黒岩陽一,202506030304
10,5,7,メイショウジブリ,牡6,60.0,森一馬,3:21.5,2.1/2,6.7,4.0,494(-6),[西] 角田晃一,202506030304
11,3,4,インヴァリアンス,セ7,60.0,金子光希,3:26.6,大,44.4,8.0,486(+6),[東] 尾関知人,202506030304
12,6,10,ロードジャスティス,牡6,60.0,難波剛健,3:27.2,4,96.4,10.0,494(+18),[西] 小椋研介,202506030304
13,1,1,ジーティージン,牡4,57.0,水沼元輝,3:29.1,大,264.0,14.0,490(+10),[東] 石栗龍彦,202506030304
14,2,2,アンカリング,牝5,57.0,土田真翔,3:29.9,5,129.1,12.0,478(+26),[東] 土田稔,202506030304
1,7,14,ヤマニンエイドロン,牡3,57.0,大野拓弥,2:00.8,,3.4,2.0,462(-4),[東] 辻哲英,202506030305
2,3,5,ジェイエルマスター,牡3,57.0,横山和生,2:01.2,2,7.2,4.0,470(-2),[東] 小西一男,202506030305
3,1,2,アローグレイシャー,牡3,57.0,モレイラ,2:01.2,ハナ,2.0,1.0,512(-12),[東] 林徹,202506030305
4,2,4,ポッポノフェスタ,牡3,57.0,西村太一,2:01.5,2,28.6,6.0,456(-14),[東] 堀内岳志,202506030305
5,6,11,キタノアンシェル,牝3,55.0,丸田恭介,2:02.0,3,215.6,12.0,418(-6),[東] 蛯名利弘,202506030305
6,1,1,シュネルケーニヒ,牡3,57.0,松山弘平,2:02.0,アタマ,6.4,3.0,526(0),[東] 手塚貴久,202506030305
7,5,10,エットトゥカム,牡3,57.0,黛弘人,2:02.0,1/2,468.4,16.0,400(-6),[東] 深山雅史,202506030305
8,2,3,ピティロディア,牡3,57.0,内田博幸,2:02.0,ハナ,85.6,8.0,454(+2),[東] 西田雄一,202506030305
9,8,17,ピュイダムール,牝3,55.0,北村宏司,2:02.2,3/4,172.1,10.0,490(0),[東] 黒岩陽一,202506030305
10,6,12,ナインダーツ,牡3,57.0,小林脩斗,2:02.2,ハナ,525.2,17.0,442(-2),[東] 奥平雅士,202506030305
11,7,13,ホウオウヌーヴォー,牝3,55.0,吉田豊,2:02.3,1,17.9,5.0,486(+26),[東] 田島俊明,202506030305
12,8,18,バットスティンガー,牡3,57.0,杉原誠人,2:02.3,ハナ,31.5,7.0,462(-4),[東] 嘉藤貴行,202506030305
13,7,15,アイスフィールド,牡3,54.0,水沼元輝,2:02.4,クビ,614.3,18.0,452(-4),[東] 西田雄一,202506030305
14,4,8,ボーマン,牡3,57.0,木幡巧也,2:02.7,2,367.4,14.0,534(+4),[東] 牧光二,202506030305
15,8,16,コスモグッドラック,牡3,57.0,柴田大知,2:03.0,1.1/2,163.9,9.0,508(+12),[東] 松永康利,202506030305
16,5,9,ノロシ,牡3,57.0,菊沢一樹,2:03.4,2.1/2,226.3,13.0,492(+10),[東] 高木登,202506030305
17,4,7,サクラコーラル,牡3,57.0,津村明秀,2:03.4,ハナ,201.1,11.0,466(+14),[東] 尾関知人,202506030305
18,3,6,リュトン,牡3,57.0,原優介,2:04.1,4,430.5,15.0,462(-6),[東] 蛯名正義,202506030305
1,6,12,アシャカトベ,牡3,57.0,横山武史,1:11.4,,1.7,1.0,520(0),[東] 小笠倫弘,202506030306
2,8,16,ハーモニーソング,牝3,55.0,武藤雅,1:11.5,1/2,5.2,2.0,452(-14),[東] 田島俊明,202506030306
3,7,13,チケットトゥヘブン,牡3,56.0,横山琉人,1:11.8,1.3/4,16.2,6.0,460(-4),[東] 相沢郁,202506030306
4,8,15,ゴールドシャーク,牝3,55.0,大野拓弥,1:12.3,3,125.9,11.0,468(+8),[東] 水野貴広,202506030306
5,7,14,アンダーザライト,牡3,57.0,丸山元気,1:12.3,クビ,7.1,3.0,520(-4),[東] 宮田敬介,202506030306
6,2,4,リネンプリンセス,牝3,52.0,佐藤翔馬,1:12.5,3/4,16.5,7.0,452(-4),[東] 南田美知,202506030306
7,1,1,イサチルオアシス,牝3,55.0,木幡初也,1:12.6,1/2,261.5,14.0,434(+6),[東] 竹内正洋,202506030306
8,2,3,キャンディリボン,牝3,55.0,丹内祐次,1:12.8,1.1/4,186.1,12.0,454(+2),[東] 清水英克,202506030306
9,5,9,ウィノウザウェイ,牝3,52.0,石神深道,1:13.2,2.1/2,291.7,15.0,486(-6),[東] 土田稔,202506030306
10,3,5,イグニススピリタス,牝3,55.0,柴田大知,1:13.4,1.1/4,13.5,5.0,480(0),[東] 田中剛,202506030306
11,5,10,ヘヴンリーゴール,牡3,57.0,松岡正海,1:13.5,クビ,11.2,4.0,460(-6),[東] 戸田博文,202506030306
12,3,6,グロリアスアスペン,牝3,55.0,江田照男,1:14.3,5,114.3,10.0,434(-6),[東] 村田一誠,202506030306
13,4,7,マイラブユキチャン,牡3,57.0,菊沢一樹,1:14.4,クビ,105.6,9.0,472(0),[東] 小野次郎,202506030306
14,6,11,アイファーリーオー,牡3,54.0,長浜鴻緒,1:14.7,2,329.0,16.0,438(-2),[東] 根本康広,202506030306
15,1,2,ブルームソング,牝3,55.0,吉田豊,1:15.1,2,86.0,8.0,516(0),[東] 高橋文雅,202506030306
16,4,8,アオイフォトグラフ,牝3,52.0,水沼元輝,1:15.2,3/4,241.5,13.0,502(0),[東] 加藤和宏,202506030306
1,4,4,スペイドアン,牡4,55.0,上里直汰,1:53.9,,2.4,1.0,494(0),[東] 加藤士津,202506030307
2,8,11,デスティノ,牡5,58.0,丹内祐次,1:54.2,1.3/4,3.2,2.0,550(+4),[東] 矢野英一,202506030307
3,5,5,マリンバンカー,牡4,58.0,岩部純二,1:54.2,アタマ,25.3,9.0,504(+10),[東] 南田美知,202506030307
4,7,8,ウッドショック,牡6,58.0,松山弘平,1:54.5,1.1/2,19.2,6.0,518(0),[東] 杉浦宏昭,202506030307
5,6,6,ゲキザル,牡6,58.0,原優介,1:54.6,3/4,10.4,5.0,480(-2),[東] 青木孝文,202506030307
6,6,7,カーマンライン,牡4,57.0,横山琉人,1:54.7,3/4,9.3,4.0,502(-4),[東] 小島茂之,202506030307
7,1,1,スカパラダイス,牡5,58.0,木幡巧也,1:55.9,7,31.6,10.0,458(-6),[東] 大和田成,202506030307
8,7,9,エースアビリティ,牡4,58.0,松岡正海,1:55.9,アタマ,25.1,8.0,496(+2),[東] 堀内岳志,202506030307
9,8,10,アクアマリンブルー,セ7,58.0,草野太郎,1:56.0,クビ,369.6,11.0,442(0),[東] 戸田博文,202506030307
10,2,2,マルコタージュ,牝4,56.0,内田博幸,1:56.3,2,25.0,7.0,460(+4),[東] 小島茂之,202506030307
11,3,3,アルシミスト,牡4,58.0,北村宏司,1:56.7,2.1/2,7.4,3.0,514(+18),[東] 木村哲也,202506030307
1,8,12,サムハンター,牡7,58.0,横山典弘,1:33.1,,21.3,7.0,492(-2),[西] 高橋康之,202506030308
2,8,13,メタルスピード,牡5,58.0,横山武史,1:33.3,1,5.0,3.0,514(+2),[東] 斎藤誠,202506030308
3,7,11,ジルバーン,牡6,58.0,丸山元気,1:33.5,1.1/2,76.6,11.0,436(-2),[西] 緒方努,202506030308
4,4,5,アイキャンドウイッ,牡6,58.0,松山弘平,1:33.5,ハナ,19.2,6.0,462(-6),[西] 池江泰寿,202506030308
5,7,10,サトノヴィレ,セ5,58.0,荻野極,1:33.6,1/2,38.2,8.0,504(+4),[東] 鹿戸雄一,202506030308
6,6,8,コンテネレッツア,牝4,56.0,モレイラ,1:33.7,1/2,2.9,1.0,474(+6),[東] 宮田敬介,202506030308
7,1,1,ステラバルセロナ,牝5,56.0,吉田豊,1:33.9,1.1/4,41.1,9.0,428(+2),[東] 菊川正達,202506030308
8,6,9,ヒロノゴウカイ,牡6,58.0,菅原隆一,1:34.0,1,223.9,12.0,510(+2),[東] 蛯名利弘,202506030308
9,4,4,メイショウヨゾラ,牝4,53.0,遠藤汰月,1:34.0,ハナ,3.8,2.0,468(-2),[東] 高柳瑞樹,202506030308
10,2,2,アニトラ,牝5,52.0,小林美駒,1:34.4,2.1/2,8.5,5.0,460(-2),[東] 矢嶋大樹,202506030308
11,5,7,ドンデンガエシ,牡5,58.0,大野拓弥,1:34.7,1.3/4,50.0,10.0,488(-14),[東] 尾関知人,202506030308
12,3,3,マンウォル,牝4,56.0,菊沢一樹,1:34.9,1.1/2,6.7,4.0,436(+6),[東] 菊沢隆徳,202506030308
13,5,6,シュブリーム,牡9,58.0,杉原誠人,1:35.3,2.1/2,255.8,13.0,476(-12),[東] 大和田成,202506030308
1,6,6,ピックデムッシュ,牡3,57.0,モレイラ,2:12.2,,1.6,1.0,454(0),[東] 鹿戸雄一,202506030309
2,5,5,ガンバルマン,牡3,57.0,原優介,2:12.6,2.1/2,3.1,2.0,468(+6),[東] 萱野浩二,202506030309
3,4,4,フィーリウス,牡3,57.0,木幡巧也,2:12.7,クビ,8.9,3.0,492(-4),[東] 手塚貴久,202506030309
4,1,1,ダノンジャイアン,牡3,57.0,横山武史,2:12.7,ハナ,14.7,5.0,446(+2),[西] 茶木太樹,202506030309
5,2,2,ジュンライデン,牡3,57.0,シュタル,2:13.2,3.1/2,14.0,4.0,498(-2),[西] 友道康夫,202506030309
6,7,7,ヤコブセン,牡3,57.0,斎藤新,2:13.3,クビ,30.3,7.0,506(-4),[東] 斎藤誠,202506030309
7,3,3,ハイタイド,牡3,57.0,石橋脩,2:14.8,9,28.7,6.0,458(0),[東] 牧光二,202506030309
1,4,7,ルージュアベリア,牝4,56.0,モレイラ,1:52.2,,3.9,2.0,486(+2),[東] 田中博康,202506030310
2,8,15,ライジンマル,牡4,58.0,津村明秀,1:52.2,アタマ,3.8,1.0,532(0),[東] 竹内正洋,202506030310
3,7,14,キングオブフジ,牡4,58.0,中井裕二,1:52.8,3.1/2,14.8,6.0,506(+8),[西] 角田晃一,202506030310
4,4,8,ショウナンカブト,セ5,58.0,大野拓弥,1:53.1,1.3/4,8.6,5.0,538(+2),[東] 戸田博文,202506030310
5,2,4,イモータルバード,牡4,58.0,シュタル,1:53.1,クビ,7.8,4.0,480(+6),[東] 栗田徹,202506030310
6,3,5,アラレタバシル,牡4,58.0,野中悠太,1:53.3,1,4.7,3.0,464(0),[東] 根本康広,202506030310
7,6,12,バニシングポイント,セ7,58.0,杉原誠人,1:53.4,3/4,27.2,9.0,496(-2),[東] 古賀慎明,202506030310
8,7,13,フリーマントル,牡4,58.0,斎藤新,1:53.7,1.3/4,16.4,7.0,504(+2),[東] 斎藤誠,202506030310
9,1,1,カイコウ,セ4,58.0,木幡巧也,1:53.7,ハナ,138.3,14.0,460(-2),[東] 田島俊明,202506030310
10,6,11,デフィニティーボ,牡4,58.0,横山和生,1:54.3,3.1/2,25.1,8.0,490(+4),[東] 上原佑紀,202506030310
11,2,3,モーニングヘイズ,牡6,58.0,菊沢一樹,1:54.6,1.3/4,66.5,12.0,528(-8),[東] 岩戸孝樹,202506030310
12,8,16,サイモンルモンド,セ8,58.0,長浜鴻緒,1:54.6,クビ,283.4,15.0,462(+8),[東] 根本康広,202506030310
13,5,9,ベネロングポイント,セ6,58.0,原優介,1:54.7,3/4,59.0,11.0,492(-4),[東] 和田正一,202506030310
14,1,2,ロイヤルダンス,牡7,58.0,荻野極,1:55.6,5,95.2,13.0,506(-2),[東] 清水英克,202506030310
15,5,10,ベラジオボッキーニ,セ6,58.0,柴田大知,1:56.8,7,350.8,16.0,504(-10),[東] 粕谷昌央,202506030310
16,3,6,シンヨモギネス,牡7,58.0,丹内祐次,1:58.1,8,44.4,10.0,490(+8),[東] 伊藤圭三,202506030310
1,2,2,トロヴァトーレ,牡4,57.5,モレイラ,1:32.4,,1.7,1.0,508(+10),[東] 鹿戸雄一,202506030311
2,5,7,コントラポスト,牡5,55.0,田辺裕信,1:32.5,クビ,10.6,3.0,472(-2),[東] 菊沢隆徳,202506030311
3,5,8,キープカルム,牡4,56.0,シュタル,1:32.6,3/4,14.2,6.0,490(-4),[西] 中竹和也,202506030311
4,6,9,マテンロウオリオン,牡6,56.0,横山典弘,1:32.6,ハナ,25.2,8.0,472(-14),[西] 昆貢,202506030311
5,8,13,ゾンニッヒ,牡7,57.5,荻野極,1:32.6,クビ,48.3,11.0,476(-2),[西] 池江泰寿,202506030311
6,7,12,シャンパンカラー,牡5,58.5,内田博幸,1:32.7,クビ,20.1,7.0,512(-2),[東] 田中剛,202506030311
7,6,10,タシット,牡6,56.0,横山和生,1:32.7,クビ,12.6,4.0,470(-4),[東] 中川公成,202506030311
8,7,11,ゴートゥファースト,牡5,55.0,石川裕紀,1:32.8,3/4,54.6,12.0,482(+6),[西] 新谷功一,202506030311
9,8,14,ロジリオン,牡4,58.5,松山弘平,1:32.8,ハナ,6.4,2.0,498(0),[東] 古賀慎明,202506030311
10,4,6,シュバルツカイザー,セ7,57.0,大野拓弥,1:33.1,1.1/2,140.7,13.0,502(-4),[東] 大竹正博,202506030311
11,1,1,アサカラキング,牡5,58.0,斎藤新,1:33.1,ハナ,12.7,5.0,532(+6),[東] 斎藤誠,202506030311
12,3,4,ノーブルロジャー,牡4,57.5,津村明秀,1:33.2,クビ,28.8,9.0,496(-2),[西] 吉岡辰弥,202506030311
13,4,5,メイショウチタン,牡8,57.0,吉田豊,1:33.5,1.3/4,36.1,10.0,474(-2),[西] 本田優,202506030311
除,3,3,エコロブルーム,牡4,57.5,横山武史,,,---,,472(0),[東] 加藤征弘,202506030311
1,8,16,ロサンゼルス,牡4,58.0,モレイラ,1:10.5,,2.0,1.0,514(0),[東] 伊藤圭三,202506030312
2,5,9,ライトニングゼウス,牡4,58.0,菊沢一樹,1:11.0,3,5.8,3.0,520(+4),[東] 勢司和浩,202506030312
3,1,2,レジーナローズ,牝5,53.0,長浜鴻緒,1:11.2,3/4,24.0,6.0,454(-4),[東] 鈴木慎太,202506030312
4,2,4,イリュージョン,牝5,56.0,横山和生,1:11.3,1/2,53.3,10.0,472(0),[東] 西田雄一,202506030312
5,7,13,ポークテソーロ,牡4,58.0,横山武史,1:11.3,ハナ,3.5,2.0,486(-22),[東] 千葉直人,202506030312
6,5,10,アルニラム,牡4,58.0,丹内祐次,1:11.8,3,12.6,4.0,468(-8),[東] 伊藤大士,202506030312
7,2,3,オンマガトオル,牝6,56.0,丸山元気,1:12.0,1.1/4,20.2,5.0,530(-8),[東] 土田稔,202506030312
8,3,6,スイッチオン,牡5,58.0,大野拓弥,1:12.1,クビ,102.0,12.0,486(+2),[東] 小手川準,202506030312
9,6,11,ルプランドル,牝6,56.0,原優介,1:12.1,クビ,40.0,9.0,480(-4),[東] 萱野浩二,202506030312
10,6,12,セッカチドラゴン,牡4,58.0,斎藤新,1:12.3,3/4,28.1,7.0,466(0),[東] 本間忍,202506030312
11,3,5,キングプロフィット,牡4,55.0,石田拓郎,1:12.5,1.1/2,135.7,13.0,478(+4),[東] 新開幸一,202506030312
12,8,15,ラセーヌシュメール,牝4,56.0,木幡巧也,1:12.5,ハナ,263.0,14.0,452(-2),[東] 杉浦宏昭,202506030312
13,1,1,キイロノトマト,牝5,53.0,水沼元輝,1:12.6,1/2,378.9,16.0,468(0),[東] 石栗龍彦,202506030312
14,7,14,ニシノジーク,牡4,58.0,松岡正海,1:12.7,クビ,39.4,8.0,520(+2),[東] 奥平雅士,202506030312
15,4,7,エコロブレード,牡4,58.0,松山弘平,1:12.7,クビ,81.2,11.0,448(-4),[東] 加藤征弘,202506030312
16,4,8,ケイトポムドゥパン,牝5,56.0,宮崎北斗,1:13.6,5,269.6,15.0,484(-14),[東] 中川公成,202506030312
1,1,1,キタノラブミー,牝3,55.0,小林脩斗,1:55.5,,85.2,9.0,500(+2),[東] 萱野浩二,202506030401
2,5,6,ホークライト,セ3,57.0,内田博幸,1:56.1,3.1/2,2.2,1.0,482(-2),[東] 中舘英二,202506030401
3,2,2,ノースグロリア,牡3,54.0,上里直汰,1:56.8,4,189.5,11.0,508(+4),[東] 加藤士津,202506030401
4,4,5,トライゴーニック,牡3,57.0,荻野極,1:57.0,1.1/4,9.9,3.0,474(-14),[東] 池上昌和,202506030401
5,6,9,レッドシュトラール,牡3,57.0,丸山元気,1:57.1,1/2,10.9,4.0,472(-2),[東] 宮田敬介,202506030401
6,6,8,スーパーチャージ,牡3,57.0,武藤雅,1:57.1,ハナ,185.5,10.0,514(-10),[東] 戸田博文,202506030401
7,3,3,フォアファン,セ3,57.0,原田和真,1:57.1,クビ,25.5,7.0,484(-4),[東] 松山将樹,202506030401
7,5,7,トルーティクス,牡3,57.0,吉田豊,1:57.1,同着,302.1,12.0,484(-4),[東] 尾関知人,202506030401
9,4,4,ロードオブドリーム,牡3,57.0,菊沢一樹,1:57.3,1.1/4,14.6,5.0,526(0),[東] 金成貴史,202506030401
10,7,10,ワカムシャ,牡3,57.0,佐々木大,1:57.5,1.1/4,16.0,6.0,498(+4),[東] 矢野英一,202506030401
11,8,13,プレシャストップ,牡3,57.0,嶋田純次,1:58.1,3.1/2,2.4,2.0,512(-2),[東] 稲垣幸雄,202506030401
12,7,11,モンサンプレシャス,牡3,57.0,木幡巧也,1:58.6,2.1/2,339.0,13.0,492(0),[東] 牧光二,202506030401
13,8,12,リネンフラッシュ,セ3,57.0,柴田大知,1:59.7,7,65.7,8.0,446(+4),[東] 粕谷昌央,202506030401
1,8,16,クインズシフォン,牝3,52.0,石神深道,1:12.6,,1.4,1.0,444(-4),[東] 和田正一,202506030402
2,4,7,グリーンエリクサー,牡3,57.0,原優介,1:13.0,2,7.8,2.0,504(-8),[東] 青木孝文,202506030402
3,8,15,プロピエダッド,牝3,52.0,長浜鴻緒,1:13.4,2.1/2,134.5,13.0,474(+6),[東] 武藤善則,202506030402
4,7,14,ステラマテュティナ,牝3,55.0,内田博幸,1:13.5,1/2,12.7,4.0,430(-4),[東] 高柳瑞樹,202506030402
5,6,12,レトロブーム,牝3,52.0,上里直汰,1:13.7,1.1/4,79.6,9.0,472(-8),[東] 西田雄一,202506030402
6,6,11,ピコグリーン,牝3,55.0,木幡巧也,1:13.9,1.1/2,21.8,6.0,452(0),[東] 牧光二,202506030402
7,7,13,ファリア,牡3,57.0,杉原誠人,1:14.2,1.1/2,19.1,5.0,452(+2),[東] 土田稔,202506030402
8,1,1,ナックトライアンフ,牡3,54.0,佐藤翔馬,1:14.2,アタマ,94.0,11.0,480(0),[東] 杉浦宏昭,202506030402
9,3,5,ベルレオーネ,牡3,54.0,石田拓郎,1:14.2,アタマ,231.4,15.0,460(-18),[東] 天間昭一,202506030402
10,3,6,ミズイロ,牝3,55.0,黛弘人,1:14.9,4,116.8,12.0,434(0),[東] 森一誠,202506030402
11,1,2,ユウオウマイシン,牡3,57.0,佐々木大,1:15.0,3/4,8.1,3.0,470(+2),[東] 松永康利,202506030402
12,5,9,ベールドゥフィーユ,牝3,55.0,斎藤新,1:15.1,クビ,155.6,14.0,396(-2),[東] 加藤士津,202506030402
13,5,10,パラモランド,牡3,57.0,大野拓弥,1:15.2,1/2,30.7,7.0,508(+2),[東] 小手川準,202506030402
14,2,3,ワタシマツワ,牝3,55.0,松岡正海,1:15.2,ハナ,36.0,8.0,404(-2),[東] 竹内正洋,202506030402
15,2,4,フルーツワゴン,牝3,55.0,野中悠太,1:15.8,3.1/2,375.2,16.0,460(-13),[東] 根本康広,202506030402
16,4,8,スリーローズマリー,牝3,51.0,谷原柚希,1:19.2,大,79.8,10.0,432(-8),[東] 伊藤圭三,202506030402
1,7,11,グレイテストソング,牡3,57.0,佐々木大,1:54.9,,1.2,1.0,428(-4),[東] 小笠倫弘,202506030403
2,8,13,キープオントップ,牡3,54.0,長浜鴻緒,1:55.3,2.1/2,18.2,3.0,514(0),[東] 西田雄一,202506030403
3,8,12,ティアップドライブ,牡3,57.0,丸田恭介,1:55.4,クビ,5.0,2.0,498(-4),[東] 奥平雅士,202506030403
4,5,6,ソラノキャンバス,セ3,54.0,石神深道,1:56.0,3.1/2,20.1,4.0,420(-8),[東] 武井亮,202506030403
5,6,8,ナイトダンサー,牡3,54.0,石田拓郎,1:57.0,6,172.3,10.0,450(+2),[東] 佐藤吉勝,202506030403
6,1,1,オンザバサラ,牡3,57.0,木幡巧也,1:57.2,3/4,27.3,5.0,470(-10),[東] 大和田成,202506030403
7,3,3,カフェヘニーハイ,牡3,57.0,内田博幸,1:57.6,2.1/2,30.2,6.0,500(-8),[東] 中舘英二,202506030403
8,4,4,ミルキーハニー,牝3,52.0,上里直汰,1:57.7,1/2,49.4,7.0,482(-2),[東] 尾形和幸,202506030403
9,5,7,グランスターオー,牡3,54.0,水沼元輝,1:58.2,3,212.7,11.0,502(+28),[東] 加藤和宏,202506030403
10,4,5,ハーレムシャフル,牡3,57.0,北村宏司,1:58.4,1,61.0,8.0,446(+2),[東] 勢司和浩,202506030403
11,2,2,サンライズフーガ,牡3,57.0,原優介,1:58.4,クビ,81.1,9.0,476(+4),[西] 前川恭子,202506030403
12,6,9,ホウヨウムーン,牝3,55.0,嶋田純次,1:58.6,1,221.6,12.0,448(0),[東] 伊坂重信,202506030403
13,7,10,ニニンサンキャク,牡3,57.0,原田和真,2:02.9,大,417.2,13.0,436(-2),[東] 蛯名利弘,202506030403
1,7,9,メイショウカズサ,牡8,60.0,森一馬,3:18.2,,7.7,5.0,486(-4),[西] 安達昭夫,202506030404
2,8,11,アルデドゥオーモ,牡4,59.0,五十嵐雄,3:18.5,1.3/4,6.2,4.0,492(0),[東] 矢野英一,202506030404
3,3,3,アルカンサス,牡6,57.0,土田真翔,3:18.7,1.1/2,3.8,1.0,486(+2),[東] 土田稔,202506030404
4,5,5,ウィズユアドリーム,牡5,60.0,高田潤,3:18.8,3/4,4.2,2.0,504(0),[西] 宮地貴稔,202506030404
5,5,6,カルマンフィルター,牡4,59.0,草野太郎,3:18.8,ハナ,4.4,3.0,494(-4),[東] 戸田博文,202506030404
6,6,7,モーソンピーク,牡8,57.0,坂口智康,3:19.4,3.1/2,9.5,6.0,510(-2),[東] 浅利英明,202506030404
7,7,10,アルマドラード,セ7,60.0,上野翔,3:19.9,3,24.3,7.0,534(+24),[東] 小笠倫弘,202506030404
8,8,12,ユイノコキュウ,牡4,59.0,大江原圭,3:20.1,1.1/4,31.4,8.0,484(+4),[東] 竹内正洋,202506030404
9,6,8,アルマーザアミール,牡4,59.0,小牧加矢,3:21.0,5,41.0,9.0,486(0),[西] 斉藤崇史,202506030404
10,1,1,ケンヴァイザッハ,牡5,60.0,伴啓太,3:21.2,3/4,123.5,12.0,448(+6),[東] 石栗龍彦,202506030404
11,4,4,リーゼントジャンボ,牡7,60.0,難波剛健,3:22.3,7,71.7,10.0,528(+2),[東] 小手川準,202506030404
12,2,2,バレンタインソング,牡5,60.0,黒岩悠,3:29.0,大,88.9,11.0,468(+6),[西] 小崎憲,202506030404
1,3,5,ガーネットウインク,牝3,52.0,石田拓郎,1:34.2,,10.5,4.0,492(0),[東] 小西一男,202506030405
2,2,4,コア,牡3,57.0,石川裕紀,1:34.3,クビ,4.6,2.0,484(-4),[東] 相沢郁,202506030405
3,1,1,ルトンワージ,牡3,57.0,杉原誠人,1:34.7,2.1/2,1.9,1.0,450(0),[東] 斎藤誠,202506030405
4,2,3,オカゲサン,牡3,54.0,石神深道,1:34.8,3/4,15.8,7.0,498(+2),[東] 尾形和幸,202506030405
5,8,16,ダングラール,牡3,54.0,舟山瑠泉,1:34.9,3/4,13.2,6.0,462(-2),[東] 田中博康,202506030405
6,5,10,ヤマノインパクト,牡3,57.0,斎藤新,1:35.1,1.1/4,231.0,14.0,462(-4),[東] 本間忍,202506030405
7,7,14,ジーティーレグルス,牡3,57.0,大野拓弥,1:35.3,1.1/2,111.7,11.0,462(0),[東] 栗田徹,202506030405
8,6,12,ソランチャン,牝3,55.0,原優介,1:35.5,1,84.6,10.0,426(-8),[東] 小手川準,202506030405
9,5,9,ウインバーテックス,牡3,54.0,長浜鴻緒,1:35.5,アタマ,23.7,8.0,462(-2),[東] 清水英克,202506030405
10,4,8,オーセンティアン,牝3,55.0,荻野極,1:35.6,1/2,130.9,12.0,462(+4),[東] 高橋文雅,202506030405
11,7,13,ヨタロー,牡3,57.0,西村太一,1:35.7,1,209.8,13.0,442(0),[東] 堀内岳志,202506030405
12,6,11,ニットウアクシア,牝3,55.0,松岡正海,1:35.8,1/2,13.0,5.0,448(-4),[東] 稲垣幸雄,202506030405
13,1,2,ホウオウハナビ,牝3,55.0,丸田恭介,1:35.9,クビ,9.7,3.0,478(-8),[東] 奥村武,202506030405
14,3,6,ペイシャキャット,牝3,55.0,小林脩斗,1:36.1,1.1/4,74.2,9.0,444(0),[東] 粕谷昌央,202506030405
15,4,7,ララセリーヌ,牝3,55.0,木幡巧也,1:36.4,1.3/4,309.0,15.0,440(0),[東] 牧光二,202506030405
16,8,15,ゼロファイター,セ3,57.0,柴田大知,1:36.5,3/4,407.8,16.0,390(-18),[東] 和田雄二,202506030405
1,6,10,ゴッドエスパーダ,牡3,57.0,角田大和,1:53.3,,4.6,3.0,480(+4),[西] 角田晃一,202506030406
2,7,12,テンワンダーマン,牡3,57.0,田辺裕信,1:53.3,1/2,3.5,2.0,502(+10),[東] 金成貴史,202506030406
3,1,1,ニシノケンタマン,牡3,57.0,内田博幸,1:53.8,3,96.7,11.0,452(-2),[東] 深山雅史,202506030406
4,4,5,ハルノアラシ,牡3,57.0,石川裕紀,1:53.9,クビ,20.8,6.0,510(-4),[東] 相沢郁,202506030406
5,8,13,キャストロププ,牡3,57.0,石橋脩,1:54.0,1/2,32.8,8.0,492(-6),[東] 尾形和幸,202506030406
6,5,7,ミライヘノカギ,牡3,57.0,佐々木大,1:54.1,1,5.0,4.0,520(-12),[東] 上原佑紀,202506030406
7,5,8,カージオイド,牡3,57.0,大野拓弥,1:54.8,4,35.6,9.0,514(-2),[東] 黒岩陽一,202506030406
8,8,14,タイヨウフレア,牝3,55.0,斎藤新,1:54.8,アタマ,336.5,14.0,494(0),[東] 杉浦宏昭,202506030406
9,7,11,リュミナーズ,牝3,55.0,松岡正海,1:54.8,ハナ,46.4,10.0,446(0),[東] 堀内岳志,202506030406
10,4,6,タイセイデクスター,牡3,54.0,長浜鴻緒,1:55.0,1.1/2,21.7,7.0,484(-4),[東] 伊藤圭三,202506030406
11,3,4,チュウワクリスエス,牡3,57.0,原田和真,1:55.2,1.1/4,3.2,1.0,490(+10),[東] 栗田徹,202506030406
12,3,3,ビッキーファースト,牡3,57.0,菱田裕二,1:55.7,3,126.4,13.0,488(0),[西] 武幸四郎,202506030406
13,2,2,フィーチャリング,牡3,57.0,原優介,1:56.9,7,19.3,5.0,470(-2),[東] 和田正一,202506030406
14,6,9,ダイチラポール,牡3,57.0,木幡巧也,1:58.4,9,116.4,12.0,474(+4),[東] 蛯名利弘,202506030406
1,5,5,ジョイフルニュース,牝3,55.0,佐々木大,1:34.2,,1.9,1.0,450(+8),[東] 大竹正博,202506030407
2,1,1,ゲンジ,牡3,57.0,石川裕紀,1:34.5,1.3/4,35.5,8.0,416(-8),[東] 尾形和幸,202506030407
3,2,2,チョングク,牡3,57.0,丸田恭介,1:34.6,クビ,8.7,3.0,474(+6),[東] 南田美知,202506030407
4,8,9,デリュージョン,牡3,57.0,斎藤新,1:34.7,3/4,12.0,5.0,462(-2),[西] 奥村豊,202506030407
5,7,7,パワースナッチ,牡3,57.0,津村明秀,1:34.8,1,2.8,2.0,442(-6),[東] 武市康男,202506030407
6,8,8,バニーラビット,牡3,57.0,菱田裕二,1:35.2,2,33.6,7.0,486(-4),[西] 武幸四郎,202506030407
7,4,4,ショウナンマリーナ,牝3,55.0,荻野極,1:35.3,1/2,29.2,6.0,422(-6),[東] 森一誠,202506030407
8,6,6,クレオズニードル,牝3,55.0,田辺裕信,1:35.3,ハナ,10.1,4.0,454(-8),[東] 和田勇介,202506030407
9,3,3,テリオスルナ,牝3,55.0,菊沢一樹,1:35.3,アタマ,70.3,9.0,404(+4),[東] 高柳瑞樹,202506030407
1,5,6,ビジューブリランテ,セ7,58.0,荻野極,1:48.6,,22.0,6.0,498(+2),[東] 浅利英明,202506030408
2,8,12,ミッキースターダム,セ4,58.0,石川裕紀,1:48.7,クビ,25.4,7.0,454(-8),[西] 前川恭子,202506030408
3,3,3,ジーゲル,セ4,55.0,舟山瑠泉,1:48.9,1.1/2,5.8,2.0,408(+4),[東] 田中博康,202506030408
4,7,11,レイククレセント,牝4,56.0,佐々木大,1:49.0,3/4,1.6,1.0,426(+6),[東] 大竹正博,202506030408
5,2,2,コスモバラタ,牡5,58.0,津村明秀,1:49.3,1.3/4,15.1,5.0,482(+14),[東] 武市康男,202506030408
6,8,13,ジーティームテキ,牡4,55.0,水沼元輝,1:49.5,1,197.9,11.0,466(0),[東] 加藤和宏,202506030408
7,6,8,ロジウムエポック,牡5,58.0,江田照男,1:49.5,クビ,127.0,10.0,482(-2),[東] 村田一誠,202506030408
8,4,5,アンティーゾ,牡5,58.0,杉原誠人,1:49.6,クビ,70.1,9.0,538(+17),[東] 森一誠,202506030408
9,6,9,アオイメルスイ,牝4,56.0,原優介,1:49.6,アタマ,8.4,4.0,432(+4),[東] 小西一男,202506030408
10,4,4,アッシュバーグ,牝4,56.0,斎藤新,1:49.7,3/4,6.7,3.0,512(-4),[東] 斎藤誠,202506030408
11,1,1,デオヴォレンティ,牝5,56.0,木幡巧也,1:49.8,クビ,42.8,8.0,450(0),[東] 蛯名利弘,202506030408
12,7,10,スラーヴァ,牡4,55.0,石神深道,1:50.6,5,432.9,13.0,484(0),[東] 高橋文雅,202506030408
13,5,7,プレカーサー,牡4,55.0,上里直汰,1:51.5,5,314.7,12.0,546(+6),[東] 加藤和宏,202506030408
1,7,9,レッドテリオス,牡4,57.0,佐々木大,2:32.5,,1.9,1.0,478(-4),[東] 古賀慎明,202506030409
2,8,11,バレンタインガール,牝4,52.0,内田博幸,2:33.2,4,174.4,12.0,468(-4),[東] 古賀慎明,202506030409
3,5,6,ボクラヲツナグモノ,牡4,53.0,荻野極,2:33.4,1,18.1,6.0,458(-2),[東] 清水英克,202506030409
4,4,4,ハイラント,牡4,56.0,北村宏司,2:33.5,1,5.3,2.0,444(-8),[東] 伊藤大士,202506030409
5,7,10,スピーディブレイク,牡5,55.0,吉田豊,2:33.7,3/4,8.1,4.0,454(-4),[東] 村田一誠,202506030409
6,6,8,サトノトルネード,牡5,56.0,田辺裕信,2:34.0,2,6.6,3.0,528(+2),[東] 国枝栄,202506030409
7,8,12,チュウワモーニング,牝5,52.0,小崎綾也,2:34.0,クビ,23.1,7.0,460(-2),[西] 小崎憲,202506030409
8,2,2,ドゥレイクパセージ,牡4,55.0,大野拓弥,2:34.1,1/2,10.5,5.0,476(-2),[東] 堀宣行,202506030409
9,3,3,ナムアミダブツ,牡8,54.0,原優介,2:34.2,クビ,39.6,8.0,484(+4),[東] 加藤和宏,202506030409
10,5,5,エバーハンティング,牝6,52.0,長浜鴻緒,2:34.8,3.1/2,54.0,10.0,422(-2),[東] 小島茂之,202506030409
11,1,1,ボンベール,牡9,54.0,石橋脩,2:35.9,7,85.3,11.0,502(-2),[東] 的場均,202506030409
12,6,7,キープスマイリング,牝5,52.0,木幡巧也,2:37.2,8,43.2,9.0,548(-2),[東] 武井亮,202506030409
1,1,1,マンマリアーレ,牝5,56.0,荻野極,1:51.9,,5.3,3.0,478(+2),[東] 高木登,202506030410
2,6,12,リバートゥルー,牝5,56.0,吉田豊,1:52.5,4,10.9,7.0,462(+2),[東] 久保田貴,202506030410
3,8,16,メイショウポペット,牝5,56.0,角田大和,1:52.7,1.1/4,81.6,14.0,480(-22),[西] 角田晃一,202506030410
4,4,8,アピーリングルック,牝4,56.0,大野拓弥,1:52.8,1/2,3.0,1.0,478(+6),[東] 辻哲英,202506030410
5,6,11,サトノアイオライト,牝4,56.0,北村宏司,1:53.0,3/4,4.9,2.0,492(+8),[西] 吉村圭司,202506030410
6,8,15,メロウヴォイス,牝6,56.0,内田博幸,1:53.1,3/4,66.2,12.0,466(-8),[東] 上原博之,202506030410
7,2,3,アグラシアド,牝5,56.0,丸山元気,1:53.2,3/4,49.8,10.0,486(0),[西] 中村直也,202506030410
8,3,6,メイショウコバト,牝5,56.0,石橋脩,1:53.3,アタマ,131.1,15.0,460(0),[東] 和田勇介,202506030410
9,4,7,サノノエスポ,牝5,56.0,田辺裕信,1:53.3,ハナ,69.4,13.0,464(-12),[東] 中舘英二,202506030410
10,7,14,セクシーブーケ,牝4,56.0,杉原誠人,1:53.6,1.3/4,10.5,5.0,450(+4),[西] 田中克典,202506030410
11,1,2,カマチョクイン,牝5,56.0,菱田裕二,1:53.7,3/4,22.8,8.0,466(+4),[西] 橋口慎介,202506030410
12,3,5,バロネッサ,牝4,56.0,原優介,1:53.8,1/2,10.8,6.0,508(-6),[東] 田中博康,202506030410
13,2,4,グレノークス,牝5,56.0,野中悠太,1:53.9,クビ,54.8,11.0,490(-2),[東] 宮田敬介,202506030410
14,7,13,フレンチギフト,牝6,56.0,斎藤新,1:54.3,2.1/2,49.2,9.0,484(+6),[東] 中川公成,202506030410
15,5,10,リフレクトザムーン,牝4,56.0,小林美駒,1:54.6,1.3/4,175.2,16.0,454(-6),[東] 尾形和幸,202506030410
16,5,9,フラッパールック,牝5,56.0,津村明秀,1:55.3,4,10.5,4.0,462(+4),[東] 林徹,202506030410
1,3,6,レガーロデルシエロ,牡4,58.0,荻野極,1:59.6,,3.4,1.0,528(+14),[東] 栗田徹,202506030411
2,7,14,ワイドアラジン,牡5,58.0,斎藤新,1:59.7,3/4,24.6,7.0,482(-6),[西] 奥村豊,202506030411
3,1,2,ミスタージーティー,牡4,58.0,津村明秀,1:59.8,3/4,3.6,2.0,470(-12),[西] 矢作芳人,202506030411
4,5,10,ブランデーロック,牡6,58.0,原優介,1:59.9,クビ,46.1,10.0,486(0),[東] 青木孝文,202506030411
5,3,5,インスタキング,牡5,58.0,北村宏司,2:00.0,1/2,18.1,6.0,534(-4),[東] 蛯名正義,202506030411
6,7,13,マイネルニコラス,牡6,58.0,柴田大知,2:00.2,1.1/4,66.1,14.0,516(0),[東] 畠山吉宏,202506030411
7,4,8,セブンマジシャン,牡5,58.0,佐々木大,2:00.2,クビ,4.4,3.0,502(-4),[西] 高野友和,202506030411
8,8,16,キュクヌス,牝4,56.0,石川裕紀,2:00.3,クビ,8.2,4.0,452(+2),[西] 池江泰寿,202506030411
9,5,9,ルドヴィクス,牡7,58.0,吉田豊,2:00.3,クビ,49.3,11.0,518(-2),[東] 久保田貴,202506030411
10,6,11,ファベル,牡6,58.0,小崎綾也,2:00.4,クビ,63.7,13.0,438(-2),[西] 友道康夫,202506030411
11,6,12,パワーホール,セ4,58.0,丸山元気,2:00.7,2,13.8,5.0,490(0),[西] 昆貢,202506030411
12,2,3,コスモフロイデ,牡6,58.0,松岡正海,2:00.8,クビ,55.9,12.0,482(0),[東] 天間昭一,202506030411
13,2,4,ジュノー,セ7,58.0,江田照男,2:00.9,3/4,181.7,16.0,530(+6),[東] 田中勝春,202506030411
14,1,1,エスコバル,セ7,58.0,大野拓弥,2:01.2,1.3/4,27.3,8.0,526(+14),[東] 堀宣行,202506030411
15,8,15,シュタールヴィント,牡5,58.0,内田博幸,2:01.4,1,31.3,9.0,462(+16),[西] 矢作芳人,202506030411
16,4,7,アスクオンディープ,セ6,58.0,菱田裕二,2:04.3,大,72.3,15.0,484(-2),[西] 前川恭子,202506030411
1,6,10,ネイト,牝6,53.0,長浜鴻緒,1:11.5,,1.7,1.0,450(-6),[西] 小栗実,202506030412
2,5,8,メジャーデビュー,牝4,56.0,石橋脩,1:11.9,2.1/2,4.9,2.0,440(0),[東] 鈴木慎太,202506030412
3,2,2,メモリーグラス,牡5,58.0,佐々木大,1:12.3,2,6.2,3.0,486(0),[東] 松永康利,202506030412
4,3,4,エコロドゥネス,牡5,58.0,津村明秀,1:12.4,1,34.3,8.0,510(-4),[東] 加藤征弘,202506030412
5,4,7,クラリティスケール,牝6,56.0,原優介,1:12.4,ハナ,83.6,10.0,460(0),[西] 藤野健太,202506030412
6,7,13,ランタナヒルズ,牝4,56.0,丸田恭介,1:12.5,1/2,30.4,7.0,462(+6),[東] 田中勝春,202506030412
7,1,1,キボウノホシ,セ6,58.0,荻野極,1:12.6,1/2,15.5,5.0,488(-6),[東] 奥平雅士,202506030412
8,2,3,アポロプラネット,牡6,55.0,佐藤翔馬,1:12.9,1.3/4,146.5,13.0,500(-6),[東] 伊藤圭三,202506030412
9,6,11,ウォルラス,牡5,58.0,宮崎北斗,1:12.9,ハナ,10.9,4.0,516(+4),[東] 中川公成,202506030412
10,8,14,コスモルーテウス,牡6,58.0,木幡巧也,1:13.0,クビ,67.8,9.0,484(-12),[東] 伊藤大士,202506030412
11,3,5,イルザ,牝6,56.0,石川裕紀,1:13.0,クビ,28.1,6.0,468(-2),[東] 小手川準,202506030412
12,4,6,トロピカルヒーロー,牡5,58.0,野中悠太,1:13.1,1/2,107.8,11.0,538(+4),[東] 根本康広,202506030412
13,5,9,フィールザワールド,牡7,58.0,田辺裕信,1:13.6,3,122.2,12.0,480(-2),[東] 岩戸孝樹,202506030412
14,8,15,ブロンディール,牝5,56.0,内田博幸,1:13.8,1.1/2,155.5,14.0,470(-10),[東] 深山雅史,202506030412
15,7,12,ビヨンドザシーン,牡7,58.0,黛弘人,1:14.0,1.1/4,279.1,15.0,468(+8),[東] 南田美知,202506030412
1,8,14,レディーフランシス,牝3,55.0,大野拓弥,1:55.1,,3.0,2.0,440(0),[東] 和田勇介,202506030501
2,2,2,デルマアポロニア,牝3,55.0,松岡正海,1:55.6,3,4.2,3.0,480(+4),[東] 蛯名正義,202506030501
3,6,9,モーニングマジック,牝3,55.0,三浦皇成,1:56.0,2.1/2,11.7,4.0,516(-2),[東] 武藤善則,202506030501
4,7,12,ロミヒ,牝3,55.0,川田将雅,1:56.7,4,1.9,1.0,492(+4),[東] 伊藤圭三,202506030501
5,4,5,ノメンターノ,牝3,55.0,津村明秀,1:57.1,2.1/2,97.9,7.0,434(0),[東] 武市康男,202506030501
6,8,13,ラブリールチア,牝3,55.0,吉田豊,1:57.7,3.1/2,41.2,6.0,524(+2),[東] 高橋文雅,202506030501
7,1,1,クロメヒョウ,牝3,55.0,小林凌大,1:58.1,2.1/2,29.6,5.0,466(-4),[東] 小西一男,202506030501
8,6,10,ニューエラ,牝3,55.0,石橋脩,1:58.4,1.3/4,440.8,13.0,428(-4),[東] 池上昌和,202506030501
9,3,3,スカーレットクロス,牝3,52.0,今村聖奈,1:58.4,クビ,219.2,10.0,442(-10),[東] 土田稔,202506030501
10,4,6,アルデムラータ,牝3,55.0,江田照男,1:59.4,6,202.2,8.0,408(0),[東] 村田一誠,202506030501
11,5,8,ワンショートデイ,牝3,55.0,木幡巧也,2:00.5,7,207.4,9.0,450(-8),[東] 本間忍,202506030501
12,3,4,マルリンモンロー,牝3,55.0,原優介,2:00.8,1.1/2,278.7,11.0,512(0),[東] 青木孝文,202506030501
13,7,11,オカノマルコチャン,牝3,52.0,長浜鴻緒,2:04.1,大,420.7,12.0,436(-4),[東] 的場均,202506030501
14,5,7,ロジディーズ,牝3,55.0,野中悠太,2:07.4,大,584.9,14.0,450(-10),[東] 新開幸一,202506030501
1,8,16,ビーアイフォルテ,牝3,55.0,岩田康誠,1:11.9,,6.3,3.0,432(-4),[西] 牧田和弥,202506030502
2,6,12,タブロー,牝3,55.0,松岡正海,1:12.3,2,12.0,4.0,456(-2),[東] 矢野英一,202506030502
3,5,10,アンエクスプロード,牡3,57.0,三浦皇成,1:12.5,1.1/4,1.9,1.0,496(-16),[東] 池上昌和,202506030502
4,5,9,ナックオリオン,牡3,57.0,木幡巧也,1:12.8,2,4.1,2.0,468(0),[東] 杉浦宏昭,202506030502
5,3,6,ロッカバイベイビー,牝3,52.0,長浜鴻緒,1:13.0,1,16.5,5.0,440(0),[東] 伊藤圭三,202506030502
6,7,14,レクエルド,牡3,57.0,丸田恭介,1:13.0,ハナ,60.5,10.0,484(-20),[東] 奥平雅士,202506030502
7,2,4,ハクサンハナビ,牝3,55.0,田辺裕信,1:13.1,クビ,136.3,13.0,438(0),[東] 加藤士津,202506030502
8,6,11,ゲンキイッパイ,牡3,57.0,杉原誠人,1:13.1,クビ,131.5,12.0,498(-6),[東] 石栗龍彦,202506030502
9,7,13,ブレードダンシング,牡3,57.0,石橋脩,1:13.2,クビ,33.4,8.0,458(-4),[東] 岩戸孝樹,202506030502
10,1,2,カイトリヒト,牡3,57.0,津村明秀,1:13.3,1,20.6,6.0,492(-8),[東] 武市康男,202506030502
11,1,1,アースカムイ,牡3,57.0,小林凌大,1:13.5,1,85.0,11.0,480(-2),[東] 小西一男,202506030502
12,3,5,グリームスター,牡3,57.0,北村宏司,1:13.6,クビ,25.9,7.0,452(-12),[東] 勢司和浩,202506030502
13,8,15,キーベスト,牡3,57.0,原優介,1:13.7,1/2,41.1,9.0,500(+2),[東] 黒岩陽一,202506030502
14,4,8,ショージージョ,セ3,57.0,江田照男,1:14.1,2.1/2,245.2,14.0,510(-6),[東] 小笠倫弘,202506030502
15,2,3,ヘッズアップ,牡3,57.0,野中悠太,1:14.3,3/4,297.0,15.0,452(0),[東] 松山将樹,202506030502
16,4,7,アドラマリク,牡3,54.0,舟山瑠泉,1:14.5,1.1/2,344.3,16.0,478(-2),[東] 稲垣幸雄,202506030502
1,2,2,ヴィーデ,牡3,57.0,三浦皇成,1:54.9,,3.1,1.0,474(-6),[東] 戸田博文,202506030503
2,8,12,プロフェータ,牡3,57.0,戸崎圭太,1:55.1,1,4.7,3.0,462(-4),[東] 斎藤誠,202506030503
3,5,7,エマージェンス,牡3,57.0,岩田康誠,1:55.3,1.1/4,3.3,2.0,498(-8),[東] 堀内岳志,202506030503
4,5,6,テルケンレンスター,牡3,57.0,横山武史,1:56.0,4,8.6,5.0,476(+4),[東] 高柳瑞樹,202506030503
5,7,11,タキノボリ,牡3,57.0,北村宏司,1:56.2,1.1/4,8.4,4.0,454(0),[東] 勢司和浩,202506030503
6,3,3,ピノルージュ,牝3,52.0,舟山瑠泉,1:56.6,2.1/2,152.4,10.0,456(-2),[東] 上原佑紀,202506030503
7,1,1,ブラーブデシジョン,牡3,57.0,木幡巧也,1:56.8,3/4,93.8,9.0,458(0),[東] 牧光二,202506030503
8,4,5,ガイ,牡3,57.0,菅原明良,1:56.9,1/2,156.6,11.0,462(-4),[東] 高木登,202506030503
9,8,13,リバティフレイム,牡3,57.0,横山和生,1:57.1,1.1/2,25.8,7.0,518(0),[東] 嘉藤貴行,202506030503
10,4,4,ドリームジャック,セ3,57.0,丸田恭介,1:57.5,2.1/2,443.6,13.0,482(-2),[東] 加藤和宏,202506030503
11,6,8,ポッドロワール,牡3,57.0,原優介,1:57.7,3/4,8.7,6.0,492(-4),[東] 畠山吉宏,202506030503
12,7,10,キタノロジック,牡3,57.0,石橋脩,1:58.1,2.1/2,79.3,8.0,478(-6),[西] 畑端省吾,202506030503
中,6,9,スターコンパス,牡3,54.0,長浜鴻緒,,,329.9,12.0,472(0),[東] 根本康広,202506030503
1,5,7,ミヤジシャルマン,牡5,60.0,高田潤,3:34.2,,2.3,1.0,510(-8),[西] 宮地貴稔,202506030504
2,4,5,コンテナワールド,牡4,57.0,井上敏樹,3:34.7,3,12.0,5.0,478(-2),[西] 中竹和也,202506030504
3,7,11,エンデュミオン,牡8,59.0,鷲頭虎太,3:36.3,10,8.2,4.0,468(-2),[西] 清水久詞,202506030504
4,5,8,フォージドブリック,牡4,59.0,大江原圭,3:37.0,4,6.4,3.0,548(+4),[東] 西田雄一,202506030504
5,4,6,タイキフロリゼル,牡7,62.0,黒岩悠,3:37.7,4,32.2,10.0,478(0),[西] 谷潔,202506030504
6,3,3,タンジェントアーク,セ7,60.0,五十嵐雄,3:37.9,1.1/2,12.7,6.0,440(-6),[東] 田村康仁,202506030504
7,6,10,エターナリー,牡8,60.0,石神深一,3:38.7,5,18.9,8.0,470(+2),[東] 池上昌和,202506030504
8,2,2,テンメジャーガール,牝6,58.0,小野寺祐,3:38.9,1,16.4,7.0,504(+2),[西] 高柳大輔,202506030504
9,7,12,ピンポイントドロー,牡5,57.0,土田真翔,3:38.9,ハナ,54.0,12.0,506(+6),[東] 田中勝春,202506030504
10,3,4,ルレーヴドゥリリ,牝8,57.0,坂口智康,3:39.0,1/2,47.9,11.0,516(-10),[東] 田中剛,202506030504
11,6,9,シャンドゥレール,セ5,60.0,上野翔,3:39.4,2,6.4,2.0,500(+6),[東] 国枝栄,202506030504
12,8,13,ヤマタケアオイバラ,牡5,60.0,難波剛健,3:39.4,クビ,166.3,14.0,458(0),[東] 萱野浩二,202506030504
13,8,14,ティートラップ,牡8,60.0,草野太郎,3:43.5,大,141.5,13.0,484(+14),[東] 伊藤伸一,202506030504
14,1,1,タイセイスラッガー,牡7,60.0,伴啓太,3:44.5,6,28.9,9.0,560(0),[東] 古賀慎明,202506030504
1,5,6,プルミエソルティ,牡3,57.0,モレイラ,2:13.5,,2.8,2.0,470(-4),[東] 斎藤誠,202506030505
2,6,8,ピエナフェーヴル,牡3,57.0,三浦皇成,2:13.8,1.1/2,1.8,1.0,460(+2),[東] 萱野浩二,202506030505
3,2,2,バトラーズワーフ,牡3,57.0,石川裕紀,2:14.3,3.1/2,46.5,5.0,460(-4),[東] 浅利英明,202506030505
4,1,1,マイネルアウルム,牡3,57.0,横山武史,2:14.6,1.1/2,4.2,3.0,440(-2),[東] 加藤士津,202506030505
5,6,7,メイショウニトベ,牡3,57.0,木幡育也,2:14.8,1.1/4,111.5,8.0,488(0),[東] 蛯名正義,202506030505
6,8,12,タカミノガコイ,牡3,57.0,大野拓弥,2:14.9,3/4,22.8,4.0,524(+8),[東] 栗田徹,202506030505
7,7,10,ナリノボガート,牡3,57.0,野中悠太,2:14.9,アタマ,69.5,6.0,460(-2),[東] 上原博之,202506030505
8,8,11,エバーグリーン,牡3,54.0,長浜鴻緒,2:15.0,1/2,221.8,11.0,436(-2),[東] 青木孝文,202506030505
9,4,4,コスモリスナー,牡3,57.0,木幡巧也,2:15.9,5,173.0,10.0,522(+5),[西] 宮徹,202506030505
10,3,3,ルーメン,牝3,55.0,菅原明良,2:16.5,3.1/2,161.7,9.0,408(+2),[西] 前川恭子,202506030505
11,7,9,パルファム,牝3,55.0,原優介,2:16.8,2,244.8,12.0,432(+2),[東] 菊川正達,202506030505
12,5,5,ニシノイッキサス,牡3,54.0,今村聖奈,2:17.0,1.1/2,94.6,7.0,452(0),[東] 村田一誠,202506030505
1,3,3,ピコシー,牡3,57.0,岩田康誠,1:55.6,,3.0,2.0,462(-8),[東] 奥村武,202506030506
2,5,5,ボンズドゥッカ,牡3,57.0,野中悠太,1:55.6,ハナ,147.3,11.0,536(-4),[東] 西田雄一,202506030506
3,6,8,オンクラウドナイン,牡3,57.0,モレイラ,1:56.1,3,1.8,1.0,512(+2),[東] 和田正一,202506030506
4,5,6,ゴールドブリーダー,牡3,54.0,長浜鴻緒,1:56.5,2.1/2,13.4,4.0,478(-8),[東] 千葉直人,202506030506
5,6,7,マーゴットフェスタ,牡3,57.0,木幡巧也,1:56.9,2.1/2,64.9,7.0,470(+6),[東] 伊坂重信,202506030506
6,8,12,インターステラ,牡3,57.0,原優介,1:57.0,1/2,117.7,9.0,476(-8),[東] 中舘英二,202506030506
7,8,11,ブルージュ,牝3,52.0,舟山瑠泉,1:57.0,ハナ,6.4,3.0,428(-12),[東] 栗田徹,202506030506
8,4,4,セラトーン,牡3,57.0,北村宏司,1:57.1,3/4,28.4,6.0,494(-4),[東] 尾関知人,202506030506
9,7,10,アルデツヨシ,セ3,57.0,江田照男,1:57.2,クビ,145.6,10.0,478(0),[東] 田中剛,202506030506
10,7,9,タイセイアダマス,牡3,57.0,津村明秀,1:57.7,3,115.6,8.0,460(-2),[東] 伊藤圭三,202506030506
11,1,1,ジェットエアー,牡3,57.0,松岡正海,1:57.8,1/2,15.6,5.0,506(-6),[西] 清水久詞,202506030506
12,2,2,エメラルドシティー,牝3,55.0,石川裕紀,2:01.5,大,199.0,12.0,470(-2),[西] 西園翔太,202506030506
1,6,11,ガルサブランカ,牝4,56.0,戸崎圭太,1:32.6,,3.5,1.0,468(0),[東] 木村哲也,202506030507
2,8,16,レッドロスタム,牡5,55.0,舟山瑠泉,1:32.6,クビ,3.9,2.0,498(+6),[東] 国枝栄,202506030507
3,3,6,ドリーミングアップ,牡4,58.0,吉田豊,1:32.7,1/2,8.2,4.0,470(+8),[東] 高橋文雅,202506030507
4,5,10,エールトゥヘヴン,牡6,58.0,大野拓弥,1:32.9,1.1/2,14.2,6.0,466(+2),[東] 戸田博文,202506030507
5,1,2,ハクサンイーグル,牡4,58.0,杉原誠人,1:33.3,2,22.3,8.0,480(0),[東] 土田稔,202506030507
6,8,15,アサクサヴィーナス,牝5,56.0,菅原明良,1:33.3,クビ,14.3,7.0,452(-4),[東] 高柳瑞樹,202506030507
7,6,12,レッドアーバイン,牡5,55.0,長浜鴻緒,1:33.5,1.1/4,73.5,10.0,506(+16),[東] 手塚貴久,202506030507
8,7,14,ヴィントシュティレ,牝4,56.0,北村宏司,1:33.6,クビ,108.5,11.0,484(+2),[東] 古賀慎明,202506030507
9,3,5,セイロンジェムズ,牡4,58.0,モレイラ,1:33.6,ハナ,4.0,3.0,480(-4),[東] 宮田敬介,202506030507
10,7,13,タイキバルドル,牡5,58.0,木幡巧也,1:33.6,クビ,57.8,9.0,476(+6),[東] 勢司和浩,202506030507
11,1,1,クリーンエア,牡4,58.0,横山武史,1:33.8,1,9.6,5.0,472(+2),[東] 上原博之,202506030507
12,2,4,ホイッスルソング,牝5,56.0,野中悠太,1:33.9,3/4,308.9,14.0,482(0),[東] 黒岩陽一,202506030507
13,4,7,マルメラーダ,牝5,56.0,津村明秀,1:34.1,1.1/4,119.4,12.0,442(-29),[東] 伊藤大士,202506030507
14,4,8,パヴァーヌ,牝5,56.0,田辺裕信,1:34.4,1.1/2,227.3,13.0,448(-12),[東] 伊藤圭三,202506030507
15,5,9,キイロノトマト,牝5,56.0,小林凌大,1:36.0,10,365.6,16.0,470(+2),[東] 石栗龍彦,202506030507
16,2,3,ユキノフルマチ,牝4,56.0,原優介,1:39.4,大,317.1,15.0,468(-12),[東] 杉浦宏昭,202506030507
1,6,10,ラファールドール,セ4,58.0,木幡巧也,2:37.7,,6.2,3.0,496(-8),[東] 田島俊明,202506030508
2,3,3,ロードインフェルノ,牡4,58.0,石川裕紀,2:38.5,5,18.4,6.0,482(-4),[東] 尾形和幸,202506030508
3,5,8,ポップスター,セ4,58.0,丸田恭介,2:38.5,クビ,18.7,7.0,490(+2),[東] 南田美知,202506030508
4,4,5,ヒットアンドロール,牡4,55.0,今村聖奈,2:38.5,アタマ,24.0,10.0,446(+2),[東] 田中勝春,202506030508
5,8,14,セイウンガレオン,セ6,58.0,菅原明良,2:38.6,クビ,3.4,2.0,528(-4),[東] 奥平雅士,202506030508
6,8,13,クールシェルタ,牡6,55.0,長浜鴻緒,2:38.7,3/4,49.4,12.0,506(0),[東] 高橋文雅,202506030508
7,6,9,パッカパッカブー,牡4,58.0,杉原誠人,2:38.8,クビ,19.8,8.0,482(-12),[東] 堀内岳志,202506030508
8,1,1,サーティファイド,牡6,58.0,岩田康誠,2:38.9,1/2,27.2,11.0,484(-2),[西] 佐藤悠太,202506030508
9,4,6,トゥザヒロイン,牝6,56.0,大野拓弥,2:39.0,1/2,15.4,5.0,538(+10),[東] 辻哲英,202506030508
10,7,12,アスプリージャ,牡4,58.0,江田照男,2:39.1,1/2,14.1,4.0,480(+8),[東] 中舘英二,202506030508
11,2,2,シーリュウシー,牡4,58.0,戸崎圭太,2:39.6,3,2.9,1.0,504(0),[西] 岡田稲男,202506030508
12,7,11,タキ,牡4,55.0,舟山瑠泉,2:39.7,1,147.3,14.0,430(-6),[西] 高橋一哉,202506030508
13,5,7,スカパラダイス,牡5,58.0,野中悠太,2:40.5,5,118.1,13.0,460(+2),[東] 大和田成,202506030508
14,3,4,アレスエルピーダ,牡4,58.0,横山和生,2:40.6,クビ,20.8,9.0,470(+2),[東] 栗田徹,202506030508
1,2,2,ビーオンザカバー,牡3,57.0,川田将雅,1:59.0,,4.2,3.0,472(-2),[東] 伊藤圭三,202506030509
2,7,7,クモヒトツナイ,牡3,57.0,松岡正海,1:59.4,2.1/2,26.5,5.0,474(+2),[東] 堀内岳志,202506030509
3,4,4,ブルーマエストロ,牡3,57.0,戸崎圭太,1:59.6,3/4,2.1,1.0,466(-2),[東] 黒岩陽一,202506030509
4,5,5,ファイアトリック,牡3,57.0,田辺裕信,2:00.3,4,86.3,7.0,446(-8),[東] 伊坂重信,202506030509
5,8,8,ジェットブレード,牡3,57.0,原優介,2:00.4,クビ,35.7,6.0,494(-2),[東] 青木孝文,202506030509
6,6,6,エンペラーズソード,セ3,57.0,菅原明良,2:01.7,8,4.5,4.0,488(-4),[東] 高木登,202506030509
7,1,1,ダノンピクチャー,牡3,57.0,横山武史,2:01.7,アタマ,4.2,2.0,476(0),[東] 田中博康,202506030509
8,3,3,タイムレス,牝3,55.0,野中悠太,2:02.7,6,214.6,9.0,416(-4),[東] 根本康広,202506030509
9,8,9,ウーバーストロング,牡3,57.0,大野拓弥,2:04.2,9,158.0,8.0,458(-10),[東] 杉浦宏昭,202506030509
1,1,1,ダイシンヤマト,牡5,58.0,岩田康誠,1:32.6,,4.4,2.0,508(0),[東] 戸田博文,202506030510
2,6,9,レッドアトレーヴ,牡4,58.0,横山和生,1:32.8,1.1/4,4.9,3.0,484(+2),[東] 手塚貴久,202506030510
3,5,8,ユキノロイヤル,牡4,58.0,石橋脩,1:32.9,アタマ,28.4,9.0,454(0),[東] 小野次郎,202506030510
4,7,11,テウメッサ,牝4,56.0,戸崎圭太,1:32.9,クビ,12.6,6.0,468(-2),[東] 金成貴史,202506030510
5,4,6,ジュノー,セ7,58.0,江田照男,1:33.1,1.1/4,202.8,13.0,530(0),[東] 田中勝春,202506030510
6,3,4,フロムダスク,牡5,58.0,松岡正海,1:33.1,クビ,22.9,8.0,508(-2),[西] 森秀行,202506030510
7,7,12,ウインレイアー,牝5,56.0,モレイラ,1:33.2,1/2,2.7,1.0,462(-2),[東] 和田雄二,202506030510
8,5,7,ポルカリズム,牝5,56.0,津村明秀,1:33.2,ハナ,7.6,4.0,486(-2),[西] 中内田充,202506030510
8,8,14,ブランデーロック,牡6,58.0,原優介,1:33.2,同着,60.2,10.0,484(-2),[東] 青木孝文,202506030510
10,6,10,ショウナンラスボス,牡7,58.0,吉田豊,1:33.4,1.1/2,131.2,11.0,478(-6),[東] 奥村武,202506030510
11,3,3,ミエスペランサ,牝4,56.0,横山武史,1:33.6,1,18.5,7.0,434(-10),[西] 池江泰寿,202506030510
12,2,2,キャプテンシー,牡4,58.0,川田将雅,1:33.6,クビ,12.4,5.0,464(-4),[西] 松永幹夫,202506030510
13,4,5,ディープリッチ,牡7,58.0,菅原明良,1:33.6,ハナ,217.0,14.0,536(-2),[東] 小島茂之,202506030510
14,8,13,エッセレンチ,牝5,56.0,杉原誠人,1:34.5,5,144.3,12.0,426(-10),[東] 蛯名正義,202506030510
1,8,13,イミグラントソング,牡3,57.0,石川裕紀,1:32.4,,5.5,2.0,482(-4),[東] 辻哲英,202506030511
2,5,7,アドマイヤズーム,牡3,57.0,川田将雅,1:32.4,クビ,1.7,1.0,476(+8),[西] 友道康夫,202506030511
3,2,2,コートアリシアン,牝3,55.0,菅原明良,1:32.6,1.1/4,14.8,5.0,434(-6),[東] 伊藤大士,202506030511
4,7,12,プリティディーヴァ,牝3,55.0,モレイラ,1:32.6,ハナ,6.4,3.0,464(-10),[東] 田中博康,202506030511
5,4,5,ミーントゥビー,牝3,55.0,松岡正海,1:32.9,1.3/4,167.0,12.0,432(-6),[東] 堀内岳志,202506030511
6,8,14,ストレイトトーカー,牡3,57.0,大野拓弥,1:33.1,1,28.3,8.0,472(-6),[東] 岩戸孝樹,202506030511
7,4,6,ルージュラナキラ,牝3,55.0,岩田康誠,1:33.1,ハナ,14.5,4.0,468(0),[東] 加藤征弘,202506030511
8,6,9,ジェットマグナム,牡3,57.0,三浦皇成,1:33.3,1.1/2,41.0,9.0,486(+2),[西] 安達昭夫,202506030511
9,3,4,ルナルーチェット,牝3,55.0,横山武史,1:33.4,1/2,22.9,7.0,416(-8),[東] 国枝栄,202506030511
10,5,8,シュバルツマサムネ,牡3,57.0,田辺裕信,1:33.5,クビ,238.0,14.0,456(-6),[西] 杉山佳明,202506030511
11,1,1,チョングク,牡3,57.0,丸田恭介,1:33.7,1.1/4,220.2,13.0,476(+2),[東] 南田美知,202506030511
12,6,10,ムイ,牝3,55.0,今村聖奈,1:33.8,1/2,17.1,6.0,458(-2),[西] 笹田和秀,202506030511
13,7,11,アタラシイカドデニ,牡3,57.0,吉田豊,1:33.8,アタマ,141.6,11.0,504(-4),[東] 上原博之,202506030511
14,3,3,ベイビーキッス,牝3,55.0,原優介,1:34.3,3,136.4,10.0,452(-4),[東] 青木孝文,202506030511
1,2,4,オーブルクール,牝4,56.0,石橋脩,1:10.9,,1.9,1.0,474(-4),[東] 矢野英一,202506030512
2,3,6,フレイミングパイ,牝4,56.0,北村宏司,1:11.1,3/4,15.6,6.0,444(+2),[西] 中竹和也,202506030512
3,7,13,モデルハント,牝4,53.0,今村聖奈,1:11.2,3/4,75.3,13.0,454(+10),[東] 武藤善則,202506030512
4,3,5,メイデンタワー,牝5,56.0,岩田康誠,1:11.2,クビ,12.6,5.0,464(0),[東] 稲垣幸雄,202506030512
5,7,14,クラリティスケール,牝6,56.0,石川裕紀,1:11.3,クビ,93.4,16.0,456(-4),[西] 藤野健太,202506030512
6,5,9,アルジェンタージョ,牝4,56.0,木幡巧也,1:11.3,クビ,53.2,11.0,462(+2),[東] 伊藤圭三,202506030512
7,8,16,ジューンポンポン,牝6,56.0,大野拓弥,1:11.3,ハナ,47.6,10.0,490(-4),[東] 和田勇介,202506030512
8,6,12,フォルクスリート,牝4,56.0,津村明秀,1:11.6,1.3/4,10.1,4.0,508(+12),[東] 矢野英一,202506030512
9,4,7,プレイテシア,牝6,56.0,菅原明良,1:11.7,1/2,7.7,2.0,428(0),[西] 羽月友彦,202506030512
10,2,3,シャープソーン,牝5,53.0,長浜鴻緒,1:11.8,3/4,32.6,9.0,462(-8),[西] 西園正都,202506030512
11,1,1,ゴキゲンサン,牝5,56.0,原優介,1:11.9,1/2,82.7,14.0,500(-2),[東] 伊藤大士,202506030512
12,4,8,スペキオサレジーナ,牝5,56.0,杉原誠人,1:11.9,ハナ,58.5,12.0,478(-2),[東] 森一誠,202506030512
13,1,2,モイラ,牝4,53.0,舟山瑠泉,1:11.9,アタマ,88.6,15.0,464(-2),[西] 鈴木孝志,202506030512
14,6,11,バロン,牝4,56.0,横山武史,1:11.9,クビ,8.7,3.0,478(0),[東] 手塚貴久,202506030512
15,8,15,ワイノナオミ,牝4,56.0,田辺裕信,1:12.0,1/2,15.9,7.0,458(0),[西] 畑端省吾,202506030512
16,5,10,ルミッキ,牝4,56.0,三浦皇成,1:12.1,1/2,21.3,8.0,452(-4),[西] 橋口慎介,202506030512
1,4,6,ルチアーナ,牝3,52.0,長浜鴻緒,1:11.9,,1.6,1.0,448(-6),[東] 小笠倫弘,202506030601
2,3,5,コオリナラグーン,牝3,55.0,北村宏司,1:12.4,3,7.9,2.0,426(+4),[東] 古賀慎明,202506030601
3,2,2,エレパイオ,牝3,55.0,原優介,1:12.4,アタマ,15.0,5.0,492(+2),[東] 嘉藤貴行,202506030601
4,7,12,アルマリカシバ,牝3,55.0,大野拓弥,1:12.7,2,16.0,6.0,454(+4),[東] 中舘英二,202506030601
5,3,4,ドリームアンコール,牝3,55.0,木幡巧也,1:13.1,2.1/2,8.2,3.0,476(-6),[東] 田島俊明,202506030601
6,1,1,トキメキジニア,牝3,55.0,丸田恭介,1:13.4,1.1/2,13.6,4.0,472(+10),[東] 佐藤吉勝,202506030601
7,8,15,ヒルビリーエレジー,牝3,55.0,吉田豊,1:13.5,1/2,23.4,8.0,444(-2),[東] 戸田博文,202506030601
8,6,11,ラウレア,牝3,52.0,石神深道,1:13.5,クビ,25.5,9.0,432(-2),[東] 伊藤大士,202506030601
9,5,8,ティアップマッハ,牝3,55.0,岩部純二,1:13.6,1/2,17.3,7.0,452(-4),[東] 奥平雅士,202506030601
10,7,13,サンパギータチャン,牝3,52.0,佐藤翔馬,1:14.2,3.1/2,135.0,11.0,388(-2),[東] 杉浦宏昭,202506030601
11,4,7,カシノベティ,牝3,52.0,土田真翔,1:14.3,3/4,373.7,15.0,448(-2),[東] 和田雄二,202506030601
12,2,3,ニシノステディミキ,牝3,52.0,今村聖奈,1:14.7,2.1/2,160.9,12.0,460(-8),[東] 加藤和宏,202506030601
13,5,9,ゴールデンマーチ,牝3,55.0,石川裕紀,1:15.3,3.1/2,198.5,13.0,392(+8),[東] 新開幸一,202506030601
14,8,14,グレコ,牝3,55.0,野中悠太,1:15.4,1/2,289.7,14.0,420(-6),[東] 加藤和宏,202506030601
15,6,10,ルルファーレ,牝3,55.0,江田照男,1:16.2,5,44.6,10.0,442(+2),[東] 菊沢隆徳,202506030601
1,1,1,スマートクオーレ,牡3,57.0,木幡初也,1:55.0,,72.9,10.0,490(+2),[東] 粕谷昌央,202506030602
2,6,11,ネイチャーズロウ,牡3,57.0,シュタル,1:55.1,1/2,3.0,1.0,488(0),[東] 大竹正博,202506030602
3,4,8,ミセスリリー,牝3,55.0,石川裕紀,1:55.3,1.1/4,16.5,6.0,458(-2),[東] 上原佑紀,202506030602
4,3,6,デルマエアロール,牝3,55.0,野中悠太,1:55.3,アタマ,9.0,4.0,450(-8),[東] 大和田成,202506030602
5,5,10,ヒサエノオモカゲ,牝3,52.0,長浜鴻緒,1:55.6,1.3/4,4.3,3.0,482(-2),[東] 千葉直人,202506030602
6,8,15,グラスビジョン,牡3,57.0,木幡巧也,1:55.7,1/2,36.3,7.0,426(+2),[東] 佐藤吉勝,202506030602
7,5,9,トレインザマインド,セ3,57.0,内田博幸,1:55.7,ハナ,3.3,2.0,544(0),[東] 中舘英二,202506030602
8,2,3,ルグランシャリオ,牡3,57.0,丸田恭介,1:56.0,1.1/2,10.0,5.0,514(-6),[東] 石栗龍彦,202506030602
9,7,14,ステイアンビシャス,牡3,57.0,松岡正海,1:56.4,2.1/2,44.1,9.0,488(+6),[東] 堀内岳志,202506030602
10,8,16,ナックエルドラド,牡3,57.0,吉田豊,1:56.6,1.1/4,162.4,11.0,496(+4),[東] 小野次郎,202506030602
11,1,2,ブルンツヴィーク,牡3,57.0,北村宏司,1:57.1,3,38.7,8.0,478(0),[東] 柄崎将寿,202506030602
12,2,4,カイトヴィント,牡3,57.0,柴田大知,1:57.3,1.1/4,312.0,16.0,484(+4),[東] 和田雄二,202506030602
13,7,13,アスコットロマン,牡3,57.0,江田照男,1:57.9,4,173.5,13.0,480(+4),[東] 天間昭一,202506030602
14,6,12,キャプティバ,牡3,57.0,小林脩斗,1:58.2,1.1/2,245.5,15.0,494(-2),[東] 佐藤吉勝,202506030602
15,4,7,クレヨンポップ,牡3,57.0,石橋脩,1:58.2,クビ,166.0,12.0,484(+2),[東] 水野貴広,202506030602
16,3,5,エイチエヌハーモニ,牡3,57.0,原田和真,2:01.4,大,211.6,14.0,488(-6),[東] 蛯名利弘,202506030602
1,7,13,サンライズジュピタ,牡3,57.0,小林脩斗,1:12.4,,8.7,3.0,494(-2),[西] 石坂公一,202506030603
2,5,9,コンパクトファイト,牡3,54.0,石神深道,1:12.8,2.1/2,22.5,7.0,422(-2),[東] 天間昭一,202506030603
3,4,8,タッカーバリアント,牡3,57.0,吉田豊,1:12.8,ハナ,1.7,1.0,468(0),[東] 田島俊明,202506030603
4,7,14,ガトリンテソーロ,牡3,57.0,木幡巧也,1:13.2,2,268.9,12.0,458(-8),[東] 菊川正達,202506030603
5,4,7,イモルテル,セ3,57.0,石橋脩,1:13.4,1.1/4,15.9,5.0,502(0),[西] 清水久詞,202506030603
6,1,2,ヤスケ,牡3,57.0,野中悠太,1:13.4,クビ,22.3,6.0,500(-2),[東] 中舘英二,202506030603
7,6,11,ガールネクストドア,牝3,55.0,内田博幸,1:13.4,ハナ,209.7,11.0,438(+6),[東] 南田美知,202506030603
8,1,1,モズレイラココナ,牝3,55.0,松岡正海,1:13.6,3/4,9.0,4.0,456(0),[西] 杉山佳明,202506030603
9,8,16,リュウジンオー,牡3,57.0,横山和生,1:13.6,アタマ,4.6,2.0,456(+2),[西] 野中賢二,202506030603
10,6,12,リラキトス,牡3,57.0,原優介,1:13.9,1.3/4,31.5,9.0,504(-4),[東] 高木登,202506030603
11,2,4,ビップモアナ,牝3,55.0,小林凌大,1:14.4,3,442.8,15.0,476(-6),[東] 田島俊明,202506030603
12,5,10,ラストヨンマル,牡3,54.0,長浜鴻緒,1:14.8,2.1/2,309.6,14.0,462(0),[東] 伊藤伸一,202506030603
13,3,5,テーオートムソン,牡3,57.0,小坂忠士,1:14.9,1/2,29.7,8.0,484(-6),[西] 奥村豊,202506030603
14,2,3,サクラジマ,セ3,53.0,谷原柚希,1:15.0,3/4,291.5,13.0,422(-2),[東] 高橋文雅,202506030603
15,3,6,オーロプロサングエ,牡3,57.0,北村宏司,1:15.2,1.1/4,135.4,10.0,478(-4),[東] 伊藤大士,202506030603
16,8,15,シャトーホークビル,牡3,54.0,佐藤翔馬,1:15.3,3/4,546.4,16.0,438(-10),[東] 加藤和宏,202506030603
1,6,9,シホノスペランツァ,牡6,60.0,高田潤,3:13.0,,3.4,1.0,478(-6),[西] 寺島良,202506030604
2,2,2,ヒルズカーン,牡5,60.0,草野太郎,3:14.5,9,7.6,5.0,506(+4),[東] 松永康利,202506030604
3,6,8,コスモゴレアドール,牡6,57.0,土田真翔,3:15.2,4,15.8,6.0,440(0),[東] 土田稔,202506030604
4,3,3,スペクトログラム,牡6,60.0,小牧加矢,3:15.5,1.3/4,5.6,3.0,514(-2),[西] 池江泰寿,202506030604
5,5,6,ノアフェイス,牡4,57.0,坂口智康,3:15.6,1/2,3.9,2.0,516(0),[東] 武藤善則,202506030604
6,1,1,リオンエトワール,セ5,60.0,大江原圭,3:16.6,6,5.7,4.0,440(+2),[東] 堀内岳志,202506030604
7,8,13,マグナレガリア,牡4,59.0,五十嵐雄,3:17.9,8,17.6,7.0,488(+6),[東] 相沢郁,202506030604
8,4,5,コスモエスメラルダ,牝4,57.0,小野寺祐,3:18.2,2,83.7,12.0,514(0),[東] 土田稔,202506030604
9,5,7,アナザーエース,牡5,57.0,井上敏樹,3:18.6,2.1/2,46.2,9.0,506(+4),[西] 宮徹,202506030604
10,7,11,カイザーブリッツ,セ5,60.0,上野翔,3:21.0,大,34.0,8.0,472(-8),[東] 伊藤圭三,202506030604
11,4,4,ワンダージュノ,セ6,60.0,田村太雅,3:24.3,大,106.9,13.0,488(+10),[西] 森田直行,202506030604
12,7,10,スタボーンイメル,牡5,60.0,難波剛健,3:24.5,1.1/2,68.5,11.0,516(-4),[西] 高橋義忠,202506030604
13,8,12,ジッピーレーサー,セ8,60.0,伴啓太,3:25.5,6,59.5,10.0,484(+10),[東] 天間昭一,202506030604
1,4,7,ドルビナ,牡3,57.0,大野拓弥,1:34.9,,2.4,1.0,458(+8),[東] 杉浦宏昭,202506030605
2,4,8,コンヴァージョン,牡3,57.0,丸田恭介,1:34.9,クビ,13.0,5.0,458(-2),[東] 上原博之,202506030605
3,3,5,リケアキャンディ,牝3,55.0,松岡正海,1:35.0,クビ,37.9,8.0,430(-4),[東] 蛯名利弘,202506030605
4,5,9,ショウナンタハティ,牡3,57.0,シュタル,1:35.0,アタマ,5.3,2.0,502(0),[東] 大竹正博,202506030605
5,1,1,ディフューズ,牝3,55.0,木幡育也,1:35.3,1.1/2,109.0,14.0,412(0),[東] 勢司和浩,202506030605
5,3,6,スペシャルバニー,牝3,55.0,菅原明良,1:35.3,同着,6.1,4.0,394(-2),[東] 田村康仁,202506030605
7,5,10,シャンパングラス,牡3,57.0,原優介,1:35.3,クビ,54.1,11.0,440(0),[東] 池上昌和,202506030605
8,2,3,ムーンレイデオ,牝3,55.0,野中悠太,1:35.4,クビ,86.1,12.0,432(+4),[東] 小野次郎,202506030605
9,2,4,エマリオンレイ,牝3,55.0,小林脩斗,1:35.5,1.1/4,45.5,9.0,442(-14),[東] 青木孝文,202506030605
10,6,12,フミマーズ,牝3,52.0,石神深道,1:35.8,1.3/4,281.8,16.0,422(-10),[東] 古賀慎明,202506030605
11,8,16,ニシノハナビ,牝3,52.0,長浜鴻緒,1:35.8,クビ,106.3,13.0,398(0),[東] 鈴木伸尋,202506030605
12,6,11,プリンセスロロ,牝3,55.0,吉田豊,1:35.9,1/2,5.5,3.0,420(0),[東] 戸田博文,202506030605
13,7,13,エムティキング,牡3,57.0,石橋脩,1:36.1,1,23.5,7.0,432(+2),[東] 小野次郎,202506030605
14,8,15,チャンキーバングル,牝3,55.0,北村宏司,1:36.5,2.1/2,13.9,6.0,434(+2),[東] 萩原清,202506030605
15,1,2,ホウオウパシュート,牡3,57.0,横山和生,1:37.7,7,46.6,10.0,454(0),[東] 蛯名正義,202506030605
16,7,14,レナーテテソーロ,牝3,55.0,木幡巧也,1:38.3,3.1/2,246.2,15.0,356(-14),[東] 牧光二,202506030605
1,4,8,シャドウメテオ,牝3,55.0,菅原明良,2:01.7,,8.4,4.0,446(-10),[東] 金成貴史,202506030606
2,7,14,マカナ,牝3,55.0,北村宏司,2:01.8,3/4,2.4,1.0,454(+4),[東] 伊藤大士,202506030606
3,5,10,ネポティズムベビー,牝3,55.0,内田博幸,2:02.2,2,5.3,3.0,496(+8),[東] 嘉藤貴行,202506030606
4,7,13,テルケンユミクイン,牝3,55.0,吉田豊,2:02.2,アタマ,9.3,5.0,510(-16),[東] 田島俊明,202506030606
5,3,6,フィエールガール,牝3,55.0,木幡巧也,2:02.2,クビ,46.6,8.0,448(-8),[東] 土田稔,202506030606
6,4,7,ビジュードネージュ,牝3,55.0,横山和生,2:02.3,3/4,4.3,2.0,422(-4),[西] 高柳大輔,202506030606
7,1,1,ヴィヴィッドムーン,牝3,52.0,石神深道,2:02.4,クビ,14.2,6.0,476(-16),[東] 古賀慎明,202506030606
8,5,9,イドリス,牝3,52.0,長浜鴻緒,2:02.6,1.1/2,92.4,11.0,414(-10),[東] 和田勇介,202506030606
9,6,11,エバーステイ,牝3,55.0,大野拓弥,2:02.6,ハナ,130.3,13.0,414(0),[東] 久保田貴,202506030606
10,2,4,アオイウィンダム,牝3,55.0,石橋脩,2:02.8,3/4,92.4,11.0,474(+2),[東] 本間忍,202506030606
11,8,17,トラストモアリズム,牝3,52.0,今村聖奈,2:02.9,1/2,173.7,15.0,420(0),[東] 高橋文雅,202506030606
12,8,16,ショウナンバージ,牝3,55.0,原優介,2:03.7,5,149.7,14.0,416(0),[東] 稲垣幸雄,202506030606
13,1,2,ヴィルナタール,牝3,55.0,石川裕紀,2:03.8,1/2,29.4,7.0,442(0),[東] 手塚貴久,202506030606
14,3,5,スパークルノヴァ,牝3,55.0,江田照男,2:04.2,2.1/2,210.6,16.0,406(+4),[東] 蛯名正義,202506030606
15,6,12,アズーラ,牝3,55.0,小林脩斗,2:04.2,ハナ,317.5,18.0,404(-10),[東] 佐藤吉勝,202506030606
16,8,18,アイトカコイトカ,牝3,55.0,菅原隆一,2:04.5,2,285.6,17.0,450(+4),[東] 小手川準,202506030606
17,7,15,ミルキープリンセス,牝3,55.0,シュタル,2:06.4,大,82.8,9.0,524(0),[東] 大竹正博,202506030606
18,2,3,ブリッジジェイアイ,牝3,55.0,横山典弘,2:07.5,7,88.3,10.0,394(+2),[東] 村田一誠,202506030606
1,6,6,ニューファウンド,セ3,57.0,石川裕紀,1:54.6,,5.6,3.0,510(-2),[東] 相沢郁,202506030607
2,7,7,コスモコンフェルマ,牡3,54.0,長浜鴻緒,1:54.7,クビ,22.4,7.0,470(+4),[東] 鈴木慎太,202506030607
3,8,10,フジレイメイ,牡3,57.0,松岡正海,1:55.1,2.1/2,13.5,4.0,482(-2),[東] 小笠倫弘,202506030607
4,2,2,ロンパイア,牡3,57.0,シュタル,1:55.2,3/4,23.8,8.0,474(0),[東] 尾関知人,202506030607
5,7,8,シャイニーシップ,牡3,57.0,吉田豊,1:55.3,3/4,2.6,2.0,482(-4),[東] 畠山吉宏,202506030607
6,3,3,シマサンブラック,牡3,57.0,菅原明良,1:55.6,2,15.6,5.0,464(-18),[東] 蛯名正義,202506030607
7,8,9,キョウエイタイコ,牝3,55.0,原優介,1:56.0,2.1/2,17.7,6.0,470(+4),[東] 勢司和浩,202506030607
8,4,4,ランニングホット,牝3,52.0,土田真翔,1:56.7,4,184.0,10.0,398(+1),[東] 田村康仁,202506030607
9,1,1,チンプンカンプン,牡3,57.0,柴田大知,1:56.7,クビ,108.4,9.0,466(-2),[東] 奥平雅士,202506030607
10,5,5,リバースザトレンド,牝3,55.0,横山和生,1:56.8,1/2,2.5,1.0,428(0),[東] 中舘英二,202506030607
1,6,11,ハードセルツァー,牡3,57.0,大野拓弥,1:11.2,,2.8,1.0,476(-4),[東] 堀宣行,202506030608
2,6,12,ワンダラー,牡3,57.0,内田博幸,1:11.2,アタマ,18.7,6.0,528(+8),[東] 黒岩陽一,202506030608
3,8,16,ルシード,牡3,57.0,野中悠太,1:11.5,1.3/4,4.0,2.0,512(+6),[東] 田島俊明,202506030608
4,4,8,カウスリップ,牝3,55.0,横山和生,1:11.6,1/2,4.8,3.0,524(-14),[東] 中舘英二,202506030608
5,3,6,フェスタリア,牡3,57.0,菅原明良,1:12.0,2.1/2,11.9,4.0,448(+6),[東] 矢野英一,202506030608
6,4,7,ジャスパーソレイユ,牡3,57.0,江田照男,1:12.0,ハナ,15.5,5.0,472(-2),[西] 森秀行,202506030608
7,7,13,シルフズミスチーフ,牝3,55.0,北村宏司,1:12.1,アタマ,20.4,7.0,442(-4),[西] 池江泰寿,202506030608
8,8,15,ナリノエンブレム,牝3,55.0,シュタル,1:12.4,2,32.8,10.0,478(+4),[東] 加藤征弘,202506030608
9,3,5,ケイツーギルダー,牡3,57.0,丸田恭介,1:12.4,クビ,98.6,13.0,490(-6),[東] 千葉直人,202506030608
10,5,9,リクエイ,牝3,55.0,木幡初也,1:12.5,アタマ,35.3,11.0,418(-2),[東] 竹内正洋,202506030608
11,5,10,オカメノコイ,牝3,55.0,原優介,1:12.5,クビ,121.5,15.0,460(+6),[東] 小笠倫弘,202506030608
12,7,14,ルイステソーロ,牡3,57.0,柴田大知,1:12.9,2.1/2,59.3,12.0,482(-6),[東] 畠山吉宏,202506030608
13,2,4,アドバンテスロード,牡3,54.0,石神深道,1:13.0,1/2,131.3,16.0,460(+2),[東] 斎藤誠,202506030608
14,2,3,キープサインオン,牡3,57.0,横山典弘,1:13.4,2,22.2,8.0,480(+4),[東] 加藤征弘,202506030608
15,1,2,エベリンテソーロ,牝3,55.0,木幡巧也,1:13.6,1.1/4,104.9,14.0,462(-6),[東] 加藤士津,202506030608
16,1,1,キアニーナ,牝3,55.0,松岡正海,1:14.5,5,23.8,9.0,502(-6),[東] 宮田敬介,202506030608
1,8,11,コスモジンバック,牡4,58.0,石橋脩,2:34.5,,3.4,1.0,496(+2),[東] 相沢郁,202506030609
2,7,8,ロードブレイズ,牡4,58.0,横山和生,2:35.0,3,8.2,5.0,506(+4),[東] 稲垣幸雄,202506030609
3,7,9,シゲルカミカゼ,牡5,58.0,大野拓弥,2:35.1,1/2,15.8,7.0,524(-8),[東] 松山将樹,202506030609
4,2,2,トクシースタローン,牡6,58.0,内田博幸,2:35.2,クビ,7.0,4.0,514(+14),[東] 辻哲英,202506030609
5,3,3,ソウルアンドジャズ,牡4,58.0,木幡巧也,2:35.2,クビ,6.8,3.0,506(-2),[東] 武井亮,202506030609
6,4,4,アンバードール,牡4,58.0,石川裕紀,2:35.3,クビ,3.9,2.0,510(-4),[西] 吉岡辰弥,202506030609
7,8,10,タナサンブラック,牡5,58.0,菅原明良,2:35.4,3/4,8.9,6.0,506(-2),[東] 伊坂重信,202506030609
8,6,7,クールブロン,牡5,58.0,北村宏司,2:35.6,1,37.0,10.0,536(0),[西] 井上智史,202506030609
9,1,1,パーサヴィアランス,牡6,58.0,丸田恭介,2:36.8,7,31.6,9.0,472(0),[西] 西村真幸,202506030609
10,6,6,アーマルコライト,牡4,58.0,シュタル,2:37.3,3,16.4,8.0,530(-2),[西] 寺島良,202506030609
11,5,5,ヴォーグマチネ,牡7,58.0,松岡正海,2:37.6,1.1/2,164.0,11.0,500(0),[東] 堀内岳志,202506030609
1,3,3,ルカランフィースト,牡4,58.0,菅原明良,2:01.8,,3.5,1.0,478(0),[東] 鹿戸雄一,202506030610
2,5,5,トーアライデン,牡5,58.0,横山和生,2:01.8,ハナ,5.6,4.0,500(-4),[西] 河嶋宏樹,202506030610
3,7,7,ヤマニンガラッシア,牡8,58.0,大野拓弥,2:02.0,1.1/4,9.9,6.0,458(-2),[東] 辻哲英,202506030610
4,6,6,ピンキープロミス,牡5,58.0,木幡巧也,2:02.1,1/2,24.0,7.0,484(-8),[東] 畠山吉宏,202506030610
5,8,9,プリズマジコ,牡4,58.0,シュタル,2:02.3,1.1/4,4.2,2.0,444(+2),[西] 高橋義忠,202506030610
6,2,2,ナイトスラッガー,牡4,58.0,内田博幸,2:02.3,アタマ,6.3,5.0,512(-14),[西] 小栗実,202506030610
7,1,1,ロゼル,牡5,58.0,野中悠太,2:02.4,クビ,41.0,8.0,486(-6),[東] 大和田成,202506030610
8,7,8,バンフィエルド,牡6,58.0,石橋脩,2:02.4,クビ,76.0,10.0,430(-2),[西] 緒方努,202506030610
9,8,10,ビターグラッセ,牝5,56.0,石川裕紀,2:02.6,1,5.2,3.0,518(+20),[東] 栗田徹,202506030610
10,4,4,サクセスドレーク,牡6,58.0,北村宏司,2:02.8,1.1/2,41.0,9.0,508(-2),[西] 野中賢二,202506030610
1,5,8,ヨシノイースター,牡7,57.5,内田博幸,1:08.0,,6.5,3.0,486(+6),[西] 中尾秀正,202506030611
2,5,7,ロードフォアエース,牡4,56.5,石川裕紀,1:08.2,1.1/2,2.8,1.0,544(+4),[西] 友道康夫,202506030611
3,4,5,デュガ,セ6,55.0,江田照男,1:08.2,アタマ,94.2,12.0,492(-8),[西] 森秀行,202506030611
4,6,9,ティニア,牡5,55.0,横山和生,1:08.2,ハナ,11.0,6.0,510(+2),[西] 池江泰寿,202506030611
5,3,4,ショウナンハクラク,牡6,56.0,シュタル,1:08.3,1/2,19.7,9.0,478(+2),[西] 松下武士,202506030611
6,2,2,ジョーメッドヴィン,牡4,55.0,松岡正海,1:08.6,1.1/2,8.6,5.0,520(+10),[西] 清水久詞,202506030611
7,7,12,カリボール,牡9,56.0,丸田恭介,1:08.6,アタマ,221.8,14.0,498(+6),[西] 西村真幸,202506030611
8,3,3,サウザンサニー,牡5,55.0,大野拓弥,1:08.7,1/2,14.6,7.0,520(0),[東] 岩戸孝樹,202506030611
9,7,11,ミルトクレイモー,牡5,55.0,吉田豊,1:08.7,クビ,16.6,8.0,520(+6),[西] 中村直也,202506030611
10,4,6,メイクアスナッチ,牝5,53.0,石神深道,1:08.8,クビ,71.6,11.0,446(-6),[東] 武市康男,202506030611
11,8,14,ディヴィナシオン,牡8,55.0,柴田大知,1:08.8,アタマ,64.4,10.0,480(0),[西] 森秀行,202506030611
12,6,10,ステークホルダー,牡5,55.0,菅原明良,1:08.8,ハナ,5.4,2.0,464(-2),[東] 斎藤誠,202506030611
13,8,13,ミッキーハーモニー,牝6,53.0,北村宏司,1:09.2,2.1/2,7.9,4.0,466(-2),[東] 萩原清,202506030611
14,1,1,チェアリングソング,セ8,54.0,原優介,1:09.3,1/2,136.2,13.0,474(-2),[東] 青木孝文,202506030611
1,4,8,ソーニャシュニク,牝4,53.0,今村聖奈,1:11.0,,3.2,2.0,470(0),[東] 武井亮,202506030612
2,6,12,グラスブランシュ,牝4,56.0,大野拓弥,1:11.6,3.1/2,10.0,4.0,464(-6),[東] 松山将樹,202506030612
3,1,1,カルネヴァーレ,牝4,56.0,内田博幸,1:11.9,2,23.8,8.0,524(0),[東] 菊沢隆徳,202506030612
4,8,15,チェルシー,牝4,53.0,長浜鴻緒,1:12.0,クビ,2.3,1.0,442(-2),[東] 中舘英二,202506030612
5,5,9,フォンメイリー,牝6,56.0,原優介,1:12.0,クビ,42.2,10.0,490(+6),[東] 粕谷昌央,202506030612
6,2,4,マーゴットレーヴ,牝5,56.0,吉田豊,1:12.1,クビ,8.7,3.0,476(+4),[東] 伊坂重信,202506030612
7,2,3,ペイシャニット,牝4,56.0,江田照男,1:12.2,1/2,102.4,11.0,466(-2),[東] 伊藤伸一,202506030612
8,6,11,サンリコリス,牝4,56.0,岩部純二,1:12.2,ハナ,13.7,5.0,446(+2),[東] 萱野浩二,202506030612
9,7,14,イリディセント,牝4,56.0,北村宏司,1:12.3,3/4,33.0,9.0,464(-4),[東] 田中剛,202506030612
10,3,5,ラヴァグロウ,牝5,56.0,丸田恭介,1:12.3,ハナ,14.8,6.0,450(-4),[東] 畠山吉宏,202506030612
11,8,16,モダンフリンジ,牝5,52.0,谷原柚希,1:12.7,2.1/2,293.0,15.0,472(+4),[東] 伊藤圭三,202506030612
12,4,7,ヨドノルミナス,牝4,53.0,佐藤翔馬,1:12.9,1.1/4,232.1,13.0,466(-8),[東] 杉浦宏昭,202506030612
13,7,13,ジェイエルトランス,牝5,56.0,小林凌大,1:13.0,1/2,256.5,14.0,422(+10),[東] 小西一男,202506030612
14,1,2,ベリーベリーベリー,牝5,56.0,菅原明良,1:13.4,2.1/2,19.8,7.0,456(+6),[東] 鈴木伸尋,202506030612
15,5,10,ブルーデイジー,牝6,56.0,的場勇人,1:13.7,2,394.7,16.0,452(-2),[東] 的場均,202506030612
16,3,6,ゲッティン,牝5,56.0,西村太一,1:15.2,9,218.8,12.0,506(+28),[東] 加藤征弘,202506030612
1,4,5,ドナカルナバル,牝3,55.0,菅原明良,1:11.9,,3.8,2.0,476(+4),[東] 高木登,202506030701
2,6,10,ハーモニーソング,牝3,55.0,モレイラ,1:11.9,クビ,1.3,1.0,456(+4),[東] 田島俊明,202506030701
3,5,8,ピコグリーン,牝3,55.0,木幡巧也,1:12.7,5,102.0,12.0,454(+2),[東] 牧光二,202506030701
4,6,9,シンガソング,牝3,55.0,杉原誠人,1:13.2,3,14.1,3.0,428(0),[東] 土田稔,202506030701
5,8,13,サトミノマリア,牝3,55.0,津村明秀,1:13.3,3/4,26.4,4.0,492(0),[東] 鈴木伸尋,202506030701
6,3,4,シスター,牝3,55.0,北村宏司,1:13.4,クビ,49.4,7.0,484(0),[東] 勢司和浩,202506030701
7,4,6,ラヴィングユー,牝3,52.0,佐藤翔馬,1:13.7,1.3/4,35.7,5.0,496(0),[西] 谷潔,202506030701
8,3,3,キカオクベシ,牝3,53.0,長浜鴻緒,1:13.7,クビ,78.0,9.0,448(0),[東] 根本康広,202506030701
9,8,14,エウテルペ,牝3,55.0,石川裕紀,1:13.9,1,81.9,10.0,456(-4),[東] 和田正一,202506030701
10,7,12,カシノベティ,牝3,52.0,土田真翔,1:14.3,2.1/2,327.8,14.0,448(0),[東] 和田雄二,202506030701
11,2,2,ギフトバスケット,牝3,55.0,内田博幸,1:14.3,アタマ,69.5,8.0,412(-4),[東] 小西一男,202506030701
12,5,7,トロピカルレイン,牝3,55.0,三浦皇成,1:14.4,3/4,42.9,6.0,478(-4),[西] 斉藤崇史,202506030701
13,1,1,アカイツキ,牝3,55.0,松岡正海,1:15.2,5,183.1,13.0,482(-6),[西] 牧田和弥,202506030701
14,7,11,リリアンファスト,牝3,55.0,横山和生,1:15.3,1/2,89.7,11.0,442(+4),[東] 嘉藤貴行,202506030701
1,4,4,リザードアイランド,牡3,57.0,横山和生,1:53.3,,3.8,3.0,482(-4),[東] 田村康仁,202506030702
2,6,6,スコーピオンイメル,牡3,57.0,石橋脩,1:54.0,4,2.4,1.0,490(-4),[西] 武英智,202506030702
3,3,3,セブンスウェイ,牡3,57.0,丸田恭介,1:54.7,4,10.9,4.0,498(-4),[東] 清水英克,202506030702
4,2,2,マーゴットゲイン,牡3,57.0,木幡巧也,1:55.2,2.1/2,34.3,6.0,466(+6),[東] 伊坂重信,202506030702
5,1,1,カーフキック,牡3,57.0,モレイラ,1:55.4,1.1/4,2.6,2.0,446(-2),[東] 高橋文雅,202506030702
6,8,10,パブリックスフィア,牡3,57.0,北村宏司,1:55.6,1.1/2,80.8,8.0,454(-6),[東] 奥村武,202506030702
7,7,8,ブラーブデシジョン,牡3,57.0,野中悠太,1:56.7,7,51.7,7.0,456(-2),[東] 牧光二,202506030702
8,8,9,ロジアヴァンセ,牡3,57.0,三浦皇成,1:57.3,3.1/2,22.1,5.0,500(+2),[東] 新開幸一,202506030702
9,7,7,キャバリエクエスト,牡3,55.0,長浜鴻緒,1:58.0,4,260.0,9.0,474(+6),[東] 大和田成,202506030702
10,5,5,リネンフラッシュ,セ3,57.0,柴田大知,1:58.7,4,287.5,10.0,450(+4),[東] 粕谷昌央,202506030702
1,1,1,ショーモッシュ,牡3,57.0,横山武史,1:12.8,,4.3,2.0,504(0),[東] 鈴木伸尋,202506030703
2,4,8,ショウナンラリー,牡3,57.0,吉田豊,1:12.8,クビ,2.3,1.0,482(-8),[東] 嘉藤貴行,202506030703
3,7,13,エスシーレベッカ,牝3,55.0,田辺裕信,1:13.2,2,32.9,8.0,446(-12),[東] 加藤士津,202506030703
4,5,9,フルグライト,牡3,57.0,松岡正海,1:13.2,クビ,31.6,7.0,466(-2),[東] 堀内岳志,202506030703
5,8,16,ウインレアリゼ,牝3,55.0,三浦皇成,1:13.3,1/2,10.8,5.0,462(-2),[東] 小手川準,202506030703
6,3,5,カフェブーケット,牡3,57.0,横山和生,1:13.5,1.1/4,48.8,10.0,480(0),[東] 柄崎将寿,202506030703
7,6,11,ベルレオーネ,牡3,57.0,石川裕紀,1:13.6,1/2,84.3,14.0,460(0),[東] 天間昭一,202506030703
8,4,7,ビレッジルミエール,牝3,52.0,佐藤翔馬,1:13.6,ハナ,37.5,9.0,444(+2),[東] 伊藤圭三,202506030703
9,8,15,コウソクグルーヴ,牝3,55.0,北村宏司,1:13.6,アタマ,5.7,3.0,434(-6),[東] 中舘英二,202506030703
10,5,10,アルパインハット,牝3,55.0,大野拓弥,1:13.7,1/2,8.6,4.0,432(-6),[東] 上原博之,202506030703
11,7,14,オロパタジン,牡3,55.0,長浜鴻緒,1:13.9,1.1/4,26.7,6.0,474(+8),[東] 相沢郁,202506030703
12,2,3,ペイシャケリー,牝3,55.0,野中悠太,1:14.0,1/2,54.8,11.0,440(-2),[東] 本間忍,202506030703
13,6,12,アイビーガオー,牡3,57.0,原優介,1:14.1,1/2,61.8,12.0,436(+2),[東] 青木孝文,202506030703
14,3,6,アオイフォトグラフ,牝3,52.0,土田真翔,1:14.5,2.1/2,406.3,16.0,500(-2),[東] 加藤和宏,202506030703
15,1,2,リケアエスプレッソ,牡3,57.0,江田照男,1:15.4,5,79.5,13.0,446(-4),[東] 小野次郎,202506030703
16,2,4,クールマーキュリー,牡3,57.0,石橋脩,1:16.3,5,181.3,15.0,438(0),[東] 矢野英一,202506030703
1,8,13,アルティテュード,牡3,57.0,モレイラ,1:55.3,,1.8,1.0,486(-6),[東] 森一誠,202506030704
2,4,4,メイショウコウベ,牡3,57.0,大野拓弥,1:55.8,3,2.9,2.0,476(+2),[東] 和田勇介,202506030704
3,8,12,ステイアンビシャス,牡3,57.0,松岡正海,1:56.4,3.1/2,37.2,5.0,488(0),[東] 堀内岳志,202506030704
4,2,2,エイシンパルサー,牡3,57.0,江田照男,1:56.5,1/2,77.6,9.0,502(-6),[東] 田中剛,202506030704
5,1,1,ホウオウサンサール,牡3,57.0,菅原明良,1:56.6,1/2,4.8,3.0,508(0),[東] 高木登,202506030704
6,4,5,コスモグッドラック,牡3,57.0,柴田大知,1:56.6,クビ,51.4,6.0,508(0),[東] 松永康利,202506030704
7,3,3,タガノアニマシオン,セ3,57.0,城戸義政,1:57.6,6,69.5,7.0,480(0),[西] 奥村豊,202506030704
8,7,10,グランスターオー,牡3,54.0,土田真翔,1:57.6,クビ,257.6,12.0,492(-10),[東] 加藤和宏,202506030704
9,7,11,ハッスルアニキ,牡3,55.0,長浜鴻緒,1:58.1,3,150.2,10.0,474(-4),[東] 鈴木慎太,202506030704
10,5,6,アスクコモンタレヴ,牡3,57.0,北村宏司,1:58.1,アタマ,15.7,4.0,450(-4),[西] 梅田智之,202506030704
11,5,7,ジュンベルベット,牡3,57.0,木幡巧也,1:58.1,アタマ,255.8,11.0,444(-2),[東] 伊坂重信,202506030704
12,6,9,ミヤファイター,牝3,55.0,原優介,1:58.5,2.1/2,74.3,8.0,486(-6),[東] 小手川準,202506030704
13,6,8,ステイラッキー,牝3,55.0,内田博幸,1:59.1,3.1/2,275.6,13.0,448(-14),[東] 天間昭一,202506030704
1,4,7,リバーバレイト,牡3,57.0,モレイラ,1:32.0,,1.3,1.0,458(-4),[東] 堀宣行,202506030705
2,1,1,トレヴィ,牝3,55.0,津村明秀,1:32.5,3,3.2,2.0,440(-4),[東] 木村哲也,202506030705
3,6,11,タイキブライトン,牡3,57.0,原優介,1:33.0,3,14.8,3.0,452(-2),[東] 萱野浩二,202506030705
4,8,15,ワイドリューレント,牝3,55.0,城戸義政,1:33.5,3,39.1,4.0,452(0),[西] 奥村豊,202506030705
5,3,5,エマリオンレイ,牝3,55.0,丸田恭介,1:33.5,アタマ,46.2,6.0,436(-6),[東] 青木孝文,202506030705
6,2,3,ムーンナイト,牡3,57.0,木幡巧也,1:33.6,クビ,117.6,9.0,544(-2),[東] 黒岩陽一,202506030705
7,2,4,ジャスマン,牡3,57.0,木幡育也,1:33.8,1.1/2,66.7,7.0,474(-8),[東] 菊沢隆徳,202506030705
8,3,6,オニムシャ,牡3,57.0,石橋脩,1:34.0,1.1/4,102.8,8.0,444(-2),[西] 松永幹夫,202506030705
9,5,9,フルールネージュ,牝3,52.0,佐藤翔馬,1:34.3,1.3/4,379.9,15.0,410(-1),[東] 武藤善則,202506030705
10,7,14,アレナトーレ,牝3,55.0,杉原誠人,1:34.3,ハナ,163.8,10.0,428(-10),[東] 西田雄一,202506030705
11,6,12,タッチザシーリング,牝3,55.0,野中悠太,1:34.5,1.1/4,260.9,13.0,432(+2),[東] 菊川正達,202506030705
12,8,16,アズーラ,牝3,55.0,岩部純二,1:35.0,3,414.4,16.0,398(-6),[東] 佐藤吉勝,202506030705
13,4,8,テルケンユミカグラ,牝3,55.0,石川裕紀,1:35.1,3/4,42.3,5.0,460(-18),[東] 矢嶋大樹,202506030705
14,7,13,キャレ,牝3,55.0,内田博幸,1:36.0,5,179.3,11.0,440(0),[東] 辻哲英,202506030705
15,5,10,クラウンジュエル,牡3,55.0,長浜鴻緒,1:36.0,ハナ,226.2,12.0,472(-9),[東] 尾関知人,202506030705
16,1,2,ルクストリッド,牡3,57.0,西村太一,1:49.0,大,296.8,14.0,462(0),[東] 浅利英明,202506030705
1,6,6,ノビリシマビジョン,牝3,55.0,横山武史,1:46.0,,3.4,2.0,484(0),[東] 青木孝文,202506030706
2,4,4,ミッキーマドンナ,牝3,55.0,モレイラ,1:46.2,1.1/4,1.8,1.0,458(0),[東] 堀宣行,202506030706
3,3,3,シェーンシュティア,牝3,55.0,三浦皇成,1:46.4,1.1/4,5.7,3.0,470(+8),[東] 林徹,202506030706
4,7,7,ショウナンサムデイ,牝3,55.0,横山和生,1:46.6,1.1/2,12.5,5.0,424(-4),[東] 奥村武,202506030706
5,2,2,キタノクニカラ,牝3,55.0,丸田恭介,1:46.6,アタマ,58.5,7.0,380(-2),[東] 小島茂之,202506030706
6,5,5,ザラタン,牝3,55.0,石川裕紀,1:46.8,1.1/4,8.9,4.0,428(-8),[西] 中竹和也,202506030706
7,8,8,ギフテッド,牝3,55.0,菅原明良,1:46.9,クビ,45.2,6.0,442(-10),[東] 武井亮,202506030706
8,1,1,ホリーアン,牝3,55.0,松岡正海,1:47.4,3,89.6,8.0,438(0),[東] 萱野浩二,202506030706
1,4,7,エラン,牡4,58.0,モレイラ,1:58.4,,4.1,2.0,468(-4),[東] 蛯名正義,202506030707
2,3,5,アンドローゼス,牝4,56.0,杉原誠人,1:58.4,クビ,26.9,7.0,454(+2),[東] 加藤士津,202506030707
3,8,14,フォルラニーニ,牡4,58.0,津村明秀,1:58.6,1,1.9,1.0,498(-6),[東] 手塚貴久,202506030707
4,4,6,ファイナルヒート,牡5,58.0,北村宏司,1:58.8,1,6.9,3.0,510(+10),[東] 古賀慎明,202506030707
5,2,3,タッチアンドムーブ,牡4,58.0,菅原明良,1:58.8,1/2,14.9,6.0,448(+4),[東] 栗田徹,202506030707
6,3,4,ミッキースターダム,セ4,58.0,石川裕紀,1:58.9,1/2,14.5,5.0,454(0),[西] 前川恭子,202506030707
7,5,8,キタノマキシム,牡4,58.0,松岡正海,1:59.1,1,43.6,9.0,492(+12),[東] 伊藤伸一,202506030707
8,5,9,イージーブリージー,牝4,56.0,横山武史,1:59.1,ハナ,11.6,4.0,444(+8),[東] 伊坂重信,202506030707
9,1,1,パーセルペーパー,牡4,58.0,柴田大知,1:59.2,クビ,304.2,15.0,440(-6),[東] 和田雄二,202506030707
10,2,2,モアナフリューゲル,牝4,56.0,吉田豊,1:59.4,1.1/4,165.3,12.0,454(-2),[東] 和田勇介,202506030707
11,6,10,ファルコンミノル,牡5,58.0,木幡巧也,1:59.5,1,33.9,8.0,442(-8),[東] 中舘英二,202506030707
12,8,15,アオイメルスイ,牝4,54.0,長浜鴻緒,1:59.6,1/2,77.0,11.0,426(-6),[東] 小西一男,202506030707
13,6,11,ロジウムエポック,牡5,58.0,江田照男,1:59.8,1,297.0,14.0,482(0),[東] 村田一誠,202506030707
14,7,12,ルージュランブル,牝4,56.0,横山和生,2:00.9,7,67.5,10.0,456(+2),[東] 萩原清,202506030707
15,7,13,ミサトベレーザ,牝4,53.0,佐藤翔馬,2:01.4,3,217.9,13.0,438(+16),[東] 勢司和浩,202506030707
1,5,8,マンダリンボレロ,牡5,58.0,松岡正海,1:53.7,,13.6,5.0,506(-8),[東] 伊藤伸一,202506030708
2,3,4,マリンバンカー,牡4,58.0,岩部純二,1:53.7,クビ,6.1,3.0,498(-6),[東] 南田美知,202506030708
3,8,14,マグマオーシャン,牡6,58.0,北村宏司,1:54.3,3.1/2,5.4,2.0,500(-10),[東] 武藤善則,202506030708
4,7,12,タナバタ,牡4,58.0,大野拓弥,1:54.4,1/2,9.7,4.0,496(+6),[東] 武井亮,202506030708
5,8,13,ミランカ,牝4,56.0,木幡巧也,1:54.4,ハナ,88.8,10.0,474(0),[東] 岩戸孝樹,202506030708
6,5,7,ウッドショック,牡6,58.0,菅原明良,1:54.5,クビ,13.6,6.0,520(+2),[東] 杉浦宏昭,202506030708
7,7,11,ミヤジテン,牝4,56.0,丸田恭介,1:54.5,クビ,161.6,12.0,488(-2),[東] 南田美知,202506030708
8,6,9,ネオシルバー,牡4,58.0,田辺裕信,1:54.7,1,1.8,1.0,500(0),[東] 小西一男,202506030708
9,4,6,タリスマン,牡4,58.0,伊藤工真,1:54.8,3/4,49.7,9.0,476(+4),[東] 金成貴史,202506030708
10,4,5,ヴァンナチュール,牡5,58.0,杉原誠人,1:54.9,1/2,37.9,8.0,480(0),[東] 林徹,202506030708
11,1,1,ダイタジャスティス,牡4,55.0,佐藤翔馬,1:56.8,大,182.8,14.0,500(-2),[東] 小野次郎,202506030708
12,3,3,ダノンフューチャー,牡6,58.0,石橋脩,1:57.3,3,29.4,7.0,518(-4),[西] 寺島良,202506030708
13,6,10,アベベ,牡4,58.0,野中悠太,1:57.4,クビ,107.4,11.0,486(+14),[東] 根本康広,202506030708
14,2,2,ストロングブラック,牡4,58.0,原優介,1:57.5,3/4,164.4,13.0,474(+2),[東] 粕谷昌央,202506030708
1,2,2,レッドエヴァンス,セ4,58.0,モレイラ,1:07.2,,1.8,1.0,490(-6),[西] 東田明士,202506030709
2,4,4,ピコアーガイル,牡4,57.0,北村宏司,1:07.4,1.1/4,5.3,3.0,484(-8),[東] 伊藤大士,202506030709
3,3,3,フーコサンライズ,牝4,56.0,杉原誠人,1:07.6,1.1/4,48.1,8.0,518(+18),[西] 加藤公太,202506030709
4,5,6,カリーシ,牝4,56.0,菅原明良,1:07.6,アタマ,3.4,2.0,448(-8),[東] 武井亮,202506030709
5,6,9,シックザイン,牡6,58.0,松岡正海,1:07.8,1.1/4,235.7,13.0,488(-2),[東] 水野貴広,202506030709
6,1,1,ジャガード,牡7,58.0,吉田豊,1:07.8,アタマ,181.3,11.0,420(0),[東] 和田雄二,202506030709
7,5,7,スミレファースト,牝4,56.0,三浦皇成,1:07.8,ハナ,27.5,6.0,456(0),[東] 加藤征弘,202506030709
8,7,11,アップストローク,セ6,58.0,大野拓弥,1:07.9,3/4,19.4,5.0,470(0),[東] 杉浦宏昭,202506030709
9,6,8,トーホウフランゴ,牝5,56.0,原優介,1:08.0,1/2,66.9,10.0,440(0),[西] 高橋康之,202506030709
10,8,13,トリップトゥムーン,牡6,58.0,柴田大知,1:08.1,1/2,228.9,12.0,466(+2),[東] 粕谷昌央,202506030709
11,7,10,ヘルメース,牡4,58.0,横山和生,1:08.2,1/2,45.8,7.0,482(0),[東] 伊藤圭三,202506030709
12,8,12,ピンクセイラー,牝6,56.0,津村明秀,1:08.3,3/4,62.5,9.0,456(0),[東] 小笠倫弘,202506030709
13,4,5,スーパーマン,牡5,58.0,横山武史,1:08.5,1,14.3,4.0,492(+2),[東] 岩戸孝樹,202506030709
1,2,3,ジョージテソーロ,牡4,58.0,菅原明良,1:52.6,,10.5,5.0,476(-8),[東] 嘉藤貴行,202506030710
2,5,9,エリカサファイア,牝4,56.0,津村明秀,1:52.7,クビ,25.3,7.0,500(-10),[東] 堀宣行,202506030710
3,8,15,レッドラパルマ,セ6,58.0,横山和生,1:53.3,4,36.3,9.0,500(-4),[東] 加藤征弘,202506030710
4,1,1,タンゴバイラリン,牡4,58.0,田辺裕信,1:53.4,1/2,17.1,6.0,518(+4),[東] 栗田徹,202506030710
5,6,12,オレデイイノカ,牡7,58.0,内田博幸,1:53.6,1.1/4,242.2,15.0,506(-8),[東] 古賀慎明,202506030710
6,2,4,エスティメート,牡6,58.0,丸田恭介,1:53.8,1,410.3,16.0,462(+2),[東] 大和田成,202506030710
7,7,13,テリフィックプラン,牡4,58.0,横山武史,1:53.9,1/2,2.5,1.0,488(-2),[東] 萩原清,202506030710
8,7,14,アスクビックスター,牡6,58.0,石川裕紀,1:53.9,クビ,102.7,12.0,470(-8),[西] 前川恭子,202506030710
9,3,5,ハッスルダンク,牡5,58.0,江田照男,1:54.0,3/4,90.7,11.0,448(-6),[東] 中川公成,202506030710
10,4,7,ロジアデレード,牡4,58.0,三浦皇成,1:54.1,クビ,5.4,3.0,498(0),[東] 稲垣幸雄,202506030710
11,8,16,シェットランド,牡5,58.0,大野拓弥,1:54.7,3.1/2,126.7,13.0,554(-8),[東] 久保田貴,202506030710
12,6,11,クロースコンバット,牡6,58.0,原優介,1:55.0,2,62.4,10.0,496(-4),[東] 青木孝文,202506030710
13,5,10,ウンガイソウテン,牡4,58.0,松岡正海,1:55.0,アタマ,10.4,4.0,488(+10),[東] 田村康仁,202506030710
14,3,6,コトホドサヨウニ,牡4,58.0,モレイラ,1:56.2,7,3.7,2.0,514(+6),[西] 奥村豊,202506030710
15,1,2,レイトカンセイオー,牡6,58.0,野中悠太,1:58.1,大,189.6,14.0,476(-6),[東] 和田勇介,202506030710
中,4,8,マイネルカーライル,牡5,58.0,石橋脩,,,35.3,8.0,526(+8),[西] 西園正都,202506030710
1,6,7,エコロデュエル,牡6,63.0,草野太郎,4:50.5,,6.2,5.0,476(-2),[東] 岩戸孝樹,202506030711
2,1,1,ネビーイーム,牡7,63.0,小坂忠士,4:51.8,8,16.2,6.0,536(+2),[西] 佐々木晶,202506030711
3,6,8,インプレス,牡6,63.0,小牧加矢,4:52.2,2.1/2,5.8,4.0,524(-2),[西] 佐々木晶,202506030711
4,4,4,ジューンベロシティ,牡7,63.0,森一馬,4:53.3,7,3.8,2.0,470(+2),[西] 武英智,202506030711
5,3,3,マイネルグロン,牡7,63.0,石神深一,4:54.0,4,3.4,1.0,516(-6),[東] 青木孝文,202506030711
6,5,6,スマイルスルー,牡5,63.0,高田潤,4:54.1,クビ,4.0,3.0,528(+4),[西] 斉藤崇史,202506030711
7,5,5,アランデル,セ7,63.0,上野翔,4:54.7,3.1/2,37.8,7.0,538(-4),[東] 大竹正博,202506030711
8,8,12,ピーターサイト,牡5,63.0,伴啓太,4:56.3,10,263.2,12.0,476(-4),[東] 村田一誠,202506030711
9,7,9,プラチナドリーム,牡6,63.0,中村将之,4:56.7,2.1/2,242.2,11.0,476(-4),[東] 菊川正達,202506030711
10,7,10,ザレストノーウェア,牡7,63.0,五十嵐雄,4:58.0,8,187.4,10.0,472(-4),[東] 新開幸一,202506030711
11,2,2,テイエムタツマキ,牡7,63.0,黒岩悠,5:04.6,大,119.6,9.0,512(+4),[西] 武英智,202506030711
中,8,11,バーンパッション,牡8,63.0,大江原圭,,,56.5,8.0,480(-10),[東] 天間昭一,202506030711
1,1,1,グレタ,牝6,56.0,杉原誠人,1:12.4,,36.0,8.0,482(+2),[東] 清水英克,202506030712
2,3,5,オセアエクスプレス,牡4,58.0,田辺裕信,1:12.4,クビ,24.8,7.0,490(0),[東] 菊川正達,202506030712
3,3,6,キュムロンニンバス,牡7,58.0,内田博幸,1:12.5,1/2,173.9,15.0,516(+12),[東] 南田美知,202506030712
4,2,3,キングクー,牡6,58.0,長浜鴻緒,1:12.5,ハナ,20.5,5.0,530(+4),[東] 根本康広,202506030712
5,8,15,テセラリアン,牝4,56.0,石橋脩,1:12.7,1,1.7,1.0,434(-8),[東] 鈴木慎太,202506030712
6,1,2,メモリーグラス,牡5,58.0,三浦皇成,1:12.8,1/2,21.9,6.0,486(0),[東] 松永康利,202506030712
7,4,8,セキテイオー,牡6,58.0,江田照男,1:12.9,3/4,75.3,10.0,476(-4),[東] 田中剛,202506030712
8,5,9,ベルシャンソン,牝5,56.0,吉田豊,1:13.0,1/2,172.2,14.0,482(0),[東] 西田雄一,202506030712
9,5,10,メラーキ,牡8,58.0,松岡正海,1:13.0,クビ,88.1,11.0,490(0),[東] 稲垣幸雄,202506030712
10,6,12,ヤマカツパトリシア,牝8,56.0,菅原明良,1:13.3,1.3/4,90.4,13.0,466(-10),[西] 谷潔,202506030712
11,8,16,ターニングアップ,牡7,58.0,丸田恭介,1:13.4,アタマ,90.3,12.0,480(+8),[東] 南田美知,202506030712
12,7,14,メイショウヤーキス,牡4,58.0,横山和生,1:13.5,1/2,7.0,3.0,428(-20),[西] 飯田祐史,202506030712
13,4,7,ルーラルハピネス,牝5,56.0,北村宏司,1:13.5,ハナ,4.3,2.0,470(0),[東] 伊藤大士,202506030712
14,6,11,コースタルテラス,セ6,58.0,原優介,1:13.5,クビ,74.2,9.0,496(+2),[東] 矢嶋大樹,202506030712
15,7,13,アンスリウム,牝5,56.0,津村明秀,1:13.5,アタマ,13.6,4.0,494(+10),[東] 加藤征弘,202506030712
除,2,4,ロサンゼルス,牡4,58.0,モレイラ,,,---,,516(+2),[東] 伊藤圭三,202506030712
1,7,12,ゲンパチルーナ,牝3,55.0,横山和生,1:55.8,,1.4,1.0,436(+8),[東] 西田雄一,202506030801
2,1,1,ラルガメンテ,牝3,55.0,岩田望来,1:56.7,5,6.0,3.0,458(-2),[東] 尾関知人,202506030801
3,4,5,シェーネアウゲン,牝3,55.0,横山武史,1:56.9,1.1/4,5.0,2.0,488(0),[西] 清水久詞,202506030801
4,4,6,フロウオブタイム,牝3,55.0,木幡巧也,1:57.2,2,25.9,5.0,436(-8),[東] 大和田成,202506030801
5,6,10,ニシノフローレス,牝3,55.0,大野拓弥,1:57.4,1,14.5,4.0,480(-4),[東] 小手川準,202506030801
6,3,4,トリュフチョコ,牝3,55.0,菅原明良,1:57.6,1.1/2,60.9,8.0,438(-2),[東] 林徹,202506030801
7,7,11,ノースカトレア,牝3,55.0,野中悠太,1:57.6,ハナ,168.7,9.0,506(+4),[東] 和田勇介,202506030801
8,5,8,ミラコレジェンヌ,牝3,55.0,丹内祐次,1:58.0,2.1/2,38.3,7.0,440(0),[東] 和田勇介,202506030801
9,8,14,インマイハート,牝3,55.0,松岡正海,1:58.2,1,191.3,11.0,444(0),[東] 水野貴広,202506030801
10,8,13,フローラルデザイン,牝3,55.0,北村宏司,1:58.4,1.1/2,31.9,6.0,446(-2),[東] 畠山吉宏,202506030801
11,5,7,エスキモーギャル,牝3,52.0,佐藤翔馬,1:58.5,1/2,307.3,14.0,516(-6),[東] 杉浦宏昭,202506030801
12,3,3,ミルキーハニー,牝3,55.0,石橋脩,1:59.0,2.1/2,235.3,12.0,482(0),[東] 尾形和幸,202506030801
13,2,2,リコリスラジアータ,牝3,55.0,江田照男,1:59.2,1.1/4,263.8,13.0,442(-12),[東] 小笠倫弘,202506030801
14,6,9,バルトゥール,牝3,55.0,木幡育也,1:59.4,1.1/4,181.7,10.0,478(+2),[東] 矢野英一,202506030801
1,4,7,アサクサグレース,牝3,55.0,戸崎圭太,1:12.5,,2.4,1.0,464(-2),[東] 戸田博文,202506030802
2,3,5,キタノライブリー,牝3,55.0,丹内祐次,1:12.7,1.1/4,2.7,2.0,440(-2),[東] 本間忍,202506030802
3,7,14,ウルスクローム,牡3,57.0,松山弘平,1:13.1,2.1/2,6.8,4.0,476(-2),[西] 大橋勇樹,202506030802
4,1,1,シルフレイ,牝3,55.0,横山武史,1:13.7,3.1/2,6.4,3.0,422(-6),[東] 千葉直人,202506030802
5,8,15,シャインシュシュ,牝3,55.0,横山和生,1:13.9,1.1/4,90.3,9.0,480(-2),[東] 小野次郎,202506030802
6,5,9,エレレラナキラ,牡3,57.0,木幡巧也,1:14.1,1.1/2,216.7,11.0,446(+2),[東] 牧光二,202506030802
7,6,11,ジェントルショット,牡3,57.0,ルメール,1:14.4,2,26.0,6.0,480(+6),[東] 加藤征弘,202506030802
8,7,13,ナックトライアンフ,牡3,54.0,佐藤翔馬,1:14.6,1,388.8,14.0,480(0),[東] 杉浦宏昭,202506030802
9,6,12,オンサイト,牡3,57.0,小林凌大,1:14.9,1.3/4,216.5,10.0,468(0),[東] 小西一男,202506030802
10,3,6,コットンフラワー,牝3,55.0,木幡育也,1:15.2,1.3/4,382.0,13.0,428(-2),[東] 松永康利,202506030802
11,2,3,ララヴァンダンジュ,牝3,55.0,菅原明良,1:15.2,ハナ,15.4,5.0,446(-8),[東] 大竹正博,202506030802
12,4,8,ウィノウザウェイ,牝3,55.0,杉原誠人,1:15.2,クビ,348.0,12.0,488(+2),[東] 土田稔,202506030802
12,5,10,アドラマリク,牡3,57.0,野中悠太,1:15.2,同着,425.1,15.0,482(+4),[東] 稲垣幸雄,202506030802
14,8,16,ブルドッグワイルド,牡3,57.0,石橋脩,1:15.5,2,80.2,8.0,478(+6),[西] 西園正都,202506030802
15,1,2,サラサラヘアー,牝3,55.0,坂井瑠星,1:15.9,2,28.7,7.0,454(0),[西] 前川恭子,202506030802
16,2,4,デルマセシボン,牝3,55.0,小林脩斗,1:16.1,1.1/2,639.6,16.0,438(-8),[東] 天間昭一,202506030802
1,6,7,スマートカイロス,牡3,57.0,北村友一,1:54.6,,22.7,5.0,526(0),[西] 矢作芳人,202506030803
2,7,10,ライフゲート,セ3,57.0,丹内祐次,1:54.8,1.1/4,1.8,1.0,500(-2),[東] 伊藤圭三,202506030803
3,5,5,ドゥマーヴェリック,牡3,57.0,坂井瑠星,1:55.2,2.1/2,4.6,3.0,464(-4),[東] 萩原清,202506030803
4,7,9,オンクラウドナイン,牡3,57.0,藤岡佑介,1:55.2,クビ,3.4,2.0,508(-4),[東] 和田正一,202506030803
5,5,6,ブレイクバウンズ,牡3,57.0,伊藤工真,1:56.3,7,14.4,4.0,482(-2),[東] 林徹,202506030803
6,3,3,ベイビーベリッシモ,牡3,57.0,杉原誠人,1:56.4,1/2,33.7,6.0,488(+8),[東] 大和田成,202506030803
7,2,2,ロードオブドリーム,牡3,57.0,岩田望来,1:57.5,7,39.9,7.0,524(-2),[東] 金成貴史,202506030803
8,1,1,クリノフローレンス,牝3,55.0,柴田大知,1:58.1,3.1/2,323.4,11.0,446(-2),[東] 南田美知,202506030803
9,6,8,ガルガファルム,牡3,57.0,大野拓弥,1:58.6,3,75.5,8.0,532(0),[東] 稲垣幸雄,202506030803
10,8,11,シップウジョー,牡3,57.0,佐々木大,1:58.7,1/2,309.1,10.0,446(0),[東] 相沢郁,202506030803
11,8,12,ヴォルケシェッツェ,牡3,57.0,内田博幸,2:01.1,大,279.5,9.0,482(-4),[東] 伊坂重信,202506030803
12,4,4,グローブミッション,牝3,55.0,岩部純二,2:02.9,大,413.9,12.0,428(-2),[東] 松永康利,202506030803
1,3,5,ルトンワージ,牡3,57.0,戸崎圭太,1:59.7,,3.0,2.0,450(0),[東] 斎藤誠,202506030804
2,4,8,スティーヴバローズ,牡3,57.0,横山和生,2:00.0,2,6.1,4.0,482(+2),[東] 上原佑紀,202506030804
3,3,6,テンミラージュ,牝3,55.0,津村明秀,2:00.1,クビ,35.9,9.0,442(+2),[東] 深山雅史,202506030804
4,5,9,イフルジャンス,牡3,57.0,横山武史,2:00.3,1.1/2,2.9,1.0,448(+2),[東] 金成貴史,202506030804
5,5,10,キタサンライザー,牡3,57.0,武豊,2:00.4,3/4,5.7,3.0,470(0),[西] 清水久詞,202506030804
6,6,11,マイネルトラオム,牡3,57.0,丹内祐次,2:00.5,クビ,16.3,5.0,470(-4),[東] 深山雅史,202506030804
7,8,16,ゴガツノアマノガワ,牡3,57.0,石橋脩,2:00.5,クビ,18.7,6.0,444(0),[東] 清水英克,202506030804
8,7,14,ケイアイカラキア,セ3,57.0,吉田豊,2:00.5,ハナ,203.9,12.0,462(-8),[東] 上原博之,202506030804
9,1,2,センジュコスモス,牝3,55.0,菅原明良,2:00.5,ハナ,28.7,8.0,450(+8),[東] 南田美知,202506030804
10,2,4,ハイタッチマドンナ,牝3,55.0,内田博幸,2:00.6,3/4,100.2,10.0,418(-12),[東] 矢嶋大樹,202506030804
11,2,3,ポタリング,セ3,57.0,江田照男,2:00.8,1.1/2,25.6,7.0,438(0),[東] 武藤善則,202506030804
12,1,1,スイートオレンジ,牝3,55.0,佐々木大,2:01.1,1.1/2,232.5,13.0,456(-4),[東] 中川公成,202506030804
13,7,13,マナミン,牝3,55.0,松山弘平,2:01.6,3,190.6,11.0,432(-6),[西] 高橋康之,202506030804
14,4,7,ケルティックハーツ,牡3,54.0,佐藤翔馬,2:02.3,4,236.9,14.0,488(-8),[東] 杉浦宏昭,202506030804
15,8,15,マイウェイ,牡3,57.0,木幡巧也,2:02.7,2.1/2,539.3,16.0,404(-8),[東] 高橋文雅,202506030804
16,6,12,スカイリスト,牝3,55.0,松岡正海,2:02.9,1.1/2,426.1,15.0,464(-6),[東] 小野次郎,202506030804
1,7,8,マックアルイーン,牡3,57.0,ルメール,1:07.4,,3.0,3.0,530(-6),[東] 木村哲也,202506030805
2,8,11,カウンターセブン,牡3,57.0,松山弘平,1:07.8,2.1/2,19.6,6.0,490(+2),[東] 村田一誠,202506030805
3,7,9,ミクストベリーズ,牡3,57.0,モレイラ,1:08.0,1.1/2,2.8,1.0,482(0),[東] 伊藤圭三,202506030805
4,3,3,スピリットライズ,セ3,57.0,坂井瑠星,1:08.2,1,14.2,4.0,428(-2),[西] 高柳大輔,202506030805
5,6,6,ヒラボクカレラ,牡3,57.0,岩田望来,1:08.3,1/2,2.8,2.0,460(0),[西] 奥村豊,202506030805
6,2,2,クラウンウルル,牡3,57.0,佐々木大,1:08.4,3/4,82.2,7.0,476(+2),[東] 菊川正達,202506030805
7,6,7,カガバベル,牡3,57.0,松岡正海,1:08.9,3,118.2,8.0,516(-8),[東] 萱野浩二,202506030805
8,1,1,ヒデノブルースカイ,牡3,57.0,武豊,1:09.3,2.1/2,14.9,5.0,422(-2),[西] 梅田智之,202506030805
9,8,10,アミグダラ,牝3,55.0,内田博幸,1:09.4,3/4,358.6,10.0,434(+2),[東] 岩戸孝樹,202506030805
10,5,5,エイシンダリア,牝3,55.0,横山和生,1:09.8,2.1/2,178.1,9.0,454(0),[東] 勢司和浩,202506030805
11,4,4,スンシム,牝3,55.0,小林脩斗,1:10.0,1.1/2,442.7,11.0,398(0),[東] 村田一誠,202506030805
1,6,11,ナルカミ,牡3,57.0,戸崎圭太,1:52.9,,2.5,1.0,496(-6),[東] 田中博康,202506030806
2,5,9,サムシャイン,牡3,57.0,横山和生,1:53.0,1,7.5,4.0,472(-4),[東] 鈴木慎太,202506030806
3,8,15,アールプロスト,牡3,57.0,藤岡佑介,1:54.0,6,88.4,12.0,514(-4),[東] 伊藤大士,202506030806
4,4,7,ロッシニアーナ,牡3,57.0,ルメール,1:54.1,1,3.5,2.0,516(-2),[東] 木村哲也,202506030806
5,8,14,ハルノアラシ,牡3,57.0,丹内祐次,1:54.3,1,50.0,10.0,512(+2),[東] 相沢郁,202506030806
6,7,12,ブレトワルダ,牡3,57.0,岩田望来,1:54.4,3/4,41.3,9.0,500(+2),[東] 新開幸一,202506030806
7,2,3,ソルナシエンテ,牡3,57.0,津村明秀,1:54.6,1,40.1,8.0,510(0),[西] 藤岡健一,202506030806
8,3,5,ニシノブレイゼスト,牡3,57.0,菅原明良,1:55.1,3,230.2,13.0,494(0),[東] 高木登,202506030806
9,6,10,ダノンミッション,牡3,57.0,モレイラ,1:55.2,クビ,6.9,3.0,476(+2),[東] 堀宣行,202506030806
10,7,13,オタマジャクシ,牡3,57.0,木幡育也,1:55.2,クビ,31.5,7.0,478(+6),[東] 松永康利,202506030806
11,3,4,タイセイカイザー,牡3,57.0,川田将雅,1:55.3,3/4,10.8,5.0,504(+2),[西] 奥村豊,202506030806
12,4,6,ロードシュヴァリエ,牡3,57.0,西村淳也,1:55.7,2,78.6,11.0,484(-14),[西] 森田直行,202506030806
13,2,2,オリーブグリーン,牡3,57.0,坂井瑠星,1:55.7,ハナ,14.3,6.0,526(-2),[西] 矢作芳人,202506030806
14,1,1,ヒフミバンダム,セ3,57.0,内田博幸,1:56.5,5,448.6,15.0,468(0),[西] 小栗実,202506030806
15,5,8,リュキア,牡3,57.0,木幡巧也,1:56.7,3/4,371.6,14.0,466(-8),[東] 牧光二,202506030806
1,2,4,エコロエイト,牡4,58.0,丹内祐次,1:11.7,,34.4,10.0,504(0),[東] 田村康仁,202506030807
2,7,14,ショウナンハクウン,牡5,58.0,モレイラ,1:12.2,3,2.6,1.0,506(-2),[東] 大竹正博,202506030807
3,4,7,レジーナローズ,牝5,56.0,津村明秀,1:12.2,クビ,9.8,4.0,458(+4),[東] 鈴木慎太,202506030807
4,6,12,スプランドゥール,牡4,58.0,柴田大知,1:12.3,クビ,21.2,7.0,468(+2),[東] 和田雄二,202506030807
5,8,16,トモジャシーマ,牡5,58.0,横山武史,1:12.5,1.1/2,4.1,2.0,510(-12),[東] 鈴木伸尋,202506030807
6,7,13,クインズポラリス,牝4,56.0,吉田豊,1:12.9,2.1/2,12.6,5.0,488(0),[東] 上原博之,202506030807
7,8,15,カサブランカキッド,牡5,58.0,野中悠太,1:12.9,クビ,26.9,9.0,522(+6),[東] 和田勇介,202506030807
8,1,1,アツキヤマト,牡4,58.0,小林凌大,1:13.1,3/4,85.0,12.0,512(+2),[東] 小西一男,202506030807
9,2,3,オーロラアーク,牝6,56.0,杉原誠人,1:13.2,1/2,171.8,14.0,462(+6),[東] 石栗龍彦,202506030807
10,3,6,ミルフルール,牝4,56.0,北村友一,1:13.3,1/2,26.8,8.0,470(+2),[東] 伊坂重信,202506030807
11,4,8,フレイムジョーカー,牡6,58.0,菅原明良,1:13.5,1.1/4,18.1,6.0,490(0),[東] 岩戸孝樹,202506030807
12,1,2,スイッチオン,牡5,55.0,佐藤翔馬,1:13.5,クビ,97.1,13.0,490(+4),[東] 小手川準,202506030807
13,5,9,タイセイピューマ,牡4,58.0,大野拓弥,1:13.5,アタマ,5.1,3.0,482(0),[東] 新開幸一,202506030807
14,6,11,カルフ,セ4,58.0,小林脩斗,1:13.5,ハナ,267.8,15.0,460(-8),[東] 大和田成,202506030807
15,3,5,ゴールデンシーカー,牡6,58.0,内田博幸,1:14.0,3,63.8,11.0,498(+4),[東] 天間昭一,202506030807
16,5,10,バンブトンプロ,牡5,58.0,木幡巧也,1:14.1,3/4,354.0,16.0,490(+4),[東] 粕谷昌央,202506030807
1,6,12,ソレルビュレット,牡4,58.0,ルメール,1:53.9,,2.2,1.0,522(+2),[東] 宮田敬介,202506030808
2,2,3,ドバイブルース,牡4,58.0,モレイラ,1:54.1,1.1/4,2.6,2.0,508(0),[東] 加藤征弘,202506030808
3,5,10,オールマキシマム,牝5,56.0,小林脩斗,1:54.2,3/4,88.2,12.0,458(+10),[東] 奥平雅士,202506030808
4,7,14,プルナチャンドラ,牡4,58.0,横山和生,1:54.7,3,17.1,4.0,502(-4),[東] 小野次郎,202506030808
5,7,13,サパテアール,セ6,58.0,丹内祐次,1:54.8,クビ,50.2,8.0,522(+12),[東] 畠山吉宏,202506030808
6,1,1,カムランベイ,牡5,58.0,津村明秀,1:54.8,クビ,62.5,9.0,504(-6),[東] 岩戸孝樹,202506030808
7,3,5,ホレーショ,牡4,58.0,杉原誠人,1:55.2,2.1/2,5.1,3.0,520(+2),[東] 西田雄一,202506030808
8,4,8,スプレーフォール,牡4,58.0,佐々木大,1:55.4,1.1/4,187.4,14.0,452(-2),[東] 相沢郁,202506030808
9,2,4,スピーディブレイク,牡5,58.0,岩田望来,1:55.4,ハナ,47.2,7.0,458(+4),[東] 村田一誠,202506030808
10,5,9,マイネルトルファン,牡6,58.0,柴田大知,1:55.4,ハナ,73.3,11.0,512(+4),[東] 粕谷昌央,202506030808
11,8,16,レオスパーク,牡4,58.0,木幡巧也,1:55.9,3,103.1,13.0,506(-4),[東] 牧光二,202506030808
12,8,15,オソルノ,セ5,58.0,菅原明良,1:55.9,クビ,34.4,6.0,494(-6),[東] 萩原清,202506030808
13,4,7,カフェアローロ,牝4,56.0,内田博幸,1:56.1,3/4,67.9,10.0,498(+4),[東] 古賀慎明,202506030808
14,6,11,アッティラ,牡5,58.0,石橋脩,1:56.2,3/4,291.6,16.0,458(+2),[東] 相沢郁,202506030808
15,1,2,サトミノマロン,牡6,58.0,横山武史,1:56.3,クビ,215.7,15.0,528(0),[東] 鈴木伸尋,202506030808
16,3,6,フラッシング,牡4,58.0,武豊,1:56.9,4,29.3,5.0,484(-6),[西] 牧浦充徳,202506030808
1,6,8,アンゴラブラック,牝4,56.0,戸崎圭太,1:58.2,,3.1,1.0,466(-6),[東] 尾関知人,202506030809
2,7,9,クロシェットノエル,牝4,56.0,モレイラ,1:58.3,クビ,3.1,2.0,454(+2),[東] 戸田博文,202506030809
3,7,10,エバーハピネス,牝5,56.0,菅原明良,1:58.3,クビ,16.7,6.0,480(0),[東] 久保田貴,202506030809
4,3,3,フラミニア,牝5,56.0,松山弘平,1:58.5,1.1/4,25.8,7.0,470(-4),[東] 森一誠,202506030809
5,1,1,テリオスサラ,牝4,56.0,横山武史,1:58.6,1/2,6.2,4.0,474(+2),[東] 高柳瑞樹,202506030809
6,2,2,ピンクジン,牝5,56.0,小林脩斗,1:58.7,1/2,177.6,12.0,434(-8),[東] 南田美知,202506030809
7,8,12,ブラックヴァール,牝5,56.0,横山和生,1:59.1,2.1/2,8.2,5.0,470(+4),[東] 菊川正達,202506030809
8,5,5,ルーチェロッサ,牝5,56.0,津村明秀,1:59.2,アタマ,115.9,10.0,468(-2),[東] 相沢郁,202506030809
9,8,11,カンティアーモ,牝4,56.0,ルメール,1:59.2,アタマ,5.2,3.0,518(+14),[東] 木村哲也,202506030809
10,6,7,ガールズレジェンド,牝5,56.0,佐々木大,1:59.3,1/2,55.6,8.0,472(+6),[東] 上原佑紀,202506030809
11,5,6,エメリヨン,牝5,56.0,西村淳也,1:59.8,3,89.9,9.0,468(+8),[東] 加藤士津,202506030809
12,4,4,バガリーロータス,牝4,56.0,丹内祐次,2:00.1,1.3/4,165.6,11.0,448(-8),[西] 石坂公一,202506030809
1,8,15,インビンシブルパパ,牡4,56.0,モレイラ,1:11.1,,2.4,1.0,520(-10),[東] 伊藤大士,202506030810
2,5,10,マニバドラ,牡5,58.0,松山弘平,1:11.3,1.1/2,6.4,3.0,522(-2),[西] 森秀行,202506030810
3,2,3,ペプチドヤマト,牡6,57.0,北村宏司,1:11.5,1,58.3,12.0,500(+4),[西] 武英智,202506030810
4,3,6,スターターン,牡4,57.0,戸崎圭太,1:11.5,アタマ,3.6,2.0,492(-14),[西] 坂口智康,202506030810
5,6,12,ジュンウィンダム,牝5,55.0,北村友一,1:11.5,アタマ,31.5,7.0,500(-6),[西] 浜田多実,202506030810
6,8,16,イスラアネーロ,牡6,58.0,川又賢治,1:11.5,クビ,37.2,9.0,452(-6),[西] 吉村圭司,202506030810
7,7,14,ナムラフランク,牡6,58.0,岩田望来,1:11.6,クビ,45.6,10.0,498(-1),[西] 鈴木孝志,202506030810
8,3,5,エティエンヌ,セ6,57.0,津村明秀,1:11.6,クビ,17.5,6.0,514(-8),[西] 吉田直弘,202506030810
9,7,13,ハチメンロッピ,牡5,57.0,石橋脩,1:11.8,3/4,87.0,13.0,520(+2),[東] 矢野英一,202506030810
10,2,4,シアージスト,牡6,58.0,佐々木大,1:11.9,1,15.0,5.0,564(0),[東] 堀宣行,202506030810
11,6,11,ロードフロンティア,牡4,57.0,坂井瑠星,1:12.5,3.1/2,9.0,4.0,468(+2),[西] 松下武士,202506030810
12,4,7,スズカコテキタイ,牡6,59.0,内田博幸,1:12.6,クビ,169.0,16.0,498(0),[東] 奥村武,202506030810
13,1,2,メタマックス,牡5,58.0,菅原明良,1:13.0,2.1/2,36.9,8.0,534(-2),[西] 森秀行,202506030810
14,4,8,テイエムトッキュウ,牡7,60.0,大野拓弥,1:13.2,3/4,53.9,11.0,502(+8),[西] 秋山真一,202506030810
15,1,1,ハコダテブショウ,牡7,58.0,木幡巧也,1:14.0,5,127.1,15.0,504(0),[東] 相沢郁,202506030810
16,5,9,オタルエバー,牡6,58.0,丹内祐次,1:14.5,2.1/2,110.1,14.0,492(-2),[西] 中竹和也,202506030810
1,6,11,ミュージアムマイル,牡3,57.0,モレイラ,1:57.0,,10.6,3.0,500(-2),[西] 高柳大輔,202506030811
2,5,10,クロワデュノール,牡3,57.0,北村友一,1:57.3,1.1/2,1.5,1.0,500(+4),[西] 斉藤崇史,202506030811
3,3,6,マスカレードボール,牡3,57.0,横山武史,1:57.3,クビ,13.7,4.0,460(-4),[東] 手塚貴久,202506030811
4,3,5,ジョバンニ,牡3,57.0,松山弘平,1:57.4,1/2,23.4,7.0,482(+2),[西] 杉山晴紀,202506030811
5,8,16,サトノシャイニング,牡3,57.0,西村淳也,1:57.4,アタマ,8.6,2.0,496(+4),[西] 杉山晴紀,202506030811
6,8,18,マジックサンズ,牡3,57.0,佐々木大,1:57.6,1,201.5,16.0,516(+6),[西] 須貝尚介,202506030811
7,2,3,キングスコール,牡3,57.0,藤岡佑介,1:57.7,1,40.1,9.0,494(-2),[西] 矢作芳人,202506030811
8,7,13,アロヒアリイ,牡3,57.0,横山和生,1:57.9,1,56.5,11.0,492(-2),[東] 田中博康,202506030811
9,7,15,ヴィンセンシオ,牡3,57.0,ルメール,1:57.9,クビ,19.8,6.0,506(-10),[東] 森一誠,202506030811
10,7,14,カラマティアノス,牡3,57.0,戸崎圭太,1:58.0,クビ,60.8,12.0,464(-2),[東] 奥村武,202506030811
11,1,2,エリキング,牡3,57.0,川田将雅,1:58.0,ハナ,18.7,5.0,500(+2),[西] 中内田充,202506030811
12,2,4,ジュタ,牡3,57.0,坂井瑠星,1:58.0,クビ,110.1,15.0,500(+2),[西] 矢作芳人,202506030811
13,1,1,ニシノエージェント,牡3,57.0,津村明秀,1:58.1,1/2,91.1,14.0,470(-2),[東] 千葉直人,202506030811
14,4,8,ジーティーアダマン,牡3,57.0,岩田望来,1:58.2,クビ,41.3,10.0,496(+4),[西] 上村洋行,202506030811
15,8,17,ファウストラーゼン,牡3,57.0,杉原誠人,1:58.2,クビ,39.8,8.0,456(0),[西] 西村真幸,202506030811
16,4,7,フクノブルーレイク,牡3,57.0,松岡正海,1:58.6,2,261.1,18.0,456(+4),[東] 竹内正洋,202506030811
17,6,12,ドラゴンブースト,牡3,57.0,丹内祐次,1:58.6,1/2,244.6,17.0,476(+6),[西] 藤野健太,202506030811
18,5,9,ピコチャンブラック,牡3,57.0,石橋脩,1:58.9,1.1/2,74.7,13.0,484(-4),[東] 上原佑紀,202506030811
1,4,4,コスモフリーゲン,牡5,57.0,柴田大知,2:10.4,,3.0,2.0,502(-2),[東] 畠山吉宏,202506030812
2,7,11,イヤサカ,牝7,52.0,江田照男,2:10.7,2,111.5,11.0,492(-2),[東] 天間昭一,202506030812
3,3,3,シャイニングソード,牡4,56.0,川田将雅,2:10.8,クビ,2.8,1.0,514(+10),[西] 中内田充,202506030812
4,6,9,レッドヴェロシティ,牡7,56.0,杉原誠人,2:10.8,クビ,92.1,10.0,540(-10),[東] 木村哲也,202506030812
5,6,8,ナイトインロンドン,牡5,56.0,モレイラ,2:11.0,1.1/4,3.7,3.0,492(+2),[東] 大竹正博,202506030812
6,8,13,キントリヒ,牡6,55.0,松山弘平,2:11.1,クビ,86.8,9.0,478(0),[東] 矢野英一,202506030812
7,4,5,ウインリブルマン,牡7,55.0,松岡正海,2:11.1,クビ,240.8,13.0,508(0),[西] 緒方努,202506030812
8,1,1,ジオフロント,牡7,56.0,北村宏司,2:11.2,アタマ,36.4,7.0,476(+6),[西] 清水久詞,202506030812
9,8,12,ハギノアルデバラン,牡5,55.0,佐々木大,2:11.2,ハナ,48.1,8.0,508(-22),[西] 佐藤悠太,202506030812
10,5,7,メイテソーロ,牡5,54.0,木幡巧也,2:11.2,クビ,216.1,12.0,496(-6),[東] 武市康男,202506030812
11,5,6,アドマイヤサジー,牝5,54.0,丹内祐次,2:11.3,3/4,9.2,4.0,444(-4),[東] 宮田敬介,202506030812
12,2,2,ルクスビッグスター,牡5,56.0,石橋脩,2:11.8,2.1/2,27.9,6.0,482(-2),[西] 清水久詞,202506030812
13,7,10,サトノクローク,牡5,56.0,戸崎圭太,2:11.8,クビ,12.5,5.0,480(-2),[西] 橋口慎介,202506030812
1,5,5,ネロコルヴィーノ,牡4,60.0,小坂忠士,3:16.7,,2.0,1.0,510(-2),[西] 辻野泰之,202506040101
2,3,3,ファベル,牡6,60.0,小牧加矢,3:16.9,1.1/2,5.7,3.0,440(-4),[西] 小林真也,202506040101
3,7,8,カルマンフィルター,牡4,60.0,草野太郎,3:17.1,3/4,4.6,2.0,492(-2),[東] 戸田博文,202506040101
4,8,10,スマラグドス,牡5,60.0,田村太雅,3:17.2,1/2,6.1,4.0,484(-2),[西] 西園正都,202506040101
5,4,4,タガノバルコス,牡6,60.0,高田潤,3:18.8,10,14.5,6.0,482(-6),[西] 秋山真一,202506040101
6,6,6,ホウオウプレシャス,牡5,60.0,伴啓太,3:18.9,1/2,81.4,9.0,502(+8),[東] 天間昭一,202506040101
7,1,1,サトノトルネード,牡5,60.0,大江原圭,3:19.0,クビ,13.0,5.0,530(0),[東] 国枝栄,202506040101
8,8,9,ジュリアスローズ,牝4,58.0,江田勇亮,3:20.9,大,58.9,8.0,480(0),[東] 粕谷昌央,202506040101
9,2,2,ブルースピリット,セ7,60.0,小野寺祐,3:29.5,大,31.6,7.0,490(-4),[東] 岩戸孝樹,202506040101
除,7,7,コスモエスメラルダ,牝4,58.0,石神深一,,,---,,516(+4),[東] 土田稔,202506040101
1,7,10,トワニ,牝2,55.0,菅原明良,1:34.0,,7.9,4.0,418(+12),[東] 蛯名正義,202506040102
2,6,8,ロイヤルスパイア,牡2,55.0,岩田康誠,1:34.3,1.3/4,3.7,2.0,460(+4),[東] 栗田徹,202506040102
3,5,5,ベアサナエチャン,牝2,52.0,佐藤翔馬,1:34.3,クビ,178.7,8.0,424(+4),[東] 杉浦宏昭,202506040102
4,2,2,ミセスジョーンズ,牝2,52.0,石神深道,1:34.6,2,14.4,6.0,442(+2),[東] 松永康利,202506040102
5,5,6,ケンブリッジサクラ,牝2,55.0,丸田恭介,1:35.0,2,332.1,11.0,438(+4),[東] 石栗龍彦,202506040102
6,6,7,ニシノカルラ,牡2,53.0,今村聖奈,1:35.0,クビ,70.2,7.0,440(+6),[東] 和田勇介,202506040102
7,8,11,アロハオエ,牝2,55.0,杉原誠人,1:35.1,1/2,357.4,12.0,450(+4),[東] 中川公成,202506040102
8,3,3,ラプランセス,牝2,55.0,戸崎圭太,1:35.3,1.1/4,2.0,1.0,456(+6),[東] 斎藤誠,202506040102
9,4,4,ブルーアンバー,牝2,55.0,小林脩斗,1:35.9,3.1/2,215.4,9.0,404(-4),[東] 高橋文雅,202506040102
10,8,12,アドミ,牝2,55.0,団野大成,1:36.0,1/2,7.1,3.0,444(+2),[東] 中川公成,202506040102
11,7,9,プレシャスフェザー,牝2,55.0,木幡巧也,1:36.0,アタマ,8.0,5.0,440(+4),[東] 牧光二,202506040102
12,1,1,サマーカムカム,牝2,55.0,丸山元気,1:38.2,大,307.3,10.0,400(-6),[東] 和田雄二,202506040102
1,1,1,ニャンタロウ,牡2,55.0,三浦皇成,1:55.1,,1.8,1.0,468(0),[東] 武市康男,202506040103
2,6,6,アドフランマム,牡2,55.0,丸山元気,1:56.0,5,3.7,2.0,508(+2),[西] 本田優,202506040103
3,4,4,ライトアファイア,牡2,55.0,菊沢一樹,1:56.2,1.1/4,4.3,3.0,468(+2),[東] 伊藤圭三,202506040103
4,5,5,ラシューバ,牡2,55.0,大野拓弥,1:58.7,大,20.1,5.0,460(+6),[東] 栗田徹,202506040103
5,8,9,フラクタル,牝2,55.0,木幡巧也,1:59.1,2,13.1,4.0,456(+2),[東] 牧光二,202506040103
6,7,7,イントゥゴールデン,牡2,52.0,石神深道,1:59.6,3,119.4,9.0,454(-6),[東] 和田雄二,202506040103
7,3,3,ニケフェリーチェ,牝2,55.0,柴田大知,1:59.8,1.1/2,50.0,7.0,450(+4),[東] 菊川正達,202506040103
8,2,2,ブールドネージュ,牝2,55.0,杉原誠人,1:59.9,クビ,86.5,8.0,448(+8),[東] 大和田成,202506040103
9,8,8,ミスターエヌ,牡2,52.0,上里直汰,2:02.1,大,22.0,6.0,492(+12),[東] 牧光二,202506040103
1,5,10,コンパクトファイト,牡3,54.0,石神深道,1:54.7,,18.9,7.0,422(+2),[東] 天間昭一,202506040104
2,7,14,サラニキケン,牝3,55.0,木幡初也,1:55.1,2.1/2,7.6,3.0,428(-4),[東] 竹内正洋,202506040104
3,6,11,メイショウニトベ,牡3,57.0,江田照男,1:55.2,3/4,8.8,4.0,474(+6),[東] 蛯名正義,202506040104
4,7,13,ルリモンハナバチ,牝3,52.0,佐藤翔馬,1:55.3,1/2,56.3,9.0,450(+9),[東] 小手川準,202506040104
5,3,6,マキャベリー,牝3,55.0,原優介,1:55.7,2.1/2,2.1,1.0,474(+8),[東] 黒岩陽一,202506040104
6,3,5,ホウオウスターツ,牡3,57.0,丸田恭介,1:55.8,3/4,46.5,8.0,464(0),[東] 池上昌和,202506040104
7,4,7,ベイビーベリッシモ,牡3,57.0,野中悠太,1:55.8,ハナ,158.8,12.0,486(-12),[東] 大和田成,202506040104
8,8,16,ボンズドゥッカ,牡3,57.0,菊沢一樹,1:55.9,1/2,4.4,2.0,530(-2),[東] 西田雄一,202506040104
9,2,4,サンピラーゴールド,牡3,54.0,遠藤汰月,1:56.3,2.1/2,212.1,13.0,478(-3),[東] 鈴木伸尋,202506040104
10,1,2,コインアフレーズ,牝3,55.0,団野大成,1:56.8,2.1/2,9.0,5.0,446(+6),[東] 中舘英二,202506040104
11,1,1,ベールドインパクト,牡3,57.0,岩田康誠,1:57.1,2,15.3,6.0,452(+10),[東] 小島茂之,202506040104
12,8,15,ムンディ,牝3,52.0,土田真翔,1:58.0,5,307.2,15.0,414(+4),[東] 田村康仁,202506040104
13,2,3,パブリックスフィア,牡3,57.0,石川裕紀,1:59.3,8,62.9,10.0,446(+8),[東] 奥村武,202506040104
14,4,8,タヤスアメリカン,牡3,57.0,木幡巧也,1:59.9,4,212.6,14.0,484(-6),[東] 岩戸孝樹,202506040104
15,6,12,ヒダカサンミャク,牝3,55.0,木幡育也,2:01.4,9,67.5,11.0,476(0),[東] 田中剛,202506040104
除,5,9,クラウンアールシー,牡3,54.0,上里直汰,,,---,,464(+6),[東] 加藤士津,202506040104
1,3,5,ランプローグ,牝2,52.0,石田拓郎,1:09.0,,7.2,4.0,404(0),[東] 矢野英一,202506040105
2,2,4,ダノンルミエール,牝2,55.0,三浦皇成,1:09.0,クビ,5.8,3.0,460(0),[東] 国枝栄,202506040105
3,4,8,レッドアイスピア,牡2,55.0,津村明秀,1:09.4,2.1/2,4.7,2.0,456(0),[西] 中竹和也,202506040105
4,2,3,エバーラスト,牡2,52.0,石神深道,1:09.5,クビ,21.2,5.0,488(0),[東] 和田正一,202506040105
5,8,16,ブレイロックホール,牡2,55.0,戸崎圭太,1:09.6,1,2.0,1.0,454(0),[東] 武井亮,202506040105
6,6,12,イーリスアスター,牝2,55.0,木幡巧也,1:09.6,クビ,43.3,10.0,428(0),[東] 尾形和幸,202506040105
7,5,9,オレンジキャンパス,牝2,55.0,石川裕紀,1:09.9,1.3/4,70.3,13.0,460(0),[東] 武藤善則,202506040105
8,7,14,フォークスアップ,牡2,55.0,団野大成,1:10.2,1.1/2,63.2,12.0,486(0),[東] 勢司和浩,202506040105
9,8,15,ノーブルラホーヤ,牝2,55.0,菅原明良,1:10.4,1,34.9,7.0,390(0),[東] 深山雅史,202506040105
10,1,2,トゥモローズウェイ,牝2,55.0,菊沢一樹,1:10.5,1/2,34.2,6.0,444(0),[東] 小手川準,202506040105
11,5,10,ヒャクレツケン,牡2,55.0,原優介,1:10.6,1,58.5,11.0,440(0),[東] 青木孝文,202506040105
12,6,11,フックセンチョウ,牡2,55.0,柴田善臣,1:10.7,1/2,84.0,14.0,442(0),[東] 佐藤吉勝,202506040105
13,4,7,カナデライド,牡2,55.0,横山琉人,1:10.8,1/2,35.7,8.0,416(0),[東] 田中剛,202506040105
14,3,6,ジャメビュ,牝2,55.0,杉原誠人,1:11.9,7,39.9,9.0,432(0),[東] 佐藤吉勝,202506040105
15,7,13,ナムラパピ,牝2,55.0,木幡初也,1:11.9,1/2,210.3,15.0,434(0),[東] 武市康男,202506040105
16,1,1,ジェンダウィナー,牝2,52.0,遠藤汰月,1:13.0,7,231.9,16.0,468(0),[東] 青木孝文,202506040105
1,2,3,アルデトップガン,牡2,55.0,菅原明良,1:12.5,,2.9,1.0,464(0),[東] 田中剛,202506040106
2,6,12,イヌボウノアサヒ,牝2,55.0,戸崎圭太,1:12.7,1,3.1,2.0,442(0),[東] 中舘英二,202506040106
3,8,16,コパノエイダン,牡2,55.0,原優介,1:13.1,2.1/2,16.5,6.0,490(0),[東] 上原博之,202506040106
4,5,10,ニャンモロー,牝2,52.0,石田拓郎,1:13.2,クビ,25.1,8.0,472(0),[東] 矢野英一,202506040106
5,1,1,ビップムーラン,牝2,55.0,荻野極,1:13.6,2.1/2,8.8,4.0,468(0),[東] 田島俊明,202506040106
6,4,8,ジャストキュート,牝2,55.0,武藤雅,1:13.8,3/4,44.0,11.0,462(0),[東] 武藤善則,202506040106
7,4,7,ドレドレ,牝2,52.0,石神深道,1:14.0,1.1/4,77.4,12.0,448(0),[東] 矢嶋大樹,202506040106
8,2,4,ベアアッコチャン,牝2,55.0,大野拓弥,1:14.4,2.1/2,27.2,9.0,478(0),[東] 杉浦宏昭,202506040106
9,3,6,コウユーニポポニコ,牝2,55.0,木幡初也,1:14.6,1.1/4,38.2,10.0,444(0),[東] 竹内正洋,202506040106
10,7,13,スマートビガー,牡2,55.0,杉原誠人,1:15.8,7,7.2,3.0,424(0),[西] 西園正都,202506040106
11,3,5,チャーミングアイ,牝2,55.0,三浦皇成,1:16.0,1,15.0,5.0,468(0),[東] 菊川正達,202506040106
12,8,15,ジェットバニー,牝2,55.0,横山琉人,1:16.1,1,86.9,13.0,458(0),[東] 斎藤誠,202506040106
13,6,11,ハナムラサキ,牝2,55.0,丸山元気,1:16.2,クビ,245.7,16.0,464(0),[東] 和田雄二,202506040106
14,7,14,ナダッコ,牡2,55.0,団野大成,1:16.5,2,20.5,7.0,484(0),[東] 中川公成,202506040106
15,1,2,グレースチャクラ,牝2,52.0,上里直汰,1:16.8,1.1/2,88.8,14.0,452(0),[東] 加藤士津,202506040106
16,5,9,ユイノピカゴロウ,牡2,52.0,佐藤翔馬,1:18.1,8,215.9,15.0,540(0),[東] 深山雅史,202506040106
1,2,3,ミッドセンチュリー,牡3,57.0,嶋田純次,1:59.6,,7.5,3.0,448(+6),[東] 松山将樹,202506040107
2,6,11,スタニングヴュー,牝3,55.0,伊藤工真,2:00.0,2,9.7,5.0,460(+4),[東] 金成貴史,202506040107
3,1,2,ケイツーブル,牡3,57.0,内田博幸,2:00.2,1.1/2,24.1,10.0,416(-4),[東] 千葉直人,202506040107
4,4,7,イサムダイヤモンド,牡3,57.0,吉田豊,2:00.2,クビ,8.6,4.0,470(-6),[東] 高橋文雅,202506040107
5,7,14,グラツィオーソ,牝3,55.0,柴田大知,2:00.4,1.1/4,15.8,8.0,468(0),[東] 田中剛,202506040107
6,6,12,ミエノシリウス,牡3,54.0,石田拓郎,2:00.6,1,72.7,11.0,440(-6),[東] 田中勝春,202506040107
7,1,1,ラッフルズドリーム,牝3,55.0,野中悠太,2:00.6,ハナ,78.7,14.0,464(0),[東] 宮田敬介,202506040107
8,4,8,アルガムベイ,牡3,57.0,三浦皇成,2:00.8,1.1/4,2.9,1.0,438(0),[東] 鹿戸雄一,202506040107
9,5,10,ミサトレッドダイヤ,牝3,55.0,木幡育也,2:00.9,1,12.0,6.0,466(+2),[東] 高橋文雅,202506040107
10,8,16,シャンパングラス,牡3,57.0,団野大成,2:01.0,1/2,74.1,12.0,434(-10),[東] 池上昌和,202506040107
11,3,6,マイネルラファール,牡3,57.0,原優介,2:01.0,アタマ,5.7,2.0,472(-6),[東] 畠山吉宏,202506040107
12,8,17,アクデニズ,牡3,57.0,大野拓弥,2:01.1,クビ,91.4,15.0,470(+2),[東] 小笠倫弘,202506040107
13,8,18,ヴェネチアンマスク,牡3,57.0,吉田隼人,2:01.1,クビ,75.7,13.0,444(+8),[東] 和田雄二,202506040107
14,7,13,エキゾチックガール,牝3,52.0,石神深道,2:01.3,1.1/4,18.9,9.0,416(+8),[東] 和田正一,202506040107
15,7,15,フィナルフェリス,牝3,52.0,遠藤汰月,2:01.3,アタマ,233.9,17.0,426(-4),[東] 武市康男,202506040107
16,2,4,サマーツアー,牡3,54.0,上里直汰,2:01.5,1,14.7,7.0,474(-2),[東] 矢嶋大樹,202506040107
17,3,5,ブライトライツ,牡3,57.0,横山琉人,2:01.8,1.3/4,288.0,18.0,436(+4),[東] 畠山吉宏,202506040107
18,5,9,グランプラネッタ,牡3,57.0,菅原明良,2:02.2,2.1/2,165.6,16.0,484(+6),[東] 小島茂之,202506040107
1,4,4,ロフティーイデアル,牝5,56.0,戸崎圭太,1:53.1,,3.1,2.0,474(-2),[東] 林徹,202506040108
2,2,2,フィールオーサム,牝3,53.0,菅原明良,1:53.5,2.1/2,1.5,1.0,442(0),[東] 岩戸孝樹,202506040108
3,6,6,ツインクルステージ,牝4,53.0,石神深道,1:54.4,5,22.7,5.0,490(+4),[東] 高木登,202506040108
4,5,5,ディペンダブル,牝3,50.0,遠藤汰月,1:54.6,1.1/4,7.1,3.0,496(-6),[東] 菊沢隆徳,202506040108
5,7,7,ビップレーヌ,牝4,56.0,団野大成,1:54.9,1.3/4,13.4,4.0,474(-2),[東] 高柳瑞樹,202506040108
6,1,1,テンホワイトラブ,牝5,56.0,津村明秀,1:55.1,1.1/4,79.7,6.0,508(0),[東] 小西一男,202506040108
7,3,3,ココボロ,牝4,53.0,土田真翔,1:55.5,2.1/2,130.7,7.0,524(0),[東] 松山将樹,202506040108
1,6,6,シャドウメテオ,牝3,53.0,戸崎圭太,1:47.4,,5.1,2.0,454(+8),[東] 金成貴史,202506040109
2,7,8,プリムツァール,牝3,53.0,津村明秀,1:47.4,ハナ,1.6,1.0,458(+8),[東] 蛯名正義,202506040109
3,1,1,ガラク,牝3,53.0,荻野極,1:47.4,ハナ,9.6,3.0,430(-2),[東] 伊坂重信,202506040109
4,7,9,イージーブリージー,牝4,56.0,菊沢一樹,1:47.6,1.1/4,17.7,6.0,440(-8),[東] 伊坂重信,202506040109
5,6,7,トレベルオール,牡4,58.0,大野拓弥,1:47.7,クビ,24.4,8.0,456(+2),[東] 辻哲英,202506040109
6,3,3,ニシノコマチムスメ,牝4,56.0,杉原誠人,1:47.9,1.1/4,270.4,11.0,440(+2),[東] 松山将樹,202506040109
7,8,10,レイヤードレッド,牡3,55.0,嶋田純次,1:48.0,3/4,12.8,5.0,474(+4),[東] 手塚貴久,202506040109
8,2,2,ゴーゴータカシ,牡3,55.0,岩田康誠,1:48.2,1.1/2,10.4,4.0,478(-6),[東] 武井亮,202506040109
9,4,4,クラウドセイル,牡5,58.0,石川裕紀,1:48.2,ハナ,69.8,10.0,474(-2),[東] 堀内岳志,202506040109
10,8,11,ジャスティンガルフ,牡4,58.0,菅原明良,1:48.3,3/4,24.1,7.0,498(-4),[西] 茶木太樹,202506040109
11,5,5,レッドアーバイン,牡5,58.0,武藤雅,1:48.5,3/4,37.5,9.0,498(0),[東] 手塚貴久,202506040109
1,8,8,パンジャ,牡4,58.0,戸崎圭太,1:58.2,,3.0,2.0,484(-4),[東] 金成貴史,202506040110
2,7,7,ラブリージャブリー,牝3,53.0,菅原明良,1:58.3,クビ,1.8,1.0,424(-4),[東] 蛯名正義,202506040110
3,5,5,ラレーヌデリス,牝5,56.0,団野大成,1:58.8,3,9.8,4.0,464(-2),[西] 安田翔伍,202506040110
4,6,6,カフェアローロ,牝4,56.0,内田博幸,1:59.0,1.1/2,25.2,6.0,498(0),[東] 古賀慎明,202506040110
5,4,4,ネイビースター,セ5,58.0,荻野極,1:59.8,5,13.7,5.0,534(-12),[東] 林徹,202506040110
6,2,2,ロードリベラシオン,牡3,55.0,石川裕紀,2:00.0,1.1/2,6.3,3.0,498(+2),[東] 尾形和幸,202506040110
7,3,3,エリンアキレウス,牡5,58.0,遠藤汰月,2:00.3,1.1/2,209.0,7.0,544(+6),[東] 伊藤伸一,202506040110
取,1,1,フナデ,牡4,58.0,津村明秀,,,---,,計不,[東] 嘉藤貴行,202506040110
1,1,1,ホウオウラスカーズ,牝7,52.0,木幡巧也,1:31.3,,89.5,13.0,456(0),[東] 高木登,202506040111
2,2,3,ドロップオブライト,牝6,56.0,松若風馬,1:31.4,3/4,20.4,11.0,446(+8),[西] 福永祐一,202506040111
3,4,7,コントラポスト,牡5,56.0,丸山元気,1:31.4,クビ,6.7,2.0,466(-4),[東] 菊沢隆徳,202506040111
4,2,4,ダイシンヤマト,牡5,56.0,岩田康誠,1:31.5,クビ,7.5,3.0,506(-10),[東] 戸田博文,202506040111
5,3,5,ニシノスーベニア,牡6,56.0,大野拓弥,1:31.5,クビ,10.7,4.0,522(-14),[東] 上原博之,202506040111
6,5,9,ジューンオレンジ,牝5,54.0,富田暁,1:31.6,クビ,16.1,9.0,474(+4),[西] 長谷川浩,202506040111
7,4,8,シヴァース,牡4,56.0,内田博幸,1:31.6,クビ,11.2,5.0,460(+2),[西] 友道康夫,202506040111
8,1,2,アスコルティアーモ,牝5,53.0,津村明秀,1:31.7,アタマ,18.2,10.0,456(-2),[東] 林徹,202506040111
9,8,15,タシット,牡6,56.0,菅原明良,1:31.8,1,66.8,12.0,470(-2),[東] 中川公成,202506040111
10,5,10,カラマティアノス,牡3,55.0,石川裕紀,1:31.8,ハナ,12.5,6.0,470(+8),[東] 奥村武,202506040111
11,6,11,エリカエクスプレス,牝3,54.0,戸崎圭太,1:31.8,アタマ,2.8,1.0,462(+6),[西] 杉山晴紀,202506040111
12,7,13,ムーンプローブ,牝5,50.0,横山琉人,1:32.0,3/4,217.9,16.0,496(0),[西] 宮地貴稔,202506040111
13,8,16,タガノエルピーダ,牝4,54.0,団野大成,1:32.3,2,13.3,8.0,482(+18),[西] 斉藤崇史,202506040111
14,7,14,タイムトゥヘヴン,牡7,56.5,柴田善臣,1:32.3,クビ,12.9,7.0,484(-6),[東] 戸田博文,202506040111
15,6,12,キタウイング,牝5,51.0,丸田恭介,1:32.4,1/2,134.6,14.0,460(+4),[東] 小島茂之,202506040111
16,3,6,アサヒ,牡6,54.0,菊沢一樹,1:32.6,1,188.8,15.0,508(0),[東] 金成貴史,202506040111
1,7,14,ドナカルナバル,牝3,54.0,菅原明良,1:11.4,,3.0,1.0,478(+2),[東] 高木登,202506040112
2,5,10,リュキア,牡3,56.0,木幡巧也,1:11.8,2.1/2,34.2,8.0,476(+10),[東] 牧光二,202506040112
3,4,8,スリーピース,セ3,56.0,三浦皇成,1:12.0,1.1/4,6.5,3.0,458(-8),[東] 武井亮,202506040112
4,2,4,フェスタリア,牡3,56.0,荻野極,1:12.3,1.3/4,3.9,2.0,452(+6),[東] 矢野英一,202506040112
5,3,5,ニシノクードクール,牝3,54.0,武藤雅,1:12.3,クビ,46.1,11.0,444(+12),[東] 武藤善則,202506040112
6,8,16,ゲキザル,牡6,58.0,小林脩斗,1:12.4,クビ,17.5,7.0,476(+4),[東] 青木孝文,202506040112
7,1,1,ショウナンハクウン,牡5,58.0,岩田康誠,1:12.4,ハナ,9.6,5.0,498(-10),[東] 大竹正博,202506040112
8,4,7,カガバベル,牡3,56.0,横山琉人,1:12.4,ハナ,71.4,12.0,510(-2),[東] 萱野浩二,202506040112
9,2,3,レグザゴン,牝4,56.0,団野大成,1:12.8,2.1/2,84.4,13.0,464(+18),[東] 斎藤誠,202506040112
9,6,12,フォンメイリー,牝6,54.0,今村聖奈,1:12.8,同着,10.3,6.0,494(+6),[東] 粕谷昌央,202506040112
11,8,15,サヨノジャンボリー,牡3,56.0,内田博幸,1:12.9,1/2,8.7,4.0,480(-8),[東] 小笠倫弘,202506040112
12,1,2,オーサムデアラー,セ5,58.0,大野拓弥,1:13.0,1/2,35.3,9.0,480(-8),[東] 上原博之,202506040112
13,7,13,フォクシー,牝4,56.0,小林凌大,1:13.1,クビ,378.3,16.0,408(0),[東] 石栗龍彦,202506040112
14,3,6,キングヴァージル,牡4,58.0,菊沢一樹,1:13.2,1/2,38.1,10.0,496(-4),[東] 田島俊明,202506040112
15,5,9,ピクラリーダ,牝4,53.0,上里直汰,1:14.0,5,143.7,14.0,450(-18),[東] 清水英克,202506040112
16,6,11,ペイシャニット,牝4,53.0,遠藤汰月,1:15.0,6,221.6,15.0,476(+2),[東] 伊藤伸一,202506040112
1,7,10,ウィズユアドリーム,牡5,60.0,高田潤,3:19.2,,1.7,1.0,512(-2),[西] 宮地貴稔,202506040201
2,4,4,フェスティヴビーム,牡5,60.0,草野太郎,3:19.8,3.1/2,5.0,2.0,476(+6),[東] 畠山吉宏,202506040201
3,5,6,リードアクトレス,牝4,58.0,小野寺祐,3:20.0,1.1/4,63.0,10.0,498(+16),[西] 安達昭夫,202506040201
4,8,12,フームスムート,牡8,60.0,金子光希,3:20.5,3.1/2,17.8,5.0,540(+10),[東] 水野貴広,202506040201
5,5,7,ユイノコキュウ,牡4,60.0,大江原圭,3:20.7,3/4,23.1,7.0,476(-2),[東] 竹内正洋,202506040201
6,3,3,エクロジャイト,セ5,60.0,小牧加矢,3:21.0,2,9.7,4.0,518(+18),[西] 武幸四郎,202506040201
7,7,11,スズノレイライン,牡4,60.0,黒岩悠,3:21.5,3,18.2,6.0,530(-6),[西] 平田修,202506040201
8,6,9,ザロック,セ4,60.0,石神深一,3:21.6,3/4,28.8,8.0,482(+12),[東] 武井亮,202506040201
9,1,1,メイショウカゲカツ,牡6,60.0,難波剛健,3:21.7,1/2,7.6,3.0,512(+4),[西] 西園正都,202506040201
10,4,5,シンドバッド,牡5,57.0,坂口智康,3:21.9,1.1/4,100.9,11.0,474(-8),[東] 土田稔,202506040201
11,6,8,ヴォンヌヴォー,牝5,58.0,伴啓太,3:23.7,大,156.4,12.0,460(+12),[東] 天間昭一,202506040201
12,8,13,リアルカイザー,牡4,57.0,土田真翔,3:23.9,1.1/4,45.7,9.0,502(+6),[東] 松永康利,202506040201
13,2,2,エレガントウインク,牝4,58.0,江田勇亮,3:24.0,1/2,243.0,13.0,472(+10),[東] 土田稔,202506040201
1,6,11,キアラメンテ,牝3,55.0,戸崎圭太,1:33.1,,2.6,1.0,434(+6),[東] 鹿戸雄一,202506040202
2,4,7,ノーブルライナー,牡3,57.0,菅原明良,1:33.1,クビ,4.9,2.0,486(+4),[東] 中川公成,202506040202
3,7,13,バレドラパン,牝3,55.0,丸田恭介,1:33.4,1.3/4,96.0,13.0,454(+8),[東] 奥村武,202506040202
4,1,2,チリーゴールド,牝3,52.0,石神深道,1:33.4,アタマ,53.0,12.0,438(+2),[東] 深山雅史,202506040202
5,4,8,リケアキャンディ,牝3,55.0,横山琉人,1:33.5,1/2,34.5,9.0,438(+12),[東] 蛯名利弘,202506040202
6,7,14,スターリーナイト,牝3,55.0,ルメール,1:33.6,3/4,6.6,4.0,434(0),[東] 蛯名正義,202506040202
7,3,5,ママアリガトー,牝3,55.0,菊沢一樹,1:33.8,1,34.8,10.0,428(+4),[東] 石栗龍彦,202506040202
8,6,12,ノースタンダード,牡3,57.0,横山和生,1:33.8,クビ,27.2,8.0,538(+6),[東] 栗田徹,202506040202
9,2,3,タイキブライトン,牡3,57.0,原優介,1:34.0,1,14.0,5.0,458(0),[東] 萱野浩二,202506040202
10,1,1,レッドキリアン,牡3,57.0,石川裕紀,1:34.0,クビ,25.0,7.0,502(+2),[東] 奥村武,202506040202
11,5,9,スタンピー,牝3,54.0,西塚洸二,1:34.0,アタマ,5.4,3.0,460(0),[東] 深山雅史,202506040202
12,5,10,ウィアステーラ,牝3,55.0,丸山元気,1:34.2,1.1/4,37.4,11.0,438(-2),[東] 田島俊明,202506040202
13,2,4,ノブノリオウ,牡3,57.0,大野拓弥,1:34.7,2.1/2,154.7,14.0,434(-16),[東] 久保田貴,202506040202
14,8,15,ダノンカローネ,牡3,57.0,木幡巧也,1:34.8,1/2,177.5,15.0,472(0),[東] 久保田貴,202506040202
15,3,6,アリアルブラック,牡3,57.0,吉田豊,1:34.9,1,17.0,6.0,490(-4),[東] 久保田貴,202506040202
16,8,16,オッスイレブン,牝3,51.0,谷原柚希,1:35.0,1/2,384.1,16.0,414(-4),[東] 松山将樹,202506040202
1,7,13,ドンエレクトス,牡2,55.0,菅原明良,1:12.0,,1.7,1.0,464(+4),[東] 高木登,202506040203
2,6,11,コパノトーマス,牡2,55.0,原優介,1:12.5,2.1/2,4.7,3.0,464(-4),[東] 青木孝文,202506040203
3,2,2,ヘリテージブルーム,牡2,55.0,戸崎圭太,1:13.0,3,3.7,2.0,446(0),[東] 伊藤圭三,202506040203
4,6,10,フィールドアピール,牝2,55.0,木幡初也,1:13.2,1,23.6,6.0,478(+6),[東] 竹内正洋,202506040203
5,7,12,ハッピーラッキー,牡2,55.0,丸田恭介,1:14.5,8,31.1,7.0,458(-10),[東] 武市康男,202506040203
6,5,9,セントリアン,牝2,52.0,上里直汰,1:14.5,クビ,80.3,8.0,434(+6),[東] 萱野浩二,202506040203
7,8,15,エスシーレイジュ,牝2,55.0,大野拓弥,1:14.6,1/2,167.8,10.0,446(-2),[東] 松山将樹,202506040203
8,1,1,タヤスロレンヌ,牝2,52.0,石田拓郎,1:14.7,1/2,20.8,5.0,458(0),[東] 岩戸孝樹,202506040203
9,3,4,トコシエノヒトミ,牝2,55.0,横山琉人,1:14.8,クビ,20.7,4.0,408(0),[東] 小笠倫弘,202506040203
10,4,6,リスペクトライト,牡2,52.0,石神深道,1:14.9,1/2,281.4,12.0,432(+2),[東] 和田正一,202506040203
11,2,3,ニャンキニーズ,牡2,55.0,木幡巧也,1:15.1,1.1/2,176.0,11.0,436(-8),[東] 勢司和浩,202506040203
12,5,8,カシノユメミヅキ,牡2,52.0,土田真翔,1:15.4,1.1/2,352.4,13.0,498(-2),[東] 和田雄二,202506040203
13,3,5,ルージュノヴァ,牝2,52.0,遠藤汰月,1:15.4,クビ,374.6,14.0,456(+2),[東] 萱野浩二,202506040203
14,8,14,アルバニクス,牝2,55.0,菊沢一樹,1:15.6,1,141.1,9.0,462(-2),[東] 田村康仁,202506040203
15,4,7,ヴィーナスキック,牝2,55.0,小林脩斗,1:18.5,大,429.7,15.0,424(-6),[東] 青木孝文,202506040203
1,6,6,マイネルマスター,牡2,55.0,津村明秀,2:04.8,,3.0,2.0,436(+6),[東] 青木孝文,202506040204
2,4,4,ジャストマイウェイ,牝2,55.0,ルメール,2:04.8,クビ,1.9,1.0,518(+4),[東] 国枝栄,202506040204
3,7,7,マイネルリーヒム,牡2,55.0,戸崎圭太,2:05.0,3/4,5.4,3.0,478(0),[東] 武市康男,202506040204
4,3,3,ユーゲットミー,牝2,55.0,嶋田純次,2:05.4,2.1/2,14.1,5.0,440(0),[東] 西田雄一,202506040204
5,7,8,レイランディ,牡2,55.0,石川裕紀,2:05.5,1,49.6,6.0,456(0),[東] 古賀慎明,202506040204
6,8,9,アイドクレース,牝2,52.0,石神深道,2:05.6,クビ,10.0,4.0,434(+4),[東] 金成貴史,202506040204
7,5,5,モリインビクタス,牡2,55.0,小林脩斗,2:05.7,1,75.5,7.0,484(+16),[東] 伊藤大士,202506040204
8,2,2,ハロングロットル,牡2,52.0,遠藤汰月,2:06.0,1.1/2,361.3,10.0,442(+8),[東] 伊藤伸一,202506040204
9,1,1,コスモラムバック,牡2,55.0,武藤雅,2:06.0,クビ,180.7,9.0,496(+6),[東] 水野貴広,202506040204
10,8,10,マイネルモンテュス,牡2,55.0,野中悠太,2:06.2,1,100.5,8.0,510(+8),[東] 和田勇介,202506040204
1,3,3,フォルテアンジェロ,牡2,55.0,戸崎圭太,1:48.9,,1.8,1.0,442(0),[東] 上原佑紀,202506040205
2,5,6,ソラネルマン,牡2,55.0,ルメール,1:48.9,クビ,3.5,2.0,486(0),[東] 手塚貴久,202506040205
3,7,10,コッツォリーノ,牡2,55.0,横山典弘,1:49.0,クビ,19.1,6.0,452(0),[東] 池上昌和,202506040205
4,8,11,ハーディジェナー,牝2,52.0,上里直汰,1:49.4,2.1/2,115.2,11.0,428(0),[東] 西田雄一,202506040205
5,1,1,ホールオブミラーズ,牡2,55.0,北村友一,1:49.4,アタマ,10.8,4.0,460(0),[西] 高野友和,202506040205
6,2,2,マイネルゼーロス,牡2,55.0,津村明秀,1:49.5,3/4,6.3,3.0,478(0),[東] 相沢郁,202506040205
7,5,5,ダイシンレスター,牡2,55.0,岩田康誠,1:50.2,4,67.0,8.0,446(0),[東] 戸田博文,202506040205
8,7,9,サムシングニュー,牡2,55.0,柴田善臣,1:50.9,4,72.7,9.0,472(0),[東] 鹿戸雄一,202506040205
9,6,8,ホワイトナイル,牡2,55.0,木幡巧也,1:51.0,クビ,16.9,5.0,486(0),[東] 牧光二,202506040205
10,6,7,ビリージェイ,牡2,55.0,菅原明良,1:51.1,1,35.0,7.0,446(0),[東] 高柳瑞樹,202506040205
11,4,4,フロムドーン,牡2,52.0,石田拓郎,1:51.2,1/2,112.0,10.0,492(0),[東] 新開幸一,202506040205
12,8,12,ダブルデライト,牝2,55.0,柴田大知,1:51.7,3,315.1,12.0,424(0),[東] 和田雄二,202506040205
1,4,7,ヴァレンティーニ,牝2,55.0,岩田康誠,1:56.6,,7.5,5.0,482(0),[東] 新開幸一,202506040206
2,5,9,ショコラプリン,牝2,55.0,津村明秀,1:56.9,2,4.7,1.0,510(0),[西] 四位洋文,202506040206
3,8,16,キセログラフィカ,牡2,53.0,今村聖奈,1:57.3,2.1/2,5.2,3.0,500(0),[東] 大和田成,202506040206
4,2,3,カーボフリオ,牝2,55.0,木幡巧也,1:57.5,1.1/4,25.6,9.0,426(0),[東] 高木登,202506040206
5,2,4,タイセツナヒ,牡2,55.0,原優介,1:57.9,2.1/2,82.3,14.0,462(0),[東] 杉浦宏昭,202506040206
6,4,8,ロンバルドシチー,牡2,55.0,菊沢一樹,1:58.2,2,15.5,7.0,450(0),[西] 西園翔太,202506040206
7,1,2,ネイティヴプライド,牡2,55.0,菅原明良,1:58.3,クビ,35.7,11.0,466(0),[東] 高木登,202506040206
8,5,10,フライスカイハイ,牝2,55.0,吉田隼人,1:58.4,3/4,20.1,8.0,420(0),[東] 菊川正達,202506040206
9,6,11,ブッチギレ,牡2,55.0,横山和生,1:58.6,1,10.9,6.0,464(0),[東] 栗田徹,202506040206
10,7,14,ヴェネチアンキング,牡2,55.0,鮫島克駿,1:58.9,2,6.9,4.0,510(0),[東] 伊藤圭三,202506040206
11,7,13,ニシノロッドマン,牡2,55.0,野中悠太,1:59.8,5,202.0,15.0,492(0),[東] 矢嶋大樹,202506040206
12,3,6,ルミテュット,牝2,55.0,戸崎圭太,1:59.9,1/2,5.0,2.0,506(0),[東] 萩原清,202506040206
13,1,1,クリソプテロン,牝2,55.0,北村友一,2:00.1,1.1/4,42.1,12.0,488(0),[西] 浜田多実,202506040206
14,8,15,セントポールヒロ,牝2,52.0,石神深道,2:01.5,8,265.7,16.0,460(0),[東] 田島俊明,202506040206
15,6,12,ハウスオンファイア,牝2,55.0,大野拓弥,2:01.6,1,26.9,10.0,488(0),[東] 岩戸孝樹,202506040206
16,3,5,ブリスフルイヤー,牝2,55.0,石川裕紀,2:03.7,大,57.0,13.0,472(0),[東] 新開幸一,202506040206
1,8,16,キタノライブリー,牝3,55.0,木幡初也,1:12.1,,1.9,1.0,436(-4),[東] 本間忍,202506040207
2,3,6,キャンディブーケ,牝3,55.0,横山琉人,1:12.2,3/4,10.4,5.0,440(+4),[東] 鈴木伸尋,202506040207
3,7,14,タッチダウン,牝3,55.0,菅原明良,1:13.0,5,7.9,4.0,440(-2),[東] 小島茂之,202506040207
4,5,9,タッカーバリアント,牡3,57.0,吉田豊,1:13.1,1/2,6.9,2.0,458(-4),[東] 田島俊明,202506040207
5,6,11,ハーレムシャフル,牡3,57.0,木幡巧也,1:13.2,クビ,106.2,11.0,442(-4),[東] 勢司和浩,202506040207
6,7,13,ベルレオーネ,牡3,57.0,石川裕紀,1:13.5,2,30.3,8.0,460(+2),[東] 天間昭一,202506040207
7,4,8,ダイメイナガス,牝3,55.0,菊沢一樹,1:13.8,1.1/2,11.5,6.0,446(-14),[東] 本間忍,202506040207
8,3,5,ホウオウブライツ,牡3,57.0,岩田康誠,1:14.1,1.3/4,20.0,7.0,472(0),[東] 稲垣幸雄,202506040207
9,4,7,ロベルタカリーナ,牝3,52.0,上里直汰,1:14.2,1/2,176.8,13.0,452(0),[東] 牧光二,202506040207
10,2,4,ヤマタケトップガン,牡3,57.0,岩部純二,1:14.3,1/2,211.1,14.0,468(+20),[東] 萱野浩二,202506040207
11,8,15,アオイハナミチ,牝3,53.0,今村聖奈,1:14.6,1.3/4,7.3,3.0,436(+10),[東] 高橋文雅,202506040207
12,2,3,フェスティヴルキナ,牝3,55.0,柴田大知,1:14.8,1.1/4,44.8,9.0,448(-2),[東] 小野次郎,202506040207
13,1,2,ブルンツヴィーク,牡3,57.0,津村明秀,1:15.2,2.1/2,58.6,10.0,456(+4),[東] 柄崎将寿,202506040207
14,6,12,ケノファニース,牝3,52.0,石田拓郎,1:15.9,4,246.7,15.0,398(0),[東] 池上昌和,202506040207
15,1,1,イタリックタイプ,牡3,57.0,木幡育也,1:16.4,3,513.3,16.0,420(+2),[東] 田中剛,202506040207
16,5,10,マミーブルー,牝3,52.0,佐藤翔馬,1:17.6,7,170.7,12.0,446(+30),[東] 杉浦宏昭,202506040207
1,8,14,ロンパイア,牡3,55.0,戸崎圭太,1:53.1,,8.2,3.0,476(-10),[東] 尾関知人,202506040208
2,6,11,ヘリオトロープ,牡3,55.0,ルメール,1:53.1,クビ,1.6,1.0,480(-2),[東] 萩原清,202506040208
3,4,6,コーリンカルベラ,牡4,58.0,吉田豊,1:53.6,3,48.3,8.0,488(+8),[東] 小野次郎,202506040208
4,7,12,タニセンドリーム,牡4,55.0,上里直汰,1:53.8,3/4,14.0,4.0,502(+2),[東] 加藤士津,202506040208
5,7,13,スマートクオーレ,牡3,55.0,木幡初也,1:53.9,3/4,27.6,6.0,492(+4),[東] 粕谷昌央,202506040208
6,2,2,ラストレガシー,牡3,55.0,津村明秀,1:54.6,4,3.9,2.0,484(0),[東] 手塚貴久,202506040208
7,3,5,ナムラジミー,牡3,55.0,丸田恭介,1:54.8,1,42.7,7.0,480(-2),[東] 武市康男,202506040208
8,2,3,グランエシェゾー,牝4,56.0,横山琉人,1:55.0,1.1/2,519.2,15.0,504(-4),[東] 高橋文雅,202506040208
9,5,8,カルフ,セ4,58.0,杉原誠人,1:55.0,ハナ,128.7,11.0,458(+2),[東] 大和田成,202506040208
10,6,10,グラスビジョン,牡3,55.0,木幡巧也,1:55.3,1.1/2,284.8,14.0,422(+2),[東] 佐藤吉勝,202506040208
11,8,15,トルズイーガー,牡5,55.0,佐藤翔馬,1:55.8,3,91.8,10.0,510(-2),[東] 伊藤圭三,202506040208
12,3,4,フィーチャリング,セ3,55.0,石川裕紀,1:56.1,2,14.8,5.0,448(-22),[東] 和田正一,202506040208
13,1,1,ブリスフル,牡4,58.0,菊沢一樹,1:56.6,3,225.6,12.0,492(-10),[東] 武市康男,202506040208
14,4,7,サウンドバッハ,牡3,55.0,野中悠太,1:57.6,6,284.0,13.0,492(-5),[東] 根本康広,202506040208
15,5,9,グリントリッター,セ4,57.0,西塚洸二,1:57.9,1.3/4,65.8,9.0,438(+8),[東] 深山雅史,202506040208
1,8,15,モンドプリューム,牡5,58.0,北村友一,1:11.1,,4.6,2.0,510(+6),[東] 水野貴広,202506040209
2,7,14,ビッグドリーム,牡4,58.0,ルメール,1:11.1,ハナ,3.0,1.0,534(0),[西] 西園正都,202506040209
3,6,12,カネショウレジェン,牡3,56.0,横山琉人,1:11.5,2.1/2,5.9,4.0,488(0),[東] 稲垣幸雄,202506040209
4,8,16,アグラード,牡4,58.0,岩田康誠,1:11.8,1.1/2,10.3,6.0,468(+2),[東] 高柳瑞樹,202506040209
5,6,11,メモリーグラス,牡5,58.0,木幡巧也,1:11.8,クビ,49.3,9.0,492(+6),[東] 松永康利,202506040209
6,1,2,リリージェーン,牝5,56.0,原優介,1:12.1,1.1/2,70.3,11.0,442(+10),[東] 小手川準,202506040209
7,7,13,ランタナヒルズ,牝4,56.0,丸田恭介,1:12.1,クビ,66.4,10.0,466(+4),[東] 田中勝春,202506040209
8,3,6,シックザイン,牡6,58.0,武藤雅,1:12.3,3/4,451.9,16.0,480(-4),[東] 水野貴広,202506040209
9,2,4,タッカージーティー,牝3,54.0,津村明秀,1:12.3,アタマ,5.6,3.0,490(+6),[東] 鈴木伸尋,202506040209
10,4,7,オーロラアーク,牝6,56.0,菊沢一樹,1:12.6,1.3/4,99.5,12.0,460(+6),[東] 石栗龍彦,202506040209
11,5,10,セキテイオー,牡6,58.0,江田照男,1:12.8,1.1/2,144.8,13.0,480(+4),[東] 田中剛,202506040209
12,2,3,マイレーヌ,牝5,56.0,鮫島克駿,1:13.1,1.1/2,172.1,14.0,524(+14),[東] 斎藤誠,202506040209
13,3,5,ロサンゼルス,牡4,58.0,戸崎圭太,1:13.2,1/2,7.9,5.0,526(+12),[東] 伊藤圭三,202506040209
14,5,9,ヴァルドルチャ,牡4,58.0,西塚洸二,1:13.5,1.1/2,25.8,7.0,468(-6),[東] 田中博康,202506040209
15,1,1,サイモンギフト,牡5,58.0,大野拓弥,1:13.8,2,233.6,15.0,500(+6),[東] 勢司和浩,202506040209
16,4,8,マイネルディレクト,牡4,58.0,菅原明良,1:26.5,大,46.2,8.0,498(-4),[東] 伊藤大士,202506040209
1,5,6,ルージュラナキラ,牝3,53.0,鮫島克駿,1:07.0,,5.0,2.0,458(-4),[東] 加藤征弘,202506040210
2,2,2,マックアルイーン,牡3,55.0,ルメール,1:07.2,3/4,1.6,1.0,534(-6),[東] 木村哲也,202506040210
3,1,1,アシャカタカ,牡5,54.0,菊沢一樹,1:07.2,クビ,21.9,7.0,476(+2),[東] 鈴木伸尋,202506040210
4,5,7,シカゴスティング,牝4,54.0,石川裕紀,1:07.3,クビ,14.5,4.0,450(+2),[西] 庄野靖志,202506040210
5,4,4,ロードトレイル,牡4,55.0,菅原明良,1:07.3,1/2,40.4,8.0,478(+2),[西] 藤岡健一,202506040210
6,3,3,トーラスシャイン,牡4,56.0,北村友一,1:07.4,3/4,6.2,3.0,480(+6),[西] 田中克典,202506040210
7,7,10,ユハンヌス,牡5,56.0,横山和生,1:07.5,1/2,19.2,6.0,474(-6),[西] 大久保龍,202506040210
8,6,8,ランドオブラヴ,牝5,53.0,江田照男,1:07.7,3/4,17.0,5.0,430(-4),[東] 蛯名正義,202506040210
9,8,13,グレタ,牝6,52.0,原優介,1:07.9,1.1/2,120.2,11.0,478(-4),[東] 清水英克,202506040210
10,7,11,ウナギノボリ,牡6,53.0,大野拓弥,1:08.1,1,106.2,10.0,478(-2),[西] 東田明士,202506040210
11,8,12,タツダイヤモンド,牡5,55.0,的場勇人,1:08.2,1/2,155.0,12.0,472(+2),[東] 的場均,202506040210
12,4,5,ショウナンラスボス,牡7,54.0,吉田豊,1:08.3,1/2,78.5,9.0,466(+4),[東] 奥村武,202506040210
除,6,9,ルーフ,牝5,53.0,戸崎圭太,,,---,,498(-4),[西] 清水久詞,202506040210
1,5,7,ケリフレッドアスク,牝3,55.0,西塚洸二,1:59.1,,24.9,7.0,456(+4),[西] 藤原英昭,202506040211
2,4,5,ジョスラン,牝3,55.0,ルメール,1:59.1,クビ,4.8,2.0,470(+6),[東] 鹿戸雄一,202506040211
3,6,9,ダノンフェアレディ,牝3,55.0,戸崎圭太,1:59.3,1,6.2,4.0,482(+10),[西] 橋口慎介,202506040211
4,8,12,キューティリップ,牝3,55.0,武藤雅,1:59.4,1/2,217.9,13.0,456(-4),[東] 戸田博文,202506040211
5,4,4,エストゥペンダ,牝3,55.0,菅原明良,1:59.4,ハナ,5.4,3.0,436(-6),[東] 高柳瑞樹,202506040211
6,6,8,サタデーサンライズ,牝3,55.0,大野拓弥,1:59.4,アタマ,136.5,12.0,448(+6),[西] 石坂公一,202506040211
7,8,13,テリオスララ,牝3,55.0,鮫島克駿,1:59.4,クビ,16.9,6.0,492(-4),[東] 田島俊明,202506040211
8,1,1,リンクスティップ,牝3,55.0,北村友一,1:59.6,1,2.4,1.0,480(+8),[西] 西村真幸,202506040211
9,7,11,サヴォンリンナ,牝3,55.0,吉田隼人,1:59.7,1/2,31.2,9.0,458(+8),[西] 田中克典,202506040211
10,7,10,マイスターヴェルク,牝3,55.0,横山和生,1:59.7,クビ,28.7,8.0,486(-16),[東] 勢司和浩,202506040211
11,3,3,セイキュート,牝3,55.0,津村明秀,1:59.9,1,67.7,10.0,472(+2),[西] 四位洋文,202506040211
12,2,2,ドマーネ,牝3,55.0,石川裕紀,2:00.2,1.3/4,90.7,11.0,444(+8),[西] 辻野泰之,202506040211
中,5,6,ロートホルン,牝3,55.0,横山典弘,,,11.8,5.0,470(-2),[東] 加藤征弘,202506040211
1,6,12,ユキノエミリオ,牡3,56.0,鮫島克駿,1:08.8,,9.0,5.0,436(-10),[東] 竹内正洋,202506040212
2,5,10,レッドカメリア,牝5,56.0,小林脩斗,1:09.0,1,81.7,11.0,450(-10),[東] 佐藤吉勝,202506040212
3,8,16,タイキオーベロン,牡3,53.0,石田拓郎,1:09.0,ハナ,24.2,7.0,450(-4),[東] 高木登,202506040212
4,4,8,クリノゴッホ,セ5,58.0,大野拓弥,1:09.1,1/2,39.9,8.0,452(+6),[東] 岩戸孝樹,202506040212
5,5,9,キャナルクルーズ,牝3,54.0,北村友一,1:09.1,クビ,4.2,2.0,436(0),[東] 大竹正博,202506040212
6,6,11,フォルトレス,牝3,54.0,菅原明良,1:09.1,ハナ,8.1,4.0,466(+8),[東] 国枝栄,202506040212
7,2,4,ツィスカリーゼ,牡5,58.0,的場勇人,1:09.2,1,273.1,16.0,460(-2),[東] 的場均,202506040212
8,1,1,グリームスター,牡3,56.0,菊沢一樹,1:09.3,アタマ,93.9,12.0,458(-4),[東] 勢司和浩,202506040212
9,3,6,レイユール,牝3,54.0,木幡巧也,1:09.3,ハナ,4.6,3.0,410(0),[東] 手塚貴久,202506040212
10,7,14,ヴァリアントマーチ,牝3,54.0,横山琉人,1:09.3,クビ,198.0,14.0,458(+8),[東] 林徹,202506040212
11,8,15,ハッピーパンニャ,牡5,58.0,津村明秀,1:09.3,クビ,15.4,6.0,500(-4),[東] 鈴木伸尋,202506040212
12,3,5,ロジカルワーズ,牡4,58.0,戸崎圭太,1:09.3,ハナ,2.8,1.0,506(+10),[東] 大竹正博,202506040212
13,1,2,クリアクォーツ,牡3,56.0,野中悠太,1:09.5,1,201.1,15.0,464(-2),[東] 的場均,202506040212
14,4,7,カレンナオトメ,牝4,56.0,嶋田純次,1:09.6,1,41.3,9.0,418(-6),[東] 小野次郎,202506040212
15,2,3,クラウンウルル,牡3,53.0,上里直汰,1:09.8,3/4,46.6,10.0,476(-8),[東] 菊川正達,202506040212
16,7,13,ヴィヴァラリス,牝3,54.0,吉田豊,1:09.8,クビ,152.5,13.0,390(-14),[東] 尾関知人,202506040212
1,8,11,デールエルバハリ,牝2,52.0,小林美駒,1:53.8,,3.8,2.0,490(0),[西] 杉山佳明,202506040301
2,2,2,パレスノハレブタイ,牝2,55.0,津村明秀,1:53.8,ハナ,5.2,4.0,506(-8),[東] 鈴木伸尋,202506040301
3,6,6,フライスカイハイ,牝2,55.0,吉田隼人,1:55.5,10,26.7,7.0,416(-4),[東] 菊川正達,202506040301
4,6,7,ドナソール,牝2,55.0,木幡巧也,1:55.6,クビ,59.2,10.0,464(-8),[東] 畠山吉宏,202506040301
5,1,1,ジャストビコーズ,牝2,53.0,今村聖奈,1:55.6,クビ,4.3,3.0,474(-2),[東] 武井亮,202506040301
6,5,5,リワードシュテルン,牝2,52.0,舟山瑠泉,1:56.0,2.1/2,25.1,6.0,474(-8),[東] 村田一誠,202506040301
7,4,4,スピネルテソーロ,牝2,55.0,佐々木大,1:56.1,1/2,48.6,8.0,460(0),[東] 栗田徹,202506040301
8,7,8,スーパーガール,牝2,55.0,丹内祐次,1:56.4,2,2.8,1.0,496(+6),[東] 伊藤圭三,202506040301
9,3,3,ラスエル,牝2,55.0,内田博幸,1:57.2,5,13.5,5.0,488(-2),[東] 田村康仁,202506040301
10,8,10,カシノサルパーレ,牝2,52.0,土田真翔,1:59.5,大,304.3,11.0,450(0),[東] 和田雄二,202506040301
11,7,9,ニシノグラシアス,牝2,52.0,佐藤翔馬,2:02.1,大,52.3,9.0,494(-2),[東] 伊藤圭三,202506040301
1,1,1,マーゴットブロー,牡2,55.0,荻野極,1:35.0,,14.1,7.0,496(0),[東] 伊坂重信,202506040302
2,5,5,シャオママル,牡2,55.0,佐々木大,1:35.0,ハナ,11.8,5.0,434(-4),[東] 加藤士津,202506040302
3,7,9,ミスターマーボー,牡2,55.0,原優介,1:35.1,1,13.2,6.0,436(+8),[東] 青木孝文,202506040302
4,6,7,シャインフォーミー,牝2,55.0,丹内祐次,1:35.2,クビ,3.3,1.0,446(+12),[東] 尾関知人,202506040302
5,8,11,フィーユレアル,牝2,55.0,横山琉人,1:35.2,クビ,6.7,4.0,476(-8),[東] 斎藤誠,202506040302
6,3,3,テンユウ,牡2,55.0,横山和生,1:35.6,2.1/2,4.7,3.0,478(+4),[東] 奥村武,202506040302
7,2,2,ロット,牝2,55.0,嶋田純次,1:35.7,1/2,64.0,10.0,414(+12),[東] 本間忍,202506040302
8,7,8,マルターズドン,牡2,55.0,木幡巧也,1:35.8,3/4,3.9,2.0,482(-6),[東] 手塚貴久,202506040302
9,4,4,シシリアンフラッグ,牝2,52.0,小林美駒,1:36.3,2.1/2,34.8,9.0,386(-2),[東] 中川公成,202506040302
10,6,6,チェリーブルーム,牝2,52.0,石田拓郎,1:36.3,クビ,184.9,11.0,440(+4),[東] 蛯名利弘,202506040302
11,8,10,ニシノシャルム,牝2,53.0,今村聖奈,1:36.4,1/2,16.2,8.0,442(0),[東] 栗田徹,202506040302
1,2,4,ダンケルド,牡3,57.0,杉原誠人,1:10.6,,5.3,2.0,504(+2),[東] 森一誠,202506040303
2,4,8,スイートロータス,牝3,55.0,横山武史,1:11.0,2.1/2,19.6,7.0,438(+2),[東] 久保田貴,202506040303
3,5,9,ガンバレベアー,牝3,55.0,三浦皇成,1:11.0,ハナ,3.7,1.0,470(-4),[東] 千葉直人,202506040303
4,1,2,キャンディブーケ,牝3,55.0,横山琉人,1:11.5,2.1/2,5.7,4.0,440(0),[東] 鈴木伸尋,202506040303
5,6,11,ヨタロー,牡3,57.0,佐々木大,1:11.5,クビ,5.6,3.0,438(+4),[東] 堀内岳志,202506040303
6,3,6,マロンカラノテガミ,牝3,55.0,斎藤新,1:11.8,1.1/2,42.6,12.0,426(+4),[東] 清水英克,202506040303
7,4,7,シスター,牝3,55.0,菊沢一樹,1:11.8,ハナ,10.9,6.0,484(+4),[東] 勢司和浩,202506040303
8,2,3,タッカーバリアント,牡3,57.0,吉田豊,1:11.9,3/4,33.9,11.0,458(0),[東] 田島俊明,202506040303
9,6,12,エテオクロス,牡3,57.0,津村明秀,1:12.2,1.1/2,10.0,5.0,516(-4),[東] 新開幸一,202506040303
10,8,16,キチロクキャップ,牡3,57.0,木幡育也,1:12.2,ハナ,53.7,13.0,512(-8),[東] 松永康利,202506040303
11,8,15,ピコグリーン,牝3,55.0,木幡巧也,1:12.6,2,28.6,9.0,444(-10),[東] 牧光二,202506040303
12,7,13,ブルームソング,牝3,55.0,丸田恭介,1:12.6,ハナ,258.6,16.0,516(+4),[東] 高橋文雅,202506040303
13,5,10,オルティジア,牡3,54.0,舟山瑠泉,1:13.0,2,243.5,15.0,472(-6),[東] 菊川正達,202506040303
14,7,14,タッチダウン,牝3,52.0,小林美駒,1:13.2,1.1/2,19.6,8.0,444(+4),[東] 小島茂之,202506040303
15,1,1,トルティーナ,牝3,55.0,柴田大知,1:14.2,6,222.0,14.0,490(+4),[東] 高橋文雅,202506040303
16,3,5,ミズイロホルトゥス,牝3,52.0,石神深道,1:18.0,大,32.0,10.0,458(+4),[東] 金成貴史,202506040303
1,5,7,フェーレンベルク,牡5,60.0,高田潤,3:41.3,,1.6,1.0,482(-2),[東] 千葉直人,202506040304
2,3,3,フォージドブリック,牡4,59.0,大江原圭,3:41.3,アタマ,14.7,5.0,550(+12),[東] 西田雄一,202506040304
3,5,6,タマモエース,牡6,59.0,小野寺祐,3:41.5,3/4,7.5,3.0,488(+2),[西] 宮地貴稔,202506040304
4,8,12,メイショウアツイタ,牡7,59.0,難波剛健,3:41.8,2,22.6,7.0,510(-4),[西] 高橋義忠,202506040304
5,4,5,クラップサンダー,牡6,59.0,黒岩悠,3:42.1,1.1/2,32.0,8.0,462(-18),[西] 牧田和弥,202506040304
6,2,2,スズカキング,牡8,59.0,石神深一,3:42.1,クビ,35.0,9.0,456(+2),[西] 谷潔,202506040304
7,8,13,ケンアンビシャス,牡7,60.0,五十嵐雄,3:42.5,2,6.9,2.0,486(+2),[東] 久保田貴,202506040304
8,4,4,シゲルタヌキ,牡6,59.0,小坂忠士,3:43.8,8,49.8,11.0,486(-12),[西] 谷潔,202506040304
9,6,9,サルサロッサ,牝6,57.0,森一馬,3:44.0,1,40.4,10.0,454(-2),[東] 高柳瑞樹,202506040304
10,7,10,ニシノパプルブリリ,牝5,57.0,伴啓太,3:44.9,5,19.4,6.0,488(+4),[東] 加藤和宏,202506040304
11,6,8,アルマーザアミール,牡4,59.0,小牧加矢,3:45.1,1.1/4,57.4,12.0,504(+6),[西] 斉藤崇史,202506040304
12,7,11,フリーダムレイン,牡4,59.0,中村将之,3:47.4,大,12.6,4.0,480(+2),[西] 高橋一哉,202506040304
13,1,1,エコロマーベリック,セ5,59.0,草野太郎,3:49.0,10,62.1,13.0,502(+12),[東] 岩戸孝樹,202506040304
1,2,3,スタートレイン,牝2,55.0,佐々木大,1:36.0,,3.4,2.0,442(0),[東] 黒岩陽一,202506040305
2,8,16,サンセリテ,牝2,55.0,戸崎圭太,1:36.0,クビ,2.1,1.0,438(0),[東] 鹿戸雄一,202506040305
3,7,14,マカレイ,牝2,55.0,武藤雅,1:36.3,1.1/2,18.0,6.0,484(0),[東] 上原博之,202506040305
4,6,11,モルニケ,牝2,55.0,三浦皇成,1:36.4,1,6.8,3.0,456(0),[東] 金成貴史,202506040305
5,1,2,ルージュブリッツ,牝2,55.0,横山和生,1:36.9,2.1/2,9.7,4.0,434(0),[東] 古賀慎明,202506040305
6,1,1,レディアエラ,牝2,55.0,杉原誠人,1:37.2,1.3/4,211.9,14.0,432(0),[東] 大和田成,202506040305
7,5,10,ディアファニス,牝2,55.0,荻野極,1:37.3,3/4,84.4,9.0,468(0),[東] 伊坂重信,202506040305
8,2,4,エーデルハイ,牝2,55.0,津村明秀,1:37.3,ハナ,176.9,10.0,440(0),[東] 天間昭一,202506040305
9,8,15,ソロイノシタク,牝2,55.0,丸山元気,1:37.4,1/2,205.7,13.0,422(0),[東] 矢嶋大樹,202506040305
10,4,7,アリアス,牝2,55.0,横山武史,1:37.4,1/2,18.9,7.0,416(0),[東] 高柳瑞樹,202506040305
11,3,6,エルリオ,牝2,55.0,内田博幸,1:37.5,1/2,213.7,15.0,448(0),[東] 深山雅史,202506040305
12,4,8,ソーマッチ,牝2,52.0,小林美駒,1:37.7,3/4,53.2,8.0,426(0),[東] 鈴木伸尋,202506040305
13,5,9,レイナロハルンバ,牝2,52.0,石神深道,1:38.2,3.1/2,182.1,11.0,416(0),[東] 加藤和宏,202506040305
14,6,12,シシリアンキッス,牝2,55.0,松岡正海,1:38.4,1.1/4,192.4,12.0,438(0),[東] 佐藤吉勝,202506040305
15,3,5,ビッグチャン,牝2,55.0,丹内祐次,1:38.5,1/2,14.1,5.0,474(0),[東] 矢野英一,202506040305
16,7,13,サバイバルトゥルー,牝2,55.0,吉田隼人,1:38.8,1.3/4,278.0,16.0,442(0),[東] 和田雄二,202506040305
1,6,6,メイショウハチコウ,牡2,55.0,戸崎圭太,2:03.1,,2.9,2.0,496(0),[西] 牧浦充徳,202506040306
2,3,3,ロミオ,牡2,55.0,石橋脩,2:03.2,1/2,7.3,4.0,490(0),[東] 上原佑紀,202506040306
3,8,8,ブランニューホーム,牡2,55.0,黛弘人,2:03.3,クビ,79.7,9.0,440(0),[東] 深山雅史,202506040306
4,2,2,セイウンアズール,牝2,55.0,津村明秀,2:03.3,クビ,6.1,3.0,452(0),[東] 千葉直人,202506040306
5,4,4,アンチヒーロー,牡2,53.0,今村聖奈,2:03.5,1.1/4,17.0,5.0,430(0),[東] 田村康仁,202506040306
6,1,1,レイヒストリコ,牡2,55.0,横山武史,2:04.5,6,2.2,1.0,492(0),[東] 黒岩陽一,202506040306
7,8,9,テンカムテキ,牡2,55.0,丹内祐次,2:04.6,3/4,21.5,6.0,496(0),[東] 林徹,202506040306
8,5,5,ラウムシュトラール,牡2,55.0,丸山元気,2:04.9,1.3/4,34.0,7.0,444(0),[東] 田中勝春,202506040306
中,7,7,キョンチャン,牝2,55.0,江田照男,,,64.5,8.0,454(0),[東] 深山雅史,202506040306
1,8,15,アルデラックス,牡3,57.0,戸崎圭太,1:53.8,,1.8,1.0,512(+4),[東] 村田一誠,202506040307
2,3,5,エマージェンス,牡3,57.0,佐々木大,1:53.8,ハナ,18.9,7.0,490(-10),[東] 堀内岳志,202506040307
3,6,11,ヨドノタイヨウ,牡3,57.0,小林凌大,1:54.0,1,17.0,6.0,498(0),[東] 小西一男,202506040307
4,5,9,カサビセンス,牝3,55.0,木幡巧也,1:54.0,クビ,29.8,11.0,442(+8),[東] 加藤士津,202506040307
5,5,10,アドマイヤコーク,セ3,57.0,津村明秀,1:54.3,2,11.9,4.0,428(-8),[東] 宮田敬介,202506040307
6,4,8,エリュテイア,牝3,52.0,石神深道,1:54.4,アタマ,33.1,12.0,476(-4),[東] 深山雅史,202506040307
7,7,13,タマモクリーガー,牡3,57.0,菊沢一樹,1:54.5,1/2,6.1,2.0,466(-12),[東] 菊沢隆徳,202506040307
8,2,3,テソリーノ,牡3,57.0,原優介,1:54.5,クビ,104.8,14.0,558(-21),[東] 青木孝文,202506040307
9,7,14,ヴィーナスゼファー,牝3,55.0,斎藤新,1:54.6,1/2,21.6,8.0,494(+8),[東] 斎藤誠,202506040307
10,1,2,フェアゴー,牡3,57.0,杉原誠人,1:54.6,アタマ,26.2,9.0,498(-6),[東] 西田雄一,202506040307
11,1,1,セラドピラール,牝3,55.0,丸山元気,1:54.7,1/2,16.9,5.0,516(+2),[東] 稲垣幸雄,202506040307
12,2,4,ナックエルドラド,牡3,57.0,吉田豊,1:54.8,1/2,92.6,13.0,494(+10),[東] 小野次郎,202506040307
13,8,16,メイショウニトベ,牡3,57.0,江田照男,1:55.1,1.1/2,28.1,10.0,472(-2),[東] 蛯名正義,202506040307
14,4,7,アルマリカシバ,牝3,52.0,小林美駒,1:55.5,2.1/2,10.9,3.0,446(-2),[東] 中舘英二,202506040307
15,3,6,スーパーチャージ,セ3,54.0,水沼元輝,1:56.3,5,194.9,15.0,506(-4),[東] 戸田博文,202506040307
16,6,12,ピチクリ,牝3,55.0,柴田大知,2:01.7,大,348.1,16.0,474(+10),[東] 高橋文雅,202506040307
1,6,11,アシャカトベ,牡3,56.0,横山武史,1:10.2,,3.2,2.0,524(0),[東] 小笠倫弘,202506040308
2,7,13,サンタアニタ,牝3,54.0,戸崎圭太,1:10.7,3,2.5,1.0,474(+6),[東] 斎藤誠,202506040308
3,7,14,サノノアメリカン,牡3,53.0,石神深道,1:11.3,3.1/2,77.1,10.0,470(0),[東] 天間昭一,202506040308
4,3,6,ゲキザル,牡6,58.0,小林脩斗,1:11.4,3/4,11.9,5.0,476(0),[東] 青木孝文,202506040308
5,4,8,ビーコング,牡4,55.0,小林美駒,1:11.4,クビ,14.8,6.0,500(+10),[東] 小手川準,202506040308
6,8,15,グラニットピーク,セ5,55.0,舟山瑠泉,1:11.5,1/2,41.4,9.0,502(+6),[東] 田島俊明,202506040308
7,2,3,ペッパーミル,牡4,58.0,石橋脩,1:11.7,1,8.3,3.0,504(0),[東] 加藤士津,202506040308
8,8,16,ルーフオブヘヴン,牝4,56.0,内田博幸,1:11.7,ハナ,10.7,4.0,462(-2),[東] 武藤善則,202506040308
9,4,7,ブリングライト,牡5,58.0,菊沢一樹,1:11.7,クビ,19.1,8.0,478(+8),[東] 土田稔,202506040308
10,5,10,カツノテンス,牡5,55.0,遠藤汰月,1:11.9,1,135.0,13.0,444(0),[東] 伊藤伸一,202506040308
11,5,9,アイスブレイカー,牡4,58.0,丸田恭介,1:12.0,3/4,87.4,12.0,494(0),[東] 伊坂重信,202506040308
12,2,4,シウン,牝6,56.0,原優介,1:12.1,クビ,326.0,15.0,470(-12),[東] 矢野英一,202506040308
13,1,2,ガールネクストドア,牝3,54.0,杉原誠人,1:12.2,3/4,18.4,7.0,450(-6),[東] 南田美知,202506040308
14,3,5,ベニシア,牝4,56.0,柴田大知,1:12.8,4,178.2,14.0,448(+2),[東] 粕谷昌央,202506040308
15,6,12,タッカー,牡4,58.0,丹内祐次,1:13.4,3.1/2,79.3,11.0,472(-2),[東] 清水英克,202506040308
除,1,1,ブラックトルネード,牡3,56.0,佐々木大,,,---,,466(+12),[東] 佐藤吉勝,202506040308
1,8,11,ベルベルコンパス,牡3,54.0,戸崎圭太,2:36.1,,3.2,1.0,550(-4),[西] 小栗実,202506040309
2,5,5,ラファールドール,セ4,56.0,内田博幸,2:36.6,3,13.8,5.0,490(+4),[東] 田島俊明,202506040309
3,7,8,タナサンブラック,牡5,56.0,菊沢一樹,2:36.6,ハナ,6.5,4.0,512(+4),[東] 伊坂重信,202506040309
4,8,10,エアロソニック,牡4,55.0,原優介,2:36.7,1/2,13.8,6.0,544(0),[東] 鈴木慎太,202506040309
5,4,4,トゥーザムーン,牝3,52.0,横山琉人,2:36.7,アタマ,3.5,2.0,488(+2),[東] 辻哲英,202506040309
6,1,1,インジケーター,牡4,53.0,斎藤新,2:37.2,3,76.2,9.0,498(0),[西] 高橋康之,202506040309
7,7,9,イデアユウシン,牡5,54.0,江田照男,2:38.0,5,77.3,10.0,536(+2),[東] 松永康利,202506040309
8,2,2,デフィニティーボ,牡4,54.0,石川裕紀,2:38.6,3.1/2,21.0,7.0,474(-12),[東] 上原佑紀,202506040309
9,3,3,フォーワンセルフ,牡6,52.0,木幡巧也,2:38.7,3/4,55.7,8.0,520(0),[東] 小手川準,202506040309
10,6,6,クリノラピダス,牡3,52.0,舟山瑠泉,2:38.8,3/4,94.1,11.0,450(-3),[西] 谷潔,202506040309
11,6,7,ロードブレイズ,牡4,57.0,横山和生,2:39.7,5,3.7,3.0,506(+6),[東] 稲垣幸雄,202506040309
1,5,5,モンシュマン,牡4,58.0,横山武史,1:08.3,,6.1,4.0,470(+4),[西] 上村洋行,202506040310
2,6,6,コウセキ,牡3,56.0,石橋脩,1:08.4,クビ,4.2,2.0,484(+2),[西] 西園正都,202506040310
3,2,2,ニシノピウモッソ,牡5,58.0,津村明秀,1:08.4,1/2,6.7,5.0,466(+2),[東] 西田雄一,202506040310
4,7,9,セレッソデアモール,牝5,56.0,丹内祐次,1:08.5,1/2,15.9,7.0,478(-12),[西] 庄野靖志,202506040310
5,6,7,フーコサンライズ,牝4,56.0,杉原誠人,1:08.6,クビ,10.6,6.0,526(+20),[西] 加藤公太,202506040310
6,7,8,ライクアフラワー,牡5,58.0,石神深一,1:08.6,アタマ,47.7,9.0,508(+2),[東] 松永康利,202506040310
7,3,3,アップストローク,セ6,58.0,佐々木大,1:08.7,1/2,17.9,8.0,462(0),[東] 杉浦宏昭,202506040310
8,8,10,キープサインオン,牡3,56.0,戸崎圭太,1:08.8,1/2,5.2,3.0,468(-2),[東] 加藤征弘,202506040310
9,4,4,マイネルビジョン,牡5,58.0,松岡正海,1:08.8,ハナ,87.4,10.0,462(-10),[東] 伊藤大士,202506040310
10,1,1,スターウェーブ,牡3,56.0,三浦皇成,1:09.2,2.1/2,3.7,1.0,500(-6),[東] 武井亮,202506040310
11,8,11,アバンダンス,牡6,58.0,野中悠太,1:12.1,大,331.5,11.0,444(0),[東] 根本康広,202506040310
1,4,4,ユキマル,牡5,58.0,丹内祐次,1:09.9,,4.0,3.0,498(+10),[東] 尾形和幸,202506040311
2,6,6,ドンレパルス,牡6,58.0,三浦皇成,1:09.9,ハナ,3.4,1.0,522(+2),[東] 高木登,202506040311
3,8,9,ブレーザー,牡4,58.0,荻野極,1:10.1,1.1/2,15.5,7.0,518(-4),[東] 伊坂重信,202506040311
4,5,5,ショウナンアビアス,牡5,58.0,戸崎圭太,1:10.5,2,3.8,2.0,500(0),[東] 加藤士津,202506040311
5,7,8,カンパニョーラ,牝6,56.0,吉田豊,1:10.5,クビ,13.0,6.0,470(0),[東] 伊坂重信,202506040311
6,2,2,メイショウコバト,牝5,56.0,柴田善臣,1:11.1,3.1/2,57.4,9.0,472(+6),[東] 和田勇介,202506040311
7,1,1,トーラスシャイン,牡4,58.0,横山武史,1:11.2,クビ,7.3,4.0,478(-2),[西] 田中克典,202506040311
8,8,10,グランフォーブル,牡5,58.0,菊沢一樹,1:11.4,1.1/4,16.2,8.0,482(0),[東] 土田稔,202506040311
9,7,7,ユスティニアン,牡7,58.0,佐々木大,1:11.6,1,75.8,10.0,434(-6),[西] 小椋研介,202506040311
10,3,3,ナムラローズマリー,牝4,56.0,丸山元気,1:13.2,10,11.4,5.0,458(-16),[西] 羽月友彦,202506040311
1,6,11,ミクニインスパイア,牡3,55.0,丹内祐次,2:00.4,,2.3,1.0,508(+4),[東] 林徹,202506040312
2,3,5,ゲンジ,牡3,52.0,小林美駒,2:00.5,1/2,5.4,3.0,428(+6),[東] 尾形和幸,202506040312
3,2,3,メリザンド,牝3,53.0,原優介,2:00.9,2.1/2,51.3,8.0,454(-12),[東] 小手川準,202506040312
4,4,8,ノーランサンライズ,牝3,53.0,戸崎圭太,2:00.9,ハナ,3.7,2.0,486(-2),[西] 佐藤悠太,202506040312
5,8,16,ラッキーダンス,牝3,50.0,石田拓郎,2:00.9,アタマ,203.9,12.0,442(0),[東] 新開幸一,202506040312
6,3,6,パーセルペーパー,牡4,58.0,柴田大知,2:00.9,クビ,136.4,10.0,442(+2),[東] 和田雄二,202506040312
7,4,7,コア,牡3,55.0,津村明秀,2:01.1,1,17.6,6.0,478(-8),[東] 相沢郁,202506040312
8,5,9,バーケンヘッド,牡3,52.0,石神深道,2:01.2,3/4,48.1,7.0,422(+2),[東] 武井亮,202506040312
9,8,15,サトノラポール,セ3,55.0,荻野極,2:01.2,クビ,9.7,5.0,462(-4),[東] 鹿戸雄一,202506040312
10,5,10,ブルーメサイア,牡3,55.0,丸山元気,2:01.2,ハナ,70.9,9.0,454(0),[東] 国枝栄,202506040312
11,7,13,ウィアステーラ,牝3,50.0,佐藤翔馬,2:01.6,2.1/2,172.2,11.0,436(-2),[東] 田島俊明,202506040312
12,7,14,ストラニエーロ,牝3,53.0,横山武史,2:01.9,1.1/2,7.7,4.0,452(+4),[東] 尾関知人,202506040312
13,1,2,ブライトビギニング,牡3,55.0,小林凌大,2:02.3,2.1/2,369.3,15.0,466(-2),[東] 戸田博文,202506040312
14,1,1,ブラックレッド,牡3,55.0,原田和真,2:02.5,1.1/2,378.8,16.0,460(-14),[東] 松山将樹,202506040312
15,2,4,スカイリスト,牝3,53.0,吉田豊,2:02.9,2.1/2,249.1,13.0,456(+6),[東] 小野次郎,202506040312
16,6,12,ノブダブルホワイト,牡3,55.0,木幡育也,2:03.0,1/2,337.6,14.0,420(-4),[東] 松永康利,202506040312
1,1,1,フェーングロッテン,セ6,60.0,高田潤,3:18.5,,1.3,1.0,470(-4),[西] 宮本博,202506040401
2,3,3,ゴールデンルーキー,牡4,60.0,草野太郎,3:18.9,2.1/2,25.5,5.0,478(0),[東] 粕谷昌央,202506040401
3,5,5,ゴーツウキリシマ,牝5,58.0,黒岩悠,3:19.1,1.1/4,44.6,6.0,458(-2),[西] 牧田和弥,202506040401
4,7,7,フォーディアライフ,セ4,60.0,石神深一,3:19.1,クビ,9.5,4.0,542(+2),[東] 矢嶋大樹,202506040401
5,4,4,シュハリ,牡5,60.0,大江原圭,3:19.3,3/4,9.2,3.0,458(-6),[東] 粕谷昌央,202506040401
6,8,8,アルカンサス,牡6,60.0,西谷誠,3:19.8,3,4.5,2.0,490(+4),[東] 土田稔,202506040401
7,2,2,スラーヴァ,牡4,57.0,坂口智康,3:20.0,1.1/4,100.4,7.0,482(+2),[東] 高橋文雅,202506040401
8,8,9,リケアルフナ,牝3,56.0,水沼元輝,3:30.7,大,121.7,8.0,470(+8),[東] 蛯名利弘,202506040401
9,6,6,スティルシャイニン,牡3,58.0,伴啓太,3:34.7,大,136.6,9.0,446(-12),[東] 天間昭一,202506040401
1,4,8,フクチャンショウ,牡2,55.0,戸崎圭太,1:08.8,,2.3,2.0,432(+2),[東] 加藤征弘,202506040402
2,5,10,スレドナゴラ,牝2,55.0,柴田善臣,1:09.0,1.1/4,18.1,6.0,458(+8),[東] 田中勝春,202506040402
3,8,15,トラスコンガーデン,牝2,55.0,吉田豊,1:09.2,1.1/2,116.3,11.0,440(+2),[東] 竹内正洋,202506040402
4,2,3,リュウセイコウテイ,牡2,55.0,野中悠太,1:09.2,クビ,164.2,12.0,438(+4),[東] 奥平雅士,202506040402
5,6,11,ロンドンオービタル,牝2,55.0,津村明秀,1:09.2,ハナ,2.3,1.0,442(-6),[東] 岩戸孝樹,202506040402
6,7,13,エレクトロン,牡2,55.0,杉原誠人,1:09.3,1/2,24.3,7.0,424(+6),[東] 佐藤吉勝,202506040402
7,1,2,ユキノサイエンス,牝2,52.0,上里直汰,1:09.4,3/4,17.2,5.0,402(+2),[東] 小野次郎,202506040402
8,3,5,エンカウンターベイ,牝2,55.0,横山琉人,1:09.5,クビ,10.4,3.0,434(+2),[東] 田中剛,202506040402
9,4,7,セイウンヤオヨロズ,牡2,55.0,原優介,1:09.6,3/4,62.8,8.0,464(-10),[東] 上原博之,202506040402
10,1,1,スターオブブライト,牡2,55.0,小林脩斗,1:09.6,アタマ,104.7,10.0,424(+6),[東] 奥平雅士,202506040402
11,6,12,ニシノコハルビヨリ,牝2,52.0,石田拓郎,1:09.7,3/4,78.8,9.0,416(0),[東] 尾形和幸,202506040402
12,5,9,ソークール,牡2,55.0,黛弘人,1:09.9,1.1/4,522.0,16.0,470(+6),[東] 佐藤吉勝,202506040402
13,2,4,ラブデウザ,牝2,52.0,水沼元輝,1:09.9,アタマ,435.5,14.0,390(-10),[東] 加藤和宏,202506040402
14,8,16,ムーンリットレイン,牡2,52.0,小林美駒,1:10.0,3/4,11.8,4.0,448(+2),[東] 伊藤圭三,202506040402
15,7,14,カシノリアーナ,牝2,52.0,石神深道,1:10.2,1,219.2,13.0,444(+8),[東] 天間昭一,202506040402
16,3,6,キリシマネロ,牡2,52.0,佐藤翔馬,1:13.0,大,501.6,15.0,452(+6),[東] 的場均,202506040402
1,5,8,クイーンレグナント,牝2,55.0,荻野極,1:12.6,,4.4,2.0,448(-4),[東] 嘉藤貴行,202506040403
2,7,13,ビップムーラン,牝2,55.0,戸崎圭太,1:13.0,2,6.7,3.0,466(-2),[東] 田島俊明,202506040403
3,4,7,サトミノアカリ,牝2,52.0,小林美駒,1:13.7,4,15.0,8.0,474(0),[東] 鈴木伸尋,202506040403
4,1,1,ソードスレイプニル,牝2,55.0,菅原明良,1:13.8,3/4,41.9,9.0,444(0),[東] 鈴木慎太,202506040403
5,7,12,リュウノエッセンス,牝2,52.0,遠藤汰月,1:14.1,1.1/2,47.6,10.0,440(+4),[東] 伊藤伸一,202506040403
6,6,11,ニャンモロー,牝2,52.0,石田拓郎,1:14.2,1,7.0,4.0,472(0),[東] 矢野英一,202506040403
7,2,3,パソドブレ,牝2,55.0,柴田大知,1:14.4,1,258.9,14.0,432(0),[東] 中川公成,202506040403
8,5,9,フレンドリーエール,牝2,55.0,江田照男,1:14.7,1.3/4,9.0,6.0,418(0),[東] 村田一誠,202506040403
9,8,14,セイウンマナウス,牝2,55.0,吉田豊,1:14.9,1.1/4,7.8,5.0,466(+2),[東] 田中剛,202506040403
10,6,10,トーセンクリステル,牝2,55.0,木幡巧也,1:14.9,ハナ,70.2,11.0,454(-12),[東] 杉浦宏昭,202506040403
11,4,6,リケアリングイネ,牝2,55.0,原優介,1:14.9,クビ,231.5,13.0,396(-12),[東] 上原博之,202506040403
12,3,4,カラーオブサクセス,牝2,55.0,菊沢一樹,1:14.9,ハナ,3.9,1.0,446(+8),[東] 武市康男,202506040403
13,2,2,ラブソング,牝2,55.0,丸田恭介,1:15.3,2,10.6,7.0,428(+4),[東] 尾関知人,202506040403
14,3,5,アビエーション,牝2,55.0,内田博幸,1:16.7,9,116.3,12.0,452(-12),[東] 佐藤吉勝,202506040403
15,8,15,フラゲルムデイ,牝2,52.0,水沼元輝,1:16.8,1/2,328.3,15.0,450(+12),[東] 石栗龍彦,202506040403
1,7,8,ワンダーディーン,牡2,52.0,石田拓郎,1:53.8,,5.6,2.0,450(0),[西] 高柳大輔,202506040404
2,8,10,コウソクルリアン,牡2,55.0,武藤雅,1:55.1,8,13.2,4.0,464(+2),[東] 武藤善則,202506040404
3,5,5,ヤマタケボニータ,牡2,55.0,原優介,1:55.9,5,58.2,8.0,468(-8),[東] 萱野浩二,202506040404
4,8,11,サマーマッドネス,牡2,55.0,戸崎圭太,1:56.3,2.1/2,1.4,1.0,520(+2),[西] 森秀行,202506040404
5,7,9,エルアン,牡2,55.0,三浦皇成,1:56.4,1/2,14.2,5.0,440(+8),[東] 浅利英明,202506040404
6,1,1,シューティングガイ,牡2,55.0,斎藤新,1:56.4,ハナ,26.1,7.0,488(+10),[東] 斎藤誠,202506040404
7,6,6,ショウナンタヅナ,牡2,55.0,佐々木大,1:56.6,1.1/2,11.6,3.0,464(+6),[東] 武市康男,202506040404
8,4,4,パワポケウォーズ,牡2,52.0,上里直汰,1:56.7,1/2,134.4,10.0,418(-2),[東] 大和田成,202506040404
9,6,7,スターオブアダム,牡2,55.0,木幡巧也,1:57.2,3,15.1,6.0,500(0),[東] 牧光二,202506040404
10,2,2,モウエエデショー,牡2,55.0,原田和真,1:59.5,大,108.0,9.0,464(+4),[東] 萱野浩二,202506040404
11,3,3,ハクシンスマイル,牝2,52.0,土田真翔,2:03.6,大,305.4,11.0,458(+14),[東] 和田雄二,202506040404
1,6,6,ライヒスアドラー,牡2,55.0,佐々木大,1:51.5,,2.3,1.0,510(0),[東] 上原佑紀,202506040405
2,4,4,アクアマーズ,牡2,55.0,荻野極,1:52.1,3.1/2,3.2,2.0,486(0),[東] 浅利英明,202506040405
3,7,7,タイセイカラーズ,牡2,55.0,石川裕紀,1:52.6,3,82.1,10.0,484(0),[東] 奥村武,202506040405
4,7,8,ダンシングアウェイ,牡2,55.0,横山琉人,1:52.6,ハナ,13.5,5.0,464(0),[東] 相沢郁,202506040405
5,8,9,メイショウユウブ,牡2,55.0,江田照男,1:52.7,1/2,8.4,4.0,504(0),[東] 蛯名正義,202506040405
6,8,10,ツルノマイハシ,牝2,55.0,原優介,1:53.0,1.1/2,49.0,7.0,460(0),[東] 杉浦宏昭,202506040405
7,3,3,ホールドミーワンス,牝2,55.0,菊沢一樹,1:53.0,アタマ,18.3,6.0,502(0),[西] 西園翔太,202506040405
8,1,1,マイネルパーロル,牡2,55.0,野中悠太,1:53.5,3,65.3,9.0,438(0),[東] 嘉藤貴行,202506040405
9,5,5,センジュキヨマル,牡2,55.0,丸田恭介,1:53.7,1.1/4,64.3,8.0,522(0),[東] 南田美知,202506040405
10,2,2,シュガーシャック,牡2,55.0,戸崎圭太,1:54.8,7,4.7,3.0,474(0),[東] 古賀慎明,202506040405
1,1,1,ブレゲアン,牡3,57.0,三浦皇成,1:53.0,,43.3,10.0,460(-2),[東] 田村康仁,202506040406
2,4,8,ステイアンビシャス,牡3,57.0,松岡正海,1:54.1,7,4.6,2.0,482(-10),[東] 堀内岳志,202506040406
3,6,12,フローラルデザイン,牝3,55.0,菅原明良,1:54.3,1.1/4,77.4,11.0,446(+4),[東] 畠山吉宏,202506040406
4,4,7,ドラゴンバスター,セ3,57.0,杉原誠人,1:54.4,クビ,30.8,8.0,448(+2),[東] 萱野浩二,202506040406
5,7,13,サラニキケン,牝3,52.0,小林美駒,1:54.7,2,5.4,4.0,430(+2),[東] 竹内正洋,202506040406
6,3,5,クラウンアールシー,牡3,57.0,佐々木大,1:54.9,1.1/2,5.3,3.0,470(+12),[東] 加藤士津,202506040406
7,5,10,ダブルメッセージ,牡3,57.0,石川裕紀,1:55.1,1.1/4,15.7,6.0,492(+6),[東] 和田正一,202506040406
8,2,3,ギャランドゥ,牡3,57.0,戸崎圭太,1:55.5,2,2.9,1.0,452(-2),[東] 萩原清,202506040406
9,5,9,フラッシュタイム,牡3,57.0,菊沢一樹,1:55.6,3/4,170.6,14.0,514(-6),[東] 佐藤吉勝,202506040406
10,1,2,ハーレムシャフル,牡3,57.0,木幡巧也,1:56.1,3,115.9,13.0,442(0),[東] 勢司和浩,202506040406
11,7,14,ポリアンセモス,牝3,52.0,舟山瑠泉,1:56.2,1/2,105.0,12.0,476(+10),[東] 辻哲英,202506040406
12,6,11,センジュコスモス,牝3,55.0,内田博幸,1:56.8,3.1/2,32.4,9.0,460(+6),[東] 南田美知,202506040406
13,2,4,リカード,牝3,55.0,柴田大知,1:57.7,5,21.8,7.0,518(-2),[東] 和田雄二,202506040406
14,8,16,マキャベリー,牝3,55.0,原優介,1:57.9,1.1/4,11.1,5.0,472(-2),[東] 黒岩陽一,202506040406
15,8,15,ジーティーニャント,牡3,57.0,小林脩斗,1:58.9,6,312.7,16.0,482(0),[東] 堀内岳志,202506040406
16,3,6,ウラルト,牡3,57.0,江田照男,1:59.0,1/2,290.5,15.0,480(-2),[東] 田中剛,202506040406
1,1,2,シャンソンドール,牝3,55.0,戸崎圭太,1:58.4,,3.5,1.0,478(+18),[東] 奥村武,202506040407
2,1,1,ストレートブラック,牝3,52.0,石神深道,1:58.6,1.1/4,4.9,2.0,434(-4),[東] 奥平雅士,202506040407
3,4,7,ピコラ,牝3,55.0,木幡巧也,1:59.1,3,19.6,8.0,428(0),[東] 黒岩陽一,202506040407
4,7,14,マイネルアウルム,牡3,57.0,津村明秀,1:59.1,アタマ,5.3,3.0,442(-4),[東] 加藤士津,202506040407
5,3,5,テンドリームガール,牝3,55.0,荻野極,1:59.2,1,19.4,7.0,414(+2),[東] 矢野英一,202506040407
6,6,11,ムーンストラック,牝3,55.0,菅原明良,1:59.5,1.3/4,8.0,4.0,458(+10),[東] 武市康男,202506040407
7,5,9,デルマサターン,牡3,54.0,石田拓郎,1:59.7,1,289.5,17.0,512(-2),[東] 菊沢隆徳,202506040407
8,3,6,クラシカルカイザー,牡3,54.0,小林美駒,1:59.7,ハナ,40.2,11.0,422(-2),[東] 稲垣幸雄,202506040407
9,8,18,スピアッジャローザ,牝3,55.0,菊沢一樹,1:59.8,1/2,27.8,9.0,456(0),[東] 蛯名利弘,202506040407
10,8,17,テンミラージュ,牝3,55.0,黛弘人,1:59.8,ハナ,53.2,13.0,446(-8),[東] 深山雅史,202506040407
11,2,3,イサムダイヤモンド,牡3,57.0,吉田豊,1:59.8,1/2,8.5,5.0,466(-4),[東] 高橋文雅,202506040407
12,2,4,ケイツーブル,牡3,57.0,内田博幸,1:59.9,1/2,57.0,14.0,418(+2),[東] 千葉直人,202506040407
13,5,10,ミッキーラサルダン,牝3,55.0,三浦皇成,2:00.0,クビ,17.6,6.0,454(+4),[東] 堀宣行,202506040407
14,7,15,グラツィオーソ,牝3,55.0,柴田大知,2:00.1,1/2,109.5,16.0,466(-2),[東] 田中剛,202506040407
15,4,8,レガーロカリーノ,牝3,52.0,舟山瑠泉,2:00.2,3/4,81.4,15.0,392(+2),[東] 菊沢隆徳,202506040407
16,7,13,ピュルテ,牝3,55.0,嶋田純次,2:00.2,クビ,50.7,12.0,426(-2),[東] 手塚貴久,202506040407
17,6,12,マイネルトラオム,牡3,57.0,松岡正海,2:00.5,1.3/4,32.5,10.0,478(+6),[東] 深山雅史,202506040407
18,8,16,テーオービースト,牡3,57.0,丸田恭介,2:01.3,5,299.6,18.0,466(+4),[東] 清水英克,202506040407
1,2,3,キョウキランブ,牡3,52.0,舟山瑠泉,1:51.6,,6.6,5.0,512(-8),[東] 古賀慎明,202506040408
2,7,14,ルシャルムール,セ3,55.0,原優介,1:51.7,1/2,6.3,4.0,462(+2),[東] 萩原清,202506040408
3,6,12,シャドウキャッスル,牡3,52.0,石神深道,1:52.8,7,4.5,2.0,464(-4),[東] 田中勝春,202506040408
4,4,8,ニシノブレイゼスト,牡3,55.0,菅原明良,1:52.8,ハナ,14.0,7.0,496(-4),[東] 高木登,202506040408
5,8,16,フジレイメイ,牡3,55.0,松岡正海,1:52.9,3/4,9.2,6.0,490(+4),[東] 小笠倫弘,202506040408
6,7,13,ジャクソン,牡5,58.0,丸田恭介,1:53.4,3,83.6,9.0,532(+18),[東] 武市康男,202506040408
7,3,6,ブレイクザアイス,セ6,58.0,黛弘人,1:54.1,4,105.8,11.0,454(-22),[東] 森一誠,202506040408
8,4,7,ソラノキャンバス,セ3,53.0,今村聖奈,1:54.4,1.1/2,84.9,10.0,414(-9),[東] 武井亮,202506040408
9,3,5,アンガアヴィス,セ3,52.0,石田拓郎,1:54.6,1,156.5,12.0,436(-12),[東] 新開幸一,202506040408
10,5,9,ハルノアラシ,牡3,55.0,石川裕紀,1:54.7,3/4,4.7,3.0,512(-2),[東] 相沢郁,202506040408
11,8,15,マーゴットソラーレ,牡4,58.0,荻野極,1:55.0,1.3/4,15.5,8.0,448(-2),[東] 伊坂重信,202506040408
12,1,1,オブシディアン,牡5,58.0,菊沢一樹,1:56.0,6,221.6,13.0,540(+2),[東] 石栗龍彦,202506040408
13,2,4,レイズサンライズ,牡3,52.0,土田真翔,1:56.5,3,383.2,15.0,522(-2),[東] 田村康仁,202506040408
14,5,10,ノーブルニードル,牡4,58.0,柴田大知,1:57.3,5,315.3,14.0,530(0),[東] 粕谷昌央,202506040408
中,6,11,カンレイスキー,牡3,55.0,佐々木大,,,4.5,1.0,474(+2),[東] 竹内正洋,202506040408
除,1,2,シンボリノエル,牝4,56.0,横山和生,,,---,,504(-6),[東] 土田稔,202506040408
1,8,8,ケイデンシーマーク,牝5,56.0,津村明秀,1:33.5,,16.2,5.0,446(-2),[西] 福永祐一,202506040409
2,6,6,ネーヴェフレスカ,牝3,54.0,荻野極,1:33.8,2,19.3,7.0,446(+12),[西] 石坂公一,202506040409
3,4,4,メイショウヨゾラ,牝4,56.0,吉田豊,1:33.9,1/2,3.5,2.0,476(-4),[東] 高柳瑞樹,202506040409
4,7,7,スマートミストラル,牝3,54.0,菅原明良,1:34.0,1/2,2.6,1.0,426(+2),[西] 大久保龍,202506040409
5,3,3,ピコローズ,牝3,54.0,佐々木大,1:34.0,アタマ,5.9,4.0,434(+2),[東] 伊藤大士,202506040409
6,2,2,ガルサブランカ,牝4,56.0,戸崎圭太,1:34.1,クビ,4.2,3.0,470(-6),[東] 木村哲也,202506040409
7,5,5,ロムネヤ,牝6,56.0,吉田隼人,1:34.2,クビ,79.3,8.0,436(0),[東] 国枝栄,202506040409
8,1,1,ミスティア,牝4,56.0,武藤雅,1:34.2,クビ,16.4,6.0,490(+6),[東] 戸田博文,202506040409
1,1,1,ブラックシールド,牡6,54.0,内田博幸,1:59.3,,11.9,5.0,474(+14),[西] 小栗実,202506040410
2,8,13,アスクナイスショー,牡4,57.0,戸崎圭太,1:59.4,クビ,2.6,1.0,498(-2),[東] 中舘英二,202506040410
3,2,2,ミカッテヨンデイイ,牝5,51.0,小林脩斗,1:59.5,3/4,28.3,9.0,432(0),[東] 堀内岳志,202506040410
4,4,5,モズマーヴェリック,牡4,55.0,三浦皇成,1:59.7,1.1/4,13.8,6.0,482(0),[西] 牧浦充徳,202506040410
5,7,11,フェミナフォルテ,牝5,52.0,横山琉人,1:59.7,クビ,37.2,12.0,432(+2),[東] 小島茂之,202506040410
6,4,6,ソリダリティ,牡6,56.0,荻野極,1:59.7,ハナ,6.7,3.0,514(0),[西] 西園翔太,202506040410
7,5,8,ココクレーター,牝5,54.0,津村明秀,1:59.8,1/2,20.3,8.0,436(+2),[東] 浅利英明,202506040410
8,6,9,ホウオウムサシ,牡5,56.0,菅原明良,1:59.9,1,4.4,2.0,458(+4),[東] 蛯名正義,202506040410
9,6,10,イヤサカ,牝7,52.0,江田照男,2:00.0,1,30.4,10.0,488(+4),[東] 天間昭一,202506040410
10,7,12,アマイ,牝5,55.0,丸田恭介,2:00.0,アタマ,11.8,4.0,466(+2),[東] 伊藤大士,202506040410
11,3,4,マイネルニコラス,牡6,54.0,柴田大知,2:00.2,1.1/4,58.6,14.0,510(-8),[東] 畠山吉宏,202506040410
12,5,7,ダニーデン,牡5,54.0,武藤雅,2:00.9,4,18.1,7.0,498(-4),[東] 辻哲英,202506040410
13,8,14,レッドヴェロシティ,牡7,55.0,杉原誠人,2:00.9,ハナ,51.8,13.0,540(+2),[東] 木村哲也,202506040410
14,3,3,ホークフィールド,牡4,55.0,石川裕紀,2:01.1,1.1/2,34.1,11.0,484(0),[西] 武英智,202506040410
1,2,3,ポッドベイダー,牡3,55.0,荻野極,1:09.9,,13.1,6.0,488(+4),[東] 上原佑紀,202506040411
2,3,5,ジョーローリット,牝4,55.0,内田博幸,1:10.1,1,54.9,14.0,496(+6),[西] 中竹和也,202506040411
3,7,13,バグラダス,牡5,57.0,横山和生,1:10.7,3.1/2,12.3,5.0,484(-2),[東] 嘉藤貴行,202506040411
4,8,15,ロードフォアエース,牡4,57.0,戸崎圭太,1:10.8,3/4,3.0,1.0,544(-8),[西] 友道康夫,202506040411
5,6,12,イスラアネーロ,牡6,58.0,川又賢治,1:10.8,アタマ,24.8,9.0,448(-4),[西] 吉村圭司,202506040411
6,4,7,ロードエクレール,牡7,58.0,横山琉人,1:11.0,1.1/4,20.0,7.0,482(-2),[東] 斎藤誠,202506040411
7,1,2,ジャスパーゴールド,セ7,58.0,松岡正海,1:11.0,ハナ,30.7,11.0,460(-2),[西] 森秀行,202506040411
8,1,1,ルクスメテオール,牡5,57.0,斎藤新,1:11.1,クビ,65.8,15.0,486(-2),[西] 小林真也,202506040411
9,4,8,エティエンヌ,セ6,57.0,津村明秀,1:11.1,クビ,27.9,10.0,518(+4),[西] 吉田直弘,202506040411
10,6,11,エスカル,牡4,57.0,三浦皇成,1:11.2,クビ,12.0,4.0,502(+4),[西] 森秀行,202506040411
11,3,6,フルム,牡6,58.0,佐々木大,1:11.4,1.1/4,24.1,8.0,490(-6),[西] 浜田多実,202506040411
12,2,4,サウザンサニー,牡5,57.0,木幡巧也,1:11.4,ハナ,35.3,13.0,516(-8),[東] 岩戸孝樹,202506040411
13,8,16,ブシン,牡4,58.0,吉田隼人,1:11.5,3/4,3.3,2.0,486(+4),[西] 森秀行,202506040411
14,5,9,エコロガイア,牡4,57.0,丸山元気,1:11.7,1.1/4,32.7,12.0,474(-6),[西] 森秀行,202506040411
15,5,10,エミサキホコル,牡5,57.0,菅原明良,1:11.7,ハナ,11.6,3.0,486(-2),[西] 杉山佳明,202506040411
16,7,14,ファロロジー,牝6,55.0,吉田豊,1:12.4,4,184.5,16.0,470(-2),[西] 安達昭夫,202506040411
1,1,1,エンペラーズソード,セ3,56.0,菅原明良,1:32.5,,2.9,1.0,492(+2),[東] 高木登,202506040412
2,7,14,レイククレセント,牝4,56.0,横山和生,1:32.9,2.1/2,8.9,4.0,422(+6),[東] 大竹正博,202506040412
3,2,4,メイリー,牝3,54.0,佐々木大,1:33.1,1,34.6,8.0,440(+8),[東] 鈴木慎太,202506040412
4,3,5,アセンブリールーム,牡3,56.0,杉原誠人,1:33.2,1/2,21.5,6.0,460(-6),[東] 中川公成,202506040412
5,1,2,ポッドロルフ,牡3,56.0,荻野極,1:33.3,1,52.0,11.0,452(0),[東] 小野次郎,202506040412
6,6,11,ミエノブラボー,牝4,56.0,柴田善臣,1:33.4,クビ,23.9,7.0,470(0),[東] 田中勝春,202506040412
7,8,16,サザンティスプーン,牝3,54.0,津村明秀,1:33.4,クビ,36.6,9.0,436(+16),[東] 鈴木伸尋,202506040412
8,2,3,エナジーショット,牝3,51.0,小林美駒,1:33.5,クビ,5.4,3.0,430(+10),[東] 矢嶋大樹,202506040412
9,4,7,マジカルワード,牝5,56.0,嶋田純次,1:33.6,1,237.9,16.0,446(+2),[東] 大竹正博,202506040412
10,5,10,アサクサヴィーナス,牝5,56.0,石川裕紀,1:33.7,クビ,18.0,5.0,450(+2),[東] 高柳瑞樹,202506040412
11,5,9,マニス,牝3,51.0,石神深道,1:33.8,1/2,150.2,14.0,400(+4),[東] 畠山吉宏,202506040412
12,3,6,ニシノヒナアラレ,牝3,54.0,野中悠太,1:33.8,クビ,230.3,15.0,460(0),[東] 根本康広,202506040412
13,6,12,モティスフォント,牡3,56.0,戸崎圭太,1:33.9,クビ,3.0,2.0,492(+2),[東] 田村康仁,202506040412
14,7,13,チョングク,牡3,56.0,丸田恭介,1:33.9,クビ,69.2,12.0,480(+4),[東] 南田美知,202506040412
15,4,8,ザカート,牝3,54.0,三浦皇成,1:34.1,1.1/2,37.7,10.0,462(+6),[東] 高柳瑞樹,202506040412
16,8,15,オーケースマイル,牝3,54.0,横山琉人,1:34.3,1.1/4,139.2,13.0,422(+4),[東] 相沢郁,202506040412
1,8,15,トップマジシャン,牡2,55.0,石橋脩,1:13.3,,14.4,2.0,446(+10),[東] 石栗龍彦,202506040501
2,7,14,キタノドンカルロ,牡2,55.0,柴田大知,1:13.6,1.3/4,182.9,14.0,434(+4),[東] 粕谷昌央,202506040501
3,2,3,エコロバロン,牡2,55.0,菊沢一樹,1:13.7,3/4,21.5,6.0,488(-8),[東] 菊沢隆徳,202506040501
4,5,10,ベアアッコチャン,牝2,55.0,松岡正海,1:13.8,クビ,14.5,3.0,474(-4),[東] 杉浦宏昭,202506040501
5,4,7,エクスプレスナイト,牡2,55.0,小林脩斗,1:14.0,1,240.8,15.0,460(+2),[東] 青木孝文,202506040501
6,4,8,ジェム,牝2,55.0,原優介,1:14.3,2,121.7,11.0,394(0),[西] 杉山佳明,202506040501
7,2,4,ポセイドンテソーロ,牡2,55.0,木幡巧也,1:14.3,アタマ,16.7,5.0,440(0),[東] 牧光二,202506040501
8,3,6,コスモラパウィラ,牡2,55.0,丹内祐次,1:14.5,1.1/4,23.4,7.0,464(-4),[東] 相沢郁,202506040501
9,1,2,クイーンオブハート,牝2,53.0,今村聖奈,1:14.8,1.1/2,44.5,9.0,378(-6),[東] 根本康広,202506040501
10,1,1,エルドラド,牡2,55.0,原田和真,1:15.0,1.1/2,150.3,13.0,464(+6),[東] 蛯名利弘,202506040501
11,6,11,タマコロリン,牝2,55.0,荻野極,1:15.1,1/2,33.1,8.0,472(-12),[東] 村田一誠,202506040501
12,3,5,セイカユウヒ,牡2,55.0,横山琉人,1:15.3,1,51.3,10.0,408(-6),[東] 南田美知,202506040501
13,8,16,ロゼインパルス,牡2,52.0,遠藤汰月,1:15.3,クビ,384.7,16.0,428(+2),[東] 伊藤伸一,202506040501
14,6,12,ドリームガッサン,牝2,52.0,小林美駒,1:15.5,1,14.9,4.0,422(-8),[東] 鈴木伸尋,202506040501
15,7,13,ニケフェリーチェ,牝2,55.0,佐々木大,1:15.7,3/4,144.5,12.0,444(-6),[東] 菊川正達,202506040501
16,5,9,タイセイガナール,牡2,55.0,横山武史,1:16.3,4,1.2,1.0,470(-6),[東] 伊藤圭三,202506040501
1,3,3,ユメシルベ,牝2,55.0,柴田大知,1:51.0,,3.4,2.0,418(+6),[東] 粕谷昌央,202506040502
2,7,7,コスモクラシック,牡2,55.0,石川裕紀,1:51.0,クビ,5.9,4.0,484(0),[東] 嘉藤貴行,202506040502
3,2,2,ブリサマリーナ,牝2,55.0,菅原明良,1:51.1,クビ,5.7,3.0,464(+4),[東] 久保田貴,202506040502
4,4,4,ムーングレイル,牡2,55.0,荻野極,1:51.1,クビ,2.6,1.0,468(+2),[東] 森一誠,202506040502
4,5,5,ブルージェネシス,牡2,52.0,遠藤汰月,1:51.1,同着,33.7,7.0,442(-2),[東] 菊川正達,202506040502
6,7,8,アイムスティルミー,セ2,55.0,嶋田純次,1:51.4,1.3/4,14.5,6.0,430(0),[東] 手塚貴久,202506040502
7,8,10,ファインブライト,牡2,55.0,杉原誠人,1:51.5,クビ,75.0,9.0,460(-10),[東] 佐藤吉勝,202506040502
8,1,1,オーキッドワン,牡2,55.0,武藤雅,1:51.6,3/4,214.6,10.0,436(0),[東] 水野貴広,202506040502
9,6,6,ゴットタレント,牡2,52.0,小林美駒,1:52.0,2.1/2,10.2,5.0,454(+4),[東] 田村康仁,202506040502
10,8,9,ホッカイダイオー,牡2,55.0,野中悠太,1:52.0,クビ,51.3,8.0,478(-4),[東] 奥平雅士,202506040502
1,5,9,ディーズゴールド,牡3,57.0,三浦皇成,1:54.0,,3.5,2.0,496(-4),[東] 田村康仁,202506040503
2,3,6,トーアケルキラ,セ3,57.0,ルメール,1:54.3,1.3/4,4.7,3.0,476(-6),[東] 辻哲英,202506040503
3,8,16,ジュンビクトワール,牡3,57.0,モレイラ,1:54.9,4,1.7,1.0,510(0),[東] 中舘英二,202506040503
4,2,4,ビスケットマリー,牝3,52.0,森田誠也,1:56.2,8,31.0,5.0,416(-6),[東] 和田雄二,202506040503
5,4,8,ルリモンハナバチ,牝3,52.0,佐藤翔馬,1:56.3,3/4,33.0,6.0,450(0),[東] 小手川準,202506040503
6,4,7,レヴァントリ,牡3,57.0,木幡巧也,1:56.5,1,26.5,4.0,474(-2),[東] 大和田成,202506040503
7,6,11,カフェヘニーハイ,牡3,54.0,上里直汰,1:57.6,7,219.2,12.0,514(0),[東] 中舘英二,202506040503
8,2,3,アイアンオバーカム,牝3,55.0,柴田大知,1:57.7,1/2,111.3,9.0,456(+10),[東] 南田美知,202506040503
9,1,2,スターライトナイト,牝3,52.0,石神深道,1:57.8,クビ,200.9,11.0,426(0),[東] 伊藤大士,202506040503
10,8,15,ブルームワルツ,牝3,55.0,横山琉人,1:57.8,アタマ,179.0,10.0,424(-2),[東] 稲垣幸雄,202506040503
11,3,5,エイシンパルサー,牡3,57.0,江田照男,1:59.1,8,87.0,8.0,508(+2),[東] 田中剛,202506040503
12,7,14,バックパック,牝3,55.0,丹内祐次,1:59.7,3.1/2,41.3,7.0,452(0),[東] 小笠倫弘,202506040503
13,1,1,アリーワーク,牝3,55.0,吉田豊,2:00.6,5,334.0,15.0,450(+16),[東] 小野次郎,202506040503
14,7,13,ヤサカエトワール,牝3,55.0,武藤雅,2:00.6,クビ,261.4,14.0,496(-12),[東] 水野貴広,202506040503
15,6,12,ボストンクーラー,牝3,55.0,小林凌大,2:02.7,大,476.2,16.0,458(0),[東] 土田稔,202506040503
中,5,10,ソルデマジョ,牡3,57.0,丸山元気,,,243.0,13.0,536(-10),[東] 国枝栄,202506040503
1,7,13,オルグジェシダ,牝3,55.0,岩田望来,1:33.2,,2.9,1.0,478(+6),[東] 宮田敬介,202506040504
2,7,14,アセンディア,牝3,55.0,丸山元気,1:33.5,2,30.3,10.0,444(-6),[東] 田中勝春,202506040504
3,3,6,チリーゴールド,牝3,52.0,石神深道,1:33.5,アタマ,22.5,8.0,434(-4),[東] 深山雅史,202506040504
4,3,5,グレゴリオ,牡3,57.0,戸崎圭太,1:33.6,クビ,11.8,5.0,504(-6),[東] 木村哲也,202506040504
5,1,2,フィーユチャン,牝3,55.0,横山和生,1:33.6,クビ,7.0,3.0,438(+2),[東] 斎藤誠,202506040504
6,5,9,リケアキャンディ,牝3,55.0,横山琉人,1:33.7,3/4,23.9,9.0,438(0),[東] 蛯名利弘,202506040504
7,2,4,ピースワンジョケル,牡3,57.0,ルメール,1:33.8,クビ,12.0,6.0,452(+2),[東] 大竹正博,202506040504
8,8,15,クイーンラブ,牝3,55.0,菊沢一樹,1:33.8,クビ,17.8,7.0,482(+6),[東] 伊藤大士,202506040504
9,2,3,ノーブルライナー,牡3,57.0,菅原明良,1:33.9,クビ,3.7,2.0,486(0),[東] 中川公成,202506040504
10,4,8,シリウスライト,牡3,57.0,石橋脩,1:34.0,3/4,381.8,15.0,472(0),[東] 和田正一,202506040504
11,1,1,チャンキーバングル,牝3,55.0,佐々木大,1:34.1,クビ,162.7,13.0,438(-4),[東] 萩原清,202506040504
12,5,10,ストラスモアローズ,牝3,55.0,モレイラ,1:34.1,アタマ,9.6,4.0,426(0),[東] 堀宣行,202506040504
13,6,12,バレドラパン,牝3,55.0,丸田恭介,1:34.1,クビ,33.7,11.0,454(0),[東] 奥村武,202506040504
14,4,7,セイウンユズカ,牝3,52.0,遠藤汰月,1:34.3,1.1/4,147.4,12.0,460(+2),[東] 村田一誠,202506040504
15,6,11,ブルーチェリー,牝3,55.0,江田照男,1:36.9,大,515.4,16.0,414(-8),[東] 中川公成,202506040504
16,8,16,ソレイケギンチャン,牝3,52.0,小林美駒,1:40.4,大,178.5,14.0,436(+8),[東] 天間昭一,202506040504
1,5,7,サンダーストラック,牡2,55.0,ルメール,1:36.9,,2.8,2.0,520(0),[東] 木村哲也,202506040505
2,7,10,アースヴィンチ,牝2,55.0,横山典弘,1:36.9,ハナ,11.0,5.0,448(0),[東] 蛯名正義,202506040505
3,5,6,タナスーペルノーバ,牡2,55.0,岩田望来,1:37.0,1,20.2,6.0,454(0),[西] 寺島良,202506040505
4,4,4,サンデースマッシュ,牡2,55.0,モレイラ,1:37.3,1.1/2,2.6,1.0,450(0),[東] 嘉藤貴行,202506040505
5,8,13,ノーウェアマン,牡2,55.0,三浦皇成,1:37.3,ハナ,95.2,11.0,486(0),[東] 浅利英明,202506040505
6,3,3,セイウンプーパ,牝2,55.0,津村明秀,1:37.4,1/2,47.2,9.0,422(0),[東] 奥平雅士,202506040505
7,6,8,ラストシャイニー,牝2,55.0,丹内祐次,1:37.6,1.1/2,21.8,7.0,434(0),[東] 千葉直人,202506040505
8,8,12,プルヴォワール,牝2,55.0,菅原明良,1:37.8,1,10.0,4.0,434(0),[東] 竹内正洋,202506040505
9,2,2,ウインドオブヘヴン,牡2,55.0,横山武史,1:37.8,クビ,7.8,3.0,468(0),[東] 戸田博文,202506040505
10,1,1,シンハ,牡2,52.0,石神深道,1:37.9,クビ,60.4,10.0,472(0),[東] 和田正一,202506040505
11,6,9,アージェンタイド,牡2,55.0,横山琉人,1:38.3,2.1/2,134.5,13.0,426(0),[東] 池上昌和,202506040505
12,4,5,フェーダーローター,牝2,55.0,原優介,1:38.6,2,110.0,12.0,440(0),[東] 天間昭一,202506040505
13,7,11,ドナシュネル,牝2,55.0,横山和生,1:38.6,クビ,22.0,8.0,438(0),[東] 栗田徹,202506040505
1,8,11,カリヨンアヴォン,牝2,55.0,モレイラ,1:12.1,,4.0,2.0,440(0),[東] 勢司和浩,202506040506
2,4,4,アンプイットアップ,牡2,55.0,丹内祐次,1:12.3,1.1/4,1.9,1.0,488(0),[東] 岩戸孝樹,202506040506
3,6,7,スリーコーズ,牡2,55.0,横山武史,1:12.3,クビ,4.7,3.0,468(0),[東] 伊藤圭三,202506040506
4,8,10,ハルイチバン,牡2,55.0,三浦皇成,1:13.0,4,8.6,4.0,460(0),[西] 西園正都,202506040506
5,3,3,モーゲンセン,牡2,55.0,戸崎圭太,1:13.7,4,9.1,5.0,500(0),[東] 斎藤誠,202506040506
6,6,6,イーアンベ,牡2,55.0,柴田大知,1:14.0,2,113.4,10.0,466(0),[東] 和田雄二,202506040506
7,2,2,ニシノギブソン,牡2,55.0,野中悠太,1:14.4,2,65.4,6.0,468(0),[東] 根本康広,202506040506
8,5,5,アイファーローレル,牝2,52.0,石田拓郎,1:15.0,3.1/2,222.1,11.0,412(0),[東] 根本康広,202506040506
9,1,1,フロリスタン,牝2,55.0,原田和真,1:16.0,6,94.1,8.0,476(0),[東] 松山将樹,202506040506
10,7,9,アメリカンロマン,牡2,55.0,菊沢一樹,1:17.2,7,67.6,7.0,460(0),[東] 伊藤圭三,202506040506
11,7,8,シルバープレート,牡2,55.0,原優介,1:18.2,6,95.6,9.0,456(0),[東] 青木孝文,202506040506
1,6,11,ゲンパチルーナ,牝3,53.0,横山和生,1:54.3,,4.3,2.0,440(0),[東] 西田雄一,202506040507
2,8,16,ベルチュガダン,牝3,53.0,戸崎圭太,1:54.6,1.3/4,7.3,5.0,468(+6),[東] 矢嶋大樹,202506040507
3,2,4,フィザルモニカ,牝3,53.0,津村明秀,1:54.6,クビ,4.9,3.0,452(0),[東] 大和田成,202506040507
4,5,10,ランスノーブル,牝5,56.0,佐々木大,1:55.1,2.1/2,16.3,7.0,476(-8),[東] 上原博之,202506040507
5,3,6,ラーナローザ,牝3,53.0,荻野極,1:55.2,3/4,5.6,4.0,502(+2),[東] 畠山吉宏,202506040507
6,6,12,グランコネクシオン,牝4,56.0,原優介,1:55.3,1/2,41.7,9.0,440(+4),[東] 畠山吉宏,202506040507
7,3,5,プロピエダッド,牝3,53.0,丸田恭介,1:55.3,クビ,342.0,16.0,470(0),[東] 武藤善則,202506040507
8,7,13,ハットメリリー,牝3,53.0,菊沢一樹,1:55.3,ハナ,284.7,14.0,436(+4),[東] 菊沢隆徳,202506040507
9,8,15,スウェルティア,牝3,50.0,石田拓郎,1:55.6,1.3/4,235.1,13.0,474(+6),[東] 新開幸一,202506040507
10,4,8,ノーブルノワール,牝3,53.0,岩田望来,1:55.6,アタマ,15.1,6.0,448(+10),[東] 林徹,202506040507
11,5,9,シルバーニース,牝5,53.0,小林美駒,1:56.0,2.1/2,200.6,12.0,462(+6),[東] 田村康仁,202506040507
12,7,14,ライズトゥザトップ,牝3,53.0,木幡巧也,1:56.1,クビ,20.5,8.0,494(+8),[東] 牧光二,202506040507
13,4,7,ハッピーウィズユー,牝3,53.0,横山武史,1:56.5,2,3.8,1.0,502(-10),[東] 小笠倫弘,202506040507
14,1,1,キセキノエンジェル,牝6,53.0,遠藤汰月,1:56.5,クビ,295.3,15.0,478(+8),[東] 武市康男,202506040507
15,1,2,ソウキュウ,牝4,56.0,丸山元気,1:59.1,大,182.4,11.0,494(+2),[東] 金成貴史,202506040507
中,2,3,キタノマーシャル,牝3,53.0,小林脩斗,,,52.7,10.0,504(-4),[東] 奥平雅士,202506040507
1,6,9,キングズトゥルー,牡3,55.0,佐々木大,2:31.7,,7.8,3.0,442(-10),[東] 大竹正博,202506040508
2,3,3,エデルクローネ,牡3,55.0,ルメール,2:32.2,3,1.4,1.0,478(+4),[東] 手塚貴久,202506040508
3,1,1,ディアイライザ,牝3,53.0,原優介,2:32.8,3.1/2,101.0,9.0,420(-10),[東] 加藤和宏,202506040508
4,6,10,ピースヒロフェイス,牝4,56.0,木幡巧也,2:32.8,アタマ,5.5,2.0,460(0),[東] 牧光二,202506040508
5,8,14,パナランギン,牡3,55.0,原田和真,2:32.8,アタマ,191.0,13.0,476(+6),[東] 松山将樹,202506040508
6,7,11,ミスティブルー,牡3,55.0,横山琉人,2:33.0,1.1/4,121.3,10.0,472(+2),[東] 高橋文雅,202506040508
7,5,7,クラッチプレイヤー,牡4,58.0,菅原明良,2:33.1,1/2,12.6,4.0,518(-14),[東] 国枝栄,202506040508
8,7,12,ベラトール,牡3,52.0,水沼元輝,2:33.2,クビ,26.5,6.0,488(-2),[東] 西田雄一,202506040508
9,3,4,ミサトレッドダイヤ,牝3,50.0,石神深道,2:33.4,1,19.4,5.0,466(0),[東] 高橋文雅,202506040508
10,8,13,スノーディーヴァ,牝4,56.0,黛弘人,2:34.0,4,57.0,7.0,480(+28),[東] 深山雅史,202506040508
11,4,6,ノーマジック,牝4,56.0,小林凌大,2:34.8,5,333.2,14.0,466(-2),[東] 戸田博文,202506040508
12,4,5,ユウオウマイシン,牡3,55.0,武藤雅,2:35.5,4,174.8,12.0,454(0),[東] 松永康利,202506040508
13,2,2,アークレアル,牝4,54.0,今村聖奈,2:37.2,10,92.6,8.0,502(+14),[東] 根本康広,202506040508
14,5,8,ゲンキイッパイ,牡3,55.0,杉原誠人,2:37.2,アタマ,142.9,11.0,494(-11),[東] 石栗龍彦,202506040508
1,3,3,リアライズカミオン,牡3,55.0,モレイラ,1:52.0,,1.9,1.0,512(0),[東] 堀宣行,202506040509
2,8,10,ロッシニアーナ,牡3,55.0,ルメール,1:53.2,7,2.7,2.0,524(+6),[東] 木村哲也,202506040509
3,2,2,シグムンド,牡4,58.0,原優介,1:53.3,1,26.3,6.0,504(-4),[東] 岩戸孝樹,202506040509
4,1,1,ライジンマル,牡4,58.0,津村明秀,1:53.8,2.1/2,10.4,4.0,534(+8),[東] 竹内正洋,202506040509
5,8,11,タイセイアディクト,牡4,58.0,戸崎圭太,1:53.9,1/2,6.7,3.0,488(-8),[東] 池上昌和,202506040509
6,7,9,テンクウジョー,牡4,58.0,佐々木大,1:53.9,クビ,214.0,11.0,470(-4),[東] 小西一男,202506040509
7,7,8,アイファーグローブ,牡6,58.0,野中悠太,1:54.3,2.1/2,127.0,8.0,468(+6),[東] 蛯名利弘,202506040509
8,5,5,エクストラノート,セ8,58.0,菊沢一樹,1:54.4,3/4,146.0,10.0,484(-4),[東] 加藤和宏,202506040509
9,4,4,コスモオピニオン,牡5,58.0,丹内祐次,1:54.5,1/2,64.5,7.0,510(+2),[東] 黒岩陽一,202506040509
10,6,6,メイショウトム,牡4,58.0,斎藤新,1:56.2,10,136.7,9.0,482(0),[西] 谷潔,202506040509
11,6,7,イモータルバード,牡4,58.0,荻野極,1:56.9,4,23.1,5.0,480(+6),[東] 栗田徹,202506040509
1,1,1,フレミングフープ,牝4,56.0,モレイラ,1:47.6,,3.6,2.0,494(0),[西] 友道康夫,202506040510
2,6,6,ブルーマエストロ,牡3,55.0,ルメール,1:47.7,クビ,1.5,1.0,460(+2),[東] 黒岩陽一,202506040510
3,2,2,ヤマニンアドホック,牡4,58.0,石川裕紀,1:48.1,2.1/2,9.2,3.0,454(0),[東] 辻哲英,202506040510
4,3,3,ウインルピナス,牝5,56.0,松岡正海,1:48.5,2.1/2,38.8,7.0,442(+2),[東] 鈴木伸尋,202506040510
5,4,4,グランカンタンテ,牝4,56.0,三浦皇成,1:48.6,1,39.1,8.0,432(+2),[東] 鹿戸雄一,202506040510
6,8,8,リリーブライト,牡7,58.0,荻野琢真,1:48.6,クビ,24.8,6.0,474(0),[東] 西田雄一,202506040510
7,7,7,テイデ,セ7,58.0,藤岡佑介,1:48.8,1,15.6,4.0,466(0),[東] 堀宣行,202506040510
8,8,9,アンテロース,牡5,58.0,吉田隼人,1:48.9,1/2,23.4,5.0,456(+4),[西] 岡田稲男,202506040510
9,5,5,ティンク,牝4,56.0,吉田豊,1:49.1,1,78.8,9.0,492(-8),[東] 久保田貴,202506040510
1,5,6,ミュージアムマイル,牡3,57.0,戸崎圭太,2:10.8,,2.6,1.0,500(+4),[西] 高柳大輔,202506040511
2,5,5,ヤマニンブークリエ,牡3,57.0,横山典弘,2:10.9,3/4,25.4,8.0,516(0),[西] 松永幹夫,202506040511
3,6,8,レッドバンデ,牡3,57.0,佐々木大,2:10.9,クビ,4.4,2.0,486(+2),[東] 大竹正博,202506040511
4,2,2,ピックデムッシュ,牡3,57.0,ルメール,2:11.0,1/2,8.2,5.0,458(0),[東] 鹿戸雄一,202506040511
5,3,3,サクラファレル,牡3,57.0,藤岡佑介,2:11.4,2.1/2,10.0,6.0,514(+4),[東] 堀宣行,202506040511
6,6,7,ビーオンザカバー,牡3,57.0,横山武史,2:11.4,クビ,24.1,7.0,472(0),[東] 伊藤圭三,202506040511
7,4,4,リギーロ,牡3,57.0,三浦皇成,2:11.5,1/2,89.3,9.0,476(+4),[東] 栗田徹,202506040511
8,8,12,フィーリウス,牡3,57.0,丹内祐次,2:11.6,1/2,119.4,10.0,502(-2),[東] 手塚貴久,202506040511
9,7,10,ブルータス,牡3,57.0,菅原明良,2:11.7,1/2,152.6,12.0,458(0),[東] 高柳瑞樹,202506040511
10,8,11,エーオーキング,牡3,57.0,木幡巧也,2:11.9,1.1/2,129.9,11.0,450(-4),[東] 久保田貴,202506040511
11,1,1,ジーティーアダマン,牡3,57.0,岩田望来,2:12.1,3/4,6.8,4.0,492(-4),[西] 上村洋行,202506040511
12,7,9,ファイアンクランツ,牡3,57.0,モレイラ,2:12.6,3,6.0,3.0,460(+4),[東] 堀宣行,202506040511
1,4,8,ワンダラー,牡3,56.0,内田博幸,1:10.8,,2.0,1.0,524(+2),[東] 黒岩陽一,202506040512
2,3,5,トゥインクルアップ,牝3,51.0,小林美駒,1:11.1,2,5.7,3.0,486(+12),[西] 杉山佳明,202506040512
3,1,1,トウタツ,牡3,56.0,佐々木大,1:11.5,2.1/2,37.3,9.0,504(-8),[東] 小手川準,202506040512
4,5,9,サンロレンツォ,牝4,56.0,岩田望来,1:11.9,2,35.2,8.0,510(+16),[東] 武藤善則,202506040512
5,5,10,ナインオブレター,牡3,56.0,菅原明良,1:12.3,2.1/2,8.8,4.0,452(+4),[東] 佐藤吉勝,202506040512
6,7,13,オコジュ,牝5,56.0,嶋田純次,1:12.3,アタマ,67.7,10.0,466(0),[東] 矢嶋大樹,202506040512
7,1,2,ペイシャブギー,牝3,54.0,菊沢一樹,1:12.5,1.1/4,239.1,13.0,420(-2),[東] 本間忍,202506040512
8,8,15,シンガソング,牝3,54.0,横山和生,1:12.6,1/2,13.5,5.0,424(0),[東] 土田稔,202506040512
9,8,16,レインボーラッキー,牝3,54.0,斎藤新,1:12.7,1/2,13.7,6.0,436(-4),[東] 斎藤誠,202506040512
10,4,7,カップッチョ,牡8,58.0,黛弘人,1:12.7,ハナ,355.0,15.0,486(-16),[東] 南田美知,202506040512
11,6,11,ウインサマースノー,牡4,58.0,丹内祐次,1:12.8,1/2,23.4,7.0,476(-16),[東] 尾形和幸,202506040512
12,7,14,カービスベイ,牡3,56.0,武藤雅,1:12.8,ハナ,230.9,12.0,516(+6),[東] 武藤善則,202506040512
13,3,6,グランプレジール,セ6,58.0,モレイラ,1:13.0,1.1/4,5.0,2.0,516(+4),[東] 堀宣行,202506040512
14,6,12,エスグラシア,牝6,56.0,原優介,1:13.2,1,223.9,11.0,478(+8),[東] 加藤和宏,202506040512
15,2,4,アイファーリーベン,牝6,56.0,的場勇人,1:14.5,8,693.7,16.0,460(+2),[東] 的場均,202506040512
16,2,3,ニシノルミリオン,牡4,55.0,水沼元輝,1:14.8,1.3/4,352.6,14.0,500(+2),[東] 加藤和宏,202506040512
1,7,10,ラフレードピエル,牡2,55.0,菊沢一樹,1:55.7,,6.0,3.0,438(0),[東] 萱野浩二,202506040601
2,5,6,ウィングブルー,牝2,55.0,戸崎圭太,1:55.8,3/4,2.8,2.0,500(+6),[東] 斎藤誠,202506040601
3,2,2,タイセツナヒ,牡2,55.0,原優介,1:57.0,7,14.6,4.0,452(-10),[東] 杉浦宏昭,202506040601
4,3,3,ニシノロッドマン,牡2,55.0,野中悠太,1:57.2,1.1/4,134.3,10.0,498(+6),[東] 矢嶋大樹,202506040601
5,6,9,マツリダシリウス,牡2,55.0,武藤雅,1:57.4,1,55.4,9.0,458(+6),[東] 水野貴広,202506040601
6,1,1,ブルーミーティア,牡2,55.0,津村明秀,1:58.1,4,2.0,1.0,488(-2),[東] 鈴木伸尋,202506040601
7,4,5,フラクタル,牝2,55.0,木幡巧也,1:58.5,2.1/2,55.3,8.0,454(-2),[東] 牧光二,202506040601
8,8,12,ドレドレ,牝2,52.0,石神深道,1:58.7,1,15.3,5.0,446(-2),[東] 矢嶋大樹,202506040601
9,4,4,テンバコウクウ,牡2,55.0,黛弘人,1:59.1,2,277.6,12.0,462(+4),[東] 柄崎将寿,202506040601
10,8,13,ソウルサヴァイヴ,牡2,55.0,丹内祐次,1:59.3,1.1/2,38.8,7.0,480(0),[東] 岩戸孝樹,202506040601
11,5,7,カシノユメミヅキ,牡2,52.0,土田真翔,2:00.1,5,474.3,13.0,496(-2),[東] 和田雄二,202506040601
12,6,8,ラシューバ,牡2,55.0,横山典弘,2:02.8,大,31.2,6.0,456(-4),[東] 栗田徹,202506040601
13,7,11,グレースチャクラ,牝2,52.0,上里直汰,2:05.6,大,236.6,11.0,458(+6),[東] 加藤士津,202506040601
1,7,12,ポルフュロゲネトス,牡2,55.0,戸崎圭太,2:01.6,,3.1,1.0,522(-6),[東] 矢嶋大樹,202506040602
2,5,7,アルデキングダム,牡2,55.0,江田照男,2:02.0,2.1/2,110.8,9.0,466(-2),[東] 村田一誠,202506040602
3,2,2,クールフィデル,牡2,55.0,佐々木大,2:02.0,クビ,3.3,2.0,470(+2),[東] 和田勇介,202506040602
4,7,11,キンググローリー,牡2,55.0,菅原明良,2:02.1,クビ,6.6,4.0,466(+10),[東] 古賀慎明,202506040602
5,4,6,シルバーゴールド,牝2,55.0,吉田豊,2:02.3,1.1/4,7.7,5.0,432(+4),[東] 戸田博文,202506040602
6,8,14,カンティーナ,牝2,55.0,大野拓弥,2:02.4,1,4.6,3.0,452(-4),[東] 堀内岳志,202506040602
7,4,5,モリインビクタス,牡2,55.0,杉原誠人,2:02.7,1.1/2,145.9,12.0,480(-4),[東] 伊藤大士,202506040602
8,8,13,ニシノマグノリア,牡2,55.0,石川裕紀,2:02.8,1,20.5,6.0,420(-4),[東] 上原佑紀,202506040602
9,3,4,ビレッジルイーザ,牝2,51.0,谷原柚希,2:03.2,2.1/2,111.8,11.0,438(+2),[東] 伊藤圭三,202506040602
10,5,8,ハデステソーロ,牡2,55.0,丹内祐次,2:03.3,1/2,31.6,7.0,472(+12),[東] 武市康男,202506040602
11,6,9,ピコマーキス,牡2,55.0,荻野極,2:03.4,クビ,111.1,10.0,482(-8),[東] 上原佑紀,202506040602
12,1,1,マイネルモンテュス,牡2,55.0,野中悠太,2:03.6,1.1/4,220.4,14.0,508(-2),[東] 和田勇介,202506040602
13,6,10,スターオブアダム,牡2,55.0,木幡巧也,2:03.9,2,86.7,8.0,496(-4),[東] 牧光二,202506040602
14,3,3,コスモラムバック,牡2,55.0,武藤雅,2:03.9,アタマ,171.3,13.0,492(-4),[東] 水野貴広,202506040602
1,6,11,ニシノクードクール,牝3,54.0,武藤雅,1:11.5,,11.2,5.0,456(+12),[東] 武藤善則,202506040603
2,8,15,ラヴァグロウ,牝5,56.0,丸田恭介,1:11.5,クビ,23.3,7.0,456(+10),[東] 畠山吉宏,202506040603
3,6,12,シルフレイ,牝3,54.0,横山武史,1:11.6,クビ,3.5,2.0,434(+14),[東] 千葉直人,202506040603
4,4,8,オオゾラヒバリ,牝4,56.0,野中悠太,1:11.9,1.3/4,27.3,8.0,464(+2),[東] 根本康広,202506040603
5,2,3,ルージュベルベット,牝4,53.0,小林美駒,1:12.0,クビ,27.3,9.0,450(+1),[東] 浅利英明,202506040603
6,7,14,エベリンテソーロ,牝3,54.0,木幡巧也,1:12.0,アタマ,57.6,12.0,474(+8),[東] 加藤士津,202506040603
7,5,10,グルーヴィーオン,牝3,54.0,原優介,1:12.0,クビ,41.3,11.0,478(-2),[東] 小手川準,202506040603
8,7,13,アンビシュー,牝4,53.0,遠藤汰月,1:12.1,クビ,87.6,13.0,462(-10),[東] 村田一誠,202506040603
9,4,7,ジェイエルトランス,牝5,53.0,石田拓郎,1:12.2,1/2,125.2,14.0,430(-6),[東] 小西一男,202506040603
10,1,2,セリオーソ,牝5,56.0,吉田豊,1:12.2,クビ,228.1,15.0,446(-4),[東] 高柳瑞樹,202506040603
11,5,9,シュヴァルム,牝3,54.0,横山和生,1:12.3,クビ,32.2,10.0,450(-8),[東] 尾関知人,202506040603
12,3,6,エスシーレベッカ,牝3,54.0,佐々木大,1:12.6,2,9.1,3.0,466(+12),[東] 加藤士津,202506040603
13,8,16,アドリアフレイバー,牝3,52.0,今村聖奈,1:12.6,クビ,2.6,1.0,468(-2),[東] 久保田貴,202506040603
14,1,1,ウィンウッドテール,牝5,52.0,谷原柚希,1:13.4,5,391.8,16.0,460(+4),[東] 清水英克,202506040603
15,2,4,アルーリングタイム,牝4,56.0,丹内祐次,1:13.4,クビ,9.3,4.0,524(-2),[東] 中舘英二,202506040603
16,3,5,ハヌル,牝4,56.0,嶋田純次,1:13.6,3/4,15.8,6.0,474(+2),[東] 岩戸孝樹,202506040603
1,7,9,ラヴノー,牝2,55.0,津村明秀,1:09.1,,2.0,1.0,406(0),[東] 林徹,202506040604
2,4,4,ファインダーズ,牝2,55.0,佐々木大,1:09.9,5,9.3,5.0,446(0),[東] 和田勇介,202506040604
3,2,2,ヴェンデボヌール,牡2,55.0,戸崎圭太,1:10.1,1.1/2,3.9,2.0,464(0),[東] 久保田貴,202506040604
4,7,8,イソダ,牝2,52.0,小林美駒,1:10.3,1.1/4,5.1,3.0,414(0),[東] 尾形和幸,202506040604
5,6,6,マリンディーゼル,牡2,55.0,岩部純二,1:10.8,3,150.3,10.0,518(0),[東] 南田美知,202506040604
6,5,5,ニシノヒンメル,牝2,55.0,野中悠太,1:10.9,1/2,26.4,6.0,410(0),[東] 竹内正洋,202506040604
7,8,11,リケアペンネ,牝2,55.0,原優介,1:11.5,3.1/2,73.9,7.0,424(0),[東] 上原博之,202506040604
8,3,3,リトルエンジェル,牝2,52.0,上里直汰,1:11.5,アタマ,169.4,11.0,398(0),[東] 清水英克,202506040604
9,8,10,クールフィールド,牝2,52.0,石田拓郎,1:11.7,1.1/4,7.6,4.0,440(0),[東] 矢野英一,202506040604
10,1,1,ナデシコ,牝2,55.0,杉原誠人,1:11.8,3/4,80.4,8.0,414(0),[東] 村田一誠,202506040604
11,6,7,イッツユー,牝2,55.0,小林凌大,1:12.6,5,104.2,9.0,430(0),[東] 尾形和幸,202506040604
1,2,3,サンブライト,牝2,55.0,横山武史,1:34.8,,7.0,4.0,462(0),[東] 鈴木慎太,202506040605
2,3,6,ロジクリスエス,牡2,55.0,丸山元気,1:34.8,クビ,21.8,6.0,488(0),[東] 国枝栄,202506040605
3,1,1,スイープセレニティ,牝2,55.0,モレイラ,1:35.0,1,1.8,1.0,464(0),[東] 宮田敬介,202506040605
4,1,2,ヴァルボナ,牡2,55.0,大野拓弥,1:35.1,1,36.2,7.0,470(0),[東] 田村康仁,202506040605
5,3,5,レッドジェルブロワ,牡2,55.0,荻野極,1:35.1,ハナ,6.6,3.0,442(0),[東] 鹿戸雄一,202506040605
6,5,9,レフティサーリ,牝2,55.0,三浦皇成,1:35.1,ハナ,20.7,5.0,408(0),[西] 西園正都,202506040605
7,4,7,フォルナカリア,牡2,55.0,ルメール,1:35.1,ハナ,4.9,2.0,478(0),[東] 栗田徹,202506040605
8,5,10,ダイユウヴェンティ,牝2,55.0,内田博幸,1:35.5,2,77.5,10.0,436(0),[東] 松永康利,202506040605
9,7,13,ブルーエ,牝2,55.0,原優介,1:35.5,クビ,69.7,9.0,456(0),[東] 田村康仁,202506040605
10,8,15,チャチャット,牝2,55.0,柴田善臣,1:35.7,1.1/4,172.3,12.0,412(0),[東] 柄崎将寿,202506040605
11,2,4,クリスタルドレス,牝2,55.0,黛弘人,1:35.8,1/2,271.9,14.0,422(0),[東] 高橋文雅,202506040605
12,4,8,ゴールドパレード,牡2,55.0,横山琉人,1:35.9,1/2,340.9,15.0,464(0),[東] 天間昭一,202506040605
13,8,16,ガヴァルニー,牡2,55.0,佐々木大,1:36.3,2.1/2,38.9,8.0,436(0),[東] 伊藤大士,202506040605
14,6,11,タイセイゴッシュ,牡2,55.0,石川裕紀,1:36.4,1/2,377.5,16.0,480(0),[東] 池上昌和,202506040605
15,6,12,ウインリフレクト,牡2,55.0,菊沢一樹,1:37.0,3.1/2,251.8,13.0,440(0),[東] 嘉藤貴行,202506040605
16,7,14,ガーネットテソーロ,牝2,55.0,菅原明良,1:37.3,2,146.6,11.0,460(0),[東] 高木登,202506040605
1,3,3,プレシャスデイ,牡3,55.0,荻野極,2:35.8,,2.4,1.0,502(0),[東] 伊坂重信,202506040606
2,6,7,マウントバーノン,牡3,55.0,木幡巧也,2:37.5,10,4.6,2.0,512(+2),[東] 戸田博文,202506040606
3,1,1,ステイアンビシャス,牡3,55.0,松岡正海,2:38.0,2.1/2,5.5,3.0,482(0),[東] 堀内岳志,202506040606
4,5,5,ユイノレクター,牡3,55.0,吉田豊,2:38.4,2.1/2,6.5,5.0,494(-8),[東] 竹内正洋,202506040606
5,4,4,コンテソレーラ,牝4,56.0,津村明秀,2:38.5,1/2,17.2,6.0,494(0),[東] 手塚貴久,202506040606
6,6,6,ジーティーアグリム,牝4,56.0,丸田恭介,2:38.6,1/2,55.1,8.0,552(+24),[東] 奥平雅士,202506040606
7,8,10,サトノリアン,牡4,55.0,石田拓郎,2:38.7,クビ,24.7,7.0,468(-4),[東] 萩原清,202506040606
8,7,8,ロードインフェルノ,牡4,58.0,石川裕紀,2:39.0,2,6.3,4.0,484(+2),[東] 尾形和幸,202506040606
9,2,2,クールシェルタ,牡6,58.0,黛弘人,2:39.6,3.1/2,88.3,9.0,492(-4),[東] 高橋文雅,202506040606
10,7,9,ユウオウマイシン,牡3,52.0,佐藤翔馬,2:39.7,クビ,165.4,10.0,452(-2),[東] 松永康利,202506040606
11,8,11,スペシャリスト,牝5,56.0,宮崎北斗,2:41.0,8,186.7,11.0,474(-8),[東] 高橋文雅,202506040606
1,1,2,レイヤードレッド,牡3,55.0,嶋田純次,2:00.5,,18.2,6.0,476(+2),[東] 手塚貴久,202506040607
2,3,6,ティティナ,牝3,50.0,小林美駒,2:00.5,クビ,8.7,4.0,416(+4),[東] 和田正一,202506040607
3,3,5,ルールーリマ,牝3,53.0,三浦皇成,2:00.6,1/2,3.5,2.0,418(+6),[東] 大竹正博,202506040607
4,4,8,コスモイシュタル,牝3,53.0,津村明秀,2:00.8,1,2.9,1.0,434(+10),[東] 深山雅史,202506040607
5,6,12,ヴォラヴィア,牡3,55.0,川又賢治,2:00.9,1,72.0,11.0,452(-2),[西] 杉山佳明,202506040607
6,6,11,マイネルモメンタム,牡4,58.0,丹内祐次,2:01.0,1/2,13.7,5.0,476(-2),[東] 相沢郁,202506040607
7,8,17,サクラアドリア,牡3,55.0,横山典弘,2:01.1,1/2,23.6,7.0,484(-10),[東] 尾関知人,202506040607
8,8,16,ケイツールピア,牝4,53.0,石田拓郎,2:01.3,1,206.6,16.0,422(+6),[東] 蛯名利弘,202506040607
9,5,10,コスモキャバリエ,牡3,52.0,石神深道,2:01.3,ハナ,204.8,15.0,474(0),[東] 高木登,202506040607
10,7,15,ルトンワージ,牡3,55.0,戸崎圭太,2:01.4,1/2,4.8,3.0,452(-8),[東] 斎藤誠,202506040607
11,4,7,モアナフリューゲル,牝4,56.0,佐々木大,2:01.4,ハナ,77.1,12.0,460(+2),[東] 和田勇介,202506040607
12,1,1,ピジョンポイント,牡3,55.0,黛弘人,2:01.5,1/2,52.0,10.0,488(-6),[東] 岩戸孝樹,202506040607
13,2,3,エコロライジン,牡4,58.0,菅原明良,2:01.8,1.1/2,156.9,14.0,466(+2),[東] 矢野英一,202506040607
14,7,14,ディバイングレース,牝5,56.0,内田博幸,2:01.9,3/4,29.6,8.0,456(+6),[東] 蛯名正義,202506040607
15,5,9,ハルノドゥミプリエ,牝4,56.0,菊沢一樹,2:02.1,1,376.7,17.0,468(+6),[東] 勢司和浩,202506040607
16,2,4,セザンワールド,セ5,55.0,遠藤汰月,2:02.2,3/4,32.8,9.0,488(+8),[東] 蛯名利弘,202506040607
17,8,18,オロスコピオ,牝3,53.0,原優介,2:03.2,6,151.5,13.0,426(-8),[東] 青木孝文,202506040607
18,7,13,ヴェネチアンマスク,牡3,55.0,柴田大知,2:03.8,4,624.0,18.0,442(-2),[東] 和田雄二,202506040607
1,7,14,アルデショワ,牝3,54.0,三浦皇成,1:11.4,,3.9,2.0,444(-2),[東] 田中博康,202506040608
2,5,10,ケイツーギルダー,牡3,56.0,荻野極,1:11.6,1,5.3,3.0,496(+2),[東] 千葉直人,202506040608
3,2,4,ルイステソーロ,牡3,56.0,丹内祐次,1:11.7,3/4,6.8,4.0,482(+6),[東] 畠山吉宏,202506040608
4,2,3,ダノンリュラ,牝3,54.0,菊沢一樹,1:12.2,3,7.8,5.0,460(-6),[東] 菊沢隆徳,202506040608
5,3,6,アサクサグレース,牝3,52.0,今村聖奈,1:12.3,クビ,3.1,1.0,464(+10),[東] 戸田博文,202506040608
6,4,7,ノアスペシャル,牝4,56.0,木幡巧也,1:12.5,1.1/4,43.4,9.0,450(+10),[東] 鈴木慎太,202506040608
7,4,8,ゲクウ,牡3,56.0,原優介,1:12.5,ハナ,88.6,10.0,496(-8),[東] 小手川準,202506040608
8,8,16,ホウオウジュビリー,牝5,56.0,丸田恭介,1:12.6,3/4,28.5,7.0,492(-4),[東] 西田雄一,202506040608
9,6,12,サヨノジャンボリー,牡3,56.0,内田博幸,1:12.7,クビ,10.6,6.0,472(-8),[東] 小笠倫弘,202506040608
10,1,1,サブアトミック,牝3,51.0,小林美駒,1:13.3,3.1/2,29.8,8.0,472(+4),[東] 伊藤圭三,202506040608
11,7,13,ヴァリアントマーチ,牝3,54.0,横山琉人,1:13.7,2.1/2,123.6,11.0,454(-4),[東] 林徹,202506040608
12,1,2,ディーン,牝5,53.0,水沼元輝,1:13.7,クビ,378.4,14.0,472(+6),[東] 本間忍,202506040608
13,6,11,フォクシー,牝4,56.0,武藤雅,1:14.0,2,527.5,15.0,404(-4),[東] 石栗龍彦,202506040608
14,3,5,リトルミム,牝5,56.0,大野拓弥,1:14.0,アタマ,248.6,12.0,530(+6),[東] 上原博之,202506040608
15,8,15,ハジメテノチュウ,牡6,58.0,杉原誠人,1:14.7,4,331.9,13.0,514(0),[東] 南田美知,202506040608
除,5,9,チャコール,牝4,56.0,津村明秀,,,---,,538(+10),[東] 矢野英一,202506040608
1,5,6,ウチュウノセカイ,牡2,55.0,原優介,1:08.2,,28.9,9.0,492(-6),[東] 青木孝文,202506040609
2,2,2,ユウファラオ,牡2,55.0,丸山元気,1:08.5,2,9.3,7.0,482(+2),[西] 森秀行,202506040609
3,4,4,ヤマメライズ,牡2,55.0,戸崎圭太,1:08.7,1,24.1,8.0,420(+2),[東] 田島俊明,202506040609
4,4,5,プリティーミズホ,牝2,55.0,三浦皇成,1:08.7,アタマ,8.0,5.0,462(+4),[東] 菊川正達,202506040609
5,7,11,ランドスター,牡2,55.0,丸田恭介,1:08.8,3/4,5.1,2.0,500(+6),[東] 柄崎将寿,202506040609
6,3,3,セイウンアインス,牝2,55.0,武藤雅,1:08.9,3/4,59.7,11.0,442(0),[東] 武藤善則,202506040609
7,1,1,マイオウンウェイ,牡2,55.0,佐々木大,1:09.0,クビ,7.4,3.0,442(+10),[西] 高野友和,202506040609
8,7,10,ミスバレンシア,牝2,55.0,モレイラ,1:09.2,1.1/4,3.3,1.0,480(+4),[東] 武井亮,202506040609
9,8,13,クリエープキー,牝2,55.0,木幡巧也,1:09.3,1,8.3,6.0,444(+4),[東] 牧光二,202506040609
10,6,8,フレンドモナコ,牡2,55.0,内田博幸,1:09.4,クビ,46.5,10.0,412(-4),[東] 南田美知,202506040609
11,5,7,エンヴィーミー,牝2,55.0,丹内祐次,1:09.4,クビ,8.0,4.0,464(+4),[西] 森秀行,202506040609
12,6,9,シーグルロス,牝2,55.0,吉田隼人,1:09.5,クビ,65.7,12.0,450(-4),[東] 尾形和幸,202506040609
13,8,12,ジュジュドール,牝2,55.0,菅原明良,1:09.7,1.1/4,72.5,13.0,448(-2),[西] 西園翔太,202506040609
1,1,1,マイユニバース,牡3,55.0,横山典弘,2:32.0,,1.4,1.0,466(0),[西] 武幸四郎,202506040610
2,4,4,ミントマーク,牡5,58.0,佐々木大,2:33.2,7,7.9,4.0,480(+4),[西] 高橋一哉,202506040610
3,2,2,エコロレイズ,牡4,58.0,菅原明良,2:33.4,1.1/4,5.1,2.0,502(+2),[東] 岩戸孝樹,202506040610
4,3,3,レイデラティエラ,牡3,55.0,戸崎圭太,2:33.4,ハナ,6.9,3.0,456(-8),[西] 小崎憲,202506040610
5,6,6,ソワドリヨン,牝5,56.0,丹内祐次,2:33.6,1,26.1,5.0,476(+10),[東] 古賀慎明,202506040610
6,7,7,ワイズゴールド,牝5,56.0,菅原隆一,2:34.1,3,251.6,9.0,430(+8),[東] 蛯名利弘,202506040610
7,5,5,ネイサン,牡4,58.0,柴田大知,2:34.1,アタマ,126.6,7.0,480(+2),[東] 粕谷昌央,202506040610
8,8,9,バニシングポイント,セ7,58.0,杉原誠人,2:34.6,3,34.7,6.0,494(+10),[東] 古賀慎明,202506040610
9,8,8,コスモマルーン,牝5,56.0,菊沢一樹,2:35.0,2.1/2,211.0,8.0,468(+8),[東] 土田稔,202506040610
1,6,11,ムルソー,牡4,57.0,ルメール,1:51.3,,2.5,1.0,508(+2),[西] 池江泰寿,202506040611
2,3,4,ジャスパーロブスト,セ4,58.0,丸山元気,1:51.6,2,4.9,3.0,504(+4),[西] 森秀行,202506040611
3,8,14,ブレイクフォース,牡6,58.0,菅原明良,1:51.9,1.1/2,12.2,5.0,484(-6),[東] 中舘英二,202506040611
4,6,10,ハビレ,牡4,57.0,モレイラ,1:52.0,1/2,4.1,2.0,506(-6),[東] 武井亮,202506040611
5,7,13,マンマリアーレ,牝5,55.0,荻野極,1:52.1,クビ,22.3,7.0,474(-2),[東] 高木登,202506040611
6,4,7,ゼットリアン,牡5,57.0,戸崎圭太,1:52.5,2.1/2,8.3,4.0,448(+6),[西] 吉田直弘,202506040611
7,2,3,カンピオーネ,牡6,57.0,横山和生,1:52.5,クビ,63.2,10.0,516(+4),[東] 栗田徹,202506040611
8,8,15,アピーリングルック,牝4,55.0,佐々木大,1:52.6,クビ,22.9,8.0,478(-4),[東] 辻哲英,202506040611
9,5,9,フタイテンロック,牡6,57.0,内田博幸,1:52.7,1,88.8,11.0,494(+12),[東] 佐藤吉勝,202506040611
10,7,12,サンマルパトロール,牡5,57.0,石橋脩,1:52.9,1,305.5,15.0,484(-8),[西] 大橋勇樹,202506040611
11,3,5,キョウエイブリッサ,牡5,57.0,原優介,1:52.9,ハナ,19.3,6.0,486(-4),[東] 武市康男,202506040611
12,1,1,ワールドタキオン,牡7,59.0,丹内祐次,1:52.9,ハナ,129.2,13.0,504(0),[東] 斎藤誠,202506040611
13,4,6,ヒューゴ,牡5,57.0,石川裕紀,1:53.4,3,221.0,14.0,456(0),[東] 加藤征弘,202506040611
14,5,8,キタノリューオー,牡7,58.0,横山琉人,1:53.5,クビ,114.2,12.0,472(0),[東] 萱野浩二,202506040611
15,2,2,ノーブルゲイル,牡4,57.0,木幡巧也,1:53.9,2.1/2,46.3,9.0,486(+4),[東] 中川公成,202506040611
1,6,11,エコロエイト,牡4,58.0,丹内祐次,1:10.5,,29.7,8.0,508(+2),[東] 田村康仁,202506040612
2,8,15,シュヴァルボヌール,牝3,54.0,三浦皇成,1:10.5,ハナ,1.7,1.0,486(0),[東] 加藤征弘,202506040612
3,5,10,グランオルカ,セ4,58.0,佐々木大,1:11.1,3.1/2,17.0,4.0,480(-16),[東] 武井亮,202506040612
4,4,8,ザウリ,牡6,58.0,丸山元気,1:11.6,3,24.5,7.0,536(+2),[西] 森田直行,202506040612
5,4,7,メモリーグラス,牡5,58.0,木幡巧也,1:11.6,クビ,21.9,6.0,490(-2),[東] 松永康利,202506040612
6,6,12,ヤマメキング,牡3,56.0,戸崎圭太,1:11.9,1.1/2,3.8,2.0,492(-10),[東] 田島俊明,202506040612
7,7,14,ミヤビクライ,牡6,58.0,柴田善臣,1:11.9,クビ,64.8,12.0,502(+12),[東] 小島茂之,202506040612
8,8,16,ヘルメース,牡4,55.0,佐藤翔馬,1:12.0,1/2,47.5,9.0,484(0),[東] 伊藤圭三,202506040612
9,5,9,スーパーマン,牡5,55.0,石田拓郎,1:12.0,クビ,20.7,5.0,486(-2),[東] 岩戸孝樹,202506040612
10,3,6,イルザ,牝6,56.0,原優介,1:12.1,1/2,122.2,14.0,470(+2),[東] 小手川準,202506040612
11,3,5,メイデンタワー,牝5,53.0,小林美駒,1:12.1,ハナ,9.8,3.0,466(+4),[東] 稲垣幸雄,202506040612
12,2,3,ヴェルトラウム,牡4,58.0,武藤雅,1:12.2,1/2,63.5,11.0,452(0),[東] 西田雄一,202506040612
13,7,13,クリスタルウエイ,牡6,58.0,吉田豊,1:12.4,1.1/4,107.4,13.0,472(-14),[東] 高橋文雅,202506040612
14,2,4,タマモヴェナトル,牡5,58.0,菊沢一樹,1:12.5,3/4,51.4,10.0,450(0),[東] 菊沢隆徳,202506040612
15,1,1,ビヨンドザシーン,牡7,58.0,黛弘人,1:13.1,3.1/2,431.1,16.0,462(0),[東] 南田美知,202506040612
16,1,2,サニーサフラン,牡5,55.0,遠藤汰月,1:13.5,2.1/2,199.7,15.0,494(-17),[東] 菊川正達,202506040612
1,3,5,ルーチェフィオーレ,牝2,55.0,横山和生,1:33.9,,2.2,1.0,446(+12),[東] 嘉藤貴行,202506040701
2,6,11,コズミックボックス,牝2,55.0,モレイラ,1:34.0,1,2.3,2.0,438(0),[東] 中舘英二,202506040701
3,3,6,ミセスジョーンズ,牝2,52.0,石神深道,1:34.2,1.1/2,11.3,4.0,438(-4),[東] 松永康利,202506040701
4,8,15,レヴェランジェ,牝2,55.0,津村明秀,1:34.3,クビ,23.7,6.0,440(+2),[東] 鈴木慎太,202506040701
5,1,1,ベアサナエチャン,牝2,52.0,佐藤翔馬,1:34.4,1/2,10.0,3.0,432(+8),[東] 杉浦宏昭,202506040701
6,7,14,ハングローズ,牝2,55.0,佐々木大,1:34.5,3/4,13.9,5.0,446(-6),[東] 奥村武,202506040701
7,1,2,トンガリボウシ,牝2,52.0,水沼元輝,1:35.0,2.1/2,71.3,8.0,410(+2),[東] 加藤和宏,202506040701
8,7,13,クインズツバキ,牝2,55.0,木幡巧也,1:35.4,2.1/2,378.4,13.0,458(-4),[東] 上原博之,202506040701
9,4,7,ミスエベレスト,牝2,52.0,上里直汰,1:35.5,クビ,177.3,10.0,406(0),[東] 伊坂重信,202506040701
10,4,8,タヤスロレンヌ,牝2,52.0,石田拓郎,1:35.5,クビ,25.6,7.0,454(-4),[東] 岩戸孝樹,202506040701
11,2,3,ルサフィール,牝2,55.0,原優介,1:35.7,1.1/4,142.4,9.0,476(0),[東] 矢野英一,202506040701
12,2,4,カゼノハゴロモ,牝2,55.0,野中悠太,1:35.8,クビ,252.0,12.0,396(0),[東] 根本康広,202506040701
13,5,9,ジャメビュ,牝2,55.0,杉原誠人,1:35.8,ハナ,508.3,15.0,430(-2),[東] 佐藤吉勝,202506040701
14,5,10,サクライズ,牝2,55.0,木幡育也,1:36.1,1.1/2,428.6,14.0,448(-2),[東] 松永康利,202506040701
15,8,16,フィオーレグリーン,牝2,52.0,遠藤汰月,1:36.2,1/2,541.5,16.0,410(-2),[東] 根本康広,202506040701
16,6,12,リケアラザニア,牝2,52.0,小林美駒,1:36.9,4,199.6,11.0,418(-4),[東] 村田一誠,202506040701
1,2,3,マーシャルアン,牡2,52.0,上里直汰,1:13.3,,22.7,9.0,456(+12),[東] 大和田成,202506040702
2,5,10,セントリアン,牝2,55.0,野中悠太,1:13.6,2,70.8,11.0,434(0),[東] 萱野浩二,202506040702
3,6,12,ケイベエ,牡2,55.0,木幡巧也,1:13.7,1/2,12.9,7.0,454(-8),[東] 杉浦宏昭,202506040702
4,7,13,リバテイー,牝2,55.0,横山武史,1:13.7,ハナ,7.6,4.0,444(-10),[東] 小笠倫弘,202506040702
5,4,8,ファンシーフリル,牝2,53.0,今村聖奈,1:13.7,アタマ,3.6,1.0,462(-2),[東] 蛯名利弘,202506040702
6,3,6,エクスプレスナイト,牡2,55.0,菊沢一樹,1:14.0,1.3/4,18.0,8.0,460(0),[東] 青木孝文,202506040702
7,6,11,ニシノランペイジ,牡2,55.0,内田博幸,1:14.0,クビ,39.4,10.0,466(+10),[東] 松山将樹,202506040702
8,8,16,カイトヴァイター,牡2,55.0,丸田恭介,1:14.3,1.3/4,10.1,5.0,434(0),[東] 武市康男,202506040702
9,8,15,ラウンドヒル,牝2,55.0,原優介,1:14.6,1.3/4,3.8,2.0,456(-4),[東] 田島俊明,202506040702
10,3,5,トモエナゲ,牡2,52.0,石田拓郎,1:14.7,1/2,263.1,15.0,466(0),[東] 青木孝文,202506040702
11,1,2,カンタベリービーム,牡2,52.0,水沼元輝,1:15.5,5,241.8,14.0,432(+4),[東] 石栗龍彦,202506040702
12,7,14,ハナムラサキ,牝2,55.0,柴田大知,1:15.7,1,368.3,16.0,460(-4),[東] 和田雄二,202506040702
13,2,4,イーリスアスター,牝2,52.0,小林美駒,1:15.7,ハナ,6.3,3.0,424(-4),[東] 尾形和幸,202506040702
14,5,9,ホーリーデイ,牡2,55.0,石橋脩,1:15.8,1,208.8,13.0,436(+4),[東] 牧光二,202506040702
15,4,7,コンフィアンサ,牝2,55.0,佐々木大,1:15.9,クビ,10.4,6.0,440(+6),[東] 菊川正達,202506040702
中,1,1,メイポール,牝2,55.0,嶋田純次,,,203.2,12.0,428(0),[東] 武市康男,202506040702
1,3,3,パントルナイーフ,牡2,55.0,ルメール,1:49.4,,1.1,1.0,506(-4),[東] 木村哲也,202506040703
2,4,4,ラストスマイル,牡2,55.0,杉原誠人,1:49.6,1.1/4,86.5,7.0,500(-2),[東] 本間忍,202506040703
3,6,6,タイセイアストロ,牡2,55.0,モレイラ,1:49.9,1.3/4,4.7,2.0,448(0),[東] 森一誠,202506040703
4,2,2,リアライズリバティ,牝2,55.0,津村明秀,1:50.0,3/4,55.6,6.0,444(+4),[東] 池上昌和,202506040703
5,5,5,マイネルゼーロス,牡2,55.0,石川裕紀,1:50.5,3,17.1,3.0,480(+2),[東] 相沢郁,202506040703
6,1,1,スチールナイト,牡2,55.0,丹内祐次,1:51.0,2.1/2,94.7,8.0,434(-4),[東] 和田雄二,202506040703
7,8,10,カシノスパーク,牡2,52.0,石神深道,1:51.1,1,25.5,4.0,458(0),[東] 天間昭一,202506040703
8,7,7,ラシッド,牡2,52.0,佐藤翔馬,1:51.7,3.1/2,132.1,9.0,472(-6),[東] 杉浦宏昭,202506040703
9,7,8,エイシンイクサボシ,牝2,55.0,木幡育也,1:52.3,4,47.6,5.0,464(-2),[東] 勢司和浩,202506040703
10,8,9,リケアリングイネ,牝2,55.0,吉田豊,1:52.7,2,356.3,10.0,396(0),[東] 上原博之,202506040703
1,4,8,ナリノシャーウッド,牡2,55.0,岩田望来,1:55.4,,16.3,7.0,472(0),[東] 田村康仁,202506040704
2,2,3,サンラザール,牡2,55.0,モレイラ,1:55.6,1.1/4,3.0,2.0,510(0),[東] 森一誠,202506040704
3,2,4,アンディラメナ,牝2,55.0,ルメール,1:55.6,ハナ,13.8,6.0,448(0),[東] 田島俊明,202506040704
4,8,16,サンデーパーティー,牡2,55.0,横山琉人,1:55.9,2,9.5,5.0,480(0),[東] 相沢郁,202506040704
5,7,13,アトラステソーロ,牡2,55.0,菅原明良,1:56.4,3,8.7,4.0,464(0),[東] 高木登,202506040704
6,6,12,ブームバップビート,牡2,55.0,横山武史,1:57.3,5,2.9,1.0,548(0),[西] 中内田充,202506040704
7,5,10,ブルーサーマル,牝2,55.0,佐々木大,1:57.4,1,103.6,11.0,532(0),[東] 池上昌和,202506040704
8,3,6,アーティラリー,牝2,55.0,菊沢一樹,1:57.8,2,127.3,13.0,492(0),[東] 松山将樹,202506040704
9,6,11,クアッドフォルツァ,牡2,55.0,丹内祐次,1:57.8,アタマ,197.4,16.0,468(0),[東] 伊藤圭三,202506040704
10,8,15,ヘルメスギャング,牡2,53.0,今村聖奈,1:58.3,3,159.0,15.0,464(0),[東] 武井亮,202506040704
11,7,14,ミラクルカイザー,牡2,55.0,丸田恭介,1:58.4,1,141.0,14.0,484(0),[東] 武市康男,202506040704
12,1,2,クイーンズホリデー,牝2,55.0,戸崎圭太,1:59.2,5,7.8,3.0,492(0),[東] 林徹,202506040704
13,1,1,カワキタスズリノ,牝2,55.0,石橋脩,2:00.3,7,115.3,12.0,476(0),[東] 池上昌和,202506040704
14,3,5,チッタデラモーレ,牡2,55.0,三浦皇成,2:00.3,クビ,65.0,10.0,474(0),[東] 伊藤圭三,202506040704
15,4,7,エイシンジザイテン,牡2,55.0,津村明秀,2:01.5,7,40.8,8.0,490(0),[東] 田中剛,202506040704
16,5,9,アンバサダネージュ,牡2,55.0,武藤雅,2:02.0,2.1/2,47.8,9.0,482(0),[東] 武藤善則,202506040704
1,7,7,フロレセール,牝2,55.0,ルメール,2:03.2,,2.0,1.0,460(0),[東] 辻哲英,202506040705
2,8,9,シーギリヤロック,牡2,55.0,モレイラ,2:03.7,3,3.8,2.0,442(0),[東] 田中博康,202506040705
3,1,1,ノリマル,牡2,55.0,吉田隼人,2:03.8,3/4,30.4,7.0,458(0),[東] 尾形和幸,202506040705
4,2,2,ウィロークリーク,牡2,55.0,横山和生,2:03.9,1,4.1,3.0,482(0),[東] 中舘英二,202506040705
5,4,4,トップデュオ,牡2,55.0,岩田望来,2:04.5,3.1/2,8.9,4.0,432(0),[東] 尾関知人,202506040705
6,7,8,ゼータレティクル,牝2,55.0,原優介,2:04.5,クビ,30.1,6.0,462(0),[東] 小手川準,202506040705
7,3,3,ヴァリスクブレイズ,牡2,55.0,石橋脩,2:04.8,1.1/2,108.6,9.0,458(0),[東] 大和田成,202506040705
8,8,10,ゴールドエンバー,牡2,55.0,木幡巧也,2:04.8,クビ,166.3,10.0,452(0),[東] 竹内正洋,202506040705
9,6,6,ラッキースウィッチ,牡2,55.0,横山武史,2:05.1,2,23.2,5.0,476(0),[東] 蛯名正義,202506040705
10,5,5,ラスタリア,牡2,55.0,菊沢一樹,2:05.2,クビ,37.7,8.0,450(0),[東] 岩戸孝樹,202506040705
1,7,14,チャロ,牡3,56.0,菅原明良,1:10.7,,1.7,1.0,484(-4),[東] 和田正一,202506040706
2,3,6,ビーコング,牡4,55.0,小林美駒,1:10.9,1.1/4,12.6,5.0,500(0),[東] 小手川準,202506040706
3,6,11,ショウナンハクウン,牡5,58.0,岩田望来,1:11.6,4,11.0,4.0,504(+6),[東] 大竹正博,202506040706
4,8,15,スーパーバイザー,牡4,55.0,石田拓郎,1:11.7,クビ,49.5,9.0,470(-4),[東] 菊沢隆徳,202506040706
5,4,7,アツキヤマト,牡4,58.0,小林凌大,1:11.8,1/2,17.4,6.0,502(-8),[東] 小西一男,202506040706
6,5,10,タイセイピューマ,牡4,58.0,大野拓弥,1:11.9,1/2,8.9,3.0,480(0),[東] 新開幸一,202506040706
7,1,1,カガバベル,牡3,56.0,横山琉人,1:11.9,ハナ,66.8,11.0,516(+6),[東] 萱野浩二,202506040706
8,3,5,ペイシャスウィフト,牝4,53.0,遠藤汰月,1:11.9,クビ,26.7,8.0,516(+8),[東] 本間忍,202506040706
9,4,8,カップッチョ,牡8,58.0,黛弘人,1:12.2,2,214.5,13.0,490(+4),[東] 南田美知,202506040706
10,5,9,オコジュ,牝5,56.0,嶋田純次,1:12.4,1,52.3,10.0,470(+4),[東] 矢嶋大樹,202506040706
11,2,4,リュキア,牡3,56.0,木幡巧也,1:12.7,2,5.9,2.0,478(+2),[東] 牧光二,202506040706
12,6,12,ブルーデイジー,牝6,56.0,的場勇人,1:12.8,1/2,500.5,16.0,452(-4),[東] 的場均,202506040706
13,7,13,ホウオウブースター,牡3,56.0,鮫島克駿,1:13.3,3,19.2,7.0,434(-4),[東] 高柳瑞樹,202506040706
14,2,3,シウン,牝6,56.0,菊沢一樹,1:13.3,アタマ,274.4,14.0,466(-4),[東] 矢野英一,202506040706
15,1,2,レリッシュ,牝4,56.0,菅原隆一,1:13.4,1/2,364.6,15.0,494(+28),[東] 天間昭一,202506040706
16,8,16,ボエーム,牡4,55.0,水沼元輝,1:14.0,3.1/2,166.2,12.0,446(+10),[東] 石栗龍彦,202506040706
1,5,10,メリークリスマス,牡3,55.0,菊沢一樹,1:52.9,,4.5,2.0,496(+10),[東] 小手川準,202506040707
2,8,16,リザードアイランド,牡3,55.0,横山和生,1:53.9,6,1.5,1.0,486(+4),[東] 田村康仁,202506040707
3,4,8,カージオイド,牡3,55.0,木幡巧也,1:54.5,3.1/2,31.1,8.0,506(0),[東] 黒岩陽一,202506040707
4,1,1,コスモコンフェルマ,牡3,55.0,丹内祐次,1:54.9,2,14.2,4.0,470(0),[東] 鈴木慎太,202506040707
5,6,11,タニセンドリーム,牡4,58.0,横山武史,1:54.9,クビ,9.9,3.0,496(-6),[東] 加藤士津,202506040707
6,7,14,グロリアスヒーロー,セ6,55.0,石神深道,1:55.1,1.1/4,292.5,11.0,472(0),[東] 高木登,202506040707
7,4,7,コスモフレディ,牡4,58.0,戸崎圭太,1:55.1,ハナ,18.5,5.0,462(-6),[東] 水野貴広,202506040707
8,2,3,ブリスフル,牡4,58.0,丸田恭介,1:55.3,3/4,528.2,15.0,496(+4),[東] 武市康男,202506040707
9,3,6,ブルーゴールド,牡5,58.0,野中悠太,1:55.3,アタマ,65.8,9.0,526(-2),[東] 根本康広,202506040707
10,3,5,スターエンブレム,牡3,55.0,菅原明良,1:55.4,1/2,20.1,6.0,470(+2),[東] 林徹,202506040707
11,1,2,ロードフロリゼル,牡3,55.0,岩田望来,1:55.5,1/2,28.3,7.0,466(0),[東] 稲垣幸雄,202506040707
12,8,15,ホウオウラムセス,牡4,58.0,横山琉人,1:56.2,4,342.8,13.0,500(-2),[東] 加藤和宏,202506040707
13,2,4,カルフ,セ4,58.0,杉原誠人,1:56.7,3,292.3,10.0,454(-4),[東] 大和田成,202506040707
14,7,13,ファーレンジョー,牡5,58.0,小林凌大,1:58.5,大,537.0,16.0,458(-4),[東] 蛯名利弘,202506040707
15,6,12,モヴレクス,牡4,58.0,鮫島克駿,1:58.7,1,347.1,14.0,472(+14),[東] 金成貴史,202506040707
16,5,9,オリ,牡6,55.0,上里直汰,2:02.3,大,299.3,12.0,492(-8),[東] 清水英克,202506040707
1,7,13,タマカヅラ,牝3,51.0,小林美駒,1:07.8,,8.9,4.0,430(-4),[東] 斎藤誠,202506040708
2,1,1,イコノスタシス,牝5,56.0,岩田望来,1:07.9,クビ,9.9,5.0,500(+8),[東] 古賀慎明,202506040708
3,8,15,マイネルステラート,牡3,56.0,丹内祐次,1:08.0,1/2,7.1,3.0,460(-2),[東] 高木登,202506040708
4,4,7,オンザヴィーナス,牝4,56.0,杉原誠人,1:08.0,アタマ,29.5,12.0,448(+16),[東] 大和田成,202506040708
5,2,4,レッドカメリア,牝5,56.0,内田博幸,1:08.3,1.3/4,11.0,6.0,458(+8),[東] 佐藤吉勝,202506040708
6,2,3,ルシェロアズーリ,牝3,51.0,遠藤汰月,1:08.3,クビ,14.0,7.0,440(+10),[東] 鈴木伸尋,202506040708
7,3,5,ホウオウガイア,牝3,54.0,丸田恭介,1:08.3,アタマ,20.3,8.0,428(-10),[東] 大竹正博,202506040708
8,1,2,ダノンゴーイチ,牡5,58.0,菊沢一樹,1:08.4,クビ,20.8,9.0,502(-16),[東] 菊沢隆徳,202506040708
9,6,12,キャナルクルーズ,牝3,54.0,横山武史,1:08.4,クビ,3.5,1.0,434(-2),[東] 大竹正博,202506040708
10,5,10,セイウンデセオ,牝4,54.0,今村聖奈,1:08.5,3/4,5.1,2.0,494(+6),[東] 小手川準,202506040708
11,5,9,ダガーリング,牡3,53.0,石神深道,1:08.8,1.1/2,59.6,14.0,532(-6),[東] 和田雄二,202506040708
12,4,8,ナリノエンブレム,牝3,54.0,鮫島克駿,1:08.9,3/4,24.8,10.0,476(+2),[東] 加藤征弘,202506040708
13,6,11,クリノゴッホ,セ5,58.0,大野拓弥,1:09.0,クビ,41.2,13.0,454(+2),[東] 岩戸孝樹,202506040708
14,3,6,アストラッド,牝4,56.0,佐々木大,1:09.2,1.1/4,26.6,11.0,418(+2),[東] 和田正一,202506040708
15,7,14,シュシュトディエス,牝4,53.0,水沼元輝,1:09.2,アタマ,139.1,15.0,452(-6),[東] 石栗龍彦,202506040708
16,8,16,ムゾラシカ,牝3,54.0,丸山元気,1:10.5,8,519.7,16.0,452(+12),[東] 根本康広,202506040708
1,3,3,ヒシアマン,牡3,56.0,モレイラ,1:32.0,,1.4,1.0,472(+8),[東] 堀宣行,202506040709
2,8,8,メタルスピード,牡5,58.0,丹内祐次,1:32.3,1.1/2,6.7,3.0,516(0),[東] 斎藤誠,202506040709
3,4,4,ロゼル,牡5,58.0,横山琉人,1:32.4,3/4,55.0,7.0,484(+4),[東] 大和田成,202506040709
4,1,1,ツルマウカタチ,牡4,58.0,嶋田純次,1:32.4,ハナ,16.2,4.0,472(0),[東] 手塚貴久,202506040709
5,5,5,ケイケイ,セ4,58.0,大野拓弥,1:32.5,1/2,57.1,8.0,470(0),[東] 杉浦宏昭,202506040709
6,8,9,シルバーレイン,牡3,56.0,ルメール,1:32.6,クビ,5.2,2.0,470(-2),[東] 萩原清,202506040709
7,7,7,グレイトクラウン,牝4,56.0,木幡巧也,1:33.1,3,81.9,9.0,462(+6),[東] 松山将樹,202506040709
8,6,6,カズミクラーシュ,牡4,58.0,岩田望来,1:33.6,3,16.4,5.0,492(+4),[西] 吉岡辰弥,202506040709
9,2,2,ヴァルドルチャ,牡4,58.0,菅原明良,1:33.6,アタマ,30.5,6.0,468(0),[東] 田中博康,202506040709
1,6,12,ハギノサステナブル,牡5,57.0,モレイラ,1:53.0,,4.0,2.0,484(-2),[西] 高野友和,202506040710
2,1,2,リバートゥルー,牝5,54.0,吉田豊,1:53.0,クビ,22.2,7.0,470(+8),[東] 久保田貴,202506040710
3,1,1,クラウンシエンタ,牡4,55.0,三浦皇成,1:53.0,アタマ,9.6,3.0,498(+4),[東] 水野貴広,202506040710
4,3,6,イージーオンミー,牝5,53.0,原優介,1:53.3,1.3/4,60.0,9.0,448(0),[東] 中舘英二,202506040710
5,7,13,レシプロシティ,牝5,53.0,丹内祐次,1:53.4,クビ,49.8,8.0,472(+2),[東] 田村康仁,202506040710
6,7,14,プラウドヘリテージ,牡6,56.0,松岡正海,1:53.5,1/2,66.7,10.0,504(-4),[東] 田中剛,202506040710
7,2,4,ヨリノサファイヤ,牝5,51.0,横山琉人,1:53.7,1.1/4,219.2,16.0,524(+8),[東] 根本康広,202506040710
8,2,3,タガノチョコラータ,牝5,52.0,佐々木大,1:53.7,ハナ,79.3,11.0,512(+10),[西] 角田晃一,202506040710
9,5,10,エスティメート,牡6,53.0,黛弘人,1:53.7,アタマ,164.1,15.0,466(+8),[東] 大和田成,202506040710
10,8,16,ゴールドアローン,牝4,54.0,菊沢一樹,1:53.8,1/2,15.9,5.0,476(+10),[東] 青木孝文,202506040710
11,8,15,イムホテプ,牡3,54.0,横山武史,1:53.8,ハナ,1.7,1.0,482(-2),[東] 萩原清,202506040710
12,3,5,ソレルビュレット,牡4,56.0,岩田望来,1:53.9,クビ,18.4,6.0,522(-8),[東] 宮田敬介,202506040710
13,5,9,プレイサーゴールド,牡5,55.0,津村明秀,1:54.1,3/4,151.0,14.0,492(-4),[西] 今野貞一,202506040710
14,4,8,ブレスワード,牡4,55.0,ルメール,1:54.3,1.1/2,14.7,4.0,500(-10),[東] 中舘英二,202506040710
15,6,11,ロードマゼラン,セ6,55.0,大野拓弥,1:54.4,クビ,121.2,12.0,478(-8),[西] 奥村豊,202506040710
16,4,7,エスコバル,セ7,55.0,石川裕紀,1:56.1,10,147.7,13.0,526(0),[東] 高橋文雅,202506040710
1,4,4,レガレイラ,牝4,57.0,戸崎圭太,2:10.2,,3.3,1.0,472(-6),[東] 木村哲也,202506040711
2,7,9,ドゥラドーレス,牡6,57.0,ルメール,2:10.4,1.1/4,3.5,2.0,498(-2),[東] 宮田敬介,202506040711
3,6,7,ヨーホーレイク,牡7,58.0,岩田望来,2:10.7,2,8.0,4.0,520(-6),[西] 友道康夫,202506040711
4,8,10,フェアエールング,牝5,55.0,津村明秀,2:10.7,ハナ,33.3,8.0,464(+2),[東] 和田正一,202506040711
5,5,5,ホーエリート,牝4,55.0,横山武史,2:10.8,3/4,4.7,3.0,472(-8),[東] 田島俊明,202506040711
6,7,8,リカンカブール,セ6,57.0,吉田隼人,2:11.0,3/4,92.3,10.0,480(-8),[西] 田中克典,202506040711
7,8,11,ワイドエンペラー,牡7,57.0,佐々木大,2:11.0,ハナ,181.1,11.0,498(-6),[西] 藤岡健一,202506040711
8,1,1,コスモキュランダ,牡4,57.0,丹内祐次,2:11.0,クビ,8.1,5.0,502(+4),[東] 加藤士津,202506040711
9,6,6,シュバルツクーゲル,牡4,57.0,菅原明良,2:11.1,1/2,66.7,9.0,492(-4),[東] 鹿戸雄一,202506040711
10,3,3,クロミナンス,牡8,57.0,モレイラ,2:11.1,アタマ,13.1,6.0,494(+10),[東] 尾関知人,202506040711
11,2,2,リビアングラス,牡5,57.0,鮫島克駿,2:12.1,6,14.8,7.0,494(-2),[西] 矢作芳人,202506040711
1,7,13,サンセットブライト,牝4,56.0,横山琉人,1:53.5,,29.2,8.0,494(-10),[東] 相沢郁,202506040712
2,4,7,モズカトレア,牝3,53.0,岩田望来,1:53.6,3/4,3.6,2.0,492(0),[西] 井上智史,202506040712
3,5,10,ウィンターダフネ,牝5,54.0,今村聖奈,1:53.8,3/4,81.1,13.0,484(+6),[東] 国枝栄,202506040712
4,6,11,エイシンナデシコ,牝3,53.0,柴田大知,1:53.8,クビ,166.6,14.0,442(-4),[東] 田中剛,202506040712
5,1,1,サツキノジョウ,牝4,56.0,丹内祐次,1:54.0,1.1/4,29.0,7.0,448(+2),[東] 武井亮,202506040712
6,3,5,コンアフェット,牝3,53.0,津村明秀,1:54.1,1/2,11.7,6.0,478(-6),[東] 斎藤誠,202506040712
7,8,16,ロフティーイデアル,牝5,56.0,ルメール,1:54.2,1/2,5.5,3.0,474(0),[東] 林徹,202506040712
8,2,4,ゴヴェルナーレリコ,牝4,53.0,小林美駒,1:54.3,3/4,43.7,11.0,442(-2),[東] 辻哲英,202506040712
9,5,9,ラヴァブル,牝3,53.0,鮫島克駿,1:54.6,1.1/2,30.6,9.0,486(-10),[西] 松下武士,202506040712
10,7,14,マフィン,牝4,53.0,石神深道,1:54.8,1.1/2,218.9,16.0,422(-8),[東] 大和田成,202506040712
11,1,2,イゾラフェリーチェ,牝4,56.0,三浦皇成,1:54.9,1/2,8.6,4.0,494(+2),[東] 鹿戸雄一,202506040712
12,8,15,アンドリーナ,牝3,53.0,横山武史,1:55.0,クビ,9.9,5.0,460(-4),[西] 牧浦充徳,202506040712
13,4,8,アパイシュナール,牝4,56.0,内田博幸,1:55.0,ハナ,36.4,10.0,468(+4),[東] 田村康仁,202506040712
14,3,6,スマートプレシャス,牝4,56.0,佐々木大,1:56.3,8,47.5,12.0,516(+8),[西] 中村直也,202506040712
15,2,3,ミレニアムヒロイン,牝4,56.0,木幡巧也,1:57.6,8,214.9,15.0,442(-2),[東] 池上昌和,202506040712
16,6,12,エターナルプロミス,牝3,53.0,戸崎圭太,1:58.9,8,3.4,1.0,462(-8),[西] 茶木太樹,202506040712
1,6,7,ヴラディア,牡6,60.0,上野翔,3:17.1,,3.4,2.0,484(+4),[東] 小西一男,202506040801
2,8,11,ゴーツウキリシマ,牝5,58.0,黒岩悠,3:17.4,1.3/4,5.3,3.0,454(-4),[西] 牧田和弥,202506040801
3,1,1,シルヴァーデューク,セ5,60.0,小牧加矢,3:18.2,5,7.8,4.0,458(+2),[西] 前川恭子,202506040801
4,6,6,ゴールデンステップ,牝4,58.0,金子光希,3:18.2,ハナ,29.5,7.0,490(+6),[東] 和田勇介,202506040801
5,7,8,スマラグドス,牡5,60.0,田村太雅,3:18.4,1.1/4,2.6,1.0,480(-4),[西] 西園正都,202506040801
6,3,3,ダスク,牡5,57.0,井上敏樹,3:19.1,4,17.3,6.0,478(+8),[西] 石坂公一,202506040801
7,7,9,ユイノコキュウ,牡4,60.0,大江原圭,3:19.2,3/4,13.4,5.0,486(+10),[東] 竹内正洋,202506040801
8,8,10,スラーヴァ,牡4,57.0,坂口智康,3:19.2,クビ,41.3,9.0,480(-2),[東] 高橋文雅,202506040801
9,2,2,シュバルツガイスト,牡5,60.0,伴啓太,3:19.3,アタマ,41.7,10.0,496(-4),[東] 国枝栄,202506040801
10,4,4,イーサンバーニング,牡6,60.0,小野寺祐,3:19.3,クビ,47.7,11.0,526(+20),[西] 藤野健太,202506040801
11,5,5,ワカムシャ,牡3,56.0,水沼元輝,3:19.5,1.1/4,32.1,8.0,490(+6),[東] 矢野英一,202506040801
1,1,2,ホワイトドラゴン,牡2,55.0,佐々木大,1:33.9,,2.3,1.0,462(0),[東] 伊藤大士,202506040802
2,2,3,ロイヤルスパイア,牡2,55.0,戸崎圭太,1:34.2,1.1/2,2.9,2.0,456(-4),[東] 栗田徹,202506040802
3,7,14,フジガイフウ,牡2,55.0,菅原明良,1:34.4,1.1/2,25.5,7.0,488(+2),[東] 岩戸孝樹,202506040802
4,7,13,ショウナンダイン,牡2,55.0,三浦皇成,1:34.5,1/2,8.3,3.0,480(+16),[東] 森一誠,202506040802
5,2,4,エマープ,牡2,55.0,原優介,1:34.5,クビ,11.4,4.0,486(+4),[東] 青木孝文,202506040802
6,5,10,サザンテイオー,牡2,53.0,長浜鴻緒,1:35.1,3.1/2,35.4,9.0,436(-8),[東] 根本康広,202506040802
7,8,16,シェリアドレ,牝2,55.0,荻野極,1:35.2,クビ,13.8,5.0,470(+4),[東] 奥村武,202506040802
8,4,7,ウインマニフィーク,牡2,55.0,丹内祐次,1:35.4,1,31.2,8.0,462(+8),[東] 鈴木慎太,202506040802
9,4,8,モンサンジャスミン,牝2,55.0,木幡巧也,1:35.5,1,591.5,16.0,380(0),[東] 牧光二,202506040802
10,3,5,ジーティーソレイユ,牝2,55.0,吉田隼人,1:35.5,アタマ,59.0,10.0,424(+2),[東] 千葉直人,202506040802
11,6,12,アロハオエ,牝2,55.0,杉原誠人,1:35.6,1/2,482.2,14.0,450(0),[東] 中川公成,202506040802
12,3,6,トラストレガート,牝2,53.0,今村聖奈,1:35.9,2,301.2,12.0,448(+4),[東] 高橋文雅,202506040802
13,6,11,ケンブリッジサクラ,牝2,55.0,丸田恭介,1:35.9,ハナ,164.8,11.0,444(+6),[東] 石栗龍彦,202506040802
14,5,9,ロミオ,牡2,55.0,石橋脩,1:35.9,ハナ,14.5,6.0,498(+8),[東] 上原佑紀,202506040802
15,1,1,ブルーアンバー,牝2,55.0,黛弘人,1:36.1,1.1/4,525.2,15.0,412(+8),[東] 高橋文雅,202506040802
16,8,15,フックセンチョウ,牡2,55.0,柴田善臣,1:36.4,1.1/2,449.1,13.0,440(-2),[東] 佐藤吉勝,202506040802
1,3,6,コパノトーマス,牡2,55.0,原優介,1:11.8,,2.9,2.0,472(+8),[東] 青木孝文,202506040803
2,8,16,レディサン,牝2,55.0,戸崎圭太,1:12.2,2,20.3,5.0,450(+4),[東] 栗田徹,202506040803
3,8,15,スリーコーズ,牡2,55.0,横山武史,1:12.5,2,1.7,1.0,474(+6),[東] 伊藤圭三,202506040803
4,4,8,コパノキャメロン,牝2,53.0,長浜鴻緒,1:13.1,3.1/2,19.9,4.0,482(-2),[東] 手塚貴久,202506040803
5,1,2,ボールドタワー,牡2,55.0,菊沢一樹,1:13.5,2.1/2,37.4,8.0,478(+8),[東] 鈴木慎太,202506040803
6,3,5,キタノドンカルロ,牡2,55.0,柴田大知,1:13.6,1,50.8,9.0,432(-2),[東] 粕谷昌央,202506040803
7,6,11,リュウノエッセンス,牝2,55.0,松岡正海,1:13.7,1/2,30.9,7.0,446(+6),[東] 伊藤伸一,202506040803
8,7,13,スノーランス,牝2,55.0,津村明秀,1:13.8,1/2,24.5,6.0,442(-6),[東] 上原佑紀,202506040803
9,7,14,ドライヴトウショウ,牝2,52.0,佐藤翔馬,1:13.9,クビ,576.0,16.0,480(0),[東] 杉浦宏昭,202506040803
10,1,1,オテモヤン,牝2,52.0,遠藤汰月,1:14.1,1,468.6,13.0,468(-4),[東] 本間忍,202506040803
11,2,4,コパノカーター,牡2,55.0,杉原誠人,1:14.1,ハナ,121.0,11.0,480(+8),[東] 大和田成,202506040803
12,4,7,ウレシイゴサン,牡2,55.0,佐々木大,1:14.2,1/2,11.3,3.0,480(+4),[東] 伊藤大士,202506040803
13,2,3,カシノハンゾウ,牡2,53.0,今村聖奈,1:14.4,1.1/2,83.6,10.0,460(+12),[東] 蛯名利弘,202506040803
14,6,12,キタノアヤカ,牝2,55.0,岩部純二,1:14.5,3/4,241.9,12.0,450(-4),[東] 萱野浩二,202506040803
15,5,9,サンドロック,牝2,52.0,石田拓郎,1:14.6,クビ,557.3,15.0,436(-14),[東] 相沢郁,202506040803
16,5,10,ナムラパピ,牝2,55.0,木幡初也,1:14.7,1/2,516.4,14.0,434(0),[東] 武市康男,202506040803
1,6,12,ケントン,牡2,55.0,佐々木大,1:55.6,,30.6,8.0,482(0),[東] 田島俊明,202506040804
2,5,10,フィンガー,牡2,55.0,戸崎圭太,1:56.0,2,7.2,3.0,542(0),[東] 田中博康,202506040804
3,3,5,ラインジーク,牡2,55.0,武藤雅,1:56.3,2,42.7,11.0,444(0),[東] 水野貴広,202506040804
4,4,8,ホールドザデイ,牝2,55.0,木幡巧也,1:56.5,1.1/4,31.2,9.0,462(0),[東] 田中勝春,202506040804
5,5,9,バレンタインビスタ,牝2,55.0,三浦皇成,1:57.2,4,9.4,4.0,466(0),[東] 蛯名正義,202506040804
6,2,3,イサチルクイーン,牝2,55.0,木幡初也,1:57.6,2.1/2,60.2,13.0,454(0),[東] 竹内正洋,202506040804
7,1,1,ラージアンサンブル,牡2,55.0,内田博幸,1:57.8,3/4,43.2,12.0,468(0),[東] 武井亮,202506040804
8,7,14,モロノヴィクトリー,牡2,55.0,横山和生,1:57.8,クビ,3.1,1.0,494(0),[東] 菊川正達,202506040804
9,6,11,ゴールドアイリーン,牝2,55.0,横山武史,1:59.0,7,11.1,5.0,502(0),[西] 小栗実,202506040804
10,1,2,エンゼルランプ,牝2,55.0,嶋田純次,1:59.0,ハナ,137.1,15.0,436(0),[東] 武市康男,202506040804
11,3,6,カラクリスピリッツ,牝2,55.0,津村明秀,1:59.2,1,96.3,14.0,464(0),[東] 斎藤誠,202506040804
12,8,16,ティンバーライン,牡2,55.0,菅原明良,1:59.2,クビ,17.2,7.0,478(0),[東] 鈴木慎太,202506040804
13,2,4,ファイヤサラマンダ,牡2,55.0,石橋脩,1:59.4,1.1/4,16.1,6.0,478(0),[東] 牧光二,202506040804
14,8,15,メイショウナナユキ,牝2,53.0,今村聖奈,1:59.5,クビ,34.4,10.0,468(0),[西] 牧浦充徳,202506040804
15,4,7,ショコラキュイ,牡2,55.0,荻野極,1:59.8,2,3.3,2.0,492(0),[東] 森一誠,202506040804
16,7,13,カミノテイオー,牡2,55.0,菅原辰徳,1:59.9,クビ,261.9,16.0,466(0),[東] 奥平雅士,202506040804
1,4,8,ギリーズボール,牝2,55.0,ルメール,1:35.8,,1.6,1.0,428(0),[東] 手塚貴久,202506040805
2,5,9,リラ,牝2,55.0,三浦皇成,1:35.9,3/4,5.6,2.0,424(0),[東] 蛯名正義,202506040805
3,6,12,フレアリングベリー,牝2,55.0,横山武史,1:36.4,3,8.0,3.0,438(0),[東] 池上昌和,202506040805
4,6,11,ハクサンローレライ,牡2,52.0,石田拓郎,1:36.5,3/4,68.4,11.0,458(0),[東] 新開幸一,202506040805
5,3,5,ソーヤブル,牡2,55.0,津村明秀,1:36.5,アタマ,8.1,4.0,472(0),[西] 小栗実,202506040805
6,1,1,チュウワメロディー,牡2,55.0,石川裕紀,1:36.7,1,46.5,9.0,454(0),[西] 小崎憲,202506040805
7,5,10,ルクリーシア,牝2,55.0,内田博幸,1:36.7,クビ,86.9,12.0,438(0),[東] 黒岩陽一,202506040805
8,4,7,モントーヤ,牡2,55.0,荻野極,1:36.8,3/4,37.1,7.0,480(0),[東] 浅利英明,202506040805
9,8,15,フィクセルリリア,牝2,55.0,原優介,1:36.8,アタマ,43.3,8.0,448(0),[東] 田中博康,202506040805
10,1,2,ホシヅキヨ,牡2,55.0,松岡正海,1:37.0,3/4,122.8,13.0,470(0),[東] 柄崎将寿,202506040805
11,3,6,ボグラーモデル,牡2,52.0,石神深道,1:37.1,1,184.8,14.0,470(0),[東] 柄崎将寿,202506040805
12,2,4,オリジナルアポジー,牡2,52.0,小林美駒,1:37.3,1.1/4,51.6,10.0,468(0),[東] 水野貴広,202506040805
13,8,16,ジャスパーメルチェ,牝2,55.0,横山和生,1:38.0,4,16.7,5.0,482(0),[西] 森秀行,202506040805
14,2,3,コスモグロボーサ,牡2,55.0,野中悠太,1:38.2,1.1/4,344.2,16.0,508(0),[東] 天間昭一,202506040805
15,7,13,ファストワーカー,牝2,55.0,丹内祐次,1:38.2,クビ,32.6,6.0,496(0),[東] 伊藤大士,202506040805
16,7,14,シンデレラヒメ,牝2,52.0,水沼元輝,1:40.0,大,275.7,15.0,448(0),[東] 石栗龍彦,202506040805
1,6,12,レディーフランシス,牝3,53.0,横山和生,1:54.8,,3.7,2.0,446(+12),[東] 和田勇介,202506040806
2,4,8,ランスノーブル,牝5,56.0,佐々木大,1:54.9,3/4,8.8,3.0,474(-2),[東] 上原博之,202506040806
3,5,10,リュミナーズ,牝3,53.0,松岡正海,1:54.9,ハナ,20.9,6.0,452(0),[東] 堀内岳志,202506040806
4,2,4,ミラクルダンサー,牝3,53.0,横山武史,1:55.4,3,9.7,4.0,516(+4),[東] 尾関知人,202506040806
5,1,2,パイシャオピン,牝3,50.0,小林美駒,1:55.5,クビ,2.0,1.0,460(-2),[東] 鈴木伸尋,202506040806
6,7,13,ライズトゥザトップ,牝3,53.0,津村明秀,1:55.6,3/4,80.7,12.0,494(0),[東] 牧光二,202506040806
7,7,14,キョウエイフロイデ,牝4,56.0,宮崎北斗,1:55.7,1/2,17.2,5.0,496(+8),[東] 中川公成,202506040806
8,6,11,イッシンフラン,牝3,53.0,長岡禎仁,1:55.7,クビ,300.3,14.0,446(+4),[東] 竹内正洋,202506040806
9,1,1,シャンハイナイト,牝3,53.0,江田照男,1:55.8,クビ,21.5,7.0,482(+22),[東] 村田一誠,202506040806
10,5,9,シルバーニース,牝5,54.0,今村聖奈,1:56.1,2,274.2,13.0,464(+2),[東] 田村康仁,202506040806
11,8,16,ココボロ,牝4,53.0,土田真翔,1:56.2,クビ,657.0,16.0,528(+4),[東] 松山将樹,202506040806
12,2,3,キョウエイタイコ,牝3,53.0,大野拓弥,1:56.4,1.1/2,36.1,9.0,474(+4),[東] 勢司和浩,202506040806
13,8,15,イラーナ,牝4,56.0,内田博幸,1:56.8,2.1/2,23.0,8.0,454(+6),[東] 林徹,202506040806
14,4,7,カーリングホリデー,牝4,53.0,石田拓郎,1:56.9,1/2,429.0,15.0,466(-4),[東] 田中勝春,202506040806
15,3,5,ツインクルステージ,牝4,53.0,石神深道,1:57.0,3/4,36.6,10.0,496(+6),[東] 高木登,202506040806
16,3,6,ビップレーヌ,牝4,56.0,菅原明良,1:57.4,2,66.1,11.0,476(+2),[東] 高柳瑞樹,202506040806
1,2,4,サンカシグレ,牡3,55.0,丹内祐次,2:12.5,,12.6,5.0,458(+10),[東] 粕谷昌央,202506040807
2,1,2,ビップチェイス,牡4,58.0,江田照男,2:12.6,クビ,38.1,8.0,466(+4),[東] 田島俊明,202506040807
3,1,1,グランセゾン,牝3,53.0,佐々木大,2:12.8,1.1/4,5.5,4.0,462(+8),[東] 栗田徹,202506040807
4,7,14,クリフハンガー,セ4,58.0,大野拓弥,2:13.1,1.3/4,19.1,6.0,458(+4),[東] 上原博之,202506040807
5,4,8,テイキットイージー,牡4,58.0,津村明秀,2:13.1,クビ,187.6,13.0,442(-10),[東] 萱野浩二,202506040807
6,6,12,アドミラルシップ,牡4,58.0,石川裕紀,2:13.1,アタマ,3.4,2.0,470(+6),[東] 相沢郁,202506040807
7,6,11,チャイボーグ,牝5,54.0,長浜鴻緒,2:13.5,2,127.4,12.0,494(-2),[東] 的場均,202506040807
8,2,3,ゲンジ,牡3,52.0,小林美駒,2:13.6,1,3.0,1.0,432(+4),[東] 尾形和幸,202506040807
9,3,6,ディヴァインスター,牡3,55.0,菅原明良,2:13.7,1,5.2,3.0,480(0),[東] 林徹,202506040807
10,3,5,ディアマイサン,牡5,55.0,石田拓郎,2:14.0,1.1/2,223.6,14.0,536(+2),[東] 浅利英明,202506040807
11,5,10,トラストモアリズム,牝3,51.0,今村聖奈,2:14.0,クビ,22.6,7.0,420(-2),[東] 高橋文雅,202506040807
12,7,13,ビスケットマリー,牝3,50.0,上里直汰,2:14.3,1.3/4,277.0,16.0,420(+4),[東] 和田雄二,202506040807
13,5,9,バーケンヘッド,牡3,52.0,石神深道,2:14.5,1,60.2,9.0,420(-2),[東] 武井亮,202506040807
14,8,15,フォーグッド,セ6,58.0,荻野極,2:14.5,アタマ,98.8,10.0,510(0),[東] 国枝栄,202506040807
15,8,16,ベラトール,牡3,52.0,水沼元輝,2:14.5,アタマ,124.5,11.0,482(-6),[東] 西田雄一,202506040807
16,4,7,スノーディーヴァ,牝4,56.0,内田博幸,2:15.0,2.1/2,236.7,15.0,478(-2),[東] 深山雅史,202506040807
1,2,4,ショウナンハクウン,牡5,58.0,ルメール,1:11.1,,8.3,5.0,504(0),[東] 大竹正博,202506040808
2,4,7,ピコレッド,牡3,56.0,木幡巧也,1:11.2,クビ,3.2,1.0,532(+2),[東] 牧光二,202506040808
3,5,10,スリーピース,セ3,56.0,三浦皇成,1:11.6,2.1/2,4.2,2.0,454(-4),[東] 武井亮,202506040808
4,2,3,ラストシャリナ,牡3,56.0,石川裕紀,1:12.0,2,15.5,8.0,488(+10),[東] 矢嶋大樹,202506040808
5,6,12,トモジャシーマ,セ5,58.0,津村明秀,1:12.0,クビ,14.7,6.0,500(+8),[東] 鈴木伸尋,202506040808
6,4,8,クインズシフォン,牝3,51.0,石神深道,1:12.3,1.3/4,21.8,9.0,456(+4),[東] 和田正一,202506040808
7,8,16,ラヴァグロウ,牝5,56.0,丸田恭介,1:12.4,3/4,15.1,7.0,454(-2),[東] 畠山吉宏,202506040808
8,6,11,ルチアーナ,牝3,52.0,長浜鴻緒,1:12.7,1.1/2,6.2,3.0,444(+6),[東] 小笠倫弘,202506040808
9,7,13,セッカチドラゴン,牡4,58.0,菊沢一樹,1:12.9,1.1/2,107.4,11.0,464(0),[東] 本間忍,202506040808
10,8,15,ディアクルーナ,牝4,56.0,丹内祐次,1:13.0,クビ,124.5,12.0,464(+12),[東] 黒岩陽一,202506040808
11,1,2,ペイシャニット,牝4,53.0,遠藤汰月,1:13.2,1,465.5,15.0,474(-2),[東] 伊藤伸一,202506040808
12,5,9,ナインオブレター,牡3,56.0,菅原明良,1:13.2,ハナ,33.1,10.0,452(0),[東] 佐藤吉勝,202506040808
13,3,6,カツノテンス,牡5,58.0,松岡正海,1:13.2,クビ,433.6,14.0,446(+2),[東] 伊藤伸一,202506040808
14,3,5,プライムブルー,牡4,55.0,石田拓郎,1:14.0,5,267.8,13.0,536(0),[東] 新開幸一,202506040808
15,1,1,アクアマリーナ,牝3,54.0,荻野極,1:14.2,1.1/4,8.1,4.0,464(+18),[東] 伊坂重信,202506040808
16,7,14,レオエンプレス,牝4,56.0,菅原辰徳,1:14.8,4,632.0,16.0,492(+2),[東] 奥平雅士,202506040808
1,7,7,ウイナーズナイン,牡2,55.0,横山武史,2:00.3,,8.9,4.0,508(+12),[西] 小栗実,202506040809
2,6,6,アメテュストス,牡2,55.0,大野拓弥,2:00.3,クビ,14.2,5.0,440(0),[東] 加藤士津,202506040809
3,2,2,ザーフィル,牡2,55.0,戸崎圭太,2:00.3,アタマ,7.0,3.0,548(+8),[東] 林徹,202506040809
4,8,9,ロックターミガン,牡2,55.0,荻野極,2:00.5,3/4,1.9,1.0,540(+6),[西] 石坂公一,202506040809
5,5,5,マイネルマスター,牡2,55.0,津村明秀,2:00.7,1.1/4,25.6,6.0,432(-4),[東] 青木孝文,202506040809
6,3,3,タイダルロック,牡2,55.0,ルメール,2:00.7,クビ,2.8,2.0,516(+14),[東] 武井亮,202506040809
7,8,8,コスモエルヴァル,牡2,55.0,丹内祐次,2:01.8,7,70.4,7.0,482(+2),[東] 黒岩陽一,202506040809
8,1,1,ハロングロットル,牡2,55.0,嶋田純次,2:01.9,3/4,526.6,9.0,446(+4),[東] 伊藤伸一,202506040809
9,4,4,トゥーナスタディ,牡2,55.0,菅原辰徳,2:02.0,1,214.0,8.0,476(+3),[地] 斎藤雄一,202506040809
1,1,2,ソーダーンライト,牝3,54.0,横山武史,1:07.6,,3.7,1.0,456(+6),[東] 鹿戸雄一,202506040810
2,3,5,モジャーリオ,牡3,56.0,横山和生,1:07.8,1.1/2,4.1,2.0,458(-6),[東] 斎藤誠,202506040810
3,4,7,コウセキ,牡3,56.0,石橋脩,1:07.9,クビ,5.2,4.0,486(+2),[西] 西園正都,202506040810
4,4,8,ファビュラススター,牡4,58.0,原優介,1:07.9,クビ,15.1,6.0,502(+6),[東] 萩原清,202506040810
5,2,3,トーホウフランゴ,牝5,56.0,横山典弘,1:08.0,クビ,112.7,13.0,442(-6),[西] 高橋康之,202506040810
6,1,1,アタリダイキチ,牡3,56.0,松岡正海,1:08.0,1/2,41.7,11.0,482(-6),[東] 西田雄一,202506040810
7,6,12,ベンガン,牡8,58.0,丹内祐次,1:08.1,アタマ,264.1,16.0,476(-4),[西] 千田輝彦,202506040810
8,3,6,レザンノワール,牡4,58.0,菊沢一樹,1:08.1,ハナ,62.4,12.0,460(+4),[東] 伊藤圭三,202506040810
9,8,15,フーコサンライズ,牝4,56.0,杉原誠人,1:08.2,1,34.3,9.0,518(-8),[西] 加藤公太,202506040810
10,7,14,ニタモノドウシ,牡3,56.0,菅原明良,1:08.3,クビ,14.8,5.0,468(0),[東] 高木登,202506040810
11,7,13,ゴキゲンサン,牝5,56.0,佐々木大,1:08.5,1.1/2,31.9,8.0,510(+4),[東] 伊藤大士,202506040810
12,2,4,インプロバイザー,牡6,58.0,荻野極,1:08.6,クビ,37.8,10.0,492(+4),[西] 東田明士,202506040810
13,5,9,テーオースパロー,牡6,58.0,長岡禎仁,1:08.6,クビ,166.1,14.0,496(+4),[西] 清水久詞,202506040810
14,5,10,エクセルゴールド,牡4,58.0,丸田恭介,1:08.6,アタマ,192.9,15.0,468(-10),[東] 武市康男,202506040810
15,6,11,プリティディーヴァ,牝3,54.0,ルメール,1:08.8,3/4,4.3,3.0,474(+6),[東] 田中博康,202506040810
16,8,16,ユキノエミリオ,牡3,56.0,津村明秀,1:09.4,4,27.9,7.0,438(+2),[東] 竹内正洋,202506040810
1,8,16,ピースワンデュック,牡4,58.0,柴田善臣,1:32.9,,28.7,11.0,454(+2),[東] 大竹正博,202506040811
2,1,2,ワンダイレクト,牡5,58.0,松岡正海,1:32.9,クビ,26.5,9.0,454(-4),[西] 藤岡健一,202506040811
3,2,4,トーセンエスクード,牡5,58.0,三浦皇成,1:33.1,3/4,29.9,12.0,452(+2),[東] 菊沢隆徳,202506040811
4,3,6,ポルカリズム,牝5,56.0,津村明秀,1:33.1,ハナ,35.3,13.0,500(+10),[西] 中内田充,202506040811
5,2,3,ピックアチェリー,牝4,56.0,佐々木大,1:33.2,1,19.3,7.0,442(+8),[東] 和田正一,202506040811
6,3,5,セブンマジシャン,牡5,58.0,横山武史,1:33.2,クビ,11.9,5.0,482(-14),[西] 高野友和,202506040811
7,4,8,ガイアメンテ,牡4,58.0,原優介,1:33.3,1/2,15.8,6.0,496(0),[西] 須貝尚介,202506040811
8,5,10,コートアリシアン,牝3,54.0,菅原明良,1:33.4,1/2,3.1,1.0,444(+8),[東] 伊藤大士,202506040811
9,6,12,トワイライトシティ,牝3,54.0,荻野極,1:33.9,3,90.5,16.0,460(+2),[西] 杉山晴紀,202506040811
10,1,1,グーテンベルク,牡3,56.0,戸崎圭太,1:33.9,アタマ,3.7,2.0,472(-6),[東] 金成貴史,202506040811
11,6,11,レッドアトレーヴ,牡4,58.0,横山和生,1:34.1,1,9.3,4.0,488(+4),[東] 手塚貴久,202506040811
12,5,9,ムーンリットナイト,牡6,58.0,長岡禎仁,1:34.1,1/2,68.5,15.0,514(+2),[西] 杉山佳明,202506040811
13,7,14,ウインレイアー,牝5,56.0,丹内祐次,1:34.2,アタマ,28.2,10.0,460(+2),[東] 和田雄二,202506040811
14,4,7,スマートワイス,牡4,58.0,リョン,1:34.3,3/4,8.8,3.0,504(+10),[西] 大久保龍,202506040811
15,8,15,ユキノロイヤル,牡4,58.0,石橋脩,1:34.6,1.3/4,52.2,14.0,456(-4),[東] 小野次郎,202506040811
16,7,13,ニュージーズ,牡4,58.0,ルメール,1:36.3,10,25.8,8.0,496(-2),[東] 木村哲也,202506040811
1,2,4,ワンダラー,牡3,56.0,内田博幸,1:11.4,,3.1,2.0,526(+2),[東] 黒岩陽一,202506040812
2,8,15,ビッグドリーム,牡4,58.0,ルメール,1:11.5,3/4,2.9,1.0,536(+2),[西] 西園正都,202506040812
2,8,16,スミレファースト,牝4,56.0,リョン,1:11.5,同着,89.7,11.0,450(-16),[東] 加藤征弘,202506040812
4,6,12,オセアエクスプレス,牡4,58.0,佐々木大,1:11.8,2,51.9,9.0,484(-8),[東] 菊川正達,202506040812
5,5,9,アルジェンタージョ,牝4,56.0,木幡巧也,1:11.9,1/2,69.9,10.0,470(+4),[東] 伊藤圭三,202506040812
6,3,6,サマースイートピー,牝3,54.0,横山武史,1:11.9,ハナ,18.6,6.0,480(-2),[東] 千葉直人,202506040812
7,2,3,タッカージーティー,牝3,54.0,横山典弘,1:11.9,クビ,22.0,7.0,488(-2),[東] 鈴木伸尋,202506040812
8,7,13,フレッシュラン,牝3,54.0,津村明秀,1:11.9,アタマ,7.1,3.0,472(+4),[東] 尾形和幸,202506040812
9,1,1,エリンアキレウス,牡5,55.0,遠藤汰月,1:12.1,3/4,389.3,16.0,542(-2),[東] 伊藤伸一,202506040812
10,6,11,ドナカルナバル,牝3,54.0,菅原明良,1:12.1,クビ,7.5,4.0,478(0),[東] 高木登,202506040812
11,4,8,グラスブランシュ,牝4,56.0,大野拓弥,1:12.4,1.3/4,40.1,8.0,468(+14),[東] 松山将樹,202506040812
12,4,7,モリノレッドスター,牝4,53.0,小林美駒,1:12.4,クビ,7.8,5.0,480(+2),[東] 鈴木伸尋,202506040812
13,5,10,アオカミ,セ6,58.0,原田和真,1:12.5,1/2,257.5,15.0,494(+16),[東] 松山将樹,202506040812
14,3,5,ベルウッドウズメ,セ6,55.0,上里直汰,1:12.7,3/4,221.6,13.0,486(+8),[東] 本間忍,202506040812
15,1,2,トロピカルヒーロー,牡5,56.0,長浜鴻緒,1:12.8,3/4,253.4,14.0,536(+8),[東] 根本康広,202506040812
16,7,14,ニシノクラウン,セ4,56.0,今村聖奈,1:13.5,4,112.0,12.0,472(+4),[東] 相沢郁,202506040812
1,6,8,ハイライトニング,牡2,55.0,戸崎圭太,1:54.6,,6.1,4.0,472(-10),[東] 嘉藤貴行,202506040901
2,8,11,マシン,牡2,55.0,団野大成,1:55.2,3.1/2,37.0,7.0,478(-4),[西] 石坂公一,202506040901
3,8,12,リフレックス,牡2,55.0,佐々木大,1:55.9,4,2.6,1.0,454(-6),[東] 金成貴史,202506040901
4,5,5,ユニゾン,牡2,55.0,丹内祐次,1:56.2,1.1/2,4.6,3.0,456(+6),[東] 菊川正達,202506040901
5,3,3,ジーモンスター,牡2,55.0,岩田望来,1:56.3,1/2,3.7,2.0,506(-8),[西] 佐藤悠太,202506040901
6,6,7,ニシノガウェイン,牡2,55.0,内田博幸,1:56.6,1.3/4,89.1,9.0,444(+2),[東] 稲垣幸雄,202506040901
7,5,6,ショウナンタヅナ,牡2,55.0,池添謙一,1:56.8,1.1/2,105.4,11.0,462(-2),[東] 武市康男,202506040901
8,4,4,ヤマタケボニータ,牡2,55.0,原優介,1:56.9,1/2,16.4,6.0,476(+8),[東] 萱野浩二,202506040901
9,1,1,タイセイモノリス,牡2,55.0,横山和生,1:57.4,3,9.6,5.0,470(+2),[東] 栗田徹,202506040901
10,7,9,タイガーゲイト,牡2,55.0,菊沢一樹,1:58.1,4,87.6,8.0,468(+4),[東] 大和田成,202506040901
11,7,10,ルージュノヴァ,牝2,52.0,上里直汰,1:59.9,大,356.3,12.0,454(-2),[東] 萱野浩二,202506040901
12,2,2,チャーミングアイ,牝2,52.0,小林美駒,2:02.0,大,102.6,10.0,460(-8),[東] 菊川正達,202506040901
1,3,5,トラスコンガーデン,牝2,55.0,吉田豊,1:08.7,,11.2,5.0,438(-2),[東] 竹内正洋,202506040902
2,4,7,ハッピーラッキー,牡2,55.0,丸田恭介,1:08.8,1,73.7,11.0,456(-2),[東] 武市康男,202506040902
3,5,9,カレンデュラ,牝2,55.0,嶋田純次,1:09.0,3/4,4.2,2.0,422(+4),[東] 南田美知,202506040902
4,1,2,ケイベエ,牡2,55.0,木幡巧也,1:09.1,1,20.4,6.0,462(+8),[東] 杉浦宏昭,202506040902
5,7,13,ダノンルミエール,牝2,55.0,三浦皇成,1:09.2,クビ,2.0,1.0,458(-2),[東] 国枝栄,202506040902
6,6,11,インザライムライト,牝2,52.0,石神深道,1:09.5,2,328.3,14.0,432(0),[東] 和田雄二,202506040902
7,1,1,リーデレクオーレ,牝2,55.0,柴田大知,1:09.7,1.1/4,34.2,7.0,418(-2),[東] 土田稔,202506040902
8,8,16,ノブピースオブラブ,牡2,55.0,岩田望来,1:09.9,1.1/4,189.7,13.0,456(-2),[東] 小島茂之,202506040902
9,3,6,ステキサプライズ,牡2,55.0,横山琉人,1:10.0,3/4,52.8,9.0,418(+6),[東] 粕谷昌央,202506040902
10,5,10,フェイスリフト,牡2,55.0,内田博幸,1:10.0,1/2,9.6,4.0,450(+10),[東] 嘉藤貴行,202506040902
11,2,3,コパノセビリア,牝2,55.0,菊沢一樹,1:10.1,アタマ,173.3,12.0,430(-6),[東] 土田稔,202506040902
12,6,12,サトノエスケープ,牡2,55.0,戸崎圭太,1:10.2,1/2,5.9,3.0,474(0),[東] 久保田貴,202506040902
13,4,8,ルディドゥゲンジ,牝2,55.0,黛弘人,1:10.2,クビ,420.8,15.0,422(+6),[東] 蛯名利弘,202506040902
14,2,4,スラッシュコード,牡2,55.0,佐々木大,1:10.2,ハナ,50.5,8.0,462(0),[東] 伊藤圭三,202506040902
15,7,14,フォーエバーラブ,牡2,55.0,丹内祐次,1:11.0,5,57.5,10.0,456(+4),[東] 金成貴史,202506040902
16,8,15,サフィニア,牝2,55.0,石橋脩,1:11.1,クビ,665.7,16.0,440(-2),[東] 佐藤吉勝,202506040902
1,6,12,コッツォリーノ,牡2,55.0,横山典弘,2:00.7,,2.0,1.0,450(-2),[東] 池上昌和,202506040903
2,7,13,エーデルゼーレ,牡2,55.0,モレイラ,2:01.1,2.1/2,3.4,2.0,462(-4),[東] 堀宣行,202506040903
3,8,16,ステラスペース,牡2,55.0,武藤雅,2:01.6,3,16.5,5.0,490(+14),[東] 武藤善則,202506040903
4,4,8,カリドーラ,牝2,55.0,三浦皇成,2:01.9,1.3/4,18.2,6.0,490(-2),[東] 田村康仁,202506040903
5,3,5,シデンイッセン,牡2,55.0,丹内祐次,2:02.3,2.1/2,91.4,8.0,484(-2),[東] 田村康仁,202506040903
6,5,10,アイドクレース,牝2,52.0,石神深道,2:02.3,ハナ,44.0,7.0,428(-6),[東] 金成貴史,202506040903
7,3,6,ブランニューホーム,牡2,55.0,黛弘人,2:02.5,1.1/2,7.8,4.0,444(+4),[東] 深山雅史,202506040903
8,1,1,サムシングニュー,牡2,55.0,柴田善臣,2:02.7,1.1/4,177.3,10.0,476(+4),[東] 鹿戸雄一,202506040903
9,2,3,マイネルリーヒム,牡2,55.0,戸崎圭太,2:02.7,ハナ,5.9,3.0,468(-10),[東] 武市康男,202506040903
10,5,9,マイネルパーロル,牡2,55.0,木幡巧也,2:03.6,5,218.8,11.0,440(+2),[東] 嘉藤貴行,202506040903
11,4,7,フロムドーン,牡2,52.0,石田拓郎,2:04.0,2.1/2,407.1,15.0,492(0),[東] 新開幸一,202506040903
12,6,11,オーキッドワン,牡2,55.0,菊沢一樹,2:04.1,1/2,240.1,13.0,440(+4),[東] 水野貴広,202506040903
13,7,14,ショウナンパステル,牝2,55.0,吉田豊,2:04.4,1.1/2,232.1,12.0,410(-4),[東] 稲垣幸雄,202506040903
14,1,2,サバイバルトゥルー,牝2,55.0,吉田隼人,2:04.4,クビ,595.2,16.0,436(-6),[東] 和田雄二,202506040903
15,8,15,レイナロハルンバ,牝2,53.0,長浜鴻緒,2:05.1,4,399.4,14.0,414(-2),[東] 加藤和宏,202506040903
16,2,4,シシリアンフラッグ,牝2,52.0,小林美駒,2:12.6,大,168.6,9.0,386(0),[東] 中川公成,202506040903
1,8,15,サノノアルペン,牡2,55.0,丹内祐次,1:12.6,,12.0,4.0,492(0),[東] 尾形和幸,202506040904
2,3,6,ルクスレイモンド,牡2,55.0,津村明秀,1:13.2,3.1/2,5.5,3.0,476(0),[東] 上原佑紀,202506040904
3,8,16,ツクバヴァンガード,牡2,55.0,内田博幸,1:13.3,1/2,19.2,7.0,472(0),[東] 奥平雅士,202506040904
4,2,4,ジョイアミーア,牝2,55.0,モレイラ,1:13.4,1/2,2.4,1.0,448(0),[東] 高柳瑞樹,202506040904
5,7,14,スタームーンナイト,牡2,55.0,横山和生,1:13.4,クビ,3.2,2.0,496(0),[東] 中舘英二,202506040904
6,6,11,マイネルテオドロス,牡2,55.0,佐々木大,1:13.7,1.1/2,15.4,5.0,452(0),[東] 菊川正達,202506040904
7,5,9,アンセートゥモダン,牝2,55.0,木幡巧也,1:14.7,6,118.9,12.0,404(0),[東] 杉浦宏昭,202506040904
8,2,3,ヌクレオチド,牡2,55.0,柴田善臣,1:14.7,クビ,100.5,11.0,462(0),[東] 粕谷昌央,202506040904
9,7,13,ガルディーノ,牡2,52.0,石田拓郎,1:14.8,クビ,267.3,16.0,486(0),[東] 新開幸一,202506040904
10,5,10,アイアンブランド,牝2,55.0,柴田大知,1:15.3,3,244.3,14.0,424(0),[東] 南田美知,202506040904
11,6,12,マジックアロマ,牝2,55.0,松山弘平,1:15.3,クビ,17.3,6.0,446(0),[西] 小栗実,202506040904
12,1,2,ユーフォリア,牝2,55.0,嶋田純次,1:15.7,2.1/2,84.1,9.0,432(0),[東] 南田美知,202506040904
13,4,8,ビックリパラダイス,牡2,52.0,遠藤汰月,1:15.8,1/2,199.8,13.0,478(0),[東] 萱野浩二,202506040904
14,3,5,キミガイチバンイイ,牡2,55.0,菊沢一樹,1:16.5,4,94.6,10.0,480(0),[東] 鈴木慎太,202506040904
15,1,1,ルーナディサングエ,牡2,55.0,菅原隆一,1:16.7,1.1/4,265.6,15.0,454(0),[東] 天間昭一,202506040904
16,4,7,モズセンピロ,牝2,52.0,小林美駒,1:21.8,大,24.0,8.0,442(0),[西] 牧浦充徳,202506040904
1,8,15,エピックフライト,牡2,55.0,モレイラ,2:01.2,,1.9,1.0,498(0),[東] 黒岩陽一,202506040905
2,6,11,キャルナイト,牡2,55.0,ルメール,2:01.3,1/2,6.7,3.0,434(0),[東] 鹿戸雄一,202506040905
3,5,10,パーシヴァル,牡2,55.0,石川裕紀,2:01.5,1.1/4,25.7,6.0,476(0),[東] 相沢郁,202506040905
4,8,16,イブキ,牡2,55.0,原優介,2:01.6,3/4,78.6,12.0,454(0),[東] 矢野英一,202506040905
5,8,17,ベルランコントル,牝2,55.0,丹内祐次,2:01.9,2,14.2,4.0,462(0),[東] 伊藤大士,202506040905
6,5,9,ヒズマスターピース,牝2,55.0,菅原明良,2:02.0,3/4,3.8,2.0,514(0),[東] 国枝栄,202506040905
7,7,13,ナイスプレーアスク,牝2,55.0,荻野極,2:02.1,3/4,31.4,8.0,436(0),[東] 田村康仁,202506040905
8,4,8,ウインブリザード,牡2,52.0,石神深道,2:02.2,1/2,26.5,7.0,472(0),[東] 深山雅史,202506040905
9,3,5,フクスケ,牡2,55.0,木幡巧也,2:02.3,クビ,179.5,16.0,456(0),[東] 杉浦宏昭,202506040905
10,4,7,ブレイズランナー,牡2,55.0,横山武史,2:02.3,クビ,53.2,10.0,480(0),[東] 蛯名正義,202506040905
11,6,12,フロステリオン,牡2,55.0,菊沢一樹,2:03.1,5,170.4,15.0,442(0),[東] 萱野浩二,202506040905
12,3,6,ティラーノ,牡2,55.0,大野拓弥,2:03.8,4,50.6,9.0,464(0),[東] 小手川準,202506040905
13,7,14,ナンヨーロイヤル,牡2,55.0,松山弘平,2:04.2,2.1/2,17.4,5.0,446(0),[東] 中舘英二,202506040905
14,2,3,アルカマル,牡2,55.0,内田博幸,2:04.5,1.3/4,119.0,14.0,458(0),[東] 青木孝文,202506040905
15,1,2,マリブ,牡2,55.0,吉田豊,2:04.7,1,314.3,17.0,446(0),[東] 和田正一,202506040905
16,1,1,アンラコル,牝2,55.0,武藤雅,2:04.9,1.1/2,67.6,11.0,446(0),[東] 武藤善則,202506040905
17,2,4,トーセンエリオット,牡2,55.0,佐々木大,2:06.6,10,112.2,13.0,448(0),[東] 土田稔,202506040905
1,1,2,フジレイメイ,牡3,55.0,松岡正海,1:54.3,,7.4,5.0,486(-4),[東] 小笠倫弘,202506040906
2,7,14,プロスペクトパーク,牡3,55.0,荻野極,1:54.5,1.1/4,6.2,3.0,502(-2),[東] 高柳瑞樹,202506040906
3,7,13,ファルコンミノル,牡5,56.0,長浜鴻緒,1:54.6,1/2,16.7,8.0,452(+4),[東] 中舘英二,202506040906
4,4,7,プレジール,牡4,58.0,横山和生,1:54.8,3/4,9.7,6.0,476(-6),[東] 嘉藤貴行,202506040906
5,5,9,コーリンカルベラ,牡4,58.0,吉田豊,1:54.8,クビ,6.3,4.0,496(+8),[東] 小野次郎,202506040906
6,5,10,カイトヴィント,牡3,52.0,石神深道,1:55.0,1.1/4,27.7,10.0,486(0),[東] 和田雄二,202506040906
7,6,11,ラストレガシー,牡3,55.0,丹内祐次,1:55.3,1.3/4,4.3,1.0,488(+4),[東] 手塚貴久,202506040906
8,8,15,グランエシェゾー,牝4,56.0,横山琉人,1:55.4,3/4,215.7,16.0,506(+2),[東] 高橋文雅,202506040906
9,2,3,ジャクソン,牡5,58.0,大野拓弥,1:55.4,アタマ,96.4,14.0,530(-2),[東] 武市康男,202506040906
10,1,1,スマートクオーレ,牡3,55.0,木幡初也,1:55.6,3/4,24.3,9.0,496(+4),[東] 粕谷昌央,202506040906
11,4,8,ヤコブセン,牡3,55.0,横山武史,1:55.6,クビ,5.4,2.0,506(+12),[東] 斎藤誠,202506040906
12,8,16,ティアップドライブ,牡3,55.0,丸田恭介,1:55.7,1/2,38.3,11.0,498(+2),[東] 奥平雅士,202506040906
13,2,4,コッレヴェッキオ,牡4,58.0,岩田望来,1:55.8,クビ,13.6,7.0,480(-2),[東] 高橋文雅,202506040906
14,3,5,ポンサン,牡5,55.0,石田拓郎,1:55.9,3/4,62.1,12.0,500(+18),[東] 小西一男,202506040906
15,3,6,ロストボール,セ6,55.0,上里直汰,1:56.6,4,206.5,15.0,448(-4),[東] 加藤和宏,202506040906
16,6,12,クラウングスタフ,牡4,58.0,武藤雅,1:57.4,5,92.3,13.0,506(+12),[東] 水野貴広,202506040906
1,3,5,リバーバレイト,牡3,56.0,モレイラ,1:32.5,,1.6,1.0,472(+14),[東] 堀宣行,202506040907
2,8,15,インパクトシー,牡3,56.0,横山武史,1:32.6,3/4,6.4,2.0,526(0),[東] 大竹正博,202506040907
3,3,6,ベラジオワールド,牡3,54.0,佐々木大,1:33.2,3.1/2,7.3,3.0,484(-12),[東] 伊藤大士,202506040907
4,8,16,プリムツァール,牝3,54.0,武豊,1:33.3,1/2,7.4,4.0,460(+2),[東] 蛯名正義,202506040907
5,4,8,レッドロスタム,牡5,58.0,坂井瑠星,1:33.5,1.1/2,17.2,6.0,498(-6),[東] 国枝栄,202506040907
6,5,10,ミエノブラボー,牝4,56.0,柴田善臣,1:33.5,ハナ,98.4,9.0,472(+2),[東] 田中勝春,202506040907
7,7,14,キャトルエピス,牝3,54.0,松山弘平,1:33.9,2,9.5,5.0,462(+18),[東] 栗田徹,202506040907
8,4,7,ルミナスピラー,牝3,51.0,石神深道,1:34.0,3/4,378.8,12.0,432(+14),[東] 和田正一,202506040907
9,2,3,ゴーゴータカシ,牡3,56.0,丹内祐次,1:34.1,クビ,80.1,8.0,478(0),[東] 武井亮,202506040907
10,2,4,ドルビナ,牡3,56.0,大野拓弥,1:34.1,ハナ,62.6,7.0,450(+2),[東] 杉浦宏昭,202506040907
11,1,1,ジーティーポライト,牝4,53.0,石田拓郎,1:34.2,3/4,676.6,15.0,470(+14),[東] 加藤和宏,202506040907
12,6,11,アウフヴィント,牝3,54.0,武藤雅,1:34.4,1.1/4,430.0,13.0,512(-6),[東] 戸田博文,202506040907
13,6,12,エアグリフォン,牡5,58.0,岩田望来,1:34.7,1.3/4,314.6,11.0,540(+4),[東] 大竹正博,202506040907
14,7,13,ソルエパトリオット,セ3,56.0,横山琉人,1:34.9,1.1/4,706.4,16.0,394(-14),[東] 粕谷昌央,202506040907
15,5,9,グランシャーク,セ6,55.0,上里直汰,1:35.2,2,651.3,14.0,500(-14),[東] 田島俊明,202506040907
16,1,2,グルナルーフス,牡3,56.0,宮崎北斗,1:35.4,3/4,216.5,10.0,486(0),[東] 中川公成,202506040907
1,4,7,チュウワクリスエス,牡3,52.0,小林美駒,1:52.9,,4.0,2.0,494(-2),[東] 栗田徹,202506040908
2,6,11,アイウィル,牡4,58.0,丹内祐次,1:53.0,クビ,42.3,12.0,512(-6),[東] 高木登,202506040908
3,4,8,アールプロスト,牡3,55.0,菅原明良,1:53.0,アタマ,4.5,3.0,516(-8),[東] 伊藤大士,202506040908
4,8,16,ホレーショ,牡4,58.0,戸崎圭太,1:53.8,5,10.6,5.0,532(+6),[東] 西田雄一,202506040908
5,2,4,プルナチャンドラ,牡4,58.0,原田和真,1:53.9,クビ,36.3,11.0,524(+20),[東] 小野次郎,202506040908
6,6,12,パープルナイト,牡5,55.0,遠藤汰月,1:54.0,3/4,74.1,13.0,502(-2),[東] 堀内岳志,202506040908
7,1,1,オルゴーリオ,セ4,58.0,横山和生,1:54.1,1/2,18.7,7.0,506(-6),[東] 菊沢隆徳,202506040908
8,7,13,タイセイミッション,セ4,58.0,坂井瑠星,1:54.1,ハナ,3.6,1.0,528(0),[東] 伊藤圭三,202506040908
9,3,6,ドッビアーコ,牡4,58.0,佐々木大,1:54.5,2,33.5,9.0,552(-12),[西] 奥村豊,202506040908
10,8,15,テンクウジョー,牡4,55.0,石田拓郎,1:54.6,3/4,136.3,14.0,470(0),[東] 小西一男,202506040908
11,1,2,ブレイゼスト,牡5,58.0,木幡巧也,1:54.9,2,36.2,10.0,522(-6),[東] 牧光二,202506040908
12,7,14,ユイノマチブセ,牡5,58.0,木幡初也,1:55.0,クビ,25.2,8.0,436(-2),[東] 竹内正洋,202506040908
13,5,9,ショウナンカブト,セ5,58.0,岩田望来,1:55.5,3,16.3,6.0,536(-2),[東] 戸田博文,202506040908
14,3,5,マーシヴィガラス,牡5,56.0,長浜鴻緒,1:56.2,4,268.8,15.0,508(+2),[東] 的場均,202506040908
15,5,10,アパッシメント,牡3,55.0,モレイラ,1:56.6,2.1/2,8.2,4.0,486(-4),[東] 堀宣行,202506040908
16,2,3,オセアバトルプラン,牡5,55.0,上里直汰,1:56.7,3/4,276.8,16.0,480(-4),[東] 菊川正達,202506040908
1,3,3,アルバンヌ,牝2,55.0,ルメール,1:33.8,,4.5,2.0,480(0),[東] 田中博康,202506040909
2,7,7,ベレーバスク,牝2,55.0,丹内祐次,1:34.0,1.1/4,5.5,3.0,450(+6),[東] 清水英克,202506040909
3,4,4,ドリームコア,牝2,55.0,モレイラ,1:34.1,3/4,1.7,1.0,492(+4),[東] 萩原清,202506040909
4,2,2,ルージュカルデア,牝2,55.0,横山典弘,1:34.4,2,21.0,6.0,458(+4),[東] 加藤征弘,202506040909
5,1,1,トワニ,牝2,55.0,武豊,1:34.5,クビ,9.0,5.0,416(-2),[東] 蛯名正義,202506040909
6,8,8,クールフラン,牝2,55.0,松山弘平,1:35.1,3.1/2,8.4,4.0,490(+12),[西] 池添学,202506040909
7,5,5,シーグルロス,牝2,55.0,吉田隼人,1:35.4,2,149.1,7.0,444(-6),[東] 尾形和幸,202506040909
8,6,6,ツルノマイハシ,牝2,55.0,佐々木大,1:36.9,9,180.4,8.0,462(+2),[東] 杉浦宏昭,202506040909
1,3,3,ショウナンサムデイ,牝3,53.0,池添謙一,1:58.8,,3.0,1.0,438(-6),[東] 奥村武,202506040910
2,5,7,ドゥカート,牡3,55.0,津村明秀,1:59.0,1.1/4,16.1,6.0,474(-4),[東] 宮田敬介,202506040910
3,2,2,コスモアバンサ,牡5,58.0,佐々木大,1:59.1,1/2,23.3,9.0,488(-4),[東] 清水英克,202506040910
4,8,13,ミスティア,牝4,56.0,岩田望来,1:59.2,クビ,19.8,7.0,490(0),[東] 戸田博文,202506040910
5,4,5,ピンキープロミス,牡5,58.0,丹内祐次,1:59.2,クビ,198.2,13.0,484(+4),[東] 畠山吉宏,202506040910
6,4,4,ブラックルビー,牝3,53.0,戸崎圭太,1:59.4,1.1/4,3.6,2.0,440(+16),[東] 田中博康,202506040910
7,5,6,タッチアンドムーブ,牡4,58.0,菅原明良,1:59.5,クビ,10.0,4.0,456(+4),[東] 栗田徹,202506040910
8,8,12,リアンベーレ,牡3,55.0,武豊,1:59.5,1/2,12.6,5.0,498(-2),[東] 手塚貴久,202506040910
9,7,11,ヴィスマール,牡4,58.0,ルメール,1:59.6,1/2,4.4,3.0,452(+4),[西] 奥村豊,202506040910
10,6,8,マイネルシーマー,牡6,58.0,菊沢一樹,1:59.8,1.1/4,130.1,12.0,474(-10),[東] 青木孝文,202506040910
11,1,1,アイキャンドウイッ,牡6,58.0,松山弘平,2:00.0,1.1/4,20.5,8.0,460(0),[西] 池江泰寿,202506040910
12,6,9,カフェアローロ,牝4,56.0,内田博幸,2:00.1,クビ,69.6,11.0,506(+8),[東] 古賀慎明,202506040910
13,7,10,ヴァイルマティ,牝5,56.0,荻野極,2:00.2,1,62.1,10.0,500(-4),[東] 鹿戸雄一,202506040910
1,8,16,ウインカーネリアン,牡8,58.0,三浦皇成,1:06.9,,50.0,11.0,514(+2),[東] 鹿戸雄一,202506040911
2,7,13,ジューンブレア,牝4,56.0,武豊,1:06.9,アタマ,20.2,7.0,490(0),[西] 武英智,202506040911
3,3,6,ナムラクレア,牝6,56.0,ルメール,1:07.2,1.1/2,5.7,2.0,478(0),[西] 長谷川浩,202506040911
4,4,7,サトノレーヴ,牡6,58.0,モレイラ,1:07.2,ハナ,2.2,1.0,538(0),[東] 堀宣行,202506040911
5,1,2,ヨシノイースター,牡7,58.0,内田博幸,1:07.3,クビ,82.0,14.0,486(-8),[西] 中尾秀正,202506040911
6,2,3,ダノンマッキンリー,牡4,58.0,横山典弘,1:07.3,ハナ,81.5,13.0,476(+19),[西] 藤原英昭,202506040911
6,2,4,ママコチャ,牝6,56.0,岩田望来,1:07.3,同着,8.0,3.0,500(+2),[西] 池江泰寿,202506040911
8,1,1,ピューロマジック,牝4,56.0,松山弘平,1:07.4,1,10.5,5.0,462(+16),[西] 安田翔伍,202506040911
9,3,5,カンチェンジュンガ,牡5,58.0,坂井瑠星,1:07.6,1,28.3,8.0,490(-6),[西] 庄野靖志,202506040911
10,6,11,トウシンマカオ,牡6,58.0,横山武史,1:07.6,アタマ,12.4,6.0,480(+8),[東] 高柳瑞樹,202506040911
11,5,10,ラッキースワイネス,セ7,58.0,リョン,1:07.7,クビ,36.6,10.0,524(-23),[外] マン,202506040911
12,8,15,ルガル,牡5,58.0,川田将雅,1:07.7,1/2,8.2,4.0,522(0),[西] 杉山晴紀,202506040911
13,4,8,ペアポルックス,牡4,58.0,松若風馬,1:07.7,ハナ,52.9,12.0,472(-4),[西] 梅田智之,202506040911
14,5,9,ドロップオブライト,牝6,56.0,丹内祐次,1:07.8,3/4,178.5,16.0,448(+2),[西] 福永祐一,202506040911
15,6,12,ヤマニンアルリフラ,牡4,58.0,団野大成,1:08.2,2,140.0,15.0,498(+4),[西] 斉藤崇史,202506040911
16,7,14,カピリナ,牝4,56.0,戸崎圭太,1:08.2,1/2,36.4,9.0,480(+6),[東] 田島俊明,202506040911
1,3,6,カズゴルティス,セ4,55.0,菅原明良,1:10.9,,9.8,5.0,494(-8),[西] 西園翔太,202506040912
2,5,10,ショウナンアビアス,牡5,57.0,モレイラ,1:11.0,1/2,4.0,1.0,502(+2),[東] 加藤士津,202506040912
3,4,8,エンヤラヴフェイス,牡4,56.0,丹内祐次,1:11.2,1,20.0,10.0,506(-4),[西] 森田直行,202506040912
4,7,13,キタノソワレ,牝4,54.0,戸崎圭太,1:11.3,1/2,8.4,3.0,480(+6),[東] 本間忍,202506040912
5,2,3,ブレーザー,牡4,56.0,坂井瑠星,1:11.3,クビ,13.7,9.0,522(+4),[東] 伊坂重信,202506040912
6,3,5,コブラ,牡6,55.0,菊沢一樹,1:11.4,1/2,23.1,11.0,486(-2),[東] 菊沢隆徳,202506040912
7,8,16,アマルナ,牝5,53.0,松山弘平,1:11.5,3/4,9.6,4.0,476(+16),[西] 東田明士,202506040912
8,5,9,メイショウフジタカ,牡7,54.0,団野大成,1:11.5,アタマ,127.2,15.0,492(+2),[西] 飯田祐史,202506040912
9,7,14,カウスリップ,牝3,52.0,横山典弘,1:11.5,ハナ,4.8,2.0,536(-8),[東] 中舘英二,202506040912
10,6,11,ダルエスサラーム,牝5,51.0,荻野極,1:11.8,1.3/4,66.3,13.0,478(+10),[西] 秋山真一,202506040912
11,8,15,ホワイトガーベラ,牡6,54.0,大野拓弥,1:12.0,1.1/4,97.2,14.0,500(-8),[東] 千葉直人,202506040912
12,1,2,モンドプリューム,牡5,56.0,三浦皇成,1:12.0,アタマ,11.0,6.0,510(0),[東] 水野貴広,202506040912
13,2,4,エコロアレス,牡5,55.0,岩田望来,1:12.1,クビ,41.4,12.0,484(-2),[西] 森秀行,202506040912
14,4,7,ダルダヌス,牡6,54.0,佐々木大,1:12.1,クビ,131.1,16.0,552(-2),[東] 尾関知人,202506040912
15,6,12,スクーバー,牡5,54.0,石川裕紀,1:12.3,1.1/4,13.2,8.0,508(+10),[東] 武藤善則,202506040912
16,1,1,サザンエルフ,牝6,55.0,横山和生,1:12.9,3.1/2,12.7,7.0,484(+8),[東] 中川公成,202506040912
1,4,6,ビップムーラン,牝2,55.0,戸崎圭太,1:12.2,,1.7,1.0,460(0),[東] 田島俊明,202506050101
2,3,5,アンバサダネージュ,牡2,53.0,佐藤翔馬,1:12.3,1/2,9.0,4.0,498(+8),[東] 武藤善則,202506050101
3,7,13,コウユーニポポニコ,牝2,55.0,木幡初也,1:13.4,7,77.0,9.0,454(+10),[東] 竹内正洋,202506050101
4,5,8,リケアペンネ,牝2,55.0,野中悠太,1:13.5,クビ,333.8,13.0,444(+20),[東] 上原博之,202506050101
5,3,4,タイセイガナール,牡2,54.0,長浜鴻緒,1:13.9,2.1/2,14.4,6.0,476(+4),[東] 伊藤圭三,202506050101
6,7,12,エルドラド,牡2,56.0,原田和真,1:14.0,クビ,202.9,11.0,474(+6),[東] 蛯名利弘,202506050101
7,6,11,リバテイー,牝2,52.0,小林美駒,1:14.0,アタマ,21.8,7.0,446(-6),[東] 小笠倫弘,202506050101
8,4,7,リオンアンサー,牝2,55.0,柴田善臣,1:14.3,2,114.4,10.0,420(-6),[東] 佐藤吉勝,202506050101
9,8,14,ポセイドンテソーロ,牡2,56.0,木幡巧也,1:14.6,1.3/4,11.4,5.0,448(+8),[東] 牧光二,202506050101
10,2,3,ミラクルスパート,牝2,51.0,谷原柚希,1:15.1,3,71.1,8.0,432(-2),[東] 小野次郎,202506050101
11,5,9,アルバニクス,牝2,52.0,舟山瑠泉,1:15.3,1.1/4,585.3,15.0,462(0),[東] 田村康仁,202506050101
12,6,10,ルルマーレ,牝2,55.0,三浦皇成,1:15.5,1,6.5,3.0,482(+8),[東] 伊藤大士,202506050101
13,2,2,タマリスペクト,牡2,56.0,横山琉人,1:15.6,3/4,442.0,14.0,446(+10),[東] 相沢郁,202506050101
14,8,15,ミラビリオン,牡2,56.0,荻野極,1:16.0,2.1/2,6.1,2.0,488(-2),[東] 伊坂重信,202506050101
中,1,1,マリンディーゼル,牡2,56.0,嶋田純次,,,209.0,12.0,524(+6),[東] 南田美知,202506050101
1,5,6,ハニーオーケストラ,牝2,55.0,横山和生,1:56.4,,8.1,4.0,442(-4),[東] 稲垣幸雄,202506050102
2,6,9,フィクセルリリア,牝2,52.0,舟山瑠泉,1:56.5,クビ,8.0,3.0,440(-8),[東] 田中博康,202506050102
3,5,7,イサチルクイーン,牝2,55.0,木幡初也,1:56.6,1,20.8,7.0,462(+8),[東] 竹内正洋,202506050102
4,2,2,イデアクリスタル,牝2,52.0,石田拓郎,1:56.8,1.1/4,23.7,8.0,476(-4),[東] 小西一男,202506050102
5,8,12,ルージュアリスタ,牝2,55.0,マーカン,1:57.0,3/4,2.2,1.0,494(-2),[東] 宮田敬介,202506050102
6,8,13,リケアマカロニ,牝2,55.0,原田和真,1:57.7,4,9.6,6.0,468(-4),[東] 小野次郎,202506050102
7,4,5,タイセイルビー,牝2,55.0,荻野極,1:57.7,アタマ,8.4,5.0,462(+4),[東] 千葉直人,202506050102
8,1,1,リケアフェデリーニ,牝2,55.0,小林凌大,1:58.4,4,240.1,13.0,468(-6),[東] 蛯名利弘,202506050102
9,7,10,パルストリス,牝2,53.0,長浜鴻緒,1:58.5,1/2,135.8,10.0,424(+12),[東] 手塚貴久,202506050102
10,3,3,グラスベリー,牝2,55.0,木幡巧也,1:58.8,1.1/2,190.8,11.0,450(+2),[東] 佐藤吉勝,202506050102
11,6,8,フュルスティン,牝2,55.0,横山武史,1:59.2,2.1/2,5.5,2.0,470(+10),[東] 加藤士津,202506050102
12,7,11,ハウスオンファイア,牝2,55.0,丹内祐次,2:00.1,5,207.6,12.0,494(+6),[東] 岩戸孝樹,202506050102
13,4,4,フライスカイハイ,牝2,55.0,佐々木大,2:00.3,1.1/4,26.4,9.0,418(+4),[東] 菊川正達,202506050102
1,7,12,スミッコディスコ,牡2,56.0,横山和生,1:35.4,,5.9,2.0,448(-6),[東] 鈴木慎太,202506050103
2,3,4,ベアサナエチャン,牝2,55.0,横山武史,1:35.4,ハナ,6.0,4.0,438(-2),[東] 杉浦宏昭,202506050103
3,6,11,ミナヅキ,牡2,56.0,石橋脩,1:35.6,1,21.3,6.0,456(0),[東] 清水英克,202506050103
4,5,8,ニシノマーレ,牝2,55.0,津村明秀,1:35.6,クビ,6.0,3.0,408(+4),[東] 伊藤大士,202506050103
5,5,9,ツウキンカイソク,牡2,56.0,菅原明良,1:35.7,クビ,28.8,8.0,458(0),[東] 岩戸孝樹,202506050103
6,8,14,アクアマーズ,牡2,56.0,ルメール,1:35.7,アタマ,1.8,1.0,486(-4),[東] 浅利英明,202506050103
7,6,10,アースヴィンチ,牝2,55.0,佐々木大,1:35.7,クビ,25.8,7.0,452(+2),[東] 蛯名正義,202506050103
8,4,7,ガミーヌ,牝2,55.0,丹内祐次,1:35.9,1,68.7,9.0,440(-4),[東] 水野貴広,202506050103
9,2,2,エコロセレナ,牝2,55.0,鮫島克駿,1:36.1,1.1/4,18.5,5.0,470(0),[東] 斎藤誠,202506050103
10,7,13,イバラヒメ,牝2,52.0,石田拓郎,1:36.2,3/4,501.6,14.0,448(-8),[東] 新開幸一,202506050103
11,8,15,テンハートビート,牝2,52.0,遠藤汰月,1:36.3,クビ,246.1,11.0,450(-14),[東] 西田雄一,202506050103
12,2,3,ピコパープル,牝2,52.0,舟山瑠泉,1:36.3,クビ,370.7,12.0,414(-2),[東] 上原博之,202506050103
13,4,6,ミュークトーマス,牡2,54.0,長浜鴻緒,1:37.2,5,415.1,13.0,386(+16),[東] 粕谷昌央,202506050103
14,3,5,クロムハーツガール,牝2,52.0,佐藤翔馬,1:37.5,2,628.2,15.0,432(+8),[東] 伊藤圭三,202506050103
15,1,1,アージェンタイド,牡2,56.0,荻野極,1:37.8,1.3/4,219.0,10.0,434(+2),[東] 池上昌和,202506050103
1,2,3,ショウナンパトス,牡2,56.0,横山和生,1:54.6,,4.1,3.0,450(0),[東] 中舘英二,202506050104
2,5,9,カシマライフウ,牡2,56.0,松岡正海,1:54.9,1.3/4,14.7,5.0,468(-4),[東] 伊藤伸一,202506050104
3,4,8,サイモフェーン,牡2,56.0,戸崎圭太,1:54.9,アタマ,3.1,1.0,484(-8),[東] 高木登,202506050104
4,8,15,トルネードアイル,牡2,56.0,ルメール,1:54.9,ハナ,3.5,2.0,498(+10),[東] 鹿戸雄一,202506050104
5,8,16,オルブライト,牡2,56.0,木幡巧也,1:55.1,1.1/4,65.8,8.0,472(-6),[東] 杉浦宏昭,202506050104
6,3,5,キセログラフィカ,牡2,56.0,マーカン,1:55.8,4,4.7,4.0,510(+10),[東] 大和田成,202506050104
7,5,10,エマープ,牡2,56.0,内田博幸,1:56.1,1.1/2,72.7,9.0,484(-6),[東] 青木孝文,202506050104
8,1,2,ホウショウリュウ,牡2,56.0,杉原誠人,1:56.8,4,337.0,13.0,462(0),[東] 本間忍,202506050104
9,6,12,テンレディーゴー,牡2,56.0,佐々木大,1:56.9,1/2,35.6,7.0,476(-2),[東] 菊川正達,202506050104
10,6,11,モントーヤ,牡2,54.0,長浜鴻緒,1:57.1,1.1/2,112.3,11.0,482(+2),[東] 浅利英明,202506050104
11,3,6,フルールサシェ,牡2,56.0,津村明秀,1:57.1,クビ,120.7,12.0,470(+4),[東] 水野貴広,202506050104
12,4,7,ミラクルカイザー,牡2,56.0,丹内祐次,1:57.9,5,524.5,16.0,486(+2),[東] 武市康男,202506050104
13,7,14,ビップルーク,牡2,53.0,小林美駒,1:58.2,2,382.4,14.0,482(+2),[東] 嘉藤貴行,202506050104
14,1,1,イントゥゴールデン,牡2,53.0,遠藤汰月,1:58.4,1,507.6,15.0,474(+20),[東] 和田雄二,202506050104
15,7,13,メイクイット,牝2,55.0,菅原明良,1:59.2,5,93.2,10.0,516(+8),[東] 土田稔,202506050104
16,2,4,ミクニフラッシュ,牡2,56.0,荻野極,2:04.0,大,28.4,6.0,486(0),[東] 矢嶋大樹,202506050104
1,7,14,ゴディアーモ,牝2,55.0,ルメール,2:01.1,,2.0,1.0,426(0),[東] 森一誠,202506050105
2,5,10,イモータリス,牡2,56.0,石川裕紀,2:01.4,1.3/4,13.3,3.0,534(0),[東] 手塚貴久,202506050105
3,7,13,ベアドッキューン,牝2,55.0,松岡正海,2:01.5,1/2,90.5,13.0,452(0),[東] 千葉直人,202506050105
4,4,7,エースフライト,牡2,56.0,戸崎圭太,2:01.6,1,2.8,2.0,512(0),[西] 池江泰寿,202506050105
5,8,18,ドッグウッド,牡2,56.0,マーカン,2:01.8,1.1/2,91.7,14.0,458(0),[東] 斎藤誠,202506050105
6,3,6,ベストブラザーズ,牡2,56.0,津村明秀,2:02.3,2.1/2,15.8,4.0,498(0),[東] 辻哲英,202506050105
7,1,1,エコロゼット,牡2,56.0,菅原明良,2:02.4,3/4,78.8,11.0,438(0),[東] 岩戸孝樹,202506050105
8,2,3,ハイランドパレス,牡2,56.0,プーシャ,2:02.4,クビ,16.2,5.0,538(0),[東] 鹿戸雄一,202506050105
9,6,12,レッドリアライズ,牡2,56.0,佐々木大,2:02.5,1/2,21.5,6.0,408(0),[東] 黒岩陽一,202506050105
10,8,17,キリスパークル,牝2,55.0,北村宏司,2:02.7,1,372.0,18.0,438(0),[東] 勢司和浩,202506050105
11,2,4,マイネルエトルタ,牡2,56.0,石橋脩,2:02.9,1.1/4,106.1,15.0,438(0),[東] 和田正一,202506050105
12,1,2,ボールドフロント,牡2,56.0,丹内祐次,2:03.0,クビ,66.4,10.0,442(0),[東] 尾形和幸,202506050105
13,8,16,アルティーノ,牡2,53.0,石田拓郎,2:03.4,2.1/2,361.7,17.0,472(0),[東] 伊坂重信,202506050105
14,6,11,ニシノカーロ,牡2,56.0,野中悠太,2:03.5,1,88.4,12.0,476(0),[東] 上原博之,202506050105
15,5,9,スカイプレリュード,牡2,56.0,横山琉人,2:03.8,2,51.1,8.0,480(0),[東] 大竹正博,202506050105
16,4,8,ソーシャルコード,牝2,55.0,柴田大知,2:04.1,1.1/2,348.9,16.0,442(0),[東] 萱野浩二,202506050105
17,3,5,レフィノス,牡2,56.0,横山武史,2:05.1,6,27.0,7.0,528(0),[東] 和田勇介,202506050105
中,7,15,マイネルラズライト,牡2,56.0,木幡巧也,,,52.6,9.0,414(0),[東] 奥村武,202506050105
1,3,5,トワイライトサイト,牡2,56.0,横山和生,1:13.1,,3.8,1.0,424(0),[東] 嘉藤貴行,202506050106
2,7,13,ナックスプレンダー,牡2,56.0,吉田豊,1:13.5,2,15.7,8.0,506(0),[東] 小野次郎,202506050106
3,6,11,ミツカネメルクリオ,牡2,56.0,丹内祐次,1:13.7,1.1/2,4.5,2.0,444(0),[東] 清水英克,202506050106
4,1,2,イルダメリーノ,牡2,56.0,松若風馬,1:13.8,1/2,7.4,4.0,460(0),[西] 前川恭子,202506050106
5,6,12,ティーエンティー,牡2,56.0,佐々木大,1:13.8,クビ,13.5,7.0,490(0),[東] 久保田貴,202506050106
6,2,4,ツクバアヴァロン,牡2,56.0,小林脩斗,1:13.9,1/2,9.9,6.0,474(0),[東] 奥平雅士,202506050106
7,5,9,タマモシルエット,牝2,55.0,横山武史,1:14.2,1.3/4,9.0,5.0,468(0),[東] 伊藤圭三,202506050106
8,4,7,メイショウオタモイ,牝2,52.0,遠藤汰月,1:14.4,1,42.7,9.0,440(0),[東] 高柳瑞樹,202506050106
9,4,8,ナムラハンナ,牝2,55.0,柴田大知,1:14.6,1.1/4,246.3,15.0,444(0),[東] 石栗龍彦,202506050106
10,7,14,ライヴマティーニ,牝2,52.0,小林美駒,1:14.6,ハナ,5.6,3.0,464(0),[東] 尾形和幸,202506050106
11,3,6,スケダチムヨウ,牡2,56.0,野中悠太,1:15.5,5,91.6,14.0,452(0),[東] 根本康広,202506050106
12,2,3,ヴァルク,牡2,54.0,長浜鴻緒,1:15.7,3/4,66.4,13.0,476(0),[東] 武市康男,202506050106
13,5,10,グレイトエイト,牡2,53.0,石田拓郎,1:16.7,6,62.5,12.0,502(0),[東] 国枝栄,202506050106
14,8,15,エイチエヌライ,牡2,56.0,菅原隆一,1:17.0,1.1/2,294.8,16.0,424(0),[東] 天間昭一,202506050106
15,1,1,ゴーゴーマンゴー,牝2,52.0,舟山瑠泉,1:18.6,10,58.7,11.0,408(0),[東] 田村康仁,202506050106
16,8,16,ニシノバリキング,牡2,56.0,内田博幸,1:22.5,大,45.1,10.0,512(0),[東] 小手川準,202506050106
1,5,9,タイセイピューマ,牡4,55.0,石田拓郎,1:11.2,,15.2,5.0,492(-2),[東] 新開幸一,202506050107
2,3,5,ピコテンダー,牝3,54.0,津村明秀,1:11.2,クビ,1.5,1.0,486(-2),[東] 上原佑紀,202506050107
3,3,6,ラヴァグロウ,牝5,56.0,佐々木大,1:11.9,4,14.9,4.0,458(+4),[東] 畠山吉宏,202506050107
4,2,3,パシーヴ,牡3,57.0,鮫島克駿,1:12.1,1.1/2,7.7,3.0,480(+14),[東] 上原博之,202506050107
5,6,11,ブエナディオサ,牝6,56.0,柴田善臣,1:12.3,1.1/2,44.8,9.0,470(+2),[東] 奥平雅士,202506050107
6,8,15,アイスブレイカー,牡4,58.0,嶋田純次,1:12.4,クビ,37.6,8.0,492(-8),[東] 伊坂重信,202506050107
7,6,12,ベニシア,牝4,56.0,柴田大知,1:12.4,アタマ,103.6,11.0,444(+4),[東] 粕谷昌央,202506050107
8,2,4,アカツキロットリー,牡5,58.0,野中悠太,1:12.7,1.3/4,365.7,14.0,496(+6),[東] 根本康広,202506050107
9,4,7,カップッチョ,牡8,58.0,内田博幸,1:12.7,アタマ,176.7,12.0,506(+16),[東] 南田美知,202506050107
10,7,14,フォクシー,牝4,56.0,小林凌大,1:12.8,1/2,419.9,15.0,416(+12),[東] 石栗龍彦,202506050107
11,4,8,カガバベル,牡3,55.0,長浜鴻緒,1:13.0,1.1/4,56.4,10.0,520(+16),[東] 萱野浩二,202506050107
12,5,10,ブルーリヴァーサル,牡5,58.0,的場勇人,1:13.2,1.1/4,580.6,16.0,454(+8),[東] 的場均,202506050107
13,8,16,エポカスピーガ,牝3,55.0,松岡正海,1:13.5,1.1/2,19.6,6.0,490(0),[東] 田中剛,202506050107
14,7,13,ハジメテノチュウ,牡6,58.0,小林脩斗,1:13.5,ハナ,249.9,13.0,544(+30),[東] 南田美知,202506050107
15,1,2,グッドヴァイブス,牡4,58.0,三浦皇成,1:14.0,2.1/2,6.2,2.0,490(+8),[東] 高柳瑞樹,202506050107
16,1,1,オメガストリーム,牝3,55.0,木幡巧也,1:14.0,クビ,23.1,7.0,462(+6),[東] 土田稔,202506050107
1,4,4,ピーターサイト,牡5,60.0,上野翔,4:02.3,,17.9,6.0,480(-2),[東] 村田一誠,202506050108
2,5,6,ヘザルフェン,牡4,60.0,森一馬,4:02.5,1.1/2,1.9,1.0,504(-12),[西] 昆貢,202506050108
3,1,1,ホウオウエクレール,牡8,60.0,小牧加矢,4:02.6,クビ,9.5,5.0,516(-6),[西] 宮徹,202506050108
4,6,7,タイキフロリゼル,牡7,60.0,坂口智康,4:02.6,クビ,46.0,10.0,476(+2),[西] 谷潔,202506050108
5,7,10,クラップサンダー,牡6,60.0,黒岩悠,4:03.2,3.1/2,35.5,8.0,460(-2),[西] 牧田和弥,202506050108
6,5,5,フォージドブリック,牡4,60.0,大江原圭,4:03.3,クビ,5.2,2.0,550(0),[東] 西田雄一,202506050108
7,8,11,アルデドゥオーモ,牡4,60.0,伴啓太,4:04.0,4,44.4,9.0,496(-2),[東] 矢野英一,202506050108
8,2,2,タマモエース,牡6,60.0,小野寺祐,4:04.1,3/4,9.3,4.0,492(+4),[西] 宮地貴稔,202506050108
9,7,9,ヴィンテージボンド,牡6,60.0,難波剛健,4:04.1,クビ,6.9,3.0,488(-4),[西] 西園正都,202506050108
10,8,12,ブラビオ,牡7,60.0,井上敏樹,4:07.2,大,106.0,12.0,474(0),[西] 緒方努,202506050108
11,3,3,ゴールドブリーズ,牡7,60.0,石神深一,4:09.2,大,48.3,11.0,512(-2),[東] 深山雅史,202506050108
中,6,8,フームスムート,牡8,60.0,五十嵐雄,,,28.6,7.0,544(+16),[東] 水野貴広,202506050108
1,7,9,サノノグレーター,牡2,56.0,横山武史,1:58.2,,6.9,4.0,468(+4),[東] 尾形和幸,202506050109
2,5,5,ポルフュロゲネトス,牡2,56.0,戸崎圭太,1:58.7,3,4.0,2.0,526(+4),[東] 矢嶋大樹,202506050109
3,2,2,オブラプリーマ,牝2,55.0,石橋脩,1:58.9,1.1/4,21.9,7.0,428(+12),[東] 上原佑紀,202506050109
4,8,10,ブラックハヤテ,牡2,56.0,プーシャ,1:58.9,クビ,20.1,6.0,440(+6),[東] 蛯名利弘,202506050109
5,6,7,ヴァロンブローサ,牡2,56.0,マーカン,1:58.9,アタマ,17.3,5.0,458(-4),[西] 池添学,202506050109
6,6,6,ジャスティンシカゴ,牡2,56.0,北村宏司,1:59.0,3/4,44.4,9.0,490(+6),[東] 宮田敬介,202506050109
7,3,3,ステラスペース,牡2,56.0,木幡巧也,1:59.1,クビ,32.6,8.0,486(+4),[東] 武藤善則,202506050109
8,7,8,ザーフィル,牡2,56.0,ルメール,1:59.1,ハナ,2.5,1.0,544(-4),[東] 林徹,202506050109
9,4,4,マイネルマスター,牡2,56.0,丹内祐次,1:59.3,1.1/2,49.6,10.0,438(+6),[東] 青木孝文,202506050109
10,8,11,モリインビクタス,牡2,56.0,小林脩斗,2:01.7,大,512.5,11.0,476(-6),[東] 伊藤伸一,202506050109
中,1,1,アメテュストス,牡2,56.0,横山和生,,,4.2,3.0,448(+8),[東] 加藤士津,202506050109
1,3,3,ブルータス,牡3,57.0,横山武史,1:53.2,,2.8,1.0,462(+4),[東] 高柳瑞樹,202506050110
2,4,4,プルナチャンドラ,牡4,58.0,横山和生,1:53.3,1/2,4.6,3.0,506(+4),[東] 小野次郎,202506050110
3,5,6,オールマキシマム,牝5,56.0,荻野極,1:53.4,1/2,25.0,8.0,456(+6),[東] 奥平雅士,202506050110
4,7,10,レイバックスピン,牝3,55.0,マーカン,1:53.4,ハナ,4.2,2.0,484(-2),[西] 牧浦充徳,202506050110
5,5,5,シンボリノエル,牝4,56.0,吉田豊,1:53.6,1.1/4,19.9,7.0,512(+8),[東] 土田稔,202506050110
6,1,1,ホレーショ,牡4,58.0,北村宏司,1:53.6,クビ,11.6,5.0,534(+4),[東] 西田雄一,202506050110
7,8,11,ライフゲート,セ3,57.0,丹内祐次,1:53.7,1/2,7.7,4.0,514(+8),[東] 伊藤圭三,202506050110
8,2,2,シゲルカミカゼ,牡5,58.0,杉原誠人,1:53.8,1/2,37.6,9.0,520(+4),[東] 松山将樹,202506050110
9,8,12,アイファーグローブ,牡6,58.0,野中悠太,1:54.8,6,57.8,10.0,472(+6),[東] 蛯名利弘,202506050110
10,6,7,マンダリンボレロ,牡5,58.0,松岡正海,1:54.9,1,13.7,6.0,514(+12),[東] 伊藤伸一,202506050110
11,6,8,ショウナンカブト,セ5,58.0,柴田善臣,1:55.5,3.1/2,100.1,11.0,538(+8),[東] 戸田博文,202506050110
12,7,9,サイモンソーラン,牡6,58.0,石橋脩,1:56.3,5,125.4,12.0,492(+2),[東] 勢司和浩,202506050110
1,3,3,ホーエリート,牝4,55.0,戸崎圭太,3:47.2,,4.4,2.0,476(-6),[東] 田島俊明,202506050111
2,3,4,マイネルカンパーナ,牡5,57.0,津村明秀,3:47.3,3/4,11.6,5.0,414(+2),[東] 青木孝文,202506050111
3,5,7,クロミナンス,牡8,57.0,ルメール,3:47.3,ハナ,3.5,1.0,494(0),[東] 尾関知人,202506050111
4,5,8,ブレイヴロッカー,セ5,57.0,荻野極,3:47.3,クビ,18.3,9.0,456(+2),[西] 本田優,202506050111
5,7,12,ワープスピード,牡6,57.0,菅原明良,3:47.5,3/4,18.0,8.0,504(+6),[東] 高木登,202506050111
6,1,1,ヴェルテンベルク,牡5,57.0,松若風馬,3:47.5,クビ,11.9,7.0,482(-4),[西] 宮本博,202506050111
7,8,14,チャックネイト,セ7,57.0,佐々木大,3:47.6,クビ,7.6,4.0,500(+16),[東] 堀宣行,202506050111
8,7,11,ヴェルミセル,牝5,55.0,鮫島克駿,3:47.6,ハナ,7.1,3.0,466(-2),[西] 吉村圭司,202506050111
9,6,9,シルブロン,牡7,57.0,マーカン,3:47.7,1/2,18.6,10.0,504(+8),[東] 稲垣幸雄,202506050111
10,2,2,メイショウブレゲ,牡6,57.0,石橋脩,3:48.1,2.1/2,68.0,12.0,470(0),[西] 本田優,202506050111
11,6,10,ラスカンブレス,牡4,57.0,プーシャ,3:48.1,クビ,11.6,6.0,494(+6),[東] 林徹,202506050111
12,4,6,ミクソロジー,セ6,57.0,石川裕紀,3:48.3,1,78.1,13.0,430(-4),[西] 辻野泰之,202506050111
13,8,13,ワイズゴールド,牝5,55.0,菅原隆一,3:48.8,3,342.3,14.0,428(-2),[東] 蛯名利弘,202506050111
14,4,5,ピュアキアン,牡4,57.0,吉田豊,3:50.9,大,40.9,11.0,520(+2),[東] 竹内正洋,202506050111
1,1,2,アンドアイラヴハー,牝4,56.0,杉原誠人,1:07.5,,7.4,5.0,498(+10),[東] 田村康仁,202506050112
2,2,3,ヴァンヴィーヴ,牡4,58.0,マーカン,1:07.6,1/2,4.2,2.0,512(+2),[西] 牧浦充徳,202506050112
3,3,5,エリカカリーナ,牝4,56.0,北村宏司,1:07.7,3/4,6.5,4.0,424(-4),[東] 宮田敬介,202506050112
4,3,6,トーセントラム,牡5,58.0,原田和真,1:07.7,クビ,165.0,11.0,452(+10),[東] 佐藤吉勝,202506050112
5,5,9,ミニョンマルーン,牝3,51.0,谷原柚希,1:07.8,クビ,10.9,6.0,476(+4),[東] 伊藤圭三,202506050112
6,6,11,マリノトニトゥルス,牝3,55.0,石橋脩,1:07.8,クビ,28.2,7.0,476(+6),[東] 武市康男,202506050112
7,2,4,ライクアフラワー,牡5,58.0,石神深一,1:07.8,ハナ,30.7,8.0,516(+8),[東] 松永康利,202506050112
8,4,7,ジャガード,牡7,58.0,吉田豊,1:08.0,1,198.0,12.0,430(0),[東] 和田雄二,202506050112
9,8,15,モーデン,牡7,58.0,荻野琢真,1:08.1,1/2,36.3,9.0,494(+6),[西] 加藤公太,202506050112
10,7,13,ボンヌソワレ,牝3,55.0,津村明秀,1:08.1,クビ,4.4,3.0,456(+10),[東] 宮田敬介,202506050112
11,1,1,ファビュラススター,牡4,58.0,横山和生,1:08.2,1,3.4,1.0,508(+6),[東] 萩原清,202506050112
12,7,14,クインズスピカ,牝4,53.0,遠藤汰月,1:08.5,1.3/4,73.9,10.0,476(0),[東] 村田一誠,202506050112
13,5,10,ライブリームーラン,牝5,53.0,石田拓郎,1:09.0,3,250.2,13.0,534(+8),[東] 田中勝春,202506050112
取,6,12,ラトルシェ,牝3,55.0,三浦皇成,,,---,,計不,[東] 菊川正達,202506050112
取,8,16,ソルレース,牝4,53.0,舟山瑠泉,,,---,,計不,[東] 田中博康,202506050112
除,4,8,トウカイエルデ,牡4,58.0,菅原明良,,,---,,454(+4),[西] 茶木太樹,202506050112
1,8,15,ドナソール,牝2,55.0,荻野極,1:12.9,,11.8,4.0,470(+2),[東] 畠山吉宏,202506050201
2,1,1,トコシエノヒトミ,牝2,53.0,長浜鴻緒,1:13.1,1.1/4,28.6,6.0,412(+4),[東] 小笠倫弘,202506050201
3,4,7,フェスティヴハート,牝2,55.0,柴田大知,1:13.3,1.1/4,30.1,7.0,496(-4),[東] 畠山吉宏,202506050201
4,6,11,サトノエスケープ,牡2,56.0,横山武史,1:13.4,3/4,3.6,2.0,482(+8),[東] 久保田貴,202506050201
5,3,6,トモジャオーリー,牝2,55.0,津村明秀,1:13.5,クビ,2.1,1.0,438(-2),[東] 鈴木伸尋,202506050201
6,7,14,オテモヤン,牝2,52.0,遠藤汰月,1:13.6,3/4,12.1,5.0,458(-2),[東] 本間忍,202506050201
7,5,10,タイキプレジール,牡2,56.0,石橋脩,1:13.9,1.3/4,5.7,3.0,494(0),[東] 矢野英一,202506050201
8,2,4,イーガービーバー,牡2,53.0,石神深道,1:13.9,ハナ,41.8,9.0,470(+8),[東] 和田正一,202506050201
9,2,3,ベアフォースワン,牡2,56.0,木幡巧也,1:14.2,1.3/4,163.0,13.0,450(-4),[東] 杉浦宏昭,202506050201
10,1,2,ベンガルボダイジュ,牡2,53.0,佐藤翔馬,1:14.4,1.1/4,490.2,15.0,432(-4),[東] 杉浦宏昭,202506050201
11,7,13,タイセイギガース,牡2,56.0,丹内祐次,1:14.5,1/2,360.8,14.0,502(0),[東] 伊藤圭三,202506050201
12,3,5,ヘヴンリースカイ,牝2,55.0,木幡初也,1:14.9,2.1/2,33.5,8.0,496(+10),[東] 竹内正洋,202506050201
13,5,9,オリエンタルガール,牝2,55.0,横山琉人,1:15.0,1/2,67.6,11.0,402(+2),[東] 相沢郁,202506050201
14,8,16,ニシノガランテ,牝2,52.0,上里直汰,1:16.0,6,133.5,12.0,454(+4),[東] 牧光二,202506050201
15,6,12,ヴェリタスポルタ,牡2,53.0,舟山瑠泉,1:18.4,大,48.4,10.0,502(+2),[東] 菊川正達,202506050201
16,4,8,フクシマグランツ,牝2,55.0,木幡育也,1:19.5,7,715.6,16.0,378(-8),[東] 松永康利,202506050201
1,7,14,テルケンレンスキー,牡2,56.0,木幡初也,1:48.9,,5.2,3.0,480(-2),[東] 竹内正洋,202506050202
2,8,16,クールフィデル,牡2,56.0,横山和生,1:48.9,アタマ,6.6,5.0,476(0),[東] 和田勇介,202506050202
3,2,4,ベルランコントル,牝2,55.0,丹内祐次,1:48.9,クビ,6.3,4.0,460(0),[東] 伊藤大士,202506050202
4,4,8,ワインダークシー,牡2,56.0,横山武史,1:49.1,1,5.1,2.0,430(+2),[東] 中舘英二,202506050202
5,4,7,ダイユウアレグロ,牡2,56.0,内田博幸,1:49.1,ハナ,38.0,8.0,526(-2),[東] 松永康利,202506050202
6,1,1,ボニープリンス,牡2,56.0,マーカン,1:49.2,クビ,3.1,1.0,460(+6),[東] 大竹正博,202506050202
7,6,11,アルケミラモリス,牝2,55.0,吉田豊,1:49.4,1.1/2,265.2,13.0,466(-2),[東] 粕谷昌央,202506050202
8,1,2,マイネルヴェーゼン,牡2,56.0,石川裕紀,1:49.4,アタマ,8.6,6.0,452(+2),[東] 相沢郁,202506050202
9,5,9,セイントクーヤ,牡2,56.0,菅原明良,1:49.8,2,65.1,10.0,492(0),[東] 黒岩陽一,202506050202
10,3,6,フラクタル,牝2,55.0,木幡巧也,1:50.3,3,211.8,12.0,458(+4),[東] 牧光二,202506050202
11,5,10,ブレイズランナー,牡2,56.0,荻野極,1:50.5,1.1/4,23.0,7.0,474(-6),[東] 蛯名正義,202506050202
12,8,15,コスモグロボーサ,牡2,56.0,柴田大知,1:50.6,1/2,643.1,16.0,518(+16),[東] 天間昭一,202506050202
13,2,3,イアム,牝2,52.0,上里直汰,1:50.8,1.1/2,623.5,15.0,396(-14),[東] 加藤和宏,202506050202
14,3,5,ノーブルスアーク,牝2,52.0,小林美駒,1:50.8,ハナ,51.7,9.0,434(+6),[東] 尾形和幸,202506050202
15,6,12,アズサ,牝2,52.0,石神深道,1:51.0,1,485.1,14.0,470(-10),[東] 和田正一,202506050202
16,7,13,ヒコボシ,牡2,56.0,杉原誠人,1:51.1,1/2,164.3,11.0,406(0),[東] 田村康仁,202506050202
1,8,12,ユアフェリシティ,牡2,56.0,原田和真,1:55.7,,4.1,2.0,480(0),[東] 千葉直人,202506050203
2,1,1,カフェラジェム,牡2,56.0,横山和生,1:56.2,3.1/2,3.0,1.0,518(0),[東] 柄崎将寿,202506050203
3,4,5,ジュワネング,牝2,55.0,荻野極,1:56.9,4,8.0,4.0,472(0),[東] 栗田徹,202506050203
4,5,6,プリンセスダーコ,牝2,53.0,長浜鴻緒,1:57.2,1.3/4,37.1,10.0,478(0),[東] 清水英克,202506050203
5,3,3,サウジバラード,牡2,56.0,丸山元気,1:57.9,4,40.3,11.0,468(0),[東] 加藤征弘,202506050203
6,4,4,コパノミラノ,牡2,56.0,柴田大知,1:57.9,アタマ,14.9,7.0,496(0),[東] 上原博之,202506050203
7,8,13,エラルディーク,牝2,55.0,丹内祐次,1:58.1,1,7.0,3.0,478(0),[東] 宮田敬介,202506050203
8,2,2,タニセンローマ,牡2,56.0,マーカン,1:58.7,4,15.7,8.0,458(0),[東] 斎藤誠,202506050203
9,6,8,バッハ,牡2,56.0,横山武史,1:59.0,1.1/2,8.8,5.0,466(0),[東] 中舘英二,202506050203
10,6,9,ダイユウサルターレ,牡2,56.0,菊沢一樹,1:59.0,ハナ,24.3,9.0,510(0),[東] 松永康利,202506050203
11,5,7,メイプルインパクト,牡2,56.0,丸田恭介,1:59.1,クビ,181.3,13.0,544(0),[東] 南田美知,202506050203
12,7,10,アメリカンサクラ,牡2,56.0,菅原明良,2:01.6,大,14.8,6.0,558(0),[西] 矢作芳人,202506050203
13,7,11,ビップブレット,牡2,56.0,内田博幸,2:02.1,3.1/2,176.9,12.0,492(0),[東] 田島俊明,202506050203
1,3,3,テーオーリカード,セ5,60.0,小野寺祐,3:20.3,,1.8,1.0,486(-2),[西] 高柳大輔,202506050204
2,5,5,アスクオンディープ,セ6,60.0,小牧加矢,3:20.9,3.1/2,3.5,2.0,492(+2),[西] 前川恭子,202506050204
3,2,2,トーアマリシテン,セ4,60.0,石神深一,3:21.1,1.1/4,15.3,5.0,456(+8),[東] 小島茂之,202506050204
4,6,6,サトノトルネード,牡5,60.0,上野翔,3:21.6,3,8.8,4.0,524(-8),[東] 国枝栄,202506050204
5,8,10,ディベルティスマン,牡3,58.0,伴啓太,3:21.7,1/2,21.1,6.0,516(0),[東] 菊沢隆徳,202506050204
6,6,7,ナックエルドラド,牡3,58.0,江田勇亮,3:22.2,3,293.7,11.0,504(+10),[東] 小野次郎,202506050204
7,4,4,シュハリ,牡5,60.0,大江原圭,3:22.2,アタマ,46.8,7.0,466(+8),[東] 粕谷昌央,202506050204
8,7,9,ゴールデンルーキー,牡4,60.0,草野太郎,3:22.9,4,6.8,3.0,482(+4),[東] 粕谷昌央,202506050204
9,8,11,コパノヴィンセント,牡3,58.0,難波剛健,3:24.0,7,131.0,9.0,564(+10),[東] 上原博之,202506050204
10,7,8,スラーヴァ,牡4,57.0,坂口智康,3:24.3,1.3/4,104.2,8.0,498(+14),[東] 高橋文雅,202506050204
11,1,1,ヒロノビックバン,牡3,56.0,土田真翔,3:24.7,2.1/2,229.4,10.0,428(0),[東] 蛯名利弘,202506050204
1,5,10,サムハラ,牡2,53.0,石田拓郎,1:09.4,,5.9,3.0,448(0),[東] 新開幸一,202506050205
2,3,6,キッショウダラニ,牡2,56.0,木幡巧也,1:09.6,1.1/4,17.4,8.0,436(0),[東] 牧光二,202506050205
3,4,8,リナシタ,牝2,55.0,丹内祐次,1:09.7,3/4,5.0,2.0,442(0),[東] 清水英克,202506050205
4,6,12,ニシノセイドウ,牡2,56.0,津村明秀,1:09.9,1,14.9,6.0,450(0),[東] 伊藤大士,202506050205
5,7,13,アンジェラス,牝2,55.0,横山和生,1:10.3,2.1/2,2.7,1.0,438(0),[東] 上原佑紀,202506050205
6,7,14,ミヤカグラ,牝2,55.0,菊沢一樹,1:10.5,1.1/4,164.4,14.0,412(0),[東] 田村康仁,202506050205
7,8,16,ミルトハーバー,牡2,56.0,横山琉人,1:10.5,クビ,21.1,9.0,448(0),[東] 鈴木慎太,202506050205
8,5,9,モンロワイヤル,牡2,56.0,マーカン,1:10.6,クビ,9.5,5.0,464(0),[西] 牧浦充徳,202506050205
9,4,7,アクシズ,牡2,53.0,小林美駒,1:10.8,1.1/2,57.0,10.0,434(0),[東] 尾形和幸,202506050205
10,1,1,ピュール,牡2,54.0,長浜鴻緒,1:10.9,クビ,16.2,7.0,400(0),[東] 久保田貴,202506050205
11,2,4,ヘヴンズドライブ,牝2,52.0,石神深道,1:10.9,クビ,102.6,13.0,420(0),[東] 和田勇介,202506050205
12,3,5,ベアハンドキャッチ,牡2,56.0,丸田恭介,1:11.3,2.1/2,80.7,12.0,492(0),[東] 池上昌和,202506050205
13,8,15,ノーブルブロウ,牝2,55.0,菅原明良,1:11.7,2.1/2,75.7,11.0,448(0),[東] 中川公成,202506050205
14,1,2,ルプルミエラムール,牝2,55.0,荻野極,1:12.1,2.1/2,8.7,4.0,454(0),[東] 加藤征弘,202506050205
15,6,11,クォーツテソーロ,牝2,52.0,舟山瑠泉,1:12.7,3.1/2,200.2,15.0,422(0),[東] 奥平雅士,202506050205
16,2,3,イッテルビウム,牡2,56.0,小林凌大,1:12.8,3/4,313.1,16.0,472(0),[東] 土田稔,202506050205
1,2,2,ルクスレイモンド,牡2,56.0,荻野極,1:11.9,,2.5,2.0,486(-2),[東] 上原佑紀,202506050206
2,5,5,ランスオブキング,牡2,56.0,石橋脩,1:12.1,1.1/2,9.1,4.0,476(+8),[西] 本田優,202506050206
3,3,3,クイーンレグナント,牝2,52.0,舟山瑠泉,1:12.4,1.1/2,3.9,3.0,440(0),[東] 嘉藤貴行,202506050206
4,1,1,カリヨンアヴォン,牝2,55.0,マーカン,1:12.9,3,2.1,1.0,440(0),[東] 勢司和浩,202506050206
5,4,4,ジャメビュ,牝2,52.0,遠藤汰月,1:13.0,3/4,76.8,5.0,426(-4),[東] 佐藤吉勝,202506050206
6,6,6,イッツソーブライト,牡2,56.0,嶋田純次,1:15.3,大,120.0,6.0,548(-6),[東] 南田美知,202506050206
1,1,1,ミクニインスパイア,牡3,56.0,丹内祐次,2:30.5,,2.9,2.0,508(0),[東] 林徹,202506050207
2,7,8,フィーリウス,牡3,56.0,マーカン,2:30.9,2.1/2,2.8,1.0,510(+8),[東] 手塚貴久,202506050207
3,8,10,オールマイデイズ,牡5,58.0,荻野極,2:31.6,4,34.3,7.0,502(0),[東] 矢嶋大樹,202506050207
4,6,7,ソワドリヨン,牝5,53.0,舟山瑠泉,2:31.6,クビ,79.4,9.0,484(+4),[東] 古賀慎明,202506050207
5,7,9,エコロレイズ,牡4,58.0,菅原明良,2:31.7,クビ,11.9,5.0,504(-2),[東] 岩戸孝樹,202506050207
6,4,4,プルミエソルティ,牡3,56.0,横山武史,2:31.9,1.1/4,5.8,4.0,484(0),[東] 斎藤誠,202506050207
7,6,6,ハイラント,牡4,58.0,北村宏司,2:32.2,1.3/4,110.0,10.0,454(+4),[東] 伊藤大士,202506050207
8,2,2,ヴァイザーバルコ,セ5,58.0,丸田恭介,2:32.2,クビ,15.0,6.0,476(+8),[東] 水野貴広,202506050207
9,8,11,キャネル,牡4,58.0,内田博幸,2:32.5,1.3/4,204.9,11.0,500(0),[東] 手塚貴久,202506050207
10,3,3,バーケンヘッド,牡3,53.0,石神深道,2:32.5,アタマ,61.0,8.0,428(+8),[東] 武井亮,202506050207
11,5,5,サトノソティラス,牡3,56.0,丸山元気,2:32.9,2,5.6,3.0,492(-2),[西] 池江泰寿,202506050207
1,7,13,アシャカトベ,牡3,57.0,横山武史,1:11.0,,2.7,1.0,532(+8),[東] 小笠倫弘,202506050208
2,8,16,ジャスパーソレイユ,牡3,57.0,丸山元気,1:11.2,1.1/4,5.3,3.0,476(+2),[西] 森秀行,202506050208
3,1,2,テセラリアン,牝4,56.0,菅原明良,1:11.2,ハナ,9.8,5.0,438(-4),[東] 鈴木慎太,202506050208
4,7,14,ロサンゼルス,牡4,58.0,丹内祐次,1:11.2,クビ,7.7,4.0,530(+2),[東] 伊藤圭三,202506050208
5,2,4,ショウナンハクウン,牡5,58.0,荻野極,1:11.5,1.1/2,5.1,2.0,506(+2),[東] 大竹正博,202506050208
6,8,15,ピコアーガイル,牡4,58.0,北村宏司,1:11.6,1/2,9.9,6.0,488(+6),[東] 伊藤大士,202506050208
7,6,12,ヴィクトリーロード,牡5,58.0,菊沢一樹,1:11.6,アタマ,137.9,14.0,486(0),[東] 畠山吉宏,202506050208
8,3,5,ズバットマサムネ,セ4,58.0,荻野琢真,1:11.7,3/4,12.9,7.0,484(-10),[西] 杉山佳明,202506050208
9,1,1,ウォルラス,牡5,58.0,江田照男,1:11.7,クビ,180.1,16.0,506(0),[東] 中川公成,202506050208
10,3,6,デビッドテソーロ,牡4,58.0,柴田大知,1:11.8,クビ,110.0,11.0,470(0),[東] 田中剛,202506050208
11,4,8,バロン,牝4,54.0,長浜鴻緒,1:11.8,クビ,56.4,8.0,494(+14),[東] 手塚貴久,202506050208
12,2,3,ネイリッカ,牝6,53.0,石田拓郎,1:12.6,5,123.3,13.0,472(-5),[東] 和田勇介,202506050208
13,6,11,タリエシン,セ5,55.0,石神深道,1:12.7,クビ,144.2,15.0,442(0),[東] 金成貴史,202506050208
14,5,9,ホワイトターフ,牝6,53.0,上里直汰,1:13.2,3,59.0,9.0,468(0),[東] 清水英克,202506050208
15,4,7,レッドバレンティア,牡5,55.0,舟山瑠泉,1:13.9,4,116.0,12.0,468(+4),[東] 矢嶋大樹,202506050208
16,5,10,ヴェナートル,牡3,57.0,武藤雅,1:14.4,3,104.2,10.0,508(+14),[東] 武藤善則,202506050208
1,7,9,シンバーシア,牝4,56.0,マーカン,1:07.2,,10.7,5.0,460(+10),[東] 萩原清,202506050209
2,4,4,ソーダーンライト,牝3,55.0,横山武史,1:07.3,クビ,2.2,1.0,460(+4),[東] 鹿戸雄一,202506050209
3,8,11,トーセンエスクード,牡5,58.0,菊沢一樹,1:07.3,クビ,10.6,4.0,456(+10),[東] 菊沢隆徳,202506050209
4,1,1,レオテミス,牝4,56.0,津村明秀,1:07.4,1/2,5.2,3.0,500(0),[西] 高柳大輔,202506050209
5,5,6,ルーフ,牝5,56.0,石橋脩,1:07.5,1/2,25.2,9.0,504(-2),[西] 清水久詞,202506050209
6,6,7,ハートホイップ,牝6,56.0,横山琉人,1:07.6,1/2,114.6,11.0,490(-2),[東] 蛯名利弘,202506050209
7,3,3,パクスロマーナ,牝5,56.0,杉原誠人,1:07.8,1.1/2,12.6,6.0,444(-4),[西] 加藤公太,202506050209
8,8,12,モジャーリオ,牡3,57.0,横山和生,1:07.9,3/4,4.9,2.0,466(+4),[東] 斎藤誠,202506050209
9,5,5,トーラスシャイン,牡4,58.0,丹内祐次,1:08.1,1,21.1,7.0,478(+2),[西] 田中克典,202506050209
10,2,2,ヴィントミューレ,セ7,58.0,北村宏司,1:08.1,アタマ,251.4,12.0,428(-6),[東] 木村哲也,202506050209
11,6,8,スコーピオン,牡4,58.0,武藤雅,1:08.1,ハナ,71.0,10.0,490(+4),[東] 武藤善則,202506050209
12,7,10,スピードオブライト,牝5,56.0,石川裕紀,1:08.6,3,25.1,8.0,414(-12),[東] 相沢郁,202506050209
1,3,5,クラウンシエンタ,牡4,56.0,丹内祐次,1:52.3,,2.5,1.0,502(+4),[東] 水野貴広,202506050210
2,3,6,ウィステリアリヴァ,牡5,55.0,石橋脩,1:52.5,1.1/4,8.3,3.0,502(-2),[東] 小野次郎,202506050210
3,2,3,チュウワクリスエス,牡3,55.0,原田和真,1:52.7,1.1/4,14.5,7.0,494(0),[東] 栗田徹,202506050210
4,5,10,イージーオンミー,牝5,53.0,木幡巧也,1:52.9,1,12.9,5.0,444(+2),[東] 中舘英二,202506050210
5,8,16,サンセットブライト,牝4,52.0,横山琉人,1:53.1,1.1/2,21.4,9.0,494(0),[東] 相沢郁,202506050210
6,8,15,ビップスコーピオン,牡5,56.0,松岡正海,1:53.2,1/2,86.8,14.0,460(0),[東] 田島俊明,202506050210
7,4,8,オレデイイノカ,牡7,54.0,内田博幸,1:53.3,クビ,64.8,13.0,510(-2),[東] 古賀慎明,202506050210
8,7,14,ファリーザ,牝3,54.0,津村明秀,1:53.5,1.1/4,4.6,2.0,436(-4),[東] 千葉直人,202506050210
9,6,12,グレイテストソング,牡3,55.0,菊沢一樹,1:53.6,クビ,13.4,6.0,440(+4),[東] 小笠倫弘,202506050210
10,1,1,ゴールドアローン,牝4,54.0,横山武史,1:53.7,3/4,15.4,8.0,472(0),[東] 青木孝文,202506050210
11,2,4,プレイサーゴールド,牡5,55.0,荻野極,1:53.8,クビ,37.4,10.0,500(+8),[西] 今野貞一,202506050210
12,7,13,メイプルタピット,牡4,56.0,丸田恭介,1:54.0,1.1/2,40.2,11.0,518(+12),[東] 南田美知,202506050210
13,1,2,スペイドアン,牡4,55.0,マーカン,1:54.5,3,12.5,4.0,518(+14),[東] 加藤士津,202506050210
14,4,7,アームブランシュ,牡5,53.0,吉田豊,1:55.1,3.1/2,278.8,16.0,462(-4),[東] 竹内正洋,202506050210
15,5,9,オペラプラージュ,牡4,54.0,丸山元気,1:59.1,大,43.5,12.0,512(+2),[西] 新谷功一,202506050210
16,6,11,トーアアイギス,牝4,51.0,江田照男,2:00.6,9,221.9,15.0,498(+14),[東] 村田一誠,202506050210
1,4,8,ロードフォアエース,牡4,57.0,マーカン,1:07.1,,4.2,3.0,554(+10),[西] 友道康夫,202506050211
2,5,10,カルロヴェローチェ,セ5,58.0,丸山元気,1:07.6,3,11.7,4.0,502(0),[西] 須貝尚介,202506050211
3,2,4,ルージュラナキラ,牝3,54.0,横山和生,1:07.6,クビ,3.1,1.0,458(0),[東] 加藤征弘,202506050211
4,2,3,エコロレジーナ,牝5,55.0,菊沢一樹,1:07.7,1,20.1,7.0,506(-4),[東] 菊沢隆徳,202506050211
5,8,15,カルプスペルシュ,牝3,54.0,横山武史,1:07.7,ハナ,4.0,2.0,466(-14),[西] 石坂公一,202506050211
6,6,11,ウインモナーク,牡6,57.0,松岡正海,1:07.8,1/2,35.7,8.0,504(+10),[東] 奥平雅士,202506050211
7,7,13,ティニア,牡5,57.0,荻野極,1:07.8,アタマ,12.8,5.0,504(0),[西] 池江泰寿,202506050211
8,5,9,ハクサンバード,牡5,57.0,石川裕紀,1:07.9,1/2,157.6,15.0,486(+2),[西] 高橋一哉,202506050211
9,8,16,ジョーメッドヴィン,牡4,57.0,北村宏司,1:08.0,クビ,36.9,10.0,520(+10),[西] 清水久詞,202506050211
10,4,7,ムイ,牝3,54.0,木幡巧也,1:08.0,クビ,40.1,11.0,464(-14),[西] 笹田和秀,202506050211
11,3,6,マイネルレノン,牡6,57.0,菅原明良,1:08.0,ハナ,63.3,14.0,472(-18),[西] 宮徹,202506050211
12,6,12,アルセナール,牝4,55.0,杉原誠人,1:08.0,アタマ,43.6,12.0,462(0),[東] 木村哲也,202506050211
13,1,1,フィオライア,牝4,56.0,石橋脩,1:08.1,1/2,15.3,6.0,472(+8),[西] 西園正都,202506050211
14,7,14,ブトンドール,牝5,55.0,横山琉人,1:08.2,3/4,169.7,16.0,514(-2),[西] 池添学,202506050211
15,1,2,サフランヒーロー,牡4,57.0,丸田恭介,1:08.5,1.3/4,58.8,13.0,462(+2),[東] 森一誠,202506050211
16,3,5,コラソンビート,牝4,56.0,丹内祐次,1:08.6,3/4,36.1,9.0,472(+8),[東] 加藤士津,202506050211
1,1,1,リザードアイランド,牡3,57.0,横山和生,1:52.7,,1.6,1.0,490(+4),[東] 田村康仁,202506050212
2,7,14,バタール,牡3,57.0,丹内祐次,1:53.0,1.1/2,5.1,2.0,556(+18),[東] 鹿戸雄一,202506050212
3,8,15,ニシノブレイゼスト,牡3,57.0,菅原明良,1:53.8,5,13.8,5.0,504(+8),[東] 高木登,202506050212
4,1,2,ランスノーブル,牝5,54.0,長浜鴻緒,1:53.8,ハナ,29.5,8.0,474(0),[東] 上原博之,202506050212
5,4,7,タキノボリ,牡3,57.0,マーカン,1:54.4,3.1/2,17.3,6.0,470(+8),[東] 勢司和浩,202506050212
6,4,8,プロスペクトパーク,牡3,57.0,荻野極,1:54.4,アタマ,12.3,3.0,498(-4),[東] 高柳瑞樹,202506050212
7,8,16,ローズマイスター,牡3,54.0,小林美駒,1:54.5,1/2,13.7,4.0,506(-6),[東] 黒岩陽一,202506050212
8,2,4,マリンバンカー,牡4,58.0,岩部純二,1:54.7,1.1/4,69.0,10.0,504(+2),[東] 南田美知,202506050212
9,3,6,ネオシルバー,牡4,55.0,石田拓郎,1:54.7,クビ,88.7,11.0,514(+8),[東] 小西一男,202506050212
10,3,5,ブリスフル,牡4,58.0,丸田恭介,1:54.9,3/4,390.1,16.0,504(+6),[東] 武市康男,202506050212
11,6,11,ミスティマウンテン,牡3,57.0,横山武史,1:55.0,1/2,22.9,7.0,454(+8),[東] 池上昌和,202506050212
12,5,9,リボルトバレット,牡4,55.0,遠藤汰月,1:55.0,クビ,103.2,12.0,492(-8),[東] 伊藤伸一,202506050212
13,5,10,リーゼントジェイド,セ4,58.0,松岡正海,1:55.0,ハナ,373.9,15.0,492(0),[東] 矢嶋大樹,202506050212
14,2,3,ヴィーデ,セ3,57.0,菊沢一樹,1:55.3,1.3/4,126.5,14.0,474(+2),[東] 戸田博文,202506050212
15,6,12,スマートクオーレ,牡3,57.0,木幡初也,1:55.4,1/2,103.6,13.0,502(+6),[東] 粕谷昌央,202506050212
16,7,13,アバレリュウ,牡3,57.0,野中悠太,1:55.5,クビ,36.8,9.0,506(+16),[東] 鈴木慎太,202506050212
1,1,1,ベアアッコチャン,牝2,55.0,木幡巧也,1:13.5,,14.4,7.0,478(+2),[東] 杉浦宏昭,202506050301
2,8,13,マメーアップル,牝2,52.0,小林美駒,1:13.7,1.1/2,9.9,6.0,428(-6),[東] 岩戸孝樹,202506050301
3,4,6,フローライト,牝2,55.0,横山武史,1:14.3,3.1/2,5.2,4.0,424(-6),[東] 池上昌和,202506050301
4,7,12,クールフィールド,牝2,55.0,石橋脩,1:14.3,クビ,91.4,8.0,440(0),[東] 矢野英一,202506050301
5,4,5,アクロスメモリア,牝2,55.0,戸崎圭太,1:14.4,3/4,4.2,2.0,476(-4),[東] 田島俊明,202506050301
6,5,7,ヘヴンズドライブ,牝2,52.0,石田拓郎,1:14.5,クビ,129.7,9.0,420(0),[東] 和田勇介,202506050301
7,3,4,ミュージックレイン,牝2,55.0,江田照男,1:14.6,1/2,9.0,5.0,452(0),[東] 村田一誠,202506050301
8,8,14,ジーティージェミル,牝2,52.0,遠藤汰月,1:14.6,アタマ,4.5,3.0,440(-2),[東] 伊藤伸一,202506050301
9,2,2,ソチミルコ,牝2,55.0,マーカン,1:14.9,1.1/2,3.6,1.0,442(-6),[東] 宮田敬介,202506050301
10,3,3,ブルーアンバー,牝2,55.0,小林脩斗,1:15.2,2,180.8,12.0,410(-2),[東] 高橋文雅,202506050301
11,6,10,スウィートラキ,牝2,53.0,長浜鴻緒,1:15.3,クビ,131.7,10.0,434(-14),[東] 堀内岳志,202506050301
12,5,8,ジェンダウィナー,牝2,55.0,原優介,1:15.4,1/2,172.0,11.0,472(+4),[東] 青木孝文,202506050301
13,7,11,ソワンドヴィクター,牝2,55.0,菊沢一樹,1:17.3,大,237.5,13.0,410(-2),[東] 石栗龍彦,202506050301
14,6,9,フクシマエクラ,牝2,52.0,佐藤翔馬,1:17.7,2.1/2,303.9,14.0,358(-4),[東] 的場均,202506050301
1,5,10,イッテラッシャイ,牡2,56.0,戸崎圭太,1:55.5,,2.8,1.0,490(+6),[東] 斎藤誠,202506050302
2,3,5,ゴーフォアブローク,牡2,54.0,長浜鴻緒,1:56.4,5,11.6,5.0,530(-2),[東] 手塚貴久,202506050302
3,7,13,ウインビギニング,牡2,56.0,マーカン,1:56.4,ハナ,3.8,3.0,502(-4),[東] 上原博之,202506050302
4,6,11,ガーディアンテイル,牡2,56.0,内田博幸,1:56.9,3,9.1,4.0,506(+6),[東] 小手川準,202506050302
5,2,3,ユニゾン,牡2,56.0,横山武史,1:57.0,1/2,3.2,2.0,452(+4),[東] 菊川正達,202506050302
6,4,7,ツイスティドシルク,牡2,56.0,津村明秀,1:57.6,3.1/2,50.6,8.0,488(+6),[東] 武藤善則,202506050302
7,8,16,クリュメノス,牡2,53.0,石田拓郎,1:57.8,1,346.0,15.0,472(-2),[東] 小西一男,202506050302
8,8,15,キタノマテンロウ,牝2,55.0,木幡巧也,1:57.9,1/2,164.7,12.0,454(+2),[東] 萱野浩二,202506050302
9,7,14,セイウォリアー,牡2,53.0,舟山瑠泉,1:59.1,7,41.3,7.0,458(+8),[東] 古賀慎明,202506050302
10,2,4,イチザペガサス,牡2,56.0,的場勇人,2:00.2,7,328.3,14.0,464(+16),[東] 的場均,202506050302
11,1,2,オセアフェアモント,牡2,56.0,佐々木大,2:00.3,クビ,24.5,6.0,470(+4),[東] 菊川正達,202506050302
12,4,8,ヴレクール,牡2,56.0,菊沢一樹,2:01.1,5,118.5,11.0,464(-2),[東] 武市康男,202506050302
13,6,12,カレックス,牡2,56.0,原田和真,2:02.5,8,66.4,10.0,512(+16),[東] 佐藤吉勝,202506050302
14,3,6,ハナムラサキ,牝2,55.0,柴田大知,2:02.9,2.1/2,687.4,16.0,460(0),[東] 和田雄二,202506050302
15,1,1,ニシノオトムスメ,牝2,52.0,水沼元輝,2:03.2,1.1/2,276.0,13.0,450(-6),[東] 西田雄一,202506050302
16,5,9,ケイツークルサード,牡2,53.0,小林美駒,2:13.3,大,64.7,9.0,524(0),[東] 鈴木伸尋,202506050302
1,2,4,バルボアパーク,牝2,55.0,プーシャ,1:33.8,,2.8,2.0,494(+2),[東] 田中博康,202506050303
2,5,10,シャルムグリーン,牡2,56.0,津村明秀,1:34.0,1.1/2,11.6,4.0,486(+8),[東] 相沢郁,202506050303
3,4,8,ラプランセス,牝2,55.0,横山武史,1:34.2,1.1/4,23.6,6.0,466(+10),[東] 斎藤誠,202506050303
4,3,5,ダノンプレサージュ,牝2,55.0,佐々木大,1:34.3,クビ,2.2,1.0,486(0),[東] 大竹正博,202506050303
5,5,9,アドマイヤウルトラ,牡2,56.0,マーカン,1:34.8,3,6.6,3.0,502(0),[東] 宮田敬介,202506050303
6,6,12,クシマトゥルー,牝2,53.0,長浜鴻緒,1:34.8,アタマ,93.3,10.0,418(-4),[東] 矢嶋大樹,202506050303
7,2,3,ミアエッテ,牡2,56.0,横山琉人,1:34.8,クビ,24.2,7.0,474(-2),[東] 田中剛,202506050303
8,7,14,ヘイマー,牡2,56.0,菊沢一樹,1:35.0,1.1/4,518.2,14.0,506(-2),[東] 伊藤伸一,202506050303
9,8,15,ショウナンタヅナ,牡2,56.0,荻野極,1:35.1,3/4,185.8,12.0,468(+10),[東] 武市康男,202506050303
10,1,1,ライヴマルガリータ,牝2,55.0,木幡巧也,1:35.3,1.1/4,128.4,11.0,470(+18),[東] 牧光二,202506050303
11,3,6,ロット,牝2,55.0,内田博幸,1:35.4,1/2,78.3,9.0,422(-2),[東] 本間忍,202506050303
12,1,2,ヴェントベローチェ,牡2,56.0,北村宏司,1:35.6,1.1/4,60.1,8.0,464(0),[東] 勢司和浩,202506050303
13,7,13,リッチリーエコー,牝2,55.0,柴田大知,1:35.8,1,900.4,16.0,402(-2),[東] 上原博之,202506050303
14,6,11,アジャイブ,牝2,52.0,石田拓郎,1:35.8,ハナ,455.7,13.0,460(-16),[東] 小笠倫弘,202506050303
15,8,16,ロジクリスエス,牡2,56.0,戸崎圭太,1:36.3,3,11.8,5.0,496(0),[東] 国枝栄,202506050303
16,4,7,エイチエヌライ,牡2,56.0,菅原隆一,1:39.1,大,882.6,15.0,422(-2),[東] 天間昭一,202506050303
1,1,1,ガンダ,牡2,56.0,横山武史,1:56.1,,3.7,2.0,490(0),[東] 斎藤誠,202506050304
2,4,8,ビービーアジャイル,牡2,56.0,原優介,1:56.4,1.3/4,10.6,5.0,494(+8),[東] 中舘英二,202506050304
3,6,12,タイセツナヒ,牡2,56.0,マーカン,1:57.0,3.1/2,11.0,6.0,478(+26),[東] 杉浦宏昭,202506050304
4,4,7,アオイミズホ,牡2,56.0,戸崎圭太,1:57.1,クビ,2.5,1.0,522(-2),[東] 古賀慎明,202506050304
5,3,6,モロノヴィクトリー,牡2,56.0,佐々木大,1:57.2,1,9.7,4.0,494(0),[東] 菊川正達,202506050304
6,5,9,メディチパワー,牡2,56.0,木幡巧也,1:57.3,クビ,6.7,3.0,474(-2),[東] 中川公成,202506050304
7,2,3,シンエンドーツダ,牡2,56.0,菊沢一樹,1:57.4,1/2,45.8,9.0,468(+8),[東] 萱野浩二,202506050304
8,7,14,アミナス,牡2,56.0,荻野極,1:57.5,1/2,13.9,7.0,524(0),[東] 田中勝春,202506050304
9,1,2,タイガーゲイト,牡2,53.0,舟山瑠泉,1:58.6,7,174.2,11.0,476(+2),[東] 大和田成,202506050304
10,3,5,マクシーン,牝2,55.0,横山琉人,1:58.6,アタマ,29.5,8.0,466(+6),[東] 稲垣幸雄,202506050304
11,5,10,カミノテイオー,牡2,56.0,小林脩斗,1:58.6,ハナ,606.0,14.0,476(+10),[東] 奥平雅士,202506050304
12,8,16,サンタピア,牡2,56.0,柴田大知,1:58.8,1,68.1,10.0,456(-2),[東] 松山将樹,202506050304
13,8,15,フォールティア,牡2,56.0,原田和真,2:00.4,10,691.5,16.0,500(0),[東] 小野次郎,202506050304
14,2,4,ハルシャダ,牝2,53.0,長浜鴻緒,2:01.4,6,518.8,12.0,492(0),[東] 本間忍,202506050304
15,6,11,アタックエース,牡2,53.0,石田拓郎,2:01.6,1,586.9,13.0,472(-2),[東] 蛯名利弘,202506050304
16,7,13,ソークール,牡2,56.0,石川裕紀,2:01.8,1.1/2,673.4,15.0,480(+4),[東] 佐藤吉勝,202506050304
1,6,8,ベンヴェヌータ,牝2,55.0,石橋脩,1:48.5,,17.0,5.0,462(0),[東] 辻哲英,202506050305
2,1,1,ブラッキッシュ,牡2,56.0,戸崎圭太,1:48.9,2,1.9,1.0,432(0),[東] 木村哲也,202506050305
3,3,3,セツナサ,牡2,56.0,マーカン,1:49.0,3/4,2.9,2.0,466(0),[東] 武井亮,202506050305
4,4,5,タイセイスタナー,牝2,55.0,津村明秀,1:49.0,クビ,56.6,9.0,474(0),[東] 池上昌和,202506050305
5,4,4,セットエトワール,牝2,55.0,荻野極,1:49.2,1.1/4,15.2,4.0,476(0),[東] 鹿戸雄一,202506050305
6,8,13,サクセスブルー,牡2,56.0,横山武史,1:49.3,クビ,23.1,6.0,416(0),[東] 斎藤誠,202506050305
7,7,11,カタフラクト,牡2,56.0,石川裕紀,1:49.4,1,60.5,10.0,482(0),[東] 加藤士津,202506050305
8,8,12,レーザーキック,牝2,52.0,小林美駒,1:49.4,ハナ,123.0,13.0,384(0),[東] 竹内正洋,202506050305
9,5,7,ホープフルワールド,牡2,56.0,佐々木大,1:49.9,3,49.2,8.0,450(0),[東] 伊藤大士,202506050305
10,6,9,アグアフレスカ,牝2,55.0,北村宏司,1:49.9,クビ,36.4,7.0,504(0),[東] 国枝栄,202506050305
11,7,10,ビップマリク,セ2,56.0,江田照男,1:50.6,4,7.9,3.0,476(0),[東] 高柳瑞樹,202506050305
12,5,6,ウインアイルグロウ,牡2,56.0,松岡正海,1:51.0,2.1/2,76.0,11.0,448(0),[東] 堀内岳志,202506050305
13,2,2,ウインデイブレイク,牡2,56.0,菊沢一樹,1:51.0,クビ,98.6,12.0,516(0),[東] 青木孝文,202506050305
1,5,9,タイセイエムロード,牡2,53.0,石田拓郎,1:56.3,,205.7,15.0,452(0),[東] 新開幸一,202506050306
2,7,13,アラビアンドリーム,牡2,56.0,マーカン,1:56.6,2,3.5,1.0,504(0),[東] 栗田徹,202506050306
3,4,6,スティールヴォーグ,牡2,56.0,内田博幸,1:58.2,10,15.3,7.0,454(0),[東] 田村康仁,202506050306
4,1,1,ポイズンオーク,牝2,55.0,プーシャ,1:58.5,2,5.3,3.0,536(0),[東] 浅利英明,202506050306
5,7,12,グスタフ,牡2,56.0,横山典弘,1:58.6,1/2,7.5,4.0,488(0),[東] 大和田成,202506050306
6,8,15,チームユートピア,牝2,55.0,佐々木大,1:58.8,1,22.3,8.0,466(0),[東] 中舘英二,202506050306
7,6,10,サクラドール,牡2,56.0,戸崎圭太,1:59.1,1.1/2,10.9,6.0,504(0),[東] 田島俊明,202506050306
8,4,7,ゴールドソシアル,牝2,55.0,武藤雅,2:00.8,10,185.3,14.0,468(0),[東] 武藤善則,202506050306
9,6,11,インスウィング,セ2,56.0,原優介,2:01.0,3/4,146.9,13.0,504(0),[東] 青木孝文,202506050306
10,2,3,ホウオウファラオ,牡2,56.0,石川裕紀,2:01.0,アタマ,8.4,5.0,478(0),[東] 奥村武,202506050306
11,2,2,アンタレス,牡2,56.0,高田潤,2:02.9,大,28.3,9.0,496(0),[西] 藤野健太,202506050306
12,3,5,フォルマシオン,牝2,55.0,横山武史,2:03.0,クビ,4.4,2.0,514(0),[東] 菊沢隆徳,202506050306
13,8,14,シルバークラフト,牝2,55.0,石橋脩,2:03.3,2,35.5,10.0,506(0),[東] 牧光二,202506050306
14,3,4,ノーブルウェザー,牡2,53.0,舟山瑠泉,2:04.2,5,113.4,12.0,490(0),[東] 鈴木伸尋,202506050306
15,5,8,モズオージー,牡2,54.0,長浜鴻緒,2:04.2,ハナ,57.7,11.0,560(0),[西] 清水久詞,202506050306
1,4,8,レイユール,牝3,53.0,長浜鴻緒,1:12.3,,13.7,7.0,420(+10),[東] 手塚貴久,202506050307
2,3,6,エフエイト,牡4,58.0,横山武史,1:12.6,1.1/2,11.2,6.0,448(0),[東] 小野次郎,202506050307
3,8,16,ヘルヴェティオス,牡3,57.0,マーカン,1:12.6,クビ,5.2,3.0,452(+8),[東] 金成貴史,202506050307
4,5,9,トルズイーガー,牡5,58.0,プーシャ,1:12.7,クビ,95.3,12.0,522(+6),[東] 伊藤圭三,202506050307
5,7,13,パレスドフィーヌ,牝4,56.0,津村明秀,1:12.8,3/4,10.4,5.0,496(+4),[東] 鈴木慎太,202506050307
6,2,4,マオノクラッシュ,牝3,55.0,原優介,1:12.8,アタマ,2.9,1.0,496(+8),[東] 黒岩陽一,202506050307
7,6,11,カフェベラノッテ,牡6,58.0,横山典弘,1:12.9,1/2,61.6,10.0,480(+10),[東] 柄崎将寿,202506050307
8,1,2,シャドウキャッスル,牡3,57.0,戸崎圭太,1:13.1,3/4,9.6,4.0,460(-6),[東] 田中勝春,202506050307
9,3,5,フェスタリア,牡3,57.0,荻野極,1:13.1,ハナ,3.8,2.0,454(+2),[東] 矢野英一,202506050307
10,6,12,ブリックンクリック,セ3,57.0,内田博幸,1:13.2,1/2,41.3,8.0,466(-2),[東] 中舘英二,202506050307
11,2,3,カツノテンス,牡5,55.0,遠藤汰月,1:13.3,1/2,282.5,16.0,456(+4),[東] 伊藤伸一,202506050307
12,5,10,ジェイエルトランス,牝5,53.0,小林美駒,1:13.3,クビ,256.1,15.0,426(-2),[東] 小西一男,202506050307
13,4,7,ナインオブレター,牡3,57.0,菊沢一樹,1:13.5,1.1/2,44.6,9.0,474(+22),[東] 佐藤吉勝,202506050307
14,8,15,ツィスカリーゼ,牡5,58.0,的場勇人,1:13.8,1.3/4,185.3,14.0,464(0),[東] 的場均,202506050307
15,1,1,キングプロフィット,牡4,55.0,石田拓郎,1:14.4,3.1/2,178.5,13.0,502(+24),[東] 新開幸一,202506050307
16,7,14,ナムラトロム,牡3,54.0,水沼元輝,1:14.7,2,92.2,11.0,468(+2),[東] 石栗龍彦,202506050307
1,7,12,ミライヘノカギ,牡3,57.0,戸崎圭太,1:54.3,,3.3,2.0,534(+6),[東] 上原佑紀,202506050308
2,8,14,パイシャオピン,牝3,55.0,横山武史,1:54.3,ハナ,20.5,6.0,458(-8),[東] 鈴木伸尋,202506050308
3,1,1,メリークリスマス,牡3,57.0,菊沢一樹,1:54.5,1.1/4,2.5,1.0,502(+6),[東] 小手川準,202506050308
4,6,10,コスモオピニオン,牡5,58.0,マーカン,1:54.7,1,131.6,13.0,518(+12),[東] 黒岩陽一,202506050308
5,5,8,プチブール,牝4,53.0,石田拓郎,1:54.7,ハナ,25.9,7.0,448(0),[東] 小西一男,202506050308
6,5,9,ピコシー,牡3,57.0,内田博幸,1:54.8,1/2,87.2,11.0,472(0),[東] 奥村武,202506050308
7,4,7,シグムンド,牡4,58.0,原優介,1:54.9,クビ,33.7,9.0,508(+4),[東] 岩戸孝樹,202506050308
8,2,3,ロゼル,牡5,56.0,長浜鴻緒,1:55.4,3.1/2,96.2,12.0,490(+2),[東] 大和田成,202506050308
9,6,11,タカサンフェイス,牡5,55.0,小林美駒,1:55.5,1/2,74.2,10.0,480(+4),[西] 森田直行,202506050308
10,4,6,スマートカイロス,牡3,57.0,プーシャ,1:55.7,1,9.6,5.0,510(-8),[西] 矢作芳人,202506050308
11,7,13,ゲンパチルーナ,牝3,55.0,横山琉人,1:55.8,クビ,27.1,8.0,436(-4),[東] 西田雄一,202506050308
12,3,4,オセアバトルプラン,牡5,58.0,佐々木大,1:55.8,クビ,234.0,15.0,490(+10),[東] 菊川正達,202506050308
13,8,15,ロングウェイホーム,牡3,57.0,荻野極,1:55.9,クビ,7.7,3.0,528(+4),[東] 伊坂重信,202506050308
14,2,2,マンノステータス,牡5,58.0,吉田豊,1:56.4,3,137.2,14.0,534(0),[東] 小野次郎,202506050308
中,3,5,エクリプスルバン,セ4,55.0,舟山瑠泉,,,8.3,4.0,452(+16),[東] 田中博康,202506050308
1,1,1,マーブルパレス,牝2,55.0,石橋脩,1:08.2,,10.5,6.0,418(0),[西] 西園正都,202506050309
2,4,5,ロンドンオービタル,牝2,55.0,横山武史,1:08.6,2.1/2,6.8,4.0,442(+2),[東] 岩戸孝樹,202506050309
3,2,2,ハイヤーマーク,牡2,56.0,マーカン,1:08.6,アタマ,4.8,1.0,466(0),[東] 手塚貴久,202506050309
4,3,3,プリティーミズホ,牝2,55.0,荻野極,1:08.7,クビ,17.0,9.0,460(-2),[東] 菊川正達,202506050309
5,5,6,レオアジャイル,牝2,55.0,横山典弘,1:08.8,1/2,5.5,2.0,472(-6),[東] 杉浦宏昭,202506050309
6,7,11,コパノトーマス,牡2,56.0,原優介,1:08.8,クビ,15.1,8.0,478(+2),[東] 青木孝文,202506050309
7,4,4,コックオーヴァン,牝2,55.0,松岡正海,1:08.9,クビ,37.2,12.0,454(-10),[東] 伊藤伸一,202506050309
8,7,10,クリエープキー,牝2,55.0,木幡巧也,1:08.9,クビ,9.4,5.0,444(-4),[東] 牧光二,202506050309
9,5,7,ディヴァインスカイ,牡2,56.0,吉田豊,1:09.0,クビ,11.7,7.0,478(-2),[東] 田島俊明,202506050309
10,6,9,ヤマメライズ,牡2,56.0,戸崎圭太,1:09.1,3/4,5.7,3.0,428(+8),[東] 田島俊明,202506050309
11,8,13,ラテラルパーム,牡2,56.0,佐々木大,1:09.2,1/2,20.0,10.0,464(+6),[東] 栗田徹,202506050309
12,6,8,リネンタイリン,牡2,56.0,柴田大知,1:09.3,1,58.3,13.0,474(+2),[東] 南田美知,202506050309
13,8,12,マイオウンウェイ,牡2,56.0,プーシャ,1:09.5,1.1/2,26.3,11.0,448(+6),[西] 高野友和,202506050309
1,4,7,モンドプリューム,牡5,56.0,横山典弘,1:10.9,,20.3,8.0,510(0),[東] 水野貴広,202506050310
2,5,8,ゲキザル,牡6,55.0,小林脩斗,1:11.0,1,19.8,7.0,484(0),[東] 青木孝文,202506050310
3,4,6,ジェネラーレ,牡4,56.0,木幡巧也,1:11.1,クビ,10.7,4.0,492(+2),[西] 野中賢二,202506050310
4,6,11,ブレーザー,牡4,56.0,荻野極,1:11.1,クビ,4.5,2.0,528(+6),[東] 伊坂重信,202506050310
5,6,10,サザンエルフ,牝6,54.0,津村明秀,1:11.2,1/2,12.1,5.0,494(+10),[東] 中川公成,202506050310
6,7,12,エンヤラヴフェイス,牡4,56.0,横山琉人,1:11.2,ハナ,7.9,3.0,514(0),[西] 森田直行,202506050310
7,7,13,メイショウフジタカ,牡7,54.0,松岡正海,1:11.3,1/2,86.7,12.0,496(+4),[西] 飯田祐史,202506050310
8,5,9,ワンダラー,牡3,56.0,内田博幸,1:11.4,1/2,2.3,1.0,530(+4),[東] 黒岩陽一,202506050310
9,8,15,エレガントムーン,牝5,53.0,原優介,1:11.4,ハナ,16.7,6.0,458(+10),[西] 牧浦充徳,202506050310
10,2,2,ビルカール,牡5,54.0,石川裕紀,1:11.5,クビ,44.2,11.0,472(+10),[東] 水野貴広,202506050310
11,2,3,キュムロンニンバス,牡7,53.0,菊沢一樹,1:11.8,1.3/4,127.1,14.0,510(+2),[東] 南田美知,202506050310
12,3,4,アイファースキャン,牡5,52.0,長浜鴻緒,1:11.8,クビ,209.1,15.0,502(+6),[東] 根本康広,202506050310
13,3,5,シャカシャカシー,牡4,55.0,舟山瑠泉,1:11.9,クビ,22.7,10.0,532(+8),[西] 茶木太樹,202506050310
14,8,14,ランドオブラヴ,牝5,52.0,吉田豊,1:13.2,8,102.5,13.0,434(-4),[東] 蛯名正義,202506050310
15,1,1,エコロエイト,牡4,55.0,佐々木大,1:14.0,5,21.8,9.0,514(+6),[東] 田村康仁,202506050310
1,6,11,マイネルオーシャン,牡4,58.0,佐々木大,1:47.3,,29.0,11.0,480(+4),[東] 鹿戸雄一,202506050311
2,4,8,ショウナンラピダス,牡4,58.0,荻野極,1:47.4,3/4,8.3,4.0,502(+12),[東] 国枝栄,202506050311
3,2,3,グーテンベルク,牡3,57.0,戸崎圭太,1:47.5,1/2,3.2,1.0,484(+12),[東] 金成貴史,202506050311
4,4,7,ユキノロイヤル,牡4,58.0,石橋脩,1:47.5,ハナ,10.3,5.0,452(-4),[東] 小野次郎,202506050311
5,3,6,アマイ,牝5,56.0,原優介,1:47.7,1,15.0,8.0,472(+4),[東] 伊藤大士,202506050311
6,1,2,カヨウネンカ,牝6,56.0,長浜鴻緒,1:47.8,1/2,198.0,15.0,470(-2),[東] 斎藤誠,202506050311
7,2,4,ワイドアラジン,牡5,58.0,マーカン,1:47.8,アタマ,5.2,2.0,488(+4),[西] 奥村豊,202506050311
8,5,10,フクノブルーレイク,牡3,57.0,横山武史,1:47.8,クビ,7.2,3.0,456(-2),[東] 竹内正洋,202506050311
9,8,16,マイネルニコラス,牡6,58.0,柴田大知,1:47.8,アタマ,144.7,14.0,510(-6),[東] 畠山吉宏,202506050311
10,1,1,ドラゴンヘッド,牡5,58.0,横山琉人,1:47.9,アタマ,92.2,13.0,450(0),[東] 武藤善則,202506050311
11,7,13,ピンクジン,牝5,56.0,内田博幸,1:47.9,クビ,77.7,12.0,454(+6),[東] 南田美知,202506050311
12,3,5,ライトバック,牝4,56.0,横山典弘,1:48.0,3/4,10.8,6.0,490(+6),[西] 安田翔伍,202506050311
13,6,12,トラマンダーレ,セ5,58.0,北村宏司,1:48.0,アタマ,19.7,9.0,516(+2),[東] 鹿戸雄一,202506050311
14,5,9,ディープリッチ,牡7,58.0,武藤雅,1:48.2,1.1/4,280.6,16.0,536(+8),[東] 小島茂之,202506050311
15,8,15,マイネルブリックス,牡4,58.0,松岡正海,1:48.9,4,21.2,10.0,478(+4),[東] 黒岩陽一,202506050311
16,7,14,バロネッサ,牝4,56.0,プーシャ,1:49.5,3.1/2,14.7,7.0,516(+10),[東] 田中博康,202506050311
1,6,9,シュヴァルボヌール,牝3,55.0,プーシャ,1:11.2,,1.7,1.0,486(+2),[東] 加藤征弘,202506050312
2,5,6,モリノセピア,牡4,55.0,小林美駒,1:11.8,3.1/2,7.3,3.0,498(+8),[東] 鈴木伸尋,202506050312
3,5,7,ケープアグラス,牝4,56.0,伊藤工真,1:11.9,1/2,125.3,10.0,474(+12),[東] 金成貴史,202506050312
4,8,13,ジーベック,牡4,58.0,マーカン,1:12.0,1/2,7.6,4.0,462(0),[西] 矢作芳人,202506050312
5,4,4,ラストシャリナ,牡3,57.0,石川裕紀,1:12.0,クビ,35.3,8.0,492(+2),[東] 矢嶋大樹,202506050312
6,7,11,キョウエイカンフ,牡5,58.0,戸崎圭太,1:12.1,1/2,4.8,2.0,528(+8),[東] 勢司和浩,202506050312
7,8,12,カイザーブリッツ,セ5,54.0,谷原柚希,1:12.2,1,131.8,11.0,486(+4),[東] 伊藤圭三,202506050312
8,1,1,ベルブリエ,牝4,56.0,佐々木大,1:12.3,アタマ,72.1,9.0,470(+10),[東] 尾関知人,202506050312
9,4,5,フェデルミエール,牝3,52.0,石田拓郎,1:12.5,1.1/4,26.0,7.0,494(+4),[東] 中川公成,202506050312
10,3,3,アベベ,牡4,56.0,長浜鴻緒,1:12.7,1.1/4,208.2,12.0,484(+12),[東] 根本康広,202506050312
11,6,8,リリージェーン,牝5,56.0,原優介,1:12.7,クビ,25.8,6.0,446(+4),[東] 小手川準,202506050312
12,7,10,アルデショワ,牝3,55.0,武藤雅,1:13.0,1.1/2,16.6,5.0,444(0),[東] 田中博康,202506050312
13,2,2,ヴェラリーシャ,牝4,53.0,佐藤翔馬,1:13.2,1.1/4,293.9,13.0,484(-4),[東] 伊藤圭三,202506050312
1,7,14,ヴェネチアンキング,牡2,56.0,丹内祐次,1:12.9,,1.4,1.0,520(+12),[東] 伊藤圭三,202506050401
2,5,10,ヘイスティハート,牡2,56.0,石川裕紀,1:13.4,3,3.7,2.0,482(0),[東] 小笠倫弘,202506050401
3,2,3,オンマイビート,牡2,56.0,落合玄太,1:13.4,クビ,271.6,15.0,462(0),[東] 松山将樹,202506050401
4,5,9,フクノエルデ,セ2,56.0,江田照男,1:13.5,アタマ,218.3,13.0,466(+8),[東] 田中剛,202506050401
5,3,6,ベアゴーフォー,牡2,56.0,松岡正海,1:13.7,1.1/2,38.9,7.0,468(+6),[東] 杉浦宏昭,202506050401
6,8,16,ジュニアスウィート,牝2,55.0,原優介,1:13.7,アタマ,12.8,3.0,470(-6),[東] 小手川準,202506050401
7,4,8,マインセーラ,牝2,55.0,柴田大知,1:13.7,ハナ,194.5,11.0,436(-2),[東] 的場均,202506050401
8,6,12,ラムールデュヴォン,牡2,53.0,遠藤汰月,1:13.8,1/2,21.8,5.0,460(+6),[東] 堀内岳志,202506050401
9,2,4,オダイ,牝2,55.0,野中悠太,1:14.1,1.1/2,54.7,9.0,434(-4),[東] 根本康広,202506050401
10,7,13,ガルディーノ,牡2,56.0,佐々木大,1:14.3,1.1/2,201.5,12.0,484(0),[東] 新開幸一,202506050401
11,1,2,トウシンライオット,牡2,53.0,小林美駒,1:15.0,4,19.2,4.0,514(+8),[東] 尾形和幸,202506050401
12,8,15,カセノソレイユ,牡2,53.0,舟山瑠泉,1:15.0,クビ,53.4,8.0,488(-6),[東] 鈴木伸尋,202506050401
13,1,1,ホワイトナイル,牡2,56.0,木幡巧也,1:15.1,クビ,34.6,6.0,488(0),[東] 牧光二,202506050401
14,6,11,クラウンプレゼンタ,牡2,56.0,内田博幸,1:15.7,3.1/2,138.5,10.0,472(+22),[東] 天間昭一,202506050401
15,3,5,ドングラミ,セ2,56.0,小林脩斗,1:15.7,クビ,259.2,14.0,472(+8),[東] 本間忍,202506050401
除,4,7,チャンピオンホース,牡2,56.0,荻野極,,,---,,466(0),[東] 尾形和幸,202506050401
1,7,14,ニルマーネル,牝2,55.0,吉田豊,1:10.1,,4.7,2.0,396(+6),[東] 小島茂之,202506050402
2,1,2,ディサイドオンミー,牝2,52.0,遠藤汰月,1:10.2,1/2,16.7,5.0,416(-4),[東] 堀内岳志,202506050402
3,3,6,ツルノマイハシ,牝2,55.0,岩田望来,1:10.3,1,14.2,4.0,458(+2),[東] 杉浦宏昭,202506050402
4,4,8,ワディアルリヤハ,牝2,55.0,戸崎圭太,1:10.4,クビ,1.9,1.0,446(+2),[東] 田村康仁,202506050402
5,4,7,アリアス,牝2,55.0,菅原明良,1:10.8,2.1/2,19.5,6.0,428(0),[東] 高柳瑞樹,202506050402
6,1,1,パトリシア,牝2,52.0,佐藤翔馬,1:11.0,1.1/2,197.6,12.0,458(0),[東] 杉浦宏昭,202506050402
7,7,13,セイウンプーパ,牝2,55.0,柴田善臣,1:11.0,アタマ,83.2,11.0,420(-4),[東] 奥平雅士,202506050402
8,5,10,ムーンシェイド,牝2,55.0,木幡巧也,1:11.1,1/2,20.3,7.0,450(0),[東] 牧光二,202506050402
9,2,4,シンデレラリバティ,牝2,55.0,長岡禎仁,1:11.1,アタマ,259.9,14.0,422(+14),[東] 蛯名利弘,202506050402
10,3,5,モーニングダリア,牝2,52.0,水沼元輝,1:11.2,クビ,501.8,15.0,416(+4),[東] 土田稔,202506050402
11,6,11,エンカウンターベイ,牝2,55.0,横山琉人,1:11.3,1,33.5,8.0,438(+4),[東] 田中剛,202506050402
12,5,9,ノブピースオブラブ,牡2,56.0,Ｍ．デム,1:11.4,クビ,59.6,9.0,466(+4),[東] 小島茂之,202506050402
13,8,15,ヘリオドール,牝2,55.0,吉田隼人,1:11.8,2.1/2,74.9,10.0,464(+10),[東] 和田雄二,202506050402
14,6,12,ジャスフォール,牡2,56.0,佐々木大,1:11.8,クビ,4.8,3.0,496(+6),[東] 上原佑紀,202506050402
15,2,3,カシノプロスペリテ,牝2,55.0,原田和真,1:12.4,3.1/2,501.8,15.0,442(+2),[東] 蛯名利弘,202506050402
16,8,16,グランフォワイエ,牡2,53.0,石田拓郎,1:12.6,1.1/4,233.2,13.0,424(+6),[東] 矢野英一,202506050402
1,5,9,ラージアンサンブル,牡2,56.0,岩田望来,2:03.0,,5.1,2.0,472(-2),[東] 武井亮,202506050403
2,1,1,ラッキースウィッチ,牡2,56.0,団野大成,2:03.8,5,129.0,13.0,476(0),[東] 蛯名正義,202506050403
3,5,10,ジャケットポケット,牡2,56.0,石川裕紀,2:03.8,クビ,13.5,5.0,460(+4),[東] 奥村武,202506050403
4,4,8,ジャストマイウェイ,牝2,55.0,荻野極,2:04.5,4,5.5,3.0,516(-4),[東] 国枝栄,202506050403
5,6,12,ゴールデンダガー,牡2,56.0,鮫島克駿,2:04.8,2,14.5,6.0,490(+2),[東] 中舘英二,202506050403
6,6,11,セキテイリノ,牡2,56.0,江田照男,2:04.9,1/2,2.9,1.0,472(-2),[東] 田中剛,202506050403
7,3,5,ニシノヒノトリ,牡2,56.0,菅原明良,2:05.0,1/2,14.9,7.0,482(0),[東] 手塚貴久,202506050403
8,8,16,ロイヤルヤマト,牡2,53.0,佐藤翔馬,2:05.3,1.3/4,22.8,9.0,448(0),[東] 伊藤圭三,202506050403
9,2,3,コスモラムバック,牡2,56.0,武藤雅,2:05.3,アタマ,291.7,17.0,502(+10),[東] 水野貴広,202506050403
10,8,17,エクストラダーク,牡2,56.0,吉田隼人,2:05.4,クビ,129.3,14.0,434(0),[東] 和田雄二,202506050403
11,7,13,マイネルグレート,牡2,56.0,丹内祐次,2:05.6,1.1/2,58.9,10.0,460(0),[東] 鹿戸雄一,202506050403
12,3,6,セイウンヤオヨロズ,牡2,56.0,野中悠太,2:05.6,クビ,248.0,16.0,486(+4),[東] 上原博之,202506050403
13,7,14,マイネルモンテュス,牡2,56.0,柴田大知,2:05.7,1/2,234.0,15.0,502(-6),[東] 和田勇介,202506050403
14,4,7,カリドーラ,牝2,55.0,佐々木大,2:05.7,アタマ,20.9,8.0,494(+4),[東] 田村康仁,202506050403
15,2,4,ピュアエンブレム,牝2,55.0,戸崎圭太,2:05.7,ハナ,5.7,4.0,480(-2),[東] 小手川準,202506050403
16,1,2,アイアムアッパレ,牡2,56.0,柴田善臣,2:05.8,クビ,100.5,11.0,510(+10),[東] 奥平雅士,202506050403
17,8,18,スカーレットジーン,牝2,55.0,木幡巧也,2:06.2,2.1/2,536.8,18.0,426(-2),[東] 水野貴広,202506050403
18,7,15,カシノスパーク,牡2,53.0,小林美駒,2:07.5,8,119.7,12.0,472(+14),[東] 天間昭一,202506050403
1,5,7,ゴールデンスロープ,セ4,60.0,大江原圭,3:18.0,,1.9,1.0,448(+8),[東] 小笠倫弘,202506050404
2,2,2,デザートスター,セ6,60.0,小牧加矢,3:18.1,1,5.1,2.0,464(-10),[西] 笹田和秀,202506050404
3,1,1,マテンロウノカゼ,牡4,60.0,森一馬,3:18.8,4,8.6,4.0,486(+2),[西] 昆貢,202506050404
4,8,14,タガノバルコス,牡6,60.0,高田潤,3:19.1,1.3/4,9.0,5.0,482(0),[西] 秋山真一,202506050404
5,4,6,アバットゥータ,牡3,56.0,井上敏樹,3:20.4,8,118.3,13.0,474(-4),[西] 中竹和也,202506050404
6,6,9,ゴールデンステップ,牝4,58.0,金子光希,3:20.6,1,6.8,3.0,494(+4),[東] 和田勇介,202506050404
7,4,5,ストラクチャー,セ4,60.0,草野太郎,3:21.4,5,52.7,8.0,470(+24),[東] 和田正一,202506050404
8,7,12,デスティネ,牡8,60.0,江田勇亮,3:22.8,8,54.0,9.0,488(+6),[東] 萱野浩二,202506050404
9,6,10,クラウングスタフ,牡4,60.0,中村将之,3:24.0,7,99.2,12.0,520(+8),[東] 水野貴広,202506050404
10,7,11,リードアクトレス,牝4,58.0,小野寺祐,3:24.0,クビ,18.7,6.0,492(-2),[西] 安達昭夫,202506050404
11,3,3,ピコイチ,牡4,57.0,坂口智康,3:24.7,4,135.6,14.0,496(-10),[東] 尾形和幸,202506050404
12,3,4,シュバルツガイスト,牡5,60.0,伴啓太,3:28.2,大,33.7,7.0,508(+12),[東] 国枝栄,202506050404
13,5,8,アドアプローズ,牡4,60.0,上野翔,3:28.4,3/4,87.7,10.0,480(+2),[東] 小手川準,202506050404
中,8,13,トリップトゥムーン,牡6,60.0,石神深一,,,96.7,11.0,470(+6),[東] 粕谷昌央,202506050404
1,3,5,ジーティーシンドウ,牡2,56.0,菅原明良,1:36.6,,1.9,1.0,438(0),[東] 栗田徹,202506050405
2,6,12,ランウェイミューズ,牝2,55.0,戸崎圭太,1:37.3,4,5.2,2.0,392(0),[東] 竹内正洋,202506050405
3,7,14,コスモシグルン,牝2,55.0,柴田大知,1:37.4,3/4,56.8,10.0,478(0),[東] 畠山吉宏,202506050405
4,3,6,クォンタムビット,牡2,53.0,舟山瑠泉,1:37.6,1.1/2,8.0,4.0,422(0),[東] 萩原清,202506050405
5,5,9,ベッラモレーン,牝2,55.0,石橋脩,1:37.7,クビ,34.5,7.0,464(0),[東] 矢野英一,202506050405
6,7,13,スーパーハイウェイ,牡2,56.0,佐々木大,1:37.7,クビ,12.4,5.0,476(0),[東] 伊藤大士,202506050405
7,6,11,キコリータ,牝2,52.0,石田拓郎,1:37.9,1,38.5,9.0,416(0),[東] 田中勝春,202506050405
8,5,10,コスモペンタス,牝2,55.0,原優介,1:37.9,ハナ,31.7,6.0,410(0),[東] 西田雄一,202506050405
9,1,1,ジーティーウブラブ,牝2,52.0,佐藤翔馬,1:38.0,1/2,84.9,11.0,386(0),[東] 伊藤圭三,202506050405
10,2,4,ショウナンカルメラ,牝2,55.0,柴田善臣,1:38.0,クビ,6.1,3.0,446(0),[東] 大竹正博,202506050405
11,4,8,エメラルドテソーロ,牝2,55.0,木幡巧也,1:38.0,クビ,120.2,14.0,406(0),[東] 牧光二,202506050405
12,8,16,フォーアライター,牝2,52.0,小林美駒,1:39.6,10,93.4,12.0,410(0),[東] 矢嶋大樹,202506050405
13,1,2,プレシャスノワール,牝2,52.0,遠藤汰月,1:40.1,3,220.4,16.0,436(0),[東] 村田一誠,202506050405
14,4,7,モラール,牝2,55.0,内田博幸,1:40.4,2,34.6,8.0,384(0),[東] 鈴木慎太,202506050405
15,2,3,コスモエレジー,牝2,55.0,丹内祐次,1:41.3,5,97.6,13.0,398(0),[東] 鈴木慎太,202506050405
16,8,15,ノーブルアスール,牡2,56.0,武藤雅,1:47.5,大,182.2,15.0,474(0),[東] 武藤善則,202506050405
1,5,9,ルクスポップスター,牡2,56.0,団野大成,1:13.2,,3.8,3.0,514(0),[西] 西園翔太,202506050406
2,6,12,コウジハラ,牝2,55.0,長岡禎仁,1:13.2,クビ,43.8,8.0,426(0),[東] 西田雄一,202506050406
3,8,16,ゼファーテソーロ,牡2,56.0,丹内祐次,1:13.4,3/4,3.2,1.0,488(0),[東] 栗田徹,202506050406
4,3,6,バル,牡2,56.0,柴田大知,1:14.3,5,96.9,12.0,508(0),[東] 武市康男,202506050406
5,3,5,マーマレードスカイ,牝2,55.0,松岡正海,1:14.4,3/4,18.0,6.0,400(0),[東] 堀内岳志,202506050406
6,8,15,グリュイエール,牡2,53.0,舟山瑠泉,1:14.5,クビ,19.4,7.0,458(0),[西] 前川恭子,202506050406
7,1,1,プラチナムディスク,牝2,55.0,横山琉人,1:14.5,ハナ,7.5,4.0,446(0),[東] 小笠倫弘,202506050406
8,2,3,ステラゲイル,牡2,56.0,丸田恭介,1:14.9,2.1/2,59.3,10.0,468(0),[東] 石栗龍彦,202506050406
9,2,4,ノリキング,牡2,56.0,佐々木大,1:15.4,2.1/2,3.7,2.0,530(0),[東] 伊藤大士,202506050406
10,4,7,セキテイロックス,牡2,56.0,内田博幸,1:15.5,3/4,53.2,9.0,496(0),[東] 嘉藤貴行,202506050406
11,5,10,フローラルアーチ,牝2,55.0,武藤雅,1:15.6,クビ,14.6,5.0,496(0),[東] 武藤善則,202506050406
12,4,8,ディル,牝2,55.0,木幡育也,1:16.0,2.1/2,79.8,11.0,446(0),[東] 高橋文雅,202506050406
13,7,14,ダズルオーロラ,牝2,55.0,岩部純二,1:16.7,4,262.3,15.0,438(0),[東] 伊藤伸一,202506050406
14,6,11,ガーディアンスター,牝2,52.0,佐藤翔馬,1:20.6,大,97.8,13.0,450(0),[東] 武藤善則,202506050406
15,1,2,ケイアイギルス,セ2,56.0,野中悠太,1:24.8,大,144.8,14.0,448(0),[東] 小島茂之,202506050406
除,7,13,アシャカルッカ,牝2,52.0,小林美駒,,,---,,438(0),[東] 鈴木伸尋,202506050406
1,5,10,ケイアイアギト,牡2,56.0,佐々木大,1:54.3,,40.8,12.0,518(+6),[東] 加藤征弘,202506050407
2,3,6,ダンツシタン,牡2,56.0,団野大成,1:54.3,アタマ,106.8,14.0,534(+2),[西] 本田優,202506050407
3,8,16,タガノアバンドーネ,牡2,56.0,鮫島克駿,1:54.4,3/4,4.3,2.0,480(0),[西] 角田晃一,202506050407
4,4,7,シルバーレシオ,牡2,56.0,岩田望来,1:54.6,3/4,2.1,1.0,520(+10),[西] 野中賢二,202506050407
5,5,9,チャーリー,牡2,56.0,菅原明良,1:54.6,ハナ,6.9,3.0,516(+2),[東] 国枝栄,202506050407
6,4,8,テンカムテキ,牡2,56.0,横山琉人,1:54.6,アタマ,37.6,10.0,506(+8),[東] 林徹,202506050407
7,2,3,マーゴットサンズ,牝2,55.0,木幡巧也,1:55.1,3,27.5,6.0,458(-8),[東] 伊坂重信,202506050407
8,6,12,ニャンタロウ,牡2,56.0,石橋脩,1:55.2,1/2,62.8,13.0,472(+4),[東] 武市康男,202506050407
9,1,1,ファイアマン,牡2,56.0,戸崎圭太,1:55.2,クビ,19.3,5.0,490(+16),[東] 上原博之,202506050407
10,7,14,デールエルバハリ,牝2,55.0,落合玄太,1:55.5,1.3/4,119.8,15.0,496(+6),[西] 杉山佳明,202506050407
11,2,4,ロミオ,牡2,56.0,荻野極,1:55.9,2.1/2,9.5,4.0,510(+6),[東] 上原佑紀,202506050407
12,7,13,ハイライトニング,牡2,56.0,吉田豊,1:56.0,クビ,31.6,8.0,478(+6),[東] 嘉藤貴行,202506050407
13,3,5,オトシダマ,牝2,55.0,伊藤工真,1:56.0,クビ,195.8,16.0,490(+8),[東] 金成貴史,202506050407
14,6,11,サンデーパーティー,牡2,56.0,Ｍ．デム,1:56.5,2.1/2,28.7,7.0,480(-2),[東] 相沢郁,202506050407
15,8,15,ナリノシャーウッド,牡2,56.0,丹内祐次,1:56.5,ハナ,39.6,11.0,472(0),[東] 田村康仁,202506050407
16,1,2,ショーリバース,牡2,53.0,小林美駒,1:56.8,2,32.7,9.0,510(+4),[東] 鈴木伸尋,202506050407
1,5,7,ダカラフェスティヴ,牝3,54.0,戸崎圭太,2:43.2,,12.0,6.0,472(+6),[東] 奥平雅士,202506050408
2,7,12,キャストロププ,牡3,56.0,丹内祐次,2:43.5,2,4.5,2.0,498(+4),[東] 尾形和幸,202506050408
3,7,11,スマートクオーレ,牡3,56.0,柴田大知,2:44.4,5,102.4,11.0,502(0),[東] 粕谷昌央,202506050408
4,8,14,ステイアンビシャス,牡3,56.0,松岡正海,2:44.6,3/4,24.9,9.0,480(-8),[東] 堀内岳志,202506050408
5,3,3,タマモトリノ,牡3,56.0,菅原明良,2:44.6,クビ,3.0,1.0,500(-4),[東] 辻哲英,202506050408
6,3,4,オウケンシルヴァー,牡4,58.0,木幡育也,2:44.7,3/4,7.6,4.0,496(-6),[東] 松永康利,202506050408
7,8,13,カイトヴィント,牡3,53.0,遠藤汰月,2:45.4,4,113.9,12.0,506(+6),[東] 和田雄二,202506050408
8,2,2,ムーランブルー,牝5,56.0,佐々木大,2:45.8,2.1/2,15.1,7.0,504(+2),[東] 久保田貴,202506050408
9,6,9,マウントバーノン,牡3,56.0,木幡巧也,2:46.5,4,10.8,5.0,502(-10),[東] 戸田博文,202506050408
10,5,8,クールシェルタ,牡6,55.0,舟山瑠泉,2:47.6,7,200.1,14.0,506(-2),[東] 高橋文雅,202506050408
11,4,5,タイキインドラ,牡3,56.0,荻野極,2:48.4,5,4.9,3.0,504(+4),[東] 大竹正博,202506050408
12,4,6,ダブルメッセージ,牡3,56.0,石川裕紀,2:48.4,ハナ,24.1,8.0,496(-6),[東] 和田正一,202506050408
13,1,1,オールデュスヴラン,牡4,58.0,内田博幸,2:50.2,大,69.1,10.0,482(0),[西] 西村真幸,202506050408
14,6,10,チンプンカンプン,牡3,56.0,小林脩斗,2:53.9,大,191.2,13.0,480(+10),[東] 奥平雅士,202506050408
1,8,12,イガッチ,牡3,57.0,Ｍ．デム,1:48.8,,7.0,3.0,476(0),[西] 笹田和秀,202506050409
2,3,3,ダンツファイター,牡3,57.0,佐々木大,1:48.9,1/2,12.5,6.0,562(+6),[東] 蛯名正義,202506050409
3,5,6,ヤマニンアドホック,牡4,58.0,石川裕紀,1:49.1,1,10.1,4.0,460(+6),[東] 辻哲英,202506050409
4,6,8,ソルトブリーズ,牡4,58.0,松岡正海,1:49.1,ハナ,10.1,5.0,464(+2),[東] 田中剛,202506050409
5,7,9,レディーミコノス,牝3,55.0,岩田望来,1:49.2,1,2.2,1.0,468(0),[西] 寺島良,202506050409
6,6,7,タッチアンドムーブ,牡4,58.0,荻野極,1:49.3,クビ,18.8,8.0,454(-2),[東] 栗田徹,202506050409
7,4,4,ヤマニンガラッシア,牡8,58.0,菅原明良,1:49.4,1/2,44.7,9.0,454(0),[東] 辻哲英,202506050409
8,2,2,ワザモノ,牡7,58.0,団野大成,1:49.7,2,56.0,10.0,506(+4),[東] 尾関知人,202506050409
9,7,10,ドゥカート,牡3,57.0,戸崎圭太,1:49.9,1,4.6,2.0,486(+12),[東] 宮田敬介,202506050409
10,5,5,ナムララジベラ,牝5,56.0,小林脩斗,1:49.9,ハナ,168.2,12.0,478(-10),[東] 石栗龍彦,202506050409
11,1,1,バセリーナ,牡3,57.0,石橋脩,1:50.0,クビ,74.7,11.0,470(+6),[東] 松山将樹,202506050409
12,8,11,フナデ,牡4,58.0,丹内祐次,1:50.4,2.1/2,17.1,7.0,466(+8),[東] 嘉藤貴行,202506050409
1,7,14,ブライアンセンス,牡5,58.5,岩田望来,1:51.7,,4.5,2.0,520(-4),[東] 斎藤誠,202506050410
2,8,15,ヴァルツァーシャル,牡6,58.0,菅原明良,1:52.7,6,8.4,4.0,510(+4),[東] 高木登,202506050410
3,5,10,ポッドロゴ,牡4,57.0,長岡禎仁,1:52.8,1/2,16.5,7.0,478(+4),[西] 西園正都,202506050410
4,3,6,ブレイクフォース,牡6,57.5,吉田豊,1:52.9,アタマ,25.7,9.0,494(+4),[東] 中舘英二,202506050410
5,1,2,ショウナンライシン,牡5,56.0,柴田善臣,1:53.1,1.1/2,38.6,10.0,500(+4),[東] 大竹正博,202506050410
6,4,8,テーオーパスワード,牡4,57.5,戸崎圭太,1:53.2,1/2,2.7,1.0,484(+4),[西] 高柳大輔,202506050410
7,6,12,ミッキーヌチバナ,牡7,58.0,Ｍ．デム,1:53.4,1.1/2,13.0,6.0,516(-2),[西] 高橋亮,202506050410
8,6,11,アクションプラン,牡5,57.5,内田博幸,1:53.4,ハナ,6.9,3.0,514(+2),[東] 池上昌和,202506050410
9,5,9,ラタフォレスト,牡4,56.0,鮫島克駿,1:53.5,クビ,10.2,5.0,508(0),[東] 加藤征弘,202506050410
10,8,16,コンクシェル,牝5,54.0,横山琉人,1:53.8,1.3/4,77.2,12.0,490(0),[西] 清水久詞,202506050410
11,1,1,ダンテバローズ,牡5,57.5,丹内祐次,1:54.1,2,19.3,8.0,524(+8),[西] 上村洋行,202506050410
12,2,4,シェットランド,牡5,54.0,吉田隼人,1:54.4,1.3/4,95.1,13.0,562(+8),[東] 久保田貴,202506050410
13,3,5,メイショウフンジン,牡7,58.5,石橋脩,1:54.4,アタマ,72.1,11.0,524(-4),[西] 西園正都,202506050410
14,2,3,タガノエスコート,牡6,54.0,北村宏司,1:55.5,7,149.7,15.0,498(-8),[西] 小林真也,202506050410
15,7,13,スマートアイ,牝5,52.0,舟山瑠泉,1:55.6,クビ,124.8,14.0,500(-4),[西] 寺島良,202506050410
16,4,7,ゴールデンシロップ,牡7,54.0,原優介,1:56.7,7,186.8,16.0,544(+4),[東] 鈴木慎太,202506050410
1,2,4,テーオーエルビス,牡3,56.0,鮫島克駿,1:08.6,,3.2,1.0,526(+16),[西] 高柳大輔,202506050411
2,8,16,ヤマニンチェルキ,牡3,58.0,岩田望来,1:09.5,5,4.9,2.0,536(+11),[西] 中村直也,202506050411
3,7,13,エコロアゼル,牡3,56.0,団野大成,1:09.7,1,15.0,6.0,534(+12),[西] 森秀行,202506050411
4,5,9,ガビーズシスター,牝4,56.0,吉田隼人,1:09.8,3/4,6.2,3.0,468(0),[東] 森一誠,202506050411
5,8,15,ニットウバジル,牡5,57.0,吉田豊,1:09.9,クビ,53.0,11.0,512(+2),[東] 高橋文雅,202506050411
6,3,5,サンライズアムール,牡6,58.0,北村宏司,1:10.1,1,19.9,9.0,520(0),[西] 小林真也,202506050411
7,3,6,ポッドベイダー,牡3,56.0,荻野極,1:10.1,ハナ,8.6,5.0,508(+20),[東] 上原佑紀,202506050411
8,6,11,チカッパ,牡4,58.0,横山典弘,1:10.2,1/2,18.4,8.0,518(+14),[西] 中竹和也,202506050411
9,7,14,ジャスパーゴールド,セ7,57.0,菅原明良,1:10.3,1/2,178.0,15.0,466(+6),[西] 森秀行,202506050411
10,4,8,クロジシジョー,牡6,57.0,戸崎圭太,1:10.5,1.1/4,7.7,4.0,458(+10),[西] 岡田稲男,202506050411
11,5,10,タガノミスト,牝4,55.0,佐々木大,1:10.5,ハナ,23.6,10.0,490(+2),[西] 渡辺薫彦,202506050411
12,4,7,キャンディドライヴ,牡6,57.0,落合玄太,1:10.8,2,156.5,14.0,492(-10),[地] 小野望,202506050411
13,2,3,スターペスカオリ,牝5,55.0,長岡禎仁,1:10.8,ハナ,292.4,16.0,460(-2),[西] 石橋守,202506050411
14,1,2,エートラックス,牡4,58.0,内田博幸,1:10.8,ハナ,95.8,13.0,516(-4),[西] 宮本博,202506050411
15,1,1,ドンアミティエ,牡5,57.0,丹内祐次,1:11.0,1,15.4,7.0,502(-3),[西] 今野貞一,202506050411
16,6,12,カルチャーデイ,牝4,55.0,柴田善臣,1:11.8,5,60.8,12.0,444(+2),[西] 四位洋文,202506050411
1,6,12,ウィンターベル,牡3,54.0,舟山瑠泉,1:49.0,,30.5,10.0,496(+14),[東] 木村哲也,202506050412
2,7,13,パストラーレ,牡4,58.0,丸田恭介,1:49.0,クビ,14.1,7.0,508(+14),[東] 武市康男,202506050412
3,1,1,サクラアドリア,牡3,57.0,横山典弘,1:49.3,2,10.2,4.0,484(+2),[東] 尾関知人,202506050412
4,2,4,ラファヴォリット,牝3,55.0,北村宏司,1:49.4,クビ,27.1,8.0,468(0),[東] 黒岩陽一,202506050412
5,2,3,アクイローネ,牡4,58.0,佐々木大,1:49.4,アタマ,113.9,13.0,418(-14),[東] 小野次郎,202506050412
6,7,14,ハニードレス,牝3,55.0,木幡巧也,1:49.5,1/2,29.2,9.0,438(-4),[東] 牧光二,202506050412
7,3,5,キアラメンテ,牝3,55.0,荻野極,1:49.6,1/2,5.4,3.0,444(+10),[東] 鹿戸雄一,202506050412
8,4,8,スワローシチー,牡3,57.0,戸崎圭太,1:49.6,クビ,3.5,2.0,468(0),[東] 相沢郁,202506050412
9,1,2,ケイツールピア,牝4,53.0,石田拓郎,1:49.6,アタマ,113.9,14.0,410(+4),[東] 蛯名利弘,202506050412
9,8,16,コスモイシュタル,牝3,55.0,松岡正海,1:49.6,同着,12.8,5.0,438(+4),[東] 深山雅史,202506050412
11,5,10,イゾレエオリア,牝5,56.0,杉原誠人,1:49.9,1.3/4,58.9,12.0,462(-4),[東] 伊藤大士,202506050412
12,3,6,ベストシーン,牡3,57.0,岩田望来,1:50.0,クビ,3.5,1.0,470(-4),[東] 手塚貴久,202506050412
13,6,11,マイネルゼウス,牡3,57.0,丹内祐次,1:50.0,クビ,13.3,6.0,430(+12),[東] 奥村武,202506050412
14,4,7,マジカルワード,牝5,56.0,柴田善臣,1:50.3,2,147.1,16.0,452(+8),[東] 大竹正博,202506050412
15,8,15,ケイツークローン,セ5,58.0,原優介,1:50.4,1/2,42.7,11.0,482(+8),[東] 清水英克,202506050412
16,5,9,フォートポータル,セ4,58.0,柴田大知,1:50.6,1,137.4,15.0,466(-2),[東] 粕谷昌央,202506050412
1,3,6,シュピラー,牡2,56.0,菅原明良,1:12.5,,3.3,2.0,458(0),[東] 高木登,202506050501
2,4,8,カンレイスター,牝2,55.0,富田暁,1:12.6,クビ,16.3,6.0,448(0),[東] 矢野英一,202506050501
3,6,11,ニンジャトットリ,牡2,56.0,木幡育也,1:13.0,2.1/2,6.3,3.0,466(+2),[東] 松永康利,202506050501
4,7,14,ジャガーライズ,牡2,56.0,三浦皇成,1:13.2,1.1/4,2.5,1.0,480(+4),[東] 伊藤圭三,202506050501
5,5,10,ベアハンドキャッチ,牡2,56.0,荻野極,1:13.2,アタマ,12.1,5.0,488(-4),[東] 池上昌和,202506050501
6,8,16,メインテーマ,牝2,55.0,丹内祐次,1:13.7,3,6.6,4.0,482(0),[東] 小手川準,202506050501
7,1,1,リスペクトライト,牡2,53.0,石神深道,1:13.9,1.1/4,449.8,16.0,436(0),[東] 和田正一,202506050501
8,1,2,コブラツイスト,牡2,56.0,菊沢一樹,1:14.1,1.1/4,26.9,7.0,444(-8),[東] 石栗龍彦,202506050501
9,6,12,ナムラパピ,牝2,55.0,木幡初也,1:14.2,クビ,345.3,15.0,428(-6),[東] 武市康男,202506050501
10,2,3,ポルタシャーンス,牝2,52.0,舟山瑠泉,1:14.2,ハナ,287.2,14.0,448(-2),[東] 武藤善則,202506050501
11,2,4,ラスエル,牝2,55.0,杉原誠人,1:14.2,クビ,148.5,11.0,496(0),[東] 田村康仁,202506050501
12,7,13,ドライヴトウショウ,牝2,55.0,内田博幸,1:14.2,クビ,91.8,10.0,484(+4),[東] 杉浦宏昭,202506050501
13,3,5,エルドラド,牡2,56.0,原田和真,1:14.6,2,48.0,8.0,476(+2),[東] 蛯名利弘,202506050501
14,4,7,アイビーキラリ,牝2,55.0,原優介,1:14.6,クビ,163.8,12.0,424(-16),[東] 青木孝文,202506050501
15,8,15,メイショウオタモイ,牝2,52.0,遠藤汰月,1:14.9,1.3/4,56.2,9.0,440(0),[東] 高柳瑞樹,202506050501
16,5,9,ジョリュウジャンシ,牝2,55.0,嶋田純次,1:16.3,8,260.5,13.0,414(+8),[東] 南田美知,202506050501
1,1,2,ケイツーリーブル,牝2,55.0,津村明秀,1:54.6,,8.0,5.0,452(-4),[東] 千葉直人,202506050502
2,1,1,ブルーサーマル,牝2,55.0,内田博幸,1:55.4,5,87.1,12.0,520(-12),[東] 池上昌和,202506050502
3,3,6,ティルベリー,牝2,55.0,マーカン,1:55.7,2,4.4,2.0,462(-4),[東] 宮田敬介,202506050502
4,7,13,ホールドザデイ,牝2,55.0,木幡巧也,1:55.8,1/2,3.9,1.0,464(0),[東] 田中勝春,202506050502
5,2,3,ノーブルクラウド,牝2,55.0,西村淳也,1:56.1,1.3/4,71.1,11.0,478(+4),[東] 久保田貴,202506050502
6,6,12,アスコットヴェール,牝2,55.0,佐々木大,1:56.4,2,5.2,3.0,470(-2),[東] 竹内正洋,202506050502
7,2,4,アーティラリー,牝2,55.0,菊沢一樹,1:56.4,アタマ,21.9,8.0,482(-6),[東] 松山将樹,202506050502
8,7,14,マスカルポーネ,牝2,55.0,福原杏,1:56.4,クビ,258.5,16.0,438(-10),[東] 水野貴広,202506050502
9,5,9,グラスハーティー,牝2,55.0,斎藤新,1:56.5,クビ,10.1,6.0,490(-2),[東] 松山将樹,202506050502
10,4,7,ティナンヴァランタ,牝2,52.0,石神深道,1:56.5,ハナ,15.1,7.0,440(0),[東] 森一誠,202506050502
11,8,16,フィクセルリリア,牝2,52.0,舟山瑠泉,1:57.0,2.1/2,6.7,4.0,442(+2),[東] 田中博康,202506050502
12,3,5,アルティソナンテ,牝2,55.0,丹内祐次,1:57.1,1/2,25.1,9.0,432(+2),[東] 萩原清,202506050502
13,5,10,マリノリュミエール,牝2,52.0,遠藤汰月,1:57.4,2,143.0,14.0,448(-4),[東] 村田一誠,202506050502
14,4,8,ルサフィール,牝2,55.0,江田照男,1:57.5,クビ,241.3,15.0,478(+2),[東] 矢野英一,202506050502
15,8,15,クインズツバキ,牝2,53.0,長浜鴻緒,1:58.3,5,67.3,10.0,466(+8),[東] 上原博之,202506050502
16,6,11,ヤマヤロード,牝2,55.0,原田和真,1:59.5,7,108.4,13.0,480(0),[東] 上原博之,202506050502
1,7,14,ミスターライト,牡2,56.0,三浦皇成,1:47.6,,2.6,2.0,500(+6),[東] 鹿戸雄一,202506050503
2,1,2,サンヴィクトワール,牝2,55.0,ルメール,1:48.2,3.1/2,2.0,1.0,492(-2),[東] 武井亮,202506050503
3,4,7,ドッグウッド,牡2,56.0,マーカン,1:48.3,3/4,62.1,9.0,452(-6),[東] 斎藤誠,202506050503
4,3,5,アルデキングダム,牡2,56.0,横山典弘,1:48.6,2,11.2,3.0,466(+4),[東] 村田一誠,202506050503
5,6,12,ツウキンカイソク,牡2,56.0,菅原明良,1:48.6,クビ,116.4,12.0,458(0),[東] 岩戸孝樹,202506050503
6,2,3,スクイーズアウト,牡2,56.0,原優介,1:48.7,1/2,95.8,11.0,500(+4),[東] 黒岩陽一,202506050503
7,5,9,ベルウッドバイオ,牡2,56.0,吉田豊,1:48.8,1/2,203.0,14.0,476(-4),[東] 高橋文雅,202506050503
8,8,15,ダイユウアレグロ,牡2,56.0,内田博幸,1:48.8,クビ,21.7,6.0,522(-4),[東] 松永康利,202506050503
9,7,13,ダンシングアウェイ,牡2,56.0,津村明秀,1:49.0,1.1/4,125.5,13.0,464(0),[東] 相沢郁,202506050503
10,6,11,ショウナンバーボン,牡2,56.0,横山和生,1:49.1,クビ,32.6,7.0,460(+12),[東] 加藤士津,202506050503
11,8,16,ヒロイックヴァース,牡2,56.0,戸崎圭太,1:49.1,クビ,19.2,5.0,486(-2),[東] 浅利英明,202506050503
12,3,6,トップデュオ,牡2,56.0,荻野極,1:49.2,1/2,81.4,10.0,448(+16),[東] 尾関知人,202506050503
13,1,1,チャチャット,牝2,55.0,柴田善臣,1:49.5,1.1/2,38.5,8.0,410(+2),[東] 柄崎将寿,202506050503
14,5,10,ベルランコントル,牝2,55.0,丹内祐次,1:49.6,1/2,17.5,4.0,458(-2),[東] 伊藤大士,202506050503
15,4,8,フクスケ,牡2,56.0,木幡巧也,1:49.8,1.1/2,397.7,16.0,452(+2),[東] 杉浦宏昭,202506050503
16,2,4,ヘラクレステソーロ,牡2,56.0,江田照男,1:50.1,1.1/2,386.4,15.0,454(+14),[東] 高木登,202506050503
1,7,10,ゴールドブレイズ,牡2,56.0,荻野極,1:55.2,,7.3,3.0,434(0),[東] 浅利英明,202506050504
2,8,12,ミスターキャンベラ,牡2,56.0,戸崎圭太,1:55.5,1.3/4,4.1,2.0,518(0),[東] 稲垣幸雄,202506050504
3,5,7,バスキュール,牡2,56.0,ルメール,1:55.6,3/4,1.6,1.0,502(0),[東] 林徹,202506050504
4,4,5,クリムゾンリーフ,牡2,53.0,上里直汰,1:56.0,2.1/2,241.4,13.0,460(0),[東] 加藤士津,202506050504
5,6,8,コイオステソーロ,牡2,56.0,菅原明良,1:56.6,3.1/2,21.7,6.0,526(0),[東] 高木登,202506050504
6,6,9,ツーエムアスリート,牡2,56.0,松若風馬,1:56.7,1/2,23.1,7.0,500(0),[西] 東田明士,202506050504
7,7,11,ザンテソーロ,牡2,56.0,木幡巧也,1:57.1,2.1/2,214.9,12.0,446(0),[東] 畠山吉宏,202506050504
8,3,3,アリストクラット,牝2,52.0,石神深道,1:57.4,1.1/2,116.2,9.0,382(0),[東] 田島俊明,202506050504
9,2,2,エクスマウス,牝2,55.0,マーカン,1:57.8,2.1/2,23.1,8.0,538(0),[西] 茶木太樹,202506050504
10,4,4,エリザベスタウン,牝2,52.0,遠藤汰月,1:58.2,2,151.8,11.0,472(0),[東] 池上昌和,202506050504
11,1,1,パカラパカラ,牡2,56.0,横山武史,1:58.5,2,19.1,5.0,472(0),[東] 加藤征弘,202506050504
12,8,13,ソフィアプルーマ,牝2,53.0,長浜鴻緒,1:58.6,1/2,133.2,10.0,442(0),[東] 上原博之,202506050504
13,5,6,ジーティームーチョ,牡2,56.0,西村淳也,1:59.4,5,19.0,4.0,520(0),[東] 池上昌和,202506050504
1,8,17,プラウディッツ,牝2,55.0,ルメール,2:01.8,,2.3,1.0,474(0),[東] 田中博康,202506050505
2,4,8,ランブルスコ,牡2,56.0,マーカン,2:02.1,1.3/4,3.5,2.0,486(0),[東] 蛯名正義,202506050505
3,6,11,セシルブリュネ,牝2,55.0,横山武史,2:02.3,1,13.6,6.0,386(0),[東] 栗田徹,202506050505
4,5,9,イーサンミラー,牡2,56.0,丹内祐次,2:02.5,1.1/4,269.6,16.0,424(0),[東] 稲垣幸雄,202506050505
5,1,1,マナイアカラニ,牡2,56.0,菊沢一樹,2:02.6,3/4,56.4,9.0,474(0),[東] 田中勝春,202506050505
6,7,14,ニシノモリミチ,牡2,56.0,菅原明良,2:02.7,3/4,7.4,3.0,488(0),[東] 高木登,202506050505
7,3,5,オートカリテ,牝2,55.0,木幡巧也,2:03.4,4,143.1,13.0,510(0),[東] 牧光二,202506050505
8,5,10,エリーニック,牝2,55.0,内田博幸,2:03.9,3,108.9,11.0,444(0),[東] 千葉直人,202506050505
9,7,13,サンライズマシュー,牡2,56.0,西村淳也,2:03.9,クビ,69.0,10.0,462(0),[西] 牧浦充徳,202506050505
10,6,12,スーザンバローズ,牝2,55.0,プーシャ,2:04.0,アタマ,138.5,12.0,486(0),[東] 奥村武,202506050505
11,2,4,カフェタンガロア,牡2,56.0,横山和生,2:04.3,2,9.6,4.0,456(0),[東] 嘉藤貴行,202506050505
12,1,2,ウィリーズロック,牡2,56.0,原優介,2:04.3,ハナ,41.7,8.0,482(0),[東] 黒岩陽一,202506050505
13,8,16,フュチュール,牝2,52.0,舟山瑠泉,2:04.4,クビ,280.0,17.0,414(0),[東] 嘉藤貴行,202506050505
14,3,6,タビニュ,牡2,56.0,石川裕紀,2:04.7,2,246.8,14.0,482(0),[東] 宮田敬介,202506050505
15,2,3,カゲムシャ,牡2,56.0,横山典弘,2:04.8,1/2,12.7,5.0,464(0),[東] 萩原清,202506050505
16,4,7,ファーストシーン,牝2,55.0,杉原誠人,2:05.9,7,265.1,15.0,452(0),[東] 大和田成,202506050505
17,8,15,リアライズステラ,牡2,56.0,佐々木大,2:06.1,3/4,18.0,7.0,472(0),[西] 須貝尚介,202506050505
1,4,7,リュクスパトロール,牝2,55.0,西村淳也,1:49.9,,72.4,9.0,420(0),[東] 加藤士津,202506050506
2,6,11,アイアンパイク,牝2,55.0,横山典弘,1:49.9,アタマ,7.8,3.0,460(0),[東] 村田一誠,202506050506
3,5,9,クイーンアン,牝2,53.0,長浜鴻緒,1:49.9,ハナ,9.4,5.0,464(0),[東] 蛯名正義,202506050506
4,2,4,ダノンアスコルティ,牝2,55.0,ルメール,1:50.3,2.1/2,1.7,1.0,458(0),[東] 萩原清,202506050506
5,1,2,ナディア,牝2,55.0,佐々木大,1:50.4,1/2,168.8,13.0,442(0),[東] 菊川正達,202506050506
6,4,8,ディアアズール,牝2,55.0,石橋脩,1:51.0,3.1/2,46.3,8.0,416(0),[東] 森一誠,202506050506
7,1,1,ピエスユニーク,牝2,55.0,戸崎圭太,1:51.2,1,8.3,4.0,486(0),[東] 手塚貴久,202506050506
8,2,3,リベルタアーラ,牝2,52.0,石神深道,1:51.2,1/2,111.1,10.0,408(0),[東] 深山雅史,202506050506
9,3,6,サプーズ,牝2,55.0,菅原明良,1:51.4,1,5.6,2.0,470(0),[東] 伊藤大士,202506050506
10,8,15,チョコスコーン,牝2,55.0,丹内祐次,1:51.4,クビ,30.4,6.0,412(0),[東] 林徹,202506050506
11,3,5,サウンドファミリエ,牝2,55.0,石川裕紀,1:52.1,4,311.0,15.0,406(0),[東] 和田正一,202506050506
12,7,13,トパーズテソーロ,牝2,55.0,原優介,1:52.1,アタマ,141.0,12.0,450(0),[東] 稲垣幸雄,202506050506
13,6,12,ホワイトオパール,牝2,55.0,津村明秀,1:52.2,1/2,115.3,11.0,414(0),[東] 尾関知人,202506050506
14,7,14,エルファリス,牝2,55.0,菊沢一樹,1:52.4,1,209.2,14.0,454(0),[東] 加藤和宏,202506050506
15,5,10,ロッタリーランド,牝2,55.0,小林脩斗,1:54.6,大,451.0,16.0,402(0),[東] 浅利英明,202506050506
16,8,16,イヌボウノツキ,牝2,55.0,荻野極,1:55.1,3,37.7,7.0,450(0),[東] 奥村武,202506050506
1,5,10,エコロガノン,牡2,56.0,菅原明良,1:55.3,,4.0,2.0,448(-4),[東] 矢野英一,202506050507
2,2,3,ファイタージェット,牡2,56.0,津村明秀,1:55.6,2,6.6,3.0,494(0),[東] 林徹,202506050507
3,6,11,ロケットパンチ,牡2,56.0,柴田善臣,1:56.3,4,29.7,9.0,464(+2),[東] 武藤善則,202506050507
4,3,6,ヴァンデスペランス,牡2,56.0,マーカン,1:56.4,1/2,3.0,1.0,468(+4),[東] 中舘英二,202506050507
5,8,15,オルブライト,牡2,56.0,木幡巧也,1:57.0,3.1/2,8.4,5.0,472(0),[東] 杉浦宏昭,202506050507
6,2,4,ジェイエルモーダル,牡2,56.0,吉田豊,1:57.2,1.1/2,28.8,8.0,458(-6),[東] 小西一男,202506050507
7,3,5,アデルフィー,牡2,56.0,戸崎圭太,1:57.3,クビ,8.1,4.0,470(+8),[東] 金成貴史,202506050507
8,7,14,トーアシチフクジン,牡2,53.0,遠藤汰月,1:57.3,クビ,36.8,11.0,458(+2),[東] 村田一誠,202506050507
9,4,8,シュガーシャック,牡2,56.0,内田博幸,1:58.0,4,129.8,12.0,480(-6),[東] 古賀慎明,202506050507
10,6,12,アレステリオス,牡2,56.0,杉原誠人,1:58.1,1/2,30.4,10.0,452(+2),[東] 辻哲英,202506050507
11,5,9,マルターズドン,牡2,54.0,長浜鴻緒,1:58.4,1.3/4,16.5,7.0,490(+8),[東] 手塚貴久,202506050507
12,7,13,オリジナルアポジー,牡2,56.0,福原杏,1:58.7,1.3/4,158.5,13.0,462(-6),[東] 水野貴広,202506050507
13,1,2,アルファシーナ,牡2,56.0,小林凌大,1:59.1,2,399.2,16.0,468(+8),[東] 伊藤伸一,202506050507
14,1,1,アメリカンロマン,牡2,56.0,菊沢一樹,1:59.2,1,266.7,15.0,466(+6),[東] 伊藤圭三,202506050507
15,4,7,スピアザキック,牡2,56.0,原優介,2:01.6,大,201.4,14.0,472(-6),[東] 小手川準,202506050507
16,8,16,コレクト,牡2,56.0,佐々木大,2:03.9,大,14.8,6.0,524(+14),[東] 黒岩陽一,202506050507
1,1,1,ダンケルド,牡3,57.0,杉原誠人,1:10.5,,4.2,2.0,506(+2),[東] 森一誠,202506050508
2,2,4,ピコテンダー,牝3,54.0,ルメール,1:11.2,4,1.7,1.0,484(-2),[東] 上原佑紀,202506050508
3,6,12,アツキヤマト,牡4,58.0,小林凌大,1:11.6,2.1/2,18.0,5.0,514(+2),[東] 小西一男,202506050508
4,2,3,キボウノホシ,セ6,58.0,プーシャ,1:11.7,1/2,48.3,9.0,486(-2),[東] 奥平雅士,202506050508
5,6,11,シルフレイ,牝3,55.0,横山武史,1:11.7,クビ,8.9,4.0,444(+8),[東] 千葉直人,202506050508
6,7,14,ルクスマーベリック,セ4,58.0,富田暁,1:12.1,2,152.4,12.0,450(+6),[東] 大和田成,202506050508
7,3,5,エンジェルブリーズ,牝3,55.0,横山和生,1:12.1,ハナ,37.2,7.0,454(0),[東] 中舘英二,202506050508
8,3,6,スペルビア,牡3,54.0,上里直汰,1:12.1,クビ,108.1,11.0,466(-10),[東] 石栗龍彦,202506050508
9,4,7,タルトポワール,牝3,55.0,丹内祐次,1:12.4,1.3/4,8.3,3.0,456(-6),[東] 清水英克,202506050508
10,5,9,セイゲン,セ6,55.0,舟山瑠泉,1:12.4,アタマ,261.3,16.0,458(-4),[東] 中川公成,202506050508
11,5,10,カサブランカキッド,牡5,58.0,横山典弘,1:12.7,1.3/4,42.9,8.0,514(-16),[東] 和田勇介,202506050508
12,7,13,ルプランドル,牝6,56.0,木幡巧也,1:13.1,2.1/2,204.0,15.0,494(+6),[東] 萱野浩二,202506050508
13,8,16,キングズブレス,牡4,58.0,北村宏司,1:13.2,クビ,27.0,6.0,494(-10),[東] 木村哲也,202506050508
14,1,2,レーヴレジェンド,牡3,57.0,菊沢一樹,1:14.5,8,161.1,13.0,488(+2),[東] 金成貴史,202506050508
15,8,15,ジェイエルバース,牡3,55.0,長浜鴻緒,1:14.5,アタマ,50.9,10.0,502(-2),[東] 小西一男,202506050508
16,4,8,ポムファッジ,牝4,56.0,石橋脩,1:14.7,1.1/4,176.7,14.0,476(+7),[東] 矢野英一,202506050508
1,1,1,クレパスキュラー,牡2,56.0,ルメール,1:32.9,,1.8,1.0,478(+8),[東] 栗田徹,202506050509
2,6,8,リゾートアイランド,牡2,56.0,マーカン,1:33.3,2.1/2,10.5,3.0,506(+2),[東] 上原佑紀,202506050509
3,6,7,フジガイフウ,牡2,56.0,菅原明良,1:33.4,3/4,13.0,5.0,498(+6),[東] 岩戸孝樹,202506050509
4,3,3,ニシノエースサマ,牡2,56.0,津村明秀,1:33.5,クビ,65.2,10.0,492(+6),[東] 鹿戸雄一,202506050509
5,2,2,ヒシアイラ,牡2,56.0,荻野極,1:33.6,1/2,3.9,2.0,458(+4),[西] 池江泰寿,202506050509
6,4,4,バースデイフライト,牝2,55.0,プーシャ,1:34.1,3.1/2,23.9,7.0,456(+4),[西] 新谷功一,202506050509
7,7,9,サンブライト,牝2,55.0,横山武史,1:34.2,1/2,29.6,8.0,462(0),[東] 鈴木慎太,202506050509
8,8,11,マイネルシンベリン,牡2,56.0,丹内祐次,1:34.2,ハナ,33.4,9.0,442(-6),[東] 武市康男,202506050509
9,5,5,ピースサイン,牡2,56.0,戸崎圭太,1:34.4,1.1/4,11.8,4.0,450(-4),[東] 浅利英明,202506050509
10,7,10,グロリアスマーチ,牡2,56.0,佐々木大,1:34.5,3/4,13.7,6.0,504(0),[西] 須貝尚介,202506050509
11,8,12,ゴールデンコマンチ,牡2,56.0,福原杏,1:37.0,大,456.3,11.0,468(-5),[地] 水野貴史,202506050509
12,5,6,エレクトロン,牡2,56.0,嶋田純次,1:37.2,1,507.2,12.0,434(0),[東] 佐藤吉勝,202506050509
1,1,2,プレシャスデイ,牡3,56.0,荻野極,2:34.4,,2.6,1.0,504(-4),[東] 伊坂重信,202506050510
2,3,5,ムジェロ,牡5,58.0,マーカン,2:34.7,2,14.7,6.0,522(+2),[西] 藤原英昭,202506050510
3,1,1,フジレイメイ,牡3,56.0,横山武史,2:34.9,1,17.4,8.0,508(+22),[東] 小笠倫弘,202506050510
4,8,16,ファイアトリック,牡3,56.0,佐々木大,2:34.9,ハナ,9.6,4.0,452(0),[東] 伊坂重信,202506050510
5,6,12,インジケーター,牡4,58.0,北村宏司,2:35.0,1,97.0,11.0,506(+8),[西] 高橋康之,202506050510
6,3,6,タイセイアディクト,牡4,58.0,ルメール,2:35.4,2.1/2,3.9,2.0,500(+6),[東] 池上昌和,202506050510
7,2,4,インペリアルライン,セ6,58.0,原優介,2:35.6,1.1/4,15.7,7.0,484(+10),[東] 中舘英二,202506050510
8,4,7,シャンバラ,牡6,58.0,松若風馬,2:36.1,3,41.8,10.0,528(+2),[西] 橋口慎介,202506050510
9,4,8,セレクティオ,牡5,58.0,斎藤新,2:36.5,2.1/2,156.9,12.0,488(+2),[西] 橋口慎介,202506050510
10,5,10,アトラクティーボ,牡6,58.0,石橋脩,2:36.5,アタマ,232.9,15.0,544(+12),[東] 武藤善則,202506050510
11,7,14,ハッピーダンチャン,牡3,56.0,西村淳也,2:36.8,1.3/4,6.6,3.0,464(-4),[西] 小椋研介,202506050510
12,2,3,ラファールドール,セ4,58.0,内田博幸,2:36.9,クビ,13.8,5.0,504(+6),[東] 田島俊明,202506050510
13,6,11,イデアユウシン,牡5,58.0,江田照男,2:36.9,クビ,206.2,13.0,550(+6),[東] 松永康利,202506050510
14,8,15,コスモコンフェルマ,牡3,56.0,丹内祐次,2:37.1,3/4,23.3,9.0,482(+4),[東] 鈴木慎太,202506050510
15,5,9,ヤウガウ,セ8,58.0,菊沢一樹,2:37.6,3,229.9,14.0,498(+10),[東] 金成貴史,202506050510
16,7,13,セイウンガレオン,セ6,58.0,富田暁,2:38.6,6,248.5,16.0,532(+4),[東] 奥平雅士,202506050510
1,4,8,ドロップオブライト,牝6,56.0,松若風馬,1:33.0,,10.5,5.0,436(-12),[西] 福永祐一,202506050511
2,1,1,リラボニート,牝4,53.0,丹内祐次,1:33.0,アタマ,12.2,6.0,462(-4),[西] 須貝尚介,202506050511
3,3,5,ソルトクィーン,牝4,53.0,富田暁,1:33.0,アタマ,15.9,10.0,440(-8),[西] 武英智,202506050511
4,2,3,シングザットソング,牝5,55.0,斎藤新,1:33.3,1.1/2,31.7,11.0,450(+2),[西] 高野友和,202506050511
5,7,14,フィールシンパシー,牝6,53.0,菅原明良,1:33.4,1/2,72.2,14.0,468(+4),[東] 小島茂之,202506050511
6,6,11,カピリナ,牝4,56.0,横山典弘,1:33.4,ハナ,14.0,8.0,482(+2),[東] 田島俊明,202506050511
7,1,2,スリールミニョン,牝3,53.0,永島まな,1:33.4,ハナ,15.9,9.0,452(-6),[西] 高橋康之,202506050511
8,8,15,ホウオウラスカーズ,牝7,54.0,木幡巧也,1:33.4,アタマ,34.0,12.0,460(+2),[東] 高木登,202506050511
9,2,4,ジューンオレンジ,牝5,54.0,横山和生,1:33.4,ハナ,12.7,7.0,470(0),[西] 長谷川浩,202506050511
10,5,9,ビップデイジー,牝3,54.0,西村淳也,1:33.4,クビ,8.6,4.0,434(-8),[西] 松下武士,202506050511
11,4,7,ボンドガール,牝4,56.0,津村明秀,1:33.5,クビ,7.3,3.0,460(0),[東] 手塚貴久,202506050511
12,3,6,ウンブライル,牝5,55.5,ルメール,1:33.6,3/4,3.6,1.0,486(-6),[東] 木村哲也,202506050511
13,8,16,チェルビアット,牝3,54.0,戸崎圭太,1:33.6,アタマ,5.8,2.0,488(+4),[西] 高野友和,202506050511
14,7,13,ソーダズリング,牝5,55.5,横山武史,1:33.6,ハナ,59.7,13.0,472(+6),[西] 新谷功一,202506050511
15,5,10,ランフォーヴァウ,牝3,53.0,小崎綾也,1:33.7,クビ,187.5,15.0,458(-2),[西] 福永祐一,202506050511
16,6,12,キタウイング,牝5,50.0,嶋田純次,1:33.8,1.1/4,228.9,16.0,458(+8),[東] 小島茂之,202506050511
1,2,4,ロサンゼルス,牡4,58.0,マーカン,1:10.4,,12.2,5.0,524(-6),[東] 伊藤圭三,202506050512
2,4,8,スノーサイレンス,牝3,55.0,戸崎圭太,1:10.7,1.3/4,4.5,3.0,466(0),[西] 小栗実,202506050512
3,1,1,ショウナンハクウン,牡5,58.0,荻野極,1:10.8,クビ,12.2,4.0,508(+2),[東] 大竹正博,202506050512
4,7,13,ドントゥザムーン,牡3,57.0,菅原明良,1:10.8,ハナ,3.5,2.0,470(+6),[東] 高木登,202506050512
5,4,7,エリカマユーリ,牝3,55.0,ルメール,1:11.1,1.3/4,2.7,1.0,480(+4),[東] 堀宣行,202506050512
6,8,15,ザウリ,牡6,58.0,プーシャ,1:11.1,クビ,17.0,7.0,540(-8),[西] 森田直行,202506050512
7,7,14,ヘルメース,牡4,58.0,菊沢一樹,1:11.6,3,215.0,11.0,498(+8),[東] 伊藤圭三,202506050512
8,6,12,プレイテシア,牝6,56.0,松若風馬,1:11.8,1.1/4,113.9,9.0,442(0),[西] 羽月友彦,202506050512
9,5,9,アグラード,牡4,58.0,津村明秀,1:11.9,クビ,18.4,8.0,466(+4),[東] 高柳瑞樹,202506050512
10,5,10,タッカージーティー,牝3,55.0,横山典弘,1:11.9,ハナ,14.3,6.0,478(-10),[東] 鈴木伸尋,202506050512
11,1,2,ロミオボス,牡5,58.0,木幡巧也,1:12.0,1/2,250.8,13.0,488(+4),[東] 加藤征弘,202506050512
12,6,11,オリビアジュテーム,牝5,53.0,上里直汰,1:12.2,1.1/4,245.2,12.0,468(+2),[東] 西田雄一,202506050512
13,8,16,トモジャミ,牝5,56.0,丹内祐次,1:12.3,クビ,283.9,15.0,526(-4),[東] 鈴木伸尋,202506050512
14,3,6,ドナレア,牝4,56.0,江田照男,1:12.3,ハナ,214.7,10.0,440(-2),[東] 高木登,202506050512
15,3,5,ウォルラス,牡5,58.0,杉原誠人,1:12.3,アタマ,311.6,16.0,506(0),[東] 中川公成,202506050512
16,2,3,ファイントパーズ,牝4,53.0,舟山瑠泉,1:12.5,1.1/4,261.9,14.0,476(-3),[東] 鈴木伸尋,202506050512
1,2,3,ホウオウヘッセン,牡2,56.0,戸崎圭太,1:11.3,,2.2,1.0,468(+14),[東] 田島俊明,202506050601
2,2,4,フュルスティン,牝2,55.0,横山武史,1:11.5,1,7.1,2.0,466(-4),[東] 加藤士津,202506050601
3,5,9,ダイユウサルターレ,牡2,56.0,佐々木大,1:12.4,5,11.4,6.0,512(+2),[東] 松永康利,202506050601
4,4,7,クールフィールド,牝2,55.0,石橋脩,1:12.5,1/2,8.6,5.0,442(+2),[東] 矢野英一,202506050601
5,8,15,オレンジリバー,牝2,55.0,原優介,1:12.7,1.1/4,31.9,9.0,422(0),[東] 黒岩陽一,202506050601
6,4,8,スラッシュコード,牡2,56.0,丹内祐次,1:13.0,2,13.1,7.0,468(0),[東] 伊藤圭三,202506050601
7,1,1,ケイベエ,牡2,56.0,木幡巧也,1:13.1,クビ,7.8,3.0,466(+2),[東] 杉浦宏昭,202506050601
8,3,6,ジーティーニッツァ,牡2,53.0,遠藤汰月,1:13.2,1/2,109.4,13.0,454(+4),[東] 伊藤伸一,202506050601
9,6,12,マイチバイ,牝2,55.0,松岡正海,1:13.5,2,8.0,4.0,432(+2),[東] 堀内岳志,202506050601
10,3,5,ノアシルヴィ,牝2,55.0,菅原隆一,1:13.6,1/2,63.4,10.0,456(-10),[東] 天間昭一,202506050601
11,6,11,トモエナゲ,牡2,56.0,小林脩斗,1:13.8,1,90.7,12.0,480(+16),[東] 青木孝文,202506050601
12,8,16,ウルヴァリン,牡2,54.0,長浜鴻緒,1:13.9,1/2,29.7,8.0,490(0),[東] 伊藤伸一,202506050601
13,5,10,チッタデラモーレ,牡2,53.0,佐藤翔馬,1:13.9,クビ,64.3,11.0,480(+8),[東] 伊藤圭三,202506050601
14,7,14,カンフーヒーロー,牡2,56.0,江田照男,1:14.2,1.1/2,228.3,16.0,484(-6),[東] 的場均,202506050601
15,1,2,メイポール,牝2,55.0,嶋田純次,1:14.6,2.1/2,144.7,14.0,430(+4),[東] 武市康男,202506050601
16,7,13,ライトブルースカイ,牝2,53.0,今村聖奈,1:14.7,1,226.8,15.0,474(-8),[東] 柄崎将寿,202506050601
1,2,3,ヘルメスギャング,牡2,54.0,今村聖奈,1:53.9,,71.9,10.0,466(-10),[東] 武井亮,202506050602
2,3,6,ベルウッドピース,牡2,56.0,丹内祐次,1:53.9,ハナ,22.6,6.0,518(+4),[東] 中舘英二,202506050602
3,7,14,マイネルオランチア,牡2,56.0,プーシャ,1:53.9,クビ,2.9,1.0,478(+4),[東] 小手川準,202506050602
4,6,12,ユイノサダハル,牡2,56.0,江田照男,1:54.0,1/2,62.0,8.0,470(+6),[東] 古賀慎明,202506050602
5,8,16,アオハルブルース,牡2,56.0,佐々木大,1:54.1,1/2,8.7,4.0,508(-6),[東] 栗田徹,202506050602
6,4,8,ロココ,牝2,53.0,長浜鴻緒,1:54.5,2.1/2,284.5,15.0,452(+2),[東] 根本康広,202506050602
7,3,5,レピュニット,牡2,56.0,マーカン,1:54.6,3/4,3.0,2.0,476(-2),[東] 宮田敬介,202506050602
8,2,4,クールチェンジ,牡2,56.0,戸崎圭太,1:55.3,4,4.7,3.0,480(+10),[東] 和田正一,202506050602
9,5,9,ドナソラーレ,牝2,55.0,杉原誠人,1:55.6,2,275.8,14.0,420(-6),[東] 池上昌和,202506050602
10,8,15,ホシヅキヨ,牡2,56.0,松岡正海,1:55.8,1,77.9,11.0,466(+4),[東] 柄崎将寿,202506050602
11,4,7,ホッカイダイオー,牡2,56.0,小林脩斗,1:55.9,1/2,219.7,13.0,492(-2),[東] 奥平雅士,202506050602
12,1,1,ノボリフジ,牡2,53.0,遠藤汰月,1:55.9,ハナ,9.2,5.0,460(-6),[東] 伊藤伸一,202506050602
13,1,2,ピンクサウスポー,牝2,55.0,北村宏司,1:56.5,3.1/2,285.1,16.0,466(-8),[東] 勢司和浩,202506050602
14,7,13,ハンドフル,牡2,56.0,内田博幸,1:57.2,4,169.8,12.0,456(+16),[東] 田中勝春,202506050602
15,6,11,ニシノカルラ,牡2,56.0,野中悠太,1:58.6,8,70.4,9.0,442(0),[東] 和田勇介,202506050602
16,5,10,ニシノマグノリア,牡2,56.0,石川裕紀,2:01.9,大,26.8,7.0,428(+4),[東] 上原佑紀,202506050602
1,7,12,ロンギングセリーヌ,牝2,55.0,横山和生,1:52.2,,5.5,3.0,502(-2),[東] 竹内正洋,202506050603
2,8,14,バンオンタイム,牝2,55.0,プーシャ,1:52.2,アタマ,3.5,2.0,458(-2),[東] 田中博康,202506050603
3,8,15,シェリアドレ,牝2,55.0,佐々木大,1:52.3,クビ,19.9,7.0,472(+2),[東] 奥村武,202506050603
4,3,4,ジャストビコーズ,牝2,53.0,今村聖奈,1:52.4,1/2,9.9,5.0,472(+2),[東] 武井亮,202506050603
5,5,9,サムシングスイート,牝2,55.0,横山武史,1:52.5,3/4,6.2,4.0,490(+8),[東] 伊藤大士,202506050603
6,1,1,ビレッジルイーザ,牝2,52.0,佐藤翔馬,1:52.6,クビ,116.1,10.0,440(-2),[東] 伊藤圭三,202506050603
7,7,13,ジュナベーラ,牝2,55.0,戸崎圭太,1:52.9,2,3.1,1.0,422(-4),[東] 木村哲也,202506050603
8,6,10,スターサンサルー,牝2,55.0,内田博幸,1:53.1,1.1/4,63.3,9.0,420(-6),[東] 尾関知人,202506050603
9,4,6,モンペリエ,牝2,52.0,水沼元輝,1:53.1,クビ,320.1,12.0,432(+4),[東] 土田稔,202506050603
10,3,5,スマイルカーブ,牝2,53.0,長浜鴻緒,1:53.6,2.1/2,150.2,11.0,420(-2),[東] 小手川準,202506050603
11,2,3,アルティオーラ,牝2,55.0,小林脩斗,1:53.8,1.1/4,400.2,13.0,408(+2),[東] 浅利英明,202506050603
12,4,7,ルンベーラ,牝2,55.0,丹内祐次,1:53.8,クビ,11.1,6.0,450(-4),[東] 菊川正達,202506050603
13,5,8,リーピングサイン,牝2,55.0,石川裕紀,1:54.0,1,28.0,8.0,490(-2),[東] 武藤善則,202506050603
14,2,2,ノヴェルカフナ,牝2,52.0,遠藤汰月,1:54.7,4,724.6,14.0,460(+8),[東] 土田稔,202506050603
15,6,11,サフランメロディ,牝2,55.0,原田和真,1:54.8,1/2,779.7,15.0,360(-6),[東] 小野次郎,202506050603
1,7,12,ダノンロッキー,牡4,60.0,五十嵐雄,3:16.2,,3.8,1.0,500(0),[東] 萩原清,202506050604
2,8,13,ロードヴァレンチ,セ6,57.0,坂口智康,3:18.0,大,4.7,2.0,490(+2),[東] 中舘英二,202506050604
3,3,4,シャンデルナゴル,牡5,60.0,中村将之,3:18.3,1.3/4,86.4,12.0,496(+2),[西] 石坂公一,202506050604
4,1,1,コスモアミマネラ,牡4,60.0,小坂忠士,3:18.7,2.1/2,61.9,11.0,498(+6),[東] 柄崎将寿,202506050604
5,6,10,ヒットアンドロール,牡4,60.0,難波剛健,3:19.6,5,154.2,13.0,464(0),[東] 田中勝春,202506050604
6,5,8,スマラグドス,牡5,60.0,田村太雅,3:20.1,2.1/2,43.3,10.0,482(+2),[西] 西園正都,202506050604
7,4,6,ネイチャーシップ,牡7,60.0,大江原圭,3:20.3,1.1/4,5.1,4.0,512(+10),[東] 根本康広,202506050604
8,7,11,スティルシャイニン,牡3,56.0,水沼元輝,3:21.1,5,268.4,14.0,464(+18),[東] 天間昭一,202506050604
9,4,5,フジフォンテ,セ6,60.0,石神深一,3:21.3,1.1/4,21.9,6.0,480(+2),[東] 粕谷昌央,202506050604
10,6,9,メイショウソムリエ,セ4,60.0,草野太郎,3:23.1,大,38.2,9.0,506(-16),[東] 蛯名正義,202506050604
11,2,2,ゴーツウキリシマ,牝5,58.0,黒岩悠,3:25.3,大,5.4,5.0,464(+10),[西] 牧田和弥,202506050604
12,3,3,ハワイアンタイム,セ5,60.0,森一馬,3:26.2,5,28.6,7.0,502(0),[西] 昆貢,202506050604
13,5,7,テーオーサンドニ,牡6,60.0,小野寺祐,3:27.0,5,29.3,8.0,472(-8),[西] 高柳大輔,202506050604
中,8,14,ブラックバラード,セ4,60.0,伴啓太,,,4.9,3.0,462(+4),[東] 嘉藤貴行,202506050604
1,8,16,ロデオドライブ,牡2,56.0,北村宏司,1:35.1,,8.4,5.0,464(0),[東] 辻哲英,202506050605
2,1,1,カナルサンマルタン,牝2,55.0,マーカン,1:35.3,3/4,2.7,1.0,444(0),[東] 宮田敬介,202506050605
3,3,6,アールグレイ,牝2,55.0,原優介,1:36.0,4,38.0,8.0,452(0),[東] 蛯名正義,202506050605
4,2,3,セーヌデローヴ,牡2,56.0,佐々木大,1:36.0,クビ,67.0,11.0,448(0),[東] 黒岩陽一,202506050605
5,8,15,フィールマイプラン,牡2,56.0,石川裕紀,1:36.3,1.1/2,25.5,7.0,436(0),[東] 岩戸孝樹,202506050605
6,6,11,エヴィーヴァ,牝2,55.0,プーシャ,1:36.6,2,7.6,4.0,436(0),[東] 鹿戸雄一,202506050605
7,2,4,カネトシパンドラ,牝2,55.0,横山和生,1:37.3,4,79.3,12.0,438(0),[東] 稲垣幸雄,202506050605
8,6,12,レーヴルーバ,牝2,55.0,丸田恭介,1:37.5,1.1/2,210.3,15.0,412(0),[東] 蛯名利弘,202506050605
9,7,14,サイモンセレーノ,牝2,55.0,木幡巧也,1:37.8,2,170.4,14.0,454(0),[東] 勢司和浩,202506050605
10,5,9,シュタットパーク,牡2,56.0,丹内祐次,1:38.1,1.3/4,61.2,9.0,470(0),[東] 金成貴史,202506050605
11,7,13,フォワードシャッセ,牝2,55.0,石橋脩,1:38.1,クビ,3.6,2.0,474(0),[東] 奥村武,202506050605
12,1,2,ヴィクトリーマンボ,牝2,55.0,横山琉人,1:38.1,アタマ,12.0,6.0,450(0),[東] 大竹正博,202506050605
13,4,8,サファイアテソーロ,牝2,55.0,内田博幸,1:38.2,1/2,140.3,13.0,448(0),[東] 高木登,202506050605
14,5,10,グラデュエール,牝2,55.0,木幡初也,1:39.3,7,318.0,16.0,418(0),[東] 粕谷昌央,202506050605
15,4,7,アステルディーヴァ,牝2,55.0,戸崎圭太,1:40.5,7,7.1,3.0,438(0),[西] 西村真幸,202506050605
16,3,5,マクタン,牡2,56.0,杉原誠人,1:42.6,大,61.5,10.0,482(0),[東] 栗田徹,202506050605
1,1,2,ファンシーズ,牝2,55.0,丹内祐次,1:12.3,,5.0,2.0,442(0),[東] 尾形和幸,202506050606
2,2,4,サノノキャニオン,牡2,56.0,原田和真,1:12.5,1.1/4,6.5,3.0,516(0),[東] 栗田徹,202506050606
3,5,9,マリノレーヴェ,牝2,55.0,横山琉人,1:12.7,1.1/2,27.1,10.0,474(0),[東] 鈴木慎太,202506050606
4,8,16,ガクエンテンゴク,牡2,56.0,野中悠太,1:12.8,3/4,155.6,15.0,526(0),[東] 根本康広,202506050606
5,4,8,コウソクユノ,牝2,55.0,杉原誠人,1:13.1,1.3/4,9.5,6.0,438(0),[東] 中舘英二,202506050606
6,8,15,グラスリッキー,牡2,56.0,木幡巧也,1:13.2,クビ,3.5,1.0,472(0),[東] 杉浦宏昭,202506050606
7,5,10,ロザヴィータ,牝2,55.0,嶋田純次,1:13.9,4,111.7,12.0,400(0),[東] 矢嶋大樹,202506050606
8,6,12,ウシャス,牝2,55.0,丸田恭介,1:14.2,2,121.7,14.0,432(0),[東] 小西一男,202506050606
9,2,3,ラインパトリア,牝2,55.0,木幡育也,1:14.4,1.1/4,8.2,5.0,480(0),[東] 蛯名正義,202506050606
10,3,6,リゼクールグレー,牡2,54.0,長浜鴻緒,1:14.5,クビ,18.5,8.0,456(0),[東] 高橋文雅,202506050606
11,3,5,スリーマドンナ,牝2,55.0,横山武史,1:14.7,1.1/2,17.8,7.0,434(0),[東] 伊藤圭三,202506050606
12,7,14,サマースプラッシュ,牝2,55.0,原優介,1:14.9,1.1/4,51.7,11.0,492(0),[東] 岩戸孝樹,202506050606
13,1,1,アヴァンフライト,牝2,55.0,佐々木大,1:15.4,3,6.7,4.0,444(0),[東] 上原佑紀,202506050606
14,6,11,ソルテソーロ,牡2,56.0,石川裕紀,1:16.5,7,27.0,9.0,450(0),[東] 西田雄一,202506050606
15,4,7,アツンケル,牝2,55.0,木幡初也,1:16.7,1.1/4,158.9,16.0,548(0),[東] 深山雅史,202506050606
中,7,13,キャラメルプリン,牝2,52.0,水沼元輝,,,115.2,13.0,494(0),[東] 石栗龍彦,202506050606
1,1,1,ジッピーチューン,牝2,55.0,戸崎圭太,1:34.6,,3.7,2.0,430(-4),[東] 林徹,202506050607
2,1,2,ワイズファミリア,牝2,55.0,丹内祐次,1:35.3,4,4.5,3.0,470(-8),[東] 本間忍,202506050607
3,2,3,バレンタインビスタ,牝2,55.0,丸田恭介,1:35.4,クビ,22.8,9.0,470(0),[東] 蛯名正義,202506050607
4,4,8,スピットブレイク,牡2,56.0,横山武史,1:35.6,1.1/4,7.4,4.0,484(+4),[東] 新開幸一,202506050607
5,5,10,モウエエデショー,牡2,56.0,原田和真,1:35.6,クビ,153.6,15.0,478(+14),[東] 萱野浩二,202506050607
6,2,4,パーシヴァル,牡2,56.0,石川裕紀,1:35.7,1/2,3.6,1.0,480(0),[東] 相沢郁,202506050607
7,6,12,フィーユレアル,牝2,55.0,横山琉人,1:35.7,クビ,22.0,8.0,472(+6),[東] 斎藤誠,202506050607
8,3,6,ネクストドア,牡2,56.0,吉田豊,1:35.8,1/2,12.8,5.0,454(0),[東] 高橋文雅,202506050607
9,8,16,レッドジェルブロワ,牡2,56.0,プーシャ,1:36.2,2,13.1,6.0,448(+4),[東] 鹿戸雄一,202506050607
10,8,15,エイシンジザイテン,牡2,56.0,松岡正海,1:36.5,2,111.1,13.0,502(+12),[東] 田中剛,202506050607
11,7,13,モンテール,牡2,56.0,佐々木大,1:36.9,2,20.0,7.0,442(+12),[東] 栗田徹,202506050607
12,4,7,ミスデルマー,牝2,55.0,嶋田純次,1:37.4,3,445.8,16.0,434(0),[東] 和田正一,202506050607
13,6,11,アルクノワール,牝2,55.0,木幡巧也,1:37.5,3/4,140.3,14.0,414(+8),[東] 牧光二,202506050607
14,7,14,ステキサプライズ,牡2,56.0,原優介,1:38.1,4,60.8,10.0,434(+16),[東] 粕谷昌央,202506050607
15,5,9,フレンドリーエール,牝2,52.0,遠藤汰月,1:38.3,1,91.0,11.0,412(-6),[東] 村田一誠,202506050607
16,3,5,ゴールデンボート,牡2,56.0,江田照男,1:41.3,大,103.8,12.0,454(0),[東] 矢野英一,202506050607
1,4,7,コンティオ,牝3,55.0,横山和生,1:51.3,,26.6,9.0,462(-4),[東] 和田勇介,202506050608
2,5,10,サトミノエンジェル,牡3,57.0,横山武史,1:51.3,クビ,2.4,1.0,524(0),[東] 鈴木伸尋,202506050608
3,2,4,ランスノーブル,牝5,54.0,長浜鴻緒,1:51.5,1.1/4,11.9,6.0,474(0),[東] 上原博之,202506050608
4,6,12,ラヴアンドライク,牝3,55.0,丹内祐次,1:51.7,1.1/4,7.4,3.0,478(-2),[東] 稲垣幸雄,202506050608
5,8,15,ミラクルキャッツ,牝5,56.0,佐々木大,1:52.0,2,30.1,10.0,472(+2),[東] 堀宣行,202506050608
6,6,11,クニノハッピー,牡3,57.0,横山琉人,1:52.1,1/2,19.7,8.0,474(-4),[東] 田中剛,202506050608
7,1,2,プレジール,牡4,58.0,松岡正海,1:52.1,ハナ,41.7,11.0,488(-2),[東] 嘉藤貴行,202506050608
8,2,3,リーゼノアール,セ5,58.0,戸崎圭太,1:52.2,クビ,9.4,4.0,484(-2),[東] 国枝栄,202506050608
9,5,9,マリンバンカー,牡4,58.0,岩部純二,1:52.2,クビ,52.4,13.0,506(+2),[東] 南田美知,202506050608
10,7,13,マルセルテソーロ,牡3,57.0,石橋脩,1:52.3,1/2,10.6,5.0,494(0),[東] 牧光二,202506050608
11,3,6,ミスティマウンテン,牡3,57.0,プーシャ,1:52.5,1.1/4,46.4,12.0,450(-4),[東] 池上昌和,202506050608
12,4,8,タニセンドリーム,牡4,58.0,木幡巧也,1:52.5,ハナ,6.7,2.0,498(-2),[東] 加藤士津,202506050608
13,8,16,ファンタイムギフト,牡3,57.0,石川裕紀,1:52.7,1.1/4,13.1,7.0,512(+10),[東] 相沢郁,202506050608
14,1,1,オブシディアン,牡5,58.0,丸田恭介,1:53.9,7,311.6,15.0,550(+6),[東] 石栗龍彦,202506050608
15,3,5,カフェノーチェ,牡3,57.0,北村宏司,1:55.1,7,96.2,14.0,530(+2),[東] 古賀慎明,202506050608
除,7,14,ビリングス,牡3,57.0,マーカン,,,---,,472(+2),[東] 手塚貴久,202506050608
1,2,2,シャドウメテオ,牝3,55.0,戸崎圭太,2:00.8,,3.2,1.0,460(+6),[東] 金成貴史,202506050609
2,1,1,オルノア,牝5,56.0,内田博幸,2:00.9,3/4,15.3,6.0,494(-2),[西] 新谷功一,202506050609
3,7,9,コンドゥイア,牝3,55.0,マーカン,2:00.9,ハナ,6.0,4.0,486(-4),[西] 井上智史,202506050609
4,8,11,クロシェットノエル,牝4,56.0,横山武史,2:01.1,1,4.1,3.0,454(-4),[東] 戸田博文,202506050609
5,5,5,ヴァイルマティ,牝5,56.0,丹内祐次,2:01.5,2.1/2,109.4,11.0,502(+2),[東] 鹿戸雄一,202506050609
6,3,3,ビターグラッセ,牝5,56.0,横山和生,2:01.5,クビ,12.0,5.0,502(+2),[東] 栗田徹,202506050609
7,4,4,ノビリシマビジョン,牝3,55.0,プーシャ,2:01.8,1.3/4,3.6,2.0,494(+10),[東] 青木孝文,202506050609
8,7,8,ホウオウシンデレラ,牝4,56.0,丸田恭介,2:02.1,1.3/4,76.4,10.0,476(+8),[東] 奥村武,202506050609
9,6,6,ロムネヤ,牝6,56.0,佐々木大,2:02.2,3/4,27.7,8.0,434(0),[東] 国枝栄,202506050609
10,8,10,グランカンタンテ,牝4,56.0,石川裕紀,2:02.3,クビ,23.9,7.0,440(+4),[東] 鹿戸雄一,202506050609
11,6,7,レイピカケ,牝4,56.0,北村宏司,2:02.5,1.1/2,54.9,9.0,462(0),[西] 野中賢二,202506050609
1,8,15,イムホテプ,牡3,57.0,横山武史,1:51.1,,2.1,1.0,486(+4),[東] 萩原清,202506050610
2,8,14,デコラシオン,牡6,58.0,戸崎圭太,1:51.3,1.1/4,7.3,3.0,518(-2),[東] 高木登,202506050610
3,2,3,ミライヘノカギ,牡3,57.0,石橋脩,1:51.5,3/4,16.8,6.0,536(+2),[東] 上原佑紀,202506050610
4,3,5,ラフエイジアン,セ5,58.0,北村宏司,1:51.7,1.1/2,59.8,10.0,462(-2),[東] 中舘英二,202506050610
5,5,8,ゴールドアローン,牝4,56.0,丸田恭介,1:51.8,クビ,62.5,11.0,474(+2),[東] 青木孝文,202506050610
6,1,1,サンセットブライト,牝4,56.0,横山琉人,1:52.1,1.3/4,38.2,9.0,492(-2),[東] 相沢郁,202506050610
6,6,11,ホウオウバリスタ,牡6,58.0,プーシャ,1:52.1,同着,15.5,5.0,530(+2),[東] 稲垣幸雄,202506050610
8,5,9,ドバイブルース,牡4,58.0,佐々木大,1:52.1,クビ,4.1,2.0,508(+4),[東] 加藤征弘,202506050610
9,7,13,ヴァナルガンド,牡5,58.0,横山和生,1:52.1,ハナ,8.1,4.0,472(0),[東] 稲垣幸雄,202506050610
10,2,2,グランツアーテム,牡7,58.0,木幡巧也,1:52.2,クビ,266.4,15.0,514(-2),[東] 中川公成,202506050610
11,6,10,ギーロカスタル,牡5,58.0,原優介,1:52.6,2.1/2,167.0,14.0,494(+10),[東] 伊藤大士,202506050610
12,7,12,ベルギューン,牝3,55.0,マーカン,1:53.1,3,23.2,7.0,482(0),[西] 牧浦充徳,202506050610
13,3,4,グランジョルノ,牡3,57.0,内田博幸,1:53.8,4,120.8,13.0,484(+2),[東] 高柳瑞樹,202506050610
14,4,7,メイショウフジ,牡5,58.0,野中悠太,1:54.0,1,24.1,8.0,498(+6),[東] 和田勇介,202506050610
15,4,6,コスモサガルマータ,牡5,58.0,丹内祐次,1:55.9,大,91.2,12.0,528(+20),[東] 嘉藤貴行,202506050610
1,2,3,ドラゴンブースト,牡3,56.0,丹内祐次,1:47.4,,7.3,4.0,486(+16),[西] 藤野健太,202506050611
2,1,1,グランディア,セ6,58.0,マーカン,1:47.4,クビ,6.3,3.0,488(+8),[西] 中内田充,202506050611
3,7,13,シルトホルン,牡5,58.0,戸崎圭太,1:47.6,1.1/4,5.9,2.0,488(+22),[東] 新開幸一,202506050611
4,1,2,ショウナンマグマ,セ6,58.0,吉田豊,1:47.7,1/2,16.0,7.0,514(+10),[東] 尾関知人,202506050611
5,4,7,コントラポスト,牡5,58.0,横山和生,1:47.8,3/4,2.7,1.0,478(+12),[東] 菊沢隆徳,202506050611
6,2,4,タシット,牡6,57.0,石橋脩,1:48.1,1.3/4,14.3,6.0,472(+2),[東] 中川公成,202506050611
7,7,14,ビーアストニッシド,牡6,58.0,西村太一,1:48.4,1.1/2,133.7,13.0,478(+6),[東] 堀内岳志,202506050611
8,3,6,ホウオウノーサイド,牡6,57.0,杉原誠人,1:48.5,3/4,98.7,12.0,488(+2),[東] 奥村武,202506050611
9,8,15,ドクタードリトル,牡5,57.0,北村宏司,1:48.6,3/4,34.8,11.0,474(-2),[西] 今野貞一,202506050611
10,5,10,マイネルメモリー,牡5,57.0,横山武史,1:48.6,アタマ,13.1,5.0,470(+2),[西] 宮徹,202506050611
11,5,9,バレエマスター,牡6,57.0,原優介,1:48.7,1/2,17.9,8.0,472(-12),[西] 梅田智之,202506050611
12,3,5,フォワードアゲン,セ8,57.0,上野翔,1:48.9,1,257.9,16.0,438(0),[東] 加藤和宏,202506050611
13,4,8,ゴンバデカーブース,牡4,57.0,佐々木大,1:49.2,2,18.9,9.0,476(+8),[東] 堀宣行,202506050611
14,6,12,コスモブッドレア,牡4,57.0,石川裕紀,1:49.3,3/4,20.1,10.0,482(-6),[東] 小野次郎,202506050611
15,8,16,ラーグルフ,牡6,60.0,丸田恭介,1:49.8,3,167.8,15.0,504(+2),[東] 田中勝春,202506050611
16,6,11,アケルナルスター,牡6,57.0,長浜鴻緒,1:50.5,4,146.0,14.0,482(+14),[東] 清水英克,202506050611
1,4,7,メタルスピード,牡5,58.0,佐々木大,1:34.5,,4.6,2.0,524(+4),[東] 斎藤誠,202506050612
2,7,14,ピコローズ,牝3,55.0,マーカン,1:34.5,クビ,4.3,1.0,442(+2),[東] 伊藤大士,202506050612
3,7,13,パワースナッチ,牡3,57.0,杉原誠人,1:34.9,2,36.6,9.0,456(+12),[東] 武市康男,202506050612
4,4,8,パルティクラール,牝5,56.0,プーシャ,1:35.1,1.1/4,9.4,6.0,524(-4),[西] 牧浦充徳,202506050612
5,5,10,ロゼル,牡5,58.0,横山琉人,1:35.2,1/2,47.2,11.0,490(0),[東] 大和田成,202506050612
6,2,4,サクセスカラー,牝4,56.0,戸崎圭太,1:35.2,アタマ,6.9,5.0,474(-4),[東] 久保田貴,202506050612
7,6,11,ケイケイ,セ4,58.0,木幡巧也,1:35.2,ハナ,20.7,8.0,482(0),[東] 杉浦宏昭,202506050612
8,3,5,ラージギャラリー,牝3,55.0,石川裕紀,1:35.2,アタマ,6.6,4.0,478(0),[西] 高橋亮,202506050612
9,8,16,マイネルフーガ,牡3,57.0,丹内祐次,1:35.5,1.1/2,16.4,7.0,486(+4),[東] 鈴木慎太,202506050612
10,8,15,ガーネットウインク,牝3,53.0,長浜鴻緒,1:35.5,クビ,47.0,10.0,486(-6),[東] 小西一男,202506050612
11,2,3,マイネルフォルツァ,牡5,58.0,野中悠太,1:35.8,1.3/4,54.8,12.0,526(+18),[東] 金成貴史,202506050612
12,1,2,ヒロノゴウカイ,牡6,58.0,菅原隆一,1:35.9,1/2,325.1,16.0,502(+4),[東] 蛯名利弘,202506050612
13,6,12,サヴァビアン,牡7,58.0,原優介,1:36.1,1,282.0,15.0,458(+10),[東] 新開幸一,202506050612
14,1,1,ボンベール,牡9,58.0,江田照男,1:36.2,クビ,240.4,14.0,506(+10),[東] 的場均,202506050612
15,5,9,レッドバレンティア,牡5,58.0,嶋田純次,1:36.2,クビ,224.7,13.0,468(0),[東] 矢嶋大樹,202506050612
16,3,6,メイショウヨゾラ,牝4,56.0,横山武史,1:36.3,1/2,5.0,3.0,478(0),[東] 高柳瑞樹,202506050612
1,6,10,コウジハラ,牝2,52.0,小林美駒,1:12.5,,2.7,1.0,424(-2),[東] 西田雄一,202506050701
2,8,14,アドミ,牝2,55.0,菅原明良,1:12.6,3/4,4.0,2.0,454(+12),[東] 中川公成,202506050701
3,7,13,トコシエノヒトミ,牝2,53.0,長浜鴻緒,1:12.9,1.3/4,7.1,4.0,412(0),[東] 小笠倫弘,202506050701
4,8,15,ジャメビュ,牝2,52.0,遠藤汰月,1:13.0,1/2,21.0,6.0,426(0),[東] 佐藤吉勝,202506050701
5,5,9,ベルオーシャン,牝2,52.0,舟山瑠泉,1:13.0,アタマ,23.0,7.0,406(-2),[東] 柄崎将寿,202506050701
6,2,3,ドレドレ,牝2,55.0,津村明秀,1:13.2,1,46.7,10.0,454(+2),[東] 矢嶋大樹,202506050701
7,4,7,スーパーガール,牝2,55.0,丹内祐次,1:13.2,アタマ,5.3,3.0,496(+4),[東] 伊藤圭三,202506050701
8,5,8,チャーミングアイ,牝2,55.0,佐々木大,1:13.3,クビ,215.3,13.0,468(-2),[東] 菊川正達,202506050701
9,7,12,カワキタベレッタ,牝2,52.0,石神深道,1:13.6,1.3/4,284.3,14.0,432(-2),[西] 角田晃一,202506050701
10,3,5,セイブルーアイ,牝2,52.0,石田拓郎,1:13.8,1.1/4,65.3,11.0,444(-2),[東] 新開幸一,202506050701
11,2,2,リケアペンネ,牝2,55.0,野中悠太,1:13.8,ハナ,36.4,9.0,446(+2),[東] 上原博之,202506050701
12,1,1,リオクリスハーレー,牝2,55.0,松山弘平,1:13.8,クビ,9.7,5.0,446(+2),[東] 矢野英一,202506050701
13,6,11,ブルーアンバー,牝2,55.0,黛弘人,1:14.0,1.1/4,468.5,15.0,410(0),[東] 高橋文雅,202506050701
14,4,6,カーマインジュエル,牝2,55.0,岩田康誠,1:14.2,1,31.8,8.0,486(+8),[東] 尾関知人,202506050701
15,3,4,トントンビョウシ,牝2,55.0,嶋田純次,1:15.1,5,95.6,12.0,488(+2),[東] 伊坂重信,202506050701
1,8,16,パッセージピーク,牡2,56.0,プーシャ,1:54.6,,11.6,6.0,504(+8),[東] 田村康仁,202506050702
2,4,7,ウインビギニング,牡2,56.0,マーカン,1:54.7,3/4,2.5,1.0,508(+6),[東] 上原博之,202506050702
3,4,8,ビービーアジャイル,牡2,56.0,原優介,1:54.8,1/2,4.5,2.0,494(0),[東] 中舘英二,202506050702
4,8,15,テイクオンミー,牡2,56.0,柴田善臣,1:55.4,3.1/2,22.4,8.0,498(+2),[東] 水野貴広,202506050702
5,5,9,ハングローズ,牝2,55.0,佐々木大,1:55.9,3,15.8,7.0,438(-8),[東] 奥村武,202506050702
6,3,5,ネイティヴプライド,牡2,56.0,菅原明良,1:56.7,5,10.8,5.0,474(+8),[東] 高木登,202506050702
7,6,12,ライカ,牡2,56.0,大野拓弥,1:56.8,1/2,23.2,9.0,444(+2),[東] 杉浦宏昭,202506050702
8,1,2,クアッドフォルツァ,牡2,53.0,佐藤翔馬,1:56.9,クビ,226.3,12.0,476(+6),[東] 伊藤圭三,202506050702
9,7,14,コウソクルリアン,牡2,56.0,武藤雅,1:57.5,3.1/2,6.2,3.0,474(+10),[東] 武藤善則,202506050702
10,6,11,イデアジュアンイハ,牝2,55.0,石橋脩,1:57.5,ハナ,268.3,14.0,422(-10),[東] 小野次郎,202506050702
11,1,1,ゴットタレント,牡2,56.0,三浦皇成,1:57.7,1.1/2,9.3,4.0,460(0),[東] 田村康仁,202506050702
12,2,4,グスタフ,牡2,56.0,横山典弘,1:58.1,2,43.6,10.0,488(0),[東] 大和田成,202506050702
13,7,13,サバイバルトゥルー,牝2,52.0,石神深道,2:00.1,大,407.2,16.0,436(-2),[東] 和田雄二,202506050702
14,5,10,サイオウガウマ,牝2,55.0,木幡初也,2:00.9,5,342.3,15.0,434(0),[東] 本間忍,202506050702
15,2,3,カフェオリーブ,牝2,52.0,舟山瑠泉,2:02.4,9,218.6,11.0,428(-4),[東] 古賀慎明,202506050702
16,3,6,アンジュリオ,牝2,55.0,菱田裕二,2:09.2,大,248.2,13.0,474(0),[東] 高橋文雅,202506050702
1,3,5,パータリプトラ,セ2,56.0,松山弘平,1:11.7,,3.0,2.0,474(+2),[東] 武井亮,202506050703
2,8,16,ライヴレッドアイ,牝2,55.0,木幡巧也,1:11.8,1,2.4,1.0,492(+4),[東] 牧光二,202506050703
3,6,11,サントマーレ,牡2,56.0,マーカン,1:12.5,4,4.4,3.0,516(+6),[東] 尾関知人,202506050703
4,2,3,マーガレットクレア,牝2,55.0,原優介,1:13.0,3,63.4,9.0,438(-2),[東] 黒岩陽一,202506050703
5,2,4,コロッセウム,牡2,56.0,岩田望来,1:13.1,1/2,16.7,4.0,456(+4),[東] 清水英克,202506050703
6,7,14,ワルキューレキング,牡2,56.0,プーシャ,1:13.2,3/4,20.5,7.0,500(+10),[東] 伊藤大士,202506050703
7,6,12,ピーエムキンチャン,牡2,53.0,石神深道,1:13.4,3/4,103.2,10.0,454(-4),[東] 和田正一,202506050703
8,5,9,ベンガルボダイジュ,牡2,53.0,水沼元輝,1:13.4,ハナ,512.2,14.0,434(+2),[東] 杉浦宏昭,202506050703
9,4,8,ティーエンティー,牡2,56.0,佐々木大,1:13.6,1.1/4,17.2,5.0,496(+6),[東] 久保田貴,202506050703
10,1,2,リバテイー,牝2,53.0,今村聖奈,1:13.9,1.3/4,59.7,8.0,448(+2),[東] 小笠倫弘,202506050703
11,4,7,ニケフェリーチェ,牝2,55.0,柴田大知,1:14.0,3/4,188.7,13.0,448(+4),[東] 菊川正達,202506050703
12,1,1,チュラヴェール,牝2,55.0,丹内祐次,1:14.4,2,19.8,6.0,446(+2),[東] 松山将樹,202506050703
13,7,13,ラインカシウス,牝2,52.0,舟山瑠泉,1:14.4,クビ,160.1,12.0,410(0),[東] 水野貴広,202506050703
14,5,10,ビックリパラダイス,牡2,53.0,遠藤汰月,1:14.9,3,718.0,16.0,494(+16),[東] 萱野浩二,202506050703
15,8,15,イッツソーブライト,牡2,56.0,嶋田純次,1:15.2,1.1/2,565.5,15.0,544(-4),[東] 南田美知,202506050703
16,3,6,カスターニエ,牝2,55.0,横山武史,1:23.3,大,138.0,11.0,430(-4),[東] 伊藤圭三,202506050703
1,7,13,ポッドクロス,牡2,56.0,荻野極,2:01.9,,7.0,4.0,452(+4),[東] 大竹正博,202506050704
2,2,3,シルバーゴールド,牝2,55.0,吉田豊,2:02.0,1/2,40.1,9.0,438(-8),[東] 戸田博文,202506050704
3,1,1,アイスアンドスノー,牡2,56.0,佐々木大,2:02.2,1.1/4,110.8,11.0,500(+10),[東] 古賀慎明,202506050704
4,4,7,シーギリヤロック,牡2,56.0,プーシャ,2:02.2,ハナ,7.4,5.0,444(+2),[東] 田中博康,202506050704
5,5,9,ファインブライト,牡2,56.0,杉原誠人,2:02.3,1/2,216.6,13.0,492(+2),[東] 佐藤吉勝,202506050704
6,1,2,ハルノアメ,牡2,56.0,原田和真,2:02.4,3/4,540.3,17.0,432(+10),[東] 上原博之,202506050704
7,2,4,ウインラファーガ,牡2,56.0,三浦皇成,2:02.5,クビ,24.5,6.0,446(-8),[東] 村田一誠,202506050704
8,7,14,ラクシオンデクラ,牡2,53.0,舟山瑠泉,2:02.5,ハナ,734.1,18.0,438(+8),[東] 尾関知人,202506050704
9,6,11,フォワードマーチ,牝2,55.0,津村明秀,2:02.6,1/2,271.6,14.0,428(-14),[東] 矢嶋大樹,202506050704
10,7,15,ゴコウコイコイ,牝2,55.0,丹内祐次,2:02.8,1.1/4,24.8,7.0,406(-4),[東] 栗田徹,202506050704
11,8,18,ラッキースウィッチ,牡2,56.0,横山武史,2:02.8,クビ,33.2,8.0,474(-2),[東] 蛯名正義,202506050704
12,4,8,ウルフマン,牡2,56.0,マーカン,2:02.9,クビ,2.9,1.0,448(+2),[東] 手塚貴久,202506050704
13,5,10,ピカソジャスパー,牝2,51.0,谷原柚希,2:03.1,1.1/4,441.8,16.0,444(-8),[東] 松山将樹,202506050704
14,3,6,マイエラ,牡2,56.0,菊沢一樹,2:03.1,1/2,204.0,12.0,468(0),[東] 蛯名正義,202506050704
15,8,17,ロイヤルタイム,牡2,56.0,岩田望来,2:03.5,2.1/2,96.6,10.0,430(-4),[東] 和田正一,202506050704
16,3,5,サトノフレア,牡2,56.0,松山弘平,2:03.5,アタマ,3.7,2.0,470(0),[東] 堀宣行,202506050704
17,6,12,オメガディコン,牡2,56.0,戸崎圭太,2:04.0,3,5.0,3.0,536(+2),[東] 浅利英明,202506050704
18,8,16,カワキタスズリノ,牝2,52.0,小林美駒,2:06.2,大,305.2,15.0,466(-8),[東] 池上昌和,202506050704
1,6,12,ルールザウェイヴ,牝2,55.0,マーカン,1:35.1,,4.6,2.0,426(0),[東] 宮田敬介,202506050705
2,5,10,ラルルジェンヌ,牝2,55.0,津村明秀,1:35.3,1.1/4,16.1,7.0,420(0),[東] 和田正一,202506050705
3,4,7,フクノアンタレス,牝2,55.0,松岡正海,1:35.3,アタマ,16.8,8.0,442(0),[東] 堀内岳志,202506050705
4,3,6,ルージュフローラ,牝2,55.0,丸山元気,1:35.4,3/4,6.1,3.0,412(0),[東] 森一誠,202506050705
5,1,2,ブルームコード,牝2,55.0,菅原明良,1:35.5,クビ,17.8,9.0,468(0),[東] 小島茂之,202506050705
6,3,5,クロノレガリス,牝2,55.0,吉田隼人,1:35.5,アタマ,34.5,11.0,404(0),[東] 千葉直人,202506050705
7,8,15,アーデルブリックス,牡2,56.0,プーシャ,1:35.6,1/2,10.9,5.0,434(0),[西] 坂口智康,202506050705
8,7,14,ビシェノ,牝2,55.0,北村友一,1:35.7,1/2,6.4,4.0,430(0),[西] 安田翔伍,202506050705
9,7,13,アルデマン,牡2,56.0,藤岡佑介,1:35.8,1/2,3.7,1.0,430(0),[西] 藤岡健一,202506050705
10,1,1,ライトハウス,牝2,55.0,菱田裕二,1:36.2,2.1/2,155.9,14.0,474(0),[東] 久保田貴,202506050705
11,2,3,ユイノササヤキ,牡2,56.0,丹内祐次,1:36.3,3/4,107.4,13.0,408(0),[東] 深山雅史,202506050705
12,4,8,ニシノマルガリート,牡2,56.0,横山武史,1:36.3,ハナ,12.0,6.0,438(0),[東] 鈴木伸尋,202506050705
13,2,4,カーヴドヴァン,牝2,53.0,長浜鴻緒,1:36.5,1.1/4,97.0,12.0,452(0),[東] 大和田成,202506050705
14,6,11,ペカリーナ,牝2,55.0,木幡初也,1:36.9,2.1/2,178.8,16.0,464(0),[東] 竹内正洋,202506050705
15,8,16,タイヨウノユビワ,牝2,55.0,横山琉人,1:37.2,2,157.2,15.0,474(0),[東] 小島茂之,202506050705
16,5,9,セイレーンバイブス,牝2,55.0,横山典弘,1:37.5,1.3/4,30.8,10.0,434(0),[東] 村田一誠,202506050705
1,7,11,ジェラートキティ,牝2,52.0,舟山瑠泉,1:11.9,,3.7,2.0,430(0),[東] 嘉藤貴行,202506050706
2,2,2,アイスメルティング,牝2,55.0,戸崎圭太,1:12.2,1.3/4,3.2,1.0,426(0),[東] 田島俊明,202506050706
3,3,4,グランマズドリーム,牝2,55.0,柴田善臣,1:12.9,4,72.4,10.0,454(0),[東] 田中勝春,202506050706
4,6,10,ユニバーサルラヴ,牝2,55.0,丹内祐次,1:13.4,2.1/2,8.1,4.0,440(0),[東] 尾関知人,202506050706
5,4,5,オッピポイカ,牡2,56.0,菊沢一樹,1:13.4,クビ,23.8,8.0,460(0),[東] 鈴木慎太,202506050706
5,5,8,アシャカルッカ,牝2,52.0,石田拓郎,1:13.4,同着,47.6,9.0,438(0),[東] 鈴木伸尋,202506050706
7,7,12,ゼンノフォトン,牡2,56.0,松山弘平,1:13.5,3/4,11.2,6.0,456(0),[西] 茶木太樹,202506050706
8,1,1,アイアンクラッド,牡2,56.0,三浦皇成,1:13.8,1.1/2,5.2,3.0,498(0),[東] 上原博之,202506050706
9,4,6,ハリエンジュ,牝2,53.0,今村聖奈,1:14.0,1.1/2,18.5,7.0,448(0),[東] 小手川準,202506050706
10,5,7,スペシャルギフト,牝2,55.0,プーシャ,1:14.2,3/4,9.2,5.0,456(0),[東] 加藤征弘,202506050706
11,6,9,シューペルブリアン,牝2,55.0,江田照男,1:14.4,1.1/2,161.7,13.0,456(0),[東] 佐藤吉勝,202506050706
12,3,3,キーチデッドミラー,牡2,56.0,菅原隆一,1:14.9,3,175.4,14.0,456(0),[東] 小手川準,202506050706
13,8,14,キタノローズ,牝2,55.0,小林凌大,1:14.9,ハナ,139.4,12.0,476(0),[東] 小西一男,202506050706
14,8,13,スミレノハナ,牝2,55.0,丸山元気,1:18.4,大,108.9,11.0,460(0),[東] 加藤和宏,202506050706
1,5,9,ウィッシュツリー,牝3,54.0,戸崎圭太,2:14.7,,2.6,1.0,462(+18),[東] 宮田敬介,202506050707
2,7,14,ノクターン,牝3,54.0,横山武史,2:14.7,アタマ,4.5,2.0,496(+26),[東] 木村哲也,202506050707
3,6,11,ミッドセンチュリー,牡3,56.0,嶋田純次,2:14.8,3/4,48.0,14.0,486(+38),[東] 松山将樹,202506050707
4,7,15,ウアーシュプルング,牝3,54.0,三浦皇成,2:14.9,クビ,7.4,3.0,468(+14),[東] 鹿戸雄一,202506050707
5,8,18,オリオアルセーリオ,牝3,54.0,津村明秀,2:15.0,1/2,22.6,7.0,410(+2),[東] 木村哲也,202506050707
6,4,8,キョウエイグッド,牡3,56.0,木幡巧也,2:15.0,クビ,41.0,13.0,454(+20),[東] 千葉直人,202506050707
7,2,4,ゲレル,牝3,54.0,上野翔,2:15.0,アタマ,480.1,18.0,446(+2),[東] 小野次郎,202506050707
8,1,2,ヴィジョンメーカー,牡3,56.0,プーシャ,2:15.1,クビ,9.9,4.0,546(+30),[東] 林徹,202506050707
9,7,13,ヤコブセン,牡3,56.0,斎藤新,2:15.1,アタマ,92.4,16.0,514(+2),[東] 斎藤誠,202506050707
10,5,10,ストラニエーロ,牝3,54.0,佐々木大,2:15.3,1.1/4,67.6,15.0,446(-8),[東] 尾関知人,202506050707
11,6,12,クラッチプレイヤー,牡4,58.0,吉田隼人,2:15.3,アタマ,31.1,10.0,516(-2),[東] 国枝栄,202506050707
12,3,6,マイバラード,牡5,58.0,松山弘平,2:15.4,3/4,38.3,12.0,490(+12),[東] 松永康利,202506050707
13,1,1,ツインピークス,牝3,52.0,長浜鴻緒,2:15.4,ハナ,15.4,6.0,494(+4),[東] 千葉直人,202506050707
14,8,17,マイネルアレス,牡3,56.0,石川裕紀,2:15.5,クビ,14.2,5.0,458(+10),[東] 相沢郁,202506050707
15,3,5,キューティクローム,牝4,53.0,上里直汰,2:15.8,2,417.6,17.0,446(0),[東] 堀内岳志,202506050707
16,2,3,コスモグラニット,牡3,56.0,丹内祐次,2:16.3,3,34.7,11.0,496(+8),[東] 清水英克,202506050707
17,4,7,エオアリイ,牡3,56.0,マーカン,2:16.6,1.3/4,24.8,8.0,472(-10),[東] 田中博康,202506050707
18,8,16,ビップチェイス,牡4,58.0,江田照男,2:17.5,5,27.3,9.0,464(+10),[東] 田島俊明,202506050707
1,7,14,ミダース,牡4,58.0,マーカン,1:53.9,,3.6,2.0,520(+2),[東] 栗田徹,202506050708
2,1,1,ホークライト,セ3,57.0,戸崎圭太,1:54.0,1/2,3.5,1.0,486(+4),[東] 中舘英二,202506050708
3,3,6,リラゲイル,牡3,57.0,荻野極,1:54.3,2,19.1,7.0,466(-5),[東] 矢野英一,202506050708
4,8,15,ニシノブレイゼスト,牡3,57.0,菅原明良,1:54.6,1.3/4,4.2,3.0,506(+2),[東] 高木登,202506050708
5,6,12,ガラスノブルース,牡4,58.0,杉原誠人,1:54.7,3/4,44.6,9.0,448(+2),[東] 田村康仁,202506050708
6,3,5,ライヴスプーン,牝3,55.0,小林凌大,1:54.9,1.1/4,20.2,8.0,422(+12),[東] 尾形和幸,202506050708
7,1,2,ハクシンブライアン,牡3,57.0,大野拓弥,1:55.2,1.1/2,11.2,5.0,510(+16),[東] 松山将樹,202506050708
8,5,10,トモジャシャトー,牡4,56.0,長浜鴻緒,1:55.2,クビ,241.3,11.0,488(-7),[東] 小笠倫弘,202506050708
9,4,7,クールシェルタ,牡6,55.0,舟山瑠泉,1:55.6,2.1/2,306.4,12.0,504(-2),[東] 高橋文雅,202506050708
10,7,13,キングベルベット,セ4,58.0,横山武史,1:55.7,クビ,7.3,4.0,500(+6),[東] 国枝栄,202506050708
11,4,8,ノアチュロス,牝3,55.0,丹内祐次,1:56.1,2.1/2,53.9,10.0,480(-13),[東] 田村康仁,202506050708
12,2,3,シークレットロゴ,牡5,55.0,石神深道,1:59.1,大,433.7,16.0,512(+10),[東] 和田正一,202506050708
13,2,4,フォートポータル,セ4,58.0,柴田大知,1:59.3,1,370.7,13.0,470(+4),[東] 粕谷昌央,202506050708
14,6,11,ケンヴァイザッハ,牡5,55.0,水沼元輝,1:59.3,クビ,395.8,14.0,452(+8),[東] 石栗龍彦,202506050708
15,8,16,エナジーショット,牝3,55.0,津村明秀,1:59.4,1/2,12.9,6.0,428(+4),[東] 矢嶋大樹,202506050708
16,5,9,ローレルランウェイ,牝3,55.0,黛弘人,1:59.7,1.1/2,401.9,15.0,450(-1),[東] 村田一誠,202506050708
1,4,7,アンビバレント,牡5,58.0,石川裕紀,1:07.8,,18.0,7.0,478(-2),[西] 藤野健太,202506050709
2,8,15,スムースベルベット,牝5,56.0,嶋田純次,1:08.5,4,295.3,14.0,504(-4),[東] 南田美知,202506050709
3,7,13,タマカヅラ,牝3,55.0,岩田望来,1:08.5,ハナ,7.6,3.0,426(0),[東] 斎藤誠,202506050709
4,5,9,ヴァンヴィーヴ,牡4,58.0,マーカン,1:08.5,ハナ,3.1,2.0,518(+6),[西] 牧浦充徳,202506050709
5,1,2,スターウェーブ,牡3,57.0,三浦皇成,1:08.7,1.1/4,17.5,6.0,504(+4),[東] 武井亮,202506050709
6,2,3,ニシノラヴァンダ,牝3,55.0,池添謙一,1:08.7,ハナ,43.5,9.0,434(-2),[東] 奥平雅士,202506050709
7,5,10,トーセントラム,牡5,58.0,原田和真,1:08.7,クビ,25.7,8.0,462(+10),[東] 佐藤吉勝,202506050709
8,3,6,ミニョンマルーン,牝3,55.0,丹内祐次,1:08.8,1/2,7.7,4.0,474(-2),[東] 伊藤圭三,202506050709
9,3,5,アップストローク,セ6,58.0,木幡巧也,1:08.8,ハナ,49.5,10.0,468(+12),[東] 杉浦宏昭,202506050709
10,2,4,マイネルビジョン,牡5,58.0,菊沢一樹,1:08.9,クビ,315.9,15.0,478(+16),[東] 伊藤大士,202506050709
11,1,1,ゴキゲンサン,牝5,56.0,岩田康誠,1:09.0,3/4,16.7,5.0,506(-4),[東] 伊藤大士,202506050709
12,6,11,ルシード,牡3,57.0,戸崎圭太,1:09.1,クビ,2.6,1.0,516(0),[東] 田島俊明,202506050709
13,7,14,ムチャスグラシアス,牝4,56.0,佐々木大,1:09.3,1.1/4,86.0,12.0,438(-6),[東] 菊川正達,202506050709
14,6,12,イスラコラソン,牝3,55.0,横山琉人,1:09.3,クビ,154.2,13.0,444(+6),[東] 大和田成,202506050709
15,8,16,ユキノエミリオ,牡3,57.0,松岡正海,1:09.6,1.1/2,76.0,11.0,440(+2),[東] 竹内正洋,202506050709
16,4,8,オセアフラッグ,牡5,58.0,江田照男,1:10.1,3.1/2,375.5,16.0,500(+6),[東] 戸田博文,202506050709
1,4,4,エコロデュエル,牡6,63.0,草野太郎,4:46.8,,1.5,1.0,480(-2),[東] 岩戸孝樹,202506050710
2,1,1,ネビーイーム,牡7,63.0,小牧加矢,4:47.6,5,3.7,2.0,530(-6),[西] 佐々木晶,202506050710
3,7,7,フェーレンベルク,牡5,63.0,上野翔,4:47.9,1.1/2,10.6,4.0,482(+6),[東] 千葉直人,202506050710
4,6,6,ジューンベロシティ,牡7,63.0,高田潤,4:48.5,4,5.3,3.0,470(-2),[西] 武英智,202506050710
5,8,9,プラチナドリーム,牡6,63.0,石神深一,4:49.7,7,73.6,6.0,484(0),[東] 菊川正達,202506050710
6,3,3,ピーターサイト,牡5,63.0,森一馬,4:49.8,1/2,29.7,5.0,478(-2),[東] 村田一誠,202506050710
7,8,10,メイショウアツイタ,牡7,63.0,難波剛健,4:50.1,2,101.3,7.0,510(+2),[西] 高橋義忠,202506050710
8,7,8,アルデドゥオーモ,牡4,63.0,伴啓太,4:50.2,クビ,163.9,9.0,496(0),[東] 矢野英一,202506050710
9,2,2,タマモエース,牡6,63.0,小野寺祐,4:50.2,クビ,138.0,8.0,488(-4),[西] 宮地貴稔,202506050710
10,5,5,タンジェントアーク,セ7,63.0,五十嵐雄,4:50.3,3/4,206.1,10.0,448(+10),[東] 田村康仁,202506050710
1,2,4,ロブチェン,牡2,56.0,松山弘平,2:01.0,,19.8,7.0,512(-4),[西] 杉山晴紀,202506050711
2,6,11,フォルテアンジェロ,牡2,56.0,マーカン,2:01.1,3/4,6.4,4.0,450(+2),[東] 上原佑紀,202506050711
3,8,15,アスクエジンバラ,牡2,56.0,岩田康誠,2:01.2,1/2,32.9,9.0,456(-8),[西] 福永祐一,202506050711
4,1,2,アーレムアレス,牡2,56.0,菱田裕二,2:01.4,1,16.0,6.0,494(+6),[西] 橋口慎介,202506050711
5,3,6,バドリナート,牡2,56.0,坂井瑠星,2:01.4,ハナ,6.4,5.0,492(+4),[西] 松永幹夫,202506050711
6,8,16,オルフセン,牡2,56.0,岩田望来,2:01.6,1.1/2,29.9,8.0,484(0),[東] 斎藤誠,202506050711
7,6,12,アンドゥーリル,牡2,56.0,川田将雅,2:01.6,ハナ,3.5,1.0,460(-2),[西] 中内田充,202506050711
8,2,3,ジャスティンビスタ,牡2,56.0,北村友一,2:01.7,1/2,4.6,2.0,516(0),[西] 吉岡辰弥,202506050711
9,4,7,テーオーアルアイン,牡2,56.0,横山武史,2:01.8,3/4,87.8,13.0,486(-4),[西] 奥村豊,202506050711
10,1,1,ノチェセラーダ,牡2,56.0,プーシャ,2:01.8,アタマ,37.9,10.0,470(+2),[西] 杉山佳明,202506050711
11,4,8,マテンロウゼロ,牡2,56.0,横山典弘,2:01.9,クビ,151.9,15.0,464(+2),[西] 松永幹夫,202506050711
12,7,14,ジーネキング,牡2,56.0,斎藤新,2:02.1,1,55.0,11.0,490(+12),[東] 斎藤誠,202506050711
13,5,10,ウイナーズナイン,牡2,56.0,西村淳也,2:02.3,1.1/4,62.0,12.0,512(+8),[西] 小栗実,202506050711
14,7,13,ショウナンガルフ,牡2,56.0,池添謙一,2:02.4,1/2,5.6,3.0,492(+20),[西] 須貝尚介,202506050711
15,3,5,ノーウェアマン,牡2,56.0,木幡巧也,2:02.8,2.1/2,279.1,16.0,490(0),[東] 浅利英明,202506050711
16,5,9,メイショウハチコウ,牡2,56.0,三浦皇成,2:02.9,1/2,133.0,14.0,506(+10),[西] 牧浦充徳,202506050711
1,8,14,ミクニインスパイア,牡3,56.0,丹内祐次,2:35.5,,2.4,1.0,508(0),[東] 林徹,202506050712
2,3,3,アマキヒ,牡3,56.0,戸崎圭太,2:35.8,2,4.6,3.0,498(+6),[東] 国枝栄,202506050712
3,3,4,ローザサンリヴァル,牡4,58.0,プーシャ,2:35.9,1/2,7.8,4.0,508(+2),[西] 高野友和,202506050712
4,2,2,サクソンジェンヌ,牝4,56.0,坂井瑠星,2:35.9,ハナ,30.7,9.0,470(+2),[西] 高橋義忠,202506050712
5,5,7,アスターブジエ,牡5,58.0,西村淳也,2:36.0,クビ,23.4,7.0,468(-4),[西] 中竹和也,202506050712
6,4,6,レッドテリオス,牡4,58.0,マーカン,2:36.0,アタマ,4.0,2.0,490(+10),[東] 古賀慎明,202506050712
7,4,5,フルール,牝5,56.0,荻野極,2:36.2,1.1/2,26.7,8.0,504(+12),[東] 上原佑紀,202506050712
8,7,12,サークルオブジョイ,牡4,58.0,北村友一,2:36.3,アタマ,17.1,5.0,502(+4),[西] 池添学,202506050712
9,1,1,スピードリッチ,牡4,58.0,藤岡佑介,2:36.3,ハナ,20.6,6.0,484(+4),[西] 藤岡健一,202506050712
10,6,9,モズマーヴェリック,牡4,58.0,三浦皇成,2:36.3,クビ,100.4,10.0,486(+6),[西] 牧浦充徳,202506050712
11,8,13,メイテソーロ,牡5,58.0,原優介,2:36.5,1,201.3,12.0,500(0),[東] 武市康男,202506050712
12,7,11,フェミナフォルテ,牝5,56.0,横山琉人,2:36.9,2,333.4,13.0,432(+8),[東] 小島茂之,202506050712
13,6,10,レッドヴェロシティ,牡7,58.0,杉原誠人,2:37.0,1/2,146.9,11.0,540(-8),[東] 木村哲也,202506050712
14,5,8,アームブランシュ,牡5,58.0,吉田豊,2:37.8,5,377.4,14.0,462(0),[東] 竹内正洋,202506050712
1,8,16,ピュール,牡2,56.0,木幡巧也,1:13.1,,96.7,12.0,406(+6),[東] 久保田貴,202506050801
2,7,14,イイクニパッション,牡2,56.0,内田博幸,1:13.6,2.1/2,3.2,2.0,506(+6),[東] 深山雅史,202506050801
3,2,4,モーゲンセン,牡2,56.0,マーカン,1:13.6,クビ,4.7,3.0,520(+16),[東] 斎藤誠,202506050801
4,3,5,タイセイガナール,牡2,54.0,長浜鴻緒,1:13.7,1/2,26.7,8.0,478(+2),[東] 伊藤圭三,202506050801
5,4,7,タヤスロレンヌ,牝2,55.0,江田照男,1:13.8,1/2,16.2,6.0,462(+2),[東] 岩戸孝樹,202506050801
6,6,12,チェストー,牡2,52.0,谷原柚希,1:14.0,3/4,239.9,14.0,454(+24),[東] 土田稔,202506050801
7,3,6,イヌボウノキラメキ,牝2,55.0,北村友一,1:14.1,1/2,42.4,9.0,474(+2),[東] 国枝栄,202506050801
8,8,15,オテモヤン,牝2,52.0,遠藤汰月,1:14.2,1/2,14.1,5.0,464(+6),[東] 本間忍,202506050801
9,4,8,コウユーニポポニコ,牝2,55.0,木幡初也,1:14.3,1/2,8.9,4.0,466(+12),[東] 竹内正洋,202506050801
10,5,9,ケイツースクード,牡2,53.0,上里直汰,1:14.4,1/2,66.0,10.0,426(+6),[東] 萱野浩二,202506050801
11,2,3,ニシノランペイジ,牡2,56.0,菅原明良,1:14.6,1.1/2,113.7,13.0,468(-2),[東] 松山将樹,202506050801
12,5,10,クルビデンス,牡2,56.0,佐々木大,1:14.7,1/2,69.2,11.0,452(+6),[東] 菊川正達,202506050801
13,6,11,ミツカネメルクリオ,牡2,56.0,丹内祐次,1:14.9,1.1/4,3.1,1.0,446(+2),[東] 清水英克,202506050801
14,7,13,チャンピオンホース,牡2,53.0,舟山瑠泉,1:15.0,クビ,23.8,7.0,466(0),[東] 尾形和幸,202506050801
15,1,2,ベアフォースワン,牡2,56.0,松岡正海,1:15.6,4,312.7,16.0,448(-2),[東] 杉浦宏昭,202506050801
16,1,1,スケダチムヨウ,牡2,56.0,野中悠太,1:15.7,1/2,248.5,15.0,450(-2),[東] 根本康広,202506050801
1,8,15,タイセツナヒ,牡2,56.0,マーカン,1:56.9,,6.7,2.0,480(+2),[東] 杉浦宏昭,202506050802
2,6,12,イデアクリスタル,牝2,55.0,横山和生,1:57.0,クビ,11.5,4.0,478(+2),[東] 小西一男,202506050802
3,4,7,サイモフェーン,牡2,56.0,ルメール,1:57.6,3.1/2,1.3,1.0,490(+6),[東] 高木登,202506050802
4,7,14,ソニックキャット,牡2,56.0,三浦皇成,1:57.7,3/4,7.7,3.0,512(+4),[東] 田村康仁,202506050802
5,5,10,ハッピーカーン,牡2,56.0,木幡育也,1:58.0,1.1/2,60.2,6.0,472(0),[東] 松永康利,202506050802
6,5,9,プリンセスダーコ,牝2,53.0,長浜鴻緒,1:58.1,1/2,14.1,5.0,474(-4),[東] 清水英克,202506050802
7,6,11,チェイサー,牡2,56.0,横山琉人,1:58.4,1.3/4,116.4,10.0,424(-2),[東] 相沢郁,202506050802
8,7,13,サラサチャチャチャ,牝2,55.0,江田照男,1:58.4,ハナ,110.1,8.0,468(-2),[東] 田中剛,202506050802
9,1,2,マツリダシリウス,牡2,56.0,武藤雅,1:58.5,1/2,83.7,7.0,472(+4),[東] 水野貴広,202506050802
10,8,16,アスパラゴ,牝2,55.0,五十嵐雄,1:58.6,3/4,183.3,12.0,474(+4),[東] 田村康仁,202506050802
11,2,4,パワポケウォーズ,牡2,56.0,小林凌大,1:59.0,2.1/2,115.8,9.0,428(+2),[東] 大和田成,202506050802
12,3,6,オーキッドワン,牡2,53.0,舟山瑠泉,1:59.1,1/2,192.1,14.0,452(+2),[東] 水野貴広,202506050802
13,2,3,トラストレガート,牝2,55.0,吉田豊,1:59.2,1/2,186.1,13.0,456(+8),[東] 高橋文雅,202506050802
14,4,8,メイプルインパクト,牡2,56.0,丸田恭介,2:00.7,9,313.7,16.0,540(-4),[東] 南田美知,202506050802
15,3,5,イントゥゴールデン,牡2,53.0,石神深道,2:01.1,2.1/2,207.3,15.0,478(+4),[東] 和田雄二,202506050802
16,1,1,マランドロ,牡2,56.0,原優介,2:04.9,大,126.4,11.0,470(+14),[東] 奥平雅士,202506050802
1,5,10,ニシノセイドウ,牡2,56.0,津村明秀,1:09.1,,10.7,5.0,446(-4),[東] 伊藤大士,202506050803
2,2,3,キッショウダラニ,牡2,56.0,木幡巧也,1:09.2,3/4,3.7,2.0,434(-2),[東] 牧光二,202506050803
3,6,12,クリオロゴールド,牡2,56.0,横山武史,1:09.3,3/4,4.4,3.0,436(0),[東] 高柳瑞樹,202506050803
4,7,13,シャインフォーミー,牝2,55.0,松山弘平,1:09.5,1.1/4,3.1,1.0,442(-2),[東] 尾関知人,202506050803
5,4,8,ヨドノサファイア,牝2,55.0,横山典弘,1:09.6,3/4,16.1,7.0,442(+2),[東] 稲垣幸雄,202506050803
6,6,11,ツルノマイハシ,牝2,55.0,戸崎圭太,1:09.6,ハナ,9.6,4.0,460(+2),[東] 杉浦宏昭,202506050803
7,4,7,リュウセイコウテイ,牡2,53.0,石神深道,1:09.8,1,22.6,8.0,454(+12),[東] 奥平雅士,202506050803
8,3,6,ヴァールザーゲン,牝2,55.0,菊沢一樹,1:10.0,1,290.2,14.0,416(+4),[東] 松山将樹,202506050803
9,2,4,ニシノオールワン,牝2,55.0,鮫島克駿,1:10.0,クビ,11.5,6.0,456(-2),[東] 加藤征弘,202506050803
10,1,1,ミスチヴマリアンヌ,牝2,55.0,横山和生,1:10.1,1/2,92.4,10.0,440(-8),[東] 小野次郎,202506050803
11,7,14,イーリスアスター,牝2,55.0,丹内祐次,1:10.1,アタマ,69.2,9.0,420(-4),[東] 尾形和幸,202506050803
12,5,9,アロハオエ,牝2,55.0,内田博幸,1:10.5,2.1/2,234.3,12.0,442(-8),[東] 中川公成,202506050803
13,8,16,アイアンブランド,牝2,55.0,柴田大知,1:11.0,3,315.2,15.0,420(0),[東] 南田美知,202506050803
14,1,2,フィオーレグリーン,牝2,55.0,野中悠太,1:11.1,3/4,391.4,16.0,416(+6),[東] 根本康広,202506050803
15,8,15,トモロウィンアスク,牝2,55.0,原優介,1:11.2,アタマ,275.7,13.0,386(-10),[東] 蛯名正義,202506050803
16,3,5,スティルアイライズ,牝2,52.0,上里直汰,1:11.6,2.1/2,100.3,11.0,420(-6),[東] 加藤和宏,202506050803
1,4,4,アルデトップガン,牡2,56.0,菅原明良,1:11.7,,24.5,6.0,466(0),[東] 田中剛,202506050804
2,8,10,ラブルラウザー,牝2,55.0,川田将雅,1:11.7,ハナ,2.2,1.0,458(+2),[西] 大久保龍,202506050804
3,6,7,エコロシード,牡2,56.0,松山弘平,1:12.0,1.3/4,2.8,2.0,544(+6),[東] 堀宣行,202506050804
4,8,11,アンティミスト,牡2,56.0,横山武史,1:12.4,2.1/2,99.4,9.0,526(+4),[東] 鈴木伸尋,202506050804
5,7,9,アパタイトテソーロ,牝2,55.0,佐々木大,1:12.5,クビ,197.9,10.0,422(-2),[東] 畠山吉宏,202506050804
6,7,8,セイウンアインス,牝2,55.0,武藤雅,1:13.4,5,89.4,8.0,452(+10),[東] 武藤善則,202506050804
7,5,5,レッドスティンガー,牡2,56.0,横山和生,1:13.4,アタマ,6.9,4.0,474(+6),[東] 矢嶋大樹,202506050804
8,6,6,ドナソール,牝2,55.0,荻野極,1:13.8,2.1/2,62.2,7.0,468(-2),[東] 畠山吉宏,202506050804
9,3,3,コパノトーマス,牡2,56.0,原優介,1:13.9,クビ,15.0,5.0,482(+4),[東] 青木孝文,202506050804
10,2,2,エムフォー,牡2,53.0,小林美駒,1:14.2,1.3/4,6.1,3.0,466(+4),[西] 石坂公一,202506050804
11,1,1,ドングラミ,セ2,56.0,小林脩斗,1:17.5,大,434.3,11.0,476(+4),[東] 本間忍,202506050804
1,8,15,クラウトロック,牡2,56.0,プーシャ,1:55.7,,1.9,1.0,534(0),[東] 加藤征弘,202506050805
2,4,7,ジェネラスキング,牡2,56.0,佐々木大,1:57.1,8,51.3,10.0,482(0),[東] 久保田貴,202506050805
3,4,8,ロードトライデント,牡2,56.0,横山武史,1:57.3,1,3.6,2.0,482(0),[東] 千葉直人,202506050805
4,3,6,ジオストラテジー,牡2,56.0,戸崎圭太,1:58.3,6,10.0,4.0,504(0),[東] 牧光二,202506050805
5,1,2,サルサブラヴァ,牡2,56.0,原優介,1:59.1,5,32.5,7.0,514(0),[東] 奥村武,202506050805
6,5,10,キタノエピックアン,牝2,52.0,舟山瑠泉,1:59.1,クビ,184.7,15.0,452(0),[東] 萱野浩二,202506050805
7,3,5,ルアグロール,牡2,56.0,小林脩斗,1:59.3,1,84.3,13.0,460(0),[東] 嘉藤貴行,202506050805
8,2,4,ジージージェット,牡2,56.0,松山弘平,2:00.7,8,8.0,3.0,572(0),[西] 奥村豊,202506050805
9,7,14,ブレイブシュガー,牡2,54.0,長浜鴻緒,2:01.1,2.1/2,65.0,11.0,464(0),[東] 高橋文雅,202506050805
10,8,16,リュウゴピュア,牡2,56.0,横山和生,2:01.2,1/2,19.7,5.0,490(0),[東] 小野次郎,202506050805
11,5,9,モロノラピド,牡2,56.0,丸山元気,2:01.8,4,208.2,16.0,472(0),[東] 田中勝春,202506050805
12,1,1,ノーチェ,牝2,52.0,上里直汰,2:03.7,大,42.1,9.0,500(0),[東] 加藤士津,202506050805
13,6,11,ネオアンボウ,牡2,53.0,石田拓郎,2:03.7,ハナ,75.7,12.0,552(0),[東] 小西一男,202506050805
14,2,3,サンドッグ,牡2,56.0,木幡巧也,2:03.8,1/2,110.8,14.0,526(0),[東] 勢司和浩,202506050805
15,6,12,グラスフェザー,牡2,56.0,丹内祐次,2:04.5,4,27.5,6.0,502(0),[東] 田島俊明,202506050805
16,7,13,ジュンサク,牝2,55.0,荻野極,2:06.1,10,34.5,8.0,450(0),[東] 伊坂重信,202506050805
1,3,6,コンジェスタス,牡2,56.0,Ｃ．デム,2:03.6,,8.3,4.0,530(0),[西] 高野友和,202506050806
2,7,15,レッドレガリア,牡2,56.0,ルメール,2:03.7,1,2.2,1.0,534(0),[東] 木村哲也,202506050806
3,4,7,ミッキーファルコン,牡2,56.0,松山弘平,2:03.7,アタマ,5.0,3.0,426(0),[東] 堀宣行,202506050806
4,2,4,サトノクラシカル,牡2,56.0,マーカン,2:04.0,1.1/2,4.4,2.0,490(0),[東] 宮田敬介,202506050806
5,7,14,サートゥルチェア,牝2,55.0,横山和生,2:04.0,クビ,34.7,8.0,452(0),[東] 嘉藤貴行,202506050806
6,7,13,トレセデオロ,牡2,56.0,荻野極,2:04.2,1.1/4,34.4,7.0,458(0),[西] 清水久詞,202506050806
7,2,3,ニュークリアス,牡2,56.0,横山武史,2:04.4,3/4,55.8,10.0,472(0),[東] 萩原清,202506050806
8,6,11,デルマホダカ,牝2,55.0,菊沢一樹,2:04.5,3/4,266.8,17.0,484(0),[東] 菊沢隆徳,202506050806
9,6,12,タロ,牡2,56.0,鮫島克駿,2:04.6,3/4,153.1,14.0,462(0),[西] 新谷功一,202506050806
10,5,10,コスモアルペジオ,牡2,56.0,丹内祐次,2:04.6,クビ,42.7,9.0,466(0),[東] 鹿戸雄一,202506050806
11,8,17,ソフィア,牝2,55.0,三浦皇成,2:04.9,2,20.3,6.0,444(0),[東] 鹿戸雄一,202506050806
12,5,9,ブザービーター,牡2,56.0,佐々木大,2:05.3,2.1/2,118.3,12.0,472(0),[東] 黒岩陽一,202506050806
13,8,18,シルバープレミア,牝2,55.0,横山典弘,2:05.5,1,142.7,13.0,396(0),[東] 西田雄一,202506050806
14,1,2,アーティキュレート,牡2,56.0,プーシャ,2:05.7,1,64.1,11.0,488(0),[東] 手塚貴久,202506050806
15,1,1,アルデナイン,牝2,52.0,舟山瑠泉,2:05.9,1.1/4,229.1,15.0,440(0),[東] 村田一誠,202506050806
16,4,8,ビーストウォーズ,牡2,54.0,長浜鴻緒,2:05.9,クビ,247.5,16.0,454(0),[東] 松山将樹,202506050806
17,3,5,キミガハマ,牝2,55.0,戸崎圭太,2:05.9,ハナ,17.7,5.0,472(0),[東] 嘉藤貴行,202506050806
18,8,16,マイネルモンブラン,牡2,56.0,横山琉人,2:10.9,大,304.2,18.0,484(0),[東] 鈴木慎太,202506050806
1,7,14,タイセイルヴァン,牡3,57.0,黛弘人,1:12.0,,8.5,5.0,500(+6),[東] 新開幸一,202506050807
2,8,16,チェルシー,牝4,54.0,長浜鴻緒,1:12.3,1.3/4,7.2,4.0,444(+4),[東] 中舘英二,202506050807
3,4,8,パシーヴ,牡3,57.0,三浦皇成,1:12.6,1.3/4,6.4,3.0,482(+2),[東] 上原博之,202506050807
4,3,5,メッエフアパラ,牡4,58.0,坂井瑠星,1:12.8,1.1/2,4.1,2.0,470(+8),[東] 辻哲英,202506050807
5,4,7,クインズシフォン,牝3,52.0,石神深道,1:12.9,クビ,9.2,6.0,456(0),[東] 和田正一,202506050807
6,6,11,アルマーレシチー,セ4,55.0,石田拓郎,1:13.1,1.1/4,47.5,10.0,540(-8),[東] 上原博之,202506050807
7,1,2,エフエイト,牡4,58.0,横山武史,1:13.2,クビ,3.4,1.0,446(-2),[東] 小野次郎,202506050807
8,5,9,サンマルリアン,牝5,56.0,小林凌大,1:13.2,クビ,386.1,15.0,470(+2),[東] 土田稔,202506050807
9,5,10,サトノセレナーデ,牝4,56.0,北村宏司,1:13.2,ハナ,26.8,8.0,528(+16),[東] 古賀慎明,202506050807
10,7,13,テイラーテソーロ,牡4,58.0,佐々木大,1:13.6,2.1/2,163.6,14.0,496(-4),[東] 菊川正達,202506050807
11,3,6,エルオレンス,牡3,57.0,横山典弘,1:13.7,3/4,14.1,7.0,486(0),[東] 深山雅史,202506050807
12,6,12,ヒメカミノイタダキ,牡6,58.0,原優介,1:13.8,クビ,65.0,11.0,512(+12),[東] 武市康男,202506050807
13,2,4,リッチハンター,牡5,55.0,小林美駒,1:14.0,1.1/4,33.0,9.0,512(+2),[東] 本間忍,202506050807
14,2,3,スノークルーズ,牝3,55.0,武藤雅,1:14.0,ハナ,110.9,12.0,466(+22),[東] 武藤善則,202506050807
15,8,15,トモサカエ,牝4,56.0,丹内祐次,1:14.1,クビ,113.9,13.0,542(+8),[東] 大竹正博,202506050807
16,1,1,アイファーリーベン,牝6,56.0,的場勇人,1:15.6,9,436.9,16.0,462(-6),[東] 的場均,202506050807
1,4,5,ジェイエルマスター,牡3,57.0,横山和生,1:52.9,,3.0,2.0,484(0),[東] 小西一男,202506050808
2,7,10,プルナチャンドラ,牡4,58.0,石橋脩,1:53.0,1,7.8,4.0,504(-2),[東] 小野次郎,202506050808
3,4,4,ディーズゴールド,牡3,57.0,ルメール,1:54.3,8,2.5,1.0,490(-4),[東] 田村康仁,202506050808
4,5,6,オールマキシマム,牝5,56.0,荻野極,1:54.3,クビ,22.3,6.0,462(+6),[東] 奥平雅士,202506050808
5,5,7,アートレスマインド,牡3,57.0,Ｃ．デム,1:54.7,2,4.8,3.0,480(-4),[西] 坂口智康,202506050808
6,8,13,カフェアローロ,牝4,56.0,佐々木大,1:55.1,2.1/2,59.1,8.0,514(+6),[東] 古賀慎明,202506050808
7,8,12,マンダリンボレロ,牡5,58.0,松岡正海,1:55.3,3/4,67.3,9.0,512(-2),[東] 伊藤伸一,202506050808
8,7,11,コスモマルーン,牝5,56.0,吉田豊,1:55.6,2,358.7,13.0,474(0),[東] 土田稔,202506050808
9,6,8,ベルイストワール,牝4,56.0,杉原誠人,1:56.0,2.1/2,80.3,10.0,562(+18),[東] 宮田敬介,202506050808
10,6,9,オーケーマヒナ,牝3,55.0,横山琉人,1:56.4,2,48.5,7.0,466(+4),[東] 相沢郁,202506050808
11,2,2,アパイシュナール,牝4,56.0,丹内祐次,1:57.1,4,134.4,11.0,464(-4),[東] 田村康仁,202506050808
12,1,1,ジューンエオス,牝3,55.0,松山弘平,1:58.1,6,12.6,5.0,488(-2),[西] 武英智,202506050808
13,3,3,エンプレスフレーム,牝3,55.0,原田和真,1:58.4,1.3/4,160.7,12.0,454(0),[東] 上原博之,202506050808
1,4,6,コーチェラバレー,牡3,56.0,Ｃ．デム,2:33.6,,3.6,2.0,436(-2),[西] 安田翔伍,202506050809
2,5,8,ピックデムッシュ,牡3,56.0,ルメール,2:33.8,1.1/2,2.3,1.0,462(+2),[東] 鹿戸雄一,202506050809
3,6,9,オストラヴァ,牡3,54.0,津村明秀,2:33.9,クビ,9.1,4.0,480(+10),[東] 林徹,202506050809
4,7,12,フィーリウス,牡3,55.0,マーカン,2:33.9,ハナ,4.3,3.0,512(+2),[東] 手塚貴久,202506050809
5,3,4,ウインマイルート,牡6,56.0,丹内祐次,2:34.1,1.1/2,175.8,12.0,450(0),[東] 鈴木慎太,202506050809
6,2,2,エコロレイズ,牡4,56.0,菅原明良,2:34.2,1/2,36.3,7.0,504(0),[東] 岩戸孝樹,202506050809
7,8,14,オウケンボルト,牡6,54.0,北村友一,2:34.2,ハナ,202.1,13.0,456(-2),[東] 土田稔,202506050809
8,7,11,ショウナンガチ,牡4,55.0,池添謙一,2:34.2,アタマ,89.2,10.0,504(-2),[西] 須貝尚介,202506050809
9,4,5,ラーシャローム,牡3,54.0,長浜鴻緒,2:34.4,1.1/4,75.7,9.0,480(+10),[東] 奥村武,202506050809
10,8,13,リギーロ,牡3,55.0,佐々木大,2:34.7,1.1/2,27.2,6.0,476(0),[東] 栗田徹,202506050809
11,3,3,ソワドリヨン,牝5,53.0,舟山瑠泉,2:34.8,3/4,123.9,11.0,486(+2),[東] 古賀慎明,202506050809
12,5,7,セイウンパシュート,牡5,55.0,プーシャ,2:34.8,クビ,70.1,8.0,474(-2),[東] 上原博之,202506050809
13,1,1,ボンドロア,牡3,54.0,横山典弘,2:37.4,大,11.8,5.0,470(+6),[西] 松永幹夫,202506050809
14,6,10,サツキスマイル,牝5,50.0,佐藤翔馬,2:39.1,10,372.2,14.0,422(+12),[東] 石栗龍彦,202506050809
1,5,10,カンパニョーラ,牝6,56.0,吉田豊,1:10.9,,21.5,8.0,464(0),[東] 伊坂重信,202506050810
2,8,15,コブラ,牡6,58.0,菅原明良,1:10.9,アタマ,26.9,10.0,492(+6),[東] 菊沢隆徳,202506050810
3,4,8,アンズアメ,牝3,55.0,坂井瑠星,1:10.9,アタマ,3.1,1.0,480(+4),[西] 高柳大輔,202506050810
4,4,7,アシャカトベ,牡3,57.0,横山武史,1:11.0,1/2,3.2,2.0,532(0),[東] 小笠倫弘,202506050810
5,7,13,カフジエニアゴン,牝6,56.0,西村淳也,1:11.2,1.1/2,59.5,11.0,512(-2),[西] 杉山佳明,202506050810
6,1,2,ルージュアズライト,牝5,56.0,荻野極,1:11.4,1.1/4,24.5,9.0,460(+4),[東] 森一誠,202506050810
7,8,16,ムーム,牝4,56.0,川又賢治,1:11.6,3/4,17.0,7.0,472(-6),[西] 杉山佳明,202506050810
8,7,14,メイショウコバト,牝5,56.0,柴田善臣,1:11.7,3/4,160.8,16.0,466(-6),[東] 和田勇介,202506050810
9,3,6,エリーズダイヤ,牝5,56.0,松岡正海,1:11.7,クビ,150.1,15.0,494(0),[東] 戸田博文,202506050810
10,6,11,カウスリップ,牝3,55.0,横山和生,1:11.9,3/4,14.0,6.0,542(+6),[東] 中舘英二,202506050810
11,1,1,ニシノコニャック,牡6,58.0,菊沢一樹,1:11.9,アタマ,113.3,14.0,460(+6),[東] 伊藤大士,202506050810
12,2,4,アイアムユウシュン,牡4,58.0,戸崎圭太,1:12.6,4,9.8,4.0,516(+6),[東] 奥平雅士,202506050810
13,5,9,ワークソング,牡4,58.0,マーカン,1:12.7,3/4,8.3,3.0,482(-4),[西] 牧浦充徳,202506050810
14,3,5,グレタ,牝6,56.0,丹内祐次,1:13.0,1.3/4,102.0,13.0,480(+4),[東] 清水英克,202506050810
15,6,12,ジャスパーノワール,牡4,58.0,団野大成,1:13.1,クビ,12.0,5.0,516(+4),[西] 森秀行,202506050810
16,2,3,ネグレスコ,牝4,56.0,石橋脩,1:13.5,2.1/2,70.1,12.0,484(-4),[西] 西園正都,202506050810
1,2,4,ミュージアムマイル,牡3,56.0,Ｃ．デム,2:31.5,,3.8,3.0,502(+2),[西] 高柳大輔,202506050811
2,5,10,コスモキュランダ,牡4,58.0,横山武史,2:31.6,1/2,111.5,12.0,522(0),[東] 加藤士津,202506050811
3,5,9,ダノンデサイル,牡4,58.0,戸崎圭太,2:31.6,クビ,3.8,2.0,514(+6),[西] 安田翔伍,202506050811
4,3,5,レガレイラ,牝4,56.0,ルメール,2:31.7,1/2,3.3,1.0,482(+2),[東] 木村哲也,202506050811
5,4,7,サンライズジパング,牡4,58.0,鮫島克駿,2:31.8,3/4,122.5,13.0,524(0),[西] 前川恭子,202506050811
6,8,16,タスティエーラ,牡5,58.0,松山弘平,2:32.0,1,35.4,8.0,502(0),[東] 堀宣行,202506050811
7,2,3,ジャスティンパレス,牡6,58.0,団野大成,2:32.1,1/2,12.7,5.0,472(+2),[西] 杉山晴紀,202506050811
8,1,1,エキサイトバイオ,牡3,56.0,荻野極,2:32.1,ハナ,29.7,7.0,482(+2),[西] 今野貞一,202506050811
9,6,12,マイネルエンペラー,牡5,58.0,丹内祐次,2:32.3,1,111.5,11.0,490(+2),[西] 清水久詞,202506050811
10,4,8,シュヴァリエローズ,牡7,58.0,北村友一,2:32.4,3/4,154.1,14.0,464(0),[西] 清水久詞,202506050811
11,7,13,アドマイヤテラ,牡4,58.0,川田将雅,2:32.4,クビ,50.3,9.0,498(+4),[西] 友道康夫,202506050811
12,8,15,エルトンバローズ,牡5,58.0,西村淳也,2:32.6,1.1/4,180.3,16.0,514(-6),[西] 杉山晴紀,202506050811
13,3,6,メイショウタバル,牡4,58.0,武豊,2:32.6,クビ,5.8,4.0,512(+4),[西] 石橋守,202506050811
14,1,2,シンエンペラー,牡4,58.0,坂井瑠星,2:32.6,アタマ,26.6,6.0,496(-2),[西] 矢作芳人,202506050811
15,7,14,アラタ,牡8,58.0,大野拓弥,2:32.8,3/4,174.2,15.0,494(+10),[東] 和田勇介,202506050811
16,6,11,ミステリーウェイ,セ7,58.0,松本大輝,2:32.8,クビ,53.5,10.0,500(0),[西] 小林真也,202506050811
1,3,6,ジョイフルニュース,牝3,54.0,佐々木大,1:33.6,,2.6,1.0,462(+6),[東] 大竹正博,202506050812
2,3,5,グローリーリンク,牝3,54.0,北村友一,1:33.9,2,3.7,2.0,514(+4),[西] 吉岡辰弥,202506050812
2,4,8,セブンマジシャン,牡5,57.0,Ｃ．デム,1:33.9,同着,6.2,3.0,494(-4),[西] 高野友和,202506050812
4,5,10,レッドアトレーヴ,牡4,57.0,横山和生,1:34.3,2.1/2,30.3,8.0,486(-2),[東] 手塚貴久,202506050812
5,1,2,テウメッサ,牝4,55.0,プーシャ,1:34.5,1.1/4,52.1,11.0,480(+6),[東] 金成貴史,202506050812
6,6,11,カニキュル,牝4,55.0,戸崎圭太,1:34.5,クビ,11.7,5.0,510(0),[東] 菊沢隆徳,202506050812
7,7,13,ケイデンシーマーク,牝5,53.0,津村明秀,1:34.6,1/2,45.8,10.0,444(-4),[西] 福永祐一,202506050812
8,1,1,ペリファーニア,牝5,55.0,ルメール,1:34.6,ハナ,8.0,4.0,516(+4),[東] 鹿戸雄一,202506050812
9,2,3,エポックヴィーナス,牝4,54.0,横山武史,1:34.7,1/2,34.9,9.0,448(+2),[西] 新谷功一,202506050812
10,6,12,ファインライン,牡4,55.0,北村宏司,1:34.8,クビ,58.3,12.0,492(+10),[西] 松永幹夫,202506050812
11,5,9,ボーモンド,牡4,56.0,マーカン,1:34.9,3/4,22.5,6.0,498(+14),[東] 国枝栄,202506050812
12,2,4,サムハンター,牡7,54.0,横山典弘,1:34.9,クビ,95.7,13.0,498(0),[西] 高橋康之,202506050812
13,8,15,マルチャン,牡5,55.0,丸田恭介,1:35.1,1,114.1,14.0,488(+16),[東] 武市康男,202506050812
14,4,7,ピックアチェリー,牝4,55.0,坂井瑠星,1:35.1,クビ,22.5,7.0,446(+4),[東] 和田正一,202506050812
15,8,16,アグラシアド,牝5,52.0,長浜鴻緒,1:35.2,3/4,233.3,15.0,472(-4),[西] 中村直也,202506050812
16,7,14,ショーマンフリート,牡4,54.0,嶋田純次,1:36.4,7,237.0,16.0,510(0),[東] 手塚貴久,202506050812
