着順,枠番,馬番,馬名,性齢,斤量,騎手,タイム,着差,単勝,人気,馬体重,調教師,race_id
1,3,3,ゼノヴァース,牡5,60.0,森一馬,3:05.5,,3.9,1.0,462(-2),[西] 小林真也,202204010101
2,7,12,マリオ,牡7,60.0,平沢健治,3:06.5,6,6.5,4.0,516(+12),[西] 安達昭夫,202204010101
3,8,14,ゲインスプレマシー,セ6,60.0,石神深一,3:06.6,3/4,15.1,8.0,482(-10),[東] 高柳瑞樹,202204010101
4,4,5,キーパンチ,牡5,60.0,田村太雅,3:06.7,3/4,110.0,14.0,468(+2),[西] 宮徹,202204010101
5,1,1,テイエムクロムシャ,牡6,60.0,植野貴也,3:06.9,1.1/4,13.2,6.0,494(+2),[西] 鈴木孝志,202204010101
6,7,11,テリオスルイ,牡4,59.0,中村将之,3:07.3,2.1/2,12.4,5.0,468(0),[西] 松下武士,202204010101
7,2,2,スズカフロンティア,牡8,60.0,北沢伸也,3:07.5,1,5.2,2.0,448(+4),[西] 橋田満,202204010101
8,6,9,テイエムコンドル,牡11,60.0,伴啓太,3:07.5,クビ,13.3,7.0,466(-8),[東] 石栗龍彦,202204010101
9,8,13,サンティーニ,セ7,60.0,五十嵐雄,3:07.8,1.3/4,18.5,9.0,492(-2),[東] 尾関知人,202204010101
10,5,8,マイネルパラディ,セ8,60.0,白浜雄造,3:08.4,3.1/2,19.5,10.0,484(+8),[西] 吉田直弘,202204010101
11,6,10,タマノジュメイラ,牝6,58.0,草野太郎,3:08.5,1/2,44.8,13.0,490(-8),[東] 伊藤大士,202204010101
12,5,7,サトノファイター,牡6,62.0,黒岩悠,3:09.3,5,6.0,3.0,480(-12),[西] 高橋亮,202204010101
13,3,4,クリエイトザライフ,セ6,57.0,小牧加矢,3:10.0,4,34.1,11.0,496(+4),[西] 吉岡辰弥,202204010101
中,4,6,テンザワールド,牡8,60.0,西谷誠,,,36.4,12.0,442(+6),[西] 大久保龍,202204010101
1,5,6,サパテアール,牡3,56.0,丹内祐次,1:54.8,,2.5,1.0,512(-2),[東] 畠山吉宏,202204010102
2,1,1,ベニッシモ,牡3,56.0,丸山元気,1:55.2,2,3.4,2.0,476(+4),[東] 伊藤大士,202204010102
3,4,4,アレマーナ,牝3,54.0,坂井瑠星,1:55.7,3,6.5,4.0,468(-4),[西] 松下武士,202204010102
4,8,12,ドンシャーク,牡3,54.0,小沢大仁,1:55.7,ハナ,5.0,3.0,492(+2),[西] 今野貞一,202204010102
5,2,2,リュッカクローナ,牡3,56.0,菱田裕二,1:55.8,3/4,11.6,5.0,458(0),[西] 吉田直弘,202204010102
6,6,9,クロノスミノル,牡3,54.0,角田大和,1:55.9,1/2,41.1,7.0,534(0),[西] 本田優,202204010102
7,7,10,リュウキュウカリー,牡3,56.0,木幡育也,1:56.1,1.1/2,89.6,10.0,446(-8),[東] 大江原哲,202204010102
8,4,5,ガンガディン,牡3,56.0,中井裕二,1:56.5,2.1/2,20.3,6.0,462(-8),[東] 田島俊明,202204010102
9,8,13,セリガチ,牡3,53.0,原優介,1:56.5,アタマ,479.4,13.0,454(-18),[東] 小桧山悟,202204010102
10,7,11,コールドブリュー,牡3,53.0,佐々木大,1:57.9,9,83.1,9.0,468(+2),[東] 蛯名利弘,202204010102
11,3,3,イザベルクイーン,牝3,50.0,今村聖奈,1:58.2,1.3/4,220.7,11.0,420(+4),[西] 寺島良,202204010102
12,5,7,グルメ,牡3,53.0,横山琉人,1:59.5,8,231.9,12.0,546(0),[東] 新開幸一,202204010102
13,6,8,フィングルブリッジ,牝3,54.0,西村淳也,1:59.6,3/4,42.6,8.0,482(0),[西] 杉山晴紀,202204010102
1,7,9,ベルウッドウズメ,牡3,55.0,秋山稔樹,1:11.8,,4.8,4.0,502(+2),[東] 本間忍,202204010103
2,2,2,ディーズルージュ,牝3,54.0,坂井瑠星,1:12.0,1.1/4,3.9,2.0,472(+6),[西] 岡田稲男,202204010103
3,8,12,クリーンジーニアス,牝3,54.0,西村淳也,1:12.0,ハナ,4.4,3.0,440(+2),[西] 荒川義之,202204010103
4,6,7,フラスティー,牝3,51.0,原優介,1:12.2,1.1/4,430.9,12.0,422(-6),[東] 小桧山悟,202204010103
5,6,8,イラーレ,牝3,53.0,亀田温心,1:12.6,2.1/2,2.7,1.0,428(-6),[西] 北出成人,202204010103
6,7,10,フエキ,牝3,54.0,木幡育也,1:12.7,3/4,10.9,5.0,506(-4),[東] 和田正一,202204010103
7,4,4,エンロサディラ,牝3,54.0,斎藤新,1:13.6,5,98.4,8.0,430(0),[東] 和田正一,202204010103
8,1,1,トキメキナイト,牡3,53.0,土田真翔,1:14.1,2.1/2,28.0,7.0,468(-6),[東] 武藤善則,202204010103
9,5,6,シゲルチータ,牡3,53.0,佐々木大,1:14.6,3,163.1,10.0,530(0),[東] 和田雄二,202204010103
10,3,3,マガーリ,牝3,52.0,松本大輝,1:14.7,クビ,24.6,6.0,490(+14),[西] 杉山佳明,202204010103
11,8,11,メイショウアカツキ,牡3,54.0,角田大和,1:14.7,ハナ,206.6,11.0,432(0),[西] 上村洋行,202204010103
12,5,5,クローマークス,牝3,52.0,小沢大仁,1:16.4,10,118.1,9.0,444(0),[西] 長谷川浩,202204010103
1,7,7,フォッサマグナ,セ6,60.0,伴啓太,3:06.7,,1.7,1.0,474(+6),[東] 黒岩陽一,202204010104
2,5,5,ブルームラッシュ,牡5,60.0,五十嵐雄,3:11.8,大,5.4,2.0,462(-2),[東] 尾関知人,202204010104
3,2,2,プンタアレナス,セ4,59.0,蓑島靖典,3:11.9,3/4,39.4,7.0,462(-10),[東] 古賀慎明,202204010104
4,1,1,カレンロマチェンコ,牡4,59.0,平沢健治,3:12.1,1.1/4,7.2,4.0,476(-4),[西] 高柳大輔,202204010104
5,4,4,ハイオソラール,牡6,60.0,北沢伸也,3:12.3,1.1/4,14.9,5.0,522(+2),[西] 木原一良,202204010104
6,7,8,ホウオウアクセル,牡6,60.0,高田潤,3:15.8,大,6.0,3.0,442(-10),[西] 宮徹,202204010104
7,6,6,レッドウッドヒル,牝4,57.0,石神深一,3:18.6,大,46.2,8.0,470(-4),[東] 武井亮,202204010104
8,3,3,グリュースゴット,牡4,59.0,白浜雄造,3:19.9,8,19.4,6.0,478(-8),[西] 佐々木晶,202204010104
9,8,9,シュッドヴァデル,牡6,60.0,草野太郎,3:20.3,2.1/2,154.3,10.0,510(0),[東] 松山将樹,202204010104
中,8,10,デルマシャンパン,牝7,58.0,上野翔,,,121.1,9.0,470(-14),[東] 鹿戸雄一,202204010104
1,8,15,アドマイヤグリーゼ,牝3,50.0,今村聖奈,2:01.3,,6.7,3.0,446(0),[西] 友道康夫,202204010105
2,3,5,ゲーテローズ,牝3,54.0,坂井瑠星,2:01.3,ハナ,2.1,1.0,434(-4),[西] 武英智,202204010105
3,6,11,ゴルトシュミーデ,牝3,54.0,西村淳也,2:01.5,1.1/2,26.3,7.0,430(-2),[西] 村山明,202204010105
4,8,16,ナイルプロジェクト,牝3,53.0,亀田温心,2:01.7,1.1/4,44.3,10.0,438(-4),[東] 高柳瑞樹,202204010105
5,3,6,マコトチガネマル,牝3,54.0,勝浦正樹,2:01.9,1.1/4,11.4,4.0,436(-4),[東] 村田一誠,202204010105
6,1,1,モンサンプリーモ,牝3,52.0,松本大輝,2:02.3,2.1/2,4.3,2.0,486(+6),[西] 中竹和也,202204010105
7,4,7,ピカケ,牝3,54.0,武藤雅,2:02.5,1,67.1,11.0,386(0),[東] 田島俊明,202204010105
8,7,14,エギーユ,牝3,54.0,斎藤新,2:02.6,3/4,28.3,8.0,480(-2),[西] 長谷川浩,202204010105
9,2,4,ヴァンシャンテ,牝3,51.0,横山琉人,2:02.8,3/4,15.5,6.0,426(0),[東] 武井亮,202204010105
10,5,10,オーラライト,牝3,54.0,岩田康誠,2:03.0,1.1/2,34.1,9.0,444(+8),[西] 西村真幸,202204010105
11,6,12,フロムワンズハート,牝3,54.0,三浦皇成,2:03.3,2,13.0,5.0,468(-14),[東] 田村康仁,202204010105
12,7,13,ツンデレ,牝3,54.0,荻野琢真,2:03.4,クビ,279.6,14.0,510(+2),[西] 牧田和弥,202204010105
13,5,9,ナチュラリスト,牝3,52.0,角田大和,2:04.3,5,166.0,13.0,528(0),[西] 松永幹夫,202204010105
14,2,3,エンチャント,牝3,54.0,荻野極,2:06.3,大,83.0,12.0,426(+14),[西] 高橋義忠,202204010105
15,1,2,アスカセオン,牝3,53.0,泉谷楓真,2:06.6,1.3/4,352.4,15.0,478(+12),[西] 千田輝彦,202204010105
16,4,8,ディリジェンス,牝3,52.0,小沢大仁,2:06.8,1.1/4,458.7,16.0,418(+12),[西] 橋口慎介,202204010105
1,4,8,ショウナンラタン,牡3,53.0,原優介,1:21.6,,8.2,4.0,476(0),[西] 西園正都,202204010106
2,6,12,ティーライトニング,牡3,56.0,岩田康誠,1:21.8,1.1/4,3.5,1.0,454(+2),[東] 辻哲英,202204010106
3,5,9,ソレントフレイバー,牡3,56.0,西村淳也,1:21.8,クビ,4.3,2.0,482(0),[東] 久保田貴,202204010106
4,6,11,バーニーフォールズ,牝3,54.0,菱田裕二,1:22.0,1.1/4,10.1,5.0,442(+2),[東] 加藤征弘,202204010106
5,7,14,ペララス,牡3,54.0,角田大和,1:22.2,1.1/4,40.4,9.0,464(-14),[西] 牧田和弥,202204010106
6,8,15,ルパルテール,牝3,54.0,小崎綾也,1:22.6,2,4.3,3.0,426(+6),[西] 新谷功一,202204010106
7,1,2,アイスケイブ,牝3,54.0,荻野極,1:22.8,1.1/4,53.8,11.0,430(-2),[東] 高柳瑞樹,202204010106
8,2,3,ラブシックボッサ,牡3,56.0,武藤雅,1:23.1,2,18.3,7.0,462(0),[東] 伊藤大士,202204010106
9,5,10,リノアラ,牝3,50.0,今村聖奈,1:23.2,3/4,87.4,13.0,434(0),[西] 今野貞一,202204010106
10,7,13,ウインソフィー,牝3,54.0,丹内祐次,1:23.4,1.1/4,12.8,6.0,420(-2),[東] 青木孝文,202204010106
11,4,7,ハーディローズ,牝3,54.0,三浦皇成,1:23.5,クビ,128.7,15.0,426(-6),[東] 岩戸孝樹,202204010106
12,2,4,フランセス,牝3,52.0,小沢大仁,1:23.5,アタマ,53.5,10.0,444(+2),[東] 相沢郁,202204010106
13,3,6,ジャンヌノツルギ,牝3,51.0,横山琉人,1:23.6,1,73.3,12.0,440(0),[東] 小笠倫弘,202204010106
14,1,1,フォルトゥナ,牡3,56.0,勝浦正樹,1:24.0,2.1/2,115.5,14.0,464(0),[東] 中野栄治,202204010106
15,3,5,アルモハバナ,牝3,54.0,坂井瑠星,1:24.9,5,21.0,8.0,466(0),[西] 石坂公一,202204010106
16,8,16,ブライトゴッデス,牝3,53.0,秋山稔樹,1:25.6,4,240.8,16.0,398(-8),[東] 岩戸孝樹,202204010106
1,2,2,プルモナリア,牝4,55.0,三浦皇成,1:54.8,,1.9,1.0,464(+4),[西] 中竹和也,202204010107
2,3,3,リキサンハート,牝4,55.0,菱田裕二,1:55.2,2.1/2,4.4,2.0,492(+2),[東] 奥平雅士,202204010107
3,8,8,キトゥンズマーチ,牝4,53.0,角田大和,1:55.9,4,6.8,3.0,466(+8),[西] 吉岡辰弥,202204010107
4,6,6,メンフィス,牝5,53.0,松本大輝,1:56.6,4,31.5,7.0,480(+6),[西] 杉山佳明,202204010107
5,4,4,ルミナスナイト,牝5,55.0,丹内祐次,1:56.8,1,10.6,5.0,496(0),[東] 新開幸一,202204010107
6,7,7,ジューンサクラ,牝4,53.0,小沢大仁,1:56.9,3/4,75.7,8.0,418(-6),[西] 荒川義之,202204010107
7,5,5,グッドインパクト,牝4,54.0,泉谷楓真,1:57.1,1.1/4,11.7,6.0,442(+2),[西] 宮徹,202204010107
8,1,1,コーンフィールド,牝4,55.0,西村淳也,1:57.2,1/2,6.9,4.0,492(-8),[東] 宗像義忠,202204010107
1,6,8,セブンサミット,牡4,57.0,岩田康誠,1:46.8,,6.2,4.0,502(-6),[西] 西村真幸,202204010108
2,5,5,グラヴィテ,牝4,54.0,秋山稔樹,1:46.9,1/2,17.6,6.0,470(-2),[西] 鮫島一歩,202204010108
3,4,4,ドラミモン,牡4,54.0,原優介,1:46.9,ハナ,5.0,3.0,448(+2),[東] 田村康仁,202204010108
4,3,3,テイデ,牡4,57.0,丸山元気,1:47.1,3/4,4.9,2.0,478(+6),[東] 堀宣行,202204010108
5,7,10,ハリウッドヒルズ,牡5,57.0,西村淳也,1:47.2,3/4,3.0,1.0,494(-4),[東] 田中博康,202204010108
6,5,6,ザスリーサーティ,牡7,54.0,横山琉人,1:47.4,1.1/4,19.0,8.0,476(+4),[東] 尾形和幸,202204010108
7,1,1,ラッシュアップ,セ5,57.0,勝浦正樹,1:47.4,ハナ,18.8,7.0,534(-4),[東] 金成貴史,202204010108
8,6,7,シューラヴァーグ,牝5,55.0,小崎綾也,1:47.9,3,150.9,11.0,456(+8),[西] 畑端省吾,202204010108
9,8,12,ウォーターブレイク,牝6,54.0,亀田温心,1:48.1,1,40.1,9.0,468(-6),[西] 河内洋,202204010108
10,8,11,ウインチェレステ,牡4,57.0,丹内祐次,1:48.1,クビ,6.9,5.0,496(+2),[東] 畠山吉宏,202204010108
11,7,9,マロリン,牝6,55.0,木幡初也,1:48.4,1.3/4,228.3,12.0,472(-8),[東] 武市康男,202204010108
12,2,2,クラウンゼロ,牡4,57.0,津村明秀,1:48.7,1.1/2,54.3,10.0,498(-3),[東] 天間昭一,202204010108
1,3,5,メイショウユズルハ,牡3,56.0,岩田康誠,1:52.5,,2.7,1.0,480(0),[西] 岡田稲男,202204010109
2,2,3,エルパソ,牡3,56.0,三浦皇成,1:52.9,2.1/2,4.6,3.0,454(0),[東] 武井亮,202204010109
3,6,11,コパノニコルソン,牡3,56.0,泉谷楓真,1:53.0,1/2,3.1,2.0,508(-4),[西] 宮徹,202204010109
4,4,7,アーテルアストレア,牝3,54.0,菱田裕二,1:53.5,3,42.9,10.0,456(+4),[西] 橋口慎介,202204010109
5,5,9,チェンジザワールド,牡3,56.0,国分恭介,1:53.9,2.1/2,24.7,7.0,504(-6),[西] 五十嵐忠,202204010109
6,8,15,ロードヴァレンチ,セ3,56.0,坂井瑠星,1:54.0,クビ,22.2,5.0,466(-4),[東] 中舘英二,202204010109
7,7,13,ミストルティン,牡3,56.0,西村淳也,1:54.1,3/4,22.6,6.0,448(-8),[東] 加藤士津,202204010109
8,4,6,ゼニット,牡3,56.0,荻野極,1:54.3,1.1/4,272.5,15.0,502(-2),[東] 久保田貴,202204010109
9,6,10,ネッスンドルマ,牡3,56.0,丹内祐次,1:54.7,2.1/2,44.1,11.0,430(-6),[東] 加藤士津,202204010109
10,1,1,ミッキーストロング,牡3,56.0,秋山稔樹,1:54.9,1,30.4,8.0,542(+12),[東] 大竹正博,202204010109
11,8,14,タマモバンケット,牝3,54.0,勝浦正樹,1:54.9,1/2,140.2,13.0,472(-6),[東] 菊沢隆徳,202204010109
12,5,8,クルル,牡3,56.0,横山琉人,1:55.3,2,107.0,12.0,482(-8),[東] 大江原哲,202204010109
13,2,2,シンボリックレルム,牝3,54.0,武藤雅,1:56.0,4,243.8,14.0,474(-6),[東] 水野貴広,202204010109
14,7,12,オリ,牡3,56.0,津村明秀,1:56.4,2.1/2,11.4,4.0,476(+2),[東] 奥平雅士,202204010109
15,3,4,サンライズロナウド,牡3,56.0,亀田温心,1:56.5,1/2,31.5,9.0,450(-2),[西] 安田隆行,202204010109
1,7,10,ワンスカイ,牡5,57.0,斎藤新,1:08.9,,2.4,1.0,510(-2),[東] 斎藤誠,202204010110
2,4,5,サイヤダンサー,牡5,57.0,三浦皇成,1:08.9,クビ,32.0,10.0,476(+6),[東] 深山雅史,202204010110
3,6,9,ショウナンラスボス,牡4,57.0,丸山元気,1:09.1,3/4,7.8,3.0,464(-2),[東] 奥村武,202204010110
4,1,1,メイショウエニシア,牝4,55.0,荻野極,1:09.1,アタマ,9.7,4.0,446(+2),[西] 本田優,202204010110
5,5,7,ディヴィナシオン,牡5,57.0,勝浦正樹,1:09.1,クビ,4.8,2.0,466(-10),[西] 森秀行,202204010110
6,4,4,ジュストコル,牡4,57.0,西村淳也,1:09.3,1.1/4,11.6,6.0,504(-14),[西] 大久保龍,202204010110
7,8,13,ジューンベロシティ,牡4,57.0,津村明秀,1:09.3,アタマ,31.3,9.0,464(-10),[西] 武英智,202204010110
8,5,6,クムシラコ,牡4,57.0,黛弘人,1:09.4,1/2,51.0,11.0,464(-6),[東] 石毛善彦,202204010110
9,3,3,ニューアリオン,牡4,57.0,菱田裕二,1:09.5,クビ,19.1,8.0,478(0),[西] 新谷功一,202204010110
10,8,12,スズノフブキ,セ8,57.0,丹内祐次,1:09.5,ハナ,249.4,13.0,482(-6),[東] 高橋裕,202204010110
11,2,2,インフィナイト,牝4,55.0,岩田康誠,1:09.6,1/2,11.1,5.0,516(+10),[西] 音無秀孝,202204010110
12,6,8,タイクーンバゴ,牡5,57.0,松本大輝,1:09.6,アタマ,65.7,12.0,496(+4),[西] 浜田多実,202204010110
13,7,11,カーフライターク,牡5,57.0,坂井瑠星,1:09.7,1/2,14.9,7.0,482(+2),[西] 田中克典,202204010110
1,6,7,ウインカーネリアン,牡5,56.0,三浦皇成,1:33.6,,3.0,1.0,508(-4),[東] 鹿戸雄一,202204010111
2,1,1,ベレヌス,牡5,56.0,西村淳也,1:33.8,1.1/4,7.3,4.0,524(+2),[西] 杉山晴紀,202204010111
3,5,5,ジナンボー,牡7,58.0,丸山元気,1:33.8,ハナ,17.0,8.0,500(+12),[東] 堀宣行,202204010111
4,8,10,アオイクレアトール,牡5,56.0,津村明秀,1:34.1,2,5.5,3.0,488(-4),[東] 古賀慎明,202204010111
5,8,11,スーパーフェザー,セ7,56.0,岩田康誠,1:34.1,ハナ,16.4,7.0,482(+6),[西] 渡辺薫彦,202204010111
6,7,9,ホウオウピースフル,牝5,54.0,丸田恭介,1:34.1,アタマ,13.6,6.0,502(-10),[東] 大竹正博,202204010111
7,2,2,ルークズネスト,牡4,57.0,菱田裕二,1:34.2,アタマ,4.2,2.0,512(-4),[西] 浜田多実,202204010111
8,7,8,アルジャンナ,牡5,57.0,坂井瑠星,1:34.4,1.1/2,9.0,5.0,472(+2),[西] 奥村豊,202204010111
9,3,3,キョウヘイ,牡8,56.0,木幡育也,1:34.6,1,109.7,10.0,444(-10),[西] 宮本博,202204010111
10,4,4,サクセッション,セ5,56.0,荻野極,1:34.6,クビ,20.7,9.0,518(+6),[東] 国枝栄,202204010111
11,6,6,キングハート,牡9,58.0,泉谷楓真,1:34.7,3/4,194.6,11.0,510(-2),[東] 尾形和幸,202204010111
1,6,12,トミケンルーア,セ6,57.0,木幡初也,0:54.8,,3.0,1.0,480(-6),[東] 竹内正洋,202204010112
2,3,6,リーゼントフラム,牡5,57.0,坂井瑠星,0:55.7,5,21.9,7.0,466(0),[西] 矢作芳人,202204010112
3,7,14,ナリタローゼ,牝4,55.0,長岡禎仁,0:55.7,アタマ,3.8,2.0,480(+4),[西] 高橋亮,202204010112
4,8,16,リュッカ,牝5,55.0,津村明秀,0:55.8,1/2,4.5,3.0,418(-2),[東] 鈴木伸尋,202204010112
5,6,11,テセウス,牡4,57.0,黛弘人,0:56.0,1.1/4,10.0,4.0,444(-6),[東] 奥平雅士,202204010112
6,1,2,フィルムスコア,牝4,53.0,小沢大仁,0:56.1,3/4,70.6,13.0,452(+8),[西] 平田修,202204010112
7,3,5,モメチョッタ,牝6,55.0,嶋田純次,0:56.3,1.1/4,110.8,15.0,454(-8),[東] 石毛善彦,202204010112
8,8,15,スラーリドラーテ,牝5,53.0,藤田菜七,0:56.3,アタマ,29.2,8.0,466(0),[東] 小島茂之,202204010112
9,7,13,グッドステージ,牡5,56.0,泉谷楓真,0:56.4,3/4,80.6,14.0,522(-4),[西] 宮徹,202204010112
10,2,4,ジョーレイラニ,牝4,53.0,松本大輝,0:56.7,1.1/2,42.0,9.0,436(-2),[西] 松下武士,202204010112
11,5,9,ミエリ,牝4,53.0,角田大和,0:56.9,1.1/2,50.1,10.0,382(+2),[西] 藤岡健一,202204010112
12,2,3,ルドラクシャ,牝5,55.0,斎藤新,0:57.1,1,125.9,16.0,466(+10),[東] 松山将樹,202204010112
13,4,8,セピアノーツ,牝4,52.0,原優介,0:57.1,クビ,15.4,6.0,478(-6),[東] 青木孝文,202204010112
14,5,10,ホーキーポーキー,牝4,55.0,勝浦正樹,0:57.1,ハナ,13.4,5.0,448(-18),[東] 武市康男,202204010112
15,4,7,シンシアハート,牝4,54.0,秋山稔樹,0:57.1,ハナ,57.6,11.0,422(+6),[東] 蛯名利弘,202204010112
16,1,1,マッシリア,セ5,57.0,森裕太朗,1:01.8,大,68.3,12.0,476(-3),[西] 橋田満,202204010112
1,5,9,キッショウ,牝3,50.0,今村聖奈,1:12.4,,4.9,2.0,414(-6),[西] 奥村豊,202204010201
2,5,8,オースミメッシーナ,牝3,54.0,丸山元気,1:12.8,2.1/2,6.4,4.0,444(-4),[西] 宮本博,202204010201
3,4,6,ペイシャクィンビー,牝3,54.0,木幡育也,1:13.2,2.1/2,33.6,8.0,448(+14),[東] 本間忍,202204010201
4,6,10,サリーギャップ,牝3,54.0,丹内祐次,1:13.2,ハナ,257.2,14.0,468(-4),[東] 加藤士津,202204010201
5,4,7,ハローメリールー,牝3,54.0,嶋田純次,1:13.4,1.1/2,2.6,1.0,452(-20),[東] 手塚貴久,202204010201
6,3,4,ジョーリベリカ,牡3,56.0,西村淳也,1:13.4,ハナ,44.0,9.0,448(-4),[西] 清水久詞,202204010201
7,3,5,アフォガート,牡3,55.0,秋山稔樹,1:13.5,3/4,134.8,10.0,466(-2),[東] 浅野洋一,202204010201
8,7,13,コパノランサー,牡3,56.0,武藤雅,1:13.6,クビ,232.0,12.0,508(-4),[東] 武藤善則,202204010201
9,1,1,ダレモトメラレナイ,牝3,54.0,三浦皇成,1:13.7,3/4,5.3,3.0,468(+6),[東] 竹内正洋,202204010201
10,8,15,アスカノツバサ,牡3,56.0,富田暁,1:13.9,1,139.8,11.0,476(+2),[西] 川村禎彦,202204010201
11,2,3,ブルーノート,牡3,56.0,川須栄彦,1:13.9,ハナ,6.7,5.0,482(-4),[西] 梅田智之,202204010201
12,6,11,キュートハイカー,牝3,54.0,津村明秀,1:14.0,1/2,20.4,6.0,406(+8),[東] 深山雅史,202204010201
13,8,14,フォースチルドレン,牡3,56.0,宮崎北斗,1:14.2,1.1/2,234.5,13.0,472(-8),[東] 青木孝文,202204010201
14,7,12,ビレッジシングル,牡3,56.0,勝浦正樹,1:14.8,3.1/2,373.1,15.0,454(0),[東] 土田稔,202204010201
15,2,2,アビークワイア,牝3,54.0,岩田康誠,1:15.3,3,22.0,7.0,500(0),[西] 斉藤崇史,202204010201
1,5,10,グランプレジール,牡3,56.0,石橋脩,1:09.8,,5.7,3.0,528(+4),[東] 堀宣行,202204010202
2,8,16,ダイヤモンドフジ,牡3,56.0,富田暁,1:10.1,1.3/4,9.7,5.0,450(-10),[西] 宮本博,202204010202
3,7,13,ホワイトレッグス,牡3,53.0,原優介,1:10.5,2,26.7,9.0,432(+4),[東] 小桧山悟,202204010202
4,2,4,インペリアス,牝3,54.0,松山弘平,1:10.5,クビ,3.3,1.0,440(0),[西] 中村直也,202204010202
5,6,11,ナムラキャッツ,牝3,52.0,松本大輝,1:10.5,ハナ,54.2,11.0,406(-8),[西] 鈴木孝志,202204010202
6,1,1,ナザレ,牝3,54.0,三浦皇成,1:10.6,クビ,6.9,4.0,448(-4),[東] 武井亮,202204010202
7,4,8,エスティメート,牡3,56.0,黛弘人,1:10.7,3/4,45.4,10.0,452(0),[東] 加藤和宏,202204010202
8,8,15,トーアレインボー,牝3,53.0,亀田温心,1:10.8,1/2,10.6,6.0,486(-2),[西] 牧田和弥,202204010202
9,6,12,フウゲツムヘン,牝3,51.0,横山琉人,1:11.0,1.1/2,22.8,8.0,430(+6),[東] 新開幸一,202204010202
10,5,9,メリヴェイユ,牝3,54.0,菱田裕二,1:11.1,1/2,5.1,2.0,456(-14),[東] 伊藤圭三,202204010202
11,1,2,アジュール,牝3,50.0,今村聖奈,1:11.4,1.1/2,10.8,7.0,448(+12),[西] 今野貞一,202204010202
12,7,14,カシノプルタオルネ,牝3,52.0,角田大和,1:11.5,3/4,86.5,12.0,406(+8),[西] 北出成人,202204010202
13,4,7,ラガッツァアレグラ,牝3,54.0,木幡育也,1:11.6,3/4,432.8,14.0,422(-8),[東] 田中剛,202204010202
14,3,6,クリノリュウグウ,牝3,53.0,秋山稔樹,1:11.7,クビ,502.3,16.0,430(-2),[東] 蛯名利弘,202204010202
15,2,3,ムーンムーンムーン,牝3,51.0,佐々木大,1:11.7,アタマ,124.6,13.0,452(+20),[東] 堀内岳志,202204010202
16,3,5,アクアビート,牝3,52.0,小沢大仁,1:11.9,1.1/4,440.8,15.0,418(-4),[東] 辻哲英,202204010202
1,7,11,クリノレジェンド,牡3,56.0,田中健,1:54.8,,3.3,2.0,508(+6),[西] 荒川義之,202204010203
2,5,7,エステラ,牡3,56.0,岩田康誠,1:55.0,3/4,2.5,1.0,502(+4),[東] 萩原清,202204010203
3,6,8,ブレイクザアイス,牡3,56.0,三浦皇成,1:55.2,1.1/4,6.4,4.0,460(+10),[東] 高橋裕,202204010203
4,4,4,シャンパンドバイ,牡3,56.0,富田暁,1:55.5,2,12.6,5.0,486(-4),[西] 高橋義忠,202204010203
5,2,2,グレイトショーマン,牡3,54.0,松本大輝,1:56.3,5,4.2,3.0,524(+2),[西] 新谷功一,202204010203
6,6,9,ブレディバンチ,牝3,54.0,丹内祐次,1:56.6,2,17.2,6.0,444(-6),[東] 戸田博文,202204010203
7,1,1,ラインオンザトップ,牡3,55.0,秋山稔樹,1:56.7,1/2,265.7,12.0,446(+2),[東] 蛯名利弘,202204010203
8,4,5,ヤマニンドールアイ,牝3,50.0,永島まな,1:56.8,1/2,141.4,8.0,456(-2),[西] 奥村豊,202204010203
9,8,13,マイネルシデン,牡3,56.0,武藤雅,1:57.9,7,89.3,7.0,438(-8),[東] 萱野浩二,202204010203
10,5,6,キタノダロマ,牡3,54.0,小沢大仁,1:58.4,3,149.3,9.0,458(+2),[西] 吉田直弘,202204010203
11,8,12,プロキシーファイト,牡3,53.0,横山琉人,1:58.4,クビ,227.9,11.0,462(-6),[東] 大江原哲,202204010203
12,7,10,サノバレー,牝3,51.0,原優介,1:59.1,4,162.8,10.0,444(-10),[東] 中野栄治,202204010203
13,3,3,トウショウブレイド,牡3,53.0,土田真翔,1:59.2,クビ,463.9,13.0,464(-6),[東] 土田稔,202204010203
1,6,7,ローレリスト,牡5,60.0,石神深一,3:10.4,,3.0,2.0,468(-2),[東] 中川公成,202204010204
2,3,3,エカテリンブルク,牡5,60.0,北沢伸也,3:10.7,2,13.1,5.0,508(0),[西] 四位洋文,202204010204
3,7,9,ナギサ,牝4,57.0,森一馬,3:11.1,2.1/2,11.9,4.0,492(+6),[西] 本田優,202204010204
4,8,10,タガノペルマネンテ,牝5,58.0,黒岩悠,3:11.3,1.1/4,18.6,8.0,454(+24),[西] 平田修,202204010204
5,7,8,ハバチューバー,牡5,60.0,上野翔,3:12.6,8,127.4,11.0,516(+4),[東] 浅野洋一,202204010204
6,4,4,グランドビクトリー,牡6,60.0,小坂忠士,3:12.6,ハナ,2.7,1.0,498(+8),[西] 鈴木孝志,202204010204
7,5,5,フルネーズ,牡4,59.0,草野太郎,3:12.8,1,31.9,9.0,518(0),[東] 小笠倫弘,202204010204
8,8,11,ファイナルマズル,牡6,60.0,五十嵐雄,3:12.9,3/4,14.3,6.0,478(+10),[東] 岩戸孝樹,202204010204
9,2,2,オノーレペスカ,牝6,58.0,大庭和弥,3:13.0,クビ,47.4,10.0,446(+8),[東] 小桧山悟,202204010204
10,6,6,ミリタリータンゴ,牡4,59.0,白浜雄造,3:13.1,1/2,14.8,7.0,456(-6),[西] 中竹和也,202204010204
11,1,1,シゲルソウサイ,牡4,59.0,平沢健治,3:13.3,1.1/4,6.7,3.0,482(-6),[西] 上村洋行,202204010204
1,8,14,バラジ,牡3,56.0,三浦皇成,2:01.7,,3.4,1.0,502(0),[東] 鹿戸雄一,202204010205
2,5,8,メイショウブレゲ,牡3,55.0,泉谷楓真,2:02.3,3.1/2,6.2,3.0,468(+14),[西] 本田優,202204010205
3,5,9,ニシノジャズ,牝3,54.0,武藤雅,2:02.9,3.1/2,85.5,13.0,480(+4),[東] 水野貴広,202204010205
4,7,13,カイザー,牡3,56.0,菱田裕二,2:03.0,1/2,7.3,5.0,492(-8),[西] 森田直行,202204010205
5,3,4,リタリエイション,牡3,56.0,津村明秀,2:03.0,クビ,6.3,4.0,468(0),[西] 中内田充,202204010205
6,6,11,マイネルイージス,牡3,56.0,丹内祐次,2:03.3,2,20.8,6.0,462(+4),[東] 清水英克,202204010205
7,7,12,ウィズザタイムズ,牝3,53.0,亀田温心,2:03.4,1/2,91.7,14.0,448(-2),[東] 竹内正洋,202204010205
8,2,3,トプカプパレス,牝3,54.0,富田暁,2:03.4,アタマ,27.8,9.0,456(+2),[東] 田中博康,202204010205
9,1,1,タイキフリード,牡3,54.0,角田大和,2:03.8,2,74.0,10.0,454(0),[西] 橋田満,202204010205
10,2,2,スマートウェリナ,牡3,56.0,岩田康誠,2:04.0,1.1/4,3.6,2.0,500(+2),[西] 笹田和秀,202204010205
11,4,7,リンギングフォン,牝3,50.0,今村聖奈,2:04.1,3/4,81.8,12.0,450(+8),[西] 寺島良,202204010205
12,8,15,ウィズアウトリーチ,牡3,56.0,杉原誠人,2:04.2,クビ,177.5,15.0,480(+18),[東] 嘉藤貴行,202204010205
13,6,10,ヴァラダムドラー,牝3,54.0,松田大作,2:04.9,4,27.3,8.0,526(0),[西] 松下武士,202204010205
14,3,5,ベガエクスプレス,牝3,54.0,松山弘平,2:05.1,1.1/2,22.6,7.0,426(+4),[西] 鈴木孝志,202204010205
15,4,6,ハイエストコード,牡3,56.0,川又賢治,2:05.2,1/2,74.2,11.0,472(+10),[西] 吉村圭司,202204010205
1,6,7,マイネルクロンヌ,牡5,57.0,丹内祐次,1:52.5,,9.3,5.0,506(-2),[東] 青木孝文,202204010206
2,1,1,ハイラブハンター,牡4,55.0,松本大輝,1:53.3,5,3.4,2.0,486(-2),[西] 谷潔,202204010206
3,4,4,ダノンハイファイブ,牡4,57.0,津村明秀,1:53.3,クビ,25.5,7.0,474(-6),[西] 坂口智康,202204010206
4,7,10,イシュタルゲート,牡6,57.0,西村淳也,1:53.4,1/2,31.5,8.0,522(-2),[西] 茶木太樹,202204010206
5,5,6,サクセスエース,牡4,57.0,木幡初也,1:54.0,3.1/2,7.7,4.0,496(0),[東] 竹内正洋,202204010206
6,8,12,コパノピッチング,牡4,56.0,泉谷楓真,1:54.6,3.1/2,98.2,10.0,492(-8),[西] 宮徹,202204010206
7,5,5,サクララージャン,牡6,56.0,秋山稔樹,1:54.8,1.1/2,33.3,9.0,498(0),[東] 金成貴史,202204010206
8,7,9,リヴェット,牡4,57.0,三浦皇成,1:55.1,1.3/4,3.2,1.0,488(+2),[東] 田村康仁,202204010206
9,6,8,ラリック,牡4,57.0,岩田康誠,1:57.4,大,18.6,6.0,442(0),[西] 田中克典,202204010206
10,2,2,ライトオブワールド,牡4,53.0,永島まな,1:59.6,大,136.6,11.0,440(-4),[西] 平田修,202204010206
中,3,3,ダイシンビルギニス,牡4,57.0,嶋田純次,,,223.8,12.0,510(+2),[東] 戸田博文,202204010206
中,8,11,レイクリエイター,牡4,57.0,松山弘平,,,4.2,3.0,472(-2),[西] 浜田多実,202204010206
1,8,12,タイミングハート,牡5,57.0,菱田裕二,2:14.0,,5.7,4.0,456(+8),[西] 武幸四郎,202204010207
2,1,1,シングマイハート,牝4,55.0,石橋脩,2:14.2,1.1/4,20.5,8.0,464(+12),[東] 尾関知人,202204010207
3,4,4,スカイテラス,牡5,54.0,横山琉人,2:14.4,1,13.8,7.0,492(+8),[東] 和田正一,202204010207
4,5,6,シエラネバダ,セ7,55.0,角田大和,2:14.6,1.1/4,30.5,9.0,492(-12),[西] 音無秀孝,202204010207
5,3,3,ミッキーセレスタ,牡4,57.0,三浦皇成,2:14.8,1.1/2,4.4,2.0,532(+2),[東] 国枝栄,202204010207
6,6,7,テーオーソロス,牡4,56.0,泉谷楓真,2:15.1,1.1/2,3.8,1.0,462(-10),[西] 宮徹,202204010207
7,2,2,ザレストノーウェア,牡4,57.0,津村明秀,2:15.2,1/2,54.8,10.0,456(+10),[東] 新開幸一,202204010207
8,5,5,フローレスクイーン,牝4,53.0,小沢大仁,2:15.8,3.1/2,4.5,3.0,508(0),[西] 田中克典,202204010207
9,6,8,バルネージュ,セ4,55.0,松本大輝,2:15.9,1/2,160.2,11.0,498(+2),[東] 天間昭一,202204010207
10,7,10,ロックオンエイム,牝4,54.0,秋山稔樹,2:16.8,5,11.4,6.0,466(+4),[東] 奥村武,202204010207
11,7,9,グレイシャーベイ,セ4,57.0,木幡育也,2:18.3,9,243.3,12.0,458(-2),[東] 岩戸孝樹,202204010207
12,8,11,クルーク,牡4,57.0,西村淳也,2:19.1,5,9.5,5.0,538(0),[西] 中内田充,202204010207
1,7,9,エアミアーニ,牡4,57.0,岩田康誠,1:34.9,,2.5,1.0,440(+4),[西] 笹田和秀,202204010208
2,4,4,グラヴィル,牝4,55.0,西村淳也,1:34.9,アタマ,13.1,7.0,516(+8),[東] 国枝栄,202204010208
3,3,3,マイネルダグラス,牡4,57.0,丹内祐次,1:34.9,ハナ,12.3,5.0,514(-6),[東] 相沢郁,202204010208
4,1,1,エンブレムコード,牝4,55.0,津村明秀,1:35.0,アタマ,16.0,9.0,468(+2),[東] 尾関知人,202204010208
5,2,2,サトノスカイターフ,牡4,57.0,荻野極,1:35.0,アタマ,5.2,2.0,496(0),[西] 池江泰寿,202204010208
6,8,12,グルーヴビート,牡4,57.0,川又賢治,1:35.1,3/4,10.6,4.0,488(+10),[西] 矢作芳人,202204010208
7,6,8,トランシルヴァニア,セ5,56.0,泉谷楓真,1:35.4,1.3/4,14.7,8.0,494(+2),[東] 田中剛,202204010208
8,7,10,トロワエスポワール,牡4,57.0,三浦皇成,1:35.4,クビ,8.0,3.0,454(0),[東] 鹿戸雄一,202204010208
9,8,11,サンセットオーラ,牡7,53.0,今村聖奈,1:35.4,ハナ,98.3,12.0,458(+2),[東] 村田一誠,202204010208
10,6,7,アルコディオーサ,牝4,55.0,嶋田純次,1:35.5,クビ,45.2,11.0,460(+2),[東] 手塚貴久,202204010208
11,5,5,ラルワースコーヴ,牝5,55.0,菱田裕二,1:35.8,1.3/4,19.6,10.0,468(+4),[東] 上原博之,202204010208
12,5,6,アムールマルルー,牝4,52.0,原優介,1:36.4,3.1/2,12.4,6.0,452(0),[東] 栗田徹,202204010208
1,1,1,カナリキケン,牝4,55.0,丹内祐次,1:52.4,,21.2,8.0,494(-2),[東] 竹内正洋,202204010209
2,5,8,ダンツチョイス,牝7,55.0,荻野極,1:52.5,クビ,5.9,3.0,468(+6),[西] 本田優,202204010209
3,8,13,アイリッシュムーン,牝4,55.0,富田暁,1:52.8,1.3/4,4.7,2.0,476(0),[東] 武井亮,202204010209
4,4,5,バライロノキセキ,牝4,55.0,角田大和,1:53.3,3,39.9,11.0,478(0),[西] 中竹和也,202204010209
5,3,4,ラフリッグフェル,牝5,55.0,岩田康誠,1:53.4,3/4,11.6,5.0,442(0),[西] 寺島良,202204010209
6,3,3,ランスオブアース,牝4,55.0,泉谷楓真,1:53.4,クビ,25.7,9.0,488(+12),[西] 本田優,202204010209
7,7,11,リアンクール,牝4,55.0,菱田裕二,1:53.5,クビ,3.4,1.0,482(-2),[西] 安田隆行,202204010209
8,5,7,リファインドマナー,牝4,55.0,松本大輝,1:53.5,アタマ,11.8,6.0,458(+14),[西] 杉山佳明,202204010209
9,4,6,ラボンダンス,牝5,55.0,西村淳也,1:53.9,2.1/2,12.1,7.0,500(-2),[西] 橋口慎介,202204010209
10,6,10,ファーストソリスト,牝4,55.0,川又賢治,1:54.1,1.1/2,35.5,10.0,480(+6),[西] 吉村圭司,202204010209
11,6,9,クインズバジル,牝4,55.0,松山弘平,1:54.5,2.1/2,6.2,4.0,464(+2),[西] 梅田智之,202204010209
12,8,14,アヴァニイ,牝5,55.0,秋山稔樹,1:54.8,1.3/4,168.2,14.0,504(0),[東] 加藤征弘,202204010209
13,7,12,サイモンジルバ,牝7,55.0,藤田菜七,1:56.1,8,156.0,13.0,464(+2),[東] 根本康広,202204010209
14,2,2,スマートパルフェ,牝4,55.0,川須栄彦,1:57.3,7,75.0,12.0,436(+2),[西] 小林真也,202204010209
1,2,3,トキメキ,牝5,55.0,松山弘平,0:55.1,,4.2,2.0,516(+6),[東] 斎藤誠,202204010210
2,5,10,ジャズエチュード,牝4,54.0,武藤雅,0:55.1,クビ,2.8,1.0,514(-6),[東] 黒岩陽一,202204010210
3,3,6,テーオーマルクス,牡5,57.0,岩田康誠,0:55.2,1/2,26.6,8.0,496(0),[西] 宮徹,202204010210
4,2,4,ショウナンバニラ,牝6,55.0,丸山元気,0:55.3,1/2,47.4,11.0,452(+2),[東] 武市康男,202204010210
5,5,9,ムスコローソ,牡7,57.0,嶋田純次,0:55.5,3/4,60.6,13.0,524(-6),[東] 手塚貴久,202204010210
6,1,1,クルークヴァール,牡7,57.0,津村明秀,0:55.5,アタマ,28.6,9.0,486(+16),[西] 中村直也,202204010210
7,6,11,チェリーブリーズ,牝5,55.0,原優介,0:55.7,1.1/4,114.2,16.0,488(+4),[東] 堀内岳志,202204010210
8,6,12,ビアイ,牝5,55.0,亀田温心,0:55.7,クビ,8.5,3.0,506(0),[西] 畑端省吾,202204010210
9,8,15,スーパーウーパー,牝4,55.0,松本大輝,0:55.8,クビ,8.7,4.0,476(+14),[西] 森秀行,202204010210
10,1,2,オルダージュ,セ6,57.0,藤田菜七,0:55.8,クビ,73.9,14.0,486(+4),[東] 青木孝文,202204010210
11,8,16,キーダイヤ,牝5,55.0,三浦皇成,0:55.9,クビ,10.4,5.0,450(-2),[西] 藤岡健一,202204010210
12,4,7,エルズリー,牝6,55.0,泉谷楓真,0:56.0,1/2,11.4,6.0,528(0),[西] 吉岡辰弥,202204010210
13,3,5,サウンドカナロア,セ6,57.0,川須栄彦,0:56.1,1/2,57.7,12.0,468(0),[西] 村山明,202204010210
14,4,8,フォドラ,牝4,55.0,西村淳也,0:56.1,ハナ,17.0,7.0,402(-2),[西] 牧浦充徳,202204010210
15,7,13,サンラモンバレー,牡7,57.0,荻野極,0:56.1,クビ,31.2,10.0,498(+8),[西] 池江泰寿,202204010210
16,7,14,ダイセンハッピー,牝4,55.0,木幡育也,0:56.1,アタマ,85.8,15.0,474(-9),[地] 今津博之,202204010210
1,8,14,レッドガラン,牡7,57.5,岩田康誠,1:57.7,,14.2,7.0,518(0),[西] 安田隆行,202204010211
2,5,8,カイザーバローズ,牡4,55.0,津村明秀,1:57.8,クビ,6.8,3.0,452(+8),[西] 中内田充,202204010211
3,7,13,ヤシャマル,牡5,54.0,松田大作,1:57.8,ハナ,8.9,5.0,512(-4),[東] 尾形和幸,202204010211
4,8,15,モズナガレボシ,牡5,55.0,菱田裕二,1:58.0,1,56.8,14.0,504(+8),[西] 荒川義之,202204010211
5,5,9,ステラリア,牝4,54.0,川須栄彦,1:58.0,クビ,6.5,2.0,496(-2),[西] 斉藤崇史,202204010211
6,7,12,シュヴァリエローズ,牡4,55.0,松山弘平,1:58.1,3/4,7.1,4.0,450(-4),[西] 清水久詞,202204010211
7,4,6,ラストドラフト,牡6,56.0,三浦皇成,1:58.3,1,15.8,8.0,470(0),[東] 戸田博文,202204010211
8,3,5,ダノンマジェスティ,牡7,55.0,武藤雅,1:58.4,3/4,43.5,13.0,492(+6),[西] 音無秀孝,202204010211
9,2,2,アイコンテーラー,牝4,52.0,亀田温心,1:58.4,ハナ,4.9,1.0,466(-6),[西] 河内洋,202204010211
10,2,3,スマイル,牡6,54.0,石橋脩,1:58.5,1/2,18.4,10.0,544(+4),[東] 堀宣行,202204010211
11,6,11,トーセングラン,牡6,54.0,丸山元気,1:58.9,2.1/2,15.8,9.0,448(+12),[東] 田村康仁,202204010211
12,4,7,プレシャスブルー,牡8,55.0,勝浦正樹,1:59.2,1.3/4,25.9,12.0,444(+6),[東] 相沢郁,202204010211
13,1,1,マウントゴールド,牡9,57.0,荻野極,2:00.1,5,61.1,15.0,450(-2),[西] 池江泰寿,202204010211
14,6,10,ラインベック,牡5,54.0,西村淳也,2:01.4,8,22.2,11.0,500(0),[西] 友道康夫,202204010211
15,3,4,アルサトワ,牡5,56.0,丹内祐次,2:02.3,5,9.5,6.0,516(+2),[西] 斉藤崇史,202204010211
1,6,11,アルマセクメト,牝4,55.0,三浦皇成,1:12.1,,2.4,1.0,472(0),[東] 田村康仁,202204010212
2,7,12,フレンドパル,牝4,51.0,永島まな,1:12.2,1/2,82.3,12.0,456(+4),[東] 深山雅史,202204010212
3,6,10,ルヴァンヴェール,セ5,55.0,小沢大仁,1:12.4,1,4.0,2.0,494(0),[東] 竹内正洋,202204010212
4,8,15,ミューティー,牝5,55.0,丹内祐次,1:12.4,アタマ,46.4,9.0,490(+2),[東] 石毛善彦,202204010212
5,4,7,メシアン,牝5,52.0,原優介,1:12.5,3/4,9.7,4.0,454(-2),[東] 和田勇介,202204010212
6,5,9,バットオールソー,牡7,57.0,杉原誠人,1:12.6,クビ,55.5,10.0,466(-4),[東] 大和田成,202204010212
7,3,4,アイスマン,牡4,57.0,丸山元気,1:12.6,クビ,21.5,6.0,462(-8),[東] 土田稔,202204010212
8,7,13,メディシス,牝4,53.0,松本大輝,1:12.6,ハナ,20.5,5.0,482(+14),[西] 杉山佳明,202204010212
9,2,3,ララシャンドン,牡4,57.0,西村淳也,1:12.8,1.1/2,4.0,3.0,492(-8),[西] 坂口智康,202204010212
10,2,2,ミヤコノアカリ,牝4,52.0,佐々木大,1:13.0,3/4,59.3,11.0,434(-2),[東] 加藤征弘,202204010212
11,8,14,セブンパワー,セ4,57.0,津村明秀,1:13.2,1.1/4,106.6,13.0,452(+8),[東] 新開幸一,202204010212
12,4,6,ナリタウルフ,牡5,57.0,川又賢治,1:13.5,1.3/4,115.6,14.0,458(-4),[西] 宮本博,202204010212
13,5,8,アイファーリンクス,牝4,53.0,角田大和,1:13.8,2,45.2,8.0,480(-2),[西] 鮫島一歩,202204010212
14,1,1,マイサンライズ,牝4,55.0,川須栄彦,1:15.6,大,27.5,7.0,522(+10),[東] 和田正一,202204010212
15,3,5,ジーガーローレンス,牝6,55.0,木幡初也,1:16.0,2.1/2,245.2,15.0,520(-10),[東] 武市康男,202204010212
1,2,2,アタカンテ,牝3,52.0,藤田菜七,1:12.0,,2.4,1.0,484(+4),[西] 藤原英昭,202204010301
2,6,10,グラサージュ,牝3,54.0,伊藤工真,1:12.5,3,8.0,3.0,520(0),[東] 林徹,202204010301
3,2,3,クランシリーニー,牝3,52.0,角田大和,1:12.8,1.3/4,3.7,2.0,488(-2),[西] 新谷功一,202204010301
4,7,13,メメスカーレット,牝3,50.0,今村聖奈,1:12.8,クビ,38.4,8.0,506(+6),[西] 武幸四郎,202204010301
5,3,5,イロハニオエ,牝3,53.0,秋山稔樹,1:13.0,3/4,68.1,9.0,488(0),[東] 小野次郎,202204010301
6,5,8,コリコ,牝3,54.0,勝浦正樹,1:13.0,クビ,19.2,7.0,422(-10),[東] 粕谷昌央,202204010301
7,1,1,ココシルフィード,牝3,52.0,松本大輝,1:13.1,クビ,12.4,6.0,448(-10),[西] 奥村豊,202204010301
8,8,14,ダブルブレンド,牝3,54.0,小崎綾也,1:13.3,1.1/2,9.2,5.0,396(-2),[西] 西村真幸,202204010301
9,7,12,ビップレジアス,牝3,54.0,菊沢一樹,1:13.3,アタマ,103.2,10.0,456(0),[東] 高柳瑞樹,202204010301
10,4,7,キーファイン,牝3,51.0,大久保友,1:13.4,アタマ,249.4,14.0,404(+2),[西] 藤沢則雄,202204010301
11,8,15,レンヌメファ,牝3,51.0,土田真翔,1:13.6,1.1/2,280.4,15.0,416(0),[東] 尾形和幸,202204010301
12,3,4,オールイズトゥルー,牝3,54.0,丸山元気,1:13.7,1/2,8.0,4.0,402(-8),[東] 西田雄一,202204010301
13,4,6,メイショウアルル,牝3,54.0,西村淳也,1:13.9,1,117.7,11.0,408(-2),[西] 笹田和秀,202204010301
14,6,11,アポロウェイラーズ,牝3,54.0,丹内祐次,1:14.8,5,151.3,12.0,450(-14),[東] 武藤善則,202204010301
15,5,9,アイファーリーベン,牝3,51.0,佐々木大,1:14.9,1/2,233.1,13.0,442(0),[東] 的場均,202204010301
1,2,2,バトルキャット,牝3,54.0,西村淳也,1:49.2,,4.8,3.0,466(-4),[西] 杉山晴紀,202204010302
2,7,10,レディズビーク,牝3,50.0,今村聖奈,1:49.3,1,4.1,2.0,436(+6),[西] 池江泰寿,202204010302
3,8,13,タガノタンゴ,牡3,54.0,小沢大仁,1:50.0,4,3.3,1.0,434(-4),[西] 西園正都,202204010302
4,3,3,ノーブルガルフ,牡3,55.0,亀田温心,1:50.2,1.1/4,23.8,7.0,486(+4),[東] 久保田貴,202204010302
5,4,5,アーブルチム,牝3,54.0,富田暁,1:50.5,2,76.9,10.0,460(-4),[西] 長谷川浩,202204010302
6,1,1,ハイハロー,牡3,56.0,丸山元気,1:50.5,アタマ,8.8,5.0,500(0),[東] 宮田敬介,202204010302
7,6,8,アスターデカゴン,牡3,54.0,松本大輝,1:50.6,クビ,80.5,12.0,486(-10),[西] 中竹和也,202204010302
8,4,4,キャンミナーレ,牝3,52.0,藤田菜七,1:50.9,1.3/4,68.4,9.0,478(0),[西] 清水久詞,202204010302
9,8,12,マイネルアカツキ,牡3,56.0,丹内祐次,1:50.9,クビ,129.9,13.0,476(-6),[東] 奥平雅士,202204010302
10,5,7,プレシャスソウル,牡3,54.0,角田大和,1:51.0,クビ,5.8,4.0,456(-2),[西] 吉岡辰弥,202204010302
11,5,6,カナリコッタゲーム,牝3,54.0,菊沢一樹,1:51.2,1.1/4,79.2,11.0,414(-8),[東] 宗像義忠,202204010302
12,6,9,カルチェリノイオリ,牝3,54.0,勝浦正樹,1:51.4,1.1/2,9.4,6.0,430(+2),[東] 粕谷昌央,202204010302
13,7,11,エンバース,牡3,53.0,横山琉人,1:52.2,5,62.3,8.0,472(-4),[西] 高橋亮,202204010302
1,1,1,ペイシャイシュタル,牝3,52.0,角田大和,1:10.6,,3.4,2.0,484(-10),[西] 畑端省吾,202204010303
2,3,3,デアリングヒューズ,牝3,54.0,菱田裕二,1:11.5,5,2.1,1.0,474(0),[東] 田中博康,202204010303
3,5,8,クイーンアポーン,牝3,54.0,丸山元気,1:11.7,1.1/2,7.2,3.0,442(-16),[東] 土田稔,202204010303
4,6,9,ヴァンクールシチー,牡3,56.0,武藤雅,1:12.8,7,56.4,7.0,424(0),[東] 栗田徹,202204010303
5,3,4,セイショウスマイル,牝3,54.0,丹内祐次,1:12.9,1/2,21.1,6.0,478(+4),[東] 本間忍,202204010303
6,6,10,フジサンリンバン,牝3,54.0,菊沢一樹,1:13.2,1.3/4,207.0,10.0,466(-4),[東] 松山将樹,202204010303
7,4,5,フォースチルドレン,牡3,53.0,佐々木大,1:13.3,クビ,231.8,11.0,470(-2),[東] 青木孝文,202204010303
8,8,14,ユキゲショウ,牝3,54.0,黛弘人,1:13.3,クビ,337.1,12.0,458(+4),[東] 浅野洋一,202204010303
9,7,12,メイトゥリアーク,牝3,51.0,大久保友,1:13.4,クビ,415.8,13.0,436(-14),[東] 加藤和宏,202204010303
10,8,13,ミーナティエルナ,牝3,50.0,今村聖奈,1:13.4,クビ,7.5,4.0,428(+2),[西] 寺島良,202204010303
11,7,11,アイパラドックス,牡3,53.0,水沼元輝,1:13.7,2,542.3,14.0,464(0),[東] 西田雄一,202204010303
12,5,7,アスターモノゴン,牡3,54.0,小沢大仁,1:13.7,ハナ,8.0,5.0,462(+4),[西] 中竹和也,202204010303
13,2,2,ベルトゥジュール,牝3,53.0,秋山稔樹,1:14.1,2,127.0,9.0,458(0),[東] 蛯名利弘,202204010303
14,4,6,セレブ,牝3,51.0,原優介,1:14.8,4,63.4,8.0,464(-6),[東] 杉浦宏昭,202204010303
1,6,8,モズミツボシ,牡3,52.0,今村聖奈,1:53.8,,5.5,4.0,526(+12),[西] 飯田祐史,202204010304
2,8,13,サラフィエル,牡3,56.0,菊沢一樹,1:53.9,クビ,4.7,3.0,434(0),[東] 鈴木慎太,202204010304
3,4,4,レイメイ,牡3,55.0,泉谷楓真,1:54.1,1.1/4,45.8,10.0,486(-4),[西] 松永幹夫,202204010304
4,7,10,ロックバウンド,牡3,54.0,小沢大仁,1:54.3,1.1/2,4.6,2.0,468(-8),[西] 松永昌博,202204010304
5,7,11,シゲルツキミザケ,牡3,54.0,松本大輝,1:54.7,2.1/2,3.1,1.0,458(-4),[西] 谷潔,202204010304
6,5,7,タイキモンストル,牡3,53.0,原優介,1:55.1,2,9.0,5.0,486(-4),[西] 西園正都,202204010304
7,6,9,コスモブライヤー,牡3,56.0,斎藤新,1:55.5,2.1/2,39.2,9.0,474(-12),[東] 畠山吉宏,202204010304
8,3,3,ヒロシゲアトム,牡3,54.0,角田大和,1:55.6,クビ,13.2,6.0,494(+4),[西] 長谷川浩,202204010304
9,2,2,セリガチ,牡3,53.0,土田真翔,1:55.6,ハナ,268.4,12.0,454(0),[東] 小桧山悟,202204010304
10,1,1,ベガスバケーション,牝3,54.0,西村淳也,1:55.7,1/2,36.4,8.0,430(0),[東] 矢野英一,202204010304
11,5,6,グランセザム,牡3,53.0,横山琉人,1:56.3,3.1/2,71.6,11.0,468(-8),[東] 松山将樹,202204010304
12,8,12,サノバレー,牝3,51.0,水沼元輝,1:58.9,大,275.2,13.0,448(+4),[東] 中野栄治,202204010304
13,4,5,ウォークル,牝3,52.0,藤田菜七,1:59.1,3/4,20.9,7.0,412(-2),[東] 大和田成,202204010304
1,3,3,ブロンドケリー,牡3,52.0,今村聖奈,2:31.2,,13.4,5.0,452(-2),[西] 寺島良,202204010305
2,7,12,デザートスター,牡3,56.0,黛弘人,2:31.6,2.1/2,7.1,4.0,466(+4),[東] 武井亮,202204010305
3,3,4,バレエマスター,牡3,53.0,原優介,2:31.7,クビ,6.2,3.0,470(+2),[西] 梅田智之,202204010305
4,7,11,ニシノクレセント,牡3,56.0,富田暁,2:31.8,1/2,1.8,1.0,506(-2),[西] 長谷川浩,202204010305
5,6,10,プレヴィア,牡3,53.0,横山琉人,2:31.9,1/2,186.5,12.0,480(-4),[東] 奥村武,202204010305
6,8,13,コスモゴレアドール,牡3,56.0,丹内祐次,2:31.9,クビ,5.4,2.0,422(-2),[西] 吉田直弘,202204010305
7,6,9,ストームシャドウ,牡3,55.0,秋山稔樹,2:32.1,1.1/4,29.1,7.0,450(0),[東] 林徹,202204010305
8,5,8,ショーンヘイティ,牡3,56.0,丸山元気,2:32.2,クビ,17.9,6.0,478(+4),[東] 相沢郁,202204010305
9,2,2,ゴーンクエスト,牡3,54.0,角田大和,2:33.0,5,249.1,13.0,470(0),[西] 吉村圭司,202204010305
10,4,5,ブラックアピール,牝3,51.0,佐々木大,2:33.0,クビ,78.2,9.0,458(+8),[東] 宮田敬介,202204010305
11,4,6,ヒロシゲジャック,牡3,55.0,亀田温心,2:34.0,6,146.6,10.0,498(-8),[西] 北出成人,202204010305
12,8,14,スマートキャノン,牡3,54.0,松本大輝,2:34.0,クビ,164.1,11.0,478(+6),[西] 音無秀孝,202204010305
13,1,1,レラアシリ,牡3,56.0,菱田裕二,2:34.6,3.1/2,267.2,14.0,456(+4),[東] 高橋文雅,202204010305
14,5,7,ヤマカツブラック,牡3,54.0,小沢大仁,2:39.1,大,73.5,8.0,512(-10),[西] 池添兼雄,202204010305
1,8,10,レミニシェンザ,牝5,53.0,松本大輝,1:52.6,,2.5,1.0,462(-4),[西] 羽月友彦,202204010306
2,6,7,ラブエスポー,牝5,54.0,泉谷楓真,1:53.5,5,5.9,2.0,460(-6),[東] 蛯名利弘,202204010306
3,8,11,マテンロウルビー,牝4,53.0,角田大和,1:53.6,1/2,6.5,3.0,456(-2),[西] 野中賢二,202204010306
4,4,4,メイショウホタルビ,牝4,53.0,小沢大仁,1:53.7,クビ,9.1,6.0,428(-8),[西] 大橋勇樹,202204010306
5,2,2,パリスデージー,牝5,55.0,斎藤新,1:53.8,3/4,8.3,5.0,432(-2),[東] 佐藤吉勝,202204010306
6,1,1,ゴムマリ,牝7,52.0,原優介,1:54.1,1.1/2,46.4,10.0,492(+4),[東] 浅野洋一,202204010306
7,5,5,スパニッシュアート,牝5,55.0,菊沢一樹,1:54.7,3.1/2,18.3,8.0,428(0),[東] 戸田博文,202204010306
8,7,8,ウィズザワールド,牝4,54.0,秋山稔樹,1:55.0,1.3/4,32.1,9.0,468(-6),[東] 松山将樹,202204010306
9,7,9,ララサンパティック,牝5,55.0,黛弘人,1:55.2,1.1/4,153.6,11.0,478(-12),[東] 和田雄二,202204010306
10,6,6,ベゼドランジュ,牝4,55.0,西村淳也,1:55.3,1/2,7.1,4.0,496(-12),[西] 今野貞一,202204010306
11,3,3,トレイトセオリー,牝4,55.0,勝浦正樹,1:57.9,大,18.0,7.0,448(-6),[東] 和田勇介,202204010306
1,4,8,エスジープリンセス,牝4,55.0,菱田裕二,1:10.1,,11.0,5.0,472(-2),[東] 和田勇介,202204010307
2,7,13,ジャストザビアンカ,牝4,55.0,西村淳也,1:10.1,クビ,13.5,6.0,460(-4),[西] 牧浦充徳,202204010307
3,2,3,ルルルージュ,牝4,55.0,菊沢一樹,1:10.2,1/2,16.0,8.0,470(-2),[東] 菊沢隆徳,202204010307
4,8,16,ホウオウエンジェル,牝5,53.0,小沢大仁,1:10.3,1/2,16.8,10.0,470(+4),[東] 加藤和宏,202204010307
5,5,9,タツオウカケンラン,牝5,55.0,斎藤新,1:10.5,1.1/2,16.3,9.0,452(+6),[西] 鮫島一歩,202204010307
6,1,2,ネオレインボウ,セ6,57.0,丸山元気,1:10.6,クビ,6.1,4.0,484(+10),[東] 小西一男,202204010307
7,6,12,マイネルヘルト,牡5,57.0,丹内祐次,1:10.6,クビ,35.1,12.0,416(-4),[西] 西園正都,202204010307
8,3,5,タイガーリリー,牝4,55.0,黛弘人,1:10.7,1/2,5.2,1.0,460(-8),[東] 尾関知人,202204010307
9,5,10,ピュリフィアン,牝5,53.0,松本大輝,1:10.8,1/2,23.0,11.0,426(+12),[西] 松下武士,202204010307
10,8,15,スイートフェンネル,牝4,52.0,原優介,1:10.9,1/2,171.2,16.0,452(0),[東] 粕谷昌央,202204010307
11,4,7,エターナルピース,牝4,52.0,横山琉人,1:11.0,3/4,5.5,2.0,480(-8),[東] 和田正一,202204010307
12,6,11,チカリヨン,牝4,53.0,藤田菜七,1:11.1,1/2,5.9,3.0,480(-2),[西] 松永幹夫,202204010307
13,3,6,アルバリーニョ,牝4,54.0,秋山稔樹,1:11.1,ハナ,15.0,7.0,440(+2),[西] 森田直行,202204010307
14,1,1,ジュンダイハード,牝4,54.0,泉谷楓真,1:11.2,1/2,114.2,15.0,454(+8),[東] 中舘英二,202204010307
15,7,14,ミトグラフィア,牝4,54.0,亀田温心,1:11.6,2.1/2,47.0,14.0,416(-8),[東] 高柳瑞樹,202204010307
16,2,4,セルレア,牝5,51.0,今村聖奈,1:11.7,クビ,35.2,13.0,454(-8),[東] 深山雅史,202204010307
1,8,11,タガノチュール,牡4,54.0,原優介,1:53.6,,4.5,3.0,482(-4),[西] 西園正都,202204010308
2,6,7,ガムラン,牡4,57.0,勝浦正樹,1:53.8,1,5.4,4.0,510(+4),[西] 高橋義忠,202204010308
3,6,8,ジェイエルブリッジ,牡4,57.0,丸山元気,1:54.2,2.1/2,176.4,11.0,472(-2),[東] 小西一男,202204010308
4,1,1,サトノスライヴ,牡5,53.0,今村聖奈,1:54.3,3/4,3.8,1.0,514(-10),[西] 南井克巳,202204010308
5,7,10,ジンフラッシュ,牡5,56.0,秋山稔樹,1:54.7,2.1/2,14.7,6.0,494(-12),[東] 小野次郎,202204010308
6,8,12,ロードドレイク,牡4,57.0,川須栄彦,1:54.8,クビ,21.7,8.0,434(-2),[西] 松下武士,202204010308
7,5,5,シグネチャーセル,牡4,57.0,西村淳也,1:54.8,クビ,4.3,2.0,498(-2),[西] 小崎憲,202204010308
8,4,4,エナジーボーイ,セ4,57.0,丹内祐次,1:54.9,クビ,18.2,7.0,432(-2),[東] 石毛善彦,202204010308
9,7,9,ヌンカプト,牡5,57.0,菊沢一樹,1:55.1,1.1/2,65.5,10.0,458(+2),[東] 堀内岳志,202204010308
10,2,2,リアルシング,牡5,54.0,大久保友,1:55.5,2.1/2,7.1,5.0,546(-4),[西] 池添兼雄,202204010308
11,3,3,ナイルリバー,牡5,55.0,松本大輝,1:55.8,1.1/2,36.8,9.0,568(-10),[西] 茶木太樹,202204010308
12,5,6,ベストユエンモン,牡5,54.0,佐々木大,1:56.6,5,303.2,12.0,454(-14),[東] 宗像義忠,202204010308
1,5,5,ハートオブアシティ,牡4,57.0,菱田裕二,2:01.7,,3.0,2.0,432(-8),[西] 森田直行,202204010309
2,4,4,ピナ,牝4,55.0,秋山稔樹,2:01.8,クビ,20.9,7.0,482(+4),[東] 蛯名利弘,202204010309
3,3,3,サジェス,牡4,57.0,亀田温心,2:01.8,クビ,3.7,3.0,442(+4),[西] 中尾秀正,202204010309
4,2,2,トーセンクライマー,牡4,57.0,丹内祐次,2:02.2,2.1/2,11.5,5.0,460(-6),[東] 加藤征弘,202204010309
5,8,8,ゲンパチリベロ,牡4,57.0,勝浦正樹,2:02.3,3/4,2.8,1.0,498(-4),[東] 西田雄一,202204010309
6,1,1,レゾンドゥスリール,セ4,57.0,西村淳也,2:02.4,クビ,18.9,6.0,444(-6),[西] 辻野泰之,202204010309
7,7,7,フォーチュンリング,牝7,55.0,黛弘人,2:03.6,7,8.7,4.0,454(-6),[東] 嘉藤貴行,202204010309
8,6,6,シンクロゲイザー,牡5,57.0,菊沢一樹,2:04.0,2,118.4,8.0,452(-2),[東] 佐藤吉勝,202204010309
1,4,4,ルドヴィクス,牡4,57.0,菱田裕二,1:48.0,,4.1,2.0,508(-8),[東] 久保田貴,202204010310
2,7,10,ナリタザクラ,牡5,57.0,丸山元気,1:48.0,クビ,14.3,6.0,494(-12),[西] 高橋亮,202204010310
3,5,7,マリノソフィア,牝5,55.0,黛弘人,1:48.4,2.1/2,16.4,7.0,456(-2),[東] 奥平雅士,202204010310
4,5,6,ブルームスベリー,牝5,55.0,秋山稔樹,1:48.5,クビ,5.3,3.0,464(0),[東] 嘉藤貴行,202204010310
5,7,11,トーセンメラニー,牝4,55.0,原優介,1:48.7,1.1/4,6.5,4.0,486(+4),[東] 小桧山悟,202204010310
6,6,8,ケンアンビシャス,牡4,57.0,亀田温心,1:48.9,1,12.0,5.0,470(-2),[東] 久保田貴,202204010310
7,8,12,ヴィヴァン,牡4,57.0,西村淳也,1:49.0,1,3.7,1.0,494(+4),[西] 池江泰寿,202204010310
8,8,13,タイセイドリーマー,牡4,57.0,川須栄彦,1:49.3,1.3/4,16.5,8.0,502(+8),[西] 矢作芳人,202204010310
9,1,1,マルモネオフォース,牝6,55.0,富田暁,1:49.4,1/2,38.4,10.0,508(-12),[西] 木原一良,202204010310
10,6,9,ロッソモラーレ,牡5,57.0,丹内祐次,1:49.4,クビ,28.4,9.0,472(+2),[東] 清水英克,202204010310
11,2,2,フローズンスタイル,牝5,55.0,藤田菜七,1:49.7,1.3/4,38.6,12.0,452(-2),[東] 黒岩陽一,202204010310
12,4,5,ラキャラントシス,牝5,55.0,斎藤新,1:49.8,クビ,38.6,11.0,482(-2),[東] 鈴木伸尋,202204010310
13,3,3,ディープハーモニー,牡5,57.0,泉谷楓真,1:51.1,8,75.9,13.0,486(-2),[西] 本田優,202204010310
1,7,14,ヒロノトウリョウ,牡6,57.0,秋山稔樹,0:55.9,,12.5,6.0,500(0),[東] 蛯名利弘,202204010311
2,7,13,タピオカ,牝5,55.0,丹内祐次,0:56.0,1/2,4.1,2.0,518(+2),[東] 牧光二,202204010311
3,6,11,エーアイダンサー,牝4,55.0,斎藤新,0:56.3,1.3/4,16.2,7.0,430(0),[東] 畠山吉宏,202204010311
4,4,8,トミケンルーア,セ6,57.0,木幡初也,0:56.4,3/4,2.8,1.0,482(+2),[東] 竹内正洋,202204010311
5,5,9,スイーツマジック,牝4,55.0,勝浦正樹,0:56.5,クビ,12.3,5.0,480(+6),[東] 佐藤吉勝,202204010311
6,8,15,シオミチクレバ,牝5,55.0,菱田裕二,0:56.6,3/4,17.6,8.0,500(-2),[西] 牧浦充徳,202204010311
7,5,10,ローズオブシャロン,牝5,55.0,津村明秀,0:56.7,3/4,8.2,3.0,470(0),[東] 大竹正博,202204010311
8,8,16,ウメタロウ,牡7,57.0,黛弘人,0:56.8,1/2,23.0,9.0,500(-4),[東] 伊藤大士,202204010311
9,4,7,バトーデュシエル,牝5,55.0,丸山元気,0:57.0,1,8.6,4.0,480(-4),[西] 安田翔伍,202204010311
10,2,3,モテモテ,牝6,55.0,亀田温心,0:57.2,1.1/2,26.8,10.0,468(+2),[西] 南井克巳,202204010311
11,3,6,ドリームジャンボ,牝7,55.0,嶋田純次,0:57.9,4,120.9,13.0,484(-4),[東] 南田美知,202204010311
12,3,5,レインボービーム,牡5,57.0,水沼元輝,0:58.0,1/2,133.3,14.0,476(-12),[東] 加藤和宏,202204010311
13,1,2,エールヴィフ,牝5,55.0,小沢大仁,0:58.2,1.1/4,83.8,12.0,520(0),[西] 橋口慎介,202204010311
14,2,4,アーヒラ,牝7,55.0,城戸義政,0:58.6,2.1/2,170.8,15.0,456(+2),[東] 石毛善彦,202204010311
15,1,1,サクセスハーモニー,牝5,55.0,武藤雅,0:58.7,クビ,28.6,11.0,440(-4),[東] 久保田貴,202204010311
除,6,12,グランマリアージュ,牝5,55.0,鮫島良太,,,---,,470(+2),[西] 牧浦充徳,202204010311
1,2,2,ディベルティール,牡4,55.0,松本大輝,1:11.6,,4.2,1.0,506(-2),[東] 田島俊明,202204010312
2,7,12,ソナトリーチェ,牝4,55.0,西村淳也,1:11.6,アタマ,5.2,3.0,456(-8),[西] 奥村豊,202204010312
3,7,13,プリティインピンク,牝4,52.0,原優介,1:11.8,1,8.1,4.0,432(0),[東] 小手川準,202204010312
4,4,7,ベラール,牡5,55.0,角田大和,1:11.9,3/4,4.4,2.0,486(-2),[西] 武幸四郎,202204010312
5,3,4,アテンフェアリー,牝6,54.0,亀田温心,1:12.2,1.3/4,110.6,15.0,476(+4),[東] 萱野浩二,202204010312
6,6,10,キョシンタンカイ,牡5,57.0,菊沢一樹,1:12.2,アタマ,29.2,9.0,514(-8),[東] 武市康男,202204010312
7,8,14,メルテッドハニー,牝5,52.0,横山琉人,1:12.3,1/2,32.7,10.0,402(+2),[東] 大江原哲,202204010312
8,5,8,バイシクルキック,牡4,53.0,今村聖奈,1:12.3,アタマ,12.0,7.0,466(-2),[東] 栗田徹,202204010312
9,8,15,キクノロージズ,牝7,55.0,富田暁,1:12.4,1/2,10.4,6.0,486(0),[西] 吉田直弘,202204010312
10,3,5,ブルーコーラル,牝6,55.0,丹内祐次,1:12.5,クビ,10.0,5.0,434(-2),[東] 清水英克,202204010312
11,4,6,コスモクウェンチ,牡8,57.0,木幡初也,1:12.9,2.1/2,66.7,12.0,494(-2),[東] 小桧山悟,202204010312
12,5,9,サンマルシップ,牡4,57.0,斎藤新,1:12.9,クビ,106.6,14.0,496(0),[東] 佐藤吉勝,202204010312
13,1,1,スマートルミエール,牡5,55.0,小沢大仁,1:13.4,3,16.6,8.0,460(0),[西] 田中克典,202204010312
14,6,11,キャンユーキッス,牝4,53.0,藤田菜七,1:13.5,3/4,41.2,11.0,446(0),[西] 鈴木孝志,202204010312
15,2,3,ジャコエマリックン,牡6,57.0,川須栄彦,1:13.5,アタマ,70.2,13.0,476(+6),[西] 中尾秀正,202204010312
1,6,11,ヴァーチュアス,牡3,56.0,西村淳也,1:12.5,,5.5,2.0,472(-6),[西] 渡辺薫彦,202204010401
2,7,13,クラリティスケール,牝3,50.0,今村聖奈,1:12.6,1,9.1,5.0,440(-2),[東] 菊沢隆徳,202204010401
3,4,6,ミルヒシュトラーセ,牝3,52.0,松本大輝,1:12.9,1.1/2,2.5,1.0,462(-2),[西] 斉藤崇史,202204010401
4,3,5,カンタベリーホープ,牡3,56.0,津村明秀,1:13.2,2,53.5,11.0,442(0),[東] 的場均,202204010401
5,6,10,モリノドリーム,牝3,51.0,横山琉人,1:13.2,クビ,7.3,4.0,456(-4),[東] 大江原哲,202204010401
6,3,4,キタサンユーダイ,牡3,56.0,菱田裕二,1:13.2,ハナ,43.6,10.0,482(+6),[西] 清水久詞,202204010401
7,5,8,シンギングロード,セ3,54.0,角田大和,1:13.3,アタマ,23.2,8.0,494(+6),[西] 角田晃一,202204010401
8,1,1,チョウザメノコ,牡3,55.0,亀田温心,1:13.4,3/4,81.3,12.0,464(-4),[東] 天間昭一,202204010401
9,8,15,シゲルカンガルー,牡3,56.0,高倉稜,1:13.5,3/4,19.4,6.0,484(0),[西] 藤沢則雄,202204010401
10,5,9,ムーンワード,牝3,51.0,原優介,1:13.6,3/4,25.3,9.0,480(-10),[東] 杉浦宏昭,202204010401
11,4,7,ダグザ,セ3,54.0,藤田菜七,1:14.1,3,20.1,7.0,476(-6),[西] 安田隆行,202204010401
12,8,14,スターオブフェイス,牡3,56.0,丸山元気,1:14.7,3.1/2,5.8,3.0,424(-4),[東] 土田稔,202204010401
13,2,2,デルマスプリガン,牡3,53.0,鷲頭虎太,1:15.1,2.1/2,104.9,14.0,436(0),[西] 畑端省吾,202204010401
14,7,12,アニーアイル,牝3,53.0,秋山稔樹,1:15.9,5,176.2,15.0,462(-4),[東] 本間忍,202204010401
15,2,3,メタバース,牝3,51.0,佐々木大,1:18.0,大,89.7,13.0,478(-12),[東] 大江原哲,202204010401
1,5,9,グランアリエル,牡3,56.0,勝浦正樹,1:09.8,,4.8,2.0,474(0),[東] 小野次郎,202204010402
2,2,3,メルヴィル,牝3,52.0,松本大輝,1:10.0,3/4,4.9,3.0,430(+2),[西] 音無秀孝,202204010402
3,5,10,ベルシャンテ,牝3,54.0,岩田康誠,1:10.1,1,8.1,5.0,434(-2),[西] 奥村豊,202204010402
4,2,4,オマツサマ,牝3,52.0,小沢大仁,1:10.2,クビ,8.5,6.0,476(-6),[西] 藤岡健一,202204010402
5,4,8,シンゼンコイチャン,牝3,50.0,今村聖奈,1:10.4,1.1/4,25.3,9.0,452(-4),[西] 飯田祐史,202204010402
6,1,2,ソングフォーユー,牝3,54.0,西村淳也,1:10.6,1,4.5,1.0,436(+2),[西] 森田直行,202204010402
7,3,6,キルステン,牝3,54.0,川須栄彦,1:10.7,3/4,18.6,8.0,462(+2),[西] 浜田多実,202204010402
8,6,12,オウケンミッキー,牝3,51.0,横山琉人,1:11.0,1.3/4,15.9,7.0,440(-10),[西] 牧浦充徳,202204010402
9,6,11,クイーンアント,牝3,53.0,亀田温心,1:11.1,1,396.2,14.0,400(0),[西] 北出成人,202204010402
10,8,15,リアルジョージ,牡3,56.0,丸山元気,1:11.1,アタマ,5.2,4.0,498(-4),[東] 宮田敬介,202204010402
11,8,16,マリノラテ,牝3,51.0,原優介,1:11.3,1.1/4,290.2,13.0,440(0),[東] 松永康利,202204010402
12,7,13,ビーガール,牝3,52.0,角田大和,1:11.7,2.1/2,415.4,15.0,432(+16),[東] 西田雄一,202204010402
13,4,7,アラッキーフェイス,牡3,56.0,荻野極,1:11.9,1,196.6,12.0,430(+2),[西] 坂口智康,202204010402
14,1,1,パウダリースノー,牝3,52.0,藤田菜七,1:12.2,2,98.8,10.0,472(+6),[西] 吉村圭司,202204010402
15,3,5,フェリシタシオネス,牝3,53.0,秋山稔樹,1:12.3,1/2,159.8,11.0,454(+2),[西] 高橋義忠,202204010402
16,7,14,ピースワンヴェリテ,牡3,53.0,佐々木大,1:12.6,1.3/4,416.8,16.0,508(0),[東] 大竹正博,202204010402
1,6,10,エイミーバローズ,牝3,50.0,今村聖奈,1:54.4,,3.7,1.0,446(-8),[西] 松下武士,202204010403
2,5,9,エメラルセシリア,牝3,51.0,横山琉人,1:55.1,4,11.5,6.0,432(+6),[東] 相沢郁,202204010403
3,5,8,ハッピーバレー,牝3,54.0,武藤雅,1:55.1,クビ,4.4,3.0,450(-2),[東] 手塚貴久,202204010403
4,8,14,ルージュレイア,牝3,54.0,津村明秀,1:55.1,ハナ,9.6,5.0,432(-14),[東] 尾関知人,202204010403
5,8,15,ジョブックフィオリ,牝3,51.0,原優介,1:55.1,ハナ,81.5,11.0,422(-13),[東] 小桧山悟,202204010403
6,7,12,トーホウパラダイス,牝3,52.0,小沢大仁,1:55.3,3/4,87.9,12.0,468(-8),[西] 石坂公一,202204010403
7,7,13,モンタナサファイア,牝3,54.0,杉原誠人,1:55.8,3,130.0,14.0,412(-6),[東] 大和田成,202204010403
8,3,5,アポロリップ,牝3,54.0,丹内祐次,1:55.9,クビ,14.4,7.0,504(-4),[東] 岩戸孝樹,202204010403
9,4,7,スマイルサキ,牝3,53.0,泉谷楓真,1:56.2,1.3/4,216.9,15.0,438(+2),[東] 松山将樹,202204010403
10,6,11,ソルベローズ,牝3,54.0,菱田裕二,1:56.9,4,48.2,9.0,506(-6),[西] 吉田直弘,202204010403
11,1,1,アスタラグローリア,牝3,52.0,角田大和,1:57.1,1.1/4,6.5,4.0,416(-4),[東] 金成貴史,202204010403
12,3,4,フェッテ,牝3,53.0,秋山稔樹,1:58.2,7,24.2,8.0,504(+6),[東] 池上昌和,202204010403
13,4,6,ナオミニデレデレヤ,牝3,52.0,松本大輝,1:59.4,7,4.4,2.0,456(+5),[西] 杉山佳明,202204010403
14,2,2,シャルムランプ,牝3,54.0,西村淳也,2:01.7,大,49.0,10.0,410(-6),[西] 牧田和弥,202204010403
15,2,3,アオイツキ,牝3,54.0,黛弘人,2:02.8,7,117.2,13.0,462(0),[東] 浅野洋一,202204010403
1,6,8,テイエムタツマキ,牡4,59.0,黒岩悠,3:12.3,,2.0,1.0,498(+2),[西] 武英智,202204010404
2,7,9,ゴースト,セ6,60.0,森一馬,3:13.1,5,3.3,2.0,502(+4),[西] 橋口慎介,202204010404
3,6,7,ヴォートルエロー,牡5,60.0,江田勇亮,3:13.5,2.1/2,40.3,9.0,498(0),[東] 田村康仁,202204010404
4,3,3,ヒルノエドワード,牡5,60.0,平沢健治,3:14.1,3.1/2,13.4,4.0,482(-2),[西] 昆貢,202204010404
5,7,10,クリノヴィンセント,牡5,60.0,植野貴也,3:14.3,1.1/2,54.9,10.0,480(-6),[西] 渡辺薫彦,202204010404
6,8,12,ビップテッペン,牡5,60.0,五十嵐雄,3:14.6,1.3/4,165.2,12.0,444(+2),[東] 田島俊明,202204010404
7,8,11,コウソクスピード,セ5,60.0,石神深一,3:14.6,アタマ,14.3,5.0,518(-4),[東] 中舘英二,202204010404
8,5,5,ラジェドール,牡4,59.0,草野太郎,3:14.9,1.3/4,7.1,3.0,494(0),[東] 小笠倫弘,202204010404
9,5,6,ワンダーサーイター,牡5,60.0,小野寺祐,3:15.8,5,38.7,8.0,458(+2),[東] 畠山吉宏,202204010404
10,2,2,エスタンピージャ,牝4,57.0,蓑島靖典,3:16.3,3,82.1,11.0,478(+6),[東] 加藤和宏,202204010404
11,4,4,アスタースウィング,牡8,60.0,白浜雄造,3:16.3,アタマ,23.5,7.0,528(+14),[西] 中竹和也,202204010404
12,1,1,ビバヴィットーリオ,牡5,60.0,上野翔,3:18.0,10,18.6,6.0,532(-4),[東] 戸田博文,202204010404
1,3,3,ハーツシンフォニー,セ5,60.0,石神深一,3:11.4,,17.0,6.0,458(-2),[東] 辻哲英,202204010405
2,2,2,リアム,牡5,60.0,草野太郎,3:11.8,2.1/2,3.0,2.0,534(+14),[東] 萩原清,202204010405
3,7,9,ダイメイコスモス,牡6,60.0,植野貴也,3:12.1,1.3/4,2.2,1.0,494(0),[西] 森田直行,202204010405
4,8,12,マサハヤニース,牡7,60.0,森一馬,3:12.1,ハナ,8.6,3.0,500(+12),[西] 今野貞一,202204010405
5,8,11,サンライズアキレス,牡6,60.0,白浜雄造,3:12.5,2.1/2,10.3,4.0,512(+4),[西] 新谷功一,202204010405
6,6,8,ブレイニーラン,牡7,57.0,小牧加矢,3:12.7,3/4,23.3,8.0,484(-2),[西] 畑端省吾,202204010405
7,7,10,ファルヴォーレ,牡4,59.0,難波剛健,3:12.9,1.1/4,23.1,7.0,458(-4),[西] 高橋義忠,202204010405
8,5,5,マイネルバッカーノ,牡6,60.0,大庭和弥,3:14.7,大,107.4,10.0,506(-6),[東] 南田美知,202204010405
9,4,4,アトラスエース,牡4,59.0,上野翔,3:15.8,7,128.0,12.0,492(-6),[東] 伊藤伸一,202204010405
10,1,1,マリスドランジュ,牝5,58.0,中村将之,3:19.4,大,12.6,5.0,452(-6),[西] 宮本博,202204010405
中,5,6,サクラルーフェン,牡6,60.0,蓑島靖典,,,73.4,9.0,448(0),[東] 尾関知人,202204010405
中,6,7,ロークアルルージュ,牡6,60.0,五十嵐雄,,,121.3,11.0,552(-6),[東] 清水英克,202204010405
1,6,8,ローズピリオド,牡3,56.0,丹内祐次,1:54.7,,3.5,1.0,476(-4),[東] 中川公成,202204010406
2,5,7,スエトニウス,牡3,54.0,藤田菜七,1:54.9,3/4,3.7,2.0,466(+6),[西] 藤原英昭,202204010406
3,7,10,リリーアロー,牡3,54.0,小沢大仁,1:55.2,2,4.4,3.0,492(-6),[西] 池添兼雄,202204010406
4,5,6,ノーブルグレイシャ,牝3,54.0,武藤雅,1:56.3,7,22.0,7.0,462(-4),[東] 武藤善則,202204010406
5,4,5,エクセトラ,牡3,55.0,泉谷楓真,1:56.3,クビ,5.0,4.0,498(+12),[西] 吉村圭司,202204010406
6,3,3,ローゼンヴォルフ,牡3,55.0,秋山稔樹,1:56.6,1.3/4,118.0,10.0,508(-6),[東] 黒岩陽一,202204010406
7,1,1,ワンダフルヘヴン,牝3,53.0,亀田温心,1:56.7,3/4,10.5,5.0,488(-2),[東] 久保田貴,202204010406
8,2,2,ベッロジョヴァンニ,牡3,54.0,松本大輝,1:57.1,2.1/2,17.9,6.0,450(-6),[西] 高野友和,202204010406
9,8,13,ブランニューデイ,セ3,56.0,川島信二,1:57.3,1.1/4,61.4,9.0,430(-24),[西] 宮本博,202204010406
10,6,9,ブランコイラピド,牡3,56.0,菱田裕二,1:57.9,4,24.6,8.0,472(-1),[西] 新谷功一,202204010406
11,8,12,トヨリュウオー,牝3,54.0,杉原誠人,1:58.0,クビ,118.8,11.0,424(-6),[東] 大和田成,202204010406
12,4,4,クラウンパーチェ,牡3,53.0,原優介,1:59.7,10,390.9,13.0,434(+2),[東] 青木孝文,202204010406
13,7,11,カフー,牡3,54.0,角田大和,2:01.5,大,236.7,12.0,522(0),[西] 野中賢二,202204010406
1,4,7,アイルビーザワン,セ4,55.0,松本大輝,1:11.5,,26.5,7.0,480(+2),[東] 田島俊明,202204010407
2,3,5,サウンドブライアン,牡4,53.0,今村聖奈,1:11.9,2.1/2,10.8,5.0,480(-2),[西] 村山明,202204010407
3,8,14,ナサ,牝4,55.0,菱田裕二,1:12.0,1/2,14.7,6.0,454(-3),[西] 藤沢則雄,202204010407
4,3,4,アスクドンキバック,牡4,54.0,原優介,1:12.1,1/2,32.7,8.0,456(0),[西] 梅田智之,202204010407
5,6,11,ホテルカリホルニア,牡5,57.0,岩田康誠,1:12.2,クビ,1.9,1.0,500(+4),[東] 萩原清,202204010407
6,4,6,クレイジーリッチ,牡4,57.0,西村淳也,1:12.4,1.1/2,10.2,4.0,506(0),[東] 小手川準,202204010407
7,2,2,サダムゲンヤ,牡6,57.0,川須栄彦,1:12.4,ハナ,37.2,9.0,504(+1),[西] 中尾秀正,202204010407
8,5,8,レリスタット,牝5,55.0,丸山元気,1:12.5,クビ,139.4,12.0,454(+6),[東] 奥村武,202204010407
9,2,3,ノーブルハーバー,牝4,55.0,津村明秀,1:12.5,クビ,50.2,10.0,460(-2),[東] 鈴木伸尋,202204010407
10,5,9,ウインラザンツ,牡4,57.0,丹内祐次,1:12.6,クビ,5.7,3.0,516(+10),[東] 畠山吉宏,202204010407
11,8,15,サノノヒーロー,セ4,54.0,土田真翔,1:12.8,1.1/4,5.7,2.0,472(0),[東] 尾形和幸,202204010407
12,6,10,モンストルシチー,牡4,56.0,亀田温心,1:13.5,4,115.5,11.0,462(+13),[西] 北出成人,202204010407
13,7,13,ストレガ,牝5,55.0,黛弘人,1:13.8,2,399.5,14.0,452(+6),[東] 浅野洋一,202204010407
14,1,1,ハローチュース,牡4,54.0,佐々木大,1:14.0,1.1/4,438.4,15.0,462(0),[東] 和田雄二,202204010407
15,7,12,アリエール,牝5,55.0,菊沢一樹,1:14.0,クビ,301.4,13.0,394(-4),[東] 小桧山悟,202204010407
1,6,6,ジャンカズマ,牡4,55.0,松本大輝,1:47.1,,8.6,4.0,478(+14),[西] 安田翔伍,202204010408
2,5,5,エシカル,牡4,57.0,荻野極,1:47.5,2.1/2,2.6,1.0,502(+4),[東] 高橋文雅,202204010408
3,1,1,エニシノウタ,牝4,55.0,西村淳也,1:47.8,1.1/2,3.0,2.0,446(-6),[西] 笹田和秀,202204010408
4,8,9,セブンフォールド,牡4,56.0,秋山稔樹,1:47.9,3/4,9.2,5.0,454(-6),[東] 黒岩陽一,202204010408
5,3,3,ロードラスター,牡4,55.0,小沢大仁,1:48.4,3.1/2,14.0,6.0,508(-8),[西] 千田輝彦,202204010408
5,4,4,カツコ,牝4,51.0,今村聖奈,1:48.4,同着,5.8,3.0,458(+12),[西] 寺島良,202204010408
7,7,7,フミチャン,牝4,54.0,亀田温心,1:49.7,8,17.2,7.0,488(-2),[東] 鹿戸雄一,202204010408
8,2,2,トーセンオリジン,牡5,54.0,佐々木大,1:50.7,6,115.1,8.0,448(-14),[東] 和田雄二,202204010408
9,8,8,アルジェンタータ,牝6,52.0,原優介,1:51.1,2.1/2,189.5,9.0,436(+6),[東] 本間忍,202204010408
1,7,13,セリノーフォス,牝3,54.0,荻野極,0:55.1,,3.9,1.0,446(-6),[西] 本田優,202204010409
2,7,14,ネレイド,牝3,54.0,丸山元気,0:55.1,クビ,4.2,2.0,440(0),[東] 粕谷昌央,202204010409
3,8,15,ヤマトコウセイ,牝3,54.0,今村聖奈,0:55.4,1.1/2,17.0,6.0,454(0),[東] 武井亮,202204010409
4,8,16,サイモンカーチス,牡3,56.0,菊沢一樹,0:55.5,1,108.2,15.0,476(+4),[西] 梅田智之,202204010409
5,1,1,ローズブルーム,牝3,54.0,黛弘人,0:55.7,1.1/4,167.6,16.0,450(+10),[東] 伊藤大士,202204010409
6,5,10,ラインアルテア,牡3,56.0,武藤雅,0:55.9,1.1/4,66.6,12.0,466(-4),[東] 武藤善則,202204010409
7,4,7,アラクレ,牝3,54.0,丹内祐次,0:56.2,1.1/2,25.7,9.0,430(0),[東] 清水英克,202204010409
8,1,2,グラスミヤラビ,牝3,54.0,横山琉人,0:56.3,1/2,21.7,8.0,478(-4),[東] 大江原哲,202204010409
9,2,4,イスラアネーロ,牡3,56.0,岩田康誠,0:56.3,アタマ,4.7,3.0,442(+6),[西] 吉村圭司,202204010409
10,4,8,アイムファイン,牝3,54.0,嶋田純次,0:56.3,アタマ,85.5,14.0,398(0),[東] 奥平雅士,202204010409
11,3,6,オカンモシャチョウ,牝3,54.0,松本大輝,0:56.4,クビ,17.5,7.0,452(+2),[西] 森秀行,202204010409
12,6,12,ザアトム,牡3,56.0,亀田温心,0:56.4,クビ,6.3,4.0,484(+4),[東] 田島俊明,202204010409
13,5,9,ゲンパチレオニダス,牡3,56.0,西村淳也,0:56.8,2.1/2,14.9,5.0,474(-12),[西] 牧浦充徳,202204010409
14,6,11,シーズアクイーン,牝3,54.0,杉原誠人,0:56.9,クビ,28.2,10.0,426(+6),[東] 石毛善彦,202204010409
15,2,3,マブセレナード,牝3,54.0,勝浦正樹,0:57.3,2.1/2,30.1,11.0,454(-12),[東] 伊藤大士,202204010409
16,3,5,バーニングアイズ,牝3,54.0,泉谷楓真,0:58.1,5,77.4,13.0,410(-2),[西] 森田直行,202204010409
1,2,3,ショウナンマリオ,牡5,56.0,西村淳也,1:51.7,,3.3,1.0,494(+2),[東] 加藤士津,202204010410
2,4,6,ウォーロード,牡4,54.0,秋山稔樹,1:51.8,クビ,5.3,3.0,484(0),[東] 和田勇介,202204010410
3,3,5,コスモセイリュウ,牡5,54.0,津村明秀,1:52.3,3,12.7,6.0,500(-12),[東] 中野栄治,202204010410
4,7,13,イツカハシャチョウ,牡4,55.0,岩田康誠,1:52.3,クビ,14.4,7.0,502(0),[西] 吉田直弘,202204010410
5,8,14,コスモコラッジョ,牡4,56.0,丹内祐次,1:52.7,2.1/2,3.9,2.0,508(+2),[東] 嘉藤貴行,202204010410
6,6,11,マイネルタイムリー,牡4,54.0,武藤雅,1:52.8,クビ,31.5,9.0,488(-6),[東] 清水英克,202204010410
7,1,1,ユースフルラヴ,牝5,51.0,亀田温心,1:52.8,クビ,82.5,13.0,438(-2),[東] 辻哲英,202204010410
8,4,7,カムカム,牡8,53.0,川須栄彦,1:52.9,クビ,64.8,12.0,478(+10),[西] 浜田多実,202204010410
9,8,15,メイショウシャガ,牡5,53.0,高倉稜,1:53.0,1/2,45.7,11.0,512(+2),[西] 池添兼雄,202204010410
10,6,10,ダノンマヴロス,牡4,55.0,菱田裕二,1:53.0,アタマ,10.7,5.0,484(0),[東] 田中博康,202204010410
11,2,2,マイネルイヴィンス,セ6,52.0,横山琉人,1:53.6,3.1/2,140.4,14.0,506(-10),[東] 清水英克,202204010410
12,5,8,アポロミラクル,牡4,54.0,菊沢一樹,1:53.9,2,18.4,8.0,500(-6),[東] 菊沢隆徳,202204010410
13,5,9,チェリーオリオン,牡4,53.0,勝浦正樹,1:54.8,5,169.3,15.0,490(-6),[東] 小西一男,202204010410
14,7,12,サトノアポロン,セ4,54.0,中井裕二,1:55.7,5,39.0,10.0,484(-2),[西] 安田隆行,202204010410
15,3,4,ワイズマンハート,牡4,54.0,小沢大仁,1:59.9,大,10.6,4.0,474(-2),[西] 松永昌博,202204010410
1,8,10,タイセイモンストル,牡5,57.0,高倉稜,1:47.2,,16.6,6.0,480(-4),[西] 矢作芳人,202204010411
2,3,3,シルヴェリオ,牡5,57.0,岩田康誠,1:47.2,クビ,3.2,2.0,510(+2),[西] 池添学,202204010411
3,5,5,ワールドヘリテージ,牡7,57.0,勝浦正樹,1:47.2,ハナ,39.8,10.0,464(+2),[東] 金成貴史,202204010411
4,1,1,ブレイブメジャー,牡6,57.0,津村明秀,1:47.3,クビ,8.6,4.0,490(-6),[東] 萩原清,202204010411
5,8,9,イロゴトシ,牡5,57.0,荻野極,1:47.3,クビ,19.2,7.0,464(0),[西] 牧田和弥,202204010411
6,7,8,レインカルナティオ,牡5,57.0,丸山元気,1:47.3,アタマ,3.0,1.0,496(-4),[東] 小西一男,202204010411
7,7,7,ドンアルゴス,牡7,57.0,川島信二,1:47.6,1.3/4,31.3,9.0,536(+2),[西] 庄野靖志,202204010411
8,2,2,ワールドスケール,牡5,57.0,小崎綾也,1:47.8,1,13.8,5.0,472(-4),[西] 野中賢二,202204010411
9,4,4,クロワドフェール,牝5,55.0,菱田裕二,1:47.8,クビ,4.6,3.0,464(+2),[西] 斉藤崇史,202204010411
10,6,6,シャフトオブライト,牡7,57.0,亀田温心,1:48.8,6,21.2,8.0,466(+10),[西] 北出成人,202204010411
1,5,10,エコロデイジー,牝4,52.0,横山琉人,1:22.3,,7.4,4.0,482(+4),[西] 牧浦充徳,202204010412
2,8,16,シュライエン,牝4,55.0,西村淳也,1:22.5,1.1/4,4.3,2.0,434(-10),[西] 高野友和,202204010412
3,3,6,ハッピーオーサム,牝4,53.0,藤田菜七,1:22.9,2,5.7,3.0,490(+2),[西] 藤原英昭,202204010412
4,8,15,レッドルピナス,牝5,55.0,荻野極,1:22.9,クビ,35.5,9.0,424(-2),[西] 辻野泰之,202204010412
5,6,12,キトゥンズマーチ,牝4,53.0,角田大和,1:23.0,1/2,11.8,7.0,474(+8),[西] 吉岡辰弥,202204010412
6,2,3,ホウオウジュレップ,牝4,55.0,津村明秀,1:23.1,1/2,54.0,12.0,412(+4),[東] 牧光二,202204010412
7,6,11,キャットリング,牝4,54.0,秋山稔樹,1:23.4,2,123.4,15.0,428(-5),[西] 藤沢則雄,202204010412
8,7,13,インディナート,牝4,52.0,原優介,1:23.5,クビ,33.5,8.0,452(-16),[東] 堀内岳志,202204010412
9,7,14,ボレロ,牝4,55.0,丹内祐次,1:23.7,1,9.1,5.0,478(+10),[東] 矢野英一,202204010412
10,2,4,ジャンドゥーヤ,牝4,54.0,亀田温心,1:23.7,クビ,68.3,13.0,438(-10),[西] 小林真也,202204010412
11,1,1,アトムヴェローチェ,牝5,55.0,菊沢一樹,1:23.9,1,115.6,14.0,444(-20),[東] 勢司和浩,202204010412
12,4,8,マラッカ,牝4,52.0,土田真翔,1:23.9,アタマ,220.4,16.0,456(+20),[東] 小桧山悟,202204010412
13,5,9,カトルショセット,牝4,55.0,丸山元気,1:23.9,クビ,3.9,1.0,468(-14),[東] 黒岩陽一,202204010412
14,1,2,マックスブロケイド,牝6,53.0,松本大輝,1:23.9,アタマ,43.6,10.0,418(+4),[西] 笹田和秀,202204010412
15,3,5,マッチャパフェ,牝5,55.0,伊藤工真,1:24.2,1.1/2,44.9,11.0,450(+6),[東] 林徹,202204010412
16,4,7,ララサンスフル,牝4,55.0,中井裕二,1:25.3,7,9.2,6.0,498(+2),[東] 大竹正博,202204010412
1,6,8,メイショウアルト,牡4,59.0,黒岩悠,3:10.8,,29.1,9.0,478(0),[西] 高橋亮,202204010501
2,8,12,リーガルマナー,セ5,57.0,小牧加矢,3:10.8,アタマ,17.1,7.0,486(-2),[西] 四位洋文,202204010501
3,4,5,タイセイトレイル,牡7,60.0,平沢健治,3:10.9,クビ,5.8,3.0,506(-2),[西] 小林真也,202204010501
4,1,1,アスターマリンバ,牡5,60.0,植野貴也,3:11.8,5,3.7,2.0,526(+6),[西] 中竹和也,202204010501
5,7,10,プリンセスララア,牝5,58.0,大庭和弥,3:13.0,7,163.4,13.0,404(-16),[東] 的場均,202204010501
6,6,9,カクシン,牡5,60.0,森一馬,3:13.2,1.1/2,12.5,5.0,514(0),[西] 森秀行,202204010501
7,5,7,メイショウアツイタ,牡4,59.0,難波剛健,3:14.1,5,9.2,4.0,496(+6),[西] 高橋義忠,202204010501
8,7,11,スフバータル,セ9,60.0,江田勇亮,3:15.0,5,88.9,11.0,502(-10),[東] 松永康利,202204010501
9,3,3,アポロテネシー,牡7,60.0,五十嵐雄,3:15.2,1,14.9,6.0,522(0),[東] 鈴木伸尋,202204010501
10,4,4,ギガバッケン,セ7,60.0,草野太郎,3:16.0,5,17.7,8.0,538(-16),[東] 岩戸孝樹,202204010501
11,5,6,ミトノマルーン,牡6,60.0,高田潤,3:18.0,大,2.7,1.0,488(0),[西] 武英智,202204010501
12,2,2,セイウンソルジャー,牡5,60.0,上野翔,3:25.5,大,123.3,12.0,534(+2),[東] 小手川準,202204010501
中,8,13,ハローマイキー,牡4,59.0,伴啓太,,,49.8,10.0,488(+22),[東] 黒岩陽一,202204010501
1,5,8,ヴァンダンジュ,牝3,54.0,岩田康誠,1:55.0,,4.5,2.0,448(+10),[西] 宮本博,202204010502
2,1,1,サクラトップラン,牝3,54.0,斎藤新,1:55.8,5,9.0,4.0,430(0),[西] 中尾秀正,202204010502
3,2,2,キガサ,牝3,54.0,丹内祐次,1:55.8,クビ,54.1,11.0,428(-2),[東] 鈴木慎太,202204010502
4,3,4,レインボーエンゼル,牝3,52.0,角田大和,1:56.0,3/4,4.7,3.0,466(+4),[東] 小野次郎,202204010502
5,7,12,ラートリー,牝3,54.0,宮崎北斗,1:56.4,2.1/2,2.5,1.0,442(+2),[東] 和田勇介,202204010502
6,8,14,ルージュリッシュ,牝3,54.0,津村明秀,1:56.9,3,76.2,12.0,474(+4),[西] 高橋義忠,202204010502
7,2,3,ボルダーズビーチ,牝3,52.0,松本大輝,1:57.3,2.1/2,13.0,5.0,448(-4),[西] 寺島良,202204010502
8,8,15,ソルシエール,牝3,52.0,小沢大仁,1:57.5,3/4,43.6,9.0,444(-8),[東] 池上昌和,202204010502
9,3,5,リンギングフォン,牝3,50.0,今村聖奈,1:57.8,1.3/4,32.1,8.0,442(-8),[西] 寺島良,202204010502
10,6,10,ユキアカリ,牝3,54.0,黛弘人,1:57.8,クビ,17.0,6.0,436(-2),[東] 武井亮,202204010502
11,5,9,メロディーフェア,牝3,51.0,横山琉人,1:58.2,2.1/2,288.8,15.0,450(-2),[東] 新開幸一,202204010502
12,4,7,シゲルオトヒメ,牝3,54.0,酒井学,1:58.3,3/4,20.1,7.0,420(-10),[西] 谷潔,202204010502
13,6,11,シルミオーネ,牝3,51.0,原優介,1:58.3,ハナ,44.2,10.0,456(-10),[東] 萩原清,202204010502
14,7,13,ヤマニンドールアイ,牝3,51.0,鷲頭虎太,1:59.2,5,177.2,14.0,454(-2),[西] 奥村豊,202204010502
15,4,6,エクセレントジェム,牝3,54.0,丸山元気,2:00.0,5,97.0,13.0,480(0),[東] 畠山吉宏,202204010502
1,4,6,ルヴェルジェ,牝3,52.0,藤田菜七,1:12.1,,10.2,4.0,474(-4),[西] 杉山晴紀,202204010503
2,7,13,ホワイトガーベラ,牡3,56.0,勝浦正樹,1:12.4,1.1/2,1.8,1.0,474(+2),[東] 高橋裕,202204010503
3,3,4,エバニスタ,牡3,54.0,角田大和,1:13.4,6,4.8,2.0,482(+6),[西] 角田晃一,202204010503
4,2,3,ミラーレイク,牝3,51.0,佐々木大,1:13.6,1.1/4,81.3,10.0,436(-8),[東] 和田正一,202204010503
5,8,15,ザナイトカフェ,牡3,56.0,黛弘人,1:13.7,1/2,21.4,7.0,476(-8),[東] 宗像義忠,202204010503
6,8,14,レッドコーラル,牝3,51.0,原優介,1:13.9,1.1/4,11.6,5.0,450(+6),[東] 伊藤伸一,202204010503
7,2,2,オーケーキャンティ,牝3,54.0,木幡育也,1:14.2,2,390.4,15.0,446(-2),[東] 小桧山悟,202204010503
8,5,9,メイショウカンギク,牝3,50.0,今村聖奈,1:14.3,3/4,32.8,8.0,458(-8),[西] 飯田祐史,202204010503
9,6,10,リュッケ,牝3,54.0,丹内祐次,1:14.5,1,58.9,9.0,478(0),[東] 加藤征弘,202204010503
10,1,1,ユーフェイス,牡3,53.0,川端海翼,1:14.6,1/2,19.8,6.0,486(+6),[西] 鈴木孝志,202204010503
11,6,11,シルバーセレタ,牝3,53.0,秋山稔樹,1:14.6,クビ,271.7,12.0,414(+6),[東] 清水英克,202204010503
12,7,12,ケイティーズジョウ,牝3,52.0,松本大輝,1:14.7,アタマ,183.9,11.0,456(+2),[東] 岩戸孝樹,202204010503
13,3,5,カチグミ,牝3,53.0,亀田温心,1:14.8,1,321.1,13.0,426(+2),[東] 高橋裕,202204010503
14,4,7,ララペティアン,牝3,54.0,津村明秀,1:15.1,1.1/2,6.5,3.0,478(-12),[東] 大竹正博,202204010503
15,5,8,レッツドゥイット,牝3,51.0,横山琉人,1:15.4,2,365.7,14.0,452(-4),[東] 土田稔,202204010503
1,4,4,ニューツーリズム,セ6,60.0,小野寺祐,3:35.3,,15.1,4.0,500(-6),[東] 黒岩陽一,202204010504
2,5,7,ペガーズ,牡8,60.0,白浜雄造,3:35.9,3.1/2,7.4,2.0,494(-2),[西] 中尾秀正,202204010504
3,3,3,ヴァイトブリック,牡6,60.0,蓑島靖典,3:35.9,クビ,75.9,12.0,516(+4),[東] 和田正一,202204010504
4,7,10,ノストラダムス,牡7,61.0,北沢伸也,3:36.0,クビ,1.4,1.0,492(-8),[西] 鈴木孝志,202204010504
5,1,1,マイネルパラディ,セ8,60.0,平沢健治,3:36.0,ハナ,26.1,6.0,478(-6),[西] 吉田直弘,202204010504
6,6,8,マイネルダンク,牡4,59.0,五十嵐雄,3:36.3,2,17.7,5.0,440(0),[東] 青木孝文,202204010504
7,6,9,エミーリオ,牡8,60.0,上野翔,3:36.6,1.3/4,34.7,8.0,502(0),[東] 田中剛,202204010504
8,5,6,インビジブルレイズ,牡8,60.0,難波剛健,3:36.8,1.1/2,43.1,10.0,486(+10),[西] 吉村圭司,202204010504
9,7,11,キャプテンペリー,セ9,62.0,草野太郎,3:37.1,1.3/4,9.3,3.0,516(+4),[東] 岩戸孝樹,202204010504
10,8,12,テイエムチューハイ,牡8,60.0,植野貴也,3:37.2,3/4,39.0,9.0,464(-2),[西] 五十嵐忠,202204010504
11,2,2,ルヴァンギラ,セ5,60.0,伴啓太,3:37.6,2.1/2,68.8,11.0,544(-10),[東] 伊坂重信,202204010504
12,4,5,クリエイトザライフ,セ6,57.0,小牧加矢,3:42.2,大,108.5,13.0,486(-10),[西] 吉岡辰弥,202204010504
13,8,13,ロードエクスプレス,牡5,60.0,森一馬,3:42.6,2.1/2,29.3,7.0,472(-2),[西] 坂口智康,202204010504
1,5,9,メロウヴォイス,牝3,54.0,丸山元気,1:48.9,,9.0,6.0,424(0),[東] 上原博之,202204010505
2,4,8,ナイルプロジェクト,牝3,53.0,亀田温心,1:49.0,1/2,6.8,5.0,440(+2),[東] 高柳瑞樹,202204010505
3,3,6,タイセイエール,牝3,53.0,秋山稔樹,1:49.0,アタマ,6.5,4.0,432(-2),[東] 池上昌和,202204010505
4,7,13,プライムチャーム,牝3,50.0,今村聖奈,1:49.0,アタマ,5.4,2.0,476(+2),[西] 今野貞一,202204010505
5,1,2,ディープクイーン,牝3,54.0,富田暁,1:49.0,クビ,139.6,12.0,382(-12),[西] 武英智,202204010505
6,3,5,シエル,牝3,54.0,岩田康誠,1:49.2,3/4,3.5,1.0,452(-8),[西] 安田翔伍,202204010505
7,6,12,ノアチェリー,牝3,51.0,横山琉人,1:49.2,クビ,5.8,3.0,456(-10),[東] 大江原哲,202204010505
8,5,10,ヴァンデスト,牝3,54.0,丹内祐次,1:49.3,3/4,23.6,9.0,390(+6),[東] 松山将樹,202204010505
9,2,3,コスモパンドラ,牝3,52.0,松本大輝,1:49.4,クビ,284.7,15.0,452(+6),[東] 粕谷昌央,202204010505
10,7,14,フロックス,牝3,54.0,菊沢一樹,1:49.4,クビ,58.3,11.0,470(+8),[東] 松山将樹,202204010505
11,6,11,ルーラータイム,牝3,54.0,津村明秀,1:49.4,アタマ,22.0,8.0,454(0),[東] 矢野英一,202204010505
12,8,15,ブロセリアンド,牝3,54.0,荻野極,1:49.5,クビ,42.2,10.0,478(0),[西] 高橋義忠,202204010505
13,2,4,ハニートラップ,牝3,52.0,小沢大仁,1:50.0,3,239.9,13.0,412(-4),[東] 清水英克,202204010505
14,8,16,アンジアン,牝3,52.0,角田大和,1:50.3,1.3/4,18.0,7.0,426(+12),[西] 藤原英昭,202204010505
15,4,7,カガヤキホコレ,牝3,54.0,中井裕二,1:51.0,4,246.9,14.0,442(-4),[西] 辻野泰之,202204010505
16,1,1,イデアノアイデア,牝3,51.0,原優介,1:52.3,8,481.2,16.0,362(+6),[東] 堀内岳志,202204010505
1,6,11,ロサロッサーナ,牝3,51.0,横山琉人,0:54.8,,3.0,1.0,492(+2),[東] 伊藤圭三,202204010506
2,2,4,ショウナンタイジュ,牡3,56.0,丸山元気,0:55.7,5,7.3,4.0,480(+8),[東] 嘉藤貴行,202204010506
3,8,15,クリノニーナ,牝3,53.0,秋山稔樹,0:55.8,1,6.9,3.0,422(+10),[西] 高橋義忠,202204010506
4,3,5,チアリング,牝3,54.0,黛弘人,0:56.4,3.1/2,52.3,11.0,450(-6),[東] 本間忍,202204010506
5,7,14,プティアンジュ,牝3,54.0,木幡育也,0:56.4,ハナ,9.7,5.0,398(-2),[東] 田中剛,202204010506
6,3,6,ベラジオプライド,牡3,54.0,角田大和,0:56.5,3/4,25.2,9.0,462(+8),[西] 上村洋行,202204010506
7,7,13,ルナブリエ,牝3,54.0,勝浦正樹,0:56.7,1.1/4,15.6,7.0,438(-8),[東] 西田雄一,202204010506
8,6,12,フラッシュサンダー,牝3,51.0,原優介,0:56.8,1,47.3,10.0,416(-2),[東] 奥平雅士,202204010506
9,5,10,ベルベリス,牝3,54.0,荻野極,0:56.9,クビ,4.3,2.0,446(-6),[東] 高橋文雅,202204010506
10,1,1,シナモンロール,牝3,54.0,嶋田純次,0:56.9,クビ,21.6,8.0,414(-18),[東] 小野次郎,202204010506
11,8,16,フレンドプリンセス,牝3,51.0,水沼元輝,0:57.1,1.1/4,77.4,12.0,418(-4),[東] 南田美知,202204010506
12,1,2,コスモサルム,牡3,56.0,丹内祐次,0:57.3,1,12.8,6.0,468(+12),[東] 大和田成,202204010506
13,4,8,サバイバルダンス,牝3,51.0,川端海翼,0:57.3,クビ,184.0,14.0,412(+6),[東] 和田雄二,202204010506
14,2,3,ブラックテイルズ,牝3,52.0,藤田菜七,0:57.9,3.1/2,81.4,13.0,456(+8),[東] 辻哲英,202204010506
15,4,7,フォーネリー,牝3,54.0,酒井学,0:58.3,2.1/2,279.1,16.0,386(-6),[東] 高橋裕,202204010506
16,5,9,タマノカリーナ,牝3,54.0,宮崎北斗,1:02.2,大,200.8,15.0,378(-6),[東] 栗田徹,202204010506
1,7,13,リニュー,牡3,56.0,菊沢一樹,2:03.0,,44.7,11.0,440(+4),[東] 清水英克,202204010507
2,8,15,シルバーリング,牝3,54.0,武藤雅,2:03.1,1/2,10.1,6.0,452(-4),[西] 上村洋行,202204010507
3,3,6,ゲイングラウンド,牡3,54.0,角田大和,2:03.1,ハナ,8.5,4.0,510(+10),[西] 須貝尚介,202204010507
4,6,11,サルサロッサ,牝3,53.0,亀田温心,2:03.2,クビ,4.6,2.0,448(-2),[東] 高柳瑞樹,202204010507
5,6,12,ナリタボルテックス,牡3,54.0,小沢大仁,2:03.2,アタマ,4.4,1.0,474(-2),[西] 松永昌博,202204010507
6,4,8,タイムオブフライト,牡3,56.0,富田暁,2:03.3,1/2,10.8,7.0,442(0),[西] 辻野泰之,202204010507
7,7,14,ヴァンシャンテ,牝3,51.0,横山琉人,2:03.3,クビ,5.0,3.0,422(-4),[東] 武井亮,202204010507
8,5,10,ホーリーウェル,牝3,51.0,鷲頭虎太,2:03.4,1/2,9.6,5.0,400(+8),[西] 藤原英昭,202204010507
9,1,2,アレナリア,牝3,51.0,原優介,2:03.8,2.1/2,81.9,13.0,404(-8),[東] 粕谷昌央,202204010507
10,8,16,ベリーナブルー,牝3,54.0,斎藤新,2:04.0,1.1/4,120.9,14.0,440(-2),[西] 長谷川浩,202204010507
11,1,1,ヒロシゲジャック,牡3,55.0,泉谷楓真,2:04.2,1.1/2,148.3,15.0,498(0),[西] 北出成人,202204010507
12,3,5,ルージュヴェルダ,牝3,52.0,松本大輝,2:04.2,ハナ,18.0,8.0,484(+2),[西] 松下武士,202204010507
13,4,7,ルクス,牡3,54.0,藤田菜七,2:04.7,3,41.1,10.0,526(-8),[西] 平田修,202204010507
14,2,3,ベルヴュードライヴ,牡3,56.0,荻野極,2:05.1,2.1/2,218.6,16.0,406(-2),[東] 加藤士津,202204010507
15,2,4,イザベルクイーン,牝3,50.0,今村聖奈,2:06.1,6,48.9,12.0,416(-4),[西] 寺島良,202204010507
16,5,9,アップフルーク,牡3,55.0,秋山稔樹,2:07.1,6,21.5,9.0,500(+4),[東] 松山将樹,202204010507
1,5,9,ルヴァンヴェール,セ5,55.0,小沢大仁,1:12.7,,8.9,4.0,498(+4),[東] 竹内正洋,202204010508
2,5,8,フレーゲル,牡4,57.0,津村明秀,1:12.7,クビ,72.3,11.0,498(+12),[東] 鈴木慎太,202204010508
3,4,6,アイファーリンクス,牝4,55.0,菱田裕二,1:12.8,1/2,117.1,14.0,478(-2),[西] 鮫島一歩,202204010508
4,8,14,ライラテソーロ,牡4,54.0,原優介,1:12.9,3/4,94.1,12.0,502(-6),[東] 奥平雅士,202204010508
5,2,3,タマダイヤモンド,牝4,52.0,横山琉人,1:13.0,1/2,36.6,9.0,488(0),[東] 相沢郁,202204010508
6,8,15,ドゥーベ,牡5,55.0,松本大輝,1:13.0,アタマ,3.7,2.0,516(+4),[西] 茶木太樹,202204010508
7,3,4,ブレーヴトライ,牡4,57.0,丹内祐次,1:13.2,1,63.7,10.0,470(-2),[東] 小西一男,202204010508
8,3,5,ヒロノクイーン,牝4,51.0,今村聖奈,1:13.2,クビ,4.7,3.0,464(-2),[西] 寺島良,202204010508
9,4,7,レイワプリンセス,牝4,55.0,富田暁,1:13.4,1.1/4,32.6,8.0,490(-18),[西] 木原一良,202204010508
10,7,13,メディシス,牝4,55.0,川又賢治,1:13.4,アタマ,23.9,7.0,470(-12),[西] 杉山佳明,202204010508
11,7,12,テイエムハヤテオー,牡4,57.0,岩田康誠,1:13.6,1,13.5,5.0,470(-2),[西] 飯田雄三,202204010508
12,6,11,ヴァルゴスピカ,牝5,53.0,角田大和,1:13.6,ハナ,21.4,6.0,450(-2),[東] 岩戸孝樹,202204010508
13,6,10,ゴイゴイスー,牡4,57.0,川須栄彦,1:13.7,1/2,2.6,1.0,498(0),[西] 中尾秀正,202204010508
14,1,1,ナリノクリスティー,牝5,52.0,水沼元輝,1:13.8,1/2,161.3,15.0,474(-10),[東] 上原博之,202204010508
15,2,2,タガノマーチ,牝4,54.0,泉谷楓真,1:14.7,5,106.9,13.0,434(-2),[西] 荒川義之,202204010508
1,4,4,ルミネイト,牝3,54.0,泉谷楓真,1:47.2,,25.4,7.0,496(+2),[西] 千田輝彦,202204010509
2,7,7,エーデルブルーメ,牝3,54.0,岩田康誠,1:47.2,クビ,3.2,1.0,470(+6),[西] 安田隆行,202204010509
3,7,8,アケルナルスター,牡3,56.0,丹内祐次,1:47.3,クビ,3.4,2.0,460(+2),[東] 清水英克,202204010509
4,8,9,シホノスペランツァ,牡3,56.0,荻野極,1:47.5,1,8.6,5.0,472(-2),[西] 寺島良,202204010509
5,2,2,サンクション,牡3,56.0,横山琉人,1:47.5,アタマ,6.5,4.0,488(0),[東] 相沢郁,202204010509
6,1,1,フリューゲルホルン,牡3,56.0,丸山元気,1:47.9,2.1/2,59.3,9.0,516(-4),[東] 和田正一,202204010509
7,5,5,アランヴェリテ,牡3,56.0,小沢大仁,1:48.2,2,44.5,8.0,480(+16),[西] 中竹和也,202204010509
8,6,6,バルタザール,牡3,56.0,菱田裕二,1:48.5,2,5.4,3.0,484(0),[西] 茶木太樹,202204010509
9,3,3,シンボリックレルム,牝3,54.0,武藤雅,1:48.9,2.1/2,172.3,10.0,474(0),[東] 水野貴広,202204010509
10,8,10,メモリーサボアール,牝3,54.0,角田大和,1:49.7,5,8.8,6.0,482(-8),[西] 角田晃一,202204010509
1,3,3,ウルトラソニック,牡4,57.0,川須栄彦,1:09.7,,22.0,8.0,466(-12),[西] 中尾秀正,202204010510
2,5,6,マイネルチューダ,牡5,57.0,丹内祐次,1:10.1,2.1/2,6.2,4.0,450(0),[東] 奥平雅士,202204010510
3,7,11,テンジュイン,牝5,55.0,泉谷楓真,1:10.2,クビ,8.4,5.0,458(-2),[西] 千田輝彦,202204010510
4,8,13,ヤマニンガラッシア,牡5,57.0,亀田温心,1:10.2,クビ,3.1,1.0,450(0),[東] 辻哲英,202204010510
5,6,9,ミエノベルル,牡4,57.0,菱田裕二,1:10.5,1.3/4,11.5,6.0,450(-2),[西] 高橋亮,202204010510
6,7,10,オールマイフレンズ,牝4,55.0,勝浦正樹,1:10.5,クビ,73.6,12.0,446(+2),[東] 新開幸一,202204010510
7,2,2,ペプチドルーカス,牡6,57.0,川又賢治,1:10.6,クビ,4.6,2.0,454(+2),[西] 吉村圭司,202204010510
8,6,8,ナンヨーローズ,牡4,57.0,岩田康誠,1:10.7,1,37.3,9.0,454(0),[東] 畠山吉宏,202204010510
9,1,1,スターライトキス,牝7,55.0,富田暁,1:10.7,クビ,61.9,10.0,516(+4),[東] 新開幸一,202204010510
10,5,7,モメチョッタ,牝6,55.0,嶋田純次,1:10.9,3/4,70.9,11.0,454(0),[東] 石毛善彦,202204010510
11,4,5,クレイジーリッチ,牡4,57.0,菊沢一樹,1:10.9,アタマ,18.1,7.0,500(-6),[東] 小手川準,202204010510
12,8,12,ニシノリース,牝4,55.0,丸山元気,1:10.9,クビ,5.7,3.0,436(0),[東] 土田稔,202204010510
13,4,4,ラブキーセキ,牝5,55.0,宮崎北斗,1:11.9,6,178.6,13.0,408(-5),[東] 嘉藤貴行,202204010510
1,7,13,スワーヴシャルル,牡6,57.0,岩田康誠,1:11.0,,6.3,3.0,484(0),[西] 安田隆行,202204010511
2,8,15,マラードザレコード,セ8,57.0,菱田裕二,1:11.1,1,17.2,6.0,462(-14),[西] 鈴木孝志,202204010511
3,6,11,コパシーナ,セ5,57.0,津村明秀,1:11.3,3/4,9.5,4.0,492(+4),[東] 伊藤圭三,202204010511
4,7,12,ララクリュサオル,牡6,57.0,中井裕二,1:11.3,ハナ,3.0,1.0,504(+2),[西] 辻野泰之,202204010511
5,8,14,ダノングリスター,セ6,57.0,今村聖奈,1:11.5,1,35.6,9.0,494(+2),[西] 寺島良,202204010511
6,3,5,ボンボンショコラ,牝5,55.0,角田大和,1:11.5,アタマ,56.5,14.0,486(0),[西] 小崎憲,202204010511
7,6,10,レディオマジック,牡5,57.0,斎藤新,1:11.5,クビ,26.1,8.0,490(+2),[西] 佐々木晶,202204010511
8,4,7,ナイスプリンセス,牝6,55.0,川須栄彦,1:11.7,1,60.3,15.0,458(+6),[東] 石栗龍彦,202204010511
9,1,1,ジェットエンブレム,牡4,57.0,小沢大仁,1:11.8,3/4,11.5,5.0,522(0),[西] 石坂公一,202204010511
10,2,2,リンカーンテソーロ,牡4,57.0,秋山稔樹,1:11.9,クビ,38.3,11.0,464(0),[東] 加藤士津,202204010511
11,3,4,アーマーバローズ,牡5,57.0,富田暁,1:12.0,3/4,21.5,7.0,492(-10),[西] 上村洋行,202204010511
12,4,6,マティアス,牡5,57.0,荻野極,1:12.1,3/4,51.8,13.0,502(+12),[西] 本田優,202204010511
13,5,8,スズカキンシャサ,牡4,57.0,古川吉洋,1:12.1,ハナ,3.6,2.0,476(0),[西] 上村洋行,202204010511
14,5,9,レジェモー,牝5,55.0,川又賢治,1:12.6,3,44.0,12.0,444(+2),[西] 杉山佳明,202204010511
15,2,3,ノアヴィグラス,牝4,55.0,武藤雅,1:12.6,クビ,36.1,10.0,474(-2),[東] 天間昭一,202204010511
1,2,2,ロードインファイト,牡5,55.0,角田大和,1:53.2,,3.9,1.0,450(+4),[西] 野中賢二,202204010512
2,4,4,コンテナジュニア,牡4,55.0,小沢大仁,1:53.8,4,11.2,7.0,524(-6),[西] 牧浦充徳,202204010512
3,6,9,セザンテイオー,牡4,57.0,菱田裕二,1:54.1,1.3/4,64.1,12.0,506(+9),[東] 浅野洋一,202204010512
4,7,11,レープハフト,牝4,55.0,岩田康誠,1:54.2,クビ,42.2,11.0,468(+6),[東] 中舘英二,202204010512
5,3,3,マサカウマザンマイ,牡4,54.0,原優介,1:54.8,4,5.2,3.0,478(0),[東] 青木孝文,202204010512
6,7,10,ナリノペッパー,牡4,54.0,水沼元輝,1:55.0,1.1/4,23.4,8.0,486(+6),[東] 上原博之,202204010512
7,1,1,ヒューミリティ,セ5,54.0,横山琉人,1:55.2,1.1/4,36.4,10.0,454(-10),[東] 林徹,202204010512
8,6,8,ジューンサクラ,牝4,51.0,今村聖奈,1:55.6,2,32.9,9.0,422(+4),[西] 荒川義之,202204010512
9,8,12,キュン,牝4,55.0,丹内祐次,1:55.7,3/4,5.1,2.0,450(-8),[東] 戸田博文,202204010512
10,5,6,ロイヤルダンス,牡4,56.0,秋山稔樹,1:56.5,5,6.7,4.0,500(+10),[東] 清水英克,202204010512
11,8,13,サンライズシトラス,牡4,57.0,斎藤新,1:56.5,アタマ,10.9,6.0,484(+6),[西] 羽月友彦,202204010512
12,5,7,クリノイナヅマオー,牡6,57.0,菊沢一樹,1:57.1,3.1/2,161.9,13.0,490(-4),[東] 伊藤伸一,202204010512
13,4,5,アランチャアミーゴ,セ5,56.0,亀田温心,2:05.5,大,7.3,5.0,498(0),[西] 斉藤崇史,202204010512
1,8,14,オーガスタスカイ,牝3,54.0,西村淳也,1:12.3,,3.7,1.0,492(+8),[西] 斉藤崇史,202204010601
2,6,11,サリーギャップ,牝3,54.0,丹内祐次,1:12.4,1/2,31.3,9.0,470(+2),[東] 加藤士津,202204010601
3,4,6,エストレアブランカ,牝3,54.0,川須栄彦,1:12.4,クビ,4.6,3.0,496(+10),[西] 高野友和,202204010601
4,4,7,キュートヘスティア,牝3,53.0,亀田温心,1:12.5,1/2,4.6,2.0,444(+2),[東] 辻哲英,202204010601
5,7,12,セオリーリターン,牝3,54.0,嶋田純次,1:12.6,クビ,23.2,7.0,450(+6),[東] 水野貴広,202204010601
6,2,3,メメスカーレット,牝3,50.0,今村聖奈,1:12.7,1/2,10.7,6.0,500(-6),[西] 武幸四郎,202204010601
7,5,9,ディオアステリア,牝3,54.0,菊沢一樹,1:12.7,アタマ,5.0,4.0,456(-8),[東] 小野次郎,202204010601
8,3,4,ヤマトカチドキ,牝3,52.0,角田大和,1:13.1,2.1/2,93.5,11.0,472(+6),[東] 田村康仁,202204010601
9,3,5,サリーチャン,牝3,54.0,杉原誠人,1:13.2,クビ,215.1,13.0,452(+2),[東] 石栗龍彦,202204010601
10,6,10,カツノナインズ,牝3,54.0,岩部純二,1:13.2,アタマ,295.1,15.0,418(-2),[東] 伊藤伸一,202204010601
11,2,2,フラスティー,牝3,51.0,原優介,1:13.2,アタマ,9.5,5.0,424(+2),[東] 小桧山悟,202204010601
12,8,15,パルタージュ,牝3,52.0,松本大輝,1:13.5,1.1/2,80.9,10.0,446(-2),[東] 伊藤大士,202204010601
13,5,8,ダンクエース,牝3,54.0,菱田裕二,1:16.9,大,117.3,12.0,434(+2),[西] 橋口慎介,202204010601
14,1,1,スパイツヴァルール,牝3,50.0,永島まな,1:17.6,4,26.7,8.0,532(+6),[西] 杉山晴紀,202204010601
中,7,13,ムーンチャイルド,牝3,54.0,木幡育也,,,273.3,14.0,456(0),[東] 大江原哲,202204010601
1,1,1,メイショウイヌワシ,牡3,56.0,秋山真一,1:22.5,,12.7,7.0,460(+8),[西] 南井克巳,202204010602
2,2,3,ベルウッドツクバ,牡3,56.0,丸山元気,1:22.5,クビ,6.4,3.0,462(+2),[東] 伊藤大士,202204010602
3,2,4,ウインエイムハイ,牡3,56.0,丹内祐次,1:22.7,1.1/4,12.1,6.0,468(-8),[東] 畠山吉宏,202204010602
4,8,15,ソレントフレイバー,牡3,56.0,西村淳也,1:23.0,1.1/2,4.6,2.0,482(0),[東] 久保田貴,202204010602
5,1,2,クインズコスモス,牝3,50.0,今村聖奈,1:23.0,クビ,11.3,5.0,432(-2),[東] 加藤士津,202204010602
6,7,14,モズベイパーコーン,牝3,54.0,川又賢治,1:23.0,アタマ,8.4,4.0,488(-2),[西] 藤岡健一,202204010602
7,4,7,ティーライトニング,牡3,56.0,岩田康誠,1:23.2,1,2.5,1.0,454(0),[東] 辻哲英,202204010602
8,8,16,トモエセンニンギリ,牝3,54.0,富田暁,1:23.2,ハナ,58.8,11.0,452(-2),[西] 武英智,202204010602
9,3,6,モントブレッチア,牝3,54.0,斎藤新,1:23.5,1.1/2,35.8,9.0,446(-2),[東] 斎藤誠,202204010602
10,5,9,スリーズロワイヤル,牝3,52.0,小沢大仁,1:23.5,アタマ,59.9,12.0,422(-2),[西] 田中克典,202204010602
11,7,13,ウインオワーズ,牡3,56.0,黛弘人,1:23.5,クビ,56.6,10.0,478(+12),[東] 高木登,202204010602
12,4,8,フレイムリリー,牝3,53.0,秋山稔樹,1:23.6,3/4,548.9,16.0,422(-2),[東] 深山雅史,202204010602
13,3,5,ピューリファイ,牡3,56.0,勝浦正樹,1:23.7,1/2,317.5,15.0,468(+9),[東] 西田雄一,202204010602
14,6,11,ペララス,牡3,54.0,角田大和,1:23.7,ハナ,31.4,8.0,460(-4),[西] 牧田和弥,202204010602
15,6,12,ニシノルフォン,牝3,54.0,武藤雅,1:24.2,3,217.0,13.0,454(0),[東] 杉浦宏昭,202204010602
16,5,10,テイエムシチーボー,牝3,54.0,菊沢一樹,1:25.5,8,224.2,14.0,462(+4),[東] 石栗龍彦,202204010602
1,1,1,タマモエイトビート,牡3,52.0,今村聖奈,1:55.0,,6.1,3.0,524(+14),[西] 武英智,202204010603
2,5,5,ドンシャーク,牡3,54.0,小沢大仁,1:55.3,1.1/2,10.4,5.0,494(+2),[西] 今野貞一,202204010603
3,2,2,ベニッシモ,牡3,56.0,丸山元気,1:55.3,アタマ,2.2,1.0,470(-6),[東] 伊藤大士,202204010603
4,6,7,イケメンプリンス,牡3,56.0,丹内祐次,1:55.7,2.1/2,15.1,6.0,478(-2),[東] 杉浦宏昭,202204010603
5,5,6,ヤマニンクイッカー,牡3,56.0,勝浦正樹,1:55.7,クビ,8.6,4.0,458(0),[東] 田島俊明,202204010603
6,8,12,シルバーブレッド,牡3,56.0,富田暁,1:55.8,クビ,16.7,7.0,432(+6),[西] 石坂公一,202204010603
7,7,10,タイセイフェイバー,牡3,56.0,菅原明良,1:55.9,1/2,3.6,2.0,526(+2),[西] 浜田多実,202204010603
8,4,4,グランドクォーツ,牡3,54.0,藤田菜七,1:56.8,5,65.5,8.0,436(-3),[東] 根本康広,202204010603
9,8,11,スケサンカクサン,牡3,54.0,松本大輝,1:57.7,5,311.7,12.0,456(+5),[東] 武市康男,202204010603
10,3,3,ギンリン,牡3,54.0,山田敬士,1:58.6,5,243.0,10.0,496(+2),[東] 小桧山悟,202204010603
11,6,8,ブエノスアン,牡3,53.0,横山琉人,2:01.3,大,243.3,11.0,466(-6),[東] 大和田成,202204010603
12,7,9,ベルベッティー,牡3,56.0,嶋田純次,2:01.4,3/4,93.1,9.0,490(-14),[東] 小笠倫弘,202204010603
1,8,14,エイムアンドエンド,牡7,60.0,伴啓太,3:10.3,,2.3,2.0,506(+2),[東] 奥村武,202204010604
2,6,10,メイショウユウスイ,牡4,59.0,北沢伸也,3:10.6,1.3/4,2.2,1.0,452(0),[西] 飯田祐史,202204010604
3,5,7,アームストロング,牡4,59.0,草野太郎,3:10.6,クビ,19.8,5.0,490(-8),[東] 南田美知,202204010604
4,7,12,エールヴィオレ,牝5,58.0,白浜雄造,3:10.8,1.1/4,37.2,9.0,454(-2),[西] 武英智,202204010604
5,7,11,モーニングアヤメ,牝4,57.0,上野翔,3:11.8,6,133.5,12.0,434(+4),[東] 浅野洋一,202204010604
6,8,13,ケルト,牡4,59.0,蓑島靖典,3:12.3,3,63.7,10.0,470(+4),[東] 戸田博文,202204010604
7,4,6,ファイナルマズル,牡6,60.0,五十嵐雄,3:12.4,クビ,14.2,3.0,476(-2),[東] 岩戸孝樹,202204010604
8,3,4,ヤップヤップヤップ,牡6,60.0,江田勇亮,3:12.6,1,74.9,11.0,456(0),[東] 宗像義忠,202204010604
9,1,1,ララロトリー,セ5,60.0,黒岩悠,3:12.8,1.1/4,23.2,7.0,454(-6),[西] 坂口智康,202204010604
10,4,5,シャイニーズラン,牡5,60.0,植野貴也,3:12.8,クビ,17.6,4.0,458(-4),[西] 森田直行,202204010604
11,6,9,グリニッチヴィレジ,牝9,57.0,小牧加矢,3:14.1,8,21.7,6.0,450(+6),[東] 天間昭一,202204010604
12,2,2,メイショウメイユウ,牡5,60.0,小野寺祐,3:14.8,4,28.5,8.0,436(-6),[西] 荒川義之,202204010604
13,5,8,コラルブラッシュ,牡6,60.0,西村太一,3:16.6,大,338.9,14.0,466(+4),[東] 伊藤伸一,202204010604
14,3,3,ラマルセイエーズ,牝4,57.0,大庭和弥,3:18.2,10,176.8,13.0,488(-8),[東] 堀内岳志,202204010604
1,1,1,ケイアイセナ,牡3,56.0,富田暁,1:47.3,,32.5,8.0,472(-2),[西] 平田修,202204010605
2,3,6,コーリングユー,牝3,54.0,菱田裕二,1:47.5,1.1/2,1.7,1.0,434(+4),[西] 安田隆行,202204010605
3,5,10,シャドウマッドネス,セ3,53.0,原優介,1:48.2,4,192.3,12.0,440(+2),[東] 和田勇介,202204010605
4,3,5,シャノワール,牝3,54.0,丹内祐次,1:48.5,1.1/2,13.9,6.0,412(-10),[東] 小手川準,202204010605
5,5,9,ルナーサウスポール,牡3,56.0,杉原誠人,1:48.5,アタマ,51.2,9.0,472(+10),[東] 高柳瑞樹,202204010605
6,7,13,グランドゴールド,牡3,56.0,丸山元気,1:48.6,3/4,7.5,3.0,450(+8),[西] 羽月友彦,202204010605
7,8,15,オーウェンバローズ,牡3,54.0,松本大輝,1:48.6,ハナ,8.7,4.0,462(-6),[西] 辻野泰之,202204010605
8,7,14,サトノアヴァロン,牡3,56.0,西村淳也,1:48.8,1,6.6,2.0,462(+10),[西] 須貝尚介,202204010605
9,4,8,ホイッスルベイト,牝3,54.0,宮崎北斗,1:48.9,1/2,100.3,10.0,438(-4),[東] 萱野浩二,202204010605
10,6,11,フィニッシュアップ,牡3,56.0,岩田康誠,1:48.9,クビ,10.9,5.0,508(0),[西] 高橋亮,202204010605
11,2,3,ナックドバイ,牡3,56.0,斎藤新,1:49.1,1,251.8,13.0,492(-10),[東] 杉浦宏昭,202204010605
12,8,16,バーニングサン,牡3,54.0,小沢大仁,1:49.1,クビ,23.8,7.0,454(-8),[西] 小林真也,202204010605
13,4,7,ソメット,牝3,51.0,横山琉人,1:49.7,3.1/2,176.1,11.0,404(-2),[東] 尾形和幸,202204010605
14,2,4,クリノツッチャン,牡3,56.0,中井裕二,1:50.1,2.1/2,564.7,15.0,470(-4),[西] 長谷川浩,202204010605
15,6,12,アキノスター,牡3,56.0,木幡育也,1:50.9,5,524.1,14.0,466(+4),[東] 田中剛,202204010605
16,1,2,ミステリマスカット,牝3,51.0,土田真翔,1:51.9,6,650.0,16.0,352(-14),[東] 上原博之,202204010605
1,3,4,ラインメッセージ,牡3,56.0,武藤雅,1:54.6,,41.0,9.0,486(-2),[東] 水野貴広,202204010606
2,1,1,ホウオウベリテ,牡3,56.0,菅原明良,1:55.0,2.1/2,3.8,2.0,450(+6),[東] 高木登,202204010606
3,5,8,タッケンアイ,牡3,56.0,荻野極,1:55.4,2.1/2,3.0,1.0,530(+2),[西] 池江泰寿,202204010606
4,2,2,パフオブウインド,牡3,54.0,山田敬士,1:56.5,7,8.6,4.0,472(0),[東] 小桧山悟,202204010606
5,6,11,メイショウタイゲイ,牡3,56.0,西村淳也,1:56.5,クビ,29.3,8.0,450(+4),[西] 荒川義之,202204010606
6,7,12,メトリカルセオリー,牝3,50.0,今村聖奈,1:57.2,4,14.9,6.0,468(+4),[西] 寺島良,202204010606
7,4,6,マディソンテソーロ,牡3,52.0,永島まな,1:57.6,2.1/2,43.9,10.0,452(-2),[東] 加藤士津,202204010606
8,3,5,エイシングラス,牡3,54.0,小沢大仁,1:57.6,ハナ,4.4,3.0,472(-4),[西] 渡辺薫彦,202204010606
9,5,9,ヴィクトールドパリ,牡3,53.0,原優介,1:57.6,クビ,16.2,7.0,468(-4),[西] 西園正都,202204010606
10,8,15,アオイトランプ,セ3,53.0,横山琉人,1:57.6,ハナ,115.0,12.0,470(-20),[東] 中舘英二,202204010606
11,4,7,メイショウヨウホウ,牡3,53.0,鷲頭虎太,1:57.7,クビ,112.1,11.0,448(0),[西] 松永昌博,202204010606
12,2,3,ヒーローシャガーラ,牡3,55.0,亀田温心,1:58.1,2.1/2,367.5,15.0,528(+4),[東] 土田稔,202204010606
13,7,13,キタノラシーク,牡3,55.0,秋山稔樹,1:58.7,4,365.1,14.0,534(+8),[東] 石栗龍彦,202204010606
14,6,10,シゲルエアロギアス,牡3,54.0,角田大和,2:01.0,大,11.5,5.0,480(+4),[西] 鈴木孝志,202204010606
15,8,14,オプティミストゥ,セ3,56.0,菊沢一樹,2:04.0,大,117.0,13.0,466(-22),[東] 戸田博文,202204010606
1,5,8,マリーアミノル,牝4,54.0,秋山稔樹,1:11.6,,7.4,2.0,418(+8),[東] 中舘英二,202204010607
2,5,9,スキャッターシード,牝4,55.0,斎藤新,1:11.7,クビ,2.0,1.0,554(+6),[東] 斎藤誠,202204010607
3,4,6,サイモンルピナス,牝4,54.0,亀田温心,1:11.7,アタマ,31.4,10.0,436(+4),[西] 羽月友彦,202204010607
4,7,13,バーニングソウル,牝5,55.0,菱田裕二,1:12.1,2.1/2,18.8,8.0,434(+6),[西] 谷潔,202204010607
5,4,7,ベストチャーム,牝6,53.0,松本大輝,1:12.1,クビ,18.8,7.0,424(+2),[西] 松下武士,202204010607
6,6,11,スマイルアモーレ,牝4,55.0,菅原明良,1:12.2,3/4,11.4,5.0,454(+4),[東] 加藤士津,202204010607
7,8,14,メシアン,牝5,52.0,原優介,1:12.3,クビ,20.1,9.0,456(+2),[東] 和田勇介,202204010607
8,8,15,ルシャリーブル,牝4,53.0,角田大和,1:12.3,クビ,9.9,4.0,430(-8),[西] 鈴木孝志,202204010607
9,2,2,シャスティーナ,牝4,53.0,小沢大仁,1:12.7,2.1/2,12.4,6.0,478(0),[西] 中村直也,202204010607
10,2,3,トレッファー,牝5,55.0,荻野極,1:12.8,1/2,84.4,12.0,444(+2),[西] 本田優,202204010607
11,3,5,サンマルセレッソ,牝4,53.0,藤田菜七,1:13.0,3/4,87.6,13.0,432(+2),[東] 中野栄治,202204010607
12,6,10,ペリトモレノ,牝5,55.0,嶋田純次,1:13.1,3/4,290.7,14.0,484(0),[東] 大江原哲,202204010607
13,1,1,エヴァジョーネ,牝5,52.0,横山琉人,1:13.1,アタマ,7.7,3.0,440(+18),[東] 堀内岳志,202204010607
14,3,4,ビーマイベイビー,牝4,55.0,杉原誠人,1:13.3,1.1/2,42.8,11.0,436(-8),[東] 加藤和宏,202204010607
除,7,12,ジュランド,牝5,51.0,今村聖奈,,,---,,412(+4),[西] 渡辺薫彦,202204010607
1,2,2,ハイエストエンド,セ5,57.0,丸山元気,1:54.1,,2.6,1.0,500(0),[東] 小西一男,202204010608
2,5,5,レイクリエイター,牡4,57.0,菅原明良,1:54.3,1.1/4,6.0,4.0,472(0),[西] 浜田多実,202204010608
3,8,9,ミルトボス,牡4,55.0,松本大輝,1:54.6,1.1/2,11.4,5.0,514(+4),[西] 中竹和也,202204010608
4,3,3,サトノスライヴ,牡5,53.0,今村聖奈,1:54.6,クビ,4.9,3.0,510(-4),[西] 南井克巳,202204010608
5,6,6,リヴウェル,牡4,56.0,秋山稔樹,1:54.9,1.3/4,18.0,7.0,492(-4),[東] 深山雅史,202204010608
6,7,7,サルーテ,セ7,57.0,武藤雅,1:55.3,2.1/2,93.9,8.0,550(-4),[東] 高木登,202204010608
7,8,10,アイファーラクーン,牝4,53.0,藤田菜七,1:55.7,2.1/2,97.5,9.0,434(+10),[東] 根本康広,202204010608
8,1,1,ジョイフルダンサー,牝4,54.0,亀田温心,1:56.0,2,15.7,6.0,444(+6),[西] 北出成人,202204010608
9,7,8,クリノカイザー,牡4,57.0,津村明秀,1:56.9,5,3.6,2.0,552(+10),[西] 高橋義忠,202204010608
10,4,4,トーセンオリジン,牡5,54.0,佐々木大,1:59.0,大,151.6,10.0,438(-10),[東] 和田雄二,202204010608
1,4,4,ミズリーナ,牝5,55.0,的場勇人,1:47.2,,46.8,9.0,488(+4),[東] 的場均,202204010609
2,7,10,フレイミングサン,牝4,55.0,菱田裕二,1:47.2,アタマ,5.8,4.0,458(+6),[東] 辻哲英,202204010609
3,3,3,サトノスカイターフ,牡4,57.0,荻野極,1:47.5,1.3/4,5.3,2.0,496(0),[西] 池江泰寿,202204010609
4,2,2,ドラミモン,牡4,57.0,原優介,1:47.5,クビ,5.5,3.0,448(0),[東] 田村康仁,202204010609
5,1,1,マイネルデステリョ,牡5,57.0,丹内祐次,1:47.5,ハナ,7.4,6.0,456(+2),[東] 畠山吉宏,202204010609
6,7,11,サザンナイツ,セ4,57.0,津村明秀,1:47.6,1/2,72.0,10.0,438(-6),[東] 林徹,202204010609
7,5,7,ハリウッドヒルズ,牡5,57.0,西村淳也,1:47.7,1/2,3.1,1.0,496(+2),[東] 田中博康,202204010609
8,6,8,バルネージュ,セ4,57.0,松本大輝,1:47.8,1/2,223.8,13.0,496(-2),[東] 天間昭一,202204010609
9,8,12,アウトオブサイト,牝4,55.0,菅原明良,1:47.8,アタマ,7.1,5.0,502(0),[西] 斉藤崇史,202204010609
10,8,13,コスモミローディア,牡6,57.0,斎藤新,1:48.2,2.1/2,43.4,8.0,482(0),[東] 天間昭一,202204010609
11,5,6,パソロブレス,牡4,57.0,武藤雅,1:48.7,3,23.9,7.0,492(-10),[東] 武藤善則,202204010609
12,4,5,トピックス,牡4,57.0,菊沢一樹,1:48.9,1,180.3,11.0,470(-2),[東] 勢司和浩,202204010609
13,6,9,マロリン,牝6,55.0,木幡初也,1:49.1,1.1/4,192.1,12.0,472(0),[東] 武市康男,202204010609
1,7,13,ビップエレナ,牝4,55.0,松本大輝,1:11.9,,22.2,10.0,466(-2),[東] 田島俊明,202204010610
2,4,7,ヴァリアント,牡6,57.0,菱田裕二,1:11.9,クビ,4.7,2.0,490(+4),[西] 茶木太樹,202204010610
3,4,6,メイショウツワブキ,牝4,55.0,秋山真一,1:11.9,ハナ,5.5,3.0,496(+12),[西] 南井克巳,202204010610
4,2,3,ジューンステータス,牡6,57.0,川須栄彦,1:12.0,クビ,9.0,4.0,508(+4),[西] 今野貞一,202204010610
5,6,11,ブーケオブアイリス,牡4,57.0,勝浦正樹,1:12.5,3,13.0,6.0,504(-6),[東] 杉浦宏昭,202204010610
6,6,10,コーリングローリー,牡5,57.0,菊沢一樹,1:12.7,1.1/4,21.9,9.0,454(-4),[東] 小野次郎,202204010610
7,5,9,ラストサムライ,牡4,57.0,富田暁,1:12.8,1,32.4,11.0,472(-2),[東] 栗田徹,202204010610
8,8,15,ゴールデンプルーフ,牝4,55.0,岩田康誠,1:12.9,クビ,13.2,7.0,486(-4),[西] 羽月友彦,202204010610
9,5,8,カンタベリーマッハ,牡4,57.0,丸山元気,1:12.9,ハナ,75.2,13.0,508(-2),[東] 鈴木慎太,202204010610
10,3,5,アルマセクメト,牝4,55.0,武藤雅,1:13.3,2.1/2,19.0,8.0,474(+2),[東] 田村康仁,202204010610
11,2,2,スカリーワグ,牡4,57.0,藤田菜七,1:13.8,3,10.8,5.0,520(-8),[西] 藤原英昭,202204010610
12,8,14,ラナチャンス,牡4,57.0,菅原明良,1:13.9,3/4,3.5,1.0,474(+2),[東] 高木登,202204010610
13,3,4,エターナルダイヤ,牡5,57.0,木幡初也,1:14.5,3.1/2,134.1,15.0,498(+2),[東] 宗像義忠,202204010610
14,1,1,アイアムスゴスギル,牡5,57.0,荻野極,1:14.6,1/2,47.9,12.0,502(-4),[東] 奥平雅士,202204010610
15,7,12,ミキノバスドラム,牡4,57.0,原優介,1:16.3,10,98.8,14.0,518(+18),[東] 南田美知,202204010610
1,8,16,マリアズハート,牝6,54.0,菊沢一樹,0:54.8,,4.2,2.0,500(+4),[東] 菊沢隆徳,202204010611
2,6,12,ロードベイリーフ,牡5,54.0,西村淳也,0:54.9,3/4,32.0,10.0,488(+6),[西] 森田直行,202204010611
3,3,5,シンシティ,牝5,52.0,富田暁,0:54.9,クビ,31.1,9.0,476(+2),[西] 木原一良,202204010611
4,6,11,ビリーバー,牝7,53.0,杉原誠人,0:55.0,アタマ,16.5,6.0,464(0),[東] 石毛善彦,202204010611
5,2,3,ルッジェーロ,セ7,55.0,岩田康誠,0:55.1,3/4,32.9,11.0,508(-4),[東] 鹿戸雄一,202204010611
6,2,4,オールアットワンス,牝4,55.0,津村明秀,0:55.2,3/4,9.5,5.0,456(+10),[東] 中舘英二,202204010611
7,7,13,オヌシナニモノ,牡5,54.0,藤田菜七,0:55.2,クビ,5.4,3.0,484(0),[西] 高橋義忠,202204010611
8,8,15,ジュニパーベリー,牝5,53.0,嶋田純次,0:55.3,クビ,3.4,1.0,478(-6),[東] 手塚貴久,202204010611
9,5,10,ダイメイフジ,牡8,57.0,菱田裕二,0:55.3,クビ,43.8,12.0,528(-2),[西] 森田直行,202204010611
10,3,6,スティクス,牝4,52.0,斎藤新,0:55.4,1/2,17.9,7.0,494(-6),[西] 武幸四郎,202204010611
11,1,1,デトロイトテソーロ,牝5,53.0,菅原明良,0:55.4,ハナ,7.8,4.0,474(+4),[東] 高木登,202204010611
12,7,14,イモータルスモーク,牡5,54.0,原田和真,0:55.5,クビ,27.2,8.0,512(-4),[東] 金成貴史,202204010611
13,1,2,イーサンパンサー,牡6,53.0,勝浦正樹,0:55.5,ハナ,125.3,14.0,478(-4),[東] 鈴木慎太,202204010611
14,4,8,アンコールプリュ,牝7,53.0,小崎綾也,0:55.5,ハナ,45.3,13.0,448(-2),[西] 友道康夫,202204010611
15,4,7,トウショウピスト,牡10,54.0,丸山元気,0:55.5,クビ,167.1,16.0,486(-14),[東] 土田稔,202204010611
16,5,9,ファンタジステラ,牡8,53.0,丹内祐次,0:55.7,1,130.1,15.0,432(+2),[西] 音無秀孝,202204010611
1,8,16,トーカイキング,牡4,57.0,荻野極,1:21.7,,4.5,2.0,462(-2),[西] 茶木太樹,202204010612
2,8,15,コスモアディラート,牡4,56.0,丹内祐次,1:22.0,2,3.8,1.0,498(+10),[東] 和田正一,202204010612
3,1,2,ケリアテソーロ,牝4,55.0,津村明秀,1:22.2,3/4,24.6,10.0,446(-2),[東] 伊坂重信,202204010612
4,5,10,テイエムフローラ,牝5,53.0,角田大和,1:22.4,1.1/2,23.4,9.0,470(+16),[西] 鈴木孝志,202204010612
5,6,12,ミッキーハロー,牝4,54.0,亀田温心,1:22.5,3/4,23.0,8.0,440(0),[東] 久保田貴,202204010612
6,4,7,フィルムスコア,牝4,53.0,小沢大仁,1:22.6,1/2,62.8,13.0,452(0),[西] 平田修,202204010612
7,2,4,ユキノフラッシュ,牡4,57.0,菱田裕二,1:22.6,アタマ,9.0,4.0,482(-8),[西] 牧田和弥,202204010612
8,5,9,ロングボウマン,牡4,57.0,川須栄彦,1:22.8,3/4,9.4,5.0,472(-4),[東] 池上昌和,202204010612
9,2,3,アウトレイジング,牡4,57.0,菅原明良,1:22.9,1/2,17.2,7.0,432(+8),[東] 岩戸孝樹,202204010612
10,6,11,ラルワースコーヴ,牝5,55.0,斎藤新,1:22.9,クビ,38.5,12.0,470(+2),[東] 上原博之,202204010612
11,1,1,シベール,牝5,55.0,西村淳也,1:22.9,アタマ,5.2,3.0,464(+6),[東] 久保田貴,202204010612
12,7,13,ヒナノコバン,牡5,55.0,松本大輝,1:23.0,クビ,76.9,14.0,464(-8),[東] 本間忍,202204010612
13,3,5,メイショウコミチ,牝6,51.0,今村聖奈,1:23.1,1/2,38.2,11.0,476(+6),[西] 本田優,202204010612
14,4,8,ミーハディビーナ,牝5,55.0,黛弘人,1:23.1,クビ,125.5,15.0,438(-4),[東] 和田雄二,202204010612
15,7,14,ヤマニンエルモサ,牝5,55.0,岩田康誠,1:23.4,1.3/4,11.4,6.0,490(-4),[東] 辻哲英,202204010612
16,3,6,オセアジャスティス,牡4,54.0,佐々木大,1:24.4,6,164.9,16.0,528(+2),[東] 加藤征弘,202204010612
1,8,13,ビーマイオーシャン,牡5,57.0,小牧加矢,3:11.5,,4.8,2.0,488(-4),[西] 音無秀孝,202204010701
2,2,2,エカテリンブルク,牡5,60.0,北沢伸也,3:11.9,2.1/2,3.6,1.0,506(-2),[西] 四位洋文,202204010701
3,4,6,ニシノデイジー,牡6,60.0,五十嵐雄,3:12.0,クビ,7.4,5.0,494(+2),[東] 高木登,202204010701
4,8,14,バレリオ,セ7,60.0,石神深一,3:13.4,8,10.5,6.0,486(-10),[東] 相沢郁,202204010701
5,3,4,ブルーエクセレンス,牡6,60.0,草野太郎,3:13.4,クビ,21.2,8.0,494(-4),[東] 金成貴史,202204010701
6,1,1,タガノペルマネンテ,牝5,58.0,黒岩悠,3:13.6,1.1/4,16.8,7.0,458(+4),[西] 平田修,202204010701
7,7,11,サンライズアキレス,牡6,60.0,白浜雄造,3:14.4,5,21.5,10.0,510(-2),[西] 新谷功一,202204010701
8,6,10,クリノヴィンセント,牡5,60.0,植野貴也,3:15.0,3.1/2,45.3,11.0,482(+2),[西] 渡辺薫彦,202204010701
9,7,12,メイショウベンガル,牡5,60.0,森一馬,3:15.8,5,21.2,9.0,474(-22),[西] 松永昌博,202204010701
10,5,8,サンロックランド,牡5,60.0,上野翔,3:16.8,6,77.7,12.0,514(+2),[東] 小野次郎,202204010701
11,3,3,カレンロマチェンコ,牡4,59.0,平沢健治,3:17.0,3/4,6.5,3.0,474(-2),[西] 高柳大輔,202204010701
12,4,5,アイタイ,牡6,60.0,高田潤,3:17.4,2.1/2,7.2,4.0,520(+2),[西] 辻野泰之,202204010701
13,6,9,クリノキングボス,牡5,60.0,伴啓太,3:17.5,3/4,84.1,13.0,476(+2),[東] 天間昭一,202204010701
14,5,7,ドバウィビクトリー,牡5,60.0,大庭和弥,3:17.6,クビ,186.6,14.0,478(+8),[東] 稲垣幸雄,202204010701
1,6,10,エレアイム,牝3,54.0,西村淳也,1:56.6,,1.9,1.0,480(-6),[西] 奥村豊,202204010702
2,3,5,アルフワイラ,牝3,50.0,今村聖奈,1:56.7,1/2,5.4,3.0,490(-10),[西] 寺島良,202204010702
3,8,15,ポットマム,牝3,54.0,丸山元気,1:57.0,2,55.4,10.0,466(-4),[西] 田中克典,202204010702
4,4,7,ルールザウイングス,牝3,54.0,鮫島良太,1:57.4,2.1/2,46.9,8.0,484(+2),[西] 宮徹,202204010702
5,2,3,ドゥライトアルディ,牝3,54.0,菊沢一樹,1:57.6,1,6.8,4.0,484(+4),[西] 西村真幸,202204010702
6,3,4,ジョブックフィオリ,牝3,51.0,原優介,1:57.6,クビ,20.9,5.0,420(-2),[東] 小桧山悟,202204010702
7,8,14,ワンアンドワン,牝3,54.0,小野寺祐,1:57.9,1.1/2,403.0,15.0,438(-6),[西] 荒川義之,202204010702
8,6,11,トーホウパラダイス,牝3,52.0,小沢大仁,1:57.9,クビ,36.1,7.0,466(-2),[西] 石坂公一,202204010702
9,5,9,スズカサンサン,牝3,54.0,菱田裕二,1:58.0,クビ,81.7,11.0,430(-6),[西] 藤沢則雄,202204010702
10,7,13,ハッピーバレー,牝3,54.0,武藤雅,1:58.2,1.1/2,5.4,2.0,450(0),[東] 手塚貴久,202204010702
11,5,8,ミルニュイ,牝3,52.0,松本大輝,1:58.4,3/4,109.6,14.0,512(0),[西] 茶木太樹,202204010702
12,4,6,ハニートラップ,牝3,54.0,丹内祐次,1:58.5,1/2,87.8,12.0,400(-12),[東] 清水英克,202204010702
13,2,2,プレミアムマンゴー,牝3,52.0,藤田菜七,2:00.4,大,49.3,9.0,454(+4),[東] 根本康広,202204010702
14,7,12,エレガントモダン,牝3,54.0,宮崎北斗,2:02.1,10,89.4,13.0,434(+4),[東] 青木孝文,202204010702
15,1,1,サクラレイピア,牝3,54.0,斎藤新,2:04.8,大,28.4,6.0,448(0),[東] 斎藤誠,202204010702
1,6,11,クランシリーニー,牝3,54.0,西村淳也,1:12.6,,3.1,2.0,490(+2),[西] 新谷功一,202204010703
2,2,2,カフェベラノッテ,牡3,54.0,角田大和,1:12.8,1.1/4,40.3,7.0,456(+8),[東] 中舘英二,202204010703
3,5,8,オルロージュ,牡3,53.0,横山琉人,1:13.0,1.1/4,8.6,4.0,444(+8),[東] 田中剛,202204010703
4,3,5,ミイヒダンサー,牝3,54.0,黛弘人,1:13.3,2,123.9,13.0,424(+6),[東] 辻哲英,202204010703
5,7,12,メイショウアポイ,牡3,54.0,松本大輝,1:13.5,1,2.4,1.0,452(-2),[西] 松下武士,202204010703
6,1,1,ヴァンクールシチー,牡3,56.0,武藤雅,1:13.6,1/2,19.0,6.0,422(-2),[東] 栗田徹,202204010703
7,8,14,カンタベリーホープ,牡3,56.0,津村明秀,1:13.7,1/2,9.8,5.0,444(+2),[東] 的場均,202204010703
8,5,9,テイエムフォンテ,牡3,56.0,鮫島良太,1:13.8,3/4,6.5,3.0,496(-4),[西] 飯田雄三,202204010703
9,3,4,シンデレラサリサ,牝3,54.0,丹内祐次,1:13.9,クビ,116.2,12.0,458(+6),[東] 清水英克,202204010703
10,7,13,メイクザウインド,牝3,51.0,原優介,1:13.9,クビ,90.2,11.0,490(+8),[東] 小桧山悟,202204010703
11,8,15,ソプラノナイト,牝3,54.0,菱田裕二,1:14.0,クビ,66.0,9.0,468(+8),[東] 和田正一,202204010703
12,4,6,モンテラパン,牡3,54.0,小沢大仁,1:14.4,2.1/2,363.6,15.0,462(+18),[西] 池添兼雄,202204010703
13,2,3,アカポネタテソーロ,牝3,54.0,荻野極,1:14.4,アタマ,57.2,8.0,436(-4),[東] 稲垣幸雄,202204010703
14,4,7,ワンダースナイプ,牡3,56.0,斎藤新,1:14.5,1/2,135.5,14.0,446(0),[東] 斎藤誠,202204010703
15,6,10,コルドンミノル,牡3,55.0,泉谷楓真,1:31.8,大,74.6,10.0,508(-6),[西] 本田優,202204010703
1,3,4,シャイニーゲール,牡8,57.0,小牧加矢,3:10.6,,6.7,3.0,476(+4),[西] 五十嵐忠,202204010704
2,7,12,キーパンチ,牡5,60.0,田村太雅,3:10.7,1/2,21.6,8.0,468(0),[西] 宮徹,202204010704
3,6,9,テイエムクロムシャ,牡6,60.0,植野貴也,3:10.9,1.1/4,7.6,4.0,492(-2),[西] 鈴木孝志,202204010704
4,7,11,マリオ,牡7,60.0,森一馬,3:10.9,クビ,2.6,1.0,506(-10),[西] 安達昭夫,202204010704
5,6,10,マッスルビーチ,牡6,60.0,北沢伸也,3:11.0,クビ,4.9,2.0,472(-8),[西] 鈴木孝志,202204010704
6,3,3,ノーザンクリス,牡7,60.0,五十嵐雄,3:11.0,1/2,33.3,13.0,526(0),[東] 加藤征弘,202204010704
7,5,7,ショウナンサルヴォ,牡4,59.0,白浜雄造,3:11.1,クビ,26.8,10.0,512(+8),[西] 吉村圭司,202204010704
8,2,2,アレデラヴァン,セ4,59.0,石神深一,3:11.1,クビ,17.3,5.0,522(+2),[東] 本間忍,202204010704
9,4,5,テイエムコンドル,牡11,60.0,蓑島靖典,3:11.3,3/4,33.1,12.0,468(+2),[東] 石栗龍彦,202204010704
10,4,6,フィードバック,セ6,60.0,草野太郎,3:12.3,6,30.2,11.0,496(+10),[東] 鈴木伸尋,202204010704
11,5,8,ポートロイヤル,セ6,60.0,伴啓太,3:12.4,クビ,26.2,9.0,470(+2),[東] 高柳瑞樹,202204010704
12,8,14,モーガン,牡4,59.0,平沢健治,3:12.8,2.1/2,17.7,6.0,470(+2),[西] 橋口慎介,202204010704
13,8,13,グローリーグローリ,牡7,60.0,小野寺祐,3:13.5,4,19.3,7.0,506(0),[西] 五十嵐忠,202204010704
14,1,1,ショベルヘッド,セ4,59.0,上野翔,3:13.5,アタマ,54.7,14.0,468(0),[東] 蛯名正義,202204010704
1,6,12,ミクソロジー,牡3,56.0,西村淳也,1:48.6,,2.3,1.0,430(+2),[西] 辻野泰之,202204010705
2,4,7,メイショウブレゲ,牡3,55.0,泉谷楓真,1:48.7,1/2,5.0,3.0,456(-4),[西] 本田優,202204010705
3,2,3,マイネルグローリエ,牡3,56.0,丹内祐次,1:48.9,1.1/2,23.5,7.0,502(+12),[東] 尾関知人,202204010705
4,7,14,マテンロウサニー,牝3,54.0,柴山雄一,1:49.2,2,14.8,5.0,444(+4),[西] 昆貢,202204010705
5,5,9,バクシンフォワード,牡3,54.0,角田大和,1:49.4,1,24.9,8.0,462(-6),[西] 清水久詞,202204010705
6,3,5,ヤマニンエピュレ,牝3,54.0,黛弘人,1:49.4,クビ,208.6,15.0,436(-4),[東] 稲垣幸雄,202204010705
7,4,8,メトリカルセオリー,牝3,50.0,今村聖奈,1:49.9,2.1/2,19.0,6.0,458(-10),[西] 寺島良,202204010705
8,3,6,キョウエイディーズ,牝3,54.0,菱田裕二,1:49.9,クビ,108.9,11.0,430(0),[西] 森田直行,202204010705
9,5,10,ポップコーントーン,牝3,52.0,小沢大仁,1:50.2,1.3/4,188.2,13.0,398(+6),[東] 鈴木慎太,202204010705
10,8,15,フォレスクライト,牡3,56.0,津村明秀,1:50.4,1.1/4,4.2,2.0,442(-6),[東] 萩原清,202204010705
11,7,13,ミヤコプレジール,牡3,56.0,丸山元気,1:50.5,1/2,9.9,4.0,526(-20),[東] 土田稔,202204010705
12,2,4,クリノツッチャン,牡3,52.0,永島まな,1:50.7,1.1/2,129.9,12.0,470(0),[西] 長谷川浩,202204010705
13,1,1,アーブルチム,牝3,54.0,斎藤新,1:51.0,2,28.0,9.0,460(0),[西] 長谷川浩,202204010705
14,6,11,モズジャストミート,牡3,54.0,松本大輝,1:51.4,2.1/2,94.4,10.0,504(-8),[西] 南井克巳,202204010705
15,8,16,ワイタ,牡3,56.0,菊沢一樹,1:52.9,9,204.9,14.0,490(-4),[東] 竹内正洋,202204010705
16,1,2,ヨドノフローラ,牝3,51.0,横山琉人,1:54.0,7,265.5,16.0,406(-2),[東] 中野栄治,202204010705
1,7,12,タイキスパルタン,牡3,56.0,菱田裕二,1:56.6,,2.0,1.0,508(-8),[西] 辻野泰之,202204010706
2,5,7,バイタルエリア,牡3,56.0,菊沢一樹,1:56.8,1.1/4,67.0,9.0,522(-4),[東] 加藤士津,202204010706
3,5,8,スエトニウス,牡3,54.0,藤田菜七,1:57.0,3/4,3.3,2.0,460(-6),[西] 藤原英昭,202204010706
4,1,1,パワーエンブレム,牡3,56.0,宮崎北斗,1:57.0,アタマ,17.2,5.0,500(+4),[東] 中川公成,202204010706
5,6,9,タイセイマイスター,牡3,56.0,西村淳也,1:57.1,クビ,5.9,3.0,488(-4),[東] 青木孝文,202204010706
6,4,5,ラインオンザトップ,牡3,55.0,秋山稔樹,1:57.7,3.1/2,48.1,8.0,444(-2),[東] 蛯名利弘,202204010706
7,6,10,シャンパンドバイ,牡3,56.0,丹内祐次,1:58.1,2,7.6,4.0,484(-2),[西] 高橋義忠,202204010706
8,3,3,オベリスク,牡3,56.0,勝浦正樹,1:58.1,クビ,93.0,10.0,478(+4),[東] 村田一誠,202204010706
9,7,11,オレノマサムネ,セ3,56.0,津村明秀,1:58.4,2,196.1,12.0,510(-8),[東] 牧光二,202204010706
10,8,14,ヒーローシャガーラ,牡3,53.0,土田真翔,1:59.0,3.1/2,498.3,14.0,526(-2),[東] 土田稔,202204010706
11,3,4,パーフェクトボディ,牡3,52.0,今村聖奈,2:00.4,9,44.9,7.0,470(-10),[西] 橋田満,202204010706
12,4,6,スリージャスティス,牡3,53.0,原優介,2:00.7,1.3/4,95.3,11.0,470(-12),[東] 青木孝文,202204010706
13,8,13,ピットリミッツ,牡3,54.0,角田大和,2:01.1,2.1/2,305.2,13.0,500(+2),[東] 金成貴史,202204010706
14,2,2,ブランデウェイン,牡3,53.0,横山琉人,2:13.0,大,37.1,6.0,472(-6),[東] 伊坂重信,202204010706
1,2,4,タイゲン,牡3,54.0,藤田菜七,1:35.3,,6.4,4.0,476(-4),[西] 平田修,202204010707
2,4,8,オーダーナチュラル,牡3,56.0,菱田裕二,1:35.4,3/4,5.2,2.0,450(+2),[西] 高橋亮,202204010707
3,8,15,エクセトラ,牡3,55.0,泉谷楓真,1:35.6,1.1/4,6.2,3.0,490(-8),[西] 吉村圭司,202204010707
4,4,7,タガノタンゴ,牡3,54.0,小沢大仁,1:35.6,ハナ,4.6,1.0,434(0),[西] 西園正都,202204010707
5,3,5,フクチャンクイーン,牝3,54.0,丹内祐次,1:36.3,4,40.4,11.0,426(-2),[東] 加藤征弘,202204010707
6,5,9,スクリーンアピール,牝3,54.0,長岡禎仁,1:36.5,1,38.8,10.0,442(-4),[西] 奥村豊,202204010707
7,6,12,テーオーコンドル,セ3,56.0,鮫島良太,1:36.5,クビ,31.7,8.0,460(-6),[西] 宮徹,202204010707
8,5,10,サクセスソング,牝3,54.0,木幡初也,1:36.7,1.1/4,83.7,14.0,440(+6),[東] 竹内正洋,202204010707
9,7,13,ヴァリッド,牝3,54.0,西村淳也,1:36.8,1/2,33.8,9.0,424(+2),[西] 渡辺薫彦,202204010707
10,2,3,ホープインザダーク,牡3,56.0,荻野極,1:37.0,1,6.7,5.0,518(+2),[西] 池江泰寿,202204010707
11,7,14,ラブレボ,牝3,54.0,津村明秀,1:37.0,ハナ,52.6,12.0,444(-4),[東] 林徹,202204010707
12,1,1,エスクルシオーネ,牝3,52.0,松本大輝,1:37.0,アタマ,184.8,16.0,394(0),[東] 久保田貴,202204010707
13,6,11,ゴッドハニービー,牝3,52.0,角田大和,1:37.2,1.1/4,83.8,15.0,442(+8),[西] 角田晃一,202204010707
14,8,16,アイレ,牝3,54.0,丸山元気,1:37.8,3.1/2,7.0,6.0,472(-4),[東] 青木孝文,202204010707
15,1,2,ジュマピリクー,牡3,52.0,今村聖奈,1:37.9,1/2,15.2,7.0,442(+10),[西] 辻野泰之,202204010707
16,3,6,クランプ,牝3,51.0,横山琉人,1:38.2,1.3/4,59.1,13.0,418(+6),[東] 小島茂之,202204010707
1,5,6,ベラール,牡5,55.0,角田大和,1:12.3,,6.2,3.0,484(-2),[西] 武幸四郎,202204010708
2,8,12,ソナトリーチェ,牝4,55.0,西村淳也,1:12.4,クビ,2.7,1.0,458(+2),[西] 奥村豊,202204010708
3,4,5,ヤマカツパトリシア,牝5,53.0,小沢大仁,1:12.4,アタマ,4.2,2.0,456(-8),[西] 池添兼雄,202204010708
4,8,13,アスクドンキバック,牡4,54.0,原優介,1:12.6,1.1/4,7.8,4.0,456(0),[西] 梅田智之,202204010708
5,6,9,マイネルアミスター,牡4,54.0,横山琉人,1:12.7,3/4,27.0,8.0,498(+6),[東] 古賀慎明,202204010708
6,3,3,アジアノジュンシン,牝4,53.0,藤田菜七,1:12.8,3/4,9.6,5.0,470(0),[東] 奥村武,202204010708
7,6,8,アテンフェアリー,牝6,54.0,秋山稔樹,1:12.9,クビ,50.0,10.0,478(+2),[東] 萱野浩二,202204010708
8,2,2,スイーツビュッフェ,牝6,55.0,武藤雅,1:12.9,ハナ,14.8,7.0,500(+10),[東] 西田雄一,202204010708
9,7,11,ロジローズ,牡4,56.0,亀田温心,1:12.9,ハナ,64.9,11.0,458(0),[東] 大竹正博,202204010708
10,5,7,ダミアン,牡4,57.0,斎藤新,1:12.9,ハナ,34.1,9.0,502(0),[東] 斎藤誠,202204010708
11,7,10,ジュンダイハード,牝4,54.0,泉谷楓真,1:13.5,3.1/2,138.8,13.0,452(-2),[東] 中舘英二,202204010708
12,1,1,ラブキーセキ,牝5,51.0,永島まな,1:14.0,3,126.9,12.0,402(-6),[東] 嘉藤貴行,202204010708
13,4,4,エコロブラスト,牡4,55.0,松本大輝,1:14.1,3/4,13.8,6.0,506(+2),[東] 矢野英一,202204010708
1,8,16,グランアリエル,牡3,56.0,角田大和,1:09.2,,8.7,4.0,474(0),[東] 小野次郎,202204010709
2,8,15,ホウオウノーサイド,牡3,56.0,斎藤新,1:09.4,1.1/4,9.0,5.0,466(+4),[東] 斎藤誠,202204010709
3,6,12,ブランデーロック,牡3,56.0,原優介,1:09.5,3/4,6.1,3.0,466(0),[東] 小桧山悟,202204010709
4,2,4,アラクレ,牝3,54.0,丸山元気,1:09.6,クビ,29.9,9.0,430(0),[東] 清水英克,202204010709
5,4,7,シナモンスティック,牝3,54.0,丹内祐次,1:09.6,ハナ,9.3,6.0,448(0),[東] 宗像義忠,202204010709
6,3,6,アリシアン,牝3,54.0,菱田裕二,1:09.8,1.1/2,4.3,1.0,496(+4),[東] 加藤征弘,202204010709
7,2,3,アイムファイン,牝3,54.0,藤田菜七,1:09.8,ハナ,98.0,15.0,402(+4),[東] 奥平雅士,202204010709
8,5,9,デヴィルズマーブル,牡3,56.0,川須栄彦,1:09.9,クビ,5.5,2.0,476(-4),[西] 斉藤崇史,202204010709
9,7,13,ゼロドラゴン,牝3,54.0,津村明秀,1:10.2,1.3/4,9.8,7.0,440(+6),[西] 寺島良,202204010709
10,6,11,イチゴキネンビ,牡3,56.0,今村聖奈,1:10.3,1/2,46.3,12.0,456(-2),[東] 小桧山悟,202204010709
11,7,14,タムロキュラムン,牝3,54.0,泉谷楓真,1:10.4,1/2,50.6,13.0,450(-2),[西] 西園正都,202204010709
12,1,1,ローズブルーム,牝3,54.0,黛弘人,1:10.6,1.1/2,45.8,11.0,446(-4),[東] 伊藤大士,202204010709
13,5,10,ヴァーチュアス,牡3,56.0,小沢大仁,1:10.7,クビ,41.2,10.0,472(0),[西] 渡辺薫彦,202204010709
14,3,5,ロープスピニング,牝3,54.0,武藤雅,1:10.7,クビ,78.2,14.0,420(-16),[東] 武藤善則,202204010709
15,1,2,シーズアクイーン,牝3,54.0,横山琉人,1:10.9,3/4,279.0,16.0,426(0),[東] 石毛善彦,202204010709
16,4,8,タカラマドンナ,牝3,54.0,川又賢治,1:11.2,2,10.4,8.0,446(-8),[西] 杉山佳明,202204010709
1,4,6,サンデージャック,牡4,57.0,勝浦正樹,2:28.9,,10.4,7.0,482(-2),[西] 宮本博,202204010710
2,8,13,サンデイビス,牡4,57.0,丸山元気,2:29.0,クビ,11.9,8.0,500(-8),[東] 村田一誠,202204010710
3,7,12,フランコイメル,牡4,57.0,津村明秀,2:29.1,3/4,2.6,1.0,524(+4),[西] 武英智,202204010710
4,2,2,サジェス,牡4,57.0,亀田温心,2:29.3,1.1/2,9.6,4.0,438(-4),[西] 中尾秀正,202204010710
5,5,7,スカイテラス,牡5,57.0,横山琉人,2:29.4,アタマ,9.7,5.0,494(+2),[東] 和田正一,202204010710
6,6,10,パーディシャー,牡5,57.0,菱田裕二,2:29.6,1.1/2,6.9,2.0,440(-8),[東] 久保田貴,202204010710
7,7,11,ラピスデラビオス,牝4,55.0,松本大輝,2:29.9,1.3/4,83.3,13.0,424(+2),[西] 高野友和,202204010710
8,8,14,ヒルノアントラ,セ5,57.0,柴山雄一,2:30.0,1/2,7.5,3.0,460(-6),[西] 昆貢,202204010710
9,6,9,トーセンクライマー,牡4,57.0,丹内祐次,2:30.1,1.1/4,33.7,9.0,464(+4),[東] 加藤征弘,202204010710
10,1,1,スワーヴジョーダン,セ4,57.0,斎藤新,2:30.2,1/2,65.4,11.0,444(0),[西] 安田隆行,202204010710
11,5,8,サツキハピネス,牝4,55.0,角田大和,2:30.3,1/2,9.7,6.0,448(-4),[西] 寺島良,202204010710
12,4,5,ミスカイウラニ,牝4,55.0,藤田菜七,2:30.5,1.1/2,67.5,12.0,452(+12),[西] 平田修,202204010710
13,3,4,レッドレジェーラ,セ4,57.0,荻野極,2:30.6,1/2,40.4,10.0,472(-4),[西] 音無秀孝,202204010710
14,3,3,タイガ,牡5,57.0,原優介,2:33.1,大,86.0,14.0,502(+2),[東] 堀内岳志,202204010710
1,8,11,マイネルクロンヌ,牡5,57.0,丹内祐次,1:52.2,,2.4,1.0,506(0),[東] 青木孝文,202204010711
2,5,6,モサ,牡6,57.0,角田大和,1:53.4,7,108.0,11.0,500(0),[西] 角田晃一,202204010711
3,5,5,ダイシンピスケス,牡4,57.0,松本大輝,1:53.5,クビ,8.3,5.0,498(+2),[西] 森秀行,202204010711
4,7,10,コスモセイリュウ,牡5,57.0,津村明秀,1:53.8,1.3/4,7.8,4.0,498(-2),[東] 中野栄治,202204010711
5,1,1,テンウォークライ,牡4,57.0,丸山元気,1:54.1,1.3/4,16.7,6.0,474(+4),[東] 金成貴史,202204010711
6,8,12,ナンヨーヴィヨレ,牡4,57.0,横山琉人,1:54.2,3/4,47.2,9.0,452(0),[東] 宗像義忠,202204010711
7,3,3,トーアシオン,セ6,57.0,亀田温心,1:54.2,アタマ,4.1,2.0,490(+6),[東] 辻哲英,202204010711
8,4,4,タガノチュール,牡4,57.0,原優介,1:54.6,2.1/2,25.6,8.0,480(-2),[西] 西園正都,202204010711
9,6,7,ブリッツェンシチー,セ6,57.0,菊沢一樹,1:54.7,3/4,74.5,10.0,520(-6),[東] 古賀慎明,202204010711
10,7,9,マイネルタイムリー,牡4,57.0,菱田裕二,1:55.2,3,25.3,7.0,490(+2),[東] 清水英克,202204010711
11,2,2,フォギーデイ,牝5,55.0,秋山稔樹,1:55.9,4,121.8,12.0,488(+4),[東] 水野貴広,202204010711
中,6,8,コンソレーション,牡4,57.0,武藤雅,,,6.2,3.0,492(+6),[東] 手塚貴久,202204010711
1,2,3,ジャストザビアンカ,牝4,55.0,西村淳也,1:09.4,,11.6,8.0,460(0),[西] 牧浦充徳,202204010712
2,5,9,ロードラスター,牡4,57.0,川須栄彦,1:09.4,ハナ,16.5,9.0,498(-10),[西] 千田輝彦,202204010712
3,3,5,ベンガン,牡5,56.0,泉谷楓真,1:09.5,1/2,4.6,2.0,458(-2),[西] 千田輝彦,202204010712
4,4,7,サンエルセントロ,牡4,53.0,今村聖奈,1:09.7,1,10.3,6.0,466(+8),[西] 長谷川浩,202204010712
5,2,4,ノックトゥワイス,セ4,57.0,津村明秀,1:09.8,3/4,43.4,13.0,496(-8),[東] 大竹正博,202204010712
6,7,14,ブラックハート,牝4,52.0,原優介,1:09.8,アタマ,26.8,11.0,420(0),[東] 松永康利,202204010712
7,8,16,リーゼントフラム,牡5,57.0,勝浦正樹,1:09.8,クビ,10.9,7.0,470(+4),[西] 矢作芳人,202204010712
8,5,10,アルムファーツリー,牝4,53.0,松本大輝,1:09.9,1/2,9.1,4.0,454(-12),[西] 川村禎彦,202204010712
9,6,11,ホウオウエンジェル,牝5,53.0,小沢大仁,1:10.0,1/2,9.6,5.0,466(-4),[東] 加藤和宏,202204010712
10,1,2,ルルルージュ,牝4,55.0,菊沢一樹,1:10.1,1/2,7.8,3.0,476(+6),[東] 菊沢隆徳,202204010712
11,4,8,コスモサンレミ,牝4,55.0,丹内祐次,1:10.2,1/2,42.6,12.0,454(-12),[東] 中野栄治,202204010712
12,8,15,タツリュウオー,牝4,54.0,亀田温心,1:10.2,クビ,23.3,10.0,456(0),[西] 加用正,202204010712
13,6,12,テイエムエメラルド,牝4,55.0,菱田裕二,1:11.0,5,4.5,1.0,452(0),[西] 飯田雄三,202204010712
14,3,6,ニシノエルサ,牝4,55.0,黛弘人,1:11.2,1.1/4,242.6,16.0,450(-8),[東] 中野栄治,202204010712
15,7,13,シュルシャガナ,牡5,57.0,荻野極,1:11.6,2.1/2,161.5,15.0,448(0),[東] 高橋文雅,202204010712
16,1,1,ルーナセレナータ,牝6,51.0,永島まな,1:11.8,1.1/4,158.0,14.0,440(+4),[東] 水野貴広,202204010712
1,7,13,オースミメッシーナ,牝3,50.0,今村聖奈,1:12.0,,2.4,1.0,446(+2),[西] 宮本博,202204010801
2,4,7,クリーンジーニアス,牝3,54.0,西村淳也,1:12.4,2,2.5,2.0,448(+8),[西] 荒川義之,202204010801
3,7,12,シゲルハナミザケ,牝3,52.0,松本大輝,1:13.0,4,21.8,6.0,474(+12),[西] 鈴木孝志,202204010801
4,3,5,クラリティスケール,牝3,51.0,原優介,1:13.2,1,18.4,5.0,444(+4),[東] 菊沢隆徳,202204010801
5,5,9,クイーンアポーン,牝3,54.0,丸山元気,1:13.3,1/2,8.0,4.0,444(+2),[東] 土田稔,202204010801
6,8,15,ラブミードゥ,牝3,52.0,藤田菜七,1:13.6,1.3/4,83.7,9.0,434(-2),[東] 南田美知,202204010801
7,4,6,ネコニャンニャン,牝3,51.0,横山琉人,1:13.7,3/4,6.7,3.0,502(0),[東] 加藤征弘,202204010801
8,6,10,アポロリップ,牝3,54.0,丹内祐次,1:14.2,3,68.5,8.0,510(+6),[東] 岩戸孝樹,202204010801
9,6,11,メイショウコマヒメ,牝3,53.0,泉谷楓真,1:14.3,3/4,139.7,10.0,414(+14),[西] 南井克巳,202204010801
10,3,4,フジサンリンバン,牝3,54.0,津村明秀,1:14.5,1.1/2,272.8,13.0,470(+4),[東] 松山将樹,202204010801
11,8,14,プリンセスロージー,牝3,51.0,土田真翔,1:14.8,1.1/2,410.0,15.0,484(+2),[東] 小桧山悟,202204010801
12,2,2,タマモベローナ,牝3,50.0,永島まな,1:14.9,クビ,30.2,7.0,478(+14),[西] 高橋亮,202204010801
13,2,3,ノーブルブロンド,牝3,54.0,菱田裕二,1:15.0,3/4,196.2,11.0,450(-6),[西] 吉岡辰弥,202204010801
14,5,8,テンブーミング,牝3,54.0,杉原誠人,1:15.0,アタマ,245.4,12.0,432(+4),[東] 伊藤大士,202204010801
15,1,1,ミウィ,牝3,51.0,佐々木大,1:16.0,6,355.5,14.0,422(0),[東] 大江原哲,202204010801
1,6,11,タイキバンディエラ,牡3,56.0,菊沢一樹,1:09.9,,109.9,15.0,492(+4),[西] 牧浦充徳,202204010802
2,1,1,ショウナンタイジュ,牡3,56.0,丸山元気,1:10.1,1.1/4,6.1,5.0,488(+8),[東] 嘉藤貴行,202204010802
3,7,14,コスモプルエバ,牝3,54.0,丹内祐次,1:10.1,クビ,13.9,6.0,428(-2),[東] 伊藤大士,202204010802
4,7,13,ダイヤモンドフジ,牡3,56.0,武藤雅,1:10.2,クビ,4.9,2.0,456(+6),[西] 宮本博,202204010802
5,3,6,ワンリオン,牡3,56.0,西村淳也,1:10.2,ハナ,5.0,3.0,482(0),[西] 牧浦充徳,202204010802
6,8,15,ベルシャンテ,牝3,54.0,菱田裕二,1:10.3,1/2,6.0,4.0,440(+6),[西] 奥村豊,202204010802
7,4,8,アリビオ,牝3,54.0,津村明秀,1:10.3,クビ,98.0,14.0,436(-6),[東] 相沢郁,202204010802
8,3,5,ナムラキャッツ,牝3,51.0,横山琉人,1:10.4,クビ,97.9,13.0,408(+2),[西] 鈴木孝志,202204010802
9,6,12,ゴーウィズフェイス,牝3,52.0,藤田菜七,1:10.5,1/2,4.2,1.0,480(+28),[西] 長谷川浩,202204010802
10,4,7,リゾルテッツァ,牡3,54.0,角田大和,1:10.5,クビ,17.9,7.0,490(0),[西] 角田晃一,202204010802
11,2,4,イデアノキセキ,牡3,54.0,松本大輝,1:10.5,アタマ,25.0,8.0,436(-4),[東] 金成貴史,202204010802
12,1,2,ホワイトレッグス,牡3,53.0,原優介,1:10.7,1.1/4,35.9,9.0,430(-2),[東] 小桧山悟,202204010802
13,5,10,チアリング,牝3,50.0,永島まな,1:10.8,3/4,75.5,12.0,456(+6),[東] 本間忍,202204010802
14,8,16,リカステ,牝3,50.0,今村聖奈,1:11.6,5,60.2,11.0,454(0),[西] 武英智,202204010802
15,2,3,ライブリスマイル,牡3,55.0,秋山稔樹,1:12.1,3,257.3,16.0,470(+4),[西] 森田直行,202204010802
16,5,9,ホワイトスパイダー,牝3,51.0,佐々木大,1:12.5,2.1/2,39.2,10.0,396(+6),[東] 佐藤吉勝,202204010802
1,6,9,レイメイ,牡3,55.0,泉谷楓真,1:55.6,,3.3,2.0,484(-2),[西] 松永幹夫,202204010803
2,1,1,エルザストラウム,牝3,50.0,今村聖奈,1:55.7,3/4,48.6,10.0,448(0),[西] 武幸四郎,202204010803
3,8,13,アオカミ,牡3,55.0,秋山稔樹,1:55.9,1.1/4,2.9,1.0,460(0),[東] 和田勇介,202204010803
4,3,3,キタノデイジョブ,牡3,53.0,原優介,1:56.1,3/4,7.8,4.0,480(-2),[東] 松永康利,202204010803
5,7,11,パーラーギター,牝3,54.0,西村淳也,1:56.7,3.1/2,20.3,7.0,434(0),[西] 高野友和,202204010803
6,8,14,サトノキリンジ,牡3,54.0,藤田菜七,1:56.8,1/2,7.1,3.0,464(+16),[西] 平田修,202204010803
7,4,6,テイエムラヴィータ,牡3,54.0,松本大輝,1:56.8,クビ,9.2,5.0,526(+10),[西] 飯田雄三,202204010803
8,5,7,リュウキュウカリー,牡3,56.0,木幡育也,1:56.9,1/2,20.9,8.0,442(-4),[東] 大江原哲,202204010803
9,7,12,コールドブリュー,牡3,53.0,横山琉人,1:57.1,1,243.2,14.0,464(-4),[東] 蛯名利弘,202204010803
10,6,10,コスモブライヤー,牡3,54.0,角田大和,1:57.9,5,16.6,6.0,478(+4),[東] 畠山吉宏,202204010803
11,5,8,アラッキーフェイス,牡3,52.0,永島まな,1:57.9,クビ,28.6,9.0,430(0),[西] 坂口智康,202204010803
12,2,2,スケサンカクサン,牡3,53.0,土田真翔,1:58.1,1,211.9,13.0,448(-8),[東] 武市康男,202204010803
13,4,5,ピアーステソーロ,牡3,53.0,佐々木大,1:58.6,3,198.9,12.0,490(+4),[東] 加藤士津,202204010803
14,3,4,ファーストマン,牡3,56.0,菊沢一樹,1:58.8,3/4,57.6,11.0,516(+14),[東] 戸田博文,202204010803
1,6,10,ナギサ,牝4,57.0,森一馬,3:11.0,,2.5,1.0,496(+4),[西] 本田優,202204010804
2,3,4,エールヴィオレ,牝5,58.0,白浜雄造,3:11.1,1/2,6.9,4.0,452(-2),[西] 武英智,202204010804
3,2,2,アースブレイブ,セ5,60.0,五十嵐雄,3:12.6,9,57.7,9.0,458(-4),[東] 宗像義忠,202204010804
4,3,3,ミッキーセサミ,牡4,59.0,草野太郎,3:12.9,1.3/4,6.2,3.0,478(+8),[東] 菊沢隆徳,202204010804
5,4,6,ハイオソラール,牡6,57.0,小牧加矢,3:13.0,3/4,10.0,5.0,522(0),[西] 木原一良,202204010804
6,8,13,シゲルソウサイ,牡4,59.0,平沢健治,3:13.3,1.3/4,15.7,6.0,486(+4),[西] 上村洋行,202204010804
7,5,8,ハバチューバー,牡5,60.0,上野翔,3:14.0,4,25.6,8.0,514(-2),[東] 浅野洋一,202204010804
8,7,11,ヴィーヴァバッカス,牡7,60.0,伴啓太,3:14.1,クビ,72.1,11.0,486(+8),[東] 相沢郁,202204010804
9,1,1,ホウオウアクセル,牡6,60.0,高田潤,3:15.2,7,20.5,7.0,444(+2),[西] 宮徹,202204010804
10,6,9,ワンダーサーイター,牡5,60.0,小野寺祐,3:15.4,1.1/2,131.6,13.0,458(0),[東] 畠山吉宏,202204010804
11,7,12,アドラメレク,牡8,60.0,小坂忠士,3:16.3,5,64.3,10.0,478(+6),[西] 長谷川浩,202204010804
12,4,5,アフィラトゥーラ,牡5,60.0,植野貴也,3:18.8,大,76.7,12.0,506(-4),[西] 森田直行,202204010804
13,5,7,サトノエルドール,牡6,60.0,石神深一,3:19.9,7,4.3,2.0,476(-12),[東] 国枝栄,202204010804
14,8,14,ターキッシュバン,牝7,58.0,大庭和弥,3:20.8,5,318.1,14.0,450(-6),[東] 蛯名利弘,202204010804
1,8,14,ソールズベリー,牝3,51.0,佐々木大,1:12.4,,9.1,4.0,460(+2),[東] 竹内正洋,202204010805
2,5,8,グラサージュ,牝3,54.0,伊藤工真,1:13.1,4,4.4,2.0,516(-4),[東] 林徹,202204010805
3,6,11,カルド,牡3,55.0,秋山稔樹,1:13.1,クビ,2.0,1.0,452(+4),[西] 高橋義忠,202204010805
4,5,9,ペイシャクィンビー,牝3,54.0,木幡育也,1:13.1,ハナ,10.0,5.0,450(+2),[東] 本間忍,202204010805
5,3,4,エンロサディラ,牝3,51.0,横山琉人,1:13.4,1.3/4,90.0,11.0,432(+2),[東] 和田正一,202204010805
6,4,7,ルナエルモッサ,牝3,50.0,今村聖奈,1:13.6,3/4,6.8,3.0,424(+4),[東] 栗田徹,202204010805
7,4,6,リアルファンタジア,牝3,50.0,永島まな,1:13.8,1.1/4,75.2,10.0,450(-2),[西] 牧浦充徳,202204010805
8,6,10,ペイシャアート,牝3,54.0,黛弘人,1:13.8,アタマ,391.5,15.0,494(-8),[東] 土田稔,202204010805
9,1,1,エムアイリーズン,牝3,51.0,原優介,1:13.8,クビ,21.5,7.0,470(+2),[東] 青木孝文,202204010805
10,8,15,コパノランサー,牡3,56.0,菱田裕二,1:13.9,アタマ,50.8,8.0,510(+2),[東] 武藤善則,202204010805
11,3,5,ビップレジアス,牝3,52.0,松本大輝,1:14.2,2,98.0,12.0,458(+2),[東] 高柳瑞樹,202204010805
12,2,2,ミッキーピーナッツ,牡3,56.0,丸山元気,1:15.0,5,65.0,9.0,498(-4),[東] 尾関知人,202204010805
13,7,13,セイウンリーチ,牡3,56.0,武藤雅,1:15.2,1.1/2,21.2,6.0,476(+8),[東] 水野貴広,202204010805
14,2,3,ジャズラップ,牝3,54.0,西村淳也,1:16.1,5,165.6,13.0,426(-8),[西] 安達昭夫,202204010805
15,7,12,ミキノチョキンバコ,牡3,56.0,岩部純二,1:16.4,2,345.1,14.0,492(-8),[東] 南田美知,202204010805
1,8,11,コスモフロイデ,牡3,56.0,丹内祐次,2:16.7,,3.8,2.0,460(-2),[東] 天間昭一,202204010806
2,6,8,リッチブラック,牡3,52.0,今村聖奈,2:16.8,1/2,2.6,1.0,458(-4),[西] 友道康夫,202204010806
3,7,9,ウロボン,牡3,56.0,黛弘人,2:16.8,ハナ,5.9,3.0,456(-4),[東] 武井亮,202204010806
4,4,4,バレエマスター,牡3,53.0,原優介,2:17.2,2,6.9,4.0,470(0),[西] 梅田智之,202204010806
5,3,3,シャトンアンジュ,牝3,54.0,西村淳也,2:17.2,クビ,7.4,5.0,432(0),[西] 池添学,202204010806
6,8,12,マイネルイージス,牡3,56.0,津村明秀,2:17.3,1/2,16.6,6.0,468(+6),[東] 清水英克,202204010806
7,7,10,バンフィエルド,牡3,56.0,川又賢治,2:17.4,クビ,26.0,7.0,432(+14),[西] 奥村豊,202204010806
8,2,2,ブレイクザソング,牡3,54.0,松本大輝,2:17.9,3,334.3,12.0,480(+14),[東] 戸田博文,202204010806
9,6,7,プレシャスソウル,牡3,55.0,泉谷楓真,2:18.1,1.1/4,35.3,8.0,458(+2),[西] 吉岡辰弥,202204010806
10,5,5,ニシノジャズ,牝3,54.0,武藤雅,2:18.7,3.1/2,41.2,9.0,480(0),[東] 水野貴広,202204010806
11,5,6,キャンミナーレ,牝3,52.0,藤田菜七,2:19.3,4,112.3,10.0,480(+2),[西] 清水久詞,202204010806
12,1,1,アスールパースト,牡3,56.0,杉原誠人,2:20.8,9,298.8,11.0,486(-12),[東] 伊藤大士,202204010806
1,8,15,ブルレスカ,牝4,51.0,今村聖奈,1:53.9,,5.1,2.0,460(-18),[西] 寺島良,202204010807
2,8,14,リキサンハート,牝4,55.0,菱田裕二,1:53.9,1/2,6.2,4.0,492(0),[東] 奥平雅士,202204010807
3,5,8,テンナイトパール,牝6,55.0,勝浦正樹,1:54.6,4,59.2,10.0,494(0),[東] 小西一男,202204010807
4,7,12,エアーレジーナ,牝4,55.0,黛弘人,1:55.0,2.1/2,135.4,15.0,500(+4),[東] 和田雄二,202204010807
5,7,13,ルミナスナイト,牝5,55.0,丹内祐次,1:55.2,1.1/4,72.5,13.0,496(0),[東] 新開幸一,202204010807
6,4,6,ココリミネルヴァ,牝5,54.0,秋山稔樹,1:55.4,1.1/2,68.3,12.0,434(+4),[東] 古賀慎明,202204010807
7,6,11,メンフィス,牝5,53.0,松本大輝,1:55.5,クビ,104.8,14.0,488(+8),[西] 杉山佳明,202204010807
8,3,5,ミュアウッズ,牝5,55.0,津村明秀,1:55.7,1.1/4,2.9,1.0,566(-10),[東] 尾関知人,202204010807
9,1,1,レープハフト,牝4,52.0,原優介,1:56.0,2,20.8,8.0,472(+4),[東] 中舘英二,202204010807
10,6,10,サイモンポーリア,牝4,55.0,丸山元気,1:56.7,4,63.7,11.0,484(0),[東] 根本康広,202204010807
11,5,9,パレドジュスティス,牝4,55.0,菊沢一樹,1:57.1,2.1/2,14.7,6.0,444(-10),[西] 西村真幸,202204010807
12,4,7,レッドカルム,牝5,52.0,横山琉人,1:57.5,2.1/2,36.5,9.0,530(0),[東] 奥村武,202204010807
13,3,4,ラブロッソー,牝5,54.0,泉谷楓真,1:57.6,クビ,10.6,5.0,490(+6),[東] 鈴木慎太,202204010807
14,2,2,ジョリーブレス,牝4,55.0,城戸義政,1:58.0,2.1/2,18.1,7.0,452(0),[西] 奥村豊,202204010807
15,2,3,マテンロウルビー,牝4,53.0,角田大和,1:58.7,4,5.2,3.0,448(-8),[西] 野中賢二,202204010807
1,5,6,ネオトゥルー,牡5,57.0,津村明秀,1:12.0,,5.4,3.0,484(-6),[東] 鈴木伸尋,202204010808
2,6,8,タマダイヤモンド,牝4,52.0,横山琉人,1:12.1,クビ,12.6,6.0,486(-2),[東] 相沢郁,202204010808
3,8,13,プリティインピンク,牝4,52.0,原優介,1:12.1,クビ,4.5,2.0,436(+4),[東] 小手川準,202204010808
4,1,1,ナサ,牝4,55.0,菱田裕二,1:12.3,1.1/4,4.2,1.0,452(-2),[西] 藤沢則雄,202204010808
5,6,9,ライヴクラッカー,牡4,57.0,武藤雅,1:12.4,1/2,21.2,8.0,492(-8),[東] 牧光二,202204010808
6,8,12,フレンドパル,牝4,51.0,永島まな,1:12.5,1/2,6.3,4.0,454(-2),[東] 深山雅史,202204010808
7,7,11,カップッチョ,牡5,57.0,杉原誠人,1:12.5,ハナ,49.0,11.0,476(-6),[東] 大江原哲,202204010808
8,3,3,ヴァルゴスピカ,牝5,54.0,秋山稔樹,1:12.6,3/4,61.2,12.0,450(0),[東] 岩戸孝樹,202204010808
9,7,10,キャンディキューブ,牝4,53.0,松本大輝,1:12.9,1.3/4,28.6,9.0,456(-6),[東] 大和田成,202204010808
10,2,2,ミューティー,牝5,55.0,丹内祐次,1:13.5,3.1/2,14.4,7.0,490(0),[東] 石毛善彦,202204010808
11,4,4,ダイメイソテツ,牡4,53.0,今村聖奈,1:13.8,1.3/4,45.2,10.0,522(+8),[東] 中野栄治,202204010808
12,4,5,リアルヴィジョン,セ4,57.0,岩部純二,1:14.6,5,102.2,13.0,450(0),[東] 天間昭一,202204010808
13,5,7,ノアファンタジー,牝4,53.0,角田大和,1:15.5,5,6.4,5.0,482(+10),[東] 大江原哲,202204010808
1,5,6,エニシノウタ,牝4,55.0,丸山元気,1:59.4,,5.3,3.0,448(+2),[西] 笹田和秀,202204010809
2,2,2,ヘネラルカレーラ,牝4,55.0,角田大和,1:59.5,1/2,4.6,2.0,474(+4),[西] 角田晃一,202204010809
3,6,8,ブリングトゥライフ,牝4,55.0,川又賢治,1:59.6,クビ,14.0,7.0,466(-16),[西] 畑端省吾,202204010809
4,7,10,グラヴィテ,牝4,55.0,津村明秀,1:59.6,クビ,6.3,4.0,470(0),[西] 鮫島一歩,202204010809
5,1,1,ブライズルーム,牝4,55.0,西村淳也,1:59.7,1/2,3.8,1.0,444(+12),[東] 竹内正洋,202204010809
6,6,9,アーダレイ,牝4,55.0,泉谷楓真,2:00.0,2,16.0,8.0,460(+16),[西] 庄野靖志,202204010809
7,3,3,ブリンク,牝4,55.0,菱田裕二,2:00.3,1.1/2,11.9,6.0,464(+16),[西] 吉岡辰弥,202204010809
8,4,4,セレンゲティ,牝4,55.0,武藤雅,2:00.3,クビ,81.7,12.0,464(+8),[東] 萩原清,202204010809
9,8,13,クオンタム,牝4,55.0,黛弘人,2:00.5,1.1/2,29.4,10.0,442(0),[東] 村田一誠,202204010809
10,8,12,ピナ,牝4,55.0,秋山稔樹,2:00.8,1.1/2,9.9,5.0,488(+6),[東] 蛯名利弘,202204010809
11,7,11,ラストエクセル,牝5,55.0,藤田菜七,2:01.1,2,72.4,11.0,434(-10),[西] 平田修,202204010809
12,4,5,ユーベルント,牝4,55.0,丹内祐次,2:01.7,3.1/2,161.2,13.0,442(0),[東] 堀内岳志,202204010809
13,5,7,コウソクカレン,牝4,55.0,勝浦正樹,2:02.3,3.1/2,21.0,9.0,494(0),[東] 中舘英二,202204010809
1,8,16,スイーツマジック,牝4,53.0,勝浦正樹,1:08.9,,10.5,5.0,476(-4),[東] 佐藤吉勝,202204010810
2,8,15,ラヴケリー,牝4,53.0,津村明秀,1:09.0,クビ,5.9,3.0,454(-4),[西] 高柳大輔,202204010810
3,6,11,シオミチクレバ,牝5,52.0,菊沢一樹,1:09.0,クビ,51.8,14.0,500(0),[西] 牧浦充徳,202204010810
4,7,13,メイショウエニシア,牝4,54.0,泉谷楓真,1:09.1,クビ,5.7,2.0,450(+4),[西] 本田優,202204010810
5,2,4,セリシア,牝4,52.0,角田大和,1:09.1,アタマ,14.8,6.0,460(0),[西] 中竹和也,202204010810
6,4,7,アセンダント,牝6,52.0,丹内祐次,1:09.2,3/4,21.1,9.0,470(+8),[東] 田島俊明,202204010810
7,4,8,サトノルーチェ,牝4,54.0,菱田裕二,1:09.3,1/2,3.3,1.0,426(0),[西] 吉村圭司,202204010810
8,1,1,チャイブテソーロ,牝4,51.0,黛弘人,1:09.4,クビ,45.8,12.0,476(-2),[東] 武市康男,202204010810
9,6,12,ジュストコル,牡4,55.0,西村淳也,1:09.4,アタマ,8.2,4.0,506(+2),[西] 大久保龍,202204010810
10,3,5,メイショウイジゲン,牡4,53.0,松本大輝,1:09.4,アタマ,56.6,15.0,440(-7),[西] 南井克巳,202204010810
11,5,9,エスジープリンセス,牝4,52.0,杉原誠人,1:09.4,クビ,18.6,8.0,468(-4),[東] 和田勇介,202204010810
12,5,10,スズノフブキ,セ8,51.0,横山琉人,1:09.5,1/2,70.1,16.0,486(+4),[東] 高橋裕,202204010810
13,2,3,ホーリーライン,牝6,52.0,丸山元気,1:09.6,クビ,35.8,11.0,446(-2),[東] 矢野英一,202204010810
14,7,14,カフェアヴニール,牡4,54.0,秋山稔樹,1:09.6,クビ,49.6,13.0,472(0),[東] 中舘英二,202204010810
15,3,6,スズカフェラリー,牝7,52.0,今村聖奈,1:09.7,3/4,24.2,10.0,458(+10),[西] 橋田満,202204010810
16,1,2,サニーオーシャン,牡4,56.0,武藤雅,1:10.2,2.1/2,15.5,7.0,462(0),[東] 中野栄治,202204010810
1,4,4,マイネルダグラス,牡4,57.0,丹内祐次,1:34.0,,4.4,2.0,504(-10),[東] 相沢郁,202204010811
2,8,12,エンブレムコード,牝4,55.0,津村明秀,1:34.0,1/2,5.5,3.0,462(-6),[東] 尾関知人,202204010811
3,6,8,エルモドーロ,牡4,57.0,西村淳也,1:34.1,1/2,9.4,4.0,450(-6),[西] 矢作芳人,202204010811
4,8,13,トーホウディアス,牡4,57.0,松本大輝,1:34.2,クビ,2.3,1.0,438(-10),[西] 南井克巳,202204010811
5,3,3,セブンフォールド,牡4,57.0,秋山稔樹,1:34.2,アタマ,15.1,6.0,454(0),[東] 黒岩陽一,202204010811
6,5,7,パノティア,牡4,57.0,伊藤工真,1:34.2,クビ,29.6,7.0,538(-2),[東] 金成貴史,202204010811
7,4,5,コスモアシュラ,牡4,57.0,武藤雅,1:34.3,クビ,10.2,5.0,518(-2),[東] 中野栄治,202204010811
8,7,11,グリュレーヴ,牝4,55.0,泉谷楓真,1:34.6,1.3/4,32.2,8.0,496(+10),[西] 佐々木晶,202204010811
9,2,2,インディナート,牝4,55.0,原優介,1:34.6,クビ,73.5,12.0,452(0),[東] 堀内岳志,202204010811
10,5,6,スズカメジャー,牡8,57.0,勝浦正樹,1:35.0,2.1/2,39.5,9.0,516(+16),[西] 橋田満,202204010811
11,7,10,キャットリング,牝4,55.0,角田大和,1:35.1,クビ,62.1,11.0,426(-2),[西] 藤沢則雄,202204010811
12,1,1,ロードリスペクト,牡4,57.0,川又賢治,1:35.7,3.1/2,62.1,10.0,488(0),[西] 中村直也,202204010811
13,6,9,エスタンピージャ,牝4,55.0,菊沢一樹,1:37.2,9,98.5,13.0,478(0),[東] 加藤和宏,202204010811
1,6,10,ダノンハイファイブ,牡4,57.0,津村明秀,1:53.4,,6.6,3.0,476(+2),[西] 坂口智康,202204010812
2,5,9,サクセスエース,牡4,57.0,木幡初也,1:53.5,クビ,12.2,6.0,492(-4),[東] 竹内正洋,202204010812
3,8,14,ハイラブハンター,牡4,55.0,松本大輝,1:53.7,1.1/2,2.9,1.0,486(0),[西] 谷潔,202204010812
4,8,15,サンズオブタイム,牡4,56.0,秋山稔樹,1:53.8,クビ,4.8,2.0,488(-2),[東] 和田勇介,202204010812
5,4,7,イシュタルゲート,牡6,55.0,角田大和,1:54.3,3,12.5,7.0,522(0),[西] 茶木太樹,202204010812
6,1,1,ジンフラッシュ,牡5,57.0,武藤雅,1:54.8,3,34.8,8.0,502(+8),[東] 小野次郎,202204010812
7,7,12,ユキノアンビシャス,牡7,57.0,勝浦正樹,1:54.8,クビ,132.8,15.0,490(-8),[東] 石毛善彦,202204010812
8,2,3,ラブエスポー,牝5,54.0,泉谷楓真,1:54.8,アタマ,8.3,5.0,466(+6),[東] 蛯名利弘,202204010812
9,6,11,トーセンマーク,牡4,54.0,横山琉人,1:55.9,7,66.3,12.0,512(+2),[東] 古賀慎明,202204010812
10,3,4,ポンフー,牡4,57.0,菊沢一樹,1:56.0,1/2,132.7,14.0,498(-2),[東] 浅野洋一,202204010812
11,5,8,スパニッシュアート,牝5,55.0,丹内祐次,1:56.1,クビ,62.6,11.0,430(+2),[東] 戸田博文,202204010812
12,3,5,ヴォーグマチネ,牡4,54.0,原優介,1:56.3,1.1/4,52.7,10.0,494(0),[東] 堀内岳志,202204010812
13,7,13,ジェイエルブリッジ,牡4,57.0,丸山元気,1:56.4,1/2,36.8,9.0,472(0),[東] 小西一男,202204010812
14,2,2,アイファーラクーン,牝4,53.0,藤田菜七,1:56.6,1.1/4,122.6,13.0,434(0),[東] 根本康広,202204010812
15,4,6,グランメテオール,牡4,57.0,西村淳也,1:57.3,4,7.0,4.0,498(+22),[西] 松永幹夫,202204010812
1,3,3,シルヴァーデューク,牡2,54.0,福永祐一,1:48.1,,1.2,1.0,456(-6),[西] 西村真幸,202204020101
2,5,5,モンドプリューム,牡2,54.0,三浦皇成,1:48.5,2.1/2,7.0,2.0,480(-10),[東] 水野貴広,202204020101
3,4,4,ダンツビガー,牡2,54.0,横山典弘,1:48.7,1.1/4,13.3,4.0,486(+16),[西] 四位洋文,202204020101
4,6,6,サトノウェーブ,牡2,54.0,戸崎圭太,1:48.7,アタマ,10.5,3.0,484(+2),[東] 田中博康,202204020101
5,2,2,マイバラード,牡2,54.0,柴田大知,1:48.8,1/2,43.9,7.0,442(0),[東] 松永康利,202204020101
6,7,7,キタノチャリブル,牡2,51.0,原優介,1:49.3,3,15.6,5.0,440(-4),[東] 小西一男,202204020101
7,1,1,セイカベラトリクス,牝2,54.0,内田博幸,1:50.9,10,122.0,8.0,458(-14),[東] 南田美知,202204020101
8,8,8,ハイファイヴ,牡2,54.0,松山弘平,1:51.2,1.1/2,40.5,6.0,482(-6),[東] 堀内岳志,202204020101
1,3,5,メイショウアジロ,牡3,52.0,今村聖奈,1:11.7,,2.1,1.0,468(0),[西] 飯田祐史,202204020102
2,3,4,ハクサンチェイス,牡3,56.0,藤懸貴志,1:12.3,3.1/2,17.7,6.0,466(+10),[西] 小崎憲,202204020102
3,2,2,ザンゲツ,牡3,56.0,Ｍ．デム,1:12.8,3,8.9,4.0,484(-2),[西] 大久保龍,202204020102
4,6,10,リノアラ,牝3,52.0,小沢大仁,1:12.9,クビ,107.6,10.0,426(0),[西] 今野貞一,202204020102
5,8,15,ロワドゥサーブル,牡3,56.0,横山典弘,1:12.9,ハナ,5.3,3.0,482(+18),[西] 高橋康之,202204020102
6,6,11,ラブシックボッサ,牡3,56.0,岩田望来,1:12.9,クビ,17.2,5.0,458(0),[東] 伊藤大士,202204020102
7,8,14,オフレッシュ,牡3,56.0,戸崎圭太,1:13.0,アタマ,3.9,2.0,510(-6),[東] 尾形和幸,202204020102
8,2,3,オーシンアズキ,牡3,56.0,松山弘平,1:13.1,1/2,50.7,9.0,454(+2),[西] 宮徹,202204020102
9,7,13,ダノンブルズアイ,牡3,56.0,菊沢一樹,1:13.1,ハナ,46.7,8.0,464(0),[東] 菊沢隆徳,202204020102
10,5,9,ミュージアムピース,セ3,56.0,杉原誠人,1:13.5,2.1/2,206.6,13.0,448(-12),[東] 伊藤大士,202204020102
11,1,1,アイレスアン,牝3,54.0,和田竜二,1:13.5,クビ,173.8,12.0,470(-2),[東] 加藤征弘,202204020102
12,4,6,リオシャンパーニュ,牝3,54.0,内田博幸,1:13.7,1,173.4,11.0,464(-1),[東] 鈴木慎太,202204020102
13,5,8,キングスレイヤー,牡3,56.0,野中悠太,1:13.8,3/4,229.1,14.0,468(-16),[東] 菊川正達,202204020102
14,7,12,ナムラダグ,牡3,53.0,原優介,1:14.8,6,351.1,15.0,438(+6),[東] 石栗龍彦,202204020102
15,4,7,ダグザ,セ3,56.0,ホー,1:14.9,クビ,25.3,7.0,482(+6),[西] 安田隆行,202204020102
1,2,3,レッドアヴァンティ,牡3,56.0,Ｍ．デム,1:20.9,,3.8,2.0,462(+6),[東] 尾関知人,202204020103
2,6,11,アドマイヤラヴィ,牝3,54.0,福永祐一,1:21.0,1,3.1,1.0,466(-2),[西] 友道康夫,202204020103
3,2,4,サトノプリエール,牝3,54.0,田中勝春,1:21.2,1.1/4,20.3,8.0,450(+10),[東] 宗像義忠,202204020103
4,7,14,ネネ,牝3,54.0,菅原明良,1:21.4,1.1/4,8.7,4.0,450(+10),[東] 尾形和幸,202204020103
5,5,10,タガノタンゴ,牡3,56.0,岩田望来,1:21.5,3/4,12.7,6.0,438(0),[西] 西園正都,202204020103
6,5,9,ダンツキタイ,牝3,54.0,秋山真一,1:21.7,1.1/4,5.7,3.0,480(+2),[西] 谷潔,202204020103
7,8,18,インサニティ,牝3,54.0,岩田康誠,1:21.7,ハナ,99.8,12.0,414(-22),[東] 高橋文雅,202204020103
8,7,15,プリティーメモリー,牝3,54.0,野中悠太,1:21.9,1.1/4,39.0,9.0,402(+2),[東] 粕谷昌央,202204020103
9,1,2,モーニングパス,牡3,56.0,竹之下智,1:21.9,ハナ,392.1,17.0,506(+18),[西] 千田輝彦,202204020103
10,6,12,フロスティグレイ,セ3,56.0,松山弘平,1:21.9,ハナ,10.4,5.0,466(-10),[東] 宮田敬介,202204020103
11,8,16,ビックマハロ,牝3,51.0,佐々木大,1:21.9,クビ,382.8,16.0,434(+12),[東] 加藤征弘,202204020103
12,1,1,ミラーレイク,牝3,51.0,原優介,1:22.1,1.1/4,51.7,10.0,442(+8),[東] 和田正一,202204020103
13,3,6,マテンロウメーヴェ,牝3,52.0,小沢大仁,1:22.1,クビ,13.6,7.0,498(+16),[西] 藤原英昭,202204020103
14,8,17,ナムラキャッツ,牝3,52.0,松本大輝,1:22.1,アタマ,117.6,13.0,400(-8),[西] 鈴木孝志,202204020103
15,7,13,カワキタアイゼン,牝3,54.0,富田暁,1:22.9,5,357.7,15.0,442(-12),[西] 浜田多実,202204020103
16,3,5,トーアリバティー,牝3,54.0,江田照男,1:22.9,アタマ,92.8,11.0,492(+4),[東] 村田一誠,202204020103
17,4,8,ヴォーグノヤイバ,牡3,56.0,石川裕紀,1:23.5,3.1/2,424.1,18.0,448(0),[東] 小笠倫弘,202204020103
18,4,7,クンパワピー,牝3,54.0,西村淳也,1:24.8,8,331.8,14.0,478(+12),[東] 菊川正達,202204020103
1,5,9,ミナモトフェイス,牝3,54.0,福永祐一,1:46.0,,5.9,2.0,454(+4),[西] 清水久詞,202204020104
2,2,4,アールフォルス,牝3,54.0,松若風馬,1:46.0,クビ,6.4,3.0,454(+6),[西] 橋口慎介,202204020104
3,7,13,チェルノボーグ,牡3,56.0,岩田望来,1:46.2,1.1/4,1.7,1.0,488(-2),[西] 藤原英昭,202204020104
4,7,14,イズジョーアーサー,牡3,56.0,三浦皇成,1:46.3,1/2,114.1,11.0,480(-6),[西] 武英智,202204020104
5,3,5,スタローン,牡3,52.0,今村聖奈,1:46.6,1.1/2,14.4,5.0,470(-4),[西] 武幸四郎,202204020104
6,6,11,シャークアタック,牡3,53.0,佐々木大,1:46.7,3/4,225.1,14.0,476(+4),[東] 竹内正洋,202204020104
7,7,15,スカーレットオーラ,牝3,54.0,西村淳也,1:47.1,2.1/2,8.0,4.0,448(+4),[西] 中内田充,202204020104
8,4,8,リヤンソウル,牝3,51.0,角田大河,1:47.3,1.1/2,50.2,8.0,448(+2),[西] 佐々木晶,202204020104
9,8,16,ブリーザフレスカ,牝3,54.0,坂井瑠星,1:47.5,3/4,36.6,7.0,492(0),[西] 高野友和,202204020104
10,6,12,ウインフェリーチェ,牝3,54.0,和田竜二,1:47.7,1.1/4,84.7,9.0,400(-6),[西] 宮徹,202204020104
11,4,7,ライラックワイン,牝3,52.0,松本大輝,1:47.7,クビ,85.7,10.0,412(-2),[西] 松永幹夫,202204020104
12,1,2,ミエノアラジン,牡3,56.0,太宰啓介,1:47.8,1/2,210.8,13.0,440(-4),[西] 高橋亮,202204020104
13,3,6,エイシングリッター,牝3,54.0,木幡巧也,1:47.8,クビ,118.3,12.0,440(0),[東] 勢司和浩,202204020104
14,8,17,ベルアヴニール,牝3,54.0,松山弘平,1:48.1,1.1/2,25.0,6.0,424(0),[東] 堀宣行,202204020104
15,2,3,メイショウイタマエ,牡3,56.0,城戸義政,1:48.3,1.1/4,520.8,18.0,472(-8),[西] 千田輝彦,202204020104
16,1,1,チュウワシルバー,牝3,54.0,加藤祥太,1:48.4,3/4,311.3,17.0,484(+16),[西] 庄野靖志,202204020104
17,8,18,ピンクライオネス,牝3,52.0,小沢大仁,1:49.1,4,242.0,15.0,448(+10),[西] 藤原英昭,202204020104
18,5,10,クロミツ,牝3,50.0,永島まな,1:49.2,1/2,299.5,16.0,482(+8),[西] 松下武士,202204020104
1,2,2,リバティアイランド,牝2,54.0,川田将雅,1:35.8,,2.1,1.0,464(0),[西] 中内田充,202204020105
2,7,10,クルゼイロドスル,牡2,54.0,幸英明,1:36.3,3,31.0,7.0,460(0),[西] 高橋義忠,202204020105
3,3,3,エマヌエーレ,牡2,54.0,松山弘平,1:36.3,アタマ,16.0,6.0,486(0),[西] 平田修,202204020105
4,6,8,イコノスタシス,牝2,54.0,福永祐一,1:36.5,1.1/4,6.3,3.0,462(0),[東] 古賀慎明,202204020105
5,8,11,モリーダーリン,牝2,54.0,戸崎圭太,1:36.8,2,3.8,2.0,472(0),[東] 国枝栄,202204020105
6,5,5,ラバタンシン,牡2,54.0,岩田望来,1:37.1,1.1/2,10.0,4.0,482(0),[西] 寺島良,202204020105
7,5,6,フィッシュポンド,牡2,54.0,Ｍ．デム,1:37.4,1.3/4,13.9,5.0,484(0),[西] 大久保龍,202204020105
8,7,9,ブルースワット,牡2,54.0,西村淳也,1:38.2,5,241.7,12.0,450(0),[西] 庄野靖志,202204020105
9,4,4,スキップモロチャン,牡2,54.0,田中勝春,1:38.2,クビ,59.8,8.0,510(0),[東] 宗像義忠,202204020105
10,8,12,アポロパシュート,セ2,54.0,津村明秀,1:39.6,8,232.5,11.0,426(0),[東] 矢野英一,202204020105
11,6,7,ヴァルカン,牝2,54.0,菅原明良,1:39.9,2,91.3,9.0,442(0),[東] 稲垣幸雄,202204020105
12,1,1,ジェド,牡2,54.0,菊沢一樹,1:40.2,1.3/4,211.8,10.0,476(0),[東] 勢司和浩,202204020105
1,4,6,ニシキギミッチー,牡2,54.0,津村明秀,1:13.3,,19.7,8.0,472(0),[東] 鈴木伸尋,202204020106
2,6,11,ライヴペッパー,牡2,54.0,木幡巧也,1:13.3,クビ,44.5,9.0,434(0),[東] 牧光二,202204020106
3,6,10,アームズレイン,牡2,50.0,今村聖奈,1:13.8,3,3.5,1.0,494(0),[西] 上村洋行,202204020106
4,7,13,ペプチドハドソン,牡2,54.0,富田暁,1:14.1,2,5.1,3.0,484(0),[西] 武英智,202204020106
5,8,15,アルムラトゥール,牡2,54.0,和田竜二,1:14.2,クビ,7.3,4.0,488(0),[西] 川村禎彦,202204020106
6,1,1,タイセイトリオンフ,牡2,54.0,幸英明,1:14.8,3.1/2,17.5,7.0,492(0),[西] 高橋義忠,202204020106
7,4,7,シャドウダッチェス,牝2,54.0,ホー,1:15.0,1.1/2,10.0,5.0,444(0),[東] 深山雅史,202204020106
8,2,3,ゴッドインパルス,セ2,54.0,戸崎圭太,1:15.3,1.1/2,4.3,2.0,456(0),[東] 中舘英二,202204020106
9,2,2,ペイシャウォーリア,牡2,54.0,内田博幸,1:16.2,5,130.0,12.0,452(0),[東] 本間忍,202204020106
10,3,5,ロデオフリップ,牝2,54.0,菅原明良,1:16.5,1.3/4,107.6,11.0,440(0),[東] 石毛善彦,202204020106
11,7,12,テイエムオオジャ,牡2,54.0,柴田善臣,1:17.4,5,87.5,10.0,520(0),[東] 石栗龍彦,202204020106
12,3,4,アクラシア,牡2,54.0,杉原誠人,1:17.9,3,133.3,13.0,470(0),[東] 高橋文雅,202204020106
13,5,8,タマモガーベラ,牝2,54.0,武藤雅,1:17.9,ハナ,206.9,14.0,394(0),[東] 水野貴広,202204020106
14,8,14,ランマ,牡2,52.0,小林脩斗,1:22.8,大,212.8,15.0,460(0),[東] 松山将樹,202204020106
15,5,9,シゲルソロソロ,牝2,54.0,Ｍ．デム,1:23.4,4,15.1,6.0,460(0),[東] 和田雄二,202204020106
1,3,5,バハルダール,牡3,54.0,川田将雅,1:52.0,,3.5,1.0,498(+10),[西] 池江泰寿,202204020107
2,7,13,トーセンクライスト,牡3,54.0,田中勝春,1:52.3,1.3/4,5.0,3.0,508(+4),[東] 宗像義忠,202204020107
3,2,2,マルヨミニスター,牝3,52.0,幸英明,1:52.6,2,19.2,8.0,498(-4),[西] 牧田和弥,202204020107
4,5,9,セイウンオードリー,牡4,57.0,江田照男,1:52.8,1,82.9,11.0,508(+2),[東] 深山雅史,202204020107
5,7,12,アウトオブサイト,牝4,55.0,岩田望来,1:52.9,1,4.8,2.0,506(+4),[西] 斉藤崇史,202204020107
6,4,7,ペイシャジュン,牡4,57.0,菅原明良,1:53.1,1.1/4,46.8,10.0,508(+6),[東] 高橋裕,202204020107
7,2,3,レッドシリウス,牡5,57.0,松若風馬,1:53.4,1.1/2,6.6,4.0,542(-10),[西] 千田輝彦,202204020107
8,8,15,ルイナールカズマ,牡3,54.0,松山弘平,1:53.8,2.1/2,10.2,6.0,496(+8),[西] 奥村豊,202204020107
9,1,1,エコロカナワン,牡4,57.0,石橋脩,1:54.0,1.1/2,46.5,9.0,490(+4),[東] 武市康男,202204020107
10,5,8,スマイルライン,牡4,57.0,西村淳也,1:54.4,2.1/2,12.1,7.0,490(+14),[西] 高野友和,202204020107
11,4,6,ビービーレガロ,セ5,57.0,嶋田純次,1:54.5,1/2,404.9,15.0,522(0),[東] 戸田博文,202204020107
12,8,14,ジャスティンスター,セ4,57.0,ホー,1:54.8,2,156.9,13.0,494(+4),[西] 安田隆行,202204020107
13,6,11,ランスオブウェイブ,牝3,52.0,団野大成,1:55.8,6,9.5,5.0,480(-6),[西] 奥村豊,202204020107
14,3,4,テイエムアラジン,牡3,54.0,国分優作,1:56.4,3.1/2,125.1,12.0,500(-2),[西] 坂口智康,202204020107
15,6,10,アイファーベア,牡4,55.0,藤田菜七,1:57.6,7,268.1,14.0,462(+12),[東] 根本康広,202204020107
1,4,5,ホッコーメヴィウス,セ6,60.0,黒岩悠,3:28.4,,6.0,3.0,468(0),[西] 清水久詞,202204020108
2,7,12,ゼノヴァース,牡5,60.0,森一馬,3:28.5,3/4,2.8,1.0,454(-4),[西] 小林真也,202204020108
3,3,3,ヴァーダイト,牡5,60.0,小牧加矢,3:29.2,4,7.0,4.0,502(+6),[西] 音無秀孝,202204020108
4,7,11,ニューツーリズム,セ6,60.0,伴啓太,3:29.2,クビ,30.3,10.0,492(-8),[東] 黒岩陽一,202204020108
5,1,1,アサクサゲンキ,セ7,60.0,石神深一,3:29.5,1.1/2,10.9,5.0,464(-8),[西] 音無秀孝,202204020108
6,6,10,ワーウルフ,牡5,60.0,西谷誠,3:30.2,4,16.5,7.0,456(+2),[西] 坂口智康,202204020108
7,8,14,ヴァイトブリック,牡6,60.0,蓑島靖典,3:30.7,3,93.6,12.0,516(0),[東] 和田正一,202204020108
8,3,4,マリオ,牡7,60.0,平沢健治,3:31.1,2,23.5,9.0,504(-4),[西] 安達昭夫,202204020108
9,2,2,マイネルグロン,牡4,60.0,草野太郎,3:31.7,3.1/2,67.8,11.0,510(-10),[東] 青木孝文,202204020108
10,6,9,ケイティクレバー,牡7,60.0,北沢伸也,3:33.1,9,4.6,2.0,462(+2),[東] 清水英克,202204020108
11,8,13,トワイライトタイム,牡7,60.0,小野寺祐,3:33.5,2,21.5,8.0,480(+6),[西] 五十嵐忠,202204020108
12,5,8,ザメイダン,牡6,60.0,高田潤,3:34.8,8,15.3,6.0,500(+6),[東] 新開幸一,202204020108
13,5,7,テイエムコンドル,牡11,60.0,大庭和弥,3:38.8,大,140.4,13.0,462(+2),[東] 石栗龍彦,202204020108
14,4,6,シンキングダンサー,セ9,60.0,大江原圭,3:43.7,大,152.7,14.0,468(+4),[東] 武市康男,202204020108
1,8,14,ジャスパーグレイト,牡3,54.0,松若風馬,1:51.4,,3.1,1.0,468(0),[西] 森秀行,202204020109
2,2,2,アンクラウデッド,牡4,57.0,西村淳也,1:52.2,5,31.0,9.0,492(-10),[東] 古賀慎明,202204020109
3,6,11,シゲルバクハツ,牡4,57.0,秋山真一,1:52.2,クビ,9.1,6.0,498(-6),[西] 谷潔,202204020109
4,4,6,プルモナリア,牝4,55.0,三浦皇成,1:52.3,クビ,15.7,7.0,474(+10),[西] 中竹和也,202204020109
5,7,13,ダッシュダクラウン,セ4,57.0,富田暁,1:52.4,1/2,6.5,3.0,454(0),[西] 武英智,202204020109
6,7,12,ラブリークイーン,牝4,55.0,菅原明良,1:52.5,3/4,42.9,10.0,486(+16),[東] 嘉藤貴行,202204020109
7,3,5,ヴィクトリオーソ,牡5,57.0,菊沢一樹,1:52.6,クビ,8.4,5.0,520(+6),[東] 粕谷昌央,202204020109
8,3,4,ナムラゴロフキン,牡5,57.0,幸英明,1:53.1,3,23.3,8.0,508(0),[西] 大橋勇樹,202204020109
9,4,7,ヒッチコック,牡6,57.0,岩田康誠,1:53.3,1.1/2,96.7,12.0,516(+10),[西] 中竹和也,202204020109
10,1,1,タイキフォース,牡4,57.0,ホー,1:53.6,1.1/2,4.6,2.0,492(+10),[西] 牧浦充徳,202204020109
11,5,8,インナーアリュール,牡5,57.0,原優介,1:53.8,1.1/4,161.5,13.0,468(-2),[東] 小桧山悟,202204020109
12,2,3,ヒミノフラッシュ,牡4,57.0,和田竜二,1:53.9,1/2,7.3,4.0,544(+8),[西] 川村禎彦,202204020109
13,5,9,トーセンインパルス,牡4,57.0,石川裕紀,1:54.8,5,84.9,11.0,486(-12),[東] 池上昌和,202204020109
14,8,15,ロジカルガール,牝6,55.0,杉原誠人,1:54.9,1/2,222.8,14.0,490(+12),[東] 大和田成,202204020109
15,6,10,アヴァニイ,牝5,55.0,木幡巧也,1:55.0,1/2,331.8,15.0,500(-4),[東] 加藤征弘,202204020109
1,5,9,ママコチャ,牝3,52.0,松山弘平,1:31.7,,2.6,1.0,482(+12),[西] 池江泰寿,202204020110
2,7,15,ヴァモスロード,牡3,53.0,幸英明,1:32.3,3.1/2,6.8,4.0,514(0),[西] 西園正都,202204020110
3,4,7,チアチアクラシカ,牝5,53.0,吉田豊,1:32.3,クビ,32.3,9.0,510(+10),[東] 西田雄一,202204020110
4,2,3,ルージュラテール,牝3,52.0,坂井瑠星,1:32.5,1,3.4,2.0,486(+8),[西] 矢作芳人,202204020110
5,3,5,ジュリアバローズ,牝4,53.0,福永祐一,1:32.5,クビ,6.8,3.0,436(+4),[東] 堀宣行,202204020110
6,2,4,ショーヒデキラ,牡6,55.0,津村明秀,1:32.6,クビ,153.7,16.0,488(-4),[東] 鈴木伸尋,202204020110
7,1,1,アップストリーム,牝4,53.0,石川裕紀,1:32.6,アタマ,23.2,7.0,470(0),[東] 手塚貴久,202204020110
8,7,13,ヤマニンガラッシア,牡5,54.0,ホー,1:32.7,1,102.2,13.0,448(+2),[東] 辻哲英,202204020110
9,6,11,フォティノース,牝4,52.0,高倉稜,1:33.0,1.1/2,22.8,6.0,442(+4),[西] 杉山晴紀,202204020110
10,4,8,アオイモエ,牝3,51.0,菅原明良,1:33.2,1.1/2,21.6,5.0,396(-6),[東] 中舘英二,202204020110
11,1,2,サヴァイヴ,牡5,54.0,亀田温心,1:33.4,1,287.4,18.0,476(+8),[西] 清水久詞,202204020110
12,6,12,ジャンカズマ,牡4,54.0,横山典弘,1:33.4,アタマ,124.7,15.0,468(+4),[西] 安田翔伍,202204020110
13,7,14,アルディテッツァ,牡6,53.0,三浦皇成,1:33.5,3/4,118.5,14.0,496(0),[西] 橋口慎介,202204020110
14,8,17,アトミカ,牝7,52.0,今村聖奈,1:33.6,クビ,70.1,11.0,442(-6),[西] 笹田和秀,202204020110
15,8,16,アンセーニュ,牝4,52.0,戸崎圭太,1:33.8,1.1/2,97.7,12.0,416(-4),[西] 奥村豊,202204020110
16,5,10,ニシノオイカゼ,牡4,54.0,内田博幸,1:34.0,1.1/4,236.7,17.0,460(-8),[東] 武市康男,202204020110
17,8,18,ジュノー,牡4,55.0,松若風馬,1:34.2,3/4,32.0,8.0,534(+2),[西] 音無秀孝,202204020110
18,3,6,マイネルダグラス,牡4,54.0,Ｍ．デム,1:34.3,1/2,32.6,10.0,496(-8),[東] 相沢郁,202204020110
1,4,8,イクスプロージョン,牡4,56.0,和田竜二,1:44.8,,7.9,3.0,474(+4),[西] 杉山晴紀,202204020111
2,5,10,キングストンボーイ,牡4,56.0,戸崎圭太,1:44.8,ハナ,8.2,4.0,502(0),[東] 鹿戸雄一,202204020111
3,8,16,グラティアス,牡4,56.0,松山弘平,1:44.8,アタマ,11.6,5.0,498(+6),[東] 宮田敬介,202204020111
4,3,6,クールキャット,牝4,55.0,団野大成,1:45.0,1,25.7,7.0,532(+7),[東] 奥村武,202204020111
5,1,1,ホウオウイクセル,牝4,55.0,石橋脩,1:45.2,1,87.0,12.0,444(+16),[東] 高柳瑞樹,202204020111
6,3,5,レッドサイオン,セ6,56.0,石川裕紀,1:45.3,3/4,237.3,18.0,442(+4),[東] 蛯名正義,202204020111
7,2,3,ダノンマジェスティ,牡7,56.0,岩田望来,1:45.3,アタマ,32.8,8.0,492(0),[西] 音無秀孝,202204020111
8,7,15,ヤマニンサンパ,牡4,56.0,川田将雅,1:45.3,アタマ,3.8,2.0,472(0),[西] 斉藤崇史,202204020111
9,2,4,コスモカレンドゥラ,牡6,56.0,坂井瑠星,1:45.4,クビ,234.9,17.0,466(-12),[東] 田中博康,202204020111
10,1,2,レッドフラヴィア,牝5,54.0,津村明秀,1:45.4,ハナ,70.0,11.0,518(+10),[西] 平田修,202204020111
11,8,17,モンブランテソーロ,牡6,56.0,菅原明良,1:45.5,1/2,13.9,6.0,484(0),[東] 田中博康,202204020111
12,6,12,プレシャスブルー,牡8,56.0,Ｍ．デム,1:45.5,クビ,65.1,10.0,434(-10),[東] 相沢郁,202204020111
13,7,13,ナイママ,牡6,56.0,柴田大知,1:45.6,1/2,213.6,16.0,494(+16),[東] 武藤善則,202204020111
14,8,18,ヴァンランディ,牡6,56.0,杉原誠人,1:45.6,ハナ,140.2,14.0,466(-6),[東] 武井亮,202204020111
15,7,14,アスコルターレ,牡4,56.0,北村友一,1:45.9,1.3/4,100.1,13.0,450(+8),[西] 西村真幸,202204020111
16,5,9,プライドランド,牡6,56.0,ホー,1:46.3,2.1/2,36.4,9.0,472(0),[西] 高野友和,202204020111
17,4,7,ウインアグライア,牝4,54.0,武藤雅,1:46.6,1.3/4,178.9,15.0,480(+2),[東] 和田雄二,202204020111
中,6,11,グレートマジシャン,牡4,56.0,福永祐一,,,2.4,1.0,490(+12),[東] 宮田敬介,202204020111
1,8,17,カゼノタニノアヤカ,牝5,55.0,ホー,0:55.1,,3.9,2.0,440(+4),[西] 安田隆行,202204020112
2,7,14,インプロバイザー,牡3,54.0,松山弘平,0:55.2,3/4,2.5,1.0,466(0),[西] 音無秀孝,202204020112
3,8,16,ルドラクシャ,牝5,52.0,原優介,0:55.2,ハナ,18.3,6.0,466(0),[東] 松山将樹,202204020112
4,1,1,ケイティレインボー,牡3,54.0,城戸義政,0:55.3,クビ,39.1,9.0,474(+10),[西] 杉山佳明,202204020112
5,8,18,サンライズシューズ,牝4,53.0,小沢大仁,0:55.4,1/2,11.2,4.0,460(+4),[西] 牧浦充徳,202204020112
6,6,12,フタミジョウワ,牝3,52.0,野中悠太,0:55.5,3/4,113.3,14.0,452(-2),[東] 根本康広,202204020112
7,7,15,ティフォーザ,牝4,52.0,角田大河,0:55.6,3/4,20.6,7.0,438(0),[西] 安田隆行,202204020112
8,2,3,ファイティング,セ5,57.0,岩部純二,0:55.7,1/2,302.1,18.0,490(+6),[東] 石毛善彦,202204020112
9,1,2,ディアナグラン,牝4,55.0,西村太一,0:55.8,1/2,53.2,11.0,480(-2),[東] 大竹正博,202204020112
10,2,4,セルレア,牝5,51.0,永島まな,0:55.9,1/2,41.3,10.0,456(+2),[東] 深山雅史,202204020112
11,5,10,スラーリドラーテ,牝5,53.0,藤田菜七,0:56.0,3/4,120.0,15.0,468(+2),[東] 小島茂之,202204020112
12,5,9,ホーキーポーキー,牝4,55.0,嶋田純次,0:56.2,1.1/2,54.7,12.0,456(+8),[東] 武市康男,202204020112
13,3,5,キャンディフロス,牝5,53.0,松本大輝,0:56.2,ハナ,97.3,13.0,494(+8),[東] 黒岩陽一,202204020112
14,3,6,アクイール,牝4,55.0,団野大成,0:56.3,クビ,140.5,16.0,468(-4),[西] 高橋康之,202204020112
15,6,11,ハクサンタマテバコ,牝4,55.0,武藤雅,0:56.3,クビ,5.6,3.0,444(+10),[東] 武藤善則,202204020112
16,4,7,テセウス,牡4,57.0,杉原誠人,0:56.3,アタマ,38.3,8.0,442(-2),[東] 奥平雅士,202204020112
17,4,8,リュッカ,牝5,55.0,津村明秀,0:56.7,2,13.6,5.0,414(-4),[東] 鈴木伸尋,202204020112
18,7,13,クワトロチェント,牡5,54.0,水沼元輝,0:57.3,3.1/2,277.2,17.0,500(-5),[東] 加藤和宏,202204020112
1,7,10,スクーバー,牡2,54.0,岩田望来,1:11.0,,6.2,3.0,474(-10),[東] 武藤善則,202204020201
2,3,3,トモジャミ,牝2,54.0,津村明秀,1:12.1,7,1.9,1.0,494(-4),[東] 鈴木伸尋,202204020201
3,5,6,キスウマイ,牡2,54.0,藤懸貴志,1:13.1,6,182.8,12.0,470(-2),[西] 松永幹夫,202204020201
4,7,11,ワクワクルンルン,牝2,54.0,柴田大知,1:13.2,1,35.2,8.0,450(0),[東] 畠山吉宏,202204020201
5,5,7,ヴァルダリス,牝2,54.0,幸英明,1:13.3,1/2,10.9,4.0,424(+2),[西] 杉山佳明,202204020201
6,4,4,セイウンミライズ,牡2,54.0,野中悠太,1:13.4,クビ,129.7,11.0,456(-2),[東] 奥平雅士,202204020201
7,1,1,ウィルオブラガー,牡2,54.0,石橋脩,1:13.8,2.1/2,13.8,5.0,492(+2),[西] 清水久詞,202204020201
8,6,8,マイネルフォーコン,牡2,54.0,和田竜二,1:13.9,1,28.2,7.0,466(+14),[西] 五十嵐忠,202204020201
9,8,13,ストリートジャガー,牡2,54.0,石川裕紀,1:13.9,ハナ,44.6,9.0,478(-4),[東] 松山将樹,202204020201
10,2,2,マリノペガサス,牝2,51.0,原優介,1:14.0,クビ,125.9,10.0,442(+6),[東] 松永康利,202204020201
11,4,5,ハンデンメシアー,牡2,54.0,木幡巧也,1:14.2,1.1/4,215.6,13.0,490(+2),[東] 土田稔,202204020201
12,6,9,ゲッティン,牝2,50.0,今村聖奈,1:14.4,1.1/4,16.6,6.0,474(0),[東] 加藤征弘,202204020201
13,8,12,シナロアテソーロ,牝2,54.0,松山弘平,1:14.5,クビ,5.8,2.0,434(-8),[東] 奥平雅士,202204020201
1,2,2,サトノヴィレ,牡2,54.0,三浦皇成,1:34.4,,3.0,2.0,486(-2),[東] 鹿戸雄一,202204020202
2,5,5,ケイティベガ,牝2,50.0,永島まな,1:34.6,1.1/4,63.4,6.0,396(+2),[西] 村山明,202204020202
3,1,1,タイセイサンダー,牡2,54.0,Ｍ．デム,1:35.0,2.1/2,4.0,3.0,446(+6),[東] 高橋裕,202204020202
4,3,3,レゾルシオン,牡2,54.0,松山弘平,1:35.3,1.3/4,1.8,1.0,468(+4),[西] 鈴木孝志,202204020202
5,4,4,マロンアルジャン,牝2,54.0,岩田望来,1:35.6,1.3/4,20.0,4.0,438(-6),[西] 牧田和弥,202204020202
6,6,6,ヨロ,牡2,54.0,杉原誠人,1:36.2,4,56.3,5.0,484(+2),[東] 大和田成,202204020202
1,6,10,ソリダリティ,牡3,56.0,川田将雅,1:53.7,,2.6,1.0,502(0),[西] 中内田充,202204020203
2,5,8,アダマスミノル,牡3,56.0,藤岡康太,1:54.2,3,7.3,3.0,484(+2),[西] 北出成人,202204020203
3,8,14,アークデトリオンフ,牡3,52.0,永島まな,1:54.4,1.1/4,15.9,5.0,484(-4),[西] 角田晃一,202204020203
4,2,2,コウソクブラック,牡3,56.0,松山弘平,1:54.9,3,2.8,2.0,502(+10),[東] 中舘英二,202204020203
5,7,13,ハッピーバレー,牝3,50.0,今村聖奈,1:55.1,1.1/2,12.0,4.0,454(+4),[東] 手塚貴久,202204020203
6,1,1,ビタースマイル,牝3,54.0,石川裕紀,1:55.2,1/2,47.9,10.0,434(-2),[東] 相沢郁,202204020203
7,3,4,エスグラシア,牝3,54.0,坂井瑠星,1:55.5,2,16.7,7.0,446(0),[西] 吉村圭司,202204020203
8,6,11,サトノジーク,牡3,56.0,北村友一,1:55.9,2,23.3,8.0,476(-6),[西] 安田隆行,202204020203
9,3,5,ブレーヴジャーニー,セ3,56.0,西村淳也,1:57.0,7,42.0,9.0,450(-22),[東] 古賀慎明,202204020203
10,4,6,シュヴァーン,牡3,56.0,木幡巧也,1:57.1,1/2,224.6,15.0,494(-4),[東] 松山将樹,202204020203
11,5,9,アポロリップ,牝3,54.0,菊沢一樹,1:57.3,1,181.3,14.0,496(-14),[東] 岩戸孝樹,202204020203
12,8,15,メイショウオリジン,牝3,52.0,小沢大仁,1:57.4,1/2,153.9,12.0,480(+10),[西] 松永昌博,202204020203
13,4,7,チャメドレア,牝3,54.0,菅原明良,1:57.9,3,16.0,6.0,460(+4),[東] 高木登,202204020203
14,7,12,オセアブライト,牡3,56.0,野中悠太,1:58.7,5,107.4,11.0,460(+10),[東] 菊川正達,202204020203
15,2,3,ハートビートロック,牡3,53.0,角田大河,1:59.4,4,154.5,13.0,524(0),[西] 高橋義忠,202204020203
1,5,10,ファベル,牡3,56.0,福永祐一,2:13.1,,2.4,1.0,434(+2),[西] 友道康夫,202204020204
2,5,9,ストライクファイア,牡3,56.0,岩田望来,2:13.3,1.1/2,17.3,8.0,456(0),[西] 中内田充,202204020204
3,3,6,キーワード,セ3,56.0,菅原明良,2:13.6,1.1/2,6.8,3.0,468(0),[東] 栗田徹,202204020204
4,6,11,ヴァイオルナ,牝3,54.0,吉田豊,2:13.6,クビ,13.5,6.0,406(+2),[東] 中川公成,202204020204
5,2,4,ラスティンボーイ,牡3,56.0,木幡巧也,2:13.7,クビ,92.4,12.0,452(0),[東] 勢司和浩,202204020204
6,1,1,ヴァンシャンテ,牝3,50.0,今村聖奈,2:13.7,ハナ,12.2,5.0,420(+2),[東] 武井亮,202204020204
7,2,3,ダノンマイソウル,牡3,56.0,坂井瑠星,2:13.7,クビ,5.7,2.0,522(-4),[西] 矢作芳人,202204020204
8,7,15,フォーユーランラン,牝3,52.0,小林脩斗,2:13.8,1/2,127.3,14.0,428(+4),[東] 粕谷昌央,202204020204
9,7,14,ルージュヴェルダ,牝3,52.0,松本大輝,2:14.3,3,71.7,11.0,488(+10),[西] 松下武士,202204020204
10,4,8,コスモダークナイト,牡3,56.0,柴田大知,2:14.3,クビ,157.2,15.0,488(-7),[東] 鹿戸雄一,202204020204
11,8,17,プリマヴィータ,牝3,52.0,小沢大仁,2:14.4,クビ,41.5,10.0,426(-6),[西] 森田直行,202204020204
12,6,12,マルターズデイ,牡3,56.0,三浦皇成,2:14.5,3/4,8.1,4.0,502(+4),[東] 西田雄一,202204020204
13,3,5,ライトストリーム,牝3,54.0,西村淳也,2:14.6,1/2,26.6,9.0,468(+4),[西] 坂口智康,202204020204
14,7,13,ビートザレコード,牡3,56.0,幸英明,2:14.6,クビ,104.3,13.0,464(+2),[東] 戸田博文,202204020204
15,4,7,ピエドラデルーナ,牝3,54.0,ホー,2:14.8,1.1/4,14.0,7.0,506(0),[西] 清水久詞,202204020204
16,8,18,テイエムクロマル,牡3,53.0,原優介,2:15.1,1.3/4,280.6,17.0,476(+6),[東] 石栗龍彦,202204020204
17,1,2,ホーネット,牡3,53.0,佐々木大,2:15.5,2.1/2,413.4,18.0,422(+2),[東] 石毛善彦,202204020204
18,8,16,ヤマニンドールアイ,牝3,54.0,城戸義政,2:16.6,7,212.1,16.0,456(+2),[西] 奥村豊,202204020204
1,5,5,ダノントルネード,牡2,54.0,川田将雅,1:50.6,,4.4,2.0,500(0),[西] 中内田充,202204020205
2,4,4,シャザーン,牡2,54.0,福永祐一,1:50.6,ハナ,2.5,1.0,478(0),[西] 友道康夫,202204020205
3,7,8,ラスハンメル,牡2,54.0,藤岡康太,1:50.8,1.1/2,4.5,3.0,516(0),[西] 松永幹夫,202204020205
4,7,7,シーズンリッチ,牡2,54.0,戸崎圭太,1:50.9,クビ,7.5,4.0,502(0),[東] 久保田貴,202204020205
5,6,6,ウインオーディン,牡2,54.0,三浦皇成,1:51.0,1/2,14.8,6.0,458(0),[東] 鹿戸雄一,202204020205
6,1,1,ガルムキャット,牡2,54.0,松山弘平,1:51.0,クビ,13.7,5.0,418(0),[西] 安田隆行,202204020205
7,8,9,タイキクラージュ,牡2,54.0,幸英明,1:52.1,7,125.2,10.0,442(0),[西] 谷潔,202204020205
8,8,10,ショウナンガチャ,牡2,54.0,菅原明良,1:52.5,2.1/2,33.4,7.0,488(0),[東] 嘉藤貴行,202204020205
9,2,2,コスモバイオレット,牝2,54.0,柴田大知,1:52.8,1.3/4,60.0,9.0,436(0),[東] 高木登,202204020205
10,3,3,スマッシュキング,牡2,54.0,Ｍ．デム,1:53.0,1.1/4,36.4,8.0,476(0),[東] 奥村武,202204020205
1,4,7,フルメタルボディー,牡2,54.0,三浦皇成,1:22.5,,4.0,2.0,490(0),[西] 清水久詞,202204020206
2,3,6,マジカルガール,牝2,54.0,杉原誠人,1:22.6,1/2,6.3,3.0,406(0),[東] 嘉藤貴行,202204020206
3,8,16,キガン,牝2,54.0,菅原明良,1:22.6,クビ,8.8,5.0,472(0),[東] 小島茂之,202204020206
4,5,10,ディナトセレーネ,牝2,54.0,Ｍ．デム,1:22.6,アタマ,3.0,1.0,446(0),[東] 尾関知人,202204020206
5,6,12,ジュンフシナ,牡2,54.0,岩田望来,1:22.8,3/4,33.7,8.0,474(0),[東] 中舘英二,202204020206
6,3,5,イースターエッグ,牝2,51.0,原優介,1:22.8,クビ,41.0,10.0,418(0),[東] 加藤和宏,202204020206
7,7,13,アイサマン,牝2,54.0,藤岡康太,1:22.9,クビ,7.6,4.0,426(0),[西] 藤岡健一,202204020206
8,4,8,サッチモ,牝2,54.0,松若風馬,1:22.9,クビ,29.6,7.0,406(0),[東] 佐藤吉勝,202204020206
9,1,2,ヒャクマンボルト,牡2,54.0,石橋脩,1:23.4,3,16.7,6.0,476(0),[東] 武市康男,202204020206
10,2,4,ヴァーナルブルーム,牝2,54.0,津村明秀,1:23.6,1.1/4,40.5,9.0,418(0),[東] 林徹,202204020206
11,7,14,アヴェッリーノ,牡2,54.0,内田博幸,1:24.6,6,142.8,13.0,472(0),[東] 的場均,202204020206
12,1,1,トレジャートレイル,牡2,54.0,石川裕紀,1:26.6,大,78.8,12.0,456(0),[東] 伊坂重信,202204020206
13,5,9,タイムアンドタイド,牡2,54.0,和田竜二,1:27.4,5,63.7,11.0,498(0),[東] 池上昌和,202204020206
中,2,3,ホバーコルテ,牝2,54.0,嶋田純次,,,198.2,14.0,432(0),[東] 新開幸一,202204020206
取,6,11,ウィズザドリーム,牡2,54.0,松山弘平,,,---,,計不,[西] 高野友和,202204020206
取,8,15,エメイヴェイモン,牝2,54.0,福永祐一,,,---,,計不,[西] 中竹和也,202204020206
1,5,8,シャドウアイル,牡3,56.0,岩田望来,1:53.2,,3.3,1.0,472(+4),[西] 斉藤崇史,202204020207
2,4,6,サクラトップラン,牝3,54.0,北村友一,1:53.4,1.1/4,13.9,6.0,438(0),[西] 中尾秀正,202204020207
3,2,3,アルファカリーナ,牝3,54.0,坂井瑠星,1:53.7,1.3/4,4.5,3.0,426(-2),[西] 池添学,202204020207
4,6,11,ドリームビリーバー,牡3,56.0,吉田豊,1:53.8,1/2,9.5,4.0,446(-6),[東] 戸田博文,202204020207
5,5,9,ミニョンルミエール,牝3,54.0,Ｍ．デム,1:54.0,1.1/4,4.0,2.0,432(-2),[東] 和田雄二,202204020207
6,1,1,ワンダージュノ,牡3,56.0,幸英明,1:54.4,2.1/2,154.4,13.0,492(-2),[西] 森田直行,202204020207
7,8,15,テリオスリノ,牝3,51.0,角田大河,1:54.5,3/4,11.6,5.0,444(+10),[西] 松下武士,202204020207
8,8,14,ジェノバフレイバー,牡3,53.0,原優介,1:55.7,7,169.9,14.0,464(-10),[東] 松永康利,202204020207
9,7,12,サンライズアトム,牝3,54.0,菊沢一樹,1:55.8,1/2,88.3,11.0,464(+4),[東] 勢司和浩,202204020207
10,4,7,チャーミーアイズ,牝3,54.0,藤懸貴志,1:56.2,2.1/2,222.4,15.0,422(-8),[西] 羽月友彦,202204020207
11,3,5,ドレミフォン,牝3,54.0,嶋田純次,1:57.6,8,108.4,12.0,462(+18),[東] 手塚貴久,202204020207
12,2,2,ロデム,牡3,56.0,柴田大知,1:57.6,クビ,28.2,9.0,466(-2),[東] 佐藤吉勝,202204020207
13,6,10,ソルトグリーン,セ3,56.0,松山弘平,1:57.6,ハナ,16.7,8.0,488(0),[西] 武英智,202204020207
14,7,13,タマモワカムシャ,セ3,56.0,国分恭介,1:58.1,3,34.8,10.0,456(+2),[西] 五十嵐忠,202204020207
中,3,4,タービンホール,牡3,56.0,西村淳也,,,16.6,7.0,478(-4),[東] 竹内正洋,202204020207
1,2,3,キッショウ,牝3,49.0,今村聖奈,1:10.5,,12.1,5.0,420(+6),[西] 奥村豊,202204020208
2,1,1,メイショウヒヅクリ,牝3,49.0,角田大河,1:10.6,クビ,6.1,3.0,474(+6),[西] 角田晃一,202204020208
3,7,12,キュートヴィラン,牝3,52.0,岩田望来,1:10.7,3/4,2.7,1.0,478(+30),[西] 四位洋文,202204020208
4,6,11,ティントリップ,牝3,52.0,松若風馬,1:10.9,1.1/4,6.5,4.0,490(+14),[西] 杉山晴紀,202204020208
5,3,5,スキャッターシード,牝4,55.0,石川裕紀,1:11.2,1.3/4,3.9,2.0,550(-4),[東] 斎藤誠,202204020208
6,6,10,ネイチャーカレン,牡5,57.0,野中悠太,1:12.0,5,75.6,12.0,472(-8),[東] 根本康広,202204020208
7,8,14,アポロルタ,牝3,52.0,吉田豊,1:12.0,クビ,30.3,8.0,424(-8),[東] 中舘英二,202204020208
8,5,9,マルティウス,牡4,55.0,松本大輝,1:12.1,1/2,212.8,14.0,470(+6),[東] 鈴木伸尋,202204020208
9,5,8,ギャラントマナー,牡4,57.0,柴田善臣,1:12.5,2.1/2,33.4,9.0,556(+24),[東] 蛯名正義,202204020208
10,4,7,リッキーヤスオカ,牡3,54.0,坂井瑠星,1:12.6,クビ,19.9,7.0,502(+4),[西] 小崎憲,202204020208
11,7,13,ボレロ,牝4,55.0,Ｍ．デム,1:12.8,1.1/2,53.6,10.0,480(+16),[東] 矢野英一,202204020208
12,8,15,ニホンピロラブリー,牝4,55.0,高倉稜,1:13.0,3/4,305.3,15.0,474(-3),[西] 服部利之,202204020208
13,3,4,メイショウワダマ,牝5,55.0,田中健,1:13.1,3/4,187.0,13.0,472(+14),[西] 石橋守,202204020208
14,4,6,スカイトライア,牡4,57.0,松山弘平,1:13.3,1.1/4,14.2,6.0,510(+6),[東] 黒岩陽一,202204020208
15,2,2,キフジンノドレス,牝4,53.0,小林脩斗,1:14.9,10,69.7,11.0,498(+7),[東] 小島茂之,202204020208
1,8,16,ジュンブロッサム,牡3,54.0,川田将雅,1:44.1,,1.7,1.0,460(-6),[西] 友道康夫,202204020209
2,1,2,ケイアイセナ,牡3,54.0,富田暁,1:44.3,1.1/2,9.3,3.0,474(+2),[西] 平田修,202204020209
3,2,4,トゥデイイズザデイ,牡3,54.0,福永祐一,1:44.4,1/2,4.7,2.0,454(0),[西] 池江泰寿,202204020209
4,6,11,エバーシャドネー,牝3,52.0,吉田豊,1:44.9,3,11.8,4.0,454(-4),[西] 藤岡健一,202204020209
5,3,5,デコラシオン,牡3,54.0,菅原明良,1:45.0,クビ,16.3,7.0,500(+2),[東] 高木登,202204020209
6,4,7,エルモドーロ,牡4,57.0,坂井瑠星,1:45.3,2,54.4,8.0,452(-4),[西] 矢作芳人,202204020209
7,3,6,サク,牝3,52.0,幸英明,1:45.6,1.1/2,96.6,10.0,448(-4),[西] 北出成人,202204020209
8,2,3,キングインパクト,牡5,57.0,岩田望来,1:45.7,3/4,138.0,13.0,492(-4),[西] 藤原英昭,202204020209
9,7,13,セラフィナイト,牡4,57.0,戸崎圭太,1:45.8,3/4,14.1,6.0,444(0),[東] 宮田敬介,202204020209
10,1,1,トーセンクライマー,牡4,57.0,和田竜二,1:45.9,クビ,143.4,14.0,464(0),[東] 加藤征弘,202204020209
11,8,17,ソバナ,牝3,52.0,松山弘平,1:46.3,2.1/2,13.2,5.0,440(-2),[東] 斎藤誠,202204020209
12,8,15,シャドウエリス,牝4,55.0,津村明秀,1:46.6,1.1/2,134.6,12.0,456(+2),[東] 金成貴史,202204020209
13,5,10,マテンロウスタイル,牡4,57.0,横山典弘,1:46.6,クビ,70.3,9.0,520(+16),[西] 昆貢,202204020209
14,4,8,モンストルシチー,牡4,57.0,亀田温心,1:46.6,クビ,302.8,16.0,456(+8),[西] 北出成人,202204020209
15,6,12,ロードトランス,牡4,57.0,ホー,1:47.7,7,133.3,11.0,492(+14),[西] 安田翔伍,202204020209
16,7,14,アルマイナンナ,牝5,55.0,岩田康誠,1:47.8,クビ,206.2,15.0,450(0),[東] 高橋文雅,202204020209
17,5,9,マーベラスアゲン,牡6,57.0,水沼元輝,1:47.8,クビ,341.5,17.0,466(-4),[東] 加藤和宏,202204020209
1,8,10,カントル,牡6,57.0,岩田望来,1:58.1,,21.2,6.0,478(+4),[西] 藤原英昭,202204020210
2,6,7,ノースザワールド,牡4,57.0,坂井瑠星,1:58.1,ハナ,3.9,2.0,468(-8),[西] 大久保龍,202204020210
3,3,3,ククナ,牝4,55.0,福永祐一,1:58.3,1,2.7,1.0,462(-2),[東] 栗田徹,202204020210
4,7,9,ダノンレガーロ,牡5,57.0,川田将雅,1:58.4,1/2,4.2,3.0,472(+14),[西] 中内田充,202204020210
5,4,4,フェアリーグルーヴ,牝5,55.0,団野大成,1:58.7,2,117.2,10.0,452(-2),[東] 高橋文雅,202204020210
6,2,2,ピュアブレンド,牝5,55.0,石橋脩,1:58.9,1.1/4,9.4,5.0,496(0),[東] 中川公成,202204020210
7,8,11,クロワドフェール,牝5,55.0,ホー,1:58.9,クビ,34.9,8.0,474(+14),[西] 斉藤崇史,202204020210
8,1,1,ヤマニンマヒア,牡6,57.0,津村明秀,1:58.9,アタマ,83.3,9.0,456(-2),[東] 辻哲英,202204020210
9,5,5,ナリノモンターニュ,牡5,57.0,吉田豊,1:59.0,クビ,146.0,11.0,500(-14),[東] 上原博之,202204020210
10,6,6,レッドアルマーダ,セ6,57.0,杉原誠人,1:59.2,1.1/4,34.2,7.0,534(-6),[東] 蛯名正義,202204020210
11,7,8,ロールオブサンダー,牡5,57.0,戸崎圭太,1:59.4,1.1/4,6.4,4.0,512(+16),[西] 橋口慎介,202204020210
1,8,16,ビリーバー,牝7,54.0,杉原誠人,0:54.4,,17.3,7.0,462(-2),[東] 石毛善彦,202204020211
2,8,17,シンシティ,牝5,54.0,富田暁,0:54.5,1,5.0,2.0,482(+6),[西] 木原一良,202204020211
3,3,5,ロードベイリーフ,牡5,56.0,西村淳也,0:54.6,1/2,70.5,14.0,480(+2),[西] 森田直行,202204020211
4,8,18,レジェーロ,牝5,54.0,団野大成,0:54.7,クビ,113.4,16.0,424(+2),[西] 西村真幸,202204020211
5,2,4,スティクス,牝4,54.0,藤田菜七,0:55.0,1.3/4,57.5,13.0,496(0),[西] 武幸四郎,202204020211
6,2,3,オールアットワンス,牝4,54.0,石川裕紀,0:55.0,ハナ,20.3,8.0,456(0),[東] 中舘英二,202204020211
7,3,6,マリアズハート,牝6,55.0,菊沢一樹,0:55.0,クビ,10.3,5.0,514(+14),[東] 菊沢隆徳,202204020211
8,4,8,マウンテンムスメ,牝4,54.0,Ｍ．デム,0:55.1,1/2,15.7,6.0,460(0),[東] 中野栄治,202204020211
9,7,13,ヴェントヴォーチェ,牡5,56.0,福永祐一,0:55.2,クビ,2.9,1.0,516(-2),[西] 牧浦充徳,202204020211
10,1,1,ライオンボス,牡7,58.0,坂井瑠星,0:55.2,ハナ,22.6,9.0,534(-10),[東] 和田正一,202204020211
11,6,12,トキメキ,牝5,54.0,松山弘平,0:55.2,クビ,6.8,3.0,516(0),[東] 斎藤誠,202204020211
12,4,7,キタイ,牝6,54.0,木幡巧也,0:55.5,1.3/4,196.3,17.0,510(+8),[東] 杉浦宏昭,202204020211
13,5,10,ジュニパーベリー,牝5,54.0,嶋田純次,0:55.7,1.1/4,40.1,12.0,478(0),[東] 手塚貴久,202204020211
14,5,9,パーティナシティ,牡6,56.0,岩田望来,0:55.8,3/4,90.4,15.0,510(-6),[西] 高橋義忠,202204020211
15,7,14,オヌシナニモノ,牡5,56.0,今村聖奈,0:55.8,アタマ,29.6,11.0,472(-4),[西] 高橋義忠,202204020211
16,7,15,クリスティ,牝5,54.0,松若風馬,0:55.9,アタマ,28.7,10.0,480(-12),[西] 杉山晴紀,202204020211
17,6,11,アヌラーダプラ,牝5,54.0,ホー,0:55.9,クビ,9.8,4.0,480(-4),[東] 萩原清,202204020211
18,1,2,トウショウピスト,牡10,56.0,江田照男,0:56.2,1.1/2,293.3,18.0,482(+2),[東] 土田稔,202204020211
1,3,4,ヴァガボンド,牡4,57.0,岩田望来,1:11.2,,6.1,2.0,490(+22),[西] 清水久詞,202204020212
2,4,6,サウスジェラート,牝4,55.0,三浦皇成,1:11.7,3,12.4,4.0,484(+1),[東] 伊坂重信,202204020212
3,8,15,チャロアイト,牝5,55.0,戸崎圭太,1:11.7,クビ,6.9,3.0,502(+8),[東] 池上昌和,202204020212
4,5,8,ゴールドクロス,牡7,57.0,津村明秀,1:11.8,3/4,23.7,8.0,496(+2),[東] 小西一男,202204020212
5,4,7,コンクパール,牝3,52.0,福永祐一,1:12.0,3/4,1.9,1.0,494(+8),[西] 中竹和也,202204020212
6,5,9,ネヴァタップアウト,牡5,57.0,菅原明良,1:12.1,3/4,35.2,9.0,528(-2),[東] 鈴木伸尋,202204020212
7,2,2,レーヴリアン,牝4,52.0,服部寿希,1:12.1,ハナ,51.1,11.0,492(+10),[西] 杉山晴紀,202204020212
8,1,1,ディオスクーロイ,牡4,57.0,川須栄彦,1:12.2,3/4,20.8,7.0,490(+14),[西] 松下武士,202204020212
9,2,3,アイルビーザワン,セ4,55.0,松本大輝,1:12.4,1.1/4,15.8,6.0,480(0),[東] 田島俊明,202204020212
10,7,12,デルマクリスタル,牝5,55.0,菊沢一樹,1:12.5,クビ,92.2,14.0,472(+4),[東] 堀内岳志,202204020212
11,6,10,ロゼキルシュ,牝5,51.0,永島まな,1:12.7,1.1/4,14.2,5.0,496(+10),[西] 杉山晴紀,202204020212
12,6,11,クープドクール,牝4,55.0,坂井瑠星,1:12.7,クビ,36.2,10.0,464(-8),[西] 高橋義忠,202204020212
13,3,5,ホウオウモントレー,牝6,55.0,石川裕紀,1:12.9,1.1/4,66.5,13.0,516(-6),[東] 矢野英一,202204020212
14,8,14,セントクリーガー,牝5,55.0,西村淳也,1:13.0,3/4,125.7,15.0,512(+10),[東] 天間昭一,202204020212
15,7,13,ストリートピアノ,牝5,55.0,江田照男,1:13.0,アタマ,62.3,12.0,476(+10),[東] 武藤善則,202204020212
1,8,9,サイブレーカー,牡2,54.0,菅原明良,2:01.6,,1.9,1.0,414(-4),[東] 武井亮,202204020301
2,7,7,ラフィーニ,牝2,54.0,丸田恭介,2:01.8,1,19.5,4.0,488(0),[東] 宗像義忠,202204020301
3,5,5,サスケ,牡2,54.0,福永祐一,2:02.2,2.1/2,3.1,2.0,438(-2),[西] 西村真幸,202204020301
4,1,1,ニシノライコウ,牡2,54.0,内田博幸,2:02.4,1.1/4,73.5,7.0,478(+2),[東] 古賀慎明,202204020301
5,6,6,シリンガバルガリス,牡2,54.0,松山弘平,2:02.9,3,5.1,3.0,470(-8),[西] 松永幹夫,202204020301
6,3,3,コスモオピニオン,牡2,54.0,戸崎圭太,2:02.9,ハナ,29.7,6.0,464(+2),[東] 黒岩陽一,202204020301
7,4,4,クレアチョウサン,牝2,54.0,石川裕紀,2:03.6,4,22.3,5.0,476(0),[東] 石毛善彦,202204020301
8,8,8,アギレラビーム,牝2,51.0,原優介,2:04.1,3,189.0,8.0,442(+6),[東] 加藤和宏,202204020301
9,2,2,アクラシア,牡2,54.0,杉原誠人,2:04.5,2.1/2,211.2,9.0,470(0),[東] 高橋文雅,202204020301
1,8,14,クリーンジーニアス,牝3,54.0,団野大成,1:11.1,,2.3,1.0,454(+2),[西] 荒川義之,202204020302
2,1,1,セオリーリターン,牝3,54.0,幸英明,1:11.9,5,7.3,4.0,452(0),[東] 水野貴広,202204020302
3,8,15,ラッキーガブリエル,牝3,54.0,菅原明良,1:11.9,クビ,6.2,3.0,468(-4),[東] 高木登,202204020302
4,7,13,ミティエラ,牝3,54.0,藤岡康太,1:12.1,1.1/4,12.0,5.0,500(+4),[西] 上村洋行,202204020302
5,2,2,レオミネルバ,牝3,54.0,石橋脩,1:12.4,2,13.1,7.0,478(0),[東] 牧光二,202204020302
6,4,6,ミルヒシュトラーセ,牝3,54.0,松山弘平,1:12.8,2.1/2,4.7,2.0,464(+2),[西] 斉藤崇史,202204020302
7,6,11,アドマイヤザルミナ,牝3,54.0,福永祐一,1:13.0,1,23.6,8.0,456(+10),[東] 加藤征弘,202204020302
8,7,12,フロールシュタット,牡3,56.0,和田竜二,1:13.0,ハナ,95.3,9.0,464(+6),[東] 戸田博文,202204020302
9,4,7,セイタード,牡3,52.0,今村聖奈,1:13.0,クビ,12.3,6.0,452(-2),[東] 伊坂重信,202204020302
10,2,3,メジャーアドバンス,セ3,54.0,松本大輝,1:13.2,1.1/4,193.9,12.0,486(-4),[西] 斉藤崇史,202204020302
11,3,5,サンライズコブラ,牡3,56.0,藤懸貴志,1:13.7,3,197.2,13.0,472(-6),[西] 平田修,202204020302
12,3,4,レイド,牡3,53.0,角田大河,1:14.4,4,237.2,14.0,462(-2),[西] 佐々木晶,202204020302
13,5,8,エイルシュリー,牝3,54.0,江田照男,1:14.8,2,135.6,11.0,514(0),[西] 飯田祐史,202204020302
14,6,10,ヤマニンアイラ,牝3,50.0,永島まな,1:15.9,7,111.8,10.0,436(+12),[西] 四位洋文,202204020302
取,5,9,シナモンベアー,牝3,54.0,国分恭介,,,---,,計不,[西] 角田晃一,202204020302
1,6,12,セキテイオー,牡3,56.0,Ｍ．デム,1:34.1,,2.9,1.0,468(0),[東] 田中剛,202204020303
2,7,14,バーニングヒート,牝3,54.0,松山弘平,1:34.2,1,10.7,5.0,440(+12),[西] 安田翔伍,202204020303
3,5,10,バーストオブカラー,牡3,56.0,福永祐一,1:34.3,3/4,3.2,2.0,510(+2),[東] 木村哲也,202204020303
4,7,13,メイショウブレゲ,牡3,52.0,今村聖奈,1:34.3,アタマ,15.9,6.0,456(+4),[西] 本田優,202204020303
5,2,4,アオイゴールドワン,牡3,56.0,和田竜二,1:34.4,クビ,7.1,4.0,468(+4),[西] 清水久詞,202204020303
6,8,17,イワクニ,牡3,56.0,菅原明良,1:34.5,1/2,5.2,3.0,462(-10),[東] 宗像義忠,202204020303
7,1,1,アイビーテーラー,牡3,56.0,富田暁,1:34.6,1/2,86.4,8.0,420(+8),[西] 河内洋,202204020303
8,3,5,ラブカヒルー,牝3,54.0,西村淳也,1:34.6,アタマ,19.6,7.0,442(0),[西] 森田直行,202204020303
9,1,2,ナリタクオン,牡3,56.0,国分恭介,1:35.1,3,138.9,11.0,450(-8),[西] 宮本博,202204020303
10,2,3,フクチャンクイーン,牝3,54.0,石川裕紀,1:35.1,クビ,205.1,14.0,430(0),[東] 加藤征弘,202204020303
11,7,15,キタノロッキー,牡3,54.0,小林脩斗,1:35.2,1/2,312.7,17.0,434(+6),[東] 鈴木伸尋,202204020303
12,3,6,アルマンダ,牡3,53.0,角田大河,1:35.2,クビ,160.1,12.0,502(+6),[西] 橋田満,202204020303
13,4,7,ロウレイロ,牝3,52.0,宮崎北斗,1:35.4,1.1/4,105.4,9.0,480(0),[東] 佐藤吉勝,202204020303
14,8,18,ジュンツバサニセイ,牡3,56.0,木幡巧也,1:35.6,1.1/4,493.6,18.0,452(0),[東] 勢司和浩,202204020303
15,4,8,ナムラロロ,牡3,56.0,江田照男,1:35.7,1,115.4,10.0,426(0),[東] 石栗龍彦,202204020303
16,6,11,インジェニアス,牡3,56.0,藤岡康太,1:35.8,1/2,231.9,15.0,522(0),[西] 千田輝彦,202204020303
17,8,16,シゲルハナノレン,牝3,52.0,藤田菜七,1:35.9,クビ,269.9,16.0,462(+12),[西] 千田輝彦,202204020303
18,5,9,リオレ,牝3,54.0,幸英明,1:36.0,3/4,191.3,13.0,456(+2),[西] 中村直也,202204020303
1,6,10,サニーバローズ,牝3,54.0,団野大成,1:54.5,,4.4,3.0,458(-6),[西] 斉藤崇史,202204020304
2,6,11,ラウドスピリッツ,牡3,56.0,松若風馬,1:55.0,3,3.4,1.0,498(0),[西] 橋口慎介,202204020304
3,2,2,サクラソーレ,牡3,56.0,福永祐一,1:55.6,3.1/2,6.6,4.0,468(-2),[東] 堀宣行,202204020304
4,8,15,シャンパンドバイ,牡3,56.0,富田暁,1:55.7,3/4,51.7,9.0,470(0),[西] 高橋義忠,202204020304
5,4,7,イケメンプリンス,牡3,56.0,木幡巧也,1:55.9,1.1/4,24.2,7.0,484(+4),[東] 杉浦宏昭,202204020304
6,5,9,ブレイズアウト,牡3,56.0,荻野極,1:56.5,4,20.1,6.0,446(-8),[西] 池江泰寿,202204020304
7,5,8,メイショウトワニ,牝3,54.0,城戸義政,1:56.6,クビ,326.5,14.0,416(+2),[西] 安達昭夫,202204020304
8,1,1,ディープギルドン,牡3,53.0,角田大河,1:57.4,5,82.8,11.0,518(-2),[西] 本田優,202204020304
9,2,3,アスクレッドスター,牡3,56.0,内田博幸,1:57.8,2.1/2,25.9,8.0,464(-10),[東] 田村康仁,202204020304
10,3,4,バイファーザベスト,牡3,56.0,和田竜二,1:57.8,クビ,55.0,10.0,524(0),[西] 清水久詞,202204020304
11,8,14,ロノマクア,牡3,52.0,今村聖奈,1:58.2,2,7.7,5.0,506(0),[西] 池江泰寿,202204020304
12,7,13,トヨリュウオー,牝3,50.0,永島まな,1:59.3,7,195.1,12.0,418(-6),[東] 大和田成,202204020304
13,3,5,メイリトルラバー,牝3,54.0,武藤雅,2:01.0,10,3.7,2.0,462(-6),[東] 水野貴広,202204020304
14,7,12,インペリアルムーン,牝3,54.0,石川裕紀,2:04.3,大,322.9,13.0,470(-12),[東] 池上昌和,202204020304
取,4,6,ドンシャーク,牡3,56.0,松山弘平,,,---,,計不,[西] 今野貞一,202204020304
1,6,7,フェイト,牡2,54.0,福永祐一,1:48.1,,1.5,1.0,478(0),[西] 矢作芳人,202204020305
2,8,11,ノエマ,牡2,54.0,戸崎圭太,1:49.0,5,14.6,6.0,496(0),[西] 平田修,202204020305
3,4,4,コスモバラタ,牡2,54.0,柴田大知,1:49.1,1,12.2,4.0,444(0),[東] 武市康男,202204020305
4,8,10,ロゼル,牡2,54.0,和田竜二,1:49.3,1,12.3,5.0,442(0),[東] 大和田成,202204020305
5,7,8,エイシンエラン,牡2,54.0,藤岡康太,1:49.3,アタマ,10.7,3.0,464(0),[西] 大久保龍,202204020305
6,2,2,スタンプブック,牡2,54.0,西村淳也,1:49.4,3/4,75.3,9.0,462(0),[東] 加藤士津,202204020305
7,5,5,アンビージャー,牡2,54.0,石川裕紀,1:49.5,3/4,39.4,7.0,494(0),[東] 斎藤誠,202204020305
8,6,6,モンテナルス,牝2,54.0,北村友一,1:49.6,1/2,50.7,8.0,436(0),[西] 中尾秀正,202204020305
9,3,3,サウンドアルジュナ,牡2,54.0,国分優作,1:49.7,1/2,127.5,10.0,450(0),[西] 安達昭夫,202204020305
10,1,1,タイセイマイティ,牡2,54.0,松山弘平,1:50.9,7,5.4,2.0,496(0),[西] 西村真幸,202204020305
11,7,9,センチュリヒーロー,牡2,54.0,富田暁,1:51.8,5,129.3,11.0,424(0),[西] 庄野靖志,202204020305
1,5,9,ニシノコウフク,牝2,54.0,三浦皇成,1:36.2,,13.8,7.0,468(0),[東] 伊藤大士,202204020306
2,3,5,ミタマ,牝2,54.0,松山弘平,1:36.4,1.1/2,5.8,3.0,454(0),[西] 上村洋行,202204020306
3,1,2,アルヴィエンヌ,牝2,54.0,津村明秀,1:36.5,1/2,4.7,1.0,456(0),[東] 林徹,202204020306
4,3,6,ビップクロエ,牝2,54.0,和田竜二,1:36.6,3/4,7.6,5.0,460(0),[西] 松下武士,202204020306
5,7,14,メランポジューム,牝2,54.0,岩田康誠,1:36.6,ハナ,5.4,2.0,450(0),[西] 高野友和,202204020306
6,7,13,アエディフィカータ,牝2,54.0,富田暁,1:36.9,1.1/2,41.3,10.0,440(0),[西] 武英智,202204020306
7,6,11,マサハヤヴァンス,牝2,54.0,団野大成,1:36.9,クビ,25.6,8.0,414(0),[西] 中尾秀正,202204020306
8,8,17,ミッキーマカロン,牝2,54.0,松若風馬,1:36.9,クビ,12.8,6.0,434(0),[西] 大久保龍,202204020306
9,6,12,ニシノパプルブリリ,牝2,54.0,菅原明良,1:37.2,1.3/4,65.7,13.0,462(0),[東] 矢野英一,202204020306
10,1,1,トロピカルライト,牝2,54.0,丸田恭介,1:37.6,2,102.9,15.0,452(0),[東] 宗像義忠,202204020306
11,8,16,ルージュイストリア,牝2,54.0,福永祐一,1:37.6,クビ,6.1,4.0,436(0),[東] 大竹正博,202204020306
12,4,8,スマートミラージュ,牝2,54.0,ホー,1:37.7,1,38.9,9.0,440(0),[西] 音無秀孝,202204020306
13,8,18,リリックス,牝2,54.0,北村友一,1:37.8,1/2,45.0,11.0,488(0),[東] 蛯名正義,202204020306
14,2,3,クインズイザナミ,牝2,54.0,石橋脩,1:38.0,1,52.9,12.0,476(0),[東] 田村康仁,202204020306
15,2,4,ラディーヴァ,牝2,54.0,菊沢一樹,1:38.2,1.1/4,222.4,18.0,444(0),[東] 武市康男,202204020306
16,7,15,ジョウショーポーラ,牝2,54.0,高倉稜,1:38.4,1.1/4,221.9,17.0,456(0),[西] 服部利之,202204020306
17,5,10,ペップセ,牝2,54.0,岩部純二,1:39.7,8,205.9,16.0,444(0),[東] 伊藤伸一,202204020306
18,4,7,リュミヌーフィーユ,牝2,54.0,藤岡康太,1:40.7,6,102.7,14.0,492(0),[西] 小崎憲,202204020306
1,5,9,ハイパーストーム,牝3,54.0,西村淳也,1:08.2,,7.0,4.0,464(-6),[西] 須貝尚介,202204020307
2,8,18,ベルシャンテ,牝3,54.0,福永祐一,1:08.8,3.1/2,5.7,1.0,424(-12),[西] 奥村豊,202204020307
3,7,14,ホワールウィンド,牡3,52.0,今村聖奈,1:08.8,ハナ,6.3,2.0,466(+2),[西] 佐々木晶,202204020307
4,1,1,ボンジューママ,牝3,54.0,丸田恭介,1:08.8,アタマ,11.2,7.0,426(-4),[東] 宗像義忠,202204020307
5,7,15,マジョリー,牝3,54.0,菊沢一樹,1:08.8,クビ,14.2,9.0,426(0),[東] 勢司和浩,202204020307
6,3,6,テーオーモンブラン,牝3,54.0,団野大成,1:09.0,1.1/4,12.6,8.0,442(-2),[西] 笹田和秀,202204020307
7,1,2,イダマンテ,牡3,56.0,和田竜二,1:09.0,ハナ,72.3,12.0,458(+10),[西] 中村直也,202204020307
8,4,8,エンロサディラ,牝3,51.0,佐々木大,1:09.1,3/4,228.8,17.0,424(0),[東] 和田正一,202204020307
9,3,5,フィンスタビライザ,牡3,56.0,藤岡康太,1:09.2,クビ,20.2,10.0,456(0),[西] 安達昭夫,202204020307
10,8,17,ブエナディオサ,牝3,52.0,藤田菜七,1:09.2,アタマ,180.3,16.0,434(0),[西] 千田輝彦,202204020307
11,6,11,アルーリングリップ,牝3,54.0,伊藤工真,1:09.3,1/2,110.7,14.0,410(-2),[東] 金成貴史,202204020307
12,5,10,アメカテソーロ,牝3,54.0,松山弘平,1:09.4,1,7.4,5.0,468(+4),[東] 加藤士津,202204020307
13,7,13,セントイライアス,牝3,54.0,柴田大知,1:09.4,アタマ,82.3,13.0,440(-2),[東] 萱野浩二,202204020307
14,6,12,セイグッドバイ,牝3,54.0,木幡巧也,1:09.5,1/2,6.6,3.0,476(+2),[東] 牧光二,202204020307
15,2,4,グッドカウンセル,牝3,54.0,戸崎圭太,1:09.7,1,31.0,11.0,456(0),[東] 辻哲英,202204020307
16,4,7,テイエムケントオー,牡3,54.0,松本大輝,1:10.0,2,143.8,15.0,442(-2),[西] 五十嵐忠,202204020307
17,2,3,カレンブルーローズ,牡3,56.0,富田暁,1:10.1,3/4,8.4,6.0,456(+12),[西] 安田翔伍,202204020307
取,8,16,ヴラマンク,牡3,53.0,角田大河,,,---,,計不,[西] 角田晃一,202204020307
1,8,15,ペルアア,牝3,52.0,福永祐一,1:51.7,,4.0,1.0,476(-4),[西] 野中賢二,202204020308
2,6,11,テイエムファクター,牡3,54.0,富田暁,1:51.7,クビ,4.3,2.0,462(+6),[西] 木原一良,202204020308
3,7,12,ダノンピーカブー,牡3,54.0,和田竜二,1:53.1,8,36.9,11.0,464(-6),[西] 大久保龍,202204020308
4,5,8,デリシュレーヌ,牝4,51.0,今村聖奈,1:53.2,1/2,6.1,4.0,476(-6),[東] 高橋文雅,202204020308
5,2,3,タイセイマーベル,牡4,57.0,三浦皇成,1:53.2,クビ,22.6,9.0,486(-6),[東] 池上昌和,202204020308
6,2,2,ハイエンド,牡3,54.0,戸崎圭太,1:53.3,クビ,5.3,3.0,528(+8),[西] 清水久詞,202204020308
7,6,10,ミルトボス,牡4,54.0,角田大河,1:54.2,5,31.8,10.0,504(-2),[西] 中竹和也,202204020308
8,4,6,ラッキーモー,セ4,57.0,荻野極,1:54.2,ハナ,195.7,14.0,448(+12),[西] 松永幹夫,202204020308
9,5,9,サウザンドスマイル,牝5,55.0,幸英明,1:54.4,1.1/4,73.6,12.0,474(-8),[西] 河内洋,202204020308
10,7,13,ゴールドブリーズ,牡4,57.0,江田照男,1:54.9,3,19.2,7.0,504(0),[東] 深山雅史,202204020308
11,3,5,クラウンゼロ,牡4,57.0,丸田恭介,1:54.9,クビ,462.9,15.0,506(+8),[東] 天間昭一,202204020308
12,4,7,サンライズロナウド,牡3,54.0,藤懸貴志,1:55.1,1.1/4,19.8,8.0,458(+8),[西] 安田隆行,202204020308
13,8,14,ネクサスハート,牡4,57.0,Ｍ．デム,1:56.6,9,15.2,6.0,528(-4),[西] 武幸四郎,202204020308
14,1,1,スターファースト,牡3,54.0,西村淳也,1:57.5,5,182.7,13.0,472(0),[西] 小崎憲,202204020308
15,3,4,リングストゥワイス,牡3,54.0,川田将雅,1:58.1,3.1/2,7.6,5.0,532(-4),[東] 久保田貴,202204020308
1,1,1,ミシシッピテソーロ,牝2,54.0,木幡巧也,1:21.7,,7.0,4.0,424(-2),[東] 畠山吉宏,202204020309
2,5,5,フミサウンド,牡2,54.0,三浦皇成,1:21.8,3/4,3.0,1.0,426(+2),[東] 鹿戸雄一,202204020309
3,2,2,ブーケファロス,牡2,54.0,菅原明良,1:21.8,アタマ,6.9,3.0,430(+4),[東] 清水英克,202204020309
4,8,10,シルヴァーゴースト,牝2,54.0,柴田大知,1:22.4,3.1/2,20.7,7.0,438(-6),[東] 岩戸孝樹,202204020309
5,3,3,スムースベルベット,牝2,54.0,嶋田純次,1:22.6,1.1/2,41.8,9.0,488(0),[東] 手塚貴久,202204020309
6,6,7,ジョウショーホープ,牡2,54.0,藤岡康太,1:22.7,クビ,4.3,2.0,460(+6),[西] 新谷功一,202204020309
7,7,8,ピンクジン,牝2,54.0,杉原誠人,1:22.7,ハナ,52.8,10.0,420(+6),[東] 南田美知,202204020309
8,6,6,クリノリアルレディ,牝2,54.0,ホー,1:22.7,ハナ,204.1,11.0,466(+2),[東] 伊藤伸一,202204020309
9,4,4,アドバンスファラオ,牡2,54.0,川田将雅,1:22.8,3/4,8.6,5.0,472(+2),[西] 森秀行,202204020309
10,8,11,シテイタイケツ,牡2,54.0,森泰斗,1:23.3,3,9.3,6.0,460(-11),[地] 上杉昌宏,202204020309
11,7,9,ベアサッチャー,牝2,54.0,石川裕紀,1:24.0,4,40.6,8.0,476(+10),[東] 杉浦宏昭,202204020309
1,7,12,ノーブルシルエット,牝4,55.0,武藤雅,1:51.5,,3.7,2.0,470(+6),[東] 水野貴広,202204020310
2,6,10,リバプールタウン,牡7,57.0,角田大河,1:51.6,3/4,159.4,14.0,498(+12),[西] 石橋守,202204020310
3,3,5,ヴォワドアンジェ,牝4,55.0,和田竜二,1:52.0,2.1/2,17.5,7.0,454(+4),[西] 中竹和也,202204020310
4,6,11,テイエムベンチャー,牡4,57.0,国分恭介,1:52.1,3/4,21.3,8.0,526(+12),[西] 五十嵐忠,202204020310
5,8,14,チェルアルコ,牝5,55.0,幸英明,1:52.5,2,288.9,15.0,520(+6),[西] 森田直行,202204020310
6,8,15,クレデンザ,牝5,55.0,富田暁,1:52.5,クビ,15.4,5.0,466(-6),[西] 辻野泰之,202204020310
7,5,8,カナリキケン,牝4,55.0,江田照男,1:52.6,1/2,30.4,9.0,500(+6),[東] 竹内正洋,202204020310
8,2,3,ショウナンアーチー,牡4,57.0,西村淳也,1:52.7,3/4,15.5,6.0,494(+2),[西] 松下武士,202204020310
9,3,4,レプンカムイ,牡4,57.0,三浦皇成,1:52.9,3/4,4.5,3.0,484(0),[西] 橋口慎介,202204020310
10,5,9,ショウナンマリオ,牡5,57.0,松山弘平,1:53.0,1/2,6.2,4.0,496(+4),[東] 加藤士津,202204020310
11,7,13,クリーンスレイト,牡4,57.0,川田将雅,1:53.1,1/2,3.5,1.0,468(-2),[東] 久保田貴,202204020310
12,4,6,フィストバンプ,牡6,57.0,田中勝春,1:53.1,クビ,66.6,10.0,480(-12),[東] 松永康利,202204020310
13,2,2,ラヴォアドゥース,牝5,55.0,団野大成,1:53.6,3,78.0,11.0,476(+2),[西] 渡辺薫彦,202204020310
14,1,1,ルコントブルー,牝5,55.0,木幡巧也,1:54.1,3,114.2,12.0,558(+14),[東] 勢司和浩,202204020310
15,4,7,デッドアヘッド,セ6,57.0,杉原誠人,1:57.1,大,155.9,13.0,460(-6),[東] 牧光二,202204020310
1,4,8,フェルミスフィア,牝5,52.0,杉原誠人,1:19.7,,62.9,12.0,448(+4),[東] 木村哲也,202204020311
2,7,15,エルカスティージョ,牝4,54.0,ホー,1:19.8,1/2,8.7,4.0,460(-4),[西] 斉藤崇史,202204020311
3,1,1,アルーリングウェイ,牝3,52.0,藤岡康太,1:19.8,クビ,2.8,1.0,470(+10),[西] 藤岡健一,202204020311
4,5,9,ワンスカイ,牡5,55.0,戸崎圭太,1:19.9,クビ,7.1,3.0,508(-8),[東] 斎藤誠,202204020311
5,7,13,レッドクレオス,牡6,53.0,内田博幸,1:20.1,1.1/4,87.5,13.0,474(+2),[東] 蛯名正義,202204020311
6,7,14,グルアーブ,牝5,52.0,津村明秀,1:20.1,アタマ,143.3,14.0,442(+6),[東] 林徹,202204020311
7,8,17,セルフィー,牝5,52.0,江田照男,1:20.1,ハナ,25.9,11.0,470(+8),[西] 鮫島一歩,202204020311
8,6,12,ニシノキントウン,牡7,53.0,亀田温心,1:20.2,3/4,175.5,15.0,474(+14),[西] 北出成人,202204020311
9,2,4,テーオーラフィット,牝4,53.0,石橋脩,1:20.3,1/2,10.7,6.0,490(-8),[西] 上村洋行,202204020311
10,5,10,ペイシャフェスタ,牝4,52.0,菅原明良,1:20.3,クビ,9.9,5.0,484(0),[東] 高橋裕,202204020311
11,3,6,シナモンスティック,牝3,51.0,柴田大知,1:20.3,ハナ,6.0,2.0,452(+4),[東] 宗像義忠,202204020311
12,3,5,ウインレフィナード,牡6,54.0,武藤雅,1:20.3,ハナ,290.8,18.0,458(0),[東] 畠山吉宏,202204020311
13,4,7,ビアイ,牝5,53.0,川須栄彦,1:20.3,ハナ,16.0,7.0,504(-2),[西] 畑端省吾,202204020311
14,1,2,ピーエムピンコ,牝5,52.0,嶋田純次,1:20.5,1.1/4,21.4,8.0,416(0),[東] 和田正一,202204020311
15,2,3,ドラグーンシチー,牡7,52.0,和田竜二,1:21.1,3.1/2,187.4,16.0,504(-4),[西] 北出成人,202204020311
16,8,16,ブルーシンフォニー,牡4,55.0,岩田康誠,1:21.7,3.1/2,24.4,9.0,474(-2),[東] 伊藤圭三,202204020311
17,6,11,グリンデルヴァルト,牝5,52.0,長岡禎仁,1:21.7,アタマ,25.6,10.0,450(-6),[西] 杉山佳明,202204020311
18,8,18,メイショウハナモリ,牡6,53.0,荻野極,1:22.1,2.1/2,219.6,17.0,518(0),[西] 本田優,202204020311
1,3,5,グットディール,牡3,54.0,川田将雅,1:52.7,,2.1,1.0,496(0),[西] 須貝尚介,202204020312
2,5,9,ダノンハイファイブ,牡4,57.0,津村明秀,1:53.4,4,13.0,5.0,474(-2),[西] 坂口智康,202204020312
3,3,4,コバルトブルー,牡6,55.0,松本大輝,1:53.4,アタマ,11.7,4.0,460(0),[西] 池江泰寿,202204020312
4,4,6,キープイットシンポ,牝4,55.0,菊沢一樹,1:53.7,1.3/4,29.6,9.0,472(+2),[東] 小野次郎,202204020312
5,2,2,ルーチェット,牝4,55.0,北村友一,1:53.8,3/4,7.5,3.0,482(+22),[西] 松永幹夫,202204020312
6,6,10,ヴェールアップ,牝4,55.0,ホー,1:54.2,2.1/2,29.7,10.0,494(+6),[西] 橋口慎介,202204020312
7,4,7,ダノンマヴロス,牡4,57.0,内田博幸,1:54.3,クビ,29.7,11.0,484(0),[東] 田中博康,202204020312
8,6,11,サイモンルモンド,セ5,57.0,幸英明,1:54.3,クビ,100.8,14.0,440(-6),[西] 小林真也,202204020312
9,2,3,ブーケドフルール,牝4,55.0,三浦皇成,1:54.5,1,33.4,12.0,432(+2),[東] 畠山吉宏,202204020312
10,7,12,ジュールサイクル,牝5,55.0,石橋脩,1:55.3,5,15.3,6.0,452(+6),[東] 田中剛,202204020312
11,5,8,ファーストソリスト,牝4,55.0,団野大成,1:55.9,3.1/2,86.1,13.0,486(+6),[西] 吉村圭司,202204020312
12,1,1,スエーニョブランコ,牝5,55.0,嶋田純次,1:56.0,クビ,164.2,15.0,502(+2),[東] 手塚貴久,202204020312
13,7,13,クリノナイスガイ,セ5,57.0,岩田康誠,1:57.3,8,28.7,8.0,464(-2),[西] 橋田満,202204020312
14,8,14,フローズンスタイル,牝5,51.0,今村聖奈,2:00.4,大,28.3,7.0,450(-2),[東] 黒岩陽一,202204020312
15,8,15,タイセイヴィーナス,牝4,55.0,和田竜二,2:00.5,3/4,4.8,2.0,464(-2),[西] 大橋勇樹,202204020312
1,3,5,サイモンオリーブ,牝2,54.0,戸崎圭太,1:22.1,,7.0,4.0,446(+6),[東] 勢司和浩,202204020401
2,5,8,ネイキッド,牡2,54.0,川田将雅,1:22.2,クビ,3.0,2.0,462(+4),[西] 宮本博,202204020401
3,2,3,アントルメグラッセ,牝2,54.0,ホー,1:22.3,1/2,24.7,6.0,424(-8),[東] 土田稔,202204020401
4,8,14,ロードスパイラル,牡2,54.0,岩田望来,1:22.3,クビ,12.4,5.0,456(-4),[西] 清水久詞,202204020401
5,7,12,セミマル,牡2,54.0,福永祐一,1:22.6,1.1/2,2.8,1.0,484(-4),[西] 西村真幸,202204020401
6,6,11,マイネルフォルツァ,牡2,54.0,柴田大知,1:22.6,クビ,31.2,7.0,490(+4),[東] 金成貴史,202204020401
7,4,7,マツリダパーチェ,牡2,54.0,武藤雅,1:22.9,2,63.3,9.0,414(0),[東] 水野貴広,202204020401
8,5,9,アナザームーン,牡2,54.0,柴田善臣,1:22.9,ハナ,61.5,8.0,448(+4),[東] 水野貴広,202204020401
9,2,2,イブシギン,牡2,51.0,原優介,1:23.2,1.1/2,480.9,15.0,422(-2),[東] 岩戸孝樹,202204020401
10,8,15,エクソソーム,牝2,54.0,Ｍ．デム,1:23.2,アタマ,6.5,3.0,414(0),[東] 矢野英一,202204020401
11,7,13,スナイチゴールド,牡2,54.0,和田竜二,1:23.6,2.1/2,92.7,11.0,506(0),[東] 加藤和宏,202204020401
12,3,4,ナブラチロワ,牝2,54.0,菊沢一樹,1:23.9,1.1/2,424.3,13.0,470(+4),[東] 小桧山悟,202204020401
13,4,6,タガノヴィクター,牡2,54.0,国分恭介,1:24.0,3/4,124.6,12.0,466(-12),[西] 加用正,202204020401
14,6,10,マーゴットピア,牝2,54.0,松岡正海,1:24.3,1.3/4,425.8,14.0,436(0),[東] 伊坂重信,202204020401
15,1,1,サンガルガーノ,牡2,50.0,今村聖奈,1:24.3,アタマ,71.1,10.0,456(-2),[東] 松山将樹,202204020401
1,8,8,フィンガークリック,牝2,54.0,川田将雅,1:35.4,,1.5,1.0,488(+2),[東] 水野貴広,202204020402
2,5,5,マテンロウプラウド,牡2,54.0,横山典弘,1:35.5,1/2,7.1,3.0,474(0),[西] 松永幹夫,202204020402
3,3,3,アップトゥミー,牝2,54.0,菅原明良,1:35.7,1.1/2,3.7,2.0,472(-4),[東] 国枝栄,202204020402
4,7,7,ラガープリンセス,牝2,52.0,松本大輝,1:36.1,2.1/2,71.9,6.0,384(-6),[西] 池添兼雄,202204020402
5,2,2,マンダリンボレロ,牡2,54.0,松岡正海,1:36.2,1/2,9.3,4.0,500(-2),[東] 伊藤伸一,202204020402
6,4,4,プメハナ,牝2,54.0,幸英明,1:37.0,5,53.1,5.0,454(+6),[西] 鮫島一歩,202204020402
7,1,1,ゴレイジョウ,牝2,51.0,原優介,1:37.0,クビ,149.3,8.0,450(-6),[東] 小桧山悟,202204020402
8,8,9,キタノソロモン,牡2,52.0,小林脩斗,1:37.7,4,180.4,9.0,456(+6),[東] 石栗龍彦,202204020402
9,6,6,ヴェローチェ,牝2,52.0,藤田菜七,1:37.7,ハナ,134.4,7.0,404(-2),[東] 高橋文雅,202204020402
1,3,5,エルゲルージ,牡3,56.0,福永祐一,1:54.4,,2.5,1.0,504(+4),[西] 石坂公一,202204020403
2,4,6,コンジャンクション,牡3,56.0,松山弘平,1:55.4,6,3.7,3.0,486(+2),[西] 池添学,202204020403
3,4,7,メイショウジェゼロ,牝3,51.0,角田大河,1:55.5,1/2,302.8,13.0,464(+10),[西] 石橋守,202204020403
4,8,15,ヒメカミノメガミ,牝3,54.0,菊沢一樹,1:55.5,クビ,43.9,8.0,500(+8),[東] 勢司和浩,202204020403
5,6,11,ナリタイチモンジ,牡3,52.0,今村聖奈,1:55.6,クビ,2.6,2.0,494(-10),[西] 木原一良,202204020403
6,5,9,ナンヨーアイリス,牝3,54.0,三浦皇成,1:55.7,1/2,29.0,5.0,466(+8),[東] 畠山吉宏,202204020403
7,7,12,ペイシャガン,牡3,56.0,丸田恭介,1:56.4,4,425.4,15.0,510(-8),[東] 松永康利,202204020403
8,2,3,グリーンダイヤル,牡3,56.0,ホー,1:57.0,3.1/2,14.7,4.0,490(+8),[東] 高橋文雅,202204020403
9,2,2,ロマンドブリエ,牡3,56.0,荻野極,1:57.0,ハナ,158.4,11.0,470(0),[西] 池江泰寿,202204020403
10,8,14,メイショウテオス,牡3,56.0,城戸義政,1:57.4,2.1/2,215.1,12.0,454(+4),[西] 安達昭夫,202204020403
11,3,4,ブリラーノ,牝3,51.0,原優介,1:57.7,1.3/4,115.2,10.0,478(-10),[東] 青木孝文,202204020403
12,7,13,クリノサンバ,牝3,54.0,森裕太朗,1:57.9,1.1/2,357.4,14.0,448(-3),[西] 中尾秀正,202204020403
13,5,8,ブラカー,牡3,56.0,岩田望来,1:58.1,1.1/4,41.8,7.0,450(-6),[東] 加藤征弘,202204020403
14,6,10,カシノジュピター,牡3,54.0,松本大輝,1:58.4,1.1/2,32.5,6.0,508(+16),[東] 天間昭一,202204020403
15,1,1,ルクス,牡3,56.0,藤懸貴志,2:02.1,大,77.9,9.0,546(+20),[西] 平田修,202204020403
1,1,2,カイザー,牡3,56.0,西村淳也,2:00.1,,5.4,2.0,478(+4),[西] 森田直行,202204020404
2,3,6,メイショウケイガン,牡3,56.0,横山典弘,2:00.1,アタマ,6.6,5.0,516(+10),[西] 河内洋,202204020404
3,5,9,ラウルピドゥ,牡3,56.0,Ｍ．デム,2:00.2,クビ,11.7,6.0,474(+10),[西] 吉村圭司,202204020404
4,2,4,サトノリーベ,牝3,54.0,福永祐一,2:00.3,1/2,2.9,1.0,440(+10),[西] 藤原英昭,202204020404
5,1,1,シュトルーヴェ,牡3,56.0,松山弘平,2:00.6,2,46.4,9.0,498(+4),[東] 堀宣行,202204020404
6,6,11,イヴィステラ,牝3,54.0,岩田望来,2:00.6,アタマ,5.7,3.0,458(+10),[西] 友道康夫,202204020404
7,5,10,ヴァレプロフォンダ,牡3,56.0,和田竜二,2:00.9,1.3/4,12.9,7.0,494(-2),[西] 杉山晴紀,202204020404
8,4,8,リヴィア,牝3,54.0,北村友一,2:01.1,1,6.1,4.0,422(-2),[西] 安田翔伍,202204020404
9,7,14,ダイゴシンリュウ,牡3,56.0,江田照男,2:01.4,1.3/4,138.6,10.0,428(+2),[東] 清水英克,202204020404
10,4,7,ガリンシャ,牡3,53.0,佐々木大,2:01.5,1,342.1,15.0,434(-4),[東] 菊川正達,202204020404
11,7,13,ソリトン,牡3,56.0,加藤祥太,2:01.6,1/2,384.2,17.0,442(+2),[西] 庄野靖志,202204020404
12,2,3,ファジュル,牡3,53.0,角田大河,2:01.8,1.1/4,151.0,11.0,438(-4),[西] 辻野泰之,202204020404
13,3,5,クリノレイチェル,牝3,54.0,藤懸貴志,2:02.0,1.1/2,367.6,16.0,454(-6),[西] 牧田和弥,202204020404
14,8,18,キンプウ,牝3,54.0,長岡禎仁,2:02.2,1.1/4,417.8,18.0,464(+4),[西] 高橋康之,202204020404
15,7,15,フレスコバルディ,牡3,56.0,木幡巧也,2:02.4,1,171.2,12.0,462(0),[東] 牧光二,202204020404
16,8,17,アラッキーフェイス,牡3,56.0,幸英明,2:02.4,クビ,272.2,14.0,430(0),[西] 坂口智康,202204020404
17,8,16,カフジヘプタゴン,牡3,53.0,川端海翼,2:02.9,3,186.3,13.0,544(0),[西] 森田直行,202204020404
18,6,12,ルージュディザイア,牝3,54.0,戸崎圭太,2:03.2,1.3/4,44.2,8.0,458(0),[西] 笹田和秀,202204020404
1,7,14,ムーンスカイ,牡2,50.0,今村聖奈,1:35.7,,44.0,12.0,434(0),[西] 牧田和弥,202204020405
2,8,15,エスペランサフラグ,牝2,54.0,和田竜二,1:35.8,1/2,32.8,11.0,460(0),[西] 中竹和也,202204020405
3,7,13,ラブスレンダー,牝2,54.0,Ｍ．デム,1:36.2,2.1/2,12.3,6.0,436(0),[東] 田中剛,202204020405
4,1,1,ゴルデールスカー,牡2,54.0,ホー,1:36.3,3/4,12.6,7.0,456(0),[西] 大久保龍,202204020405
5,2,4,エイシンネクタル,牡2,54.0,西村淳也,1:36.4,3/4,12.1,5.0,450(0),[西] 小崎憲,202204020405
6,3,5,ソフィアエール,牝2,54.0,松若風馬,1:36.4,クビ,5.7,2.0,418(0),[西] 杉山晴紀,202204020405
7,4,8,エイチエヌバンピー,牡2,51.0,原優介,1:36.5,クビ,276.0,16.0,432(0),[東] 小桧山悟,202204020405
8,8,16,スーパームーン,牡2,51.0,角田大河,1:36.8,1.3/4,47.0,13.0,450(0),[西] 渡辺薫彦,202204020405
9,2,3,ワインワインレッド,牡2,54.0,福永祐一,1:37.1,2,6.9,3.0,510(0),[西] 森秀行,202204020405
10,6,12,ヒープパラドックス,牡2,54.0,三浦皇成,1:37.2,クビ,139.0,15.0,416(0),[東] 田村康仁,202204020405
11,5,10,ベリーズテソーロ,牝2,54.0,幸英明,1:37.5,2,72.9,14.0,432(0),[東] 稲垣幸雄,202204020405
12,5,9,メイショウコジロウ,牡2,54.0,荻野極,1:37.7,1.1/2,32.0,10.0,498(0),[西] 本田優,202204020405
13,3,6,レッドヴァジュラ,牡2,54.0,松山弘平,1:37.8,クビ,11.3,4.0,490(0),[西] 池江泰寿,202204020405
14,6,11,スズノハマヤ,牡2,54.0,川田将雅,1:37.9,3/4,14.1,8.0,464(0),[西] 石坂公一,202204020405
15,1,2,フォミルマジック,牝2,54.0,岩田望来,1:37.9,ハナ,3.4,1.0,450(0),[西] 藤原英昭,202204020405
16,4,7,ジャガンナート,牡2,54.0,菅原明良,1:39.9,大,22.8,9.0,496(0),[東] 高木登,202204020405
1,7,13,ミトノオー,牡2,54.0,木幡巧也,1:54.9,,15.4,4.0,480(0),[東] 牧光二,202204020406
2,6,11,ツウカイリアル,牡2,54.0,幸英明,1:55.3,2.1/2,16.5,5.0,476(0),[西] 庄野靖志,202204020406
3,6,10,コスモアバンサ,牡2,54.0,柴田大知,1:56.5,7,47.0,11.0,472(0),[東] 奥村武,202204020406
4,2,2,モダナイズクィーン,牝2,54.0,川田将雅,1:56.9,2.1/2,4.1,2.0,454(0),[東] 武井亮,202204020406
5,3,4,ナックダンス,牝2,54.0,Ｍ．デム,1:56.9,クビ,52.0,12.0,474(0),[東] 杉浦宏昭,202204020406
6,3,5,ラスターブラスター,牡2,54.0,丸田恭介,1:57.0,クビ,53.1,13.0,476(0),[東] 宗像義忠,202204020406
7,4,7,シゲルスナイパー,牡2,50.0,永島まな,1:57.0,アタマ,35.7,7.0,526(0),[西] 谷潔,202204020406
8,8,14,エレガントメイデン,牝2,54.0,松山弘平,1:58.0,6,9.3,3.0,476(0),[西] 高橋義忠,202204020406
9,8,15,エコログラッツェ,牡2,54.0,岩田望来,1:59.0,6,36.3,8.0,484(0),[西] 牧浦充徳,202204020406
10,5,9,フラフ,牡2,54.0,菅原明良,1:59.0,クビ,37.4,9.0,478(0),[西] 清水久詞,202204020406
11,1,1,メイショウコガシラ,牡2,54.0,団野大成,1:59.5,3,39.1,10.0,476(0),[西] 本田優,202204020406
12,4,6,グローバリスト,牡2,54.0,福永祐一,1:59.8,1.3/4,2.1,1.0,488(0),[西] 西村真幸,202204020406
13,7,12,ウォルラス,牡2,54.0,三浦皇成,1:59.8,クビ,17.0,6.0,484(0),[東] 中川公成,202204020406
14,5,8,コウユーアツイキミ,牡2,54.0,内田博幸,2:01.6,大,56.9,14.0,520(0),[東] 竹内正洋,202204020406
15,2,3,マイアミサンセット,牡2,54.0,荻野極,2:07.8,大,229.2,15.0,462(0),[東] 高橋文雅,202204020406
1,7,12,エイカイマッケンロ,牡3,54.0,福永祐一,2:12.8,,2.1,1.0,494(-6),[西] 藤原英昭,202204020407
2,6,10,バラジ,牡3,54.0,三浦皇成,2:13.0,1.1/2,2.9,2.0,492(-8),[東] 鹿戸雄一,202204020407
3,3,4,シエラネバダ,セ7,57.0,松若風馬,2:13.2,1.1/4,60.9,10.0,494(0),[西] 音無秀孝,202204020407
4,7,11,レットミーアウト,牝5,55.0,菅原明良,2:13.4,1.1/4,22.2,7.0,482(+6),[東] 水野貴広,202204020407
5,8,14,パンドレア,牝3,52.0,和田竜二,2:13.6,3/4,11.4,3.0,454(+4),[西] 斉藤崇史,202204020407
6,5,8,ロックグラス,セ5,57.0,幸英明,2:13.6,ハナ,150.6,13.0,460(-4),[西] 谷潔,202204020407
7,8,13,イスラグランデ,牡3,54.0,石橋脩,2:13.6,ハナ,14.6,4.0,536(+2),[西] 西園正都,202204020407
8,6,9,トピックス,牡4,57.0,木幡巧也,2:13.6,ハナ,370.5,14.0,474(+4),[東] 勢司和浩,202204020407
9,2,2,メイプルリッジ,牡3,54.0,松山弘平,2:13.6,クビ,17.0,5.0,476(+6),[東] 堀宣行,202204020407
10,4,6,マイネルオーサム,牡3,54.0,柴田大知,2:13.8,1.1/4,19.8,6.0,464(-6),[東] 高木登,202204020407
11,5,7,ブロンドケリー,牡3,50.0,今村聖奈,2:13.9,1/2,24.1,8.0,448(-4),[西] 寺島良,202204020407
12,3,3,サトノディーバ,牝4,55.0,ホー,2:15.0,7,24.8,9.0,502(+14),[西] 矢作芳人,202204020407
13,4,5,ナムラタタ,牡3,54.0,城戸義政,2:15.1,3/4,88.5,12.0,476(0),[西] 清水久詞,202204020407
14,1,1,リニュー,牡3,50.0,永島まな,2:15.3,1.1/2,67.1,11.0,448(+6),[東] 清水英克,202204020407
1,5,8,アルファマム,牝3,49.0,今村聖奈,1:10.8,,3.3,1.0,460(+6),[西] 佐々木晶,202204020408
2,1,1,アイヴォリーアイ,牝4,55.0,菅原明良,1:11.1,1.3/4,16.4,8.0,494(+14),[西] 坂口智康,202204020408
3,3,4,ヤマトコウセイ,牝3,49.0,佐々木大,1:11.3,1.1/4,5.3,4.0,460(+6),[東] 武井亮,202204020408
4,7,11,タガノトランキーロ,牡5,54.0,角田大河,1:11.4,1/2,5.1,3.0,498(+12),[西] 石橋守,202204020408
5,8,13,フレンドパル,牝4,51.0,永島まな,1:12.0,3.1/2,16.1,7.0,450(-4),[東] 深山雅史,202204020408
6,4,6,ホシフルドヒョウ,牡6,57.0,野中悠太,1:12.1,1/2,101.0,10.0,494(+4),[東] 岩戸孝樹,202204020408
7,7,12,メディシス,牝4,55.0,藤岡康太,1:12.1,アタマ,36.3,9.0,484(+14),[西] 杉山佳明,202204020408
8,2,2,マスケティアーズ,牡4,54.0,原優介,1:12.2,1/2,210.5,12.0,456(-8),[東] 小桧山悟,202204020408
9,8,14,アイアンフラワー,牝4,55.0,丸田恭介,1:12.3,1/2,228.3,13.0,464(+4),[東] 南田美知,202204020408
10,3,3,ナサ,牝4,55.0,幸英明,1:12.4,1/2,12.6,5.0,454(-2),[西] 藤沢則雄,202204020408
11,5,7,ルヴェルジェ,牝3,50.0,藤田菜七,1:12.5,3/4,4.1,2.0,480(+6),[西] 杉山晴紀,202204020408
12,6,9,メイショウウグイス,牝6,55.0,柴田大知,1:12.6,1/2,256.6,14.0,484(+8),[西] 河内洋,202204020408
13,4,5,クランシリーニー,牝3,52.0,西村淳也,1:12.7,1/2,14.2,6.0,504(+14),[西] 新谷功一,202204020408
14,6,10,ペリトモレノ,牝5,55.0,杉原誠人,1:13.4,4,194.8,11.0,496(+12),[東] 大江原哲,202204020408
1,7,14,トミケンルーア,セ6,57.0,津村明秀,0:55.3,,1.8,1.0,488(+6),[東] 竹内正洋,202204020409
2,8,17,ドリームジャンボ,牝7,55.0,嶋田純次,0:55.3,クビ,42.3,11.0,494(+10),[東] 南田美知,202204020409
3,6,11,ジャストザビアンカ,牝4,55.0,西村淳也,0:55.6,1.3/4,10.0,3.0,458(-2),[西] 牧浦充徳,202204020409
4,6,12,レオハイセンス,牝5,55.0,江田照男,0:55.7,3/4,8.2,2.0,444(+4),[東] 奥平雅士,202204020409
5,8,16,フチサンメルチャン,牡5,57.0,小牧太,0:55.7,ハナ,45.5,13.0,470(0),[西] 服部利之,202204020409
6,8,18,エスジープリンセス,牝4,55.0,柴田善臣,0:55.8,1,10.8,5.0,472(+4),[東] 和田勇介,202204020409
7,7,15,メイショウユリシス,牝5,55.0,太宰啓介,0:55.9,1/2,10.2,4.0,490(+4),[西] 高橋亮,202204020409
8,4,8,ミキノバスドラム,牡4,57.0,原優介,0:55.9,アタマ,45.1,12.0,518(0),[東] 南田美知,202204020409
9,5,9,ヴィクトワールメイ,牝6,55.0,丸田恭介,0:56.2,1.1/2,166.3,17.0,452(-4),[東] 萱野浩二,202204020409
10,3,5,アーヒラ,牝7,55.0,杉原誠人,0:56.4,1.1/4,102.2,14.0,454(-2),[東] 石毛善彦,202204020409
11,5,10,エーアイダンサー,牝4,55.0,Ｍ．デム,0:56.7,1.3/4,11.2,6.0,436(+4),[東] 畠山吉宏,202204020409
12,7,13,ハッピーペコ,牝5,55.0,木幡巧也,0:56.8,3/4,32.9,8.0,424(+12),[東] 鈴木伸尋,202204020409
13,3,6,サクセスハーモニー,牝5,55.0,菅原明良,0:56.9,1/2,37.7,9.0,448(+8),[東] 久保田貴,202204020409
14,4,7,サブロンカズマ,牡4,57.0,野中悠太,0:57.0,3/4,120.0,15.0,474(-2),[東] 深山雅史,202204020409
15,1,2,エナジーロッソ,牝4,55.0,ホー,0:57.0,ハナ,32.2,7.0,478(-2),[西] 高柳大輔,202204020409
16,1,1,シオミチクレバ,牝5,55.0,菊沢一樹,0:57.2,1.1/4,39.9,10.0,506(+6),[西] 牧浦充徳,202204020409
17,2,3,ニシノガブリヨリ,牡4,57.0,内田博幸,0:57.2,アタマ,157.9,16.0,482(0),[東] 村田一誠,202204020409
18,2,4,デンタルバルーン,牝5,55.0,鮫島良太,0:57.5,1.3/4,272.3,18.0,478(+22),[西] 牧浦充徳,202204020409
1,2,2,ラーグルフ,牡3,54.0,戸崎圭太,1:58.5,,3.3,2.0,488(0),[東] 宗像義忠,202204020410
2,8,8,セントカメリア,牝3,52.0,福永祐一,1:58.6,1/2,2.3,1.0,444(+12),[西] 高野友和,202204020410
3,6,6,タガノカイ,牡4,57.0,藤岡康太,1:58.9,2,9.3,5.0,504(-6),[西] 宮徹,202204020410
4,7,7,ロードカテドラル,牡3,54.0,菅原明良,1:59.1,1.1/4,6.2,4.0,496(+4),[東] 斎藤誠,202204020410
5,5,5,サトノペルセウス,セ4,57.0,岩田望来,1:59.2,1/2,5.7,3.0,492(+2),[西] 藤原英昭,202204020410
6,1,1,トーセンメラニー,牝4,55.0,原優介,1:59.2,クビ,58.9,7.0,476(0),[東] 小桧山悟,202204020410
7,4,4,ビートザウイングス,セ5,57.0,西村淳也,1:59.4,1,21.5,6.0,472(0),[東] 手塚貴久,202204020410
8,3,3,セグレドスペリオル,牡6,57.0,松若風馬,1:59.4,アタマ,66.9,8.0,476(-8),[西] 宮本博,202204020410
9,8,9,ブレーヴユニコーン,牡6,57.0,江田照男,2:00.0,3.1/2,111.9,9.0,538(+10),[東] 久保田貴,202204020410
1,8,15,カフジオクタゴン,牡3,56.0,ホー,1:51.9,,21.6,7.0,546(+2),[西] 矢作芳人,202204020411
2,2,2,タイセイドレフォン,牡3,56.0,川田将雅,1:51.9,クビ,3.5,1.0,500(+12),[西] 西村真幸,202204020411
3,5,9,ハピ,牡3,56.0,藤岡佑介,1:52.0,クビ,3.7,2.0,468(-1),[西] 大久保龍,202204020411
4,4,6,ビヨンドザファザー,牡3,56.0,北村友一,1:52.8,5,26.3,8.0,500(-2),[西] 藤岡健一,202204020411
5,6,10,ホウオウルーレット,牡3,56.0,福永祐一,1:52.8,ハナ,4.0,3.0,494(+2),[東] 栗田徹,202204020411
6,5,8,トウセツ,牡3,56.0,幸英明,1:53.4,3.1/2,16.5,6.0,482(+2),[西] 杉山佳明,202204020411
7,8,14,ライラボンド,牡3,56.0,長岡禎仁,1:53.5,3/4,124.0,15.0,510(-4),[西] 清水久詞,202204020411
8,2,3,メイショウユズルハ,牡3,56.0,岩田康誠,1:53.8,1.3/4,15.1,5.0,484(+4),[西] 岡田稲男,202204020411
9,1,1,ヘラルドバローズ,牡3,56.0,松山弘平,1:53.8,クビ,8.1,4.0,488(-2),[西] 寺島良,202204020411
10,7,12,シダー,牝3,54.0,藤岡康太,1:55.1,8,96.1,14.0,474(+4),[西] 本田優,202204020411
11,4,7,バレルゾーン,牡3,56.0,三浦皇成,1:58.0,大,66.9,13.0,496(0),[東] 高柳瑞樹,202204020411
12,3,5,レッドラパルマ,牡3,56.0,Ｍ．デム,1:59.1,7,50.2,12.0,480(-6),[東] 加藤征弘,202204020411
13,3,4,インディゴブラック,牡3,56.0,西村淳也,1:59.3,1.1/4,44.5,11.0,512(+10),[西] 奥村豊,202204020411
14,7,13,ラブパイロー,牝3,54.0,野中悠太,1:59.5,1.1/2,40.2,10.0,474(-5),[東] 大和田成,202204020411
15,6,11,ギャラクシーナイト,牡3,56.0,菊沢一樹,2:00.0,3,37.3,9.0,492(-8),[東] 菊沢隆徳,202204020411
1,2,4,コミカライズ,牝5,55.0,川田将雅,1:33.4,,5.8,2.0,466(-8),[東] 和田勇介,202204020412
2,7,14,エーティーマクフィ,牡3,54.0,藤岡佑介,1:33.6,1.1/4,14.9,8.0,462(+2),[西] 武英智,202204020412
3,5,9,セブンフォールド,牡4,57.0,岩田望来,1:33.6,アタマ,39.4,12.0,446(-8),[東] 黒岩陽一,202204020412
4,6,11,ミスボニータ,牝3,52.0,北村友一,1:33.7,クビ,7.7,4.0,442(+4),[東] 斎藤誠,202204020412
5,2,3,キタサンシュガー,牝3,52.0,戸崎圭太,1:33.8,1/2,6.9,3.0,454(0),[西] 清水久詞,202204020412
6,6,12,エンブレムコード,牝4,55.0,津村明秀,1:33.8,クビ,12.5,7.0,456(-6),[東] 尾関知人,202204020412
7,4,8,タイゲン,牡3,52.0,藤田菜七,1:33.9,3/4,22.9,9.0,478(+2),[西] 平田修,202204020412
8,7,13,カナテープ,牝3,52.0,福永祐一,1:34.0,1/2,4.0,1.0,482(+24),[東] 堀宣行,202204020412
9,8,16,モズゴールドバレル,牝3,52.0,Ｍ．デム,1:34.1,3/4,9.1,5.0,460(+16),[西] 藤岡健一,202204020412
10,4,7,カンパーニャ,牡6,57.0,ホー,1:34.1,ハナ,34.6,11.0,464(-2),[東] 畠山吉宏,202204020412
11,7,15,グレイスフル,牝3,52.0,松山弘平,1:34.2,1/2,9.3,6.0,470(-6),[東] 菊沢隆徳,202204020412
12,8,17,ジェラペッシュ,牝5,55.0,柴田善臣,1:34.9,4,340.4,18.0,468(+4),[東] 南田美知,202204020412
13,5,10,スノーハレーション,牝4,55.0,菅原明良,1:34.9,ハナ,65.5,14.0,432(+12),[東] 金成貴史,202204020412
14,3,6,ハッピープリベイル,牡3,54.0,三浦皇成,1:35.2,1.1/2,29.8,10.0,466(+4),[東] 根本康広,202204020412
15,8,18,コスモエクスプレス,牡3,54.0,柴田大知,1:35.5,2,69.8,15.0,466(0),[東] 松永康利,202204020412
16,3,5,エシェロン,牡3,54.0,杉原誠人,1:36.2,4,182.6,16.0,456(+6),[東] 南田美知,202204020412
17,1,1,ラヴァーズリング,牝3,49.0,永島まな,1:36.3,1/2,206.3,17.0,484(+12),[西] 高橋康之,202204020412
18,1,2,ナオミゴゼン,牝4,51.0,今村聖奈,1:36.5,1.1/4,41.4,13.0,478(-6),[西] 寺島良,202204020412
1,2,3,ペイシャフェリ,牝2,54.0,石橋脩,1:12.6,,7.0,3.0,466(0),[東] 高橋裕,202204030101
2,4,7,ダンスインザリング,牡2,54.0,岩田康誠,1:12.9,1.3/4,76.6,14.0,436(-2),[東] 武井亮,202204030101
3,8,14,リリージェーン,牝2,51.0,原優介,1:12.9,クビ,25.9,9.0,420(+2),[東] 小手川準,202204030101
4,3,5,エリカキルシェ,牝2,54.0,戸崎圭太,1:13.1,3/4,3.8,1.0,450(-6),[東] 宮田敬介,202204030101
5,5,9,セイウンダマシイ,牡2,54.0,内田博幸,1:13.1,クビ,13.8,7.0,456(0),[東] 武市康男,202204030101
6,2,2,ノーブルヴィクター,牡2,54.0,柴田善臣,1:13.2,クビ,20.0,8.0,440(-16),[東] 水野貴広,202204030101
7,4,6,ワクワクルンルン,牝2,54.0,柴田大知,1:13.3,1,40.0,11.0,448(-2),[東] 畠山吉宏,202204030101
8,7,12,エコロヴィーガ,牝2,54.0,Ｍ．デム,1:13.4,クビ,8.5,4.0,470(-4),[東] 矢野英一,202204030101
9,6,10,ペイシャアップ,牝2,51.0,佐々木大,1:13.5,3/4,159.2,15.0,426(-6),[東] 土田稔,202204030101
10,5,8,サルフトピッチ,牝2,54.0,菅原明良,1:13.8,1.3/4,10.3,5.0,434(+4),[東] 新開幸一,202204030101
11,7,13,ベアカワイコチャン,牝2,54.0,丸田恭介,1:14.2,2.1/2,37.0,10.0,474(-10),[東] 杉浦宏昭,202204030101
12,6,11,ライヴペッパー,牡2,54.0,木幡巧也,1:14.2,アタマ,4.4,2.0,432(-2),[東] 牧光二,202204030101
13,1,1,メルティーショコラ,牝2,52.0,小林脩斗,1:14.7,3,12.2,6.0,456(-2),[東] 武藤善則,202204030101
14,3,4,トータルプラン,牡2,54.0,三浦皇成,1:14.7,クビ,53.9,12.0,456(0),[東] 小桧山悟,202204030101
15,8,15,クリノゴッホ,牡2,54.0,菊沢一樹,1:15.7,6,73.7,13.0,448(-8),[東] 岩戸孝樹,202204030101
1,8,16,ダノンザタイガー,牡2,54.0,川田将雅,1:48.2,,1.2,1.0,488(0),[東] 国枝栄,202204030102
2,3,6,グランツグリーン,牡2,54.0,石川裕紀,1:48.6,2,8.9,3.0,404(-10),[東] 相沢郁,202204030102
3,6,12,ピーエムギャレット,牝2,54.0,津村明秀,1:48.7,1,118.6,8.0,452(-4),[東] 和田正一,202204030102
4,1,1,シャンボール,牡2,54.0,吉田豊,1:49.1,2.1/2,34.4,5.0,470(0),[東] 上原博之,202204030102
5,1,2,ファイナルヒート,牡2,54.0,戸崎圭太,1:49.1,クビ,6.8,2.0,494(-6),[東] 古賀慎明,202204030102
6,4,7,アマイ,牝2,54.0,岩部純二,1:49.4,1.1/2,164.2,10.0,442(-4),[東] 大江原哲,202204030102
7,2,3,ウェンス,牡2,54.0,木幡巧也,1:49.6,1.1/2,26.6,4.0,434(-4),[東] 杉浦宏昭,202204030102
8,7,13,レジーナヌーボ,牝2,54.0,杉原誠人,1:49.6,ハナ,95.3,7.0,412(-14),[東] 武市康男,202204030102
9,6,11,オールアルミュール,牡2,54.0,江田照男,1:49.6,クビ,281.8,14.0,510(+2),[東] 的場均,202204030102
10,3,5,グランラウディー,牡2,52.0,藤田菜七,1:50.0,2.1/2,170.1,11.0,502(0),[東] 黒岩陽一,202204030102
11,4,8,シルバープリペット,牡2,54.0,嶋田純次,1:50.2,3/4,319.1,15.0,436(-6),[東] 松山将樹,202204030102
12,8,15,レインボーウォリア,牡2,54.0,松岡正海,1:50.2,ハナ,56.5,6.0,442(+4),[東] 伊坂重信,202204030102
13,7,14,アヴェッリーノ,牡2,54.0,内田博幸,1:50.2,クビ,336.7,16.0,468(-4),[東] 的場均,202204030102
14,5,9,ノーアーギュメント,牡2,54.0,柴田善臣,1:50.6,2.1/2,196.7,13.0,474(0),[東] 南田美知,202204030102
15,5,10,ジューンナックル,牡2,51.0,原優介,1:50.7,1/2,179.8,12.0,436(-8),[東] 小桧山悟,202204030102
16,2,4,ロケッツアン,牡2,54.0,岩田康誠,1:50.9,3/4,149.0,9.0,476(-2),[東] 加藤士津,202204030102
1,7,13,カリカ,牝3,54.0,吉田豊,1:12.3,,5.3,3.0,474(-2),[東] 小西一男,202204030103
2,4,7,アドレマピュス,牝3,54.0,丸田恭介,1:12.4,3/4,102.2,12.0,458(-8),[東] 田村康仁,202204030103
3,5,9,クイーンアポーン,牝3,54.0,Ｍ．デム,1:12.5,クビ,9.2,7.0,454(+10),[東] 土田稔,202204030103
4,7,12,ファームラヴ,牝3,54.0,岩田康誠,1:12.7,1.1/4,8.5,5.0,456(-2),[東] 辻哲英,202204030103
5,2,3,チャオベッラ,牝3,54.0,ルメール,1:12.8,クビ,5.1,2.0,452(+4),[東] 堀内岳志,202204030103
6,8,14,サリーギャップ,牝3,54.0,戸崎圭太,1:12.8,クビ,3.5,1.0,468(0),[東] 加藤士津,202204030103
7,6,11,ルピコラ,牝3,54.0,柴田大知,1:13.1,1.1/2,30.7,9.0,438(-14),[東] 畠山吉宏,202204030103
8,4,6,ティアップブランカ,牝3,52.0,小林脩斗,1:13.2,3/4,58.3,11.0,454(-2),[東] 奥平雅士,202204030103
9,5,8,ナカガワフェイス,牝3,54.0,内田博幸,1:13.5,1.3/4,8.0,4.0,494(+10),[東] 上原博之,202204030103
10,3,5,モンサンレジャンド,牝3,54.0,木幡巧也,1:13.5,ハナ,8.9,6.0,448(-4),[東] 牧光二,202204030103
11,1,1,ランパデール,牝3,54.0,三浦皇成,1:13.5,アタマ,28.9,8.0,416(-2),[東] 和田雄二,202204030103
12,6,10,ロザシアニン,牝3,51.0,佐々木大,1:13.7,3/4,205.4,13.0,462(0),[東] 小島茂之,202204030103
13,2,2,リュッケ,牝3,54.0,福永祐一,1:14.2,3.1/2,53.1,10.0,478(0),[東] 加藤征弘,202204030103
14,8,15,フジサンリンバン,牝3,54.0,菊沢一樹,1:14.5,1.3/4,249.1,14.0,474(+4),[東] 松山将樹,202204030103
15,3,4,スミシュー,牝3,52.0,藤田菜七,1:16.5,大,253.3,15.0,474(+2),[東] 中野栄治,202204030103
1,5,9,フジフォンテ,牡3,56.0,石川裕紀,1:53.3,,13.4,6.0,446(-8),[東] 尾形和幸,202204030104
2,3,5,クイーンカトリーヌ,牝3,51.0,原優介,1:53.5,1.1/4,5.4,2.0,438(-10),[東] 大和田成,202204030104
3,4,6,ブランショセット,牡3,56.0,ルメール,1:53.9,2.1/2,2.6,1.0,484(-2),[東] 中川公成,202204030104
4,5,8,アオカミ,牡3,56.0,柴田善臣,1:54.0,1/2,5.6,3.0,470(+8),[東] 和田勇介,202204030104
5,2,3,リュウバター,牡3,56.0,丸田恭介,1:54.4,2.1/2,62.4,11.0,480(+6),[東] 佐藤吉勝,202204030104
6,2,2,ノーブルグレイシャ,牝3,52.0,小林脩斗,1:54.6,1,23.8,8.0,462(-6),[東] 武藤善則,202204030104
7,7,13,ペイシャガルボ,牡3,56.0,武士沢友,1:54.7,1/2,75.7,12.0,480(+6),[東] 高橋裕,202204030104
8,8,15,キタノドーベル,牝3,54.0,木幡巧也,1:55.5,5,30.2,9.0,438(-6),[東] 深山雅史,202204030104
9,7,12,ワイルドアイズ,牝3,52.0,藤田菜七,1:56.2,4,48.1,10.0,472(0),[東] 辻哲英,202204030104
10,8,14,ファットーラモーレ,牡3,56.0,嶋田純次,1:56.4,3/4,237.1,15.0,490(-10),[東] 大竹正博,202204030104
11,6,10,グランシャーク,牡3,56.0,菊沢一樹,1:56.4,クビ,9.9,5.0,498(+6),[東] 田島俊明,202204030104
12,3,4,ピンクコーラル,牝3,51.0,佐々木大,1:56.6,1,213.5,14.0,440(0),[東] 本間忍,202204030104
13,6,11,テンクウノツバサ,牡3,56.0,田辺裕信,1:57.1,3,7.5,4.0,488(+6),[東] 中舘英二,202204030104
14,4,7,フロムワンズハート,牝3,54.0,内田博幸,2:01.1,大,16.3,7.0,480(+12),[東] 田村康仁,202204030104
15,1,1,ヴェストヴォーグ,牡3,56.0,津村明秀,2:01.6,3,201.6,13.0,534(0),[東] 鈴木慎太,202204030104
1,2,4,エナジーチャイム,牝2,54.0,ルメール,1:34.8,,3.2,2.0,416(0),[東] 手塚貴久,202204030105
2,7,13,ショウナンアレクサ,牡2,54.0,岩田康誠,1:34.8,アタマ,2.5,1.0,484(0),[西] 清水久詞,202204030105
3,1,1,ルージュクレセント,牝2,54.0,菅原明良,1:35.8,6,5.8,3.0,444(0),[東] 国枝栄,202204030105
4,8,17,アームブランシュ,牡2,54.0,吉田豊,1:36.0,1.1/2,25.5,6.0,442(0),[東] 竹内正洋,202204030105
5,4,7,アイワナアイドル,牝2,54.0,福永祐一,1:36.5,3,11.1,4.0,408(0),[東] 戸田博文,202204030105
6,5,10,タイセイドルチェ,牝2,54.0,田辺裕信,1:36.5,アタマ,12.8,5.0,472(0),[東] 伊藤圭三,202204030105
7,7,14,テリオスノア,牝2,54.0,三浦皇成,1:36.9,2.1/2,63.9,9.0,460(0),[東] 田島俊明,202204030105
8,6,12,ジュレーヴ,牡2,54.0,石川裕紀,1:37.0,クビ,244.2,16.0,412(0),[東] 堀内岳志,202204030105
9,8,15,ヒラボクムーン,牝2,54.0,内田博幸,1:37.1,3/4,233.9,14.0,466(0),[東] 田中剛,202204030105
10,5,9,リーア,牝2,54.0,戸崎圭太,1:37.2,1/2,26.5,7.0,442(0),[東] 小西一男,202204030105
11,4,8,クリノマイスター,牡2,54.0,松岡正海,1:37.4,1.1/2,116.7,12.0,466(0),[西] 中尾秀正,202204030105
12,1,2,イーデンテソーロ,牡2,54.0,木幡巧也,1:37.5,クビ,63.7,8.0,454(0),[東] 加藤士津,202204030105
13,6,11,キタノオブピース,牡2,54.0,的場勇人,1:37.6,3/4,236.0,15.0,434(0),[東] 粕谷昌央,202204030105
14,3,6,ビッグリュウオー,牡2,54.0,江田照男,1:37.6,ハナ,97.5,11.0,514(0),[東] 土田稔,202204030105
15,2,3,バナナシェイク,牝2,54.0,杉原誠人,1:37.9,1.1/2,208.6,13.0,448(0),[東] 佐藤吉勝,202204030105
16,3,5,ウインエルフリーデ,牝2,51.0,原優介,1:38.6,4,70.5,10.0,432(0),[東] 青木孝文,202204030105
中,8,16,ハードキャリー,牡2,54.0,嶋田純次,,,315.0,17.0,490(0),[東] 伊藤伸一,202204030105
1,6,12,ハーエクセレンシー,牝2,54.0,石橋脩,1:24.0,,8.5,4.0,412(0),[東] 大和田成,202204030106
2,4,8,ヴゼットマシェリ,牝2,54.0,戸崎圭太,1:24.3,1.3/4,16.1,5.0,420(0),[西] 牧浦充徳,202204030106
3,7,15,ユアフラッシュ,牝2,54.0,岩田康誠,1:24.7,2.1/2,44.3,9.0,414(0),[西] 辻野泰之,202204030106
4,5,9,クロスリーフ,牝2,54.0,福永祐一,1:24.7,クビ,2.0,1.0,466(0),[西] 池江泰寿,202204030106
5,2,4,キタノチェロキー,牝2,54.0,武士沢友,1:24.7,ハナ,203.1,16.0,448(0),[東] 粕谷昌央,202204030106
6,8,18,ディアナバイオ,牝2,54.0,丸田恭介,1:24.8,3/4,37.6,7.0,444(0),[東] 奥平雅士,202204030106
7,1,1,チキチキチータ,牝2,54.0,木幡巧也,1:24.9,クビ,39.1,8.0,410(0),[東] 杉浦宏昭,202204030106
8,1,2,クライノート,牝2,54.0,柴田大知,1:25.0,1,5.7,2.0,438(0),[東] 畠山吉宏,202204030106
9,4,7,オコジュ,牝2,54.0,岩部純二,1:25.2,1,80.5,11.0,434(0),[東] 中野栄治,202204030106
10,7,13,カリンパニ,牝2,51.0,原優介,1:25.3,1/2,78.0,10.0,376(0),[東] 松永康利,202204030106
11,3,5,キーオブハート,牝2,54.0,野中悠太,1:25.4,3/4,126.6,14.0,438(0),[東] 岩戸孝樹,202204030106
12,5,10,デルマウッチャリ,牝2,54.0,的場勇人,1:25.4,ハナ,325.3,17.0,410(0),[東] 的場均,202204030106
13,8,17,ブルーブルースカイ,牝2,54.0,内田博幸,1:25.4,ハナ,165.9,15.0,428(0),[東] 村田一誠,202204030106
14,8,16,ファームフレッシュ,牝2,54.0,伊藤工真,1:25.6,1.1/4,86.5,12.0,442(0),[東] 金成貴史,202204030106
15,3,6,エーデルシュタイン,牝2,54.0,菊沢一樹,1:26.3,4,96.5,13.0,388(0),[東] 浅野洋一,202204030106
16,6,11,エメイヴェイモン,牝2,54.0,Ｍ．デム,1:27.1,5,6.3,3.0,494(0),[西] 中竹和也,202204030106
17,7,14,オランジー,牝2,54.0,石川裕紀,1:30.0,大,17.8,6.0,444(0),[東] 青木孝文,202204030106
除,2,3,フレンドローズ,牝2,52.0,小林脩斗,,,---,,444(0),[東] 南田美知,202204030106
1,3,6,ハイハロー,牡3,56.0,戸崎圭太,1:47.3,,3.5,1.0,496(+4),[東] 宮田敬介,202204030107
2,4,7,キタサンエポナ,牝3,54.0,川田将雅,1:48.0,4,9.3,5.0,444(+8),[西] 斉藤崇史,202204030107
3,8,16,アルテラ,牡3,56.0,津村明秀,1:48.0,ハナ,4.7,3.0,412(-4),[東] 深山雅史,202204030107
4,8,18,マルアズール,牝3,54.0,木幡巧也,1:48.1,1/2,14.4,7.0,410(0),[東] 牧光二,202204030107
5,6,11,シュホ,牝3,54.0,岩田康誠,1:48.1,クビ,27.6,8.0,406(+4),[東] 尾関知人,202204030107
6,5,10,エコロブレーヴ,牡3,56.0,石川裕紀,1:48.2,1/2,33.5,10.0,438(-10),[東] 斎藤誠,202204030107
7,4,8,アンダーユアスペル,牝3,54.0,ルメール,1:48.4,1.1/4,4.3,2.0,458(-10),[東] 小西一男,202204030107
8,3,5,サンマルディライト,牡3,56.0,田辺裕信,1:48.4,ハナ,10.5,6.0,460(0),[東] 和田勇介,202204030107
9,1,1,タイセイエール,牝3,54.0,菅原明良,1:48.4,アタマ,9.1,4.0,438(-4),[東] 池上昌和,202204030107
10,2,3,シャークアタック,牡3,53.0,佐々木大,1:48.8,2,32.7,9.0,476(0),[東] 竹内正洋,202204030107
11,8,17,ソリスルクス,牡3,56.0,内田博幸,1:49.1,2,51.3,12.0,448(+10),[東] 萩原清,202204030107
12,7,15,ブローヴェイス,牡3,56.0,岩部純二,1:49.4,1.1/2,50.3,11.0,434(+8),[東] 浅野洋一,202204030107
13,6,12,サットンプレイス,牝3,54.0,菊沢一樹,1:49.6,1.1/4,220.6,13.0,486(0),[東] 小島茂之,202204030107
14,1,2,ロウレイロ,牝3,52.0,柴田大知,1:49.8,1.1/2,242.3,14.0,486(+6),[東] 佐藤吉勝,202204030107
15,7,13,トヨリュウオー,牝3,54.0,杉原誠人,1:50.3,3,414.6,16.0,410(-8),[東] 大和田成,202204030107
16,2,4,オレノブルース,牡3,53.0,原優介,1:52.1,大,492.4,17.0,446(-13),[東] 南田美知,202204030107
17,5,9,グラスセービア,牡3,56.0,嶋田純次,1:52.4,2,602.1,18.0,488(0),[東] 手塚貴久,202204030107
18,7,14,プランタニエール,牝3,54.0,野中悠太,1:59.7,大,388.2,15.0,444(+12),[東] 勢司和浩,202204030107
1,4,7,タヒチアンダンス,牝3,52.0,福永祐一,1:52.9,,1.5,1.0,468(+4),[東] 加藤征弘,202204030108
2,1,1,アイスヴィスタ,牝5,52.0,原優介,1:53.1,1.1/4,20.4,6.0,486(+8),[西] 高柳大輔,202204030108
3,2,2,ベルカノア,牝3,52.0,戸崎圭太,1:53.6,3,4.4,2.0,462(0),[東] 武藤善則,202204030108
4,4,6,テンナイトパール,牝6,55.0,丸田恭介,1:54.0,2.1/2,125.3,10.0,490(-4),[東] 小西一男,202204030108
5,5,9,カランセ,牝3,52.0,伊藤工真,1:54.5,2.1/2,12.0,3.0,472(+8),[東] 金成貴史,202204030108
6,3,4,クインズミモザ,牝4,55.0,野中悠太,1:54.5,アタマ,12.5,4.0,524(0),[東] 池上昌和,202204030108
7,5,8,アテンフェアリー,牝6,53.0,小林脩斗,1:55.1,3.1/2,66.3,8.0,482(+2),[東] 萱野浩二,202204030108
8,6,10,ペリトモレノ,牝5,55.0,嶋田純次,1:55.1,アタマ,405.2,15.0,490(-6),[東] 大江原哲,202204030108
9,2,3,グラスピレ,牝4,55.0,菊沢一樹,1:55.1,クビ,157.0,12.0,464(0),[東] 松山将樹,202204030108
10,7,13,アプサラー,牝3,52.0,石川裕紀,1:56.0,5,16.5,5.0,442(+12),[東] 田島俊明,202204030108
11,7,12,ズールー,牝5,55.0,三浦皇成,1:56.7,4,27.1,7.0,474(-2),[東] 高木登,202204030108
12,8,14,エンジェルステアー,牝4,55.0,杉原誠人,1:57.1,2,177.3,13.0,456(+4),[東] 田村康仁,202204030108
13,6,11,ルミナスナイト,牝5,55.0,松岡正海,1:57.3,1.1/4,139.3,11.0,492(-4),[東] 新開幸一,202204030108
14,3,5,ハイスピリッツ,牝4,55.0,柴田大知,1:57.6,2,247.0,14.0,472(+2),[東] 稲垣幸雄,202204030108
15,8,15,ロックオンエイム,牝4,52.0,佐々木大,1:57.9,1.1/2,96.2,9.0,462(+2),[東] 奥村武,202204030108
1,4,4,スパイダーゴールド,牡3,54.0,ルメール,1:58.7,,4.0,2.0,492(+14),[東] 鹿戸雄一,202204030109
2,6,8,リアド,牡3,54.0,福永祐一,1:59.1,2.1/2,1.7,1.0,468(+6),[西] 友道康夫,202204030109
3,8,13,サザンナイツ,セ4,57.0,津村明秀,1:59.1,ハナ,94.4,9.0,438(0),[東] 林徹,202204030109
4,6,9,テラフォーミング,牡3,54.0,石橋脩,1:59.3,1.1/2,12.9,5.0,464(+14),[東] 相沢郁,202204030109
5,1,1,アーダレイ,牝4,55.0,内田博幸,1:59.4,クビ,166.1,12.0,454(-4),[西] 庄野靖志,202204030109
6,7,11,ブリングトゥライフ,牝4,55.0,三浦皇成,1:59.5,3/4,38.3,8.0,472(+6),[西] 畑端省吾,202204030109
7,7,10,ヴルカーノ,牡4,57.0,柴田善臣,1:59.5,ハナ,28.6,6.0,484(-4),[東] 稲垣幸雄,202204030109
8,3,3,ウインシュクラン,セ4,57.0,菊沢一樹,1:59.5,クビ,169.5,13.0,456(+4),[東] 鹿戸雄一,202204030109
9,5,6,エシカル,牡4,57.0,菅原明良,1:59.8,1.3/4,10.1,4.0,512(+8),[東] 高橋文雅,202204030109
10,4,5,マイネルパリオート,牡4,57.0,柴田大知,1:59.8,ハナ,37.2,7.0,464(+8),[東] 高橋裕,202204030109
11,2,2,ヒシシュシュ,牝4,55.0,田辺裕信,2:00.0,1.1/4,8.2,3.0,406(-10),[東] 中舘英二,202204030109
12,8,12,レッドペルーシュ,牝5,55.0,丸田恭介,2:01.2,7,108.4,10.0,418(-14),[東] 宗像義忠,202204030109
13,5,7,レヴォリオ,牡4,57.0,石川裕紀,2:01.5,1.3/4,159.6,11.0,488(+12),[東] 伊坂重信,202204030109
1,6,8,ブライトオンベイス,牝3,52.0,秋山真一,1:22.2,,7.5,6.0,450(+16),[西] 清水久詞,202204030110
2,1,1,ベッラノーヴァ,牝4,55.0,ルメール,1:22.2,クビ,7.0,4.0,412(+4),[東] 金成貴史,202204030110
3,8,12,サルビア,牝4,55.0,福永祐一,1:22.4,1.1/4,4.7,2.0,476(+2),[西] 鈴木孝志,202204030110
4,3,3,タケルラスティ,牡5,57.0,吉田豊,1:22.6,1.1/4,49.8,9.0,490(-14),[西] 矢作芳人,202204030110
5,6,9,アップリバー,牝4,55.0,津村明秀,1:22.7,3/4,15.2,7.0,496(+4),[東] 牧光二,202204030110
6,5,7,リヴェール,牝5,55.0,川田将雅,1:22.8,クビ,5.1,3.0,440(-6),[西] 鮫島一歩,202204030110
7,4,5,ピースユニヴァース,牡7,57.0,木幡巧也,1:22.9,3/4,234.9,13.0,494(-4),[東] 尾形和幸,202204030110
8,4,4,エスジープリンセス,牝4,55.0,杉原誠人,1:22.9,ハナ,40.0,8.0,472(0),[東] 和田勇介,202204030110
9,2,2,アンジュミニョン,牝6,55.0,菅原明良,1:23.2,1.1/2,3.4,1.0,464(+6),[西] 佐々木晶,202204030110
10,5,6,トーカイキング,牡4,57.0,岩田康誠,1:23.2,クビ,7.4,5.0,464(+2),[西] 茶木太樹,202204030110
11,7,11,ルミナスライン,牝4,55.0,柴田大知,1:23.6,2.1/2,87.6,11.0,448(+12),[東] 清水英克,202204030110
12,7,10,ブルーエクセレンス,牡6,57.0,野中悠太,1:24.5,5,150.6,12.0,492(+8),[東] 金成貴史,202204030110
13,8,13,ケリアテソーロ,牝4,55.0,石川裕紀,1:24.6,1/2,52.4,10.0,446(+6),[東] 伊坂重信,202204030110
1,6,11,トミケンルーア,セ6,55.0,木幡初也,0:56.3,,7.3,3.0,486(-2),[東] 竹内正洋,202204030111
2,6,12,ショウナンバニラ,牝6,53.0,三浦皇成,0:56.4,1/2,8.1,4.0,450(-2),[東] 武市康男,202204030111
3,8,16,ショウナンバービー,牝5,53.0,Ｍ．デム,0:56.4,クビ,4.5,1.0,510(+6),[東] 田中剛,202204030111
4,1,2,ファイアダンサー,牝4,53.0,戸崎圭太,0:56.7,1.3/4,30.6,10.0,450(+4),[東] 鈴木慎太,202204030111
5,8,17,ヒロノトウリョウ,牡6,55.0,丸田恭介,0:56.7,クビ,6.1,2.0,500(0),[東] 蛯名利弘,202204030111
6,3,6,ジャズエチュード,牝4,54.0,ルメール,0:56.9,3/4,10.2,7.0,510(-4),[東] 黒岩陽一,202204030111
7,8,18,ノアヴィグラス,牝4,51.0,藤田菜七,0:56.9,クビ,8.3,5.0,464(-6),[東] 天間昭一,202204030111
8,4,8,ムスコローソ,牡7,54.0,嶋田純次,0:57.2,1.3/4,85.2,16.0,528(+10),[東] 手塚貴久,202204030111
9,4,7,スイーツマジック,牝4,52.0,木幡巧也,0:57.2,アタマ,65.2,14.0,472(-4),[東] 佐藤吉勝,202204030111
10,7,15,ベイビーボス,牡5,55.0,菅原明良,0:57.2,アタマ,14.5,8.0,478(0),[東] 矢野英一,202204030111
11,7,14,スーパーウーパー,牝4,51.0,松岡正海,0:57.2,ハナ,31.3,11.0,476(-4),[西] 森秀行,202204030111
12,5,9,シホノレジーナ,牝5,52.0,菊沢一樹,0:57.4,1,89.3,17.0,498(0),[西] 寺島良,202204030111
13,7,13,シャチ,牡5,51.0,原優介,0:57.5,1/2,34.0,12.0,460(0),[東] 小桧山悟,202204030111
14,1,1,テーオーマルクス,牡5,55.0,岩田康誠,0:57.6,1,58.1,13.0,496(0),[西] 宮徹,202204030111
15,2,3,ジャスパージャック,牡6,56.0,川田将雅,0:57.7,3/4,9.1,6.0,538(+10),[西] 森秀行,202204030111
16,3,5,トミケンボハテル,牡8,53.0,内田博幸,0:58.2,3,356.7,18.0,508(+20),[東] 蛯名利弘,202204030111
17,5,10,フミロア,牝4,52.0,江田照男,0:58.4,1.1/4,20.8,9.0,452(-6),[東] 黒岩陽一,202204030111
18,2,4,クルークヴァール,牡7,54.0,津村明秀,0:59.0,3.1/2,70.3,15.0,470(-2),[西] 中村直也,202204030111
1,4,7,スンヌンタイ,牝3,52.0,川田将雅,1:11.9,,3.1,1.0,496(-2),[東] 岩戸孝樹,202204030112
2,2,3,オールフラッグ,牡3,54.0,内田博幸,1:11.9,アタマ,8.7,4.0,482(+10),[東] 奥村武,202204030112
3,3,4,マイネルシトラス,牡3,54.0,戸崎圭太,1:12.2,1.3/4,10.1,5.0,510(-2),[東] 武市康男,202204030112
4,7,13,ベルウッドウズメ,牡3,54.0,菅原明良,1:12.4,1.1/2,4.8,3.0,500(0),[東] 本間忍,202204030112
5,1,1,ミラビリス,牝3,52.0,石川裕紀,1:12.4,ハナ,4.1,2.0,460(+12),[東] 斎藤誠,202204030112
6,8,14,タマダイヤモンド,牝4,55.0,津村明秀,1:12.5,1/2,17.5,7.0,484(-2),[東] 相沢郁,202204030112
7,3,5,エコロブラスト,牡4,57.0,石橋脩,1:12.5,クビ,84.3,10.0,502(-4),[東] 矢野英一,202204030112
8,6,10,コウユーママニニテ,牝3,52.0,木幡初也,1:12.7,1,18.1,8.0,452(+10),[東] 竹内正洋,202204030112
9,8,15,イルザ,牝3,52.0,福永祐一,1:12.7,ハナ,10.4,6.0,448(+6),[東] 小手川準,202204030112
10,5,9,プロトサマニ,牝4,55.0,杉原誠人,1:12.8,クビ,142.8,12.0,510(-4),[東] 浅野洋一,202204030112
11,2,2,エコロワカ,牝4,55.0,江田照男,1:12.9,1/2,106.1,11.0,452(-4),[東] 深山雅史,202204030112
12,7,12,ヤンチャプリヒメ,牝6,55.0,菊沢一樹,1:13.1,1.1/4,161.3,13.0,444(+6),[東] 浅野洋一,202204030112
13,4,6,アイファーラクーン,牝4,53.0,藤田菜七,1:13.1,クビ,295.9,14.0,436(0),[東] 根本康広,202204030112
14,6,11,ドリームウィーバー,牡4,54.0,原優介,1:13.8,4,355.7,15.0,482(+14),[東] 伊藤伸一,202204030112
15,5,8,リュタン,牡3,54.0,松岡正海,1:15.2,8,40.5,9.0,496(+14),[東] 武藤善則,202204030112
1,6,9,エールヴィオレ,牝5,58.0,白浜雄造,3:04.8,,3.6,2.0,458(+6),[西] 武英智,202204030201
2,3,3,エカテリンブルク,牡5,60.0,北沢伸也,3:06.1,8,2.1,1.0,506(0),[西] 四位洋文,202204030201
3,2,2,ブレイニーラン,牡7,57.0,小牧加矢,3:07.2,7,11.5,5.0,480(-2),[西] 畑端省吾,202204030201
4,8,13,タンジェントアーク,牡4,60.0,大江原圭,3:07.4,3/4,105.3,9.0,446(+12),[東] 田村康仁,202204030201
5,4,5,エターナルボンド,牡5,60.0,草野太郎,3:07.7,1.3/4,6.1,3.0,514(-4),[東] 伊藤圭三,202204030201
6,7,12,アサクサトラマル,牡4,60.0,蓑島靖典,3:09.5,大,46.1,7.0,454(-2),[東] 戸田博文,202204030201
7,4,6,メルテミア,牡4,60.0,難波剛健,3:10.2,4,81.9,8.0,460(+14),[西] 鈴木孝志,202204030201
8,6,10,クリノラピッド,牝4,58.0,上野翔,3:10.5,2,125.3,10.0,462(+14),[東] 伊藤伸一,202204030201
9,7,11,コラルブラッシュ,牡6,60.0,大庭和弥,3:10.8,2,254.6,14.0,470(+4),[東] 伊藤伸一,202204030201
10,5,8,リフトトゥヘヴン,牡8,60.0,西村太一,3:11.1,1.1/2,134.1,13.0,490(-2),[東] 加藤征弘,202204030201
11,5,7,マイネルツァイト,牡8,60.0,小野寺祐,3:11.2,3/4,16.2,6.0,520(-8),[東] 大和田成,202204030201
12,8,14,コウソクスピード,セ5,60.0,石神深一,3:12.6,8,8.6,4.0,518(0),[東] 中舘英二,202204030201
13,3,4,サンアントニオ,セ5,60.0,小坂忠士,3:20.6,大,127.9,11.0,476(-4),[西] 庄野靖志,202204030201
中,1,1,ビップテッペン,牡5,60.0,中村将之,,,131.4,12.0,446(0),[東] 田島俊明,202204030201
1,4,6,フレンチギフト,牝3,54.0,菅原明良,1:53.1,,4.5,2.0,464(0),[東] 中川公成,202204030202
2,1,1,トリプルスリル,牡3,56.0,木幡巧也,1:53.4,1.1/2,4.9,3.0,474(-4),[東] 牧光二,202204030202
3,6,11,ベイビールビオ,牡3,56.0,田辺裕信,1:53.5,3/4,3.0,1.0,492(0),[東] 田村康仁,202204030202
4,7,13,キングスウェイ,牡3,56.0,武豊,1:53.5,クビ,16.0,8.0,486(+14),[東] 国枝栄,202204030202
5,6,10,センジュ,牡3,53.0,原優介,1:53.6,1/2,15.6,7.0,456(0),[東] 南田美知,202204030202
6,2,3,トリデンテ,牡3,56.0,内田博幸,1:53.6,ハナ,51.6,10.0,510(0),[東] 田村康仁,202204030202
7,8,14,ワンダーロゼット,牝3,54.0,菅原隆一,1:54.0,2.1/2,523.4,15.0,464(+4),[東] 畠山吉宏,202204030202
8,4,7,ニシノレジスタンス,牡3,56.0,野中悠太,1:54.1,クビ,58.4,11.0,484(+6),[東] 根本康広,202204030202
9,8,15,エメラルセシリア,牝3,54.0,石川裕紀,1:54.4,2,13.7,6.0,424(+4),[東] 相沢郁,202204030202
10,3,5,カペラスター,牡3,56.0,菊沢一樹,1:54.6,1,270.1,14.0,474(-8),[東] 清水英克,202204030202
11,5,9,スペシャルナンバー,牡3,56.0,津村明秀,1:54.9,1.3/4,7.4,4.0,470(-14),[東] 林徹,202204030202
12,3,4,バイオエックス,牡3,56.0,戸崎圭太,1:55.0,1/2,11.6,5.0,504(-16),[東] 黒岩陽一,202204030202
13,7,12,ゴールデンギフト,牡3,56.0,杉原誠人,1:56.0,6,103.1,12.0,490(0),[東] 大和田成,202204030202
14,2,2,ミユキザストロング,牡3,53.0,佐々木大,1:56.2,3/4,214.2,13.0,554(+2),[東] 小西一男,202204030202
15,5,8,ラールブル,牡3,56.0,和田竜二,2:02.6,大,35.8,9.0,490(+4),[東] 池上昌和,202204030202
1,2,4,リバーラ,牝2,54.0,石橋脩,1:09.1,,14.3,7.0,418(+2),[東] 高柳瑞樹,202204030203
2,6,12,ハルオーブ,牡2,54.0,三浦皇成,1:09.1,クビ,3.8,1.0,446(-2),[東] 武井亮,202204030203
3,5,9,クールムーア,牡2,54.0,Ｍ．デム,1:09.3,1.1/4,4.3,2.0,458(-2),[東] 矢野英一,202204030203
4,3,5,トロピカルヒーロー,牡2,51.0,佐々木大,1:09.4,1/2,80.0,10.0,464(-4),[東] 武藤善則,202204030203
5,1,2,クリントンテソーロ,牡2,54.0,木幡巧也,1:09.9,3,124.5,12.0,426(+4),[東] 牧光二,202204030203
6,7,13,カツノテンス,牡2,54.0,松岡正海,1:10.1,1.1/4,272.7,17.0,434(-6),[東] 伊藤伸一,202204030203
7,4,8,グラスヴィガー,牡2,54.0,田辺裕信,1:10.1,ハナ,7.5,4.0,456(-4),[東] 尾形和幸,202204030203
8,4,7,クレイプマートル,牝2,54.0,杉原誠人,1:10.1,クビ,9.6,6.0,516(+6),[東] 中川公成,202204030203
9,5,10,マホロバ,牡2,54.0,菅原明良,1:10.2,1/2,6.9,3.0,510(-4),[東] 和田正一,202204030203
10,8,17,ショッキングブルー,牝2,54.0,柴田大知,1:10.3,クビ,17.6,8.0,422(+4),[東] 清水英克,202204030203
11,7,15,エマウリオマレプ,牝2,54.0,江田照男,1:10.5,1.1/2,168.5,14.0,506(-2),[東] 伊藤大士,202204030203
12,1,1,オフェーリア,牝2,54.0,嶋田純次,1:10.6,1/2,201.6,16.0,420(0),[東] 石毛善彦,202204030203
13,2,3,カッテミル,牝2,54.0,岩部純二,1:10.6,ハナ,9.0,5.0,440(+4),[東] 奥平雅士,202204030203
14,6,11,ニシノメラーキ,牡2,54.0,内田博幸,1:10.7,3/4,61.7,9.0,432(+4),[東] 的場均,202204030203
15,3,6,ナックブライアン,牡2,54.0,木幡初也,1:11.0,1.3/4,130.1,13.0,460(+4),[東] 杉浦宏昭,202204030203
16,8,16,クリイロ,牝2,52.0,小林脩斗,1:11.1,クビ,170.8,15.0,390(-4),[東] 高橋裕,202204030203
17,8,18,ビルカール,牡2,54.0,戸崎圭太,1:14.6,大,93.3,11.0,462(-2),[東] 水野貴広,202204030203
除,7,14,ロジブライアン,牡2,54.0,石川裕紀,,,---,,500(0),[東] 稲垣幸雄,202204030203
1,8,14,カフェベラノッテ,牡3,54.0,小林脩斗,1:10.7,,28.8,8.0,460(+2),[東] 中舘英二,202204030204
2,7,12,パンタナル,牡3,56.0,和田竜二,1:10.7,アタマ,15.9,6.0,508(-2),[東] 高木登,202204030204
3,3,5,フエキ,牝3,54.0,田辺裕信,1:10.8,クビ,1.9,1.0,510(0),[東] 和田正一,202204030204
4,3,4,クリスタルウエイ,牡3,56.0,吉田豊,1:10.9,1/2,7.0,3.0,474(0),[東] 高橋文雅,202204030204
5,1,1,ドリームビリーバー,牡3,56.0,ルメール,1:11.0,3/4,7.4,4.0,448(+2),[東] 戸田博文,202204030204
6,8,15,ブラザリーラヴ,牡3,56.0,丸田恭介,1:11.1,クビ,68.8,10.0,430(+4),[東] 大竹正博,202204030204
7,5,8,ペイシャブライティ,牡3,56.0,菅原明良,1:11.2,1,5.4,2.0,486(-12),[東] 松永康利,202204030204
8,4,6,オルロージュ,牡3,56.0,Ｍ．デム,1:11.2,クビ,15.7,5.0,440(-6),[東] 田中剛,202204030204
9,2,3,ジュヴゼーム,牡3,56.0,柴田大知,1:11.5,1.3/4,75.5,11.0,518(+14),[東] 小島茂之,202204030204
10,6,11,テンコウバヒ,牡3,56.0,石橋脩,1:11.8,1.3/4,24.0,7.0,452(+6),[東] 矢野英一,202204030204
11,2,2,アポ,牡3,53.0,原優介,1:12.2,2,86.6,12.0,466(+6),[東] 奥村武,202204030204
12,6,10,キタサンドライバー,牡3,56.0,武士沢友,1:12.5,1.3/4,123.1,14.0,498(-14),[東] 小笠倫弘,202204030204
13,4,7,ヴェクトライズ,牡3,56.0,木幡巧也,1:12.5,アタマ,98.0,13.0,504(-4),[東] 上原博之,202204030204
14,5,9,イージスカフェ,牡3,53.0,佐々木大,1:12.7,1.1/4,42.7,9.0,486(-2),[東] 堀宣行,202204030204
15,7,13,スペキュレーター,牡3,56.0,水口優也,1:13.2,3,428.6,15.0,454(-6),[東] 伊藤伸一,202204030204
1,3,5,ヒシルリアン,牡2,54.0,戸崎圭太,1:50.8,,7.7,3.0,490(0),[東] 宮田敬介,202204030205
2,8,15,マイネルモーント,牡2,54.0,Ｍ．デム,1:50.9,1/2,3.7,2.0,436(0),[東] 高木登,202204030205
3,1,1,エイシンレジューム,牡2,54.0,和田竜二,1:51.0,3/4,11.0,5.0,488(0),[西] 中尾秀正,202204030205
4,2,3,サスツルギ,牡2,54.0,ルメール,1:51.1,3/4,2.7,1.0,488(0),[東] 木村哲也,202204030205
5,7,12,トリプルループ,牝2,54.0,武豊,1:51.1,ハナ,8.0,4.0,488(0),[西] 森秀行,202204030205
6,8,14,スーパーマン,牡2,54.0,木幡巧也,1:51.4,2,15.6,6.0,480(0),[東] 岩戸孝樹,202204030205
7,6,10,ビルドラポール,牡2,54.0,柴田大知,1:51.7,1.1/2,33.2,8.0,494(0),[東] 西田雄一,202204030205
8,3,4,イージーオンミー,牝2,54.0,内田博幸,1:52.1,2.1/2,101.1,12.0,430(0),[東] 中舘英二,202204030205
9,4,7,アサクサアダム,牡2,54.0,吉田豊,1:52.1,ハナ,84.1,11.0,476(0),[東] 戸田博文,202204030205
10,5,9,ニシノスナイパー,牡2,54.0,石川裕紀,1:52.1,ハナ,54.7,10.0,460(0),[東] 手塚貴久,202204030205
11,7,13,イゾレエオリア,牝2,54.0,菅原明良,1:52.2,1/2,32.0,7.0,440(0),[東] 伊藤大士,202204030205
12,5,8,リネンマンボ,牡2,51.0,原優介,1:52.5,1.3/4,334.3,15.0,452(0),[東] 粕谷昌央,202204030205
13,4,6,タッケンイッキ,牡2,54.0,三浦皇成,1:52.7,1.1/4,36.6,9.0,498(0),[西] 池江泰寿,202204030205
14,2,2,フルーツサンド,牝2,54.0,江田照男,1:53.2,3,217.3,14.0,422(0),[東] 大江原哲,202204030205
15,6,11,フルハウス,牡2,54.0,石橋脩,1:57.4,大,129.8,13.0,466(0),[東] 奥村武,202204030205
1,3,6,ハイエスティーム,牝3,54.0,川田将雅,2:00.0,,3.5,2.0,428(+2),[東] 金成貴史,202204030206
2,7,13,ジャスコ,牝3,54.0,田辺裕信,2:00.1,3/4,45.3,10.0,450(-14),[東] 尾形和幸,202204030206
3,8,16,アンジェラカフェ,牝3,54.0,武士沢友,2:00.5,2.1/2,22.4,6.0,462(+4),[東] 和田勇介,202204030206
4,6,12,キアナフリューゲル,牝3,54.0,内田博幸,2:00.5,クビ,83.6,11.0,470(-2),[東] 和田勇介,202204030206
5,4,8,ブルーグラスソング,牝3,54.0,丸田恭介,2:00.6,クビ,35.2,8.0,442(-2),[東] 大竹正博,202204030206
6,7,15,アイスランドポピー,牝3,54.0,ルメール,2:00.8,1.1/2,1.9,1.0,462(0),[東] 中川公成,202204030206
7,2,4,イントロバート,牝3,54.0,木幡巧也,2:00.9,3/4,35.6,9.0,486(+8),[東] 的場均,202204030206
8,4,7,ネージュプドルーズ,牝3,54.0,和田竜二,2:01.1,1.1/4,318.1,16.0,406(+2),[東] 尾関知人,202204030206
9,1,2,フォーユーランラン,牝3,52.0,小林脩斗,2:01.2,1/2,97.0,12.0,422(-6),[東] 粕谷昌央,202204030206
10,8,18,デルマセイレーン,牝3,54.0,戸崎圭太,2:01.2,クビ,26.8,7.0,436(+6),[東] 鈴木慎太,202204030206
11,2,3,ノアチェリー,牝3,54.0,江田照男,2:01.3,クビ,10.6,4.0,472(-4),[東] 大江原哲,202204030206
12,3,5,フレイムリリー,牝3,52.0,藤田菜七,2:01.9,3.1/2,179.9,14.0,420(-2),[東] 深山雅史,202204030206
13,5,9,ロンギングママー,牝3,54.0,石橋脩,2:02.0,1/2,9.9,3.0,468(+12),[東] 黒岩陽一,202204030206
14,6,11,ヒメゴゼン,牝3,54.0,柴田大知,2:02.0,アタマ,17.2,5.0,398(+4),[東] 畠山吉宏,202204030206
15,5,10,ラベンダージェンヌ,牝3,54.0,菊沢一樹,2:02.1,3/4,268.3,15.0,488(-8),[東] 和田勇介,202204030206
16,7,14,ニシノジャズ,牝3,54.0,武藤雅,2:02.3,1,152.4,13.0,484(+10),[東] 水野貴広,202204030206
17,1,1,シルミオーネ,牝3,51.0,原優介,2:02.4,3/4,318.4,17.0,456(0),[東] 萩原清,202204030206
18,8,17,フィールドゲラン,牝3,54.0,野中悠太,2:02.6,3/4,445.9,18.0,436(-4),[東] 小西一男,202204030206
1,6,11,アリビオ,牝3,54.0,石川裕紀,0:56.5,,24.2,8.0,430(0),[東] 相沢郁,202204030207
2,2,3,クインズコスモス,牝3,54.0,杉原誠人,0:56.5,アタマ,24.7,9.0,436(0),[東] 加藤士津,202204030207
3,8,17,ベルウッドツクバ,牡3,56.0,三浦皇成,0:56.5,ハナ,2.1,1.0,464(-12),[東] 伊藤大士,202204030207
4,7,13,ミッキージェンヌ,牝3,54.0,菊沢一樹,0:56.6,クビ,12.3,5.0,440(+4),[東] 菊沢隆徳,202204030207
5,4,7,ディージェーサン,牝3,54.0,戸崎圭太,0:57.0,2.1/2,10.5,4.0,412(+8),[東] 小桧山悟,202204030207
6,8,18,クイーンオブチェコ,牝3,54.0,丸田恭介,0:57.1,1/2,76.8,13.0,458(+12),[東] 浅野洋一,202204030207
7,5,10,ブランデウェイン,牡3,56.0,内田博幸,0:57.5,2.1/2,181.7,17.0,476(+6),[東] 伊坂重信,202204030207
8,2,4,キチロクハニー,牝3,54.0,武士沢友,0:57.6,1/2,266.6,18.0,450(-2),[東] 村田一誠,202204030207
9,1,1,ホイッスルベイト,牝3,54.0,水口優也,0:57.7,クビ,74.6,12.0,444(+4),[東] 萱野浩二,202204030207
10,8,16,チアリング,牝3,54.0,江田照男,0:57.8,1,6.0,2.0,454(-2),[東] 本間忍,202204030207
11,4,8,ベルウッドスカイ,牡3,56.0,木幡巧也,0:57.9,クビ,74.3,11.0,490(+2),[東] 牧光二,202204030207
12,7,15,コロンバイン,牝3,54.0,岩部純二,0:57.9,アタマ,7.0,3.0,480(+22),[東] 南田美知,202204030207
13,5,9,ロジマスタング,牝3,51.0,原優介,0:58.2,1.3/4,119.9,14.0,460(-6),[東] 大竹正博,202204030207
14,6,12,モンテジュエル,牝3,54.0,柴田大知,0:58.3,1/2,39.0,10.0,434(-7),[東] 水野貴広,202204030207
15,3,6,ララペティアン,牝3,54.0,津村明秀,0:58.5,1.1/4,14.2,6.0,484(+6),[東] 大竹正博,202204030207
16,7,14,リリーズメモリー,牝3,54.0,嶋田純次,0:58.7,1.1/2,18.3,7.0,504(-2),[東] 小手川準,202204030207
17,3,5,レッドコーラル,牝3,54.0,松岡正海,0:59.7,6,132.6,15.0,448(0),[東] 伊藤伸一,202204030207
18,1,2,ライセンストゥキル,セ3,54.0,藤田菜七,0:59.9,1.1/4,180.1,16.0,458(-2),[東] 小島茂之,202204030207
1,6,10,イスカンダル,牡3,54.0,菊沢一樹,1:51.9,,13.6,6.0,462(+4),[東] 岩戸孝樹,202204030208
2,6,11,インディペンデント,牡4,57.0,武藤雅,1:52.3,2.1/2,130.3,14.0,462(0),[東] 武藤善則,202204030208
3,2,2,ホウオウバリスタ,牡3,54.0,戸崎圭太,1:52.3,アタマ,15.2,7.0,534(+4),[東] 稲垣幸雄,202204030208
4,2,3,ロードバルドル,牡3,54.0,三浦皇成,1:52.3,ハナ,5.6,3.0,474(+2),[東] 稲垣幸雄,202204030208
5,3,4,トーホウボルツ,牡4,57.0,野中悠太,1:52.4,クビ,40.7,9.0,474(-4),[東] 嘉藤貴行,202204030208
6,7,13,ノクターナリティ,牡3,54.0,津村明秀,1:52.4,ハナ,65.9,12.0,476(+4),[東] 上原博之,202204030208
7,8,15,マイネルサハラ,牡3,54.0,柴田大知,1:52.7,2,7.1,4.0,458(-6),[東] 和田雄二,202204030208
8,5,9,ローズピリオド,牡3,54.0,和田竜二,1:53.0,1.3/4,12.1,5.0,470(-6),[東] 中川公成,202204030208
9,4,7,コースタルテラス,牡3,54.0,ルメール,1:53.0,ハナ,3.1,1.0,504(0),[東] 手塚貴久,202204030208
10,3,5,バックスクリーン,牡3,54.0,Ｍ．デム,1:54.1,7,4.2,2.0,512(-4),[東] 斎藤誠,202204030208
11,1,1,スマートルミエール,牡5,57.0,石橋脩,1:54.2,1/2,110.6,13.0,454(-6),[東] 高橋文雅,202204030208
12,4,6,ランドアーティスト,セ5,57.0,石川裕紀,1:54.4,1.1/2,41.9,10.0,474(-6),[東] 辻哲英,202204030208
13,5,8,クリノヴィンセント,牡5,57.0,杉原誠人,1:55.0,3.1/2,43.9,11.0,480(-4),[東] 本間忍,202204030208
14,8,14,ユーアーマイソウル,牡5,57.0,嶋田純次,1:56.2,7,390.6,15.0,500(+10),[東] 石毛善彦,202204030208
中,7,12,エクセルローグ,牡4,57.0,木幡初也,,,20.8,8.0,478(-6),[東] 武市康男,202204030208
1,7,12,クロジシジョー,牡3,54.0,戸崎圭太,1:10.2,,3.7,2.0,436(+6),[西] 岡田稲男,202204030209
2,1,1,ファーンヒル,牡3,54.0,武豊,1:10.2,アタマ,4.4,3.0,466(+8),[西] 清水久詞,202204030209
3,4,7,アルマセクメト,牝4,55.0,津村明秀,1:10.6,2.1/2,69.3,11.0,486(+12),[東] 田村康仁,202204030209
4,5,8,ハクサンライラック,牝6,55.0,三浦皇成,1:10.7,1/2,18.0,5.0,500(+2),[西] 飯田雄三,202204030209
5,4,6,デルマカミカゼ,牡7,57.0,菊沢一樹,1:10.7,ハナ,127.7,13.0,472(+20),[西] 畑端省吾,202204030209
6,7,13,コズミックマインド,セ4,57.0,柴田大知,1:10.8,クビ,199.1,15.0,448(-14),[東] 田島俊明,202204030209
7,8,14,テーオーポシブル,セ6,57.0,荻野琢真,1:10.8,ハナ,91.5,12.0,458(-22),[西] 梅田智之,202204030209
8,5,9,ラキ,牝5,55.0,秋山真一,1:11.0,1.1/2,56.2,10.0,472(+2),[西] 小崎憲,202204030209
9,2,3,フルム,牡3,54.0,水口優也,1:11.0,アタマ,18.1,6.0,472(-2),[西] 浜田多実,202204030209
10,6,10,ゴールデンプルーフ,牝4,55.0,石橋脩,1:11.0,アタマ,37.5,9.0,492(+6),[西] 羽月友彦,202204030209
11,3,4,スターリングワース,牝4,55.0,田辺裕信,1:11.3,1.1/2,31.2,8.0,450(-8),[東] 中舘英二,202204030209
12,6,11,モリノカワセミ,牝6,55.0,江田照男,1:11.4,3/4,131.9,14.0,478(+16),[東] 大江原哲,202204030209
13,2,2,ベストリーガード,牡3,54.0,木幡巧也,1:11.7,1.1/2,3.3,1.0,478(+8),[東] 牧光二,202204030209
14,8,15,アレクサンドラ,牝3,52.0,菅原明良,1:12.1,2.1/2,5.4,4.0,514(+4),[東] 矢野英一,202204030209
中,3,5,ヤマニンビオローネ,牝4,55.0,石川裕紀,,,24.3,7.0,484(+8),[西] 奥村豊,202204030209
1,7,8,ストーリア,牝3,52.0,戸崎圭太,1:47.3,,1.7,1.0,494(+12),[西] 杉山晴紀,202204030210
2,1,1,エクランドール,牝4,55.0,ルメール,1:47.4,1/2,11.3,4.0,432(+6),[東] 手塚貴久,202204030210
3,5,5,ミアマンテ,牝5,55.0,川田将雅,1:47.6,1.1/4,4.6,2.0,440(-2),[東] 木村哲也,202204030210
4,8,11,ウインアルカンナ,牝5,55.0,武藤雅,1:47.7,クビ,43.8,8.0,474(-6),[東] 武市康男,202204030210
5,4,4,アラビアンナイト,牝4,55.0,田辺裕信,1:47.7,クビ,8.7,3.0,444(-2),[東] 田村康仁,202204030210
6,6,6,ブルームスベリー,牝5,55.0,武豊,1:47.8,1/2,12.8,6.0,460(+6),[東] 嘉藤貴行,202204030210
7,2,2,タガノフィナーレ,牝3,52.0,吉田豊,1:47.8,ハナ,12.1,5.0,492(+14),[西] 中村直也,202204030210
8,8,10,ムーンライト,牝5,55.0,和田竜二,1:47.8,ハナ,49.2,9.0,478(+4),[西] 清水久詞,202204030210
9,7,9,マリノソフィア,牝5,55.0,丸田恭介,1:48.0,1.1/4,19.9,7.0,466(+10),[東] 奥平雅士,202204030210
10,3,3,トップザビル,牝4,55.0,石橋脩,1:48.3,1.1/2,171.1,11.0,442(+8),[東] 小手川準,202204030210
11,6,7,ラキャラントシス,牝5,55.0,津村明秀,1:49.6,8,69.4,10.0,484(-2),[東] 鈴木伸尋,202204030210
1,7,12,ウインカーネリアン,牡5,57.0,三浦皇成,1:33.3,,3.8,1.0,514(+4),[東] 鹿戸雄一,202204030211
2,4,6,シュリ,牡6,57.0,津村明秀,1:33.4,3/4,62.2,12.0,512(-4),[西] 池江泰寿,202204030211
3,5,8,ダノンザキッド,牡4,57.0,川田将雅,1:33.4,クビ,3.8,2.0,526(0),[西] 安田隆行,202204030211
4,5,7,スカイグルーヴ,牝5,54.0,ルメール,1:33.6,1.1/4,6.0,4.0,464(+2),[東] 木村哲也,202204030211
5,8,14,ピースワンパラディ,牡6,56.0,石橋脩,1:33.7,1/2,42.4,11.0,474(+4),[東] 大竹正博,202204030211
6,4,5,リアアメリア,牝5,54.0,菅原明良,1:33.9,1.1/4,18.1,7.0,498(0),[西] 中内田充,202204030211
7,6,10,ワールドバローズ,牡4,56.0,和田竜二,1:34.0,クビ,29.7,10.0,460(+4),[西] 石坂公一,202204030211
8,3,4,ザダル,牡6,58.0,戸崎圭太,1:34.0,クビ,28.6,9.0,496(-8),[東] 大竹正博,202204030211
9,2,2,エアファンディタ,牡5,56.0,田辺裕信,1:34.1,クビ,23.9,8.0,462(+4),[西] 池添学,202204030211
10,6,9,エンデュミオン,牡5,56.0,秋山真一,1:34.2,1,67.7,13.0,462(+2),[西] 清水久詞,202204030211
11,1,1,イルーシヴパンサー,牡4,56.0,木幡巧也,1:34.3,クビ,5.0,3.0,474(-2),[東] 久保田貴,202204030211
12,8,13,レッドライデン,牡5,56.0,吉田豊,1:34.3,アタマ,164.1,14.0,490(-4),[東] 鹿戸雄一,202204030211
13,7,11,ディヴィーナ,牝4,54.0,武豊,1:34.4,1/2,13.8,5.0,428(+8),[西] 友道康夫,202204030211
14,3,3,ゴールデンシロップ,牡4,56.0,Ｍ．デム,1:35.0,3.1/2,15.0,6.0,538(+6),[東] 木村哲也,202204030211
1,2,4,ヨール,牝3,50.0,藤田菜七,1:21.3,,4.2,1.0,436(-2),[東] 手塚貴久,202204030212
2,7,14,コズミックフロスト,牝3,52.0,三浦皇成,1:21.7,2.1/2,5.5,4.0,446(-4),[東] 高柳瑞樹,202204030212
3,2,3,カールスモーキー,牡3,54.0,和田竜二,1:21.8,1/2,11.6,5.0,496(+18),[東] 和田勇介,202204030212
4,1,1,トロワエスポワール,牡4,57.0,内田博幸,1:22.0,1.1/4,100.9,14.0,466(+10),[東] 鹿戸雄一,202204030212
5,5,9,タイガーリリー,牝4,55.0,杉原誠人,1:22.0,クビ,4.7,3.0,472(0),[東] 尾関知人,202204030212
6,4,8,カトルショセット,牝4,55.0,石川裕紀,1:22.1,1/2,13.5,7.0,468(0),[東] 黒岩陽一,202204030212
7,7,13,オルテール,牡5,57.0,津村明秀,1:22.2,クビ,55.3,11.0,522(+4),[東] 西田雄一,202204030212
8,3,6,シュルルヴァン,牝5,55.0,菅原明良,1:22.3,1/2,98.1,13.0,470(+2),[東] 高木登,202204030212
9,5,10,ブルメンダール,牡4,57.0,ルメール,1:22.3,ハナ,4.6,2.0,466(-2),[東] 国枝栄,202204030212
10,7,15,アランデル,セ4,57.0,丸田恭介,1:22.3,クビ,19.8,8.0,520(-2),[東] 大竹正博,202204030212
11,4,7,ネオレインボウ,セ6,57.0,吉田豊,1:22.3,アタマ,53.4,10.0,476(-8),[東] 小西一男,202204030212
12,3,5,グラヴィル,牝4,55.0,田辺裕信,1:22.4,1/2,12.5,6.0,502(+6),[東] 国枝栄,202204030212
13,1,2,スターライトキス,牝7,55.0,松岡正海,1:22.4,クビ,34.7,9.0,506(-10),[東] 新開幸一,202204030212
14,6,12,ガトーフレーズ,牝3,52.0,柴田大知,1:22.5,1/2,124.0,15.0,436(+20),[東] 清水英克,202204030212
15,8,18,ヨンウォニ,牝5,55.0,嶋田純次,1:22.6,1/2,321.0,18.0,462(+7),[東] 伊藤伸一,202204030212
16,6,11,グランディス,セ4,57.0,秋山真一,1:22.7,クビ,160.9,16.0,462(+4),[東] 高橋裕,202204030212
17,8,17,インワンシティング,牡4,57.0,Ｍ．デム,1:22.7,アタマ,89.2,12.0,456(-4),[東] 林徹,202204030212
18,8,16,トーアアネラ,牝4,55.0,江田照男,1:22.9,1.1/2,169.2,17.0,442(-1),[東] 天間昭一,202204030212
1,5,6,マサハヤニース,牡7,60.0,森一馬,3:04.2,,3.0,1.0,488(+2),[西] 今野貞一,202204030301
2,8,11,リーガルマナー,セ5,57.0,小牧加矢,3:07.4,大,3.1,2.0,494(0),[西] 四位洋文,202204030301
3,4,4,アンブロジオ,セ7,60.0,石神深一,3:07.6,1.1/2,5.4,3.0,460(+4),[東] 菊沢隆徳,202204030301
4,3,3,ミリタリータンゴ,牡4,60.0,白浜雄造,3:08.0,2.1/2,13.2,6.0,464(+8),[西] 中竹和也,202204030301
5,8,12,グラスディアブロ,牡5,60.0,大江原圭,3:08.1,3/4,90.7,11.0,468(-6),[東] 佐藤吉勝,202204030301
6,1,1,シーザワールド,牡9,60.0,大庭和弥,3:08.9,5,122.8,12.0,512(-6),[東] 的場均,202204030301
7,6,8,アスターマリンバ,牡5,60.0,植野貴也,3:09.2,1.3/4,9.4,5.0,530(+4),[西] 中竹和也,202204030301
8,7,9,ヴォートルエロー,牡5,60.0,江田勇亮,3:09.3,1/2,8.9,4.0,498(0),[東] 田村康仁,202204030301
9,2,2,ケイティミラクル,牡5,60.0,上野翔,3:09.5,1.1/4,40.8,9.0,500(+6),[東] 小野次郎,202204030301
10,7,10,ヨコスカダンディー,牡6,60.0,小野寺祐,3:09.7,1.1/2,64.1,10.0,472(-2),[東] 清水英克,202204030301
11,6,7,アポロティアモ,牡5,60.0,伴啓太,3:10.0,1.3/4,22.1,7.0,512(+6),[東] 岩戸孝樹,202204030301
12,5,5,サクラルーフェン,牡6,60.0,蓑島靖典,3:11.7,10,37.5,8.0,456(+8),[東] 尾関知人,202204030301
1,6,10,アーバンデザイン,牡3,56.0,福永祐一,1:54.7,,1.8,1.0,518(-2),[東] 和田雄二,202204030302
2,8,14,サトノギベオン,牡3,56.0,坂井瑠星,1:54.8,クビ,14.1,4.0,522(+6),[東] 戸田博文,202204030302
3,3,4,エステラ,牡3,56.0,戸崎圭太,1:55.1,2,7.5,3.0,500(+6),[東] 萩原清,202204030302
4,2,2,タイキエクセロン,牡3,56.0,菅原明良,1:55.2,クビ,65.5,11.0,496(0),[東] 高木登,202204030302
5,4,7,コパノカールトン,牡3,56.0,嶋田純次,1:55.3,3/4,24.0,6.0,530(-8),[東] 手塚貴久,202204030302
6,1,1,ミラクルランバック,牡3,56.0,丸田恭介,1:55.3,アタマ,26.1,7.0,516(0),[東] 宗像義忠,202204030302
7,5,8,オセアレジェンド,牡3,56.0,三浦皇成,1:56.3,6,19.0,5.0,476(-4),[東] 田村康仁,202204030302
8,7,12,コウソクブラック,牡3,56.0,松山弘平,1:56.4,3/4,3.4,2.0,494(-8),[東] 中舘英二,202204030302
9,2,3,スズヴァレット,牡3,56.0,津村明秀,1:56.5,クビ,56.8,8.0,534(-2),[東] 田村康仁,202204030302
10,6,11,イケメンプリンス,牡3,56.0,木幡巧也,1:57.1,3.1/2,60.0,10.0,476(-8),[東] 杉浦宏昭,202204030302
11,3,5,カガギムレット,牡3,56.0,石川裕紀,1:57.5,2.1/2,151.7,13.0,426(0),[東] 萱野浩二,202204030302
12,7,13,ヤマニンクラビーア,牡3,56.0,伊藤工真,1:59.4,大,196.1,14.0,488(+2),[東] 蛯名利弘,202204030302
13,5,9,ポルトアレグレ,牡3,56.0,内田博幸,2:00.4,6,58.4,9.0,500(0),[東] 木村哲也,202204030302
14,4,6,アキノスター,牡3,56.0,菊沢一樹,2:01.4,6,413.5,15.0,462(0),[東] 田中剛,202204030302
15,8,15,ローゼンヴォルフ,牡3,56.0,野中悠太,2:02.9,9,106.3,12.0,498(-10),[東] 黒岩陽一,202204030302
1,6,11,イエルバブエナ,牡2,54.0,Ｍ．デム,1:57.2,,2.0,1.0,466(0),[西] 須貝尚介,202204030303
2,7,13,エクチュール,牡2,54.0,岩田康誠,1:57.2,クビ,8.2,3.0,496(0),[東] 畠山吉宏,202204030303
3,3,5,オボッチャマ,牡2,54.0,津村明秀,1:57.6,2.1/2,22.4,7.0,472(0),[東] 武市康男,202204030303
4,7,12,タガノフリューゲル,牡2,54.0,藤懸貴志,1:57.7,1/2,136.5,11.0,486(0),[西] 鮫島一歩,202204030303
5,8,15,シンメリーチャン,牝2,54.0,木幡巧也,1:57.8,クビ,68.6,9.0,444(0),[東] 大和田成,202204030303
6,8,14,エスケンシャトル,牡2,54.0,内田博幸,1:58.4,3.1/2,20.8,6.0,484(0),[東] 本間忍,202204030303
7,1,1,フリッパー,牡2,54.0,福永祐一,1:58.6,1.1/2,10.8,5.0,502(0),[東] 戸田博文,202204030303
8,2,3,タイムトラベラー,牡2,54.0,嶋田純次,1:59.3,4,190.1,13.0,450(0),[東] 佐藤吉勝,202204030303
9,6,10,マイネルアラウダ,牡2,54.0,柴田大知,1:59.3,クビ,160.1,12.0,476(0),[東] 伊藤大士,202204030303
10,4,6,キョウエイルーマー,牡2,52.0,小林脩斗,1:59.5,3/4,236.5,14.0,462(0),[東] 萱野浩二,202204030303
11,3,4,ブルーステラ,牡2,54.0,戸崎圭太,1:59.7,1,25.2,8.0,480(0),[東] 加藤士津,202204030303
12,2,2,ラージフィールド,セ2,51.0,原優介,2:00.5,5,92.9,10.0,456(0),[東] 松永康利,202204030303
13,4,7,パーティーキング,牡2,54.0,菊沢一樹,2:00.7,1.1/2,8.7,4.0,458(0),[東] 岩戸孝樹,202204030303
14,5,9,アオイビーナス,牝2,51.0,佐々木大,2:04.1,大,255.0,15.0,462(0),[東] 和田雄二,202204030303
15,5,8,タイセイランナー,牡2,54.0,石橋脩,2:06.9,大,5.2,2.0,482(0),[西] 牧浦充徳,202204030303
1,3,3,メイショウアルト,牡4,60.0,黒岩悠,3:07.3,,13.0,5.0,478(0),[西] 高橋亮,202204030304
2,4,4,エミーリオ,牡8,60.0,上野翔,3:07.5,1,44.2,8.0,500(-2),[東] 田中剛,202204030304
3,8,8,シャンボールナイト,セ7,60.0,石神深一,3:07.6,1/2,2.6,1.0,474(+10),[東] 武井亮,202204030304
4,6,6,マイネルパラディ,セ8,60.0,平沢健治,3:08.0,2.1/2,4.3,3.0,470(+6),[西] 吉田直弘,202204030304
5,7,7,ノーザンクリス,牡7,60.0,大江原圭,3:08.3,2,18.1,6.0,520(-6),[東] 加藤征弘,202204030304
6,5,5,ダイシンクローバー,セ6,59.0,小牧加矢,3:08.8,2.1/2,6.4,4.0,476(-4),[西] 安田隆行,202204030304
7,1,1,エイムアンドエンド,牡7,60.0,伴啓太,3:09.6,5,3.3,2.0,514(+8),[東] 奥村武,202204030304
8,2,2,ヤマノグリッターズ,牡4,60.0,大庭和弥,3:09.7,クビ,30.2,7.0,500(0),[東] 嘉藤貴行,202204030304
1,8,15,ヴィアルーチェ,牝2,54.0,岩田康誠,1:10.8,,1.9,1.0,436(0),[東] 奥村武,202204030305
2,5,9,サンタアナテソーロ,牝2,54.0,戸崎圭太,1:11.0,1.1/2,14.2,4.0,396(0),[東] 栗田徹,202204030305
3,4,8,オンザスカイ,牡2,54.0,石橋脩,1:11.0,ハナ,4.5,2.0,436(0),[東] 大和田成,202204030305
4,4,7,クツワファミリー,牡2,54.0,菊沢一樹,1:11.3,1.1/2,15.4,6.0,474(0),[東] 岩戸孝樹,202204030305
5,6,11,レジーナルージュ,牝2,54.0,杉原誠人,1:11.5,1.1/4,35.4,9.0,436(0),[東] 佐藤吉勝,202204030305
6,8,16,ベルウッドタイガー,牡2,54.0,丸田恭介,1:11.5,ハナ,45.7,10.0,410(0),[東] 和田雄二,202204030305
7,3,5,ミレディ,牝2,54.0,菅原明良,1:11.6,3/4,13.3,3.0,430(0),[東] 田島俊明,202204030305
8,1,2,タイシャククリゲ,牡2,54.0,柴田大知,1:11.7,1/2,29.6,7.0,520(0),[東] 高橋裕,202204030305
9,6,12,アツモリ,牝2,51.0,原優介,1:11.7,クビ,153.9,12.0,442(0),[東] 加藤和宏,202204030305
10,2,4,ヴィオレーヌ,牝2,54.0,野中悠太,1:11.8,クビ,177.4,15.0,404(0),[東] 岩戸孝樹,202204030305
11,7,13,メローラ,牝2,54.0,松岡正海,1:12.2,2.1/2,47.1,11.0,454(0),[東] 村田一誠,202204030305
12,2,3,ゲンキチーター,牡2,51.0,佐々木大,1:12.2,ハナ,170.5,13.0,426(0),[東] 佐藤吉勝,202204030305
13,5,10,ポポラーレウーノ,牝2,54.0,内田博幸,1:12.5,1.1/2,34.6,8.0,454(0),[東] 竹内正洋,202204030305
14,1,1,コトノサンショ,牡2,54.0,武士沢友,1:12.7,1.1/4,173.6,14.0,464(0),[東] 石栗龍彦,202204030305
15,7,14,ゼロフェイス,牡2,54.0,木幡巧也,1:13.0,2,15.4,5.0,428(0),[東] 牧光二,202204030305
16,8,17,キアキア,牝2,54.0,武藤雅,1:13.3,2,219.3,16.0,412(0),[東] 田島俊明,202204030305
17,3,6,ノーブルブラッド,牝2,52.0,小林脩斗,1:13.8,2.1/2,224.4,17.0,426(0),[東] 武藤善則,202204030305
1,4,7,レッドミラージュ,牝3,54.0,戸崎圭太,2:27.7,,4.6,2.0,426(+14),[東] 栗田徹,202204030306
2,7,13,ウロボン,牡3,56.0,三浦皇成,2:28.0,1.1/2,4.1,1.0,456(-6),[東] 武井亮,202204030306
3,7,15,ヴァイオルナ,牝3,54.0,吉田豊,2:28.2,1.1/2,5.7,3.0,406(0),[東] 中川公成,202204030306
4,7,14,サトノソラーレ,牡3,56.0,菅原明良,2:28.3,1,11.0,5.0,426(-6),[西] 矢作芳人,202204030306
5,1,1,コスモブライヤー,牡3,56.0,柴田大知,2:28.5,3/4,136.0,15.0,468(-11),[東] 畠山吉宏,202204030306
6,8,17,スピアヘッド,牡3,56.0,田中勝春,2:28.5,アタマ,8.1,4.0,434(-6),[東] 菊川正達,202204030306
7,2,4,ビートザレコード,牡3,56.0,松岡正海,2:28.6,1,219.0,18.0,464(0),[東] 戸田博文,202204030306
8,8,16,スズナミ,牡3,54.0,小林脩斗,2:28.7,1/2,12.9,7.0,408(0),[東] 林徹,202204030306
9,3,5,マコトチガネマル,牝3,54.0,津村明秀,2:28.7,ハナ,11.1,6.0,448(+10),[東] 村田一誠,202204030306
10,1,2,フレスコバルディ,牡3,56.0,木幡巧也,2:28.9,1.1/4,180.9,17.0,462(0),[東] 牧光二,202204030306
11,4,8,ウェイマーク,牝3,54.0,野中悠太,2:29.1,1.1/4,24.0,9.0,488(0),[東] 宮田敬介,202204030306
12,8,18,グールドベルト,牡3,56.0,坂井瑠星,2:29.6,3,13.2,8.0,506(0),[東] 高橋文雅,202204030306
13,2,3,コスモダークナイト,牡3,56.0,Ｍ．デム,2:29.6,クビ,48.1,12.0,490(+2),[東] 鹿戸雄一,202204030306
14,6,11,アスリエル,牡3,56.0,岩田康誠,2:29.7,1/2,34.2,10.0,468(+4),[東] 奥村武,202204030306
15,3,6,ソラネル,牝3,51.0,原優介,2:30.2,3,171.1,16.0,384(-6),[東] 田島俊明,202204030306
16,6,12,ナイキグロ,牡3,56.0,武藤雅,2:31.1,5,80.4,13.0,470(-2),[東] 深山雅史,202204030306
17,5,9,コスタデプラタ,牡3,56.0,石川裕紀,2:33.1,大,103.0,14.0,470(-6),[東] 萩原清,202204030306
18,5,10,ブレーヴジャーニー,セ3,56.0,松山弘平,2:33.3,1.1/2,34.9,11.0,446(-4),[東] 古賀慎明,202204030306
1,8,17,キセキノエンジェル,牝3,54.0,菅原明良,1:35.3,,3.5,2.0,454(0),[東] 石毛善彦,202204030307
2,6,12,ステイトダイアデム,牝3,54.0,津村明秀,1:35.3,クビ,5.4,3.0,482(0),[東] 和田正一,202204030307
3,6,11,チューウィー,牝3,54.0,柴田大知,1:35.3,ハナ,3.2,1.0,434(+6),[東] 古賀慎明,202204030307
4,1,2,ファムスパーブ,牝3,54.0,田辺裕信,1:35.4,アタマ,13.5,5.0,454(-4),[東] 栗田徹,202204030307
5,4,7,フルティージャ,牝3,54.0,坂井瑠星,1:35.9,3,44.4,12.0,446(+6),[東] 林徹,202204030307
6,4,8,トーセンアンジェロ,牝3,54.0,三浦皇成,1:36.0,1,40.3,9.0,428(-2),[東] 中川公成,202204030307
7,3,6,コリコ,牝3,54.0,江田照男,1:36.3,1.3/4,40.5,10.0,420(-6),[東] 粕谷昌央,202204030307
8,3,5,ダノンアマレット,牝3,54.0,Ｍ．デム,1:36.4,3/4,8.2,4.0,460(0),[東] 萩原清,202204030307
9,5,10,チャイムリープ,牝3,52.0,小林脩斗,1:36.6,1.1/4,43.3,11.0,466(0),[東] 高木登,202204030307
10,7,14,オンマガトオル,牝3,54.0,岩田康誠,1:36.7,1/2,14.8,6.0,530(0),[東] 土田稔,202204030307
11,2,4,アーストラベル,牝3,51.0,原優介,1:36.8,クビ,199.2,15.0,392(-14),[東] 和田勇介,202204030307
12,2,3,コロディア,牝3,51.0,佐々木大,1:37.0,1.1/2,441.5,18.0,466(-8),[東] 天間昭一,202204030307
13,5,9,ラビットライト,牝3,54.0,丸田恭介,1:37.1,クビ,342.0,17.0,420(-12),[東] 宗像義忠,202204030307
14,8,16,デルマティターニア,牝3,54.0,福永祐一,1:37.5,2.1/2,17.5,7.0,428(-12),[東] 戸田博文,202204030307
15,7,15,プロヴィデンシア,牝3,54.0,木幡巧也,1:37.6,1/2,114.0,13.0,446(0),[東] 上原博之,202204030307
16,8,18,テンブーミング,牝3,54.0,杉原誠人,1:37.7,1/2,284.0,16.0,430(-2),[東] 伊藤大士,202204030307
17,1,1,コーディアルギフト,牝3,54.0,内田博幸,1:37.8,クビ,24.5,8.0,460(+2),[東] 古賀慎明,202204030307
18,7,13,ブライティアコバ,牝3,52.0,藤田菜七,1:38.4,3.1/2,161.4,14.0,432(-6),[東] 菊川正達,202204030307
1,6,10,キタノブレイド,牡3,54.0,菅原明良,1:11.5,,3.5,1.0,454(0),[東] 萱野浩二,202204030308
2,7,12,レイデルマール,セ4,57.0,菊沢一樹,1:11.5,クビ,5.3,2.0,498(-4),[東] 高柳瑞樹,202204030308
3,5,9,トウカイファクター,牡3,51.0,佐々木大,1:11.8,2,12.9,7.0,454(-2),[東] 菊川正達,202204030308
4,7,13,ネイチャーカレン,牡5,55.0,藤田菜七,1:12.0,3/4,21.5,8.0,460(-12),[東] 根本康広,202204030308
5,2,3,アポロプラネット,牡3,54.0,田辺裕信,1:12.2,1.1/4,29.8,11.0,486(-4),[東] 岩戸孝樹,202204030308
6,4,6,ニシノコニャック,牡3,54.0,三浦皇成,1:12.3,3/4,12.9,6.0,456(-4),[東] 伊藤大士,202204030308
7,4,7,ヴァンヌ,牡4,57.0,江田照男,1:12.4,3/4,5.4,3.0,508(-18),[東] 武藤善則,202204030308
8,6,11,エヴァジョーネ,牝5,55.0,松山弘平,1:12.5,1/2,8.6,5.0,428(-6),[東] 堀内岳志,202204030308
9,3,5,ベルクハイム,牡5,54.0,水沼元輝,1:12.6,クビ,91.5,13.0,536(+6),[東] 天間昭一,202204030308
10,5,8,ニシノフウジン,牡3,54.0,内田博幸,1:12.6,クビ,23.0,9.0,462(-4),[東] 中野栄治,202204030308
11,8,14,ヒメカミノイタダキ,牡3,54.0,石橋脩,1:12.6,アタマ,8.5,4.0,476(-8),[東] 武市康男,202204030308
12,8,15,ビップソリオ,牡3,54.0,松岡正海,1:13.0,2,23.6,10.0,526(0),[東] 田島俊明,202204030308
13,3,4,トーセンアマンダ,牝4,55.0,丸田恭介,1:13.8,5,200.6,14.0,478(+4),[東] 南田美知,202204030308
14,1,1,カード,牝4,53.0,小林脩斗,1:14.2,2.1/2,43.0,12.0,460(+12),[東] 清水英克,202204030308
15,2,2,イデアエスクロー,牡4,54.0,原優介,1:15.7,9,226.5,15.0,480(+4),[東] 本間忍,202204030308
1,8,15,ウェルカムニュース,牡3,54.0,菅原明良,1:52.5,,3.3,1.0,504(+8),[西] 池江泰寿,202204030309
2,7,12,カンピオーネ,牡3,54.0,石橋脩,1:52.9,2.1/2,6.0,3.0,514(+10),[東] 栗田徹,202204030309
3,4,7,トモジャリア,牡4,57.0,戸崎圭太,1:53.3,2.1/2,5.6,2.0,472(+4),[東] 小笠倫弘,202204030309
4,5,9,ラブリーエンジェル,牝5,55.0,木幡巧也,1:53.5,1.1/4,22.9,8.0,448(-6),[東] 鈴木慎太,202204030309
5,4,6,キングスフィリア,牝4,55.0,岩田康誠,1:53.6,クビ,17.6,7.0,418(-10),[東] 萩原清,202204030309
6,8,14,コバルトブルー,牡6,57.0,石川裕紀,1:53.7,1/2,34.1,10.0,460(0),[西] 池江泰寿,202204030309
7,5,8,オウケンロジータ,牝5,55.0,田中勝春,1:53.8,1/2,95.8,15.0,512(-2),[東] 松永康利,202204030309
8,7,13,デアノヴァ,牝3,52.0,宮崎北斗,1:53.8,クビ,29.6,9.0,472(+16),[東] 伊坂重信,202204030309
9,6,10,カズロレアート,牡4,57.0,藤懸貴志,1:53.8,クビ,7.9,5.0,478(0),[西] 安田隆行,202204030309
10,1,1,アンクラウデッド,牡4,57.0,松山弘平,1:53.9,1/2,9.4,6.0,498(+6),[東] 古賀慎明,202204030309
11,3,4,シゲルバクハツ,牡4,57.0,福永祐一,1:54.0,3/4,7.0,4.0,496(-2),[西] 谷潔,202204030309
12,2,3,ラインオブダンス,牝5,55.0,坂井瑠星,1:54.2,1,84.0,14.0,498(-6),[東] 村田一誠,202204030309
13,3,5,ファイヴレター,牡5,57.0,丸田恭介,1:54.5,2,69.2,13.0,454(-12),[東] 佐藤吉勝,202204030309
14,2,2,クリーンドリーム,牡4,57.0,松岡正海,1:54.8,1.1/2,42.5,11.0,486(+6),[東] 鈴木伸尋,202204030309
15,6,11,ホウオウジャッジ,牡7,57.0,小林脩斗,1:55.0,1.1/4,59.2,12.0,470(+4),[東] 稲垣幸雄,202204030309
1,4,7,カワキタアジン,牝5,55.0,菅原明良,1:10.1,,3.3,1.0,514(0),[西] 杉山晴紀,202204030310
2,7,12,ランドボルケーノ,牡4,57.0,坂井瑠星,1:10.3,1.1/4,29.8,8.0,478(-6),[西] 安達昭夫,202204030310
3,3,4,メディーヴァル,牡4,57.0,岩田康誠,1:10.8,3,8.1,5.0,462(+2),[西] 寺島良,202204030310
4,8,15,ライフレッスンズ,牡5,57.0,田辺裕信,1:10.9,1/2,9.1,6.0,496(-8),[東] 国枝栄,202204030310
5,3,5,ララクリュサオル,牡6,57.0,中井裕二,1:10.9,ハナ,4.7,3.0,508(+4),[西] 辻野泰之,202204030310
6,4,6,エスケーアタランタ,牝6,55.0,石橋脩,1:11.0,3/4,24.5,7.0,474(-2),[西] 木原一良,202204030310
7,1,1,フジノタカネ,牡6,57.0,石川裕紀,1:11.0,クビ,66.0,11.0,540(+16),[東] 手塚貴久,202204030310
8,5,9,マーチリリー,牝4,55.0,菊沢一樹,1:11.2,1,7.7,4.0,494(-4),[西] 牧浦充徳,202204030310
9,2,2,ホッコーアカツキ,牡5,57.0,野中悠太,1:11.4,3/4,72.1,12.0,510(+12),[西] 畑端省吾,202204030310
10,8,14,マラードザレコード,セ8,57.0,三浦皇成,1:11.7,2,4.7,2.0,466(+4),[西] 鈴木孝志,202204030310
11,6,11,フィルストバーン,セ6,57.0,戸崎圭太,1:12.0,2,49.7,10.0,456(-8),[東] 斎藤誠,202204030310
12,7,13,ローレルジャック,牡9,57.0,武士沢友,1:12.1,アタマ,351.0,15.0,500(-4),[東] 高橋裕,202204030310
13,5,8,サンタナブルー,牡10,57.0,大塚海渡,1:12.3,1.1/4,172.9,13.0,484(-2),[東] 和田雄二,202204030310
14,6,10,ダイセンハッピー,牝4,55.0,大畑雅章,1:12.6,2,224.1,14.0,488(+4),[地] 今津博之,202204030310
15,2,3,カフェクラウン,牡6,57.0,福永祐一,1:12.8,1.1/4,31.6,9.0,524(+4),[東] 堀宣行,202204030310
1,6,9,ロバートソンキー,牡5,57.0,伊藤工真,2:14.4,,3.5,1.0,480(+10),[東] 林徹,202204030311
2,7,10,スルーセブンシーズ,牝4,55.0,戸崎圭太,2:14.4,アタマ,4.8,3.0,454(+8),[東] 尾関知人,202204030311
3,7,11,マイネルマーティン,牡4,57.0,柴田大知,2:14.5,1/2,25.2,7.0,506(+6),[東] 菊沢隆徳,202204030311
4,8,12,エドノフェリーチェ,牝5,55.0,Ｍ．デム,2:14.6,1/2,5.7,4.0,458(-8),[東] 相沢郁,202204030311
5,1,1,ルドヴィクス,牡4,57.0,坂井瑠星,2:14.9,1.3/4,31.2,9.0,516(-2),[東] 久保田貴,202204030311
6,4,5,アールドヴィーヴル,牝4,55.0,松山弘平,2:14.9,ハナ,3.9,2.0,432(+2),[西] 今野貞一,202204030311
7,3,3,プリュムドール,牝4,55.0,石橋脩,2:14.9,アタマ,14.3,6.0,466(+4),[西] 奥村豊,202204030311
8,5,6,セントオブゴールド,牡5,57.0,津村明秀,2:15.1,1,9.5,5.0,462(+6),[東] 木村哲也,202204030311
9,8,13,ヴィアメント,セ5,57.0,岩田康誠,2:15.3,1.1/2,36.4,10.0,478(-6),[東] 鹿戸雄一,202204030311
10,5,7,リーヴル,牡6,57.0,木幡巧也,2:16.2,5,29.0,8.0,498(+2),[東] 辻哲英,202204030311
11,4,4,コスモインペリウム,牡5,57.0,野中悠太,2:16.3,1,70.7,11.0,540(+6),[東] 和田雄二,202204030311
12,2,2,ウインダークローズ,牡5,57.0,武藤雅,2:17.3,6,243.0,12.0,486(+2),[西] 梅田智之,202204030311
13,6,8,ニューポート,牡6,57.0,石川裕紀,2:18.4,7,268.2,13.0,466(-2),[西] 茶木太樹,202204030311
1,3,4,ルージュリナージュ,牝3,52.0,福永祐一,1:47.4,,4.2,2.0,432(+8),[東] 宗像義忠,202204030312
2,4,6,エターナルタイム,牝3,52.0,戸崎圭太,1:47.5,3/4,2.7,1.0,482(+2),[東] 中川公成,202204030312
3,7,13,ミファヴォリート,牝3,52.0,津村明秀,1:48.0,3,19.3,6.0,480(0),[東] 木村哲也,202204030312
4,6,10,ウインピクシス,牝3,52.0,松岡正海,1:48.1,3/4,7.9,4.0,438(+12),[東] 上原博之,202204030312
5,8,15,フェルマーテ,牝5,55.0,坂井瑠星,1:48.3,1.1/4,49.2,9.0,484(+8),[東] 戸田博文,202204030312
6,3,5,エコルフリューゲル,牝3,52.0,内田博幸,1:48.4,1,20.4,7.0,464(+8),[東] 鈴木慎太,202204030312
7,7,12,ウインメイユール,牝4,52.0,原優介,1:48.7,1.3/4,113.2,12.0,426(+2),[東] 青木孝文,202204030312
8,5,9,フレイミングサン,牝4,55.0,石川裕紀,1:48.7,クビ,12.3,5.0,458(0),[東] 辻哲英,202204030312
9,8,14,スウィートブルーム,牝4,55.0,柴田大知,1:48.9,1.1/4,30.5,8.0,430(-4),[東] 和田雄二,202204030312
10,6,11,スノーグレース,牝3,52.0,杉原誠人,1:49.0,1/2,163.4,14.0,468(-4),[東] 中舘英二,202204030312
11,2,2,ロムネヤ,牝3,52.0,三浦皇成,1:49.3,1.3/4,4.2,3.0,424(+6),[東] 国枝栄,202204030312
12,2,3,シベール,牝5,53.0,小林脩斗,1:49.7,2.1/2,122.8,13.0,460(-4),[東] 久保田貴,202204030312
13,5,8,ピナ,牝4,53.0,藤田菜七,1:49.9,1.1/4,95.1,11.0,488(+8),[東] 蛯名利弘,202204030312
14,1,1,サトノディーバ,牝4,55.0,松山弘平,1:50.0,クビ,54.2,10.0,498(-4),[西] 矢作芳人,202204030312
15,4,7,セプテンベル,牝3,49.0,佐々木大,1:51.5,9,373.5,15.0,426(0),[東] 武井亮,202204030312
1,8,10,キタウイング,牝2,54.0,杉原誠人,1:36.4,,8.1,3.0,436(+4),[東] 小島茂之,202204030401
2,6,6,バロックダンス,牝2,54.0,石橋脩,1:36.4,ハナ,1.3,1.0,460(-4),[東] 小手川準,202204030401
3,7,7,マーレアペルト,牝2,54.0,江田照男,1:37.3,5,8.5,4.0,410(-2),[東] 菊川正達,202204030401
4,2,2,イースターエッグ,牝2,51.0,原優介,1:37.4,1,6.1,2.0,422(+4),[東] 加藤和宏,202204030401
5,4,4,ゴレイジョウ,牝2,54.0,菊沢一樹,1:37.6,1,132.7,7.0,448(-2),[東] 小桧山悟,202204030401
6,7,8,ココリイト,牝2,54.0,内田博幸,1:37.6,クビ,16.4,5.0,444(+2),[東] 古賀慎明,202204030401
7,3,3,ペイシャコリン,牝2,54.0,丸田恭介,1:38.4,5,47.0,6.0,458(-2),[東] 伊藤伸一,202204030401
8,1,1,オリエンタルデイ,牝2,51.0,佐々木大,1:38.8,2.1/2,272.6,10.0,466(+8),[東] 大江原哲,202204030401
9,8,9,アステルグロリアス,牝2,52.0,松本大輝,1:39.2,2.1/2,157.2,8.0,392(-10),[東] 和田雄二,202204030401
10,5,5,ポリリン,牝2,54.0,木幡初也,1:39.6,2.1/2,206.5,9.0,448(+14),[東] 杉浦宏昭,202204030401
1,7,7,ウインオーディン,牡2,54.0,三浦皇成,1:50.9,,3.1,2.0,462(+4),[東] 鹿戸雄一,202204030402
2,4,4,シーズオブホープ,牡2,54.0,木幡巧也,1:51.2,1.3/4,251.8,8.0,460(0),[東] 武市康男,202204030402
3,8,9,エンジェリックアイ,牝2,54.0,石橋脩,1:51.3,クビ,6.2,4.0,474(-2),[東] 牧光二,202204030402
4,3,3,マイバラード,牡2,54.0,柴田大知,1:51.4,3/4,26.4,6.0,448(+6),[東] 松永康利,202204030402
5,8,8,シルバーティムール,牡2,54.0,内田博幸,1:51.4,ハナ,19.6,5.0,494(0),[東] 久保田貴,202204030402
6,6,6,モンドプリューム,牡2,54.0,福永祐一,1:51.4,クビ,3.7,3.0,482(+2),[東] 水野貴広,202204030402
7,2,2,アクラシア,牡2,54.0,杉原誠人,1:52.4,6,246.9,7.0,466(-4),[東] 高橋文雅,202204030402
8,1,1,サウスシーパール,牡2,54.0,江田照男,1:53.3,5,280.3,9.0,452(-8),[東] 大江原哲,202204030402
9,5,5,ヤングローゼス,牡2,54.0,戸崎圭太,1:56.3,大,2.8,1.0,496(+2),[東] 手塚貴久,202204030402
1,6,12,ライブインステラ,牝3,54.0,石橋脩,1:21.9,,5.0,2.0,464(-10),[東] 小野次郎,202204030403
2,4,8,ローズタルト,牝3,54.0,津村明秀,1:22.3,2.1/2,17.6,8.0,420(+8),[東] 小笠倫弘,202204030403
3,3,6,ランプロティタ,牝3,54.0,柴田大知,1:22.5,1.1/2,8.2,6.0,468(+2),[東] 高橋裕,202204030403
4,1,2,サトノプリエール,牝3,54.0,田中勝春,1:22.6,クビ,6.4,3.0,458(+8),[東] 宗像義忠,202204030403
5,7,15,ゲティスバーグ,牡3,54.0,松本大輝,1:22.6,クビ,60.3,11.0,508(-6),[東] 金成貴史,202204030403
6,8,16,エリークラウン,牝3,54.0,木幡初也,1:22.7,クビ,30.3,10.0,444(-12),[東] 武市康男,202204030403
7,1,1,テールデトワール,牝3,54.0,福永祐一,1:22.7,クビ,4.7,1.0,436(+10),[東] 金成貴史,202204030403
8,4,7,レイフル,牝3,54.0,戸崎圭太,1:22.9,3/4,7.0,5.0,430(+16),[東] 木村哲也,202204030403
9,2,4,ネネ,牝3,54.0,菅原明良,1:23.0,3/4,6.8,4.0,450(0),[東] 尾形和幸,202204030403
10,5,9,ソプラノナイト,牝3,51.0,佐々木大,1:23.1,1/2,298.5,17.0,472(+8),[東] 和田正一,202204030403
11,3,5,プリマグランツ,牝3,52.0,小林脩斗,1:23.1,クビ,280.4,16.0,446(0),[東] 根本康広,202204030403
12,8,17,ベガフェン,牡3,56.0,杉原誠人,1:23.2,3/4,84.6,12.0,478(0),[東] 伊藤大士,202204030403
13,5,10,ナウヴィクトリア,牝3,52.0,藤田菜七,1:23.2,クビ,264.4,15.0,390(0),[東] 高柳瑞樹,202204030403
14,6,11,ライヴトパーズ,牝3,54.0,木幡巧也,1:23.4,1,10.2,7.0,410(+2),[東] 牧光二,202204030403
15,7,14,プティアンジュ,牝3,54.0,菊沢一樹,1:23.7,2,130.1,13.0,390(-8),[東] 田中剛,202204030403
16,7,13,シグナス,牡3,56.0,三浦皇成,1:24.0,1.3/4,28.6,9.0,520(+4),[東] 伊藤大士,202204030403
17,8,18,ムーンムーンムーン,牝3,51.0,原優介,1:24.1,1,303.1,18.0,444(-2),[東] 堀内岳志,202204030403
18,2,3,マキバジョオー,牝3,54.0,丸田恭介,1:24.4,1.3/4,194.5,14.0,418(-10),[東] 稲垣幸雄,202204030403
1,6,11,キャリックアリード,牝3,54.0,福永祐一,1:52.6,,2.3,1.0,446(-12),[東] 高橋文雅,202204030404
2,5,9,アコークロー,牝3,54.0,丸田恭介,1:53.7,7,12.2,4.0,476(-6),[東] 大竹正博,202204030404
3,7,13,ミニョンルミエール,牝3,54.0,柴田大知,1:53.8,1/2,4.6,3.0,438(+6),[東] 和田雄二,202204030404
4,4,6,ヒメカミノメガミ,牝3,54.0,菊沢一樹,1:54.0,1.1/4,13.6,6.0,490(-10),[東] 勢司和浩,202204030404
5,7,12,ヤサカシュエット,牝3,54.0,武藤雅,1:54.3,1.3/4,3.6,2.0,462(-8),[東] 水野貴広,202204030404
6,3,5,エスシーカリファ,牝3,54.0,戸崎圭太,1:55.1,5,12.9,5.0,456(-4),[東] 宗像義忠,202204030404
7,3,4,セットセイル,牝3,54.0,菅原明良,1:55.2,3/4,33.4,7.0,472(+14),[東] 萩原清,202204030404
8,8,14,ソルシエール,牝3,54.0,石橋脩,1:55.3,1/2,84.2,10.0,448(+6),[東] 池上昌和,202204030404
9,6,10,ベストスマイル,牝3,54.0,内田博幸,1:55.4,3/4,63.8,8.0,438(0),[東] 池上昌和,202204030404
10,4,7,モンタナサファイア,牝3,54.0,杉原誠人,1:55.6,1.1/4,92.0,11.0,416(+10),[東] 大和田成,202204030404
11,8,15,キョウエイパーリオ,牝3,54.0,木幡巧也,1:55.8,1.1/4,238.0,14.0,494(0),[東] 中川公成,202204030404
12,1,1,スマイルサキ,牝3,52.0,小林脩斗,1:55.9,1/2,151.6,12.0,432(+8),[東] 松山将樹,202204030404
13,2,2,ファディッシュ,牝3,52.0,松本大輝,1:56.3,2.1/2,190.7,13.0,422(-12),[東] 青木孝文,202204030404
13,5,8,オーブリオン,牝3,51.0,佐々木大,1:56.3,同着,355.4,15.0,490(0),[東] 蛯名利弘,202204030404
15,2,3,ハニーズスマイル,牝3,54.0,石川裕紀,1:57.1,5,71.6,9.0,452(+18),[東] 中川公成,202204030404
1,6,9,ロードプレイヤー,牡2,54.0,田辺裕信,1:50.2,,4.0,2.0,442(0),[東] 尾形和幸,202204030405
2,4,4,ブレイディヴェーグ,牝2,54.0,福永祐一,1:50.2,アタマ,2.2,1.0,464(0),[東] 宮田敬介,202204030405
3,7,11,プロトカルチャー,牡2,54.0,津村明秀,1:51.0,5,18.9,6.0,476(0),[東] 新開幸一,202204030405
4,4,5,アリダンジェロ,牝2,52.0,松本大輝,1:51.4,2.1/2,10.4,4.0,502(0),[東] 西田雄一,202204030405
5,8,12,ショウナンダグラス,牡2,54.0,石橋脩,1:51.6,1.1/4,12.3,5.0,486(0),[西] 茶木太樹,202204030405
6,3,3,ニシノレヴナント,牡2,54.0,野中悠太,1:51.9,2,80.8,10.0,500(0),[東] 上原博之,202204030405
7,6,8,サロンドブラック,牡2,54.0,菅原明良,1:52.3,2.1/2,20.7,7.0,494(0),[東] 竹内正洋,202204030405
8,5,6,カナデルアイ,牝2,54.0,武藤雅,1:52.3,アタマ,22.1,8.0,452(0),[東] 水野貴広,202204030405
9,5,7,フジリョウエイ,牡2,54.0,内田博幸,1:52.5,1,128.9,11.0,474(0),[東] 岩戸孝樹,202204030405
10,7,10,スペンサーバローズ,牡2,54.0,戸崎圭太,1:52.8,1.3/4,8.6,3.0,478(0),[東] 蛯名正義,202204030405
11,8,13,ニクソンテソーロ,牡2,51.0,原優介,1:53.5,4,186.0,13.0,484(0),[東] 小手川準,202204030405
12,2,2,ショートストップ,牡2,54.0,嶋田純次,1:54.5,6,160.4,12.0,438(0),[東] 佐藤吉勝,202204030405
13,1,1,ロジドレフォン,牡2,54.0,石川裕紀,1:56.6,大,34.6,9.0,508(0),[東] 古賀慎明,202204030405
1,4,8,フォーグッド,牡3,56.0,戸崎圭太,2:00.9,,2.8,1.0,518(+4),[東] 国枝栄,202204030406
2,3,6,キーワード,セ3,56.0,田辺裕信,2:00.9,クビ,4.0,2.0,468(0),[東] 栗田徹,202204030406
3,7,14,ヴァンシャンテ,牝3,52.0,小林脩斗,2:01.3,2.1/2,6.7,4.0,420(0),[東] 武井亮,202204030406
4,1,2,ネクタリス,牡3,53.0,原優介,2:01.7,2,41.2,8.0,468(-4),[東] 萩原清,202204030406
5,6,11,バクシンフォワード,牡3,56.0,松田大作,2:01.8,1,16.9,6.0,458(+4),[西] 清水久詞,202204030406
6,2,4,リヤンソウル,牝3,54.0,中井裕二,2:02.0,1,56.8,10.0,438(-10),[西] 佐々木晶,202204030406
7,4,7,リオシャンパーニュ,牝3,54.0,木幡巧也,2:02.0,1/2,281.9,18.0,458(-6),[東] 鈴木慎太,202204030406
8,7,13,ポリクシニーズ,牡3,56.0,津村明秀,2:02.1,クビ,56.1,9.0,474(+18),[東] 黒岩陽一,202204030406
9,2,3,アリアンロッド,牝3,54.0,武士沢友,2:02.2,1/2,30.5,7.0,490(+4),[西] 鮫島一歩,202204030406
10,7,15,プレヴィア,牡3,56.0,菅原明良,2:02.2,クビ,13.0,5.0,488(+8),[東] 奥村武,202204030406
11,8,16,ダイゴシンリュウ,牡3,56.0,江田照男,2:02.5,2,85.1,12.0,424(-4),[東] 清水英克,202204030406
12,5,9,マイネルシデン,牡3,56.0,柴田大知,2:02.5,クビ,102.1,13.0,448(+7),[東] 萱野浩二,202204030406
13,6,12,ローゼシュティア,牝3,54.0,三浦皇成,2:02.7,1.1/4,4.6,3.0,458(+8),[東] 菊沢隆徳,202204030406
14,8,17,ムーンスター,牝3,54.0,藤懸貴志,2:02.8,1/2,146.6,14.0,430(+6),[西] 鮫島一歩,202204030406
15,3,5,トゥルーブルー,牡3,56.0,武藤雅,2:03.2,2.1/2,252.3,16.0,424(+12),[東] 的場均,202204030406
16,8,18,カシノジュピター,牡3,54.0,松本大輝,2:04.1,5,278.9,17.0,500(-8),[東] 天間昭一,202204030406
17,1,1,ウインフェリーチェ,牝3,54.0,石川裕紀,2:06.6,大,73.8,11.0,394(-6),[西] 宮徹,202204030406
18,5,10,アルドゥエンナ,牝3,54.0,野中悠太,2:15.1,大,189.4,15.0,436(+2),[東] 稲垣幸雄,202204030406
1,2,2,ラッキーガブリエル,牝3,54.0,菅原明良,1:11.8,,2.7,1.0,472(+4),[東] 高木登,202204030407
2,2,3,ドリームアジェンダ,牝3,54.0,戸崎圭太,1:12.3,3,13.4,6.0,518(+8),[東] 栗田徹,202204030407
3,6,10,ペイシャワキア,牡3,56.0,武士沢友,1:12.7,2.1/2,37.0,8.0,428(-2),[東] 蛯名利弘,202204030407
4,8,14,ネコニャンニャン,牝3,52.0,松本大輝,1:12.7,クビ,7.4,4.0,494(-6),[東] 加藤征弘,202204030407
5,4,7,レオミネルバ,牝3,54.0,石橋脩,1:12.8,3/4,24.1,7.0,474(-4),[東] 牧光二,202204030407
6,4,6,ホワイトレッグス,牡3,53.0,原優介,1:13.1,1.3/4,69.3,10.0,416(-12),[東] 小桧山悟,202204030407
7,1,1,デルマベルセブブ,牡3,56.0,石川裕紀,1:13.4,1.1/2,168.5,12.0,492(+12),[東] 天間昭一,202204030407
8,3,4,ハピネスガッサン,牝3,54.0,武藤雅,1:13.4,クビ,6.7,3.0,424(0),[東] 田島俊明,202204030407
9,8,15,ミッテルライン,牝3,54.0,三浦皇成,1:13.5,1/2,8.2,5.0,422(+2),[東] 和田正一,202204030407
10,7,13,アシャカシーザ,牝3,54.0,野中悠太,1:14.0,3,77.8,11.0,438(0),[東] 鈴木伸尋,202204030407
11,6,11,フェスティヴベッラ,牝3,54.0,菊沢一樹,1:14.2,1.1/4,176.6,13.0,456(0),[東] 清水英克,202204030407
12,7,12,バリアンス,牡3,56.0,津村明秀,1:14.4,3/4,42.7,9.0,498(+2),[東] 田村康仁,202204030407
13,5,9,テンシノオスソワケ,牝3,51.0,水沼元輝,1:15.2,5,214.5,14.0,466(0),[東] 浅野洋一,202204030407
14,3,5,アルファプリンセス,牝3,54.0,杉原誠人,1:15.2,ハナ,314.1,15.0,502(+6),[東] 田村康仁,202204030407
15,5,8,デアリングヒューズ,牝3,54.0,福永祐一,1:22.4,大,3.6,2.0,464(-16),[東] 田中博康,202204030407
1,8,11,レットミーアウト,牝5,52.0,原優介,2:25.4,,7.2,3.0,488(+6),[東] 水野貴広,202204030408
2,8,12,エクスインパクト,セ4,57.0,内田博幸,2:25.9,3.1/2,9.1,4.0,474(+6),[東] 尾関知人,202204030408
3,4,4,リニュー,牡3,54.0,菊沢一樹,2:26.3,2.1/2,76.2,10.0,442(-6),[東] 清水英克,202204030408
4,6,8,ゴーシェナイト,牡3,54.0,戸崎圭太,2:26.4,1/2,1.4,1.0,480(+2),[東] 黒岩陽一,202204030408
5,7,9,パーディシャー,牡5,57.0,菅原明良,2:26.8,2.1/2,7.1,2.0,446(+2),[東] 久保田貴,202204030408
6,5,6,トピックス,牡4,57.0,木幡巧也,2:26.9,1,66.6,8.0,468(-6),[東] 勢司和浩,202204030408
7,7,10,ゾロ,牡6,55.0,藤田菜七,2:27.1,1,75.4,9.0,468(0),[東] 小手川準,202204030408
8,6,7,フリューゲルホルン,牡3,52.0,松本大輝,2:28.0,5,11.6,5.0,508(-8),[東] 和田正一,202204030408
9,3,3,フルネーズ,牡4,57.0,石川裕紀,2:28.0,ハナ,53.1,7.0,506(+4),[東] 小笠倫弘,202204030408
10,1,1,アンブローニュ,セ5,55.0,小林脩斗,2:29.5,9,236.2,11.0,480(+6),[東] 根本康広,202204030408
11,5,5,ユーアーマイソウル,牡5,57.0,嶋田純次,2:30.1,3.1/2,385.1,12.0,500(0),[東] 石毛善彦,202204030408
12,2,2,ランスオブウェイブ,牝3,52.0,城戸義政,2:31.4,8,41.5,6.0,476(-4),[西] 奥村豊,202204030408
1,6,12,ルルルージュ,牝4,55.0,菊沢一樹,0:55.3,,11.3,5.0,482(+6),[東] 菊沢隆徳,202204030409
2,8,17,ルドラクシャ,牝5,55.0,原優介,0:55.3,クビ,5.5,2.0,466(0),[東] 松山将樹,202204030409
3,8,18,オリアメンディ,牝4,55.0,岩部純二,0:55.4,1/2,8.8,4.0,476(+14),[東] 石毛善彦,202204030409
4,4,8,ロサロッサーナ,牝3,52.0,津村明秀,0:55.5,1/2,2.0,1.0,492(0),[東] 伊藤圭三,202204030409
5,7,13,ミーハディビーナ,牝5,55.0,佐々木大,0:55.5,ハナ,63.5,10.0,442(+2),[東] 和田雄二,202204030409
6,8,16,ボンクラージュ,牝3,52.0,石川裕紀,0:55.5,アタマ,8.5,3.0,434(-8),[東] 矢野英一,202204030409
7,5,9,ボレロ,牝4,55.0,武藤雅,0:55.8,1.1/2,109.6,13.0,474(-6),[東] 矢野英一,202204030409
8,1,1,フロスティクォーツ,牡4,57.0,丸田恭介,0:55.9,3/4,253.2,18.0,468(-4),[東] 加藤和宏,202204030409
9,7,15,サンセットオーラ,牡7,57.0,武士沢友,0:56.1,1,48.6,9.0,458(-2),[東] 村田一誠,202204030409
10,3,5,ダイシンユノ,牝5,55.0,嶋田純次,0:56.3,1.1/4,122.9,15.0,430(+4),[東] 戸田博文,202204030409
11,5,10,マブセレナード,牝3,52.0,菅原明良,0:56.3,クビ,11.6,6.0,460(+6),[東] 伊藤大士,202204030409
12,2,3,ユナイテッドハーツ,牡4,57.0,三浦皇成,0:56.3,ハナ,161.0,16.0,444(+10),[東] 新開幸一,202204030409
13,6,11,モメチョッタ,牝6,55.0,城戸義政,0:56.4,1/2,94.9,12.0,460(+6),[東] 石毛善彦,202204030409
14,7,14,アメージングサン,セ5,57.0,内田博幸,0:56.5,3/4,35.1,8.0,448(-12),[東] 奥村武,202204030409
15,4,7,スマイルアモーレ,牝4,55.0,杉原誠人,0:56.7,1.1/4,63.8,11.0,460(+4),[東] 加藤士津,202204030409
16,1,2,ペイシャカレン,牝3,52.0,江田照男,0:56.9,1,23.2,7.0,436(0),[東] 粕谷昌央,202204030409
17,2,4,セピアノーツ,牝4,55.0,藤田菜七,0:57.1,1.1/4,117.3,14.0,470(-14),[東] 青木孝文,202204030409
18,3,6,リュッカ,牝5,55.0,木幡巧也,0:57.3,1.1/2,179.6,17.0,418(+4),[東] 鈴木伸尋,202204030409
1,5,5,セレシオン,牡3,54.0,福永祐一,2:11.6,,1.8,1.0,474(+8),[西] 友道康夫,202204030410
2,2,2,シルブロン,牡4,57.0,津村明秀,2:12.2,3.1/2,7.3,3.0,494(+8),[東] 稲垣幸雄,202204030410
3,1,1,ウォルフズハウル,牡6,57.0,田辺裕信,2:13.1,5,11.5,5.0,472(+2),[東] 栗田徹,202204030410
4,6,6,レベランス,牡4,57.0,戸崎圭太,2:13.1,クビ,3.7,2.0,458(+4),[西] 須貝尚介,202204030410
5,8,9,マイネルステレール,牡6,57.0,柴田大知,2:13.6,3,90.6,9.0,482(-4),[東] 菊川正達,202204030410
6,8,8,ヒシエレガンス,セ5,57.0,石橋脩,2:13.7,クビ,40.6,8.0,474(-14),[東] 堀宣行,202204030410
7,3,3,ポレンティア,牝5,55.0,三浦皇成,2:14.1,2.1/2,17.5,6.0,530(0),[東] 田中博康,202204030410
8,4,4,プルミエロール,牡4,57.0,菅原明良,2:14.1,クビ,10.2,4.0,494(+6),[西] 寺島良,202204030410
9,7,7,ブレーヴユニコーン,牡6,57.0,江田照男,2:15.4,8,37.3,7.0,528(-10),[東] 久保田貴,202204030410
1,7,12,ギルデッドミラー,牝5,53.0,三浦皇成,1:10.1,,8.7,5.0,496(+10),[西] 松永幹夫,202204030411
2,6,11,ノンライセンス,牝6,54.0,松田大作,1:10.1,クビ,5.8,3.0,470(-8),[西] 松永幹夫,202204030411
3,6,10,ヒロシゲゴールド,牡7,57.5,石橋脩,1:10.9,5,14.0,6.0,468(-14),[西] 北出成人,202204030411
4,2,3,イバル,牡5,54.0,内田博幸,1:11.1,1.1/4,27.1,11.0,510(+4),[西] 小崎憲,202204030411
5,5,9,シゲルホサヤク,牡4,54.0,高倉稜,1:11.3,1.1/4,16.3,8.0,480(+8),[西] 服部利之,202204030411
6,4,6,ショーム,牡7,55.0,田辺裕信,1:11.3,クビ,42.8,14.0,500(-2),[東] 鈴木伸尋,202204030411
7,3,5,ガンケン,牡6,54.0,野中悠太,1:11.5,1,51.7,15.0,530(-18),[西] 宮本博,202204030411
8,7,13,オヌシナニモノ,牡5,54.0,菊沢一樹,1:11.5,クビ,40.3,13.0,472(0),[西] 高橋義忠,202204030411
9,5,8,デュアリスト,牡4,57.0,福永祐一,1:11.6,クビ,4.3,1.0,502(+2),[西] 安田隆行,202204030411
10,8,14,ミラーウォーカーズ,牝4,52.0,丸田恭介,1:11.7,3/4,22.1,9.0,486(+10),[東] 石栗龍彦,202204030411
11,3,4,ハコダテブショウ,牡4,54.0,石川裕紀,1:11.7,アタマ,16.3,7.0,492(+2),[東] 相沢郁,202204030411
12,1,1,ウルトラマリン,牝5,54.0,柴田大知,1:12.0,1.1/2,25.7,10.0,492(+6),[西] 今野貞一,202204030411
13,2,2,クインズメリッサ,牝4,52.0,藤懸貴志,1:12.3,2,5.4,2.0,476(-2),[西] 宮本博,202204030411
14,4,7,メイショウテンスイ,牡5,56.0,戸崎圭太,1:12.7,2,30.3,12.0,518(-12),[西] 南井克巳,202204030411
15,8,15,サイモンハロルド,牡5,53.0,津村明秀,1:12.7,クビ,7.2,4.0,454(0),[西] 森秀行,202204030411
1,6,10,アトラクティーボ,牡3,54.0,武藤雅,1:54.2,,5.2,4.0,534(+8),[東] 武藤善則,202204030412
2,7,13,セイウンオードリー,牡4,57.0,江田照男,1:54.2,クビ,22.8,7.0,510(+2),[東] 深山雅史,202204030412
3,6,11,テイエムアトム,牡4,57.0,丸田恭介,1:54.4,1,5.1,3.0,530(+10),[東] 石栗龍彦,202204030412
4,8,14,サクセスミノル,牡3,54.0,田辺裕信,1:54.5,1/2,7.0,5.0,470(-6),[東] 中舘英二,202204030412
5,5,9,キタノポケット,牝5,53.0,小林脩斗,1:54.5,クビ,90.3,10.0,400(+6),[東] 粕谷昌央,202204030412
6,1,1,セザンテイオー,牡4,57.0,内田博幸,1:54.5,クビ,51.8,9.0,506(+2),[東] 浅野洋一,202204030412
7,5,8,サクララージャン,牡6,55.0,松本大輝,1:54.6,クビ,111.8,13.0,500(+2),[東] 金成貴史,202204030412
8,8,15,サトノアレックス,セ5,57.0,菊沢一樹,1:54.6,アタマ,93.9,11.0,486(0),[東] 古賀慎明,202204030412
9,2,2,ルリオウ,牡4,54.0,原優介,1:54.8,3/4,187.8,14.0,496(+4),[東] 田村康仁,202204030412
10,4,7,グランドライン,牡3,54.0,三浦皇成,1:55.5,4,3.2,1.0,532(-2),[東] 高木登,202204030412
11,7,12,バイタルエリア,牡3,54.0,戸崎圭太,1:55.9,2.1/2,44.7,8.0,536(+14),[東] 加藤士津,202204030412
12,2,3,オニジオオタニ,セ4,57.0,杉原誠人,1:56.0,クビ,273.1,15.0,438(-2),[東] 本間忍,202204030412
13,3,5,ラブベティー,牝3,50.0,藤田菜七,1:57.9,大,4.9,2.0,450(+8),[東] 尾形和幸,202204030412
14,4,6,タイセイトリガー,牡3,54.0,菅原明良,1:59.6,10,12.4,6.0,500(+8),[東] 新開幸一,202204030412
15,3,4,フェスティヴボス,牡3,54.0,野中悠太,2:01.1,9,95.5,12.0,472(0),[東] 根本康広,202204030412
1,8,15,エマヌエーレ,牡2,54.0,戸崎圭太,1:34.6,,3.0,2.0,484(-2),[西] 平田修,202204030501
2,5,8,コンエネルジア,牡2,54.0,池添謙一,1:35.1,3,1.8,1.0,506(+6),[東] 手塚貴久,202204030501
3,7,12,シルバースペード,牡2,54.0,吉田豊,1:35.1,クビ,16.5,4.0,458(-12),[東] 小野次郎,202204030501
4,2,2,マイネルフォルツァ,牡2,54.0,柴田大知,1:35.2,1/2,21.3,5.0,492(+2),[東] 金成貴史,202204030501
5,8,14,マンダリンボレロ,牡2,54.0,松岡正海,1:35.5,1.3/4,26.2,6.0,494(-6),[東] 伊藤伸一,202204030501
6,2,3,シャトーボビー,牡2,54.0,田辺裕信,1:35.5,クビ,92.0,8.0,460(-4),[東] 菊川正達,202204030501
7,3,5,イチズ,牝2,51.0,佐々木大,1:35.9,2,347.1,15.0,410(+2),[東] 菊川正達,202204030501
8,5,9,ファームフレッシュ,牝2,54.0,伊藤工真,1:35.9,アタマ,267.8,13.0,442(0),[東] 金成貴史,202204030501
9,4,7,キタノチャリブル,牡2,51.0,原優介,1:36.1,1,157.9,11.0,442(+2),[東] 小西一男,202204030501
10,1,1,プレジャークルーズ,牝2,54.0,石橋脩,1:36.1,ハナ,12.1,3.0,480(+6),[東] 大竹正博,202204030501
11,7,13,シャノンフォールズ,牡2,54.0,野中悠太,1:36.2,3/4,272.3,14.0,486(-12),[東] 上原博之,202204030501
12,4,6,エイチエヌバンピー,牡2,54.0,菊沢一樹,1:36.7,3,99.1,9.0,434(+2),[東] 小桧山悟,202204030501
13,6,10,ゼロフェイス,牡2,54.0,木幡巧也,1:37.3,3.1/2,204.2,12.0,432(+4),[東] 牧光二,202204030501
14,6,11,サッチモ,牝2,54.0,Ｍ．デム,1:37.3,ハナ,33.2,7.0,402(-4),[東] 佐藤吉勝,202204030501
15,3,4,ショウナンカムイ,牡2,54.0,坂井瑠星,1:37.7,2.1/2,105.9,10.0,478(-10),[東] 久保田貴,202204030501
1,8,15,アコークロー,牝3,54.0,丸田恭介,1:55.1,,5.8,3.0,468(-8),[東] 大竹正博,202204030502
2,3,5,ハッピーバレー,牝3,52.0,藤田菜七,1:55.4,2,52.0,12.0,450(-4),[東] 手塚貴久,202204030502
3,1,1,クイーンカトリーヌ,牝3,51.0,原優介,1:55.8,2,2.7,1.0,438(0),[東] 大和田成,202204030502
4,7,12,ジャスミンカーラ,牝3,54.0,荻野極,1:55.8,ハナ,42.9,11.0,418(-2),[東] 加藤士津,202204030502
5,6,10,ノーブルグレイシャ,牝3,52.0,小林脩斗,1:56.1,1.3/4,19.5,8.0,464(+2),[東] 武藤善則,202204030502
6,5,8,ナンヨーアイリス,牝3,54.0,三浦皇成,1:56.1,クビ,19.5,7.0,466(0),[東] 畠山吉宏,202204030502
7,6,11,チャメドレア,牝3,54.0,菅原明良,1:56.5,2.1/2,93.6,13.0,464(+4),[東] 高木登,202204030502
8,2,3,ノアチェリー,牝3,54.0,江田照男,1:56.5,アタマ,16.9,6.0,468(-4),[東] 大江原哲,202204030502
9,7,13,レオミネルバ,牝3,54.0,石橋脩,1:57.0,3,37.0,10.0,464(-10),[東] 牧光二,202204030502
10,2,2,アドマイヤザルミナ,牝3,54.0,Ｍ．デム,1:57.5,3,34.2,9.0,452(-4),[東] 加藤征弘,202204030502
11,8,14,ナカガワフェイス,牝3,54.0,内田博幸,1:58.9,9,13.2,4.0,490(-4),[東] 上原博之,202204030502
12,4,6,ヴィアルネッサンス,牝3,54.0,団野大成,1:58.9,ハナ,16.8,5.0,444(+12),[東] 木村哲也,202204030502
13,5,9,ウェルシュゴールド,牝3,54.0,柴田大知,1:58.9,ハナ,163.5,14.0,478(+4),[東] 粕谷昌央,202204030502
14,4,7,レーヴディノエル,牝3,54.0,岩田康誠,2:01.3,大,3.3,2.0,486(-2),[東] 栗田徹,202204030502
15,3,4,マアイノマ,牝3,54.0,菊沢一樹,2:06.0,大,312.6,15.0,462(-10),[東] 中野栄治,202204030502
1,4,7,クイーンアポーン,牝3,54.0,Ｍ．デム,1:12.3,,6.9,4.0,454(0),[東] 土田稔,202204030503
2,5,9,サヨノフィールド,牡3,56.0,内田博幸,1:12.6,1.3/4,16.9,7.0,480(+4),[東] 小笠倫弘,202204030503
3,8,14,ヒメカミノカゼ,牝3,54.0,田辺裕信,1:12.6,アタマ,8.4,5.0,462(-6),[東] 菊沢隆徳,202204030503
4,1,1,クリスタルウエイ,牡3,56.0,吉田豊,1:12.7,クビ,4.1,2.0,476(+2),[東] 高橋文雅,202204030503
5,6,11,パンタナル,牡3,56.0,菅原明良,1:12.7,ハナ,3.3,1.0,504(-4),[東] 高木登,202204030503
6,6,10,トルーマンテソーロ,牡3,56.0,石川裕紀,1:13.3,4,27.1,9.0,516(+6),[東] 畠山吉宏,202204030503
7,7,12,タイセイロージー,牡3,56.0,三浦皇成,1:13.3,クビ,6.7,3.0,498(+8),[東] 栗田徹,202204030503
8,7,13,アドレマピュス,牝3,54.0,丸田恭介,1:13.5,1.1/4,18.2,8.0,456(-2),[東] 田村康仁,202204030503
9,3,5,バックシャン,牝3,54.0,菊沢一樹,1:14.2,4,101.2,10.0,494(-4),[東] 鈴木伸尋,202204030503
10,2,3,アルティマボス,牡3,53.0,原優介,1:14.6,2.1/2,118.7,11.0,502(-8),[東] 和田正一,202204030503
11,5,8,キリシマミッチー,牝3,54.0,杉原誠人,1:15.2,3.1/2,375.1,13.0,444(-10),[東] 大和田成,202204030503
12,8,15,ファームラヴ,牝3,54.0,岩田康誠,1:15.4,1.1/2,8.5,6.0,458(+2),[東] 辻哲英,202204030503
13,3,4,ペイシャヴェニット,牝3,54.0,江田照男,1:16.4,6,238.5,12.0,502(0),[東] 小笠倫弘,202204030503
14,2,2,サーストンユタ,牡3,56.0,的場勇人,1:19.2,大,409.2,14.0,480(0),[東] 的場均,202204030503
取,4,6,クロースコンバット,牡3,56.0,荻野極,,,---,,計不,[東] 青木孝文,202204030503
1,6,10,ネイチャーセラピー,牡3,56.0,戸崎圭太,1:54.9,,5.6,3.0,526(-4),[東] 田村康仁,202204030504
2,8,13,ワンダージュノ,牡3,56.0,田中勝春,1:55.0,1/2,30.5,8.0,492(0),[西] 森田直行,202204030504
3,6,9,アルテラ,牡3,56.0,津村明秀,1:55.1,3/4,3.8,2.0,410(-2),[東] 深山雅史,202204030504
4,3,3,ブランショセット,牡3,56.0,菅原明良,1:55.3,3/4,3.5,1.0,486(+2),[東] 中川公成,202204030504
5,7,11,サクラソーレ,牡3,56.0,石橋脩,1:55.5,1.1/4,12.2,7.0,466(-2),[東] 堀宣行,202204030504
6,5,7,センジュ,牡3,53.0,原優介,1:55.7,1.1/2,8.8,4.0,454(-2),[東] 南田美知,202204030504
7,4,6,ノアペルーサ,牡3,56.0,江田照男,1:56.0,1.3/4,72.3,12.0,490(-2),[東] 大江原哲,202204030504
8,4,5,フロールシュタット,牡3,56.0,坂井瑠星,1:56.0,クビ,48.7,11.0,456(-8),[東] 戸田博文,202204030504
9,3,4,ガストン,セ3,54.0,小林脩斗,1:56.2,1.1/4,10.4,6.0,446(-6),[東] 武井亮,202204030504
10,1,1,ハピネスガッサン,牝3,51.0,佐々木大,1:56.7,3,33.2,9.0,416(-8),[東] 田島俊明,202204030504
11,2,2,ラスティンボーイ,牡3,56.0,木幡巧也,1:57.3,4,33.8,10.0,452(0),[東] 勢司和浩,202204030504
12,7,12,ファットーラモーレ,牡3,56.0,丸田恭介,1:57.4,クビ,364.8,14.0,490(0),[東] 大竹正博,202204030504
13,8,14,メイショウオリジン,牝3,54.0,岩田康誠,1:58.4,6,80.0,13.0,478(-2),[西] 松永昌博,202204030504
14,5,8,プラニエータ,牝3,54.0,杉原誠人,2:00.5,大,9.8,5.0,512(+12),[東] 栗田徹,202204030504
1,7,10,フライヤートゥルー,牡2,54.0,坂井瑠星,1:50.2,,7.5,3.0,462(0),[西] 橋口慎介,202204030505
2,2,2,マンマリアーレ,牝2,54.0,三浦皇成,1:50.4,1.1/4,9.4,4.0,472(0),[東] 高木登,202204030505
3,5,7,アスコルティアーモ,牝2,54.0,池添謙一,1:50.5,クビ,1.7,1.0,430(0),[東] 林徹,202204030505
4,8,13,メタルスピード,牡2,54.0,戸崎圭太,1:51.2,4,5.5,2.0,476(0),[東] 斎藤誠,202204030505
5,6,8,オールデイズ,牝2,54.0,石川裕紀,1:51.3,1/2,16.4,5.0,466(0),[東] 相沢郁,202204030505
6,7,11,ローヌメファ,牝2,54.0,菊沢一樹,1:51.9,4,195.7,12.0,510(0),[東] 粕谷昌央,202204030505
7,1,1,タッチャブル,牡2,54.0,杉原誠人,1:52.0,クビ,43.2,8.0,514(0),[東] 宮田敬介,202204030505
8,8,12,ファビーニョ,牡2,54.0,団野大成,1:52.0,クビ,36.4,7.0,538(0),[西] 茶木太樹,202204030505
9,4,4,シュヴァルツナーガ,牝2,54.0,木幡巧也,1:52.7,4,273.1,13.0,428(0),[東] 畠山吉宏,202204030505
10,4,5,キープアドーラブル,牝2,54.0,岩田康誠,1:53.0,1.1/2,17.9,6.0,470(0),[西] 寺島良,202204030505
11,3,3,マイネルスヴニール,牡2,54.0,柴田大知,1:53.2,1.1/2,79.5,9.0,436(0),[東] 中野栄治,202204030505
12,6,9,ワールドウイング,セ2,51.0,水沼元輝,1:54.7,9,184.9,11.0,426(0),[東] 加藤和宏,202204030505
13,5,6,シゲルハピネス,牝2,54.0,荻野極,1:55.2,3,125.8,10.0,466(0),[東] 松山将樹,202204030505
1,1,2,デインバランス,牝2,54.0,戸崎圭太,1:37.5,,6.6,3.0,476(0),[西] 杉山晴紀,202204030506
2,3,6,シロノクミキョク,牝2,54.0,津村明秀,1:37.6,クビ,11.1,5.0,442(0),[東] 鈴木伸尋,202204030506
3,6,11,アサクサヴィーナス,牝2,54.0,吉田豊,1:37.9,1.3/4,3.0,2.0,450(0),[東] 高柳瑞樹,202204030506
4,5,9,メイショウヒエイ,牝2,54.0,荻野極,1:38.0,3/4,97.6,13.0,442(0),[西] 庄野靖志,202204030506
5,8,18,ハローマイラブリー,牝2,54.0,石川裕紀,1:38.2,1.1/2,20.9,6.0,538(0),[東] 伊坂重信,202204030506
6,2,3,アスパルディーコ,牝2,54.0,田辺裕信,1:38.3,3/4,3.0,1.0,476(0),[東] 蛯名正義,202204030506
7,7,14,ラウラーナ,牝2,54.0,丸田恭介,1:38.3,ハナ,34.6,8.0,418(0),[東] 宗像義忠,202204030506
8,2,4,ルビータイプ,牝2,54.0,柴田大知,1:38.5,1.1/4,60.6,10.0,436(0),[東] 萱野浩二,202204030506
9,8,16,スウィフトアロー,牝2,54.0,三浦皇成,1:39.0,3,89.2,11.0,478(0),[東] 戸田博文,202204030506
10,7,15,ミズカガミ,牝2,54.0,江田照男,1:39.0,クビ,54.2,9.0,436(0),[東] 土田稔,202204030506
11,3,5,サバンナテソーロ,牝2,54.0,団野大成,1:39.1,1/2,91.6,12.0,448(0),[東] 高木登,202204030506
12,7,13,ネッロランパンテ,牝2,54.0,野中悠太,1:39.2,クビ,175.4,15.0,448(0),[東] 杉浦宏昭,202204030506
13,6,12,カーメルビーチ,牝2,54.0,菅原明良,1:39.5,2,23.2,7.0,470(0),[西] 浜田多実,202204030506
14,5,10,ヒマワリノコ,牝2,54.0,内田博幸,1:39.6,1,139.1,14.0,438(0),[東] 古賀慎明,202204030506
15,8,17,ナックアロマ,牝2,54.0,田中勝春,1:39.7,1/2,215.0,17.0,420(0),[東] 宗像義忠,202204030506
16,1,1,ナンヨーウイング,牝2,54.0,Ｍ．デム,1:39.7,クビ,10.6,4.0,442(0),[東] 宗像義忠,202204030506
17,4,7,ジュタドール,牝2,54.0,木幡巧也,1:40.0,1.1/2,181.0,16.0,464(0),[東] 牧光二,202204030506
18,4,8,ドンタッチミー,牝2,54.0,木幡初也,1:40.0,ハナ,225.8,18.0,418(0),[東] 佐藤吉勝,202204030506
1,6,12,クインズコスモス,牝3,54.0,杉原誠人,1:09.0,,6.5,5.0,432(-4),[東] 加藤士津,202204030507
2,8,16,ボンジューママ,牝3,54.0,丸田恭介,1:09.1,クビ,5.4,3.0,420(-6),[東] 宗像義忠,202204030507
3,2,4,ピンキーウィンキー,牝3,54.0,田辺裕信,1:09.1,アタマ,5.4,4.0,460(+1),[東] 尾関知人,202204030507
4,2,3,ミッキージェンヌ,牝3,54.0,石川裕紀,1:09.1,クビ,15.1,7.0,440(0),[東] 菊沢隆徳,202204030507
5,8,18,ベルウッドツクバ,牡3,56.0,三浦皇成,1:09.1,アタマ,5.2,2.0,460(-4),[東] 伊藤大士,202204030507
6,5,10,フロムドーヴィル,牝3,54.0,坂井瑠星,1:09.6,2.1/2,21.5,8.0,442(-2),[東] 加藤士津,202204030507
7,7,14,マジョリー,牝3,54.0,菊沢一樹,1:09.9,2,5.1,1.0,424(-2),[東] 勢司和浩,202204030507
8,3,6,ツキニホエル,牡3,56.0,内田博幸,1:10.1,1.1/4,51.1,10.0,422(0),[東] 浅野洋一,202204030507
9,7,15,ローズタルト,牝3,54.0,津村明秀,1:10.3,1.1/4,7.6,6.0,422(+2),[東] 小笠倫弘,202204030507
10,4,8,フェルクアーサー,牡3,56.0,木幡巧也,1:10.4,1,65.6,11.0,456(-2),[東] 尾形和幸,202204030507
11,7,13,ハクサンセーラー,牝3,51.0,佐々木大,1:10.5,1/2,29.0,9.0,430(-2),[東] 菊川正達,202204030507
12,4,7,アティトラン,牝3,54.0,池添謙一,1:10.8,1.1/2,97.2,12.0,446(-2),[東] 尾関知人,202204030507
13,1,2,ディアマンネージュ,牝3,54.0,宮崎北斗,1:10.8,クビ,191.1,14.0,490(+8),[東] 石毛善彦,202204030507
14,6,11,グランドクォーツ,牡3,56.0,伊藤工真,1:10.8,アタマ,348.0,16.0,442(+11),[東] 根本康広,202204030507
15,5,9,ダイメイクルミ,牝3,54.0,野中悠太,1:11.1,1.3/4,321.1,15.0,470(-2),[東] 本間忍,202204030507
16,1,1,フロストクリスタル,牝3,54.0,岩部純二,1:11.1,ハナ,399.6,17.0,434(-9),[東] 石毛善彦,202204030507
17,8,17,グットウインド,牡3,53.0,水沼元輝,1:11.8,4,517.2,18.0,442(-6),[東] 中野栄治,202204030507
18,3,5,ウエスタンフレチャ,牝3,52.0,藤田菜七,1:11.9,クビ,118.6,13.0,408(-12),[東] 深山雅史,202204030507
1,5,9,ブレイクフォース,牡3,54.0,田辺裕信,1:52.7,,4.6,3.0,478(+4),[東] 中舘英二,202204030508
2,7,13,ハリウッドフェーム,牡3,54.0,坂井瑠星,1:53.7,6,28.1,7.0,532(+8),[東] 栗田徹,202204030508
3,7,12,ロードバルドル,牡3,54.0,三浦皇成,1:53.7,アタマ,3.5,1.0,468(-6),[東] 稲垣幸雄,202204030508
4,4,6,ペイシャジュン,牡4,57.0,菅原明良,1:54.2,3,5.9,4.0,516(+8),[東] 高橋裕,202204030508
5,3,5,ノームストリーム,牡4,57.0,内田博幸,1:54.6,2.1/2,111.5,12.0,494(-14),[東] 武市康男,202204030508
6,6,10,マイネルオーサム,牡3,54.0,柴田大知,1:54.8,3/4,13.3,6.0,468(+4),[東] 高木登,202204030508
7,5,8,サトノストロング,セ3,54.0,戸崎圭太,1:54.8,クビ,3.6,2.0,456(-18),[東] 斎藤誠,202204030508
8,3,4,ゲットアップ,セ4,57.0,木幡巧也,1:54.9,クビ,36.6,9.0,468(-2),[東] 牧光二,202204030508
9,8,15,マサカウマザンマイ,牡4,57.0,丸田恭介,1:55.5,3.1/2,35.7,8.0,480(+2),[東] 青木孝文,202204030508
10,2,2,ガラデレオン,牡5,57.0,石川裕紀,1:55.9,2.1/2,293.7,15.0,496(0),[東] 的場均,202204030508
11,1,1,エコロカナワン,牡4,57.0,津村明秀,1:56.2,2,48.9,10.0,486(-4),[東] 武市康男,202204030508
12,8,14,ヨシオドライヴ,牡5,57.0,菊沢一樹,1:56.4,1,66.8,11.0,512(+14),[東] 清水英克,202204030508
13,6,11,テンチシンメイ,牡5,55.0,小林脩斗,1:57.7,8,168.1,13.0,514(-4),[東] 小笠倫弘,202204030508
14,2,3,チョモランマ,牡4,54.0,水沼元輝,1:58.3,3.1/2,239.4,14.0,514(-8),[東] 加藤和宏,202204030508
15,4,7,インディペンデント,牡4,57.0,武藤雅,1:59.7,8,12.2,5.0,456(-6),[東] 武藤善則,202204030508
1,5,8,メズメライザー,牡3,54.0,戸崎圭太,1:11.2,,1.7,1.0,526(+2),[西] 千田輝彦,202204030509
2,7,13,エリモグリッター,セ5,57.0,内田博幸,1:11.4,1.1/4,33.3,7.0,474(-2),[東] 中野栄治,202204030509
3,4,6,ヴァリアント,牡6,57.0,坂井瑠星,1:11.5,1,4.9,2.0,490(0),[西] 茶木太樹,202204030509
4,2,2,ゴールドクロス,牡7,57.0,津村明秀,1:11.9,2.1/2,28.3,6.0,498(+2),[東] 小西一男,202204030509
5,8,15,バーンパッション,牡5,57.0,柴田大知,1:12.0,3/4,110.0,11.0,478(+4),[東] 中川公成,202204030509
6,6,10,アルマセクメト,牝4,55.0,三浦皇成,1:12.1,1/2,10.8,4.0,484(-2),[東] 田村康仁,202204030509
7,1,1,ペイシャリルキス,セ6,57.0,武士沢友,1:12.2,クビ,147.0,13.0,496(+4),[東] 本間忍,202204030509
8,8,14,トミケンカラバティ,牡4,57.0,木幡巧也,1:12.4,1,55.4,8.0,450(+8),[東] 尾形和幸,202204030509
9,6,11,エコロマンボ,牝4,55.0,団野大成,1:12.4,アタマ,95.1,10.0,514(+12),[西] 牧浦充徳,202204030509
10,4,7,ネオトゥルー,牡5,57.0,石川裕紀,1:12.4,ハナ,117.9,12.0,486(+2),[東] 鈴木伸尋,202204030509
11,2,3,ミフトゥーロ,牝7,55.0,嶋田純次,1:12.4,クビ,259.2,15.0,460(-2),[東] 西田雄一,202204030509
12,5,9,アルバミノル,牡4,57.0,田辺裕信,1:12.8,2.1/2,16.1,5.0,476(+2),[東] 中舘英二,202204030509
13,3,5,スズカユース,牝6,55.0,松岡正海,1:13.1,1.3/4,165.0,14.0,448(-12),[東] 堀内岳志,202204030509
14,7,12,シンゼンマックス,牡6,57.0,田中勝春,1:13.5,2.1/2,56.3,9.0,494(+6),[西] 飯田祐史,202204030509
15,3,4,フルールドネージュ,牝5,55.0,菅原明良,1:14.1,3.1/2,5.9,3.0,446(+2),[西] 鈴木孝志,202204030509
1,7,13,ライティア,牝5,55.0,坂井瑠星,1:33.7,,3.8,1.0,436(+6),[西] 池添学,202204030510
2,6,11,ウイングレイテスト,牡5,57.0,松岡正海,1:33.8,1,6.9,3.0,506(+10),[東] 畠山吉宏,202204030510
3,3,5,ノワールドゥジェ,牝4,55.0,団野大成,1:33.9,クビ,7.4,4.0,484(-2),[東] 宮田敬介,202204030510
4,8,15,シャンブル,牝4,55.0,Ｍ．デム,1:33.9,クビ,19.1,9.0,496(+16),[西] 吉村圭司,202204030510
5,5,9,ノーブルアース,牝7,55.0,菊沢一樹,1:34.0,3/4,128.8,14.0,488(-2),[西] 牧浦充徳,202204030510
6,7,12,リッケンバッカー,牡4,57.0,石川裕紀,1:34.0,アタマ,5.9,2.0,476(+10),[西] 西村真幸,202204030510
7,6,10,フラーズダルム,牝4,55.0,戸崎圭太,1:34.1,1/2,15.5,8.0,500(+16),[西] 松永昌博,202204030510
8,2,3,クロノメーター,牡5,57.0,武藤雅,1:34.2,クビ,65.4,13.0,462(+4),[東] 尾形和幸,202204030510
9,3,4,サトノフウジン,牡5,57.0,石橋脩,1:34.3,1,26.0,11.0,468(+6),[東] 堀宣行,202204030510
10,5,8,サトノアイ,牝4,55.0,田辺裕信,1:34.4,クビ,10.4,6.0,448(+12),[西] 須貝尚介,202204030510
11,4,6,リリーピュアハート,牝5,55.0,三浦皇成,1:34.4,アタマ,32.6,12.0,452(+14),[西] 藤原英昭,202204030510
12,2,2,フィアスプライド,牝4,55.0,菅原明良,1:34.4,クビ,11.8,7.0,490(+14),[東] 国枝栄,202204030510
13,8,14,シャチ,牡5,57.0,原優介,1:34.6,1.1/4,238.3,15.0,462(+2),[東] 小桧山悟,202204030510
14,1,1,ジャカランダレーン,牝4,55.0,津村明秀,1:35.0,2.1/2,23.5,10.0,454(+2),[西] 中内田充,202204030510
15,4,7,メモリーエフェクト,牡4,57.0,岩田康誠,1:35.2,1,9.0,5.0,474(+4),[西] 大久保龍,202204030510
1,4,6,ジュンライトボルト,牡5,55.0,石川裕紀,1:51.5,,6.6,4.0,480(-4),[西] 友道康夫,202204030511
2,8,14,ホールシバン,牡4,55.0,Ｍ．デム,1:51.8,1.3/4,6.2,2.0,526(-8),[西] 高橋義忠,202204030511
3,7,12,デュープロセス,牡6,56.0,石橋脩,1:51.9,1,64.4,14.0,486(0),[東] 高柳瑞樹,202204030511
4,6,10,ヴァンヤール,牡4,54.0,荻野極,1:52.5,3.1/2,25.0,11.0,530(+4),[西] 庄野靖志,202204030511
5,2,2,ゴールドレガシー,牡4,54.0,戸崎圭太,1:52.6,クビ,6.2,3.0,482(+6),[西] 平田修,202204030511
6,7,13,ホウオウエミーズ,牝5,52.0,丸田恭介,1:52.6,クビ,67.1,15.0,448(-4),[東] 池上昌和,202204030511
7,4,7,サンダーブリッツ,牡5,56.0,田辺裕信,1:52.7,1/2,10.5,7.0,492(-10),[東] 久保田貴,202204030511
8,5,8,レッドソルダード,セ4,55.0,団野大成,1:52.8,1/2,7.2,5.0,490(-2),[西] 奥村豊,202204030511
9,3,5,ペルセウスシチー,牡5,55.0,菅原明良,1:53.0,1.1/4,25.0,10.0,484(0),[東] 池上昌和,202204030511
10,5,9,ホウオウスクラム,牡7,53.0,内田博幸,1:53.0,クビ,58.9,13.0,510(-16),[東] 奥村武,202204030511
11,1,1,スレイマン,牡4,55.0,坂井瑠星,1:53.6,3.1/2,5.6,1.0,552(+22),[西] 池添学,202204030511
12,6,11,アッシェンプッテル,牝6,53.0,木幡巧也,1:53.7,1/2,48.5,12.0,508(-2),[西] 奥村豊,202204030511
13,8,15,アメリカンシード,牡5,56.0,三浦皇成,1:54.5,5,15.6,8.0,476(+2),[西] 藤岡健一,202204030511
14,2,3,ダノンスプレンダー,牡6,56.5,池添謙一,1:55.1,4,18.2,9.0,510(-4),[西] 安田隆行,202204030511
15,3,4,ベルダーイメル,牡5,55.0,津村明秀,1:58.1,大,9.6,6.0,448(-10),[西] 本田優,202204030511
1,2,4,ミスボニータ,牝3,52.0,坂井瑠星,1:08.3,,2.7,1.0,442(0),[東] 斎藤誠,202204030512
2,3,5,ショウナンタイジュ,牡3,54.0,岩田康誠,1:08.5,1.1/4,14.9,5.0,478(0),[東] 嘉藤貴行,202204030512
3,1,2,ヴィントミューレ,セ4,54.0,佐々木大,1:08.6,1/2,33.4,10.0,448(+6),[東] 木村哲也,202204030512
4,4,8,クラリティスケール,牝3,52.0,菊沢一樹,1:08.7,1/2,15.4,6.0,446(+8),[東] 菊沢隆徳,202204030512
5,3,6,コズミックフロスト,牝3,52.0,三浦皇成,1:08.7,ハナ,3.9,2.0,444(-2),[東] 高柳瑞樹,202204030512
6,7,14,カラパタール,牝4,55.0,津村明秀,1:08.7,クビ,5.5,3.0,436(-12),[東] 池上昌和,202204030512
7,1,1,タイガーリリー,牝4,55.0,杉原誠人,1:09.0,1.1/2,11.3,4.0,472(0),[東] 尾関知人,202204030512
8,6,11,グランチェイサー,セ5,57.0,武藤雅,1:09.1,1/2,23.2,7.0,446(-2),[東] 矢野英一,202204030512
9,4,7,ヨンウォニ,牝5,55.0,嶋田純次,1:09.4,2,343.8,17.0,452(-10),[東] 伊藤伸一,202204030512
10,2,3,ドラゴンゴクウ,牡3,54.0,野中悠太,1:09.7,1.3/4,31.3,9.0,460(+8),[東] 根本康広,202204030512
11,7,13,ユイノダンディズム,牡4,57.0,江田照男,1:09.7,ハナ,75.3,13.0,474(-6),[東] 竹内正洋,202204030512
12,8,18,ブラウシュヴァルツ,セ4,57.0,団野大成,1:09.9,3/4,25.1,8.0,486(0),[東] 黒岩陽一,202204030512
13,5,10,アトムヴェローチェ,牝5,55.0,木幡巧也,1:10.2,2,175.2,15.0,452(+8),[東] 勢司和浩,202204030512
14,8,17,アランチオーネ,牝6,52.0,原優介,1:10.3,1/2,404.8,18.0,454(+24),[東] 高橋裕,202204030512
15,7,15,クラウンシューター,牡3,54.0,戸崎圭太,1:10.6,1.3/4,35.1,11.0,474(-6),[東] 武藤善則,202204030512
16,6,12,ネズコ,牝4,55.0,菅原明良,1:10.6,クビ,55.9,12.0,454(+8),[東] 戸田博文,202204030512
17,8,16,セピアノーツ,牝4,53.0,藤田菜七,1:10.9,1.1/2,103.2,14.0,472(+2),[東] 青木孝文,202204030512
18,5,9,ジャスティンリーチ,セ5,57.0,池添謙一,1:11.3,2.1/2,219.2,16.0,502(+10),[東] 林徹,202204030512
1,6,6,サペラヴィ,牡5,60.0,江田勇亮,3:08.5,,5.2,4.0,480(+2),[東] 南田美知,202204030601
2,8,8,ヴァンクールシルク,セ8,60.0,伴啓太,3:09.3,5,2.8,1.0,586(+8),[東] 黒岩陽一,202204030601
3,2,2,モルタル,セ5,57.0,小牧加矢,3:10.5,7,4.5,3.0,468(-12),[東] 加藤征弘,202204030601
4,5,5,モーニングアヤメ,牝4,58.0,上野翔,3:10.7,1.1/4,10.3,5.0,446(0),[東] 浅野洋一,202204030601
5,1,1,プリンセスララア,牝5,58.0,大庭和弥,3:10.8,3/4,37.2,8.0,416(+4),[東] 的場均,202204030601
6,3,3,シュテルンシチー,セ6,60.0,石神深一,3:11.0,3/4,3.6,2.0,456(-6),[東] 萱野浩二,202204030601
7,7,7,ベラコリーダ,牝3,56.0,森一馬,3:12.6,10,34.5,7.0,456(+8),[西] 斉藤崇史,202204030601
中,4,4,スズカゴウケツ,牡5,60.0,草野太郎,,,18.2,6.0,484(-4),[東] 伊藤圭三,202204030601
1,6,10,ウィルソンテソーロ,牡3,56.0,戸崎圭太,1:51.8,,5.3,4.0,478(+2),[東] 田中博康,202204030602
2,8,14,サトノギベオン,牡3,56.0,坂井瑠星,1:53.6,大,2.8,1.0,526(+4),[東] 戸田博文,202204030602
3,5,7,トリプルスリル,牡3,56.0,木幡巧也,1:53.9,2,3.4,2.0,474(0),[東] 牧光二,202204030602
4,7,11,リュウバター,牡3,56.0,丸田恭介,1:54.3,2.1/2,24.8,6.0,480(0),[東] 佐藤吉勝,202204030602
5,1,1,テーオーインパクト,牡3,56.0,岩田康誠,1:54.8,3,172.7,14.0,500(-6),[西] 宮徹,202204030602
6,4,5,ヴェルトクリーガー,牡3,56.0,石橋脩,1:55.0,1,32.7,7.0,506(+1),[東] 大和田成,202204030602
7,8,13,ゼファラス,牡3,56.0,嶋田純次,1:55.4,2.1/2,138.0,13.0,486(+8),[東] 手塚貴久,202204030602
8,6,9,レオプレシード,牡3,56.0,吉田豊,1:55.6,3/4,24.7,5.0,526(+14),[東] 小手川準,202204030602
9,2,2,ベイビールビオ,牡3,56.0,田辺裕信,1:56.1,3,4.2,3.0,492(0),[東] 田村康仁,202204030602
10,3,3,メイショウハクギン,牝3,51.0,角田大河,1:56.2,1/2,42.1,8.0,478(0),[西] 高橋亮,202204030602
11,7,12,ニルヴァーナ,牡3,56.0,菅原明良,1:56.2,アタマ,99.8,11.0,466(-6),[東] 高木登,202204030602
12,5,8,テンクウノツバサ,牡3,56.0,内田博幸,1:57.0,5,94.9,10.0,484(-4),[東] 中舘英二,202204030602
13,3,4,グランシャーク,牡3,56.0,菊沢一樹,1:57.4,2.1/2,112.6,12.0,504(+6),[東] 田島俊明,202204030602
14,4,6,ホウオウモンスター,牡3,56.0,石川裕紀,1:57.4,アタマ,93.5,9.0,434(-6),[東] 尾形和幸,202204030602
1,2,3,セイウンスイート,牝2,54.0,田辺裕信,0:57.2,,4.7,2.0,442(-4),[東] 栗田徹,202204030603
2,6,11,ベベ,牡2,54.0,嶋田純次,0:57.3,1/2,5.3,4.0,472(-12),[東] 武市康男,202204030603
3,2,4,ラブスレンダー,牝2,54.0,Ｍ．デム,0:57.3,クビ,5.9,5.0,438(+2),[東] 田中剛,202204030603
4,7,15,ワックスフラワー,牝2,54.0,内田博幸,0:57.4,3/4,80.9,11.0,436(0),[東] 深山雅史,202204030603
5,8,16,タマモガーベラ,牝2,54.0,武藤雅,0:57.5,1/2,79.6,10.0,396(+2),[東] 水野貴広,202204030603
6,1,1,サンガルガーノ,牡2,54.0,柴田大知,0:57.6,1,179.6,14.0,460(+4),[東] 松山将樹,202204030603
7,5,10,ネバレチュゴー,牡2,51.0,水沼元輝,0:57.7,クビ,39.1,7.0,510(+8),[東] 西田雄一,202204030603
8,6,12,サウザンパンチ,牡2,54.0,津村明秀,0:57.7,クビ,5.1,3.0,422(+4),[東] 斎藤誠,202204030603
9,1,2,ライトブラーヴ,牡2,52.0,藤田菜七,0:58.0,1.3/4,52.1,8.0,394(+2),[東] 斎藤誠,202204030603
10,8,18,ニジノテンシ,牝2,54.0,丸田恭介,0:58.1,クビ,20.2,6.0,386(-30),[東] 蛯名利弘,202204030603
11,3,5,ハンデンメシアー,牡2,54.0,岩田康誠,0:58.3,1.1/4,187.8,15.0,484(-6),[東] 土田稔,202204030603
12,4,8,ハスノミ,牡2,54.0,木幡巧也,0:58.5,1.1/2,452.0,18.0,426(+2),[東] 松永康利,202204030603
13,5,9,ロデオフリップ,牝2,51.0,角田大河,0:58.6,1/2,104.9,12.0,438(-2),[東] 石毛善彦,202204030603
14,7,13,ワタシハマジョ,牝2,54.0,菅原明良,0:58.6,クビ,3.8,1.0,446(-2),[東] 矢野英一,202204030603
15,8,17,ケレンシア,牝2,54.0,武士沢友,0:58.8,3/4,52.9,9.0,464(+4),[東] 村田一誠,202204030603
16,4,7,フレンドキング,牡2,54.0,吉田豊,0:58.8,アタマ,419.9,16.0,452(+14),[東] 南田美知,202204030603
17,3,6,コーヒーカフェ,牡2,54.0,菅原隆一,0:59.0,1.1/2,444.3,17.0,454(+12),[東] 南田美知,202204030603
18,7,14,アップチェリー,牝2,51.0,原優介,0:59.2,1.1/4,153.5,13.0,376(-18),[東] 蛯名利弘,202204030603
1,6,11,シュトルーヴェ,牡3,56.0,Ｍ．デム,2:00.8,,6.3,3.0,492(-6),[東] 堀宣行,202204030604
2,7,13,アオカミ,牡3,56.0,津村明秀,2:01.6,5,37.6,10.0,466(-4),[東] 和田勇介,202204030604
3,5,10,キーワード,セ3,56.0,田辺裕信,2:01.8,1,2.4,1.0,468(0),[東] 栗田徹,202204030604
4,6,12,イワクニ,牡3,56.0,菅原明良,2:02.0,1.1/2,4.3,2.0,476(+14),[東] 宗像義忠,202204030604
5,3,6,マイネルカグラ,牡3,56.0,柴田大知,2:02.3,1.3/4,127.5,13.0,490(-8),[東] 相沢郁,202204030604
6,5,9,イントロバート,牝3,54.0,木幡巧也,2:02.3,クビ,23.3,8.0,482(-4),[東] 的場均,202204030604
7,8,18,ヴァンシャンテ,牝3,54.0,坂井瑠星,2:02.3,ハナ,7.4,4.0,422(+2),[東] 武井亮,202204030604
8,4,8,ブルーグラスソング,牝3,54.0,丸田恭介,2:02.4,1/2,20.9,6.0,446(+4),[東] 大竹正博,202204030604
9,4,7,キアナフリューゲル,牝3,54.0,内田博幸,2:02.6,1,18.2,5.0,472(+2),[東] 和田勇介,202204030604
10,7,14,アーサーズウィーク,牡3,56.0,武藤雅,2:02.7,3/4,281.1,17.0,534(+14),[東] 新開幸一,202204030604
11,2,3,ベルアヴニール,牝3,54.0,石橋脩,2:02.8,クビ,104.3,12.0,418(-6),[東] 堀宣行,202204030604
12,7,15,マイネルグローリエ,牡3,53.0,原優介,2:02.9,3/4,26.1,9.0,502(-6),[東] 尾関知人,202204030604
13,1,2,ジオパークタイド,牡3,56.0,岩田康誠,2:02.9,クビ,48.5,11.0,486(+8),[東] 奥村武,202204030604
14,8,17,エルイエロ,牡3,56.0,田中勝春,2:03.0,クビ,174.3,15.0,448(-4),[東] 畠山吉宏,202204030604
15,1,1,ジャドブッファン,牡3,56.0,浜中俊,2:04.2,7,141.9,14.0,484(-6),[東] 奥村武,202204030604
16,2,4,グラッテンハーレ,牝3,52.0,藤田菜七,2:05.6,9,192.2,16.0,462(+4),[東] 田中剛,202204030604
17,8,16,フィアレスデザイア,牡3,56.0,三浦皇成,2:07.5,大,21.3,7.0,522(0),[東] 鹿戸雄一,202204030604
18,3,5,スイリュウオー,牝3,54.0,菅原隆一,2:09.9,大,656.8,18.0,482(+4),[東] 鈴木慎太,202204030604
1,7,8,クロスライセンス,牡2,54.0,池添謙一,1:35.5,,4.2,2.0,436(0),[東] 鹿戸雄一,202204030605
2,6,7,ナイトブレーカー,牡2,54.0,三浦皇成,1:35.6,1/2,8.1,4.0,454(0),[東] 武井亮,202204030605
3,5,5,サクセスバラード,牡2,54.0,木幡初也,1:35.6,アタマ,15.7,6.0,440(0),[東] 竹内正洋,202204030605
4,3,3,グスタール,牡2,51.0,原優介,1:35.9,1.1/2,49.6,9.0,444(0),[東] 粕谷昌央,202204030605
5,7,9,ツインクルトーズ,牝2,54.0,木幡巧也,1:35.9,ハナ,18.0,7.0,504(0),[東] 牧光二,202204030605
6,8,10,サブエガ,牡2,54.0,津村明秀,1:36.1,1.1/4,3.1,1.0,496(0),[西] 池江泰寿,202204030605
7,1,1,ジュンブライト,牝2,54.0,戸崎圭太,1:36.6,3,4.3,3.0,432(0),[東] 高柳瑞樹,202204030605
8,6,6,ビッグベルーガ,牡2,54.0,石橋脩,1:37.3,4,18.8,8.0,468(0),[西] 牧浦充徳,202204030605
9,2,2,タガノロビンソン,牡2,54.0,岩田康誠,1:37.6,1.3/4,11.7,5.0,478(0),[西] 宮徹,202204030605
10,8,11,コスモスプモーニ,牡2,54.0,柴田大知,1:39.0,8,145.8,10.0,454(0),[東] 小笠倫弘,202204030605
11,4,4,ニシノギドラー,牡2,52.0,小林脩斗,1:39.6,3.1/2,156.1,11.0,414(0),[東] 相沢郁,202204030605
1,7,12,エコロアイ,牝2,54.0,戸崎圭太,1:13.2,,2.6,1.0,498(0),[西] 森秀行,202204030606
2,2,3,フォーサイティド,牝2,54.0,菅原明良,1:13.5,1.3/4,11.7,6.0,496(0),[西] 茶木太樹,202204030606
3,8,15,ノースディーバ,牡2,54.0,坂井瑠星,1:13.5,クビ,4.1,2.0,510(0),[西] 鮫島一歩,202204030606
4,2,2,シルバーレイズ,牝2,54.0,木幡巧也,1:13.6,1/2,31.1,7.0,454(0),[東] 牧光二,202204030606
5,5,9,コスモジョセフ,牡2,54.0,柴田大知,1:13.8,1.1/4,9.5,4.0,468(0),[東] 伊藤大士,202204030606
6,7,13,ジェイケイファイン,牡2,54.0,石川裕紀,1:14.2,2.1/2,163.6,14.0,468(0),[東] 奥平雅士,202204030606
7,6,11,バサラ,牝2,54.0,田辺裕信,1:14.2,クビ,6.8,3.0,444(0),[東] 伊藤圭三,202204030606
8,5,8,リッチハンター,牡2,54.0,野中悠太,1:14.6,2.1/2,35.4,8.0,478(0),[東] 本間忍,202204030606
9,8,14,シゲルタイムフライ,牡2,54.0,丸田恭介,1:15.0,2,130.2,13.0,450(0),[東] 宗像義忠,202204030606
10,4,6,ミルレーヴ,牝2,54.0,吉田豊,1:15.1,1,63.5,10.0,438(0),[東] 上原博之,202204030606
11,4,7,フリースタイル,牝2,54.0,津村明秀,1:15.2,1/2,185.0,15.0,484(0),[東] 深山雅史,202204030606
12,6,10,カンタベリーガール,牝2,54.0,武士沢友,1:15.5,2,70.6,11.0,444(0),[東] 石栗龍彦,202204030606
13,3,5,クエイヴァー,牝2,54.0,池添謙一,1:15.9,2,10.3,5.0,448(0),[東] 小西一男,202204030606
14,3,4,オズモポリタン,牝2,54.0,内田博幸,1:16.1,1.1/4,109.9,12.0,492(0),[東] 本間忍,202204030606
15,1,1,シンリンゲンカイ,牝2,54.0,菊沢一樹,1:17.8,10,59.7,9.0,444(0),[東] 石栗龍彦,202204030606
1,2,2,サザンナイツ,セ4,57.0,津村明秀,1:46.8,,18.5,7.0,436(-2),[東] 林徹,202204030607
2,1,1,サイルーン,牡3,54.0,石橋脩,1:47.1,2,3.3,2.0,474(-2),[東] 堀宣行,202204030607
3,8,9,ブルーゲート,牝3,50.0,藤田菜七,1:47.2,3/4,9.0,4.0,438(+2),[東] 武井亮,202204030607
4,7,7,セラフィナイト,牡4,57.0,野中悠太,1:47.4,1.1/2,11.7,6.0,444(0),[東] 宮田敬介,202204030607
5,6,6,グルーヴビート,牡4,57.0,坂井瑠星,1:47.9,3,66.0,8.0,480(+2),[西] 矢作芳人,202204030607
6,4,4,ライラスター,牡3,54.0,戸崎圭太,1:48.1,1.1/4,2.6,1.0,480(-2),[東] 木村哲也,202204030607
7,8,8,ポルトヴェッキオ,牝4,55.0,池添謙一,1:48.1,クビ,4.8,3.0,476(0),[東] 田中博康,202204030607
8,5,5,トーセンクライマー,牡4,54.0,角田大河,1:48.3,3/4,98.1,9.0,468(+4),[東] 加藤征弘,202204030607
9,3,3,シャーマンズケイブ,牡3,54.0,岩田康誠,1:48.7,2.1/2,11.0,5.0,526(+4),[東] 尾関知人,202204030607
1,2,2,モントブレッチア,牝3,52.0,戸崎圭太,1:52.7,,3.1,3.0,440(-4),[東] 斎藤誠,202204030608
2,3,3,スマイルオンミー,牝3,52.0,武藤雅,1:52.9,1.1/2,2.5,1.0,522(+10),[東] 尾関知人,202204030608
3,5,5,スズノテレサ,牝3,52.0,津村明秀,1:53.5,3.1/2,2.7,2.0,436(-12),[東] 深山雅史,202204030608
4,7,7,テンナイトパール,牝6,55.0,丸田恭介,1:53.7,1,23.5,5.0,496(+6),[東] 小西一男,202204030608
5,8,8,キタノポケット,牝5,53.0,小林脩斗,1:53.9,1.1/2,25.5,6.0,400(0),[東] 粕谷昌央,202204030608
6,4,4,ルミナスナイト,牝5,55.0,木幡巧也,1:54.6,4,107.9,7.0,492(0),[東] 新開幸一,202204030608
7,6,6,フローズンカクテル,牝4,55.0,吉田豊,1:55.2,3.1/2,12.5,4.0,462(-4),[東] 小手川準,202204030608
8,1,1,キノトクイーン,牝4,52.0,原優介,2:01.9,大,141.8,8.0,454(+14),[東] 高橋文雅,202204030608
1,8,11,ルージュラテール,牝3,52.0,坂井瑠星,1:35.9,,2.3,1.0,494(+8),[西] 矢作芳人,202204030609
2,1,1,アトリビュート,牝5,55.0,戸崎圭太,1:36.0,1/2,14.0,5.0,460(+2),[西] 高野友和,202204030609
3,8,10,ロードカテドラル,牡3,54.0,田辺裕信,1:36.0,アタマ,5.0,3.0,496(0),[東] 斎藤誠,202204030609
4,5,5,カワキタレブリー,牡3,54.0,菅原明良,1:36.0,ハナ,3.7,2.0,440(+20),[西] 杉山佳明,202204030609
5,7,8,ロールアップ,牝3,52.0,三浦皇成,1:36.2,1.1/4,5.5,4.0,454(+8),[西] 中内田充,202204030609
6,7,9,チアチアクラシカ,牝5,55.0,吉田豊,1:36.2,クビ,15.2,6.0,516(+6),[東] 西田雄一,202204030609
7,6,6,ショーヒデキラ,牡6,57.0,津村明秀,1:36.3,3/4,50.9,7.0,488(0),[東] 鈴木伸尋,202204030609
8,6,7,ラキャラントシス,牝5,55.0,藤田菜七,1:36.6,1.3/4,147.9,8.0,482(-2),[東] 鈴木伸尋,202204030609
9,2,2,セイレーン,牝4,55.0,丸田恭介,1:36.8,1.1/4,173.6,10.0,414(+4),[西] 佐々木晶,202204030609
10,4,4,ブルーエクセレンス,牡6,57.0,石川裕紀,1:37.6,5,339.5,11.0,492(0),[東] 金成貴史,202204030609
11,3,3,マイジュネス,牡3,54.0,笹川翼,1:37.6,クビ,169.2,9.0,454(+6),[地] 山田信大,202204030609
1,2,3,ルプリュフォール,セ6,56.0,石橋脩,1:21.0,,23.4,9.0,502(+10),[西] 松永幹夫,202204030610
2,8,18,ララクリスティーヌ,牝4,54.0,菅原明良,1:21.0,アタマ,20.2,8.0,450(+10),[西] 斉藤崇史,202204030610
3,6,12,タイセイディバイン,牡3,53.0,三浦皇成,1:21.0,ハナ,4.2,1.0,516(+2),[西] 高野友和,202204030610
4,4,7,テンハッピーローズ,牝4,54.0,津村明秀,1:21.2,1,11.7,5.0,450(+10),[西] 高柳大輔,202204030610
5,2,4,ルッジェーロ,セ7,56.0,岩田康誠,1:21.2,アタマ,34.0,11.0,516(+8),[東] 鹿戸雄一,202204030610
6,3,5,グレイイングリーン,牡4,56.0,浜中俊,1:21.3,1/2,5.8,4.0,500(+8),[西] 池江泰寿,202204030610
7,1,2,アンコールプリュ,牝7,54.0,菊沢一樹,1:21.3,アタマ,139.3,16.0,448(+2),[西] 友道康夫,202204030610
8,7,14,ショックアクション,牡4,56.0,武藤雅,1:21.4,クビ,68.0,13.0,502(+4),[西] 大久保龍,202204030610
9,1,1,リフレイム,牝4,55.0,野中悠太,1:21.4,ハナ,4.6,2.0,504(0),[東] 黒岩陽一,202204030610
10,5,10,エントシャイデン,牡7,59.0,坂井瑠星,1:21.4,クビ,26.6,10.0,480(+2),[西] 矢作芳人,202204030610
11,8,16,ルークズネスト,牡4,57.0,戸崎圭太,1:21.4,ハナ,13.1,6.0,508(-8),[東] 久保田貴,202204030610
12,8,17,ミッキーブリランテ,牡6,58.0,内田博幸,1:21.6,1,101.8,15.0,478(+8),[西] 矢作芳人,202204030610
13,7,15,シャインガーネット,牝5,55.0,田辺裕信,1:21.6,クビ,5.5,3.0,488(+8),[東] 栗田徹,202204030610
14,4,8,ハッピーアワー,牡6,57.0,丸田恭介,1:21.7,クビ,218.8,18.0,446(-2),[西] 杉山佳明,202204030610
15,7,13,サンクテュエール,牝5,55.0,池添謙一,1:21.7,クビ,85.7,14.0,478(0),[東] 田中博康,202204030610
16,3,6,トキメキ,牝5,54.0,Ｍ．デム,1:21.8,1/2,40.5,12.0,516(0),[東] 斎藤誠,202204030610
17,5,9,アビッグチア,牝4,54.0,嶋田純次,1:21.8,ハナ,19.9,7.0,506(-6),[東] 水野貴広,202204030610
18,6,11,ヴェスターヴァルト,セ5,56.0,角田大河,1:22.2,2.1/2,217.2,17.0,470(+4),[東] 加藤征弘,202204030610
1,6,7,キタウイング,牝2,54.0,戸崎圭太,1:35.9,,8.1,4.0,436(0),[東] 小島茂之,202204030611
2,7,9,ウインオーディン,牡2,54.0,三浦皇成,1:36.0,1/2,4.9,3.0,466(+4),[東] 鹿戸雄一,202204030611
3,7,8,シーウィザード,牡2,54.0,浜中俊,1:36.0,アタマ,4.0,2.0,458(+2),[東] 鹿戸雄一,202204030611
4,5,5,バグラダス,牡2,54.0,菅原明良,1:36.2,1.1/4,68.2,10.0,468(0),[東] 嘉藤貴行,202204030611
5,8,10,アイスグリーン,牡2,54.0,坂井瑠星,1:36.4,1.1/4,3.9,1.0,482(-4),[西] 池添学,202204030611
6,3,3,グラニット,牡2,54.0,嶋田純次,1:36.4,ハナ,13.2,6.0,448(+4),[東] 大和田成,202204030611
7,2,2,ロードディフィート,牡2,54.0,田辺裕信,1:36.5,クビ,8.6,5.0,428(+4),[東] 和田勇介,202204030611
8,8,11,ピンクジン,牝2,54.0,菊沢一樹,1:36.7,1.1/2,110.9,11.0,424(+4),[東] 南田美知,202204030611
9,6,6,タマモブラックタイ,牡2,54.0,角田大河,1:36.7,ハナ,15.0,7.0,514(-2),[西] 角田晃一,202204030611
10,4,4,スタンレー,牡2,54.0,吉田豊,1:36.9,1.1/4,27.8,9.0,442(-5),[東] 小野次郎,202204030611
11,1,1,チカポコ,牝2,54.0,石橋脩,1:37.0,1/2,22.1,8.0,418(0),[西] 西園正都,202204030611
1,6,11,ヤマトコウセイ,牝3,50.0,小林脩斗,1:11.2,,2.7,1.0,460(0),[東] 武井亮,202204030612
2,7,12,マイネルシトラス,牡3,54.0,戸崎圭太,1:11.8,3.1/2,4.7,3.0,516(+6),[東] 武市康男,202204030612
3,5,9,フレーゲル,牡4,57.0,津村明秀,1:11.9,3/4,10.0,5.0,486(+2),[東] 鈴木慎太,202204030612
4,7,13,ダイチラファール,牡3,51.0,原優介,1:12.0,1/2,37.5,8.0,440(0),[東] 粕谷昌央,202204030612
5,3,5,アポログランツ,牡4,54.0,角田大河,1:12.2,1.1/4,80.4,11.0,506(+17),[東] 中舘英二,202204030612
6,1,1,イカロス,牡3,54.0,武藤雅,1:12.3,3/4,39.5,9.0,492(+10),[東] 武藤善則,202204030612
7,4,7,ジュラメント,牝4,53.0,藤田菜七,1:12.7,2.1/2,97.9,14.0,444(-8),[東] 根本康広,202204030612
8,4,6,ミンナノユメミノル,牡3,54.0,菅原明良,1:12.8,1/2,4.4,2.0,494(+2),[東] 天間昭一,202204030612
9,6,10,タイキザモーメント,牡5,57.0,坂井瑠星,1:13.0,3/4,94.1,13.0,514(+6),[東] 松永康利,202204030612
10,8,14,ストレートリターン,牡3,54.0,石川裕紀,1:13.2,1.1/2,21.2,7.0,488(-2),[東] 水野貴広,202204030612
11,3,4,シルバーキングダム,牡3,54.0,吉田豊,1:13.3,クビ,16.6,6.0,486(-4),[東] 西田雄一,202204030612
12,2,3,デルマジゾウ,牡4,57.0,菊沢一樹,1:13.3,クビ,88.2,12.0,476(-4),[東] 小野次郎,202204030612
13,2,2,ジッピーレーサー,セ5,57.0,三浦皇成,1:13.4,3/4,8.1,4.0,470(-2),[東] 高木登,202204030612
14,8,15,ロジヴィクトリア,牝3,52.0,内田博幸,1:13.9,3,68.8,10.0,480(+8),[東] 新開幸一,202204030612
15,5,8,リュタン,牡3,54.0,柴田大知,1:14.7,5,134.6,15.0,496(0),[東] 武藤善則,202204030612
1,2,2,ファルヴォーレ,牡4,60.0,難波剛健,3:06.1,,3.3,2.0,462(+14),[西] 高橋義忠,202204030701
2,7,12,プンタアレナス,セ4,60.0,蓑島靖典,3:06.5,2.1/2,15.7,7.0,464(+2),[東] 古賀慎明,202204030701
3,5,8,ヴィーヴァバッカス,牡7,60.0,伴啓太,3:06.6,3/4,61.6,8.0,476(-10),[東] 相沢郁,202204030701
4,6,10,ミリタリータンゴ,牡4,60.0,平沢健治,3:06.8,1.1/4,15.2,6.0,462(-2),[西] 中竹和也,202204030701
5,8,14,リーガルマナー,セ5,57.0,小牧加矢,3:08.0,7,2.2,1.0,490(-4),[西] 四位洋文,202204030701
6,5,7,ヤップヤップヤップ,牡6,60.0,江田勇亮,3:08.2,1.1/2,62.4,9.0,468(+12),[東] 宗像義忠,202204030701
7,8,13,アポロファントム,牡5,60.0,植野貴也,3:08.4,1,9.8,4.0,458(+6),[東] 鈴木伸尋,202204030701
8,4,6,サクセッション,セ5,60.0,石神深一,3:09.1,4,7.3,3.0,514(-4),[東] 国枝栄,202204030701
9,7,11,カイトレッド,牝5,58.0,草野太郎,3:10.3,7,281.9,14.0,466(-2),[東] 和田雄二,202204030701
10,3,4,ヨコスカダンディー,牡6,60.0,小野寺祐,3:11.0,4,96.9,10.0,470(-2),[東] 清水英克,202204030701
11,6,9,トランスナショナル,セ6,60.0,五十嵐雄,3:11.4,2.1/2,11.8,5.0,482(0),[東] 田村康仁,202204030701
12,3,3,リネンスイング,牡3,58.0,上野翔,3:11.7,2,251.9,12.0,444(-9),[東] 粕谷昌央,202204030701
13,1,1,グランドメノウ,牡3,58.0,大江原圭,3:12.7,6,255.2,13.0,484(+2),[東] 清水英克,202204030701
14,4,5,シグネチャーセル,牡4,60.0,黒岩悠,3:13.4,4,168.3,11.0,494(0),[西] 小崎憲,202204030701
1,7,13,ノーブルミステリー,牝2,51.0,佐々木大,1:55.8,,20.2,7.0,432(0),[東] 菊川正達,202204030702
2,6,11,ナックダンス,牝2,54.0,木幡巧也,1:56.0,1.1/4,12.6,5.0,468(-6),[東] 杉浦宏昭,202204030702
3,3,5,グランサバナ,牡2,54.0,内田博幸,1:56.1,1/2,4.0,2.0,482(0),[東] 田村康仁,202204030702
4,5,9,グリーングラシア,牡2,54.0,木幡初也,1:56.2,1,5.7,3.0,480(0),[東] 武市康男,202204030702
5,8,14,ニシノパプルブリリ,牝2,54.0,菅原明良,1:56.3,クビ,17.0,6.0,460(-2),[東] 矢野英一,202204030702
6,4,6,コスモアバンサ,牡2,54.0,柴田大知,1:56.5,1.1/2,3.4,1.0,468(-4),[東] 奥村武,202204030702
7,5,8,バンブトンプロ,牡2,54.0,武士沢友,1:57.4,5,41.5,11.0,460(-4),[東] 粕谷昌央,202204030702
8,8,15,キタノソロモン,牡2,54.0,菊沢一樹,1:58.5,7,231.3,14.0,454(-2),[東] 石栗龍彦,202204030702
9,4,7,シゲルヴィンセント,牡2,54.0,柴田善臣,1:58.8,2,226.4,13.0,488(-4),[東] 水野貴広,202204030702
10,3,4,ハイファイヴ,牡2,54.0,松岡正海,1:59.4,3.1/2,23.6,8.0,488(+6),[東] 堀内岳志,202204030702
11,2,2,ヤマノコトブキ,牡2,54.0,丸田恭介,1:59.7,1.3/4,248.5,15.0,462(+2),[東] 松山将樹,202204030702
12,6,10,テリオスノア,牝2,54.0,三浦皇成,1:59.9,1.1/4,8.8,4.0,464(+4),[東] 田島俊明,202204030702
13,1,1,コンイルヴェント,牡2,54.0,大野拓弥,2:00.2,2,23.8,9.0,520(+2),[東] 高木登,202204030702
14,2,3,エルクリード,牡2,52.0,永野猛蔵,2:00.3,クビ,25.3,10.0,496(+2),[東] 武井亮,202204030702
15,7,12,ホーリーイヴ,牝2,54.0,吉田豊,2:00.4,1,172.1,12.0,434(-6),[東] 上原博之,202204030702
1,7,12,クリスタルウエイ,牡3,56.0,吉田豊,1:12.0,,4.6,2.0,474(-2),[東] 高橋文雅,202204030703
2,5,8,チャオベッラ,牝3,54.0,田辺裕信,1:12.4,2.1/2,10.7,6.0,454(+2),[東] 堀内岳志,202204030703
3,2,3,セオリーリターン,牝3,54.0,松岡正海,1:12.6,1.1/2,6.8,4.0,442(-10),[東] 水野貴広,202204030703
4,4,7,サヨノフィールド,牡3,56.0,内田博幸,1:12.9,1.1/2,9.4,5.0,480(0),[東] 小笠倫弘,202204030703
5,4,6,パンタナル,牡3,56.0,菅原明良,1:13.0,1,5.1,3.0,498(-6),[東] 高木登,202204030703
6,1,1,ヤマトカチドキ,牝3,51.0,原優介,1:13.3,1.3/4,11.3,7.0,472(+6),[東] 田村康仁,202204030703
7,7,13,オモイソメル,牝3,52.0,藤田菜七,1:13.4,1/2,18.3,8.0,466(0),[東] 青木孝文,202204030703
8,8,15,ブロードリーチ,牝3,54.0,戸崎圭太,1:13.5,クビ,3.3,1.0,434(+8),[東] 宗像義忠,202204030703
9,8,14,ネコニャンニャン,牝3,52.0,永野猛蔵,1:13.6,1/2,29.5,9.0,492(-2),[東] 加藤征弘,202204030703
10,6,11,モヒート,牝3,54.0,柴田大知,1:15.4,大,228.2,11.0,446(-6),[東] 伊藤大士,202204030703
11,3,4,デルマデミウルゴス,牡3,56.0,的場勇人,1:16.3,5,301.4,12.0,492(0),[東] 的場均,202204030703
12,6,10,メイトゥリアーク,牝3,51.0,水沼元輝,1:16.3,アタマ,528.3,14.0,432(-2),[東] 加藤和宏,202204030703
13,5,9,ハッキヨーヨー,牝3,54.0,岩田康誠,1:16.3,ハナ,113.4,10.0,466(0),[東] 辻哲英,202204030703
14,3,5,コウセイマユコ,牝3,51.0,佐々木大,1:16.9,3.1/2,375.4,13.0,448(0),[東] 和田雄二,202204030703
15,2,2,ワンダーコリーナ,牝3,54.0,菅原隆一,1:17.1,1.1/2,629.0,15.0,380(+8),[東] 畠山吉宏,202204030703
1,8,11,ノーザンクリス,牡7,60.0,小野寺祐,3:34.5,,41.2,10.0,520(0),[東] 加藤征弘,202204030704
2,7,10,ハーツシンフォニー,セ5,60.0,石神深一,3:34.5,ハナ,7.6,3.0,460(+4),[東] 辻哲英,202204030704
3,1,1,マイネルグロン,牡4,60.0,伴啓太,3:34.6,3/4,10.0,5.0,508(-2),[東] 青木孝文,202204030704
4,5,5,テトラルキア,セ7,60.0,大江原圭,3:35.7,7,34.1,9.0,490(+8),[東] 大和田成,202204030704
5,6,7,ショウナンサルヴォ,牡4,60.0,難波剛健,3:36.2,3.1/2,4.8,2.0,508(+8),[西] 吉村圭司,202204030704
6,6,8,タマノジュメイラ,牝6,58.0,草野太郎,3:36.4,3/4,31.0,8.0,482(-8),[東] 伊藤大士,202204030704
7,8,12,ルヴォルグ,セ6,60.0,五十嵐雄,3:36.7,2,10.5,6.0,494(-28),[東] 和田正一,202204030704
8,5,6,メイショウハチク,セ8,60.0,小坂忠士,3:36.7,クビ,152.5,12.0,456(-8),[西] 南井克巳,202204030704
9,3,3,シャリオヴァルト,セ9,60.0,蓑島靖典,3:37.4,4,21.4,7.0,462(+4),[東] 尾関知人,202204030704
10,4,4,フィードバック,セ6,57.0,小牧加矢,3:37.8,2.1/2,8.3,4.0,486(-4),[東] 鈴木伸尋,202204030704
11,7,9,ナギサ,牝4,59.0,森一馬,3:37.8,ハナ,2.2,1.0,496(0),[西] 本田優,202204030704
12,2,2,ストレイライトラン,セ7,60.0,上野翔,3:38.0,3/4,146.5,11.0,482(-12),[東] 松永康利,202204030704
1,1,1,ミヤビ,牝2,54.0,武藤雅,2:07.2,,3.0,1.0,412(0),[東] 尾形和幸,202204030705
2,4,4,メイショウカガ,牡2,54.0,石橋脩,2:07.6,2.1/2,3.6,3.0,482(0),[東] 高柳瑞樹,202204030705
3,3,3,ダイヤプリーモ,牝2,54.0,吉田豊,2:07.7,3/4,23.4,6.0,444(0),[東] 小野次郎,202204030705
4,6,6,マイネルカンパーナ,牡2,54.0,柴田大知,2:07.8,1/2,21.8,5.0,396(0),[東] 青木孝文,202204030705
5,7,7,リチャ,牡2,54.0,戸崎圭太,2:08.1,2,3.0,2.0,470(0),[東] 田中博康,202204030705
6,2,2,オールアイズオン,牡2,54.0,柴田善臣,2:08.2,クビ,7.0,4.0,486(0),[東] 蛯名正義,202204030705
7,5,5,カドゥケウス,牡2,54.0,木幡巧也,2:08.5,2,31.5,7.0,474(0),[東] 鈴木慎太,202204030705
1,6,11,ジュエルラビシア,牝3,54.0,戸崎圭太,1:34.8,,2.4,1.0,452(+10),[東] 蛯名正義,202204030706
2,7,15,イワクニ,牡3,56.0,菅原明良,1:35.0,1.1/4,5.6,2.0,474(-2),[東] 宗像義忠,202204030706
3,4,7,チューウィー,牝3,54.0,柴田大知,1:35.3,1.3/4,7.2,4.0,438(+4),[東] 古賀慎明,202204030706
4,2,4,マルアズール,牝3,54.0,木幡巧也,1:35.4,1,18.0,6.0,408(-2),[東] 牧光二,202204030706
5,8,17,シュホ,牝3,54.0,岩田康誠,1:35.4,ハナ,11.3,5.0,406(0),[東] 尾関知人,202204030706
6,7,13,パープライト,牡3,56.0,野中悠太,1:35.5,3/4,58.8,11.0,456(-4),[東] 宮田敬介,202204030706
7,4,8,タマノフィオーレ,牝3,54.0,菊沢一樹,1:35.6,クビ,130.7,14.0,438(-4),[東] 伊藤大士,202204030706
8,3,5,ファムスパーブ,牝3,52.0,永野猛蔵,1:35.7,1/2,18.3,7.0,456(+2),[東] 栗田徹,202204030706
9,5,10,ロムレーン,牡3,56.0,石橋脩,1:35.9,1,5.8,3.0,492(-4),[東] 堀宣行,202204030706
10,1,2,ゲティスバーグ,牡3,56.0,三浦皇成,1:36.0,3/4,101.2,12.0,506(-2),[東] 金成貴史,202204030706
11,6,12,リーディングラン,牝3,54.0,吉田豊,1:36.1,1/2,111.9,13.0,476(+6),[東] 高橋文雅,202204030706
12,5,9,ランプロティタ,牝3,54.0,石川裕紀,1:36.3,1,24.4,8.0,466(-2),[東] 高橋裕,202204030706
13,3,6,ヒラボクフラワー,牝3,54.0,丸田恭介,1:36.5,1.1/4,132.8,15.0,436(+8),[東] 大竹正博,202204030706
14,7,14,フィニッシュムーヴ,牡3,54.0,小林脩斗,1:36.5,クビ,38.2,10.0,470(-10),[東] 和田正一,202204030706
15,8,16,レイアリイ,牝3,54.0,杉原誠人,1:36.6,3/4,461.6,18.0,406(+6),[東] 伊藤大士,202204030706
16,2,3,サトノプリエール,牝3,54.0,田中勝春,1:36.9,1.1/2,27.9,9.0,452(-6),[東] 宗像義忠,202204030706
17,1,1,ミヤビピオニー,牝3,54.0,大野拓弥,1:36.9,クビ,271.5,17.0,522(+14),[東] 高橋文雅,202204030706
18,8,18,チョウザメノコ,牡3,56.0,国分恭介,1:38.6,10,197.5,16.0,476(+10),[東] 天間昭一,202204030706
1,7,15,ナンヨーアゼリア,牝3,54.0,田辺裕信,1:48.2,,5.9,3.0,418(-2),[東] 手塚貴久,202204030707
2,4,7,ウインエイムハイ,牡3,56.0,戸崎圭太,1:48.4,1.1/4,7.6,5.0,474(0),[東] 畠山吉宏,202204030707
3,7,13,ヴァイオルナ,牝3,54.0,吉田豊,1:48.6,1.1/4,5.5,1.0,406(0),[東] 中川公成,202204030707
4,3,6,バンブリッジ,牝3,54.0,岩田康誠,1:48.7,1/2,11.1,7.0,452(-10),[東] 尾関知人,202204030707
5,2,4,アルテラ,牡3,56.0,三浦皇成,1:48.7,クビ,5.5,2.0,410(0),[東] 深山雅史,202204030707
6,5,9,カフェティアラ,牝3,51.0,佐々木大,1:48.7,アタマ,177.2,16.0,468(-2),[東] 和田雄二,202204030707
7,4,8,ソフィーズチョイス,牝3,54.0,大野拓弥,1:49.1,2.1/2,83.6,12.0,420(-8),[東] 和田勇介,202204030707
8,3,5,アンジェラカフェ,牝3,54.0,武士沢友,1:49.1,アタマ,7.7,6.0,462(0),[東] 和田勇介,202204030707
9,6,12,エアパルクール,牝3,54.0,石橋脩,1:49.2,クビ,12.2,8.0,440(-10),[東] 堀宣行,202204030707
10,2,3,ジャスミンフローラ,牝3,54.0,津村明秀,1:49.2,クビ,6.2,4.0,434(+6),[東] 辻哲英,202204030707
11,8,16,ヤマニンスピーガ,牝3,52.0,小林脩斗,1:49.2,アタマ,189.3,17.0,490(-14),[東] 黒岩陽一,202204030707
12,1,1,ルージュライゼ,牝3,54.0,杉原誠人,1:49.5,1.3/4,45.3,10.0,426(+6),[東] 栗田徹,202204030707
13,5,10,アイズダンシング,牝3,51.0,原優介,1:49.6,クビ,48.1,11.0,466(+4),[東] 小西一男,202204030707
14,8,18,サバイバルアート,牝3,54.0,柴田大知,1:49.6,クビ,112.8,13.0,424(+10),[東] 和田雄二,202204030707
15,7,14,ラガッツァアレグラ,牝3,52.0,藤田菜七,1:49.9,2,172.5,15.0,426(0),[東] 田中剛,202204030707
16,1,2,サウンドエフェクト,牝3,54.0,野中悠太,1:50.0,1/2,148.5,14.0,506(+8),[東] 稲垣幸雄,202204030707
17,6,11,ヨドノフローラ,牝3,54.0,江田照男,1:50.0,クビ,237.5,18.0,412(+10),[東] 中野栄治,202204030707
18,8,17,クロシンジュ,牝3,52.0,永野猛蔵,1:50.7,4,24.2,9.0,418(-4),[東] 黒岩陽一,202204030707
1,4,6,ハイアムズビーチ,牝3,53.0,三浦皇成,1:10.8,,3.0,1.0,494(+4),[東] 萩原清,202204030708
2,3,4,ミラビリス,牝3,53.0,戸崎圭太,1:11.7,5,3.3,2.0,454(-6),[東] 斎藤誠,202204030708
3,2,2,カリカ,牝3,53.0,吉田豊,1:12.0,1.3/4,16.4,6.0,480(+6),[東] 小西一男,202204030708
4,8,14,シーオブドリームス,牝4,55.0,菅原明良,1:12.0,クビ,16.2,5.0,474(-8),[東] 矢野英一,202204030708
5,2,3,アラカザーム,牝4,52.0,原優介,1:12.1,1/2,17.3,7.0,450(-8),[東] 松永康利,202204030708
6,1,1,ソールズベリー,牝3,50.0,佐々木大,1:12.5,2.1/2,18.7,9.0,452(-4),[東] 竹内正洋,202204030708
7,5,9,トラストパッキャオ,牝3,53.0,大野拓弥,1:12.7,1.1/2,7.3,3.0,468(0),[東] 高木登,202204030708
8,3,5,タマダイヤモンド,牝4,55.0,石川裕紀,1:12.8,クビ,18.5,8.0,484(0),[東] 相沢郁,202204030708
9,6,11,メシアン,牝5,53.0,小林脩斗,1:13.0,1.1/4,42.3,12.0,460(+4),[東] 和田勇介,202204030708
10,4,7,マテンロウボイス,牝3,51.0,永野猛蔵,1:13.3,1.3/4,15.1,4.0,456(+4),[東] 久保田貴,202204030708
11,7,12,アジアノジュンシン,牝4,55.0,内田博幸,1:13.5,1.1/2,24.4,10.0,470(0),[東] 奥村武,202204030708
12,5,8,フレンドパル,牝4,53.0,藤田菜七,1:13.8,1.1/2,36.7,11.0,448(-2),[東] 深山雅史,202204030708
13,6,10,ミトグラフィア,牝4,55.0,津村明秀,1:13.9,3/4,42.9,13.0,414(+2),[東] 高柳瑞樹,202204030708
14,7,13,ヴァルゴスピカ,牝5,55.0,木幡巧也,1:15.1,7,130.4,15.0,444(-6),[東] 岩戸孝樹,202204030708
15,8,15,インディナート,牝4,55.0,松岡正海,1:15.5,2.1/2,122.3,14.0,454(+6),[東] 堀内岳志,202204030708
1,8,11,ジャスティンヴェル,牡3,54.0,戸崎圭太,2:14.1,,5.0,3.0,484(+6),[西] 安田隆行,202204030709
2,2,2,バラジ,牡3,54.0,三浦皇成,2:14.1,1/2,2.1,1.0,492(0),[東] 鹿戸雄一,202204030709
3,6,8,ストキャスティーク,牝3,52.0,菅原明良,2:14.5,2,3.7,2.0,440(+2),[東] 大竹正博,202204030709
4,8,12,リニュー,牡3,54.0,菊沢一樹,2:14.7,1.1/4,34.4,7.0,442(0),[東] 清水英克,202204030709
5,6,7,エコロデュエル,牡3,54.0,石川裕紀,2:14.9,1.1/4,17.1,5.0,468(-2),[東] 斎藤誠,202204030709
6,7,10,シングマイハート,牝4,55.0,岩田康誠,2:15.4,3,8.4,4.0,456(-8),[東] 尾関知人,202204030709
7,7,9,アマネセール,セ6,57.0,田辺裕信,2:15.4,ハナ,34.8,8.0,478(-6),[西] 茶木太樹,202204030709
8,4,4,アーダレイ,牝4,55.0,内田博幸,2:15.5,1/2,35.7,9.0,458(+4),[西] 庄野靖志,202204030709
9,1,1,シエラネバダ,セ7,57.0,石橋脩,2:15.8,1.3/4,22.5,6.0,496(+2),[西] 音無秀孝,202204030709
10,5,5,ヒシハルク,牡4,57.0,野中悠太,2:16.0,1.1/4,109.0,10.0,506(+10),[東] 中舘英二,202204030709
11,5,6,ビートザレコード,牡3,54.0,松岡正海,2:16.0,クビ,183.8,12.0,466(+2),[東] 戸田博文,202204030709
12,3,3,ミラクルランバック,牡3,54.0,丸田恭介,2:18.0,大,174.6,11.0,508(-8),[東] 宗像義忠,202204030709
1,7,10,ミスフィガロ,牝4,55.0,三浦皇成,2:00.9,,1.9,1.0,434(+10),[西] 友道康夫,202204030710
2,3,3,アラビアンナイト,牝4,55.0,田辺裕信,2:01.1,1.1/4,10.2,3.0,444(0),[東] 田村康仁,202204030710
3,7,11,マリノソフィア,牝5,55.0,丸田恭介,2:01.2,クビ,22.9,8.0,458(-8),[東] 奥平雅士,202204030710
4,4,5,エクセレントタイム,セ4,57.0,武藤雅,2:01.2,クビ,14.4,5.0,476(-4),[東] 中川公成,202204030710
5,8,12,ネオストーリー,牡5,57.0,津村明秀,2:01.3,クビ,45.9,10.0,462(+4),[東] 林徹,202204030710
6,4,4,ケンアンビシャス,牡4,57.0,吉田豊,2:01.7,2.1/2,22.0,7.0,470(-6),[東] 久保田貴,202204030710
7,6,9,シンシアリダーリン,牝4,55.0,石橋脩,2:01.8,3/4,13.2,4.0,458(+20),[西] 上村洋行,202204030710
8,2,2,アドマイヤハレー,牡4,57.0,内田博幸,2:01.8,ハナ,3.9,2.0,464(-2),[東] 宮田敬介,202204030710
9,6,8,コスモスタック,牡5,57.0,柴田大知,2:02.1,2,84.4,11.0,466(-6),[東] 鈴木慎太,202204030710
10,5,6,シーリアスラブ,牡6,57.0,川又賢治,2:02.2,アタマ,30.4,9.0,458(0),[西] 杉山佳明,202204030710
11,8,13,スウェアー,牡5,57.0,江田照男,2:02.7,3,111.3,12.0,510(-24),[東] 石栗龍彦,202204030710
12,1,1,ウインアルカンナ,牝5,55.0,菅原明良,2:02.8,1/2,16.1,6.0,476(+2),[東] 武市康男,202204030710
13,5,7,ニシノオイカゼ,牡4,57.0,大野拓弥,2:02.8,アタマ,143.4,13.0,460(0),[東] 武市康男,202204030710
1,8,14,ルリアン,牡5,54.0,田辺裕信,1:51.0,,6.9,4.0,516(+12),[西] 佐々木晶,202204030711
2,6,10,ゴールドパラディン,牡5,56.0,津村明秀,1:51.1,クビ,5.9,3.0,434(+4),[西] 吉岡辰弥,202204030711
3,7,13,オンザライン,牡4,56.0,菅原明良,1:51.8,4,5.0,2.0,448(0),[東] 大和田成,202204030711
4,3,4,ブライトンロック,牡8,54.0,大野拓弥,1:52.2,2.1/2,86.2,12.0,470(0),[東] 嘉藤貴行,202204030711
5,2,2,リバプールタウン,牡7,55.0,柴田善臣,1:52.3,3/4,18.2,7.0,500(+2),[西] 石橋守,202204030711
6,3,5,ガンダルフ,牡4,55.0,戸崎圭太,1:52.3,ハナ,2.9,1.0,490(0),[東] 国枝栄,202204030711
7,5,8,アドマイヤメティス,牝5,53.0,太宰啓介,1:52.3,ハナ,12.9,6.0,422(+8),[西] 畑端省吾,202204030711
8,4,7,ヴォワドアンジェ,牝4,54.0,三浦皇成,1:52.5,1,9.3,5.0,452(-2),[西] 中竹和也,202204030711
9,4,6,ベルジュネス,セ6,54.0,内田博幸,1:52.6,1/2,121.4,13.0,474(+10),[東] 畠山吉宏,202204030711
10,2,3,メガゴールド,牡4,55.0,石橋脩,1:52.6,アタマ,30.7,10.0,522(+6),[西] 須貝尚介,202204030711
11,8,15,コパノリッチマン,牡5,54.0,丸田恭介,1:52.6,ハナ,29.1,9.0,514(0),[西] 村山明,202204030711
12,6,11,モダスオペランディ,牡6,55.0,国分恭介,1:53.0,2,22.4,8.0,520(-4),[西] 西園正都,202204030711
13,5,9,ロジティナ,牡7,52.0,武藤雅,1:53.3,2,230.7,15.0,546(+4),[東] 新開幸一,202204030711
14,7,12,ヴォウジラール,セ7,54.0,石川裕紀,1:54.7,9,195.3,14.0,504(-2),[東] 尾関知人,202204030711
15,1,1,ペイシャクェーサー,牝4,52.0,柴田大知,1:55.3,3.1/2,55.6,11.0,478(-8),[東] 蛯名利弘,202204030711
1,4,8,トライフォーリアル,セ5,57.0,木幡巧也,1:35.2,,51.4,11.0,488(-6),[東] 萩原清,202204030712
2,8,17,ドラミモン,牡4,54.0,原優介,1:35.2,アタマ,6.2,3.0,450(+2),[東] 田村康仁,202204030712
3,3,6,ダイバリオン,牡3,55.0,津村明秀,1:35.3,クビ,4.6,2.0,452(-4),[東] 池上昌和,202204030712
4,3,5,アルジェントステラ,牝4,55.0,武藤雅,1:35.4,3/4,156.9,13.0,444(-2),[東] 和田正一,202204030712
5,7,13,イントロバート,牝3,50.0,佐々木大,1:35.4,1/2,225.6,16.0,482(0),[東] 的場均,202204030712
6,7,14,フェルマーテ,牝5,55.0,松岡正海,1:35.5,クビ,50.6,10.0,484(0),[東] 戸田博文,202204030712
7,8,18,カンパーニャ,牡6,57.0,内田博幸,1:35.7,1.1/4,22.5,8.0,460(-4),[東] 畠山吉宏,202204030712
8,6,12,ソレントフレイバー,牡3,55.0,吉田豊,1:35.7,クビ,18.3,6.0,490(+2),[東] 久保田貴,202204030712
9,5,10,ミッキーブンブン,牡3,55.0,菊沢一樹,1:36.1,2.1/2,23.6,9.0,500(+4),[東] 菊沢隆徳,202204030712
10,4,7,モメントグスタール,セ4,57.0,丸田恭介,1:36.1,ハナ,180.5,14.0,464(-2),[東] 高木登,202204030712
11,7,15,ラッシュアップ,セ5,57.0,田辺裕信,1:36.1,ハナ,18.8,7.0,522(-8),[東] 金成貴史,202204030712
12,5,9,グランディス,セ4,57.0,江田照男,1:36.2,1/2,292.1,18.0,464(+2),[東] 高橋裕,202204030712
13,2,4,トラストドーベル,牝4,55.0,大野拓弥,1:36.2,クビ,260.1,17.0,490(-9),[東] 高橋文雅,202204030712
14,1,2,カールスモーキー,牡3,55.0,菅原明良,1:36.4,3/4,8.5,4.0,494(-2),[東] 和田勇介,202204030712
15,6,11,アルマイナンナ,牝5,53.0,小林脩斗,1:37.0,3.1/2,181.0,15.0,454(+4),[東] 高橋文雅,202204030712
16,8,16,クイーンドライヴ,牝3,51.0,永野猛蔵,1:37.1,3/4,89.2,12.0,410(+4),[東] 清水英克,202204030712
17,1,1,カーペンタリア,牝3,53.0,戸崎圭太,1:38.1,6,2.4,1.0,498(+4),[東] 木村哲也,202204030712
18,2,3,ホウオウパレード,牡3,55.0,石橋脩,1:38.4,1.3/4,12.7,5.0,500(0),[東] 池上昌和,202204030712
1,7,10,ガルムキャット,牡2,54.0,鮫島克駿,2:02.6,,3.5,2.0,418(0),[西] 安田隆行,202204030801
2,6,8,ニシノライコウ,牡2,52.0,永野猛蔵,2:02.7,1/2,14.2,6.0,474(-4),[東] 古賀慎明,202204030801
3,6,9,シンキングサベージ,牡2,54.0,三浦皇成,2:02.7,ハナ,12.6,5.0,488(+8),[東] 鹿戸雄一,202204030801
4,4,5,グランツグリーン,牡2,54.0,石川裕紀,2:02.7,ハナ,2.2,1.0,404(0),[東] 相沢郁,202204030801
5,5,7,コレオグラファー,牡2,54.0,戸崎圭太,2:03.2,3,6.4,3.0,466(+4),[西] 高柳大輔,202204030801
6,8,13,コスモバラタ,牡2,54.0,柴田大知,2:03.3,1/2,8.9,4.0,452(+8),[東] 武市康男,202204030801
7,2,2,コスモオピニオン,牡2,54.0,石橋脩,2:03.3,アタマ,46.8,7.0,460(-4),[東] 黒岩陽一,202204030801
8,4,4,アサクサアダム,牡2,54.0,吉田豊,2:03.6,2,87.1,8.0,476(0),[東] 戸田博文,202204030801
9,3,3,シルバープリペット,牡2,54.0,嶋田純次,2:03.9,1.3/4,434.4,13.0,438(+2),[東] 松山将樹,202204030801
10,5,6,アクラシア,牡2,54.0,岩部純二,2:04.1,1.1/2,383.2,12.0,472(+6),[東] 高橋文雅,202204030801
11,7,11,グランラウディー,牡2,52.0,藤田菜七,2:04.3,1,224.7,10.0,502(0),[東] 黒岩陽一,202204030801
12,8,12,レインボーウォリア,牡2,54.0,杉原誠人,2:04.3,アタマ,155.3,9.0,442(0),[東] 伊坂重信,202204030801
13,1,1,リネンマンボ,牡2,51.0,原優介,2:04.5,1.1/2,303.0,11.0,450(-2),[東] 粕谷昌央,202204030801
1,5,10,ノーブルラン,牡2,54.0,津村明秀,1:22.7,,5.3,3.0,456(+2),[東] 尾形和幸,202204030802
2,2,3,トロピカルヒーロー,牡2,51.0,佐々木大,1:23.2,3,33.8,8.0,472(+8),[東] 武藤善則,202204030802
3,7,14,サティンボディス,牝2,54.0,菅原明良,1:23.2,1/2,7.1,4.0,472(+6),[東] 栗田徹,202204030802
4,4,8,マジカルガール,牝2,54.0,杉原誠人,1:23.3,クビ,11.1,6.0,406(0),[東] 嘉藤貴行,202204030802
5,8,17,カリンパニ,牝2,51.0,原優介,1:23.3,クビ,442.5,16.0,380(+4),[東] 松永康利,202204030802
6,1,2,タイセイサンダー,牡2,54.0,Ｍ．デム,1:23.4,1/2,4.7,2.0,444(-2),[東] 高橋裕,202204030802
7,4,7,マツリダパーチェ,牡2,52.0,永野猛蔵,1:23.7,1.3/4,38.9,9.0,416(+2),[東] 水野貴広,202204030802
8,1,1,ヘイトアルーズ,牡2,54.0,木幡巧也,1:24.0,2,339.0,15.0,406(-4),[東] 和田正一,202204030802
9,6,11,ロゴマジック,牡2,54.0,石橋脩,1:24.1,1/2,221.8,12.0,428(+12),[東] 武市康男,202204030802
10,7,13,クツワファミリー,牡2,54.0,菊沢一樹,1:24.2,3/4,19.3,7.0,480(+6),[東] 岩戸孝樹,202204030802
11,5,9,フルーツサンド,牝2,52.0,藤田菜七,1:24.3,クビ,215.9,11.0,422(0),[東] 大江原哲,202204030802
12,2,4,アントルメグラッセ,牝2,54.0,柴田大知,1:24.3,クビ,10.8,5.0,430(+6),[東] 土田稔,202204030802
13,3,5,ジュレーヴ,牡2,54.0,石川裕紀,1:24.6,1.3/4,307.7,14.0,418(+6),[東] 堀内岳志,202204030802
14,3,6,アヴェッリーノ,牡2,54.0,内田博幸,1:24.8,1.1/4,464.7,17.0,466(-2),[東] 的場均,202204030802
15,7,15,ロケッツアン,牡2,54.0,鮫島克駿,1:25.6,5,288.0,13.0,478(+2),[東] 加藤士津,202204030802
16,6,12,ペップセ,牝2,54.0,嶋田純次,1:27.4,大,536.1,18.0,442(-2),[東] 伊藤伸一,202204030802
17,8,18,ランスノーブル,牝2,54.0,岩田康誠,1:48.2,大,79.4,10.0,448(+12),[東] 上原博之,202204030802
中,8,16,ハルオーブ,牡2,54.0,三浦皇成,,,3.0,1.0,444(-2),[東] 武井亮,202204030802
1,2,3,ミニョンルミエール,牝3,54.0,Ｍ．デム,1:54.1,,5.4,3.0,434(-4),[東] 和田雄二,202204030803
2,1,1,コパノカールトン,牡3,56.0,嶋田純次,1:54.2,1/2,41.4,12.0,532(+2),[東] 手塚貴久,202204030803
3,4,6,サクラソーレ,牡3,53.0,佐々木大,1:54.3,クビ,45.4,13.0,464(-2),[東] 堀宣行,202204030803
4,8,15,ヤサカシュエット,牝3,54.0,武藤雅,1:54.5,1.1/2,21.7,8.0,470(+8),[東] 水野貴広,202204030803
5,5,9,ジャスミンカーラ,牝3,54.0,荻野極,1:55.1,3.1/2,22.1,9.0,418(0),[東] 加藤士津,202204030803
6,3,5,タイキエクセロン,牡3,56.0,菅原明良,1:55.2,1/2,3.6,1.0,494(-2),[東] 高木登,202204030803
7,6,11,ハッピーバレー,牝3,52.0,藤田菜七,1:55.3,1/2,34.5,10.0,448(-2),[東] 手塚貴久,202204030803
8,5,8,クイーンカトリーヌ,牝3,51.0,原優介,1:55.3,クビ,6.6,4.0,436(-2),[東] 大和田成,202204030803
9,8,14,リュウバター,牡3,56.0,丸田恭介,1:55.3,ハナ,20.8,7.0,470(-10),[東] 佐藤吉勝,202204030803
10,2,2,キングスウェイ,牡3,56.0,戸崎圭太,1:55.4,1/2,7.7,5.0,482(-4),[東] 国枝栄,202204030803
11,3,4,シャンドマルス,牡3,56.0,内田博幸,1:55.4,クビ,139.6,15.0,622(+10),[東] 国枝栄,202204030803
12,6,10,ヒメカミノメガミ,牝3,54.0,菊沢一樹,1:56.8,8,19.0,6.0,494(+4),[東] 勢司和浩,202204030803
13,7,12,エステラ,牡3,56.0,鮫島克駿,1:56.9,1/2,5.0,2.0,498(-2),[東] 萩原清,202204030803
14,4,7,コスモガラクシア,牡3,56.0,柴田大知,1:56.9,クビ,71.7,14.0,506(+10),[東] 武藤善則,202204030803
15,7,13,エクレアサトリ,牝3,52.0,永野猛蔵,2:00.2,大,37.4,11.0,496(+18),[東] 大和田成,202204030803
1,2,3,マイネルカグラ,牡3,56.0,Ｍ．デム,2:15.4,,51.1,11.0,492(+2),[東] 相沢郁,202204030804
2,7,13,ダブルダブル,牡3,56.0,吉田豊,2:15.6,1.1/4,33.3,10.0,446(-2),[東] 尾関知人,202204030804
3,8,17,ロードオブシャドウ,牡3,56.0,戸崎圭太,2:15.6,ハナ,23.5,9.0,510(+2),[東] 国枝栄,202204030804
4,8,18,スプレッドアウト,牡3,56.0,鮫島克駿,2:15.7,3/4,3.9,1.0,502(-4),[東] 田村康仁,202204030804
5,1,1,キーワード,セ3,56.0,菅原明良,2:15.7,ハナ,6.9,4.0,472(+4),[東] 栗田徹,202204030804
6,1,2,フォーユーランラン,牝3,52.0,永野猛蔵,2:15.8,クビ,145.5,14.0,426(+4),[東] 粕谷昌央,202204030804
7,4,7,コスモブライヤー,牡3,56.0,柴田大知,2:15.9,3/4,61.7,12.0,470(+2),[東] 畠山吉宏,202204030804
8,4,8,ジャスコ,牝3,54.0,田辺裕信,2:16.0,3/4,5.3,3.0,452(+2),[東] 尾形和幸,202204030804
9,8,16,タイセイエール,牝3,54.0,池添謙一,2:16.0,ハナ,12.1,6.0,444(+6),[東] 池上昌和,202204030804
10,5,10,ウロボン,牡3,56.0,三浦皇成,2:16.1,1/2,4.1,2.0,462(+6),[東] 武井亮,202204030804
11,6,12,パロマル,牡3,56.0,岩田康誠,2:16.3,1.1/2,14.6,7.0,538(+6),[東] 青木孝文,202204030804
12,3,5,エコロブレーヴ,牡3,56.0,石川裕紀,2:16.4,クビ,21.5,8.0,436(-2),[東] 斎藤誠,202204030804
13,3,6,ブローヴェイス,牡3,56.0,岩部純二,2:16.4,ハナ,207.9,16.0,426(-8),[東] 浅野洋一,202204030804
14,6,11,アオカミ,牡3,56.0,津村明秀,2:16.7,2,10.5,5.0,464(-2),[東] 和田勇介,202204030804
15,5,9,カシオン,牡3,56.0,内田博幸,2:17.1,2.1/2,117.5,13.0,496(0),[東] 古賀慎明,202204030804
16,7,14,サットンプレイス,牝3,54.0,菊沢一樹,2:17.2,1/2,281.6,17.0,484(-2),[東] 小島茂之,202204030804
17,7,15,スペキュレーター,牡3,53.0,原優介,2:18.6,8,634.5,18.0,470(+16),[東] 伊藤伸一,202204030804
18,2,4,グレアファンタス,セ3,56.0,荻野極,2:23.2,大,184.1,15.0,472(-10),[東] 高橋文雅,202204030804
1,5,6,テンカノギジン,牡2,54.0,戸崎圭太,1:51.1,,3.8,2.0,478(0),[東] 手塚貴久,202204030805
2,4,4,シエロエスティーボ,牡2,54.0,鮫島克駿,1:51.1,クビ,20.1,8.0,488(0),[東] 小島茂之,202204030805
3,1,1,コスモチプリア,牝2,54.0,柴田大知,1:51.3,1,18.5,6.0,426(0),[東] 田村康仁,202204030805
4,8,13,ギョウネン,牝2,54.0,江田照男,1:51.4,1,9.9,5.0,434(0),[東] 竹内正洋,202204030805
5,6,9,トーセンカタリーナ,牝2,54.0,菊沢一樹,1:51.6,1.1/4,18.9,7.0,446(0),[東] 菊沢隆徳,202204030805
6,8,12,シャンデル,牝2,54.0,池添謙一,1:51.7,3/4,25.3,9.0,456(0),[東] 青木孝文,202204030805
7,7,10,スマイリングデイズ,牝2,54.0,津村明秀,1:51.7,アタマ,73.6,11.0,458(0),[東] 田中剛,202204030805
8,3,3,モズライフセーバー,牡2,54.0,菅原明良,1:52.0,1.1/2,8.8,4.0,470(0),[西] 清水久詞,202204030805
9,7,11,アパラージタ,牡2,54.0,木幡巧也,1:52.1,3/4,83.4,12.0,414(0),[東] 的場均,202204030805
10,5,7,ホウオウドラッカー,牡2,54.0,田辺裕信,1:52.3,1.1/4,3.4,1.0,506(0),[東] 奥村武,202204030805
11,2,2,タニセンイメル,牡2,54.0,Ｍ．デム,1:52.3,アタマ,26.4,10.0,456(0),[東] 加藤士津,202204030805
12,6,8,レッドマグナス,牡2,54.0,岩田康誠,1:53.2,5,6.6,3.0,490(0),[西] 藤原英昭,202204030805
13,4,5,テリオスドン,牡2,54.0,松若風馬,1:53.2,ハナ,115.7,13.0,478(0),[東] 田島俊明,202204030805
1,8,17,コーパスクリスティ,牡2,54.0,池添謙一,1:23.7,,2.5,1.0,440(0),[西] 中内田充,202204030806
2,5,10,アルマロクザン,牝2,54.0,吉田豊,1:23.9,1.1/4,39.5,10.0,450(0),[東] 高橋文雅,202204030806
3,6,12,ロコルルハーツ,牡2,54.0,丸田恭介,1:24.3,2.1/2,20.9,6.0,460(0),[東] 大竹正博,202204030806
4,7,14,レオナイン,牡2,54.0,大野拓弥,1:24.3,クビ,38.5,9.0,450(0),[東] 加藤士津,202204030806
5,2,3,ダイシンカタナ,牡2,54.0,田辺裕信,1:24.5,1.1/4,16.3,5.0,448(0),[東] 戸田博文,202204030806
6,5,9,アヘッド,牝2,54.0,鮫島克駿,1:24.6,1,4.9,2.0,462(0),[西] 中竹和也,202204030806
7,7,13,キタサンポエム,牝2,54.0,武士沢友,1:24.7,クビ,97.3,15.0,464(0),[東] 小笠倫弘,202204030806
8,6,11,ボールドトップ,牡2,54.0,内田博幸,1:24.8,1/2,144.8,16.0,450(0),[東] 鈴木慎太,202204030806
9,8,16,ニトロジャーニー,牡2,54.0,岩田康誠,1:25.0,1.1/4,5.1,3.0,470(0),[東] 武井亮,202204030806
10,4,7,エクトゥシュタール,牡2,54.0,荻野極,1:25.2,1.1/4,68.5,12.0,438(0),[東] 和田雄二,202204030806
11,1,2,グレンハイウェイ,牝2,54.0,戸崎圭太,1:25.3,クビ,11.7,4.0,464(0),[西] 畑端省吾,202204030806
12,8,18,ブーバー,牝2,54.0,菅原明良,1:25.3,クビ,21.8,7.0,410(0),[東] 新開幸一,202204030806
13,2,4,メモリーグラス,牡2,54.0,菅原隆一,1:25.4,1/2,35.7,8.0,436(0),[東] 松永康利,202204030806
14,4,8,ヒュームテソーロ,牡2,54.0,木幡巧也,1:25.4,クビ,85.7,13.0,464(0),[東] 伊坂重信,202204030806
15,1,1,キュベリン,牝2,54.0,杉原誠人,1:25.9,3,63.1,11.0,420(0),[東] 嘉藤貴行,202204030806
16,3,5,アスキーアート,牝2,54.0,松岡正海,1:26.5,3.1/2,92.5,14.0,414(0),[東] 小野次郎,202204030806
17,7,15,フレンドローズ,牝2,51.0,原優介,1:28.2,10,165.4,17.0,452(0),[東] 南田美知,202204030806
除,3,6,フォーエバーダイヤ,牝2,54.0,津村明秀,,,---,,448(0),[東] 村田一誠,202204030806
1,8,14,フエキ,牝3,54.0,田辺裕信,1:12.0,,2.5,1.0,514(+4),[東] 和田正一,202204030807
2,4,7,ドリームビリーバー,牡3,56.0,内田博幸,1:12.4,2.1/2,7.8,4.0,452(+4),[東] 戸田博文,202204030807
3,6,10,ペイシャワキア,牡3,56.0,武士沢友,1:12.5,1/2,37.2,11.0,436(+8),[東] 蛯名利弘,202204030807
4,2,2,イエローベリル,牝3,52.0,石川裕紀,1:13.0,2.1/2,28.6,9.0,422(-14),[東] 加藤士津,202204030807
5,7,13,フェアリーランド,牝3,54.0,木幡巧也,1:13.0,ハナ,52.9,12.0,442(-6),[東] 加藤和宏,202204030807
6,8,15,ゴールデンヨシノ,牡3,56.0,三浦皇成,1:13.1,3/4,17.4,8.0,446(+8),[東] 宗像義忠,202204030807
7,6,11,ピンキーウィンキー,牝3,54.0,鮫島克駿,1:13.1,クビ,13.0,6.0,452(-8),[東] 尾関知人,202204030807
8,3,5,ドリームアジェンダ,牝3,54.0,戸崎圭太,1:14.1,6,5.5,2.0,526(+8),[東] 栗田徹,202204030807
9,3,4,ヒメカミノカゼ,牝3,54.0,Ｍ．デム,1:14.2,クビ,10.2,5.0,462(0),[東] 菊沢隆徳,202204030807
10,2,3,アブソルートピッチ,牝3,52.0,小林脩斗,1:14.4,1.1/4,34.0,10.0,474(+14),[東] 小西一男,202204030807
11,4,6,グランドルチル,牡3,53.0,水沼元輝,1:14.4,クビ,445.3,15.0,518(+4),[東] 加藤和宏,202204030807
12,5,9,ヒードザコール,牝3,54.0,柴田大知,1:14.6,1.1/2,157.4,13.0,480(0),[東] 土田稔,202204030807
13,5,8,クォーツ,牝3,51.0,佐々木大,1:14.8,3/4,247.9,14.0,454(+10),[東] 石栗龍彦,202204030807
14,1,1,ショウナンタイジュ,牡3,56.0,岩田康誠,1:15.1,2,7.0,3.0,480(+2),[東] 嘉藤貴行,202204030807
15,7,12,ボンジューママ,牝3,54.0,丸田恭介,1:15.1,クビ,15.9,7.0,424(+4),[東] 宗像義忠,202204030807
1,5,9,トーホウボルツ,牡4,57.0,野中悠太,1:53.7,,15.5,5.0,472(-2),[東] 嘉藤貴行,202204030808
2,3,4,タイセイマーベル,牡4,57.0,Ｍ．デム,1:53.8,3/4,8.6,3.0,488(+2),[東] 池上昌和,202204030808
3,4,7,ローズピリオド,牡3,54.0,柴田大知,1:53.9,3/4,23.1,6.0,480(+10),[東] 中川公成,202204030808
4,7,12,エクストラノート,セ5,54.0,原優介,1:54.0,1/2,275.8,14.0,478(+8),[東] 加藤和宏,202204030808
5,6,11,ゴールドブリーズ,牡4,55.0,藤田菜七,1:54.1,3/4,11.4,4.0,494(-10),[東] 深山雅史,202204030808
6,8,14,セルヴァン,牡4,57.0,石橋脩,1:54.5,2.1/2,33.4,7.0,466(-14),[東] 大竹正博,202204030808
7,7,13,テイエムアトム,牡4,57.0,丸田恭介,1:54.5,アタマ,4.4,2.0,524(-6),[東] 石栗龍彦,202204030808
8,6,10,アーレンダール,牝3,52.0,戸崎圭太,1:55.2,4,1.6,1.0,498(0),[東] 宮田敬介,202204030808
9,5,8,ヒューミリティ,セ5,57.0,津村明秀,1:55.7,3,98.5,9.0,460(+6),[東] 林徹,202204030808
10,8,15,クラウンゼロ,牡4,57.0,木幡巧也,1:56.2,3,311.5,15.0,512(+6),[東] 天間昭一,202204030808
11,3,5,ラインメッセージ,牡3,54.0,武藤雅,1:56.4,1.1/2,33.6,8.0,496(+2),[東] 水野貴広,202204030808
12,1,1,アテンフェアリー,牝6,55.0,菊沢一樹,1:56.7,2,151.3,10.0,480(-2),[東] 萱野浩二,202204030808
13,2,2,トゥルーブルー,牡3,54.0,武士沢友,1:57.2,3,272.1,13.0,420(-4),[東] 的場均,202204030808
14,4,6,スマートルミエール,牡5,57.0,荻野極,1:58.6,8,210.8,12.0,452(-2),[東] 高橋文雅,202204030808
15,2,3,ウエスタンフレチャ,牝3,49.0,佐々木大,2:01.2,大,163.2,11.0,414(+6),[東] 深山雅史,202204030808
1,7,12,レディバランタイン,牝3,53.0,菅原明良,1:21.0,,4.6,2.0,470(+6),[東] 加藤征弘,202204030809
2,1,1,ティーガーデン,牡3,55.0,三浦皇成,1:21.3,1.3/4,6.4,4.0,508(+2),[東] 萩原清,202204030809
3,2,2,アンジュミニョン,牝6,55.0,田中健,1:21.4,クビ,10.5,6.0,466(+2),[西] 佐々木晶,202204030809
4,8,14,エコロデイジー,牝4,55.0,石橋脩,1:21.4,クビ,22.7,9.0,478(-8),[西] 牧浦充徳,202204030809
5,8,13,サルビア,牝4,55.0,Ｍ．デム,1:21.5,クビ,3.6,1.0,472(-4),[西] 鈴木孝志,202204030809
6,5,7,カフェサンドリヨン,牝5,55.0,戸崎圭太,1:21.5,クビ,6.1,3.0,510(+2),[東] 古賀慎明,202204030809
7,4,5,アンセーニュ,牝4,55.0,田辺裕信,1:21.5,クビ,21.4,8.0,416(0),[西] 奥村豊,202204030809
8,4,6,タケルラスティ,牡5,57.0,吉田豊,1:21.5,ハナ,25.1,11.0,496(+6),[西] 矢作芳人,202204030809
9,6,9,カイザーノヴァ,牡4,57.0,内田博幸,1:22.0,2.1/2,102.2,13.0,454(-6),[東] 鈴木慎太,202204030809
10,3,4,コーディアル,牝4,55.0,鮫島克駿,1:22.0,ハナ,10.3,5.0,498(+4),[西] 高野友和,202204030809
11,5,8,アップリバー,牝4,55.0,津村明秀,1:22.0,アタマ,19.3,7.0,496(0),[東] 牧光二,202204030809
12,7,11,ソスピタ,牝5,55.0,柴田大知,1:22.1,クビ,69.5,12.0,452(+10),[東] 畠山吉宏,202204030809
13,6,10,トーカイキング,牡4,57.0,荻野極,1:22.1,クビ,23.6,10.0,466(+2),[西] 茶木太樹,202204030809
14,3,3,エレガンテレイナ,牝5,55.0,松若風馬,1:22.3,3/4,133.6,14.0,440(-2),[東] 高柳瑞樹,202204030809
1,6,10,タイセイスラッガー,牡4,57.0,菅原明良,1:51.9,,22.4,7.0,540(+4),[東] 高橋裕,202204030810
2,8,14,ラブリーエンジェル,牝5,55.0,木幡巧也,1:52.0,クビ,33.0,8.0,454(+6),[東] 鈴木慎太,202204030810
3,3,5,キープイットシンポ,牝4,55.0,菊沢一樹,1:52.5,3,21.9,6.0,474(+2),[東] 小野次郎,202204030810
4,5,8,ミッションレール,牡4,57.0,鮫島克駿,1:52.6,1/2,71.6,13.0,486(0),[西] 大久保龍,202204030810
5,5,9,カンピオーネ,牡3,54.0,石橋脩,1:52.6,クビ,5.3,2.0,518(+4),[東] 栗田徹,202204030810
6,4,7,ユースフルラヴ,牝5,55.0,内田博幸,1:52.6,ハナ,64.1,12.0,444(+12),[東] 辻哲英,202204030810
7,1,1,ジャスパーグレイト,牡3,54.0,松若風馬,1:52.8,3/4,1.7,1.0,476(+8),[西] 森秀行,202204030810
8,8,15,ヤマニンバンタジオ,セ8,57.0,吉田豊,1:52.9,3/4,100.1,15.0,546(-2),[東] 田島俊明,202204030810
9,7,12,サハラヴァンクール,牡4,57.0,荻野極,1:53.0,3/4,15.2,5.0,480(-4),[東] 和田勇介,202204030810
10,2,3,カンリンポチェ,牡4,57.0,田辺裕信,1:53.1,クビ,9.9,3.0,532(+10),[東] 田村康仁,202204030810
11,6,11,レッドレビン,セ5,57.0,丸田恭介,1:53.5,2.1/2,93.2,14.0,504(+16),[西] 小林真也,202204030810
12,4,6,ダノンハイファイブ,牡4,57.0,津村明秀,1:53.7,1.1/4,13.3,4.0,480(+6),[西] 坂口智康,202204030810
13,2,2,ゴールドフレーム,セ6,57.0,池添謙一,1:54.2,3,35.2,9.0,484(0),[東] 新開幸一,202204030810
14,7,13,モサ,牡6,57.0,戸崎圭太,1:54.7,3,52.9,11.0,510(+12),[西] 角田晃一,202204030810
15,3,4,ランスルー,牡4,57.0,三浦皇成,1:54.9,1.1/2,40.9,10.0,544(+8),[東] 小笠倫弘,202204030810
1,3,6,カラテ,牡6,57.5,菅原明良,1:58.9,,22.0,10.0,532(-8),[西] 辻野泰之,202204030811
2,8,17,ユーキャンスマイル,牡7,57.0,石橋脩,1:59.2,1.3/4,21.7,9.0,512(-4),[西] 友道康夫,202204030811
3,8,18,フェーングロッテン,牡3,53.0,松若風馬,1:59.3,3/4,7.5,3.0,472(+6),[西] 宮本博,202204030811
4,6,12,フォワードアゲン,セ5,53.0,江田照男,1:59.4,3/4,79.7,16.0,426(+2),[東] 中野栄治,202204030811
5,3,5,ヒートオンビート,牡5,57.0,池添謙一,1:59.5,1/2,3.9,1.0,480(+4),[西] 友道康夫,202204030811
6,6,11,プリマヴィスタ,牡5,53.0,松岡正海,1:59.6,クビ,70.3,15.0,476(0),[西] 矢作芳人,202204030811
7,4,7,ゴールドスミス,セ8,53.0,吉田豊,1:59.7,3/4,30.0,11.0,536(+16),[東] 高柳瑞樹,202204030811
8,2,4,サンレイポケット,牡7,57.5,鮫島克駿,1:59.8,クビ,7.0,2.0,480(+6),[西] 高橋義忠,202204030811
9,7,13,カナリキケン,牝4,49.0,木幡初也,2:00.0,1.1/4,126.0,18.0,504(+4),[東] 竹内正洋,202204030811
10,1,2,プレシャスブルー,牡8,55.0,Ｍ．デム,2:00.0,1/2,47.5,12.0,438(+4),[東] 相沢郁,202204030811
11,7,15,スカーフェイス,牡6,55.0,岩田康誠,2:00.1,クビ,9.6,6.0,464(+6),[西] 橋田満,202204030811
12,1,1,イクスプロージョン,牡4,56.0,三浦皇成,2:00.1,ハナ,14.0,8.0,484(+10),[西] 杉山晴紀,202204030811
13,4,8,ディアマンミノル,牡5,55.0,荻野極,2:00.2,1/2,12.3,7.0,468(-2),[西] 本田優,202204030811
14,5,9,エヒト,牡5,57.0,田中勝春,2:00.2,クビ,8.2,5.0,462(-2),[西] 森秀行,202204030811
15,5,10,ココロノトウダイ,牡5,55.0,戸崎圭太,2:00.2,クビ,49.4,13.0,530(+6),[東] 手塚貴久,202204030811
16,2,3,レッドジェネシス,牡4,56.5,内田博幸,2:00.4,3/4,63.0,14.0,504(+4),[西] 友道康夫,202204030811
17,7,14,コトブキテティス,牝5,51.0,武藤雅,2:00.4,ハナ,117.1,17.0,444(+4),[東] 田島俊明,202204030811
18,8,16,カイザーバローズ,牡4,55.0,津村明秀,2:01.4,6,8.2,4.0,462(+18),[西] 中内田充,202204030811
1,6,12,ボンクラージュ,牝3,53.0,津村明秀,0:55.1,,6.0,2.0,432(-2),[東] 矢野英一,202204030812
2,8,17,テセウス,牡4,57.0,杉原誠人,0:55.2,1/2,14.5,9.0,444(+2),[東] 奥平雅士,202204030812
3,7,15,リュッカ,牝5,55.0,菅原明良,0:55.3,1/2,13.5,8.0,420(+2),[東] 鈴木伸尋,202204030812
4,8,18,バイシクルキック,牡4,57.0,大野拓弥,0:55.4,1/2,7.1,4.0,464(0),[東] 栗田徹,202204030812
5,3,5,オリアメンディ,牝4,55.0,内田博幸,0:55.6,1.1/4,38.6,12.0,476(0),[東] 石毛善彦,202204030812
6,7,14,ボレロ,牝4,55.0,武藤雅,0:55.6,クビ,11.8,7.0,474(0),[東] 矢野英一,202204030812
7,6,11,ローズブルーム,牝3,53.0,Ｍ．デム,0:55.7,1,7.0,3.0,442(-4),[東] 伊藤大士,202204030812
8,5,9,マロリン,牝6,55.0,木幡初也,0:56.0,1.1/2,130.9,16.0,486(+14),[東] 武市康男,202204030812
9,2,3,セルレア,牝5,55.0,江田照男,0:56.0,ハナ,160.6,17.0,452(-4),[東] 深山雅史,202204030812
10,1,2,プロトサマニ,牝4,55.0,松岡正海,0:56.1,3/4,129.7,15.0,506(-4),[東] 浅野洋一,202204030812
11,8,16,フタミジョウワ,牝3,53.0,野中悠太,0:56.2,クビ,10.7,5.0,450(-2),[東] 根本康広,202204030812
12,1,1,ミーハディビーナ,牝5,55.0,佐々木大,0:56.3,1/2,76.2,13.0,442(0),[東] 和田雄二,202204030812
13,5,10,アリビオ,牝3,53.0,石川裕紀,0:56.4,1,17.3,10.0,430(0),[東] 相沢郁,202204030812
14,2,4,モメチョッタ,牝6,55.0,岩部純二,0:56.5,1/2,281.3,18.0,462(+2),[東] 石毛善彦,202204030812
15,3,6,ホーキーポーキー,牝4,55.0,嶋田純次,0:56.6,クビ,119.5,14.0,464(+8),[東] 武市康男,202204030812
16,7,13,ダイシンユノ,牝5,55.0,菊沢一樹,0:56.6,クビ,24.9,11.0,432(+2),[東] 戸田博文,202204030812
17,4,8,ルドラクシャ,牝5,55.0,原優介,0:56.9,1.1/2,11.7,6.0,464(-2),[東] 松山将樹,202204030812
18,4,7,ロサロッサーナ,牝3,53.0,永野猛蔵,0:58.1,7,4.3,1.0,494(+2),[東] 伊藤圭三,202204030812
1,3,3,アストラエンブレム,セ9,60.0,五十嵐雄,3:06.1,,3.0,2.0,484(+4),[東] 小島茂之,202204040101
2,1,1,セルリアンルネッタ,牡3,56.0,小牧加矢,3:06.7,3.1/2,12.6,5.0,460(+4),[西] 高橋康之,202204040101
3,4,4,アームストロング,牡4,60.0,草野太郎,3:07.1,2.1/2,2.2,1.0,496(0),[東] 南田美知,202204040101
4,6,6,アースブレイブ,セ5,60.0,江田勇亮,3:07.2,1/2,6.0,3.0,470(+10),[東] 宗像義忠,202204040101
5,8,10,カイトレッド,牝5,58.0,上野翔,3:07.9,4,22.6,6.0,474(+8),[東] 和田雄二,202204040101
6,6,7,シーザワールド,牡9,60.0,大江原圭,3:08.9,6,27.5,7.0,512(-2),[東] 的場均,202204040101
7,7,8,ヨコスカダンディー,牡6,60.0,小野寺祐,3:09.0,3/4,55.0,10.0,466(-4),[東] 清水英克,202204040101
8,2,2,ザヴォーグ,牡3,58.0,中村将之,3:09.2,1,12.5,4.0,514(+6),[西] 加用正,202204040101
9,8,11,ヴィオマージュ,牡4,60.0,北沢伸也,3:09.9,4,50.8,9.0,506(+14),[西] 石坂公一,202204040101
10,7,9,シゲルアライグマ,牡3,58.0,植野貴也,3:15.4,大,119.3,11.0,504(+6),[東] 浅野洋一,202204040101
11,5,5,ホッコーライデン,牡8,60.0,蓑島靖典,3:17.4,大,29.4,8.0,544(+10),[東] 松永康利,202204040101
1,5,8,サノノエスポ,牝2,54.0,丹内祐次,1:55.1,,36.4,8.0,424(-2),[東] 中野栄治,202204040102
2,5,9,モーメントキャッチ,牡2,51.0,今村聖奈,1:55.3,1.1/2,6.5,3.0,500(0),[東] 武井亮,202204040102
3,7,12,アクションプラン,牡2,54.0,秋山稔樹,1:55.5,1,293.5,14.0,496(+10),[東] 池上昌和,202204040102
4,3,4,サグアロ,牡2,53.0,松本大輝,1:55.6,3/4,2.2,1.0,520(+4),[西] 高野友和,202204040102
5,4,7,シリンガバルガリス,牡2,55.0,西村淳也,1:56.1,3,5.8,2.0,484(+14),[西] 松永幹夫,202204040102
6,4,6,トーホウキザン,牡2,51.0,永島まな,1:56.4,2,42.7,10.0,468(+2),[西] 高橋康之,202204040102
7,6,10,プラチナジュビリー,牝2,54.0,杉原誠人,1:56.4,アタマ,11.4,5.0,486(-2),[東] 田村康仁,202204040102
8,6,11,ハガネ,牡2,55.0,斎藤新,1:56.6,1.1/4,39.7,9.0,454(+4),[東] 斎藤誠,202204040102
9,8,15,パーティーキング,牡2,55.0,菊沢一樹,1:56.8,3/4,20.0,7.0,462(0),[東] 岩戸孝樹,202204040102
10,7,13,リネンマンボ,牡2,52.0,原優介,1:57.1,1.3/4,17.6,6.0,450(+6),[東] 粕谷昌央,202204040102
11,2,2,カミノモラド,牡2,55.0,勝浦正樹,1:57.2,1/2,80.7,11.0,528(0),[東] 矢野英一,202204040102
12,1,1,ナックダンス,牝2,54.0,古川吉洋,1:57.2,ハナ,8.3,4.0,476(-2),[東] 杉浦宏昭,202204040102
13,3,5,ミルキーシャワー,牝2,50.0,古川奈穂,1:57.3,3/4,265.4,13.0,426(+10),[西] 羽月友彦,202204040102
14,8,14,アカサンピン,牝2,54.0,木幡初也,1:58.7,8,264.2,12.0,484(+2),[東] 竹内正洋,202204040102
15,2,3,テイケイヴォーグ,牡2,55.0,田中健,2:01.9,大,350.8,15.0,468(+4),[西] 荒川義之,202204040102
1,3,5,トラネスハープ,牝2,50.0,今村聖奈,1:14.2,,2.3,1.0,420(-12),[東] 武井亮,202204040103
2,3,4,アスターチェンチ,牡2,53.0,藤田菜七,1:14.3,3/4,8.9,4.0,508(0),[西] 中竹和也,202204040103
3,5,8,リアルマーヴェル,牡2,52.0,原優介,1:14.3,クビ,313.2,14.0,478(+8),[東] 小桧山悟,202204040103
4,4,6,スングリダンダン,牝2,54.0,杉原誠人,1:14.6,1.1/2,35.8,9.0,426(+2),[東] 南田美知,202204040103
5,2,3,エコロディアナ,牝2,52.0,松本大輝,1:14.7,3/4,8.2,3.0,460(+6),[西] 森秀行,202204040103
6,8,15,ヒャクマンボルト,牡2,55.0,丹内祐次,1:14.9,1.1/4,3.0,2.0,494(+4),[東] 武市康男,202204040103
7,6,11,アスクトゥマッチ,牡2,53.0,横山琉人,1:15.2,1.1/2,31.9,7.0,430(+8),[東] 中舘英二,202204040103
8,2,2,クリノヒーロー,牡2,55.0,森裕太朗,1:15.3,3/4,34.5,8.0,460(+6),[西] 谷潔,202204040103
9,8,14,ヤマタケアオイバラ,牡2,55.0,岩部純二,1:15.4,クビ,59.8,10.0,442(+4),[東] 萱野浩二,202204040103
10,6,10,ツクバセイヴァー,牝2,54.0,黛弘人,1:15.6,1.1/2,351.7,15.0,400(+2),[東] 和田雄二,202204040103
11,5,9,カシノスターリング,牡2,54.0,秋山稔樹,1:15.7,クビ,25.2,6.0,466(+8),[東] 天間昭一,202204040103
12,1,1,スマートミラージュ,牝2,50.0,永島まな,1:15.7,クビ,22.6,5.0,446(+6),[西] 音無秀孝,202204040103
13,7,12,マーゴットピア,牝2,54.0,伊藤工真,1:15.8,3/4,186.8,11.0,444(+8),[東] 伊坂重信,202204040103
14,7,13,フィーバーヒュー,牝2,51.0,佐々木大,1:16.4,3.1/2,305.2,13.0,416(-10),[東] 大江原哲,202204040103
15,4,7,クニ,牝2,52.0,小林脩斗,1:17.2,5,193.8,12.0,402(-4),[東] 小桧山悟,202204040103
1,6,6,スーパーフェイバー,牡4,60.0,小野寺祐,3:04.8,,3.0,2.0,502(0),[西] 矢作芳人,202204040104
2,5,5,リアム,牡5,60.0,草野太郎,3:05.1,1.3/4,2.2,1.0,536(+4),[東] 萩原清,202204040104
3,4,4,トップウイナー,牡6,60.0,中村将之,3:05.1,クビ,5.5,3.0,472(+12),[西] 鈴木孝志,202204040104
4,3,3,タマモワカムシャ,セ3,56.0,小牧加矢,3:05.5,2.1/2,14.3,4.0,468(+3),[西] 五十嵐忠,202204040104
5,7,8,モーニングアヤメ,牝4,58.0,蓑島靖典,3:06.0,3.1/2,26.0,7.0,446(0),[東] 浅野洋一,202204040104
6,8,9,ヒストリアノワール,セ4,60.0,大江原圭,3:06.4,2.1/2,61.6,9.0,442(+10),[東] 嘉藤貴行,202204040104
7,7,7,シゲルタヌキ,牡3,58.0,植野貴也,3:07.0,3.1/2,14.4,5.0,472(-4),[西] 服部利之,202204040104
8,8,10,プレイヤーサムソン,セ9,60.0,五十嵐雄,3:09.3,大,19.4,6.0,470(0),[東] 大和田成,202204040104
9,2,2,クリノサンシャイン,牝5,58.0,上野翔,3:10.7,8,29.4,8.0,450(-6),[東] 石毛善彦,202204040104
中,1,1,プリンセスララア,牝5,58.0,大庭和弥,,,87.4,10.0,416(+2),[東] 的場均,202204040104
1,7,13,フィレット,牝2,52.0,横山琉人,1:35.2,,3.8,1.0,484(0),[西] 藤岡健一,202204040105
2,8,17,オーグメントコード,牝2,54.0,丸山元気,1:35.2,クビ,6.3,2.0,452(0),[東] 鈴木慎太,202204040105
3,2,3,アンスリウム,牝2,52.0,松本大輝,1:35.3,3/4,11.2,5.0,484(0),[東] 加藤征弘,202204040105
4,8,15,ルージュミシェル,牝2,54.0,荻野極,1:35.4,1/2,16.0,8.0,432(0),[西] 平田修,202204040105
5,2,4,フラワートゥループ,牝2,54.0,菱田裕二,1:35.4,ハナ,24.1,10.0,440(0),[西] 高橋義忠,202204040105
6,1,1,チュウワスプリング,牝2,54.0,伊藤工真,1:35.9,3,36.9,13.0,406(0),[東] 林徹,202204040105
7,7,14,スマイリングウェイ,牝2,53.0,秋山稔樹,1:35.9,クビ,18.9,9.0,424(0),[東] 大竹正博,202204040105
8,3,6,アイラブユー,牝2,54.0,杉原誠人,1:36.0,3/4,121.8,15.0,424(0),[東] 蛯名利弘,202204040105
9,3,5,テルテ,牝2,50.0,今村聖奈,1:36.3,1.1/2,8.1,3.0,432(0),[東] 手塚貴久,202204040105
10,8,16,デイジーロック,牝2,54.0,黛弘人,1:36.5,1.1/4,89.7,14.0,462(0),[東] 尾関知人,202204040105
11,5,10,コトシロ,牝2,54.0,丹内祐次,1:36.5,ハナ,12.6,6.0,484(0),[東] 尾形和幸,202204040105
12,6,12,ナウズザタイム,牝2,54.0,斎藤新,1:36.6,1,28.7,12.0,468(0),[西] 安田隆行,202204040105
13,1,2,キトリ,牝2,54.0,西村淳也,1:36.9,1.1/2,9.0,4.0,476(0),[西] 杉山晴紀,202204040105
14,5,9,クルチェット,牝2,53.0,泉谷楓真,1:36.9,クビ,13.4,7.0,440(0),[西] 辻野泰之,202204040105
15,4,8,タイセイアリオス,牝2,51.0,原優介,1:37.0,クビ,24.7,11.0,430(0),[東] 青木孝文,202204040105
16,6,11,マロンルピナス,牝2,51.0,佐々木大,1:37.0,クビ,142.6,16.0,430(0),[東] 菊川正達,202204040105
17,4,7,クリノルージュ,牝2,54.0,荻野琢真,1:39.1,大,202.1,17.0,402(0),[西] 藤沢則雄,202204040105
1,8,10,マイネルオーサム,牡3,54.0,丹内祐次,2:43.6,,4.5,3.0,464(0),[東] 高木登,202204040106
2,7,8,ダノンピーカブー,牡3,54.0,菱田裕二,2:43.9,1.3/4,3.9,1.0,464(-10),[西] 大久保龍,202204040106
3,2,2,イシュタルゲート,牡6,57.0,西村淳也,2:44.6,4,6.4,4.0,518(-8),[西] 茶木太樹,202204040106
4,5,5,デュアルレインボー,牡3,53.0,亀田温心,2:45.1,3.1/2,10.4,6.0,498(+10),[西] 清水久詞,202204040106
5,4,4,イーサンバーニング,牡3,54.0,武藤雅,2:45.2,クビ,4.1,2.0,504(+4),[東] 中野栄治,202204040106
6,8,11,テーオーインパクト,牡3,51.0,鷲頭虎太,2:45.4,1.1/2,101.2,11.0,494(-8),[西] 宮徹,202204040106
7,7,9,スパニッシュアート,牝5,55.0,菊沢一樹,2:45.7,1.1/2,68.4,10.0,422(-8),[東] 戸田博文,202204040106
8,6,7,ゲーテ,セ3,54.0,秋山真一,2:45.8,3/4,48.5,9.0,470(-2),[西] 武幸四郎,202204040106
9,6,6,マテンロウスタイル,牡4,57.0,古川吉洋,2:45.8,ハナ,12.8,7.0,512(-8),[西] 昆貢,202204040106
10,3,3,セレブレイトガイズ,牡3,50.0,今村聖奈,2:46.0,1,7.6,5.0,482(-6),[西] 友道康夫,202204040106
11,1,1,サクラロワ,牡4,57.0,丸山元気,2:49.7,大,30.2,8.0,532(-6),[東] 堀宣行,202204040106
1,1,1,エピプランセス,牝3,53.0,西村淳也,2:01.3,,2.8,1.0,434(-2),[西] 池添学,202204040107
2,8,14,マイネルジャッカル,牡4,54.0,原優介,2:01.5,3/4,59.9,11.0,470(-2),[東] 西田雄一,202204040107
3,7,12,トーセンシエロ,牝3,53.0,武藤雅,2:01.5,アタマ,7.2,3.0,414(-14),[東] 小野次郎,202204040107
4,6,10,ヤマニンループ,牡3,54.0,泉谷楓真,2:01.7,1.1/2,3.8,2.0,424(-4),[西] 松永幹夫,202204040107
5,2,2,サトノディーバ,牝4,51.0,古川奈穂,2:01.8,1/2,67.0,13.0,496(-2),[西] 矢作芳人,202204040107
6,6,9,ロードオブシャドウ,牡3,53.0,小林脩斗,2:01.9,クビ,17.9,7.0,516(+6),[東] 国枝栄,202204040107
7,5,8,エイカイロイヤル,牡4,54.0,鷲頭虎太,2:01.9,クビ,16.3,6.0,454(0),[西] 藤原英昭,202204040107
8,8,13,タイセイアーサー,牡4,57.0,斎藤新,2:02.0,クビ,27.3,9.0,480(-2),[東] 斎藤誠,202204040107
9,5,7,テーオーラファエロ,セ4,53.0,今村聖奈,2:02.2,1.1/4,7.7,4.0,456(-2),[西] 須貝尚介,202204040107
10,7,11,ジャンヌノツルギ,牝3,51.0,松本大輝,2:02.2,クビ,174.8,14.0,454(0),[東] 小笠倫弘,202204040107
11,3,3,リニュー,牡3,55.0,菊沢一樹,2:02.4,3/4,13.1,5.0,442(0),[東] 清水英克,202204040107
12,3,4,クトゥネシリカ,牡3,53.0,横山琉人,2:02.5,3/4,17.9,8.0,414(+2),[東] 堀内岳志,202204040107
13,4,5,ノーザンピーク,牡4,54.0,佐々木大,2:03.1,3.1/2,63.6,12.0,474(-11),[東] 堀内岳志,202204040107
14,4,6,ピースオブマインド,牝3,52.0,亀田温心,2:04.8,10,29.4,10.0,450(+8),[東] 久保田貴,202204040107
1,7,11,ニシノボルテージ,牡3,55.0,杉原誠人,1:53.7,,159.8,13.0,454(0),[東] 田村康仁,202204040108
2,7,10,タイセイマーベル,牡4,57.0,西村淳也,1:53.9,1.1/2,7.8,4.0,484(-4),[東] 池上昌和,202204040108
3,2,2,ハイラブハンター,牡4,57.0,古川吉洋,1:54.1,1,22.9,7.0,492(+8),[西] 谷潔,202204040108
4,6,9,モディカ,牝3,49.0,松本大輝,1:54.1,アタマ,2.0,1.0,490(+8),[西] 石坂公一,202204040108
5,8,12,トーセンマーク,牡4,57.0,菊沢一樹,1:54.1,ハナ,58.0,10.0,518(+8),[東] 古賀慎明,202204040108
6,6,8,セイカフォルゴーレ,牡3,53.0,横山琉人,1:55.9,大,28.9,8.0,488(-10),[東] 相沢郁,202204040108
7,3,3,サパテアール,牡3,55.0,丹内祐次,1:55.9,クビ,6.4,3.0,510(-2),[東] 畠山吉宏,202204040108
8,1,1,クリノレジェンド,牡3,55.0,田中健,1:56.1,1,85.7,12.0,514(+8),[西] 荒川義之,202204040108
9,5,7,サムハンター,牡4,57.0,丸山元気,1:56.2,1/2,9.8,5.0,492(+10),[西] 高橋康之,202204040108
10,4,5,オステリア,牡3,55.0,斎藤新,1:56.2,クビ,45.8,9.0,496(0),[西] 宮本博,202204040108
11,8,13,モズブーナー,牝3,49.0,今村聖奈,1:56.6,2,6.0,2.0,484(+10),[西] 音無秀孝,202204040108
12,4,4,ハイアーグレード,牝5,55.0,荻野琢真,1:58.0,9,61.2,11.0,460(-6),[西] 今野貞一,202204040108
13,5,6,タイキスパルタン,牡3,55.0,菱田裕二,1:58.1,クビ,19.0,6.0,506(0),[西] 辻野泰之,202204040108
1,8,12,エーデルブルーメ,牝3,53.0,西村淳也,2:00.5,,2.5,1.0,480(+10),[西] 安田隆行,202204040109
2,4,5,エコルフリューゲル,牝3,53.0,勝浦正樹,2:00.7,1.1/4,8.1,4.0,464(0),[東] 鈴木慎太,202204040109
3,2,2,エバーシャドネー,牝3,53.0,今村聖奈,2:00.7,クビ,3.6,2.0,452(+2),[西] 藤岡健一,202204040109
4,8,13,オーソレミオ,牝3,53.0,古川吉洋,2:00.8,3/4,6.9,3.0,442(-6),[西] 昆貢,202204040109
5,6,9,エレフセリア,牝4,55.0,丹内祐次,2:01.3,3,23.1,7.0,448(+6),[東] 武藤善則,202204040109
6,6,8,ゴールドローズ,牝3,53.0,秋山真一,2:01.4,クビ,9.3,5.0,460(0),[西] 飯田祐史,202204040109
7,5,6,クオンタム,牝4,55.0,黛弘人,2:01.4,ハナ,120.4,12.0,450(-6),[東] 村田一誠,202204040109
8,7,10,アンダーユアスペル,牝3,53.0,丸山元気,2:01.5,1/2,29.7,8.0,462(+4),[東] 小西一男,202204040109
9,5,7,カタリーナ,牝4,55.0,斎藤新,2:01.5,クビ,14.7,6.0,450(-4),[西] 武英智,202204040109
10,3,3,インフィニタス,牝4,55.0,菱田裕二,2:01.9,2.1/2,36.7,9.0,460(0),[東] 伊坂重信,202204040109
11,7,11,クリノイヴァンカ,牝6,55.0,森裕太朗,2:01.9,クビ,145.1,13.0,464(0),[西] 谷潔,202204040109
12,1,1,ジューンサクラ,牝4,55.0,田中健,2:02.3,2,75.0,10.0,436(0),[西] 荒川義之,202204040109
13,4,4,ラピスデラビオス,牝4,55.0,松本大輝,2:02.7,2.1/2,80.3,11.0,444(+20),[西] 高野友和,202204040109
1,2,4,ウィリン,牝3,53.0,丹内祐次,1:08.7,,2.9,1.0,438(+12),[東] 林徹,202204040110
2,2,3,フリートオブフット,牝3,53.0,荻野極,1:09.1,2,9.8,5.0,444(-4),[東] 奥村武,202204040110
3,5,10,デフィデリ,牡3,55.0,勝浦正樹,1:09.2,1/2,27.5,10.0,462(+4),[東] 南田美知,202204040110
4,3,6,トリップトゥムーン,牡3,55.0,松本大輝,1:09.2,ハナ,7.8,3.0,452(+8),[西] 新谷功一,202204040110
5,8,16,プリモカリーナ,牝3,53.0,斎藤新,1:09.3,3/4,6.8,2.0,444(+4),[西] 安田隆行,202204040110
6,8,18,ロゼクラン,牝4,55.0,秋山真一,1:09.4,3/4,46.4,12.0,452(+10),[西] 藤沢則雄,202204040110
7,1,1,タイキバンディエラ,牡3,55.0,柴山雄一,1:09.4,クビ,67.0,15.0,508(+18),[西] 牧浦充徳,202204040110
8,5,9,キャニオニング,牝4,55.0,秋山稔樹,1:09.5,クビ,12.1,6.0,436(-4),[東] 村田一誠,202204040110
9,6,12,デイトンウェイ,牡4,57.0,菱田裕二,1:09.6,1,48.8,13.0,506(-2),[西] 野中賢二,202204040110
10,3,5,サクラカレント,牝4,55.0,今村聖奈,1:09.7,1/2,24.8,9.0,490(-2),[東] 金成貴史,202204040110
11,7,14,サミュエル,牝3,53.0,菊沢一樹,1:09.7,ハナ,18.7,8.0,470(+2),[東] 菊沢隆徳,202204040110
12,7,13,タツオウカケンラン,牝5,55.0,古川吉洋,1:09.7,クビ,84.0,18.0,458(-4),[西] 鮫島一歩,202204040110
13,6,11,フラッシュアーク,牝3,53.0,原優介,1:09.9,1,8.4,4.0,468(+16),[東] 青木孝文,202204040110
14,7,15,アヴァノス,セ4,57.0,武藤雅,1:09.9,ハナ,30.5,11.0,452(-4),[東] 和田正一,202204040110
15,4,7,プロトサマニ,牝4,55.0,杉原誠人,1:10.0,3/4,72.1,16.0,504(-2),[東] 浅野洋一,202204040110
16,8,17,サンセットオーラ,牡7,57.0,黛弘人,1:10.2,3/4,76.0,17.0,458(0),[東] 村田一誠,202204040110
17,4,8,ショウナンナウシカ,牝3,53.0,丸山元気,1:10.7,3,63.8,14.0,458(-4),[東] 大竹正博,202204040110
18,1,2,ランスオブミューズ,牝4,55.0,西村淳也,1:12.9,大,17.8,7.0,438(-2),[西] 奥村豊,202204040110
1,4,8,ネレイド,牝3,53.0,丸山元気,0:55.2,,10.2,5.0,434(-10),[東] 粕谷昌央,202204040111
2,8,16,エスジープリンセス,牝4,55.0,松本大輝,0:55.2,クビ,10.9,6.0,476(+4),[東] 和田勇介,202204040111
3,7,14,フチサンメルチャン,牡5,57.0,小牧太,0:55.3,クビ,22.4,8.0,472(+12),[西] 服部利之,202204040111
4,7,13,ルルルージュ,牝4,55.0,菊沢一樹,0:55.4,1/2,6.0,3.0,482(0),[東] 菊沢隆徳,202204040111
5,7,15,アーヒラ,牝7,55.0,城戸義政,0:55.4,クビ,59.7,13.0,456(+2),[東] 石毛善彦,202204040111
6,3,5,キモンブラウン,牝4,55.0,嶋田純次,0:55.4,アタマ,96.0,16.0,468(+18),[東] 手塚貴久,202204040111
7,2,4,デアリングウーマン,牝4,55.0,秋山真一,0:55.6,1,42.5,11.0,444(-2),[西] 角田晃一,202204040111
8,8,17,ヴィクトワールメイ,牝6,55.0,秋山稔樹,0:55.6,ハナ,28.4,9.0,450(-2),[東] 萱野浩二,202204040111
9,4,7,タピオカ,牝5,55.0,丹内祐次,0:55.7,クビ,7.7,4.0,520(-4),[東] 牧光二,202204040111
10,1,2,ミキノバスドラム,牡4,57.0,勝浦正樹,0:55.7,アタマ,67.2,14.0,520(+6),[東] 南田美知,202204040111
11,5,10,メイショウユリシス,牝5,55.0,菱田裕二,0:55.7,ハナ,29.1,10.0,490(0),[西] 高橋亮,202204040111
12,8,18,ボンクラージュ,牝3,53.0,武藤雅,0:55.7,ハナ,3.6,1.0,438(+6),[東] 矢野英一,202204040111
13,1,1,レオハイセンス,牝5,55.0,黛弘人,0:55.7,クビ,51.1,12.0,450(+4),[東] 奥平雅士,202204040111
14,6,11,カゼノタニノアヤカ,牝5,55.0,西村淳也,0:55.8,1/2,4.7,2.0,448(+8),[西] 安田隆行,202204040111
15,6,12,ドリームジャンボ,牝7,55.0,杉原誠人,0:56.3,3,15.6,7.0,496(+2),[東] 南田美知,202204040111
16,5,9,コーリンバニラ,牝5,55.0,水沼元輝,0:56.6,2,259.7,17.0,492(-14),[東] 加藤和宏,202204040111
17,2,3,フラッグアドミラル,牡8,57.0,柴山雄一,0:57.8,7,293.9,18.0,478(+14),[東] 新開幸一,202204040111
18,3,6,ミツカネプルート,牝3,53.0,横山琉人,0:57.9,3/4,95.0,15.0,440(-2),[東] 清水英克,202204040111
1,4,5,ダイチヴィヴァン,牡3,54.0,秋山稔樹,1:11.2,,4.9,3.0,470(0),[東] 蛯名利弘,202204040112
2,7,10,メイショウフジタカ,牡4,53.0,今村聖奈,1:11.2,クビ,4.0,2.0,502(+8),[西] 飯田祐史,202204040112
3,5,6,トランペットシェル,セ5,54.0,佐々木大,1:12.2,6,15.9,6.0,488(0),[東] 大江原哲,202204040112
4,3,3,ザアトム,牡3,53.0,松本大輝,1:12.2,クビ,9.8,4.0,496(+12),[東] 田島俊明,202204040112
5,5,7,シュロス,牡6,54.0,原優介,1:12.6,2,30.2,8.0,520(+2),[東] 嘉藤貴行,202204040112
6,6,9,テーオーアラジン,牝3,50.0,鷲頭虎太,1:12.8,1.1/4,171.0,12.0,474(+6),[西] 宮徹,202204040112
7,6,8,スマートプレジール,牝3,53.0,菱田裕二,1:12.8,アタマ,59.7,11.0,480(+6),[西] 中村直也,202204040112
8,8,13,レイデルマール,セ4,57.0,菊沢一樹,1:12.9,1/2,2.5,1.0,494(-4),[東] 高柳瑞樹,202204040112
9,8,12,ハクサンパール,牝3,51.0,横山琉人,1:13.0,3/4,43.5,10.0,448(-2),[東] 新開幸一,202204040112
10,2,2,ベッサラビア,セ5,57.0,森裕太朗,1:13.1,3/4,181.5,13.0,456(-2),[西] 橋田満,202204040112
11,4,4,カネトシディーバ,牝4,51.0,永島まな,1:13.4,1.1/2,35.0,9.0,482(0),[西] 高橋康之,202204040112
12,7,11,ベルウッドウズメ,牡3,55.0,斎藤新,1:14.0,3.1/2,11.5,5.0,504(0),[東] 本間忍,202204040112
13,1,1,ヴァーチュアス,牡3,55.0,西村淳也,1:14.5,3,22.6,7.0,476(+4),[西] 渡辺薫彦,202204040112
1,1,1,ダンシングニードル,牝2,54.0,団野大成,1:08.7,,2.5,1.0,474(-4),[西] 斉藤崇史,202204040201
2,3,5,トロピカルヒーロー,牡2,52.0,佐々木大,1:09.2,3,15.7,6.0,478(+6),[東] 武藤善則,202204040201
3,2,4,シャトーボビー,牡2,55.0,丹内祐次,1:09.2,クビ,4.0,2.0,464(+2),[東] 菊川正達,202204040201
4,2,3,ゴットリープ,牡2,55.0,杉原誠人,1:09.4,1.1/2,35.5,7.0,474(+4),[東] 栗田徹,202204040201
5,5,9,ワックスフラワー,牝2,51.0,水沼元輝,1:09.5,クビ,37.5,8.0,428(-8),[東] 深山雅史,202204040201
6,1,2,ピンポンマム,牝2,52.0,小林脩斗,1:09.8,1.1/2,41.4,9.0,428(+2),[東] 青木孝文,202204040201
7,6,12,ショウナンアウリイ,牝2,52.0,松本大輝,1:09.8,アタマ,48.5,11.0,450(+8),[西] 松下武士,202204040201
8,8,16,クリノグローリー,牡2,51.0,今村聖奈,1:09.9,1/2,15.4,5.0,464(+6),[西] 谷潔,202204040201
9,7,14,シャープソーン,牝2,51.0,原優介,1:10.2,1.3/4,53.3,13.0,436(-6),[西] 西園正都,202204040201
10,4,7,アトモストリミッツ,牝2,54.0,西村淳也,1:10.2,クビ,6.1,3.0,438(-14),[西] 池添学,202204040201
11,5,10,アルファエリザベス,牝2,52.0,小林凌大,1:10.3,3/4,132.3,14.0,460(-2),[東] 小島茂之,202204040201
12,6,11,ジークシュベルト,牡2,55.0,菱田裕二,1:10.4,1/2,13.9,4.0,452(+16),[西] 高橋義忠,202204040201
13,8,15,サンガルガーノ,牡2,55.0,武藤雅,1:10.5,クビ,144.6,15.0,472(-2),[東] 松山将樹,202204040201
14,3,6,ベアサッチャー,牝2,54.0,斎藤新,1:10.7,1.1/2,43.6,10.0,478(+2),[東] 杉浦宏昭,202204040201
15,7,13,ツキミズヒカリ,牝2,54.0,菊沢一樹,1:10.9,1.1/2,251.6,16.0,414(-6),[東] 小野次郎,202204040201
16,4,8,ミレディ,牝2,52.0,藤田菜七,1:16.8,大,51.1,12.0,436(0),[東] 田島俊明,202204040201
1,5,5,パクスオトマニカ,牡2,55.0,菱田裕二,2:02.3,,5.3,3.0,470(-2),[東] 久保田貴,202204040202
2,2,2,コスモバラタ,牡2,55.0,丹内祐次,2:03.1,5,5.7,5.0,456(+4),[東] 武市康男,202204040202
3,7,7,サトノシトラス,牡2,55.0,荻野極,2:03.3,1.1/4,3.4,1.0,490(+2),[西] 池江泰寿,202204040202
4,8,9,アオラキ,牡2,51.0,今村聖奈,2:03.4,1/2,5.3,4.0,444(0),[東] 田村康仁,202204040202
5,4,4,ヴンダー,牝2,51.0,原優介,2:03.5,1/2,19.5,6.0,466(+4),[東] 松永康利,202204040202
6,6,6,フジブルーダイヤ,牝2,51.0,土田真翔,2:04.2,4,51.0,7.0,446(+4),[東] 尾形和幸,202204040202
7,3,3,ホープアイランド,牝2,51.0,佐々木大,2:04.4,1.1/2,95.2,8.0,420(-8),[東] 武井亮,202204040202
8,8,8,インクルードダイヤ,牝2,54.0,西村淳也,2:04.5,1/2,3.8,2.0,446(-4),[西] 武英智,202204040202
9,1,1,ヤマノコトブキ,牡2,53.0,横山琉人,2:05.3,5,238.4,9.0,472(-2),[東] 松山将樹,202204040202
1,6,11,オースミメッシーナ,牝3,49.0,今村聖奈,1:11.7,,4.7,2.0,456(+10),[西] 宮本博,202204040203
2,7,12,スクリーンショット,牝3,53.0,浜中俊,1:11.8,クビ,3.5,1.0,496(+6),[東] 杉浦宏昭,202204040203
3,6,10,スズノナデシコ,牝4,55.0,西村淳也,1:12.1,2,24.1,9.0,510(+6),[西] 石坂公一,202204040203
4,8,15,サイモンルピナス,牝4,53.0,松本大輝,1:12.1,ハナ,11.4,6.0,444(+2),[西] 羽月友彦,202204040203
5,8,14,ナサ,牝4,55.0,菱田裕二,1:12.2,クビ,9.2,5.0,466(-2),[西] 藤沢則雄,202204040203
6,5,9,ミラビリス,牝3,53.0,斎藤新,1:12.4,1.1/2,6.0,3.0,466(+12),[東] 斎藤誠,202204040203
7,3,5,アカザ,牝3,53.0,荻野極,1:12.5,1/2,77.9,12.0,436(+2),[東] 伊坂重信,202204040203
8,1,1,ヤマニンアンフィル,牝3,53.0,団野大成,1:12.6,クビ,12.7,7.0,466(+10),[西] 斉藤崇史,202204040203
9,7,13,アタカンテ,牝3,50.0,鷲頭虎太,1:12.6,ハナ,36.4,10.0,510(+34),[西] 藤原英昭,202204040203
10,4,6,サザンエルフ,牝3,53.0,丹内祐次,1:12.6,クビ,7.4,4.0,466(+6),[東] 中川公成,202204040203
11,2,3,イッツユアタイム,牝4,53.0,藤田菜七,1:13.1,3,48.5,11.0,452(0),[西] 安田隆行,202204040203
12,2,2,エナホープ,牝8,51.0,永島まな,1:14.0,5,174.2,14.0,500(+2),[西] 吉田直弘,202204040203
13,4,7,ヴァンタンジェンヌ,牝5,52.0,服部寿希,1:14.1,1/2,359.5,15.0,412(+18),[西] 服部利之,202204040203
14,3,4,レコレータ,牝4,55.0,武藤雅,1:14.1,クビ,14.2,8.0,486(+4),[東] 中舘英二,202204040203
15,5,8,スズカロココ,牝5,54.0,泉谷楓真,1:17.4,大,144.6,13.0,480(+15),[西] 橋田満,202204040203
1,3,3,トーセントラム,牡2,55.0,田中勝春,1:37.8,,7.7,3.0,424(-6),[東] 小桧山悟,202204040204
2,7,8,トーセンカタリーナ,牝2,54.0,菊沢一樹,1:37.8,ハナ,11.6,6.0,446(0),[東] 菊沢隆徳,202204040204
3,6,6,グスタール,牡2,52.0,原優介,1:37.8,アタマ,11.6,7.0,454(-2),[東] 粕谷昌央,202204040204
4,2,2,カレンパンピナップ,牡2,51.0,今村聖奈,1:37.9,1/2,2.0,1.0,482(0),[西] 平田修,202204040204
5,8,9,ゴルデールスカー,牡2,55.0,西村淳也,1:38.0,クビ,5.6,2.0,462(+6),[西] 大久保龍,202204040204
6,5,5,ゴンドワナ,牡2,53.0,横山琉人,1:38.1,1/2,104.6,8.0,476(0),[東] 小島茂之,202204040204
7,1,1,ヒルノピレネー,牡2,55.0,松田大作,1:38.1,クビ,9.7,4.0,446(-4),[西] 北出成人,202204040204
8,4,4,コスモチプリア,牝2,54.0,丹内祐次,1:38.3,1.1/4,10.5,5.0,426(0),[東] 田村康仁,202204040204
9,7,7,ラジェルブ,牝2,54.0,斎藤新,1:39.0,4,275.6,10.0,478(-2),[東] 深山雅史,202204040204
10,8,10,サムワンライクユー,牡2,55.0,杉原誠人,1:39.0,ハナ,109.9,9.0,470(+2),[東] 石毛善彦,202204040204
1,7,12,ヨドノリリー,牝2,53.0,亀田温心,1:13.3,,10.8,5.0,432(0),[西] 北出成人,202204040205
2,4,7,グローリーカフェ,牝2,53.0,小沢大仁,1:13.3,クビ,5.5,3.0,438(0),[東] 中舘英二,202204040205
3,7,13,レアジーニアス,牝2,54.0,丹内祐次,1:14.1,5,14.0,6.0,476(0),[東] 栗田徹,202204040205
4,8,14,エレガントムーン,牝2,54.0,西村淳也,1:14.1,クビ,3.4,1.0,412(0),[西] 牧浦充徳,202204040205
5,1,1,エコロレジーナ,牝2,54.0,菊沢一樹,1:14.2,1/2,8.1,4.0,474(0),[東] 菊沢隆徳,202204040205
6,3,5,スミダカチドキ,牡2,55.0,斎藤新,1:14.6,2.1/2,23.1,8.0,472(0),[東] 斎藤誠,202204040205
7,6,11,アンビバレント,牡2,55.0,菱田裕二,1:14.7,1/2,4.5,2.0,450(0),[東] 青木孝文,202204040205
8,5,8,サンマルマインド,牝2,54.0,黛弘人,1:15.2,2.1/2,61.9,10.0,458(0),[東] 中野栄治,202204040205
9,2,3,タケウチリッキー,牝2,54.0,木幡初也,1:15.4,1.1/2,31.8,9.0,500(0),[東] 竹内正洋,202204040205
10,8,15,タノムデホンマ,セ2,55.0,川須栄彦,1:16.1,4,67.0,11.0,424(0),[西] 服部利之,202204040205
11,6,10,セツナシュギ,牝2,53.0,秋山稔樹,1:16.5,2.1/2,90.7,13.0,410(0),[東] 浅野洋一,202204040205
12,4,6,ジャックパール,牡2,55.0,丸山元気,1:16.8,1.3/4,15.6,7.0,456(0),[東] 鈴木慎太,202204040205
13,2,2,デトネイター,牝2,52.0,小林脩斗,1:18.2,8,126.1,14.0,480(0),[東] 中舘英二,202204040205
14,3,4,ジョイトゥザラブ,牝2,54.0,荻野極,1:18.4,1.1/2,87.5,12.0,386(0),[東] 西田雄一,202204040205
15,5,9,バーチャミ,牝2,52.0,小林凌大,1:23.4,大,193.6,15.0,424(0),[東] 土田稔,202204040205
1,2,2,トップスティール,牡3,54.0,秋山稔樹,1:53.2,,93.0,12.0,494(0),[東] 深山雅史,202204040206
2,6,7,エクストラノート,セ5,54.0,原優介,1:53.6,2.1/2,14.4,5.0,484(+4),[東] 加藤和宏,202204040206
3,3,3,ラニカイ,牝3,49.0,今村聖奈,1:53.9,2,2.6,1.0,490(+10),[西] 松永幹夫,202204040206
4,8,12,ブライトホルン,牡3,55.0,荻野極,1:54.0,クビ,5.1,3.0,486(+16),[西] 渡辺薫彦,202204040206
5,1,1,サトノアレックス,セ5,57.0,菊沢一樹,1:54.2,1.1/4,52.2,10.0,492(0),[東] 古賀慎明,202204040206
6,8,11,ナッカーフェイス,牡3,54.0,亀田温心,1:54.4,1.1/2,4.7,2.0,458(-4),[西] 北出成人,202204040206
7,7,9,ファイアリースカイ,牝3,51.0,松本大輝,1:55.0,3.1/2,47.5,9.0,452(-6),[東] 和田勇介,202204040206
8,6,8,ミルトボス,牡4,56.0,泉谷楓真,1:55.0,クビ,18.4,7.0,498(-2),[西] 中竹和也,202204040206
9,5,5,フジフォンテ,牡3,52.0,土田真翔,1:55.0,アタマ,15.3,6.0,456(+10),[東] 尾形和幸,202204040206
10,4,4,エイシンリヒト,牡4,56.0,小沢大仁,1:56.0,6,5.8,4.0,472(+14),[西] 今野貞一,202204040206
11,7,10,グレナデンシロップ,牝3,53.0,斎藤新,1:56.2,3/4,64.5,11.0,444(+22),[西] 浜田多実,202204040206
12,5,6,マンクスホップ,牝3,53.0,西村淳也,1:56.2,ハナ,30.5,8.0,444(+16),[西] 松永幹夫,202204040206
1,1,1,セルレア,牝5,51.0,永島まな,0:55.5,,97.6,15.0,454(+2),[東] 深山雅史,202204040207
2,8,17,ユナイテッドハーツ,牡4,55.0,横山琉人,0:55.5,アタマ,7.8,3.0,454(+10),[東] 新開幸一,202204040207
3,2,3,ラナキラ,牝4,55.0,丸山元気,0:55.5,クビ,12.7,5.0,446(-6),[東] 尾関知人,202204040207
4,4,7,クランシリーニー,牝3,53.0,西村淳也,0:55.7,3/4,20.8,10.0,496(-8),[西] 新谷功一,202204040207
5,8,16,メリヴェイユ,牝3,51.0,小林凌大,0:55.7,ハナ,4.9,2.0,446(-8),[東] 伊藤圭三,202204040207
6,3,5,リーゼントフラム,牡5,57.0,菱田裕二,0:55.7,ハナ,17.5,8.0,470(0),[西] 矢作芳人,202204040207
7,4,8,モメチョッタ,牝6,52.0,原優介,0:55.8,1/2,154.5,16.0,468(+6),[東] 石毛善彦,202204040207
8,8,18,マロリン,牝6,55.0,木幡初也,0:55.9,1,13.8,6.0,490(+4),[東] 武市康男,202204040207
9,6,12,フタミジョウワ,牝3,51.0,藤田菜七,0:56.0,クビ,37.9,13.0,444(-6),[東] 根本康広,202204040207
10,1,2,ボレロ,牝4,55.0,丹内祐次,0:56.1,1/2,34.2,12.0,474(0),[東] 矢野英一,202204040207
11,7,13,ホーキーポーキー,牝4,55.0,杉原誠人,0:56.1,1/2,16.1,7.0,464(0),[東] 武市康男,202204040207
12,3,6,ミーハディビーナ,牝5,52.0,佐々木大,0:56.3,3/4,40.8,14.0,440(-2),[東] 和田雄二,202204040207
13,7,15,セピアノーツ,牝4,55.0,柴山雄一,0:56.5,1.1/4,29.2,11.0,482(+10),[東] 青木孝文,202204040207
14,2,4,エシェロン,牡3,52.0,水沼元輝,0:56.5,クビ,168.1,17.0,472(+16),[東] 南田美知,202204040207
15,5,9,ポメランチェ,牝3,49.0,今村聖奈,0:56.6,1/2,3.4,1.0,400(+4),[西] 牧田和弥,202204040207
16,5,10,キテヤエヒメ,牝3,53.0,伊藤工真,0:56.9,1.1/2,277.2,18.0,414(-8),[東] 伊坂重信,202204040207
17,7,14,パラティーノヒル,牝5,55.0,嶋田純次,0:56.9,クビ,18.0,9.0,408(+2),[東] 南田美知,202204040207
18,6,11,バイシクルキック,牡4,57.0,斎藤新,0:57.1,1,8.6,4.0,460(-4),[東] 栗田徹,202204040207
1,4,6,タガノカンデラ,牝3,53.0,斎藤新,1:53.4,,7.2,4.0,448(+6),[西] 奥村豊,202204040208
2,6,10,スパークルアイズ,牝3,53.0,浜中俊,1:54.6,7,3.5,1.0,488(+8),[西] 武幸四郎,202204040208
3,4,7,デリシュレーヌ,牝4,51.0,今村聖奈,1:54.7,クビ,7.4,5.0,480(+4),[東] 高橋文雅,202204040208
4,3,4,フォーランマリア,牝3,53.0,菱田裕二,1:54.7,クビ,38.7,11.0,414(+2),[西] 森田直行,202204040208
5,5,8,ラジエル,牝3,53.0,丸山元気,1:55.0,1.1/2,5.1,2.0,438(-4),[東] 宮田敬介,202204040208
6,2,3,キガサ,牝3,51.0,小林脩斗,1:55.2,1.1/4,35.3,10.0,430(-5),[東] 鈴木慎太,202204040208
7,5,9,イエローウィン,牝3,53.0,丹内祐次,1:55.2,クビ,13.9,7.0,482(+6),[東] 菊川正達,202204040208
8,3,5,アイソウザスター,牝4,55.0,嶋田純次,1:55.3,クビ,125.7,14.0,488(-8),[東] 小笠倫弘,202204040208
9,8,15,ルミナスナイト,牝5,55.0,柴山雄一,1:55.6,1.3/4,135.6,15.0,504(+12),[東] 新開幸一,202204040208
10,1,1,エナハツホ,牝3,53.0,松田大作,1:55.9,2,6.8,3.0,444(+6),[西] 吉田直弘,202204040208
11,7,13,ガールズヒロイン,牝4,52.0,服部寿希,1:55.9,クビ,52.6,12.0,438(0),[西] 服部利之,202204040208
12,6,11,ラブエスポー,牝5,54.0,泉谷楓真,1:56.0,3/4,27.5,9.0,472(+6),[東] 蛯名利弘,202204040208
13,8,14,フェッテ,牝3,50.0,原優介,1:56.6,3.1/2,107.0,13.0,484(-2),[東] 池上昌和,202204040208
14,2,2,キトゥンズマーチ,牝4,51.0,永島まな,1:56.8,1,24.3,8.0,464(-10),[西] 吉岡辰弥,202204040208
中,7,12,プレミアスコア,牝3,51.0,松本大輝,,,9.3,6.0,476(0),[西] 松永幹夫,202204040208
1,3,3,グランスラムアスク,牝3,53.0,古川奈穂,1:46.3,,17.8,9.0,456(+4),[西] 矢作芳人,202204040209
2,6,6,レッドベルアーム,牡3,55.0,松田大作,1:46.3,クビ,3.1,1.0,510(+2),[西] 藤原英昭,202204040209
3,2,2,テイデ,牡4,57.0,丸山元気,1:46.5,1.1/4,5.5,3.0,480(+2),[東] 堀宣行,202204040209
4,7,9,サトノスカイターフ,牡4,57.0,荻野極,1:46.5,ハナ,15.7,8.0,500(+10),[西] 池江泰寿,202204040209
5,8,10,フェルマーテ,牝5,55.0,菊沢一樹,1:46.8,1.3/4,15.7,7.0,484(0),[東] 戸田博文,202204040209
6,5,5,イスラグランデ,牡3,55.0,団野大成,1:47.1,2,11.4,6.0,536(0),[西] 西園正都,202204040209
7,6,7,エンギダルマ,牡3,55.0,嶋田純次,1:47.2,1/2,8.8,4.0,520(+20),[東] 手塚貴久,202204040209
8,4,4,ウインアステロイド,牡5,57.0,丹内祐次,1:47.2,アタマ,42.9,10.0,470(+4),[東] 和田正一,202204040209
9,7,8,アウサンガテ,牡5,57.0,西村淳也,1:47.5,1.3/4,4.3,2.0,450(+8),[西] 中内田充,202204040209
10,1,1,サンライズスコール,牡3,55.0,松若風馬,1:47.6,3/4,92.6,11.0,450(+2),[西] 石坂公一,202204040209
11,8,11,フレイミングサン,牝4,55.0,菱田裕二,1:47.8,1.1/4,9.4,5.0,460(+2),[東] 辻哲英,202204040209
1,6,11,ジャズブルース,牡3,55.0,団野大成,1:52.2,,9.5,5.0,458(+6),[西] 吉村圭司,202204040210
2,4,7,アーテルアストレア,牝3,53.0,菱田裕二,1:52.8,3.1/2,5.0,3.0,454(0),[西] 橋口慎介,202204040210
3,3,5,バハルダール,牡3,55.0,荻野極,1:53.0,1.1/2,4.3,2.0,498(0),[西] 池江泰寿,202204040210
4,7,13,サラフィエル,牡3,55.0,菊沢一樹,1:53.5,3,10.7,7.0,444(+6),[東] 鈴木慎太,202204040210
5,8,15,ブルーカルセドニー,牝4,55.0,丸山元気,1:53.6,1/2,17.7,8.0,442(-8),[東] 小野次郎,202204040210
6,2,2,マイネルレンカ,牡8,57.0,泉谷楓真,1:53.7,アタマ,101.1,13.0,470(-4),[東] 鈴木慎太,202204040210
6,3,4,ラフルオリータ,牝4,55.0,丹内祐次,1:53.7,同着,10.4,6.0,486(-2),[東] 加藤士津,202204040210
8,6,10,ラボンダンス,牝5,55.0,斎藤新,1:53.9,1.1/4,57.3,9.0,512(+12),[西] 橋口慎介,202204040210
9,1,1,ダイシンピスケス,牡4,57.0,松本大輝,1:54.4,3,6.5,4.0,506(+4),[西] 森秀行,202204040210
10,8,14,フォギーデイ,牝5,55.0,武藤雅,1:54.7,2,195.2,15.0,488(+4),[東] 水野貴広,202204040210
11,4,6,モンサンイルベント,牡5,57.0,今村聖奈,1:54.8,3/4,64.3,10.0,504(+2),[西] 飯田祐史,202204040210
12,7,12,ナンヨーヴィヨレ,牡4,57.0,横山琉人,1:55.1,2,90.3,12.0,472(+16),[東] 宗像義忠,202204040210
13,5,9,レッドエランドール,セ5,57.0,西村淳也,1:55.2,3/4,4.2,1.0,504(+12),[西] 田中克典,202204040210
14,5,8,オンリーワンボーイ,セ5,57.0,亀田温心,1:56.2,6,70.7,11.0,462(-2),[東] 斎藤誠,202204040210
15,2,3,ウインググランダー,牡6,57.0,荻野琢真,1:56.5,2,181.9,14.0,534(+16),[西] 藤沢則雄,202204040210
1,6,11,ダディーズビビッド,牡4,56.0,浜中俊,1:20.2,,3.6,1.0,508(-4),[西] 千田輝彦,202204040211
2,4,8,テンハッピーローズ,牝4,53.0,今村聖奈,1:20.4,1.1/4,7.9,3.0,452(+2),[西] 高柳大輔,202204040211
3,8,18,セルフィー,牝5,51.0,松若風馬,1:20.4,クビ,18.4,9.0,468(-8),[西] 鮫島一歩,202204040211
4,6,12,ラルナブリラーレ,牝5,53.0,菱田裕二,1:20.4,ハナ,10.2,5.0,484(+4),[西] 石坂公一,202204040211
5,2,4,フェルミスフィア,牝5,52.0,杉原誠人,1:20.5,クビ,12.3,6.0,446(-2),[東] 木村哲也,202204040211
6,2,3,グレイイングリーン,牡4,55.0,荻野極,1:20.5,クビ,5.8,2.0,488(-12),[西] 池江泰寿,202204040211
7,4,7,ストーンリッジ,牡5,54.0,小沢大仁,1:20.6,クビ,17.1,8.0,468(-4),[西] 藤原英昭,202204040211
8,3,6,ラインベック,セ5,54.0,団野大成,1:20.6,アタマ,33.2,11.0,482(-18),[西] 友道康夫,202204040211
9,7,14,レッドライデン,牡5,53.0,田中勝春,1:20.7,3/4,48.8,13.0,484(-6),[東] 鹿戸雄一,202204040211
10,5,10,アルジャンナ,セ5,55.0,柴山雄一,1:20.8,クビ,55.3,15.0,464(-8),[西] 奥村豊,202204040211
11,3,5,ビューティフルデイ,牝4,52.0,丹内祐次,1:20.9,1/2,8.0,4.0,454(+2),[東] 国枝栄,202204040211
12,5,9,カリボール,牡6,54.0,西村淳也,1:20.9,アタマ,41.3,12.0,498(+2),[西] 須貝尚介,202204040211
13,7,13,サトノファビュラス,牝5,52.0,横山琉人,1:20.9,クビ,54.6,14.0,434(+16),[東] 宗像義忠,202204040211
14,1,2,アンコールプリュ,牝7,53.0,荻野琢真,1:21.0,クビ,63.0,16.0,448(0),[西] 友道康夫,202204040211
15,1,1,ビップウインク,牝5,52.0,亀田温心,1:21.2,1.1/4,69.1,17.0,520(+4),[西] 清水久詞,202204040211
16,8,17,ダノンチェイサー,牡6,55.0,松本大輝,1:21.3,3/4,96.5,18.0,478(-8),[西] 池江泰寿,202204040211
17,7,15,マイネルジェロディ,牡4,55.0,丸山元気,1:21.4,1/2,25.4,10.0,470(0),[西] 西園正都,202204040211
18,8,16,アビッグチア,牝4,52.0,嶋田純次,1:21.8,2.1/2,13.1,7.0,514(+8),[東] 水野貴広,202204040211
1,6,7,ワールドコネクター,牡3,52.0,佐々木大,1:11.4,,2.6,1.0,534(-4),[東] 蛯名正義,202204040212
2,8,12,ワンダーヘイルネス,セ6,55.0,松本大輝,1:11.9,2.1/2,8.2,4.0,490(+6),[西] 河内洋,202204040212
3,8,11,カップッチョ,牡5,57.0,杉原誠人,1:12.3,2.1/2,115.7,11.0,478(-4),[東] 大江原哲,202204040212
4,5,6,ルワンジュ,牡3,55.0,菊沢一樹,1:12.5,1.1/4,120.7,12.0,480(-4),[西] 千田輝彦,202204040212
5,5,5,アイファーリンクス,牝4,55.0,松若風馬,1:12.6,クビ,10.0,5.0,488(+6),[西] 鮫島一歩,202204040212
6,2,2,バウンティハンター,牡5,57.0,黛弘人,1:12.8,1.1/4,43.5,8.0,482(-2),[東] 村田一誠,202204040212
7,6,8,メイショウグラニー,牝3,49.0,今村聖奈,1:13.1,1.3/4,3.8,2.0,448(0),[西] 藤岡健一,202204040212
8,7,9,ドクターマンボウ,牡3,55.0,西村淳也,1:13.3,1.1/4,25.1,7.0,444(-14),[西] 牧浦充徳,202204040212
9,4,4,ブレーヴトライ,牡4,57.0,丹内祐次,1:13.3,クビ,22.3,6.0,474(+2),[東] 小西一男,202204040212
10,3,3,ライラテソーロ,牡4,55.0,小林脩斗,1:13.5,1,82.5,10.0,500(0),[東] 奥平雅士,202204040212
11,7,10,コンバットマーチ,牝5,55.0,菱田裕二,1:14.1,3.1/2,81.5,9.0,470(0),[西] 藤沢則雄,202204040212
12,1,1,バオバブスピリット,牝3,53.0,斎藤新,1:14.7,3.1/2,4.0,3.0,428(-4),[東] 斎藤誠,202204040212
1,8,12,バイオレントブロー,セ7,58.0,小牧加矢,3:32.3,,4.2,2.0,494(+2),[西] 佐々木晶,202204040301
2,7,11,ニューツーリズム,セ6,61.0,小野寺祐,3:32.5,1.1/4,4.1,1.0,498(+6),[東] 黒岩陽一,202204040301
3,3,3,ロードアクア,牡6,60.0,難波剛健,3:32.6,1/2,5.9,4.0,478(-6),[西] 中村直也,202204040301
4,1,1,マイネルダンク,牡4,60.0,五十嵐雄,3:32.7,1,28.6,9.0,446(+6),[東] 青木孝文,202204040301
5,5,7,ショウナンサルヴォ,牡4,60.0,植野貴也,3:33.0,1.1/2,11.7,6.0,508(0),[西] 吉村圭司,202204040301
6,7,10,ヴァイトブリック,牡6,60.0,石神深一,3:33.1,1/2,9.3,5.0,516(0),[東] 和田正一,202204040301
7,8,13,ハーツシンフォニー,セ5,60.0,森一馬,3:33.1,ハナ,5.5,3.0,466(+6),[東] 辻哲英,202204040301
8,4,5,サペラヴィ,牡5,60.0,江田勇亮,3:33.1,クビ,13.9,7.0,486(+6),[東] 南田美知,202204040301
9,4,4,シャリオヴァルト,セ9,60.0,蓑島靖典,3:33.1,ハナ,61.9,11.0,464(+2),[東] 尾関知人,202204040301
10,2,2,ニンギルス,牡5,60.0,北沢伸也,3:33.4,1.1/2,33.8,10.0,450(0),[西] 鈴木孝志,202204040301
11,5,6,タガノペルマネンテ,牝5,58.0,黒岩悠,3:33.7,2,16.5,8.0,458(+12),[西] 平田修,202204040301
12,6,9,ヤマノグリッターズ,牡4,60.0,大江原圭,3:36.8,大,125.3,13.0,502(+2),[東] 嘉藤貴行,202204040301
13,6,8,タマノジュメイラ,牝6,58.0,草野太郎,3:37.0,1.1/4,93.4,12.0,482(-8),[東] 伊藤大士,202204040301
1,2,3,シゲルスナイパー,牡2,51.0,永島まな,1:55.3,,6.1,3.0,514(+6),[西] 谷潔,202204040302
2,8,15,イサイアス,牡2,52.0,角田大河,1:55.4,3/4,2.0,1.0,456(+4),[西] 吉村圭司,202204040302
3,6,11,デルマツリダシ,牡2,55.0,川須栄彦,1:55.8,2.1/2,3.5,2.0,514(+12),[西] 畑端省吾,202204040302
4,1,1,キョウエイルーマー,牡2,53.0,小林脩斗,1:56.5,4,23.9,5.0,464(+6),[東] 萱野浩二,202204040302
5,7,12,ニホンピロビート,牡2,52.0,鷲頭虎太,1:57.3,5,377.5,15.0,476(-2),[西] 服部利之,202204040302
6,6,10,アンダーザフラッグ,牡2,55.0,黛弘人,1:57.5,1.1/4,232.6,11.0,472(0),[東] 武井亮,202204040302
7,8,14,カタリナマリー,牝2,50.0,今村聖奈,1:57.6,3/4,9.9,4.0,470(+6),[西] 松永幹夫,202204040302
8,7,13,ワンダーミズ,牝2,54.0,荻野琢真,1:58.1,3,30.4,7.0,470(-4),[西] 牧田和弥,202204040302
9,2,2,アンドゥ,牡2,55.0,団野大成,1:58.2,クビ,25.3,6.0,526(0),[西] 荒川義之,202204040302
10,3,4,アクラシア,牡2,55.0,杉原誠人,1:58.5,1.3/4,57.8,8.0,466(0),[東] 高橋文雅,202204040302
11,4,7,クリノトンイ,牝2,53.0,小沢大仁,1:58.9,2.1/2,253.4,12.0,440(-6),[西] 渡辺薫彦,202204040302
12,3,5,ビネッサ,牡2,53.0,松本大輝,2:00.3,9,156.8,10.0,450(-2),[西] 中竹和也,202204040302
13,5,8,オレゴノミ,牡2,52.0,水沼元輝,2:00.4,1/2,366.2,14.0,430(-10),[東] 加藤和宏,202204040302
14,4,6,クリノダンディー,牡2,54.0,亀田温心,2:00.5,1/2,328.9,13.0,438(-2),[西] 渡辺薫彦,202204040302
15,5,9,モンテナルス,牝2,54.0,菱田裕二,2:03.0,大,103.9,9.0,430(+2),[西] 中尾秀正,202204040302
1,8,13,ストリンジェンド,牡2,52.0,角田大河,1:13.4,,1.7,1.0,470(0),[西] 音無秀孝,202204040303
2,7,11,ベアカワイコチャン,牝2,54.0,荻野琢真,1:14.1,4,79.6,7.0,462(0),[東] 杉浦宏昭,202204040303
3,1,1,ラブルパイル,牡2,53.0,横山琉人,1:14.5,2.1/2,107.9,8.0,436(+2),[東] 清水英克,202204040303
4,2,2,カガカーニバル,セ2,55.0,菊沢一樹,1:14.5,クビ,74.2,6.0,476(-6),[東] 萱野浩二,202204040303
5,8,12,ミスファイト,牝2,54.0,黛弘人,1:14.8,2,217.9,9.0,456(-4),[東] 和田雄二,202204040303
6,4,5,イナホ,牝2,54.0,勝浦正樹,1:14.8,アタマ,289.2,11.0,444(-2),[東] 小桧山悟,202204040303
7,5,7,プレジャークルーズ,牝2,54.0,西村淳也,1:14.8,ハナ,5.1,3.0,480(0),[東] 大竹正博,202204040303
8,4,4,イデアミラーグロ,牡2,55.0,丹内祐次,1:14.8,ハナ,21.3,4.0,474(-2),[東] 本間忍,202204040303
9,6,8,ミオファースト,牝2,54.0,的場勇人,1:15.1,1.1/2,299.9,12.0,430(+4),[東] 粕谷昌央,202204040303
10,3,3,サンタアナテソーロ,牝2,50.0,今村聖奈,1:15.3,1,3.5,2.0,394(0),[東] 栗田徹,202204040303
11,7,10,スマイルフレンド,牝2,53.0,秋山稔樹,1:15.3,アタマ,29.3,5.0,444(+12),[東] 本間忍,202204040303
12,5,6,イヌハワントナク,牡2,52.0,佐々木大,1:15.7,2.1/2,311.2,13.0,502(0),[東] 小笠倫弘,202204040303
13,6,9,チャスラフスカ,牝2,51.0,原優介,1:16.4,4,280.3,10.0,446(-2),[東] 小桧山悟,202204040303
1,4,4,サクセッション,セ5,60.0,石神深一,3:05.3,,7.3,4.0,522(+8),[東] 国枝栄,202204040304
2,8,10,メリディアンローグ,牡5,60.0,大江原圭,3:05.8,3,5.3,3.0,488(+4),[東] 蛯名正義,202204040304
3,1,1,プンタアレナス,セ4,60.0,蓑島靖典,3:06.0,1,2.7,1.0,464(0),[東] 古賀慎明,202204040304
4,3,3,リーガルマナー,セ5,60.0,森一馬,3:06.5,3,3.8,2.0,494(+4),[西] 四位洋文,202204040304
5,8,11,バレッティ,セ8,60.0,草野太郎,3:06.8,1.3/4,16.5,7.0,504(-4),[東] 久保田貴,202204040304
6,6,7,スヴァルナ,牡7,60.0,平沢健治,3:06.8,1/2,8.0,5.0,518(+2),[西] 池江泰寿,202204040304
7,6,6,ロンギングバース,セ4,60.0,五十嵐雄,3:08.1,8,32.7,8.0,454(-24),[東] 竹内正洋,202204040304
8,2,2,ダンツキタイ,牝3,56.0,小牧加矢,3:08.4,2,14.7,6.0,486(+12),[西] 谷潔,202204040304
9,5,5,リネンスイング,牡3,58.0,上野翔,3:08.8,2.1/2,240.2,11.0,452(+6),[東] 粕谷昌央,202204040304
10,7,9,ランドフェニックス,牡3,58.0,中村将之,3:09.2,2.1/2,193.7,10.0,486(+16),[西] 安達昭夫,202204040304
11,7,8,シンゼングレート,牡4,60.0,小野寺祐,3:13.6,大,114.8,9.0,468(+12),[西] 荒川義之,202204040304
1,3,5,フォルテース,牡2,55.0,菱田裕二,0:55.6,,3.2,1.0,442(-2),[西] 高橋亮,202204040305
2,2,3,グラスヴィガー,牡2,55.0,丹内祐次,0:56.6,6,9.2,3.0,454(-2),[東] 尾形和幸,202204040305
3,7,15,ライトブラーヴ,牡2,55.0,斎藤新,0:56.7,クビ,14.4,6.0,402(+8),[東] 斎藤誠,202204040305
4,5,10,サンガルガーノ,牡2,52.0,角田大河,0:56.7,クビ,10.9,5.0,470(-2),[東] 松山将樹,202204040305
5,4,7,マルヨクレハ,牝2,54.0,川須栄彦,0:56.9,1.1/2,51.7,10.0,484(+6),[西] 梅田智之,202204040305
6,1,1,オコジュ,牝2,54.0,岩部純二,0:57.0,クビ,80.2,14.0,434(0),[東] 中野栄治,202204040305
7,7,14,ベベ,牡2,55.0,杉原誠人,0:57.1,1/2,3.8,2.0,474(-2),[東] 武市康男,202204040305
8,8,18,レジーナルージュ,牝2,54.0,嶋田純次,0:57.3,1.1/2,15.5,7.0,436(+2),[東] 佐藤吉勝,202204040305
9,8,16,タマモガーベラ,牝2,54.0,武藤雅,0:57.4,1/2,9.8,4.0,400(+4),[東] 水野貴広,202204040305
10,6,11,カシノスターリング,牡2,53.0,松本大輝,0:57.5,1/2,30.2,9.0,460(-6),[東] 天間昭一,202204040305
11,8,17,ノーブルブラッド,牝2,54.0,井上敏樹,0:57.6,1,57.5,12.0,428(+2),[東] 武藤善則,202204040305
12,1,2,コウセイエミオト,牝2,50.0,今村聖奈,0:57.9,2,19.2,8.0,398(-2),[東] 中野栄治,202204040305
13,4,8,チャクラバーディ,牝2,54.0,黛弘人,0:58.0,クビ,131.9,16.0,422(+20),[東] 和田雄二,202204040305
14,6,12,キリシマラッキー,牡2,53.0,小林脩斗,0:58.1,3/4,55.9,11.0,440(-2),[東] 石毛善彦,202204040305
15,2,4,キーオブハート,牝2,54.0,菊沢一樹,0:58.4,1.3/4,275.6,18.0,436(-6),[東] 浅野洋一,202204040305
16,7,13,ヴェローチェ,牝2,51.0,佐々木大,0:58.7,2,89.6,15.0,404(0),[東] 高橋文雅,202204040305
17,5,9,ニジノテンシ,牝2,51.0,原優介,0:59.1,2.1/2,154.9,17.0,390(+4),[東] 蛯名利弘,202204040305
18,3,6,ディオーネ,牝2,54.0,城戸義政,1:00.0,5,76.1,13.0,430(-8),[西] 杉山佳明,202204040305
1,8,9,クラーベドラド,牡3,55.0,西村淳也,1:54.3,,16.8,7.0,488(-6),[西] 小崎憲,202204040306
2,8,10,カズカポレイ,牡4,57.0,斎藤新,1:54.5,1.1/2,4.6,3.0,508(+8),[西] 安田隆行,202204040306
3,3,3,バレストラ,牝3,49.0,古川奈穂,1:54.9,2.1/2,6.6,4.0,480(0),[西] 矢作芳人,202204040306
4,2,2,セイシェルノユウヒ,セ5,55.0,藤田菜七,1:54.9,クビ,10.2,6.0,470(+4),[東] 高橋文雅,202204040306
5,1,1,ヒデノレインボー,牡3,52.0,原優介,1:55.1,1,3.6,2.0,474(+4),[西] 梅田智之,202204040306
6,4,4,ブラッドワイルド,牡3,55.0,団野大成,1:55.2,クビ,10.2,5.0,508(+6),[西] 野中賢二,202204040306
7,6,6,スペクトログラム,牡3,53.0,松本大輝,1:55.4,1.1/2,3.5,1.0,494(+10),[西] 池江泰寿,202204040306
8,7,8,オーホンブリック,牡4,54.0,角田大河,1:56.0,3.1/2,55.4,9.0,492(-18),[西] 吉村圭司,202204040306
9,5,5,ディープクイーン,牝3,49.0,今村聖奈,1:57.0,6,17.2,8.0,376(-8),[西] 武英智,202204040306
除,7,7,レッドシリウス,牡5,54.0,鷲頭虎太,,,---,,548(+6),[西] 千田輝彦,202204040306
1,8,18,ウインバグース,牡3,51.0,永島まな,1:21.1,,4.8,1.0,474(-6),[西] 西園正都,202204040307
2,5,10,ドリアード,牝4,55.0,団野大成,1:21.2,3/4,10.6,7.0,476(0),[西] 佐々木晶,202204040307
3,7,15,レッドアヴァンティ,牡3,55.0,丸山元気,1:21.2,アタマ,7.7,3.0,468(+6),[東] 尾関知人,202204040307
4,4,8,シタン,牝3,53.0,西村淳也,1:21.3,クビ,20.7,10.0,412(+4),[西] 吉岡辰弥,202204040307
5,6,12,フローレンスハニー,牝3,49.0,今村聖奈,1:21.3,アタマ,8.4,5.0,434(+8),[西] 高柳大輔,202204040307
6,2,4,メイケイバートン,牡3,55.0,富田暁,1:21.3,ハナ,8.7,6.0,468(+12),[西] 中竹和也,202204040307
7,7,13,チャオバンビーナ,牝3,53.0,丹内祐次,1:21.5,3/4,16.1,8.0,420(+2),[西] 茶木太樹,202204040307
8,7,14,ブランデーロック,牡3,52.0,原優介,1:21.5,アタマ,5.8,2.0,464(-2),[東] 小桧山悟,202204040307
9,2,3,ヨンウォニ,牝5,52.0,水沼元輝,1:21.7,1.1/2,76.2,14.0,460(-4),[東] 伊藤伸一,202204040307
10,8,17,アランデル,セ4,57.0,菱田裕二,1:21.8,クビ,29.0,12.0,530(+10),[東] 大竹正博,202204040307
11,3,6,アドマイヤレビン,牡4,54.0,佐々木大,1:21.8,ハナ,147.8,16.0,498(+8),[東] 加藤征弘,202204040307
12,8,16,ライブインステラ,牝3,53.0,斎藤新,1:21.8,アタマ,17.8,9.0,464(0),[東] 小野次郎,202204040307
13,5,9,トロワエスポワール,牡4,57.0,柴田善臣,1:21.8,アタマ,28.6,11.0,460(-6),[東] 鹿戸雄一,202204040307
14,1,2,ラッキークローバー,牝3,50.0,角田大河,1:21.8,クビ,8.1,4.0,438(+2),[東] 田村康仁,202204040307
15,1,1,カッコヨカ,牡3,53.0,藤田菜七,1:22.1,1.1/2,100.1,15.0,462(+12),[西] 笹田和秀,202204040307
16,4,7,キャットリング,牝4,54.0,亀田温心,1:22.2,1/2,175.5,18.0,420(0),[西] 藤沢則雄,202204040307
17,3,5,シベール,牝5,53.0,小林脩斗,1:22.4,1.1/2,63.6,13.0,458(-2),[東] 久保田貴,202204040307
18,6,11,ブレーヴソウル,牡4,57.0,菊沢一樹,1:22.8,2.1/2,160.1,17.0,442(+4),[東] 村田一誠,202204040307
1,8,15,グラストンベリー,牝3,53.0,川須栄彦,1:11.1,,23.3,5.0,418(-4),[西] 藤岡健一,202204040308
2,5,9,ビーストアタック,牝3,53.0,斎藤新,1:11.2,3/4,4.2,3.0,474(+16),[西] 安田隆行,202204040308
3,1,1,キュートヘスティア,牝3,49.0,今村聖奈,1:11.7,3,3.7,2.0,444(-2),[東] 辻哲英,202204040308
4,3,5,ルプランドル,牝3,51.0,横山琉人,1:12.2,3,2.8,1.0,468(+2),[東] 萱野浩二,202204040308
5,3,4,コウソクカレン,牝4,55.0,武藤雅,1:12.4,1.1/2,44.2,13.0,494(0),[東] 中舘英二,202204040308
6,2,2,エリザベスミノル,牝3,53.0,富田暁,1:12.4,クビ,24.0,6.0,438(0),[西] 本田優,202204040308
7,2,3,ミューティー,牝5,55.0,丹内祐次,1:12.5,クビ,34.3,12.0,488(-8),[東] 石毛善彦,202204040308
8,4,6,スリールサンセール,牝3,53.0,丸山元気,1:12.8,1.3/4,28.4,9.0,460(+2),[東] 田中剛,202204040308
9,6,11,クィーンアドバンス,牝5,55.0,菊沢一樹,1:13.0,1.1/2,14.8,4.0,482(+2),[東] 勢司和浩,202204040308
10,8,14,コスミックエナジー,牝5,53.0,松本大輝,1:13.1,1/2,33.0,11.0,480(-5),[西] 高野友和,202204040308
11,7,13,コーラルティアラ,牝5,52.0,佐々木大,1:13.4,1.3/4,30.2,10.0,466(-14),[東] 和田勇介,202204040308
12,7,12,クリノヴァニラ,牝4,51.0,永島まな,1:13.5,クビ,60.2,14.0,484(-7),[西] 高橋康之,202204040308
13,5,8,アイアンフラワー,牝4,52.0,原優介,1:13.6,3/4,135.7,15.0,464(-2),[東] 南田美知,202204040308
14,4,7,シロン,牝3,52.0,小沢大仁,1:14.0,2.1/2,27.2,8.0,516(-2),[西] 高柳大輔,202204040308
15,6,10,メリトクラシー,牝3,50.0,角田大河,1:15.4,8,26.5,7.0,516(+2),[西] 武幸四郎,202204040308
1,5,9,バラジ,牡3,54.0,丹内祐次,2:14.8,,2.6,1.0,500(+8),[東] 鹿戸雄一,202204040309
2,4,8,シュトルーヴェ,牡3,54.0,菱田裕二,2:15.1,1.3/4,3.6,2.0,488(-4),[東] 堀宣行,202204040309
3,3,5,エスポワールミノル,牡5,57.0,富田暁,2:15.1,クビ,7.2,4.0,522(+6),[西] 本田優,202204040309
4,8,15,ダノンジャッカル,牡3,54.0,西村淳也,2:15.1,ハナ,4.8,3.0,452(-4),[西] 中内田充,202204040309
5,1,1,タイラーテソーロ,牡3,54.0,松本大輝,2:15.5,2.1/2,19.6,6.0,468(-6),[東] 栗田徹,202204040309
6,3,6,ノートルプロメス,牡3,54.0,団野大成,2:15.5,クビ,15.7,5.0,500(+4),[西] 四位洋文,202204040309
7,7,14,ザスリーサーティ,牡7,57.0,横山琉人,2:15.6,クビ,26.5,7.0,480(-6),[東] 尾形和幸,202204040309
8,5,10,ウインマイルート,牡3,54.0,丸山元気,2:15.7,1,32.5,8.0,436(-4),[東] 鈴木慎太,202204040309
9,4,7,ヴァイオルナ,牝3,52.0,杉原誠人,2:15.8,クビ,45.6,9.0,400(-6),[東] 中川公成,202204040309
10,6,12,レッドレジェーラ,セ4,57.0,斎藤新,2:15.9,1/2,102.8,12.0,474(+6),[東] 古賀慎明,202204040309
11,1,2,クラウンゼロ,牡4,57.0,秋山稔樹,2:16.1,1.1/2,226.4,15.0,512(+6),[東] 天間昭一,202204040309
12,6,11,リーゼントジャンボ,牡4,57.0,菊沢一樹,2:16.2,クビ,243.6,16.0,536(+7),[東] 小手川準,202204040309
13,2,3,ブロンドケリー,牡3,54.0,今村聖奈,2:16.4,1.1/4,50.6,10.0,438(-10),[西] 寺島良,202204040309
14,2,4,トピックス,牡4,57.0,黛弘人,2:16.4,クビ,210.4,14.0,472(+4),[東] 勢司和浩,202204040309
15,7,13,リュウセイグン,牡4,57.0,西村太一,2:16.8,2.1/2,168.3,13.0,510(-4),[東] 堀内岳志,202204040309
16,8,16,ニジイロノコマ,牝3,52.0,嶋田純次,2:17.1,2,98.0,11.0,474(-4),[東] 大竹正博,202204040309
1,1,1,カランドゥーラ,牡4,57.0,勝浦正樹,1:46.5,,7.9,5.0,486(-8),[東] 蛯名正義,202204040310
2,4,5,カフジアスール,牡4,57.0,角田大河,1:46.5,アタマ,4.1,2.0,480(+2),[西] 中竹和也,202204040310
3,7,10,ダイム,牝3,53.0,古川吉洋,1:46.8,1.1/2,4.4,3.0,442(-14),[西] 昆貢,202204040310
4,8,12,シーリアスラブ,牡6,57.0,泉谷楓真,1:47.0,1.1/4,47.3,10.0,468(+10),[西] 杉山佳明,202204040310
5,4,4,アラビアンナイト,牝4,55.0,丸山元気,1:47.0,アタマ,7.7,4.0,442(-2),[東] 田村康仁,202204040310
6,7,11,マイネルダグラス,牡4,57.0,丹内祐次,1:47.1,1/2,18.8,7.0,508(+12),[東] 相沢郁,202204040310
7,5,7,ケンアンビシャス,牡4,57.0,亀田温心,1:47.1,クビ,61.0,12.0,466(-8),[東] 久保田貴,202204040310
8,3,3,アップデート,牡3,55.0,西村淳也,1:47.2,クビ,3.8,1.0,504(0),[西] 杉山晴紀,202204040310
9,5,6,トライフォーリアル,セ5,57.0,武藤雅,1:47.3,1/2,19.6,8.0,494(+6),[東] 萩原清,202204040310
10,8,13,マリノソフィア,牝5,55.0,黛弘人,1:47.5,1.1/4,13.4,6.0,462(+4),[東] 奥平雅士,202204040310
11,6,9,ウインアルカンナ,牝5,55.0,菊沢一樹,1:47.8,2,40.8,9.0,470(-6),[東] 武市康男,202204040310
12,6,8,ダンツイノーバ,牝5,55.0,菱田裕二,1:48.0,3/4,63.0,13.0,470(0),[西] 谷潔,202204040310
13,2,2,イルヴェントデーア,牝6,55.0,秋山稔樹,1:48.2,1.1/2,55.3,11.0,462(-10),[東] 金成貴史,202204040310
1,6,10,ルピナスリード,牝3,52.0,団野大成,1:08.6,,4.4,2.0,456(0),[西] 吉岡辰弥,202204040311
2,5,8,スンリ,牝4,52.0,西村淳也,1:08.6,クビ,7.5,4.0,488(+4),[西] 清水久詞,202204040311
3,2,2,ブレスレスリー,牝3,53.0,富田暁,1:08.9,1.1/2,3.1,1.0,460(0),[西] 藤岡健一,202204040311
4,5,7,ファイアダンサー,牝4,53.0,丹内祐次,1:08.9,クビ,8.7,5.0,454(+4),[東] 鈴木慎太,202204040311
5,8,13,シュアーヴアリア,牝4,54.0,勝浦正樹,1:08.9,アタマ,14.6,6.0,490(+4),[東] 高橋裕,202204040311
6,3,4,エイシンスポッター,牡3,54.0,角田大河,1:08.9,アタマ,5.3,3.0,500(+12),[西] 吉村圭司,202204040311
7,6,9,オシリスブレイン,牡5,54.0,菊沢一樹,1:09.1,1.1/4,29.1,8.0,494(-2),[東] 田村康仁,202204040311
8,4,5,ショウナンアリアナ,牝6,52.0,松本大輝,1:09.2,クビ,65.2,14.0,456(+12),[西] 高野友和,202204040311
9,8,14,フミロア,牝4,52.0,秋山稔樹,1:09.2,クビ,46.4,12.0,456(0),[東] 黒岩陽一,202204040311
10,7,11,ロジーナ,牝5,53.0,斎藤新,1:09.2,ハナ,34.9,10.0,474(+2),[西] 佐々木晶,202204040311
11,3,3,ジョニーズララバイ,牡6,55.0,泉谷楓真,1:09.3,クビ,42.6,11.0,474(+22),[西] 音無秀孝,202204040311
12,4,6,スイーツマジック,牝4,52.0,黛弘人,1:09.6,1.3/4,63.3,13.0,468(-10),[東] 佐藤吉勝,202204040311
13,7,12,ララクリュサオル,牡6,56.0,中井裕二,1:09.7,1/2,29.8,9.0,504(-4),[西] 辻野泰之,202204040311
14,1,1,テーオーマルクス,牡5,54.0,古川吉洋,1:10.0,2,25.3,7.0,500(+4),[西] 宮徹,202204040311
1,4,5,スカイナイル,牝4,51.0,今村聖奈,1:11.9,,5.0,2.0,496(+8),[西] 牧浦充徳,202204040312
2,6,8,ゼットノヴァ,牡3,55.0,菱田裕二,1:12.1,1.1/4,1.9,1.0,448(+18),[西] 吉田直弘,202204040312
3,1,1,エコロブラスト,牡4,54.0,原優介,1:12.1,クビ,18.8,7.0,502(-4),[東] 矢野英一,202204040312
4,7,11,アーサーテソーロ,牡3,55.0,富田暁,1:12.3,3/4,6.1,3.0,526(0),[東] 栗田徹,202204040312
5,2,2,ヤンチャプリヒメ,牝6,53.0,小林凌大,1:12.3,ハナ,161.2,11.0,452(-6),[東] 浅野洋一,202204040312
6,5,6,ヨシオドライヴ,牡5,57.0,菊沢一樹,1:12.4,クビ,42.8,8.0,498(-6),[東] 清水英克,202204040312
7,8,13,ヴァンデリオン,牡5,57.0,丸山元気,1:12.4,クビ,18.0,5.0,484(-14),[東] 根本康広,202204040312
8,4,4,カリュウ,牝3,53.0,武藤雅,1:13.0,3.1/2,6.4,4.0,430(0),[東] 田島俊明,202204040312
9,3,3,カツノサンキュウ,牡4,57.0,黛弘人,1:13.0,アタマ,45.2,9.0,484(+6),[東] 萱野浩二,202204040312
10,5,7,マグナムハート,牡4,56.0,秋山稔樹,1:13.1,クビ,141.4,10.0,510(+2),[東] 浅野洋一,202204040312
11,6,9,ケプチャン,牡4,57.0,杉原誠人,1:13.5,2.1/2,307.6,13.0,484(-4),[東] 石毛善彦,202204040312
12,8,12,ベアグッジョブ,牡3,55.0,丹内祐次,1:13.6,1/2,18.6,6.0,496(+6),[東] 杉浦宏昭,202204040312
13,7,10,クリノハニー,牝3,53.0,的場勇人,1:13.9,1.1/2,217.9,12.0,444(-3),[東] 的場均,202204040312
1,7,10,オメガリッチマン,牡2,53.0,松本大輝,1:47.1,,8.2,4.0,434(0),[西] 安田翔伍,202204040401
2,4,5,ガルヴァナイズ,牡2,51.0,今村聖奈,1:47.1,クビ,2.8,1.0,484(0),[西] 友道康夫,202204040401
3,3,3,サヴォーナ,牡2,55.0,和田竜二,1:47.5,2.1/2,10.4,5.0,518(+4),[西] 中竹和也,202204040401
4,1,1,アマイ,牝2,54.0,杉原誠人,1:48.2,4,55.5,10.0,440(-4),[東] 大江原哲,202204040401
5,8,12,サクセスバラード,牡2,55.0,木幡初也,1:48.2,クビ,5.4,3.0,448(+6),[東] 竹内正洋,202204040401
6,5,6,ナムラダリウス,牡2,55.0,団野大成,1:48.6,2.1/2,44.3,9.0,464(+6),[西] 荒川義之,202204040401
7,6,9,ノイアーターク,セ2,55.0,斎藤新,1:48.7,クビ,19.3,7.0,452(-4),[西] 安田隆行,202204040401
8,8,13,ピーエムギャレット,牝2,54.0,菱田裕二,1:48.8,1/2,14.3,6.0,452(0),[東] 和田正一,202204040401
9,5,7,エイチエヌバンピー,牡2,55.0,勝浦正樹,1:49.0,1.1/4,257.4,12.0,436(+2),[東] 小桧山悟,202204040401
10,6,8,トーセンアウローラ,牡2,55.0,荻野極,1:49.4,2.1/2,4.1,2.0,446(-6),[東] 尾形和幸,202204040401
11,2,2,スウィフトアロー,牝2,51.0,原優介,1:49.9,3,187.0,11.0,480(+4),[東] 戸田博文,202204040401
12,4,4,ワンダーミズキ,牡2,51.0,永島まな,1:49.9,ハナ,38.4,8.0,394(+4),[西] 高柳大輔,202204040401
13,7,11,キラールージュ,牝2,51.0,水沼元輝,1:54.1,大,391.8,13.0,420(+4),[東] 粕谷昌央,202204040401
1,3,5,フェステスバント,牝2,50.0,今村聖奈,1:34.4,,4.3,2.0,400(+6),[西] 藤岡健一,202204040402
2,5,9,オルノア,牝2,54.0,菱田裕二,1:35.0,3.1/2,8.0,4.0,494(+2),[西] 新谷功一,202204040402
3,1,1,メテオリート,牝2,54.0,西村淳也,1:35.0,アタマ,2.5,1.0,492(+8),[西] 吉岡辰弥,202204040402
4,3,4,サンフェリーチェ,牝2,54.0,武藤雅,1:35.4,2.1/2,68.9,10.0,426(-16),[東] 武藤善則,202204040402
5,8,15,ジョーシーゲル,牝2,53.0,小沢大仁,1:35.5,1/2,30.8,8.0,474(0),[西] 松下武士,202204040402
6,8,14,サトノキャサリン,牝2,54.0,斎藤新,1:35.6,クビ,15.4,6.0,424(+4),[西] 吉村圭司,202204040402
7,4,7,レジーナローズ,牝2,52.0,横山琉人,1:35.6,クビ,208.9,14.0,432(-2),[東] 鈴木慎太,202204040402
8,4,6,スノーファンタジー,牝2,52.0,松本大輝,1:35.7,クビ,10.4,5.0,454(+6),[西] 安田翔伍,202204040402
9,7,12,ネオアリシア,牝2,54.0,和田竜二,1:35.8,3/4,7.3,3.0,418(-4),[西] 杉山晴紀,202204040402
10,7,13,ユアフラッシュ,牝2,54.0,団野大成,1:36.2,2.1/2,43.5,9.0,436(+22),[西] 辻野泰之,202204040402
11,6,10,エメイヴェイモン,牝2,54.0,荻野極,1:36.6,2.1/2,104.4,11.0,498(+4),[西] 中竹和也,202204040402
12,5,8,ドナビスケット,牝2,50.0,永島まな,1:36.7,アタマ,155.2,13.0,424(+2),[西] 牧浦充徳,202204040402
13,2,3,ランスノーブル,牝2,53.0,秋山稔樹,1:37.0,1.3/4,126.1,12.0,442(0),[東] 上原博之,202204040402
14,6,11,ケイティベガ,牝2,54.0,川須栄彦,1:37.6,3.1/2,19.5,7.0,408(+12),[西] 村山明,202204040402
15,2,2,ゴレイジョウ,牝2,51.0,原優介,1:38.0,2.1/2,224.7,15.0,442(-6),[東] 小桧山悟,202204040402
1,5,5,シュルレアリスト,牡4,57.0,和田竜二,1:54.7,,10.1,5.0,440(+8),[西] 中村直也,202204040403
2,8,10,ケイティレインボー,牡3,55.0,城戸義政,1:55.2,3,3.8,2.0,486(+12),[西] 杉山佳明,202204040403
3,2,2,ナムラスワガー,牡4,57.0,団野大成,1:55.2,ハナ,57.3,7.0,490(+2),[西] 荒川義之,202204040403
4,7,7,クラップサンダー,牡3,51.0,今村聖奈,1:55.7,3,4.5,3.0,452(-2),[西] 五十嵐忠,202204040403
5,6,6,セザンテイオー,牡4,57.0,菱田裕二,1:55.7,ハナ,16.3,6.0,504(-4),[東] 浅野洋一,202204040403
6,4,4,オルガンザ,牡5,57.0,荻野極,1:55.7,ハナ,155.3,9.0,552(+1),[東] 堀内岳志,202204040403
7,3,3,リトルポピー,牝3,53.0,武藤雅,1:56.2,3,2.4,1.0,464(-2),[東] 奥村武,202204040403
8,7,8,ムーンオブバローダ,牡6,54.0,鷲頭虎太,1:56.4,1.1/2,65.8,8.0,494(-10),[西] 坂口智康,202204040403
9,8,9,ブリヨンカズマ,牡3,53.0,松本大輝,1:57.4,6,268.1,10.0,520(+14),[西] 高柳大輔,202204040403
10,1,1,アーバンデザイン,牡3,55.0,西村淳也,1:57.4,ハナ,6.1,4.0,520(+2),[東] 和田雄二,202204040403
1,8,13,アンブロジオ,セ7,60.0,石神深一,3:08.4,,2.0,1.0,462(+2),[東] 菊沢隆徳,202204040404
2,8,12,イベリア,牡7,60.0,北沢伸也,3:09.4,6,17.9,4.0,510(+18),[西] 橋田満,202204040404
3,4,4,トーセンオリジン,牡5,60.0,上野翔,3:09.4,クビ,27.5,8.0,448(0),[東] 和田雄二,202204040404
4,1,1,マイネルグロース,牡4,60.0,草野太郎,3:09.6,1.1/4,18.5,6.0,466(+6),[東] 金成貴史,202204040404
5,7,10,モルタル,セ5,57.0,小牧加矢,3:09.7,クビ,2.9,2.0,466(-2),[東] 加藤征弘,202204040404
6,3,3,ホウオウカトリーヌ,牝6,58.0,蓑島靖典,3:09.7,クビ,122.4,12.0,490(+2),[東] 加藤和宏,202204040404
7,5,7,ヴァレッタカズマ,牡3,58.0,平沢健治,3:09.7,アタマ,19.1,7.0,506(+10),[西] 安田隆行,202204040404
8,7,11,ユーベルント,牝4,58.0,西村太一,3:11.4,10,87.9,11.0,446(+4),[東] 堀内岳志,202204040404
9,5,6,ニホンピロマドン,牡7,60.0,中村将之,3:11.5,1/2,27.7,9.0,528(+6),[西] 服部利之,202204040404
10,2,2,リーブルミノル,牡4,60.0,森一馬,3:12.4,5,18.4,5.0,478(+2),[西] 本田優,202204040404
11,6,8,スマートルミエール,牡5,60.0,五十嵐雄,3:12.6,1,73.0,10.0,448(-4),[東] 高橋文雅,202204040404
12,4,5,サマーサプライズ,牡8,60.0,小野寺祐,3:16.3,大,10.5,3.0,468(+4),[西] 宮本博,202204040404
13,6,9,ドリームウィーバー,牡4,60.0,江田勇亮,3:20.9,大,297.9,13.0,486(+4),[東] 伊藤伸一,202204040404
1,5,9,バンブーグローブ,牡2,55.0,斎藤新,1:56.9,,6.5,3.0,490(0),[東] 斎藤誠,202204040405
2,3,5,スペシャリスト,牝2,54.0,嶋田純次,1:56.9,アタマ,3.0,1.0,454(0),[東] 手塚貴久,202204040405
3,5,8,アルムエアフォルク,牝2,50.0,永島まな,1:57.2,2,7.6,4.0,470(0),[西] 平田修,202204040405
4,6,11,フラッパールック,牝2,51.0,佐々木大,1:57.6,2.1/2,6.0,2.0,452(0),[東] 林徹,202204040405
5,8,14,マイネルボンバー,牡2,55.0,武藤雅,1:58.3,4,18.8,7.0,460(0),[東] 武藤善則,202204040405
6,4,7,エリンアキレウス,牡2,55.0,丸田恭介,1:58.5,3/4,92.8,15.0,526(0),[東] 浅野洋一,202204040405
7,3,4,サンライズプラーナ,牡2,55.0,菱田裕二,1:58.5,1/2,14.8,6.0,540(0),[西] 牧浦充徳,202204040405
8,4,6,トキノヤマト,牡2,55.0,荻野極,1:58.7,1.1/2,21.7,8.0,480(0),[東] 田村康仁,202204040405
9,6,10,クラウンローゼン,牡2,53.0,小林脩斗,1:59.2,2.1/2,86.2,14.0,462(0),[東] 奥平雅士,202204040405
10,8,15,ヴォランテ,牡2,55.0,丸山元気,1:59.2,クビ,25.7,9.0,462(0),[西] 羽月友彦,202204040405
11,2,3,コーディネイター,牡2,55.0,川須栄彦,1:59.6,2.1/2,26.9,10.0,456(0),[西] 中尾秀正,202204040405
12,1,1,ブライトノート,牝2,53.0,小沢大仁,2:00.2,3.1/2,51.3,11.0,454(0),[西] 羽月友彦,202204040405
13,2,2,コスモシャンソン,牡2,52.0,原優介,2:01.3,7,69.9,12.0,438(0),[東] 大和田成,202204040405
14,7,12,グランキューブ,牡2,55.0,和田竜二,2:01.8,3,9.9,5.0,474(0),[東] 高柳瑞樹,202204040405
15,7,13,ピックアップライン,牡2,53.0,横山琉人,2:04.8,大,84.5,13.0,506(0),[東] 田中剛,202204040405
1,1,1,フィールシンパシー,牝3,51.0,横山琉人,1:48.0,,6.4,3.0,436(-10),[東] 小島茂之,202204040406
2,4,5,ロマンシングブルー,牝3,53.0,西村淳也,1:48.1,1/2,2.0,1.0,466(+2),[西] 渡辺薫彦,202204040406
3,2,2,セラフィナイト,牡4,57.0,丸山元気,1:48.2,1/2,11.2,5.0,444(0),[東] 宮田敬介,202204040406
4,6,8,マイネルデステリョ,牡5,57.0,和田竜二,1:48.3,1/2,37.4,9.0,454(0),[東] 畠山吉宏,202204040406
5,8,12,オーダーナチュラル,牡3,55.0,菱田裕二,1:48.3,1/2,17.4,6.0,458(+16),[西] 高橋亮,202204040406
6,7,11,ドラミモン,牡4,53.0,今村聖奈,1:48.5,3/4,4.7,2.0,450(0),[東] 田村康仁,202204040406
7,4,4,スプレッドアウト,牡3,55.0,武藤雅,1:48.5,クビ,10.1,4.0,504(+2),[東] 田村康仁,202204040406
8,5,6,ウナギノボリ,牡3,51.0,永島まな,1:48.6,1/2,27.2,8.0,472(+12),[西] 音無秀孝,202204040406
9,5,7,エンパイアウエスト,牝3,53.0,荻野極,1:48.7,1,19.4,7.0,482(-8),[東] 黒岩陽一,202204040406
10,6,9,ルヴァンノワール,牝4,53.0,藤田菜七,1:49.1,2.1/2,66.2,10.0,440(+4),[西] 庄野靖志,202204040406
11,8,13,ロッタチャンセズ,牝5,52.0,佐々木大,1:50.0,5,112.5,11.0,406(+4),[東] 堀宣行,202204040406
12,7,10,クトゥネシリカ,牡3,54.0,秋山稔樹,1:50.4,2.1/2,239.9,12.0,414(0),[東] 堀内岳志,202204040406
13,3,3,コアレスロング,牝4,55.0,斎藤新,1:51.9,9,359.8,13.0,470(0),[東] 小野次郎,202204040406
1,6,10,オンザダブル,牡3,55.0,団野大成,1:12.1,,4.0,2.0,524(+16),[西] 池添学,202204040407
2,4,7,ケイティソルジャー,牡3,52.0,大久保友,1:12.3,1.1/4,31.8,9.0,504(-1),[西] 村山明,202204040407
3,6,11,トーアスカーレット,牝3,53.0,菊沢一樹,1:12.6,1.3/4,12.6,4.0,484(+4),[東] 勢司和浩,202204040407
4,7,13,ボルタドマール,牡3,54.0,秋山稔樹,1:12.9,1.3/4,4.0,3.0,514(+6),[東] 黒岩陽一,202204040407
5,4,6,カフェベラノッテ,牡3,53.0,小林脩斗,1:12.9,クビ,13.5,5.0,458(-2),[東] 中舘英二,202204040407
6,3,4,アザル,牝4,51.0,永島まな,1:13.2,1.3/4,74.9,10.0,440(-6),[西] 本田優,202204040407
7,3,5,ビップアクア,牝3,50.0,鷲頭虎太,1:13.2,ハナ,127.8,12.0,440(+2),[東] 田島俊明,202204040407
8,2,2,タマダイヤモンド,牝4,53.0,横山琉人,1:13.2,ハナ,25.1,7.0,500(+16),[東] 相沢郁,202204040407
9,8,15,クラウンシューター,牡3,55.0,武藤雅,1:13.3,1/2,131.4,13.0,488(+16),[東] 武藤善則,202204040407
10,5,9,エクロール,牝3,49.0,今村聖奈,1:13.6,1.3/4,2.4,1.0,440(+8),[西] 長谷川浩,202204040407
11,8,14,ハイレリーフ,牝4,52.0,佐々木大,1:14.0,2.1/2,124.2,11.0,454(-16),[東] 菊川正達,202204040407
12,5,8,ブルックレット,牝3,52.0,亀田温心,1:14.1,クビ,236.1,15.0,450(-6),[西] 北出成人,202204040407
13,1,1,クリノパイソン,セ4,55.0,松本大輝,1:14.3,1,162.8,14.0,480(+4),[東] 蛯名利弘,202204040407
14,7,12,アスクドンキバック,牡4,54.0,原優介,1:14.3,ハナ,21.1,6.0,466(+10),[西] 梅田智之,202204040407
15,2,3,エルメニア,牝3,52.0,小沢大仁,1:15.2,5,28.1,8.0,444(+6),[西] 吉田直弘,202204040407
1,1,1,プロミストウォリア,牡5,53.0,今村聖奈,1:52.4,,3.0,2.0,528(-2),[西] 野中賢二,202204040408
2,8,11,タケルジャック,牡4,54.0,原優介,1:53.2,5,101.0,11.0,458(0),[東] 小桧山悟,202204040408
3,2,2,コンテナジュニア,牡4,57.0,西村淳也,1:53.7,3,8.1,4.0,520(-10),[西] 牧浦充徳,202204040408
4,8,10,アイアムイチリュウ,牡5,57.0,岩部純二,1:53.8,1/2,8.1,3.0,514(+2),[東] 奥平雅士,202204040408
5,6,7,クルル,牡3,52.0,佐々木大,1:54.1,1.3/4,34.1,8.0,484(+2),[東] 大江原哲,202204040408
6,6,6,レイクリエイター,牡4,57.0,団野大成,1:54.8,4,12.3,6.0,466(-14),[西] 浜田多実,202204040408
7,4,4,サーティファイド,牡3,55.0,斎藤新,1:55.0,1.1/4,49.1,10.0,480(+10),[西] 鮫島一歩,202204040408
8,3,3,サクセスエース,牡4,57.0,木幡初也,1:55.1,1/2,45.0,9.0,494(+10),[東] 竹内正洋,202204040408
9,5,5,ヨロシオスナ,牡4,53.0,永島まな,1:56.2,7,9.6,5.0,504(+6),[西] 角田晃一,202204040408
10,7,9,アクロビンジャー,牡3,55.0,菱田裕二,1:56.4,1.1/4,15.1,7.0,452(0),[東] 戸田博文,202204040408
11,7,8,サンライズエース,牡3,55.0,和田竜二,1:56.9,3,2.9,1.0,496(+4),[西] 河内洋,202204040408
1,8,15,タイゲン,牡3,55.0,和田竜二,1:36.0,,2.5,1.0,468(0),[西] 平田修,202204040409
2,6,11,ゴルトファルベン,牡5,57.0,松本大輝,1:36.0,クビ,68.7,15.0,500(+8),[西] 吉村圭司,202204040409
3,2,3,バトルキャット,牝3,53.0,西村淳也,1:36.2,1,10.3,4.0,486(+20),[西] 杉山晴紀,202204040409
4,3,6,ジャマン,牝3,53.0,永島まな,1:36.3,クビ,7.9,2.0,488(+8),[西] 高橋康之,202204040409
5,5,9,カンパーニャ,牡6,57.0,丸山元気,1:36.3,アタマ,39.8,12.0,468(+6),[東] 畠山吉宏,202204040409
6,6,12,デルマグレムリン,牡3,55.0,荻野極,1:36.4,クビ,11.4,5.0,448(+4),[西] 五十嵐忠,202204040409
7,1,1,レオンバローズ,牡3,55.0,団野大成,1:36.4,ハナ,9.2,3.0,476(+18),[西] 渡辺薫彦,202204040409
8,5,10,セブンフォールド,牡4,57.0,秋山稔樹,1:36.4,クビ,12.4,7.0,444(-2),[東] 黒岩陽一,202204040409
9,7,13,レディアリエス,牝4,55.0,斎藤新,1:36.5,クビ,12.5,8.0,484(-8),[西] 橋口慎介,202204040409
10,7,14,ダイリュウブラック,牡3,55.0,荻野琢真,1:36.8,2,34.0,11.0,448(+9),[西] 梅田智之,202204040409
11,8,16,オルテール,牡5,57.0,勝浦正樹,1:36.8,クビ,12.1,6.0,514(0),[東] 西田雄一,202204040409
12,4,8,ローズパルファン,牝5,55.0,藤田菜七,1:36.9,クビ,70.6,16.0,438(+4),[東] 田中剛,202204040409
13,1,2,コイニオチテ,牡3,55.0,菱田裕二,1:37.1,1.1/4,33.1,10.0,500(-4),[西] 森秀行,202204040409
14,3,5,オラコモエスタス,牡5,57.0,丸田恭介,1:37.3,1.1/4,49.9,13.0,506(-8),[東] 伊藤大士,202204040409
15,4,7,アルジェントステラ,牝4,55.0,武藤雅,1:37.3,ハナ,23.0,9.0,440(-4),[東] 和田正一,202204040409
16,2,4,レッドカムイ,牡4,57.0,古川吉洋,1:37.4,クビ,57.7,14.0,540(-2),[東] 嘉藤貴行,202204040409
1,7,13,アイスリアン,牝4,55.0,菱田裕二,1:12.8,,6.3,4.0,472(-4),[西] 高柳大輔,202204040410
2,6,11,アルファマム,牝3,53.0,団野大成,1:12.9,1/2,2.5,1.0,462(+2),[西] 佐々木晶,202204040410
3,6,10,ポピュラーソング,牝5,55.0,丸山元気,1:13.0,1/2,130.1,14.0,448(0),[東] 土田稔,202204040410
4,5,8,ナックドロップス,牝3,53.0,勝浦正樹,1:13.0,ハナ,26.1,9.0,456(0),[東] 杉浦宏昭,202204040410
5,7,12,ウェーブメジャー,牡4,57.0,川須栄彦,1:13.2,1.1/4,48.4,12.0,480(+8),[西] 中尾秀正,202204040410
6,4,7,スウィートプロミス,牝3,53.0,武藤雅,1:13.4,1.1/2,6.1,3.0,470(-2),[東] 尾関知人,202204040410
7,3,4,コーリングローリー,牡5,57.0,斎藤新,1:13.4,ハナ,26.1,8.0,460(-2),[東] 小野次郎,202204040410
8,2,3,テオドラ,牝4,55.0,横山琉人,1:13.5,クビ,76.8,13.0,478(0),[西] 北出成人,202204040410
9,4,6,エーアイダンサー,牝4,55.0,菊沢一樹,1:13.6,1,42.2,11.0,426(-10),[東] 畠山吉宏,202204040410
10,8,14,スンヌンタイ,牝3,53.0,荻野極,1:13.7,クビ,11.8,5.0,500(+4),[東] 岩戸孝樹,202204040410
11,1,1,ロープスピニング,牝3,53.0,小林脩斗,1:13.8,1/2,20.9,7.0,434(+12),[東] 武藤善則,202204040410
12,3,5,ゴールデンプルーフ,牝4,55.0,西村淳也,1:13.9,1/2,33.0,10.0,494(+2),[西] 羽月友彦,202204040410
13,8,15,サクセスリボーン,牡5,57.0,亀田温心,1:14.1,1,17.3,6.0,510(+4),[西] 北出成人,202204040410
14,5,9,トリッチトラッチ,牝5,55.0,丸田恭介,1:14.5,2.1/2,148.7,15.0,444(+6),[東] 清水英克,202204040410
15,2,2,テンクウフラワー,牝3,53.0,和田竜二,1:17.7,大,5.7,2.0,424(+8),[西] 渡辺薫彦,202204040410
1,4,6,ホウオウエミーズ,牝5,54.0,西村淳也,2:14.5,,21.5,8.0,448(0),[東] 池上昌和,202204040411
2,8,13,ホウオウイクセル,牝4,55.0,丸田恭介,2:14.6,3/4,11.8,6.0,444(0),[東] 高柳瑞樹,202204040411
3,2,2,ストリクトコード,牝5,54.0,和田竜二,2:14.8,1.1/4,8.2,5.0,456(-4),[西] 庄野靖志,202204040411
4,3,4,コトブキテティス,牝5,54.0,武藤雅,2:14.9,クビ,57.1,13.0,444(0),[東] 田島俊明,202204040411
5,8,14,エヴァーガーデン,牝5,54.0,丸山元気,2:14.9,クビ,12.3,7.0,490(+4),[東] 深山雅史,202204040411
6,6,9,エイシンチラー,牝4,54.0,荻野極,2:14.9,クビ,23.5,9.0,486(+12),[東] 田中剛,202204040411
7,3,3,ソフトフルート,牝5,54.0,菱田裕二,2:15.0,クビ,3.7,1.0,502(+18),[西] 斉藤崇史,202204040411
8,4,5,アインゲーブング,牝4,54.0,斎藤新,2:15.0,クビ,43.1,11.0,444(-8),[東] 黒岩陽一,202204040411
9,6,10,アイコンテーラー,牝4,54.0,亀田温心,2:15.2,1,5.7,3.0,464(-6),[西] 河内洋,202204040411
9,7,11,シャムロックヒル,牝5,55.0,団野大成,2:15.2,同着,32.3,10.0,510(+4),[西] 佐々木晶,202204040411
11,5,8,エリオトローピオ,牝3,51.0,川須栄彦,2:15.3,1/2,7.0,4.0,416(+14),[東] 深山雅史,202204040411
12,7,12,ニシノラブウインク,牝3,51.0,藤田菜七,2:15.3,クビ,5.2,2.0,468(+6),[東] 小手川準,202204040411
13,1,1,サンクテュエール,牝5,55.0,杉原誠人,2:16.2,5,50.4,12.0,480(+2),[東] 田中博康,202204040411
14,5,7,ロザムール,牝6,55.0,菊沢一樹,2:16.6,2.1/2,66.2,14.0,502(+2),[東] 上原博之,202204040411
1,8,15,ディアナグラン,牝4,53.0,藤田菜七,0:55.9,,3.8,2.0,492(+12),[東] 大竹正博,202204040412
2,7,13,モメチョッタ,牝6,55.0,城戸義政,0:56.1,1.1/4,16.0,6.0,468(0),[東] 石毛善彦,202204040412
3,6,10,テセウス,牡4,57.0,杉原誠人,0:56.1,ハナ,3.5,1.0,452(+8),[東] 奥平雅士,202204040412
4,2,3,テンジュイン,牝5,55.0,和田竜二,0:56.1,アタマ,29.7,10.0,458(+2),[西] 千田輝彦,202204040412
5,8,14,メルテッドハニー,牝5,55.0,菱田裕二,0:56.2,3/4,14.1,5.0,402(-8),[東] 浅野洋一,202204040412
6,2,2,ユイノダンディズム,牡4,53.0,今村聖奈,0:56.3,クビ,16.8,7.0,472(0),[東] 竹内正洋,202204040412
7,4,6,ショウナンタイジュ,牡3,53.0,松本大輝,0:56.3,アタマ,4.9,3.0,474(-6),[東] 嘉藤貴行,202204040412
8,1,1,ラインアルテア,牡3,55.0,武藤雅,0:56.6,2,115.5,14.0,452(-8),[東] 武藤善則,202204040412
9,3,4,スイーツビュッフェ,牝6,55.0,菊沢一樹,0:57.0,2,32.3,11.0,504(+2),[東] 西田雄一,202204040412
10,5,9,エシェロン,牡3,52.0,水沼元輝,0:57.2,1.1/2,91.4,13.0,472(0),[東] 南田美知,202204040412
11,6,11,ファイティング,セ5,57.0,岩部純二,0:57.3,クビ,26.1,8.0,496(+6),[東] 石毛善彦,202204040412
12,7,12,イナズマテーラー,セ4,56.0,小沢大仁,0:57.4,1,37.3,12.0,454(0),[西] 飯田雄三,202204040412
13,3,5,イールテソーロ,牝3,50.0,原優介,0:57.6,1,27.8,9.0,480(+18),[東] 加藤和宏,202204040412
14,4,7,リュッカ,牝5,55.0,西村淳也,0:58.2,3.1/2,8.2,4.0,428(+8),[東] 鈴木伸尋,202204040412
15,5,8,ドラゴンズアイ,牝3,53.0,井上敏樹,0:58.8,3.1/2,201.0,15.0,454(0),[東] 天間昭一,202204040412
1,5,5,ロードシャムロック,牡5,60.0,西谷誠,3:09.3,,2.9,2.0,508(-6),[西] 中内田充,202204040501
2,7,9,トップウイナー,牡6,60.0,中村将之,3:09.6,2,1.8,1.0,478(+6),[西] 鈴木孝志,202204040501
3,4,4,ヤップヤップヤップ,牡6,60.0,江田勇亮,3:09.8,1,13.9,4.0,468(0),[東] 宗像義忠,202204040501
4,6,8,コウソクスピード,セ5,60.0,石神深一,3:10.1,1.3/4,27.2,6.0,520(+2),[東] 中舘英二,202204040501
5,1,1,トーセンインパルス,牡4,60.0,五十嵐雄,3:10.1,クビ,22.4,5.0,496(+8),[東] 池上昌和,202204040501
6,8,11,モーニングアヤメ,牝4,58.0,蓑島靖典,3:11.2,7,31.8,7.0,446(0),[東] 浅野洋一,202204040501
7,2,2,メイショウキョウジ,牡7,60.0,森一馬,3:12.1,5,9.9,3.0,480(+8),[西] 松永昌博,202204040501
8,6,7,フェブキラナ,セ4,57.0,小牧加矢,3:12.2,3/4,53.4,10.0,462(+10),[西] 川村禎彦,202204040501
9,5,6,ロッソモラーレ,牡5,60.0,上野翔,3:14.0,大,38.5,8.0,474(0),[東] 清水英克,202204040501
10,7,10,シゲルリジ,牝4,58.0,小野寺祐,3:14.8,5,43.6,9.0,460(-6),[西] 五十嵐忠,202204040501
11,3,3,アップフルーク,牡3,58.0,草野太郎,3:25.3,大,187.6,12.0,500(+10),[東] 松山将樹,202204040501
中,8,12,イントロバート,牝3,56.0,大江原圭,,,107.0,11.0,488(+6),[東] 的場均,202204040501
1,6,8,シリンガバルガリス,牡2,55.0,西村淳也,1:57.1,,9.5,3.0,480(-4),[西] 松永幹夫,202204040502
2,6,7,モーメントキャッチ,牡2,51.0,今村聖奈,1:57.4,2,2.3,2.0,502(+2),[東] 武井亮,202204040502
3,3,3,レッドマグナス,牡2,55.0,岡田祥嗣,1:57.5,クビ,19.3,6.0,486(+8),[西] 藤原英昭,202204040502
4,2,2,ヨシイチ,牡2,55.0,杉原誠人,1:58.1,3.1/2,156.5,9.0,494(0),[東] 高柳瑞樹,202204040502
5,8,11,メイショウコジロウ,牡2,55.0,荻野極,1:58.4,2,2.2,1.0,498(+6),[西] 本田優,202204040502
6,8,12,ヴァークスティ,牡2,53.0,横山琉人,1:58.4,ハナ,64.1,7.0,454(+2),[東] 相沢郁,202204040502
7,7,9,メイショウヤッコ,牡2,55.0,富田暁,1:58.8,2.1/2,255.4,10.0,478(-8),[西] 木原一良,202204040502
8,4,4,コウユーオモイノセ,牡2,55.0,団野大成,1:59.1,1.3/4,14.2,4.0,476(-2),[西] 斉藤崇史,202204040502
9,5,5,アクションプラン,牡2,54.0,秋山稔樹,1:59.5,2.1/2,15.8,5.0,492(-4),[東] 池上昌和,202204040502
10,1,1,トーセンサクセス,牡2,53.0,小林凌大,1:59.6,クビ,77.1,8.0,476(0),[東] 土田稔,202204040502
11,5,6,マテンロウブルース,牡2,53.0,小林脩斗,2:01.1,9,405.3,11.0,446(0),[東] 大江原哲,202204040502
除,7,10,レイズザリミッツ,牡2,55.0,菊沢一樹,,,---,,480(+6),[西] 寺島良,202204040502
1,7,12,ミレヴィーナス,牝3,49.0,今村聖奈,1:11.5,,1.7,1.0,442(+6),[西] 茶木太樹,202204040503
2,4,5,フィーカ,牝3,50.0,原優介,1:11.7,1.1/4,35.4,9.0,476(0),[東] 矢野英一,202204040503
3,3,4,サクラファシナンテ,牝4,55.0,黛弘人,1:11.9,1.1/4,12.1,3.0,520(-26),[東] 尾関知人,202204040503
4,7,11,アタカンテ,牝3,50.0,鷲頭虎太,1:12.1,1.1/4,14.1,5.0,504(-6),[西] 藤原英昭,202204040503
5,2,2,アカザ,牝3,53.0,丹内祐次,1:12.1,クビ,13.5,4.0,436(0),[東] 伊坂重信,202204040503
6,5,8,スズノナデシコ,牝4,55.0,西村淳也,1:12.1,クビ,4.2,2.0,508(-2),[西] 石坂公一,202204040503
7,8,13,スマートプレジール,牝3,53.0,菱田裕二,1:12.5,2.1/2,64.1,11.0,484(+4),[西] 中村直也,202204040503
8,8,14,カード,牝4,55.0,菊沢一樹,1:12.7,1,123.2,13.0,458(-4),[東] 清水英克,202204040503
9,5,7,スマイルアモーレ,牝4,54.0,秋山稔樹,1:12.7,ハナ,23.5,7.0,462(+2),[東] 加藤士津,202204040503
10,6,10,カトルショセット,牝4,55.0,丸山元気,1:12.7,ハナ,19.7,6.0,478(+10),[東] 黒岩陽一,202204040503
11,3,3,スエヒロヴァン,牝4,51.0,永島まな,1:13.1,2.1/2,96.4,12.0,468(-1),[西] 藤沢則雄,202204040503
12,1,1,ジャンヌノツルギ,牝3,51.0,小林凌大,1:13.6,2.1/2,59.2,10.0,452(-2),[東] 小笠倫弘,202204040503
13,4,6,グレナデンシロップ,牝3,53.0,団野大成,1:13.7,3/4,27.2,8.0,444(0),[西] 浜田多実,202204040503
14,6,9,クリノハニー,牝3,53.0,的場勇人,1:13.9,1,377.6,14.0,442(-2),[東] 的場均,202204040503
1,2,2,マリオ,牡7,60.0,平沢健治,3:07.1,,3.6,2.0,500(-4),[西] 安達昭夫,202204040504
2,4,4,ファルヴォーレ,牡4,60.0,難波剛健,3:07.2,クビ,3.8,3.0,464(+2),[西] 高橋義忠,202204040504
3,7,9,ポルタフォリオ,牡4,60.0,北沢伸也,3:07.2,アタマ,37.9,7.0,514(+18),[西] 角田晃一,202204040504
4,8,11,シャンボールナイト,セ7,60.0,石神深一,3:07.4,1,2.9,1.0,474(0),[東] 武井亮,202204040504
5,6,7,ストレイライトラン,セ7,60.0,草野太郎,3:07.6,1.1/2,193.4,11.0,500(+18),[東] 松永康利,202204040504
6,5,5,ルヴォルグ,セ6,60.0,五十嵐雄,3:07.8,3/4,10.0,5.0,510(+16),[東] 和田正一,202204040504
7,3,3,イッツトゥルー,牡4,60.0,高田潤,3:07.9,3/4,56.8,8.0,480(+6),[西] 中尾秀正,202204040504
8,7,8,デストロイ,セ8,57.0,小牧加矢,3:08.0,クビ,20.8,6.0,510(+10),[東] 高橋裕,202204040504
9,8,10,ヤマノグリッターズ,牡4,60.0,上野翔,3:08.7,4,83.3,10.0,492(-10),[東] 嘉藤貴行,202204040504
10,6,6,スーパーフェイバー,牡4,60.0,小野寺祐,3:08.9,1.1/4,6.6,4.0,504(+2),[西] 矢作芳人,202204040504
11,1,1,ララロトリー,セ5,60.0,黒岩悠,3:09.4,3,74.9,9.0,470(+4),[西] 坂口智康,202204040504
1,5,10,メイショウカゼマチ,牡2,51.0,永島まな,1:22.6,,17.4,5.0,436(-4),[西] 角田晃一,202204040505
2,1,1,サクラトップクリス,牝2,54.0,団野大成,1:22.8,1.1/4,28.9,7.0,448(+4),[東] 田村康仁,202204040505
3,8,17,グスタール,牡2,52.0,原優介,1:23.2,2.1/2,8.3,4.0,458(+4),[東] 粕谷昌央,202204040505
4,7,13,ヴゼットマシェリ,牝2,50.0,今村聖奈,1:23.5,1.1/2,2.5,1.0,414(-6),[西] 牧浦充徳,202204040505
5,8,16,シャングリラ,牝2,54.0,斎藤新,1:23.9,2.1/2,3.6,2.0,428(-4),[西] 杉山晴紀,202204040505
6,7,15,ケイティベガ,牝2,53.0,亀田温心,1:24.1,1.1/4,89.2,11.0,404(-4),[西] 村山明,202204040505
7,4,7,シュハリ,牡2,54.0,小沢大仁,1:24.2,1/2,102.7,13.0,420(+16),[西] 鈴木孝志,202204040505
8,6,12,ナイトフォールサン,牡2,53.0,横山琉人,1:24.2,ハナ,79.5,10.0,446(+12),[東] 相沢郁,202204040505
9,7,14,ウインターズテイル,牝2,54.0,西村淳也,1:24.3,3/4,6.3,3.0,450(0),[西] 吉岡辰弥,202204040505
10,2,3,メイショウヒエイ,牝2,54.0,荻野極,1:24.4,1,19.8,6.0,440(-2),[西] 庄野靖志,202204040505
11,1,2,ティリア,牝2,51.0,鷲頭虎太,1:24.5,クビ,62.7,9.0,450(-6),[西] 村山明,202204040505
12,6,11,ヘルスケア,牝2,54.0,武士沢友,1:24.5,クビ,343.2,17.0,450(0),[東] 小桧山悟,202204040505
13,5,9,ネフェルウラー,牝2,53.0,松本大輝,1:24.5,アタマ,92.4,12.0,470(+2),[西] 中竹和也,202204040505
14,3,5,アイワナアイドル,牝2,52.0,藤田菜七,1:24.5,ハナ,30.9,8.0,394(-6),[東] 戸田博文,202204040505
15,8,18,ヒルズカーン,牡2,53.0,小林凌大,1:24.6,1/2,135.8,14.0,468(0),[東] 松永康利,202204040505
16,3,6,ヴァーナルブルーム,牝2,54.0,伊藤工真,1:24.7,クビ,171.4,15.0,434(+16),[東] 林徹,202204040505
17,2,4,シュヴァルツナーガ,牝2,53.0,秋山稔樹,1:25.2,3,319.8,16.0,434(+6),[東] 畠山吉宏,202204040505
取,4,8,マイネルラッシュ,牡2,55.0,丹内祐次,,,---,,計不,[東] 手塚貴久,202204040505
1,1,1,エクストラノート,セ5,54.0,原優介,1:53.8,,5.1,3.0,476(-8),[東] 加藤和宏,202204040506
2,3,3,サトノスライヴ,牡5,56.0,亀田温心,1:53.9,1/2,10.3,5.0,522(+14),[西] 南井克巳,202204040506
3,7,8,トーセンマーク,牡4,57.0,菊沢一樹,1:54.3,2.1/2,27.8,9.0,522(+4),[東] 古賀慎明,202204040506
4,2,2,タマモエース,牡3,55.0,富田暁,1:54.5,1,6.3,4.0,478(+20),[西] 川村禎彦,202204040506
5,4,4,シャドウアイル,牡3,55.0,団野大成,1:54.8,2,4.2,2.0,478(+6),[西] 斉藤崇史,202204040506
6,7,9,ブライトホルン,牡3,55.0,荻野極,1:54.9,1/2,2.6,1.0,478(-8),[西] 渡辺薫彦,202204040506
7,6,6,ラブエスポー,牝5,54.0,小沢大仁,1:55.2,1.1/2,91.7,11.0,472(0),[東] 蛯名利弘,202204040506
8,8,10,フジフォンテ,牡3,53.0,小林凌大,1:55.6,2.1/2,18.1,6.0,456(0),[東] 尾形和幸,202204040506
9,8,11,クリノレジェンド,牡3,51.0,永島まな,1:55.9,2,23.5,7.0,508(-6),[西] 荒川義之,202204040506
10,6,7,ラインメッセージ,牡3,55.0,武藤雅,1:56.7,5,81.9,10.0,504(+10),[東] 水野貴広,202204040506
11,5,5,ブロンドケリー,牡3,51.0,今村聖奈,1:58.6,大,26.6,8.0,440(+2),[西] 寺島良,202204040506
1,8,17,リーゼントフラム,牡5,57.0,西村淳也,0:55.9,,5.1,3.0,474(+4),[西] 矢作芳人,202204040507
2,8,16,テンジュイン,牝5,54.0,松本大輝,0:55.9,ハナ,8.1,5.0,456(-2),[西] 千田輝彦,202204040507
3,6,12,テセウス,牡4,57.0,杉原誠人,0:56.3,2.1/2,7.3,4.0,460(+8),[東] 奥平雅士,202204040507
4,7,14,ティフォーザ,牝4,55.0,斎藤新,0:56.5,1.1/4,25.2,7.0,428(-4),[西] 安田隆行,202204040507
5,3,5,メリヴェイユ,牝3,51.0,小林凌大,0:56.5,クビ,40.2,8.0,450(+4),[東] 伊藤圭三,202204040507
6,4,7,ラナキラ,牝4,55.0,丸山元気,0:56.5,ハナ,9.5,6.0,450(+4),[東] 尾関知人,202204040507
7,7,15,シーズザデイ,牡3,55.0,富田暁,0:56.6,クビ,3.6,1.0,496(0),[西] 川村禎彦,202204040507
8,2,4,ミーハディビーナ,牝5,54.0,秋山稔樹,0:56.7,1,318.5,18.0,438(-2),[東] 和田雄二,202204040507
9,2,3,ルドラクシャ,牝5,52.0,原優介,0:56.9,1.1/4,80.4,12.0,464(0),[東] 松山将樹,202204040507
10,8,18,キリシマタウン,牡3,51.0,今村聖奈,0:57.2,1.1/2,3.8,2.0,442(+2),[東] 天間昭一,202204040507
11,5,10,オールマイフレンズ,牝4,53.0,横山琉人,0:57.4,1.1/4,196.2,15.0,462(+16),[東] 新開幸一,202204040507
12,6,11,モメチョッタ,牝6,55.0,城戸義政,0:57.5,3/4,60.1,10.0,468(0),[東] 石毛善彦,202204040507
13,7,13,キャットリング,牝4,54.0,亀田温心,0:57.7,1.1/4,317.9,17.0,424(+4),[西] 藤沢則雄,202204040507
14,1,2,ラインアルテア,牡3,53.0,藤田菜七,0:58.2,3,149.7,14.0,452(0),[東] 武藤善則,202204040507
15,1,1,ドナテッラ,牝4,51.0,永島まな,0:58.4,1,56.2,9.0,468(-4),[東] 加藤征弘,202204040507
16,4,8,リュッカ,牝5,54.0,小沢大仁,0:58.4,クビ,116.7,13.0,426(-2),[東] 鈴木伸尋,202204040507
17,3,6,サンライズシューズ,牝4,55.0,武藤雅,1:00.0,10,203.2,16.0,468(+4),[東] 牧光二,202204040507
中,5,9,クレイジーリッチ,牡4,57.0,丹内祐次,,,63.6,11.0,498(+2),[東] 小手川準,202204040507
1,7,10,センタースリール,牝3,53.0,斎藤新,1:54.4,,7.1,4.0,466(+4),[東] 本間忍,202204040508
2,8,12,アイソウザスター,牝4,53.0,横山琉人,1:54.8,2.1/2,55.2,10.0,486(-2),[東] 小笠倫弘,202204040508
3,4,4,キガサ,牝3,51.0,小林脩斗,1:54.8,ハナ,26.0,6.0,438(+8),[東] 鈴木慎太,202204040508
4,1,1,レヴィーアクイーン,牝4,55.0,西村淳也,1:54.9,3/4,36.7,8.0,480(+4),[西] 笹田和秀,202204040508
5,6,8,スパークルアイズ,牝3,49.0,今村聖奈,1:54.9,ハナ,1.8,1.0,484(-4),[西] 武幸四郎,202204040508
6,2,2,リキサンハート,牝4,55.0,菱田裕二,1:54.9,アタマ,7.0,3.0,496(-4),[東] 奥平雅士,202204040508
7,5,7,バーリンギャップ,牝3,52.0,秋山稔樹,1:55.1,3/4,4.9,2.0,496(-2),[東] 萩原清,202204040508
8,3,3,ラピドゥス,牝3,52.0,松本大輝,1:55.1,ハナ,14.2,5.0,490(-4),[西] 高柳大輔,202204040508
9,4,5,テンナイトパール,牝6,55.0,丸山元気,1:55.3,1.1/4,60.8,11.0,500(-4),[東] 小西一男,202204040508
10,6,9,ジョイフルダンサー,牝4,55.0,荻野極,1:55.5,1.1/4,31.8,7.0,444(+4),[西] 北出成人,202204040508
11,5,6,ルミナスナイト,牝5,55.0,富田暁,1:55.9,2.1/2,272.1,13.0,504(0),[東] 新開幸一,202204040508
12,8,13,メンフィス,牝5,51.0,永島まな,1:55.9,クビ,144.3,12.0,482(-4),[西] 杉山佳明,202204040508
13,7,11,ネイチャーミヤビ,牝3,51.0,藤田菜七,1:56.8,5,40.6,9.0,506(-19),[東] 根本康広,202204040508
1,6,10,ミクソロジー,牡3,54.0,西村淳也,2:27.0,,3.0,1.0,434(+2),[西] 辻野泰之,202204040509
2,1,1,エニシノウタ,牝4,55.0,丸山元気,2:27.2,1.1/4,4.6,3.0,456(-2),[西] 笹田和秀,202204040509
3,3,4,リニュー,牡3,54.0,菊沢一樹,2:27.2,クビ,25.0,7.0,442(0),[東] 清水英克,202204040509
4,2,2,タイミングハート,牡5,57.0,荻野極,2:27.2,クビ,17.3,5.0,442(-4),[西] 武幸四郎,202204040509
5,5,9,ブリングトゥライフ,牝4,55.0,富田暁,2:27.4,1.1/4,29.5,9.0,472(0),[西] 畑端省吾,202204040509
6,7,12,タイセイアーサー,牡4,57.0,斎藤新,2:27.5,クビ,22.7,6.0,480(0),[東] 斎藤誠,202204040509
7,4,7,サンデイビス,牡4,57.0,柴田善臣,2:27.6,1/2,38.4,13.0,506(-6),[東] 村田一誠,202204040509
8,8,15,マイネルヒッツェ,牡4,57.0,武藤雅,2:27.6,クビ,14.8,4.0,466(+2),[東] 高木登,202204040509
9,5,8,フィレンツェ,牡3,54.0,伊藤工真,2:27.7,クビ,33.2,11.0,448(-6),[東] 加藤士津,202204040509
10,6,11,ビートザレコード,牡3,54.0,横山琉人,2:27.7,ハナ,38.1,12.0,464(-6),[東] 戸田博文,202204040509
11,4,6,アルバスドラコ,牡3,54.0,菱田裕二,2:28.2,3,54.5,14.0,462(-12),[東] 堀宣行,202204040509
12,7,13,テーオーソラネル,牡3,54.0,松田大作,2:28.2,クビ,3.4,2.0,496(-2),[西] 須貝尚介,202204040509
13,3,5,シングマイハート,牝4,55.0,団野大成,2:28.3,1/2,25.7,8.0,460(+4),[東] 尾関知人,202204040509
14,2,3,ファンジオ,牡3,54.0,城戸義政,2:28.3,アタマ,30.6,10.0,508(-4),[西] 藤岡健一,202204040509
15,8,14,マテンロウスタイル,牡4,57.0,古川吉洋,2:28.9,3.1/2,121.8,15.0,514(+2),[西] 昆貢,202204040509
1,2,3,カンティーユ,牡4,57.0,団野大成,1:08.6,,4.8,2.0,486(0),[東] 嘉藤貴行,202204040510
2,8,17,カフジテトラゴン,牝3,53.0,富田暁,1:09.5,5,2.3,1.0,458(+4),[西] 武英智,202204040510
3,4,8,アビエルト,牡5,57.0,荻野極,1:09.7,1.1/4,26.1,9.0,496(-4),[西] 杉山佳明,202204040510
4,7,14,ラキエータ,牝3,53.0,西村淳也,1:10.0,1.1/2,6.8,3.0,412(-4),[西] 音無秀孝,202204040510
5,8,16,ミモザイエロー,牝6,55.0,今村聖奈,1:10.0,アタマ,32.3,11.0,466(-2),[東] 戸田博文,202204040510
6,3,5,クープドクール,牝4,55.0,斎藤新,1:10.0,クビ,17.0,5.0,474(+12),[西] 高橋義忠,202204040510
7,6,12,アルムファーツリー,牝4,55.0,丸山元気,1:10.0,ハナ,22.4,8.0,474(-2),[西] 川村禎彦,202204040510
8,1,2,エテルナメンテ,牝3,53.0,横山琉人,1:10.1,クビ,13.8,4.0,460(+2),[東] 小島茂之,202204040510
9,6,11,スズノヤマト,セ5,57.0,勝浦正樹,1:10.1,クビ,48.0,14.0,480(0),[東] 高橋裕,202204040510
10,5,10,メイショウイジゲン,牡4,57.0,亀田温心,1:10.2,クビ,191.2,16.0,438(+2),[西] 南井克巳,202204040510
11,1,1,エスジープリンセス,牝4,55.0,松本大輝,1:10.3,3/4,36.7,12.0,478(+2),[東] 和田勇介,202204040510
12,7,13,テーオーメアリー,牝4,55.0,古川吉洋,1:10.4,クビ,46.1,13.0,468(-12),[西] 梅田智之,202204040510
13,8,18,ルルルージュ,牝4,55.0,菊沢一樹,1:10.4,ハナ,26.2,10.0,482(0),[東] 菊沢隆徳,202204040510
14,2,4,ラヴケリー,牝4,55.0,小沢大仁,1:10.4,クビ,21.1,7.0,452(-4),[西] 高柳大輔,202204040510
15,5,9,バルドルブレイン,牡4,57.0,菱田裕二,1:10.6,1.1/4,21.1,6.0,498(-8),[東] 田村康仁,202204040510
16,3,6,アーヒラ,牝7,55.0,城戸義政,1:10.6,クビ,292.9,18.0,454(-2),[東] 石毛善彦,202204040510
17,4,7,シオミチクレバ,牝5,55.0,柴山雄一,1:10.7,クビ,51.1,15.0,510(+6),[西] 牧浦充徳,202204040510
18,7,15,エレガンテレイナ,牝5,55.0,黛弘人,1:10.7,クビ,255.5,17.0,438(-2),[東] 高柳瑞樹,202204040510
1,7,12,カレンルシェルブル,牡4,57.0,斎藤新,2:00.1,,2.9,1.0,512(+8),[西] 安田翔伍,202204040511
2,5,7,ヘッズオアテールズ,牝4,55.0,西村淳也,2:00.3,1.1/4,4.0,2.0,494(+6),[西] 須貝尚介,202204040511
3,3,4,リフレーミング,牡4,57.0,富田暁,2:00.4,1/2,7.1,4.0,466(-4),[西] 鮫島一歩,202204040511
4,4,6,ルドヴィクス,牡4,57.0,菱田裕二,2:00.5,3/4,9.9,5.0,516(0),[東] 久保田貴,202204040511
5,5,8,ヤマニンデンファレ,牝4,55.0,勝浦正樹,2:00.5,ハナ,20.3,8.0,484(-4),[東] 辻哲英,202204040511
6,4,5,ホウオウリアリティ,牡4,57.0,荻野極,2:00.5,アタマ,46.1,10.0,480(-2),[東] 高木登,202204040511
7,6,9,モリノカンナチャン,牝4,55.0,丸山元気,2:00.7,1,13.5,6.0,448(+4),[東] 大江原哲,202204040511
8,1,1,ニホンピロタイズ,牡4,57.0,今村聖奈,2:00.9,1.1/4,18.3,7.0,504(0),[西] 大橋勇樹,202204040511
9,2,2,マイネルマーティン,牡4,57.0,菊沢一樹,2:00.9,アタマ,6.9,3.0,514(+8),[東] 菊沢隆徳,202204040511
10,6,10,ケンホファヴァルト,牡9,57.0,松本大輝,2:01.1,1.1/4,77.5,12.0,492(+16),[西] 森秀行,202204040511
11,3,3,フェアリーグルーヴ,牝5,55.0,武藤雅,2:01.2,3/4,54.5,11.0,446(-6),[東] 高橋文雅,202204040511
12,8,14,クロワドフェール,牝5,55.0,団野大成,2:01.5,1.3/4,24.8,9.0,474(0),[西] 斉藤崇史,202204040511
13,7,11,イロゴトシ,牡5,57.0,古川吉洋,2:01.6,クビ,92.8,13.0,476(0),[西] 牧田和弥,202204040511
除,8,13,ドンアルゴス,牡7,57.0,川島信二,,,---,,518(-2),[西] 庄野靖志,202204040511
1,8,10,メイショウフジタカ,牡4,53.0,今村聖奈,1:10.9,,1.5,1.0,498(-4),[西] 飯田祐史,202204040512
2,7,9,ストームゾーン,牡3,55.0,西村淳也,1:11.3,2.1/2,7.2,4.0,510(+4),[西] 杉山晴紀,202204040512
3,6,6,セッカチケーン,牡3,55.0,団野大成,1:11.9,3.1/2,5.5,2.0,506(+4),[東] 高柳瑞樹,202204040512
4,1,1,ルールシェーバー,牡5,57.0,荻野極,1:11.9,ハナ,118.5,10.0,478(+8),[西] 北出成人,202204040512
5,8,11,ルワンジュ,牡3,55.0,菊沢一樹,1:12.2,2,24.5,5.0,482(+2),[西] 千田輝彦,202204040512
6,2,2,グランドライズ,牡4,57.0,伊藤工真,1:12.4,1.1/4,67.8,9.0,472(+2),[東] 伊坂重信,202204040512
7,3,3,マルティウス,牡4,55.0,小林凌大,1:12.8,2.1/2,42.8,7.0,452(-12),[東] 鈴木伸尋,202204040512
8,6,7,サイモンルピナス,牝4,54.0,松本大輝,1:13.0,1.1/4,6.4,3.0,438(-6),[西] 羽月友彦,202204040512
9,5,5,マスケティアーズ,牡4,54.0,原優介,1:13.2,1.1/2,202.0,11.0,454(-2),[東] 小桧山悟,202204040512
10,7,8,エンジェルステアー,牝4,53.0,横山琉人,1:13.3,1/2,47.3,8.0,460(+4),[東] 田村康仁,202204040512
11,4,4,バウンティハンター,牡5,57.0,柴田善臣,1:13.4,1/2,33.6,6.0,482(0),[東] 村田一誠,202204040512
1,5,8,イージーオンミー,牝2,54.0,西村淳也,2:03.0,,23.0,6.0,434(-4),[東] 中舘英二,202204040601
2,8,14,ヴァイルマティ,牝2,54.0,丸山元気,2:03.4,2.1/2,1.7,1.0,498(0),[東] 鹿戸雄一,202204040601
3,6,9,メテオールライト,牝2,54.0,武藤雅,2:03.5,1/2,9.8,3.0,424(-4),[東] 萩原清,202204040601
4,2,2,ハウゼ,牡2,55.0,黛弘人,2:03.9,2.1/2,26.5,9.0,496(+2),[東] 田中博康,202204040601
5,4,5,サイモンコーラル,牝2,53.0,松本大輝,2:04.1,1,106.0,13.0,460(-8),[西] 羽月友彦,202204040601
6,3,3,アオラキ,牡2,51.0,今村聖奈,2:04.1,クビ,8.7,2.0,446(+2),[東] 田村康仁,202204040601
7,3,4,ロゴデザイン,牡2,55.0,斎藤新,2:04.1,ハナ,16.7,5.0,490(+6),[東] 黒岩陽一,202204040601
8,4,6,ビップピュアエース,牝2,52.0,小林凌大,2:04.5,2.1/2,26.8,10.0,434(+2),[東] 高柳瑞樹,202204040601
9,1,1,ヴンダー,牝2,54.0,津村明秀,2:04.7,1.1/4,63.2,12.0,458(-8),[東] 松永康利,202204040601
10,6,10,デルマオクリダシ,牡2,55.0,菊沢一樹,2:04.8,3/4,35.1,11.0,464(+6),[東] 菊沢隆徳,202204040601
11,8,13,ネイロン,牡2,55.0,石橋脩,2:05.0,1,13.7,4.0,494(+2),[西] 中竹和也,202204040601
12,7,11,メイショウタクボク,牡2,55.0,菱田裕二,2:05.0,クビ,24.7,8.0,482(0),[西] 高橋亮,202204040601
13,7,12,サザンショア,牝2,52.0,藤田菜七,2:05.1,1/2,23.2,7.0,424(+12),[西] 吉村圭司,202204040601
14,5,7,ノーブルジャック,牡2,52.0,原優介,2:07.0,大,232.1,14.0,398(0),[東] 粕谷昌央,202204040601
1,7,11,クールジャーマン,牡2,54.0,松本大輝,1:13.1,,2.1,1.0,466(-4),[西] 松下武士,202204040602
2,4,4,ディアナゼロス,牝2,54.0,石橋脩,1:13.2,1/2,3.7,2.0,462(+2),[東] 牧光二,202204040602
3,4,5,デトネイター,牝2,50.0,永島まな,1:13.6,2.1/2,95.5,7.0,480(0),[東] 中舘英二,202204040602
4,7,10,ロゴマジック,牡2,55.0,津村明秀,1:13.7,クビ,10.3,5.0,432(+4),[東] 武市康男,202204040602
5,3,3,ディーズメイト,牝2,52.0,横山琉人,1:13.7,クビ,8.0,3.0,478(-8),[東] 新開幸一,202204040602
6,8,12,リアルマーヴェル,牡2,52.0,原優介,1:13.9,1,8.6,4.0,488(+10),[東] 小桧山悟,202204040602
7,2,2,タケウチリッキー,牝2,50.0,今村聖奈,1:14.2,2,12.6,6.0,498(-2),[東] 竹内正洋,202204040602
8,6,9,ベッケンバウアー,牡2,55.0,武士沢友,1:14.5,1.3/4,163.6,10.0,460(-6),[東] 小桧山悟,202204040602
9,8,13,デルマウッチャリ,牝2,54.0,的場勇人,1:14.7,1.1/4,293.8,12.0,398(-8),[東] 的場均,202204040602
10,5,6,プレザントアンクル,牡2,54.0,秋山稔樹,1:15.7,6,112.5,8.0,444(-2),[東] 蛯名利弘,202204040602
11,6,8,グランデスパーダ,牡2,55.0,菊沢一樹,1:16.1,2,153.9,9.0,454(0),[東] 本間忍,202204040602
12,1,1,チャスラフスカ,牝2,51.0,佐々木大,1:16.1,アタマ,434.7,13.0,448(+2),[東] 小桧山悟,202204040602
13,5,7,ピアブルー,牝2,52.0,小林脩斗,1:16.5,2,185.7,11.0,396(+2),[東] 浅野洋一,202204040602
1,2,2,セイカティターニア,牝2,52.0,横山琉人,1:55.1,,63.2,9.0,422(0),[東] 相沢郁,202204040603
2,5,5,クレメダンジュ,牝2,54.0,石橋脩,1:55.3,1.1/2,2.1,1.0,464(+2),[西] 鈴木孝志,202204040603
3,3,3,グレイウェザーズ,牝2,54.0,丸山元気,1:55.7,2,10.4,4.0,426(-10),[東] 西田雄一,202204040603
4,4,4,ブレードランナー,牝2,52.0,小林脩斗,1:56.2,3,28.3,6.0,456(0),[東] 尾関知人,202204040603
5,6,7,コトシロ,牝2,54.0,斎藤新,1:56.5,1.3/4,15.0,5.0,478(-6),[東] 尾形和幸,202204040603
6,8,10,サイモンカリン,牝2,52.0,藤田菜七,1:57.3,5,55.9,8.0,434(-6),[東] 根本康広,202204040603
7,1,1,グレンハイウェイ,牝2,54.0,西村淳也,1:57.7,2.1/2,9.3,3.0,464(0),[西] 畑端省吾,202204040603
8,6,6,マロンルピナス,牝2,51.0,佐々木大,1:58.4,4,265.8,11.0,422(-8),[東] 菊川正達,202204040603
9,7,8,アルナージェイン,牝2,50.0,今村聖奈,1:59.2,5,2.8,2.0,480(-6),[西] 奥村豊,202204040603
10,8,11,タイセイアリオス,牝2,51.0,原優介,1:59.2,クビ,180.4,10.0,428(-2),[東] 青木孝文,202204040603
11,7,9,フローラルハニー,牝2,50.0,永島まな,1:59.5,1.1/2,38.6,7.0,460(0),[西] 高橋康之,202204040603
1,5,8,レザネフォール,牡5,57.0,小牧加矢,3:09.5,,2.1,1.0,474(0),[西] 池江泰寿,202204040604
2,3,4,ブルメンダール,牡4,60.0,蓑島靖典,3:10.1,3.1/2,15.5,4.0,464(-2),[東] 国枝栄,202204040604
3,1,1,カイトレッド,牝5,58.0,上野翔,3:11.2,7,8.0,3.0,480(+6),[東] 和田雄二,202204040604
4,6,10,クリノオウジャ,牡6,60.0,難波剛健,3:11.8,3.1/2,17.5,6.0,452(+2),[西] 高橋義忠,202204040604
5,3,3,アナンダライト,セ5,60.0,五十嵐雄,3:11.9,1,3.8,2.0,516(+4),[東] 田村康仁,202204040604
6,2,2,メイショウキリモン,牡4,60.0,小野寺祐,3:12.5,3.1/2,22.3,8.0,474(+14),[西] 荒川義之,202204040604
7,5,7,タイキモンストル,牡3,58.0,石神深一,3:13.1,3.1/2,30.3,11.0,494(+6),[東] 松永康利,202204040604
8,7,12,ドンシャーク,牡3,58.0,森一馬,3:13.2,クビ,17.1,5.0,500(+14),[西] 今野貞一,202204040604
9,8,13,ジューンベロシティ,牡4,60.0,高田潤,3:13.3,1,26.1,10.0,466(0),[西] 武英智,202204040604
10,4,5,サンシロウ,セ8,60.0,江田勇亮,3:14.0,4,76.1,12.0,494(+8),[東] 堀内岳志,202204040604
11,7,11,スペキュレーター,牡3,58.0,草野太郎,3:17.9,大,267.4,13.0,472(+2),[東] 伊藤伸一,202204040604
12,8,14,アンブローニュ,セ5,60.0,鈴木慶太,3:18.6,4,21.9,7.0,486(+4),[東] 根本康広,202204040604
13,6,9,スペースクラフト,セ6,60.0,西谷誠,3:22.9,大,23.7,9.0,494(-8),[西] 松永幹夫,202204040604
中,4,6,アイファーベア,牡4,60.0,西村太一,,,298.0,14.0,470(+8),[東] 根本康広,202204040604
1,8,17,ブラウンウェーブ,牝2,52.0,横山琉人,1:23.9,,94.5,15.0,432(0),[東] 宗像義忠,202204040605
2,3,5,サトノグレイト,牡2,55.0,津村明秀,1:24.0,1/2,4.5,2.0,494(0),[西] 中竹和也,202204040605
3,3,6,スカイロケット,牡2,55.0,西村淳也,1:24.3,1.1/2,3.4,1.0,422(0),[西] 須貝尚介,202204040605
4,4,7,ロードアウォード,牡2,55.0,荻野極,1:24.3,ハナ,4.6,3.0,456(0),[西] 吉岡辰弥,202204040605
5,4,8,フブキ,牝2,54.0,菊沢一樹,1:24.7,2.1/2,46.6,11.0,454(0),[東] 菊沢隆徳,202204040605
6,8,18,コスモメイゲツ,牡2,52.0,原優介,1:25.0,1.3/4,40.1,10.0,454(0),[東] 中野栄治,202204040605
7,5,9,アズワンウイッシュ,牝2,53.0,小沢大仁,1:25.1,3/4,8.7,4.0,426(0),[西] 庄野靖志,202204040605
8,1,1,ユーメイドマイデイ,牝2,54.0,杉原誠人,1:25.2,クビ,159.8,18.0,424(0),[東] 大江原哲,202204040605
9,1,2,シランケド,牝2,52.0,藤田菜七,1:25.2,クビ,27.5,6.0,496(0),[西] 牧浦充徳,202204040605
10,7,15,スライトマッド,牝2,54.0,斎藤新,1:25.5,1.3/4,65.0,14.0,486(0),[東] 小野次郎,202204040605
11,2,3,ワイワイキュート,牝2,54.0,黛弘人,1:25.6,クビ,35.9,9.0,452(0),[東] 岩戸孝樹,202204040605
12,6,12,ディアドコス,牡2,54.0,亀田温心,1:25.7,1/2,29.6,8.0,480(0),[西] 羽月友彦,202204040605
13,2,4,カズキ,牡2,54.0,松本大輝,1:25.8,1,27.6,7.0,452(0),[西] 梅田智之,202204040605
14,7,14,オモルフォス,牝2,54.0,武藤雅,1:26.2,2.1/2,49.9,12.0,398(0),[東] 武藤善則,202204040605
15,6,11,カシノトルメンタ,セ2,54.0,秋山稔樹,1:26.2,クビ,103.9,16.0,446(0),[東] 蛯名利弘,202204040605
16,5,10,グッドフラッシュ,牝2,54.0,菱田裕二,1:26.4,1,52.5,13.0,452(0),[東] 久保田貴,202204040605
17,8,16,ジューンスパーク,牡2,55.0,富田暁,1:26.4,クビ,13.3,5.0,480(0),[西] 武英智,202204040605
18,7,13,ピーチコーラル,牝2,51.0,佐々木大,1:28.4,大,108.9,17.0,412(0),[東] 辻哲英,202204040605
1,8,12,ヴァンヌ,牡4,57.0,武藤雅,1:11.4,,3.4,2.0,504(+6),[東] 武藤善則,202204040606
2,6,7,ネオレインボウ,セ6,55.0,小林凌大,1:12.1,4,9.2,4.0,486(-10),[東] 小西一男,202204040606
3,3,3,レイデルマール,セ4,57.0,菊沢一樹,1:12.1,クビ,4.6,3.0,494(0),[東] 高柳瑞樹,202204040606
4,2,2,ライラテソーロ,牡4,57.0,荻野極,1:12.2,1/2,40.2,8.0,506(+6),[東] 奥平雅士,202204040606
5,1,1,ヴィオマージュ,牡4,57.0,富田暁,1:12.7,3,60.7,9.0,504(-2),[西] 石坂公一,202204040606
6,4,4,シュガーコルト,セ3,51.0,今村聖奈,1:13.0,1.1/2,13.6,5.0,500(+20),[西] 寺島良,202204040606
7,7,10,サンダビューク,牡3,54.0,秋山稔樹,1:13.0,クビ,2.6,1.0,462(+2),[東] 蛯名利弘,202204040606
8,8,11,ブルーノート,牡3,52.0,原優介,1:13.3,1.1/2,20.7,7.0,490(+8),[西] 梅田智之,202204040606
9,7,9,タマダイヤモンド,牝4,53.0,横山琉人,1:13.6,2,14.4,6.0,498(-2),[東] 相沢郁,202204040606
10,5,5,ノーセキュリティ,牡5,56.0,小沢大仁,1:13.6,ハナ,135.7,12.0,488(+16),[西] 飯田祐史,202204040606
11,5,6,ドラゴンズアイ,牝3,50.0,水沼元輝,1:14.1,3,131.6,11.0,450(-4),[東] 天間昭一,202204040606
12,6,8,マルス,牡4,55.0,小林脩斗,1:14.6,3,89.7,10.0,450(+2),[東] 浅野洋一,202204040606
1,5,6,タケルジャック,牡4,54.0,原優介,1:52.7,,9.9,5.0,460(+2),[東] 小桧山悟,202204040607
2,5,7,サムハンター,牡4,57.0,丸山元気,1:52.9,1,11.4,7.0,488(-4),[西] 高橋康之,202204040607
3,6,8,サトノアレックス,セ5,57.0,菊沢一樹,1:53.0,1,39.4,11.0,496(+4),[東] 古賀慎明,202204040607
4,3,3,サクラソーレ,牡3,52.0,佐々木大,1:53.7,4,19.2,9.0,470(+6),[東] 堀宣行,202204040607
5,4,5,ボブズヤアンクル,牡3,55.0,菱田裕二,1:53.8,1/2,10.1,6.0,532(0),[西] 大久保龍,202204040607
6,2,2,デリシュレーヌ,牝4,51.0,今村聖奈,1:53.8,ハナ,6.4,2.0,484(+4),[東] 高橋文雅,202204040607
7,8,13,タイセイマーベル,牡4,57.0,西村淳也,1:54.0,1.1/2,2.8,1.0,488(+4),[東] 池上昌和,202204040607
8,7,11,アメリカンピース,セ4,57.0,富田暁,1:54.3,2,16.5,8.0,470(+8),[西] 音無秀孝,202204040607
9,1,1,ワンダフルヘヴン,牝3,52.0,亀田温心,1:55.0,4,40.4,12.0,482(-14),[東] 久保田貴,202204040607
10,8,12,サンズオブタイム,牡4,57.0,石橋脩,1:55.3,1.3/4,7.3,3.0,486(-2),[東] 和田勇介,202204040607
11,6,9,ストロングカレント,牡4,57.0,伊藤工真,1:55.7,2.1/2,183.4,13.0,484(-2),[東] 伊坂重信,202204040607
12,4,4,ユイノザッパー,牡4,57.0,荻野極,1:56.3,3.1/2,7.7,4.0,502(-2),[西] 矢作芳人,202204040607
13,7,10,スエトニウス,牡3,53.0,横山琉人,1:57.1,5,37.3,10.0,476(+12),[東] 伊藤圭三,202204040607
1,8,9,ナツイチバン,牝3,51.0,藤田菜七,1:12.0,,9.5,4.0,464(-2),[東] 村田一誠,202204040608
2,3,3,ゴイゴイスー,牡4,53.0,今村聖奈,1:12.1,1,2.3,1.0,504(+4),[西] 中尾秀正,202204040608
3,7,7,テイエムヒマラヤ,牡3,55.0,松田大作,1:12.8,4,3.7,2.0,472(0),[西] 武英智,202204040608
4,6,6,カネトシディーバ,牝4,51.0,永島まな,1:13.1,1.3/4,28.5,7.0,482(0),[西] 高橋康之,202204040608
5,7,8,フレンドパル,牝4,55.0,江田照男,1:13.3,1,12.6,5.0,452(+4),[東] 深山雅史,202204040608
6,1,1,ワンダーヘイルネス,セ6,56.0,松本大輝,1:13.3,1/2,4.2,3.0,498(+8),[西] 河内洋,202204040608
7,8,10,メイショウイタマエ,牡3,52.0,鷲頭虎太,1:13.6,1.3/4,112.0,9.0,490(+18),[西] 千田輝彦,202204040608
8,4,4,パラティーノヒル,牝5,55.0,黛弘人,1:13.9,1.3/4,50.6,8.0,410(+2),[東] 南田美知,202204040608
9,5,5,メイム,牝4,55.0,武士沢友,1:13.9,クビ,171.1,10.0,404(-6),[東] 小桧山悟,202204040608
10,2,2,メイショウツガミネ,牡3,54.0,泉谷楓真,1:15.1,7,16.4,6.0,480(+9),[西] 南井克巳,202204040608
1,7,15,テイデ,牡4,57.0,菱田裕二,1:47.8,,7.5,4.0,474(-6),[東] 堀宣行,202204040609
2,4,8,オーソレミオ,牝3,53.0,富田暁,1:48.1,1.1/2,5.9,2.0,442(0),[西] 昆貢,202204040609
3,5,9,レッドベルアーム,牡3,55.0,松田大作,1:48.2,1/2,2.3,1.0,508(-2),[西] 藤原英昭,202204040609
4,7,14,フェルマーテ,牝5,55.0,菊沢一樹,1:48.3,3/4,22.0,7.0,482(-2),[東] 戸田博文,202204040609
5,5,10,ケンハービンジャー,牡4,57.0,松本大輝,1:48.4,1/2,93.8,14.0,434(+4),[西] 本田優,202204040609
6,6,11,エシカル,牡4,57.0,丸山元気,1:48.4,ハナ,22.6,8.0,504(-8),[東] 高橋文雅,202204040609
7,8,17,サトノスカイターフ,牡4,57.0,荻野極,1:48.5,3/4,7.4,3.0,500(0),[西] 池江泰寿,202204040609
8,8,18,ブライズルーム,牝4,55.0,今村聖奈,1:48.6,クビ,11.6,5.0,436(-8),[東] 竹内正洋,202204040609
9,4,7,ラウルピドゥ,牡3,55.0,斎藤新,1:48.6,ハナ,14.9,6.0,474(-2),[西] 吉村圭司,202204040609
10,8,16,ラッシュアップ,セ5,57.0,勝浦正樹,1:48.6,クビ,58.6,12.0,516(-6),[東] 金成貴史,202204040609
11,6,12,トーセンクライマー,牡4,57.0,杉原誠人,1:49.5,5,166.9,18.0,468(0),[東] 加藤征弘,202204040609
12,3,5,チュウワジョーダン,セ5,57.0,伊藤工真,1:50.2,4,34.3,9.0,448(+4),[東] 林徹,202204040609
13,1,1,アスクビギンアゲン,牡3,55.0,松岡正海,1:50.4,1.1/4,40.5,10.0,550(+2),[西] 梅田智之,202204040609
14,2,4,ストロンゲスト,牡3,55.0,西村淳也,1:51.3,5,95.1,15.0,486(0),[西] 茶木太樹,202204040609
15,3,6,サトノルフィアン,牡3,55.0,泉谷楓真,1:51.6,2,70.8,13.0,514(+10),[西] 南井克巳,202204040609
16,7,13,フレイミングサン,牝4,55.0,津村明秀,1:51.8,1.1/4,54.1,11.0,450(-10),[東] 辻哲英,202204040609
17,2,3,ピナ,牝4,55.0,秋山稔樹,1:52.9,7,136.8,17.0,478(-10),[東] 蛯名利弘,202204040609
18,1,2,キフジンノドレス,牝4,55.0,小林脩斗,1:53.5,3.1/2,96.1,16.0,488(-6),[東] 小島茂之,202204040609
1,2,3,ルーチェット,牝4,55.0,石橋脩,1:53.0,,4.8,3.0,484(+2),[西] 松永幹夫,202204040610
2,3,4,カムカム,牡8,57.0,小沢大仁,1:53.1,クビ,100.1,11.0,480(+2),[西] 浜田多実,202204040610
3,7,12,ミッションレール,牡4,57.0,菱田裕二,1:53.1,ハナ,7.0,4.0,484(-2),[西] 大久保龍,202204040610
4,8,15,ロスコフ,牡4,57.0,西村淳也,1:53.3,1.1/2,3.6,2.0,498(+6),[東] 久保田貴,202204040610
5,8,14,インナーアリュール,牡5,57.0,武士沢友,1:53.4,クビ,24.6,7.0,482(-6),[東] 小桧山悟,202204040610
6,1,1,ブリッツェンシチー,セ6,57.0,菊沢一樹,1:53.5,3/4,97.6,10.0,514(0),[東] 古賀慎明,202204040610
7,6,10,デルマラピスラズリ,牡5,57.0,斎藤新,1:53.7,1.1/4,24.5,6.0,514(0),[東] 小野次郎,202204040610
8,3,5,マイネルレンカ,牡8,57.0,泉谷楓真,1:53.7,ハナ,44.6,8.0,476(+6),[東] 鈴木慎太,202204040610
9,7,13,ウォーロード,牡4,57.0,秋山稔樹,1:53.8,3/4,3.0,1.0,484(-4),[東] 和田勇介,202204040610
10,6,11,モンサンイルベント,牡5,57.0,富田暁,1:53.9,クビ,112.6,12.0,496(-8),[西] 飯田祐史,202204040610
11,2,2,ダイシンカローリ,牡7,57.0,中井裕二,1:54.1,1,170.7,14.0,512(-6),[西] 庄野靖志,202204040610
12,5,8,ゴールドブリーズ,牡4,57.0,江田照男,1:54.1,クビ,7.3,5.0,494(-2),[東] 深山雅史,202204040610
13,5,9,メリディアン,牝5,55.0,横山琉人,1:54.5,2.1/2,65.5,9.0,442(0),[西] 坂口智康,202204040610
14,4,7,オンワードセルフ,牡6,57.0,亀田温心,1:54.6,3/4,141.6,13.0,496(+14),[西] 村山明,202204040610
15,4,6,ウインググランダー,牡6,57.0,荻野琢真,1:55.9,8,291.1,15.0,538(+4),[西] 藤沢則雄,202204040610
1,8,17,ジャズエチュード,牝4,51.0,泉谷楓真,0:55.1,,4.4,1.0,516(+6),[東] 黒岩陽一,202204040611
2,3,5,マウンテンムスメ,牝4,52.0,菱田裕二,0:55.1,クビ,44.9,13.0,470(+14),[東] 中野栄治,202204040611
3,8,16,スワーヴシャルル,牡6,54.0,斎藤新,0:55.3,1,7.1,3.0,476(-2),[西] 安田隆行,202204040611
4,5,9,ビリーバー,牝7,55.0,杉原誠人,0:55.3,クビ,13.2,7.0,466(+2),[東] 石毛善彦,202204040611
5,8,18,ジュニパーベリー,牝5,53.0,嶋田純次,0:55.4,クビ,5.5,2.0,486(+8),[東] 手塚貴久,202204040611
6,1,1,デトロイトテソーロ,牝5,53.0,津村明秀,0:55.6,1.1/2,43.4,12.0,476(+2),[東] 高木登,202204040611
7,7,15,ダイメイフジ,牡8,57.0,秋山稔樹,0:55.8,1.1/4,51.8,14.0,524(-2),[西] 森田直行,202204040611
8,4,7,トキメキ,牝5,53.0,松岡正海,0:55.8,アタマ,53.9,15.0,512(-4),[東] 斎藤誠,202204040611
9,4,8,ミニオンペール,牝6,52.0,黛弘人,0:55.8,ハナ,60.7,16.0,476(+6),[東] 小手川準,202204040611
10,7,14,ライオンボス,牡7,57.5,藤田菜七,0:56.0,1.1/4,10.7,5.0,528(-6),[東] 和田正一,202204040611
11,1,2,ロードベイリーフ,牡5,55.0,西村淳也,0:56.0,クビ,16.8,9.0,484(+4),[西] 森田直行,202204040611
12,2,3,ショックアクション,牡4,54.0,荻野極,0:56.2,1.1/4,60.9,17.0,500(-2),[西] 大久保龍,202204040611
13,6,11,ショウナンバニラ,牝6,52.0,丸山元気,0:56.3,クビ,8.7,4.0,442(0),[東] 武市康男,202204040611
14,7,13,エレナアヴァンティ,牝5,51.0,横山琉人,0:56.3,アタマ,12.1,6.0,474(+2),[東] 宗像義忠,202204040611
15,2,4,シンシティ,牝5,54.0,富田暁,0:56.3,クビ,13.6,8.0,478(-2),[西] 木原一良,202204040611
16,6,12,カリボール,牡6,54.0,松田大作,0:56.4,1/2,33.8,11.0,500(+2),[西] 須貝尚介,202204040611
17,3,6,アルピニズム,牡5,54.0,武藤雅,0:56.4,アタマ,202.4,18.0,490(-4),[東] 金成貴史,202204040611
18,5,10,タマモメイトウ,牡6,55.0,今村聖奈,0:56.5,クビ,18.9,10.0,500(-6),[西] 藤岡健一,202204040611
1,7,13,レッドルピナス,牝5,55.0,荻野極,1:22.9,,100.9,14.0,440(+4),[西] 辻野泰之,202204040612
2,8,18,ハピネスアゲン,牝3,53.0,丸山元気,1:22.9,ハナ,7.4,5.0,452(-12),[東] 萱野浩二,202204040612
3,4,7,エーティーマクフィ,牡3,55.0,富田暁,1:22.9,クビ,4.2,1.0,466(+14),[西] 武英智,202204040612
4,7,14,オラヴェリタス,牡3,51.0,今村聖奈,1:23.0,1/2,11.3,6.0,506(-2),[西] 寺島良,202204040612
5,6,12,ピースキーパー,牝3,52.0,泉谷楓真,1:23.0,クビ,36.9,9.0,436(0),[西] 奥村豊,202204040612
6,3,5,マンドローネ,牝3,53.0,武藤雅,1:23.1,1/2,6.8,4.0,448(+6),[東] 尾関知人,202204040612
7,3,6,ミッキーチャレンジ,牡3,55.0,西村淳也,1:23.2,3/4,5.1,2.0,498(+2),[西] 中内田充,202204040612
8,6,11,ショウナンタイジュ,牡3,53.0,小林脩斗,1:23.2,アタマ,49.4,10.0,470(-4),[東] 嘉藤貴行,202204040612
9,8,16,ヴェールクレール,牝4,55.0,菱田裕二,1:23.3,クビ,5.2,3.0,472(-6),[西] 高橋亮,202204040612
10,5,9,デヴィルズマーブル,牡3,55.0,中井裕二,1:23.3,アタマ,12.7,7.0,484(+4),[西] 斉藤崇史,202204040612
11,2,3,レッツリブオン,牡3,55.0,杉原誠人,1:23.5,1,16.5,8.0,456(-2),[東] 伊藤大士,202204040612
12,5,10,ホウオウエンジェル,牝5,55.0,黛弘人,1:23.6,3/4,143.0,16.0,480(+16),[東] 加藤和宏,202204040612
13,2,4,タツオウカケンラン,牝5,54.0,秋山稔樹,1:23.6,クビ,111.7,15.0,456(-2),[西] 鮫島一歩,202204040612
14,7,15,トラーパニ,牝3,53.0,松岡正海,1:23.9,1.3/4,84.5,12.0,462(-8),[西] 上村洋行,202204040612
15,1,1,サウンドクレア,牝3,52.0,小沢大仁,1:23.9,アタマ,63.4,11.0,436(-4),[西] 安達昭夫,202204040612
16,8,17,スウィートメリナ,牝5,52.0,鷲頭虎太,1:24.1,1.1/4,325.4,18.0,450(+22),[西] 羽月友彦,202204040612
17,1,2,アムールマルルー,牝4,55.0,斎藤新,1:24.7,3.1/2,184.8,17.0,458(0),[東] 栗田徹,202204040612
18,4,8,ワスカランテソーロ,セ5,57.0,津村明秀,1:36.5,大,97.9,13.0,502(-6),[東] 畠山吉宏,202204040612
