着順,枠番,馬番,馬名,性齢,斤量,騎手,タイム,着差,単勝,人気,馬体重,調教師,race_id
1,1,1,アンテロース,牡2,54,武豊,1:53.5,,1.2,1.0,436(0),[西] 岡田稲男,202201010101
2,3,3,トーセンウォルト,牡2,54,横山武史,1:53.6,クビ,11.3,3.0,450(-6),[東] 小桧山悟,202201010101
3,5,5,トーセントラム,牡2,54,横山和生,1:53.7,3/4,4.3,2.0,412(-6),[東] 小桧山悟,202201010101
4,2,2,エターナルジェイド,牡2,54,丹内祐次,1:54.4,4,17.2,4.0,432(-2),[東] 宗像義忠,202201010101
5,4,4,クリノグローリー,牡2,54,菱田裕二,1:54.6,1.1/2,28.4,5.0,460(+6),[西] 谷潔,202201010101
1,3,3,インペリアルライン,セ3,55,秋山稔樹,1:47.0,,7.7,5.0,452(-2),[東] 中舘英二,202201010102
2,7,8,ジョーカーブラウン,牡3,56,丹内祐次,1:47.0,1/2,7.3,4.0,516(-2),[東] 松山将樹,202201010102
3,4,4,キングクー,牡3,56,吉田隼人,1:47.0,ハナ,3.4,2.0,494(0),[西] 武幸四郎,202201010102
4,8,10,ベッサスタージル,牡3,56,横山和生,1:47.9,5,3.1,1.0,500(+4),[東] 小野次郎,202201010102
5,2,2,アスリエル,牡3,56,岩田康誠,1:48.1,1,12.5,6.0,464(+10),[東] 奥村武,202201010102
6,6,6,タロマイスター,牡3,53,大久保友,1:48.1,クビ,25.1,8.0,480(0),[西] 杉山佳明,202201010102
7,5,5,コパノカールトン,牡3,56,横山武史,1:48.1,ハナ,5.5,3.0,538(+2),[東] 手塚貴久,202201010102
8,7,7,ララアンセストラル,牡3,54,角田大和,1:48.5,2.1/2,16.5,7.0,458(-12),[西] 松下武士,202201010102
9,8,9,オーラライト,牝3,54,鮫島克駿,1:49.0,3,86.0,9.0,460(+18),[西] 西村真幸,202201010102
10,1,1,リカステ,牝3,51,鷲頭虎太,1:49.5,3,123.5,10.0,438(-6),[西] 武英智,202201010102
1,7,12,ルージュエクレール,牝3,54,横山武史,1:29.4,,2.5,2.0,424(+6),[東] 萩原清,202201010103
2,1,1,ポリッシュキッス,牝3,54,菱田裕二,1:30.1,4,15.4,5.0,428(-8),[西] 高柳大輔,202201010103
3,3,4,パンドーロ,牝3,53,泉谷楓真,1:30.3,1.1/4,173.9,11.0,476(-14),[西] 奥村豊,202201010103
4,8,13,レモンケーキ,牝3,54,古川吉洋,1:30.5,3/4,103.6,10.0,426(-6),[西] 岡田稲男,202201010103
5,7,11,アナベル,牝3,54,浜中俊,1:30.7,1.1/2,75.2,9.0,446(+12),[西] 今野貞一,202201010103
6,4,6,ミュステーリオン,牝3,54,丹内祐次,1:30.8,3/4,20.5,6.0,456(-2),[東] 伊坂重信,202201010103
7,5,7,コーリングユー,牝3,54,横山和生,1:30.9,クビ,2.4,1.0,438(+10),[西] 安田隆行,202201010103
8,8,14,ビロングゴールド,牝3,54,勝浦正樹,1:30.9,クビ,247.5,12.0,446(-18),[東] 松永康利,202201010103
9,6,9,ベロア,牝3,51,横山琉人,1:31.0,クビ,36.8,8.0,426(+6),[東] 国枝栄,202201010103
10,6,10,ジャンヌノツルギ,牝3,54,吉田隼人,1:31.0,クビ,13.3,4.0,446(+8),[東] 小笠倫弘,202201010103
11,2,2,バンブリッジ,牝3,54,池添謙一,1:31.1,1/2,6.0,3.0,462(+6),[東] 尾関知人,202201010103
12,4,5,モルレー,牝3,54,鮫島克駿,1:31.3,1.1/4,21.8,7.0,438(+6),[西] 長谷川浩,202201010103
13,5,8,シトラスダル,牝3,53,秋山稔樹,1:32.6,8,369.3,14.0,418(-8),[東] 浅野洋一,202201010103
14,3,3,ヴォンソレイユ,牝3,51,鷲頭虎太,1:33.6,6,295.3,13.0,492(-4),[西] 千田輝彦,202201010103
1,6,11,モリノドリーム,牝3,54,丸山元気,1:10.0,,36.5,10.0,466(+4),[東] 大江原哲,202201010104
2,2,4,マヒナライズ,牝3,54,藤岡佑介,1:10.2,1.1/4,3.5,1.0,414(-4),[西] 藤岡健一,202201010104
3,8,16,ラミアヴィータ,牝3,54,柴山雄一,1:10.3,3/4,6.7,4.0,442(-2),[西] 昆貢,202201010104
4,4,7,スターザサンライズ,牝3,54,横山和生,1:10.5,3/4,4.9,2.0,432(-12),[西] 安田隆行,202201010104
5,2,3,リゾルテッツァ,牡3,54,角田大和,1:10.9,2.1/2,59.8,12.0,488(-2),[西] 角田晃一,202201010104
6,3,5,クインズプリーズ,牝3,54,菱田裕二,1:11.0,1/2,60.8,13.0,438(-4),[西] 吉岡辰弥,202201010104
7,5,9,ベルベリス,牝3,54,浜中俊,1:11.0,クビ,13.6,7.0,450(-6),[東] 高橋文雅,202201010104
8,1,2,ゼフィアス,牝3,51,大久保友,1:11.0,クビ,418.0,16.0,438(+8),[西] 小林真也,202201010104
9,3,6,キューランブラー,牝3,51,鷲頭虎太,1:11.1,クビ,12.8,6.0,434(-8),[西] 牧田和弥,202201010104
10,6,12,ピースキーパー,牝3,54,吉田隼人,1:11.1,アタマ,5.8,3.0,436(-2),[西] 奥村豊,202201010104
11,1,1,ショウナンラブリー,牝3,54,岩田康誠,1:11.2,1/2,18.8,8.0,412(-8),[東] 稲垣幸雄,202201010104
12,4,8,デルマゴモリー,牝3,51,小林凌大,1:11.3,1/2,33.2,9.0,412(-8),[東] 天間昭一,202201010104
13,7,14,ナンヨーリリー,牝3,54,斎藤新,1:11.4,1/2,111.7,14.0,410(-8),[東] 斎藤誠,202201010104
14,5,10,テンシ,牝3,54,丹内祐次,1:12.1,4,133.9,15.0,420(+16),[東] 杉浦宏昭,202201010104
15,7,13,デルマカミーラ,牝3,51,横山琉人,1:12.2,3/4,8.4,5.0,472(-6),[西] 牧田和弥,202201010104
16,8,15,ラファエーレ,牡3,55,泉谷楓真,1:12.2,ハナ,58.5,11.0,482(-4),[西] 大橋勇樹,202201010104
1,5,8,ミラーオブマインド,牡2,54,横山和生,1:47.0,,10.9,3.0,468(0),[東] 新開幸一,202201010105
2,3,4,エコロドゥネス,牡2,54,横山武史,1:47.2,1.1/2,3.6,2.0,480(0),[東] 加藤征弘,202201010105
3,7,12,アッチャゴーラ,牡2,54,斎藤新,1:48.9,10,41.7,11.0,478(0),[西] 村山明,202201010105
4,3,3,ノーブルヴィクター,牡2,54,丹内祐次,1:48.9,アタマ,17.2,6.0,456(0),[東] 水野貴広,202201010105
5,1,1,シゲルカミカゼ,牡2,54,吉田隼人,1:49.0,1/2,26.5,8.0,490(0),[東] 松山将樹,202201010105
6,7,11,ラリーレイド,牡2,54,岩田康誠,1:49.2,1.1/4,2.2,1.0,478(0),[東] 萩原清,202201010105
7,5,7,プロテア,牡2,54,池添謙一,1:50.4,7,13.1,4.0,474(0),[東] 手塚貴久,202201010105
8,6,9,リボンピーチ,牝2,51,鷲頭虎太,1:50.7,1.3/4,16.5,5.0,466(0),[西] 羽月友彦,202201010105
9,8,14,モカラエース,牡2,54,古川吉洋,1:51.2,3,21.7,7.0,456(0),[西] 高柳大輔,202201010105
10,4,6,コパノスタンリー,牝2,52,角田大和,1:52.1,5,34.3,9.0,478(0),[西] 宮徹,202201010105
11,2,2,サルジュターグ,牡2,54,丸山元気,1:52.4,2,38.5,10.0,484(0),[東] 村田一誠,202201010105
12,6,10,プライムトゥーレ,牡2,54,菱田裕二,1:55.1,大,86.9,12.0,476(0),[西] 小崎憲,202201010105
13,4,5,トロルトゥンガ,牡2,54,藤岡佑介,1:55.8,4,106.8,13.0,488(0),[東] 菊川正達,202201010105
14,8,13,コパノサンタアナ,牡2,53,泉谷楓真,2:03.5,大,134.0,14.0,470(0),[西] 村山明,202201010105
1,5,8,サルサロッサ,牝3,54,鮫島克駿,1:50.2,,6.0,2.0,452(+6),[東] 高柳瑞樹,202201010106
2,7,11,チカレンヌ,牝3,54,武豊,1:50.7,3,27.0,9.0,426(0),[西] 小崎憲,202201010106
3,8,14,オーロロッソ,牡3,54,角田大和,1:50.8,クビ,7.1,5.0,402(+2),[西] 野中賢二,202201010106
4,2,2,ケデシュ,牝3,54,横山武史,1:50.9,1,2.8,1.0,460(-18),[西] 上村洋行,202201010106
5,7,12,ゴールドルパン,牡3,56,原田和真,1:51.1,1.1/4,73.5,11.0,464(-6),[東] 堀内岳志,202201010106
6,4,6,ブルボンティアラ,牝3,54,丹内祐次,1:51.2,クビ,21.0,7.0,412(-6),[東] 伊藤伸一,202201010106
7,1,1,トレフォイル,牝3,52,山田敬士,1:51.3,3/4,67.4,10.0,462(-2),[東] 深山雅史,202201010106
8,8,13,ミラモンテ,牝3,54,黛弘人,1:51.3,ハナ,10.2,6.0,450(0),[東] 岩戸孝樹,202201010106
9,4,5,スヴィルカーチ,セ3,53,鷲頭虎太,1:51.9,3.1/2,168.8,13.0,432(-8),[西] 佐々木晶,202201010106
10,5,7,ルテリブル,牡3,55,秋山稔樹,1:52.2,1.3/4,114.7,12.0,462(-4),[東] 高柳瑞樹,202201010106
11,6,9,シャウビンダー,牝3,54,池添謙一,1:52.5,1.3/4,6.1,3.0,414(+2),[西] 須貝尚介,202201010106
12,6,10,ジャグアーロ,牡3,56,菱田裕二,1:52.6,1/2,22.7,8.0,440(0),[西] 杉山晴紀,202201010106
13,3,3,セットリスト,牝3,51,横山琉人,1:53.8,7,6.5,4.0,478(+2),[西] 茶木太樹,202201010106
14,3,4,テーオーノブレス,牝3,51,大久保友,1:56.5,大,216.8,14.0,404(-6),[西] 岡田稲男,202201010106
1,7,8,シャスティーナ,牝4,55,鮫島克駿,0:59.5,,4.7,2.0,484(+6),[西] 中村直也,202201010107
2,4,4,ユスティニアン,牡4,57,黛弘人,0:59.5,クビ,2.2,1.0,422(-4),[西] 新谷功一,202201010107
3,2,2,サンランシング,牝4,52,小林凌大,0:59.7,3/4,49.3,7.0,472(-10),[東] 新開幸一,202201010107
4,8,10,コンバットマーチ,牝5,55,古川吉洋,1:00.0,1.3/4,153.6,10.0,468(-8),[西] 藤沢則雄,202201010107
5,3,3,ガレットジョーカー,牝3,50,角田大和,1:00.1,1/2,6.3,4.0,452(+10),[西] 宮徹,202201010107
6,8,9,タイガークリスエス,牡3,54,武豊,1:00.1,クビ,5.8,3.0,464(-6),[西] 大橋勇樹,202201010107
7,6,6,ラージベル,牝3,50,山田敬士,1:00.1,ハナ,62.2,8.0,456(-12),[東] 松永康利,202201010107
8,5,5,ドクターマンボウ,牡3,54,菱田裕二,1:00.4,1.1/2,12.7,6.0,458(+2),[西] 牧浦充徳,202201010107
9,1,1,セイウンハルカニ,牡3,54,丸山元気,1:00.9,3,7.8,5.0,464(+2),[東] 竹内正洋,202201010107
10,7,7,サクラトップメジャ,牝4,52,土田真翔,1:01.0,1/2,111.3,9.0,440(-4),[東] 武市康男,202201010107
1,1,1,ドグマ,牡3,54,武豊,1:09.9,,2.0,1.0,474(-10),[西] 武幸四郎,202201010108
2,2,2,ラヴォルタ,牝4,55,横山武史,1:10.1,1.1/2,17.7,4.0,488(-2),[東] 田村康仁,202201010108
3,5,7,デイトンウェイ,牡4,54,小林凌大,1:10.3,1.1/4,36.0,9.0,506(-2),[西] 野中賢二,202201010108
4,8,12,アグリ,牡3,54,横山和生,1:10.4,1/2,2.9,2.0,488(+2),[西] 安田隆行,202201010108
5,3,3,スカイトレイル,牝3,50,角田大和,1:10.7,1.3/4,20.2,5.0,466(+8),[西] 西村真幸,202201010108
6,5,6,ナバロン,牡3,54,菱田裕二,1:10.9,1.1/4,8.6,3.0,478(-2),[西] 杉山佳明,202201010108
7,7,10,メイショウフンケイ,牡4,57,柴山雄一,1:10.9,アタマ,35.6,8.0,510(-14),[西] 池添兼雄,202201010108
8,8,13,コスモサンレミ,牝4,55,丹内祐次,1:11.1,1.1/4,25.3,7.0,458(-10),[東] 中野栄治,202201010108
9,6,8,ベストチャーム,牝6,52,横山琉人,1:11.2,3/4,46.8,10.0,426(-2),[西] 松下武士,202201010108
10,4,5,ユキヤナギ,牝3,52,勝浦正樹,1:11.4,1,22.3,6.0,442(-6),[東] 的場均,202201010108
11,4,4,ニシノフウジン,牡3,54,丸山元気,1:11.6,1.1/4,47.2,11.0,466(+2),[東] 中野栄治,202201010108
12,7,11,ロードリスペクト,牡4,57,鮫島克駿,1:12.1,3,114.6,12.0,488(0),[西] 中村直也,202201010108
13,6,9,マエマエ,牝3,49,西塚洸二,1:12.4,2,130.7,13.0,420(-12),[東] 久保田貴,202201010108
1,7,7,アケルナルスター,牡3,54,丹内祐次,2:04.6,,3.0,1.0,460(0),[東] 清水英克,202201010109
2,5,5,トラウンシュタイン,牡4,57,斎藤新,2:04.8,1.1/4,114.3,8.0,444(-14),[西] 奥村豊,202201010109
3,4,4,テーオーサンドニ,牡3,54,鮫島克駿,2:04.8,クビ,4.7,4.0,468(-2),[西] 高柳大輔,202201010109
4,8,8,タイミングハート,牡5,57,浜中俊,2:04.8,クビ,7.7,5.0,442(-12),[西] 武幸四郎,202201010109
5,3,3,クールブリエ,牝4,55,角田大和,2:04.9,3/4,11.5,6.0,460(-10),[西] 笹田和秀,202201010109
6,2,2,デルマアシュラ,牡4,57,武豊,2:05.0,1/2,4.4,2.0,420(0),[西] 友道康夫,202201010109
7,1,1,ジャスティンカツミ,牡3,54,吉田隼人,2:05.3,1.1/2,4.5,3.0,502(0),[西] 杉山晴紀,202201010109
8,6,6,サトノヴィーナス,牝5,55,藤岡佑介,2:05.6,1.3/4,26.9,7.0,480(+2),[西] 平田修,202201010109
1,6,7,モズピンポン,牡5,57,横山武史,1:45.9,,3.0,1.0,526(-4),[西] 矢作芳人,202201010110
2,2,2,モズマゾク,牡4,57,武豊,1:46.1,1.1/4,6.1,4.0,486(-10),[西] 南井克巳,202201010110
3,7,8,アメリカンエール,牡4,57,菱田裕二,1:46.6,2.1/2,4.6,2.0,504(+2),[東] 戸田博文,202201010110
4,3,3,マイネルレンカ,牡8,57,丹内祐次,1:46.7,1,41.1,9.0,470(0),[東] 鈴木慎太,202201010110
5,1,1,ロードオブザチェコ,牡4,57,柴山雄一,1:46.8,1/2,12.9,6.0,498(+6),[東] 石栗龍彦,202201010110
6,7,9,ロンドンデリーエア,牡5,57,藤岡佑介,1:46.9,クビ,8.2,5.0,468(-2),[西] 武英智,202201010110
7,5,5,インウィクトス,牡5,57,原田和真,1:47.6,4,167.1,10.0,462(+2),[東] 小桧山悟,202201010110
8,8,11,ロスコフ,牡4,57,横山和生,1:47.7,1/2,4.6,3.0,496(0),[東] 久保田貴,202201010110
9,8,10,グリニッジシチー,セ6,57,横山琉人,1:47.7,アタマ,14.5,7.0,484(+12),[東] 相沢郁,202201010110
中,6,6,ゲンパチミーティア,セ4,57,吉田隼人,,,28.6,8.0,468(+10),[西] 矢作芳人,202201010110
除,4,4,パルデンス,牡4,57,鮫島克駿,,,---,,476(-4),[東] 中野栄治,202201010110
1,8,15,ミニオンペール,牝6,55,黛弘人,1:09.9,,74.5,11.0,470(-8),[東] 小手川準,202201010111
2,2,3,ダークペイジ,牝3,52,横山武史,1:10.1,3/4,2.2,1.0,462(+10),[西] 吉村圭司,202201010111
3,1,1,ナイントゥファイブ,牝5,55,吉田隼人,1:10.1,ハナ,13.4,6.0,472(+6),[西] 西園正都,202201010111
4,2,2,シュアーヴアリア,牝4,55,勝浦正樹,1:10.2,1/2,6.4,3.0,482(+2),[東] 高橋裕,202201010111
5,6,10,バトーデュシエル,牝5,55,横山和生,1:10.3,3/4,16.8,8.0,482(+4),[西] 安田翔伍,202201010111
6,3,4,フォイアーロート,牡4,57,岩田康誠,1:10.3,アタマ,34.8,9.0,468(+2),[西] 中村直也,202201010111
7,4,7,ユキノファラオ,牡4,57,武豊,1:10.3,クビ,13.0,5.0,494(+14),[東] 石毛善彦,202201010111
8,6,11,マリーナ,牝4,55,藤岡佑介,1:10.4,クビ,9.8,4.0,440(-2),[西] 矢作芳人,202201010111
9,8,14,ネクストストーリー,牝4,55,菱田裕二,1:10.5,1/2,77.5,12.0,498(+8),[東] 中川公成,202201010111
10,4,6,スンリ,牝4,55,鮫島克駿,1:10.5,アタマ,14.2,7.0,472(-6),[西] 清水久詞,202201010111
11,7,13,ショウナンアリアナ,牝6,55,古川吉洋,1:10.6,1/2,91.2,13.0,438(+2),[西] 高野友和,202201010111
12,7,12,ディモールト,牡5,57,浜中俊,1:10.7,クビ,50.4,10.0,512(+8),[西] 角田晃一,202201010111
13,5,9,ヤマニンペダラーダ,牡8,57,柴山雄一,1:10.7,ハナ,177.1,14.0,468(-18),[西] 中村直也,202201010111
14,3,5,コスモアンジュ,牝5,55,丹内祐次,1:10.7,クビ,5.9,2.0,502(+4),[東] 武藤善則,202201010111
15,5,8,トミケンボハテル,牡8,57,秋山稔樹,1:11.5,5,307.1,15.0,488(-12),[東] 蛯名利弘,202201010111
1,7,8,クレスコジョケツ,牝3,52,鮫島克駿,1:45.7,,2.9,1.0,474(+12),[西] 木原一良,202201010112
2,2,2,レリジールダモーレ,牝3,49,横山琉人,1:46.6,5,3.4,2.0,448(0),[西] 高橋義忠,202201010112
3,8,9,トーホウジュナール,牝4,55,菱田裕二,1:47.4,5,24.3,8.0,474(-12),[西] 高橋亮,202201010112
4,6,6,クオーレドーロ,牝3,52,横山武史,1:48.0,4,4.2,3.0,448(+10),[東] 上原博之,202201010112
5,8,10,ホウオウハイエスト,牝4,55,丹内祐次,1:48.3,2,16.0,5.0,518(0),[東] 矢野英一,202201010112
6,5,5,フォンメイリー,牝3,52,斎藤新,1:48.9,3.1/2,6.7,4.0,472(+4),[西] 四位洋文,202201010112
7,7,7,マリノプリエール,牝3,49,小林凌大,1:49.0,3/4,17.0,6.0,456(0),[東] 伊藤圭三,202201010112
8,3,3,レイモミ,牝4,53,角田大和,1:49.2,3/4,21.4,7.0,426(+10),[西] 武幸四郎,202201010112
9,4,4,クリノイヴァンカ,牝6,55,古川吉洋,1:49.4,1.1/2,97.3,10.0,464(-6),[西] 谷潔,202201010112
中,1,1,サイモンポーリア,牝4,55,丸山元気,,,72.7,9.0,484(0),[東] 根本康広,202201010112
1,5,5,イティネラートル,牝2,54,横山和生,1:10.6,,5.2,2.0,404(-4),[西] 長谷川浩,202201010201
2,6,7,ニシノピウモッソ,牡2,54,勝浦正樹,1:10.9,1.1/2,5.2,3.0,452(+4),[東] 西田雄一,202201010201
3,7,8,オースピス,牝2,54,横山武史,1:11.0,1/2,2.5,1.0,418(+6),[東] 高橋裕,202201010201
4,3,3,シャコンヌ,牡2,54,丹内祐次,1:11.0,ハナ,10.5,4.0,428(0),[東] 小手川準,202201010201
5,6,6,デイズオブドリーム,牝2,52,角田大和,1:11.3,1.3/4,11.3,5.0,400(0),[東] 加藤征弘,202201010201
6,1,1,リンデザ,牝2,54,城戸義政,1:11.6,1.3/4,15.8,7.0,444(-12),[西] 茶木太樹,202201010201
7,2,2,ピスティス,牝2,51,西塚洸二,1:11.6,クビ,136.8,11.0,420(+2),[東] 大江原哲,202201010201
8,4,4,タイセイサーマル,牡2,51,横山琉人,1:11.7,クビ,13.0,6.0,420(-2),[西] 牧浦充徳,202201010201
9,8,10,セクシーコマンドー,牡2,54,古川吉洋,1:11.8,1.1/4,21.1,8.0,450(-2),[東] 鈴木慎太,202201010201
10,8,11,チャイボーグ,牝2,51,小林凌大,1:11.9,1/2,131.7,10.0,462(-8),[東] 的場均,202201010201
11,7,9,クリノヒーロー,牡2,54,菱田裕二,1:12.0,1/2,34.1,9.0,464(+4),[西] 谷潔,202201010201
1,6,10,マナウス,牝3,54,横山武史,1:47.5,,6.3,4.0,456(0),[西] 田中克典,202201010202
2,8,13,ディスコ,牝3,54,武豊,1:48.1,3.1/2,7.5,5.0,472(-2),[西] 音無秀孝,202201010202
3,1,1,セイウンマリンガー,牝3,53,秋山稔樹,1:48.3,1.1/4,26.4,8.0,414(+4),[東] 本間忍,202201010202
4,4,6,パーチル,牝3,54,黛弘人,1:48.3,アタマ,119.7,13.0,430(-4),[東] 岩戸孝樹,202201010202
5,3,4,ルクスディオン,牝3,51,横山琉人,1:48.5,1.1/4,5.2,3.0,438(-6),[西] 吉村圭司,202201010202
6,4,5,ララパラプリュイ,牝3,54,藤岡佑介,1:48.6,3/4,35.5,10.0,454(+6),[東] 田中博康,202201010202
7,5,7,シャムトラダイコウ,牝3,51,小林凌大,1:48.8,3/4,33.9,9.0,470(-14),[東] 中野栄治,202201010202
8,5,8,プレミアムベリー,牝3,54,水口優也,1:49.2,2.1/2,4.1,2.0,442(0),[西] 羽月友彦,202201010202
9,7,11,ブレディバンチ,牝3,51,大久保友,1:49.4,1.1/4,12.6,6.0,446(0),[東] 戸田博文,202201010202
10,6,9,スマイルサキ,牝3,54,斎藤新,1:49.5,1/2,38.2,11.0,424(-6),[東] 松山将樹,202201010202
11,2,2,ジョブックフィオリ,牝3,54,横山和生,1:50.4,5,26.0,7.0,430(+4),[東] 小桧山悟,202201010202
12,8,14,カルヴァドス,牝3,54,丹内祐次,1:51.0,3.1/2,60.2,12.0,462(-8),[東] 加藤和宏,202201010202
13,7,12,ニシノカケハシ,牝3,54,勝浦正樹,1:51.1,クビ,145.2,14.0,452(-6),[東] 松山将樹,202201010202
14,3,3,ラブミーディザイア,牝3,54,菱田裕二,1:52.4,8,3.8,1.0,472(-4),[東] 和田勇介,202201010202
1,5,6,キリシマタウン,牡3,54,角田大和,0:59.7,,2.5,2.0,440(-4),[東] 天間昭一,202201010203
2,8,12,メルシー,牝3,54,武豊,0:59.8,1/2,2.4,1.0,418(0),[西] 今野貞一,202201010203
3,7,9,ルルネージュ,牝3,54,勝浦正樹,1:00.0,1.1/4,11.4,4.0,476(-2),[東] 武市康男,202201010203
4,8,11,クリスタルローズ,牝3,51,小林凌大,1:00.0,ハナ,24.3,7.0,484(+4),[東] 土田稔,202201010203
5,1,1,ギミーアワーズ,牡3,56,吉田隼人,1:00.7,4,44.2,9.0,456(-4),[東] 加藤士津,202201010203
6,5,5,キソー,牝3,54,岩田康誠,1:00.9,1,20.9,6.0,422(-4),[東] 小島茂之,202201010203
7,2,2,ナオミニデレデレヤ,牝3,51,西塚洸二,1:01.1,1.1/4,15.8,5.0,442(+3),[西] 杉山佳明,202201010203
8,6,7,ユキゲショウ,牝3,54,黛弘人,1:01.2,クビ,223.3,11.0,462(+6),[東] 浅野洋一,202201010203
9,7,10,ウインオワーズ,牡3,56,丹内祐次,1:01.3,3/4,62.9,10.0,474(+4),[東] 高木登,202201010203
10,6,8,タイセイプロシード,牡3,56,鮫島克駿,1:01.4,3/4,7.4,3.0,480(-4),[東] 高橋裕,202201010203
11,3,3,ライブリインパクト,牡3,56,水口優也,1:01.8,2.1/2,292.5,12.0,460(-6),[西] 石橋守,202201010203
12,4,4,ジュエルシティー,牝3,51,鷲頭虎太,1:02.2,2.1/2,34.7,8.0,440(0),[西] 松永昌博,202201010203
1,6,10,サルサディーバ,牝3,53,秋山稔樹,1:47.7,,22.9,8.0,500(-6),[西] 森田直行,202201010204
2,5,7,アカノストロング,牡3,54,角田大和,1:47.8,クビ,6.7,5.0,502(+4),[西] 松下武士,202201010204
3,3,4,カイザーレオン,牡3,56,横山和生,1:47.8,アタマ,4.3,2.0,456(0),[東] 伊坂重信,202201010204
4,4,6,サクラオーラ,牝3,54,武豊,1:48.3,3,5.8,4.0,430(-2),[東] 田中博康,202201010204
5,4,5,バンクロール,牡3,56,横山武史,1:48.5,1.1/4,5.4,3.0,464(+14),[西] 田中克典,202201010204
6,5,8,ロルバーンスカイ,牡3,56,丹内祐次,1:48.6,1.1/4,3.9,1.0,444(-4),[東] 新開幸一,202201010204
7,3,3,ヴィオレントアズル,牡3,53,鷲頭虎太,1:49.0,2.1/2,149.8,12.0,406(-4),[東] 加藤和宏,202201010204
8,6,9,デュードメール,牝3,54,吉田隼人,1:49.1,1/2,13.8,6.0,460(+4),[西] 須貝尚介,202201010204
9,7,12,ダンスデミルリトン,牡3,53,横山琉人,1:49.2,クビ,191.3,14.0,448(-2),[西] 鈴木孝志,202201010204
10,7,11,キタノポーションズ,牝3,54,古川吉洋,1:49.9,4,153.4,13.0,410(+8),[東] 石栗龍彦,202201010204
11,8,14,アルティマナイト,牡3,56,原田和真,1:50.1,1.1/4,48.7,10.0,488(+6),[東] 堀内岳志,202201010204
12,2,2,カホウハネテマテ,牝3,51,大久保友,1:50.4,1.3/4,112.9,11.0,470(+6),[西] 村山明,202201010204
13,8,13,ノーティアス,牡3,56,鮫島克駿,1:50.6,1,18.9,7.0,498(-10),[東] 宗像義忠,202201010204
14,1,1,アンサングヒーロー,牡3,55,泉谷楓真,1:51.5,5,23.6,9.0,482(-2),[東] 水野貴広,202201010204
1,3,3,ドゥアイズ,牝2,54,吉田隼人,1:52.3,,28.4,5.0,448(0),[西] 庄野靖志,202201010205
2,8,9,ウヴァロヴァイト,牝2,54,横山武史,1:52.3,アタマ,2.3,1.0,434(0),[東] 萩原清,202201010205
3,1,1,ジェモロジー,牝2,54,鮫島克駿,1:52.4,クビ,8.8,4.0,486(0),[西] 橋口慎介,202201010205
4,5,5,ドゥーラ,牝2,54,斎藤新,1:52.4,クビ,50.3,7.0,476(0),[西] 高橋康之,202201010205
5,7,7,キスオンザビーチ,牝2,54,岩田康誠,1:52.9,3,31.8,6.0,478(0),[西] 中村直也,202201010205
6,6,6,トップナイフ,牡2,54,横山和生,1:52.9,アタマ,6.8,3.0,500(0),[西] 昆貢,202201010205
7,2,2,シュバルツガイスト,牡2,54,武豊,1:53.6,4,2.4,2.0,486(0),[東] 国枝栄,202201010205
8,4,4,アクションプラン,牡2,53,秋山稔樹,1:55.3,10,159.8,9.0,486(0),[東] 池上昌和,202201010205
9,8,8,ヤマノコトブキ,牡2,54,菱田裕二,1:57.1,大,142.4,8.0,460(0),[東] 松山将樹,202201010205
1,2,3,タフトテソーロ,牡3,56,鮫島克駿,2:04.8,,4.8,2.0,468(0),[東] 高木登,202201010206
2,1,1,マイネルユヌスール,牡3,53,横山琉人,2:05.2,2.1/2,15.4,6.0,470(-8),[西] 五十嵐忠,202201010206
3,6,10,マイネルイージス,牡3,56,丹内祐次,2:05.2,ハナ,2.1,1.0,482(+6),[東] 清水英克,202201010206
4,4,7,ブレッシングクライ,牡3,56,浜中俊,2:05.2,ハナ,12.9,4.0,480(+2),[西] 奥村豊,202201010206
5,5,8,サトノゼノビア,牝3,54,横山和生,2:05.3,3/4,15.3,5.0,476(-2),[東] 国枝栄,202201010206
6,5,9,ヴァリッド,牝3,51,西塚洸二,2:05.3,クビ,35.7,10.0,426(-3),[西] 渡辺薫彦,202201010206
7,6,11,ゲンパチソル,牝3,54,吉田隼人,2:05.4,クビ,49.6,12.0,452(+2),[西] 矢作芳人,202201010206
8,3,4,ルクスレジーナ,牝3,50,古川奈穂,2:05.4,クビ,6.6,3.0,456(-8),[西] 須貝尚介,202201010206
9,7,12,ジュンバレット,牡3,56,勝浦正樹,2:05.5,クビ,64.3,13.0,460(+4),[東] 伊坂重信,202201010206
10,8,14,ストロングフォース,牡3,53,小林凌大,2:05.7,1.1/4,149.1,14.0,476(-4),[東] 根本康広,202201010206
11,3,5,ミスピュアハート,牝3,54,荻野琢真,2:05.7,アタマ,21.4,7.0,430(0),[西] 大久保龍,202201010206
12,2,2,フレイムリリー,牝3,54,菱田裕二,2:05.7,クビ,32.3,9.0,422(-8),[東] 深山雅史,202201010206
13,4,6,ワンダーシャイン,牡3,55,秋山稔樹,2:06.2,3,170.5,15.0,524(+4),[西] 森田直行,202201010206
14,8,15,ヒルノソレント,牡3,56,古川吉洋,2:06.2,ハナ,49.0,11.0,528(+10),[西] 昆貢,202201010206
15,7,13,ルーラータイム,牝3,54,岩田康誠,2:07.2,6,24.8,8.0,464(+10),[東] 高橋文雅,202201010206
1,6,7,アシタガアルサ,牡4,57,吉田隼人,1:46.8,,19.6,7.0,466(+6),[東] 小笠倫弘,202201010207
2,8,11,ジルバーン,牡3,54,武豊,1:46.9,クビ,13.7,6.0,428(+8),[西] 武英智,202201010207
3,4,4,パーティーベル,牡3,54,横山和生,1:46.9,ハナ,7.7,5.0,456(+4),[西] 松永幹夫,202201010207
4,1,1,パワーブローキング,牡3,54,丹内祐次,1:47.8,5,3.7,2.0,520(+2),[東] 栗田徹,202201010207
5,7,10,フェズカズマ,牡3,54,岩田康誠,1:47.8,クビ,7.5,4.0,482(+4),[西] 安田隆行,202201010207
6,7,9,アスクビックスター,牡3,50,古川奈穂,1:48.0,3/4,3.2,1.0,480(+12),[西] 矢作芳人,202201010207
7,2,2,ウインバリオス,牡3,54,鮫島克駿,1:48.2,1,21.0,9.0,452(-2),[西] 加用正,202201010207
8,5,5,ポンフー,牡4,57,黛弘人,1:49.2,6,351.5,12.0,496(-4),[東] 浅野洋一,202201010207
9,5,6,サンレブンワース,牡3,54,浜中俊,1:49.3,クビ,149.9,11.0,494(-4),[西] 長谷川浩,202201010207
10,8,12,シャインフォール,牡3,52,角田大和,1:49.8,3,6.2,3.0,474(0),[東] 小野次郎,202201010207
11,6,8,ヴィクトリオン,セ4,57,原田和真,1:50.3,3,35.4,10.0,506(+10),[西] 羽月友彦,202201010207
12,3,3,エヴィダンシア,牡3,54,横山武史,1:50.8,3,20.5,8.0,484(-8),[西] 藤原英昭,202201010207
1,3,3,ヤマニンゼスト,牡3,51,鷲頭虎太,1:50.3,,3.8,2.0,504(+14),[西] 千田輝彦,202201010208
2,6,6,プリペアード,牝4,55,丹内祐次,1:50.7,2.1/2,13.1,6.0,418(-10),[西] 宮徹,202201010208
3,2,2,エクラノーブル,牝3,52,鮫島克駿,1:50.9,1.1/4,5.1,3.0,424(-6),[西] 中村直也,202201010208
4,5,5,ミント,牝3,52,荻野琢真,1:51.0,3/4,5.7,4.0,484(-14),[西] 友道康夫,202201010208
5,1,1,ユキノプリンセス,牝3,50,角田大和,1:51.1,クビ,6.1,5.0,470(+2),[西] 南井克巳,202201010208
6,8,9,スパークオブライフ,牝6,52,小林凌大,1:51.2,1/2,45.1,8.0,428(+4),[東] 小島茂之,202201010208
7,7,8,ゾロ,牡6,55,山田敬士,1:51.4,1.1/4,95.7,9.0,476(-6),[東] 小手川準,202201010208
8,4,4,グランスラムアスク,牝3,49,古川奈穂,1:51.4,ハナ,3.2,1.0,454(+6),[西] 矢作芳人,202201010208
9,7,7,ショベルヘッド,セ4,57,藤岡佑介,1:51.5,1/2,25.6,7.0,466(-6),[東] 古賀慎明,202201010208
10,8,10,セプテンベル,牝3,49,大久保友,1:51.6,3/4,138.7,10.0,426(+2),[東] 武井亮,202201010208
1,1,1,マジカルステージ,牝4,55,吉田隼人,2:02.4,,7.0,4.0,442(+2),[西] 須貝尚介,202201010209
2,7,13,マイネルエニグマ,牡4,57,泉谷楓真,2:02.5,1/2,17.3,7.0,460(-8),[西] 五十嵐忠,202201010209
3,2,2,スズカノロッソ,セ7,57,丹内祐次,2:02.6,クビ,9.0,6.0,480(-4),[東] 小島茂之,202201010209
4,6,10,ジャスティンスカイ,牡3,54,横山武史,2:02.8,1.1/4,3.6,1.0,520(-8),[西] 友道康夫,202201010209
5,3,4,メイショウラナキラ,牡3,54,池添謙一,2:02.8,アタマ,4.3,2.0,458(+20),[西] 南井克巳,202201010209
6,7,12,スワヤンブナート,セ3,54,武豊,2:02.9,1/2,6.5,3.0,518(+18),[西] 須貝尚介,202201010209
7,5,9,ローゼライト,牝4,55,斎藤新,2:02.9,ハナ,49.8,10.0,430(-6),[西] 清水久詞,202201010209
8,2,3,グレースオブナイル,牝5,55,藤岡佑介,2:02.9,ハナ,153.7,15.0,446(-2),[東] 小笠倫弘,202201010209
9,6,11,エルディアブロ,牡4,57,鮫島克駿,2:02.9,クビ,7.8,5.0,448(+4),[西] 佐々木晶,202201010209
10,8,15,フラワリングナイト,牝5,55,菱田裕二,2:03.1,3/4,54.3,11.0,438(+2),[東] 金成貴史,202201010209
11,5,8,ヒューマンコメディ,牝5,55,横山和生,2:03.2,3/4,19.9,8.0,492(0),[東] 水野貴広,202201010209
12,3,5,メタルスパーク,セ5,57,柴山雄一,2:03.2,クビ,85.6,13.0,496(+6),[東] 菊川正達,202201010209
13,4,7,ジャミールフエルテ,セ6,57,古川吉洋,2:03.3,1/2,64.5,12.0,454(0),[西] 大久保龍,202201010209
14,4,6,トーセンヴァンノ,牡3,54,原田和真,2:03.5,1.1/4,107.4,14.0,474(-4),[東] 小桧山悟,202201010209
15,8,14,ポールトゥウィン,牡5,57,浜中俊,2:04.7,7,49.0,9.0,520(0),[西] 田中克典,202201010209
1,5,5,カルネアサーダ,牝3,52,鮫島克駿,1:09.2,,5.6,3.0,456(-4),[西] 加用正,202201010210
2,3,3,ラキエータ,牝3,52,武豊,1:09.4,1.1/4,3.7,2.0,412(0),[西] 音無秀孝,202201010210
3,7,7,セリノーフォス,牝3,52,吉田隼人,1:09.5,1/2,5.6,4.0,456(-4),[西] 本田優,202201010210
4,4,4,ミモザイエロー,牝6,55,大久保友,1:09.7,1.1/4,64.3,8.0,466(-6),[東] 戸田博文,202201010210
5,2,2,ヤマニンプティパ,牝5,55,柴山雄一,1:09.9,3/4,21.2,6.0,448(+12),[西] 千田輝彦,202201010210
6,8,8,ステラダイヤ,牝4,55,横山武史,1:10.1,1.1/4,6.2,5.0,498(+8),[東] 高柳瑞樹,202201010210
7,8,9,ロフティーピーク,牝5,55,浜中俊,1:10.1,ハナ,41.4,7.0,482(0),[西] 武幸四郎,202201010210
8,1,1,モテモテ,牝6,55,角田大和,1:10.1,アタマ,86.5,9.0,472(+4),[西] 南井克巳,202201010210
9,6,6,メイショウエニシア,牝4,55,藤岡佑介,1:10.7,3.1/2,2.6,1.0,452(+2),[西] 本田優,202201010210
1,7,7,ブラッティーキッド,牡4,55,水口優也,1:45.3,,3.0,1.0,500(0),[西] 中尾秀正,202201010211
2,7,8,オレンジペコ,牝5,51,古川吉洋,1:45.7,2.1/2,19.8,7.0,482(+2),[西] 武英智,202201010211
3,8,10,リキサントライ,牡4,55,池添謙一,1:45.8,クビ,10.3,5.0,488(-12),[西] 池添兼雄,202201010211
4,2,2,スペロデア,牝5,52,黛弘人,1:45.9,1/2,18.7,6.0,476(+10),[東] 伊藤圭三,202201010211
5,5,5,サトノロイヤル,牡4,56,浜中俊,1:45.9,クビ,4.3,3.0,508(+6),[西] 南井克巳,202201010211
6,3,3,ステイブルアスク,牝4,53,古川奈穂,1:46.0,1,3.5,2.0,440(+10),[西] 矢作芳人,202201010211
7,6,6,タイセイシェダル,牡4,55,吉田隼人,1:46.1,クビ,7.4,4.0,452(-2),[西] 高橋義忠,202201010211
8,8,9,ペイシャクェーサー,牝4,52,角田大和,1:46.7,3.1/2,46.7,9.0,486(+16),[東] 蛯名利弘,202201010211
9,1,1,ショウリノカンパイ,牝4,52,鮫島克駿,1:46.7,クビ,20.0,8.0,472(-8),[東] 村田一誠,202201010211
10,4,4,ノクターンノーツ,牝5,51,荻野琢真,1:49.4,大,154.5,10.0,516(-4),[西] 田中克典,202201010211
1,8,11,セッタレダスト,牡3,54,丹内祐次,1:29.2,,6.6,4.0,492(+4),[東] 嘉藤貴行,202201010212
2,6,7,モチベーション,牝3,49,横山琉人,1:29.8,3.1/2,3.2,1.0,434(0),[東] 清水英克,202201010212
3,8,10,ヒルノショパン,牡3,54,古川吉洋,1:29.9,1/2,5.7,3.0,446(-10),[西] 昆貢,202201010212
4,4,4,レッドルピナス,牝5,55,吉田隼人,1:30.0,クビ,7.3,5.0,436(+10),[西] 辻野泰之,202201010212
5,5,5,ユヌエトワール,牝5,53,角田大和,1:30.0,1/2,21.2,8.0,416(-14),[東] 小手川準,202201010212
6,6,6,フラリオナ,牝4,55,菱田裕二,1:30.1,クビ,17.1,6.0,418(-4),[西] 平田修,202201010212
7,3,3,コアレスロング,牝4,55,原田和真,1:30.1,クビ,130.9,11.0,466(-6),[東] 小野次郎,202201010212
8,1,1,レシャバール,牡4,56,泉谷楓真,1:30.1,アタマ,24.8,9.0,494(+6),[西] 池江泰寿,202201010212
9,7,8,レイヴンズコー,牡3,54,横山和生,1:30.5,2.1/2,3.7,2.0,494(-6),[東] 大竹正博,202201010212
10,7,9,キトゥンズマーチ,牝4,55,鮫島克駿,1:30.6,3/4,20.6,7.0,468(-6),[西] 吉岡辰弥,202201010212
11,2,2,ジャンドゥーヤ,牝4,55,荻野琢真,1:30.7,1/2,80.7,10.0,458(+20),[西] 小林真也,202201010212
1,3,3,アネモス,牝2,54,池添謙一,0:59.6,,1.5,1.0,484(-8),[西] 北出成人,202201010301
2,5,5,ダンツターセル,牡2,54,丸山元気,1:01.0,9,3.7,2.0,478(-6),[西] 本田優,202201010301
3,1,1,クリノヒーロー,牡2,54,松岡正海,1:01.4,2,19.4,5.0,464(0),[西] 谷潔,202201010301
4,4,4,レイズミーアップ,牡2,54,川島信二,1:01.5,1,81.9,7.0,412(-2),[西] 荒川義之,202201010301
5,2,2,オボロヅキヨ,牡2,51,横山琉人,1:01.6,クビ,7.2,3.0,422(-6),[西] 渡辺薫彦,202201010301
6,6,6,イズミアマゾネス,牝2,51,鷲頭虎太,1:01.6,ハナ,13.9,4.0,448(-8),[西] 北出成人,202201010301
7,7,7,チャイボーグ,牝2,54,勝浦正樹,1:02.4,5,37.0,6.0,464(+2),[東] 的場均,202201010301
1,8,13,クインズステラ,牝3,54,横山和生,1:46.7,,2.8,1.0,460(+2),[東] 池上昌和,202201010302
2,3,3,ジューンポンポン,牝3,54,鮫島克駿,1:47.4,4,5.5,3.0,466(+4),[東] 和田勇介,202201010302
3,5,8,マックロイド,牝3,51,小林凌大,1:47.6,1.1/4,85.2,10.0,468(+6),[東] 上原博之,202201010302
4,8,14,ウォークル,牝3,51,鷲頭虎太,1:47.8,1,34.4,8.0,414(+2),[東] 大和田成,202201010302
5,6,9,チムドンドン,牝3,51,横山琉人,1:48.1,2,41.6,9.0,432(-8),[東] 中舘英二,202201010302
6,7,11,チアフルモーション,牝3,54,吉田隼人,1:48.4,2,10.4,6.0,466(+2),[西] 坂口智康,202201010302
7,2,2,ミヴィダロカ,牝3,51,大久保友,1:48.6,3/4,174.6,12.0,488(+2),[西] 矢作芳人,202201010302
8,7,12,リンクスアイ,牝3,54,丸山元気,1:48.6,クビ,246.0,13.0,480(+8),[東] 土田稔,202201010302
9,4,6,ルールザウイングス,牝3,52,角田大和,1:48.9,2,16.0,7.0,486(+10),[西] 宮徹,202201010302
10,3,4,ベガスバケーション,牝3,54,丹内祐次,1:49.0,アタマ,5.3,2.0,436(+4),[東] 矢野英一,202201010302
11,5,7,ディスコ,牝3,54,武豊,1:49.0,1/2,6.0,4.0,472(0),[西] 音無秀孝,202201010302
12,6,10,カナリコッタゲーム,牝3,51,土田真翔,1:49.4,2,297.8,14.0,412(-16),[東] 宗像義忠,202201010302
13,4,5,テイエムシチーボー,牝3,53,秋山稔樹,1:49.7,1.3/4,105.1,11.0,452(0),[東] 石栗龍彦,202201010302
14,1,1,マニカルニカ,牝3,54,横山武史,1:52.4,大,8.2,5.0,490(-4),[東] 鹿戸雄一,202201010302
1,6,9,ヴァンガーズハート,牡3,56,横山武史,1:28.7,,1.9,1.0,518(-2),[東] 鹿戸雄一,202201010303
2,1,1,ジャスティンエース,牡3,56,鮫島克駿,1:28.8,3/4,7.5,3.0,464(+2),[西] 杉山晴紀,202201010303
3,4,5,エアシャロウ,牡3,56,浜中俊,1:28.9,クビ,78.9,12.0,534(+28),[西] 笹田和秀,202201010303
4,5,7,ホートンプレインズ,牝3,51,横山琉人,1:28.9,1/2,4.6,2.0,426(+6),[西] 平田修,202201010303
5,8,14,レモンケーキ,牝3,54,古川吉洋,1:29.4,2.1/2,28.7,9.0,430(+4),[西] 岡田稲男,202201010303
6,2,2,ルージュライゼ,牝3,54,池添謙一,1:29.7,1.3/4,27.2,8.0,420(-8),[東] 栗田徹,202201010303
7,7,11,ニャンチンノン,牡3,53,西塚洸二,1:29.8,1,19.3,6.0,454(0),[西] 中竹和也,202201010303
8,8,13,ウムラウト,牝3,54,川又賢治,1:29.9,1/2,13.9,5.0,382(-2),[西] 吉村圭司,202201010303
9,4,6,ヴァレッタカズマ,牡3,56,斎藤新,1:30.0,1/2,19.8,7.0,508(+14),[西] 安田隆行,202201010303
10,7,12,エコロジェネラス,牡3,56,武豊,1:30.4,2,29.6,10.0,504(+10),[東] 手塚貴久,202201010303
11,6,10,ホウオウカグヤ,牝3,54,横山和生,1:30.5,1.1/4,12.9,4.0,416(-20),[東] 池上昌和,202201010303
12,5,8,ナチュラル,牝3,51,鷲頭虎太,1:30.9,2,136.1,13.0,404(-2),[西] 佐々木晶,202201010303
13,3,3,ヨドノフローラ,牝3,50,古川奈穂,1:31.1,1.1/4,203.0,14.0,402(-4),[東] 中野栄治,202201010303
14,3,4,チェルスフィールド,牝3,52,角田大和,1:33.7,大,62.2,11.0,364(0),[西] 上村洋行,202201010303
1,4,6,レディベル,牝3,54,池添謙一,1:47.5,,2.7,1.0,512(+4),[西] 矢作芳人,202201010304
2,3,3,キングクー,牡3,56,吉田隼人,1:47.8,2,3.6,2.0,496(+2),[西] 武幸四郎,202201010304
3,1,1,ロードマグマ,牡3,55,秋山稔樹,1:47.8,ハナ,78.2,11.0,466(+14),[東] 菊川正達,202201010304
4,3,4,ルージュブラゾン,牝3,54,鮫島克駿,1:48.2,2,19.1,6.0,460(-10),[東] 小島茂之,202201010304
5,7,12,レオプレシード,牡3,56,丹内祐次,1:48.6,2.1/2,5.4,3.0,514(-2),[東] 小手川準,202201010304
6,2,2,タマモケンタウルス,牡3,56,勝浦正樹,1:48.8,1.1/4,59.3,9.0,456(-8),[東] 水野貴広,202201010304
7,5,7,アテンハピネス,牡3,53,小林凌大,1:49.0,1.1/4,66.7,10.0,534(+4),[東] 伊藤伸一,202201010304
8,7,11,イーサンカレラ,牡3,56,古川吉洋,1:49.5,3,7.3,4.0,448(-4),[東] 萱野浩二,202201010304
9,6,10,ギンリン,牡3,56,原田和真,1:49.9,2.1/2,490.4,14.0,484(-9),[東] 小桧山悟,202201010304
10,6,9,ロードシャマール,牡3,53,横山琉人,1:50.5,3.1/2,25.0,7.0,492(+10),[東] 新開幸一,202201010304
11,8,14,アイスキング,セ3,54,角田大和,1:51.0,3,39.3,8.0,452(-4),[西] 高柳大輔,202201010304
12,4,5,サトノドルチェ,牡3,55,泉谷楓真,1:51.3,1.3/4,9.2,5.0,472(-2),[西] 池江泰寿,202201010304
13,8,13,スズカレジェンド,牡3,56,柴山雄一,1:51.8,3,117.7,13.0,514(0),[東] 奥村武,202201010304
14,5,8,ミルクメイド,牝3,51,鷲頭虎太,1:51.8,アタマ,108.7,12.0,500(-2),[東] 加藤征弘,202201010304
1,8,12,ブライトファントム,牡2,54,横山和生,1:30.8,,13.1,5.0,496(0),[西] 杉山晴紀,202201010305
2,1,1,ショーモン,牡2,54,鮫島克駿,1:30.8,ハナ,4.2,2.0,484(0),[西] 橋口慎介,202201010305
3,7,9,シゲルノヴァ,牝2,54,菱田裕二,1:31.6,5,7.9,3.0,446(0),[西] 谷潔,202201010305
4,6,8,アルファインディ,牡2,54,横山武史,1:31.9,2,2.1,1.0,442(0),[東] 宮田敬介,202201010305
5,4,4,ケサランパサラン,牝2,51,鷲頭虎太,1:31.9,クビ,25.3,8.0,404(0),[西] 中村直也,202201010305
6,3,3,ユイノシノビアシ,牡2,54,丸山元気,1:32.1,1,10.6,4.0,488(0),[東] 竹内正洋,202201010305
7,2,2,カリスマタイクーン,牡2,54,丹内祐次,1:32.1,クビ,56.1,9.0,494(0),[東] 杉浦宏昭,202201010305
8,6,7,テーオーレーズン,牝2,54,古川吉洋,1:32.2,クビ,90.7,10.0,422(0),[西] 宮徹,202201010305
9,5,6,ザスターオブチグサ,牡2,54,黛弘人,1:32.5,2,14.9,6.0,432(0),[東] 中野栄治,202201010305
10,8,11,キングオブザナイル,牡2,54,柴山雄一,1:33.2,4,19.6,7.0,480(0),[西] 畑端省吾,202201010305
11,7,10,ユキノソックス,牝2,54,藤岡佑介,1:33.4,1.1/2,94.4,11.0,442(0),[西] 宮本博,202201010305
除,5,5,コモドアーズ,牡2,54,武豊,,,---,,522(0),[西] 西村真幸,202201010305
1,7,9,ヒルノロワール,牡3,56,古川吉洋,2:02.3,,14.2,6.0,482(0),[西] 北出成人,202201010306
2,5,6,ラエール,牝3,51,横山琉人,2:02.4,3/4,9.4,4.0,408(0),[西] 平田修,202201010306
3,4,4,シャノワール,牝3,54,丹内祐次,2:02.6,1.1/2,1.8,1.0,420(+2),[東] 小手川準,202201010306
4,6,7,ブレスク,牡3,53,大久保友,2:02.6,クビ,151.6,10.0,506(-4),[東] 国枝栄,202201010306
5,5,5,ロードアライアンス,牡3,54,角田大和,2:02.7,1/2,14.9,7.0,428(0),[西] 野中賢二,202201010306
6,3,3,イザトナレバ,セ3,56,柴山雄一,2:02.8,クビ,184.5,11.0,460(+2),[東] 伊坂重信,202201010306
7,2,2,ホウオウベリテ,牡3,56,鮫島克駿,2:02.9,1,9.2,3.0,450(-4),[東] 高木登,202201010306
8,1,1,ムガ,牝3,51,小林凌大,2:02.9,アタマ,12.5,5.0,460(-4),[西] 大根田裕,202201010306
9,8,11,アンジアン,牝3,51,西塚洸二,2:03.3,2.1/2,135.2,9.0,436(+2),[西] 藤原英昭,202201010306
10,6,8,グランドゴールド,牡3,56,吉田隼人,2:03.4,クビ,4.3,2.0,448(+8),[西] 羽月友彦,202201010306
11,7,10,ベアビリーブ,牝3,54,松岡正海,2:03.7,1.3/4,32.7,8.0,466(+18),[東] 杉浦宏昭,202201010306
除,8,12,フィールザコメット,牝3,54,藤岡佑介,,,---,,436(+4),[東] 深山雅史,202201010306
1,1,1,ジョイス,牡3,54,横山武史,1:45.8,,1.6,1.0,506(-6),[東] 斎藤誠,202201010307
2,7,12,リアルシング,牡5,57,鮫島克駿,1:46.5,4,6.9,2.0,546(-6),[西] 池添兼雄,202201010307
3,2,2,スカンジナビア,牝3,50,角田大和,1:46.8,1.1/2,16.0,6.0,448(-4),[西] 四位洋文,202201010307
4,3,3,ワンダーアマルフィ,牡5,57,水口優也,1:47.0,1.1/2,153.3,13.0,466(-18),[西] 石橋守,202201010307
5,5,7,タロファイター,牡3,54,吉田隼人,1:47.0,ハナ,14.6,5.0,450(-2),[西] 中尾秀正,202201010307
6,7,11,フォーワンセルフ,牡3,54,横山和生,1:47.0,アタマ,25.9,8.0,518(+4),[東] 小桧山悟,202201010307
7,4,6,デルマタモン,牡4,57,丸山元気,1:47.0,ハナ,29.6,9.0,504(-12),[東] 勢司和浩,202201010307
8,5,8,テーオーバフェット,牡5,57,荻野琢真,1:47.7,4,69.0,11.0,514(+4),[西] 梅田智之,202201010307
9,3,4,チュウワジョーダン,セ5,57,伊藤工真,1:47.7,クビ,18.4,7.0,444(+2),[東] 林徹,202201010307
10,8,14,レッドバロッサ,セ3,54,池添謙一,1:48.0,1.3/4,8.8,3.0,492(-4),[西] 音無秀孝,202201010307
11,6,10,アニージョ,牡3,54,柴山雄一,1:48.1,クビ,127.4,12.0,526(+20),[東] 畠山吉宏,202201010307
12,4,5,スマートオリーブ,牝3,52,武豊,1:48.3,1.1/2,10.3,4.0,470(-14),[西] 矢作芳人,202201010307
13,8,13,ジェイエルブリッジ,牡4,54,小林凌大,1:48.6,2,267.7,14.0,480(+4),[東] 小西一男,202201010307
14,6,9,ガムラン,牡4,57,丹内祐次,1:48.7,クビ,59.9,10.0,510(+8),[西] 高橋義忠,202201010307
1,1,1,メモリーサボアール,牝3,50,角田大和,1:48.4,,19.5,5.0,472(-10),[西] 角田晃一,202201010308
2,2,2,ヒットザシーン,牝4,55,丹内祐次,1:48.7,1.3/4,13.2,3.0,482(-4),[東] 畠山吉宏,202201010308
3,3,3,ナックフローラ,牝3,52,勝浦正樹,1:48.7,クビ,33.1,8.0,482(-2),[東] 杉浦宏昭,202201010308
4,4,4,ゴルトシュミーデ,牝3,49,大久保友,1:48.8,1/2,39.3,10.0,428(-6),[西] 村山明,202201010308
5,8,13,ブルーゲート,牝3,49,鷲頭虎太,1:48.9,1,35.0,9.0,430(+6),[東] 武井亮,202201010308
6,6,9,サイモンベラーノ,牝5,55,丸山元気,1:49.1,3/4,53.3,11.0,484(+10),[東] 根本康広,202201010308
7,8,12,マイシンフォニー,牝3,52,武豊,1:49.2,1/2,1.9,1.0,486(+26),[西] 松永幹夫,202201010308
8,7,11,トゥーサン,牝3,52,斎藤新,1:49.2,ハナ,101.7,12.0,458(+16),[西] 吉岡辰弥,202201010308
9,4,5,エレフセリア,牝4,52,横山琉人,1:49.3,3/4,23.4,6.0,442(-2),[東] 武藤善則,202201010308
10,6,8,デインティハート,牝3,52,横山武史,1:49.3,ハナ,3.0,2.0,494(+4),[東] 黒岩陽一,202201010308
11,5,7,フォーチュンリング,牝7,55,黛弘人,1:49.4,3/4,25.6,7.0,458(-2),[東] 嘉藤貴行,202201010308
12,5,6,スマートルグラン,牝4,52,西塚洸二,1:50.2,5,14.5,4.0,430(-6),[東] 鹿戸雄一,202201010308
13,7,10,コウソクカレン,牝4,55,浜中俊,1:50.6,2.1/2,195.8,13.0,496(+2),[東] 中舘英二,202201010308
1,7,10,テンテキセンセキ,牡5,57,武豊,0:58.9,,8.8,7.0,474(+6),[西] 松永昌博,202201010309
2,6,8,ムジック,牝4,55,長岡禎仁,0:59.0,3/4,6.6,4.0,484(0),[西] 高橋亮,202201010309
3,2,2,ニルカンタテソーロ,牡5,57,山田敬士,0:59.1,1/2,31.2,8.0,436(-12),[東] 小手川準,202201010309
4,4,4,グレタ,牝3,52,秋山稔樹,0:59.2,アタマ,156.4,11.0,450(+4),[東] 清水英克,202201010309
5,6,7,スウィートプロミス,牝3,52,池添謙一,0:59.3,1.1/4,3.0,1.0,472(+4),[東] 尾関知人,202201010309
6,3,3,ルーリング,牡4,57,鮫島克駿,0:59.4,クビ,41.9,9.0,516(+4),[西] 中村直也,202201010309
7,5,6,スズカサウスソング,牡5,57,泉谷楓真,0:59.5,3/4,8.7,6.0,508(-2),[西] 橋田満,202201010309
8,8,12,メイショウツワブキ,牝4,55,古川吉洋,0:59.6,3/4,6.2,3.0,500(+6),[西] 南井克巳,202201010309
9,1,1,ドラゴンズバック,牡5,57,松岡正海,0:59.8,1.1/4,276.9,12.0,470(-6),[東] 伊藤伸一,202201010309
10,5,5,ゴールドフィンガー,牝4,55,水口優也,0:59.8,クビ,5.7,2.0,474(+4),[西] 岡田稲男,202201010309
11,8,11,アイアムスゴスギル,牡5,57,黛弘人,1:00.0,1.1/4,113.4,10.0,490(-12),[東] 奥平雅士,202201010309
12,7,9,パイプライン,セ5,57,柴山雄一,1:00.3,1.3/4,7.7,5.0,488(+2),[東] 田中剛,202201010309
1,1,1,マリノアズラ,牝4,55,横山武史,2:41.1,,5.6,3.0,472(-4),[東] 小手川準,202201010310
2,2,2,マベルロンジュ,牝5,55,横山和生,2:41.6,3,25.0,6.0,480(-4),[東] 水野貴広,202201010310
3,5,7,スワーヴエルメ,牡4,57,浜中俊,2:41.6,クビ,2.0,1.0,530(-10),[東] 堀宣行,202201010310
4,6,9,シェルビーズアイ,牡3,54,武豊,2:41.9,1.1/2,4.3,2.0,468(0),[西] 武英智,202201010310
5,4,5,タイセイドリーマー,牡4,57,丸山元気,2:42.2,1.3/4,101.4,10.0,500(+6),[西] 矢作芳人,202201010310
6,4,6,ネオストーリー,牡5,57,秋山稔樹,2:42.4,1.1/2,320.7,14.0,458(-12),[東] 林徹,202201010310
7,6,10,ラヴィンジャー,牝6,55,丹内祐次,2:42.5,クビ,46.3,8.0,428(-14),[東] 小島茂之,202201010310
8,3,3,ハギノエスペラント,牡5,57,吉田隼人,2:42.5,クビ,13.2,5.0,494(+6),[西] 四位洋文,202201010310
9,7,11,エンドロール,牡3,54,菱田裕二,2:42.6,1/2,7.5,4.0,448(-6),[東] 青木孝文,202201010310
10,8,13,ピースディオン,牡5,57,柴山雄一,2:42.7,3/4,178.8,13.0,492(0),[東] 尾形和幸,202201010310
11,7,12,エクセレントラン,セ5,57,横山琉人,2:42.8,1/2,129.8,11.0,478(+4),[東] 大江原哲,202201010310
12,5,8,アルバーシャ,牡4,57,鮫島克駿,2:42.8,クビ,49.4,9.0,508(+2),[西] 岡田稲男,202201010310
13,8,14,ハーツオブシャカ,牡4,57,斎藤新,2:42.9,1/2,35.4,7.0,476(+4),[西] 鮫島一歩,202201010310
14,3,4,シュバルツボンバー,セ7,57,荻野琢真,2:43.7,5,136.7,12.0,500(0),[西] 藤沢則雄,202201010310
1,1,1,フォワードアゲン,セ5,57,黛弘人,1:47.5,,134.2,12.0,424(-4),[東] 中野栄治,202201010311
2,7,11,ウインエクレール,牝3,52,松岡正海,1:47.7,1.1/2,2.6,1.0,474(+4),[東] 畠山吉宏,202201010311
3,6,8,ホウオウリアリティ,牡4,57,吉田隼人,1:47.8,1/2,32.8,9.0,482(-2),[東] 高木登,202201010311
4,2,2,クライミングリリー,牝4,55,横山武史,1:47.8,ハナ,3.5,2.0,456(-6),[東] 国枝栄,202201010311
5,6,9,サクラトゥジュール,牡5,57,浜中俊,1:47.9,1/2,19.3,8.0,510(-8),[東] 堀宣行,202201010311
6,5,6,サンタグラシア,牝4,55,鮫島克駿,1:47.9,ハナ,40.0,10.0,410(-4),[東] 鹿戸雄一,202201010311
7,4,4,ミスミルドレッド,牝5,55,丹内祐次,1:47.9,クビ,13.3,4.0,466(+10),[東] 小島茂之,202201010311
8,7,10,モリノカンナチャン,牝4,55,丸山元気,1:48.0,アタマ,14.0,5.0,446(-4),[東] 大江原哲,202201010311
9,5,7,ルース,牝4,55,池添謙一,1:48.1,1/2,5.9,3.0,498(+2),[西] 池添兼雄,202201010311
10,8,12,リーピングリーズン,牝6,55,柴山雄一,1:48.2,3/4,338.3,13.0,508(-2),[東] 尾形和幸,202201010311
11,3,3,ターキッシュパレス,牡5,57,横山和生,1:48.4,1.1/4,14.9,7.0,478(-6),[西] 昆貢,202201010311
12,4,5,アウスヴァール,セ4,57,古川吉洋,1:48.4,ハナ,14.0,6.0,480(-2),[西] 昆貢,202201010311
13,8,13,ナリタブレード,牡5,57,斎藤新,1:49.2,5,45.9,11.0,502(-8),[西] 中尾秀正,202201010311
1,1,2,ミズノコキュウ,牝3,52,丹内祐次,1:09.0,,4.9,3.0,416(+18),[東] 水野貴広,202201010312
2,2,3,ブランデーロック,牡3,54,武豊,1:09.0,アタマ,4.0,1.0,454(-6),[東] 小桧山悟,202201010312
3,6,11,ラヴォルタ,牝4,55,横山武史,1:09.1,クビ,4.1,2.0,496(+8),[東] 田村康仁,202201010312
4,7,14,ヒルノローザンヌ,牝3,52,鮫島克駿,1:09.1,アタマ,7.0,4.0,480(-12),[西] 西村真幸,202201010312
5,5,9,グレイトミッション,牝4,52,小林凌大,1:09.1,クビ,60.3,14.0,464(0),[東] 菊川正達,202201010312
6,1,1,サンダビューク,牡3,54,松岡正海,1:09.2,1/2,13.6,6.0,458(-4),[東] 蛯名利弘,202201010312
7,4,8,グランチェイサー,セ5,57,黛弘人,1:09.3,1/2,165.7,15.0,448(+6),[東] 矢野英一,202201010312
8,2,4,ピュリフィアン,牝5,52,鷲頭虎太,1:09.4,クビ,35.6,10.0,428(+4),[西] 松下武士,202201010312
9,7,13,チャオバンビーナ,牝3,52,吉田隼人,1:09.4,1/2,18.8,7.0,420(-6),[西] 茶木太樹,202201010312
10,5,10,トーホウラデン,牡5,57,菱田裕二,1:09.4,アタマ,57.4,13.0,496(-8),[西] 高橋亮,202201010312
11,8,16,アウトレイジング,牡4,54,横山琉人,1:09.6,1.1/4,180.1,16.0,416(-8),[東] 岩戸孝樹,202201010312
12,4,7,ホウオウエンジェル,牝5,55,藤岡佑介,1:09.7,1/2,20.3,8.0,468(+2),[東] 加藤和宏,202201010312
13,8,15,マイネルチューダ,牡5,55,角田大和,1:09.8,クビ,11.4,5.0,450(0),[東] 奥平雅士,202201010312
14,3,5,ホワイトターフ,牝3,52,斎藤新,1:09.8,クビ,27.7,9.0,444(+4),[西] 新谷功一,202201010312
15,3,6,ゲンパチレオニダス,牡3,54,浜中俊,1:09.8,アタマ,47.8,12.0,480(+4),[西] 牧浦充徳,202201010312
16,6,12,セイウンハルカニ,牡3,54,丸山元気,1:09.8,クビ,39.6,11.0,468(+4),[東] 竹内正洋,202201010312
1,6,6,ソアラ,牝2,54,斎藤新,1:30.4,,25.9,6.0,466(-8),[西] 高橋康之,202201010401
2,3,3,タリエシン,牡2,54,丸山元気,1:30.5,3/4,4.9,2.0,416(-2),[東] 金成貴史,202201010401
3,2,2,サクラトップクリス,牝2,54,横山和生,1:30.5,ハナ,7.9,4.0,440(-2),[東] 田村康仁,202201010401
4,4,4,ブルジュドバイ,牝2,54,武豊,1:30.7,1.1/4,1.5,1.0,452(-4),[西] 森秀行,202201010401
5,1,1,シャコンヌ,牡2,54,丹内祐次,1:30.8,1/2,7.7,3.0,426(-2),[東] 小手川準,202201010401
6,7,7,トーセンノヴァ,牡2,54,横山武史,1:31.2,2,19.0,5.0,466(+2),[東] 上原博之,202201010401
7,5,5,タガノマカロン,牝2,51,土田真翔,1:31.4,1,117.1,7.0,432(+2),[西] 藤沢則雄,202201010401
1,8,12,ファンタジックラン,牝3,52,角田大和,0:59.6,,10.6,5.0,454(-2),[西] 飯田祐史,202201010402
2,4,4,グラサージュ,牝3,54,伊藤工真,0:59.9,1.3/4,4.7,3.0,516(-4),[東] 林徹,202201010402
3,1,1,ヒメカミノカゼ,牝3,51,鷲頭虎太,1:00.0,3/4,12.7,6.0,468(-4),[東] 菊沢隆徳,202201010402
4,2,2,パレフォーコン,牡3,56,丹内祐次,1:00.0,クビ,6.3,4.0,448(+6),[西] 鮫島一歩,202201010402
5,6,8,ワンダーデュエル,牡3,52,古川奈穂,1:00.1,アタマ,26.3,9.0,474(+2),[西] 高柳大輔,202201010402
6,8,11,ザッキング,牡3,56,鮫島克駿,1:00.4,1.3/4,4.0,2.0,552(+8),[西] 安田隆行,202201010402
7,5,5,フリフリ,牝3,51,大久保友,1:00.4,ハナ,29.3,10.0,440(0),[東] 伊藤大士,202201010402
8,7,10,カルド,牡3,56,吉田隼人,1:00.4,ハナ,3.5,1.0,452(+2),[西] 高橋義忠,202201010402
9,7,9,タマモベローナ,牝3,51,西塚洸二,1:00.5,1,87.1,12.0,476(-2),[西] 高橋亮,202201010402
10,5,6,カラフルワウ,牝3,54,横山和生,1:00.8,1.3/4,23.4,7.0,468(+4),[西] 上村洋行,202201010402
11,3,3,ブラヴィーノ,牡3,56,斎藤新,1:00.8,アタマ,62.1,11.0,440(+6),[西] 石坂公一,202201010402
12,6,7,レディーチカ,牝3,54,武豊,1:01.1,2,24.7,8.0,478(-8),[西] 森秀行,202201010402
1,6,9,クインズジョイフル,牝3,51,小林凌大,1:47.0,,4.1,2.0,428(-6),[東] 小島茂之,202201010403
2,7,12,カフジペンタゴン,牡3,56,横山和生,1:47.6,3.1/2,8.3,5.0,452(0),[西] 矢作芳人,202201010403
3,5,7,アグネスリュウ,牡3,56,荻野極,1:47.7,1,12.8,6.0,530(+7),[西] 宮本博,202201010403
4,1,1,ヤマニンクイッカー,牡3,56,柴山雄一,1:47.9,1,5.4,3.0,452(-2),[東] 田島俊明,202201010403
5,4,6,スリードゥラメンテ,牡3,55,泉谷楓真,1:48.2,2,18.3,7.0,462(+2),[西] 南井克巳,202201010403
6,8,13,スパイダーバローズ,牡3,54,角田大和,1:48.3,クビ,6.2,4.0,482(+4),[西] 中内田充,202201010403
7,5,8,デルマニンフ,牝3,54,川島信二,1:48.4,3/4,37.8,9.0,398(-2),[西] 荒川義之,202201010403
8,8,14,ヒーローオブチグサ,牡3,56,黛弘人,1:48.6,1,108.9,13.0,474(0),[東] 岩戸孝樹,202201010403
9,2,2,デルマアメミット,牡3,53,横山琉人,1:48.9,2,57.6,10.0,462(0),[東] 鈴木慎太,202201010403
10,4,5,インペラートル,牡3,56,横山武史,1:49.7,5,3.6,1.0,502(-6),[東] 金成貴史,202201010403
11,3,3,ライトウェイ,牡3,56,勝浦正樹,1:50.5,5,58.1,11.0,464(+10),[東] 相沢郁,202201010403
12,7,11,ゲンショウ,牡3,56,丹内祐次,1:51.1,3.1/2,19.5,8.0,484(-18),[東] 加藤士津,202201010403
13,6,10,ヴェルーリヤ,牝3,54,鮫島克駿,1:52.1,6,61.7,12.0,422(+4),[東] 尾関知人,202201010403
14,3,4,クールシェルタ,牡3,53,鷲頭虎太,1:53.0,5,157.3,14.0,482(-2),[西] 鈴木孝志,202201010403
1,5,7,ブルーロワイヤル,セ3,54,角田大和,2:01.9,,14.4,8.0,508(-4),[西] 音無秀孝,202201010404
2,8,13,キセキノエンジェル,牝3,54,勝浦正樹,2:02.0,1,3.3,1.0,454(+2),[東] 石毛善彦,202201010404
3,6,8,クトゥネシリカ,牡3,56,吉田隼人,2:02.1,アタマ,13.8,6.0,414(+2),[東] 堀内岳志,202201010404
4,2,2,テイエムナイスラン,牡3,55,秋山稔樹,2:02.3,1.1/2,55.3,13.0,516(-10),[東] 石栗龍彦,202201010404
5,4,4,マイネルキング,牡3,56,丹内祐次,2:02.6,1.3/4,5.8,3.0,484(+2),[東] 相沢郁,202201010404
6,8,12,タイクーン,牡3,55,泉谷楓真,2:02.6,ハナ,13.9,7.0,510(-4),[西] 本田優,202201010404
7,4,5,ナザレ,牝3,51,西塚洸二,2:02.8,1.1/2,14.6,9.0,450(-2),[東] 武井亮,202201010404
8,1,1,モズユウガ,牡3,56,荻野琢真,2:03.1,1.1/2,6.9,4.0,486(+2),[西] 大久保龍,202201010404
9,3,3,ホーリーウェル,牝3,51,鷲頭虎太,2:03.1,クビ,5.7,2.0,400(+2),[西] 藤原英昭,202201010404
10,6,9,プラウドオブユー,牝3,51,横山琉人,2:03.7,3.1/2,46.4,12.0,370(-4),[東] 相沢郁,202201010404
11,5,6,アドマイヤカーム,牝3,54,鮫島克駿,2:05.2,9,12.8,5.0,430(-6),[西] 友道康夫,202201010404
12,7,11,ミッキーキング,牡3,56,浜中俊,2:05.2,アタマ,46.0,11.0,462(-2),[東] 国枝栄,202201010404
13,7,10,クリノヴィーナス,牝3,54,菱田裕二,2:05.3,3/4,25.6,10.0,468(-2),[西] 橋田満,202201010404
1,2,2,ウェイビー,牝2,54,鮫島克駿,2:03.4,,8.6,4.0,512(0),[西] 西村真幸,202201010405
2,6,6,ライツオブキングス,牡2,54,横山武史,2:03.9,2.1/2,1.7,1.0,486(0),[東] 鹿戸雄一,202201010405
3,3,3,ナチュラルリバー,牡2,54,藤岡佑介,2:04.7,5,7.2,3.0,480(0),[西] 武英智,202201010405
4,1,1,ウインアイオライト,牝2,54,松岡正海,2:05.2,2.1/2,3.5,2.0,450(0),[東] 手塚貴久,202201010405
5,5,5,スイッチオン,牡2,54,丹内祐次,2:06.1,5,30.7,5.0,478(0),[東] 小手川準,202201010405
6,4,4,モズスナイパー,牡2,51,大久保友,2:07.4,8,33.1,6.0,502(0),[西] 村山明,202201010405
1,1,1,カネコメシスター,牝3,52,斎藤新,0:59.5,,5.0,2.0,484(+12),[西] 中尾秀正,202201010406
2,8,12,プリティインピンク,牝4,53,山田敬士,0:59.8,1.1/2,7.1,5.0,430(-6),[東] 小手川準,202201010406
3,6,8,ベルマーレミノル,牝3,52,丸山元気,1:00.1,2,65.6,9.0,496(+6),[西] 本田優,202201010406
4,5,5,ルプランドル,牝3,49,横山琉人,1:00.1,クビ,3.0,1.0,470(+6),[東] 萱野浩二,202201010406
5,6,7,タカラマドンナ,牝3,52,川又賢治,1:00.5,2.1/2,5.3,3.0,448(+2),[西] 杉山佳明,202201010406
6,8,11,ガレットジョーカー,牝3,49,大久保友,1:00.6,クビ,14.5,7.0,460(+8),[西] 宮徹,202201010406
7,5,6,スマイルバック,牝3,52,横山和生,1:00.7,3/4,6.9,4.0,464(+4),[西] 松永幹夫,202201010406
8,4,4,シューラヴァーグ,牝5,55,古川吉洋,1:00.7,ハナ,158.3,11.0,450(0),[西] 畑端省吾,202201010406
9,3,3,キムケンリアン,牝3,52,横山武史,1:00.9,1.1/4,8.5,6.0,426(+2),[西] 矢作芳人,202201010406
10,2,2,シンシアハート,牝4,54,秋山稔樹,1:01.3,2.1/2,232.6,12.0,422(-6),[東] 蛯名利弘,202201010406
11,7,10,クリオズナ,牝4,52,鷲頭虎太,1:01.3,クビ,87.1,10.0,442(-8),[西] 浜田多実,202201010406
12,7,9,ビップアクア,牝3,52,丹内祐次,1:01.6,1.1/2,35.5,8.0,442(-2),[東] 田島俊明,202201010406
1,5,8,ウインチェレステ,牡4,57,松岡正海,2:01.5,,17.3,7.0,506(-4),[東] 畠山吉宏,202201010407
2,3,3,マイネルトルファン,牡3,54,丹内祐次,2:01.5,クビ,4.1,2.0,490(+6),[東] 高木登,202201010407
3,6,10,エスコバル,セ4,57,浜中俊,2:01.7,3/4,6.7,4.0,520(+14),[東] 堀宣行,202201010407
4,2,2,セツメンノトビウオ,牡5,57,菱田裕二,2:01.8,1/2,76.3,12.0,458(-18),[西] 牧田和弥,202201010407
5,8,14,ルークスヘリオス,牡3,54,横山武史,2:02.1,2,4.0,1.0,474(-10),[東] 中川公成,202201010407
6,3,4,ビヨンドザリミット,牝3,50,角田大和,2:02.3,1.1/2,5.8,3.0,466(+4),[東] 武井亮,202201010407
7,1,1,カメハメハタイム,牡3,54,横山和生,2:02.3,ハナ,19.5,8.0,508(-2),[東] 栗田徹,202201010407
8,8,13,クールブリエ,牝4,55,丸山元気,2:02.4,クビ,13.6,6.0,460(0),[西] 笹田和秀,202201010407
9,4,6,ノートルプロメス,牡3,54,藤岡佑介,2:02.4,クビ,7.5,5.0,506(+2),[西] 四位洋文,202201010407
10,6,9,スペシャルトーク,セ4,54,西塚洸二,2:02.5,クビ,147.4,14.0,444(-10),[東] 杉浦宏昭,202201010407
11,4,5,サトノヴィーナス,牝5,52,横山琉人,2:02.6,1,40.3,11.0,480(0),[西] 平田修,202201010407
12,7,11,シュルレアリスト,牡4,57,斎藤新,2:02.7,1/2,26.8,10.0,432(-12),[西] 清水久詞,202201010407
13,7,12,ボンベール,牡6,57,鮫島克駿,2:03.2,2.1/2,24.9,9.0,492(-4),[東] 辻哲英,202201010407
14,5,7,クリノサンシャイン,牝5,55,古川吉洋,2:03.3,1,95.9,13.0,444(-2),[東] 石毛善彦,202201010407
1,7,12,ミラキュラスライト,牡3,54,横山武史,1:46.0,,6.6,3.0,482(0),[東] 萩原清,202201010408
2,6,9,スミ,牝3,52,池添謙一,1:46.3,2,3.8,2.0,458(-2),[西] 高橋亮,202201010408
3,5,8,サトノスライヴ,牡5,56,泉谷楓真,1:46.8,2.1/2,18.9,6.0,508(-2),[西] 南井克巳,202201010408
4,4,6,フームスムート,牡5,57,丹内祐次,1:46.9,1.1/4,8.1,4.0,530(-14),[東] 水野貴広,202201010408
5,7,11,ヒデノレインボー,牡3,54,浜中俊,1:47.0,1/2,9.4,5.0,468(-4),[西] 梅田智之,202201010408
6,8,14,ベネロングポイント,牡3,53,秋山稔樹,1:47.4,2,156.1,11.0,482(0),[東] 和田正一,202201010408
7,8,13,シルバーブレッド,牡3,54,菱田裕二,1:47.5,1/2,19.6,7.0,430(-2),[西] 石坂公一,202201010408
8,6,10,シーヴィクセン,牝3,52,横山和生,1:47.7,1.1/4,2.5,1.0,480(+8),[東] 蛯名正義,202201010408
9,4,5,サイモンルグラン,牡5,57,丸山元気,1:47.7,ハナ,114.9,10.0,496(+2),[東] 勢司和浩,202201010408
10,1,1,ストロンゲスト,牡3,54,吉田隼人,1:47.8,3/4,23.6,8.0,486(+4),[西] 茶木太樹,202201010408
11,5,7,クルル,牡3,51,西塚洸二,1:48.3,3,26.1,9.0,488(+2),[東] 大江原哲,202201010408
12,3,3,インテグラルシチー,牡4,54,鷲頭虎太,1:49.2,5,192.8,12.0,516(-6),[西] 牧田和弥,202201010408
13,2,2,ケンブリッジセンス,牡4,57,古川吉洋,1:49.2,ハナ,236.9,13.0,434(-7),[西] 大根田裕,202201010408
14,3,4,メイショウムート,牡4,54,小林凌大,1:49.6,2.1/2,239.9,14.0,440(+14),[東] 佐藤吉勝,202201010408
1,8,10,ディナースタ,牡3,54,横山和生,2:41.2,,3.9,1.0,466(+4),[西] 辻野泰之,202201010409
2,5,5,マケルナマサムネ,牡4,57,川又賢治,2:41.6,2.1/2,4.7,3.0,464(-4),[西] 杉山佳明,202201010409
3,4,4,マイネルメサイア,牡3,54,丹内祐次,2:42.1,3.1/2,5.9,4.0,468(+6),[東] 手塚貴久,202201010409
4,7,7,ヴィトーリア,牡4,57,武豊,2:42.4,1.1/2,4.1,2.0,446(0),[西] 武英智,202201010409
5,1,1,フローレスクイーン,牝4,55,吉田隼人,2:42.5,1/2,6.3,5.0,510(+4),[西] 田中克典,202201010409
6,2,2,レッドファーロ,牡3,54,藤岡佑介,2:42.7,1.1/2,6.7,6.0,490(-4),[西] 松永幹夫,202201010409
7,6,6,エルデスペラード,牡3,54,鮫島克駿,2:42.9,1,32.5,7.0,448(+10),[西] 橋口慎介,202201010409
8,3,3,チュウワエンジェル,牝4,55,荻野琢真,2:43.1,1.1/4,65.0,8.0,490(-2),[西] 大久保龍,202201010409
9,7,8,ゾロ,牡6,57,山田敬士,2:43.3,3/4,130.9,10.0,468(-8),[東] 小手川準,202201010409
10,8,9,ネッスンドルマ,牡3,54,浜中俊,2:44.0,4,80.7,9.0,444(+14),[東] 加藤士津,202201010409
1,7,8,ジネストラ,牝4,55,池添謙一,1:27.8,,3.0,2.0,444(+2),[東] 鹿戸雄一,202201010410
2,6,6,アバンチュリエ,牡3,53,横山和生,1:27.9,1.1/4,8.2,4.0,474(+8),[東] 大竹正博,202201010410
3,4,4,ワザモノ,牡4,55,黛弘人,1:28.0,クビ,15.5,5.0,496(+2),[東] 尾関知人,202201010410
4,7,7,シティレインボー,牡4,56,柴山雄一,1:28.0,クビ,18.5,6.0,480(-12),[西] 池添兼雄,202201010410
5,5,5,ゴーゴーユタカ,牡3,54,横山武史,1:28.0,クビ,2.2,1.0,476(-8),[東] 武井亮,202201010410
6,3,3,オブデュモンド,セ4,56,武豊,1:28.1,1/2,5.6,3.0,518(+4),[東] 蛯名正義,202201010410
7,1,1,プレトリア,セ7,55,吉田隼人,1:28.4,1.1/2,25.0,7.0,468(+2),[東] 中川公成,202201010410
8,2,2,シベリアンタイガー,セ11,52,丹内祐次,1:28.9,3.1/2,77.3,8.0,482(-2),[東] 加藤和宏,202201010410
9,8,10,ゲンパチミーティア,セ4,53,川又賢治,1:29.7,5,92.5,9.0,466(-2),[西] 矢作芳人,202201010410
除,8,9,アオイカツマ,牡4,54,藤岡佑介,,,---,,476(+6),[東] 古賀慎明,202201010410
1,1,1,テルツェット,牝5,56,池添謙一,1:47.8,,6.7,2.0,436(+4),[東] 和田正一,202201010411
2,3,4,サトノセシル,牝6,55,古川吉洋,1:47.8,ハナ,21.6,8.0,458(-12),[東] 堀宣行,202201010411
3,2,2,ローザノワール,牝6,55,田中勝春,1:47.8,クビ,6.8,3.0,474(+6),[西] 西園正都,202201010411
4,7,12,ルビーカサブランカ,牝5,55,横山和生,1:47.9,1/2,18.9,6.0,474(-2),[西] 須貝尚介,202201010411
5,3,3,ホウオウピースフル,牝5,55,横山武史,1:48.0,3/4,8.1,4.0,500(+4),[東] 大竹正博,202201010411
6,5,8,ラヴユーライヴ,牝5,55,菱田裕二,1:48.1,1/2,19.1,7.0,448(+6),[西] 矢作芳人,202201010411
7,6,9,フェアリーポルカ,牝6,56,吉田隼人,1:48.1,ハナ,71.4,13.0,506(-4),[西] 西村真幸,202201010411
8,8,13,フィオリキアリ,牝5,55,藤岡佑介,1:48.2,クビ,30.4,11.0,450(-6),[西] 清水久詞,202201010411
9,5,7,ファーストフォリオ,牝5,55,丸山元気,1:48.2,クビ,33.5,12.0,438(-4),[西] 須貝尚介,202201010411
10,6,10,ウォーターナビレラ,牝3,52,武豊,1:48.4,3/4,2.2,1.0,468(0),[西] 武幸四郎,202201010411
11,8,14,ゴルトベルク,牝5,55,荻野極,1:48.5,1/2,79.3,14.0,426(-14),[東] 手塚貴久,202201010411
12,4,6,メイショウミモザ,牝5,56,鮫島克駿,1:48.6,1.1/4,15.1,5.0,452(-6),[西] 池添兼雄,202201010411
13,4,5,マジックキャッスル,牝5,57,浜中俊,1:48.8,3/4,28.8,10.0,434(-8),[東] 国枝栄,202201010411
14,7,11,スライリー,牝4,55,丹内祐次,1:48.9,1/2,23.5,9.0,442(+4),[東] 相沢郁,202201010411
1,5,6,クインズバジル,牝4,55,古川吉洋,1:46.2,,41.2,9.0,470(+6),[西] 梅田智之,202201010412
2,7,9,フローラルビアンカ,牝3,52,藤岡佑介,1:46.3,クビ,6.2,3.0,482(+2),[西] 田中克典,202201010412
3,6,7,タガノペカ,牝4,55,角田大和,1:46.5,1.1/4,99.0,12.0,502(-4),[西] 西園正都,202201010412
4,3,3,ラレイナ,牝4,55,横山武史,1:46.5,ハナ,3.2,1.0,466(+14),[東] 木村哲也,202201010412
5,6,8,ラフリッグフェル,牝5,55,吉田隼人,1:46.5,アタマ,7.9,4.0,442(0),[西] 寺島良,202201010412
6,4,4,タイトロープウィン,牝6,55,勝浦正樹,1:46.6,クビ,19.6,8.0,446(-4),[東] 村田一誠,202201010412
7,8,12,ペイルライダー,牝4,55,武豊,1:46.7,3/4,9.1,5.0,480(-2),[西] 角田晃一,202201010412
8,2,2,リファインドマナー,牝4,55,川又賢治,1:47.1,2.1/2,9.3,6.0,462(+12),[西] 杉山佳明,202201010412
9,8,11,グレースルビー,牝5,55,丸山元気,1:47.6,2.1/2,43.5,11.0,490(+24),[西] 羽月友彦,202201010412
10,1,1,アドマイヤビーナス,牝6,55,浜中俊,1:48.0,2.1/2,19.4,7.0,494(-8),[西] 梅田智之,202201010412
11,5,5,メイショウホマレ,牝3,52,鷲頭虎太,1:48.6,3.1/2,3.8,2.0,448(+2),[西] 松永昌博,202201010412
12,7,10,イルヴェントデーア,牝6,55,丹内祐次,1:56.0,大,41.3,10.0,476(-2),[東] 金成貴史,202201010412
1,7,7,ドゥーラ,牝2,54,斎藤新,1:49.1,,14.6,3.0,464(-12),[西] 高橋康之,202201010501
2,1,1,ドゥラエレーデ,牡2,54,横山和生,1:49.4,1.3/4,2.5,2.0,506(-4),[西] 池添学,202201010501
3,4,4,イッツオンリーユー,牝2,54,武豊,1:50.2,5,1.8,1.0,440(0),[東] 手塚貴久,202201010501
4,6,6,トーセントラム,牡2,54,丹内祐次,1:50.3,1/2,19.9,4.0,414(+2),[東] 小桧山悟,202201010501
5,5,5,ニシノシャイニング,牡2,54,勝浦正樹,1:50.5,1.1/4,24.2,6.0,436(-8),[東] 中野栄治,202201010501
6,2,2,ダイヤノジャック,牝2,54,鮫島克駿,1:50.6,1.1/4,96.6,8.0,458(+4),[西] 加用正,202201010501
7,8,9,シルトホルン,牡2,54,浜中俊,1:50.7,1/2,22.9,5.0,448(+2),[東] 新開幸一,202201010501
8,3,3,マルモルミエール,牡2,54,古川吉洋,1:51.4,4,202.1,10.0,480(+8),[西] 木原一良,202201010501
9,7,8,メモリーズオブユー,牡2,54,吉田隼人,1:51.9,3,41.7,7.0,496(-14),[西] 高橋義忠,202201010501
10,8,10,サノノビスケッツ,牡2,53,秋山稔樹,1:55.4,大,194.0,9.0,444(0),[東] 蛯名利弘,202201010501
1,7,12,グローバルブラッド,牡3,54,横山琉人,1:47.3,,5.2,2.0,486(-10),[西] 藤岡健一,202201010502
2,4,5,カイザーレオン,牡3,56,横山和生,1:47.6,2,2.7,1.0,454(-2),[東] 伊坂重信,202201010502
3,8,13,エピファニアペスカ,牝3,51,鷲頭虎太,1:48.1,3,5.5,3.0,462(-4),[西] 松永昌博,202201010502
4,6,10,アイレ,牝3,54,丸山元気,1:48.4,1.1/2,10.5,7.0,476(+4),[東] 青木孝文,202201010502
5,3,4,フェデフルール,牝3,54,荻野琢真,1:48.5,3/4,176.0,12.0,440(-8),[西] 吉田直弘,202201010502
6,1,1,モロキニムーン,牡3,56,吉田隼人,1:48.9,2.1/2,9.8,5.0,508(+4),[西] 須貝尚介,202201010502
7,5,7,クリノソプラノ,牝3,52,小林凌大,1:49.0,3/4,158.7,11.0,468(-2),[東] 伊藤伸一,202201010502
8,3,3,レオプレシード,牡3,56,丹内祐次,1:49.1,クビ,7.5,4.0,512(-2),[東] 小手川準,202201010502
9,4,6,セイウンマリンガー,牝3,53,秋山稔樹,1:49.2,1,10.0,6.0,416(+2),[東] 本間忍,202201010502
10,2,2,エティエンヌ,セ3,53,西塚洸二,1:49.3,クビ,47.1,9.0,514(0),[東] 高木登,202201010502
11,7,11,メイショウヒシャ,牡3,53,大久保友,1:49.3,ハナ,226.2,13.0,524(+2),[西] 荒川義之,202201010502
12,8,14,ブラックオパール,牝3,53,泉谷楓真,1:49.6,1.3/4,127.3,10.0,484(-6),[西] 松下武士,202201010502
13,6,9,モーゲン,牡3,56,古川吉洋,1:51.2,10,230.6,14.0,442(+4),[西] 浜田多実,202201010502
14,5,8,レアルタッド,牡3,56,斎藤新,1:51.3,1/2,28.6,8.0,496(0),[西] 高橋康之,202201010502
1,5,9,イラーレ,牝3,54,武豊,1:09.7,,3.6,1.0,432(+6),[西] 北出成人,202201010503
2,6,12,スターザサンライズ,牝3,54,横山和生,1:09.8,クビ,7.5,4.0,438(+6),[西] 安田隆行,202201010503
3,5,10,ミッキーチャレンジ,牡3,56,藤岡佑介,1:09.8,クビ,4.6,2.0,498(+14),[西] 中内田充,202201010503
4,4,7,ウェルメイド,牝3,52,小林凌大,1:09.8,ハナ,45.4,13.0,420(-2),[西] 庄野靖志,202201010503
5,1,2,アメイジングアイル,牝3,54,菱田裕二,1:10.0,1,37.8,11.0,402(+18),[東] 和田勇介,202201010503
6,6,11,セイショウスマイル,牝3,54,丹内祐次,1:10.0,クビ,18.1,7.0,480(-6),[東] 本間忍,202201010503
7,1,1,ミッドナイトミニー,牝3,54,岩田望来,1:10.2,1,31.9,9.0,438(-18),[東] 杉浦宏昭,202201010503
8,2,3,ラミアヴィータ,牝3,54,柴山雄一,1:10.3,1,5.1,3.0,444(+2),[西] 昆貢,202201010503
9,8,15,ステラフィオーレ,牝3,54,浜中俊,1:10.3,ハナ,41.7,12.0,472(+6),[西] 松永幹夫,202201010503
10,2,4,フラッシュサンダー,牝3,51,西塚洸二,1:10.7,2,225.2,15.0,420(+4),[東] 奥平雅士,202201010503
11,3,6,タマモペアリング,牝3,53,泉谷楓真,1:10.8,1/2,16.2,6.0,460(-4),[西] 角田晃一,202201010503
12,8,16,ワンリオン,牡3,54,横山琉人,1:11.1,2,8.1,5.0,490(0),[西] 牧浦充徳,202201010503
13,4,8,コズミックエッグ,牡3,56,斎藤新,1:11.2,クビ,21.8,8.0,462(0),[東] 斎藤誠,202201010503
14,7,14,リゾルテッツァ,牡3,56,荻野琢真,1:11.5,2,163.5,14.0,494(+6),[西] 角田晃一,202201010503
15,7,13,タマモグリーチング,牝3,51,鷲頭虎太,1:11.8,1.3/4,267.0,16.0,480(-10),[西] 藤岡健一,202201010503
16,3,5,リアルジョージ,牡3,56,鮫島克駿,1:12.1,2,34.5,10.0,494(-4),[東] 宮田敬介,202201010503
1,7,12,バンクロール,牡3,56,丸山元気,1:47.4,,6.8,3.0,452(-12),[西] 田中克典,202201010504
2,2,2,パフオブウインド,牡3,56,丹内祐次,1:47.6,1.1/2,9.8,6.0,480(+8),[東] 小桧山悟,202201010504
3,7,11,トーホウテンリュウ,牡3,56,菱田裕二,1:47.7,1/2,2.8,1.0,490(+2),[西] 石坂公一,202201010504
4,5,8,デルマローレライ,牝3,50,古川奈穂,1:48.1,2.1/2,70.8,12.0,412(-4),[西] 音無秀孝,202201010504
5,5,7,シードザブレイク,牡3,56,藤岡佑介,1:48.3,1.1/4,24.2,8.0,502(+4),[西] 庄野靖志,202201010504
6,8,13,アトランティス,牡3,56,横山和生,1:48.4,1/2,4.3,2.0,498(+8),[西] 安田翔伍,202201010504
7,4,5,タロマイスター,牡3,53,大久保友,1:48.7,1.1/2,60.2,11.0,486(+6),[西] 杉山佳明,202201010504
8,6,10,ウォータージーニー,牡3,55,泉谷楓真,1:48.8,3/4,21.4,7.0,484(-2),[西] 石橋守,202201010504
9,1,1,ヤマタケコーチャン,牡3,54,横山琉人,1:49.3,3,8.8,5.0,438(+8),[東] 萱野浩二,202201010504
10,6,9,シトラスダル,牝3,53,秋山稔樹,1:49.4,クビ,323.9,13.0,426(+8),[東] 浅野洋一,202201010504
11,4,6,メダツヤツ,牡3,56,黛弘人,1:50.4,6,51.3,10.0,440(+6),[東] 小西一男,202201010504
12,8,14,アントウェルペン,牡3,56,吉田隼人,1:50.5,1/2,7.4,4.0,464(-10),[東] 金成貴史,202201010504
13,3,4,フレイムジョーカー,牡3,56,岩田望来,1:50.8,2,34.2,9.0,480(+2),[東] 中川公成,202201010504
14,3,3,ヒーローシャガーラ,牡3,54,小林凌大,1:51.4,3.1/2,393.2,14.0,524(-2),[東] 土田稔,202201010504
1,8,8,メイクアスナッチ,牝2,54,岩田望来,1:10.1,,7.0,3.0,438(0),[東] 武市康男,202201010505
2,6,6,セフィロ,牝2,54,横山和生,1:10.1,クビ,4.2,2.0,450(0),[東] 菊沢隆徳,202201010505
3,2,2,テラステラ,牡2,54,吉田隼人,1:10.6,3,1.7,1.0,480(0),[西] 矢作芳人,202201010505
4,5,5,ヴェラグエリエロ,牡2,54,鮫島克駿,1:10.9,1.1/2,10.9,4.0,428(0),[西] 高柳大輔,202201010505
5,3,3,レイフォール,牡2,54,丹内祐次,1:10.9,1/2,21.9,5.0,464(0),[東] 武藤善則,202201010505
6,7,7,メトロフィルム,牝2,52,横山琉人,1:12.0,7,22.4,6.0,432(0),[東] 青木孝文,202201010505
7,1,1,コパノエルパソ,牡2,53,秋山稔樹,1:12.4,2.1/2,97.7,8.0,510(0),[東] 上原博之,202201010505
8,4,4,ストロベリーツー,牡2,52,小林凌大,1:13.9,9,43.1,7.0,448(0),[東] 小桧山悟,202201010505
1,3,6,ダノンフロイデ,牡3,56,岩田望来,2:02.4,,3.6,1.0,472(+2),[西] 藤原英昭,202201010506
1,4,7,ホウオウユニコーン,牡3,56,横山和生,2:02.4,同着,11.8,7.0,460(+2),[東] 奥村武,202201010506
3,6,11,アクロビンジャー,牡3,56,菱田裕二,2:02.5,1/2,5.4,3.0,462(+4),[東] 戸田博文,202201010506
4,1,2,オオキニ,牡3,56,藤岡佑介,2:02.6,1,4.6,2.0,444(+2),[西] 鈴木孝志,202201010506
5,3,5,マイネルイージス,牡3,56,丹内祐次,2:02.9,2,6.3,4.0,484(+2),[東] 清水英克,202201010506
6,5,9,シュティル,牡3,56,鮫島克駿,2:03.1,3/4,6.7,5.0,464(+8),[西] 橋口慎介,202201010506
7,8,15,スヴィルカーチ,セ3,53,鷲頭虎太,2:03.2,1.1/4,302.2,15.0,432(0),[西] 佐々木晶,202201010506
8,8,16,マイネルユヌスール,牡3,54,横山琉人,2:03.5,1.3/4,32.0,8.0,474(+4),[西] 五十嵐忠,202201010506
9,5,10,マイネルカグラ,牡3,54,小林凌大,2:03.6,クビ,48.6,9.0,498(+2),[東] 相沢郁,202201010506
10,2,4,ケーリエール,牡3,55,泉谷楓真,2:03.6,クビ,268.9,14.0,482(0),[西] 本田優,202201010506
11,4,8,キングレガリア,牡3,56,浜中俊,2:03.6,クビ,66.8,10.0,544(-8),[西] 吉岡辰弥,202201010506
12,1,1,ペララス,牡3,56,斎藤新,2:03.7,クビ,220.3,13.0,462(-3),[西] 牧田和弥,202201010506
13,7,13,トゥルーブルー,牡3,56,勝浦正樹,2:03.9,1.1/4,160.0,12.0,412(-8),[東] 的場均,202201010506
14,7,14,ヴァンドール,牡3,56,池添謙一,2:04.4,3,11.6,6.0,458(+18),[東] 大竹正博,202201010506
15,6,12,ウインソフィー,牝3,54,黛弘人,2:04.6,1.1/2,91.3,11.0,414(-5),[東] 青木孝文,202201010506
16,2,3,マジックゲール,牡3,55,秋山稔樹,2:04.6,クビ,421.5,16.0,470(-6),[東] 菊川正達,202201010506
1,7,8,サウンドブライアン,牡4,57,池添謙一,0:59.4,,3.1,1.0,486(-2),[西] 村山明,202201010507
2,5,5,サノノヒーロー,セ4,54,土田真翔,0:59.5,1,22.1,6.0,470(-4),[東] 尾形和幸,202201010507
3,8,10,トランペットシェル,セ5,55,横山琉人,0:59.6,クビ,7.0,5.0,490(0),[東] 大江原哲,202201010507
4,8,11,ヴァンデリオン,牡5,57,丸山元気,0:59.8,1.1/2,5.9,4.0,496(+6),[東] 根本康広,202201010507
5,7,9,デルマジゾウ,牡4,57,横山和生,1:00.0,1.1/4,46.9,9.0,480(-6),[東] 小野次郎,202201010507
6,4,4,プリティインピンク,牝4,53,山田敬士,1:00.1,1/2,4.2,3.0,430(0),[東] 小手川準,202201010507
7,3,3,メイショウサトワ,牡4,56,泉谷楓真,1:00.1,クビ,34.3,7.0,526(+8),[西] 大橋勇樹,202201010507
8,6,7,コンバットマーチ,牝5,55,古川吉洋,1:00.2,3/4,41.4,8.0,464(-4),[西] 藤沢則雄,202201010507
9,2,2,カツノサンキュウ,牡4,57,黛弘人,1:00.3,クビ,134.3,10.0,482(+2),[東] 萱野浩二,202201010507
10,1,1,フウゲツムヘン,牝3,49,西塚洸二,1:00.7,2.1/2,3.8,2.0,434(-4),[東] 新開幸一,202201010507
11,6,6,メイショウムート,牡4,54,大久保友,1:01.0,1.3/4,260.8,11.0,436(-4),[東] 佐藤吉勝,202201010507
1,2,2,カラフルキューブ,牝3,52,藤岡佑介,1:45.6,,3.9,2.0,462(-4),[西] 高野友和,202201010508
2,7,12,タマモタップダンス,牝3,50,小林凌大,1:45.8,1.1/4,4.7,3.0,494(+6),[東] 伊藤圭三,202201010508
3,3,4,セレッソ,牝3,52,横山和生,1:45.8,クビ,3.6,1.0,472(+2),[西] 長谷川浩,202201010508
4,6,9,センタースリール,牝3,52,丹内祐次,1:46.2,2,31.2,9.0,462(-2),[東] 本間忍,202201010508
5,3,3,マヤローザ,牝4,53,山田敬士,1:46.8,3.1/2,88.9,11.0,436(-8),[西] 大橋勇樹,202201010508
6,8,14,ラブエスポー,牝5,54,泉谷楓真,1:46.8,クビ,12.8,6.0,466(-6),[東] 蛯名利弘,202201010508
7,5,7,ルージュジャドール,牝4,55,勝浦正樹,1:46.9,1/2,90.1,12.0,446(0),[東] 伊坂重信,202201010508
8,1,1,ウィルフルネス,牝3,52,菱田裕二,1:47.1,1,12.6,5.0,472(+2),[西] 四位洋文,202201010508
9,5,8,ラピドゥス,牝3,52,吉田隼人,1:47.1,クビ,15.9,7.0,488(+10),[西] 高柳大輔,202201010508
10,7,11,ケイツーマルカ,牝4,55,古川吉洋,1:47.8,4,38.2,10.0,500(-10),[東] 鈴木伸尋,202201010508
11,8,13,トーホウジュナール,牝4,53,角田大和,1:48.2,2.1/2,25.1,8.0,474(0),[西] 高橋亮,202201010508
12,4,6,プリーチトヤーン,牝3,52,斎藤新,1:48.5,2,6.4,4.0,472(-8),[東] 斎藤誠,202201010508
13,6,10,ホウオウハイエスト,牝4,55,岩田望来,1:48.8,2,105.6,13.0,524(+6),[東] 矢野英一,202201010508
14,4,5,ソヨギ,牝5,53,横山琉人,1:49.3,3,226.4,14.0,476(-2),[東] 粕谷昌央,202201010508
1,8,11,スカイフォール,牡3,54,横山和生,1:48.9,,2.7,1.0,474(-8),[西] 昆貢,202201010509
2,1,1,サルサロッサ,牝3,52,鮫島克駿,1:49.5,3.1/2,3.9,2.0,452(0),[東] 高柳瑞樹,202201010509
3,6,7,ジャスティンカツミ,牡3,54,吉田隼人,1:49.5,アタマ,5.7,4.0,498(-4),[西] 杉山晴紀,202201010509
4,7,9,コスモミローディア,牡6,57,丹内祐次,1:49.5,クビ,17.5,5.0,490(+4),[東] 天間昭一,202201010509
5,7,8,ポケットシンデレラ,牝3,52,黛弘人,1:49.6,3/4,43.3,9.0,412(-18),[東] 青木孝文,202201010509
6,2,2,メイレンシュタイン,セ4,57,丸山元気,1:49.7,クビ,41.0,8.0,452(0),[東] 勢司和浩,202201010509
7,8,10,コスモアシュラ,牡4,57,菱田裕二,1:49.8,3/4,18.5,6.0,522(+10),[東] 中野栄治,202201010509
8,4,4,ディープレイヤー,牡3,54,武豊,1:49.9,3/4,4.0,3.0,482(+14),[東] 大和田成,202201010509
9,6,6,アウトレイジング,牡4,57,泉谷楓真,1:50.6,4,75.1,11.0,422(+6),[東] 岩戸孝樹,202201010509
10,5,5,メイショウイナセ,セ5,57,勝浦正樹,1:50.7,1/2,43.4,10.0,424(+9),[東] 南田美知,202201010509
11,3,3,クロステック,牡3,54,斎藤新,1:51.4,4,39.8,7.0,470(+4),[西] 大久保龍,202201010509
1,4,6,クレスコジョケツ,牝3,52,鮫島克駿,1:45.6,,2.9,1.0,478(+4),[西] 木原一良,202201010510
2,6,10,シンヨモギネス,牡4,55,丹内祐次,1:45.8,1.1/4,5.7,2.0,482(+2),[東] 伊藤圭三,202201010510
3,8,14,コスモセイリュウ,牡5,54,斎藤新,1:46.1,1.3/4,13.7,7.0,496(-4),[東] 中野栄治,202201010510
4,4,5,モズマゾク,牡4,56,武豊,1:46.2,1/2,7.4,4.0,486(0),[西] 南井克巳,202201010510
5,3,3,マイネルレンカ,牡8,53,泉谷楓真,1:46.6,2.1/2,86.1,13.0,470(0),[東] 鈴木慎太,202201010510
6,5,8,ストラテジーマップ,セ5,54,横山和生,1:46.7,1/2,6.9,3.0,474(+2),[東] 菊沢隆徳,202201010510
7,7,11,リズムオブザナイト,牡4,54,岩田望来,1:46.8,1/2,23.9,10.0,486(0),[東] 田中剛,202201010510
8,2,2,キゾク,牡4,54,池添謙一,1:46.8,アタマ,15.7,9.0,490(-4),[西] 池添兼雄,202201010510
9,7,12,アメリカンエール,牡4,55,菱田裕二,1:46.9,クビ,12.3,5.0,504(0),[東] 戸田博文,202201010510
10,3,4,デルマラピスラズリ,牡5,54,勝浦正樹,1:47.1,1.1/2,112.0,14.0,518(-2),[東] 小野次郎,202201010510
11,8,13,ロードオブザチェコ,牡4,53,柴山雄一,1:47.4,1.1/2,40.3,11.0,502(+4),[東] 石栗龍彦,202201010510
12,1,1,クールファイブ,牡4,54,原田和真,1:47.5,1,77.0,12.0,488(0),[東] 堀内岳志,202201010510
13,5,7,サヴァビアン,牡4,54,丸山元気,1:48.8,8,13.3,6.0,430(0),[西] 羽月友彦,202201010510
14,6,9,ロンドンデリーエア,牡5,55,藤岡佑介,1:49.1,2,14.8,8.0,470(+2),[西] 武英智,202201010510
1,2,2,ハーツイストワール,牡6,56,武豊,2:41.5,,3.3,1.0,474(-6),[東] 国枝栄,202201010511
2,1,1,ゴールドギア,牡7,57,横山和生,2:41.5,クビ,13.9,7.0,482(0),[東] 伊藤圭三,202201010511
3,8,10,ボスジラ,牡6,57,藤岡佑介,2:41.7,1,4.4,2.0,504(-6),[東] 国枝栄,202201010511
4,3,3,テンカハル,牡4,56,浜中俊,2:41.7,クビ,7.1,5.0,504(+16),[西] 矢作芳人,202201010511
5,6,6,ディバインフォース,牡6,58,池添謙一,2:41.8,3/4,6.3,4.0,466(+4),[西] 寺島良,202201010511
6,7,7,アドマイヤアルバ,セ7,56,原田和真,2:42.0,3/4,40.5,9.0,474(0),[東] 堀内岳志,202201010511
7,8,9,マンオブスピリット,セ5,56,菱田裕二,2:42.0,アタマ,25.5,8.0,488(-2),[西] 斉藤崇史,202201010511
8,4,4,ベスビアナイト,セ5,56,岩田望来,2:42.1,1/2,5.9,3.0,490(-10),[東] 国枝栄,202201010511
9,5,5,サトノラディウス,セ6,56,川島信二,2:42.6,3,55.8,10.0,486(0),[西] 新谷功一,202201010511
10,7,8,タイセイモンストル,牡5,56,吉田隼人,2:42.7,3/4,9.4,6.0,486(+6),[西] 矢作芳人,202201010511
1,2,2,エープラス,牝4,55,斎藤新,1:29.3,,61.2,10.0,482(-6),[東] 池上昌和,202201010512
2,4,6,ヴェントボニート,牝5,55,池添謙一,1:29.3,クビ,2.7,1.0,428(-2),[西] 池添学,202201010512
3,5,8,モンタナアゲート,牡3,54,岩田望来,1:29.3,ハナ,3.3,2.0,552(+6),[東] 和田正一,202201010512
4,6,9,サザンステート,牡3,54,浜中俊,1:29.4,クビ,21.3,6.0,468(+4),[西] 松永幹夫,202201010512
5,3,3,レディズビーク,牝3,50,角田大和,1:29.4,クビ,6.0,4.0,456(+20),[西] 池江泰寿,202201010512
6,8,14,フラリオナ,牝4,55,藤岡佑介,1:29.7,1.1/2,38.4,8.0,418(0),[西] 平田修,202201010512
7,7,11,ナバロン,牡3,54,菱田裕二,1:29.9,1.1/2,17.0,5.0,482(+4),[西] 杉山佳明,202201010512
8,8,13,ビヨンドザタイム,牡3,54,吉田隼人,1:29.9,クビ,34.2,7.0,442(-6),[東] 金成貴史,202201010512
9,1,1,ユキヤナギ,牝3,52,勝浦正樹,1:30.1,1.1/4,45.0,9.0,448(+6),[東] 的場均,202201010512
10,6,10,ジャンドゥーヤ,牝4,54,秋山稔樹,1:30.3,1.1/4,76.9,12.0,448(-10),[西] 小林真也,202201010512
11,3,4,エクラノーブル,牝3,52,鮫島克駿,1:30.3,ハナ,5.2,3.0,420(-4),[西] 中村直也,202201010512
12,4,5,キャットリング,牝4,55,古川吉洋,1:30.7,2.1/2,220.6,14.0,420(-4),[西] 藤沢則雄,202201010512
13,7,12,ガルブグリーン,牝3,50,横山琉人,1:31.2,3,190.8,13.0,444(+2),[東] 相沢郁,202201010512
14,5,7,ヴィクトリオン,セ4,57,丸山元気,1:31.9,4,70.6,11.0,502(-4),[西] 羽月友彦,202201010512
1,8,11,サトノミスチーフ,牡2,54,富田暁,1:49.2,,2.9,1.0,480(0),[西] 平田修,202201010601
2,7,8,キスオンザビーチ,牝2,54,鮫島克駿,1:50.2,6,3.8,2.0,470(-8),[西] 中村直也,202201010601
3,5,5,ハットグットゲット,牡2,54,丹内祐次,1:50.7,3,14.6,6.0,514(+2),[東] 杉浦宏昭,202201010601
4,8,10,シンドバッド,牡2,52,角田大和,1:51.2,3,16.0,7.0,468(+4),[西] 寺島良,202201010601
5,7,9,シャイナライ,牝2,54,黛弘人,1:51.4,1.1/4,38.2,8.0,430(-4),[東] 宗像義忠,202201010601
6,1,1,サグアロ,牡2,52,横山琉人,1:51.7,2,5.8,3.0,516(+20),[西] 高野友和,202201010601
7,6,7,シゲルヴィンセント,牡2,54,勝浦正樹,1:52.8,7,111.3,11.0,492(-2),[東] 水野貴広,202201010601
8,2,2,マローディープ,牡2,54,石川裕紀,1:52.9,クビ,10.0,5.0,506(+4),[東] 木村哲也,202201010601
9,3,3,ジャンマギアーナ,牡2,54,吉田隼人,1:53.0,3/4,7.7,4.0,476(+10),[西] 中竹和也,202201010601
10,4,4,ブルーシャトー,牡2,54,丸山元気,1:53.6,3.1/2,67.1,9.0,494(-10),[東] 根本康広,202201010601
11,6,6,モルデュール,牡2,54,水口優也,1:55.5,大,73.2,10.0,470(+14),[西] 池添兼雄,202201010601
1,8,12,メルシー,牝3,54,武豊,0:59.3,,2.0,1.0,422(+4),[西] 今野貞一,202201010602
2,7,9,サリーチャン,牝3,53,秋山稔樹,0:59.5,1.1/4,54.4,9.0,448(+6),[東] 石栗龍彦,202201010602
3,7,10,ベジェサ,牝3,54,池添謙一,0:59.6,1/2,6.2,3.0,496(+10),[西] 飯田祐史,202201010602
4,5,6,タイコネン,牝3,51,西塚洸二,1:00.4,5,156.8,12.0,450(+2),[東] 水野貴広,202201010602
5,5,5,テステッソ,牡3,56,黛弘人,1:00.4,ハナ,140.7,11.0,432(+4),[東] 伊藤大士,202201010602
6,2,2,ルルネージュ,牝3,54,勝浦正樹,1:00.5,1/2,10.1,4.0,480(+4),[東] 武市康男,202201010602
7,4,4,クリスタルローズ,牝3,52,小林凌大,1:00.5,ハナ,15.3,6.0,484(0),[東] 土田稔,202201010602
8,8,11,クインズハッピー,牝3,54,石川裕紀,1:00.5,ハナ,46.4,8.0,450(+4),[東] 和田正一,202201010602
9,6,8,サバンナチャンス,牝3,52,横山琉人,1:00.7,3/4,3.7,2.0,466(+2),[東] 竹内正洋,202201010602
10,6,7,タイセイレーヴ,牡3,56,川又賢治,1:00.8,3/4,29.4,7.0,500(-4),[西] 矢作芳人,202201010602
11,1,1,ビュートラン,牝3,52,山田敬士,1:01.7,5,124.9,10.0,480(-18),[東] 牧光二,202201010602
12,3,3,トキメキナイト,牡3,56,丹内祐次,1:02.3,4,11.8,5.0,462(-14),[東] 武藤善則,202201010602
1,5,10,サトノゼノビア,牝3,54,浜中俊,2:00.8,,17.0,9.0,472(-4),[東] 国枝栄,202201010603
2,8,15,イルモンド,牝3,54,菱田裕二,2:00.8,クビ,5.1,1.0,470(-2),[東] 池上昌和,202201010603
3,2,3,トーセンシエロ,牝3,54,横山和生,2:00.9,クビ,5.3,2.0,430(0),[東] 小野次郎,202201010603
4,4,7,スコールユニバンス,牝3,54,石川裕紀,2:01.1,1.1/2,5.8,3.0,444(-10),[西] 矢作芳人,202201010603
5,1,1,ソングフォーマーヤ,牝3,54,武豊,2:01.3,3/4,9.1,5.0,460(+4),[西] 牧田和弥,202201010603
6,3,6,ナンベイコー,牝3,54,吉田隼人,2:01.3,アタマ,10.4,6.0,426(-8),[東] 尾形和幸,202201010603
7,6,11,ベアーザベル,牝3,54,鮫島克駿,2:01.4,3/4,6.1,4.0,432(-4),[西] 渡辺薫彦,202201010603
8,1,2,ディープクイーン,牝3,54,富田暁,2:01.6,1,46.3,11.0,388(-4),[西] 武英智,202201010603
9,2,4,ルグランブルー,牝3,51,西塚洸二,2:01.6,1/2,166.0,15.0,436(0),[東] 鹿戸雄一,202201010603
10,4,8,シルバーリング,牝3,54,池添謙一,2:01.7,クビ,12.3,7.0,456(+4),[西] 上村洋行,202201010603
11,6,12,ジェトライ,牝3,52,角田大和,2:01.8,3/4,12.8,8.0,478(+2),[西] 中内田充,202201010603
12,3,5,スズカマース,牝3,51,鷲頭虎太,2:01.8,クビ,73.9,13.0,468(-4),[西] 橋田満,202201010603
13,8,16,ヤマニンエピュレ,牝3,54,黛弘人,2:02.1,1.3/4,62.7,12.0,432(-8),[東] 稲垣幸雄,202201010603
14,7,13,ウォーターレクラ,牝3,54,古川吉洋,2:02.5,2,20.7,10.0,416(0),[西] 岡田稲男,202201010603
15,5,9,ララサンシャイン,牝3,54,柴山雄一,2:02.6,1/2,311.5,16.0,416(+12),[西] 千田輝彦,202201010603
16,7,14,ケイカ,牝3,51,大久保友,2:08.1,大,113.6,14.0,456(+8),[西] 庄野靖志,202201010603
1,5,8,セイウンガレオン,牡3,56,黛弘人,1:47.8,,8.0,5.0,528(0),[東] 奥平雅士,202201010604
2,6,9,シャンダス,牡3,56,丹内祐次,1:48.4,3.1/2,3.9,1.0,468(+12),[東] 杉浦宏昭,202201010604
3,7,11,キージュピター,牡3,55,秋山稔樹,1:48.6,1.1/2,14.9,7.0,482(+8),[東] 青木孝文,202201010604
4,7,12,ウォータージオード,牡3,56,鮫島克駿,1:48.7,3/4,4.9,3.0,480(-12),[西] 岡田稲男,202201010604
5,5,7,テイエムビシャモン,牡3,56,古川吉洋,1:48.8,クビ,5.1,4.0,492(0),[西] 木原一良,202201010604
6,6,10,クチャモザクワジャ,牡3,53,鷲頭虎太,1:48.9,クビ,11.4,6.0,504(-8),[西] 奥村豊,202201010604
7,4,5,ゲーテ,セ3,54,角田大和,1:49.3,2.1/2,30.4,8.0,470(-10),[西] 武幸四郎,202201010604
8,3,4,アルカンサス,牡3,56,丸山元気,1:49.5,1.1/2,68.2,9.0,454(-6),[東] 土田稔,202201010604
9,8,13,チャコワールド,牡3,56,菱田裕二,1:50.1,3.1/2,70.2,10.0,430(0),[西] 鮫島一歩,202201010604
10,8,14,タッカーステート,牡3,53,西塚洸二,1:50.7,3.1/2,138.5,12.0,446(+4),[東] 鈴木伸尋,202201010604
11,2,2,シエル,牝3,54,横山和生,1:51.2,2.1/2,4.3,2.0,464(+2),[西] 安田翔伍,202201010604
12,4,6,ルーシッド,牡3,52,古川奈穂,1:51.6,2.1/2,91.5,11.0,486(+6),[西] 高柳大輔,202201010604
13,1,1,サンマルカーラ,牝3,52,山田敬士,1:52.4,5,193.3,14.0,478(-2),[西] 大橋勇樹,202201010604
14,3,3,ルネッタ,牝3,52,横山琉人,1:53.0,3.1/2,177.4,13.0,410(+6),[東] 田島俊明,202201010604
1,4,4,エイトスターズ,牝2,54,吉田隼人,1:51.2,,4.1,2.0,468(0),[西] 坂口智康,202201010605
2,8,8,フェネストラ,牝2,54,横山和生,1:51.2,クビ,2.5,1.0,422(0),[西] 清水久詞,202201010605
3,8,9,ビキニボーイ,牡2,54,浜中俊,1:51.3,1/2,5.2,3.0,480(0),[西] 梅田智之,202201010605
4,5,5,ケイグンノイッカク,牝2,54,斎藤新,1:52.5,7,42.8,7.0,448(0),[東] 青木孝文,202201010605
5,3,3,メイショウネムノキ,牝2,54,池添謙一,1:52.7,1,9.2,5.0,488(0),[西] 池添兼雄,202201010605
6,7,7,ディアマイサン,牡2,54,鮫島克駿,1:52.8,3/4,6.8,4.0,516(0),[西] 松下武士,202201010605
7,2,2,ダリ,牡2,52,小林凌大,1:53.0,1.1/2,19.0,6.0,426(0),[東] 佐藤吉勝,202201010605
8,6,6,ヴァークスティ,牡2,52,横山琉人,1:54.0,6,73.6,9.0,456(0),[東] 相沢郁,202201010605
9,1,1,リアルマーヴェル,牡2,54,丹内祐次,1:54.4,2.1/2,54.4,8.0,478(0),[東] 小桧山悟,202201010605
1,1,1,ベッラアルバ,牝3,52,角田大和,2:40.8,,5.7,4.0,462(+6),[西] 中竹和也,202201010606
2,2,2,ダノンフロンティア,牡3,56,武豊,2:41.0,1.1/4,4.0,1.0,494(+8),[西] 中内田充,202201010606
3,7,11,ルヴェルディ,牡3,56,石川裕紀,2:41.5,3,4.9,2.0,472(+2),[東] 木村哲也,202201010606
4,3,4,ウィズザタイムズ,牝3,54,鮫島克駿,2:41.6,1/2,38.5,10.0,448(+2),[東] 竹内正洋,202201010606
5,4,6,メイショウフィガロ,牡3,56,浜中俊,2:41.8,1.1/4,65.6,12.0,446(+1),[西] 高橋義忠,202201010606
6,5,8,スピアヘッド,牡3,56,田中勝春,2:41.8,ハナ,5.1,3.0,440(+2),[東] 菊川正達,202201010606
7,4,5,ウインシュプリーム,牡3,56,柴山雄一,2:41.9,1/2,100.8,13.0,446(-6),[西] 加用正,202201010606
8,8,13,バンフィエルド,牡3,56,斎藤新,2:42.2,2,35.6,9.0,428(+6),[西] 奥村豊,202201010606
9,8,14,キタノズーナクア,牝3,54,吉田隼人,2:42.3,1/2,26.0,8.0,452(0),[東] 小笠倫弘,202201010606
10,3,3,ゼアズノープレイス,牡3,53,西塚洸二,2:42.7,2.1/2,50.1,11.0,480(+10),[東] 村田一誠,202201010606
11,6,10,コスモゴレアドール,牡3,56,丹内祐次,2:42.8,クビ,10.0,6.0,420(-4),[西] 吉田直弘,202201010606
12,5,7,ヴァーグエスタード,牡3,56,池添謙一,2:42.8,クビ,6.9,5.0,468(-6),[西] 石坂公一,202201010606
13,6,9,クラシカルオーサー,牡3,53,鷲頭虎太,2:44.0,7,162.6,14.0,466(+10),[東] 大和田成,202201010606
14,7,12,デザートスター,牡3,56,黛弘人,2:44.5,3,23.8,7.0,464(0),[東] 武井亮,202201010606
1,7,12,スズカマジェスタ,牡3,54,横山和生,1:46.6,,14.7,7.0,432(+4),[西] 須貝尚介,202201010607
2,5,8,ヒデノレインボー,牡3,54,浜中俊,1:46.8,1.1/4,3.3,1.0,470(+2),[西] 梅田智之,202201010607
3,4,5,パワーブローキング,牡3,54,丹内祐次,1:47.0,1.1/4,4.8,3.0,524(+4),[東] 栗田徹,202201010607
4,6,10,タイガ,牡5,53,古川奈穂,1:47.4,2.1/2,77.9,14.0,492(-6),[東] 堀内岳志,202201010607
5,3,4,ゲットアップ,セ4,57,松田大作,1:47.4,ハナ,30.7,9.0,470(-8),[東] 牧光二,202201010607
6,6,9,オクトニオン,牡3,54,石川裕紀,1:47.4,クビ,15.8,8.0,524(+8),[東] 斎藤誠,202201010607
7,3,3,ブレイクザアイス,牡3,54,勝浦正樹,1:47.5,クビ,12.7,5.0,450(+4),[東] 高橋裕,202201010607
8,7,11,ジルバーン,牡3,54,武豊,1:47.8,1.3/4,4.1,2.0,428(0),[西] 武英智,202201010607
9,8,14,サバンナモンキー,牡3,52,横山琉人,1:48.0,1.1/2,38.2,10.0,472(0),[東] 相沢郁,202201010607
10,8,13,ディーエスボンバー,牡4,57,古川吉洋,1:48.6,3.1/2,55.6,12.0,492(+4),[西] 岡田稲男,202201010607
11,2,2,フェズカズマ,牡3,54,斎藤新,1:48.8,1.1/2,13.9,6.0,482(0),[西] 安田隆行,202201010607
12,1,1,アテンパーティ,牡3,54,菱田裕二,1:48.9,クビ,38.8,11.0,448(0),[西] 谷潔,202201010607
13,5,7,パトリオットラン,牡3,51,鷲頭虎太,1:49.1,1.1/4,67.2,13.0,516(0),[西] 渡辺薫彦,202201010607
14,4,6,ウインバグース,牡3,54,鮫島克駿,1:49.5,2.1/2,10.6,4.0,476(+4),[西] 西園正都,202201010607
1,8,13,マイネルアルザス,牡3,52,横山琉人,2:00.8,,136.8,13.0,462(+4),[東] 菊川正達,202201010608
2,4,5,オメガデラックス,セ5,57,池添謙一,2:00.9,1/2,23.3,10.0,438(0),[西] 安田翔伍,202201010608
3,5,7,タフトテソーロ,牡3,54,鮫島克駿,2:00.9,アタマ,12.1,6.0,466(-2),[東] 高木登,202201010608
4,6,10,テーオーラファエロ,セ4,57,吉田隼人,2:00.9,クビ,22.7,9.0,458(+2),[西] 須貝尚介,202201010608
5,2,2,ホウオウプリンセス,牝6,53,角田大和,2:01.1,1.1/4,6.4,4.0,432(-28),[西] 吉岡辰弥,202201010608
6,6,9,マイネルシーマー,牡3,54,丹内祐次,2:01.2,1/2,6.2,3.0,494(+10),[東] 青木孝文,202201010608
7,3,4,グランスラムアスク,牝3,49,古川奈穂,2:01.2,クビ,8.1,5.0,452(-2),[西] 矢作芳人,202201010608
8,1,1,ブルーゲート,牝3,49,鷲頭虎太,2:01.4,1,3.5,1.0,436(+6),[東] 武井亮,202201010608
9,7,11,レシャバール,牡4,56,泉谷楓真,2:01.8,2.1/2,52.7,11.0,490(-4),[西] 池江泰寿,202201010608
10,3,3,ナザレ,牝3,49,西塚洸二,2:02.0,1.1/4,65.3,12.0,456(+6),[東] 武井亮,202201010608
11,7,12,スリーエクスプレス,牡3,52,小林凌大,2:02.0,クビ,15.1,8.0,486(+4),[東] 伊藤圭三,202201010608
12,4,6,タイミングハート,牡5,57,浜中俊,2:02.6,3.1/2,5.6,2.0,442(0),[西] 武幸四郎,202201010608
13,8,14,カレンレベンティス,牡4,57,横山和生,2:02.6,ハナ,13.7,7.0,452(-4),[東] 国枝栄,202201010608
14,5,8,サンレブンワース,牡3,54,荻野琢真,2:03.0,2.1/2,231.2,14.0,496(+2),[西] 長谷川浩,202201010608
1,7,12,アサケレディ,牝4,55,菱田裕二,1:47.9,,7.9,5.0,480(-2),[西] 大橋勇樹,202201010609
2,8,13,ルーツドール,牝5,55,吉田隼人,1:47.9,クビ,5.3,3.0,534(0),[西] 藤岡健一,202201010609
3,3,4,メタルスパーク,セ5,57,秋山稔樹,1:48.2,1.1/2,101.1,14.0,492(-4),[東] 菊川正達,202201010609
4,4,6,アケルナルスター,牡3,54,横山琉人,1:48.3,1.1/4,4.8,2.0,460(0),[東] 清水英克,202201010609
5,7,11,アインゲーブング,牝4,55,丹内祐次,1:48.4,クビ,12.3,6.0,446(0),[東] 黒岩陽一,202201010609
6,6,9,サウンドレベッカ,牝5,55,鮫島克駿,1:48.4,ハナ,25.8,8.0,462(-6),[西] 安達昭夫,202201010609
7,4,5,エンジェルサークル,牝5,55,浜中俊,1:48.4,ハナ,27.7,9.0,442(0),[東] 中川公成,202201010609
8,5,7,ジャミールフエルテ,セ6,57,松田大作,1:48.5,3/4,56.5,12.0,454(0),[西] 大久保龍,202201010609
9,2,2,カフジアスール,牡4,57,角田大和,1:48.6,3/4,6.1,4.0,480(+4),[西] 中竹和也,202201010609
10,8,14,グレースオブナイル,牝5,55,富田暁,1:48.8,1.1/4,50.2,11.0,444(-2),[東] 小笠倫弘,202201010609
11,3,3,ハーツラプソディ,牝4,55,武豊,1:49.0,3/4,3.9,1.0,506(+8),[西] 今野貞一,202201010609
12,1,1,ロッソモラーレ,牡5,57,黛弘人,1:49.3,2,29.4,10.0,472(+2),[東] 清水英克,202201010609
13,5,8,スワーヴシールズ,セ5,57,柴山雄一,1:49.3,クビ,80.8,13.0,490(-10),[西] 昆貢,202201010609
14,6,10,ウィスパリンホープ,牝5,55,横山和生,1:49.6,1.3/4,15.2,7.0,492(-6),[西] 昆貢,202201010609
1,1,1,ショウナンラスボス,牡4,57,浜中俊,1:08.6,,14.3,8.0,466(0),[東] 奥村武,202201010610
2,7,14,モンファボリ,牝4,55,武豊,1:08.6,クビ,3.2,1.0,458(+6),[西] 須貝尚介,202201010610
3,2,3,ヤマニンルリュール,牝4,55,鮫島克駿,1:08.6,アタマ,6.5,3.0,486(+8),[西] 木原一良,202201010610
4,3,6,ラキエータ,牝3,52,富田暁,1:08.7,3/4,8.7,4.0,416(+4),[西] 音無秀孝,202201010610
5,8,15,ヴィアドロローサ,牡3,54,横山和生,1:08.8,クビ,23.6,10.0,438(-14),[西] 安田隆行,202201010610
6,4,7,アラモードバイオ,牡4,57,吉田隼人,1:08.8,ハナ,15.6,9.0,514(-4),[西] 新谷功一,202201010610
7,6,12,クムシラコ,牡4,57,勝浦正樹,1:09.0,1.1/4,42.5,11.0,468(+6),[東] 石毛善彦,202201010610
8,6,11,ニューアリオン,牡4,57,菱田裕二,1:09.1,1/2,48.7,12.0,490(+12),[西] 新谷功一,202201010610
9,5,10,ピースマインド,牡9,57,泉谷楓真,1:09.1,ハナ,198.6,16.0,458(+2),[西] 宮徹,202201010610
10,7,13,カバーガール,牝4,55,石川裕紀,1:09.1,クビ,63.8,13.0,472(-4),[西] 清水久詞,202201010610
10,8,16,ニシノレバンテ,牡3,54,松田大作,1:09.1,同着,14.0,7.0,492(-2),[東] 栗田徹,202201010610
12,1,2,ネレイド,牝3,52,丸山元気,1:09.1,クビ,10.8,5.0,444(+4),[東] 粕谷昌央,202201010610
13,2,4,スターズプレミア,牡5,57,斎藤新,1:09.3,1.1/4,76.4,15.0,472(-2),[西] 池江泰寿,202201010610
14,3,5,ドロップオブライト,牝3,52,鷲頭虎太,1:09.3,ハナ,13.2,6.0,436(-6),[西] 松永昌博,202201010610
15,4,8,ラブリネスオーバー,牝3,52,西塚洸二,1:09.4,クビ,5.8,2.0,496(-4),[東] 高柳瑞樹,202201010610
16,5,9,サニーオーシャン,牡4,57,黛弘人,1:09.7,2,72.5,14.0,450(-12),[東] 中野栄治,202201010610
1,6,9,フルデプスリーダー,牡5,56,丹内祐次,1:44.2,,16.9,9.0,490(0),[東] 斎藤誠,202201010611
2,4,6,ウェルドーン,牝4,54,武豊,1:44.3,クビ,10.4,6.0,514(-4),[西] 角田晃一,202201010611
3,3,3,オメガレインボー,牡6,56,横山和生,1:44.4,クビ,5.5,2.0,466(+2),[西] 安田翔伍,202201010611
4,3,4,ブラッティーキッド,牡4,56,水口優也,1:44.4,クビ,5.2,1.0,498(-2),[西] 中尾秀正,202201010611
5,7,11,ロードレガリス,牡7,56,富田暁,1:44.5,クビ,7.6,5.0,528(+6),[西] 野中賢二,202201010611
6,5,7,ヒストリーメイカー,牡8,56,池添謙一,1:44.6,1/2,10.7,7.0,528(+8),[西] 新谷功一,202201010611
7,6,10,ブラックアーメット,牡4,56,角田大和,1:45.0,2.1/2,29.6,11.0,506(-4),[西] 角田晃一,202201010611
8,2,2,アイオライト,牡5,56,菱田裕二,1:45.0,クビ,6.7,3.0,480(-4),[東] 武藤善則,202201010611
9,7,12,スワーヴアラミス,牡7,58,松田大作,1:45.4,2.1/2,7.1,4.0,486(-3),[西] 須貝尚介,202201010611
10,8,13,バティスティーニ,牡9,56,鮫島克駿,1:45.4,ハナ,66.9,14.0,496(-2),[西] 池添学,202201010611
11,8,14,ダンツキャッスル,牡6,56,吉田隼人,1:46.0,3.1/2,24.6,10.0,474(-2),[西] 谷潔,202201010611
12,4,5,アメリカンシード,牡5,56,柴山雄一,1:46.2,1.1/4,34.7,12.0,474(-8),[西] 藤岡健一,202201010611
13,1,1,ロードエクレール,牡4,56,石川裕紀,1:46.5,1.1/2,14.2,8.0,470(-4),[東] 斎藤誠,202201010611
14,5,8,ダノンファラオ,牡5,58,浜中俊,1:46.5,ハナ,40.0,13.0,540(0),[西] 矢作芳人,202201010611
1,8,15,グラスミヤラビ,牝3,49,西塚洸二,1:08.8,,11.6,5.0,486(+6),[東] 大江原哲,202201010612
2,1,2,ディオアステリア,牝3,52,横山和生,1:08.9,アタマ,13.3,9.0,456(+4),[東] 小野次郎,202201010612
3,5,10,メルヴィル,牝3,52,武豊,1:09.0,3/4,2.4,1.0,436(+8),[西] 音無秀孝,202201010612
4,7,13,キャニオニング,牝4,54,秋山稔樹,1:09.1,1/2,69.9,14.0,444(-6),[東] 村田一誠,202201010612
5,8,16,ヒノクニ,牝3,50,山田敬士,1:09.3,1.1/2,12.4,7.0,450(+2),[東] 深山雅史,202201010612
6,2,3,メイショウソウゲツ,牝3,52,富田暁,1:09.4,1/2,8.7,3.0,460(+6),[西] 本田優,202201010612
7,3,5,ファントムルージュ,牝4,53,小林凌大,1:09.5,1/2,78.4,15.0,454(+4),[東] 萩原清,202201010612
8,1,1,スマイルアップ,牝3,52,丹内祐次,1:09.5,アタマ,13.1,8.0,430(+8),[東] 萱野浩二,202201010612
9,6,12,クローリスノキセキ,牝4,55,柴山雄一,1:09.5,ハナ,102.3,16.0,446(0),[東] 西田雄一,202201010612
10,4,8,トラーパニ,牝3,52,浜中俊,1:09.6,3/4,11.5,4.0,458(-2),[西] 上村洋行,202201010612
11,7,14,クレマチステソーロ,牝4,55,鮫島克駿,1:09.6,ハナ,12.0,6.0,482(+4),[東] 勢司和浩,202201010612
12,6,11,エターナルハート,牝5,53,角田大和,1:09.6,アタマ,67.2,13.0,412(0),[西] 今野貞一,202201010612
13,4,7,ルージュグラース,牝4,55,斎藤新,1:09.7,クビ,48.4,10.0,444(+20),[西] 安田隆行,202201010612
14,3,6,グリュレーヴ,牝4,53,横山琉人,1:09.7,クビ,63.5,12.0,500(+2),[西] 佐々木晶,202201010612
15,5,9,シンゼンコイチャン,牝3,52,池添謙一,1:10.2,3,53.6,11.0,468(+6),[西] 飯田祐史,202201010612
16,2,4,ゼロドラゴン,牝3,52,吉田隼人,1:10.5,1.3/4,7.8,2.0,446(+6),[西] 寺島良,202201010612
1,6,8,トーセンウォルト,牡2,54,横山武史,1:51.0,,7.8,4.0,454(+4),[東] 小桧山悟,202201020101
2,5,5,ジェモロジー,牝2,54,鮫島克駿,1:51.3,1.3/4,3.7,2.0,482(-4),[西] 橋口慎介,202201020101
3,3,3,トップナイフ,牡2,54,横山和生,1:51.4,クビ,3.4,1.0,490(-10),[西] 昆貢,202201020101
4,2,2,セクシーコマンドー,牡2,54,丸山元気,1:51.8,2.1/2,62.0,8.0,452(+2),[東] 鈴木慎太,202201020101
5,6,7,アオラキ,牡2,54,池添謙一,1:51.9,1/2,8.7,5.0,444(0),[東] 田村康仁,202201020101
6,8,11,ヒラリ,牝2,54,武豊,1:52.0,3/4,3.8,3.0,456(-8),[西] 武幸四郎,202201020101
7,8,12,シゲルノヴァ,牝2,54,菱田裕二,1:52.4,2.1/2,25.6,7.0,450(+4),[西] 谷潔,202201020101
8,7,9,テーオーレーズン,牝2,54,古川吉洋,1:52.6,1,129.2,10.0,420(-2),[西] 宮徹,202201020101
9,1,1,ゴンドワナ,牡2,52,小林凌大,1:52.6,クビ,20.6,6.0,476(-4),[東] 小島茂之,202201020101
10,5,6,キングオブザナイル,牡2,52,角田大和,1:53.4,5,101.2,9.0,484(+4),[西] 畑端省吾,202201020101
11,7,10,ハナサキポプラ,牝2,51,西塚洸二,1:53.7,1.3/4,251.2,12.0,444(+4),[西] 杉山佳明,202201020101
12,4,4,ザスターオブチグサ,牡2,54,黛弘人,1:56.3,大,166.7,11.0,434(+2),[東] 中野栄治,202201020101
1,3,4,イモータルフェイム,牝3,54,武豊,1:46.9,,5.1,2.0,466(+12),[東] 鹿戸雄一,202201020102
2,5,7,パーチル,牝3,54,黛弘人,1:47.4,3.1/2,25.8,11.0,436(+6),[東] 岩戸孝樹,202201020102
3,2,2,ウォーターアイアイ,牝3,54,古川吉洋,1:47.5,1/2,121.3,14.0,432(+2),[西] 岡田稲男,202201020102
4,6,9,サクラジェンヌ,牝3,54,丹内祐次,1:47.7,1.1/4,20.8,9.0,474(+14),[東] 和田勇介,202201020102
5,4,5,エギーユ,牝3,54,斎藤新,1:48.1,2.1/2,72.9,12.0,468(-6),[西] 長谷川浩,202201020102
6,5,8,ルクスディオン,牝3,52,横山琉人,1:48.6,3,7.0,3.0,444(+6),[西] 吉村圭司,202201020102
7,8,13,ウェルシュゴールド,牝3,54,勝浦正樹,1:48.6,アタマ,94.2,13.0,474(0),[東] 粕谷昌央,202201020102
8,6,10,コルティーナ,牝3,54,鮫島克駿,1:48.6,クビ,11.1,5.0,488(-2),[西] 橋口慎介,202201020102
9,7,11,ワーキングスタイル,牝3,54,菱田裕二,1:48.7,クビ,7.5,4.0,430(-8),[東] 田中博康,202201020102
10,8,14,オースピシャス,牝3,54,武藤雅,1:48.7,クビ,17.3,6.0,448(-2),[東] 伊坂重信,202201020102
11,3,3,マックロイド,牝3,52,小林凌大,1:48.8,3/4,22.4,10.0,468(0),[東] 上原博之,202201020102
12,1,1,ウォークル,牝3,51,鷲頭虎太,1:49.3,3,20.5,8.0,418(+4),[東] 大和田成,202201020102
13,7,12,シゲルハナミザケ,牝3,52,角田大和,1:49.3,アタマ,19.6,7.0,462(-2),[西] 鈴木孝志,202201020102
14,4,6,アンジュレイ,牝3,54,横山武史,1:51.5,大,2.6,1.0,470(-2),[西] 矢作芳人,202201020102
1,7,10,グラサージュ,牝3,54,武豊,0:59.4,,3.0,1.0,516(0),[東] 林徹,202201020103
2,5,6,ミルニュイ,牝3,54,藤岡佑介,0:59.4,ハナ,4.8,3.0,528(+2),[西] 茶木太樹,202201020103
3,2,2,パレフォーコン,牡3,56,横山武史,0:59.6,1.1/4,6.4,4.0,450(+2),[西] 鮫島一歩,202201020103
4,4,4,グランパドゥシャ,牝3,52,小林凌大,0:59.9,2,18.1,6.0,436(0),[東] 小西一男,202201020103
5,1,1,スローテキーラ,牝3,54,古川吉洋,1:00.0,3/4,101.1,12.0,460(0),[東] 西田雄一,202201020103
6,8,11,ギミーアワーズ,牡3,56,吉田隼人,1:00.3,1.1/2,50.8,10.0,454(-2),[東] 加藤士津,202201020103
7,6,8,タイコネン,牝3,51,西塚洸二,1:00.3,クビ,86.0,11.0,456(+6),[東] 水野貴広,202201020103
8,6,7,オーシンプラス,牡3,55,泉谷楓真,1:00.4,1/2,40.0,9.0,460(-8),[西] 宮徹,202201020103
9,3,3,オーブラック,牡3,56,丹内祐次,1:00.7,1.3/4,3.2,2.0,502(+2),[東] 青木孝文,202201020103
10,5,5,レッドブレンナー,牡3,56,斎藤新,1:01.0,1.3/4,14.3,5.0,476(+4),[西] 安田隆行,202201020103
11,7,9,シェリーココ,牝3,51,鷲頭虎太,1:01.1,3/4,30.5,7.0,438(+2),[西] 佐々木晶,202201020103
12,8,12,テステッソ,牡3,56,黛弘人,1:01.3,1.1/4,31.0,8.0,426(-6),[東] 伊藤大士,202201020103
1,7,11,ジョーカーブラウン,牡3,56,丹内祐次,1:46.2,,3.5,1.0,518(+2),[東] 松山将樹,202201020104
2,6,10,ベニッシモ,牡3,56,丸山元気,1:46.6,2.1/2,4.0,3.0,472(+6),[東] 伊藤大士,202201020104
3,2,2,ロルバーンスカイ,牡3,56,勝浦正樹,1:47.2,3.1/2,12.7,6.0,448(+4),[東] 新開幸一,202201020104
4,8,14,エスティメート,牡3,56,黛弘人,1:47.2,アタマ,83.3,11.0,462(0),[東] 加藤和宏,202201020104
5,5,8,アグネスリュウ,牡3,56,松田大作,1:47.2,ハナ,14.7,7.0,538(+8),[西] 宮本博,202201020104
6,5,7,キョウエイディーズ,牝3,54,斎藤新,1:47.3,クビ,6.8,4.0,434(+2),[西] 森田直行,202201020104
7,1,1,キングクー,牡3,56,吉田隼人,1:47.6,1.3/4,3.8,2.0,488(-8),[西] 武幸四郎,202201020104
8,8,13,シュガービート,牡3,56,菱田裕二,1:48.0,2.1/2,65.2,9.0,440(-10),[東] 池上昌和,202201020104
9,7,12,ミスピュアハート,牝3,54,荻野琢真,1:48.3,1.3/4,32.1,8.0,434(+4),[西] 大久保龍,202201020104
10,6,9,リュウノイチモンジ,牡3,54,小林凌大,1:48.5,1.1/2,266.5,14.0,478(0),[西] 牧田和弥,202201020104
11,4,6,オーロロッソ,牡3,54,角田大和,1:48.8,1.1/2,12.7,5.0,406(+4),[西] 野中賢二,202201020104
12,3,4,ベルウッドメルシー,牡3,55,泉谷楓真,1:49.4,3.1/2,106.2,12.0,502(-10),[東] 辻哲英,202201020104
13,4,5,ピューリファイ,牡3,56,武藤雅,1:50.1,4,68.9,10.0,470(-6),[東] 西田雄一,202201020104
14,3,3,アフォガート,牡3,52,古川奈穂,1:51.9,大,181.5,13.0,464(-8),[東] 浅野洋一,202201020104
1,4,5,アースビート,牝2,52,小林凌大,1:31.1,,8.0,4.0,442(0),[東] 伊藤圭三,202201020105
2,3,4,シャルラハロート,牝2,54,武豊,1:31.1,アタマ,2.8,1.0,442(0),[西] 上村洋行,202201020105
3,1,1,フラミニア,牝2,54,横山武史,1:31.2,3/4,4.5,2.0,468(0),[東] 国枝栄,202201020105
4,3,3,メーテルコート,牝2,54,斎藤新,1:31.3,1/2,18.8,8.0,464(0),[西] 加用正,202201020105
5,6,10,モルフェブーケ,牝2,53,秋山稔樹,1:31.7,2.1/2,100.0,11.0,452(0),[東] 本間忍,202201020105
6,8,14,マヴォロンテ,牝2,54,松田大作,1:31.7,ハナ,16.7,7.0,468(0),[西] 松永幹夫,202201020105
7,7,12,ブルーペクトライト,牝2,54,池添謙一,1:31.8,アタマ,6.3,3.0,466(0),[西] 池添学,202201020105
8,8,13,バロットボックス,牝2,54,菱田裕二,1:31.8,クビ,15.1,6.0,452(0),[東] 宮田敬介,202201020105
9,5,7,コスモフーレイ,牝2,54,丹内祐次,1:31.9,クビ,43.3,9.0,430(0),[西] 五十嵐忠,202201020105
10,6,9,ピュアゴールド,牝2,54,鮫島克駿,1:31.9,クビ,54.6,10.0,420(0),[西] 小崎憲,202201020105
11,7,11,ハッピーミーク,牝2,54,吉田隼人,1:32.6,4,10.8,5.0,418(0),[東] 尾関知人,202201020105
12,4,6,ツキミズヒカリ,牝2,52,角田大和,1:33.1,3,150.1,13.0,420(0),[東] 小野次郎,202201020105
13,2,2,ヴィートディエース,牝2,53,泉谷楓真,1:33.6,3,137.1,12.0,420(0),[東] 小島茂之,202201020105
14,5,8,アポロシュシュ,牝2,54,武藤雅,1:36.5,大,171.8,14.0,464(0),[東] 武藤善則,202201020105
1,8,16,クレバーテースト,セ3,56,菱田裕二,2:03.6,,27.1,11.0,442(-2),[西] 武幸四郎,202201020106
2,7,13,アルバスドラコ,牡3,56,吉田隼人,2:03.7,3/4,5.1,2.0,472(-6),[東] 堀宣行,202201020106
3,7,14,ブレッシングクライ,牡3,56,浜中俊,2:03.8,1/2,8.1,4.0,488(+8),[西] 奥村豊,202201020106
4,5,10,マイトシップ,牡3,56,池添謙一,2:03.9,1/2,25.6,10.0,410(0),[西] 橋田満,202201020106
5,2,3,チカレンヌ,牝3,54,武豊,2:03.9,アタマ,6.0,3.0,434(+8),[西] 小崎憲,202201020106
6,1,2,ヴァンデスト,牝3,54,丹内祐次,2:04.0,クビ,8.5,5.0,398(-2),[東] 松山将樹,202201020106
7,6,12,アレナリア,牝3,52,山田敬士,2:04.2,1.1/4,143.3,16.0,424(+4),[東] 粕谷昌央,202201020106
8,8,15,ユイ,牝3,51,大久保友,2:04.2,クビ,28.7,12.0,448(+10),[西] 高橋康之,202201020106
9,2,4,ティグル,牡3,56,鮫島克駿,2:04.4,1.1/4,4.7,1.0,472(+14),[西] 中竹和也,202201020106
10,1,1,ヴァリッド,牝3,51,西塚洸二,2:04.7,1.3/4,19.4,8.0,426(0),[西] 渡辺薫彦,202201020106
11,4,8,ヴェンチュラスカイ,セ3,56,武藤雅,2:04.7,ハナ,40.0,13.0,462(-16),[東] 小島茂之,202201020106
12,3,5,レモンケーキ,牝3,54,古川吉洋,2:04.7,クビ,8.8,6.0,430(0),[西] 岡田稲男,202201020106
13,5,9,ロードアライアンス,牡3,54,角田大和,2:04.9,3/4,14.8,7.0,432(+4),[西] 野中賢二,202201020106
14,6,11,ジャンヌノツルギ,牝3,54,藤岡佑介,2:05.4,3,23.9,9.0,454(+8),[東] 小笠倫弘,202201020106
15,3,6,トレフォイル,牝3,52,横山琉人,2:05.8,2.1/2,61.1,14.0,462(0),[東] 深山雅史,202201020106
16,4,7,ジャグアーロ,牡3,52,古川奈穂,2:05.9,3/4,127.6,15.0,438(-2),[西] 杉山晴紀,202201020106
1,2,2,クローリスノキセキ,牝4,55,横山武史,0:59.1,,4.8,3.0,448(+2),[東] 西田雄一,202201020107
2,5,5,キリシマタウン,牡3,52,角田大和,0:59.5,2.1/2,2.9,1.0,440(0),[東] 天間昭一,202201020107
3,7,9,ベストチャーム,牝6,53,横山琉人,0:59.7,1.1/2,17.2,8.0,436(+10),[西] 松下武士,202201020107
4,7,8,サンランシング,牝4,53,小林凌大,0:59.7,アタマ,8.1,5.0,478(+6),[東] 新開幸一,202201020107
5,8,10,タイガークリスエス,牡3,54,武豊,0:59.8,アタマ,7.9,4.0,472(+8),[西] 大橋勇樹,202201020107
6,6,6,ヤマイチエスポ,牝3,52,古川吉洋,0:59.9,1/2,14.3,6.0,470(-2),[西] 中尾秀正,202201020107
7,6,7,メイショウサトワ,牡4,56,泉谷楓真,1:00.1,1.1/4,14.8,7.0,518(-8),[西] 大橋勇樹,202201020107
8,1,1,サンマルカーラ,牝3,50,山田敬士,1:00.6,3,203.1,10.0,476(-2),[西] 大橋勇樹,202201020107
9,3,3,カグラマツリウタ,牝3,52,浜中俊,1:01.6,6,4.6,2.0,460(-6),[西] 角田晃一,202201020107
10,8,11,インゴットバード,牡4,57,鮫島克駿,1:01.7,3/4,25.2,9.0,486(-6),[西] 牧田和弥,202201020107
11,4,4,サクラトップメジャ,牝4,55,井上敏樹,1:01.9,1.1/4,251.0,11.0,432(-8),[東] 武市康男,202201020107
1,8,11,ジェンヌ,牝3,52,吉田隼人,2:42.2,,5.6,4.0,420(-4),[西] 安達昭夫,202201020108
2,2,2,エンドウノハナ,牡3,54,菱田裕二,2:42.5,1.1/2,8.7,5.0,456(+4),[西] 四位洋文,202201020108
3,6,6,スカイテラス,牡5,57,鮫島克駿,2:43.0,3,5.1,3.0,498(+8),[東] 和田正一,202201020108
4,7,8,アイスジェイド,牡5,57,斎藤新,2:43.3,2,33.2,10.0,482(-6),[西] 牧田和弥,202201020108
5,1,1,キントリヒ,牡3,54,横山武史,2:43.4,クビ,3.7,1.0,466(+10),[東] 矢野英一,202201020108
6,8,10,マイネルメサイア,牡3,54,丹内祐次,2:43.9,3.1/2,4.3,2.0,460(-8),[東] 手塚貴久,202201020108
7,5,5,ヒルノロワール,牡3,54,古川吉洋,2:44.2,1.3/4,40.6,11.0,488(+6),[西] 北出成人,202201020108
8,4,4,ビヨンドザリミット,牝3,50,角田大和,2:44.4,1,24.0,9.0,458(-8),[東] 武井亮,202201020108
9,6,7,ギンノサジ,牝4,55,武藤雅,2:44.4,クビ,19.6,8.0,482(-2),[東] 松永康利,202201020108
10,7,9,マンインザミラー,牡4,57,武豊,2:45.6,7,16.2,6.0,500(+2),[西] 池江泰寿,202201020108
11,3,3,ミッキーセレスタ,牡4,57,浜中俊,2:49.5,大,16.5,7.0,528(+8),[東] 国枝栄,202201020108
1,8,9,モリアーナ,牝2,54,武藤雅,1:50.0,,2.3,1.0,462(+2),[東] 武藤善則,202201020109
2,4,4,ドゥアイズ,牝2,54,吉田隼人,1:50.3,2,6.5,3.0,448(0),[西] 庄野靖志,202201020109
3,1,1,ウェイビー,牝2,54,鮫島克駿,1:50.3,クビ,4.2,2.0,514(+2),[西] 西村真幸,202201020109
4,5,5,アンテロース,牡2,54,武豊,1:51.0,4,7.0,4.0,440(+4),[西] 岡田稲男,202201020109
5,2,2,シンゼンイズモ,牡2,54,浜中俊,1:51.2,1.1/2,14.2,6.0,494(+6),[西] 荒川義之,202201020109
6,8,8,タイガーチャージ,牡2,54,落合玄太,1:51.8,3.1/2,61.2,7.0,482(+8),[地] 田中淳司,202201020109
7,3,3,マイネルズーメン,牡2,54,丹内祐次,1:52.3,3,7.7,5.0,406(+2),[東] 和田勇介,202201020109
8,6,6,フォーカスオンミー,牡2,54,服部茂史,1:53.3,6,76.1,8.0,462(+6),[地] 田中淳司,202201020109
9,7,7,グロリアヴェルデ,牡2,54,菱田裕二,1:53.4,クビ,127.3,9.0,494(-6),[地] 佐久間雅,202201020109
1,3,3,グレイトオーサー,セ5,57,藤岡佑介,1:29.8,,12.5,5.0,494(-20),[東] 堀宣行,202201020110
2,7,12,ココリホウオウ,牡4,57,横山和生,1:29.8,クビ,5.5,4.0,466(-6),[東] 古賀慎明,202201020110
3,1,1,イズンシーラブリー,牝4,55,横山武史,1:30.1,2,3.5,1.0,424(0),[東] 加藤征弘,202201020110
4,5,7,シティレインボー,牡4,57,池添謙一,1:30.3,1,4.7,3.0,472(-8),[西] 池添兼雄,202201020110
5,3,4,ペドラフォルカ,牝4,55,古川吉洋,1:30.3,クビ,23.7,8.0,462(0),[西] 上村洋行,202201020110
6,2,2,ワザモノ,牡4,57,黛弘人,1:30.3,アタマ,12.6,6.0,502(+6),[東] 尾関知人,202201020110
7,4,5,プレトリア,セ7,57,丹内祐次,1:30.5,1.1/4,43.6,10.0,466(-2),[東] 中川公成,202201020110
8,8,14,サトノルーチェ,牝4,55,武豊,1:30.6,1/2,16.8,7.0,412(-14),[西] 吉村圭司,202201020110
9,8,13,アバンチュリエ,牡3,54,鮫島克駿,1:30.6,ハナ,4.3,2.0,474(0),[東] 大竹正博,202201020110
10,5,8,デルマカンノン,牝4,55,秋山稔樹,1:30.8,1.1/4,34.9,9.0,450(-4),[西] 五十嵐忠,202201020110
11,7,11,ミモザイエロー,牝6,55,大久保友,1:30.9,クビ,47.5,11.0,466(0),[東] 戸田博文,202201020110
12,6,10,ハッピーホンコン,牡4,57,落合玄太,1:31.1,1.1/2,155.4,12.0,456(+2),[地] 田中淳司,202201020110
13,6,9,ジャガード,牡4,57,川島信二,1:31.1,ハナ,215.6,13.0,424(-2),[東] 和田雄二,202201020110
14,4,6,シベリアンタイガー,セ11,57,横山琉人,1:31.3,1.1/4,265.1,14.0,470(-12),[東] 加藤和宏,202201020110
1,7,11,オセアダイナスティ,牡4,57,横山武史,1:44.8,,8.7,4.0,520(+2),[東] 加藤征弘,202201020111
2,6,10,マイネルクロンヌ,牡5,57,丹内祐次,1:45.0,1.1/2,3.0,1.0,512(+6),[東] 青木孝文,202201020111
3,2,2,ペイシャキュウ,牝6,55,武豊,1:45.3,1.1/2,5.6,2.0,446(+4),[東] 蛯名利弘,202201020111
4,5,8,クインズバジル,牝4,55,浜中俊,1:45.7,2.1/2,37.2,9.0,468(-2),[西] 梅田智之,202201020111
5,4,5,モズピンポン,牡5,57,斎藤新,1:45.8,1,52.2,13.0,534(+8),[西] 矢作芳人,202201020111
6,8,13,キタノリューオー,牡4,57,丸山元気,1:45.9,1/2,9.3,5.0,476(+8),[東] 萱野浩二,202201020111
7,5,7,アベックフォルス,牡5,57,横山和生,1:46.0,クビ,17.7,8.0,484(+2),[東] 加藤士津,202201020111
8,4,6,ドゥラモンド,牡4,57,吉田隼人,1:46.0,クビ,6.0,3.0,494(+2),[東] 手塚貴久,202201020111
9,3,3,リキサントライ,牡4,57,池添謙一,1:46.1,クビ,9.6,6.0,500(+12),[西] 池添兼雄,202201020111
10,1,1,エグレムニ,牡5,57,鮫島克駿,1:46.2,1/2,37.3,10.0,498(0),[西] 加用正,202201020111
11,6,9,オレンジペコ,牝5,55,古川吉洋,1:46.4,1,16.5,7.0,484(+2),[西] 武英智,202201020111
12,8,14,ホッコーライデン,牡8,57,勝浦正樹,1:47.2,5,44.3,11.0,534(+6),[東] 松永康利,202201020111
13,3,4,ナイントゥファイブ,牝5,55,松田大作,1:48.8,10,61.9,14.0,468(-4),[西] 西園正都,202201020111
14,7,12,エクレルシー,牡4,57,藤岡佑介,1:49.4,3.1/2,48.0,12.0,508(+4),[東] 栗田徹,202201020111
1,8,15,バンデルオーラ,牡3,54,浜中俊,1:10.2,,3.6,1.0,470(-14),[西] 牧浦充徳,202201020112
2,7,14,スーリールダンジュ,牝3,52,藤岡佑介,1:10.4,1.1/4,5.5,2.0,478(0),[西] 中内田充,202201020112
3,3,5,ヒルノローザンヌ,牝3,52,鮫島克駿,1:10.5,クビ,6.0,3.0,484(+4),[西] 西村真幸,202201020112
4,6,12,グランチェイサー,セ5,57,黛弘人,1:10.5,アタマ,74.5,14.0,448(0),[東] 矢野英一,202201020112
5,1,1,ラピカズマ,牡4,57,菱田裕二,1:10.5,クビ,10.2,6.0,502(+4),[東] 高橋文雅,202201020112
6,4,7,グランアプロウソ,牡3,54,武豊,1:10.8,1.1/2,6.3,4.0,500(+10),[西] 松永幹夫,202201020112
7,5,10,グレイトミッション,牝4,53,角田大和,1:10.8,クビ,19.8,7.0,466(+2),[東] 菊川正達,202201020112
8,2,4,ホウオウエンジェル,牝5,55,丹内祐次,1:10.9,クビ,33.0,10.0,464(-4),[東] 加藤和宏,202201020112
9,3,6,レイヴンズコー,牡3,54,吉田隼人,1:11.0,1/2,7.4,5.0,494(0),[東] 大竹正博,202201020112
10,5,9,ノックトゥワイス,セ4,57,古川吉洋,1:11.0,ハナ,42.1,11.0,492(-4),[東] 大竹正博,202201020112
11,4,8,ハウファアイルゴー,牝3,52,落合玄太,1:11.2,1,226.6,16.0,450(+6),[地] 田中淳司,202201020112
12,6,11,スマイルアップ,牝3,52,斎藤新,1:11.2,クビ,27.2,8.0,430(0),[東] 萱野浩二,202201020112
13,2,3,トーホウジュナール,牝4,52,鷲頭虎太,1:11.4,3/4,62.0,13.0,480(+6),[西] 高橋亮,202201020112
14,8,16,デイトンウェイ,牡4,55,小林凌大,1:11.4,クビ,43.9,12.0,508(+2),[西] 野中賢二,202201020112
15,7,13,ハクサンパール,牝3,50,横山琉人,1:11.5,クビ,31.1,9.0,450(+22),[東] 新開幸一,202201020112
16,1,2,ヒトヨギリ,牝4,54,泉谷楓真,1:11.8,2,91.0,15.0,458(-4),[西] 橋田満,202201020112
1,5,7,キガン,牝2,52,小林凌大,1:10.5,,3.9,3.0,466(-6),[東] 小島茂之,202201020201
2,8,12,ブルジュドバイ,牝2,54,岩田康誠,1:10.9,2.1/2,3.1,1.0,452(0),[西] 森秀行,202201020201
3,3,3,フォルテース,牡2,52,角田大和,1:11.0,1/2,44.6,8.0,444(+10),[西] 高橋亮,202201020201
4,5,6,フューチャーアゲン,牝2,52,横山琉人,1:11.3,1.3/4,205.9,10.0,454(-6),[東] 加藤和宏,202201020201
5,6,8,パクパクデスワ,牝2,54,斎藤新,1:12.0,4,42.5,7.0,418(0),[西] 高橋康之,202201020201
6,6,9,ビービータンバム,牡2,51,鷲頭虎太,1:12.0,ハナ,216.9,11.0,432(-4),[西] 千田輝彦,202201020201
7,8,13,オースピス,牝2,54,横山武史,1:12.2,1.1/2,3.2,2.0,428(+10),[東] 高橋裕,202201020201
8,4,5,ピスティス,牝2,51,西塚洸二,1:12.3,クビ,138.7,9.0,420(0),[東] 大江原哲,202201020201
9,7,10,コズミックコール,牝2,54,菱田裕二,1:12.4,3/4,15.6,6.0,428(+4),[東] 高柳瑞樹,202201020201
10,2,2,チャイボーグ,牝2,54,勝浦正樹,1:12.5,1/2,275.9,13.0,458(-6),[東] 的場均,202201020201
11,1,1,シャコンヌ,牡2,54,丹内祐次,1:12.8,1.3/4,9.0,4.0,434(+8),[東] 小手川準,202201020201
12,7,11,ダンツターセル,牡2,54,丸山元気,1:12.9,3/4,12.1,5.0,476(-2),[西] 本田優,202201020201
13,4,4,ブルーシャトー,牡2,52,山田敬士,1:13.3,2.1/2,254.4,12.0,492(-2),[東] 根本康広,202201020201
1,7,9,ウインアラジン,牡3,54,角田大和,2:36.6,,4.9,3.0,474(-6),[西] 寺島良,202201020202
2,7,10,エーデルフォルム,牡3,56,浜中俊,2:38.5,大,3.0,1.0,484(-10),[東] 堀宣行,202201020202
3,6,8,ケリーズノベル,セ3,56,横山武史,2:38.5,クビ,3.3,2.0,508(-2),[東] 武井亮,202201020202
4,5,6,タイタンステップス,牡3,56,鮫島克駿,2:38.7,1.1/4,12.3,5.0,542(0),[東] 尾関知人,202201020202
5,2,2,セイウンフィーバー,牡3,53,土田真翔,2:38.8,クビ,43.6,11.0,442(+8),[東] 尾形和幸,202201020202
6,6,7,ガンガディン,牡3,56,丹内祐次,2:39.8,6,15.1,6.0,472(+6),[東] 田島俊明,202201020202
7,5,5,スクナ,牡3,56,原田和真,2:39.9,クビ,31.7,9.0,462(+12),[東] 堀内岳志,202201020202
8,3,3,ジャスティンマリブ,牡3,56,横山和生,2:40.2,1.3/4,61.7,12.0,510(+10),[西] 安田隆行,202201020202
9,4,4,アルバハール,牡3,53,鷲頭虎太,2:40.3,1/2,11.2,4.0,532(+14),[西] 吉村圭司,202201020202
10,1,1,ロイエンタール,牡3,56,岩田康誠,2:40.5,1.1/2,42.2,10.0,510(+2),[西] 吉岡辰弥,202201020202
11,8,12,ソレジャートポスト,牡3,56,斎藤新,2:41.7,7,26.0,8.0,462(+2),[西] 高柳大輔,202201020202
12,8,11,ゲンパチソル,牝3,50,古川奈穂,2:41.9,1.1/4,19.4,7.0,460(+8),[西] 矢作芳人,202201020202
1,6,9,タイセイフェイバー,牡3,56,丹内祐次,1:47.2,,10.5,5.0,520(-8),[西] 浜田多実,202201020203
2,6,10,マヨン,牡3,56,横山武史,1:48.0,5,2.6,1.0,474(+2),[東] 武井亮,202201020203
3,8,14,ロードマグマ,牡3,55,秋山稔樹,1:48.0,アタマ,7.5,4.0,462(-4),[東] 菊川正達,202201020203
4,3,3,ニューレトロ,牡3,56,菱田裕二,1:48.1,1/2,41.0,10.0,450(0),[東] 武藤善則,202201020203
5,7,11,ブレディバンチ,牝3,51,大久保友,1:48.3,1.1/4,160.8,13.0,448(+2),[東] 戸田博文,202201020203
6,8,13,スリードゥラメンテ,牡3,55,泉谷楓真,1:48.7,2,14.6,8.0,460(-2),[西] 南井克巳,202201020203
7,4,6,インブリウム,牡3,56,池添謙一,1:49.1,2.1/2,26.1,9.0,442(-2),[東] 鹿戸雄一,202201020203
8,2,2,ヒシアラカン,牡3,56,浜中俊,1:49.3,3/4,6.5,3.0,470(+4),[東] 堀宣行,202201020203
9,7,12,プラチナジェット,牝3,54,原田和真,1:49.5,1,11.4,6.0,458(+4),[東] 金成貴史,202201020203
10,4,5,シャムトラダイコウ,牝3,52,小林凌大,1:49.6,3/4,164.9,14.0,482(+12),[東] 中野栄治,202201020203
11,1,1,キューランブラー,牝3,52,角田大和,1:49.7,1/2,117.2,12.0,430(-4),[西] 牧田和弥,202201020203
12,5,8,ベッサスタージル,牡3,56,横山和生,1:49.8,1/2,6.4,2.0,498(-2),[東] 小野次郎,202201020203
13,5,7,モルレー,牝3,54,鮫島克駿,1:50.9,7,51.1,11.0,434(-4),[西] 長谷川浩,202201020203
14,3,4,ミラモンテ,牝3,54,黛弘人,1:51.0,1/2,12.4,7.0,452(+2),[東] 岩戸孝樹,202201020203
1,4,6,ケデシュ,牝3,54,横山武史,1:28.5,,3.7,1.0,466(+6),[西] 上村洋行,202201020204
2,8,14,マヒナライズ,牝3,54,藤岡佑介,1:29.8,8,4.1,2.0,418(+4),[西] 藤岡健一,202201020204
3,7,11,シャノワール,牝3,54,丹内祐次,1:29.9,3/4,5.6,4.0,422(+2),[東] 小手川準,202201020204
4,5,7,シウン,牝3,54,松田大作,1:30.0,クビ,137.5,11.0,464(+8),[西] 須貝尚介,202201020204
5,3,3,ホートンプレインズ,牝3,52,横山琉人,1:30.1,1/2,4.8,3.0,426(0),[西] 平田修,202201020204
6,4,5,ティーライトニング,牡3,56,吉田隼人,1:30.3,1.1/4,10.5,5.0,460(+12),[東] 辻哲英,202201020204
7,2,2,ロータスペトル,牡3,56,鮫島克駿,1:30.7,2.1/2,12.0,6.0,470(+2),[東] 加藤征弘,202201020204
8,7,12,スペースシャワー,牝3,52,小林凌大,1:31.5,5,15.4,8.0,440(0),[東] 小島茂之,202201020204
9,5,8,フォルトゥナ,牡3,56,斎藤新,1:32.1,3.1/2,160.5,12.0,466(-2),[東] 中野栄治,202201020204
10,6,10,カルネドボヤージュ,牡3,54,角田大和,1:32.5,2.1/2,126.4,10.0,508(-4),[西] 杉山晴紀,202201020204
11,3,4,アナベル,牝3,54,浜中俊,1:32.7,1.1/4,36.1,9.0,450(+4),[西] 今野貞一,202201020204
12,1,1,マイティキッチョウ,牝3,52,山田敬士,1:34.6,大,328.3,13.0,456(+28),[西] 谷潔,202201020204
13,8,13,ポリッシュキッス,牝3,54,菱田裕二,1:38.6,大,14.1,7.0,438(+10),[西] 高柳大輔,202201020204
取,6,9,パンドーロ,牝3,53,泉谷楓真,,,---,,計不,[西] 奥村豊,202201020204
1,8,10,アスクメークシェア,牡2,54,吉田隼人,1:53.3,,4.2,2.0,484(0),[西] 藤原英昭,202201020205
2,3,3,エンライトメント,牡2,54,斎藤新,1:53.3,アタマ,3.7,1.0,464(0),[東] 斎藤誠,202201020205
3,6,6,ヴェルデシチー,牡2,54,藤岡佑介,1:53.5,1.1/4,4.4,3.0,442(0),[西] 佐々木晶,202201020205
4,5,5,シャドウソニック,牡2,54,菱田裕二,1:53.5,ハナ,8.8,5.0,490(0),[西] 辻野泰之,202201020205
5,6,7,ハンマ,牝2,54,横山和生,1:53.9,2,21.4,7.0,486(0),[西] 昆貢,202201020205
6,2,2,モズハタラキモノ,牡2,54,横山武史,1:54.2,2,9.3,6.0,448(0),[西] 田中克典,202201020205
7,1,1,ミルトプライム,牡2,52,角田大和,1:54.2,アタマ,54.5,9.0,468(0),[西] 杉山晴紀,202201020205
8,8,11,サンデーヒーロー,牡2,54,丹内祐次,1:54.4,1.1/4,35.0,8.0,452(0),[西] 中村直也,202201020205
9,7,8,フェリシエンヌ,牝2,54,松田大作,1:54.4,ハナ,137.7,11.0,414(0),[西] 小林真也,202201020205
10,4,4,コモドアーズ,牡2,54,鮫島克駿,1:54.5,1/2,7.6,4.0,518(0),[西] 西村真幸,202201020205
11,7,9,フィーバーヒュー,牝2,54,丸山元気,2:03.3,大,123.6,10.0,438(0),[東] 大江原哲,202201020205
1,3,3,コスモルーテウス,牡3,54,丹内祐次,1:46.7,,6.6,4.0,458(-4),[東] 田中博康,202201020206
2,2,2,ヴィクトリオン,セ4,57,原田和真,1:46.7,クビ,160.9,12.0,504(+2),[西] 羽月友彦,202201020206
3,4,6,オーマイオーマイ,牡5,57,池添謙一,1:46.8,1/2,10.4,5.0,480(-6),[西] 小崎憲,202201020206
4,6,9,テーオーサンドニ,牡3,54,鮫島克駿,1:47.3,3,3.2,1.0,474(+6),[西] 高柳大輔,202201020206
5,5,8,エアーレジーナ,牝4,55,川島信二,1:47.6,1.3/4,21.4,7.0,496(-4),[東] 和田雄二,202201020206
6,5,7,キャンディドライヴ,牡3,54,横山和生,1:47.8,1,3.5,2.0,490(-2),[東] 黒岩陽一,202201020206
7,7,12,キミコソシャチョウ,牡3,54,松田大作,1:47.9,1/2,22.0,8.0,488(-8),[西] 森秀行,202201020206
8,7,11,ジェイエルブリッジ,牡4,55,小林凌大,1:48.1,1.1/4,220.3,13.0,480(0),[東] 小西一男,202201020206
9,8,13,クルル,牡3,51,西塚洸二,1:48.5,2.1/2,14.6,6.0,482(-6),[東] 大江原哲,202201020206
10,1,1,アニージョ,牡3,54,斎藤新,1:48.7,1.1/4,105.5,10.0,522(-4),[東] 畠山吉宏,202201020206
11,3,4,ワンダフルヘヴン,牝3,52,菱田裕二,1:49.9,7,4.8,3.0,496(+10),[東] 久保田貴,202201020206
12,6,10,カツノサンキュウ,牡4,55,横山琉人,1:50.6,4,253.7,14.0,482(0),[東] 萱野浩二,202201020206
13,8,14,サイモンポーリア,牝4,55,丸山元気,1:50.9,2,131.6,11.0,480(-4),[東] 根本康広,202201020206
14,4,5,アスターナランハ,牡4,55,角田大和,1:52.6,10,51.6,9.0,458(-6),[西] 南井克巳,202201020206
1,3,3,ルージュエクレール,牝3,52,横山武史,1:30.4,,1.4,1.0,424(0),[東] 萩原清,202201020207
2,7,10,チャオバンビーナ,牝3,49,鷲頭虎太,1:30.4,アタマ,17.7,4.0,418(-2),[西] 茶木太樹,202201020207
3,7,9,ユキノエリザベス,牝3,52,池添謙一,1:30.5,3/4,35.5,7.0,462(+12),[東] 竹内正洋,202201020207
4,5,6,オーソレミオ,牝3,52,横山和生,1:30.7,1,3.6,2.0,452(+4),[西] 昆貢,202201020207
5,8,11,ララサンスフル,牝4,55,菱田裕二,1:30.7,クビ,15.7,3.0,492(-6),[東] 大竹正博,202201020207
6,2,2,ピースキーパー,牝3,52,藤岡佑介,1:30.8,3/4,54.3,9.0,444(+8),[西] 奥村豊,202201020207
7,6,7,キトゥンズマーチ,牝4,55,鮫島克駿,1:30.9,クビ,47.1,8.0,472(+4),[西] 吉岡辰弥,202201020207
8,4,4,サイモンベラーノ,牝5,55,丸山元気,1:30.9,クビ,29.8,6.0,490(+6),[東] 根本康広,202201020207
9,6,8,コアレスロング,牝4,55,原田和真,1:31.0,クビ,121.3,10.0,470(+4),[東] 小野次郎,202201020207
10,1,1,ユヌエトワール,牝5,53,角田大和,1:31.1,3/4,21.0,5.0,422(+6),[東] 小手川準,202201020207
11,8,12,ナチュラル,牝3,50,横山琉人,1:32.3,7,139.6,12.0,406(+2),[西] 佐々木晶,202201020207
12,5,5,パワポケビー,牝3,49,西塚洸二,1:32.7,2.1/2,136.2,11.0,484(+2),[東] 中野栄治,202201020207
1,4,5,リアルシング,牡5,57,池添謙一,1:46.1,,2.9,1.0,544(-2),[西] 池添兼雄,202201020208
2,8,12,フームスムート,牡5,57,丹内祐次,1:46.1,クビ,9.9,5.0,532(+2),[東] 水野貴広,202201020208
3,5,6,アスクビックスター,牡3,54,横山武史,1:46.2,1/2,3.2,2.0,478(-2),[西] 矢作芳人,202201020208
4,3,3,スマートセプター,牡3,54,吉田隼人,1:46.6,2.1/2,23.1,9.0,502(-2),[西] 須貝尚介,202201020208
5,1,1,シルバーブレッド,牡3,54,菱田裕二,1:46.6,クビ,42.1,10.0,430(0),[西] 石坂公一,202201020208
6,5,7,チュウワジョーダン,セ5,57,伊藤工真,1:46.7,クビ,14.5,6.0,448(+4),[東] 林徹,202201020208
7,8,13,ハイラブハンター,牡4,57,古川吉洋,1:47.4,4,7.5,3.0,494(+8),[西] 谷潔,202201020208
8,7,11,シャインフォール,牡3,54,横山和生,1:47.8,2.1/2,18.7,7.0,476(+2),[東] 小野次郎,202201020208
9,4,4,サトノスライヴ,牡5,56,泉谷楓真,1:48.6,5,9.1,4.0,508(0),[西] 南井克巳,202201020208
10,7,10,メイショウムート,牡4,54,大久保友,1:49.0,2.1/2,306.0,13.0,438(+2),[東] 佐藤吉勝,202201020208
11,6,9,ネオヒューズ,牡4,57,丸山元気,1:49.0,クビ,58.4,11.0,520(+6),[東] 小西一男,202201020208
12,2,2,リヴウェル,牡4,56,秋山稔樹,1:49.5,3,20.0,8.0,488(0),[東] 深山雅史,202201020208
13,6,8,ポンフー,牡4,57,黛弘人,1:50.2,4,199.4,12.0,502(+6),[東] 浅野洋一,202201020208
1,2,2,サンストックトン,牡3,54,横山武史,1:50.0,,1.5,1.0,460(0),[東] 鹿戸雄一,202201020209
2,7,7,スペシャルトーク,セ4,57,勝浦正樹,1:50.7,4,101.2,7.0,448(+4),[東] 杉浦宏昭,202201020209
3,8,9,フォレスタ,牝4,55,丹内祐次,1:50.9,3/4,12.2,4.0,426(+14),[東] 嘉藤貴行,202201020209
4,3,3,マカンマカン,牡3,54,浜中俊,1:50.9,クビ,3.7,2.0,464(-2),[西] 音無秀孝,202201020209
5,5,5,アルファウェーブ,セ5,57,丸山元気,1:51.0,1/2,14.9,5.0,528(-6),[東] 辻哲英,202201020209
6,1,1,リチュアル,セ3,54,吉田隼人,1:51.1,1/2,20.1,6.0,508(+6),[西] 田中克典,202201020209
7,4,4,オメガデラックス,セ5,57,横山和生,1:51.2,クビ,8.1,3.0,432(-6),[西] 安田翔伍,202201020209
8,8,8,ソヨギ,牝5,55,斎藤新,1:51.8,3.1/2,145.0,8.0,478(+2),[東] 粕谷昌央,202201020209
9,6,6,サイモンルグラン,牡5,57,秋山稔樹,1:52.7,5,160.7,9.0,502(+6),[東] 勢司和浩,202201020209
1,1,1,ドゥラドーレス,牡3,54,横山武史,2:02.4,,1.5,1.0,494(-4),[東] 宮田敬介,202201020210
2,5,7,エルディアブロ,牡4,57,鮫島克駿,2:02.8,2.1/2,15.9,5.0,446(-2),[西] 佐々木晶,202201020210
3,4,4,ローゼライト,牝4,55,斎藤新,2:02.8,アタマ,43.4,8.0,436(+6),[西] 清水久詞,202201020210
4,3,3,メイショウラナキラ,牡3,54,池添謙一,2:02.9,クビ,10.2,4.0,452(-6),[西] 南井克巳,202201020210
5,6,8,ナックイルシーブ,牡4,57,勝浦正樹,2:03.1,1,51.8,9.0,500(-18),[東] 杉浦宏昭,202201020210
6,4,5,ヤマニンゼスト,牡3,54,鷲頭虎太,2:03.1,クビ,8.3,3.0,506(+2),[西] 千田輝彦,202201020210
7,2,2,マイネルエニグマ,牡4,57,丹内祐次,2:03.2,クビ,6.0,2.0,468(+8),[西] 五十嵐忠,202201020210
8,8,12,ウインチェレステ,牡4,57,吉田隼人,2:03.2,クビ,22.5,6.0,512(+6),[東] 畠山吉宏,202201020210
9,8,13,トーセンヴァンノ,牡3,54,原田和真,2:03.3,クビ,140.3,12.0,482(+8),[東] 小桧山悟,202201020210
10,7,11,オータムヒロイン,牝4,55,古川吉洋,2:03.5,1.1/4,52.8,10.0,472(+8),[西] 鮫島一歩,202201020210
11,5,6,インペリアルフィズ,牡8,57,菱田裕二,2:03.6,3/4,183.2,13.0,470(-10),[東] 和田勇介,202201020210
12,7,10,ウインミニヨン,牝4,55,横山和生,2:03.6,クビ,23.1,7.0,424(+4),[西] 長谷川浩,202201020210
13,6,9,リーブルミノル,牡4,57,丸山元気,2:04.3,4,120.5,11.0,482(+2),[西] 本田優,202201020210
1,8,15,ロードマックス,牡4,55,鮫島克駿,1:09.2,,6.7,4.0,442(-6),[西] 藤原英昭,202201020211
2,7,14,アスタールビー,牝6,53,古川吉洋,1:09.2,ハナ,8.3,5.0,468(+6),[西] 南井克巳,202201020211
3,5,10,サヴォワールエメ,牝6,53,松田大作,1:09.4,3/4,25.5,10.0,462(-6),[西] 辻野泰之,202201020211
4,3,6,ミニオンペール,牝6,52,黛弘人,1:09.5,3/4,15.8,8.0,470(0),[東] 小手川準,202201020211
5,4,8,ケープコッド,牝5,53,池添謙一,1:09.5,クビ,5.5,2.0,488(0),[東] 高柳瑞樹,202201020211
6,3,5,マイネルジェロディ,牡4,55,丹内祐次,1:09.5,ハナ,5.2,1.0,472(+4),[西] 西園正都,202201020211
7,7,13,マイネルアルケミー,牡6,54,丸山元気,1:09.6,クビ,38.6,12.0,476(-4),[東] 中野栄治,202201020211
8,4,7,ビップウインク,牝5,52,菱田裕二,1:09.6,アタマ,30.1,11.0,516(-4),[西] 清水久詞,202201020211
9,8,16,シーズンズギフト,牝5,52,吉田隼人,1:09.7,3/4,25.0,9.0,496(+2),[東] 黒岩陽一,202201020211
10,6,12,ヴィズサクセス,牡5,54,岩田康誠,1:09.8,クビ,5.7,3.0,482(+4),[東] 奥村武,202201020211
11,2,3,タイセイアベニール,牡7,56,横山武史,1:09.8,クビ,10.2,6.0,482(-8),[西] 西村真幸,202201020211
12,1,2,リンゴアメ,牝4,53,泉谷楓真,1:09.9,クビ,11.3,7.0,460(+10),[東] 菊川正達,202201020211
13,1,1,アドマイヤジャスタ,牡6,55,斎藤新,1:09.9,アタマ,76.9,14.0,518(+8),[西] 石坂公一,202201020211
14,5,9,アルピニズム,牡5,55,勝浦正樹,1:10.0,3/4,52.7,13.0,494(-6),[東] 金成貴史,202201020211
15,2,4,コロラトゥーレ,牝8,51,角田大和,1:10.1,3/4,121.7,15.0,460(-16),[西] 梅田智之,202201020211
16,6,11,ショウナンアニメ,牡5,54,横山琉人,1:10.2,1/2,133.8,16.0,500(0),[西] 吉村圭司,202201020211
1,6,7,ムジック,牝4,53,角田大和,0:59.2,,3.5,1.0,488(+4),[西] 高橋亮,202201020212
2,4,4,ミユキアイラブユー,牡3,51,鷲頭虎太,0:59.3,3/4,5.1,3.0,564(-4),[東] 小島茂之,202201020212
3,7,9,スイートカルデア,牝4,55,横山武史,0:59.5,1.1/2,3.9,2.0,478(-4),[東] 菊川正達,202201020212
4,3,3,カネコメシスター,牝3,52,斎藤新,0:59.6,クビ,7.0,4.0,484(0),[西] 中尾秀正,202201020212
5,7,10,ポメラート,牝3,50,横山琉人,0:59.7,3/4,12.4,6.0,496(+16),[西] 茶木太樹,202201020212
6,2,2,フェイマスダンディ,牡4,57,菱田裕二,0:59.8,クビ,18.5,7.0,464(-4),[東] 深山雅史,202201020212
7,5,5,シャスティーナ,牝4,55,鮫島克駿,0:59.9,3/4,32.6,10.0,486(+2),[西] 中村直也,202201020212
8,8,11,ショウナンアストラ,牡4,57,吉田隼人,1:00.0,1/2,50.3,11.0,484(+6),[東] 西田雄一,202201020212
9,6,8,グレタ,牝3,51,泉谷楓真,1:00.0,アタマ,19.7,8.0,458(+8),[東] 清水英克,202201020212
10,1,1,ルーチェデラヴィタ,牝5,52,大久保友,1:00.4,2.1/2,55.8,12.0,452(-10),[西] 須貝尚介,202201020212
11,5,6,メサテソーロ,牝5,52,西塚洸二,1:00.5,クビ,27.9,9.0,526(0),[東] 栗田徹,202201020212
12,8,12,ニシノアナ,牝3,51,秋山稔樹,1:01.1,3.1/2,10.9,5.0,462(+2),[東] 相沢郁,202201020212
1,3,3,ビキニボーイ,牡2,54,浜中俊,1:54.3,,4.5,3.0,478(-2),[西] 梅田智之,202201020301
2,1,1,ブラックヴァール,牝2,54,丹内祐次,1:54.6,2,19.6,5.0,446(-6),[東] 菊川正達,202201020301
3,7,7,エンライトメント,牡2,54,斎藤新,1:54.7,1/2,2.8,2.0,460(-4),[東] 斎藤誠,202201020301
4,4,4,ナチュラルリバー,牡2,54,藤岡佑介,1:54.7,クビ,9.9,4.0,470(-10),[西] 武英智,202201020301
5,5,5,フェネストラ,牝2,54,横山和生,1:54.8,クビ,2.5,1.0,418(-4),[西] 清水久詞,202201020301
6,2,2,コモドアーズ,牡2,54,柴山雄一,1:55.1,2,82.4,9.0,512(-6),[西] 西村真幸,202201020301
7,8,9,ジャンマギアーナ,牡2,52,角田大和,1:55.6,3,46.2,7.0,476(0),[西] 中竹和也,202201020301
8,8,10,ディアマイサン,牡2,54,鮫島克駿,1:55.8,1.1/2,35.0,6.0,518(+2),[西] 松下武士,202201020301
9,6,6,ケイグンノイッカク,牝2,54,吉田隼人,1:57.5,10,66.6,8.0,448(0),[東] 青木孝文,202201020301
10,7,8,ヴァークスティ,牡2,52,横山琉人,1:58.5,6,209.3,10.0,458(+2),[東] 相沢郁,202201020301
1,6,7,ドゥラエレーデ,牡2,54,池添謙一,1:46.6,,1.5,1.0,508(+2),[西] 池添学,202201020302
2,4,4,シゲルカミカゼ,牡2,54,吉田隼人,1:46.7,1/2,4.6,2.0,492(+2),[東] 松山将樹,202201020302
3,8,12,セイウンミライズ,牡2,54,丸山元気,1:48.8,大,20.6,5.0,454(-2),[東] 奥平雅士,202201020302
4,6,8,ビッグヒップ,牝2,54,菱田裕二,1:48.9,クビ,15.5,4.0,438(+6),[西] 四位洋文,202201020302
5,7,10,ハットグットゲット,牡2,54,丹内祐次,1:49.2,1.3/4,22.9,6.0,510(-4),[東] 杉浦宏昭,202201020302
6,5,5,キスオンザビーチ,牝2,54,鮫島克駿,1:49.9,4,6.6,3.0,468(-2),[西] 中村直也,202201020302
7,3,3,サグアロ,牡2,52,横山琉人,1:50.3,2.1/2,89.7,8.0,520(+4),[西] 高野友和,202201020302
8,5,6,クリノヒーロー,牡2,52,角田大和,1:50.4,クビ,57.9,7.0,462(-2),[西] 谷潔,202201020302
9,1,1,ユキノソックス,牝2,51,大久保友,1:50.5,3/4,298.8,11.0,446(+4),[西] 宮本博,202201020302
10,7,9,シャイナライ,牝2,54,黛弘人,1:51.1,3.1/2,156.1,10.0,430(0),[東] 宗像義忠,202201020302
11,8,11,コパノエルパソ,牡2,53,秋山稔樹,1:51.2,クビ,104.8,9.0,506(-4),[東] 上原博之,202201020302
12,2,2,リアルマーヴェル,牡2,54,原田和真,1:52.6,8,358.2,12.0,470(-8),[東] 小桧山悟,202201020302
1,2,2,エターナルプライド,牝3,52,小林凌大,1:47.1,,9.8,6.0,462(-8),[東] 田島俊明,202201020303
2,5,7,エピファニアペスカ,牝3,51,鷲頭虎太,1:47.2,1/2,5.8,3.0,464(+2),[西] 松永昌博,202201020303
3,5,8,ジューンポンポン,牝3,54,鮫島克駿,1:47.7,3,2.2,1.0,472(+6),[東] 和田勇介,202201020303
4,1,1,デルマローレライ,牝3,50,古川奈穂,1:47.7,アタマ,18.9,7.0,406(-6),[西] 音無秀孝,202201020303
5,3,4,ベアビリーブ,牝3,52,角田大和,1:47.8,クビ,142.6,12.0,476(+10),[東] 杉浦宏昭,202201020303
6,6,10,テーオーシャンス,牝3,54,菱田裕二,1:47.8,クビ,70.7,10.0,420(+2),[西] 吉岡辰弥,202201020303
7,8,14,ルージュブラゾン,牝3,54,ルメール,1:47.8,クビ,9.4,5.0,462(+2),[東] 小島茂之,202201020303
8,8,13,リンクスアイ,牝3,54,丸山元気,1:47.9,アタマ,176.1,13.0,482(+2),[東] 土田稔,202201020303
9,7,12,ベガスバケーション,牝3,54,丹内祐次,1:48.4,3,8.6,4.0,440(+4),[東] 矢野英一,202201020303
10,4,6,ニシノカケハシ,牝3,52,山田敬士,1:48.5,クビ,196.0,14.0,470(+18),[東] 松山将樹,202201020303
11,6,9,ミュステーリオン,牝3,54,横山武史,1:48.5,クビ,5.8,2.0,468(+12),[東] 伊坂重信,202201020303
12,4,5,フェデフルール,牝3,54,荻野琢真,1:48.7,3/4,52.6,8.0,446(+6),[西] 吉田直弘,202201020303
13,7,11,タイセイホリデー,牝3,54,黛弘人,1:49.2,3,75.0,11.0,440(+6),[西] 森田直行,202201020303
14,3,3,チムドンドン,牝3,52,横山琉人,1:49.3,3/4,53.5,9.0,434(+2),[東] 中舘英二,202201020303
1,2,3,バーニーフォールズ,牝3,54,横山武史,1:10.0,,7.7,4.0,444(-2),[東] 加藤征弘,202201020304
2,4,7,シナモンロール,牝3,54,黛弘人,1:10.6,3.1/2,40.5,10.0,430(+16),[東] 南田美知,202201020304
3,8,15,ミッキーチャレンジ,牡3,56,藤岡佑介,1:10.9,1.1/2,3.7,1.0,500(+2),[西] 中内田充,202201020304
4,6,11,パンドーロ,牝3,53,泉谷楓真,1:10.9,アタマ,40.2,9.0,486(+10),[西] 奥村豊,202201020304
5,8,16,スターザサンライズ,牝3,54,横山和生,1:11.1,1.1/2,4.7,2.0,448(+10),[西] 安田隆行,202201020304
6,3,6,アメイジングアイル,牝3,54,菱田裕二,1:11.1,ハナ,7.9,5.0,394(-8),[東] 和田勇介,202201020304
7,6,12,ナーサック,牡3,56,浜中俊,1:11.1,ハナ,43.6,11.0,428(-2),[西] 牧浦充徳,202201020304
8,7,14,ハニーチャイル,牝3,52,横山琉人,1:11.2,クビ,18.0,8.0,466(-14),[西] 藤岡健一,202201020304
9,5,9,ウェルメイド,牝3,52,小林凌大,1:11.2,ハナ,9.3,6.0,420(0),[西] 庄野靖志,202201020304
10,1,2,サクラオーラ,牝3,54,武豊,1:11.2,ハナ,5.9,3.0,440(+10),[東] 田中博康,202201020304
11,1,1,ヌーシャテル,牝3,53,秋山稔樹,1:11.7,3,164.5,14.0,410(+6),[西] 森田直行,202201020304
12,2,4,ザンゲツ,牡3,56,ルメール,1:11.9,1.1/4,13.8,7.0,484(0),[西] 大久保龍,202201020304
13,7,13,エントリーコード,牝3,52,角田大和,1:11.9,ハナ,369.1,16.0,424(+12),[西] 吉岡辰弥,202201020304
14,5,10,ソリルーナ,牝3,54,丹内祐次,1:12.1,3/4,208.6,15.0,452(+12),[西] 千田輝彦,202201020304
15,4,8,ヤマニンフェリクス,牡3,53,西塚洸二,1:12.1,ハナ,55.4,12.0,446(+2),[東] 栗田徹,202201020304
16,3,5,デルマエルフ,牝3,54,斎藤新,1:14.3,大,124.6,13.0,458(-8),[東] 鹿戸雄一,202201020304
1,5,6,ドルチェモア,牡2,54,横山和生,1:32.2,,3.9,1.0,480(0),[西] 須貝尚介,202201020305
2,6,8,ランフリーバンクス,牝2,54,浜中俊,1:32.7,3,7.0,4.0,418(0),[西] 武幸四郎,202201020305
3,7,9,ミルトクレイモー,牡2,54,丹内祐次,1:32.9,1.1/2,9.1,5.0,500(0),[西] 中村直也,202201020305
4,2,2,ゴーマックス,牡2,54,鮫島克駿,1:32.9,アタマ,16.0,6.0,492(0),[西] 武幸四郎,202201020305
5,5,5,ピュアグルーヴ,牝2,54,藤岡佑介,1:33.5,3.1/2,4.1,3.0,464(0),[西] 藤岡健一,202201020305
6,8,11,ボーダーパトロール,牡2,54,吉田隼人,1:33.7,1.1/2,49.1,9.0,512(0),[東] 伊藤圭三,202201020305
7,1,1,ヴォンヌヴォー,牝2,54,菱田裕二,1:33.8,1/2,16.7,7.0,450(0),[東] 菊川正達,202201020305
8,3,3,ウインエタンセル,牡2,53,秋山稔樹,1:33.8,クビ,83.9,10.0,464(0),[東] 高木登,202201020305
9,6,7,オールスイート,牝2,52,横山琉人,1:34.5,4,99.5,11.0,438(0),[東] 田中剛,202201020305
10,8,12,エコロジョイアー,牡2,54,ルメール,1:34.6,1/2,4.0,2.0,492(0),[東] 加藤征弘,202201020305
11,7,10,コウセイエミオト,牝2,54,黛弘人,1:35.0,2,235.0,12.0,400(0),[東] 中野栄治,202201020305
中,4,4,ウインエーデル,牝2,52,角田大和,,,44.4,8.0,434(0),[西] 吉田直弘,202201020305
1,6,10,タマモベローナ,牝3,51,大久保友,1:46.7,,39.3,9.0,472(-4),[西] 高橋亮,202201020306
2,4,5,ニューレトロ,牡3,56,菱田裕二,1:47.0,2,10.2,5.0,448(-2),[東] 武藤善則,202201020306
3,1,1,カフジペンタゴン,牡3,56,横山和生,1:47.1,3/4,3.5,1.0,448(-4),[西] 矢作芳人,202201020306
4,4,6,アカノストロング,牡3,54,角田大和,1:47.4,2,3.7,2.0,500(-2),[西] 松下武士,202201020306
5,2,2,シャンダス,牡3,56,丹内祐次,1:47.8,2.1/2,4.7,3.0,472(+4),[東] 杉浦宏昭,202201020306
6,5,7,ディスコ,牝3,50,古川奈穂,1:47.9,3/4,17.2,7.0,484(+12),[西] 音無秀孝,202201020306
7,5,8,ベヴィアーモ,牡3,56,斎藤新,1:48.0,1/2,152.7,14.0,458(-6),[西] 松永幹夫,202201020306
8,6,9,エコロジェネラス,牡3,56,武豊,1:48.1,クビ,12.0,6.0,510(+6),[東] 手塚貴久,202201020306
9,3,3,モロキニムーン,牡3,56,吉田隼人,1:48.2,1/2,40.7,10.0,516(+8),[西] 須貝尚介,202201020306
10,7,12,インペラートル,牡3,56,原田和真,1:48.3,1/2,8.2,4.0,504(+2),[東] 金成貴史,202201020306
11,8,13,イーサンカレラ,牡3,56,柴山雄一,1:48.6,2,26.4,8.0,454(+6),[東] 萱野浩二,202201020306
12,3,4,サトノドルチェ,牡3,55,泉谷楓真,1:49.0,2,58.4,11.0,472(0),[西] 池江泰寿,202201020306
13,7,11,ロードシャマール,牡3,54,横山琉人,1:49.7,4,126.7,13.0,490(-2),[東] 新開幸一,202201020306
14,8,14,ヴィオレントアズル,牡3,53,鷲頭虎太,1:53.2,大,119.3,12.0,406(0),[東] 加藤和宏,202201020306
1,5,9,オオキニ,牡3,56,藤岡佑介,2:04.7,,5.3,3.0,442(-2),[西] 鈴木孝志,202201020307
2,7,13,トーセンシエロ,牝3,54,横山和生,2:05.4,4,3.2,2.0,422(-8),[東] 小野次郎,202201020307
3,7,14,レプリューム,牝3,54,鮫島克駿,2:05.4,クビ,39.0,9.0,450(+12),[西] 池添学,202201020307
4,3,5,スコールユニバンス,牝3,54,ルメール,2:05.6,1,3.2,1.0,454(+10),[西] 矢作芳人,202201020307
5,1,2,メイショウホーコン,牡3,56,池添謙一,2:06.1,3,36.8,8.0,468(-20),[西] 池添兼雄,202201020307
6,8,15,ラエール,牝3,52,横山琉人,2:06.3,1.1/2,21.4,7.0,410(+2),[西] 平田修,202201020307
7,2,3,ショウナンラブリー,牝3,54,丸山元気,2:06.3,アタマ,125.7,14.0,414(+2),[東] 稲垣幸雄,202201020307
8,8,16,ホウオウカグヤ,牝3,54,横山武史,2:06.4,クビ,53.4,10.0,420(+4),[東] 池上昌和,202201020307
9,4,7,ソングフォーマーヤ,牝3,54,武豊,2:06.4,クビ,19.5,6.0,454(-6),[西] 牧田和弥,202201020307
10,3,6,アクロビンジャー,牡3,56,菱田裕二,2:06.5,クビ,7.5,4.0,462(0),[東] 戸田博文,202201020307
11,2,4,ナンヨーリリー,牝3,53,泉谷楓真,2:06.5,ハナ,254.2,16.0,414(+4),[東] 斎藤誠,202201020307
12,1,1,ゴッドスイートビー,牝3,51,西塚洸二,2:06.6,3/4,56.0,11.0,404(-6),[西] 飯田祐史,202201020307
13,6,12,ブルボンティアラ,牝3,54,斎藤新,2:07.2,3.1/2,99.4,12.0,426(+14),[東] 伊藤伸一,202201020307
14,5,10,ハイエストコード,牡3,53,鷲頭虎太,2:07.2,ハナ,221.6,15.0,484(+12),[西] 吉村圭司,202201020307
15,6,11,マイネルイージス,牡3,56,丹内祐次,2:07.8,3.1/2,10.1,5.0,486(+2),[東] 清水英克,202201020307
16,4,8,ビロングゴールド,牝3,54,浜中俊,2:08.1,1.3/4,124.0,13.0,454(+8),[東] 松永康利,202201020307
1,8,11,ファンタジックラン,牝3,50,角田大和,0:59.5,,4.5,3.0,456(+2),[西] 飯田祐史,202201020308
2,7,9,ユスティニアン,牡4,57,黛弘人,0:59.5,ハナ,3.1,2.0,436(+14),[西] 新谷功一,202201020308
3,5,5,メイショウフンケイ,牡4,57,池添謙一,0:59.7,1.1/4,13.6,5.0,512(+2),[西] 池添兼雄,202201020308
4,5,6,ベストチャーム,牝6,53,横山琉人,0:59.7,クビ,12.3,4.0,434(-2),[西] 松下武士,202201020308
5,3,3,コウソクカレン,牝4,52,大久保友,0:59.8,3/4,35.2,7.0,494(-2),[東] 中舘英二,202201020308
6,6,8,アウトレイジング,牡4,57,丹内祐次,0:59.8,ハナ,75.7,9.0,412(-10),[東] 岩戸孝樹,202201020308
7,7,10,メルシー,牝3,52,武豊,0:59.8,ハナ,2.3,1.0,420(-2),[西] 今野貞一,202201020308
8,4,4,ドナテッラ,牝4,52,西塚洸二,1:00.1,1.1/2,82.4,10.0,468(-6),[東] 加藤征弘,202201020308
9,1,1,メイム,牝4,55,原田和真,1:00.1,クビ,408.6,12.0,416(+18),[東] 小桧山悟,202201020308
10,2,2,サノカポ,牝4,53,小林凌大,1:00.2,1/2,118.6,11.0,438(+2),[東] 中野栄治,202201020308
11,8,12,ノヘア,牝5,55,斎藤新,1:00.4,1,69.2,8.0,430(-12),[東] 伊藤大士,202201020308
12,6,7,ルミナスフラックス,牡3,50,古川奈穂,1:00.6,1.1/4,20.5,6.0,492(0),[西] 矢作芳人,202201020308
1,4,5,モチベーション,牝3,52,丹内祐次,1:31.0,,5.8,2.0,438(+4),[東] 清水英克,202201020309
2,5,8,ディープリッチ,牡4,57,吉田隼人,1:31.2,1.1/4,11.8,5.0,506(-2),[東] 小島茂之,202201020309
3,1,1,ニシノタマユラ,牝3,52,丸山元気,1:31.3,3/4,20.7,6.0,462(+12),[東] 深山雅史,202201020309
4,6,9,ヴェントボニート,牝5,55,池添謙一,1:31.3,ハナ,2.4,1.0,428(0),[西] 池添学,202201020309
5,2,2,ウェストファリア,牝3,52,斎藤新,1:31.3,ハナ,47.2,13.0,390(+6),[東] 手塚貴久,202201020309
6,3,4,コスモアシュラ,牡4,57,黛弘人,1:31.5,1.1/4,38.4,10.0,512(-10),[東] 中野栄治,202201020309
7,5,7,マイネルプリンチペ,牡7,57,鮫島克駿,1:31.5,クビ,40.8,12.0,470(+8),[東] 畠山吉宏,202201020309
8,3,3,サザンステート,牡3,54,浜中俊,1:31.7,1,6.1,3.0,468(0),[西] 松永幹夫,202201020309
9,4,6,ララサンスフル,牝4,55,菱田裕二,1:31.7,アタマ,24.5,7.0,492(0),[東] 大竹正博,202201020309
10,6,10,シルバースピリット,セ4,57,武豊,1:32.0,1.1/2,60.1,14.0,458(-16),[東] 蛯名正義,202201020309
11,7,12,カメハメハタイム,牡3,54,横山和生,1:32.2,1.1/4,35.0,8.0,510(+2),[東] 栗田徹,202201020309
12,8,14,ビヨンドザタイム,牡3,54,原田和真,1:32.6,2.1/2,36.7,9.0,448(+6),[東] 金成貴史,202201020309
13,7,11,ブエナベントゥーラ,牡4,57,ルメール,1:33.5,5,6.1,4.0,534(+6),[東] 堀宣行,202201020309
14,8,13,ハースファイア,セ4,57,藤岡佑介,1:37.2,大,38.4,11.0,440(-2),[西] 中内田充,202201020309
1,7,8,マイネルトルファン,牡3,54,丹内祐次,2:04.9,,2.3,1.0,492(+2),[東] 高木登,202201020310
2,4,4,ティグル,牡3,54,鮫島克駿,2:04.9,クビ,71.4,10.0,466(-6),[西] 中竹和也,202201020310
3,1,1,ルークスヘリオス,牡3,54,横山武史,2:05.0,クビ,6.4,3.0,476(+2),[東] 中川公成,202201020310
4,2,2,ヴィトーリア,牡4,57,武豊,2:05.0,ハナ,8.1,4.0,444(-2),[西] 武英智,202201020310
5,7,9,ノートルプロメス,牡3,54,藤岡佑介,2:05.2,1.1/4,35.6,8.0,496(-10),[西] 四位洋文,202201020310
6,8,11,プリファードラン,牝4,55,菱田裕二,2:05.4,1.1/4,81.9,11.0,440(+4),[西] 吉岡辰弥,202201020310
7,8,10,ホウオウサンデー,牡4,57,池添謙一,2:05.4,クビ,41.8,9.0,458(-6),[東] 奥村武,202201020310
8,6,6,テーオーラファエロ,セ4,57,丸山元気,2:05.5,クビ,21.4,7.0,458(0),[西] 須貝尚介,202201020310
9,5,5,マイネルシーマー,牡3,54,吉田隼人,2:05.5,アタマ,12.2,5.0,488(-6),[東] 青木孝文,202201020310
10,6,7,コリエンテス,牡3,54,ルメール,2:06.1,3.1/2,3.4,2.0,486(+12),[東] 堀宣行,202201020310
11,3,3,ブラックノワール,牡3,54,荻野琢真,2:06.2,1/2,20.3,6.0,498(+10),[西] 藤原英昭,202201020310
1,8,13,ディナースタ,牡3,53,横山和生,2:44.4,,2.5,1.0,458(-8),[西] 辻野泰之,202201020311
2,5,8,ナムアミダブツ,牡5,54,菱田裕二,2:44.6,1.1/2,18.1,6.0,480(+10),[西] 石坂公一,202201020311
3,4,5,チャックネイト,牡4,55,ルメール,2:44.8,1.1/4,4.7,3.0,478(-6),[東] 堀宣行,202201020311
4,3,4,タイムオブフライト,牡3,53,吉田隼人,2:44.9,クビ,4.7,2.0,438(+4),[西] 辻野泰之,202201020311
5,6,10,アルバーシャ,牡4,54,浜中俊,2:45.4,3,27.6,8.0,498(-10),[西] 岡田稲男,202201020311
6,2,2,マベルロンジュ,牝5,53,鮫島克駿,2:45.9,3,6.9,4.0,482(+2),[東] 水野貴広,202201020311
7,3,3,イベリア,牡7,52,丸山元気,2:46.9,6,49.8,11.0,498(-2),[西] 橋田満,202201020311
8,4,6,ペイルライダー,牝4,52,古川吉洋,2:47.9,6,48.1,10.0,482(+2),[西] 角田晃一,202201020311
9,6,9,タイセイドリーマー,牡4,54,池添謙一,2:48.5,3.1/2,26.5,7.0,506(+6),[西] 矢作芳人,202201020311
10,8,14,エクセレントラン,セ5,54,横山琉人,2:48.7,3/4,117.6,13.0,480(+2),[東] 大江原哲,202201020311
11,5,7,ウインヴァカンス,牝4,52,角田大和,2:48.8,1/2,14.9,5.0,454(-14),[西] 寺島良,202201020311
12,7,12,シュバルツボンバー,セ7,54,荻野琢真,2:49.7,5,226.2,14.0,500(0),[西] 藤沢則雄,202201020311
13,7,11,ラヴィンジャー,牝6,53,丹内祐次,2:49.8,3/4,40.8,9.0,440(+12),[東] 小島茂之,202201020311
中,1,1,ナオミラフィネ,牝5,53,斎藤新,,,55.9,12.0,468(0),[西] 安田隆行,202201020311
1,1,1,スミ,牝3,50,角田大和,1:45.2,,2.9,1.0,460(+2),[西] 高橋亮,202201020312
2,3,3,タマモタップダンス,牝3,50,小林凌大,1:45.4,1,4.0,3.0,496(+2),[東] 伊藤圭三,202201020312
3,2,2,ファミリークレスト,牝3,52,横山武史,1:45.6,1,14.1,6.0,434(+8),[東] 和田勇介,202201020312
4,7,7,メイショウホオズキ,牝4,55,鮫島克駿,1:45.6,アタマ,35.4,7.0,476(0),[東] 高柳瑞樹,202201020312
5,4,4,セレッソ,牝3,52,横山和生,1:45.7,1/2,3.7,2.0,476(+4),[西] 長谷川浩,202201020312
6,8,8,クインズステラ,牝3,52,菱田裕二,1:46.6,5,9.3,5.0,460(0),[東] 池上昌和,202201020312
7,5,5,シンシアハート,牝4,52,土田真翔,1:48.1,9,204.9,8.0,420(-2),[東] 蛯名利弘,202201020312
8,6,6,ランプロファイア,牝3,52,池添謙一,1:49.8,10,5.4,4.0,478(+10),[東] 古賀慎明,202201020312
1,3,3,ドンデンガエシ,牡2,54,横山武史,1:31.6,,3.2,2.0,466(+10),[東] 尾関知人,202201020401
2,6,10,タリエシン,牡2,54,丸山元気,1:31.7,クビ,6.5,3.0,416(0),[東] 金成貴史,202201020401
3,7,12,モズスナイパー,牡2,54,斎藤新,1:32.2,3,163.9,11.0,494(-8),[西] 村山明,202201020401
4,3,4,ユイノシノビアシ,牡2,54,吉田隼人,1:32.3,3/4,21.9,7.0,488(0),[東] 竹内正洋,202201020401
5,6,9,リュバンスリーズ,牝2,54,菱田裕二,1:32.3,ハナ,11.3,4.0,428(+4),[東] 小手川準,202201020401
6,4,6,スパークタイムリー,牝2,52,小林凌大,1:32.6,1.1/2,51.8,9.0,448(+10),[東] 小島茂之,202201020401
7,7,11,テラステラ,牡2,54,坂井瑠星,1:32.8,1.1/4,2.4,1.0,472(-8),[西] 矢作芳人,202201020401
8,4,5,スノーパトロール,牝2,54,丹内祐次,1:33.1,2,19.6,6.0,484(0),[東] 上原博之,202201020401
9,5,8,タガノマカロン,牝2,51,土田真翔,1:33.4,1.1/2,270.6,13.0,430(-2),[西] 藤沢則雄,202201020401
10,1,1,ハナサキポプラ,牝2,51,大久保友,1:33.7,1.3/4,296.8,14.0,444(0),[西] 杉山佳明,202201020401
11,8,13,カリスマタイクーン,牡2,52,角田大和,1:33.9,1,201.2,12.0,494(0),[東] 杉浦宏昭,202201020401
12,2,2,ニシノシャイニング,牡2,53,秋山稔樹,1:34.1,1.1/2,13.6,5.0,440(+4),[東] 中野栄治,202201020401
13,8,14,エースオブスペーズ,牡2,54,池添謙一,1:34.5,2,41.0,8.0,450(-6),[西] 池添兼雄,202201020401
14,5,7,ダリ,牡2,51,西塚洸二,1:34.5,ハナ,79.0,10.0,420(-6),[東] 佐藤吉勝,202201020401
1,4,4,バオバブスピリット,牝3,54,岩田康誠,0:59.0,,12.5,5.0,434(-2),[東] 斎藤誠,202201020402
2,7,10,ミルニュイ,牝3,54,藤岡佑介,0:59.4,2.1/2,2.0,1.0,524(-4),[西] 茶木太樹,202201020402
3,3,3,パレフォーコン,牡3,56,横山武史,0:59.4,クビ,5.6,3.0,444(-6),[西] 鮫島一歩,202201020402
4,2,2,キャプテンローレル,牡3,54,角田大和,0:59.5,1/2,5.5,2.0,462(+4),[西] 羽月友彦,202201020402
5,5,6,ワンダーデュエル,牡3,52,古川奈穂,1:00.0,3,16.9,6.0,482(+8),[西] 高柳大輔,202201020402
6,8,11,イデアファイブ,牝3,53,秋山稔樹,1:00.0,ハナ,73.2,10.0,426(+4),[東] 本間忍,202201020402
7,6,8,ミヤビルーナ,牝3,54,丸山元気,1:00.3,1.1/2,197.9,12.0,470(+6),[西] 笹田和秀,202201020402
8,5,5,カルーナブルガリス,牝3,54,鮫島克駿,1:00.3,ハナ,17.0,7.0,446(-2),[東] 伊藤圭三,202201020402
9,8,12,ハートホイップ,牝3,52,横山琉人,1:00.3,クビ,9.0,4.0,468(-2),[東] 天間昭一,202201020402
10,7,9,リーセフィヨルド,牝3,54,池添謙一,1:00.4,クビ,25.9,8.0,466(-2),[東] 菊沢隆徳,202201020402
11,6,7,コスモプルエバ,牝3,54,丹内祐次,1:00.7,1.3/4,34.2,9.0,430(-4),[東] 伊藤大士,202201020402
12,1,1,ボルダーズビーチ,牝3,51,鷲頭虎太,1:01.6,5,106.8,11.0,450(-2),[西] 寺島良,202201020402
1,1,1,マイネルキング,牡3,56,丹内祐次,1:46.7,,6.8,2.0,474(-10),[東] 相沢郁,202201020403
2,4,6,トーホウテンリュウ,牡3,56,ルメール,1:46.9,1.1/4,1.8,1.0,492(+2),[西] 石坂公一,202201020403
3,6,10,ウォータージオード,牡3,56,鮫島克駿,1:47.1,1.1/4,9.3,3.0,478(-2),[西] 岡田稲男,202201020403
4,7,12,ホウオウブリッツ,牡3,56,吉田隼人,1:47.2,1/2,9.4,4.0,488(-6),[西] 須貝尚介,202201020403
5,6,9,シードザブレイク,牡3,54,横山琉人,1:47.5,2,27.9,9.0,504(+2),[西] 庄野靖志,202201020403
6,4,5,メイショウフィガロ,牡3,56,菱田裕二,1:47.6,クビ,20.3,7.0,450(+4),[西] 高橋義忠,202201020403
7,8,13,トーホウダブリン,牝3,54,川島信二,1:48.2,4,33.1,10.0,444(+1),[西] 新谷功一,202201020403
8,5,8,キージュピター,牡3,55,秋山稔樹,1:48.7,3,12.2,6.0,486(+4),[東] 青木孝文,202201020403
9,3,4,ヴァレッタカズマ,牡3,56,斎藤新,1:48.9,1.1/4,11.3,5.0,496(-12),[西] 安田隆行,202201020403
10,8,14,ジョリエス,牡3,56,吉田豊,1:49.6,4,24.1,8.0,458(-8),[東] 小手川準,202201020403
11,2,2,イデアノキセキ,牡3,56,丸山元気,1:49.7,1/2,52.8,11.0,448(+6),[東] 金成貴史,202201020403
12,5,7,ピンクライオネス,牝3,51,西塚洸二,1:50.0,2,241.1,13.0,446(-2),[西] 藤原英昭,202201020403
13,3,3,ヒーローオブチグサ,牡3,56,黛弘人,1:50.3,1.3/4,141.3,12.0,480(+6),[東] 岩戸孝樹,202201020403
除,7,11,ベルアクトリス,牝3,50,古川奈穂,,,---,,460(0),[西] 杉山晴紀,202201020403
1,2,2,ヴィルトブリーゼ,牝3,54,柴山雄一,2:46.1,,12.8,4.0,434(-6),[東] 古賀慎明,202201020404
2,8,13,グロー,牡3,56,池添謙一,2:46.1,クビ,12.0,3.0,470(-2),[西] 鈴木孝志,202201020404
3,3,4,ルヴェルディ,牡3,56,ルメール,2:47.1,6,2.9,2.0,472(0),[東] 木村哲也,202201020404
4,1,1,ダノンフロンティア,牡3,56,武豊,2:47.1,クビ,1.9,1.0,494(0),[西] 中内田充,202201020404
5,5,8,ホウオウベリテ,牡3,56,丹内祐次,2:47.3,1.1/4,46.0,9.0,450(0),[東] 高木登,202201020404
6,6,9,タイクーン,牡3,54,小林凌大,2:47.4,3/4,28.3,7.0,504(-6),[西] 本田優,202201020404
7,7,11,ミヴィダロカ,牝3,54,坂井瑠星,2:48.1,4,48.0,10.0,488(0),[西] 矢作芳人,202201020404
8,8,14,ジュンバレット,牡3,54,山田敬士,2:48.2,1/2,247.3,14.0,454(-6),[東] 伊坂重信,202201020404
9,4,5,ノーティアス,牡3,55,秋山稔樹,2:48.2,アタマ,43.8,8.0,504(+6),[東] 宗像義忠,202201020404
10,3,3,イザトナレバ,セ3,56,吉田豊,2:48.2,クビ,77.8,11.0,462(+2),[東] 伊坂重信,202201020404
11,4,6,セイウンフィーバー,牡3,53,土田真翔,2:49.0,5,147.5,13.0,444(+2),[東] 尾形和幸,202201020404
12,6,10,ララアンセストラル,牡3,54,角田大和,2:49.4,2.1/2,26.1,6.0,460(+2),[西] 松下武士,202201020404
13,5,7,セットリスト,牝3,54,吉田隼人,2:49.8,2.1/2,17.9,5.0,480(+2),[西] 茶木太樹,202201020404
14,7,12,モズユウガ,牡3,53,大久保友,2:49.9,1/2,90.6,12.0,490(+4),[西] 大久保龍,202201020404
1,4,4,インスタキング,牡2,54,武豊,2:06.3,,6.4,4.0,492(0),[東] 蛯名正義,202201020405
2,5,5,ジュンツバメガエシ,牡2,54,横山武史,2:06.4,1/2,4.2,2.0,504(0),[西] 友道康夫,202201020405
3,6,6,アヴニールドブリエ,牡2,54,ルメール,2:06.6,1,1.7,1.0,510(0),[東] 宮田敬介,202201020405
4,1,1,サンバデルンバ,牝2,54,藤岡佑介,2:06.9,2,6.1,3.0,460(0),[東] 伊藤大士,202201020405
5,3,3,トーセンサマンサ,牝2,54,丸山元気,2:08.0,7,43.9,6.0,430(0),[東] 深山雅史,202201020405
6,2,2,フッカツラヴ,牝2,54,丹内祐次,2:10.1,大,31.9,5.0,420(0),[東] 尾形和幸,202201020405
1,1,1,セブンスレター,牡3,54,黛弘人,2:34.6,,21.3,8.0,492(-4),[東] 武井亮,202201020406
2,3,3,イーサンバーニング,牡3,52,角田大和,2:34.7,3/4,3.2,1.0,506(+6),[東] 中野栄治,202201020406
3,4,4,クロスザルビコン,牡5,57,坂井瑠星,2:34.7,ハナ,7.5,5.0,456(-2),[東] 大和田成,202201020406
4,7,9,クインズジョイフル,牝3,50,小林凌大,2:34.9,1,6.4,4.0,424(-4),[東] 小島茂之,202201020406
5,6,7,オクトニオン,牡3,54,横山武史,2:35.3,2.1/2,6.3,3.0,524(0),[東] 斎藤誠,202201020406
6,6,8,ディサイド,牡3,54,岩田康誠,2:35.6,1.1/2,8.3,6.0,480(-6),[西] 高野友和,202201020406
7,8,12,オブジェダート,牡3,54,鮫島克駿,2:35.6,クビ,5.0,2.0,498(+12),[西] 橋口慎介,202201020406
8,5,5,ネッスンドルマ,牡3,54,吉田隼人,2:35.7,クビ,29.0,9.0,442(-2),[東] 加藤士津,202201020406
9,7,10,ガンガディン,牡3,54,丹内祐次,2:36.8,7,105.2,11.0,474(+2),[東] 田島俊明,202201020406
10,2,2,テーオーバフェット,牡5,57,荻野琢真,2:36.9,1/2,33.4,10.0,514(0),[西] 梅田智之,202201020406
11,5,6,サトノバトラー,セ4,57,ルメール,2:38.0,7,20.6,7.0,502(-4),[東] 堀宣行,202201020406
12,8,11,ブリヨンカズマ,牡3,54,菱田裕二,2:38.9,5,109.2,12.0,520(+4),[西] 高柳大輔,202201020406
1,5,6,スマートセプター,牡3,54,吉田隼人,1:45.7,,6.9,3.0,500(-2),[西] 須貝尚介,202201020407
2,8,12,フォーワンセルフ,牡3,54,原田和真,1:46.1,2.1/2,11.7,6.0,508(-10),[東] 小桧山悟,202201020407
3,3,3,パーティーベル,牡3,54,横山和生,1:46.2,クビ,3.4,2.0,456(0),[西] 松永幹夫,202201020407
4,5,7,ワンダーアマルフィ,牡5,57,水口優也,1:46.5,2,32.7,9.0,480(+14),[西] 石橋守,202201020407
5,8,13,リヴウェル,牡4,55,山田敬士,1:46.7,1.1/2,65.0,12.0,488(0),[東] 深山雅史,202201020407
6,7,11,デルマタモン,牡4,57,丸山元気,1:46.8,クビ,8.4,4.0,504(0),[東] 勢司和浩,202201020407
7,4,5,サムハンター,牡4,57,菱田裕二,1:46.8,クビ,17.0,7.0,482(-4),[西] 高橋康之,202201020407
8,4,4,メテオフリューゲル,牡3,54,横山武史,1:46.8,ハナ,3.0,1.0,526(0),[東] 鈴木伸尋,202201020407
9,2,2,ヒシアラカン,牡3,51,西塚洸二,1:47.4,3.1/2,62.4,11.0,472(+2),[東] 堀宣行,202201020407
10,6,9,チュウワジョーダン,セ5,57,伊藤工真,1:47.7,1.3/4,11.1,5.0,444(-4),[東] 林徹,202201020407
11,7,10,タイガ,牡5,53,古川奈穂,1:47.9,3/4,35.2,10.0,492(0),[東] 堀内岳志,202201020407
12,6,8,ダイチヴィヴァン,牡3,53,秋山稔樹,1:48.2,1.3/4,24.8,8.0,474(+6),[東] 蛯名利弘,202201020407
13,1,1,メイクマイデイ,牡4,57,柴山雄一,1:54.0,大,94.0,13.0,488(0),[西] 昆貢,202201020407
1,8,14,ヒヅルジョウ,牝3,52,菱田裕二,2:02.2,,3.3,2.0,476(+6),[西] 岡田稲男,202201020408
2,3,3,マイシンフォニー,牝3,52,武豊,2:02.6,2.1/2,2.9,1.0,484(-2),[西] 松永幹夫,202201020408
3,8,13,ゴルトシュミーデ,牝3,49,大久保友,2:03.1,3,26.7,8.0,430(+2),[西] 村山明,202201020408
4,4,5,ヒットザシーン,牝4,55,丹内祐次,2:03.2,1/2,6.2,3.0,490(+8),[東] 畠山吉宏,202201020408
5,3,4,キュンストラー,牝4,53,小林凌大,2:03.3,クビ,169.6,13.0,412(-2),[東] 松永康利,202201020408
6,5,8,アレナリア,牝3,50,山田敬士,2:03.5,1.1/4,198.3,14.0,420(-4),[東] 粕谷昌央,202201020408
7,7,12,エレガントチャーム,牝5,55,横山和生,2:03.5,クビ,17.3,6.0,484(+14),[東] 菊沢隆徳,202201020408
8,2,2,カツコ,牝4,55,吉田隼人,2:03.5,アタマ,39.5,9.0,448(-18),[西] 寺島良,202201020408
9,4,6,ポケットシンデレラ,牝3,52,黛弘人,2:03.5,ハナ,51.7,11.0,422(+10),[東] 青木孝文,202201020408
10,1,1,クールブリエ,牝4,55,丸山元気,2:03.9,2,26.3,7.0,452(-8),[西] 笹田和秀,202201020408
11,6,9,プリペアード,牝4,55,横山武史,2:04.1,1.1/4,12.5,5.0,416(-2),[西] 宮徹,202201020408
12,6,10,トゥーサン,牝3,52,斎藤新,2:04.4,2,45.5,10.0,460(+2),[西] 吉岡辰弥,202201020408
13,5,7,ナックフローラ,牝3,50,角田大和,2:04.9,3,6.9,4.0,476(-6),[東] 杉浦宏昭,202201020408
14,7,11,ベアーザベル,牝3,52,坂井瑠星,2:05.5,4,55.9,12.0,436(+4),[西] 渡辺薫彦,202201020408
1,4,4,ジョリダム,牝2,54,丹内祐次,1:31.6,,78.4,8.0,430(-6),[地] 田中淳司,202201020409
2,6,6,イコサン,牡2,54,池添謙一,1:31.6,ハナ,2.7,1.0,476(+16),[西] 長谷川浩,202201020409
3,2,2,ジョウショーホープ,牡2,54,藤岡佑介,1:31.7,3/4,10.3,7.0,458(-2),[西] 新谷功一,202201020409
4,6,7,ナイトキャッスル,牡2,54,ルメール,1:31.7,アタマ,4.8,2.0,506(0),[西] 音無秀孝,202201020409
5,7,9,ミシェラドラータ,牡2,54,鮫島克駿,1:31.9,1.1/4,8.8,4.0,474(-6),[西] 清水久詞,202201020409
6,8,10,コンチトーホク,牡2,54,松井伸也,1:31.9,アタマ,272.5,10.0,452(0),[地] 桧森邦夫,202201020409
7,5,5,マルモリディライト,牝2,54,武豊,1:32.4,2.1/2,9.7,5.0,450(+6),[西] 石橋守,202201020409
8,3,3,エイトスターズ,牝2,54,吉田隼人,1:32.6,1.1/2,5.4,3.0,468(0),[西] 坂口智康,202201020409
9,1,1,プルタオルネ,牡2,54,石川倭,1:32.8,1,83.0,9.0,466(-2),[地] 小国博行,202201020409
10,8,11,ブライトファントム,牡2,54,横山和生,1:32.9,3/4,9.9,6.0,502(+6),[西] 杉山晴紀,202201020409
11,7,8,サブリュウシン,牡2,54,阿部龍,1:33.0,クビ,393.2,11.0,452(-12),[地] 角川秀樹,202201020409
1,7,11,モズマゾク,牡4,57,武豊,1:45.0,,19.3,7.0,488(+2),[西] 南井克巳,202201020410
2,5,7,ジョイス,牡3,54,横山武史,1:45.0,ハナ,2.0,1.0,506(0),[東] 斎藤誠,202201020410
3,8,13,アンダープロット,牡4,57,ルメール,1:45.2,1.1/2,8.7,3.0,500(+2),[東] 加藤征弘,202201020410
4,3,4,シンヨモギネス,牡4,57,丹内祐次,1:45.4,1,12.8,5.0,472(-10),[東] 伊藤圭三,202201020410
5,1,1,キタノセレナード,牡3,54,吉田隼人,1:45.4,クビ,10.6,4.0,444(0),[西] 坂口智康,202201020410
6,3,3,キュールエフウジン,牡3,54,斎藤新,1:45.5,クビ,4.3,2.0,498(+10),[西] 中尾秀正,202201020410
7,4,6,タガノペカ,牝4,55,角田大和,1:45.5,ハナ,68.2,11.0,506(+4),[西] 西園正都,202201020410
8,8,14,バルサミックムーン,セ5,57,黛弘人,1:45.5,クビ,42.1,9.0,494(-10),[東] 武藤善則,202201020410
9,6,9,ミツカネプリンス,牡5,57,坂井瑠星,1:45.9,2.1/2,93.0,13.0,450(-6),[東] 鈴木伸尋,202201020410
10,7,12,バルムンク,牡3,54,鮫島克駿,1:46.1,1.1/4,14.1,6.0,510(0),[西] 池添学,202201020410
11,5,8,アドマイヤビーナス,牝6,55,菱田裕二,1:46.9,5,239.5,14.0,494(0),[西] 梅田智之,202201020410
12,6,10,サトノワールド,牡5,57,Ｍ．デム,1:47.5,3.1/2,55.1,10.0,524(0),[東] 国枝栄,202201020410
13,2,2,ヴェノム,牡4,57,池添謙一,1:48.1,3.1/2,76.5,12.0,526(+4),[西] 池添兼雄,202201020410
14,4,5,メイショウナリヒラ,牡4,57,泉谷楓真,1:48.3,1.1/4,36.8,8.0,462(-10),[西] 南井克巳,202201020410
1,2,4,ジャックドール,牡4,57,藤岡佑介,2:01.2,,4.6,3.0,516(+8),[西] 藤岡健一,202201020411
2,2,3,パンサラッサ,牡5,57,吉田豊,2:01.2,クビ,3.3,2.0,470(-6),[西] 矢作芳人,202201020411
3,5,9,ウインマリリン,牝5,55,松岡正海,2:01.4,1.1/2,13.6,5.0,488(+12),[東] 手塚貴久,202201020411
4,6,12,アラタ,牡5,57,横山武史,2:01.5,クビ,85.6,12.0,464(-2),[東] 和田勇介,202201020411
5,5,10,ソダシ,牝4,55,吉田隼人,2:01.8,1.3/4,3.3,1.0,478(+2),[西] 須貝尚介,202201020411
6,3,6,グローリーヴェイズ,牡7,57,ルメール,2:01.8,クビ,7.0,4.0,462(0),[東] 尾関知人,202201020411
7,8,16,アンティシペイト,牡5,57,横山和生,2:01.9,1/2,28.8,7.0,502(+6),[東] 国枝栄,202201020411
8,4,8,フィオリキアリ,牝5,55,鮫島克駿,2:02.1,1,138.4,13.0,458(+8),[西] 清水久詞,202201020411
9,7,13,レッドガラン,牡7,57,岩田康誠,2:02.1,クビ,32.3,9.0,518(0),[西] 安田隆行,202201020411
10,4,7,ハヤヤッコ,牡6,57,池添謙一,2:02.4,1.3/4,29.1,8.0,474(-6),[東] 国枝栄,202201020411
11,7,14,ユーバーレーベン,牝4,55,Ｍ．デム,2:02.6,1.1/4,18.7,6.0,498(0),[東] 手塚貴久,202201020411
12,6,11,ユニコーンライオン,牡6,57,坂井瑠星,2:03.2,3.1/2,52.4,11.0,528(+12),[西] 矢作芳人,202201020411
13,3,5,サトノクロニクル,牡8,57,斎藤新,2:03.2,アタマ,365.4,16.0,482(+10),[西] 池江泰寿,202201020411
14,8,15,ケイデンスコール,牡6,57,古川吉洋,2:03.6,2.1/2,284.3,14.0,470(-4),[西] 安田隆行,202201020411
15,1,2,アイスバブル,牡7,57,水口優也,2:03.6,クビ,322.9,15.0,472(-6),[西] 池江泰寿,202201020411
16,1,1,マカヒキ,牡9,57,武豊,2:04.6,6,50.0,10.0,510(0),[西] 友道康夫,202201020411
1,2,4,モンファボリ,牝4,55,武豊,1:10.2,,2.7,1.0,460(+2),[西] 須貝尚介,202201020412
2,4,8,スリーパーダ,牝3,52,横山武史,1:10.2,クビ,5.7,2.0,414(+18),[西] 斉藤崇史,202201020412
3,2,3,メイショウエニシア,牝4,55,藤岡佑介,1:10.4,1.1/4,7.6,5.0,456(+4),[西] 本田優,202201020412
4,3,5,カバーガール,牝4,55,坂井瑠星,1:10.5,クビ,45.4,10.0,472(0),[西] 清水久詞,202201020412
5,4,7,ヤマニンルリュール,牝4,55,鮫島克駿,1:10.5,ハナ,6.3,3.0,492(+6),[西] 木原一良,202201020412
6,6,12,ラヴケリー,牝4,55,池添謙一,1:10.5,ハナ,24.4,8.0,456(-2),[西] 高柳大輔,202201020412
6,8,15,セリノーフォス,牝3,52,吉田隼人,1:10.5,同着,10.5,6.0,458(+2),[西] 本田優,202201020412
8,3,6,ディキシークイーン,牝5,55,横山和生,1:10.6,クビ,108.6,12.0,494(-4),[西] 昆貢,202201020412
9,8,16,ミズノコキュウ,牝3,52,丹内祐次,1:10.6,アタマ,7.5,4.0,428(+12),[東] 水野貴広,202201020412
10,7,14,マイステージ,牝4,55,松岡正海,1:10.7,3/4,118.3,14.0,446(+8),[東] 伊藤伸一,202201020412
11,1,2,ウキウキホリデー,牝4,55,丸山元気,1:10.8,3/4,34.8,9.0,484(+4),[東] 松永康利,202201020412
12,6,11,ヤマニンプティパ,牝5,55,伊藤工真,1:10.8,クビ,78.0,11.0,458(+10),[西] 千田輝彦,202201020412
13,5,10,ゴールドフィンガー,牝4,55,水口優也,1:11.0,3/4,135.6,15.0,484(+10),[西] 岡田稲男,202201020412
14,5,9,トップキャスト,牝3,52,斎藤新,1:11.0,アタマ,19.0,7.0,436(-2),[西] 高橋康之,202201020412
15,1,1,チャペルレーン,牝4,55,横山琉人,1:12.2,7,115.9,13.0,468(-2),[東] 尾形和幸,202201020412
16,7,13,アルナージ,牝4,55,柴山雄一,1:12.3,クビ,233.1,16.0,462(+6),[西] 昆貢,202201020412
1,5,5,キングズレイン,牡2,54,横山武史,1:52.5,,1.2,1.0,480(+6),[東] 手塚貴久,202201020501
2,3,3,トーセントラム,牡2,54,武豊,1:52.5,ハナ,4.6,2.0,414(0),[東] 小桧山悟,202201020501
3,2,2,ウインエタンセル,牡2,54,イーガン,1:53.0,3,12.0,3.0,464(0),[東] 高木登,202201020501
4,7,7,セクシーコマンドー,牡2,54,丸山元気,1:53.2,1,13.3,4.0,458(+6),[東] 鈴木慎太,202201020501
5,6,6,サンデーヒーロー,牡2,54,丹内祐次,1:53.3,1,49.6,6.0,456(+4),[西] 中村直也,202201020501
6,4,4,ウェンス,牡2,53,角田大和,1:53.8,3,22.2,5.0,438(+4),[東] 杉浦宏昭,202201020501
7,1,1,トーセントゥーリオ,牡2,54,横山和生,1:54.7,5,119.2,7.0,464(-6),[東] 小野次郎,202201020501
1,7,7,バロットボックス,牝2,54,菱田裕二,1:10.4,,5.1,3.0,450(-2),[東] 宮田敬介,202201020502
2,4,4,レイフォール,牡2,54,丹内祐次,1:10.5,3/4,2.2,1.0,466(+2),[東] 武藤善則,202201020502
3,8,8,フォルテース,牡2,53,角田大和,1:10.6,3/4,2.2,2.0,444(0),[西] 高橋亮,202201020502
4,1,1,コパノエルパソ,牡2,53,秋山稔樹,1:11.2,3.1/2,87.6,6.0,498(-8),[東] 上原博之,202201020502
5,5,5,チャイボーグ,牝2,54,柴山雄一,1:11.4,1.1/2,134.9,8.0,462(+4),[東] 的場均,202201020502
6,6,6,クリノヒーロー,牡2,52,小林凌大,1:11.5,3/4,14.8,4.0,462(0),[西] 谷潔,202201020502
7,2,2,ユキノソックス,牝2,51,大久保友,1:12.0,3,110.8,7.0,446(0),[西] 宮本博,202201020502
8,3,3,ナックホリデー,牝2,52,横山琉人,1:14.6,大,52.8,5.0,486(+4),[東] 杉浦宏昭,202201020502
1,6,7,ベジェサ,牝3,54,横山和生,0:59.3,,3.5,2.0,494(-2),[西] 飯田祐史,202201020503
2,7,10,サリーチャン,牝3,53,秋山稔樹,0:59.5,1.1/2,5.0,4.0,450(+2),[東] 石栗龍彦,202201020503
3,6,8,ジェネラルウィル,牝3,54,ホー,0:59.6,3/4,4.4,3.0,462(+6),[東] 林徹,202201020503
4,1,1,スターザサンライズ,牝3,54,斎藤新,0:59.9,1.3/4,10.1,5.0,444(-4),[西] 安田隆行,202201020503
5,5,6,デュードメール,牝3,54,吉田隼人,0:59.9,アタマ,47.7,7.0,458(-2),[西] 須貝尚介,202201020503
6,3,3,グランパドゥシャ,牝3,52,小林凌大,1:00.3,2.1/2,17.0,6.0,440(+4),[東] 小西一男,202201020503
7,8,11,プレミアムベリー,牝3,53,角田大和,1:00.3,ハナ,3.4,1.0,440(-2),[西] 羽月友彦,202201020503
8,5,5,アンジーニョ,牝3,54,松山弘平,1:00.3,アタマ,52.4,8.0,424(+10),[西] 高橋義忠,202201020503
9,2,2,ムーンワード,牝3,54,丹内祐次,1:00.7,2,59.9,10.0,464(-18),[東] 杉浦宏昭,202201020503
10,4,4,メイショウカンギク,牝3,53,泉谷楓真,1:00.7,クビ,86.4,11.0,466(+4),[西] 飯田祐史,202201020503
11,7,9,ベルアクトリス,牝3,50,古川奈穂,1:00.8,1/2,57.7,9.0,462(+2),[西] 杉山晴紀,202201020503
12,8,12,アタカマリン,牝3,54,柴山雄一,1:01.9,7,167.2,12.0,478(-4),[西] 昆貢,202201020503
1,4,6,ヤマニンクイッカー,牡3,56,柴山雄一,1:46.6,,7.7,4.0,456(+4),[東] 田島俊明,202201020504
2,5,8,カイザーレオン,牡3,56,横山和生,1:46.9,2,2.0,1.0,464(+10),[東] 伊坂重信,202201020504
3,1,1,ベニッシモ,牡3,56,丸山元気,1:47.8,5,3.2,2.0,478(+6),[東] 伊藤大士,202201020504
4,5,7,ロルバーンスカイ,牡3,56,横山武史,1:48.3,3,6.3,3.0,448(0),[東] 新開幸一,202201020504
5,4,5,デルマアメミット,牡3,54,山田敬士,1:48.4,クビ,140.5,12.0,464(+2),[東] 鈴木慎太,202201020504
6,8,14,シトラスダル,牝3,54,菱田裕二,1:48.6,1.1/4,438.5,14.0,428(+2),[東] 浅野洋一,202201020504
7,6,10,シードザブレイク,牡3,54,横山琉人,1:49.0,2.1/2,15.5,5.0,502(-2),[西] 庄野靖志,202201020504
8,3,3,ハイアキュレイト,牡3,53,鷲頭虎太,1:49.1,1/2,138.9,11.0,470(0),[西] 羽月友彦,202201020504
9,2,2,セイウンマリンガー,牝3,53,秋山稔樹,1:49.2,1/2,47.0,7.0,426(+10),[東] 本間忍,202201020504
10,6,9,エティエンヌ,セ3,53,大久保友,1:49.3,3/4,94.2,10.0,516(+2),[東] 高木登,202201020504
11,8,13,アスクレッドスター,牡3,56,パコー,1:49.3,アタマ,82.0,9.0,462(-2),[東] 田村康仁,202201020504
12,7,11,フラッシュサンダー,牝3,51,西塚洸二,1:50.3,6,323.0,13.0,422(+2),[東] 奥平雅士,202201020504
13,7,12,カラフルワウ,牝3,54,古川吉洋,1:56.6,大,54.4,8.0,470(+2),[西] 上村洋行,202201020504
14,3,4,アップフルーク,牡3,56,丹内祐次,1:56.9,1.3/4,46.9,6.0,490(-2),[東] 松山将樹,202201020504
1,6,6,ペリエール,牡2,54,福永祐一,1:45.7,,5.3,2.0,474(0),[東] 黒岩陽一,202201020505
2,3,3,ユティタム,牡2,54,ルメール,1:46.3,3.1/2,1.7,1.0,502(0),[西] 須貝尚介,202201020505
3,5,5,ピッチパーフェクト,牝2,54,丹内祐次,1:47.3,6,6.2,4.0,474(0),[東] 伊藤圭三,202201020505
4,7,7,アレクサ,牡2,54,斎藤新,1:47.8,2.1/2,63.1,6.0,484(0),[東] 斎藤誠,202201020505
5,4,4,シュニー,牝2,54,武豊,1:48.0,1.1/2,13.0,5.0,448(0),[西] 小崎憲,202201020505
6,1,1,シザジー,牝2,54,柴山雄一,1:51.4,大,82.8,7.0,530(0),[西] 中村直也,202201020505
7,2,2,フクチャンキング,牡2,54,横山武史,1:52.1,4,5.9,3.0,538(0),[東] 加藤征弘,202201020505
1,5,7,ジャスティンエース,牡3,56,福永祐一,1:30.4,,4.6,2.0,464(0),[西] 杉山晴紀,202201020506
2,7,11,ホートンプレインズ,牝3,54,横山武史,1:30.4,クビ,6.4,4.0,426(0),[西] 平田修,202201020506
3,6,10,シャノワール,牝3,54,丹内祐次,1:30.6,1.1/2,11.0,6.0,416(-6),[東] 小手川準,202201020506
4,4,6,バーストオブカラー,牡3,56,ルメール,1:30.7,1/2,3.1,1.0,510(0),[東] 木村哲也,202201020506
5,6,9,ブラーバック,牝3,54,松山弘平,1:30.8,クビ,7.4,5.0,460(-4),[東] 大竹正博,202201020506
6,2,2,プラティナマリア,牝3,54,斎藤新,1:30.8,クビ,23.7,8.0,446(-10),[西] 橋口慎介,202201020506
7,3,4,パンドーロ,牝3,53,泉谷楓真,1:31.3,2.1/2,19.9,7.0,490(+4),[西] 奥村豊,202201020506
8,4,5,シウン,牝3,54,松田大作,1:31.4,1/2,81.2,11.0,466(+2),[西] 須貝尚介,202201020506
9,8,13,アイスケイブ,牝3,54,ホー,1:31.6,1.1/4,202.2,12.0,442(+18),[東] 高柳瑞樹,202201020506
10,8,14,エアシャロウ,牡3,56,浜中俊,1:31.7,3/4,5.9,3.0,530(-4),[西] 笹田和秀,202201020506
11,7,12,ルージュエピス,牝3,54,吉田隼人,1:31.7,クビ,207.0,13.0,466(+2),[東] 小島茂之,202201020506
12,1,1,タレントゥーサ,牝3,51,鷲頭虎太,1:31.8,3/4,70.8,10.0,454(+6),[西] 池江泰寿,202201020506
13,5,8,ベルマレット,牝3,54,横山和生,1:31.8,ハナ,24.2,9.0,452(-14),[西] 矢作芳人,202201020506
除,3,3,チカレンヌ,牝3,54,武豊,,,---,,438(+4),[西] 小崎憲,202201020506
1,3,4,レッドランメルト,牡3,54,川田将雅,1:48.4,,1.5,1.0,508(+8),[東] 国枝栄,202201020507
2,6,10,エスコバル,セ4,57,浜中俊,1:48.9,3,6.5,3.0,520(0),[東] 堀宣行,202201020507
3,8,13,ディープレイヤー,牡3,54,ルメール,1:48.9,ハナ,11.1,5.0,486(+4),[東] 大和田成,202201020507
4,5,7,サルサロッサ,牝3,52,松山弘平,1:49.8,5,6.3,2.0,444(-8),[東] 高柳瑞樹,202201020507
5,7,12,レシャバール,牡4,56,泉谷楓真,1:49.8,アタマ,106.2,10.0,490(0),[西] 池江泰寿,202201020507
6,6,9,ティーライトニング,牡3,54,ホー,1:49.8,アタマ,141.5,11.0,458(-2),[東] 辻哲英,202201020507
7,7,11,コスモミローディア,牡6,57,丹内祐次,1:49.9,クビ,34.9,6.0,500(+10),[東] 天間昭一,202201020507
8,3,3,イザトナレバ,セ3,53,秋山稔樹,1:50.0,1/2,309.7,13.0,454(-8),[東] 伊坂重信,202201020507
9,4,5,メイレンシュタイン,セ4,57,丸山元気,1:50.1,3/4,55.9,8.0,454(+2),[東] 勢司和浩,202201020507
10,2,2,セツメンノトビウオ,牡5,57,菱田裕二,1:50.4,1.1/2,68.1,9.0,458(0),[西] 牧田和弥,202201020507
11,1,1,ゲンパチリベロ,牡4,57,武豊,1:50.6,1.1/4,10.0,4.0,502(+4),[東] 西田雄一,202201020507
12,4,6,アナザーエデン,牡3,54,イーガン,1:51.0,2.1/2,152.8,12.0,502(+16),[西] 吉村圭司,202201020507
13,8,14,ジェラペッシュ,牝5,52,西塚洸二,1:51.0,クビ,342.2,14.0,470(+2),[東] 南田美知,202201020507
14,5,8,ヒルノロワール,牡3,54,古川吉洋,1:52.1,7,53.9,7.0,482(-6),[西] 北出成人,202201020507
1,6,9,ネイリッカ,牝3,52,横山武史,1:45.5,,2.8,2.0,456(+6),[東] 和田勇介,202201020508
2,7,12,アレマーナ,牝3,51,角田大和,1:46.4,5,12.8,5.0,470(-4),[西] 松下武士,202201020508
3,5,7,レリジールダモーレ,牝3,50,横山琉人,1:46.5,3/4,2.5,1.0,440(-8),[西] 高橋義忠,202201020508
4,3,4,マヤローザ,牝4,53,山田敬士,1:46.5,アタマ,32.1,7.0,440(+4),[西] 大橋勇樹,202201020508
5,4,5,メイショウホオズキ,牝4,55,松山弘平,1:46.7,3/4,5.9,3.0,476(0),[東] 高柳瑞樹,202201020508
6,2,2,ウインホノカ,牝6,55,丹内祐次,1:46.8,1/2,127.4,11.0,424(-2),[東] 本間忍,202201020508
7,1,1,エアーレジーナ,牝4,55,黛弘人,1:46.9,1/2,27.1,6.0,498(+2),[東] 和田雄二,202201020508
8,7,11,メイショウソウゲツ,牝3,52,武豊,1:47.0,3/4,7.0,4.0,454(-6),[西] 本田優,202201020508
9,3,3,キュン,牝4,55,菱田裕二,1:47.3,1.3/4,54.5,8.0,466(+6),[東] 戸田博文,202201020508
10,8,14,サイモンポーリア,牝4,52,鷲頭虎太,1:47.8,3,247.5,13.0,488(+8),[東] 根本康広,202201020508
11,6,10,タイセイホリデー,牝3,52,水口優也,1:48.1,2,458.9,14.0,440(0),[西] 森田直行,202201020508
12,4,6,ルルネージュ,牝3,49,大久保友,1:48.6,3,72.5,9.0,484(+4),[東] 武市康男,202201020508
13,8,13,ソヨギ,牝5,51,古川奈穂,1:49.1,3,224.2,12.0,476(-2),[東] 粕谷昌央,202201020508
14,5,8,タマモペアリング,牝3,49,西塚洸二,1:50.5,8,84.5,10.0,464(+4),[西] 角田晃一,202201020508
1,2,2,スカイテラス,牡5,57,ルメール,2:42.5,,4.0,2.0,500(+2),[東] 和田正一,202201020509
2,3,4,トラウンシュタイン,牡4,57,斎藤新,2:42.5,ハナ,31.3,7.0,452(+8),[西] 奥村豊,202201020509
3,5,8,エンドウノハナ,牡3,54,菱田裕二,2:43.0,3,4.6,3.0,454(-2),[西] 四位洋文,202201020509
4,8,13,キントリヒ,牡3,54,横山武史,2:43.3,1.3/4,7.8,5.0,460(-6),[東] 矢野英一,202201020509
5,7,12,マケルナマサムネ,牡4,57,川又賢治,2:43.6,1.1/2,3.2,1.0,462(-2),[西] 杉山佳明,202201020509
6,1,1,ギンノサジ,牝4,55,丹内祐次,2:44.0,2.1/2,14.1,6.0,482(0),[東] 松永康利,202201020509
7,6,10,ゼアズノープレイス,牡3,54,黛弘人,2:44.2,1.1/4,120.1,10.0,480(0),[東] 村田一誠,202201020509
8,5,7,ベッラアルバ,牝3,52,角田大和,2:44.2,クビ,5.3,4.0,462(0),[西] 中竹和也,202201020509
9,4,5,コスモゴレアドール,牡3,54,ホー,2:44.6,2.1/2,121.6,11.0,422(+2),[西] 吉田直弘,202201020509
10,7,11,メイショウイナセ,セ5,57,古川吉洋,2:44.9,1.3/4,204.2,12.0,430(+6),[東] 南田美知,202201020509
11,8,14,ショベルヘッド,セ4,57,ウィリア,2:45.3,2.1/2,88.4,9.0,470(+4),[東] 古賀慎明,202201020509
12,4,6,モール,牡3,54,パコー,2:45.6,1.3/4,51.1,8.0,472(+14),[東] 小手川準,202201020509
13,6,9,インペラートル,牡3,54,柴山雄一,2:46.0,2.1/2,209.4,13.0,502(-2),[東] 金成貴史,202201020509
中,3,3,スヴィルカーチ,セ3,54,横山琉人,,,358.1,14.0,436(+4),[西] 佐々木晶,202201020509
1,7,12,メイショウツツジ,牝4,56,武豊,1:09.5,,10.4,6.0,446(+18),[西] 南井克巳,202201020510
2,7,11,スマートルシーダ,牡4,58,岡部誠,1:09.7,1.1/2,7.7,4.0,470(0),[西] 音無秀孝,202201020510
3,8,13,アスクキングコング,セ4,58,ウィリア,1:10.0,1.3/4,4.9,2.0,440(-4),[西] 梅田智之,202201020510
4,8,14,ミキノバスドラム,牡4,58,川田将雅,1:10.1,3/4,14.9,8.0,518(0),[東] 南田美知,202201020510
5,1,1,アラモードバイオ,牡4,58,福永祐一,1:10.2,アタマ,4.2,1.0,514(0),[西] 新谷功一,202201020510
6,5,8,ミモザイエロー,牝6,56,パコー,1:10.4,1.1/2,33.9,10.0,472(+6),[東] 戸田博文,202201020510
7,4,5,デルマカンノン,牝4,56,松山弘平,1:10.5,クビ,9.9,5.0,454(+4),[西] 五十嵐忠,202201020510
8,6,10,ラストリージョ,牝4,56,グラハム,1:10.5,アタマ,12.1,7.0,460(+8),[東] 蛯名利弘,202201020510
9,6,9,ジャガード,牡4,58,バシュロ,1:10.6,3/4,121.7,14.0,424(0),[東] 和田雄二,202201020510
10,3,4,スズカサウスソング,牡5,58,柴田善臣,1:10.6,ハナ,48.9,12.0,508(0),[西] 橋田満,202201020510
11,4,6,リトス,牝3,54,ホー,1:10.7,クビ,5.0,3.0,416(+6),[東] 高橋裕,202201020510
12,2,2,グラウクス,セ6,58,イーガン,1:10.7,アタマ,38.2,11.0,494(-2),[西] 西園正都,202201020510
13,5,7,ピースマインド,牡9,58,横山武史,1:10.7,ハナ,87.0,13.0,460(+2),[西] 宮徹,202201020510
14,3,3,スターズプレミア,牡5,58,ルメール,1:10.9,1.1/4,21.9,9.0,476(+4),[西] 池江泰寿,202201020510
1,8,13,サクラトゥジュール,牡5,58,川田将雅,2:00.6,,5.0,3.0,518(+8),[東] 堀宣行,202201020511
2,5,8,ターキッシュパレス,牡5,58,松山弘平,2:00.7,1,26.5,10.0,480(+2),[西] 昆貢,202201020511
3,6,9,アサケレディ,牝4,56,武豊,2:00.8,1/2,5.9,4.0,484(+4),[西] 大橋勇樹,202201020511
4,6,10,スタッドリー,牡4,58,バシュロ,2:01.0,1.1/4,4.4,1.0,516(-4),[西] 奥村豊,202201020511
5,8,14,モリノカンナチャン,牝4,56,グラハム,2:01.0,ハナ,20.7,9.0,444(-2),[東] 大江原哲,202201020511
6,7,11,アイブランコ,牡5,58,ホー,2:01.0,アタマ,55.0,11.0,508(-4),[東] 中野栄治,202201020511
7,7,12,ミスミルドレッド,牝5,56,横山武史,2:01.1,アタマ,9.2,5.0,466(0),[東] 小島茂之,202201020511
8,4,5,ホウオウリアリティ,牡4,58,ルメール,2:01.1,ハナ,4.6,2.0,480(-2),[東] 高木登,202201020511
9,3,3,ステイブルアスク,牝4,56,柴田善臣,2:01.8,4,10.2,6.0,448(+8),[西] 矢作芳人,202201020511
10,4,6,ルース,牝4,56,パコー,2:02.0,1.1/4,18.8,7.0,494(-4),[西] 池添兼雄,202201020511
11,3,4,ココニアル,牝5,56,イーガン,2:02.5,3,19.9,8.0,462(+12),[東] 和田勇介,202201020511
12,5,7,リーピングリーズン,牝6,56,岡部誠,2:02.6,3/4,97.5,13.0,512(+4),[東] 尾形和幸,202201020511
13,1,1,スパングルドスター,牝5,56,福永祐一,2:03.4,5,62.2,12.0,440(-2),[東] 蛯名正義,202201020511
14,2,2,トミケンボハテル,牡8,58,ウィリア,2:03.7,1.1/2,212.7,14.0,496(-12),[東] 蛯名利弘,202201020511
1,4,5,メイショウジブリ,牡3,54,武豊,1:45.6,,3.5,1.0,500(+16),[西] 南井克巳,202201020512
2,8,13,サムハンター,牡4,57,横山典弘,1:45.7,1/2,22.7,8.0,482(0),[西] 高橋康之,202201020512
3,6,9,メイショウフンケイ,牡4,57,松山弘平,1:46.0,2,12.8,6.0,518(+6),[西] 池添兼雄,202201020512
4,1,1,アウグスト,牡3,54,斎藤新,1:46.3,1.3/4,3.9,2.0,492(-18),[東] 斎藤誠,202201020512
5,3,3,ハイラブハンター,牡4,57,古川吉洋,1:46.4,クビ,11.9,5.0,490(-4),[西] 谷潔,202201020512
6,4,6,フームスムート,牡5,57,丹内祐次,1:46.7,2,4.1,3.0,532(0),[東] 水野貴広,202201020512
7,6,10,セイウンガレオン,牡3,54,黛弘人,1:46.8,1/2,16.5,7.0,528(0),[東] 奥平雅士,202201020512
8,8,14,アテンパーティ,牡3,54,菱田裕二,1:46.9,クビ,98.0,10.0,444(-4),[西] 谷潔,202201020512
9,5,7,ジルバーン,牡3,54,ルメール,1:46.9,クビ,6.7,4.0,424(-4),[西] 武英智,202201020512
10,2,2,ヴィクトリオン,セ4,57,原田和真,1:47.0,3/4,30.8,9.0,504(0),[西] 羽月友彦,202201020512
11,7,11,ネオヒューズ,牡4,57,小林凌大,1:47.7,4,255.1,13.0,518(-2),[東] 小西一男,202201020512
12,5,8,ケンブリッジセンス,牡4,57,角田大和,1:48.8,7,234.9,12.0,434(0),[西] 大根田裕,202201020512
13,3,4,メイショウムート,牡4,57,大久保友,1:49.2,2.1/2,359.9,14.0,442(+4),[東] 佐藤吉勝,202201020512
14,7,12,アイルビーメジャー,牡5,57,イーガン,1:49.3,クビ,207.0,11.0,476(+8),[東] 伊藤伸一,202201020512
1,4,4,コスモフーレイ,牝2,54,丹内祐次,1:31.0,,6.8,3.0,422(-8),[西] 五十嵐忠,202201020601
2,5,5,メリオルヴィータ,牝2,54,福永祐一,1:31.3,1.3/4,3.0,2.0,474(+6),[東] 池上昌和,202201020601
3,7,7,パクパクデスワ,牝2,53,角田大和,1:31.5,1.1/4,56.7,6.0,420(+2),[西] 高橋康之,202201020601
4,3,3,コパカバーナビーチ,牝2,54,黛弘人,1:31.5,ハナ,8.6,5.0,422(-22),[東] 中野栄治,202201020601
5,1,1,シゲルノヴァ,牝2,54,菱田裕二,1:31.5,ハナ,7.7,4.0,452(+2),[西] 谷潔,202201020601
6,8,8,メーテルコート,牝2,54,斎藤新,1:31.7,3/4,2.3,1.0,462(-2),[西] 加用正,202201020601
7,6,6,ハナサキポプラ,牝2,51,鷲頭虎太,1:32.5,5,166.9,8.0,440(-4),[西] 杉山佳明,202201020601
8,2,2,シュガーベイビー,牝2,54,川島信二,1:38.8,大,69.9,7.0,444(+2),[西] 新谷功一,202201020601
1,6,9,ダノンマイソウル,牡3,56,川田将雅,1:46.4,,3.0,1.0,516(-6),[西] 矢作芳人,202201020602
2,5,8,パフオブウインド,牡3,56,丹内祐次,1:47.0,4,4.5,3.0,484(+4),[東] 小桧山悟,202201020602
3,4,5,タマモケンタウルス,牡3,56,江田照男,1:47.2,1,111.9,11.0,468(+12),[東] 水野貴広,202201020602
4,6,10,バレル,牡3,56,吉田隼人,1:47.4,1.1/2,11.6,5.0,470(0),[西] 杉山晴紀,202201020602
5,3,4,エスティメート,牡3,56,黛弘人,1:47.5,クビ,18.6,7.0,464(+2),[東] 加藤和宏,202201020602
6,4,6,ウォータージオード,牡3,56,菱田裕二,1:47.5,ハナ,11.8,6.0,478(0),[西] 岡田稲男,202201020602
7,7,12,サトノキリンジ,牡3,54,横山琉人,1:48.2,4,99.5,10.0,458(+15),[西] 平田修,202201020602
8,8,14,アグネスリュウ,牡3,56,松田大作,1:48.3,1,21.2,8.0,542(+4),[西] 宮本博,202201020602
9,7,11,デルマニンフ,牝3,54,川島信二,1:48.6,1.3/4,152.1,13.0,408(+10),[西] 荒川義之,202201020602
10,5,7,マヨン,牡3,56,横山武史,1:49.0,2.1/2,3.7,2.0,476(+2),[東] 武井亮,202201020602
11,2,2,スペースザリッパー,牡3,53,大久保友,1:50.0,6,120.1,12.0,524(+14),[西] 庄野靖志,202201020602
12,8,13,エーデルフォルム,牡3,56,ルメール,1:51.2,7,9.9,4.0,474(-10),[東] 堀宣行,202201020602
13,3,3,チェルスフィールド,牝3,54,古川吉洋,1:55.8,大,458.7,14.0,372(+8),[西] 上村洋行,202201020602
14,1,1,ザッキング,牡3,56,松山弘平,1:55.9,1/2,32.6,9.0,546(-6),[西] 安田隆行,202201020602
1,5,6,メリヴェイユ,牝3,52,小林凌大,1:00.4,,15.3,7.0,454(+4),[東] 伊藤圭三,202201020603
2,6,8,ベルベリス,牝3,54,ウィリア,1:00.5,クビ,12.8,5.0,454(+4),[東] 高橋文雅,202201020603
3,6,7,パレフォーコン,牡3,56,横山武史,1:00.7,1.1/2,4.2,2.0,446(+2),[西] 鮫島一歩,202201020603
4,2,2,マインフリューゲル,牡3,54,横山琉人,1:00.7,アタマ,7.9,4.0,510(-10),[西] 高野友和,202201020603
5,7,9,コスモサルム,牡3,56,ホー,1:00.8,クビ,14.5,6.0,468(+2),[東] 大和田成,202201020603
6,7,10,ワンダーデュエル,牡3,52,古川奈穂,1:00.8,クビ,26.8,8.0,474(-8),[西] 高柳大輔,202201020603
7,1,1,キャプテンローレル,牡3,55,角田大和,1:00.9,クビ,7.9,3.0,460(-2),[西] 羽月友彦,202201020603
8,5,5,ネオネイア,牡3,56,丹内祐次,1:01.3,2.1/2,37.2,9.0,464(-2),[東] 鈴木伸尋,202201020603
9,8,11,ミルニュイ,牝3,54,松山弘平,1:01.5,3/4,2.0,1.0,516(-8),[西] 茶木太樹,202201020603
10,8,12,ブライトゴッデス,牝3,54,パコー,1:01.7,1.1/2,209.7,10.0,412(+14),[東] 加藤和宏,202201020603
11,3,3,キックザファースト,セ3,54,山田敬士,1:02.3,3.1/2,395.1,12.0,476(-6),[東] 小島茂之,202201020603
12,4,4,ユキゲショウ,牝3,54,菱田裕二,1:02.6,1.3/4,291.6,11.0,466(+4),[東] 浅野洋一,202201020603
1,8,13,ジューンポンポン,牝3,54,横山和生,1:46.5,,3.9,1.0,474(+2),[東] 和田勇介,202201020604
2,1,1,サクラジェンヌ,牝3,54,ウィリア,1:46.6,クビ,18.7,9.0,472(-2),[東] 和田勇介,202201020604
3,3,3,ベアビリーブ,牝3,54,松岡正海,1:47.1,3,89.4,13.0,464(-12),[東] 杉浦宏昭,202201020604
4,8,14,エギーユ,牝3,54,斎藤新,1:47.4,1.3/4,96.3,14.0,468(0),[西] 長谷川浩,202201020604
5,5,8,デルマローレライ,牝3,50,古川奈穂,1:47.7,1.3/4,12.6,7.0,412(+6),[西] 音無秀孝,202201020604
6,2,2,パーチル,牝3,54,黛弘人,1:47.8,1/2,12.1,6.0,440(+4),[東] 岩戸孝樹,202201020604
7,4,5,キットクル,牝3,54,丹内祐次,1:48.0,1.1/2,4.5,2.0,460(+16),[東] 竹内正洋,202201020604
8,4,6,ウォーターアイアイ,牝3,54,古川吉洋,1:48.1,1/2,10.8,5.0,440(+8),[西] 岡田稲男,202201020604
9,7,11,ルージュレイア,牝3,54,ルメール,1:48.2,1/2,12.9,8.0,430(+4),[東] 尾関知人,202201020604
10,7,12,サンドレス,牝3,54,横山武史,1:48.4,1.1/4,5.2,3.0,508(-4),[東] 大竹正博,202201020604
11,3,4,アイレ,牝3,54,丸山元気,1:49.9,9,9.9,4.0,482(+6),[東] 青木孝文,202201020604
12,6,10,ナオミニデレデレヤ,牝3,54,松田大作,1:50.1,1.1/4,64.4,12.0,446(+4),[西] 杉山佳明,202201020604
13,5,7,チアフルモーション,牝3,54,吉田隼人,1:50.5,2.1/2,36.9,11.0,468(+2),[西] 坂口智康,202201020604
14,6,9,ヒロシゲパール,牝3,51,鷲頭虎太,1:50.7,1.1/4,25.9,10.0,488(+8),[西] 坂口智康,202201020604
1,6,6,フォトンブルー,牡2,54,武豊,1:51.1,,3.7,3.0,516(0),[西] 武幸四郎,202201020605
2,2,2,エルデストサン,牡2,54,ルメール,1:51.1,クビ,3.0,1.0,488(0),[西] 須貝尚介,202201020605
3,7,7,ミッキーグロリア,牝2,54,吉田隼人,1:51.4,1.1/2,3.1,2.0,426(0),[東] 久保田貴,202201020605
4,3,3,ロゴデザイン,牡2,54,松山弘平,1:51.9,3,8.6,5.0,484(0),[東] 黒岩陽一,202201020605
5,4,4,ジェイケイロンドン,牡2,52,横山琉人,1:53.5,10,38.2,6.0,460(0),[東] 西田雄一,202201020605
6,1,1,マテンロウメテオラ,牡2,54,横山典弘,1:53.5,ハナ,7.6,4.0,518(0),[西] 昆貢,202201020605
7,5,5,プレザントアンクル,牡2,53,秋山稔樹,2:00.7,大,96.3,7.0,456(0),[東] 蛯名利弘,202201020605
1,7,14,ムガ,牝3,54,古川吉洋,2:02.7,,20.3,6.0,466(+6),[西] 大根田裕,202201020606
2,7,13,イルモンド,牝3,54,菱田裕二,2:03.0,2,1.5,1.0,470(0),[東] 池上昌和,202201020606
3,4,8,グランドゴールド,牡3,56,パコー,2:03.4,2.1/2,68.2,14.0,450(+2),[西] 羽月友彦,202201020606
4,3,6,ウインシュプリーム,牡3,56,イーガン,2:03.5,3/4,36.5,9.0,446(0),[西] 加用正,202201020606
5,5,10,クトゥネシリカ,牡3,56,吉田隼人,2:03.6,クビ,11.1,3.0,416(+2),[東] 堀内岳志,202201020606
6,3,5,カルチェリノイオリ,牝3,52,山田敬士,2:03.6,ハナ,70.3,15.0,424(-14),[東] 粕谷昌央,202201020606
7,8,15,ウィズザタイムズ,牝3,54,松山弘平,2:03.7,3/4,50.5,10.0,456(+8),[東] 竹内正洋,202201020606
8,1,1,マイネルユヌスール,牡3,56,ウィリア,2:03.8,3/4,24.1,8.0,474(0),[西] 五十嵐忠,202201020606
9,6,12,マイトシップ,牡3,56,横山和生,2:03.9,クビ,20.8,7.0,412(+2),[西] 橋田満,202201020606
10,5,9,テイエムナイスラン,牡3,55,秋山稔樹,2:04.1,1.1/4,51.3,11.0,508(-8),[東] 石栗龍彦,202201020606
11,1,2,キタノズーナクア,牝3,54,江田照男,2:04.1,ハナ,58.9,13.0,464(+12),[東] 小笠倫弘,202201020606
12,6,11,ホーリーウェル,牝3,53,角田大和,2:04.2,3/4,18.4,5.0,400(0),[西] 藤原英昭,202201020606
13,2,4,ブレッシングクライ,牡3,56,ホー,2:04.3,クビ,8.5,2.0,484(-4),[西] 奥村豊,202201020606
14,8,16,スマートウェリナ,牡3,56,武豊,2:05.6,8,12.1,4.0,492(-8),[西] 笹田和秀,202201020606
15,4,7,ホーネット,牡3,53,鷲頭虎太,2:06.0,2.1/2,391.4,16.0,426(+4),[東] 石毛善彦,202201020606
中,2,3,タイタンステップス,牡3,56,横山武史,,,51.4,12.0,544(+2),[東] 尾関知人,202201020606
1,6,8,ミツカネプルート,牝3,52,丹内祐次,0:59.2,,17.4,8.0,442(+10),[東] 清水英克,202201020607
2,8,11,トランペットシェル,セ5,55,横山琉人,0:59.7,3,9.3,4.0,490(0),[東] 大江原哲,202201020607
3,5,5,ギャラントマナー,牡4,55,小林凌大,1:00.0,1.1/2,41.1,9.0,538(-18),[東] 蛯名正義,202201020607
4,6,7,プラソン,牝3,51,角田大和,1:00.0,ハナ,3.4,2.0,442(0),[西] 寺島良,202201020607
5,7,9,ボルタドマール,牡3,53,秋山稔樹,1:00.1,1/2,13.2,6.0,510(+4),[東] 黒岩陽一,202201020607
6,1,1,エバニスタ,牡3,51,西塚洸二,1:00.1,ハナ,15.4,7.0,486(+4),[西] 角田晃一,202201020607
7,3,3,サノノヒーロー,セ4,54,土田真翔,1:00.1,クビ,11.1,5.0,478(+8),[東] 尾形和幸,202201020607
8,5,6,ヴァンデリオン,牡5,57,丸山元気,1:00.2,クビ,8.3,3.0,498(+2),[東] 根本康広,202201020607
9,2,2,アイレスアン,牝3,52,和田竜二,1:00.2,クビ,193.0,11.0,476(+6),[東] 加藤征弘,202201020607
10,8,12,カツノサンキュウ,牡4,57,柴山雄一,1:00.7,2.1/2,248.2,12.0,486(+4),[東] 萱野浩二,202201020607
11,4,4,コンバットマーチ,牝5,55,古川吉洋,1:01.1,2.1/2,126.5,10.0,470(+6),[西] 藤沢則雄,202201020607
12,7,10,グラットンラッシー,牝3,52,横山武史,1:01.8,4,2.4,1.0,514(+2),[東] 加藤征弘,202201020607
1,6,9,アグリ,牡3,54,川田将雅,1:29.6,,2.1,1.0,486(-2),[西] 安田隆行,202201020608
2,1,1,ディープリッチ,牡4,57,吉田隼人,1:29.8,1.1/4,8.1,4.0,508(+2),[東] 小島茂之,202201020608
3,6,10,ブランデーロック,牡3,54,武豊,1:30.0,3/4,4.5,2.0,470(+16),[東] 小桧山悟,202201020608
4,3,4,ヒルノショパン,牡3,54,横山典弘,1:30.2,1.1/4,8.9,5.0,444(-2),[西] 昆貢,202201020608
5,7,12,レモンケーキ,牝3,52,斎藤新,1:30.3,3/4,135.1,12.0,434(+4),[西] 岡田稲男,202201020608
6,2,2,ユヌエトワール,牝5,54,角田大和,1:30.3,アタマ,60.6,9.0,422(0),[東] 小手川準,202201020608
7,5,8,フラリオナ,牝4,55,菱田裕二,1:30.4,クビ,24.4,7.0,418(0),[西] 平田修,202201020608
8,5,7,キトゥンズマーチ,牝4,55,ウィリア,1:30.4,クビ,55.9,8.0,474(+2),[西] 吉岡辰弥,202201020608
9,8,13,クリノイヴァンカ,牝6,53,小林凌大,1:30.5,1/2,103.5,11.0,462(-2),[西] 谷潔,202201020608
10,8,14,スピードグラマー,牝3,52,横山武史,1:30.7,3/4,16.7,6.0,478(+8),[東] 鹿戸雄一,202201020608
11,3,3,アドゥール,牝3,50,横山琉人,1:30.7,ハナ,250.5,13.0,518(+8),[西] 高橋亮,202201020608
12,4,6,サクラトップメジャ,牝4,53,山田敬士,1:30.7,1/2,508.1,14.0,440(+8),[東] 武市康男,202201020608
13,7,11,レッドカムイ,牡4,57,古川吉洋,1:30.8,クビ,80.6,10.0,542(+14),[東] 嘉藤貴行,202201020608
14,4,5,レディズビーク,牝3,52,松山弘平,1:31.0,1.1/4,6.3,3.0,462(+6),[西] 池江泰寿,202201020608
1,7,13,ヒルノローザンヌ,牝3,52,松山弘平,1:09.2,,3.6,1.0,486(+2),[西] 西村真幸,202201020609
2,6,11,キャニオニング,牝4,55,秋山稔樹,1:09.4,1.1/4,10.8,6.0,440(-4),[東] 村田一誠,202201020609
3,2,3,スクリーンショット,牝3,52,武豊,1:09.5,3/4,5.4,3.0,494(+12),[東] 杉浦宏昭,202201020609
4,2,4,コスモサンレミ,牝4,55,ホー,1:09.7,1.1/4,55.0,11.0,460(+2),[東] 中野栄治,202201020609
5,8,16,シンゼンコイチャン,牝3,52,荻野琢真,1:09.7,クビ,211.2,15.0,460(-8),[西] 飯田祐史,202201020609
6,4,8,フリートオブフット,牝3,52,横山武史,1:09.8,3/4,8.1,4.0,448(-4),[東] 奥村武,202201020609
7,5,10,ユキノエリザベス,牝3,52,江田照男,1:09.8,ハナ,10.3,5.0,466(+4),[東] 竹内正洋,202201020609
8,1,1,ディオアステリア,牝3,52,横山和生,1:10.0,1,3.7,2.0,460(+4),[東] 小野次郎,202201020609
9,7,14,ファントムルージュ,牝4,55,丸山元気,1:10.0,クビ,44.7,10.0,456(+2),[東] 萩原清,202201020609
10,5,9,ウムラウト,牝3,52,川又賢治,1:10.1,クビ,89.4,14.0,402(+20),[西] 吉村圭司,202201020609
11,6,12,ソリッドグロウ,牝3,52,和田竜二,1:10.2,1/2,57.9,12.0,444(-4),[東] 池上昌和,202201020609
12,3,6,ホワイトターフ,牝3,52,吉田隼人,1:10.2,クビ,34.8,9.0,446(+2),[西] 新谷功一,202201020609
12,8,15,クレマチステソーロ,牝4,55,イーガン,1:10.2,同着,19.4,7.0,488(+6),[東] 勢司和浩,202201020609
14,4,7,スマイルアップ,牝3,52,丹内祐次,1:10.6,2.1/2,76.2,13.0,436(+6),[東] 萱野浩二,202201020609
15,1,2,ヒノクニ,牝3,52,山田敬士,1:11.1,3,20.0,8.0,456(+6),[東] 深山雅史,202201020609
16,3,5,ミイヒダンサー,牝3,52,土田真翔,1:13.9,大,393.1,16.0,418(+4),[東] 辻哲英,202201020609
1,4,6,メンアットワーク,牡3,56,松山弘平,1:44.5,,1.5,1.0,454(+4),[東] 斎藤誠,202201020610
2,6,10,ユウゲン,牡5,58,柴田善臣,1:44.9,2.1/2,105.9,11.0,504(+4),[西] 橋口慎介,202201020610
3,8,13,コスモセイリュウ,牡5,58,ホー,1:45.1,1.1/2,10.0,4.0,496(0),[東] 中野栄治,202201020610
4,8,14,タガノペカ,牝4,56,岡部誠,1:45.4,1.1/2,8.6,3.0,506(0),[西] 西園正都,202201020610
5,5,7,ジュールサイクル,牝5,56,ルメール,1:45.6,1.1/4,33.2,8.0,446(-6),[東] 田中剛,202201020610
6,5,8,サヴァビアン,牡4,58,ウィリア,1:45.7,3/4,20.8,5.0,430(0),[西] 羽月友彦,202201020610
7,2,2,マイネルレンカ,牡8,58,福永祐一,1:45.9,1.1/4,34.3,9.0,474(+4),[東] 鈴木慎太,202201020610
8,7,11,グレースルビー,牝5,56,横山武史,1:45.9,クビ,64.6,10.0,484(-6),[西] 羽月友彦,202201020610
9,3,4,ロードオブザチェコ,牡4,58,川田将雅,1:46.0,クビ,25.4,7.0,506(+4),[東] 石栗龍彦,202201020610
10,3,3,リアルシング,牡5,58,イーガン,1:46.2,1,6.4,2.0,542(-2),[西] 池添兼雄,202201020610
11,7,12,コトブキアルニラム,牝4,56,パコー,1:47.5,8,168.5,12.0,448(+6),[東] 萱野浩二,202201020610
12,1,1,リファインドマナー,牝4,56,グラハム,1:48.9,9,21.9,6.0,454(-8),[西] 杉山佳明,202201020610
除,4,5,ラブスピール,牝5,56,武豊,,,---,,454(+4),[西] 森田直行,202201020610
除,6,9,アースライザー,セ5,58,バシュロ,,,---,,486(+4),[東] 鈴木慎太,202201020610
1,4,8,ヴェントヴォーチェ,牡5,56,ルメール,1:09.1,,12.3,6.0,518(+2),[西] 牧浦充徳,202201020611
2,3,5,ウインマーベル,牡3,54,松山弘平,1:09.2,1/2,6.0,2.0,468(+4),[東] 深山雅史,202201020611
3,1,1,ヴァトレニ,セ4,56,横山武史,1:09.3,1/2,7.8,4.0,446(+6),[西] 長谷川浩,202201020611
4,8,16,トウシンマカオ,牡3,53,川田将雅,1:09.5,1.1/4,3.8,1.0,452(+4),[東] 高柳瑞樹,202201020611
5,6,11,オパールシャルム,牝5,54,江田照男,1:09.5,クビ,31.4,11.0,488(+18),[東] 武藤善則,202201020611
6,7,14,エイティーンガール,牝6,55,武豊,1:09.6,1/2,8.7,5.0,454(-2),[西] 飯田祐史,202201020611
7,5,9,ジュビリーヘッド,牡5,56,横山和生,1:09.7,3/4,6.7,3.0,474(+2),[西] 安田隆行,202201020611
8,3,6,シゲルピンクルビー,牝4,54,和田竜二,1:09.8,3/4,20.0,10.0,472(+6),[西] 渡辺薫彦,202201020611
9,6,12,マイネルジェロディ,牡4,56,ホー,1:09.9,クビ,36.5,12.0,470(-2),[西] 西園正都,202201020611
10,8,15,レイハリア,牝4,55,松岡正海,1:10.1,1.1/4,15.9,9.0,470(+10),[東] 田島俊明,202201020611
11,4,7,マウンテンムスメ,牝4,54,パコー,1:10.2,クビ,61.4,14.0,456(-4),[東] 中野栄治,202201020611
12,7,13,メイショウミモザ,牝5,55,丹内祐次,1:10.2,ハナ,13.6,7.0,454(+2),[西] 池添兼雄,202201020611
13,5,10,ロードマックス,牡4,56,バシュロ,1:10.3,3/4,14.7,8.0,444(+2),[西] 藤原英昭,202201020611
14,1,2,ビリーバー,牝7,55,杉原誠人,1:10.4,クビ,58.2,13.0,464(+2),[東] 石毛善彦,202201020611
15,2,4,ジェネラーレウーノ,牡7,57,丸山元気,1:10.7,2,184.3,15.0,518(+2),[東] 矢野英一,202201020611
取,2,3,サヴォワールエメ,牝6,54,松田大作,,,---,,計不,[西] 辻野泰之,202201020611
1,4,5,アインゲーブング,牝4,56,バシュロ,1:49.2,,22.1,8.0,452(+6),[東] 黒岩陽一,202201020612
2,7,12,カフジアスール,牡4,58,武豊,1:49.3,クビ,4.9,2.0,478(-2),[西] 中竹和也,202201020612
3,3,3,メイショウラナキラ,牡3,56,川田将雅,1:49.6,1.3/4,3.9,1.0,452(0),[西] 南井克巳,202201020612
4,5,7,スズカノロッソ,セ7,58,柴田善臣,1:49.6,クビ,16.0,7.0,478(-2),[東] 小島茂之,202201020612
5,7,11,ルーツドール,牝5,56,パコー,1:49.6,クビ,7.1,5.0,536(+2),[西] 藤岡健一,202201020612
6,3,4,トーセンメラニー,牝4,56,福永祐一,1:49.7,クビ,33.4,10.0,482(+6),[東] 小桧山悟,202201020612
7,5,8,スワヤンブナート,セ3,56,ルメール,1:49.9,1.1/4,6.5,4.0,504(-14),[西] 須貝尚介,202201020612
8,8,14,アケルナルスター,牡3,56,横山武史,1:50.1,1.1/4,6.4,3.0,466(+6),[東] 清水英克,202201020612
9,8,13,グレースオブナイル,牝5,56,松山弘平,1:50.1,クビ,83.6,11.0,452(+8),[東] 小笠倫弘,202201020612
10,6,10,メタルスパーク,セ5,58,ウィリア,1:50.2,クビ,24.3,9.0,496(+4),[東] 菊川正達,202201020612
11,1,1,スカイフォール,牡3,56,岡部誠,1:50.2,クビ,7.3,6.0,484(+10),[西] 昆貢,202201020612
12,4,6,リーブルミノル,牡4,58,ホー,1:50.3,1/2,167.5,13.0,476(-6),[西] 本田優,202201020612
13,2,2,タイセイドリーマー,牡4,58,グラハム,1:50.5,1.1/2,137.0,12.0,500(-6),[西] 矢作芳人,202201020612
中,6,9,メイショウナリヒラ,牡4,58,イーガン,,,173.0,14.0,462(0),[西] 南井克巳,202201020612
1,7,12,レイフォール,牡2,54,丹内祐次,1:10.7,,1.9,1.0,464(-2),[東] 武藤善則,202201020701
2,3,4,コパカバーナビーチ,牝2,54,黛弘人,1:11.2,3,9.3,3.0,422(0),[東] 中野栄治,202201020701
3,2,2,クリノグローリー,牡2,54,鮫島克駿,1:11.2,ハナ,22.8,5.0,466(+6),[西] 谷潔,202201020701
4,7,11,ラクサパーナ,牝2,54,横山武史,1:11.4,1.1/4,2.8,2.0,432(-2),[東] 矢野英一,202201020701
5,4,5,ヴォンヌヴォー,牝2,54,菱田裕二,1:11.5,1/2,28.1,6.0,452(+2),[東] 菊川正達,202201020701
6,8,14,ハナサキポプラ,牝2,54,城戸義政,1:11.6,1/2,148.8,12.0,440(0),[西] 杉山佳明,202201020701
7,4,6,ビービータンバム,牡2,54,松田大作,1:11.9,1.3/4,96.1,9.0,432(0),[西] 千田輝彦,202201020701
8,6,9,ケサランパサラン,牝2,51,鷲頭虎太,1:12.3,2.1/2,19.7,4.0,414(+10),[西] 中村直也,202201020701
9,3,3,チキチキチータ,牝2,53,角田大和,1:12.6,1.1/2,42.2,7.0,408(-2),[東] 杉浦宏昭,202201020701
10,6,10,チャイボーグ,牝2,52,小林凌大,1:12.6,ハナ,106.6,10.0,466(+4),[東] 的場均,202201020701
11,5,8,ダリ,牡2,51,大久保友,1:12.8,1.1/4,349.0,14.0,416(-4),[東] 佐藤吉勝,202201020701
12,5,7,フッカツラヴ,牝2,52,横山琉人,1:12.9,1/2,74.2,8.0,420(0),[東] 尾形和幸,202201020701
13,1,1,クニ,牝2,54,原田和真,1:13.2,1.3/4,111.3,11.0,416(+2),[東] 小桧山悟,202201020701
14,8,13,サイモンカリン,牝2,54,丸山元気,1:13.5,1.3/4,237.7,13.0,434(+6),[東] 根本康広,202201020701
1,7,9,ナチュラルリバー,牡2,54,藤岡佑介,1:47.8,,9.7,3.0,468(-2),[西] 武英智,202201020702
2,8,10,サンデーヒーロー,牡2,54,丹内祐次,1:49.1,8,34.7,6.0,458(+2),[西] 中村直也,202201020702
3,3,3,サグアロ,牡2,52,横山琉人,1:49.4,2,220.3,10.0,524(+4),[西] 高野友和,202201020702
4,6,6,シゲルカミカゼ,牡2,54,吉田隼人,1:49.5,クビ,1.2,1.0,490(-2),[東] 松山将樹,202201020702
5,7,8,モズハタラキモノ,牡2,54,丸山元気,1:49.5,クビ,47.4,7.0,458(+10),[西] 田中克典,202201020702
6,5,5,ミルトプライム,牡2,53,角田大和,1:50.7,7,12.9,4.0,466(-2),[西] 杉山晴紀,202201020702
7,4,4,ピスティス,牝2,51,西塚洸二,1:51.2,3,307.4,11.0,428(+8),[東] 大江原哲,202201020702
8,8,11,キーチキング,牡2,54,横山武史,1:51.9,4,9.2,2.0,444(-10),[東] 小手川準,202201020702
9,6,7,ケイグンノイッカク,牝2,54,斎藤新,1:52.0,クビ,162.5,8.0,460(+12),[東] 青木孝文,202201020702
10,2,2,コパノスタンリー,牝2,53,泉谷楓真,1:52.6,4,174.3,9.0,468(-10),[西] 宮徹,202201020702
11,1,1,メーテルコート,牝2,54,浜中俊,1:56.1,大,19.3,5.0,462(0),[西] 加用正,202201020702
1,4,4,カイザーレオン,牡3,56,川田将雅,1:46.8,,1.5,1.0,464(0),[東] 伊坂重信,202201020703
2,2,2,シャンダス,牡3,55,角田大和,1:47.5,4,16.7,5.0,472(0),[東] 杉浦宏昭,202201020703
3,4,5,デュードメール,牝3,54,吉田隼人,1:47.5,クビ,52.0,9.0,458(0),[西] 須貝尚介,202201020703
4,7,11,タマモケンタウルス,牡3,54,横山琉人,1:47.5,ハナ,14.4,3.0,468(0),[東] 水野貴広,202201020703
5,6,8,ヤマタケコーチャン,牡3,56,黛弘人,1:47.6,クビ,57.9,10.0,442(+4),[東] 萱野浩二,202201020703
6,3,3,パフオブウインド,牡3,56,丹内祐次,1:48.0,2.1/2,3.7,2.0,484(0),[東] 小桧山悟,202201020703
7,8,12,ブレディバンチ,牝3,51,大久保友,1:48.1,1/2,48.7,8.0,448(0),[東] 戸田博文,202201020703
8,7,10,ロルバーンスカイ,牡3,56,横山武史,1:48.2,1/2,20.3,6.0,448(0),[東] 新開幸一,202201020703
9,1,1,グートアウス,牡3,56,柴山雄一,1:48.2,ハナ,178.5,12.0,472(-10),[東] 奥村武,202201020703
10,5,7,クリノインパクト,牡3,55,泉谷楓真,1:48.5,2,16.5,4.0,468(+6),[西] 南井克巳,202201020703
11,6,9,ベロア,牝3,51,西塚洸二,1:50.4,大,140.1,11.0,420(-6),[東] 国枝栄,202201020703
12,8,13,クリノゴールド,牝3,54,城戸義政,1:52.2,大,274.6,13.0,432(+10),[西] 荒川義之,202201020703
13,5,6,テーオーロワ,牡3,56,鮫島克駿,1:52.9,4,45.6,7.0,476(+8),[西] 浜田多実,202201020703
1,3,6,スコールユニバンス,牝3,54,ルメール,2:02.3,,5.3,4.0,458(+4),[西] 矢作芳人,202201020704
2,8,15,イルモンド,牝3,54,菱田裕二,2:02.4,3/4,4.7,3.0,466(-4),[東] 池上昌和,202201020704
3,6,12,ウォーターレクラ,牝3,54,Ｍ．デム,2:02.5,1/2,27.5,8.0,424(+8),[西] 岡田稲男,202201020704
4,4,8,クトゥネシリカ,牡3,56,浜中俊,2:02.7,1.1/4,60.2,11.0,412(-4),[東] 堀内岳志,202201020704
5,7,14,ディープクイーン,牝3,51,鷲頭虎太,2:02.7,ハナ,109.1,14.0,384(-4),[西] 武英智,202201020704
6,7,13,ダノンフロンティア,牡3,56,川田将雅,2:03.2,3,4.2,2.0,486(-8),[西] 中内田充,202201020704
7,5,10,トーセンシエロ,牝3,54,横山和生,2:03.4,3/4,3.9,1.0,428(+6),[東] 小野次郎,202201020704
8,4,7,グランドゴールド,牡3,56,丸山元気,2:03.5,3/4,56.7,10.0,448(-2),[西] 羽月友彦,202201020704
9,8,16,グロー,牡3,56,池添謙一,2:04.0,3,13.1,6.0,470(0),[西] 鈴木孝志,202201020704
10,2,3,ティグル,牡3,56,鮫島克駿,2:04.2,1.1/4,12.3,5.0,472(+6),[西] 中竹和也,202201020704
11,3,5,メイショウホーコン,牡3,56,藤岡佑介,2:04.3,1/2,108.3,13.0,482(+14),[西] 池添兼雄,202201020704
12,1,1,ウインシュプリーム,牡3,55,角田大和,2:04.3,クビ,85.0,12.0,444(-2),[西] 加用正,202201020704
13,2,4,フミローグ,セ3,53,西塚洸二,2:04.5,3/4,448.4,16.0,452(+2),[東] 鹿戸雄一,202201020704
14,5,9,アルバスドラコ,牡3,56,吉田隼人,2:04.5,クビ,14.4,7.0,474(+2),[東] 堀宣行,202201020704
15,1,2,ナイルプロジェクト,牝3,54,丹内祐次,2:04.7,1.1/4,32.4,9.0,442(+8),[東] 高柳瑞樹,202201020704
16,6,11,レアルタッド,牡3,56,斎藤新,2:07.0,大,308.2,15.0,498(+2),[西] 高橋康之,202201020704
1,3,3,サラサハウプリティ,牝2,54,菱田裕二,1:31.2,,54.1,9.0,442(0),[西] 岡田稲男,202201020705
2,5,6,アスクエピソード,牡2,54,藤岡佑介,1:31.3,1/2,1.9,1.0,470(0),[西] 藤原英昭,202201020705
3,4,4,カイザーブリッツ,牡2,54,丹内祐次,1:31.7,2.1/2,11.7,4.0,484(0),[東] 伊藤圭三,202201020705
4,1,1,マテンロウカノン,牝2,54,横山典弘,1:31.8,クビ,9.7,3.0,436(0),[東] 萩原清,202201020705
5,7,10,テナシティー,牝2,54,武豊,1:31.9,1/2,16.2,5.0,460(0),[西] 中村直也,202201020705
6,8,13,ウインフィエルテ,牝2,54,鮫島克駿,1:32.0,3/4,46.7,8.0,480(0),[西] 加用正,202201020705
7,6,8,ブライトサイン,牝2,54,ルメール,1:32.0,クビ,3.9,2.0,450(0),[西] 須貝尚介,202201020705
8,5,7,アイランドガール,牝2,54,吉田隼人,1:32.1,1/2,16.3,6.0,428(0),[東] 久保田貴,202201020705
9,8,12,エメラダ,牝2,53,角田大和,1:32.3,1,80.8,10.0,432(0),[西] 長谷川浩,202201020705
10,6,9,エメトアムール,牝2,54,福永祐一,1:32.8,3,23.5,7.0,432(0),[西] 友道康夫,202201020705
11,2,2,トーセンマテリアル,牝2,54,横山武史,1:35.3,大,137.1,11.0,420(0),[東] 小桧山悟,202201020705
12,4,5,ゴールドフォックス,牡2,54,原田和真,1:36.2,5,176.6,12.0,438(0),[東] 小桧山悟,202201020705
13,7,11,テセラフィリア,牝2,52,横山琉人,1:36.7,3,286.9,13.0,418(0),[西] 高橋義忠,202201020705
1,1,1,ユスティニアン,牡4,57,黛弘人,0:59.4,,2.5,1.0,434(-2),[西] 新谷功一,202201020706
2,7,10,バオバブスピリット,牝3,53,斎藤新,0:59.5,クビ,4.3,2.0,432(-2),[東] 斎藤誠,202201020706
3,6,8,トランペットシェル,セ5,56,角田大和,0:59.6,1,7.7,4.0,488(-2),[東] 大江原哲,202201020706
4,7,9,メルシー,牝3,53,武豊,0:59.8,1,4.8,3.0,420(0),[西] 今野貞一,202201020706
5,8,11,ベストチャーム,牝6,53,横山琉人,0:59.9,1/2,16.7,6.0,438(+4),[西] 松下武士,202201020706
6,8,12,ガレットジョーカー,牝3,50,大久保友,1:00.0,1/2,24.5,8.0,460(0),[西] 宮徹,202201020706
7,3,3,サンランシング,牝4,53,小林凌大,1:00.1,3/4,12.8,5.0,482(+4),[東] 堀内岳志,202201020706
8,5,6,サノカポ,牝4,54,秋山稔樹,1:00.4,1.1/2,99.7,10.0,436(-2),[東] 中野栄治,202201020706
9,2,2,エヴリーサンクス,牝3,50,鷲頭虎太,1:00.4,クビ,26.9,9.0,472(-8),[東] 小手川準,202201020706
10,5,5,アウトレイジング,牡4,57,丹内祐次,1:00.4,ハナ,19.4,7.0,426(+14),[東] 岩戸孝樹,202201020706
11,6,7,ノヘア,牝5,55,丸山元気,1:00.5,3/4,112.3,11.0,430(0),[東] 伊藤大士,202201020706
12,4,4,ドナテッラ,牝4,52,西塚洸二,1:00.9,2,130.5,12.0,472(+4),[東] 加藤征弘,202201020706
1,2,3,トラウンシュタイン,牡4,57,斎藤新,2:03.5,,11.5,7.0,448(-4),[西] 奥村豊,202201020707
2,3,6,ヒットザシーン,牝4,55,丹内祐次,2:03.5,クビ,5.5,2.0,490(0),[東] 畠山吉宏,202201020707
3,8,15,ホウオウサンデー,牡4,57,池添謙一,2:03.7,1,61.3,12.0,458(0),[東] 奥村武,202201020707
4,3,5,クロニクルノヴァ,牡3,54,吉田隼人,2:03.9,1,6.8,4.0,486(+8),[西] 武幸四郎,202201020707
5,5,9,ヴィトーリア,牡4,57,ルメール,2:04.0,1/2,4.4,1.0,446(+2),[西] 武英智,202201020707
6,8,16,クリノイヴァンカ,牝6,55,古川吉洋,2:04.1,1,107.5,16.0,466(+4),[西] 谷潔,202201020707
7,1,1,コスモアシュラ,牡4,57,黛弘人,2:04.2,クビ,95.1,15.0,514(+2),[東] 中野栄治,202201020707
8,1,2,アドマイヤハイジ,牝4,55,武豊,2:04.2,クビ,22.7,9.0,426(+14),[西] 友道康夫,202201020707
9,4,7,ディープグラビティ,牡3,54,横山和生,2:04.2,ハナ,8.5,5.0,466(0),[東] 菊沢隆徳,202201020707
10,6,11,ゴルトシュミーデ,牝3,49,大久保友,2:04.2,ハナ,22.9,10.0,430(0),[西] 村山明,202201020707
11,7,14,マカンマカン,牡3,54,浜中俊,2:04.4,1,9.8,6.0,462(-2),[西] 音無秀孝,202201020707
12,6,12,マンオブカレッジ,セ4,57,松田大作,2:04.4,クビ,39.8,11.0,528(-2),[西] 松永幹夫,202201020707
13,5,10,ルーパステソーロ,牡4,57,鮫島克駿,2:04.4,ハナ,21.0,8.0,540(-8),[東] 加藤士津,202201020707
14,7,13,ルークスヘリオス,牡3,54,横山武史,2:04.5,1/2,5.9,3.0,476(0),[東] 中川公成,202201020707
15,4,8,プリペアード,牝4,53,小林凌大,2:04.5,ハナ,76.8,14.0,416(0),[西] 宮徹,202201020707
16,2,4,プリファードラン,牝4,55,菱田裕二,2:04.8,1.3/4,69.4,13.0,444(+4),[西] 吉岡辰弥,202201020707
1,3,3,ウインホノカ,牝6,55,丹内祐次,1:46.7,,83.7,12.0,420(-4),[東] 本間忍,202201020708
2,3,4,アレマーナ,牝3,51,角田大和,1:46.9,1.1/2,9.6,4.0,472(+2),[西] 松下武士,202201020708
3,6,9,キュン,牝4,55,福永祐一,1:47.0,クビ,41.7,9.0,468(+2),[東] 戸田博文,202201020708
4,4,6,ファミリークレスト,牝3,52,横山武史,1:47.0,ハナ,3.7,2.0,436(+2),[東] 和田勇介,202201020708
5,7,12,チアフルローズ,牝6,53,横山琉人,1:47.0,ハナ,65.6,11.0,488(-4),[東] 水野貴広,202201020708
6,4,5,サイモンポーリア,牝4,55,丸山元気,1:47.1,クビ,197.7,13.0,484(-4),[東] 根本康広,202201020708
7,1,1,ウィルフルネス,牝3,52,菱田裕二,1:47.6,3,24.7,8.0,476(+4),[西] 四位洋文,202201020708
8,8,14,メタルゴッド,牝3,49,古川奈穂,1:47.6,ハナ,19.4,6.0,466(+10),[西] 矢作芳人,202201020708
9,6,10,タマモタップダンス,牝3,50,小林凌大,1:47.9,2,2.2,1.0,502(+6),[東] 伊藤圭三,202201020708
10,5,8,ラズライト,牝3,52,荻野琢真,1:48.2,2,6.6,3.0,446(+12),[東] 松山将樹,202201020708
11,7,11,メイショウヒメゴゼ,牝3,52,古川吉洋,1:48.7,3,21.0,7.0,474(+6),[西] 南井克巳,202201020708
12,2,2,プリーチトヤーン,牝3,52,斎藤新,1:49.1,2,15.9,5.0,474(+2),[東] 斎藤誠,202201020708
13,8,13,グルナピーク,牝4,55,黛弘人,1:49.4,1.3/4,376.0,14.0,458(+13),[東] 西田雄一,202201020708
14,5,7,ルージュグラース,牝4,55,鮫島克駿,1:53.2,大,55.6,10.0,444(0),[西] 安田隆行,202201020708
1,7,14,キミワクイーン,牝3,53,横山武史,1:09.3,,3.2,2.0,440(+10),[東] 奥村武,202201020709
2,1,2,ケイアイオメガ,牡3,55,ルメール,1:09.6,1.3/4,8.2,3.0,466(+6),[西] 梅田智之,202201020709
3,8,16,グラスミヤラビ,牝3,53,斎藤新,1:09.7,1,14.0,6.0,492(+6),[東] 大江原哲,202201020709
4,3,5,カバーガール,牝4,55,福永祐一,1:09.9,1.1/4,25.3,10.0,482(+10),[西] 清水久詞,202201020709
5,5,9,アスクキングコング,セ4,57,藤岡佑介,1:10.1,1.1/2,24.1,9.0,444(+4),[西] 梅田智之,202201020709
6,3,6,レオハイセンス,牝5,55,黛弘人,1:10.2,クビ,75.7,13.0,446(+2),[東] 奥平雅士,202201020709
7,4,8,イスラアネーロ,牡3,55,Ｍ．デム,1:10.2,クビ,22.0,8.0,446(+8),[西] 吉村圭司,202201020709
8,6,12,スマートルシーダ,牡4,57,吉田隼人,1:10.2,アタマ,11.8,5.0,464(-6),[西] 音無秀孝,202201020709
9,8,15,ヴィアドロローサ,牡3,55,横山和生,1:10.6,2,10.5,4.0,442(+4),[西] 安田隆行,202201020709
10,1,1,レオパルドミノル,セ4,57,角田大和,1:10.6,アタマ,131.8,14.0,478(+2),[西] 本田優,202201020709
11,4,7,ゲンパチアイアン,牡5,57,丹内祐次,1:10.8,1.1/4,61.1,12.0,476(-4),[東] 西田雄一,202201020709
12,2,4,ダブルアンコール,牝5,55,水口優也,1:11.0,1.1/4,19.0,7.0,460(+12),[西] 池江泰寿,202201020709
13,6,11,ハギノモーリス,牡3,55,池添謙一,1:11.0,1/2,3.0,1.0,478(-6),[西] 高野友和,202201020709
14,2,3,コスモカッティーボ,牡5,57,菱田裕二,1:11.3,1.3/4,170.0,15.0,492(-4),[東] 畠山吉宏,202201020709
15,7,13,ココラ,牝5,55,秋山稔樹,1:11.5,1.1/4,171.9,16.0,486(-12),[東] 大和田成,202201020709
16,5,10,ミキノバスドラム,牡4,57,丸山元気,1:11.9,2.1/2,60.1,11.0,514(-4),[東] 南田美知,202201020709
1,3,4,シャイニーロック,牡6,57,鮫島克駿,1:28.7,,12.4,7.0,506(-2),[西] 佐々木晶,202201020710
2,4,6,オーバーディリバー,セ6,57,横山和生,1:28.9,1.1/2,9.4,5.0,484(-4),[東] 萩原清,202201020710
3,7,11,コスモエスパーダ,牡6,57,丹内祐次,1:29.1,1.1/4,21.5,9.0,496(-2),[東] 天間昭一,202201020710
4,1,1,ルース,牝4,55,池添謙一,1:29.2,クビ,8.9,4.0,496(+2),[西] 池添兼雄,202201020710
5,6,10,マジカルステージ,牝4,55,吉田隼人,1:29.2,クビ,5.6,2.0,462(+20),[西] 須貝尚介,202201020710
6,5,8,エピローグ,牝6,55,城戸義政,1:29.4,1.1/2,10.7,6.0,490(+2),[西] 杉山佳明,202201020710
7,8,14,グルアーブ,牝5,55,丸山元気,1:29.6,1.1/4,19.3,8.0,438(-4),[東] 林徹,202201020710
8,2,2,シュバルツカイザー,牡4,57,福永祐一,1:29.6,ハナ,3.0,1.0,500(-8),[東] 大竹正博,202201020710
9,6,9,エグレムニ,牡5,57,古川吉洋,1:29.7,クビ,34.9,10.0,498(0),[西] 加用正,202201020710
10,7,12,トミケンボハテル,牡8,57,秋山稔樹,1:29.7,アタマ,319.0,14.0,492(-4),[東] 蛯名利弘,202201020710
11,4,5,ナリタブレード,牡5,57,斎藤新,1:30.1,2.1/2,41.9,11.0,502(0),[西] 中尾秀正,202201020710
12,8,13,エムオーシャトル,牝4,55,西塚洸二,1:33.1,大,85.1,13.0,472(+12),[東] 鹿戸雄一,202201020710
13,3,3,グレイトオーサー,セ5,57,藤岡佑介,1:33.3,3/4,5.9,3.0,508(+14),[東] 堀宣行,202201020710
中,5,7,ネクストストーリー,牝4,55,黛弘人,,,61.0,12.0,504(+6),[東] 中川公成,202201020710
1,7,12,ドゥーラ,牝2,54,斎藤新,1:50.0,,4.2,1.0,466(+2),[西] 高橋康之,202201020711
2,8,13,ドゥアイズ,牝2,54,吉田隼人,1:50.1,1,14.6,6.0,440(-8),[西] 庄野靖志,202201020711
3,1,1,ダイヤモンドハンズ,牡2,54,福永祐一,1:50.4,1.1/2,6.1,4.0,512(+14),[西] 池江泰寿,202201020711
4,8,14,ジョウショーホープ,牡2,54,ルメール,1:50.7,2,24.5,8.0,454(-4),[西] 新谷功一,202201020711
5,4,6,ブラストウェーブ,牡2,54,川田将雅,1:50.8,1/2,4.7,3.0,536(-2),[東] 大竹正博,202201020711
6,7,11,ビキニボーイ,牡2,54,浜中俊,1:51.0,1.1/4,85.9,12.0,480(+2),[西] 梅田智之,202201020711
7,3,3,シャンドゥレール,牡2,54,Ｍ．デム,1:51.1,3/4,4.5,2.0,504(+4),[東] 国枝栄,202201020711
8,2,2,ウェイビー,牝2,54,鮫島克駿,1:51.1,アタマ,24.2,7.0,514(0),[西] 西村真幸,202201020711
9,4,5,レッドソリッド,牡2,54,横山和生,1:51.2,クビ,68.5,11.0,502(+8),[西] 音無秀孝,202201020711
10,5,8,アンテロース,牡2,54,武豊,1:51.6,2.1/2,42.7,9.0,436(-4),[西] 岡田稲男,202201020711
11,5,7,トーセンウォルト,牡2,54,横山武史,1:51.6,クビ,86.4,13.0,458(+4),[東] 小桧山悟,202201020711
11,6,10,アスクメークシェア,牡2,54,藤岡佑介,1:51.6,同着,53.9,10.0,480(-4),[西] 藤原英昭,202201020711
13,6,9,フェアエールング,牝2,54,丹内祐次,1:52.0,2,7.9,5.0,432(+4),[東] 和田正一,202201020711
14,3,4,アースビート,牝2,54,菱田裕二,1:54.5,大,141.5,14.0,442(0),[東] 伊藤圭三,202201020711
1,6,10,フームスムート,牡5,57,藤岡佑介,1:46.2,,6.0,4.0,530(-2),[東] 水野貴広,202201020712
2,4,6,リチュアル,セ3,54,吉田隼人,1:46.5,1.1/2,4.3,2.0,508(0),[西] 田中克典,202201020712
3,3,3,パワーブローキング,牡3,54,丹内祐次,1:46.6,3/4,2.9,1.0,518(-6),[東] 栗田徹,202201020712
4,6,9,ハイラブハンター,牡4,57,古川吉洋,1:46.8,1.1/4,7.9,5.0,494(+4),[西] 谷潔,202201020712
5,4,5,ダイチヴィヴァン,牡3,53,秋山稔樹,1:46.9,1/2,75.6,12.0,472(-2),[東] 蛯名利弘,202201020712
6,1,1,ハイアーグレード,牝5,55,荻野琢真,1:47.5,3.1/2,22.2,7.0,480(+16),[西] 今野貞一,202201020712
7,2,2,サイモンルグラン,牡5,57,丸山元気,1:48.1,3.1/2,70.5,11.0,506(+4),[東] 勢司和浩,202201020712
8,5,7,サーティファイド,牡3,54,斎藤新,1:48.2,3/4,67.1,10.0,472(-6),[西] 鮫島一歩,202201020712
9,8,13,アポロリヤム,牡3,54,横山武史,1:48.4,1,5.6,3.0,452(0),[東] 鈴木伸尋,202201020712
10,3,4,ロイヤルダンス,牡4,55,横山琉人,1:48.5,3/4,14.4,6.0,508(+8),[東] 清水英克,202201020712
11,7,12,アイルビーメジャー,牡5,57,黛弘人,1:49.1,3.1/2,168.1,13.0,474(-2),[東] 伊藤伸一,202201020712
12,8,14,ジェラペッシュ,牝5,52,西塚洸二,1:49.5,2.1/2,214.2,14.0,466(-4),[東] 南田美知,202201020712
13,5,8,アテンパーティ,牡3,54,菱田裕二,1:49.6,1/2,50.2,9.0,442(-2),[西] 谷潔,202201020712
14,7,11,サノノヒーロー,セ4,54,土田真翔,1:50.6,6,34.9,8.0,478(0),[東] 尾形和幸,202201020712
1,1,1,トップナイフ,牡2,54,横山和生,2:02.5,,7.1,3.0,484(-6),[西] 昆貢,202201020801
2,5,5,エルデストサン,牡2,54,ルメール,2:03.2,4,1.7,1.0,490(+2),[西] 須貝尚介,202201020801
3,3,3,ブラックヴァール,牝2,54,丹内祐次,2:04.1,5,11.3,5.0,452(+6),[東] 菊川正達,202201020801
4,6,6,サンバデルンバ,牝2,54,川田将雅,2:04.1,クビ,9.1,4.0,460(0),[東] 伊藤大士,202201020801
5,7,7,トーセントラム,牡2,54,横山武史,2:04.7,3.1/2,6.0,2.0,430(+16),[東] 小桧山悟,202201020801
6,4,4,ヴェルデシチー,牡2,54,藤岡佑介,2:05.1,2.1/2,16.8,6.0,446(+4),[西] 佐々木晶,202201020801
7,2,2,ジャンマギアーナ,牡2,53,角田大和,2:06.0,5,178.2,8.0,480(+4),[西] 中竹和也,202201020801
8,8,8,フェネストラ,牝2,54,浜中俊,2:06.7,4,18.3,7.0,432(+14),[西] 清水久詞,202201020801
1,6,10,ショーモン,牡2,54,横山武史,1:30.1,,2.0,1.0,482(-2),[西] 橋口慎介,202201020802
2,3,4,ミルトクレイモー,牡2,54,丹内祐次,1:30.8,4,21.0,7.0,492(-8),[西] 中村直也,202201020802
3,6,9,トーセンサマンサ,牝2,52,山田敬士,1:30.9,3/4,271.0,13.0,424(-6),[東] 深山雅史,202201020802
4,8,14,タリエシン,牡2,54,丸山元気,1:31.0,クビ,9.8,4.0,418(+2),[東] 金成貴史,202201020802
5,2,2,マヴォロンテ,牝2,54,松田大作,1:31.0,ハナ,29.9,8.0,456(-12),[西] 松永幹夫,202201020802
6,8,13,ゴーマックス,牡2,54,ルメール,1:31.0,クビ,17.5,5.0,490(-2),[西] 武幸四郎,202201020802
7,5,7,ベッラフロー,牝2,54,黛弘人,1:31.1,クビ,19.5,6.0,444(-2),[東] 加藤和宏,202201020802
8,1,1,モズスナイパー,牡2,54,斎藤新,1:31.2,1/2,46.8,9.0,492(-2),[西] 村山明,202201020802
9,5,8,サクラトップクリス,牝2,54,横山和生,1:31.3,1/2,6.6,3.0,444(+4),[東] 田村康仁,202201020802
10,4,5,キースケデシュ,牝2,54,水口優也,1:31.5,1.1/2,486.4,14.0,454(+4),[東] 伊藤伸一,202201020802
11,7,12,モルフェブーケ,牝2,53,秋山稔樹,1:31.6,クビ,143.9,10.0,454(+2),[東] 本間忍,202201020802
12,3,3,シュバルツガイスト,牡2,54,浜中俊,1:32.3,4,4.6,2.0,490(+4),[東] 国枝栄,202201020802
13,4,6,プライムトゥーレ,牡2,53,角田大和,1:32.6,1.1/2,146.8,11.0,470(-6),[西] 小崎憲,202201020802
14,7,11,グラシアーノ,牝2,54,菱田裕二,1:33.7,7,156.4,12.0,426(+18),[東] 根本康広,202201020802
1,7,11,ゲイングラウンド,牡3,56,吉田隼人,1:46.7,,9.3,5.0,524(+26),[西] 須貝尚介,202201020803
2,1,1,ホウオウベリテ,牡3,56,丹内祐次,1:47.8,7,11.6,7.0,446(-4),[東] 高木登,202201020803
3,3,4,スターザサンライズ,牝3,54,斎藤新,1:48.0,1.1/2,5.8,3.0,446(+2),[西] 安田隆行,202201020803
4,8,14,ベニッシモ,牡3,56,丸山元気,1:48.2,3/4,4.6,2.0,478(0),[東] 伊藤大士,202201020803
5,4,6,アルマイメル,牡3,53,鷲頭虎太,1:48.3,3/4,10.5,6.0,464(+4),[西] 武英智,202201020803
6,4,5,ジョブックフィオリ,牝3,54,原田和真,1:48.5,1.1/4,111.5,12.0,424(-6),[東] 小桧山悟,202201020803
7,6,9,バレル,牡3,55,角田大和,1:48.6,3/4,9.0,4.0,464(-6),[西] 杉山晴紀,202201020803
8,8,13,デルマローレライ,牝3,50,古川奈穂,1:49.2,3.1/2,44.8,9.0,416(+4),[西] 音無秀孝,202201020803
9,5,8,モズフェニックス,牝3,53,秋山稔樹,1:49.4,1.1/2,75.1,10.0,492(+8),[西] 森田直行,202201020803
10,2,2,イチゴヒトフリ,牡3,56,柴山雄一,1:51.3,大,87.0,11.0,536(0),[西] 昆貢,202201020803
11,6,10,デルマアメミット,牡3,54,山田敬士,1:51.6,1.1/2,128.3,14.0,464(0),[東] 鈴木慎太,202201020803
12,3,3,ノーブルグレイシャ,牝3,52,横山琉人,1:52.3,4,40.2,8.0,460(-4),[東] 武藤善則,202201020803
13,5,7,バーストオブカラー,牡3,56,ルメール,1:52.5,1,2.7,1.0,508(-2),[東] 木村哲也,202201020803
14,7,12,ヤマニンパンタジア,牝3,51,土田真翔,1:56.5,大,126.7,13.0,414(0),[東] 辻哲英,202201020803
1,6,12,ミッキーチャレンジ,牡3,56,川田将雅,1:09.7,,2.3,1.0,496(-4),[西] 中内田充,202201020804
2,3,6,マヒナライズ,牝3,54,藤岡佑介,1:10.4,4,3.4,2.0,418(0),[西] 藤岡健一,202201020804
3,6,11,ディージェーサン,牝3,52,山田敬士,1:10.5,1/2,50.2,9.0,422(+10),[東] 小桧山悟,202201020804
4,3,5,ホートンプレインズ,牝3,54,横山武史,1:10.7,1.1/4,6.6,3.0,424(-2),[西] 平田修,202201020804
5,8,15,コーリングユー,牝3,54,横山和生,1:10.7,クビ,7.8,4.0,438(0),[西] 安田隆行,202201020804
6,7,14,シナモンロール,牝3,54,黛弘人,1:10.7,クビ,18.4,6.0,442(+12),[東] 南田美知,202201020804
7,2,4,シャノワール,牝3,54,丹内祐次,1:10.8,クビ,15.2,5.0,418(+2),[東] 小手川準,202201020804
8,8,16,ハッピーノリクン,牡3,54,小林凌大,1:10.8,クビ,132.6,13.0,426(-12),[東] 鈴木伸尋,202201020804
9,5,9,レッドベスティア,牡3,56,古川吉洋,1:10.9,クビ,29.6,7.0,432(-8),[西] 昆貢,202201020804
10,1,2,レモンケーキ,牝3,54,斎藤新,1:11.0,1/2,58.3,10.0,434(0),[西] 岡田稲男,202201020804
11,4,7,アメトリンルナ,牝3,52,横山琉人,1:11.1,1/2,251.5,15.0,442(+2),[東] 畠山吉宏,202201020804
12,1,1,ベルベリス,牝3,54,浜中俊,1:11.3,1.1/2,62.1,11.0,450(-4),[東] 高橋文雅,202201020804
13,5,10,コスモサルム,牡3,56,丸山元気,1:11.5,3/4,64.8,12.0,468(0),[東] 大和田成,202201020804
14,2,3,ライドオンタイム,牝3,51,土田真翔,1:12.2,4,267.0,16.0,420(+2),[東] 辻哲英,202201020804
15,4,8,ジェットグリッター,牝3,53,角田大和,1:12.3,クビ,213.8,14.0,434(+8),[東] 栗田徹,202201020804
16,7,13,サリーチャン,牝3,53,秋山稔樹,1:12.6,2,46.7,8.0,448(-2),[東] 石栗龍彦,202201020804
1,6,10,サクラジェンヌ,牝3,54,横山武史,1:46.9,,2.5,1.0,470(-2),[東] 和田勇介,202201020805
2,3,3,エスティメート,牡3,56,黛弘人,1:47.6,4,12.0,4.0,462(-2),[東] 加藤和宏,202201020805
3,4,6,カフジペンタゴン,牡3,56,横山和生,1:47.7,クビ,2.6,2.0,464(+16),[西] 矢作芳人,202201020805
4,1,1,エギーユ,牝3,54,斎藤新,1:47.9,1.1/4,41.1,10.0,468(0),[西] 長谷川浩,202201020805
5,2,2,スペースシャワー,牝3,51,鷲頭虎太,1:47.9,アタマ,37.4,8.0,438(-2),[東] 小島茂之,202201020805
6,8,14,テイエムビシャモン,牡3,56,古川吉洋,1:48.0,1/2,13.9,5.0,490(-2),[西] 木原一良,202201020805
7,3,4,タロマイスター,牡3,55,秋山稔樹,1:48.1,1/2,33.7,7.0,496(+10),[西] 杉山佳明,202201020805
8,7,11,シャムトラダイコウ,牝3,52,小林凌大,1:48.1,クビ,206.7,13.0,476(-6),[東] 中野栄治,202201020805
9,6,9,オベリスク,牡3,56,勝浦正樹,1:48.5,2.1/2,59.2,11.0,480(-4),[東] 村田一誠,202201020805
10,5,8,アカノストロング,牡3,55,角田大和,1:49.0,2.1/2,7.0,3.0,500(0),[西] 松下武士,202201020805
11,8,13,カルヴァドス,牝3,54,丹内祐次,1:49.9,5,40.1,9.0,470(+8),[東] 加藤和宏,202201020805
12,5,7,アラリンホルン,牝3,51,土田真翔,1:50.1,1.1/4,351.9,14.0,462(-1),[東] 松山将樹,202201020805
13,4,5,ルクスディオン,牝3,52,横山琉人,1:50.3,1.1/2,27.5,6.0,448(+4),[西] 吉村圭司,202201020805
14,7,12,ハイスペックマン,牡3,54,山田敬士,1:50.7,2.1/2,192.9,12.0,448(-2),[東] 小桧山悟,202201020805
1,5,10,モリノドリーム,牝3,50,西塚洸二,1:09.4,,13.1,5.0,486(+20),[東] 大江原哲,202201020806
2,6,11,トーホウデュラン,牡3,55,吉田隼人,1:09.6,3/4,7.5,2.0,486(+12),[西] 石坂公一,202201020806
3,8,15,ラピカズマ,牡4,57,菱田裕二,1:09.8,1.1/4,13.1,6.0,496(-6),[東] 高橋文雅,202201020806
4,3,6,マキアージュ,牝3,53,丹内祐次,1:09.9,1/2,16.2,8.0,464(+6),[東] 菊川正達,202201020806
5,3,5,ブランデーロック,牡3,55,横山武史,1:09.9,アタマ,1.9,1.0,466(-4),[東] 小桧山悟,202201020806
6,4,8,プラソン,牝3,53,藤岡佑介,1:10.0,1/2,13.4,7.0,438(-4),[西] 寺島良,202201020806
7,8,16,ルパルテール,牝3,51,横山琉人,1:10.2,1.1/4,59.7,12.0,438(+4),[西] 新谷功一,202201020806
8,1,1,トーホウラデン,牡5,57,丸山元気,1:10.2,1/2,43.1,10.0,492(-4),[西] 高橋亮,202201020806
9,2,3,エナジーグラン,牡3,54,秋山稔樹,1:10.4,1.1/4,9.0,3.0,460(+2),[西] 高柳大輔,202201020806
10,7,13,グランデ,牡3,55,松田大作,1:10.4,ハナ,77.2,13.0,476(+2),[西] 吉田直弘,202201020806
11,5,9,サンダビューク,牡3,53,小林凌大,1:10.5,1/2,11.2,4.0,464(+6),[東] 蛯名利弘,202201020806
12,7,14,イチローイチロー,牡3,55,古川吉洋,1:10.6,クビ,174.8,16.0,438(+10),[西] 北出成人,202201020806
13,6,12,シアープレジャー,牝5,55,黛弘人,1:10.6,ハナ,115.4,14.0,442(-2),[東] 嘉藤貴行,202201020806
14,2,4,レインボークラウド,牝4,52,鷲頭虎太,1:10.7,1/2,33.6,9.0,472(+2),[西] 石坂公一,202201020806
15,4,7,ルージュアドラブル,牝4,55,斎藤新,1:10.9,1.1/2,49.5,11.0,416(+22),[東] 国枝栄,202201020806
16,1,2,ファンデル,牝3,53,城戸義政,1:11.8,5,156.4,15.0,474(+16),[西] 杉山佳明,202201020806
1,7,11,ポッドヴァイン,牡3,54,横山武史,1:49.6,,5.6,3.0,412(0),[東] 小野次郎,202201020807
2,8,13,フォレスタ,牝4,55,丹内祐次,1:49.7,1/2,4.4,1.0,428(+2),[東] 嘉藤貴行,202201020807
3,4,5,カタリーナ,牝4,55,藤岡佑介,1:49.9,1.1/4,8.6,6.0,454(+8),[西] 武英智,202201020807
4,1,1,オーソレミオ,牝3,52,横山和生,1:50.0,1/2,6.6,4.0,448(-4),[西] 昆貢,202201020807
5,8,14,ホウオウプリンセス,牝6,55,吉田隼人,1:50.2,1,7.5,5.0,450(+18),[西] 吉岡辰弥,202201020807
6,7,12,キュンストラー,牝4,53,小林凌大,1:50.5,2,30.6,9.0,414(+2),[東] 松永康利,202201020807
7,3,4,レシャバール,牡4,57,斎藤新,1:50.6,1/2,72.6,11.0,490(0),[西] 池江泰寿,202201020807
8,5,7,スパークオブライフ,牝6,51,古川奈穂,1:50.7,1/2,118.9,12.0,428(0),[東] 小島茂之,202201020807
9,3,3,ヒドゥンキング,牡3,52,横山琉人,1:50.7,クビ,5.2,2.0,464(+14),[東] 伊藤大士,202201020807
10,6,9,タケルジャック,牡4,55,山田敬士,1:50.9,1,151.3,14.0,466(-8),[東] 小桧山悟,202201020807
11,6,10,バルネージュ,セ4,56,秋山稔樹,1:50.9,ハナ,120.1,13.0,496(0),[東] 天間昭一,202201020807
12,5,8,サルサロッサ,牝3,51,角田大和,1:51.2,2,10.1,7.0,440(-4),[東] 高柳瑞樹,202201020807
13,2,2,エクラノーブル,牝3,49,大久保友,1:51.4,1.1/4,13.6,8.0,420(0),[西] 中村直也,202201020807
14,4,6,スペシャルトーク,セ4,57,勝浦正樹,1:51.9,3,49.0,10.0,464(+16),[東] 杉浦宏昭,202201020807
1,6,9,テーオーバフェット,牡5,57,荻野琢真,1:46.8,,56.2,9.0,510(-4),[西] 梅田智之,202201020808
2,7,12,パーティーベル,牡3,54,横山和生,1:46.9,3/4,3.5,1.0,464(+8),[西] 松永幹夫,202201020808
3,7,11,バレストラ,牝3,49,古川奈穂,1:47.0,1/2,4.3,2.0,484(+10),[西] 矢作芳人,202201020808
4,6,10,モール,牡3,51,鷲頭虎太,1:47.1,3/4,106.9,12.0,468(-4),[東] 小手川準,202201020808
5,5,7,デルマタモン,牡4,56,秋山稔樹,1:47.2,1/2,18.3,6.0,514(+10),[東] 勢司和浩,202201020808
6,8,13,ヨロシオスナ,牡4,56,角田大和,1:47.3,1/2,5.4,4.0,524(+20),[西] 角田晃一,202201020808
7,4,6,マイネルキング,牡3,54,丹内祐次,1:47.3,ハナ,5.6,5.0,478(+4),[東] 相沢郁,202201020808
8,3,4,バンクロール,牡3,54,丸山元気,1:47.4,1/2,23.3,7.0,462(+10),[西] 田中克典,202201020808
9,3,3,オーマイオーマイ,牡5,57,ルメール,1:47.6,1.1/4,5.4,3.0,484(+4),[西] 小崎憲,202201020808
10,1,1,トーセンマーク,牡4,57,柴山雄一,1:48.3,4,104.5,11.0,510(-10),[東] 古賀慎明,202201020808
11,8,14,リヴウェル,牡4,55,山田敬士,1:48.3,クビ,33.8,8.0,488(0),[東] 深山雅史,202201020808
12,5,8,ディーエスボンバー,牡4,57,古川吉洋,1:49.1,5,88.4,10.0,494(+2),[西] 岡田稲男,202201020808
13,4,5,サトノキリンジ,牡3,54,菱田裕二,1:50.0,5,118.8,13.0,452(-6),[西] 平田修,202201020808
14,2,2,メイショウムート,牡4,54,大久保友,1:50.5,3,298.6,14.0,454(+12),[東] 佐藤吉勝,202201020808
1,4,5,コスモイグローク,牡2,54,丹内祐次,1:10.4,,43.3,8.0,484(+2),[地] 田中淳司,202201020809
2,8,14,ナックブレイブ,牡2,54,勝浦正樹,1:10.6,1.1/4,15.0,6.0,476(+6),[東] 杉浦宏昭,202201020809
3,2,2,ミスヨコハマ,牝2,54,斎藤新,1:10.7,クビ,3.7,2.0,460(0),[東] 斎藤誠,202201020809
4,8,13,スプレモフレイバー,牡2,54,吉田隼人,1:11.0,1.3/4,3.6,1.0,466(-2),[東] 久保田貴,202201020809
5,1,1,ミシェラドラータ,牡2,54,ルメール,1:11.0,クビ,6.0,3.0,478(+4),[西] 清水久詞,202201020809
6,6,10,メイドイットマム,牝2,54,柴山雄一,1:11.3,1.1/2,15.7,7.0,448(+6),[地] 川島雅人,202201020809
7,7,11,レモンアイカー,牝2,54,阿部龍,1:11.4,1,142.3,13.0,480(+6),[地] 角川秀樹,202201020809
8,5,8,ゴッドメリフルアス,牝2,54,桑村真明,1:11.5,クビ,140.9,12.0,404(-8),[地] 角川秀樹,202201020809
9,3,4,ラビュリントス,牝2,54,落合玄太,1:11.5,クビ,45.1,9.0,440(+12),[地] 田中淳司,202201020809
10,7,12,イティネラートル,牝2,54,横山和生,1:11.9,2.1/2,6.1,4.0,414(+10),[西] 長谷川浩,202201020809
11,6,9,ソアラ,牝2,54,藤岡佑介,1:12.0,クビ,12.3,5.0,486(+20),[西] 高橋康之,202201020809
12,4,6,ニーナブランド,牝2,54,菱田裕二,1:12.2,1.1/4,54.7,11.0,428(-2),[東] 高橋裕,202201020809
13,3,3,オボロヅキヨ,牡2,54,松田大作,1:12.6,2.1/2,199.3,14.0,422(0),[西] 渡辺薫彦,202201020809
14,5,7,パワトゥザピープル,牝2,54,古川奈穂,1:13.6,6,54.7,10.0,468(-2),[地] 米川昇,202201020809
1,6,11,ローゼライト,牝4,55,斎藤新,2:02.2,,16.8,8.0,442(+6),[西] 清水久詞,202201020810
2,4,7,ダイム,牝3,52,横山和生,2:02.3,クビ,3.6,1.0,456(+10),[西] 昆貢,202201020810
3,2,2,ナックイルシーブ,牡4,57,勝浦正樹,2:02.3,アタマ,37.3,10.0,502(+2),[東] 杉浦宏昭,202201020810
4,1,1,ジェンヌ,牝3,52,吉田隼人,2:02.4,1/2,7.3,4.0,420(0),[西] 安達昭夫,202201020810
5,2,3,カンティプール,牝3,52,横山武史,2:02.4,アタマ,5.5,2.0,494(+8),[西] 渡辺薫彦,202201020810
6,6,10,ファジェス,牝4,55,菱田裕二,2:02.7,1.1/2,25.3,9.0,494(0),[西] 安田隆行,202201020810
7,7,12,エルディアブロ,牡4,57,藤岡佑介,2:02.9,1.1/4,7.7,5.0,454(+8),[西] 佐々木晶,202201020810
8,8,14,トーセンヴァンノ,牡3,54,原田和真,2:03.1,1.1/4,97.6,13.0,486(+4),[東] 小桧山悟,202201020810
9,4,6,ヒューマンコメディ,牝5,55,丹内祐次,2:03.4,2,15.2,7.0,506(+14),[東] 水野貴広,202201020810
10,7,13,シティレインボー,牡4,57,柴山雄一,2:03.5,クビ,8.4,6.0,482(+10),[西] 池添兼雄,202201020810
11,3,5,リーブルミノル,牡4,57,角田大和,2:03.6,1/2,171.4,15.0,476(0),[西] 本田優,202201020810
12,5,8,プラチナトレジャー,牡4,57,ルメール,2:03.6,アタマ,6.1,3.0,494(+16),[東] 国枝栄,202201020810
13,3,4,アレナリア,牝3,52,山田敬士,2:03.7,3/4,169.5,14.0,434(+14),[東] 粕谷昌央,202201020810
14,8,15,デルマセイシ,牝4,55,丸山元気,2:04.6,5,49.1,11.0,484(+6),[西] 音無秀孝,202201020810
15,5,9,ロッソモラーレ,牡5,57,黛弘人,2:05.7,7,50.2,12.0,474(+2),[東] 清水英克,202201020810
1,5,5,ボスジラ,牡6,56,ルメール,2:41.7,,3.8,2.0,508(+4),[東] 国枝栄,202201020811
2,7,9,ディープモンスター,牡4,56,川田将雅,2:41.8,1,2.6,1.0,466(+10),[西] 池江泰寿,202201020811
3,1,1,ロードトゥフェイム,牡4,52,丹内祐次,2:42.0,1.1/4,18.7,7.0,498(+6),[東] 尾形和幸,202201020811
4,4,4,テンカハル,牡4,53,浜中俊,2:42.3,1.1/2,6.4,3.0,504(0),[西] 矢作芳人,202201020811
5,6,7,アスティ,セ6,51,黛弘人,2:42.4,1/2,14.7,6.0,424(-6),[東] 堀内岳志,202201020811
6,8,10,マンオブスピリット,セ5,54,菱田裕二,2:42.4,クビ,32.7,8.0,488(0),[西] 斉藤崇史,202201020811
7,8,11,ゴールドギア,牡7,55,横山和生,2:42.7,2,9.1,5.0,482(0),[東] 伊藤圭三,202201020811
8,7,8,アドマイヤアルバ,セ7,53,原田和真,2:42.8,クビ,59.5,10.0,472(-2),[東] 堀内岳志,202201020811
9,2,2,ヤシャマル,牡5,54,松田大作,2:43.0,1.1/4,6.7,4.0,504(-4),[東] 尾形和幸,202201020811
10,6,6,サトノラディウス,セ6,52,吉田隼人,2:43.2,1.1/4,63.7,11.0,472(-14),[西] 新谷功一,202201020811
11,3,3,タイセイモンストル,牡5,54,丸山元気,2:43.9,4,54.2,9.0,492(+6),[西] 矢作芳人,202201020811
1,6,9,アンダープロット,牡4,57,ルメール,1:45.9,,2.8,1.0,502(+2),[東] 加藤征弘,202201020812
2,7,12,カラフルキューブ,牝3,52,藤岡佑介,1:46.0,クビ,5.1,3.0,472(+10),[西] 高野友和,202201020812
3,1,1,シンヨモギネス,牡4,57,丹内祐次,1:46.1,3/4,7.1,4.0,478(+6),[東] 伊藤圭三,202201020812
4,2,2,ユウゲン,牡5,57,川田将雅,1:46.3,3/4,4.5,2.0,502(-2),[西] 橋口慎介,202201020812
5,4,6,リズムオブザナイト,牡4,57,丸山元気,1:46.4,3/4,40.7,8.0,480(-6),[東] 田中剛,202201020812
6,5,8,ペイシャオウユー,牝4,55,古川吉洋,1:46.6,1.1/4,97.2,11.0,478(+14),[東] 石栗龍彦,202201020812
7,8,14,インナーアリュール,牡5,55,山田敬士,1:46.7,クビ,154.9,13.0,474(+6),[東] 小桧山悟,202201020812
8,7,11,コスモルーテウス,牡3,54,黛弘人,1:47.3,3.1/2,19.9,7.0,464(+6),[東] 田中博康,202201020812
9,6,10,インウィクトス,牡5,57,原田和真,1:47.4,1/2,246.4,14.0,462(0),[東] 小桧山悟,202201020812
10,5,7,スミ,牝3,52,菱田裕二,1:47.5,3/4,7.2,5.0,464(+4),[西] 高橋亮,202201020812
11,3,3,ロンドンデリーエア,牡5,54,鷲頭虎太,1:48.2,4,126.0,12.0,470(0),[西] 武英智,202201020812
12,4,5,タガノネクステージ,牡4,57,城戸義政,1:48.4,1.1/2,45.5,9.0,498(+16),[西] 鈴木孝志,202201020812
13,8,13,グリニッジシチー,セ6,56,秋山稔樹,1:49.2,5,52.6,10.0,484(0),[東] 相沢郁,202201020812
14,3,4,メッザノッテ,牝4,54,角田大和,1:51.9,大,17.0,6.0,472(+4),[西] 寺島良,202201020812
