着順,枠番,馬番,馬名,性齢,斤量,騎手,タイム,着差,単勝,人気,馬体重,調教師,race_id
1,5,5,ポッドベイダー,牡2,55.0,佐々木大,1:08.8,,1.2,1.0,462(-2),[東] 上原佑紀,202401010101
2,2,2,ニシノクードクール,牝2,55.0,武藤雅,1:09.1,1.3/4,10.2,4.0,452(-2),[東] 武藤善則,202401010101
3,3,3,ロードヴェルト,牡2,55.0,横山武史,1:09.4,1.3/4,7.9,3.0,416(+6),[西] 牧浦充徳,202401010101
4,1,1,ルージュアマリア,牝2,55.0,永野猛蔵,1:10.0,3.1/2,5.9,2.0,410(+6),[東] 黒岩陽一,202401010101
5,4,4,ロードヴァルカン,牡2,54.0,角田大河,1:10.1,クビ,21.3,5.0,438(-2),[西] 中村直也,202401010101
1,2,2,タミゼ,牝3,55.0,北村友一,0:59.5,,3.9,2.0,474(-2),[西] 平田修,202401010102
2,5,6,タマモアルタイル,牡3,57.0,武豊,1:00.0,3,9.4,6.0,494(+4),[東] 水野貴広,202401010102
3,6,8,ウィスピースノー,牝3,54.0,角田大河,1:00.1,クビ,44.4,9.0,434(0),[西] 今野貞一,202401010102
4,6,7,スキーサンダー,牝3,52.0,小林勝太,1:00.1,クビ,3.9,1.0,474(-2),[東] 辻哲英,202401010102
5,7,10,ゴールドタリスマン,牝3,55.0,武藤雅,1:00.2,クビ,90.0,10.0,424(+8),[東] 稲垣幸雄,202401010102
6,3,3,コパマエチャン,牝3,52.0,長浜鴻緒,1:00.2,アタマ,16.0,8.0,476(0),[東] 大和田成,202401010102
7,4,4,スリーボビー,牡3,57.0,永野猛蔵,1:00.2,クビ,14.1,7.0,482(-4),[東] 伊藤圭三,202401010102
8,8,12,メトゥス,牡3,57.0,佐々木大,1:00.4,1,6.1,4.0,458(+6),[東] 堀内岳志,202401010102
9,7,9,ブートストラップ,セ3,54.0,川端海翼,1:01.1,4,167.0,11.0,486(-6),[東] 本間忍,202401010102
10,8,11,クミンフレイバー,牝3,55.0,鮫島克駿,1:01.2,1/2,8.2,5.0,438(+4),[東] 松永康利,202401010102
11,1,1,ロマンスヒコー,牡3,57.0,大野拓弥,1:01.4,1.1/4,172.5,12.0,444(-8),[東] 佐藤吉勝,202401010102
12,5,5,タイセイフォルテ,牡3,57.0,横山武史,1:01.8,2.1/2,5.7,3.0,486(0),[西] 西村真幸,202401010102
1,3,4,メイショウソムリエ,牡3,57.0,武豊,1:46.9,,3.6,2.0,522(+14),[東] 蛯名正義,202401010103
2,5,7,リアルペガサス,牡3,57.0,菱田裕二,1:47.6,4,10.0,6.0,456(0),[西] 大橋勇樹,202401010103
3,4,6,クラウンクーロン,牡3,57.0,丹内祐次,1:47.8,1.1/4,6.8,4.0,442(-6),[東] 牧光二,202401010103
4,3,3,エナアニマル,牡3,57.0,横山和生,1:47.8,アタマ,9.7,5.0,450(+8),[西] 吉田直弘,202401010103
5,1,1,ハテナビト,牡3,54.0,長浜鴻緒,1:48.1,1.3/4,31.9,7.0,462(-4),[西] 吉岡辰弥,202401010103
6,6,9,ポップスター,牡3,57.0,武藤雅,1:48.3,1.1/4,214.5,12.0,510(-10),[東] 南田美知,202401010103
7,8,14,ナムラミック,牡3,57.0,鮫島克駿,1:48.7,2,106.0,10.0,484(+4),[西] 村山明,202401010103
8,4,5,ニースライト,牝3,55.0,柴田善臣,1:48.7,クビ,80.5,9.0,472(-4),[東] 粕谷昌央,202401010103
9,2,2,ワカミヤノミコト,牡3,54.0,小林勝太,1:48.8,3/4,257.8,13.0,472(0),[東] 稲垣幸雄,202401010103
10,5,8,スターゲット,牡3,57.0,横山武史,1:49.3,3,2.5,1.0,458(0),[東] 中舘英二,202401010103
11,7,11,プラチナバンド,牡3,57.0,永野猛蔵,1:49.4,1/2,59.8,8.0,506(-2),[東] 新開幸一,202401010103
12,8,13,クリノアイリス,牝3,55.0,古川吉洋,1:49.5,3/4,333.6,14.0,444(-12),[西] 谷潔,202401010103
13,6,10,アオレレ,牡3,57.0,佐々木大,1:50.2,4,140.2,11.0,430(-2),[西] 鈴木孝志,202401010103
14,7,12,ミッキースターダム,牡3,57.0,浜中俊,1:50.4,3/4,6.8,3.0,450(-6),[西] 音無秀孝,202401010103
1,5,8,アリーバ,牝3,55.0,浜中俊,1:28.6,,5.0,4.0,424(+6),[西] 田中克典,202401010104
2,3,4,カーモス,牝3,52.0,長浜鴻緒,1:28.6,クビ,40.4,11.0,428(+2),[西] 高橋義忠,202401010104
3,6,10,ユメカウツツカ,牝3,52.0,小林勝太,1:28.7,1/2,28.2,9.0,392(+10),[西] 小栗実,202401010104
4,4,5,アウストラリス,牝3,54.0,角田大河,1:28.9,1.1/4,22.8,8.0,422(-4),[東] 高橋文雅,202401010104
5,4,6,ツキガキレイデスネ,牝3,55.0,永野猛蔵,1:29.0,1/2,18.2,7.0,456(+4),[東] 小島茂之,202401010104
6,8,14,ディアアリーチェ,牝3,55.0,鮫島克駿,1:29.1,1/2,4.3,1.0,450(-4),[西] 武幸四郎,202401010104
7,5,7,タイプフェイス,牝3,55.0,大野拓弥,1:29.1,ハナ,39.3,10.0,442(+8),[東] 小手川準,202401010104
8,6,9,カウネウス,牝3,55.0,丹内祐次,1:29.1,ハナ,18.2,6.0,446(+2),[東] 宗像義忠,202401010104
9,7,11,セントオブシン,牝3,55.0,亀田温心,1:29.2,クビ,53.5,12.0,426(-4),[西] 高野友和,202401010104
10,8,13,ラーリア,牝3,55.0,横山武史,1:29.2,アタマ,4.8,3.0,396(-6),[東] 大竹正博,202401010104
11,2,2,チャルドーニ,牝3,55.0,富田暁,1:29.3,3/4,4.4,2.0,464(-2),[東] 林徹,202401010104
12,7,12,ウーロン,牝3,55.0,横山和生,1:29.8,3,8.5,5.0,480(+10),[東] 上原佑紀,202401010104
13,3,3,シャイニーマンボ,牝3,52.0,川端海翼,1:29.9,クビ,166.7,14.0,470(+22),[西] 羽月友彦,202401010104
14,1,1,アオイフォール,牝3,55.0,小林凌大,1:31.1,7,104.7,13.0,454(-4),[東] 牧光二,202401010104
1,3,4,ナチュラルライズ,牡2,55.0,横山武史,1:45.7,,3.0,1.0,476(0),[東] 伊藤圭三,202401010105
2,6,10,ベルベルコンパス,牡2,55.0,北村友一,1:46.7,6,5.3,3.0,522(0),[西] 小栗実,202401010105
3,1,1,ジーティートゥルー,牡2,55.0,大野拓弥,1:49.0,大,21.5,8.0,452(0),[東] 田島俊明,202401010105
4,2,2,ソラノキャンバス,牡2,52.0,長浜鴻緒,1:49.0,クビ,46.3,10.0,430(0),[東] 武井亮,202401010105
5,4,5,アローオブライト,牡2,55.0,藤岡佑介,1:49.3,1.1/2,14.4,7.0,468(0),[西] 渡辺薫彦,202401010105
6,4,6,モレポブラーノ,牡2,55.0,鮫島克駿,1:49.5,1.1/2,9.2,5.0,516(0),[西] 庄野靖志,202401010105
7,6,9,ハヤテノツバサ,牡2,55.0,永野猛蔵,1:49.9,2.1/2,11.6,6.0,496(0),[西] 杉山佳明,202401010105
8,5,7,ヴァカンツァ,牝2,54.0,角田大河,1:50.3,2,66.7,12.0,480(0),[西] 高橋亮,202401010105
9,8,13,イフウドウドウ,牡2,55.0,武豊,1:50.5,1.1/2,5.3,2.0,516(0),[西] 角田晃一,202401010105
10,7,11,プライベートアイズ,牡2,55.0,横山和生,1:50.9,2.1/2,7.4,4.0,496(0),[西] 昆貢,202401010105
11,7,12,コパノキュラソー,牡2,55.0,古川吉洋,1:51.0,クビ,136.6,14.0,508(0),[西] 宮徹,202401010105
12,8,14,キタノチャンス,牝2,55.0,黛弘人,1:52.6,10,133.0,13.0,472(0),[東] 石栗龍彦,202401010105
13,5,8,ガストフロント,牡2,55.0,武藤雅,1:53.4,5,51.3,11.0,442(0),[東] 水野貴広,202401010105
14,3,3,ガイラルディア,牝2,55.0,池添謙一,1:55.5,大,36.4,9.0,456(0),[西] 藤野健太,202401010105
1,7,12,オメガインペリアル,牡3,57.0,藤岡佑介,1:48.7,,2.3,1.0,460(+4),[西] 安田翔伍,202401010106
2,1,1,マイネルバーテクス,牡3,57.0,丹内祐次,1:49.0,2,4.9,2.0,484(-14),[東] 水野貴広,202401010106
3,4,5,サトノアライヴ,牡3,57.0,佐々木大,1:49.1,クビ,32.6,9.0,436(0),[西] 須貝尚介,202401010106
4,2,2,モズイージス,牡3,57.0,岩田康誠,1:49.3,1.1/4,10.1,4.0,462(-2),[西] 松下武士,202401010106
5,6,9,マリエッティ,牝3,52.0,川端海翼,1:49.4,1/2,14.1,7.0,424(+8),[西] 庄野靖志,202401010106
6,4,6,テイクノーティス,牡3,57.0,横山和生,1:49.5,1/2,10.4,5.0,446(+6),[東] 伊坂重信,202401010106
7,8,14,ゴールデンスロープ,牡3,54.0,長浜鴻緒,1:49.5,クビ,59.2,10.0,428(-2),[東] 小笠倫弘,202401010106
8,5,7,キングブルー,牡3,57.0,菱田裕二,1:49.6,1/2,21.0,8.0,480(0),[西] 四位洋文,202401010106
9,3,3,グローリアミノル,牡3,57.0,大野拓弥,1:49.7,1/2,6.8,3.0,456(-4),[東] 中舘英二,202401010106
10,6,10,アイビーブリッツ,牡3,56.0,角田大河,1:50.0,1.1/2,10.9,6.0,444(0),[西] 吉村圭司,202401010106
11,5,8,グランドフューチャ,牡3,54.0,小林勝太,1:50.6,3.1/2,152.9,12.0,470(0),[西] 鈴木孝志,202401010106
12,3,4,ライムストリート,牡3,57.0,古川吉洋,1:50.8,1.1/2,312.1,14.0,474(-12),[東] 的場均,202401010106
13,8,13,ダンツタロン,牡3,57.0,柴田善臣,1:51.4,3.1/2,143.7,11.0,482(-4),[西] 本田優,202401010106
14,7,11,クリノタンザナイト,牡3,57.0,亀田温心,1:51.5,1/2,244.8,13.0,458(+2),[西] 荒川義之,202401010106
1,3,3,バシレウスシチー,牡5,58.0,菱田裕二,1:08.7,,5.2,4.0,446(-6),[西] 岡田稲男,202401010107
2,7,8,ハレアカラフラ,牝4,56.0,武豊,1:08.8,1/2,4.8,3.0,478(+20),[西] 音無秀孝,202401010107
3,4,4,ソングフォーユー,牝5,56.0,大野拓弥,1:09.0,1.1/4,17.4,6.0,462(+2),[東] 上原博之,202401010107
4,8,10,アポロルタ,牝5,53.0,小林勝太,1:09.1,3/4,29.2,10.0,450(-2),[東] 村田一誠,202401010107
5,6,6,シアター,牝3,53.0,鮫島克駿,1:09.1,クビ,3.5,1.0,432(0),[西] 茶木太樹,202401010107
6,2,2,ゴルデールスカー,牡4,58.0,池添謙一,1:09.2,3/4,104.4,11.0,468(-4),[西] 大久保龍,202401010107
7,6,7,セイウンサニー,牝3,53.0,永野猛蔵,1:09.2,ハナ,18.4,7.0,448(-4),[東] 伊坂重信,202401010107
8,1,1,サンポーニャ,牝4,53.0,長浜鴻緒,1:09.3,クビ,4.5,2.0,450(+16),[西] 池江泰寿,202401010107
9,5,5,ペプチドシュチク,牡3,55.0,富田暁,1:09.3,クビ,9.1,5.0,488(+4),[西] 武英智,202401010107
10,8,11,シルバーダイヤ,牝4,55.0,角田大河,1:09.4,クビ,21.3,8.0,454(-4),[東] 小野次郎,202401010107
11,7,9,セイウンティーダ,牝3,53.0,丹内祐次,1:09.6,1.1/4,22.8,9.0,430(+14),[東] 松山将樹,202401010107
1,8,8,リフレクトザムーン,牝3,50.0,小林勝太,1:46.5,,6.8,4.0,446(-12),[東] 尾形和幸,202401010108
2,7,7,フェルンマンボ,牝5,56.0,横山武史,1:46.8,2,3.7,3.0,474(+4),[西] 辻野泰之,202401010108
3,6,6,イッツオンリーユー,牝4,56.0,佐々木大,1:46.9,クビ,3.5,2.0,474(0),[東] 矢嶋大樹,202401010108
4,2,2,タマモプルメリア,牝3,52.0,角田大河,1:47.8,5,2.6,1.0,450(-4),[西] 大橋勇樹,202401010108
5,5,5,ドレミファニー,牝4,56.0,横山和生,1:48.3,3,18.8,6.0,512(+12),[東] 西田雄一,202401010108
6,8,9,チョッピー,牝5,56.0,永野猛蔵,1:48.4,1/2,28.8,7.0,470(+4),[西] 北出成人,202401010108
7,4,4,シュライフェ,牝4,56.0,黛弘人,1:49.7,8,87.9,9.0,498(+12),[東] 和田雄二,202401010108
8,1,1,ポマール,牝3,53.0,丹内祐次,1:50.2,3,39.6,8.0,452(+4),[西] 小栗実,202401010108
9,3,3,アイスリンディ,牝3,53.0,亀田温心,1:51.7,9,17.7,5.0,446(-8),[西] 高柳大輔,202401010108
1,5,5,ミヤビブレイブ,牝4,56.0,横山和生,1:47.4,,17.1,6.0,468(-4),[東] 小島茂之,202401010109
2,7,8,セイウンパシュート,牡4,58.0,永野猛蔵,1:47.6,1.1/4,5.0,3.0,470(-4),[東] 上原博之,202401010109
3,6,6,アドミラルシップ,牡3,55.0,武豊,1:47.7,クビ,2.7,1.0,472(+12),[東] 相沢郁,202401010109
4,2,2,マイバラード,牡4,58.0,丹内祐次,1:47.9,1.1/2,22.4,7.0,468(0),[東] 松永康利,202401010109
5,8,9,スノーブリザード,牡3,55.0,鮫島克駿,1:48.2,1.3/4,49.0,8.0,494(-6),[西] 畑端省吾,202401010109
6,1,1,バロックダンス,牝4,56.0,大野拓弥,1:48.2,ハナ,81.2,9.0,472(+3),[東] 小手川準,202401010109
7,7,7,ユイノオトコヤマ,牡4,58.0,黛弘人,1:48.3,3/4,138.2,10.0,470(0),[東] 深山雅史,202401010109
8,3,3,ヴァルドルチャ,牡3,55.0,北村友一,1:48.9,3.1/2,7.8,5.0,446(0),[東] 田中博康,202401010109
9,8,10,シルバーカレッジ,牡3,55.0,浜中俊,1:48.9,アタマ,7.6,4.0,494(-6),[西] 武幸四郎,202401010109
10,4,4,ブルーアイドガール,牝3,53.0,藤岡佑介,2:00.2,大,3.5,2.0,442(+2),[西] 吉岡辰弥,202401010109
1,3,3,ナックイルシーブ,牡6,58.0,大野拓弥,1:59.6,,18.2,6.0,516(0),[東] 杉浦宏昭,202401010110
2,6,9,ブラックヴァール,牝4,56.0,横山和生,1:59.6,アタマ,5.4,4.0,450(-6),[東] 菊川正達,202401010110
3,8,12,ギャンブルルーム,牡3,55.0,鮫島克駿,1:59.7,1/2,4.3,2.0,496(+10),[西] 大久保龍,202401010110
4,8,13,ドラゴンヘッド,牡4,58.0,武藤雅,1:59.7,ハナ,22.3,7.0,452(+6),[東] 武藤善則,202401010110
5,7,10,シャドウソニック,牡4,58.0,北村友一,1:59.9,1.1/2,51.2,8.0,494(-14),[西] 辻野泰之,202401010110
6,1,1,リミットバスター,牡4,58.0,横山武史,1:59.9,ハナ,4.4,3.0,512(+4),[西] 杉山晴紀,202401010110
7,2,2,マイノワール,牡3,55.0,武豊,2:00.0,1/2,3.1,1.0,478(-6),[西] 笹田和秀,202401010110
8,5,7,ホウオウプレミア,牡5,58.0,岩田康誠,2:00.0,ハナ,9.5,5.0,480(-8),[東] 奥村武,202401010110
9,6,8,タイラーテソーロ,牡5,58.0,丹内祐次,2:00.2,1,102.9,13.0,474(0),[東] 栗田徹,202401010110
10,7,11,キングロコマイカイ,牡5,58.0,角田大河,2:00.6,2.1/2,63.4,11.0,508(+14),[西] 畑端省吾,202401010110
11,4,4,バンフィエルド,牡5,58.0,佐々木大,2:01.3,4,73.3,12.0,430(-4),[西] 緒方努,202401010110
12,4,5,スプリングノヴァ,牝3,53.0,亀田温心,2:01.6,1.3/4,60.7,9.0,402(-4),[西] 鮫島一歩,202401010110
13,5,6,アナレンマ,セ6,58.0,菱田裕二,2:01.6,ハナ,63.3,10.0,448(-4),[西] 藤原英昭,202401010110
1,8,16,エイシンフェンサー,牝4,56.0,川又賢治,1:08.3,,4.5,1.0,476(-4),[西] 吉村圭司,202401010111
2,8,15,マイネルレノン,牡5,58.0,丹内祐次,1:08.4,1/2,22.4,10.0,474(-12),[西] 宮徹,202401010111
3,1,1,ブッシュガーデン,牝5,56.0,富田暁,1:08.4,アタマ,10.9,7.0,466(+4),[東] 武井亮,202401010111
4,7,14,ラキエータ,牝5,56.0,武豊,1:08.5,1/2,16.3,8.0,426(-6),[西] 音無秀孝,202401010111
5,2,3,トーセンサンダー,牡5,58.0,大野拓弥,1:08.5,アタマ,8.2,4.0,480(0),[東] 杉浦宏昭,202401010111
6,6,11,オードゥメール,牝5,56.0,藤岡佑介,1:08.5,クビ,9.2,5.0,480(-2),[東] 斎藤誠,202401010111
7,5,10,アドヴァイス,牝5,56.0,岩田康誠,1:08.6,クビ,17.0,9.0,500(-2),[西] 中村直也,202401010111
8,5,9,ドナベティ,牝3,53.0,鮫島克駿,1:08.6,ハナ,9.6,6.0,422(-2),[西] 矢作芳人,202401010111
9,6,12,サトノグレイト,セ4,58.0,池添謙一,1:08.6,アタマ,49.3,12.0,492(+4),[西] 中竹和也,202401010111
10,4,8,オウバイトウリ,牝3,53.0,浜中俊,1:08.7,クビ,6.8,3.0,460(-10),[西] 武幸四郎,202401010111
11,2,4,アバンチュリエ,セ5,58.0,柴田善臣,1:08.7,クビ,36.3,11.0,466(0),[東] 大竹正博,202401010111
12,4,7,タツリュウオー,牝6,56.0,古川吉洋,1:08.8,クビ,123.1,16.0,470(0),[西] 藤野健太,202401010111
13,7,13,グットディール,セ5,58.0,佐々木大,1:08.8,アタマ,63.3,13.0,494(-6),[西] 須貝尚介,202401010111
14,1,2,プライムライン,セ7,58.0,北村友一,1:08.9,3/4,83.6,14.0,450(+4),[西] 田中克典,202401010111
15,3,5,ドーバーホーク,牡4,58.0,横山武史,1:08.9,アタマ,5.0,2.0,482(+2),[東] 清水英克,202401010111
16,3,6,ジャスティンエース,牡5,58.0,菱田裕二,1:09.5,3.1/2,94.9,15.0,468(-2),[西] 杉山晴紀,202401010111
1,6,8,トリグラフ,牡5,58.0,永野猛蔵,1:46.8,,35.4,9.0,454(-2),[東] 松山将樹,202401010112
2,5,5,カルパ,牡3,55.0,武豊,1:47.3,3.1/2,5.7,4.0,434(-2),[西] 須貝尚介,202401010112
3,7,10,コスモオピニオン,牡4,58.0,丹内祐次,1:47.3,ハナ,3.5,1.0,496(-2),[東] 黒岩陽一,202401010112
4,3,3,ズバットマサムネ,牡3,55.0,浜中俊,1:47.4,クビ,7.8,5.0,492(+2),[西] 杉山佳明,202401010112
5,2,2,ヤマニンクイッカー,牡5,58.0,横山武史,1:47.6,1.1/4,5.3,3.0,472(+2),[東] 田島俊明,202401010112
6,4,4,ダノンペドロ,セ4,58.0,佐々木大,1:47.8,1.1/2,15.5,7.0,484(+2),[西] 寺島良,202401010112
7,8,11,カリフォルニア,牡3,55.0,小林凌大,1:47.9,クビ,4.2,2.0,486(+6),[東] 伊藤圭三,202401010112
8,6,7,ジェンマ,牡3,52.0,小林勝太,1:48.0,1/2,11.1,6.0,472(-4),[東] 尾形和幸,202401010112
9,1,1,アスクメークシェア,牡4,58.0,古川吉洋,1:49.0,6,180.2,11.0,474(+2),[西] 河内洋,202401010112
10,5,6,タイセイラファーガ,牡4,58.0,菱田裕二,1:50.1,7,135.7,10.0,528(+42),[西] 高橋義忠,202401010112
11,8,12,シェアホルダーズ,牡3,54.0,角田大河,1:50.2,クビ,20.9,8.0,496(+20),[西] 松永幹夫,202401010112
除,7,9,ポルポラジール,牡3,55.0,藤岡佑介,,,---,,504(-6),[西] 新谷功一,202401010112
1,7,7,ミッドナイトゲイル,牝2,52.0,小林勝太,0:59.6,,2.0,1.0,460(+4),[西] 小栗実,202401010201
2,5,5,ルークススペイ,牡2,55.0,永野猛蔵,1:00.5,5,2.4,2.0,480(+4),[東] 伊藤圭三,202401010201
3,3,3,モーニングスター,牝2,52.0,川端海翼,1:00.6,クビ,31.2,7.0,424(+2),[東] 加藤和宏,202401010201
4,2,2,トゥインクルアップ,牝2,55.0,鮫島克駿,1:01.2,4,19.6,5.0,468(-2),[西] 杉山佳明,202401010201
5,4,4,オイランブチ,牝2,52.0,長浜鴻緒,1:01.2,アタマ,12.1,4.0,430(-4),[東] 的場均,202401010201
6,1,1,メイショウホダワラ,牝2,55.0,富田暁,1:01.3,1/2,21.2,6.0,472(+2),[西] 荒川義之,202401010201
7,6,6,ラヴィングユー,牝2,55.0,菱田裕二,1:01.4,クビ,7.0,3.0,490(+6),[西] 谷潔,202401010201
1,6,10,オーロヴェール,牝3,55.0,浜中俊,1:47.3,,6.0,3.0,480(-2),[西] 田中克典,202401010202
2,8,13,サンネリネ,牝3,55.0,古川吉洋,1:48.2,5,6.0,2.0,460(0),[西] 畑端省吾,202401010202
3,5,8,イッツナッシング,牝3,55.0,丹内祐次,1:48.5,1.1/2,3.2,1.0,432(+12),[東] 水野貴広,202401010202
4,8,14,ヤマニンファリダ,牝3,52.0,長浜鴻緒,1:48.6,3/4,126.7,12.0,448(+2),[東] 千葉直人,202401010202
5,4,5,メイショウコオロギ,牝3,55.0,武豊,1:49.1,3,9.1,6.0,428(-4),[東] 和田勇介,202401010202
6,1,1,フェイマスグラース,牝3,55.0,菱田裕二,1:49.2,アタマ,18.2,8.0,476(+2),[西] 谷潔,202401010202
7,7,11,ブレイクショット,牝3,55.0,横山武史,1:49.3,3/4,14.7,7.0,460(-4),[東] 村田一誠,202401010202
8,5,7,オンザジュピター,牝3,55.0,富田暁,1:49.4,3/4,21.6,9.0,458(-6),[東] 大和田成,202401010202
9,3,4,エールクイーン,牝3,55.0,川又賢治,1:50.2,5,138.9,13.0,474(0),[西] 牧田和弥,202401010202
10,6,9,アンビシュー,牝3,54.0,角田大河,1:50.2,ハナ,47.9,11.0,466(+10),[西] 池江泰寿,202401010202
11,3,3,クラペ,牝3,55.0,大野拓弥,1:50.8,3.1/2,33.6,10.0,424(+2),[東] 中川公成,202401010202
12,2,2,ワールドジェニー,牝3,55.0,小林凌大,1:51.6,5,245.2,14.0,424(0),[東] 牧光二,202401010202
13,4,6,ピアリ,牝3,55.0,北村友一,1:51.7,クビ,8.5,5.0,476(+4),[西] 高橋一哉,202401010202
14,7,12,ブランシール,牝3,52.0,小林勝太,1:56.3,大,6.9,4.0,450(-2),[東] 稲垣幸雄,202401010202
1,1,2,ファイツオン,牡3,57.0,藤岡佑介,1:08.2,,2.7,1.0,508(-6),[西] 藤岡健一,202401010203
2,5,10,グランテレーズ,牝3,55.0,鮫島克駿,1:08.5,2,6.8,3.0,442(+4),[西] 渡辺薫彦,202401010203
3,4,7,ロジカルワーズ,牡3,57.0,大野拓弥,1:08.6,クビ,4.4,2.0,504(-4),[東] 大竹正博,202401010203
4,1,1,リュサントノレ,牝3,55.0,武豊,1:08.7,1,7.6,4.0,444(+4),[西] 音無秀孝,202401010203
5,7,13,レガシーオブエリザ,牝3,55.0,佐々木大,1:08.8,クビ,23.0,8.0,434(+2),[東] 青木孝文,202401010203
6,3,6,キルケロッソ,牝3,52.0,川端海翼,1:09.0,1.1/2,17.3,6.0,448(+4),[西] 村山明,202401010203
7,3,5,イロンデル,牡3,57.0,古川吉洋,1:09.0,アタマ,34.3,11.0,470(+2),[東] 小手川準,202401010203
8,6,12,コスモバシレウス,牡3,57.0,丹内祐次,1:09.1,アタマ,26.3,10.0,448(-4),[西] 西園正都,202401010203
9,2,4,リーサムギニー,牡3,57.0,横山和生,1:09.2,3/4,21.9,7.0,492(+6),[西] 矢作芳人,202401010203
10,8,15,カズヴィトシャ,牡3,57.0,永野猛蔵,1:09.4,3/4,56.5,13.0,528(+6),[西] 高柳大輔,202401010203
11,7,14,ヴェルダージ,牝3,55.0,北村友一,1:09.5,3/4,25.2,9.0,504(+4),[西] 寺島良,202401010203
11,8,16,ミニマルデザイン,牝3,55.0,横山武史,1:09.5,同着,15.8,5.0,466(+8),[東] 岩戸孝樹,202401010203
13,4,8,テリオスソラ,牝3,54.0,角田大河,1:09.5,ハナ,54.0,12.0,472(+2),[西] 松下武士,202401010203
14,5,9,ポリトナリティー,牝3,52.0,小林勝太,1:09.5,アタマ,95.1,15.0,412(-2),[東] 和田雄二,202401010203
15,2,3,アールヴヘイム,牝3,55.0,菱田裕二,1:09.5,クビ,172.3,16.0,448(0),[西] 小崎憲,202401010203
16,6,11,ヴィーケン,牡3,57.0,富田暁,1:09.8,1.1/2,80.9,14.0,492(+4),[西] 高橋康之,202401010203
1,4,6,トモジャシャトー,牡3,54.0,長浜鴻緒,1:47.5,,3.3,1.0,470(0),[東] 小笠倫弘,202401010204
2,4,5,ポンヌフ,牝3,55.0,佐々木大,1:47.8,1.1/2,7.0,5.0,454(-6),[西] 吉村圭司,202401010204
3,7,12,ランドマックス,牡3,57.0,菱田裕二,1:47.8,ハナ,4.3,3.0,480(+4),[東] 本間忍,202401010204
4,7,11,ドンクロノス,牡3,57.0,北村友一,1:48.1,1.3/4,53.0,8.0,444(0),[東] 本間忍,202401010204
5,8,14,オーヴァーマスター,牡3,57.0,丹内祐次,1:48.1,クビ,5.5,4.0,454(+8),[西] 石坂公一,202401010204
6,6,9,アドアプローズ,牡3,57.0,大野拓弥,1:48.1,アタマ,47.4,7.0,458(+4),[東] 小手川準,202401010204
7,3,3,アラタマフェーヴル,牡3,56.0,角田大河,1:48.8,4,14.3,6.0,492(+6),[西] 浜田多実,202401010204
8,3,4,シュンプウ,牡3,57.0,横山武史,1:48.9,クビ,4.2,2.0,442(+2),[西] 吉田直弘,202401010204
9,5,8,ジューンサレンダー,牡3,57.0,鮫島克駿,1:50.4,9,80.8,10.0,450(0),[西] 今野貞一,202401010204
10,2,2,アイアムイブシギン,牡3,57.0,黛弘人,1:50.5,3/4,77.5,9.0,466(-8),[東] 奥平雅士,202401010204
11,5,7,フォルガイル,牡3,57.0,岩橋勇二,1:50.7,3/4,81.1,11.0,440(-4),[東] 加藤和宏,202401010204
12,8,13,ルミナスビューティ,牝3,55.0,永野猛蔵,1:50.9,1.1/4,128.0,13.0,444(-4),[東] 粕谷昌央,202401010204
13,1,1,アツキヤマト,牡3,57.0,亀田温心,1:52.1,7,84.1,12.0,516(+16),[東] 栗田徹,202401010204
除,6,10,ゲームアップロード,牡3,54.0,小林勝太,,,---,,500(+2),[東] 宗像義忠,202401010204
1,5,5,キングスコール,牡2,55.0,藤岡佑介,1:47.8,,5.7,2.0,494(0),[西] 矢作芳人,202401010205
2,8,8,テリオスララ,牝2,55.0,鮫島克駿,1:48.3,3,1.8,1.0,496(0),[東] 田島俊明,202401010205
3,2,2,ショウナンサムデイ,牝2,55.0,池添謙一,1:48.4,3/4,6.4,3.0,426(0),[東] 奥村武,202401010205
4,4,4,ルージュミレネール,牝2,55.0,横山武史,1:48.5,クビ,7.7,5.0,428(0),[東] 斎藤誠,202401010205
5,3,3,メテオレーナ,牝2,55.0,丹内祐次,1:48.7,1.1/2,20.9,6.0,420(0),[西] 中村直也,202401010205
6,6,6,ゲレル,牝2,55.0,浜中俊,1:49.0,1.3/4,57.1,8.0,434(0),[西] 長谷川浩,202401010205
7,1,1,カーヌスティ,牡2,55.0,佐々木大,1:49.0,アタマ,26.1,7.0,472(0),[東] 蛯名正義,202401010205
8,7,7,アルデフォックス,牡2,55.0,武豊,1:51.3,大,6.7,4.0,520(0),[西] 藤岡健一,202401010205
1,4,8,ファインライン,牡3,57.0,鮫島克駿,2:00.3,,3.6,1.0,464(0),[西] 松永幹夫,202401010206
2,1,1,レイピカケ,牝3,55.0,横山武史,2:00.3,ハナ,13.0,6.0,454(0),[西] 野中賢二,202401010206
3,6,11,リュラグリーン,牝3,52.0,長浜鴻緒,2:00.6,2,4.5,2.0,464(-2),[東] 相沢郁,202401010206
4,3,5,ロードクロンヌ,牡3,57.0,藤岡佑介,2:00.7,1/2,7.4,5.0,476(+6),[西] 四位洋文,202401010206
5,8,16,アークレアル,牝3,55.0,古川吉洋,2:00.8,クビ,66.4,10.0,490(-4),[西] 杉山晴紀,202401010206
6,7,14,テンダーデイズ,牝3,55.0,武豊,2:00.9,1/2,5.0,3.0,474(-2),[西] 笹田和秀,202401010206
7,6,12,ティラージュ,牝3,55.0,富田暁,2:01.0,3/4,107.5,14.0,464(-2),[西] 野中賢二,202401010206
8,2,4,ウインサマースノー,牡3,57.0,黛弘人,2:01.0,クビ,83.3,12.0,472(+2),[西] 緒方努,202401010206
9,8,15,ヤルダバオト,牡3,57.0,丹内祐次,2:01.3,1.1/2,19.5,7.0,430(-2),[東] 蛯名利弘,202401010206
10,3,6,シーグリント,牝3,55.0,佐々木大,2:01.4,3/4,20.4,8.0,400(+4),[西] 高橋一哉,202401010206
11,2,3,ベルベットハンマー,牝3,55.0,武藤雅,2:01.6,1.1/4,76.6,11.0,432(-6),[東] 天間昭一,202401010206
12,4,7,ジーティーポライト,牝3,52.0,川端海翼,2:01.9,2,7.4,4.0,460(+4),[東] 菊沢隆徳,202401010206
13,5,10,ジーティーエイト,牡3,57.0,岩橋勇二,2:01.9,ハナ,85.7,13.0,506(+8),[西] 畑端省吾,202401010206
14,1,2,タガノエイリアス,牡3,56.0,角田大河,2:02.5,3.1/2,26.8,9.0,464(-4),[西] 本田優,202401010206
15,7,13,ペッシュプラット,牝3,55.0,小林凌大,2:03.0,3,335.6,16.0,412(+2),[東] 南田美知,202401010206
16,5,9,タマモジャケット,牡3,54.0,小林勝太,2:04.2,7,129.5,15.0,470(+8),[西] 角田晃一,202401010206
1,6,6,ノボリショウリュウ,牡3,52.0,川端海翼,0:59.3,,3.9,3.0,456(-2),[西] 石橋守,202401010207
2,4,4,スノーホルンロード,セ5,55.0,小林勝太,0:59.4,クビ,3.2,2.0,508(-10),[東] 清水英克,202401010207
3,8,9,スイッチオン,牡4,58.0,大野拓弥,1:00.2,5,9.6,5.0,490(+14),[東] 小手川準,202401010207
4,5,5,アカザ,牝5,56.0,丹内祐次,1:00.2,クビ,3.0,1.0,430(-8),[東] 伊坂重信,202401010207
5,3,3,アマモト,牡3,54.0,角田大河,1:00.6,2,124.2,9.0,470(-2),[東] 田村康仁,202401010207
6,7,7,サニイアール,牝3,50.0,長浜鴻緒,1:00.6,ハナ,6.4,4.0,442(-8),[東] 田村康仁,202401010207
7,2,2,セイゲン,牡5,58.0,富田暁,1:00.6,クビ,32.5,7.0,480(-2),[東] 中川公成,202401010207
8,8,8,サンマルリアン,牝4,56.0,永野猛蔵,1:01.1,3,64.8,8.0,440(-2),[東] 土田稔,202401010207
9,1,1,ヒメカミノイタダキ,牡5,58.0,古川吉洋,1:01.2,1/2,20.5,6.0,502(-2),[東] 武市康男,202401010207
1,5,5,ナイトスラッガー,牡3,55.0,鮫島克駿,2:00.1,,4.0,2.0,518(-4),[西] 小栗実,202401010208
2,8,10,エルフストラック,牝3,53.0,横山和生,2:00.1,ハナ,2.1,1.0,484(+10),[西] 中村直也,202401010208
3,2,2,マイネルフランツ,牡3,55.0,丹内祐次,2:00.3,1,5.8,3.0,486(+16),[東] 和田正一,202401010208
4,7,8,サラトガチップス,牡3,55.0,横山武史,2:00.3,ハナ,7.2,4.0,432(-8),[西] 新谷功一,202401010208
5,6,6,カエルム,牡3,55.0,藤岡佑介,2:00.3,ハナ,31.1,7.0,462(-8),[西] 安田翔伍,202401010208
6,8,9,フォトンブルー,セ4,58.0,佐々木大,2:00.4,1/2,11.8,6.0,506(+4),[西] 武幸四郎,202401010208
7,3,3,ビヨンドザリミット,牝5,53.0,小林勝太,2:00.6,1.1/2,125.2,9.0,468(-4),[東] 稲垣幸雄,202401010208
8,1,1,ポーレット,牝4,53.0,長浜鴻緒,2:00.9,1.1/2,56.4,8.0,478(0),[西] 吉岡辰弥,202401010208
9,4,4,トゥルーサクセサー,牡3,55.0,大野拓弥,2:01.1,1.1/4,11.3,5.0,466(-4),[東] 高木登,202401010208
10,7,7,フェスティヴビーム,牡4,58.0,永野猛蔵,2:01.2,1/2,125.3,10.0,460(-2),[東] 畠山吉宏,202401010208
1,3,3,ナムラローズマリー,牝3,53.0,武豊,1:08.8,,2.3,1.0,448(-6),[西] 羽月友彦,202401010209
2,4,4,エリカカリーナ,牝3,53.0,横山武史,1:08.8,アタマ,3.7,3.0,424(-8),[東] 宮田敬介,202401010209
3,8,12,シカゴスティング,牝3,53.0,鮫島克駿,1:08.8,クビ,2.6,2.0,426(-2),[西] 庄野靖志,202401010209
4,1,1,ミズノコキュウ,牝5,56.0,丹内祐次,1:08.9,クビ,22.0,4.0,428(+6),[東] 水野貴広,202401010209
5,2,2,ポルタフォルトゥナ,牝5,56.0,古川吉洋,1:09.1,1.1/4,60.5,7.0,474(-4),[東] 土田稔,202401010209
6,6,7,スクルプトーリス,牝4,56.0,亀田温心,1:09.2,クビ,138.0,11.0,472(+6),[西] 松下武士,202401010209
6,6,8,メイショウハボタン,牝6,56.0,角田大河,1:09.2,同着,70.2,8.0,476(-6),[西] 本田優,202401010209
8,7,10,ジョリダム,牝4,56.0,富田暁,1:09.2,クビ,35.5,6.0,448(+2),[西] 武英智,202401010209
9,5,6,ショウナンアメリア,牝5,56.0,池添謙一,1:09.3,1/2,199.3,12.0,442(-16),[東] 奥村武,202401010209
10,8,11,グランツベリー,牝4,56.0,北村友一,1:09.3,クビ,27.1,5.0,450(0),[西] 田中克典,202401010209
11,7,9,アラクレ,牝5,56.0,佐々木大,1:09.8,3,136.0,10.0,464(+4),[東] 清水英克,202401010209
12,5,5,イイヒニナル,牝4,56.0,藤岡佑介,1:10.3,2.1/2,81.8,9.0,404(-2),[西] 千田輝彦,202401010209
1,8,8,セクシーブーケ,牝3,53.0,北村友一,1:46.1,,1.7,1.0,446(0),[西] 田中克典,202401010210
2,1,1,シンヨモギネス,牡6,58.0,丹内祐次,1:47.1,6,6.8,4.0,488(0),[東] 伊藤圭三,202401010210
3,6,6,スズカルビコン,牡6,58.0,黛弘人,1:47.2,3/4,137.3,8.0,512(-8),[東] 堀内岳志,202401010210
4,7,7,モンドプリューム,牡4,58.0,横山和生,1:47.4,1.1/4,5.2,3.0,502(-4),[東] 水野貴広,202401010210
5,3,3,ナリタザクラ,牡7,58.0,角田大河,1:48.0,3.1/2,123.3,7.0,500(0),[西] 高橋亮,202401010210
6,5,5,ワイワイレジェンド,牡3,55.0,荻野琢真,1:48.4,2.1/2,4.0,2.0,480(+16),[西] 矢作芳人,202401010210
7,4,4,サムハンター,牡6,58.0,富田暁,1:48.5,3/4,14.6,5.0,500(+4),[西] 高橋康之,202401010210
8,2,2,ゴールデンマイク,牡4,58.0,古川吉洋,1:49.0,3,41.0,6.0,510(+2),[西] 森秀行,202401010210
1,5,5,ゾンニッヒ,牡6,57.0,武豊,1:08.3,,3.8,2.0,482(+6),[西] 池江泰寿,202401010211
2,7,8,シナモンスティック,牝5,55.0,鮫島克駿,1:08.3,クビ,6.2,3.0,470(0),[東] 宗像義忠,202401010211
3,3,3,プルパレイ,セ5,56.0,浜中俊,1:08.4,クビ,14.2,7.0,494(+4),[西] 須貝尚介,202401010211
4,4,4,マイネルジェロディ,牡6,55.0,横山武史,1:08.4,ハナ,24.2,8.0,480(+4),[西] 西園正都,202401010211
5,6,7,マメコ,牝5,54.0,永野猛蔵,1:08.5,3/4,7.2,5.0,458(0),[西] 武英智,202401010211
6,7,9,コムストックロード,牝5,54.0,丹内祐次,1:08.6,3/4,7.9,6.0,462(+8),[東] 宗像義忠,202401010211
7,8,11,レッドベルオーブ,牡6,55.0,菱田裕二,1:08.6,ハナ,48.7,9.0,484(-16),[西] 河嶋宏樹,202401010211
8,6,6,マスクオールウィン,牝3,52.0,北村友一,1:08.8,3/4,3.4,1.0,492(-2),[東] 牧光二,202401010211
9,1,1,ラビュリントス,牝4,51.0,岩橋勇二,1:08.8,ハナ,147.8,10.0,444(-6),[地] 田中淳司,202401010211
10,8,10,カルネアサーダ,牝5,55.0,藤岡佑介,1:09.1,1.3/4,7.0,4.0,468(-4),[西] 福永祐一,202401010211
除,2,2,ユキノファラオ,牡6,55.0,黛弘人,,,---,,496(+6),[東] 石毛善彦,202401010211
1,2,2,ルージュイストリア,牝4,56.0,大野拓弥,1:27.3,,28.8,10.0,464(+6),[東] 大竹正博,202401010212
2,8,13,ビーナスローズ,牝5,56.0,永野猛蔵,1:27.4,クビ,9.7,6.0,442(+12),[西] 杉山佳明,202401010212
3,5,7,レディマリオン,牝3,53.0,鮫島克駿,1:27.5,3/4,4.2,1.0,440(-12),[西] 長谷川浩,202401010212
4,1,1,レオテミス,牝3,53.0,亀田温心,1:27.5,クビ,5.9,3.0,496(+10),[西] 高柳大輔,202401010212
5,7,12,サンウリエル,牡3,55.0,横山武史,1:27.8,1.3/4,6.1,4.0,468(-2),[西] 宮本博,202401010212
6,5,8,スイーツバイキング,牝4,56.0,浜中俊,1:27.9,1/2,33.5,12.0,458(+10),[東] 大竹正博,202401010212
7,6,9,マルカシャルマン,牝4,55.0,角田大河,1:27.9,クビ,52.9,14.0,444(0),[西] 浜田多実,202401010212
8,3,4,ワイノナオミ,牝3,53.0,川又賢治,1:28.0,クビ,50.7,13.0,450(+10),[西] 畑端省吾,202401010212
9,4,5,セントキルダ,牡3,55.0,富田暁,1:28.3,1.3/4,27.3,9.0,464(-2),[西] 音無秀孝,202401010212
10,3,3,ダミエ,牡4,58.0,武豊,1:28.4,クビ,5.5,2.0,460(-4),[西] 武幸四郎,202401010212
11,4,6,シタン,牝5,53.0,川端海翼,1:28.9,3,23.6,7.0,446(+18),[西] 吉岡辰弥,202401010212
12,7,11,ルージュアマルフィ,牝4,56.0,菱田裕二,1:29.1,1.1/2,6.6,5.0,478(-16),[東] 鹿戸雄一,202401010212
13,6,10,レアリゼアンレーヴ,牝3,53.0,佐々木大,1:29.4,2,24.0,8.0,418(0),[西] 須貝尚介,202401010212
14,8,14,プリンスノット,牡4,58.0,丹内祐次,1:29.5,1/2,32.0,11.0,478(+4),[西] 小椋研介,202401010212
1,8,10,シマサンブラック,牡2,55.0,北村友一,1:49.7,,17.9,6.0,466(0),[東] 蛯名正義,202401010301
2,7,7,ヤコブセン,牡2,55.0,鮫島克駿,1:49.9,1.1/2,16.1,5.0,488(-4),[東] 斎藤誠,202401010301
3,8,9,アスゴッド,牡2,55.0,武豊,1:49.9,クビ,6.7,2.0,490(-4),[西] 矢作芳人,202401010301
4,2,2,メイショウアゴナス,牡2,54.0,角田大河,1:50.0,1/2,14.3,4.0,466(+2),[西] 本田優,202401010301
5,1,1,リアライズオーラム,牡2,55.0,佐々木大,1:50.1,クビ,1.2,1.0,494(+2),[西] 須貝尚介,202401010301
6,4,4,ガンバルマン,牡2,55.0,永野猛蔵,1:50.1,クビ,12.6,3.0,458(+10),[東] 萱野浩二,202401010301
7,3,3,ロードスカイブルー,牡2,55.0,丹内祐次,1:50.2,クビ,43.6,7.0,440(-8),[東] 和田勇介,202401010301
8,7,8,デスティニーホープ,牝2,55.0,荻野琢真,1:50.3,3/4,175.9,9.0,424(-6),[東] 松山将樹,202401010301
9,6,6,ファイアトリック,牡2,52.0,長浜鴻緒,1:50.9,3.1/2,128.2,8.0,454(+8),[東] 伊坂重信,202401010301
10,5,5,アルビス,牡2,53.0,小林勝太,1:52.3,8,176.3,10.0,472(0),[東] 金成貴史,202401010301
1,1,1,グディンナ,牝3,55.0,永野猛蔵,1:46.1,,46.7,7.0,404(-6),[西] 牧田和弥,202401010302
2,5,7,オテンバムスメ,牝3,53.0,小林勝太,1:46.4,2,5.2,2.0,442(+8),[西] 北出成人,202401010302
3,4,6,ユーヴェリア,牝3,52.0,高杉吏麒,1:46.5,クビ,5.3,3.0,446(-10),[西] 宮本博,202401010302
4,3,3,ブーケドグレイス,牝3,55.0,佐々木大,1:46.7,1.1/4,7.3,4.0,482(0),[東] 相沢郁,202401010302
5,7,11,アイリュール,牝3,55.0,丹内祐次,1:46.7,アタマ,21.0,6.0,456(0),[東] 田中剛,202401010302
6,2,2,エリカポラリス,牝3,55.0,横山武史,1:46.9,1.1/2,1.9,1.0,434(-4),[東] 伊藤圭三,202401010302
7,6,9,カネコメファミリー,牝3,55.0,菱田裕二,1:47.1,1.1/4,11.2,5.0,488(0),[西] 中尾秀正,202401010302
8,4,5,サノノリッチ,牝3,55.0,小林凌大,1:47.4,1.1/2,48.0,8.0,410(0),[東] 森一誠,202401010302
9,8,14,ウキヨノユメ,牝3,55.0,古川吉洋,1:47.8,2.1/2,169.8,13.0,452(+2),[西] 千田輝彦,202401010302
10,7,12,ベストベルシック,牝3,52.0,川端海翼,1:48.0,1.1/2,124.6,10.0,414(-8),[東] 森一誠,202401010302
11,3,4,リヴィングカラー,牝3,55.0,荻野琢真,1:48.6,3.1/2,172.1,14.0,396(-6),[東] 小笠倫弘,202401010302
12,6,10,ジャンル,牝3,55.0,北村友一,1:48.8,1,136.8,11.0,472(0),[東] 岩戸孝樹,202401010302
13,8,13,メイショウムーヴ,牝3,55.0,富田暁,1:49.1,1.3/4,137.9,12.0,450(+6),[西] 荒川義之,202401010302
14,5,8,ヴァンショー,牝3,52.0,長浜鴻緒,1:50.6,9,83.7,9.0,476(0),[東] 手塚貴久,202401010302
1,5,10,サルヴィアーノ,牝3,55.0,横山和生,2:02.1,,3.2,1.0,484(-6),[東] 栗田徹,202401010303
2,7,13,ヘザルフェン,牡3,57.0,横山典弘,2:02.2,3/4,5.4,2.0,490(+4),[西] 昆貢,202401010303
3,7,14,ニシノシャミナード,牝3,55.0,池添謙一,2:02.3,1/2,11.6,6.0,428(0),[東] 嘉藤貴行,202401010303
4,8,16,ラブビーチ,牝3,54.0,秋山稔樹,2:02.4,3/4,210.0,13.0,432(+2),[東] 蛯名利弘,202401010303
5,3,6,イズジョーノヒカリ,牝3,55.0,大野拓弥,2:02.6,1.1/2,23.0,8.0,468(-10),[西] 中尾秀正,202401010303
6,4,7,アルゴナヴィス,牡3,56.0,角田大河,2:02.7,クビ,22.4,7.0,476(+10),[西] 池江泰寿,202401010303
7,5,9,エリカエレガンテ,牝3,55.0,横山武史,2:02.7,クビ,6.5,4.0,456(-4),[西] 吉岡辰弥,202401010303
8,6,11,アーベントイアー,牡3,57.0,武藤雅,2:02.7,ハナ,82.6,11.0,490(0),[東] 水野貴広,202401010303
9,4,8,ジュンプラチナ,牡3,54.0,高杉吏麒,2:02.7,ハナ,37.4,10.0,476(0),[東] 中舘英二,202401010303
10,8,15,ウインキャロライン,牝3,55.0,鮫島克駿,2:02.8,1/2,23.1,9.0,496(0),[西] 杉山晴紀,202401010303
11,1,2,ダイスアローリング,牡3,57.0,佐々木大,2:03.0,1.1/2,5.9,3.0,510(-2),[東] 古賀慎明,202401010303
12,2,3,ケイアイプロキオン,牡3,54.0,長浜鴻緒,2:03.2,1,6.6,5.0,480(+10),[東] 和田正一,202401010303
13,3,5,ソノパッツァディテ,牝3,53.0,小林勝太,2:03.7,3,274.2,16.0,424(-2),[東] 高木登,202401010303
14,1,1,ニシノココ,牝3,55.0,永野猛蔵,2:03.8,クビ,89.9,12.0,462(+6),[東] 松山将樹,202401010303
15,6,12,デュランヴェリテ,牡3,57.0,荻野琢真,2:04.2,2.1/2,212.3,14.0,554(-4),[西] 河嶋宏樹,202401010303
16,2,4,マジマックサラン,牡3,54.0,川端海翼,2:04.4,1.1/4,221.4,15.0,488(+4),[東] 和田雄二,202401010303
1,5,8,ダイタジャスティス,牡3,55.0,小林勝太,1:46.7,,104.6,12.0,478(-4),[東] 小野次郎,202401010304
2,5,7,アイファーキャップ,牡3,57.0,鮫島克駿,1:46.9,1.1/4,2.9,2.0,458(+2),[西] 鮫島一歩,202401010304
3,7,11,ベレッタ,牡3,57.0,横山和生,1:47.6,4,2.6,1.0,438(-2),[東] 萩原清,202401010304
4,2,2,ディアモミノル,牡3,56.0,角田大河,1:47.6,ハナ,40.9,9.0,504(+6),[西] 本田優,202401010304
5,6,9,リナリア,牝3,55.0,黛弘人,1:47.7,1/2,51.2,10.0,438(+12),[東] 伊坂重信,202401010304
6,1,1,ルーフオブヘヴン,牝3,55.0,武藤雅,1:48.5,5,38.6,8.0,454(0),[東] 武藤善則,202401010304
7,6,10,ナムラレイ,牡3,54.0,高杉吏麒,1:48.6,1/2,18.9,6.0,460(-2),[西] 荒川義之,202401010304
8,4,6,モズオラージュ,牡3,53.0,古川奈穂,1:49.1,3,105.6,13.0,488(-2),[西] 矢作芳人,202401010304
9,8,14,シャトーディフ,牝3,55.0,佐々木大,1:49.3,1.1/2,15.5,5.0,434(-4),[東] 矢嶋大樹,202401010304
10,3,4,テートモダン,セ3,57.0,小林凌大,1:49.7,2.1/2,6.2,3.0,452(-2),[東] 尾形和幸,202401010304
11,8,13,ブラッドショー,牡3,57.0,北村友一,1:50.4,4,53.1,11.0,450(+8),[西] 小崎憲,202401010304
12,4,5,テイエムミステリー,牡3,57.0,富田暁,1:50.6,3/4,19.5,7.0,474(-2),[西] 木原一良,202401010304
13,3,3,セイウンパイオニア,牡3,57.0,永野猛蔵,1:52.7,大,10.3,4.0,490(-2),[東] 清水英克,202401010304
14,7,12,パサデナノアサ,牝3,55.0,亀田温心,1:52.9,1,456.4,14.0,372(-2),[東] 天間昭一,202401010304
1,7,12,アルテヴェローチェ,牡2,55.0,武豊,1:29.9,,3.2,1.0,448(0),[西] 須貝尚介,202401010305
2,5,7,ヒシアマン,牡2,55.0,藤岡佑介,1:29.9,クビ,3.3,2.0,448(0),[東] 堀宣行,202401010305
3,6,9,セラトーン,牡2,55.0,横山武史,1:30.8,5,6.1,4.0,486(0),[東] 尾関知人,202401010305
4,7,11,レフィナード,牝2,55.0,横山和生,1:30.9,クビ,26.8,9.0,466(0),[西] 昆貢,202401010305
5,6,10,フクシマコウヨウ,牝2,52.0,高杉吏麒,1:31.0,1/2,74.8,13.0,428(0),[東] 小島茂之,202401010305
6,8,14,シュバルツマサムネ,牡2,55.0,浜中俊,1:31.0,ハナ,46.8,10.0,460(0),[西] 杉山佳明,202401010305
7,4,5,アルハイルフォート,牡2,55.0,北村友一,1:31.0,ハナ,16.5,5.0,478(0),[西] 高野友和,202401010305
8,3,4,ホウオウライダイ,牡2,55.0,古川吉洋,1:31.1,1/2,5.9,3.0,478(0),[西] 宮徹,202401010305
9,3,3,レオンバルディア,牝2,55.0,佐々木大,1:31.1,ハナ,68.8,11.0,402(0),[東] 武井亮,202401010305
10,5,8,ミヤマイルス,牝2,55.0,丹内祐次,1:31.6,3,17.5,6.0,480(0),[東] 伊藤圭三,202401010305
11,1,1,ミシュリーヌ,牝2,55.0,小林凌大,1:31.7,1/2,153.4,14.0,442(0),[東] 小西一男,202401010305
12,2,2,ラッキーカムカム,牝2,55.0,鮫島克駿,1:31.8,1,22.6,7.0,460(0),[西] 中村直也,202401010305
13,8,13,カハンガハンガ,牡2,55.0,菱田裕二,1:32.3,2.1/2,22.9,8.0,464(0),[東] 久保田貴,202401010305
14,4,6,アヴァンポップ,牝2,55.0,亀田温心,1:33.1,5,72.5,12.0,404(0),[西] 高柳大輔,202401010305
1,7,10,ムーム,牝3,53.0,鮫島克駿,0:58.7,,4.7,3.0,454(0),[西] 杉山佳明,202401010306
2,7,9,セリエル,牝3,53.0,大野拓弥,0:59.4,4,2.9,1.0,464(+12),[東] 杉浦宏昭,202401010306
3,5,6,サザンレイク,牝4,53.0,長浜鴻緒,0:59.4,アタマ,4.6,2.0,494(+4),[東] 根本康広,202401010306
4,5,5,ニホンピロトッティ,牝3,53.0,横山和生,0:59.6,1.1/4,7.0,5.0,400(0),[西] 緒方努,202401010306
5,8,11,シュヴァルツリーベ,牝4,56.0,伊藤工真,0:59.7,クビ,16.7,7.0,444(+2),[東] 林徹,202401010306
6,2,2,メイプルリーフラグ,牝4,52.0,古川奈穂,0:59.9,1.1/4,93.6,9.0,436(-10),[東] 的場均,202401010306
7,1,1,シルバーダイヤ,牝4,55.0,角田大河,1:00.2,2,27.8,8.0,458(+4),[東] 小野次郎,202401010306
8,6,7,アカザ,牝5,56.0,丹内祐次,1:00.4,1.1/4,14.8,6.0,426(-4),[東] 伊坂重信,202401010306
9,8,12,サンマルリアン,牝4,54.0,小林勝太,1:00.5,クビ,160.7,10.0,434(-6),[東] 土田稔,202401010306
10,6,8,ミッシーフォール,牝3,53.0,小林凌大,1:01.0,3,169.6,12.0,410(-4),[東] 矢野英一,202401010306
11,4,4,プラティクレール,牝4,53.0,高杉吏麒,1:01.3,1.3/4,6.8,4.0,482(+18),[東] 田島俊明,202401010306
12,3,3,タイコネン,牝5,53.0,川端海翼,1:02.1,5,162.5,11.0,478(0),[東] 松永康利,202401010306
1,1,1,タンゴバイラリン,牡3,55.0,横山和生,2:00.1,,2.8,1.0,506(-8),[東] 栗田徹,202401010307
2,6,6,レイククレセント,牝3,53.0,横山武史,2:00.2,1/2,3.3,2.0,420(-2),[東] 大竹正博,202401010307
3,7,7,コスモエクスプレス,牡5,58.0,丹内祐次,2:00.3,1/2,18.3,7.0,496(+6),[東] 松永康利,202401010307
4,8,8,カエルム,牡3,55.0,藤岡佑介,2:00.3,アタマ,4.2,3.0,458(-4),[西] 安田翔伍,202401010307
5,3,3,キヨラ,牝6,56.0,永野猛蔵,2:00.8,3,10.5,5.0,488(+4),[東] 堀内岳志,202401010307
6,8,9,ダノンペドロ,セ4,55.0,高杉吏麒,2:02.0,7,15.0,6.0,482(-2),[西] 寺島良,202401010307
7,5,5,ミッキースターダム,牡3,55.0,浜中俊,2:02.1,クビ,9.0,4.0,450(0),[西] 音無秀孝,202401010307
8,2,2,ブライトサイン,牝4,56.0,北村友一,2:03.7,10,33.0,8.0,470(+4),[西] 茶木太樹,202401010307
9,4,4,ライムストリート,牡3,52.0,長浜鴻緒,2:03.8,クビ,192.0,9.0,480(+6),[東] 的場均,202401010307
1,7,12,オルゴーリオ,牡3,55.0,武豊,1:46.1,,2.0,1.0,512(+8),[東] 菊沢隆徳,202401010308
2,6,9,ドッビアーコ,牡3,55.0,鮫島克駿,1:46.2,3/4,10.4,5.0,546(+12),[西] 奥村豊,202401010308
3,8,14,リュクスドレフォン,牡4,58.0,藤懸貴志,1:46.3,1/2,8.4,3.0,522(+16),[西] 平田修,202401010308
4,2,2,ヘヴンズタイム,セ4,56.0,小林勝太,1:46.6,1.1/2,22.3,6.0,466(-2),[西] 北出成人,202401010308
5,5,7,ゼンダンスカイ,牡3,54.0,角田大河,1:46.6,アタマ,4.6,2.0,464(+8),[西] 角田晃一,202401010308
6,5,8,フリッパー,牡4,58.0,黛弘人,1:46.9,2,48.4,10.0,504(+4),[東] 戸田博文,202401010308
7,6,10,ケイエイト,牡4,55.0,高杉吏麒,1:47.0,3/4,28.3,9.0,456(-8),[西] 羽月友彦,202401010308
8,3,4,マーベリックシチー,牡3,55.0,池添謙一,1:47.5,2.1/2,125.1,12.0,452(-6),[西] 岡田稲男,202401010308
9,1,1,フロスティクォーツ,牡6,58.0,岩田康誠,1:47.8,2,24.9,8.0,474(-4),[東] 加藤和宏,202401010308
10,7,11,エコロエイト,牡3,55.0,佐々木大,1:47.8,クビ,22.7,7.0,496(-6),[東] 田村康仁,202401010308
11,4,5,マイフォーエバー,牡3,55.0,北村友一,1:48.5,4,69.0,11.0,486(-2),[東] 矢野英一,202401010308
12,3,3,オメガインペリアル,牡3,55.0,藤岡佑介,1:48.6,1/2,9.1,4.0,454(-6),[西] 安田翔伍,202401010308
13,8,13,ジャーニーメモリー,牡4,58.0,小林凌大,1:48.7,1/2,383.0,14.0,458(-10),[東] 粕谷昌央,202401010308
14,4,6,リードアクトレス,牝3,53.0,古川吉洋,1:49.5,5,209.4,13.0,484(+14),[西] 安達昭夫,202401010308
1,8,9,ライフセービング,牡3,55.0,鮫島克駿,2:42.3,,4.3,2.0,452(-2),[西] 宮徹,202401010309
2,1,1,ミスガリレオアスク,牝3,53.0,北村友一,2:42.4,クビ,2.0,1.0,430(-2),[西] 矢作芳人,202401010309
3,8,8,ドゥレイクパセージ,牡3,55.0,佐々木大,2:42.7,2,5.0,3.0,472(+8),[東] 堀宣行,202401010309
4,7,7,ペリプルス,牡4,58.0,永野猛蔵,2:42.8,3/4,10.7,5.0,434(-4),[東] 佐藤吉勝,202401010309
5,4,4,ナムラブーニン,牡3,55.0,武豊,2:42.8,アタマ,5.2,4.0,458(+6),[西] 高橋一哉,202401010309
6,5,5,ミラキュラスドラマ,牡3,55.0,菱田裕二,2:42.9,クビ,63.1,8.0,460(+2),[西] 杉山晴紀,202401010309
7,6,6,ノートルプロメス,牡5,58.0,富田暁,2:43.0,1/2,46.3,7.0,498(+2),[西] 四位洋文,202401010309
8,3,3,アスクナサニエル,牡3,55.0,荻野琢真,2:43.5,3,44.9,6.0,508(+8),[西] 藤原英昭,202401010309
9,2,2,アットアブラスト,牡4,58.0,丹内祐次,2:43.6,クビ,140.1,9.0,470(+8),[西] 小椋研介,202401010309
1,5,7,エマヌエーレ,牡4,55.0,池添謙一,1:27.7,,13.9,8.0,500(0),[西] 平田修,202401010310
2,6,10,メタルスピード,牡4,56.0,横山武史,1:28.0,1.3/4,7.7,3.0,504(-16),[東] 斎藤誠,202401010310
3,4,5,レッドバレンティア,牡4,55.0,岩田康誠,1:28.0,クビ,13.8,7.0,462(+2),[東] 矢嶋大樹,202401010310
4,5,8,ステラバルセロナ,牝4,53.0,佐々木大,1:28.1,クビ,9.8,4.0,424(+4),[東] 菊川正達,202401010310
5,7,12,ジャスティンアース,牡3,55.0,鮫島克駿,1:28.3,1.1/4,2.6,1.0,474(+2),[西] 杉山晴紀,202401010310
6,7,11,ヴァンルーラー,牝5,51.0,小林勝太,1:28.4,1/2,181.0,14.0,454(-10),[西] 河嶋宏樹,202401010310
7,8,13,ナバロン,牡5,55.0,秋山稔樹,1:28.4,アタマ,26.8,9.0,502(+2),[西] 杉山佳明,202401010310
8,3,4,バニシングポイント,セ6,57.0,浜中俊,1:28.4,ハナ,4.3,2.0,488(-2),[東] 古賀慎明,202401010310
9,2,2,マイネルダグラス,牡6,55.0,丹内祐次,1:28.4,アタマ,12.1,5.0,510(+6),[東] 相沢郁,202401010310
10,4,6,アスクエピソード,牡4,56.0,北村友一,1:28.5,3/4,12.3,6.0,462(+4),[西] 藤原英昭,202401010310
11,1,1,デビッドテソーロ,牡3,54.0,高杉吏麒,1:28.6,3/4,37.0,11.0,464(0),[東] 小手川準,202401010310
12,8,14,ニシノレバンテ,牡5,55.0,永野猛蔵,1:28.8,1,33.0,10.0,486(-4),[東] 栗田徹,202401010310
13,3,3,プルスウルトラ,牡6,54.0,黛弘人,1:29.0,1.1/4,178.3,13.0,532(+6),[東] 高橋文雅,202401010310
14,6,9,タロントゥーズ,牡4,55.0,亀田温心,1:29.1,1/2,162.3,12.0,474(0),[西] 大久保龍,202401010310
1,4,5,フェアエールング,牝4,53.0,丹内祐次,2:00.6,,16.7,7.0,454(-4),[東] 和田正一,202401010311
2,8,14,スミ,牝5,54.0,角田大河,2:00.6,クビ,8.2,5.0,482(-2),[西] 高橋亮,202401010311
3,5,8,シュバルツクーゲル,牡3,54.0,武豊,2:00.9,2,3.8,1.0,484(+10),[東] 鹿戸雄一,202401010311
4,7,12,ニューノーマル,牝5,54.0,浜中俊,2:01.0,クビ,27.5,10.0,468(+2),[東] 上原佑紀,202401010311
5,8,13,コスモフロイデ,牡5,56.0,鮫島克駿,2:01.0,ハナ,45.1,12.0,474(-2),[東] 天間昭一,202401010311
6,1,1,マイネルエンペラー,牡4,57.0,横山武史,2:01.1,1/2,4.6,2.0,482(+2),[西] 清水久詞,202401010311
6,3,4,カネフラ,牡4,55.0,藤岡佑介,2:01.1,同着,16.9,8.0,436(-12),[西] 高橋康之,202401010311
8,6,10,バールデュヴァン,牡4,55.0,古川吉洋,2:01.1,アタマ,25.4,9.0,506(0),[西] 浜田多実,202401010311
9,5,7,ショウナンアデイブ,牡5,57.0,池添謙一,2:01.3,1,6.3,3.0,506(-10),[西] 高野友和,202401010311
10,3,3,シルキーヴォイス,牡6,52.0,水口優也,2:01.3,アタマ,124.7,14.0,492(-2),[西] 池江泰寿,202401010311
11,2,2,ルージュアルル,牝5,53.0,横山和生,2:01.3,ハナ,46.8,13.0,484(-2),[東] 国枝栄,202401010311
12,4,6,インスタキング,牡4,55.0,北村友一,2:01.3,クビ,12.0,6.0,516(-6),[東] 蛯名正義,202401010311
13,7,11,アスクドゥポルテ,牡4,56.0,富田暁,2:01.3,アタマ,29.5,11.0,478(-2),[西] 河内洋,202401010311
14,6,9,ホウオウスーペリア,牡4,56.0,佐々木大,2:01.4,1/2,7.5,4.0,480(-2),[西] 吉岡辰弥,202401010311
1,2,2,ジョーローリット,牝3,52.0,角田大河,0:58.7,,3.2,1.0,476(-2),[西] 中竹和也,202401010312
2,6,8,カンザシ,牝5,53.0,高杉吏麒,0:58.9,1.1/2,4.1,3.0,512(0),[東] 蛯名正義,202401010312
3,6,7,スコーピオン,牡3,55.0,武藤雅,0:59.1,1,10.2,4.0,474(+6),[東] 武藤善則,202401010312
4,1,1,ノボリショウリュウ,牡3,52.0,川端海翼,0:59.3,1.1/4,20.7,7.0,454(-2),[西] 石橋守,202401010312
5,4,4,プリティインピンク,牝6,56.0,大野拓弥,0:59.3,クビ,46.6,11.0,444(-2),[東] 小手川準,202401010312
6,5,6,サイレンスゴールド,牡4,58.0,川又賢治,0:59.4,クビ,11.1,5.0,508(0),[西] 杉山佳明,202401010312
7,5,5,マキアージュ,牝5,54.0,小林勝太,0:59.9,3,13.8,6.0,460(+8),[東] 菊川正達,202401010312
8,7,10,フーコサンライズ,牝3,53.0,佐々木大,1:00.0,1/2,3.6,2.0,494(-2),[西] 新谷功一,202401010312
9,8,12,シュガーフロート,牝5,56.0,古川吉洋,1:00.0,ハナ,93.0,12.0,426(0),[西] 藤野健太,202401010312
10,8,11,ポメラート,牝5,56.0,丹内祐次,1:00.5,3,34.9,9.0,496(0),[西] 茶木太樹,202401010312
11,3,3,マジックタッチ,牡4,58.0,鮫島克駿,1:00.7,1.1/4,45.5,10.0,532(-10),[東] 加藤士津,202401010312
12,7,9,ステルナティーア,牝5,56.0,横山武史,1:02.5,大,26.0,8.0,454(+6),[東] 木村哲也,202401010312
1,6,9,インマイポケット,牝3,55.0,ルメール,1:30.1,,2.4,1.0,428(-2),[西] 武幸四郎,202401010401
2,7,11,シャーリーゴールド,牝3,55.0,浜中俊,1:30.4,1.3/4,12.7,5.0,444(0),[西] 須貝尚介,202401010401
3,8,14,ココシャンパーニュ,牝3,55.0,北村友一,1:30.4,アタマ,22.0,7.0,454(-10),[西] 音無秀孝,202401010401
4,4,5,ブライティアダイヤ,牝3,55.0,永野猛蔵,1:30.5,3/4,23.7,8.0,464(+6),[東] 稲垣幸雄,202401010401
5,5,7,スウィートリワード,牝3,55.0,武豊,1:30.5,ハナ,3.8,2.0,454(-2),[西] 宮本博,202401010401
6,6,10,スコア,牡3,54.0,高杉吏麒,1:30.5,クビ,7.6,4.0,458(+4),[東] 栗田徹,202401010401
7,8,13,ヴァイタルピース,セ3,57.0,菱田裕二,1:30.7,1.1/4,31.6,9.0,452(-4),[西] 鈴木孝志,202401010401
8,3,4,レジーナチェリ,牡3,57.0,丹内祐次,1:30.9,1.1/4,7.2,3.0,434(0),[東] 伊藤伸一,202401010401
9,1,1,エナジーポケット,牡3,57.0,佐々木大,1:31.0,クビ,177.8,14.0,418(-6),[西] 森田直行,202401010401
10,3,3,ツキガキレイデスネ,牝3,55.0,黛弘人,1:31.1,1/2,41.8,10.0,462(+6),[東] 小島茂之,202401010401
11,7,12,ローマンレイク,牝3,55.0,鮫島克駿,1:31.4,2,18.2,6.0,432(+18),[西] 松永幹夫,202401010401
12,4,6,スリータイガー,牝3,55.0,西村淳也,1:31.8,2.1/2,130.6,12.0,428(-2),[西] 高橋義忠,202401010401
13,5,8,オメガサミット,牡3,56.0,角田大河,1:31.9,3/4,51.8,11.0,450(-16),[西] 今野貞一,202401010401
14,2,2,キーシンガー,牝3,52.0,長浜鴻緒,1:32.9,6,143.1,13.0,442(+6),[東] 青木孝文,202401010401
1,8,11,テイエムタリスマ,牡3,53.0,古川奈穂,0:58.9,,4.0,1.0,468(-2),[西] 木原一良,202401010402
2,3,3,スキーサンダー,牝3,55.0,ルメール,0:59.0,3/4,4.4,2.0,476(+2),[東] 辻哲英,202401010402
3,7,10,ミスターディジェイ,牡3,57.0,丹内祐次,0:59.2,3/4,4.4,3.0,540(+2),[東] 清水英克,202401010402
4,8,12,キャンドルマス,牡3,57.0,北村友一,0:59.3,1/2,10.0,5.0,478(-10),[西] 小崎憲,202401010402
5,4,4,ラントゥリーダンス,牝3,52.0,川端海翼,0:59.3,ハナ,10.7,6.0,460(0),[東] 石栗龍彦,202401010402
6,5,6,ユニヴェールアン,牝3,55.0,鮫島克駿,0:59.5,1,27.7,10.0,482(+6),[東] 加藤士津,202401010402
7,5,5,ウィスピースノー,牝3,54.0,角田大河,0:59.6,1,23.6,9.0,440(+6),[西] 今野貞一,202401010402
8,1,1,リンクスクードボル,牡3,57.0,西村淳也,0:59.8,1,15.1,7.0,474(+4),[東] 加藤士津,202401010402
9,7,9,モリエヌス,牝3,52.0,高杉吏麒,1:00.1,2,48.6,11.0,392(+2),[西] 荒川義之,202401010402
10,6,8,ドルフィンスクエア,牝3,52.0,長浜鴻緒,1:00.4,1.1/2,16.7,8.0,448(0),[西] 清水久詞,202401010402
11,6,7,タカラバディウス,牝3,53.0,小林勝太,1:00.8,2.1/2,8.0,4.0,420(0),[東] 堀内岳志,202401010402
12,2,2,ズーキャンベラ,牝3,54.0,佐々木大,1:02.7,大,126.8,12.0,460(-6),[東] 上原佑紀,202401010402
1,7,11,ウインアルドーレ,牡3,57.0,佐々木大,1:46.1,,2.6,1.0,476(-6),[西] 西園翔太,202401010403
2,6,9,ノーブルブランカ,牝3,55.0,ルメール,1:46.2,1/2,3.8,2.0,440(+2),[西] 牧浦充徳,202401010403
3,2,2,ダイクロアイト,牡3,57.0,丹内祐次,1:46.4,1.1/4,7.6,4.0,452(-8),[東] 萩原清,202401010403
4,3,3,アイウィル,牡3,57.0,北村友一,1:46.4,クビ,107.9,11.0,506(-4),[東] 高木登,202401010403
5,4,5,プルメリアクヒオ,牡3,54.0,長浜鴻緒,1:46.4,アタマ,4.1,3.0,454(+10),[東] 深山雅史,202401010403
6,8,14,メイショウカンムリ,牡3,57.0,富田暁,1:46.5,1/2,48.5,9.0,458(-2),[西] 木原一良,202401010403
7,5,7,ユイノサンバンカン,牡3,57.0,荻野琢真,1:46.6,3/4,216.0,13.0,462(0),[東] 深山雅史,202401010403
8,5,8,ハヤブサキンチャン,牝3,53.0,小林勝太,1:47.9,8,17.1,6.0,474(0),[東] 稲垣幸雄,202401010403
9,4,6,メネラオス,牡3,57.0,西村淳也,1:48.2,2,29.5,7.0,558(0),[西] 奥村豊,202401010403
10,6,10,エクセルブラック,牡3,54.0,川端海翼,1:49.0,5,149.5,12.0,426(-10),[東] 高橋文雅,202401010403
11,8,13,ワイワイサンデー,牡3,57.0,菱田裕二,1:49.1,1/2,35.6,8.0,470(-2),[東] 岩戸孝樹,202401010403
12,3,4,ライヴロッキー,牡3,57.0,小林凌大,1:49.7,3.1/2,267.1,14.0,486(-4),[東] 尾形和幸,202401010403
13,7,12,リュクスレオン,牡3,57.0,永野猛蔵,1:53.2,大,14.1,5.0,470(-4),[東] 高柳瑞樹,202401010403
中,1,1,メイショウムラゲ,牡3,57.0,鮫島克駿,,,101.7,10.0,464(+4),[西] 鮫島一歩,202401010403
1,6,11,フォルテフィオーレ,牡3,57.0,佐々木大,2:02.0,,14.4,7.0,430(-12),[東] 上原佑紀,202401010404
2,4,7,モカラルビー,牝3,55.0,藤岡佑介,2:02.6,3.1/2,10.2,5.0,404(-6),[西] 四位洋文,202401010404
3,8,14,タナバタ,牡3,57.0,丹内祐次,2:02.9,2,16.8,8.0,516(+30),[東] 武井亮,202401010404
4,7,12,ハートライト,牝3,55.0,北村友一,2:03.0,3/4,12.1,6.0,472(-4),[東] 田中博康,202401010404
5,5,8,ルクスチェリー,牝3,54.0,角田大河,2:03.1,1/2,8.2,4.0,476(-4),[西] 石橋守,202401010404
6,8,15,エバーアリエル,牝3,55.0,西村淳也,2:03.2,クビ,60.1,12.0,426(-6),[東] 小島茂之,202401010404
7,7,13,エグザルテーション,牝3,55.0,菱田裕二,2:03.2,ハナ,99.7,14.0,446(+4),[西] 渡辺薫彦,202401010404
8,3,5,マイネルオデーサ,牡3,57.0,武藤雅,2:03.2,ハナ,24.4,9.0,456(+10),[西] 宮徹,202401010404
9,2,2,ローレルロイズ,牡3,55.0,小林勝太,2:03.2,クビ,208.0,15.0,440(+8),[西] 北出成人,202401010404
10,6,10,マイファミリー,牡3,57.0,黛弘人,2:03.2,ハナ,6.8,3.0,444(+12),[東] 深山雅史,202401010404
11,5,9,ダノンロッキー,牡3,57.0,横山武史,2:03.3,クビ,3.0,1.0,494(+2),[東] 萩原清,202401010404
12,2,3,レッドアウェイク,牡3,57.0,大野拓弥,2:03.8,3,63.8,13.0,472(-4),[西] 福永祐一,202401010404
13,1,1,ファイアンス,牝3,52.0,高杉吏麒,2:03.8,クビ,36.7,11.0,460(-4),[東] 武市康男,202401010404
14,4,6,ラストスピリッツ,牡3,57.0,横山和生,2:04.0,1.1/4,28.7,10.0,498(-2),[西] 緒方努,202401010404
15,3,4,グッドヴァイブス,牡3,57.0,ルメール,2:07.5,大,5.1,2.0,472(0),[東] 高柳瑞樹,202401010404
1,5,5,ファイアンクランツ,牡2,55.0,佐々木大,1:50.5,,5.0,3.0,442(0),[東] 堀宣行,202401010405
2,7,10,ロパシック,牝2,55.0,ルメール,1:50.7,1,3.1,2.0,430(0),[東] 大竹正博,202401010405
3,8,12,ウインベラーノ,牡2,55.0,丹内祐次,1:51.3,4,42.8,8.0,436(0),[西] 宮徹,202401010405
4,4,4,プロフェータ,牡2,55.0,永野猛蔵,1:51.6,1.3/4,90.8,11.0,448(0),[東] 斎藤誠,202401010405
5,6,7,マイユニバース,牡2,55.0,横山典弘,1:51.7,1/2,12.8,6.0,458(0),[西] 武幸四郎,202401010405
6,2,2,ブルクトーア,牡2,55.0,鮫島克駿,1:51.8,1/2,3.0,1.0,476(0),[西] 長谷川浩,202401010405
7,3,3,ウィングコマンダー,牡2,55.0,横山武史,1:52.0,1.1/2,9.3,5.0,472(0),[東] 鹿戸雄一,202401010405
8,8,11,ウィズマスタング,牡2,53.0,小林勝太,1:52.3,1.1/2,72.3,10.0,436(0),[西] 西園翔太,202401010405
9,1,1,レベッカレインボー,牝2,55.0,西村淳也,1:52.4,1/2,121.8,12.0,424(0),[西] 高橋義忠,202401010405
10,6,8,シャインローザ,牝2,52.0,高杉吏麒,1:52.5,3/4,37.1,7.0,458(0),[西] 中村直也,202401010405
11,5,6,ブラゾンロワイヤル,牡2,55.0,菱田裕二,1:54.2,10,49.0,9.0,506(0),[西] 石坂公一,202401010405
12,7,9,エレガンシア,牝2,55.0,武豊,1:55.8,10,8.1,4.0,438(0),[西] 高柳大輔,202401010405
1,5,8,ミッキーラッキー,牡3,55.0,ルメール,1:44.1,,2.6,1.0,552(-16),[東] 堀宣行,202401010406
2,5,7,フクノブルジュ,牡4,58.0,横山和生,1:44.4,1.3/4,7.3,4.0,454(+4),[東] 竹内正洋,202401010406
3,3,3,カムランベイ,牡4,58.0,丹内祐次,1:44.7,1.3/4,11.0,5.0,502(-2),[東] 岩戸孝樹,202401010406
4,3,4,ヒデシンイメル,牡3,55.0,富田暁,1:44.9,1.1/4,18.0,7.0,454(-4),[西] 武英智,202401010406
5,7,11,ポワンキュルミナン,牡4,58.0,菱田裕二,1:44.9,ハナ,5.4,3.0,422(-4),[西] 岡田稲男,202401010406
6,4,6,ワイドブリザード,セ3,52.0,高杉吏麒,1:45.2,1.1/2,4.1,2.0,420(-12),[東] 武井亮,202401010406
7,7,12,ベイビールビオ,牡5,58.0,佐々木大,1:45.4,1.1/2,13.7,6.0,494(-4),[東] 田村康仁,202401010406
8,6,10,マンダリンボレロ,牡4,58.0,水口優也,1:45.4,ハナ,136.1,13.0,486(+2),[東] 伊藤伸一,202401010406
9,6,9,タマモネモフィラ,牝4,54.0,小林勝太,1:45.9,3,63.5,10.0,478(-2),[西] 大橋勇樹,202401010406
10,4,5,ブレットフライ,牡5,55.0,長浜鴻緒,1:46.0,クビ,184.6,14.0,504(-4),[東] 萱野浩二,202401010406
11,8,14,チャールストン,セ5,54.0,古川奈穂,1:46.0,アタマ,98.5,12.0,478(0),[東] 小手川準,202401010406
12,8,13,スティーロポリス,牡4,58.0,鮫島克駿,1:46.2,1,52.5,9.0,514(-10),[西] 西村真幸,202401010406
13,1,1,リキサンハート,牝6,56.0,黛弘人,1:46.9,4,89.9,11.0,504(-2),[東] 奥平雅士,202401010406
14,2,2,キングヴァージル,牡3,55.0,永野猛蔵,1:47.0,1/2,50.4,8.0,496(-10),[西] 矢作芳人,202401010406
1,7,7,リラボニート,牝3,53.0,浜中俊,1:48.1,,7.2,4.0,470(+12),[西] 須貝尚介,202401010407
2,2,2,トレミニョン,牝3,53.0,佐々木大,1:48.2,クビ,6.9,3.0,458(-2),[東] 和田勇介,202401010407
3,4,4,ウインルピナス,牝4,56.0,横山武史,1:48.4,1.1/2,15.4,6.0,432(-4),[東] 鈴木伸尋,202401010407
4,5,5,パルクリチュード,牝4,56.0,西村淳也,1:48.6,1.1/4,12.8,5.0,448(+10),[西] 松永幹夫,202401010407
5,1,1,ピクシレーション,牝4,54.0,小林勝太,1:48.7,1/2,28.9,7.0,478(+16),[東] 菊沢隆徳,202401010407
6,8,9,ミッキースピネル,牝3,53.0,藤岡佑介,1:48.8,クビ,1.8,1.0,482(-4),[西] 中内田充,202401010407
7,8,10,バロックダンス,牝4,56.0,大野拓弥,1:48.9,1/2,89.3,9.0,464(-8),[東] 小手川準,202401010407
8,7,8,コスモエスメラルダ,牝3,53.0,丹内祐次,1:49.3,2.1/2,59.0,8.0,516(+16),[東] 畠山吉宏,202401010407
9,6,6,エリカエスティーム,牝3,53.0,横山和生,1:50.1,5,4.8,2.0,508(-4),[東] 宮田敬介,202401010407
10,3,3,コートリーバウ,牝3,50.0,川端海翼,1:51.3,7,104.9,10.0,408(+2),[西] 池添学,202401010407
1,3,3,ロードトレイル,牡3,52.0,高杉吏麒,1:09.6,,5.5,2.0,480(+4),[西] 藤岡健一,202401010408
2,4,5,アポロルタ,牝5,56.0,横山和生,1:09.6,アタマ,18.9,6.0,448(-2),[東] 村田一誠,202401010408
3,6,9,イイデスカイハイ,牝3,53.0,永野猛蔵,1:09.7,1/2,84.7,13.0,444(+2),[地] 村上正和,202401010408
4,8,13,サニイアール,牝3,53.0,丹内祐次,1:09.8,クビ,58.8,11.0,446(+4),[東] 田村康仁,202401010408
5,5,8,シンデレラスマイル,牝4,56.0,武藤雅,1:09.8,アタマ,13.1,4.0,444(-2),[東] 武藤善則,202401010408
6,6,10,パクスロマーナ,牝4,56.0,荻野琢真,1:09.8,ハナ,45.4,10.0,422(-2),[西] 藤沢則雄,202401010408
7,3,4,セントキルダ,牡3,55.0,富田暁,1:10.0,1.1/4,30.9,9.0,460(-4),[西] 音無秀孝,202401010408
8,4,6,ジョーメッドヴィン,牡3,55.0,佐々木大,1:10.0,クビ,1.7,1.0,502(+4),[西] 清水久詞,202401010408
9,5,7,レディーエンジェル,牝3,53.0,菱田裕二,1:10.0,アタマ,26.0,7.0,476(+4),[西] 岡田稲男,202401010408
10,7,12,ハピアーザンエバー,牡3,55.0,黛弘人,1:10.1,1/2,15.2,5.0,440(-8),[西] 羽月友彦,202401010408
11,7,11,ポリトナリティー,牝3,50.0,古川奈穂,1:10.3,1.1/4,162.6,14.0,406(-6),[東] 和田雄二,202401010408
12,2,2,インクルードダイヤ,牝4,55.0,角田大河,1:10.3,ハナ,78.6,12.0,466(-6),[西] 藤野健太,202401010408
13,1,1,オオゾラヒバリ,牝3,50.0,長浜鴻緒,1:10.7,2,6.9,3.0,442(-8),[東] 根本康広,202401010408
14,8,14,ニシノクラウン,セ3,53.0,小林勝太,1:11.2,3,30.0,8.0,470(+14),[東] 相沢郁,202401010408
1,8,11,アスターブジエ,牡4,58.0,西村淳也,2:40.9,,5.2,2.0,468(+6),[西] 中竹和也,202401010409
2,6,7,アドマイヤテラ,牡3,55.0,ルメール,2:41.0,クビ,1.5,1.0,480(-10),[西] 友道康夫,202401010409
3,5,5,ノーブルクライ,牡4,58.0,佐々木大,2:41.2,1.1/4,14.5,5.0,498(-6),[東] 田村康仁,202401010409
4,7,9,ウェイビー,牝4,56.0,鮫島克駿,2:41.4,1.1/4,69.2,10.0,536(-14),[西] 西村真幸,202401010409
5,7,10,ナムアミダブツ,牡7,58.0,菱田裕二,2:41.7,2,62.5,9.0,474(+8),[西] 石坂公一,202401010409
6,5,6,ボーンイングランデ,牡4,58.0,池添謙一,2:41.9,1.1/4,141.1,11.0,476(+10),[西] 吉田直弘,202401010409
7,3,3,レイデラルース,牡3,55.0,横山武史,2:41.9,クビ,7.6,3.0,496(+10),[東] 手塚貴久,202401010409
8,4,4,アップトゥミー,牝4,56.0,浜中俊,2:42.4,2.1/2,28.0,7.0,490(-10),[東] 国枝栄,202401010409
9,2,2,ワレハウミノコ,牝4,56.0,武豊,2:42.5,3/4,12.8,4.0,452(-12),[西] 武英智,202401010409
10,8,12,マイネルメサイア,牡5,58.0,丹内祐次,2:43.7,7,48.4,8.0,472(-12),[東] 水野貴広,202401010409
11,6,8,カナオールウェイズ,牡4,58.0,藤岡佑介,2:43.7,ハナ,27.5,6.0,500(-8),[西] 藤岡健一,202401010409
12,1,1,マコトヴィクラント,牡4,58.0,古川吉洋,2:44.7,6,184.1,12.0,472(+4),[西] 鮫島一歩,202401010409
1,8,10,シダー,牝5,56.0,角田大河,1:43.0,,7.2,4.0,496(-16),[西] 本田優,202401010410
2,7,8,フォーチュンテラー,牡5,58.0,鮫島克駿,1:43.3,1.3/4,8.0,5.0,472(-16),[西] 浜田多実,202401010410
3,2,2,インヴァリアンス,セ6,58.0,丹内祐次,1:43.7,2.1/2,70.3,8.0,482(0),[東] 尾関知人,202401010410
4,6,6,ヴァンドゥラン,牡4,58.0,佐々木大,1:43.8,クビ,12.8,6.0,484(-12),[西] 高柳大輔,202401010410
5,1,1,レッドラグラス,牡4,58.0,西村淳也,1:43.9,3/4,3.2,1.0,482(-12),[西] 中内田充,202401010410
6,5,5,ピースオブザライフ,牝4,56.0,藤岡佑介,1:44.0,3/4,4.3,3.0,490(+12),[西] 野中賢二,202401010410
7,4,4,ストライク,牡4,58.0,横山武史,1:44.7,4,3.4,2.0,496(-6),[東] 加藤士津,202401010410
8,3,3,ビキニボーイ,牡4,58.0,荻野琢真,1:44.9,1.1/4,90.3,9.0,500(0),[西] 梅田智之,202401010410
9,7,7,ゲンパチハマジ,牡6,58.0,小林凌大,1:45.3,2.1/2,145.3,10.0,516(+2),[西] 佐々木晶,202401010410
10,8,9,プレミアムスマイル,牝5,56.0,大野拓弥,1:46.5,7,19.5,7.0,510(+4),[西] 福永祐一,202401010410
1,7,12,コガネノソラ,牝3,51.0,丹内祐次,1:47.4,,9.6,5.0,454(+6),[東] 菊沢隆徳,202401010411
2,1,1,ボンドガール,牝3,51.0,武豊,1:47.4,アタマ,4.4,2.0,458(+6),[東] 手塚貴久,202401010411
3,5,7,アルジーヌ,牝4,55.0,藤岡佑介,1:47.5,クビ,13.3,7.0,456(-6),[西] 中内田充,202401010411
4,8,13,ドゥアイズ,牝4,55.0,鮫島克駿,1:47.5,ハナ,5.3,3.0,474(+2),[西] 庄野靖志,202401010411
5,4,6,コンクシェル,牝4,56.0,横山武史,1:47.5,ハナ,13.2,6.0,476(0),[西] 清水久詞,202401010411
6,6,9,スタニングローズ,牝5,57.0,北村友一,1:47.6,3/4,13.8,9.0,492(+2),[西] 高野友和,202401010411
7,3,3,イフェイオン,牝3,52.0,西村淳也,1:47.7,3/4,9.3,4.0,484(+4),[西] 杉山佳明,202401010411
8,4,5,モズゴールドバレル,牝5,55.0,高杉吏麒,1:47.7,アタマ,102.8,12.0,466(0),[西] 藤岡健一,202401010411
9,3,4,ラリュエル,牝5,55.0,佐々木大,1:47.8,1/2,94.3,11.0,434(+6),[西] 矢作芳人,202401010411
10,2,2,ウンブライル,牝4,55.0,ルメール,1:47.9,1/2,3.9,1.0,478(+4),[東] 木村哲也,202401010411
11,7,11,エリカヴィータ,牝5,56.0,池添謙一,1:48.1,1,106.6,13.0,454(-10),[東] 国枝栄,202401010411
12,8,14,モリアーナ,牝4,57.0,武藤雅,1:48.1,ハナ,13.4,8.0,488(0),[東] 武藤善則,202401010411
13,6,10,キタウイング,牝4,55.0,黛弘人,1:49.0,5,167.8,14.0,440(-4),[東] 小島茂之,202401010411
14,5,8,ウインピクシス,牝5,55.0,横山和生,1:49.7,4,24.5,10.0,448(+4),[東] 上原博之,202401010411
1,8,10,エリカサファイア,牝3,53.0,佐々木大,1:42.8,,1.5,1.0,476(-14),[東] 堀宣行,202401010412
2,5,5,カプラローラ,牝5,56.0,横山和生,1:43.4,3.1/2,5.4,2.0,486(+6),[東] 菊沢隆徳,202401010412
3,7,8,シグナルファイアー,牝4,56.0,永野猛蔵,1:43.5,1,71.2,9.0,484(-2),[東] 水野貴広,202401010412
4,8,9,アーレンダール,牝5,56.0,岩田康誠,1:43.7,1,22.6,6.0,502(+2),[東] 宮田敬介,202401010412
5,6,6,タガノチョコラータ,牝4,55.0,角田大河,1:44.2,3,24.6,7.0,502(-6),[西] 角田晃一,202401010412
6,2,2,アルタビスタ,牝4,56.0,西村淳也,1:44.2,アタマ,14.5,5.0,472(+26),[西] 松永幹夫,202401010412
7,4,4,ミッキーマカロン,牝4,56.0,菱田裕二,1:44.3,クビ,12.0,4.0,450(+8),[西] 大久保龍,202401010412
8,1,1,デュードメール,牝5,56.0,丹内祐次,1:45.4,7,33.5,8.0,474(+8),[東] 辻哲英,202401010412
9,7,7,フローラルビアンカ,牝5,56.0,藤岡佑介,1:45.7,1.1/2,7.9,3.0,478(-4),[西] 田中克典,202401010412
10,3,3,シャドウレディー,牝4,56.0,北村友一,1:46.4,4,88.7,10.0,434(0),[東] 金成貴史,202401010412
1,6,6,ソロモン,牡2,55.0,佐々木大,1:29.5,,2.2,1.0,524(-6),[東] 堀宣行,202401010501
2,3,3,グランカメリア,牡2,55.0,池添謙一,1:29.5,ハナ,7.3,3.0,472(-2),[西] 吉田直弘,202401010501
3,7,8,ゲレル,牝2,55.0,浜中俊,1:29.7,1.1/4,14.5,6.0,434(0),[西] 長谷川浩,202401010501
4,1,1,ベールドインパクト,牡2,55.0,西村淳也,1:29.8,クビ,8.3,5.0,438(-4),[東] 小島茂之,202401010501
5,4,4,アンジュアルディ,牝2,55.0,横山和生,1:29.8,ハナ,3.7,2.0,458(0),[西] 昆貢,202401010501
6,8,9,ベストロイヤル,牡2,54.0,横山琉人,1:29.9,1,8.2,4.0,490(-8),[東] 相沢郁,202401010501
7,5,5,ナックオリオン,牡2,55.0,大野拓弥,1:30.1,1,52.1,8.0,474(-2),[東] 杉浦宏昭,202401010501
8,7,7,マギームーン,牝2,55.0,武豊,1:30.3,1.1/2,16.7,7.0,416(+8),[西] 庄野靖志,202401010501
9,8,10,プリスクリプション,牡2,53.0,小林勝太,1:30.4,クビ,271.7,10.0,384(0),[西] 杉山佳明,202401010501
10,2,2,ウインラテアート,牝2,55.0,丹内祐次,1:33.5,大,79.1,9.0,468(0),[東] 宗像義忠,202401010501
1,5,8,ロードインフェルノ,牡3,57.0,丹内祐次,1:47.3,,3.7,2.0,470(-4),[東] 尾形和幸,202401010502
2,1,1,クレスコサンダー,牡3,57.0,鮫島克駿,1:47.4,1/2,6.9,3.0,486(+6),[西] 緒方努,202401010502
3,4,5,サトノフォルテ,牡3,57.0,佐々木大,1:47.8,2.1/2,12.6,5.0,484(-4),[東] 国枝栄,202401010502
4,4,6,ブリリアントスピカ,牝3,53.0,小林勝太,1:47.8,ハナ,38.8,9.0,494(-1),[西] 畑端省吾,202401010502
5,5,7,ポアゾンノアール,牝3,55.0,富田暁,1:48.3,2.1/2,174.8,13.0,462(+8),[西] 本田優,202401010502
6,6,10,プレットリンド,牝3,55.0,菱田裕二,1:48.4,3/4,38.4,8.0,418(-2),[西] 岡田稲男,202401010502
7,8,14,フィージビリティー,牡3,57.0,横山武史,1:48.5,クビ,9.5,4.0,502(-2),[東] 栗田徹,202401010502
8,3,3,ミレフォス,牡3,57.0,西村淳也,1:49.0,3,69.1,10.0,524(-6),[西] 矢作芳人,202401010502
9,7,12,モーニングヤマト,牡3,57.0,古川吉洋,1:49.2,1,231.6,14.0,460(-4),[東] 土田稔,202401010502
10,2,2,ハテナビト,牡3,57.0,永野猛蔵,1:49.2,クビ,32.0,6.0,464(+2),[西] 吉岡辰弥,202401010502
11,7,11,ハワイアンアイコン,牡3,57.0,北村友一,1:49.2,クビ,34.3,7.0,500(+10),[西] 藤原英昭,202401010502
12,8,13,ベラジオラオウ,牡3,57.0,横山和生,1:49.4,1.1/4,2.0,1.0,468(-4),[西] 上村洋行,202401010502
13,6,9,オースサイン,牡3,54.0,高杉吏麒,1:49.5,クビ,78.8,11.0,462(+2),[西] 荒川義之,202401010502
14,3,4,クリノエクリプス,牡3,54.0,川端海翼,1:49.7,1.1/4,88.5,12.0,480(-6),[西] 大根田裕,202401010502
1,7,14,ソニックドライブ,牝3,55.0,武豊,2:00.8,,3.0,1.0,440(-2),[西] 田中克典,202401010503
2,4,8,パンドジェーヌ,牝3,55.0,横山武史,2:00.9,1/2,3.9,2.0,450(-10),[東] 大竹正博,202401010503
3,2,3,レディマキシマ,牝3,55.0,丹内祐次,2:01.0,クビ,5.1,3.0,500(+12),[東] 伊藤大士,202401010503
4,6,12,コアクト,牝3,55.0,黛弘人,2:01.3,2,116.5,15.0,430(-10),[東] 宗像義忠,202401010503
5,7,13,アークレアル,牝3,55.0,古川吉洋,2:01.3,ハナ,27.5,6.0,488(-2),[西] 杉山晴紀,202401010503
6,6,11,ギンレイ,牝3,55.0,荻野琢真,2:01.4,3/4,58.6,9.0,460(-2),[西] 大久保龍,202401010503
7,3,5,ファピオラ,牝3,55.0,浜中俊,2:01.6,1.1/4,7.8,5.0,416(+10),[西] 武幸四郎,202401010503
8,8,16,アンナネーヴェ,牝3,55.0,富田暁,2:01.7,1/2,97.7,10.0,440(-4),[東] 金成貴史,202401010503
9,5,10,ローゼンモンターク,牝3,55.0,西村淳也,2:01.7,ハナ,28.7,7.0,436(+14),[西] 松永幹夫,202401010503
10,1,2,ベッティーナ,牝3,53.0,小林勝太,2:01.7,クビ,34.8,8.0,440(+10),[東] 池上昌和,202401010503
11,8,15,リュラグリーン,牝3,52.0,長浜鴻緒,2:02.0,2,5.8,4.0,464(0),[東] 相沢郁,202401010503
12,5,9,オールウェズキズナ,牝3,51.0,古川奈穂,2:02.6,3.1/2,113.2,13.0,444(-4),[西] 矢作芳人,202401010503
13,1,1,タイプフェイス,牝3,55.0,大野拓弥,2:02.7,クビ,114.1,14.0,446(+4),[東] 小手川準,202401010503
14,3,6,リエラ,牝3,52.0,高杉吏麒,2:02.9,1.1/4,404.7,16.0,402(+2),[西] 高橋康之,202401010503
15,4,7,ヤマメクィーン,牝3,55.0,佐々木大,2:03.5,3.1/2,110.9,12.0,430(-6),[東] 高柳瑞樹,202401010503
16,2,4,クライミーアリバー,牝3,55.0,岩田康誠,2:03.6,1/2,108.9,11.0,410(-8),[西] 松下武士,202401010503
1,4,5,サンカルミア,牡3,57.0,横山武史,1:46.5,,4.2,1.0,464(0),[東] 伊坂重信,202401010504
2,8,14,サンマルミッション,牡3,57.0,古川吉洋,1:47.2,4,27.8,8.0,442(-4),[東] 和田勇介,202401010504
3,4,6,レガッタ,牡3,57.0,横山典弘,1:47.4,1,12.0,6.0,472(-2),[西] 昆貢,202401010504
4,8,13,リアルペガサス,牡3,57.0,菱田裕二,1:47.8,2.1/2,5.9,4.0,456(0),[西] 大橋勇樹,202401010504
5,5,8,ポンヌフ,牝3,55.0,佐々木大,1:47.9,クビ,5.0,3.0,458(+4),[西] 吉村圭司,202401010504
6,3,3,サウンドロックス,牡3,54.0,長浜鴻緒,1:48.1,1.1/4,4.3,2.0,450(+4),[東] 根本康広,202401010504
7,7,11,ココボロ,牝3,55.0,大野拓弥,1:48.5,2.1/2,41.6,10.0,512(+8),[東] 松山将樹,202401010504
8,3,4,エウロス,牡3,57.0,黛弘人,1:48.6,クビ,100.1,12.0,428(-2),[東] 奥平雅士,202401010504
9,5,7,ゴルトヴェーレ,牝3,55.0,斎藤新,1:49.0,2.1/2,82.0,11.0,482(0),[東] 水野貴広,202401010504
10,6,10,ペイシャバロ,牝3,55.0,小林凌大,1:49.3,2,316.3,14.0,468(+12),[東] 小西一男,202401010504
11,7,12,オセアトップガン,牡3,57.0,岩田康誠,1:49.4,3/4,6.0,5.0,492(-8),[東] 加藤征弘,202401010504
12,1,1,ケアラウレア,牝3,52.0,高杉吏麒,1:49.8,2.1/2,23.4,7.0,476(+16),[西] 田中克典,202401010504
13,2,2,スーパーソニック,牝3,55.0,丹内祐次,1:50.6,5,30.2,9.0,448(0),[東] 加藤士津,202401010504
14,6,9,ダンツハマー,牝3,55.0,和田翼,1:51.4,5,200.1,13.0,458(0),[西] 谷潔,202401010504
1,8,9,カワキタマナレア,牝2,55.0,鮫島克駿,1:09.0,,6.2,3.0,406(0),[西] 杉山佳明,202401010505
2,7,7,カウンターセブン,牡2,55.0,横山武史,1:09.6,3.1/2,1.8,1.0,480(0),[東] 村田一誠,202401010505
3,8,8,グーフドリファール,牝2,55.0,佐々木大,1:10.2,4,53.2,8.0,398(0),[西] 安達昭夫,202401010505
4,5,5,シカレ,牝2,55.0,藤岡佑介,1:10.3,1/2,5.8,2.0,410(0),[西] 矢作芳人,202401010505
5,2,2,コパノマロン,牝2,52.0,高杉吏麒,1:10.6,1.3/4,11.2,6.0,438(0),[西] 村山明,202401010505
6,4,4,クロスレート,牡2,55.0,水口優也,1:10.8,1,7.7,4.0,448(0),[西] 羽月友彦,202401010505
7,3,3,マサノイロハ,牡2,55.0,丹内祐次,1:11.0,1.1/4,44.0,7.0,460(0),[西] 藤野健太,202401010505
8,6,6,ラブミーナタリー,牝2,52.0,長浜鴻緒,1:12.3,8,104.8,9.0,484(0),[東] 矢嶋大樹,202401010505
9,1,1,アラシヲヨブオトコ,牡2,55.0,永野猛蔵,1:13.0,4,10.5,5.0,426(0),[東] 伊藤圭三,202401010505
1,8,15,マイネルバーテクス,牡3,57.0,丹内祐次,2:00.8,,11.4,5.0,492(+8),[東] 水野貴広,202401010506
2,6,11,ウイントレメンデス,牡3,57.0,横山武史,2:00.8,クビ,1.9,1.0,482(+2),[東] 鈴木伸尋,202401010506
3,6,12,レイピカケ,牝3,55.0,藤岡佑介,2:00.9,クビ,5.9,2.0,452(-2),[西] 野中賢二,202401010506
4,1,2,モンサンケコア,牡3,57.0,西村淳也,2:01.7,5,7.1,3.0,496(-6),[西] 中竹和也,202401010506
5,2,4,サトノアライヴ,牡3,57.0,佐々木大,2:01.7,ハナ,11.5,6.0,432(-4),[西] 須貝尚介,202401010506
6,1,1,アスロス,牡3,57.0,岩田康誠,2:01.8,3/4,10.1,4.0,458(+2),[東] 蛯名正義,202401010506
7,3,5,ヒットアンドロール,牡3,54.0,長浜鴻緒,2:01.8,アタマ,144.8,14.0,442(0),[東] 宗像義忠,202401010506
8,8,16,ホットエンペラー,牡3,57.0,丸山元気,2:01.8,ハナ,73.7,12.0,472(-2),[西] 本田優,202401010506
9,4,7,ダイユウファリーナ,牡3,57.0,斎藤新,2:02.0,1.1/4,89.4,13.0,482(0),[東] 松永康利,202401010506
10,2,3,ガルバナム,牡3,57.0,鮫島克駿,2:02.1,クビ,69.6,11.0,470(-8),[西] 渡辺薫彦,202401010506
11,5,9,ソウルプラウド,牡3,57.0,菱田裕二,2:02.1,ハナ,32.8,8.0,482(+8),[西] 高橋亮,202401010506
12,7,13,ヒナノマーチス,牡3,55.0,小林勝太,2:02.3,1,314.7,16.0,440(+10),[東] 本間忍,202401010506
13,7,14,シュプリームアロー,牡3,54.0,高杉吏麒,2:02.4,3/4,56.1,9.0,460(-4),[西] 藤野健太,202401010506
14,5,10,アンリトゥンルール,牡3,57.0,永野猛蔵,2:03.1,4,60.1,10.0,478(-10),[東] 栗田徹,202401010506
15,4,8,ヴィーケン,牡3,57.0,富田暁,2:03.3,1.1/4,157.1,15.0,484(-8),[西] 高橋康之,202401010506
16,3,6,ゴールドモーション,牡3,57.0,横山和生,2:04.8,9,23.4,7.0,466(0),[東] 村田一誠,202401010506
1,3,3,セッテイロク,牝3,51.0,高杉吏麒,0:59.1,,1.4,1.0,440(+6),[東] 竹内正洋,202401010507
2,4,4,ヨドノゴールド,牡6,58.0,横山武史,0:59.3,1.1/4,6.5,2.0,470(0),[西] 西園正都,202401010507
3,8,10,シンゼンシャイン,牡6,55.0,川端海翼,0:59.4,アタマ,21.3,5.0,508(-6),[西] 飯田祐史,202401010507
4,1,1,スイッチオン,牡4,58.0,大野拓弥,0:59.4,アタマ,31.0,8.0,488(-2),[東] 小手川準,202401010507
5,7,8,カップッチョ,牡7,58.0,黛弘人,0:59.5,1/2,34.9,9.0,490(-2),[東] 石毛善彦,202401010507
6,8,11,バッファローライズ,牡3,56.0,永野猛蔵,0:59.7,1.1/4,7.5,3.0,512(+4),[東] 伊藤圭三,202401010507
7,2,2,サイモンカーチス,牡5,58.0,古川吉洋,0:59.8,1/2,194.2,10.0,494(-2),[西] 梅田智之,202401010507
8,6,7,トリオーレ,牡4,58.0,横山和生,0:59.9,1/2,29.5,7.0,486(+14),[東] 嘉藤貴行,202401010507
9,6,6,ゴルデールスカー,牡4,58.0,池添謙一,1:00.0,1/2,26.9,6.0,464(-4),[西] 大久保龍,202401010507
10,5,5,ミニマルデザイン,牝3,54.0,丹内祐次,1:00.1,1/2,12.7,4.0,466(0),[東] 岩戸孝樹,202401010507
11,7,9,サンマルリアン,牝4,52.0,古川奈穂,1:00.6,3,205.4,11.0,442(+8),[東] 土田稔,202401010507
1,1,1,ホウオウプロサンゲ,牡3,55.0,菱田裕二,1:47.4,,3.6,2.0,482(0),[西] 矢作芳人,202401010508
2,2,2,マルカオペラ,牝3,53.0,北村友一,1:47.8,2.1/2,28.6,7.0,460(-10),[西] 浜田多実,202401010508
3,4,4,コスモブッドレア,牡3,55.0,横山武史,1:47.8,ハナ,2.2,1.0,480(-2),[東] 小野次郎,202401010508
4,8,13,エルフストラック,牝3,53.0,横山和生,1:48.0,1.1/4,4.1,3.0,482(-2),[西] 中村直也,202401010508
5,6,9,フルレゾン,牝3,53.0,西村淳也,1:48.2,1.1/4,17.2,5.0,444(+14),[西] 池添学,202401010508
6,7,11,デアパーディタ,牝3,50.0,高杉吏麒,1:48.2,クビ,61.8,8.0,428(-6),[東] 武井亮,202401010508
7,7,10,マイバラード,牡4,58.0,丹内祐次,1:48.3,クビ,10.2,4.0,462(-6),[東] 松永康利,202401010508
8,3,3,レイワサンサン,牡3,55.0,浜中俊,1:48.4,1,23.0,6.0,498(0),[西] 高柳大輔,202401010508
9,4,5,ジーティーエイト,牡3,55.0,丸山元気,1:48.7,2,234.3,13.0,502(-4),[西] 畑端省吾,202401010508
10,6,8,クインズステラ,牝5,53.0,長浜鴻緒,1:48.8,3/4,62.2,9.0,466(0),[東] 池上昌和,202401010508
11,5,7,アスクメークシェア,牡4,58.0,古川吉洋,1:49.2,2,193.9,12.0,472(-2),[西] 河内洋,202401010508
12,5,6,ジーティーポライト,牝3,53.0,黛弘人,1:49.6,2.1/2,121.0,11.0,456(-4),[東] 菊沢隆徳,202401010508
13,8,12,プリンスノット,牡4,58.0,岩田康誠,1:50.1,3,118.3,10.0,482(+4),[西] 小椋研介,202401010508
1,1,1,ブルーミンデザイン,牡3,55.0,浜中俊,1:28.5,,6.2,2.0,466(+2),[西] 宮本博,202401010509
2,8,14,アンドアイラヴハー,牝3,53.0,横山武史,1:28.5,ハナ,1.9,1.0,476(-2),[東] 田村康仁,202401010509
3,4,6,ハーエクセレンシー,牝4,56.0,佐々木大,1:28.8,1.1/2,8.5,4.0,432(0),[東] 大和田成,202401010509
4,2,2,シャイニースイフト,牡4,58.0,丹内祐次,1:29.0,1.1/4,18.6,8.0,432(-4),[東] 菊川正達,202401010509
5,6,9,テリオスルル,牝3,53.0,古川吉洋,1:29.1,3/4,18.3,7.0,478(+4),[東] 田島俊明,202401010509
6,4,5,イコノスタシス,牝4,56.0,藤岡佑介,1:29.1,ハナ,17.5,6.0,492(+6),[東] 古賀慎明,202401010509
7,3,3,セレスト,牡3,55.0,川端海翼,1:29.2,3/4,163.9,13.0,432(-2),[西] 羽月友彦,202401010509
8,7,11,カイコウ,セ3,55.0,永野猛蔵,1:29.2,ハナ,63.5,11.0,462(+6),[東] 田島俊明,202401010509
9,8,13,ルクスノア,牝3,53.0,武豊,1:29.3,1/2,7.9,3.0,468(+14),[西] 平田修,202401010509
10,7,12,スイーツバイキング,牝4,56.0,鮫島克駿,1:29.3,クビ,60.4,10.0,454(-4),[東] 大竹正博,202401010509
11,5,7,インペリアルコート,牝4,56.0,斎藤新,1:29.3,ハナ,136.3,12.0,446(-4),[東] 鹿戸雄一,202401010509
12,5,8,メイショウオオミネ,牡4,58.0,富田暁,1:29.3,ハナ,179.2,14.0,440(-2),[西] 石橋守,202401010509
13,3,4,ヴィヴァクラウン,牡3,55.0,大野拓弥,1:29.5,3/4,15.9,5.0,478(+16),[東] 杉浦宏昭,202401010509
14,6,10,セレスティアリティ,牝4,56.0,西村淳也,1:29.5,アタマ,23.2,9.0,478(+12),[西] 西村真幸,202401010509
1,3,4,ゲットアップ,セ6,55.0,古川吉洋,1:45.1,,11.5,7.0,476(-8),[東] 牧光二,202401010510
2,8,13,パフ,牡3,54.0,鮫島克駿,1:45.7,3.1/2,3.2,1.0,474(-2),[西] 橋口慎介,202401010510
3,4,5,デルマオシダシ,牝4,52.0,横山琉人,1:46.1,2.1/2,104.1,14.0,468(+4),[東] 鈴木慎太,202401010510
4,5,7,オールマキシマム,牝4,53.0,永野猛蔵,1:46.1,ハナ,9.1,6.0,444(-4),[東] 奥平雅士,202401010510
5,2,2,クロースコンバット,牡5,55.0,丹内祐次,1:46.1,クビ,8.0,4.0,490(-12),[東] 青木孝文,202401010510
6,3,3,クリノグローリー,牡4,57.0,小林勝太,1:46.5,2.1/2,5.6,2.0,486(+4),[西] 谷潔,202401010510
7,6,10,アレクサ,牡4,56.0,斎藤新,1:46.6,1/2,7.0,3.0,500(0),[東] 斎藤誠,202401010510
8,4,6,ティアップリオン,牡6,56.0,菱田裕二,1:46.9,1.3/4,28.5,9.0,486(+2),[東] 奥平雅士,202401010510
9,8,14,サヴァビアン,牡6,55.0,小林凌大,1:47.2,1.3/4,53.9,12.0,436(0),[西] 羽月友彦,202401010510
10,1,1,ショウナンカブト,牡4,57.0,岩田康誠,1:47.4,1.1/4,8.9,5.0,556(+20),[東] 戸田博文,202401010510
11,5,8,フィールザワールド,牡6,56.0,横山和生,1:47.6,1.1/4,37.7,10.0,476(-8),[東] 岩戸孝樹,202401010510
12,7,11,タガノチョコラータ,牝4,53.0,浜中俊,1:47.9,2,14.9,8.0,500(-2),[西] 角田晃一,202401010510
13,7,12,スズカルビコン,牡6,55.0,黛弘人,1:48.2,1.1/2,54.6,13.0,516(+4),[東] 堀内岳志,202401010510
14,6,9,ベイパーコーン,セ5,55.0,佐々木大,1:49.3,7,52.6,11.0,470(+6),[西] 鈴木孝志,202401010510
1,6,8,ショウナンバシット,牡4,57.0,佐々木大,2:38.9,,8.4,6.0,498(-2),[西] 須貝尚介,202401010511
2,7,9,フルール,牝4,55.0,大野拓弥,2:39.2,2,7.1,4.0,490(+10),[東] 上原佑紀,202401010511
3,5,5,キミノナハマリア,牝4,55.0,鮫島克駿,2:39.3,3/4,5.0,2.0,508(0),[西] 千田輝彦,202401010511
4,4,4,サトノエルドール,牡8,58.0,丸山元気,2:39.5,1,106.0,11.0,474(-8),[東] 国枝栄,202401010511
5,5,6,プラチナトレジャー,牡6,57.0,永野猛蔵,2:39.5,クビ,13.7,7.0,480(0),[東] 国枝栄,202401010511
6,6,7,マカオンドール,牡6,57.0,菱田裕二,2:40.0,2.1/2,15.7,8.0,500(+10),[西] 今野貞一,202401010511
7,7,10,アドマイヤハレー,牡6,57.0,丹内祐次,2:40.2,1.1/4,5.4,3.0,472(-6),[東] 宮田敬介,202401010511
8,2,2,アドマイヤビルゴ,牡7,60.0,武豊,2:40.2,アタマ,27.5,10.0,440(-4),[西] 友道康夫,202401010511
9,8,12,セファーラジエル,牡6,57.0,西村淳也,2:40.9,4,22.2,9.0,526(-6),[西] 高柳大輔,202401010511
10,8,11,ディナースタ,牡5,57.0,藤岡佑介,2:41.2,2,3.9,1.0,472(0),[西] 辻野泰之,202401010511
11,1,1,シルキーヴォイス,牡6,57.0,水口優也,2:42.1,5,148.3,12.0,492(0),[西] 池江泰寿,202401010511
12,3,3,タイムオブフライト,牡5,57.0,岩田康誠,2:43.6,9,7.7,5.0,446(+10),[西] 辻野泰之,202401010511
1,5,7,クォーツァイト,牝3,53.0,斎藤新,1:45.3,,10.7,3.0,466(0),[東] 斎藤誠,202401010512
2,4,5,ヴァルドルチャ,牡3,55.0,北村友一,1:45.4,1/2,10.7,4.0,446(0),[東] 田中博康,202401010512
3,3,3,ロードブレイズ,牡3,55.0,横山和生,1:45.5,クビ,2.8,2.0,494(+10),[東] 稲垣幸雄,202401010512
4,8,13,ベント,セ3,55.0,富田暁,1:46.0,3,18.6,7.0,424(0),[西] 小崎憲,202401010512
5,6,9,エイブラムス,牡3,53.0,小林勝太,1:46.1,3/4,31.1,9.0,470(+6),[東] 鈴木慎太,202401010512
6,4,6,ポルポラジール,牡3,55.0,藤岡佑介,1:46.4,1.3/4,2.6,1.0,510(0),[西] 新谷功一,202401010512
7,1,1,チョッピー,牝5,56.0,菱田裕二,1:46.6,1.1/2,143.9,14.0,468(-2),[西] 北出成人,202401010512
8,6,10,ウッドショック,牡5,55.0,長浜鴻緒,1:46.7,3/4,86.7,12.0,512(0),[東] 杉浦宏昭,202401010512
9,7,12,スペイドアン,牡3,55.0,丹内祐次,1:47.1,2,14.7,6.0,486(-2),[東] 加藤士津,202401010512
10,7,11,ドンアレス,牡3,52.0,高杉吏麒,1:47.4,1.3/4,14.3,5.0,472(-8),[西] 牧浦充徳,202401010512
11,2,2,フェスティヴビーム,牡4,55.0,川端海翼,1:47.4,ハナ,99.2,13.0,462(+2),[東] 畠山吉宏,202401010512
12,3,4,ナイトスピアー,牡4,58.0,横山武史,1:47.8,2.1/2,44.7,10.0,494(+22),[東] 小野次郎,202401010512
13,5,8,ジェンマ,牡3,55.0,黛弘人,1:47.8,クビ,47.1,11.0,476(+4),[東] 尾形和幸,202401010512
14,8,14,トニトゥルス,牡4,58.0,永野猛蔵,1:48.0,1,25.8,8.0,482(0),[東] 新開幸一,202401010512
1,6,10,ベルベルコンパス,牡2,55.0,北村友一,1:47.5,,1.1,1.0,522(0),[西] 小栗実,202401010601
2,4,6,ラストレガシー,牡2,55.0,丹内祐次,1:48.3,5,9.0,2.0,480(-2),[東] 手塚貴久,202401010601
3,4,5,トリプレーテ,牡2,55.0,富田暁,1:48.7,2.1/2,26.6,5.0,474(0),[西] 武英智,202401010601
4,2,2,ハヤテノツバサ,牡2,55.0,西村淳也,1:49.0,2,56.1,8.0,492(-4),[西] 杉山佳明,202401010601
5,3,3,アンズアメ,牝2,55.0,鮫島克駿,1:49.3,1.1/2,13.5,3.0,472(+2),[西] 高柳大輔,202401010601
6,8,14,ケイアイブイスリー,牡2,55.0,横山武史,1:49.9,3.1/2,18.3,4.0,436(-4),[西] 平田修,202401010601
7,8,13,ポルタフェリーチェ,牝2,55.0,浜中俊,1:50.6,4,40.3,7.0,454(+12),[西] 長谷川浩,202401010601
8,6,9,アルデツヨシ,牡2,55.0,池添謙一,1:50.9,1.3/4,157.4,12.0,476(+4),[東] 田中剛,202401010601
9,3,4,ヤマノインパクト,牡2,55.0,永野猛蔵,1:51.1,1,130.2,10.0,452(+6),[東] 本間忍,202401010601
10,1,1,コパノキュラソー,牡2,55.0,古川吉洋,1:51.4,1.3/4,318.1,14.0,510(+2),[西] 宮徹,202401010601
11,5,7,ロザリアン,牝2,55.0,和田翼,1:51.4,アタマ,133.3,11.0,456(+2),[西] 谷潔,202401010601
12,7,11,ラインアルテミス,牝2,55.0,小林凌大,1:51.8,2.1/2,110.3,9.0,514(-6),[東] 武藤善則,202401010601
13,7,12,イフウドウドウ,牡2,55.0,武豊,1:54.6,大,38.0,6.0,502(-14),[西] 角田晃一,202401010601
14,5,8,アディクテッドラン,牡2,52.0,長浜鴻緒,1:55.5,5,223.7,13.0,472(-8),[西] 新谷功一,202401010601
1,7,9,キャンドルマス,牡3,57.0,北村友一,0:59.2,,7.2,3.0,480(+2),[西] 小崎憲,202401010602
2,7,10,ハッピーダンス,牝3,52.0,高杉吏麒,0:59.5,1.3/4,2.0,1.0,458(+6),[西] 茶木太樹,202401010602
3,6,8,モズマサニャン,牡3,57.0,岩田康誠,0:59.7,1.1/2,27.2,7.0,452(+2),[東] 加藤征弘,202401010602
4,5,5,ココモローズ,牝3,52.0,長浜鴻緒,1:00.0,1.3/4,10.2,5.0,422(-8),[東] 高木登,202401010602
5,2,2,ケイアイカペラ,牡3,57.0,小崎綾也,1:00.1,1,29.0,8.0,502(-8),[西] 新谷功一,202401010602
6,3,3,ラブリーサイン,牝3,55.0,浜中俊,1:00.2,1/2,4.8,2.0,504(+10),[西] 牧浦充徳,202401010602
7,4,4,ボエーム,牡3,57.0,小林凌大,1:00.5,1.1/2,35.6,10.0,432(0),[東] 石栗龍彦,202401010602
8,8,12,グレッソネイ,牡3,54.0,川端海翼,1:00.5,クビ,31.8,9.0,526(+6),[西] 高野友和,202401010602
9,1,1,ラブリエスト,牝3,55.0,佐々木大,1:01.1,3.1/2,17.6,6.0,488(+10),[東] 土田稔,202401010602
10,8,11,ハクサンアップル,牝3,55.0,永野猛蔵,1:01.4,2,195.6,11.0,444(+6),[東] 新開幸一,202401010602
11,5,6,ノブノリッキー,牡3,55.0,小林勝太,1:02.2,5,7.7,4.0,514(-4),[東] 中舘英二,202401010602
中,6,7,ダンツニーヴァ,牡3,57.0,和田翼,,,200.6,12.0,546(-12),[西] 谷潔,202401010602
1,1,1,スプリングデイ,牝3,55.0,黛弘人,1:10.1,,23.5,9.0,434(0),[東] 伊藤大士,202401010603
2,3,6,アムールリーベ,牝3,55.0,荻野琢真,1:10.1,ハナ,6.1,3.0,482(-6),[西] 友道康夫,202401010603
3,4,8,グランテレーズ,牝3,55.0,鮫島克駿,1:10.2,3/4,3.2,1.0,448(+6),[西] 渡辺薫彦,202401010603
4,7,13,ロンフォン,牝3,55.0,永野猛蔵,1:10.3,クビ,22.6,8.0,424(+4),[東] 久保田貴,202401010603
5,8,16,カチヌキマリコ,牝3,55.0,大野拓弥,1:10.3,アタマ,8.2,4.0,414(+2),[東] 天間昭一,202401010603
6,6,12,コスモララバイ,牝3,55.0,丹内祐次,1:10.3,クビ,15.9,7.0,412(0),[西] 吉田直弘,202401010603
7,1,2,マコトジャーベ,牝3,55.0,横山和生,1:10.4,1/2,15.5,6.0,482(+6),[西] 昆貢,202401010603
8,2,4,リュサントノレ,牝3,55.0,武豊,1:10.4,ハナ,4.2,2.0,444(0),[西] 音無秀孝,202401010603
9,8,15,ピーエムドレミ,牝3,55.0,佐々木大,1:10.4,ハナ,8.5,5.0,404(+14),[東] 和田正一,202401010603
10,7,14,スマイルアクセス,牝3,55.0,菱田裕二,1:10.6,1.1/4,107.0,13.0,458(+10),[東] 萱野浩二,202401010603
11,3,5,ドレッド,牡3,57.0,岩田康誠,1:10.8,1.1/4,28.2,10.0,464(0),[東] 栗田徹,202401010603
12,2,3,コスモリダッシュ,牡3,54.0,高杉吏麒,1:10.9,1/2,97.6,12.0,478(0),[東] 小笠倫弘,202401010603
13,6,11,アルーリングソレル,牝3,51.0,古川奈穂,1:11.6,4,193.1,15.0,458(+8),[西] 渡辺薫彦,202401010603
14,5,10,ヤマニントリル,牝3,55.0,伊藤工真,1:11.7,1/2,400.5,16.0,408(+6),[東] 千葉直人,202401010603
15,5,9,コスモマチュアー,牝3,53.0,小林勝太,1:11.9,1.1/4,187.8,14.0,480(-6),[東] 松山将樹,202401010603
16,4,7,メイショウマサユメ,牝3,52.0,川端海翼,1:12.3,2,34.9,11.0,462(-2),[西] 角田晃一,202401010603
1,1,1,ソルアマゾン,牡3,57.0,石川倭,1:47.5,,43.5,9.0,456(-2),[西] 小栗実,202401010604
2,5,7,ドゥザキャッチ,牝3,52.0,長浜鴻緒,1:47.6,クビ,32.2,7.0,450(-4),[東] 田中博康,202401010604
3,4,6,フィアマフルミネ,牝3,55.0,横山和生,1:47.8,1.1/2,72.5,11.0,424(-4),[西] 飯田祐史,202401010604
4,4,5,プラムダンディ,牡3,55.0,小林勝太,1:48.8,6,2.4,1.0,448(+2),[東] 尾形和幸,202401010604
5,6,10,リゼルージュセリエ,牡3,54.0,川端海翼,1:48.9,1/2,208.8,14.0,496(+2),[東] 松山将樹,202401010604
6,3,4,オウケンヴィーナス,牝3,55.0,川又賢治,1:49.4,3,92.2,12.0,402(-2),[東] 宮田敬介,202401010604
7,8,13,クラウンクーロン,牡3,57.0,丹内祐次,1:49.4,ハナ,3.2,2.0,446(+4),[東] 牧光二,202401010604
8,2,2,ミヤビエクセレント,牝3,54.0,横山琉人,1:49.6,1,9.4,4.0,480(+10),[東] 小島茂之,202401010604
9,7,12,ディアマンドロップ,牝3,55.0,西村淳也,1:49.9,2,17.0,6.0,470(+6),[東] 小手川準,202401010604
10,8,14,エムバランス,牡3,57.0,富田暁,1:50.6,4,37.9,8.0,480(+10),[西] 西園翔太,202401010604
11,6,9,ワカメチャン,牝3,55.0,永野猛蔵,1:50.6,アタマ,15.4,5.0,492(+16),[東] 鈴木慎太,202401010604
12,7,11,ブリッジワン,牝3,55.0,菱田裕二,1:51.0,2.1/2,110.0,13.0,452(+2),[西] 武英智,202401010604
13,5,8,ノルディア,牝3,55.0,丸山元気,1:52.2,7,5.7,3.0,468(+10),[東] 金成貴史,202401010604
14,3,3,オーヴァーザトップ,牡3,57.0,黛弘人,1:53.1,5,59.7,10.0,482(+4),[東] 伊藤伸一,202401010604
1,7,7,アルマヴェローチェ,牝2,55.0,横山武史,1:51.9,,3.9,2.0,482(0),[西] 上村洋行,202401010605
2,5,5,リアンベーレ,牡2,55.0,武豊,1:51.9,クビ,1.6,1.0,498(0),[東] 手塚貴久,202401010605
3,2,2,レイラインシチー,牡2,55.0,永野猛蔵,1:52.0,3/4,20.4,4.0,458(0),[東] 伊藤圭三,202401010605
4,8,8,ノースタンダード,牡2,55.0,横山和生,1:52.8,5,4.3,3.0,526(0),[東] 栗田徹,202401010605
5,4,4,ブラックレーション,牡2,55.0,丸山元気,1:53.5,4,23.3,5.0,506(0),[西] 本田優,202401010605
6,3,3,ダイウン,牡2,52.0,川端海翼,1:53.7,3/4,90.4,8.0,524(0),[東] 加藤和宏,202401010605
7,6,6,ブギウギウギ,牝2,55.0,古川吉洋,1:54.3,3.1/2,42.9,6.0,478(0),[西] 昆貢,202401010605
8,1,1,ジルクン,牡2,53.0,小林勝太,1:55.5,7,52.8,7.0,394(0),[東] 鈴木慎太,202401010605
1,6,9,テイキットイージー,牡3,57.0,丹内祐次,2:43.8,,5.7,4.0,430(-2),[東] 萱野浩二,202401010606
2,3,3,タルタロス,牡3,57.0,黛弘人,2:43.9,1/2,5.4,3.0,454(+10),[東] 森一誠,202401010606
3,4,5,ショウナンガチ,牡3,57.0,池添謙一,2:43.9,クビ,31.5,7.0,508(+2),[西] 須貝尚介,202401010606
4,7,11,シングルハーテッド,牝3,52.0,高杉吏麒,2:44.2,2,47.8,10.0,436(+12),[西] 吉岡辰弥,202401010606
5,7,12,アークドール,牡3,57.0,武豊,2:44.4,1,3.5,1.0,448(+8),[西] 松永幹夫,202401010606
6,6,10,レイフロレット,牝3,55.0,岩田康誠,2:44.5,クビ,11.0,6.0,404(+32),[東] 黒岩陽一,202401010606
7,3,4,ピエスダルジャン,牡3,57.0,鮫島克駿,2:44.7,1.1/2,6.0,5.0,444(-4),[西] 茶木太樹,202401010606
8,1,1,コンドライト,牡3,57.0,横山武史,2:44.9,3/4,4.7,2.0,476(+2),[東] 菊沢隆徳,202401010606
9,5,7,グランドブレーカー,牡3,55.0,小林勝太,2:44.9,ハナ,119.3,13.0,506(-10),[東] 西田雄一,202401010606
10,8,14,サーブザミッション,牡3,57.0,永野猛蔵,2:45.3,2.1/2,182.9,14.0,456(+10),[西] 吉村圭司,202401010606
11,5,8,ユーキャンドゥイッ,牡3,57.0,斎藤新,2:45.7,2.1/2,47.3,9.0,460(-2),[西] 池江泰寿,202401010606
12,2,2,ホームアンドドライ,牡3,57.0,亀田温心,2:45.8,クビ,51.7,11.0,478(+2),[西] 高柳大輔,202401010606
13,4,6,マイネルガンナー,牡3,57.0,佐々木大,2:46.6,5,32.1,8.0,470(+8),[東] 畠山吉宏,202401010606
14,8,13,シビックシャルル,牡3,57.0,菱田裕二,2:52.4,大,118.3,12.0,448(+4),[西] 高橋義忠,202401010606
1,5,7,タマモプルメリア,牝3,50.0,高杉吏麒,1:46.6,,10.1,5.0,458(+8),[西] 大橋勇樹,202401010607
2,8,12,サウンドアレグリア,牝3,53.0,武豊,1:46.9,1.3/4,2.0,1.0,496(0),[西] 武英智,202401010607
3,2,2,ヤエベニシダレ,牝4,54.0,小林勝太,1:47.2,2,160.4,12.0,460(+2),[西] 梅田智之,202401010607
4,1,1,イッツオンリーユー,牝4,56.0,佐々木大,1:47.5,1.3/4,10.3,6.0,476(+2),[東] 矢嶋大樹,202401010607
5,4,5,オーロヴェール,牝3,53.0,浜中俊,1:47.6,1/2,5.5,2.0,484(+4),[西] 田中克典,202401010607
6,7,11,カフェノワール,牝4,56.0,西村淳也,1:47.6,クビ,17.1,7.0,478(+2),[西] 池江泰寿,202401010607
7,6,8,クラヴィコード,牝3,53.0,鮫島克駿,1:47.6,ハナ,58.2,9.0,490(+10),[西] 中村直也,202401010607
8,3,3,フェルンマンボ,牝5,56.0,横山武史,1:48.0,2,7.2,3.0,470(-4),[西] 辻野泰之,202401010607
9,8,13,レイクスター,牝3,53.0,横山和生,1:48.0,クビ,8.9,4.0,494(+14),[西] 上村洋行,202401010607
10,7,10,トウロウノオノ,牝4,53.0,長浜鴻緒,1:48.1,1/2,166.0,13.0,438(-4),[東] 竹内正洋,202401010607
11,6,9,シュニー,牝4,56.0,小崎綾也,1:48.3,1.1/4,103.8,10.0,472(+30),[西] 小崎憲,202401010607
12,5,6,レジュークレール,牝4,56.0,永野猛蔵,1:48.9,4,150.7,11.0,444(+10),[東] 青木孝文,202401010607
13,4,4,サンセットブライト,牝3,52.0,横山琉人,1:49.5,3.1/2,39.9,8.0,512(+4),[東] 相沢郁,202401010607
1,4,4,ハヤテノフクノスケ,牡3,55.0,鮫島克駿,2:01.5,,2.4,1.0,514(+2),[西] 中村直也,202401010608
2,6,6,コスモレオナルド,牡3,55.0,横山武史,2:02.0,3,6.0,3.0,452(0),[東] 鹿戸雄一,202401010608
3,1,1,マイネルフランツ,牡3,55.0,丹内祐次,2:02.6,3.1/2,2.9,2.0,482(-4),[東] 和田正一,202401010608
4,7,7,ユイノオトコヤマ,牡4,58.0,黛弘人,2:02.7,1,98.6,8.0,474(+4),[東] 深山雅史,202401010608
5,5,5,ソウルアンドジャズ,牡3,55.0,富田暁,2:03.2,3,11.9,6.0,488(-10),[東] 武井亮,202401010608
6,8,9,ダイヤモンドレイン,牝3,53.0,池添謙一,2:03.3,3/4,8.4,4.0,496(+2),[西] 池添学,202401010608
7,3,3,サルヴィアーノ,牝3,53.0,横山和生,2:03.7,2.1/2,11.1,5.0,488(+4),[東] 栗田徹,202401010608
8,7,8,マイネルヒッツェ,牡6,55.0,高杉吏麒,2:03.9,1.1/4,68.6,7.0,480(+4),[東] 粕谷昌央,202401010608
9,2,2,キングリスティア,セ8,58.0,古川吉洋,2:04.0,クビ,205.1,10.0,518(+2),[西] 河内洋,202401010608
10,8,10,チャイボーグ,牝4,53.0,長浜鴻緒,2:04.4,2.1/2,134.6,9.0,476(+4),[東] 的場均,202401010608
1,7,11,エリダヌス,牝4,56.0,横山武史,1:49.2,,4.6,1.0,494(+2),[東] 青木孝文,202401010609
2,2,2,エグランタイン,牝5,56.0,鮫島克駿,1:49.2,アタマ,7.9,5.0,450(-2),[西] 笹田和秀,202401010609
3,3,3,ユイ,牝5,56.0,富田暁,1:49.5,1.1/2,31.2,10.0,456(0),[西] 高橋康之,202401010609
4,4,5,マチカゼ,牡4,58.0,武豊,1:49.6,1/2,5.9,2.0,484(+2),[西] 杉山晴紀,202401010609
5,5,7,ピンクジン,牝4,56.0,黛弘人,1:49.6,クビ,10.9,7.0,444(+4),[東] 南田美知,202401010609
6,7,12,アマイ,牝4,56.0,永野猛蔵,1:49.6,ハナ,6.3,4.0,456(+2),[東] 伊藤大士,202401010609
7,4,6,ノレッジビューティ,牝4,56.0,岩田康誠,1:49.7,1/2,12.9,8.0,446(-8),[西] 上村洋行,202401010609
8,1,1,テイデ,セ6,58.0,佐々木大,1:49.8,1/2,6.0,3.0,464(-10),[東] 堀宣行,202401010609
9,6,10,スカイフォール,牡5,58.0,丹内祐次,1:49.9,クビ,7.9,6.0,482(-6),[西] 昆貢,202401010609
10,3,4,マンクスホップ,牝5,56.0,斎藤新,1:50.1,1.1/4,52.0,12.0,458(0),[西] 小椋研介,202401010609
11,8,13,コパノアントニオ,牡3,55.0,高杉吏麒,1:50.3,1.1/2,93.1,13.0,470(-2),[西] 梅田智之,202401010609
12,8,14,ナリタザクラ,牡7,58.0,横山和生,1:50.4,3/4,50.9,11.0,504(+4),[西] 高橋亮,202401010609
13,5,8,スカーズ,牡4,58.0,浜中俊,1:50.4,ハナ,26.0,9.0,482(0),[西] 武幸四郎,202401010609
14,6,9,ヴァンルーラー,牝5,56.0,小林勝太,1:50.5,1/2,138.8,14.0,454(0),[西] 河嶋宏樹,202401010609
1,4,8,コナブラック,牡5,58.0,亀田温心,1:09.3,,10.5,6.0,516(+2),[西] 清水久詞,202401010610
2,5,10,マルプリ,牝4,56.0,斎藤新,1:09.3,クビ,59.4,14.0,460(+2),[東] 青木孝文,202401010610
3,5,9,ミズノコキュウ,牝5,56.0,丹内祐次,1:09.4,3/4,5.2,2.0,432(+4),[東] 水野貴広,202401010610
4,7,14,ヴィアドロローサ,牡5,58.0,北村友一,1:09.6,1.1/4,42.9,13.0,448(-12),[西] 高橋一哉,202401010610
5,6,12,ロゼクラン,牝6,56.0,荻野琢真,1:09.6,ハナ,34.8,12.0,446(+2),[西] 藤沢則雄,202401010610
6,4,7,ゴキゲンサン,牝4,56.0,永野猛蔵,1:09.6,ハナ,59.7,15.0,498(0),[東] 伊藤大士,202401010610
7,6,11,オルフェスト,牝4,56.0,丸山元気,1:09.7,クビ,10.0,5.0,436(-14),[東] 池上昌和,202401010610
8,1,1,カイカノキセキ,牝5,56.0,西村淳也,1:09.7,ハナ,13.7,7.0,504(+6),[西] 高橋一哉,202401010610
9,7,13,ゴルトリッチ,牡4,58.0,横山武史,1:09.7,クビ,4.7,1.0,508(+2),[西] 牧浦充徳,202401010610
10,3,6,ポルタフォルトゥナ,牝5,56.0,古川吉洋,1:09.7,ハナ,19.2,9.0,478(+4),[東] 土田稔,202401010610
11,2,4,スイミーユニバンス,牝4,56.0,武豊,1:09.9,1,6.8,4.0,440(-2),[西] 平田修,202401010610
12,8,16,アップストローク,セ5,58.0,大野拓弥,1:10.0,3/4,27.4,10.0,454(-6),[東] 杉浦宏昭,202401010610
13,3,5,アンビバレント,牡4,58.0,菱田裕二,1:10.1,クビ,33.0,11.0,466(+2),[西] 藤野健太,202401010610
14,8,15,ヤマニンアストロン,牡3,56.0,浜中俊,1:10.1,クビ,6.5,3.0,470(-8),[西] 石橋守,202401010610
15,1,2,トリップトゥムーン,牡5,58.0,佐々木大,1:10.7,3.1/2,59.7,16.0,442(-4),[西] 新谷功一,202401010610
16,2,3,スムースベルベット,牝4,56.0,黛弘人,1:11.1,2,16.5,8.0,492(+2),[東] 手塚貴久,202401010610
1,6,9,ペイシャエス,牡5,58.0,横山和生,1:44.0,,9.8,5.0,500(0),[東] 小西一男,202401010611
2,6,10,ドゥラエレーデ,牡4,57.0,武豊,1:44.1,クビ,3.4,1.0,522(0),[西] 池添学,202401010611
3,7,12,テーオードレフォン,牡5,57.0,丸山元気,1:44.3,1.1/4,26.0,10.0,496(0),[西] 梅田智之,202401010611
4,5,8,シルトプレ,牡5,57.0,石川倭,1:44.7,2.1/2,54.4,12.0,472(-10),[地] 米川昇,202401010611
5,5,7,ミトノオー,牡4,58.0,松山弘平,1:44.8,3/4,5.1,3.0,506(-12),[東] 牧光二,202401010611
6,3,3,ヴィクティファルス,セ6,58.0,池添謙一,1:44.9,クビ,43.3,11.0,480(-12),[西] 池添学,202401010611
7,8,14,プロミストウォリア,牡7,58.0,西村淳也,1:45.1,1.1/2,7.4,4.0,526(-4),[西] 野中賢二,202401010611
8,3,4,ナチュラルハイ,牡4,57.0,永野猛蔵,1:45.2,3/4,4.9,2.0,466(-10),[東] 黒岩陽一,202401010611
9,8,13,ベルダーイメル,牡7,57.0,富田暁,1:45.3,1/2,23.9,9.0,464(-4),[西] 本田優,202401010611
10,1,1,フルム,牡5,57.0,水口優也,1:45.3,クビ,22.0,8.0,482(-12),[西] 浜田多実,202401010611
11,7,11,タガノクリステル,牝5,55.0,古川吉洋,1:45.6,1.1/2,156.5,14.0,500(+6),[西] 長谷川浩,202401010611
12,4,6,サヴァ,牡6,57.0,岩田康誠,1:45.8,1.1/2,11.2,6.0,530(-2),[西] 上村洋行,202401010611
13,4,5,ホウオウアマゾン,牡6,57.0,菱田裕二,1:46.1,1.3/4,86.2,13.0,524(+6),[西] 矢作芳人,202401010611
14,2,2,ユティタム,牡4,57.0,佐々木大,1:46.5,2.1/2,17.8,7.0,514(-6),[西] 須貝尚介,202401010611
1,8,15,ヒラボクミニー,牝3,54.0,横山武史,1:09.4,,12.6,6.0,480(+14),[東] 村田一誠,202401010612
2,4,8,ソルレース,牝3,54.0,北村友一,1:09.4,クビ,3.9,2.0,464(-6),[東] 田中博康,202401010612
3,3,6,ランスオブサウンド,牝4,56.0,藤岡佑介,1:09.4,アタマ,27.7,8.0,460(+10),[西] 奥村豊,202401010612
4,3,5,サンポーニャ,牝4,53.0,高杉吏麒,1:09.5,3/4,17.5,7.0,448(-2),[西] 池江泰寿,202401010612
5,7,14,ベアゴーゴー,牝3,54.0,大野拓弥,1:09.5,ハナ,4.7,3.0,492(+16),[東] 杉浦宏昭,202401010612
6,6,11,マテンロウアネモス,牝4,53.0,鷲頭虎太,1:09.6,クビ,30.9,11.0,434(+10),[東] 久保田貴,202401010612
7,2,4,マイレーヌ,牝4,56.0,斎藤新,1:09.6,クビ,27.8,9.0,500(-8),[東] 斎藤誠,202401010612
8,7,13,ラリベラ,牝5,56.0,菱田裕二,1:09.7,クビ,53.9,13.0,466(-6),[西] 藤野健太,202401010612
9,5,9,ダークブロンド,牝4,56.0,横山和生,1:09.8,1/2,10.0,4.0,432(0),[西] 高橋亮,202401010612
10,6,12,レディーエンジェル,牝3,54.0,松山弘平,1:09.9,1/2,48.0,12.0,474(-2),[西] 岡田稲男,202401010612
11,5,10,ソングフォーユー,牝5,56.0,鮫島克駿,1:09.9,ハナ,11.6,5.0,468(+6),[東] 上原博之,202401010612
12,2,3,ナムラシベラ,牝6,53.0,川端海翼,1:09.9,クビ,98.4,15.0,448(0),[西] 藤沢則雄,202401010612
13,1,1,ビアフォーナウ,牝3,54.0,小林凌大,1:10.0,1/2,29.0,10.0,442(+10),[東] 池上昌和,202401010612
14,1,2,ハレアカラフラ,牝4,56.0,武豊,1:10.0,アタマ,3.7,1.0,478(0),[西] 音無秀孝,202401010612
15,8,16,ソアラ,牝4,56.0,佐々木大,1:10.7,4,90.0,14.0,478(-6),[西] 高橋康之,202401010612
除,4,7,アンタノバラード,牝4,56.0,黛弘人,,,---,,442(-2),[東] 伊藤大士,202401010612
1,6,6,テリオスララ,牝2,55.0,鮫島克駿,1:49.4,,1.3,1.0,496(0),[東] 田島俊明,202401020101
2,3,3,マイユニバース,牡2,55.0,横山典弘,1:49.5,1/2,8.5,3.0,458(0),[西] 武幸四郎,202401020101
3,1,1,ウインベラーノ,牡2,55.0,丹内祐次,1:49.7,1.1/2,10.6,5.0,434(-2),[西] 宮徹,202401020101
4,2,2,ブルータス,牡2,55.0,武豊,1:50.0,1.3/4,6.4,2.0,446(0),[東] 高柳瑞樹,202401020101
5,5,5,プロフェータ,牡2,55.0,永野猛蔵,1:50.0,アタマ,55.2,7.0,452(+4),[東] 斎藤誠,202401020101
6,7,7,メイショウアゴナス,牡2,52.0,高杉吏麒,1:50.3,2,10.2,4.0,458(-8),[西] 本田優,202401020101
7,4,4,メテオレーナ,牝2,53.0,小林勝太,1:50.5,1,18.6,6.0,418(-2),[西] 中村直也,202401020101
1,8,13,セージグリーン,牝3,55.0,丹内祐次,1:46.6,,8.3,3.0,480(+4),[東] 菊川正達,202401020102
2,4,6,オテンバムスメ,牝3,53.0,小林勝太,1:47.2,3.1/2,2.6,1.0,442(0),[西] 北出成人,202401020102
3,6,9,メイショウコオロギ,牝3,55.0,大野拓弥,1:47.7,3,28.5,7.0,432(+4),[東] 和田勇介,202401020102
4,4,5,デイムサンライズ,牝3,52.0,高杉吏麒,1:47.7,クビ,2.7,2.0,440(0),[西] 牧浦充徳,202401020102
5,7,11,ミスティッククイン,牝3,55.0,鮫島克駿,1:48.4,4,8.3,4.0,488(+6),[西] 野中賢二,202401020102
6,1,1,サンネリネ,牝3,55.0,古川吉洋,1:49.1,4,15.6,6.0,452(-8),[西] 畑端省吾,202401020102
7,8,14,イッツナッシング,牝3,55.0,横山武史,1:49.5,2.1/2,10.7,5.0,428(-4),[東] 水野貴広,202401020102
8,7,12,ダズリングティアラ,牝3,55.0,荻野琢真,1:49.8,2,166.2,11.0,434(-2),[東] 西田雄一,202401020102
9,3,3,イングリッドローズ,牝3,51.0,古川奈穂,1:49.9,アタマ,97.8,10.0,410(0),[東] 加藤士津,202401020102
10,2,2,タウンホール,牝3,55.0,佐々木大,1:50.1,1.1/2,37.4,8.0,476(-6),[東] 和田勇介,202401020102
11,5,8,オンザジュピター,牝3,55.0,亀田温心,1:50.3,3/4,227.0,12.0,460(+2),[東] 大和田成,202401020102
12,5,7,ルミナスビューティ,牝3,55.0,小林凌大,1:50.5,1.1/4,273.7,14.0,444(0),[東] 粕谷昌央,202401020102
13,3,4,ヴァンショー,牝3,52.0,長浜鴻緒,1:51.4,5,61.6,9.0,478(+2),[東] 手塚貴久,202401020102
14,6,10,リート,牝3,52.0,川端海翼,1:53.7,大,266.7,13.0,448(-2),[西] 高橋一哉,202401020102
1,8,11,ミスターディジェイ,牡3,57.0,丹内祐次,0:59.9,,4.1,2.0,536(-4),[東] 清水英克,202401020103
2,3,3,ミルフルール,牝3,55.0,菱田裕二,1:00.1,1,11.1,7.0,478(+8),[東] 伊坂重信,202401020103
3,5,5,ディディット,牝3,55.0,佐々木大,1:00.3,1,8.0,5.0,444(+2),[西] 木原一良,202401020103
4,5,6,スキーサンダー,牝3,55.0,横山武史,1:00.3,ハナ,3.7,1.0,476(0),[東] 辻哲英,202401020103
5,8,12,キアロヴェローチェ,セ3,57.0,藤岡佑介,1:00.7,2.1/2,5.6,3.0,470(+4),[西] 武幸四郎,202401020103
6,6,8,マリノルージュ,牝3,55.0,亀田温心,1:00.8,クビ,44.0,9.0,462(-4),[東] 田島俊明,202401020103
7,7,9,ノーブルシャン,牝3,52.0,長浜鴻緒,1:00.8,アタマ,8.4,6.0,456(0),[東] 加藤征弘,202401020103
8,7,10,タマモアルタイル,牡3,57.0,武豊,1:00.8,アタマ,5.8,4.0,490(-4),[東] 水野貴広,202401020103
9,6,7,アマモト,牡3,57.0,大野拓弥,1:00.8,ハナ,161.3,11.0,468(-2),[東] 田村康仁,202401020103
10,2,2,ヒカルエリザベス,牝3,55.0,古川吉洋,1:01.0,3/4,110.0,10.0,462(-2),[東] 的場均,202401020103
11,1,1,ゴールドタリスマン,牝3,55.0,永野猛蔵,1:01.1,1/2,43.9,8.0,424(0),[東] 稲垣幸雄,202401020103
12,4,4,ビアメントブラスト,牝3,53.0,小林勝太,1:01.5,2.1/2,307.7,12.0,434(+6),[東] 本間忍,202401020103
1,1,1,ロードクロンヌ,牡3,57.0,藤岡佑介,1:46.1,,3.3,1.0,478(+2),[西] 四位洋文,202401020104
2,7,12,プルメリアクヒオ,牡3,54.0,長浜鴻緒,1:47.0,5,3.9,2.0,454(0),[東] 深山雅史,202401020104
3,6,10,エナアニマル,牡3,57.0,横山和生,1:47.7,4,5.6,4.0,452(+2),[西] 吉田直弘,202401020104
4,3,4,ペッシュプラット,牝3,55.0,小林凌大,1:48.9,7,543.1,14.0,418(+6),[東] 南田美知,202401020104
5,2,2,ナムラカメジロー,牡3,57.0,川又賢治,1:48.9,クビ,36.8,8.0,500(+2),[西] 杉山佳明,202401020104
6,6,9,メイショウハコブネ,牝3,55.0,古川吉洋,1:49.4,3,76.3,11.0,444(+2),[西] 千田輝彦,202401020104
7,5,7,ギャヴァガイ,牝3,52.0,高杉吏麒,1:49.4,アタマ,7.7,5.0,462(+10),[西] 中内田充,202401020104
8,7,11,アオレレ,牡3,57.0,佐々木大,1:49.4,ハナ,200.4,13.0,430(0),[西] 鈴木孝志,202401020104
9,3,3,ベレッタ,牡3,57.0,横山武史,1:49.4,クビ,5.0,3.0,436(-2),[東] 萩原清,202401020104
10,8,14,ノイヤー,牝3,55.0,菱田裕二,1:49.6,3/4,14.9,6.0,460(+2),[西] 高橋亮,202401020104
11,4,5,スリーボビー,牡3,57.0,永野猛蔵,1:49.8,1.1/2,23.2,7.0,482(0),[東] 伊藤圭三,202401020104
12,4,6,フェイマスグラース,牝3,51.0,古川奈穂,1:49.8,ハナ,63.6,9.0,478(+2),[西] 谷潔,202401020104
13,5,8,ココロノイロ,牝3,55.0,丹内祐次,1:52.0,大,154.8,12.0,482(-6),[東] 尾関知人,202401020104
14,8,13,ペプチドアーニャ,牝3,53.0,小林勝太,1:52.7,4,72.8,10.0,426(+14),[西] 畑端省吾,202401020104
1,1,1,クリノメイ,牝2,55.0,佐々木大,1:29.7,,3.2,2.0,444(0),[西] 須貝尚介,202401020105
2,5,5,ウォーターエアリー,牝2,55.0,武豊,1:29.8,1/2,3.2,1.0,414(0),[西] 高柳大輔,202401020105
3,6,6,レーヌマロン,牝2,55.0,鮫島克駿,1:30.2,2.1/2,3.7,3.0,446(0),[西] 小栗実,202401020105
4,2,2,ビービープリメーロ,牝2,55.0,菱田裕二,1:30.5,2,24.9,6.0,428(0),[西] 角田晃一,202401020105
5,3,3,ルパヴィヨン,牝2,55.0,大野拓弥,1:30.6,クビ,5.4,4.0,460(0),[東] 小手川準,202401020105
6,4,4,ブライアーヒル,牝2,55.0,横山和生,1:30.6,クビ,51.6,7.0,466(0),[西] 中尾秀正,202401020105
7,7,7,サードウインド,牝2,55.0,横山武史,1:31.0,2.1/2,7.9,5.0,440(0),[東] 西田雄一,202401020105
1,1,1,スピードリッチ,牡3,57.0,藤岡佑介,2:00.7,,2.1,1.0,480(-2),[西] 藤岡健一,202401020106
2,7,14,プロスペクト,牡3,57.0,横山和生,2:01.5,5,12.2,5.0,506(+4),[西] 須貝尚介,202401020106
3,5,9,ゴールデンスロープ,牡3,57.0,永野猛蔵,2:01.5,クビ,152.0,12.0,434(+6),[東] 小笠倫弘,202401020106
4,4,7,ヘザルフェン,牡3,57.0,横山典弘,2:01.6,クビ,3.3,2.0,496(+6),[西] 昆貢,202401020106
5,3,5,タイキジパング,牡3,55.0,小林勝太,2:01.7,3/4,43.5,10.0,482(+4),[東] 菊沢隆徳,202401020106
6,8,16,セーラス,牝3,55.0,佐々木大,2:02.0,2,39.2,8.0,438(-4),[西] 河嶋宏樹,202401020106
7,2,3,グローリアミノル,牡3,57.0,大野拓弥,2:02.0,ハナ,42.5,9.0,460(+4),[東] 中舘英二,202401020106
8,6,11,テンダーデイズ,牝3,55.0,武豊,2:02.2,1.1/4,8.2,3.0,480(+6),[西] 笹田和秀,202401020106
9,1,2,ジャンビ,牝3,55.0,斎藤新,2:02.4,1.1/4,332.6,14.0,436(-8),[西] 牧田和弥,202401020106
10,3,6,バーキン,牝3,55.0,丹内祐次,2:02.5,1/2,9.7,4.0,478(+18),[西] 西園翔太,202401020106
11,7,13,ラブビーチ,牝3,52.0,長浜鴻緒,2:02.6,1/2,24.6,6.0,438(+6),[東] 蛯名利弘,202401020106
12,2,4,ウインサマースノー,牡3,57.0,菱田裕二,2:02.6,クビ,79.5,11.0,480(+8),[西] 緒方努,202401020106
13,4,8,モヴレクス,牡3,54.0,高杉吏麒,2:03.3,4,424.5,16.0,448(-4),[西] 須貝尚介,202401020106
14,5,10,コーンウォリス,牡3,57.0,浜中俊,2:03.7,2.1/2,31.4,7.0,472(+6),[西] 平田修,202401020106
15,6,12,デルマプラクリティ,牡3,57.0,的場勇人,2:03.8,クビ,376.5,15.0,464(+4),[東] 的場均,202401020106
16,8,15,ラディアントホース,牝3,55.0,黛弘人,2:04.7,5,239.1,13.0,478(+2),[東] 金成貴史,202401020106
1,7,10,セリエル,牝3,54.0,大野拓弥,0:59.4,,3.0,1.0,472(+8),[東] 杉浦宏昭,202401020107
2,8,11,シエラメンテ,牝5,56.0,佐々木大,0:59.4,クビ,73.5,10.0,494(+2),[東] 堀内岳志,202401020107
3,6,7,スノーホルンロード,セ5,56.0,小林勝太,0:59.6,1.1/4,5.0,3.0,506(-2),[東] 清水英克,202401020107
4,8,12,ヒメカミノイタダキ,牡5,58.0,古川吉洋,0:59.7,クビ,107.1,11.0,512(+10),[東] 武市康男,202401020107
5,7,9,サザンレイク,牝4,53.0,長浜鴻緒,0:59.8,3/4,6.2,4.0,498(+4),[東] 根本康広,202401020107
6,5,6,パレフォーコン,牡5,58.0,鮫島克駿,0:59.8,ハナ,120.9,12.0,442(0),[西] 鮫島一歩,202401020107
7,5,5,ミッキースピナッチ,牡4,55.0,高杉吏麒,0:59.9,1/2,3.2,2.0,512(+2),[西] 音無秀孝,202401020107
8,1,1,シュヴァルツリーベ,牝4,52.0,古川奈穂,0:59.9,アタマ,21.3,7.0,448(+4),[東] 林徹,202401020107
9,3,3,マーゴットファブ,牡3,56.0,菱田裕二,1:00.1,3/4,15.8,6.0,524(+6),[東] 伊坂重信,202401020107
10,2,2,ホーリーブライト,牝3,54.0,川又賢治,1:00.5,2.1/2,13.6,5.0,442(-4),[東] 竹内正洋,202401020107
11,6,8,エスグラシア,牝5,56.0,黛弘人,1:00.7,3/4,61.4,9.0,472(+12),[東] 加藤和宏,202401020107
12,4,4,ニシノルミリオン,牡3,56.0,永野猛蔵,1:00.9,1.1/4,37.5,8.0,480(-2),[東] 武藤善則,202401020107
1,6,7,ウインネモフィラ,牝4,56.0,黛弘人,2:41.4,,12.3,6.0,442(+8),[東] 奥平雅士,202401020108
2,2,2,オーパンバル,牝6,56.0,丹内祐次,2:41.4,ハナ,4.7,3.0,452(-10),[西] 野中賢二,202401020108
3,7,8,ビッグベルーガ,牡4,58.0,浜中俊,2:41.5,アタマ,6.2,4.0,474(0),[西] 牧浦充徳,202401020108
4,4,4,クリフハンガー,牡3,55.0,佐々木大,2:42.0,3,2.8,1.0,458(+2),[東] 堀宣行,202401020108
5,5,5,ペリプルス,牡4,58.0,永野猛蔵,2:42.2,1.1/4,8.1,5.0,434(0),[東] 佐藤吉勝,202401020108
6,8,10,チャイボーグ,牝4,53.0,長浜鴻緒,2:42.5,1.3/4,158.2,11.0,476(0),[東] 的場均,202401020108
7,3,3,アマソナ,牝4,53.0,川端海翼,2:42.5,ハナ,101.8,9.0,470(-6),[西] 小崎憲,202401020108
8,1,1,ディアマンドロップ,牝3,51.0,小林勝太,2:42.9,2.1/2,72.3,8.0,470(0),[東] 小手川準,202401020108
9,7,9,マイネルオデーサ,牡3,55.0,鮫島克駿,2:42.9,アタマ,13.7,7.0,456(0),[西] 宮徹,202401020108
10,8,11,アットアブラスト,牡4,58.0,古川吉洋,2:43.4,2.1/2,106.7,10.0,472(+2),[西] 小椋研介,202401020108
11,6,6,ステラポイント,牝4,53.0,高杉吏麒,2:43.8,2.1/2,4.5,2.0,452(+2),[西] 杉山晴紀,202401020108
1,7,10,マイネルブリックス,牡3,55.0,丹内祐次,1:48.0,,9.0,4.0,462(+16),[東] 黒岩陽一,202401020109
2,4,4,コスモアバンサ,牡4,58.0,斎藤新,1:48.0,クビ,66.7,11.0,488(-20),[東] 清水英克,202401020109
3,6,8,セイウンパシュート,牡4,58.0,池添謙一,1:48.2,1,2.2,1.0,462(-8),[東] 上原博之,202401020109
4,5,7,ウインボレロ,牡3,55.0,佐々木大,1:48.3,1/2,16.8,7.0,434(-2),[東] 手塚貴久,202401020109
5,1,1,ゼアズノープレイス,牡5,58.0,的場勇人,1:48.3,ハナ,61.5,10.0,492(0),[東] 的場均,202401020109
6,8,12,クロスライセンス,牡4,58.0,浜中俊,1:48.3,ハナ,25.9,8.0,450(-6),[東] 鹿戸雄一,202401020109
7,7,11,ロジルーラー,牡3,55.0,永野猛蔵,1:48.4,クビ,12.4,5.0,502(+4),[東] 稲垣幸雄,202401020109
8,5,6,ディナトセレーネ,牝4,56.0,鮫島克駿,1:48.6,1.1/4,5.0,2.0,458(0),[東] 尾関知人,202401020109
9,4,5,クインズステラ,牝5,56.0,亀田温心,1:48.7,1/2,88.9,12.0,464(-2),[東] 池上昌和,202401020109
10,2,2,スイーツバイキング,牝4,56.0,大野拓弥,1:48.9,1.1/2,37.9,9.0,456(+2),[東] 大竹正博,202401020109
11,8,13,アスクナサニエル,牡3,55.0,菱田裕二,1:49.3,2,200.7,13.0,500(-8),[西] 藤原英昭,202401020109
12,3,3,フェルメール,牡3,55.0,横山和生,1:49.3,アタマ,16.6,6.0,484(-2),[東] 萩原清,202401020109
13,6,9,サトノメルベイユ,牝3,53.0,横山武史,1:49.9,3.1/2,5.4,3.0,386(-18),[東] 高柳瑞樹,202401020109
1,7,9,オーサムストローク,牡3,55.0,横山武史,1:28.0,,4.2,2.0,440(+4),[東] 伊藤圭三,202401020110
2,3,3,ステラバルセロナ,牝4,56.0,藤岡佑介,1:28.2,3/4,11.6,7.0,422(-2),[東] 菊川正達,202401020110
3,2,2,メタルスピード,牡4,58.0,斎藤新,1:28.2,クビ,4.8,3.0,512(+8),[東] 斎藤誠,202401020110
4,8,12,ウインレイアー,牝4,56.0,佐々木大,1:28.2,クビ,6.7,4.0,450(-4),[東] 和田雄二,202401020110
5,5,5,バニシングポイント,セ6,58.0,浜中俊,1:28.3,1/2,7.7,5.0,492(+4),[東] 古賀慎明,202401020110
6,1,1,ミスヨコハマ,牝4,56.0,菱田裕二,1:28.4,3/4,27.1,8.0,474(-2),[東] 斎藤誠,202401020110
7,6,7,アスクエピソード,牡4,58.0,武豊,1:28.5,クビ,35.7,9.0,462(0),[西] 藤原英昭,202401020110
8,6,8,デビッドテソーロ,牡3,55.0,高杉吏麒,1:28.6,3/4,107.5,12.0,468(+4),[東] 小手川準,202401020110
9,7,10,コスモディナー,牝3,53.0,丹内祐次,1:28.6,アタマ,4.1,1.0,462(+4),[東] 伊藤伸一,202401020110
10,8,11,レッドバレンティア,牡4,58.0,鮫島克駿,1:28.8,1.1/4,9.8,6.0,466(+4),[東] 矢嶋大樹,202401020110
11,4,4,ピースキーパー,牝5,56.0,横山和生,1:29.0,1.1/4,105.5,11.0,450(-4),[西] 奥村豊,202401020110
12,5,6,ココリホウオウ,セ6,58.0,永野猛蔵,1:29.1,1/2,66.9,10.0,484(+18),[東] 古賀慎明,202401020110
1,5,7,カンピオーネ,牡5,56.0,横山武史,1:45.3,,6.5,2.0,518(+2),[東] 栗田徹,202401020111
2,1,1,ゴッドブルービー,牡4,56.0,浜中俊,1:45.8,3,10.5,3.0,468(+16),[西] 角田晃一,202401020111
3,8,14,モズミギカタアガリ,牝3,52.0,池添謙一,1:45.8,クビ,60.8,9.0,466(+4),[西] 藤岡健一,202401020111
4,7,11,ストライク,牡4,57.0,丹内祐次,1:45.9,3/4,11.0,5.0,504(+8),[東] 加藤士津,202401020111
5,4,6,ゲットアップ,セ6,55.0,古川吉洋,1:46.0,1/2,12.9,6.0,470(-6),[東] 牧光二,202401020111
6,5,8,フォーチュンテラー,牡5,57.0,鮫島克駿,1:46.0,ハナ,10.9,4.0,474(+2),[西] 浜田多実,202401020111
7,3,3,エリカサファイア,牝3,52.0,佐々木大,1:46.1,1/2,1.7,1.0,498(+22),[東] 堀宣行,202401020111
8,3,4,マナウス,牝5,53.0,菱田裕二,1:46.5,2,23.9,8.0,482(+6),[西] 田中克典,202401020111
9,8,13,レディーシス,牝5,52.0,小林勝太,1:46.9,2.1/2,93.6,10.0,438(0),[西] 小崎憲,202401020111
10,4,5,ラニカイ,牝5,54.0,武豊,1:46.9,クビ,14.5,7.0,512(+6),[西] 松永幹夫,202401020111
11,6,9,プレミアムスマイル,牝5,52.0,永野猛蔵,1:47.8,5,103.1,11.0,512(+2),[西] 福永祐一,202401020111
12,7,12,ビキニボーイ,牡4,53.0,荻野琢真,1:48.7,5,265.9,14.0,498(-2),[西] 梅田智之,202401020111
13,2,2,レッドエランドール,セ7,54.0,亀田温心,1:49.0,2,143.9,13.0,498(+2),[西] 田中克典,202401020111
14,6,10,ロックユアハート,牝5,52.0,黛弘人,1:49.6,3.1/2,122.6,12.0,458(+2),[西] 矢作芳人,202401020111
1,6,12,ジョーメッドヴィン,牡3,56.0,武豊,1:08.6,,3.4,2.0,502(0),[西] 清水久詞,202401020112
2,7,13,ランスオブサウンド,牝4,56.0,藤岡佑介,1:08.6,アタマ,9.4,4.0,462(+2),[西] 奥村豊,202401020112
3,7,14,オベイユアマスター,牡3,56.0,古川吉洋,1:08.8,1,14.5,7.0,460(+10),[西] 昆貢,202401020112
4,1,2,レザンノワール,牡3,56.0,永野猛蔵,1:08.9,クビ,9.1,3.0,466(+6),[東] 伊藤圭三,202401020112
5,1,1,シルバーダイヤ,牝4,56.0,佐々木大,1:09.0,1/2,65.8,13.0,460(+2),[東] 小野次郎,202401020112
6,6,11,タガノミア,牝5,56.0,浜中俊,1:09.0,1/2,14.2,6.0,462(-2),[西] 河内洋,202401020112
7,3,5,オオゾラヒバリ,牝3,51.0,長浜鴻緒,1:09.1,1/2,61.4,12.0,452(+10),[東] 根本康広,202401020112
8,8,16,キングヴァージル,牡3,56.0,鮫島克駿,1:09.1,ハナ,121.6,14.0,494(-2),[西] 矢作芳人,202401020112
9,3,6,フライングブレード,牡4,56.0,小林勝太,1:09.4,1.1/2,24.3,10.0,492(+6),[西] 飯田祐史,202401020112
10,2,4,ギルティプレジャー,牝3,51.0,高杉吏麒,1:09.4,クビ,27.5,11.0,438(+4),[西] 寺島良,202401020112
11,8,15,クラックオブドーン,セ4,55.0,川端海翼,1:09.5,3/4,157.0,15.0,474(+4),[西] 藤野健太,202401020112
12,4,7,プレアデスグループ,牝3,54.0,丹内祐次,1:09.6,1/2,3.2,1.0,440(+4),[西] 吉岡辰弥,202401020112
13,4,8,ラホーヤストーム,牝4,56.0,菱田裕二,1:09.7,1/2,23.1,9.0,458(-8),[西] 藤野健太,202401020112
14,2,3,アポロルタ,牝5,56.0,横山和生,1:10.1,2.1/2,13.3,5.0,456(+8),[東] 村田一誠,202401020112
15,5,10,シャインズオンユー,牡3,56.0,横山武史,1:10.2,3/4,20.0,8.0,448(+8),[東] 青木孝文,202401020112
16,5,9,ニシノクラウン,セ3,56.0,大野拓弥,1:10.5,1.1/2,169.6,16.0,472(+2),[東] 相沢郁,202401020112
1,3,3,モズナナスター,牝2,55.0,鮫島克駿,1:09.6,,1.3,1.0,446(-8),[西] 矢作芳人,202401020201
2,7,7,エイシンパンタレイ,牡2,55.0,菱田裕二,1:09.8,1.1/4,8.0,3.0,482(+4),[西] 中尾秀正,202401020201
3,1,1,ラッキーカムカム,牝2,55.0,丹内祐次,1:10.5,4,6.2,2.0,456(-4),[西] 中村直也,202401020201
4,4,4,コパノマロン,牝2,52.0,高杉吏麒,1:10.5,クビ,13.1,5.0,438(0),[西] 村山明,202401020201
5,5,5,ペタルブランシュ,牝2,53.0,小林勝太,1:10.6,3/4,39.7,6.0,396(0),[東] 村田一誠,202401020201
6,2,2,モーニングスター,牝2,52.0,川端海翼,1:10.9,2,9.4,4.0,426(+2),[東] 加藤和宏,202401020201
7,6,6,サノノスウィフト,牝2,52.0,長浜鴻緒,1:11.7,5,91.0,7.0,404(+4),[東] 蛯名利弘,202401020201
1,7,10,マルチライセンス,セ3,57.0,横山和生,2:38.0,,6.6,3.0,448(-4),[東] 高柳瑞樹,202401020202
2,2,2,ウインメラナイト,牡3,57.0,丹内祐次,2:38.1,1/2,2.1,1.0,486(-4),[西] 寺島良,202401020202
3,5,5,テトラード,牡3,54.0,高杉吏麒,2:38.5,2.1/2,4.9,2.0,462(0),[西] 坂口智康,202401020202
4,8,12,シンクグッド,牡3,57.0,藤岡佑介,2:38.5,アタマ,10.8,5.0,512(-4),[西] 福永祐一,202401020202
5,3,3,エルキーオ,牡3,57.0,大野拓弥,2:38.5,アタマ,10.3,4.0,484(-4),[東] 新開幸一,202401020202
6,6,8,ウインラムセス,牡3,55.0,小林勝太,2:38.8,1.1/2,70.1,9.0,464(+4),[東] 松山将樹,202401020202
7,1,1,スピンザブラッド,牡3,57.0,横山武史,2:40.5,10,13.0,7.0,440(-2),[東] 萩原清,202401020202
8,7,9,カラーオブワンダー,牡3,54.0,長浜鴻緒,2:40.6,クビ,99.9,10.0,476(-4),[東] 伊藤伸一,202401020202
9,6,7,ディアモミノル,牡3,57.0,斎藤新,2:40.9,2,12.6,6.0,504(0),[西] 本田優,202401020202
10,5,6,タロサンダー,牡3,57.0,鮫島克駿,2:41.7,5,26.7,8.0,494(+6),[西] 杉山佳明,202401020202
11,4,4,レオンフォルテ,牡3,57.0,菱田裕二,2:46.9,大,114.6,11.0,518(+2),[東] 田村康仁,202401020202
12,8,11,エクラメテオール,牡3,57.0,石川倭,2:56.8,大,114.6,12.0,490(0),[東] 堀内岳志,202401020202
1,5,7,キングブルー,牡3,57.0,藤岡佑介,1:46.1,,6.3,4.0,486(+6),[西] 四位洋文,202401020203
2,6,10,アイウィル,牡3,57.0,北村友一,1:46.6,3,8.0,5.0,514(+8),[東] 高木登,202401020203
3,1,1,アイファーキャップ,牡3,57.0,鮫島克駿,1:47.0,2.1/2,4.2,3.0,456(-2),[西] 鮫島一歩,202401020203
4,5,8,ユーヴェリア,牝3,52.0,高杉吏麒,1:47.3,1.3/4,2.9,1.0,450(+4),[西] 宮本博,202401020203
5,3,4,ブルーストレイル,牡3,57.0,丹内祐次,1:48.1,5,157.9,10.0,458(-2),[東] 小島茂之,202401020203
6,3,3,スピナテイル,牝3,55.0,桑村真明,1:48.2,クビ,86.1,9.0,460(-2),[西] 中村直也,202401020203
7,4,6,メイショウヤスマサ,牡3,57.0,斎藤新,1:48.5,2,54.6,8.0,472(0),[西] 本田優,202401020203
8,6,9,エスシーアルベル,牡3,53.0,古川奈穂,1:49.7,7,158.2,11.0,486(-12),[東] 宗像義忠,202401020203
9,4,5,ユイノコミチ,牡3,57.0,横山和生,1:49.8,1/2,3.4,2.0,482(-2),[東] 竹内正洋,202401020203
10,2,2,アミアン,牝3,55.0,木幡初也,1:50.6,5,41.3,7.0,412(-6),[東] 鹿戸雄一,202401020203
11,8,13,ヤマニンファリダ,牝3,55.0,石川倭,1:51.7,7,36.7,6.0,448(0),[東] 千葉直人,202401020203
12,7,12,ハルヨコイ,牝3,52.0,長浜鴻緒,1:51.9,1.1/2,249.4,13.0,408(+6),[東] 深山雅史,202401020203
13,8,14,カリナンラホーヤ,牝3,53.0,小林勝太,1:58.7,大,204.4,12.0,426(-4),[西] 小椋研介,202401020203
14,7,11,リンクスプリエール,牡3,57.0,黛弘人,2:00.9,大,281.6,14.0,472(-10),[東] 土田稔,202401020203
1,4,6,シャーリーゴールド,牝3,55.0,武豊,1:28.2,,5.2,2.0,444(0),[西] 須貝尚介,202401020204
2,5,8,ココシャンパーニュ,牝3,55.0,北村友一,1:28.2,クビ,7.5,4.0,462(+8),[西] 音無秀孝,202401020204
3,6,10,ユメカウツツカ,牝3,53.0,小林勝太,1:28.3,1/2,11.3,6.0,400(+8),[西] 小栗実,202401020204
4,7,12,オランジェロ,牝3,55.0,荻野琢真,1:28.4,3/4,126.1,14.0,472(+10),[西] 今野貞一,202401020204
5,8,14,セキテイレア,牝3,55.0,斎藤新,1:28.5,クビ,43.5,10.0,436(+6),[西] 松永幹夫,202401020204
6,3,4,ロジカルワーズ,牡3,57.0,大野拓弥,1:28.5,ハナ,2.9,1.0,506(+2),[東] 大竹正博,202401020204
7,2,2,アウストラリス,牝3,55.0,横山武史,1:28.6,3/4,16.2,7.0,426(+4),[東] 高橋文雅,202401020204
8,8,13,モズイージス,牡3,57.0,菱田裕二,1:28.9,1.1/2,28.3,9.0,454(-8),[西] 松下武士,202401020204
9,4,5,カーモス,牝3,52.0,高杉吏麒,1:28.9,アタマ,7.6,5.0,432(+4),[西] 高橋義忠,202401020204
10,7,11,マリエッティ,牝3,52.0,川端海翼,1:29.0,1/2,52.1,11.0,436(+12),[西] 庄野靖志,202401020204
11,3,3,コンテナワールド,牡3,57.0,鮫島克駿,1:29.0,クビ,7.1,3.0,480(+10),[西] 中竹和也,202401020204
12,6,9,ライトスタッフ,牝3,55.0,桑村真明,1:29.2,1.1/4,122.8,13.0,422(-2),[東] 和田勇介,202401020204
13,1,1,マリガーネット,牝3,55.0,池添謙一,1:29.7,3,105.9,12.0,384(-4),[東] 久保田貴,202401020204
14,5,7,グラビティブラスト,牡3,57.0,丹内祐次,1:36.3,大,16.4,8.0,494(+10),[東] 嘉藤貴行,202401020204
1,8,9,マテンロウサン,牡2,55.0,横山和生,1:49.3,,3.6,2.0,502(0),[西] 昆貢,202401020205
2,5,5,バントック,牡2,55.0,北村友一,1:49.9,4,35.1,7.0,434(0),[西] 浜田多実,202401020205
3,8,8,アースグレーザー,牡2,53.0,小林勝太,1:50.1,1,37.6,8.0,464(0),[西] 中村直也,202401020205
4,6,6,ラルガメンテ,牝2,55.0,横山武史,1:50.3,1.1/4,2.2,1.0,442(0),[東] 尾関知人,202401020205
5,3,3,スパイウェア,牡2,55.0,鮫島克駿,1:50.4,3/4,16.6,5.0,452(0),[東] 栗田徹,202401020205
6,4,4,ブルーユンチェリー,牝2,55.0,菱田裕二,1:51.8,9,7.4,4.0,454(0),[東] 加藤征弘,202401020205
7,1,1,コスモリスナー,牡2,55.0,丹内祐次,1:52.4,3.1/2,22.6,6.0,512(0),[西] 宮徹,202401020205
8,2,2,ナリノボガート,牡2,55.0,大野拓弥,1:52.9,3,87.1,9.0,466(0),[東] 上原博之,202401020205
9,7,7,パブリックビーナス,牝2,55.0,武豊,1:54.8,大,4.3,3.0,490(0),[西] 池江泰寿,202401020205
1,4,5,ダノンスウィッチ,牡3,55.0,武豊,1:46.3,,3.4,1.0,476(+6),[西] 音無秀孝,202401020206
2,7,10,ポワンキュルミナン,牡4,58.0,菱田裕二,1:46.3,クビ,15.2,8.0,432(+10),[西] 岡田稲男,202401020206
3,8,12,シャンデルナゴル,牡4,55.0,高杉吏麒,1:46.6,2,3.7,2.0,494(+14),[西] 石坂公一,202401020206
4,2,2,ブレットフライ,牡5,55.0,長浜鴻緒,1:47.1,2.1/2,197.7,13.0,498(-6),[東] 萱野浩二,202401020206
5,5,7,ズバットマサムネ,牡3,55.0,北村友一,1:47.1,ハナ,5.9,3.0,488(-4),[西] 杉山佳明,202401020206
6,6,8,カムランベイ,牡4,58.0,丹内祐次,1:47.5,2.1/2,8.2,4.0,500(-2),[東] 岩戸孝樹,202401020206
7,6,9,ゴールドモーション,牡3,52.0,川端海翼,1:47.6,1/2,118.6,11.0,462(-4),[東] 村田一誠,202401020206
8,4,4,カリフォルニア,牡3,55.0,小林凌大,1:47.9,1.3/4,12.9,7.0,490(+4),[東] 伊藤圭三,202401020206
9,7,11,ショーケン,セ4,58.0,斎藤新,1:48.0,クビ,45.2,9.0,504(-4),[西] 鮫島一歩,202401020206
10,5,6,ヘヴンズタイム,セ4,56.0,小林勝太,1:48.1,1/2,8.4,5.0,470(+4),[西] 北出成人,202401020206
11,3,3,イモータルフェイム,牝5,56.0,横山武史,1:48.5,2.1/2,11.1,6.0,490(+2),[東] 鹿戸雄一,202401020206
12,8,13,レッドアウレア,セ6,58.0,黛弘人,1:48.8,1.3/4,141.4,12.0,486(0),[東] 尾関知人,202401020206
13,1,1,フロスティクォーツ,牡6,58.0,桑村真明,1:48.9,クビ,107.3,10.0,472(-2),[東] 加藤和宏,202401020206
1,8,13,ラーンザロープス,牝3,53.0,菱田裕二,1:27.5,,4.2,2.0,450(-4),[西] 武幸四郎,202401020207
2,4,6,チュウワダンス,牝5,56.0,荻野琢真,1:27.6,クビ,22.7,7.0,472(+2),[西] 大久保龍,202401020207
3,8,14,リゴレット,牝5,53.0,長浜鴻緒,1:27.6,クビ,76.3,10.0,454(+16),[西] 羽月友彦,202401020207
4,7,12,ラヴスコール,牝3,53.0,武豊,1:27.8,1,2.8,1.0,420(+4),[東] 加藤征弘,202401020207
5,3,4,ショウナンラウール,牝3,50.0,高杉吏麒,1:28.0,1.1/4,8.1,5.0,422(+2),[西] 高橋義忠,202401020207
6,6,10,ホイッスルソング,牝4,54.0,小林勝太,1:28.0,アタマ,52.7,9.0,470(0),[東] 黒岩陽一,202401020207
7,2,2,アスティスプマンテ,牝3,53.0,鮫島克駿,1:28.0,クビ,5.9,4.0,424(+2),[西] 杉山晴紀,202401020207
8,4,5,アンタノバラード,牝4,56.0,黛弘人,1:28.2,1.1/4,21.3,6.0,440(-4),[東] 伊藤大士,202401020207
9,5,8,レオテミス,牝3,53.0,亀田温心,1:28.3,クビ,5.0,3.0,486(-10),[西] 高柳大輔,202401020207
10,1,1,ビアフォーナウ,牝3,53.0,小林凌大,1:28.4,1/2,118.9,12.0,446(+4),[東] 池上昌和,202401020207
11,5,7,ワイノナオミ,牝3,53.0,川又賢治,1:28.8,2.1/2,152.0,13.0,448(-2),[西] 畑端省吾,202401020207
12,3,3,ブライトサイン,牝4,56.0,斎藤新,1:29.1,1.3/4,114.7,11.0,470(0),[西] 茶木太樹,202401020207
13,6,9,クイーンオブソウル,牝4,56.0,丹内祐次,1:29.1,ハナ,49.1,8.0,462(-4),[東] 林徹,202401020207
14,7,11,マルアズール,牝5,53.0,川端海翼,1:29.1,アタマ,490.1,14.0,430(+6),[東] 加藤和宏,202401020207
1,1,1,アスクシュタイン,牡2,55.0,北村友一,1:49.2,,2.6,2.0,488(-4),[西] 藤原英昭,202401020208
2,7,7,ゴーゴータカシ,牡2,55.0,横山武史,1:50.3,7,3.6,3.0,490(+2),[東] 武井亮,202401020208
3,5,5,エイシンキャプテン,牡2,55.0,岩橋勇二,1:50.6,1.1/2,14.5,4.0,516(+10),[地] 田中淳司,202401020208
4,4,4,シュネルカガ,牡2,55.0,桑村真明,1:50.7,1/2,88.1,6.0,500(+12),[地] 桧森邦夫,202401020208
5,6,6,パルヴェニュー,牡2,55.0,石川倭,1:51.1,2.1/2,56.9,5.0,434(-2),[地] 米川昇,202401020208
6,3,3,プリスクリプション,牡2,55.0,小林勝太,1:52.0,5,145.7,7.0,386(+2),[西] 杉山佳明,202401020208
7,2,2,ジェットマグナム,牡2,55.0,丹内祐次,1:54.9,大,2.0,1.0,474(0),[西] 安達昭夫,202401020208
1,5,6,ガビーズシスター,牝3,54.0,武豊,0:58.7,,2.3,1.0,466(-2),[東] 森一誠,202401020209
2,7,9,アマルナ,牝4,56.0,菱田裕二,0:59.1,2.1/2,12.3,6.0,454(-2),[西] 田中克典,202401020209
3,8,12,テンクウフラワー,牝5,56.0,高倉稜,0:59.2,3/4,32.9,10.0,436(0),[西] 渡辺薫彦,202401020209
4,8,11,メイデンタワー,牝4,56.0,横山武史,0:59.5,1.1/2,5.8,2.0,460(+10),[東] 稲垣幸雄,202401020209
5,6,7,プリティインピンク,牝6,56.0,大野拓弥,0:59.9,2.1/2,30.5,9.0,448(+4),[東] 小手川準,202401020209
6,1,1,バサラ,牝4,56.0,小林凌大,1:00.0,3/4,162.7,12.0,454(+6),[東] 伊藤圭三,202401020209
7,4,4,サザンカ,牝3,54.0,斎藤新,1:00.3,2,13.8,7.0,470(+4),[西] 角田晃一,202401020209
8,2,2,メイショウオトギ,牝4,56.0,池添謙一,1:00.3,ハナ,51.1,11.0,438(+4),[西] 池添学,202401020209
9,6,8,リーゼントミニー,牝4,56.0,鮫島克駿,1:00.4,3/4,20.9,8.0,444(-2),[東] 矢嶋大樹,202401020209
10,5,5,セッテイロク,牝3,54.0,木幡初也,1:00.7,1.1/2,6.4,3.0,438(-2),[東] 竹内正洋,202401020209
11,7,10,デルマシルフ,牝5,56.0,荻野琢真,1:00.7,ハナ,8.9,4.0,482(+8),[西] 畑端省吾,202401020209
12,3,3,スコーピオン,牡3,56.0,横山和生,1:01.1,2.1/2,10.5,5.0,474(0),[東] 武藤善則,202401020209
1,8,11,パトリックハンサム,牡5,58.0,丹内祐次,1:59.6,,123.5,12.0,468(+4),[東] 菊沢隆徳,202401020210
2,5,6,クレバーテースト,セ5,58.0,藤岡佑介,1:59.6,ハナ,21.8,8.0,448(-8),[西] 武幸四郎,202401020210
3,7,9,タンゴバイラリン,牡3,55.0,大野拓弥,1:59.7,クビ,8.7,4.0,506(0),[東] 栗田徹,202401020210
4,6,8,ブラックヴァール,牝4,56.0,横山和生,2:00.5,5,5.7,3.0,456(+6),[東] 菊川正達,202401020210
5,3,3,ギャンブルルーム,牡3,55.0,鮫島克駿,2:00.6,クビ,2.8,1.0,496(0),[西] 大久保龍,202401020210
6,6,7,ヴィンセドリス,牡4,58.0,横山武史,2:00.7,1/2,16.1,7.0,498(+10),[西] 友道康夫,202401020210
7,7,10,マイノワール,牡3,55.0,武豊,2:00.8,3/4,12.3,5.0,478(0),[西] 笹田和秀,202401020210
8,5,5,カテリーナ,牝3,53.0,北村友一,2:00.9,3/4,3.8,2.0,470(+8),[西] 田中克典,202401020210
9,8,12,ストップザタイム,牡5,58.0,池添謙一,2:01.1,3/4,13.0,6.0,512(0),[西] 昆貢,202401020210
10,4,4,ワレハウミノコ,牝4,56.0,斎藤新,2:01.1,アタマ,44.6,11.0,456(+4),[西] 武英智,202401020210
11,1,1,リミットバスター,牡4,58.0,高倉稜,2:01.3,1,37.3,10.0,518(+6),[西] 杉山晴紀,202401020210
12,2,2,シャドウソニック,牡4,58.0,菱田裕二,2:01.3,クビ,33.4,9.0,500(+6),[西] 辻野泰之,202401020210
1,1,2,プルパレイ,セ5,58.0,武豊,1:08.0,,12.2,5.0,498(+4),[西] 須貝尚介,202401020211
2,7,13,キミワクイーン,牝5,57.0,横山武史,1:08.1,3/4,10.3,4.0,450(-4),[東] 奥村武,202401020211
3,2,4,カンティーユ,牡6,57.0,横山和生,1:08.2,1/2,3.3,1.0,492(+4),[東] 嘉藤貴行,202401020211
4,5,9,エイシンフェンサー,牝4,55.0,川又賢治,1:08.2,クビ,6.7,3.0,482(+6),[西] 吉村圭司,202401020211
5,1,1,ソウテン,牡5,57.0,石川倭,1:08.2,ハナ,84.7,14.0,532(+6),[西] 斉藤崇史,202401020211
6,6,11,ダノンマッキンリー,牡3,56.0,北村友一,1:08.2,アタマ,3.9,2.0,472(-2),[西] 藤原英昭,202401020211
7,2,3,ミッキーハーモニー,牝5,55.0,小林勝太,1:08.2,アタマ,27.3,10.0,464(0),[東] 萩原清,202401020211
8,8,15,クリノマジン,牡5,57.0,高杉吏麒,1:08.3,クビ,141.7,15.0,454(-8),[西] 高橋義忠,202401020211
9,6,12,ブトンドール,牝4,55.0,斎藤新,1:08.3,クビ,14.1,7.0,514(+18),[西] 池添学,202401020211
10,8,16,サブライムアンセム,牝5,57.0,亀田温心,1:08.4,クビ,46.2,13.0,486(-14),[西] 藤原英昭,202401020211
11,4,8,サトノラムセス,牡6,57.0,池添謙一,1:08.5,3/4,167.2,16.0,476(0),[西] 橋口慎介,202401020211
12,3,6,トーセンローリエ,牝4,55.0,丹内祐次,1:08.5,クビ,19.0,8.0,448(+4),[東] 小笠倫弘,202401020211
13,4,7,カルネアサーダ,牝5,56.0,藤岡佑介,1:08.8,1.3/4,41.9,12.0,462(-6),[西] 福永祐一,202401020211
14,7,14,マメコ,牝5,55.0,菱田裕二,1:08.8,アタマ,26.6,9.0,458(0),[西] 武英智,202401020211
15,3,5,シュバルツカイザー,セ6,59.0,大野拓弥,1:09.0,1,35.3,11.0,496(+4),[東] 大竹正博,202401020211
16,5,10,シナモンスティック,牝5,57.0,鮫島克駿,1:09.4,2.1/2,12.8,6.0,478(+8),[東] 宗像義忠,202401020211
1,6,8,タイセイミッション,牡3,55.0,石川倭,1:45.9,,14.9,6.0,532(+14),[東] 伊藤圭三,202401020212
2,1,1,タクシンイメル,牝3,53.0,横山武史,1:46.7,5,3.9,2.0,480(+22),[西] 武英智,202401020212
3,2,2,ドッビアーコ,牡3,55.0,鮫島克駿,1:46.8,1/2,3.1,1.0,548(+2),[西] 奥村豊,202401020212
4,3,3,イッツオンリーユー,牝4,53.0,長浜鴻緒,1:47.3,3,18.6,7.0,474(-2),[東] 矢嶋大樹,202401020212
5,6,7,タマモネモフィラ,牝4,53.0,川端海翼,1:47.7,2.1/2,104.9,10.0,478(0),[西] 大橋勇樹,202401020212
6,8,11,ワイドブリザード,セ3,52.0,高杉吏麒,1:47.8,クビ,4.8,3.0,420(0),[東] 武井亮,202401020212
7,5,6,ボエーム,牡3,55.0,小林凌大,1:48.5,4,240.5,11.0,434(+2),[東] 石栗龍彦,202401020212
8,7,10,グディンナ,牝3,53.0,菱田裕二,1:48.7,1.1/2,10.4,5.0,410(+6),[西] 牧田和弥,202401020212
9,5,5,リュクスドレフォン,牡4,58.0,武豊,1:49.2,3,5.2,4.0,528(+6),[西] 平田修,202401020212
10,4,4,クリノユキツバキ,牝5,56.0,桑村真明,1:49.3,3/4,277.3,12.0,438(-4),[東] 天間昭一,202401020212
11,7,9,ダイタジャスティス,牡3,53.0,小林勝太,1:49.8,2.1/2,35.2,8.0,486(+8),[東] 小野次郎,202401020212
12,8,12,ドンアレス,牡3,55.0,高倉稜,1:51.4,10,55.3,9.0,474(+2),[西] 牧浦充徳,202401020212
1,6,6,ショウナンサムデイ,牝2,55.0,池添謙一,1:50.3,,3.2,2.0,426(0),[東] 奥村武,202401020301
2,5,5,ベールドインパクト,牡2,55.0,横山和生,1:50.7,2.1/2,12.7,5.0,432(-6),[東] 小島茂之,202401020301
3,8,9,ルージュミレネール,牝2,55.0,斎藤新,1:50.9,1.1/4,7.2,3.0,432(+4),[東] 斎藤誠,202401020301
4,7,8,ビーオンザカバー,牡2,55.0,横山武史,1:51.0,クビ,10.5,4.0,452(-4),[東] 伊藤圭三,202401020301
5,8,10,リアンベーレ,牡2,55.0,武豊,1:51.0,クビ,1.7,1.0,490(-8),[東] 手塚貴久,202401020301
6,7,7,マイネルトラオム,牡2,55.0,丹内祐次,1:51.1,3/4,44.9,6.0,446(0),[東] 深山雅史,202401020301
7,3,3,ウィングコマンダー,牡2,55.0,浜中俊,1:51.4,1.1/2,65.9,7.0,466(-6),[東] 鹿戸雄一,202401020301
8,4,4,ヤマノインパクト,牡2,55.0,永野猛蔵,1:51.8,2.1/2,287.2,10.0,450(-2),[東] 本間忍,202401020301
9,1,1,ダイウン,牡2,52.0,川端海翼,1:52.0,1.1/4,249.8,9.0,522(-2),[東] 加藤和宏,202401020301
10,2,2,ブルーユンチェリー,牝2,55.0,笹川翼,1:52.2,1.1/4,148.0,8.0,454(0),[東] 加藤征弘,202401020301
1,3,3,ルージュマローネ,牝2,55.0,横山和生,1:48.0,,4.0,3.0,468(-6),[東] 栗田徹,202401020302
2,8,13,スティーヴバローズ,牡2,55.0,佐々木大,1:48.2,1.1/2,2.8,1.0,464(-4),[東] 上原佑紀,202401020302
3,1,1,ラストレガシー,牡2,55.0,横山武史,1:48.4,3/4,3.4,2.0,476(-4),[東] 手塚貴久,202401020302
4,6,9,ソラノキャンバス,牡2,52.0,高杉吏麒,1:48.4,クビ,20.2,6.0,432(+2),[東] 武井亮,202401020302
5,4,5,トリプレーテ,牡2,55.0,富田暁,1:48.8,2.1/2,11.9,4.0,472(-2),[西] 武英智,202401020302
6,8,14,ロードスカイブルー,牡2,55.0,丹内祐次,1:48.8,ハナ,21.6,8.0,450(+10),[東] 和田勇介,202401020302
7,2,2,ベストロイヤル,牡2,55.0,永野猛蔵,1:49.1,1.3/4,12.9,5.0,490(0),[東] 相沢郁,202401020302
8,4,6,メイショウマクジキ,牡2,53.0,小林勝太,1:49.2,クビ,64.7,10.0,460(-4),[西] 角田晃一,202401020302
9,5,8,ピースシャイニー,牡2,55.0,鮫島克駿,1:49.8,3.1/2,20.4,7.0,466(-8),[西] 河嶋宏樹,202401020302
10,7,12,ナックオリオン,牡2,55.0,大野拓弥,1:49.8,クビ,36.7,9.0,474(0),[東] 杉浦宏昭,202401020302
11,7,11,ロザリアン,牝2,55.0,和田翼,1:50.5,4,293.8,14.0,452(-4),[西] 谷潔,202401020302
12,5,7,ラブミーナタリー,牝2,52.0,長浜鴻緒,1:51.2,4,227.3,12.0,478(-6),[東] 矢嶋大樹,202401020302
13,3,4,ディヴァンカドー,牡2,55.0,古川吉洋,1:52.6,8,174.7,11.0,478(+2),[西] 宮徹,202401020302
14,6,10,アルビス,牡2,55.0,黛弘人,1:54.1,9,287.3,13.0,474(+2),[東] 金成貴史,202401020302
1,5,9,グランテレーズ,牝3,55.0,鮫島克駿,1:09.1,,2.7,1.0,446(-2),[西] 渡辺薫彦,202401020303
2,3,6,サニイアール,牝3,55.0,丹内祐次,1:09.2,クビ,7.2,3.0,446(0),[東] 田村康仁,202401020303
3,8,15,キアロヴェローチェ,セ3,57.0,藤岡佑介,1:09.2,アタマ,9.8,5.0,468(-2),[西] 武幸四郎,202401020303
4,3,5,カチヌキマリコ,牝3,55.0,大野拓弥,1:09.4,1,7.4,4.0,414(0),[東] 天間昭一,202401020303
5,6,11,ポムファッジ,牝3,55.0,菱田裕二,1:09.5,1,10.5,6.0,502(+20),[東] 高橋文雅,202401020303
6,8,16,ガーデンプランナー,牝3,53.0,小林勝太,1:09.7,3/4,27.1,8.0,450(+2),[東] 堀内岳志,202401020303
7,7,14,シーメジャー,牝3,55.0,斎藤新,1:09.7,ハナ,13.8,7.0,466(+4),[西] 奥村豊,202401020303
8,1,1,サイモンモーニング,牡3,54.0,長浜鴻緒,1:09.7,クビ,177.4,14.0,430(+2),[東] 勢司和浩,202401020303
9,7,13,トクシーカイゼリン,牝3,55.0,北村友一,1:09.8,クビ,166.6,12.0,478(0),[東] 小島茂之,202401020303
10,5,10,フォカッチャ,牝3,55.0,古川吉洋,1:10.1,1.3/4,371.2,16.0,424(0),[東] 小手川準,202401020303
11,1,2,グレナマディー,牝3,55.0,笹川翼,1:10.1,アタマ,175.3,13.0,416(+8),[東] 田島俊明,202401020303
12,6,12,ダイメイコスズ,牡3,54.0,高杉吏麒,1:10.1,クビ,63.4,9.0,460(+10),[西] 森田直行,202401020303
13,4,8,ランガン,牝3,55.0,黛弘人,1:10.3,1,269.2,15.0,482(+4),[東] 伊藤大士,202401020303
14,2,3,クルシファー,牝3,55.0,永野猛蔵,1:10.3,アタマ,104.1,10.0,474(+10),[東] 矢野英一,202401020303
15,2,4,ジャヴァネ,牝3,51.0,古川奈穂,1:10.6,1.1/2,145.7,11.0,406(-18),[東] 加藤和宏,202401020303
16,4,7,レガシーオブエリザ,牝3,55.0,佐々木大,1:10.8,1.1/4,4.0,2.0,444(+10),[東] 青木孝文,202401020303
1,3,4,サンダーアリュール,牝3,55.0,丹内祐次,1:46.6,,16.9,6.0,454(0),[東] 菊川正達,202401020304
2,7,11,ノーブルブランカ,牝3,52.0,高杉吏麒,1:47.1,3.1/2,3.1,1.0,442(+2),[西] 牧浦充徳,202401020304
3,5,8,フルリール,牝3,55.0,藤岡佑介,1:47.8,4,9.3,5.0,434(+2),[西] 藤岡健一,202401020304
4,7,12,ポアゾンノアール,牝3,55.0,富田暁,1:48.0,1.1/4,38.9,9.0,466(+4),[西] 本田優,202401020304
5,3,3,サンキャメロン,牝3,55.0,横山武史,1:48.3,2,3.1,2.0,450(-4),[東] 上原博之,202401020304
6,2,2,ドントレットゴー,牝3,55.0,横山和生,1:48.5,1,5.3,3.0,444(+2),[西] 上村洋行,202401020304
7,6,10,ブリリアントスピカ,牝3,53.0,小林勝太,1:48.5,クビ,8.2,4.0,490(-4),[西] 畑端省吾,202401020304
8,4,6,リヴィングカラー,牝3,55.0,荻野琢真,1:48.6,1/2,143.4,11.0,408(+12),[東] 小笠倫弘,202401020304
9,8,14,リナリア,牝3,55.0,黛弘人,1:48.7,1/2,19.9,7.0,434(-4),[東] 伊坂重信,202401020304
10,4,5,ブレイクショット,牝3,55.0,北村友一,1:48.8,クビ,50.3,10.0,474(+14),[東] 村田一誠,202401020304
11,1,1,クリノアイリス,牝3,55.0,和田翼,1:49.4,4,382.3,14.0,440(-4),[西] 谷潔,202401020304
12,8,13,ファイアンス,牝3,55.0,笹川翼,1:50.2,5,33.5,8.0,466(+6),[東] 武市康男,202401020304
13,5,7,シャイニーマンボ,牝3,52.0,川端海翼,1:57.5,大,194.0,12.0,460(-10),[西] 羽月友彦,202401020304
14,6,9,ジャンル,牝3,55.0,斎藤新,1:57.8,1.3/4,239.8,13.0,476(+4),[東] 岩戸孝樹,202401020304
1,2,2,メリディアンスター,牡2,55.0,笹川翼,1:28.8,,2.2,1.0,484(0),[東] 加藤征弘,202401020305
2,6,6,ワールドキッス,牡2,55.0,浜中俊,1:29.5,4,13.1,4.0,450(0),[西] 河嶋宏樹,202401020305
3,8,8,ロードジェネシス,牡2,55.0,丹内祐次,1:29.9,2.1/2,2.8,2.0,470(0),[西] 奥村豊,202401020305
4,1,1,ビアンカネーヴェ,牝2,55.0,亀田温心,1:30.4,3,4.7,3.0,454(0),[西] 北出成人,202401020305
5,7,7,レーヴレジェンド,牡2,55.0,永野猛蔵,1:30.7,2,18.5,6.0,484(0),[東] 金成貴史,202401020305
6,4,4,アーバンガール,牝2,55.0,鮫島克駿,1:31.4,4,14.5,5.0,464(0),[西] 小椋研介,202401020305
7,3,3,アスクサヴァイバル,牡2,55.0,佐々木大,1:31.7,2,25.6,7.0,428(0),[東] 田島俊明,202401020305
8,5,5,キタノエーシン,牡2,55.0,黛弘人,1:32.0,1.1/2,127.5,8.0,476(0),[東] 蛯名利弘,202401020305
1,5,7,プルメリアクヒオ,牡3,54.0,長浜鴻緒,1:46.9,,2.6,1.0,454(0),[東] 深山雅史,202401020306
2,6,10,ポンヌフ,牝3,55.0,古川吉洋,1:47.0,1/2,19.4,7.0,462(+4),[西] 吉村圭司,202401020306
3,6,9,フィアマフルミネ,牝3,55.0,横山和生,1:47.7,4,8.4,4.0,426(+2),[西] 飯田祐史,202401020306
4,4,6,ランドマックス,牡3,57.0,菱田裕二,1:47.8,3/4,7.0,3.0,480(0),[東] 本間忍,202401020306
5,3,4,クレスコサンダー,牡3,57.0,鮫島克駿,1:48.3,3,3.4,2.0,486(0),[西] 緒方努,202401020306
6,2,2,マジカルレイズ,牡3,57.0,斎藤新,1:48.4,クビ,55.5,10.0,472(-4),[西] 羽月友彦,202401020306
7,8,14,スターメイデン,牝3,55.0,佐々木大,1:48.8,2.1/2,40.5,8.0,476(-2),[西] 吉村圭司,202401020306
8,8,13,カズトシクン,牡3,54.0,高杉吏麒,1:48.8,クビ,11.6,6.0,504(+6),[西] 渡辺薫彦,202401020306
9,1,1,ジューンサレンダー,牡3,57.0,荻野琢真,1:48.8,アタマ,317.7,14.0,450(0),[西] 今野貞一,202401020306
10,4,5,フクノスナノバラ,牡3,55.0,小林勝太,1:49.2,2.1/2,78.0,11.0,476(-6),[東] 小野次郎,202401020306
11,7,12,サイレントヴォイス,牡3,57.0,永野猛蔵,1:49.3,1/2,218.0,13.0,466(+12),[東] 新開幸一,202401020306
12,5,8,レガッタ,牡3,57.0,横山典弘,1:49.4,1/2,10.1,5.0,472(0),[西] 昆貢,202401020306
13,7,11,イロンデル,牡3,57.0,北村友一,1:50.2,5,43.6,9.0,474(+4),[東] 小手川準,202401020306
14,3,3,スグラフィート,牡3,57.0,大野拓弥,1:50.2,クビ,100.2,12.0,500(+10),[東] 牧光二,202401020306
1,1,2,ウイントレメンデス,牡3,57.0,横山武史,2:00.3,,1.9,1.0,484(+2),[東] 鈴木伸尋,202401020307
2,3,6,サトノアライヴ,牡3,57.0,佐々木大,2:00.9,4,23.0,8.0,432(0),[西] 須貝尚介,202401020307
3,3,5,テイクノーティス,牡3,57.0,菱田裕二,2:01.2,1.1/2,76.0,13.0,444(-2),[東] 伊坂重信,202401020307
4,1,1,ラインポーチュラカ,牝3,55.0,古川吉洋,2:01.2,クビ,40.3,10.0,500(0),[東] 蛯名正義,202401020307
5,8,16,ニシノシャミナード,牝3,55.0,池添謙一,2:01.2,ハナ,9.3,3.0,434(+6),[東] 嘉藤貴行,202401020307
6,5,10,アイヲコメテ,牝3,55.0,浜中俊,2:01.4,3/4,12.6,4.0,488(+10),[東] 奥村武,202401020307
7,4,7,レディマキシマ,牝3,55.0,丹内祐次,2:01.6,1.1/4,4.9,2.0,502(+2),[東] 伊藤大士,202401020307
8,6,12,シャバツィ,牝3,55.0,富田暁,2:01.6,クビ,249.3,15.0,474(+8),[西] 荒川義之,202401020307
9,7,13,ルクスチェリー,牝3,55.0,武豊,2:01.7,1/2,14.5,5.0,478(+2),[西] 石橋守,202401020307
10,2,3,イズジョーノヒカリ,牝3,55.0,大野拓弥,2:01.8,1/2,22.8,7.0,472(+4),[西] 中尾秀正,202401020307
11,6,11,サトノクロシェット,牝3,55.0,北村友一,2:02.0,1,140.8,14.0,460(-4),[西] 平田修,202401020307
12,8,15,ゲンヨウサイ,牡3,54.0,長浜鴻緒,2:02.0,クビ,51.4,12.0,484(+2),[西] 西園翔太,202401020307
13,5,9,アオイシン,牡3,57.0,永野猛蔵,2:02.1,クビ,266.5,16.0,440(-18),[東] 古賀慎明,202401020307
14,7,14,タナバタ,牡3,54.0,高杉吏麒,2:02.1,アタマ,14.8,6.0,514(-2),[東] 武井亮,202401020307
15,4,8,ティラージュ,牝3,55.0,藤岡佑介,2:02.3,1.1/4,38.7,9.0,466(+2),[西] 野中賢二,202401020307
16,2,4,バスティオン,牡3,57.0,横山和生,2:03.8,9,47.8,11.0,556(-4),[東] 西田雄一,202401020307
1,7,10,ブレーザー,牡3,53.0,長浜鴻緒,0:59.6,,2.2,1.0,512(-2),[東] 伊坂重信,202401020308
2,6,7,コスモジョセフ,牡4,55.0,高杉吏麒,0:59.9,1.3/4,9.1,4.0,484(-4),[東] 伊藤大士,202401020308
3,1,1,カップッチョ,牡7,58.0,黛弘人,0:59.9,ハナ,43.7,7.0,494(+4),[東] 石毛善彦,202401020308
4,2,2,ヨドノゴールド,牡6,58.0,横山武史,0:59.9,ハナ,4.2,3.0,470(0),[西] 西園正都,202401020308
5,5,6,タミゼ,牝3,54.0,北村友一,1:00.2,1.3/4,4.2,2.0,488(+14),[西] 平田修,202401020308
6,7,9,ゴットリープ,牡4,58.0,丹内祐次,1:00.4,1.1/4,56.3,8.0,468(-2),[東] 栗田徹,202401020308
7,8,11,スパークルジョイ,牝3,54.0,斎藤新,1:00.5,クビ,11.4,5.0,448(+8),[西] 鮫島一歩,202401020308
8,3,3,アイノセンシ,牡4,58.0,古川吉洋,1:00.5,クビ,78.5,10.0,510(-4),[東] 牧光二,202401020308
9,5,5,オリンポスカズマ,牡4,58.0,富田暁,1:00.8,1.1/2,81.3,11.0,518(+8),[西] 平田修,202401020308
10,4,4,セイゲン,牡5,58.0,佐々木大,1:00.9,3/4,149.6,12.0,478(-2),[東] 中川公成,202401020308
11,6,8,シンゼンシャイン,牡6,55.0,川端海翼,1:00.9,クビ,21.2,6.0,512(+4),[西] 飯田祐史,202401020308
12,8,12,ナムラルッコラ,牝3,54.0,菱田裕二,1:02.1,7,72.5,9.0,498(+18),[西] 大橋勇樹,202401020308
1,8,12,ビーナスローズ,牝5,56.0,永野猛蔵,1:28.2,,3.1,1.0,442(0),[西] 杉山佳明,202401020309
2,2,2,ヴァシロペス,セ3,55.0,鮫島克駿,1:28.4,1,38.6,8.0,448(+4),[西] 緒方努,202401020309
3,5,6,マルカシャルマン,牝4,56.0,佐々木大,1:28.4,クビ,21.4,7.0,442(-2),[西] 浜田多実,202401020309
4,6,8,マイネルフォルツァ,牡4,58.0,丹内祐次,1:28.5,1/2,10.5,5.0,524(-2),[東] 金成貴史,202401020309
5,1,1,トラペジスト,牡3,55.0,北村友一,1:28.6,3/4,4.3,3.0,524(+10),[西] 音無秀孝,202401020309
6,6,9,フェゲフォイア,牡4,58.0,菱田裕二,1:28.7,クビ,13.0,6.0,454(+2),[西] 岡田稲男,202401020309
7,3,3,セレスト,牡3,55.0,川端海翼,1:28.8,3/4,55.4,11.0,432(0),[西] 羽月友彦,202401020309
8,7,11,テリオスルル,牝3,53.0,古川吉洋,1:29.0,1,8.4,4.0,474(-4),[東] 田島俊明,202401020309
9,8,13,マイネルモメンタム,牡3,55.0,横山武史,1:29.0,アタマ,3.6,2.0,474(+12),[東] 相沢郁,202401020309
10,4,5,テーオーヴァイナー,牡4,58.0,高杉吏麒,1:29.1,1,207.3,13.0,498(-8),[西] 藤岡健一,202401020309
11,7,10,セレスティアリティ,牝4,56.0,藤岡佑介,1:29.4,1.3/4,53.3,9.0,482(+4),[西] 西村真幸,202401020309
12,4,4,トワイライトウェイ,牡3,55.0,笹川翼,1:29.7,1.3/4,202.0,12.0,462(-8),[地] 佐藤裕太,202401020309
13,5,7,アフトクラーティラ,牝4,56.0,横山和生,1:30.5,5,55.1,10.0,484(-6),[東] 上原佑紀,202401020309
1,5,6,コスモブッドレア,牡3,55.0,横山武史,2:00.6,,2.9,1.0,484(+4),[東] 小野次郎,202401020310
2,1,1,マイネルオーシャン,牡3,55.0,丹内祐次,2:00.8,1.1/4,3.3,2.0,466(+4),[東] 鹿戸雄一,202401020310
3,2,2,ノーブルスカイ,牡3,55.0,鮫島克駿,2:00.8,クビ,16.2,5.0,468(0),[西] 高柳大輔,202401020310
4,4,4,アドミラルシップ,牡3,55.0,武豊,2:01.1,1.3/4,3.8,3.0,470(-2),[東] 相沢郁,202401020310
5,5,5,フォルテフィオーレ,牡3,55.0,佐々木大,2:01.1,1/2,7.5,4.0,438(+8),[東] 上原佑紀,202401020310
6,6,7,コスモエクスプレス,牡5,58.0,永野猛蔵,2:01.5,2.1/2,18.6,6.0,500(+4),[東] 松永康利,202401020310
7,7,9,マノア,牝3,51.0,富田暁,2:01.6,1/2,49.1,9.0,454(+6),[西] 上村洋行,202401020310
8,6,8,ルークスヘリオス,牡5,58.0,北村友一,2:01.8,1,39.5,8.0,482(-4),[東] 中川公成,202401020310
9,7,10,マイネルヒッツェ,牡6,58.0,黛弘人,2:02.1,1.1/2,196.9,10.0,482(+2),[東] 粕谷昌央,202401020310
10,8,11,アッシュバーグ,牝3,53.0,斎藤新,2:02.3,1.1/4,19.5,7.0,508(+4),[東] 斎藤誠,202401020310
11,3,3,アットアブラスト,牡4,58.0,和田翼,2:03.2,5,447.3,11.0,468(-4),[西] 小椋研介,202401020310
12,8,12,クリノエクリプス,牡3,55.0,川端海翼,2:04.7,9,590.1,12.0,482(+2),[西] 大根田裕,202401020310
1,2,2,フェミナフォルテ,牝4,53.0,小林勝太,2:40.5,,16.3,6.0,416(0),[東] 小島茂之,202401020311
2,5,8,カフェグランデ,牡3,54.0,横山和生,2:40.7,1.1/4,6.7,4.0,462(+2),[東] 嘉藤貴行,202401020311
3,4,6,ゴージョニーゴー,牡3,54.0,藤岡佑介,2:40.7,ハナ,3.8,2.0,516(0),[西] 四位洋文,202401020311
4,6,10,ハヤテノフクノスケ,牡3,54.0,笹川翼,2:40.7,ハナ,3.4,1.0,510(-4),[西] 中村直也,202401020311
5,5,7,ヴェルミセル,牝4,53.0,武豊,2:40.9,1.1/2,27.5,9.0,462(+6),[西] 吉村圭司,202401020311
6,1,1,アドマイヤサジー,牝4,55.0,丹内祐次,2:40.9,クビ,5.7,3.0,438(-4),[東] 宮田敬介,202401020311
7,4,5,ライフセービング,牡3,54.0,古川吉洋,2:41.6,4,21.1,8.0,450(-2),[西] 宮徹,202401020311
8,6,9,ソリダリティ,牡5,56.0,北村友一,2:41.7,クビ,37.2,11.0,510(+4),[西] 西園翔太,202401020311
9,3,3,ナムアミダブツ,牡7,55.0,菱田裕二,2:41.7,アタマ,68.5,14.0,480(+6),[西] 石坂公一,202401020311
10,3,4,ノーブルクライ,牡4,57.0,大野拓弥,2:41.8,3/4,19.6,7.0,502(+4),[東] 田村康仁,202401020311
11,7,12,ストキャスティーク,牝5,53.0,永野猛蔵,2:41.9,クビ,54.6,13.0,452(0),[東] 大竹正博,202401020311
12,8,13,ヒシタイカン,セ4,56.0,佐々木大,2:42.1,1.1/4,36.1,10.0,432(+8),[東] 堀宣行,202401020311
13,8,14,ナイトスラッガー,牡3,54.0,鮫島克駿,2:42.1,クビ,13.0,5.0,516(-2),[西] 小栗実,202401020311
14,7,11,ウェイビー,牝4,54.0,斎藤新,2:42.4,1.1/2,43.3,12.0,540(+4),[西] 西村真幸,202401020311
1,8,8,クラヴィコード,牝3,53.0,笹川翼,1:46.8,,8.8,4.0,490(0),[西] 中村直也,202401020312
2,3,3,パルクリチュード,牝4,56.0,鮫島克駿,1:47.7,5,2.6,2.0,458(+10),[西] 松永幹夫,202401020312
3,7,7,ヤエベニシダレ,牝4,54.0,小林勝太,1:47.8,3/4,15.9,6.0,470(+10),[西] 梅田智之,202401020312
4,4,4,プルーヴンウィナー,牝3,53.0,佐々木大,1:48.0,1,7.5,3.0,490(+2),[西] 矢作芳人,202401020312
5,6,6,シュニー,牝4,56.0,富田暁,1:48.7,4,71.6,7.0,474(+2),[西] 小崎憲,202401020312
6,5,5,ジュエルマイスター,牝4,56.0,丹内祐次,1:48.8,1/2,10.1,5.0,498(+20),[東] 辻哲英,202401020312
7,1,1,カンバーランド,牝3,53.0,武豊,1:49.5,4,2.2,1.0,546(+14),[西] 高橋義忠,202401020312
8,8,9,クリノキューチャン,牝5,53.0,長浜鴻緒,1:49.6,アタマ,285.7,9.0,480(-4),[東] 天間昭一,202401020312
9,2,2,ゴルトヴェーレ,牝3,53.0,永野猛蔵,1:51.0,9,143.8,8.0,484(+2),[東] 水野貴広,202401020312
1,7,7,オーケースマイル,牝2,55.0,武豊,1:29.7,,1.8,1.0,424(+12),[東] 相沢郁,202401020401
2,2,2,ホウオウライダイ,牡2,55.0,古川吉洋,1:30.0,1.1/2,6.5,4.0,478(0),[西] 宮徹,202401020401
3,4,4,リュウゼツラン,牝2,55.0,丹内祐次,1:30.2,1.1/4,6.1,3.0,450(+4),[東] 水野貴広,202401020401
4,1,1,シャインローザ,牝2,53.0,小林勝太,1:30.4,1.1/4,19.7,6.0,452(-6),[西] 中村直也,202401020401
5,5,5,ポルタフェリーチェ,牝2,55.0,浜中俊,1:30.4,クビ,97.9,8.0,454(0),[西] 長谷川浩,202401020401
6,3,3,セイウンピカイチ,牡2,55.0,永野猛蔵,1:30.4,アタマ,57.2,7.0,466(0),[東] 尾形和幸,202401020401
7,8,9,ナンナンプー,牝2,55.0,佐々木大,1:30.5,1/2,10.9,5.0,442(-4),[東] 矢嶋大樹,202401020401
8,6,6,シカレ,牝2,51.0,古川奈穂,1:31.2,4,4.8,2.0,412(+2),[西] 矢作芳人,202401020401
9,8,8,オールマイタイム,牝2,52.0,長浜鴻緒,1:31.7,3,117.6,9.0,394(+6),[東] 千葉直人,202401020401
1,7,9,ハッピーダンス,牝3,52.0,高杉吏麒,1:00.0,,2.4,1.0,456(-2),[西] 茶木太樹,202401020402
2,3,3,ヴァンセゾニエ,牡3,57.0,菱田裕二,1:00.2,3/4,8.7,3.0,478(0),[東] 武藤善則,202401020402
3,6,8,ケイアイカペラ,牡3,57.0,横山武史,1:00.3,3/4,19.6,6.0,498(-4),[西] 新谷功一,202401020402
4,2,2,ハイケンス,牡3,57.0,田辺裕信,1:00.3,アタマ,23.5,8.0,460(+4),[西] 今野貞一,202401020402
5,4,4,ココモローズ,牝3,55.0,佐々木大,1:00.4,3/4,11.9,5.0,420(-2),[東] 高木登,202401020402
6,6,7,モズマサニャン,牡3,57.0,岩田康誠,1:00.7,1.3/4,10.2,4.0,456(+4),[東] 加藤征弘,202401020402
7,5,6,リオネラ,牝3,52.0,長浜鴻緒,1:00.8,3/4,2.8,2.0,440(-4),[東] 村田一誠,202401020402
8,8,12,ジュネスヒマリ,牝3,53.0,小林勝太,1:00.9,クビ,61.2,10.0,458(+12),[東] 小野次郎,202401020402
9,8,11,ロカブルン,牝3,52.0,川端海翼,1:01.2,1.3/4,22.0,7.0,466(+10),[西] 吉田直弘,202401020402
10,5,5,レターフロムパリ,牝3,55.0,丹内祐次,1:01.7,3,34.9,9.0,440(+2),[東] 西田雄一,202401020402
11,1,1,アルテミーナ,牝3,55.0,亀田温心,1:02.1,2,269.7,11.0,504(+18),[西] 村山明,202401020402
取,7,10,エイシンボンバー,牡3,57.0,荻野琢真,,,---,,計不,[東] 勢司和浩,202401020402
1,1,1,サンマルミッション,牡3,57.0,古川吉洋,1:48.1,,6.8,5.0,442(0),[東] 和田勇介,202401020403
2,5,8,オーヴァーマスター,牡3,54.0,高杉吏麒,1:48.3,1,17.5,8.0,452(-2),[西] 石坂公一,202401020403
3,8,14,レッドレフィナード,牡3,57.0,田辺裕信,1:48.8,3,4.9,3.0,488(-4),[東] 栗田徹,202401020403
4,7,11,マクミランテソーロ,牡3,57.0,丹内祐次,1:48.8,クビ,3.9,1.0,476(-2),[東] 田中剛,202401020403
5,8,13,サトノフォルテ,牡3,57.0,佐々木大,1:49.3,3,12.4,7.0,480(-4),[東] 国枝栄,202401020403
6,6,9,ドゥザキャッチ,牝3,52.0,長浜鴻緒,1:49.4,クビ,4.6,2.0,456(+6),[東] 田中博康,202401020403
7,5,7,リアルペガサス,牡3,54.0,川端海翼,1:49.7,1.1/2,9.8,6.0,460(+4),[西] 大橋勇樹,202401020403
8,3,3,バスターウルフ,牡3,57.0,武豊,1:50.4,4,6.6,4.0,496(+2),[東] 田村康仁,202401020403
9,7,12,プラチナバンド,牡3,57.0,永野猛蔵,1:50.6,1.1/2,123.2,11.0,514(+8),[東] 新開幸一,202401020403
10,4,6,ナムラミック,牡3,57.0,岩橋勇二,1:50.8,1,81.1,9.0,488(+4),[西] 村山明,202401020403
11,2,2,デルマプルシャ,セ3,55.0,小林勝太,1:51.0,1.1/4,268.2,13.0,478(+6),[西] 宮本博,202401020403
12,3,4,ゴルトシュトラール,牡3,57.0,岩田康誠,1:51.7,4,167.0,12.0,434(-6),[東] 小島茂之,202401020403
13,6,10,クリノタンザナイト,牡3,57.0,亀田温心,1:51.9,1.1/4,428.9,14.0,462(+4),[西] 荒川義之,202401020403
14,4,5,ゲンブ,牡3,57.0,菱田裕二,1:56.0,大,100.2,10.0,488(0),[東] 高木登,202401020403
1,3,3,ショウナンガチ,牡3,57.0,池添謙一,2:40.7,,3.4,1.0,504(-4),[西] 須貝尚介,202401020404
2,3,4,アークドール,牡3,57.0,横山典弘,2:41.5,5,4.3,2.0,448(0),[西] 松永幹夫,202401020404
3,8,13,シングルハーテッド,牝3,55.0,横山武史,2:41.9,2.1/2,16.4,7.0,432(-4),[西] 吉岡辰弥,202401020404
4,7,11,ベレンガリア,牝3,53.0,小林勝太,2:42.4,3,36.9,11.0,428(-2),[西] 平田修,202401020404
5,7,12,カラーオブジアース,牡3,57.0,佐々木大,2:42.5,クビ,5.9,3.0,470(-2),[東] 上原佑紀,202401020404
6,4,5,ヘヴンズクライ,牡3,57.0,大野拓弥,2:42.6,3/4,6.7,4.0,414(0),[東] 大竹正博,202401020404
7,5,7,ポーラーシュテルン,牝3,55.0,丹内祐次,2:43.0,2.1/2,41.0,12.0,480(-10),[東] 青木孝文,202401020404
8,2,2,アークレアル,牝3,55.0,古川吉洋,2:44.0,6,19.6,8.0,488(0),[西] 杉山晴紀,202401020404
9,4,6,シンボリノエル,牝3,51.0,古川奈穂,2:44.2,1.1/4,216.7,14.0,494(-4),[東] 菊川正達,202401020404
10,6,9,モンサンケコア,牡3,57.0,富田暁,2:44.8,4,16.4,6.0,500(+4),[西] 中竹和也,202401020404
11,8,14,コレギウム,牡3,57.0,永野猛蔵,2:45.8,6,58.4,13.0,492(+4),[西] 池江泰寿,202401020404
12,6,10,クセノポン,牡3,57.0,藤岡佑介,2:46.3,2.1/2,23.2,10.0,478(+8),[西] 中内田充,202401020404
13,5,8,トーマスフレア,牡3,57.0,浜中俊,2:46.4,3/4,12.3,5.0,506(0),[西] 四位洋文,202401020404
14,1,1,アルレジャン,牡3,57.0,田辺裕信,2:47.2,5,21.6,9.0,500(-6),[西] 藤原英昭,202401020404
1,8,8,ショウナンバルドル,牡2,55.0,池添謙一,2:04.6,,2.3,1.0,502(0),[西] 須貝尚介,202401020405
2,2,2,カミノレアル,牡2,55.0,菱田裕二,2:04.7,1,10.5,6.0,520(0),[西] 今野貞一,202401020405
3,7,7,グランカッサ,牝2,55.0,岩田康誠,2:05.2,3,5.4,3.0,498(0),[東] 加藤士津,202401020405
4,8,9,ナンヨーエンペラー,牡2,55.0,武豊,2:05.4,1,4.0,2.0,476(0),[西] 松永幹夫,202401020405
5,3,3,アカイツメ,牝2,55.0,亀田温心,2:06.2,5,78.4,8.0,436(0),[西] 北出成人,202401020405
6,4,4,ハプスブルグ,牝2,55.0,丹内祐次,2:06.2,クビ,9.8,5.0,480(0),[西] 河嶋宏樹,202401020405
7,6,6,シャルクハフト,牡2,55.0,横山武史,2:06.9,4,6.6,4.0,478(0),[西] 清水久詞,202401020405
8,1,1,スマートクオーレ,牡2,55.0,小林凌大,2:08.3,9,78.8,9.0,490(0),[東] 粕谷昌央,202401020405
9,5,5,シャイニーシップ,牡2,55.0,佐々木大,2:09.7,8,53.1,7.0,488(0),[東] 畠山吉宏,202401020405
1,8,12,ハイランドリンクス,牝4,56.0,藤岡佑介,2:36.3,,6.5,3.0,478(-4),[西] 奥村豊,202401020406
2,8,11,ユアフラッシュ,牝4,53.0,川端海翼,2:37.0,4,19.0,7.0,468(+14),[西] 辻野泰之,202401020406
3,5,5,エミサソウツバサ,牡5,58.0,永野猛蔵,2:37.2,1.1/4,82.6,12.0,526(+14),[西] 杉山佳明,202401020406
4,7,10,フロンタルジェダイ,牡5,58.0,富田暁,2:37.3,1/2,20.0,8.0,522(-24),[西] 高橋義忠,202401020406
5,3,3,サトノレイズ,牡3,53.0,小林勝太,2:37.4,1/2,3.2,2.0,458(-4),[東] 田中博康,202401020406
6,6,7,ブレイヴアロウ,牡4,58.0,丹内祐次,2:37.4,アタマ,15.7,5.0,492(-2),[東] 辻哲英,202401020406
7,7,9,アンノウンウォリア,牡5,55.0,長浜鴻緒,2:37.7,1.1/2,23.9,9.0,474(+10),[西] 平田修,202401020406
8,2,2,タケルゴールド,牡3,55.0,岩田康誠,2:37.8,1/2,2.8,1.0,456(+6),[東] 加藤征弘,202401020406
9,1,1,クロスザルビコン,牡7,55.0,高杉吏麒,2:37.8,クビ,9.1,4.0,462(-2),[東] 大和田成,202401020406
10,6,8,アルデドゥオーモ,牡3,55.0,佐々木大,2:39.2,9,17.9,6.0,478(0),[東] 矢野英一,202401020406
11,4,4,タマモマスラオ,牡4,58.0,石川倭,2:40.8,10,42.3,11.0,482(-6),[西] 緒方努,202401020406
12,5,6,シェアホルダーズ,牡3,51.0,古川奈穂,2:42.0,7,36.0,10.0,490(-6),[西] 松永幹夫,202401020406
1,2,2,ウインルピナス,牝4,56.0,横山武史,2:01.2,,5.7,3.0,442(+10),[東] 鈴木伸尋,202401020407
2,8,13,キヨラ,牝6,56.0,永野猛蔵,2:01.5,2,41.6,8.0,476(-12),[東] 堀内岳志,202401020407
3,7,10,トレミニョン,牝3,53.0,佐々木大,2:01.8,1.3/4,2.5,1.0,462(+4),[東] 和田勇介,202401020407
4,7,11,トゥルブレンツ,牝4,56.0,石川倭,2:02.0,1.1/4,66.1,9.0,440(+14),[西] 小栗実,202401020407
5,1,1,コスモエスメラルダ,牝3,53.0,丹内祐次,2:02.0,ハナ,41.0,7.0,504(-12),[東] 畠山吉宏,202401020407
6,5,7,ルージュピルエット,牝3,53.0,菱田裕二,2:02.1,クビ,15.1,5.0,480(+2),[西] 大久保龍,202401020407
7,6,9,バロックダンス,牝4,56.0,大野拓弥,2:02.1,クビ,100.6,11.0,466(+2),[東] 小手川準,202401020407
8,4,4,ピクシレーション,牝4,54.0,小林勝太,2:02.2,1/2,18.6,6.0,480(+2),[東] 菊沢隆徳,202401020407
9,3,3,エイトスターズ,牝4,56.0,武豊,2:02.3,クビ,9.0,4.0,478(0),[西] 坂口智康,202401020407
10,5,6,ソニックドライブ,牝3,53.0,川田将雅,2:02.3,クビ,2.8,2.0,446(+6),[西] 田中克典,202401020407
11,8,12,ニホンピロアリー,牝4,53.0,高杉吏麒,2:02.4,クビ,82.1,10.0,432(+10),[西] 中尾秀正,202401020407
12,4,5,ビヨンドザリミット,牝5,52.0,古川奈穂,2:02.9,3,102.3,12.0,474(+6),[東] 稲垣幸雄,202401020407
13,6,8,キセキノエンジェル,牝5,56.0,黛弘人,2:02.9,クビ,326.2,13.0,466(+4),[東] 石毛善彦,202401020407
1,7,7,ニタモノドウシ,牡2,55.0,川田将雅,1:28.6,,2.9,2.0,460(-2),[東] 高木登,202401020408
2,4,4,ミリオンローズ,牝2,55.0,横山武史,1:28.9,2,1.6,1.0,462(+20),[東] 萩原清,202401020408
3,2,2,バセリーナ,牡2,55.0,丹内祐次,1:29.3,2.1/2,28.4,5.0,440(0),[東] 松山将樹,202401020408
4,1,1,ソロモン,牡2,55.0,佐々木大,1:29.5,1.1/2,5.1,3.0,524(0),[東] 堀宣行,202401020408
5,3,3,ウィルオレオール,牡2,55.0,石川倭,1:29.7,1.1/4,16.8,4.0,460(-2),[地] 小国博行,202401020408
6,7,8,エイシンマジョリカ,牝2,55.0,大野拓弥,1:30.3,3.1/2,84.6,6.0,448(-2),[地] 米川昇,202401020408
7,8,9,エイシンナデシコ,牝2,55.0,永野猛蔵,1:30.4,1/2,175.4,7.0,454(-6),[地] 村上正和,202401020408
8,8,10,ラヴェイ,牡2,55.0,岩橋勇二,1:30.9,3,291.7,9.0,446(+4),[地] 田中淳司,202401020408
9,5,5,ノリノリブリランテ,牡2,55.0,小野楓馬,1:31.2,1.3/4,193.4,8.0,452(-24),[地] 小野望,202401020408
取,6,6,ヴーレヴー,牝2,55.0,浜中俊,,,---,,計不,[西] 武幸四郎,202401020408
1,2,2,リフレクトザムーン,牝3,53.0,小林勝太,1:46.2,,35.8,10.0,462(+16),[東] 尾形和幸,202401020409
2,3,4,アーレンダール,牝5,56.0,岩田康誠,1:46.2,ハナ,12.5,7.0,502(0),[東] 宮田敬介,202401020409
3,4,5,ホウオウプレミア,牡5,58.0,菱田裕二,1:46.5,1.1/2,11.2,6.0,482(+2),[東] 奥村武,202401020409
4,3,3,タマモプルメリア,牝3,53.0,高杉吏麒,1:46.6,1.1/4,31.9,9.0,460(+2),[西] 大橋勇樹,202401020409
5,6,10,キョウエイゲイル,セ4,58.0,石川倭,1:46.9,1.3/4,10.5,5.0,470(0),[西] 田中克典,202401020409
6,6,9,シンヨモギネス,牡6,58.0,丹内祐次,1:47.1,1,4.6,2.0,488(0),[東] 伊藤圭三,202401020409
7,7,12,マコトヴィクラント,牡4,58.0,古川吉洋,1:47.2,クビ,294.8,14.0,482(+10),[西] 鮫島一歩,202401020409
8,7,11,アセレラシオン,牡3,55.0,武豊,1:47.2,クビ,2.7,1.0,528(+2),[西] 浜田多実,202401020409
9,1,1,グランドエスケープ,牡3,55.0,大野拓弥,1:47.3,1/2,15.0,8.0,464(-4),[西] 藤沢則雄,202401020409
10,8,14,ディサイド,牡5,58.0,佐々木大,1:47.4,クビ,71.7,12.0,484(-4),[西] 高野友和,202401020409
11,4,6,デルマオシダシ,牝4,56.0,永野猛蔵,1:47.5,1/2,54.7,11.0,474(+6),[東] 鈴木慎太,202401020409
12,5,7,ワイワイレジェンド,牡3,55.0,荻野琢真,1:48.0,3,7.1,3.0,472(-8),[西] 矢作芳人,202401020409
13,8,13,モンドプリューム,牡4,58.0,横山武史,1:48.1,1,9.6,4.0,506(+4),[東] 水野貴広,202401020409
14,5,8,メイショウシロガネ,牡6,58.0,浜中俊,1:48.4,1.1/2,100.3,13.0,464(-16),[西] 笹田和秀,202401020409
1,1,1,シカゴスティング,牝3,54.0,川田将雅,1:08.3,,2.8,1.0,434(+8),[西] 庄野靖志,202401020410
2,6,12,ツインクルトーズ,牝4,56.0,古川吉洋,1:08.4,1/2,372.5,16.0,508(+8),[東] 牧光二,202401020410
3,8,16,カピリナ,牝3,54.0,田辺裕信,1:08.5,1/2,2.8,2.0,472(-2),[東] 田島俊明,202401020410
4,4,8,ヒラボクミニー,牝3,54.0,横山典弘,1:08.6,1/2,24.0,7.0,480(0),[東] 村田一誠,202401020410
5,7,13,スミレファースト,牝3,54.0,武豊,1:08.6,ハナ,20.5,6.0,452(-2),[東] 加藤征弘,202401020410
6,7,14,メイショウミリオレ,牝3,54.0,高杉吏麒,1:08.6,ハナ,15.7,5.0,494(+12),[西] 藤岡健一,202401020410
7,5,10,マルプリ,牝4,56.0,富田暁,1:08.6,アタマ,46.9,8.0,462(+2),[東] 青木孝文,202401020410
8,6,11,ハピネスアゲン,牝5,56.0,菱田裕二,1:08.8,1.1/4,61.6,13.0,462(+6),[東] 萱野浩二,202401020410
9,3,5,ジョリダム,牝4,56.0,石川倭,1:08.9,1/2,60.5,12.0,442(-6),[西] 武英智,202401020410
10,8,15,オックスリップ,牝4,56.0,佐々木大,1:08.9,アタマ,55.7,10.0,462(+6),[西] 杉山晴紀,202401020410
11,1,2,ミズノコキュウ,牝5,56.0,丹内祐次,1:08.9,アタマ,15.0,4.0,436(+4),[東] 水野貴広,202401020410
12,5,9,エリカカリーナ,牝3,54.0,横山武史,1:09.0,アタマ,4.9,3.0,424(0),[東] 宮田敬介,202401020410
13,2,3,サウンドクレア,牝5,56.0,浜中俊,1:09.3,2,58.4,11.0,462(+16),[西] 安達昭夫,202401020410
14,2,4,アサギリ,牝3,54.0,永野猛蔵,1:09.4,1,107.5,14.0,436(-4),[東] 尾形和幸,202401020410
15,4,7,グランツベリー,牝4,56.0,藤岡佑介,1:09.5,1/2,48.9,9.0,458(+8),[西] 田中克典,202401020410
16,3,6,パルプフィクション,牝3,54.0,小林勝太,1:10.5,6,169.4,15.0,436(-8),[西] 飯田祐史,202401020410
1,8,12,ノースブリッジ,牡6,58.0,岩田康誠,1:59.6,,14.5,5.0,502(+1),[東] 奥村武,202401020411
2,2,2,ジオグリフ,牡5,58.0,横山武史,1:59.9,1.3/4,7.8,3.0,512(+2),[東] 木村哲也,202401020411
3,7,9,ステラヴェローチェ,牡6,58.0,横山典弘,2:00.0,1,13.4,4.0,508(+2),[西] 須貝尚介,202401020411
4,8,11,プログノーシス,牡6,58.0,川田将雅,2:00.1,クビ,1.3,1.0,478(-6),[西] 中内田充,202401020411
5,4,4,シャフリヤール,牡6,58.0,武豊,2:00.2,1,7.6,2.0,464(0),[西] 藤原英昭,202401020411
6,5,6,トップナイフ,牡4,58.0,田辺裕信,2:00.4,3/4,40.9,7.0,488(+8),[西] 昆貢,202401020411
7,6,8,アウスヴァール,セ6,58.0,古川吉洋,2:00.4,クビ,128.4,9.0,494(0),[西] 昆貢,202401020411
8,5,5,チャックネイト,セ6,58.0,佐々木大,2:00.5,クビ,59.2,8.0,470(-6),[東] 堀宣行,202401020411
9,7,10,モズゴールドバレル,牝5,56.0,池添謙一,2:00.7,1.1/4,201.0,10.0,470(+4),[西] 藤岡健一,202401020411
10,1,1,ドゥラエレーデ,牡4,58.0,藤岡佑介,2:01.0,1.3/4,20.0,6.0,524(+2),[西] 池添学,202401020411
11,6,7,ホウオウアマゾン,牡6,58.0,菱田裕二,2:01.8,5,287.2,11.0,524(0),[西] 矢作芳人,202401020411
除,3,3,ボッケリーニ,牡8,58.0,浜中俊,,,---,,474(0),[西] 池江泰寿,202401020411
1,6,9,オーバーザドリーム,牡4,58.0,佐々木大,1:47.5,,4.3,3.0,468(-6),[西] 清水久詞,202401020412
2,2,2,メイショウソムリエ,牡3,55.0,武豊,1:48.0,2.1/2,2.9,1.0,524(+2),[東] 蛯名正義,202401020412
3,8,13,カルパ,牡3,55.0,川田将雅,1:48.3,2,4.0,2.0,432(-2),[西] 須貝尚介,202401020412
4,7,11,ニシノアウェイク,牡3,55.0,永野猛蔵,1:48.4,アタマ,21.1,7.0,486(+20),[東] 伊藤圭三,202401020412
5,3,3,ロードインフェルノ,牡3,55.0,丹内祐次,1:48.4,クビ,8.4,5.0,486(+16),[東] 尾形和幸,202401020412
6,6,10,レッドアウレア,セ6,55.0,高杉吏麒,1:48.6,1.1/4,356.8,14.0,488(+2),[東] 尾関知人,202401020412
7,3,4,ナイトスピアー,牡4,56.0,小林勝太,1:48.8,1.1/4,193.6,13.0,492(-2),[東] 小野次郎,202401020412
8,5,8,フリッパー,牡4,58.0,黛弘人,1:48.8,ハナ,39.7,8.0,506(+2),[東] 戸田博文,202401020412
9,8,14,ウッドショック,牡5,58.0,大野拓弥,1:48.8,ハナ,117.2,11.0,514(+2),[東] 杉浦宏昭,202401020412
10,4,6,ジェミニキング,セ8,55.0,川端海翼,1:49.0,1,179.1,12.0,492(-20),[西] 庄野靖志,202401020412
11,1,1,ガルデルクラージュ,牡3,55.0,富田暁,1:49.1,クビ,16.9,6.0,510(+10),[西] 武英智,202401020412
12,4,5,ベント,セ3,55.0,古川吉洋,1:49.3,1.1/2,7.0,4.0,420(-4),[西] 小崎憲,202401020412
13,7,12,ミルトパワー,牡3,52.0,長浜鴻緒,1:49.8,3,103.5,9.0,518(+18),[東] 武市康男,202401020412
14,5,7,トニトゥルス,牡4,58.0,石川倭,1:50.0,1,108.9,10.0,482(0),[東] 新開幸一,202401020412
1,1,1,ロードヴェルト,牡2,52.0,高杉吏麒,1:09.7,,3.3,2.0,416(0),[西] 牧浦充徳,202401020501
2,3,3,カウンターセブン,牡2,55.0,モレイラ,1:09.7,クビ,1.2,1.0,476(-4),[東] 村田一誠,202401020501
3,4,4,ラッキーカムカム,牝2,55.0,丹内祐次,1:10.6,5,15.0,3.0,458(+2),[西] 中村直也,202401020501
4,5,5,グーフドリファール,牝2,55.0,佐々木大,1:10.7,1/2,22.4,5.0,400(+2),[西] 安達昭夫,202401020501
5,7,7,ナンナンプー,牝2,52.0,長浜鴻緒,1:10.9,1.1/2,22.1,4.0,440(-2),[東] 矢嶋大樹,202401020501
6,6,6,キョウエイウインド,牝2,55.0,小林凌大,1:11.3,2.1/2,122.4,7.0,388(-18),[東] 萱野浩二,202401020501
7,2,2,オールマイタイム,牝2,51.0,古川奈穂,1:11.6,1.1/2,114.0,6.0,386(-8),[東] 千葉直人,202401020501
1,2,2,ローレルオーブ,牡2,55.0,ホー,1:50.2,,11.8,5.0,448(-8),[西] 杉山佳明,202401020502
2,4,4,アースグレーザー,牡2,55.0,ルメール,1:50.2,ハナ,2.2,1.0,462(-2),[西] 中村直也,202401020502
3,8,9,アルハイルフォート,牡2,55.0,北村友一,1:50.2,クビ,7.5,4.0,484(+6),[西] 高野友和,202401020502
4,7,7,ノースタンダード,牡2,55.0,横山和生,1:51.0,5,5.5,3.0,528(+2),[東] 栗田徹,202401020502
5,3,3,フタリセゾン,牝2,52.0,長浜鴻緒,1:52.0,6,74.4,6.0,420(0),[東] 勢司和浩,202401020502
6,1,1,ミシュリーヌ,牝2,53.0,小林勝太,1:52.3,1.3/4,164.0,8.0,450(+8),[東] 小西一男,202401020502
7,6,6,ロードジェネシス,牡2,55.0,坂井瑠星,1:52.4,1/2,2.6,2.0,484(+14),[西] 奥村豊,202401020502
8,5,5,コスモリスナー,牡2,55.0,丹内祐次,1:52.5,1/2,78.4,7.0,506(-6),[西] 宮徹,202401020502
9,8,8,キタノエーシン,牡2,55.0,黛弘人,1:53.1,3.1/2,323.2,9.0,480(+4),[東] 蛯名利弘,202401020502
1,8,12,ミルフルール,牝3,55.0,北村友一,0:59.3,,3.6,2.0,478(0),[東] 伊坂重信,202401020503
2,7,10,エクサビット,牝3,55.0,坂井瑠星,1:00.2,5,4.6,3.0,456(0),[東] 萩原清,202401020503
3,6,7,ジュビランス,牝3,55.0,ホー,1:00.4,3/4,28.1,9.0,450(-6),[東] 木村哲也,202401020503
4,1,1,スキーサンダー,牝3,55.0,ルメール,1:00.5,3/4,3.1,1.0,476(0),[東] 辻哲英,202401020503
5,3,3,ラントゥリーダンス,牝3,52.0,川端海翼,1:00.6,1/2,14.1,5.0,468(+8),[東] 石栗龍彦,202401020503
6,5,6,マリノバレリーナ,牝3,55.0,丹内祐次,1:00.7,クビ,7.7,4.0,460(+18),[東] 松永康利,202401020503
7,7,9,アルヘンティニータ,牝3,53.0,小林勝太,1:00.7,クビ,33.9,10.0,430(-4),[東] 伊藤圭三,202401020503
8,5,5,ココモローズ,牝3,52.0,高杉吏麒,1:01.0,1.3/4,16.2,7.0,414(-6),[東] 高木登,202401020503
9,6,8,ディディット,牝3,55.0,富田暁,1:01.3,1.3/4,15.2,6.0,444(0),[西] 木原一良,202401020503
10,8,11,オレンジサファイア,牝3,55.0,ティータ,1:01.6,2,24.2,8.0,488(+16),[西] 岡田稲男,202401020503
11,4,4,コパマエチャン,牝3,55.0,吉村智洋,1:02.0,2.1/2,65.3,11.0,480(+4),[東] 大和田成,202401020503
除,2,2,ダイユウグラフ,牝3,52.0,長浜鴻緒,,,---,,478(0),[東] 松永康利,202401020503
1,6,10,アイウィル,牡3,57.0,北村友一,1:47.1,,3.7,2.0,518(+4),[東] 高木登,202401020504
2,8,14,ケーヴァラ,牡3,57.0,坂井瑠星,1:47.8,4,2.7,1.0,468(0),[西] 羽月友彦,202401020504
3,2,2,ダイゴリュウジン,牡3,57.0,丹内祐次,1:48.2,2.1/2,26.2,6.0,472(+8),[東] 清水英克,202401020504
4,7,12,ルージュベルベット,牝3,55.0,武豊,1:48.5,2,7.0,5.0,426(+12),[東] 黒岩陽一,202401020504
5,5,7,マーシャルテイル,牡3,57.0,ホー,1:48.6,1/2,67.5,7.0,452(0),[西] 池添学,202401020504
6,4,6,ルーフオブヘヴン,牝3,55.0,大野拓弥,1:48.9,2,68.4,8.0,458(+4),[東] 武藤善則,202401020504
7,4,5,ダノンロッキー,牡3,57.0,川田将雅,1:49.3,2,5.4,4.0,496(+2),[東] 萩原清,202401020504
8,5,8,ワカミヤノミコト,牡3,57.0,吉村智洋,1:49.6,1.3/4,416.8,13.0,482(+10),[東] 稲垣幸雄,202401020504
9,3,3,ウイントールキン,牡3,57.0,佐々木大,1:49.6,クビ,163.2,9.0,490(+2),[西] 西園正都,202401020504
10,1,1,モズオラージュ,牡3,53.0,古川奈穂,1:50.8,7,318.5,11.0,486(-2),[西] 矢作芳人,202401020504
11,3,4,スターゲット,牡3,57.0,モレイラ,1:50.9,3/4,4.9,3.0,454(-4),[東] 中舘英二,202401020504
12,8,13,メイショウムラゲ,牡3,57.0,荻野琢真,1:53.8,大,450.3,14.0,472(+8),[西] 鮫島一歩,202401020504
13,6,9,ウィナールーツ,牡3,57.0,黛弘人,1:54.7,5,359.8,12.0,430(0),[東] 堀内岳志,202401020504
14,7,11,フィオリトゥーラ,牝3,55.0,サンチア,1:55.4,4,180.8,10.0,432(+16),[西] 森田直行,202401020504
1,6,7,グランジョルノ,牡2,55.0,ルメール,1:50.0,,5.1,2.0,472(0),[東] 高柳瑞樹,202401020505
2,5,5,キミオモウハナ,牝2,53.0,小林勝太,1:50.3,2,90.5,9.0,480(0),[西] 杉山佳明,202401020505
3,5,6,トルショー,牡2,55.0,モレイラ,1:50.6,1.3/4,5.9,3.0,468(0),[東] 伊藤圭三,202401020505
4,6,8,ルクソールカフェ,牡2,55.0,レーン,1:50.8,1.1/2,1.4,1.0,530(0),[東] 堀宣行,202401020505
5,7,10,レディゴディヴァ,牝2,55.0,吉村智洋,1:51.1,1.1/2,113.5,10.0,420(0),[西] 小崎憲,202401020505
6,7,9,ナックシュバリエ,牡2,55.0,大野拓弥,1:51.7,3.1/2,239.6,12.0,478(0),[東] 杉浦宏昭,202401020505
7,8,12,デアルーチェ,牝2,55.0,丹内祐次,1:51.7,ハナ,29.2,6.0,478(0),[東] 宮田敬介,202401020505
8,4,4,マンボルンバ,牡2,55.0,坂井瑠星,1:51.9,1.1/2,67.8,8.0,522(0),[東] 加藤征弘,202401020505
9,8,11,プルシャプラ,牡2,55.0,佐々木大,1:52.0,1/2,21.4,5.0,510(0),[東] 池上昌和,202401020505
10,2,2,フォレストオール,牝2,55.0,横山和生,1:52.1,クビ,19.2,4.0,440(0),[東] 栗田徹,202401020505
11,1,1,アースカムイ,牡2,55.0,小林凌大,1:53.5,8,201.4,11.0,464(0),[東] 小西一男,202401020505
12,3,3,カーミングライツ,牡2,55.0,ティータ,1:55.0,9,61.9,7.0,520(0),[東] 小島茂之,202401020505
1,8,14,アドマイヤアストラ,牡3,57.0,武豊,1:28.6,,5.7,4.0,440(+6),[西] 友道康夫,202401020506
2,5,7,ロンフォン,牝3,55.0,戸崎圭太,1:28.9,1.1/2,8.4,5.0,428(+4),[東] 久保田貴,202401020506
3,4,5,ココシャンパーニュ,牝3,55.0,北村友一,1:28.9,ハナ,3.7,1.0,468(+6),[西] 音無秀孝,202401020506
4,3,4,ブライティアダイヤ,牝3,55.0,永野猛蔵,1:29.0,クビ,14.8,6.0,464(0),[東] 稲垣幸雄,202401020506
5,3,3,スウィートリワード,牝3,55.0,ルメール,1:29.4,2.1/2,4.1,2.0,456(+2),[西] 宮本博,202401020506
6,6,10,メイショウマゴイチ,牡3,57.0,浜中俊,1:29.4,クビ,36.6,8.0,498(+22),[西] 武幸四郎,202401020506
7,7,12,ユメカウツツカ,牝3,53.0,小林勝太,1:29.9,3,15.2,7.0,400(0),[西] 小栗実,202401020506
8,7,11,オランジェロ,牝3,55.0,荻野琢真,1:30.0,クビ,38.3,9.0,472(0),[西] 今野貞一,202401020506
9,8,13,ミラルージュ,牝3,55.0,富田暁,1:30.0,クビ,397.6,14.0,428(+12),[西] 森田直行,202401020506
10,6,9,カンカール,牝3,52.0,高杉吏麒,1:30.7,4,357.9,13.0,468(+22),[西] 池添学,202401020506
11,2,2,ニシノフルール,牝3,55.0,大野拓弥,1:32.2,9,136.1,10.0,478(+30),[東] 杉浦宏昭,202401020506
12,1,1,サトノスフィア,牡3,57.0,吉村智洋,1:32.3,クビ,175.9,12.0,536(+4),[西] 池江泰寿,202401020506
13,4,6,エイシントレボン,牡3,57.0,丹内祐次,1:33.3,6,146.2,11.0,460(0),[東] 田中剛,202401020506
中,5,8,エリザベスバローズ,牝3,55.0,モレイラ,,,4.2,3.0,456(+20),[西] 杉山晴紀,202401020506
1,2,2,ウインアクトゥール,牡3,55.0,ティータ,1:48.3,,10.0,5.0,436(+4),[東] 栗田徹,202401020507
2,4,6,エイトスターズ,牝4,56.0,ルメール,1:48.3,アタマ,7.5,4.0,474(-4),[西] 坂口智康,202401020507
3,8,13,ダークブロンド,牝4,56.0,ホー,1:48.3,クビ,16.4,7.0,430(-2),[西] 高橋亮,202401020507
4,1,1,マイネルフランツ,牡3,55.0,丹内祐次,1:48.6,1.1/2,2.8,1.0,482(0),[東] 和田正一,202401020507
5,4,5,ナムラブーニン,牡3,55.0,武豊,1:48.8,1.1/4,6.2,3.0,460(+2),[西] 高橋一哉,202401020507
6,8,14,ナンヨーアゼリア,牝5,53.0,長浜鴻緒,1:48.9,1/2,32.9,9.0,434(-2),[東] 手塚貴久,202401020507
7,3,4,シュライフェ,牝4,56.0,藤懸貴志,1:48.9,クビ,257.4,13.0,506(+8),[東] 和田雄二,202401020507
8,3,3,コスモアバンサ,牡4,58.0,レーン,1:49.1,1.1/4,3.4,2.0,486(-2),[東] 清水英克,202401020507
9,5,8,スノーディーヴァ,牝3,51.0,小林勝太,1:49.3,1.1/4,15.9,6.0,474(+24),[東] 深山雅史,202401020507
10,6,9,タマモマスラオ,牡4,55.0,高杉吏麒,1:49.7,2.1/2,194.6,11.0,482(0),[西] 緒方努,202401020507
11,7,12,ダイスアローリング,牡3,55.0,横山和生,1:49.9,1.1/4,29.2,8.0,506(-4),[東] 古賀慎明,202401020507
12,5,7,グランドフューチャ,牡3,51.0,古川奈穂,1:50.4,2.1/2,276.9,14.0,478(+8),[西] 鈴木孝志,202401020507
13,6,10,フロスティクォーツ,牡6,58.0,オシェア,1:50.6,1.1/2,255.2,12.0,474(+2),[東] 加藤和宏,202401020507
14,7,11,アイノセンシ,牡4,58.0,古川吉洋,1:50.9,1.3/4,153.8,10.0,518(+8),[東] 牧光二,202401020507
1,6,8,サウンドアレグリア,牝3,53.0,武豊,1:46.6,,1.7,1.0,502(+6),[西] 武英智,202401020508
2,6,7,メイショウリリー,牝3,53.0,藤懸貴志,1:46.8,1.1/4,3.6,2.0,434(+4),[西] 高橋義忠,202401020508
3,5,6,ルージュシュエット,牝3,53.0,坂井瑠星,1:46.8,ハナ,4.6,3.0,456(+10),[西] 矢作芳人,202401020508
4,4,4,ヤエベニシダレ,牝4,54.0,小林勝太,1:47.4,3.1/2,15.5,5.0,470(0),[西] 梅田智之,202401020508
5,5,5,アウストラリス,牝3,53.0,富田暁,1:48.7,8,172.0,10.0,432(+6),[東] 高橋文雅,202401020508
6,8,12,アイヲコメテ,牝3,50.0,古川奈穂,1:49.0,1.3/4,37.7,6.0,488(0),[東] 奥村武,202401020508
7,1,1,ベッティーナ,牝3,50.0,長浜鴻緒,1:50.0,6,98.6,8.0,440(0),[東] 池上昌和,202401020508
8,8,11,サノノリッチ,牝3,53.0,小林凌大,1:50.2,1.1/4,147.9,9.0,422(+12),[東] 森一誠,202401020508
9,7,10,ナムラルッコラ,牝3,50.0,川端海翼,1:50.2,クビ,328.7,12.0,490(-8),[西] 大橋勇樹,202401020508
10,3,3,シュヴァルツナーガ,牝4,56.0,黛弘人,1:51.1,5,221.4,11.0,434(+10),[東] 畠山吉宏,202401020508
11,2,2,ソーニャシュニク,牝3,53.0,ティータ,1:51.3,1,14.0,4.0,466(-4),[東] 武井亮,202401020508
12,7,9,マリエッティ,牝3,53.0,佐々木大,1:51.3,ハナ,96.8,7.0,430(-6),[西] 庄野靖志,202401020508
1,5,7,ヴェローチェエラ,牡3,55.0,川田将雅,2:42.0,,1.5,1.0,500(+8),[西] 須貝尚介,202401020509
2,3,4,マイファミリー,牡3,55.0,黛弘人,2:42.1,3/4,124.5,10.0,452(+8),[東] 深山雅史,202401020509
3,8,13,ミスガリレオアスク,牝3,53.0,坂井瑠星,2:42.4,2,4.2,2.0,438(+8),[西] 矢作芳人,202401020509
4,5,8,ミラキュラスドラマ,牡3,55.0,ホー,2:42.7,1.3/4,37.7,7.0,460(0),[西] 杉山晴紀,202401020509
5,3,3,ペリプルス,牡4,58.0,永野猛蔵,2:42.9,1.1/4,50.4,8.0,440(+6),[東] 佐藤吉勝,202401020509
6,7,11,ソウルアンドジャズ,牡3,55.0,富田暁,2:43.0,1/2,34.6,6.0,486(-2),[東] 武井亮,202401020509
7,4,6,オーパンバル,牝6,56.0,モレイラ,2:43.0,クビ,5.6,3.0,456(+4),[西] 野中賢二,202401020509
8,2,2,ブリスキー,セ4,58.0,レーン,2:43.1,クビ,24.5,5.0,462(-4),[東] 堀宣行,202401020509
9,6,10,チャイボーグ,牝4,56.0,古川吉洋,2:43.1,クビ,354.1,13.0,474(-2),[東] 的場均,202401020509
10,1,1,ギンレイ,牝3,53.0,荻野琢真,2:43.2,クビ,105.2,9.0,458(-2),[西] 大久保龍,202401020509
11,6,9,テイキットイージー,牡3,55.0,丹内祐次,2:43.4,1.1/4,20.1,4.0,432(+2),[東] 萱野浩二,202401020509
12,4,5,エグザルテーション,牝3,53.0,松山弘平,2:43.4,クビ,229.9,11.0,450(+4),[西] 渡辺薫彦,202401020509
13,8,14,ユーキャンドゥイッ,牡3,55.0,サンチア,2:43.5,1/2,315.9,12.0,464(+4),[西] 池江泰寿,202401020509
14,7,12,アマソナ,牝4,56.0,吉村智洋,2:44.3,5,478.3,14.0,470(0),[西] 小崎憲,202401020509
1,8,14,クファシル,牡4,58.0,ティータ,1:08.9,,5.3,2.0,494(-2),[西] 池添学,202401020510
2,6,9,コーティアスマナー,牝3,54.0,モレイラ,1:08.9,ハナ,2.2,1.0,448(+10),[西] 高橋義忠,202401020510
3,7,12,オックスリップ,牝4,56.0,坂井瑠星,1:09.0,1,13.6,6.0,466(+4),[西] 杉山晴紀,202401020510
4,3,4,アップストローク,セ5,58.0,レーン,1:09.2,1.1/4,15.3,8.0,456(+2),[東] 杉浦宏昭,202401020510
5,5,8,グランツベリー,牝4,56.0,ホー,1:09.3,クビ,13.9,7.0,456(-2),[西] 田中克典,202401020510
6,6,10,カイカノキセキ,牝5,56.0,松山弘平,1:09.3,ハナ,10.9,4.0,502(-2),[西] 高橋一哉,202401020510
7,7,11,プリティインピンク,牝6,56.0,サンチア,1:09.3,アタマ,203.4,14.0,444(-4),[東] 小手川準,202401020510
8,4,6,トリップトゥムーン,牡5,58.0,武豊,1:09.4,3/4,60.1,11.0,442(0),[西] 新谷功一,202401020510
9,5,7,イイヒニナル,牝4,56.0,戸崎圭太,1:09.5,クビ,46.9,10.0,400(-4),[西] 千田輝彦,202401020510
10,3,3,バシレウスシチー,牡5,58.0,横山典弘,1:09.5,クビ,7.0,3.0,446(0),[西] 岡田稲男,202401020510
11,4,5,ヴィアドロローサ,牡5,58.0,川田将雅,1:09.6,クビ,12.3,5.0,446(-2),[西] 高橋一哉,202401020510
12,1,1,ショウナンアメリア,牝5,56.0,吉村智洋,1:09.7,3/4,104.1,13.0,452(+10),[東] 奥村武,202401020510
13,2,2,アスクエピソード,牡4,58.0,オシェア,1:09.9,1.1/4,40.5,9.0,460(-2),[西] 藤原英昭,202401020510
14,8,13,プルスウルトラ,牡6,58.0,ルメール,1:10.0,3/4,64.3,12.0,534(+2),[東] 高橋文雅,202401020510
1,3,3,シュバルツクーゲル,牡3,56.0,ルメール,2:00.1,,2.4,1.0,488(+4),[東] 鹿戸雄一,202401020511
2,5,8,ポッドボレット,牡5,58.0,松山弘平,2:00.5,2.1/2,19.4,9.0,522(-16),[西] 辻野泰之,202401020511
3,2,2,アスクドゥポルテ,牡4,58.0,坂井瑠星,2:00.5,ハナ,17.3,7.0,476(-2),[西] 河内洋,202401020511
4,7,11,カヨウネンカ,牝5,56.0,レーン,2:00.5,クビ,34.9,12.0,458(-4),[東] 斎藤誠,202401020511
5,4,6,エリダヌス,牝4,56.0,サンチア,2:00.7,3/4,12.3,5.0,498(+4),[東] 青木孝文,202401020511
6,5,7,ナックイルシーブ,牡6,58.0,戸崎圭太,2:00.7,アタマ,8.4,3.0,522(+6),[東] 杉浦宏昭,202401020511
7,8,13,マイネルエンペラー,牡4,58.0,武豊,2:00.7,クビ,4.9,2.0,488(+6),[西] 清水久詞,202401020511
8,1,1,ルージュアルル,牝5,56.0,モレイラ,2:00.8,クビ,33.6,11.0,480(-4),[東] 国枝栄,202401020511
9,8,14,バールデュヴァン,牡4,58.0,オシェア,2:01.0,1.1/2,15.8,6.0,506(0),[西] 浜田多実,202401020511
10,6,9,モカフラワー,牝5,56.0,川田将雅,2:01.5,3,25.4,10.0,468(0),[東] 相沢郁,202401020511
11,4,5,ビキニボーイ,牡4,58.0,ティータ,2:01.8,2,190.4,14.0,504(+6),[西] 梅田智之,202401020511
12,7,12,マイネルニコラス,牡5,58.0,横山典弘,2:01.9,クビ,47.5,13.0,506(0),[東] 畠山吉宏,202401020511
13,6,10,コスモフロイデ,牡5,58.0,吉村智洋,2:02.1,1.1/4,18.7,8.0,478(+4),[東] 天間昭一,202401020511
14,3,4,ニューノーマル,牝5,56.0,ホー,2:02.1,ハナ,10.2,4.0,470(+2),[東] 上原佑紀,202401020511
1,7,8,ヴァルドルチャ,牡3,55.0,モレイラ,1:46.7,,1.9,1.0,448(+2),[東] 田中博康,202401020512
2,8,10,シャンデルナゴル,牡4,58.0,ホー,1:47.1,2.1/2,5.5,3.0,498(+4),[西] 石坂公一,202401020512
3,4,4,フクノブルジュ,牡4,58.0,横山典弘,1:47.2,1/2,5.4,2.0,474(+20),[東] 竹内正洋,202401020512
4,8,9,コスモオピニオン,牡4,58.0,レーン,1:47.5,1.3/4,5.9,4.0,506(+10),[東] 黒岩陽一,202401020512
5,6,6,ユイアングレイス,牡4,58.0,ティータ,1:47.7,1.1/4,31.6,6.0,456(+12),[東] 矢嶋大樹,202401020512
6,7,7,ボエーム,牡3,55.0,小林凌大,1:48.8,7,375.8,10.0,440(+6),[東] 石栗龍彦,202401020512
7,5,5,ブレットフライ,牡5,58.0,長浜鴻緒,1:49.0,3/4,155.2,9.0,506(+8),[東] 萱野浩二,202401020512
8,3,3,トリオーレ,牡4,58.0,横山和生,1:49.3,1.3/4,81.6,8.0,490(+4),[東] 嘉藤貴行,202401020512
9,1,1,ヘヴンズタイム,セ4,58.0,小林勝太,1:49.3,ハナ,50.9,7.0,482(+12),[西] 北出成人,202401020512
10,2,2,ダンツビガー,牡4,58.0,藤岡佑介,1:50.2,5,7.5,5.0,492(-4),[西] 四位洋文,202401020512
1,3,3,ウォーターエアリー,牝2,55.0,武豊,1:30.3,,1.7,1.0,404(-10),[西] 高柳大輔,202401020601
2,2,2,リンゲルブルーメ,牝2,55.0,松山弘平,1:30.5,1,23.6,5.0,470(-14),[西] 池添学,202401020601
3,4,4,ルパヴィヨン,牝2,55.0,大野拓弥,1:30.6,1/2,53.0,7.0,464(+4),[東] 小手川準,202401020601
4,6,6,レーヌマロン,牝2,55.0,モレイラ,1:30.6,アタマ,3.3,2.0,444(-2),[西] 小栗実,202401020601
5,7,7,ゲレル,牝2,55.0,浜中俊,1:30.6,アタマ,5.0,3.0,436(+2),[西] 長谷川浩,202401020601
6,8,8,ルージュアマリア,牝2,55.0,永野猛蔵,1:30.9,2,12.5,4.0,404(-6),[東] 黒岩陽一,202401020601
7,5,5,リュウゼツラン,牝2,55.0,丹内祐次,1:31.2,1.1/2,25.0,6.0,454(+4),[東] 水野貴広,202401020601
取,1,1,ポップグルーヴ,牝2,52.0,高杉吏麒,,,---,,計不,[東] 小手川準,202401020601
1,8,13,プラムダンディ,牡3,57.0,ルメール,1:47.3,,3.7,2.0,450(+2),[東] 尾形和幸,202401020602
2,3,3,アイファーキャップ,牡3,57.0,川田将雅,1:47.6,1.3/4,2.2,1.0,462(+6),[西] 鮫島一歩,202401020602
3,3,4,サイドキック,牡3,57.0,松山弘平,1:47.7,1/2,13.7,6.0,502(-2),[西] 西園翔太,202401020602
4,4,6,リゼルージュセリエ,牡3,54.0,川端海翼,1:47.8,1,146.3,11.0,494(-2),[東] 松山将樹,202401020602
5,7,12,ナムラカメジロー,牡3,55.0,小林勝太,1:48.0,1,30.3,8.0,494(-6),[西] 杉山佳明,202401020602
6,6,10,アドアプローズ,牡3,57.0,大野拓弥,1:48.2,1.1/4,23.5,7.0,454(-4),[東] 小手川準,202401020602
7,1,1,オーヴァーマスター,牡3,54.0,高杉吏麒,1:48.2,ハナ,9.4,4.0,456(+4),[西] 石坂公一,202401020602
8,6,9,テトラード,牡3,57.0,レーン,1:48.5,2,6.2,3.0,464(+2),[西] 坂口智康,202401020602
9,2,2,ツクバアプローズ,牝3,55.0,小林凌大,1:49.8,8,102.9,10.0,468(+16),[東] 和田雄二,202401020602
10,5,8,ロマンスヒコー,牡3,57.0,吉村智洋,1:50.5,4,564.9,14.0,444(0),[東] 佐藤吉勝,202401020602
11,4,5,テリオスソラ,牝3,55.0,古川吉洋,1:50.7,1.1/4,235.9,12.0,486(+14),[西] 松下武士,202401020602
12,7,11,アウトセイル,牝3,52.0,長浜鴻緒,1:51.4,4,334.9,13.0,462(-3),[東] 辻哲英,202401020602
13,5,7,ラストスピリッツ,牡3,57.0,横山和生,1:53.4,大,80.7,9.0,506(+8),[西] 緒方努,202401020602
中,8,14,スマイルコレクター,牝3,55.0,丹内祐次,,,10.3,5.0,446(-4),[東] 斎藤誠,202401020602
1,6,8,サベージラヴ,牝3,53.0,小林勝太,0:58.7,,67.5,12.0,458(+2),[東] 伊藤圭三,202401020603
2,5,6,スマートスコープ,牡3,57.0,坂井瑠星,0:59.7,6,16.5,7.0,506(+2),[東] 加藤征弘,202401020603
3,3,3,ハイケンス,牡3,57.0,松山弘平,0:59.8,1,20.0,9.0,462(+2),[西] 今野貞一,202401020603
4,1,1,ヴァンセゾニエ,牡3,57.0,レーン,0:59.8,ハナ,4.3,2.0,482(+4),[東] 武藤善則,202401020603
5,5,5,レーベンヘルツ,牡3,57.0,モレイラ,0:59.9,クビ,2.9,1.0,456(+6),[西] 西園翔太,202401020603
6,7,9,マオノボルケーノ,牝3,52.0,長浜鴻緒,0:59.9,クビ,37.0,11.0,450(+6),[東] 辻哲英,202401020603
7,4,4,チャルドーニ,牝3,55.0,戸崎圭太,1:00.1,1.1/4,21.7,10.0,462(-2),[東] 林徹,202401020603
8,8,12,メトゥス,牡3,57.0,佐々木大,1:00.6,3,15.2,5.0,450(-8),[東] 堀内岳志,202401020603
9,6,7,ケイアイカペラ,牡3,57.0,川田将雅,1:00.7,1.1/4,6.1,3.0,500(+2),[西] 新谷功一,202401020603
10,7,10,テキーラワルツ,牝3,52.0,川端海翼,1:00.8,1/2,7.4,4.0,440(+6),[西] 大根田裕,202401020603
11,8,11,リオサラ,牝3,51.0,古川奈穂,1:01.0,3/4,18.8,8.0,472(-10),[東] 的場均,202401020603
12,2,2,カーロアヴァンティ,牡3,57.0,吉村智洋,1:01.4,2.1/2,16.5,6.0,508(-4),[西] 中村直也,202401020603
1,4,6,ローマンレイク,牝3,55.0,ホー,1:47.4,,16.9,5.0,432(0),[西] 松永幹夫,202401020604
2,7,11,ユーヴェリア,牝3,55.0,モレイラ,1:47.9,3,3.4,2.0,450(0),[西] 宮本博,202401020604
3,8,14,ノーブルブランカ,牝3,55.0,ルメール,1:48.0,1/2,2.6,1.0,444(+2),[西] 牧浦充徳,202401020604
4,8,13,オテンバムスメ,牝3,53.0,小林勝太,1:48.2,1.1/4,3.5,3.0,454(+12),[西] 北出成人,202401020604
5,1,1,アイリュール,牝3,55.0,丹内祐次,1:48.3,1/2,11.7,4.0,456(0),[東] 田中剛,202401020604
6,7,12,メイショウコオロギ,牝3,55.0,大野拓弥,1:48.3,1/2,28.7,6.0,436(+4),[東] 和田勇介,202401020604
7,5,7,ウィスピースノー,牝3,55.0,坂井瑠星,1:49.0,4,29.6,8.0,450(+10),[西] 今野貞一,202401020604
8,6,9,ペッシュプラット,牝3,55.0,小林凌大,1:49.0,クビ,255.8,13.0,418(0),[東] 南田美知,202401020604
9,3,3,ミスティッククイン,牝3,55.0,吉村智洋,1:49.5,3,29.2,7.0,490(+2),[西] 野中賢二,202401020604
10,6,10,メイショウムーヴ,牝3,52.0,川端海翼,1:49.8,2,210.0,12.0,460(+10),[西] 荒川義之,202401020604
11,2,2,ディクスミュード,牝3,55.0,黛弘人,1:51.5,10,343.1,14.0,438(+4),[東] 武井亮,202401020604
12,4,5,ヘルミーネ,牝3,55.0,佐々木大,1:51.8,2,46.7,9.0,492(+8),[東] 和田正一,202401020604
13,5,8,プエルタセクレタ,牝3,55.0,ティータ,1:52.4,3.1/2,166.8,11.0,418(0),[西] 野中賢二,202401020604
14,3,4,ウキヨノユメ,牝3,55.0,古川吉洋,1:54.5,大,104.7,10.0,460(+8),[西] 千田輝彦,202401020604
1,7,9,ミッキーマドンナ,牝2,55.0,モレイラ,1:50.3,,1.5,1.0,450(0),[東] 堀宣行,202401020605
2,4,4,レッドシュテルン,牡2,55.0,藤岡佑介,1:50.3,アタマ,6.6,3.0,488(0),[西] 中内田充,202401020605
3,7,10,ロードリベラシオン,牡2,55.0,佐々木大,1:50.7,2.1/2,63.9,8.0,482(0),[東] 尾形和幸,202401020605
4,5,5,マテンロウアトラス,牡2,55.0,横山典弘,1:51.3,3.1/2,19.2,5.0,494(0),[西] 昆貢,202401020605
5,3,3,ゴガツノアマノガワ,牡2,55.0,永野猛蔵,1:51.4,3/4,95.7,11.0,438(0),[東] 清水英克,202401020605
6,2,2,ロートホルン,牝2,55.0,ルメール,1:51.4,アタマ,5.5,2.0,462(0),[東] 加藤征弘,202401020605
7,6,8,リアライズハロック,牡2,55.0,坂井瑠星,1:51.7,1.1/2,40.0,6.0,472(0),[東] 池上昌和,202401020605
8,1,1,エルドジュリエーネ,牝2,55.0,丹内祐次,1:52.0,2,49.7,7.0,454(0),[東] 手塚貴久,202401020605
9,5,6,ジーティーパリス,牡2,55.0,松山弘平,1:52.0,アタマ,72.6,9.0,502(0),[東] 千葉直人,202401020605
10,8,12,ファンタズマ,牡2,55.0,川田将雅,1:52.7,4,7.6,4.0,446(0),[東] 上原佑紀,202401020605
11,6,7,クレーブラット,牝2,52.0,高杉吏麒,1:53.1,2.1/2,283.0,12.0,424(0),[西] 緒方努,202401020605
12,8,11,ボナペティアスク,牝2,55.0,戸崎圭太,1:53.7,4,85.3,10.0,430(0),[西] 梅田智之,202401020605
1,3,5,レイピカケ,牝3,55.0,モレイラ,2:00.7,,3.2,2.0,450(-2),[西] 野中賢二,202401020606
2,2,4,タルタロス,牡3,57.0,レーン,2:00.9,1.1/4,4.5,3.0,456(+2),[東] 森一誠,202401020606
3,1,2,ネロコルヴィーノ,牡3,57.0,坂井瑠星,2:00.9,ハナ,6.6,4.0,524(+6),[西] 辻野泰之,202401020606
4,5,9,アラタマフェーヴル,牡3,57.0,松山弘平,2:01.1,3/4,32.1,5.0,490(-2),[西] 浜田多実,202401020606
5,8,15,パンドジェーヌ,牝3,55.0,ルメール,2:01.4,2,2.3,1.0,454(+4),[東] 大竹正博,202401020606
6,7,14,ゴールデンスロープ,牡3,57.0,永野猛蔵,2:01.5,3/4,58.8,8.0,444(+10),[東] 小笠倫弘,202401020606
7,6,12,レドンホール,牝3,55.0,ティータ,2:01.6,クビ,153.4,12.0,466(+4),[西] 斉藤崇史,202401020606
8,7,13,ファーストメイト,牡3,57.0,丹内祐次,2:01.7,3/4,48.4,7.0,482(+6),[東] 金成貴史,202401020606
9,8,16,ソルセルリ,牝3,55.0,大野拓弥,2:01.7,ハナ,300.1,15.0,408(-10),[西] 小椋研介,202401020606
10,5,10,シーグリント,牝3,55.0,ホー,2:01.7,クビ,75.9,10.0,408(+8),[西] 高橋一哉,202401020606
11,3,6,ベレンガリア,牝3,53.0,小林勝太,2:01.9,1.1/4,44.1,6.0,430(+2),[西] 平田修,202401020606
12,6,11,インフルブルーム,牝3,55.0,佐々木大,2:01.9,クビ,70.7,9.0,438(+2),[西] 河嶋宏樹,202401020606
13,4,8,シームレス,牝3,52.0,川端海翼,2:01.9,ハナ,107.5,11.0,442(+6),[西] 小林真也,202401020606
14,4,7,ヴァイゼ,牝3,55.0,吉村智洋,2:02.1,3/4,207.2,14.0,418(-2),[西] 中村直也,202401020606
15,2,3,ピークブルーム,牝3,55.0,古川吉洋,2:03.0,5,176.1,13.0,462(+10),[東] 蛯名正義,202401020606
除,1,1,モカラルビー,牝3,55.0,藤岡佑介,,,---,,412(+8),[西] 四位洋文,202401020606
1,7,10,ペプチドシュチク,牡3,56.0,富田暁,0:59.7,,4.8,2.0,478(-10),[西] 武英智,202401020607
2,4,4,ホーリーブライト,牝3,54.0,川又賢治,0:59.9,1.1/4,16.7,6.0,456(+14),[東] 竹内正洋,202401020607
3,5,6,パレフォーコン,牡5,56.0,小林勝太,1:00.1,1.1/2,30.9,7.0,450(+8),[西] 鮫島一歩,202401020607
4,1,1,テイエムタリスマ,牡3,52.0,古川奈穂,1:00.1,アタマ,5.1,3.0,474(+6),[西] 木原一良,202401020607
5,7,9,モズイージス,牡3,53.0,高杉吏麒,1:00.4,1.1/2,66.4,9.0,458(+4),[西] 松下武士,202401020607
6,6,8,シンゼンシャイン,牡6,58.0,古川吉洋,1:00.5,3/4,33.7,8.0,512(0),[西] 飯田祐史,202401020607
7,8,11,シエラメンテ,牝5,56.0,佐々木大,1:00.5,ハナ,5.5,4.0,496(+2),[東] 堀内岳志,202401020607
8,5,5,フォートボヤール,牡3,56.0,ルメール,1:00.7,1.1/4,2.2,1.0,494(+2),[東] 辻哲英,202401020607
9,3,3,バッファローライズ,牡3,56.0,永野猛蔵,1:00.8,1,13.4,5.0,506(-6),[東] 伊藤圭三,202401020607
10,6,7,ラブリエスト,牝3,51.0,川端海翼,1:01.5,4,77.9,10.0,494(+6),[東] 土田稔,202401020607
11,2,2,アルテミーナ,牝3,54.0,吉村智洋,1:01.6,クビ,449.8,12.0,490(-14),[西] 村山明,202401020607
12,8,12,ヒナノマーチス,牡3,56.0,サンチア,1:03.0,9,308.3,11.0,442(+2),[東] 本間忍,202401020607
1,7,12,チュウワダンス,牝5,56.0,荻野琢真,1:28.0,,4.8,3.0,470(-2),[西] 大久保龍,202401020608
2,7,11,トラペジスト,牡3,55.0,戸崎圭太,1:28.4,2.1/2,16.6,7.0,522(-2),[西] 音無秀孝,202401020608
3,2,2,レーヴジーニアル,牡3,55.0,横山典弘,1:28.4,アタマ,3.9,2.0,490(+18),[西] 松永幹夫,202401020608
4,6,9,ローリーグローリー,牝3,53.0,武豊,1:28.5,1/2,9.6,5.0,454(-2),[東] 蛯名正義,202401020608
5,5,8,リゴレット,牝5,53.0,長浜鴻緒,1:28.6,3/4,9.5,4.0,454(0),[西] 羽月友彦,202401020608
6,4,5,ヴァイタルピース,セ3,52.0,高杉吏麒,1:28.6,ハナ,86.5,12.0,462(+10),[西] 鈴木孝志,202401020608
7,3,4,ダークファンタジー,牝3,53.0,サンチア,1:28.7,アタマ,110.1,14.0,412(+2),[西] 須貝尚介,202401020608
8,3,3,マイレーヌ,牝4,54.0,小林勝太,1:28.8,1/2,44.7,11.0,510(+10),[東] 斎藤誠,202401020608
9,5,7,ポマール,牝3,53.0,吉村智洋,1:29.0,1.1/2,33.3,10.0,452(0),[西] 小栗実,202401020608
10,4,6,マルカシャルマン,牝4,56.0,坂井瑠星,1:29.0,ハナ,14.5,6.0,438(-4),[西] 浜田多実,202401020608
11,1,1,ブルーペクトライト,牝4,56.0,ホー,1:29.1,1,25.6,8.0,470(-6),[西] 池添学,202401020608
12,8,13,シャイニースイフト,牡4,58.0,丹内祐次,1:29.2,1/2,27.6,9.0,436(+4),[東] 菊川正達,202401020608
13,8,14,シタン,牝5,53.0,川端海翼,1:29.3,クビ,89.9,13.0,440(-6),[西] 吉岡辰弥,202401020608
14,6,10,ショウナンラウール,牝3,53.0,佐々木大,1:29.7,2,3.3,1.0,418(-4),[西] 高橋義忠,202401020608
1,7,13,フィオライア,牝3,54.0,坂井瑠星,1:08.2,,2.3,1.0,464(+6),[西] 西園正都,202401020609
2,4,6,ベアゴーゴー,牝3,54.0,大野拓弥,1:08.2,クビ,4.5,3.0,492(0),[東] 杉浦宏昭,202401020609
3,2,2,スプリングデイ,牝3,54.0,松山弘平,1:08.8,3.1/2,18.4,5.0,440(+6),[東] 伊藤大士,202401020609
4,5,9,タガノミア,牝5,56.0,富田暁,1:08.9,クビ,11.3,4.0,462(0),[西] 河内洋,202401020609
5,2,3,ラリベラ,牝5,56.0,ホー,1:08.9,ハナ,19.3,6.0,470(+4),[西] 藤野健太,202401020609
6,7,12,マテンロウアネモス,牝4,56.0,佐々木大,1:09.0,クビ,33.8,9.0,436(+2),[東] 久保田貴,202401020609
7,3,5,ナムラシベラ,牝6,56.0,丹内祐次,1:09.0,クビ,85.9,13.0,444(-4),[西] 藤沢則雄,202401020609
8,6,10,ルージュレベッカ,牝3,54.0,古川吉洋,1:09.1,クビ,50.5,10.0,452(-8),[西] 昆貢,202401020609
9,1,1,ランスオブサウンド,牝4,56.0,藤岡佑介,1:09.1,クビ,3.9,2.0,460(-2),[西] 奥村豊,202401020609
10,4,7,メイプルリーフラグ,牝4,56.0,永野猛蔵,1:09.2,クビ,217.9,14.0,438(+2),[東] 的場均,202401020609
11,8,15,レターマイハート,牝4,56.0,武豊,1:09.4,1.1/4,32.4,7.0,472(+2),[東] 萩原清,202401020609
12,8,14,ソアラ,牝4,56.0,横山典弘,1:09.4,アタマ,83.7,12.0,480(+2),[西] 高橋康之,202401020609
13,6,11,スピニングマーリン,牝4,56.0,小林勝太,1:09.4,アタマ,33.4,8.0,486(+8),[東] 西田雄一,202401020609
14,5,8,パクスロマーナ,牝4,56.0,荻野琢真,1:09.6,1,58.1,11.0,426(+4),[西] 藤沢則雄,202401020609
15,3,4,アイスリンディ,牝3,54.0,高杉吏麒,1:09.7,1,235.2,15.0,462(+16),[西] 高柳大輔,202401020609
1,4,6,ティアップリオン,牡6,58.0,武豊,1:46.6,,41.3,9.0,488(+2),[東] 奥平雅士,202401020610
2,8,14,オールマキシマム,牝4,56.0,横山典弘,1:46.6,クビ,6.2,4.0,456(+12),[東] 奥平雅士,202401020610
3,1,1,ラフエイジアン,セ4,58.0,吉村智洋,1:46.7,クビ,30.2,8.0,472(+8),[東] 中舘英二,202401020610
4,5,7,アレクサ,牡4,58.0,松山弘平,1:46.8,1,6.5,5.0,510(+10),[東] 斎藤誠,202401020610
5,5,8,サムハンター,牡6,58.0,モレイラ,1:47.0,1,5.7,3.0,488(-12),[西] 高橋康之,202401020610
6,6,9,ビーアイオラクル,牡5,58.0,オシェア,1:47.1,1/2,3.2,1.0,496(+6),[西] 牧田和弥,202401020610
7,3,3,スズカマジェスタ,牡5,58.0,レーン,1:47.2,1/2,5.0,2.0,440(-2),[西] 須貝尚介,202401020610
8,8,13,デビッドテソーロ,牡3,56.0,ルメール,1:47.6,2.1/2,9.8,6.0,470(+2),[東] 小手川準,202401020610
9,7,11,ワイワイレジェンド,牡3,56.0,ティータ,1:47.8,1.1/4,17.3,7.0,472(0),[西] 矢作芳人,202401020610
10,6,10,スズカルビコン,牡6,58.0,戸崎圭太,1:48.3,3,101.1,11.0,508(-8),[東] 堀内岳志,202401020610
11,4,5,フォーワンセルフ,牡5,58.0,サンチア,1:48.6,1.3/4,102.1,12.0,518(-24),[東] 小手川準,202401020610
12,2,2,サヴァビアン,牡6,58.0,ホー,1:49.1,3,70.2,10.0,438(+2),[西] 羽月友彦,202401020610
中,3,4,シックザイン,牡5,58.0,坂井瑠星,,,147.5,13.0,470(+14),[東] 水野貴広,202401020610
除,7,12,ショウナンカブト,牡4,58.0,川田将雅,,,---,,552(-4),[東] 戸田博文,202401020610
1,5,10,サトノレーヴ,牡5,57.0,レーン,1:07.9,,4.3,2.0,548(+16),[東] 堀宣行,202401020611
2,3,6,エイシンスポッター,牡5,57.0,モレイラ,1:08.2,1.1/2,19.4,8.0,500(+2),[西] 吉村圭司,202401020611
3,1,1,オオバンブルマイ,牡4,57.0,武豊,1:08.2,ハナ,18.7,7.0,448(+3),[西] 吉村圭司,202401020611
4,2,4,モリノドリーム,牝5,55.0,ルメール,1:08.2,クビ,11.7,4.0,492(+2),[東] 鹿戸雄一,202401020611
5,1,2,ナムラクレア,牝5,55.0,浜中俊,1:08.3,クビ,2.2,1.0,476(+6),[西] 長谷川浩,202401020611
6,6,12,ビッグシーザー,牡4,57.0,坂井瑠星,1:08.3,クビ,13.1,5.0,516(0),[西] 西園正都,202401020611
7,7,14,ダノンマッキンリー,牡3,55.0,戸崎圭太,1:08.5,1,23.9,9.0,468(-4),[西] 藤原英昭,202401020611
8,6,11,シュバルツカイザー,セ6,57.0,大野拓弥,1:08.5,アタマ,212.1,15.0,492(-4),[東] 大竹正博,202401020611
9,7,13,ジュビリーヘッド,牡7,57.0,ホー,1:08.6,クビ,317.5,16.0,476(+2),[西] 西園翔太,202401020611
10,2,3,プルパレイ,セ5,57.0,佐々木大,1:08.6,クビ,42.8,11.0,496(-2),[西] 須貝尚介,202401020611
11,5,9,エトヴプレ,牝3,53.0,藤岡佑介,1:08.7,クビ,8.8,3.0,476(+14),[西] 藤岡健一,202401020611
12,4,8,ゾンニッヒ,牡6,57.0,川田将雅,1:08.9,1.1/4,14.7,6.0,486(+4),[西] 池江泰寿,202401020611
13,4,7,マテンロウオリオン,牡5,57.0,横山典弘,1:08.9,クビ,173.1,14.0,492(-4),[西] 昆貢,202401020611
14,8,16,セッション,牡4,57.0,ティータ,1:09.0,1/2,31.5,10.0,522(+8),[西] 斉藤崇史,202401020611
15,8,15,オタルエバー,牡5,57.0,松山弘平,1:09.3,2,91.7,13.0,500(+10),[西] 中竹和也,202401020611
16,3,5,シナモンスティック,牝5,55.0,丹内祐次,1:10.0,4,86.8,12.0,484(+6),[東] 宗像義忠,202401020611
1,7,11,エゾダイモン,牡4,58.0,モレイラ,1:48.0,,5.8,3.0,466(-4),[西] 武幸四郎,202401020612
2,2,2,エグランタイン,牝5,56.0,坂井瑠星,1:48.0,クビ,4.1,1.0,454(+4),[西] 笹田和秀,202401020612
3,6,9,アマイ,牝4,56.0,武豊,1:48.0,ハナ,11.0,7.0,454(-2),[東] 伊藤大士,202401020612
4,7,12,ユイ,牝5,56.0,ホー,1:48.1,クビ,22.7,10.0,450(-6),[西] 高橋康之,202401020612
5,4,6,ストップザタイム,牡5,58.0,ルメール,1:48.1,アタマ,7.9,5.0,498(-14),[西] 昆貢,202401020612
6,1,1,コスモディナー,牝3,54.0,ティータ,1:48.2,クビ,16.7,9.0,470(+8),[東] 伊藤伸一,202401020612
7,6,10,マイネルブリックス,牡3,56.0,サンチア,1:48.2,クビ,16.0,8.0,460(-2),[東] 黒岩陽一,202401020612
8,4,5,ジャスティンアース,牡3,56.0,吉村智洋,1:48.3,クビ,5.7,2.0,474(0),[西] 杉山晴紀,202401020612
9,8,13,ジェモロジー,牝4,56.0,川田将雅,1:48.4,3/4,7.1,4.0,498(-6),[西] 橋口慎介,202401020612
10,8,14,スプリングノヴァ,牝3,54.0,レーン,1:48.5,1/2,86.7,12.0,396(-6),[西] 鮫島一歩,202401020612
11,5,8,アナレンマ,セ6,58.0,松山弘平,1:48.5,アタマ,43.3,11.0,454(+6),[西] 藤原英昭,202401020612
12,3,4,マチカゼ,牡4,58.0,戸崎圭太,1:48.6,クビ,10.6,6.0,490(+6),[西] 杉山晴紀,202401020612
13,3,3,アレマーナ,牝5,56.0,オシェア,1:51.0,大,285.4,14.0,494(-12),[西] 松下武士,202401020612
14,5,7,ナリタザクラ,牡7,58.0,横山典弘,1:55.4,大,165.1,13.0,516(+12),[西] 高橋亮,202401020612
1,6,8,オイランブチ,牝2,52.0,長浜鴻緒,1:11.4,,9.6,4.0,432(+2),[東] 的場均,202401020701
2,7,11,ビアンカネーヴェ,牝2,55.0,池添謙一,1:11.6,1,6.1,2.0,456(+2),[西] 北出成人,202401020701
3,4,5,ナンナンプー,牝2,52.0,高杉吏麒,1:11.9,2,23.9,6.0,446(+6),[東] 矢嶋大樹,202401020701
4,8,13,エイシンパンタレイ,牡2,55.0,菱田裕二,1:12.0,3/4,1.6,1.0,490(+8),[西] 中尾秀正,202401020701
5,5,7,ペタルブランシュ,牝2,53.0,小林勝太,1:12.1,1/2,27.4,8.0,400(+4),[東] 村田一誠,202401020701
6,6,9,グーフドリファール,牝2,55.0,丹内祐次,1:12.3,1,13.9,5.0,398(-2),[西] 安達昭夫,202401020701
7,5,6,ワイルドゴーア,牡2,55.0,横山和生,1:12.4,1/2,7.4,3.0,458(+10),[東] 加藤士津,202401020701
8,1,1,オールマイタイム,牝2,51.0,古川奈穂,1:13.2,5,139.2,12.0,390(+4),[東] 千葉直人,202401020701
9,8,12,アーバンガール,牝2,55.0,鮫島克駿,1:13.3,3/4,25.0,7.0,474(+10),[西] 小椋研介,202401020701
10,7,10,キョウエイウインド,牝2,55.0,小林凌大,1:13.5,1,233.2,13.0,390(+2),[東] 萱野浩二,202401020701
11,2,2,キスメット,牡2,55.0,黛弘人,1:13.5,クビ,137.2,11.0,466(+10),[東] 大和田成,202401020701
12,4,4,コパノキュラソー,牡2,55.0,古川吉洋,1:13.6,3/4,63.7,9.0,506(-4),[西] 宮徹,202401020701
13,3,3,アスクサヴァイバル,牡2,55.0,佐々木大,1:13.7,クビ,92.8,10.0,424(-4),[東] 田島俊明,202401020701
1,7,12,アローオブライト,牡2,55.0,藤岡佑介,1:45.9,,6.9,3.0,460(-8),[西] 渡辺薫彦,202401020702
2,3,4,ルクソールカフェ,牡2,55.0,佐々木大,1:45.9,クビ,2.3,1.0,532(+2),[東] 堀宣行,202401020702
3,5,8,ドーバーブライト,牡2,55.0,横山武史,1:47.3,9,5.6,2.0,494(-4),[東] 西田雄一,202401020702
4,8,13,ジーティートゥルー,牡2,55.0,大野拓弥,1:47.3,ハナ,9.9,5.0,448(-4),[東] 田島俊明,202401020702
5,6,10,アルデフォックス,牡2,55.0,北村友一,1:47.4,1/2,7.9,4.0,522(+2),[西] 藤岡健一,202401020702
6,4,6,シャイニーシップ,牡2,51.0,古川奈穂,1:48.1,4,146.8,11.0,486(-2),[東] 畠山吉宏,202401020702
7,2,2,ロードスカイブルー,牡2,55.0,横山和生,1:48.4,1.1/2,15.0,7.0,446(-4),[東] 和田勇介,202401020702
8,4,5,ガストフロント,牡2,53.0,小林勝太,1:49.6,7,171.0,12.0,436(-6),[東] 水野貴広,202401020702
9,3,3,ラブミーナタリー,牝2,52.0,長浜鴻緒,1:50.4,5,364.7,14.0,470(-8),[東] 矢嶋大樹,202401020702
10,7,11,ミヤマイルス,牝2,55.0,丹内祐次,1:50.6,1.1/2,10.9,6.0,478(-2),[東] 伊藤圭三,202401020702
11,8,14,レーヴレジェンド,牡2,55.0,永野猛蔵,1:50.9,1.3/4,31.7,10.0,480(-4),[東] 金成貴史,202401020702
12,6,9,モーニングスター,牝2,52.0,高杉吏麒,1:51.7,5,26.5,8.0,426(0),[東] 加藤和宏,202401020702
13,1,1,スパーク,牡2,55.0,菱田裕二,1:52.3,3.1/2,232.6,13.0,478(-6),[東] 池上昌和,202401020702
14,5,7,ブライアーヒル,牝2,55.0,横山典弘,1:52.4,1/2,28.3,9.0,468(+2),[西] 中尾秀正,202401020702
1,3,6,アラタマフェーヴル,牡3,57.0,北村友一,2:02.6,,7.8,5.0,486(-4),[西] 浜田多実,202401020703
2,4,8,タルタロス,牡3,57.0,黛弘人,2:03.3,4,4.8,2.0,452(-4),[東] 森一誠,202401020703
3,4,7,アークドール,牡3,57.0,横山典弘,2:03.4,3/4,13.9,7.0,442(-6),[西] 松永幹夫,202401020703
4,8,15,ニシノシャミナード,牝3,55.0,池添謙一,2:03.8,2.1/2,18.8,8.0,432(-2),[東] 嘉藤貴行,202401020703
5,1,2,マイファミリー,牡3,57.0,杉原誠人,2:03.9,1/2,6.0,3.0,450(-2),[東] 深山雅史,202401020703
6,2,4,テイクノーティス,牡3,57.0,菱田裕二,2:04.0,1,39.5,9.0,448(+4),[東] 伊坂重信,202401020703
7,6,12,ヘザルフェン,牡3,57.0,横山和生,2:04.2,1,7.2,4.0,494(-2),[西] 昆貢,202401020703
8,7,13,アウストラリス,牝3,55.0,富田暁,2:04.3,1,120.6,13.0,434(+2),[東] 高橋文雅,202401020703
9,5,10,ラインポーチュラカ,牝3,55.0,古川吉洋,2:04.7,2.1/2,46.2,11.0,504(+4),[東] 蛯名正義,202401020703
10,8,16,ネロコルヴィーノ,牡3,57.0,鮫島克駿,2:04.9,3/4,4.0,1.0,518(-6),[西] 辻野泰之,202401020703
11,6,11,タイキジパング,牡3,55.0,小林勝太,2:04.9,ハナ,44.3,10.0,478(-4),[東] 菊沢隆徳,202401020703
12,3,5,サトノアライヴ,牡3,57.0,佐々木大,2:04.9,アタマ,7.8,6.0,436(+4),[西] 須貝尚介,202401020703
13,1,1,アイビーブリッツ,牡3,57.0,川又賢治,2:05.0,クビ,146.3,14.0,444(0),[西] 吉村圭司,202401020703
14,7,14,シングルハーテッド,牝3,55.0,横山武史,2:05.4,2.1/2,46.6,12.0,434(+2),[西] 吉岡辰弥,202401020703
15,5,9,ユーライナー,牝3,52.0,川端海翼,2:05.5,1,298.7,15.0,426(+6),[東] 高橋文雅,202401020703
中,2,3,シナモンデイジー,牝3,52.0,長浜鴻緒,,,331.5,16.0,472(+2),[東] 菊川正達,202401020703
1,1,1,マクミランテソーロ,牡3,57.0,丹内祐次,1:45.5,,6.3,4.0,476(0),[東] 田中剛,202401020704
2,6,10,ハイケンス,牡3,57.0,荻野琢真,1:46.0,3,35.5,8.0,460(-2),[西] 今野貞一,202401020704
3,8,13,ユーヴェリア,牝3,55.0,武豊,1:46.1,1/2,3.3,1.0,450(0),[西] 宮本博,202401020704
4,5,7,クレスコサンダー,牡3,57.0,菱田裕二,1:46.3,1.1/2,5.6,3.0,486(0),[西] 緒方努,202401020704
5,4,5,レッドレフィナード,牡3,57.0,横山和生,1:46.5,1.1/4,12.6,6.0,488(0),[東] 栗田徹,202401020704
6,3,3,オレンジダンサー,牝3,55.0,佐々木大,1:46.6,1/2,8.5,5.0,438(+2),[西] 高野友和,202401020704
7,3,4,マーシャルテイル,牡3,54.0,川端海翼,1:47.0,2.1/2,38.3,9.0,456(+4),[西] 池添学,202401020704
8,4,6,ストレンジャー,牡3,57.0,横山典弘,1:47.4,2.1/2,78.4,11.0,440(-6),[西] 角田晃一,202401020704
9,2,2,ポアゾンノアール,牝3,55.0,富田暁,1:47.8,2.1/2,53.2,10.0,466(0),[西] 本田優,202401020704
10,7,11,タイセイフォルテ,牡3,54.0,高杉吏麒,1:48.6,5,34.6,7.0,494(+8),[西] 西村真幸,202401020704
11,8,14,リキサンワールド,牡3,57.0,小林凌大,1:49.2,4,150.6,13.0,464(+2),[東] 奥平雅士,202401020704
12,5,8,ブルーシープ,牡3,57.0,杉原誠人,1:50.7,9,396.0,14.0,514(0),[東] 佐藤吉勝,202401020704
13,6,9,アンビシュー,牝3,51.0,古川奈穂,1:50.7,クビ,144.3,12.0,472(+6),[西] 池江泰寿,202401020704
14,7,12,サイドキック,牡3,57.0,横山武史,1:51.6,5,3.4,2.0,498(-4),[西] 西園翔太,202401020704
1,6,7,ダイシンラー,牡2,55.0,岩田康誠,1:34.0,,6.6,4.0,494(0),[西] 梅田智之,202401020705
2,1,1,ダノンミッション,牡2,55.0,佐々木大,1:34.0,アタマ,2.1,1.0,466(0),[東] 堀宣行,202401020705
3,5,5,ヒルノカーディフ,牝2,55.0,古川吉洋,1:34.5,2.1/2,12.5,5.0,434(0),[西] 昆貢,202401020705
4,5,6,ウェーヴレット,牝2,55.0,横山和生,1:34.6,3/4,6.3,3.0,420(0),[東] 菊沢隆徳,202401020705
5,8,11,ダイヤノゴトク,牝2,55.0,池添謙一,1:34.7,1/2,6.3,2.0,440(0),[西] 小栗実,202401020705
6,7,10,クァンタムリード,牡2,55.0,丹内祐次,1:34.7,ハナ,18.1,8.0,416(0),[東] 蛯名正義,202401020705
7,8,12,キングピラート,牡2,55.0,鮫島克駿,1:34.9,1.1/2,47.1,9.0,468(0),[西] 高橋義忠,202401020705
8,6,8,ヴォラヴィア,牡2,55.0,川又賢治,1:35.0,クビ,16.2,7.0,446(0),[西] 杉山佳明,202401020705
9,4,4,モンツァフレイバー,牡2,55.0,横山武史,1:35.5,3,15.9,6.0,454(0),[東] 久保田貴,202401020705
10,3,3,ルーティーン,牡2,51.0,古川奈穂,1:36.1,4,88.1,11.0,460(0),[西] 高橋康之,202401020705
11,7,9,コパノハーン,牡2,53.0,小林勝太,1:36.2,クビ,142.6,12.0,474(0),[西] 村山明,202401020705
12,2,2,ワサンノタイカ,牡2,52.0,長浜鴻緒,1:37.1,5,63.8,10.0,480(0),[東] 矢嶋大樹,202401020705
1,8,11,ヴェラリーシャ,牝3,54.0,永野猛蔵,0:58.5,,5.8,4.0,484(+2),[東] 伊藤圭三,202401020706
2,8,12,スノーホルンロード,セ5,56.0,小林勝太,0:58.5,クビ,4.1,1.0,510(+4),[東] 清水英克,202401020706
3,1,1,ヒメカミノイタダキ,牡5,58.0,古川吉洋,0:58.7,1,46.2,10.0,506(-6),[東] 武市康男,202401020706
4,4,4,ペレグリン,牝3,54.0,鮫島克駿,0:58.9,1,4.6,3.0,436(+4),[西] 河嶋宏樹,202401020706
5,2,2,カップッチョ,牡7,58.0,黛弘人,0:58.9,アタマ,32.4,9.0,492(-2),[東] 石毛善彦,202401020706
6,5,6,パレフォーコン,牡5,55.0,高杉吏麒,0:58.9,アタマ,30.7,8.0,448(-2),[西] 鮫島一歩,202401020706
7,6,7,コスモジョセフ,牡4,58.0,横山武史,0:59.0,1/2,15.3,7.0,486(+2),[東] 伊藤大士,202401020706
8,7,9,キャンドルマス,牡3,56.0,北村友一,0:59.2,1.1/4,4.2,2.0,486(+6),[西] 小崎憲,202401020706
9,7,10,サザンレイク,牝4,53.0,長浜鴻緒,0:59.8,3.1/2,13.5,6.0,494(-4),[東] 根本康広,202401020706
10,6,8,アオイコウキ,牡4,58.0,佐々木大,1:00.0,1.1/4,6.3,5.0,508(-4),[東] 古賀慎明,202401020706
11,5,5,ジュンフシナ,牡4,58.0,杉原誠人,1:00.9,5,213.3,11.0,472(-6),[東] 中舘英二,202401020706
取,3,3,グリモワール,牝5,56.0,丹内祐次,,,---,,計不,[東] 奥平雅士,202401020706
1,2,2,ルージュシュエット,牝3,50.0,古川奈穂,1:44.1,,3.4,2.0,456(0),[西] 矢作芳人,202401020707
2,6,9,ブリスキー,セ4,58.0,鮫島克駿,1:44.2,クビ,23.1,7.0,460(-2),[東] 堀宣行,202401020707
3,4,5,リーゼノアール,牡4,55.0,長浜鴻緒,1:44.3,3/4,22.2,6.0,496(-2),[東] 国枝栄,202401020707
4,5,8,フリッパー,牡4,58.0,北村友一,1:44.6,2,67.2,12.0,498(-8),[東] 戸田博文,202401020707
5,5,7,キングブルー,牡3,55.0,藤岡佑介,1:44.9,1.3/4,3.7,3.0,488(+2),[西] 四位洋文,202401020707
6,4,6,ニシノアウェイク,牡3,55.0,永野猛蔵,1:45.5,3.1/2,20.5,5.0,486(0),[東] 伊藤圭三,202401020707
7,3,4,サンマルミッション,牡3,55.0,古川吉洋,1:45.5,クビ,35.2,8.0,450(+8),[東] 和田勇介,202401020707
8,8,13,ロードブレイズ,牡3,55.0,横山和生,1:45.7,1,2.5,1.0,498(+4),[東] 稲垣幸雄,202401020707
9,6,10,ガルデルクラージュ,牡3,55.0,富田暁,1:45.7,クビ,61.5,11.0,504(-6),[西] 武英智,202401020707
10,3,3,ロードブライト,牡5,58.0,丹内祐次,1:45.7,クビ,39.8,9.0,528(+4),[東] 和田勇介,202401020707
11,8,14,トロピカルタウン,牡4,55.0,高杉吏麒,1:46.0,2,51.4,10.0,494(+22),[東] 伊坂重信,202401020707
12,1,1,ルクスアドラー,牡3,55.0,佐々木大,1:46.3,1.1/2,16.7,4.0,472(+10),[西] 須貝尚介,202401020707
13,7,11,セイゲン,牡5,58.0,杉原誠人,1:46.3,クビ,289.2,13.0,476(-2),[東] 中川公成,202401020707
14,7,12,トリオーレ,牡4,55.0,川端海翼,1:47.1,5,332.8,14.0,486(-4),[東] 嘉藤貴行,202401020707
1,4,8,ノーブルスカイ,牡3,55.0,鮫島克駿,2:03.9,,11.2,5.0,466(-2),[西] 高柳大輔,202401020708
2,3,5,コスモレオナルド,牡3,55.0,横山武史,2:04.4,3,4.4,2.0,454(+2),[東] 鹿戸雄一,202401020708
3,7,14,スピードリッチ,牡3,55.0,藤岡佑介,2:04.5,1/2,3.3,1.0,478(-2),[西] 藤岡健一,202401020708
4,6,12,パンジャ,牡3,55.0,武豊,2:04.5,ハナ,5.3,3.0,468(-4),[東] 金成貴史,202401020708
5,6,11,ウインボレロ,牡3,55.0,佐々木大,2:04.8,2,29.1,8.0,436(+2),[東] 手塚貴久,202401020708
6,1,2,ヒナノコバン,セ7,56.0,小林勝太,2:04.8,アタマ,134.6,15.0,458(+4),[東] 本間忍,202401020708
7,2,3,コスモエクスプレス,牡5,58.0,斎藤新,2:04.9,アタマ,43.3,11.0,494(-6),[東] 松永康利,202401020708
8,5,10,ミスガリレオアスク,牝3,50.0,古川奈穂,2:05.1,1.1/2,14.0,6.0,436(-2),[西] 矢作芳人,202401020708
9,5,9,キヨラ,牝6,56.0,永野猛蔵,2:05.1,ハナ,37.2,10.0,478(+2),[東] 堀内岳志,202401020708
10,7,13,ビッグベルーガ,牡4,58.0,浜中俊,2:05.4,1.1/2,65.0,13.0,476(+2),[西] 牧浦充徳,202401020708
11,8,15,コスモエスメラルダ,牝3,53.0,丹内祐次,2:05.5,3/4,94.7,14.0,506(+2),[東] 畠山吉宏,202401020708
12,3,6,ルージュクレセント,牝4,53.0,高杉吏麒,2:05.6,クビ,47.1,12.0,452(0),[東] 国枝栄,202401020708
13,2,4,フォトンブルー,セ4,58.0,菱田裕二,2:05.6,クビ,28.5,7.0,502(-4),[西] 武幸四郎,202401020708
14,1,1,セイウンパシュート,牡4,58.0,池添謙一,2:05.6,ハナ,5.6,4.0,470(+8),[東] 上原博之,202401020708
15,4,7,ロードアフェット,牡3,55.0,横山和生,2:06.7,7,34.6,9.0,454(+16),[東] 高柳瑞樹,202401020708
16,8,16,リーゼントジャンボ,牡6,58.0,古川吉洋,2:08.0,8,400.4,16.0,548(+10),[東] 小手川準,202401020708
1,6,9,クラヴィコード,牝3,53.0,横山武史,1:43.6,,17.3,8.0,490(0),[西] 中村直也,202401020709
2,2,2,バニシングポイント,セ6,58.0,杉原誠人,1:43.8,1,17.7,9.0,484(-8),[東] 古賀慎明,202401020709
3,5,6,クロースコンバット,牡5,58.0,丹内祐次,1:44.1,2,9.8,5.0,490(0),[東] 青木孝文,202401020709
4,4,4,オーバーザドリーム,牡4,58.0,佐々木大,1:44.1,アタマ,10.1,6.0,474(+6),[西] 清水久詞,202401020709
5,3,3,コブラ,牡5,58.0,横山典弘,1:44.1,ハナ,4.9,2.0,482(+2),[東] 菊沢隆徳,202401020709
6,8,13,スズカマジェスタ,牡5,58.0,荻野琢真,1:44.3,1,18.1,10.0,436(-4),[西] 須貝尚介,202401020709
7,4,5,クォーツァイト,牝3,53.0,斎藤新,1:44.3,ハナ,5.1,3.0,466(0),[東] 斎藤誠,202401020709
8,5,7,キョウエイゲイル,セ4,58.0,大野拓弥,1:44.9,4,13.7,7.0,476(+6),[西] 田中克典,202401020709
9,7,11,レタラ,牝5,56.0,永野猛蔵,1:45.1,1.1/4,89.4,12.0,482(+18),[西] 吉村圭司,202401020709
10,8,12,ロードマゼラン,セ5,58.0,横山和生,1:45.2,1/2,18.3,11.0,496(-6),[西] 奥村豊,202401020709
11,7,10,ダノンスウィッチ,牡3,55.0,武豊,1:45.9,4,4.6,1.0,480(+4),[西] 音無秀孝,202401020709
12,1,1,タシロ,牡7,58.0,黛弘人,1:46.5,4,133.9,13.0,532(+4),[東] 伊藤大士,202401020709
13,6,8,サラサハウプリティ,牝4,56.0,菱田裕二,1:47.1,3.1/2,8.0,4.0,446(+10),[西] 岡田稲男,202401020709
1,7,11,ドナベティ,牝3,53.0,武豊,1:30.0,,8.0,5.0,422(0),[西] 矢作芳人,202401020710
2,3,4,ミスフィガロ,牝6,56.0,古川吉洋,1:30.0,クビ,37.4,9.0,438(-2),[西] 友道康夫,202401020710
3,8,14,スミ,牝5,56.0,菱田裕二,1:30.1,3/4,5.3,2.0,488(+6),[西] 高橋亮,202401020710
4,5,8,コスモエスパーダ,牡8,58.0,丹内祐次,1:30.2,クビ,46.2,10.0,502(0),[東] 天間昭一,202401020710
5,4,5,モカフラワー,牝5,56.0,長浜鴻緒,1:30.3,1/2,110.5,14.0,468(0),[東] 相沢郁,202401020710
6,5,7,オーサムストローク,牡3,55.0,横山武史,1:30.4,1/2,5.5,3.0,442(+2),[東] 伊藤圭三,202401020710
7,4,6,ワイドラトゥール,牝3,53.0,北村友一,1:30.6,1.1/4,3.1,1.0,436(+14),[西] 藤原英昭,202401020710
8,8,13,ニューノーマル,牝5,56.0,浜中俊,1:30.6,ハナ,56.0,13.0,468(-2),[東] 上原佑紀,202401020710
9,6,9,スカイロケット,牡4,58.0,佐々木大,1:30.9,2,17.2,6.0,440(+4),[西] 須貝尚介,202401020710
10,2,2,アルーリングビュー,牝4,56.0,藤岡佑介,1:31.1,1,49.9,11.0,482(+4),[西] 吉村圭司,202401020710
11,7,12,エマヌエーレ,牡4,58.0,池添謙一,1:31.4,2,19.5,8.0,508(+8),[西] 平田修,202401020710
12,3,3,キャプテンシー,牡3,55.0,鮫島克駿,1:31.6,1,6.0,4.0,468(+2),[西] 松永幹夫,202401020710
13,1,1,トラベログ,牝4,56.0,横山和生,1:31.8,1.1/4,18.6,7.0,472(+8),[東] 岩戸孝樹,202401020710
14,6,10,ラウラーナ,牝4,56.0,大野拓弥,1:33.4,10,51.6,12.0,438(+4),[東] 宗像義忠,202401020710
1,2,2,マジックサンズ,牡2,55.0,佐々木大,1:50.3,,4.3,3.0,500(-2),[西] 須貝尚介,202401020711
2,1,1,アルマヴェローチェ,牝2,55.0,横山武史,1:50.3,ハナ,23.4,6.0,484(+2),[西] 上村洋行,202401020711
3,6,8,ファイアンクランツ,牡2,55.0,鮫島克駿,1:50.5,1.1/2,3.5,1.0,440(-2),[東] 堀宣行,202401020711
4,8,12,モンドデラモーレ,牡2,55.0,杉原誠人,1:51.1,3.1/2,7.0,5.0,464(-2),[東] 千葉直人,202401020711
5,5,5,レーヴドロペラ,牝2,55.0,大野拓弥,1:51.4,1.3/4,89.2,11.0,450(0),[東] 加藤士津,202401020711
6,3,3,マテンロウサン,牡2,55.0,横山和生,1:51.4,クビ,6.4,4.0,498(-4),[西] 昆貢,202401020711
7,8,11,アスクシュタイン,牡2,55.0,北村友一,1:51.5,クビ,3.5,2.0,490(+2),[西] 藤原英昭,202401020711
8,4,4,ショウナンマクベス,牡2,55.0,岩田康誠,1:51.6,1/2,23.7,7.0,484(+18),[東] 武市康男,202401020711
9,7,10,ローレルオーブ,牡2,55.0,斎藤新,1:51.6,クビ,141.5,12.0,440(-8),[西] 杉山佳明,202401020711
10,5,6,ニシノタンギー,牡2,55.0,永野猛蔵,1:52.9,8,41.2,8.0,452(-8),[東] 水野貴広,202401020711
11,7,9,トップオンザヒル,牡2,55.0,菱田裕二,1:53.1,1.1/4,51.8,9.0,460(-10),[西] 岡田稲男,202401020711
12,6,7,バセリーナ,牡2,55.0,丹内祐次,1:54.0,5,85.6,10.0,438(-2),[東] 松山将樹,202401020711
1,8,15,ツインクルトーズ,牝4,56.0,古川吉洋,1:10.5,,8.3,3.0,510(+2),[東] 牧光二,202401020712
2,4,7,スイミーユニバンス,牝4,56.0,池添謙一,1:10.7,1.1/4,37.7,10.0,440(0),[西] 平田修,202401020712
3,8,16,ジョーメッドヴィン,牡3,56.0,佐々木大,1:10.8,1,12.2,6.0,502(0),[西] 清水久詞,202401020712
4,3,5,イグニション,牡4,58.0,菱田裕二,1:11.0,1,39.9,11.0,472(+2),[西] 畑端省吾,202401020712
5,7,14,メイショウハボタン,牝6,56.0,丹内祐次,1:11.2,1,30.2,9.0,472(-4),[西] 本田優,202401020712
6,2,3,スミレファースト,牝3,54.0,北村友一,1:11.3,1/2,10.4,5.0,458(+6),[東] 加藤征弘,202401020712
7,3,6,スマートルシーダ,牡6,58.0,浜中俊,1:11.5,1.1/4,25.0,8.0,460(-8),[西] 音無秀孝,202401020712
8,2,4,コーティアスマナー,牝3,54.0,鮫島克駿,1:11.5,アタマ,3.6,2.0,448(0),[西] 高橋義忠,202401020712
9,4,8,トーラスシャイン,牡3,56.0,武豊,1:11.8,1.3/4,3.1,1.0,480(+8),[西] 田中克典,202401020712
10,7,13,ロードトレイル,牡3,56.0,横山武史,1:11.8,クビ,9.7,4.0,486(+6),[西] 藤岡健一,202401020712
11,6,11,ケイアイオメガ,牡5,58.0,荻野琢真,1:11.8,ハナ,46.1,13.0,474(+14),[西] 梅田智之,202401020712
12,6,12,フラッシュアーク,牝5,56.0,黛弘人,1:11.9,クビ,191.2,16.0,476(+6),[東] 青木孝文,202401020712
13,1,2,アンビバレント,牡4,58.0,高杉吏麒,1:11.9,ハナ,86.9,15.0,466(0),[西] 藤野健太,202401020712
14,5,9,ペプチドシュチク,牡3,56.0,富田暁,1:12.1,1.1/4,45.5,12.0,478(0),[西] 武英智,202401020712
15,1,1,ポルタフォルトゥナ,牝5,56.0,岩田康誠,1:12.2,1/2,16.3,7.0,480(+2),[東] 土田稔,202401020712
16,5,10,ワイアウ,牝4,56.0,永野猛蔵,1:12.2,ハナ,52.4,14.0,474(+2),[東] 鈴木慎太,202401020712
1,6,8,ヒシアマン,牡2,55.0,藤岡佑介,1:30.8,,1.4,1.0,458(+10),[東] 堀宣行,202401020801
2,4,4,ワールドキッス,牡2,55.0,浜中俊,1:31.8,6,9.6,3.0,446(-4),[西] 河嶋宏樹,202401020801
3,8,11,ホウオウライダイ,牡2,55.0,古川吉洋,1:32.0,1.1/2,13.9,5.0,474(-4),[西] 宮徹,202401020801
4,3,3,ナンヨーエンペラー,牡2,55.0,武豊,1:32.1,1/2,9.7,4.0,470(-6),[西] 松永幹夫,202401020801
5,2,2,グランカメリア,牡2,55.0,鮫島克駿,1:32.3,1,6.1,2.0,484(+12),[西] 吉田直弘,202401020801
6,8,12,リンゲルブルーメ,牝2,55.0,北村友一,1:32.5,1,32.1,7.0,468(-2),[西] 池添学,202401020801
7,1,1,コパノマロン,牝2,52.0,長浜鴻緒,1:32.5,クビ,93.6,8.0,436(-2),[西] 村山明,202401020801
8,5,5,ゴーゴーゴウト,牡2,53.0,小林勝太,1:32.6,1/2,164.7,10.0,478(+2),[東] 加藤士津,202401020801
9,5,6,ハプスブルグ,牝2,55.0,丹内祐次,1:32.7,1/2,130.2,9.0,468(-12),[西] 河嶋宏樹,202401020801
10,7,10,ベルリネッタ,牡2,55.0,横山武史,1:32.7,クビ,15.4,6.0,494(-2),[東] 矢野英一,202401020801
11,7,9,シャインローザ,牝2,55.0,桑村真明,1:32.9,1.1/4,166.2,11.0,454(+2),[西] 中村直也,202401020801
12,6,7,ロザリアン,牝2,55.0,和田翼,1:33.0,1/2,400.0,12.0,458(+6),[西] 谷潔,202401020801
1,2,2,マハートマーベル,牡2,52.0,高杉吏麒,2:05.5,,113.5,10.0,458(0),[西] 西村真幸,202401020802
2,6,7,シャルクハフト,牡2,55.0,横山和生,2:05.7,1,35.2,7.0,478(0),[西] 清水久詞,202401020802
3,7,9,バントック,牡2,55.0,北村友一,2:05.8,1/2,5.1,3.0,434(0),[西] 浜田多実,202401020802
4,1,1,ヤコブセン,牡2,55.0,鮫島克駿,2:06.0,1.1/2,6.6,4.0,488(0),[東] 斎藤誠,202401020802
5,4,4,アルデムラータ,牝2,55.0,大野拓弥,2:06.4,2.1/2,53.1,8.0,424(+24),[東] 村田一誠,202401020802
6,5,5,ゴガツノアマノガワ,牡2,55.0,永野猛蔵,2:06.5,3/4,26.2,6.0,440(+2),[東] 清水英克,202401020802
7,7,10,カミノレアル,牡2,55.0,菱田裕二,2:06.6,1/2,3.0,2.0,512(-8),[西] 今野貞一,202401020802
8,8,11,マイネルトラオム,牡2,55.0,丹内祐次,2:07.1,3,23.1,5.0,462(+16),[東] 深山雅史,202401020802
9,8,12,エットトゥカム,牡2,55.0,黛弘人,2:07.5,2.1/2,323.5,12.0,402(+8),[東] 深山雅史,202401020802
10,6,8,カンタベリーバイク,牡2,51.0,古川奈穂,2:07.7,1.1/2,241.3,11.0,448(0),[東] 的場均,202401020802
11,3,3,アカイツメ,牝2,53.0,小林勝太,2:09.2,9,108.3,9.0,436(0),[西] 北出成人,202401020802
12,5,6,マイユニバース,牡2,55.0,横山典弘,2:10.5,8,2.3,1.0,460(+2),[西] 武幸四郎,202401020802
1,2,2,サンキャメロン,牝3,55.0,横山武史,1:45.5,,8.0,5.0,458(+8),[東] 上原博之,202401020803
2,1,1,ノーブルブランカ,牝3,52.0,高杉吏麒,1:45.6,1/2,6.6,4.0,442(-2),[西] 牧浦充徳,202401020803
3,6,10,ケーヴァラ,牡3,57.0,鮫島克駿,1:46.2,3.1/2,3.9,1.0,470(+2),[西] 羽月友彦,202401020803
4,3,4,ランドマックス,牡3,54.0,長浜鴻緒,1:46.2,クビ,5.1,3.0,480(0),[東] 本間忍,202401020803
5,8,13,フィアマフルミネ,牝3,55.0,横山和生,1:46.3,3/4,12.4,6.0,434(+8),[西] 飯田祐史,202401020803
6,8,14,フルリール,牝3,55.0,藤岡佑介,1:46.5,1,28.5,9.0,430(-4),[西] 藤岡健一,202401020803
7,3,3,ダイゴリュウジン,牡3,57.0,丹内祐次,1:46.6,3/4,28.3,8.0,472(0),[東] 清水英克,202401020803
8,7,11,アイファーキャップ,牡3,57.0,佐々木大,1:46.8,3/4,4.1,2.0,462(0),[西] 鮫島一歩,202401020803
9,4,5,ナムラカメジロー,牡3,55.0,小林勝太,1:47.0,1.1/2,18.5,7.0,500(+6),[西] 杉山佳明,202401020803
10,7,12,ウェーブロック,牡3,57.0,落合玄太,1:47.4,2.1/2,36.2,10.0,502(-4),[東] 萩原清,202401020803
11,5,7,カジカライズ,牡3,57.0,大野拓弥,1:48.1,4,48.4,11.0,430(+2),[東] 久保田貴,202401020803
12,5,8,ビーラヴゼアー,牝3,55.0,荻野琢真,1:48.2,アタマ,104.0,13.0,466(+2),[西] 小林真也,202401020803
13,4,6,リーゼントジェイド,牡3,53.0,古川奈穂,1:48.5,2,137.9,14.0,480(+9),[西] 矢作芳人,202401020803
14,6,9,キルケロッソ,牝3,55.0,菱田裕二,1:49.8,8,57.8,12.0,456(+8),[西] 村山明,202401020803
1,2,4,ブライティアダイヤ,牝3,55.0,永野猛蔵,1:10.1,,21.2,9.0,462(-2),[東] 稲垣幸雄,202401020804
1,6,12,スウィートリワード,牝3,55.0,浜中俊,1:10.1,同着,20.3,8.0,458(+2),[西] 宮本博,202401020804
3,5,9,キアロヴェローチェ,セ3,57.0,藤岡佑介,1:10.2,クビ,16.5,6.0,466(-2),[西] 武幸四郎,202401020804
4,5,10,ココシャンパーニュ,牝3,55.0,北村友一,1:10.2,アタマ,4.5,2.0,466(-2),[西] 音無秀孝,202401020804
5,7,13,アムールリーベ,牝3,55.0,武豊,1:10.3,1/2,2.6,1.0,490(+8),[西] 友道康夫,202401020804
6,3,5,セキテイレア,牝3,55.0,斎藤新,1:10.3,アタマ,23.8,10.0,434(-2),[西] 松永幹夫,202401020804
7,7,14,ヴァシロペス,セ3,57.0,鮫島克駿,1:10.3,ハナ,10.2,4.0,456(+8),[西] 緒方努,202401020804
8,8,16,サニイアール,牝3,55.0,丹内祐次,1:10.4,1/2,8.1,3.0,448(+2),[東] 田村康仁,202401020804
9,2,3,ロンフォン,牝3,55.0,横山武史,1:10.5,3/4,14.3,5.0,434(+6),[東] 久保田貴,202401020804
10,4,8,フェアアイル,牝3,53.0,小林勝太,1:10.6,3/4,29.2,11.0,404(+6),[西] 音無秀孝,202401020804
11,3,6,ラントゥリーダンス,牝3,52.0,川端海翼,1:10.8,1,86.8,14.0,462(-6),[東] 石栗龍彦,202401020804
12,4,7,ポムファッジ,牝3,55.0,菱田裕二,1:11.0,1.1/4,19.2,7.0,500(-2),[東] 高橋文雅,202401020804
13,6,11,ヒラボクヒーロー,牡3,57.0,荻野琢真,1:11.3,2,30.5,12.0,476(-4),[東] 大竹正博,202401020804
14,1,2,サトノフォルテ,牡3,57.0,佐々木大,1:11.4,クビ,34.9,13.0,478(-2),[東] 国枝栄,202401020804
15,1,1,セントオブシン,牝3,55.0,桑村真明,1:11.7,2,182.6,15.0,438(+12),[西] 高野友和,202401020804
16,8,15,マルジェラ,牡3,57.0,黛弘人,1:11.7,アタマ,254.8,16.0,498(+8),[東] 佐藤吉勝,202401020804
1,5,7,イーブンナウ,牝3,52.0,長浜鴻緒,1:46.7,,32.3,12.0,444(+14),[西] 田中克典,202401020805
2,6,9,リゼルージュセリエ,牡3,54.0,川端海翼,1:46.8,クビ,27.4,10.0,494(0),[東] 松山将樹,202401020805
3,7,12,レーベンヘルツ,牡3,57.0,佐々木大,1:47.0,1.1/4,10.4,4.0,454(-2),[西] 西園翔太,202401020805
4,3,4,ポンヌフ,牝3,55.0,古川吉洋,1:47.1,3/4,3.5,1.0,458(-4),[西] 吉村圭司,202401020805
5,4,5,モズイージス,牡3,54.0,高杉吏麒,1:47.3,3/4,14.4,6.0,454(-4),[西] 松下武士,202401020805
6,5,8,ルージュベルベット,牝3,55.0,落合玄太,1:47.3,クビ,20.7,7.0,426(0),[東] 黒岩陽一,202401020805
7,6,10,オテンバムスメ,牝3,53.0,小林勝太,1:47.6,2,4.1,2.0,452(-2),[西] 北出成人,202401020805
8,1,1,パンドジェーヌ,牝3,55.0,横山武史,1:47.9,1.3/4,4.5,3.0,450(-4),[東] 大竹正博,202401020805
9,8,14,アンバサダー,牡3,57.0,川又賢治,1:48.3,2.1/2,46.1,13.0,520(+16),[西] 池江泰寿,202401020805
10,4,6,アイリュール,牝3,55.0,丹内祐次,1:48.5,1,12.8,5.0,458(+2),[東] 田中剛,202401020805
11,7,11,アールヴヘイム,牝3,51.0,古川奈穂,1:48.5,クビ,62.9,14.0,450(+2),[西] 小崎憲,202401020805
12,8,13,ウーロン,牝3,55.0,横山和生,1:49.0,3,26.7,9.0,488(+8),[東] 上原佑紀,202401020805
13,2,2,ファビュラスロード,牡3,57.0,鮫島克駿,1:49.2,1.1/4,25.1,8.0,460(+4),[東] 尾関知人,202401020805
14,3,3,エルキーオ,牡3,57.0,大野拓弥,1:49.3,1/2,29.1,11.0,498(+14),[東] 新開幸一,202401020805
1,1,1,レザンノワール,牡3,56.0,永野猛蔵,1:09.9,,6.8,3.0,462(-4),[東] 伊藤圭三,202401020806
2,7,14,シルバーダイヤ,牝4,56.0,佐々木大,1:10.1,1.1/4,9.4,5.0,458(-2),[東] 小野次郎,202401020806
3,1,2,ナムラシベラ,牝6,53.0,川端海翼,1:10.2,1/2,36.1,10.0,444(0),[西] 藤沢則雄,202401020806
4,5,10,アイノセンシ,牡4,58.0,菱田裕二,1:10.2,クビ,94.4,14.0,522(+4),[東] 牧光二,202401020806
5,4,7,オオゾラヒバリ,牝3,51.0,長浜鴻緒,1:10.4,1.1/4,8.5,4.0,450(-2),[東] 根本康広,202401020806
6,2,4,スピニングマーリン,牝4,54.0,小林勝太,1:10.5,クビ,58.2,12.0,482(-4),[東] 西田雄一,202401020806
7,3,6,サトノジール,牝3,54.0,落合玄太,1:10.5,クビ,20.2,9.0,408(-2),[東] 蛯名正義,202401020806
8,8,15,ウインアステロイド,牡7,58.0,黛弘人,1:10.7,1,13.5,8.0,466(+6),[東] 和田正一,202401020806
9,6,11,キャンドルベリー,牝5,56.0,大野拓弥,1:10.7,ハナ,46.4,11.0,430(-2),[東] 千葉直人,202401020806
10,2,3,セントキルダ,牡3,53.0,高杉吏麒,1:10.7,アタマ,11.6,7.0,476(+16),[西] 音無秀孝,202401020806
11,5,9,アウクソー,牝4,52.0,古川奈穂,1:10.8,クビ,117.0,15.0,434(+22),[西] 平田修,202401020806
11,8,16,プレアデスグループ,牝3,54.0,丹内祐次,1:10.8,同着,3.9,1.0,442(+2),[西] 吉岡辰弥,202401020806
13,7,13,ヒデシンイメル,牡3,56.0,富田暁,1:10.8,クビ,9.7,6.0,460(+6),[西] 武英智,202401020806
14,3,5,オベイユアマスター,牡3,56.0,古川吉洋,1:11.0,1.1/4,4.7,2.0,458(-2),[西] 昆貢,202401020806
15,6,12,リンクスクードボル,牡3,56.0,桑村真明,1:11.5,3,174.0,16.0,480(+6),[東] 加藤士津,202401020806
16,4,8,メネラオス,牡3,56.0,斎藤新,1:12.6,7,79.1,13.0,562(+4),[西] 奥村豊,202401020806
1,7,11,ガイアメンテ,牡3,55.0,佐々木大,1:50.6,,2.2,1.0,498(+8),[西] 須貝尚介,202401020807
2,6,9,ニシノインヴィクタ,牡3,55.0,永野猛蔵,1:50.7,3/4,27.8,6.0,504(+18),[東] 本間忍,202401020807
3,7,12,ラヴスコール,牝3,53.0,武豊,1:50.9,1,4.2,2.0,428(+8),[東] 加藤征弘,202401020807
4,1,1,マルカオペラ,牝3,53.0,北村友一,1:50.9,クビ,6.1,3.0,462(+2),[西] 浜田多実,202401020807
5,5,7,トゥルブレンツ,牝4,54.0,小林勝太,1:50.9,クビ,43.5,9.0,440(0),[西] 小栗実,202401020807
6,3,3,マイネルフォルツァ,牡4,58.0,丹内祐次,1:51.1,1,10.7,5.0,524(0),[東] 金成貴史,202401020807
7,5,8,バロックダンス,牝4,56.0,大野拓弥,1:51.3,1.1/4,117.0,12.0,462(-4),[東] 小手川準,202401020807
8,2,2,キセキノエンジェル,牝5,56.0,黛弘人,1:51.6,2,264.2,13.0,466(0),[東] 石毛善彦,202401020807
9,4,5,ルージュピルエット,牝3,53.0,菱田裕二,1:51.6,アタマ,39.9,8.0,478(-2),[西] 大久保龍,202401020807
10,3,4,ロストボール,セ5,55.0,高杉吏麒,1:51.8,1,288.4,14.0,430(-4),[東] 加藤和宏,202401020807
11,6,10,ルークスヘリオス,牡5,58.0,横山和生,1:51.9,1/2,54.6,10.0,486(+4),[東] 中川公成,202401020807
12,8,13,ゼットスパンキー,牡3,55.0,藤岡佑介,1:51.9,アタマ,95.5,11.0,458(0),[西] 宮徹,202401020807
13,8,14,ランカグア,牝4,53.0,長浜鴻緒,1:52.3,2.1/2,35.5,7.0,456(+4),[東] 奥村武,202401020807
14,4,6,マイネルモメンタム,牡3,55.0,横山武史,1:53.7,9,6.8,4.0,478(+4),[東] 相沢郁,202401020807
1,1,1,メジャーデビュー,牝3,53.0,丹内祐次,1:44.8,,3.1,2.0,440(+6),[東] 鈴木慎太,202401020808
2,3,3,メイショウリリー,牝3,50.0,川端海翼,1:45.5,4,5.2,3.0,434(0),[西] 高橋義忠,202401020808
3,6,9,ウェイトゥゴー,牝3,53.0,横山和生,1:46.1,3.1/2,6.7,4.0,462(+2),[西] 昆貢,202401020808
4,8,14,タクシンイメル,牝3,53.0,横山武史,1:46.1,クビ,2.9,1.0,484(+4),[西] 武英智,202401020808
5,6,10,ヤエベニシダレ,牝4,54.0,小林勝太,1:46.6,2.1/2,34.6,7.0,480(+10),[西] 梅田智之,202401020808
6,4,5,オーロヴェール,牝3,53.0,浜中俊,1:46.6,アタマ,12.4,5.0,490(+6),[西] 田中克典,202401020808
7,5,8,シュニー,牝4,56.0,富田暁,1:46.9,2,106.1,11.0,474(0),[西] 小崎憲,202401020808
8,5,7,スノーディーヴァ,牝3,53.0,黛弘人,1:47.4,3,36.8,8.0,470(-4),[東] 深山雅史,202401020808
9,8,13,グレイウェザーズ,牝4,53.0,長浜鴻緒,1:47.4,ハナ,110.0,12.0,448(0),[東] 西田雄一,202401020808
10,2,2,シュヴァルツナーガ,牝4,56.0,荻野琢真,1:47.7,1.3/4,294.2,13.0,430(-4),[東] 畠山吉宏,202401020808
11,3,4,ラブリーサイン,牝3,53.0,古川吉洋,1:48.2,3,78.1,10.0,512(+8),[西] 牧浦充徳,202401020808
12,7,11,エリカポラリス,牝3,53.0,永野猛蔵,1:48.3,1/2,15.7,6.0,444(+10),[東] 伊藤圭三,202401020808
13,7,12,ウインキャロライン,牝3,53.0,鮫島克駿,1:49.3,6,60.3,9.0,500(+4),[西] 杉山晴紀,202401020808
14,4,6,グァルジャー,牝4,56.0,桑村真明,1:51.6,大,410.6,14.0,476(-6),[西] 吉田直弘,202401020808
1,4,4,カワキタマナレア,牝2,55.0,鮫島克駿,1:10.1,,2.3,1.0,416(+10),[西] 杉山佳明,202401020809
2,5,5,ヴーレヴー,牝2,55.0,浜中俊,1:10.4,1.3/4,6.5,3.0,466(-2),[西] 武幸四郎,202401020809
3,8,9,モズナナスター,牝2,55.0,菱田裕二,1:10.5,1/2,7.7,4.0,448(+2),[西] 矢作芳人,202401020809
4,1,1,ピコローズ,牝2,55.0,永野猛蔵,1:10.5,アタマ,20.8,6.0,434(+10),[東] 伊藤大士,202401020809
5,8,10,マキシマムドライブ,牡2,55.0,服部茂史,1:10.7,1,29.6,7.0,524(+10),[地] 田中淳司,202401020809
6,6,6,ポッドベイダー,牡2,55.0,佐々木大,1:11.1,2.1/2,2.8,2.0,462(0),[東] 上原佑紀,202401020809
7,3,3,ミスフォルテ,牝2,55.0,落合玄太,1:11.1,クビ,113.3,10.0,468(+2),[地] 田中淳司,202401020809
8,7,7,ロードヴェルト,牡2,55.0,横山武史,1:11.3,1.1/4,14.6,5.0,422(+6),[西] 牧浦充徳,202401020809
9,7,8,ハーフブルー,牝2,55.0,小野楓馬,1:12.3,6,36.4,8.0,466(-8),[地] 小野望,202401020809
10,2,2,エムピーフリップ,牡2,55.0,桑村真明,1:12.7,2.1/2,113.3,9.0,450(0),[地] 斉藤正弘,202401020809
1,2,3,ソリダリティ,牡5,58.0,北村友一,2:03.0,,56.1,10.0,512(+2),[西] 西園翔太,202401020810
2,8,14,ハヤテノフクノスケ,牡3,55.0,鮫島克駿,2:03.1,3/4,2.9,1.0,516(+6),[西] 中村直也,202401020810
3,6,11,クレバーテースト,セ5,58.0,藤岡佑介,2:03.1,ハナ,11.3,4.0,448(0),[西] 武幸四郎,202401020810
4,3,4,ヴァイルマティ,牝4,56.0,丹内祐次,2:03.2,クビ,30.2,8.0,514(+12),[東] 鹿戸雄一,202401020810
5,5,8,ホウオウプロサンゲ,牡3,55.0,菱田裕二,2:03.2,クビ,3.4,2.0,490(+8),[西] 矢作芳人,202401020810
6,5,9,ギャンブルルーム,牡3,55.0,横山武史,2:03.2,ハナ,5.7,3.0,488(-8),[西] 大久保龍,202401020810
7,1,1,ボーンイングランデ,牡4,58.0,斎藤新,2:03.2,ハナ,138.8,14.0,466(-10),[西] 吉田直弘,202401020810
8,7,12,ミヤビブレイブ,牝4,56.0,横山和生,2:03.3,1/2,14.7,7.0,478(+10),[東] 小島茂之,202401020810
9,4,7,ウインアクトゥール,牡3,55.0,佐々木大,2:03.4,クビ,34.9,9.0,436(0),[東] 栗田徹,202401020810
10,8,15,ユイ,牝5,56.0,古川奈穂,2:03.4,ハナ,69.1,11.0,450(0),[西] 高橋康之,202401020810
11,6,10,ピンクジン,牝4,56.0,黛弘人,2:03.6,1,11.4,5.0,452(+8),[東] 南田美知,202401020810
12,3,5,マイネルダグラス,牡6,58.0,富田暁,2:04.0,2.1/2,117.2,13.0,512(+2),[東] 相沢郁,202401020810
13,2,2,カナオールウェイズ,牡4,58.0,永野猛蔵,2:04.4,2.1/2,115.3,12.0,500(0),[西] 藤岡健一,202401020810
14,7,13,マイノワール,牡3,55.0,武豊,2:04.7,2,13.0,6.0,472(-6),[西] 笹田和秀,202401020810
15,4,6,グランドエスケープ,牡3,55.0,大野拓弥,2:06.0,8,180.0,15.0,464(0),[西] 藤沢則雄,202401020810
1,3,4,ショウナンバシット,牡4,57.0,佐々木大,2:41.5,,4.1,2.0,502(+4),[西] 須貝尚介,202401020811
2,4,5,ゴールデンスナップ,牝4,53.0,浜中俊,2:41.5,アタマ,3.7,1.0,466(+14),[西] 田中克典,202401020811
3,7,11,ハヤヤッコ,牡8,58.5,北村友一,2:42.3,5,11.4,5.0,482(-2),[東] 国枝栄,202401020811
4,4,6,プラチナトレジャー,牡6,55.0,永野猛蔵,2:42.5,1.1/2,14.3,8.0,478(-2),[東] 国枝栄,202401020811
5,8,14,エリカヴァレリア,牝6,53.0,菱田裕二,2:43.0,3,7.9,4.0,472(0),[東] 久保田貴,202401020811
6,7,12,マカオンドール,牡6,55.0,横山武史,2:43.1,クビ,20.9,9.0,498(-2),[西] 今野貞一,202401020811
7,5,7,サトノエルドール,牡8,56.0,鮫島克駿,2:43.1,アタマ,31.8,11.0,472(-2),[東] 国枝栄,202401020811
8,2,2,ディナースタ,牡5,56.0,横山和生,2:43.5,2.1/2,13.1,7.0,470(-2),[西] 辻野泰之,202401020811
9,5,8,ブレイヴロッカー,牡4,56.0,富田暁,2:43.6,1/2,6.6,3.0,462(+4),[西] 本田優,202401020811
10,6,10,セイウンプラチナ,牡5,55.0,大野拓弥,2:43.8,3/4,30.0,10.0,488(-10),[東] 千葉直人,202401020811
11,1,1,シルブロン,牡6,55.0,武豊,2:44.0,1,11.6,6.0,488(-16),[東] 稲垣幸雄,202401020811
12,6,9,イヤサカ,牝6,51.0,小林凌大,2:44.1,3/4,128.6,14.0,498(+10),[東] 天間昭一,202401020811
13,3,3,マイネルファンロン,牡9,55.0,丹内祐次,2:44.5,2,88.4,13.0,472(-18),[東] 手塚貴久,202401020811
14,8,13,テンカハル,牡6,57.0,藤岡佑介,2:45.0,3,50.3,12.0,514(+10),[西] 矢作芳人,202401020811
1,4,5,ロードクロンヌ,牡3,55.0,藤岡佑介,1:44.8,,2.5,1.0,482(+4),[西] 四位洋文,202401020812
2,2,2,カリフォルニア,牡3,55.0,桑村真明,1:45.2,2.1/2,20.3,6.0,494(+4),[東] 伊藤圭三,202401020812
3,6,10,ハンデンカイザー,牡3,52.0,長浜鴻緒,1:45.7,2.1/2,6.2,3.0,506(0),[東] 牧光二,202401020812
4,1,1,レーヴドレフォン,牝3,53.0,北村友一,1:46.0,1.3/4,4.4,2.0,476(+14),[西] 矢作芳人,202401020812
5,7,12,サンカルミア,牡3,55.0,横山武史,1:46.0,アタマ,6.7,5.0,476(+12),[東] 伊坂重信,202401020812
6,5,7,サンドブラスト,牡3,53.0,小林勝太,1:46.0,クビ,37.4,8.0,502(+4),[東] 鈴木慎太,202401020812
7,6,9,ブレットフライ,牡5,58.0,古川吉洋,1:46.2,1.1/4,235.8,14.0,494(-12),[東] 萱野浩二,202401020812
8,8,14,カルパ,牡3,55.0,武豊,1:46.5,1.3/4,6.6,4.0,432(0),[西] 須貝尚介,202401020812
9,5,8,フレイムジョーカー,牡5,58.0,丹内祐次,1:46.5,クビ,111.0,11.0,486(-2),[東] 岩戸孝樹,202401020812
10,7,11,ベント,セ3,55.0,富田暁,1:46.5,アタマ,37.4,7.0,420(0),[西] 小崎憲,202401020812
11,8,13,ブエナディオサ,牝5,56.0,黛弘人,1:46.9,2.1/2,222.1,13.0,450(+2),[東] 奥平雅士,202401020812
12,3,4,ユイアングレイス,牡4,58.0,鮫島克駿,1:47.0,クビ,42.6,9.0,452(-4),[東] 矢嶋大樹,202401020812
13,4,6,アルデドゥオーモ,牡3,55.0,永野猛蔵,1:47.4,2.1/2,56.9,10.0,476(-2),[東] 矢野英一,202401020812
14,3,3,チャイボーグ,牝4,53.0,川端海翼,1:47.5,クビ,219.4,12.0,480(+6),[東] 的場均,202401020812
