着順,枠番,馬番,馬名,性齢,斤量,騎手,タイム,着差,単勝,人気,馬体重,調教師,race_id
1,5,5,サトミノキラリ,牡2,55.0,横山武史,1:09.5,,1.2,1.0,452(-4),[東] 鈴木伸尋,202301010101
2,8,8,ベアゴーゴー,牝2,55.0,浜中俊,1:09.5,クビ,4.1,2.0,454(+2),[東] 杉浦宏昭,202301010101
3,6,6,ハピアーザンエバー,牡2,55.0,藤岡佑介,1:10.0,2.1/2,59.9,6.0,438(-6),[西] 羽月友彦,202301010101
4,4,4,デビルシズカチャン,牝2,55.0,ルメール,1:10.2,1.1/2,16.6,3.0,450(+2),[西] 武幸四郎,202301010101
5,1,1,ウィスピースノー,牝2,55.0,吉田隼人,1:10.3,1/2,23.9,5.0,434(-10),[西] 今野貞一,202301010101
6,2,2,ロードスタウト,牡2,55.0,鮫島克駿,1:10.7,2.1/2,61.8,7.0,454(-6),[西] 中村直也,202301010101
7,3,3,コミックガール,牝2,53.0,佐々木大,1:10.9,1.1/4,18.8,4.0,404(-2),[東] 上原佑紀,202301010101
8,7,7,ヒポカンポ,牝2,52.0,小林勝太,1:11.9,6,251.3,8.0,394(-2),[東] 伊藤圭三,202301010101
1,7,9,クリーデンス,牝3,54.0,ルメール,0:58.7,,2.4,1.0,496(+12),[西] 吉村圭司,202301010102
2,6,8,ビップナージャ,牝3,54.0,横山武史,0:59.6,5,15.1,5.0,420(-6),[東] 高柳瑞樹,202301010102
3,3,3,リキサンクー,牡3,53.0,小林勝太,0:59.6,ハナ,99.0,11.0,446(-4),[東] 奥平雅士,202301010102
4,4,4,イミュータブル,牡3,56.0,鮫島克駿,0:59.8,1.1/4,8.6,4.0,474(+10),[西] 浜田多実,202301010102
5,6,7,ステラヴェスパー,牝3,54.0,藤岡佑介,1:00.0,1.1/4,31.8,9.0,430(-4),[西] 茶木太樹,202301010102
6,5,5,ディーン,牝3,54.0,横山和生,1:00.0,ハナ,5.2,3.0,460(+2),[東] 石栗龍彦,202301010102
7,1,1,トウケイチョウテン,牡3,56.0,斎藤新,1:00.3,1.3/4,243.5,12.0,454(-2),[東] 辻哲英,202301010102
8,5,6,マジカルガール,牝3,54.0,黛弘人,1:00.3,クビ,17.0,6.0,412(+2),[東] 嘉藤貴行,202301010102
9,7,10,グランツベリー,牝3,51.0,今村聖奈,1:00.6,1.3/4,3.5,2.0,450(+4),[西] 田中克典,202301010102
10,8,11,エイユーマックス,牡3,55.0,小沢大仁,1:00.8,3/4,22.0,7.0,476(-2),[西] 岡田稲男,202301010102
11,2,2,ジュレーヴ,牡3,54.0,佐々木大,1:00.9,1,59.5,10.0,442(+8),[東] 堀内岳志,202301010102
12,8,12,メジャーエール,牝3,53.0,松本大輝,1:01.1,1,31.7,8.0,450(+4),[東] 深山雅史,202301010102
1,7,11,ケイアイメキラ,セ3,56.0,亀田温心,1:47.6,,8.4,6.0,462(+4),[西] 村山明,202301010103
2,3,4,ホウオウプレシャス,牡3,56.0,丹内祐次,1:47.7,1/2,3.4,1.0,496(+2),[東] 栗田徹,202301010103
3,6,9,ナイトスピアー,牡3,56.0,横山和生,1:48.2,3,4.8,2.0,472(0),[東] 小野次郎,202301010103
4,3,3,ジラルデ,牡3,56.0,池添謙一,1:48.3,クビ,6.2,4.0,468(+12),[西] 飯田祐史,202301010103
5,7,12,レイジングスラスト,牡3,56.0,北村友一,1:48.5,1.1/2,5.7,3.0,536(+14),[西] 矢作芳人,202301010103
6,6,10,アルセリア,牝3,52.0,佐々木大,1:48.7,1.1/2,7.4,5.0,430(-8),[東] 和田雄二,202301010103
7,5,7,エイチエヌバンピー,牡3,56.0,山田敬士,1:48.8,クビ,214.9,14.0,430(-17),[東] 小桧山悟,202301010103
8,8,13,グレートキングベア,牡3,56.0,横山武史,1:48.9,1,20.1,8.0,452(-2),[東] 鈴木伸尋,202301010103
9,4,5,ロードイモータル,牡3,56.0,鮫島克駿,1:49.0,クビ,15.1,7.0,502(+8),[東] 和田勇介,202301010103
10,5,8,シャンデル,牝3,54.0,斎藤新,1:49.5,3,67.5,9.0,474(+12),[東] 青木孝文,202301010103
11,8,14,オレノアイバ,牡3,52.0,古川奈穂,1:50.2,4,175.3,12.0,446(-8),[西] 高橋康之,202301010103
12,1,1,スングリダンダン,牝3,54.0,黛弘人,1:50.6,2,179.8,13.0,446(+6),[東] 南田美知,202301010103
13,4,6,イズジョーノバトン,牝3,51.0,今村聖奈,1:51.0,2.1/2,92.5,11.0,468(-6),[東] 本間忍,202301010103
14,2,2,カンパナーダス,牡3,55.0,横山琉人,1:52.2,7,81.9,10.0,490(-14),[東] 久保田貴,202301010103
1,6,9,サクセスアイ,牝3,54.0,亀田温心,1:27.7,,19.7,8.0,426(+8),[西] 北出成人,202301010104
2,1,1,ヒラリ,牝3,54.0,ルメール,1:27.7,アタマ,4.1,2.0,456(-4),[西] 武幸四郎,202301010104
3,8,13,マルメラーダ,牝3,54.0,横山武史,1:28.1,2,3.8,1.0,444(+4),[東] 高橋裕,202301010104
4,5,6,ルカン,牝3,54.0,横山典弘,1:28.1,クビ,8.3,5.0,418(0),[西] 安田翔伍,202301010104
5,4,4,アラメダ,牝3,54.0,浜中俊,1:28.2,3/4,9.9,6.0,442(+6),[西] 池江泰寿,202301010104
6,7,10,クライノート,牝3,54.0,丹内祐次,1:28.4,3/4,6.2,4.0,448(+14),[東] 畠山吉宏,202301010104
7,2,2,エルフサイエン,牝3,53.0,横山琉人,1:28.5,1/2,112.5,11.0,434(-6),[東] 小島茂之,202301010104
8,3,3,ロゼアクアリオ,牝3,53.0,小沢大仁,1:28.6,1/2,197.1,12.0,404(+20),[西] 高柳大輔,202301010104
9,5,7,マノレア,牝3,52.0,小林凌大,1:28.8,1.1/2,326.0,13.0,454(+4),[西] 西園正都,202301010104
10,7,11,リスノワール,牝3,54.0,勝浦正樹,1:28.9,クビ,20.2,9.0,462(0),[東] 村田一誠,202301010104
11,8,12,レーヴスレアリーズ,牝3,51.0,今村聖奈,1:29.0,3/4,19.0,7.0,456(-4),[西] 寺島良,202301010104
12,6,8,スマートヴィーヴル,牝3,50.0,古川奈穂,1:29.5,3,5.2,3.0,462(+4),[西] 矢作芳人,202301010104
13,4,5,フューチャーアゲン,牝3,52.0,佐々木大,1:30.1,3.1/2,82.8,10.0,442(-12),[東] 加藤和宏,202301010104
1,4,4,アセレラシオン,牡2,55.0,鮫島克駿,1:48.6,,4.6,3.0,524(0),[西] 浜田多実,202301010105
2,8,10,カリフォルニア,牡2,55.0,ルメール,1:49.1,3,3.1,1.0,482(0),[東] 伊藤圭三,202301010105
3,7,7,ラファールドール,牡2,55.0,横山武史,1:49.6,3,6.2,4.0,504(0),[東] 田島俊明,202301010105
4,5,5,デトネイション,牡2,55.0,武豊,1:49.7,クビ,13.8,5.0,496(0),[西] 石橋守,202301010105
5,6,6,リワードファラオン,牡2,55.0,横山典弘,1:49.8,1,21.1,7.0,506(0),[東] 村田一誠,202301010105
6,3,3,カフジテルビウム,牡2,55.0,斎藤新,1:50.2,2,17.1,6.0,456(0),[西] 杉山佳明,202301010105
7,2,2,ゼットスパンキー,牡2,55.0,古川吉洋,1:50.8,3.1/2,49.9,9.0,452(0),[西] 宮徹,202301010105
8,7,8,フルハートビート,牡2,55.0,浜中俊,1:51.5,4,3.9,2.0,488(0),[東] 黒岩陽一,202301010105
9,1,1,チーチャン,牝2,54.0,横山琉人,1:52.4,5,33.5,8.0,466(0),[東] 勢司和浩,202301010105
10,8,9,アンクルクロス,牡2,54.0,角田大和,1:52.7,1.1/2,75.3,10.0,466(0),[西] 高橋亮,202301010105
1,3,3,ガットネロ,牝3,54.0,横山武史,1:47.7,,2.2,1.0,478(+4),[西] 上村洋行,202301010106
2,4,6,ライジングホープ,牝3,53.0,小沢大仁,1:47.7,クビ,30.2,6.0,412(-12),[西] 松下武士,202301010106
3,5,7,ルヴェルリドー,牡3,56.0,丹内祐次,1:47.7,アタマ,5.5,3.0,478(+2),[東] 萩原清,202301010106
4,6,10,アムブロシアー,牝3,54.0,亀田温心,1:47.9,1.1/4,80.2,10.0,422(0),[西] 大久保龍,202301010106
5,1,1,ガルヴァニック,牝3,53.0,角田大和,1:48.0,クビ,11.5,5.0,448(+4),[西] 吉岡辰弥,202301010106
6,2,2,アンブレラダンス,牝3,54.0,横山和生,1:48.0,クビ,32.2,7.0,442(+2),[東] 和田勇介,202301010106
7,7,11,メトロフィルム,牝3,51.0,小林勝太,1:48.1,クビ,120.4,11.0,432(0),[東] 清水英克,202301010106
8,8,14,エレガントメイデン,牝3,52.0,佐々木大,1:48.2,3/4,69.5,9.0,446(-2),[西] 高橋義忠,202301010106
9,5,8,アイヲヨブテーラー,牝3,54.0,武豊,1:48.5,1.3/4,4.2,2.0,472(0),[西] 河内洋,202301010106
10,8,13,モズマーカッシン,牡3,56.0,鮫島克駿,1:48.5,クビ,6.6,4.0,438(-16),[西] 高柳大輔,202301010106
11,6,9,シゲルノヴァ,牝3,54.0,和田翼,1:48.6,3/4,185.9,13.0,440(-6),[西] 谷潔,202301010106
12,3,4,ヒルノグラスゴー,牡3,56.0,横山典弘,1:48.7,クビ,37.6,8.0,484(+10),[西] 昆貢,202301010106
13,7,12,ホンマモン,牝3,54.0,吉田隼人,1:49.5,5,127.3,12.0,488(+6),[東] 伊藤大士,202301010106
14,4,5,ヒロノサクセス,牡3,53.0,鷲頭虎太,1:49.7,1.1/2,531.0,14.0,410(-8),[東] 大和田成,202301010106
1,6,12,デルマヤクシ,牡5,58.0,ルメール,1:08.1,,5.6,4.0,456(-4),[西] 田中克典,202301010107
2,2,3,コーリングユー,牝4,56.0,北村友一,1:08.3,1,4.2,1.0,440(+4),[西] 安田隆行,202301010107
3,3,5,ホウオウエンジェル,牝6,56.0,丹内祐次,1:08.6,1.3/4,21.7,7.0,482(0),[東] 加藤和宏,202301010107
4,7,13,ファルマリン,牝3,53.0,鮫島克駿,1:08.7,1,34.1,9.0,406(+4),[西] 森田直行,202301010107
5,8,15,デイトンウェイ,牡5,58.0,亀田温心,1:08.7,クビ,14.2,6.0,512(+6),[西] 野中賢二,202301010107
6,6,11,マケルナマサムネ,牡5,58.0,川又賢治,1:08.8,アタマ,121.7,15.0,460(+2),[西] 杉山佳明,202301010107
7,1,1,テーオーヴァイナー,牡3,55.0,藤岡佑介,1:08.8,クビ,44.2,10.0,494(+12),[西] 藤岡健一,202301010107
8,2,4,マキアージュ,牝4,54.0,佐々木大,1:08.8,ハナ,5.1,3.0,458(+2),[東] 菊川正達,202301010107
9,5,9,キーチズカンパニー,牡4,54.0,古川奈穂,1:08.8,ハナ,150.2,16.0,478(-8),[東] 小手川準,202301010107
10,8,16,ポメランチェ,牝4,53.0,鷲頭虎太,1:09.0,3/4,22.1,8.0,416(+8),[西] 牧田和弥,202301010107
11,3,6,フィルムスコア,牝5,56.0,斎藤新,1:09.1,1/2,62.6,12.0,456(-6),[西] 平田修,202301010107
12,4,7,サイモンカーチス,牡4,58.0,古川吉洋,1:09.3,1.1/4,49.5,11.0,476(+2),[西] 梅田智之,202301010107
13,5,10,マメコ,牝4,56.0,富田暁,1:09.3,ハナ,4.9,2.0,444(-2),[西] 武英智,202301010107
14,7,14,ハウピア,牝3,52.0,小沢大仁,1:09.4,1/2,115.5,14.0,430(0),[西] 岡田稲男,202301010107
15,4,8,ラヴォルタ,牝5,56.0,横山武史,1:09.6,1.1/4,6.7,5.0,502(0),[東] 田村康仁,202301010107
16,1,2,ハナサキポプラ,牝3,52.0,横山琉人,1:09.6,クビ,63.4,13.0,428(+6),[西] 杉山佳明,202301010107
1,6,8,マテンロウアイ,牝4,53.0,今村聖奈,1:46.5,,8.6,5.0,524(-12),[西] 寺島良,202301010108
2,8,12,タマモタップダンス,牝4,54.0,小林凌大,1:46.7,1.1/2,5.0,2.0,502(-4),[東] 伊藤圭三,202301010108
3,4,5,イモータルフェイム,牝4,56.0,丹内祐次,1:47.1,2,2.9,1.0,484(+22),[東] 鹿戸雄一,202301010108
4,6,9,タガノチョコラータ,牝3,50.0,小林勝太,1:47.8,4,11.9,6.0,504(-8),[西] 角田晃一,202301010108
5,8,13,デームフォーチュン,牝4,56.0,鮫島克駿,1:48.0,3/4,24.5,9.0,474(-12),[西] 高野友和,202301010108
6,3,3,オルノア,牝3,50.0,古川奈穂,1:48.3,2,5.1,3.0,492(+4),[西] 新谷功一,202301010108
7,4,4,ノーブルマルシェ,牝3,53.0,吉田隼人,1:48.4,クビ,65.1,11.0,450(-12),[東] 久保田貴,202301010108
8,5,7,フラッシングレート,牝3,53.0,北村友一,1:48.7,2,23.8,8.0,458(-6),[西] 音無秀孝,202301010108
9,7,11,ジョリーブレス,牝5,53.0,鷲頭虎太,1:48.9,1,255.0,13.0,476(-6),[西] 奥村豊,202301010108
10,7,10,シャドウレディー,牝3,51.0,佐々木大,1:48.9,アタマ,15.5,7.0,436(+2),[西] 吉岡辰弥,202301010108
11,1,1,ヴァルドマルヌ,牝4,55.0,横山琉人,1:49.3,2.1/2,148.4,12.0,414(+4),[東] 大和田成,202301010108
12,2,2,グァルジャー,牝3,52.0,角田大和,1:49.5,1,46.1,10.0,462(+6),[西] 吉田直弘,202301010108
13,5,6,リトルポピー,牝4,56.0,横山武史,1:49.8,1.3/4,7.7,4.0,476(+4),[東] 奥村武,202301010108
1,8,9,レイベリング,牡3,55.0,横山武史,1:47.4,,1.8,1.0,472(0),[東] 鹿戸雄一,202301010109
2,4,4,キングロコマイカイ,牡4,58.0,ルメール,1:47.6,1.1/2,12.4,5.0,494(0),[西] 須貝尚介,202301010109
3,8,8,ゴッドファーザー,牡3,55.0,横山和生,1:47.6,アタマ,4.7,2.0,508(+6),[東] 萩原清,202301010109
4,5,5,クラシックステップ,牡4,58.0,斎藤新,1:47.7,アタマ,27.8,7.0,472(-6),[西] 安田隆行,202301010109
5,2,2,エマヌエーレ,牡3,55.0,北村友一,1:47.7,アタマ,6.7,4.0,496(+6),[西] 平田修,202301010109
6,1,1,サルサロッサ,牝4,56.0,鮫島克駿,1:47.9,1.1/4,24.0,6.0,454(-2),[東] 高柳瑞樹,202301010109
7,7,7,ジオパーククラウン,牡3,55.0,武豊,1:48.1,1.1/4,57.6,8.0,446(0),[西] 長谷川浩,202301010109
8,6,6,ジーニアスバローズ,牡3,55.0,池添謙一,1:48.2,1.1/4,6.0,3.0,460(+12),[西] 辻野泰之,202301010109
9,3,3,クレイジーリッチ,牡5,58.0,山田敬士,1:48.9,4,244.8,9.0,498(-4),[東] 小手川準,202301010109
1,6,6,インザオベーション,牝4,56.0,浜中俊,2:00.4,,9.4,3.0,476(-8),[西] 武幸四郎,202301010110
2,1,1,ハウゼ,牡3,55.0,岩田康誠,2:00.5,クビ,5.4,2.0,506(+4),[東] 田中博康,202301010110
3,7,7,エルディアブロ,牡5,58.0,富田暁,2:00.5,ハナ,18.7,6.0,458(-2),[西] 佐々木晶,202301010110
4,5,5,アヴニールドブリエ,牡3,55.0,ルメール,2:00.5,アタマ,1.5,1.0,510(0),[東] 宮田敬介,202301010110
5,3,3,ヤマニンループ,牡4,58.0,横山典弘,2:00.6,1,11.5,4.0,442(+6),[西] 松永幹夫,202301010110
6,8,8,シャドウマッドネス,セ4,58.0,横山和生,2:00.9,1.3/4,32.3,8.0,440(+8),[東] 和田勇介,202301010110
7,2,2,エコルフリューゲル,牝4,56.0,吉田隼人,2:00.9,アタマ,50.5,9.0,474(+4),[東] 鈴木慎太,202301010110
8,4,4,コスモフロイデ,牡4,58.0,横山武史,2:01.0,1/2,14.6,5.0,472(+6),[東] 天間昭一,202301010110
9,8,9,カトルショセット,牝5,56.0,丹内祐次,2:01.1,クビ,21.8,7.0,472(+6),[東] 黒岩陽一,202301010110
1,7,13,エクセトラ,牡4,58.0,ルメール,1:07.5,,2.3,1.0,524(-8),[西] 吉村圭司,202301010111
2,2,3,ブルースピリット,セ5,58.0,丹内祐次,1:07.5,クビ,10.0,4.0,496(+6),[東] 岩戸孝樹,202301010111
3,3,4,ブライトオンベイス,牝4,56.0,角田大和,1:07.8,1.3/4,23.3,10.0,446(+4),[西] 清水久詞,202301010111
4,2,2,シュアーヴアリア,牝5,56.0,勝浦正樹,1:07.8,アタマ,81.7,13.0,490(+2),[東] 高橋裕,202301010111
5,3,5,ドロップオブライト,牝4,56.0,小沢大仁,1:07.8,ハナ,8.3,3.0,436(+6),[西] 松永昌博,202301010111
6,6,11,カフジテトラゴン,牝4,56.0,富田暁,1:07.9,クビ,7.2,2.0,460(0),[西] 武英智,202301010111
7,6,10,ラキエータ,牝4,56.0,北村友一,1:07.9,クビ,19.5,8.0,422(-4),[西] 音無秀孝,202301010111
8,1,1,モンファボリ,牝5,56.0,武豊,1:07.9,ハナ,14.1,6.0,456(+6),[西] 須貝尚介,202301010111
9,5,9,エイシンエイト,牝3,53.0,佐々木大,1:08.0,アタマ,15.0,7.0,486(+2),[東] 田中剛,202301010111
10,4,6,エグレムニ,牡6,58.0,松田大作,1:08.2,1.1/4,146.4,15.0,508(-4),[西] 加用正,202301010111
11,4,7,フォイアーロート,牡5,58.0,岩田康誠,1:08.3,3/4,109.6,14.0,482(+4),[西] 中村直也,202301010111
12,8,14,オードゥメール,牝4,56.0,斎藤新,1:08.3,ハナ,35.4,12.0,468(-4),[東] 斎藤誠,202301010111
13,5,8,メイショウエニシア,牝5,56.0,藤岡佑介,1:08.5,1.1/2,20.1,9.0,454(-4),[西] 本田優,202301010111
14,7,12,アップリバー,牝5,56.0,吉田隼人,1:08.6,アタマ,23.4,11.0,496(-4),[東] 牧光二,202301010111
15,8,15,レベレンシア,牡4,58.0,鮫島克駿,1:08.7,3/4,12.4,5.0,506(0),[西] 安田翔伍,202301010111
1,8,13,フォーワンセルフ,牡4,58.0,武豊,1:46.3,,4.7,2.0,528(+2),[東] 小桧山悟,202301010112
2,6,10,オウギノカナメ,牡3,55.0,横山武史,1:46.6,1.3/4,6.9,4.0,464(-2),[東] 高木登,202301010112
3,8,14,カビーリア,牡3,52.0,今村聖奈,1:46.6,クビ,14.6,7.0,482(-10),[西] 飯田祐史,202301010112
4,7,11,サクラソーレ,牡4,56.0,佐々木大,1:46.6,アタマ,8.5,6.0,468(0),[東] 堀宣行,202301010112
5,7,12,ウッドショック,牡4,55.0,小林勝太,1:47.1,3,65.9,11.0,512(+2),[東] 杉浦宏昭,202301010112
6,2,2,ブライトファントム,牡3,55.0,丹内祐次,1:47.5,2,7.2,5.0,502(-2),[西] 杉山晴紀,202301010112
7,6,9,サムハンター,牡5,58.0,横山和生,1:47.6,3/4,3.6,1.0,486(-8),[西] 高橋康之,202301010112
8,4,5,ウェザーコック,牡3,55.0,鮫島克駿,1:47.9,1.1/2,6.1,3.0,444(+6),[西] 岡田稲男,202301010112
9,4,6,ミユキザストロング,牡4,58.0,勝浦正樹,1:47.9,クビ,48.7,10.0,542(+4),[東] 小西一男,202301010112
10,5,7,ブラックルパン,牡4,58.0,黛弘人,1:48.0,1/2,303.4,14.0,550(-2),[東] 石毛善彦,202301010112
11,3,4,ルミナスフラックス,セ4,58.0,岩田康誠,1:48.1,クビ,175.5,13.0,492(+10),[東] 堀内岳志,202301010112
12,5,8,フォーサイドナイン,牡3,55.0,池添謙一,1:48.3,1.1/4,15.4,8.0,460(-10),[西] 奥村豊,202301010112
13,3,3,シアープレジャー,牝6,53.0,鷲頭虎太,1:49.3,6,110.8,12.0,446(+14),[西] 小栗実,202301010112
14,1,1,レッドヴァイス,セ5,58.0,富田暁,1:50.0,4,44.1,9.0,496(-2),[西] 高橋義忠,202301010112
1,4,4,アルジェンタージョ,牝2,53.0,小林凌大,1:00.1,,6.9,3.0,468(+2),[東] 伊藤圭三,202301010201
2,6,6,ワイワイレジェンド,牡2,51.0,古川奈穂,1:00.5,2.1/2,1.3,1.0,440(+2),[西] 矢作芳人,202301010201
3,1,1,ワイノナオミ,牝2,55.0,北村友一,1:00.8,1.3/4,6.0,2.0,436(+4),[西] 安田隆行,202301010201
4,7,7,プラビータ,牝2,55.0,藤岡佑介,1:01.2,2.1/2,15.5,4.0,478(-6),[東] 矢野英一,202301010201
5,3,3,タケシ,牡2,53.0,佐々木大,1:01.3,1,16.5,5.0,422(-6),[西] 長谷川浩,202301010201
6,2,2,ピクラリーダ,牝2,52.0,大久保友,1:02.3,6,45.4,7.0,442(+2),[東] 高橋裕,202301010201
7,5,5,スマートエステラ,牝2,54.0,小沢大仁,1:02.5,1.1/4,63.5,8.0,474(-2),[西] 渡辺薫彦,202301010201
8,8,8,スウィバンビーナ,牝2,55.0,丹内祐次,1:03.3,5,29.7,6.0,466(-2),[東] 小桧山悟,202301010201
1,5,7,ロフティーイデアル,牝3,54.0,ルメール,1:47.9,,1.6,1.0,464(0),[東] 林徹,202301010202
2,5,8,カフェノワール,牝3,53.0,角田大和,1:48.1,1.1/4,4.7,2.0,456(+4),[西] 池江泰寿,202301010202
3,8,14,カンノーリ,牝3,54.0,富田暁,1:48.2,クビ,8.1,3.0,426(-12),[西] 木原一良,202301010202
4,6,9,キタノパッション,牝3,54.0,黛弘人,1:48.4,1.1/2,17.6,5.0,426(-2),[東] 石栗龍彦,202301010202
5,6,10,ホウオウヴィーナス,牝3,54.0,丹内祐次,1:49.8,8,38.2,7.0,508(+2),[東] 高木登,202301010202
6,2,2,ホットチョコ,牝3,52.0,佐々木大,1:49.9,クビ,48.8,9.0,464(-2),[西] 牧田和弥,202301010202
7,4,5,レイナジャスミン,牝3,51.0,今村聖奈,1:49.9,クビ,157.0,13.0,456(+5),[西] 高柳大輔,202301010202
8,3,4,ニシノツキアカリ,牝3,54.0,勝浦正樹,1:49.9,ハナ,89.0,11.0,452(+2),[東] 水野貴広,202301010202
9,7,11,ニコニコルンルン,牝3,50.0,古川奈穂,1:50.0,クビ,47.2,8.0,420(+8),[西] 矢作芳人,202301010202
9,7,12,ブリアンツァ,牝3,54.0,荻野琢真,1:50.0,同着,28.1,6.0,448(-4),[西] 今野貞一,202301010202
11,8,13,ケサランパサラン,牝3,53.0,小沢大仁,1:51.2,7,67.2,10.0,416(-2),[西] 中村直也,202301010202
12,1,1,スズカマリー,牝3,54.0,和田翼,1:51.8,3.1/2,112.7,12.0,422(0),[西] 谷潔,202301010202
13,3,3,ロックジャム,牝3,54.0,古川吉洋,1:52.2,2,448.3,14.0,456(-2),[西] 安達昭夫,202301010202
14,4,6,コウソクカナ,牝3,54.0,鮫島克駿,1:54.3,大,9.6,4.0,424(+2),[東] 中舘英二,202301010202
1,7,14,ライブリームーラン,牝3,54.0,横山武史,1:08.7,,3.2,2.0,502(-4),[東] 大竹正博,202301010203
2,5,10,ブランディー,牝3,51.0,土田真翔,1:08.8,1,529.2,16.0,428(-2),[東] 和田雄二,202301010203
3,7,13,コパカバーナビーチ,牝3,54.0,江田照男,1:09.0,1.1/4,26.7,6.0,424(+10),[東] 中野栄治,202301010203
4,2,3,シティウォリアー,牝3,51.0,小林勝太,1:09.1,3/4,9.1,3.0,462(+2),[東] 稲垣幸雄,202301010203
5,2,4,ハクサンクロユリ,牝3,54.0,勝浦正樹,1:09.2,1/2,26.0,5.0,456(+4),[東] 松山将樹,202301010203
6,4,7,アイアンムーン,牡3,56.0,ルメール,1:09.3,クビ,1.8,1.0,430(+2),[西] 武幸四郎,202301010203
7,6,11,サトノドゥーチェ,牡3,56.0,浜中俊,1:09.3,アタマ,29.1,8.0,424(-2),[西] 音無秀孝,202301010203
8,4,8,リッスンアップ,牝3,54.0,藤岡佑介,1:09.4,1,32.6,10.0,442(0),[西] 藤岡健一,202301010203
9,3,5,エルフォルク,牝3,52.0,佐々木大,1:09.8,2,28.7,7.0,438(+6),[東] 中舘英二,202301010203
10,8,16,クワイエットドーン,牡3,56.0,鮫島克駿,1:09.9,3/4,101.4,12.0,512(+8),[西] 矢作芳人,202301010203
11,6,12,ティーティースター,牡3,55.0,小沢大仁,1:10.0,クビ,221.4,13.0,438(-2),[西] 羽月友彦,202301010203
12,3,6,ケイティベガ,牝3,51.0,大久保友,1:10.0,クビ,296.6,14.0,404(-6),[西] 村山明,202301010203
13,8,15,ソルトベール,牝3,52.0,小林凌大,1:10.1,3/4,31.9,9.0,404(+4),[西] 四位洋文,202301010203
14,1,1,パーペチュアル,牡3,52.0,古川奈穂,1:10.2,1/2,79.3,11.0,486(+2),[西] 宮本博,202301010203
15,5,9,エイシンテムジン,牡3,53.0,今村聖奈,1:10.6,2.1/2,23.9,4.0,474(-6),[西] 今野貞一,202301010203
16,1,2,ナトゥーア,牝3,54.0,斎藤新,1:10.8,1.1/4,459.0,15.0,380(0),[東] 堀内岳志,202301010203
1,1,1,ダークモード,牡3,56.0,北村友一,1:47.1,,6.2,4.0,486(-6),[西] 藤岡健一,202301010204
2,7,12,ミスティックパワー,牡3,56.0,池添謙一,1:47.8,4,26.4,8.0,492(+2),[西] 新谷功一,202301010204
3,6,10,メイショウウナバラ,牡3,56.0,荻野琢真,1:47.9,クビ,20.3,7.0,428(-2),[西] 藤沢則雄,202301010204
4,3,3,ヴェアリアス,牡3,56.0,武豊,1:48.3,2,15.7,6.0,494(-4),[西] 清水久詞,202301010204
5,8,13,ルーラーリッチ,セ3,55.0,小沢大仁,1:48.3,ハナ,5.0,2.0,482(-2),[東] 小島茂之,202301010204
6,3,4,デスティノ,牡3,56.0,丹内祐次,1:48.4,1/2,39.9,11.0,540(+16),[東] 田島俊明,202301010204
7,2,2,シホノインプルソ,牡3,56.0,鮫島克駿,1:48.5,1/2,2.7,1.0,450(0),[西] 杉山佳明,202301010204
8,7,11,メイショウカガ,牡3,56.0,吉田隼人,1:49.2,4,5.9,3.0,500(+8),[東] 高柳瑞樹,202301010204
9,8,14,チーフインザスカイ,牡3,53.0,今村聖奈,1:49.2,クビ,180.8,14.0,420(0),[東] 大和田成,202301010204
10,5,7,グリーンオパール,牝3,54.0,富田暁,1:49.4,1,10.7,5.0,484(+12),[西] 小崎憲,202301010204
11,4,5,デルマアビセタオシ,牡3,52.0,古川奈穂,1:50.6,7,159.3,13.0,472(-4),[西] 牧田和弥,202301010204
12,6,9,ドナスウェット,牝3,54.0,岩田康誠,1:51.6,6,44.7,12.0,482(+6),[西] 矢作芳人,202301010204
13,5,8,ライヴペッパー,牡3,54.0,佐々木大,1:52.8,7,35.9,10.0,450(+2),[東] 牧光二,202301010204
14,4,6,アルカイド,牡3,56.0,横山武史,1:53.6,5,30.6,9.0,518(+2),[東] 栗田徹,202301010204
1,5,5,ステレンボッシュ,牝2,55.0,横山武史,1:51.1,,2.7,2.0,456(0),[東] 国枝栄,202301010205
2,1,1,ファインライン,牡2,55.0,鮫島克駿,1:51.4,1.1/2,18.4,5.0,452(0),[西] 松永幹夫,202301010205
3,2,2,フユソウビ,牡2,55.0,丹内祐次,1:51.4,ハナ,8.9,4.0,444(0),[東] 青木孝文,202301010205
4,3,3,カズアブディーン,牡2,55.0,ルメール,1:51.4,アタマ,2.1,1.0,464(0),[西] 杉山晴紀,202301010205
5,6,6,テーオーハイエク,牡2,55.0,古川吉洋,1:51.5,クビ,5.4,3.0,506(0),[西] 宮徹,202301010205
6,4,4,パーシステンス,牡2,53.0,佐々木大,1:53.8,大,68.2,6.0,488(0),[東] 小桧山悟,202301010205
1,5,10,ヤングローゼス,セ3,56.0,ルメール,2:00.1,,1.7,1.0,502(+10),[東] 手塚貴久,202301010206
2,7,14,ピンクジン,牝3,54.0,黛弘人,2:00.7,3.1/2,23.5,7.0,428(-2),[東] 南田美知,202301010206
3,3,6,ヴィクトリーロード,牡3,56.0,斎藤新,2:00.7,クビ,62.2,10.0,472(-2),[東] 高木登,202301010206
4,6,11,プレサージオ,牡3,56.0,池添謙一,2:00.7,ハナ,13.9,5.0,464(+8),[東] 小手川準,202301010206
5,2,3,スコプルス,牝3,54.0,丹内祐次,2:00.8,クビ,9.6,4.0,424(-8),[東] 中野栄治,202301010206
6,6,12,スリーブリランテ,牡3,56.0,藤岡佑介,2:00.8,ハナ,21.7,6.0,486(+2),[西] 長谷川浩,202301010206
7,8,16,カップコルス,牝3,54.0,横山武史,2:01.0,1.1/4,5.6,2.0,436(+6),[東] 高柳瑞樹,202301010206
8,1,2,スピルクリスティ,牝3,51.0,土田真翔,2:01.3,1.3/4,365.5,16.0,420(-14),[西] 藤沢則雄,202301010206
9,4,7,プレシャスストーン,牝3,52.0,小林凌大,2:01.3,ハナ,65.1,11.0,390(0),[東] 松山将樹,202301010206
10,2,4,スペルキャスター,牝3,54.0,吉田隼人,2:01.3,クビ,8.5,3.0,454(-6),[東] 久保田貴,202301010206
11,5,9,ブレイヴアロウ,牡3,52.0,古川奈穂,2:01.5,1.1/4,169.8,13.0,488(-4),[西] 矢作芳人,202301010206
12,7,13,ギルデッドフレーム,牡3,55.0,小沢大仁,2:01.7,1.1/4,111.3,12.0,434(-4),[西] 坂口智康,202301010206
13,8,15,プリマウェイ,牝3,54.0,山田敬士,2:01.7,クビ,31.3,9.0,446(0),[東] 深山雅史,202301010206
14,1,1,ワビスケ,牝3,54.0,富田暁,2:02.1,2,187.0,14.0,462(0),[東] 金成貴史,202301010206
15,3,5,エアミュニュレ,牡3,54.0,佐々木大,2:02.3,1.1/2,27.8,8.0,478(+8),[西] 新谷功一,202301010206
16,4,8,メイショウマイタケ,牝3,51.0,今村聖奈,2:02.3,アタマ,212.7,15.0,414(-10),[西] 木原一良,202301010206
1,8,12,ルクスランページ,牡4,58.0,斎藤新,0:59.7,,40.6,10.0,470(-2),[西] 村山明,202301010207
2,7,10,グランデ,牡4,55.0,今村聖奈,0:59.7,クビ,6.4,4.0,474(-4),[西] 吉田直弘,202301010207
3,3,3,クルールデュヴァン,牝4,56.0,岩田康誠,0:59.9,1.1/4,7.5,5.0,474(-6),[東] 竹内正洋,202301010207
4,2,2,リオンラファール,セ4,58.0,丹内祐次,1:00.0,1/2,6.1,3.0,520(+6),[東] 矢野英一,202301010207
5,8,11,ヒメカミノイタダキ,牡4,58.0,柴山雄一,1:00.0,クビ,40.5,9.0,482(-8),[東] 武市康男,202301010207
6,5,5,ジョーフェイス,牡4,55.0,小林勝太,1:00.1,3/4,4.1,1.0,496(+4),[西] 小崎憲,202301010207
7,6,8,モウショウ,牡4,56.0,佐々木大,1:00.3,3/4,8.1,7.0,494(-2),[東] 土田稔,202301010207
8,7,9,ラージベル,牝4,56.0,山田敬士,1:00.3,ハナ,155.0,12.0,472(+2),[東] 松永康利,202301010207
9,5,6,サリーチャン,牝4,54.0,小林凌大,1:00.5,1.1/2,16.6,8.0,456(-6),[東] 石栗龍彦,202301010207
10,4,4,スクリーンショット,牝4,56.0,勝浦正樹,1:00.6,クビ,8.1,6.0,478(0),[東] 杉浦宏昭,202301010207
11,6,7,ガレットジョーカー,牝4,53.0,大久保友,1:01.1,3,51.8,11.0,460(+4),[西] 宮徹,202301010207
12,1,1,ハニーチャイル,牝4,52.0,古川奈穂,1:02.1,6,5.5,2.0,484(-2),[西] 藤岡健一,202301010207
1,8,11,クレバーテースト,セ4,58.0,浜中俊,1:59.8,,18.6,5.0,450(+8),[西] 武幸四郎,202301010208
2,3,3,フェアエールング,牝3,53.0,丹内祐次,1:59.8,クビ,11.0,3.0,434(-2),[東] 和田正一,202301010208
3,1,1,グランドゴールド,牡4,58.0,藤岡佑介,2:00.3,3,17.2,4.0,452(+2),[西] 羽月友彦,202301010208
4,5,5,タフトテソーロ,牡4,58.0,岩田康誠,2:00.6,1.1/2,34.4,8.0,470(0),[東] 高木登,202301010208
5,6,6,アンテロース,牡3,55.0,武豊,2:00.6,クビ,3.5,2.0,444(+4),[西] 岡田稲男,202301010208
6,2,2,レヴォルタード,牡3,55.0,ルメール,2:00.7,クビ,1.5,1.0,510(+6),[東] 手塚貴久,202301010208
7,6,7,キュンストラー,牝5,54.0,佐々木大,2:00.8,1,33.4,7.0,412(-2),[東] 松永康利,202301010208
8,7,9,グラヴィテ,牝5,56.0,斎藤新,2:02.2,8,19.9,6.0,494(+10),[西] 鮫島一歩,202301010208
9,7,8,ジョット,牡5,58.0,江田照男,2:02.5,2,249.8,9.0,476(+2),[東] 粕谷昌央,202301010208
10,4,4,サイモンポーリア,牝5,53.0,小林勝太,2:03.1,3.1/2,272.7,10.0,482(+2),[東] 根本康広,202301010208
11,8,10,カルストントラスト,牡3,52.0,大久保友,2:04.8,10,506.0,11.0,482(0),[西] 村山明,202301010208
1,8,9,エイシンフェンサー,牝3,53.0,川又賢治,1:08.2,,3.5,1.0,474(-10),[西] 吉村圭司,202301010209
2,3,3,ミズノコキュウ,牝4,56.0,横山武史,1:08.3,1/2,5.7,4.0,426(-2),[東] 水野貴広,202301010209
3,6,6,シロン,牝4,56.0,丹内祐次,1:08.3,クビ,5.2,3.0,514(-8),[西] 小栗実,202301010209
4,7,8,ナリタローゼ,牝5,56.0,北村友一,1:08.4,1/2,4.3,2.0,472(-16),[西] 高橋亮,202301010209
5,2,2,ベジェサ,牝4,56.0,池添謙一,1:08.4,ハナ,21.4,8.0,500(-8),[西] 飯田祐史,202301010209
6,1,1,ジョリダム,牝3,53.0,小沢大仁,1:08.5,1/2,6.5,5.0,434(+2),[西] 武英智,202301010209
7,8,10,ポルタフォルトゥナ,牝4,56.0,吉田隼人,1:08.5,クビ,13.4,7.0,464(+2),[東] 土田稔,202301010209
8,5,5,テンメジャーガール,牝4,56.0,亀田温心,1:08.7,1.1/4,12.7,6.0,498(+8),[西] 高柳大輔,202301010209
9,4,4,セイレーン,牝5,56.0,佐々木大,1:09.0,1.1/2,46.7,9.0,404(+4),[西] 佐々木晶,202301010209
除,7,7,ショウナンアメリア,牝4,56.0,浜中俊,,,---,,450(-6),[東] 奥村武,202301010209
1,7,12,シルバーブレッド,牡4,58.0,武豊,1:46.7,,32.7,9.0,428(+4),[西] 石坂公一,202301010210
2,6,9,サヴァビアン,牡5,58.0,小林凌大,1:46.7,クビ,59.8,10.0,430(0),[西] 羽月友彦,202301010210
3,4,6,パーティーベル,牡4,58.0,横山武史,1:46.8,1/2,2.0,1.0,462(+6),[西] 松永幹夫,202301010210
4,3,4,ニットウライジン,牡3,55.0,小林勝太,1:47.3,3,11.5,5.0,498(-2),[東] 稲垣幸雄,202301010210
5,8,13,オクトニオン,牡4,58.0,丹内祐次,1:47.5,1.1/4,8.1,3.0,536(-2),[東] 斎藤誠,202301010210
6,5,8,エクストラノート,セ6,58.0,亀田温心,1:47.5,ハナ,79.7,11.0,464(-10),[東] 加藤和宏,202301010210
7,3,3,ディサイド,牡4,58.0,吉田隼人,1:47.5,ハナ,9.6,4.0,478(+4),[西] 高野友和,202301010210
8,4,5,ヒデノレインボー,牡4,58.0,富田暁,1:47.6,クビ,16.3,6.0,478(-4),[西] 梅田智之,202301010210
9,1,1,サイモンルモンド,セ6,58.0,柴山雄一,1:47.7,1/2,285.5,14.0,454(+2),[東] 小桧山悟,202301010210
10,8,14,キョウワウォール,牡7,58.0,岩田康誠,1:47.9,1,18.9,7.0,476(-10),[西] 飯田雄三,202301010210
11,6,10,デルマタモン,牡5,58.0,古川吉洋,1:48.5,3.1/2,95.3,13.0,508(+4),[東] 勢司和浩,202301010210
12,7,11,メイショウホマレ,牝4,56.0,小沢大仁,1:48.5,ハナ,5.2,2.0,456(-10),[西] 松永昌博,202301010210
13,2,2,タガノリバイバー,牝5,56.0,角田大和,1:48.9,2.1/2,19.7,8.0,498(-8),[西] 大根田裕,202301010210
14,5,7,マサカウマザンマイ,牡5,58.0,黛弘人,1:49.3,2,95.1,12.0,490(+2),[東] 青木孝文,202301010210
1,2,4,シュバルツカイザー,セ5,55.0,池添謙一,1:07.4,,5.5,2.0,494(-4),[東] 大竹正博,202301010211
2,3,6,カンティーユ,牡5,56.0,横山武史,1:07.4,ハナ,3.0,1.0,496(0),[東] 嘉藤貴行,202301010211
3,1,1,レッドベルオーブ,牡5,57.0,松田大作,1:07.6,1.1/4,33.2,11.0,486(+2),[西] 藤原英昭,202301010211
4,3,5,フレッチア,牡8,55.0,ルメール,1:07.7,1/2,16.7,7.0,494(0),[東] 木村哲也,202301010211
5,6,12,スノーテーラー,牝6,54.0,岩田康誠,1:07.7,クビ,5.9,3.0,456(-10),[西] 飯田雄三,202301010211
6,8,15,ロードマックス,牡5,57.0,鮫島克駿,1:07.9,1,14.2,6.0,440(-6),[西] 中村直也,202301010211
7,7,13,ヴィズサクセス,牡6,56.0,柴山雄一,1:07.9,アタマ,45.3,14.0,484(-4),[東] 奥村武,202301010211
8,1,2,ウォーターナビレラ,牝4,55.5,武豊,1:07.9,アタマ,13.0,5.0,486(+2),[西] 武幸四郎,202301010211
9,2,3,ミニオンペール,牝7,53.0,佐々木大,1:08.0,1/2,20.7,8.0,476(-8),[東] 小手川準,202301010211
10,7,14,カルネアサーダ,牝4,54.0,角田大和,1:08.0,クビ,9.1,4.0,468(+8),[西] 加用正,202301010211
11,5,10,マイネルジェロディ,牡5,56.0,丹内祐次,1:08.1,クビ,22.5,9.0,474(+2),[西] 西園正都,202301010211
12,6,11,カイザーメランジェ,牡8,55.0,江田照男,1:08.2,3/4,38.1,13.0,480(-10),[東] 中野栄治,202301010211
13,8,16,ルピナスリード,牝4,54.0,吉田隼人,1:08.3,1/2,28.0,10.0,470(+16),[西] 吉岡辰弥,202301010211
14,4,7,ショックアクション,牡5,55.0,松本大輝,1:08.4,1/2,33.7,12.0,508(-2),[西] 大久保龍,202301010211
15,5,9,イーサンパンサー,牡7,53.0,古川吉洋,1:08.5,1/2,223.7,16.0,478(+4),[東] 中野栄治,202301010211
16,4,8,マウンテンムスメ,牝5,53.0,黛弘人,1:09.1,4,72.9,15.0,454(-4),[東] 中野栄治,202301010211
1,2,2,セフィロ,牝3,53.0,吉田隼人,1:28.5,,3.6,1.0,458(+6),[東] 菊沢隆徳,202301010212
2,8,14,ステラバルセロナ,牝3,53.0,丹内祐次,1:28.5,クビ,10.7,7.0,424(+8),[東] 菊川正達,202301010212
3,5,7,マイネルフォルツァ,牡3,55.0,横山武史,1:28.5,クビ,8.0,4.0,494(0),[東] 金成貴史,202301010212
4,3,4,オックスリップ,牝3,53.0,鮫島克駿,1:28.6,クビ,7.4,3.0,460(-6),[西] 杉山晴紀,202301010212
5,6,9,ハリウッドヒルズ,牡6,58.0,池添謙一,1:28.9,2,10.6,6.0,492(+2),[東] 田中博康,202301010212
6,4,6,ジューンレインボー,牝4,56.0,松田大作,1:29.0,3/4,15.5,8.0,436(+4),[西] 武英智,202301010212
7,8,13,マイネルエール,セ4,55.0,小林勝太,1:29.1,クビ,183.9,14.0,444(0),[東] 蛯名利弘,202301010212
8,4,5,ショウナンハクウン,牡3,55.0,岩田康誠,1:29.1,アタマ,9.1,5.0,510(-2),[東] 大竹正博,202301010212
9,7,12,ウインバリオス,牡4,57.0,角田大和,1:29.1,ハナ,67.1,12.0,458(-20),[西] 加用正,202301010212
10,1,1,サニーサフラン,牡3,53.0,佐々木大,1:29.1,ハナ,47.6,11.0,498(+2),[東] 中野栄治,202301010212
11,5,8,ロッククリーク,セ3,55.0,ルメール,1:29.4,1.3/4,5.4,2.0,484(-6),[東] 栗田徹,202301010212
12,3,3,ジョルジュ,牡3,55.0,服部茂史,1:29.6,1.1/4,94.2,13.0,494(0),[地] 松本隆宏,202301010212
13,6,10,セラドナイト,牝3,53.0,武豊,1:30.8,7,16.0,9.0,438(+2),[東] 木村哲也,202301010212
14,7,11,マカンマカン,牡4,58.0,浜中俊,1:30.9,1/2,17.4,10.0,472(+12),[西] 音無秀孝,202301010212
1,4,4,レガーロデルシエロ,牡2,55.0,ルメール,1:48.7,,1.2,1.0,506(+16),[東] 栗田徹,202301010301
2,6,6,レディマキシマ,牝2,55.0,丹内祐次,1:49.2,3,24.2,5.0,476(+4),[東] 中野栄治,202301010301
3,7,7,ヴィヴァクラウン,牡2,55.0,浜中俊,1:49.6,2.1/2,24.7,7.0,462(0),[東] 杉浦宏昭,202301010301
4,5,5,カルパ,牡2,55.0,武豊,1:49.9,2,6.3,2.0,422(-2),[西] 須貝尚介,202301010301
5,1,1,ブレードサクセス,牡2,55.0,富田暁,1:50.0,クビ,10.5,3.0,474(-6),[東] 岩戸孝樹,202301010301
6,8,8,グランドブレーカー,牡2,53.0,佐々木大,1:50.1,1,24.5,6.0,492(-4),[東] 西田雄一,202301010301
7,2,2,ガンバレユウキ,牡2,52.0,小林勝太,1:50.4,1.1/2,232.3,8.0,464(+6),[東] 小桧山悟,202301010301
8,8,9,リリアン,牝2,52.0,土田真翔,1:51.0,3.1/2,350.0,9.0,464(-4),[東] 尾形和幸,202301010301
9,3,3,カンジ,牡2,55.0,横山武史,1:51.2,1.1/2,13.6,4.0,472(+4),[東] 武井亮,202301010301
1,8,13,チェイスザウェイ,牝3,52.0,小林凌大,1:46.9,,15.7,7.0,474(+4),[東] 伊藤圭三,202301010302
2,5,7,ロイヤルナタール,牝3,52.0,佐々木大,1:47.2,2,19.9,8.0,408(-2),[西] 石坂公一,202301010302
3,6,10,エマウリオマレプ,牝3,54.0,黛弘人,1:47.3,1,11.0,5.0,496(-12),[東] 伊藤大士,202301010302
4,3,4,フローラサンライズ,牝3,54.0,国分恭介,1:47.4,クビ,4.5,2.0,450(+6),[西] 浜田多実,202301010302
5,2,2,シルバービスケッツ,牝3,54.0,丹内祐次,1:48.1,4,27.6,9.0,432(-12),[東] 新開幸一,202301010302
6,6,9,ジューンリリー,牝3,54.0,古川吉洋,1:48.4,2,108.6,13.0,452(0),[東] 堀内岳志,202301010302
7,7,12,マドンナリリー,牝3,51.0,小林勝太,1:48.6,1.1/4,96.6,12.0,476(-12),[東] 小野次郎,202301010302
8,7,11,ブラックフラミンゴ,牝3,54.0,鮫島克駿,1:48.8,1.1/4,11.0,4.0,428(-10),[西] 辻野泰之,202301010302
9,4,5,ナムラエヴァ,牝3,54.0,川又賢治,1:49.1,1.1/2,12.6,6.0,484(+20),[西] 吉村圭司,202301010302
10,3,3,スペシャリスト,牝3,54.0,横山武史,1:49.4,2,2.2,1.0,446(-2),[東] 手塚貴久,202301010302
11,1,1,ダノンソレイユ,牝3,54.0,池添謙一,1:49.9,3,46.3,10.0,428(-2),[東] 尾関知人,202301010302
12,4,6,ウインコマチ,牝3,54.0,和田竜二,1:50.0,1,8.8,3.0,436(+8),[西] 鈴木孝志,202301010302
13,5,8,ミユキアルテミシア,牝3,54.0,勝浦正樹,1:50.5,2.1/2,204.9,14.0,446(-8),[東] 小西一男,202301010302
14,8,14,パクパクデスワ,牝3,50.0,古川奈穂,1:51.2,4,63.6,11.0,420(+6),[西] 高橋康之,202301010302
1,3,5,ウインルピナス,牝3,54.0,横山武史,2:01.9,,1.4,1.0,422(+2),[東] 鈴木伸尋,202301010303
2,4,6,ブラックヴァール,牝3,52.0,佐々木大,2:02.3,2.1/2,5.8,2.0,460(+8),[東] 菊川正達,202301010303
3,2,2,ドライカプチーノ,牝3,54.0,黛弘人,2:02.7,2,30.9,6.0,456(0),[東] 萱野浩二,202301010303
4,3,4,イゾレエオリア,牝3,54.0,吉田隼人,2:02.8,3/4,10.0,3.0,456(+2),[東] 伊藤大士,202301010303
5,6,10,アマソナ,牝3,54.0,鮫島克駿,2:03.3,3,61.9,10.0,464(-6),[東] 高柳瑞樹,202301010303
6,1,1,ノエマ,牡3,56.0,和田竜二,2:03.3,クビ,16.0,5.0,492(+6),[西] 平田修,202301010303
7,5,9,クリノマイスター,牡3,56.0,古川吉洋,2:03.6,1.3/4,97.3,13.0,478(-4),[西] 中尾秀正,202301010303
8,2,3,ソルエストレーラ,牝3,54.0,丹内祐次,2:03.6,クビ,44.4,9.0,428(-6),[東] 宗像義忠,202301010303
9,6,11,リリーバローズ,牝3,54.0,川又賢治,2:03.6,ハナ,78.3,12.0,438(+10),[西] 寺島良,202301010303
10,7,13,ルージュナディア,牝3,54.0,横山和生,2:04.0,2,40.4,8.0,432(0),[東] 国枝栄,202301010303
11,8,14,ブルーブルースカイ,牝3,51.0,土田真翔,2:04.0,ハナ,413.7,14.0,452(+4),[東] 村田一誠,202301010303
12,4,7,キャラメルシフォン,牝3,50.0,古川奈穂,2:04.1,1,35.6,7.0,468(-10),[東] 林徹,202301010303
13,8,15,フォティック,牡3,56.0,池添謙一,2:04.2,1/2,12.2,4.0,472(-6),[西] 飯田祐史,202301010303
14,7,12,ゴッドスピードレオ,牡3,53.0,鷲頭虎太,2:04.7,3,73.6,11.0,494(+2),[西] 宮本博,202301010303
15,5,8,ヒロノサクセス,牡3,54.0,小林凌大,2:04.8,3/4,461.0,15.0,404(-6),[東] 大和田成,202301010303
1,4,6,ヒルノピレネー,牡3,56.0,松田大作,1:47.9,,8.6,5.0,436(-2),[西] 北出成人,202301010304
2,6,9,クレシューズ,牡3,56.0,池添謙一,1:48.2,1.1/2,10.5,6.0,440(-4),[西] 岡田稲男,202301010304
3,3,3,ピュアマークス,牡3,53.0,鷲頭虎太,1:48.4,1.1/2,5.1,2.0,482(0),[西] 畑端省吾,202301010304
4,4,5,エーレウォーン,牡3,56.0,横山武史,1:49.0,3.1/2,11.2,7.0,486(-2),[東] 斎藤誠,202301010304
5,7,11,パーリーブラック,牡3,56.0,鮫島克駿,1:49.0,ハナ,7.8,4.0,468(-2),[東] 伊坂重信,202301010304
6,6,10,ショーガイッパイ,牡3,56.0,黛弘人,1:49.1,1/2,13.4,8.0,506(+12),[東] 中野栄治,202301010304
7,5,7,エーティータキオン,牡3,56.0,富田暁,1:49.1,クビ,29.8,10.0,412(-6),[西] 木原一良,202301010304
8,1,1,グシチャンノソラ,牝3,54.0,藤岡佑介,1:49.3,1.1/4,4.0,1.0,526(-2),[東] 田中博康,202301010304
9,5,8,エクチュール,牡3,56.0,丹内祐次,1:49.6,1.1/2,6.6,3.0,504(-6),[東] 畠山吉宏,202301010304
10,7,12,クリノヒーロー,牡3,53.0,小林勝太,1:50.0,2.1/2,33.5,11.0,464(-6),[西] 谷潔,202301010304
11,8,14,クリノエイブラハム,牡3,56.0,的場勇人,1:50.0,クビ,303.5,14.0,498(-8),[東] 的場均,202301010304
12,2,2,インタクト,牡3,52.0,古川奈穂,1:50.2,1,17.9,9.0,472(+4),[西] 矢作芳人,202301010304
13,8,13,クリノアグレッシブ,牡3,54.0,佐々木大,1:50.8,3.1/2,37.3,12.0,474(-4),[西] 荒川義之,202301010304
14,3,4,テーオースミス,牡3,56.0,荻野琢真,1:50.9,3/4,110.3,13.0,464(-2),[西] 梅田智之,202301010304
1,2,2,ギヴイットアゴー,牝2,55.0,横山典弘,1:30.9,,22.5,6.0,462(0),[西] 昆貢,202301010305
2,5,8,オコタンペ,牡2,55.0,ルメール,1:30.9,ハナ,5.2,2.0,478(0),[西] 須貝尚介,202301010305
3,6,10,スパークルジョイ,牝2,55.0,斎藤新,1:31.0,クビ,66.4,11.0,446(0),[西] 鮫島一歩,202301010305
4,4,6,パシフィックハイ,牝2,55.0,吉田隼人,1:31.1,1,2.4,1.0,446(0),[西] 杉山佳明,202301010305
5,8,14,リート,牝2,55.0,松田大作,1:31.4,1.1/2,25.1,7.0,450(0),[西] 加用正,202301010305
6,1,1,アスセナ,牝2,55.0,富田暁,1:31.4,アタマ,32.6,8.0,484(0),[西] 牧田和弥,202301010305
7,3,4,ブランシール,牝2,55.0,北村宏司,1:31.4,アタマ,8.5,5.0,444(0),[東] 稲垣幸雄,202301010305
8,5,7,グアラニア,牡2,55.0,藤岡佑介,1:31.5,クビ,44.0,9.0,464(0),[東] 矢野英一,202301010305
9,3,3,ベストベルシック,牝2,52.0,小林勝太,1:31.6,3/4,60.4,10.0,412(0),[東] 高橋裕,202301010305
10,7,11,ポケットマネー,牡2,53.0,佐々木大,1:31.8,1.1/2,7.3,4.0,478(0),[東] 小手川準,202301010305
11,7,12,アークドール,牡2,55.0,武豊,1:32.0,1,7.1,3.0,442(0),[西] 松永幹夫,202301010305
12,6,9,グランヴィルローズ,牝2,55.0,勝浦正樹,1:32.0,ハナ,171.0,13.0,410(0),[東] 和田正一,202301010305
13,8,13,タケノシンセイ,牡2,55.0,和田竜二,1:32.0,クビ,203.5,14.0,450(0),[西] 村山明,202301010305
14,4,5,アイヲサケブオトコ,牡2,55.0,黛弘人,1:36.0,大,150.9,12.0,478(0),[東] 武市康男,202301010305
1,8,11,メイショウオトギ,牝3,53.0,池添謙一,0:59.0,,2.2,1.0,432(+4),[西] 池添学,202301010306
2,6,8,グラサージュ,牝4,55.0,横山琉人,0:59.2,1,15.3,7.0,536(+6),[東] 林徹,202301010306
3,5,5,アカザ,牝4,53.0,鷲頭虎太,0:59.6,2.1/2,4.5,2.0,446(+6),[東] 伊坂重信,202301010306
4,2,2,サザンレイク,牝3,50.0,小林勝太,0:59.6,クビ,180.7,11.0,470(-4),[東] 根本康広,202301010306
5,1,1,ラートリー,牝4,56.0,丹内祐次,0:59.6,ハナ,10.8,4.0,452(+2),[東] 和田勇介,202301010306
6,7,9,オルコス,牝4,52.0,古川奈穂,0:59.8,1,12.8,6.0,440(+4),[東] 加藤士津,202301010306
7,6,7,オコジュ,牝3,51.0,佐々木大,0:59.9,3/4,4.9,3.0,454(+4),[東] 中野栄治,202301010306
8,5,6,コロル,牝3,52.0,小沢大仁,1:00.0,1/2,12.7,5.0,450(-4),[西] 奥村豊,202301010306
9,7,10,メリヴェイユ,牝4,54.0,小林凌大,1:00.3,1.3/4,82.9,10.0,450(0),[東] 伊藤圭三,202301010306
10,3,3,メイショウソウゲツ,牝4,55.0,角田大和,1:00.4,3/4,27.9,8.0,466(-6),[西] 本田優,202301010306
11,4,4,エリカキルシェ,牝3,53.0,鮫島克駿,1:00.6,1,57.3,9.0,454(-10),[東] 宮田敬介,202301010306
除,8,12,マーブルケイケー,牝4,56.0,藤岡佑介,,,---,,488(+4),[西] 茶木太樹,202301010306
1,4,6,フレーヴァード,牡3,55.0,ルメール,1:59.4,,2.4,1.0,446(+6),[東] 大竹正博,202301010307
2,7,13,タシット,牡4,58.0,横山武史,1:59.9,3,5.9,3.0,466(+2),[東] 中川公成,202301010307
3,2,3,メランポジューム,牝3,53.0,鮫島克駿,2:00.4,3,10.5,4.0,452(-4),[西] 高野友和,202301010307
4,5,9,ウィステリアリヴァ,牡3,55.0,横山和生,2:00.4,ハナ,18.5,5.0,506(+16),[東] 小野次郎,202301010307
5,3,4,ユイ,牝4,52.0,古川奈穂,2:00.4,ハナ,24.7,6.0,452(+8),[西] 高橋康之,202301010307
6,1,1,サノラキ,牡4,55.0,小林勝太,2:00.6,1,440.3,15.0,490(-8),[東] 蛯名利弘,202301010307
7,2,2,ウインマイルート,牡4,58.0,黛弘人,2:00.6,ハナ,85.2,12.0,446(+6),[東] 鈴木慎太,202301010307
8,8,14,ドゥムーラン,牝3,53.0,北村宏司,2:00.7,1/2,3.0,2.0,452(-12),[東] 尾関知人,202301010307
9,6,10,バレンタインソング,牡3,55.0,武豊,2:00.9,1.1/2,34.9,8.0,456(+8),[西] 小崎憲,202301010307
10,3,5,タフトテソーロ,牡4,58.0,岩田康誠,2:01.0,クビ,40.5,10.0,468(-2),[東] 高木登,202301010307
11,7,12,チャイボーグ,牝3,53.0,吉田隼人,2:01.0,ハナ,37.8,9.0,464(+4),[東] 的場均,202301010307
12,4,7,バトルキャット,牝4,54.0,佐々木大,2:01.3,1.3/4,26.3,7.0,474(-4),[東] 牧光二,202301010307
13,5,8,マイネルジャッカル,牡5,58.0,丹内祐次,2:01.3,クビ,52.7,11.0,468(-6),[東] 西田雄一,202301010307
14,8,15,マイネルキング,セ4,58.0,和田竜二,2:02.2,5,124.9,13.0,460(-4),[東] 相沢郁,202301010307
15,6,11,シードザブレイク,牡4,58.0,富田暁,2:03.0,5,381.7,14.0,498(+6),[西] 庄野靖志,202301010307
1,5,6,サンテックス,牡3,55.0,浜中俊,1:45.8,,2.5,1.0,510(-2),[西] 浜田多実,202301010308
2,8,13,ベイパーコーン,セ4,57.0,松本大輝,1:46.2,2.1/2,19.8,6.0,460(-4),[西] 鈴木孝志,202301010308
3,2,2,サンマルパトロール,牡3,55.0,富田暁,1:46.9,4,6.9,5.0,472(+2),[西] 大橋勇樹,202301010308
4,8,12,ブレットフライ,牡4,58.0,黛弘人,1:47.0,3/4,46.4,8.0,506(+12),[東] 萱野浩二,202301010308
5,6,8,ロードマゼラン,牡4,58.0,丹内祐次,1:47.0,1/2,5.6,3.0,502(+2),[西] 奥村豊,202301010308
6,4,5,タロファイター,牡4,56.0,佐々木大,1:47.2,1.1/4,20.9,7.0,452(+2),[西] 中尾秀正,202301010308
7,3,3,ヒルノデプラーツ,牡4,58.0,亀田温心,1:47.7,3,84.5,10.0,476(-20),[西] 北出成人,202301010308
8,7,10,サイモンポーリア,牝5,53.0,小林勝太,1:47.7,ハナ,234.6,13.0,480(-2),[東] 根本康広,202301010308
9,4,4,サクラソーレ,牡4,58.0,鮫島克駿,1:47.9,1.1/4,6.8,4.0,472(+4),[東] 堀宣行,202301010308
10,5,7,メイショウピスカリ,牡5,57.0,角田大和,1:48.5,3.1/2,64.0,9.0,454(+10),[西] 飯田祐史,202301010308
11,6,9,メイショウトール,牡4,57.0,小沢大仁,1:49.3,5,226.3,12.0,476(0),[西] 石橋守,202301010308
12,1,1,ルミナスフラックス,セ4,58.0,古川吉洋,1:50.3,6,188.5,11.0,486(-6),[東] 堀内岳志,202301010308
13,7,11,ヴィラーゴスリーブ,牝3,53.0,横山武史,1:51.0,4,4.3,2.0,502(+24),[西] 藤原英昭,202301010308
1,8,13,ゴールデンスナップ,牝3,53.0,浜中俊,2:40.8,,5.8,4.0,458(+4),[西] 田中克典,202301010309
2,2,2,タナサンブラック,牡3,55.0,武豊,2:40.8,1/2,3.9,2.0,498(-2),[東] 伊坂重信,202301010309
3,4,5,ステラポイント,牝3,53.0,鮫島克駿,2:41.3,3,11.0,5.0,440(+4),[西] 杉山晴紀,202301010309
4,4,6,ウインルーティン,牡3,55.0,横山和生,2:41.3,クビ,3.9,1.0,456(-6),[西] 長谷川浩,202301010309
5,6,10,メイショウウネビ,牡4,58.0,小沢大仁,2:41.5,1.1/4,20.3,7.0,488(+2),[西] 本田優,202301010309
6,8,14,マケルナマサムネ,牡5,58.0,吉田隼人,2:41.6,クビ,25.2,8.0,458(-2),[西] 杉山佳明,202301010309
7,6,9,サツキハピネス,牝5,56.0,古川吉洋,2:41.7,1/2,131.1,11.0,460(-2),[東] 土田稔,202301010309
8,1,1,ギンノサジ,牝5,56.0,佐々木大,2:41.8,1/2,28.7,9.0,486(+2),[東] 松永康利,202301010309
9,5,8,ウェイビー,牝3,53.0,横山武史,2:42.0,1.1/2,4.1,3.0,510(0),[西] 西村真幸,202301010309
10,7,11,ジェニーアムレット,牝5,56.0,北村友一,2:42.2,1,134.8,12.0,454(-8),[西] 池添学,202301010309
11,5,7,ノートルプロメス,牡4,58.0,池添謙一,2:43.0,5,29.0,10.0,500(+6),[西] 四位洋文,202301010309
12,7,12,コルデアニル,牝3,53.0,丹内祐次,2:43.5,3,19.0,6.0,470(+2),[東] 金成貴史,202301010309
13,3,3,フェニックスループ,牡4,58.0,富田暁,2:45.0,9,206.6,14.0,462(0),[西] 平田修,202301010309
14,3,4,サドル,牡4,58.0,斎藤新,2:48.5,大,168.3,13.0,508(+6),[西] 庄野靖志,202301010309
1,3,3,コレペティトール,牡3,55.0,ルメール,1:28.5,,2.2,1.0,468(-8),[西] 中竹和也,202301010310
2,6,6,バニシングポイント,セ5,58.0,浜中俊,1:28.6,1,16.3,6.0,478(-6),[東] 加藤征弘,202301010310
3,2,2,ジョウショーホープ,牡3,55.0,藤岡佑介,1:28.7,1/2,2.4,2.0,462(+4),[西] 新谷功一,202301010310
4,5,5,テンメジャーガール,牝4,56.0,鮫島克駿,1:28.8,1/2,53.1,7.0,492(-6),[西] 高柳大輔,202301010310
5,8,8,ジョリダム,牝3,53.0,小沢大仁,1:28.8,ハナ,15.2,4.0,438(+4),[西] 武英智,202301010310
6,4,4,モンタナアゲート,牡4,58.0,横山武史,1:28.8,クビ,5.5,3.0,542(+4),[東] 和田正一,202301010310
7,1,1,マイネルダグラス,牡5,58.0,丹内祐次,1:28.9,クビ,16.1,5.0,508(-6),[東] 相沢郁,202301010310
8,7,7,クリノキングボス,牡6,58.0,黛弘人,1:29.7,5,218.5,8.0,476(+2),[東] 天間昭一,202301010310
1,6,12,サンストックトン,牡4,58.0,横山武史,1:59.2,,4.7,2.0,462(-12),[東] 鹿戸雄一,202301010311
2,6,11,クライミングリリー,牝5,54.0,藤岡佑介,1:59.2,クビ,35.3,11.0,460(-8),[東] 国枝栄,202301010311
3,1,1,ミスフィガロ,牝5,54.0,浜中俊,1:59.6,2.1/2,7.7,4.0,430(-4),[西] 友道康夫,202301010311
4,5,9,プラチナトレジャー,牡5,55.0,北村宏司,1:59.7,クビ,71.3,14.0,480(+2),[東] 国枝栄,202301010311
5,8,15,マイネルクリソーラ,牡4,57.0,丹内祐次,1:59.7,クビ,14.8,6.0,446(-4),[東] 中野栄治,202301010311
6,2,4,カランドゥーラ,牡5,55.0,勝浦正樹,1:59.8,1/2,79.3,15.0,492(-2),[東] 蛯名正義,202301010311
7,4,7,エスコバル,セ5,57.0,ルメール,1:59.9,クビ,3.6,1.0,500(-2),[東] 堀宣行,202301010311
8,7,13,ブルーロワイヤル,セ4,56.0,角田大和,1:59.9,ハナ,56.4,13.0,514(-10),[西] 音無秀孝,202301010311
9,5,10,モリノカンナチャン,牝5,53.0,池添謙一,2:00.0,1/2,21.3,10.0,456(+2),[東] 鈴木伸尋,202301010311
10,3,5,マテンロウマジック,牡4,55.0,横山典弘,2:00.3,2,35.6,12.0,486(+2),[西] 高橋亮,202301010311
11,8,16,モカフラワー,牝4,54.0,鮫島克駿,2:00.4,3/4,7.2,3.0,456(-4),[東] 相沢郁,202301010311
12,2,3,カヨウネンカ,牝4,54.0,黛弘人,2:00.5,クビ,18.2,7.0,462(0),[東] 斎藤誠,202301010311
13,3,6,エリオトローピオ,牝4,54.0,和田竜二,2:00.5,アタマ,19.2,9.0,408(+4),[東] 深山雅史,202301010311
14,1,2,ディナースタ,牡4,57.0,横山和生,2:01.3,5,8.2,5.0,474(+6),[西] 辻野泰之,202301010311
15,4,8,パーソナルハイ,牝4,54.0,北村友一,2:02.0,4,19.1,8.0,478(+16),[西] 矢作芳人,202301010311
16,7,14,アスティ,セ7,55.0,岩田康誠,2:02.3,1.3/4,217.7,16.0,424(+2),[東] 堀内岳志,202301010311
1,1,1,ユスティニアン,牡5,57.0,松本大輝,0:59.1,,7.5,5.0,442(+2),[西] 新谷功一,202301010312
2,6,6,マイアミュレット,セ4,58.0,横山武史,0:59.2,クビ,6.2,4.0,470(+2),[東] 天間昭一,202301010312
3,3,3,ポメラート,牝4,54.0,佐々木大,0:59.3,3/4,22.3,9.0,490(+2),[西] 茶木太樹,202301010312
4,8,10,デルマシルフ,牝4,56.0,古川吉洋,0:59.5,1,5.3,2.0,472(-4),[西] 畑端省吾,202301010312
5,6,7,デルマカミーラ,牝4,53.0,鷲頭虎太,0:59.6,クビ,5.4,3.0,476(-14),[西] 牧田和弥,202301010312
6,4,4,フェズカズマ,牡4,58.0,斎藤新,0:59.6,クビ,9.9,6.0,484(0),[西] 安田隆行,202301010312
7,7,9,シャスティーナ,牝5,55.0,小沢大仁,0:59.6,ハナ,67.6,11.0,490(+8),[西] 中村直也,202301010312
8,2,2,ルヴェルジェ,牝4,52.0,古川奈穂,0:59.8,1,3.9,1.0,476(-2),[西] 小林真也,202301010312
9,7,8,ファンタジックラン,牝4,56.0,北村友一,0:59.9,1,25.8,10.0,442(-14),[西] 飯田祐史,202301010312
10,5,5,トップキャスト,牝4,56.0,鮫島克駿,1:00.4,3,11.8,7.0,440(+2),[西] 高橋康之,202301010312
11,8,11,アレクサンドラ,牝4,56.0,丹内祐次,1:00.5,3/4,19.2,8.0,508(+4),[東] 矢野英一,202301010312
1,4,6,シャイニースイフト,牡3,56.0,横山武史,1:27.8,,2.1,1.0,440(+4),[東] 菊川正達,202301010401
2,1,1,アオイコウキ,牡3,52.0,古川奈穂,1:28.2,2.1/2,5.8,3.0,482(+4),[西] 矢作芳人,202301010401
3,7,11,テーオーレーズン,牝3,54.0,古川吉洋,1:28.9,4,373.2,13.0,418(-8),[西] 宮徹,202301010401
4,3,4,エリム,牝3,54.0,池添謙一,1:28.9,アタマ,16.9,8.0,426(+2),[西] 石坂公一,202301010401
5,3,3,ルージュアマルフィ,牝3,54.0,三浦皇成,1:29.0,クビ,16.4,7.0,478(0),[東] 鹿戸雄一,202301010401
6,6,10,ダフィネ,牝3,51.0,大久保友,1:29.0,クビ,20.4,9.0,492(+16),[西] 大久保龍,202301010401
7,8,13,シエロエスティーボ,牡3,56.0,武豊,1:29.1,3/4,16.3,6.0,490(-2),[東] 小島茂之,202301010401
8,5,8,モダナイズクィーン,牝3,52.0,佐々木大,1:29.1,クビ,12.5,5.0,470(0),[東] 武井亮,202301010401
9,8,14,ヨシノクラウン,牡3,56.0,ルメール,1:29.3,1.1/4,5.2,2.0,484(0),[西] 中尾秀正,202301010401
10,4,5,フェルドランス,牡3,56.0,菅原明良,1:29.5,3/4,10.4,4.0,466(+2),[東] 鈴木慎太,202301010401
11,2,2,ノーサンブリア,牝3,51.0,小林勝太,1:29.5,アタマ,84.0,10.0,418(-4),[東] 稲垣幸雄,202301010401
12,6,9,ジーファー,牝3,54.0,川又賢治,1:29.8,1.3/4,420.1,14.0,462(-4),[西] 寺島良,202301010401
13,5,7,フェアリーピコ,牝3,53.0,小沢大仁,1:29.9,1,319.4,12.0,408(-4),[西] 茶木太樹,202301010401
14,7,12,トーセンジャネット,牝3,54.0,亀田温心,1:31.2,8,212.4,11.0,434(+16),[東] 池上昌和,202301010401
1,5,6,ウェイオブサクセス,牝3,51.0,鷲頭虎太,0:59.3,,6.6,5.0,440(-8),[西] 野中賢二,202301010402
2,2,2,ロードサミット,牡3,56.0,鮫島克駿,0:59.9,3.1/2,3.2,1.0,496(+4),[西] 辻野泰之,202301010402
3,7,10,テイエムルンバ,牝3,51.0,大久保友,0:59.9,ハナ,5.7,3.0,472(+4),[西] 畑端省吾,202301010402
4,4,4,ニシノタメチカ,牝3,54.0,勝浦正樹,0:59.9,アタマ,8.6,6.0,482(+2),[東] 村田一誠,202301010402
5,6,7,ルソレイユ,牡3,56.0,松田大作,1:00.0,1/2,15.0,7.0,512(+10),[西] 北出成人,202301010402
6,6,8,イスラデルノルテ,牡3,53.0,小林勝太,1:00.6,3.1/2,6.6,4.0,442(+4),[東] 菊沢隆徳,202301010402
7,8,11,ドーンパッセージ,牝3,52.0,佐々木大,1:01.0,2.1/2,5.2,2.0,462(-2),[東] 蛯名正義,202301010402
8,1,1,オセアジェネシス,牡3,56.0,和田竜二,1:01.4,2.1/2,29.7,9.0,452(-2),[東] 加藤征弘,202301010402
9,7,9,クラシカルスカラー,牝3,53.0,小沢大仁,1:01.5,クビ,20.7,8.0,438(-8),[西] 今野貞一,202301010402
10,8,12,ブルーゴールド,牡3,56.0,的場勇人,1:01.5,クビ,191.6,11.0,490(+6),[東] 的場均,202301010402
11,5,5,デルマヨビモドシ,牡3,56.0,黛弘人,1:02.0,3,245.0,12.0,450(0),[東] 田中剛,202301010402
12,3,3,ペイシャレイ,牝3,54.0,山田敬士,1:04.8,大,167.7,10.0,488(0),[東] 本間忍,202301010402
1,4,6,クリノグローリー,牡3,53.0,小林勝太,1:48.1,,29.8,9.0,462(+4),[西] 谷潔,202301010403
2,6,9,ニシノシャイニング,牡3,56.0,江田照男,1:48.3,1.1/2,20.6,8.0,430(-2),[東] 中野栄治,202301010403
3,1,1,メイショウシナノ,牡3,55.0,小沢大仁,1:48.4,3/4,7.4,3.0,478(+2),[西] 大橋勇樹,202301010403
3,8,13,オリンポスカズマ,牡3,56.0,和田竜二,1:48.4,同着,8.1,4.0,498(-2),[西] 平田修,202301010403
5,4,5,オボッチャマ,牡3,56.0,丹内祐次,1:48.4,ハナ,5.3,2.0,482(-6),[東] 武市康男,202301010403
6,6,10,デトネイター,牝3,52.0,佐々木大,1:48.6,1.1/4,11.2,6.0,458(-2),[東] 中舘英二,202301010403
7,8,14,サンセットベリー,牡3,56.0,山田敬士,1:49.0,2.1/2,97.5,12.0,454(0),[東] 松永康利,202301010403
8,2,2,メイショウカジキ,牡3,53.0,鷲頭虎太,1:49.2,1.1/4,91.0,11.0,464(+6),[西] 梅田智之,202301010403
9,7,12,レイジングスラスト,牡3,52.0,古川奈穂,1:49.5,1.3/4,8.1,5.0,528(-8),[西] 矢作芳人,202301010403
10,3,4,ライヴマスタード,牡3,53.0,土田真翔,1:49.5,アタマ,44.7,10.0,514(-6),[東] 尾形和幸,202301010403
11,5,8,プロトカルチャー,牡3,56.0,菅原明良,1:49.5,ハナ,14.0,7.0,490(+4),[東] 新開幸一,202301010403
12,7,11,スパークルスカイ,牝3,54.0,斎藤新,1:49.7,3/4,2.5,1.0,454(+4),[西] 森田直行,202301010403
13,3,3,ピーチコーラル,牝3,53.0,横山琉人,1:49.8,1.1/4,276.0,13.0,410(+8),[東] 辻哲英,202301010403
14,5,7,ビヨンドザバラード,牡3,54.0,小林凌大,1:51.0,7,401.2,14.0,412(-4),[東] 加藤和宏,202301010403
1,6,11,プラニスフェリオ,牡3,56.0,ルメール,2:02.4,,2.3,1.0,494(0),[西] 牧浦充徳,202301010404
2,8,16,ユイノオトコヤマ,牡3,56.0,吉田隼人,2:02.4,ハナ,32.0,8.0,454(-4),[東] 深山雅史,202301010404
3,5,10,シャンボール,牡3,54.0,佐々木大,2:02.4,ハナ,8.3,3.0,472(+8),[東] 上原博之,202301010404
4,1,1,ブルーハートリリー,牝3,53.0,横山琉人,2:02.5,1,9.6,4.0,448(-2),[東] 奥平雅士,202301010404
5,4,7,マテンロウカノン,牝3,54.0,横山和生,2:02.7,1,10.0,5.0,442(0),[東] 萩原清,202301010404
6,3,5,コウセイ,牡3,56.0,三浦皇成,2:02.7,ハナ,65.1,13.0,484(+5),[東] 青木孝文,202301010404
7,2,4,スターグロウ,牝3,54.0,武豊,2:02.7,ハナ,4.3,2.0,442(+4),[東] 田中博康,202301010404
8,5,9,ラブコ,牝3,53.0,角田大和,2:02.9,1,132.0,14.0,422(-4),[西] 小崎憲,202301010404
9,7,13,ヒラトミッチー,牝3,54.0,勝浦正樹,2:03.0,1/2,45.2,10.0,434(0),[東] 松山将樹,202301010404
10,4,8,ビーチポジティヴ,牝3,54.0,丹内祐次,2:03.1,3/4,42.3,9.0,448(-8),[東] 本間忍,202301010404
11,2,3,メイショウマンゲツ,牝3,54.0,藤岡佑介,2:03.2,1,13.0,6.0,468(0),[西] 藤岡健一,202301010404
12,6,12,カズボニファシオ,牡3,56.0,北村友一,2:03.2,クビ,22.0,7.0,524(-4),[西] 安田翔伍,202301010404
13,7,14,エコロジョイアー,牡3,56.0,岩田康誠,2:03.4,3/4,51.8,12.0,498(+8),[東] 加藤征弘,202301010404
14,3,6,ノヴィアル,牝3,53.0,小沢大仁,2:03.9,3.1/2,51.1,11.0,418(+4),[西] 渡辺薫彦,202301010404
15,8,15,スズカマリー,牝3,54.0,和田翼,2:04.0,1/2,472.4,16.0,418(-4),[西] 谷潔,202301010404
16,1,2,クリノタカラブネ,牡3,56.0,黛弘人,2:06.4,大,454.1,15.0,432(0),[東] 天間昭一,202301010404
1,7,10,パワーホール,牡2,55.0,横山和生,1:51.6,,13.8,6.0,468(0),[西] 昆貢,202301010405
2,8,11,キャプテンシー,牡2,55.0,鮫島克駿,1:52.3,4,5.3,2.0,458(0),[西] 松永幹夫,202301010405
3,7,9,ソニックライン,牡2,55.0,横山武史,1:52.3,アタマ,2.6,1.0,488(0),[東] 木村哲也,202301010405
4,8,12,カリンテラス,牝2,55.0,池添謙一,1:52.7,2.1/2,50.1,10.0,448(0),[西] 松下武士,202301010405
5,2,2,カンバーランド,牝2,55.0,Ｍ．デム,1:52.8,1/2,9.0,4.0,518(0),[西] 高橋義忠,202301010405
6,6,7,ドウアドバンテージ,牡2,55.0,武豊,1:53.1,1.3/4,19.3,7.0,462(0),[西] 四位洋文,202301010405
7,5,5,ウェイトゥゴー,牝2,55.0,ルメール,1:53.2,3/4,5.5,3.0,456(0),[西] 須貝尚介,202301010405
8,6,8,ラウダブル,牡2,55.0,菅原明良,1:53.2,クビ,25.6,8.0,502(0),[西] 池江泰寿,202301010405
9,5,6,サンデーダイヤ,牡2,55.0,斎藤新,1:53.3,1/2,99.4,11.0,492(0),[東] 斎藤誠,202301010405
10,4,4,アジャイルブラック,牡2,53.0,佐々木大,1:53.3,アタマ,37.9,9.0,494(0),[東] 田村康仁,202301010405
11,1,1,クロームノワール,牡2,55.0,松田大作,1:53.4,1/2,219.0,12.0,472(0),[西] 武英智,202301010405
12,3,3,クリフハンガー,牡2,55.0,松山弘平,1:53.7,1.3/4,9.7,5.0,448(0),[東] 堀宣行,202301010405
1,7,10,サンライズグルーヴ,牡3,55.0,富田暁,1:45.3,,8.1,4.0,506(-4),[西] 河内洋,202301010406
2,8,13,サンライズスコール,牡4,58.0,斎藤新,1:46.1,5,7.8,3.0,456(-2),[西] 石坂公一,202301010406
3,1,1,グランサバナ,牡3,55.0,横山武史,1:46.1,クビ,7.0,2.0,504(+8),[東] 田村康仁,202301010406
4,6,8,ビービーグラーテス,牡3,55.0,丹内祐次,1:46.2,クビ,22.3,9.0,490(+10),[西] 加用正,202301010406
5,3,3,アッティラ,牡3,54.0,横山琉人,1:46.3,1/2,19.0,7.0,436(-4),[東] 相沢郁,202301010406
6,2,2,ゴルデールスカー,牡3,55.0,和田竜二,1:46.6,1.3/4,59.0,11.0,464(+2),[西] 大久保龍,202301010406
7,4,5,トゥーテイルズ,牝3,53.0,藤岡佑介,1:46.7,3/4,18.2,6.0,466(-4),[西] 藤原英昭,202301010406
8,7,11,サンマルディライト,牡4,58.0,松田大作,1:46.9,1,182.8,12.0,470(+4),[東] 牧光二,202301010406
9,6,9,ペイシャモノノフ,牡3,55.0,荻野琢真,1:46.9,ハナ,19.6,8.0,464(-2),[西] 畑端省吾,202301010406
10,5,7,ロードレアル,牡4,58.0,古川吉洋,1:47.2,2,308.1,13.0,470(+4),[東] 堀内岳志,202301010406
11,8,12,エイトスターズ,牝3,53.0,吉田隼人,1:47.4,1.1/4,9.1,5.0,470(+2),[西] 坂口智康,202301010406
12,4,4,ブリタニア,牡3,55.0,松山弘平,1:47.6,1.1/4,2.0,1.0,482(-10),[西] 杉山佳明,202301010406
13,5,6,セイゲン,牡4,58.0,三浦皇成,1:47.9,1.1/2,27.6,10.0,474(-2),[東] 中川公成,202301010406
1,2,2,ココナッツブラウン,牝3,53.0,横山武史,1:47.6,,1.7,1.0,446(+8),[西] 上村洋行,202301010407
2,7,11,アンノウンレディ,牝3,53.0,丹内祐次,1:48.1,3,89.8,12.0,442(0),[東] 清水英克,202301010407
3,6,9,エールミネルヴァ,牝3,53.0,藤岡佑介,1:48.2,1/2,156.1,13.0,474(0),[西] 橋口慎介,202301010407
4,4,4,マスキュリン,牝3,53.0,池添謙一,1:48.2,クビ,7.5,4.0,440(+2),[西] 新谷功一,202301010407
5,3,3,タケトンボ,牝4,52.0,古川奈穂,1:48.3,クビ,20.5,5.0,450(-2),[西] 飯田雄三,202301010407
6,8,13,メイショウノブカ,牝3,53.0,武豊,1:48.5,1.1/4,5.7,2.0,504(+4),[西] 本田優,202301010407
7,8,12,ワレハウミノコ,牝3,53.0,富田暁,1:48.5,クビ,60.1,11.0,450(-6),[西] 武英智,202301010407
8,7,10,ポルテーニャ,牝4,56.0,松山弘平,1:48.7,3/4,28.8,6.0,444(-10),[西] 西村真幸,202301010407
9,5,7,マンクスホップ,牝4,56.0,斎藤新,1:48.7,アタマ,46.4,9.0,450(+4),[西] 松永幹夫,202301010407
10,5,6,ダークブロンド,牝3,53.0,北村友一,1:48.7,クビ,45.3,8.0,406(-10),[西] 高橋亮,202301010407
11,1,1,サルサロッサ,牝4,55.0,角田大和,1:48.7,アタマ,32.7,7.0,454(0),[東] 高柳瑞樹,202301010407
12,4,5,ホーリーエンブレム,牝4,56.0,浜中俊,1:49.0,1.1/2,6.6,3.0,432(+4),[東] 田村康仁,202301010407
13,6,8,ビップクロエ,牝3,53.0,鮫島克駿,1:50.7,10,58.9,10.0,446(-6),[西] 松下武士,202301010407
1,8,11,スクルプトーリス,牝3,53.0,鮫島克駿,1:09.3,,4.4,2.0,460(+8),[西] 松下武士,202301010408
2,5,6,トリップトゥムーン,牡4,58.0,池添謙一,1:09.4,クビ,14.3,6.0,442(-2),[西] 新谷功一,202301010408
3,5,5,マテンロウプラウド,セ3,55.0,横山典弘,1:09.5,3/4,23.7,10.0,482(+4),[西] 松永幹夫,202301010408
4,6,8,シルバーレイズ,牝3,53.0,松山弘平,1:09.6,クビ,14.5,7.0,458(-6),[東] 牧光二,202301010408
5,2,2,ケイアイクビラ,牡3,55.0,松田大作,1:09.6,アタマ,7.3,3.0,480(-16),[西] 宮本博,202301010408
6,7,9,フミサウンド,牡3,55.0,ルメール,1:09.6,1/2,2.6,1.0,438(0),[東] 鹿戸雄一,202301010408
7,8,12,デイトンウェイ,牡5,58.0,亀田温心,1:09.8,3/4,18.5,9.0,510(-2),[西] 野中賢二,202301010408
8,7,10,ツヴァイシュテルネ,牡4,58.0,三浦皇成,1:09.8,ハナ,18.5,8.0,492(+2),[西] 羽月友彦,202301010408
9,6,7,ワンダーヘイルネス,セ7,58.0,富田暁,1:09.8,クビ,136.3,11.0,478(-4),[西] 河内洋,202301010408
10,3,3,ヴェールクレール,牝5,56.0,北村友一,1:09.9,クビ,8.2,4.0,464(-6),[西] 高橋亮,202301010408
11,4,4,ラブリプリンチャン,牝3,53.0,松井伸也,1:10.1,1.1/2,185.2,12.0,488(-2),[地] 安田武広,202301010408
12,1,1,スピリットワールド,牡4,58.0,武豊,1:10.3,1.1/2,11.7,5.0,526(-4),[西] 石橋守,202301010408
1,3,4,ナイトインロンドン,牡3,55.0,和田竜二,2:39.4,,1.8,1.0,476(+6),[東] 大竹正博,202301010409
2,7,11,ライリッズ,牡4,58.0,ルメール,2:39.7,2,5.0,2.0,490(-2),[東] 宮田敬介,202301010409
3,5,7,ミステリーウェイ,セ5,58.0,吉田隼人,2:39.8,アタマ,11.6,4.0,494(+4),[西] 小林真也,202301010409
4,6,10,サトノシャローム,牡6,58.0,富田暁,2:40.2,2.1/2,51.7,12.0,518(+4),[西] 池江泰寿,202301010409
5,4,5,ジェンヌ,牝4,56.0,佐々木大,2:40.2,クビ,10.7,3.0,424(-6),[西] 安達昭夫,202301010409
6,4,6,エレフセリア,牝5,56.0,Ｍ．デム,2:40.3,3/4,31.3,10.0,456(-8),[東] 武藤善則,202301010409
7,3,3,ヒシシュシュ,牝5,56.0,横山武史,2:40.9,3.1/2,20.0,6.0,422(+6),[東] 中舘英二,202301010409
8,1,1,キントリヒ,牡4,58.0,丹内祐次,2:41.0,3/4,23.8,8.0,474(-2),[東] 矢野英一,202301010409
9,6,9,ジオフロント,牡5,58.0,武豊,2:41.2,1.1/4,20.6,7.0,456(-10),[西] 清水久詞,202301010409
10,5,8,マイネルメサイア,牡4,58.0,菅原明良,2:41.2,クビ,41.6,11.0,476(-8),[東] 水野貴広,202301010409
11,2,2,フィレンツェ,牡4,58.0,岩田康誠,2:42.0,5,79.3,13.0,452(+4),[東] 加藤士津,202301010409
12,8,14,ニャンチンノン,牡4,58.0,松山弘平,2:42.1,クビ,140.9,14.0,458(+6),[西] 中竹和也,202301010409
13,8,13,ソムリエ,牡3,55.0,横山琉人,2:42.4,1.1/2,26.4,9.0,438(0),[東] 相沢郁,202301010409
14,7,12,シャンバラ,牡4,58.0,鮫島克駿,2:47.1,大,19.0,5.0,518(-2),[西] 橋口慎介,202301010409
1,6,10,カラフルキューブ,牝4,56.0,鮫島克駿,1:45.4,,7.9,4.0,476(-4),[西] 高野友和,202301010410
2,6,9,シダー,牝4,56.0,武豊,1:45.4,アタマ,4.6,2.0,486(-10),[西] 本田優,202301010410
3,4,5,フームスムート,牡6,58.0,丹内祐次,1:45.7,1.3/4,46.7,9.0,524(-8),[東] 水野貴広,202301010410
4,8,14,ヴィブラフォン,牝4,56.0,佐々木大,1:45.7,アタマ,42.4,8.0,448(-6),[東] 高木登,202301010410
5,7,11,キュールエフウジン,牡4,58.0,吉田隼人,1:45.9,1.1/2,5.3,3.0,500(+6),[西] 中尾秀正,202301010410
6,5,7,ソルドラード,セ7,58.0,三浦皇成,1:45.9,ハナ,70.8,12.0,490(-8),[東] 蛯名正義,202301010410
7,4,6,テーオードレフォン,牡4,58.0,古川吉洋,1:46.2,1.1/2,12.4,5.0,484(-6),[西] 梅田智之,202301010410
8,3,3,アシタガアルサ,牡5,58.0,菅原明良,1:46.2,アタマ,49.6,10.0,460(+2),[東] 小笠倫弘,202301010410
9,1,1,トップオブジェラス,牡4,58.0,横山武史,1:46.2,クビ,2.3,1.0,532(+4),[東] 高木登,202301010410
10,8,13,ステイブルアスク,牝5,56.0,古川奈穂,1:46.3,アタマ,21.9,7.0,442(+2),[西] 矢作芳人,202301010410
11,2,2,グラスデスティーノ,牡6,58.0,松田大作,1:46.3,クビ,155.6,14.0,472(+2),[東] 牧光二,202301010410
12,3,4,モズマゾク,牡5,58.0,和田竜二,1:46.9,3.1/2,51.0,11.0,486(-4),[西] 杉山佳明,202301010410
13,5,8,レイクリエイター,牡5,58.0,浜中俊,1:47.5,4,20.1,6.0,472(-4),[西] 浜田多実,202301010410
14,7,12,クレスコジョケツ,牝4,56.0,富田暁,1:47.5,クビ,86.8,13.0,494(+28),[西] 木原一良,202301010410
1,5,7,ドゥーラ,牝3,51.0,斎藤新,1:46.7,,4.5,1.0,458(-14),[西] 高橋康之,202301010411
2,2,2,ウインピクシス,牝4,55.0,横山武史,1:46.9,1,18.4,9.0,440(-10),[東] 上原博之,202301010411
3,1,1,コスタボニータ,牝4,55.0,松山弘平,1:46.9,ハナ,7.5,3.0,462(0),[西] 杉山佳明,202301010411
4,3,4,ルビーカサブランカ,牝6,55.0,ルメール,1:46.9,クビ,5.5,2.0,478(0),[西] 須貝尚介,202301010411
5,6,10,イズジョーノキセキ,牝6,57.0,岩田康誠,1:47.1,1.1/4,17.1,8.0,474(+2),[西] 中村直也,202301010411
6,8,14,トーセンローリエ,牝3,51.0,吉田隼人,1:47.1,1/2,27.9,11.0,440(+16),[東] 小笠倫弘,202301010411
7,7,12,ミスニューヨーク,牝6,56.0,Ｍ．デム,1:47.2,1/2,8.3,5.0,472(0),[西] 杉山晴紀,202301010411
8,5,8,キタウイング,牝3,52.0,江田照男,1:47.2,アタマ,19.1,10.0,426(-4),[東] 小島茂之,202301010411
9,3,3,ライトクオンタム,牝3,52.0,武豊,1:47.3,クビ,9.0,6.0,424(-8),[西] 武幸四郎,202301010411
10,4,6,ローゼライト,牝5,55.0,鮫島克駿,1:47.4,1/2,131.8,14.0,438(-2),[西] 清水久詞,202301010411
11,4,5,サトノセシル,牝7,55.0,佐々木大,1:47.5,1,9.5,7.0,460(-6),[東] 堀宣行,202301010411
12,8,13,ビジン,牝4,55.0,藤岡佑介,1:47.7,1,46.7,13.0,468(0),[西] 武英智,202301010411
13,7,11,ジネストラ,牝5,55.0,三浦皇成,1:47.8,3/4,7.8,4.0,460(+10),[東] 鹿戸雄一,202301010411
14,6,9,グランスラムアスク,牝4,55.0,古川奈穂,1:48.3,3,42.2,12.0,460(+10),[西] 矢作芳人,202301010411
1,7,12,プレミアムスマイル,牝4,56.0,北村友一,1:46.5,,5.1,3.0,496(0),[西] 池添学,202301010412
2,6,9,ラレイナ,牝5,56.0,横山武史,1:46.6,1/2,4.8,2.0,458(-6),[東] 嘉藤貴行,202301010412
3,4,6,バライロノキセキ,牝5,56.0,池添謙一,1:46.6,クビ,17.2,9.0,482(-6),[西] 中竹和也,202301010412
4,6,10,エンプレスペイ,牝3,53.0,鮫島克駿,1:46.7,1/2,6.1,4.0,434(+2),[西] 武幸四郎,202301010412
5,3,4,スマートムーラン,牝4,56.0,岩田康誠,1:46.8,クビ,4.3,1.0,464(+4),[西] 大久保龍,202301010412
6,7,11,バーリンギャップ,牝4,56.0,柴山雄一,1:47.1,2,17.2,8.0,502(+6),[東] 萩原清,202301010412
7,1,1,バレストラ,牝4,52.0,古川奈穂,1:47.3,1,12.2,5.0,480(+6),[西] 矢作芳人,202301010412
8,8,13,ネフェルタリ,牝5,55.0,小沢大仁,1:47.4,3/4,60.1,12.0,496(-10),[西] 高柳大輔,202301010412
9,5,8,ペイシャオウユー,牝5,56.0,黛弘人,1:47.5,1/2,26.7,10.0,478(0),[東] 石栗龍彦,202301010412
10,3,3,リファインドマナー,牝5,56.0,川又賢治,1:47.7,1.1/4,63.0,13.0,440(-10),[西] 杉山佳明,202301010412
11,8,14,ソールズベリー,牝4,53.0,小林勝太,1:47.7,ハナ,84.3,14.0,464(+12),[東] 竹内正洋,202301010412
12,4,5,リンクスルーファス,牝4,56.0,三浦皇成,1:48.1,2.1/2,12.5,6.0,500(-16),[東] 手塚貴久,202301010412
13,5,7,ブロードリーチ,牝4,56.0,丹内祐次,1:48.4,1.3/4,48.8,11.0,436(-4),[東] 宗像義忠,202301010412
14,2,2,グラヴィル,牝5,54.0,佐々木大,1:48.6,1.1/4,12.6,7.0,494(+4),[東] 国枝栄,202301010412
1,7,11,バルミーウェザー,牡2,55.0,亀田温心,1:46.5,,4.6,2.0,452(0),[西] 鮫島一歩,202301010501
2,6,9,カリフォルニア,牡2,55.0,ルメール,1:47.4,5,1.9,1.0,470(-12),[東] 伊藤圭三,202301010501
3,6,10,ゼットスパンキー,牡2,55.0,古川吉洋,1:47.5,3/4,180.6,12.0,452(0),[西] 宮徹,202301010501
4,3,3,リワードファラオン,牡2,55.0,横山典弘,1:47.7,1,15.0,6.0,510(+4),[東] 村田一誠,202301010501
5,3,4,リベルテ,牡2,55.0,横山和生,1:48.6,5,7.2,3.0,462(0),[東] 高木登,202301010501
6,5,7,ジュンラトゥール,牡2,52.0,今村聖奈,1:48.7,クビ,44.0,7.0,432(+10),[西] 浜田多実,202301010501
7,7,12,キタノコンドル,牡2,53.0,小林凌大,1:49.0,2,309.7,13.0,466(-4),[東] 萱野浩二,202301010501
8,2,2,インペリオ,牡2,55.0,鮫島克駿,1:49.1,クビ,63.4,8.0,468(+12),[西] 羽月友彦,202301010501
9,8,14,パーシステンス,牡2,52.0,小林勝太,1:49.8,4,434.8,14.0,492(+4),[東] 小桧山悟,202301010501
10,4,6,ドレープサンライズ,牝2,55.0,富田暁,1:49.9,1/2,72.7,10.0,464(-12),[西] 河内洋,202301010501
11,1,1,デルマアートマン,牡2,55.0,横山武史,1:50.0,1/2,12.4,4.0,474(+2),[西] 友道康夫,202301010501
12,4,5,マコトヴィエルジ,牝2,54.0,角田大和,1:50.2,1.1/4,65.0,9.0,440(+2),[東] 上原佑紀,202301010501
13,5,8,リエンダ,牡2,55.0,丹内祐次,1:50.8,3.1/2,123.8,11.0,472(+8),[東] 岩戸孝樹,202301010501
14,8,13,ヤプシ,牡2,53.0,佐々木大,1:52.6,大,12.9,5.0,466(-4),[東] 加藤士津,202301010501
1,4,4,ダラムキャッスル,牝3,53.0,横山琉人,0:57.8,,8.1,3.0,516(-6),[東] 斎藤誠,202301010502
2,5,5,エイシンエマーユ,牝3,54.0,松田大作,0:58.4,3.1/2,9.6,6.0,446(0),[東] 田中剛,202301010502
3,6,7,ドナルビー,牝3,54.0,横山武史,0:58.7,2,6.9,2.0,448(+8),[東] 畠山吉宏,202301010502
4,1,1,ビップナージャ,牝3,54.0,鮫島克駿,0:58.8,3/4,8.8,4.0,426(+6),[東] 高柳瑞樹,202301010502
5,5,6,ステラヴェスパー,牝3,54.0,藤岡佑介,0:59.3,2.1/2,24.5,7.0,432(+2),[西] 茶木太樹,202301010502
6,8,12,ラピッドベル,牝3,54.0,ルメール,0:59.3,クビ,1.8,1.0,504(0),[西] 牧浦充徳,202301010502
7,3,3,ハクサンブリエ,牝3,54.0,丹内祐次,0:59.5,1.1/4,39.5,8.0,464(+6),[東] 菊川正達,202301010502
8,6,8,リキサンクー,牡3,53.0,小林勝太,1:00.0,3,9.2,5.0,456(+10),[東] 奥平雅士,202301010502
9,7,9,プラウドウィッチ,牝3,53.0,小沢大仁,1:00.1,クビ,45.0,9.0,446(-10),[西] 今野貞一,202301010502
10,2,2,ダイシンカタナ,牡3,56.0,横山和生,1:00.6,3,63.9,10.0,462(+8),[東] 戸田博文,202301010502
11,7,10,スクリプタム,牝3,54.0,山田敬士,1:00.8,1.1/4,126.9,11.0,466(-2),[東] 小桧山悟,202301010502
12,8,11,ドゥミプリエ,牝3,53.0,松本大輝,1:00.9,1,176.1,12.0,516(+6),[西] 藤原英昭,202301010502
1,5,10,マテンロウアネモス,牝3,51.0,鷲頭虎太,1:10.1,,8.9,3.0,430(-2),[東] 久保田貴,202301010503
2,1,2,アルマロクザン,牝3,54.0,藤岡佑介,1:10.2,1/2,13.0,6.0,470(0),[東] 高橋文雅,202301010503
3,7,13,アスキーアート,牝3,54.0,黛弘人,1:10.3,1/2,54.1,12.0,420(0),[東] 小野次郎,202301010503
4,8,15,コパカバーナビーチ,牝3,54.0,武豊,1:10.4,1/2,27.4,8.0,420(-4),[東] 中野栄治,202301010503
5,4,8,アフターグロウ,牝3,54.0,横山武史,1:10.4,ハナ,14.1,7.0,434(-10),[東] 宗像義忠,202301010503
6,4,7,キボウノワダチ,牝3,53.0,角田大和,1:10.5,1/2,420.3,16.0,454(+4),[西] 藤岡健一,202301010503
7,6,12,ハイアーレルム,牝3,54.0,北村友一,1:10.5,クビ,7.7,2.0,476(-4),[西] 安田隆行,202301010503
8,7,14,トリプルウイナー,牡3,54.0,佐々木大,1:10.6,アタマ,11.4,4.0,440(-2),[西] 佐々木晶,202301010503
9,8,16,ブランディー,牝3,51.0,土田真翔,1:10.6,クビ,30.2,10.0,434(+6),[東] 和田雄二,202301010503
10,6,11,アナザームーン,牡3,56.0,柴田善臣,1:10.7,クビ,101.0,14.0,456(+2),[東] 水野貴広,202301010503
11,3,5,クツワファミリー,牡3,56.0,富田暁,1:10.7,ハナ,207.1,15.0,476(0),[東] 岩戸孝樹,202301010503
12,2,4,ミレディ,牝3,54.0,丹内祐次,1:10.8,1/2,12.1,5.0,448(-4),[東] 田島俊明,202301010503
13,5,9,ビスケット,牝3,54.0,鮫島克駿,1:10.8,アタマ,65.4,13.0,448(0),[東] 和田正一,202301010503
14,2,3,ザプリティーアスク,牝3,53.0,松本大輝,1:10.8,ハナ,29.2,9.0,494(0),[西] 中内田充,202301010503
15,3,6,ゴコウサス,牡3,56.0,浜中俊,1:10.8,ハナ,36.4,11.0,458(+2),[西] 笹田和秀,202301010503
16,1,1,ソニックライト,牝3,54.0,ルメール,1:10.9,1/2,1.9,1.0,472(-2),[西] 森田直行,202301010503
1,4,5,ポワンキュルミナン,牡3,56.0,鮫島克駿,1:44.7,,3.9,2.0,416(-12),[西] 岡田稲男,202301010504
2,5,7,イリュージョン,牝3,54.0,横山和生,1:45.2,3.1/2,2.5,1.0,466(+2),[東] 西田雄一,202301010504
3,5,8,デルマコテナゲ,牡3,53.0,小林勝太,1:45.9,4,247.9,14.0,468(-6),[東] 小野次郎,202301010504
4,7,12,ミスティックパワー,牡3,56.0,池添謙一,1:46.0,1/2,10.5,4.0,496(+4),[西] 新谷功一,202301010504
5,3,3,ポルトドール,牡3,56.0,武豊,1:46.1,クビ,3.9,3.0,476(+2),[西] 池江泰寿,202301010504
6,7,11,ルージュミシェル,牝3,54.0,北村友一,1:46.2,3/4,11.6,5.0,432(+14),[西] 平田修,202301010504
7,8,13,エイシンエラン,牡3,56.0,荻野琢真,1:46.2,クビ,25.5,7.0,474(+12),[西] 大久保龍,202301010504
8,4,6,フィールザクラウン,牡3,56.0,吉田隼人,1:46.2,アタマ,35.3,8.0,428(-8),[東] 伊藤大士,202301010504
9,3,4,エイチエヌバンピー,牡3,56.0,山田敬士,1:46.3,1/2,223.5,13.0,436(+6),[東] 小桧山悟,202301010504
10,2,2,コンスピキュアス,牡3,56.0,丹内祐次,1:46.4,クビ,40.5,9.0,446(+4),[東] 栗田徹,202301010504
11,8,14,フィオーレシチー,牡3,55.0,松本大輝,1:46.8,2.1/2,20.5,6.0,456(0),[西] 西園正都,202301010504
12,1,1,ホットチョコ,牝3,52.0,佐々木大,1:48.4,10,136.5,10.0,468(+4),[西] 牧田和弥,202301010504
13,6,9,リリーブースター,牡3,55.0,小沢大仁,1:49.3,5,211.5,12.0,536(+2),[西] 緒方努,202301010504
14,6,10,シンギュラチャーム,牝3,50.0,古川奈穂,1:51.3,大,174.7,11.0,408(-10),[東] 池上昌和,202301010504
1,6,6,アスクアイルビゼア,牡2,51.0,古川奈穂,1:11.6,,8.2,4.0,452(0),[西] 矢作芳人,202301010505
2,4,4,ゴールデンスイープ,牝2,53.0,佐々木大,1:11.6,ハナ,9.2,5.0,422(0),[東] 黒岩陽一,202301010505
3,7,7,アレンジャー,牡2,55.0,横山典弘,1:11.8,1,2.7,1.0,466(0),[西] 昆貢,202301010505
4,3,3,カズトシクン,牡2,55.0,池添謙一,1:11.8,ハナ,6.1,3.0,488(0),[西] 渡辺薫彦,202301010505
5,8,10,ズバットマサムネ,牡2,55.0,浜中俊,1:12.1,1.3/4,3.5,2.0,464(0),[西] 杉山佳明,202301010505
6,2,2,ランフォーリリーズ,牝2,52.0,鷲頭虎太,1:12.2,1,68.2,9.0,410(0),[西] 牧田和弥,202301010505
7,7,8,キックアーサー,牝2,52.0,小林勝太,1:12.5,1.3/4,23.6,7.0,454(0),[東] 加藤士津,202301010505
8,8,9,ミッドナッツソル,牝2,55.0,鮫島克駿,1:13.3,5,29.6,8.0,432(0),[西] 中村直也,202301010505
9,5,5,プティキャドウ,牝2,54.0,横山琉人,1:13.5,1.1/4,83.4,10.0,376(0),[東] 高橋文雅,202301010505
10,1,1,アルーリングソレル,牝2,55.0,荻野琢真,1:14.3,5,18.4,6.0,448(0),[西] 須貝尚介,202301010505
1,8,15,ホウオウバーナード,牡3,56.0,横山武史,2:03.5,,2.5,1.0,398(-2),[東] 高柳瑞樹,202301010506
2,7,14,コスモオピニオン,牡3,56.0,丹内祐次,2:03.6,クビ,10.5,5.0,498(+4),[東] 黒岩陽一,202301010506
3,1,1,アオラキ,牡3,53.0,鷲頭虎太,2:03.6,クビ,27.6,8.0,454(+2),[東] 田村康仁,202301010506
4,6,12,アッシュフォード,牡3,56.0,池添謙一,2:03.7,1/2,28.9,9.0,464(0),[西] 西園翔太,202301010506
5,6,11,アイヲヨブテーラー,牝3,54.0,富田暁,2:03.7,クビ,5.2,2.0,478(+6),[西] 河内洋,202301010506
6,2,4,デシマルサーガ,牡3,56.0,勝浦正樹,2:04.0,1.1/2,156.6,14.0,470(0),[東] 粕谷昌央,202301010506
7,3,5,ラバタンシン,牡3,53.0,今村聖奈,2:04.2,1.1/2,5.8,3.0,480(0),[西] 寺島良,202301010506
8,1,2,ダイシンベスパ,牝3,54.0,森裕太朗,2:04.2,アタマ,8.3,4.0,376(0),[西] 吉田直弘,202301010506
9,3,6,オセアジェネシス,牡3,56.0,浜中俊,2:04.3,3/4,47.5,11.0,450(-2),[東] 加藤征弘,202301010506
10,8,16,クリノマイスター,牡3,55.0,小沢大仁,2:04.4,1/2,52.8,12.0,480(+2),[西] 中尾秀正,202301010506
11,7,13,ハットリ,牡3,55.0,角田大和,2:04.5,1/2,278.2,16.0,510(+6),[西] 吉村圭司,202301010506
12,5,10,エアアレクサンドラ,牝3,54.0,武豊,2:04.6,1/2,16.2,6.0,448(-2),[東] 田中博康,202301010506
13,5,9,コトシロ,牝3,54.0,松田大作,2:04.7,3/4,29.4,10.0,482(0),[東] 尾形和幸,202301010506
14,4,8,カンパナーダス,牡3,53.0,小林勝太,2:05.1,2.1/2,254.2,15.0,488(-2),[東] 久保田貴,202301010506
15,2,3,サーキュラーキー,牡3,56.0,横山和生,2:06.2,7,24.4,7.0,474(-2),[東] 古賀慎明,202301010506
16,4,7,ツィスカリーゼ,牡3,56.0,古川吉洋,2:06.2,クビ,57.6,13.0,430(+6),[西] 牧田和弥,202301010506
1,5,6,スカンジナビア,牝4,56.0,北村友一,1:44.5,,3.9,1.0,474(+4),[西] 四位洋文,202301010507
2,7,10,ベルシャンソン,牝3,53.0,横山武史,1:44.5,アタマ,14.1,8.0,466(-8),[東] 西田雄一,202301010507
3,3,3,ルージュシェノン,牝4,54.0,佐々木大,1:44.9,2.1/2,9.5,5.0,452(+18),[西] 石坂公一,202301010507
4,8,13,ミッキーマカロン,牝3,53.0,池添謙一,1:45.1,3/4,10.7,6.0,428(+6),[西] 大久保龍,202301010507
5,7,11,タガノチョコラータ,牝3,50.0,小林勝太,1:45.5,2.1/2,11.8,7.0,512(+8),[西] 角田晃一,202301010507
6,4,5,タマモタップダンス,牝4,54.0,小林凌大,1:45.7,1.1/2,4.7,3.0,502(0),[東] 伊藤圭三,202301010507
7,6,9,アロットドリーム,牝3,50.0,今村聖奈,1:46.0,1.3/4,9.5,4.0,440(+8),[西] 本田優,202301010507
8,1,1,ガレットジョーカー,牝4,53.0,大久保友,1:46.4,2,374.2,13.0,458(-2),[西] 宮徹,202301010507
9,8,12,ヴァルドマルヌ,牝4,55.0,横山琉人,1:46.6,1.1/4,191.2,12.0,414(0),[東] 大和田成,202301010507
10,6,8,アステロイドメア,牝3,53.0,丹内祐次,1:46.6,クビ,4.2,2.0,478(-2),[東] 武市康男,202301010507
11,4,4,チュウワモーニング,牝3,52.0,角田大和,1:48.0,8,16.7,9.0,448(-2),[西] 小崎憲,202301010507
12,2,2,エリカキルシェ,牝3,50.0,古川奈穂,1:48.4,2.1/2,113.0,11.0,454(0),[東] 宮田敬介,202301010507
13,5,7,サンランシング,牝5,56.0,古川吉洋,1:48.6,1.1/4,68.1,10.0,484(-2),[東] 堀内岳志,202301010507
1,7,10,ゴッドファーザー,牡3,55.0,横山和生,1:49.2,,3.2,2.0,508(0),[東] 萩原清,202301010508
2,2,2,ノレッジビューティ,牝3,53.0,横山武史,1:49.6,2,5.1,3.0,442(-8),[西] 上村洋行,202301010508
3,8,13,ヤングローゼス,セ3,55.0,ルメール,1:49.7,1,2.5,1.0,496(-6),[東] 手塚貴久,202301010508
4,1,1,マテンロウジョイ,牡3,55.0,横山典弘,1:49.8,3/4,26.8,7.0,454(+6),[西] 四位洋文,202301010508
5,6,9,パンデアスカル,牡3,55.0,北村友一,1:49.9,1/2,12.8,5.0,500(-4),[西] 高野友和,202301010508
6,4,5,アレナリア,牝4,54.0,佐々木大,1:49.9,アタマ,18.1,6.0,422(0),[西] 西園翔太,202301010508
7,8,12,ヘニータイフーン,牝3,53.0,鮫島克駿,1:50.0,クビ,50.1,9.0,476(-4),[西] 中村直也,202301010508
8,5,6,ジューンレインボー,牝4,56.0,松田大作,1:50.0,クビ,36.1,8.0,444(+8),[西] 武英智,202301010508
9,5,7,コスモエクスプレス,牡4,58.0,丹内祐次,1:50.5,3,11.4,4.0,476(+2),[東] 松永康利,202301010508
10,6,8,バレンタインソング,牡3,52.0,今村聖奈,1:50.6,クビ,60.5,10.0,456(0),[西] 小崎憲,202301010508
11,3,3,マカンマカン,牡4,58.0,浜中俊,1:50.6,クビ,109.9,12.0,462(-10),[西] 音無秀孝,202301010508
12,7,11,ラエール,牝4,54.0,小林凌大,1:50.7,クビ,79.1,11.0,398(0),[東] 土田稔,202301010508
13,4,4,サンマルディライト,牡4,55.0,小林勝太,1:50.7,ハナ,350.5,13.0,468(-2),[東] 牧光二,202301010508
1,3,3,フェアエールング,牝3,53.0,丹内祐次,2:01.9,,3.9,2.0,440(+6),[東] 和田正一,202301010509
2,1,1,ウインスノーライト,牡3,55.0,長岡禎仁,2:02.3,2.1/2,12.1,6.0,472(-8),[西] 杉山晴紀,202301010509
3,6,6,マリネロ,牝4,56.0,横山武史,2:02.6,1.3/4,6.4,3.0,430(-4),[東] 嘉藤貴行,202301010509
4,8,8,バガン,牡5,58.0,富田暁,2:02.6,クビ,11.7,5.0,472(+2),[西] 野中賢二,202301010509
5,5,5,ジーニアスバローズ,牡3,55.0,池添謙一,2:03.2,3.1/2,7.9,4.0,464(+4),[西] 辻野泰之,202301010509
6,8,9,セレンディピティ,牡3,55.0,ルメール,2:03.4,1.1/4,2.0,1.0,498(+18),[西] 音無秀孝,202301010509
7,4,4,タイセイクラージュ,セ3,55.0,吉田隼人,2:03.4,アタマ,56.8,8.0,436(-26),[西] 矢作芳人,202301010509
8,2,2,エルバルーチェ,牝6,56.0,佐々木大,2:03.4,クビ,35.2,7.0,474(0),[東] 西田雄一,202301010509
9,7,7,グラヴィテ,牝5,56.0,鮫島克駿,2:07.7,大,99.2,9.0,494(0),[西] 鮫島一歩,202301010509
1,7,12,ローズスター,牡3,54.0,横山武史,1:44.4,,3.3,1.0,460(0),[西] 上村洋行,202301010510
2,5,7,スズカマジェスタ,牡4,55.0,吉田隼人,1:44.4,クビ,32.3,8.0,440(+8),[西] 須貝尚介,202301010510
3,6,10,イーサンバーニング,牡4,55.0,今村聖奈,1:44.5,クビ,39.5,11.0,504(-4),[東] 中野栄治,202301010510
4,2,2,サヴァビアン,牡5,56.0,小林凌大,1:44.5,クビ,22.7,7.0,436(+6),[西] 羽月友彦,202301010510
5,3,4,ロイガヴェーグル,牡3,54.0,北村友一,1:44.5,ハナ,3.4,2.0,436(-4),[西] 浜田多実,202301010510
6,8,14,シンヨモギネス,牡5,57.0,丹内祐次,1:44.7,1,7.9,4.0,476(-6),[東] 伊藤圭三,202301010510
7,8,13,オクトニオン,牡4,55.0,富田暁,1:44.7,クビ,11.1,6.0,540(+4),[東] 斎藤誠,202301010510
8,6,9,エンプレスペイ,牝3,52.0,佐々木大,1:44.8,3/4,8.1,5.0,430(-4),[西] 武幸四郎,202301010510
9,4,5,ピオノノ,牡6,56.0,浜中俊,1:44.9,クビ,33.1,9.0,516(-10),[東] 奥村武,202301010510
10,1,1,ファーストソリスト,牝5,52.0,角田大和,1:45.0,1/2,210.9,14.0,494(+8),[西] 吉村圭司,202301010510
11,7,11,ユウゲン,牡6,55.0,池添謙一,1:45.0,クビ,38.0,10.0,510(-4),[西] 橋口慎介,202301010510
12,5,8,マテンロウルビー,牝5,52.0,小沢大仁,1:45.0,クビ,64.3,12.0,460(+6),[西] 野中賢二,202301010510
13,4,6,フォーワンセルフ,牡4,56.0,武豊,1:45.2,1.1/4,7.5,3.0,526(-2),[東] 小桧山悟,202301010510
14,3,3,ラッキーモー,セ5,55.0,藤岡佑介,1:48.3,大,64.5,13.0,446(-6),[西] 松永幹夫,202301010510
1,4,6,ブローザホーン,牡4,57.0,岩田康誠,2:42.0,,2.3,1.0,422(-6),[東] 中野栄治,202301010511
2,8,14,アケルナルスター,牡4,57.0,丹内祐次,2:43.0,6,8.3,4.0,472(-4),[東] 清水英克,202301010511
3,5,7,ダンディズム,セ7,57.0,富田暁,2:43.1,アタマ,18.6,6.0,470(+4),[西] 野中賢二,202301010511
4,8,13,ジェットモーション,セ7,57.0,藤岡佑介,2:43.1,アタマ,36.4,8.0,550(+4),[西] 藤岡健一,202301010511
5,7,12,シルブロン,牡5,57.0,ルメール,2:43.1,クビ,4.1,2.0,506(+12),[東] 稲垣幸雄,202301010511
6,6,9,サトノエルドール,牡7,58.0,池添謙一,2:43.2,クビ,81.7,12.0,474(-2),[東] 国枝栄,202301010511
7,5,8,サンアップルトン,牡7,57.0,柴田善臣,2:43.4,1.1/4,74.5,11.0,474(-2),[東] 中野栄治,202301010511
8,3,3,レッドジェニアル,セ7,58.0,横山琉人,2:43.8,2.1/2,229.1,13.0,480(+4),[西] 高橋義忠,202301010511
9,1,1,ベスビアナイト,セ6,57.0,柴山雄一,2:44.0,1.1/4,54.4,10.0,496(-6),[東] 国枝栄,202301010511
10,3,4,キングオブドラゴン,牡6,58.0,吉田隼人,2:44.4,2,6.5,3.0,520(+16),[西] 矢作芳人,202301010511
11,4,5,ボスジラ,牡7,59.0,横山武史,2:44.8,2.1/2,9.6,5.0,508(+6),[東] 国枝栄,202301010511
12,6,10,シークレットラン,牡7,57.0,古川吉洋,2:44.9,1/2,316.6,14.0,508(-2),[西] 村山明,202301010511
13,7,11,プライドランド,牡7,57.0,北村友一,2:46.8,大,20.9,7.0,482(+6),[西] 高野友和,202301010511
14,2,2,カウディーリョ,セ7,58.0,佐々木大,2:59.9,大,45.6,9.0,434(-10),[東] 堀宣行,202301010511
1,1,1,ディヴァージオン,牝3,50.0,小林勝太,1:30.9,,58.0,11.0,444(-10),[西] 藤岡健一,202301010512
2,4,5,キョウエイブリッサ,牡3,55.0,丹内祐次,1:30.9,ハナ,5.0,3.0,470(-10),[東] 武市康男,202301010512
3,6,10,ルージュイストリア,牝3,53.0,池添謙一,1:31.2,1.1/2,16.4,8.0,454(-8),[東] 大竹正博,202301010512
4,7,11,マルカシャルマン,牝3,50.0,今村聖奈,1:31.2,クビ,25.2,10.0,420(-8),[西] 浜田多実,202301010512
5,3,4,オックスリップ,牝3,53.0,鮫島克駿,1:31.2,アタマ,7.9,4.0,456(-4),[西] 杉山晴紀,202301010512
6,8,13,エマヌエーレ,牡3,55.0,北村友一,1:31.3,1/2,8.5,5.0,496(0),[西] 平田修,202301010512
7,5,7,ハリウッドヒルズ,牡6,58.0,横山和生,1:31.4,1/2,15.7,7.0,492(0),[東] 田中博康,202301010512
8,7,12,ヴァンガーズハート,牡4,58.0,横山武史,1:31.5,1/2,3.7,1.0,526(-6),[東] 鹿戸雄一,202301010512
9,6,9,マイネルフォルツァ,牡3,53.0,佐々木大,1:31.5,ハナ,4.9,2.0,488(-6),[東] 金成貴史,202301010512
10,4,6,エコログロリアス,セ4,57.0,小沢大仁,1:31.5,クビ,219.3,14.0,472(+4),[東] 加藤征弘,202301010512
11,8,14,クファシル,牡3,55.0,藤岡佑介,1:31.5,アタマ,23.8,9.0,492(+4),[西] 池添学,202301010512
12,5,8,コンチトーホク,牡3,54.0,横山琉人,1:31.8,1.3/4,92.0,12.0,472(+4),[東] 勢司和浩,202301010512
13,2,2,バーミリオンクリフ,牡4,58.0,吉田隼人,1:32.1,1.1/2,10.1,6.0,488(+2),[東] 金成貴史,202301010512
14,3,3,キーチズカンパニー,牡4,54.0,古川奈穂,1:32.3,1.1/2,186.9,13.0,482(+4),[東] 小手川準,202301010512
1,4,5,レーヴジーニアル,牡2,55.0,武豊,1:33.1,,5.1,2.0,474(+2),[西] 松永幹夫,202301010601
2,8,13,カレンナオトメ,牝2,55.0,黛弘人,1:33.2,クビ,3.8,1.0,412(+2),[東] 小野次郎,202301010601
3,8,14,ピューロマジック,牝2,55.0,斎藤新,1:33.3,3/4,49.3,10.0,460(0),[西] 安田隆行,202301010601
4,4,6,オレンジダンサー,牝2,55.0,西村淳也,1:33.6,2,7.2,4.0,418(-4),[西] 高野友和,202301010601
5,5,7,フォーディアライフ,牡2,55.0,吉田隼人,1:34.1,3,6.4,3.0,516(+4),[西] 武幸四郎,202301010601
6,3,4,ショウナンマントル,牡2,55.0,池添謙一,1:34.3,1.1/2,7.9,5.0,456(-2),[西] 新谷功一,202301010601
7,6,10,サンディビーチ,牡2,54.0,横山琉人,1:34.9,3.1/2,50.0,11.0,454(-2),[東] 伊藤大士,202301010601
8,7,12,レイニングキャット,牡2,55.0,丹内祐次,1:35.2,2,12.5,7.0,490(+20),[東] 岩戸孝樹,202301010601
9,3,3,ラシェンテ,牝2,55.0,和田翼,1:35.6,2.1/2,11.3,6.0,442(-4),[西] 谷潔,202301010601
10,5,8,ネガイヲカナエテ,牝2,52.0,小林勝太,1:35.7,クビ,38.3,9.0,424(0),[東] 杉浦宏昭,202301010601
11,1,1,ウィスピースノー,牝2,55.0,浜中俊,1:36.4,4,17.6,8.0,446(+12),[西] 今野貞一,202301010601
12,2,2,センタービット,牡2,51.0,古川奈穂,1:36.4,アタマ,270.5,14.0,422(0),[東] 浅野洋一,202301010601
13,7,11,キチロクサクラ,牝2,53.0,小林凌大,1:36.5,1/2,257.4,13.0,418(-4),[東] 松永康利,202301010601
14,6,9,プレイフォーエフ,牝2,55.0,富田暁,1:37.7,7,70.3,12.0,448(+10),[東] 青木孝文,202301010601
1,8,13,メイショウシナノ,牡3,55.0,小沢大仁,1:45.8,,5.8,2.0,482(+4),[西] 大橋勇樹,202301010602
2,6,9,ルーラーリッチ,セ3,56.0,石川倭,1:46.5,4,10.8,7.0,478(-4),[東] 小島茂之,202301010602
3,4,6,ジラルデ,牡3,56.0,池添謙一,1:46.8,1.3/4,7.5,4.0,460(-8),[西] 飯田祐史,202301010602
4,6,10,シホノインプルソ,牡3,56.0,鮫島克駿,1:46.8,ハナ,10.8,6.0,446(-4),[西] 杉山佳明,202301010602
5,1,1,オセアバトルプラン,牡3,56.0,横山武史,1:47.6,5,7.5,3.0,476(+4),[東] 菊川正達,202301010602
6,5,8,デルマアビセタオシ,牡3,52.0,古川奈穂,1:48.1,3,368.6,13.0,474(+2),[西] 牧田和弥,202301010602
7,7,11,ホウオウプレシャス,牡3,56.0,丹内祐次,1:48.1,アタマ,2.3,1.0,490(-6),[東] 栗田徹,202301010602
8,4,5,ダルジェント,牡3,56.0,藤岡佑介,1:48.2,1/2,26.8,8.0,446(-4),[西] 中内田充,202301010602
9,5,7,エピックヒーロー,牡3,56.0,西村淳也,1:48.4,1,43.0,9.0,480(+2),[東] 西田雄一,202301010602
10,7,12,アスピシャスデイ,牡3,54.0,佐々木大,1:48.6,1.1/4,9.3,5.0,452(-2),[東] 池上昌和,202301010602
11,8,14,チーフインザスカイ,牡3,53.0,土田真翔,1:49.0,2.1/2,216.0,12.0,424(+4),[東] 大和田成,202301010602
12,3,4,ヴォーグシャララ,牝3,52.0,小林凌大,1:49.9,5,393.9,14.0,416(-2),[東] 堀内岳志,202301010602
13,2,2,アイリスバローズ,牝3,54.0,菅原明良,1:50.2,1.3/4,52.9,10.0,470(+6),[西] 上村洋行,202301010602
14,3,3,メジャーエール,牝3,54.0,長岡禎仁,1:51.0,5,183.9,11.0,450(0),[東] 深山雅史,202301010602
1,3,4,トゥルブレンツ,牝3,52.0,佐々木大,2:05.6,,4.3,1.0,414(-4),[西] 小栗実,202301010603
2,5,8,スコプルス,牝3,54.0,丹内祐次,2:05.8,1.1/4,7.4,5.0,438(+14),[東] 中野栄治,202301010603
3,5,9,プレシャスストーン,牝3,53.0,松本大輝,2:05.9,クビ,36.9,12.0,394(+4),[東] 松山将樹,202301010603
4,7,12,クライノート,牝3,54.0,菅原明良,2:05.9,クビ,7.0,4.0,448(0),[東] 畠山吉宏,202301010603
5,4,7,コチョウラン,牝3,54.0,武豊,2:06.4,3,11.5,6.0,468(+10),[東] 蛯名正義,202301010603
6,1,1,ダンスベルレーヌ,牝3,54.0,横山典弘,2:06.6,1.1/2,18.0,8.0,424(-8),[西] 昆貢,202301010603
7,8,14,カップコルス,牝3,54.0,横山武史,2:06.7,クビ,5.2,3.0,438(+2),[東] 高柳瑞樹,202301010603
8,7,13,プリマウェイ,牝3,54.0,山田敬士,2:06.7,アタマ,32.9,11.0,454(+8),[東] 深山雅史,202301010603
9,6,11,ピースオブザライフ,牝3,54.0,富田暁,2:06.9,1,5.2,2.0,478(+2),[西] 野中賢二,202301010603
10,6,10,ブリーゼ,牝3,51.0,小林勝太,2:07.1,1.1/4,271.7,15.0,410(+2),[東] 鈴木慎太,202301010603
11,3,5,アムブロシアー,牝3,54.0,亀田温心,2:07.4,1.3/4,14.7,7.0,436(+14),[西] 大久保龍,202301010603
12,8,15,サティンボディス,牝3,54.0,鮫島克駿,2:07.4,ハナ,22.4,9.0,476(+2),[東] 栗田徹,202301010603
13,2,2,アンブレラダンス,牝3,54.0,横山和生,2:07.5,3/4,28.4,10.0,440(-2),[東] 和田勇介,202301010603
14,2,3,クイーンディーン,牝3,54.0,黛弘人,2:08.1,3.1/2,221.6,14.0,472(-2),[東] 石毛善彦,202301010603
15,4,6,パクパクデスワ,牝3,50.0,古川奈穂,2:08.4,1.1/2,115.2,13.0,420(0),[西] 高橋康之,202301010603
1,8,14,メリタテス,牝3,50.0,古川奈穂,1:45.3,,6.7,3.0,436(+2),[西] 矢作芳人,202301010604
2,3,3,ノッテルーナ,牝3,54.0,古川吉洋,1:46.7,8,9.8,5.0,448(-2),[西] 宮本博,202301010604
3,8,13,グッドルックス,牡3,54.0,佐々木大,1:46.8,1/2,17.2,6.0,512(-2),[東] 竹内正洋,202301010604
4,2,2,ニシノシャイニング,牡3,56.0,菅原明良,1:46.8,クビ,6.7,2.0,430(0),[東] 中野栄治,202301010604
5,6,10,マンティコア,牡3,56.0,西村淳也,1:46.8,クビ,6.9,4.0,520(-2),[西] 鮫島一歩,202301010604
6,6,9,ウィンクルティアラ,牝3,54.0,富田暁,1:47.2,2.1/2,32.6,8.0,440(+2),[東] 辻哲英,202301010604
7,4,5,モルフェブーケ,牝3,54.0,亀田温心,1:47.3,3/4,193.6,13.0,438(-2),[東] 本間忍,202301010604
8,7,11,クルメミッチー,牡3,53.0,小林勝太,1:47.4,1/2,103.6,10.0,480(+11),[東] 鈴木伸尋,202301010604
9,4,6,テイエムリオンディ,牡3,54.0,小林凌大,1:47.6,3/4,154.7,12.0,484(-4),[東] 石栗龍彦,202301010604
10,5,7,ロジドレフォン,牡3,56.0,横山和生,1:47.7,1/2,119.6,11.0,504(-2),[東] 古賀慎明,202301010604
11,7,12,ジョーエスポワール,牡3,56.0,ルメール,1:48.6,5,1.8,1.0,474(-4),[西] 清水久詞,202301010604
12,5,8,デルマオクリダシ,牡3,53.0,鷲頭虎太,1:48.9,1.3/4,245.7,14.0,468(+8),[東] 菊沢隆徳,202301010604
13,3,4,ゴルトレオパルト,牡3,56.0,丹内祐次,1:48.9,アタマ,24.1,7.0,490(0),[東] 高木登,202301010604
14,1,1,レッドマグナス,牡3,55.0,小沢大仁,1:49.8,5,91.9,9.0,484(-4),[西] 緒方努,202301010604
1,4,4,ガイアメンテ,牡2,55.0,武豊,1:52.4,,1.4,1.0,482(0),[西] 須貝尚介,202301010605
2,7,7,コルレオニス,牡2,55.0,ルメール,1:52.8,2,4.0,2.0,442(0),[西] 友道康夫,202301010605
3,2,2,ミスマテンロウ,牝2,55.0,横山典弘,1:53.5,4,6.9,3.0,494(0),[西] 昆貢,202301010605
4,3,3,タイセイレスポンス,牡2,55.0,横山和生,1:53.8,1.3/4,12.8,4.0,488(0),[西] 安田翔伍,202301010605
5,6,6,マツシマ,牡2,55.0,丹内祐次,1:55.1,8,20.6,5.0,514(0),[東] 尾形和幸,202301010605
6,5,5,アドアプローズ,牡2,55.0,石川倭,1:55.9,5,109.7,7.0,434(0),[東] 小桧山悟,202301010605
7,1,1,マシュー,牡2,53.0,佐々木大,1:56.7,5,42.9,6.0,454(0),[東] 小桧山悟,202301010605
1,7,12,ジーククローネ,牡3,54.0,佐々木大,2:48.3,,4.6,3.0,454(-8),[東] 宮田敬介,202301010606
2,6,10,ドラゴンヘッド,牡3,56.0,富田暁,2:48.3,クビ,7.2,4.0,446(+2),[東] 武藤善則,202301010606
3,4,5,ウインユアソング,牡3,56.0,石川倭,2:48.4,1/2,52.5,9.0,464(0),[東] 松山将樹,202301010606
4,3,3,カナオールウェイズ,牡3,56.0,藤岡佑介,2:48.7,1.3/4,3.4,2.0,508(+8),[西] 藤岡健一,202301010606
5,8,14,ヤマブキ,牡3,56.0,黛弘人,2:49.0,1.1/2,34.8,8.0,484(+6),[東] 伊藤伸一,202301010606
6,2,2,スリアンヴォス,牡3,53.0,土田真翔,2:49.0,クビ,118.1,12.0,490(0),[東] 和田雄二,202301010606
7,4,6,タッチャブル,牡3,56.0,丹内祐次,2:49.4,2.1/2,9.2,5.0,516(-2),[東] 宮田敬介,202301010606
8,1,1,リコッチ,牝3,54.0,横山和生,2:49.6,3/4,3.2,1.0,468(+12),[西] 四位洋文,202301010606
9,8,13,ノエマ,牡3,56.0,斎藤新,2:49.8,1.1/2,15.1,6.0,488(-4),[西] 平田修,202301010606
10,7,11,エアミュニュレ,牡3,53.0,今村聖奈,2:50.0,3/4,31.0,7.0,478(0),[西] 新谷功一,202301010606
11,3,4,マイネルツァーリ,牡3,54.0,小林凌大,2:52.5,大,119.0,13.0,484(-4),[東] 水野貴広,202301010606
12,5,8,クリスマスディナー,セ3,56.0,横山典弘,2:53.2,4,105.9,11.0,426(-6),[東] 和田勇介,202301010606
13,6,9,カミノモラド,牡3,56.0,菅原明良,2:54.3,7,69.9,10.0,532(-4),[東] 矢野英一,202301010606
除,5,7,スリーミスラピス,牝3,54.0,西村淳也,,,---,,462(-12),[西] 中竹和也,202301010606
1,5,6,サンダビューク,牡4,58.0,石川倭,0:59.3,,37.2,11.0,454(-6),[東] 蛯名利弘,202301010607
2,5,5,フクノワカバ,牝3,54.0,鮫島克駿,0:59.3,アタマ,21.3,7.0,446(+6),[西] 杉山佳明,202301010607
3,8,12,クロンヌドラレーヌ,牝4,54.0,佐々木大,0:59.3,クビ,25.7,8.0,452(+16),[東] 奥平雅士,202301010607
4,7,10,アカザ,牝4,53.0,鷲頭虎太,0:59.4,1/2,3.5,2.0,444(-2),[東] 伊坂重信,202301010607
5,4,4,ナムラジョシュア,牡3,56.0,長岡禎仁,0:59.5,クビ,10.9,6.0,470(0),[西] 羽月友彦,202301010607
6,2,2,カップッチョ,牡6,58.0,黛弘人,0:59.6,クビ,28.8,10.0,488(-2),[東] 石毛善彦,202301010607
7,8,11,グランデ,牡4,55.0,今村聖奈,0:59.7,1/2,7.0,3.0,470(-4),[西] 吉田直弘,202301010607
8,6,7,レイデルマール,セ5,57.0,横山琉人,0:59.9,1.1/4,9.4,5.0,494(+1),[東] 相沢郁,202301010607
9,3,3,ミッキースピナッチ,牡3,56.0,浜中俊,0:59.9,ハナ,3.0,1.0,502(+2),[西] 音無秀孝,202301010607
10,1,1,ザアトム,牡4,57.0,松本大輝,1:00.0,1,8.3,4.0,494(-2),[東] 田島俊明,202301010607
11,7,9,コスモジョセフ,牡3,56.0,丹内祐次,1:00.0,ハナ,27.6,9.0,476(+4),[東] 伊藤大士,202301010607
12,6,8,メイム,牝5,56.0,山田敬士,1:00.7,4,412.2,12.0,416(+6),[東] 小桧山悟,202301010607
1,6,10,ナチュラルハイ,牡3,55.0,丹内祐次,1:45.5,,4.0,2.0,462(0),[東] 黒岩陽一,202301010608
2,5,8,クローズユアアイズ,牝4,56.0,横山和生,1:45.7,1.1/4,11.4,4.0,476(+28),[西] 昆貢,202301010608
3,7,11,アレクサ,牡3,55.0,斎藤新,1:46.0,1.3/4,13.0,6.0,494(+4),[東] 斎藤誠,202301010608
4,3,4,ブラックルパン,牡4,58.0,黛弘人,1:46.0,クビ,373.5,14.0,552(+2),[東] 石毛善彦,202301010608
5,5,7,トニトゥルス,牡3,55.0,菅原明良,1:46.1,クビ,12.6,5.0,474(+4),[東] 新開幸一,202301010608
6,4,6,ミユキザストロング,牡4,58.0,勝浦正樹,1:46.1,アタマ,113.9,12.0,538(-4),[東] 小西一男,202301010608
7,6,9,メイクザビート,牡3,55.0,吉田隼人,1:46.5,2,2.8,1.0,488(-4),[西] 西園正都,202301010608
8,2,2,フクノエヴリー,牡4,58.0,石川倭,1:46.6,1/2,19.5,8.0,536(+6),[東] 堀内岳志,202301010608
9,3,3,コンプラセンシア,牝3,50.0,古川奈穂,1:46.7,3/4,4.1,3.0,484(+8),[西] 田中克典,202301010608
10,8,14,ゴンドワナ,牡3,54.0,横山琉人,1:46.8,1/2,102.6,11.0,492(+16),[東] 小島茂之,202301010608
11,8,13,ハヤブサウィッシュ,牡4,58.0,川又賢治,1:46.9,3/4,204.3,13.0,468(-2),[西] 吉村圭司,202301010608
12,4,5,マメコ,牝4,56.0,富田暁,1:47.6,4,18.5,7.0,448(+4),[西] 武英智,202301010608
13,1,1,レッドヴァイス,セ5,56.0,佐々木大,1:48.2,3.1/2,80.5,10.0,494(-2),[西] 高橋義忠,202301010608
14,7,12,グスタール,牡3,52.0,小林勝太,1:51.5,大,55.3,9.0,468(0),[東] 粕谷昌央,202301010608
1,1,1,レイトカンセイオー,牡4,58.0,横山武史,1:51.5,,3.7,2.0,470(-2),[東] 和田勇介,202301010609
2,3,3,ウインシュクラン,セ5,58.0,丹内祐次,1:51.6,クビ,16.1,6.0,470(+8),[東] 鹿戸雄一,202301010609
3,6,7,キミノナハマリア,牝3,53.0,鮫島克駿,1:51.6,アタマ,2.1,1.0,492(+4),[西] 千田輝彦,202301010609
4,6,6,バールデュヴァン,牡3,55.0,古川吉洋,1:52.1,3,12.0,5.0,504(-2),[西] 浜田多実,202301010609
5,7,9,ヤマニンループ,牡4,58.0,横山典弘,1:52.2,1/2,4.9,3.0,444(+2),[西] 松永幹夫,202301010609
6,5,5,アトミカ,牝8,56.0,浜中俊,1:52.3,1/2,50.0,8.0,444(-6),[西] 笹田和秀,202301010609
7,8,10,オオキニ,牡4,58.0,藤岡佑介,1:52.3,ハナ,10.6,4.0,450(-2),[西] 鈴木孝志,202301010609
8,4,4,レディベル,牝4,56.0,古川奈穂,1:52.4,3/4,30.0,7.0,516(-2),[西] 矢作芳人,202301010609
9,7,8,ソールズベリー,牝4,56.0,長岡禎仁,1:52.9,3,92.6,10.0,456(-8),[東] 竹内正洋,202301010609
10,2,2,ヒデノレインボー,牡4,58.0,富田暁,1:53.7,5,77.0,9.0,486(+8),[西] 梅田智之,202301010609
11,8,11,アメリカンエール,牡5,58.0,佐々木大,1:54.5,5,127.8,11.0,514(+6),[東] 戸田博文,202301010609
1,7,8,シャークスポット,牡5,58.0,鮫島克駿,1:10.7,,8.2,6.0,464(0),[西] 高柳大輔,202301010610
2,2,2,テーオースパロー,牡4,58.0,西村淳也,1:10.8,3/4,19.5,7.0,490(-8),[西] 清水久詞,202301010610
3,4,4,アンビバレント,牡3,56.0,佐々木大,1:10.8,アタマ,5.0,2.0,466(+12),[東] 青木孝文,202301010610
4,8,11,クールムーア,牡3,56.0,丹内祐次,1:10.9,クビ,6.3,5.0,474(0),[東] 矢野英一,202301010610
5,6,7,ジャガード,牡5,58.0,亀田温心,1:11.1,1.1/4,120.7,10.0,414(-12),[東] 和田雄二,202301010610
6,3,3,アスクエピソード,牡3,56.0,藤岡佑介,1:11.1,アタマ,3.5,1.0,472(+2),[西] 藤原英昭,202301010610
7,7,9,ガリレイ,セ6,58.0,古川吉洋,1:11.3,1.1/4,25.1,8.0,510(-8),[西] 高橋亮,202301010610
8,1,1,トーセンサンダー,牡4,58.0,池添謙一,1:11.5,1.1/2,5.9,4.0,466(0),[東] 杉浦宏昭,202301010610
9,8,10,ヴィアドロローサ,牡4,58.0,横山和生,1:11.7,1.1/2,5.2,3.0,452(+4),[西] 安田隆行,202301010610
10,6,6,マサカウマザンマイ,牡5,58.0,黛弘人,1:12.0,1.3/4,149.2,11.0,490(0),[東] 青木孝文,202301010610
11,5,5,ルヴェルジェ,牝4,56.0,荻野琢真,1:14.1,大,41.4,9.0,468(-8),[西] 小林真也,202301010610
1,4,6,セキフウ,牡4,57.0,武豊,1:42.8,,12.3,6.0,488(-2),[西] 武幸四郎,202301010611
2,3,4,ワールドタキオン,牡5,57.0,斎藤新,1:42.9,1/2,8.4,4.0,508(0),[東] 斎藤誠,202301010611
3,5,8,ロッシュローブ,牡6,57.0,浜中俊,1:43.3,2.1/2,26.9,10.0,506(+2),[西] 田中克典,202301010611
4,7,12,ルコルセール,牡5,57.0,鮫島克駿,1:43.3,ハナ,8.5,5.0,518(0),[東] 堀宣行,202301010611
5,6,9,シルトプレ,牡4,57.0,石川倭,1:43.4,1/2,108.9,13.0,460(-2),[地] 米川昇,202301010611
6,6,10,カフジオクタゴン,牡4,58.0,池添謙一,1:43.5,1/2,24.8,9.0,550(+2),[西] 矢作芳人,202301010611
7,8,13,アシャカトブ,牡7,57.0,丹内祐次,1:43.6,1/2,15.6,7.0,506(-8),[東] 小笠倫弘,202301010611
8,1,1,ペイシャエス,牡4,59.0,菅原明良,1:43.8,1.1/4,22.6,8.0,498(-6),[東] 小西一男,202301010611
9,7,11,タイセイサムソン,牡5,57.0,横山和生,1:44.3,3,5.3,2.0,514(+6),[東] 奥村武,202301010611
10,8,14,ベレヌス,牡6,57.0,西村淳也,1:44.5,1,63.4,12.0,522(-2),[西] 杉山晴紀,202301010611
11,5,7,ロードブレス,牡7,58.0,横山武史,1:44.5,クビ,62.5,11.0,516(+6),[西] 奥村豊,202301010611
12,4,5,オーソリティ,牡6,58.0,ルメール,1:45.0,3,5.3,3.0,528(0),[東] 木村哲也,202301010611
13,3,3,ペプチドナイル,牡5,57.0,富田暁,1:45.0,ハナ,3.0,1.0,536(+6),[西] 武英智,202301010611
14,2,2,ファルコニア,牡6,58.0,吉田隼人,1:45.5,2.1/2,114.1,14.0,470(-2),[西] 高野友和,202301010611
1,1,2,タリア,牝3,52.0,佐々木大,1:10.7,,17.3,6.0,432(+6),[東] 矢野英一,202301010612
2,7,14,コーリングユー,牝4,56.0,ルメール,1:11.1,2.1/2,2.0,1.0,442(+2),[西] 安田隆行,202301010612
3,5,9,ホウオウエンジェル,牝6,56.0,丹内祐次,1:11.2,クビ,22.8,8.0,482(0),[東] 加藤和宏,202301010612
4,4,7,イイヒニナル,牝3,51.0,鷲頭虎太,1:11.2,アタマ,29.3,10.0,386(+2),[西] 千田輝彦,202301010612
5,1,1,ピースフルナイト,牝3,54.0,西村淳也,1:11.2,クビ,22.2,7.0,404(+2),[西] 高野友和,202301010612
6,4,8,シルバーダイヤ,牝3,54.0,横山和生,1:11.4,1.1/4,47.6,12.0,446(-8),[東] 小野次郎,202301010612
7,6,11,メリオルヴィータ,牝3,54.0,鮫島克駿,1:11.4,クビ,23.2,9.0,490(-2),[東] 池上昌和,202301010612
8,8,15,ネイキッドハート,牝4,56.0,斎藤新,1:11.6,1,36.3,11.0,440(0),[東] 辻哲英,202301010612
9,7,13,ランフリーバンクス,牝3,54.0,武豊,1:11.6,アタマ,7.3,2.0,432(+4),[西] 武幸四郎,202301010612
10,6,12,キャニオニング,牝5,56.0,勝浦正樹,1:11.6,アタマ,12.0,5.0,450(+8),[東] 村田一誠,202301010612
11,2,4,ダブルスナッチ,牝5,56.0,横山武史,1:11.7,1/2,7.3,3.0,436(-4),[東] 宗像義忠,202301010612
12,2,3,クリノリアルレディ,牝3,52.0,小林凌大,1:11.9,1.1/4,11.8,4.0,472(+8),[東] 伊藤伸一,202301010612
13,5,10,プラティナマリア,牝4,53.0,小林勝太,1:12.1,3/4,174.8,16.0,470(+6),[東] 稲垣幸雄,202301010612
14,3,5,ワイアウ,牝3,51.0,今村聖奈,1:12.3,1.1/2,71.1,14.0,464(+6),[西] 武幸四郎,202301010612
15,8,16,アイヲツグモノ,牝3,50.0,古川奈穂,1:12.4,3/4,64.9,13.0,508(+8),[西] 牧浦充徳,202301010612
16,3,6,クリノエンジェル,牝3,54.0,池添謙一,1:12.7,1.1/2,161.2,15.0,456(0),[西] 畑端省吾,202301010612
1,4,4,フユソウビ,牡2,55.0,丹内祐次,1:50.6,,12.9,6.0,448(+4),[東] 青木孝文,202301020101
2,8,8,ライフセービング,牡2,55.0,古川吉洋,1:50.6,アタマ,4.0,2.0,444(0),[西] 宮徹,202301020101
3,1,1,ミラキュラスドラマ,牡2,53.0,佐々木大,1:50.6,ハナ,2.3,1.0,454(0),[西] 杉山晴紀,202301020101
4,3,3,ヴィヴァクラウン,牡2,55.0,浜中俊,1:50.6,クビ,7.1,4.0,456(-6),[東] 杉浦宏昭,202301020101
5,7,7,サウンドノバ,牡2,55.0,吉田隼人,1:50.8,1.1/4,6.0,3.0,470(+2),[西] 安達昭夫,202301020101
6,6,6,カズヴィトシャ,牡2,55.0,横山武史,1:51.0,1.1/4,11.7,5.0,504(+14),[西] 高柳大輔,202301020101
7,8,9,サンデーダイヤ,牡2,55.0,斎藤新,1:51.6,3.1/2,107.9,8.0,490(-2),[東] 斎藤誠,202301020101
8,5,5,リアルカイザー,牡2,55.0,富田暁,1:51.9,2,36.3,7.0,468(0),[東] 松永康利,202301020101
9,2,2,リケアヴィオレ,牡2,54.0,角田大和,1:54.2,大,282.7,9.0,454(-4),[東] 蛯名利弘,202301020101
1,7,12,オシゲ,牝3,54.0,武豊,1:47.3,,2.8,1.0,486(+6),[西] 須貝尚介,202301020102
2,3,3,サンマルリアン,牝3,54.0,横山武史,1:47.4,3/4,4.7,3.0,430(+6),[東] 和田勇介,202301020102
3,8,13,ヘイチャンプ,牝3,51.0,鷲頭虎太,1:47.8,2.1/2,27.9,9.0,476(+2),[西] 吉村圭司,202301020102
4,4,5,ヴェロス,牝3,54.0,富田暁,1:48.4,3.1/2,12.1,5.0,466(+2),[西] 野中賢二,202301020102
5,4,6,ミハルンルン,牝3,50.0,古川奈穂,1:48.7,2,88.1,11.0,438(-2),[東] 中野栄治,202301020102
6,5,8,スプリングラヴ,牝3,54.0,荻野琢真,1:48.8,クビ,15.6,7.0,458(+4),[西] 小林真也,202301020102
7,5,7,キタノパッション,牝3,54.0,黛弘人,1:49.8,6,13.3,6.0,440(+14),[東] 石栗龍彦,202301020102
8,8,14,ナリサ,牝3,53.0,角田大和,1:50.0,1.1/4,26.3,8.0,458(+22),[西] 武幸四郎,202301020102
9,7,11,ホウオウヴィーナス,牝3,54.0,丹内祐次,1:50.1,3/4,85.5,10.0,514(+6),[東] 高木登,202301020102
10,1,1,ロイヤルナタール,牝3,52.0,佐々木大,1:50.5,2.1/2,4.4,2.0,412(+4),[西] 石坂公一,202301020102
11,3,4,ニシノツキアカリ,牝3,54.0,勝浦正樹,1:50.6,クビ,98.1,12.0,440(-12),[東] 水野貴広,202301020102
12,6,10,プルシアンブルー,牝3,53.0,小沢大仁,1:51.9,8,338.6,14.0,448(+2),[西] 本田優,202301020102
13,2,2,カンノーリ,牝3,54.0,鮫島克駿,1:52.1,3/4,7.4,4.0,432(+6),[西] 木原一良,202301020102
14,6,9,スウィフトアロー,牝3,53.0,松本大輝,1:53.1,6,288.1,13.0,486(+6),[東] 戸田博文,202301020102
1,8,11,イミュータブル,牡3,52.0,古川奈穂,0:59.8,,3.2,2.0,470(-4),[西] 浜田多実,202301020103
2,8,12,ビップナージャ,牝3,54.0,横山武史,0:59.9,1/2,2.6,1.0,422(-4),[東] 高柳瑞樹,202301020103
3,5,5,メイショウコウラン,牝3,52.0,佐々木大,0:59.9,クビ,37.6,9.0,410(+12),[西] 荒川義之,202301020103
4,1,1,ルソレイユ,牡3,56.0,松田大作,1:00.2,2,9.9,4.0,500(-12),[西] 北出成人,202301020103
5,6,8,メイショウライジン,牡3,55.0,小沢大仁,1:00.6,2.1/2,10.1,5.0,496(+22),[西] 荒川義之,202301020103
6,4,4,サンライズプライド,牡3,53.0,小林勝太,1:00.6,クビ,7.8,3.0,512(+6),[西] 安田隆行,202301020103
7,3,3,ジャズピアニスト,牝3,51.0,鷲頭虎太,1:00.7,1/2,14.7,6.0,462(0),[西] 坂口智康,202301020103
8,5,6,ラブソル,牝3,54.0,池添謙一,1:00.8,アタマ,14.9,7.0,410(+6),[西] 松永幹夫,202301020103
9,2,2,ヴェラグエリエロ,牡3,56.0,斎藤新,1:00.9,1/2,19.4,8.0,438(+2),[西] 高柳大輔,202301020103
10,7,10,ベルウッドムツ,牡3,55.0,横山琉人,1:00.9,クビ,95.8,11.0,454(+4),[東] 高橋文雅,202301020103
11,7,9,デルマツキオトシ,牡3,54.0,小林凌大,1:01.1,1.1/4,192.2,12.0,468(+8),[東] 的場均,202301020103
12,6,7,シーサイドヒロイン,牝3,54.0,丹内祐次,1:02.9,大,90.4,10.0,364(-6),[東] 武藤善則,202301020103
1,5,8,トウキチロウ,牡3,56.0,武豊,1:46.4,,3.2,1.0,484(+4),[東] 蛯名正義,202301020104
2,8,13,クレシューズ,牡3,56.0,池添謙一,1:46.5,3/4,4.0,3.0,442(+2),[西] 岡田稲男,202301020104
3,8,14,ヴェアリアス,牡3,55.0,松本大輝,1:47.7,7,7.5,4.0,492(-2),[西] 清水久詞,202301020104
4,7,12,ウインドワンピース,牡3,56.0,荻野琢真,1:48.0,2,52.8,11.0,500(-16),[西] 藤沢則雄,202301020104
5,3,3,ブレードランナー,牝3,54.0,丹内祐次,1:48.7,4,60.8,12.0,432(-6),[東] 尾関知人,202301020104
6,5,7,グレートキングベア,牡3,54.0,小林凌大,1:49.0,1.1/2,36.5,9.0,450(-2),[東] 鈴木伸尋,202301020104
7,4,6,パーリーブラック,牡3,56.0,鮫島克駿,1:49.1,1/2,13.6,5.0,474(+6),[東] 伊坂重信,202301020104
8,7,11,フレスコバンクール,牡3,56.0,横山武史,1:49.8,4,3.9,2.0,526(+26),[東] 武藤善則,202301020104
9,3,4,ギルデッドフレーム,牡3,53.0,鷲頭虎太,1:50.0,1,66.5,13.0,436(+2),[西] 坂口智康,202301020104
10,6,10,コリアンドリ,牝3,54.0,亀田温心,1:50.2,1.1/2,71.4,14.0,448(0),[西] 大久保龍,202301020104
11,4,5,シャンディエン,牡3,56.0,斎藤新,1:50.6,2.1/2,41.7,10.0,492(-4),[東] 林徹,202301020104
12,1,1,リュミヌーフィーユ,牝3,50.0,古川奈穂,1:50.8,1.1/4,31.0,7.0,510(+14),[西] 小崎憲,202301020104
13,2,2,ヤマニンドナティ,牡3,56.0,柴山雄一,1:50.9,1/2,33.4,8.0,564(-2),[西] 松永幹夫,202301020104
14,6,9,ライコウノキセキ,牡3,56.0,富田暁,1:52.5,10,18.3,6.0,472(0),[東] 栗田徹,202301020104
1,1,1,レアリゼアンレーヴ,牝2,55.0,武豊,1:30.8,,2.6,1.0,420(0),[西] 須貝尚介,202301020105
2,5,7,カリーシ,牝2,55.0,富田暁,1:30.9,1/2,5.7,3.0,444(0),[東] 武井亮,202301020105
3,4,4,シームレス,牝2,55.0,斎藤新,1:31.0,クビ,14.1,6.0,444(0),[西] 小林真也,202301020105
4,8,13,エクサビット,牝2,55.0,池添謙一,1:31.0,ハナ,4.4,2.0,450(0),[東] 萩原清,202301020105
5,2,2,ウインブリエ,牝2,55.0,丹内祐次,1:31.1,3/4,28.6,9.0,464(0),[東] 和田正一,202301020105
6,5,6,アイスノート,牝2,53.0,佐々木大,1:31.3,1.1/4,36.5,10.0,462(0),[西] 高橋義忠,202301020105
7,3,3,ポルラノーチェ,牝2,55.0,鮫島克駿,1:31.3,クビ,17.3,7.0,482(0),[西] 杉山晴紀,202301020105
8,6,8,バニーホップ,牝2,55.0,吉田隼人,1:31.4,クビ,13.0,5.0,416(0),[西] 辻野泰之,202301020105
9,6,9,ジュンパワフル,牝2,55.0,横山武史,1:31.4,クビ,12.7,4.0,446(0),[東] 田中博康,202301020105
10,8,12,ハッピーダンス,牝2,55.0,浜中俊,1:31.7,2,20.2,8.0,460(0),[西] 茶木太樹,202301020105
11,4,5,クィーンミツコ,牝2,54.0,横山琉人,1:31.8,アタマ,153.3,12.0,468(0),[東] 勢司和浩,202301020105
12,7,10,ジクジタルオモイ,牝2,55.0,和田翼,1:32.8,6,227.1,13.0,428(0),[東] 小桧山悟,202301020105
中,7,11,ウィンカラー,牝2,55.0,古川吉洋,,,131.4,11.0,446(0),[西] 谷潔,202301020105
1,6,12,ピンクジン,牝3,54.0,黛弘人,2:01.3,,4.6,2.0,432(+4),[東] 南田美知,202301020106
2,4,8,イゾレエオリア,牝3,54.0,吉田隼人,2:01.5,1.1/4,31.1,11.0,456(0),[東] 伊藤大士,202301020106
3,1,2,パラダイスシティ,牝3,52.0,小林凌大,2:01.5,クビ,261.2,16.0,428(+6),[東] 奥平雅士,202301020106
4,6,11,ブルーハートリリー,牝3,54.0,武豊,2:01.7,1,9.6,4.0,450(+2),[東] 奥平雅士,202301020106
5,8,15,クライノート,牝3,54.0,丹内祐次,2:01.9,1.1/4,13.2,5.0,446(-2),[東] 畠山吉宏,202301020106
6,5,9,ビヨンドザドリーム,牡3,54.0,佐々木大,2:01.9,クビ,3.0,1.0,434(+14),[西] 中内田充,202301020106
7,7,13,シャンボール,牡3,56.0,鮫島克駿,2:02.0,1/2,16.6,7.0,480(+8),[東] 上原博之,202301020106
8,1,1,マンスール,牡3,56.0,横山武史,2:02.6,3.1/2,37.1,12.0,476(+2),[東] 栗田徹,202301020106
9,4,7,ガルヴァニック,牝3,51.0,小林勝太,2:02.7,3/4,20.3,8.0,452(+4),[西] 吉岡辰弥,202301020106
10,3,5,ヴァンビスタ,牝3,50.0,古川奈穂,2:02.9,1,23.1,10.0,500(-4),[西] 矢作芳人,202301020106
11,5,10,ヴィクトリーロード,牡3,56.0,斎藤新,2:03.1,1.1/2,16.0,6.0,474(+2),[東] 高木登,202301020106
12,7,14,アリダンジェロ,牝3,53.0,松本大輝,2:03.2,1/2,51.1,13.0,484(-10),[東] 西田雄一,202301020106
13,8,16,ライジングホープ,牝3,53.0,小沢大仁,2:03.3,1/2,20.5,9.0,420(+8),[西] 松下武士,202301020106
14,2,3,ウインジュルネ,牡3,55.0,横山琉人,2:03.6,1.3/4,88.2,14.0,430(-4),[西] 宮本博,202301020106
15,2,4,クリイロ,牝3,51.0,鷲頭虎太,2:04.3,4,180.1,15.0,396(+6),[東] 高橋裕,202301020106
中,3,6,デイライト,牡3,56.0,浜中俊,,,6.2,3.0,518(+10),[東] 堀宣行,202301020106
1,1,1,バサラ,牝3,52.0,小林凌大,0:59.4,,3.2,1.0,444(0),[東] 伊藤圭三,202301020107
2,6,8,ワンダーヘイルネス,セ7,58.0,富田暁,0:59.8,2.1/2,27.0,6.0,484(+6),[西] 河内洋,202301020107
3,7,10,サンスレッド,牡3,56.0,横山武史,0:59.8,クビ,4.8,4.0,476(+8),[東] 深山雅史,202301020107
4,8,11,サリーチャン,牝4,53.0,土田真翔,1:00.1,2,69.0,11.0,460(+4),[東] 石栗龍彦,202301020107
5,5,5,リオンラファール,セ4,56.0,佐々木大,1:00.3,1.1/2,3.6,2.0,516(-4),[東] 矢野英一,202301020107
6,4,4,サザンレイク,牝3,51.0,小林勝太,1:00.5,3/4,28.8,7.0,482(+12),[東] 根本康広,202301020107
7,2,2,シエラメンテ,牝4,52.0,古川奈穂,1:00.7,1,40.7,10.0,484(-2),[東] 浅野洋一,202301020107
8,5,6,ワタシダケドナニカ,牡3,56.0,丹内祐次,1:00.7,クビ,30.8,8.0,482(+2),[東] 本間忍,202301020107
9,3,3,グラサージュ,牝4,55.0,横山琉人,1:00.8,1/2,4.4,3.0,536(0),[東] 林徹,202301020107
10,7,9,チャーチャンテン,牝5,56.0,黛弘人,1:01.2,2.1/2,241.4,12.0,426(+14),[東] 浅野洋一,202301020107
11,8,12,カマラードマリー,牝3,54.0,吉田隼人,1:01.4,1.1/2,31.3,9.0,464(+4),[東] 小笠倫弘,202301020107
12,6,7,スクリーンショット,牝4,53.0,鷲頭虎太,1:01.9,3,15.8,5.0,484(+6),[東] 杉浦宏昭,202301020107
1,4,5,ヴィルトブリーゼ,牝4,56.0,柴山雄一,2:41.8,,9.1,5.0,444(+12),[東] 古賀慎明,202301020108
2,8,12,アドマイヤハイジ,牝5,52.0,古川奈穂,2:41.8,クビ,108.5,11.0,416(-14),[西] 友道康夫,202301020108
3,7,10,ベッラアルバ,牝4,55.0,角田大和,2:42.0,1.1/4,7.1,3.0,454(0),[西] 中竹和也,202301020108
4,3,3,チャイボーグ,牝3,53.0,吉田隼人,2:42.3,2,90.1,10.0,464(0),[東] 的場均,202301020108
5,6,9,ステラポイント,牝3,53.0,鮫島克駿,2:42.5,1.1/4,7.6,4.0,444(+4),[西] 杉山晴紀,202301020108
6,4,4,キュンストラー,牝5,56.0,丹内祐次,2:42.6,3/4,19.7,6.0,408(-4),[東] 松永康利,202301020108
7,2,2,ウェイビー,牝3,51.0,佐々木大,2:43.1,3,6.1,2.0,520(+10),[西] 西村真幸,202301020108
8,7,11,ウインマイルート,牡4,56.0,小林凌大,2:43.2,クビ,45.3,8.0,448(+2),[東] 鈴木慎太,202301020108
9,8,13,タナサンブラック,牡3,55.0,武豊,2:43.3,3/4,1.7,1.0,498(0),[東] 伊坂重信,202301020108
10,6,8,フリンジティアラ,牝3,50.0,小林勝太,2:43.5,3/4,36.8,7.0,458(-2),[西] 上村洋行,202301020108
11,5,6,サツキハピネス,牝5,56.0,古川吉洋,2:44.1,3.1/2,130.7,12.0,462(+2),[東] 土田稔,202301020108
12,1,1,サノラキ,牡4,58.0,富田暁,2:44.1,クビ,147.8,13.0,492(+2),[東] 蛯名利弘,202301020108
13,5,7,ハガネ,牡3,55.0,斎藤新,2:44.7,3.1/2,62.8,9.0,456(-2),[東] 斎藤誠,202301020108
1,5,5,キングロコマイカイ,牡4,58.0,吉田隼人,1:49.8,,3.8,2.0,500(+6),[西] 須貝尚介,202301020109
2,2,2,グランドゴールド,牡4,58.0,藤岡佑介,1:49.8,ハナ,8.6,4.0,454(+2),[西] 羽月友彦,202301020109
3,8,8,ガットネロ,牝3,53.0,横山武史,1:49.9,クビ,2.3,1.0,484(+6),[西] 上村洋行,202301020109
4,7,7,エンタングルメント,牝4,56.0,横山典弘,1:49.9,ハナ,15.8,7.0,502(+30),[西] 昆貢,202301020109
5,6,6,クラシックステップ,牡4,58.0,斎藤新,1:50.0,3/4,5.6,3.0,474(+2),[西] 安田隆行,202301020109
6,3,3,マンクスホップ,牝4,56.0,角田大和,1:50.1,クビ,49.0,9.0,454(+4),[西] 松永幹夫,202301020109
7,1,1,ジオパーククラウン,牡3,55.0,武豊,1:50.1,クビ,12.6,6.0,448(+2),[西] 長谷川浩,202301020109
8,8,9,アイスジェイド,牡6,58.0,鮫島克駿,1:50.3,1.1/4,40.8,8.0,478(-12),[西] 牧田和弥,202301020109
9,4,4,イヴィステラ,牝4,56.0,横山琉人,1:50.3,クビ,12.2,5.0,466(-2),[東] 小島茂之,202301020109
1,1,1,レイベリング,牡3,55.0,横山武史,1:28.1,,1.4,1.0,472(0),[東] 鹿戸雄一,202301020110
2,8,10,バニシングポイント,セ5,58.0,浜中俊,1:28.2,3/4,9.2,4.0,478(0),[東] 加藤征弘,202301020110
3,6,7,メタルスパーク,セ6,58.0,佐々木大,1:28.2,ハナ,44.3,8.0,496(+6),[東] 菊川正達,202301020110
4,5,5,セフィロ,牝3,53.0,吉田隼人,1:28.3,1/2,12.9,5.0,458(0),[東] 菊沢隆徳,202301020110
5,4,4,ブランデーロック,牡4,58.0,武豊,1:28.4,クビ,28.2,7.0,462(-12),[東] 小桧山悟,202301020110
6,2,2,ライラスター,牡4,58.0,鮫島克駿,1:28.6,1.1/4,9.0,3.0,488(-2),[東] 木村哲也,202301020110
6,8,11,ジョウショーホープ,牡3,55.0,藤岡佑介,1:28.6,同着,7.7,2.0,462(0),[西] 新谷功一,202301020110
8,7,9,セイイーグル,セ9,58.0,松田大作,1:28.9,2,174.5,11.0,442(-4),[西] 宮本博,202301020110
9,6,6,ブルトンクール,牝4,56.0,富田暁,1:29.0,クビ,133.8,10.0,450(-4),[東] 新開幸一,202301020110
10,7,8,シロン,牝4,56.0,丹内祐次,1:29.0,アタマ,22.6,6.0,518(+4),[西] 小栗実,202301020110
11,3,3,テンメジャーガール,牝4,56.0,亀田温心,1:29.6,4,64.6,9.0,504(+12),[西] 高柳大輔,202301020110
1,3,4,ライラボンド,牡4,56.0,小林勝太,1:45.1,,18.1,8.0,514(-4),[東] 杉浦宏昭,202301020111
2,8,14,トップオブジェラス,牡4,57.0,横山武史,1:45.2,1/2,3.8,2.0,536(+4),[東] 高木登,202301020111
3,4,5,フームスムート,牡6,56.0,丹内祐次,1:45.8,3.1/2,13.1,6.0,526(+2),[東] 水野貴広,202301020111
4,8,13,クインズバジル,牝5,53.0,古川吉洋,1:46.0,1.1/4,21.2,9.0,486(-4),[西] 梅田智之,202301020111
5,4,6,ヴァーチャリティ,牝5,52.0,小沢大仁,1:46.1,クビ,84.9,12.0,462(+4),[西] 庄野靖志,202301020111
6,5,8,シダー,牝4,56.0,武豊,1:46.2,1/2,3.4,1.0,494(+8),[西] 本田優,202301020111
7,7,11,メイプルリッジ,牡4,57.0,佐々木大,1:46.2,アタマ,5.6,3.0,480(+4),[東] 堀宣行,202301020111
8,5,7,アイブランコ,牡6,54.0,北村友一,1:46.7,3,108.4,14.0,518(0),[東] 中野栄治,202301020111
9,3,3,シルバーブレッド,牡4,55.0,富田暁,1:46.8,クビ,72.5,11.0,436(+8),[西] 石坂公一,202301020111
10,7,12,ステイブルアスク,牝5,55.0,古川奈穂,1:46.9,1/2,34.1,10.0,440(-2),[西] 矢作芳人,202301020111
11,6,10,スカーレットスカイ,牝5,55.0,池添謙一,1:47.8,5,12.0,5.0,490(+10),[西] 岡田稲男,202301020111
12,1,1,レッドエランドール,セ6,56.0,浜中俊,1:47.9,1/2,16.7,7.0,504(+12),[西] 田中克典,202301020111
13,6,9,ハイエストポイント,牡5,56.0,藤岡佑介,1:48.0,1/2,7.7,4.0,450(+2),[西] 鈴木孝志,202301020111
14,2,2,ランスオブアース,牝5,54.0,松田大作,1:49.0,6,105.9,13.0,504(+12),[西] 本田優,202301020111
1,6,11,ドーバーホーク,牡3,54.0,佐々木大,1:09.3,,5.8,3.0,480(+2),[東] 清水英克,202301020112
2,3,6,フミサウンド,牡3,56.0,武豊,1:09.5,1.1/4,7.5,4.0,436(-2),[東] 鹿戸雄一,202301020112
3,2,3,サウザンサニー,牡3,56.0,丹内祐次,1:09.6,1/2,3.2,1.0,514(0),[東] 岩戸孝樹,202301020112
3,8,16,マキアージュ,牝4,56.0,鮫島克駿,1:09.6,同着,8.0,5.0,464(+6),[東] 菊川正達,202301020112
5,6,12,ノーブルラン,牡3,53.0,土田真翔,1:09.7,3/4,56.3,11.0,462(+4),[東] 尾形和幸,202301020112
6,7,14,ミツカネムーン,牝4,56.0,亀田温心,1:09.7,ハナ,121.6,16.0,454(+10),[東] 清水英克,202301020112
7,5,10,セキテイホノオー,牡4,58.0,松田大作,1:09.8,1/2,79.7,13.0,454(-1),[東] 田中剛,202301020112
8,4,7,ショウナンハクウン,牡3,56.0,横山武史,1:09.8,ハナ,10.0,6.0,508(-2),[東] 大竹正博,202301020112
9,7,13,タムロキュラムン,牝4,54.0,小林凌大,1:09.8,アタマ,64.6,12.0,454(-2),[西] 西園正都,202301020112
10,1,1,シルバーレイズ,牝3,54.0,吉田隼人,1:09.9,クビ,14.0,7.0,458(0),[東] 牧光二,202301020112
11,8,15,トリップトゥムーン,牡4,58.0,池添謙一,1:10.0,1/2,5.0,2.0,438(-4),[西] 新谷功一,202301020112
12,4,8,テーオーヴァイナー,牡3,53.0,小林勝太,1:10.0,クビ,50.1,10.0,498(+4),[西] 藤岡健一,202301020112
13,1,2,サイモンカーチス,牡4,58.0,古川吉洋,1:10.0,ハナ,109.1,15.0,480(+4),[西] 梅田智之,202301020112
14,3,5,レッドフランカー,牡5,58.0,北村友一,1:10.0,ハナ,106.0,14.0,470(-10),[西] 音無秀孝,202301020112
15,2,4,デイトンウェイ,牡5,58.0,富田暁,1:10.0,アタマ,40.2,9.0,514(+4),[西] 野中賢二,202301020112
16,5,9,ラピカズマ,牡5,57.0,横山琉人,1:10.1,クビ,30.4,8.0,506(+12),[東] 高橋文雅,202301020112
1,1,1,レイニングキャット,牡2,55.0,丹内祐次,1:09.8,,18.7,7.0,478(-12),[東] 岩戸孝樹,202301020201
2,3,3,サフランヒーロー,牡2,55.0,武豊,1:10.0,1,4.1,2.0,442(-4),[東] 中野栄治,202301020201
3,2,2,アレンジャー,牡2,55.0,横山典弘,1:10.3,2,2.7,1.0,462(-4),[西] 昆貢,202301020201
4,5,5,リルフロスト,牡2,53.0,佐々木大,1:10.4,1/2,12.4,6.0,482(+2),[東] 牧光二,202301020201
5,6,6,ワイワイレジェンド,牡2,51.0,古川奈穂,1:10.8,2.1/2,4.7,3.0,442(+2),[西] 矢作芳人,202301020201
6,7,7,スパークルジョイ,牝2,55.0,鮫島克駿,1:11.0,1.1/4,6.4,4.0,446(0),[西] 鮫島一歩,202301020201
7,4,4,デビルシズカチャン,牝2,55.0,吉田隼人,1:11.4,2.1/2,10.8,5.0,452(+2),[西] 武幸四郎,202301020201
1,7,10,スペシャリスト,牝3,53.0,横山琉人,2:38.3,,6.1,3.0,452(+6),[東] 手塚貴久,202301020202
2,8,12,レッドバルデス,牡3,56.0,川又賢治,2:38.8,2.1/2,10.9,6.0,548(+8),[西] 寺島良,202301020202
3,6,7,パープルアドミラル,牡3,55.0,松本大輝,2:38.9,3/4,23.4,8.0,442(-4),[東] 堀内岳志,202301020202
4,3,3,リオンエトワール,牡3,56.0,鮫島克駿,2:38.9,クビ,8.6,5.0,440(+16),[西] 橋口慎介,202301020202
5,7,9,シュライフェ,牝3,54.0,黛弘人,2:40.0,7,41.5,10.0,500(0),[東] 和田勇介,202301020202
6,6,8,ヘラクレスノット,セ3,54.0,佐々木大,2:40.2,1,3.3,1.0,442(-12),[西] 奥村豊,202301020202
7,4,4,スターウイン,牝3,51.0,小林勝太,2:40.4,1,89.0,11.0,402(+2),[東] 高橋文雅,202301020202
8,8,11,メイショウカガ,牡3,55.0,角田大和,2:41.1,4,4.0,2.0,494(-6),[東] 高柳瑞樹,202301020202
9,5,6,アンタッチャブル,牡3,56.0,北村友一,2:41.5,2.1/2,7.7,4.0,520(+12),[西] 友道康夫,202301020202
10,2,2,レガント,セ3,56.0,丹内祐次,2:43.1,10,12.1,7.0,446(-10),[東] 中舘英二,202301020202
11,1,1,グロリアン,牝3,53.0,小沢大仁,2:48.0,大,23.6,9.0,438(+2),[西] 奥村豊,202301020202
取,5,5,アッチェレランド,牡3,56.0,吉田隼人,,,---,,計不,[西] 矢作芳人,202301020202
1,5,8,マルモルミエール,牡3,56.0,富田暁,1:47.6,,7.1,3.0,480(0),[西] 木原一良,202301020203
2,8,14,サラサビーザベスト,牡3,56.0,横山武史,1:48.3,4,1.9,1.0,482(+12),[東] 村田一誠,202301020203
3,6,9,テイケイヴィーノ,牝3,52.0,佐々木大,1:48.3,ハナ,87.6,10.0,430(+4),[西] 荒川義之,202301020203
4,7,11,イナホ,牝3,52.0,小林凌大,1:48.5,1,96.0,11.0,442(-14),[東] 小桧山悟,202301020203
5,8,13,ハットグットゲット,牡3,53.0,小林勝太,1:48.6,1/2,26.2,7.0,512(-8),[東] 杉浦宏昭,202301020203
6,4,6,ラスブリサス,牡3,56.0,鮫島克駿,1:48.7,3/4,5.8,2.0,518(+10),[東] 中川公成,202301020203
7,4,5,メイショウウナバラ,牡3,56.0,荻野琢真,1:49.5,5,11.4,5.0,430(+2),[西] 藤沢則雄,202301020203
8,3,3,スングリダンダン,牝3,54.0,黛弘人,1:49.7,1.1/2,237.3,13.0,448(+2),[東] 南田美知,202301020203
9,7,12,テイエムガーネット,牝3,53.0,横山琉人,1:49.9,3/4,84.4,9.0,466(+16),[東] 石栗龍彦,202301020203
10,1,1,スペルキャスター,牝3,54.0,吉田隼人,1:49.9,ハナ,7.2,4.0,454(0),[東] 久保田貴,202301020203
11,2,2,ニコニコルンルン,牝3,50.0,古川奈穂,1:50.8,5,64.2,8.0,410(-10),[西] 矢作芳人,202301020203
12,5,7,ロードエピソード,牡3,56.0,丹内祐次,1:51.4,3.1/2,11.5,6.0,520(-6),[西] 千田輝彦,202301020203
13,6,10,ロゼアクアリオ,牝3,54.0,亀田温心,1:53.2,大,98.9,12.0,410(+6),[西] 高柳大輔,202301020203
除,3,4,ハーツファンタジア,牝3,54.0,北村友一,,,---,,472(+6),[東] 加藤士津,202301020203
1,6,10,ルカン,牝3,54.0,横山典弘,1:28.4,,12.2,6.0,420(+2),[西] 安田翔伍,202301020204
2,6,9,ヒラリ,牝3,54.0,藤岡佑介,1:28.5,1,6.4,3.0,454(-2),[西] 武幸四郎,202301020204
3,3,3,トラミナー,牝3,54.0,北村友一,1:28.6,1/2,8.8,5.0,444(0),[西] 藤原英昭,202301020204
4,5,8,ベンハー,牡3,53.0,鷲頭虎太,1:28.7,クビ,162.1,13.0,506(+2),[東] 高木登,202301020204
5,2,2,エリム,牝3,54.0,池添謙一,1:28.7,クビ,23.6,10.0,424(-2),[西] 石坂公一,202301020204
6,3,4,ユイノオトコヤマ,牡3,56.0,吉田隼人,1:28.7,ハナ,19.1,9.0,456(+2),[東] 深山雅史,202301020204
7,4,6,マルメラーダ,牝3,54.0,丹内祐次,1:28.7,クビ,6.7,4.0,448(+4),[東] 高橋裕,202301020204
8,4,5,ルヴェルリドー,牡3,56.0,横山武史,1:29.1,2.1/2,4.1,1.0,474(-4),[東] 萩原清,202301020204
9,7,12,プリティジェニー,牝3,53.0,横山琉人,1:29.4,1.3/4,262.3,14.0,426(-2),[西] 西村真幸,202301020204
10,1,1,アオイコウキ,牡3,52.0,古川奈穂,1:29.8,2.1/2,4.7,2.0,484(+2),[西] 矢作芳人,202301020204
11,8,13,アラメダ,牝3,54.0,鮫島克駿,1:30.2,2.1/2,13.8,7.0,448(+6),[西] 池江泰寿,202301020204
12,7,11,ピカパンドーラ,牝3,52.0,佐々木大,1:30.7,3,57.5,12.0,450(-4),[東] 大竹正博,202301020204
13,8,14,アイサマン,牝3,54.0,武豊,1:31.1,2.1/2,14.5,8.0,422(+2),[西] 藤岡健一,202301020204
中,5,7,プレサージオ,牡3,56.0,石川裕紀,,,24.8,11.0,470(+6),[東] 小手川準,202301020204
1,6,6,アーバンシック,牡2,55.0,横山武史,1:53.1,,2.3,1.0,512(0),[東] 武井亮,202301020205
2,1,1,ヴィクトリアドール,牝2,55.0,北村友一,1:53.1,クビ,5.4,3.0,510(0),[西] 奥村豊,202301020205
3,7,8,サクソンジェンヌ,牝2,55.0,富田暁,1:53.2,3/4,9.0,4.0,450(0),[西] 高橋義忠,202301020205
4,5,5,マテンロウノカゼ,牡2,55.0,横山典弘,1:53.3,1/2,3.7,2.0,476(0),[西] 昆貢,202301020205
5,7,7,ドリームシェイプ,牡2,55.0,鮫島克駿,1:53.5,1.1/4,43.5,8.0,422(0),[西] 村山明,202301020205
6,8,9,セイウンマカロン,牝2,55.0,武豊,1:53.8,1.1/2,16.0,6.0,424(0),[東] 小桧山悟,202301020205
7,2,2,トラストボス,牡2,53.0,佐々木大,1:54.0,1.1/2,30.8,7.0,430(0),[東] 高橋文雅,202301020205
8,8,10,イマジンレノン,牡2,54.0,小沢大仁,1:54.4,2.1/2,112.8,9.0,476(0),[西] 角田晃一,202301020205
9,3,3,クィーンズハット,牝2,55.0,藤岡佑介,1:54.5,3/4,14.0,5.0,476(0),[東] 石毛善彦,202301020205
10,4,4,ウインイメル,牡2,55.0,黛弘人,1:54.5,ハナ,128.7,10.0,462(0),[東] 深山雅史,202301020205
1,8,14,ドゥラレジリエント,牡3,55.0,鮫島克駿,1:46.9,,1.4,1.0,504(-10),[西] 牧田和弥,202301020206
2,6,9,サンマルパトロール,牡3,55.0,富田暁,1:47.5,3.1/2,9.8,4.0,476(+4),[西] 大橋勇樹,202301020206
3,7,11,ビービーグラーテス,牡3,55.0,丹内祐次,1:47.6,1/2,7.4,2.0,492(+2),[西] 加用正,202301020206
4,5,8,ベイパーコーン,セ4,57.0,松本大輝,1:47.6,ハナ,8.7,3.0,460(0),[西] 鈴木孝志,202301020206
5,6,10,サイモンポーリア,牝5,53.0,小林勝太,1:47.6,ハナ,184.1,11.0,486(+6),[東] 根本康広,202301020206
6,2,2,アッティラ,牡3,54.0,横山琉人,1:48.2,3.1/2,18.4,6.0,442(+6),[東] 相沢郁,202301020206
7,5,7,カイザーレオン,牡4,56.0,佐々木大,1:48.3,3/4,30.3,7.0,466(-2),[東] 伊坂重信,202301020206
8,8,13,メイショウピスカリ,牡5,57.0,角田大和,1:48.7,2.1/2,138.0,10.0,450(-4),[西] 飯田祐史,202301020206
9,4,5,トーホウキザン,牡3,51.0,古川奈穂,1:48.7,アタマ,16.5,5.0,470(+4),[西] 高橋康之,202301020206
10,4,6,アテンパーティ,牡4,58.0,和田翼,1:49.1,2,209.7,12.0,460(-1),[西] 谷潔,202301020206
11,7,12,ナオミニデレデレヤ,牝4,56.0,北村友一,1:49.1,ハナ,99.9,9.0,466(-6),[西] 畑端省吾,202301020206
12,3,4,ジョット,牡5,58.0,柴山雄一,1:49.1,アタマ,280.0,13.0,478(+2),[東] 粕谷昌央,202301020206
13,1,1,ゴルデールスカー,牡3,55.0,荻野琢真,1:49.3,1.1/4,76.8,8.0,462(-2),[西] 大久保龍,202301020206
14,3,3,グロリアスアポイ,牝4,53.0,鷲頭虎太,1:51.1,大,299.0,14.0,458(+10),[西] 千田輝彦,202301020206
1,3,3,ルクスドヌーヴ,牝3,51.0,佐々木大,1:28.5,,6.4,4.0,446(+4),[西] 須貝尚介,202301020207
2,8,13,ステラバルセロナ,牝3,53.0,丹内祐次,1:28.6,3/4,3.0,2.0,420(-4),[東] 菊川正達,202301020207
3,7,12,ラリベラ,牝4,55.0,松本大輝,1:28.6,クビ,20.4,6.0,472(+2),[西] 安田隆行,202301020207
4,1,1,インフィニタス,牝5,53.0,鷲頭虎太,1:28.7,クビ,70.1,10.0,468(-6),[東] 伊坂重信,202301020207
5,6,9,メイショウソウゲツ,牝4,55.0,角田大和,1:28.8,3/4,81.1,13.0,470(+4),[西] 本田優,202301020207
6,2,2,シロノクミキョク,牝3,53.0,横山武史,1:29.0,1.1/4,5.3,3.0,452(+14),[東] 鈴木伸尋,202301020207
7,5,8,シュライエン,牝5,56.0,鮫島克駿,1:29.3,1.1/2,21.6,7.0,440(-10),[西] 高野友和,202301020207
8,5,7,クランシリーニー,牝4,56.0,富田暁,1:29.3,アタマ,59.1,9.0,504(+6),[西] 新谷功一,202301020207
9,4,5,ユキノエリザベス,牝4,52.0,古川奈穂,1:29.5,1.1/4,70.7,11.0,476(+20),[東] 竹内正洋,202301020207
10,3,4,ハイライフ,牝5,56.0,黛弘人,1:29.5,クビ,150.7,14.0,436(0),[西] 藤沢則雄,202301020207
11,8,14,パルティキュリエ,牝3,53.0,池添謙一,1:29.9,2.1/2,3.0,1.0,446(-6),[東] 田中博康,202301020207
12,4,6,ブライトサイン,牝3,53.0,吉田隼人,1:30.0,クビ,77.3,12.0,456(+8),[西] 須貝尚介,202301020207
13,7,11,エントラップメント,牝3,53.0,武豊,1:31.1,7,17.3,5.0,458(+12),[西] 清水久詞,202301020207
14,6,10,メアリー,牝3,53.0,北村友一,1:31.4,1.3/4,43.5,8.0,466(-8),[西] 浜田多実,202301020207
1,1,1,エコロヴァルツ,牡2,55.0,武豊,1:48.8,,2.2,1.0,478(-4),[西] 牧浦充徳,202301020208
2,4,4,コスモディナー,牝2,55.0,松岡正海,1:49.8,6,2.4,2.0,466(+10),[東] 伊藤伸一,202301020208
3,8,8,タガノデュード,牡2,55.0,古川吉洋,1:50.1,2,14.3,5.0,482(-6),[西] 宮徹,202301020208
4,5,5,シュンプウ,牡2,55.0,池添謙一,1:50.7,3.1/2,8.8,3.0,438(-6),[西] 吉田直弘,202301020208
5,6,6,ゴードンテソーロ,牡2,55.0,松田大作,1:51.1,2.1/2,8.9,4.0,452(0),[東] 牧光二,202301020208
6,2,2,ベレニーチェ,牝2,55.0,富田暁,1:51.3,1.1/2,38.6,6.0,440(-2),[西] 武英智,202301020208
7,3,3,マコトロクサノホコ,牡2,55.0,阿部龍,1:51.5,3/4,90.9,7.0,436(+2),[地] 角川秀樹,202301020208
8,7,7,リエラ,牝2,55.0,黛弘人,1:52.9,9,91.3,8.0,392(+2),[東] 伊坂重信,202301020208
1,7,8,メルシー,牝4,56.0,武豊,0:58.8,,4.8,3.0,426(-6),[西] 今野貞一,202301020209
2,7,9,ユウグロスファクタ,牝4,56.0,松本大輝,0:58.9,クビ,17.9,7.0,504(-2),[西] 新谷功一,202301020209
3,6,6,メイショウオトギ,牝3,54.0,池添謙一,0:59.1,1.1/4,2.8,1.0,432(0),[西] 池添学,202301020209
4,5,5,ポメラート,牝4,56.0,佐々木大,0:59.1,クビ,10.3,6.0,492(+2),[西] 茶木太樹,202301020209
5,1,1,マイアミュレット,セ4,58.0,横山武史,0:59.3,3/4,4.3,2.0,478(+8),[東] 天間昭一,202301020209
6,6,7,メイショウフンケイ,牡5,58.0,北村友一,0:59.4,3/4,8.5,4.0,520(+4),[西] 高橋亮,202301020209
7,2,2,タカラマドンナ,牝4,56.0,川又賢治,0:59.6,1.1/2,26.1,8.0,460(+8),[西] 杉山佳明,202301020209
8,8,11,ポピュラーソング,牝6,56.0,小林凌大,0:59.9,1.1/2,184.9,11.0,452(-6),[東] 土田稔,202301020209
9,8,10,ラピッドベル,牝3,54.0,松岡正海,1:00.7,5,41.6,9.0,506(+2),[西] 牧浦充徳,202301020209
10,4,4,ルクスランページ,牡4,58.0,小沢大仁,1:00.8,3/4,79.5,10.0,472(+2),[西] 村山明,202301020209
11,3,3,デルマシルフ,牝4,56.0,古川吉洋,1:01.1,1.3/4,8.7,5.0,470(-2),[西] 畑端省吾,202301020209
1,5,5,ハウゼ,牡3,55.0,岩田康誠,2:02.1,,1.7,1.0,506(0),[東] 田中博康,202301020210
2,1,1,マイネルダグラス,牡5,58.0,丹内祐次,2:02.2,1,33.0,7.0,504(-4),[東] 相沢郁,202301020210
3,4,4,ルージュアルル,牝4,56.0,佐々木大,2:02.3,クビ,8.7,4.0,484(+16),[東] 国枝栄,202301020210
4,3,3,カンティプール,牝4,56.0,鮫島克駿,2:02.3,ハナ,4.8,2.0,486(-4),[西] 渡辺薫彦,202301020210
5,2,2,ヤマニンループ,牡4,58.0,横山典弘,2:02.3,クビ,6.4,3.0,444(0),[西] 松永幹夫,202301020210
6,8,9,エルディアブロ,牡5,58.0,富田暁,2:02.5,1.1/4,8.9,5.0,460(+2),[西] 佐々木晶,202301020210
7,6,6,バレストラ,牝4,56.0,黛弘人,2:02.5,クビ,120.7,9.0,488(+8),[西] 矢作芳人,202301020210
8,8,8,シャドウマッドネス,セ4,58.0,北村友一,2:02.7,1.1/4,30.8,6.0,434(-6),[東] 和田勇介,202301020210
9,7,7,レディベル,牝4,56.0,古川奈穂,2:02.8,1/2,92.3,8.0,510(-6),[西] 矢作芳人,202301020210
1,5,9,シナモンスティック,牝4,55.0,松岡正海,1:08.2,,8.6,2.0,462(-8),[東] 宗像義忠,202301020211
2,8,15,カルネアサーダ,牝4,55.0,角田大和,1:08.4,1.1/4,9.4,4.0,462(-6),[西] 加用正,202301020211
3,4,7,サトノアイ,牝5,55.0,池添謙一,1:08.7,1.3/4,30.0,10.0,456(+2),[西] 須貝尚介,202301020211
4,6,11,エクセトラ,牡4,57.0,横山武史,1:08.7,アタマ,2.0,1.0,526(+2),[西] 吉村圭司,202301020211
5,7,13,レッドベルオーブ,牡5,58.0,松田大作,1:08.7,ハナ,12.3,6.0,488(+2),[西] 藤原英昭,202301020211
6,6,10,マイネルジェロディ,牡5,57.0,丹内祐次,1:08.9,1,20.9,7.0,474(0),[西] 西園正都,202301020211
7,5,8,コムストックロード,牝4,55.0,石川裕紀,1:08.9,クビ,11.4,5.0,432(-10),[東] 中野栄治,202301020211
8,4,6,ミニオンペール,牝7,55.0,黛弘人,1:09.0,アタマ,54.0,14.0,478(+2),[東] 小手川準,202301020211
9,8,14,ロードマックス,牡5,58.0,武豊,1:09.0,ハナ,8.8,3.0,442(+2),[西] 中村直也,202301020211
10,7,12,キャプテンドレイク,牡6,57.0,鮫島克駿,1:09.1,1/2,28.5,9.0,484(-2),[西] 今野貞一,202301020211
11,2,3,ヴィズサクセス,牡6,58.0,柴山雄一,1:09.1,クビ,23.7,8.0,486(+2),[東] 奥村武,202301020211
12,3,5,タイセイアベニール,牡8,58.0,佐々木大,1:09.2,3/4,42.7,12.0,484(-12),[西] 西村真幸,202301020211
13,1,1,ルピナスリード,牝4,55.0,吉田隼人,1:09.4,1,39.7,11.0,464(-6),[西] 吉岡辰弥,202301020211
14,2,2,クロジシジョー,牡4,57.0,古川吉洋,1:09.4,クビ,51.2,13.0,442(-10),[西] 岡田稲男,202301020211
15,3,4,レッドライデン,セ6,57.0,富田暁,1:09.6,1.1/4,236.5,15.0,466(-2),[東] 鹿戸雄一,202301020211
1,8,13,ダブルジョーク,牡3,55.0,横山典弘,1:47.0,,5.0,3.0,576(+18),[西] 昆貢,202301020212
2,7,11,オソルノ,牡3,55.0,丹内祐次,1:47.0,クビ,4.5,2.0,504(+4),[東] 萩原清,202301020212
3,6,8,トニトゥルス,牡3,52.0,鷲頭虎太,1:47.1,1/2,11.9,6.0,476(+2),[東] 新開幸一,202301020212
4,6,9,ウッドショック,牡4,55.0,小林勝太,1:47.3,1.1/4,54.1,8.0,500(-12),[東] 杉浦宏昭,202301020212
5,4,4,フェニックスループ,牡4,58.0,富田暁,1:47.5,1,176.1,12.0,464(+2),[西] 平田修,202301020212
6,8,12,ブレイクザアイス,牡4,58.0,松岡正海,1:47.5,クビ,55.8,9.0,458(-2),[東] 高橋裕,202301020212
7,3,3,ヒルノデプラーツ,牡4,58.0,亀田温心,1:47.6,1/2,146.0,11.0,472(-4),[西] 北出成人,202301020212
8,2,2,スマートビクター,牡4,58.0,鮫島克駿,1:48.0,2.1/2,10.2,5.0,514(+10),[西] 吉田直弘,202301020212
9,5,7,アフタヌーンドレス,牝3,53.0,池添謙一,1:48.2,1.1/4,21.6,7.0,502(+10),[東] 栗田徹,202301020212
10,1,1,ダークモード,牡3,55.0,北村友一,1:48.9,4,2.3,1.0,486(0),[西] 藤岡健一,202301020212
11,7,10,ガレットジョーカー,牝4,53.0,大久保友,1:49.1,1.1/2,336.7,13.0,454(-4),[西] 宮徹,202301020212
12,4,5,スピリトーゾ,牡4,58.0,吉田隼人,1:49.4,1.3/4,76.0,10.0,492(+12),[西] 岡田稲男,202301020212
中,5,6,ハローサブリナ,牝4,54.0,佐々木大,,,8.2,4.0,522(+10),[東] 黒岩陽一,202301020212
1,8,11,セットアップ,牡2,55.0,横山武史,1:48.5,,2.4,1.0,472(+2),[東] 鹿戸雄一,202301020301
2,2,2,スパークリシャール,牡2,55.0,北村友一,1:48.8,1.1/2,3.1,2.0,462(-8),[東] 小島茂之,202301020301
3,7,9,ソニックライン,牡2,55.0,モレイラ,1:50.1,8,3.1,3.0,492(+4),[東] 木村哲也,202301020301
4,5,5,ガジュノリ,牝2,54.0,佐々木大,1:50.4,1.1/2,62.6,7.0,472(-4),[東] 尾形和幸,202301020301
5,5,6,ウインイメル,牡2,55.0,黛弘人,1:50.6,1.1/4,272.2,11.0,458(-4),[東] 深山雅史,202301020301
6,1,1,ヒデシンイメル,牡2,55.0,池添謙一,1:50.7,1/2,20.2,4.0,452(+4),[西] 武英智,202301020301
7,6,8,テーオーハイエク,牡2,55.0,古川吉洋,1:50.9,1,31.9,6.0,504(-2),[西] 宮徹,202301020301
8,7,10,サンディビーチ,牡2,54.0,横山琉人,1:50.9,ハナ,216.8,10.0,454(0),[東] 伊藤大士,202301020301
9,8,12,ウェイトゥゴー,牝2,55.0,ルメール,1:51.1,1.1/2,31.8,5.0,454(-2),[西] 須貝尚介,202301020301
10,3,3,アドアプローズ,牡2,55.0,丹内祐次,1:51.3,1.1/4,187.5,9.0,434(0),[東] 小桧山悟,202301020301
11,4,4,クリフハンガー,牡2,55.0,鮫島克駿,1:52.2,5,81.1,8.0,450(+2),[東] 堀宣行,202301020301
12,6,7,キチロクサクラ,牝2,53.0,小林凌大,1:52.7,3,428.1,12.0,418(0),[東] 松永康利,202301020301
1,3,4,フォーディアライフ,牡2,55.0,吉田隼人,1:48.3,,7.2,4.0,518(+2),[西] 武幸四郎,202301020302
2,7,11,アンジュグルーヴ,牝2,55.0,横山和生,1:48.3,アタマ,3.8,1.0,472(+2),[西] 安田翔伍,202301020302
3,1,1,デトネイション,牡2,55.0,武豊,1:48.3,ハナ,10.2,6.0,488(-8),[西] 石橋守,202301020302
4,8,13,ブレードサクセス,牡2,55.0,丹内祐次,1:48.5,1.1/2,4.4,2.0,474(0),[東] 岩戸孝樹,202301020302
5,5,7,クラウンシエンタ,牡2,55.0,藤岡佑介,1:49.3,5,8.3,5.0,482(+4),[東] 水野貴広,202301020302
6,4,6,ゼットスパンキー,牡2,55.0,古川吉洋,1:49.6,1.1/2,16.2,7.0,452(0),[西] 宮徹,202301020302
7,8,14,タケノシンセイ,牡2,55.0,亀田温心,1:49.8,1.1/2,138.2,13.0,452(+2),[西] 村山明,202301020302
8,6,9,アスセナ,牝2,55.0,富田暁,1:49.8,ハナ,30.2,8.0,478(-6),[西] 牧田和弥,202301020302
9,2,2,キングオブフジ,牡2,54.0,小沢大仁,1:50.5,4,149.0,14.0,492(+6),[西] 角田晃一,202301020302
10,5,8,ラファールドール,牡2,55.0,横山武史,1:50.7,1.1/2,6.0,3.0,502(-2),[東] 田島俊明,202301020302
11,6,10,インペリオ,牡2,55.0,鮫島克駿,1:50.9,3/4,79.4,12.0,466(-2),[西] 羽月友彦,202301020302
12,4,5,ラシェンテ,牝2,55.0,和田翼,1:50.9,クビ,76.7,11.0,440(-2),[西] 谷潔,202301020302
13,3,3,マツシマ,牡2,54.0,佐々木大,1:52.0,7,38.0,9.0,508(-6),[東] 尾形和幸,202301020302
14,7,12,グアラニア,牡2,54.0,角田大和,1:53.3,8,58.1,10.0,464(0),[東] 矢野英一,202301020302
1,1,1,サンポーニャ,牝3,51.0,鷲頭虎太,1:09.4,,3.5,1.0,432(+4),[西] 池江泰寿,202301020303
2,4,7,マテンロウプラウド,セ3,56.0,横山典弘,1:09.8,2,5.6,3.0,490(+8),[西] 松永幹夫,202301020303
3,7,13,アルマロクザン,牝3,54.0,藤岡佑介,1:09.8,ハナ,5.4,2.0,470(0),[東] 高橋文雅,202301020303
4,5,9,ベストバディ,牝3,52.0,小林凌大,1:09.9,クビ,173.4,14.0,390(+2),[東] 牧光二,202301020303
5,6,12,アフターグロウ,牝3,54.0,横山武史,1:10.0,1/2,10.7,5.0,440(+6),[東] 宗像義忠,202301020303
6,5,10,ファルマリン,牝3,54.0,鮫島克駿,1:10.0,ハナ,11.7,7.0,410(+4),[西] 森田直行,202301020303
7,1,2,コパカバーナビーチ,牝3,54.0,武豊,1:10.1,3/4,9.1,4.0,422(+2),[東] 中野栄治,202301020303
8,8,15,シティウォリアー,牝3,51.0,小林勝太,1:10.3,1.1/4,20.6,9.0,462(0),[東] 稲垣幸雄,202301020303
9,2,3,カイラシ,牝3,53.0,横山琉人,1:10.4,1/2,460.2,16.0,432(-2),[東] 伊藤大士,202301020303
10,2,4,アスキーアート,牝3,54.0,黛弘人,1:10.5,3/4,15.7,8.0,420(0),[東] 小野次郎,202301020303
11,6,11,ルージュアズライト,牝3,54.0,富田暁,1:10.7,1.1/4,43.5,12.0,426(-10),[東] 鹿戸雄一,202301020303
12,7,14,シャコンヌ,牡3,55.0,小沢大仁,1:10.7,ハナ,421.4,15.0,436(-12),[東] 小手川準,202301020303
13,8,16,ウィンザーロア,牡3,52.0,古川奈穂,1:10.7,アタマ,10.7,6.0,494(+6),[西] 矢作芳人,202301020303
14,3,5,アパラギ,牝3,54.0,横山和生,1:10.8,クビ,157.9,13.0,430(-4),[東] 土田稔,202301020303
15,4,8,トウカイカグラ,牝3,54.0,吉田隼人,1:11.0,1.1/4,21.7,10.0,478(+12),[西] 茶木太樹,202301020303
16,3,6,ルリイロ,牝3,53.0,佐々木大,1:11.1,1/2,34.8,11.0,492(+6),[東] 菊川正達,202301020303
1,1,1,ノッテルーナ,牝3,54.0,古川吉洋,1:47.3,,6.1,4.0,442(-6),[西] 宮本博,202301020304
2,7,12,シルバービスケッツ,牝3,54.0,丹内祐次,1:47.4,1,13.6,6.0,440(+8),[東] 新開幸一,202301020304
3,7,11,コンフィズリー,牝3,53.0,佐々木大,1:47.8,2,4.5,2.0,438(-8),[東] 木村哲也,202301020304
4,6,9,ディーン,牝3,54.0,横山武史,1:48.9,7,5.6,3.0,462(+2),[東] 石栗龍彦,202301020304
5,3,4,ブリアンツァ,牝3,54.0,荻野琢真,1:48.9,クビ,202.5,12.0,446(-2),[西] 今野貞一,202301020304
6,6,10,ナンヨーノサラ,牝3,51.0,鷲頭虎太,1:49.0,クビ,28.4,8.0,476(+12),[東] 武藤善則,202301020304
7,3,3,ゴールドシアター,牝3,54.0,吉田隼人,1:49.2,1.1/4,16.5,7.0,436(+2),[東] 村田一誠,202301020304
8,5,7,エマウリオマレプ,牝3,54.0,黛弘人,1:49.4,1.1/4,6.1,5.0,498(+2),[東] 伊藤大士,202301020304
9,4,5,フローラサンライズ,牝3,54.0,鮫島克駿,1:49.4,アタマ,3.5,1.0,450(0),[西] 浜田多実,202301020304
10,2,2,エンジェルスアスク,牝3,50.0,古川奈穂,1:50.2,5,70.9,11.0,448(+4),[西] 矢作芳人,202301020304
11,8,14,エルディアナ,牝3,53.0,小沢大仁,1:50.5,1.3/4,32.5,9.0,404(+2),[西] 渡辺薫彦,202301020304
12,4,6,イズジョーノバトン,牝3,53.0,松本大輝,1:51.3,5,392.6,14.0,476(+8),[東] 本間忍,202301020304
13,8,13,ロックジャム,牝3,54.0,和田翼,1:56.0,大,390.5,13.0,454(-2),[西] 安達昭夫,202301020304
中,5,8,エイカイフォーユー,牝3,51.0,小林勝太,,,47.7,10.0,426(+6),[西] 藤原英昭,202301020304
1,7,8,ラヴスコール,牝2,55.0,横山武史,1:31.1,,1.4,1.0,420(0),[東] 加藤征弘,202301020305
2,8,11,ラーンザロープス,牝2,55.0,横山典弘,1:31.2,クビ,16.4,5.0,446(0),[西] 武幸四郎,202301020305
3,7,9,オーサムストローク,牡2,55.0,ルメール,1:31.7,3,5.2,2.0,434(0),[東] 伊藤圭三,202301020305
4,2,2,ブロードグリン,牝2,55.0,吉田隼人,1:32.1,2.1/2,15.4,4.0,438(0),[西] 中村直也,202301020305
5,5,5,フルラーナ,牝2,55.0,鮫島克駿,1:32.4,2,20.2,6.0,422(0),[西] 平田修,202301020305
6,6,6,サンドブラスト,牡2,55.0,丹内祐次,1:32.6,1.1/4,77.4,9.0,494(0),[東] 鈴木慎太,202301020305
7,4,4,トーセンシナモン,牝2,55.0,武豊,1:32.7,クビ,23.0,7.0,498(0),[東] 小桧山悟,202301020305
8,8,10,リュウノアラス,牡2,55.0,横山和生,1:32.7,クビ,64.3,8.0,482(0),[東] 小西一男,202301020305
9,1,1,フォカッチャ,牝2,54.0,佐々木大,1:32.8,クビ,85.3,10.0,428(0),[東] 小手川準,202301020305
10,6,7,ヒルノドゴール,牡2,55.0,亀田温心,1:33.0,1.1/2,14.7,3.0,500(0),[西] 北出成人,202301020305
11,3,3,リプレット,牝2,54.0,角田大和,1:33.0,ハナ,158.3,11.0,406(0),[西] 飯田祐史,202301020305
1,8,14,オリンポスカズマ,牡3,56.0,モレイラ,1:47.1,,2.7,1.0,502(+4),[西] 平田修,202301020306
2,3,3,ピュアマークス,牡3,56.0,古川吉洋,1:47.3,1.1/4,8.4,4.0,486(+4),[西] 畑端省吾,202301020306
3,4,6,リオンエトワール,牡3,56.0,鮫島克駿,1:47.8,3,18.2,6.0,438(-2),[西] 橋口慎介,202301020306
4,6,10,フェーレンベルク,牡3,55.0,横山琉人,1:48.2,2.1/2,24.3,9.0,462(-11),[東] 高橋裕,202301020306
5,7,11,テイエムヒショウ,牡3,53.0,鷲頭虎太,1:48.5,2,6.0,3.0,480(-10),[西] 浜田多実,202301020306
6,2,2,ノイアーターク,セ3,56.0,横山和生,1:48.8,1.1/2,21.1,7.0,450(+2),[西] 安田隆行,202301020306
7,5,8,マドンナリリー,牝3,51.0,小林勝太,1:48.8,ハナ,138.0,11.0,472(-4),[東] 小野次郎,202301020306
8,7,12,ニシノシャイニング,牡3,56.0,武豊,1:48.8,アタマ,3.1,2.0,434(+4),[東] 中野栄治,202301020306
9,4,5,クワイエットドーン,牡3,56.0,吉田隼人,1:49.8,6,105.7,10.0,506(-6),[西] 矢作芳人,202301020306
10,8,13,シャノンフォールズ,セ3,55.0,佐々木大,1:50.7,5,12.3,5.0,474(0),[東] 上原博之,202301020306
11,1,1,エーレウォーン,牡3,56.0,横山武史,1:52.0,8,24.2,8.0,488(+2),[東] 斎藤誠,202301020306
12,6,9,ノヴィアル,牝3,53.0,小沢大仁,1:52.2,1,184.5,13.0,420(+2),[西] 渡辺薫彦,202301020306
13,3,4,ミユキアルテミシア,牝3,52.0,小林凌大,1:52.6,2.1/2,417.6,14.0,448(+2),[東] 小西一男,202301020306
14,5,7,ドラヴァイト,牡3,56.0,丹内祐次,1:53.1,3.1/2,142.9,12.0,440(+6),[東] 加藤和宏,202301020306
1,1,2,マテンロウカノン,牝3,54.0,横山和生,2:02.4,,25.9,7.0,444(+2),[東] 萩原清,202301020307
2,8,16,ブラックヴァール,牝3,53.0,佐々木大,2:02.5,1,6.6,3.0,462(+2),[東] 菊川正達,202301020307
3,3,6,ウマピョイ,牝3,53.0,小沢大仁,2:02.8,1.1/2,35.1,8.0,438(-6),[西] 角田晃一,202301020307
4,7,14,デュメイカズマ,牡3,56.0,藤岡佑介,2:02.8,クビ,60.4,11.0,470(+6),[西] 安田隆行,202301020307
5,6,12,モズマーカッシン,牡3,56.0,鮫島克駿,2:02.8,ハナ,23.1,6.0,446(+8),[西] 高柳大輔,202301020307
6,6,11,メタルクラフト,牡3,56.0,北村友一,2:02.9,アタマ,133.9,13.0,460(+8),[東] 田中博康,202301020307
7,1,1,ドライカプチーノ,牝3,54.0,黛弘人,2:02.9,アタマ,50.2,10.0,466(+10),[東] 萱野浩二,202301020307
8,2,4,プレシャスストーン,牝3,54.0,横山武史,2:03.0,3/4,38.5,9.0,398(+4),[東] 松山将樹,202301020307
9,8,15,スコプルス,牝3,54.0,丹内祐次,2:03.0,クビ,18.1,4.0,430(-8),[東] 中野栄治,202301020307
10,2,3,グレイトインディ,牡3,55.0,横山琉人,2:03.1,クビ,128.9,12.0,470(+2),[東] 勢司和浩,202301020307
11,5,10,アオラキ,牡3,53.0,鷲頭虎太,2:03.2,1/2,21.0,5.0,456(+2),[東] 田村康仁,202301020307
12,3,5,メトロフィルム,牝3,54.0,古川吉洋,2:03.2,ハナ,140.6,15.0,428(-4),[東] 清水英克,202301020307
13,4,8,レアリーズレーヴ,牝3,51.0,小林勝太,2:03.2,クビ,215.3,16.0,494(+6),[東] 和田雄二,202301020307
14,4,7,エレガントギフト,牝3,54.0,ルメール,2:03.3,クビ,2.8,2.0,444(+20),[西] 千田輝彦,202301020307
15,7,13,ヴンダー,牝3,52.0,小林凌大,2:04.2,5,136.5,14.0,458(+2),[東] 松永康利,202301020307
16,5,9,イッツオンリーユー,牝3,54.0,モレイラ,2:04.3,3/4,2.2,1.0,474(+8),[東] 手塚貴久,202301020307
1,1,1,ウィンターダフネ,牝3,53.0,吉田隼人,1:46.6,,3.5,1.0,476(-2),[東] 国枝栄,202301020308
2,6,10,シンボリックレルム,牝4,56.0,横山和生,1:46.9,1.3/4,5.6,4.0,498(+6),[東] 水野貴広,202301020308
3,4,6,セイカティターニア,牝3,52.0,横山琉人,1:47.1,1.1/4,3.7,2.0,414(+6),[東] 相沢郁,202301020308
4,7,11,ルージュブラゾン,牝4,56.0,モレイラ,1:47.2,3/4,5.5,3.0,480(+4),[東] 小島茂之,202301020308
5,3,3,チェイスザウェイ,牝3,51.0,小林凌大,1:47.7,3,15.1,6.0,478(+4),[東] 伊藤圭三,202301020308
6,6,9,タガノチョコラータ,牝3,53.0,古川吉洋,1:47.7,クビ,15.9,7.0,512(0),[西] 角田晃一,202301020308
7,5,8,ペイシャアンジェロ,牝3,50.0,小林勝太,1:48.2,3,26.3,9.0,448(+14),[東] 伊藤伸一,202301020308
8,8,13,デームフォーチュン,牝4,56.0,鮫島克駿,1:48.4,1.1/2,62.3,11.0,476(+2),[西] 高野友和,202301020308
9,7,12,ワイルドベティ,牝4,55.0,小沢大仁,1:48.7,1.3/4,94.2,12.0,420(-4),[西] 今野貞一,202301020308
10,5,7,コンプラセンシア,牝3,50.0,古川奈穂,1:49.0,1.1/2,20.4,8.0,472(-12),[西] 田中克典,202301020308
11,3,4,アロットドリーム,牝3,52.0,松本大輝,1:49.0,クビ,61.1,10.0,440(0),[西] 本田優,202301020308
12,2,2,アフトクラーティラ,牝3,52.0,角田大和,1:49.3,1.3/4,13.2,5.0,482(+4),[東] 菊沢隆徳,202301020308
13,4,5,ヴァルドマルヌ,牝4,53.0,鷲頭虎太,1:49.9,3.1/2,403.5,14.0,418(+4),[東] 大和田成,202301020308
14,8,14,コロル,牝3,52.0,佐々木大,1:51.2,8,95.9,13.0,458(+8),[西] 奥村豊,202301020308
1,8,14,ビジュノワール,牝4,56.0,モレイラ,1:29.3,,3.8,2.0,458(+10),[東] 中舘英二,202301020309
2,2,2,ケイアイクビラ,牡3,55.0,松田大作,1:29.3,クビ,29.4,8.0,484(+4),[西] 宮本博,202301020309
3,7,11,レッドシュヴェルト,牡3,55.0,ルメール,1:29.4,3/4,2.5,1.0,474(+24),[東] 尾関知人,202301020309
4,4,6,ダノンフロイデ,牡4,58.0,横山和生,1:29.4,ハナ,9.9,5.0,492(+14),[西] 藤原英昭,202301020309
5,5,8,トーセントラム,牡3,55.0,古川吉洋,1:29.6,1.1/4,93.3,12.0,434(-6),[東] 小桧山悟,202301020309
6,5,7,キガン,牝3,53.0,小林凌大,1:30.0,2.1/2,56.3,11.0,460(-10),[東] 小島茂之,202301020309
7,1,1,マイネルフォルツァ,牡3,55.0,丹内祐次,1:30.1,1/2,21.1,7.0,494(+6),[東] 金成貴史,202301020309
8,3,3,アンテロース,牡3,55.0,武豊,1:30.1,クビ,6.2,3.0,448(+4),[西] 岡田稲男,202301020309
9,3,4,マイネルエール,セ4,58.0,小林勝太,1:30.7,3.1/2,133.9,13.0,448(+4),[東] 蛯名利弘,202301020309
10,6,10,ランフリーバンクス,牝3,53.0,横山典弘,1:30.8,1,29.6,9.0,430(-2),[西] 武幸四郎,202301020309
11,8,13,バトルキャット,牝4,56.0,吉田隼人,1:30.9,クビ,47.5,10.0,474(0),[東] 牧光二,202301020309
12,4,5,マルカシャルマン,牝3,53.0,川田将雅,1:31.0,1/2,9.2,4.0,426(+6),[西] 浜田多実,202301020309
13,6,9,ウインバリオス,牡4,58.0,黛弘人,1:31.0,アタマ,212.6,14.0,460(+2),[西] 加用正,202301020309
14,7,12,ビジューブリランテ,セ5,58.0,佐々木大,1:32.1,7,20.7,6.0,494(+2),[東] 武井亮,202301020309
1,1,2,ウインスノーライト,牡3,55.0,長岡禎仁,2:01.8,,6.2,3.0,472(0),[西] 杉山晴紀,202301020310
2,2,4,タシット,牡4,58.0,横山武史,2:01.9,1,2.1,1.0,472(+6),[東] 中川公成,202301020310
3,8,16,ウィステリアリヴァ,牡3,55.0,横山和生,2:02.3,2,13.1,5.0,500(-6),[東] 小野次郎,202301020310
4,1,1,コスモエクスプレス,牡4,58.0,丹内祐次,2:02.5,1.1/2,27.3,8.0,470(-6),[東] 松永康利,202301020310
5,7,13,フォトンブルー,牡3,55.0,武豊,2:02.7,1.1/4,4.2,2.0,508(-10),[西] 武幸四郎,202301020310
6,6,11,シェイクユアハート,牡3,55.0,古川吉洋,2:02.8,1/2,32.1,9.0,440(+14),[西] 宮徹,202301020310
7,4,7,ゲンパチムサシ,牡5,58.0,モレイラ,2:02.8,アタマ,10.5,4.0,512(+16),[西] 佐々木晶,202301020310
8,5,9,バガン,牡5,58.0,富田暁,2:02.9,1/2,25.7,7.0,468(-4),[西] 野中賢二,202301020310
9,7,14,プリティユニバンス,牝6,56.0,佐々木大,2:03.0,3/4,45.6,10.0,466(0),[西] 村山明,202301020310
10,5,10,アレナリア,牝4,56.0,ルメール,2:03.0,ハナ,20.9,6.0,422(0),[西] 西園翔太,202301020310
11,6,12,クラウドセイル,牡3,55.0,鮫島克駿,2:03.5,3,129.0,12.0,484(+6),[西] 清水久詞,202301020310
12,3,5,フェルドランス,牡3,55.0,横山琉人,2:03.6,3/4,294.5,14.0,466(0),[東] 鈴木慎太,202301020310
13,8,15,エルバルーチェ,牝6,56.0,勝浦正樹,2:03.7,3/4,159.7,13.0,470(-4),[東] 西田雄一,202301020310
14,4,8,ツィスカリーゼ,牡3,55.0,北村友一,2:03.9,1,448.7,15.0,428(-2),[西] 牧田和弥,202301020310
15,3,6,フレスコバンクール,牡3,55.0,吉田隼人,2:05.0,7,113.7,11.0,512(-14),[東] 武藤善則,202301020310
16,2,3,クイーンディーン,牝3,53.0,黛弘人,2:05.6,3.1/2,501.2,16.0,468(-4),[東] 石毛善彦,202301020310
1,4,5,ミステリーウェイ,セ5,57.0,池添謙一,2:46.0,,5.5,3.0,490(-4),[西] 小林真也,202301020311
2,7,11,ゴールデンスナップ,牝3,52.0,浜中俊,2:46.1,3/4,3.8,1.0,464(+6),[西] 田中克典,202301020311
3,5,8,ダノンジャッカル,牡4,57.0,川田将雅,2:46.2,クビ,4.2,2.0,450(-10),[西] 中内田充,202301020311
4,2,2,ジェンヌ,牝4,55.0,ルメール,2:46.3,3/4,5.6,4.0,428(+4),[西] 安達昭夫,202301020311
5,1,1,キャルレイ,牡4,56.0,武豊,2:46.7,2.1/2,8.2,5.0,476(-2),[東] 鹿戸雄一,202301020311
6,6,10,シーグラス,牝4,54.0,丹内祐次,2:46.8,1/2,24.8,8.0,434(0),[東] 武藤善則,202301020311
7,8,14,ソムリエ,牡3,54.0,鮫島克駿,2:47.1,2,85.6,11.0,442(+4),[東] 相沢郁,202301020311
8,7,12,ビルボードクィーン,牝5,52.0,北村友一,2:47.3,1.1/4,124.3,13.0,456(+8),[西] 小崎憲,202301020311
9,5,7,タイミングハート,牡6,54.0,横山典弘,2:47.5,3/4,93.4,12.0,446(-8),[西] 武幸四郎,202301020311
10,4,6,クリノキングボス,牡6,50.0,小林勝太,2:47.7,1.1/4,366.5,14.0,484(+8),[東] 天間昭一,202301020311
11,3,3,サトノシャローム,牡6,56.0,モレイラ,2:47.7,アタマ,9.1,6.0,518(0),[西] 池江泰寿,202301020311
12,6,9,サトノミスチーフ,牡3,54.0,富田暁,2:47.7,アタマ,44.2,10.0,486(+4),[西] 平田修,202301020311
13,3,4,ウインルーア,牝5,51.0,佐々木大,2:47.9,1.1/4,41.8,9.0,470(0),[東] 青木孝文,202301020311
14,8,13,ラウルピドゥ,牡4,55.0,吉田隼人,2:48.0,1/2,21.4,7.0,478(0),[西] 吉村圭司,202301020311
1,5,6,クリーデンス,牝3,54.0,ルメール,0:58.9,,1.8,1.0,494(-2),[西] 吉村圭司,202301020312
2,7,9,ダラムキャッスル,牝3,53.0,横山琉人,0:59.0,クビ,3.7,2.0,516(0),[東] 斎藤誠,202301020312
3,8,12,ヒメカミノイタダキ,牡4,58.0,柴山雄一,0:59.4,2.1/2,41.0,7.0,484(+2),[東] 武市康男,202301020312
4,5,5,バスドラムガール,牝3,50.0,古川奈穂,0:59.6,1.1/4,4.0,3.0,446(-6),[西] 羽月友彦,202301020312
5,1,1,コスモジョセフ,牡3,56.0,丹内祐次,0:59.9,2,60.5,8.0,472(-4),[東] 伊藤大士,202301020312
6,7,10,セイゲン,牡4,58.0,富田暁,0:59.9,クビ,25.5,5.0,482(+8),[東] 中川公成,202301020312
7,4,4,フクノワカバ,牝3,54.0,鮫島克駿,1:00.3,2.1/2,12.2,4.0,448(+2),[西] 杉山佳明,202301020312
8,2,2,トルーマンテソーロ,牡4,58.0,池添謙一,1:00.3,クビ,90.9,9.0,524(-6),[東] 小手川準,202301020312
9,6,8,ルイス,牡3,53.0,小林勝太,1:00.7,2.1/2,150.6,10.0,474(-12),[西] 角田晃一,202301020312
10,6,7,チャーチャンテン,牝5,56.0,黛弘人,1:00.9,1.1/4,450.3,11.0,424(-2),[東] 浅野洋一,202301020312
11,3,3,ヨドノゴールド,牡5,57.0,佐々木大,1:01.1,1.1/4,34.4,6.0,466(-10),[西] 西園正都,202301020312
除,8,11,サザンレイク,牝3,52.0,小林凌大,,,---,,470(-12),[東] 根本康広,202301020312
1,7,8,タイセイレスポンス,牡2,55.0,横山和生,1:32.9,,7.8,2.0,484(-4),[西] 安田翔伍,202301020401
2,1,1,キャプテンシー,牡2,55.0,モレイラ,1:33.0,クビ,1.2,1.0,454(-4),[西] 松永幹夫,202301020401
3,4,4,アンクルクロス,牡2,55.0,北村友一,1:33.6,3.1/2,66.7,9.0,452(-14),[西] 高橋亮,202301020401
4,8,10,メイオウ,牡2,55.0,落合玄太,1:33.7,1/2,63.0,8.0,412(+6),[東] 和田勇介,202301020401
5,2,2,リート,牝2,55.0,横山武史,1:33.7,クビ,11.9,3.0,446(-4),[西] 加用正,202301020401
6,6,6,ベストベルシック,牝2,52.0,小林勝太,1:33.8,クビ,31.2,7.0,412(0),[東] 高橋裕,202301020401
7,6,7,ズバットマサムネ,牡2,55.0,浜中俊,1:34.0,1.1/2,14.2,4.0,468(+4),[西] 杉山佳明,202301020401
8,5,5,オーケーソニック,牝2,54.0,横山琉人,1:34.1,1/2,273.4,11.0,412(+14),[東] 相沢郁,202301020401
9,3,3,アオイエクラタン,牝2,51.0,古川奈穂,1:34.8,4,261.9,10.0,400(-8),[西] 高橋康之,202301020401
10,7,9,ポケットマネー,牡2,54.0,佐々木大,1:34.9,3/4,27.8,5.0,488(+10),[東] 小手川準,202301020401
11,8,11,ショウナンマントル,牡2,55.0,池添謙一,1:34.9,ハナ,27.8,6.0,450(-6),[西] 新谷功一,202301020401
1,6,7,テイエムルンバ,牝3,53.0,佐々木大,0:58.8,,3.9,2.0,470(-2),[西] 畑端省吾,202301020402
2,8,12,ルソレイユ,牡3,56.0,松岡正海,0:59.0,1,15.5,7.0,504(+4),[西] 北出成人,202301020402
3,7,9,レディエンフェイス,牝3,54.0,ルメール,0:59.0,クビ,4.5,3.0,542(-2),[東] 加藤征弘,202301020402
4,5,6,ドナルビー,牝3,54.0,横山武史,0:59.6,3.1/2,3.0,1.0,456(+8),[東] 畠山吉宏,202301020402
5,1,1,ラリーレイド,牡3,56.0,モレイラ,0:59.7,クビ,9.7,5.0,488(-4),[東] 萩原清,202301020402
6,6,8,ヴァルカン,牝3,54.0,丹内祐次,1:00.0,1.3/4,11.8,6.0,456(+6),[東] 稲垣幸雄,202301020402
7,5,5,テルテ,牝3,54.0,嶋田純次,1:00.1,3/4,67.3,9.0,434(+10),[東] 手塚貴久,202301020402
8,8,11,ステラヴェスパー,牝3,54.0,落合玄太,1:00.1,アタマ,29.6,8.0,436(+4),[西] 茶木太樹,202301020402
9,3,3,ポルトドール,牡3,56.0,武豊,1:00.3,1.1/2,7.7,4.0,474(-2),[西] 池江泰寿,202301020402
10,4,4,ニシノレールガン,牝3,51.0,鷲頭虎太,1:01.4,7,86.2,10.0,444(-2),[東] 武藤善則,202301020402
11,2,2,キャッチクライ,牝3,50.0,古川奈穂,1:01.7,1.3/4,199.3,11.0,462(+8),[西] 牧浦充徳,202301020402
除,7,10,イースターエッグ,牝3,51.0,小林勝太,,,---,,446(+8),[東] 加藤和宏,202301020402
1,7,10,ムジェロ,牡3,56.0,北村友一,1:47.2,,3.5,1.0,512(-4),[西] 藤原英昭,202301020403
2,8,13,オセアバトルプラン,牡3,56.0,横山武史,1:47.5,1.3/4,5.8,4.0,474(-2),[東] 菊川正達,202301020403
3,3,3,ルーラーリッチ,セ3,56.0,石川倭,1:47.7,1.1/2,5.8,3.0,484(+6),[東] 小島茂之,202301020403
4,5,6,オボッチャマ,牡3,56.0,丹内祐次,1:47.9,3/4,6.7,5.0,484(+2),[東] 武市康男,202301020403
5,6,9,ブリリオ,牡3,53.0,鷲頭虎太,1:48.1,1.1/2,26.4,9.0,448(-2),[西] 野中賢二,202301020403
6,2,2,ショウナンアビアス,牡3,56.0,ルメール,1:48.4,1.1/2,5.1,2.0,468(-2),[東] 尾関知人,202301020403
7,5,7,デルマコテナゲ,牡3,53.0,小林勝太,1:48.5,3/4,20.4,8.0,466(-2),[東] 小野次郎,202301020403
8,8,12,ヴォアプレット,牡3,56.0,藤岡佑介,1:48.7,1.1/2,43.2,11.0,454(+4),[西] 中内田充,202301020403
9,4,4,グリーンオパール,牝3,54.0,落合玄太,1:49.5,5,20.1,7.0,482(-2),[西] 小崎憲,202301020403
10,7,11,イナホ,牝3,52.0,小林凌大,1:50.2,4,32.0,10.0,436(-6),[東] 小桧山悟,202301020403
11,1,1,ミスティックパワー,牡3,56.0,池添謙一,1:50.6,2.1/2,14.2,6.0,498(+2),[西] 新谷功一,202301020403
12,6,8,ドナスウェット,牝3,54.0,吉田隼人,1:51.8,7,128.5,13.0,490(+8),[西] 矢作芳人,202301020403
13,4,5,デフィレデモード,牝3,54.0,古川吉洋,1:52.7,5,86.5,12.0,452(+4),[東] 蛯名正義,202301020403
1,6,10,カナオールウェイズ,牡3,56.0,藤岡佑介,2:45.6,,12.2,5.0,488(-20),[西] 藤岡健一,202301020404
2,8,13,ヴェルミセル,牝3,54.0,武豊,2:46.0,2,8.8,4.0,458(-4),[西] 吉村圭司,202301020404
3,3,3,ドラゴンヘッド,牡3,56.0,横山武史,2:46.1,3/4,4.5,3.0,444(-2),[東] 武藤善則,202301020404
4,3,4,オールアイズオン,牡3,56.0,ルメール,2:47.0,5,3.0,1.0,486(+4),[東] 蛯名正義,202301020404
5,4,5,ルージュメイベル,牝3,53.0,佐々木大,2:47.1,1/2,93.9,11.0,428(-6),[東] 小島茂之,202301020404
6,1,1,ウインユアソング,牡3,56.0,石川倭,2:47.8,4,17.7,6.0,464(0),[東] 松山将樹,202301020404
7,5,8,ヤマブキ,牡3,56.0,黛弘人,2:47.9,3/4,71.9,10.0,490(+6),[東] 伊藤伸一,202301020404
8,2,2,サングラデーション,牡3,56.0,モレイラ,2:47.9,アタマ,3.3,2.0,428(+10),[東] 堀宣行,202301020404
9,4,6,パープルアドミラル,牡3,55.0,松本大輝,2:48.0,1/2,104.1,12.0,438(-4),[東] 堀内岳志,202301020404
10,5,7,リスノワール,牝3,51.0,小林勝太,2:48.2,3/4,33.5,9.0,458(-4),[東] 村田一誠,202301020404
11,6,9,ヒラトミッチー,牝3,54.0,松岡正海,2:48.9,4,28.1,8.0,432(-2),[東] 松山将樹,202301020404
12,7,12,サンセットベリー,牡3,54.0,小林凌大,2:50.2,8,128.2,13.0,454(0),[東] 松永康利,202301020404
13,8,14,アッシュフォード,牡3,56.0,池添謙一,2:52.4,大,20.9,7.0,464(0),[西] 西園翔太,202301020404
14,7,11,スズカマリー,牝3,54.0,和田翼,3:00.8,大,445.3,14.0,418(0),[西] 谷潔,202301020404
1,2,2,ウールデュボヌール,牡2,55.0,川田将雅,2:08.3,,2.4,2.0,482(0),[西] 須貝尚介,202301020405
2,4,4,ウインマクシマム,牡2,55.0,松岡正海,2:08.3,アタマ,2.3,1.0,466(0),[東] 畠山吉宏,202301020405
3,8,9,センチュリボンド,牡2,55.0,武豊,2:08.6,1.1/2,26.4,6.0,464(0),[西] 庄野靖志,202301020405
4,6,6,サトノオラシオン,牡2,55.0,モレイラ,2:08.7,1,7.7,3.0,488(0),[東] 堀宣行,202301020405
5,3,3,マルカオペラ,牝2,55.0,北村友一,2:09.1,2,84.3,7.0,482(0),[西] 浜田多実,202301020405
6,1,1,ロールオブアームズ,牝2,55.0,ルメール,2:09.2,1,17.1,5.0,476(0),[東] 田村康仁,202301020405
7,5,5,パンジャ,牡2,55.0,横山武史,2:09.2,ハナ,10.6,4.0,466(0),[東] 金成貴史,202301020405
8,8,8,シュレディンガー,牡2,55.0,和田竜二,2:10.4,7,103.9,9.0,496(0),[西] 小栗実,202301020405
9,7,7,キングスクラウン,牡2,55.0,吉田隼人,2:14.9,大,96.9,8.0,456(0),[東] 尾関知人,202301020405
1,4,4,コルサファターレ,牡3,55.0,ルメール,2:37.5,,1.6,1.0,506(+6),[東] 中川公成,202301020406
2,5,5,クロスザルビコン,牡6,58.0,モレイラ,2:37.8,1.3/4,7.7,3.0,450(-4),[東] 大和田成,202301020406
3,5,6,フロンタルジェダイ,牡4,58.0,富田暁,2:37.8,アタマ,12.2,5.0,518(-8),[西] 高橋義忠,202301020406
4,2,2,アンノウンウォリア,牡4,58.0,北村友一,2:37.9,1/2,15.7,6.0,460(-8),[西] 平田修,202301020406
5,3,3,カフェカルマ,牡4,58.0,横山和生,2:38.0,クビ,4.8,2.0,532(-4),[東] 古賀慎明,202301020406
6,8,11,サトノバトラー,セ5,57.0,佐々木大,2:38.5,3,35.5,7.0,496(-10),[東] 堀宣行,202301020406
7,1,1,ラピドゥス,牝4,56.0,落合玄太,2:38.7,1.1/2,114.2,8.0,490(-8),[西] 高柳大輔,202301020406
8,6,8,ナチュラルリバー,牡3,54.0,小沢大仁,2:38.8,クビ,8.0,4.0,466(+4),[西] 武英智,202301020406
9,8,12,ミルトボス,牡5,57.0,角田大和,2:38.8,クビ,140.2,9.0,512(+6),[西] 中竹和也,202301020406
10,7,9,エーティータキオン,牡3,55.0,古川吉洋,2:39.2,2.1/2,363.3,12.0,414(+2),[西] 木原一良,202301020406
11,7,10,ジョリーブレス,牝5,56.0,石川倭,2:39.4,1.1/4,270.5,11.0,472(-4),[西] 奥村豊,202301020406
12,6,7,デルマアビセタオシ,牡3,51.0,古川奈穂,2:41.2,大,223.8,10.0,474(0),[西] 牧田和弥,202301020406
1,5,10,ワレハウミノコ,牝3,53.0,富田暁,2:04.3,,104.6,14.0,448(-2),[西] 武英智,202301020407
2,7,14,シャドウエリス,牝5,56.0,北村友一,2:04.6,1.1/2,199.7,16.0,460(0),[東] 金成貴史,202301020407
3,6,12,ポーレット,牝3,52.0,佐々木大,2:04.8,1.1/2,19.7,9.0,462(+2),[西] 吉岡辰弥,202301020407
4,4,8,ルーチェロッサ,牝3,53.0,戸崎圭太,2:04.9,クビ,11.8,4.0,458(+6),[東] 相沢郁,202301020407
5,1,1,ヴァイルマティ,牝3,53.0,横山武史,2:05.0,3/4,2.8,1.0,500(+6),[東] 鹿戸雄一,202301020407
6,2,4,マスキュリン,牝3,53.0,池添謙一,2:05.2,3/4,8.7,3.0,442(+2),[西] 新谷功一,202301020407
7,3,6,エールミネルヴァ,牝3,53.0,藤岡佑介,2:05.4,1.1/4,32.2,11.0,474(0),[西] 橋口慎介,202301020407
8,4,7,アンノウンレディ,牝3,53.0,丹内祐次,2:05.5,3/4,13.0,5.0,450(+8),[東] 清水英克,202301020407
9,6,11,ユイ,牝4,52.0,古川奈穂,2:05.8,2,13.4,6.0,458(+6),[西] 高橋康之,202301020407
10,1,2,ウインレイアー,牝3,53.0,松岡正海,2:06.0,1.1/4,15.5,8.0,450(+8),[東] 和田雄二,202301020407
11,5,9,トゥーテイルズ,牝3,52.0,角田大和,2:06.3,1.1/2,20.4,10.0,470(+4),[西] 藤原英昭,202301020407
12,8,16,クインズステラ,牝4,56.0,横山和生,2:06.4,3/4,98.3,13.0,464(+6),[東] 池上昌和,202301020407
13,3,5,イージーオンミー,牝3,53.0,武豊,2:06.5,1/2,15.3,7.0,440(+10),[東] 中舘英二,202301020407
14,7,13,メランポジューム,牝3,53.0,川田将雅,2:07.0,3,4.0,2.0,458(+6),[西] 高野友和,202301020407
15,2,3,ビップクロエ,牝3,50.0,鷲頭虎太,2:07.2,3/4,185.2,15.0,452(+6),[西] 松下武士,202301020407
16,8,15,ポルテーニャ,牝4,56.0,和田竜二,2:09.0,大,96.1,12.0,448(+4),[西] 西村真幸,202301020407
1,8,8,コスモディナー,牝2,55.0,松岡正海,1:32.8,,8.0,4.0,468(+2),[東] 伊藤伸一,202301020408
2,7,7,カイコウ,セ2,55.0,落合玄太,1:33.0,1.1/2,88.0,7.0,458(-6),[地] 田中正二,202301020408
3,4,4,ノヴァエクスプレス,牡2,55.0,モレイラ,1:33.2,1,2.8,2.0,480(-2),[東] 鈴木慎太,202301020408
4,3,3,テラメリタ,牝2,55.0,ルメール,1:33.4,1.1/2,2.2,1.0,470(+8),[西] 須貝尚介,202301020408
5,6,6,ドナベティ,牝2,55.0,武豊,1:33.4,ハナ,4.7,3.0,422(-4),[西] 矢作芳人,202301020408
6,1,1,モズミギカタアガリ,牝2,55.0,戸崎圭太,1:33.8,2.1/2,50.5,6.0,448(-14),[地] 米川昇,202301020408
7,5,5,オオイチョウ,牡2,55.0,石川倭,1:34.0,3/4,115.0,8.0,454(-2),[地] 小国博行,202301020408
8,8,9,エイシンジョルト,牝2,55.0,阿部龍,1:34.8,5,234.6,9.0,440(-6),[地] 角川秀樹,202301020408
中,2,2,タヤスロンドン,牡2,55.0,丹内祐次,,,34.4,5.0,492(0),[東] 岩戸孝樹,202301020408
1,5,7,ミラクルティアラ,牝3,53.0,横山武史,1:47.1,,3.0,2.0,444(+10),[西] 加用正,202301020409
2,1,1,サンライズグルーヴ,牡3,55.0,富田暁,1:47.3,1.1/2,2.6,1.0,516(+10),[西] 河内洋,202301020409
3,6,10,スマートムーラン,牝4,56.0,岩田康誠,1:47.7,2.1/2,7.4,4.0,466(+2),[西] 大久保龍,202301020409
4,6,9,シュガーコルト,セ4,58.0,和田竜二,1:47.8,1/2,73.6,9.0,500(+10),[西] 寺島良,202301020409
5,5,8,テンウォークライ,牡5,58.0,勝浦正樹,1:47.8,アタマ,54.9,8.0,484(-4),[東] 金成貴史,202301020409
6,7,12,ニットウライジン,牡3,55.0,小林勝太,1:47.9,3/4,7.0,3.0,498(0),[東] 稲垣幸雄,202301020409
7,3,4,キョウワウォール,牡7,58.0,国分優作,1:48.2,1.1/2,118.5,11.0,474(-2),[西] 飯田雄三,202301020409
8,7,11,デストロイ,セ9,58.0,山田敬士,1:48.3,1,395.8,14.0,510(+10),[東] 高橋裕,202301020409
9,8,13,マテンロウアイ,牝4,56.0,横山典弘,1:48.4,クビ,13.4,6.0,538(+14),[西] 寺島良,202301020409
10,3,3,サヴァビアン,牡5,58.0,小林凌大,1:48.6,1.1/4,11.4,5.0,430(-6),[西] 羽月友彦,202301020409
11,4,6,ハイラブハンター,牡5,58.0,和田翼,1:48.6,クビ,143.2,13.0,496(+10),[西] 谷潔,202301020409
12,8,14,マイグレーション,牡5,58.0,江田照男,1:48.7,1/2,24.3,7.0,520(+6),[東] 水野貴広,202301020409
13,2,2,ラキ,牝6,56.0,落合玄太,1:48.9,1,114.4,10.0,476(-4),[西] 小崎憲,202301020409
14,4,5,ビヨンドザシーン,牡5,58.0,黛弘人,1:49.7,5,127.6,12.0,466(-2),[東] 石毛善彦,202301020409
1,8,13,ワックスフラワー,牝3,54.0,黛弘人,1:10.5,,15.8,8.0,448(+4),[東] 深山雅史,202301020410
2,4,6,ハピネスアゲン,牝4,56.0,江田照男,1:10.6,3/4,10.5,6.0,458(0),[東] 萱野浩二,202301020410
3,2,2,シルフィードレーヴ,牝3,54.0,ルメール,1:10.7,3/4,8.4,5.0,444(0),[西] 西園正都,202301020410
4,8,14,センタースリール,牝4,56.0,丹内祐次,1:11.1,2.1/2,74.3,13.0,474(+4),[東] 本間忍,202301020410
5,5,7,ラウラーナ,牝3,54.0,鷲頭虎太,1:11.2,1/2,11.9,7.0,422(0),[東] 宗像義忠,202301020410
6,7,11,ミズノコキュウ,牝4,56.0,横山武史,1:11.5,2,5.0,2.0,422(-4),[東] 水野貴広,202301020410
7,1,1,ヤマニンルリュール,牝5,56.0,富田暁,1:11.7,1.1/4,63.8,12.0,490(+10),[西] 木原一良,202301020410
8,3,3,イズンシーラブリー,牝5,56.0,モレイラ,1:11.8,クビ,3.1,1.0,426(-4),[東] 加藤征弘,202301020410
9,3,4,ナリタローゼ,牝5,56.0,北村友一,1:11.9,3/4,8.0,4.0,488(+16),[西] 高橋亮,202301020410
10,4,5,バレリーナ,牝3,54.0,和田竜二,1:12.1,1.1/4,47.7,11.0,452(-6),[西] 清水久詞,202301020410
11,6,9,タリア,牝3,54.0,佐々木大,1:12.1,アタマ,6.8,3.0,436(+4),[東] 矢野英一,202301020410
12,6,10,デルマカミーラ,牝4,56.0,小沢大仁,1:12.6,3,40.5,10.0,484(+8),[西] 牧田和弥,202301020410
13,5,8,トップキャスト,牝4,56.0,戸崎圭太,1:13.1,3,40.4,9.0,446(+6),[西] 高橋康之,202301020410
14,7,12,タカラマドンナ,牝4,56.0,川又賢治,1:13.8,4,126.4,14.0,462(+2),[西] 杉山佳明,202301020410
1,7,13,プログノーシス,牡5,58.0,川田将雅,2:01.5,,5.1,2.0,476(+2),[西] 中内田充,202301020411
2,6,10,トップナイフ,牡3,55.0,横山和生,2:02.2,4,49.6,9.0,482(-2),[西] 昆貢,202301020411
3,1,1,ソーヴァリアント,牡5,58.0,ルメール,2:02.7,3,7.9,4.0,508(0),[東] 大竹正博,202301020411
4,4,6,ダノンベルーガ,牡4,58.0,モレイラ,2:02.8,3/4,6.3,3.0,508(0),[東] 堀宣行,202301020411
5,7,12,ヒシイグアス,牡7,58.0,浜中俊,2:02.8,クビ,16.9,7.0,502(+16),[東] 堀宣行,202301020411
6,3,5,ジャックドール,牡5,58.0,武豊,2:03.2,2.1/2,2.3,1.0,516(+8),[西] 藤岡健一,202301020411
7,8,14,イズジョーノキセキ,牝6,56.0,岩田康誠,2:03.3,クビ,50.5,10.0,474(0),[西] 中村直也,202301020411
8,6,11,ラーグルフ,牡4,58.0,戸崎圭太,2:03.7,2.1/2,75.1,11.0,498(+4),[東] 宗像義忠,202301020411
9,2,2,ウインマリリン,牝6,56.0,松岡正海,2:04.0,2,11.9,6.0,494(0),[東] 手塚貴久,202301020411
10,4,7,ヤマニンサルバム,牡4,58.0,吉田隼人,2:04.0,ハナ,426.6,15.0,498(-4),[西] 中村直也,202301020411
11,3,4,シャフリヤール,牡5,58.0,横山武史,2:04.8,5,9.1,5.0,460(0),[西] 藤原英昭,202301020411
12,5,9,アフリカンゴールド,セ8,58.0,国分恭介,2:05.1,1.1/2,204.9,13.0,472(+4),[西] 西園正都,202301020411
13,2,3,ウインマイティー,牝6,56.0,和田竜二,2:05.3,1,81.7,12.0,490(0),[西] 西園正都,202301020411
14,5,8,マテンロウレオ,牡4,58.0,横山典弘,2:06.5,7,46.8,8.0,482(+8),[西] 昆貢,202301020411
15,8,15,ユニコーンライオン,牡7,58.0,国分優作,2:07.0,3,246.0,14.0,526(+4),[西] 矢作芳人,202301020411
1,8,13,メイショウシナノ,牡3,54.0,小沢大仁,1:47.7,,3.5,2.0,490(+8),[西] 大橋勇樹,202301020412
2,6,9,ミユキザストロング,牡4,58.0,勝浦正樹,1:48.0,2,72.6,10.0,534(-4),[東] 小西一男,202301020412
3,6,8,アルシオーネ,牡5,57.0,佐々木大,1:48.2,1.1/4,2.4,1.0,516(-2),[西] 須貝尚介,202301020412
4,7,10,クリノグローリー,牡3,52.0,小林勝太,1:48.3,クビ,8.2,4.0,472(+10),[西] 谷潔,202301020412
5,7,11,ウェザーコック,牡3,55.0,和田竜二,1:48.5,1.1/4,13.5,5.0,434(-10),[西] 岡田稲男,202301020412
6,4,5,ヒロノオオゾラ,牡3,55.0,古川吉洋,1:48.5,アタマ,16.9,6.0,466(-2),[西] 宮本博,202301020412
7,2,2,トーホウデュラン,牡4,58.0,吉田隼人,1:48.5,アタマ,6.1,3.0,496(+12),[西] 石坂公一,202301020412
8,5,6,ルミナスフラックス,セ4,58.0,石川倭,1:48.9,2.1/2,175.4,12.0,496(+10),[東] 堀内岳志,202301020412
9,8,12,ブレットフライ,牡4,58.0,黛弘人,1:49.2,2,26.8,8.0,522(+16),[東] 萱野浩二,202301020412
10,5,7,バブルアップハート,牡3,55.0,横山典弘,1:50.0,5,18.7,7.0,562(+12),[西] 高橋康之,202301020412
11,3,3,ヌンカプト,牡6,55.0,鷲頭虎太,1:50.0,クビ,337.4,13.0,472(+14),[東] 堀内岳志,202301020412
12,1,1,アナザームーン,牡3,55.0,嶋田純次,1:50.4,2.1/2,161.3,11.0,462(+6),[東] 水野貴広,202301020412
13,4,4,ラフシー,牡4,58.0,池添謙一,1:50.4,ハナ,39.9,9.0,532(0),[東] 大竹正博,202301020412
1,6,6,アンバーニードル,牡2,55.0,ルメール,1:10.2,,5.6,2.0,476(+6),[東] 加藤征弘,202301020501
2,4,4,ベアゴーゴー,牝2,55.0,武豊,1:10.3,3/4,1.2,1.0,468(+14),[東] 杉浦宏昭,202301020501
3,3,3,リネンワルツ,牝2,55.0,勝浦正樹,1:10.5,1.1/4,58.5,6.0,466(+4),[東] 粕谷昌央,202301020501
4,6,7,ワイノナオミ,牝2,55.0,モレイラ,1:10.6,1/2,9.1,3.0,436(0),[西] 安田隆行,202301020501
5,1,1,キックアーサー,牝2,52.0,小林勝太,1:10.6,アタマ,78.9,7.0,452(-2),[東] 加藤士津,202301020501
6,5,5,ココシャンパーニュ,牝2,54.0,佐々木大,1:10.9,1.1/2,17.6,4.0,452(-2),[西] 音無秀孝,202301020501
7,7,9,ギンノアラナミ,牡2,55.0,岩田望来,1:12.1,7,19.0,5.0,444(-8),[西] 杉山佳明,202301020501
8,2,2,ランフォーリリーズ,牝2,52.0,鷲頭虎太,1:12.2,クビ,107.9,9.0,414(+4),[西] 牧田和弥,202301020501
9,7,8,センタービット,牡2,51.0,古川奈穂,1:12.3,1/2,460.8,11.0,422(0),[東] 浅野洋一,202301020501
10,8,10,ミッドナッツソル,牝2,55.0,鮫島克駿,1:13.9,10,283.5,10.0,428(-4),[西] 中村直也,202301020501
11,8,11,ラシェンテ,牝2,55.0,和田翼,1:19.7,大,89.7,8.0,436(-4),[西] 谷潔,202301020501
1,4,4,ヴィクトリアドール,牝2,55.0,北村友一,1:53.4,,2.0,1.0,512(+2),[西] 奥村豊,202301020502
2,3,3,オリエンタルナイト,牡2,54.0,佐々木大,1:53.4,アタマ,28.4,5.0,516(+4),[西] 寺島良,202301020502
3,5,5,サウンドノバ,牡2,55.0,吉田隼人,1:53.5,1,10.4,4.0,464(-6),[西] 安達昭夫,202301020502
4,2,2,ライフセービング,牡2,55.0,モレイラ,1:53.6,クビ,2.4,2.0,444(0),[西] 宮徹,202301020502
5,1,1,ファインライン,牡2,55.0,鮫島克駿,1:54.2,3.1/2,6.2,3.0,444(-8),[西] 松永幹夫,202301020502
1,7,10,エイシンエマーユ,牝3,54.0,モレイラ,0:58.8,,2.4,1.0,448(+2),[東] 田中剛,202301020503
2,8,12,ビップナージャ,牝3,54.0,横山武史,0:59.1,1.3/4,4.6,3.0,430(+8),[東] 高柳瑞樹,202301020503
3,5,6,フューチャーアゲン,牝3,54.0,丹内祐次,0:59.3,1.1/2,78.2,11.0,448(+6),[東] 加藤和宏,202301020503
4,4,4,ゼラスエフォーツ,牝3,54.0,岩田望来,0:59.7,2.1/2,38.1,7.0,450(-4),[東] 古賀慎明,202301020503
5,3,3,レディエンフェイス,牝3,54.0,ルメール,0:59.8,クビ,2.8,2.0,542(0),[東] 加藤征弘,202301020503
6,2,2,エリカソレイユ,牝3,54.0,武豊,0:59.9,3/4,11.7,4.0,408(+4),[東] 国枝栄,202301020503
7,1,1,クリノビッグママ,牝3,52.0,小林凌大,1:00.0,1/2,126.8,12.0,430(+14),[東] 石毛善彦,202301020503
8,7,9,ベッラフロー,牝3,54.0,戸崎圭太,1:00.2,1.1/2,32.2,6.0,444(-16),[東] 加藤和宏,202301020503
9,5,5,マジカルガール,牝3,54.0,黛弘人,1:00.4,1.1/4,66.0,10.0,422(+10),[東] 嘉藤貴行,202301020503
10,6,7,メイショウコウラン,牝3,53.0,佐々木大,1:00.5,クビ,14.9,5.0,412(+2),[西] 荒川義之,202301020503
11,8,11,カリーナベローチェ,牝3,54.0,浜中俊,1:02.1,10,44.3,8.0,430(0),[西] 笹田和秀,202301020503
12,6,8,パサージュ,牝3,54.0,鮫島克駿,1:02.3,3/4,56.4,9.0,416(+10),[西] 今野貞一,202301020503
1,5,7,ウインドワンピース,牡3,56.0,荻野琢真,1:47.1,,38.8,10.0,498(-2),[西] 藤沢則雄,202301020504
2,1,1,ブリリオ,牡3,56.0,岩田望来,1:47.3,1,13.7,6.0,448(0),[西] 野中賢二,202301020504
3,7,11,クレシューズ,牡3,56.0,池添謙一,1:47.5,1.1/4,2.5,1.0,442(0),[西] 岡田稲男,202301020504
4,2,2,ショウナンアキドン,牡3,56.0,川田将雅,1:47.6,クビ,3.4,2.0,462(-12),[西] 高野友和,202301020504
5,8,13,ミッキーホーリー,牡3,56.0,丹内祐次,1:47.6,アタマ,12.4,4.0,506(+8),[東] 菊沢隆徳,202301020504
6,6,9,シュライフェ,牝3,54.0,リスポリ,1:48.1,3,67.6,11.0,504(+4),[東] 和田勇介,202301020504
7,5,8,シホノインプルソ,牡3,56.0,鮫島克駿,1:48.1,ハナ,14.4,7.0,442(-4),[西] 杉山佳明,202301020504
8,4,6,アイアンムーン,牡3,56.0,ルメール,1:48.8,4,7.6,3.0,438(+8),[西] 武幸四郎,202301020504
9,8,14,ナムラエヴァ,牝3,54.0,川又賢治,1:49.1,1.3/4,124.4,13.0,482(-2),[西] 吉村圭司,202301020504
10,7,12,プロトカルチャー,牡3,56.0,吉田隼人,1:49.3,3/4,23.0,8.0,488(-2),[東] 新開幸一,202301020504
11,3,4,テイケイヴィーノ,牝3,53.0,佐々木大,1:49.4,3/4,34.9,9.0,436(+6),[西] 荒川義之,202301020504
12,3,3,クロスリーフ,牝3,54.0,バデル,1:50.8,9,79.1,12.0,484(0),[西] 池江泰寿,202301020504
13,4,5,テイエムヒショウ,牡3,53.0,鷲頭虎太,1:51.0,1,12.6,5.0,480(0),[西] 浜田多実,202301020504
14,6,10,デルマヨビモドシ,牡3,56.0,黛弘人,1:55.4,大,315.6,14.0,454(+4),[東] 田中剛,202301020504
1,4,5,グランルーチェ,牡2,55.0,浜中俊,1:48.9,,15.8,7.0,458(0),[西] 庄野靖志,202301020505
2,2,2,サンダーユニバンス,牡2,55.0,モレイラ,1:49.9,6,3.8,1.0,470(0),[西] 奥村豊,202301020505
3,7,10,ジョナ,牡2,55.0,横山武史,1:49.9,クビ,4.0,2.0,492(0),[東] 伊藤圭三,202301020505
4,8,12,サノノゴールド,牡2,55.0,原田和真,1:50.2,1.1/2,45.6,9.0,496(0),[東] 栗田徹,202301020505
5,1,1,クラリファイ,牡2,55.0,ルメール,1:50.2,クビ,5.2,3.0,508(0),[東] 萩原清,202301020505
6,6,8,ポルポラジール,牡2,55.0,リスポリ,1:51.2,6,6.6,4.0,498(0),[西] 新谷功一,202301020505
7,7,11,レッジェンダ,牝2,55.0,古川吉洋,1:51.2,アタマ,126.7,13.0,412(0),[西] 梅田智之,202301020505
8,6,9,ショーヴァロンス,牝2,55.0,岩田望来,1:52.0,5,116.2,12.0,462(0),[東] 鈴木伸尋,202301020505
9,5,7,ウインクリード,牡2,55.0,モリス,1:52.2,1.1/4,12.3,6.0,468(0),[東] 水野貴広,202301020505
10,4,4,アムレートゥム,牡2,55.0,丹内祐次,1:52.2,アタマ,78.2,10.0,480(0),[東] 田村康仁,202301020505
11,5,6,ソニックロプロス,牡2,55.0,戸崎圭太,1:52.3,1/2,9.8,5.0,492(0),[東] 加藤士津,202301020505
12,3,3,ポラライズ,牡2,55.0,富田暁,1:52.9,3.1/2,98.8,11.0,446(0),[東] 松山将樹,202301020505
中,8,13,ウエストリーダー,牡2,54.0,佐々木大,,,31.6,8.0,528(0),[東] 斎藤誠,202301020505
1,2,2,ルージュアマルフィ,牝3,54.0,ルメール,1:29.2,,9.5,4.0,482(+4),[東] 鹿戸雄一,202301020506
2,6,9,マイネルラッシュ,牡3,56.0,丹内祐次,1:29.3,1/2,20.0,8.0,452(+14),[東] 手塚貴久,202301020506
3,7,12,トラミナー,牝3,54.0,北村友一,1:29.4,1/2,4.7,2.0,446(+2),[西] 藤原英昭,202301020506
4,6,10,ベンハー,牡3,53.0,鷲頭虎太,1:29.7,2,11.6,6.0,510(+4),[東] 高木登,202301020506
5,5,7,アイヲヨブテーラー,牝3,54.0,池添謙一,1:29.8,3/4,10.9,5.0,480(+2),[西] 河内洋,202301020506
6,5,8,マテンロウプラウド,セ3,56.0,横山和生,1:29.9,1/2,8.3,3.0,486(-4),[西] 松永幹夫,202301020506
7,8,14,テーオーレーズン,牝3,54.0,古川吉洋,1:29.9,クビ,45.7,10.0,428(+10),[西] 宮徹,202301020506
8,3,3,ヨドノルーキー,牡3,55.0,佐々木大,1:29.9,ハナ,13.4,7.0,410(+6),[西] 飯田雄三,202301020506
9,4,5,アイリーンテーラー,牝3,53.0,小沢大仁,1:30.0,クビ,173.3,13.0,482(+4),[西] 緒方努,202301020506
10,4,6,ヒラリ,牝3,54.0,武豊,1:30.0,クビ,2.3,1.0,450(-4),[西] 武幸四郎,202301020506
11,1,1,ジョアジョルナータ,牡3,56.0,荻野琢真,1:30.2,1.1/4,66.4,11.0,510(+24),[東] 高橋文雅,202301020506
12,7,11,ガーランドスタイル,牡3,56.0,鮫島克駿,1:31.0,5,28.7,9.0,448(+2),[西] 橋口慎介,202301020506
13,3,4,アイワナアイドル,牝3,54.0,キング,1:31.6,3.1/2,107.6,12.0,398(+4),[東] 戸田博文,202301020506
14,8,13,マインインパクト,牝3,54.0,勝浦正樹,1:31.8,1.1/2,235.5,14.0,450(+12),[東] 的場均,202301020506
1,3,3,マンクスホップ,牝4,55.0,角田大和,1:48.4,,48.1,8.0,446(-8),[西] 松永幹夫,202301020507
2,4,6,エマヌエーレ,牡3,55.0,モレイラ,1:48.4,クビ,4.4,3.0,496(0),[西] 平田修,202301020507
3,7,11,ノレッジビューティ,牝3,53.0,横山武史,1:48.7,1.1/2,2.2,1.0,446(+4),[西] 上村洋行,202301020507
4,5,8,バロックダンス,牝3,53.0,宮川実,1:49.0,1.3/4,17.9,5.0,470(+6),[東] 小手川準,202301020507
5,8,13,シャトンアンジュ,牝4,56.0,池添謙一,1:49.0,アタマ,23.4,6.0,450(+18),[西] 池添学,202301020507
6,3,4,カズキ,牡3,52.0,小林勝太,1:49.1,3/4,49.2,9.0,430(+2),[西] 梅田智之,202301020507
7,4,5,パンデアスカル,牡3,55.0,北村友一,1:49.1,ハナ,8.5,4.0,494(-6),[西] 高野友和,202301020507
8,1,1,ラレーヌデリス,牝3,53.0,藤岡佑介,1:49.1,クビ,3.7,2.0,454(-8),[西] 安田翔伍,202301020507
9,7,12,トーセンウォルト,牡3,52.0,佐藤翔馬,1:49.4,1.1/2,360.8,12.0,478(+14),[東] 小桧山悟,202301020507
10,6,9,ユキノエリザベス,牝4,56.0,丹内祐次,1:49.6,1.1/2,135.0,11.0,476(0),[東] 竹内正洋,202301020507
11,6,10,タケトンボ,牝4,52.0,古川奈穂,1:49.9,2,27.1,7.0,450(0),[西] 飯田雄三,202301020507
12,2,2,リコッチ,牝3,53.0,岩田望来,1:50.4,2.1/2,91.0,10.0,476(+8),[西] 四位洋文,202301020507
13,8,14,チャーチャンテン,牝5,56.0,黛弘人,1:51.2,5,584.7,13.0,426(+2),[東] 浅野洋一,202301020507
除,5,7,プリティユニバンス,牝6,56.0,鮫島克駿,,,---,,470(+4),[西] 村山明,202301020507
1,3,4,タマモタップダンス,牝4,56.0,川田将雅,1:45.4,,2.6,1.0,510(+8),[東] 伊藤圭三,202301020508
2,8,14,ヘニータイフーン,牝3,53.0,鮫島克駿,1:45.7,1.3/4,6.8,3.0,488(+12),[西] 中村直也,202301020508
3,4,5,クローズユアアイズ,牝4,56.0,古川吉洋,1:46.9,7,3.1,2.0,480(+4),[西] 昆貢,202301020508
4,5,7,アステロイドメア,牝3,53.0,丹内祐次,1:47.0,3/4,16.8,6.0,488(+10),[東] 武市康男,202301020508
5,1,1,サイモンポーリア,牝5,53.0,小林勝太,1:47.1,3/4,88.0,11.0,488(+2),[東] 根本康広,202301020508
6,2,2,トゥピ,牝3,50.0,鷲頭虎太,1:47.9,5,22.0,7.0,472(+6),[東] 田村康仁,202301020508
7,3,3,ミッキーマカロン,牝3,53.0,池添謙一,1:47.9,アタマ,10.2,4.0,430(+2),[西] 大久保龍,202301020508
8,5,8,ユアフラッシュ,牝3,53.0,キング,1:48.0,クビ,63.9,10.0,452(0),[西] 辻野泰之,202301020508
9,7,12,アナベルヒマワリ,牝3,53.0,富田暁,1:48.1,3/4,34.5,8.0,448(+8),[西] 渡辺薫彦,202301020508
10,4,6,ルージュシェノン,牝4,55.0,佐々木大,1:48.4,1.3/4,10.3,5.0,454(+2),[西] 石坂公一,202301020508
11,8,13,フリンジティアラ,牝3,53.0,横山武史,1:48.8,2.1/2,92.5,12.0,456(-2),[西] 上村洋行,202301020508
12,6,9,シアープレジャー,牝6,52.0,古川奈穂,1:48.9,1/2,319.7,14.0,442(-4),[西] 小栗実,202301020508
13,6,10,リトルポピー,牝4,56.0,モリス,1:49.6,4,40.8,9.0,474(-2),[東] 奥村武,202301020508
14,7,11,メアリー,牝3,51.0,小林凌大,1:50.5,5,175.1,13.0,470(+4),[西] 浜田多実,202301020508
1,1,1,ニシノファンフェア,牡3,55.0,川田将雅,2:42.9,,6.5,4.0,474(+12),[東] 和田勇介,202301020509
2,6,9,キュンストラー,牝5,56.0,戸崎圭太,2:42.9,アタマ,84.5,11.0,414(+6),[東] 松永康利,202301020509
3,5,8,ドーバーイーグル,牡3,55.0,モレイラ,2:43.2,1.1/2,5.9,3.0,496(-2),[東] 奥村武,202301020509
4,7,12,ウインルーティン,牡3,55.0,横山武史,2:43.3,1/2,3.1,2.0,462(+6),[西] 長谷川浩,202301020509
5,3,4,マケルナマサムネ,牡5,58.0,吉田隼人,2:43.5,1.1/4,32.4,7.0,458(0),[西] 杉山佳明,202301020509
6,4,6,ボーンイングランデ,牡3,55.0,モリス,2:43.6,クビ,16.8,5.0,460(-2),[西] 吉田直弘,202301020509
7,7,11,マイネルジャッカル,牡5,58.0,丹内祐次,2:43.8,1.1/4,122.4,13.0,466(-2),[東] 西田雄一,202301020509
7,8,13,メイショウウネビ,牡4,58.0,小沢大仁,2:43.8,同着,36.2,8.0,494(+6),[西] 本田優,202301020509
9,3,3,エバーハンティング,牝4,56.0,浜中俊,2:44.3,3,24.1,6.0,416(+2),[東] 小島茂之,202301020509
10,2,2,アテンパーティ,牡4,58.0,宮川実,2:44.8,3,599.2,14.0,456(-4),[西] 谷潔,202301020509
11,4,5,ナムラマイケル,牡3,55.0,鮫島克駿,2:44.8,アタマ,69.4,10.0,436(-2),[西] 村山明,202301020509
12,8,14,ダイシンベスパ,牝3,53.0,岩田望来,2:44.8,クビ,93.9,12.0,382(+6),[西] 吉田直弘,202301020509
13,5,7,タイセイクラージュ,セ3,55.0,坂井瑠星,2:45.1,2,59.2,9.0,434(-2),[西] 矢作芳人,202301020509
14,6,10,フォーグッド,セ4,58.0,ルメール,2:45.3,3/4,2.5,1.0,506(+4),[東] 国枝栄,202301020509
1,8,14,ドーバーホーク,牡3,56.0,キング,1:09.2,,4.2,1.0,480(0),[東] 清水英克,202301020510
2,3,4,タリア,牝3,54.0,リスポリ,1:09.2,アタマ,15.2,7.0,434(-2),[東] 矢野英一,202301020510
3,6,10,ガリレイ,セ6,58.0,岩田望来,1:09.2,クビ,16.2,8.0,508(-2),[西] 高橋亮,202301020510
4,7,11,トーセンサンダー,牡4,58.0,ルメール,1:09.3,クビ,5.9,2.0,470(+4),[東] 杉浦宏昭,202301020510
5,4,5,スマートルシーダ,牡5,58.0,坂井瑠星,1:09.7,2.1/2,6.1,3.0,460(-10),[西] 音無秀孝,202301020510
6,8,13,ジョリダム,牝3,54.0,ヴェロン,1:09.8,3/4,12.3,6.0,436(-2),[西] 武英智,202301020510
7,1,1,テーオースパロー,牡4,58.0,戸崎圭太,1:09.8,クビ,6.7,5.0,494(+4),[西] 清水久詞,202301020510
8,3,3,メイショウフンケイ,牡5,58.0,横山武史,1:09.8,ハナ,23.8,11.0,520(0),[西] 高橋亮,202301020510
9,6,9,サニーオーシャン,セ5,58.0,モリス,1:10.0,1.1/4,112.1,13.0,438(-8),[東] 中野栄治,202301020510
10,2,2,セイレーン,牝5,56.0,武豊,1:10.0,ハナ,56.0,12.0,418(+14),[西] 佐々木晶,202301020510
11,7,12,サンダビューク,牡4,58.0,川田将雅,1:10.3,1.1/2,20.8,10.0,462(+8),[東] 蛯名利弘,202301020510
12,4,6,ミキノバスドラム,牡5,58.0,バデル,1:10.8,3,231.9,14.0,516(+4),[東] 南田美知,202301020510
13,5,7,ユウグロスファクタ,牝4,56.0,モレイラ,1:11.7,5,20.8,9.0,500(-4),[西] 新谷功一,202301020510
14,5,8,アンビバレント,牡3,56.0,宮川実,1:12.2,3,6.3,4.0,476(+10),[東] 青木孝文,202301020510
1,5,8,マイネルクリソーラ,牡4,58.0,武豊,2:00.7,,8.5,5.0,446(0),[東] 中野栄治,202301020511
2,6,10,ポッドボレット,牡4,58.0,キング,2:01.1,2.1/2,25.4,9.0,526(+10),[西] 辻野泰之,202301020511
3,5,7,エーデルブルーメ,牝4,56.0,横山武史,2:01.1,クビ,4.6,2.0,492(+6),[西] 安田隆行,202301020511
4,1,1,エスコバル,セ5,58.0,川田将雅,2:01.1,ハナ,3.3,1.0,504(+4),[東] 堀宣行,202301020511
5,8,13,クライミングリリー,牝5,56.0,バデル,2:01.2,1/2,6.8,4.0,462(+2),[東] 国枝栄,202301020511
6,6,9,タイセイシリウス,セ6,58.0,戸崎圭太,2:01.2,ハナ,146.8,14.0,480(-2),[西] 高野友和,202301020511
7,2,2,ウインエクレール,牝4,56.0,岩田望来,2:01.3,3/4,10.8,6.0,476(0),[東] 畠山吉宏,202301020511
8,8,14,モリノカンナチャン,牝5,56.0,ヴェロン,2:01.5,1,32.5,10.0,458(+2),[東] 鈴木伸尋,202301020511
9,7,12,マリノアズラ,牝5,56.0,モレイラ,2:01.5,クビ,6.3,3.0,476(+2),[東] 小手川準,202301020511
10,3,3,アインゲーブング,牝5,56.0,宮川実,2:01.6,1/2,43.6,12.0,444(-2),[東] 黒岩陽一,202301020511
11,3,4,セイウンプラチナ,牡4,58.0,リスポリ,2:01.8,1,23.7,8.0,502(+6),[東] 小桧山悟,202301020511
12,4,5,プラチナトレジャー,牡5,58.0,モリス,2:02.3,3,22.3,7.0,478(-2),[東] 国枝栄,202301020511
13,4,6,ランスオブアース,牝5,56.0,坂井瑠星,2:02.4,1/2,110.5,13.0,502(-2),[西] 本田優,202301020511
14,7,11,シルヴェリオ,牡6,58.0,ルメール,2:02.8,2.1/2,33.7,11.0,512(-4),[西] 池添学,202301020511
1,6,10,メイクザビート,牡3,55.0,吉田隼人,1:46.0,,3.9,2.0,494(+6),[西] 西園正都,202301020512
2,3,4,ロードマゼラン,牡4,58.0,丹内祐次,1:46.3,1.1/2,12.6,6.0,504(+2),[西] 奥村豊,202301020512
3,7,12,サンライズスコール,牡4,58.0,モレイラ,1:46.3,クビ,3.1,1.0,456(0),[西] 石坂公一,202301020512
4,5,8,サンマルパトロール,牡3,55.0,富田暁,1:46.5,1.1/4,8.3,5.0,478(+2),[西] 大橋勇樹,202301020512
5,8,13,ポワンキュルミナン,牡3,55.0,鮫島克駿,1:46.7,1,5.7,4.0,416(0),[西] 岡田稲男,202301020512
6,4,6,レッドデクスター,牡4,58.0,リスポリ,1:46.7,クビ,5.7,3.0,482(+2),[西] 橋口慎介,202301020512
7,7,11,トーホウキザン,牡3,55.0,古川奈穂,1:47.5,5,48.0,10.0,478(+8),[西] 高橋康之,202301020512
8,6,9,タロファイター,牡4,58.0,岩田望来,1:48.2,4,38.2,8.0,460(+8),[西] 中尾秀正,202301020512
9,2,2,ショウナンアビアス,牡3,55.0,浜中俊,1:48.7,3,45.0,9.0,470(+2),[東] 尾関知人,202301020512
10,5,7,スマートビクター,牡4,58.0,横山武史,1:49.4,4,17.9,7.0,508(-6),[西] 吉田直弘,202301020512
11,3,3,ナンヨーノサラ,牝3,53.0,佐々木大,1:50.8,8,158.0,11.0,466(-10),[東] 武藤善則,202301020512
12,8,14,プリティジェニー,牝3,53.0,池添謙一,1:51.7,5,215.2,12.0,438(+12),[西] 西村真幸,202301020512
除,1,1,セイウンガレオン,牡4,58.0,戸崎圭太,,,---,,552(+18),[東] 奥平雅士,202301020512
除,4,5,ラピドゥス,牝4,56.0,坂井瑠星,,,---,,490(0),[西] 高柳大輔,202301020512
1,3,3,クイックバイオ,牝2,55.0,川田将雅,1:29.9,,2.2,1.0,488(-8),[西] 須貝尚介,202301020601
2,7,7,サクセスカノン,牝2,55.0,池添謙一,1:30.3,2,4.4,2.0,422(-4),[西] 北出成人,202301020601
3,8,9,アイスノート,牝2,55.0,岩田望来,1:30.6,1.3/4,7.1,4.0,452(-10),[西] 高橋義忠,202301020601
4,2,2,オレンジダンサー,牝2,55.0,西村淳也,1:31.0,2.1/2,4.9,3.0,422(+4),[西] 高野友和,202301020601
5,4,4,セイウンマカロン,牝2,52.0,佐藤翔馬,1:31.1,3/4,27.7,7.0,432(+8),[東] 小桧山悟,202301020601
6,6,6,カリンテラス,牝2,55.0,鮫島克駿,1:31.4,2,12.2,5.0,456(+8),[西] 松下武士,202301020601
7,1,1,サノノリッチ,牝2,55.0,バデル,1:31.6,1.1/4,175.3,9.0,422(+2),[東] 中野栄治,202301020601
8,5,5,ビバヴェローナ,牝2,55.0,モレイラ,1:31.8,1.1/4,21.8,6.0,460(+2),[東] 小笠倫弘,202301020601
9,8,8,フォカッチャ,牝2,55.0,丹内祐次,1:32.7,5,148.8,8.0,432(+4),[東] 小手川準,202301020601
1,5,7,サラサビーザベスト,牡3,56.0,モレイラ,1:47.4,,1.4,1.0,478(-4),[東] 村田一誠,202301020602
2,3,4,マンティコア,牡3,56.0,西村淳也,1:48.2,5,6.4,2.0,516(-4),[西] 鮫島一歩,202301020602
3,7,12,ブラックフラミンゴ,牝3,54.0,リスポリ,1:48.2,クビ,37.5,7.0,438(+10),[西] 辻野泰之,202301020602
4,3,3,クリノヒーロー,牡3,53.0,小林勝太,1:48.3,クビ,111.3,12.0,466(+2),[西] 谷潔,202301020602
5,2,2,メイショウカジキ,牡3,56.0,古川吉洋,1:48.8,3,38.8,8.0,464(0),[西] 梅田智之,202301020602
6,6,9,ゴールデンパリー,牝3,54.0,黛弘人,1:49.2,2.1/2,29.6,5.0,446(+2),[東] 田中剛,202301020602
7,6,10,ライヴマスタード,牡3,53.0,土田真翔,1:49.3,3/4,83.8,11.0,516(+2),[東] 尾形和幸,202301020602
8,8,14,ジューンリリー,牝3,54.0,松岡正海,1:49.5,1,43.5,9.0,458(+6),[東] 堀内岳志,202301020602
9,5,8,デトネイター,牝3,53.0,角田大和,1:49.7,1.1/4,10.4,4.0,464(+6),[東] 中舘英二,202301020602
10,8,13,レッドブラスト,牡3,56.0,岩田望来,1:49.8,1/2,7.8,3.0,508(+26),[西] 松永幹夫,202301020602
11,1,1,クリノアグレッシブ,牡3,55.0,松本大輝,1:50.4,3.1/2,342.8,14.0,490(+16),[西] 荒川義之,202301020602
12,4,5,キャラメルシフォン,牝3,54.0,亀田温心,1:50.9,3,69.2,10.0,482(+14),[東] 林徹,202301020602
13,7,11,フドウシン,セ3,56.0,江田照男,1:51.5,3.1/2,194.7,13.0,462(+2),[東] 蛯名正義,202301020602
14,4,6,サトノドゥーチェ,牡3,56.0,浜中俊,1:51.7,1.1/4,29.7,6.0,428(+4),[西] 音無秀孝,202301020602
1,5,6,ルソレイユ,牡3,56.0,松岡正海,0:58.8,,3.0,1.0,504(0),[西] 北出成人,202301020603
2,7,10,グランツベリー,牝3,51.0,鷲頭虎太,0:59.5,4,4.2,3.0,446(-4),[西] 田中克典,202301020603
3,4,4,ロードサミット,牡3,56.0,鮫島克駿,0:59.6,クビ,3.2,2.0,500(+4),[西] 辻野泰之,202301020603
4,6,7,ダイナマイトレディ,牝3,52.0,小林凌大,0:59.8,1.1/4,52.7,9.0,462(-4),[東] 南田美知,202301020603
5,3,3,メイショウライジン,牡3,55.0,小沢大仁,0:59.9,3/4,25.3,7.0,498(+2),[西] 荒川義之,202301020603
6,6,8,エイシンテムジン,牡3,56.0,松山弘平,1:00.0,1/2,15.8,6.0,478(+4),[西] 今野貞一,202301020603
7,7,9,テンプロファイター,牡3,56.0,岩田望来,1:00.6,3.1/2,270.4,12.0,502(+5),[東] 中野栄治,202301020603
8,8,11,レゼルノワール,牝3,51.0,小林勝太,1:01.2,4,26.2,8.0,450(+12),[東] 辻哲英,202301020603
9,8,12,カッテミル,牝3,54.0,黛弘人,1:01.3,クビ,130.2,11.0,434(+2),[東] 南田美知,202301020603
10,2,2,ライクアフラワー,牡3,56.0,リスポリ,1:01.3,クビ,9.1,4.0,488(+2),[西] 新谷功一,202301020603
11,1,1,アピールラン,牝3,50.0,古川奈穂,1:01.4,1/2,13.0,5.0,428(-6),[東] 高橋文雅,202301020603
12,5,5,ジャズピアニスト,牝3,54.0,宮川実,1:01.5,3/4,79.5,10.0,466(+4),[西] 坂口智康,202301020603
1,4,5,カフェノワール,牝3,54.0,モレイラ,1:47.0,,4.3,3.0,466(+10),[西] 池江泰寿,202301020604
2,6,10,グッドハビッツ,牝3,54.0,松山弘平,1:47.7,4,36.9,9.0,416(+4),[西] 吉田直弘,202301020604
3,6,9,オランジー,牝3,54.0,リスポリ,1:47.7,クビ,36.8,8.0,438(-10),[東] 青木孝文,202301020604
4,3,3,サンマルリアン,牝3,54.0,横山武史,1:48.1,2,3.4,2.0,434(+4),[東] 和田勇介,202301020604
5,8,13,フェールデレーヴ,牝3,51.0,小林勝太,1:48.5,2.1/2,79.3,12.0,432(+8),[西] 上村洋行,202301020604
6,7,11,ブリアンツァ,牝3,54.0,荻野琢真,1:48.7,1.1/2,167.2,14.0,448(+2),[西] 今野貞一,202301020604
7,3,4,イリュージョン,牝3,54.0,横山典弘,1:48.7,アタマ,3.1,1.0,470(+4),[東] 西田雄一,202301020604
8,2,2,ヘイチャンプ,牝3,51.0,鷲頭虎太,1:48.8,クビ,21.0,7.0,478(+2),[西] 吉村圭司,202301020604
9,5,8,ステラライズ,牝3,53.0,佐々木大,1:48.8,クビ,13.5,5.0,482(+22),[西] 須貝尚介,202301020604
10,1,1,エリム,牝3,54.0,池添謙一,1:49.0,3/4,20.6,6.0,426(+2),[西] 石坂公一,202301020604
11,8,14,ランラビットラン,牝3,54.0,宮川実,1:49.0,ハナ,64.6,11.0,422(-2),[西] 坂口智康,202301020604
12,4,6,ブレードランナー,牝3,54.0,丹内祐次,1:49.0,クビ,102.4,13.0,442(+10),[東] 尾関知人,202301020604
13,7,12,スパークルスカイ,牝3,54.0,鮫島克駿,1:49.8,5,8.3,4.0,458(+4),[西] 森田直行,202301020604
14,5,7,ミニストリー,牝3,54.0,戸崎圭太,1:49.8,クビ,37.9,10.0,466(+11),[東] 高柳瑞樹,202301020604
1,3,3,ドゥレイクパセージ,牡2,55.0,モレイラ,1:53.0,,2.9,2.0,442(0),[東] 堀宣行,202301020605
2,4,4,ヴァルドルチャ,牡2,55.0,ルメール,1:53.5,3,1.5,1.0,452(0),[東] 田中博康,202301020605
3,5,5,アドマイヤポーシュ,牡2,55.0,川田将雅,1:53.8,1.1/2,5.1,3.0,460(0),[東] 宮田敬介,202301020605
4,1,1,ホワイトビーチ,牡2,55.0,江田照男,1:54.8,6,35.0,4.0,484(0),[東] 中野栄治,202301020605
5,2,2,ポンテローザ,牝2,52.0,土田真翔,1:54.9,クビ,58.2,5.0,416(0),[東] 尾形和幸,202301020605
1,1,1,ブラックヴァール,牝3,54.0,横山武史,2:02.7,,2.3,1.0,464(+2),[東] 菊川正達,202301020606
2,6,12,ウマピョイ,牝3,53.0,小沢大仁,2:02.8,クビ,12.1,5.0,438(0),[西] 角田晃一,202301020606
3,3,6,ルージュメイベル,牝3,53.0,佐々木大,2:03.1,2,61.0,12.0,428(0),[東] 小島茂之,202301020606
4,8,16,コスモオピニオン,牡3,56.0,丹内祐次,2:03.3,3/4,9.2,4.0,500(+2),[東] 黒岩陽一,202301020606
5,7,13,スマートヴィーヴル,牝3,54.0,坂井瑠星,2:03.4,1/2,8.3,3.0,458(-4),[西] 矢作芳人,202301020606
6,3,5,クライノート,牝3,54.0,松岡正海,2:03.7,2,17.0,6.0,448(+2),[東] 畠山吉宏,202301020606
7,8,15,クレーンロケット,牝3,54.0,丸田恭介,2:03.9,1.1/4,44.8,11.0,438(-4),[東] 宗像義忠,202301020606
8,2,3,フォレスタドーロ,牝3,54.0,ルメール,2:04.0,1/2,3.8,2.0,456(+36),[西] 武幸四郎,202301020606
9,5,9,コチョウラン,牝3,54.0,武豊,2:04.8,5,25.7,8.0,476(+8),[東] 蛯名正義,202301020606
10,7,14,スピルクリスティ,牝3,51.0,土田真翔,2:04.9,1/2,223.9,16.0,438(+18),[西] 藤沢則雄,202301020606
11,6,11,コウセイ,牡3,52.0,古川奈穂,2:05.0,3/4,35.3,9.0,486(+2),[東] 青木孝文,202301020606
12,1,2,ビーチポジティヴ,牝3,54.0,ヴェロン,2:05.1,1/2,91.8,13.0,454(+6),[東] 本間忍,202301020606
13,4,7,ロードアスタリスク,牡3,56.0,バデル,2:05.3,1.1/4,202.7,15.0,468(-16),[西] 安田隆行,202301020606
14,5,10,コーディネイター,牡3,56.0,リスポリ,2:05.9,3.1/2,44.6,10.0,462(+4),[西] 中尾秀正,202301020606
15,2,4,エコロジョイアー,牡3,56.0,浜中俊,2:06.5,3.1/2,105.5,14.0,490(-8),[東] 加藤征弘,202301020606
16,4,8,ヴェロス,牝3,54.0,岩田望来,2:06.8,2,22.0,7.0,470(+4),[西] 野中賢二,202301020606
1,4,4,グットフォーチュン,牝4,53.0,小林勝太,0:59.6,,16.1,7.0,478(-13),[東] 鈴木伸尋,202301020607
2,1,1,メリヴェイユ,牝4,54.0,小林凌大,0:59.8,1.1/4,35.7,8.0,448(-2),[東] 伊藤圭三,202301020607
3,7,10,クルールデュヴァン,牝4,56.0,岩田望来,0:59.9,1/2,3.9,2.0,490(+16),[東] 竹内正洋,202301020607
4,8,12,シエラメンテ,牝4,52.0,古川奈穂,0:59.9,クビ,39.7,9.0,486(+2),[東] 浅野洋一,202301020607
5,6,7,グランデ,牡4,55.0,鷲頭虎太,1:00.0,クビ,7.5,4.0,472(+2),[西] 吉田直弘,202301020607
6,5,6,サイモンカーチス,牡4,57.0,松本大輝,1:00.3,2,40.2,10.0,482(+2),[西] 梅田智之,202301020607
7,7,9,ナムラジョシュア,牡3,56.0,長岡禎仁,1:00.4,クビ,7.9,5.0,488(+18),[西] 羽月友彦,202301020607
8,8,11,レイデルマール,セ5,57.0,佐々木大,1:00.5,3/4,9.1,6.0,494(0),[東] 相沢郁,202301020607
9,3,3,ハヤブサウィッシュ,牡4,58.0,川又賢治,1:00.9,2.1/2,97.5,11.0,468(0),[西] 吉村圭司,202301020607
10,5,5,クロンヌドラレーヌ,牝4,56.0,リスポリ,1:00.9,ハナ,7.3,3.0,450(-2),[東] 奥平雅士,202301020607
11,2,2,サンスレッド,牡3,56.0,横山武史,1:00.9,クビ,2.9,1.0,466(-10),[東] 深山雅史,202301020607
12,6,8,メイショウトール,牡4,57.0,小沢大仁,1:01.0,クビ,159.2,12.0,484(+8),[西] 石橋守,202301020607
1,5,8,セーヌドゥレーヴ,牝3,53.0,松山弘平,1:31.0,,3.6,1.0,452(-2),[西] 吉岡辰弥,202301020608
2,6,10,キョウエイブリッサ,牡3,55.0,丹内祐次,1:31.2,1.1/4,4.0,2.0,474(+4),[東] 武市康男,202301020608
3,8,14,エイシンジェンマ,牝3,53.0,岩田望来,1:31.5,2,10.6,5.0,496(+6),[西] 中尾秀正,202301020608
4,3,4,サザンステート,牡4,57.0,佐々木大,1:31.6,1/2,24.8,9.0,484(+2),[東] 上原佑紀,202301020608
5,4,5,トーセントラム,牡3,52.0,佐藤翔馬,1:31.7,クビ,30.9,10.0,436(+2),[東] 小桧山悟,202301020608
6,8,13,ワンリオン,牡4,58.0,亀田温心,1:31.7,クビ,173.6,14.0,478(+4),[西] 北出成人,202301020608
7,4,6,ガットネロ,牝3,53.0,横山武史,1:31.8,アタマ,4.2,3.0,490(+6),[西] 上村洋行,202301020608
8,7,12,ビヨンドザリミット,牝4,56.0,リスポリ,1:32.0,1.1/2,89.9,13.0,474(+6),[東] 稲垣幸雄,202301020608
9,2,2,ジェニーアムレット,牝5,56.0,西村淳也,1:32.4,2,88.4,12.0,462(+8),[西] 池添学,202301020608
10,6,9,エンタングルメント,牝4,56.0,横山典弘,1:32.7,1.3/4,7.4,4.0,504(+2),[西] 昆貢,202301020608
11,5,7,ラリベラ,牝4,55.0,松本大輝,1:33.0,2,21.5,7.0,472(0),[西] 安田隆行,202301020608
12,1,1,トーセンサマンサ,牝3,50.0,小林勝太,1:33.3,1.1/2,23.8,8.0,430(+24),[東] 深山雅史,202301020608
13,7,11,メイショウソウゲツ,牝4,55.0,角田大和,1:35.2,大,17.0,6.0,470(0),[西] 本田優,202301020608
14,3,3,カワキタマックス,牝3,53.0,鮫島克駿,1:41.5,大,48.3,11.0,452(+14),[西] 鈴木孝志,202301020608
1,5,9,イイヒニナル,牝3,54.0,武豊,1:11.4,,15.4,6.0,394(+8),[西] 千田輝彦,202301020609
2,7,13,マルプリ,牝3,54.0,横山武史,1:11.6,1.1/4,6.1,2.0,448(+8),[東] 青木孝文,202301020609
3,8,15,ホウオウエンジェル,牝6,56.0,丹内祐次,1:11.6,ハナ,10.5,4.0,490(+8),[東] 加藤和宏,202301020609
4,2,3,マキアージュ,牝4,56.0,鮫島克駿,1:11.6,ハナ,16.3,7.0,468(+4),[東] 菊川正達,202301020609
5,5,10,ドリームアゲイン,牝5,56.0,藤岡佑介,1:11.7,クビ,50.0,13.0,486(+16),[西] 田中克典,202301020609
6,4,7,キャニオニング,牝5,56.0,松田大作,1:11.8,1/2,20.2,8.0,448(-2),[東] 村田一誠,202301020609
7,6,11,ハウピア,牝3,54.0,バデル,1:11.8,クビ,193.3,15.0,424(-6),[西] 岡田稲男,202301020609
8,1,2,オルフェスト,牝3,54.0,ヴェロン,1:11.9,1/2,6.7,3.0,436(-8),[東] 池上昌和,202301020609
9,1,1,コーリングユー,牝4,56.0,ルメール,1:12.0,クビ,2.4,1.0,442(0),[西] 安田隆行,202301020609
10,7,14,スプレンディダ,牝3,54.0,佐々木大,1:12.3,2,47.2,12.0,434(+12),[西] 茶木太樹,202301020609
11,8,16,ピースフルナイト,牝3,54.0,西村淳也,1:12.5,1.1/4,21.4,9.0,416(+12),[西] 高野友和,202301020609
12,2,4,クリノリアルレディ,牝3,54.0,小林凌大,1:12.5,クビ,109.0,14.0,470(-2),[東] 伊藤伸一,202301020609
13,6,12,アイリッシュパール,牝3,54.0,戸崎圭太,1:12.6,クビ,11.1,5.0,474(0),[東] 栗田徹,202301020609
14,3,6,デルマゴモリー,牝4,56.0,宮川実,1:12.6,クビ,195.2,16.0,432(-6),[東] 天間昭一,202301020609
15,4,8,アルジェントステラ,牝5,56.0,モリス,1:12.7,クビ,46.3,11.0,456(+8),[東] 和田正一,202301020609
16,3,5,フリントロック,牝3,54.0,鷲頭虎太,1:12.8,1/2,29.7,10.0,416(-12),[東] 菊沢隆徳,202301020609
1,8,14,ナチュラルハイ,牡3,56.0,ヴェロン,1:44.2,,4.6,2.0,466(+4),[東] 黒岩陽一,202301020610
2,3,3,イーサンバーニング,牡4,58.0,岩田望来,1:44.7,3,4.4,1.0,508(+4),[東] 中野栄治,202301020610
3,7,12,ニャンチンノン,牡4,58.0,武豊,1:45.7,6,20.1,8.0,460(+2),[西] 中竹和也,202301020610
4,1,1,オクトニオン,牡4,58.0,坂井瑠星,1:45.8,3/4,13.6,6.0,540(0),[東] 斎藤誠,202301020610
5,3,4,ネイリッカ,牝4,56.0,宮川実,1:45.9,クビ,6.5,4.0,462(+2),[東] 和田勇介,202301020610
6,5,8,バライロノキセキ,牝5,56.0,リスポリ,1:46.0,クビ,5.6,3.0,488(+6),[西] 中竹和也,202301020610
7,2,2,キョウワウォール,牡7,58.0,戸崎圭太,1:46.0,クビ,46.5,11.0,476(+2),[西] 飯田雄三,202301020610
8,6,10,フォーワンセルフ,牡4,58.0,キング,1:46.2,1.1/4,6.7,5.0,526(0),[東] 小桧山悟,202301020610
9,4,5,レイメイ,牡4,58.0,川田将雅,1:46.2,ハナ,14.8,7.0,486(+6),[東] 的場均,202301020610
10,6,9,ペイシャオウユー,牝5,56.0,モレイラ,1:46.4,1.1/4,25.1,9.0,484(+6),[東] 石栗龍彦,202301020610
11,8,13,デルマタモン,牡5,58.0,モリス,1:46.6,1.1/4,106.3,14.0,508(0),[東] 勢司和浩,202301020610
12,7,11,マサカウマザンマイ,牡5,58.0,ルメール,1:46.6,クビ,52.7,13.0,488(-2),[東] 青木孝文,202301020610
13,5,7,トゥーサン,牝4,56.0,横山武史,1:46.8,1.1/4,31.6,10.0,458(+4),[西] 吉岡辰弥,202301020610
14,4,6,ビヨンドザシーン,牡5,58.0,バデル,1:47.3,3,51.5,12.0,468(+2),[東] 石毛善彦,202301020610
1,7,14,ナムラクレア,牝4,55.0,浜中俊,1:09.9,,2.4,1.0,468(0),[西] 長谷川浩,202301020611
2,4,8,シナモンスティック,牝4,55.0,松岡正海,1:10.1,1,30.2,8.0,474(+12),[東] 宗像義忠,202301020611
3,6,12,トウシンマカオ,牡4,57.0,鮫島克駿,1:10.1,ハナ,6.6,2.0,472(+6),[東] 高柳瑞樹,202301020611
4,8,16,シュバルツカイザー,セ5,57.0,モレイラ,1:10.1,クビ,9.2,6.0,500(+6),[東] 大竹正博,202301020611
5,6,11,ヴァトレニ,セ5,57.0,藤岡佑介,1:10.4,1.3/4,47.3,10.0,446(+4),[西] 長谷川浩,202301020611
6,5,9,ジュビリーヘッド,牡6,57.0,西村淳也,1:10.5,3/4,36.0,9.0,472(-4),[西] 安田隆行,202301020611
7,2,4,キミワクイーン,牝4,55.0,横山武史,1:10.6,クビ,7.3,4.0,448(+6),[東] 奥村武,202301020611
8,5,10,ゾンニッヒ,牡5,57.0,武豊,1:10.9,1.3/4,7.0,3.0,468(+2),[西] 池江泰寿,202301020611
9,8,15,サトノアイ,牝5,55.0,佐々木大,1:11.0,1/2,157.8,14.0,464(+8),[西] 須貝尚介,202301020611
10,1,2,ナランフレグ,牡7,58.0,丸田恭介,1:11.1,3/4,7.8,5.0,498(+8),[東] 宗像義忠,202301020611
11,1,1,ウォーターナビレラ,牝4,55.0,リスポリ,1:11.3,1,64.4,11.0,484(-2),[西] 武幸四郎,202301020611
12,3,6,タイセイアベニール,牡8,57.0,モリス,1:11.3,ハナ,265.0,16.0,496(+12),[西] 西村真幸,202301020611
13,2,3,レッドベルオーブ,牡5,57.0,松田大作,1:11.4,3/4,114.2,12.0,488(0),[西] 藤原英昭,202301020611
14,7,13,レイハリア,牝5,55.0,亀田温心,1:11.6,1.1/2,154.1,13.0,446(-20),[東] 田島俊明,202301020611
15,4,7,カイザーメランジェ,牡8,57.0,江田照男,1:11.7,1/2,233.6,15.0,480(0),[東] 中野栄治,202301020611
16,3,5,ウインマーベル,牡4,57.0,松山弘平,1:12.2,2.1/2,16.5,7.0,474(0),[東] 深山雅史,202301020611
1,5,7,フェステスバント,牝3,54.0,バデル,1:51.5,,11.9,7.0,418(-4),[西] 藤岡健一,202301020612
2,8,13,ウインシュクラン,セ5,58.0,ルメール,1:51.6,クビ,4.0,1.0,466(-4),[東] 鹿戸雄一,202301020612
3,1,1,ウインルーア,牝5,56.0,岩田望来,1:52.1,3,141.4,14.0,470(0),[東] 青木孝文,202301020612
4,4,5,ショウナンアデイブ,牡4,58.0,モリス,1:52.2,アタマ,6.3,4.0,500(0),[西] 高野友和,202301020612
5,6,10,メタルスパーク,セ6,58.0,横山武史,1:52.2,クビ,7.1,5.0,490(-6),[東] 菊川正達,202301020612
6,8,14,マイネルダグラス,牡5,58.0,武豊,1:52.3,クビ,10.4,6.0,514(+10),[東] 相沢郁,202301020612
7,7,12,トゥードジボン,牡4,58.0,モレイラ,1:52.3,クビ,4.8,3.0,484(+6),[西] 四位洋文,202301020612
8,4,6,エコルフリューゲル,牝4,56.0,リスポリ,1:52.5,1.1/4,34.9,8.0,484(+10),[東] 鈴木慎太,202301020612
9,2,2,ビルボードクィーン,牝5,56.0,ヴェロン,1:52.6,クビ,62.8,10.0,456(0),[西] 小崎憲,202301020612
10,3,3,キングロコマイカイ,牡4,58.0,川田将雅,1:53.6,6,4.7,2.0,500(0),[西] 須貝尚介,202301020612
11,3,4,マイネルメサイア,牡4,58.0,宮川実,1:54.2,3.1/2,66.8,11.0,484(+8),[東] 水野貴広,202301020612
12,7,11,タケルジャック,牡5,58.0,坂井瑠星,1:54.6,2.1/2,114.4,13.0,464(0),[東] 小桧山悟,202301020612
13,5,8,カールスモーキー,牡4,58.0,戸崎圭太,1:54.8,3/4,70.2,12.0,494(+2),[東] 和田勇介,202301020612
中,6,9,アトミカ,牝8,56.0,キング,,,57.8,9.0,446(+2),[西] 笹田和秀,202301020612
1,5,5,ピューロマジック,牝2,55.0,斎藤新,1:09.8,,2.7,1.0,448(-12),[西] 安田隆行,202301020701
2,3,3,リネンワルツ,牝2,55.0,勝浦正樹,1:11.5,10,3.7,3.0,470(+4),[東] 粕谷昌央,202301020701
3,1,1,メジャーデビュー,牝2,54.0,佐々木大,1:11.6,3/4,22.2,5.0,438(+8),[東] 鈴木慎太,202301020701
4,4,4,ヒデシンイメル,牡2,55.0,池添謙一,1:11.8,1.1/2,3.6,2.0,450(-2),[西] 武英智,202301020701
5,6,6,キックアーサー,牝2,52.0,小林勝太,1:11.9,クビ,6.2,4.0,454(+2),[東] 加藤士津,202301020701
6,8,8,サノノリッチ,牝2,55.0,黛弘人,1:12.3,2.1/2,99.9,8.0,418(-4),[東] 中野栄治,202301020701
7,7,7,ラファガフレイバー,牡2,55.0,吉田隼人,1:13.8,9,28.3,7.0,476(-10),[東] 久保田貴,202301020701
8,2,2,ガンバリキ,牝2,55.0,丹内祐次,1:14.4,4,27.6,6.0,444(0),[東] 的場均,202301020701
1,4,6,アンジュグルーヴ,牝2,55.0,横山典弘,1:48.3,,1.7,1.0,468(-4),[西] 安田翔伍,202301020702
2,2,2,カンジ,牡2,55.0,横山武史,1:48.4,クビ,4.4,2.0,478(+6),[東] 武井亮,202301020702
3,5,7,サンドブラスト,牡2,55.0,丹内祐次,1:48.4,クビ,20.7,6.0,492(-2),[東] 鈴木慎太,202301020702
4,6,10,サンカルミア,牡2,52.0,小林勝太,1:48.8,2.1/2,20.7,5.0,460(+8),[東] 伊坂重信,202301020702
5,7,12,キタノコンドル,牡2,53.0,小林凌大,1:49.1,1.3/4,222.2,12.0,468(+2),[東] 萱野浩二,202301020702
6,7,11,ヒルノドゴール,牡2,55.0,亀田温心,1:49.4,2,11.5,3.0,494(-6),[西] 北出成人,202301020702
7,4,5,スウィバンビーナ,牝2,52.0,佐藤翔馬,1:49.4,ハナ,350.5,14.0,460(-6),[東] 小桧山悟,202301020702
8,6,9,クロームノワール,牡2,55.0,松田大作,1:49.6,1,23.4,7.0,460(-12),[西] 武英智,202301020702
9,3,4,サノノゴールド,牡2,55.0,原田和真,1:49.7,1/2,20.0,4.0,496(0),[東] 栗田徹,202301020702
10,8,14,ガンバレユウキ,牡2,55.0,落合玄太,1:49.8,1/2,142.8,11.0,454(-10),[東] 小桧山悟,202301020702
11,1,1,ジュンラトゥール,牡2,55.0,池添謙一,1:50.8,6,32.7,9.0,434(+2),[西] 浜田多実,202301020702
12,5,8,リアルカイザー,牡2,55.0,鮫島克駿,1:52.4,10,32.7,8.0,476(+8),[東] 松永康利,202301020702
13,3,3,ドナノーブル,牝2,55.0,菅原明良,1:52.8,2.1/2,60.7,10.0,494(0),[東] 小野次郎,202301020702
14,8,13,スマートエステラ,牝2,54.0,小沢大仁,2:00.5,大,255.4,13.0,482(+8),[西] 渡辺薫彦,202301020702
1,6,12,ドラゴンヘッド,牡3,56.0,横山武史,2:02.9,,6.3,3.0,446(+2),[東] 武藤善則,202301020703
2,7,13,アイヲヨブテーラー,牝3,54.0,西村淳也,2:02.9,アタマ,24.7,11.0,474(-6),[西] 河内洋,202301020703
3,3,5,ウマピョイ,牝3,53.0,小沢大仁,2:03.2,1.1/2,4.2,1.0,436(-2),[西] 角田晃一,202301020703
4,4,8,イゾレエオリア,牝3,54.0,吉田隼人,2:03.5,2,7.4,4.0,464(+8),[東] 伊藤大士,202301020703
5,7,14,パラダイスシティ,牝3,52.0,小林凌大,2:03.7,1.1/4,21.4,9.0,436(+8),[東] 奥平雅士,202301020703
6,1,2,ルージュメイベル,牝3,53.0,佐々木大,2:03.7,クビ,28.5,12.0,428(0),[東] 小島茂之,202301020703
7,6,11,ブルーハートリリー,牝3,51.0,小林勝太,2:03.8,クビ,12.2,5.0,448(-2),[東] 奥平雅士,202301020703
8,4,7,ファンネルマーク,セ3,56.0,山田敬士,2:04.1,1.3/4,44.7,13.0,518(+2),[東] 古賀慎明,202301020703
9,2,3,ヴェルミセル,牝3,54.0,武豊,2:04.1,クビ,4.5,2.0,458(0),[西] 吉村圭司,202301020703
10,3,6,コスモオピニオン,牡3,56.0,丹内祐次,2:04.3,3/4,20.0,8.0,496(-4),[東] 黒岩陽一,202301020703
11,8,16,デュメイカズマ,牡3,56.0,藤岡佑介,2:04.3,クビ,17.0,7.0,470(0),[西] 安田隆行,202301020703
12,5,10,スマートヴィーヴル,牝3,50.0,古川奈穂,2:04.5,3/4,22.2,10.0,460(+2),[西] 矢作芳人,202301020703
13,1,1,アンジェリカル,牝3,54.0,富田暁,2:04.5,ハナ,47.7,14.0,444(0),[西] 武英智,202301020703
14,5,9,モズマーカッシン,牡3,56.0,鮫島克駿,2:04.7,1.1/4,12.3,6.0,458(+12),[西] 高柳大輔,202301020703
15,8,15,ベンハー,牡3,53.0,鷲頭虎太,2:05.5,5,51.1,15.0,508(-2),[東] 高木登,202301020703
16,2,4,リアルデグニティ,牡3,56.0,落合玄太,2:06.3,5,178.8,16.0,532(+6),[東] 萩原清,202301020703
1,7,11,オブシディアン,牡3,56.0,富田暁,1:46.8,,26.9,8.0,538(+24),[東] 浅野洋一,202301020704
2,8,13,クレシューズ,牡3,56.0,西村淳也,1:47.3,2.1/2,3.9,1.0,438(-4),[西] 岡田稲男,202301020704
3,1,1,リオンエトワール,牡3,56.0,鮫島克駿,1:47.7,2.1/2,27.7,9.0,444(+6),[西] 橋口慎介,202301020704
4,6,10,シルバービスケッツ,牝3,54.0,丹内祐次,1:47.9,3/4,9.6,6.0,448(+8),[東] 新開幸一,202301020704
5,4,5,クリノヒーロー,牡3,53.0,小林勝太,1:47.9,ハナ,133.2,14.0,464(-2),[西] 谷潔,202301020704
6,3,4,ジラルデ,牡3,56.0,池添謙一,1:48.0,1/2,11.3,7.0,466(+6),[西] 飯田祐史,202301020704
7,8,14,ブリリオ,牡3,56.0,落合玄太,1:48.1,3/4,5.6,3.0,448(0),[西] 野中賢二,202301020704
8,5,8,フェーレンベルク,牡3,55.0,横山琉人,1:48.2,クビ,34.8,10.0,476(+14),[東] 高橋裕,202301020704
9,4,6,コンフィズリー,牝3,53.0,佐々木大,1:48.6,2.1/2,6.2,4.0,444(+6),[東] 木村哲也,202301020704
10,7,12,リリーバローズ,牝3,54.0,川又賢治,1:48.6,クビ,47.5,12.0,442(+4),[西] 寺島良,202301020704
11,5,7,サンマルリアン,牝3,54.0,横山武史,1:49.1,2.1/2,5.3,2.0,440(+6),[東] 和田勇介,202301020704
12,3,3,グッドハビッツ,牝3,54.0,松山弘平,1:50.9,大,8.3,5.0,414(-2),[西] 吉田直弘,202301020704
13,2,2,ダイシンカタナ,牡3,56.0,松岡正海,1:51.2,1.3/4,129.0,13.0,466(+4),[東] 戸田博文,202301020704
14,6,9,メイショウライジン,牡3,55.0,小沢大仁,1:52.9,10,45.4,11.0,496(-2),[西] 荒川義之,202301020704
1,6,8,スプリングノヴァ,牝2,55.0,亀田温心,1:32.0,,31.3,6.0,394(0),[西] 鮫島一歩,202301020705
2,3,3,アスロス,牡2,55.0,松山弘平,1:32.4,2.1/2,5.7,3.0,436(0),[西] 矢作芳人,202301020705
3,8,13,ベルフィーヌ,牝2,55.0,松岡正海,1:32.9,2.1/2,8.7,4.0,514(0),[東] 堀内岳志,202301020705
4,4,5,ノッツェドーロ,牝2,55.0,ルメール,1:32.9,クビ,2.2,1.0,448(0),[西] 庄野靖志,202301020705
5,1,1,クリノモルガナイト,牡2,54.0,佐々木大,1:33.5,3.1/2,40.8,7.0,456(0),[東] 本間忍,202301020705
6,7,10,ドナミント,牝2,55.0,武豊,1:33.5,ハナ,4.0,2.0,454(0),[西] 小栗実,202301020705
7,4,4,アレグリメ,牝2,55.0,勝浦正樹,1:34.3,5,59.2,9.0,474(0),[東] 的場均,202301020705
8,7,11,スリーロマンス,牝2,55.0,丹内祐次,1:34.4,3/4,12.1,5.0,472(0),[東] 伊藤圭三,202301020705
9,6,9,タニセンラッキー,牡2,52.0,小林勝太,1:34.4,ハナ,119.5,11.0,474(0),[東] 加藤士津,202301020705
10,8,12,ウエスタンダンテ,牡2,55.0,荻野琢真,1:34.7,2,153.6,13.0,414(0),[東] 大竹正博,202301020705
11,5,7,ネクタール,牝2,52.0,佐藤翔馬,1:34.8,1/2,86.0,10.0,410(0),[東] 小桧山悟,202301020705
12,5,6,タイセイビクトリア,牝2,54.0,横山琉人,1:34.8,ハナ,54.1,8.0,444(0),[西] 高橋義忠,202301020705
13,2,2,エクセプション,牡2,55.0,落合玄太,1:35.7,5,140.9,12.0,406(0),[東] 小桧山悟,202301020705
1,7,9,ダラムキャッスル,牝3,53.0,横山琉人,0:59.4,,1.7,1.0,518(+2),[東] 斎藤誠,202301020706
2,8,11,バスドラムガール,牝3,50.0,古川奈穂,0:59.4,クビ,3.8,2.0,450(+4),[西] 羽月友彦,202301020706
3,2,2,クルールデュヴァン,牝4,56.0,横山武史,0:59.5,3/4,9.4,4.0,494(+4),[東] 竹内正洋,202301020706
4,8,12,ワンダーヘイルネス,セ7,58.0,富田暁,0:59.8,1.1/2,19.7,5.0,492(+8),[西] 河内洋,202301020706
5,6,8,メリヴェイユ,牝4,54.0,小林凌大,0:59.8,アタマ,31.1,7.0,448(0),[東] 伊藤圭三,202301020706
6,5,5,サリーチャン,牝4,53.0,土田真翔,0:59.8,クビ,94.8,11.0,464(+4),[東] 石栗龍彦,202301020706
7,3,3,テイエムルンバ,牝3,54.0,荻野琢真,0:59.9,クビ,7.7,3.0,472(+2),[西] 畑端省吾,202301020706
8,5,6,コスモジョセフ,牡3,56.0,丹内祐次,1:00.1,1.1/4,55.8,10.0,482(+10),[東] 伊藤大士,202301020706
9,4,4,シエラメンテ,牝4,56.0,松岡正海,1:00.1,ハナ,52.9,9.0,482(-4),[東] 浅野洋一,202301020706
10,7,10,グランデ,牡4,55.0,鷲頭虎太,1:00.7,3.1/2,52.6,8.0,472(0),[西] 吉田直弘,202301020706
11,6,7,モウショウ,牡4,57.0,佐々木大,1:00.7,ハナ,106.2,12.0,500(+6),[東] 土田稔,202301020706
12,1,1,ノースディーバ,牡3,56.0,鮫島克駿,1:00.7,クビ,24.6,6.0,508(-8),[西] 鮫島一歩,202301020706
1,1,2,シェイクユアハート,牡3,55.0,古川吉洋,2:01.7,,17.7,7.0,436(-4),[西] 宮徹,202301020707
2,2,4,ツインクルトーズ,牝3,52.0,佐々木大,2:02.2,3.1/2,14.0,5.0,506(-2),[東] 牧光二,202301020707
3,3,5,ベッラアルバ,牝4,55.0,角田大和,2:02.3,1/2,10.5,4.0,454(0),[西] 中竹和也,202301020707
4,7,14,シャドウエリス,牝5,56.0,北村友一,2:02.6,1.1/2,57.1,10.0,464(+4),[東] 金成貴史,202301020707
5,4,8,アドマイヤハイジ,牝5,52.0,古川奈穂,2:02.6,クビ,26.6,9.0,426(+10),[西] 友道康夫,202301020707
6,4,7,ヴァイルマティ,牝3,53.0,丹内祐次,2:02.6,ハナ,6.9,3.0,506(+6),[東] 鹿戸雄一,202301020707
7,8,16,タシット,牡4,58.0,横山武史,2:02.8,1.1/4,2.0,1.0,476(+4),[東] 中川公成,202301020707
8,2,3,クラシックステップ,牡4,58.0,斎藤新,2:03.0,1.1/4,14.8,6.0,470(-4),[西] 安田隆行,202301020707
9,1,1,チーフインザスカイ,牡3,53.0,小林凌大,2:03.5,2.1/2,395.5,15.0,434(+10),[東] 大和田成,202301020707
10,8,15,ジーニアスバローズ,牡3,55.0,松山弘平,2:05.3,大,20.8,8.0,462(-2),[西] 辻野泰之,202301020707
11,5,10,タイキラフター,牡3,55.0,西村淳也,2:06.0,4,4.9,2.0,522(-6),[東] 大竹正博,202301020707
12,7,13,キャニオニング,牝5,56.0,松田大作,2:06.1,1/2,58.7,11.0,444(-4),[東] 村田一誠,202301020707
13,6,11,パクパクデスワ,牝3,53.0,荻野琢真,2:06.3,1.1/4,275.3,13.0,418(-2),[西] 高橋康之,202301020707
14,6,12,リリーブースター,牡3,54.0,小沢大仁,2:06.3,クビ,305.3,14.0,544(+8),[西] 緒方努,202301020707
15,5,9,ノエマ,牡3,55.0,富田暁,2:08.1,大,243.2,12.0,496(+8),[西] 平田修,202301020707
除,3,6,フォトンブルー,牡3,55.0,武豊,,,---,,506(-2),[西] 武幸四郎,202301020707
1,4,5,トゥーテイルズ,牝3,53.0,西村淳也,1:46.7,,12.8,6.0,468(-2),[西] 藤原英昭,202301020708
2,3,4,シンボリックレルム,牝4,56.0,藤岡佑介,1:46.8,クビ,4.0,2.0,502(+4),[東] 水野貴広,202301020708
3,8,14,ヘニータイフーン,牝3,53.0,鮫島克駿,1:46.9,1/2,2.2,1.0,484(-4),[西] 中村直也,202301020708
4,2,2,サイモンポーリア,牝5,53.0,小林勝太,1:47.3,2.1/2,60.8,10.0,484(-4),[東] 根本康広,202301020708
5,8,13,ランスノーブル,牝3,52.0,佐々木大,1:47.5,3/4,9.7,4.0,468(+24),[東] 上原博之,202301020708
6,5,7,クインズステラ,牝4,56.0,菅原明良,1:47.6,3/4,17.6,7.0,470(+6),[東] 池上昌和,202301020708
7,6,9,ミッキーマカロン,牝3,53.0,武豊,1:47.9,1.3/4,7.2,3.0,426(-4),[西] 大久保龍,202301020708
8,4,6,チェイスザウェイ,牝3,51.0,小林凌大,1:47.9,クビ,12.5,5.0,472(-6),[東] 伊藤圭三,202301020708
9,1,1,ツインビスケッツ,牝3,50.0,鷲頭虎太,1:47.9,ハナ,141.0,13.0,454(0),[東] 新開幸一,202301020708
10,5,8,エイトスターズ,牝3,53.0,吉田隼人,1:48.4,3,25.1,8.0,470(0),[西] 坂口智康,202301020708
11,3,3,クロンヌドラレーヌ,牝4,56.0,丹内祐次,1:48.9,2.1/2,44.0,9.0,450(0),[東] 奥平雅士,202301020708
12,7,12,ユキノエリザベス,牝4,53.0,佐藤翔馬,1:49.5,3.1/2,65.7,11.0,474(-2),[東] 竹内正洋,202301020708
13,7,11,チャーチャンテン,牝5,56.0,山田敬士,1:49.8,1.3/4,356.1,14.0,426(0),[東] 浅野洋一,202301020708
14,6,10,ハイライフ,牝5,56.0,黛弘人,1:49.9,3/4,120.7,12.0,438(+2),[西] 藤沢則雄,202301020708
1,4,8,クールムーア,牡3,56.0,丹内祐次,1:10.1,,7.5,3.0,474(0),[東] 矢野英一,202301020709
2,4,7,ラウラーナ,牝3,54.0,鷲頭虎太,1:10.2,1/2,16.4,8.0,420(-2),[東] 宗像義忠,202301020709
3,7,14,スマートルシーダ,牡5,58.0,ルメール,1:10.2,アタマ,8.6,5.0,460(0),[西] 音無秀孝,202301020709
4,5,9,アスクエピソード,牡3,56.0,松山弘平,1:10.3,3/4,5.2,2.0,468(-4),[西] 藤原英昭,202301020709
5,8,15,ハピネスアゲン,牝4,56.0,江田照男,1:10.4,クビ,4.5,1.0,464(+6),[東] 萱野浩二,202301020709
6,6,12,ガリレイ,セ6,58.0,古川吉洋,1:10.4,クビ,23.7,11.0,506(-2),[西] 高橋亮,202301020709
7,1,2,デルマカミーラ,牝4,56.0,小沢大仁,1:10.4,アタマ,55.3,14.0,484(0),[西] 牧田和弥,202301020709
8,8,16,ショウナンアメリア,牝4,56.0,池添謙一,1:10.5,クビ,18.9,9.0,462(+6),[東] 奥村武,202301020709
9,6,11,ブランデーロック,牡4,58.0,武豊,1:10.5,クビ,7.8,4.0,462(0),[東] 小桧山悟,202301020709
10,2,3,シゲルファンノユメ,牡4,58.0,菅原明良,1:10.6,1/2,9.8,6.0,490(+6),[東] 伊藤圭三,202301020709
11,7,13,シルフィードレーヴ,牝3,54.0,松田大作,1:10.8,1.1/4,13.3,7.0,446(+2),[西] 西園正都,202301020709
12,3,6,ダノンカオス,セ6,58.0,佐々木大,1:10.9,クビ,174.6,16.0,494(0),[西] 佐々木晶,202301020709
13,5,10,センタースリール,牝4,56.0,斎藤新,1:10.9,アタマ,45.6,13.0,480(+6),[東] 本間忍,202301020709
14,2,4,ジャガード,牡5,58.0,亀田温心,1:10.9,クビ,74.8,15.0,424(+10),[東] 和田雄二,202301020709
15,1,1,ウメムスビ,牡3,56.0,鮫島克駿,1:11.0,クビ,31.7,12.0,454(+4),[西] 新谷功一,202301020709
16,3,5,ナバロン,牡4,58.0,西村淳也,1:11.4,2.1/2,23.2,10.0,488(-8),[西] 杉山佳明,202301020709
1,3,3,セッタレダスト,牡4,58.0,丹内祐次,1:29.8,,7.2,3.0,500(-4),[東] 嘉藤貴行,202301020710
2,8,14,ソウテン,牡4,58.0,浜中俊,1:29.9,3/4,15.4,8.0,510(+4),[東] 加藤征弘,202301020710
3,6,9,ダークエクリプス,牡4,58.0,菅原明良,1:29.9,クビ,11.6,6.0,478(-6),[西] 今野貞一,202301020710
4,6,10,アバンチュリエ,セ4,58.0,池添謙一,1:30.1,3/4,9.3,5.0,468(-2),[東] 大竹正博,202301020710
5,2,2,フィールシンパシー,牝4,56.0,横山琉人,1:30.1,アタマ,3.9,1.0,444(-10),[東] 小島茂之,202301020710
6,8,13,スリートップキズナ,牡5,58.0,松田大作,1:30.2,1/2,118.0,14.0,466(+6),[東] 伊藤圭三,202301020710
7,7,12,ジャスティンエース,牡4,58.0,鮫島克駿,1:30.2,アタマ,8.9,4.0,478(+4),[西] 杉山晴紀,202301020710
8,5,7,ショウナンアレス,牡5,58.0,松山弘平,1:30.4,1,3.9,2.0,530(-6),[西] 新谷功一,202301020710
9,5,8,シャークスポット,牡5,58.0,西村淳也,1:30.4,クビ,13.6,7.0,468(+4),[西] 高柳大輔,202301020710
10,3,4,リトルクレバー,牡6,58.0,藤岡佑介,1:30.8,2,66.5,13.0,480(+8),[西] 佐々木晶,202301020710
11,1,1,モンファボリ,牝5,56.0,武豊,1:30.9,3/4,16.1,9.0,466(+10),[西] 須貝尚介,202301020710
12,7,11,ターキッシュパレス,牡6,58.0,古川吉洋,1:31.1,1,52.6,12.0,490(+4),[西] 昆貢,202301020710
13,4,6,モチベーション,牝4,56.0,亀田温心,1:31.3,1.1/2,31.2,10.0,446(+6),[東] 清水英克,202301020710
14,4,5,インフィナイト,牝5,56.0,北村友一,1:31.4,3/4,37.4,11.0,502(0),[西] 安田隆行,202301020710
1,4,4,セットアップ,牡2,55.0,横山武史,1:50.5,,6.8,3.0,474(+2),[東] 鹿戸雄一,202301020711
2,7,8,パワーホール,牡2,55.0,横山典弘,1:51.2,4,6.9,4.0,474(+6),[西] 昆貢,202301020711
3,7,7,ギャンブルルーム,牡2,55.0,松山弘平,1:51.8,3.1/2,3.9,2.0,496(+4),[西] 大久保龍,202301020711
4,3,3,マーゴットソラーレ,牡2,55.0,佐々木大,1:52.0,1.1/4,20.0,6.0,438(-2),[東] 伊坂重信,202301020711
5,5,5,トレミニョン,牝2,55.0,西村淳也,1:52.0,クビ,45.5,9.0,442(+4),[東] 和田勇介,202301020711
6,8,9,ガイアメンテ,牡2,55.0,武豊,1:52.2,1.1/4,2.3,1.0,480(-2),[西] 須貝尚介,202301020711
7,8,10,ロジルーラー,牡2,55.0,菅原明良,1:52.5,2,33.5,7.0,502(-4),[東] 稲垣幸雄,202301020711
8,2,2,カイコウ,セ2,55.0,落合玄太,1:53.8,8,99.9,10.0,458(0),[地] 田中正二,202301020711
9,6,6,ウールデュボヌール,牡2,55.0,ルメール,1:53.8,アタマ,12.8,5.0,478(-4),[西] 須貝尚介,202301020711
10,1,1,グランルーチェ,牡2,55.0,浜中俊,1:57.7,大,45.3,8.0,456(-2),[西] 庄野靖志,202301020711
1,8,14,オウギノカナメ,牡3,55.0,横山武史,1:46.6,,3.4,2.0,466(+2),[東] 高木登,202301020712
2,7,11,サムハンター,牡5,58.0,横山典弘,1:47.0,2.1/2,15.0,6.0,490(+4),[西] 高橋康之,202301020712
3,1,1,ウッドショック,牡4,55.0,小林勝太,1:47.0,クビ,33.9,9.0,504(+4),[東] 杉浦宏昭,202301020712
4,6,10,ブレイクザアイス,牡4,58.0,松岡正海,1:47.3,2,54.7,11.0,464(+6),[東] 高橋裕,202301020712
5,6,9,サンライズフォルス,牡3,53.0,小林凌大,1:47.4,1/2,12.6,5.0,516(+26),[西] 羽月友彦,202301020712
6,4,5,フェニックスループ,牡4,58.0,富田暁,1:47.6,1.1/4,26.0,7.0,460(-4),[西] 平田修,202301020712
7,8,13,ショウナンカブト,牡3,55.0,ルメール,1:47.9,1.1/2,6.3,3.0,540(+18),[東] 戸田博文,202301020712
8,7,12,クラウドセイル,牡3,55.0,西村淳也,1:47.9,ハナ,83.0,12.0,488(+4),[西] 清水久詞,202301020712
9,5,7,アフタヌーンドレス,牝3,53.0,菅原明良,1:48.1,1.1/2,40.6,10.0,506(+4),[東] 栗田徹,202301020712
10,4,6,キトゥンズワルツ,牝5,56.0,鮫島克駿,1:48.2,クビ,113.9,13.0,486(+12),[西] 茶木太樹,202301020712
11,2,2,ダークモード,牡3,55.0,北村友一,1:48.5,2,7.0,4.0,490(+4),[西] 藤岡健一,202301020712
12,5,8,メリタテス,牝3,50.0,古川奈穂,1:48.6,1/2,2.8,1.0,438(+2),[西] 矢作芳人,202301020712
13,3,3,ウェザーコック,牡3,55.0,池添謙一,1:49.1,3,30.2,8.0,432(-2),[西] 岡田稲男,202301020712
除,3,4,サザンレイク,牝3,50.0,佐藤翔馬,,,---,,478(-4),[東] 根本康広,202301020712
1,5,5,ラーンザロープス,牝2,55.0,横山典弘,1:30.8,,2.5,1.0,442(-4),[西] 武幸四郎,202301020801
2,8,11,オーサムストローク,牡2,55.0,横山武史,1:30.9,3/4,9.4,4.0,440(+6),[東] 伊藤圭三,202301020801
3,4,4,オコタンペ,牡2,55.0,武豊,1:31.5,3.1/2,3.1,2.0,476(-2),[西] 須貝尚介,202301020801
4,7,9,サクセスカノン,牝2,55.0,亀田温心,1:31.5,ハナ,4.4,3.0,426(+4),[西] 北出成人,202301020801
5,6,6,セイウンマカロン,牝2,55.0,落合玄太,1:31.6,3/4,30.1,6.0,438(+6),[東] 小桧山悟,202301020801
6,8,10,アンクルクロス,牡2,55.0,北村友一,1:31.9,2,55.1,8.0,454(+2),[西] 高橋亮,202301020801
7,7,8,ペルフェツィオーネ,牡2,55.0,川又賢治,1:31.9,クビ,59.1,9.0,450(-10),[西] 杉山佳明,202301020801
8,3,3,ユイノオトシアナ,牡2,55.0,桑村真明,1:32.4,2.1/2,70.0,10.0,430(+8),[東] 深山雅史,202301020801
9,1,1,メイオウ,牡2,55.0,丹内祐次,1:32.6,1.1/4,20.1,5.0,402(-10),[東] 和田勇介,202301020801
10,6,7,フルラーナ,牝2,55.0,鮫島克駿,1:33.2,3.1/2,42.0,7.0,420(-2),[西] 平田修,202301020801
11,2,2,ジクジタルオモイ,牝2,55.0,山田敬士,1:33.3,1/2,298.5,11.0,426(-2),[東] 小桧山悟,202301020801
1,3,3,センチュリボンド,牡2,55.0,武豊,2:04.4,,7.2,5.0,464(0),[西] 庄野靖志,202301020802
2,2,2,ミラキュラスドラマ,牡2,54.0,佐々木大,2:04.7,2,3.6,2.0,454(0),[西] 杉山晴紀,202301020802
3,1,1,マルカオペラ,牝2,55.0,北村友一,2:05.1,2.1/2,34.5,7.0,474(-8),[西] 浜田多実,202301020802
4,4,4,タガノデュード,牡2,55.0,古川吉洋,2:05.3,1.1/4,7.0,4.0,478(-4),[西] 宮徹,202301020802
5,7,7,レッドレフィナード,牡2,55.0,横山典弘,2:05.3,ハナ,5.2,3.0,488(+4),[東] 栗田徹,202301020802
6,6,6,ホワイトビーチ,牡2,55.0,柴田善臣,2:05.5,1.1/4,92.7,8.0,482(-2),[東] 中野栄治,202301020802
7,8,8,サクソンジェンヌ,牝2,55.0,横山武史,2:05.9,2.1/2,2.7,1.0,454(+4),[西] 高橋義忠,202301020802
8,8,9,シュレディンガー,牡2,55.0,桑村真明,2:06.6,4,209.3,9.0,506(+10),[西] 小栗実,202301020802
9,5,5,クィーンズハット,牝2,55.0,藤岡佑介,2:07.9,8,26.3,6.0,474(-2),[東] 石毛善彦,202301020802
1,4,6,レオキー,牝3,54.0,斎藤新,1:47.4,,12.3,6.0,480(+2),[西] 牧田和弥,202301020803
2,3,4,ララテロワール,牡3,56.0,横山武史,1:47.5,3/4,7.0,3.0,478(-4),[東] 大竹正博,202301020803
3,5,8,マンティコア,牡3,56.0,鮫島克駿,1:47.8,1.3/4,4.9,2.0,518(+2),[西] 鮫島一歩,202301020803
4,4,5,ピュアマークス,牡3,56.0,古川吉洋,1:47.8,クビ,3.0,1.0,490(+4),[西] 畑端省吾,202301020803
5,8,14,ミッキーホーリー,牡3,56.0,丹内祐次,1:47.8,アタマ,7.7,5.0,504(-2),[東] 菊沢隆徳,202301020803
6,1,1,レーヴスレアリーズ,牝3,54.0,川又賢治,1:49.2,8,14.9,7.0,444(-12),[西] 寺島良,202301020803
7,2,2,ディーン,牝3,54.0,桑村真明,1:49.4,1,35.0,10.0,462(0),[東] 石栗龍彦,202301020803
8,3,3,グッドルックス,牡3,55.0,佐々木大,1:49.9,3,7.6,4.0,518(+6),[東] 竹内正洋,202301020803
9,7,11,リンクスソレイユ,牡3,56.0,黛弘人,1:50.4,3,138.2,14.0,482(-6),[東] 松山将樹,202301020803
10,5,7,テーオースミス,牡3,52.0,古川奈穂,1:50.4,ハナ,131.0,13.0,456(-8),[西] 梅田智之,202301020803
11,6,10,ハットグットゲット,牡3,53.0,小林勝太,1:50.6,1,19.9,8.0,514(+2),[東] 杉浦宏昭,202301020803
12,8,13,シャルトターク,牝3,53.0,横山琉人,1:51.3,4,83.1,12.0,474(+6),[東] 粕谷昌央,202301020803
13,7,12,エクチュール,牡3,56.0,吉田隼人,1:52.2,5,55.2,11.0,510(+6),[東] 畠山吉宏,202301020803
中,6,9,トレジャートレイル,牡3,53.0,鷲頭虎太,,,23.9,9.0,472(+2),[東] 伊坂重信,202301020803
1,1,2,グランツベリー,牝3,50.0,古川奈穂,1:10.1,,5.6,2.0,446(0),[西] 田中克典,202301020804
2,6,11,トラミナー,牝3,54.0,北村友一,1:10.2,3/4,3.7,1.0,450(+4),[西] 藤原英昭,202301020804
3,2,4,マイネルラッシュ,牡3,56.0,丹内祐次,1:10.8,3.1/2,5.6,3.0,450(-2),[東] 水野貴広,202301020804
4,8,15,メイプルリーフラグ,牝3,53.0,佐々木大,1:10.8,ハナ,12.2,7.0,460(+10),[西] 田中克典,202301020804
5,4,8,リッスンアップ,牝3,54.0,藤岡佑介,1:10.8,クビ,19.1,8.0,448(+6),[西] 藤岡健一,202301020804
6,5,10,ヴァルトラウテ,牝3,54.0,鮫島克駿,1:10.9,1/2,87.0,13.0,444(+10),[西] 中村直也,202301020804
7,3,6,アフターグロウ,牝3,54.0,横山武史,1:11.2,1.1/2,6.9,4.0,438(-2),[東] 宗像義忠,202301020804
8,8,16,エルフサイエン,牝3,53.0,横山琉人,1:11.2,クビ,39.0,12.0,440(+6),[東] 小島茂之,202301020804
9,2,3,コウソクカナ,牝3,54.0,桑村真明,1:11.5,1.3/4,35.1,11.0,424(0),[東] 中舘英二,202301020804
10,5,9,フューチャーアゲン,牝3,54.0,勝浦正樹,1:11.8,1.3/4,126.0,14.0,452(+4),[東] 加藤和宏,202301020804
11,7,13,レディエンフェイス,牝3,54.0,浜中俊,1:11.8,クビ,10.1,5.0,538(-4),[東] 加藤征弘,202301020804
12,6,12,パーペチュアル,牡3,53.0,小林勝太,1:11.9,クビ,261.1,16.0,484(-2),[西] 宮本博,202301020804
13,3,5,ジョックロック,牡3,56.0,落合玄太,1:11.9,アタマ,10.3,6.0,500(-12),[東] 奥村武,202301020804
14,4,7,ルージュミシェル,牝3,54.0,富田暁,1:12.0,クビ,22.8,9.0,438(+6),[西] 平田修,202301020804
15,1,1,ベストバディ,牝3,52.0,小林凌大,1:12.3,2,34.6,10.0,386(-4),[東] 牧光二,202301020804
16,7,14,カグヤ,牝3,54.0,松田大作,1:14.4,大,158.6,15.0,444(+2),[西] 池江泰寿,202301020804
1,5,7,オセアバトルプラン,牡3,56.0,横山武史,1:47.0,,3.1,1.0,478(+4),[東] 菊川正達,202301020805
2,7,11,オランジー,牝3,54.0,桑村真明,1:47.4,2.1/2,12.6,5.0,440(+2),[東] 青木孝文,202301020805
3,6,10,モンテルナ,牝3,54.0,富田暁,1:48.2,5,96.4,14.0,480(0),[西] 藤岡健一,202301020805
4,4,6,メイショウカジキ,牡3,56.0,古川吉洋,1:48.3,クビ,40.8,10.0,462(-2),[西] 梅田智之,202301020805
5,5,8,モダナイズクィーン,牝3,53.0,佐々木大,1:48.4,1/2,6.7,4.0,486(+16),[東] 武井亮,202301020805
6,2,2,フェールデレーヴ,牝3,51.0,鷲頭虎太,1:48.4,ハナ,31.6,9.0,430(-2),[西] 上村洋行,202301020805
7,4,5,アルセリア,牝3,54.0,亀田温心,1:48.6,1.1/4,24.7,7.0,438(+8),[東] 和田雄二,202301020805
8,3,3,サヴァリア,牝3,54.0,浜中俊,1:48.6,クビ,6.7,3.0,460(0),[東] 小島茂之,202301020805
9,6,9,ブラックフラミンゴ,牝3,54.0,吉田隼人,1:48.6,クビ,27.4,8.0,438(0),[西] 辻野泰之,202301020805
10,8,13,ゼラスエフォーツ,牝3,54.0,藤岡佑介,1:48.7,クビ,15.6,6.0,456(+6),[東] 古賀慎明,202301020805
11,3,4,デイアンドナイト,牝3,54.0,落合玄太,1:49.7,6,43.5,11.0,474(+6),[東] 大竹正博,202301020805
12,7,12,サンアマランス,牝3,53.0,松本大輝,1:50.5,5,75.4,13.0,452(-2),[東] 堀内岳志,202301020805
13,1,1,ケイツーユーロ,牡3,54.0,小林凌大,1:50.9,2,58.9,12.0,460(+4),[東] 鈴木慎太,202301020805
14,8,14,ショウナンアキドン,牡3,56.0,鮫島克駿,1:50.9,アタマ,3.3,2.0,462(0),[西] 高野友和,202301020805
1,6,12,トーセントラム,牡3,56.0,古川吉洋,1:09.6,,42.0,13.0,430(-6),[東] 小桧山悟,202301020806
2,4,8,サウザンサニー,牡3,56.0,横山武史,1:09.7,クビ,2.7,1.0,522(+8),[東] 岩戸孝樹,202301020806
3,7,14,ドリームアゲイン,牝5,56.0,藤岡佑介,1:10.3,3.1/2,26.0,9.0,486(0),[西] 田中克典,202301020806
4,5,9,ビップシュプリーム,牝4,55.0,角田大和,1:10.6,1.3/4,12.6,5.0,504(+8),[西] 松下武士,202301020806
5,8,16,マキアージュ,牝4,56.0,丹内祐次,1:10.6,クビ,6.1,3.0,466(-2),[東] 菊川正達,202301020806
6,2,4,フミサウンド,牡3,56.0,武豊,1:10.7,3/4,5.0,2.0,442(+6),[東] 鹿戸雄一,202301020806
7,1,1,マテンロウアネモス,牝3,51.0,鷲頭虎太,1:10.7,アタマ,9.0,4.0,434(+4),[東] 久保田貴,202301020806
8,8,15,ミツカネムーン,牝4,53.0,小林勝太,1:10.8,1/2,28.1,11.0,456(+2),[東] 清水英克,202301020806
9,6,11,トータルリコール,牡4,58.0,柴田善臣,1:11.2,2.1/2,68.5,14.0,464(-2),[東] 鹿戸雄一,202301020806
10,5,10,ザアトム,牡4,57.0,松本大輝,1:11.2,クビ,28.0,10.0,502(+8),[東] 田島俊明,202301020806
11,7,13,コンチトーホク,牡3,55.0,横山琉人,1:11.5,1.1/2,161.5,16.0,474(+2),[東] 勢司和浩,202301020806
12,2,3,ステークホルダー,牡3,56.0,斎藤新,1:11.5,アタマ,18.9,7.0,450(-6),[東] 斎藤誠,202301020806
13,4,7,オックスリップ,牝3,54.0,鮫島克駿,1:12.1,3.1/2,18.2,6.0,460(+4),[西] 杉山晴紀,202301020806
14,3,6,イミュータブル,牡3,52.0,古川奈穂,1:12.3,3/4,73.1,15.0,470(0),[西] 浜田多実,202301020806
15,1,2,シタン,牝4,56.0,浜中俊,1:12.4,1/2,24.2,8.0,430(-6),[西] 吉岡辰弥,202301020806
16,3,5,ウィズダムハート,牝3,53.0,佐々木大,1:14.5,大,40.4,12.0,424(+8),[東] 上原佑紀,202301020806
1,1,1,ゲンパチムサシ,牡5,57.0,佐々木大,1:50.2,,21.8,8.0,508(-4),[西] 佐々木晶,202301020807
2,8,13,ユイ,牝4,52.0,古川奈穂,1:50.2,ハナ,8.9,5.0,460(+2),[西] 高橋康之,202301020807
3,4,6,ピンクジン,牝3,53.0,黛弘人,1:50.2,アタマ,5.0,2.0,440(+8),[東] 南田美知,202301020807
4,7,11,ダノンフロイデ,牡4,58.0,横山武史,1:50.6,2.1/2,2.7,1.0,488(-4),[西] 藤原英昭,202301020807
5,6,10,マイネルフォルツァ,牡3,53.0,小林凌大,1:50.8,1.1/4,18.2,7.0,500(+6),[東] 金成貴史,202301020807
6,7,12,ヒルノアントラ,セ6,58.0,古川吉洋,1:50.8,アタマ,45.6,11.0,476(+8),[西] 昆貢,202301020807
7,3,3,スイーツバイキング,牝3,53.0,浜中俊,1:50.9,クビ,8.0,4.0,444(+4),[東] 大竹正博,202301020807
8,6,9,コスモエクスプレス,牡4,58.0,丹内祐次,1:50.9,クビ,12.7,6.0,484(+14),[東] 松永康利,202301020807
9,4,5,フォーサイドナイン,牡3,55.0,北村友一,1:51.1,3/4,26.5,9.0,464(+4),[西] 奥村豊,202301020807
10,8,14,サノラキ,牡4,55.0,鷲頭虎太,1:51.1,ハナ,163.1,14.0,496(+4),[東] 蛯名利弘,202301020807
11,3,4,マテンロウジョイ,牡3,55.0,横山典弘,1:51.6,3,6.1,3.0,464(+10),[西] 四位洋文,202301020807
12,2,2,チャイボーグ,牝3,53.0,吉田隼人,1:51.7,3/4,33.5,10.0,464(0),[東] 的場均,202301020807
13,5,7,メイショウピスカリ,牡5,57.0,角田大和,1:52.1,2.1/2,124.2,12.0,454(+4),[西] 飯田祐史,202301020807
14,5,8,テーオーヴァイナー,牡3,55.0,富田暁,1:55.7,大,158.6,13.0,492(-6),[西] 藤岡健一,202301020807
1,4,5,トウキチロウ,牡3,55.0,武豊,1:46.0,,2.6,1.0,482(-2),[東] 蛯名正義,202301020808
2,5,8,ミユキザストロング,牡4,58.0,勝浦正樹,1:46.3,1.3/4,21.0,7.0,532(-2),[東] 小西一男,202301020808
3,7,12,クリノグローリー,牡3,52.0,小林勝太,1:46.7,2.1/2,9.1,5.0,466(-6),[西] 谷潔,202301020808
4,2,2,ライツフォル,牡3,55.0,富田暁,1:46.7,ハナ,3.8,2.0,484(+4),[西] 高橋義忠,202301020808
5,6,9,ナチュラルリバー,牡3,54.0,小沢大仁,1:46.8,3/4,8.2,4.0,462(-4),[西] 武英智,202301020808
6,4,6,トーホウデュラン,牡4,58.0,吉田隼人,1:47.1,1.3/4,15.5,6.0,492(-4),[西] 石坂公一,202301020808
7,3,3,フクノブルジュ,牡3,55.0,川又賢治,1:47.4,1.1/2,21.3,8.0,466(-6),[東] 竹内正洋,202301020808
8,3,4,ビービーグラーテス,牡3,55.0,丹内祐次,1:47.5,1,6.1,3.0,492(0),[西] 加用正,202301020808
9,5,7,ブレットフライ,牡4,58.0,古川吉洋,1:48.0,2.1/2,86.9,11.0,512(-10),[東] 萱野浩二,202301020808
10,6,10,サイモンカーチス,牡4,55.0,鷲頭虎太,1:48.2,1.1/4,140.2,13.0,484(+2),[西] 梅田智之,202301020808
11,7,11,シードザブレイク,牡4,58.0,藤岡佑介,1:49.1,5,127.1,12.0,506(+8),[西] 庄野靖志,202301020808
12,8,13,ビービーキング,牡5,57.0,松本大輝,1:50.1,6,78.9,10.0,560(+4),[東] 戸田博文,202301020808
13,1,1,ブリヨンカズマ,牡4,57.0,佐々木大,1:50.3,1.1/2,51.8,9.0,514(-2),[東] 高橋文雅,202301020808
14,8,14,データアナリシス,牝4,55.0,横山琉人,1:52.4,大,216.3,14.0,518(+6),[東] 上原博之,202301020808
1,4,6,ドナベティ,牝2,55.0,武豊,1:10.4,,6.1,2.0,424(+2),[西] 矢作芳人,202301020809
2,7,11,レガテアドール,牡2,55.0,斎藤新,1:10.6,1.1/4,10.0,3.0,428(0),[西] 吉田直弘,202301020809
3,3,3,スカイキャンバス,牝2,55.0,横山武史,1:10.6,クビ,1.8,1.0,418(-4),[東] 武井亮,202301020809
4,8,14,ビコーズウイキャン,牡2,55.0,阿部龍,1:10.7,クビ,197.8,14.0,414(+2),[地] 佐久間雅,202301020809
5,1,1,ピコサン,牡2,55.0,鮫島克駿,1:10.8,3/4,12.0,4.0,458(-2),[東] 上原佑紀,202301020809
6,4,5,レイニングキャット,牡2,55.0,丹内祐次,1:11.2,2.1/2,14.8,6.0,480(+2),[東] 岩戸孝樹,202301020809
7,8,13,イイデスカイハイ,牝2,55.0,服部茂史,1:11.2,クビ,147.4,13.0,450(-6),[地] 村上正和,202301020809
8,7,12,アスクアイルビゼア,牡2,55.0,古川奈穂,1:11.3,クビ,31.0,8.0,452(0),[西] 矢作芳人,202301020809
9,6,9,ピンクヴェノム,牝2,55.0,佐々木大,1:11.3,アタマ,15.4,7.0,460(+12),[東] 牧光二,202301020809
10,6,10,デュアルロンド,牡2,55.0,松井伸也,1:11.5,1.1/4,54.1,9.0,438(-6),[地] 佐久間雅,202301020809
11,5,8,オソレ,牡2,55.0,桑村真明,1:12.0,2.1/2,79.2,10.0,456(0),[地] 斉藤正弘,202301020809
12,2,2,セントキルダ,牡2,55.0,北村友一,1:12.2,1.1/2,14.0,5.0,482(+12),[西] 音無秀孝,202301020809
13,5,7,マイドオオキニ,牝2,55.0,落合玄太,1:13.5,8,104.0,12.0,434(+6),[地] 田中淳司,202301020809
14,3,4,ムーヴィングオン,牝2,55.0,石川倭,1:14.0,2.1/2,87.3,11.0,400(-6),[地] 斉藤正弘,202301020809
1,3,3,フェアエールング,牝3,53.0,丹内祐次,2:02.5,,3.0,1.0,444(+4),[東] 和田正一,202301020810
2,8,11,クレバーテースト,セ4,58.0,浜中俊,2:02.6,1/2,6.4,4.0,448(-2),[西] 武幸四郎,202301020810
3,7,9,ディープレイヤー,牡4,58.0,柴田善臣,2:02.8,1.1/4,21.4,8.0,486(0),[東] 大和田成,202301020810
4,4,4,ダイム,牝4,56.0,横山典弘,2:03.0,1.1/2,4.7,3.0,456(+6),[西] 昆貢,202301020810
5,6,7,ワレハウミノコ,牝3,53.0,富田暁,2:03.2,1.1/4,12.6,6.0,460(+12),[西] 武英智,202301020810
6,5,5,エレフセリア,牝5,56.0,吉田隼人,2:03.2,アタマ,20.4,7.0,456(0),[東] 武藤善則,202301020810
7,5,6,オオキニ,牡4,58.0,藤岡佑介,2:03.3,1/2,45.5,9.0,450(0),[西] 鈴木孝志,202301020810
8,2,2,カンティプール,牝4,56.0,斎藤新,2:03.4,1/2,11.7,5.0,498(+12),[西] 渡辺薫彦,202301020810
9,6,8,ナックイルシーブ,牡5,58.0,小林勝太,2:03.4,クビ,69.7,10.0,510(-2),[東] 杉浦宏昭,202301020810
10,8,12,コルベイユ,牝4,56.0,勝浦正樹,2:03.6,1.1/2,71.2,11.0,454(+12),[東] 新開幸一,202301020810
11,7,10,ルージュアルル,牝4,56.0,佐々木大,2:04.5,5,4.1,2.0,480(-4),[東] 国枝栄,202301020810
12,1,1,アスピシャスデイ,牡3,55.0,落合玄太,2:04.9,2.1/2,148.1,12.0,456(+4),[東] 池上昌和,202301020810
1,2,2,ジャンカズマ,牡5,51.0,小沢大仁,2:41.8,,43.1,12.0,482(+2),[西] 小栗実,202301020811
2,8,14,ダンディズム,セ7,56.0,富田暁,2:41.9,3/4,6.2,2.0,472(+2),[西] 野中賢二,202301020811
3,7,12,サンセットクラウド,牡4,53.0,北村友一,2:42.3,2.1/2,7.2,4.0,452(0),[西] 矢作芳人,202301020811
4,6,10,ウインエアフォルク,牡6,52.0,小林勝太,2:42.4,1/2,46.5,13.0,476(-2),[東] 根本康広,202301020811
5,1,1,イヤサカ,牝5,51.0,小林凌大,2:42.5,クビ,9.0,6.0,488(+6),[東] 天間昭一,202301020811
6,3,3,サトノエルドール,牡7,56.0,佐々木大,2:43.4,5,27.4,10.0,466(-8),[東] 国枝栄,202301020811
7,6,9,ジェットモーション,セ7,55.0,藤岡佑介,2:43.6,1.1/4,11.7,8.0,548(-2),[西] 藤岡健一,202301020811
8,8,13,ビジン,牝4,53.0,古川吉洋,2:43.8,1,5.2,1.0,466(-2),[西] 武英智,202301020811
9,4,5,サンアップルトン,牡7,55.0,柴田善臣,2:43.9,3/4,16.5,9.0,466(-8),[東] 中野栄治,202301020811
10,7,11,メロディーレーン,牝7,53.0,鮫島克駿,2:44.2,1.1/2,7.4,5.0,360(+6),[西] 森田直行,202301020811
11,5,8,キングオブドラゴン,牡6,56.0,吉田隼人,2:44.2,アタマ,9.5,7.0,512(-8),[西] 矢作芳人,202301020811
12,4,6,レッドジェニアル,セ7,56.0,横山琉人,2:44.4,3/4,39.4,11.0,474(-6),[西] 高橋義忠,202301020811
13,5,7,ボスジラ,牡7,57.5,横山武史,2:44.4,クビ,6.5,3.0,504(-4),[東] 国枝栄,202301020811
14,3,4,シークレットラン,牡7,53.0,落合玄太,2:48.2,大,161.9,14.0,510(+2),[西] 村山明,202301020811
1,1,1,スマートムーラン,牝4,56.0,武豊,1:46.5,,8.4,5.0,468(+2),[西] 大久保龍,202301020812
2,5,8,スズカマジェスタ,牡4,58.0,荻野琢真,1:46.6,クビ,25.7,9.0,450(+10),[西] 須貝尚介,202301020812
3,2,2,カラレーション,牝5,56.0,鮫島克駿,1:46.7,1/2,60.0,13.0,440(+4),[西] 松下武士,202301020812
4,3,3,テンウォークライ,牡5,58.0,勝浦正樹,1:46.7,クビ,101.7,14.0,486(+2),[東] 金成貴史,202301020812
5,4,6,シュガーコルト,セ4,57.0,佐々木大,1:46.8,クビ,53.2,12.0,494(-6),[西] 寺島良,202301020812
6,8,14,ミラキュラスライト,牡4,58.0,横山武史,1:46.8,アタマ,8.2,4.0,488(+8),[東] 萩原清,202301020812
7,6,10,ダブルジョーク,牡3,55.0,横山典弘,1:46.9,1/2,6.2,3.0,574(-2),[西] 昆貢,202301020812
8,7,11,サンライズグルーヴ,牡3,55.0,富田暁,1:47.0,クビ,3.7,1.0,510(-6),[西] 河内洋,202301020812
9,6,9,スカンジナビア,牝4,56.0,北村友一,1:47.0,クビ,21.6,8.0,476(+2),[西] 四位洋文,202301020812
10,5,7,オクトニオン,牡4,54.0,古川奈穂,1:47.2,1.1/4,28.4,10.0,536(-4),[東] 斎藤誠,202301020812
11,4,5,メイクザビート,牡3,53.0,小林凌大,1:47.2,ハナ,10.3,6.0,498(+4),[西] 西園正都,202301020812
12,7,12,スマートセプター,牡4,58.0,浜中俊,1:47.8,3.1/2,4.6,2.0,506(+12),[西] 須貝尚介,202301020812
13,8,13,ロイヤルダンス,牡5,58.0,丹内祐次,1:48.1,2,45.1,11.0,506(0),[東] 清水英克,202301020812
14,3,4,ウィンターダフネ,牝3,53.0,吉田隼人,1:48.2,クビ,11.7,7.0,480(+4),[東] 国枝栄,202301020812
